Time,Frame,EyeTrackingEnabled,EyeCalibrationValid,EyeTrackingEnabledAndValid,EyeTrackingDataValid,GazeInputSource,EyeGazeOrigin.x,EyeGazeOrigin.y,EyeGazeOrigin.z,EyeGazeDirection.x,EyeGazeDirection.y,EyeGazeDirection.z,EyeHitInfo.distance,EyeHitPosition.x,EyeHitPosition.y,EyeHitPosition.z,EyeHitNormal.x,EyeHitNormal.y,EyeHitNormal.z,LocalEyeHitPosition.x,LocalEyeHitPosition.y,LocalEyeHitPosition.z,HeadGazeOrigin.x,HeadGazeOrigin.y,HeadGazeOrigin.z,HeadRotation.x,HeadRotation.y,HeadRotation.z,HeadRotation.w,HeadEulerAngles.x,HeadEulerAngles.y,HeadEulerAngles.z,HeadMovementDirection.x,HeadMovementDirection.y,HeadMovementDirection.z,HeadVelocity.x,HeadVelocity.y,HeadVelocity.z,transform.position.x,transform.position.y,transform.position.z,localTransform.position.x,localTransform.position.y,localTransform.position.z,localXAxis.x,localXAxis.y,localXAxis.z,localYAxis.x,localYAxis.y,localYAxis.z,localZAxis.x,localZAxis.y,localZAxis.z,Movement,GazeAngleX,GazeAngleY,TargetAngleX,TargetAngleY,globalTargetVector.x,globalTargetVector.y,globalTargetVector.z,localEyeGazeX,localEyeGazeY,localEyeGazeZ,CalibratedGazeAngleX,CalibratedGazeAngleY,cosineError,euclideanError,recalibratedEuclideanError
05/05/2023 11:39:50.492573,182,True,True,True,True,Eyes,0.1733298,0.03227426,-3.148261,0.5615681,0.2190135,-0.7979187,0.0,0.0,0.0,0.0,0.0,0.0,0.0,-0.9563435,0.1300598,-3.031109,0.2047397,0.02584436,-3.174358,0.02381275,0.9823574,0.02179625,0.1842054,358.0487,158.7056,3.144082,0.04123733,0.01305446,-0.9990631,0.1283673,-0.02090909,-0.4145627,1.45493,0.4592449,-4.727739,-0.5796002,0.4008,1.915001,-0.9310026,0.05481523,-0.360873,0.03875529,0.9979157,0.05159629,0.3629491,0.03405054,-0.9311864,moving,-13.145477608643056,11.787898974354706,-16.83912877359735,11.821082381105734,1.2501903,0.43340054,-1.553381,-0.22286871834413635,0.1991511077168727,0.9542894040113484,-12.807849167552016,11.210568396469146,3.6241800052624042,3.6938002202138396,4.077246937279352
05/05/2023 11:39:50.512135,183,True,True,True,True,Eyes,0.1753573,0.03251236,-3.150189,0.5642431,0.21856,-0.796154,0.0,0.0,0.0,0.0,0.0,0.0,0.0,-0.9745375,0.1002761,-3.03503,0.2129049,0.02754655,-3.181996,0.02468925,0.9817469,0.01716019,0.1878009,358.6007,158.3027,3.149356,0.04261061,0.01277274,-0.9990093,0.1206653,-0.01965455,-0.389689,1.471982,0.4401983,-4.731806,-0.5758922,0.3982359,1.915,-0.9282428,0.05492258,-0.3678986,0.04203178,0.998192,0.04296726,0.3695934,0.0244206,-0.9288728,moving,-12.927871535351489,12.288345052249428,-16.737451154209413,11.747571671036159,1.2590770999999998,0.41265175,-1.54981,-0.21884671460685043,0.20767242930763039,0.9534034921400621,-12.609211286403673,11.696051506070594,3.8008084191497673,3.8477698374833333,4.1285613394424505
05/05/2023 11:39:50.532069,184,True,True,True,True,Eyes,0.1776848,0.03295788,-3.152384,0.5673857,0.2195899,-0.7936333,0.0,0.0,0.0,0.0,0.0,0.0,0.0,-0.9977009,0.09012244,-3.036068,0.2212892,0.03665765,-3.189188,0.02462762,0.980885,0.0169046,0.1922822,358.6424,157.7807,3.143105,0.04390692,0.01252611,-0.9989563,0.1134254,-0.01847528,-0.3663076,1.490768,0.4454935,-4.729349,-0.5719708,0.3955238,1.915001,-0.9248424,0.05481463,-0.3763808,0.04181282,0.9982154,0.04263385,0.3780461,0.02369204,-0.9254838,moving,-12.640555200013434,12.359498493972552,-16.629786675154527,11.669762932864638,1.2694788000000001,0.40883585,-1.540161,-0.2139971209104433,0.2090863854361952,0.9541950467711819,-12.33104769733316,11.763377360522476,4.003918352613347,4.048419803641074,4.299758186282851
05/05/2023 11:39:50.542239,185,True,True,True,True,Eyes,0.1802407,0.0334056,-3.154785,0.5706758,0.2208526,-0.7909193,0.0,0.0,0.0,0.0,0.0,0.0,0.0,-1.024662,0.1972767,-3.032131,0.2301376,0.04182094,-3.198117,0.02069843,0.979406,0.03494697,0.1977733,356.5448,157.0732,3.122245,0.0451437,0.01231738,-0.9989038,0.1066199,-0.01736676,-0.3443291,1.508407,0.5178696,-4.709284,-0.5680553,0.3928164,1.915002,-0.9209148,0.05436748,-0.3859539,0.02672118,0.9967006,0.07664173,0.3888474,0.06026735,-0.9193291,moving,-12.212212433154756,10.292533041460379,-16.52216356844099,11.592045546665423,1.2782694000000001,0.47604866,-1.5111670000000004,-0.20827802785056235,0.1747556168652451,0.9623309286485696,-11.857779655649946,9.749411989570227,4.36725337273286,4.501600997394083,5.015154604958575
05/05/2023 11:39:50.562434,186,True,True,True,True,Eyes,0.1830375,0.03401515,-3.157404,0.5743611,0.2218409,-0.7879695,0.0,0.0,0.0,0.0,0.0,0.0,0.0,-1.051828,0.2130565,-3.030212,0.2381113,0.04227326,-3.205532,0.01818476,0.9783106,0.03768509,0.2028735,356.1952,156.472,2.922415,0.04633284,0.01214289,-0.9988514,0.1002227,-0.01632475,-0.3236694,1.526083,0.5293563,-4.702681,-0.5640851,0.3900709,1.915001,-0.9170234,0.05087128,-0.3955759,0.02029007,0.9964983,0.08111385,0.3983171,0.06635702,-0.9148444,moving,-11.927939492978776,9.928451441430122,-16.41293080930662,11.51320215936956,1.2879717000000002,0.48708304,-1.4971490000000003,-0.20371541169769042,0.16880267003833402,0.9643680213803444,-11.570851834338546,9.3932811840545,4.609686986113413,4.75674068512734,5.285810604004709
05/05/2023 11:39:50.581979,187,True,True,True,True,Eyes,0.1860613,0.03469132,-3.160237,0.5780771,0.2233037,-0.7848327,0.0,0.0,0.0,0.0,0.0,0.0,0.0,-1.07804,0.1774687,-3.032425,0.2465082,0.04683954,-3.213456,0.0165603,0.9775107,0.03290061,0.2076446,356.7069,155.9388,2.643142,0.04748654,0.01200416,-0.9987989,0.0942093,-0.01534527,-0.3042492,1.544994,0.5175065,-4.704708,-0.5603852,0.3875125,1.915001,-0.9132192,0.04603902,-0.40486,0.01871247,0.9972866,0.07119872,0.4070393,0.05744409,-0.9116027,moving,-11.719073629735185,10.445171852132324,-16.311016663837634,11.439686476421649,1.2984858,0.47066695999999997,-1.4912520000000002,-0.19988301020453889,0.17763597302815207,0.9635830458685455,-11.381172721334684,9.894656923475692,4.576646211536333,4.698404002038069,5.166282765868456
05/05/2023 11:39:50.592217,188,True,True,True,True,Eyes,0.1892908,0.03533329,-3.163213,0.5820771,0.2240681,-0.7816519,0.0,0.0,0.0,0.0,0.0,0.0,0.0,-1.099266,0.2080777,-3.032087,0.2549402,0.04901838,-3.221465,0.01278263,0.976478,0.03841912,0.2117813,356.008,155.4435,2.369117,0.04861514,0.0118996,-0.9987459,0.08855674,-0.01442455,-0.2859943,1.558617,0.5429565,-4.698448,-0.5565101,0.3848328,1.915,-0.9099706,0.04123682,-0.4126174,0.008691006,0.9967211,0.08044509,0.4145818,0.06961661,-0.9073453,moving,-11.57660025342097,9.721082085030034,-16.204170773300756,11.362650063344665,1.3036767999999999,0.4939381199999999,-1.4769830000000002,-0.1979100386177564,0.16551219374891998,0.9661455826584148,-11.2227704160213,9.189184177072578,4.762890929161665,4.910107365820879,5.434915222732771
05/05/2023 11:39:50.612538,189,True,True,True,True,Eyes,0.1927155,0.03600044,-3.166354,0.586248,0.2244418,-0.7784209,0.0,0.0,0.0,0.0,0.0,0.0,0.0,-1.122616,0.1693676,-3.033613,0.2627298,0.04898981,-3.228055,0.01330984,0.9757424,0.0321984,0.2161314,356.7277,154.9553,2.289992,0.04972691,0.01182465,-0.998692,0.08324333,-0.01355908,-0.2688346,1.57743,0.5174375,-4.701379,-0.552569,0.3821077,1.915,-0.90622,0.03989211,-0.42092,0.01205577,0.9975722,0.06858803,0.4226343,0.05708133,-0.9045008,moving,-11.408745475009171,10.43019390258946,-16.095377977073213,11.284259847903046,1.3147002,0.46844768999999997,-1.4733240000000003,-0.19466329304657096,0.17757421608803733,0.964662395229043,-11.078255255514378,9.878025688785414,4.6495628502593895,4.763817046061639,5.210471659403897
05/05/2023 11:39:50.632165,190,True,True,True,True,Eyes,0.1963339,0.03662862,-3.169618,0.5907049,0.2244528,-0.7750411,0.0,0.0,0.0,0.0,0.0,0.0,0.0,-1.148757,0.1429186,-3.033492,0.2707657,0.05033411,-3.235165,0.01505848,0.9747671,0.02794143,0.2209561,357.2592,154.3993,2.392934,0.05082884,0.01177706,-0.9986371,0.07824873,-0.01274553,-0.2527045,1.598716,0.4977632,-4.701044,-0.548812,0.3795099,1.915,-0.9019034,0.04170468,-0.42992,0.01700937,0.9979851,0.0611273,0.431603,0.04781825,-0.9007955,moving,-11.162674360436329,10.961104868326107,-15.9915560815214,11.209491670179752,1.3279503,0.44742909000000003,-1.4658789999999997,-0.1901923099362381,0.18667187985637748,0.963836365527398,-10.852690240325156,10.392961890036442,4.74381537209126,4.835265729984714,5.203331914809439
05/05/2023 11:39:50.642339,191,True,True,True,True,Eyes,0.2001057,0.03716172,-3.173016,0.5954108,0.2240024,-0.7715626,0.0,0.0,0.0,0.0,0.0,0.0,0.0,-1.178395,0.1416034,-3.029911,0.2782874,0.05015799,-3.241769,0.01664171,0.9735178,0.02737764,0.2263553,357.3766,153.7623,2.570185,0.05192766,0.01175276,-0.9985809,0.07355381,-0.0119808,-0.2375422,1.620117,0.489292,-4.695189,-0.5446837,0.3766548,1.915001,-0.8969728,0.04479615,-0.4398106,0.02000785,0.997947,0.06083913,0.4416331,0.04577137,-0.8960277,moving,-10.839781622633886,11.058672344739078,-15.87734126271823,11.12726776538224,1.3418296,0.43913401,-1.45342,-0.18469139679832275,0.18851423929132774,0.9645472571182072,-10.540558044081727,10.48575226117263,4.9508217558226315,5.038026643353518,5.375202067351655
05/05/2023 11:39:50.661922,192,True,True,True,True,Eyes,0.2040498,0.03766601,-3.176533,0.6004951,0.2230546,-0.7678882,0.0,0.0,0.0,0.0,0.0,0.0,0.0,-1.212839,0.1143605,-3.02527,0.2856502,0.04850321,-3.248439,0.01959671,0.972164,0.02234092,0.2324092,358.0327,153.0622,2.780824,0.05302829,0.01174633,-0.9985231,0.06914058,-0.01126195,-0.2232897,1.64525,0.4615031,-4.69097,-0.5410686,0.3741551,1.915002,-0.8912041,0.0484869,-0.4510041,0.02771796,0.9982337,0.05254698,0.4527553,0.03432917,-0.8909739,moving,-10.466420043820548,11.664744020096103,-15.777217406894513,11.055240238378794,1.3595998,0.41299989,-1.4425310000000002,-0.1780276140004239,0.19895490844582617,0.9637028175029054,-10.192933698071892,11.072974528999676,5.277267419637911,5.34565837774554,5.584311868590933
05/05/2023 11:39:50.682086,193,True,True,True,True,Eyes,0.2081257,0.0382266,-3.180175,0.6057957,0.2220108,-0.7640175,0.0,0.0,0.0,0.0,0.0,0.0,0.0,-1.249853,0.09152779,-3.019025,0.2929287,0.04850031,-3.255282,0.0220144,0.9706416,0.01830496,0.2388209,358.5663,152.3176,2.951782,0.05413529,0.01175499,-0.9984636,0.06499214,-0.01058624,-0.2098923,1.670396,0.4396757,-4.68479,-0.5372716,0.3715293,1.915002,-0.8849601,0.0514794,-0.4628129,0.03399297,0.9983606,0.04605011,0.4644248,0.02502012,-0.8852592,moving,-10.070995397191263,12.131423097656116,-15.671957377973799,10.979547044485619,1.3774673,0.39117539,-1.4295079999999998,-0.17107874427416628,0.207056543183825,0.9632546999333662,-9.820044774602735,11.524423684019167,5.660886596814935,5.718180965310478,5.87722482722947
05/05/2023 11:39:50.692541,194,True,True,True,True,Eyes,0.3143799,0.0532293,-3.274212,0.7326503,0.2022796,-0.6498511,0.0,0.0,0.0,0.0,0.0,0.0,0.0,-1.288166,0.0847192,-3.011075,0.3000848,0.0504418,-3.261981,0.02332632,0.9689738,0.01720361,0.2454581,358.7458,151.5363,3.076174,0.05525161,0.01177892,-0.9984022,0.06109262,-0.009951063,-0.1972988,1.694635,0.4319533,-4.675283,-0.533369,0.3688304,1.915001,-0.8784125,0.05365072,-0.4748825,0.03675966,0.9983199,0.04479096,0.4764876,0.02188842,-0.8789088,moving,-19.31619106571934,12.190530720306596,-15.563664463239435,10.901711719015806,1.3945501999999999,0.3815115,-1.4133020000000003,-0.3241138503526602,0.19976425294573563,0.9246861121981151,-18.834029722503008,11.643243522843363,3.81982017126353,3.967683243456762,3.3533801372772882
05/05/2023 11:39:50.712121,195,True,True,True,True,Eyes,0.3146744,0.0532067,-3.274496,0.7329463,0.2027224,-0.6493792,0.0,0.0,0.0,0.0,0.0,0.0,0.0,-1.325783,0.114783,-3.00248,0.3073386,0.05201569,-3.269342,0.02225926,0.9671998,0.02210807,0.2520723,358.1924,150.7359,3.108729,0.06000387,0.01228032,-0.9981219,0.3761896,0.03565411,-0.4675727,1.71633,0.4491308,-4.661696,-0.5294611,0.366128,1.915001,-0.8719284,0.05420396,-0.4866244,0.03191263,0.9980315,0.05398773,0.4885928,0.03154396,-0.8719417,moving,-18.536940316622758,11.576614567939744,-15.45510230210216,10.823729016661384,1.4089914,0.39711511,-1.392354,-0.3120844969959812,0.19065508989279445,0.9307276180337759,-18.057854311174594,11.040745211398557,3.077596410099613,3.172469416884579,2.611783691179037
05/05/2023 11:39:50.732363,196,True,True,True,True,Eyes,0.3152467,0.05313987,-3.275046,0.7334929,0.2034402,-0.648537,0.0,0.0,0.0,0.0,0.0,0.0,0.0,-1.361131,0.1514329,-2.993638,0.3146444,0.0513588,-3.276558,0.02028925,0.9654379,0.02783811,0.2583472,357.5201,149.9713,3.073101,0.063996,0.01270596,-0.9978685,0.3536182,0.03351486,-0.4395184,1.736155,0.4687047,-4.647987,-0.5256661,0.3635038,1.915002,-0.8656905,0.05355982,-0.4977066,0.02479224,0.9976268,0.06423527,0.4999659,0.04326859,-0.8649639,moving,-17.83481531506479,10.849540111429269,-15.3495599036168,10.747958573639483,1.4215106,0.4173459,-1.3714289999999996,-0.3013002228830466,0.17948336504023232,0.9364848568235958,-17.353812556880346,10.328657107434928,2.4449888550262564,2.487330550801654,2.047643137286195
05/05/2023 11:39:50.742212,197,True,True,True,True,Eyes,0.3160921,0.0530757,-3.275816,0.7343983,0.204137,-0.6472922,0.0,0.0,0.0,0.0,0.0,0.0,0.0,-1.39868,0.1667522,-2.983811,0.3220651,0.05016134,-3.283444,0.01837499,0.9636236,0.03019507,0.2649155,357.2225,149.1849,2.950427,0.06736705,0.01306664,-0.997642,0.3324011,0.03150396,-0.4131473,1.757011,0.475979,-4.635893,-0.5216723,0.3607424,1.915002,-0.8589643,0.05141144,-0.5094481,0.01941487,0.9975013,0.067929,0.5116673,0.04845771,-0.8578161,moving,-17.161243334944196,10.472123862387065,-15.238381427416007,10.668191375913608,1.4349459000000002,0.42581766,-1.3524490000000005,-0.2905652403152675,0.1739152399890144,0.940917265445174,-16.68702924769264,9.956970281292753,1.914161155404761,1.932832218606526,1.6138202975009095
05/05/2023 11:39:50.762241,198,True,True,True,True,Eyes,0.3172089,0.05303967,-3.276802,0.7355021,0.2049325,-0.6457858,0.0,0.0,0.0,0.0,0.0,0.0,0.0,-1.442165,0.1612212,-2.970991,0.3293952,0.05015717,-3.28962,0.0168114,0.9615862,0.02947816,0.2723975,357.2755,148.3013,2.776811,0.07023661,0.01337303,-0.99744,0.3124571,0.02961373,-0.3883585,1.781128,0.4734673,-4.622691,-0.5179588,0.3581741,1.915001,-0.8510342,0.04839078,-0.5228764,0.01627166,0.9976969,0.06585035,0.5248586,0.04753283,-0.8498614,moving,-16.419107965547337,10.431441513729558,-15.13490783972142,10.593969990959595,1.4517328,0.42331012999999995,-1.3330709999999995,-0.2783543868599899,0.17390312921641682,0.9446038879376037,-15.962485115574172,9.912465563074484,1.2831271053513458,1.2944440772323906,1.072069229450633
05/05/2023 11:39:50.782162,199,True,True,True,True,Eyes,0.3185777,0.05299766,-3.278006,0.736934,0.2058486,-0.6438591,0.0,0.0,0.0,0.0,0.0,0.0,0.0,-1.488781,0.1626763,-2.955844,0.3366883,0.05078917,-3.296059,0.01461856,0.9593108,0.03006089,0.2803671,357.1639,147.3533,2.576813,0.07284942,0.01364706,-0.9972489,0.2937096,0.0278369,-0.365057,1.80535,0.477036,-4.607146,-0.5138987,0.3553658,1.915001,-0.8423616,0.04490367,-0.5370395,0.01119132,0.9977653,0.0658726,0.5387973,0.04947834,-0.8409815,moving,-15.648015164542876,10.230542730658783,-15.021652445640457,10.512765704327956,1.4686617,0.42624683,-1.3110870000000001,-0.2657436111192231,0.17122318459312835,0.9487164283060945,-15.205394379899802,9.7118807473,0.6868729503034844,0.6870080512610468,0.8216920425555037
05/05/2023 11:39:50.792312,200,True,True,True,True,Eyes,0.3201712,0.05295029,-3.279417,0.7371952,0.2076961,-0.6429662,2.030694,1.817189,0.4747173,-4.585084,-0.7732243,-0.4493819,0.4474148,-0.5045341,0.3464776,1.902663,0.3440387,0.05056854,-3.302644,0.01193969,0.9570175,0.03075114,0.2881481,357.0205,146.4264,2.32855,0.07523818,0.01389168,-0.9970681,0.276087,0.02616669,-0.3431535,1.828781,0.4814627,-4.591798,-0.5102265,0.3528265,1.915002,-0.8336564,0.04057476,-0.5507914,0.005131219,0.9978236,0.06573956,0.55226,0.05197797,-0.8320502,moving,-14.813108133959467,10.04295285608877,-14.919106363194603,10.439297640495049,1.4847423,0.43089416,-1.289154,-0.252000017042325,0.16875847298164087,0.9528990168996203,-14.386455042945434,9.523822109052553,0.39322624831096886,0.41027407025919205,1.059156682286952
05/05/2023 11:39:50.812055,201,True,True,True,True,Eyes,0.3219992,0.0529281,-3.281006,0.7378316,0.2093312,-0.6417049,2.027619,1.818041,0.4773719,-4.582139,-0.7157583,-0.2721432,0.6431392,-0.4756734,0.3540685,1.898318,0.351276,0.0502323,-3.308801,0.01026368,0.9547693,0.02828256,0.295822,357.2525,145.5203,2.084531,0.07743158,0.01410959,-0.9968971,0.2595218,0.02459669,-0.3225643,1.852655,0.4730547,-4.578883,-0.5062163,0.350054,1.915002,-0.8247682,0.03633209,-0.5643029,0.002865678,0.9981894,0.06007907,0.565464,0.04793419,-0.823379,moving,-14.031404231584187,10.233148506870247,-14.807018030112127,10.359048752338486,1.501379,0.4228224,-1.2700820000000004,-0.2388186360809527,0.17251356990737773,0.9556175632512495,-13.629561664108213,9.70369565196354,0.7689500995031797,0.7857656369910201,1.3475500658655313
05/05/2023 11:39:50.832457,202,True,True,True,True,Eyes,0.3240356,0.0529534,-3.282768,0.7387903,0.2106467,-0.6401693,0.0,0.0,0.0,0.0,0.0,0.0,0.0,-1.623124,0.1269604,-2.910048,0.358664,0.05083799,-3.314785,0.008829818,0.9524985,0.02541236,0.3033531,357.5325,144.6288,1.849172,0.07945582,0.01430415,-0.996735,0.2439505,0.02312089,-0.3032105,1.876523,0.4640024,-4.566078,-0.5024025,0.3474168,1.915002,-0.8157982,0.03223861,-0.577438,0.001402935,0.9985525,0.05376758,0.5783356,0.04305337,-0.8146625,moving,-13.290158896082449,10.466985999069859,-14.700311562022641,10.282677911599452,1.517859,0.41316441,-1.251293,-0.22625465506946202,0.17695792374093733,0.9578593824472177,-12.913284351108844,9.926300318320337,1.4089523916797966,1.4221462696801725,1.8222160249371528
05/05/2023 11:39:50.841862,203,True,True,True,True,Eyes,0.3262902,0.05300241,-3.284703,0.7400402,0.2119221,-0.638302,0.0,0.0,0.0,0.0,0.0,0.0,0.0,-1.666425,0.1082044,-2.893859,0.3658506,0.05208198,-3.320624,0.00771055,0.9501694,0.02289347,0.3107964,357.7814,143.7425,1.65635,0.0813335,0.01447905,-0.9965811,0.2293135,0.02173363,-0.2850178,1.899968,0.4562361,-4.552669,-0.4986538,0.3448247,1.915001,-0.8066921,0.02888307,-0.5902655,0.000422244,0.9988329,0.04829817,0.5909715,0.03871252,-0.8057628,moving,-12.573870082562857,10.68787817810163,-14.595332104857542,10.207582330660403,1.5341174,0.40415411999999995,-1.2320449999999998,-0.21409609063338264,0.1811584113969482,0.9598668716254803,-12.220986210277257,10.13647489673887,2.0650176734145558,2.077737425337717,2.375410426488265
05/05/2023 11:39:50.862353,204,True,True,True,True,Eyes,0.328724,0.05302483,-3.286816,0.7414774,0.2130617,-0.6362514,0.0,0.0,0.0,0.0,0.0,0.0,0.0,-1.704733,0.1008432,-2.879845,0.3732839,0.05269582,-3.326811,0.006149767,0.9479994,0.02213217,0.3174423,357.8189,142.9452,1.474381,0.0830849,0.01463684,-0.9964343,0.2155547,0.02042961,-0.2679168,1.920455,0.4545256,-4.540745,-0.4946068,0.3420262,1.915001,-0.7983854,0.02571133,-0.601598,-0.002391425,0.9989447,0.04586697,0.6021425,0.03805819,-0.7974815,moving,-11.958012657713226,10.70645997189097,-14.481878505541513,10.1264616644313,1.5471711,0.40182977999999997,-1.213934,-0.20373893078166433,0.18188075516967375,0.9619821753558966,-11.62113756996328,10.150470661778295,2.572690009701851,2.5896518790158027,2.8608416825204843
05/05/2023 11:39:50.882586,205,True,True,True,True,Eyes,0.3313668,0.05302151,-3.289068,0.7431641,0.2139237,-0.6339905,0.0,0.0,0.0,0.0,0.0,0.0,0.0,-1.738991,0.09125948,-2.867442,0.3806063,0.05207198,-3.332727,0.005082728,0.9460089,0.02075565,0.3234359,357.9379,142.2256,1.321231,0.08472798,0.01477839,-0.9962938,0.2026214,0.01920384,-0.2518418,1.939696,0.4487617,-4.530726,-0.4908151,0.3394035,1.915002,-0.7907271,0.02304285,-0.6117355,-0.003809632,0.9990867,0.04255792,0.6121574,0.03598217,-0.7899171,moving,-11.435101204981118,10.807552355866736,-14.37546937238803,10.050394540237473,1.5590897000000001,0.39668971999999997,-1.1979989999999994,-0.1948759835681037,0.1839158317445499,0.9634305895615026,-11.114118350470607,10.245364298361826,3.018093769736667,3.036289333655204,3.267173655431387
05/05/2023 11:39:50.902299,206,True,True,True,True,Eyes,0.3342255,0.05298508,-3.291435,0.7449788,0.214478,-0.631669,0.0,0.0,0.0,0.0,0.0,0.0,0.0,-1.770626,0.06801672,-2.856296,0.388207,0.0514993,-3.338384,0.004941785,0.944146,0.0171129,0.3290461,358.3346,141.5547,1.180497,0.08627839,0.0149044,-0.9961588,0.1904641,0.01805161,-0.2367312,1.959148,0.4335814,-4.52319,-0.486859,0.336668,1.915002,-0.7834088,0.0205934,-0.6211658,-0.001930332,0.9993654,0.0355663,0.6215041,0.029062,-0.782872,moving,-10.971325327916059,11.177620780733516,-14.264346061825648,9.971023089089943,1.570941,0.3820821,-1.1848059999999996,-0.18683474307791004,0.19043772296537098,0.9637562985242772,-10.67199538383241,10.602359541847703,3.494015340494741,3.507116129163397,3.647405805536207
05/05/2023 11:39:50.912432,207,True,True,True,True,Eyes,0.3372767,0.05289814,-3.293907,0.7470489,0.2148574,-0.6290901,0.0,0.0,0.0,0.0,0.0,0.0,0.0,-1.803151,0.05319233,-2.843615,0.3958578,0.05071588,-3.343807,0.004737748,0.9421474,0.01474434,0.334841,358.5898,140.8561,1.077627,0.08775195,0.01501541,-0.9960285,0.1790363,0.01696851,-0.2225274,1.978805,0.4226676,-4.513484,-0.4830967,0.3340669,1.915002,-0.7757183,0.01880134,-0.6307995,-0.0009467038,0.9995203,0.03095547,0.631079,0.0246099,-0.7753285,moving,-10.492720495332136,11.405645477350632,-14.158564645298094,9.895515419353881,1.5829472,0.37195172,-1.169677,-0.17863010872163748,0.19457332428273144,0.964485676917829,-10.211588332851832,10.821050136996204,3.9522612276488625,3.964707571045424,4.054039531698371
05/05/2023 11:39:50.932059,208,True,True,True,True,Eyes,0.3405193,0.05277779,-3.296484,0.7492685,0.2149373,-0.6264172,0.0,0.0,0.0,0.0,0.0,0.0,0.0,-1.837334,0.0383083,-2.828982,0.4034691,0.04944811,-3.348905,0.004606382,0.9399936,0.01228341,0.34094,358.8568,140.1184,0.9763182,0.08916199,0.01511136,-0.9959018,0.1682941,0.0159504,-0.2091757,1.99874,0.4105221,-4.502563,-0.478862,0.3311383,1.915001,-0.7674776,0.01703575,-0.6408497,0.0002841252,0.9996558,0.02623366,0.641076,0.01995166,-0.7672182,moving,-9.985644182910308,11.629090357121973,-14.039390247025263,9.810464175868796,1.5952709,0.36107399,-1.1536580000000005,-0.16994584981369076,0.19864299685946868,0.9652249501588589,-9.723303303313795,11.035095835276245,4.430520362985152,4.443001051031499,4.486460654781188
05/05/2023 11:39:50.952074,209,True,True,True,True,Eyes,0.3439566,0.05264683,-3.299169,0.7516986,0.2149981,-0.6234782,0.0,0.0,0.0,0.0,0.0,0.0,0.0,-1.871545,0.02005723,-2.813917,0.4112158,0.04856742,-3.354066,0.004823971,0.9377877,0.009291654,0.3470514,359.1933,139.3773,0.888041,0.09052027,0.0151927,-0.995778,0.1581964,0.01499338,-0.1966252,2.019445,0.3966829,-4.491346,-0.4751765,0.3285904,1.915001,-0.7590642,0.01549708,-0.6508314,0.002598358,0.9997808,0.02077553,0.6510107,0.01407887,-0.758938,moving,-9.493942862500166,11.926877905389828,-13.935564407989604,9.73642911234542,1.6082292000000002,0.34811548000000003,-1.13728,-0.1614764105879774,0.20395106316960993,0.9655720412151642,-9.252009882395646,11.321577737838933,4.940217483332834,4.952380020586636,4.94453022633249
05/05/2023 11:39:50.962416,210,True,True,True,True,Eyes,0.3475788,0.05248047,-3.301953,0.7542458,0.2150838,-0.6203647,0.0,0.0,0.0,0.0,0.0,0.0,0.0,-1.904356,0.0155834,-2.799491,0.4192727,0.04818564,-3.359441,0.004305559,0.9355906,0.008648836,0.3529548,359.2469,138.6563,0.8115072,0.09183671,0.01526049,-0.9956564,0.1487046,0.01409377,-0.1848277,2.038892,0.3927447,-4.479316,-0.4716159,0.3261277,1.915001,-0.750809,0.01416178,-0.660368,0.001951183,0.9998133,0.01922288,0.6605169,0.0131442,-0.7506964,moving,-9.02690791169523,11.949322959315149,-13.835168419431993,9.664838512085796,1.6196193,0.34455906000000003,-1.119875,-0.15357955266707252,0.20459013011710586,0.9667245360015526,-8.797340335260149,11.340319302951137,5.307577287275496,5.3233671956660835,5.309138130264582
05/05/2023 11:39:50.982087,211,True,True,True,True,Eyes,0.3513909,0.05228033,-3.304834,0.756987,0.2151368,-0.6169982,0.0,0.0,0.0,0.0,0.0,0.0,0.0,-1.936545,0.01681397,-2.784796,0.4273236,0.04714507,-3.364632,0.003919343,0.9333752,0.008745953,0.3587744,359.2257,137.9428,0.778864,0.09312045,0.01531498,-0.9955363,0.1397824,0.01324815,-0.173738,2.057636,0.3900333,-4.466945,-0.4677073,0.3234251,1.915001,-0.7425313,0.01359208,-0.6696736,0.001040787,0.9998163,0.01913883,0.6698107,0.01351419,-0.7424091,moving,-8.575527441131323,11.904802443476791,-13.724860262584738,9.5862389561245,1.6303124,0.34288823,-1.102313,-0.14597490881284125,0.20407651806970617,0.9680103514199152,-8.356126133297158,11.294008235075955,5.627119813305243,5.647244031470626,5.6338070663724045
05/05/2023 11:39:50.992154,212,True,True,True,True,Eyes,0.3554001,0.05205362,-3.307792,0.7598668,0.2151628,-0.6134391,0.0,0.0,0.0,0.0,0.0,0.0,0.0,-1.968348,0.01513081,-2.770144,0.4356392,0.04614153,-3.369927,0.003995662,0.9311406,0.008294526,0.3645442,359.2819,137.2342,0.7729176,0.09438039,0.01535645,-0.9954171,0.1313954,0.01245326,-0.1633137,2.076921,0.3846765,-4.454838,-0.4639784,0.320846,1.915001,-0.7341833,0.01348849,-0.6788175,0.001393606,0.9998304,0.01835993,0.6789501,0.01253355,-0.7340777,moving,-8.138725943202635,11.941839171037044,-13.619526791151587,9.511197161211005,1.6412818,0.33853497,-1.0849109999999995,-0.13856598047228752,0.20492257796667698,0.968920182342248,-7.931322021310393,11.327147760494393,5.972188818969251,5.995598261625701,5.971042629447709
05/05/2023 11:39:51.012244,213,True,True,True,True,Eyes,0.3595946,0.05178737,-3.310834,0.76293,0.2152002,-0.6096119,0.0,0.0,0.0,0.0,0.0,0.0,0.0,-2.000808,0.01314981,-2.75448,0.4440046,0.0452767,-3.375111,0.004225255,0.9288145,0.007780209,0.3704394,359.3513,136.5084,0.7800499,0.0956245,0.01538538,-0.9952978,0.1235117,0.01170606,-0.1535149,2.096437,0.3788546,-4.442085,-0.4601654,0.3182098,1.915001,-0.7255138,0.01361315,-0.6880732,0.002084765,0.9998432,0.01758314,0.6882047,0.01132234,-0.7254284,moving,-7.701040243503096,11.995371410528701,-13.511720558020558,9.434459929358072,1.6524324,0.3335779,-1.0669739999999996,-0.1311289783294733,0.20603809989390914,0.9697182436336989,-7.506100580069972,11.376331295731624,6.323381106587769,6.349982152093996,6.311761697268101
05/05/2023 11:39:51.022059,214,True,True,True,True,Eyes,0.3639688,0.05146496,-3.313959,0.7661587,0.2151901,-0.6055527,0.0,0.0,0.0,0.0,0.0,0.0,0.0,-2.034499,0.01257345,-2.737482,0.4525968,0.04405944,-3.38029,0.003785156,0.9263476,0.007596556,0.3765744,359.3569,135.7509,0.7296745,0.09685917,0.0154018,-0.9951782,0.116101,0.0110037,-0.144304,2.115962,0.3751587,-4.428358,-0.4561908,0.3154612,1.915002,-0.7163551,0.01273408,-0.6976201,0.001291403,0.9998559,0.01692489,0.6977351,0.01122332,-0.7162683,moving,-7.259484269521888,11.975421379775499,-13.399234754332317,9.354409660145565,1.6633652,0.33109926,-1.0480680000000002,-0.12365560747136173,0.20589960723193024,0.9707289259539017,-7.075125737422818,11.353992073596896,6.644915560993695,6.675794967654966,6.632698145245258
05/05/2023 11:39:51.041863,215,True,True,True,True,Eyes,0.3685179,0.05112022,-3.317162,0.7695844,0.2150934,-0.6012276,0.0,0.0,0.0,0.0,0.0,0.0,0.0,-2.069476,0.003775105,-2.718943,0.4613226,0.04239482,-3.385378,0.003489452,0.9237413,0.006067423,0.3829531,359.5109,134.9627,0.6356629,0.09808951,0.01540523,-0.9950576,0.1091349,0.01034348,-0.1356457,2.136302,0.3663178,-4.414386,-0.4520837,0.3126208,1.915001,-0.7066696,0.01109378,-0.7074568,0.001799625,0.999902,0.01388205,0.7075415,0.008536867,-0.7066203,moving,-6.817789193087102,12.09470916854385,-13.282902143577191,9.27165683948304,1.6749794000000002,0.32392298,-1.0290080000000001,-0.1161130754776531,0.20811101646834632,0.9711887071915077,-6.647768204457029,11.46712813486311,7.0211610071682236,7.054594950470958,6.988926712943989
05/05/2023 11:39:51.062212,216,True,True,True,True,Eyes,0.3732429,0.05076528,-3.320451,0.7731411,0.2150537,-0.5966613,0.0,0.0,0.0,0.0,0.0,0.0,0.0,-2.105606,-0.005827662,-2.69905,0.4700182,0.0415329,-3.390551,0.003366926,0.9210026,0.004495814,0.3895161,359.6758,134.1489,0.5560318,0.0993216,0.01539629,-0.9949356,0.1025868,0.009722869,-0.127507,2.157344,0.3581799,-4.39917,-0.4485595,0.3101838,1.915001,-0.696532,0.00970428,-0.7174603,0.002699512,0.9999369,0.01090426,0.7175209,0.00565837,-0.6965142,moving,-6.3635038804243615,12.231867252917796,-13.182985217255872,9.200621509959069,1.6873258000000002,0.316647,-1.008619,-0.10834960397654314,0.2106210865961321,0.9715446888896986,-6.208619133045863,11.597568220832635,7.426097047245118,7.462826304932918,7.374763441043141
05/05/2023 11:39:51.082396,217,True,True,True,True,Eyes,0.3781347,0.05037538,-3.323826,0.7768232,0.2150611,-0.5918568,0.0,0.0,0.0,0.0,0.0,0.0,0.0,-2.140264,-0.003491662,-2.68025,0.4788343,0.04091886,-3.396104,0.0028977,0.9183182,0.004864059,0.3958027,359.6196,133.3654,0.5255609,0.1005592,0.01537589,-0.9948116,0.09643163,0.009139497,-0.1198566,2.17677,0.3570187,-4.384329,-0.4446539,0.3074831,1.915001,-0.6866638,0.009172438,-0.7269173,0.001471607,0.9999359,0.01122734,0.7269738,0.006639674,-0.6866333,moving,-5.941370310964609,12.159105479742474,-13.072159554221201,9.121866340946172,1.6979357,0.31609984,-0.9882250000000004,-0.10121268228807367,0.20954551139631356,0.972546504849717,-5.795154170915564,11.523972803638568,7.708871544020987,7.750675894267546,7.663218828062253
05/05/2023 11:39:51.093147,218,True,True,True,True,Eyes,0.3831901,0.04996337,-3.32729,0.780569,0.2149849,-0.5869358,0.0,0.0,0.0,0.0,0.0,0.0,0.0,-2.172567,-0.0007381849,-2.662785,0.4876905,0.0396822,-3.401625,0.002482538,0.9157553,0.005191011,0.4016953,359.5695,132.6289,0.4994794,0.1018063,0.01534411,-0.9946853,0.09064573,0.008591127,-0.1126652,2.195266,0.3550119,-4.370736,-0.4407815,0.304805,1.915001,-0.6772696,0.008717204,-0.7356835,0.0003763844,0.9999338,0.01150184,0.7357351,0.007512944,-0.677228,moving,-5.573190312039163,12.090743324992848,-12.962177603019228,9.043735867208815,1.7075755000000001,0.3153297,-0.9691109999999998,-0.09498252188333545,0.20851361717745717,0.9733963716281793,-5.4344027549570555,11.4550159362979,7.946629300845903,7.992583289153541,7.904534504618455
05/05/2023 11:39:51.112154,219,True,True,True,True,Eyes,0.3884218,0.04953426,-3.330838,0.7844008,0.2150076,-0.5817965,0.0,0.0,0.0,0.0,0.0,0.0,0.0,-2.202735,-0.001800768,-2.646698,0.4967768,0.03872928,-3.407164,0.00191248,0.9133037,0.005032216,0.4072437,359.5626,131.934,0.435008,0.1030662,0.0153014,-0.9945562,0.08520699,0.008075659,-0.1059053,2.213098,0.3521034,-4.35867,-0.436852,0.3020887,1.915001,-0.6682978,0.007592027,-0.7438551,-0.0006053268,0.9999421,0.01074957,0.7438936,0.00763419,-0.6682544,moving,-5.268445969972968,12.070275042281635,-12.850474495789157,8.964456294033637,1.7163211999999999,0.31337412000000003,-0.9515060000000002,-0.08980874676179917,0.20826625527485526,0.9739402478743313,-5.136780513224681,11.433079722664113,8.145041882833757,8.193489284990807,8.099084916768975
05/05/2023 11:39:51.132317,220,True,True,True,True,Eyes,0.5233725,0.0379481,-3.421543,0.8714751,0.2122273,-0.4421433,0.0,0.0,0.0,0.0,0.0,0.0,0.0,-2.233291,0.00239097,-2.630097,0.5062022,0.03787028,-3.412818,0.0009903627,0.9107663,0.00578498,0.4128808,359.4431,131.2254,0.3770835,0.1043418,0.01524835,-0.9944241,0.08009457,0.00759112,-0.09955095,2.230969,0.3530773,-4.3457,-0.4330584,0.2994643,1.915,-0.6590572,0.006580991,-0.7520643,-0.002973036,0.9999311,0.01135533,0.7520872,0.009719725,-0.6589922,moving,-14.219138341532414,12.168322827527126,-12.742546672598664,8.88783064659548,1.7247667999999998,0.31520702,-0.9328819999999998,-0.24043497105838973,0.20460106917522966,0.9488568921100243,-13.864727633746423,11.587834742626214,3.4542490318434056,3.5974924469577725,2.9239206945718013
05/05/2023 11:39:51.142507,221,True,True,True,True,Eyes,0.5237539,0.03790116,-3.421767,0.8716931,0.2122031,-0.4417249,0.0,0.0,0.0,0.0,0.0,0.0,0.0,-2.264972,0.004530624,-2.611927,0.5156222,0.03656556,-3.418344,-5.720186e-05,0.9080911,0.006205219,0.4187266,359.3515,130.4889,0.2918097,0.10993,0.01475251,-0.9938294,0.480141,-0.02762285,-0.3656926,2.248766,0.3525039,-4.332307,-0.4287292,0.2964711,1.915001,-0.6493363,0.005092692,-0.7604846,-0.005300469,0.999923,0.01122191,0.7604831,0.01131771,-0.6492592,moving,-13.524820629577425,12.013446015888485,-12.619254849612538,8.800388094272508,1.7331437999999997,0.31593834,-0.9139630000000003,-0.22901608543441715,0.20260937888484745,0.9521034480125687,-13.183719149621984,11.432537710522535,3.224222944713974,3.3382316560572303,2.6919939725620337
05/05/2023 11:39:51.162074,222,True,True,True,True,Eyes,0.5245101,0.03780476,-3.422214,0.8720648,0.2120899,-0.4410452,0.0,0.0,0.0,0.0,0.0,0.0,0.0,-2.296554,-0.005891347,-2.593597,0.5251209,0.03539542,-3.424024,-0.001311735,0.9053912,0.004825225,0.4245487,359.4355,129.7546,0.09865783,0.1146099,0.01433194,-0.9933068,0.4513325,-0.02596548,-0.3437511,2.267253,0.3474921,-4.319542,-0.4251244,0.2939783,1.915,-0.6395132,0.001721819,-0.7687781,-0.006472353,0.99995,0.007623642,0.7687527,0.009851224,-0.63947,moving,-12.880044196077389,12.010432854185133,-12.516514234957738,8.727540822105976,1.7421321,0.31209668,-0.895518,-0.21826596332985676,0.20307261097221985,0.9545268427072677,-12.555097658193741,11.425330148958174,3.2134776465381987,3.3029583901285338,2.6980652202321296
05/05/2023 11:39:51.182140,223,True,True,True,True,Eyes,0.5256239,0.03764769,-3.422864,0.872616,0.2119769,-0.440008,0.0,0.0,0.0,0.0,0.0,0.0,0.0,-2.326633,-0.01566351,-2.576321,0.5349038,0.03409661,-3.429812,-0.003312547,0.9027526,0.003758777,0.4301311,359.4479,129.0483,359.8426,0.1185504,0.01397252,-0.9928493,0.4242526,-0.02440755,-0.323126,2.284806,0.3450706,-4.307769,-0.4213637,0.2913778,1.915,-0.6299528,-0.002747287,-0.7766288,-0.009214354,0.9999498,0.003936833,0.776579,0.009636149,-0.6299464,moving,-12.296157557068897,11.931376563874727,-12.409236399158631,8.651511187719485,1.7499022000000002,0.31097399000000003,-0.8779570000000003,-0.20856619426798428,0.20219342833484835,0.9568792451508081,-11.983783083295231,11.344537608318142,3.2148373026431747,3.281814088310049,2.726426567142708
05/05/2023 11:39:51.192600,224,True,True,True,True,Eyes,0.5270862,0.03742496,-3.42371,0.8733338,0.2116919,-0.4387194,0.0,0.0,0.0,0.0,0.0,0.0,0.0,-2.356019,-0.03033909,-2.5589,0.5445665,0.03248204,-3.435419,-0.005403849,0.9001158,0.001954805,0.4356128,359.5286,128.3524,359.5402,0.1218916,0.01366207,-0.992449,0.3987974,-0.0229431,-0.3037384,2.301972,0.3402379,-4.2966,-0.4174479,0.28867,1.915001,-0.6204245,-0.008025104,-0.784225,-0.01143126,0.9999339,-0.001188871,0.7841828,0.008227073,-0.6204754,moving,-11.752816880906945,11.909345337933706,-12.297433946149223,8.572307424774182,1.7574055000000002,0.30775586,-0.8611809999999998,-0.19948184628891408,0.20221619666960172,0.9588095230493163,-11.45353049061003,11.3194984358753,3.3315812452139695,3.3811876288690605,2.873887870767711
05/05/2023 11:39:51.212154,225,True,True,True,True,Eyes,0.5288899,0.03715031,-3.424761,0.8741947,0.2113779,-0.4371532,0.0,0.0,0.0,0.0,0.0,0.0,0.0,-2.384795,-0.0495753,-2.541607,0.5542676,0.0307027,-3.441122,-0.006867093,0.8974859,-0.0007300168,0.4409891,359.7281,127.6664,359.2568,0.124923,0.01337672,-0.9920759,0.3748696,-0.02156651,-0.2855141,2.319453,0.3311031,-4.286055,-0.4135499,0.2859748,1.915,-0.6109629,-0.0129701,-0.7915529,-0.01168238,0.9999046,-0.007366985,0.7915729,0.004746266,-0.6110561,moving,-11.240413989804976,12.016347034682012,-12.186057599097913,8.493448224604931,1.7651854000000002,0.3004004,-0.8449330000000002,-0.19081222941456483,0.2043655662609053,0.9601173463798284,-10.956914491070263,11.420211427735001,3.609715833274874,3.6476098834495834,3.1743874412566684
05/05/2023 11:39:51.232184,226,True,True,True,True,Eyes,0.53102,0.03683684,-3.425999,0.8751931,0.2108984,-0.4353837,0.0,0.0,0.0,0.0,0.0,0.0,0.0,-2.410308,-0.06809555,-2.527466,0.5642366,0.02918782,-3.447185,-0.008830626,0.8950953,-0.003100459,0.4457767,359.8669,127.0527,358.9358,0.1276968,0.01311149,-0.9917263,0.3523774,-0.02027252,-0.2683833,2.335705,0.3245472,-4.277893,-0.4097566,0.283351,1.915,-0.6024106,-0.01857273,-0.7979705,-0.01304428,0.9998248,-0.01342339,0.79808,0.002322561,-0.6025473,moving,-10.819587754389062,12.054633145987165,-12.07757688705591,8.416642674333714,1.7714683999999998,0.29535938,-0.8307079999999996,-0.18371899258481728,0.20528951504528517,0.9613030793729682,-10.547717042422548,11.454672523017953,3.8198733484443177,3.849352066224806,3.401484456192325
05/05/2023 11:39:51.242585,227,True,True,True,True,Eyes,0.5334715,0.03649578,-3.427423,0.8763059,0.2105373,-0.4333153,0.0,0.0,0.0,0.0,0.0,0.0,0.0,-2.43375,-0.08419979,-2.514633,0.5741478,0.02795336,-3.452995,-0.01036266,0.8928428,-0.005186112,0.4502195,-0.004020954,126.4806,358.6721,0.1302471,0.01286318,-0.9913978,0.3312348,-0.01905617,-0.2522803,2.351188,0.3179674,-4.27065,-0.4057102,0.280553,1.915002,-0.5943903,-0.02317423,-0.803843,-0.01383468,0.9997315,-0.01859171,0.804058,7.017887e-05,-0.5945514,moving,-10.447483406278073,12.107189423022923,-11.96174894306904,8.334695671211547,1.7770402,0.29001404000000003,-0.8176549999999998,-0.1774291663229679,0.2064134228049852,0.9622434848332606,-10.186399239227528,11.503341361607268,4.041112608663964,4.065059559633624,3.632104360036137
05/05/2023 11:39:51.262041,228,True,True,True,True,Eyes,0.5362216,0.03610004,-3.429017,0.8775898,0.2100866,-0.4309289,0.0,0.0,0.0,0.0,0.0,0.0,0.0,-2.458457,-0.07974221,-2.501226,0.5842858,0.02692908,-3.458957,-0.01120439,0.8905054,-0.004367553,0.4548139,359.8617,125.8915,358.6289,0.1326043,0.0126293,-0.9910883,0.3113607,-0.0179128,-0.2371435,2.366828,0.3190834,-4.261024,-0.40201,0.2779942,1.915001,-0.5860378,-0.02392799,-0.8099305,-0.01598229,0.9997108,-0.01797049,0.8101262,0.002413166,-0.5862507,moving,-10.017791538664953,11.93281031947403,-11.855761241374434,8.2597363874961,1.7825422,0.29215432,-0.8020670000000001,-0.17030514675686914,0.20374394252608163,0.964097773200862,-9.76282738935313,11.330823759625773,4.0922076125465185,4.1072624383954075,3.7164431592843004
05/05/2023 11:39:51.282709,229,True,True,True,True,Eyes,0.5392482,0.03563683,-3.430786,0.8790823,0.2095404,-0.4281439,0.0,0.0,0.0,0.0,0.0,0.0,0.0,-2.486572,-0.06618553,-2.484548,0.5940837,0.02506057,-3.465087,-0.01067938,0.8878983,-0.002740366,0.4599078,359.716,125.2371,358.7689,0.134796,0.01240673,-0.9907954,0.292679,-0.01683803,-0.2229149,2.383214,0.3182763,-4.248953,-0.3980259,0.2752389,1.915001,-0.5767417,-0.02148503,-0.8166441,-0.01644377,0.9997569,-0.01468939,0.8167613,0.004956724,-0.5769548,moving,-9.511617799966004,11.771756868184818,-11.741542943438992,8.17898422909261,1.7891303,0.29321573,-0.7838660000000002,-0.1618641301927169,0.20132320033684592,0.9660585079982191,-9.265058732679506,11.170764621753923,4.22102793805357,4.228543647841727,3.8837770229576405
05/05/2023 11:39:51.292331,230,True,True,True,True,Eyes,0.5425352,0.03519038,-3.432728,0.8808756,0.2085963,-0.4249067,0.0,0.0,0.0,0.0,0.0,0.0,0.0,-2.51874,-0.0418399,-2.463449,0.6035185,0.02287294,-3.471258,-0.006023048,0.8849529,-0.0008845235,0.4656407,359.7683,124.4968,359.342,0.1368455,0.01219238,-0.9905171,0.2751183,-0.01582775,-0.20954,2.402198,0.307568,-4.233088,-0.3939871,0.2724471,1.915002,-0.5662848,-0.01148397,-0.8241295,-0.009836487,0.9999259,-0.007174676,0.8241508,0.004043629,-0.5663558,moving,-8.873564998228616,11.848250879519387,-11.625653886665434,8.097124777984822,1.7986795,0.28469506,-0.7618300000000002,-0.1510438974126735,0.2029646849892247,0.967466289053812,-8.645134540170725,11.240960875004006,4.649529153653554,4.652412307553072,4.332112761661458
05/05/2023 11:39:51.312279,231,True,True,True,True,Eyes,0.5460798,0.03499656,-3.434821,0.8829411,0.2072765,-0.42125,0.0,0.0,0.0,0.0,0.0,0.0,0.0,-2.552891,-0.03275469,-2.439361,0.6129832,0.02321519,-3.47743,-0.0004061484,0.8817154,-0.001288407,0.4717799,0.1082198,123.7001,359.8893,0.1387732,0.01198591,-0.9902514,0.2586112,-0.01487808,-0.1969676,2.422925,0.2903247,-4.215872,-0.3904106,0.2699734,1.915,-0.5548473,-0.001931903,-0.8319501,0.0004994741,0.9999964,-0.002655241,0.8319522,-0.001888791,-0.5548442,moving,-8.221000866379985,12.175544075417935,-11.52296641917199,8.024576640278491,1.8099418000000003,0.26710951,-0.738442,-0.13983886978183446,0.20883527040423344,0.9679013463957935,-8.01782427712946,11.555084554403864,5.302940469042988,5.304102860938233,4.974988197737195
05/05/2023 11:39:51.332231,232,True,True,True,True,Eyes,0.5498695,0.03521932,-3.437089,0.8851483,0.2063578,-0.4170478,0.0,0.0,0.0,0.0,0.0,0.0,0.0,-2.589392,-0.0393008,-2.411499,0.6226647,0.02918425,-3.483282,0.00544447,0.8781096,-0.003323489,0.4784173,0.6329151,122.8366,0.3656666,0.1405983,0.0117937,-0.9899962,0.2430945,-0.0139854,-0.1851495,2.444641,0.2729302,-4.196887,-0.3866743,0.2673889,1.915001,-0.5421748,0.006381653,-0.8402417,0.01274171,0.9999186,-0.0006273163,0.8401693,-0.01104623,-0.5422119,moving,-7.545997527755455,12.69099249940608,-11.415592462932537,7.948738488670504,1.8219762999999998,0.24374595000000002,-0.7136050000000003,-0.12816711883961657,0.2178809306685169,0.9675231324355726,-7.373711242106564,12.05213150342475,6.11971811751127,6.120681176526498,5.759742879400052
05/05/2023 11:39:51.342673,233,True,True,True,True,Eyes,0.553948,0.03551093,-3.439543,0.8872713,0.2068493,-0.4122657,0.0,0.0,0.0,0.0,0.0,0.0,0.0,-2.630375,-0.004583858,-2.378977,0.632545,0.03932247,-3.489522,0.004122281,0.8739896,0.003770226,0.4859126,359.8519,121.8537,0.6228001,0.1423366,0.01162629,-0.9897498,0.2285089,-0.01314627,-0.1740406,2.462115,0.3048261,-4.172204,-0.3828335,0.2647328,1.915001,-0.5277441,0.01086966,-0.8493339,0.003541662,0.9999376,0.01059641,0.8493962,0.002584139,-0.5277497,moving,-6.798718667577498,11.946844763333797,-11.3051366508993,7.8707743832373005,1.82957,0.26550363,-0.6826819999999998,-0.11585241211719866,0.205610265768692,0.9717523539090731,-6.625192471306408,11.323131931740713,6.074063951434352,6.076360159166516,5.815552438660825
05/05/2023 11:39:51.362373,234,True,True,True,True,Eyes,0.5582143,0.03587769,-3.442108,0.8895977,0.2069007,-0.4071953,0.0,0.0,0.0,0.0,0.0,0.0,0.0,-2.668866,0.0792817,-2.347988,0.6435625,0.04098032,-3.496617,-0.004570985,0.8698299,0.01948209,0.4929459,357.7994,120.9058,0.6453693,0.1440042,0.01148307,-0.9895102,0.2147983,-0.0123575,-0.1635981,2.473031,0.3719964,-4.146867,-0.3788172,0.261956,1.915,-0.5139669,0.01125527,-0.8577361,-0.02715919,0.9991991,0.02938571,0.8573799,0.0383987,-0.5132496,moving,-6.153971476431206,9.879018450481432,-11.189548289205948,7.789240037745665,1.8294685000000002,0.33101608,-0.6502500000000002,-0.10562898876825477,0.17060852255029565,0.9796607722129487,-5.940946095985047,9.306893882115594,5.433457993679175,5.451991163941029,5.463615851614577
05/05/2023 11:39:51.382425,235,True,True,True,True,Eyes,0.5627583,0.03639779,-3.444832,0.8919556,0.2073788,-0.4017577,0.0,0.0,0.0,0.0,0.0,0.0,0.0,-2.708649,0.04760925,-2.31339,0.6522973,0.04322405,-3.501923,-0.002934584,0.8657068,0.01455976,0.5003309,358.3872,119.9412,0.5438699,0.1456126,0.01136373,-0.9892762,0.2019104,-0.01161605,-0.1537822,2.493188,0.352737,-4.126719,-0.3749557,0.2592865,1.915,-0.4993205,0.009488414,-0.8663652,-0.01965037,0.9995588,0.02227243,0.8661943,0.02814548,-0.4989137,moving,-5.56258286761051,10.465255580855764,-11.078322433464631,7.710822463030251,1.8408907,0.30951295,-0.6247959999999995,-0.09533526541634907,0.18081191591184545,0.9788862277110513,-5.380250267413118,9.873371614657719,6.146979871081791,6.165248150634538,6.094640698411653
05/05/2023 11:39:51.392186,236,True,True,True,True,Eyes,0.5674858,0.03690452,-3.447672,0.8943734,0.2078736,-0.3960868,0.0,0.0,0.0,0.0,0.0,0.0,0.0,-2.743809,0.0563077,-2.284962,0.6634964,0.04733339,-3.508596,-0.007167511,0.8618211,0.01799079,0.5068427,357.8065,119.0734,0.3373076,0.1471748,0.01127018,-0.989046,0.1897958,-0.01091908,-0.1445553,2.508487,0.3748217,-4.108151,-0.3710224,0.2565663,1.914999,-0.4861181,0.005882779,-0.8738731,-0.03059122,0.9992499,0.02374409,0.8733574,0.03827528,-0.4855735,moving,-5.090253426750326,9.881439485790732,-10.96494706490637,7.630889588641851,1.8449906,0.32748831,-0.5995550000000005,-0.08741875560966822,0.17095298729322758,0.9813933985114933,-4.904078853127635,9.302195518296541,6.264594931895524,6.291025368073788,6.287080959479439
05/05/2023 11:39:51.412530,237,True,True,True,True,Eyes,0.5724077,0.03749352,-3.450592,0.8970162,0.2076719,-0.3901723,0.0,0.0,0.0,0.0,0.0,0.0,0.0,-2.776826,0.06092166,-2.255536,0.6729056,0.04749735,-3.513808,-0.01029626,0.8580668,0.01987978,0.51305,357.4391,118.2449,0.1565095,0.1486997,0.01119942,-0.9888187,0.1784081,-0.01026394,-0.135882,2.522343,0.3857122,-4.089746,-0.3671765,0.2539065,1.915001,-0.4733476,0.002728874,-0.8808717,-0.0380684,0.9989976,0.02355136,0.8800529,0.04468135,-0.4727693,moving,-4.671709435536584,9.477422210643542,-10.853990240033506,7.552690968590292,1.8494373999999998,0.33821485,-0.5759379999999998,-0.08034192741039692,0.1641266665156228,0.9831621009974866,-4.485184673128676,8.906317517988695,6.442365483642076,6.474966123447053,6.511066670237234
05/05/2023 11:39:51.432879,238,True,True,True,True,Eyes,0.5775532,0.03814724,-3.453599,0.8996238,0.2076335,-0.3841424,0.0,0.0,0.0,0.0,0.0,0.0,0.0,-2.810897,0.008106399,-2.224574,0.6824405,0.05020417,-3.518763,-0.006733459,0.8542762,0.01116863,0.5196559,358.5055,117.3757,0.005916156,0.1501949,0.01115148,-0.9885933,0.1677036,-0.009648103,-0.1277291,2.543684,0.351301,-4.073309,-0.3633716,0.2512759,1.915002,-0.459825,0.0001032199,-0.8880097,-0.02311216,0.9996598,0.01208402,0.8877088,0.02608035,-0.4596662,moving,-4.229949312800776,10.521794963350864,-10.744140735706104,7.475326921179377,1.8612434999999998,0.30109683,-0.5545460000000002,-0.0725258498658804,0.1821286434802995,0.980596345930224,-4.082697762342913,9.919546250738373,7.163271842333717,7.191359914941367,7.095705082538286
05/05/2023 11:39:51.442486,239,True,True,True,True,Eyes,0.582869,0.03867557,-3.456647,0.9023099,0.2075697,-0.377825,0.0,0.0,0.0,0.0,0.0,0.0,0.0,-2.842498,0.02631028,-2.19574,0.6929199,0.05236254,-3.524043,-0.01145536,0.8504363,0.01600243,0.5257099,357.7498,116.5572,359.8475,0.1516699,0.01112582,-0.9883683,0.1576414,-0.009069217,-0.1200653,2.556232,0.3769417,-4.054166,-0.3595439,0.2486281,1.915001,-0.4469961,-0.002658836,-0.8945321,-0.03630937,0.9992254,0.0151737,0.8937988,0.03926248,-0.4467463,moving,-3.8339332614394226,9.746053610826063,-10.633563281322662,7.397437088660419,1.8633121,0.32457916,-0.5301230000000006,-0.06590404600183963,0.16891360233246505,0.9834250954133504,-3.675745079048732,9.162135969493248,7.1577490142336915,7.193814563601621,7.178119271501906
05/05/2023 11:39:51.462293,240,True,True,True,True,Eyes,0.5883817,0.03912292,-3.459718,0.9049891,0.2053724,-0.3725815,0.0,0.0,0.0,0.0,0.0,0.0,0.0,-2.87435,0.01722146,-2.163709,0.7023005,0.04988771,-3.528187,-0.01219608,0.846526,0.01463487,0.5320066,357.8363,115.7102,359.7089,0.1531308,0.01111658,-0.9881431,0.1481829,-0.008525064,-0.1128614,2.57177,0.3696953,-4.035062,-0.3555708,0.2458812,1.915001,-0.4336406,-0.005076903,-0.9010716,-0.03622029,0.9992741,0.0118008,0.9003577,0.03775438,-0.4335098,moving,-3.359073026936324,9.690656092671512,-10.518694896167696,7.316598979168514,1.8694695,0.31980759000000003,-0.506875,-0.05776004501915194,0.16804760712308142,0.9840852843541619,-3.2113491882033713,9.105086044761425,7.50299005850117,7.542965762122371,7.523030458498608
05/05/2023 11:39:51.482104,241,True,True,True,True,Eyes,0.7306437,0.05229277,-3.537033,0.962693,0.1480134,-0.2265263,0.0,0.0,0.0,0.0,0.0,0.0,0.0,-2.907155,-0.02694244,-2.129441,0.7124733,0.04910056,-3.532247,-0.009252263,0.8424191,0.006883495,0.5386994,358.7643,114.8099,359.5316,0.1545839,0.01111977,-0.9879168,0.1392919,-0.00801356,-0.1060897,2.592288,0.3364889,-4.015861,-0.3518082,0.2432792,1.915,-0.4194347,-0.008172296,-0.9077487,-0.02300484,0.999734,0.0016292,0.9074939,0.02156595,-0.4195111,moving,-11.592825714305633,7.355686601110241,-10.409838789073312,7.240001824231132,1.8798146999999998,0.28738833999999996,-0.4836140000000002,-0.19936748546783994,0.12545838140117063,0.97186045484662,-11.174832247006137,6.887799216832706,1.176834767855054,1.188629897349124,0.8421767435273133
05/05/2023 11:39:51.492627,242,True,True,True,True,Eyes,0.7310567,0.05236045,-3.537153,0.962829,0.1479532,-0.225987,0.0,0.0,0.0,0.0,0.0,0.0,0.0,-2.942268,-0.0482779,-2.090112,0.7224106,0.05154788,-3.536001,-0.0101414,0.8377851,0.004488357,0.5458877,358.9347,113.8312,359.307,0.1608032,0.01153523,-0.9869189,0.5577205,0.03197681,-0.3316696,2.609025,0.3318281,-3.992282,-0.3478296,0.2405282,1.915001,-0.4038078,-0.01209235,-0.9147641,-0.02189291,0.999754,-0.003551576,0.914582,0.01859269,-0.4039732,moving,-10.683194256773824,7.461158161031586,-10.29463991927496,7.158982439722084,1.8866144,0.28028022,-0.4562809999999997,-0.18386208992902914,0.12764029583348996,0.9746294904047944,-10.290949076784282,6.984389208280952,0.48141139291138707,0.4922241763039465,0.1746322386712935
05/05/2023 11:39:51.512242,243,True,True,True,True,Eyes,0.7318831,0.05244795,-3.53742,0.9630584,0.1481404,-0.2248844,1.954411,2.614095,0.3419752,-3.976936,-0.6735178,0.5153027,-0.5299405,-0.3329506,0.2459578,1.90894,0.7323684,0.05323397,-3.539747,-0.01197416,0.8332322,0.003891378,0.55278,358.8699,112.8869,359.103,0.1659456,0.01188537,-0.9860631,0.5242573,0.0300582,-0.3117695,2.624197,0.3342475,-3.968988,-0.3440778,0.2379338,1.915002,-0.388582,-0.01565236,-0.9212813,-0.02425667,0.999683,-0.006753311,0.921095,0.019723,-0.3888385,moving,-9.83027358312348,7.359938443383525,-10.185930619050378,7.0825485495752645,1.8918286000000002,0.28101352999999996,-0.42924099999999976,-0.16936400489691122,0.12625156654939398,0.9774335931791904,-9.456777654419453,6.880247916096486,0.4511304851692634,0.4510399986600576,0.756696499354915
05/05/2023 11:39:51.532141,244,True,True,True,True,Eyes,0.7331247,0.0525424,-3.537722,0.9633843,0.1482576,-0.2234063,0.0,0.0,0.0,0.0,0.0,0.0,0.0,-3.00572,-0.05175186,-2.018791,0.743117,0.05374533,-3.543648,-0.0141154,0.8290282,0.006038752,0.558996,358.522,112.0304,359.0455,0.1702168,0.01218201,-0.9853311,0.4928019,0.02825471,-0.2930633,2.638064,0.3439456,-3.94771,-0.3401987,0.2352514,1.915001,-0.3746484,-0.01665284,-0.9270173,-0.0301554,0.9995286,-0.005768308,0.9266764,0.02579349,-0.3749739,moving,-9.058546749607098,7.003131173873913,-10.073465391988405,7.0035028836182,1.894947,0.29020027000000004,-0.4040619999999997,-0.1562978262349587,0.12042514095835413,0.9803411524889318,-8.694866614090014,6.527962393513436,1.0077531838651608,1.014918710449881,1.4583118144457368
05/05/2023 11:39:51.542120,245,True,True,True,True,Eyes,0.7347274,0.05262991,-3.53812,0.9638481,0.1482511,-0.2214012,0.0,0.0,0.0,0.0,0.0,0.0,0.0,-3.03368,-0.04739869,-1.986433,0.7534543,0.05390853,-3.546939,-0.01417307,0.8250049,0.006811121,0.5649069,358.4384,111.2109,359.1006,0.1737872,0.01243465,-0.9847045,0.4632338,0.02655943,-0.2754795,2.652258,0.3436081,-3.92738,-0.3360116,0.232356,1.915,-0.3613587,-0.01569041,-0.9322949,-0.03108101,0.9995055,-0.00477452,0.9319088,0.02725135,-0.3616678,moving,-8.351569681168302,6.92312233684881,-9.951981843897155,6.918150030293359,1.8988036999999998,0.28969957,-0.3804409999999998,-0.14420985539345055,0.11927750675419059,0.9823321403049805,-8.003535483506719,6.445426771892309,1.5894383974722295,1.6004198869180943,2.0049714457697503
05/05/2023 11:39:51.562443,246,True,True,True,True,Eyes,0.7366375,0.05266936,-3.538685,0.9644347,0.1479349,-0.2190456,0.0,0.0,0.0,0.0,0.0,0.0,0.0,-3.062376,-0.04718456,-1.951079,0.7637517,0.05386268,-3.549769,-0.01251435,0.8207557,0.006225746,0.5711084,358.5953,110.3465,359.2302,0.1767954,0.0126507,-0.9841661,0.4354397,0.02496586,-0.2589507,2.667753,0.3348641,-3.904909,-0.3321508,0.2296862,1.915001,-0.3473573,-0.01343129,-0.9376368,-0.0276536,0.9996092,-0.004074465,0.9373252,0.02451373,-0.3475929,moving,-7.619703171290589,7.075134866393551,-9.839875510488582,6.839413349642618,1.9040012999999998,0.28100142,-0.35514,-0.13160513625853976,0.12209950159368116,0.9837539325981909,-7.29419538004395,6.5884792332759154,2.2211073513935418,2.23265085698576,2.5580178375643388
05/05/2023 11:39:51.582514,247,True,True,True,True,Eyes,0.7388719,0.05267304,-3.539309,0.9651942,0.1471992,-0.2161769,0.0,0.0,0.0,0.0,0.0,0.0,0.0,-3.091392,-0.04478896,-1.913767,0.7737942,0.05283264,-3.552417,-0.01041277,0.8163511,0.005616182,0.5774349,358.7855,109.4601,359.3974,0.1794998,0.01284308,-0.9836739,0.4093134,0.02346791,-0.2434137,2.683066,0.3240701,-3.881032,-0.3286385,0.2272571,1.915001,-0.3329212,-0.010515,-0.9428961,-0.02348691,0.9997201,-0.002855843,0.9426622,0.02119495,-0.3330749,moving,-6.891624840770699,7.23862471906188,-9.73782707276661,6.767755989190186,1.9092718000000002,0.27123746000000004,-0.32861499999999966,-0.11904898789113083,0.12510593326538505,0.9849749967546306,-6.588857416516809,6.7427240704502545,2.87208602811664,2.884888993737799,3.1490691470556493
05/05/2023 11:39:51.592446,248,True,True,True,True,Eyes,0.7414001,0.05275391,-3.540033,0.9660668,0.1460573,-0.2130306,0.0,0.0,0.0,0.0,0.0,0.0,0.0,-3.120402,-0.05962011,-1.874007,0.7838084,0.05207189,-3.554616,-0.006506036,0.8117644,0.001671618,0.5839466,359.4091,108.5435,359.5066,0.1819886,0.01301582,-0.9832143,0.3847545,0.02205983,-0.2288089,2.699727,0.299163,-3.856812,-0.324748,0.2245671,1.915001,-0.3179284,-0.008610465,-0.9480758,-0.01251501,0.9999098,-0.004884435,0.9480323,0.01031227,-0.3180074,moving,-6.166126719910974,7.802883321514915,-9.624717348096874,6.6883773773390525,1.9159186000000004,0.24709111,-0.3021959999999999,-0.1064283797615802,0.13499432145934676,0.985113885110217,-5.896836703703978,7.2869277008927735,3.623226398260956,3.6337270994089077,3.7756266484737946
05/05/2023 11:39:51.612299,249,True,True,True,True,Eyes,0.7442617,0.05292135,-3.5408,0.9669948,0.1450714,-0.2094645,0.0,0.0,0.0,0.0,0.0,0.0,0.0,-3.148591,-0.08776084,-1.833608,0.7937543,0.0541171,-3.556749,-0.004433517,0.8070927,-0.003100611,0.5904002,359.9868,107.628,359.3802,0.1842907,0.01317297,-0.9827832,0.3616693,0.02073624,-0.2150803,2.715184,0.2798162,-3.833282,-0.3207493,0.2218016,1.915001,-0.3028165,-0.01081772,-0.9529877,-0.003495316,0.9999415,-0.01024006,0.9530426,0.0002301361,-0.3028365,moving,-5.495616823123207,8.307064305980012,-9.508382924407352,6.6067439584937775,1.9214296999999998,0.2256991,-0.27653300000000014,-0.09477386149935396,0.1438278847903217,0.9850540522319033,-5.256800266949795,7.77304140671807,4.348108372726282,4.358139633799135,4.408651135089775
05/05/2023 11:39:51.632412,250,True,True,True,True,Eyes,0.7474282,0.05312762,-3.541609,0.9679089,0.144263,-0.2057683,0.0,0.0,0.0,0.0,0.0,0.0,0.0,-3.173075,-0.1023276,-1.798775,0.8046122,0.05633761,-3.558637,-0.006922404,0.8027715,-0.003830948,0.5962343,359.8795,106.7969,359.1014,0.1864335,0.01331846,-0.982377,0.3399691,0.01949207,-0.2021755,2.728053,0.284513,-3.81176,-0.3169902,0.2192025,1.915,-0.2889136,-0.0156825,-0.9572266,-0.006545932,0.9998748,-0.0144055,0.9573328,0.002103997,-0.2889801,moving,-4.921625894362644,8.127951137817757,-9.398951797130191,6.530001225390437,1.9234408,0.22817539,-0.253123,-0.08493742387359093,0.1408732690888431,0.9863774131817094,-4.692435361449375,7.594960722406062,4.739598246247253,4.753934282488528,4.825498491308171
05/05/2023 11:39:51.641916,251,True,True,True,True,Eyes,0.7509079,0.05332702,-3.542438,0.9688494,0.1436317,-0.2017442,0.0,0.0,0.0,0.0,0.0,0.0,0.0,-3.195507,-0.1121104,-1.766322,0.8151401,0.05743381,-3.560334,-0.009260075,0.7986891,-0.004060183,0.6016589,359.7332,106.0206,358.8725,0.1884409,0.01345448,-0.9819921,0.319571,0.01832254,-0.190045,2.73989,0.2887767,-3.792036,-0.3128124,0.2163133,1.915,-0.2758417,-0.01967754,-0.9610017,-0.009906152,0.9997955,-0.01762846,0.9611521,0.004657166,-0.2759802,moving,-4.412130950841469,7.929951084312618,-9.277245270449159,6.444661390323143,1.9247499,0.23134289,-0.23170199999999985,-0.0761987713483877,0.13756120239576475,0.9875579022008367,-4.1904333010473,7.398931097963181,5.068702670220878,5.086789047908626,5.17554699398715
05/05/2023 11:39:51.662413,252,True,True,True,True,Eyes,0.7546702,0.05348461,-3.543294,0.9697719,0.1430404,-0.1976915,0.0,0.0,0.0,0.0,0.0,0.0,0.0,-3.215318,-0.1127941,-1.738018,0.8261322,0.05743832,-3.561728,-0.01096085,0.7949529,-0.003361994,0.6065628,359.5444,105.3164,358.7677,0.1903347,0.01358177,-0.9816251,0.3003967,0.01722319,-0.1786423,2.751839,0.2931606,-3.773265,-0.3093213,0.2138991,1.915,-0.263923,-0.02150525,-0.9643041,-0.0133482,0.9997371,-0.01864215,0.9644515,0.007951637,-0.2641406,moving,-3.956915805886526,7.7041128461236354,-9.175478635950437,6.373329837286354,1.9257068,0.23572228,-0.21153699999999986,-0.06838637168846423,0.13374348207046338,0.9886536341939854,-3.7405938870625395,7.176175311953484,5.363807399750205,5.3855715971412605,5.493863220893632
05/05/2023 11:39:51.682435,253,True,True,True,True,Eyes,0.7587132,0.0536126,-3.544153,0.9707587,0.1422516,-0.1933702,0.0,0.0,0.0,0.0,0.0,0.0,0.0,-3.233896,-0.113647,-1.710643,0.8367738,0.05657402,-3.562851,-0.01124765,0.791367,-0.003451928,0.6112282,359.5252,104.6424,358.7381,0.1921332,0.01369999,-0.9812729,0.2823729,0.0161898,-0.1679237,2.763773,0.2902908,-3.75556,-0.3053915,0.2111818,1.915,-0.2525471,-0.02202187,-0.9673339,-0.01358221,0.9997231,-0.01921325,0.9674892,0.008286277,-0.2527764,moving,-3.5424640106998435,7.642527050357091,-9.060853891236297,6.293018963850814,1.9269992,0.23371678,-0.1927089999999998,-0.06124148601210094,0.13274244206453065,0.9892567563792849,-3.3349184926798117,7.113504886094822,5.657293348618988,5.68100334000544,5.784421607822412
05/05/2023 11:39:51.692439,254,True,True,True,True,Eyes,0.7630175,0.05373316,-3.545068,0.971742,0.1414574,-0.1889634,0.0,0.0,0.0,0.0,0.0,0.0,0.0,-3.250985,-0.1207357,-1.684991,0.84754,0.0560382,-3.563876,-0.009194921,0.7879856,-0.005502368,0.6156006,359.8482,104.0053,358.7815,0.1938534,0.01380921,-0.980933,0.2654305,0.01521841,-0.1578483,2.776925,0.2759468,-3.739047,-0.3014734,0.2084723,1.915,-0.2419032,-0.02126545,-0.9700674,-0.00771641,0.9997703,-0.01999237,0.9702699,0.002649223,-0.2420118,moving,-3.1697803043175012,7.927004985872199,-8.946497552654037,6.212913893258514,1.929385,0.21990859999999998,-0.17517099999999974,-0.05476810926945769,0.13770438395765505,0.9889579535876192,-2.9792869585618,7.3878260043877155,6.002174298155653,6.025659336620882,6.081777761734204
05/05/2023 11:39:51.712719,255,True,True,True,True,Eyes,0.7675803,0.05380819,-3.545987,0.9727331,0.1407026,-0.1843721,0.0,0.0,0.0,0.0,0.0,0.0,0.0,-3.266942,-0.1149503,-1.66247,0.8583677,0.0559978,-3.565108,-0.008030538,0.7848454,-0.005150842,0.6196183,359.8931,103.4204,358.912,0.1955096,0.01391008,-0.9806028,0.2495047,0.01430531,-0.1483774,2.788837,0.2709688,-3.72387,-0.2975846,0.2057834,1.915,-0.2320175,-0.01898857,-0.9725263,-0.006222349,0.999818,-0.01803696,0.9726917,0.001866507,-0.2320935,moving,-2.8390012703509884,7.938847968056772,-8.832925277826494,6.133393736990617,1.9304693,0.21497100000000002,-0.15876199999999985,-0.04905610371311819,0.13794981451733834,0.9892235966170133,-2.6571564992175127,7.3971554949428695,6.2353857614885575,6.25993530221087,6.303746012309191
05/05/2023 11:39:51.732456,256,True,True,True,True,Eyes,0.7723938,0.05381038,-3.546921,0.9737028,0.1402199,-0.1795586,0.0,0.0,0.0,0.0,0.0,0.0,0.0,-3.280429,-0.101885,-1.644551,0.8691173,0.05497484,-3.566196,-0.006869582,0.782137,-0.003862297,0.6230566,359.8557,102.9189,359.1085,0.1971152,0.01400217,-0.98028,0.2345344,0.01344699,-0.1394748,2.800092,0.2674887,-3.711,-0.2937697,0.2031453,1.914999,-0.2235064,-0.01555877,-0.9745781,-0.005933049,0.9998758,-0.01460197,0.9746843,0.002518587,-0.2235709,moving,-2.5931494049721344,7.884998478340446,-8.72144770208017,6.0553559924557065,1.9309746999999997,0.21251386000000003,-0.1448039999999997,-0.04481665100991444,0.1370473642588589,0.9895501713706917,-2.4160440275094577,7.343130435052525,6.370368257281914,6.39559470608416,6.435563573945594
05/05/2023 11:39:51.742244,257,True,True,True,True,Eyes,0.7774455,0.05373206,-3.547844,0.9746739,0.1396312,-0.1746825,0.0,0.0,0.0,0.0,0.0,0.0,0.0,-3.291449,-0.09399521,-1.63082,0.8800088,0.05321254,-3.567183,-0.005195308,0.7798247,-0.003708186,0.6259656,359.9587,102.4922,359.2697,0.1986814,0.01408431,-0.9799626,0.2204624,0.01264017,-0.1311063,2.811641,0.2586191,-3.701026,-0.289728,0.2003501,1.915,-0.2162804,-0.01274525,-0.9762482,-0.003460465,0.9999185,-0.01228764,0.9763253,0.0007206982,-0.2163069,moving,-2.4333686420859735,7.961979132148046,-8.603260796913052,5.9726399945595166,1.9316321999999997,0.20540656,-0.13384300000000016,-0.04204897493411508,0.13839343282262484,0.9894843104463354,-2.2623615917065476,7.416971820873833,6.458089983339989,6.482672242720451,6.503314320797737
05/05/2023 11:39:51.762290,258,True,True,True,True,Eyes,0.7827259,0.05356975,-3.548778,0.9756247,0.1390277,-0.1697873,0.0,0.0,0.0,0.0,0.0,0.0,0.0,-3.300249,-0.09076078,-1.620582,0.8907614,0.05122502,-3.567924,-0.003540587,0.7778603,-0.004282989,0.6284128,0.1268091,102.1317,359.376,0.2002182,0.01415526,-0.9796487,0.2072346,0.01188176,-0.1232399,2.823096,0.2479354,-3.692878,-0.2861053,0.1978449,1.915001,-0.21017,-0.01089113,-0.9776043,-0.0001251948,0.9999382,-0.01111303,0.9776649,-0.002213233,-0.2101583,moving,-2.348890725310108,8.099920773296786,-8.497263131258922,5.898484229616323,1.9323346,0.19671038,-0.12495399999999979,-0.04057620438770415,0.14078382328018893,0.9892085071403145,-2.1837288919338715,7.550626654499094,6.507258973041933,6.53060533932993,6.526123595460575
05/05/2023 11:39:51.782469,259,True,True,True,True,Eyes,0.7882222,0.05333156,-3.54968,0.9765746,0.1382429,-0.1648967,0.0,0.0,0.0,0.0,0.0,0.0,0.0,-3.30719,-0.09131487,-1.613968,0.9016145,0.04906652,-3.568671,-0.001539054,0.7762337,-0.005613411,0.6304185,0.3881327,101.8346,359.4576,0.2017345,0.01421381,-0.9793367,0.1948005,0.01116885,-0.1158455,2.834661,0.2338581,-3.687351,-0.2821455,0.1951063,1.915001,-0.2051404,-0.009466928,-0.978687,0.004688268,0.9999322,-0.01065513,0.9787216,-0.006774141,-0.2050821,moving,-2.3319435644318673,8.319113118867534,-8.381339958713887,5.817400353098821,1.9330465000000001,0.18479158,-0.1186799999999999,-0.040261409302546514,0.1445689691916863,0.9886752765717803,-2.1731164209496994,7.7637849709234015,6.525030030406849,6.5462785991403125,6.5061857163282255
05/05/2023 11:39:51.792466,260,True,True,True,True,Eyes,0.7939288,0.05304835,-3.550584,0.9774892,0.137579,-0.1599589,0.0,0.0,0.0,0.0,0.0,0.0,0.0,-3.312956,-0.09380103,-1.60832,0.9122795,0.04704767,-3.568852,0.0005045556,0.7747228,-0.007230235,0.6322594,0.6784482,101.5607,359.5209,0.2032382,0.01425913,-0.9790251,0.1831125,0.01049872,-0.1088948,2.846016,0.219157,-3.681953,-0.2783439,0.1924776,1.915,-0.2004954,-0.008360988,-0.9796589,0.009924551,0.9998949,-0.01056484,0.9796444,-0.01184088,-0.2003914,moving,-2.3431008337019437,8.573470271156397,-8.269987275985084,5.739551345667671,1.9337365000000002,0.17210933,-0.1131009999999999,-0.04042732550262601,0.14895562638423535,0.9880171151189814,-2.190848485892337,8.011344463676226,6.5505365452477715,6.56955701519995,6.489759040229563
05/05/2023 11:39:51.812566,261,True,True,True,True,Eyes,0.7998427,0.05272011,-3.551437,0.9783676,0.137005,-0.1550045,0.0,0.0,0.0,0.0,0.0,0.0,0.0,-3.318785,-0.09212059,-1.602871,0.9231679,0.04566345,-3.56899,0.0008375327,0.7731824,-0.007333193,0.6341407,0.7106016,101.282,359.5413,0.2047357,0.01429128,-0.9787126,0.1721257,0.009868799,-0.1023611,2.856736,0.2138395,-3.676477,-0.2743995,0.1897499,1.915,-0.1957298,-0.008005421,-0.9806253,0.01059568,0.999891,-0.01027756,0.9806007,-0.01240202,-0.1956236,moving,-2.3525929117063513,8.573179260954689,-8.154380829689204,5.658744837044108,1.9335681,0.16817605,-0.10748700000000033,-0.040591044090387274,0.14894961560267303,0.9880112878537768,-2.200093699608976,8.011124261573029,6.475098071685533,6.492662863303993,6.402126536111736
05/05/2023 11:39:51.832192,262,True,True,True,True,Eyes,0.8059753,0.05234431,-3.552254,0.9791803,0.136731,-0.150035,0.0,0.0,0.0,0.0,0.0,0.0,0.0,-3.32487,-0.08706803,-1.596039,0.9340428,0.04423987,-3.568655,0.0004344861,0.7715054,-0.006598832,0.6361883,0.6150763,100.9792,359.5573,0.2062331,0.01431034,-0.9783979,0.1617982,0.00927667,-0.09621944,2.867137,0.2128832,-3.669513,-0.2706046,0.1871264,1.914999,-0.1905283,-0.007725782,-0.9816512,0.009066615,0.9999125,-0.009629238,0.9816396,-0.0107349,-0.1904417,moving,-2.3371257763986337,8.462460365561554,-8.043097082852706,5.5810067714430796,1.9330942000000002,0.16864332999999998,-0.10085799999999967,-0.04033596987028709,0.14704161676980496,0.9883074926187875,-2.1820318110413224,7.903293950283517,6.375544735142231,6.392251822725343,6.304371805456918
05/05/2023 11:39:51.841922,263,True,True,True,True,Eyes,0.8123158,0.05191124,-3.553012,0.9799496,0.136598,-0.145051,0.0,0.0,0.0,0.0,0.0,0.0,0.0,-3.331103,-0.07629309,-1.589378,0.9454581,0.04263888,-3.568259,-0.0003783427,0.7697815,-0.004847916,0.638289,0.3999672,100.6688,359.612,0.2077361,0.01431634,-0.9780798,0.1520903,0.00872007,-0.09044627,2.877701,0.2153947,-3.662302,-0.2665573,0.1843276,1.914999,-0.1851742,-0.006771225,-0.9826826,0.005606261,0.9999527,-0.007946657,0.9826899,-0.006980689,-0.1851275,moving,-2.307482959624431,8.241853746446404,-7.924340001112753,5.498048457679152,1.9322429,0.17275582,-0.0940430000000001,-0.039847115612598516,0.14323806295894503,0.9888857817980221,-2.1471893703293374,7.688450608863803,6.23502127871498,6.2512039230202765,6.178457007593042
05/05/2023 11:39:51.862645,264,True,True,True,True,Eyes,0.8188346,0.05140352,-3.553767,0.9806789,0.13664,-0.1399937,0.0,0.0,0.0,0.0,0.0,0.0,0.0,-3.336766,-0.06751746,-1.583239,0.9567691,0.04080248,-3.567651,-0.001272249,0.7681205,-0.00339599,0.6402951,0.2055679,100.3711,359.6389,0.2092496,0.01430902,-0.9777572,0.1429649,0.008196866,-0.08501949,2.888223,0.2173203,-3.655125,-0.2628111,0.1817367,1.915001,-0.1800412,-0.006303354,-0.9836391,0.00239439,0.9999737,-0.006846289,0.9836563,-0.003587829,-0.1800214,moving,-2.2990597936077775,8.050942649705853,-7.81434870076988,5.421226187773698,1.9314539,0.17651782,-0.08747399999999983,-0.03972063968272349,0.1399429712300893,0.989362454377257,-2.13383263732755,7.502641260159567,6.094611811908528,6.110140783944533,6.049838960714692
05/05/2023 11:39:51.882659,265,True,True,True,True,Eyes,0.9863473,0.03708748,-3.570677,0.9908813,0.1341244,-0.01283419,0.0,0.0,0.0,0.0,0.0,0.0,0.0,-3.342137,-0.06057018,-1.576987,0.9680735,0.03838343,-3.566763,-0.001663887,0.7664586,-0.002538041,0.6422867,0.1004522,100.0742,359.6671,0.2107776,0.01428765,-0.9774293,0.134387,0.007705054,-0.07991832,2.899009,0.2157465,-3.647653,-0.2591682,0.1792178,1.915,-0.1749302,-0.0058109,-0.9845637,0.0007096985,0.9999816,-0.00602799,0.9845805,-0.001753221,-0.1749229,moving,-9.379218426031912,7.856731971300432,-7.707346680862159,5.3465283525058185,1.9309355,0.17736307,-0.08089000000000013,-0.16147838839278184,0.1349025210405178,0.9776123268949652,-9.030470737718364,7.3606290461605015,2.9636265967960878,3.016003537813994,2.4098254862151114
05/05/2023 11:39:51.892707,266,True,True,True,True,Eyes,0.9867757,0.03702192,-3.570644,0.9909115,0.1339302,-0.01253786,0.0,0.0,0.0,0.0,0.0,0.0,0.0,-3.346677,-0.06388995,-1.571324,0.9791154,0.03620322,-3.565586,-0.001008202,0.7648981,-0.003657947,0.6441403,0.2462045,99.79605,359.6416,0.2179281,0.01375457,-0.9758676,0.6288617,-0.03570536,-0.1258527,2.910138,0.2059443,-3.641282,-0.2550633,0.1763797,1.915,-0.1701647,-0.006254806,-0.9853959,0.003170118,0.9999712,-0.00689476,0.9854106,-0.004297065,-0.17014,moving,-9.125639863444427,7.982961471170131,-7.5867050908952995,5.26233965538538,1.9310226,0.16974108,-0.07569599999999976,-0.1571011137665707,0.1371540953575801,0.9780123165981173,-8.786679846215716,7.481766768273129,3.073790875974776,3.125716445662458,2.523052936984784
05/05/2023 11:39:51.917121,267,True,True,True,True,Eyes,0.9876266,0.03688395,-3.570543,0.9909487,0.1336891,-0.01215887,0.0,0.0,0.0,0.0,0.0,0.0,0.0,-3.35037,-0.07514859,-1.566229,0.9896856,0.03473441,-3.56413,0.0007602811,0.7634532,-0.006363906,0.6458313,0.6130259,99.53979,359.5955,0.2238449,0.01330803,-0.9745336,0.59113,-0.03356304,-0.1183016,2.92137,0.1896975,-3.63531,-0.2511789,0.173693,1.915,-0.1658028,-0.00705914,-0.9861337,0.009380896,0.9999179,-0.008735063,0.9861143,-0.01069911,-0.165723,moving,-8.908016340143677,8.325164357173032,-7.472481555058776,5.182621042562576,1.9316844,0.15496309,-0.07118000000000002,-0.15325538220303486,0.14308031405371907,0.9777733639071315,-8.58375978885171,7.813281628260304,3.400540970568859,3.454900664764708,2.855751114863734
05/05/2023 11:39:51.932377,268,True,True,True,True,Eyes,0.9888673,0.03667651,-3.570386,0.9910056,0.1333116,-0.01165903,0.0,0.0,0.0,0.0,0.0,0.0,0.0,-3.350976,-0.08417046,-1.567464,1.000658,0.0328832,-3.562396,0.0004319702,0.7625622,-0.007821848,0.6468676,0.7155367,99.38195,359.4579,0.2287646,0.0129309,-0.9733956,0.5556622,-0.03154926,-0.1112035,2.93211,0.1824265,-3.632334,-0.2474834,0.1711378,1.915001,-0.1631244,-0.009460592,-0.9865603,0.01077821,0.9998772,-0.01137044,0.9865468,-0.01248815,-0.1630025,moving,-8.80158825362379,8.383029545492187,-7.363753463881815,5.10678291210864,1.9314520000000002,0.1495433,-0.06993800000000006,-0.15141605017991172,0.1441090691892816,0.9779088765482058,-8.481571328672008,7.868877772772972,3.5231330690635754,3.5778709989810102,2.9797122005577017
05/05/2023 11:39:51.942224,269,True,True,True,True,Eyes,0.9905,0.03641983,-3.570135,0.9910616,0.1329368,-0.01117151,0.0,0.0,0.0,0.0,0.0,0.0,0.0,-3.349658,-0.1032774,-1.571248,1.011335,0.03103358,-3.560328,0.0006552507,0.7619634,-0.01102572,0.6475261,1.011379,99.27667,359.239,0.2328801,0.01260897,-0.9724234,0.5223225,-0.0296563,-0.1045313,2.942857,0.1687378,-3.63148,-0.2434008,0.1683145,1.915001,-0.1614194,-0.01328033,-0.9867968,0.01527744,0.999756,-0.01595381,0.9867678,-0.01765098,-0.161177,moving,-8.76611154503775,8.623229950989014,-7.243578476741448,5.0229697123164225,1.931522,0.13770422,-0.07115199999999966,-0.1507178728086509,0.14822346971988087,0.9774016657775426,-8.453462138836752,8.10235372292778,3.8501018103240807,3.9089615923186782,3.308538100221008
05/05/2023 11:39:51.962009,270,True,True,True,True,Eyes,0.9925041,0.03613554,-3.569814,0.9910926,0.1327489,-0.01063993,0.0,0.0,0.0,0.0,0.0,0.0,0.0,-3.346266,-0.1190312,-1.578809,1.022373,0.02962618,-3.557833,-0.0007454281,0.7616825,-0.01292009,0.6478214,1.072422,99.22717,358.9756,0.2363507,0.01233089,-0.9715893,0.4909831,-0.02787692,-0.09825939,2.953365,0.1637955,-3.631687,-0.2397372,0.165781,1.915001,-0.1606542,-0.01787539,-0.9868491,0.01560427,0.999665,-0.02064783,0.9868875,-0.01871621,-0.1603214,moving,-8.788496484062566,8.633464525425712,-7.135682523115269,4.947741226815935,1.9309919999999998,0.13416932,-0.07385399999999986,-0.15109591613493378,0.14838938933395512,0.9773180820985643,-8.47555925615249,8.11246024729715,3.9782855155660966,4.039350222921655,3.43667224773182
05/05/2023 11:39:51.982107,271,True,True,True,True,Eyes,0.9948799,0.03582801,-3.569396,0.9910814,0.1328717,-0.01013451,0.0,0.0,0.0,0.0,0.0,0.0,0.0,-3.342051,-0.1246569,-1.588447,1.033408,0.02865497,-3.555172,-0.003178438,0.7615793,-0.01278773,0.6479378,0.8800334,99.20951,358.7729,0.2395128,0.01207356,-0.9708179,0.4615241,-0.02620431,-0.09236383,2.963233,0.1673502,-3.632698,-0.2358798,0.1631133,1.915001,-0.160333,-0.02141257,-0.9868308,0.01173004,0.9996527,-0.02359659,0.9869933,-0.01535888,-0.1600261,moving,-8.821752318081142,8.41751107916556,-7.022024011903918,4.868509389645303,1.9298249999999997,0.13869523,-0.07752599999999976,-0.15174718573496115,0.14469012531236514,0.9777717001623648,-8.502157029345511,7.902561479050291,3.918656957784904,3.979250553593375,3.3758355751641003
05/05/2023 11:39:51.992335,272,True,True,True,True,Eyes,0.9976072,0.03546632,-3.568898,0.9910401,0.1331881,-0.01001577,0.0,0.0,0.0,0.0,0.0,0.0,0.0,-3.33763,-0.1206232,-1.599229,1.044712,0.02774438,-3.552417,-0.006524877,0.7615345,-0.01082556,0.6480012,0.4601941,99.20456,358.6266,0.2424192,0.01183354,-0.9700992,0.4338327,-0.02463205,-0.086822,2.972785,0.1782669,-3.633842,-0.2319488,0.1603954,1.915,-0.1601037,-0.02396779,-0.9868091,0.004092112,0.9996805,-0.02494433,0.9870916,-0.008031813,-0.1599545,moving,-8.8259970126998,7.993817479627358,-6.906143278477098,4.787769881690199,1.928073,0.15052252,-0.08142499999999986,-0.15197789562095476,0.13745082704381337,0.9787797785129764,-8.49487492574371,7.490342426975165,3.6803284126263405,3.7369211339078965,3.134958789131771
05/05/2023 11:39:52.012461,273,True,True,True,True,Eyes,1.000666,0.03507603,-3.568295,0.9910024,0.1334762,-0.00991447,0.0,0.0,0.0,0.0,0.0,0.0,0.0,-3.332387,-0.1099385,-1.61217,1.055939,0.02599452,-3.54969,-0.01152568,0.7616643,-0.00730347,0.6478282,359.7818,99.23776,358.4517,0.2451055,0.01160761,-0.9694267,0.4078027,-0.02315412,-0.08161268,2.9814,0.1971556,-3.636112,-0.2281425,0.1577635,1.915,-0.1603717,-0.02702018,-0.9866868,-0.008094611,0.9996276,-0.0260589,0.9870235,0.003807735,-0.1605307,moving,-8.857255134653832,7.305240055258087,-6.7938808821889,4.709564516781771,1.9254609999999999,0.17116108,-0.08642199999999978,-0.15275273325185162,0.1256630807547589,0.9802424914820269,-8.506786547200091,6.820574722590166,3.2672490003103176,3.315877682722861,2.718530835994809
05/05/2023 11:39:52.032204,274,True,True,True,True,Eyes,1.004028,0.03498693,-3.567563,0.9910687,0.1329744,-0.01003208,0.0,0.0,0.0,0.0,0.0,0.0,0.0,-3.327201,-0.114504,-1.622893,1.066967,0.02493165,-3.546564,-0.0118731,0.7616938,-0.00800679,0.6477792,359.8175,99.24388,358.3691,0.247603,0.01139361,-0.9687943,0.3833345,-0.02176488,-0.07671592,2.991876,0.1923982,-3.637239,-0.2242188,0.1550498,1.915,-0.1604829,-0.02846059,-0.9866284,-0.007714065,0.9995898,-0.02757973,0.9870086,0.003184845,-0.1606366,moving,-8.867833913182114,7.298920830985294,-6.678101033035742,4.62891009528887,1.924909,0.16746655,-0.09067500000000006,-0.15293590160112425,0.12555137206762046,0.980228271770186,-8.516928617307137,6.814496369520739,3.403135718825448,3.453098234213484,2.8562342772938134
05/05/2023 11:39:52.042210,275,True,True,True,True,Eyes,1.007772,0.03509661,-3.566753,0.9909655,0.1337359,-0.01009507,0.0,0.0,0.0,0.0,0.0,0.0,0.0,-3.323668,-0.1413142,-1.62842,1.077425,0.03213917,-3.543531,-0.008327471,0.7613572,-0.01245482,0.6481596,0.4681156,99.17635,358.3481,0.2499387,0.01119854,-0.9681966,0.3603345,-0.02045898,-0.07211296,3.003536,0.1750405,-3.636165,-0.2201963,0.152268,1.915002,-0.1596399,-0.02882578,-0.9867545,0.003465054,0.999551,-0.02976019,0.9871694,-0.008170068,-0.1594684,moving,-8.832572997891853,7.991572294275323,-6.559342127568238,4.546207847385338,1.926111,0.14290133,-0.09263399999999988,-0.15209109721964365,0.13741004876951785,0.9787678990552602,-8.501224805629125,7.488201505298943,4.066904154691896,4.127725131556824,3.525086526392905
05/05/2023 11:39:52.062261,276,True,True,True,True,Eyes,1.011754,0.03520996,-3.565853,0.9909136,0.134119,-0.01011927,0.0,0.0,0.0,0.0,0.0,0.0,0.0,-3.321526,-0.101892,-1.638667,1.090374,0.03677416,-3.540886,-0.01933683,0.7608673,-0.001236132,0.6486183,358.6704,99.12729,358.2214,0.2521394,0.01102584,-0.9676278,0.3387144,-0.01923144,-0.06778619,3.010611,0.2374463,-3.635041,-0.2163896,0.1496357,1.915002,-0.157841,-0.03102908,-0.986977,-0.02782197,0.9992491,-0.02696551,0.9870727,0.02320338,-0.1585859,moving,-8.710719047833027,6.197323235398167,-6.446908798464468,4.4679372650176115,1.920237,0.20067214,-0.09415500000000021,-0.1505808308915848,0.10672200280639459,0.9828203782666927,-8.334078454781197,5.741617356219393,2.8152430898375047,2.848791441944326,2.2767675082112317
05/05/2023 11:39:52.082110,277,True,True,True,True,Eyes,1.016048,0.03558031,-3.564895,0.9909295,0.134007,-0.01004183,0.0,0.0,0.0,0.0,0.0,0.0,0.0,-3.322928,-0.1180589,-1.634511,1.100033,0.03703808,-3.537792,-0.01971797,0.7595699,-0.003424001,0.6501179,358.829,98.89955,358.0279,0.2542254,0.01087337,-0.9670836,0.3183916,-0.01807756,-0.06371901,3.020556,0.2303819,-3.628586,-0.2125933,0.1470112,1.915001,-0.153916,-0.03440636,-0.9874847,-0.02550234,0.9991989,-0.03083954,0.9877546,0.02043647,-0.1546702,moving,-8.516595686133005,6.323289348212014,-6.334736241102958,4.3898842571152175,1.920523,0.19334382,-0.09079399999999982,-0.14721448092342176,0.10893832063175421,0.9830871412409885,-8.1482385198254,5.8628930810655895,2.8800946817104416,2.9152299882077632,2.3363530363297293
05/05/2023 11:39:52.092473,278,True,True,True,True,Eyes,1.02064,0.03608267,-3.563874,0.9908808,0.1343682,-0.01001983,0.0,0.0,0.0,0.0,0.0,0.0,0.0,-3.322743,-0.1679927,-1.633557,1.111765,0.04371902,-3.535452,-0.01789306,0.7584453,-0.01058106,0.6514053,359.584,98.69199,357.6544,0.2562164,0.01074605,-0.9665595,0.2992881,-0.0169929,-0.05989587,3.034225,0.2102592,-3.624516,-0.2085638,0.1442242,1.915,-0.1507021,-0.04092692,-0.9877317,-0.01335669,0.9991358,-0.03936157,0.988489,0.007260955,-0.1511185,moving,-8.395794005129881,7.048365068093612,-6.215619446603982,4.306980377429753,1.9224600000000003,0.16654018,-0.08906400000000003,-0.14493025665852594,0.12141157818976256,0.9819645713361932,-8.05002188845674,6.567579248620797,3.4572314540269433,3.502620608608615,2.911243647499396
05/05/2023 11:39:52.111992,279,True,True,True,True,Eyes,1.025422,0.03648057,-3.56278,0.9908977,0.1342426,-0.01004152,0.0,0.0,0.0,0.0,0.0,0.0,0.0,-3.318704,-0.1604924,-1.645613,1.123507,0.0472925,-3.533142,-0.02713976,0.7581914,-0.005068791,0.6514474,358.4142,98.69875,357.2616,0.2581297,0.01064492,-0.9660513,0.2813308,-0.01597333,-0.05630212,3.041541,0.2515312,-3.626423,-0.2048765,0.1416744,1.915,-0.1497599,-0.04775837,-0.9875685,-0.03455017,0.9984755,-0.04304648,0.9881187,0.02767403,-0.1511816,moving,-8.373433987073376,5.814237238308014,-6.106568173831165,4.231114470978371,1.918034,0.2042387,-0.09328100000000017,-0.1448909466034859,0.10023452479166181,0.984357563731846,-7.994961184536416,5.366644024395201,2.736449094280735,2.764951773844119,2.203509820618794
05/05/2023 11:39:52.132155,280,True,True,True,True,Eyes,1.030469,0.03693102,-3.561599,0.9910299,0.1332515,-0.01018262,0.0,0.0,0.0,0.0,0.0,0.0,0.0,-3.312256,-0.190566,-1.655558,1.132829,0.04530407,-3.530279,-0.02441123,0.7584297,-0.0109854,0.6512049,359.1331,98.722,357.057,0.2599782,0.01056455,-0.9655564,0.2644509,-0.01501493,-0.05292399,3.052613,0.2234896,-3.628808,-0.2011326,0.1390853,1.915,-0.1506725,-0.05133589,-0.9872499,-0.02272091,0.9985668,-0.04845672,0.9883226,0.01513012,-0.151623,moving,-8.454150282423647,6.444536473425187,-5.995797512221704,4.154064034743209,1.919784,0.17818553,-0.09852899999999964,-0.14610880246157232,0.11103684205173533,0.9830172675221671,-8.090633559824346,5.980450521078434,3.3205571546314174,3.360024156925265,2.7792131375271287
05/05/2023 11:39:52.142454,281,True,True,True,True,Eyes,1.035702,0.03737782,-3.560368,0.9911644,0.1322395,-0.01029239,0.0,0.0,0.0,0.0,0.0,0.0,0.0,-3.30667,-0.2085546,-1.667286,1.144099,0.04712401,-3.52792,-0.02058734,0.7586729,-0.0150045,0.6509736,359.7687,98.74388,357.0896,0.2617761,0.01050428,-0.9650712,0.2485839,-0.01411403,-0.04974855,3.06511,0.2009479,-3.631268,-0.1970545,0.1362656,1.915,-0.1516193,-0.05077317,-0.9871342,-0.01170305,0.998702,-0.04957064,0.9883698,0.00403662,-0.1520166,moving,-8.506421913628927,7.02509431678714,-5.875087703283247,4.070133931845176,1.9210109999999998,0.15382389000000002,-0.103348,-0.1468338150647301,0.12097841876773649,0.9817352695230608,-8.157236846550429,6.5456707974810895,3.907346540692966,3.9567297864665814,3.3669700748948768
05/05/2023 11:39:52.162518,282,True,True,True,True,Eyes,1.04111,0.03775915,-3.559098,0.9914158,0.1303356,-0.01036472,0.0,0.0,0.0,0.0,0.0,0.0,0.0,-3.30396,-0.1972461,-1.675627,1.153773,0.04747498,-3.525527,-0.01876114,0.7586399,-0.01408964,0.6510875,359.8251,98.72974,357.3168,0.2635325,0.01046201,-0.9645935,0.2336688,-0.01326719,-0.04676364,3.07453,0.196014,-3.631281,-0.1934662,0.1337843,1.915,-0.1514662,-0.04681308,-0.9873533,-0.01011873,0.998899,-0.04580822,0.9884106,0.003052363,-0.1517731,moving,-8.459368064686773,7.0042110152679316,-5.7688324011948255,3.996262025003132,1.9207570000000003,0.14853902,-0.10575400000000013,-0.14603366834153836,0.12063502890936709,0.9818968591702635,-8.110804991090491,6.525039638700773,3.986252709535831,4.035683248789117,3.4466725738545207
05/05/2023 11:39:52.174108,283,True,True,True,True,Eyes,1.046712,0.038141,-3.557816,0.991687,0.1282573,-0.01034098,0.0,0.0,0.0,0.0,0.0,0.0,0.0,-3.304309,-0.1959935,-1.677547,1.163381,0.04645382,-3.523552,-0.01145889,0.7581395,-0.01708088,0.651768,0.6281061,98.61665,357.728,0.2652572,0.01043415,-0.964121,0.2196487,-0.01247116,-0.04395782,3.085777,0.164061,-3.628387,-0.1897157,0.1311906,1.915,-0.1501343,-0.0396404,-0.9878708,0.004890668,0.9991539,-0.04083643,0.9886535,-0.0109623,-0.1498135,moving,-8.34027959683308,7.74829406021769,-5.657731538102877,3.919029582606363,1.9223960000000002,0.11760718,-0.10483500000000001,-0.14375496739407184,0.13342107836451914,0.9805780448476442,-8.014770741202227,7.248230995331107,4.616612638550025,4.675396296239831,4.079119494625727
05/05/2023 11:39:52.192702,284,True,True,True,True,Eyes,1.052477,0.03856567,-3.556499,0.9919831,0.125954,-0.01025558,0.0,0.0,0.0,0.0,0.0,0.0,0.0,-3.305209,-0.1798715,-1.681493,1.173597,0.04686274,-3.522023,-0.006796605,0.7576447,-0.01658218,0.6524213,0.9315735,98.52047,358.1696,0.2669575,0.01041928,-0.9636517,0.2064698,-0.01172289,-0.04132035,3.09628,0.150069,-3.626434,-0.1858098,0.1284894,1.915001,-0.1486007,-0.03193596,-0.9883816,0.01133831,0.9993576,-0.0339953,0.9888324,-0.0162583,-0.1481431,moving,-8.201202510685107,7.982016865542583,-5.54197901286414,3.8385789592064343,1.9226830000000001,0.10320626000000001,-0.10441100000000025,-0.1412954016980143,0.13746914898527537,0.9803764074369639,-7.885495349257637,7.47471732179684,4.862823202621404,4.923367475115631,4.325918516436114
05/05/2023 11:39:52.212042,285,True,True,True,True,Eyes,1.058433,0.0390418,-3.555195,0.9922434,0.123897,-0.01012897,0.0,0.0,0.0,0.0,0.0,0.0,0.0,-3.306039,-0.1657884,-1.685371,1.183145,0.04838008,-3.520749,-0.002518182,0.7571762,-0.01604899,0.6530088,1.204161,98.43436,358.5801,0.2686407,0.01041723,-0.9631839,0.1940816,-0.01101952,-0.03884113,3.105943,0.1383827,-3.625152,-0.1819288,0.1258058,1.915001,-0.1471465,-0.02477367,-0.9888045,0.01714684,0.9994721,-0.0275926,0.9889662,-0.02101503,-0.1466441,moving,-8.074740747087754,8.193088576629066,-5.426922358633333,3.7586395348457646,1.922798,0.09000262,-0.10440300000000002,-0.13905896105502102,0.14112493286475264,0.9801767117005169,-7.767907092401485,7.679248148130247,5.102867870927743,5.164811760597883,4.566331286962874
05/05/2023 11:39:52.232050,286,True,True,True,True,Eyes,1.064577,0.03950414,-3.553866,0.9924505,0.1222378,-0.009996819,0.0,0.0,0.0,0.0,0.0,0.0,0.0,-3.305441,-0.1436461,-1.693914,1.193675,0.050039,-3.519738,-0.002182045,0.7569774,-0.01270712,0.6533139,0.9389414,98.39859,358.8592,0.2703127,0.0104281,-0.9627158,0.1824367,-0.01035835,-0.03651066,3.115572,0.1452522,-3.626071,-0.178003,0.1230915,1.915,-0.1463524,-0.01990699,-0.9890321,0.01329996,0.9996675,-0.02208913,0.989143,-0.01638688,-0.146039,moving,-7.9945360975418645,7.869870151142233,-5.310495638371727,3.677772622028314,1.9218969999999997,0.0952132,-0.10633300000000023,-0.13779375522505666,0.13561753106921043,0.9811323954374748,-7.681010299733504,7.364229836647421,4.9198592789217015,4.977725874339132,4.382842291817994
05/05/2023 11:39:52.252079,287,True,True,True,True,Eyes,1.070879,0.03991591,-3.552561,0.9926445,0.1206646,-0.009846401,0.0,0.0,0.0,0.0,0.0,0.0,0.0,-3.304109,-0.1194938,-1.703901,1.204175,0.05010742,-3.518827,-0.003910287,0.7568889,-0.00848339,0.653477,0.442981,98.38338,359.0255,0.2719788,0.0104502,-0.9622462,0.1714905,-0.009736845,-0.03432002,3.12466,0.1585367,-3.628103,-0.1739625,0.1202974,1.915,-0.1459053,-0.0170067,-0.9891524,0.005168096,0.9998254,-0.01795253,0.9892851,-0.007731402,-0.1457918,moving,-7.94633241795258,7.3050389638632724,-5.190618444373288,3.594510893539196,1.920485,0.10842928,-0.10927599999999993,-0.13714456758970345,0.1259503894458682,0.9825110012947085,-7.618796413499335,6.81433832538757,4.570448369079852,4.621901996455906,4.032782778756176
05/05/2023 11:39:52.262739,288,True,True,True,True,Eyes,1.07733,0.04030715,-3.551236,0.9928389,0.1190642,-0.009735942,0.0,0.0,0.0,0.0,0.0,0.0,0.0,-3.302886,-0.1130477,-1.712295,1.214259,0.04929689,-3.518086,-0.003624383,0.7567398,-0.007776263,0.65366,0.4028491,98.35696,359.1032,0.273644,0.01048103,-0.9617737,0.1612011,-0.009152634,-0.03226082,3.134197,0.1562468,-3.629879,-0.1703024,0.1177661,1.915,-0.145431,-0.01565149,-0.9892446,0.004680634,0.9998528,-0.01650744,0.9893574,-0.007030986,-0.1453363,moving,-7.913735134287235,7.182305570149558,-5.081987922111642,3.519067238631643,1.919938,0.10694990999999998,-0.11179300000000003,-0.1366219031955429,0.12385450304973897,0.9828502791793914,-7.583711902360882,6.694704498699203,4.5798195512233235,4.630130381227553,4.042684118365359
05/05/2023 11:39:52.282737,289,True,True,True,True,Eyes,1.083921,0.04069075,-3.549948,0.9930309,0.1174568,-0.009666872,0.0,0.0,0.0,0.0,0.0,0.0,0.0,-3.30076,-0.1185617,-1.721667,1.224127,0.04923639,-3.517427,-0.002684245,0.7567322,-0.008949348,0.6536584,0.5749933,98.35515,359.0968,0.2753121,0.01051915,-0.9612971,0.151529,-0.008603476,-0.03032517,3.143759,0.1475494,-3.633225,-0.1662029,0.1149311,1.915001,-0.1454472,-0.01576214,-0.9892405,0.007637123,0.9998254,-0.01705367,0.9893366,-0.01003536,-0.1453015,moving,-7.920915429631887,7.259979651539038,-4.960270108946475,3.4345557300014007,1.9196320000000002,0.09831301,-0.11579799999999985,-0.13672204558397721,0.1251850468494984,0.9826676462222292,-7.592804957841296,6.770327772546646,4.78518475037089,4.837281146922186,4.2494252376612245
05/05/2023 11:39:52.292036,290,True,True,True,True,Eyes,1.090642,0.04101529,-3.548634,0.9932293,0.1157482,-0.00989933,0.0,0.0,0.0,0.0,0.0,0.0,0.0,-3.297378,-0.1311176,-1.73349,1.234062,0.0494569,-3.517034,-0.002961227,0.7569481,-0.01060902,0.6533823,0.6985292,98.39339,358.9487,0.2769855,0.01056358,-0.9608158,0.1424373,-0.008087267,-0.02850566,3.15316,0.1411708,-3.638419,-0.1621274,0.112113,1.915,-0.1461656,-0.01834649,-0.98909,0.009380505,0.9997573,-0.01993058,0.9892156,-0.01219133,-0.145958,moving,-7.966814323890885,7.263659115381642,-4.839225510169325,3.3505367472635403,1.9190980000000002,0.09171390000000001,-0.12138499999999963,-0.1375083521974485,0.12523440146346385,0.9825517201054654,-7.637647242560861,6.774212209147864,4.95598938297159,5.009424962566308,4.421845526545457
05/05/2023 11:39:52.312406,291,True,True,True,True,Eyes,1.097477,0.04130977,-3.547354,0.9934551,0.113769,-0.01018374,0.0,0.0,0.0,0.0,0.0,0.0,0.0,-3.292901,-0.1523043,-1.745959,1.243673,0.0484339,-3.516489,-0.002825623,0.7572824,-0.01384696,0.6529347,0.9902479,98.4526,358.7184,0.2786672,0.01061211,-0.9603289,0.133891,-0.007602031,-0.02679532,3.162459,0.1284634,-3.643881,-0.1585278,0.1096237,1.915001,-0.1473368,-0.02236191,-0.9888337,0.01380273,0.9996006,-0.02466202,0.9889902,-0.01728223,-0.1469693,moving,-8.04740158119795,7.408110755383841,-4.732274608310068,3.2763053238505004,1.918786,0.0800295,-0.12739199999999995,-0.1388464177256264,0.1276871007021863,0.9820477616880087,-7.72009866570389,6.915295790593522,5.24050970262044,5.297346785931348,4.708433307904857
05/05/2023 11:39:52.332085,292,True,True,True,True,Eyes,1.104435,0.04160765,-3.546088,0.9937011,0.1115324,-0.0108954,0.0,0.0,0.0,0.0,0.0,0.0,0.0,-3.288099,-0.1811727,-1.758116,1.253252,0.04808026,-3.516026,-0.001355323,0.7576273,-0.01859574,0.6524211,1.513288,98.51414,358.4914,0.2803583,0.01066348,-0.9598359,0.1258576,-0.00714591,-0.0251876,3.171882,0.1085527,-3.649631,-0.1547996,0.1070456,1.915,-0.1486897,-0.02631817,-0.9885337,0.02221084,0.9993047,-0.02994576,0.9886345,-0.02640879,-0.1480017,moving,-8.116629668264855,7.769134647848824,-4.621472920280009,3.1994177368028747,1.91863,0.06047244,-0.13360499999999975,-0.13991806711003751,0.13385206689944215,0.9810742177914309,-7.797314276972022,7.267025435607847,5.690232797008476,5.753123789740956,5.160562054103491
05/05/2023 11:39:52.342686,293,True,True,True,True,Eyes,1.111507,0.04192244,-3.544856,0.9939388,0.10932,-0.01160886,0.0,0.0,0.0,0.0,0.0,0.0,0.0,-3.283762,-0.2016018,-1.770194,1.263092,0.04855006,-3.515616,-0.001167952,0.7579072,-0.02149888,0.6520071,1.780196,98.56441,358.2912,0.2820607,0.01071747,-0.9593365,0.1183061,-0.006717155,-0.02367635,3.181159,0.09778065,-3.655132,-0.1508593,0.1043209,1.915001,-0.149771,-0.02980524,-0.9882714,0.02626444,0.9990728,-0.03411133,0.988372,-0.03106527,-0.1488493,moving,-8.161408438296114,7.879060980676417,-4.504325050824825,3.1181420825233777,1.918067,0.04923059,-0.13951599999999997,-0.14064869418612352,0.13571988805481636,0.9807130176489276,-7.843928339995125,7.374278974641211,5.937844805574649,6.003383017741682,5.409958537131642
05/05/2023 11:39:52.363071,294,True,True,True,True,Eyes,1.118706,0.04224493,-3.543621,0.9941701,0.1070883,-0.0125663,0.0,0.0,0.0,0.0,0.0,0.0,0.0,-3.280239,-0.2163506,-1.781136,1.272914,0.04928387,-3.515178,-0.001690075,0.7580554,-0.02327153,0.6517727,1.89564,98.5912,358.1137,0.283776,0.01077426,-0.9588298,0.1112078,-0.006314126,-0.02225577,3.1903,0.09222509,-3.659773,-0.1468763,0.1015664,1.915001,-0.1503793,-0.03289782,-0.9880809,0.02777315,0.9989111,-0.0374853,0.9882383,-0.03307912,-0.1493019,moving,-8.158322762670814,7.840113893303495,-4.385871748567433,3.0359664349512507,1.917386,0.042941219999999995,-0.1445949999999998,-0.14060879274092475,0.13505398795688114,0.9808106806960619,-7.839870615045379,7.336363609413646,6.042699917706415,6.108291042132975,5.5157523537369855
05/05/2023 11:39:52.382265,295,True,True,True,True,Eyes,1.126022,0.04255271,-3.542422,0.9943745,0.1050623,-0.01346369,0.0,0.0,0.0,0.0,0.0,0.0,0.0,-3.277916,-0.2246712,-1.790735,1.283023,0.04978694,-3.514728,-0.003193732,0.7580094,-0.02378543,0.6518021,1.827805,98.58363,357.9445,0.2855056,0.01083375,-0.9583156,0.1045353,-0.005935278,-0.02092042,3.199675,0.09254408,-3.663176,-0.1429163,0.09882811,1.915,-0.1502879,-0.03584854,-0.9879922,0.02616503,0.9988481,-0.04022253,0.9882961,-0.0318958,-0.1491769,moving,-8.113369369168515,7.631819772829869,-4.268067426379935,2.954263529842983,1.916652,0.04275714,-0.14844800000000014,-0.13990665945080866,0.1315006557166476,0.981393758013247,-7.790434995859274,7.133398603966434,5.9923768067428,6.055235704538611,5.465550590955005
05/05/2023 11:39:52.392708,296,True,True,True,True,Eyes,1.133449,0.04280863,-3.541249,0.9945825,0.1029515,-0.01437984,0.0,0.0,0.0,0.0,0.0,0.0,0.0,-3.277051,-0.2270983,-1.798644,1.29312,0.04971486,-3.514417,-0.004902178,0.7577748,-0.0234688,0.6520757,1.671838,98.54327,357.8192,0.2872501,0.01089524,-0.9577934,0.09826317,-0.005579161,-0.01966519,3.209123,0.09533089,-3.66523,-0.1392594,0.09629986,1.915001,-0.1495466,-0.03803637,-0.9880228,0.02317738,0.9988503,-0.04196131,0.9884831,-0.02917495,-0.1484932,moving,-8.02271859073164,7.337758256463493,-4.15924348227566,2.8788139818402745,1.916003,0.04561603,-0.1508130000000003,-0.13844477619451256,0.12648834740083612,0.9822595799345417,-7.694140991902655,6.846680232950027,5.841453644907347,5.899883385106365,5.314081575424195
05/05/2023 11:39:52.412354,297,True,True,True,True,Eyes,1.14098,0.04300031,-3.540116,0.9947866,0.1008379,-0.01520834,0.0,0.0,0.0,0.0,0.0,0.0,0.0,-3.276715,-0.2271909,-1.805975,1.303212,0.04874126,-3.514154,-0.005408998,0.7575027,-0.02340194,0.6523901,1.627219,98.4959,357.7795,0.2890109,0.01095712,-0.9572628,0.0,0.0,0.0,3.21865,0.09307609,-3.667218,-0.1353282,0.09358102,1.915001,-0.1487159,-0.03872905,-0.9881214,0.02233973,0.9988462,-0.04251162,0.9886277,-0.02839652,-0.1476793,moving,-7.92491757255887,7.167162490874588,-4.042225647522387,2.7976672445472635,1.9154379999999998,0.04433483,-0.1530640000000001,-0.13681823391160308,0.12359134153126275,0.9828559947364306,-7.59420459999723,6.68004467679906,5.789722668321041,5.845321658593358,5.262072690991862
05/05/2023 11:39:52.432230,298,True,True,True,True,Eyes,1.148618,0.04314597,-3.538995,0.9949998,0.09858133,-0.01603363,0.0,0.0,0.0,0.0,0.0,0.0,0.0,-3.277322,-0.2290712,-1.811499,1.313228,0.04740988,-3.513976,-0.004588365,0.7570901,-0.02413344,0.6528487,1.750736,98.42305,357.7949,0.2907881,0.01101759,-0.9567238,0.0,0.0,0.0,3.228338,0.08484998,-3.668176,-0.1315884,0.09099512,1.915001,-0.1475355,-0.03845857,-0.9883089,0.02456335,0.998793,-0.04253339,0.9887519,-0.03055136,-0.1464127,moving,-7.803936956872549,7.164715373182459,-3.9308737352018923,2.720477817940572,1.9151099999999999,0.037440100000000004,-0.1541999999999999,-0.13474273024175698,0.12358484045886423,0.9831435000910802,-7.4762044471821545,6.676861392915888,5.840480677624737,5.89507134532571,5.312470315177764
05/05/2023 11:39:52.442341,299,True,True,True,True,Eyes,1.156356,0.04324845,-3.537925,0.9952102,0.09630904,-0.01677177,0.0,0.0,0.0,0.0,0.0,0.0,0.0,-3.278674,-0.2358202,-1.81527,1.323332,0.0464676,-3.513851,-0.003216988,0.7565141,-0.02569986,0.6534644,1.987429,98.32193,357.7948,0.2925826,0.01107554,-0.9561759,0.0,0.0,0.0,3.238161,0.07296787,-3.668663,-0.127446,0.08813021,1.915,-0.145948,-0.03845527,-0.9885446,0.02872049,0.9986584,-0.04308898,0.9888753,-0.03468023,-0.1446478,moving,-7.6677019970620774,7.273134323498432,-3.8075017683757246,2.6349497538491136,1.914829,0.026500270000000006,-0.15481200000000017,-0.13237286194809178,0.12548542844441554,0.9832247445556319,-7.346322269814839,6.781447889004583,5.9796874026899,6.034393250997419,5.451302351388479
05/05/2023 11:39:52.462681,300,True,True,True,True,Eyes,1.164191,0.04330773,-3.536898,0.9954244,0.09392142,-0.01757491,0.0,0.0,0.0,0.0,0.0,0.0,0.0,-3.279685,-0.2410772,-1.820471,1.333477,0.04555525,-3.514019,-0.002435026,0.7560557,-0.02682289,0.653953,2.141895,98.24188,357.7769,0.2943943,0.01113002,-0.955619,0.0,0.0,0.0,3.247964,0.06422427,-3.669744,-0.123741,0.08556847,1.915,-0.1446792,-0.03876384,-0.988719,0.03139978,0.9985492,-0.04374398,0.9889802,-0.03737441,-0.1432521,moving,-7.546153982528241,7.290004404925536,-3.6971249372020343,2.5584611924046445,1.914487,0.01866902,-0.15572500000000034,-0.13028132581176383,0.12581006668665756,0.9834624802079193,-7.228289666826942,6.797056173004316,6.045572873708692,6.099387326913852,5.516775485490748
05/05/2023 11:39:52.482251,301,True,True,True,True,Eyes,1.172124,0.04331884,-3.535929,0.9956371,0.09148578,-0.01836159,0.0,0.0,0.0,0.0,0.0,0.0,0.0,-3.279354,-0.2452333,-1.828507,1.343553,0.04457816,-3.514344,-0.001629233,0.7558817,-0.02779746,0.6541159,2.286237,98.21183,357.7729,0.296223,0.01118019,-0.9550531,0.0,0.0,0.0,3.257518,0.05563157,-3.67275,-0.1199089,0.08291884,1.915,-0.1442597,-0.03882854,-0.9887779,0.03390251,0.9984493,-0.0441546,0.9889591,-0.03989178,-0.1427196,moving,-7.473172782965189,7.294568771469659,-3.5829327225122842,2.4793388088061112,1.9139650000000001,0.01105341,-0.15840600000000027,-0.1290268985675227,0.1259092503684711,0.9836152453798401,-7.1572692359425,6.801013258602601,6.136987780180785,6.190347916012913,5.608275275096993
05/05/2023 11:39:52.492372,302,True,True,True,True,Eyes,1.180153,0.04327679,-3.535007,0.9958507,0.08894092,-0.01925662,0.0,0.0,0.0,0.0,0.0,0.0,0.0,-3.277386,-0.2509694,-1.839596,1.353853,0.04346353,-3.514762,-0.0004351054,0.7559991,-0.02914212,0.6539235,2.492796,98.23337,357.7759,0.2980689,0.01122516,-0.9544781,0.0,0.0,0.0,3.2671,0.04466664,-3.677739,-0.115886,0.08013678,1.915,-0.1447677,-0.03877131,-0.9887057,0.03745554,0.9983011,-0.04463187,0.9887564,-0.04349377,-0.1430696,moving,-7.4479277213021815,7.354726743291084,-3.4630242284507355,2.396251664704422,1.9132470000000001,0.0012031100000000003,-0.1629769999999997,-0.12857630415799537,0.126949417012858,0.9835404927525491,-7.13428132361759,6.859378606528599,6.307200795499402,6.361283750337243,5.779068329553631
05/05/2023 11:39:52.512355,303,True,True,True,True,Eyes,1.188271,0.0431716,-3.534142,0.9960644,0.08631751,-0.02012608,0.0,0.0,0.0,0.0,0.0,0.0,0.0,-3.274877,-0.2568529,-1.851442,1.364166,0.04214437,-3.515096,4.572771e-05,0.7561772,-0.03026999,0.6536665,2.627287,98.26542,357.7336,0.2999316,0.01126399,-0.953894,0.0,0.0,0.0,3.276651,0.03613231,-3.682876,-0.1120516,0.07748467,1.915,-0.1454405,-0.0395038,-0.9885782,0.03964211,0.9981675,-0.04571917,0.9885727,-0.04583874,-0.143608,moving,-7.436214525558034,7.332178356357233,-3.348705963514045,2.3170361256749232,1.9124850000000002,-0.00601206,-0.1677799999999996,-0.12838158992821813,0.12656556944203506,0.9836154658073666,-7.122255326676978,6.837361705633863,6.415851902461113,6.469882366686125,5.888379925332476
05/05/2023 11:39:52.532513,304,True,True,True,True,Eyes,1.19648,0.04299214,-3.533354,0.9963813,0.08190098,-0.02272863,0.0,0.0,0.0,0.0,0.0,0.0,0.0,-3.273003,-0.2688325,-1.861532,1.374387,0.04055799,-3.515613,0.001063055,0.7562106,-0.03247857,0.6535209,2.895284,98.27329,357.6562,0.3018107,0.01129557,-0.9533007,0.0,0.0,0.0,3.286132,0.02299113,-3.687336,-0.1083072,0.07489579,1.915,-0.1458185,-0.04084306,-0.9884679,0.04405863,0.997888,-0.04773182,0.9883298,-0.05051073,-0.1437111,moving,-7.307518431427332,7.338601019295699,-3.237045173198745,2.239700643828229,1.9117449999999998,-0.017566860000000004,-0.17172300000000007,-0.1261695203178127,0.12671208541814055,0.9838827957069309,-6.996973048636316,6.8427574138246126,6.471539321314422,6.524380245272064,5.94349974815361
05/05/2023 11:39:52.542277,305,True,True,True,True,Eyes,1.204781,0.04275854,-3.532627,0.996673,0.07751115,-0.02519972,0.0,0.0,0.0,0.0,0.0,0.0,0.0,-3.271856,-0.2816225,-1.870526,1.384883,0.03907931,-3.516218,0.002436583,0.7561154,-0.03489834,0.6535027,3.207889,98.25957,357.5932,0.3037063,0.01131861,-0.9526982,0.0,0.0,0.0,3.29583,0.008284379,-3.691318,-0.1043623,0.07216746,1.915,-0.1458569,-0.04192764,-0.9884169,0.04929699,0.9975523,-0.04958972,0.9880768,-0.05595897,-0.143433,moving,-7.165435891422863,7.394053136516824,-3.119378707084293,2.158190654906175,1.910947,-0.030794930999999998,-0.17510000000000003,-0.12371342665193841,0.12770405405123117,0.9840664285688832,-6.859962911973203,6.895769237431655,6.565034451874184,6.617011006887912,6.036275426077619
05/05/2023 11:39:52.562062,306,True,True,True,True,Eyes,1.213169,0.04247831,-3.532032,0.9969414,0.07315081,-0.02751129,0.0,0.0,0.0,0.0,0.0,0.0,0.0,-3.271834,-0.2915937,-1.878162,1.395369,0.03757283,-3.516952,0.003231138,0.7558666,-0.03671267,0.6536877,3.423974,98.21826,357.5246,0.3056177,0.01133247,-0.9520865,0.0,0.0,0.0,3.305575,-0.003279515,-3.694586,-0.1003344,0.06938208,1.915001,-0.1453642,-0.04311261,-0.9884386,0.05288185,0.9972835,-0.05127544,0.9879642,-0.05972406,-0.1426894,moving,-6.99992503871534,7.3552839329808295,-2.9992078216994607,2.0749661765768246,1.910206,-0.040852345,-0.1776340000000003,-0.12087995566604609,0.1270828538254846,0.9844988835427018,-6.6975748432357,6.856949835937139,6.574896530932996,6.624763683266197,6.0452697495129115
05/05/2023 11:39:52.582165,307,True,True,True,True,Eyes,1.425398,0.03433653,-3.518891,0.9960982,-0.03386397,-0.08149679,0.0,0.0,0.0,0.0,0.0,0.0,0.0,-3.272618,-0.3033257,-1.884754,1.406128,0.03626093,-3.517929,0.004315593,0.7554938,-0.03883641,0.6539896,3.688157,98.15623,357.4571,0.3075442,0.0113368,-0.951466,0.0,0.0,0.0,3.315646,-0.01596967,-3.697001,-0.0967095,0.06687605,1.915,-0.144558,-0.0442764,-0.9885051,0.05731801,0.9969462,-0.05303662,0.9878348,-0.06432603,-0.1415788,moving,-3.5522291921369797,1.5878304842444262,-2.891040646480524,2.0000829679254184,1.909518,-0.052230599999999995,-0.17907200000000012,-0.06193468952328046,0.027656128205258215,0.9976970241982555,-3.181244129377716,1.2224452263478867,0.7791729537989974,0.7791805972997824,0.8300232036584669
05/05/2023 11:39:52.592690,308,True,True,True,True,Eyes,1.425846,0.03427166,-3.518943,0.996105,-0.03379169,-0.08144338,0.0,0.0,0.0,0.0,0.0,0.0,0.0,-3.27445,-0.3072077,-1.89123,1.41703,0.03485982,-3.519085,0.004804854,0.7550607,-0.03965829,0.6544368,3.794481,98.08186,357.4352,0.3159387,0.01104108,-0.9487151,0.636687,-0.02442535,0.03942132,3.325972,-0.02369851,-3.699333,-0.09288292,0.06422972,1.915,-0.1433788,-0.04465177,-0.98866,0.0591636,0.9968083,-0.05359988,0.9878979,-0.06617778,-0.1402794,moving,-3.4867869911203586,1.7001894698562692,-2.77683131298686,1.9209988662228292,1.9089420000000001,-0.05855833,-0.18024800000000019,-0.06079168419233977,0.02961467602668186,0.997711088231846,-3.120478270516341,1.331334773376435,0.7434285830793247,0.7435010789755186,0.6824932042237711
05/05/2023 11:39:52.612156,309,True,True,True,True,Eyes,1.426717,0.03413774,-3.51904,0.9961191,-0.03376554,-0.08128049,0.0,0.0,0.0,0.0,0.0,0.0,0.0,-3.277252,-0.3085104,-1.896754,1.428215,0.0332104,-3.520275,0.004940353,0.75449,-0.04003042,0.6550711,3.83467,97.98245,357.4156,0.3229678,0.01079574,-0.9463481,0.5984858,-0.02295982,0.03705604,3.336689,-0.02960844,-3.701049,-0.08886866,0.06145354,1.915,-0.141715,-0.04499064,-0.9888845,0.05990043,0.9967463,-0.05393253,0.9880936,-0.06687765,-0.1385589,moving,-3.399420935223629,1.7448961123156603,-2.6569966980598254,1.8380264038250715,1.9084739999999998,-0.06281884,-0.180774,-0.05926888289826715,0.03039594481588557,0.9977791224462873,-3.036517173398104,1.3742542688746449,0.7480204682332748,0.7482426071301228,0.5992665386599435
05/05/2023 11:39:52.632665,310,True,True,True,True,Eyes,1.428012,0.03395805,-3.519196,0.9961478,-0.03363304,-0.08098531,0.0,0.0,0.0,0.0,0.0,0.0,0.0,-3.282101,-0.3113058,-1.898524,1.439262,0.03142777,-3.521508,0.005124283,0.7535613,-0.04065446,0.6560996,3.898853,97.82085,357.379,0.3288825,0.01058971,-0.9443112,0.5625767,-0.02158223,0.03483268,3.347497,-0.03619712,-3.700448,-0.08517283,0.05889808,1.915001,-0.1390147,-0.04562381,-0.989239,0.06106966,0.9966419,-0.05454716,0.9884058,-0.06799532,-0.1357616,moving,-3.259553509744604,1.8213489237374134,-2.5466460049467754,1.7616429168007872,1.9082350000000001,-0.06762489,-0.17894000000000032,-0.05683063242351305,0.03173181896964425,0.9978795579344732,-2.902232408923431,1.447714126667504,0.7149572755196119,0.7154033251679657,0.47433424498722015
05/05/2023 11:39:52.642542,311,True,True,True,True,Eyes,1.429714,0.03373764,-3.519416,0.9961922,-0.03340108,-0.08053298,0.0,0.0,0.0,0.0,0.0,0.0,0.0,-3.289108,-0.3100529,-1.897941,1.450728,0.03012675,-3.522928,0.004961443,0.7523386,-0.04053231,0.6575098,3.871122,97.60703,357.3669,0.3338885,0.0104143,-0.9425548,0.5288221,-0.0202873,0.03274272,3.35891,-0.03961744,-3.69873,-0.08100489,0.05601609,1.915001,-0.1353126,-0.0458354,-0.9897422,0.06076615,0.996665,-0.05446364,0.9889378,-0.06751243,-0.1320761,moving,-3.07173506932204,1.8152428200138293,-2.4221778931110287,1.6754929270521677,1.9081819999999998,-0.06974419,-0.175802,-0.05355940059222514,0.03163119893343575,0.9980636002860349,-2.718978857399416,1.4405274753005661,0.6638936535576325,0.664420467588122,0.37854930447611523
05/05/2023 11:39:52.662956,312,True,True,True,True,Eyes,1.431813,0.03346637,-3.519768,0.9962569,-0.03293193,-0.0799228,0.0,0.0,0.0,0.0,0.0,0.0,0.0,-3.298075,-0.2998181,-1.896168,1.462205,0.02890872,-3.524736,0.004625925,0.750965,-0.03909608,0.6591674,3.716408,97.36613,357.4387,0.3381671,0.01026189,-0.9410299,0.4970928,-0.01907006,0.03077815,3.370653,-0.0384935,-3.696011,-0.07728507,0.05344369,1.915,-0.1309541,-0.04459391,-0.9903852,0.05848955,0.9969002,-0.05262106,0.9896618,-0.0648181,-0.1279398,moving,-2.858108182122026,1.7009760997402787,-2.3110739360404216,1.5985917887859924,1.908448,-0.06740222,-0.17127500000000007,-0.04984079504642014,0.029646381286137377,0.9983170658647247,-2.50765146494776,1.3279310997840916,0.5561611066923188,0.5565330300311504,0.33451447418953206
05/05/2023 11:39:52.682171,313,True,True,True,True,Eyes,1.434298,0.03314891,-3.520191,0.9963359,-0.03238516,-0.07915755,0.0,0.0,0.0,0.0,0.0,0.0,0.0,-3.308095,-0.2846663,-1.893989,1.474012,0.02743521,-3.526791,0.004571434,0.7495081,-0.03711295,0.6609384,3.536006,97.11158,357.5764,0.3420568,0.01011715,-0.9396245,0.4672672,-0.01792586,0.02893146,3.382789,-0.03687757,-3.693082,-0.073514,0.05083585,1.915001,-0.1262794,-0.04220609,-0.9910966,0.0559114,0.9972035,-0.04959004,0.990418,-0.06167578,-0.1235664,moving,-2.637347692660646,1.5681704645406496,-2.198419061170069,1.5206236221089253,1.9087769999999997,-0.06431278,-0.1662910000000002,-0.045996949177955326,0.027337354992408122,0.9985674196704886,-2.288870418235611,1.1972493458454696,0.44128011635969194,0.4414963711826156,0.3357861976673729
05/05/2023 11:39:52.692626,314,True,True,True,True,Eyes,1.437157,0.03278726,-3.520738,0.9964234,-0.03167765,-0.078339,0.0,0.0,0.0,0.0,0.0,0.0,0.0,-3.318209,-0.269248,-1.891759,1.485754,0.02598679,-3.528967,0.004846004,0.7480581,-0.03520812,0.6626811,3.388048,96.85963,357.7372,0.3456055,0.009978085,-0.9383266,0.4392312,-0.01685031,0.02719557,3.394743,-0.03663233,-3.690747,-0.06933032,0.04794243,1.915,-0.1216608,-0.03941333,-0.991789,0.0539137,0.9974738,-0.04625273,0.9911065,-0.05909815,-0.1192286,moving,-2.4240705684410826,1.4766564606471155,-2.0734206562175874,1.4341123919262577,1.908989,-0.06261912,-0.1617799999999998,-0.04228137266204973,0.025746620266048455,0.9987739792209103,-2.0784972406256643,1.1067933245212216,0.35306342167233634,0.35322140185111933,0.32735843290826483
05/05/2023 11:39:52.712297,315,True,True,True,True,Eyes,1.440378,0.03237053,-3.521354,0.9965273,-0.03083485,-0.07734646,0.0,0.0,0.0,0.0,0.0,0.0,0.0,-3.32828,-0.2521677,-1.889902,1.497732,0.02458025,-3.531141,0.005144865,0.7466209,-0.0330821,0.6644069,3.223794,96.61057,357.9177,0.3488552,0.009842956,-0.9371247,0.4128773,-0.01583929,0.02556384,3.407038,-0.03535403,-3.687918,-0.06576113,0.04547427,1.915001,-0.1170743,-0.03627742,-0.9924604,0.05164247,0.9977582,-0.042563,0.9917797,-0.05623614,-0.1149385,moving,-2.2234549986612837,1.3756644732363439,-1.9667640889461877,1.360309565741642,1.909306,-0.059934280000000006,-0.15677699999999994,-0.038785704237698115,0.02398950229242687,0.9989595063969767,-1.880211323747298,1.007199338947182,0.25706293567539057,0.2571497546460708,0.3635632179283392
05/05/2023 11:39:52.732352,316,True,True,True,True,Eyes,1.443943,0.03192732,-3.522079,0.9966367,-0.02994673,-0.07627849,1.973726,3.411031,-0.02717934,-3.672632,-0.5589344,0.3104333,0.7689105,-0.072613,0.04664891,1.905177,1.509642,0.0227976,-3.533446,0.005480475,0.744963,-0.02991846,0.6664121,2.973886,96.32385,358.1804,0.3518438,0.009709907,-0.936008,0.3881046,-0.01488893,0.02403001,3.419406,-0.03183091,-3.684164,-0.061948,0.04283812,1.915001,-0.1117299,-0.03171054,-0.9932325,0.04804154,0.9981497,-0.03727178,0.9925767,-0.0518808,-0.1099998,moving,-1.9856781647434227,1.194370819222166,-1.8528040747424974,1.2814793281050947,1.909764,-0.05462851,-0.1507179999999999,-0.03464216434468914,0.020831681724198643,0.9991826099103809,-1.6435355133672513,0.8292266631932135,0.1588817592597851,0.15888176771858142,0.4983229913419242
05/05/2023 11:39:52.742288,317,True,True,True,True,Eyes,1.447855,0.03159572,-3.522864,0.9967557,-0.02922815,-0.07499249,1.979923,3.421355,-0.02627376,-3.671343,-0.6874363,0.5201856,0.5067921,-0.064732,0.04733168,1.903568,1.521551,0.02176844,-3.535563,0.007345601,0.7430499,-0.02767397,0.6686233,2.920437,95.99778,358.503,0.3546052,0.009577991,-0.9349668,0.3648184,-0.0139956,0.02258821,3.431663,-0.03418569,-3.678923,-0.05808158,0.04016398,1.915,-0.1057779,-0.02609063,-0.9940475,0.04792322,0.9983604,-0.03130341,0.9932343,-0.05094916,-0.1043541,moving,-1.7267363727991658,1.2001212619668469,-1.7372373597895132,1.201508725310042,1.9101119999999998,-0.05595413,-0.14336000000000038,-0.030126070520802573,0.020935030137893162,0.9993268875495215,-1.3912691442343799,0.8331045938890249,0.01058901511347869,0.010592251049713454,0.505386594818736
05/05/2023 11:39:52.762223,318,True,True,True,True,Eyes,1.452088,0.03158943,-3.523731,0.996875,-0.02857884,-0.07364385,0.0,0.0,0.0,0.0,0.0,0.0,0.0,-3.366793,-0.1933927,-1.86992,1.533809,0.02412178,-3.537816,0.01063531,0.7409026,-0.02679636,0.6709935,3.094298,95.63799,358.8408,0.3571691,0.009450032,-0.9339917,0.3429293,-0.01315586,0.02123292,3.444093,-0.04071263,-3.672677,-0.05423261,0.03750303,1.915001,-0.09930941,-0.02020091,-0.9948516,0.05171982,0.9983377,-0.02543454,0.9937117,-0.05397943,-0.09809954,moving,-1.4419865897503314,1.4272618812425668,-1.6221763660705406,1.1219266719743501,1.910284,-0.06483441,-0.13486100000000034,-0.025156953774570556,0.02489995909074988,0.9993733296809714,-1.1198118376723125,1.0522205357722902,0.35451434207430954,0.3545390606254728,0.5071775476270556
05/05/2023 11:39:52.782060,319,True,True,True,True,Eyes,1.4567,0.03161253,-3.524641,0.9970263,-0.02699577,-0.07217786,1.997727,3.448486,-0.02231766,-3.668833,-0.5378475,0.7887076,-0.2977591,-0.04536277,0.04632093,1.906755,1.545748,0.03188344,-3.540121,0.0125709,0.73838,-0.02443374,0.6738248,3.039473,95.21274,359.1758,0.3595621,0.009334132,-0.9330742,0.3223535,-0.01236651,0.01995894,3.456553,-0.03415113,-3.66437,-0.05037535,0.03483529,1.915,-0.09160408,-0.01436392,-0.9956918,0.05149232,0.99849,-0.01914161,0.9944632,-0.05302393,-0.09072611,moving,-1.0934651603886978,1.4767038337043512,-1.5068561160504834,1.042138374453532,1.910805,-0.06603457,-0.12424899999999983,-0.019077071906845988,0.025765799035444285,0.9994858912917624,-0.7813991691288038,1.098015574537947,0.5997794834725805,0.5997826444611747,0.7276056922029943
05/05/2023 11:39:52.792249,320,True,True,True,True,Eyes,1.461525,0.03161994,-3.525597,0.9971588,-0.02631424,-0.07058263,0.0,0.0,0.0,0.0,0.0,0.0,0.0,-3.392633,-0.112956,-1.859254,1.559432,0.03238671,-3.542127,0.006738059,0.7371084,-0.01328188,0.6756105,1.643753,94.97861,359.5407,0.3618095,0.009229831,-0.9322061,0.3030123,-0.01162452,0.0187614,3.471377,0.01005227,-3.662147,-0.04661965,0.03223803,1.915001,-0.08701038,-0.0080134,-0.9961753,0.02788012,0.9995564,-0.01047577,0.9958174,-0.02868498,-0.08674829,moving,-0.9304977408538502,0.1282299662263217,-1.3945589037436898,0.9644530729535782,1.911945,-0.022334439999999997,-0.12002000000000024,-0.01623949488420956,0.002237738135802143,0.9998656362911347,-0.586189712287615,-0.21510897473572996,0.9561114678012641,0.9563586393854844,1.4299746060837382
05/05/2023 11:39:52.812430,321,True,True,True,True,Eyes,1.466664,0.03180663,-3.526585,0.9972912,-0.02615946,-0.06874494,0.0,0.0,0.0,0.0,0.0,0.0,0.0,-3.407529,-0.0912283,-1.844102,1.569436,0.0321154,-3.543462,0.01867194,0.7345517,-0.01442994,0.6781424,2.666565,94.58374,0.4508318,0.3639302,0.009135537,-0.931381,0.2848316,-0.01092705,0.01763572,3.48104,-0.02775417,-3.653557,-0.04279359,0.02959235,1.915001,-0.0795488,0.007859898,-0.9968,0.04700211,0.9988863,0.004125389,0.9957223,-0.04652353,-0.07982962,moving,-0.6311906867900356,1.172474233668856,-1.2801476806028693,0.8853164156280285,1.911604,-0.059869570000000004,-0.11009500000000028,-0.011013826261160764,0.02046086568638712,0.9997299486996416,-0.3225652872670858,0.7989394142755748,0.709615536697933,0.7096511764807829,0.9614702420716562
05/05/2023 11:39:52.832654,322,True,True,True,True,Eyes,1.472038,0.03202774,-3.527564,0.9974152,-0.02614464,-0.06692795,0.0,0.0,0.0,0.0,0.0,0.0,0.0,-3.423013,-0.05781104,-1.831058,1.582042,0.03662529,-3.545269,0.02897039,0.7318138,-0.01280385,0.6807683,3.335599,94.18085,1.433193,0.3659438,0.009054909,-0.9305925,0.2677417,-0.01027142,0.01657758,3.493075,-0.04906759,-3.64552,-0.0386826,0.02674964,1.915,-0.07143065,0.02496896,-0.997133,0.05983477,0.9979936,0.02070419,0.9956493,-0.05818431,-0.07278135,moving,-0.29595616316149614,1.8453957189700438,-1.1572054033901438,0.8002829268696419,1.9110330000000002,-0.08569288,-0.10025100000000009,-0.005162707545341427,0.032202233363023317,0.9994680267523353,-0.013909735133328716,1.451458332171105,1.3542100483402193,1.354256623393927,1.3157334051867504
05/05/2023 11:39:52.842413,323,True,True,True,True,Eyes,1.477627,0.03231099,-3.528565,0.9975252,-0.02707207,-0.0648893,0.0,0.0,0.0,0.0,0.0,0.0,0.0,-3.438997,-0.00791385,-1.815142,1.592979,0.03767943,-3.547182,0.03255296,0.7289445,-0.007160306,0.6837608,3.150324,93.72329,2.161925,0.3678662,0.008987462,-0.929835,0.2516772,-0.009655138,0.01558292,3.504611,-0.04487221,-3.635842,-0.03478216,0.02405231,1.915,-0.06282294,0.03766674,-0.9973136,0.05725048,0.997778,0.03407795,0.9963812,-0.05495581,-0.06483977,moving,0.05891766234742902,1.5979343809389266,-1.040549278201904,0.7195944602682337,1.9116320000000002,-0.08255164000000001,-0.08865999999999996,0.0010279071497834025,0.027885586773567526,0.999610614349808,0.3386978730215799,1.2083290189504634,1.4071238412907625,1.4072343691101028,1.4632785698589348
05/05/2023 11:39:52.862248,324,True,True,True,True,Eyes,1.483476,0.03270187,-3.529592,0.9976234,-0.02813753,-0.06289525,0.0,0.0,0.0,0.0,0.0,0.0,0.0,-3.454827,-0.04031317,-1.797117,1.603694,0.03963703,-3.548757,0.04170246,0.7259616,-0.01453227,0.6863158,4.493263,93.30759,2.334102,0.3697107,0.008933478,-0.9291036,0.2365766,-0.00907583,0.01464795,3.513015,-0.09045362,-3.627456,-0.03075182,0.02126548,1.914999,-0.05446283,0.04060132,-0.99769,0.08049621,0.9960995,0.03614239,0.9952658,-0.07834185,-0.05751875,moving,0.4172959603904693,2.8662871321449006,-0.9199994721513401,0.6362260106045553,1.9093210000000003,-0.13009065,-0.07869899999999985,0.007274012960380216,0.05000396093255829,0.9987225209842476,0.6538656170843722,2.44003970568386,2.5999351173677043,2.6002945371059347,2.3939079275675144
05/05/2023 11:39:52.882181,325,True,True,True,True,Eyes,1.48952,0.03302333,-3.530617,0.9977241,-0.02912807,-0.06081318,0.0,0.0,0.0,0.0,0.0,0.0,0.0,-3.465847,-0.05659438,-1.789131,1.615822,0.04265291,-3.550153,0.04050061,0.7240554,-0.01592377,0.6883677,4.520628,92.97812,2.11132,0.371491,0.008894373,-0.9283935,0.222382,-0.00853128,0.01376907,3.525128,-0.09058796,-3.621641,-0.02713371,0.01876319,1.915,-0.04901958,0.03672655,-0.9981223,0.08057219,0.9962123,0.03269923,0.9955427,-0.078818,-0.05179295,moving,0.6150528545318446,2.8307236658031827,-0.8117718225664354,0.5613666825957955,1.909306,-0.13324087,-0.071488,0.010721394849844135,0.04938251488212485,0.9987224268838852,0.8476013326470379,2.4041255979882523,2.680163541800618,2.6806360768311586,2.4797741204596644
05/05/2023 11:39:52.892733,326,True,True,True,True,Eyes,1.495753,0.03322787,-3.531644,0.9978024,-0.03066016,-0.05873784,0.0,0.0,0.0,0.0,0.0,0.0,0.0,-3.473641,-0.07459959,-1.784995,1.626518,0.04132503,-3.551153,0.03814483,0.7226855,-0.01771039,0.6898963,4.486836,92.72858,1.764481,0.3732172,0.008866831,-0.9277012,0.209039,-0.008019403,0.01294293,3.535798,-0.09327967,-3.618543,-0.02309635,0.0159713,1.914999,-0.04517598,0.03069677,-0.9985073,0.07957011,0.9964626,0.02703388,0.995805,-0.07823005,-0.04745872,moving,0.7246013406813612,2.7087730919762536,-0.6909973416841879,0.47784195561928,1.9092800000000003,-0.1346047,-0.06739000000000006,0.01263221270871967,0.047255624187431455,0.9988028543659597,0.9576782336021573,2.2847431446717974,2.6416587111274974,2.6421531682856876,2.4460218845188533
05/05/2023 11:39:52.912437,327,True,True,True,True,Eyes,1.502165,0.0334384,-3.532632,0.9978728,-0.03248516,-0.05651994,0.0,0.0,0.0,0.0,0.0,0.0,0.0,-3.481922,-0.1089826,-1.777863,1.637324,0.03885971,-3.551635,0.04152285,0.7209372,-0.02385725,0.691344,5.267875,92.472,1.547038,0.3748988,0.008846609,-0.9270231,0.1964967,-0.007538239,0.01216635,3.544487,-0.1241803,-3.614276,-0.01932182,0.01336126,1.915,-0.04063914,0.0268836,-0.9988123,0.09285786,0.9954134,0.02301399,0.9948499,-0.09181228,-0.04294901,moving,0.8625201591487567,3.3841411877748615,-0.5780789418718913,0.3997552923884382,1.9071630000000002,-0.16304000999999999,-0.06264099999999972,0.015027003581805642,0.059023402291095955,0.9981434472875154,1.0739207558762711,2.9409510652864883,3.3131542827266363,3.3138927174009303,3.0309699697547217
05/05/2023 11:39:52.933307,328,True,True,True,True,Eyes,1.508758,0.03371722,-3.533585,0.9979402,-0.0341888,-0.05428109,0.0,0.0,0.0,0.0,0.0,0.0,0.0,-3.491825,-0.1350187,-1.766726,1.648028,0.03929888,-3.551739,0.04357819,0.7188254,-0.02804478,0.6932566,5.781803,92.14382,1.36877,0.3765444,0.008833116,-0.9263561,0.1847069,-0.007085944,0.01143637,3.553589,-0.1432918,-3.607257,-0.01555201,0.01075443,1.915001,-0.03499276,0.02376576,-0.9991051,0.1015347,0.9946288,0.02010312,0.9942165,-0.1007403,-0.03721797,moving,1.0623293299675631,3.79807991124442,-0.4652973796037682,0.3217632640510014,1.905561,-0.18259068,-0.05551800000000018,0.018499375968221876,0.06622912502608769,0.9976329132702735,1.2575415323658625,3.342381900510333,3.796081870875436,3.7971595693820697,3.477400014884991
05/05/2023 11:39:52.942071,329,True,True,True,True,Eyes,1.515541,0.03401217,-3.534491,0.998023,-0.0355901,-0.05180075,0.0,0.0,0.0,0.0,0.0,0.0,0.0,-3.504304,-0.1495422,-1.750913,1.658957,0.04126713,-3.55167,0.04301126,0.7162524,-0.02959369,0.6958855,5.869034,91.71293,1.176584,0.3781618,0.008827438,-0.925697,0.1736245,-0.006660787,0.01075019,3.564211,-0.1468382,-3.596922,-0.01155772,0.007992493,1.915,-0.02778667,0.02042619,-0.9994051,0.1028015,0.9945485,0.01746872,0.9943137,-0.1022549,-0.02973505,moving,1.3387006963079442,3.802377294877685,-0.34579662481471385,0.23912974295714085,1.9052539999999998,-0.18810533000000002,-0.04525200000000007,0.023311207959504976,0.06629727608579056,0.9975275135126078,1.5268377453103887,3.344730444220707,3.9398577522297695,3.941353110435192,3.626501785448698
05/05/2023 11:39:52.962653,330,True,True,True,True,Eyes,1.522486,0.03429952,-3.53535,0.9981119,-0.03671125,-0.04924307,0.0,0.0,0.0,0.0,0.0,0.0,0.0,-3.517987,-0.1464924,-1.734118,1.67026,0.04191249,-3.551525,0.04024443,0.7135061,-0.02818562,0.6989242,5.536326,91.23318,1.037945,0.3797578,0.008829197,-0.9250433,0.163207,-0.00626114,0.01010517,3.576562,-0.1376063,-3.584652,-0.007810961,0.005401263,1.915,-0.01977077,0.01803007,-0.999642,0.09682851,0.9951719,0.01603438,0.9951047,-0.09647683,-0.02142116,moving,1.654989125446113,3.402318845680676,-0.23369849472916282,0.16160248214597464,1.906302,-0.17951878999999998,-0.03312700000000035,0.028830129741020782,0.05932210367168603,0.9978224653595844,1.845944563910173,2.953382421870024,3.749108968212569,3.750917684445358,3.481228300929485
05/05/2023 11:39:52.982143,331,True,True,True,True,Eyes,1.529574,0.03461549,-3.536162,0.9982017,-0.03785839,-0.04647522,0.0,0.0,0.0,0.0,0.0,0.0,0.0,-3.531991,-0.1408785,-1.715967,1.681054,0.04200524,-3.551287,0.03951566,0.7106216,-0.02722527,0.7019362,5.403473,90.75331,1.032562,0.3813382,0.008837428,-0.9243929,0.1534146,-0.005885472,0.009498864,3.587689,-0.1356218,-3.57227,-0.004036149,0.002791208,1.915,-0.0114483,0.01794055,-0.9997736,0.09438218,0.9953946,0.01678121,0.9954702,-0.09416868,-0.01308893,moving,1.9720083237618293,3.1976993415688746,-0.12075924843964343,0.08351139681081905,1.906635,-0.17762703999999999,-0.020983000000000196,0.03435772562061212,0.05574847556347217,0.9978534420509144,2.1604960387247814,2.752188569500585,3.749854867635646,3.7520451311963785,3.510835162358251
05/05/2023 11:39:52.992629,332,True,True,True,True,Eyes,1.536798,0.03493996,-3.536899,0.9982846,-0.03888895,-0.04376559,0.0,0.0,0.0,0.0,0.0,0.0,0.0,-3.545157,-0.1439918,-1.698327,1.691545,0.04302399,-3.551058,0.04014774,0.7078319,-0.02779118,0.7046914,5.504647,90.30367,1.017004,0.382908,0.008852215,-0.9237436,0.1442097,-0.005532343,0.008928932,3.597686,-0.1406786,-3.561166,5.292706e-06,-3.475812e-06,1.915,-0.003596608,0.01766729,-0.9998376,0.09600411,0.9952316,0.01724057,0.9953746,-0.09592649,-0.005275649,moving,2.2662923231629923,3.2346525300994657,0.00015835494308239986,-0.00010399444280976868,1.9061409999999999,-0.18370259,-0.010108000000000228,0.03948104571979999,0.05638135645933853,0.9976283424051196,2.4463736460567387,2.786191910423037,3.9468008609907574,3.949558574700334,3.7077505471580015
05/05/2023 11:39:53.012633,333,True,True,True,True,Eyes,1.544134,0.03523218,-3.537577,0.9983565,-0.04006689,-0.04097359,0.0,0.0,0.0,0.0,0.0,0.0,0.0,-3.555299,-0.1470646,-1.686726,1.702004,0.04359028,-3.550788,0.04015459,0.7056536,-0.02814986,0.7068579,5.53739,89.94928,0.9714211,0.3844714,0.008873106,-0.9230938,0.1355571,-0.005200403,0.008393196,3.607825,-0.1437342,-3.552923,0.003777728,-0.002612208,1.915,0.002521062,0.01687456,-0.9998545,0.09646638,0.9951904,0.01703909,0.9953331,-0.09649529,0.0008811433,moving,2.457314629689355,3.1979991297329895,0.11302746202386832,-0.07815582286197574,1.905821,-0.18732448000000002,-0.002134999999999998,0.042808435475405415,0.0557354949366032,0.997527385238285,2.6335737353306086,2.7492619741652358,4.025430400335261,4.028507614228077,3.787802121920667
05/05/2023 11:39:53.032282,334,True,True,True,True,Eyes,1.551565,0.03550335,-3.538136,0.9984022,-0.04151162,-0.03833699,0.0,0.0,0.0,0.0,0.0,0.0,0.0,-3.56273,-0.1590149,-1.678652,1.712035,0.04315281,-3.550109,0.04138405,0.703877,-0.03024462,0.70847,5.809181,89.67236,0.8871613,0.3860321,0.008898646,-0.922442,0.1274237,-0.004888379,0.007889604,3.616697,-0.1557542,-3.54685,0.007552497,-0.005222724,1.915,0.007284711,0.01540375,-0.9998549,0.1011134,0.9947453,0.01606173,0.9948483,-0.1012157,0.005688862,moving,2.581690017363731,3.3882901612261973,0.22596551402476808,-0.15626073151355757,1.9046619999999999,-0.19890701,0.003258999999999901,0.04496516251253768,0.05904257489924968,0.9972421976990404,2.7496882599273107,2.9335873621800643,4.252385781860309,4.255969803329648,3.9895285110258305
05/05/2023 11:39:53.042433,335,True,True,True,True,Eyes,1.559077,0.03579882,-3.53862,0.9984344,-0.04315394,-0.03558574,0.0,0.0,0.0,0.0,0.0,0.0,0.0,-3.569745,-0.1789805,-1.66925,1.72175,0.04303257,-3.548977,0.04367501,0.702018,-0.03375651,0.7100167,6.281613,89.39323,0.7716128,0.3875929,0.008927827,-0.921787,0.1197783,-0.004595076,0.007416228,3.624406,-0.1743518,-3.540589,0.01165407,-0.008059056,1.915,0.01206244,0.01338593,-0.9998377,0.1092567,0.993906,0.01462463,0.9939404,-0.1094153,0.01052644,moving,2.7023636664740764,3.769746201474427,0.348679259591145,-0.2411212374664438,1.9026560000000001,-0.21738437,0.008387999999999618,0.04704586906481334,0.06567421931966716,0.9967313788844616,2.857041744659167,3.30393784138088,4.646055946181462,4.650471793265706,4.342732576272048
05/05/2023 11:39:53.066322,336,True,True,True,True,Eyes,1.56668,0.03611847,-3.539022,0.9984523,-0.04478423,-0.03297734,0.0,0.0,0.0,0.0,0.0,0.0,0.0,-3.577592,-0.2000607,-1.657062,1.731201,0.04397145,-3.547683,0.04500303,0.6999406,-0.03695596,0.7118231,6.649907,89.07034,0.5991542,0.3891557,0.008960904,-0.921128,0.1125916,-0.004319371,0.006971254,3.632087,-0.1883994,-3.532636,0.01568399,-0.01084584,1.914999,0.01743487,0.01038666,-0.999794,0.1156111,0.993218,0.01233442,0.9931415,-0.1158023,0.01611585,moving,2.868156951822511,4.050342829023135,0.46924637623073895,-0.32449845301816843,1.9008859999999999,-0.23237085,0.015047000000000033,0.04991321700910134,0.07054491915423165,0.9962591092355358,3.011097192436758,3.575854491621255,4.984057626727552,4.989389561132588,4.655508421709129
05/05/2023 11:39:53.081950,337,True,True,True,True,Eyes,1.574367,0.03647565,-3.539352,0.9984667,-0.04632027,-0.03030939,0.0,0.0,0.0,0.0,0.0,0.0,0.0,-3.584393,-0.2156396,-1.647966,1.741026,0.04492348,-3.546403,0.04535408,0.6981289,-0.0390396,0.7134669,6.847471,88.78123,0.4396801,0.3907228,0.008998106,-0.920464,0.1058361,-0.004060209,0.006552979,3.64078,-0.1964354,-3.525298,0.01920626,-0.01328144,1.914999,0.02218413,0.007619045,-0.9997248,0.1190329,0.9928378,0.01020793,0.9926425,-0.1192266,0.02111832,moving,2.99425013573666,4.1662744201723125,0.574622098141661,-0.39736744357902093,1.899754,-0.24135888,0.021105000000000373,0.05209807659205484,0.07255247979873618,0.9960029646714899,3.130890484655273,3.6878179236206945,5.1594706083964414,5.165406750769931,4.819050482021493
05/05/2023 11:39:53.092609,338,True,True,True,True,Eyes,1.582133,0.03681751,-3.539588,0.9984778,-0.04761494,-0.02783532,0.0,0.0,0.0,0.0,0.0,0.0,0.0,-3.589726,-0.2224698,-1.642758,1.750709,0.04618065,-3.54502,0.04445893,0.696699,-0.03943522,0.7148979,6.806471,88.54181,0.3210967,0.3922963,0.009039996,-0.9197941,0.0,0.0,0.0,3.650311,-0.19649,-3.519832,0.02307031,-0.01595332,1.915,0.02611088,0.005564659,-0.9996437,0.1183333,0.9929366,0.008618225,0.9926307,-0.1185161,0.02526798,moving,3.082048245651607,4.056287237159945,0.6902179911471367,-0.4773037914602182,1.8996019999999998,-0.24267065,0.025187999999999988,0.05363165537986392,0.07063463628884023,0.9960593849470547,3.2194422549281962,3.58021989771463,5.119809968776387,5.125846230735775,4.781262789756897
05/05/2023 11:39:53.112432,339,True,True,True,True,Eyes,1.58996,0.03709752,-3.539753,0.9984804,-0.0489229,-0.02536714,0.0,0.0,0.0,0.0,0.0,0.0,0.0,-3.593556,-0.217609,-1.642358,1.760387,0.04602958,-3.543622,0.04328986,0.6956854,-0.03831926,0.7160166,6.621436,88.36765,0.3090419,0.3938769,0.00908568,-0.9191179,0.0,0.0,0.0,3.66047,-0.1933122,-3.516768,0.02718186,-0.01879663,1.915001,0.02910705,0.005357788,-0.999562,0.1151067,0.9933153,0.008676212,0.9929268,-0.1153088,0.02829575,moving,3.1112954402009687,3.796500852131282,0.8132117306340706,-0.5623667997189351,1.9000830000000002,-0.23934178,0.026854000000000156,0.054156909979710566,0.06611579293862485,0.9963411976556509,3.2549550569620354,3.3272578845638865,4.921897442874756,4.927566939425885,4.5925255204788344
05/05/2023 11:39:53.132339,340,True,True,True,True,Eyes,1.597844,0.03731608,-3.539828,0.9984671,-0.05031589,-0.02306335,0.0,0.0,0.0,0.0,0.0,0.0,0.0,-3.596654,-0.2079113,-1.643473,1.769678,0.04483265,-3.542086,0.04500522,0.6947874,-0.03770634,0.7168148,6.714183,88.24071,0.4892989,0.3954661,0.009133198,-0.9184347,0.0,0.0,0.0,3.669141,-0.1999604,-3.51475,0.03081035,-0.02130587,1.915001,0.03169736,0.008481194,-0.9994617,0.116595,0.9931055,0.01212503,0.9926738,-0.1169166,0.03048997,moving,3.1179948068647034,3.799507255189733,0.9217492446531312,-0.6374336435560368,1.8994630000000001,-0.24479305,0.027336000000000027,0.05427322368543436,0.06616765751736815,0.9963314784606476,3.2614046941642387,3.330138640883688,4.945038443203644,4.950751368075047,4.606041408268197
05/05/2023 11:39:53.142001,341,True,True,True,True,Eyes,1.605772,0.03746315,-3.539832,0.9984418,-0.05179297,-0.0207736,0.0,0.0,0.0,0.0,0.0,0.0,0.0,-3.59986,-0.1944804,-1.644712,1.778938,0.04369226,-3.54053,0.04846671,0.6938497,-0.03719756,0.7175236,6.959691,88.12677,0.8010189,0.3970646,0.009180779,-0.9177443,0.0,0.0,0.0,3.677105,-0.2117552,-3.513605,0.0348041,-0.02406751,1.915001,0.03437803,0.01387696,-0.9993128,0.1206375,0.9925346,0.01793299,0.9921013,-0.121171,0.03244731,moving,3.123807830292368,3.94347698402363,1.0412049511007806,-0.7200487884272686,1.8981670000000002,-0.25544746,0.026924999999999866,0.05436508888580194,0.06867062747505841,0.9961570479689643,3.2631908898367383,3.4701803712101724,5.101405884690737,5.107416899248665,4.742914918298262
05/05/2023 11:39:53.162423,342,True,True,True,True,Eyes,1.613742,0.03755605,-3.539811,0.9983984,-0.05341043,-0.01865418,0.0,0.0,0.0,0.0,0.0,0.0,0.0,-3.602586,-0.1768559,-1.64683,1.787941,0.04214337,-3.538846,0.05188902,0.692987,-0.03616001,0.7181708,7.160381,88.02738,1.153771,0.3986725,0.009226575,-0.9170465,0.0,0.0,0.0,3.684996,-0.2223252,-3.512755,0.03869259,-0.02675617,1.915001,0.03692307,0.0199787,-0.9991186,0.123855,0.992,0.02441352,0.9916133,-0.1246472,0.03415323,moving,3.1281530393216355,4.0324970558554245,1.1575035726499798,-0.8004778449171946,1.897055,-0.26446857,0.026091000000000086,0.05443475571510331,0.07021799737080887,0.9960453342103901,3.265027303145438,3.5567666842896775,5.2130892663610915,5.219301266643973,4.84016902203887
05/05/2023 11:39:53.182377,343,True,True,True,True,Eyes,1.621759,0.03763098,-3.539714,0.9983457,-0.05506263,-0.01655178,0.0,0.0,0.0,0.0,0.0,0.0,0.0,-3.60492,-0.1601187,-1.649422,1.796884,0.04089645,-3.53712,0.05614212,0.6921452,-0.03548147,0.7186962,7.458898,87.94437,1.543976,0.4002902,0.009269381,-0.9163412,0.0,0.0,0.0,3.692362,-0.2355072,-3.512102,0.04221723,-0.02919352,1.915,0.03935218,0.0267162,-0.9988681,0.1287178,0.9911783,0.03158159,0.9909002,-0.1298149,0.03556616,moving,3.12394706089106,4.215838520771797,1.2629124564363268,-0.8733869073635432,1.8954780000000002,-0.27640365,0.025017999999999763,0.05434913157795118,0.0734052319856141,0.9958201821443646,3.255985590510006,3.735182934357474,5.412282331180631,5.4188250808969025,5.021081208642892
05/05/2023 11:39:53.192638,344,True,True,True,True,Eyes,1.629832,0.03767459,-3.53955,0.9982947,-0.05651511,-0.01462107,0.0,0.0,0.0,0.0,0.0,0.0,0.0,-3.60674,-0.1485823,-1.65244,1.806023,0.04054947,-3.535229,0.05858249,0.6913954,-0.03473312,0.7192595,7.602559,87.85607,1.794704,0.4019175,0.009309027,-0.9156283,0.0,0.0,0.0,3.700592,-0.2430707,-3.51159,0.04627284,-0.03199781,1.915,0.04153206,0.03104308,-0.9986548,0.1309716,0.9907234,0.03624339,0.9905158,-0.1323006,0.03708101,moving,3.1217893542992714,4.263138281022661,1.3841893616611995,-0.9572683432579635,1.894569,-0.28362017,0.023639000000000188,0.05430831688823773,0.07422745978090324,0.9957614836523794,3.2526073358083516,3.7812191649876192,5.495327708063064,5.501990463209551,5.093549802634267
05/05/2023 11:39:53.212549,345,True,True,True,True,Eyes,1.637942,0.03765897,-3.539295,0.9982406,-0.05790939,-0.01273274,0.0,0.0,0.0,0.0,0.0,0.0,0.0,-3.606252,-0.1418732,-1.659534,1.815382,0.03975733,-3.532993,0.05776957,0.6911471,-0.03351642,0.7196215,7.439198,87.80624,1.827165,0.4035549,0.009345033,-0.9149075,0.0,0.0,0.0,3.710561,-0.2408906,-3.511539,0.05002907,-0.03459562,1.915,0.04238481,0.03161626,-0.998601,0.1280928,0.9910787,0.0368149,0.9908561,-0.129474,0.03795689,moving,3.0567510730056604,4.020028461671892,1.4965027182721813,-1.0349699315515428,1.8951790000000002,-0.28064793,0.021453999999999862,0.05319423478826757,0.07000592158959491,0.996127230796409,3.195759383223871,3.545108437057807,5.284221055976812,5.290310357997916,4.885139821538993
05/05/2023 11:39:53.232202,346,True,True,True,True,Eyes,1.646089,0.0375889,-3.538916,0.9981674,-0.05948718,-0.0110981,0.0,0.0,0.0,0.0,0.0,0.0,0.0,-3.605555,-0.1436723,-1.665559,1.824407,0.03832171,-3.530556,0.05754866,0.6908444,-0.03373356,0.7199197,7.438973,87.75491,1.788267,0.4052023,0.009376247,-0.9141787,0.0,0.0,0.0,3.71939,-0.2448223,-3.511243,0.0538016,-0.03720467,1.915,0.04319223,0.03094343,-0.9985875,0.1280853,0.9911004,0.03625154,0.9908222,-0.1294701,0.03884444,moving,3.008151939086944,3.932687664936599,1.6092918755321513,-1.11300388067563,1.8949830000000003,-0.28314401,0.019312999999999914,0.052354809996084384,0.06849040714685185,0.9962771144766177,3.1507381440397295,3.4604494998939153,5.230149196359739,5.236011139299767,4.826233772097964
05/05/2023 11:39:53.242518,347,True,True,True,True,Eyes,1.654255,0.03744792,-3.538436,0.9980891,-0.06105733,-0.009498144,0.0,0.0,0.0,0.0,0.0,0.0,0.0,-3.604421,-0.1477653,-1.671743,1.833429,0.03695749,-3.527829,0.05796319,0.6905491,-0.03445871,0.7201352,7.531633,87.71279,1.758554,0.4068606,0.009401785,-0.9134416,0.0,0.0,0.0,3.727734,-0.2521197,-3.511565,0.05814141,-0.0402058,1.915,0.04390904,0.03042299,-0.9985723,0.1296827,0.9909058,0.03589182,0.9905829,-0.1310735,0.03956441,moving,2.95625964625842,3.9383423970589826,1.7390257946351713,-1.2027594066995944,1.894305,-0.28907719,0.016264000000000056,0.051452109589388284,0.0685919558921465,0.9963171622684588,3.1000001410363973,3.466295586350204,5.277439643690331,5.2832363193545735,4.863365676122401
05/05/2023 11:39:53.262137,348,True,True,True,True,Eyes,1.662435,0.03722767,-3.537848,0.9978663,-0.06480776,-0.007933283,0.0,0.0,0.0,0.0,0.0,0.0,0.0,-3.603292,-0.1462814,-1.677618,1.842057,0.03512413,-3.524927,0.05875318,0.6902171,-0.03463705,0.720381,7.611973,87.66999,1.803886,0.4085302,0.009420426,-0.9126959,0.0,0.0,0.0,3.735788,-0.2588799,-3.510926,0.06168805,-0.04265802,1.915,0.04480141,0.03120116,-0.9985085,0.1310086,0.9906967,0.03683519,0.9903684,-0.1324635,0.04029699,moving,2.9070877503593433,3.80247531517679,1.8450355723793468,-1.2760941848179914,1.8937309999999998,-0.29400402999999997,0.01400099999999993,0.05060512844316023,0.06623204290093782,0.9965202320472399,3.055728502896394,3.3344251361118897,5.182884749529331,5.188431650800586,4.7668297411037965
05/05/2023 11:39:53.281998,349,True,True,True,True,Eyes,1.670632,0.03697704,-3.537148,0.9976245,-0.06859152,-0.006365085,0.0,0.0,0.0,0.0,0.0,0.0,0.0,-3.602911,-0.151003,-1.680862,1.85063,0.03340516,-3.521807,0.06085542,0.6896155,-0.036084,0.7207116,7.902432,87.60137,1.846814,0.4102101,0.009430846,-0.911942,0.0,0.0,0.0,3.742657,-0.2725902,-3.509472,0.06543656,-0.0452505,1.915,0.046257,0.03192136,-0.9984194,0.135946,0.9899892,0.03795024,0.9896358,-0.1374866,0.0414543,moving,2.890510591550657,3.873979039438924,1.9570655354701176,-1.353618951294511,1.892027,-0.30599536,0.012334999999999763,0.05031259729125237,0.06747661615725585,0.9964514552897159,3.0376415180436696,3.4041070644676115,5.3045718368126,5.310282518420413,4.878893449868988
05/05/2023 11:39:53.292215,350,True,True,True,True,Eyes,1.678857,0.03672496,-3.536208,0.9973769,-0.07222176,-0.004832936,0.0,0.0,0.0,0.0,0.0,0.0,0.0,-3.603177,-0.1556353,-1.682341,1.859253,0.03246108,-3.518452,0.06279674,0.6888393,-0.03737122,0.7212216,8.167428,87.50363,1.887778,0.4119007,0.009433128,-0.9111797,0.0,0.0,0.0,3.749643,-0.2847329,-3.506923,0.06927954,-0.04790785,1.915,0.0482078,0.03260785,-0.998305,0.1404196,0.9893199,0.0390952,0.9889179,-0.1420663,0.04311415,moving,2.9044111733702582,3.9278039241977556,2.0719033330024796,-1.4330784243377266,1.8903899999999998,-0.31719398,0.0115289999999999,0.050551120291160045,0.06841185136881116,0.9963756437062722,3.049741313767096,3.456385648757981,5.419166385142266,5.4251386027559825,4.986283790431456
05/05/2023 11:39:53.312999,351,True,True,True,True,Eyes,1.687118,0.03645682,-3.53515,0.9971337,-0.07558703,-0.003305197,0.0,0.0,0.0,0.0,0.0,0.0,0.0,-3.602716,-0.1607382,-1.685292,1.868241,0.03228433,-3.51486,0.06275585,0.688248,-0.03793284,0.72176,8.210119,87.40842,1.831133,0.4136033,0.009428099,-0.9104081,0.0,0.0,0.0,3.758178,-0.288874,-3.504064,0.07309249,-0.05054444,1.915,0.04975152,0.03162637,-0.9982607,0.14114,0.9892457,0.03837492,0.9887387,-0.1428037,0.04475275,moving,2.901995433937816,3.779600204909538,2.1858273051411103,-1.511911688592235,1.889937,-0.32115833000000005,0.010796000000000028,0.05051788690223591,0.06583446559074654,0.9965509045454894,3.051380974595812,3.3122017834720934,5.333824295431516,5.339756071935767,4.901148227309499
05/05/2023 11:39:53.332239,352,True,True,True,True,Eyes,1.695409,0.03615469,-3.534044,0.9969029,-0.07862087,-0.001797533,0.0,0.0,0.0,0.0,0.0,0.0,0.0,-3.601193,-0.1623103,-1.690525,1.877377,0.03160423,-3.511021,0.06105008,0.6878996,-0.03751802,0.7222599,8.036581,87.32954,1.724443,0.415318,0.009416111,-0.9096273,0.0,0.0,0.0,3.768061,-0.2865476,-3.501518,0.07702988,-0.05326697,1.914999,0.050773,0.02979712,-0.9982657,0.1381882,0.9897306,0.03657078,0.9891037,-0.1398053,0.04613403,moving,2.875020377232432,3.437297725319385,2.303452363401447,-1.5933093534400526,1.8906839999999998,-0.31815183,0.00950300000000004,0.05006750707042429,0.05988098429476553,0.9969490342081162,3.0343113369919403,2.9793257447206023,5.057377124683961,5.062973195198574,4.630674527561665
05/05/2023 11:39:53.342166,353,True,True,True,True,Eyes,1.70373,0.03583271,-3.532798,0.9966763,-0.08146437,-0.0003014326,0.0,0.0,0.0,0.0,0.0,0.0,0.0,-3.598967,-0.1629982,-1.696133,1.886268,0.03037388,-3.506717,0.05931463,0.6875994,-0.03705285,0.7227144,7.856362,87.25869,1.620401,0.4170447,0.009397004,-0.9088371,0.0,0.0,0.0,3.777746,-0.2844769,-3.498632,0.08083799,-0.05590049,1.915,0.05166822,0.02801215,-0.9982715,0.1351267,0.9902177,0.03478001,0.9894804,-0.1366901,0.04737762,moving,2.8423492120075364,3.0992583883995968,2.4171944981101747,-1.6720380618371797,1.891478,-0.31485078,0.008084999999999898,0.0495156606979818,0.05399957320109601,0.9973126023782817,3.011574119463149,2.650635450115546,4.784915845150578,4.7902010758204305,4.363346585502625
05/05/2023 11:39:53.362370,354,True,True,True,True,Eyes,1.912539,0.0274713,-3.497484,0.9887218,-0.1456626,0.03480742,0.0,0.0,0.0,0.0,0.0,0.0,0.0,-3.596317,-0.1692885,-1.701667,1.895288,0.02956427,-3.502118,0.05780846,0.6873001,-0.03735096,0.7231056,7.755489,87.19128,1.471578,0.4187838,0.009371017,-0.9080374,0.0,0.0,0.0,3.787106,-0.2849025,-3.495869,0.08498017,-0.05876447,1.915001,0.05244679,0.02544615,-0.9982996,0.1334809,0.9905262,0.0322606,0.9896628,-0.1349459,0.0485533,moving,0.7678754444839542,-0.6408808513901492,2.540893077982509,-1.757649148195621,1.891818,-0.31446677,0.006248999999999949,0.013400715000952801,-0.011184243067546222,0.9998476288242751,1.0901466525247607,-0.9747043661295096,2.0941734878564255,2.0954147459265933,1.6485350232078735
05/05/2023 11:39:53.382138,355,True,True,True,True,Eyes,1.912911,0.02744053,-3.497275,0.9887384,-0.1455402,0.03485074,0.0,0.0,0.0,0.0,0.0,0.0,0.0,-3.59317,-0.1766635,-1.707513,1.904408,0.0289138,-3.497152,0.05572514,0.6870397,-0.03758482,0.7235044,7.601325,87.1235,1.282495,0.4263255,0.00905967,-0.9045242,0.6264288,-0.02508423,0.1059415,3.796872,-0.283163,-3.492145,0.08861969,-0.06128164,1.915001,0.05312758,0.0221852,-0.9983414,0.1309564,0.9909642,0.02899024,0.9899637,-0.1322793,0.04974223,moving,0.8313353474755147,-0.7869647261961573,2.6495622296165817,-1.8328875672040232,1.892464,-0.3120768,0.005006999999999984,0.014507662688229117,-0.013733249260652808,0.9998005166618071,1.155946000359283,-1.1172625071432565,2.0962269871081665,2.0975947140194626,1.6562030874526734
05/05/2023 11:39:53.392535,356,True,True,True,True,Eyes,1.913637,0.02736867,-3.496899,0.9887681,-0.1453302,0.03488142,0.0,0.0,0.0,0.0,0.0,0.0,0.0,-3.58954,-0.1824019,-1.714224,1.913706,0.02812121,-3.49193,0.05355178,0.686834,-0.03759189,0.7238633,7.421466,87.06452,1.105951,0.4326384,0.008800427,-0.9015242,0.5888431,-0.02357918,0.09958504,3.806947,-0.2809822,-3.488842,0.09265248,-0.06407022,1.915,0.05369176,0.01913959,-0.9983741,0.1279851,0.9914381,0.02588956,0.9903216,-0.1291671,0.05078245,moving,0.8872373407965903,-0.9532850631408498,2.769952812713489,-1.9162320603476994,1.8932410000000002,-0.30910341,0.0030879999999999797,0.015482450811357351,-0.016635200775811425,0.9997417165862834,1.2149231928074964,-1.2794602872594953,2.113172595484621,2.114683065526595,1.68035573905851
05/05/2023 11:39:53.412305,357,True,True,True,True,Eyes,1.914699,0.02724907,-3.49631,0.9888188,-0.1449715,0.03494108,0.0,0.0,0.0,0.0,0.0,0.0,0.0,-3.585658,-0.1815708,-1.72144,1.922854,0.02702137,-3.486427,0.05192456,0.6866397,-0.03695566,0.724199,7.236077,87.01501,1.026977,0.43795,0.008582985,-0.8989581,0.5535125,-0.02216443,0.09360994,3.816934,-0.2787048,-3.485539,0.09656534,-0.06677617,1.915,0.05432044,0.01778042,-0.9983653,0.1248334,0.9918762,0.02445699,0.9906897,-0.1259579,0.05165959,moving,0.9313639477637176,-1.1175780636520374,2.886738411981845,-1.9970982461683093,1.8940799999999998,-0.30572616999999996,0.0008879999999997779,0.01625156223845653,-0.019501606496562924,0.9996778522034584,1.2623668723858454,-1.4396074130641483,2.142419638383342,2.1440720712629475,1.7173755930618815
05/05/2023 11:39:53.432518,358,True,True,True,True,Eyes,1.916085,0.02707717,-3.495507,0.9888695,-0.1446229,0.0349467,0.0,0.0,0.0,0.0,0.0,0.0,0.0,-3.581816,-0.170316,-1.729258,1.931997,0.0257218,-3.480728,0.0508957,0.6864373,-0.03516776,0.7245529,7.009514,86.97212,1.09178,0.4424468,0.008398603,-0.8967551,0.5203018,-0.02083456,0.08799334,3.82718,-0.274926,-3.48226,0.1003324,-0.06938086,1.915001,0.05513415,0.0189116,-0.9983,0.1208352,0.9923457,0.02547232,0.9911404,-0.1220342,0.05242698,moving,0.9685077059390286,-1.3258744464910475,2.999148146608651,-2.0749297226972025,1.8951829999999998,-0.3006478,-0.0015320000000000888,0.016898318598310258,-0.023135504716537206,0.9995894849014824,1.3041895721486,-1.6425228305511306,2.1626229645546085,2.1643900771568876,1.7492456344124665
05/05/2023 11:39:53.442627,359,True,True,True,True,Eyes,1.917775,0.02687934,-3.494484,0.9889186,-0.144271,0.03501327,0.0,0.0,0.0,0.0,0.0,0.0,0.0,-3.578292,-0.156702,-1.735966,1.941119,0.02428666,-3.474734,0.0511792,0.6860799,-0.03351503,0.7249496,6.903222,86.91945,1.248608,0.4463069,0.008238653,-0.8948417,0.4890836,-0.01958449,0.08271374,3.836795,-0.2752361,-3.478751,0.1043379,-0.07215098,1.915001,0.05634227,0.02163263,-0.9981772,0.1188195,0.9925148,0.0282167,0.9913161,-0.1201926,0.05335017,moving,1.0114931082338505,-1.4155929161717111,3.118649208010272,-2.15769715552108,1.895676,-0.29952276,-0.004016999999999715,0.017647582592421163,-0.02470039711565586,0.9995391443830628,1.3485107590995546,-1.7301025443221567,2.232051369815779,2.234015561916543,1.8210511469583712
05/05/2023 11:39:53.462765,360,True,True,True,True,Eyes,1.919766,0.02667053,-3.493236,0.9889474,-0.144059,0.03507106,0.0,0.0,0.0,0.0,0.0,0.0,0.0,-3.575705,-0.1456617,-1.739797,1.950125,0.02345791,-3.468463,0.05203028,0.6854417,-0.03232231,0.7255467,6.881189,86.82857,1.409732,0.449818,0.008089628,-0.8930832,0.4597386,-0.01840942,0.07775091,3.845876,-0.2775705,-3.473558,0.1081595,-0.07479347,1.915,0.05824994,0.02442477,-0.9980032,0.1182301,0.9924963,0.03119069,0.9912763,-0.1198109,0.05492511,moving,1.0939915713800485,-1.4305556750704544,3.2326401391988266,-2.2366439530765665,1.895751,-0.30102841,-0.005095000000000294,0.019086645484828135,-0.024960763931890086,0.9995061755313757,1.4293351179066793,-1.7452081575486058,2.2833192471113404,2.285518761369543,1.8690687897837444
05/05/2023 11:39:53.482098,361,True,True,True,True,Eyes,1.922041,0.0264365,-3.491759,0.988996,-0.1436665,0.03530912,0.0,0.0,0.0,0.0,0.0,0.0,0.0,-3.574241,-0.1349486,-1.740863,1.959323,0.0229995,-3.46187,0.05250673,0.6845127,-0.03102691,0.7264454,6.820726,86.68761,1.54691,0.4530245,0.007950205,-0.8914623,0.4321543,-0.01730485,0.07308586,3.855358,-0.2784244,-3.466562,0.1121837,-0.0775765,1.915001,0.06095958,0.02680433,-0.9977803,0.1169618,0.9925607,0.03380993,0.9912639,-0.1187632,0.05737101,moving,1.2155728481400172,-1.4746713546718389,3.352643076916142,-2.3197779241925183,1.896035,-0.3014239,-0.0046920000000003625,0.021207132770103165,-0.025729239797852306,0.999443919853696,1.5490439089670536,-1.7889382792790993,2.2956627697372425,2.298102320735143,1.8800959250097982
05/05/2023 11:39:53.492394,362,True,True,True,True,Eyes,1.924583,0.0263749,-3.490074,0.9889932,-0.143596,0.03567388,0.0,0.0,0.0,0.0,0.0,0.0,0.0,-3.576032,-0.1158924,-1.735068,1.968415,0.02211668,-3.45496,0.05172896,0.6828837,-0.02836174,0.7281412,6.549843,86.42269,1.692753,0.4559659,0.007818807,-0.8899626,0.4062251,-0.01626656,0.06870071,3.865854,-0.2725427,-3.454836,0.1159501,-0.08018094,1.915001,0.06573094,0.02934701,-0.9974057,0.1119524,0.9930395,0.03659642,0.9915373,-0.1140675,0.06198792,moving,1.4453711023565268,-1.7524061377171847,3.4649332598843774,-2.3975693469012147,1.897439,-0.29465938,0.000124000000000013,0.025212019492809934,-0.030570767689626296,0.9992145759607669,1.7805414489886353,-2.0606937453941483,2.1176813337103573,2.120110109075277,1.7177488010484492
05/05/2023 11:39:53.512387,363,True,True,True,True,Eyes,1.927437,0.02660873,-3.488181,0.9890621,-0.1429626,0.03630095,0.0,0.0,0.0,0.0,0.0,0.0,0.0,-3.580961,-0.1177181,-1.72067,1.977332,0.02622388,-3.447798,0.05384231,0.6804379,-0.02875112,0.7302595,6.763097,86.06131,1.805134,0.4586768,0.007698982,-0.8885695,0.3818516,-0.01529057,0.06457867,3.873636,-0.277647,-3.439678,0.1196073,-0.08270971,1.915001,0.07235547,0.03128113,-0.9968884,0.1152642,0.9925487,0.03951102,0.9906964,-0.1177644,0.06821071,moving,1.771577475980662,-1.5169247636782819,3.5739423027898884,-2.473092140525324,1.8963039999999998,-0.30387087999999995,0.00812000000000035,0.030904108042713485,-0.026459593126869466,0.9991720210572941,2.0921866147667556,-1.8337372977732722,2.037397830272795,2.0402879751313554,1.6138074649534278
05/05/2023 11:39:53.532220,364,True,True,True,True,Eyes,1.930588,0.02676666,-3.486085,0.9892566,-0.1415446,0.03655965,1.968334,3.877776,-0.2518406,-3.414123,-0.6804886,-0.3892238,0.6208382,0.1132074,-0.09185967,1.906178,1.987626,0.0334353,-3.44097,0.04809316,0.6783452,-0.02434067,0.7327635,5.941016,85.67148,1.70396,0.4611889,0.007597011,-0.8872691,0.3589405,-0.01437313,0.06070395,3.887985,-0.2460049,-3.423438,0.1234642,-0.08537649,1.915001,0.07851057,0.02957562,-0.9964746,0.1009194,0.9941891,0.03745907,0.991792,-0.1035046,0.0750696,moving,2.1249622040841367,-2.266326366676765,3.6888756660668642,-2.5527273417153427,1.9003590000000001,-0.2794402,0.017532000000000103,0.03705012405009134,-0.03951739440708609,0.998531805346224,2.4568715354694777,-2.5652367100063747,1.5878963923582148,1.589921644318942,1.2320676369842944
05/05/2023 11:39:53.542443,365,True,True,True,True,Eyes,1.933932,0.02690132,-3.483792,0.9893401,-0.140869,0.03690538,0.0,0.0,0.0,0.0,0.0,0.0,0.0,-3.584018,-0.06195547,-1.713881,1.997882,0.03155822,-3.434223,0.03711449,0.6777538,-0.01543685,0.7341893,4.325521,85.48219,1.588488,0.4635303,0.007509218,-0.8860489,0.337404,-0.01351075,0.05706171,3.90536,-0.1971238,-3.413633,0.1273322,-0.08805148,1.915,0.08082287,0.02764184,-0.9963451,0.07297611,0.9967684,0.03357336,0.9940534,-0.07542288,0.07854449,moving,2.257201749587941,-3.8433209060255145,3.804111933512442,-2.6325991681387637,1.907478,-0.22868201999999999,0.020589999999999886,0.03929697318157044,-0.06697653440771106,0.9969803445602394,2.6282862497430095,-4.100504504193326,1.9641559079481983,1.9643773170449834,1.8807743389969225
05/05/2023 11:39:53.562299,366,True,True,True,True,Eyes,1.937501,0.0271894,-3.480995,0.9892733,-0.1416781,0.03557823,0.0,0.0,0.0,0.0,0.0,0.0,0.0,-3.582772,-0.09746818,-1.710163,2.005861,0.03127929,-3.427237,0.0428857,0.6765115,-0.02187964,0.7348568,5.315119,85.33464,1.488725,0.4657245,0.007433617,-0.8848982,0.3171598,-0.0127001,0.05363801,3.909111,-0.2330522,-3.405918,0.1312409,-0.0907544,1.915,0.08370703,0.02586853,-0.9961547,0.09018213,0.9953642,0.03342603,0.9924014,-0.09263334,0.08098611,moving,2.5080023079214806,-2.904174574544915,3.9205274991036285,-2.713293204529755,1.9032499999999999,-0.26433149,0.021319000000000088,0.04370283049137713,-0.05061730338662076,0.9977615485512267,2.847458353350081,-3.1883930835217904,1.4241693865609593,1.425364203683756,1.1735404920949661
05/05/2023 11:39:53.582128,367,True,True,True,True,Eyes,1.941272,0.02758978,-3.47804,0.989247,-0.1421394,0.03444963,0.0,0.0,0.0,0.0,0.0,0.0,0.0,-3.581134,-0.1218489,-1.709024,2.015677,0.03589164,-3.419925,0.0424749,0.6754612,-0.0242844,0.7357705,5.469158,85.16539,1.245926,0.4677962,0.007372906,-0.8838053,0.2981302,-0.0119381,0.05041973,3.918141,-0.2366973,-3.396631,0.1351283,-0.09344265,1.915,0.08632474,0.02164481,-0.9960319,0.09311579,0.9952123,0.02969722,0.991906,-0.09530991,0.08389594,moving,2.7548783401304813,-2.7728848891411224,4.036276525765455,-2.793538594691562,1.9024639999999997,-0.27258894,0.023293999999999926,0.0480070284007566,-0.048321302814331044,0.9976774979756491,3.084579102959906,-3.062287433070923,1.2800041189008609,1.2815646240832208,0.9889155285993743
05/05/2023 11:39:53.592952,368,True,True,True,True,Eyes,1.945253,0.02807796,-3.474933,0.9891709,-0.1429311,0.03334127,0.0,0.0,0.0,0.0,0.0,0.0,0.0,-3.580357,-0.1221271,-1.707501,2.024309,0.03890386,-3.413221,0.03839402,0.6744458,-0.02262815,0.7369783,4.9976,84.97267,1.060422,0.4697633,0.007328429,-0.8827617,0.2802424,-0.01122181,0.04739454,3.928906,-0.2210278,-3.386872,0.1388998,-0.09605066,1.915001,0.08922178,0.01843645,-0.9958413,0.08514226,0.9960277,0.02606818,0.9923661,-0.08711402,0.08729767,moving,3.0096507084330186,-3.287877312231376,4.148540899308886,-2.87137681296561,1.9045969999999999,-0.25993166,0.026349000000000178,0.05241797596314751,-0.05727394921999317,0.9969814740384624,3.3468167427518756,-3.5650564615025417,1.2121487824597699,1.212659693715389,1.0601665331453216
05/05/2023 11:39:53.612223,369,True,True,True,True,Eyes,1.949455,0.02862773,-3.471702,0.9891182,-0.1435514,0.03222217,0.0,0.0,0.0,0.0,0.0,0.0,0.0,-3.57722,-0.1422869,-1.7107,2.033347,0.04159895,-3.406906,0.04057908,0.6738553,-0.02549982,0.7373074,5.405558,84.89735,0.9834027,0.4716424,0.007300774,-0.8817594,0.2634279,-0.0105485,0.04455087,3.93609,-0.2346455,-3.382032,0.1427816,-0.09873517,1.915001,0.0905376,0.01708645,-0.9957466,0.09229127,0.9954062,0.02547213,0.9916074,-0.0942049,0.08854471,moving,3.157772031723459,-2.9153924564658635,4.264057356906991,-2.9514886553859596,1.902743,-0.27624445000000003,0.024874000000000063,0.0550145445938684,-0.050784218797633646,0.9971932858061929,3.4811685424539465,-3.2036168214151575,1.1053156527039862,1.1068740471674783,0.822486174899579
05/05/2023 11:39:53.632101,370,True,True,True,True,Eyes,1.953809,0.0291431,-3.468403,0.9889992,-0.144637,0.03099635,0.0,0.0,0.0,0.0,0.0,0.0,0.0,-3.569468,-0.1373858,-1.726119,2.042817,0.04360293,-3.400657,0.03950744,0.6744214,-0.02410156,0.736895,5.205886,84.97726,1.022342,0.4734475,0.007289818,-0.8807916,0.2476222,-0.009915591,0.04187781,3.946665,-0.2285731,-3.382412,0.1467228,-0.1014604,1.915001,0.08914992,0.01776868,-0.9958597,0.08880997,0.9957165,0.02571645,0.992051,-0.09073488,0.08718999,moving,3.1422631112368733,-3.179858508568496,4.381305943270589,-3.03280385997979,1.903848,-0.27217603,0.018244999999999845,0.05473120593020342,-0.05538737240085508,0.9969637842764987,3.473178368197708,-3.460835279000667,1.2464260314109925,1.2477388385738735,1.0039455106113957
05/05/2023 11:39:53.642351,371,True,True,True,True,Eyes,1.958323,0.02959391,-3.464994,0.988825,-0.1460681,0.02982109,0.0,0.0,0.0,0.0,0.0,0.0,0.0,-3.561816,-0.1468531,-1.738613,2.050755,0.04339885,-3.394611,0.04267653,0.6748344,-0.02616315,0.7362697,5.632905,85.0682,1.098167,0.4751901,0.007293027,-0.8798527,0.2327648,-0.009320656,0.03936515,3.95267,-0.2453322,-3.383659,0.1506268,-0.1041601,1.915001,0.08782823,0.01907291,-0.9959531,0.09612544,0.9949884,0.02753128,0.991487,-0.09815445,0.08555466,moving,3.1199872384678455,-2.839427847364211,4.4974116164853815,-3.113345247856831,1.9019149999999998,-0.28873105,0.010951999999999629,0.054360520746674745,-0.04946383722899382,0.9972955080928283,3.4422877186824468,-3.1294538849877305,1.4015428714659623,1.4043961903428925,1.0552468563824642
05/05/2023 11:39:53.662064,372,True,True,True,True,Eyes,1.962989,0.0299862,-3.461538,0.9886065,-0.1477502,0.02875924,0.0,0.0,0.0,0.0,0.0,0.0,0.0,-3.556846,-0.1673407,-1.744934,2.059112,0.04237379,-3.388541,0.04594998,0.6746104,-0.02982869,0.7361383,6.194077,85.0618,1.042082,0.4768806,0.007307372,-0.8789374,0.218799,-0.008761416,0.03700324,3.95815,-0.2676309,-3.381429,0.1544688,-0.1068167,1.915001,0.08802204,0.01808059,-0.9959544,0.1059128,0.9939977,0.0274056,0.990472,-0.1078966,0.08557872,moving,3.1960461927217523,-2.374643772384129,4.611637279382111,-3.19258879429105,1.899038,-0.31000469,0.007112000000000229,0.05570487813951319,-0.041369154046626846,0.9975898891691897,3.5039039941036325,-2.6777306800203826,1.6301538616850861,1.6349104512157753,1.2215366998761024
05/05/2023 11:39:53.682565,373,True,True,True,True,Eyes,1.967793,0.03037561,-3.457962,0.9883323,-0.149743,0.02786243,0.0,0.0,0.0,0.0,0.0,0.0,0.0,-3.552738,-0.1953063,-1.748542,2.067364,0.04141153,-3.382571,0.04640205,0.6742056,-0.03365375,0.736316,6.529355,85.00018,0.750275,0.4785276,0.007330267,-0.8780416,0.205671,-0.008235731,0.03478304,3.964459,-0.2830381,-3.376937,0.1583052,-0.1094695,1.915,0.08862857,0.01300946,-0.9959798,0.1121286,0.9934285,0.02295405,0.9897334,-0.1137122,0.08658741,moving,3.321368341224355,-2.141169183037332,4.725662261742312,-3.2717084971915824,1.8970950000000002,-0.32444963000000004,0.005634000000000139,0.0578960377307523,-0.03729908476054772,0.9976256028034264,3.6197775025886147,-2.451394648611611,1.7968894353107159,1.8028201674188296,1.3769153607613343
05/05/2023 11:39:53.692447,374,True,True,True,True,Eyes,1.972769,0.03081373,-3.454317,0.988079,-0.1515184,0.02724254,0.0,0.0,0.0,0.0,0.0,0.0,0.0,-3.550465,-0.2368976,-1.745256,2.075507,0.04177939,-3.376146,0.04734717,0.6731742,-0.03928293,0.7369204,7.046261,84.84398,0.3376757,0.4801393,0.007360791,-0.8771611,0.1933307,-0.007741587,0.03269606,3.969403,-0.3034649,-3.368721,0.1621482,-0.112127,1.915001,0.09058648,0.00584902,-0.9958715,0.1216426,0.9924302,0.01689368,0.9884318,-0.1226707,0.08918931,moving,3.5269348639934592,-1.7062392267126347,4.839840890346779,-3.3509524429963613,1.8938959999999998,-0.34524429,0.007425000000000015,0.061490588455572315,-0.029718747900010244,0.997665171948913,3.8084448731922342,-2.0295778539548683,2.0968637181305447,2.104472332403832,1.676248355336056
05/05/2023 11:39:53.712944,375,True,True,True,True,Eyes,1.977905,0.03126091,-3.450571,0.9878939,-0.1527912,0.02683904,0.0,0.0,0.0,0.0,0.0,0.0,0.0,-3.550787,-0.2540234,-1.740389,2.084485,0.04332982,-3.369661,0.04402277,0.6718175,-0.04033195,0.7383066,6.845706,84.59947,359.9767,0.4817234,0.007399407,-0.8762919,0.1817309,-0.007277092,0.0307343,3.979383,-0.2990693,-3.357361,0.1661442,-0.1148906,1.915,0.09406926,-0.0004041605,-0.9955657,0.1187052,0.9928707,0.01081319,0.9884635,-0.119196,0.0934466,moving,3.802118787554385,-1.9609729861188792,4.958529539157301,-3.4333501282203973,1.894898,-0.34239912,0.012299999999999756,0.06627213046734848,-0.034143524015081764,0.9972171614116563,4.083565271173398,-2.279254659056937,1.8647222337426408,1.8722126682099596,1.44827442917157
05/05/2023 11:39:53.732227,376,True,True,True,True,Eyes,1.983208,0.03166173,-3.44671,0.9877947,-0.1535003,0.02644377,0.0,0.0,0.0,0.0,0.0,0.0,0.0,-3.552295,-0.2482418,-1.73703,2.09345,0.0438972,-3.363515,0.03863153,0.6704876,-0.03791124,0.7399437,6.200519,84.34811,359.7522,0.4832865,0.007445532,-0.8754303,0.1708271,-0.006840467,0.02889024,3.991966,-0.2804409,-3.345806,0.1698597,-0.1174599,1.915,0.09801809,-0.004300433,-0.9951754,0.1079083,0.9941407,0.006332291,0.9893172,-0.1080084,0.09790783,moving,4.085250939292142,-2.6341692038960463,5.068846237453776,-3.509940324653816,1.8985160000000003,-0.32433809999999996,0.017708999999999975,0.07116578474971602,-0.045842202553269804,0.9964105117701314,4.377712668618237,-2.9361415550095895,1.3112699276107973,1.3169794100588643,0.8982820481433309
05/05/2023 11:39:53.742106,377,True,True,True,True,Eyes,1.988647,0.03199044,-3.442765,0.9877447,-0.1538977,0.02599967,0.0,0.0,0.0,0.0,0.0,0.0,0.0,-3.549648,-0.2323309,-1.745036,2.102819,0.04305014,-3.35789,0.03514745,0.6702255,-0.03482573,0.7405064,5.666389,84.28319,359.743,0.484836,0.007497278,-0.8745728,0.1605774,-0.006430039,0.02715682,4.004367,-0.2665925,-3.341929,0.174076,-0.1203756,1.915,0.09916984,-0.004463916,-0.9950606,0.09869079,0.9951037,0.005371634,0.9901645,-0.09873601,0.09912482,moving,4.17958368172018,-3.1913523637365517,5.1939864916975,-3.5968413933574017,1.901548,-0.30964264,0.015960999999999892,0.07277039098547322,-0.05552321324494419,0.9958020487377334,4.484687899750616,-3.4788975585767408,1.0884897759474783,1.0924442384088728,0.7190377185520938
05/05/2023 11:39:53.762052,378,True,True,True,True,Eyes,1.994174,0.03227377,-3.438702,0.9876596,-0.1545079,0.02560623,0.0,0.0,0.0,0.0,0.0,0.0,0.0,-3.542913,-0.2057706,-1.760939,2.111492,0.04160529,-3.351917,0.03395063,0.6708012,-0.0310433,0.7402092,5.273435,84.36667,359.9765,0.4863755,0.007552239,-0.8737171,0.1509428,-0.006044236,0.02552741,4.015368,-0.2568055,-3.342592,0.1776579,-0.1228525,1.915001,0.09812428,-0.0004088256,-0.9951742,0.09150533,0.9957674,0.008613372,0.9909583,-0.09190891,0.09774638,moving,4.108041702504194,-3.6361140517814,5.300255954682357,-3.670649323492908,1.9038759999999995,-0.29841079000000004,0.009325000000000028,0.07149396175830025,-0.06325727914357071,0.9954330644080684,4.4269351890710595,-3.911169250437623,1.1901420052394747,1.1927143447149964,0.9058360750739585
05/05/2023 11:39:53.782387,379,True,True,True,True,Eyes,1.999787,0.03257152,-3.434551,0.9875491,-0.1552496,0.02538114,0.0,0.0,0.0,0.0,0.0,0.0,0.0,-3.539892,-0.1897174,-1.765881,2.119151,0.04082584,-3.345549,0.03705013,0.670361,-0.02982526,0.7405092,5.443222,84.32228,0.3166806,0.4879096,0.007608988,-0.8728608,0.1418862,-0.005681582,0.02399577,4.022435,-0.2647593,-3.339392,0.1814805,-0.125496,1.915,0.0994531,0.005502168,-0.995027,0.09384568,0.9954755,0.01488453,0.9906069,-0.0948593,0.09848674,moving,4.1427980003947065,-3.534678352088337,5.413631959400714,-3.7494121751490708,1.9032839999999998,-0.30558514,0.006156999999999968,0.07210575971312155,-0.06149216431505536,0.9954995422513833,4.458082266361416,-3.8127043965698135,1.285109689012019,1.2888481547991453,0.9576435250968232
05/05/2023 11:39:53.792248,380,True,True,True,True,Eyes,2.005487,0.03283021,-3.430339,0.987404,-0.1561627,0.02542293,0.0,0.0,0.0,0.0,0.0,0.0,0.0,-3.542585,-0.1853402,-1.758378,2.126854,0.04151589,-3.339298,0.03981051,0.6686662,-0.02992175,0.7418932,5.686518,84.08177,0.5091443,0.4894415,0.007667724,-0.8720022,0.1333731,-0.005340687,0.02255602,4.029031,-0.2741053,-3.329561,0.1853139,-0.1281465,1.915,0.1039805,0.008842397,-0.9945401,0.09763737,0.9950396,0.01905497,0.9897754,-0.09908561,0.1026013,moving,4.366511139156472,-3.363235839938187,5.527282841042731,-3.828367430229296,1.902177,-0.31562119,0.009736999999999885,0.07600586514923963,-0.058496130010239,0.995389915909246,4.671541140328619,-3.6473770744015455,1.2454260691284493,1.2504952379704042,0.8746721484326204
05/05/2023 11:39:53.812597,381,True,True,True,True,Eyes,2.011255,0.03306625,-3.426052,0.9872051,-0.1573918,0.02557189,0.0,0.0,0.0,0.0,0.0,0.0,0.0,-3.54487,-0.1863377,-1.751883,2.134653,0.04085271,-3.333393,0.04026653,0.6671038,-0.03025168,0.7432603,5.751785,83.84364,0.5041218,0.4909731,0.007727243,-0.8711402,0.1253707,-0.005020246,0.02120266,4.036574,-0.2796924,-3.319859,0.1893646,-0.1309475,1.915001,0.1081145,0.008754177,-0.9940999,0.09869367,0.9949269,0.01949501,0.9892274,-0.1002191,0.1067021,moving,4.592610461472831,-3.373933976201378,5.6473257930527385,-3.9117880372356284,1.9019209999999998,-0.32054511,0.013533999999999935,0.0799324696607267,-0.05866391997578141,0.9950725373149607,4.892235390539229,-3.659285558873863,1.178380588207518,1.1839389433753538,0.796190314903948
05/05/2023 11:39:53.832346,382,True,True,True,True,Eyes,2.017099,0.03332387,-3.421664,0.9869639,-0.158852,0.02585118,0.0,0.0,0.0,0.0,0.0,0.0,0.0,-3.544925,-0.2022794,-1.747561,2.142064,0.04061659,-3.327355,0.04356211,0.6658493,-0.0332527,0.7440708,6.263965,83.67594,0.4914945,0.4925067,0.007786916,-0.8702736,0.1178484,-0.004719032,0.0199305,4.041144,-0.2994307,-3.312347,0.1931315,-0.1335522,1.915001,0.1110778,0.008526886,-0.9937752,0.1074963,0.9939932,0.02054401,0.9879809,-0.1091092,0.109494,moving,4.743430784537675,-2.949025163748375,5.758916370070031,-3.98934930974897,1.89908,-0.34004729,0.01500799999999991,0.08258518148064925,-0.05127173161581165,0.9952642255459234,5.02780523121256,-3.246856132718306,1.4453489291098722,1.4537831004575128,1.042026686461799
05/05/2023 11:39:53.842314,383,True,True,True,True,Eyes,2.022994,0.03358229,-3.417185,0.9867252,-0.1602546,0.02630074,0.0,0.0,0.0,0.0,0.0,0.0,0.0,-3.544824,-0.209123,-1.744336,2.149826,0.04143552,-3.320955,0.04504316,0.6646488,-0.03440837,0.7450029,6.479835,83.50312,0.4963267,0.4940446,0.007847282,-0.8694009,0.1107775,-0.004435889,0.01873467,4.047708,-0.308254,-3.304156,0.1968799,-0.1361444,1.915,0.1141161,0.008607092,-0.9934303,0.1111444,0.9935744,0.0213756,0.9872308,-0.1128535,0.1124262,moving,4.887318682710053,-2.818486026341925,5.869918450565286,-4.066525944562335,1.897882,-0.34968952,0.01679900000000023,0.08509408105562621,-0.04899367044679672,0.9951675756806975,5.164551427256594,-3.120797792989577,1.5786807099407552,1.5884287649311708,1.179806922444766
05/05/2023 11:39:53.862996,384,True,True,True,True,Eyes,2.028934,0.03383886,-3.412637,0.9864444,-0.1618448,0.02708936,0.0,0.0,0.0,0.0,0.0,0.0,0.0,-3.547678,-0.2038297,-1.735377,2.156959,0.04171914,-3.314346,0.04561991,0.6628479,-0.03384327,0.7465964,6.487429,83.23152,0.5734074,0.4955879,0.007908292,-0.8685215,0.1041309,-0.004169736,0.01761059,4.054907,-0.3105625,-3.292615,0.2007297,-0.1388066,1.915,0.1189746,0.009943594,-0.9928476,0.1110127,0.9935469,0.02325344,0.9866718,-0.1129852,0.1171029,moving,5.1044238278651255,-2.915543441001542,5.983874225186571,-4.145769147416925,1.897948,-0.35228164,0.021730999999999945,0.08885695207419719,-0.05066268099474165,0.9947551768280062,5.378805645004374,-3.216672851027943,1.5023604530653036,1.5122461076405775,1.1087506097799553
05/05/2023 11:39:53.882233,385,True,True,True,True,Eyes,2.034922,0.03409284,-3.408002,0.9861553,-0.1634144,0.02816954,0.0,0.0,0.0,0.0,0.0,0.0,0.0,-3.55547,-0.1964424,-1.716446,2.16396,0.04195689,-3.307817,0.04764684,0.6599736,-0.03348897,0.7490281,6.637156,82.80953,0.7339102,0.4971378,0.007969848,-0.8676347,0.0,0.0,0.0,4.061084,-0.3173883,-3.276639,0.2047287,-0.1415721,1.915,0.1266265,0.01272295,-0.991869,0.1130597,0.9932165,0.02717397,0.9854864,-0.1155813,0.1243291,moving,5.4497629064175666,-2.8816268636031133,6.102196082648606,-4.228070358650155,1.8971240000000003,-0.35934519,0.03117800000000015,0.0948539434772564,-0.0500460086196153,0.9942324633893826,5.714534556768473,-3.185962654124549,1.4858648635242868,1.496188201664956,1.1118767586739728
05/05/2023 11:39:53.892612,386,True,True,True,True,Eyes,2.040937,0.03432538,-3.4033,0.9858257,-0.1651388,0.02960992,0.0,0.0,0.0,0.0,0.0,0.0,0.0,-3.564389,-0.1924887,-1.694513,2.171139,0.04216103,-3.301162,0.04854089,0.6567864,-0.03330135,0.7517755,6.703274,82.33024,0.7899017,0.4986957,0.008031854,-0.8667397,0.0,0.0,0.0,4.067781,-0.32173,-3.258161,0.2085472,-0.1442128,1.915001,0.1350454,0.0136917,-0.9907448,0.1138323,0.9930696,0.02923996,0.9842789,-0.1167274,0.1325509,moving,5.835115895443575,-2.933347965103831,6.2151253850152965,-4.306638978633266,1.896642,-0.36389103,0.04300100000000029,0.10153418795794023,-0.05090974906489531,0.9935285036344994,6.091577998482842,-3.2388419205215273,1.4150155221460488,1.4248983893615936,1.0749207012757194
05/05/2023 11:39:53.912402,387,True,True,True,True,Eyes,2.046984,0.03453103,-3.398514,0.9854726,-0.1669045,0.0314122,0.0,0.0,0.0,0.0,0.0,0.0,0.0,-3.575217,-0.1978706,-1.666327,2.177798,0.04191143,-3.294451,0.05031669,0.6530175,-0.03470373,0.7548723,6.966537,81.77101,0.7689707,0.5002617,0.008093727,-0.8658363,0.0,0.0,0.0,4.072487,-0.3333725,-3.237124,0.2124956,-0.1469431,1.915,0.1447278,0.01332159,-0.9893818,0.1181091,0.9925277,0.03064107,0.9823972,-0.1212896,0.1420729,moving,6.283661428289145,-2.7852596606958717,6.331851960994085,-4.387860956786059,1.8946889999999996,-0.37528393000000004,0.057326999999999906,0.10932312025129193,-0.04830155751737335,0.9928320596655646,6.524837219071781,-3.0977288395114844,1.5933712400210562,1.6033256817229413,1.3044861784851123
05/05/2023 11:39:53.932259,388,True,True,True,True,Eyes,2.053056,0.03469937,-3.393673,0.9851112,-0.1686194,0.03351777,0.0,0.0,0.0,0.0,0.0,0.0,0.0,-3.586724,-0.2070521,-1.635849,2.184643,0.04148445,-3.287716,0.0506313,0.6490191,-0.0362432,0.7582197,7.112869,81.16419,0.6213383,0.5018363,0.008154809,-0.864924,0.0,0.0,0.0,4.077808,-0.3416885,-3.213896,0.2162445,-0.1495358,1.915,0.1549212,0.01076074,-0.9878681,0.120682,0.9922458,0.02973422,0.9805281,-0.1238244,0.1524213,moving,6.7664020452028595,-2.73760374144852,6.442628856568259,-4.4649710843822605,1.8931650000000002,-0.38317295,0.07382,0.11768907789720512,-0.04743009897977961,0.9919171769770134,6.99413743260916,-3.054561650769418,1.7484403272570845,1.7574490078271368,1.5144030110478393
05/05/2023 11:39:53.942897,389,True,True,True,True,Eyes,2.059156,0.03484296,-3.388733,0.9847289,-0.1703389,0.03596792,0.0,0.0,0.0,0.0,0.0,0.0,0.0,-3.597457,-0.218648,-1.60536,2.191226,0.0406906,-3.280786,0.05001314,0.6450574,-0.03788728,0.7615539,7.183892,80.55578,0.3936372,0.5034198,0.008214251,-0.8640028,0.0,0.0,0.0,4.083138,-0.3482901,-3.190259,0.2200977,-0.1522001,1.915,0.1649309,0.006816283,-0.9862816,0.1222291,0.9921265,0.02729645,0.9787022,-0.1250543,0.1627992,moving,7.233883970138299,-2.75325591632329,6.556437337289036,-4.544193801403796,1.891912,-0.3889807,0.0905269999999998,0.12577688380072605,-0.04765342393856113,0.9909133994985924,7.450269542074247,-3.0728910534589144,1.9070784553635165,1.9147826113100777,1.7215306521875675
05/05/2023 11:39:53.963043,390,True,True,True,True,Eyes,2.06528,0.03495554,-3.383703,0.9843629,-0.1718807,0.03855966,0.0,0.0,0.0,0.0,0.0,0.0,0.0,-3.607465,-0.2341609,-1.57499,2.198034,0.04024169,-3.273569,0.04918874,0.641095,-0.03993946,0.7648414,7.264681,79.94715,0.1140524,0.5050128,0.008271611,-0.8630721,0.0,0.0,0.0,4.088424,-0.3551581,-3.166293,0.2240431,-0.1549283,1.915,0.1748041,0.001974611,-0.9846011,0.124164,0.9919707,0.0240332,0.9767429,-0.1264531,0.1731554,moving,7.695910582616413,-2.7386823344773306,6.67291521940645,-4.625298537005516,1.89039,-0.39539979,0.10727600000000015,0.13376525030644898,-0.047351423884033815,0.9898812260947385,7.900269027790697,-3.0617750941847026,2.139335484205458,2.1461221327759885,1.9877129891424377
05/05/2023 11:39:53.982107,391,True,True,True,True,Eyes,2.218765,0.03674828,-3.255385,0.9717747,-0.2074044,0.1124163,0.0,0.0,0.0,0.0,0.0,0.0,0.0,-3.617937,-0.2414203,-1.54362,2.204703,0.03960181,-3.266225,0.04745014,0.6369841,-0.04066936,0.7683397,7.164999,79.31277,359.8819,0.5066158,0.00832633,-0.8621316,0.0,0.0,0.0,4.094613,-0.3560256,-3.141068,0.2278188,-0.1575394,1.915,0.1851945,-0.002045804,-0.9826999,0.1229458,0.992189,0.02110418,0.9749808,-0.1247272,0.1839994,moving,4.023631991953244,-4.826705303590596,6.784331295943333,-4.702904699960444,1.88991,-0.39562741,0.12515699999999974,0.06992030746222094,-0.08393636679071835,0.9940150472399812,4.376741288205242,-5.069036031735737,2.7550499392668932,2.7634737625876875,2.4352703746130224
05/05/2023 11:39:53.992651,392,True,True,True,True,Eyes,2.219026,0.03670037,-3.255084,0.9717766,-0.207255,0.1126752,0.0,0.0,0.0,0.0,0.0,0.0,0.0,-3.629447,-0.2438708,-1.509305,2.211258,0.03867763,-3.258713,0.04637325,0.6325162,-0.04101372,0.772069,7.093587,78.63527,359.7305,0.5133103,0.008439554,-0.8581615,0.4604551,0.00537822,0.3849542,4.100352,-0.3580893,-3.114881,0.2319989,-0.1604298,1.915,0.1964822,-0.004667176,-0.9804963,0.1219945,0.9923348,0.01972301,0.9728885,-0.1234904,0.1955455,moving,4.687522220833657,-4.8861148870148865,6.907620566455212,-4.788791939776553,1.889094,-0.39676693,0.14383200000000018,0.0814264586976775,-0.08489263178961082,0.9930574348542931,5.025515335205627,-5.131243175752661,2.215293058854943,2.2222305056610856,1.9130062599266677
05/05/2023 11:39:54.012202,393,True,True,True,True,Eyes,2.219533,0.0366044,-3.254496,0.9717244,-0.2070973,0.113413,0.0,0.0,0.0,0.0,0.0,0.0,0.0,-3.641918,-0.2432908,-1.472326,2.217779,0.03741817,-3.251238,0.04518041,0.6277339,-0.04098101,0.7760345,6.98292,77.91451,359.6027,0.5189335,0.008535166,-0.8547719,0.4328278,0.005055527,0.361857,4.10596,-0.3586471,-3.086614,0.2354885,-0.1628431,1.915,0.2085412,-0.00688279,-0.9779895,0.1203279,0.9925586,0.01867277,0.9705834,-0.1215735,0.2078176,moving,5.365230152012043,-4.984758327453994,7.010494840672119,-4.860485813218426,1.8881809999999994,-0.39606527,0.16462399999999988,0.09315357371025673,-0.08651291692127899,0.9918861006700466,5.688816619348843,-5.2317158762412115,1.6451244725329637,1.6499513791461144,1.3728237615994847
05/05/2023 11:39:54.032367,394,True,True,True,True,Eyes,2.220276,0.03645504,-3.253644,0.9716653,-0.2069364,0.1142101,0.0,0.0,0.0,0.0,0.0,0.0,0.0,-3.653282,-0.2498663,-1.436103,2.224246,0.0361561,-3.243875,0.04401957,0.6230633,-0.04189348,0.7798073,6.941631,77.21276,359.3949,0.5236841,0.00861479,-0.8518688,0.4068581,0.004752195,0.3401456,4.110829,-0.3620138,-3.059219,0.2392443,-0.1654402,1.915,0.2200742,-0.01048373,-0.9754267,0.1201916,0.9926144,0.01644898,0.9680502,-0.1208581,0.2197089,moving,6.027172254036337,-5.003804070977563,7.121166003357144,-4.937622936382745,1.886583,-0.39816989999999997,0.18465599999999993,0.10460432480815918,-0.0867433804846629,0.9907237743107724,6.334603659419574,-5.2546367207280404,1.0926188353648776,1.095993734530108,0.8480436665440582
05/05/2023 11:39:54.042444,395,True,True,True,True,Eyes,2.221227,0.03628725,-3.25255,0.9715622,-0.2067648,0.1153916,1.935013,4.101212,-0.3638054,-3.029266,-0.9497466,0.1588055,0.2697447,0.235814,-0.1673866,1.901882,2.230663,0.03469024,-3.236702,0.04250563,0.6186883,-0.04337642,0.7832859,6.907171,76.55429,359.1136,0.5277346,0.008679662,-0.8493649,0.3824466,0.004467064,0.3197368,4.115469,-0.3661934,-3.033314,0.2430779,-0.1680907,1.915,0.2306865,-0.0153568,-0.9729069,0.1205477,0.9926236,0.01291514,0.965532,-0.1202611,0.2308361,moving,6.630768507878581,-5.003043059407629,7.234074614677159,-5.016327608139719,1.8848060000000002,-0.40088364,0.20338800000000035,0.11503648517309728,-0.0866296975252581,0.9895766341846104,6.92298020575059,-5.257898986826396,0.6010739521874221,0.6034523491838211,0.39387366282344033
05/05/2023 11:39:54.062566,396,True,True,True,True,Eyes,2.222401,0.03611732,-3.251268,0.9715027,-0.2064892,0.1163818,1.94926,4.116113,-0.3663838,-3.02441,-0.2522464,0.1808979,-0.9506038,0.2599441,-0.1687145,1.907596,2.236646,0.03405919,-3.229856,0.04018726,0.6148847,-0.04547315,0.7862787,6.841218,75.97595,358.7253,0.5313998,0.008733714,-0.8470759,0.3594998,0.00419904,0.3005526,4.119902,-0.3691027,-3.010148,0.2470698,-0.1708514,1.915001,0.239698,-0.02208809,-0.9705963,0.1209302,0.9926344,0.007275273,0.9632865,-0.1191183,0.2406036,moving,7.177198921151757,-5.009250817513381,7.351581724869786,-5.098281761674108,1.8832559999999998,-0.40316189,0.2197079999999998,0.12446862696098432,-0.08663757125310961,0.9884338629088847,7.455818239064745,-5.267562663670789,0.19401214956999513,0.19579548322346693,0.19879958418549554
05/05/2023 11:39:54.082696,397,True,True,True,True,Eyes,2.223797,0.03595189,-3.249755,0.971475,-0.2059248,0.1176059,0.0,0.0,0.0,0.0,0.0,0.0,0.0,-3.674239,-0.2989863,-1.353195,2.242965,0.03382985,-3.223123,0.03682645,0.611981,-0.04697652,0.7886168,6.637158,75.52715,358.3259,0.5347263,0.008778011,-0.8449795,0.3379298,0.003947097,0.2825195,4.125948,-0.3670403,-2.990862,0.2508824,-0.1734877,1.915,0.2465449,-0.02901878,-0.9686969,0.1191671,0.992874,0.0005864308,0.961777,-0.1155814,0.2482461,moving,7.589994230383089,-5.128954517928816,7.4637602963167025,-5.176528637301044,1.8829830000000003,-0.40087015,0.23226100000000027,0.13156359122587719,-0.08862056146630051,0.9873384749638787,7.861445324994151,-5.38676991068117,0.13481647112902043,0.1349010857773946,0.44983861002217235
05/05/2023 11:39:54.092847,398,True,True,True,True,Eyes,2.225401,0.03575018,-3.248063,0.9715368,-0.2051487,0.1184496,0.0,0.0,0.0,0.0,0.0,0.0,0.0,-3.675728,-0.3106209,-1.3409,2.249666,0.03369998,-3.216106,0.03157776,0.6098037,-0.04693855,0.7905309,6.152378,75.18152,357.9422,0.5377561,0.008813685,-0.8430542,0.317654,0.003710272,0.2655683,4.134641,-0.35576,-2.974356,0.2548805,-0.1762526,1.915,0.2518724,-0.03570027,-0.9671018,0.1127252,0.9935992,-0.007320208,0.9611729,-0.107173,0.2542845,moving,7.938001391016154,-5.514542513264107,7.581331079999809,-5.25856885650672,1.8849750000000003,-0.38945998000000004,0.2417499999999997,0.13747442532441367,-0.09518597427658074,0.9859211242735544,8.21108213817274,-5.764248750468665,0.4338171891356709,0.43901733873987847,0.8076500172892281
05/05/2023 11:39:54.112542,399,True,True,True,True,Eyes,2.227201,0.03549303,-3.246142,0.9716133,-0.2041366,0.119565,0.0,0.0,0.0,0.0,0.0,0.0,0.0,-3.677196,-0.3197209,-1.328145,2.255988,0.0325888,-3.208958,0.02673498,0.6075646,-0.04682442,0.792438,5.697098,74.83538,357.5968,0.5405259,0.008840701,-0.8412807,0.2985948,0.003487655,0.2496342,4.142676,-0.3462155,-2.95771,0.2587764,-0.1789467,1.915,0.2573456,-0.04172445,-0.9654182,0.1066974,0.9941854,-0.01452609,0.9604108,-0.09926935,0.2603011,moving,8.271470066725911,-5.858311083602765,7.695834764989254,-5.338487503459541,1.886688,-0.3788043,0.2512479999999999,0.14312753583619264,-0.10101787817657536,0.9845353432942936,8.545419392240287,-6.100941537018573,0.7651283763593275,0.775611084937787,1.141547279858226
05/05/2023 11:39:54.132444,400,True,True,True,True,Eyes,2.229183,0.03516214,-3.24404,0.9716692,-0.2032625,0.1205957,0.0,0.0,0.0,0.0,0.0,0.0,0.0,-3.680607,-0.3210172,-1.311509,2.262495,0.03094391,-3.201583,0.02279977,0.6048294,-0.04603882,0.7946962,5.274593,74.42735,357.3756,0.5430685,0.008858546,-0.8396415,0.2806791,0.003278396,0.2346562,4.150419,-0.3375946,-2.938975,0.2624488,-0.1814864,1.915,0.2641238,-0.04559381,-0.9634105,0.1007537,0.9947212,-0.01945348,0.9592118,-0.09192903,0.2673233,moving,8.660760672119673,-6.191508339240584,7.803713023506535,-5.413806912956081,1.8879240000000004,-0.36853851000000004,0.26260799999999973,0.14972519522829647,-0.10663626835872682,0.982960361956551,8.933887989310069,-6.427718781163503,1.1405904414908832,1.1573029769417604,1.5183256336573148
05/05/2023 11:39:54.142513,401,True,True,True,True,Eyes,2.231341,0.0348228,-3.24173,0.9716495,-0.2025051,0.1220207,0.0,0.0,0.0,0.0,0.0,0.0,0.0,-3.686747,-0.3189361,-1.287172,2.268584,0.0288488,-3.194264,0.02214794,0.6013251,-0.04593309,0.7973756,5.195933,73.92035,357.3171,0.5454126,0.008866287,-0.8381206,0.2638384,0.003081692,0.2205768,4.155404,-0.340553,-2.918762,0.2668039,-0.184498,1.915001,0.2725965,-0.04661562,-0.9609987,0.09988809,0.9947993,-0.01992098,0.9569293,-0.09056191,0.2758351,moving,9.087950310587805,-6.209762318654928,7.931569604795666,-5.503094180825459,1.8868199999999997,-0.3694018,0.2755019999999999,0.1570465700011776,-0.10682650411801946,0.9817966135985288,9.350812541988693,-6.448312502417298,1.3372426526992685,1.3552107562116291,1.705194472852051
05/05/2023 11:39:54.162905,402,True,True,True,True,Eyes,2.233693,0.03448988,-3.239245,0.9715734,-0.2018429,0.123712,0.0,0.0,0.0,0.0,0.0,0.0,0.0,-3.69532,-0.3247248,-1.254128,2.274986,0.02832414,-3.187052,0.02259501,0.5968977,-0.04706257,0.8006172,5.299563,73.28359,357.2148,0.5475843,0.008864744,-0.8367034,0.248008,0.002896791,0.2073422,4.158612,-0.3476165,-2.893884,0.2704235,-0.1870005,1.915001,0.2829964,-0.04838438,-0.9578999,0.102332,0.9945492,-0.02000318,0.9536464,-0.09236299,0.2864051,moving,9.620236399762724,-6.042056675154393,8.037776386616946,-5.577269724252087,1.8836259999999996,-0.37594064,0.2931680000000001,0.16621435521559802,-0.10379426377114384,0.9806118629409084,9.865174891903063,-6.288667380690995,1.6334742983016848,1.6493048847724916,1.9609874866272623
05/05/2023 11:39:54.182508,403,True,True,True,True,Eyes,2.236229,0.03412946,-3.23657,0.9714766,-0.2010014,0.1258244,0.0,0.0,0.0,0.0,0.0,0.0,0.0,-3.703717,-0.3335669,-1.220278,2.281755,0.02814751,-3.179727,0.01996408,0.5922908,-0.04756477,0.8040714,5.074411,72.61703,356.959,0.5496068,0.008855018,-0.8353763,0.2331276,0.002722983,0.1949016,4.163716,-0.3443093,-2.866926,0.2741779,-0.189597,1.915,0.2938585,-0.05284187,-0.9543873,0.10014,0.994678,-0.02423926,0.9505889,-0.08844946,0.2975862,moving,10.195316616446574,-6.16397350973262,8.14788396111627,-5.6542145928882315,1.881961,-0.37245680999999997,0.31280100000000033,0.17601277525252168,-0.10569789907138882,0.9786968804817353,10.429060029794188,-6.411104156640268,2.0903216852853372,2.1099371155120394,2.403465428922495
05/05/2023 11:39:54.192408,404,True,True,True,True,Eyes,2.238946,0.033749,-3.233706,0.9713132,-0.2001698,0.1283853,0.0,0.0,0.0,0.0,0.0,0.0,0.0,-3.713245,-0.3326665,-1.18551,2.288719,0.02708722,-3.172589,0.01716297,0.5875001,-0.04680412,0.8076872,4.744897,71.93105,356.811,0.5515008,0.008837246,-0.8341272,0.2191399,0.002559604,0.1832075,4.169577,-0.3382434,-2.839984,0.2783035,-0.1924503,1.915,0.3053062,-0.05543968,-0.9506391,0.09577265,0.9950296,-0.02727023,0.9474259,-0.08271946,0.3090982,moving,10.761606416719848,-6.406950982420283,8.268803534109427,-5.738742712163619,1.8808580000000004,-0.36533062000000005,0.33260500000000004,0.18559714706637648,-0.10965073187876911,0.9764888543048721,10.987639078893297,-6.651272733952082,2.5545014143185187,2.58080772317316,2.8678873339525484
05/05/2023 11:39:54.212868,405,True,True,True,True,Eyes,2.241857,0.03335206,-3.230661,0.9711169,-0.199127,0.1314547,0.0,0.0,0.0,0.0,0.0,0.0,0.0,-3.724827,-0.3218665,-1.145592,2.295768,0.02618378,-3.165293,0.01605207,0.5821151,-0.04524842,0.8116877,4.516036,71.16943,356.8507,0.5532848,0.008811737,-0.8329453,0.2059915,0.002406028,0.1722151,4.174399,-0.3341343,-2.810791,0.2819773,-0.1949904,1.915001,0.3181891,-0.05476686,-0.9464441,0.09214348,0.9953898,-0.02662104,0.9435388,-0.07873812,0.3217686,moving,11.345965326015447,-6.570997182856547,8.376414365181976,-5.813968292890551,1.8786310000000004,-0.36031808,0.3545020000000001,0.19548994262538333,-0.11222636302785305,0.9742632393355325,11.56170478465802,-6.814762250666847,3.0325722969388194,3.0645269862133926,3.3388117051321435
05/05/2023 11:39:54.232683,406,True,True,True,True,Eyes,2.24496,0.03289431,-3.227481,0.9707583,-0.1981772,0.1354771,0.0,0.0,0.0,0.0,0.0,0.0,0.0,-3.738172,-0.3124108,-1.098912,2.30332,0.02533988,-3.158039,0.01360967,0.5759053,-0.04342393,0.8162488,4.142306,70.29507,356.8266,0.5549755,0.008778851,-0.83182,0.193632,0.002261666,0.1618822,4.179506,-0.3255862,-2.777579,0.2858036,-0.1976364,1.915001,0.3328948,-0.05521369,-0.941346,0.08656523,0.9958583,-0.02779839,0.9389821,-0.07223389,0.3362957,moving,12.005314481096626,-6.873036577457336,8.488433315371982,-5.892311836351894,1.8761860000000001,-0.35092608,0.38046000000000024,0.20657166165769858,-0.11708853116951612,0.9714002000780537,12.21259176475335,-7.113014266424711,3.6087330550698136,3.6510647969660948,3.91911604560063
05/05/2023 11:39:54.242153,407,True,True,True,True,Eyes,2.248248,0.03240334,-3.224151,0.970296,-0.1972712,0.1400347,0.0,0.0,0.0,0.0,0.0,0.0,0.0,-3.752897,-0.3063218,-1.04432,2.31075,0.02344255,-3.150961,0.01187528,0.568853,-0.04243878,0.8212578,3.886958,69.30805,356.7711,0.5565873,0.008737783,-0.8307427,0.1820141,0.002125966,0.1521692,4.182672,-0.3224004,-2.741315,0.2899633,-0.2005127,1.915,0.3492105,-0.05619577,-0.9353577,0.08321693,0.9961159,-0.02877751,0.9333419,-0.06778818,0.3525305,moving,12.740096129780234,-7.0519000646782315,8.610143182614008,-5.977452184602411,1.871922,-0.34584295,0.40964599999999995,0.21894086907053917,-0.11978977623312412,0.9683569984929037,12.933691779088303,-7.291918290730718,4.217123321482689,4.267428920650749,4.518948285855345
05/05/2023 11:39:54.262311,408,True,True,True,True,Eyes,2.251729,0.03183945,-3.220678,0.9697297,-0.1963317,0.1451833,0.0,0.0,0.0,0.0,0.0,0.0,0.0,-3.767443,-0.3069171,-0.9869761,2.318493,0.02215654,-3.144208,0.011738,0.561516,-0.04282196,0.8262737,3.869721,68.2864,356.6913,0.5581337,0.008688495,-0.8297052,0.1710932,0.001998408,0.1430391,4.183854,-0.3261221,-2.704131,0.2934734,-0.20294,1.915001,0.3657319,-0.05758318,-0.9289373,0.08394749,0.996057,-0.02869284,0.9269268,-0.06748804,0.3691238,moving,13.458162113454891,-6.984965415042078,8.7127772252404,-6.049275536737392,1.865361,-0.34827864000000003,0.44007700000000005,0.23110051099352213,-0.1183169260945246,0.9657088986355805,13.631871992196466,-7.231553749299035,4.785775314625478,4.836754416512823,5.059177314365697
05/05/2023 11:39:54.282141,409,True,True,True,True,Eyes,2.255366,0.03131299,-3.217045,0.9690248,-0.1955407,0.1508469,0.0,0.0,0.0,0.0,0.0,0.0,0.0,-3.781716,-0.2888672,-0.9329739,2.326503,0.01976025,-3.137237,0.01062251,0.554404,-0.04045294,0.8311961,3.584086,67.3065,356.8139,0.5596259,0.00862996,-0.8287001,0.1608277,0.001878504,0.1344568,4.18713,-0.321348,-2.668584,0.2973496,-0.2056204,1.915001,0.3819995,-0.05547034,-0.9224964,0.07902698,0.9965014,-0.02719578,0.9207776,-0.06251332,0.3850466,moving,14.104416459859015,-7.245687986907075,8.82605532279241,-6.128569316521871,1.8606269999999996,-0.34110825,0.46865299999999976,0.24185803712596698,-0.1223798894214873,0.9625631761883995,14.268880282879145,-7.489518309571594,5.3333847130057705,5.395280383540626,5.610394434246689
05/05/2023 11:39:54.292569,410,True,True,True,True,Eyes,2.25915,0.03114274,-3.213266,0.968094,-0.1952228,0.1571058,0.0,0.0,0.0,0.0,0.0,0.0,0.0,-3.796502,-0.2744378,-0.8689725,2.333876,0.02014285,-3.129931,0.01327348,0.5463181,-0.03959587,0.8365361,3.753919,66.19741,357.0276,0.5610738,0.008564067,-0.8277212,0.151178,0.001765794,0.1263894,4.185884,-0.3284026,-2.62999,0.3012349,-0.2083074,1.915,0.3999373,-0.05174366,-0.9150808,0.08074984,0.9965119,-0.02105639,0.9129785,-0.06547138,0.4027206,moving,14.794285454829872,-7.106737794580211,8.939534198667143,-6.208037913229054,1.8520079999999997,-0.34854545,0.4999410000000002,0.2535141381866022,-0.1196765168892685,0.959900140594967,14.937632485756287,-7.3588967921918,5.8639117589635585,5.923324551996086,6.107508429864761
05/05/2023 11:39:54.312394,411,True,True,True,True,Eyes,2.263123,0.0313355,-3.209312,0.9671714,-0.1940447,0.1640919,0.0,0.0,0.0,0.0,0.0,0.0,0.0,-3.810818,-0.2914447,-0.7879665,2.340896,0.02871931,-3.122106,0.01586762,0.5364678,-0.04201146,0.842725,4.118511,64.84943,356.909,0.5624865,0.008500608,-0.8267626,0.1421073,0.001659846,0.118806,4.179784,-0.3354364,-2.582842,0.3052109,-0.2110571,1.915,0.4208746,-0.0537833,-0.9055231,0.08783317,0.9959666,-0.01833151,0.9028565,-0.07181969,0.423901,moving,15.699203112530013,-6.636933176543001,9.055584369428418,-6.289332807813444,1.8388879999999999,-0.36415571,0.5392640000000002,0.26890524453212156,-0.11132035439022504,0.9567119537160673,15.807100600848411,-6.907785212929051,6.605880526909632,6.652705917146175,6.779782798919218
05/05/2023 11:39:54.332726,412,True,True,True,True,Eyes,2.267227,0.03149334,-3.205204,0.9661814,-0.1926007,0.17146,0.0,0.0,0.0,0.0,0.0,0.0,0.0,-3.821279,-0.3243186,-0.7154107,2.34938,0.03747845,-3.114189,0.002762763,0.5269982,-0.04053446,0.8488948,2.717627,63.57467,356.2168,0.5638727,0.008448582,-0.8258182,0.1335809,0.001560255,0.1116776,4.183404,-0.2866901,-2.531367,0.309046,-0.2137084,1.915001,0.4412597,-0.06590704,-0.8949561,0.07173093,0.9966986,-0.03803259,0.8945081,-0.04741376,0.4445305,moving,16.73793948813941,-7.746733486930392,9.167446357640934,-6.367691142413763,1.8340240000000003,-0.32416855,0.5828220000000002,0.28558161282003214,-0.1291808472797023,0.9496080823485322,16.849593195803287,-7.99449176752176,7.601424768558333,7.695071411422674,7.852506626354391
05/05/2023 11:39:54.342427,413,True,True,True,True,Eyes,2.271406,0.03161399,-3.20094,0.9648734,-0.1920198,0.1792977,0.0,0.0,0.0,0.0,0.0,0.0,0.0,-3.828136,-0.3492224,-0.6525671,2.356393,0.03678754,-3.106202,-0.004679999,0.5187076,-0.04128335,0.8539416,1.996307,62.47591,355.6753,0.5652391,0.008405973,-0.824884,0.125566,0.00146664,0.104977,4.182833,-0.2690638,-2.487781,0.3128142,-0.2163146,1.915,0.4584763,-0.07536224,-0.8855056,0.06565204,0.9965475,-0.05082087,0.8862783,-0.03483509,0.4618411,moving,17.512623888339512,-8.259289713160019,9.277297725828836,-6.4446997956006795,1.8264399999999994,-0.30585134,0.6184210000000001,0.29807347066709783,-0.13712302633174356,0.9446424871764896,17.61858526605565,-8.498338185409699,8.311663906835834,8.432872201797014,8.590373010809278
05/05/2023 11:39:54.362400,414,True,True,True,True,Eyes,2.377843,0.0342203,-3.089896,0.9084849,-0.18743,0.3735307,0.0,0.0,0.0,0.0,0.0,0.0,0.0,-3.835624,-0.370119,-0.5773964,2.362428,0.0361895,-3.098388,0.003499778,0.5096824,-0.04770515,0.859032,3.132304,61.23998,355.4971,0.5665907,0.008370916,-0.8239565,0.118032,0.001378642,0.09867836,4.170751,-0.3114136,-2.446625,0.3168788,-0.2191257,1.915,0.4758961,-0.07839295,-0.8760009,0.08552805,0.9954239,-0.04261611,0.875333,-0.05464179,0.4804233,moving,6.936460716482535,-7.22091747443028,9.39570762821424,-6.527733117737049,1.8083230000000001,-0.3476031,0.6517629999999999,0.1198245417049259,-0.1247898004364818,0.9849211070856018,7.280753645137102,-7.4178830509327485,2.5480313766017755,2.5550733698322903,2.294645343860824
05/05/2023 11:39:54.382156,415,True,True,True,True,Eyes,2.37803,0.03433208,-3.08958,0.9080189,-0.1880299,0.3743615,0.0,0.0,0.0,0.0,0.0,0.0,0.0,-3.844021,-0.3553512,-0.5063697,2.368622,0.03598309,-3.089906,0.007474106,0.5007545,-0.04753593,0.8642508,3.470043,60.04672,355.7093,0.5719489,0.008432043,-0.8202456,0.4302596,0.009114864,0.4258887,4.163279,-0.3245185,-2.405522,0.3205723,-0.221679,1.915001,0.4939706,-0.07468054,-0.8662655,0.08965131,0.995369,-0.03468866,0.8648444,-0.06052666,0.4983782,moving,8.005350144448913,-6.885864749810022,9.50323161610871,-6.603124363843213,1.7946570000000004,-0.36050159,0.6843840000000001,0.13828032308494126,-0.11874013528599399,0.9832494247408733,8.313696546059642,-7.098970312655418,1.518916747245194,1.5243329783870647,1.2887423667398061
05/05/2023 11:39:54.392648,416,True,True,True,True,Eyes,2.378462,0.03461275,-3.08895,0.9073536,-0.1886609,0.3756547,0.0,0.0,0.0,0.0,0.0,0.0,0.0,-3.852577,-0.3443345,-0.4163368,2.373336,0.03888546,-3.082209,0.01599701,0.4899696,-0.04954178,0.8701836,4.381012,58.60939,355.9428,0.5763767,0.008481898,-0.8171399,0.404444,0.008567972,0.4003354,4.147462,-0.3533887,-2.360146,0.324394,-0.2243215,1.915001,0.5149508,-0.07054479,-0.8543121,0.101897,0.9945794,-0.02070726,0.851142,-0.0763886,0.5193478,moving,9.234644591847108,-5.986709647949048,9.614421621600258,-6.681128731785057,1.7741259999999999,-0.39227416,0.7220630000000003,0.15962516976582375,-0.10296043018053996,0.9817937152213443,9.487800914592553,-6.2322585619644215,0.7764073263733114,0.7914849691079214,0.4663874277871745
05/05/2023 11:39:54.412751,417,True,True,True,True,Eyes,2.379124,0.03483585,-3.088034,0.9065208,-0.1886842,0.3776484,0.0,0.0,0.0,0.0,0.0,0.0,0.0,-3.858949,-0.3382151,-0.3306227,2.379622,0.04326891,-3.074202,0.01623074,0.4792016,-0.04856323,0.8762101,4.300431,57.19851,356.0007,0.5800568,0.008527592,-0.8145311,0.3801774,0.008053894,0.3763153,4.137961,-0.3491429,-2.311974,0.3284957,-0.2271582,1.915001,0.5360149,-0.06954759,-0.841339,0.1006588,0.9947563,-0.01810008,0.8381861,-0.07498622,0.5402047,moving,10.502341728655804,-6.02840286488622,9.733676752734466,-6.764838031321775,1.7583389999999999,-0.39241180999999997,0.7622279999999999,0.18130094114189543,-0.10328100742633471,0.9779892660100642,10.72469985588491,-6.281232075678983,1.063777162830749,1.0645104976331203,1.102724585429705
05/05/2023 11:39:54.432258,418,True,True,True,True,Eyes,2.379976,0.03494992,-3.086859,0.9055713,-0.1890476,0.3797388,0.0,0.0,0.0,0.0,0.0,0.0,0.0,-3.863771,-0.3145103,-0.2653915,2.385801,0.0419776,-3.066638,0.01109796,0.4704905,-0.04340493,0.8812669,3.462989,56.07896,356.2054,0.5831371,0.00856939,-0.8123283,0.3573667,0.007570661,0.3537363,4.135835,-0.3243644,-2.270753,0.3321019,-0.2296521,1.915,0.5535094,-0.06605968,-0.8302189,0.08694562,0.9959857,-0.02128268,0.828292,-0.06040375,0.557031,moving,11.528294208083082,-6.89340498039326,9.838460209363461,-6.83841110032196,1.7500340000000003,-0.366342,0.7958850000000002,0.19846422317272228,-0.11763508969953493,0.9730230564928668,11.74813236398713,-7.129669065659853,1.6782144115793158,1.6907286210607664,1.931755403905416
05/05/2023 11:39:54.442119,419,True,True,True,True,Eyes,2.381025,0.03511038,-3.085418,0.9044005,-0.189658,0.3822167,0.0,0.0,0.0,0.0,0.0,0.0,0.0,-3.867344,-0.2854752,-0.2043998,2.391272,0.03957202,-3.059392,0.0177308,0.4626167,-0.04287371,0.8853437,4.075096,55.05492,356.5796,0.5859113,0.008609526,-0.8103291,0.3359247,0.007116421,0.3325122,4.126652,-0.348042,-2.239294,0.3362458,-0.2325174,1.915,0.5682953,-0.05951082,-0.8206699,0.09232107,0.9956949,-0.008272483,0.8176292,-0.0710639,0.5713428,moving,12.288618553481294,-6.374211532706962,9.95877955433862,-6.922908922643809,1.7353800000000001,-0.38761402,0.8200979999999998,0.2115796208467623,-0.10850818895215772,0.971318724258831,12.475316991570814,-6.6295440695422485,2.388810435650418,2.3935786153058873,2.5335792093452465
05/05/2023 11:39:54.463353,420,True,True,True,True,Eyes,2.382245,0.03536467,-3.083716,0.9032443,-0.1898224,0.38486,0.0,0.0,0.0,0.0,0.0,0.0,0.0,-3.869267,-0.2551018,-0.1551585,2.397055,0.04087254,-3.051694,0.02325881,0.4559304,-0.04113551,0.8887601,4.522631,54.19739,357.0151,0.5884377,0.008649806,-0.8084959,0.3157693,0.006689436,0.3125615,4.120642,-0.361798,-2.211964,0.3399382,-0.2350709,1.915,0.5808707,-0.05191041,-0.8123389,0.094328,0.9955338,0.003833151,0.8085119,-0.07885288,0.583173,moving,12.88855424096303,-6.022175598748841,10.065914795193102,-6.998186268399564,1.7235870000000002,-0.40267054,0.8397299999999999,0.22188519282767316,-0.10229817711321688,0.969691741115386,13.050657153678372,-6.290997092731081,2.9847945663322606,2.986618534076359,3.06737729611453
05/05/2023 11:39:54.482484,421,True,True,True,True,Eyes,2.383625,0.03568016,-3.081753,0.9019361,-0.1896046,0.3880225,0.0,0.0,0.0,0.0,0.0,0.0,0.0,-3.869669,-0.2277782,-0.1065145,2.402333,0.04333036,-3.043762,0.02213036,0.4491928,-0.036608,0.8924102,4.151091,53.34192,357.3878,0.5907478,0.008692659,-0.806809,0.2968231,0.00628807,0.2938078,4.118396,-0.3477595,-2.181162,0.3437582,-0.2377129,1.915,0.5937714,-0.0454571,-0.8033487,0.08522031,0.9963402,0.00661062,0.8001081,-0.07238681,0.5954722,moving,13.523906428815136,-6.463231223045363,10.176677549351616,-7.076047047281218,1.7160629999999997,-0.39108986,0.8626,0.2324453322252108,-0.10948235318734789,0.966427894463882,13.68189837253288,-6.724350576241521,3.3937416955432442,3.40286414744234,3.5228203796113857
05/05/2023 11:39:54.492800,422,True,True,True,True,Eyes,2.38517,0.03604181,-3.079523,0.9006758,-0.188551,0.3914479,0.0,0.0,0.0,0.0,0.0,0.0,0.0,-3.869379,-0.1977782,-0.04984748,2.40755,0.04501169,-3.035683,0.0200719,0.441468,-0.0313668,0.8965039,3.651293,52.36379,357.788,0.5928704,0.008739443,-0.8052501,0.2790137,0.005910785,0.2761793,4.114809,-0.3302869,-2.146523,0.3479468,-0.2406086,1.915,0.6082442,-0.03851872,-0.7928149,0.07396314,0.9972265,0.008294198,0.7902964,-0.06368396,0.6094062,moving,14.26900469153976,-7.000096686836443,10.298039714814513,-7.161354292203459,1.707259,-0.37529859,0.88916,0.24474795318526865,-0.11816451253782576,0.9623592999027806,14.42270452826891,-7.251653300494255,3.950680080432426,3.974237896964303,4.1256531282025035
05/05/2023 11:39:54.512537,423,True,True,True,True,Eyes,2.386852,0.03638462,-3.07704,0.8992335,-0.1870821,0.3954484,0.0,0.0,0.0,0.0,0.0,0.0,0.0,-3.86818,-0.1625676,0.009178281,2.41308,0.04630606,-3.027248,0.01582148,0.4333335,-0.02432079,0.9007666,2.841944,51.33896,358.2729,0.5948305,0.008790988,-0.8038028,0.2622729,0.005556138,0.2596086,4.111716,-0.3019335,-2.108934,0.351575,-0.243118,1.915,0.6232611,-0.03010276,-0.7814342,0.05752666,0.9983163,0.007424879,0.7798951,-0.04958094,0.6239434,moving,15.031202024371533,-7.856649793120848,10.403089216748345,-7.23525535786278,1.6986360000000005,-0.34823956,0.9183140000000001,0.2570721992102758,-0.13210106508592015,0.9573208603815013,15.18879579684081,-8.090120458481238,4.614361271784021,4.669642299390338,4.861458815108456
05/05/2023 11:39:54.532640,424,True,True,True,True,Eyes,2.388663,0.03670438,-3.074338,0.8975916,-0.1856008,0.3998521,0.0,0.0,0.0,0.0,0.0,0.0,0.0,-3.86532,-0.1283713,0.0744282,2.418032,0.04607293,-3.018893,0.01295846,0.4245215,-0.01823492,0.9051415,2.231703,50.22962,358.738,0.5966499,0.008846364,-0.8024526,0.2465365,0.00522277,0.2440321,4.105055,-0.2818324,-2.070022,0.3553926,-0.2457583,1.915,0.638898,-0.02200807,-0.7689766,0.04401265,0.9989992,0.007976255,0.7680314,-0.03894071,0.6392272,moving,15.83515830589612,-8.524291519126043,10.51354621833202,-7.312985263847765,1.687023,-0.32790533,0.948871,0.2700772837702372,-0.1427203316393762,0.9522022930835901,15.990502706910949,-8.74505674057601,5.370101650340722,5.457730119251466,5.661084798185365
05/05/2023 11:39:54.542105,425,True,True,True,True,Eyes,2.390587,0.0370262,-3.071414,0.8956571,-0.1842301,0.4047934,0.0,0.0,0.0,0.0,0.0,0.0,0.0,-3.860731,-0.09764977,0.14652,2.422693,0.04581532,-3.010764,0.01508995,0.4149707,-0.01508589,0.9095845,2.290813,49.02975,359.1444,0.5983484,0.008904638,-0.8011862,0.2317443,0.004909404,0.2293901,4.092926,-0.2843294,-2.03128,0.3593069,-0.2484645,1.915,0.6551434,-0.01492002,-0.7553573,0.03996757,0.9990894,0.01493076,0.7544466,-0.03997158,0.6551431,moving,16.65948485421353,-8.529476269232392,10.626719087720588,-7.392627172465074,1.670233,-0.33014472,0.9794839999999998,0.2837689954256957,-0.14222123904219744,0.9482870575993189,16.794211581584715,-8.755567901068423,6.046690297025499,6.138948498089054,6.3162940947644435
05/05/2023 11:39:54.562431,426,True,True,True,True,Eyes,2.392589,0.03735089,-3.068283,0.893473,-0.1830667,0.4101129,0.0,0.0,0.0,0.0,0.0,0.0,0.0,-3.854537,-0.07376583,0.2184758,2.427381,0.04617441,-3.002718,0.01725579,0.4053814,-0.01286229,0.9138942,2.405308,47.83038,359.4541,0.5999429,0.008965601,-0.7999924,0.2178396,0.004614839,0.2156267,4.079844,-0.2886864,-1.992954,0.3633578,-0.2512656,1.915001,0.6710009,-0.009519203,-0.7413954,0.03749991,0.9990736,0.02111165,0.7405076,-0.0419682,0.6707362,moving,17.46936044449216,-8.475942334228913,10.743747676094584,-7.475027826072929,1.6524629999999996,-0.33486081,1.0097640000000003,0.2972080411502568,-0.14073378969339967,0.9443841325638955,17.58225073031713,-8.708850874771622,6.706065422918781,6.799683592864424,6.948916702487608
05/05/2023 11:39:54.582140,427,True,True,True,True,Eyes,2.394664,0.03768155,-3.064941,0.8909585,-0.1822623,0.4159008,0.0,0.0,0.0,0.0,0.0,0.0,0.0,-3.846581,-0.05898412,0.2893639,2.43141,0.04659361,-2.994908,0.01978421,0.3959432,-0.01216169,0.9179813,2.633884,46.65417,359.6179,0.6014477,0.009029103,-0.7988609,0.2047693,0.004337949,0.2026891,4.06469,-0.2972984,-1.955507,0.3669068,-0.25372,1.915001,0.6861622,-0.006661567,-0.7274182,0.03799526,0.9989213,0.0266924,0.7264557,-0.04595376,0.6856751,moving,18.23880730993277,-8.291988415519707,10.846206893536214,-7.547207320577448,1.6332799999999996,-0.34389201,1.039401,0.31002237587006815,-0.13711212154241165,0.9407903394222314,18.32736395230762,-8.53496915695251,7.3415987402085205,7.430022866444619,7.5460840429592535
05/05/2023 11:39:54.592756,428,True,True,True,True,Eyes,2.396805,0.03801727,-3.06141,0.8881339,-0.1818544,0.4220749,0.0,0.0,0.0,0.0,0.0,0.0,0.0,-3.836705,-0.05482966,0.3601956,2.435283,0.04713023,-2.986676,0.02336381,0.3864447,-0.01359918,0.9219163,3.071931,45.47368,359.5974,0.6028761,0.00909508,-0.7977827,0.1924831,0.004077672,0.1905278,4.047478,-0.3141803,-1.918582,0.3708677,-0.2564588,1.915001,0.7009511,-0.007016967,-0.7131748,0.04313225,0.9985384,0.03256829,0.7119039,-0.05358962,0.7002292,moving,18.998540572001392,-7.866291104646698,10.960474741090357,-7.627722063448487,1.6121949999999998,-0.36131053,1.068094,0.32280131869312045,-0.12953512397978648,0.9375606799797567,19.056492403825672,-8.125810509954787,7.9699424162603485,8.041605404984614,8.111325051794266
05/05/2023 11:39:54.612556,429,True,True,True,True,Eyes,2.399005,0.03837715,-3.057679,0.8849849,-0.1816778,0.4287132,0.0,0.0,0.0,0.0,0.0,0.0,0.0,-3.824996,-0.05194439,0.4344214,2.438841,0.047668,-2.978556,0.02693358,0.3764944,-0.01530742,0.9259008,3.520288,44.24155,359.537,0.6042389,0.00916344,-0.7967502,0.1809341,0.003833012,0.1790961,4.028152,-0.3316197,-1.880785,0.3747984,-0.2591775,1.915,0.7160352,-0.008065632,-0.6980175,0.04862699,0.9980806,0.03834932,0.6963683,-0.06140196,0.7150531,moving,19.780540992474,-7.433225036414917,11.073789797750509,-7.707619927005251,1.5893110000000004,-0.3792877,1.0977710000000003,0.33589648879111333,-0.12185406330372886,0.9339835331360302,19.807128691177102,-7.709629841628338,8.65491666126646,8.71107392476961,8.733339124710229
05/05/2023 11:39:54.632214,430,True,True,True,True,Eyes,2.401251,0.03872182,-3.053754,0.8815479,-0.1815398,0.4357942,0.0,0.0,0.0,0.0,0.0,0.0,0.0,-3.811824,-0.04988599,0.5078741,2.442519,0.04865244,-2.970212,0.0291848,0.3665248,-0.01641328,0.9298057,3.801735,43.01083,359.4758,0.6055462,0.009234607,-0.7957562,0.1700781,0.003603031,0.1683503,4.008977,-0.3429546,-1.84243,0.3785424,-0.2617661,1.915,0.7307804,-0.009128405,-0.6825517,0.05191622,0.9977577,0.04224065,0.6806356,-0.06630413,0.7296157,moving,20.538144001431256,-7.167861726169311,11.181635818602844,-7.78366261969339,1.566458,-0.39160704,1.127782,0.34842308349627366,-0.11695788043116952,0.9300119315493149,20.538502051294547,-7.456459525835333,9.328517243972188,9.376750829354489,9.362585516892034
05/05/2023 11:39:54.642778,431,True,True,True,True,Eyes,2.403539,0.03903816,-3.049638,0.8778309,-0.1814942,0.4432524,0.0,0.0,0.0,0.0,0.0,0.0,0.0,-3.797596,-0.04474571,0.5780258,2.445986,0.04863157,-2.961864,0.02971083,0.356875,-0.01626398,0.933538,3.846335,41.82428,359.474,0.606807,0.009307942,-0.7947944,0.1598734,0.003386849,0.1582493,3.991589,-0.3474631,-1.805104,0.3828368,-0.2647355,1.915001,0.7447515,-0.009159984,-0.6672791,0.05157219,0.9977055,0.04386396,0.6653462,-0.0670808,0.743515,moving,21.230159814694098,-7.163900732096293,11.30523159076686,-7.870853650877623,1.5456029999999998,-0.39609467000000004,1.1567599999999998,0.3596553182925228,-0.11636330550987943,0.9258010352602382,21.212985408603625,-7.457194609234073,9.900840996275207,9.950074506227624,9.916385405861979
05/05/2023 11:39:54.662439,432,True,True,True,True,Eyes,2.405858,0.03928695,-3.045335,0.8738796,-0.1813579,0.4510474,0.0,0.0,0.0,0.0,0.0,0.0,0.0,-3.782298,-0.03631026,0.6456687,2.449342,0.04828022,-2.953367,0.03087501,0.3474308,-0.01603169,0.9370602,3.956741,40.66917,359.5066,0.6080293,0.009382559,-0.7938589,0.150281,0.003183638,0.1487544,3.973452,-0.3536758,-1.768736,0.3863168,-0.2671424,1.915,0.7580696,-0.008591454,-0.652117,0.05149918,0.9975795,0.04672368,0.6501372,-0.06900329,0.7566772,moving,21.860472752521794,-7.100301777772121,11.405320699155794,-7.9415083476810056,1.5241099999999999,-0.40195601999999997,1.184631,0.36988413552862986,-0.11484025520918953,0.9219530586223227,21.825712198685483,-7.399493716879462,10.440796335929083,10.48893859988994,10.434478370454055
05/05/2023 11:39:54.682116,433,True,True,True,True,Eyes,2.408209,0.03944969,-3.040864,0.8696788,-0.1813641,0.4590925,0.0,0.0,0.0,0.0,0.0,0.0,0.0,-3.766309,-0.02167034,0.7101513,2.45264,0.04689985,-2.944864,0.03193003,0.3382705,-0.01495095,0.9403883,4.023647,39.55555,359.6256,0.6092196,0.009456617,-0.7929448,0.1412641,0.00299262,0.1398291,3.9564,-0.3591084,-1.734059,0.3901084,-0.2697643,1.915001,0.770699,-0.006517429,-0.637166,0.04972138,0.9975139,0.04993832,0.6352565,-0.07016818,0.769107,moving,22.423159291406254,-7.122528094485348,11.514279437644989,-8.018438171739986,1.5037599999999998,-0.40600825,1.210805,0.37892460822686114,-0.11474528555802793,0.9182863040559989,22.37482876301637,-7.424851000692804,10.896080048564395,10.945607088248911,10.876758587854038
05/05/2023 11:39:54.692760,434,True,True,True,True,Eyes,2.410574,0.03954598,-3.036234,0.8653304,-0.1813855,0.4672287,0.0,0.0,0.0,0.0,0.0,0.0,0.0,-3.750082,0.002652705,0.770164,2.455809,0.0450081,-2.936538,0.03459952,0.3295629,-0.01342059,0.9434039,4.251151,38.50671,359.8554,0.6103843,0.009528013,-0.7920479,0.1327883,0.002813063,0.1314394,3.940062,-0.3697215,-1.70292,0.3941115,-0.2725323,1.915,0.7824163,-0.002516642,-0.6227505,0.04812752,0.9972455,0.0564368,0.6208932,-0.07412852,0.7803823,moving,22.893791858702155,-7.029664365708802,11.629236487850672,-8.099631672590878,1.4842530000000003,-0.4147296,1.233618,0.3865381559570406,-0.1128707838994733,0.9153406464313429,22.831107323883987,-7.337617031229186,11.269212560575683,11.315256857039325,11.22775919499627
05/05/2023 11:39:54.712304,435,True,True,True,True,Eyes,2.412971,0.03961891,-3.031446,0.8607804,-0.1815254,0.4755057,0.0,0.0,0.0,0.0,0.0,0.0,0.0,-3.733692,0.02655208,0.8264983,2.4589,0.04348406,-2.928512,0.0380289,0.3212636,-0.01235905,0.9461454,4.582975,37.51224,0.06022042,0.6115277,0.009595308,-0.7911645,0.124821,0.002644279,0.123553,3.923804,-0.3834253,-1.674267,0.3979585,-0.2751926,1.915,0.7932739,0.001047681,-0.6088641,0.04782152,0.9968021,0.0640207,0.6069841,-0.07990275,0.790687,moving,23.29700085240352,-6.829387000425562,11.739615827534912,-8.177631203708078,1.4649040000000002,-0.42690936,1.254245,0.3931262410254478,-0.10933888861494068,0.9129604617153259,23.21876496369823,-7.145424168803251,11.596934969336369,11.635760011479356,11.525463819438508
05/05/2023 11:39:54.732417,436,True,True,True,True,Eyes,2.472641,0.04205518,-2.90692,0.7233714,-0.1730647,0.6684178,0.0,0.0,0.0,0.0,0.0,0.0,0.0,-3.717867,0.04156469,0.8754551,2.462123,0.04301225,-2.920066,0.03999786,0.3138357,-0.01158353,0.9485638,4.769748,36.62146,0.1799641,0.612655,0.009658363,-0.7902912,0.1173317,0.002485622,0.1161398,3.90988,-0.3917661,-1.647003,0.4016759,-0.2777634,1.915,0.8027459,0.003130082,-0.596313,0.04708094,0.996532,0.06861039,0.5944598,-0.08315169,0.7998146,moving,10.505980219880996,-5.400164296670048,11.846192754271781,-8.252977629289258,1.4477569999999997,-0.43477835,1.2730629999999998,0.18155560544592403,-0.09254710106602126,0.9790161001211009,10.711313665543273,-5.66998996999035,3.0726129364196835,3.1519380622258586,2.8213074618204415
05/05/2023 11:39:54.742434,437,True,True,True,True,Eyes,2.472772,0.04203419,-2.906552,0.7230862,-0.1727672,0.6688033,0.0,0.0,0.0,0.0,0.0,0.0,0.0,-3.702949,0.04105002,0.9182028,2.465411,0.04363793,-2.911436,0.03975228,0.3072346,-0.01162729,0.9507319,4.745628,35.82261,0.1332501,0.6167173,0.009809008,-0.7871234,0.2892996,0.009645293,0.4827509,3.89834,-0.3934552,-1.620615,0.4057259,-0.280564,1.915,0.8109434,0.002317675,-0.58512,0.04653543,0.9965691,0.06844293,0.5832711,-0.08273216,0.8080533,moving,11.273582402789364,-5.425946443370624,11.962210632723297,-8.335026452065614,1.4329290000000001,-0.43709313,1.2908210000000002,0.1946512892978815,-0.09275046598435721,0.9764774645384945,11.46028172110236,-5.700165908234465,2.915940034773325,2.9894740902123207,2.6822421064771835
05/05/2023 11:39:54.762112,438,True,True,True,True,Eyes,2.472975,0.04194387,-2.905821,0.7226789,-0.1721201,0.66941,0.0,0.0,0.0,0.0,0.0,0.0,0.0,-3.689433,0.03421086,0.9523959,2.468743,0.04305283,-2.902344,0.0359628,0.3017066,-0.01055847,0.9526638,4.295019,35.14919,0.09095987,0.62009,0.009936054,-0.7844675,0.2719416,0.009066575,0.4537859,3.891073,-0.3820344,-1.594187,0.4094115,-0.2831125,1.915,0.8177232,0.001583092,-0.5756095,0.04181778,0.9971904,0.0621498,0.5740907,-0.07489204,0.8153595,moving,11.910933374042951,-5.853526058974039,12.067703349053536,-8.40965963481168,1.42233,-0.42508723,1.3081569999999998,0.20536023923683067,-0.09981199307113264,0.9735833850312872,12.093108169864204,-6.120420702321966,2.5028846610071427,2.5609364854656866,2.2893798931036033
05/05/2023 11:39:54.782286,439,True,True,True,True,Eyes,2.473281,0.04181857,-2.904759,0.7220123,-0.171431,0.6703056,0.0,0.0,0.0,0.0,0.0,0.0,0.0,-3.676349,0.04312979,0.9833988,2.471698,0.04121871,-2.893698,0.03467266,0.2965232,-0.008772017,0.9543558,4.093386,34.52841,0.2193865,0.6229252,0.01004224,-0.7822167,0.2556251,0.00852258,0.4265587,3.884304,-0.3789956,-1.571678,0.4133369,-0.285827,1.915,0.8239942,0.00381924,-0.5665855,0.03730574,0.9974418,0.0609779,0.5653689,-0.07138232,0.8217437,moving,12.453356920178807,-6.064167361694732,12.179968572257986,-8.489122543127422,1.4126060000000003,-0.42021431,1.3220200000000002,0.21449372108225323,-0.10318340798100749,0.9712597873058284,12.627550378172122,-6.328968427574573,2.393628061338972,2.4403173606594954,2.206036100322312
05/05/2023 11:39:54.792701,440,True,True,True,True,Eyes,2.473642,0.04165079,-2.90336,0.7211507,-0.1707085,0.6714166,0.0,0.0,0.0,0.0,0.0,0.0,0.0,-3.662936,0.05116171,1.013396,2.474519,0.04023911,-2.884758,0.03428803,0.2914168,-0.007541443,0.9559518,4.011162,33.91832,0.3196761,0.6254886,0.01013459,-0.7801672,0.2402876,0.008011226,0.4009652,3.87681,-0.3791405,-1.54979,0.4171396,-0.2884565,1.915,0.8300387,0.005565705,-0.557678,0.03440273,0.9975349,0.06116001,0.5566437,-0.06995083,0.8278012,moving,12.969095360278272,-6.149123280379434,12.288634145036763,-8.566065851012343,1.402291,-0.41937961,1.3349680000000002,0.22319872066954644,-0.1044143064954563,0.9691645673098305,13.132591812365487,-6.415049292349766,2.473107470995279,2.5109039916304186,2.310657218170522
05/05/2023 11:39:54.811996,441,True,True,True,True,Eyes,2.474077,0.04140738,-2.90166,0.7200502,-0.1702196,0.6727207,0.0,0.0,0.0,0.0,0.0,0.0,0.0,-3.649829,0.04818505,1.041872,2.477159,0.03901692,-2.875975,0.03382426,0.2865552,-0.008002017,0.957433,3.97694,33.33249,0.233312,0.6278141,0.01021347,-0.7782961,0.2258704,0.007530552,0.3769073,3.868691,-0.3825763,-1.528667,0.4210961,-0.2911927,1.915,0.8356442,0.004062244,-0.5492562,0.03470782,0.9975837,0.06018289,0.5481735,-0.06935497,0.8334841,moving,13.461308146259356,-6.15649273309961,12.401599454879191,-8.646098329466662,1.3915320000000002,-0.42159322,1.347308,0.23151828018129486,-0.10433065734939341,0.9672200074603652,13.6126087873461,-6.425483738277037,2.673995314035102,2.7057565552075826,2.529362126293152
05/05/2023 11:39:54.832381,442,True,True,True,True,Eyes,2.474562,0.04112511,-2.899667,0.7188006,-0.1699873,0.6741142,0.0,0.0,0.0,0.0,0.0,0.0,0.0,-3.637568,0.04316634,1.06558,2.47944,0.03699793,-2.867095,0.03549298,0.2822861,-0.01025589,0.9586186,4.234497,32.81723,0.0215665,0.6299316,0.01027829,-0.7765824,0.2123181,0.007078719,0.3542928,3.859952,-0.3973159,-1.510721,0.4249749,-0.2938745,1.915,0.8404186,0.0003753795,-0.5419376,0.03970133,0.9972702,0.06225826,0.5404815,-0.07383864,0.8381095,moving,13.879505580991248,-5.852290989907276,12.512251290187965,-8.72450666040246,1.380512,-0.43431383,1.356374,0.23870196937455004,-0.09901673667833019,0.9660315704145366,14.012076345332144,-6.132273487713469,3.1454173612689287,3.1810386909872825,2.994853588679665
05/05/2023 11:39:54.842743,443,True,True,True,True,Eyes,2.47509,0.04080745,-2.897385,0.7173817,-0.169948,0.6756339,0.0,0.0,0.0,0.0,0.0,0.0,0.0,-3.626388,0.03482142,1.084883,2.481483,0.03583989,-2.858291,0.03761294,0.2786169,-0.01318128,0.9595751,4.561547,32.37186,359.7507,0.631867,0.01032952,-0.7750077,0.199579,0.006653996,0.3330352,3.851881,-0.4138718,-1.494935,0.4287626,-0.296494,1.915,0.8443977,-0.004337643,-0.5356993,0.04625604,0.9968231,0.06483983,0.5337161,-0.07952993,0.8419157,moving,14.2177264319296,-5.469218442345516,12.620212838129277,-8.801061735163318,1.3703980000000002,-0.44971169,1.363356,0.24455620469193493,-0.09241686578542765,0.9652208963202022,14.331455391820853,-5.761792825741044,3.651211112599339,3.6950276602850747,3.487908625716236
05/05/2023 11:39:54.863356,444,True,True,True,True,Eyes,2.47509,0.04080745,-2.897385,0.7173817,-0.169948,0.6756339,0.0,0.0,0.0,0.0,0.0,0.0,0.0,-3.615566,0.02071378,1.100775,2.483103,0.0347036,-2.849114,0.03857656,0.2754153,-0.01625757,0.9604133,4.764136,31.97848,359.4263,0.6336437,0.01036763,-0.7735552,0.1876043,0.006254756,0.3130531,3.844807,-0.4267429,-1.479204,0.4325738,-0.2991298,1.915,0.8477641,-0.009978825,-0.5302795,0.05247714,0.9964951,0.06514373,0.5277709,-0.08305407,0.8453165,moving,14.629322675441024,-5.198552476337428,12.728752343054312,-8.878061221079577,1.361704,-0.4614465,1.3699100000000002,0.2515915853032859,-0.08769289574147418,0.96385249040979,14.725391881218966,-5.501168582828923,4.093092416504618,4.1413708106112015,3.923005650726726
05/05/2023 11:39:54.882405,445,True,True,True,True,Eyes,2.47509,0.04080745,-2.897385,0.7173817,-0.169948,0.6756339,0.0,0.0,0.0,0.0,0.0,0.0,0.0,-3.604422,0.01128902,1.116024,2.484493,0.03348368,-2.839659,0.04015904,0.2722412,-0.01902158,0.9612026,5.023184,31.59031,359.1544,0.6352401,0.01040189,-0.7722444,0.176348,0.005879471,0.2942699,3.8376,-0.4412252,-1.463958,0.4364486,-0.3018093,1.915,0.8510458,-0.0147013,-0.5248857,0.05843307,0.9960508,0.06684501,0.5218301,-0.08755884,0.848544,moving,15.026752735322752,-4.880899545673047,12.83900796653098,-8.956304189214723,1.353107,-0.47470888,1.375701,0.25839272231629506,-0.08219528825887573,0.9625368193841286,15.10425245595671,-5.19473282085971,4.570332306451457,4.625489182992089,4.390985283065959
05/05/2023 11:39:54.892498,446,True,True,True,True,Eyes,2.475725,0.04030818,-2.894083,0.7152048,-0.1713291,0.6775903,0.0,0.0,0.0,0.0,0.0,0.0,0.0,-3.593234,0.01046675,1.131002,2.485554,0.03188601,-2.830479,0.04208106,0.2690915,-0.02072142,0.9619718,5.285207,31.20997,359.0091,0.6366745,0.01043269,-0.7710618,0.1657672,0.005526702,0.2766137,3.831036,-0.4554609,-1.449755,0.4406334,-0.3047029,1.915,0.8543208,-0.01721953,-0.5194608,0.06251416,0.9955996,0.06980967,0.5159729,-0.09211349,0.8516379,moving,15.235984894139177,-4.6693708067697175,12.9579759441473,-9.040761187558218,1.345482,-0.48734691,1.380724,0.2619829856743917,-0.07856242318390043,0.961869555597091,15.302514543050355,-4.99030620139389,4.8660149584125065,4.929338559836737,4.680069105973732
05/05/2023 11:39:54.912412,447,True,True,True,True,Eyes,2.47636,0.03976709,-2.890538,0.7128993,-0.1728503,0.6796303,0.0,0.0,0.0,0.0,0.0,0.0,0.0,-3.581332,0.0213249,1.147468,2.486385,0.0300059,-2.821359,0.04453516,0.2656714,-0.02098495,0.9628057,5.561126,30.80522,359.036,0.6380166,0.01044787,-0.7699515,0.1558211,0.0051951,0.2600169,3.823955,-0.468734,-1.435308,0.4442618,-0.3072116,1.915,0.8579567,-0.01674543,-0.5134491,0.0640723,0.9951525,0.07460722,0.5097107,-0.09690762,0.8548707,moving,15.44649619064724,-4.499305374487769,13.061034360003639,-9.113951874728931,1.3375700000000004,-0.49873989999999996,1.3860510000000001,0.2655755962289828,-0.07562997981401823,0.9611189789352937,15.503141127950679,-4.826231208896154,5.12493803869102,5.194746429581094,4.934413235052594
05/05/2023 11:39:54.932214,448,True,True,True,True,Eyes,2.477011,0.03920732,-2.886763,0.7103312,-0.1750002,0.6817657,0.0,0.0,0.0,0.0,0.0,0.0,0.0,-3.568862,0.03627977,1.164311,2.487094,0.02850217,-2.811986,0.04737589,0.2621233,-0.02079832,0.9636463,5.866485,30.38893,359.1217,0.6392792,0.01044793,-0.7689033,0.1464719,0.004883394,0.2444159,3.816702,-0.4822077,-1.420858,0.4480104,-0.309804,1.915,0.8617176,-0.0152478,-0.5071591,0.06492111,0.9946459,0.08040376,0.5032177,-0.1022107,0.8580937,moving,15.648312658666926,-4.354671019253224,13.167416587351719,-9.189552982911325,1.329608,-0.51070987,1.3911280000000001,0.2690096181033158,-0.07313121650937376,0.9603570189933206,15.695977279137912,-4.6868425945885255,5.358139892535327,5.434236737498068,5.1641088304911165
05/05/2023 11:39:54.942072,449,True,True,True,True,Eyes,2.477663,0.0386226,-2.882736,0.7076729,-0.1770844,0.6839885,0.0,0.0,0.0,0.0,0.0,0.0,0.0,-3.556235,0.04596812,1.181105,2.487793,0.02755205,-2.80251,0.04956201,0.258588,-0.02093415,0.9644883,6.109596,29.97172,359.1501,0.6404738,0.01043394,-0.7679088,0.1376835,0.00459039,0.2297509,3.809356,-0.4935054,-1.405778,0.4517478,-0.3123885,1.915,0.865388,-0.01474921,-0.5008852,0.06601378,0.9942107,0.08477733,0.4967351,-0.1064306,0.8613517,moving,15.850007387230436,-4.253035688283122,13.27338904237935,-9.264891591798113,1.3215630000000003,-0.52105745,1.3967319999999999,0.2724237588850252,-0.07135635420483048,0.9595278279234887,15.889853719116278,-4.589290546486377,5.554213713103503,5.63539365906422,5.357903744892425
05/05/2023 11:39:54.963042,450,True,True,True,True,Eyes,2.478268,0.03801827,-2.878455,0.7048573,-0.1794403,0.6862779,0.0,0.0,0.0,0.0,0.0,0.0,0.0,-3.544298,0.0427416,1.194671,2.488496,0.02637087,-2.792456,0.04947084,0.2555237,-0.02163718,0.9652939,6.117364,29.6027,359.0497,0.6416107,0.01040666,-0.7669595,0.1294225,0.004314967,0.2159659,3.803679,-0.4984632,-1.389259,0.4556468,-0.3150848,1.915,0.868479,-0.01649054,-0.4954516,0.06705442,0.9941689,0.08445016,0.49117,-0.1065654,0.8645206,moving,16.011765736066263,-4.365030587914464,13.383845118051584,-9.343454753385545,1.3151829999999998,-0.52483407,1.403197,0.2750952857843184,-0.07317390768605476,0.9586282666544875,16.050557445267486,-4.699332512673468,5.549460365130614,5.629447037314863,5.35529887334048
05/05/2023 11:39:54.982018,451,True,True,True,True,Eyes,2.478841,0.03741319,-2.87391,0.7018764,-0.1817029,0.6887333,0.0,0.0,0.0,0.0,0.0,0.0,0.0,-3.531137,0.03698139,1.210454,2.488578,0.02529358,-2.782414,0.04964804,0.2521942,-0.0229367,0.96613,6.171332,29.19965,358.8889,0.6426982,0.01036697,-0.7660489,0.1216572,0.004056069,0.2030079,3.795941,-0.5052859,-1.372225,0.4595098,-0.3177558,1.915,0.871744,-0.01927778,-0.4895824,0.06936157,0.994018,0.08436392,0.4850273,-0.1075019,0.8678663,moving,16.196294009866403,-4.408217535571765,13.493181498668466,-9.421245803850786,1.307363,-0.53057948,1.4101890000000001,0.27816777969101025,-0.07382847505067097,0.9576909866380314,16.231603128689876,-4.742576422709866,5.61470999440584,5.695372653897142,5.42115303250099
05/05/2023 11:39:54.992289,452,True,True,True,True,Eyes,2.479347,0.03675091,-2.869084,0.6987551,-0.1837607,0.6913561,0.0,0.0,0.0,0.0,0.0,0.0,0.0,-3.515105,0.01626109,1.232257,2.488428,0.02466187,-2.771606,0.04831004,0.2480644,-0.02562594,0.9671988,6.094268,28.69144,358.5246,0.6437446,0.0103161,-0.7651705,0.1143577,0.003812705,0.1908274,3.78487,-0.509094,-1.350654,0.4634795,-0.3205012,1.915,0.8756147,-0.02560276,-0.4823312,0.07353877,0.9940189,0.08073707,0.4773792,-0.1061646,0.8722604,moving,16.49262006955836,-4.5124763531185765,13.605433634522578,-9.50116718908578,1.2964420000000003,-0.53375587,1.4209519999999998,0.2830824537404326,-0.07545797000809867,0.9561225657802782,16.523277495159462,-4.8459836818918465,5.686726167526606,5.763929368713481,5.494046439620507
05/05/2023 11:39:55.012328,453,True,True,True,True,Eyes,2.479787,0.03597166,-2.86401,0.6953902,-0.1858007,0.6941978,0.0,0.0,0.0,0.0,0.0,0.0,0.0,-3.49603,-0.01205504,1.26009,2.487961,0.02256041,-2.760387,0.04447281,0.2430961,-0.02817963,0.9685724,5.73059,28.08355,358.1014,0.644757,0.0102537,-0.7643185,0.1074963,0.003583943,0.1793778,3.771652,-0.5054052,-1.323935,0.4672922,-0.3231378,1.915,0.8802204,-0.0329657,-0.4734188,0.07621037,0.9944561,0.07244954,0.4684059,-0.09985097,0.8778529,moving,16.89037811331562,-4.883367226674082,13.713146127410388,-9.577886188667945,1.2836910000000001,-0.52796561,1.436452,0.28957544381452066,-0.08148040530427361,0.9536807756227681,16.921016276351974,-5.209492374112926,5.606467387325524,5.668625175188358,5.419713591280729
05/05/2023 11:39:55.032562,454,True,True,True,True,Eyes,2.480182,0.03514052,-2.858711,0.6918371,-0.1881299,0.6971145,0.0,0.0,0.0,0.0,0.0,0.0,0.0,-3.474531,-0.01409654,1.293054,2.486938,0.01898033,-2.749424,0.04470782,0.2372112,-0.02952178,0.9699796,5.781621,27.37935,357.9229,0.6457406,0.01017789,-0.7634887,0.1010465,0.003368906,0.1686151,3.754862,-0.5148538,-1.29934,0.4711466,-0.325803,1.915,0.8857186,-0.03606067,-0.4628198,0.07848145,0.9942594,0.07272556,0.4575404,-0.1007372,0.8834641,moving,17.332917168214674,-4.929547491161484,13.821936325387751,-9.655402163124656,1.2679240000000003,-0.53383413,1.450084,0.2969186877369211,-0.08205549251895712,0.9513707202456496,17.353656434494223,-5.257359719882152,5.829405904495593,5.887332915609052,5.640551769253564
05/05/2023 11:39:55.042186,455,True,True,True,True,Eyes,2.480534,0.03445443,-2.853205,0.6879152,-0.1909792,0.7002139,0.0,0.0,0.0,0.0,0.0,0.0,0.0,-3.450089,0.007176906,1.333333,2.486089,0.01701969,-2.738616,0.04956093,0.2300555,-0.0300368,0.9714505,6.321786,26.53306,357.95,0.6467009,0.01008867,-0.7626768,0.09498372,0.003166772,0.1584982,3.733551,-0.5369968,-1.276546,0.475002,-0.3284691,1.915,0.8923445,-0.035555,-0.4499524,0.08116205,0.993283,0.08247171,0.4439978,-0.1101122,0.8892364,moving,17.846857267158935,-4.585110550145204,13.930653161492906,-9.732908627752987,1.2474619999999996,-0.5540164900000001,1.46207,0.30558476010064134,-0.07611594950700513,0.9491175899759581,17.845371285894508,-4.925636168099104,6.401341923958396,6.4681125256954095,6.199587606838466
05/05/2023 11:39:55.063244,456,True,True,True,True,Eyes,2.480897,0.03401591,-2.847478,0.6839001,-0.1940233,0.7033033,0.0,0.0,0.0,0.0,0.0,0.0,0.0,-3.423552,0.03629982,1.378029,2.485528,0.01994162,-2.728138,0.05771174,0.2221113,-0.03084424,0.972823,7.237834,25.59661,358.0142,0.6476424,0.009991172,-0.7618786,0.0892847,0.002976765,0.1489883,3.70861,-0.5660817,-1.256127,0.4788511,-0.331131,1.915,0.8994304,-0.0343751,-0.4357102,0.08564882,0.9914359,0.09858491,0.4285899,-0.1259883,0.8946718,moving,18.421846626678942,-3.894347555036095,14.039090357853734,-9.81025712810787,1.2230820000000002,-0.58602332,1.472011,0.31535376970284323,-0.06445134860573308,0.9467829440325266,18.38726350572585,-4.257347664310636,7.272873337675796,7.362508987341809,7.0527592640756565
05/05/2023 11:39:55.082502,457,True,True,True,True,Eyes,2.481275,0.03351925,-2.84154,0.6798747,-0.1967472,0.7064424,0.0,0.0,0.0,0.0,0.0,0.0,0.0,-3.400719,0.0312622,1.41467,2.486533,0.02553115,-2.717289,0.06036677,0.2154683,-0.03297149,0.9740853,7.574394,24.79975,357.7903,0.6485707,0.009892751,-0.7610897,0.08392762,0.002798159,0.140049,3.689539,-0.5760301,-1.233155,0.4827775,-0.333846,1.915,0.9049726,-0.03821983,-0.4237498,0.09024832,0.9905375,0.1033961,0.4157882,-0.1318134,0.8998585,moving,18.906580318580932,-3.664852262187935,14.14959960514574,-9.889111405204659,1.2030059999999998,-0.6015612499999999,1.484134,0.32343281403171,-0.060484494436443326,0.9443160348453196,18.853605447504055,-4.0372668454105085,7.73662952006169,7.833917754701135,7.508112660111964
05/05/2023 11:39:55.092275,458,True,True,True,True,Eyes,2.481675,0.03307538,-2.835512,0.6759992,-0.2003574,0.7091417,0.0,0.0,0.0,0.0,0.0,0.0,0.0,-3.388886,0.01867025,1.423514,2.487321,0.02359333,-2.706283,0.05742817,0.2128512,-0.03334925,0.9748253,7.247848,24.48574,357.656,0.6494897,0.009792028,-0.760307,0.07889196,0.00263027,0.1316461,3.686235,-0.5714673,-1.214261,0.4868721,-0.3366771,1.915,0.9071644,-0.04057206,-0.4188159,0.08946668,0.9911796,0.09776799,0.4111551,-0.1261617,0.9027927,moving,18.974152396172897,-4.169708206473402,14.264728500333659,-9.971297397797516,1.1989139999999998,-0.59506063,1.492022,0.3243715961459407,-0.06877941523946368,0.9434258934687679,18.933083488178152,-4.528931830215375,7.391450032233657,7.472423340228417,7.17027762807942
05/05/2023 11:39:55.112301,459,True,True,True,True,Eyes,2.482075,0.03287832,-2.829281,0.6720785,-0.2042135,0.7117636,0.0,0.0,0.0,0.0,0.0,0.0,0.0,-3.377832,0.06562674,1.430529,2.486831,0.02476066,-2.697319,0.07191393,0.2099748,-0.0355989,0.9744085,8.92241,24.14404,357.7273,0.6504017,0.009690646,-0.7595283,0.07415845,0.002472454,0.1237473,3.67294,-0.626336,-1.216715,0.4905723,-0.3392364,1.915,0.9092866,-0.03917551,-0.4143226,0.09957597,0.9871222,0.1251973,0.4040824,-0.1550968,0.9014779,moving,18.9382746932218,-2.7599070191093262,14.368666894750133,-10.045557469705738,1.186109,-0.65109666,1.4806039999999998,0.32421250142753083,-0.04554993864024545,0.9448870530584238,18.8601105241166,-3.1569795534982634,8.449976119723004,8.600117320137485,8.223476854922005
05/05/2023 11:39:55.132444,460,True,True,True,True,Eyes,2.48252,0.03274739,-2.822956,0.6698783,-0.2092489,0.7123748,0.0,0.0,0.0,0.0,0.0,0.0,0.0,-3.367785,0.05620095,1.434655,2.487285,0.03056458,-2.686232,0.07587886,0.2079575,-0.03896502,0.9744115,9.44383,23.88148,357.4216,0.6513104,0.009595203,-0.7587504,0.06970894,0.002324106,0.1163225,3.665461,-0.6425117,-1.207232,0.4944195,-0.3418964,1.915,0.9104708,-0.04437678,-0.4111856,0.1074951,0.9854482,0.1316683,0.3993591,-0.1640806,0.9019921,moving,19.05882521620581,-2.4493884333405056,14.476632161177903,-10.122703304823784,1.1781760000000001,-0.67307628,1.4789999999999999,0.32627215754800387,-0.04039813236533431,0.9444121794785917,18.969255976905533,-2.855649283967092,8.767399374909969,8.937351638515317,8.543637567903527
05/05/2023 11:39:55.142386,461,True,True,True,True,Eyes,2.482929,0.03259273,-2.81648,0.6675923,-0.2143741,0.7129966,0.0,0.0,0.0,0.0,0.0,0.0,0.0,-3.357654,0.02251509,1.440389,2.487085,0.03250871,-2.67627,0.07271341,0.2062655,-0.04203686,0.9748848,9.155584,23.6512,356.9828,0.6522182,0.00950687,-0.7579713,0.0655264,0.00218466,0.1093431,3.661198,-0.6379035,-1.190855,0.4984254,-0.344667,1.915,0.9113749,-0.05196565,-0.4082834,0.1119587,0.9858913,0.1244329,0.3960568,-0.1591159,0.9043347,moving,19.198355368014795,-2.906115788775421,14.58893953768173,-10.203017362393291,1.1741130000000002,-0.67041221,1.4854150000000002,0.32846226868226613,-0.04788658257090696,0.9433023368164835,19.117582889869883,-3.3009630960596894,8.478353223597562,8.630845084462587,8.255117425375113
05/05/2023 11:39:55.162534,462,True,True,True,True,Eyes,2.483248,0.03238544,-2.809817,0.6652265,-0.2190613,0.7137828,0.0,0.0,0.0,0.0,0.0,0.0,0.0,-3.348418,0.0144076,1.442577,2.486659,0.03184978,-2.666205,0.075266,0.2046603,-0.04527035,0.9748845,9.513583,23.43419,356.6601,0.6531268,0.009424315,-0.7571896,0.06159481,0.00205358,0.1027826,3.65459,-0.6555269,-1.181732,0.5023192,-0.3473594,1.915,0.9121295,-0.05745879,-0.405855,0.1190747,0.9845713,0.1282212,0.3922257,-0.1652814,0.9048983,moving,19.26883367881259,-2.728839601499621,14.697994426713715,-10.281025757945134,1.1679309999999998,-0.6873766800000001,1.4844730000000002,0.3296674455650906,-0.0449477397325138,0.9430265696486534,19.18150831545071,-3.1289435307569557,8.660742503974674,8.827688667490209,8.441218927083845
05/05/2023 11:39:55.182032,463,True,True,True,True,Eyes,2.48351,0.03213647,-2.803027,0.6627711,-0.2237988,0.7145968,0.0,0.0,0.0,0.0,0.0,0.0,0.0,-3.33901,0.01012978,1.443847,2.486039,0.03018955,-2.655651,0.07498926,0.2031302,-0.04602524,0.9751905,9.49467,23.24635,356.553,0.6540381,0.009345546,-0.7564035,0.05789912,0.001930365,0.09661561,3.651658,-0.6603025,-1.168887,0.506146,-0.3500056,1.915,0.9132396,-0.05930159,-0.4030841,0.1202319,0.9845166,0.1275594,0.3892785,-0.1649559,0.9062295,moving,19.323618559643652,-3.006008511433759,14.805066834315689,-10.357658051273182,1.165619,-0.69049205,1.4867640000000002,0.33049787704268885,-0.049493868060342866,0.9425081064593508,19.242384252901502,-3.3989878188120004,8.47010023056406,8.629256089089344,8.25305260357805
05/05/2023 11:39:55.192661,464,True,True,True,True,Eyes,2.490395,0.02942829,-2.630268,0.5880727,-0.3367304,0.7353796,0.0,0.0,0.0,0.0,0.0,0.0,0.0,-3.326587,0.02926576,1.4524,2.484981,0.02898661,-2.645852,0.07866581,0.2003223,-0.04569632,0.9754972,9.89159,22.91886,356.6459,0.6549518,0.009269164,-0.7556134,0.05442517,0.001814544,0.09081867,3.64393,-0.6761195,-1.158847,0.50988,-0.3525875,1.915,0.9155657,-0.05763623,-0.3980171,0.1206703,0.9834471,0.1351686,0.3836381,-0.1717845,0.9073653,moving,15.58268843079867,-9.599582583765724,14.909440883201064,-10.432392165023549,1.1589490000000002,-0.70510611,1.4870050000000001,0.2651334200053452,-0.16079345802661893,0.950710130543333,15.773372862421803,-9.789623772784172,1.06705806476103,1.0709033845221636,1.0768145944322345
05/05/2023 11:39:55.212522,465,True,True,True,True,Eyes,2.490401,0.02953836,-2.629814,0.5879604,-0.3361178,0.7357496,0.0,0.0,0.0,0.0,0.0,0.0,0.0,-3.309669,0.04810777,1.470863,2.484427,0.03232805,-2.635572,0.08234841,0.1959908,-0.04481179,0.9761139,10.2724,22.41739,356.7838,0.6590245,0.00914875,-0.7520655,0.07181339,-0.006418874,0.6036474,3.632676,-0.6865473,-1.144897,0.513746,-0.3552611,1.915,0.9191591,-0.05520376,-0.3899991,0.1197619,0.9824213,0.1431975,0.3752383,-0.1783283,0.9096127,moving,15.982625804710928,-9.235303404084092,15.017398056786512,-10.509742756029091,1.1482489999999999,-0.71887535,1.4906749999999998,0.27204245865295684,-0.154436581168405,0.9498117310458055,16.153420886203385,-9.437838031860478,1.5905782477722121,1.598705810069266,1.5618987184357727
05/05/2023 11:39:55.232458,466,True,True,True,True,Eyes,2.490374,0.02958979,-2.628959,0.5876506,-0.335005,0.7365042,0.0,0.0,0.0,0.0,0.0,0.0,0.0,-3.293393,0.03201973,1.487965,2.484607,0.03502425,-2.62431,0.07477833,0.1922985,-0.04187743,0.9775868,9.341033,22.00467,356.9142,0.6623814,0.009045941,-0.7491118,0.06750458,-0.006033742,0.5674286,3.630667,-0.6560956,-1.116854,0.5177813,-0.3580517,1.915,0.9225351,-0.05311812,-0.38224,0.1106372,0.9853089,0.1300987,0.3697138,-0.1623105,0.914859,moving,16.40809973951222,-10.14942896247192,15.129966587396211,-10.590436994928268,1.1460599999999999,-0.69111985,1.507456,0.2784018547787658,-0.16924923608548442,0.945434882825477,16.592819573834007,-10.330089314790289,1.3497000486825872,1.3520770833162676,1.4858397539718755
05/05/2023 11:39:55.242141,467,True,True,True,True,Eyes,2.490336,0.02959307,-2.627746,0.5871938,-0.3341002,0.7372791,0.0,0.0,0.0,0.0,0.0,0.0,0.0,-3.280038,0.04051599,1.499338,2.484508,0.03348801,-2.61427,0.07120728,0.1891878,-0.03825069,0.9786084,8.849599,21.66811,357.2201,0.6651646,0.008956966,-0.7466427,0.06345431,-0.005671717,0.5333829,3.629242,-0.6421468,-1.096836,0.5216735,-0.3607433,1.915,0.9254897,-0.0479218,-0.375729,0.101808,0.9869329,0.124895,0.364834,-0.1538412,0.918275,moving,16.679160872864035,-10.685627787036587,15.238430025290995,-10.668228266610553,1.1447340000000001,-0.67563481,1.517434,0.2824353774837669,-0.17787099157081337,0.9426516544294122,16.87150739132231,-10.853599856055546,1.4187184154260182,1.440835909623155,1.6435645133724268
05/05/2023 11:39:55.262085,468,True,True,True,True,Eyes,2.490316,0.02957143,-2.626216,0.5861396,-0.3333664,0.7384492,0.0,0.0,0.0,0.0,0.0,0.0,0.0,-3.267577,0.07694888,1.507669,2.484258,0.03229521,-2.604508,0.07515669,0.1861096,-0.03513757,0.97902,9.220751,21.33557,357.6295,0.6674883,0.008878794,-0.744567,0.05964705,-0.005331414,0.5013799,3.624525,-0.6543223,-1.086746,0.5253891,-0.3633124,1.915,0.9282572,-0.040826,-0.3696916,0.09677552,0.9862337,0.1340809,0.3591284,-0.1602387,0.9194294,moving,16.80171109858777,-10.3995492492351,15.341867920730124,-10.742442010487686,1.1402670000000001,-0.68661751,1.517762,0.28469978950609814,-0.17304125538930804,0.9428694300412099,16.983260930515215,-10.576062629274082,1.4924660666719585,1.4995724556209127,1.6498039614040152
05/05/2023 11:39:55.282462,469,True,True,True,True,Eyes,2.490269,0.02956845,-2.624393,0.584866,-0.3331475,0.7395569,0.0,0.0,0.0,0.0,0.0,0.0,0.0,-3.255759,0.1045559,1.514679,2.483916,0.0317446,-2.595054,0.0783022,0.1833537,-0.03280883,0.9793742,9.520796,21.03573,357.9342,0.6695691,0.008808262,-0.7426972,0.05606823,-0.005011529,0.4712971,3.620277,-0.6644819,-1.076792,0.5291851,-0.3659374,1.915,0.93061,-0.03555023,-0.3642818,0.09297822,0.9855847,0.1413431,0.3540058,-0.1654056,0.9205004,moving,16.913335730769848,-10.186888478793326,15.447438342119362,-10.818232884418496,1.1363610000000004,-0.6962265,1.5182620000000002,0.2867185434908114,-0.16943403321273906,0.942912768106166,17.086342840422155,-10.369887281515492,1.5959022828312066,1.596073592465746,1.6991238136756213
05/05/2023 11:39:55.292268,470,True,True,True,True,Eyes,2.490162,0.02956924,-2.622236,0.5829355,-0.3333342,0.7409957,0.0,0.0,0.0,0.0,0.0,0.0,0.0,-3.242322,0.131695,1.525219,2.483273,0.0322853,-2.586234,0.08520769,0.1800151,-0.03313613,0.9794061,10.30196,20.64973,358.0062,0.6714625,0.008744949,-0.7409866,0.05270413,-0.004710837,0.4430193,3.609862,-0.6909179,-1.071276,0.533103,-0.3686469,1.915,0.9329931,-0.03423012,-0.3582627,0.09558479,0.9832833,0.1549758,0.3469689,-0.1788359,0.9206684,moving,17.065379354035198,-9.453962745151216,15.5562862893378,-10.896423334467977,1.126589,-0.7232031999999999,1.5149580000000002,0.2898138026853112,-0.15720575320724414,0.9440839074997529,17.214803125461426,-9.65777035356123,2.085125723373094,2.087595370192663,2.0700094934117317
05/05/2023 11:39:55.312175,471,True,True,True,True,Eyes,2.490024,0.02954197,-2.619806,0.5808458,-0.3337678,0.74244,0.0,0.0,0.0,0.0,0.0,0.0,0.0,-3.229759,0.1376435,1.534207,2.482882,0.03244136,-2.576494,0.08847474,0.1771015,-0.03449858,0.9796005,10.69374,20.29767,357.8857,0.6731917,0.008688318,-0.7394167,0.04954188,-0.004428187,0.4164381,3.600972,-0.707031,-1.061048,0.5370211,-0.3713562,1.915,0.9348898,-0.03625162,-0.353082,0.09892766,0.9819642,0.1611203,0.340873,-0.1855593,0.9216145,moving,17.239546949267442,-9.06640902576971,15.665024775519022,-10.974566956617005,1.11809,-0.7394723599999999,1.5154459999999998,0.2929842965285325,-0.15066413536358766,0.9441718390194145,17.37413916967771,-9.281841671010897,2.461933549211508,2.4739011226564576,2.405491821821622
05/05/2023 11:39:55.334205,472,True,True,True,True,Eyes,2.489841,0.02952767,-2.617097,0.5782038,-0.3346661,0.7440961,0.0,0.0,0.0,0.0,0.0,0.0,0.0,-3.216865,0.1427279,1.544364,2.482037,0.0317921,-2.567515,0.09143951,0.1741296,-0.03597046,0.9798081,11.05279,19.93621,357.7434,0.6747768,0.008636983,-0.7379709,0.04656937,-0.004162495,0.3914518,3.591216,-0.7229778,-1.051082,0.5407891,-0.373962,1.915,0.93677,-0.03864364,-0.3478055,0.102333,0.9806899,0.1666593,0.3346491,-0.1917134,0.9226354,moving,17.393729985184677,-8.73221110908623,15.769488503297136,-11.049686383005836,1.1091790000000001,-0.7547699,1.5164330000000001,0.29577606437551784,-0.14502384062613322,0.9441846452105834,17.515431998422685,-8.957694817699776,2.8068280770066156,2.829991525908336,2.7248389672571323
05/05/2023 11:39:55.342377,473,True,True,True,True,Eyes,2.489624,0.02954755,-2.614106,0.5754285,-0.3356068,0.7458217,0.0,0.0,0.0,0.0,0.0,0.0,0.0,-3.203126,0.1534813,1.554993,2.481125,0.03219301,-2.558233,0.09680507,0.170862,-0.03804536,0.9797895,11.69479,19.53565,357.5727,0.676236,0.008590835,-0.7366346,0.04377521,-0.003912746,0.3679647,3.579091,-0.7471788,-1.043944,0.5448371,-0.3767613,1.915,0.9387174,-0.04147228,-0.3421836,0.1076335,0.9783626,0.1766962,0.3274517,-0.2026982,0.9228699,moving,17.554993063713518,-8.110005990580529,15.881595178320195,-11.130341144285445,1.097966,-0.77937181,1.514289,0.2988752219464053,-0.13462592898322184,0.9447483008512222,17.65586386156794,-8.353368443140377,3.405760696231459,3.452924112045405,3.295391743519824
05/05/2023 11:39:55.362685,474,True,True,True,True,Eyes,2.489377,0.02958661,-2.61086,0.5722831,-0.3364968,0.7478381,0.0,0.0,0.0,0.0,0.0,0.0,0.0,-3.188206,0.1512966,1.568297,2.480149,0.03304796,-2.548505,0.09748854,0.1674809,-0.03892372,0.980271,11.78082,19.12719,357.444,0.6775857,0.008550359,-0.7353937,0.0411487,-0.003677981,0.3458868,3.569292,-0.7529345,-1.029226,0.5486653,-0.3794086,1.915,0.9408702,-0.04365662,-0.3359426,0.1089665,0.9779618,0.1780924,0.3207642,-0.2041683,0.9248922,moving,17.7360362484883,-8.05207731202122,15.98749994328536,-11.206575334682066,1.089143,-0.7859824599999999,1.519279,0.3019038168245278,-0.13353707131413914,0.9439395122247424,17.83078682118426,-8.298205329916497,3.556209867412928,3.6066933589624632,3.4433011193989924
05/05/2023 11:39:55.382190,475,True,True,True,True,Eyes,2.489091,0.02962943,-2.607356,0.5689861,-0.3373483,0.7499672,0.0,0.0,0.0,0.0,0.0,0.0,0.0,-3.171729,0.1518161,1.584595,2.479054,0.0335691,-2.539099,0.09809471,0.1636265,-0.03940674,0.9808419,11.84863,18.66727,357.3528,0.6788405,0.008515567,-0.7342361,0.03867977,-0.003457302,0.3251336,3.558274,-0.7580782,-1.013674,0.5524335,-0.3820139,1.915,0.943347,-0.04520178,-0.3287146,0.1094053,0.977649,0.1795348,0.3132523,-0.2053268,0.9272076,moving,17.95135190868267,-8.023834684095076,16.09163541770075,-11.28156083362312,1.0792199999999998,-0.7916473,1.5254250000000003,0.3054748296916413,-0.13291288033796084,0.9428781221595237,18.039919373867928,-8.272153552706824,3.6996165352010215,3.7511764944013124,3.585016395539976
05/05/2023 11:39:55.392620,476,True,True,True,True,Eyes,2.488764,0.02965205,-2.603592,0.5653827,-0.3380597,0.7523683,0.0,0.0,0.0,0.0,0.0,0.0,0.0,-3.153226,0.1551955,1.603824,2.477883,0.0337006,-2.529453,0.09810144,0.1592327,-0.0390801,0.9815773,11.83149,18.15264,357.3368,0.6800129,0.008486051,-0.7331507,0.03635899,-0.003249864,0.3056256,3.546809,-0.7604507,-0.9959486,0.5564433,-0.3847869,1.915,0.9462354,-0.04547835,-0.320266,0.1079622,0.9776977,0.1801426,0.3049307,-0.2050339,0.9300421,moving,18.192771534688962,-8.097520130644444,16.202327778327803,-11.361330060121837,1.0689260000000003,-0.7941513,1.5335044000000002,0.30940155664278995,-0.13394667044364486,0.9414504677848695,18.27724585787154,-8.345449294070196,3.774601685914674,3.8228682429548035,3.6607132955009885
05/05/2023 11:39:55.412539,477,True,True,True,True,Eyes,2.488399,0.0296478,-2.599594,0.5615924,-0.338817,0.7548623,0.0,0.0,0.0,0.0,0.0,0.0,0.0,-3.134264,0.1552404,1.623629,2.476798,0.03319276,-2.519573,0.09639524,0.1547825,-0.03818362,0.982493,11.60922,17.63681,357.3558,0.6811147,0.008460774,-0.7321275,0.03417745,-0.003054872,0.2872881,3.53648,-0.7567436,-0.975343,0.5604757,-0.3875753,1.915,0.9491688,-0.04518968,-0.3115069,0.1048709,0.9784999,0.177595,0.296784,-0.2012356,0.9335006,moving,18.437118523943372,-8.390571917744289,16.313518831011226,-11.441497311109396,1.059682,-0.78993636,1.5442299999999998,0.3132122397904773,-0.13857800023976544,0.9395181242972537,18.52333862308416,-8.632204443146145,3.680670489099616,3.717233031665023,3.574273343132343
05/05/2023 11:39:55.432422,478,True,True,True,True,Eyes,2.487969,0.02964553,-2.595328,0.5580336,-0.339593,0.7571493,0.0,0.0,0.0,0.0,0.0,0.0,0.0,-3.113483,0.1641472,1.645932,2.475601,0.0325568,-2.510011,0.09746643,0.1497069,-0.03787177,0.9831856,11.71212,17.04359,357.3491,0.6821559,0.008438611,-0.7311576,0.0321268,-0.00287158,0.2700508,3.521872,-0.7632008,-0.9577511,0.5639967,-0.3900101,1.915,0.9523072,-0.04528715,-0.3017617,0.1036527,0.9781321,0.1803159,0.2869968,-0.2029945,0.9361763,moving,18.746755061226708,-8.358139402203811,16.41050517228951,-11.511461365397073,1.046271,-0.7957576,1.5522599000000001,0.31831987495525693,-0.13779906967650446,0.9379146232324185,18.824304021814353,-8.602701455444395,3.8895944170086802,3.9244748625919454,3.7798556982661866
05/05/2023 11:39:55.442221,479,True,True,True,True,Eyes,2.487519,0.02961452,-2.590828,0.5542854,-0.3402186,0.7596177,0.0,0.0,0.0,0.0,0.0,0.0,0.0,-3.091477,0.1651171,1.669324,2.474321,0.03256336,-2.499563,0.0972987,0.1444617,-0.03793038,0.9839844,11.67967,16.42558,357.2764,0.6831454,0.008419371,-0.7302334,0.03019919,-0.002699285,0.2538477,3.506844,-0.7656972,-0.937297,0.5679249,-0.3927266,1.915,0.9553842,-0.04653393,-0.2916773,0.1027577,0.9781885,0.1805218,0.276915,-0.2024398,0.9393276,moving,19.085888592275758,-8.430708391276527,16.51859385441221,-11.589479019235856,1.0325229999999999,-0.79826056,1.5622660000000002,0.32382406233955796,-0.13871331063371364,0.9358935007228926,19.156853778643345,-8.675558886138328,4.041029111681816,4.070483282255369,3.9308200123988373
05/05/2023 11:39:55.462817,480,True,True,True,True,Eyes,2.487037,0.02952821,-2.586099,0.5507547,-0.3407637,0.7619379,0.0,0.0,0.0,0.0,0.0,0.0,0.0,-3.069827,0.1588624,1.69331,2.473437,0.03181577,-2.489472,0.09539757,0.1392734,-0.038105,0.9849114,11.45103,15.81295,357.1643,0.6840916,0.008402,-0.7293473,0.02838724,-0.002537328,0.2386169,3.492569,-0.7630871,-0.9147137,0.5717052,-0.3953406,1.915,0.9583018,-0.0484874,-0.2816142,0.1016328,0.9788946,0.1773023,0.2670737,-0.1985303,0.9430044,moving,19.459440265406812,-8.681743635523858,16.622498841402976,-11.664511770008014,1.019132,-0.79490287,1.5747583,0.3297395456518811,-0.14250373736776256,0.9332547986138087,19.527765234674245,-8.922289415042409,4.098701642371828,4.116447787513283,3.99504145910209
05/05/2023 11:39:55.482502,481,True,True,True,True,Eyes,2.486535,0.02938286,-2.581157,0.5470508,-0.3413723,0.7643301,0.0,0.0,0.0,0.0,0.0,0.0,0.0,-3.049227,0.156675,1.714382,2.472471,0.03036402,-2.479396,0.09469565,0.1343912,-0.03853513,0.9856404,11.36329,15.23481,357.0468,0.6850016,0.00838482,-0.728493,0.02668401,-0.002385088,0.2242999,3.478579,-0.7657551,-0.8947949,0.5756282,-0.3980536,1.915,0.9609081,-0.05051105,-0.2722209,0.1014161,0.9790956,0.1763142,0.2576245,-0.1970293,0.9459435,moving,19.77748820450829,-8.79012740180486,16.730207231295473,-11.74234335121603,1.0061079999999998,-0.7961191200000001,1.5846011,0.33484194640747894,-0.14399417971282286,0.9312071057980723,19.84072568122587,-9.029854231945265,4.229906776738698,4.242817500395528,4.127096103741671
05/05/2023 11:39:55.492581,482,True,True,True,True,Eyes,2.485987,0.02921171,-2.575999,0.5435074,-0.3422264,0.7664729,0.0,0.0,0.0,0.0,0.0,0.0,0.0,-3.030375,0.1577707,1.731745,2.471542,0.02881591,-2.469343,0.09545793,0.1299644,-0.03944619,0.9861243,11.45042,14.70506,356.901,0.6858818,0.008366196,-0.7276646,0.02508297,-0.002241983,0.2108419,3.465068,-0.7743084,-0.8782112,0.5795999,-0.4007999,1.915,0.9631065,-0.05298543,-0.2638529,0.1026099,0.9786636,0.1780136,0.2487911,-0.19852,0.9479941,moving,20.051330225464373,-8.72636078417713,16.83912884659031,-11.821085513920774,0.9935260000000001,-0.8031243100000001,1.5911317999999999,0.33935236399273516,-0.1427126805107169,0.9297703872570462,20.105953352275503,-8.969626286777766,4.4463668652925525,4.460443795333297,4.336238240111388
05/05/2023 11:39:55.512371,483,True,True,True,True,Eyes,2.485429,0.029014,-2.570632,0.5398267,-0.3431112,0.7686753,0.0,0.0,0.0,0.0,0.0,0.0,0.0,-3.01241,0.15892,1.747157,2.470609,0.02802861,-2.459213,0.09690927,0.1257955,-0.04071056,0.9864719,11.62112,14.20109,356.7261,0.6867374,0.008345599,-0.7268574,0.02357799,-0.002107464,0.1981913,3.448148,-0.7820919,-0.8617397,0.5796,-0.4008,1.915,0.9650363,-0.05593814,-0.2560779,0.1047011,0.9779025,0.1809541,0.240297,-0.2014389,0.9495682,static,20.286522611559914,-8.56709668793818,16.839131587459715,-11.821088380307142,0.9775390000000002,-0.81012051,1.5974733,0.3433046055644121,-0.1399138637666206,0.9287442796338391,20.330930661597982,-8.816224495575309,4.725902297201914,4.740566085084442,4.606719846042143
05/05/2023 11:39:55.532214,484,True,True,True,True,Eyes,2.484854,0.02878717,-2.56506,0.536369,-0.34402,0.770687,0.0,0.0,0.0,0.0,0.0,0.0,0.0,-2.995174,0.1597274,1.761067,2.469871,0.02720248,-2.448864,0.09750779,0.1218384,-0.04135797,0.9868825,11.68527,13.72923,356.6121,0.6875746,0.008322491,-0.7260658,0.02216331,-0.001981016,0.1862999,3.433114,-0.7860021,-0.8442881,0.5795995,-0.4008,1.915,0.9668899,-0.05787053,-0.2485459,0.1053913,0.9775634,0.1823795,0.232415,-0.2025355,0.9512953,static,20.510514649674764,-8.536333214581648,16.83911788311191,-11.821088380307142,0.9632430000000003,-0.8132045800000001,1.6045759,0.3469673112837075,-0.13921525282217426,0.9274873124804528,20.548453166841835,-8.787777512423265,4.914454003573335,4.926334409709566,4.791674349154604
05/05/2023 11:39:55.542490,485,True,True,True,True,Eyes,2.484277,0.02852125,-2.559285,0.532804,-0.344928,0.7727513,0.0,0.0,0.0,0.0,0.0,0.0,0.0,-2.978884,0.1621702,1.773243,2.469336,0.02628285,-2.438468,0.09843648,0.1180843,-0.04194786,0.9872217,11.78642,13.28154,356.5109,0.6883975,0.008296343,-0.7252858,0.02083351,-0.001862155,0.1751219,3.418887,-0.7910352,-0.8278339,0.5795996,-0.4008,1.915,0.9685929,-0.05957608,-0.2414092,0.1060713,0.9771012,0.1844505,0.2248923,-0.204264,0.9527327,static,20.698548931478406,-8.470530826120147,16.839120623981625,-11.821088380307142,0.9495509999999996,-0.81731805,1.6106341,0.3500703967978797,-0.13798001817883257,0.9265053864499841,20.729978958289273,-8.724999764560195,5.100075976345525,5.110912128439209,4.9723780321099005
05/05/2023 11:39:55.562491,486,True,True,True,True,Eyes,2.483694,0.02819388,-2.553316,0.5293729,-0.3458685,0.7746866,0.0,0.0,0.0,0.0,0.0,0.0,0.0,-2.96347,0.1611151,1.783741,2.46875,0.02508105,-2.427857,0.0986256,0.114631,-0.0426138,0.9875814,11.8044,12.8688,356.3944,0.6892103,0.008266392,-0.7245138,0.0195835,-0.001750426,0.1646146,3.405703,-0.7938991,-0.8107013,0.5795997,-0.4007999,1.915,0.9700876,-0.06155808,-0.2348204,0.1067803,0.9769141,0.1850319,0.2180092,-0.2045713,0.9542655,static,20.874785853988914,-8.482476536946649,16.839123364851268,-11.821085513920774,0.9369529999999999,-0.81898015,1.6171557,0.3529168266312195,-0.1380155452267019,0.9254196007879592,20.90210002313357,-8.737791459426603,5.229598578296761,5.237640845587341,5.100439348941023
05/05/2023 11:39:55.582127,487,True,True,True,True,Eyes,2.483114,0.02782833,-2.547154,0.5258228,-0.3468218,0.7766757,0.0,0.0,0.0,0.0,0.0,0.0,0.0,-2.947913,0.1637225,1.793951,2.46816,0.023379,-2.417208,0.09883424,0.1111285,-0.04271705,0.9879563,11.81673,12.45705,356.3426,0.6900176,0.008231284,-0.7237455,0.01840849,-0.0016454,0.1547377,3.393021,-0.7964748,-0.7935476,0.5796001,-0.4007999,1.915,0.9716514,-0.06243857,-0.2280239,0.1063718,0.976814,0.1857937,0.2111363,-0.204782,0.9557645,static,21.03464388552538,-8.524218812721207,16.839134328329035,-11.821085513920774,0.9248609999999999,-0.8198538000000001,1.6236604,0.3554708342485351,-0.13854633826411725,0.9243622228746831,21.059057748659352,-8.77946612699212,5.3308700537495906,5.335881416411387,5.201846034668133
05/05/2023 11:39:55.592767,488,True,True,True,True,Eyes,2.482529,0.02744224,-2.540787,0.5223602,-0.3477449,0.778597,0.0,0.0,0.0,0.0,0.0,0.0,0.0,-2.931075,0.1716248,1.805676,2.46773,0.02210662,-2.406438,0.09967243,0.1072171,-0.04229873,0.9883223,11.89315,12.00296,356.3534,0.690822,0.008190501,-0.7229782,0.01730398,-0.001546676,0.1454534,3.379551,-0.8000248,-0.7765664,0.5795999,-0.4008,1.915,0.9734306,-0.0622364,-0.220362,0.1049827,0.9765524,0.1879467,0.203498,-0.2060872,0.9571398,static,21.22525686868176,-8.527061945227919,16.83912884659031,-11.821088380307142,0.9118210000000002,-0.82213142,1.6298716,0.35855054050499574,-0.13841766583292947,0.9231912272752532,21.24494752573489,-8.783496490616608,5.482524291631631,5.4853194238053815,5.351467342870832
05/05/2023 11:39:55.612282,489,True,True,True,True,Eyes,2.481962,0.02698579,-2.534231,0.518779,-0.3486316,0.7805923,0.0,0.0,0.0,0.0,0.0,0.0,0.0,-2.913626,0.1746788,1.818646,2.467652,0.02111671,-2.395297,0.09938338,0.1031233,-0.04184733,0.988806,11.83961,11.52948,356.3528,0.6916273,0.008144013,-0.7222084,0.01626574,-0.001453876,0.1367262,3.366122,-0.7993537,-0.7571943,0.5795997,-0.4007999,1.915,0.9752287,-0.06226031,-0.2122557,0.1032553,0.9767435,0.1879109,0.19562,-0.2051727,0.9589771,static,21.44226002734834,-8.65462215770627,16.839123364851268,-11.821085513920774,0.8984699999999997,-0.82047041,1.6381026999999997,0.3619489191155908,-0.14027517876664655,0.9215833312033649,21.45992447413816,-8.909049614294497,5.588750085486826,5.587070549033179,5.461845473125286
05/05/2023 11:39:55.632231,490,True,True,True,True,Eyes,2.481437,0.02647333,-2.527497,0.5151799,-0.3497031,0.7824944,0.0,0.0,0.0,0.0,0.0,0.0,0.0,-2.897505,0.1754429,1.829659,2.467597,0.01896676,-2.384235,0.09923238,0.09935629,-0.04209526,0.9891963,11.81109,11.08601,356.2768,0.6924361,0.008090424,-0.7214335,0.0152898,-0.001366643,0.1285226,3.352842,-0.8013326,-0.7388618,0.5796,-0.4007999,1.915,0.9767126,-0.06356224,-0.2049202,0.1029997,0.9767619,0.1879557,0.1882113,-0.2046855,0.9605625,static,21.63971687037204,-8.738458116444887,16.839131587459715,-11.821085513920774,0.8852449999999998,-0.8202993599999999,1.6453731999999999,0.36506174644791034,-0.14143897836280278,0.9201766190384697,21.654668793922898,-8.991930107183636,5.709489311359377,5.705103919315001,5.585115836068328
05/05/2023 11:39:55.642166,491,True,True,True,True,Eyes,2.480927,0.02590617,-2.52057,0.5114542,-0.3507124,0.7844842,0.0,0.0,0.0,0.0,0.0,0.0,0.0,-2.881314,0.1814495,1.840045,2.467558,0.01715038,-2.373084,0.1004335,0.09551726,-0.04237089,0.9894415,11.93726,10.63177,356.2106,0.6932518,0.008028829,-0.7206503,0.01437241,-0.001284644,0.1208113,3.338875,-0.8077017,-0.7225603,0.5796001,-0.4007998,1.915,0.9781623,-0.06466075,-0.1975284,0.1030333,0.9762356,0.1906519,0.1805066,-0.2068405,0.9615791,static,21.818726062848807,-8.667079927124716,16.839134328329035,-11.821082647534345,0.8713169999999999,-0.82485208,1.6505237,0.3680046854872795,-0.1401178157824583,0.9192059591956534,21.82724647153426,-8.923667343457259,5.899003800883202,5.894409809544038,5.768559456007325
05/05/2023 11:39:55.662348,492,True,True,True,True,Eyes,2.480465,0.02530087,-2.513475,0.5076457,-0.3516875,0.7865188,0.0,0.0,0.0,0.0,0.0,0.0,0.0,-2.863781,0.1840525,1.852138,2.467468,0.01526373,-2.361547,0.1001728,0.09141142,-0.04216663,0.9898643,11.88945,10.15456,356.1817,0.6940765,0.007958492,-0.7198568,0.01351007,-0.001207566,0.1135626,3.324902,-0.8083726,-0.7031644,0.5796,-0.4007998,1.915,0.9797318,-0.0651646,-0.1894177,0.1017924,0.9763747,0.190606,0.1725219,-0.206024,0.9632187,static,22.029452404255323,-8.78373247390022,16.839131587459715,-11.821082647534345,0.8574339999999996,-0.82363633,1.6583826,0.37129365751074284,-0.14178919717880173,0.9176256974354335,22.035810662758674,-9.038565855766752,6.020712543540894,6.013728149703567,5.894732657900498
05/05/2023 11:39:55.682185,493,True,True,True,True,Eyes,2.480015,0.02466855,-2.506192,0.5036462,-0.3525624,0.7886953,0.0,0.0,0.0,0.0,0.0,0.0,0.0,-2.843795,0.1863452,1.868124,2.467369,0.01377565,-2.350251,0.09962525,0.08666426,-0.04181093,0.9903616,11.80474,9.605069,356.1604,0.6949123,0.007879213,-0.7190509,0.01269946,-0.001135112,0.1067489,3.308894,-0.8074235,-0.6825374,0.5796002,-0.4007999,1.915,0.9814823,-0.06554798,-0.1799887,0.1000838,0.9766533,0.190083,0.163327,-0.204577,0.9651282,static,22.298269248965045,-8.938555518052917,16.839137069198276,-11.821085513920774,0.8415249999999999,-0.82119915,1.6677136000000001,0.3754733159795154,-0.1440068680375553,0.915577319430561,22.302031394923542,-9.190988885230771,6.182174527578067,6.173419095869243,6.063053907915369
05/05/2023 11:39:55.692417,494,True,True,True,True,Eyes,2.479565,0.02399544,-2.49872,0.4995217,-0.3532179,0.7910216,0.0,0.0,0.0,0.0,0.0,0.0,0.0,-2.822216,0.1906254,1.885452,2.467193,0.01240386,-2.338585,0.09923896,0.08154116,-0.04121736,0.9908602,11.73501,9.014589,356.1643,0.6957617,0.00779103,-0.7182301,0.01193749,-0.001067005,0.1003439,3.291674,-0.8065855,-0.6612988,0.5796,-0.4007999,1.915,0.9833043,-0.06549716,-0.1697725,0.0978654,0.9769055,0.189942,0.153411,-0.2033857,0.9670053,static,22.590044761816692,-9.077028289925323,16.839131587459715,-11.821085513920774,0.824481,-0.81898936,1.6772862000000002,0.3800229137331523,-0.14592638781504846,0.9133937046503423,22.590191978844828,-9.327655606489305,6.381139613784668,6.372036753468569,6.268324204173903
05/05/2023 11:39:55.712437,495,True,True,True,True,Eyes,2.479119,0.02324177,-2.491093,0.4951653,-0.3536929,0.7935444,0.0,0.0,0.0,0.0,0.0,0.0,0.0,-2.796628,0.1880808,1.908991,2.467315,0.01076243,-2.326584,0.09606905,0.0754373,-0.03983942,0.9917121,11.33566,8.325354,356.2268,0.6966262,0.007693653,-0.7173927,0.0,0.0,0.0,3.272869,-0.7951708,-0.6338485,0.5795997,-0.4007999,1.915,0.985444,-0.06452408,-0.1572788,0.09351284,0.9783671,0.1845349,0.1419695,-0.1965564,0.9701598,static,22.991128251622012,-9.565647166666698,16.839123364851268,-11.821085513920774,0.8055539999999999,-0.80593323,1.6927355,0.38597169311552043,-0.15330055412835109,0.9096839279790199,22.99434561811268,-9.805733844506452,6.555820346709975,6.552416826264589,6.476758706209115
05/05/2023 11:39:55.732353,496,True,True,True,True,Eyes,2.478682,0.02242287,-2.483319,0.4905858,-0.3543002,0.7961136,0.0,0.0,0.0,0.0,0.0,0.0,0.0,-2.769128,0.1956442,1.934013,2.467048,0.0080451,-2.315246,0.09441136,0.06887314,-0.03801112,0.9924204,11.10616,7.585,356.3516,0.6975063,0.007585717,-0.7165383,0.0,0.0,0.0,3.252063,-0.789524,-0.6089531,0.5796001,-0.4008,1.915,0.9876232,-0.06244121,-0.1438796,0.08845083,0.9792833,0.1821556,0.1295248,-0.1926274,0.972686,static,23.397985877658645,-9.924593951525823,16.839134328329035,-11.821088380307142,0.785015,-0.7975691,1.7062929000000002,0.3920924140498771,-0.1585509930733657,0.9061595027513807,23.40063291261726,-10.157681469931314,6.820337595076051,6.827534310755385,6.769060955635019
05/05/2023 11:39:55.742686,497,True,True,True,True,Eyes,2.467408,0.00489264,-2.285337,0.3626385,-0.3744754,0.8533823,0.0,0.0,0.0,0.0,0.0,0.0,0.0,-2.739617,0.2130576,1.960092,2.466741,0.005699717,-2.303912,0.09534001,0.06176984,-0.03636606,0.9928606,11.1753,6.774387,356.4682,0.6984035,0.007466284,-0.7156649,0.0,0.0,0.0,3.228332,-0.7929304,-0.5875293,0.5796001,-0.4007999,1.915,0.989724,-0.06043459,-0.129592,0.08399113,0.9791756,0.184826,0.1157234,-0.1938113,0.9741896,static,15.984298312354555,-10.686074837058014,16.839134328329035,-11.821085513920774,0.7615910000000001,-0.7986301170000001,1.7163827,0.27095179215482806,-0.1784914692503072,0.9458994547908641,16.19415425873804,-10.849426882365787,1.3410932364363783,1.420913034214122,1.1662417358527852
05/05/2023 11:39:55.762221,498,True,True,True,True,Eyes,2.467478,0.005289481,-2.284854,0.3620438,-0.3748256,0.8534812,0.0,0.0,0.0,0.0,0.0,0.0,0.0,-2.706328,0.2434614,1.988373,2.466065,0.007895716,-2.292504,0.1006972,0.05379193,-0.03509295,0.9928418,11.75507,5.847611,356.5538,0.7026229,0.006757865,-0.71153,-0.03382373,-0.05259071,0.5939448,3.199626,-0.8080381,-0.5720553,0.5796001,-0.4008,1.915,0.9917498,-0.05885009,-0.1138813,0.08051688,0.9772571,0.1961774,0.09974622,-0.2037283,0.973933,static,16.74419985347666,-10.195099134231777,16.839134328329035,-11.821088380307142,0.7335609999999999,-0.815933816,1.7204487,0.28391986017142234,-0.16971664025676353,0.9437085764723326,16.92168728815805,-10.376754503853952,1.5590600448848675,1.6287582947964472,1.4466911687871837
05/05/2023 11:39:55.782082,499,True,True,True,True,Eyes,2.467546,0.005647525,-2.283849,0.3611771,-0.3742257,0.8541114,0.0,0.0,0.0,0.0,0.0,0.0,0.0,-2.672462,0.2332812,2.021554,2.466449,0.01796963,-2.280233,0.1027746,0.04567619,-0.03748561,0.9929481,11.97729,4.867413,356.1869,0.7061502,0.006177645,-0.7080348,-0.03179431,-0.04943526,0.5583081,3.167353,-0.8083506,-0.5511492,0.5796,-0.4008,1.915,0.993017,-0.06505384,-0.0984133,0.08383124,0.9760644,0.2006752,0.08300304,-0.207524,0.9747022,static,17.63945493742924,-9.871021186380839,16.839131587459715,-11.821088380307142,0.700904,-0.82632023,1.7290838,0.2989438972309385,-0.16359142488296818,0.9401438441685388,17.785663948279637,-10.067368603087004,2.0678900999573067,2.1079088038466103,1.992851366031191
05/05/2023 11:39:55.792272,500,True,True,True,True,Eyes,2.46759,0.005939449,-2.282541,0.3600461,-0.3743675,0.8545267,0.0,0.0,0.0,0.0,0.0,0.0,0.0,-2.650511,0.1704119,2.041591,2.466504,0.01720335,-2.266804,0.08908146,0.04110035,-0.03854356,0.9944294,10.38949,4.365798,355.9578,0.7091213,0.005702511,-0.7050632,-0.02988665,-0.04646914,0.5248097,3.152152,-0.7615799,-0.5097656,0.5796002,-0.4007998,1.915,0.9936503,-0.06933514,-0.08860981,0.08398025,0.9811578,0.1740021,0.07487575,-0.1803387,0.9807506,static,18.277076183281864,-11.42080893397351,16.839137069198276,-11.821082647534345,0.685648,-0.7787832499999999,1.7570384,0.30799728944029603,-0.18838738056232557,0.932549175505853,18.44900100305595,-11.579516030786237,1.4869395677939214,1.4926111153208237,1.62788707097969
05/05/2023 11:39:55.812475,501,True,True,True,True,Eyes,2.4676,0.00640982,-2.280781,0.3585663,-0.3749975,0.8548725,0.0,0.0,0.0,0.0,0.0,0.0,0.0,-2.624343,0.2325751,2.058351,2.465496,0.01607839,-2.258129,0.09844348,0.03482442,-0.03492995,0.9939196,11.4272,3.646989,356.3395,0.7116611,0.005309225,-0.7025026,-0.02809345,-0.043681,0.4933211,3.131094,-0.7916505,-0.5064575,0.5796,-0.4007999,1.915,0.9951343,-0.06257863,-0.07610259,0.07629157,0.9781775,0.1932569,0.06234809,-0.1981226,0.9781923,static,18.67065853152254,-10.58009274438284,16.839131587459715,-11.821085513920774,0.6655980000000001,-0.80772889,1.7516714999999998,0.3152304538946414,-0.17424849387926816,0.9328810916061998,18.81001250975147,-10.764122438518646,2.2158760284118313,2.212363894316111,2.2364128761517015
05/05/2023 11:39:55.832584,502,True,True,True,True,Eyes,2.467608,0.006940802,-2.27867,0.3569655,-0.3754743,0.855333,0.0,0.0,0.0,0.0,0.0,0.0,0.0,-2.60002,0.2666821,2.07042,2.464777,0.02093031,-2.245506,0.105795,0.02920723,-0.03374141,0.9933861,12.24906,2.984985,356.4296,0.713966,0.004969276,-0.7001626,-0.02640784,-0.04106013,0.4637218,3.110176,-0.8115469,-0.4978666,0.5796001,-0.4007999,1.915,0.9960169,-0.06085653,-0.06516746,0.07321645,0.9753379,0.2082196,0.05088877,-0.2121616,0.9759087,static,19.08508769949849,-9.853774869817181,16.839134328329035,-11.821085513920774,0.6453989999999998,-0.83247721,1.7476393999999997,0.3226538655743381,-0.16198149458824068,0.9325536646652764,19.19442929551981,-10.060174850011746,2.9840310517217885,2.98573570763903,2.9407857366259673
05/05/2023 11:39:55.842374,503,True,True,True,True,Eyes,2.467562,0.007588112,-2.276221,0.3549731,-0.3766345,0.8556522,0.0,0.0,0.0,0.0,0.0,0.0,0.0,-2.574192,0.2527575,2.091596,2.463683,0.02295006,-2.234919,0.1020342,0.02362243,-0.03323116,0.9939452,11.79454,2.352305,356.4132,0.7160659,0.004679169,-0.6980167,-0.02482337,-0.03859653,0.4358985,3.089887,-0.7955448,-0.4737443,0.5795999,-0.4007999,1.915,0.9966753,-0.06123931,-0.05374023,0.0708805,0.9769695,0.2012628,0.04017736,-0.2044028,0.978062,static,19.620999485876517,-10.414659988041192,16.83912884659031,-11.821085513920774,0.626204,-0.81849486,1.7611747000000002,0.33087483510487453,-0.17058883512676637,0.9281279160240332,19.731963920261947,-10.609461110139524,3.1215893238655106,3.1171841481645437,3.136324036081581
05/05/2023 11:39:55.862345,504,True,True,True,True,Eyes,2.467462,0.008348577,-2.27339,0.3529457,-0.3777592,0.8559949,0.0,0.0,0.0,0.0,0.0,0.0,0.0,-2.551249,0.2783011,2.103746,2.462456,0.02653829,-2.224336,0.1111141,0.01830419,-0.03554345,0.9930032,12.82503,1.672214,356.088,0.7179869,0.004437427,-0.6960421,-0.02333397,-0.03628073,0.4097446,3.06477,-0.8269893,-0.4714777,0.5796,-0.4008,1.915,0.9968032,-0.06652182,-0.044251,0.07465722,0.9727806,0.2193721,0.02845348,-0.2219745,0.9746372,static,20.067460430062134,-9.381150758784205,16.839131587459715,-11.821088380307142,0.6023140000000002,-0.85352759,1.7528583000000002,0.33906801834024813,-0.15334548620288074,0.9281799340425103,20.13932608789097,-9.606833587904244,4.047861736471359,4.046653273126038,3.974192751535324
05/05/2023 11:39:55.882477,505,True,True,True,True,Eyes,2.467279,0.009024952,-2.270288,0.3507423,-0.3789062,0.8563936,0.0,0.0,0.0,0.0,0.0,0.0,0.0,-2.535322,0.2465902,2.112675,2.46104,0.03003815,-2.212338,0.109231,0.01507544,-0.03956921,0.9931141,12.60044,1.250553,355.5747,0.7197528,0.004242632,-0.6942172,-0.02193393,-0.03410389,0.3851599,3.046529,-0.8213451,-0.4527494,0.5796,-0.4007999,1.915,0.996414,-0.07530008,-0.03858764,0.0818869,0.9730057,0.2157647,0.02129889,-0.2181508,0.9756827,static,20.438389990783882,-9.516172624990347,16.839131587459715,-11.821085513920774,0.5854889999999999,-0.85138325,1.7595885999999998,0.34497000593867944,-0.15517725014507877,0.925697457903374,20.504554523487023,-9.740667538400118,4.27954719995162,4.274024389197756,4.21467249650842
05/05/2023 11:39:55.892649,506,True,True,True,True,Eyes,2.467083,0.009550672,-2.266935,0.3484174,-0.3805426,0.856617,0.0,0.0,0.0,0.0,0.0,0.0,0.0,-2.522504,0.2301738,2.117374,2.458944,0.02872109,-2.202736,0.1090263,0.01260749,-0.04294233,0.9930309,12.56903,0.920236,355.1491,0.7213826,0.004087633,-0.6925244,-0.0206179,-0.03205765,0.3620503,3.030956,-0.8256447,-0.4401639,0.5795999,-0.4007999,1.915,0.995994,-0.08253703,-0.03440293,0.08803522,0.9725385,0.2154501,0.01567557,-0.2176157,0.9759086,static,20.684484752152503,-9.511700025009157,16.83912884659031,-11.821085513920774,0.5720120000000004,-0.85436579,1.7625720999999999,0.3489603551436979,-0.15486104165508643,0.9242536275514455,20.744331805934767,-9.737947734150517,4.4920845873537,4.48553490420458,4.426067460305917
05/05/2023 11:39:55.912489,507,True,True,True,True,Eyes,2.466796,0.01000842,-2.263314,0.3459015,-0.3825387,0.8567474,0.0,0.0,0.0,0.0,0.0,0.0,0.0,-2.507828,0.2582697,2.119101,2.45677,0.02591818,-2.193195,0.116991,0.009330881,-0.04483017,0.9920769,13.47168,0.4727804,354.8812,0.7228941,0.003964006,-0.6909471,-0.01938082,-0.0301342,0.3403273,3.01278,-0.8587168,-0.4404609,0.5796,-0.4007998,1.915,0.9958063,-0.08676669,-0.02900336,0.09113321,0.9686067,0.2312916,0.008024445,-0.2329648,0.972452,static,20.87598227624537,-8.657458475050804,16.839131587459715,-11.821082647534345,0.5560099999999997,-0.88463498,1.7527340999999999,0.3527939875985874,-0.14084809551109082,0.9250394739749687,20.90798264714732,-8.908054063820192,5.124929432271494,5.128808963908813,5.004126744543611
05/05/2023 11:39:55.932332,508,True,True,True,True,Eyes,2.466445,0.01048123,-2.259441,0.3432724,-0.3847284,0.8568244,0.0,0.0,0.0,0.0,0.0,0.0,0.0,-2.494404,0.2668232,2.120708,2.454367,0.02484728,-2.183143,0.1220435,0.006539684,-0.04771039,0.9913559,14.04011,0.078008,354.499,0.7243022,0.003866638,-0.6894714,-0.01821797,-0.02832614,0.3199077,2.995254,-0.8806721,-0.4363523,0.5795999,-0.4008,1.915,0.9953619,-0.09299969,-0.02461179,0.0961922,0.9656582,0.241353,0.001320822,-0.2426011,0.9701252,static,21.06969354563253,-8.103011274214536,16.83912884659031,-11.821088380307142,0.5408870000000001,-0.90551938,1.7467906999999998,0.3563719068683224,-0.13169885832225817,0.9250158968987127,21.08187191612627,-8.36987025474143,5.6164764886977,5.632208717690792,5.469165869154888
05/05/2023 11:39:55.942105,509,True,True,True,True,Eyes,2.465978,0.0110284,-2.255291,0.3404724,-0.3868164,0.8570015,0.0,0.0,0.0,0.0,0.0,0.0,0.0,-2.480799,0.2580474,2.124396,2.45171,0.02588351,-2.173121,0.1256159,0.00387383,-0.0524176,0.9906856,14.43597,359.675,353.9014,0.7256211,0.003793372,-0.6880836,-0.0171249,-0.02662658,0.3007132,2.975571,-0.8971031,-0.4302883,0.5795999,-0.4007999,1.915,0.9944747,-0.1028855,-0.02084447,0.104832,0.9629461,0.2484857,-0.005493475,-0.2492979,0.9684113,static,21.304351622774202,-7.629518878256967,16.83912884659031,-11.821085513920774,0.5238610000000001,-0.92298661,1.7428327000000001,0.36052527576865556,-0.12383838740540759,0.9244920404252993,21.297858902396058,-7.910725732742842,6.097028455157677,6.124332233163171,5.930530105209775
05/05/2023 11:39:55.962330,510,True,True,True,True,Eyes,2.465389,0.0115734,-2.250877,0.33776,-0.3880981,0.8574952,0.0,0.0,0.0,0.0,0.0,0.0,0.0,-2.466847,0.2254216,2.129698,2.4485,0.02825192,-2.162364,0.1239133,0.001612979,-0.05707475,0.990649,14.22281,359.3528,353.3245,0.7268619,0.00374411,-0.6867732,-0.0160974,-0.02502898,0.2826704,2.95787,-0.8934419,-0.4145584,0.5795999,-0.4007999,1.915,0.9934797,-0.1126823,-0.01734043,0.1134818,0.9627759,0.2453251,-0.01094885,-0.2456933,0.9692858,static,21.549136564939804,-7.711441476229675,16.83912884659031,-11.821085513920774,0.5093700000000001,-0.92169382,1.7478056000000002,0.3644201829728193,-0.1249568536068508,0.9228129202744092,21.53868797817929,-7.992058409658609,6.2303397399710905,6.250867685645075,6.061955509278806
05/05/2023 11:39:55.982508,511,True,True,True,True,Eyes,2.464662,0.01204755,-2.246263,0.3349813,-0.3890612,0.8581485,0.0,0.0,0.0,0.0,0.0,0.0,0.0,-2.451351,0.1874304,2.136334,2.444894,0.02864972,-2.151709,0.116391,-0.0006610313,-0.05817651,0.991498,13.33981,359.1253,353.1817,0.7280352,0.003716429,-0.6855294,-0.01513156,-0.02352724,0.2657102,2.94595,-0.867372,-0.3882214,0.5796001,-0.4007999,1.915,0.99323,-0.1155177,-0.01223162,0.1152099,0.9661373,0.2308797,-0.01485326,-0.2307259,0.9729055,static,21.763004708622358,-8.604534514437827,16.839134328329035,-11.821085513920774,0.5010559999999997,-0.89602172,1.7634876,0.3671604041403691,-0.13916422385545513,0.9196882586928952,21.771242439205604,-8.862442128425622,5.884735110068772,5.881385878702797,5.751457302276412
05/05/2023 11:39:56.002155,512,True,True,True,True,Eyes,2.463775,0.01247959,-2.241462,0.3319931,-0.3899099,0.8589243,0.0,0.0,0.0,0.0,0.0,0.0,0.0,-2.43292,0.1862222,2.143499,2.440876,0.0273581,-2.142369,0.1132875,-0.003922749,-0.05615149,0.9919665,12.96256,358.7943,353.3833,0.7291492,0.003706107,-0.6843444,-0.01422366,-0.02211561,0.2497676,2.933243,-0.8552716,-0.3697041,0.5795997,-0.4007999,1.915,0.9936632,-0.1122896,-0.004940057,0.110512,0.9680259,0.2251954,-0.020505,-0.2243143,0.9743011,static,21.931931013917108,-9.122361315386257,16.839123364851268,-11.821085513920774,0.4923670000000002,-0.8826297000000001,1.7726649,0.369429033775274,-0.14732790160324993,0.9175057384611612,21.949872106827748,-9.36739967800721,5.772151905292596,5.76366220819188,5.669243942976613
05/05/2023 11:39:56.012325,513,True,True,True,True,Eyes,2.46273,0.01285659,-2.236516,0.3288867,-0.3908009,0.859714,0.0,0.0,0.0,0.0,0.0,0.0,0.0,-2.412831,0.2113154,2.149902,2.43672,0.02668371,-2.133112,0.1151099,-0.007816616,-0.0529831,0.991908,13.15161,358.3697,353.6969,0.7302105,0.003710203,-0.6832118,-0.01337024,-0.02078867,0.2347815,2.918535,-0.8589258,-0.3590346,0.5795998,-0.4007999,1.915,0.9942634,-0.1069083,0.003308966,0.1033092,0.967885,0.2291852,-0.02770449,-0.2275286,0.9733772,static,22.06879817929114,-9.12552519517203,16.83912610572083,-11.821085513920774,0.48181499999999966,-0.88560951,1.7740774000000001,0.37162461159477544,-0.14723964447222054,0.9166327518839953,22.08337808816467,-9.371385710980618,5.892198640911031,5.883495171162632,5.788195572014755
05/05/2023 11:39:56.032231,514,True,True,True,True,Eyes,2.461536,0.0132126,-2.231449,0.3250701,-0.3915929,0.8608044,0.0,0.0,0.0,0.0,0.0,0.0,0.0,-2.389199,0.2443755,2.159012,2.431895,0.02572736,-2.124747,0.1174819,-0.01237722,-0.04882233,0.991797,13.40471,357.8777,354.1142,0.7312245,0.003725674,-0.6821263,-0.01256803,-0.01954135,0.2206946,2.901921,-0.8638647,-0.3494995,0.5795997,-0.4007999,1.915,0.9949263,-0.09975189,0.0130799,0.09393548,0.9676288,0.234245,-0.03602286,-0.2318279,0.9720896,static,22.199475801848795,-9.10282264950979,16.839123364851268,-11.821085513920774,0.4700260000000003,-0.88959206,1.7752475,0.373742171845003,-0.1467418696310061,0.9158511871398959,22.2101532021668,-9.350163073661484,6.019034700261333,6.010185625158439,5.9121416778618086
05/05/2023 11:39:56.042357,515,True,True,True,True,Eyes,2.46018,0.01358744,-2.226259,0.3209453,-0.3926225,0.8618827,0.0,0.0,0.0,0.0,0.0,0.0,0.0,-2.357639,0.2933806,2.174041,2.426846,0.02561869,-2.116778,0.122989,-0.01874668,-0.04420891,0.9912456,14.01447,357.1619,354.5438,0.7321964,0.003750809,-0.681083,-0.01181395,-0.01836887,0.2074529,2.878497,-0.8787102,-0.3442092,0.5795998,-0.4008,1.915,0.9953883,-0.09225504,0.02629071,0.0830325,0.9658386,0.2454821,-0.04803955,-0.242167,0.9690445,static,22.46773999566977,-8.760587368326357,16.83912610572083,-11.821088380307142,0.451651,-0.9043288899999999,1.7725688000000002,0.37834610039259403,-0.14098423754157866,0.9148648942549753,22.46243787093996,-9.018952514747864,6.415283449128061,6.406868249500809,6.282801971883687
05/05/2023 11:39:56.062235,516,True,True,True,True,Eyes,2.458669,0.01394891,-2.220949,0.3161865,-0.3933774,0.8632962,0.0,0.0,0.0,0.0,0.0,0.0,0.0,-2.321498,0.3312603,2.193819,2.421694,0.02647626,-2.108703,0.1275562,-0.02597338,-0.04099005,0.9906435,14.51279,356.3329,354.7942,0.7331297,0.003785255,-0.680078,-0.01110511,-0.01726674,0.1950058,2.850097,-0.8907375,-0.336983,0.5795999,-0.4008,1.915,0.9952904,-0.08783917,0.04100365,0.07458691,0.9640985,0.2548547,-0.06191778,-0.2505961,0.9661096,static,22.844938922306806,-8.45096648952658,16.83912884659031,-11.821088380307142,0.42840299999999987,-0.91721376,1.7717200000000002,0.3846496378462517,-0.1356560211746428,0.9130400377701199,22.821793243655485,-8.720197651015846,6.894187266784673,6.886760938517914,6.7385307451191405
05/05/2023 11:39:56.082109,517,True,True,True,True,Eyes,2.456993,0.01430987,-2.215534,0.311134,-0.3943292,0.8646965,0.0,0.0,0.0,0.0,0.0,0.0,0.0,-2.285108,0.3543744,2.214758,2.416443,0.02649412,-2.100608,0.1290873,-0.0330472,-0.03825719,0.9903437,14.66417,355.5339,355.0005,0.7340287,0.003827754,-0.6791072,-0.0104388,-0.01623073,0.1833054,2.821866,-0.8934277,-0.3248892,0.5795999,-0.4008,1.915,0.9948886,-0.08430747,0.05557914,0.06724358,0.9637457,0.2582102,-0.0753332,-0.253153,0.9644887,static,23.235061475666726,-8.486524395813374,16.83912884659031,-11.821088380307142,0.40542299999999987,-0.91992182,1.7757188,0.3908476464527061,-0.13583785108773996,0.9103769090410496,23.203050496633814,-8.757382012114766,7.222003521430005,7.2129932179621035,7.062987716143571
05/05/2023 11:39:56.091955,518,True,True,True,True,Eyes,2.455111,0.01469841,-2.210014,0.305571,-0.3950344,0.8663568,0.0,0.0,0.0,0.0,0.0,0.0,0.0,-2.246769,0.3880808,2.234742,2.410893,0.02686668,-2.09273,0.13285,-0.04047817,-0.03526212,0.9896812,15.07621,354.6822,355.2147,0.7348959,0.003877517,-0.6781685,-0.009812475,-0.01525689,0.1723071,2.792115,-0.9035751,-0.317132,0.5795999,-0.4007999,1.915,0.9942362,-0.08055156,0.07075182,0.05904146,0.9622149,0.2658131,-0.08949011,-0.2601036,0.9614248,static,23.604354295955304,-8.254603300771143,16.83912884659031,-11.821085513920774,0.3812219999999997,-0.93044178,1.775598,0.3969267207756933,-0.1317777192027452,0.9083411964601064,23.55679310754239,-8.534175385511212,7.6562328067205625,7.647749391647747,7.478689144169199
05/05/2023 11:39:56.112229,519,True,True,True,True,Eyes,2.453059,0.01506153,-2.204405,0.2997149,-0.3955863,0.8681488,0.0,0.0,0.0,0.0,0.0,0.0,0.0,-2.206946,0.4045332,2.257477,2.404912,0.02780841,-2.084727,0.1335057,-0.04796394,-0.03295352,0.9893382,15.1296,353.8329,355.3647,0.7357339,0.003934761,-0.6772589,-0.009223727,-0.01434147,0.1619687,2.760992,-0.9028701,-0.3040406,0.5796002,-0.4008,1.915,0.9932271,-0.07801124,0.08610614,0.05239742,0.9621806,0.2673256,-0.1037041,-0.2610033,0.9597514,static,24.010523107780536,-8.347264201284993,16.839137069198276,-11.821088380307142,0.35607999999999995,-0.93067851,1.7806864,0.40329805483658154,-0.13284273124749865,0.9053747117579961,23.955231667433992,-8.627026470767284,7.978496093939025,7.968452305255485,7.80005344936898
05/05/2023 11:39:56.132112,520,True,True,True,True,Eyes,2.450814,0.01538071,-2.198728,0.2934481,-0.395889,0.8701495,0.0,0.0,0.0,0.0,0.0,0.0,0.0,-2.165864,0.4123967,2.282235,2.39888,0.02752483,-2.077079,0.1320412,-0.05559154,-0.03076537,0.9892058,14.94023,352.9786,355.5154,0.7365441,0.003997973,-0.6763773,-0.008670303,-0.01348099,0.1522505,2.729113,-0.8960363,-0.2877263,0.5795999,-0.4007999,1.915,0.9919262,-0.07554729,0.1018584,0.04618581,0.9632373,0.2646524,-0.1181075,-0.2578112,0.9589494,static,24.427837934185355,-8.668613432816144,16.83912884659031,-11.821085513920774,0.3302329999999998,-0.92356113,1.7893526999999998,0.4096191983500358,-0.13749468168116208,0.9018355531455444,24.370699463263136,-8.942461615244437,8.227395167879436,8.217456165888064,8.06294186410643
05/05/2023 11:39:56.142432,521,True,True,True,True,Eyes,2.448395,0.01566112,-2.192989,0.286924,-0.3961903,0.8721856,0.0,0.0,0.0,0.0,0.0,0.0,0.0,-2.124476,0.4288378,2.30488,2.392694,0.02669615,-2.0698,0.1325188,-0.06325313,-0.02862857,0.9887459,14.97711,352.1063,355.6438,0.7373286,0.004065338,-0.6755217,-0.008150085,-0.01267213,0.1431155,2.696672,-0.8967985,-0.2757667,0.5796,-0.4007999,1.915,0.9903589,-0.07337721,0.1174949,0.0398483,0.9632384,0.2656765,-0.1326702,-0.2584331,0.9568757,static,24.81881920407644,-8.757459701691529,16.839131587459715,-11.821085513920774,0.30397799999999986,-0.9234946500000001,1.7940333,0.41570640539574244,-0.1384730690972987,0.8988955724026989,24.75423010302806,-9.031500408559484,8.556312519096782,8.547585482236702,8.392292271555238
05/05/2023 11:39:56.162687,522,True,True,True,True,Eyes,2.445797,0.01590644,-2.187192,0.2801441,-0.3963269,0.874325,0.0,0.0,0.0,0.0,0.0,0.0,0.0,-2.084574,0.4416027,2.325689,2.386233,0.02604063,-2.062645,0.1327895,-0.07048831,-0.02696792,0.9882668,14.99063,351.2777,355.724,0.738088,0.004135273,-0.6746915,-0.00766108,-0.0119118,0.1345286,2.664851,-0.8971222,-0.2643281,0.5796,-0.4007998,1.915,0.9886083,-0.07202321,0.1321604,0.03458278,0.9632794,0.2662648,-0.1464846,-0.2586611,0.9547967,static,25.162892112663005,-8.833208464934293,16.839131587459715,-11.821082647534345,0.27861800000000025,-0.92316283,1.7983168999999999,0.421048623310778,-0.13928347651165238,0.8962801481860161,25.09168056380755,-9.107484464684907,8.85087243975663,8.843776422545998,8.687242353300816
05/05/2023 11:39:56.182436,523,True,True,True,True,Eyes,2.443017,0.01610032,-2.181356,0.2731512,-0.3964907,0.8764609,0.0,0.0,0.0,0.0,0.0,0.0,0.0,-2.046873,0.4503354,2.344224,2.379498,0.02537391,-2.055536,0.1329901,-0.07719018,-0.02603395,0.987764,14.99333,350.5008,355.7276,0.7388238,0.004206552,-0.6738851,-0.007201415,-0.01119709,0.1264569,2.633739,-0.8978374,-0.2536354,0.5795999,-0.4007999,1.915,0.9867278,-0.07196185,0.1455668,0.03089974,0.9632717,0.2667448,-0.1594159,-0.2587065,0.9527106,static,25.458466762210126,-8.88080403416095,16.83912884659031,-11.821085513920774,0.25424099999999994,-0.92321131,1.8019006,0.42564171728977934,-0.13969664417951738,0.8940437006009992,25.381095183706552,-9.155754292574356,9.11261267109301,9.107043498515859,8.948138321679604
05/05/2023 11:39:56.192331,524,True,True,True,True,Eyes,2.44005,0.01622398,-2.175499,0.2660701,-0.3965759,0.8785979,0.0,0.0,0.0,0.0,0.0,0.0,0.0,-2.009053,0.4602495,2.361879,2.372432,0.02433724,-2.048798,0.133418,-0.08381398,-0.02512492,0.9871898,15.02296,349.7305,355.7265,0.7395361,0.004277446,-0.6731029,-0.00676933,-0.01052526,0.1188694,2.602505,-0.8997818,-0.2441168,0.5795998,-0.4007999,1.915,0.9846879,-0.07197072,0.1587764,0.02724155,0.9631368,0.2676294,-0.1721849,-0.2592061,0.9503497,static,25.74007132738167,-8.89331130751629,16.83912610572083,-11.821085513920774,0.23007299999999997,-0.92411904,1.8046812,0.43003843795381913,-0.13957004868963502,0.8919569248849645,25.655945757803217,-9.169791119191574,9.374542797907715,9.37009539133377,9.206827398451034
05/05/2023 11:39:56.212134,525,True,True,True,True,Eyes,2.4369,0.01628752,-2.169629,0.2588711,-0.3966103,0.8807305,0.0,0.0,0.0,0.0,0.0,0.0,0.0,-1.972047,0.4698035,2.378261,2.365007,0.02271199,-2.042555,0.132972,-0.09008498,-0.0234862,0.9867379,14.96242,349.0189,355.8267,0.7402257,0.00434596,-0.672344,-0.00636317,-0.009893749,0.1117373,2.573175,-0.8986473,-0.2338091,0.5795997,-0.4008,1.915,0.9826663,-0.07030702,0.1715345,0.0223919,0.9635337,0.2666485,-0.1840265,-0.2581855,0.9484063,static,25.960335081889905,-9.033607067669694,16.839123364851268,-11.821088380307142,0.20816800000000013,-0.92135929,1.8087459000000001,0.43334401429924,-0.14150531513641654,0.8900502239597009,25.874444460959598,-9.307757352692123,9.538600229900275,9.537638872139473,9.378371935690788
05/05/2023 11:39:56.232204,526,True,True,True,True,Eyes,2.433507,0.01630504,-2.163742,0.2517343,-0.3965908,0.8828055,0.0,0.0,0.0,0.0,0.0,0.0,0.0,-1.936911,0.4813727,2.392099,2.357541,0.02131336,-2.036425,0.1326116,-0.09589256,-0.02130192,0.9862886,14.92184,348.3693,355.9971,0.7408934,0.00441058,-0.6716079,-0.00598138,-0.009300124,0.105033,2.546256,-0.8972362,-0.2241186,0.5795999,-0.4007999,1.915,0.9807017,-0.0674526,0.1835057,0.01658674,0.9639208,0.265672,-0.1948052,-0.2575012,0.9464376,static,26.115840719184348,-9.177857069730543,16.83912884659031,-11.821085513920774,0.1887150000000002,-0.91854956,1.8123064,0.4356271574585283,-0.1435699982432936,0.8886037398978262,26.029922304787895,-9.449141561086323,9.64290801413086,9.64593384672026,9.491933549421606
05/05/2023 11:39:56.242646,527,True,True,True,True,Eyes,2.429925,0.01624333,-2.157876,0.2445679,-0.3965992,0.8848139,0.0,0.0,0.0,0.0,0.0,0.0,0.0,-1.905762,0.4896274,2.402391,2.349896,0.02005321,-2.029958,0.1319578,-0.1008431,-0.01935712,0.9859226,14.8504,347.8188,356.157,0.7415367,0.004470173,-0.6708971,0.0,0.0,0.0,2.522067,-0.8948438,-0.2141599,0.5795999,-0.4007999,1.915,0.9789119,-0.06478331,0.1937384,0.01155517,0.9644249,0.2641043,-0.2039557,-0.2562962,0.9448357,static,26.18383738695958,-9.337901032717083,16.83912884659031,-11.821085513920774,0.17217099999999963,-0.91489701,1.8157981,0.4365257702748332,-0.14598091663510898,0.887769589842205,26.10052044635149,-9.605312733402553,9.661382344266219,9.669011473368995,9.522763431851722
05/05/2023 11:39:56.262086,528,True,True,True,True,Eyes,2.426171,0.01608194,-2.152052,0.2374531,-0.3968526,0.8866364,0.0,0.0,0.0,0.0,0.0,0.0,0.0,-1.875235,0.507058,2.410408,2.341868,0.01809018,-2.024601,0.132743,-0.1055393,-0.01689565,0.9853706,14.95354,347.2954,356.3613,0.7421572,0.004522987,-0.6702102,0.0,0.0,0.0,2.499218,-0.8980333,-0.2080771,0.5795998,-0.4007999,1.915,0.977152,-0.06131614,0.2035051,0.00527775,0.9641877,0.2651683,-0.2124762,-0.2580357,0.9424815,static,26.20255210947375,-9.358529188582215,16.83912610572083,-11.821085513920774,0.1573500000000001,-0.91612348,1.8165239000000002,0.43679627859189984,-0.1462791834711651,0.88758744815517,26.11931990773435,-9.625507709979455,9.673509977319037,9.681835062797823,9.536380806998531
05/05/2023 11:39:56.282225,529,True,True,True,True,Eyes,2.422239,0.01586113,-2.146273,0.2302912,-0.3973593,0.888297,0.0,0.0,0.0,0.0,0.0,0.0,0.0,-1.843063,0.5364329,2.416963,2.333682,0.01552868,-2.019911,0.1352827,-0.1104644,-0.01360062,0.9845361,15.27052,346.7449,356.6324,0.7427537,0.004566583,-0.6695488,0.0,0.0,0.0,2.476585,-0.9076639,-0.205773,0.5795999,-0.4008,1.915,0.9752253,-0.05666846,0.2138326,-0.003107255,0.9630272,0.2693862,-0.2211923,-0.2633767,0.9389924,static,26.209786042505453,-9.218419551495188,16.83912884659031,-11.821088380307142,0.142903,-0.9231925799999999,1.814138,0.4370503010374297,-0.14408849281111222,0.8878206749707083,26.122595274947592,-9.489231210829773,9.720868889243334,9.72538437882152,9.571849705531305
05/05/2023 11:39:56.292674,530,True,True,True,True,Eyes,2.41812,0.01560834,-2.14054,0.2232008,-0.3981249,0.8897629,0.0,0.0,0.0,0.0,0.0,0.0,0.0,-1.810185,0.5693843,2.422495,2.325564,0.01392734,-2.015194,0.1393121,-0.1155609,-0.01077955,0.9834235,15.75439,346.1558,356.8194,0.7433253,0.004600021,-0.668914,0.0,0.0,0.0,2.452943,-0.9221223,-0.2064964,0.5795999,-0.4007998,1.915,0.9730589,-0.0533998,0.2242872,-0.01099635,0.9609519,0.276497,-0.2302941,-0.2715142,0.9344756,static,26.251005360018894,-8.895904499996078,16.83912884659031,-11.821082647534345,0.1273789999999999,-0.9360496399999999,1.8086976000000001,0.4380096882663748,-0.1390165542551554,0.8881564963253245,26.15408382287818,-9.17570248812648,9.858544844187502,9.85596706056103,9.683306377372295
05/05/2023 11:39:56.312551,531,True,True,True,True,Eyes,2.413816,0.01529639,-2.134854,0.2160641,-0.3989347,0.8911608,0.0,0.0,0.0,0.0,0.0,0.0,0.0,-1.78001,0.5864403,2.428718,2.317021,0.0129379,-2.010539,0.142043,-0.1201645,-0.01017425,0.9824871,16.06131,345.5983,356.7709,0.7438717,0.004623344,-0.668306,0.0,0.0,0.0,2.427727,-0.9327938,-0.2057847,0.5795997,-0.4007999,1.915,0.9709139,-0.0541292,0.2332298,-0.01414493,0.9594405,0.281556,-0.2390105,-0.2766657,0.9307685,static,26.31274488693518,-8.636065579016083,16.839123364851268,-11.821085513920774,0.11070599999999997,-0.9457317,1.8047543000000001,0.43921886921903713,-0.13489870094114592,0.8881943970977756,26.207265183856318,-8.923292732215657,10.001371461546592,9.994691427424451,9.806084037305284
05/05/2023 11:39:56.332275,532,True,True,True,True,Eyes,2.409329,0.01491043,-2.12924,0.2089142,-0.3998715,0.8924448,0.0,0.0,0.0,0.0,0.0,0.0,0.0,-1.752656,0.5905366,2.43557,2.308323,0.01122546,-2.006005,0.142868,-0.1242397,-0.01076492,0.9818542,16.13348,345.0975,356.6198,0.7443924,0.004635706,-0.6677258,0.0,0.0,0.0,2.402558,-0.9380806,-0.2021922,0.5795999,-0.4008,1.915,0.9688972,-0.05663891,0.2408947,-0.01436059,0.9589458,0.2832258,-0.2470465,-0.2778761,0.9283065,static,26.361669851784164,-8.562120672767794,16.83912884659031,-11.821088380307142,0.09423499999999985,-0.9493060600000001,1.8038128,0.44004975257710943,-0.13369174487394622,0.8879655472653851,26.252965111758357,-8.851669946285456,10.072310159603148,10.0647731079435,9.871056633598092
05/05/2023 11:39:56.342426,533,True,True,True,True,Eyes,2.404636,0.01449574,-2.123698,0.2017153,-0.4009318,0.8936244,0.0,0.0,0.0,0.0,0.0,0.0,0.0,-1.726033,0.5971096,2.44111,2.299062,0.009108212,-2.002243,0.1441673,-0.1280399,-0.01137469,0.9811689,16.25973,344.6246,356.4622,0.7448856,0.004635867,-0.6671755,0.0,0.0,0.0,2.377919,-0.9454473,-0.2004647,0.5795999,-0.4008001,1.915,0.9669528,-0.05923933,0.2479779,-0.01459735,0.9581728,0.2858177,-0.2545373,-0.279992,0.9256431,static,26.37654149563371,-8.434781166621748,16.83912884659031,-11.82109124669345,0.07885699999999973,-0.954555512,1.8017783,0.440399077637859,-0.13169278442798785,0.8880909873014233,26.264030060420154,-8.727869232550681,10.129683271104275,10.120737917589224,9.919515377236365
05/05/2023 11:39:56.362283,534,True,True,True,True,Eyes,2.399753,0.01412133,-2.118219,0.1944561,-0.402091,0.8947121,0.0,0.0,0.0,0.0,0.0,0.0,0.0,-1.697575,0.6054196,2.446906,2.289505,0.008043014,-1.998435,0.1461587,-0.1321657,-0.01212344,0.9803178,16.46081,344.1036,356.2691,0.7453519,0.004624111,-0.6666548,0.0,0.0,0.0,2.351625,-0.9543175,-0.2001572,0.5795999,-0.4007998,1.915,0.9647705,-0.062404,0.2555849,-0.01486469,0.9569812,0.2897686,-0.2626727,-0.2833593,0.9223397,static,26.42703925682093,-8.228406977000551,16.83912884659031,-11.821082647534345,0.06211999999999973,-0.962360514,1.7982778,0.4413724507790783,-0.12842469711573865,0.8880864517931917,26.307693782649245,-8.52740526914918,10.249438799363764,10.238913248399664,10.02507020530285
05/05/2023 11:39:56.382013,535,True,True,True,True,Eyes,2.394659,0.0136913,-2.112797,0.1871552,-0.4029334,0.8958893,0.0,0.0,0.0,0.0,0.0,0.0,0.0,-1.669791,0.6025077,2.454312,2.279533,0.00868867,-1.994622,0.1472759,-0.1361638,-0.01430847,0.9795737,16.53724,343.5802,355.924,0.7457888,0.004602875,-0.6661659,0.0,0.0,0.0,2.323317,-0.9591367,-0.1987384,0.5795999,-0.4007998,1.915,0.9625094,-0.0681397,0.2625504,-0.01207489,0.9562102,0.2924317,-0.2709796,-0.2846385,0.9195384,static,26.509289122470562,-8.050187443370302,16.83912884659031,-11.821082647534345,0.043784000000000045,-0.9678253699999999,1.7958835999999998,0.4428104244986669,-0.1255624153291246,0.8877798372283054,26.383068916573873,-8.354545905175524,10.390636643809382,10.379385839345208,10.153997687884392
05/05/2023 11:39:56.392483,536,True,True,True,True,Eyes,2.389392,0.01320071,-2.107458,0.1798334,-0.4036144,0.8970816,0.0,0.0,0.0,0.0,0.0,0.0,0.0,-1.6432,0.5802402,2.465016,2.26947,0.00688066,-1.990613,0.1432257,-0.1397671,-0.01610004,0.9796389,16.02867,343.1589,355.7289,0.7461959,0.004571362,-0.6657103,0.0,0.0,0.0,2.296288,-0.9475228,-0.1872289,0.5795996,-0.4008,1.915,0.9604119,-0.07158094,0.2692308,-0.008492018,0.9584544,0.2851194,-0.2784545,-0.2761184,0.9199031,static,26.556161785535625,-8.505989963453146,16.839120623981625,-11.821088380307142,0.02681800000000001,-0.95440346,1.8033841,0.443127128160826,-0.13259773715955417,0.8865981170122033,26.441046627629003,-8.798345413530754,10.274751467196129,10.266974551870799,10.066476941945272
05/05/2023 11:39:56.412484,537,True,True,True,True,Eyes,2.383936,0.01268166,-2.102135,0.172554,-0.4040961,0.8982936,0.0,0.0,0.0,0.0,0.0,0.0,0.0,-1.614748,0.5793797,2.472352,2.259578,0.004930314,-1.987436,0.1422335,-0.14365,-0.01604454,0.9792227,15.89927,342.7065,355.6895,0.7465732,0.004528587,-0.6652874,0.0,0.0,0.0,2.271254,-0.9459521,-0.1820306,0.5795997,-0.4008,1.915,0.9582146,-0.07228605,0.2767665,-0.009441314,0.9590244,0.2831662,-0.2858947,-0.273947,0.9182686,static,26.567641962305302,-8.648608938040299,16.839123364851268,-11.821088380307142,0.01167600000000002,-0.950882414,1.8054054,0.44317180493592134,-0.13480088866510845,0.8862434228117603,26.456081763782144,-8.937187560237444,10.238513969615802,10.232726905014848,10.040058405545548
05/05/2023 11:39:56.432243,538,True,True,True,True,Eyes,2.378318,0.01207889,-2.096854,0.1654,-0.404204,0.8995899,0.0,0.0,0.0,0.0,0.0,0.0,0.0,-1.591161,0.5692996,2.477021,2.249639,0.003543627,-1.982584,0.1398251,-0.1466414,-0.01631996,0.9791214,15.60627,342.3687,355.6551,0.7469206,0.004474772,-0.6648977,0.0,0.0,0.0,2.24898,-0.9388453,-0.172694,0.5795998,-0.4007998,1.915,0.9564599,-0.07296674,0.2825955,-0.009049836,0.9603652,0.2785979,-0.2917233,-0.2690252,0.9178905,static,26.503189888356857,-8.91759699904215,16.83912610572083,-11.821082647534345,-0.0006590000000001872,-0.942388927,1.80989,0.4419121044906926,-0.1390564323248832,0.8862149978034068,26.400502759494216,-9.198481297200356,10.091984670241924,10.090805602421321,9.914532836099562
05/05/2023 11:39:56.442000,539,True,True,True,True,Eyes,2.372519,0.01139926,-2.091665,0.1583689,-0.4043671,0.900781,0.0,0.0,0.0,0.0,0.0,0.0,0.0,-1.570895,0.5456138,2.482833,2.239453,0.0008979812,-1.978564,0.1347653,-0.1488912,-0.01730732,0.9794745,15.00151,342.1341,355.6041,0.7472383,0.004408311,-0.6645412,0.0,0.0,0.0,2.228022,-0.9237012,-0.1595567,0.5796,-0.4008,1.915,0.9550638,-0.07403487,0.2870054,-0.006226571,0.9630775,0.2691521,-0.2963351,-0.2588445,0.9193395,static,26.398610019182,-9.483230407508843,16.839131587459715,-11.821088380307142,-0.011430999999999969,-0.9245991812,1.8190073,0.43971865988390246,-0.147975841776729,0.8858614566685885,26.31380197171078,-9.748140180580336,9.827897940338607,9.841199509589273,9.698788229926194
05/05/2023 11:39:56.462328,540,True,True,True,True,Eyes,2.366548,0.01067167,-2.086527,0.1515267,-0.4048232,0.9017526,0.0,0.0,0.0,0.0,0.0,0.0,0.0,-1.554175,0.5473945,2.481468,2.229351,-0.001445368,-1.975545,0.1355925,-0.1505891,-0.01845101,0.9790798,15.06738,341.9071,355.4282,0.7475249,0.004327883,-0.6642179,0.0,0.0,0.0,2.209883,-0.9296585,-0.1584473,0.5795999,-0.4007999,1.915,0.9539649,-0.07696754,0.2898739,-0.004707488,0.9625485,0.2710689,-0.2998812,-0.2599548,0.9178752,static,26.220976020227603,-9.338090513667883,16.83912884659031,-11.821085513920774,-0.01946799999999982,-0.9282131320000001,1.8170977000000001,0.4371038782698455,-0.1459382927462187,0.8874920450289507,26.13672899644924,-9.605743378373244,9.697021942733521,9.704860666736382,9.557882052222087
05/05/2023 11:39:56.482217,541,True,True,True,True,Eyes,2.36038,0.01009466,-2.081469,0.1448154,-0.405746,0.9024404,0.0,0.0,0.0,0.0,0.0,0.0,0.0,-1.541467,0.5543721,2.475287,2.218677,-0.003215205,-1.971791,0.1380237,-0.1515017,-0.01980107,0.9785727,15.31542,341.7541,355.2078,0.747781,0.004233337,-0.6639293,0.0,0.0,0.0,2.19416,-0.9409453,-0.1596478,0.5795999,-0.4007999,1.915,0.9533103,-0.08057522,0.2910448,-0.003068069,0.9611148,0.2761322,-0.3019769,-0.2641326,0.9159934,static,25.962646165590368,-9.015493289473689,16.83912884659031,-11.821085513920774,-0.0245169999999999,-0.9377300949999999,1.8121432,0.4333977163065522,-0.1412198592271455,0.8900693023610298,25.8762091242303,-9.290148257576458,9.546478618135902,9.545151439341963,9.38479958976543
05/05/2023 11:39:56.492140,542,True,True,True,True,Eyes,2.354032,0.009546449,-2.076433,0.1382902,-0.4066802,0.9030432,0.0,0.0,0.0,0.0,0.0,0.0,0.0,-1.527661,0.5707568,2.467865,2.207797,-4.75198e-05,-1.968629,0.1444525,-0.1527016,-0.02223243,0.9774056,15.99702,341.5057,354.7729,0.7480054,0.004130768,-0.6636764,0.0,0.0,0.0,2.176124,-0.9622339,-0.1694636,0.5796,-0.4007999,1.915,0.9523758,-0.08757644,0.2920797,-0.0006560514,0.9572784,0.2891672,-0.3049258,-0.2755874,0.9116314,static,25.764354386795823,-8.172444429976661,16.839131587459715,-11.821085513920774,-0.03167299999999962,-0.9621863802,1.7991654,0.4310803986172691,-0.12826648145853436,0.8931502590362632,25.660187651061047,-8.46856003054721,9.65335632082224,9.64220844916941,9.436654979062602
05/05/2023 11:39:56.512195,543,True,True,True,True,Eyes,2.347498,0.008929741,-2.071556,0.1320139,-0.4077676,0.9034921,0.0,0.0,0.0,0.0,0.0,0.0,0.0,-1.524154,0.5425344,2.462989,2.196735,0.0001955777,-1.964195,0.1431056,-0.1519065,-0.02767837,0.9775885,15.74686,341.5295,354.1803,0.7481987,0.004021818,-0.6634589,0.0,0.0,0.0,2.1605,-0.9598465,-0.1639707,0.5795999,-0.4007999,1.915,0.9523166,-0.09759343,0.2890822,0.01063878,0.9575095,0.2882057,-0.3049259,-0.2713876,0.9128904,static,25.484900201666683,-8.177752719294586,16.83912884659031,-11.821085513920774,-0.03623500000000002,-0.9600420777,1.8002243,0.4266979504081237,-0.1286451991872928,0.8951979289570259,25.38791349516085,-8.471871726011653,9.39319931741604,9.382069930279663,9.181446071548635
05/05/2023 11:39:56.532658,544,True,True,True,True,Eyes,2.340777,0.008521494,-2.066767,0.1258819,-0.4096286,0.9035255,0.0,0.0,0.0,0.0,0.0,0.0,0.0,-1.513069,0.5599535,2.455306,2.185761,-0.002025284,-1.963135,0.1460215,-0.1522036,-0.02704092,0.9771288,16.08912,341.4707,354.1882,0.7483586,0.003904854,-0.6632791,0.0,0.0,0.0,2.149564,-0.9722474,-0.1683765,0.5795998,-0.4008,1.915,0.9522057,-0.09729492,0.2895478,0.008394944,0.955893,0.2935951,-0.3053421,-0.2771322,0.9110236,static,25.130251027528146,-7.937283939705153,16.83912610572083,-11.821088380307142,-0.036197000000000035,-0.970222116,1.7947585000000001,0.4213341491298871,-0.1252337450310354,0.8982172430533247,25.035713353472534,-8.235547551809056,9.165839681880046,9.155691639731764,8.946515832592741
05/05/2023 11:39:56.542135,545,True,True,True,True,Eyes,2.333878,0.00825667,-2.062019,0.1197881,-0.4111316,0.9036711,0.0,0.0,0.0,0.0,0.0,0.0,0.0,-1.496385,0.6071516,2.442229,2.174714,0.002732113,-1.96033,0.1569757,-0.1538566,-0.02624327,0.9751914,17.34276,341.1554,354.0174,0.7484844,0.003787263,-0.6631378,0.0,0.0,0.0,2.134491,-1.006263,-0.1871661,0.5795997,-0.4007998,1.915,0.9512788,-0.09948793,0.2918402,0.002880908,0.9493398,0.3142381,-0.3083185,-0.2980873,0.9033735,static,24.89478043199147,-6.702081477825438,16.839123364851268,-11.821082647534345,-0.040222999999999676,-1.0089951129999999,1.7731639,0.41858196985030793,-0.10599067295579367,0.9019728100990592,24.772879458314954,-7.032153495340612,9.531518506375885,9.544515899659189,9.26705606842341
05/05/2023 11:39:56.562358,546,True,True,True,True,Eyes,2.326829,0.00798322,-2.057405,0.1137887,-0.4125413,0.903804,0.0,0.0,0.0,0.0,0.0,0.0,0.0,-1.478545,0.575241,2.447962,2.163604,0.005874403,-1.956603,0.1527733,-0.1554888,-0.02910672,0.9755186,16.79898,340.9631,353.7454,0.7485762,0.003673656,-0.6630349,0.0,0.0,0.0,2.112503,-0.9894513,-0.1760085,0.5795997,-0.4007998,1.915,0.949952,-0.1042974,0.2944711,0.009279211,0.9516262,0.3071179,-0.312258,-0.2890148,0.904967,static,24.834632587065137,-7.203428297893049,16.839123364851268,-11.821082647534345,-0.05110100000000006,-0.995325703,1.7805945,0.4172647688029362,-0.11395489706675657,0.901612032428426,24.727759117748132,-7.519557189259685,9.23220375516368,9.233141362248723,8.985193114789892
05/05/2023 11:39:56.582219,547,True,True,True,True,Eyes,2.319655,0.00774629,-2.052887,0.107947,-0.41422,0.9037528,0.0,0.0,0.0,0.0,0.0,0.0,0.0,-1.458712,0.5906425,2.445965,2.153364,0.005377468,-1.955105,0.1546828,-0.1575507,-0.02759961,0.9749305,17.03245,340.7176,353.8426,0.748633,0.003563318,-0.6629716,0.0,0.0,0.0,2.096631,-0.9960026,-0.178079,0.5795997,-0.4007999,1.915,0.9488321,-0.1025562,0.2986635,0.005074637,0.950623,0.3103067,-0.3157403,-0.2929134,0.902502,static,24.675964864139026,-7.119897703375863,16.839123364851268,-11.821085513920774,-0.05673299999999992,-1.001380068,1.7770260000000002,0.41482238923176845,-0.11277883462426058,0.902886042958734,24.570835397305313,-7.437231039059653,9.134959842086534,9.13877735339771,8.888056649771903
05/05/2023 11:39:56.592572,548,True,True,True,True,Eyes,2.312341,0.007560161,-2.048452,0.1020564,-0.4155615,0.9038215,0.0,0.0,0.0,0.0,0.0,0.0,0.0,-1.435745,0.6306891,2.438855,2.143194,0.006051511,-1.952903,0.1598736,-0.1601258,-0.022932,0.9737938,17.69945,340.4243,354.2249,0.748655,0.003457059,-0.6629476,0.0,0.0,0.0,2.083831,-1.011606,-0.1852347,0.5795997,-0.4008,1.915,0.9476677,-0.09586184,0.3045265,-0.006537703,0.9478291,0.3187118,-0.3191914,-0.3040239,0.8976003,static,24.465457839142108,-6.710781842327737,16.839123364851268,-11.821088380307142,-0.05936299999999983,-1.017657511,1.7676683,0.41178969533421406,-0.10648990313081083,0.9050355353648862,24.354602168026513,-7.037771781694195,9.163632465316361,9.180207537189558,8.90856550312914
05/05/2023 11:39:56.612559,549,True,True,True,True,Eyes,2.304954,0.007356072,-2.044127,0.09627793,-0.4169764,0.9038038,0.0,0.0,0.0,0.0,0.0,0.0,0.0,-1.412891,0.6386408,2.439463,2.13349,0.00693189,-1.950198,0.1586035,-0.1625818,-0.01907184,0.9736778,17.6172,340.2126,354.6594,0.748642,0.003356082,-0.662963,0.0,0.0,0.0,2.069929,-1.004416,-0.1790582,0.5795996,-0.4007998,1.915,0.9464068,-0.08871172,0.3105548,-0.01443243,0.9489624,0.3150589,-0.3226542,-0.302656,0.8968242,static,24.29238829077451,-7.07031638829006,16.839120623981625,-11.821082647534345,-0.06356099999999998,-1.01134789,1.7711398,0.4087894213470898,-0.11233306263692311,0.9056889967807964,24.19558131337803,-7.386445531361336,8.830664896059169,8.838607297693128,8.589733420006345
05/05/2023 11:39:56.632332,550,True,True,True,True,Eyes,2.297476,0.007167483,-2.03986,0.09045978,-0.4183997,0.903747,0.0,0.0,0.0,0.0,0.0,0.0,0.0,-1.388187,0.6661836,2.437,2.124384,0.006297354,-1.948534,0.1609555,-0.1655274,-0.01470107,0.9728711,17.95747,339.9072,355.0617,0.7485945,0.003259245,-0.6630172,0.0,0.0,0.0,2.056031,-1.011441,-0.1812373,0.5795998,-0.4007999,1.915,0.9447691,-0.08188957,0.3173411,-0.02468059,0.9477544,0.3180448,-0.326806,-0.308311,0.893388,static,24.14615906756054,-6.9997497016749834,16.83912610572083,-11.821085513920774,-0.06835300000000011,-1.017738354,1.7672967,0.4065222589282963,-0.11134084704369279,0.9068311802878007,24.051132297222114,-7.316815544699503,8.743223514594641,8.754313777781544,8.50302777026404
05/05/2023 11:39:56.642406,551,True,True,True,True,Eyes,2.289939,0.00702548,-2.03564,0.08470495,-0.4196385,0.9037304,0.0,0.0,0.0,0.0,0.0,0.0,0.0,-1.364532,0.6877552,2.434143,2.115443,0.006415118,-1.945472,0.1629432,-0.1684071,-0.01115823,0.9720926,18.24213,339.6002,355.3754,0.7485136,0.003166609,-0.6631091,0.0,0.0,0.0,2.041362,-1.016844,-0.1815974,0.5796,-0.4007999,1.915,0.9430291,-0.07657522,0.3237783,-0.03318791,0.94665,0.3205499,-0.3310509,-0.3130334,0.8901772,static,24.023335798747535,-6.932056500853514,16.839131587459715,-11.821085513920774,-0.07408100000000006,-1.0232591180000001,1.7638746,0.40462143569168263,-0.11037117584721312,0.907799389976562,23.92957729836766,-7.250136629882913,8.675788073613676,8.689959426838486,8.43611249805382
05/05/2023 11:39:56.662200,552,True,True,True,True,Eyes,2.282302,0.006944453,-2.031454,0.07882668,-0.420565,0.9038315,0.0,0.0,0.0,0.0,0.0,0.0,0.0,-1.343143,0.6855326,2.436465,2.106516,0.00735753,-1.942391,0.1614011,-0.170933,-0.009657467,0.9719251,18.08563,339.3403,355.5382,0.7484007,0.003079244,-0.6632369,0.0,0.0,0.0,2.024466,-1.009836,-0.1753638,0.5795998,-0.4007999,1.915,0.9413772,-0.07395023,0.3291507,-0.03640489,0.9477128,0.3170411,-0.3353856,-0.310438,0.8894631,static,23.921740158021823,-7.2111664246082565,16.83912610572083,-11.821085513920774,-0.08205000000000018,-1.01719353,1.7670272,0.40280326198574257,-0.11489279577003089,0.9080468725296419,23.83806285875279,-7.5210324642123965,8.44328150521692,8.450726348892115,8.214351581424298
05/05/2023 11:39:56.682585,553,True,True,True,True,Eyes,2.274608,0.00688052,-2.027297,0.0730299,-0.4211633,0.9040399,0.0,0.0,0.0,0.0,0.0,0.0,0.0,-1.325931,0.6706113,2.439418,2.097541,0.008618888,-1.938767,0.1591662,-0.1729138,-0.01071827,0.9719321,17.79973,339.1083,355.429,0.7482569,0.0029986,-0.6633995,0.0,0.0,0.0,2.005855,-1.001159,-0.1679643,0.5795999,-0.4007999,1.915,0.9399719,-0.07587893,0.332709,-0.03420921,0.9491025,0.3131042,-0.3395329,-0.3056909,0.8895338,static,23.845162108810044,-7.4758116791986975,16.83912884659031,-11.821085513920774,-0.09168600000000016,-1.009777888,1.7708027,0.4013856739518682,-0.11916676569542636,0.9081238104205868,23.770546171485574,-7.778020306123519,8.24228553261387,8.2441437863522,8.024395454260643
05/05/2023 11:39:56.692196,554,True,True,True,True,Eyes,2.266802,0.006803037,-2.023193,0.06728997,-0.4215754,0.9042932,0.0,0.0,0.0,0.0,0.0,0.0,0.0,-1.313283,0.6439276,2.442955,2.088504,0.008915663,-1.935317,0.1550154,-0.1740411,-0.01290245,0.9723752,17.27602,338.9829,355.2513,0.7480835,0.002924558,-0.6635951,0.0,0.0,0.0,1.988544,-0.9870136,-0.1571348,0.5795997,-0.4007999,1.915,0.9390864,-0.07905017,0.3344663,-0.02886607,0.9516075,0.3059575,-0.3424667,-0.2969753,0.8913597,static,23.715805506675032,-7.9258651845908865,16.839123364851268,-11.821085513920774,-0.09995999999999983,-0.9959292630000001,1.7781822,0.3989723073280339,-0.12644156164528164,0.9082034898567879,23.65657730318218,-8.215057458153792,7.908562696491886,7.903258738881242,7.712400180244944
05/05/2023 11:39:56.712833,555,True,True,True,True,Eyes,2.258956,0.006702066,-2.019133,0.06171327,-0.4219304,0.9045255,0.0,0.0,0.0,0.0,0.0,0.0,0.0,-1.301553,0.6320446,2.442187,2.079695,0.008335453,-1.931993,0.1529472,-0.174957,-0.0136728,0.9725277,17.02006,338.8837,355.194,0.7478808,0.002856006,-0.6638235,0.0,0.0,0.0,1.974701,-0.9805291,-0.1501611,0.5795997,-0.4008,1.915,0.9384062,-0.0801127,0.3361186,-0.026924,0.9528404,0.302275,-0.3444835,-0.2927064,0.8919944,static,23.524658072581655,-8.155461952984426,16.839123364851268,-11.821088380307142,-0.10499400000000003,-0.9888645530000001,1.7818319,0.39574201779320645,-0.13027835030916196,0.9090742417878682,23.476431540012257,-8.437183913748532,7.631768073944571,7.624512537398986,7.450145585883152
05/05/2023 11:39:56.732370,556,True,True,True,True,Eyes,2.25104,0.006583686,-2.015147,0.05617755,-0.4223407,0.9046947,0.0,0.0,0.0,0.0,0.0,0.0,0.0,-1.29007,0.6305908,2.438798,2.070917,0.007665161,-1.928965,0.1525328,-0.1757821,-0.01355488,0.9724457,16.9714,338.7913,355.2028,0.74765,0.002791608,-0.6640831,0.0,0.0,0.0,1.962799,-0.9796757,-0.1464756,0.5795998,-0.4008,1.915,0.9378338,-0.07998782,0.337742,-0.0272623,0.9531,0.3014251,-0.3460122,-0.2918943,0.8916689,static,23.293898866535997,-8.20971047119921,16.83912610572083,-11.821088380307142,-0.10811800000000016,-0.9873408610000001,1.7824894,0.39202070372844355,-0.13136672415914186,0.9105287671680311,23.252945269210407,-8.4884365995989,7.403225384006576,7.396360036947514,7.227976490927731
05/05/2023 11:39:56.742452,557,True,True,True,True,Eyes,2.243102,0.006475327,-2.011192,0.05079228,-0.4228978,0.9047527,0.0,0.0,0.0,0.0,0.0,0.0,0.0,-1.275999,0.6432905,2.43366,2.062429,0.007070415,-1.926404,0.154112,-0.177058,-0.01192058,0.9719867,17.17962,338.6468,355.3322,0.7473915,0.002730359,-0.6643735,0.0,0.0,0.0,1.951938,-0.9852695,-0.1468379,0.5795998,-0.4007999,1.915,0.9370167,-0.07774681,0.3405218,-0.03140023,0.9522148,0.3038109,-0.3478702,-0.2953683,0.8898,static,23.0699869680105,-8.073690717900318,16.83912610572083,-11.821085513920774,-0.1104909999999999,-0.9923399150000001,1.7795661,0.388560123786117,-0.1294107818809137,0.9122903774818724,23.031005538393,-8.354606660949985,7.274848913723018,7.270941812616463,7.096185351781781
05/05/2023 11:39:56.762460,558,True,True,True,True,Eyes,2.235088,0.00640579,-2.007283,0.0453397,-0.4236934,0.9046702,0.0,0.0,0.0,0.0,0.0,0.0,0.0,-1.260538,0.6606571,2.427327,2.053963,0.007238738,-1.923154,0.1566452,-0.178629,-0.009878845,0.9713169,17.50415,338.4629,355.4803,0.7471069,0.002672256,-0.664693,0.0,0.0,0.0,1.940748,-0.9933565,-0.1483888,0.5795997,-0.4007999,1.915,0.9359881,-0.07515372,0.3439158,-0.03677177,0.9507294,0.3078335,-0.3501057,-0.3007749,0.8871079,static,22.861572909249954,-7.848025973619598,16.839123364851268,-11.821085513920774,-0.11321500000000007,-1.000595238,1.7747652,0.3854098737950614,-0.12599718394686452,0.9141027815220918,22.821757172922226,-8.133656330842024,7.213259691940582,7.214922080355833,7.027733721598622
05/05/2023 11:39:56.782289,559,True,True,True,True,Eyes,2.227062,0.006322931,-2.003404,0.04005005,-0.4246448,0.9044738,0.0,0.0,0.0,0.0,0.0,0.0,0.0,-1.244957,0.672242,2.422624,2.045791,0.008031927,-1.919794,0.1588415,-0.1803766,-0.008949598,0.9706461,17.76593,338.2422,355.5025,0.746798,0.002618386,-0.6650409,0.0,0.0,0.0,1.927578,-1.000083,-0.1496162,0.5795998,-0.4007999,1.915,0.9347684,-0.07467633,0.3473205,-0.03992876,0.9493786,0.3115862,-0.3530068,-0.3051291,0.8844674,static,22.719490351450542,-7.648224841665123,16.83912610572083,-11.821085513920774,-0.1182129999999999,-1.008114927,1.7701778,0.3832906904779311,-0.12292620758936834,0.915411088877084,22.677867118622018,-7.938310762291256,7.202925158201439,7.210509680495148,7.011906758337996
05/05/2023 11:39:56.792306,560,True,True,True,True,Eyes,2.219291,0.006196835,-1.999489,0.03611126,-0.4276823,0.9032075,0.0,0.0,0.0,0.0,0.0,0.0,0.0,-1.233752,0.6850911,2.415188,2.037462,0.007667549,-1.916589,0.1615618,-0.1813088,-0.008515266,0.970027,18.08038,338.1046,355.4685,0.7464641,0.002567618,-0.6654164,0.0,0.0,0.0,1.916863,-1.010004,-0.1520489,0.5795998,-0.4008,1.915,0.9341092,-0.07510526,0.3489974,-0.0420651,0.9476505,0.3165265,-0.3545004,-0.310351,0.8820497,static,22.574668868676003,-7.515369375811399,16.83912610572083,-11.821088380307142,-0.12059900000000012,-1.017671549,1.7645401,0.3810700925659269,-0.12092336573257484,0.9166041048675431,22.53311151052573,-7.8080841096361215,7.1591398860412285,7.171866349240153,6.96603711349251
05/05/2023 11:39:56.812554,561,True,True,True,True,Eyes,2.211482,0.006101315,-1.995602,0.03227339,-0.4308661,0.9018386,0.0,0.0,0.0,0.0,0.0,0.0,0.0,-1.222013,0.707131,2.405507,2.029193,0.007475153,-1.91367,0.1658909,-0.1823061,-0.007373994,0.9691184,18.59323,337.9514,355.4749,0.7461122,0.002518261,-0.6658117,0.0,0.0,0.0,1.907363,-1.025155,-0.157927,0.5795998,-0.4007998,1.915,0.9334202,-0.07477839,0.3509057,-0.04619331,0.9448516,0.3242246,-0.3557989,-0.3188473,0.8784894,static,22.41968134158719,-7.212746223320173,16.83912610572083,-11.821082647534345,-0.12182999999999988,-1.032630153,1.755743,0.378804482723749,-0.1161972506511097,0.9181532503295833,22.373870061917863,-7.51260875555684,7.213193146964295,7.237358726724446,7.014010118221343
05/05/2023 11:39:56.832160,562,True,True,True,True,Eyes,2.203574,0.006035202,-1.991765,0.02843585,-0.4342557,0.9003407,0.0,0.0,0.0,0.0,0.0,0.0,0.0,-1.208749,0.7251168,2.396935,2.020479,0.008165233,-1.910436,0.1697577,-0.1835565,-0.006575024,0.968218,19.04503,337.766,355.446,0.7457451,0.002471504,-0.6662232,0.0,0.0,0.0,1.895894,-1.037886,-0.1628496,0.5795999,-0.4008,1.915,0.9325276,-0.07505235,0.353213,-0.04958813,0.9422781,0.3311387,-0.3576776,-0.3263111,0.8749787,static,22.304510207216467,-6.974515915692658,16.83912884659031,-11.821088380307142,-0.12458499999999995,-1.046051233,1.7475864,0.3771212600392083,-0.11246210367397941,0.9193105117901488,22.255177982250927,-7.2800506659693385,7.270316985995923,7.3047695426918935,7.067857650160225
05/05/2023 11:39:56.842333,563,True,True,True,True,Eyes,2.19563,0.005951201,-1.987966,0.02459643,-0.437595,0.8988357,0.0,0.0,0.0,0.0,0.0,0.0,0.0,-1.19251,0.7322319,2.393057,2.011761,0.008752134,-1.907277,0.1715561,-0.1854188,-0.006495156,0.9675465,19.24258,337.5179,355.3714,0.7453579,0.002427573,-0.6666567,0.0,0.0,0.0,1.880545,-1.043704,-0.1640271,0.5795998,-0.4007999,1.915,0.9311553,-0.07618821,0.3565741,-0.05105075,0.9410526,0.3343857,-0.3610312,-0.3295684,0.8723767,static,22.281103922371287,-6.975581692221205,16.83912610572083,-11.821085513920774,-0.131216,-1.052456134,1.7432499,0.37674414048460153,-0.11249784203835167,0.9194607507313556,22.23238981868127,-7.280932432141664,7.251776818374019,7.286565023591075,7.049842798497296
05/05/2023 11:39:56.867217,564,True,True,True,True,Eyes,1.997463,0.003373027,-1.892893,-0.07641291,-0.5154195,0.8535243,0.0,0.0,0.0,0.0,0.0,0.0,0.0,-1.174289,0.7388238,2.39037,2.003006,0.008257721,-1.904359,0.1727962,-0.1876324,-0.006218952,0.9669007,19.37927,337.2374,355.3259,0.7449538,0.002385864,-0.6671088,0.0,0.0,0.0,1.863958,-1.048566,-0.1643613,0.5795997,-0.4007999,1.915,0.9295107,-0.07687058,0.3606946,-0.05281815,0.9402056,0.3364874,-0.3649931,-0.3318199,0.8698711,static,16.366076494289246,-11.60748717213105,16.839123364851268,-11.821085513920774,-0.13904800000000006,-1.0568237210000002,1.7399977,0.2764555094778969,-0.19336426285620498,0.9413726879481903,16.591153901233188,-11.74847831806731,0.4970993257766198,0.5190352525251468,0.2583808425110921
05/05/2023 11:39:56.883275,565,True,True,True,True,Eyes,1.997095,0.00337511,-1.892764,-0.07659999,-0.515443,0.8534933,2.024796,1.841995,-1.040292,-0.1646142,-0.333431,0.9423567,0.02806461,0.5740155,-0.3870754,1.912467,1.994144,0.007796228,-1.901052,0.1744078,-0.1901984,-0.005255653,0.9661154,19.57235,336.9216,355.343,0.7424695,0.00223903,-0.6698733,-0.5945005,-0.007734523,0.2852186,1.847011,-1.054456,-0.1650295,0.5795998,-0.4007999,1.915,0.9275939,-0.07649929,0.3656739,-0.05618903,0.9391086,0.3389954,-0.3693404,-0.3349968,0.8668129,static,16.601017135291723,-11.442577530146206,16.83912610572083,-11.821085513920774,-0.14713299999999996,-1.062252228,1.7360225,0.28047758058536343,-0.19042263898403033,0.9407823357255543,16.815733638962147,-11.589581830318078,0.4209312896017546,0.44717354078690524,0.23268253699552394
05/05/2023 11:39:56.892292,566,True,True,True,True,Eyes,1.996348,0.003352399,-1.892518,-0.07709545,-0.5153052,0.853532,2.027839,1.840011,-1.041604,-0.1616919,-0.4661386,0.8561831,0.2228574,0.5899683,-0.3877887,1.90741,1.984975,0.007850498,-1.897862,0.1747903,-0.1929982,-0.004432189,0.9654949,19.62165,336.5906,355.3704,0.7404136,0.00211682,-0.6721455,-0.5588305,-0.007270451,0.2681055,1.828341,-1.05558,-0.1633928,0.5795997,-0.4008,1.915,0.9254641,-0.07602693,0.3711281,-0.0589099,0.9388574,0.3392291,-0.374227,-0.3358075,0.8644001,static,16.849681790477923,-11.414017890433922,16.839123364851268,-11.821088380307142,-0.15663399999999994,-1.063430498,1.7344692,0.28459775587732195,-0.18971353266418864,0.9396876744192236,17.05736687897392,-11.563442757824948,0.3916791438359459,0.40720739688436053,0.33765588731849633
05/05/2023 11:39:56.912103,567,True,True,True,True,Eyes,1.995265,0.003282062,-1.892156,-0.07773204,-0.5151752,0.8535527,0.0,0.0,0.0,0.0,0.0,0.0,0.0,-1.109822,0.7527592,2.386532,1.97599,0.007120721,-1.894545,0.1737852,-0.195864,-0.003443266,0.9651033,19.51736,336.2733,355.4529,0.7387024,0.002013851,-0.6740263,-0.5253007,-0.006834224,0.2520191,1.809455,-1.052557,-0.1587018,0.5795999,-0.4007999,1.915,0.9232509,-0.07472274,0.3768612,-0.06143031,0.9395736,0.3367901,-0.3792548,-0.3340924,0.8628721,static,17.088937311887875,-11.555274120204123,16.83912884659031,-11.821085513920774,-0.16653499999999988,-1.059677721,1.7358432,0.28839994505396893,-0.1918018866837636,0.9381031267255789,17.29440500389896,-11.702469456090832,0.3643652656069939,0.3647738564698871,0.4704743867511241
05/05/2023 11:39:56.932125,568,True,True,True,True,Eyes,1.993779,0.003184537,-1.891701,-0.07857253,-0.5150362,0.8535597,0.0,0.0,0.0,0.0,0.0,0.0,0.0,-1.087354,0.7601873,2.384535,1.966884,0.005899131,-1.891444,0.1739387,-0.1986711,-0.001592227,0.9645065,19.56629,335.9638,355.6064,0.7372687,0.001924887,-0.6755946,-0.4937826,-0.00642417,0.236898,1.792233,-1.053813,-0.1564202,0.5795997,-0.4008,1.915,0.9210545,-0.07218461,0.3826851,-0.06604175,0.9394855,0.3361627,-0.383793,-0.3348974,0.8605502,static,17.275280857624775,-11.563131607331846,16.839123364851268,-11.821088380307142,-0.1746510000000001,-1.0597121310000002,1.7350238,0.29145272454082644,-0.19174517366247074,0.9371708430056971,17.476268005599422,-11.711350395241055,0.5075184789351711,0.5067297654828463,0.6465258839369535
05/05/2023 11:39:56.943419,569,True,True,True,True,Eyes,1.991978,0.003048835,-1.891128,-0.07955346,-0.514908,0.8535461,0.0,0.0,0.0,0.0,0.0,0.0,0.0,-1.065491,0.7702922,2.380884,1.957719,0.004995279,-1.888,0.1748447,-0.2013889,0.0002695521,0.96378,19.70225,335.6552,355.7418,0.7360561,0.001846299,-0.6769159,-0.4641557,-0.00603872,0.2226841,1.775537,-1.057424,-0.1554068,0.5795997,-0.4008,1.915,0.9188849,-0.06990396,0.3882834,-0.07094312,0.9388586,0.336915,-0.3880949,-0.3371322,0.8577437,static,17.444656696812537,-11.479911726511034,16.839123364851268,-11.821088380307142,-0.18218200000000007,-1.062419279,1.7325932,0.2943114280438567,-0.19020947448430195,0.9365901373740665,17.63913573613602,-11.631501969052074,0.69602059468507,0.6950339022030689,0.8221695698219597
05/05/2023 11:39:56.962560,570,True,True,True,True,Eyes,1.989829,0.002885876,-1.890462,-0.08069564,-0.5148133,0.853496,0.0,0.0,0.0,0.0,0.0,0.0,0.0,-1.042703,0.7764282,2.378638,1.948382,0.003941223,-1.884617,0.174989,-0.2042707,0.00186761,0.9631454,19.74549,335.3313,355.8634,0.7349815,0.001772686,-0.6780829,-0.4363063,-0.005676397,0.2093231,1.757433,-1.058629,-0.153062,0.5796,-0.4008,1.915,0.91654,-0.0678927,0.3941383,-0.07508782,0.9387507,0.3363167,-0.3928311,-0.3378427,0.8553047,static,17.63276998657357,-11.489544155704577,16.839131587459715,-11.821088380307142,-0.19094900000000004,-1.062570223,1.731555,0.29738673842053237,-0.19017720770177282,0.9356247643528117,17.8227717582504,-11.642121634851774,0.8597510434333775,0.8601066686262354,0.9997885184237795
05/05/2023 11:39:56.982194,571,True,True,True,True,Eyes,1.987382,0.002708048,-1.889667,-0.08199877,-0.5147177,0.8534295,0.0,0.0,0.0,0.0,0.0,0.0,0.0,-1.018052,0.7866834,2.375697,1.93912,0.00304421,-1.881235,0.175861,-0.2075048,0.003827247,0.962289,19.87971,334.9611,355.9989,0.7339882,0.00170059,-0.6791582,-0.4101279,-0.005335813,0.1967637,1.738799,-1.062174,-0.1523674,0.5796,-0.4007999,1.915,0.9138542,-0.06561816,0.4007053,-0.08034984,0.9381165,0.3368698,-0.3980131,-0.3400466,0.8520293,static,17.837689226059585,-11.417130512838403,16.839131587459715,-11.821085513920774,-0.20032099999999997,-1.06521821,1.7288676,0.3008135956638444,-0.1887819407594516,0.9348115210842971,18.020579131503055,-11.57302321231118,1.076544028834716,1.077170831625888,1.207208848876569
05/05/2023 11:39:56.992205,572,True,True,True,True,Eyes,1.98465,0.002502333,-1.88875,-0.08354115,-0.5144243,0.8534568,0.0,0.0,0.0,0.0,0.0,0.0,0.0,-0.9920495,0.7927729,2.373803,1.92955,0.002507515,-1.877344,0.1758539,-0.2109567,0.005854579,0.9615293,19.91632,334.5769,356.1617,0.7330654,0.001629311,-0.6801543,-0.3855202,-0.005015665,0.1849579,1.718835,-1.062293,-0.1494553,0.5796,-0.4007999,1.915,0.910926,-0.0629364,0.4077412,-0.08545379,0.9380823,0.3357071,-0.403623,-0.3406474,0.8491454,static,18.049907576280187,-11.439025711240532,16.839131587459715,-11.821085513920774,-0.2107150000000002,-1.064800515,1.7278886999999998,0.3042656403533465,-0.18892184517946187,0.9336653309159592,18.228043744286484,-11.595734210955104,1.2661594457843193,1.2696252155373484,1.4070750474404392
05/05/2023 11:39:57.016510,573,True,True,True,True,Eyes,1.981634,0.002247543,-1.887719,-0.08523681,-0.5141659,0.8534449,0.0,0.0,0.0,0.0,0.0,0.0,0.0,-0.9663405,0.7905768,2.374426,1.920084,0.001597438,-1.8735,0.1744133,-0.2144535,0.00706496,0.9610097,19.77065,334.1903,356.2695,0.7322034,0.001557742,-0.6810824,-0.362389,-0.004714725,0.1738604,1.697127,-1.058026,-0.1439654,0.5796,-0.4008,1.915,0.9079195,-0.0612281,0.4146483,-0.08838608,0.9390602,0.3321955,-0.4097194,-0.3382559,0.8471794,static,18.288261796702454,-11.629742807144535,16.839131587459715,-11.821088380307142,-0.22295699999999985,-1.0596234379999998,1.7295346,0.3079727062293034,-0.19178834189787983,0.9318637926047225,18.465536394189115,-11.782879576189057,1.4470620571215083,1.4617084154197209,1.6268535607314607
05/05/2023 11:39:57.032227,574,True,True,True,True,Eyes,1.978336,0.001955185,-1.886568,-0.0871564,-0.5139333,0.8533911,0.0,0.0,0.0,0.0,0.0,0.0,0.0,-0.941623,0.7962492,2.371597,1.910299,0.0001691282,-1.869732,0.1747256,-0.2177438,0.008294208,0.9602031,19.82547,333.8054,356.3333,0.7313933,0.001484108,-0.6819524,-0.3406457,-0.004431841,0.1634288,1.676521,-1.060458,-0.1422425,0.5796,-0.4008,1.915,0.9050376,-0.06016259,0.4210549,-0.09201908,0.9388043,0.3319321,-0.4152581,-0.3391561,0.8441172,moving,18.494654701938092,-11.606921190287924,16.839131587459715,-11.821088380307142,-0.23377800000000004,-1.0606271282,1.7274895,0.31136421411708903,-0.19119492058419296,0.9308581379453645,18.66611699015038,-11.762043186583458,1.6525348387835874,1.6693185339691508,1.8279392759461768
05/05/2023 11:39:57.042008,575,True,True,True,True,Eyes,1.974772,0.001629138,-1.885316,-0.08927058,-0.5137305,0.8532946,0.0,0.0,0.0,0.0,0.0,0.0,0.0,-0.915319,0.803584,2.368248,1.900406,-0.001029171,-1.86564,0.175376,-0.2213412,0.009705035,0.9592484,19.92285,333.3812,356.401,0.7306274,0.001407242,-0.6827731,-0.3202069,-0.004165931,0.153623,1.654746,-1.061249,-0.1401913,0.5796002,-0.3980278,1.915,0.9018278,-0.05901681,0.4280464,-0.09625497,0.938298,0.3321621,-0.4212383,-0.3407546,0.8405026,moving,18.717829312119434,-11.548877747092432,16.839137069198276,-11.741603397445104,-0.24566,-1.060219829,1.7254487,0.3150616153342245,-0.19000767081069336,0.9298565486401815,18.882107367783323,-11.707047801616397,1.8674624536934714,1.8885517519824526,2.043262521093105
05/05/2023 11:39:57.062325,576,True,True,True,True,Eyes,1.970972,0.001264699,-1.883949,-0.0915995,-0.5136278,0.8531097,0.0,0.0,0.0,0.0,0.0,0.0,0.0,-0.8855258,0.8102577,2.366477,1.890509,-0.002160314,-1.861949,0.1756178,-0.2255432,0.01143235,0.9582057,19.98126,332.8935,356.5039,0.7298984,0.001326207,-0.6835526,-0.3009945,-0.003915975,0.1444057,1.630941,-1.060694,-0.1380996,0.5796001,-0.3954319,1.915,0.8979991,-0.05730972,0.436249,-0.1011279,0.9380554,0.3313989,-0.4282182,-0.3417129,0.8365773,moving,18.981442216859875,-11.55552831663554,16.839134328329035,-11.667131730931693,-0.259568,-1.058533686,1.7238494000000002,0.31934776593205766,-0.18982844324130727,0.9284300254181603,19.139261473496155,-11.71526683685193,2.11581504466141,2.1452129058310336,2.3006307553270258
05/05/2023 11:39:57.082114,577,True,True,True,True,Eyes,1.966918,0.0008687086,-1.882471,-0.09413687,-0.5136224,0.8528366,0.0,0.0,0.0,0.0,0.0,0.0,0.0,-0.8547044,0.8188438,2.363904,1.880629,-0.003408253,-1.858034,0.1762786,-0.229978,0.01321226,0.9570065,20.08883,332.3716,356.5943,0.7292004,0.001239983,-0.6842972,-0.2829348,-0.003681016,0.1357413,1.606478,-1.061808,-0.1369497,0.5796002,-0.3928581,1.915,0.8938711,-0.05579197,0.444839,-0.1063688,0.9375026,0.3313225,-0.4355228,-0.3434766,0.832072,moving,19.258193325823974,-11.520015523492308,16.839137069198276,-11.593254585254872,-0.27415100000000003,-1.0583997470000002,1.7210843,0.32388470581195294,-0.1889451749224551,0.9270374342977445,19.408086510536517,-11.682548709473696,2.3845483632754054,2.4201646912736736,2.570500860293975
05/05/2023 11:39:57.092138,578,True,True,True,True,Eyes,1.962622,0.0004490356,-1.880884,-0.09692947,-0.5136705,0.8524947,0.0,0.0,0.0,0.0,0.0,0.0,0.0,-0.8218367,0.8302394,2.360292,1.870528,-0.004545309,-1.85386,0.1775144,-0.2347835,0.01520768,0.9555805,20.26725,331.7989,356.6822,0.7285277,0.001147865,-0.6850135,-0.2659588,-0.003460155,0.1275968,1.580882,-1.064739,-0.1370421,0.5796002,-0.3901401,1.915,0.8892908,-0.05429058,0.4541083,-0.1124192,0.9365147,0.3321175,-0.44331,-0.3463995,0.8267307,moving,19.55554625720629,-11.422791381133619,16.839137069198276,-11.515195942978245,-0.28964600000000007,-1.060193691,1.7168179000000001,0.32881382995161074,-0.1870347877316706,0.9256885932448037,19.69533127381797,-11.589923031016863,2.6793989888346976,2.7179804045916263,2.8571715860602174
05/05/2023 11:39:57.112061,579,True,True,True,True,Eyes,1.958096,-8.093484e-07,-1.87918,-0.09995618,-0.513755,0.8520943,0.0,0.0,0.0,0.0,0.0,0.0,0.0,-0.7879358,0.8396266,2.357363,1.860613,-0.005523708,-1.849612,0.178434,-0.2398514,0.01705289,0.9541184,20.40627,331.1939,356.7549,0.7278759,0.001049595,-0.6857062,-0.2500012,-0.003252546,0.119941,1.55411,-1.066365,-0.1367763,0.5796002,-0.3872647,1.915,0.884361,-0.05305433,0.4637789,-0.1181362,0.935741,0.332314,-0.4516076,-0.3486747,0.8212652,moving,19.874467272851437,-11.366940500539078,16.839137069198276,-11.432569718207391,-0.30650299999999997,-1.060841292,1.7128357,0.3340428916325051,-0.18577034204393678,0.9240697271333782,20.004716157218837,-11.537695912434508,2.991583356124933,3.0360396307395083,3.167324182843582
05/05/2023 11:39:57.122586,580,True,True,True,True,Eyes,1.953319,-0.0004653884,-1.877375,-0.1031201,-0.5138375,0.8516674,0.0,0.0,0.0,0.0,0.0,0.0,0.0,-0.753518,0.846189,2.354874,1.850645,-0.006692532,-1.845081,0.1787932,-0.2450563,0.01876266,0.9526953,20.47916,330.5761,356.8254,0.7272415,0.0009447229,-0.6863794,-0.2350011,-0.003057393,0.1127446,1.52638,-1.066674,-0.1355442,0.5796002,-0.3847902,1.915,0.8791908,-0.05187859,0.4736373,-0.123379,0.9353619,0.3314751,-0.4602187,-0.3498667,0.8159608,moving,20.204796983139484,-11.379379566461902,16.839137069198276,-11.361424962722081,-0.324265,-1.059981468,1.7095368,0.33937634662437105,-0.18559465246863915,0.9221596456037098,20.327063087032403,-11.551989492657103,3.311601141823906,3.36570780432678,3.4931279315183383
05/05/2023 11:39:57.142294,581,True,True,True,True,Eyes,1.948324,-0.0009704919,-1.875449,-0.1065345,-0.5138601,0.8512333,0.0,0.0,0.0,0.0,0.0,0.0,0.0,-0.7193758,0.8491528,2.353073,1.840726,-0.007558048,-1.840431,0.17873,-0.2503045,0.01996741,0.9513174,20.4906,329.948,356.8494,0.7266185,0.0008331035,-0.6870391,-0.2209011,-0.00287395,0.1059799,1.497616,-1.06515,-0.1336944,0.5796001,-0.3821168,1.915,0.8738979,-0.0514832,0.4833757,-0.1274645,0.9353138,0.330062,-0.4691006,-0.3500538,0.8108064,moving,20.545416393224183,-11.434035637062385,16.839134328329035,-11.284521689872262,-0.34311,-1.0575919520000001,1.7067366,0.34482015969668284,-0.18608133278218797,0.9200395253182923,20.660578495817546,-11.607427789280248,3.6420617989120383,3.709296586277217,3.8350624342071464
05/05/2023 11:39:57.162520,582,True,True,True,True,Eyes,1.943099,-0.001492932,-1.873416,-0.1100847,-0.5138206,0.8508054,0.0,0.0,0.0,0.0,0.0,0.0,0.0,-0.685867,0.847253,2.352066,1.830568,-0.009049214,-1.835593,0.1776581,-0.2554583,0.02083494,0.9501288,20.37977,329.3392,356.8704,0.7260048,0.0007139561,-0.6876878,-0.207647,-0.002701513,0.09962109,1.468048,-1.060761,-0.1298308,0.5796002,-0.3794502,1.915,0.868614,-0.05117674,0.4928395,-0.1303602,0.936007,0.3269513,-0.4780335,-0.3482411,0.8063573,moving,20.87730294696731,-11.603520351931392,16.839137069198276,-11.207772968224196,-0.36251999999999995,-1.051711786,1.7057622000000001,0.3499850344892498,-0.18841719499215218,0.9176107644815735,20.988675954074065,-11.77453463709907,3.96848526645405,4.05751150929843,4.188065394236584
05/05/2023 11:39:57.182379,583,True,True,True,True,Eyes,1.937676,-0.002033086,-1.871264,-0.1139159,-0.5136377,0.8504114,0.0,0.0,0.0,0.0,0.0,0.0,0.0,-0.6519815,0.8449346,2.350933,1.820611,-0.01005123,-1.830616,0.1766621,-0.2607585,0.02162226,0.9488561,20.27524,328.7089,356.8773,0.7253971,0.0005873612,-0.688329,-0.1951882,-0.002539422,0.09364383,1.438022,-1.05616,-0.1263897,0.5795997,-0.3767554,1.915,0.8630749,-0.05109947,0.5024843,-0.1331652,0.9366459,0.3239775,-0.487205,-0.3465302,0.801591,moving,21.21494308500669,-11.753393470812695,16.839123364851268,-11.130171197538596,-0.38258900000000007,-1.04610877,1.7042263,0.3552470274660644,-0.19041291138222963,0.9151735032437994,21.321853519338003,-11.922597865447209,4.3093408726886,4.41997785347461,4.552231283882379
05/05/2023 11:39:57.192185,584,True,True,True,True,Eyes,1.932049,-0.002607093,-1.869017,-0.1178978,-0.5133649,0.8500334,0.0,0.0,0.0,0.0,0.0,0.0,0.0,-0.6179886,0.8351696,2.351873,1.810491,-0.01104869,-1.825575,0.1742616,-0.2661293,0.02188008,0.9478024,19.99736,328.0804,356.872,0.7247928,0.0004532289,-0.6889653,-0.1834769,-0.002387057,0.0880252,1.406152,-1.046464,-0.1204744,0.5796,-0.3738753,1.915,0.8573929,-0.05127623,0.5121017,-0.1342282,0.9383084,0.3186851,-0.4968503,-0.3419769,0.7976161,moving,21.56750126567057,-12.065825722504963,16.839131587459715,-11.047187631606517,-0.404339,-1.03541531,1.7051006,0.360542215210802,-0.19497623451369345,0.9121369260906823,21.673954969220382,-12.228927498496693,4.689292882913014,4.836848496082242,4.977150414224717
05/05/2023 11:39:57.212556,585,True,True,True,True,Eyes,1.926235,-0.003204344,-1.866668,-0.1221366,-0.5130371,0.8496326,0.0,0.0,0.0,0.0,0.0,0.0,0.0,-0.5821678,0.8285202,2.352019,1.800566,-0.01249442,-1.820758,0.1721277,-0.2718022,0.02273364,0.9465616,19.76828,327.4211,356.922,0.7241898,0.0003110299,-0.6895992,-0.1724683,-0.002243833,0.08274368,1.374275,-1.038446,-0.1158318,0.5795999,-0.3713672,1.915,0.8512135,-0.05053177,0.5223812,-0.1366069,0.9397105,0.3135008,-0.5067289,-0.338217,0.7929913,moving,21.91696750895521,-12.350064825217185,16.83912884659031,-10.974884142669577,-0.4262910000000002,-1.02595158,1.7049262,0.3657924547228699,-0.19906111622581218,0.9091592391289223,22.02228244348351,-12.50780513751084,5.077385360806934,5.260757302010792,5.405083531770072
05/05/2023 11:39:57.232131,586,True,True,True,True,Eyes,1.776181,-0.01520742,-1.805403,-0.2318747,-0.5057828,0.8309138,0.0,0.0,0.0,0.0,0.0,0.0,0.0,-0.5446107,0.8270008,2.350004,1.790327,-0.01366181,-1.815927,0.1708661,-0.2776803,0.02433635,0.9450431,19.66177,326.7356,357.0238,0.723586,0.0001605156,-0.6902331,-0.1621202,-0.002109203,0.07777906,1.342666,-1.033089,-0.1131399,0.5795999,-0.3687202,1.915,0.8446028,-0.04889452,0.5331562,-0.1408901,0.940425,0.3094362,-0.5165231,-0.3364671,0.7873968,moving,16.06433448832421,-11.13629503055302,16.83912884659031,-10.898538048457118,-0.4476610000000001,-1.0194271899999998,1.7027871,0.2718946913136588,-0.18586723655059395,0.9442068139549015,16.284309928413823,-11.2880147970319,0.8080614405395263,0.810453379372514,0.6778762200040003
05/05/2023 11:39:57.242307,587,True,True,True,True,Eyes,1.775744,-0.01494754,-1.805143,-0.2324099,-0.5057564,0.8307804,2.015589,1.307301,-1.034345,-0.1306314,-0.1596515,-0.128697,-0.9787485,0.5696614,-0.3720694,1.905452,1.779728,-0.01129824,-1.811074,0.1718769,-0.2841543,0.02607392,0.9428865,19.81224,325.9417,357.0444,0.7205762,-0.0006525267,-0.6933745,-0.6025535,-0.03799187,0.2569051,1.309708,-1.032418,-0.1159166,0.5796,-0.3660612,1.915,0.837153,-0.04850964,0.5448135,-0.1468486,0.939557,0.3093028,-0.5268875,-0.3389388,0.7794293,moving,16.708682856211677,-11.064722836886855,16.839131587459715,-10.821806382588342,-0.4700199999999999,-1.0211197600000002,1.6951574,0.2825917365535412,-0.1840952286516108,0.941408958955934,16.910503816917913,-11.222649143602654,0.2724077618800471,0.2757268127208236,0.407147288085541
05/05/2023 11:39:57.262185,588,True,True,True,True,Eyes,1.774943,-0.01476686,-1.804637,-0.2333713,-0.5051313,0.8308913,0.0,0.0,0.0,0.0,0.0,0.0,0.0,-0.4696117,0.8147463,2.345399,1.768883,-0.004823737,-1.804515,0.1712739,-0.2901408,0.02303703,0.9412508,19.62066,325.1464,356.5904,0.7181159,-0.001310503,-0.6959213,-0.5664003,-0.03571236,0.2414908,1.271303,-1.021926,-0.1154144,0.5795998,-0.3632922,1.915,0.8305752,-0.05601985,0.5540818,-0.1427543,0.9402691,0.3090554,-0.5382992,-0.3357913,0.7729672,moving,17.458625828518294,-11.154378565211484,16.83912610572083,-10.741858633795854,-0.4975799999999999,-1.017102263,1.6891006000000002,0.29484660039904187,-0.18485318478220436,0.9374939619155278,17.64397893911027,-11.314855964793917,0.7082378909729908,0.7442799207027495,0.9879848302205422
05/05/2023 11:39:57.282126,589,True,True,True,True,Eyes,1.773795,-0.01463891,-1.80405,-0.2344882,-0.5049027,0.8307158,0.0,0.0,0.0,0.0,0.0,0.0,0.0,-0.4495562,0.763043,2.354468,1.758457,-0.006612256,-1.798788,0.1623371,-0.2936238,0.0173175,0.9418769,18.41954,324.7563,356.2102,0.7160985,-0.001845287,-0.6979957,-0.5324163,-0.03356962,0.2270014,1.235465,-0.989454,-0.09769469,0.5796,-0.3606312,1.915,0.8269703,-0.06271014,0.5587375,-0.127954,0.9466935,0.2956334,-0.5474924,-0.3159727,0.7748635,moving,17.955602640472552,-12.257361169744472,16.839131587459715,-10.66498920064245,-0.5229919999999999,-0.9828417439999999,1.70109331,0.30189967140520596,-0.20239711176389802,0.9316073155204561,18.15817029334294,-12.391336347493148,1.825378985058295,1.9447766196140481,2.1725877609564224
05/05/2023 11:39:57.292335,590,True,True,True,True,Eyes,1.772251,-0.01434809,-1.803262,-0.2356969,-0.5051475,0.8302246,0.0,0.0,0.0,0.0,0.0,0.0,0.0,-0.4212278,0.7909462,2.341474,1.749007,-0.007670335,-1.79623,0.1675199,-0.2977159,0.01974213,0.9396344,19.06071,324.2009,356.1996,0.7144344,-0.002281811,-0.6996977,-0.5004713,-0.03155544,0.2133813,1.215634,-1.006891,-0.1085331,0.5796001,-0.3578954,1.915,0.821951,-0.0626459,0.5661026,-0.1368474,0.9430947,0.3030598,-0.5528738,-0.32657,0.7666046,moving,18.287019381591026,-11.675680086771145,16.839134328329035,-10.585918474387004,-0.5333729999999999,-0.999220665,1.6876969,0.30790630467498026,-0.19253973937991042,0.9317306843567698,18.46556342261148,-11.8275675868894,1.7162580359402733,1.812167624499887,2.046207251796945
05/05/2023 11:39:57.312317,591,True,True,True,True,Eyes,1.770339,-0.01400468,-1.802342,-0.2373905,-0.5049171,0.8298823,0.0,0.0,0.0,0.0,0.0,0.0,0.0,-0.3942728,0.8000717,2.330338,1.737486,-0.003370102,-1.790858,0.1714082,-0.301883,0.01904218,0.9376158,19.44653,323.5995,355.8779,0.7130519,-0.00263173,-0.7011054,-0.470443,-0.02966211,0.2005784,1.188895,-1.014341,-0.1156386,0.5796,-0.3552621,1.915,0.8170081,-0.06778192,0.5726285,-0.1391989,0.9405133,0.309933,-0.5595725,-0.332927,0.7589718,moving,18.723842912334376,-11.219333680735401,16.839131587459715,-10.50977168005033,-0.548591,-1.0109708979999998,1.6752194,0.31548850868231,-0.18462879672744936,0.930795019069363,18.879087261154528,-11.38644649318678,1.9399283402959266,2.013855757229649,2.2203553496293083
05/05/2023 11:39:57.332112,592,True,True,True,True,Eyes,1.768097,-0.01355261,-1.801289,-0.2391537,-0.5050646,0.829286,0.0,0.0,0.0,0.0,0.0,0.0,0.0,-0.3637768,0.7610905,2.337311,1.726846,-0.001862757,-1.786788,0.1646014,-0.3068818,0.01567617,0.9372749,18.55259,323.0329,355.6662,0.7118302,-0.002922871,-0.7023445,-0.4422164,-0.02788239,0.1885437,1.151238,-0.9860989,-0.1052689,0.5796,-0.3526933,1.915,0.8111557,-0.07164054,0.5804257,-0.1304121,0.9453213,0.2989319,-0.5701045,-0.3181749,0.75746,moving,19.274261740896744,-12.100920488396053,16.839131587459715,-10.435453824075095,-0.5756080000000001,-0.984236143,1.6815191,0.32353126579103725,-0.19835961352240503,0.9251924102432645,19.439407572673773,-12.247866649853165,2.7944573046393013,2.95019288761644,3.169586006141147
05/05/2023 11:39:57.343216,593,True,True,True,True,Eyes,1.765496,-0.01301093,-1.80007,-0.2411621,-0.5049198,0.8287925,0.0,0.0,0.0,0.0,0.0,0.0,0.0,-0.3353879,0.7719735,2.327167,1.716533,0.001277786,-1.782596,0.1680338,-0.3113112,0.01587045,0.9351994,18.9154,322.4194,355.4565,0.7107049,-0.00316749,-0.7034821,-0.4156834,-0.02620944,0.1772311,1.125665,-0.9930375,-0.1128961,0.5795999,-0.3500361,1.915,0.805667,-0.07493756,0.5876096,-0.1343057,0.9430255,0.304409,-0.5769426,-0.3241716,0.7497,moving,19.68073255375883,-11.705111200491912,16.83912884659031,-10.358541094331308,-0.5908680000000002,-0.994315286,1.6696999000000001,0.33054768751975744,-0.19147093895392397,0.9241630141788535,19.824974678109676,-11.86544593629924,3.008475689606019,3.1445131068894048,3.3445534129907353
05/05/2023 11:39:57.363114,594,True,True,True,True,Eyes,1.762599,-0.01244592,-1.798781,-0.2431931,-0.5047665,0.8282922,0.0,0.0,0.0,0.0,0.0,0.0,0.0,-0.3135698,0.7465878,2.326343,1.705389,0.003910191,-1.777421,0.1638564,-0.3144617,0.0144725,0.9349093,18.39003,322.0748,355.4067,0.7096623,-0.003366773,-0.7045328,-0.3907425,-0.02463688,0.1665972,1.098393,-0.9727772,-0.1036812,0.5795997,-0.3472847,1.915,0.8018088,-0.0759922,0.5927292,-0.1301141,0.9458832,0.2972797,-0.5832435,-0.3154839,0.7485299,moving,19.94880926875426,-12.225351569651709,16.839123364851268,-10.278861951710054,-0.6069960000000001,-0.976687391,1.6737397999999999,0.3343169209821005,-0.1995728982801907,0.9210879038440322,20.100323096104397,-12.373409360728216,3.479889454676598,3.6686466515170983,3.8758937725059206
05/05/2023 11:39:57.381966,595,True,True,True,True,Eyes,1.759407,-0.01188033,-1.797426,-0.2452332,-0.5048082,0.827665,0.0,0.0,0.0,0.0,0.0,0.0,0.0,-0.2936397,0.7382403,2.322044,1.695395,0.005021937,-1.774463,0.162124,-0.3169886,0.01524437,0.9343456,18.21746,321.8001,355.5139,0.70869,-0.003524314,-0.7055101,-0.3672979,-0.02315866,0.1566014,1.078596,-0.9630815,-0.0998661,0.5795998,-0.3446434,1.915,0.7985717,-0.07429592,0.5972968,-0.1312699,0.9469668,0.2932951,-0.5874109,-0.3126243,0.746468,moving,20.07090235547986,-12.45270510082479,16.83912610572083,-10.202333417039238,-0.6167989999999999,-0.968103437,1.6745968999999998,0.3360304864882504,-0.20309479649341655,0.9196934321730517,20.225469661712513,-12.595430420680275,3.723062092011143,3.9380896947238715,4.146593294264836
05/05/2023 11:39:57.392634,596,True,True,True,True,Eyes,1.755888,-0.01128051,-1.796041,-0.2476273,-0.504489,0.8271466,0.0,0.0,0.0,0.0,0.0,0.0,0.0,-0.2686492,0.7560056,2.309601,1.685164,0.005641755,-1.771486,0.1646697,-0.3201358,0.019649,0.9327438,18.64901,321.4298,355.8372,0.7077768,-0.003644203,-0.7064258,-0.3452601,-0.02176914,0.1472053,1.062803,-0.9694941,-0.1036421,0.5795999,-0.3417078,1.915,0.7942541,-0.06877837,0.6036804,-0.1420883,0.9449956,0.2946086,-0.5907381,-0.31977,0.7407939,moving,20.130271999852397,-12.133616537819279,16.83912884659031,-10.117234709198309,-0.6223610000000002,-0.975135855,1.6678438999999998,0.33735121085220904,-0.19787049634423653,0.9203484970003936,20.274743846905842,-12.285355980310106,3.664417513829985,3.8597174681648347,4.062536187733044
05/05/2023 11:39:57.412507,597,True,True,True,True,Eyes,1.752109,-0.01067959,-1.794616,-0.2501901,-0.5040858,0.8266212,0.0,0.0,0.0,0.0,0.0,0.0,0.0,-0.2390078,0.7503352,2.304974,1.674745,0.006952565,-1.768675,0.1621848,-0.3240995,0.02346045,0.9317217,18.50752,321.0344,356.2869,0.7069104,-0.00372889,-0.7072925,-0.3245445,-0.020463,0.138373,1.04048,-0.9576398,-0.09966692,0.5795999,-0.3393475,1.915,0.7888183,-0.06141081,0.611551,-0.1488452,0.9462914,0.2870151,-0.5963312,-0.3174292,0.7373112,moving,20.261087021879877,-12.431747681658019,16.83912884659031,-10.048780351977413,-0.6342649999999999,-0.964592365,1.66900808,0.33912269659065375,-0.20251967103984103,0.9186848032312754,20.4103004056893,-12.576300381946552,3.9426101376125358,4.169931779748468,4.375114147815197
05/05/2023 11:39:57.422148,598,True,True,True,True,Eyes,1.748064,-0.01010024,-1.793151,-0.2531245,-0.5033526,0.8261744,0.0,0.0,0.0,0.0,0.0,0.0,0.0,-0.2062296,0.7489868,2.299524,1.664775,0.00756754,-1.766293,0.1605208,-0.3287363,0.02734243,0.9302784,18.45955,320.5388,356.6961,0.7060817,-0.003781793,-0.7081195,-0.3050718,-0.01923522,0.1300706,1.016435,-0.9493262,-0.0987966,0.5796,-0.3367088,1.915,0.7823697,-0.0546659,0.6204105,-0.1564102,0.9469709,0.2806812,-0.6028544,-0.316635,0.732331,moving,20.455632623045414,-12.611992776665018,16.839131587459715,-9.97221740540797,-0.6483399999999999,-0.95689374,1.6674963999999999,0.3420466553082554,-0.20517743505429675,0.9170094314560486,20.60480532969275,-12.752966140539858,4.225854208736493,4.477442769158274,4.681117629464242
05/05/2023 11:39:57.442231,599,True,True,True,True,Eyes,1.743768,-0.009540279,-1.791655,-0.2562879,-0.5024767,0.8257322,0.0,0.0,0.0,0.0,0.0,0.0,0.0,-0.1713479,0.7451593,2.294239,1.654436,0.007589139,-1.763785,0.1582989,-0.3337813,0.03107168,0.9287443,18.34758,319.9963,357.1037,0.705282,-0.003806951,-0.7089158,-0.2867675,-0.0180811,0.1222664,0.9898879,-0.9396129,-0.09768505,0.5795999,-0.3339831,1.915,0.7752492,-0.04795912,0.6298321,-0.1633897,0.947952,0.2732961,-0.6101576,-0.3147807,0.7270631,moving,20.687405911043385,-12.85466646513035,16.83912884659031,-9.893092327511296,-0.6645481,-0.947202039,1.66609995,0.3454841235161017,-0.20877957276709116,0.9149053493338215,20.837283160193852,-12.990620811064455,4.573374928774167,4.855940458593951,5.057659599242494
05/05/2023 11:39:57.462117,600,True,True,True,True,Eyes,1.739244,-0.008961872,-1.790129,-0.2599438,-0.5014387,0.8252202,0.0,0.0,0.0,0.0,0.0,0.0,0.0,-0.1349264,0.7380482,2.289863,1.644176,0.00765495,-1.761539,0.1554453,-0.3391456,0.03463075,0.9271559,18.16374,319.4183,357.5136,0.7045033,-0.003807862,-0.7096897,-0.2695614,-0.01699624,0.1149304,0.9615772,-0.9277387,-0.0965933,0.5796003,-0.3313393,1.915,0.767562,-0.04122096,0.639648,-0.1696534,0.949275,0.2647542,-0.6181152,-0.3117337,0.7216341,moving,20.930033645051694,-13.164163192670358,16.83913981006744,-9.816308312629149,-0.6825988000000001,-0.9353936500000001,1.6649456999999999,0.348997121502855,-0.21342232706540887,0.91249758739236,21.08214320714723,-13.293365227079198,4.966156572309774,5.286165402910498,5.4857089436056965
05/05/2023 11:39:57.482122,601,True,True,True,True,Eyes,1.734482,-0.008390127,-1.788583,-0.2639242,-0.5002351,0.8246871,0.0,0.0,0.0,0.0,0.0,0.0,0.0,-0.095469,0.7356841,2.283714,1.633936,0.008668359,-1.759508,0.1540877,-0.3451649,0.03789635,0.9250309,18.13354,318.726,357.8133,0.7037404,-0.003786163,-0.7104464,-0.2533877,-0.01597646,0.1080346,0.9312537,-0.9204383,-0.09994322,0.5796,-0.3286282,1.915,0.75885,-0.03626078,0.6502552,-0.1764819,0.9496417,0.2589108,-0.6268977,-0.3112328,0.7142363,moving,21.259475665688786,-13.287606680040978,16.839131587459715,-9.73753270592328,-0.7026823000000001,-0.929106659,1.6595647800000002,0.3541169156852676,-0.21494590774869132,0.9101645006765009,21.406616728311082,-13.415658474742555,5.324987179010599,5.669432686931087,5.8643439260628645
05/05/2023 11:39:57.492151,602,True,True,True,True,Eyes,1.72953,-0.007861814,-1.787041,-0.2682382,-0.4990539,0.8240107,0.0,0.0,0.0,0.0,0.0,0.0,0.0,-0.05639422,0.7215461,2.280532,1.623517,0.00903767,-1.757483,0.1506652,-0.3513469,0.03934138,0.9232052,17.80839,318.0157,357.9998,0.7029862,-0.003744324,-0.7111928,-0.2381845,-0.01501787,0.1015525,0.8967938,-0.906037,-0.1010066,0.5796,-0.3259472,1.915,0.7500152,-0.0332312,0.6605852,-0.1785119,0.9515044,0.2505449,-0.6368758,-0.3058348,0.7077107,moving,21.642216421086946,-13.670513657903472,16.839131587459715,-9.659595131358598,-0.7267232000000001,-0.91507467,1.6564763999999998,0.3597306402976563,-0.22051677034085876,0.9066236160548738,21.79004024529978,-13.79075906084303,5.863357523039722,6.257562732054776,6.44810142216676
05/05/2023 11:39:57.512467,603,True,True,True,True,Eyes,1.724381,-0.007358005,-1.785507,-0.2727133,-0.4980804,0.8231302,0.0,0.0,0.0,0.0,0.0,0.0,0.0,-0.01736653,0.721578,2.27328,1.613754,0.008526981,-1.756275,0.1498624,-0.3574017,0.04197707,0.9208927,17.81952,317.2959,358.2057,0.7022359,-0.003686048,-0.7119341,-0.2238934,-0.0141168,0.09545934,0.8664004,-0.9024248,-0.1072395,0.5796,-0.3233082,1.915,0.741004,-0.02980936,0.6708387,-0.1844349,0.9515584,0.2460089,-0.6456755,-0.3060196,0.6996107,moving,21.976101257101224,-13.741486309434968,16.839131587459715,-9.582843247542465,-0.7473536,-0.9109517810000001,1.6490355,0.3649534373095557,-0.2211573049782842,0.9043773493756753,22.117430448361002,-13.862028473787834,6.194077780673148,6.609294175858981,6.794988231447385
05/05/2023 11:39:57.532453,604,True,True,True,True,Eyes,1.59052,0.004627835,-1.748486,-0.3893371,-0.4755595,0.7888345,0.0,0.0,0.0,0.0,0.0,0.0,0.0,0.02271807,0.7335401,2.261361,1.603918,0.00847441,-1.754914,0.1515026,-0.3635123,0.0459906,0.9180363,18.15604,316.5484,358.4499,0.7014846,-0.003613926,-0.7126747,-0.2104598,-0.01326979,0.08973178,0.8388274,-0.907702,-0.1174712,0.5795999,-0.3206281,1.915,0.7314875,-0.025704,0.6813703,-0.1945882,0.9498637,0.2447334,-0.6534995,-0.311606,0.6898116,moving,15.632290680467952,-10.93405587428153,16.83912884659031,-9.504860477427988,-0.7650906,-0.91617641,1.6374428,0.2649170794362047,-0.18290207515521403,0.9467659984356315,15.857694444162181,-11.088374205682385,1.8633183329971197,1.8705768740142517,1.862989321987541
05/05/2023 11:39:57.542219,605,True,True,True,True,Eyes,1.590137,0.004656779,-1.748463,-0.3896643,-0.475839,0.7885043,0.0,0.0,0.0,0.0,0.0,0.0,0.0,0.0633955,0.7401636,2.25095,1.594326,0.008377504,-1.75405,0.1522117,-0.3698156,0.04930049,0.9152254,18.36566,315.7776,358.6513,0.697752,-0.002955358,-0.7163326,-0.599414,0.02348392,0.1954124,0.8094898,-0.9096615,-0.1275456,0.5795997,-0.3179935,1.915,0.7216117,-0.02233844,0.6919376,-0.2028227,0.9488021,0.2421519,-0.6619211,-0.3150803,0.680136,moving,16.24137023731522,-10.88203182266145,16.839123364851268,-9.42816696020814,-0.7848361999999999,-0.918039004,1.6265044000000002,0.2750387856446568,-0.1815065505312511,0.944144634173885,16.450034513434318,-11.04179470328768,1.5436468703759574,1.5719516022306506,1.6598748830959917
05/05/2023 11:39:57.562390,606,True,True,True,True,Eyes,1.589356,0.004751019,-1.748419,-0.3904254,-0.4762388,0.7878862,0.0,0.0,0.0,0.0,0.0,0.0,0.0,0.1029437,0.7565682,2.23676,1.584804,0.009157471,-1.753397,0.1556269,-0.3759689,0.05219722,0.9119776,18.85084,314.9722,358.679,0.6946971,-0.002397345,-0.7192976,-0.5634491,0.02207488,0.1836877,0.7821897,-0.9204782,-0.1427693,0.5796,-0.3152311,1.915,0.7118457,-0.02181634,0.701997,-0.2122271,0.9461114,0.2446074,-0.6695039,-0.3231055,0.6688554,moving,16.860126789036094,-10.52103597528527,16.839131587459715,-9.347716543458938,-0.8026143000000001,-0.929635671,1.6106277000000002,0.28556089775487975,-0.1749933017511831,0.9422485711088591,17.043480111763767,-10.694654681430222,1.1249197219292013,1.1735072592832563,1.362351154037311
05/05/2023 11:39:57.582108,607,True,True,True,True,Eyes,1.588225,0.004832139,-1.748365,-0.3914584,-0.4766022,0.7871535,0.0,0.0,0.0,0.0,0.0,0.0,0.0,0.1362196,0.7650129,2.224311,1.575045,0.0108402,-1.752277,0.158292,-0.3812751,0.05282265,0.909276,19.15605,314.2494,358.505,0.6921826,-0.001919679,-0.7217191,-0.5296422,0.02075039,0.1726664,0.7548785,-0.9270156,-0.155835,0.5796002,-0.3125885,1.915,0.7036782,-0.02464487,0.7100914,-0.2167663,0.9443069,0.2475823,-0.6766459,-0.3281421,0.6591459,moving,17.43439385000943,-10.268701458471597,16.839137069198276,-9.270720281727982,-0.8201665,-0.9378558,1.5964420000000001,0.29523591805775884,-0.17031846575086917,0.940120918526182,17.596485286208477,-10.452945393314678,1.0971198748469415,1.1620228329237896,1.404005888974368
05/05/2023 11:39:57.592569,608,True,True,True,True,Eyes,1.586733,0.004904532,-1.748361,-0.3925956,-0.4770396,0.7863218,0.0,0.0,0.0,0.0,0.0,0.0,0.0,0.162418,0.7606348,2.217072,1.565567,0.01059914,-1.751926,0.1578255,-0.3852659,0.05247828,0.9076935,19.08378,313.7344,358.4028,0.6900972,-0.001509049,-0.7237145,-0.4978636,0.01950536,0.1623064,0.7294867,-0.9235499,-0.1620998,0.5796,-0.3099178,1.915,0.6976324,-0.02634118,0.7159715,-0.216878,0.9446743,0.2460781,-0.682842,-0.3269505,0.6533226,moving,17.831952677999986,-10.39361439456,16.839131587459715,-9.192870948652402,-0.8360802999999999,-0.93414904,1.5898262,0.30166227025553627,-0.172005125822701,0.9377708513585568,17.987399967446276,-10.577120104642953,1.4725233909284234,1.5580367584597055,1.7985177225530788
05/05/2023 11:39:57.612327,609,True,True,True,True,Eyes,1.584901,0.005013081,-1.748376,-0.3939325,-0.4775039,0.7853707,0.0,0.0,0.0,0.0,0.0,0.0,0.0,0.1875869,0.7715482,2.204976,1.556248,0.01046953,-1.752249,0.1602651,-0.3887077,0.05411754,0.9057001,19.41305,313.2679,358.386,0.6883115,-0.001150438,-0.7254138,-0.4679918,0.01833504,0.1525681,0.7105599,-0.9310856,-0.1724247,0.5796,-0.307241,1.915,0.6919553,-0.02656402,0.7214516,-0.2226211,0.9427728,0.2482324,-0.686759,-0.332376,0.6464428,moving,18.125793470432995,-10.137349991499956,16.839131587459715,-9.11480943495185,-0.8456881,-0.9415551299999999,1.5798242999999998,0.30670768383201696,-0.16752551375145638,0.9369447819432369,18.266934381975858,-10.329727466316465,1.5647264073950242,1.6434987042532343,1.8747390866365856
05/05/2023 11:39:57.632243,610,True,True,True,True,Eyes,1.582758,0.005139663,-1.748417,-0.3955788,-0.4776741,0.7844392,0.0,0.0,0.0,0.0,0.0,0.0,0.0,0.2148267,0.7712181,2.195928,1.546293,0.01145524,-1.752676,0.160562,-0.3925419,0.05519038,0.9039274,19.48754,312.7787,358.4026,0.6866586,-0.0008229731,-0.7269791,-0.4399123,0.01723494,0.143414,0.6874641,-0.9296264,-0.1801947,0.5796001,-0.3045617,1.915,0.6857298,-0.02627842,0.7273818,-0.2258308,0.9423478,0.2469437,-0.6919358,-0.3336019,0.6402614,moving,18.44088489297647,-10.128738240068026,16.839134328329035,-9.036640826462506,-0.8588288999999999,-0.9410816399999999,1.5724813,0.3118790859550203,-0.16708890176188113,0.9353142391564238,18.573859352756763,-10.323437880791625,1.8517735756911067,1.938628802053721,2.1598883233644
05/05/2023 11:39:57.642323,611,True,True,True,True,Eyes,1.580314,0.005251111,-1.748485,-0.3974543,-0.4777861,0.7834224,0.0,0.0,0.0,0.0,0.0,0.0,0.0,0.2444165,0.763687,2.189272,1.536647,0.01197663,-1.753409,0.1592366,-0.3969407,0.05571014,0.9022075,19.36325,312.236,358.4274,0.6851181,-0.0005227991,-0.7284313,-0.4135176,0.01620084,0.1348091,0.6608434,-0.9225135,-0.1869168,0.5796002,-0.3017282,1.915,0.678669,-0.02589073,0.7339879,-0.2269392,0.9430802,0.2431016,-0.6985035,-0.3315561,0.6341636,moving,18.80458900133187,-10.324559194289167,16.839137069198276,-8.95393651443408,-0.8758036000000001,-0.93449013,1.5664922,0.3176528106178876,-0.16994141444526137,0.932854084155909,18.933683012546982,-10.516380471312269,2.2858611014783725,2.3961652338811725,2.613111904833716
05/05/2023 11:39:57.662298,612,True,True,True,True,Eyes,1.577577,0.005352352,-1.748584,-0.3997401,-0.4772452,0.7825886,0.0,0.0,0.0,0.0,0.0,0.0,0.0,0.2734323,0.7584586,2.181431,1.52702,0.01171858,-1.754063,0.1581313,-0.4011766,0.05678772,0.9004594,19.28974,311.7178,358.5061,0.6836715,-0.0002477477,-0.7297894,-0.3887065,0.01522879,0.1267206,0.6357017,-0.9174309,-0.193648,0.5796002,-0.2991667,1.915,0.671665,-0.0246071,0.7404463,-0.2291473,0.9435393,0.2392178,-0.7045266,-0.3303455,0.6281036,moving,19.121328909332156,-10.438813163776857,16.839137069198276,-8.879138950070265,-0.8913183,-0.9291494800000001,1.5604149999999999,0.32271692125502627,-0.17149116829923802,0.9308300667963244,19.245526586566637,-10.6296482293558,2.6369207516196194,2.764232849829214,2.9757340684552256
05/05/2023 11:39:57.682361,613,True,True,True,True,Eyes,1.574553,0.005430798,-1.748729,-0.4022206,-0.4765902,0.7817164,0.0,0.0,0.0,0.0,0.0,0.0,0.0,0.3008944,0.7476795,2.175415,1.517252,0.0114935,-1.754938,0.1558099,-0.4050919,0.05767177,0.8990539,19.07998,311.26,358.6337,0.6823021,4.274186e-06,-0.7310699,-0.3653841,0.01431507,0.1191174,0.6104884,-0.9077245,-0.1980454,0.5796001,-0.2965375,1.915,0.6651491,-0.02253457,0.7463705,-0.2299347,0.9447945,0.2334383,-0.7104271,-0.3268878,0.6232477,moving,19.377557732839488,-10.68957850016571,16.839134328329035,-8.802332759225447,-0.9067636,-0.9192180000000001,1.5568926,0.3266531503252138,-0.17531283047846702,0.9287428549827995,19.502062232248267,-10.875338121553606,3.00882858310411,3.1631139510399566,3.374690541918322
05/05/2023 11:39:57.692513,614,True,True,True,True,Eyes,1.571255,0.00549562,-1.748911,-0.4050014,-0.4755507,0.7809132,0.0,0.0,0.0,0.0,0.0,0.0,0.0,0.3283384,0.7374938,2.169064,1.507413,0.01100402,-1.756168,0.1535189,-0.4089315,0.05876044,0.8976382,18.88482,310.8133,358.7848,0.6809946,0.0002346125,-0.7322879,-0.3434611,0.01345616,0.1119703,0.5857069,-0.8983722,-0.2027925,0.5796,-0.2938014,1.915001,0.6586444,-0.02006618,0.7521868,-0.2310486,0.9459584,0.2275508,-0.7161035,-0.3236668,0.6184139,moving,19.607640502960507,-10.90545729668078,16.839123291861164,-8.722365371329401,-0.9217060999999999,-0.90937622,1.5533755,0.3301830066357883,-0.17857867716870748,0.9268704690496482,19.732169904945945,-11.08691057355819,3.346668944957938,3.525702469393536,3.736414420117837
05/05/2023 11:39:57.712424,615,True,True,True,True,Eyes,1.567685,0.005524598,-1.749139,-0.4079791,-0.4743382,0.7801002,0.0,0.0,0.0,0.0,0.0,0.0,0.0,0.3553616,0.7288477,2.161785,1.497402,0.01067322,-1.75741,0.1516327,-0.4126711,0.0599425,0.896168,18.73853,310.3725,358.9283,0.6797355,0.0004449231,-0.7334568,-0.3228534,0.01264879,0.1052521,0.5615511,-0.8905133,-0.2082123,0.5796002,-0.2912112,1.915,0.652219,-0.01771179,0.7578238,-0.232586,0.9468288,0.2223037,-0.7214668,-0.3212499,0.6134202,moving,19.820623965773578,-11.05707395785251,16.839137069198276,-8.64663932985958,-0.9358508999999999,-0.90118652,1.5491977,0.33348806768947825,-0.18080776540497062,0.9252536175201309,19.943876776779483,-11.235843586591919,3.6351949924962774,3.8339873774280524,4.042695553082411
05/05/2023 11:39:57.732462,616,True,True,True,True,Eyes,1.563889,0.005486195,-1.7494,-0.4111784,-0.4728401,0.7793295,0.0,0.0,0.0,0.0,0.0,0.0,0.0,0.3810149,0.7134347,2.156662,1.487348,0.00980226,-1.758709,0.1483507,-0.4162987,0.06008173,0.8950294,18.39585,309.9554,359.0359,0.6785128,0.000635654,-0.734588,-0.3034822,0.01188986,0.09893697,0.5356164,-0.8775254,-0.2116914,0.5795999,-0.2885195,1.915,0.6461711,-0.01596659,0.7630255,-0.2310662,0.9487645,0.2155325,-0.7273729,-0.3155803,0.6093749,moving,20.026734742808635,-11.3691758510738,16.83912884659031,-8.567908949498573,-0.9517315999999999,-0.88732766,1.5470176,0.3365063012852528,-0.18563355398263712,0.9232029025062227,20.153209620221165,-11.540880627417657,4.012137986325198,4.243574861301107,4.452155879106066
05/05/2023 11:39:57.742076,617,True,True,True,True,Eyes,1.559853,0.005400904,-1.749742,-0.4144875,-0.4713729,0.778465,0.0,0.0,0.0,0.0,0.0,0.0,0.0,0.4067111,0.7033596,2.150008,1.477508,0.008096889,-1.760559,0.1459643,-0.4198234,0.06074596,0.8937297,18.17439,309.5422,359.1571,0.6773168,0.0008058737,-0.7356907,-0.2852733,0.01117647,0.09300075,0.511454,-0.8686802,-0.2169406,0.5796002,-0.2856472,1.915,0.6401165,-0.01397752,0.7681508,-0.2311394,0.9500087,0.2099001,-0.7326838,-0.3119104,0.6048855,moving,20.209047585986685,-11.565843025037966,16.839137069198276,-8.483860182130915,-0.9660540000000001,-0.8767770890000001,1.5436184,0.3392467449046034,-0.1886041107911142,0.9215965441558384,20.336232448216606,-11.733443689319127,4.311234099007765,4.566718201852896,4.7738316958331275
05/05/2023 11:39:57.762345,618,True,True,True,True,Eyes,1.555557,0.005276958,-1.750174,-0.4179645,-0.4697527,0.7775847,0.0,0.0,0.0,0.0,0.0,0.0,0.0,0.4328388,0.7002294,2.141051,1.467724,0.006882776,-1.762813,0.145183,-0.4233291,0.06189688,0.8921228,18.14649,309.1094,359.2474,0.6761369,0.0009557133,-0.736775,-0.2681569,0.01050588,0.0874207,0.4891929,-0.8658071,-0.2252118,0.5796,-0.2831392,1.915,0.6339225,-0.01248115,0.7732958,-0.2333596,0.9501814,0.2066366,-0.7373503,-0.3114476,0.5994287,moving,20.391378428984595,-11.550150760886897,16.839131587459715,-8.410441396403112,-0.9785311000000001,-0.872689876,1.5376012,0.34220900072834054,-0.18813672248117178,0.9205962532870656,20.513549049369338,-11.719384481269493,4.478440757311646,4.740910515560346,4.944739429259282
05/05/2023 11:39:57.782177,619,True,True,True,True,Eyes,1.551037,0.005106083,-1.750696,-0.4215325,-0.468141,0.7766302,0.0,0.0,0.0,0.0,0.0,0.0,0.0,0.4576427,0.6922446,2.133361,1.457602,0.005782768,-1.765002,0.1435881,-0.4267056,0.06202078,0.8907628,17.98302,308.6931,359.2742,0.6749637,0.001085503,-0.7378498,-0.2520675,0.009875531,0.08217546,0.4653896,-0.8591883,-0.2323007,0.5796,-0.2804838,1.915,0.6281515,-0.01204809,0.7779979,-0.2330313,0.9510717,0.2028766,-0.7423761,-0.3087351,0.5946096,moving,20.57507697979507,-11.644763498746732,16.839131587459715,-8.332677319981844,-0.9922124000000001,-0.864971068,1.5327013,0.34507042854376135,-0.18944533025819932,0.9192589287993216,20.69517199441339,-11.812659373117592,4.714145142822141,4.992714975850031,5.194162368486988
05/05/2023 11:39:57.792402,620,True,True,True,True,Eyes,1.546293,0.004882091,-1.751305,-0.4251661,-0.4665912,0.7755814,0.0,0.0,0.0,0.0,0.0,0.0,0.0,0.4807504,0.6871633,2.125359,1.447716,0.004473634,-1.767643,0.1426184,-0.4297344,0.06201952,0.8894616,17.8792,308.3099,359.2626,0.6737887,0.001195254,-0.7389228,-0.2369434,0.009283,0.07724493,0.4434104,-0.8549004,-0.2401697,0.5796001,-0.277786,1.915,0.6229639,-0.01224813,0.7821547,-0.232904,0.9516271,0.2004034,-0.7467743,-0.3070111,0.5899767,moving,20.725637772777503,-11.663653874324028,16.839134328329035,-8.253639875518436,-1.0043056,-0.859374034,1.5274733,0.34747640092991894,-0.18956885734506923,0.9183266671801948,20.842450663152785,-11.83203784746171,4.88233578849935,5.170406608358758,5.369494736218148
05/05/2023 11:39:57.812330,621,True,True,True,True,Eyes,1.54134,0.004618384,-1.752023,-0.4288217,-0.4650626,0.7744861,0.0,0.0,0.0,0.0,0.0,0.0,0.0,0.5013064,0.6827456,2.11746,1.437575,0.002946708,-1.77044,0.1416824,-0.4321564,0.06230448,0.8884173,17.79407,308.0096,359.2928,0.6726044,0.001284702,-0.7400008,-0.2227268,0.008726019,0.07261024,0.4236612,-0.8509902,-0.2467582,0.5796002,-0.2750868,1.915001,0.618718,-0.01175317,0.7855254,-0.2331627,0.9520885,0.1978956,-0.7502156,-0.3055967,0.5863338,moving,20.79087439501828,-11.666025163060144,16.83912877359735,-8.174525535904214,-1.0139138,-0.853936908,1.5236818,0.3485245498800018,-0.18952818176029673,0.9179377418171875,20.9061084717433,-11.834777687459876,4.978725808890903,5.273221321246579,5.471541800818045
05/05/2023 11:39:57.832374,622,True,True,True,True,Eyes,1.536163,0.004337046,-1.752854,-0.4325028,-0.4636279,0.7732984,0.0,0.0,0.0,0.0,0.0,0.0,0.0,0.5226693,0.6791667,2.109463,1.427614,0.001724619,-1.773753,0.1408669,-0.4346131,0.06313205,0.8872893,17.74947,307.709,359.3736,0.6714042,0.001354145,-0.7410898,-0.2093632,0.008202458,0.06825362,0.4046251,-0.8475762,-0.2540242,0.5796004,-0.2724521,1.915001,0.6142516,-0.0104124,0.7890416,-0.234478,0.9523417,0.1951033,-0.7534688,-0.3048554,0.5825359,moving,20.83973489523569,-11.652220274510228,16.839134255333214,-8.097275579490574,-1.0229888999999999,-0.849300819,1.5197288,0.3493265204941455,-0.18924669229871147,0.9176909003810925,20.953366526209336,-11.821669764246634,5.05272289249167,5.351862971399443,5.5495963116395455
05/05/2023 11:39:57.842075,623,True,True,True,True,Eyes,1.530792,0.004006416,-1.753789,-0.4362223,-0.4621283,0.7721059,0.0,0.0,0.0,0.0,0.0,0.0,0.0,0.5439007,0.6746193,2.101376,1.417268,0.0009901971,-1.777096,0.1400933,-0.4370898,0.06338814,0.8861763,17.68041,307.3974,359.3914,0.670181,0.001404831,-0.742196,-0.1968014,0.00771031,0.0641584,0.3845853,-0.8434395,-0.261703,0.5796001,-0.2697186,1.915,0.6098688,-0.01012061,0.7924378,-0.2348129,0.9527116,0.1928821,-0.7569168,-0.3037074,0.5786526,moving,20.910634181777468,-11.637208999481755,16.839134328329035,-8.017101585659155,-1.0326827,-0.8444296971,1.515393,0.35048435811204276,-0.18891902545661876,0.9173169016388503,21.02207589089901,-11.807534195095803,5.143832066169921,5.4481454408123104,5.644854248123336
05/05/2023 11:39:57.862239,624,True,True,True,True,Eyes,1.525256,0.003628301,-1.754821,-0.4399045,-0.4607305,0.7708511,0.0,0.0,0.0,0.0,0.0,0.0,0.0,0.5624412,0.6661504,2.095354,1.407264,-0.000548508,-1.780509,0.1383727,-0.4391848,0.06278936,0.8854531,17.46946,307.1417,359.3784,0.66893,0.001436467,-0.7433236,-0.1849933,0.007247692,0.0603089,0.3647481,-0.8362115,-0.2674508,0.5796003,-0.2671228,1.915,0.6063485,-0.01034826,0.7951317,-0.2327364,0.953821,0.1898927,-0.7603784,-0.3001973,0.5759395,moving,20.948044206257595,-11.750336491977027,16.83913981006744,-7.94093311938251,-1.0425159000000002,-0.835662992,1.5130582,0.3509605782644766,-0.19069352926648078,0.9167674904368435,21.06159304282526,-11.917853546610345,5.283988507304561,5.603092841651409,5.800431655258855
05/05/2023 11:39:57.882219,625,True,True,True,True,Eyes,1.519528,0.003245036,-1.755959,-0.4435214,-0.4593314,0.7696124,0.0,0.0,0.0,0.0,0.0,0.0,0.0,0.5786256,0.6617991,2.088981,1.397429,-0.002104193,-1.784325,0.1374123,-0.4406529,0.06289821,0.8848653,17.37446,306.9646,359.4123,0.6676473,0.001448891,-0.7444758,-0.1738937,0.00681283,0.05669037,0.3485275,-0.8319779,-0.2729682,0.5796001,-0.2644297,1.915,0.6037378,-0.009789353,0.7971229,-0.2324151,0.9543234,0.1877502,-0.762551,-0.2986153,0.5738858,moving,20.90097886541244,-11.751793843803975,16.839134328329035,-7.8618797180448325,-1.0489015,-0.8298737070000001,1.5113568,0.3502017296572064,-0.1907746861354884,0.9170406649613126,21.015752137674905,-11.918959415535268,5.3010772794506416,5.624056627490057,5.822716891377614
05/05/2023 11:39:57.892310,626,True,True,True,True,Eyes,1.513619,0.002856463,-1.757195,-0.4470749,-0.4578705,0.7684261,0.0,0.0,0.0,0.0,0.0,0.0,0.0,0.5912416,0.6569897,2.083216,1.38711,-0.002623271,-1.787991,0.1367671,-0.4414938,0.06207263,0.8846045,17.26424,306.854,359.3434,0.6663283,0.001443765,-0.7456567,-0.1634601,0.00640406,0.05328894,0.3333477,-0.8271505,-0.2775721,0.5795998,-0.2616575,1.915,0.6024604,-0.01094416,0.7980738,-0.2305831,0.9548835,0.1871602,-0.7641158,-0.2967789,0.572756,moving,20.81931744743547,-11.716494950525194,16.83912610572083,-7.780472939488591,-1.0537623,-0.824527229,1.5104189000000001,0.34892670389430536,-0.1903063046079452,0.9176239414255677,20.93519562178162,-11.884072614608161,5.27454449583476,5.597695274666602,5.7980441335026
05/05/2023 11:39:57.912455,627,True,True,True,True,Eyes,1.507533,0.002453877,-1.75855,-0.450532,-0.4563576,0.7673061,0.0,0.0,0.0,0.0,0.0,0.0,0.0,0.5999233,0.64424,2.081143,1.376695,-0.00320768,-1.791874,0.1345882,-0.4417543,0.0592852,0.8849996,16.89388,306.8229,359.1631,0.6649696,0.001422577,-0.7468686,-0.1536525,0.006019817,0.05009161,0.3171883,-0.8155788,-0.27935,0.5796,-0.2589748,1.915,0.6026768,-0.01397505,0.797863,-0.2238446,0.9567426,0.185842,-0.7659466,-0.2906,0.5734783,moving,20.715006677069923,-11.886422165818596,16.839131587459715,-7.701664256419491,-1.0595067,-0.81237112,1.512524,0.34705764322892696,-0.19316983860756012,0.9177343836468599,20.83809159540268,-12.0487173876307,5.36522877553905,5.70391150619812,5.906653203862605
05/05/2023 11:39:57.932313,628,True,True,True,True,Eyes,1.501273,0.002027833,-1.760027,-0.4539909,-0.4547574,0.7662166,0.0,0.0,0.0,0.0,0.0,0.0,0.0,0.6071892,0.6370585,2.078082,1.366392,-0.003970586,-1.79608,0.1334955,-0.44159,0.05709563,0.8853912,16.66749,306.8372,358.9954,0.6635674,0.001386283,-0.7481148,-0.1444333,0.005658627,0.04708611,0.3040829,-0.8086512,-0.2818332,0.5796002,-0.2565053,1.915,0.6034768,-0.01679659,0.7972038,-0.2190045,0.9578381,0.1859657,-0.7667158,-0.2868171,0.5743545,moving,20.557316427606406,-11.905361877452622,16.839137069198276,-7.629092738227297,-1.0623091,-0.804680614,1.5142468,0.3444960353637292,-0.1936679228962186,0.91859410269872,20.68488264063456,-12.06609971380831,5.326629888090636,5.666686464979617,5.871693955033448
05/05/2023 11:39:57.942072,629,True,True,True,True,Eyes,1.494841,0.001589429,-1.761636,-0.4573855,-0.4530922,0.7651836,0.0,0.0,0.0,0.0,0.0,0.0,0.0,0.6145514,0.6265182,2.076153,1.355983,-0.005017046,-1.800526,0.1316255,-0.4414522,0.05438691,0.8859102,16.33394,306.8554,358.8148,0.6621181,0.001335331,-0.7493979,-0.1357673,0.00531911,0.04426094,0.2897065,-0.7983718,-0.2835872,0.5795998,-0.2535712,1.915,0.604324,-0.01984893,0.7964915,-0.2125766,0.9594336,0.1851983,-0.7678567,-0.2812352,0.5755892,moving,20.413676944111504,-12.024977181175759,16.83912610572083,-7.542835957056802,-1.0662764999999998,-0.793354754,1.5169388000000001,0.3420463930545709,-0.19577176246533332,0.919063469538217,20.54808417128801,-12.18153098272752,5.383382239203259,5.732975113253681,5.939180202125383
05/05/2023 11:39:57.962188,630,True,True,True,True,Eyes,1.488214,0.001299584,-1.763391,-0.4607387,-0.4516602,0.7640175,0.0,0.0,0.0,0.0,0.0,0.0,0.0,0.6222109,0.6183784,2.073576,1.345425,-0.005782064,-1.805285,0.130435,-0.4413683,0.05118298,0.8863189,16.04517,306.8502,358.5445,0.6606186,0.001270606,-0.75072,-0.1276213,0.004999963,0.04160529,0.2751513,-0.7904153,-0.2870454,0.5796001,-0.2510454,1.915,0.6051486,-0.02441089,0.7957382,-0.2058686,0.9607341,0.186033,-0.769034,-0.2763951,0.5763615,moving,20.30167255685818,-12.088996939864014,16.839134328329035,-7.468554825647468,-1.0702737,-0.784633236,1.5182396,0.34016782538775825,-0.19694130789878217,0.9195106296623552,20.44062571312848,-12.243078448335414,5.4191792016423355,5.773877060940215,5.980536432326941
05/05/2023 11:39:57.981880,631,True,True,True,True,Eyes,1.48138,0.001225005,-1.76522,-0.4640942,-0.4500353,0.7629449,0.0,0.0,0.0,0.0,0.0,0.0,0.0,0.629841,0.6222962,2.067183,1.334627,-0.002512008,-1.809962,0.1327598,-0.4411306,0.04899832,0.8862154,16.1729,306.8179,358.1931,0.6590653,0.001199885,-0.7520841,-0.119964,0.004699965,0.03910897,0.2641952,-0.792071,-0.294799,0.5796001,-0.2485644,1.915,0.606006,-0.03028269,0.7948834,-0.203975,0.959948,0.1920783,-0.7688634,-0.2785369,0.5755573,moving,20.19267284788071,-11.700640819656535,16.839134328329035,-7.395566624166467,-1.0704318,-0.789558992,1.515163,0.3388367895491138,-0.19080176384595687,0.9212949772559609,20.323903279797502,-11.864491232599502,5.129642752116808,5.457094870972219,5.66700112943142
05/05/2023 11:39:57.992378,632,True,True,True,True,Eyes,1.474361,0.001052287,-1.767216,-0.4675606,-0.4479273,0.7620684,0.0,0.0,0.0,0.0,0.0,0.0,0.0,0.6319326,0.6013983,2.068316,1.322849,0.002506834,-1.813564,0.1306652,-0.4404128,0.04139552,0.887271,15.5651,306.8647,357.5229,0.6574555,0.001133068,-0.7534919,-0.1127662,0.004417968,0.03676243,0.2460625,-0.7721049,-0.2956325,0.5796003,-0.2458601,1.915,0.608646,-0.04163514,0.7923489,-0.1885513,0.962426,0.1954086,-0.7707131,-0.268333,0.5779264,moving,20.147610779815384,-11.89669903230101,16.83913981006744,-7.31598169560176,-1.0767864999999999,-0.7746117339999999,1.5179315,0.3378945348312471,-0.19402301957819762,0.9209681743910285,20.285260325224176,-12.054953959372828,5.306399596364819,5.650570898272313,5.859488435160155
05/05/2023 11:39:58.012740,633,True,True,True,True,Eyes,1.46723,0.0009552918,-1.769364,-0.4706697,-0.4465307,0.7609733,0.0,0.0,0.0,0.0,0.0,0.0,0.0,0.6323376,0.5718935,2.074311,1.312117,-0.0001662523,-1.818799,0.1244731,-0.4389604,0.03496262,0.8891557,14.59864,307.0931,357.2101,0.6557859,0.001065503,-0.7549456,-0.1060002,0.004152889,0.03455669,0.2304336,-0.7451835,-0.2900061,0.5796001,-0.2431773,1.915,0.6121828,-0.04710311,0.7893122,-0.171452,0.9665681,0.1906576,-0.7719045,-0.2520464,0.5836405,moving,19.928055012134152,-12.610496584444087,16.839134328329035,-7.237001433095139,-1.0816834,-0.7450172477,1.5287929,0.3335425071591265,-0.20581982776298577,0.9199932555573919,20.090472357053986,-12.748011764525629,5.810364171054919,6.198054624832676,6.39862749737525
05/05/2023 11:39:58.033298,634,True,True,True,True,Eyes,1.459891,0.0009968729,-1.771621,-0.4739624,-0.4450138,0.7598173,0.0,0.0,0.0,0.0,0.0,0.0,0.0,0.6414088,0.607864,2.060093,1.302265,0.001680393,-1.824552,0.1329503,-0.4384722,0.03759966,0.8880612,15.61125,307.0386,357.0356,0.6540552,0.001000543,-0.7564455,-0.0996402,0.003903716,0.03248329,0.2292438,-0.7738556,-0.3052837,0.5796,-0.2405057,1.915001,0.6126567,-0.04980845,0.7887781,-0.1833716,0.961821,0.2031632,-0.7687826,-0.2691089,0.5801327,moving,19.696972247306466,-11.414741938580566,16.839123291861164,-7.15831970629823,-1.0730212,-0.775535993,1.5192683,0.3311163088425606,-0.18674546155393965,0.9249259920615132,19.832979048535346,-11.583028909546124,4.821736344254241,5.126834390889484,5.34239869581799
05/05/2023 11:39:58.042309,635,True,True,True,True,Eyes,1.452444,0.00107813,-1.774017,-0.477232,-0.4434637,0.7586762,0.0,0.0,0.0,0.0,0.0,0.0,0.0,0.6508076,0.5929184,2.057889,1.290303,0.004988957,-1.828962,0.1312171,-0.4386667,0.03309003,0.8884024,15.19934,306.9958,356.6538,0.6522607,0.0009439446,-0.7579935,0.0,0.0,0.0,0.2109663,-0.7588649,-0.3086684,0.5796001,-0.237847,1.915,0.6129532,-0.05632661,0.788109,-0.1739157,0.9633743,0.2041162,-0.770741,-0.2621782,0.5807073,moving,19.661657963695987,-11.573859674819131,16.839134328329035,-7.079998329079264,-1.0793367,-0.763853857,1.5202936,0.3303773929902871,-0.1893653381689885,0.9246575357337523,19.802842753567987,-11.737613776413937,4.9884515559070355,5.3067343505153906,5.520593200470663
05/05/2023 11:39:58.062332,636,True,True,True,True,Eyes,1.44485,0.001255425,-1.776531,-0.4804224,-0.4420501,0.7574866,0.0,0.0,0.0,0.0,0.0,0.0,0.0,0.6634578,0.5862606,2.054619,1.280304,0.005990077,-1.8347,0.1304115,-0.4393652,0.03058142,0.8882657,14.98421,306.8924,356.423,0.6504017,0.0008966035,-0.7595894,0.0,0.0,0.0,0.1952752,-0.7506528,-0.3152926,0.5795999,-0.2350164,1.915,0.6120461,-0.06026766,0.7885224,-0.1689254,0.9641153,0.2048073,-0.7725698,-0.2585529,0.5799022,moving,19.63394139654142,-11.604454473848225,16.83912884659031,-6.996579857485093,-1.0850288000000001,-0.756642877,1.5194074,0.32989580234306426,-0.1898929315202349,0.9247212318674243,19.77664874780556,-11.767198233071696,5.06575608698037,5.389200837739109,5.602483632775754
05/05/2023 11:39:58.082254,637,True,True,True,True,Eyes,1.437128,0.001540118,-1.779105,-0.4836157,-0.4404177,0.7564048,0.0,0.0,0.0,0.0,0.0,0.0,0.0,0.6792843,0.6062093,2.041226,1.269573,0.008522682,-1.839465,0.1353897,-0.4402532,0.03361699,0.8869706,15.65077,306.7168,356.4528,0.6484768,0.0008617933,-0.7612333,0.0,0.0,0.0,0.1865988,-0.7659925,-0.3280182,0.5795999,-0.2324144,1.915,0.6100941,-0.0595769,0.790086,-0.178846,0.9610791,0.2105733,-0.7718805,-0.2697732,0.5756935,moving,19.51892638708204,-10.833524258474519,16.83912884659031,-6.919871970201841,-1.0829742,-0.7745151819999999,1.5114467999999999,0.32881242294256413,-0.1775047912692529,0.9275637750677413,19.64375087694439,-11.016332556871781,4.4692905920088455,4.743204517151616,4.964563834949419
05/05/2023 11:39:58.095853,638,True,True,True,True,Eyes,1.42934,0.001824494,-1.781765,-0.4868907,-0.4385604,0.7553822,0.0,0.0,0.0,0.0,0.0,0.0,0.0,0.6943177,0.5859835,2.039035,1.258789,0.01133648,-1.843485,0.1316444,-0.4413094,0.03317492,0.8870261,15.23774,306.642,356.5931,0.6464866,0.0008429792,-0.7629243,0.0,0.0,0.0,0.1690265,-0.7464523,-0.3288551,0.5796,-0.2297138,1.915,0.6082909,-0.05733777,0.7916405,-0.1750458,0.9631383,0.2042632,-0.7741713,-0.2628249,0.5758317,moving,19.425085994670034,-11.157411829743435,16.839131587459715,-6.840230952263884,-1.0897625,-0.7577887799999999,1.5146299,0.3269659592464497,-0.18286936016141536,0.9271742580980633,19.561003302605602,-11.330847765671681,4.736673552259627,5.0324160127165145,5.251116547799335
05/05/2023 11:39:58.112559,639,True,True,True,True,Eyes,1.421464,0.002092422,-1.78448,-0.4899718,-0.4369878,0.7543005,0.0,0.0,0.0,0.0,0.0,0.0,0.0,0.7085859,0.5869122,2.032323,1.249479,0.01162701,-1.848125,0.1318789,-0.4421588,0.03486399,0.8865032,15.34634,306.5439,356.7418,0.6444331,0.0008385821,-0.7646596,0.0,0.0,0.0,0.1578726,-0.7454055,-0.3348687,0.5796003,-0.2268988,1.915,0.6065601,-0.05480878,0.7931461,-0.1784369,0.9627849,0.2029913,-0.7747548,-0.264653,0.574207,moving,19.294990679592015,-10.983371682392336,16.83913981006744,-6.757187990005518,-1.0916064,-0.75703251,1.5132563,0.32502392043271133,-0.18017974066765396,0.9283828190158507,19.429492981322237,-11.160646722288964,4.603200444642715,4.887927177765734,5.108852939628731
05/05/2023 11:39:58.132283,640,True,True,True,True,Eyes,1.413514,0.002361322,-1.787251,-0.4931586,-0.4352438,0.7532313,0.0,0.0,0.0,0.0,0.0,0.0,0.0,0.7210292,0.5982213,2.022161,1.239494,0.01155361,-1.852137,0.1344122,-0.4425843,0.03739882,0.8858069,15.73751,306.4689,356.8601,0.6423177,0.000846468,-0.7664374,0.0,0.0,0.0,0.1496688,-0.7539268,-0.3422469,0.5796,-0.2242466,1.915,0.6054409,-0.05272118,0.7941422,-0.1852337,0.9610694,0.2050222,-0.7740347,-0.2712307,0.5721049,moving,19.11411720122901,-10.501519226141415,16.839131587459715,-6.678921544417612,-1.0898252000000002,-0.76548041,1.5098900999999998,0.3225408777459454,-0.17252071980630204,0.9307007816223648,19.240186608052753,-10.690612416538444,4.194891671536805,4.448349421884195,4.675331952425692
05/05/2023 11:39:58.142209,641,True,True,True,True,Eyes,1.405496,0.002687408,-1.790071,-0.4962514,-0.4337302,0.7520722,0.0,0.0,0.0,0.0,0.0,0.0,0.0,0.7328949,0.5962523,2.016262,1.22983,0.01182994,-1.856163,0.1342455,-0.4431742,0.03747384,0.8855341,15.72216,306.395,356.8664,0.6401417,0.0008654813,-0.7682558,0.0,0.0,0.0,0.1373793,-0.7504346,-0.3469545,0.5796,-0.2214575,1.915,0.6043847,-0.05261954,0.7949532,-0.185357,0.9611477,0.204543,-0.7748304,-0.2709727,0.5711495,moving,18.99930629860267,-10.405122280284544,16.839131587459715,-6.596588164236309,-1.0924506999999999,-0.76226454,1.5092085,0.3207579628312555,-0.17106400792142412,0.9315854050386588,19.125668556753745,-10.59605834339867,4.130251563292332,4.378502814406411,4.606952683277455
05/05/2023 11:39:58.162291,642,True,True,True,True,Eyes,1.397385,0.003071643,-1.792887,-0.4995601,-0.431849,0.7509634,0.0,0.0,0.0,0.0,0.0,0.0,0.0,0.744639,0.603758,2.007519,1.220191,0.01354378,-1.860133,0.1367377,-0.4439343,0.03646917,0.8848136,15.92356,306.2374,356.6097,0.637907,0.0008970484,-0.7701123,0.0,0.0,0.0,0.1252133,-0.755123,-0.356358,0.5796002,-0.2190922,1.915,0.6031847,-0.05686833,0.7955716,-0.185942,0.9599456,0.209595,-0.7756248,-0.2743547,0.5684502,moving,18.971189719050066,-9.98689653267906,16.839137069198276,-6.526743767467241,-1.0949777,-0.76866678,1.503775,0.32067671620850247,-0.16426424753973007,0.9328363099250093,19.086987446577826,-10.188944822981874,3.8384640709246405,4.0642718487255545,4.297039433156027
05/05/2023 11:39:58.182108,643,True,True,True,True,Eyes,1.389209,0.003436917,-1.795725,-0.5028229,-0.4298189,0.7499499,0.0,0.0,0.0,0.0,0.0,0.0,0.0,0.7512611,0.5936607,2.004457,1.209725,0.0152423,-1.863064,0.1356916,-0.4441576,0.03083329,0.8850769,15.52059,306.1672,356.0748,0.6356155,0.0009425091,-0.7720047,0.0,0.0,0.0,0.1078404,-0.7434638,-0.359661,0.5796,-0.2164343,1.915,0.6035468,-0.06595722,0.7945949,-0.1751165,0.9612742,0.2128053,-0.7778596,-0.2675847,0.5686237,moving,18.981688876764085,-10.064889310313552,16.839131587459715,-6.448236010460644,-1.1018846,-0.7587061,1.503403,0.32077895462734207,-0.16552786197481933,0.9325778236961595,19.099324381836613,-10.264900192127117,3.9689602180859693,4.203657077984385,4.435695767674904
05/05/2023 11:39:58.192192,644,True,True,True,True,Eyes,1.380955,0.00377907,-1.798603,-0.5061039,-0.4276326,0.7489922,0.0,0.0,0.0,0.0,0.0,0.0,0.0,0.7547082,0.5821582,2.003842,1.200019,0.01507735,-1.866441,0.1337532,-0.4436418,0.02552849,0.8857992,15.04681,306.2167,355.6379,0.633269,0.0009996856,-0.7739307,0.0,0.0,0.0,0.0937192,-0.7304627,-0.3600819,0.5795999,-0.2137451,1.915,0.6050605,-0.07345079,0.7927842,-0.1639033,0.9629167,0.214306,-0.7791261,-0.259608,0.5705841,moving,18.880290549999867,-10.229156742842308,16.83912884659031,-6.368778975685601,-1.1062998,-0.74554005,1.5063591,0.31897569810490684,-0.16830901119976938,0.9326986086653359,19.00490691118742,-10.424057399366912,4.121498606781605,4.366790309211517,4.5973772652095
05/05/2023 11:39:58.212249,645,True,True,True,True,Eyes,1.372644,0.004075786,-1.801491,-0.5092179,-0.4254195,0.7481413,0.0,0.0,0.0,0.0,0.0,0.0,0.0,0.7570719,0.5829536,2.000145,1.190221,0.01478312,-1.869954,0.1342685,-0.4425273,0.02346296,0.8863358,14.99768,306.3321,355.4133,0.6308684,0.001066424,-0.7758886,0.0,0.0,0.0,0.08586152,-0.7287194,-0.3615509,0.5796,-0.2110094,1.915,0.6072382,-0.07724284,0.7907563,-0.1604271,0.9628429,0.217248,-0.778155,-0.2587799,0.5722831,moving,18.641355349452468,-10.036389887597178,16.839131587459715,-6.287922772794671,-1.10435948,-0.7435025200000001,1.5084030999999998,0.3152413920302358,-0.16538767247188302,0.9344890625210777,18.766792663216222,-10.234913797830435,3.9285563426989083,4.159208602492443,4.392563644923043
05/05/2023 11:39:58.232221,646,True,True,True,True,Eyes,1.364303,0.004377393,-1.804395,-0.5123521,-0.4231575,0.7472838,0.0,0.0,0.0,0.0,0.0,0.0,0.0,0.7596682,0.5774674,1.997955,1.180547,0.01395954,-1.8731,0.1331698,-0.4414547,0.02170647,0.8870809,14.79904,306.4761,355.3092,0.6284159,0.001139798,-0.7778761,0.0,0.0,0.0,0.07742978,-0.7217548,-0.3603479,0.5795999,-0.2083251,1.915001,0.6092931,-0.07906611,0.7889934,-0.1560877,0.9635893,0.2170999,-0.7774308,-0.2554296,0.5747671,moving,18.375064860798474,-10.030581728287645,16.83912055099295,-6.208558077681405,-1.1031172200000001,-0.73571434,1.5127521,0.31088661487783137,-0.16554296494863815,0.9359193669162513,18.507051103680528,-10.227496658223131,3.894109202227222,4.119100594622256,4.351305510160765
05/05/2023 11:39:58.242134,647,True,True,True,True,Eyes,1.355891,0.004761852,-1.807278,-0.5153339,-0.4209567,0.746476,0.0,0.0,0.0,0.0,0.0,0.0,0.0,0.7652658,0.5839534,1.991795,1.171304,0.01440038,-1.876625,0.1348508,-0.4407874,0.02256472,0.8871373,15.01992,306.54,355.3175,0.6259139,0.001219392,-0.7798906,0.0,0.0,0.0,0.07174903,-0.7255664,-0.3637167,0.5796002,-0.2056763,1.915,0.6103946,-0.07884511,0.7881636,-0.1589171,0.9626122,0.2193699,-0.7759922,-0.2591549,0.5750434,moving,18.117271460202534,-9.652013372969384,16.839137069198276,-6.13022592295256,-1.0995549699999998,-0.7399667799999999,1.5129082999999999,0.30697853575357337,-0.15956836477976652,0.9382441611266243,18.245545574082904,-9.857446065673955,3.5466066450636657,3.7465469921734367,3.9837362958559277
05/05/2023 11:39:58.262259,648,True,True,True,True,Eyes,1.347436,0.005133951,-1.810149,-0.5184531,-0.4183697,0.7457702,0.0,0.0,0.0,0.0,0.0,0.0,0.0,0.7707577,0.5797317,1.987274,1.161204,0.01676342,-1.879026,0.1347143,-0.4402725,0.02177951,0.8874332,14.9679,306.6021,355.2519,0.6233645,0.001308279,-0.7819298,0.0,0.0,0.0,0.06229954,-0.7196804,-0.3642813,0.5795999,-0.2030562,1.915,0.6113715,-0.07996628,0.787293,-0.1572777,0.9627554,0.219922,-0.7755569,-0.2582777,0.5760244,moving,17.905744861804,-9.498743440486734,16.83912884659031,-6.0527166817244185,-1.09890446,-0.73644382,1.5147447,0.3036276912148491,-0.15723522519530436,0.939727259938256,18.0352143202613,-9.706914106811855,3.4191199642327383,3.6073217414054213,3.8449680469208594
05/05/2023 11:39:58.282106,649,True,True,True,True,Eyes,1.338962,0.005447576,-1.813022,-0.5213403,-0.4159492,0.7451112,0.0,0.0,0.0,0.0,0.0,0.0,0.0,0.7754146,0.5599288,1.988166,1.151688,0.01675036,-1.881735,0.1304723,-0.439643,0.01972527,0.8884267,14.42866,306.7448,355.281,0.6207694,0.001405037,-0.7839915,0.0,0.0,0.0,0.05068113,-0.6999667,-0.3594339,0.5796002,-0.2003462,1.915,0.6126499,-0.07967359,0.7863284,-0.1497714,0.9651758,0.214486,-0.776034,-0.2491743,0.579382,moving,17.68199281113585,-9.871783467184583,16.839137069198276,-5.972524571988306,-1.10100687,-0.71671706,1.5223011,0.29964307912612365,-0.1635663409188785,0.9399256475915498,17.827151219005795,-10.068392378087838,3.789024660619423,3.989313942707997,4.213348436251441
05/05/2023 11:39:58.292057,650,True,True,True,True,Eyes,1.126529,0.01376269,-1.884253,-0.5917058,-0.3558439,0.7233667,0.0,0.0,0.0,0.0,0.0,0.0,0.0,0.7813125,0.5630764,1.982564,1.142732,0.01569356,-1.88467,0.1309123,-0.4389668,0.02226537,0.8886363,14.60859,306.8505,355.5334,0.618131,0.001506318,-0.7860731,0.0,0.0,0.0,0.04605313,-0.701508,-0.3598475,0.5796001,-0.1974969,1.915001,0.6136248,-0.07536071,0.7859933,-0.154504,0.9647324,0.2131194,-0.7743341,-0.2522144,0.5803401,moving,13.497883438630081,-5.765533648363001,16.839126032729293,-5.888182028961975,-1.09667887,-0.71720156,1.5248225,0.23229256755801414,-0.09770988114447961,0.9677256634882515,13.637725463654517,-6.045329252383964,3.3253001033393,3.343492888864336,3.205255193194692
05/05/2023 11:39:58.312222,651,True,True,True,True,Eyes,1.126155,0.01379645,-1.884346,-0.5916812,-0.3558101,0.7234034,0.0,0.0,0.0,0.0,0.0,0.0,0.0,0.7889128,0.5683722,1.975139,1.133489,0.01651861,-1.887203,0.1323216,-0.438666,0.02497733,0.888504,14.89509,306.8912,355.7448,0.604939,0.002141196,-0.7962685,-0.6372993,0.02494534,-0.2136934,0.04049698,-0.7052802,-0.3622152,0.5796002,-0.195062,1.915,0.6138965,-0.07170508,0.7861231,-0.1604749,0.9637343,0.2132231,-0.7729029,-0.2570499,0.5801262,moving,13.41409637099429,-5.526968580100987,16.839137069198276,-5.81609155150405,-1.09299202,-0.72179881,1.5249878,0.23096636722880018,-0.0937100922442412,0.9684383845385915,13.549618143653783,-5.812653567839568,3.4147808819900582,3.4372221163239636,3.289520722118509
05/05/2023 11:39:58.332303,652,True,True,True,True,Eyes,1.125475,0.01382258,-1.884495,-0.5911812,-0.3557993,0.7238175,0.0,0.0,0.0,0.0,0.0,0.0,0.0,0.7949076,0.564556,1.970784,1.124225,0.01689194,-1.889557,0.1317286,-0.4382885,0.02508037,0.8887755,14.8411,306.9528,355.7944,0.5938636,0.002666442,-0.8045608,-0.5990613,0.02344862,-0.2008718,0.03191922,-0.7001365,-0.3621736,0.5796001,-0.1923524,1.915,0.6145484,-0.07088859,0.7856877,-0.1600519,0.9640371,0.2121694,-0.7724726,-0.2561392,0.5811016,moving,13.394272795005985,-5.591681274136742,16.839134328329035,-5.735842868393444,-1.09230578,-0.7170284400000001,1.5273834,0.23060713561659427,-0.09481214580376911,0.9684168175073039,13.53203796271574,-5.875486541069188,3.429570935523961,3.447876672537384,3.3100433119176897
05/05/2023 11:39:58.348197,653,True,True,True,True,Eyes,1.124468,0.01382471,-1.884735,-0.5906346,-0.3558981,0.724215,0.0,0.0,0.0,0.0,0.0,0.0,0.0,0.8008636,0.5685699,1.964585,1.115392,0.0168192,-1.892053,0.132746,-0.4378282,0.02653366,0.8888088,15.02295,307.0092,355.8988,0.5845484,0.003102053,-0.8113525,-0.5631176,0.0220417,-0.1888195,0.0260024,-0.7022045,-0.3638746,0.5796003,-0.1895566,1.915,0.6152048,-0.06907322,0.7853357,-0.1634066,0.9633489,0.2127373,-0.7712467,-0.259206,0.5813698,moving,13.353523759903348,-5.440632408088512,16.83913981006744,-5.653017577351513,-1.0893895999999998,-0.7190237,1.5281784,0.22997342489436837,-0.09227299762276171,0.9688126610846052,13.488243776390817,-5.728248147743886,3.4724038160792574,3.4920805702738873,3.3517404236055164
05/05/2023 11:39:58.362092,654,True,True,True,True,Eyes,1.123168,0.01382953,-1.885026,-0.5898713,-0.3560083,0.7247827,0.0,0.0,0.0,0.0,0.0,0.0,0.0,0.8065924,0.5736327,1.957971,1.10641,0.01673457,-1.894432,0.1340363,-0.4373296,0.02790892,0.8888185,15.22906,307.0649,355.9811,0.5766881,0.003463483,-0.8169567,-0.5293306,0.0207192,-0.1774903,0.0201896,-0.7055156,-0.3658293,0.5796002,-0.1870373,1.915001,0.6159279,-0.06762411,0.7848948,-0.166848,0.9625108,0.2138571,-0.7699316,-0.2626786,0.5815544,moving,13.32973002503219,-5.2610348222232055,16.83912877359735,-5.578360358183059,-1.0862204,-0.72225017,1.5286027,0.2296347368935151,-0.08924307036203538,0.9691767560440527,13.460208457504066,-5.553344737811581,3.5017304572949652,3.5237160884785985,3.379012915596875
05/05/2023 11:39:58.382342,655,True,True,True,True,Eyes,1.12157,0.01382878,-1.885393,-0.5891027,-0.3561756,0.7253253,0.0,0.0,0.0,0.0,0.0,0.0,0.0,0.8113864,0.5765599,1.952298,1.097552,0.01683141,-1.896664,0.1349826,-0.4368387,0.02773201,0.8889225,15.31983,307.1097,355.9196,0.5700259,0.003764432,-0.8216178,-0.4975707,0.01947605,-0.1668409,0.01296522,-0.7062185,-0.36761,0.5796002,-0.1843171,1.915,0.6168059,-0.06862799,0.7841178,-0.1672344,0.9620213,0.2157492,-0.7691445,-0.2642069,0.5819035,moving,13.338858505981728,-5.166623475265187,16.839137069198276,-5.497734333566636,-1.08458678,-0.72304991,1.529054,0.229821922464372,-0.08764196399534782,0.9692783965943729,13.46656238256309,-5.461544518957835,3.494103051218893,3.5159044953750422,3.3727688506053664
05/05/2023 11:39:58.392475,656,True,True,True,True,Eyes,1.119684,0.0138307,-1.885814,-0.5882525,-0.3562307,0.7259881,0.0,0.0,0.0,0.0,0.0,0.0,0.0,0.8154629,0.5797397,1.946866,1.088787,0.01670573,-1.898849,0.1359714,-0.4362827,0.02697492,0.8890678,15.38555,307.1557,355.7961,0.5642684,0.004019372,-0.8255814,-0.4677165,0.01830749,-0.1568304,0.005602356,-0.7069528,-0.3694151,0.5796,-0.1815976,1.915,0.6178595,-0.07067891,0.7831055,-0.166609,0.9615682,0.2182383,-0.7684342,-0.265313,0.5823383,moving,13.362069648055012,-5.075629009686688,16.839131587459715,-5.417104323735103,-1.083184644,-0.72365853,1.5294339,0.2302457929879477,-0.08609363664001846,0.9693166651109419,13.486736448357194,-5.373162260344589,3.4723020905318207,3.4937895071914755,3.3526831155976
05/05/2023 11:39:58.412449,657,True,True,True,True,Eyes,1.117518,0.01379895,-1.886297,-0.5873936,-0.3562192,0.7266888,0.0,0.0,0.0,0.0,0.0,0.0,0.0,0.8187249,0.5774699,1.943114,1.079841,0.01675418,-1.900825,0.1357411,-0.4355449,0.0259608,0.8894949,15.31326,307.246,355.7154,0.5589936,0.004248936,-0.8291608,-0.4396535,0.01720904,-0.1474206,-0.002116548,-0.7028791,-0.3689356,0.5796003,-0.1789598,1.915,0.6192534,-0.07205869,0.7818779,-0.1644267,0.9618008,0.2188678,-0.7677821,-0.2640962,0.58375,moving,13.354797581059366,-5.127844846317319,16.83913981006744,-5.338876055424959,-1.081957548,-0.7196332799999999,1.5318894,0.23010497386104795,-0.08697995012160105,0.9692709430785027,13.481054885353858,-5.423919222808065,3.4729283661077806,3.4907269930583786,3.359161606994694
05/05/2023 11:39:58.432281,658,True,True,True,True,Eyes,1.115117,0.01373233,-1.88681,-0.5865234,-0.3560049,0.7274963,0.0,0.0,0.0,0.0,0.0,0.0,0.0,0.8202599,0.57454,1.94034,1.07096,0.01589861,-1.902796,0.135159,-0.4344821,0.02449782,0.8901447,15.18341,307.3806,355.6122,0.5541465,0.004454176,-0.8324069,-0.4132743,0.0161765,-0.1385754,-0.009148924,-0.6980866,-0.3672733,0.5796,-0.1762855,1.915,0.6212505,-0.07383507,0.7801258,-0.1610615,0.9622638,0.2193343,-0.7668814,-0.2619097,0.5859149,moving,13.31773721926357,-5.219197542273756,16.839131587459715,-5.259544937074952,-1.080108924,-0.71398521,1.5355227,0.2294463390874852,-0.08853939865410575,0.9692859260561768,13.447389993389757,-5.51255819353007,3.507961474678052,3.5216255065851008,3.4011654986028304
05/05/2023 11:39:58.442403,659,True,True,True,True,Eyes,1.112456,0.01363364,-1.88738,-0.585623,-0.3558188,0.7283121,0.0,0.0,0.0,0.0,0.0,0.0,0.0,0.8216149,0.5781558,1.935961,1.062189,0.01505009,-1.904938,0.1360563,-0.4333101,0.02381521,0.8905976,15.24705,307.5096,355.5124,0.5496795,0.004635967,-0.8353624,-0.3884778,0.01520591,-0.1302609,-0.01429948,-0.6992332,-0.3673259,0.5796,-0.1735418,1.915,0.6233505,-0.07548955,0.7782902,-0.1603286,0.9618431,0.221704,-0.7653294,-0.2629815,0.5874622,moving,13.268710024740951,-5.120126414707771,16.839131587459715,-5.178134099864127,-1.07648848,-0.71428329,1.5376121,0.22865036049616516,-0.08687996295385818,0.9696240076704787,13.396927068599846,-5.415838425067536,3.557091145722965,3.570892749308539,3.4504021933507567
05/05/2023 11:39:58.462325,660,True,True,True,True,Eyes,1.109539,0.01352083,-1.888006,-0.5847953,-0.3553929,0.7291847,0.0,0.0,0.0,0.0,0.0,0.0,0.0,0.8240355,0.5794036,1.931635,1.053287,0.01418548,-1.90692,0.1363883,-0.4323264,0.02344252,0.8910347,15.26733,307.6279,355.4725,0.5455471,0.004795229,-0.838066,-0.3651692,0.01429355,-0.1224452,-0.0202667,-0.69851,-0.3668244,0.5796,-0.1708374,1.915,0.6250888,-0.07615234,0.77683,-0.1597047,0.9616973,0.2227838,-0.7640408,-0.2633231,0.5889843,moving,13.227258401229454,-5.063478274780711,16.839131587459715,-5.097868844915385,-1.0735537000000002,-0.7126954799999999,1.5400956,0.2279675722676498,-0.08593539529063397,0.9698689998227732,13.354992390552885,-5.3604457925739855,3.598980779276504,3.6120369079957255,3.494019547292813
05/05/2023 11:39:58.482415,661,True,True,True,True,Eyes,1.106384,0.01339765,-1.888676,-0.5839591,-0.3549461,0.730072,0.0,0.0,0.0,0.0,0.0,0.0,0.0,0.8275335,0.577103,1.927799,1.044337,0.01367308,-1.908781,0.135971,-0.4315659,0.02305978,0.8914769,15.20858,307.7312,355.4681,0.5417078,0.00493361,-0.840552,-0.343259,0.01343594,-0.1150985,-0.02743498,-0.6946872,-0.3657373,0.5796003,-0.1681969,1.915,0.6264383,-0.0762464,0.7757329,-0.1584754,0.9619603,0.2225264,-0.7631911,-0.2623337,0.5905255,moving,13.205538791980988,-5.0928618164812365,16.83913981006744,-5.019480746540298,-1.07177198,-0.70836028,1.5430437000000001,0.22758992684573867,-0.08644061813050363,0.9699128488155974,13.334611685615844,-5.388891483450864,3.623668956428671,3.6343419129279204,3.5239440500122914
05/05/2023 11:39:58.502349,662,True,True,True,True,Eyes,1.103002,0.01325514,-1.889364,-0.5832283,-0.3542198,0.7310082,0.0,0.0,0.0,0.0,0.0,0.0,0.0,0.8310652,0.5745289,1.923978,1.035476,0.01329342,-1.910512,0.1355157,-0.4308307,0.0227529,0.8919096,15.14963,307.8326,355.4733,0.538125,0.005052753,-0.8428495,-0.3226635,0.01262978,-0.1081926,-0.03455777,-0.6906006,-0.3645101,0.5796002,-0.1655224,1.915,0.6277344,-0.07618156,0.7746908,-0.1573557,0.9622356,0.2221302,-0.7623574,-0.2613408,0.5920408,moving,13.181491086211084,-5.107064710693886,16.839137069198276,-4.940064087906791,-1.07003377,-0.70389402,1.5460019,0.22717786854722347,-0.08668960093739962,0.9699871309619654,13.311552340576137,-5.402551204712182,3.6526922648629574,3.6614564513146437,3.557772948182486
05/05/2023 11:39:58.512290,663,True,True,True,True,Eyes,1.099401,0.01307535,-1.890094,-0.582495,-0.3534523,0.7319639,0.0,0.0,0.0,0.0,0.0,0.0,0.0,0.8353333,0.5658092,1.92131,1.02632,0.01266111,-1.912031,0.1335584,-0.4301853,0.02262483,0.8925195,14.94387,307.9523,355.5763,0.5347659,0.005153728,-0.8449841,-0.3033037,0.01187199,-0.101701,-0.04285413,-0.681234,-0.3612058,0.5796002,-0.1628516,1.915,0.6288575,-0.07452351,0.773941,-0.1552959,0.9633005,0.2189412,-0.7618541,-0.2578727,0.5942056,moving,13.146937315101138,-5.2879099248362404,16.839137069198276,-4.860738302829382,-1.06917413,-0.69389511,1.5508252,0.22653092328320087,-0.08976467469122276,0.9698588290455158,13.282743033369195,-5.578281608743922,3.71207667151872,3.716828570004668,3.6280582870102056
05/05/2023 11:39:58.532202,664,True,True,True,True,Eyes,1.095586,0.01287524,-1.89085,-0.5818481,-0.3526275,0.7328755,0.0,0.0,0.0,0.0,0.0,0.0,0.0,0.839955,0.5618137,1.917516,1.017476,0.01157232,-1.913802,0.1325784,-0.4296231,0.02278426,0.8929322,14.85326,308.0455,355.6552,0.5316009,0.005236669,-0.8469784,-0.2851054,0.01115968,-0.09559896,-0.05051592,-0.6756377,-0.3595222,0.5796001,-0.1596454,1.915,0.6298097,-0.0732279,0.77329,-0.1546071,0.9638076,0.2171898,-0.7612072,-0.2563444,0.5956938,moving,13.12229497393222,-5.344632002737682,16.839134328329035,-4.7654858804632685,-1.06799192,-0.68721002,1.5542798,0.22609380144978355,-0.09073422672497128,0.9698704845373518,13.260250055945878,-5.633307882900741,3.75886621967861,3.761689117582475,3.6825979502283572
05/05/2023 11:39:58.542020,665,True,True,True,True,Eyes,1.091557,0.01265968,-1.89163,-0.5812547,-0.3517783,0.7337541,0.0,0.0,0.0,0.0,0.0,0.0,0.0,0.8472123,0.5639271,1.910436,1.008366,0.0108889,-1.915366,0.1331419,-0.4295945,0.0238337,0.8928347,14.96477,308.0499,355.7357,0.5286031,0.005302471,-0.8488523,-0.2679991,0.01049009,-0.08986302,-0.05878826,-0.6768926,-0.3609937,0.5796,-0.1574044,1.915,0.629761,-0.07183496,0.7734603,-0.1569532,0.9634103,0.2172698,-0.7607673,-0.2582251,0.5954436,moving,13.157948531984562,-5.1989730199338355,16.839131587459715,-4.698892700630337,-1.0671542600000001,-0.6877814999999999,1.5543722999999998,0.2267480256364313,-0.08825453277219994,0.9699466728665711,13.291079838980478,-5.491820421074834,3.711603109401479,3.714995156614887,3.6355749998777194
05/05/2023 11:39:58.562001,666,True,True,True,True,Eyes,1.087325,0.01242244,-1.892434,-0.5808258,-0.3508635,0.7345312,0.0,0.0,0.0,0.0,0.0,0.0,0.0,0.855649,0.5599852,1.904349,0.9992151,0.0102901,-1.916697,0.1323422,-0.4299331,0.02401678,0.8927858,14.88961,308.0223,355.7921,0.5257484,0.005352153,-0.8506229,-0.2519192,0.009860689,-0.08447123,-0.06977156,-0.6722301,-0.3615108,0.5795997,-0.1549518,1.915,0.6291616,-0.07091288,0.774033,-0.1566802,0.9638175,0.2156552,-0.7613193,-0.2569576,0.5952863,moving,13.23245812358079,-5.230345001786301,16.839123364851268,-4.62599707172869,-1.06898666,-0.6825202,1.5551862,0.22799890714644788,-0.08875897468337654,0.9696072566273992,13.364558776131032,-5.522838972041218,3.654976988091511,3.656948260934732,3.588443182683099
05/05/2023 11:39:58.582270,667,True,True,True,True,Eyes,1.082888,0.01217275,-1.893248,-0.5804641,-0.3499537,0.7352508,0.0,0.0,0.0,0.0,0.0,0.0,0.0,0.8653176,0.5575177,1.897342,0.9901797,0.009500794,-1.918061,0.1318458,-0.4305574,0.02439741,0.892548,14.85456,307.954,355.848,0.5230154,0.00538635,-0.8523059,-0.236804,0.009269048,-0.07940296,-0.08139703,-0.668851,-0.3630928,0.5796,-0.1523254,1.915,0.6280502,-0.06998263,0.7750197,-0.1570861,0.9640429,0.2143485,-0.7621529,-0.2563664,0.594474,moving,13.336564305215632,-5.222457573225078,16.839131587459715,-4.547919159174785,-1.07157673,-0.678351794,1.5549682,0.2297638201415812,-0.08858772484464672,0.9692062238728845,13.465830861662633,-5.515855003189805,3.5659178282874446,3.56692860016516,3.5094241101343373
05/05/2023 11:39:58.593149,668,True,True,True,True,Eyes,0.9670623,0.005749881,-1.913671,-0.573059,-0.3246588,0.7524626,0.0,0.0,0.0,0.0,0.0,0.0,0.0,0.8746978,0.555177,1.889912,0.9807946,0.00894602,-1.919127,0.1314769,-0.4311966,0.02418514,0.8922998,14.80266,307.8751,355.8347,0.5203847,0.00540605,-0.8539146,-0.2225958,0.008712905,-0.07463878,-0.09383001,-0.6652969,-0.3647363,0.5796002,-0.1496241,1.915001,0.6269693,-0.07022402,0.7758726,-0.1565456,0.9642578,0.2137765,-0.7631535,-0.2554907,0.5935668,moving,14.34781873808635,-3.6975559477361215,16.83912877359735,-4.467594629100633,-1.0746246099999999,-0.67424292,1.5543907,0.24732339226590158,-0.06248623423843663,0.966915988318523,14.410519803360305,-4.038855817027791,2.5805709838386206,2.607601438839036,2.466162707384382
05/05/2023 11:39:58.612415,669,True,True,True,True,Eyes,0.9666868,0.005726231,-1.913712,-0.5731204,-0.3246588,0.7524158,0.0,0.0,0.0,0.0,0.0,0.0,0.0,0.8837935,0.5512648,1.882973,0.9713896,0.008489646,-1.920131,0.1307688,-0.4318633,0.02321553,0.8921068,14.6771,307.791,355.7597,0.5124612,0.005109922,-0.8586949,-0.5567161,-0.01107848,-0.1314293,-0.1071027,-0.659912,-0.3661549,0.5795996,-0.1469218,1.915,0.6259102,-0.071527,0.776608,-0.1543699,0.9647212,0.2132675,-0.7644647,-0.2533713,0.5927872,moving,14.438916872662547,-3.804584897434289,16.839120623981625,-4.3872274019072695,-1.0784923,-0.6684016460000001,1.5539761,0.24883223961473727,-0.06426669030016104,0.9664120107125207,14.502208766211194,-4.143597412450199,2.4492816340798553,2.469908973194097,2.3495771114715307
05/05/2023 11:39:58.632465,670,True,True,True,True,Eyes,0.9659218,0.005694593,-1.913816,-0.5715123,-0.3241746,0.7538465,0.0,0.0,0.0,0.0,0.0,0.0,0.0,0.8929487,0.5512965,1.874864,0.9620157,0.007899389,-1.921161,0.1309602,-0.4325762,0.0222813,0.8917571,14.64599,307.6849,355.6395,0.5058674,0.00485494,-0.8625973,-0.5233131,-0.01041377,-0.1235435,-0.1200522,-0.6581051,-0.3688931,0.5795998,-0.1442597,1.915,0.6247627,-0.0735615,0.7773418,-0.1530395,0.9647059,0.2142926,-0.76567,-0.2528461,0.5914545,moving,14.672781370067426,-3.7764905864724536,16.83912610572083,-4.308036526525324,-1.0820679,-0.666004489,1.5522679,0.2527835779699886,-0.0637253904448511,0.9654219612273391,14.72942707427349,-4.11781295099765,2.2119250420676164,2.2306031919819143,2.118257541465715
05/05/2023 11:39:58.642155,671,True,True,True,True,Eyes,0.9647892,0.005640839,-1.913941,-0.5700816,-0.323563,0.7551913,0.0,0.0,0.0,0.0,0.0,0.0,0.0,0.9030426,0.5470209,1.86722,0.9523786,0.007368058,-1.922017,0.1301495,-0.43348,0.0212705,0.8914616,14.50634,307.5715,355.5622,0.5003513,0.004634189,-0.8658099,-0.4919143,-0.009788942,-0.1161309,-0.1344848,-0.6521534,-0.3705989,0.5796,-0.1413364,1.915,0.6232854,-0.07491069,0.7783982,-0.150758,0.9652174,0.2136058,-0.7673248,-0.2504871,0.5903125,moving,14.909878143792682,-3.859340493913067,16.839131587459715,-4.221056609048705,-1.0868634,-0.659521458,1.5514181,0.25675441754770145,-0.06505090932776723,0.9642849648774063,14.962786571864642,-4.199996901719045,1.949764040011494,1.9628696843779323,1.876463196767068
05/05/2023 11:39:58.662172,672,True,True,True,True,Eyes,0.9633027,0.005562782,-1.914077,-0.5688168,-0.3229654,0.7563999,0.0,0.0,0.0,0.0,0.0,0.0,0.0,0.9143165,0.5389774,1.859654,0.9424471,0.006752949,-1.922636,0.1284333,-0.4346694,0.01997241,0.8911614,14.25704,307.4347,355.4993,0.4953998,0.004434522,-0.8686535,-0.4623995,-0.009201605,-0.109163,-0.1507509,-0.6431094,-0.3718172,0.5796,-0.1388613,1.915,0.6213273,-0.07605476,0.7798514,-0.1472493,0.966212,0.2115468,-0.769591,-0.2462724,0.5891348,moving,15.16690561134833,-4.056106613663499,16.839131587459715,-4.147397185330983,-1.093198,-0.6498623490000001,1.5508188,0.2610211187138307,-0.06828119536073952,0.9629151905671126,15.218645297421823,-4.393151702607678,1.6691702550494951,1.6747160008959874,1.6390152833218707
05/05/2023 11:39:58.682154,673,True,True,True,True,Eyes,0.9614801,0.005458126,-1.914222,-0.567718,-0.3222578,0.7575264,0.0,0.0,0.0,0.0,0.0,0.0,0.0,0.9256014,0.5309888,1.851768,0.932532,0.006078441,-1.923039,0.1267096,-0.4359277,0.01853168,0.8908246,13.99923,307.2877,355.4214,0.4908732,0.004251131,-0.8712205,-0.4346555,-0.008649508,-0.1026133,-0.1673342,-0.6338375,-0.3730309,0.5796003,-0.1362352,1.915,0.6192473,-0.07745546,0.7813665,-0.1434893,0.9672025,0.209595,-0.7719739,-0.2419089,0.5878235,moving,15.425687847023102,-4.2500321064534745,16.83913981006744,-4.069228961174077,-1.0998662000000001,-0.639915941,1.5500080999999999,0.26530845993556224,-0.07145324893107596,0.9615123078700626,15.476138040089896,-4.583554254851446,1.4244333381739054,1.4249688520023218,1.4568130740346301
05/05/2023 11:39:58.692594,674,True,True,True,True,Eyes,0.9593132,0.005311085,-1.91437,-0.5667353,-0.3214338,0.7586115,0.0,0.0,0.0,0.0,0.0,0.0,0.0,0.9365424,0.5239791,1.843661,0.9226688,0.005306464,-1.923384,0.1251788,-0.4371352,0.01711611,0.8904775,13.76275,307.1442,355.3372,0.4867187,0.004081187,-0.873549,-0.4085762,-0.008130538,-0.09645647,-0.1835524,-0.6252972,-0.3743191,0.5796,-0.1335205,1.915,0.6172398,-0.07895712,0.7828032,-0.1399232,0.9680746,0.2079738,-0.7742329,-0.237902,0.5864862,moving,15.673442450235274,-4.413064338464856,16.839131587459715,-3.988407528653255,-1.1062212,-0.630603664,1.5490648999999999,0.26941146320642634,-0.07410129014653273,0.9601700152954018,15.722048164557357,-4.743825021632768,1.2403409874005238,1.240630714903684,1.3485291848613066
05/05/2023 11:39:58.712138,675,True,True,True,True,Eyes,0.9568205,0.005131901,-1.914523,-0.5659019,-0.3205009,0.7596276,0.0,0.0,0.0,0.0,0.0,0.0,0.0,0.9465351,0.5149213,1.836125,0.9123399,0.004101798,-1.923551,0.123051,-0.4380973,0.01548539,0.8903311,13.45493,307.0414,355.2673,0.4828885,0.003921408,-0.8756728,-0.3840616,-0.007642706,-0.09066908,-0.199703,-0.6148416,-0.3741764,0.5795997,-0.1308779,1.915,0.6156619,-0.08024238,0.7839143,-0.1353909,0.9692373,0.2055441,-0.7762924,-0.2326805,0.5858584,moving,15.880245946752407,-4.6435833490312834,16.839123364851268,-3.909717365133128,-1.1120429,-0.618943398,1.5493746,0.27279638461825695,-0.07788655999275738,0.9589138096397831,15.929857361625427,-4.96948779603485,1.1998623020889472,1.2074788549961224,1.396380331727684
05/05/2023 11:39:58.732598,676,True,True,True,True,Eyes,0.9539707,0.004933227,-1.914701,-0.565145,-0.3195558,0.7605888,0.0,0.0,0.0,0.0,0.0,0.0,0.0,0.9573581,0.5076929,1.827692,0.9020482,0.003121044,-1.92381,0.1213968,-0.4392273,0.01417609,0.8900232,13.21143,306.9114,355.2033,0.4793392,0.003769296,-0.8776213,-0.3610179,-0.007184144,-0.08522893,-0.2159584,-0.6060646,-0.3750864,0.5796,-0.1281673,1.915,0.6137568,-0.08140749,0.7852868,-0.1318757,0.9701237,0.2036389,-0.7784031,-0.228545,0.5846844,moving,16.1012198242376,-4.810598672637629,16.839131587459715,-3.828986980401204,-1.1180066,-0.609185644,1.5487236,0.27643294729360457,-0.08059433939290249,0.9576478899535426,16.149768484725247,-5.133456453173945,1.2076403620689689,1.2280371674492707,1.475419293898411
05/05/2023 11:39:58.742086,677,True,True,True,True,Eyes,0.9508065,0.004697175,-1.91488,-0.5645731,-0.318443,0.7614797,0.0,0.0,0.0,0.0,0.0,0.0,0.0,0.9685575,0.4975651,1.819282,0.8912807,0.002350464,-1.923818,0.119091,-0.4404432,0.0124891,0.8897591,12.88095,306.7784,355.1346,0.4760301,0.00362319,-0.8794212,-0.3393568,-0.006753095,-0.0801152,-0.2334624,-0.5943162,-0.3753225,0.5796001,-0.1254386,1.915,0.6117076,-0.08268106,0.7867513,-0.1271302,0.9713227,0.2009231,-0.780802,-0.2229261,0.5836542,moving,16.324482492373683,-5.052128283294422,16.839134328329035,-3.747702138294211,-1.1247431,-0.596666664,1.5484955,0.2800706397570972,-0.08453776071616789,0.9562498976542931,16.373919165230642,-5.369941516256324,1.362382756501268,1.402281740597205,1.6876272536871304
05/05/2023 11:39:58.762062,678,True,True,True,True,Eyes,0.9473411,0.004453478,-1.91506,-0.5641921,-0.317189,0.7622851,0.0,0.0,0.0,0.0,0.0,0.0,0.0,0.9818597,0.4871037,1.809945,0.880594,0.001174156,-1.923999,0.1165938,-0.4421035,0.01123293,0.8892829,12.55061,306.5944,355.1154,0.4729261,0.003480755,-0.8810949,-0.3189954,-0.006347909,-0.07530829,-0.2521741,-0.5826026,-0.3766493,0.5796,-0.1228412,1.915,0.6088367,-0.08311453,0.7889296,-0.1230715,0.9725595,0.1974375,-0.7836908,-0.2173019,0.5819008,moving,16.58111160329262,-5.299109436419113,16.839131587459715,-3.670314530666698,-1.1327681,-0.583776756,1.5473497,0.284251546307407,-0.08854544578870971,0.95465225268542,16.630743022687913,-5.611952112212625,1.587578412725443,1.649104956403505,1.9527883377363677
05/05/2023 11:39:58.782179,679,True,True,True,True,Eyes,0.9435702,0.004316403,-1.915248,-0.5639849,-0.3160121,0.7629268,0.0,0.0,0.0,0.0,0.0,0.0,0.0,0.996296,0.4779832,1.799504,0.8699667,0.0007179044,-1.924174,0.1145782,-0.4440477,0.01016196,0.8885888,12.27773,306.3665,355.0863,0.4699961,0.003341279,-0.8826619,-0.2998557,-0.005967034,-0.07078979,-0.271499,-0.5719339,-0.3792763,0.5795999,-0.1200932,1.915,0.6054367,-0.08369678,0.7914803,-0.119816,0.9735371,0.194601,-0.786823,-0.2126506,0.5793869,moving,16.86114928501891,-5.490861912337903,16.83912884659031,-3.5884253123048664,-1.1414657,-0.5726518044,1.5448977,0.2888336737952756,-0.09160874419002014,0.9529862873108468,16.908897406834008,-5.800381307686211,1.821359259582346,1.9025640375172257,2.213056026742648
05/05/2023 11:39:58.792625,680,True,True,True,True,Eyes,0.9394974,0.004415839,-1.915396,-0.5639853,-0.3148635,0.7634013,0.0,0.0,0.0,0.0,0.0,0.0,0.0,1.012758,0.4758862,1.785862,0.8588881,0.003143676,-1.924514,0.1149862,-0.4463406,0.01011856,0.8873872,12.3045,306.0604,355.0274,0.4672111,0.003209453,-0.8841397,-0.2818643,-0.005609012,-0.0665424,-0.2909131,-0.5684111,-0.3856023,0.5796,-0.1175009,1.915,0.6013554,-0.08468782,0.7944807,-0.1206041,0.9733516,0.1950418,-0.7898268,-0.2131071,0.5751166,moving,17.16973172755952,-5.376514457049023,16.839131587459715,-3.511162423422149,-1.1498012,-0.5715547759999999,1.5389117,0.29401709055468495,-0.08955868918485452,0.9515950707855095,17.206627381594064,-5.691169383326435,1.8075748776606382,1.8944219862506675,2.2107653660978053
05/05/2023 11:39:58.812309,681,True,True,True,True,Eyes,0.9351197,0.00451381,-1.915541,-0.5642017,-0.313239,0.7639095,0.0,0.0,0.0,0.0,0.0,0.0,0.0,1.027566,0.4675068,1.773482,0.8473905,0.008931126,-1.92394,0.1145018,-0.4486892,0.006070127,0.8863016,12.02939,305.7294,354.603,0.4645462,0.003095611,-0.8855432,-0.2649525,-0.005272471,-0.06254986,-0.3138258,-0.5552569,-0.3910977,0.5795999,-0.1147761,1.915,0.5972824,-0.0919915,0.7967379,-0.1135114,0.973705,0.197519,-0.7939578,-0.2084134,0.5711347,moving,17.559114940337636,-5.418856858975599,16.83912884659031,-3.4299366236017144,-1.1612163,-0.5641880260000001,1.5328423,0.3004633283122061,-0.09007239181088862,0.9495307821061714,17.5873467754645,-5.734950048949039,2.016715993765808,2.115226625652496,2.4234101922951856
05/05/2023 11:39:58.832281,682,True,True,True,True,Eyes,0.9305437,0.004693493,-1.915714,-0.5644798,-0.3121107,0.7641658,0.0,0.0,0.0,0.0,0.0,0.0,0.0,1.038398,0.4432212,1.767948,0.8357322,0.008876495,-1.924014,0.1085576,-0.4499519,0.0001848953,0.8864303,11.10595,305.6212,354.3056,0.4619782,0.002997918,-0.8868859,-0.2490553,-0.004956123,-0.05879687,-0.3358906,-0.5258811,-0.3887419,0.5795996,-0.1120931,1.915,0.5950866,-0.09736358,0.797742,-0.09801916,0.9764305,0.1922911,-0.7976617,-0.1926238,0.5715172,moving,17.79971353770821,-6.175626951775703,16.839120623981625,-3.3499433832478873,-1.1716228,-0.534757595,1.5352720999999998,0.3040810170439975,-0.10248228259172486,0.9471177436731126,17.84228424481247,-6.472870950143686,2.8416857455921543,2.9844976755477335,3.2800935715671526
05/05/2023 11:39:58.842115,683,True,True,True,True,Eyes,0.9256744,0.005032611,-1.915883,-0.5649356,-0.3110199,0.7642738,0.0,0.0,0.0,0.0,0.0,0.0,0.0,1.055695,0.457699,1.750964,0.8258374,0.01119773,-1.925545,0.1129878,-0.4524052,0.002628833,0.8846221,11.67042,305.2437,354.2815,0.4594888,0.002918599,-0.8881785,-0.234112,-0.004658755,-0.05526906,-0.3517889,-0.5393417,-0.4006732,0.5795997,-0.1094068,1.915,0.5906453,-0.0975815,0.8010094,-0.1068836,0.9744537,0.1975244,-0.7998213,-0.2022816,0.5651265,moving,18.06956557058688,-5.534490489209158,16.839123364851268,-3.2698386532857153,-1.1776263,-0.55053943,1.5248718,0.308863806402694,-0.09172938691857657,0.9466725518254931,18.088060415991173,-5.850844778140556,2.4609318975398855,2.577331169952155,2.8673047229494535
05/05/2023 11:39:58.867151,684,True,True,True,True,Eyes,0.9206008,0.005427558,-1.916072,-0.5655898,-0.3098115,0.7642807,0.0,0.0,0.0,0.0,0.0,0.0,0.0,1.071826,0.45373,1.736669,0.813962,0.01535879,-1.925599,0.113216,-0.4547645,0.0009345064,0.883386,11.58824,304.9185,354.0633,0.4570591,0.002863351,-0.8894314,-0.2200653,-0.00437923,-0.05195291,-0.3732207,-0.5321993,-0.4072561,0.5795998,-0.1068931,1.915,0.5863768,-0.1013222,0.8036767,-0.1046243,0.9743626,0.1991769,-0.8032535,-0.2008769,0.5607429,moving,18.377068146193334,-5.467770909479691,16.83912610572083,-3.19486921034176,-1.1871827,-0.54755809,1.5183429,0.3139764487227026,-0.09046729150030774,0.9451108054640255,18.38602144124087,-5.787966865632462,2.6267188718090426,2.744330128427851,3.0194437615110163
05/05/2023 11:39:58.882135,685,True,True,True,True,Eyes,0.9152902,0.005894107,-1.916276,-0.5663584,-0.3087795,0.7641291,0.0,0.0,0.0,0.0,0.0,0.0,0.0,1.090003,0.4416023,1.72482,0.8037267,0.01711585,-1.926618,0.1107898,-0.4576061,-0.0005264751,0.8822256,11.2448,304.5788,354.0116,0.4546748,0.002832431,-0.8906527,-0.2068614,-0.004116476,-0.04883574,-0.3953855,-0.5172547,-0.4131465,0.5796002,-0.104193,1.915,0.5811928,-0.1023251,0.807307,-0.1004673,0.9754506,0.1959651,-0.8075402,-0.1950014,0.5566446,moving,18.708674718080854,-5.726495806754378,16.839137069198276,-3.114328316411467,-1.1991122,-0.53437055,1.5134714999999999,0.3193192416141226,-0.09455612994059863,0.9429179490089573,18.716251279309024,-6.04190114900386,3.074505844544503,3.212256219262993,3.477677450243588
05/05/2023 11:39:58.892577,686,True,True,True,True,Eyes,0.9097648,0.006373731,-1.916487,-0.5672399,-0.307376,0.7640412,0.0,0.0,0.0,0.0,0.0,0.0,0.0,1.106128,0.4445822,1.709254,0.7927561,0.0193276,-1.927144,0.1123951,-0.4599186,0.000296236,0.880819,11.43593,304.2537,353.9759,0.4523213,0.002826822,-0.8918503,-0.1944497,-0.003869487,-0.04590559,-0.4137408,-0.518743,-0.4210657,0.5796,-0.1013201,1.915,0.5769497,-0.1028634,0.8102767,-0.1039071,0.9747345,0.1977271,-0.8101435,-0.198272,0.5516844,moving,18.94980993224577,-5.433337731522185,16.839131587459715,-3.0286194736225167,-1.2064968999999999,-0.5380706,1.5060783,0.32343367755637487,-0.08959819443940648,0.9419994079621318,18.9434128943595,-5.758262034202593,3.0751992209541874,3.199630130972144,3.446585023918317
05/05/2023 11:39:58.912164,687,True,True,True,True,Eyes,0.9040619,0.00679215,-1.916755,-0.5681851,-0.3059674,0.7639042,0.0,0.0,0.0,0.0,0.0,0.0,0.0,1.118387,0.4248994,1.701798,0.782072,0.02005332,-1.927539,0.1077998,-0.4613411,-0.001798039,0.8806477,10.84824,304.1329,354.0017,0.4499866,0.002844668,-0.8930305,-0.1827827,-0.003637318,-0.04315126,-0.4323387,-0.496236,-0.4203727,0.5796002,-0.09867913,1.915,0.5743223,-0.1026318,0.8121703,-0.0962981,0.9767519,0.1915264,-0.8129457,-0.1882083,0.5510872,moving,19.091024244994763,-5.93879028440634,16.839137069198276,-2.9498179497979113,-1.2144107,-0.51628932,1.5071663,0.32550090794023384,-0.09783136761731925,0.9404669940740179,19.094694860897892,-6.250995864579049,3.582021235574115,3.7423189962336507,3.9981641507991625
05/05/2023 11:39:58.932215,688,True,True,True,True,Eyes,0.8981867,0.007151458,-1.917061,-0.5691113,-0.3048257,0.7636712,0.0,0.0,0.0,0.0,0.0,0.0,0.0,1.131592,0.4209924,1.691317,0.7721263,0.01899212,-1.929183,0.1068575,-0.4628093,-0.0008511108,0.8799933,10.79409,303.9633,354.1332,0.4476606,0.002880783,-0.8941987,-0.1718158,-0.003419079,-0.04056218,-0.4473833,-0.4918603,-0.4244425,0.5796002,-0.09621269,1.915,0.5716137,-0.1004072,0.8143563,-0.09741133,0.9771615,0.1888555,-0.8147201,-0.1872799,0.548778,moving,19.19502294720806,-5.965102536654017,16.839137069198276,-2.876213975387966,-1.2195096,-0.51085242,1.5047405,0.3271954300988772,-0.0982024598981999,0.9398401503819537,19.19678396541831,-6.277286933876602,3.7186871297695014,3.8847690811843862,4.138332533305968
05/05/2023 11:39:58.941968,689,True,True,True,True,Eyes,0.892142,0.00741594,-1.917434,-0.5701187,-0.303655,0.7633861,0.0,0.0,0.0,0.0,0.0,0.0,0.0,1.145549,0.4256706,1.677652,0.7619813,0.01799572,-1.930558,0.1082834,-0.46445,0.001949582,0.8789522,11.07903,303.7434,354.3183,0.4453344,0.002930596,-0.8953593,-0.1615068,-0.003213934,-0.03812845,-0.4614795,-0.4974633,-0.4307855,0.5795999,-0.09334463,1.914999,0.5685648,-0.09715728,0.816881,-0.1040116,0.9765418,0.1885409,-0.8160366,-0.1921629,0.5451217,moving,19.29243449371381,-5.670178801589071,16.839137142195607,-2.79061430225481,-1.2234608,-0.51545902,1.4997725,0.3289485237568409,-0.09330329919348092,0.9397272965417718,19.28379343741648,-5.990976763546778,3.630990236042897,3.7829300285350764,4.027240281558803
05/05/2023 11:39:58.962055,690,True,True,True,True,Eyes,0.8859481,0.007691369,-1.917897,-0.5712585,-0.302823,0.7628643,0.0,0.0,0.0,0.0,0.0,0.0,0.0,1.160784,0.4207832,1.666058,0.7518898,0.01596936,-1.93252,0.107003,-0.4663053,0.003759091,0.8781205,11.03618,303.5343,354.5518,0.4429995,0.002988287,-0.8965166,-0.1518164,-0.003021098,-0.03584074,-0.4776633,-0.4933281,-0.4357849,0.5796002,-0.09077984,1.915,0.5650904,-0.09319022,0.8197491,-0.106394,0.9770725,0.1844172,-0.8181401,-0.1914288,0.5422193,moving,19.40532755965955,-5.741906872178161,16.839137069198276,-2.7140526496279866,-1.2295531,-0.50929746,1.4967351,0.3307646148620088,-0.09441617276718017,0.9389783486539638,19.395777039260643,-6.061515691467474,3.808348397021697,3.969034495484865,4.212115472420216
05/05/2023 11:39:58.982306,691,True,True,True,True,Eyes,0.8795663,0.008080582,-1.918409,-0.5725741,-0.3020078,0.7622009,0.0,0.0,0.0,0.0,0.0,0.0,0.0,1.179614,0.4316705,1.648373,0.7422895,0.01657508,-1.934862,0.1105099,-0.4690887,0.007408647,0.8761784,11.57225,303.1339,354.6881,0.4406485,0.003053617,-0.8976742,-0.1427074,-0.002839832,-0.0336903,-0.4939724,-0.5062027,-0.4484895,0.5795999,-0.08821952,1.915,0.5598019,-0.09069534,0.8236482,-0.1166605,0.9754653,0.1867023,-0.8203734,-0.2006035,0.5354868,moving,19.625926278117152,-5.205485895642544,16.83912884659031,-2.637616208361814,-1.2362619000000001,-0.52277778,1.4863725,0.3346479827078963,-0.0854968525315002,0.9384567326676295,19.596362567762128,-5.5410494175527845,3.6601311525973474,3.789484747986174,4.004030743313539
05/05/2023 11:39:58.992206,692,True,True,True,True,Eyes,0.8731381,0.008466964,-1.918786,-0.5756559,-0.299118,0.7610183,0.0,0.0,0.0,0.0,0.0,0.0,0.0,1.198876,0.4268269,1.632809,0.7314397,0.01969055,-1.936532,0.1103485,-0.4721435,0.007200729,0.8745582,11.52595,302.7321,354.6355,0.4382742,0.003131237,-0.8988355,-0.134145,-0.002669442,-0.03166888,-0.5158705,-0.4994657,-0.4583,0.5796,-0.08551326,1.915001,0.5540572,-0.09160571,0.8274232,-0.1167955,0.9755427,0.1862127,-0.8242448,-0.1998118,0.5298074,moving,19.834550429809735,-5.0510354933314305,16.839123291861164,-2.5568112946400054,-1.2473102,-0.51915625,1.478232,0.3381385330750939,-0.0828570050532823,0.9374418356501505,19.795570403701575,-5.392155088824291,3.775083712360346,3.897914582452603,4.096309797406545
05/05/2023 11:39:59.012547,693,True,True,True,True,Eyes,0.866568,0.008811167,-1.919251,-0.5788016,-0.2962761,0.7597429,0.0,0.0,0.0,0.0,0.0,0.0,0.0,1.217286,0.4030938,1.622698,0.7207958,0.02015226,-1.938419,0.1045521,-0.4749802,0.005058355,0.873749,10.80749,302.4417,354.7147,0.4358784,0.003219859,-0.8999995,-0.1260963,-0.002509276,-0.02976875,-0.539681,-0.4723195,-0.4623829,0.5796005,-0.08276147,1.915,0.5487365,-0.09048087,0.8310846,-0.1081598,0.9780866,0.1778993,-0.8289692,-0.1875098,0.5269253,moving,20.00240801377693,-5.616833212718859,16.839145291805533,-2.4746391767082283,-1.2604768,-0.49247176,1.4760361,0.3406082569044149,-0.09202287021269467,0.9356911351405086,19.974451232876373,-5.943780499489122,4.293648582455094,4.458656121316676,4.676011640441037
05/05/2023 11:39:59.032231,694,True,True,True,True,Eyes,0.8596948,0.009174008,-1.919997,-0.581987,-0.2932975,0.758464,0.0,0.0,0.0,0.0,0.0,0.0,0.0,1.238168,0.3936106,1.607864,0.7108883,0.01942759,-1.940998,0.102833,-0.4780943,0.008873486,0.8722228,10.82858,302.0839,355.1613,0.4334553,0.003316402,-0.9011685,-0.1185305,-0.002358719,-0.02798262,-0.5590793,-0.4667966,-0.471184,0.5796002,-0.08013904,1.915,0.5426942,-0.08284845,0.8358345,-0.1138071,0.9786932,0.1709019,-0.8321846,-0.1878713,0.5217024,moving,20.111071651362593,-5.569796468990183,16.839137069198276,-2.396319164493716,-1.2699676,-0.48622419,1.469814,0.34240849629519554,-0.09119119082616739,0.9351152438880561,20.079110812157495,-5.898735085995321,4.392220496357284,4.558126162373848,4.771199759206599
05/05/2023 11:39:59.042417,695,True,True,True,True,Eyes,0.8527156,0.009517129,-1.920839,-0.5853349,-0.2903334,0.7570268,0.0,0.0,0.0,0.0,0.0,0.0,0.0,1.260269,0.3777041,1.592347,0.7004625,0.01964984,-1.943058,0.09979677,-0.4815929,0.01229466,0.8706078,10.69668,301.6916,355.6392,0.4309902,0.003420966,-0.9023498,-0.1114187,-0.002217196,-0.02630367,-0.580999,-0.4550121,-0.4795968,0.5796,-0.07748111,1.915,0.5358344,-0.07471517,0.8410108,-0.1175305,0.9797789,0.1619256,-0.836103,-0.1856097,0.5162179,moving,20.256333189117008,-5.691028142668429,16.839131587459715,-2.3169297864594878,-1.2814615,-0.47466193999999995,1.4634612,0.3447174987084042,-0.09308582744669702,0.934079696302513,20.22398209540268,-6.01765489010321,4.6238161153294035,4.802270973585419,5.015234715729721
05/05/2023 11:39:59.062254,696,True,True,True,True,Eyes,0.8456097,0.009868453,-1.921774,-0.5887246,-0.287742,0.755386,0.0,0.0,0.0,0.0,0.0,0.0,0.0,1.285485,0.3659258,1.574457,0.6909855,0.01950365,-1.946137,0.09767464,-0.4859788,0.01544482,0.8683581,10.64043,301.1624,356.026,0.42848,0.003531845,-0.903544,-0.1047335,-0.002084164,-0.02472545,-0.6048595,-0.4468628,-0.4928515,0.5796,-0.07475577,1.915,0.5271721,-0.06811234,0.8470244,-0.1217589,0.9804422,0.1546214,-0.8409901,-0.1846448,0.5085685,moving,20.524640906343908,-5.734466283140454,16.839131587459715,-2.235517706301577,-1.295845,-0.46636645,1.4532855,0.34906988874066547,-0.09363312211752148,0.932407192927138,20.486704337198614,-6.061698785982268,4.896188529906407,5.08189138834598,5.286250903915202
05/05/2023 11:39:59.082146,697,True,True,True,True,Eyes,0.8383987,0.01027968,-1.922789,-0.5922039,-0.2854078,0.7535495,0.0,0.0,0.0,0.0,0.0,0.0,0.0,1.309599,0.3687069,1.552838,0.6811275,0.02008869,-1.948835,0.09955355,-0.4902356,0.01914769,0.8656743,11.01906,300.5905,356.2347,0.4259219,0.003648807,-0.9047523,-0.09844952,-0.001959115,-0.02324192,-0.6269567,-0.4538767,-0.509173,0.5796005,-0.07206202,1.915,0.5186051,-0.06445803,0.8525808,-0.1307607,0.9794449,0.1535881,-0.844956,-0.1911356,0.4995165,moving,20.79745647513253,-5.298138639681436,16.839145291805533,-2.155040413689855,-1.3080842000000001,-0.47396539000000004,1.4396620000000002,0.35373867488626365,-0.08636804151193467,0.9313481796414287,20.7408896791152,-5.6389680224385135,4.895887426301837,5.054433092076994,5.230808813835928
05/05/2023 11:39:59.100453,698,True,True,True,True,Eyes,0.8310974,0.01072796,-1.923892,-0.5955846,-0.2833118,0.7516738,0.0,0.0,0.0,0.0,0.0,0.0,0.0,1.331685,0.3696471,1.533136,0.6714264,0.02197051,-1.951726,0.1010576,-0.494075,0.0213604,0.8632619,11.27894,300.0682,356.3179,0.423314,0.003774128,-0.9059749,0.0,0.0,0.0,-0.6482762,-0.4569893,-0.524504,0.5796004,-0.06939,1.915001,0.5108672,-0.06298087,0.8573495,-0.1367394,0.9786622,0.1533711,-0.8487151,-0.1955857,0.4913545,moving,21.050613305697404,-4.948468106435021,16.839134255333214,-2.075202827951205,-1.3197025999999998,-0.47895981,1.427222,0.35802559123079525,-0.08054172876686572,0.9302315837112414,20.978247000029544,-5.300422896624701,4.9607816656239425,5.0982555008745045,5.24731348450632
05/05/2023 11:39:59.112159,699,True,True,True,True,Eyes,0.8237126,0.01115291,-1.925094,-0.5989279,-0.2814801,0.7497028,0.0,0.0,0.0,0.0,0.0,0.0,0.0,1.349415,0.3715747,1.516898,0.6620415,0.02334335,-1.954769,0.1025123,-0.4968381,0.02281185,0.8614655,11.49539,299.6843,356.3397,0.4206549,0.003908766,-0.9072121,0.0,0.0,0.0,-0.6660068,-0.4598089,-0.53686,0.5795999,-0.066725,1.915001,0.505263,-0.06256077,0.8606948,-0.1411673,0.9779417,0.153954,-0.8513409,-0.1992892,0.4852862,moving,21.179101335032236,-4.6301069278558336,16.83912055099295,-1.9955680836734668,-1.3280482999999998,-0.48315225,1.4179089999999999,0.3602586960191254,-0.07530235262220593,0.9298081479823783,21.09491870108424,-4.991514544960782,4.9576234397666585,5.07702945897855,5.204566561513114
05/05/2023 11:39:59.132294,700,True,True,True,True,Eyes,0.8162519,0.01159041,-1.92641,-0.6021727,-0.2798543,0.7477096,0.0,0.0,0.0,0.0,0.0,0.0,0.0,1.365875,0.3746938,1.501845,0.652667,0.02325078,-1.958325,0.1042073,-0.4990259,0.02576725,0.8599127,11.82572,299.3828,356.5037,0.4179438,0.00405069,-0.9084636,0.0,0.0,0.0,-0.6809252,-0.4663089,-0.5479627,0.5796001,-0.06398703,1.915,0.5006184,-0.05968913,0.8636078,-0.1483195,0.9769538,0.1535013,-0.8528673,-0.2049355,0.4802279,moving,21.213472535796633,-4.262601187719391,16.839134328329035,-1.9137458392760187,-1.3335922,-0.48955968000000005,1.4103623,0.3609734611001543,-0.0693163451740966,0.9299964733583783,21.118518930618563,-4.634165177726549,4.865781291927106,4.965073635025152,5.070879011702836
05/05/2023 11:39:59.142002,701,True,True,True,True,Eyes,0.8087151,0.01203865,-1.927832,-0.6054404,-0.2783725,0.7456211,0.0,0.0,0.0,0.0,0.0,0.0,0.0,1.382776,0.378805,1.486228,0.6435434,0.02401944,-1.962068,0.1064282,-0.5013384,0.02880426,0.8581977,12.21345,299.0556,356.6405,0.4151798,0.004199784,-0.9097294,0.0,0.0,0.0,-0.6957257,-0.4739914,-0.5601951,0.5796,-0.06117608,1.915,0.4956604,-0.05727358,0.866626,-0.1561526,0.9756867,0.1537915,-0.8543637,-0.2115542,0.4746658,moving,21.268068263741412,-3.8378643431267294,16.839131587459715,-1.829733450130589,-1.3392691,-0.49801084,1.4018728999999999,0.36202522933791403,-0.06239309676031721,0.9300779463427291,21.160291848932335,-4.221264965000674,4.785933605302002,4.862928106184446,4.938810483501764
05/05/2023 11:39:59.162393,702,True,True,True,True,Eyes,0.8011287,0.01247357,-1.92932,-0.608683,-0.2768037,0.7435622,0.0,0.0,0.0,0.0,0.0,0.0,0.0,1.400809,0.3770297,1.470907,0.6342006,0.02474539,-1.966001,0.1069795,-0.5039918,0.03072729,0.8565066,12.37035,298.7014,356.7605,0.4123622,0.004355851,-0.9110093,0.0,0.0,0.0,-0.7130291,-0.4747783,-0.5724232,0.5796005,-0.05873629,1.915,0.4900962,-0.05519732,0.869919,-0.1604698,0.9752225,0.1522847,-0.8567702,-0.2142299,0.4690953,moving,21.37312686424052,-3.633835066639421,16.839145291805533,-1.7568077276810006,-1.3472297,-0.49952368999999996,1.3935778,0.3638044075034177,-0.05903679454048172,0.9296026237393062,21.25720571348655,-4.023444382631088,4.838958406070019,4.907160128870603,4.965571428867735
05/05/2023 11:39:59.182369,703,True,True,True,True,Eyes,0.7934777,0.01287917,-1.93091,-0.6119488,-0.2752447,0.7414574,0.0,0.0,0.0,0.0,0.0,0.0,0.0,1.418046,0.3713883,1.45694,0.6249909,0.02488583,-1.969828,0.1063062,-0.5065297,0.03209833,0.8550418,12.37505,298.3787,356.9011,0.4094926,0.004517565,-0.912302,0.0,0.0,0.0,-0.730625,-0.4708131,-0.5831432,0.5796004,-0.05607305,1.915001,0.4847948,-0.05280365,0.8730326,-0.1625853,0.9753374,0.149275,-0.8593836,-0.21431,0.4642534,moving,21.456981465210625,-3.5893652630052713,16.839134255333214,-1.6771956805944883,-1.3556159,-0.49569893,1.3866847999999998,0.3651807657238619,-0.058281544179522936,0.9291105018606097,21.337750161420804,-3.980732041542654,4.929133406552686,4.998090171822595,5.0540899118154385
05/05/2023 11:39:59.192347,704,True,True,True,True,Eyes,0.7857642,0.01327762,-1.932603,-0.6152006,-0.2733781,0.7394543,0.0,0.0,0.0,0.0,0.0,0.0,0.0,1.435646,0.3621877,1.443473,0.6158134,0.02458168,-1.97384,0.1049298,-0.5090213,0.03466533,0.8536306,12.38229,298.0813,357.2043,0.4065707,0.004682957,-0.9136071,0.0,0.0,0.0,-0.7477381,-0.4657368,-0.5931419,0.5795999,-0.05336963,1.915,0.4793912,-0.04764026,0.8763072,-0.1660058,0.9755761,0.1438518,-0.8617576,-0.2144334,0.459774,moving,21.513036670387773,-3.58586571593177,16.83912884659031,-1.5963776751316754,-1.3635514999999998,-0.49031848,1.3806981,0.36609127150352916,-0.058202423438586184,0.9287570642656049,21.392299512791435,-3.9776987646365143,5.007548457905074,5.079712295971273,5.138292833896772
05/05/2023 11:39:59.212244,705,True,True,True,True,Eyes,0.7779946,0.0136505,-1.934385,-0.6184775,-0.2713395,0.737469,0.0,0.0,0.0,0.0,0.0,0.0,0.0,1.452208,0.3486696,1.431498,0.6068744,0.02473311,-1.977564,0.1025463,-0.5113518,0.03701238,0.8524281,12.27942,297.8192,357.5497,0.4035958,0.004851345,-0.9149242,0.0,0.0,0.0,-0.7646263,-0.4562781,-0.6015737,0.5796,-0.05072375,1.915,0.4742988,-0.04177371,0.8793723,-0.1679753,0.9762287,0.136974,-0.8641903,-0.2126794,0.4560071,moving,21.540736725377336,-3.6965698607640434,16.839131587459715,-1.5172728002026667,-1.3715007,-0.48101121,1.3759903000000002,0.36650147553158424,-0.05998640382524943,0.9284817542724173,21.422285885534425,-4.085595845857704,5.099992592655389,5.182125678817991,5.253721213273831
05/05/2023 11:39:59.232669,706,True,True,True,True,Eyes,0.7701649,0.01396625,-1.93627,-0.6217849,-0.2689273,0.735569,0.0,0.0,0.0,0.0,0.0,0.0,0.0,1.467378,0.3319212,1.421555,0.597787,0.02444919,-1.981474,0.09894345,-0.5133504,0.03820488,0.8515997,11.99026,297.6116,357.8607,0.4005691,0.005021173,-0.9162524,0.0,0.0,0.0,-0.7816572,-0.4415251,-0.6083498,0.5795998,-0.04805918,1.915,0.4700236,-0.03651477,0.8818982,-0.1666559,0.9775012,0.1292954,-0.8667778,-0.2077454,0.4533632,moving,21.53189774479047,-3.952952823710597,16.83912610572083,-1.4376032964130807,-1.3794442,-0.46597429,1.3731242,0.3662632829827325,-0.06414695884941676,0.9282976265850202,21.420579829610517,-4.334993816349591,5.222546735151549,5.324386246407392,5.420755486937281
05/05/2023 11:39:59.242361,707,True,True,True,True,Eyes,0.7622892,0.01422043,-1.938256,-0.6250961,-0.266433,0.7336677,0.0,0.0,0.0,0.0,0.0,0.0,0.0,1.481452,0.3145895,1.412632,0.5887645,0.02329868,-1.985449,0.09491972,-0.5150751,0.03922113,0.8509698,11.65109,297.4434,358.1844,0.3974907,0.00518954,-0.9175911,0.0,0.0,0.0,-0.7980312,-0.4254945,-0.6141105,0.5795999,-0.04502153,1.915,0.4663186,-0.03102959,0.8840725,-0.1645336,0.9789039,0.121144,-0.869181,-0.2019513,0.4513756,moving,21.48537606816306,-4.256131043716687,16.83912884659031,-1.3467720945649468,-1.3867957,-0.44879318,1.3713385,0.36538868374419764,-0.06908359426346489,0.9282879610028472,21.38340125148515,-4.6296729441730475,5.355334181514223,5.48196887431713,5.606054733789738
05/05/2023 11:39:59.262468,708,True,True,True,True,Eyes,0.7543551,0.01445144,-1.940348,-0.6284549,-0.2636908,0.7317865,0.0,0.0,0.0,0.0,0.0,0.0,0.0,1.496454,0.3015007,1.402086,0.5798045,0.02204876,-1.989839,0.09211811,-0.5169691,0.04082642,0.8500532,11.46812,297.2357,358.4894,0.394361,0.005353631,-0.9189396,0.0,0.0,0.0,-0.8140042,-0.4154512,-0.6220417,0.5796001,-0.04264654,1.915,0.4621523,-0.02583517,0.8864242,-0.1646537,0.9796949,0.1143986,-0.8713807,-0.1988226,0.4485144,moving,21.467364020982703,-4.382662279434187,16.839134328329035,-1.2757508796405461,-1.3938087,-0.43749996,1.3677972999999999,0.365043829671958,-0.07114377781436834,0.9282679818983472,21.369253192688074,-4.752666398080835,5.435248085130493,5.574352745757013,5.710597030748408
05/05/2023 11:39:59.282142,709,True,True,True,True,Eyes,0.7463768,0.01464141,-1.942549,-0.6318368,-0.2608626,0.7298856,0.0,0.0,0.0,0.0,0.0,0.0,0.0,1.511261,0.2903406,1.390857,0.5706735,0.02166275,-1.99413,0.08961958,-0.5189871,0.04087115,0.849088,11.22212,296.9955,358.6204,0.3911799,0.00551274,-0.9202973,0.0,0.0,0.0,-0.8311195,-0.4039004,-0.6308141,0.5795999,-0.03996669,1.915,0.4579639,-0.02361642,0.888657,-0.1624292,0.9805957,0.1097666,-0.8740056,-0.194613,0.4452415,moving,21.493713823226006,-4.501350838773467,16.83912884659031,-1.1956084963190836,-1.401793,-0.42556315,1.3633159,0.36542010013530674,-0.07305495683405193,0.927971524724459,21.39813851926968,-4.868323234755233,5.557502881119137,5.709036148021706,5.854349045411468
05/05/2023 11:39:59.292717,710,True,True,True,True,Eyes,0.7383556,0.01478047,-1.944874,-0.6352475,-0.2580599,0.7279187,0.0,0.0,0.0,0.0,0.0,0.0,0.0,1.525674,0.2821984,1.379961,0.5616571,0.02082741,-1.99893,0.08734804,-0.5209238,0.03953506,0.8482016,10.91584,296.7541,358.6031,0.3879484,0.005665357,-0.9216633,0.0,0.0,0.0,-0.8482791,-0.3922645,-0.6402593,0.5795997,-0.03726608,1.915,0.4541509,-0.02393593,0.8906031,-0.1580707,0.9816146,0.106988,-0.8767899,-0.189367,0.4420176,moving,21.530698867842776,-4.623929082170613,16.839123364851268,-1.1148405407618343,-1.4099362,-0.41309191,1.3586707000000002,0.3659654039920658,-0.07502280855764759,0.9275995005016965,21.437496121068392,-4.987835199846017,5.694298584412454,5.858718553721148,6.012081140039152
05/05/2023 11:39:59.312251,711,True,True,True,True,Eyes,0.7302892,0.01488288,-1.947309,-0.638644,-0.2552682,0.7259283,0.0,0.0,0.0,0.0,0.0,0.0,0.0,1.540214,0.2798119,1.368034,0.5527298,0.01971471,-2.004039,0.08648778,-0.5228462,0.03837656,0.8471594,10.75839,296.4966,358.5175,0.3846667,0.005809645,-0.9230369,0.0,0.0,0.0,-0.8646104,-0.3864766,-0.6510737,0.5795997,-0.03460994,1.915,0.4503183,-0.02541748,0.8925062,-0.1554617,0.9820942,0.1064078,-0.8792299,-0.1866679,0.4383035,moving,21.58023806930791,-4.572750324579842,16.839123364851268,-1.0353982384779257,-1.4173402,-0.40619131,1.3529653000000001,0.3667907962805439,-0.07416829986655407,0.9273421614845946,21.48440843976364,-4.938367591346225,5.750513935823857,5.91532149776025,6.067276423291824
05/05/2023 11:39:59.332178,712,True,True,True,True,Eyes,0.7221695,0.01493687,-1.949898,-0.6420497,-0.2524919,0.7238924,0.0,0.0,0.0,0.0,0.0,0.0,0.0,1.553594,0.2777825,1.356999,0.5435958,0.0189117,-2.009082,0.08560312,-0.5244677,0.03668161,0.8463216,10.56624,296.2775,358.3851,0.3813354,0.00594464,-0.9244173,0.0,0.0,0.0,-0.8803642,-0.3796572,-0.6608758,0.5795997,-0.03190795,1.915,0.4471761,-0.02770327,0.8940168,-0.151881,0.9826532,0.1064189,-0.8814566,-0.1833722,0.4352114,moving,21.59568703461261,-4.53574053440265,16.839123364851268,-0.9545805282545633,-1.4239600000000001,-0.39856889999999995,1.3482062,0.3670574339869106,-0.07356096914086652,0.927285181369497,21.498470850190408,-4.902460097328418,5.787529047508894,5.953957081985732,6.106985515051345
05/05/2023 11:39:59.352040,713,True,True,True,True,Eyes,0.7140181,0.01493791,-1.952603,-0.6453799,-0.2498105,0.7218584,0.0,0.0,0.0,0.0,0.0,0.0,0.0,1.566422,0.2749411,1.347291,0.5346651,0.01774079,-2.014518,0.08438974,-0.5258417,0.03507923,0.8456586,10.34775,296.097,358.2862,0.3779541,0.006068887,-0.9258041,0.0,0.0,0.0,-0.8951639,-0.3719963,-0.6700072,0.5796,-0.02919596,1.915,0.44452,-0.02942117,0.8952858,-0.1480814,0.9832956,0.1058376,-0.8834444,-0.1796221,0.4327378,moving,21.575943128384292,-4.541799959571511,16.839131587459715,-0.8734598938998289,-1.429829,-0.38973709,1.3445107999999997,0.36673491358733046,-0.07366910259721383,0.9274041283946466,21.479387437623082,-4.908224891874701,5.819848407648046,5.99116870165149,6.149089602848418
05/05/2023 11:39:59.361994,714,True,True,True,True,Eyes,0.5101305,0.01373214,-2.022523,-0.7229494,-0.1846415,0.6657714,0.0,0.0,0.0,0.0,0.0,0.0,0.0,1.578156,0.2764277,1.337953,0.52576,0.01646344,-2.020003,0.08444346,-0.5268269,0.03424827,0.8450739,10.30032,295.9572,358.1892,0.3745238,0.00618087,-0.9271963,0.0,0.0,0.0,-0.9079275,-0.3699079,-0.678692,0.5796001,-0.02637295,1.915,0.442561,-0.03108952,0.8961994,-0.1468588,0.9833927,0.1066361,-0.8846312,-0.1788077,0.4306455,moving,16.40695025955226,-0.26330334722385795,16.839134328329035,-0.7890147306214399,-1.4336875,-0.38637134,1.3413110000000001,0.28245506207154486,-0.004408367786867748,0.9592703371543319,16.32523599216763,-0.7110371427430532,0.6628572722290876,0.6805553085078734,0.519780726961659
05/05/2023 11:39:59.382104,715,True,True,True,True,Eyes,0.5097762,0.01371902,-2.022757,-0.7229813,-0.1846545,0.6657332,0.0,0.0,0.0,0.0,0.0,0.0,0.0,1.589237,0.2762041,1.330413,0.5170293,0.01526089,-2.025934,0.08408525,-0.5274913,0.03358727,0.8447216,10.22367,295.8676,358.1387,0.3586907,0.006208354,-0.9334355,-0.6116627,-0.003617319,-0.209758,-0.9195045,-0.3667294,-0.6864605,0.5796003,-0.02396072,1.915,0.4412495,-0.03196469,0.896815,-0.1454523,0.9836031,0.1066233,-0.8855182,-0.1774912,0.4293651,moving,16.4949525802906,-0.3277484056220513,16.83913981006744,-0.7168545668567645,-1.4365337999999999,-0.38199028999999995,1.3394735,0.2839265976054052,-0.005484846039906857,0.9588302987173053,16.4127593235237,-0.7743247527536534,0.5066905349342262,0.5194886465094972,0.43023614628747575
05/05/2023 11:39:59.392652,716,True,True,True,True,Eyes,0.5091004,0.01366154,-2.023202,-0.7230995,-0.1847318,0.6655834,0.0,0.0,0.0,0.0,0.0,0.0,0.0,1.599702,0.2776951,1.323051,0.5081747,0.01493289,-2.031788,0.08440279,-0.5279664,0.03303474,0.8444149,10.21977,295.7954,358.059,0.3453589,0.006236929,-0.9384496,-0.574963,-0.00340028,-0.1971726,-0.9303479,-0.3651253,-0.6939449,0.5795997,-0.02132063,1.915,0.4403204,-0.03333363,0.8972218,-0.1449137,0.9835698,0.1076595,-0.8860689,-0.1774244,0.4282553,moving,16.555385522609786,-0.31400642227313047,16.839123364851268,-0.6378755330315393,-1.4385226,-0.38005818999999996,1.3378431000000002,0.284938130738926,-0.0052532327082216584,0.9585315082897224,16.471300109186945,-0.7613547773815057,0.41989906530093496,0.43057910309639363,0.38799622574548415
05/05/2023 11:39:59.412551,717,True,True,True,True,Eyes,0.5081179,0.01356652,-2.023888,-0.7231967,-0.1848087,0.6654565,1.985308,-0.9276502,-0.3533355,-0.7027526,0.8164698,0.5421203,-0.1987023,0.5820416,-0.01275319,1.90143,0.499387,0.01382775,-2.03809,0.08421054,-0.5279127,0.03164141,0.844521,10.11607,295.798,357.9353,0.3340981,0.00626368,-0.9425171,-0.5404652,-0.003196263,-0.1853422,-0.9399098,-0.3614679,-0.6997741,0.5795999,-0.01868463,1.915,0.4406141,-0.03546795,0.8969958,-0.1423553,0.9838148,0.1088273,-0.8863376,-0.1756429,0.4284336,moving,16.548188363683472,-0.3853382663068626,16.83912884659031,-0.5590164339426196,-1.4392968000000002,-0.37529565,1.3383159,0.2848157472209164,-0.0064468215325852035,0.9585606420597229,16.46620680618898,-0.8307118107824033,0.3347948742674105,0.33883693793235964,0.46139920460833495
05/05/2023 11:39:59.432139,718,True,True,True,True,Eyes,0.5068359,0.01344527,-2.024819,-0.7233116,-0.1848591,0.6653177,1.993897,-0.9353732,-0.3551448,-0.698244,0.8285903,0.321264,0.4585058,0.5910941,-0.01223592,1.906078,0.4910389,0.01283085,-2.044579,0.08447406,-0.527595,0.03083488,0.8447229,10.09327,295.8336,357.8438,0.324545,0.006286344,-0.945849,-0.5080373,-0.003004487,-0.1742217,-0.9478235,-0.3599655,-0.705134,0.5796002,-0.01597941,1.915,0.4413853,-0.03704233,0.8965528,-0.1412301,0.9838267,0.1101777,-0.8861338,-0.175251,0.4290151,moving,16.504260209859623,-0.38321793780920316,16.839137069198276,-0.4780843360980074,-1.4388624,-0.37279635,1.339445,0.28408082353413355,-0.006412807214010899,0.9587789949119999,16.42332766030207,-0.8283574571871506,0.346792278595037,0.34805480092193825,0.5436807186981539
05/05/2023 11:39:59.446803,719,True,True,True,True,Eyes,0.5052602,0.01328691,-2.025982,-0.7234094,-0.1847503,0.6652415,0.0,0.0,0.0,0.0,0.0,0.0,0.0,1.624773,0.2844283,1.31175,0.4825559,0.01207017,-2.051455,0.08455355,-0.5271061,0.029601,0.8450643,10.02699,295.8929,357.7239,0.3163942,0.006303477,-0.9486066,-0.477555,-0.002824218,-0.1637684,-0.9555169,-0.3571697,-0.7102072,0.5795998,-0.01336277,1.915,0.4425659,-0.03910787,0.8958829,-0.1391669,0.9839489,0.1117006,-0.8858714,-0.1741121,0.4300197,moving,16.442551034955343,-0.4063666771782136,16.83912610572083,-0.3998004685843125,-1.4380728,-0.36923986999999997,1.3412477999999997,0.2830472823499731,-0.00680234137237052,0.9590818790837666,16.36379632143436,-0.8504715947684831,0.3966294379648987,0.3966294263515367,0.6550136394045011
05/05/2023 11:39:59.462662,720,True,True,True,True,Eyes,0.503427,0.01305166,-2.027393,-0.7235262,-0.1844184,0.6652064,0.0,0.0,0.0,0.0,0.0,0.0,0.0,1.632043,0.2832013,1.310418,0.4739252,0.01098594,-2.058212,0.08318204,-0.5264923,0.02713496,0.8456656,9.744859,295.9824,357.5753,0.3090304,0.006311164,-0.951031,-0.4489017,-0.002654765,-0.1539423,-0.9638333,-0.3478589,-0.7138316,0.5796005,-0.01070721,1.915,0.4441391,-0.0416952,0.8949872,-0.1334836,0.9846889,0.1121157,-0.8859586,-0.1692611,0.4317732,moving,16.362265991128815,-0.6231744090793762,16.839145291805533,-0.32035067919356053,-1.4377585,-0.35884484000000005,1.3443804000000001,0.28169424846373947,-0.010435788597374922,0.9594473970180752,16.291376609726832,-1.0608896976388453,0.5588095320960159,0.5649036013302381,0.9211126787240215
05/05/2023 11:39:59.482288,721,True,True,True,True,Eyes,0.5013472,0.0127399,-2.029033,-0.723626,-0.1840001,0.6652138,0.0,0.0,0.0,0.0,0.0,0.0,0.0,1.639545,0.2816274,1.310186,0.4658976,0.00886523,-2.06564,0.08148526,-0.5258205,0.02490633,0.8463172,9.44596,296.0853,357.4705,0.3022904,0.006306245,-0.9531948,-0.4219676,-0.002495479,-0.1447057,-0.9713246,-0.3385113,-0.7176992,0.5795999,-0.007974416,1.915,0.445785,-0.04353594,0.8940808,-0.1278505,0.9854797,0.1117323,-0.8859628,-0.1641173,0.4337459,moving,16.272928859852033,-0.8646849201052569,16.83912884659031,-0.23858889814998274,-1.4372222,-0.34737653,1.3479408000000002,0.28018378727989446,-0.01448657590213863,0.9598370741175695,16.21079857152148,-1.295283187143927,0.8261857446451712,0.844143739946369,1.2293908064405268
05/05/2023 11:39:59.492135,722,True,True,True,True,Eyes,0.4990381,0.01238923,-2.030926,-0.7237805,-0.1835393,0.6651731,0.0,0.0,0.0,0.0,0.0,0.0,0.0,1.647682,0.2821284,1.308354,0.4578957,0.006695792,-2.072807,0.08058224,-0.5253752,0.02345616,0.8467216,9.271213,296.1506,357.3896,0.2961011,0.006286338,-0.9551356,-0.3966496,-0.00234575,-0.1360234,-0.9790404,-0.3325202,-0.7224993,0.5796002,-0.004707411,1.915,0.4468617,-0.04495013,0.8934731,-0.1243935,0.9859126,0.1118149,-0.8859125,-0.161108,0.434975,moving,16.210847834956564,-0.9871822417072529,16.839137069198276,-0.14084294489418756,-1.4369361,-0.33921599199999997,1.3503077,0.2791347257640971,-0.01654392087900186,0.960109495496686,16.153582511722668,-1.4140594649164535,1.0275679421411983,1.054057667869302,1.4460516443520222
05/05/2023 11:39:59.512222,723,True,True,True,True,Eyes,0.4964975,0.01222532,-2.033054,-0.723877,-0.1833775,0.6651127,0.0,0.0,0.0,0.0,0.0,0.0,0.0,1.65605,0.2851538,1.306568,0.4502833,0.005402733,-2.08042,0.08091483,-0.5248432,0.02317878,0.8470274,9.288432,296.2173,357.3477,0.2903969,0.006251087,-0.9568856,-0.3728506,-0.002205005,-0.127862,-0.9851933,-0.3327575,-0.7283022,0.5796,-0.002638087,1.915,0.448005,-0.04566906,0.8928639,-0.1242013,0.9858311,0.1127437,-0.8853619,-0.1614046,0.4359851,moving,16.138754130273217,-0.9475472900075188,16.839131587459715,-0.07893010729624415,-1.4354766,-0.338160233,1.3521178000000003,0.2779293911232218,-0.01588553174352498,0.9604702107653524,16.08223591313118,-1.3750171952368118,1.0895648834844038,1.1158066107692215,1.5009106573489013
05/05/2023 11:39:59.532095,724,True,True,True,True,Eyes,0.4937281,0.01224529,-2.035367,-0.7241365,-0.1827722,0.6649967,0.0,0.0,0.0,0.0,0.0,0.0,0.0,1.664128,0.2992936,1.302764,0.4421804,0.009768642,-2.088174,0.08502457,-0.5242761,0.02171344,0.8470149,9.601921,296.2318,356.9554,0.2851179,0.006210963,-0.9584721,-0.3504796,-0.002072705,-0.1201903,-0.9911023,-0.3400335,-0.7366934,0.5796003,-2.375245e-05,1.915,0.4493263,-0.05236947,0.8918314,-0.1259359,0.9845988,0.1212664,-0.8844467,-0.1668018,0.435811,moving,16.09746503928496,-0.48427528067955844,16.83913981006744,-0.0007106606464886282,-1.4332827,-0.349802142,1.3514806,0.27726299649405317,-0.008120724910555661,0.960759721958641,16.029499846984294,-0.9239870186452344,0.8751743448938788,0.8853904265141865,1.2279886412588297
05/05/2023 11:39:59.542453,725,True,True,True,True,Eyes,0.4907986,0.01213124,-2.037913,-0.7242934,-0.1819544,0.6650502,0.0,0.0,0.0,0.0,0.0,0.0,0.0,1.667851,0.3042589,1.305742,0.4336654,0.01416983,-2.09547,0.08368496,-0.5230227,0.01180127,0.8481185,8.875863,296.3727,356.0814,0.280211,0.006175242,-0.9599183,-0.3294508,-0.001948343,-0.1129789,-0.9994316,-0.3178315,-0.7393073,0.5796002,0.002644733,1.915,0.452616,-0.06752051,0.8891456,-0.107556,0.9857152,0.1296048,-0.8851953,-0.1542942,0.4388882,moving,16.010725727298148,-0.9096100020323045,16.839137069198276,0.07912895169633842,-1.433097,-0.33200133,1.3561627,0.2757851987466185,-0.01525937877167692,0.9610982140212055,15.956408868981232,-1.337255797473934,1.2604941059055355,1.2899108767698577,1.6689382352683275
05/05/2023 11:39:59.562385,726,True,True,True,True,Eyes,0.4877745,0.01204434,-2.04067,-0.7244008,-0.1820858,0.6648973,0.0,0.0,0.0,0.0,0.0,0.0,0.0,1.670703,0.3056625,1.312584,0.4268793,0.01078765,-2.103619,0.0816185,-0.5209827,0.008010335,0.8496184,8.455177,296.6608,355.8587,0.2756304,0.006137056,-0.9612437,-0.3096837,-0.001831442,-0.1062001,-1.001549,-0.3069216,-0.7391242,0.5795999,0.005338043,1.915001,0.4570258,-0.0714322,0.8865805,-0.09865511,0.9865485,0.1303427,-0.8839653,-0.1470357,0.443831,moving,15.752630257682913,-1.2803801186896935,16.83912055099295,0.15971090490769135,-1.4284283,-0.31770925,1.3644948000000001,0.27142186656349265,-0.021506170699980016,0.9622202617501792,15.71480597118879,-1.6962977353589586,1.7603966502757753,1.8039743107102966,2.169988789626495
05/05/2023 11:39:59.582237,727,True,True,True,True,Eyes,0.4845812,0.01210857,-2.043621,-0.724462,-0.1824302,0.6647361,0.0,0.0,0.0,0.0,0.0,0.0,0.0,1.678485,0.3353394,1.307204,0.4211664,0.01164285,-2.112115,0.09191721,-0.5199203,0.0156427,0.849111,9.925165,296.6918,355.9824,0.2713382,0.006097923,-0.9624644,-0.2911027,-0.001721556,-0.09982812,-0.9991719,-0.3505519,-0.7502488,0.5795999,0.008018166,1.915,0.4588763,-0.06901447,0.8858157,-0.122144,0.9826131,0.1398299,-0.8800645,-0.1723617,0.4424682,moving,15.603942597782309,0.12970733317991515,16.83912884659031,0.2398978520133904,-1.4203383,-0.36219475,1.3618662000000001,0.26898546378762445,0.002180383408720052,0.9631417944199064,15.53185600914922,-0.3233188341976385,1.2396083790514707,1.2400915368170087,1.423437848006653
05/05/2023 11:39:59.592204,728,True,True,True,True,Eyes,0.4812849,0.01234327,-2.046775,-0.7247094,-0.1829158,0.6643329,0.0,0.0,0.0,0.0,0.0,0.0,0.0,1.687322,0.3422712,1.304024,0.4139056,0.01537731,-2.119701,0.09466843,-0.5195394,0.01606933,0.8490338,10.22131,296.7029,355.8581,0.2672965,0.006065115,-0.9635949,-0.2736365,-0.001618262,-0.09383843,-1.004636,-0.3551899,-0.7581958,0.5796,0.01064591,1.915001,0.4596411,-0.07108115,0.8852556,-0.1256548,0.9815594,0.1440561,-0.8791706,-0.1774507,0.4422333,moving,15.545707295725986,0.4294878731871323,16.839123291861164,0.31851650654293373,-1.4185416000000002,-0.37056721,1.3615052,0.2680000457058085,0.007221699159698711,0.9633918875116922,15.467007079217154,-0.03125090484527582,1.2979682453764085,1.298167779323318,1.4159944007903946
05/05/2023 11:39:59.612371,729,True,True,True,True,Eyes,0.4778144,0.0127549,-2.050096,-0.7250178,-0.1834353,0.6638529,0.0,0.0,0.0,0.0,0.0,0.0,0.0,1.699379,0.3518814,1.297792,0.4078428,0.01984917,-2.128202,0.09815519,-0.5201617,0.01622672,0.8482537,10.56798,296.5629,355.6487,0.2634745,0.006046066,-0.9646471,-0.2572184,-0.001521167,-0.08820812,-1.012058,-0.3613921,-0.771044,0.5795997,0.01346932,1.915,0.4583371,-0.07458439,0.8856435,-0.1296419,0.9802045,0.14964,-0.8792726,-0.183402,0.4395948,moving,15.625020385130165,0.8048277734154784,16.839123364851268,0.4029882313460352,-1.4199008,-0.38124126999999997,1.357158,0.26931575091305787,0.013527444033924876,0.9629569185635385,15.534206356883214,0.3334229469088103,1.2749531980670743,1.278874920755834,1.3067699592824786
05/05/2023 11:39:59.632181,730,True,True,True,True,Eyes,0.387879,0.02488234,-2.136915,-0.7394824,-0.1746666,0.6501211,0.0,0.0,0.0,0.0,0.0,0.0,0.0,1.71248,0.3531051,1.289966,0.4002053,0.0245193,-2.135536,0.09921146,-0.5212415,0.01510106,0.8474885,10.59722,296.392,355.4585,0.2598412,0.006047755,-0.965632,-0.2417853,-0.001429897,-0.08291563,-1.023629,-0.3570145,-0.7825587,0.5795999,0.01607597,1.915001,0.4561586,-0.07783029,0.8864886,-0.1290222,0.9798581,0.1524185,-0.8804958,-0.1839037,0.4369288,moving,14.635368944508151,1.3829244589061755,16.83912055099295,0.4809729063322661,-1.4238342999999998,-0.38153380000000003,1.3529773,0.2525977936433845,0.02335160228162054,0.967289585929625,14.553893817705713,0.9024647427872028,2.3718391323171457,2.381184105917644,2.3237720608374657
05/05/2023 11:39:59.642412,731,True,True,True,True,Eyes,0.3876125,0.02491021,-2.137197,-0.7395613,-0.1745161,0.6500716,0.0,0.0,0.0,0.0,0.0,0.0,0.0,1.726658,0.3299058,1.287485,0.3934192,0.0267037,-2.142968,0.09285162,-0.5226261,0.01224943,0.8474021,9.79765,296.2917,355.5596,0.2500088,0.006700118,-0.96822,-0.4970842,0.03503821,-0.3383975,-1.03784,-0.3249545,-0.7896957,0.5795998,0.01876408,1.915,0.4534237,-0.07629298,0.8880237,-0.1178137,0.982457,0.1445616,-0.8834742,-0.1701691,0.436481,moving,14.78962487929258,0.5719355517263365,16.83912610572083,0.5613933083653002,-1.4312592000000002,-0.3516582,1.3532723000000002,0.2552587756133328,0.009651316297035056,0.9668245343957593,14.726124196899539,0.11236236602004479,2.0494683078915736,2.049528339893348,2.1601865321925064
05/05/2023 11:39:59.662634,732,True,True,True,True,Eyes,0.3870982,0.02499527,-2.137698,-0.7396348,-0.173569,0.6502417,0.0,0.0,0.0,0.0,0.0,0.0,0.0,1.74074,0.3165703,1.28158,0.3867744,0.02736549,-2.149999,0.09037223,-0.523873,0.01392133,0.8468744,9.651438,296.1691,355.8637,0.2418462,0.007243689,-0.9702872,-0.4672592,0.03293592,-0.3180937,-1.048903,-0.3137863,-0.7986782,0.5795998,0.02147855,1.914999,0.4507267,-0.07110789,0.8898253,-0.1182664,0.9832781,0.1384818,-0.8847929,-0.1676539,0.43478,moving,14.926316626699538,0.40641998626646464,16.839134401324934,0.6426001608648888,-1.4356773999999999,-0.34115179,1.3513208000000003,0.2575705971151412,0.006853975938427848,0.9662352270883708,14.863835080286739,-0.04958813732804629,1.9256220188178266,1.9273434861996426,2.0930676166452877
05/05/2023 11:39:59.682285,733,True,True,True,True,Eyes,0.3863251,0.02511709,-2.138438,-0.7398466,-0.1721485,0.6503782,0.0,0.0,0.0,0.0,0.0,0.0,0.0,1.755406,0.2952736,1.275828,0.3798532,0.02880941,-2.156676,0.08600809,-0.5253387,0.01520827,0.8463987,9.298225,296.0409,356.2454,0.2350447,0.007700474,-0.9719537,-0.4392236,0.03095976,-0.299008,-1.061521,-0.2942713,-0.8069339,0.5796002,0.02415572,1.915,0.4475759,-0.06462226,0.891908,-0.1161113,0.9847426,0.1296153,-0.886676,-0.1615732,0.4332436,moving,15.073891523985823,0.040437839612587886,16.839137069198276,0.7226879422565503,-1.4413741999999998,-0.32308071,1.3497421,0.26006446282206985,0.0006814885735454829,0.9655909648342006,15.017558286726333,-0.4066616385457641,1.881991674283379,1.8925002080449314,2.143263804670422
05/05/2023 11:39:59.692142,734,True,True,True,True,Eyes,0.3852869,0.02525454,-2.139427,-0.740037,-0.1701692,0.6506825,0.0,0.0,0.0,0.0,0.0,0.0,0.0,1.769587,0.2704856,1.27061,0.3729071,0.02970141,-2.163125,0.07964589,-0.5269223,0.01396688,0.8460582,8.597316,295.9081,356.5036,0.229346,0.008087857,-0.973311,-0.4128702,0.02910218,-0.2810676,-1.075644,-0.2649513,-0.8145072,0.5796003,0.02692139,1.915001,0.4443158,-0.06030079,0.8938386,-0.107568,0.9869229,0.1200512,-0.889389,-0.149489,0.432019,moving,15.252311208399691,-0.6072121302549723,16.83913151446532,0.8054201659137036,-1.4485511,-0.29465271,1.3486178,0.2630563856298496,-0.010224408298802216,0.9647262996613024,15.208941434198337,-1.0379980420620925,2.0877141766260414,2.1245066928397747,2.460835302757493
05/05/2023 11:39:59.712031,735,True,True,True,True,Eyes,0.384,0.02543155,-2.140607,-0.7403477,-0.1679946,0.650894,0.0,0.0,0.0,0.0,0.0,0.0,0.0,1.783996,0.2546017,1.262464,0.3658778,0.03008725,-2.169449,0.07546745,-0.5287077,0.01293105,0.8453434,8.121073,295.7151,356.6448,0.2241609,0.00844194,-0.9745152,-0.388098,0.02735605,-0.2642035,-1.089782,-0.2449347,-0.824293,0.5795999,0.02942708,1.915,0.4406018,-0.0579381,0.8958309,-0.1016628,0.9882749,0.1139183,-0.8919275,-0.1412653,0.4295455,moving,15.465766716339353,-0.9874912276516381,16.83912884659031,0.8803732614512729,-1.4556598,-0.27502195,1.3451560000000002,0.26662577332553683,-0.016610246286326867,0.9636569402423858,15.427271656474057,-1.4094191351970544,2.2595872658854255,2.3184135287862526,2.6900724795126716
05/05/2023 11:39:59.732130,736,True,True,True,True,Eyes,0.3824727,0.02560911,-2.141965,-0.7406164,-0.16559,0.6512044,0.0,0.0,0.0,0.0,0.0,0.0,0.0,1.797116,0.2449621,1.253575,0.3586568,0.03115799,-2.175196,0.07252167,-0.5303556,0.01074023,0.8445995,7.694774,295.5187,356.5994,0.2194228,0.008768072,-0.9755901,-0.3648121,0.02571468,-0.2483513,-1.103605,-0.2275616,-0.8339107,0.5795999,0.03210616,1.915,0.4372151,-0.05878217,0.8974339,-0.09506694,0.9892505,0.1111113,-0.8943184,-0.1338958,0.4269271,moving,15.687935531687627,-1.252567164190815,16.83912884659031,0.960509209627912,-1.4622617999999998,-0.25871959,1.3412853,0.2703378242206941,-0.021045744700334323,0.9625354061300548,15.650990678175495,-1.6688071487549219,2.416978781078921,2.494584751943953,2.8853035922938295
05/05/2023 11:39:59.742223,737,True,True,True,True,Eyes,0.380725,0.02575801,-2.143498,-0.7408938,-0.1631936,0.6514938,0.0,0.0,0.0,0.0,0.0,0.0,0.0,1.807218,0.2384531,1.247927,0.3514131,0.03128322,-2.180768,0.06951191,-0.5311648,0.007263897,0.8443812,7.186861,295.4319,356.4417,0.2150757,0.009069036,-0.9765549,-0.3429234,0.0241718,-0.2334502,-1.114945,-0.2094607,-0.8405384,0.5795997,0.03486453,1.915001,0.4356224,-0.06157754,0.8980207,-0.08611153,0.9902307,0.1096724,-0.8960011,-0.1251057,0.4260641,moving,15.810020386132091,-1.569190219349449,16.83911506925629,1.043012385501677,-1.4663581,-0.24074392,1.3402296,0.2723539243251159,-0.026348913765810278,0.9618362750727958,15.778535321076783,-1.9776859952484518,2.7110312362672047,2.807603660708809,3.2014759267742368
05/05/2023 11:39:59.762505,738,True,True,True,True,Eyes,0.3787542,0.02591434,-2.145167,-0.7410652,-0.1609613,0.6518542,0.0,0.0,0.0,0.0,0.0,0.0,0.0,1.815876,0.2376576,1.243539,0.3443817,0.03072728,-2.186489,0.0686979,-0.5313868,0.006139243,0.8443168,7.038152,295.4073,356.3811,0.2110703,0.009345975,-0.9774259,-0.322348,0.02272149,-0.2194432,-1.123255,-0.2031612,-0.8463776,0.5795996,0.03742098,1.915,0.4351809,-0.06264338,0.8981611,-0.08337725,0.9904858,0.109481,-0.8964741,-0.1225302,0.4258174,moving,15.851818114641482,-1.565186692134994,16.839120623981625,1.1194733045088483,-1.4676367,-0.23388847999999998,1.3401114,0.2730560581759463,-0.02627627135298196,0.9616392335296896,15.81917263031538,-1.9740678058576837,2.759787500749693,2.860448486256842,3.257344088565344
05/05/2023 11:39:59.782577,739,True,True,True,True,Eyes,0.3765859,0.0261013,-2.146986,-0.7412928,-0.158741,0.6521398,0.0,0.0,0.0,0.0,0.0,0.0,0.0,1.825295,0.2333575,1.23764,0.3369224,0.03109565,-2.191672,0.06823536,-0.5317841,0.007240552,0.8440954,7.059219,295.3626,356.5137,0.2073621,0.009601592,-0.9782168,-0.3030071,0.0213582,-0.2062766,-1.132061,-0.1994795,-0.8523839,0.5795997,0.0401254,1.915,0.4343065,-0.06034953,0.8987412,-0.0847964,0.990583,0.1074935,-0.896765,-0.1228951,0.4250992,moving,15.891553725124025,-1.4469208720546498,16.839123364851268,1.2003549393110176,-1.4689834,-0.23057515,1.3392881,0.27373668111222144,-0.024286385197095875,0.9614980187523032,15.854720009653974,-1.8592605299351253,2.711476052604802,2.811753446441308,3.2140779059279168
05/05/2023 11:39:59.792175,740,True,True,True,True,Eyes,0.3742216,0.02627959,-2.148888,-0.7414982,-0.1566554,0.6524106,0.0,0.0,0.0,0.0,0.0,0.0,0.0,1.836741,0.2240582,1.230172,0.3300303,0.03199711,-2.197089,0.06682878,-0.532817,0.008658543,0.8435433,7.00597,295.2434,356.7305,0.2039121,0.009839369,-0.9789395,-0.2848267,0.02007671,-0.1939,-1.142428,-0.1918028,-0.860381,0.5795997,0.04297775,1.915,0.4320623,-0.05660728,0.9000655,-0.08582271,0.9909179,0.1035191,-0.8977509,-0.1219727,0.4232801,moving,16.00888607244369,-1.4341698190333398,16.839123364851268,1.285655555957838,-1.4724583,-0.22379991,1.3367080000000002,0.27570662308680405,-0.024058318862150638,0.9609407584364179,15.968754121545075,-1.8476320397266248,2.7380062742146722,2.8437201043967333,3.251927701681499
05/05/2023 11:39:59.812126,741,True,True,True,True,Eyes,0.3106487,0.03024428,-2.199328,-0.7484707,-0.1053575,0.6547454,0.0,0.0,0.0,0.0,0.0,0.0,0.0,1.849039,0.2113529,1.220138,0.3226416,0.032006,-2.201643,0.06462085,-0.5343117,0.01050056,0.8427485,6.900148,295.0709,357.0347,0.2006857,0.01006067,-0.9796038,-0.2677371,0.01887211,-0.182266,-1.154781,-0.1827679,-0.8688552,0.5796002,0.04544899,1.915,0.4288015,-0.05135669,0.9019378,-0.08675402,0.9914278,0.09769709,-0.8992236,-0.1201394,0.4206703,moving,15.967209373388812,1.4569328026879884,16.839137069198276,1.3595543377191908,-1.4774226000000001,-0.21477390000000002,1.3327877999999997,0.27500499045784066,0.024445198453222634,0.9611320501792487,15.850202323618257,0.965641662695468,0.8773418182998199,0.8773485465647514,1.0644994723153989
05/05/2023 11:39:59.832573,742,True,True,True,True,Eyes,0.3103721,0.03028996,-2.199509,-0.7485294,-0.105478,0.6546588,0.0,0.0,0.0,0.0,0.0,0.0,0.0,1.863129,0.1979742,1.207718,0.3158434,0.03166787,-2.206414,0.06302547,-0.5363752,0.01417494,0.8415037,6.965894,294.8193,357.4736,0.1939244,0.01045757,-0.9809605,-0.4423914,0.02963387,-0.3226524,-1.167984,-0.1782212,-0.8798859,0.5796,0.04812068,1.915,0.4242015,-0.04375407,0.9045101,-0.09146713,0.9916537,0.09086617,-0.9009367,-0.1212785,0.416659,moving,16.219004876882092,1.3936834253626555,16.839131587459715,1.4394421839928282,-1.4838274,-0.20988907,1.3265281,0.2792334372456373,0.023354517299930103,0.9599392009973726,16.097362123670635,0.9024312452402778,0.6212101837240583,0.6218126736913592,0.9157525242934547
05/05/2023 11:39:59.842695,743,True,True,True,True,Eyes,0.3098188,0.03035647,-2.199865,-0.7487599,-0.1055271,0.6543872,1.980866,-1.173375,-0.1786787,-0.9036112,0.6563657,-0.2963492,-0.6938021,0.5744569,0.04455911,1.902375,0.3089767,0.03283495,-2.210865,0.06233151,-0.539032,0.01651336,0.8398135,7.036185,294.4714,357.7213,0.1883181,0.01078851,-0.9820485,-0.4158479,0.02785584,-0.3032933,-1.183221,-0.1742324,-0.8932105,0.5796001,0.05080689,1.915,0.4183437,-0.03946108,0.9074312,-0.09493364,0.9916842,0.08689123,-0.9033141,-0.1224962,0.4111186,moving,16.54772324313318,1.392383855395801,16.839134328329035,1.5197585578482173,-1.4921977000000002,-0.20706735,1.3176545000000002,0.284736590267775,0.023293440588560355,0.9583227295616484,16.417838039374654,0.8989869047194263,0.3150282186041226,0.3180326011588543,0.750231969736684
05/05/2023 11:39:59.862523,744,True,True,True,True,Eyes,0.3090079,0.0304123,-2.2004,-0.7490978,-0.1057375,0.6539663,0.0,0.0,0.0,0.0,0.0,0.0,0.0,1.893205,0.1837065,1.175683,0.3018286,0.03338631,-2.215398,0.06144205,-0.5417717,0.01659361,0.838113,6.948123,294.1054,357.7622,0.1834499,0.01107727,-0.9829663,-0.390897,0.02618449,-0.2850957,-1.19935,-0.1676881,-0.9069428,0.5795999,0.0534832,1.915,0.4124165,-0.03876046,0.9101706,-0.09438974,0.9918991,0.08501083,-0.9060924,-0.1209706,0.4054169,moving,16.88464097941068,1.2826706786006024,16.83912884659031,1.5997729862723418,-1.5011785999999998,-0.20107441,1.3084552,0.29037903240043555,0.021420425427872893,0.9566718545684598,16.749228953446647,0.7900034582038225,0.307205198885715,0.32035172508447884,0.8147445485399424
05/05/2023 11:39:59.882394,745,True,True,True,True,Eyes,0.3079272,0.03046562,-2.201078,-0.7496232,-0.1060192,0.6533185,0.0,0.0,0.0,0.0,0.0,0.0,0.0,1.908968,0.1838578,1.157213,0.2948316,0.03319667,-2.220153,0.06219015,-0.544774,0.01769529,0.8360865,7.081009,293.689,357.7957,0.1790257,0.01133921,-0.9837787,-0.3674432,0.02461342,-0.2679899,-1.215706,-0.1691488,-0.9225915,0.5796002,0.05631545,1.915,0.4058163,-0.03816957,0.9131573,-0.09734874,0.9916385,0.08471282,-0.9087555,-0.1232726,0.3987072,moving,17.247478945051455,1.391145678377741,16.839137069198276,1.6844427951015244,-1.5105376,-0.20234546999999997,1.2975614999999998,0.2964198518016371,0.023186593570505253,0.9547762714508682,17.10000652117862,0.8931417830345356,0.4970777592906142,0.502758675960721,0.8331927524137293
05/05/2023 11:39:59.892265,746,True,True,True,True,Eyes,0.3065943,0.03050263,-2.20192,-0.7503645,-0.1064544,0.6523961,0.0,0.0,0.0,0.0,0.0,0.0,0.0,1.924948,0.1840434,1.136466,0.2873283,0.03320413,-2.224228,0.06296344,-0.5480723,0.01859338,0.8338506,7.203003,293.2296,357.8044,0.1749893,0.01157685,-0.9845019,-0.3453966,0.02313661,-0.2519105,-1.233449,-0.1704,-0.9387591,0.5796001,0.05904754,1.915,0.3985422,-0.03800883,0.9163621,-0.1000252,0.9913798,0.08462318,-0.9116793,-0.1253852,0.3913049,moving,17.632946180635646,1.4866859194002802,16.839134328329035,1.766111362936856,-1.5207773,-0.20360413,1.2854689000000001,0.3028253421709264,0.024726450562502094,0.9527253057500162,17.473192163329447,0.9835447264054078,0.8393507059471572,0.8415556044362515,1.0071940621039988
05/05/2023 11:39:59.912034,747,True,True,True,True,Eyes,0.3050443,0.03050587,-2.202908,-0.7512992,-0.107047,0.6512223,0.0,0.0,0.0,0.0,0.0,0.0,0.0,1.941793,0.1870034,1.113993,0.2802019,0.0329212,-2.228657,0.06448335,-0.5516997,0.01969138,0.8313131,7.408298,292.7159,357.7801,0.1712903,0.01179186,-0.9851496,-0.3246728,0.02174842,-0.2367959,-1.251583,-0.1752475,-0.9569445,0.5795998,0.06157289,1.915,0.3904793,-0.03841149,0.91981,-0.1038903,0.9909083,0.08548425,-0.9147308,-0.1289392,0.3829386,moving,18.051052045848667,1.666298053626925,16.83912610572083,1.8415936115464446,-1.5317849,-0.20816869999999998,1.2717125,0.3097458366004515,0.027648200571162195,0.9504173429924316,17.875928550370062,1.1555318565649584,1.2244674463619507,1.2245378789490584,1.243237725006325
05/05/2023 11:39:59.932363,748,True,True,True,True,Eyes,0.3032992,0.03046307,-2.204024,-0.7523859,-0.1077652,0.6498478,0.0,0.0,0.0,0.0,0.0,0.0,0.0,1.958735,0.189794,1.090781,0.2734934,0.0321489,-2.233077,0.06621382,-0.5554652,0.02146801,0.8286214,7.676623,292.1809,357.8036,0.1678851,0.01198492,-0.9857333,-0.3051924,0.02044351,-0.2225882,-1.269489,-0.1821879,-0.9758847,0.5796,0.06410753,1.915,0.3819951,-0.03798125,0.9233836,-0.1091366,0.9903097,0.08588291,-0.9176977,-0.1335818,0.3741483,moving,18.47545173060931,1.88517420735922,16.839131587459715,1.9173471067855352,-1.5429824,-0.21433680000000002,1.2571923000000003,0.3167440212468319,0.031202752270083914,0.9479977095277435,18.283741979621706,1.3656805222733828,1.6361806740186318,1.6366364001618112,1.546361925814822
05/05/2023 11:39:59.942556,749,True,True,True,True,Eyes,0.3013612,0.0304011,-2.205259,-0.7536483,-0.1086282,0.6482393,0.0,0.0,0.0,0.0,0.0,0.0,0.0,1.975833,0.1891717,1.06707,0.2670504,0.03102594,-2.237423,0.0673655,-0.5593778,0.02385545,0.8258265,7.929403,291.6318,357.919,0.1647354,0.01215613,-0.9862626,-0.2868809,0.0192169,-0.2092329,-1.287503,-0.1878878,-0.995221,0.5796002,0.06679336,1.915,0.3730547,-0.0359646,0.9271121,-0.1147665,0.9897856,0.08457601,-0.920684,-0.1379528,0.3651167,moving,18.900768509072623,2.0472900266666145,16.839137069198276,1.9976119370394456,-1.5545534,-0.21891374,1.2422020000000003,0.32374502133066685,0.03380039183279353,0.9455404436977701,18.693979283697914,1.5205961947159152,2.0606196650443627,2.0622298869106173,1.915198073076095
05/05/2023 11:39:59.962558,750,True,True,True,True,Eyes,0.2992278,0.03032299,-2.206614,-0.7548659,-0.1092384,0.6467182,0.0,0.0,0.0,0.0,0.0,0.0,0.0,1.99207,0.1887458,1.043505,0.2605373,0.03053503,-2.241441,0.06882486,-0.56314,0.02633663,0.8230692,8.21903,291.0984,358.0219,0.1618065,0.01230676,-0.9867454,-0.269668,0.01806388,-0.1966789,-1.304958,-0.1942682,-1.01397,0.5796003,0.06951628,1.915001,0.3643595,-0.03416234,0.9306315,-0.1208698,0.9891391,0.08363283,-0.9233811,-0.1429577,0.356273,moving,19.31585474762739,2.2635099911932675,16.83913151446532,2.078976093068452,-1.5654953,-0.22480323,1.227471,0.3305456652175497,0.03727538844234567,0.9430536007306104,19.092785382113426,1.72822219180635,2.47943754875131,2.483588277722765,2.2807858414186675
05/05/2023 11:39:59.982260,751,True,True,True,True,Eyes,0.2969214,0.03020828,-2.208071,-0.7562202,-0.109962,0.6450111,0.0,0.0,0.0,0.0,0.0,0.0,0.0,2.007003,0.188,1.021451,0.2538785,0.03006318,-2.245308,0.06984578,-0.5665542,0.02808205,0.8205788,8.421134,290.6141,358.0851,0.1590676,0.01243812,-0.987189,-0.2534879,0.01698005,-0.1848782,-1.321621,-0.1981875,-1.031195,0.5796001,0.07217422,1.915,0.3564556,-0.03305576,0.9337274,-0.1252299,0.9886659,0.08280792,-0.9258818,-0.1464479,0.3482759,moving,19.669968541987746,2.3976677231289485,16.839134328329035,2.1583926236437496,-1.5754994999999998,-0.22825067999999998,1.214113,0.3363403997888589,0.039397696438844824,0.9409159943589194,19.4343662298157,1.856407264513431,2.8353244348071893,2.840928531036004,2.612742578139524
05/05/2023 11:39:59.992483,752,True,True,True,True,Eyes,0.2944318,0.03007261,-2.209646,-0.7575275,-0.1104084,0.6433988,0.0,0.0,0.0,0.0,0.0,0.0,0.0,2.021069,0.1877574,1.000416,0.2474643,0.0290958,-2.24916,0.07099552,-0.5697273,0.03003699,0.8182107,8.650357,290.1612,358.16,0.1564916,0.01255045,-0.9875992,-0.2382787,0.01596125,-0.1737855,-1.337188,-0.2034006,-1.047668,0.5796003,0.0748154,1.915001,0.3490174,-0.031743,0.9365785,-0.1300493,0.9881148,0.08195277,-0.9280486,-0.1504043,0.3407411,moving,19.999485050648467,2.5704389716601805,16.83913151446532,2.237297920226887,-1.5846523000000001,-0.2324964,1.2014919999999998,0.3417077686704817,0.04214803116390708,0.9388606329948533,19.75092841853091,2.022325796500795,3.169730066880242,3.177863658783273,2.919721600513528
05/05/2023 11:40:00.012319,753,True,True,True,True,Eyes,0.2917748,0.02991997,-2.211303,-0.7589431,-0.1109301,0.6416385,0.0,0.0,0.0,0.0,0.0,0.0,0.0,2.034181,0.1893528,0.9797254,0.2409172,0.02845934,-2.252722,0.07260157,-0.5726954,0.03176416,0.8159289,8.908552,289.7289,358.1831,0.1540535,0.01264467,-0.9879813,-0.2239819,0.01500357,-0.1633583,-1.352145,-0.2097847,-1.063373,0.5795997,0.07743589,1.915,0.3420221,-0.03132259,0.9391696,-0.1349918,0.9874401,0.08209307,-0.9299451,-0.1548578,0.3334981,moving,20.295835691014062,2.7856238190173808,16.839123364851268,2.3155790380693384,-1.5930621999999999,-0.23824404,1.189349,0.34650686419777144,0.04558831590855538,0.9369390478159821,20.03401670718709,2.229732030066688,3.476324617262739,3.4885243588001917,3.196046491790249
05/05/2023 11:40:00.032164,754,True,True,True,True,Eyes,0.2889601,0.02974537,-2.213019,-0.7603796,-0.1111668,0.6398944,0.0,0.0,0.0,0.0,0.0,0.0,0.0,2.046099,0.1933581,0.9605371,0.234276,0.02791837,-2.256296,0.07381734,-0.5753663,0.03165418,0.8139427,9.00912,289.3352,358.0612,0.1517321,0.01272182,-0.9883395,-0.210543,0.01410336,-0.1535568,-1.366676,-0.2121643,-1.077779,0.5796,0.08019212,1.915,0.3359034,-0.03341464,0.9413036,-0.1364734,0.987098,0.08374068,-0.9319571,-0.1565917,0.3270094,moving,20.5505571069815,2.9149063888665583,16.839131587459715,2.3979045116129742,-1.600952,-0.24008267,1.1785169999999998,0.3506354494322086,0.04762423253973655,0.9353003532268308,20.278839383699378,2.3538327624183943,3.7332190980512423,3.7472617106416903,3.4399901224551486
05/05/2023 11:40:00.049125,755,True,True,True,True,Eyes,0.2859847,0.02956225,-2.214823,-0.7619174,-0.1114498,0.6380132,0.0,0.0,0.0,0.0,0.0,0.0,0.0,2.057308,0.1999481,0.9419219,0.227497,0.02724023,-2.259915,0.07549092,-0.5778038,0.03126859,0.8120753,9.133934,288.9661,357.8841,0.1495087,0.01278261,-0.9886776,-0.1979105,0.01325716,-0.1443434,-1.380549,-0.2161562,-1.091596,0.5796,0.0828303,1.915,0.3303301,-0.03645298,0.9431613,-0.1380228,0.9866468,0.0864744,-0.9337193,-0.1587428,0.3208878,moving,20.767572640030938,3.087594625374076,16.839131587459715,2.476694691247429,-1.608046,-0.24339643,1.1683189999999999,0.3541277017265515,0.050372159780800674,0.9338395162478014,20.485735728492315,2.52041656960762,3.9581628920083856,3.9756569058512636,3.6468662388471906
05/05/2023 11:40:00.066469,756,True,True,True,True,Eyes,0.2828286,0.02938893,-2.216727,-0.7635179,-0.1111597,0.6361478,0.0,0.0,0.0,0.0,0.0,0.0,0.0,2.068897,0.2052977,0.9228935,0.2207013,0.02686704,-2.263798,0.07653448,-0.5804017,0.03019181,0.8101634,9.152203,288.5788,357.6826,0.1473658,0.01282826,-0.9889986,-0.1860358,0.01246173,-0.1356828,-1.395121,-0.2165413,-1.106067,0.5796002,0.08548243,1.915,0.3244445,-0.03992089,0.9450619,-0.1377621,0.9864618,0.0889641,-0.935819,-0.1590576,0.3145526,moving,21.002247551786315,3.1999897325831093,16.839137069198276,2.5558920458436787,-1.6158223,-0.24340834,1.157731,0.35791739075073065,0.052123347493400085,0.9322973688762675,20.711471864809194,2.628219004123238,4.193503428038433,4.212641774504153,3.8730101934016417
05/05/2023 11:40:00.082433,757,True,True,True,True,Eyes,0.2795086,0.02921099,-2.218706,-0.7652469,-0.1108324,0.634124,0.0,0.0,0.0,0.0,0.0,0.0,0.0,2.080442,0.2077584,0.9033331,0.2134866,0.02684357,-2.267403,0.07645036,-0.5831443,0.02827192,0.8082691,9.007174,288.1825,357.478,0.1452873,0.01286069,-0.9893057,-0.1748737,0.01171402,-0.1275419,-1.410877,-0.2111093,-1.120334,0.5796,0.08821804,1.915001,0.3182869,-0.04346054,0.9469978,-0.1348658,0.9867122,0.0906117,-0.9383522,-0.1565581,0.3081962,moving,21.237810804434066,3.1547150092583918,16.839123291861164,2.637570645947373,-1.6243636,-0.23795287,1.147069,0.36176267389140754,0.05130501579515327,0.930857373263256,20.942323684323764,2.5826052853280697,4.413344251605161,4.428982967428205,4.103568526486825
05/05/2023 11:40:00.092360,758,True,True,True,True,Eyes,0.276016,0.02901415,-2.220782,-0.7670717,-0.1100925,0.6320449,0.0,0.0,0.0,0.0,0.0,0.0,0.0,2.092756,0.208944,0.882002,0.2062752,0.02654522,-2.271114,0.07624886,-0.5862118,0.02681709,0.8061159,8.880365,287.7423,357.3221,0.1432591,0.01288101,-0.9896011,-0.1643813,0.01101118,-0.1198893,-1.427419,-0.2061324,-1.136067,0.5796003,0.0908868,1.915001,0.3112731,-0.0461606,0.9491988,-0.1326313,0.9869339,0.09148984,-0.9410198,-0.1543718,0.3010836,moving,21.51376525844931,3.1362676268398424,16.83913151446532,2.7172442352649946,-1.6336941999999999,-0.23267762,1.135047,0.36624922723728415,0.050909382147950356,0.9291231594737891,21.211826528217166,2.562826294559315,4.67996985187316,4.69337631594577,4.37542073219274
05/05/2023 11:40:00.112224,759,True,True,True,True,Eyes,0.2723717,0.02880722,-2.222923,-0.7690603,-0.1094426,0.629737,0.0,0.0,0.0,0.0,0.0,0.0,0.0,2.105805,0.2080892,0.8583941,0.1989354,0.02577427,-2.274712,0.07560484,-0.589694,0.02565922,0.8036707,8.730383,287.249,357.2209,0.1412687,0.01288954,-0.9898871,-0.1545184,0.01035051,-0.112696,-1.445213,-0.2002909,-1.153289,0.5796,0.093573,1.915001,0.3032053,-0.04792432,0.9517193,-0.1304105,0.987251,0.0912606,-0.9439595,-0.1517849,0.2930898,moving,21.830040378657213,3.0694470650413472,16.839123291861164,2.7974278621467707,-1.6441484000000002,-0.22606516999999998,1.121423,0.37139476924891934,0.04971644087083814,0.9271430945552738,21.5219385346077,2.495713577492555,4.988074965862001,4.998324500671816,4.692524918129226
05/05/2023 11:40:00.132533,760,True,True,True,True,Eyes,0.2685447,0.02862421,-2.22516,-0.7712369,-0.1084833,0.627236,0.0,0.0,0.0,0.0,0.0,0.0,0.0,2.119701,0.2095169,0.8314869,0.191691,0.02533602,-2.27838,0.07637273,-0.5936064,0.02565302,0.8007127,8.786952,286.6764,357.1238,0.1393055,0.012887,-0.9901653,-0.1452473,0.00972948,-0.1059342,-1.463539,-0.2009848,-1.173206,0.5795995,0.09620688,1.915,0.2939471,-0.04958925,0.9545344,-0.131752,0.9870183,0.09184963,-0.9466977,-0.1527608,0.2835977,moving,22.204253195062492,3.2281829650830933,16.83911788311191,2.876040580943313,-1.65523,-0.22632081999999998,1.1051739999999999,0.37739530743057353,0.05214842530385454,0.924582773830559,21.88244982850725,2.6476795350810995,5.363600959672247,5.376679381760336,5.0484993689919815
05/05/2023 11:40:00.142788,761,True,True,True,True,Eyes,0.1687185,0.02429043,-2.282336,-0.8269847,-0.08209138,0.5561991,0.0,0.0,0.0,0.0,0.0,0.0,0.0,2.133492,0.2110094,0.8028715,0.1838703,0.02559903,-2.281765,0.07695135,-0.5977166,0.02495066,0.7976157,8.776591,286.0734,356.973,0.1373579,0.01287554,-0.9904375,-0.1365325,0.009145712,-0.09957816,-1.48302,-0.1992282,-1.193707,0.5796002,0.09891015,1.915,0.2842246,-0.05218813,0.9573362,-0.1317923,0.986912,0.09292836,-0.9496562,-0.152582,0.2736267,moving,17.617809299997706,4.792842615597285,16.839137069198276,2.9567115975219527,-1.6668903,-0.22482723,1.088058,0.3017043338460837,0.07965990844512098,0.9500678509823444,17.36932483379561,4.200483510062672,1.9045837504783905,1.9944191030364,1.352060514974798
05/05/2023 11:40:00.162722,762,True,True,True,True,Eyes,0.1683883,0.02431023,-2.282489,-0.8272532,-0.08184892,0.5558352,0.0,0.0,0.0,0.0,0.0,0.0,0.0,2.147532,0.2082216,0.7735417,0.1759273,0.02562977,-2.285171,0.07588263,-0.6020904,0.02349155,0.7944667,8.560896,285.4518,356.8667,0.130972,0.0126509,-0.9913051,-0.4278193,-0.004404369,-0.2651318,-1.503635,-0.1904143,-1.21471,0.5795999,0.1016336,1.915,0.2738709,-0.05404987,0.9602466,-0.1287029,0.98738,0.09228437,-0.9531162,-0.1488605,0.2634583,moving,18.21170324239515,4.644932987846833,16.83912884659031,3.0379729619877267,-1.6795623000000002,-0.21604407,1.070461,0.31160229965590164,0.0769487839201713,0.9470917398419263,17.952250537582255,4.052631393377508,2.0351884830201517,2.1133577540795403,1.5061778219543471
05/05/2023 11:40:00.182520,763,True,True,True,True,Eyes,0.1677301,0.02431941,-2.282762,-0.8277754,-0.08139084,0.5551246,0.0,0.0,0.0,0.0,0.0,0.0,0.0,2.161314,0.2071929,0.7425424,0.1678734,0.02599141,-2.288388,0.07508302,-0.6066574,0.02161888,0.7911144,8.33896,284.7948,356.7036,0.1252483,0.01244973,-0.992047,-0.4021502,-0.004140106,-0.2492239,-1.524697,-0.1816974,-1.236669,0.5795999,0.1042906,1.915,0.2629989,-0.05689332,0.9631172,-0.1253054,0.9877903,0.09256802,-0.9566243,-0.145029,0.2526588,moving,18.812850377163198,4.52566048011773,16.83912884659031,3.11723982929803,-1.6925704,-0.20768881,1.0517189999999998,0.3215766530998065,0.07471437941954581,0.9439312055946159,18.541474927672127,3.932594644349182,2.3605759528900365,2.4247114075498493,1.8875342789474632
05/05/2023 11:40:00.192124,764,True,True,True,True,Eyes,0.1667606,0.02429429,-2.283178,-0.8285328,-0.08078632,0.5540822,0.0,0.0,0.0,0.0,0.0,0.0,0.0,2.174448,0.2066375,0.7113061,0.1593749,0.02569055,-2.291467,0.07327206,-0.6112247,0.01835218,0.7878445,7.925688,284.1467,356.4891,0.1200641,0.01226863,-0.99269,-0.3780212,-0.0038917,-0.2342705,-1.546345,-0.167803,-1.258181,0.5796003,0.1069385,1.915001,0.2521353,-0.06065404,0.9657894,-0.1184887,0.9885888,0.09301937,-0.9604105,-0.1378886,0.2420713,moving,19.386263787665367,4.2451203511165225,16.83913151446532,3.1962216676709625,-1.7057199,-0.19349355000000001,1.033286,0.33112431578853907,0.06984768191756512,0.940998460868102,19.10801064194276,3.655830954068901,2.7124964607688167,2.7546453973807727,2.3149628919803473
05/05/2023 11:40:00.212503,765,True,True,True,True,Eyes,0.165488,0.02426144,-2.283707,-0.8295054,-0.08024076,0.5527045,0.0,0.0,0.0,0.0,0.0,0.0,0.0,2.186885,0.2104281,0.679763,0.1511403,0.02470151,-2.29464,0.07296391,-0.61564,0.01599891,0.7844793,7.711003,283.4996,356.2543,0.1153522,0.01210412,-0.9932507,-0.3553399,-0.003658198,-0.2202142,-1.56677,-0.161303,-1.280054,0.5796,0.1096894,1.915001,0.241463,-0.06473736,0.9682482,-0.1149406,0.9888406,0.0947782,-0.9635789,-0.1341765,0.2313275,moving,19.92884259627366,4.170021950547427,16.839123291861164,3.2782646074738024,-1.7179103,-0.18600451,1.0145859999999998,0.34005497027290466,0.0683828868547078,0.9379160146265221,19.638950883630365,3.579163308634838,3.181714953572962,3.215835278583929,2.8159500300950873
05/05/2023 11:40:00.232504,766,True,True,True,True,Eyes,0.1639177,0.02419476,-2.284343,-0.8306726,-0.07954057,0.5510501,0.0,0.0,0.0,0.0,0.0,0.0,0.0,2.198817,0.2180787,0.6468682,0.1426106,0.02459308,-2.297793,0.07420248,-0.6200289,0.01409891,0.780935,7.664842,282.8325,355.9501,0.1110526,0.01195422,-0.9937424,-0.3340195,-0.003438706,-0.2070014,-1.586944,-0.160449,-1.302726,0.5796,0.1122263,1.915,0.2307308,-0.0699947,0.9704968,-0.114036,0.9885904,0.09841116,-0.9663122,-0.1333781,0.2201163,moving,20.460614648419877,4.303085645944426,16.839131587459715,3.3539150321917615,-1.7295546,-0.18504208,0.9950669999999999,0.3486979817026141,0.07032302558117985,0.9345931055846315,20.15374585301287,3.705105769165204,3.706543374073559,3.7438034690449498,3.3331670619914093
05/05/2023 11:40:00.242387,767,True,True,True,True,Eyes,0.1620612,0.02408492,-2.28508,-0.832028,-0.07879341,0.5491093,0.0,0.0,0.0,0.0,0.0,0.0,0.0,2.210137,0.2202652,0.6155062,0.1339542,0.02359698,-2.300776,0.07319804,-0.6243045,0.01147509,0.7776596,7.3641,282.2112,355.747,0.1071114,0.011816,-0.9941766,-0.3139783,-0.003232384,-0.1945813,-1.607199,-0.1507662,-1.323859,0.5796,0.1149815,1.915001,0.2202245,-0.07354831,0.9726727,-0.1092432,0.9890208,0.09951843,-0.9693128,-0.1281742,0.2097719,moving,20.945737763752945,4.15019321585798,16.839123291861164,3.4360582559662207,-1.7411532,-0.17436317999999998,0.976917,0.3566656190742922,0.06761151051913772,0.9317823444375783,20.630773997505308,3.553126772570259,4.14049496579092,4.168245573582562,3.7934575404492943
05/05/2023 11:40:00.262387,768,True,True,True,True,Eyes,0.1599349,0.02394527,-2.285928,-0.8335584,-0.07807282,0.5468868,0.0,0.0,0.0,0.0,0.0,0.0,0.0,2.221425,0.219346,0.5841644,0.1252422,0.02231393,-2.303889,0.07253607,-0.6284772,0.01066466,0.7743651,7.223711,281.6017,355.6841,0.1034798,0.01168639,-0.9945626,-0.2951396,-0.003038441,-0.1829064,-1.62681,-0.1453804,-1.345143,0.5796002,0.1176415,1.915001,0.2098055,-0.07465785,0.9748887,-0.1076912,0.9892496,0.09893382,-0.9717944,-0.1257438,0.19951,moving,21.401952189242664,4.103026000135109,16.83912877359735,3.5153514725890767,-1.7520522,-0.16769433,0.9587459999999999,0.36409739724258805,0.0666389906529273,0.9289738821374283,21.0767717673852,3.504208451254005,4.57661089513617,4.600512892350986,4.237657644232688
05/05/2023 11:40:00.272348,769,True,True,True,True,Eyes,0.1575412,0.02375185,-2.286867,-0.8352689,-0.07725573,0.5443872,0.0,0.0,0.0,0.0,0.0,0.0,0.0,2.232578,0.2167559,0.5522034,0.1167372,0.02137148,-2.306996,0.07205158,-0.6327319,0.01060015,0.7709388,7.152393,280.9761,355.6746,0.1001158,0.01156323,-0.9949083,-0.2774312,-0.002856134,-0.171932,-1.646158,-0.1413658,-1.367122,0.5796,0.1203478,1.915,0.199076,-0.07483453,0.9771225,-0.1075228,0.9893925,0.09768061,-0.9740676,-0.1245088,0.1889179,moving,21.854921357772614,4.1103793673389815,16.839131587459715,3.596012905017041,-1.7628952,-0.16273728,0.9398739999999999,0.3714324058561044,0.06655028010970299,0.9260718302303278,21.518136493354895,3.508359319362945,5.019644133536331,5.042094790614028,4.679825857921338
05/05/2023 11:40:00.292283,770,True,True,True,True,Eyes,0.1549035,0.02351755,-2.287912,-0.8371026,-0.07652522,0.5416669,0.0,0.0,0.0,0.0,0.0,0.0,0.0,2.243649,0.2094222,0.5200143,0.1079375,0.01986765,-2.310019,0.07035452,-0.6370471,0.01082474,0.7675314,6.995438,280.357,355.781,0.09698071,0.01144352,-0.9952202,-0.2607854,-0.002684766,-0.1616161,-1.665866,-0.1340586,-1.389049,0.5796002,0.1228706,1.915,0.1881078,-0.07302162,0.9794301,-0.1062549,0.9898661,0.09420685,-0.9763839,-0.1217903,0.1784427,moving,22.298414911362993,3.9790731448611294,16.839137069198276,3.67119055744686,-1.7738035,-0.15392625,0.9209700000000001,0.37864718298225797,0.06422525135940049,0.9233099862374716,21.95400153467314,3.377659427215503,5.451100745103483,5.467952655755493,5.123280104053687
05/05/2023 11:40:00.312016,771,True,True,True,True,Eyes,0.1520308,0.02347138,-2.289064,-0.8391399,-0.07615176,0.5385583,0.0,0.0,0.0,0.0,0.0,0.0,0.0,2.255046,0.2006845,0.4858708,0.09951834,0.01862898,-2.313294,0.06996149,-0.6415817,0.01314489,0.7637446,7.107562,279.6861,355.9726,0.09404079,0.01132511,-0.9955037,-0.2451382,-0.00252368,-0.1519191,-1.685225,-0.1344499,-1.413194,0.5796,0.1255352,1.915,0.1764005,-0.06969332,0.9818481,-0.1098507,0.9898652,0.08999833,-0.9781695,-0.1237324,0.1669568,moving,22.761124336456703,4.0573523700988074,16.839131587459715,3.7505800013524424,-1.78474334,-0.15307888,0.9000999999999999,0.38606501190442927,0.06526946153462865,0.9201595561619791,22.402949566009575,3.450755446315564,5.9118183559559405,5.92993317039907,5.5718906362416805
05/05/2023 11:40:00.332286,772,True,True,True,True,Eyes,0.148877,0.02376526,-2.290267,-0.8413539,-0.075666,0.535162,0.0,0.0,0.0,0.0,0.0,0.0,0.0,2.267117,0.1952884,0.4457927,0.09100141,0.02316719,-2.316866,0.07306878,-0.6468004,0.01657214,0.7589701,7.605514,278.8574,355.9871,0.09126639,0.01121605,-0.9957632,-0.2304299,-0.00237226,-0.142804,-1.705535,-0.1436772,-1.442665,0.5796,0.1282539,1.915,0.1627492,-0.06936633,0.9842262,-0.1196773,0.9887726,0.08947631,-0.9793825,-0.1323518,0.1526204,moving,23.335738848193298,4.605190865815441,16.839131587459715,3.8315664440724326,-1.79653641,-0.16684439,0.874201,0.3950393509773718,0.073758845222779,0.9156984431438056,22.94832865445208,3.9799831485752586,6.50547724841335,6.542507214068129,6.110999617208596
05/05/2023 11:40:00.342977,773,True,True,True,True,Eyes,0.1454591,0.02406022,-2.291555,-0.8436676,-0.07448949,0.5316731,0.0,0.0,0.0,0.0,0.0,0.0,0.0,2.276166,0.2024161,0.4080366,0.08105031,0.0315616,-2.319662,0.07296672,-0.6517112,0.01020725,0.7548803,7.092216,278.1043,355.3936,0.08862872,0.01113021,-0.9960023,-0.2166041,-0.002229924,-0.1342358,-1.727655,-0.12155,-1.46793,0.5796,0.1309404,1.915,0.1503365,-0.07969595,0.9854175,-0.110517,0.9891434,0.09685791,-0.9824383,-0.1234666,0.1398966,moving,23.831200901860488,4.452936243250639,16.839131587459715,3.911578633984367,-1.80870531,-0.15311160000000001,0.8517320000000002,0.4030222071601256,0.07105553496671069,0.9124276410544594,23.435418200837905,3.8285561665029526,6.983582923150913,7.012995177418518,6.596809063171301
05/05/2023 11:40:00.362312,774,True,True,True,True,Eyes,0.1418727,0.0242838,-2.292947,-0.8460439,-0.07351386,0.5280201,0.0,0.0,0.0,0.0,0.0,0.0,0.0,2.283036,0.2091269,0.3824506,0.0713122,0.03170867,-2.322965,0.06742454,-0.6549532,0.0005177956,0.7526553,5.864323,277.6823,354.9514,0.08610276,0.01106529,-0.9962245,-0.2036079,-0.002096128,-0.1261816,-1.746145,-0.08211105,-1.483346,0.5796002,0.1337968,1.915001,0.1420719,-0.08754039,0.9859779,-0.08909927,0.9909074,0.1008166,-0.9858383,-0.1021731,0.1329803,moving,24.04703914018703,3.5001386972832735,16.83912877359735,3.996632121477591,-1.8174572,-0.11381972000000001,0.8396189999999999,0.4068522864217886,0.0557696725213255,0.9117898634024988,23.671502376935983,2.9000678372538284,7.221747447268357,7.224989797436341,6.919810856160285
05/05/2023 11:40:00.382022,775,True,True,True,True,Eyes,0.1380914,0.02452321,-2.294456,-0.8485643,-0.07254528,0.5240951,0.0,0.0,0.0,0.0,0.0,0.0,0.0,2.292204,0.2039486,0.3526545,0.063646,0.03027108,-2.327057,0.06841363,-0.6585861,0.003504065,0.7493808,6.15112,277.1161,355.1037,0.08366968,0.01101604,-0.9964324,-0.1913914,-0.001970361,-0.1186107,-1.761861,-0.08910001,-1.505465,0.5796,0.1362879,1.915,0.1325042,-0.08486078,0.987543,-0.09536428,0.9906146,0.09792028,-0.9865841,-0.1071512,0.1231679,moving,24.332812899184706,3.798030510947199,16.839131587459715,4.070797774169094,-1.825507,-0.11937108999999999,0.8215919999999999,0.4112844953100214,0.06037785771017143,0.9095050527318086,23.942050901218234,3.18801678673044,7.490855266289619,7.498643982853297,7.157566978348646
05/05/2023 11:40:00.392379,776,True,True,True,True,Eyes,0.1341647,0.02486204,-2.296045,-0.8512501,-0.07163788,0.5198474,0.0,0.0,0.0,0.0,0.0,0.0,0.0,2.302512,0.1906214,0.317754,0.0551929,0.03089687,-2.33128,0.06717128,-0.6631335,0.005698397,0.7454593,6.183008,276.4385,355.3503,0.0813122,0.01098152,-0.9966279,-0.1799079,-0.001852139,-0.1114941,-1.78041,-0.08437429,-1.53144,0.5795996,0.1389565,1.915,0.1204431,-0.08059121,0.9894436,-0.0975829,0.9909111,0.09258933,-0.9879125,-0.1077045,0.1114841,moving,24.731405434066,3.7996617865727718,16.839120623981625,4.15023061008809,-1.8356029,-0.11527116000000001,0.7998400000000001,0.41760589635969464,0.06021298841683595,0.9066309884617854,24.33056248388882,3.1869607457647673,7.8928720777600425,7.900066963229457,7.553117897390669
05/05/2023 11:40:00.412529,777,True,True,True,True,Eyes,0.1300535,0.0253211,-2.297735,-0.854087,-0.07075512,0.5152953,0.0,0.0,0.0,0.0,0.0,0.0,0.0,2.31238,0.1870138,0.2753515,0.04768369,0.03368348,-2.335484,0.06710853,-0.6688923,0.00522186,0.7403055,6.1048,275.5496,355.267,0.07901591,0.01096455,-0.9968128,-0.1691134,-0.001741011,-0.1048044,-1.800421,-0.07715493,-1.56383,0.5796002,0.1416538,1.915,0.1051117,-0.08204521,0.9910702,-0.0975083,0.9909384,0.09237592,-0.9896684,-0.1063474,0.09615911,moving,25.30992767853409,3.8527375773571215,16.839137069198276,4.230501484495783,-1.84810469,-0.11083841,0.7716540000000001,0.4267244685571283,0.06076748402695438,0.9023378954676431,24.89308635864423,3.234766213093755,8.471342850218516,8.479209816766447,8.115268811794285
05/05/2023 11:40:00.432309,778,True,True,True,True,Eyes,0.1257753,0.02582887,-2.299494,-0.8570963,-0.06938786,0.5104617,0.0,0.0,0.0,0.0,0.0,0.0,0.0,2.319875,0.1970348,0.235317,0.03916543,0.03700844,-2.339468,0.06854187,-0.6738873,0.001888777,0.7356457,5.934455,274.7495,354.8316,0.07676683,0.01096852,-0.9969885,-0.1589666,-0.00163655,-0.09851614,-1.819589,-0.06996315,-1.592757,0.5796,0.1443108,1.915001,0.09174465,-0.08960006,0.9917434,-0.09515793,0.9905969,0.09829941,-0.9912256,-0.1033907,0.08235582,moving,25.7657913776852,4.009686664717319,16.839123291861164,4.309554539117474,-1.8587544299999998,-0.10697159,0.7467110000000001,0.4338298932948542,0.0630021696025245,0.8987893190648796,25.33324063957876,3.3844521663339435,8.921032257989552,8.931703300970462,8.544345727844044
05/05/2023 11:40:00.442034,779,True,True,True,True,Eyes,0.01553069,0.03781665,-2.34646,-0.9241176,-0.03567915,0.3804388,0.0,0.0,0.0,0.0,0.0,0.0,0.0,2.326311,0.2044829,0.2047462,0.03080782,0.03868888,-2.343717,0.06630138,-0.6776493,-0.003976209,0.7323796,5.262945,274.192,354.4861,0.07455307,0.0109934,-0.9971563,-0.1494286,-0.001538357,-0.09260517,-1.836102,-0.04674492,-1.614254,0.5796006,0.1469771,1.915001,0.08155116,-0.09568236,0.9920657,-0.08403398,0.9911767,0.1025045,-0.9931203,-0.09172661,0.07279105,moving,17.84755096580893,4.897312781919618,16.839139737068763,4.388869979931885,-1.8669098199999998,-0.0854338,0.7294629999999998,0.30547108853992144,0.08128961471996723,0.9487251622703161,17.590465551327252,4.300607816461334,1.106180474654856,1.1293393153266182,0.7564923586340344
05/05/2023 11:40:00.462133,780,True,True,True,True,Eyes,0.01523923,0.03787586,-2.346634,-0.9244381,-0.03584874,0.3796434,0.0,0.0,0.0,0.0,0.0,0.0,0.0,2.333277,0.2052963,0.1753125,0.02325903,0.03848802,-2.348412,0.06650755,-0.6811163,-0.004287895,0.7291358,5.229479,273.6453,354.4188,0.06743579,0.01153033,-0.9976568,-0.4711967,0.03451729,-0.2279485,-1.850736,-0.04380827,-1.636411,0.5796003,0.1497115,1.915,0.07212447,-0.09685167,0.9926821,-0.08434583,0.9911168,0.1028272,-0.9938229,-0.09114496,0.06331475,moving,18.343249242587316,4.922623763251273,16.83913981006744,4.470196038077178,-1.87399503,-0.08229629,0.7120010000000001,0.31366262780118903,0.08147987270053808,0.9460321507857516,18.072999405386543,4.321947804398086,1.5505136050660246,1.5706801174973433,1.242733696231816
05/05/2023 11:40:00.472381,781,True,True,True,True,Eyes,0.014663,0.03799694,-2.347015,-0.9249252,-0.03590475,0.3784497,0.0,0.0,0.0,0.0,0.0,0.0,0.0,2.340641,0.2028173,0.1438632,0.01593202,0.04007098,-2.353416,0.06757082,-0.6848591,-0.003217258,0.7255288,5.373187,273.0403,354.3961,0.06134918,0.01199332,-0.998044,-0.4429249,0.03244625,-0.2142716,-1.865474,-0.04464029,-1.660949,0.5796,0.1523578,1.915,0.06191536,-0.0972214,0.9933352,-0.08788454,0.9908477,0.1024559,-0.9942048,-0.09364241,0.05280445,moving,18.863021272823733,5.120032987284498,16.839131587459715,4.548882453718038,-1.88140602,-0.08471127,0.6924670000000002,0.32215084025078033,0.08448487921310369,0.942910967911476,18.57436220615317,4.510577028604002,2.076443910388641,2.1029366111502545,1.7356533656362507
05/05/2023 11:40:00.492479,782,True,True,True,True,Eyes,0.01383334,0.03812242,-2.347581,-0.9257162,-0.03588099,0.3765132,0.0,0.0,0.0,0.0,0.0,0.0,0.0,2.347919,0.2015044,0.1094148,0.008552486,0.04165488,-2.358705,0.06688035,-0.6891556,-0.004433797,0.7215068,5.186511,272.37,354.3193,0.0558446,0.01241455,-0.998362,-0.4163494,0.03049948,-0.2014153,-1.881245,-0.03492665,-1.687881,0.5796,0.1550611,1.915,0.0500899,-0.09857995,0.9938678,-0.0857839,0.9910147,0.1026204,-0.9950539,-0.0903981,0.04118323,moving,19.420926274236763,5.015814737776398,16.839131587459715,4.629245983198385,-1.889797486,-0.07658153,0.6708240000000001,0.33137238569504124,0.08249088304865854,0.9398870753301641,19.121027584878764,4.405474593814005,2.590989408729589,2.610574497440399,2.292841681787928
05/05/2023 11:40:00.512536,783,True,True,True,True,Eyes,0.01276502,0.03819146,-2.348349,-0.9266961,-0.03558845,0.3741226,0.0,0.0,0.0,0.0,0.0,0.0,0.0,2.355335,0.1960599,0.07179976,0.001643263,0.0419201,-2.364199,0.06491265,-0.6940515,-0.005310029,0.7169733,4.916877,271.6195,354.3713,0.05085358,0.01279832,-0.9986238,-0.3913684,0.02866951,-0.1893304,-1.897378,-0.02256969,-1.718006,0.5796,0.1576212,1.915,0.03652869,-0.09771973,0.9945434,-0.08249113,0.9915163,0.1004521,-0.9959221,-0.08571039,0.02815774,moving,20.045855042180946,4.806004943014169,16.839131587459715,4.705335651883367,-1.899021263,-0.06448979,0.6461930000000002,0.3417078567348694,0.07873910594851408,0.9365019024003436,19.735875033911512,4.197188783458976,3.196811783429756,3.208303230873922,2.940975320272333
05/05/2023 11:40:00.532370,784,True,True,True,True,Eyes,0.01148624,0.03823314,-2.34929,-0.9279601,-0.03519676,0.3710137,0.0,0.0,0.0,0.0,0.0,0.0,0.0,2.362798,0.1827598,0.03165698,-0.005105926,0.04057774,-2.369714,0.06125613,-0.6994147,-0.00503943,0.7120684,4.599361,270.8124,354.6544,0.046315,0.01314587,-0.9988402,-0.3678863,0.02694934,-0.1779706,-1.913826,-0.007653594,-1.750568,0.5796,0.1603637,1.915,0.02158726,-0.09286371,0.9954448,-0.07851004,0.9924446,0.0942864,-0.9966796,-0.0801878,0.01413345,moving,20.70157892982044,4.468292573756044,16.839131587459715,4.786828040575275,-1.908720074,-0.048231334,0.6191460000000002,0.3525599073934089,0.07290489521600274,0.9329449676409065,20.38418953665248,3.864251565872536,3.8720310457403624,3.875559871312939,3.663138437843943
05/05/2023 11:40:00.542323,785,True,True,True,True,Eyes,0.01000191,0.03830189,-2.350427,-0.9293988,-0.03463478,0.3674484,0.0,0.0,0.0,0.0,0.0,0.0,0.0,2.369704,0.1691285,-0.01177669,-0.01140296,0.04000264,-2.375397,0.05868246,-0.7051917,-0.003806443,0.7065738,4.448239,269.9151,354.9279,0.04217474,0.01345959,-0.9990193,-0.3458132,0.02533238,-0.1672923,-1.93013,0.00228237,-1.786498,0.5796003,0.1630198,1.915,0.005380287,-0.08814384,0.9960932,-0.0773857,0.9930838,0.08829553,-0.9969867,-0.07755844,-0.00147793,moving,21.405103967514407,4.308500663162165,16.83913981006744,4.865734587724404,-1.9187270399999998,-0.03772027,0.5888990000000001,0.36406522015915826,0.06997099001821334,0.9287414064829795,21.07430597406605,3.7041111619620297,4.598431184023305,4.59984112049247,4.39158301981855
05/05/2023 11:40:00.562352,786,True,True,True,True,Eyes,0.008314721,0.03837185,-2.351783,-0.9310442,-0.03380729,0.3633371,0.0,0.0,0.0,0.0,0.0,0.0,0.0,2.375443,0.1610591,-0.05499983,-0.01776371,0.04068066,-2.381118,0.05650201,-0.7108186,-0.00418158,0.7010897,4.202475,269.0284,355.0423,0.03838465,0.01374391,-0.9991683,-0.3250644,0.02381244,-0.1572548,-1.945801,0.01503661,-1.821978,0.5796002,0.1657084,1.915,-0.01056126,-0.0861887,0.9962229,-0.07446204,0.99358,0.08517066,-0.9971679,-0.07328127,-0.01691122,moving,22.05815313333802,4.124449985425159,16.839137069198276,4.945587795043685,-1.9280372899999998,-0.02564405,0.5591399999999997,0.37471158806356764,0.06668286883486155,0.9247403442167026,21.715871427962433,3.52070208783799,5.283538985539206,5.283218335459345,5.080633551492365
05/05/2023 11:40:00.582234,787,True,True,True,True,Eyes,0.006474702,0.03842183,-2.353353,-0.9328391,-0.03283103,0.3587943,0.0,0.0,0.0,0.0,0.0,0.0,0.0,2.380782,0.1556608,-0.0966537,-0.02425738,0.04069193,-2.387352,0.05295259,-0.7161856,-0.006377166,0.695869,3.701685,268.1939,355.1297,0.03490116,0.0140017,-0.9992925,-0.3055605,0.02238369,-0.1478195,-1.960615,0.03536383,-1.856315,0.5796002,0.1683709,1.915,-0.025925,-0.08472311,0.9960673,-0.06697242,0.9943107,0.0828306,-0.9974181,-0.06456165,-0.03145161,moving,22.645713070662296,3.6983783451537526,16.839137069198276,5.024646839609598,-1.93635762,-0.005328100000000002,0.531037,0.38434848758699847,0.059549383761827945,0.9212655012076241,22.300119989187536,3.102244716754359,5.957409787294,5.956115594929639,5.789470128981818
05/05/2023 11:40:00.592437,788,True,True,True,True,Eyes,0.00450486,0.03849279,-2.355125,-0.9348307,-0.03177767,0.3536691,0.0,0.0,0.0,0.0,0.0,0.0,0.0,2.385918,0.145348,-0.1399658,-0.02971742,0.04022266,-2.393913,0.05039796,-0.721815,-0.005998702,0.6902225,3.492145,267.2946,355.3432,0.03168717,0.01423465,-0.9993962,-0.2872269,0.02104067,-0.1389503,-1.974464,0.04676846,-1.893577,0.5796002,0.1710419,1.915001,-0.04210598,-0.08103689,0.9958214,-0.06447514,0.9948482,0.07823151,-0.9970306,-0.0609117,-0.04711394,moving,23.250690724527097,3.5137693377121932,16.83912877359735,5.1039363578429535,-1.94474658,0.0065457999999999975,0.5003359999999999,0.3941282174749832,0.05632745099502049,0.9173277804156618,22.89483947172623,2.9186111804472397,6.606459024631879,6.605812425623483,6.4379560568857706
05/05/2023 11:40:00.612944,789,True,True,True,True,Eyes,0.002417567,0.03859038,-2.357102,-0.9369639,-0.03056689,0.3480869,0.0,0.0,0.0,0.0,0.0,0.0,0.0,2.390205,0.1321228,-0.1866732,-0.03474362,0.04078733,-2.400523,0.04821172,-0.7279079,-0.004754884,0.6839615,3.384003,266.3041,355.5939,0.02871091,0.01444596,-0.9994832,-0.2699932,0.01977823,-0.1306133,-1.98812,0.05619599,-1.934237,0.5795997,0.1737126,1.915,-0.05974489,-0.07669169,0.9952633,-0.06368307,0.995306,0.07287215,-0.9961803,-0.05902768,-0.06434844,moving,23.91406108450846,3.4238561815339286,16.839123364851268,5.183202678617011,-1.9533763800000001,0.015408660000000005,0.4662860000000002,0.4047610505767878,0.054611149781728416,0.9127903860550811,23.543928910582213,2.8267279879573146,7.290778616263169,7.290407658960275,7.106855167638084
05/05/2023 11:40:00.632377,790,True,True,True,True,Eyes,0.000236735,0.03871111,-2.359261,-0.9392368,-0.02957416,0.3419936,0.0,0.0,0.0,0.0,0.0,0.0,0.0,2.393423,0.1227303,-0.233743,-0.03959876,0.04148001,-2.407257,0.04568208,-0.7339951,-0.004923105,0.6775988,3.134564,265.3083,355.7653,0.02594323,0.01463885,-0.999556,-0.2537937,0.01859154,-0.1227765,-2.000931,0.0697704,-1.975184,0.5795996,0.1764854,1.915,-0.07754618,-0.07373263,0.9942585,-0.06038907,0.9957778,0.06913532,-0.9951581,-0.05468117,-0.08167142,moving,24.556083528185628,3.208055386331454,16.839120623981625,5.265475524909108,-1.96133224,0.02829039,0.43207299999999993,0.4150447578425698,0.05091417306643324,0.9083752615649929,24.175601075238966,2.612499672656892,7.9851243613252905,7.986519523014112,7.8014246317140366
05/05/2023 11:40:00.642055,791,True,True,True,True,Eyes,-0.00202789,0.03883728,-2.361625,-0.9416138,-0.0286291,0.3354757,0.0,0.0,0.0,0.0,0.0,0.0,0.0,2.39601,0.1134298,-0.2801604,-0.04392439,0.04221192,-2.414231,0.04434482,-0.7399225,-0.004030599,0.6712168,3.070536,264.3158,355.9207,0.02335952,0.01481602,-0.9996172,-0.238566,0.01747604,-0.1154099,-2.01262,0.07684696,-2.016393,0.5796003,0.1790943,1.915,-0.09500303,-0.07103426,0.9929394,-0.06021264,0.9960346,0.06549463,-0.9936543,-0.05356531,-0.09890343,moving,25.159011634174007,3.175504835875965,16.83913981006744,5.3428653581809655,-1.9686956100000002,0.034635040000000006,0.39783800000000014,0.4245968949424395,0.050153346208764674,0.9039923880636622,24.764224152681585,2.5768302120455826,8.596130228011203,8.59754143945864,8.393921149689463
05/05/2023 11:40:00.662194,792,True,True,True,True,Eyes,-0.004342984,0.03894799,-2.364185,-0.9440483,-0.02780282,0.3286332,0.0,0.0,0.0,0.0,0.0,0.0,0.0,2.397968,0.1016663,-0.3265467,-0.04814774,0.04246458,-2.421384,0.04344051,-0.7457637,-0.001968807,0.6647899,3.142592,263.3228,356.1289,0.02093828,0.0149791,-0.9996684,-0.2242521,0.01642748,-0.1084853,-2.023712,0.07954051,-2.058078,0.5796001,0.181817,1.915,-0.1123348,-0.06741039,0.9913812,-0.06217502,0.9962181,0.06069414,-0.9917234,-0.05482109,-0.1161011,moving,25.7400151701208,3.2412029231702917,16.839134328329035,5.423610080791327,-1.97556426,0.03707592999999999,0.36330600000000013,0.4337243481003166,0.05094466355794587,0.899604246763545,25.328826625658223,2.6369005205583274,9.164102102854308,9.164528398199833,8.935358161619742
05/05/2023 11:40:00.682386,793,True,True,True,True,Eyes,-0.006680661,0.03902615,-2.366946,-0.9465674,-0.02713158,0.3213625,0.0,0.0,0.0,0.0,0.0,0.0,0.0,2.399311,0.08756202,-0.3722229,-0.05160079,0.04226101,-2.428675,0.04201521,-0.7515584,0.0003820009,0.6583271,3.204142,262.3328,356.4024,0.01866112,0.01512874,-0.9997112,-0.210797,0.01544183,-0.1019762,-2.033412,0.08262983,-2.100122,0.5796003,0.1843686,1.915,-0.1296804,-0.0626508,0.9895745,-0.06365672,0.9964692,0.0547453,-0.9895104,-0.05589369,-0.1332107,moving,26.29771907395241,3.248167277483246,16.83913981006744,5.499261038929923,-1.9818112100000003,0.04036882,0.3285530000000003,0.4424631492044187,0.05081269204975246,0.8953458849545644,25.872299240030927,2.6399783420905596,9.722605636563376,9.72276425786509,9.47488611158906
05/05/2023 11:40:00.692677,794,True,True,True,True,Eyes,-0.009031526,0.03912184,-2.36992,-0.9491346,-0.0269001,0.3137193,0.0,0.0,0.0,0.0,0.0,0.0,0.0,2.399751,0.07087474,-0.4189074,-0.0544296,0.04157411,-2.436109,0.04154103,-0.7574616,0.004291194,0.6515428,3.47611,261.3021,356.7068,0.01651281,0.01526478,-0.9997469,-0.1981491,0.01451532,-0.09585765,-2.042248,0.07859892,-2.143971,0.5795999,0.1870222,1.915,-0.1475326,-0.05733966,0.9873936,-0.06852325,0.9965119,0.04763069,-0.9866806,-0.06063235,-0.1509472,moving,26.870456868649317,3.4162014556644515,16.83912884659031,5.577915737499585,-1.9878183999999999,0.037024810000000005,0.292138,0.45133536399367663,0.05317418432447606,0.8907686561727362,26.426085823417147,2.7996748694255595,10.262938943463658,10.261605650308155,9.981401023732364
05/05/2023 11:40:00.712455,795,True,True,True,True,Eyes,-0.01139026,0.03923355,-2.373087,-0.95177,-0.02665144,0.3056527,0.0,0.0,0.0,0.0,0.0,0.0,0.0,2.399036,0.05430726,-0.4675624,-0.0571025,0.04219657,-2.443746,0.04193104,-0.7635422,0.008420601,0.6443402,3.835647,260.2186,356.9447,0.01448089,0.01538911,-0.9997764,-0.1862602,0.0136444,-0.09010619,-2.050539,0.07233761,-2.18983,0.5796002,0.1897621,1.915,-0.1661352,-0.05318078,0.984668,-0.0748837,0.9963418,0.04117674,-0.9832557,-0.06689468,-0.1695098,moving,27.468707286710284,3.701381996892707,16.839137069198276,5.659106305397705,-1.9934365,0.030141039999999994,0.2539159999999998,0.46050613750509717,0.057303890335166315,0.8858049258408731,27.001585121956023,3.073183777645335,10.810703636511969,10.808350821338546,10.48629323185924
05/05/2023 11:40:00.732270,796,True,True,True,True,Eyes,-0.01373637,0.03932532,-2.376462,-0.9544317,-0.02647858,0.2972527,0.0,0.0,0.0,0.0,0.0,0.0,0.0,2.397216,0.0413933,-0.5160115,-0.05960593,0.04268213,-2.451377,0.04054627,-0.7695959,0.01013593,0.637162,3.857213,259.1482,357.1567,0.01255338,0.01550347,-0.9998007,-0.1750846,0.01282574,-0.08469982,-2.057684,0.07693674,-2.235258,0.5795999,0.192435,1.915001,-0.1847609,-0.04949202,0.9815364,-0.07532494,0.9965065,0.03606794,-0.9798926,-0.06727023,-0.1878435,moving,28.044717854577023,3.651050599040577,16.83912055099295,5.738286544457996,-1.99807807,0.034254610000000005,0.21611899999999995,0.4694167649515019,0.056227731575296196,0.88118471151363,27.56444772484451,3.020392334815529,11.400713662367266,11.39833166835977,11.064338747569453
05/05/2023 11:40:00.742173,797,True,True,True,True,Eyes,-0.01606827,0.03939613,-2.380019,-0.9571238,-0.02625717,0.2884867,0.0,0.0,0.0,0.0,0.0,0.0,0.0,2.394602,0.02830023,-0.5640969,-0.06167386,0.04233875,-2.459172,0.0388734,-0.7755773,0.01187551,0.6299426,3.86448,258.0808,357.3956,0.01072066,0.01560786,-0.9998205,-0.1645795,0.01205619,-0.07961783,-2.063653,0.08143003,-2.280937,0.5796002,0.195078,1.915,-0.2033223,-0.04533688,0.9780616,-0.07526044,0.9966957,0.03055527,-0.976215,-0.06739678,-0.2060626,moving,28.598504001930884,3.5688676507481336,16.839137069198276,5.816565346726326,-2.00197914,0.03909128,0.17823499999999992,0.4779528614293457,0.05467793283362385,0.8766820230233316,28.10650404403073,2.936757215098792,11.97451363864223,11.972253571953393,11.629568066808547
05/05/2023 11:40:00.762054,798,True,True,True,True,Eyes,-0.01835333,0.03945467,-2.383786,-0.9599543,-0.02383007,0.2791416,0.0,0.0,0.0,0.0,0.0,0.0,0.0,2.391473,0.01433357,-0.6100798,-0.06363531,0.0418907,-2.466929,0.03691455,-0.7812291,0.01365191,0.6230025,3.86043,257.0635,357.664,0.008973605,0.01570232,-0.9998362,-0.1547047,0.01133282,-0.07484076,-2.068664,0.08654063,-2.325016,0.5796,0.1977631,1.915,-0.2210104,-0.04066709,0.9744232,-0.07468778,0.9969019,0.02466518,-0.9724073,-0.06732624,-0.223363,moving,29.068951975799397,3.594685818045356,16.839131587459715,5.896065711961612,-2.00502869,0.04464992999999999,0.14191299999999973,0.48513109505085067,0.054825693143438596,0.8727211050280379,28.564409754367695,2.9587581331145314,12.446828982687702,12.444470906678637,12.087593801254304
05/05/2023 11:40:00.782393,799,True,True,True,True,Eyes,-0.02060409,0.03951058,-2.387732,-0.9627737,-0.02133888,0.2694652,0.0,0.0,0.0,0.0,0.0,0.0,0.0,2.387856,0.001412444,-0.6553113,-0.06503557,0.0415789,-2.47494,0.03481323,-0.7867738,0.01502767,0.6160758,3.81539,256.0554,357.9171,0.007306679,0.01578713,-0.9998484,-0.1454224,0.01065285,-0.07035032,-2.072393,0.09299459,-2.369059,0.5795999,0.2004385,1.915001,-0.2384777,-0.03626389,0.9704708,-0.07329663,0.9971244,0.01924841,-0.9683782,-0.06654193,-0.2404499,moving,29.512488042689696,3.587340406668712,16.83912055099295,5.975253128793325,-2.00735743,0.05141569,0.10588100000000011,0.49188173179276595,0.054477326417596804,0.8689560530068966,28.99697509383553,2.948669876264349,12.898718018975245,12.8963704486216,12.528911894869678
05/05/2023 11:40:00.792279,800,True,True,True,True,Eyes,-0.02283321,0.03951963,-2.391774,-0.9655337,-0.018598,0.2596128,0.0,0.0,0.0,0.0,0.0,0.0,0.0,2.383392,-0.008784991,-0.7006772,-0.06644857,0.04153828,-2.483031,0.03223282,-0.7922651,0.01530679,0.6091328,3.642007,255.0505,358.138,0.005713154,0.01586305,-0.9998576,-0.1366971,0.01001368,-0.0661293,-2.075344,0.1037308,-2.412994,0.5795999,0.2031492,1.915001,-0.2558364,-0.03242614,0.966176,-0.06972161,0.9974535,0.01501407,-0.9642025,-0.0635222,-0.2574458,moving,29.943533814218068,3.4829026627644892,16.83912055099295,6.055465102674156,-2.00889543,0.06219252,0.07003700000000013,0.4984535580667153,0.052665769053596885,0.8653151937786342,29.41998160912385,2.8441951375221937,13.356413800916132,13.35453947092989,12.984233506567946
05/05/2023 11:40:00.812690,801,True,True,True,True,Eyes,-0.02500431,0.03949458,-2.395986,-0.9682571,-0.01591567,0.2494491,0.0,0.0,0.0,0.0,0.0,0.0,0.0,2.378559,-0.01675941,-0.744998,-0.06758329,0.04039853,-2.491314,0.02907755,-0.7975778,0.01493783,0.6023298,3.374191,254.0721,358.3704,0.004187573,0.01592892,-0.9998641,-0.1284953,0.00941286,-0.06216154,-2.077189,0.1167258,-2.456237,0.5796,0.2059318,1.915001,-0.2727069,-0.02838821,0.9616784,-0.06437821,0.9978628,0.01120038,-0.959941,-0.0588567,-0.2739516,moving,30.331658175729476,3.26954858020172,16.839123291861164,6.137779883517293,-2.00960571,0.07632727,0.03507700000000025,0.5043918447629054,0.049246926824111824,0.8620693596676674,29.804083168609683,2.6340311475272764,13.794128108506854,13.794029447616916,13.430057327154291
05/05/2023 11:40:00.832512,802,True,True,True,True,Eyes,-0.02710313,0.03944243,-2.400391,-0.97088,-0.01307426,0.239209,0.0,0.0,0.0,0.0,0.0,0.0,0.0,2.372695,-0.0262235,-0.7893307,-0.06831819,0.03953747,-2.499436,0.02754643,-0.8028412,0.01605111,0.59534,3.357848,253.0747,358.5582,0.002726211,0.0159842,-0.9998683,-0.1207855,0.008848089,-0.05843185,-2.078301,0.1209384,-2.499951,0.5796005,0.2085493,1.915002,-0.2896233,-0.02511908,0.9568112,-0.06334254,0.9979671,0.007026004,-0.9550426,-0.05857196,-0.2906256,moving,30.733000186189425,3.3420071096608734,16.839128700604455,6.215184259314542,-2.0099828100000003,0.08140093000000001,-0.0005149999999995991,0.5103954851290617,0.05013100929331575,0.8584772489837168,30.19336596866602,2.7018706762331055,14.188497289372172,14.187840279311121,13.808657622837524
05/05/2023 11:40:00.842193,803,True,True,True,True,Eyes,-0.02912707,0.03935061,-2.404961,-0.9734293,-0.0103564,0.2287535,0.0,0.0,0.0,0.0,0.0,0.0,0.0,2.366517,-0.02924378,-0.8327305,-0.0688232,0.03877804,-2.50768,0.02661296,-0.807919,0.01599969,0.5884749,3.277675,252.0983,358.6127,0.001325279,0.01602875,-0.9998704,-0.1135384,0.008317203,-0.05492593,-2.078531,0.1260369,-2.542582,0.5796005,0.2111661,1.915002,-0.3059782,-0.02417139,0.9517317,-0.06183306,0.9980715,0.005469209,-0.9500286,-0.05717502,-0.3068827,moving,31.096781870040726,3.41988829033744,16.839128700604455,6.292548352567648,-2.0097077999999997,0.08725886000000001,-0.03490199999999977,0.5158103465664767,0.05110478586528628,0.8551771793718155,30.545888093113557,2.775235438611938,14.545343416049242,14.544168925485863,14.150856623498669
05/05/2023 11:40:00.867081,804,True,True,True,True,Eyes,-0.03108075,0.03922253,-2.409676,-0.9758835,-0.007707594,0.218156,0.0,0.0,0.0,0.0,0.0,0.0,0.0,2.361084,-0.02756305,-0.8725441,-0.06902757,0.03773965,-2.516072,0.02699499,-0.8124835,0.01581935,0.582144,3.275428,251.2014,358.5394,-1.820462e-05,0.01606189,-0.9998708,-0.1067261,0.007818171,-0.05163038,-2.078148,0.1270224,-2.582159,0.5796003,0.2138662,1.915001,-0.3207595,-0.02544769,0.9468189,-0.06228426,0.998042,0.005724016,-0.9451107,-0.05713588,-0.3217164,moving,31.368689241906132,3.6467866137992426,16.83913151446532,6.3723543143159755,-2.0091204300000003,0.08928275000000001,-0.066087,0.5197740612305485,0.05433839252574966,0.8525739365492816,30.80483290472332,2.994200794291167,14.785394340599286,14.782989110634396,14.368463262531254
05/05/2023 11:40:00.882118,805,True,True,True,True,Eyes,-0.03293925,0.03904525,-2.414561,-0.9782355,-0.005176508,0.207433,0.0,0.0,0.0,0.0,0.0,0.0,0.0,2.356332,-0.0248587,-0.9094834,-0.06908687,0.03676245,-2.524668,0.02800892,-0.816635,0.01582407,0.5762575,3.332233,250.3714,358.421,-0.001305748,0.01608318,-0.9998695,-0.1003225,0.00734908,-0.04853256,-2.077363,0.1255833,-2.619454,0.5796008,0.2165238,1.915001,-0.3342859,-0.02750866,0.9420702,-0.0639836,0.9979302,0.00643573,-0.9402974,-0.05812567,-0.3353541,moving,31.56554378354766,3.9519056263544434,16.839145218803996,6.450876675029395,-2.00827613,0.08882085,-0.09478600000000004,0.5225690923755227,0.058760201862705884,0.8505696453290585,30.98850649576103,3.2897713578273104,14.939781141025657,14.936923076383565,14.498172690801228
05/05/2023 11:40:00.892728,806,True,True,True,True,Eyes,-0.03470289,0.03883073,-2.419592,-0.9804752,-0.00272948,0.1966236,0.0,0.0,0.0,0.0,0.0,0.0,0.0,2.35209,-0.02038193,-0.9443672,-0.0686384,0.03541329,-2.533497,0.02870732,-0.8205379,0.01530192,0.5706657,3.317914,249.5862,358.2983,-0.002538573,0.01609168,-0.9998671,-0.09430318,0.006908135,-0.0456206,-2.075661,0.126142,-2.655339,0.5796006,0.2192087,1.915002,-0.3470333,-0.02964633,0.9373844,-0.06457546,0.9978835,0.007652963,-0.9356272,-0.05787617,-0.3482132,moving,31.712994372093505,4.182905633542497,16.839131441471,6.530177565813543,-2.0070226,0.09072871,-0.121842,0.5246501459905095,0.06209567279892901,0.8490502103438035,31.12601792461772,3.5135529161187025,15.0602711773648,15.057937574680462,14.601888564821571
05/05/2023 11:40:00.912628,807,True,True,True,True,Eyes,-0.0363563,0.038589,-2.424784,-0.9826,-0.0004991769,0.1857333,0.0,0.0,0.0,0.0,0.0,0.0,0.0,2.347615,-0.01706292,-0.9786272,-0.06793549,0.03433544,-2.542342,0.03031393,-0.8243281,0.01558315,0.5650853,3.43701,248.8063,358.1419,-0.003718045,0.01608709,-0.9998634,0.0,0.0,0.0,-2.073576,0.12215,-2.690989,0.5796002,0.2218958,1.915001,-0.3595193,-0.03236562,0.9325761,-0.06758887,0.9976764,0.008568643,-0.9306866,-0.05995117,-0.3608716,moving,31.849785237045722,4.55420789425129,16.83912877359735,6.609525046622314,-2.00564051,0.08781455999999999,-0.14864699999999997,0.5264902970827761,0.06750628923176893,0.8474967468364196,31.24935645373615,3.873917047205775,15.150397348193664,15.150714044575423,14.667590562867177
05/05/2023 11:40:00.932159,808,True,True,True,True,Eyes,-0.03787976,0.0383197,-2.430153,-0.9846055,0.001792015,0.174782,0.0,0.0,0.0,0.0,0.0,0.0,0.0,2.343617,-0.01107238,-1.010955,-0.06692183,0.03347679,-2.551292,0.03239989,-0.8278525,0.01550065,0.5597948,3.551122,248.0686,357.9163,-0.00484519,0.01606953,-0.9998589,0.0,0.0,0.0,-2.070993,0.1177935,-2.724994,0.5796007,0.2245432,1.915001,-0.3711602,-0.0362903,0.9278596,-0.07099904,0.9974199,0.01061008,-0.9258507,-0.0619391,-0.3727792,moving,31.937037072790073,4.966638271093149,16.839142477936416,6.687672001485614,-2.00407117,0.08431670999999999,-0.17370200000000002,0.5275543401365568,0.07354787353975675,0.8463315414025833,31.323294863407178,4.2746267032511485,15.189832419307281,15.195669721945784,14.683782140064249
05/05/2023 11:40:00.942403,809,True,True,True,True,Eyes,-0.03927642,0.03800623,-2.435677,-0.9864807,0.004001993,0.1638286,0.0,0.0,0.0,0.0,0.0,0.0,0.0,2.340142,-0.002355322,-1.041316,-0.0654676,0.03252527,-2.560325,0.0339948,-0.8311527,0.01450763,0.5548146,3.545303,247.3763,357.6795,-0.005918415,0.01603914,-0.9998536,0.0,0.0,0.0,-2.067677,0.1174552,-2.757357,0.5796009,0.2273932,1.915002,-0.3820504,-0.04041165,0.9232577,-0.07260782,0.9972678,0.01360552,-0.921285,-0.06183773,-0.3839408,moving,31.977529578917608,5.259338860952732,16.839139664070156,6.771767939474696,-2.0022094000000004,0.08492992999999999,-0.19703199999999965,0.5279795371456377,0.07784624042355194,0.8456817183821694,31.35487849796607,4.559151244073291,15.202822857774708,15.213753347925483,14.683403778914577
05/05/2023 11:40:00.962079,810,True,True,True,True,Eyes,-0.04053312,0.03767398,-2.441368,-0.988249,0.006304231,0.1527222,0.0,0.0,0.0,0.0,0.0,0.0,0.0,2.337456,0.007416625,-1.069355,-0.06380861,0.03116008,-2.569481,0.03511554,-0.8341671,0.01309785,0.5502368,3.468243,246.7428,357.4637,-0.006938774,0.0159953,-0.9998477,0.0,0.0,0.0,-2.063979,0.1190841,-2.787794,0.5796002,0.23002,1.915001,-0.3920126,-0.04417061,0.9188988,-0.07299828,0.9971907,0.01679214,-0.9170591,-0.0604953,-0.3941357,moving,31.951586961231495,5.470404254960267,16.83912877359735,6.849258625178976,-2.0001703899999996,0.08792401999999999,-0.21831299999999976,0.5274639336582174,0.08099154792894192,0.8457080273689113,31.323900248255896,4.764686586021332,15.160279368096475,15.175230866357902,14.63400304973044
05/05/2023 11:40:00.982004,811,True,True,True,True,Eyes,-0.04166192,0.03733952,-2.447221,-0.9898774,0.008648256,0.1416612,0.0,0.0,0.0,0.0,0.0,0.0,0.0,2.335324,0.01555246,-1.095992,-0.06176988,0.03034937,-2.578845,0.03624078,-0.837019,0.01196643,0.5458412,3.416605,246.1372,357.2665,-0.007904459,0.01593861,-0.9998414,0.0,0.0,0.0,-2.059804,0.120464,-2.817518,0.5796002,0.2325096,1.915001,-0.4014882,-0.0476049,0.9146264,-0.07373197,0.9970868,0.01953116,-0.9128916,-0.05959567,-0.4038286,moving,31.901714244717695,5.696016676543076,16.83912877359735,6.92267536131039,-1.9980341200000002,0.09011463,-0.23867300000000036,0.5265792372576976,0.0843754937250774,0.8459285063737907,31.269202395640622,4.984534647985434,15.092486345407849,15.11245091319475,14.559650207413531
05/05/2023 11:40:00.992411,812,True,True,True,True,Eyes,-0.04262827,0.03698976,-2.453292,-0.9913823,0.01127917,0.1305141,0.0,0.0,0.0,0.0,0.0,0.0,0.0,2.333358,0.0286633,-1.122212,-0.05981971,0.02994347,-2.588487,0.03658299,-0.8397895,0.009150695,0.541601,3.152634,245.5565,357.0417,-0.008815367,0.01587025,-0.9998348,0.0,0.0,0.0,-2.055343,0.1293081,-2.846373,0.5796007,0.2352192,1.915001,-0.4106602,-0.05153197,0.9103311,-0.07135608,0.9971559,0.02425746,-0.9089921,-0.05499608,-0.4131694,moving,31.82092434087871,5.743610628740651,16.839142477936416,7.0025537982445565,-1.9955232900000002,0.09936463000000001,-0.2578859999999996,0.525351001028561,0.08515417094738154,0.8466139070535879,31.18916405664483,5.0313785682309335,15.014871910957064,15.03458432058656,14.484773077159904
05/05/2023 11:40:01.012562,813,True,True,True,True,Eyes,-0.06317179,0.02720676,-2.60892,-0.9853851,0.07781878,-0.1515276,0.0,0.0,0.0,0.0,0.0,0.0,0.0,2.331903,0.04221713,-1.14695,-0.0574827,0.02906863,-2.598249,0.03599362,-0.8424236,0.005823947,0.537581,2.780591,245.0111,356.8789,-0.009671354,0.0157906,-0.9998282,0.0,0.0,0.0,-2.050183,0.1418084,-2.874195,0.5796006,0.2377913,1.915001,-0.4194225,-0.05438206,0.906161,-0.06690544,0.997341,0.02888652,-0.9053224,-0.04851143,-0.4219457,moving,15.927603452715477,8.314360391544989,16.839139737068763,7.078353467514033,-1.9927003,0.11273977,-0.2759459999999998,0.27175230277565277,0.13916236340429786,0.9522524318332392,15.626763878814048,7.638073369165874,1.5197180305138323,1.5357771693657452,1.3353432480018026
05/05/2023 11:40:01.032538,814,True,True,True,True,Eyes,-0.0630486,0.02716822,-2.60935,-0.9852694,0.07817683,-0.1520938,0.0,0.0,0.0,0.0,0.0,0.0,0.0,2.330391,0.05098375,-1.171609,-0.05483983,0.02764873,-2.608106,0.03538168,-0.8450527,0.003720986,0.5334983,2.524179,244.4594,356.7965,-0.01112464,0.01525427,-0.9998214,-0.06163055,-0.02934902,-0.466886,-2.044581,0.1507854,-2.902632,0.5796008,0.2404421,1.915001,-0.4282557,-0.05582849,0.9019316,-0.06376906,0.9974686,0.03146328,-0.901405,-0.04404099,-0.4307317,moving,16.441427977590955,8.146710648473524,16.839145218803996,7.156446369406927,-1.98974117,0.12313667000000002,-0.2945260000000003,0.280404381976367,0.1360232422046936,0.9501952386074263,16.132168458118336,7.471545407454097,1.0427114612756607,1.067146825115176,0.774017793030522
05/05/2023 11:40:01.042471,815,True,True,True,True,Eyes,-0.06281039,0.02707531,-2.61017,-0.9850882,0.0786604,-0.1530156,0.0,0.0,0.0,0.0,0.0,0.0,0.0,2.328485,0.05810159,-1.196796,-0.05208404,0.0265777,-2.618038,0.03435088,-0.8477387,0.001680407,0.529298,2.247303,243.8948,356.7607,-0.01242718,0.01476999,-0.9998134,-0.05793272,-0.02758808,-0.4388729,-2.038478,0.1613309,-2.931672,0.5796006,0.2431465,1.915002,-0.4373274,-0.05646227,0.8975282,-0.06002001,0.9976344,0.03351461,-0.8972973,-0.03921279,-0.4396816,moving,16.95369448348501,7.953937492046653,16.839131441471,7.236087058505139,-1.98639396,0.1347532,-0.31363399999999997,0.28902884182429794,0.13247106336933812,0.9481106159696041,16.63673140822966,7.280583092084476,0.6928918638557283,0.7269346157194905,0.2072333719756275
05/05/2023 11:40:01.062139,816,True,True,True,True,Eyes,-0.06245175,0.02694844,-2.611354,-0.9848021,0.0792937,-0.1545226,0.0,0.0,0.0,0.0,0.0,0.0,0.0,2.32665,0.06430772,-1.221767,-0.04910085,0.02515134,-2.628137,0.03356639,-0.8503764,9.746545e-05,0.5251032,2.029692,243.3323,356.7311,-0.01359016,0.01433002,-0.9998047,-0.05445675,-0.0259328,-0.4125405,-2.032043,0.1695874,-2.960825,0.5796008,0.2458434,1.915001,-0.4462801,-0.05698577,0.8930772,-0.05719049,0.9977466,0.03508587,-0.8930641,-0.0354174,-0.4485335,moving,17.428805547252953,7.825565072706522,16.839145218803996,7.315486363551502,-1.9829421499999997,0.14443606,-0.33268799999999965,0.2969781726049067,0.1300147673204491,0.9459915571556228,17.103338721704436,7.152528074254584,0.7475436917898272,0.7796663340684807,0.3104087805223666
05/05/2023 11:40:01.082322,817,True,True,True,True,Eyes,-0.06196001,0.02693334,-2.6129,-0.9844744,0.07965529,-0.1564136,0.0,0.0,0.0,0.0,0.0,0.0,0.0,2.324477,0.06187253,-1.247048,-0.04582212,0.02420349,-2.638079,0.03343309,-0.8530458,0.0007092935,0.5207636,2.064905,242.7479,356.7704,-0.01462185,0.01392876,-0.9997958,-0.05118935,-0.02437683,-0.3877881,-2.025445,0.1704878,-2.991066,0.5796004,0.2484728,1.915001,-0.4553751,-0.05630117,0.8885177,-0.05777866,0.9977635,0.03361135,-0.8884229,-0.0360316,-0.4576097,moving,17.908524653571376,7.912085085722931,16.839134255333214,7.392867574866391,-1.97962288,0.14628431,-0.35298700000000016,0.30484416853531426,0.13110147126317062,0.9433358155439387,17.5686459965243,7.233529451247346,1.1538139913801693,1.1887735896393552,0.7467101299527735
05/05/2023 11:40:01.097721,818,True,True,True,True,Eyes,-0.06136657,0.02708994,-2.614819,-0.9840465,0.08031847,-0.1587498,0.0,0.0,0.0,0.0,0.0,0.0,0.0,2.32171,0.05161642,-1.273749,-0.04215701,0.02692237,-2.648194,0.03533822,-0.855822,0.003401409,0.5160509,2.424027,242.1098,356.7308,-0.01553,0.01356648,-0.9997871,-0.04811799,-0.02291422,-0.3645208,-2.018728,0.1634114,-3.023394,0.5796006,0.2511396,1.915001,-0.4648858,-0.05697586,0.8835357,-0.06399706,0.9974793,0.03065064,-0.8830549,-0.04229464,-0.4673602,moving,18.40076549822424,8.36742621335581,16.839139737068763,7.471321746446809,-1.97657099,0.13648903,-0.3752,0.31263158532001395,0.13822629169906783,0.939763296755545,18.0362187775616,7.673304927747985,1.7383902079496534,1.8004661156263628,1.2139997671811134
05/05/2023 11:40:01.112291,819,True,True,True,True,Eyes,-0.06066585,0.02717454,-2.617078,-0.9835485,0.08141442,-0.1612572,0.0,0.0,0.0,0.0,0.0,0.0,0.0,2.319473,0.06760557,-1.297971,-0.03945259,0.0310721,-2.658333,0.03554364,-0.8582252,-0.0009219285,0.5120406,1.995278,241.581,356.4459,-0.0163224,0.01324586,-0.9997788,-0.04523091,-0.02153936,-0.3426495,-2.012118,0.1817415,-3.050149,0.5796,0.2538941,1.915002,-0.4731025,-0.06195302,0.8788266,-0.06006476,0.9974716,0.03798201,-0.8789576,-0.03481713,-0.4756275,moving,18.75149978169538,8.136606867305762,16.839114996270546,7.552322478225034,-1.97266541,0.1506694,-0.3918160000000004,0.31855807553909415,0.13416029355864834,0.9383611310839303,18.384342526264085,7.446395461833717,1.9554814692774205,1.9996509232483122,1.5488539802871997
05/05/2023 11:40:01.142538,820,True,True,True,True,Eyes,-0.05983687,0.02734106,-2.619678,-0.9829983,0.08208106,-0.164247,0.0,0.0,0.0,0.0,0.0,0.0,0.0,2.319535,0.08398184,-1.317871,-0.03619493,0.02933377,-2.66869,0.03244279,-0.8602604,-0.005870478,0.5087879,1.312917,241.1625,356.4564,-0.01700702,0.01295953,-0.9997711,-0.04251705,-0.020247,-0.3220905,-2.004372,0.2056969,-3.073892,0.5795999,0.2566136,1.915001,-0.4801648,-0.06179216,0.8749992,-0.04984485,0.997826,0.04311328,-0.875761,-0.02291273,-0.482201,moving,19.009177535087495,7.518224343402816,16.83912055099295,7.632271943952077,-1.96817707,0.17636312999999998,-0.40520200000000006,0.32321314549186775,0.12381877807740178,0.9381909229998369,18.65219908793181,6.8430102264530674,2.161803201957354,2.173051810106829,1.977419490097598
05/05/2023 11:40:01.162622,821,True,True,True,True,Eyes,-0.05888962,0.02759446,-2.622579,-0.9823586,0.08283345,-0.1676613,0.0,0.0,0.0,0.0,0.0,0.0,0.0,2.31725,0.06712313,-1.342797,-0.03267824,0.03147595,-2.678656,0.03522809,-0.8627247,-0.001139579,0.5044438,1.924062,240.5708,356.4472,-0.0175894,0.01270711,-0.9997644,-0.03996603,-0.01903218,-0.3027651,-1.998287,0.1899944,-3.104895,0.5795997,0.2593557,1.915,-0.4885906,-0.061934,0.870312,-0.05963459,0.9975153,0.03750747,-0.8704726,-0.0335749,-0.49107,moving,19.387708294229057,8.214041322947645,16.839123364851268,7.712855607535983,-1.9656087599999998,0.15851845,-0.4262389999999998,0.3289234516224179,0.13492164219277178,0.934668724410608,19.00244352271879,7.517518982897504,2.5530572860590066,2.597397209435686,2.1721211988195104
05/05/2023 11:40:01.182678,822,True,True,True,True,Eyes,-0.05786083,0.02795647,-2.625776,-0.9816626,0.08364622,-0.1712941,0.0,0.0,0.0,0.0,0.0,0.0,0.0,2.313338,0.07204857,-1.368605,-0.02903746,0.03376789,-2.68846,0.03606834,-0.8653098,-0.002261021,0.4999331,1.842407,239.9747,356.2895,-0.01807402,0.01248885,-0.9997584,-0.03756807,-0.01789025,-0.2845992,-1.990483,0.1986078,-3.134248,0.5796,0.2645886,1.915,-0.4975322,-0.06468128,0.8650309,-0.06015984,0.9973879,0.03997647,-0.8653571,-0.03215054,-0.5001238,moving,19.751825219415714,8.276195316649128,16.839131587459715,7.866544916456553,-1.96144554,0.16483991,-0.44578799999999985,0.33482358407121926,0.1356366667556552,0.9324675228848331,19.355716345302657,7.575579216865446,2.898551580031536,2.941359829061206,2.5333495380120685
05/05/2023 11:40:01.192091,823,True,True,True,True,Eyes,-0.05674056,0.02836331,-2.629278,-0.9808672,0.08482146,-0.1752278,0.0,0.0,0.0,0.0,0.0,0.0,0.0,2.309961,0.08031012,-1.393796,-0.02608887,0.03671158,-2.698704,-0.0367232,0.8677114,0.004317649,-0.4956916,1.65687,239.419,356.0986,-0.01846953,0.01230434,-0.9997526,-0.03531399,-0.01681684,-0.2675232,-1.983148,0.2085409,-3.16242,0.5796,0.2673493,1.915001,-0.5058828,-0.0680107,0.859917,-0.05944981,0.9972655,0.04389969,-0.8605512,-0.02891381,-0.5085428,moving,20.053809896349286,8.265546782371583,16.839123291861164,7.947576332599211,-1.95705913,0.17182932,-0.4637159999999998,0.33975364132441577,0.13520943690990406,0.9307447541525649,19.650383739239036,7.563215764409858,3.189768705266335,3.2303738440006935,2.8374140250182167
05/05/2023 11:40:01.211986,824,True,True,True,True,Eyes,-0.05553369,0.02878594,-2.633029,-0.9800246,0.08589932,-0.1793684,0.0,0.0,0.0,0.0,0.0,0.0,0.0,2.307707,0.09502651,-1.415837,-0.02319651,0.03802187,-2.708717,-0.03433708,0.8698437,0.009040459,-0.4920481,1.035014,238.9559,356.0639,-0.01877997,0.01215234,-0.9997482,-0.03319515,-0.01580783,-0.2514718,-1.974947,0.2329265,-3.186967,0.5796001,0.2699561,1.915001,-0.5134196,-0.06863247,0.8553889,-0.05083911,0.9974785,0.04951856,-0.8566306,-0.01806342,-0.5156141,moving,20.281235659340616,7.74971145453708,16.839126032729293,8.02406498421815,-1.95175049,0.19490463000000002,-0.47825000000000006,0.34383836652580135,0.12662422307829257,0.9304522645116569,19.88598610934132,7.059807950580652,3.4373044733704194,3.453025997709662,3.1958016135817373
05/05/2023 11:40:01.232606,825,True,True,True,True,Eyes,-0.0542374,0.02925876,-2.63703,-0.9791058,0.08705487,-0.1837755,0.0,0.0,0.0,0.0,0.0,0.0,0.0,2.305212,0.08579238,-1.438814,-0.01995328,0.03884005,-2.718389,-0.03391023,0.872073,0.007503822,-0.488142,1.147038,238.4376,356.188,-0.0190105,0.01203006,-0.9997451,-0.03120344,-0.01485936,-0.2363835,-1.967519,0.233955,-3.214787,0.5796003,0.2726338,1.915001,-0.5211353,-0.06647025,0.850882,-0.05181853,0.9975876,0.04619378,-0.8518998,-0.02001826,-0.5233223,moving,20.550060877012513,7.91495638972777,16.83913151446532,8.10260401641941,-1.94756572,0.19511495,-0.4963979999999997,0.34808853369592313,0.1290913906123659,0.9285310646197006,20.14358813681621,7.218805969463727,3.694316976357018,3.715670648162715,3.420604121613803
05/05/2023 11:40:01.242542,826,True,True,True,True,Eyes,-0.05287863,0.02976295,-2.641247,-0.9781191,0.088342,-0.1883578,0.0,0.0,0.0,0.0,0.0,0.0,0.0,2.301775,0.07792033,-1.46267,-0.01676101,0.04046649,-2.727952,-0.0324438,0.8744009,0.00701161,-0.4840676,1.097171,237.9029,356.3571,-0.01916565,0.01193629,-0.9997433,-0.02933123,-0.0139678,-0.2222005,-1.959261,0.2417004,-3.242899,0.5796003,0.2753288,1.915001,-0.5292519,-0.06352595,0.8460833,-0.04994958,0.9977965,0.0436719,-0.8469933,-0.01914807,-0.5312588,moving,20.83356117512903,7.9102499717819805,16.83913151446532,8.18161953077029,-1.94249999,0.20123391000000002,-0.5149469999999998,0.352693091039222,0.12877803477667876,0.9268353385914381,20.42007644901239,7.212346680863689,3.983123344078515,4.003637065411341,3.7098054506704803
05/05/2023 11:40:01.263185,827,True,True,True,True,Eyes,-0.05145719,0.03024833,-2.645667,-0.9770712,0.0896207,-0.1931321,0.0,0.0,0.0,0.0,0.0,0.0,0.0,2.297548,0.07779695,-1.48659,-0.01394948,0.04169175,-2.737297,-0.03069203,0.8766815,0.008206962,-0.4800211,0.8638158,237.3786,356.4626,-0.01925059,0.01186921,-0.9997426,-0.02757136,-0.01312973,-0.2088685,-1.95085,0.2544759,-3.26981,0.5796,0.277973,1.915,-0.5372756,-0.06169329,0.8411475,-0.04593523,0.9979813,0.04385542,-0.842155,-0.01507586,-0.5390248,moving,21.090119034780837,7.742927577694678,16.839131587459715,8.259119438299049,-1.93690052,0.21278414999999998,-0.5325130000000002,0.3569748711890225,0.1258518886976523,0.9255972402936142,20.67468378829515,7.0478432755837455,4.268349574361255,4.282213015980868,4.02226933803492
05/05/2023 11:40:01.282436,828,True,True,True,True,Eyes,-0.04999045,0.0307197,-2.650276,-0.9759758,0.09085912,-0.1980298,0.0,0.0,0.0,0.0,0.0,0.0,0.0,2.29359,0.07424219,-1.509444,-0.01116324,0.04169793,-2.746384,-0.02942037,0.87883,0.008163351,-0.4761573,0.7832034,236.8751,356.5894,-0.01927,0.01182531,-0.9997429,-0.02591707,-0.01234194,-0.1963364,-1.942899,0.2612276,-3.296074,0.5796003,0.2807069,1.915,-0.5448175,-0.05948508,0.8364422,-0.04393692,0.9981356,0.04236584,-0.8374028,-0.01366905,-0.5464153,moving,21.317946618491042,7.713269154254543,16.83913981006744,8.339212055121742,-1.93173576,0.21952967,-0.54969,0.36068335715542554,0.12518139779162274,0.9242494669075454,20.897573821476527,7.017475269372081,4.510163435505279,4.522335120524314,4.2682402411024025
05/05/2023 11:40:01.292190,829,True,True,True,True,Eyes,-0.04847386,0.0311597,-2.655067,-0.9748274,0.0920185,-0.2030865,0.0,0.0,0.0,0.0,0.0,0.0,0.0,2.290273,0.07200608,-1.530978,-0.008653656,0.04183354,-2.755468,-0.02912234,0.8807694,0.007890066,-0.4725833,0.7807828,236.4093,356.6312,-0.01922877,0.01180161,-0.9997441,-0.02436205,-0.01160143,-0.1845562,-1.935876,0.2646241,-3.320879,0.5795998,0.2834578,1.915001,-0.5516341,-0.05875757,0.8320142,-0.0438427,0.9981792,0.04142413,-0.8329334,-0.01362681,-0.5532058,moving,21.487469171634665,7.783776321928325,16.839117810124662,8.419765255302178,-1.927222344,0.22279055999999997,-0.5654110000000001,0.3633701686568662,0.12617734728478142,0.9230608799953103,21.06092722027457,7.084953452926605,4.678358087561845,4.691657735110896,4.42779823878544
05/05/2023 11:40:01.312445,830,True,True,True,True,Eyes,-0.04692145,0.03158651,-2.660023,-0.9736527,0.09304287,-0.2081908,0.0,0.0,0.0,0.0,0.0,0.0,0.0,2.28771,0.07490918,-1.550716,-0.006046034,0.04151949,-2.76445,-0.02993539,0.8824837,0.00798206,-0.4693217,0.8027732,235.9855,356.541,-0.01913118,0.01179477,-0.9997461,-0.02290033,-0.01090534,-0.1734828,-1.929425,0.2651035,-3.34371,0.5796008,0.2859289,1.915001,-0.5576823,-0.0603273,0.8278596,-0.04534268,0.9980803,0.04218673,-0.8288153,-0.01401058,-0.5593471,moving,21.59611257722197,7.91669625057838,16.839145218803996,8.492100504024268,-1.923378966,0.22358401,-0.5792600000000001,0.36502294345939107,0.12822938384841323,0.9221255017327442,21.163252247529567,7.2135619871357015,4.775237125554233,4.791641524982612,4.509164261261891
05/05/2023 11:40:01.332109,831,True,True,True,True,Eyes,-0.04534433,0.0320041,-2.665126,-0.9724471,0.0939639,-0.2133483,0.0,0.0,0.0,0.0,0.0,0.0,0.0,2.285586,0.07962137,-1.569404,-0.003671356,0.04163733,-2.77336,-0.03174671,0.8840277,0.008002451,-0.4662867,0.8856768,235.5912,356.3535,-0.01898161,0.01180247,-0.9997488,-0.02152631,-0.01025102,-0.1630739,-1.923849,0.2631423,-3.365218,0.5795997,0.2885828,1.915001,-0.5631378,-0.06359281,0.8239125,-0.04866707,0.9978563,0.04375491,-0.8249286,-0.01545736,-0.5650255,moving,21.659100622836654,8.138640735427318,16.83911506925629,8.569756398026886,-1.920177644,0.22150497,-0.5918580000000002,0.3658659509754487,0.1317535694355418,0.9212942943339737,21.21867206574222,7.429092773915752,4.8165529021549185,4.839227360980476,4.5256638174790655
05/05/2023 11:40:01.342908,832,True,True,True,True,Eyes,-0.005328016,0.04155212,-2.796857,-0.9332878,0.1156959,-0.3399827,0.0,0.0,0.0,0.0,0.0,0.0,0.0,2.284261,0.09260546,-1.586331,-0.001291012,0.04186941,-2.782286,-0.03405523,0.8853465,0.009456026,-0.4635869,0.8498074,235.2457,356.0391,-0.01878447,0.01182281,-0.9997522,-0.02023473,-0.009635961,-0.1532894,-1.918631,0.2640049,-3.38435,0.5796001,0.2912977,1.915001,-0.5678552,-0.06906872,0.8202258,-0.05153397,0.9975016,0.04831883,-0.821514,-0.0148314,-0.5699959,moving,14.22861900569923,8.72108453726226,16.839126032729293,8.649164403389111,-1.917339988,0.22213549,-0.6020639999999999,0.24311866593484865,0.14707530256628423,0.9587815522078196,13.95959913693388,8.045076288763827,2.588541159060447,2.611497548118641,2.9422096447807213
05/05/2023 11:40:01.363370,833,True,True,True,True,Eyes,-0.005246436,0.04152619,-2.797195,-0.9331744,0.1156618,-0.3403055,0.0,0.0,0.0,0.0,0.0,0.0,0.0,2.283453,0.1049449,-1.602865,0.0008443035,0.04137913,-2.791529,-0.03557237,0.8865952,0.01103049,-0.4610443,0.7587168,234.9225,355.7991,-0.01697423,0.01214012,-0.999781,0.1010283,0.01958623,-0.5392873,-1.913493,0.2667257,-3.40318,0.5795999,0.2939743,1.915,-0.5723454,-0.07324768,0.8167346,-0.0529055,0.9972259,0.05236004,-0.818304,-0.01324172,-0.5746328,moving,14.501373101711872,8.720643202353507,16.83912884659031,8.727423899640044,-1.9143373035000002,0.22534657000000002,-0.6116509999999997,0.24768693750041032,0.14689258654424037,0.9576396478503075,14.225496890050463,8.042838121699496,2.3143413081066497,2.3377655786172893,2.7018011939453963
05/05/2023 11:40:01.382768,834,True,True,True,True,Eyes,-0.005089316,0.04147952,-2.797886,-0.9329673,0.1156122,-0.3408898,0.0,0.0,0.0,0.0,0.0,0.0,0.0,2.281327,0.1075142,-1.621266,0.003235931,0.04080121,-2.800508,-0.03666311,0.8880822,0.01084566,-0.4580918,0.8208746,234.5405,355.6951,-0.01542771,0.01241481,-0.9998028,0.09496661,0.01841106,-0.5069301,-1.907579,0.2657087,-3.424528,0.5795993,0.2967128,1.914999,-0.5776152,-0.07505631,0.8128511,-0.05518309,0.9970764,0.05285381,-0.8144416,-0.01432647,-0.5800685,moving,14.831281853774549,8.844189241136172,16.839120696970383,8.807459278674934,-1.910814931,0.22490749000000002,-0.6240199999999998,0.25312618233541645,0.14874089318966754,0.9559305947147041,14.543768223607621,8.16085869859587,1.9893480684574576,2.0081747708773734,2.3846876707718203
05/05/2023 11:40:01.392322,835,True,True,True,True,Eyes,-0.004841664,0.04144085,-2.798911,-0.9326178,0.1154977,-0.3418836,0.0,0.0,0.0,0.0,0.0,0.0,0.0,2.278109,0.1055108,-1.64153,0.005170776,0.04026116,-2.809606,-0.03662548,0.889741,0.01035086,-0.4548762,0.8537931,234.1245,355.7218,-0.01406705,0.01265578,-0.9998199,0.08926861,0.01730639,-0.4765143,-1.90126,0.2671678,-3.447509,0.5795994,0.2995427,1.914999,-0.5834923,-0.0745911,0.8086857,-0.05575766,0.9971029,0.05173928,-0.8102021,-0.01490095,-0.5859609,moving,15.190408582212962,8.902827213608482,16.83912343784145,8.890124894205535,-1.9064307759999999,0.22690664000000002,-0.6379030000000001,0.2590838968276501,0.1494748637631611,0.954218462952103,14.892271276045333,8.215530991513905,1.6324200204109145,1.64876378662569,2.060415073095453
05/05/2023 11:40:01.412368,836,True,True,True,True,Eyes,-0.004524308,0.04144828,-2.800255,-0.9321734,0.1153154,-0.3431545,0.0,0.0,0.0,0.0,0.0,0.0,0.0,2.273702,0.0948036,-1.663319,0.007447049,0.04043832,-2.818447,-0.03709438,0.8915731,0.008023686,-0.4512838,1.098587,233.6536,355.7907,-0.01283366,0.01287069,-0.9998338,0.08391249,0.01626801,-0.4479235,-1.894418,0.2623465,-3.472698,0.5795997,0.302029,1.915,-0.5899341,-0.07338662,0.8041098,-0.05890278,0.9971192,0.04778759,-0.8053003,-0.01917278,-0.5925573,moving,15.587427294403637,9.16088018589502,16.839123364851268,8.962718068159843,-1.901865049,0.22190817999999998,-0.6542509999999999,0.26552421221037653,0.15349228581817834,0.9518071815968506,15.272337272827382,8.46397966031852,1.2613131415010936,1.267285002546519,1.6442501809686925
05/05/2023 11:40:01.432123,837,True,True,True,True,Eyes,-0.004152524,0.04148377,-2.801895,-0.9315616,0.1154076,-0.3447811,2.011038,-1.877558,0.2735729,-3.495263,0.6559483,0.7378455,0.1591092,0.5748314,0.3152012,1.905438,0.009395586,0.04156993,-2.82739,-0.03722035,0.893416,0.006722045,-0.4476353,1.22113,233.1808,355.8401,-0.01171238,0.01306361,-0.9998451,0.07887774,0.01529193,-0.421048,-1.887419,0.2625049,-3.497658,0.5796007,0.3046526,1.915001,-0.5964748,-0.07252456,0.7993487,-0.06048846,0.9971389,0.04533345,-0.8003494,-0.02131112,-0.599155,moving,15.964463423179938,9.31632665830984,16.839142477936416,9.03928875036079,-1.8968145859999999,0.22093496999999998,-0.6702680000000001,0.27168263185214425,0.15579602018678876,0.9496926256917974,15.63568944579811,8.612726333969047,0.9166786449539673,0.9175039243896858,1.2768142760953314
05/05/2023 11:40:01.442855,838,True,True,True,True,Eyes,-0.003721636,0.04151034,-2.80383,-0.9308419,0.1155063,-0.3466867,0.0,0.0,0.0,0.0,0.0,0.0,0.0,2.26353,0.08636095,-1.70777,0.01132058,0.04228424,-2.836475,-0.0358736,0.8952525,0.00738579,-0.4440512,1.067777,232.7256,355.9398,-0.01068959,0.01323768,-0.9998544,0.07414508,0.01437441,-0.3957852,-1.879525,0.2720724,-3.521687,0.5795999,0.3073295,1.915,-0.6030631,-0.07079119,0.7945461,-0.05767252,0.9973171,0.04508372,-0.7956059,-0.01863514,-0.6055278,moving,16.322343586833995,9.17938185637946,16.83912884659031,9.117390841375054,-1.89084558,0.22978816,-0.6852119999999999,0.2777211529794585,0.1532504784369379,0.948359250568475,15.988248911361387,8.477107933717543,0.5173948840727471,0.5204900485529749,1.0648750471362978
05/05/2023 11:40:01.463684,839,True,True,True,True,Eyes,-0.003237239,0.04154652,-2.806022,-0.9299631,0.1156459,-0.3489909,0.0,0.0,0.0,0.0,0.0,0.0,0.0,2.257267,0.07432964,-1.731367,0.01312795,0.04210337,-2.845429,-0.034166,0.8972386,0.005877013,-0.4401832,1.119197,232.2277,356.1872,-0.009753924,0.0133942,-0.9998619,0.06969637,0.01351195,-0.372038,-1.871342,0.2754892,-3.548002,0.5795997,0.3100698,1.915,-0.6101429,-0.06648401,0.789497,-0.05613616,0.9975963,0.04062476,-0.7903001,-0.01953242,-0.6124085,moving,16.714224478364002,9.206421548448697,16.839123364851268,9.197302580926529,-1.8844699500000002,0.23338583,-0.7025729999999997,0.2841945709295493,0.1533948188603444,0.9464161163210405,16.369533018032552,8.500818389778923,0.12426641020401002,0.12523133559309052,0.8400031680558456
05/05/2023 11:40:01.482221,840,True,True,True,True,Eyes,-0.002691968,0.04159078,-2.808478,-0.9289892,0.1157048,-0.3515558,0.0,0.0,0.0,0.0,0.0,0.0,0.0,2.250411,0.0568331,-1.755145,0.01514983,0.04240971,-2.854135,-0.0327393,0.8992516,0.003269796,-0.4361926,1.299611,231.7123,356.4597,-0.008894023,0.01353526,-0.999868,0.06551459,0.01270123,-0.3497157,-1.862891,0.2752555,-3.575042,0.5796001,0.3127373,1.914999,-0.6173281,-0.06173424,0.7842797,-0.0560292,0.9978349,0.03444201,-0.7847079,-0.02268054,-0.6194504,moving,17.109825908534294,9.346620164016361,16.839142623936713,9.275061460661641,-1.87804083,0.23284579,-0.720907,0.29063029457419426,0.15539653084163327,0.9441323874602661,16.75139397739587,8.634606023953523,0.2732057059159409,0.279982300487627,0.6464386988560753
05/05/2023 11:40:01.492320,841,True,True,True,True,Eyes,-0.002116264,0.04163966,-2.811149,-0.9278905,0.1157434,-0.354433,0.0,0.0,0.0,0.0,0.0,0.0,0.0,2.243392,0.04154797,-1.778617,0.01711723,0.04266763,-2.862848,-0.03164902,0.9011974,0.0009376297,-0.4322509,1.470982,231.2059,356.6822,-0.008101096,0.01366242,-0.999873,0.06158372,0.01193916,-0.3287328,-1.854532,0.2746654,-3.601559,0.5796001,0.3153219,1.915,-0.6243152,-0.05785462,0.7790275,-0.05623345,0.9979949,0.02905062,-0.7791461,-0.02567066,-0.6263168,moving,17.471343821154388,9.485811223495974,16.839134328329035,9.3503615390873,-1.87164923,0.23199777,-0.7387109999999999,0.29648672364003814,0.15739330438343363,0.9419782569482533,17.100056835333582,8.76763934506235,0.6323015058368542,0.6465566176483694,0.6384713854753328
05/05/2023 11:40:01.512140,842,True,True,True,True,Eyes,-0.001487268,0.04169464,-2.81405,-0.9267088,0.1157413,-0.3575118,0.0,0.0,0.0,0.0,0.0,0.0,0.0,2.236467,0.0240155,-1.801247,0.01896451,0.04289585,-2.871351,-0.03095047,0.9030398,-0.002008102,-0.4284359,1.727579,230.716,356.8929,-0.007366301,0.01377727,-0.9998772,0.0578887,0.01122281,-0.3090088,-1.846638,0.2711578,-3.62747,0.5796005,0.3180078,1.915001,-0.6309696,-0.05417832,0.7739136,-0.05761969,0.998076,0.02289379,-0.773665,-0.03014738,-0.6328773,moving,17.803073606025805,9.705854944981828,16.839136996201027,9.428578492056811,-1.86560251,0.22826195,-0.756119,0.30177115825397344,0.16073049514692,0.9397339046976284,17.41750242163357,8.979538571616432,0.9763881693554047,1.0030234389620039,0.7322181474703217
05/05/2023 11:40:01.532124,843,True,True,True,True,Eyes,-0.0008384832,0.04175674,-2.817142,-0.9254438,0.1159959,-0.3606922,0.0,0.0,0.0,0.0,0.0,0.0,0.0,2.229865,0.01142875,-1.822839,0.02084081,0.04310702,-2.879736,-0.02976917,0.9047812,-0.003755109,-0.4248183,1.838827,230.2559,357.0936,-0.006683595,0.01388091,-0.9998805,0.05441537,0.01054944,-0.2904683,-1.838527,0.2723634,-3.65186,0.5795995,0.3206558,1.914999,-0.6372861,-0.05067869,0.7689588,-0.05705965,0.9981994,0.01849787,-0.7685117,-0.03208808,-0.6390304,moving,18.09755930732669,9.794201535034519,16.83912617871244,9.505671518821552,-1.85936781,0.22925637999999998,-0.7721240000000003,0.306536748896964,0.16192050071469827,0.9379856672359503,17.70219143347272,9.063545545364992,1.2603863009347587,1.2910861742926785,0.969720068050227
05/05/2023 11:40:01.542707,844,True,True,True,True,Eyes,-0.0001563854,0.04180982,-2.82044,-0.9241169,0.1163106,-0.3639778,0.0,0.0,0.0,0.0,0.0,0.0,0.0,2.223584,0.0006123446,-1.843449,0.02242156,0.04336087,-2.887948,-0.02855087,0.9064007,-0.005129152,-0.4214219,1.91186,229.8258,357.2797,-0.006045466,0.01397485,-0.9998833,0.05115045,0.009916473,-0.2730402,-1.830909,0.2748089,-3.674921,0.5796,0.3233733,1.915,-0.6431771,-0.04743399,0.7642471,-0.05608014,0.9983171,0.01476579,-0.7636612,-0.03336206,-0.6447547,moving,18.353153716452326,9.847636150714479,16.839131587459715,9.584737015260364,-1.8533305599999998,0.23144803000000003,-0.7869729999999997,0.3106846208757486,0.16256503069682288,0.9365082576126297,17.94990946782546,9.113841623458038,1.5044554028770036,1.536677898097659,1.2064700450199684
05/05/2023 11:40:01.563967,845,True,True,True,True,Eyes,0.000540398,0.04184628,-2.823914,-0.9227564,0.1168474,-0.3672428,0.0,0.0,0.0,0.0,0.0,0.0,0.0,2.219432,-0.004916899,-1.861216,0.02388242,0.04318194,-2.896134,-0.02692778,0.9077315,-0.005396512,-0.418652,1.853493,229.4778,357.4557,-0.005446481,0.01405961,-0.9998856,0.04808142,0.009321485,-0.2566577,-1.824053,0.2811118,-3.694892,0.5796004,0.3260759,1.915001,-0.6480109,-0.04436787,0.7603377,-0.05340491,0.9984915,0.01274957,-0.7597564,-0.03234391,-0.6494029,moving,18.524003090045305,9.77809036513836,16.839134255333214,9.663332359932909,-1.84793542,0.23792986000000002,-0.7987579999999999,0.3135433606536022,0.16126866608062387,0.9357793228695436,18.118331156198913,9.045041690135218,1.6630471387249,1.688772450611039,1.4207843128157374
05/05/2023 11:40:01.582410,846,True,True,True,True,Eyes,0.001261432,0.04187526,-2.827573,-0.9213738,0.1173134,-0.3705508,0.0,0.0,0.0,0.0,0.0,0.0,0.0,2.217054,-0.008624263,-1.876497,0.02523025,0.04278599,-2.904164,-0.0255923,0.9088081,-0.005509439,-0.4163925,1.795194,229.1944,357.5958,-0.004883164,0.0141353,-0.9998875,0.04519654,0.008762196,-0.2412583,-1.818237,0.2867683,-3.712449,0.5796005,0.3287259,1.915001,-0.6519248,-0.0419288,0.7571237,-0.05110516,0.9986294,0.01129884,-0.7565597,-0.03132693,-0.6531741,moving,18.62127376224584,9.709296792493396,16.839136996201027,9.74036720373501,-1.84346725,0.24398230999999998,-0.8082849999999997,0.3151947799725601,0.16005275669631303,0.9354332548496448,18.21500665858505,8.977461581628232,1.7629665626147282,1.7824075918104088,1.5732267211406168
05/05/2023 11:40:01.592341,847,True,True,True,True,Eyes,0.002003402,0.04187407,-2.8314,-0.9199707,0.1179653,-0.3738157,0.0,0.0,0.0,0.0,0.0,0.0,0.0,2.215561,-0.01494017,-1.890674,0.02651744,0.04299835,-2.91222,-0.02546938,0.9097454,-0.0065749,-0.4143328,1.895035,228.9339,357.6551,-0.004350287,0.01420258,-0.999889,0.04248475,0.008236464,-0.2267828,-1.813528,0.2870502,-3.729383,0.5796005,0.3315386,1.915002,-0.6553597,-0.0408929,0.7542096,-0.05178968,0.9986162,0.00914263,-0.7535397,-0.03306857,-0.6565705,moving,18.686254817819094,9.83372116917332,16.839128700604455,9.822087778869207,-1.84004544,0.24405185,-0.8171629999999999,0.3161521608707527,0.16202938752301324,0.9347696867061646,18.274997782839623,9.098093622238322,1.8244272639971943,1.8471627509958066,1.6080695134708984
05/05/2023 11:40:01.612126,848,True,True,True,True,Eyes,0.002764915,0.04186268,-2.835402,-0.9185433,0.1186198,-0.377104,0.0,0.0,0.0,0.0,0.0,0.0,0.0,2.214413,-0.0130365,-1.904445,0.02797538,0.04223362,-2.920298,-0.0250379,0.9106424,-0.006126039,-0.4123906,1.822775,228.6904,357.6749,-0.003845049,0.01426103,-0.9998903,0.03993566,0.007742276,-0.2131758,-1.808411,0.2914206,-3.745126,0.5795999,0.3340452,1.915,-0.6586139,-0.0405485,0.7513875,-0.05065378,0.9986711,0.00949353,-0.750774,-0.03180805,-0.6597927,moving,18.724252412114712,9.798018957486276,16.83912884659031,9.894895470641005,-1.83638638,0.24918697999999997,-0.8248280000000001,0.31680457543210166,0.16140982244338636,0.9346558767519788,18.313000847317287,9.063103953314112,1.8695494810594109,1.8876111665532322,1.6923876041923491
05/05/2023 11:40:01.632286,849,True,True,True,True,Eyes,0.00353449,0.04181907,-2.839557,-0.9170704,0.1193929,-0.3804304,0.0,0.0,0.0,0.0,0.0,0.0,0.0,2.212686,-0.01014559,-1.918921,0.02919853,0.04161631,-2.928439,-0.02498804,0.911569,-0.005638652,-0.4103484,1.764281,228.4342,357.6532,-0.003363049,0.01431121,-0.9998913,0.03753952,0.00727774,-0.2003853,-1.803495,0.2951898,-3.761182,0.5795997,0.3366962,1.915001,-0.6619798,-0.04092903,0.7484035,-0.05018427,0.9986877,0.01022756,-0.74784,-0.03078764,-0.663165,moving,18.765512624090473,9.797799731723677,16.83911506925629,9.971846622058816,-1.83269353,0.25357349,-0.8327429999999998,0.3174798041167366,0.16136783899388332,0.93443408910804,18.35322799210514,9.06261703506684,1.918948786548816,1.9342440020086522,1.7661360041059933
05/05/2023 11:40:01.642374,850,True,True,True,True,Eyes,0.004323816,0.04175059,-2.843882,-0.915559,0.1201064,-0.3838309,0.0,0.0,0.0,0.0,0.0,0.0,0.0,2.210267,-0.005509794,-1.934416,0.03059787,0.04078086,-2.93678,-0.0254823,0.9125687,-0.005114789,-0.4080966,1.726794,228.1514,357.5726,-0.002902973,0.01435261,-0.9998922,0.03528715,0.006841075,-0.1883622,-1.798252,0.2975065,-3.778075,0.5795999,0.339427,1.915001,-0.6656157,-0.04233405,0.7450932,-0.05068336,0.9986489,0.01146329,-0.7445717,-0.03013368,-0.666862,moving,18.819902877239382,9.836369037446918,16.83912055099295,10.051081373840255,-1.82884987,0.25672564,-0.8412949999999997,0.3183360487986485,0.16194777291411852,0.9340423269211044,18.40520907333588,9.09978367595071,1.9779471696720572,1.9923855077192565,1.8323756628552488
05/05/2023 11:40:01.664111,851,True,True,True,True,Eyes,0.005100137,0.04165803,-2.848349,-0.9139209,0.1209467,-0.3874539,0.0,0.0,0.0,0.0,0.0,0.0,0.0,2.205681,-0.003200229,-1.952237,0.03184589,0.04012454,-2.945105,-0.0262071,0.913763,-0.005084192,-0.4053698,1.750006,227.8084,357.4901,-0.002460653,0.01438527,-0.9998921,0.03316992,0.006430611,-0.1770604,-1.792435,0.2978804,-3.797017,0.5796005,0.3420954,1.915001,-0.6699772,-0.04377219,0.7410904,-0.05201611,0.9985746,0.01195564,-0.7405574,-0.03053863,-0.671299,moving,18.91993929415577,9.948172373965368,16.839136996201027,10.128468074507735,-1.82428089,0.25775586,-0.851912,0.3198736565462717,0.16368065797952444,0.9332146196743909,18.49971300547813,9.207903175348317,2.0711788577505708,2.0885987510308928,1.8986712238170838
05/05/2023 11:40:01.682133,852,True,True,True,True,Eyes,0.005884319,0.04153637,-2.852982,-0.9122012,0.1218127,-0.3912168,0.0,0.0,0.0,0.0,0.0,0.0,0.0,2.199759,-0.0008670427,-1.972562,0.03342465,0.03948225,-2.954193,-0.02615203,0.9151693,-0.004681141,-0.4021932,1.696456,227.411,357.4712,-0.002035551,0.01440912,-0.9998919,0.03117973,0.006044774,-0.1664368,-1.784927,0.301437,-3.818459,0.5796007,0.3446951,1.915001,-0.6751136,-0.04410163,0.7363946,-0.05163252,0.9985883,0.01246827,-0.7359049,-0.02960441,-0.6764376,moving,19.074325591752707,9.96834085272186,16.839142477936416,10.20382650080584,-1.8183516499999999,0.26195475,-0.8642659999999998,0.322377221421959,0.16386218527132723,0.9323207919548571,18.649668086155973,9.226502982578578,2.2305072850011705,2.24755356838119,2.057465488726095
05/05/2023 11:40:01.692244,853,True,True,True,True,Eyes,0.006648165,0.04139183,-2.857761,-0.9103692,0.1227511,-0.3951711,0.0,0.0,0.0,0.0,0.0,0.0,0.0,2.190474,0.0008443929,-1.995565,0.03438605,0.03864878,-2.962732,-0.0256849,0.9168103,-0.004222728,-0.3984738,1.616666,226.9471,357.4926,-0.001625767,0.01442394,-0.9998919,0.02930894,0.005682088,-0.1564506,-1.776702,0.3062472,-3.841499,0.5796001,0.3474425,1.915,-0.6811177,-0.04373105,0.7308667,-0.05046164,0.9986449,0.01272664,-0.7304329,-0.0282124,-0.6824014,moving,19.28868947375312,9.958498290941742,16.839134328329035,10.283432848924056,-1.81108805,0.26759842,-0.8787670000000003,0.3258832907030586,0.16349429594767506,0.9311658322598503,18.858899346423815,9.21550478159136,2.455055179364397,2.4710125206976943,2.2847146616845517
05/05/2023 11:40:01.712501,854,True,True,True,True,Eyes,0.00741213,0.04121886,-2.862713,-0.908426,0.1237533,-0.3993085,0.0,0.0,0.0,0.0,0.0,0.0,0.0,2.179321,7.579103e-05,-2.020503,0.03507894,0.03793475,-2.971397,-0.02508924,0.918593,-0.004134977,-0.3943861,1.569322,226.4377,357.5442,-0.00123058,0.01442979,-0.9998919,0.02755041,0.005341162,-0.1470636,-1.767901,0.3102543,-3.866268,0.5796002,0.3500426,1.915,-0.6876605,-0.04283205,0.724768,-0.04935516,0.9987069,0.01219297,-0.7243532,-0.02738642,-0.6888852,moving,19.541299210311443,9.9777115392734,16.839137069198276,10.358729283192382,-1.80297994,0.27231954999999997,-0.8948709999999997,0.329981830468926,0.16356001617959715,0.9297096684324881,19.104630241926177,9.232523800836558,2.7121445641353987,2.728892588220798,2.529979862403067
05/05/2023 11:40:01.732324,855,True,True,True,True,Eyes,0.008141721,0.04101942,-2.867795,-0.9065009,0.1249214,-0.4032997,0.0,0.0,0.0,0.0,0.0,0.0,0.0,2.166655,-0.0003848672,-2.047174,0.03583498,0.03705075,-2.980378,-0.02375651,0.9205163,-0.003694032,-0.3899642,1.451412,225.8889,357.6577,-0.0008486296,0.01442651,-0.9998919,0.02589738,0.005020692,-0.1382398,-1.757785,0.3171785,-3.892536,0.5796009,0.3527208,1.915001,-0.6947275,-0.04085543,0.7181122,-0.04661759,0.998844,0.01172754,-0.7177612,-0.02532921,-0.6958289,moving,19.84977143881047,9.919424841396241,16.83914795967149,10.43624428406214,-1.79361998,0.28012774999999995,-0.9121580000000002,0.335052744670849,0.16230614561091494,0.92811435679248,19.406905826499568,9.173766143470827,3.039720634312863,3.054661367395803,2.8613338704402147
05/05/2023 11:40:01.751909,856,True,True,True,True,Eyes,0.008841453,0.04081625,-2.87303,-0.9044423,0.1262226,-0.4074946,0.0,0.0,0.0,0.0,0.0,0.0,0.0,2.151999,-0.002789997,-2.075195,0.03632116,0.03617061,-2.989132,-0.0219477,0.9225506,-0.003402881,-0.3852367,1.328738,225.3035,357.8289,-0.0004798951,0.01441406,-0.9998921,0.02434354,0.004719451,-0.1299454,-1.746909,0.3248663,-3.919843,0.5796008,0.3554046,1.915002,-0.7022222,-0.0378739,0.71095,-0.04311756,0.9990134,0.01063146,-0.7106514,-0.02318878,-0.7031624,moving,20.18909057590109,9.845312488840962,16.83913692320385,10.513882561966689,-1.78323016,0.28869569,-0.9307110000000001,0.34063051121018256,0.16076314654949742,0.9263508694622165,19.739678114248044,9.09940581357413,3.4029884830155694,3.416017479155944,3.227054953465661
05/05/2023 11:40:01.772132,857,True,True,True,True,Eyes,0.009477273,0.04059178,-2.878405,-0.902352,0.1278653,-0.4115962,0.0,0.0,0.0,0.0,0.0,0.0,0.0,2.13607,-0.0002506301,-2.104099,0.03629632,0.03582929,-2.997903,-0.02010326,0.9246063,-0.002111993,-0.3803877,1.100123,224.7054,357.9613,-0.0001241984,0.01439317,-0.9998922,0.02288293,0.004436284,-0.1221486,-1.735873,0.3361808,-3.946878,0.5796005,0.3580268,1.915002,-0.7098025,-0.03556845,0.7035025,-0.03878196,0.9991828,0.01138854,-0.7033327,-0.01919959,-0.7106017,moving,20.535924008049268,9.700597361039492,16.839128700604455,10.589706353175295,-1.77216932,0.30035151,-0.9489749999999999,0.34638449016101436,0.1580682949339674,0.924679564938629,20.081678452159906,8.956300264454955,3.7931021051154836,3.802211244137118,3.630722289294652
05/05/2023 11:40:01.772132,858,True,True,True,True,Eyes,0.01007166,0.04033595,-2.883922,-0.9001403,0.1296322,-0.4158641,0.0,0.0,0.0,0.0,0.0,0.0,0.0,2.11988,0.0101502,-2.132792,0.03599663,0.03500043,-3.006704,-0.01828141,0.926596,0.0004716275,-0.3756135,0.7368138,224.1196,358.038,0.0002174412,0.01436392,-0.9998925,0.02150995,0.004170107,-0.1148197,-1.724799,0.3510686,-3.972636,0.5796,0.360777,1.915001,-0.7171608,-0.03423326,0.6960666,-0.03352466,0.9993311,0.0146075,-0.6961011,-0.01285947,-0.7178288,moving,20.846402160537643,9.44667712976114,16.839123291861164,10.669196552045353,-1.76079563,0.31606817,-0.965932,0.35163830130206536,0.15364765529627536,0.9234408046589099,20.39118240562429,8.707180957496782,4.186926885039155,4.189610682295334,4.057909454499874
05/05/2023 11:40:01.792245,859,True,True,True,True,Eyes,0.01060031,0.04005219,-2.889567,-0.8979521,0.131547,-0.4199733,0.0,0.0,0.0,0.0,0.0,0.0,0.0,2.103888,0.01773895,-2.16116,0.0353912,0.03395951,-3.01577,-0.01665722,0.9285039,0.002389018,-0.3709412,0.4538603,223.5464,358.1258,0.0005448957,0.01432603,-0.9998928,0.02021935,0.0039199,-0.1079305,-1.714265,0.3630708,-3.99844,0.5796002,0.3634422,1.915,-0.7242503,-0.03270495,0.6887611,-0.02916021,0.9994337,0.01679412,-0.6889203,-0.007921273,-0.7247937,moving,21.15516351648331,9.277339524628783,16.839137069198276,10.746190585157517,-1.7496562,0.32911129000000006,-0.9826700000000002,0.3567786046283752,0.1506038935888132,0.9219694432743523,20.69673301808192,8.540370598727957,4.559587754229127,4.559123570564879,4.443724599632113
05/05/2023 11:40:01.812451,860,True,True,True,True,Eyes,0.01106756,0.03975707,-2.895353,-0.8956453,0.1334978,-0.4242615,0.0,0.0,0.0,0.0,0.0,0.0,0.0,2.087304,0.02631702,-2.189378,0.03464157,0.03294323,-3.024668,-0.01503346,0.9303831,0.004456141,-0.3662536,0.1558609,222.9726,358.2099,0.000857216,0.01427938,-0.9998932,0.01900619,0.003684706,-0.1014547,-1.703596,0.375451,-4.023838,0.5795999,0.3660026,1.915001,-0.7312648,-0.03123792,0.6813782,-0.0247096,0.9995083,0.01930396,-0.6816462,-0.002720283,-0.7316771,moving,21.45030432969299,9.095234102850226,16.83912055099295,10.820109382112769,-1.7382375700000001,0.34250777,-0.9991699999999994,0.36170105305283934,0.14737326359924252,0.9205723522872907,20.989350201495974,8.361227679361958,4.926415448580184,4.92323172011611,4.8239512207356725
05/05/2023 11:40:01.832185,861,True,True,True,True,Eyes,0.01146388,0.03946209,-2.901285,-0.8933261,0.1356038,-0.4284625,0.0,0.0,0.0,0.0,0.0,0.0,0.0,2.069516,0.03358999,-2.218471,0.03363012,0.03235474,-3.033721,-0.01469096,0.9322842,0.005822712,-0.3613811,359.9863,222.3758,358.1891,0.001153708,0.01422444,-0.9998937,0.0,0.0,0.0,-1.693575,0.3830982,-4.05004,0.5796002,0.3687862,1.915,-0.7383758,-0.03160073,0.6736487,-0.02318386,0.9995006,0.02147491,-0.6739908,0.0002387778,-0.7387396,moving,21.760134462016232,9.094041296799446,16.839137069198276,10.900442130835978,-1.72720512,0.35074346,-1.0163190000000002,0.3666918714768529,0.14704562799401905,0.9186482896639754,21.29141063146341,8.358012474828985,5.245175357486816,5.242070136246652,5.127054556857075
05/05/2023 11:40:01.842318,862,True,True,True,True,Eyes,0.01178678,0.03916225,-2.907354,-0.8909149,0.1378329,-0.4327503,0.0,0.0,0.0,0.0,0.0,0.0,0.0,2.051832,0.05016927,-2.246961,0.03216545,0.03201052,-3.042911,-0.01466298,0.9340717,0.008734463,-0.3566777,359.6644,221.8046,358.0731,0.001433429,0.01416202,-0.9998943,0.0,0.0,0.0,-1.684076,0.3949758,-4.07437,0.5795994,0.371453,1.915001,-0.7451321,-0.03362333,0.6660689,-0.02116178,0.9994174,0.02677715,-0.6665813,0.005857307,-0.7454096,moving,22.020409562580173,8.98415014972124,16.839106846650704,10.977352577457395,-1.7162414499999998,0.36296528,-1.031459,0.37097340492538255,0.14501811985314259,0.9172505477059348,21.54809364979753,8.249364117836423,5.556077986210962,5.551464108866362,5.442102327964457
05/05/2023 11:40:01.864688,863,True,True,True,True,Eyes,0.01205505,0.03892651,-2.913569,-0.888511,0.1398555,-0.4370226,0.0,0.0,0.0,0.0,0.0,0.0,0.0,2.03623,0.07012646,-2.272976,0.03071778,0.031567,-3.052152,-0.01493732,0.9356238,0.01206959,-0.3524761,359.3093,221.2982,357.9104,0.001695458,0.01409269,-0.9998949,0.0,0.0,0.0,-1.675645,0.407305,-4.096293,0.5795996,0.3740605,1.915,-0.7510749,-0.03645992,0.6592095,-0.01944294,0.9992624,0.0331153,-0.6599307,0.01205509,-0.7512297,moving,22.210503704378414,8.842594338188315,16.839120623981625,11.052525166573549,-1.70636278,0.37573799999999996,-1.0441410000000002,0.3741498440794524,0.14255547973257762,0.9163459719372082,21.73721640564535,8.11037194246326,5.814525333090211,5.808231268004086,5.713808526761684
05/05/2023 11:40:01.882021,864,True,True,True,True,Eyes,0.01227346,0.03888949,-2.919929,-0.8860084,0.1418089,-0.4414516,0.0,0.0,0.0,0.0,0.0,0.0,0.0,2.019523,0.07508163,-2.300375,0.02955606,0.03290196,-3.06168,-0.01708106,0.9372675,0.0123477,-0.3479733,359.3549,220.7494,357.6723,0.001939627,0.01401933,-0.9998956,0.0,0.0,0.0,-1.668109,0.4073465,-4.121317,0.5795999,0.3767578,1.914999,-0.7572455,-0.04061238,0.6518663,-0.0234257,0.9991115,0.03503371,-0.65271,0.0112587,-0.7575241,moving,22.42927315661806,9.131971079805316,16.839137142195607,11.13024599546049,-1.69766506,0.37444454,-1.0596370000000004,0.37739938248124155,0.1469725967049626,0.9143133631599767,21.942677371614813,8.390480196632376,5.939625675537212,5.936558203056685,5.792446763305511
05/05/2023 11:40:01.892834,865,True,True,True,True,Eyes,0.01241143,0.03894521,-2.92647,-0.8834003,0.1442653,-0.4458602,0.0,0.0,0.0,0.0,0.0,0.0,0.0,1.998181,0.09276418,-2.331144,0.02856589,0.03767732,-3.071373,-0.02062915,0.9391378,0.01493609,-0.3425953,359.2025,220.1032,357.1922,0.002165958,0.01394913,-0.9998963,0.0,0.0,0.0,-1.658763,0.4149124,-4.147368,0.5795996,0.3794616,1.915,-0.7644058,-0.04898129,0.6428721,-0.02851316,0.9987027,0.04218898,-0.6441045,0.01391919,-0.7648108,moving,22.70413235288329,9.367844455156566,16.839120623981625,11.208101164145791,-1.68732889,0.37723508,-1.0759950000000003,0.3815788991496477,0.15045628681448964,0.9120089551369326,22.204257770881348,8.618158561596283,6.1455144720965915,6.146942925970106,5.957558165015615
05/05/2023 11:40:01.912498,866,True,True,True,True,Eyes,0.01251066,0.03899422,-2.933151,-0.8806666,0.1467759,-0.4504256,0.0,0.0,0.0,0.0,0.0,0.0,0.0,1.978857,0.1555998,-2.358377,0.02677785,0.03986578,-3.082161,-0.02115477,0.9405743,0.02599397,-0.3379304,358.0171,219.5817,356.7095,0.00237343,0.01388488,-0.9998969,0.0,0.0,0.0,-1.647885,0.4541017,-4.16524,0.5795999,0.3820816,1.915,-0.7707111,-0.05736356,0.6345975,-0.02222696,0.9977536,0.06319619,-0.6367971,0.03460083,-0.7702549,moving,22.840737179607768,8.56952754699734,16.83912884659031,11.283508847957801,-1.67466285,0.41423592,-1.0830789999999997,0.384481009042347,0.13755553661782793,0.9128268589076959,22.35893996435202,7.840502892773827,6.595178591008162,6.5867288607401795,6.505582585994747
05/05/2023 11:40:01.932505,867,True,True,True,True,Eyes,0.01254633,0.03908844,-2.939974,-0.8778487,0.1489811,-0.4551772,0.0,0.0,0.0,0.0,0.0,0.0,0.0,1.959728,0.1609336,-2.386833,0.02593171,0.03971431,-3.092111,-0.01998943,0.9423097,0.02726443,-0.3330309,357.8183,218.9898,356.7971,0.002562571,0.01382569,-0.9998974,0.0,0.0,0.0,-1.636158,0.4641325,-4.191442,0.5796009,0.3847563,1.915,-0.7773819,-0.05583225,0.6265465,-0.01951266,0.9977142,0.06469726,-0.6287266,0.03806887,-0.7766944,moving,23.115177561720703,8.509315991622408,16.83915625528076,11.360450051183669,-1.66208971,0.42441819000000003,-1.0993310000000003,0.3889159083924996,0.13632100412077866,0.9111317092953574,22.628092541767614,7.780098059860437,6.902137987527291,6.893287232117809,6.806666123057341
05/05/2023 11:40:01.942255,868,True,True,True,True,Eyes,0.01256895,0.03918714,-2.946928,-0.8748809,0.151127,-0.4601566,0.0,0.0,0.0,0.0,0.0,0.0,0.0,1.94054,0.1535241,-2.416252,0.02472467,0.0409234,-3.102459,-0.01931399,0.9440677,0.02638561,-0.3281263,357.8713,218.3888,356.9148,0.002733022,0.01377255,-0.9998979,0.0,0.0,0.0,-1.625442,0.4675873,-4.219712,0.5796001,0.3875331,1.915,-0.78392,-0.05378306,0.6185276,-0.01915182,0.9978615,0.06249445,-0.620566,0.03714475,-0.7832738,moving,23.386481875300294,8.682207679301408,16.839134328329035,11.440284387229392,-1.65016667,0.4266639,-1.1172530000000003,0.39308911763958865,0.1388021280683167,0.9089636795133269,22.887905134176687,7.946519808502632,7.113099327776611,7.104558186660549,6.985271590513904
05/05/2023 11:40:01.965013,869,True,True,True,True,Eyes,0.01259038,0.03935094,-2.953988,-0.8717142,0.1528784,-0.4655562,0.0,0.0,0.0,0.0,0.0,0.0,0.0,1.91807,0.1439179,-2.447404,0.02441674,0.04110131,-3.112428,-0.01762661,0.9460507,0.02532416,-0.3225465,357.9057,217.7047,357.15,0.002886188,0.01372492,-0.9998983,0.0,0.0,0.0,-1.611278,0.4716814,-4.250177,0.579599,0.3901381,1.915001,-0.7913063,-0.04968775,0.6093978,-0.01701489,0.9980959,0.05928667,-0.6111833,0.03654506,-0.790645,moving,23.730852686506047,8.768620460707231,16.839095883175478,11.515132636183047,-1.63569474,0.43058008999999997,-1.137749,0.39848769417709284,0.13981816232309807,0.906453785970722,23.221275218179528,8.028314406277325,7.426881602152094,7.418870599106719,7.272559001655168
05/05/2023 11:40:01.982305,870,True,True,True,True,Eyes,0.01258447,0.03964258,-2.961166,-0.8684265,0.1544966,-0.4711328,0.0,0.0,0.0,0.0,0.0,0.0,0.0,1.891039,0.1019335,-2.482323,0.02434816,0.04295152,-3.121844,-0.01932906,0.9483622,0.01791182,-0.3160931,358.7535,216.8968,357.2489,0.003023744,0.01368443,-0.9998987,0.0,0.0,0.0,-1.598399,0.449087,-4.287703,0.5795997,0.3928342,1.915001,-0.7994231,-0.04798551,0.5988491,-0.0253383,0.9986112,0.04619334,-0.600234,0.02175421,-0.7995286,moving,24.180275219382438,9.728442453030798,16.83911506925629,11.592562497613326,-1.6227471599999999,0.40613548,-1.1658589999999998,0.40468922809430996,0.15452326437852493,0.9013041051608972,23.633510507809152,8.959225767683284,7.561914841651577,7.574138623659756,7.286856092213334
05/05/2023 11:40:01.992780,871,True,True,True,True,Eyes,0.01258971,0.04002661,-2.968461,-0.8651031,0.1565752,-0.47653,0.0,0.0,0.0,0.0,0.0,0.0,0.0,1.866903,0.09622385,-2.513157,0.02366704,0.04633193,-3.131747,-0.02016399,0.9502182,0.01724346,-0.3104539,358.8397,216.2148,357.1893,0.003146311,0.0136546,-0.9998989,0.0,0.0,0.0,-1.585836,0.4516856,-4.316993,0.5795995,0.3955475,1.915001,-0.8064237,-0.04902697,0.5893024,-0.02761378,0.9985921,0.04529007,-0.5906932,0.02025012,-0.8066422,moving,24.481031890965703,10.013558538589955,16.839109587519314,11.670443010906865,-1.60950304,0.40535367,-1.1852460000000002,0.4091428893317127,0.15866145320137542,0.8985703351223965,23.919009006174893,9.234644776454562,7.796902377412316,7.819478412689445,7.487194989930512
05/05/2023 11:40:02.012507,872,True,True,True,True,Eyes,0.01259812,0.04045428,-2.97586,-0.8616992,0.1586027,-0.4819956,0.0,0.0,0.0,0.0,0.0,0.0,0.0,1.850082,0.1014549,-2.537371,0.02343173,0.04887933,-3.141402,-0.02034485,0.9515491,0.01847829,-0.3062663,358.699,215.7152,357.1312,0.003255753,0.0136374,-0.999899,0.0,0.0,0.0,-1.575473,0.4609181,-4.339495,0.579599,0.3981632,1.915001,-0.8115741,-0.05003679,0.582103,-0.02739969,0.9984893,0.04762788,-0.5836067,0.02270411,-0.811719,moving,24.589899503841362,10.044640276408169,16.839095883175478,11.745480713421525,-1.5989047299999999,0.41203877,-1.1980930000000005,0.4108257385161693,0.15901695799652005,0.8977393306464114,24.024297463422485,9.264164867784972,7.912765771726651,7.935226207129017,7.601582077080477
05/05/2023 11:40:02.032241,873,True,True,True,True,Eyes,0.01262366,0.04092681,-2.983354,-0.8581809,0.1611424,-0.4874,0.0,0.0,0.0,0.0,0.0,0.0,0.0,1.83438,0.09455739,-2.561106,0.02349702,0.05033438,-3.151201,-0.01911748,0.9528764,0.01795178,-0.3022234,358.7018,215.2256,357.2891,0.003353479,0.01363294,-0.999899,0.0,0.0,0.0,-1.564336,0.4665637,-4.363365,0.5795994,0.4007999,1.915001,-0.8165913,-0.04728407,0.5752767,-0.02558228,0.9986245,0.04576714,-0.5766494,0.02265615,-0.8166776,moving,24.720986697374798,10.15355805523607,16.839106846650704,11.821079514720736,-1.58783302,0.41622932,-1.212164,0.41277359992867624,0.16056807635620954,0.8965689813169748,24.14914805570282,9.36927085331548,8.030715197943444,8.056342706159684,7.7102573361841795
05/05/2023 11:40:02.042467,874,True,True,True,True,Eyes,0.0126715,0.04141215,-2.990921,-0.8544885,0.1636363,-0.4930241,0.0,0.0,0.0,0.0,0.0,0.0,0.0,1.81339,0.09655409,-2.587862,0.02392902,0.05179695,-3.16093,-0.01680212,0.9544631,0.01926052,-0.2972322,358.4655,214.628,357.5046,0.003441223,0.01364134,-0.9998988,0.0,0.0,0.0,-1.548997,0.4781281,-4.388914,0.5795994,0.4007999,1.915,-0.8227413,-0.04352368,0.5667471,-0.0206243,0.9986935,0.04675517,-0.5680416,0.02677865,-0.8225639,static,24.946926431726002,10.007873046484336,16.839115142242107,11.821085513920774,-1.57292602,0.42633115,-1.2279839999999997,0.41648107298409276,0.1579943116173775,0.8953108464847946,24.373325069164487,9.226023325815403,8.286373274273299,8.308089031657605,7.968605083894544
05/05/2023 11:40:02.065050,875,True,True,True,True,Eyes,0.01437345,0.0536375,-3.182095,-0.7432465,0.2325919,-0.6272844,0.0,0.0,0.0,0.0,0.0,0.0,0.0,1.785461,0.08805552,-2.618655,0.0244806,0.05255811,-3.170113,-0.01493958,0.9564145,0.01856097,-0.291039,358.4638,213.8805,357.7422,0.003520722,0.01366166,-0.9998984,0.0,0.0,0.0,-1.530953,0.4814152,-4.419317,0.5796,0.4008,1.915,-0.8301463,-0.0393808,0.5561533,-0.01777293,0.9988646,0.04419996,-0.5572624,0.02680795,-0.8299036,static,15.387642735541991,13.032575575838486,16.839131587459715,11.821088380307142,-1.5554336,0.42885709,-1.2492040000000002,0.25897740469614566,0.2178115369951567,0.9410042021159503,14.973228793875684,12.232403169441179,1.8937108489758356,1.890640397372761,1.91069963386846
05/05/2023 11:40:02.082162,876,True,True,True,True,Eyes,0.01440257,0.05363034,-3.182472,-0.7428619,0.232786,-0.6276679,0.0,0.0,0.0,0.0,0.0,0.0,0.0,1.756862,0.08714737,-2.649301,0.02498798,0.05305943,-3.179546,-0.0126267,0.9583094,0.01919121,-0.284808,358.3044,213.1335,357.9858,0.003624379,0.0140249,-0.9998925,0.005105828,0.03667605,-0.5735214,-1.511982,0.4897383,-4.448734,0.5795996,0.4007999,1.915002,-0.8374502,-0.03513219,0.5453835,-0.01326896,0.9989445,0.0439746,-0.5463529,0.02958986,-0.8370326,static,16.14700746516519,12.896236570828398,16.839104032801988,11.821073515526699,-1.5369699799999998,0.43667887,-1.2691879999999998,0.2716116267810935,0.21479585531390993,0.9381311111434871,15.71714668874444,12.094711775232184,1.271380875815645,1.2786607268624164,1.1548446558127685
05/05/2023 11:40:02.092623,877,True,True,True,True,Eyes,0.01445075,0.05363908,-3.183192,-0.7420886,0.2332498,-0.62841,0.0,0.0,0.0,0.0,0.0,0.0,0.0,1.726365,0.09230636,-2.680141,0.02567774,0.05282144,-3.188817,-0.01050425,0.9602107,0.02060832,-0.2783174,358.0671,212.3591,358.1856,0.003716464,0.01432921,-0.9998876,0.004799478,0.03447548,-0.5391101,-1.49186,0.4994439,-4.477774,0.5796003,0.4007999,1.915,-0.8448585,-0.03164388,0.5340536,-0.00870127,0.9989299,0.04542369,-0.5349195,0.03372964,-0.8442298,static,16.88843640283196,12.707169873569491,16.83913981006744,11.821085513920774,-1.5175377399999999,0.44662246,-1.2889570000000004,0.28397406816267073,0.2109126262364848,0.935347358073551,16.445001615751597,11.905836107062077,0.8496062112856652,0.8874545884000301,0.403147093821047
05/05/2023 11:40:02.116729,878,True,True,True,True,Eyes,0.0145495,0.05369427,-3.184262,-0.7409468,0.233895,-0.6295165,0.0,0.0,0.0,0.0,0.0,0.0,0.0,1.692489,0.09593792,-2.71256,0.02689316,0.05320144,-3.198148,-0.01011468,0.9622272,0.02133669,-0.271222,357.9613,211.5147,358.2202,0.003799082,0.01458502,-0.9998836,0.00451151,0.03240695,-0.5067635,-1.470848,0.50369,-4.508733,0.5796008,0.4008,1.915001,-0.8526731,-0.0310392,0.5215227,-0.007891284,0.9988849,0.04654814,-0.522386,0.03557484,-0.851967,static,17.637025753627206,12.712224538324364,16.839145218803996,11.821082381105734,-1.49774116,0.45048856,-1.310585,0.2962180308935033,0.21017838202193292,0.9317080986723838,17.17460445077332,11.905789983430036,1.121892380831318,1.1961386592791179,0.34598883537620234
05/05/2023 11:40:02.132782,879,True,True,True,True,Eyes,0.0146849,0.05378123,-3.185664,-0.7394354,0.2350231,-0.630872,0.0,0.0,0.0,0.0,0.0,0.0,0.0,1.655448,0.1157135,-2.74544,0.02816741,0.05434509,-3.207427,-0.01072486,0.9642351,0.02451254,-0.2636947,357.6149,210.6302,358.0722,0.003876023,0.0148125,-0.99988,0.004240819,0.03046254,-0.4763576,-1.448639,0.5147844,-4.538157,0.5795996,0.4007999,1.915001,-0.8607001,-0.03361022,0.5080016,-0.007754918,0.9985682,0.05292787,-0.5090531,0.04161552,-0.8597285,static,18.353018548456472,12.568844362105489,16.839112328387838,11.821079514720736,-1.47680641,0.46043931000000005,-1.33073,0.30804906360004214,0.20703014698519465,0.9285711288561558,17.8764323446341,11.761535259327049,1.60747224660628,1.688509493650196,1.039027590805718
05/05/2023 11:40:02.142207,880,True,True,True,True,Eyes,0.01488948,0.053849,-3.187393,-0.7375394,0.2363658,-0.6325874,0.0,0.0,0.0,0.0,0.0,0.0,0.0,1.617273,0.148357,-2.777706,0.02976812,0.05513623,-3.217033,-0.01103716,0.9661493,0.02976379,-0.2560236,357.0273,209.7383,357.9016,0.003949318,0.01501922,-0.9998766,0.00398637,0.02863478,-0.4477762,-1.424783,0.5332476,-4.56592,0.5796,0.4007999,1.915002,-0.8686604,-0.03656756,0.4940571,-0.006086626,0.9979845,0.06316409,-0.4953711,0.05186098,-0.8671323,static,19.03287008077015,12.21069217873407,16.839114996270546,11.821073515526699,-1.4545511199999999,0.47811137000000004,-1.3488870000000004,0.31949365545263,0.2004217621980037,0.9261505806097208,18.54881785136047,11.408550423199863,2.1628285939022476,2.2280852931356465,1.758766372889117
05/05/2023 11:40:02.165133,881,True,True,True,True,Eyes,0.01516844,0.05391502,-3.189409,-0.7352715,0.2376738,-0.6347338,0.0,0.0,0.0,0.0,0.0,0.0,0.0,1.577082,0.1681556,-2.810399,0.03159117,0.05468994,-3.226425,-0.01042027,0.9681309,0.03296117,-0.2480476,356.6375,208.8031,357.903,0.004021451,0.01520647,-0.9998736,0.003747188,0.0269167,-0.4209096,-1.399155,0.5456788,-4.595987,0.5796005,0.4007999,1.915,-0.8767277,-0.03652826,0.4795982,-0.003824499,0.99761,0.06899091,-0.4809721,0.058652,-0.874772,static,19.761175705701714,11.998388297740885,16.839145291805533,11.821085513920774,-1.43074617,0.49098886,-1.3695620000000002,0.3315338828837777,0.1961269368018098,0.922832335769545,19.264506241834578,11.197152367758457,2.865233689297543,2.9274046554729405,2.5043299121333433
05/05/2023 11:40:02.182156,882,True,True,True,True,Eyes,0.01553129,0.0540063,-3.191702,-0.7326109,0.2389473,-0.6373268,0.0,0.0,0.0,0.0,0.0,0.0,0.0,1.531885,0.1672194,-2.845488,0.03397819,0.05468997,-3.235319,-0.01005184,0.9703589,0.03282326,-0.239218,356.6238,207.757,357.9786,0.00409482,0.01537601,-0.9998708,0.003522356,0.02530169,-0.395655,-1.371005,0.546914,-4.630863,0.5796002,0.4007999,1.915001,-0.8853477,-0.03521162,0.4635948,-0.003803954,0.9976432,0.06850985,-0.4649146,0.05889153,-0.883395,static,20.58934028577038,12.146150861292778,16.83912877359735,11.821079514720736,-1.40498319,0.49222403000000003,-1.3955439999999997,0.34474010245432896,0.1975078060888717,0.9176845434396719,20.067834077960647,11.335431083317406,3.677273585014428,3.764273869738664,3.2650256264458655
05/05/2023 11:40:02.192380,883,True,True,True,True,Eyes,0.01596844,0.05412284,-3.194239,-0.7296953,0.2402111,-0.6401901,0.0,0.0,0.0,0.0,0.0,0.0,0.0,1.48444,0.1668291,-2.880397,0.0363066,0.05538407,-3.244025,-0.01023187,0.9725507,0.03274653,-0.2301481,356.6184,206.6868,357.9922,0.004171877,0.01553023,-0.9998682,0.003311015,0.02378359,-0.3719157,-1.342262,0.5479264,-4.665556,0.5796003,0.4008,1.914999,-0.8938544,-0.03497513,0.4469912,-0.004828932,0.9976459,0.06840499,-0.4483314,0.05898562,-0.891919,static,21.40812754320793,12.327626322068635,16.839148105677506,11.821094379514554,-1.3785686000000001,0.49254233000000003,-1.4215309999999994,0.3576805087559381,0.19937706154640558,0.9123121223180823,20.861112050842404,11.506574102252927,4.481905527282064,4.596971580225772,4.0342430493235195
05/05/2023 11:40:02.212957,884,True,True,True,True,Eyes,0.01649024,0.05426332,-3.197007,-0.7264982,0.2414858,-0.6433389,0.0,0.0,0.0,0.0,0.0,0.0,0.0,1.441208,0.1704872,-2.91138,0.03861333,0.05607188,-3.252329,-0.01001225,0.9744393,0.03341359,-0.2219263,356.5214,205.7202,358.0283,0.004254525,0.01567133,-0.9998658,0.003112354,0.02235658,-0.3496008,-1.315188,0.5521839,-4.696247,0.5795993,0.4007999,1.915001,-0.9012969,-0.03434337,0.4318384,-0.004681947,0.9975666,0.069563,-0.4331765,0.06067508,-0.8992645,static,22.101327074965713,12.396107051450823,16.839104105782017,11.821079514720736,-1.35380133,0.49611201999999993,-1.4439179999999996,0.36867875845234543,0.19954700891012936,0.9078859679272218,21.535010303898797,11.56860785556413,5.161226739525316,5.293547699360264,4.702688269510205
05/05/2023 11:40:02.232412,885,True,True,True,True,Eyes,0.01708799,0.05443257,-3.199972,-0.7232316,0.2425775,-0.6466006,0.0,0.0,0.0,0.0,0.0,0.0,0.0,1.40441,0.1715226,-2.938308,0.04112347,0.05676718,-3.260448,-0.009571301,0.9760219,0.03371325,-0.2148328,356.4628,204.8857,358.0956,0.004344794,0.01580125,-0.9998634,0.002925613,0.02101518,-0.3286247,-1.290868,0.5555082,-4.723616,0.5796,0.4008,1.915001,-0.9075107,-0.03316902,0.4187177,-0.004198173,0.9975436,0.0699222,-0.4200084,0.06169729,-0.9054207,static,22.66366666628329,12.461057285576569,16.839123291861164,11.821082381105734,-1.33199147,0.49874102,-1.463168,0.3775511494533504,0.19980615589671286,0.9041751800826002,22.081438967287724,11.628074283735552,5.7124300376491,5.859596692510258,5.245867494178012
05/05/2023 11:40:02.242053,886,True,True,True,True,Eyes,0.01779341,0.05459322,-3.203129,-0.7197202,0.2435867,-0.6501295,0.0,0.0,0.0,0.0,0.0,0.0,0.0,1.36981,0.1657412,-2.963735,0.04428213,0.05763871,-3.268377,-0.009469775,0.977514,0.03288866,-0.2080748,356.5397,204.0892,358.1514,0.004444234,0.01592188,-0.9998612,0.002750076,0.01975427,-0.3089072,-1.267161,0.5544209,-4.750649,0.5796,0.4007999,1.915001,-0.9132306,-0.03220028,0.4061692,-0.00482707,0.9976573,0.0682391,-0.407415,0.06035741,-0.9112467,static,23.17158390341661,12.65288340716333,16.839123291861164,11.821079514720736,-1.31144313,0.49678219,-1.482272,0.38536428059145805,0.20212595087563798,0.9003551991864249,22.57139597391386,11.811349851644378,6.214287809883674,6.38685800001721,5.732280939360106
05/05/2023 11:40:02.267983,887,True,True,True,True,Eyes,0.01862286,0.05475143,-3.206458,-0.7161536,0.2443065,-0.6537877,0.0,0.0,0.0,0.0,0.0,0.0,0.0,1.335373,0.1585271,-2.98819,0.04753283,0.0575898,-3.275981,-0.009096828,0.9789502,0.031766,-0.2014073,356.6445,203.3029,358.2431,0.004555222,0.01603379,-0.999859,0.002585071,0.01856901,-0.2903728,-1.243217,0.5518606,-4.777135,0.5796001,0.4007999,1.915002,-0.918705,-0.03060649,0.3937574,-0.005014877,0.9978164,0.06585899,-0.3949133,0.05853032,-0.9168523,static,23.671437207198416,12.837473361563749,16.839117737137485,11.821073515526699,-1.29074983,0.4942708,-1.5011540000000005,0.3930225762214193,0.20430664304577748,0.896544506198183,23.053687143708785,11.987638218397734,6.709468555999893,6.907507364310067,6.216801163728375
05/05/2023 11:40:02.282546,888,True,True,True,True,Eyes,0.01956468,0.054914,-3.209944,-0.7123759,0.244893,-0.6576837,0.0,0.0,0.0,0.0,0.0,0.0,0.0,1.301999,0.1386015,-3.011785,0.05107984,0.05767771,-3.283188,-0.008935058,0.9803583,0.02864733,-0.1949289,356.9799,202.5348,358.3538,0.004680397,0.01613767,-0.9998568,0.002429967,0.01745487,-0.2729504,-1.21982,0.542022,-4.80438,0.5796,0.4007999,1.915001,-0.9238459,-0.0286875,0.3816883,-0.006350731,0.998199,0.05965268,-0.3827122,0.05268589,-0.9223642,static,24.152792078563998,13.229759002173255,16.839123291861164,11.821079514720736,-1.27089984,0.48434429,-1.521192,0.4000699156679745,0.20974345283136592,0.8921611962909485,23.512347621078383,12.366133888730829,7.203320227336709,7.448095663990951,6.695446752733096
05/05/2023 11:40:02.292159,889,True,True,True,True,Eyes,0.0206379,0.05509606,-3.213574,-0.7085072,0.2454541,-0.6616417,0.0,0.0,0.0,0.0,0.0,0.0,0.0,1.270155,0.1241209,-3.033736,0.05467728,0.05795119,-3.290274,-0.008382962,0.9816303,0.02650556,-0.1887574,357.1987,201.8062,358.4817,0.00482176,0.01623437,-0.9998546,0.002284169,0.01640758,-0.2565734,-1.196637,0.5363841,-4.829468,0.5796003,0.4008,1.915001,-0.9286011,-0.02646418,0.3701356,-0.006451694,0.9984544,0.05520201,-0.3710244,0.04887262,-0.9273365,static,24.587779710948265,13.489498974787088,16.83913151446532,11.821082381105734,-1.25131428,0.47843291000000004,-1.5391940000000002,0.40652750332929677,0.21312184413975305,0.8884336640542496,23.929380970138645,12.615972193293638,7.646863935809474,7.926232573103675,7.134667978062891
05/05/2023 11:40:02.317975,890,True,True,True,True,Eyes,0.02182939,0.05528257,-3.217345,-0.7044403,0.2461062,-0.6657294,0.0,0.0,0.0,0.0,0.0,0.0,0.0,1.240284,0.1193123,-3.053798,0.05872026,0.05854256,-3.297173,-0.007834408,0.9827565,0.02591904,-0.1829115,357.2443,201.1209,358.5727,0.004981686,0.01632512,-0.9998524,0.002147119,0.01542313,-0.241179,-1.173646,0.5364039,-4.851755,0.5796,0.4007999,1.915001,-0.9329643,-0.02488041,0.3591089,-0.005916849,0.9985336,0.05381021,-0.3599211,0.0480782,-0.9317434,static,24.9485966336363,13.589345339149771,16.839123291861164,11.821079514720736,-1.23236626,0.47786134,-1.554582,0.41202496883982576,0.2140903506995214,0.8856640326652012,24.278420956549954,12.710728394184287,8.003543111342463,8.300019391953569,7.492304376663754
05/05/2023 11:40:02.332438,891,True,True,True,True,Eyes,0.02315466,0.05545639,-3.221247,-0.7001682,0.2472022,-0.6698176,0.0,0.0,0.0,0.0,0.0,0.0,0.0,1.210055,0.1259087,-3.073227,0.06270656,0.05880631,-3.304151,-0.007291654,0.9837996,0.02703964,-0.1770713,357.0984,200.4413,358.6274,0.005161892,0.01641059,-0.9998501,0.002018292,0.01449774,-0.2267083,-1.15035,0.5420508,-4.872198,0.5796004,0.4007999,1.915001,-0.9371855,-0.02392294,0.348011,-0.004771166,0.9984314,0.05578545,-0.3487996,0.05062088,-0.9358295,static,25.273994124699446,13.540663603272124,16.839134255333214,11.821079514720736,-1.21305656,0.48324449,-1.568047,0.4171696042898083,0.21278897562678942,0.8835668771260194,24.59693672279228,12.661203974564899,8.31140915975955,8.608358174091272,7.803160143950809
05/05/2023 11:40:02.342144,892,True,True,True,True,Eyes,0.02460653,0.05561027,-3.225266,-0.6956816,0.248414,-0.6740309,0.0,0.0,0.0,0.0,0.0,0.0,0.0,1.179343,0.1406259,-3.091997,0.06716467,0.05857493,-3.311061,-0.005982153,0.9847895,0.02947249,-0.1711295,356.7897,199.7512,358.7449,0.005364389,0.01649081,-0.9998477,0.001897194,0.01362787,-0.2131058,-1.125258,0.5532162,-4.891335,0.5795996,0.4007999,1.915001,-0.9413579,-0.02186955,0.3367005,-0.001695098,0.9981912,0.06009585,-0.3374057,0.05600096,-0.9396922,static,25.595403988924605,13.308415717429975,16.839112328387838,11.821079514720736,-1.19242267,0.49464127,-1.5802739999999997,0.42250612298275236,0.20863745829436242,0.8820198666514958,24.91651297608709,12.433099025347529,8.604169775886136,8.881712257457753,8.100553629526823
05/05/2023 11:40:02.367587,893,True,True,True,True,Eyes,0.02619834,0.05575252,-3.229403,-0.6905291,0.2499801,-0.6787337,0.0,0.0,0.0,0.0,0.0,0.0,0.0,1.147498,0.1488699,-3.110788,0.07160306,0.05820031,-3.31774,-0.004701002,0.985791,0.03086196,-0.1650508,356.6006,199.0429,358.8832,0.005590744,0.01656563,-0.9998451,0.001783363,0.0128102,-0.2003194,-1.099742,0.5604924,-4.911308,0.5796,0.4007998,1.915002,-0.9454725,-0.01945599,0.325121,0.000919169,0.9980509,0.06239868,-0.3257013,0.05929506,-0.9436118,static,25.897091392969244,13.203665781783167,16.839114996270546,11.821070649143014,-1.17134506,0.50229209,-1.5935679999999999,0.4273419673668244,0.20650605797371782,0.8801897606798872,25.213426919775625,12.329178362500802,8.891431419489788,9.162887410852049,8.389712369356474
05/05/2023 11:40:02.382302,894,True,True,True,True,Eyes,0.02793113,0.05585386,-3.233649,-0.6852133,0.2516629,-0.6834826,0.0,0.0,0.0,0.0,0.0,0.0,0.0,1.116573,0.1672645,-3.128359,0.07639959,0.0579445,-3.324476,-0.004216519,0.9866765,0.03365625,-0.1591201,356.2689,198.3579,358.9072,0.005842766,0.01663515,-0.9998424,0.001676361,0.01204159,-0.1883003,-1.074726,0.5714079,-4.929179,0.5796,0.4007999,1.915001,-0.9493262,-0.01903145,0.3137163,0.002390093,0.9976989,0.06775752,-0.3142839,0.06507379,-0.9470963,static,26.133561639620442,13.011750459342883,16.839123291861164,11.821079514720736,-1.1511255900000001,0.5134634,-1.6047030000000002,0.43128173904821787,0.20313501074311432,0.8790518615019254,25.449115332449924,12.140879635193063,9.1151191544514,9.370393881724803,8.61592914641572
05/05/2023 11:40:02.392297,895,True,True,True,True,Eyes,0.02980708,0.0559062,-3.23799,-0.6794447,0.2534511,-0.6885618,0.0,0.0,0.0,0.0,0.0,0.0,0.0,1.085973,0.1834823,-3.145403,0.08146329,0.05702882,-3.331167,-0.004074579,0.9875264,0.03593789,-0.1532439,356.0015,197.6798,358.9051,0.006122093,0.01669859,-0.9998395,0.001575779,0.01131909,-0.1770022,-1.04987,0.5792656,-4.947074,0.5795999,0.4008,1.915,-0.9529995,-0.01906203,0.3023719,0.002967017,0.9973837,0.07222804,-0.3029576,0.06973042,-0.9504496,static,26.329511531132678,12.897461944032335,16.83912884659031,11.821088380307142,-1.1313332900000002,0.5222367800000001,-1.6159069999999995,0.43447739753880743,0.20103862336249528,0.8779594385921015,25.64321144221706,12.028379277561696,9.304581972883538,9.551227332010692,8.806522575154306
05/05/2023 11:40:02.412327,896,True,True,True,True,Eyes,0.03183267,0.05589775,-3.242416,-0.6735498,0.2552726,-0.6936617,0.0,0.0,0.0,0.0,0.0,0.0,0.0,1.056506,0.1927987,-3.161936,0.08682178,0.05591431,-3.337747,-0.004296525,0.9883518,0.03706389,-0.1475422,355.8713,197.0212,358.8838,0.00643025,0.01675497,-0.9998363,0.001481232,0.01063995,-0.1663821,-1.025657,0.58221,-4.965385,0.5795997,0.4007999,1.915,-0.9564258,-0.01942993,0.2913286,0.002444018,0.9972156,0.07453217,-0.2919656,0.07199649,-0.9537152,static,26.505565459437,12.927953370483303,16.839123364851268,11.821085513920774,-1.11247878,0.52629569,-1.6276380000000006,0.4371568704597879,0.20121555727821594,0.8765877922699534,25.81401030279653,12.056879462536376,9.477160395396783,9.729607351783027,8.977983868057693
05/05/2023 11:40:02.432136,897,True,True,True,True,Eyes,0.03404079,0.05584658,-3.246912,-0.6673545,0.2568837,-0.6990341,0.0,0.0,0.0,0.0,0.0,0.0,0.0,1.027407,0.2042948,-3.177556,0.09238757,0.05443007,-3.344049,-0.004540938,0.9891207,0.03846064,-0.1419172,355.7105,196.3727,358.8566,0.00676879,0.01680309,-0.999833,0.001392359,0.01000155,-0.1563992,-1.001365,0.5857276,-4.982717,0.5795999,0.4007999,1.915001,-0.9596779,-0.01989952,0.2803971,0.001933379,0.9970003,0.07737332,-0.2810957,0.07479557,-0.9567607,static,26.64456368974166,12.91207752191996,16.83912055099295,11.821079514720736,-1.0937525700000001,0.53129753,-1.638668,0.43932624586854085,0.20073630673375673,0.8756125409156128,25.949936315237967,12.040510752064014,9.613010927926513,9.865951135037454,9.113457848585108
05/05/2023 11:40:02.452354,898,True,True,True,True,Eyes,0.09310703,0.05408554,-3.360804,-0.4965432,0.2894914,-0.818315,0.0,0.0,0.0,0.0,0.0,0.0,0.0,0.9987402,0.2014544,-3.193136,0.09827335,0.05335126,-3.349878,-0.005253591,0.9899296,0.03767015,-0.1363556,355.8051,195.7289,358.8122,0.007140103,0.01684242,-0.9998294,0.001308817,0.009401458,-0.1470152,-0.9775341,0.5810888,-5.001524,0.5795999,0.4008,1.915001,-0.9627592,-0.02067444,0.2695691,-0.0001282954,0.9971067,0.07601431,-0.2703608,0.07314888,-0.9599763,static,14.962381061348292,13.534736381394437,16.83912055099295,11.821082381105734,-1.0758074499999999,0.52773754,-1.651646,0.25147401313526263,0.22651388546063103,0.9409846650059575,14.545140803861432,12.723817827374253,2.5450141740641747,2.5414092831925275,2.4652128439952596
05/05/2023 11:40:02.466130,899,True,True,True,True,Eyes,0.09339903,0.05405146,-3.361053,-0.496208,0.2895599,-0.8184942,0.0,0.0,0.0,0.0,0.0,0.0,0.0,0.9726942,0.2036859,-3.207355,0.1042953,0.05283607,-3.355752,-0.006344113,0.9906167,0.03767766,-0.1312195,355.8146,195.1384,358.7097,0.009234597,0.01676598,-0.9998138,0.178429,0.003554258,-0.4798727,-0.9551433,0.5792125,-5.018377,0.5796,0.4007999,1.915,-0.9654825,-0.02245726,0.2594984,-0.002681081,0.9970803,0.07631318,-0.2604546,0.0729833,-0.9627237,static,15.497172795445197,13.63291149632888,16.839131587459715,11.821085513920774,-1.0594386,0.52637643,-1.6626250000000002,0.26017940139536466,0.2275829387047294,0.9383564117571312,15.063819776427758,12.815794223626318,2.249089308056075,2.2546766486558916,2.034988315335897
05/05/2023 11:40:02.482307,900,True,True,True,True,Eyes,0.09394398,0.05395699,-3.361516,-0.4956413,0.2896624,-0.8188012,0.0,0.0,0.0,0.0,0.0,0.0,0.0,0.9539143,0.225867,-3.217841,0.1105948,0.05214455,-3.361625,-0.007913594,0.9910104,0.04059421,-0.1272312,355.5008,194.6906,358.5047,0.0110884,0.01669699,-0.9997964,0.1677233,0.003341002,-0.4510804,-0.9364591,0.5867172,-5.029471,0.5795995,0.4007998,1.915001,-0.9674991,-0.02601461,0.2515324,-0.005355209,0.9965789,0.0824723,-0.2528173,0.07844488,-0.9643286,static,15.8408159921816,13.424519361356579,16.839109587519314,11.821076648335678,-1.0470538999999999,0.5345726500000001,-1.667846,0.2660420577584806,0.22379730988791943,0.9376227370064432,15.404426513658173,12.61075310512217,1.8780711936298504,1.8888140820186947,1.637652108607478
05/05/2023 11:40:02.492437,901,True,True,True,True,Eyes,0.09473287,0.05381322,-3.362175,-0.4948228,0.2897257,-0.8192738,0.0,0.0,0.0,0.0,0.0,0.0,0.0,0.9374167,0.2365534,-3.227874,0.1172153,0.05040758,-3.367133,-0.009236956,0.9914191,0.04166136,-0.1235606,355.3928,194.2744,358.3552,0.01277286,0.01663182,-0.9997776,0.1576599,0.003140542,-0.4240155,-0.9184526,0.5869876,-5.041433,0.5796002,0.4007999,1.915002,-0.9692953,-0.02861079,0.244231,-0.00801999,0.996358,0.08489038,-0.2457703,0.08032509,-0.9659945,static,16.156422039509994,13.401893839492962,16.839120478004347,11.821073515526699,-1.0356679,0.53658002,-1.6742999999999997,0.27124786698885217,0.22309053121693223,0.9362987522912305,15.71269509592879,12.586645902907323,1.6995825462039156,1.7219378776795133,1.3619600661193159
05/05/2023 11:40:02.511994,902,True,True,True,True,Eyes,0.09577946,0.05364163,-3.363007,-0.4938777,0.2897733,-0.8198269,0.0,0.0,0.0,0.0,0.0,0.0,0.0,0.9237395,0.2437328,-3.237048,0.1239047,0.04908141,-3.372449,-0.01054941,0.991778,0.04226564,-0.1203286,355.3369,193.9081,358.2121,0.01431166,0.01656852,-0.999758,0.1482003,0.002952109,-0.3985746,-0.9018695,0.5860211,-5.052713,0.5796001,0.4008,1.915,-0.9708197,-0.03109688,0.2377868,-0.01075382,0.9962047,0.08637504,-0.2395703,0.08129746,-0.9674695,static,16.41780530875924,13.424095519393717,16.839134328329035,11.821088380307142,-1.0257742,0.53693969,-1.6802639999999998,0.27551111613155294,0.22317200132691933,0.9350335697853175,15.966898049343182,12.60651443776789,1.6210156489938101,1.6574528743509327,1.173750492275688
05/05/2023 11:40:02.532049,903,True,True,True,True,Eyes,0.09706844,0.05345163,-3.364005,-0.4927532,0.289835,-0.8204816,0.0,0.0,0.0,0.0,0.0,0.0,0.0,0.9124526,0.2500358,-3.245145,0.1311078,0.04826676,-3.377355,-0.01236627,0.9920844,0.0427386,-0.1174262,355.3024,193.5822,358.012,0.015727,0.01650603,-0.9997379,0.1393083,0.002774983,-0.3746601,-0.8863489,0.5842724,-5.062966,0.5795999,0.4007999,1.915001,-0.9721165,-0.03457403,0.2319365,-0.0144995,0.996041,0.08770486,-0.2340505,0.08189636,-0.9687691,static,16.61569993603276,13.480101932197947,16.83912055099295,11.821079514720736,-1.0174566999999999,0.5360056400000001,-1.6856110000000002,0.27869311857481427,0.22387199386298123,0.9339226816480355,16.158299925485952,12.659695467183292,1.623713417734209,1.6739988509198909,1.0801821327167087
05/05/2023 11:40:02.542126,904,True,True,True,True,Eyes,0.09861392,0.05321651,-3.365157,-0.4915234,0.2900203,-0.8211535,0.0,0.0,0.0,0.0,0.0,0.0,0.0,0.9039094,0.2626752,-3.252028,0.1384811,0.04763493,-3.382349,-0.01416664,0.9922879,0.04418648,-0.1149424,355.1565,193.308,357.7987,0.0170383,0.01644362,-0.9997177,0.1309498,0.002608484,-0.3521805,-0.8720002,0.5862187,-5.071331,0.5796,0.4008,1.915001,-0.9731753,-0.03827257,0.22686,-0.01795697,0.9956937,0.09094811,-0.2293639,0.08443473,-0.9696718,static,16.75043368696992,13.430795609188085,16.839123291861164,11.821082381105734,-1.0104813,0.53858377,-1.6889819999999998,0.2809517001658555,0.22291531270445222,0.9334746934211398,16.290969902052908,12.610827711177322,1.5551371906557943,1.612154621206994,0.9613375188393319
05/05/2023 11:40:02.566266,905,True,True,True,True,Eyes,0.1004642,0.05299047,-3.366457,-0.4900743,0.290149,-0.8219737,0.0,0.0,0.0,0.0,0.0,0.0,0.0,0.8968436,0.2774776,-3.258068,0.146157,0.04629748,-3.387155,-0.01461473,0.9924621,0.04606185,-0.1126232,354.9435,193.0484,357.734,0.01826351,0.01637989,-0.9996972,0.1230928,0.002451975,-0.3310497,-0.8566344,0.5911814,-5.078697,0.5796001,0.4007999,1.915001,-0.9742052,-0.03938439,0.2222022,-0.01863386,0.9953294,0.0947212,-0.2248949,0.08813735,-0.9703889,static,16.886840406700816,13.266037847014896,16.839126032729293,11.821079514720736,-1.0027914,0.54488392,-1.691542,0.28336115065206724,0.22006750595714458,0.9334220783419034,16.428382509815616,12.449616428641017,1.3861835384004364,1.4457459125136112,0.7508454526571817
05/05/2023 11:40:02.582136,906,True,True,True,True,Eyes,0.1025658,0.05278344,-3.367895,-0.4885243,0.2903838,-0.8228132,0.0,0.0,0.0,0.0,0.0,0.0,0.0,0.8892378,0.2731245,-3.265505,0.154099,0.04604502,-3.391607,-0.01538874,0.9927675,0.0451856,-0.1101553,355.0476,192.7638,357.6696,0.01941958,0.01631519,-0.9996766,0.1157072,0.002304856,-0.3111867,-0.8409235,0.5868558,-5.089032,0.5795996,0.4008002,1.914999,-0.9752578,-0.04050976,0.2173266,-0.02060002,0.9954429,0.09310787,-0.220108,0.08632727,-0.971648,static,17.0499619098513,13.426794440423983,16.839128919583352,11.821100112289855,-0.9950225,0.54081078,-1.6974249999999995,0.28585474725740656,0.22251369918432487,0.9320810169898766,16.583063530072067,12.604948330544142,1.5429295801433764,1.619476713382268,0.8246135537122742
05/05/2023 11:40:02.592075,907,True,True,True,True,Eyes,0.1049083,0.05268957,-3.369443,-0.4870669,0.2908232,-0.8235215,0.0,0.0,0.0,0.0,0.0,0.0,0.0,0.8815526,0.2873654,-3.271695,0.1622269,0.04647091,-3.396353,-0.01630811,0.9929302,0.04715834,-0.107703,354.8285,192.4919,357.5517,0.02052124,0.0162501,-0.9996558,0.1087648,0.002166565,-0.2925155,-0.8250585,0.593229,-5.096391,0.5796,0.4007999,1.915001,-0.9762686,-0.04254381,0.2123449,-0.02222745,0.9950203,0.09716274,-0.2154212,0.09013701,-0.9723527,static,17.188551351482445,13.293933285241348,16.839123291861164,11.821079514720736,-0.9872854,0.54675809,-1.7000379999999997,0.2882645718101264,0.22018563398681937,0.9318915081279835,16.721744179796527,12.474757469730754,1.4336650929446293,1.5137365022313083,0.6641330625824627
05/05/2023 11:40:02.612368,908,True,True,True,True,Eyes,0.1074939,0.05268988,-3.371136,-0.4855171,0.2917209,-0.824119,0.0,0.0,0.0,0.0,0.0,0.0,0.0,0.8699912,0.2885032,-3.279504,0.1706361,0.04910006,-3.400548,-0.0184619,0.9932119,0.04731993,-0.1046441,354.8287,192.15,357.3195,0.02158116,0.01618795,-0.9996347,0.1022389,0.002036571,-0.2749646,-0.8080164,0.5934419,-5.106343,0.5795999,0.4007999,1.915001,-0.9774177,-0.04657665,0.2061202,-0.02676965,0.99484,0.09786129,-0.2096146,0.09013357,-0.973621,static,17.372756632892784,13.452443458538326,16.83912055099295,11.821079514720736,-0.9786524999999999,0.54434184,-1.7057949999999997,0.2910979450596688,0.2225634036809366,0.9304448300539989,16.897038614631533,12.627763824217439,1.6184528805421237,1.7164252926048043,0.8087608282328065
05/05/2023 11:40:02.632132,909,True,True,True,True,Eyes,0.1103099,0.0525732,-3.372957,-0.4838925,0.2930149,-0.8246153,0.0,0.0,0.0,0.0,0.0,0.0,0.0,0.8582255,0.3402912,-3.283447,0.179024,0.05129331,-3.405685,-0.02087335,0.9930762,0.05489836,-0.1017368,353.985,191.8581,356.9665,0.0226094,0.01613124,-0.999613,0.09610457,0.001914377,-0.2584667,-0.7915549,0.6194964,-5.108308,0.5796,0.4007999,1.915001,-0.9784281,-0.05262802,0.199773,-0.03028728,0.9931009,0.1132837,-0.2043567,0.1047893,-0.9732718,static,17.465692820063268,12.82634495098306,16.839123291861164,11.821079514720736,-0.9705788999999999,0.5682030899999999,-1.702623,0.2932973091928964,0.21223372527870707,0.9321660852267044,17.004509948675285,12.017963533702645,1.1104426148339612,1.1845454702184663,0.25713044001560825
05/05/2023 11:40:02.642496,910,True,True,True,True,Eyes,0.1133658,0.05246559,-3.374868,-0.4820345,0.2938204,-0.8254164,0.0,0.0,0.0,0.0,0.0,0.0,0.0,0.844196,0.3866044,-3.287635,0.1876836,0.04882367,-3.410728,-0.0210207,0.9930351,0.06131416,-0.09838824,353.2442,191.5,356.8936,0.02361662,0.01607585,-0.9995908,0.0903383,0.001799514,-0.2429587,-0.7712187,0.6403419,-5.112026,0.5796,0.4007999,1.915001,-0.9797561,-0.05381376,0.1928282,-0.0296834,0.9915974,0.1259106,-0.1979837,0.1176378,-0.9731209,static,17.67044001119312,12.197656453893924,16.839123291861164,11.821079514720736,-0.9589023000000001,0.59151823,-1.701298,0.29730097124670657,0.2017313150925636,0.9332290871174986,17.22104657524329,11.40490175507404,0.8718839022549272,0.9126322802519594,0.564862215070124
05/05/2023 11:40:02.666367,911,True,True,True,True,Eyes,0.1166385,0.05249786,-3.376883,-0.4799847,0.2945,-0.8263682,0.0,0.0,0.0,0.0,0.0,0.0,0.0,0.8215572,0.3305275,-3.303934,0.1964652,0.04850068,-3.414562,-0.02156249,0.9939946,0.05280957,-0.09338684,354.2057,190.8883,356.9619,0.02461199,0.01602186,-0.9995677,0.084918,0.001691543,-0.2283812,-0.7455986,0.6094642,-5.135503,0.5796001,0.4007999,1.915001,-0.9816282,-0.05272942,0.1833746,-0.03300255,0.9934924,0.1090122,-0.1879294,0.1009575,-0.9769803,static,18.156959115216697,13.249677454608602,16.839126032729293,11.821079514720736,-0.9420638,0.56096352,-1.7209409999999998,0.3041026364545926,0.2183400696161442,0.9272805210435047,17.66695924354221,12.425275295753773,1.8194636378710423,1.9435987515817417,1.024870902476474
05/05/2023 11:40:02.682145,912,True,True,True,True,Eyes,0.1201106,0.0526401,-3.378997,-0.4777296,0.295368,-0.8273646,0.0,0.0,0.0,0.0,0.0,0.0,0.0,0.7943132,0.3227386,-3.316425,0.2048136,0.05194863,-3.418935,-0.02318287,0.9945005,0.05188498,-0.0879738,354.3115,190.2686,356.8177,0.02560221,0.01597327,-0.9995437,0.07982292,0.001590051,-0.2146783,-0.7197077,0.6079583,-5.150961,0.5796,0.4008,1.915001,-0.9834465,-0.05523979,0.1725743,-0.03698171,0.993541,0.1072783,-0.1773857,0.09912031,-0.9791374,static,18.584508321069897,13.52971894362273,16.839123291861164,11.821082381105734,-0.9245213,0.5560096699999999,-1.7320259999999998,0.3107235186411915,0.22236926473095286,0.9241227259079676,18.076194282063504,12.694915983644805,2.285798667646559,2.44250031790292,1.5145724808428978
05/05/2023 11:40:02.702272,913,True,True,True,True,Eyes,0.1237781,0.05284334,-3.381223,-0.4753583,0.2962581,-0.8284115,0.0,0.0,0.0,0.0,0.0,0.0,0.0,0.7694615,0.3465248,-3.324997,0.2130128,0.05471001,-3.423358,-0.0252347,0.9946757,0.05546626,-0.08310912,353.9067,189.7348,356.5741,0.02659337,0.01593273,-0.9995186,0.07503355,0.001494647,-0.2017976,-0.6962413,0.6213658,-5.160011,0.5796001,0.4008,1.915,-0.9849123,-0.05942018,0.1625339,-0.04098118,0.9925734,0.1145363,-0.1681326,0.1061474,-0.9800329,static,18.891201945279224,13.324130904282798,16.839134328329035,11.821088380307142,-0.9092541,0.56665579,-1.736653,0.3159375404120177,0.21865544094400338,0.9232406280221522,18.380706296867903,12.492848235277995,2.3928609327393158,2.543642729121907,1.681578257749327
05/05/2023 11:40:02.712310,914,True,True,True,True,Eyes,0.1276253,0.05308376,-3.383547,-0.472842,0.2972793,-0.8294851,0.0,0.0,0.0,0.0,0.0,0.0,0.0,0.7511544,0.3572234,-3.333524,0.2211235,0.05636846,-3.428141,-0.02602105,0.9948856,0.05711269,-0.07914451,353.7122,189.2895,356.4922,0.02759201,0.01590114,-0.9994921,0.07053153,0.001404969,-0.1896897,-0.6748239,0.6284972,-5.169907,0.5796,0.4008,1.915,-0.9861183,-0.06081625,0.1545072,-0.04273563,0.9921221,0.11776,-0.1604517,0.1095223,-0.9809486,static,19.140397548757157,13.269807011672473,16.839131587459715,11.821088380307142,-0.8959474000000001,0.57212874,-1.7417660000000001,0.3200372475788483,0.21746437984481262,0.9221092527219137,18.625091094484294,12.4383394150101,2.5666918110779604,2.7193033478248214,1.889616416253137
05/05/2023 11:40:02.732438,915,True,True,True,True,Eyes,0.1316314,0.0533601,-3.385948,-0.4702679,0.2981824,-0.8306235,0.0,0.0,0.0,0.0,0.0,0.0,0.0,0.7360351,0.3708247,-3.340734,0.2292363,0.05746457,-3.432769,-0.02594205,0.9950364,0.05921933,-0.07564954,353.4583,188.8952,356.5037,0.02860154,0.01587867,-0.999464,0.06629964,0.001320671,-0.1783084,-0.654234,0.6379659,-5.178135,0.5796002,0.4008,1.915001,-0.9872086,-0.0605864,0.1474755,-0.04266675,0.9916402,0.1217758,-0.1536206,0.1139258,-0.9815407,static,19.354470458847207,13.109667985155687,16.83912877359735,11.821082381105734,-0.8834702999999999,0.5805013299999999,-1.7453660000000002,0.32368995614567053,0.21460462845432746,0.9215040455303568,18.838089685451965,12.281107050080019,2.681998012852732,2.8261982684377216,2.051211208819692
05/05/2023 11:40:02.742524,916,True,True,True,True,Eyes,0.1357854,0.05367206,-3.388432,-0.4675581,0.2990217,-0.8318506,0.0,0.0,0.0,0.0,0.0,0.0,0.0,0.7190534,0.3606856,-3.350436,0.2372215,0.05864797,-3.436981,-0.026113,0.9953977,0.05781764,-0.07182431,353.6068,188.4485,356.5218,0.02962526,0.01586543,-0.9994345,0.06232166,0.00124143,-0.1676099,-0.6327186,0.6345161,-5.190658,0.5795999,0.4007999,1.915001,-0.9883189,-0.06029106,0.1399679,-0.04368021,0.9919505,0.1188542,-0.1460071,0.111352,-0.9829969,static,19.616505329537834,13.350909563164636,16.83912055099295,11.821079514720736,-0.8699401,0.57586813,-1.7536770000000002,0.3276357162871648,0.21816883154867187,0.9192699130399857,19.087023998887794,12.51409363557187,3.0007957051995384,3.1708431347537025,2.352304929798984
05/05/2023 11:40:02.767030,917,True,True,True,True,Eyes,0.1400865,0.05399293,-3.390995,-0.4648522,0.2999432,-0.8330345,0.0,0.0,0.0,0.0,0.0,0.0,0.0,0.7025099,0.3579736,-3.359332,0.2448786,0.05982603,-3.441399,-0.02673243,0.9956598,0.05744387,-0.06817137,353.6418,188.0294,356.4774,0.03066632,0.01586147,-0.9994031,0.05858236,0.001166945,-0.1575533,-0.612547,0.6340902,-5.201753,0.5796002,0.4008,1.915001,-0.9892764,-0.06106487,0.1326798,-0.04540076,0.9919712,0.1180339,-0.1388222,0.1107443,-0.984106,static,19.838058561273687,13.50181993779653,16.83912877359735,11.821082381105734,-0.8574256,0.5742641700000001,-1.760354,0.33102438326369993,0.22031336904252669,0.9175428308081037,19.29893076207156,12.659457834564654,3.2499268882183543,3.4377985115308016,2.59874954996901
05/05/2023 11:40:02.782266,918,True,True,True,True,Eyes,0.1445187,0.05428708,-3.393633,-0.4620753,0.3008104,-0.8342659,0.0,0.0,0.0,0.0,0.0,0.0,0.0,0.6883705,0.3649868,-3.366527,0.2523901,0.06034439,-3.445754,-0.02745917,0.9958003,0.05838169,-0.06495836,353.5287,187.6677,356.4068,0.03172718,0.01586609,-0.99937,0.05506742,0.001096928,-0.1481001,-0.5942089,0.6375459,-5.210382,0.5796001,0.4008,1.915002,-0.9900531,-0.06227245,0.1261649,-0.04710294,0.9916752,0.1198404,-0.1325773,0.1127056,-0.9847443,static,19.9911395590287,13.500701255275997,16.839117737137485,11.821076381910325,-0.8465990000000001,0.57720151,-1.764628,0.3334917196325452,0.2200925523714118,0.9167020305683985,19.44818716956317,12.657354225106516,3.3803940331962483,3.5716076605510656,2.739818230145744
05/05/2023 11:40:02.792158,919,True,True,True,True,Eyes,0.1490785,0.05455143,-3.39634,-0.4593273,0.3015173,-0.8355272,0.0,0.0,0.0,0.0,0.0,0.0,0.0,0.6770304,0.3658192,-3.373781,0.2599309,0.06000808,-3.450134,-0.02824643,0.9959643,0.05827197,-0.06214237,353.5369,187.3475,356.3355,0.03280851,0.01587759,-0.9993349,0.05176337,0.001031112,-0.1392141,-0.5772648,0.636196,-5.219573,0.5796,0.4007999,1.915001,-0.9906811,-0.0635072,0.1204912,-0.04902256,0.9916131,0.1195842,-0.1270751,0.112563,-0.9854856,static,20.106777547009028,13.603357456030116,16.839123291861164,11.821079514720736,-0.8371957000000001,0.57618792,-1.7694389999999998,0.33522459978203356,0.22159003091476617,0.9157086209950128,19.558146353493946,12.756470244404749,3.5192973157382252,3.72210679471505,2.8754203565513166
05/05/2023 11:40:02.812029,920,True,True,True,True,Eyes,0.1537528,0.05480594,-3.399106,-0.456501,0.3020885,-0.8368688,0.0,0.0,0.0,0.0,0.0,0.0,0.0,0.665464,0.3594485,-3.381776,0.2674465,0.05959293,-3.454471,-0.02924643,0.9961794,0.05707169,-0.05928202,353.6709,187.0188,356.2482,0.03391262,0.01589435,-0.9992978,0.04865757,0.0009692456,-0.1308612,-0.5603059,0.6305104,-5.230051,0.5796001,0.4007999,1.915002,-0.9912609,-0.06503604,0.1147728,-0.05150273,0.991775,0.1171748,-0.1214493,0.1102397,-0.9864572,static,20.22350750135997,13.828746889374383,16.839117737137485,11.821073515526699,-0.8277524,0.57091747,-1.7755799999999997,0.3368150929191624,0.2250548904250672,0.9142788976698013,19.665861949509846,12.974996525043789,3.7096732203012754,3.9350789639130315,3.0531985120646215
05/05/2023 11:40:02.832077,921,True,True,True,True,Eyes,0.1585516,0.05505766,-3.401937,-0.4536709,0.3025858,-0.8382271,0.0,0.0,0.0,0.0,0.0,0.0,0.0,0.6523136,0.3525585,-3.389828,0.2748265,0.05964584,-3.458563,-0.03048519,0.9963888,0.05584548,-0.05622539,353.808,186.6686,356.134,0.03504008,0.01591552,-0.9992585,0.04573812,0.0009110908,-0.1230095,-0.5429493,0.6249013,-5.240565,0.5795998,0.4007999,1.915001,-0.9918188,-0.06703008,0.1086398,-0.05447034,0.9919038,0.1147157,-0.1154496,0.1078595,-0.98744,static,20.354635420488325,14.066481461140674,16.839117810124662,11.821079514720736,-0.8177757999999999,0.56525546,-1.7820020000000003,0.3386121365819138,0.2286898199603142,0.9127118440388572,19.787280212841353,13.2054389515883,3.921725596954488,4.171413905351935,3.2570097640683437
05/05/2023 11:40:02.852448,922,True,True,True,True,Eyes,0.1634518,0.05530362,-3.40482,-0.4507814,0.3031317,-0.8395876,0.0,0.0,0.0,0.0,0.0,0.0,0.0,0.640641,0.3574656,-3.396563,0.2821474,0.05981338,-3.462898,-0.03164136,0.9964764,0.05636164,-0.05345151,353.7456,186.3587,356.0148,0.03619094,0.01594051,-0.9992172,0.04299383,0.0008564254,-0.115629,-0.5266675,0.6258497,-5.248737,0.5795996,0.4008,1.915,-0.9922834,-0.06908496,0.1029596,-0.0570345,0.9916444,0.1157086,-0.110093,0.1089435,-0.9879326,static,20.439035431562118,14.10329040666692,16.839120623981625,11.821088380307142,-0.8088149,0.5660363199999999,-1.7858390000000002,0.33991750221581307,0.22916140468563606,0.9121080958386889,19.86856282176596,13.240693781511505,4.007204476439849,4.2623740698064,3.345564156438339
05/05/2023 11:40:02.867634,923,True,True,True,True,Eyes,0.1684342,0.05552849,-3.407758,-0.447825,0.3038393,-0.8409129,0.0,0.0,0.0,0.0,0.0,0.0,0.0,0.6296619,0.3654926,-3.402513,0.2894441,0.05991198,-3.466956,-0.03226622,0.9965366,0.05739529,-0.05078987,353.6204,186.0609,355.9529,0.03736624,0.01596875,-0.9991734,0.0404142,0.0008050398,-0.1086912,-0.5103414,0.6293702,-5.255772,0.5796001,0.4008,1.915001,-0.9927588,-0.07013914,0.09752406,-0.05847874,0.9913293,0.1176706,-0.1049318,0.1111154,-0.9882525,static,20.51978217742574,14.065558061041594,16.839126032729293,11.821082381105734,-0.7997854999999999,0.56945822,-1.7888160000000002,0.3412618412514517,0.22844233285022522,0.9117864401840577,19.948293287370767,13.203445335372546,4.057124198422686,4.311020845845592,3.4026237456798047
05/05/2023 11:40:02.882271,924,True,True,True,True,Eyes,0.2955003,0.0606696,-3.48239,-0.3688365,0.321338,-0.8721821,0.0,0.0,0.0,0.0,0.0,0.0,0.0,0.6182014,0.3736449,-3.40874,0.2966898,0.05946501,-3.471272,-0.03212502,0.9966152,0.05846692,-0.04804009,353.4857,185.7483,355.9801,0.03856549,0.01599924,-0.9991274,0.03798935,0.0007567374,-0.1021698,-0.4930158,0.6335879,-5.263072,0.5796,0.4008,1.915,-0.9933204,-0.06965009,0.09199847,-0.05841506,0.9910992,0.1196246,-0.09951147,0.1134515,-0.9885477,static,15.747461697453117,14.14289113016951,16.839131587459715,11.821088380307142,-0.7897056,0.5741228899999999,-1.7918000000000003,0.26375214905741196,0.2356889970591586,0.9353531900140742,15.29406053774235,13.310336598496434,2.5391415141159226,2.5656404966431814,2.1459507925520334
05/05/2023 11:40:02.892086,925,True,True,True,True,Eyes,0.2957493,0.06066261,-3.482542,-0.3684428,0.3213731,-0.8723356,0.0,0.0,0.0,0.0,0.0,0.0,0.0,0.6024306,0.3761493,-3.416054,0.3041278,0.05918553,-3.475318,-0.03133775,0.9967784,0.058845,-0.04458831,353.4243,185.3472,356.0911,0.04336165,0.01614169,-0.9989285,0.4169085,0.01613466,-0.3199332,-0.4722511,0.63647,-5.271921,0.5796,0.4007999,1.915001,-0.9940599,-0.06772118,0.08520119,-0.05722599,0.9911104,0.1201055,-0.09257748,0.1145163,-0.9890985,static,16.137197498988282,14.116726661930132,16.839123291861164,11.821079514720736,-0.7763789,0.5772844699999999,-1.7966029999999997,0.2701663347620306,0.23482848400325576,0.9337375969536588,15.67468759419427,13.282294469426954,2.3558077996064233,2.4005615266413938,1.8684377532735954
05/05/2023 11:40:02.912443,926,True,True,True,True,Eyes,0.2962751,0.06068807,-3.482844,-0.3677176,0.321391,-0.8726349,0.0,0.0,0.0,0.0,0.0,0.0,0.0,0.5800619,0.3698069,-3.424987,0.3105622,0.05918249,-3.479053,-0.03066044,0.9970319,0.05799636,-0.04029868,353.5015,184.8448,356.202,0.04749047,0.01626419,-0.9987388,0.391894,0.01516658,-0.3007372,-0.4493928,0.6351219,-5.283094,0.5796,0.4008,1.915001,-0.9948721,-0.06581321,0.07680174,-0.05646451,0.9913927,0.1181196,-0.08391451,0.1131773,-0.990025,static,16.603901155515427,14.240034468292185,16.839123291861164,11.821082381105734,-0.7599549999999999,0.57593941,-1.8040410000000002,0.2776602639441621,0.23631243628075832,0.9311612573632353,16.126315612130348,13.399176101361402,2.352628924838376,2.430361835927058,1.73161040023257
05/05/2023 11:40:02.932122,927,True,True,True,True,Eyes,0.2970158,0.06073342,-3.483298,-0.3666437,0.3215951,-0.8730115,0.0,0.0,0.0,0.0,0.0,0.0,0.0,0.5548427,0.3646274,-3.434249,0.3176599,0.05998334,-3.482866,-0.03034209,0.9972579,0.05738994,-0.03553156,353.5516,184.2911,356.2727,0.05121984,0.01637476,-0.9985527,0.3683803,0.01425659,-0.282693,-0.4244124,0.6350369,-5.294618,0.5796002,0.4007998,1.915002,-0.995634,-0.06459609,0.06738561,-0.05643949,0.9915715,0.1166214,-0.07435093,0.112309,-0.9908881,static,17.089673009137886,14.36435472902831,16.839120478004347,11.821070649143014,-0.7420723,0.57505356,-1.8117519999999998,0.2854406546282415,0.2377659422073828,0.9284347471080487,16.596504380755164,13.516916385663492,2.4394186916700917,2.5555959152134013,1.713112761238766
05/05/2023 11:40:02.942611,928,True,True,True,True,Eyes,0.2980129,0.06077024,-3.483895,-0.3652664,0.3218874,-0.873481,0.0,0.0,0.0,0.0,0.0,0.0,0.0,0.5306419,0.3750301,-3.441604,0.323672,0.06048718,-3.486896,-0.02982009,0.9973255,0.05901374,-0.03114615,353.3471,183.7894,356.3544,0.05459572,0.01647514,-0.9983721,0.3462775,0.01340119,-0.2657314,-0.4018497,0.6430379,-5.302951,0.5795999,0.4007999,1.915001,-0.9962814,-0.06315678,0.05860611,-0.05580458,0.9912563,0.1195694,-0.06564529,0.1158542,-0.9910946,static,17.50641823824607,14.226416916431624,16.83912055099295,11.821079514720736,-0.7255217,0.5825507200000001,-1.816055,0.29238741976121885,0.23501487064485696,0.9269723328934246,17.006473391650463,13.379941440932553,2.35674734776345,2.4961839314206498,1.5678193385300985
05/05/2023 11:40:02.962517,929,True,True,True,True,Eyes,0.2992318,0.06081762,-3.484612,-0.363539,0.3221228,-0.8741146,0.0,0.0,0.0,0.0,0.0,0.0,0.0,0.5076129,0.3782417,-3.449402,0.330753,0.06027949,-3.490855,-0.02837673,0.9974614,0.05959691,-0.02671855,353.2594,183.2721,356.5481,0.0576605,0.01656604,-0.9981983,0.3255008,0.01259712,-0.2497875,-0.377048,0.6477031,-5.312326,0.5796001,0.4008,1.915001,-0.996962,-0.05979408,0.04991911,-0.05342471,0.9912859,0.1204076,-0.05668378,0.1173749,-0.9914689,static,17.94193981207937,14.165549444821872,16.839126032729293,11.821082381105734,-0.707801,0.58742361,-1.8214709999999998,0.2995384315177923,0.23348773273170487,0.9250731016744942,17.432668644080703,13.317830209983752,2.4269289894039763,2.590892518954456,1.6101387812051826
05/05/2023 11:40:02.982222,930,True,True,True,True,Eyes,0.300681,0.06087882,-3.485459,-0.3615224,0.3223886,-0.8748527,0.0,0.0,0.0,0.0,0.0,0.0,0.0,0.4816868,0.3666532,-3.458489,0.3370007,0.06056973,-3.494333,-0.02711945,0.9977003,0.05811137,-0.0219557,353.4099,182.7097,356.7299,0.06045128,0.01664869,-0.9980318,0.3059708,0.01184129,-0.2348003,-0.351787,0.6450039,-5.324036,0.5796002,0.4007999,1.915001,-0.9975653,-0.05666591,0.04065851,-0.05156241,0.9917752,0.1171463,-0.04696231,0.1147646,-0.9922824,static,18.403867779467543,14.350031936993545,16.83912877359735,11.821079514720736,-0.6887877,0.58443417,-1.8297030000000003,0.306803436628841,0.23589224767209022,0.9220773289534626,17.877992374252585,13.494265517652428,2.774947656178689,2.973887777070808,1.9694641355386227
05/05/2023 11:40:03.002044,931,True,True,True,True,Eyes,0.3022988,0.06093354,-3.486421,-0.3592891,0.3227124,-0.875653,0.0,0.0,0.0,0.0,0.0,0.0,0.0,0.4552193,0.3665352,-3.466732,0.3439041,0.06094547,-3.498258,-0.02657229,0.997805,0.05819217,-0.01711287,353.3837,182.1487,356.8249,0.06300142,0.01672423,-0.9978728,0.2876125,0.01113081,-0.2207123,-0.3263139,0.6472208,-5.334258,0.5796001,0.4007998,1.915002,-0.9980024,-0.05501959,0.03105802,-0.05103625,0.9918151,0.1170383,-0.03724322,0.1152194,-0.9926419,static,18.82809241135485,14.386276281702173,16.839117737137485,11.821070649143014,-0.670218,0.5862753300000001,-1.8360000000000003,0.31361973815431504,0.2359228649011474,0.9197734441472113,18.290557676343997,13.52671746989189,3.024172217604001,3.2459667576842657,2.2396225070878697
05/05/2023 11:40:03.012563,932,True,True,True,True,Eyes,0.3041286,0.06098698,-3.487497,-0.356829,0.3229641,-0.8765656,0.0,0.0,0.0,0.0,0.0,0.0,0.0,0.4295714,0.3611556,-3.474846,0.350188,0.06085619,-3.501884,-0.02623168,0.9979267,0.05743128,-0.01248383,353.4558,181.6109,356.8964,0.06534007,0.01679317,-0.9977213,0.2703558,0.01046297,-0.2074695,-0.3023262,0.6455364,-5.344755,0.5795995,0.4008,1.915,-0.9983119,-0.05378851,0.02190284,-0.05092066,0.9920271,0.1152793,-0.02792892,0.1139695,-0.9930915,static,19.21245690963449,14.516594127878326,16.83911788311191,11.821088380307142,-0.6525141999999999,0.58468021,-1.8428710000000001,0.31965566118725575,0.23750918608324872,0.9172838388580608,18.661730980395028,13.650965788190405,3.344265551216565,3.5914466959714764,2.5827059124626497
05/05/2023 11:40:03.032074,933,True,True,True,True,Eyes,0.306142,0.06104202,-3.488673,-0.3542625,0.3231476,-0.8775384,0.0,0.0,0.0,0.0,0.0,0.0,0.0,0.4058266,0.3540619,-3.482883,0.3570349,0.06089047,-3.505616,-0.02634662,0.9980289,0.05638344,-0.008073199,353.5625,181.1005,356.9138,0.0674936,0.01685606,-0.9975768,0.2541344,0.009835188,-0.1950213,-0.2789467,0.6422855,-5.355295,0.5795999,0.4008,1.915001,-0.9984815,-0.05349977,0.01314355,-0.05167899,0.9922535,0.11297,-0.0190856,0.1121192,-0.9935117,static,19.552378886845972,14.689089611743363,16.83912055099295,11.821082381105734,-0.6359816,0.5813950299999999,-1.849679,0.32490221804343516,0.2398167607597232,0.9148368180914779,18.98844404964264,13.816547002155623,3.674629057998363,3.9480674097671677,2.9328263766731117
05/05/2023 11:40:03.044817,934,True,True,True,True,Eyes,0.3083585,0.06107592,-3.489952,-0.3515291,0.3233005,-0.8785807,0.0,0.0,0.0,0.0,0.0,0.0,0.0,0.383083,0.3499395,-3.490094,0.3636019,0.06100405,-3.509136,-0.02722975,0.9980689,0.0556944,-0.003902024,353.6293,180.6239,356.8397,0.06948612,0.01691352,-0.9974391,0.2388864,0.009245077,-0.1833201,-0.257456,0.6394583,-5.364799,0.5795997,0.4008,1.915001,-0.9984866,-0.05478897,0.004755889,-0.05391969,0.9923134,0.1113862,-0.01082207,0.1109612,-0.9937659,static,19.82687906394126,14.843451388899684,16.83911506925629,11.821082381105734,-0.6210579,0.5784542500000001,-1.8556629999999998,0.3291053733510772,0.2419079840621965,0.9127815446961894,19.25187147131941,13.964918246435962,3.9538811398021494,4.249876246105204,3.2276037044799635
05/05/2023 11:40:03.067562,935,True,True,True,True,Eyes,0.3107737,0.06109436,-3.491328,-0.3487217,0.3234356,-0.8796492,0.0,0.0,0.0,0.0,0.0,0.0,0.0,0.3629083,0.3481528,-3.496843,0.3706326,0.06054025,-3.512803,-0.02770639,0.9980857,0.05529337,-3.698068e-05,353.6632,180.1809,356.8098,0.07133846,0.01696542,-0.9973074,0.2245532,0.008690372,-0.1723209,-0.2362516,0.6375803,-5.373588,0.5795999,0.4008,1.915001,-0.9984648,-0.05531079,-0.00299014,-0.05530262,0.99235,0.1103771,-0.003137779,0.110373,-0.9938855,static,20.0736698676322,14.943349868102866,16.83912055099295,11.821082381105734,-0.6068842,0.57704005,-1.860785,0.3329271062237997,0.24315342240877197,0.9110631600340552,19.489755233049724,14.060481312751635,4.182109286363608,4.495649401602714,3.4699815262878606
05/05/2023 11:40:03.082431,936,True,True,True,True,Eyes,0.3133763,0.06110745,-3.492793,-0.3457164,0.3235392,-0.8807966,0.0,0.0,0.0,0.0,0.0,0.0,0.0,0.3420575,0.3422906,-3.503872,0.3774069,0.06014904,-3.516422,-0.02746592,0.9981336,0.05440339,0.003922076,353.7527,179.721,356.8628,0.07307028,0.01701184,-0.9971812,0.21108,0.00816895,-0.1619816,-0.2141768,0.6348287,-5.382856,0.5796,0.4008,1.915001,-0.9984606,-0.05440255,-0.01081799,-0.05525605,0.9925718,0.1083882,0.004841034,0.1088191,-0.99405,static,20.345940621351104,15.069428744581092,16.839123291861164,11.821082381105734,-0.5915836999999999,0.57467966,-1.8664340000000004,0.33711125042815604,0.24477081590815258,0.909089294982392,19.75177168621335,14.181348524345472,4.445843290385284,4.780117349973172,3.748916768354047
05/05/2023 11:40:03.092041,937,True,True,True,True,Eyes,0.3161449,0.06111649,-3.494354,-0.342586,0.323726,-0.8819503,0.0,0.0,0.0,0.0,0.0,0.0,0.0,0.3200931,0.337089,-3.510764,0.3844391,0.06003291,-3.519964,-0.02707818,0.9981592,0.05366633,0.008068223,353.8246,179.2392,356.9331,0.07469899,0.01705312,-0.9970599,0.1984152,0.007678813,-0.1522627,-0.1909698,0.6331075,-5.391941,0.5796002,0.4007998,1.915001,-0.9984037,-0.05319068,-0.01901311,-0.05492265,0.9927734,0.1066981,0.01320037,0.107572,-0.9941099,static,20.635864732170447,15.179876941976374,16.83912877359735,11.821076648335678,-0.5754089,0.57307459,-1.8719770000000002,0.34158842574344295,0.24609985291465636,0.9070569066688102,20.031418263500374,14.286890263969136,4.714589460077937,5.069195532989708,4.033726437723394
05/05/2023 11:40:03.112295,938,True,True,True,True,Eyes,0.3190895,0.06110278,-3.496005,-0.33927,0.3239026,-0.8831665,0.0,0.0,0.0,0.0,0.0,0.0,0.0,0.2973476,0.3394288,-3.517095,0.39152,0.05991983,-3.523735,-0.02673637,0.9981075,0.05399576,0.01228848,353.7744,178.7525,356.999,0.07623897,0.01708962,-0.9969428,0.1865103,0.007218084,-0.1431269,-0.1675527,0.6353154,-5.399944,0.5795997,0.4008,1.915,-0.9982682,-0.05204449,-0.02741776,-0.0546986,0.9927392,0.1071301,0.02164315,0.1084442,-0.9938668,static,20.913824033030515,15.168590362809258,16.839123364851268,11.821088380307142,-0.5590727,0.57539557,-1.8762089999999998,0.3460395847248127,0.24549474417161568,0.9055324567880499,20.30268246326399,14.274065326963084,4.909405882901415,5.273419673998647,4.244212238922915
05/05/2023 11:40:03.132551,939,True,True,True,True,Eyes,0.3222112,0.06106742,-3.49773,-0.3358247,0.3240457,-0.8844298,0.0,0.0,0.0,0.0,0.0,0.0,0.0,0.274763,0.337486,-3.523627,0.3986239,0.05935604,-3.527452,-0.02652272,0.998072,0.05363957,0.01648618,353.803,178.2671,357.0494,0.07770357,0.01712111,-0.9968292,0.1753196,0.006784999,-0.1345393,-0.1442024,0.6343432,-5.408551,0.5795999,0.4007999,1.915001,-0.9980496,-0.05117454,-0.03575412,-0.05471179,0.9928387,0.1061978,0.03006345,0.1079468,-0.9937021,static,21.18180474738067,15.23734077123087,16.83912055099295,11.821079514720736,-0.5428263,0.57498716,-1.8810990000000003,0.3502087936055339,0.24617420103239984,0.9037433150923089,20.562062092369086,14.339181291056185,5.145627149180693,5.525373019289094,4.494566750698878
05/05/2023 11:40:03.142473,940,True,True,True,True,Eyes,0.3255041,0.06103861,-3.499535,-0.3321749,0.3241649,-0.8857635,0.0,0.0,0.0,0.0,0.0,0.0,0.0,0.2506316,0.3287051,-3.530542,0.4062185,0.05879696,-3.530881,-0.02637389,0.9980617,0.05231627,0.02098257,353.9419,177.7452,357.0919,0.07910568,0.01714744,-0.9967184,0.1648005,0.006377899,-0.126467,-0.119122,0.629707,-5.418176,0.5795997,0.4007999,1.915,-0.9977282,-0.05045009,-0.04464336,-0.05484101,0.9931348,0.1033229,0.03912422,0.1055365,-0.9936455,static,21.475695123180923,15.421469014934882,16.839123364851268,11.821085513920774,-0.5253405,0.57091004,-1.887295,0.35460961732474816,0.24863656808817908,0.9013500434483808,20.843589144412338,14.516386253429404,5.463197167612227,5.870311663320335,4.827047985681457
05/05/2023 11:40:03.168019,941,True,True,True,True,Eyes,0.3289603,0.06099352,-3.501428,-0.3283849,0.3244392,-0.8870752,0.0,0.0,0.0,0.0,0.0,0.0,0.0,0.2242729,0.3253405,-3.537103,0.4135431,0.05893022,-3.534509,-0.02655331,0.9979715,0.05183474,0.02571015,353.9829,177.201,357.0989,0.08045566,0.01716927,-0.99661,0.1549124,0.005995225,-0.118879,-0.0937849,0.628577,-5.427105,0.5796,0.4008,1.915,-0.9972679,-0.05033354,-0.05406877,-0.05566426,0.9932162,0.1020938,0.04856323,0.1048246,-0.9933044,static,21.770731537129034,15.534499601035497,16.839131587459715,11.821088380307142,-0.507328,0.56964678,-1.8925960000000002,0.3591205776141898,0.24995267569554744,0.8991973744102997,21.1281496878724,14.6244067146166,5.745009714978585,6.173337910548044,5.123892070403435
05/05/2023 11:40:03.183771,942,True,True,True,True,Eyes,0.3325836,0.06092855,-3.503404,-0.324369,0.3246941,-0.8884584,0.0,0.0,0.0,0.0,0.0,0.0,0.0,0.1970291,0.3316385,-3.542924,0.4211159,0.05845873,-3.538413,-0.02664646,0.9977905,0.05264033,0.03054683,353.8763,176.647,357.1199,0.08176277,0.01718653,-0.9965034,0.1456177,0.005635512,-0.1117462,-0.06781708,0.6317964,-5.434733,0.5795997,0.4007999,1.915,-0.9967136,-0.04995917,-0.06376401,-0.05639115,0.9930379,0.1034201,0.05815331,0.106676,-0.9925917,static,22.05808264279878,15.494081031156085,16.839123364851268,11.821085513920774,-0.48893297999999996,0.57333767,-1.8963199999999998,0.3637332676386336,0.2488406333828015,0.897650424417511,21.409354398141826,14.583174528097615,5.947515570426767,6.381883108809272,5.340051256297871
05/05/2023 11:40:03.192688,943,True,True,True,True,Eyes,0.336386,0.06084485,-3.505454,-0.3201137,0.3250222,-0.8898808,0.0,0.0,0.0,0.0,0.0,0.0,0.0,0.1682956,0.3285682,-3.549447,0.4286607,0.05791356,-3.54228,-0.02642179,0.9976543,0.05214563,0.03561943,353.9193,176.0605,357.1752,0.08303584,0.01719908,-0.9963979,0.1368806,0.005297381,-0.1050414,-0.04045251,0.6304249,-5.443849,0.5795999,0.4008,1.915,-0.9960664,-0.04900483,-0.07382732,-0.05643443,0.9931654,0.1021644,0.0683162,0.1059289,-0.9920243,static,22.377587262319814,15.598084699744621,16.83912884659031,11.821088380307142,-0.46911321,0.5725113399999999,-1.9015690000000003,0.36862431386597905,0.2499521504994861,0.8953435582594477,21.718010316339395,14.682249681008493,6.248188900465188,6.703746923908244,5.655946285502723
05/05/2023 11:40:03.212490,944,True,True,True,True,Eyes,0.3403349,0.06073216,-3.507591,-0.3156258,0.3254063,-0.8913423,0.0,0.0,0.0,0.0,0.0,0.0,0.0,0.13754,0.3261933,-3.555658,0.4363622,0.05733066,-3.54603,-0.02584009,0.9974821,0.05178045,0.0409934,353.9487,175.4374,357.2734,0.08428346,0.01720682,-0.996293,0.1286678,0.004979538,-0.09873896,-0.0113934,0.6299051,-5.452722,0.5795997,0.4008,1.915,-0.9953035,-0.04730474,-0.0844564,-0.05579537,0.9933022,0.1011816,0.07910436,0.1054187,-0.9912766,static,22.728405865585636,15.680134127793119,16.839123364851268,11.821088380307142,-0.4477556,0.57257444,-1.9066919999999996,0.374029809676678,0.2506497911535122,0.8929033459129541,22.0577834366185,14.759756046464522,6.565331383619113,7.041014305811745,5.989171945834953
05/05/2023 11:40:03.232135,945,True,True,True,True,Eyes,0.3444485,0.06057899,-3.509807,-0.3109658,0.325785,-0.8928407,0.0,0.0,0.0,0.0,0.0,0.0,0.0,0.1067576,0.3297642,-3.561428,0.4437328,0.05649592,-3.550185,-0.02517254,0.997245,0.05221582,0.046286,353.8879,174.8248,357.3846,0.08551186,0.01720936,-0.9961883,0.1209477,0.004680766,-0.09281462,0.01704364,0.6322025,-5.460761,0.5796001,0.4007999,1.915001,-0.9944481,-0.04537266,-0.09494577,-0.05504011,0.9932797,0.1018137,0.08968814,0.1064742,-0.9902624,static,23.056953536035444,15.662727496068518,16.839126032729293,11.821079514720736,-0.42668916,0.57570658,-1.9105759999999998,0.3792289976374775,0.24980784934406916,0.8909441712745502,22.378527092211048,14.740640920447861,6.8244706437466345,7.308873926499476,6.261693293319222
05/05/2023 11:40:03.242379,946,True,True,True,True,Eyes,0.3487033,0.06040911,-3.512106,-0.3060886,0.3260722,-0.8944198,0.0,0.0,0.0,0.0,0.0,0.0,0.0,0.07581598,0.3217261,-3.567885,0.451468,0.05534701,-3.554177,-0.02482199,0.9970552,0.05095075,0.05166112,354.0209,174.201,357.4509,0.08672658,0.01720602,-0.9960833,0.1136909,0.00439992,-0.08724575,0.04616307,0.6274125,-5.470494,0.5795999,0.4008,1.915,-0.99343,-0.04423345,-0.1055474,-0.05476215,0.9935758,0.09903676,0.1004886,0.1041661,-0.9894703,static,23.383457190652365,15.849036259570775,16.83912884659031,11.821088380307142,-0.40530493,0.5720654900000001,-1.9163170000000003,0.3840579579587561,0.25215907299440615,0.8882090835664723,22.691787413957623,14.919751220921148,7.1693947313235995,7.684568796813417,6.622335215464412
05/05/2023 11:40:03.262210,947,True,True,True,True,Eyes,0.3531286,0.06020544,-3.514488,-0.3011455,0.3265113,-0.8959363,0.0,0.0,0.0,0.0,0.0,0.0,0.0,0.04224232,0.314242,-3.574258,0.4590098,0.0548025,-3.558393,-0.02561851,0.9967857,0.04977348,0.05731129,354.1362,173.5526,357.3861,0.08793283,0.01719689,-0.9959777,0.1068694,0.004135925,-0.082011,0.07513486,0.6224387,-5.480432,0.5795999,0.4008,1.915001,-0.9921182,-0.04536717,-0.1168044,-0.0567775,0.9937326,0.09629053,0.1117039,0.1021635,-0.988476,static,23.698679302434275,16.085402582957915,16.83912055099295,11.821082381105734,-0.38387494,0.5676362,-1.9220390000000003,0.38860833852012083,0.255293028558215,0.8853299518585347,22.992701061046027,15.147641551905886,7.525114603328352,8.07700272677928,6.995180413008638
05/05/2023 11:40:03.282291,948,True,True,True,True,Eyes,0.3576856,0.05996685,-3.516961,-0.2959842,0.3269595,-0.8974915,0.0,0.0,0.0,0.0,0.0,0.0,0.0,0.008396029,0.3200684,-3.579323,0.466982,0.05374923,-3.562738,-0.02679206,0.9963831,0.0503677,0.06297791,354.0451,172.9077,357.2888,0.08913596,0.01718155,-0.9958709,0.1004573,0.003887769,-0.07709034,0.1040349,0.6233452,-5.488259,0.5795999,0.4007999,1.915,-0.9906321,-0.0470462,-0.1281991,-0.05973441,0.9934905,0.09699643,0.1228013,0.1037457,-0.9869938,static,23.977014091447916,16.12874561111579,16.83912884659031,11.821085513920774,-0.3629471,0.5695959700000001,-1.9255210000000003,0.39288683164692045,0.2554581608345252,0.8833918832792309,23.262858849239013,15.187967872557591,7.770994799916035,8.336986342901259,7.252599807229744
05/05/2023 11:40:03.292311,949,True,True,True,True,Eyes,0.4746404,0.05319361,-3.581074,-0.1604053,0.3394016,-0.9268638,0.0,0.0,0.0,0.0,0.0,0.0,0.0,-0.02615431,0.3220775,-3.584576,0.474596,0.05267002,-3.567293,-0.02721031,0.9959871,0.0504821,0.06871073,354.0133,172.2496,357.276,0.09033936,0.01715959,-0.9957629,0.09442981,0.003654503,-0.07246492,0.1336675,0.6231702,-5.496568,0.5795999,0.4007999,1.915001,-0.989077,-0.0472649,-0.1396172,-0.06113954,0.9934224,0.09681975,0.1341227,0.1042983,-0.9854609,static,16.349165922938607,15.504703577168922,16.83912055099295,11.821079514720736,-0.3409285,0.57050018,-1.929275,0.27201754270059114,0.2572375266275293,0.9272729487366563,15.843907962586162,14.631368493831282,3.6102716276131424,3.7160653615079404,2.981303782279412
05/05/2023 11:40:03.312327,950,True,True,True,True,Eyes,0.4749482,0.05314117,-3.581274,-0.1599216,0.3395776,-0.926883,0.0,0.0,0.0,0.0,0.0,0.0,0.0,-0.06359804,0.3318443,-3.588846,0.4825252,0.05159803,-3.571901,-0.02731375,0.9954786,0.05170776,0.07485247,353.8555,171.5441,357.3113,0.09453495,0.0169128,-0.9953776,0.4396284,-0.01688448,-0.2604543,0.1653661,0.6276002,-5.503594,0.5796003,0.4007999,1.915002,-0.9873024,-0.0466396,-0.1518527,-0.06212142,0.9931605,0.09885892,0.1462034,0.1070369,-0.9834472,static,17.00866422176886,15.452261950261118,16.839123218871126,11.821073515526699,-0.3171591,0.5760021700000001,-1.9316929999999997,0.2828028541000486,0.25555898373735514,0.9245064152299416,16.48821286405199,14.575970186646753,3.4830321319254764,3.6351442337564226,2.777155693451062
05/05/2023 11:40:03.332377,951,True,True,True,True,Eyes,0.4755788,0.05304028,-3.581671,-0.1590686,0.3398004,-0.9269482,0.0,0.0,0.0,0.0,0.0,0.0,0.0,-0.1027593,0.3471044,-3.592397,0.4901037,0.05023395,-3.576818,-0.02670216,0.9948946,0.05369721,0.08116775,353.6166,170.8147,357.4385,0.09823358,0.01669336,-0.9950232,0.4132507,-0.01587141,-0.244827,0.1979723,0.6353197,-5.509727,0.5795996,0.4008,1.915,-0.9853975,-0.0444147,-0.1643744,-0.06184863,0.9928072,0.1025114,0.158639,0.1111808,-0.9810567,static,17.688361698025897,15.297639084168681,16.839120623981625,11.821088380307142,-0.2921314,0.5850857500000001,-1.932909,0.29402022852413845,0.25217167390757006,0.9219336467049175,17.154962420913172,14.42101719292261,3.3812577922579203,3.578772862080525,2.6190429304150453
05/05/2023 11:40:03.342714,952,True,True,True,True,Eyes,0.476485,0.05290949,-3.582264,-0.1577286,0.3401176,-0.9270608,0.0,0.0,0.0,0.0,0.0,0.0,0.0,-0.143103,0.3493006,-3.596914,0.497908,0.04889541,-3.581896,-0.02543207,0.9943604,0.05389849,0.08772429,353.5895,170.0495,357.6284,0.101577,0.01649267,-0.9946907,0.3884556,-0.01491912,-0.2301374,0.2327565,0.6368263,-5.517828,0.5795997,0.4008,1.915,-0.9833152,-0.04112087,-0.1772006,-0.06003369,0.9928963,0.102727,0.1717176,0.1116511,-0.9787987,static,18.39496859885421,15.341732856295708,16.839123364851268,11.821088380307142,-0.2651515,0.58793089,-1.9359319999999998,0.30538676571570544,0.2519363457025022,0.9182957154556097,17.8425877385641,14.45923391054225,3.599338917704477,3.8491027420008517,2.8225436379284496
05/05/2023 11:40:03.362605,953,True,True,True,True,Eyes,0.4776517,0.05272406,-3.583054,-0.1560304,0.3404971,-0.9272088,0.0,0.0,0.0,0.0,0.0,0.0,0.0,-0.1839418,0.3554277,-3.600675,0.5053018,0.04800444,-3.587115,-0.02413507,0.9937509,0.05469762,0.09425942,353.4966,169.2866,357.8279,0.1046077,0.016308,-0.9943796,0.3651483,-0.01402398,-0.2163292,0.2670195,0.6410091,-5.524992,0.5795997,0.4007999,1.915,-0.9810652,-0.03765697,-0.189981,-0.05828002,0.9928513,0.1041617,0.1847005,0.1132615,-0.9762466,static,19.076667777977807,15.316315794316745,16.839123364851268,11.821085513920774,-0.2382823,0.59300466,-1.9378770000000003,0.3164060058948647,0.2505768114748775,0.9149308283224216,18.50780607914544,14.429982855457093,3.859145330743052,4.15008912117688,3.096909320541922
05/05/2023 11:40:03.382414,954,True,True,True,True,Eyes,0.4790666,0.05255916,-3.584028,-0.153841,0.3406999,-0.9275001,0.0,0.0,0.0,0.0,0.0,0.0,0.0,-0.224311,0.3607448,-3.604249,0.5128672,0.04645794,-3.592474,-0.02254031,0.9931193,0.0552886,0.1007433,353.4334,168.5266,358.06,0.1073633,0.01613618,-0.9940886,0.3432394,-0.01318254,-0.2033494,0.3016315,0.6439035,-5.532124,0.5796002,0.4008,1.915002,-0.9786856,-0.03363052,-0.2025928,-0.05591035,0.9928702,0.1052748,0.1976079,0.1143579,-0.9735882,static,19.73461338578751,15.291456449773023,16.839120478004347,11.821076381910325,-0.21123569999999997,0.5974455599999999,-1.9396499999999994,0.3270087498764164,0.24922971962524465,0.9115644436905187,19.149853956320115,14.401431971274478,4.195460665837692,4.519670009463225,3.463773112571335
05/05/2023 11:40:03.392108,955,True,True,True,True,Eyes,0.4807456,0.05257181,-3.585188,-0.1513301,0.3407639,-0.9278896,0.0,0.0,0.0,0.0,0.0,0.0,0.0,-0.2667551,0.3392089,-3.609789,0.5200996,0.04680368,-3.597791,-0.02105044,0.9925981,0.05242014,0.1075084,353.7659,167.7326,358.2408,0.1098777,0.01597642,-0.9938165,0.322645,-0.01239159,-0.1911484,0.3376281,0.6353083,-5.543086,0.5795999,0.4008,1.915001,-0.9759976,-0.03051805,-0.2156322,-0.05306047,0.9936181,0.09953807,0.2112183,0.1085905,-0.9713882,static,20.41672370047376,15.669898194618602,16.83912055099295,11.821082381105734,-0.1824715,0.58850462,-1.9452949999999998,0.33738124421602184,0.2542584638356374,0.9063809762547814,19.804587779127722,14.765126449342667,4.870147922175404,5.254771875307409,4.178682969173709
05/05/2023 11:40:03.413190,956,True,True,True,True,Eyes,0.4826699,0.05265167,-3.586594,-0.1487206,0.3415519,-0.9280218,0.0,0.0,0.0,0.0,0.0,0.0,0.0,-0.3101103,0.3286437,-3.614003,0.5277212,0.05109993,-3.603344,-0.02310121,0.9918478,0.05148994,0.1142511,353.8334,166.9639,358.0367,0.1121815,0.01583237,-0.9935614,0.3032863,-0.01164809,-0.1796795,0.3702474,0.6353131,-5.552113,0.5795999,0.4008001,1.915,-0.9728261,-0.0340602,-0.2290183,-0.05759132,0.9936302,0.09686168,0.2242604,0.107419,-0.968591,static,20.95868347659235,15.961665887311135,16.83912884659031,11.82109124669345,-0.1574738,0.58421317,-1.9487690000000004,0.3455799299852855,0.258051575151749,0.9022105491991748,20.325036348943406,15.045417840788017,5.407506573047117,5.8408123325525105,4.748455864841441
05/05/2023 11:40:03.432123,957,True,True,True,True,Eyes,0.4848301,0.05269933,-3.588174,-0.1459038,0.3422413,-0.9282149,0.0,0.0,0.0,0.0,0.0,0.0,0.0,-0.3403006,0.4051107,-3.611951,0.5354595,0.05266473,-3.610625,-0.0272371,0.9906049,0.06204975,0.1187849,352.5648,166.4718,357.7332,0.1143015,0.0157042,-0.9933217,0.2850891,-0.0109492,-0.1688988,0.3897383,0.6748604,-5.548521,0.5795999,0.4008,1.915,-0.9702967,-0.03922126,-0.2387179,-0.06870355,0.9908159,0.1164629,0.2319576,0.1294043,-0.9640801,static,21.121781465536078,14.90788142328038,16.83912884659031,11.821088380307142,-0.1457212,0.62219567,-1.9378959999999998,0.34972836029862175,0.2410196773120548,0.9053173565183485,20.51243025517326,14.019020574804877,4.931446493647266,5.279148107858978,4.280659898883246
05/05/2023 11:40:03.442373,958,True,True,True,True,Eyes,0.4872276,0.05282339,-3.589938,-0.1428675,0.34281,-0.9284774,0.0,0.0,0.0,0.0,0.0,0.0,0.0,-0.368134,0.4034615,-3.616208,0.5437384,0.05193713,-3.616202,-0.02702564,0.9900551,0.06168398,0.123514,352.5988,165.9207,357.788,0.116262,0.01558938,-0.993096,0.2679838,-0.01029225,-0.1587649,0.4170834,0.6736016,-5.555607,0.5795997,0.4008,1.915,-0.9680278,-0.03827608,-0.2479054,-0.06875141,0.9909294,0.115465,0.2412372,0.1288172,-0.9618788,static,21.485676889964438,15.024732101470239,16.839123364851268,11.821088380307142,-0.12665499999999996,0.62166447,-1.9394050000000003,0.35535285779877435,0.24231623026697674,0.9027775429032643,20.864012902144104,14.13030129035642,5.27377213291684,5.643916437536027,4.640280169488432
05/05/2023 11:40:03.467913,959,True,True,True,True,Eyes,0.4898837,0.05291532,-3.591861,-0.1395577,0.3433059,-0.9287974,0.0,0.0,0.0,0.0,0.0,0.0,0.0,-0.397114,0.3932644,-3.621588,0.5517396,0.053934,-3.622281,-0.0285881,0.9894809,0.06047512,0.1282701,352.703,165.3788,357.6275,0.1180845,0.01548861,-0.9928825,0.2519048,-0.009674718,-0.149239,0.4427515,0.6705765,-5.564363,0.5796002,0.4007999,1.915002,-0.9654592,-0.04106046,-0.2572993,-0.07208905,0.991051,0.1123439,0.2503839,0.127012,-0.9597794,static,21.778323815762025,15.282801869343261,16.839120478004347,11.821073515526699,-0.10898809999999998,0.6166425,-1.942082,0.35961988039952497,0.2459494698062933,0.9001012736210825,21.142334852451807,14.379458437284201,5.627182239192245,6.031524915585952,5.006294773615252
05/05/2023 11:40:03.482354,960,True,True,True,True,Eyes,0.4927533,0.05303297,-3.593904,-0.1358964,0.3431446,-0.9293998,0.0,0.0,0.0,0.0,0.0,0.0,0.0,-0.4285122,0.4035275,-3.623921,0.5602526,0.05321994,-3.628021,-0.02889551,0.9887134,0.061747,0.1334101,352.5414,164.7839,357.6496,0.11979,0.01539948,-0.9926795,0.2367905,-0.009094235,-0.1402846,0.4711083,0.6753122,-5.569376,0.5795999,0.4007999,1.915001,-0.9627336,-0.04066341,-0.2673773,-0.07361411,0.9907047,0.1143903,0.2602404,0.1298101,-0.9567783,static,22.13138865101217,15.173432528490876,16.83912055099295,11.821079514720736,-0.08914430000000001,0.6220922600000001,-1.9413550000000002,0.36537883077524325,0.24364458197339997,0.898407292923696,21.489456996876452,14.270702459047312,5.860059006683274,6.264692520101429,5.2560709307698295
05/05/2023 11:40:03.492579,961,True,True,True,True,Eyes,0.4958796,0.05325342,-3.596067,-0.1318836,0.342772,-0.9301151,0.0,0.0,0.0,0.0,0.0,0.0,0.0,-0.4602665,0.3353402,-3.633023,0.5681272,0.05409785,-3.632831,-0.02796506,0.9885244,0.05256818,0.1388312,353.587,164.1425,357.6532,0.1213944,0.01532152,-0.9924858,0.222583,-0.00854858,-0.1318675,0.5037582,0.6423659,-5.585675,0.5796,0.4007999,1.915001,-0.9598877,-0.04069206,-0.2774163,-0.06988449,0.9929091,0.09616501,0.271536,0.1116947,-0.955925,static,22.57475530642534,16.26405442931452,16.839123291861164,11.821079514720736,-0.06436900000000001,0.58826805,-1.9528440000000002,0.37067432685632734,0.26011352608436394,0.8915949327685401,21.892263422074063,15.328920230999476,6.724854109961845,7.255170618131814,6.151355270698562
05/05/2023 11:40:03.512605,962,True,True,True,True,Eyes,0.4992049,0.05351739,-3.598341,-0.1277027,0.3424318,-0.9308235,0.0,0.0,0.0,0.0,0.0,0.0,0.0,-0.489538,0.3167717,-3.637419,0.5765699,0.0568043,-3.638015,-0.02836126,0.987923,0.05038821,0.1437522,353.8165,163.5714,357.6047,0.1229149,0.01525638,-0.9922997,0.2092281,-0.008035665,-0.1239555,0.5320392,0.6371126,-5.593791,0.5795996,0.4008,1.914999,-0.9570618,-0.04155065,-0.2868903,-0.07052431,0.9933133,0.09140535,0.281174,0.1077133,-0.9535926,static,22.882177453691384,16.55033627070276,16.839128919583352,11.821094379514554,-0.04453069999999992,0.5803083,-1.9557760000000002,0.37503543744342127,0.2640659556320311,0.8886042410030145,22.18422813146558,15.60542930006693,7.101636343059223,7.673601791268207,6.5491431787506516
05/05/2023 11:40:03.532363,963,True,True,True,True,Eyes,0.5027746,0.05380762,-3.600715,-0.1231243,0.3419334,-0.9316233,0.0,0.0,0.0,0.0,0.0,0.0,0.0,-0.5169004,0.3166609,-3.639819,0.5845813,0.05811679,-3.642888,-0.02922923,0.9872215,0.05053208,0.1482758,353.7746,163.0506,357.5367,0.1243645,0.01520391,-0.9921199,0.1966744,-0.007553525,-0.1165182,0.5573034,0.639085,-5.598785,0.5795998,0.4008,1.915,-0.9543198,-0.04272609,-0.2957162,-0.07269683,0.9931843,0.09110474,0.2898081,0.1084407,-0.9509215,static,23.095738846608896,16.55037268795353,16.83912610572083,11.821088380307142,-0.027277899999999966,0.58096821,-1.9558970000000002,0.37838658273586057,0.26367832902021027,0.8872977793275082,22.392410839756057,15.604048511781217,7.262231391329846,7.842916106397751,6.719357014892947
05/05/2023 11:40:03.542584,964,True,True,True,True,Eyes,0.5065365,0.05413244,-3.603173,-0.118386,0.3414013,-0.9324323,0.0,0.0,0.0,0.0,0.0,0.0,0.0,-0.5427098,0.291766,-3.644477,0.5931299,0.05904889,-3.647819,-0.02919647,0.9867012,0.04726596,0.1527557,354.1344,162.5268,357.5124,0.1257563,0.0151635,-0.991945,0.1848739,-0.007100314,-0.1095271,0.5846751,0.6280526,-5.607401,0.5795997,0.4008,1.914998,-0.9516264,-0.0431761,-0.3042084,-0.07205667,0.993827,0.0843549,0.2986884,0.1021946,-0.9488632,moving,23.34052660607397,16.929916204425524,16.839139956065036,11.821100378727968,-0.008454799999999985,0.5690037099999999,-1.9595820000000002,0.38157266257812156,0.2691690950590096,0.8842795870985246,22.620804658207813,15.97171507894772,7.637417648436637,8.268496085372005,7.117250109254559
05/05/2023 11:40:03.562249,965,True,True,True,True,Eyes,0.5104829,0.05445804,-3.605695,-0.1131751,0.340841,-0.9332839,0.0,0.0,0.0,0.0,0.0,0.0,0.0,-0.5693828,0.2839895,-3.646846,0.601416,0.06022054,-3.65226,-0.02964341,0.9860238,0.04636865,0.1572525,354.2168,162.0051,357.4725,0.1271014,0.01513483,-0.991774,0.1737815,-0.006674295,-0.1029554,0.6149942,0.6234378,-5.611667,0.5754229,0.397911,1.915002,-0.9487862,-0.04387504,-0.3128584,-0.07304138,0.9939424,0.08211819,0.3073603,0.1007642,-0.9462436,moving,23.53347258902823,17.032236710634187,16.724557111567915,11.738241560417679,0.013578200000000096,0.56321726,-1.9594069999999997,0.3844102689602087,0.27040322458871213,0.8826725722430637,22.806134187610628,16.069991808636704,7.967041103221042,8.624831281231797,7.466568150415144
05/05/2023 11:40:03.582361,966,True,True,True,True,Eyes,0.5146158,0.05476688,-3.608269,-0.1077293,0.3402564,-0.9341413,0.0,0.0,0.0,0.0,0.0,0.0,0.0,-0.5992087,0.2707614,-3.648493,0.6101933,0.06050829,-3.65621,-0.02986095,0.985284,0.04463791,0.1622689,354.396,161.4206,357.4455,0.1284084,0.01511672,-0.9916059,0.1633546,-0.006273837,-0.09677812,0.64777,0.6152757,-5.616146,0.5717993,0.3954056,1.915001,-0.9455541,-0.04435634,-0.3224277,-0.07332972,0.9942316,0.07827105,0.317096,0.09765305,-0.9433524,moving,23.784187492393208,17.23453798573794,16.625075631699676,11.66637110145403,0.03757669999999991,0.55476741,-1.9599359999999995,0.38796446433210185,0.27307720805037,0.8802910888132744,23.04508314959642,16.26516516038208,8.372419654302554,9.069584614807823,7.897176921298054
05/05/2023 11:40:03.592513,967,True,True,True,True,Eyes,0.5189686,0.05504668,-3.610904,-0.1016814,0.339757,-0.9350006,0.0,0.0,0.0,0.0,0.0,0.0,0.0,-0.6325186,0.2627039,-3.648652,0.6186878,0.06041936,-3.659963,-0.02917768,0.9844381,0.04357848,0.1677244,354.5148,160.7802,357.534,0.1296854,0.01510761,-0.9914399,0.1535533,-0.005897407,-0.09097143,0.6828455,0.6097481,-5.619097,0.5679785,0.3927636,1.915,-0.9420345,-0.04282887,-0.3327716,-0.07206557,0.9944991,0.07601302,0.3276855,0.09558825,-0.939939,moving,24.079815250392087,17.340252839818806,16.520067882343294,11.590541356114658,0.06415769999999998,0.54932874,-1.9591340000000002,0.392377542683941,0.2741435839574886,0.8780006876578034,23.33041732906441,16.36606360804453,8.769196066686925,9.497839881497267,8.317840607100617
05/05/2023 11:40:03.612574,968,True,True,True,True,Eyes,0.5234987,0.0552858,-3.613561,-0.09527624,0.3393091,-0.9358374,0.0,0.0,0.0,0.0,0.0,0.0,0.0,-0.670327,0.2555046,-3.64789,0.6287389,0.06010574,-3.663713,-0.02766008,0.9834364,0.04260803,0.1739897,354.639,160.0408,357.7218,0.1309422,0.01510574,-0.9912747,0.1443401,-0.005543563,-0.08551314,0.7234018,0.6048175,-5.621278,0.5641786,0.3901358,1.915001,-0.9379252,-0.03957715,-0.3445728,-0.06923059,0.994839,0.07417943,0.3398586,0.09342972,-0.9358245,moving,24.477811977850013,17.429457862045926,16.41550489685887,11.515066563753907,0.0946629,0.54471176,-1.9575650000000002,0.39839706723269663,0.2747340525530966,0.8751004763330016,23.71598771178256,16.45021939458776,9.236200955662392,9.999040948886663,8.812081637994709
05/05/2023 11:40:03.632194,969,True,True,True,True,Eyes,0.5282667,0.0555243,-3.61624,-0.08829305,0.3391517,-0.9365791,0.0,0.0,0.0,0.0,0.0,0.0,0.0,-0.7166824,0.253736,-3.643778,0.6373644,0.0593412,-3.666794,-0.02594894,0.9821864,0.04234393,0.1812282,354.6877,159.1864,357.9496,0.1321848,0.01510924,-0.9911097,0.1356797,-0.005210949,-0.08038235,0.7664953,0.6021979,-5.621238,0.5602621,0.3874279,1.915,-0.932966,-0.03562556,-0.3581974,-0.06632122,0.9950673,0.07377389,0.3538022,0.09258461,-0.9307267,moving,24.957692569753938,17.460697434252207,16.307632096023326,11.437260654967437,0.12913089999999994,0.5428567,-1.954444,0.4057720084748082,0.2742393768580467,0.8718611071534462,24.182942392408684,16.47743270227574,9.746905590375508,10.54065163228712,9.350072006718515
05/05/2023 11:40:03.652312,970,True,True,True,True,Eyes,0.6523307,0.06203856,-3.68361,0.09648978,0.3361303,-0.9368598,0.0,0.0,0.0,0.0,0.0,0.0,0.0,-0.7699005,0.2556891,-3.637892,0.6470194,0.05949306,-3.670177,-0.02490965,0.9806424,0.04271196,0.1894624,354.6517,158.2179,358.1196,0.1334196,0.01511754,-0.9909441,0.1275389,-0.004898292,-0.07555941,0.8137618,0.6026785,-5.620042,0.556388,0.3847484,1.915001,-0.9269673,-0.03267029,-0.3737176,-0.06503954,0.9951104,0.07433141,0.3694619,0.09320918,-0.9245596,moving,14.980320295421834,15.48769576065153,16.200794023181615,11.360217080478414,0.16674239999999996,0.54318544,-1.949865,0.2496965699221746,0.25857299764336683,0.9331622414871933,14.509989739815492,14.623897587502663,4.235590456008096,4.304141769904363,3.6756536257622656
05/05/2023 11:40:03.662748,971,True,True,True,True,Eyes,0.6527209,0.06204783,-3.68372,0.09720415,0.3367116,-0.9365771,0.0,0.0,0.0,0.0,0.0,0.0,0.0,-0.8256145,0.2753822,-3.628973,0.6564718,0.06022271,-3.673191,-0.02505018,0.9788357,0.04556719,0.1979317,354.3114,157.2253,358.2147,0.1380294,0.015276,-0.9903101,0.4920785,0.01493837,-0.2731364,0.8601719,0.6127834,-5.615183,0.5523124,0.3819298,1.915002,-0.9203914,-0.03100165,-0.389768,-0.0670784,0.9945922,0.07928914,0.3852022,0.09912203,-0.9174936,moving,15.910893026959645,15.28036730900095,16.088274539203756,11.279129407581603,0.20370009999999994,0.55256069,-1.941992,0.26514343173396515,0.2541100704163093,0.9301220593650852,15.422717832069676,14.415999222262394,3.8766397262210153,4.005167779836532,3.206698920177362
05/05/2023 11:40:03.682321,972,True,True,True,True,Eyes,0.6534744,0.06204562,-3.683931,0.09858441,0.3374754,-0.9361578,0.0,0.0,0.0,0.0,0.0,0.0,0.0,-0.8819363,0.3143144,-3.617128,0.6655934,0.0603015,-3.67608,-0.02517522,0.9768192,0.05092114,0.2063923,353.692,156.2284,358.3763,0.141896,0.01541231,-0.9897614,0.4625538,0.01404207,-0.2567482,0.9054947,0.6318642,-5.606652,0.5481311,0.3790386,1.915001,-0.9135371,-0.0281638,-0.4057798,-0.07020272,0.9935464,0.08908956,0.400652,0.1098734,-0.9096188,moving,16.805180448466587,14.78579155516949,15.972720432787884,11.195917170475026,0.23990129999999998,0.5715627,-1.9305720000000006,0.2803087536189097,0.24497475205088518,0.9281240927285901,16.30781656045499,13.928854379429307,3.501952539272167,3.6851306320928767,2.753404293391057
05/05/2023 11:40:03.692493,973,True,True,True,True,Eyes,0.6545485,0.06205473,-3.684228,0.1005742,0.3381722,-0.9356946,0.0,0.0,0.0,0.0,0.0,0.0,0.0,-0.9402979,0.3312569,-3.605223,0.6748786,0.05995928,-3.67865,-0.02411705,0.974806,0.05323555,0.2152619,353.4442,155.1746,358.61,0.1451774,0.01552997,-0.9892836,0.4348005,0.01319955,-0.2413433,0.953779,0.6395189,-5.600113,0.5446324,0.376619,1.915002,-0.9061613,-0.02409971,-0.422245,-0.06993807,0.9931687,0.09340571,0.4171095,0.1141716,-0.9016566,moving,17.747521593501588,14.639678620389411,15.875913390212183,11.126230873740926,0.27890040000000005,0.57955962,-1.9214630000000001,0.2958059810715035,0.24142887135639943,0.9242353123883229,17.23036676894772,13.780439706513262,3.736739702781196,3.980858241014054,2.979826921674277
05/05/2023 11:40:03.712416,974,True,True,True,True,Eyes,0.6559309,0.06208961,-3.684604,0.1030787,0.3388718,-0.9351689,0.0,0.0,0.0,0.0,0.0,0.0,0.0,-0.997047,0.3315471,-3.593887,0.6835456,0.06019861,-3.680922,-0.02294533,0.9728801,0.05337803,0.2238944,353.4462,154.1482,358.8036,0.1481558,0.01563575,-0.9888402,0.4087125,0.01240757,-0.2268627,1.001475,0.6389893,-5.594938,0.5407929,0.3739641,1.915001,-0.8986898,-0.02074403,-0.4380943,-0.0685482,0.9932486,0.09358619,0.4331952,0.1141355,-0.8940444,moving,18.63415467534529,14.746387172891584,15.769585974879947,11.049741277778796,0.3179293999999999,0.5787906899999999,-1.9140160000000002,0.3100268642487496,0.24199920049949472,0.9194128110690176,18.091797346098204,13.87838578484231,4.37330408008796,4.6766381850149505,3.65976712373287
05/05/2023 11:40:03.732752,975,True,True,True,True,Eyes,0.6576156,0.06214532,-3.685028,0.1058307,0.3393014,-0.9347056,0.0,0.0,0.0,0.0,0.0,0.0,0.0,-1.045447,0.3308032,-3.584138,0.6921654,0.06083605,-3.683155,-0.02227076,0.9711422,0.05341814,0.2313731,353.4507,153.2596,358.9309,0.1508695,0.01573152,-0.9884284,0.3841898,0.01166312,-0.2132509,1.043952,0.6381791,-5.590106,0.5370315,0.3713629,1.915002,-0.8919412,-0.0185371,-0.4517717,-0.06797518,0.9933011,0.09344751,0.447013,0.1140589,-0.8872262,moving,19.35877390912322,14.838327894938388,15.665297694303232,10.974748968265855,0.35178659999999995,0.57734305,-1.9069509999999994,0.32158904694242396,0.24248867343392477,0.9153031541072761,18.795691797005325,13.963037383414944,4.996833200781517,5.344998472597448,4.327728606364579
05/05/2023 11:40:03.742757,976,True,True,True,True,Eyes,0.6595756,0.06221849,-3.68551,0.1089334,0.3396327,-0.9342286,0.0,0.0,0.0,0.0,0.0,0.0,0.0,-1.083229,0.3184519,-3.57745,0.7005338,0.06138626,-3.684892,-0.02061031,0.9697936,0.05180864,0.2374693,353.6688,152.5309,359.114,0.1533526,0.01581879,-0.9880447,0.3611384,0.01096333,-0.2004559,1.082157,0.6307179,-5.586873,0.5330911,0.3686385,1.915001,-0.8863671,-0.01536957,-0.462728,-0.06458142,0.9937822,0.09069873,0.4584568,0.110276,-0.8818485,moving,19.936317123781844,15.092989103772272,15.555948124922699,10.896175437809159,0.38162320000000005,0.56933164,-1.9019809999999997,0.330518646240306,0.24575250520401937,0.9112425935371072,19.351827916228235,14.206988780578996,5.669205163010823,6.066372681675683,5.03688280394775
05/05/2023 11:40:03.769082,977,True,True,True,True,Eyes,0.6618222,0.06227663,-3.685998,0.1120973,0.3397074,-0.9338271,0.0,0.0,0.0,0.0,0.0,0.0,0.0,-1.114691,0.3079866,-3.572281,0.7089841,0.06188181,-3.686745,-0.01868379,0.9686092,0.05039768,0.2427089,353.8748,151.9017,359.324,0.1556353,0.01589886,-0.9876864,0.3394701,0.01030553,-0.1884285,1.116987,0.6239156,-5.583855,0.5293135,0.3660258,1.915001,-0.881487,-0.01173066,-0.4720634,-0.06065851,0.9942219,0.08856185,0.4682969,0.1067007,-0.8771052,moving,20.423175032865817,15.293880843904885,15.45099971240779,10.820779049959599,0.40800289999999995,0.56203379,-1.8971099999999996,0.33802814373151463,0.24824347197908475,0.9078062170098067,19.82101154335998,14.399224706459758,6.2494387681095205,6.688136293196217,5.648210045597364
05/05/2023 11:40:03.782487,978,True,True,True,True,Eyes,0.6643014,0.06234611,-3.686496,0.1155612,0.3394206,-0.9335091,0.0,0.0,0.0,0.0,0.0,0.0,0.0,-1.141909,0.2947614,-3.567525,0.7171025,0.06160468,-3.687823,-0.01695514,0.9675574,0.04851695,0.2473689,354.1299,151.3436,359.4927,0.1577448,0.01597201,-0.9873505,0.3191018,0.009687199,-0.1771228,1.149178,0.614249,-5.580759,0.5254233,0.3633359,1.915001,-0.8770425,-0.008806977,-0.4803324,-0.05681331,0.9947172,0.08549752,0.477042,0.1022742,-0.8729097,moving,20.821364634639473,15.520639052915174,15.34281189915432,10.743115209040953,0.43207550000000006,0.5526443200000001,-1.8929359999999997,0.3440533470582977,0.25124940746143165,0.904710453162155,20.203062440524878,14.61721629869155,6.789500492451586,7.269062811276194,6.215359569463762
05/05/2023 11:40:03.793683,979,True,True,True,True,Eyes,0.6670131,0.06245317,-3.68699,0.1190432,0.338876,-0.9332694,0.0,0.0,0.0,0.0,0.0,0.0,0.0,-1.168517,0.2572318,-3.564159,0.7250612,0.06202454,-3.688531,-0.01544986,0.9666364,0.04349505,0.2519597,354.7286,150.8022,359.5425,0.1597048,0.01603926,-0.9870343,0.2999557,0.009105967,-0.1664954,1.181722,0.5927988,-5.580289,0.5213491,0.3605182,1.915002,-0.8725552,-0.007950788,-0.4884508,-0.05178678,0.995739,0.0763023,0.4857628,0.09187327,-0.869249,moving,21.206857706563827,16.113281149128323,15.229379105991434,10.661713180203774,0.4566608,0.5307742599999999,-1.8917579999999998,0.34929003941505526,0.2600565689061014,0.9002038931002329,20.562874766318775,15.19129134809389,7.537396176465797,8.090107770611281,6.997374817583903
05/05/2023 11:40:03.812665,980,True,True,True,True,Eyes,0.6699492,0.06255124,-3.687467,0.1226201,0.3383465,-0.9329984,0.0,0.0,0.0,0.0,0.0,0.0,0.0,-1.190634,0.2433618,-3.559961,0.7331805,0.06306695,-3.688987,-0.01633008,0.9656657,0.04185132,0.255874,354.8832,150.3446,359.4178,0.1615366,0.01610218,-0.9867351,0.2819584,0.008559609,-0.1565057,1.2084,0.5851085,-5.577082,0.5176122,0.3579347,1.915,-0.8685235,-0.01012147,-0.4955444,-0.05295613,0.9959636,0.07247188,0.4928107,0.08918566,-0.8655539,moving,21.423899351592805,16.313483480294327,15.125251775678457,10.587054621647585,0.4752194999999999,0.5220415500000001,-1.8880949999999999,0.3524190992712471,0.26287115557293533,0.8981645681195695,20.769054971760664,15.384645762968079,7.927106882027412,8.512634654366057,7.407387884766438
05/05/2023 11:40:03.832720,981,True,True,True,True,Eyes,0.6730793,0.06263682,-3.687944,0.1262324,0.3377098,-0.9327472,0.0,0.0,0.0,0.0,0.0,0.0,0.0,-1.208306,0.2415951,-3.555867,0.7415649,0.06288552,-3.688994,-0.01777635,0.9647558,0.04169113,0.2592144,354.856,149.9542,359.2702,0.1632582,0.01616094,-0.9864507,0.2650409,0.008046032,-0.1471154,1.232223,0.5819111,-5.572433,0.513811,0.3553058,1.915002,-0.864984,-0.01268579,-0.5016395,-0.05591356,0.9958917,0.07122775,0.498675,0.0896593,-0.8621398,moving,21.551933128919853,16.324276277083023,15.019197259645287,10.511024921560457,0.4906581000000001,0.51902558,-1.883439,0.35442966832238143,0.2628268040349446,0.8973859527690989,20.893573821603614,15.394297934700479,8.146821653115722,8.74474294992091,7.639021881926178
05/05/2023 11:40:03.842241,982,True,True,True,True,Eyes,0.6764242,0.06272458,-3.688389,0.1300145,0.3370354,-0.9324716,0.0,0.0,0.0,0.0,0.0,0.0,0.0,-1.2261,0.2329247,-3.552226,0.7498412,0.06268031,-3.689132,-0.01744434,0.9638949,0.04049519,0.2626068,354.9958,149.5511,359.2891,0.1648856,0.01621561,-0.9861791,0.2491384,0.00756327,-0.1382885,1.257833,0.5747663,-5.568368,0.5100715,0.35272,1.915001,-0.8614665,-0.01236041,-0.5076636,-0.05489765,0.9961117,0.0689042,0.5048379,0.08722822,-0.8587954,moving,21.73950515391485,16.4398269725442,14.914783593426497,10.436221133876934,0.5079918,0.51208599,-1.8792360000000006,0.3572128319684513,0.2643361772946777,0.8958377609368146,21.0733081186524,15.505483067333193,8.467293292803799,9.089560354839733,7.976518092363209
05/05/2023 11:40:03.862191,983,True,True,True,True,Eyes,0.6799546,0.06280687,-3.688794,0.1340323,0.3363871,-0.9321368,0.0,0.0,0.0,0.0,0.0,0.0,0.0,-1.247552,0.2254952,-3.54669,0.7581297,0.06290497,-3.688838,-0.01714184,0.9628655,0.03953826,0.2665201,355.108,149.0853,359.3137,0.1664345,0.01626669,-0.985918,0.2341901,0.007109474,-0.1299911,1.28549,0.568904,-5.562825,0.5061872,0.3500346,1.914999,-0.8573464,-0.01193509,-0.5146016,-0.05408606,0.9962858,0.06700276,0.5118906,0.08527734,-0.8548074,moving,21.973266322832682,16.534756757092705,14.806226412820894,10.358502958143392,0.5273603,0.5059990299999999,-1.873987,0.3607520846206802,0.26543266392224363,0.8940936118600304,21.29862426805893,15.596298077362047,8.813883407239635,9.461108394936483,8.34180601678139
05/05/2023 11:40:03.882177,984,True,True,True,True,Eyes,0.6836828,0.06287158,-3.689155,0.1382167,0.3358563,-0.9317171,0.0,0.0,0.0,0.0,0.0,0.0,0.0,-1.273002,0.2302824,-3.538264,0.7665119,0.06284644,-3.688006,-0.01761119,0.9615809,0.04024025,0.2709848,355.0128,148.5533,359.3064,0.1679175,0.01631437,-0.9856657,0.2201387,0.006682905,-0.1221917,1.314199,0.5693009,-5.554496,0.5023431,0.347376,1.915,-0.8525143,-0.01206017,-0.5225649,-0.05567816,0.9961411,0.0678438,0.5197302,0.08693325,-0.849896,moving,22.233921207146246,16.45077918506227,14.69866346630609,10.281506599749513,0.5476870999999999,0.50645446,-1.8664900000000002,0.3650005298198752,0.2636534145121005,0.8928950414736946,21.554979052158597,15.512860702319541,9.082092042619362,9.738584776690248,8.624159620466232
05/05/2023 11:40:03.892851,985,True,True,True,True,Eyes,0.6876138,0.06291408,-3.689457,0.142701,0.3353399,-0.9312269,0.0,0.0,0.0,0.0,0.0,0.0,0.0,-1.298468,0.2380685,-3.529547,0.7748903,0.06246988,-3.687281,-0.01814727,0.96026,0.04130575,0.2754363,354.8752,148.0217,359.304,0.1693468,0.01635855,-0.9854205,0.2069304,0.006281931,-0.1148602,1.342874,0.5706224,-5.545592,0.4982198,0.3445246,1.915,-0.847611,-0.01209799,-0.53048,-0.05760639,0.9959291,0.06933169,0.5274817,0.08932535,-0.8448573,moving,22.473409602951932,16.321145544583047,14.583178221622791,10.198890461054425,0.5679836999999999,0.50815252,-1.858311,0.36898549891741483,0.2611907112036274,0.8919804242169385,21.791930921097535,15.38514105612091,9.326892273175105,9.986879320323402,8.88050171538815
05/05/2023 11:40:03.912416,986,True,True,True,True,Eyes,0.6917349,0.06293774,-3.689698,0.1473139,0.3349529,-0.9306477,0.0,0.0,0.0,0.0,0.0,0.0,0.0,-1.322974,0.2457429,-3.52065,0.7835941,0.06195555,-3.68616,-0.01869274,0.9589354,0.04234126,0.2798225,354.7405,147.4971,359.3007,0.1707324,0.01639897,-0.9851807,0.1945145,0.005905015,-0.1079686,1.371316,0.5718818,-5.536307,0.4943644,0.3418584,1.915,-0.8427,-0.01215418,-0.5382464,-0.05954633,0.9957156,0.07074378,0.5350805,0.09166637,-0.8398132,moving,22.697292841686306,16.201193735718586,14.47508661068355,10.121601481882172,0.5877219,0.50992625,-1.8501469999999998,0.3727052738209906,0.2589082946984352,0.8910988978049958,22.01340963075823,15.26694516444483,9.56318722641739,10.225757540546729,9.126931333513761
05/05/2023 11:40:03.932557,987,True,True,True,True,Eyes,0.6960798,0.06292135,-3.68984,0.1522831,0.3345924,-0.9299773,0.0,0.0,0.0,0.0,0.0,0.0,0.0,-1.348091,0.2548673,-3.511082,0.7921829,0.06150969,-3.684923,-0.01995651,0.9575451,0.04364078,0.2842619,354.5532,146.9681,359.2283,0.1720843,0.01643552,-0.9849448,0.1828437,0.005550714,-0.1014905,1.398973,0.574453,-5.526613,0.4906791,0.3393096,1.915001,-0.8375941,-0.0134077,-0.546129,-0.06302935,0.9953944,0.07223027,0.5426453,0.09492177,-0.8345816,moving,22.882100984729956,16.054862812444274,14.371658275943268,10.047675784192817,0.6067901,0.51294331,-1.8416900000000003,0.37584997045247104,0.25628060923592944,0.8905375029942297,22.19750819962265,15.123341934376164,9.756988010429392,10.41700202034794,9.327717507304218
05/05/2023 11:40:03.942353,988,True,True,True,True,Eyes,0.7006034,0.06286321,-3.689902,0.1573507,0.334247,-0.9292576,0.0,0.0,0.0,0.0,0.0,0.0,0.0,-1.37215,0.261458,-3.501392,0.8010703,0.06050881,-3.683139,-0.02144104,0.9561642,0.04455374,0.2886266,354.4003,146.4492,359.1201,0.1734123,0.01646757,-0.9847113,0.171873,0.005217671,-0.09540103,1.42689,0.5747579,-5.516468,0.4865706,0.3364681,1.915003,-0.8324702,-0.01528352,-0.5538595,-0.0667211,0.9951105,0.07282447,0.5500383,0.09757829,-0.8294196,moving,23.045600321243295,15.95622076174164,14.256233724801332,9.965216304105684,0.6258197,0.5142490900000001,-1.8333289999999995,0.37857983553208696,0.25444139335321225,0.8899083505812406,22.359549171081625,15.026280534660069,9.97540763556792,10.636968533283516,9.553956895848014
05/05/2023 11:40:03.968868,989,True,True,True,True,Eyes,0.7053065,0.06276768,-3.689863,0.1628112,0.3337627,-0.9284906,0.0,0.0,0.0,0.0,0.0,0.0,0.0,-1.39488,0.2602382,-3.492527,0.8097978,0.05945746,-3.681284,-0.02278937,0.9548655,0.04441154,0.2928144,354.3668,145.9528,358.9917,0.1747231,0.01649445,-0.9844792,0.1615607,0.004904611,-0.08967696,1.453942,0.5712686,-5.507512,0.4829369,0.3339562,1.915001,-0.8274808,-0.0175129,-0.5612209,-0.06953025,0.9950165,0.07146798,0.5571725,0.0981602,-0.8245747,moving,23.17044681964409,15.969057565545683,14.154076589918493,9.892306186056723,0.6441442000000001,0.51181114,-1.8262280000000004,0.38052002880183067,0.25442175786318266,0.8890859901334359,22.48090590847511,15.037942629312749,10.20063722329837,10.87298668478919,9.788445275248698
05/05/2023 11:40:03.982538,990,True,True,True,True,Eyes,0.7101805,0.06263059,-3.689723,0.1683634,0.3332863,-0.9276713,0.0,0.0,0.0,0.0,0.0,0.0,0.0,-1.416125,0.2583235,-3.483515,0.8187929,0.05849717,-3.678745,-0.02389145,0.9535895,0.04417433,0.2968924,354.351,145.4678,358.8867,0.1760243,0.01651574,-0.984247,0.151867,0.004610335,-0.08429635,1.481209,0.5673591,-5.497747,0.4790866,0.3312938,1.915001,-0.8225685,-0.01933522,-0.5683378,-0.07179531,0.9949557,0.07006197,0.5641162,0.09843474,-0.8198073,moving,23.285617712672508,15.988582178907631,14.045714518789923,9.814981515680756,0.6624161,0.50886193,-1.8190020000000002,0.3822959411780041,0.2545229179625504,0.8882949570168642,22.59265042444354,15.056176020647198,10.428856335453576,11.112567488268267,10.02597791810063
05/05/2023 11:40:03.992517,991,True,True,True,True,Eyes,0.8359411,0.0580867,-3.683598,0.3146713,0.3132974,-0.896006,0.0,0.0,0.0,0.0,0.0,0.0,0.0,-1.437514,0.2563389,-3.47427,0.8276806,0.05736817,-3.676188,-0.02439743,0.9523022,0.04386045,0.3010011,354.3631,144.9758,358.8448,0.177321,0.0165309,-0.984014,0.142755,0.004333714,-0.07923856,1.509168,0.5627214,-5.487508,0.474957,0.3284377,1.915002,-0.8176064,-0.02006338,-0.5754282,-0.07287155,0.994962,0.06884949,0.5711478,0.0982241,-0.8149495,moving,14.99801938837986,13.572402721622963,13.929370832330319,9.731986034272483,0.6814874000000001,0.50535323,-1.8113200000000003,0.25202403169286536,0.22709888733062478,0.9406965625263634,14.578866490262463,12.760230249510828,3.821727274787271,3.986327892788901,3.0971127904545566
05/05/2023 11:40:04.012264,992,True,True,True,True,Eyes,0.8362936,0.0580356,-3.683486,0.3149496,0.3132927,-0.8959099,0.0,0.0,0.0,0.0,0.0,0.0,0.0,-1.45984,0.2508874,-3.464341,0.8366093,0.05617592,-3.673236,-0.02442828,0.9509695,0.04304434,0.3052992,354.446,144.4589,358.8383,0.1818593,0.01641381,-0.9831873,0.5114717,-0.009557977,-0.05610719,1.538015,0.5562754,-5.476956,0.4712348,0.325864,1.915001,-0.8123915,-0.0201783,-0.5827634,-0.0727439,0.9951009,0.06695183,0.5785574,0.09678357,-0.8098792,moving,15.486196203262653,13.710154816869034,13.824417636774841,9.657170952354193,0.7014056999999999,0.5000994799999999,-1.8037200000000002,0.2599194308039788,0.22886437651266023,0.938116784833033,15.051037629299927,12.891023548903082,4.178444775933614,4.380432194436519,3.4586701522793746
05/05/2023 11:40:04.032350,993,True,True,True,True,Eyes,0.8370242,0.05792177,-3.683227,0.3157666,0.3130717,-0.8956995,0.0,0.0,0.0,0.0,0.0,0.0,0.0,-1.47839,0.2502932,-3.455648,0.8453418,0.05490101,-3.670444,-0.02476912,0.9497634,0.04287656,0.3090271,354.4477,144.0104,358.817,0.1858255,0.01630988,-0.9824471,0.4807834,-0.008984499,-0.05274075,1.564031,0.5522316,-5.46665,0.4674364,0.3232376,1.915001,-0.8077776,-0.02054957,-0.5891291,-0.07354964,0.9950962,0.06613652,0.5848811,0.09675382,-0.8053279,moving,15.869747503000324,13.747706690404685,13.717211091815486,9.58078454991851,0.7186891999999999,0.49733059,-1.7962059999999997,0.266180069257879,0.2290735022276767,0.9363084591221619,15.423918554885228,12.925017429270055,4.460981311422074,4.6900589683233616,3.7545630792189226
05/05/2023 11:40:04.043208,994,True,True,True,True,Eyes,0.838076,0.05777085,-3.682834,0.3167903,0.312769,-0.8954437,0.0,0.0,0.0,0.0,0.0,0.0,0.0,-1.492547,0.2506077,-3.44824,0.8542594,0.05329087,-3.667186,-0.02494295,0.948721,0.0427572,0.3122151,354.4506,143.6258,358.8124,0.1894124,0.01621316,-0.9817635,0.4519364,-0.008445429,-0.04957631,1.588222,0.5479646,-5.456486,0.4636525,0.3206205,1.915002,-0.8037995,-0.02062892,-0.594543,-0.07402669,0.9950994,0.06555418,0.590277,0.09670443,-0.8013874,moving,16.18284746971582,13.769197723128682,13.610309497034724,9.504629544429436,0.7339626,0.49467373000000003,-1.7893,0.2712918656144506,0.22908522690777391,0.9348372285423944,15.72855507854536,12.94385155892504,4.729698253890454,4.980410964133419,4.039209379145941
05/05/2023 11:40:04.068501,995,True,True,True,True,Eyes,0.8394296,0.05759647,-3.682319,0.3182415,0.3123312,-0.8950819,0.0,0.0,0.0,0.0,0.0,0.0,0.0,-1.505744,0.2413945,-3.441492,0.862959,0.05227316,-3.663601,-0.02525368,0.9477528,0.04145717,0.3152906,354.5771,143.2576,358.7495,0.1926676,0.016122,-0.9811314,0.4248202,-0.007938703,-0.04660173,1.612261,0.5395892,-5.447009,0.4596008,0.3178188,1.915001,-0.7999082,-0.02172639,-0.5997289,-0.07401061,0.9952871,0.06265779,0.5955411,0.09450679,-0.7977462,moving,16.447059647050235,13.917662256153529,13.495749123166954,9.42307538151631,0.7493019999999999,0.48731604,-1.7834080000000005,0.2754567723973742,0.23122210530705406,0.9330916048711911,15.982112513034737,13.086553101883785,5.101711823032814,5.376945692681428,4.427535647976613
05/05/2023 11:40:04.082533,996,True,True,True,True,Eyes,0.8410812,0.05737195,-3.68168,0.3197405,0.3120071,-0.8946606,0.0,0.0,0.0,0.0,0.0,0.0,0.0,-1.516878,0.2417595,-3.434829,0.8718474,0.05156818,-3.659868,-0.02673766,0.9467822,0.04157528,0.3180569,354.5064,142.9288,358.6079,0.1956324,0.01603529,-0.980546,0.399331,-0.00746238,-0.04380563,1.633599,0.5376015,-5.43694,0.4559138,0.3152693,1.915001,-0.79625,-0.02418288,-0.6044846,-0.07707611,0.9951132,0.06171726,0.600038,0.09573367,-0.7942229,moving,16.64194852676106,13.894477719881552,13.39139861337927,9.348824515132726,0.7617516,0.48603331999999994,-1.777072,0.2786698227959942,0.23062202795077155,0.9322856949828969,16.172718781635226,13.062702517312442,5.300389435829544,5.588294712810843,4.639895655445468
05/05/2023 11:40:04.092403,997,True,True,True,True,Eyes,0.8430094,0.05708454,-3.680922,0.3215018,0.3115104,-0.8942024,0.0,0.0,0.0,0.0,0.0,0.0,0.0,-1.524022,0.2494361,-3.429508,0.8806149,0.05013319,-3.656281,-0.0291449,0.9459425,0.0426385,0.3201959,354.2993,142.6785,358.3971,0.198345,0.0159513,-0.9800022,0.3753712,-0.007014638,-0.04117729,1.65194,0.5383992,-5.42697,0.4515938,0.3122818,1.915002,-0.7932506,-0.02783345,-0.6082591,-0.08244414,0.9946651,0.06200299,0.6032883,0.09933129,-0.7913134,moving,16.72497040324467,13.733723847178757,13.26901088829715,9.261772401331974,0.7713251,0.48826601,-1.770689,0.2802049722257565,0.22789936282994633,0.9324951060669585,16.25798291552978,12.905740975100901,5.362637754899176,5.651725922491945,4.713009733301501
05/05/2023 11:40:04.112474,998,True,True,True,True,Eyes,0.8452131,0.05675152,-3.680034,0.3232377,0.3110083,-0.8937513,0.0,0.0,0.0,0.0,0.0,0.0,0.0,-1.525203,0.2463356,-3.427276,0.8895218,0.04838102,-3.652335,-0.03079754,0.9454339,0.04212271,0.3216089,354.2921,142.5158,358.2066,0.2008381,0.01586814,-0.9794957,0.3528489,-0.00659376,-0.03870665,1.668176,0.533016,-5.419469,0.4480215,0.3098113,1.915002,-0.7912388,-0.03114001,-0.6107144,-0.08532815,0.9945543,0.05983895,0.6055253,0.099458,-0.7895871,moving,16.737416723529815,13.756171374518724,13.167718186492138,9.189756390509007,0.7786542000000001,0.48463498000000005,-1.7671340000000004,0.28038373622737023,0.22825228012067822,0.9323550915293817,16.269510790795618,12.92749952857663,5.5010631867575785,5.796110200083966,4.857143309218225
05/05/2023 11:40:04.132647,999,True,True,True,True,Eyes,0.8477009,0.05640758,-3.679002,0.3253049,0.3102394,-0.8932683,0.0,0.0,0.0,0.0,0.0,0.0,0.0,-1.522858,0.2436565,-3.426533,0.8983214,0.04697143,-3.648342,-0.03228427,0.9450892,0.0416731,0.322533,354.2841,142.4115,358.0337,0.2031416,0.01578456,-0.979022,0.3316779,-0.006198134,-0.03638425,1.682519,0.528194,-5.412643,0.4445079,0.3073823,1.915001,-0.7898607,-0.03414114,-0.6123356,-0.08790494,0.9944422,0.05794412,0.6069541,0.09959508,-0.7884719,moving,16.679211107833662,13.746470479826094,13.068014708538799,9.118926235085487,0.7841976,0.48122257000000007,-1.7643010000000001,0.2794426451371569,0.2281596028618332,0.9326601861138598,16.213032324897576,12.918446698427942,5.5735601355376465,5.869830080275928,4.932290700938572
05/05/2023 11:40:04.142405,1000,True,True,True,True,Eyes,0.8504373,0.05620169,-3.677823,0.3274074,0.3092256,-0.8928515,0.0,0.0,0.0,0.0,0.0,0.0,0.0,-1.521944,0.2270663,-3.425767,0.9074562,0.04642106,-3.643916,-0.03316693,0.9447236,0.03942902,0.3237939,354.4924,142.2656,357.8621,0.2052825,0.01570036,-0.9785766,0.3117773,-0.005826246,-0.0342012,1.699883,0.5169415,-5.405988,0.4406343,0.3047035,1.915,-0.7881148,-0.03713341,-0.6144069,-0.0882009,0.9946906,0.05302057,0.609176,0.09597755,-0.7872056,moving,16.66886268879558,13.941912624236837,12.958001517697278,9.040778695973612,0.7924268,0.47052044000000004,-1.7620719999999999,0.27905699474688034,0.2313666794042642,0.9319852636531621,16.197676692410127,13.108677452385152,5.837507499553529,6.147487650572222,5.200316868236518
05/05/2023 11:40:04.163413,1001,True,True,True,True,Eyes,0.8534595,0.05604083,-3.676551,0.3296193,0.3087742,-0.8921937,0.0,0.0,0.0,0.0,0.0,0.0,0.0,-1.52349,0.1938925,-3.424442,0.9161242,0.04961593,-3.639185,-0.03530828,0.9442467,0.03558754,0.3253999,354.8257,142.0839,357.4955,0.2072845,0.0156193,-0.9781558,0.2930706,-0.005476671,-0.03214913,1.717878,0.5037581,-5.399873,0.4366637,0.3019581,1.915,-0.7857366,-0.04351909,-0.6170287,-0.08983982,0.9949737,0.04422821,0.6120024,0.09018545,-0.7856969,moving,16.637482466239607,14.3549212833189,12.845125712026276,8.960648252132337,0.8017538,0.45414217,-1.7606880000000005,0.27807754048510763,0.23814914417706518,0.930568565148912,16.155954738635963,13.510736470506192,6.260923897070711,6.5939480803395885,5.62715662110322
05/05/2023 11:40:04.182346,1002,True,True,True,True,Eyes,0.8567061,0.05587098,-3.675136,0.3318904,0.3081003,-0.8915845,0.0,0.0,0.0,0.0,0.0,0.0,0.0,-1.519635,0.2450509,-3.42186,0.9259518,0.05044948,-3.63573,-0.04056511,0.9435759,0.04291973,0.3258482,353.8327,142.0479,357.1992,0.2091692,0.01554227,-0.9777557,0.2754864,-0.005148071,-0.03022018,1.726092,0.5323711,-5.388349,0.4328263,0.2993042,1.915,-0.784355,-0.04858189,-0.6184072,-0.1045232,0.9930247,0.05455991,0.611443,0.1074322,-0.7839618,moving,16.45010356652743,13.392334273202653,12.735940042157763,8.883154822101051,0.8001402,0.48192162,-1.7526189999999997,0.27607415458657736,0.22261623207466422,0.9350000147051792,15.999239070889125,12.575397061079055,5.559063059324826,5.841892673440267,4.927653934907803
05/05/2023 11:40:04.192512,1003,True,True,True,True,Eyes,0.8601847,0.05581606,-3.67363,0.3345988,0.306988,-0.8909557,0.0,0.0,0.0,0.0,0.0,0.0,0.0,-1.519455,0.2220218,-3.420693,0.9345503,0.05012095,-3.630878,-0.04009686,0.9432406,0.0397286,0.3272783,354.1921,141.8744,357.1401,0.2109549,0.01546867,-0.9773731,0.2589572,-0.004839187,-0.02840697,1.744909,0.5173758,-5.381381,0.4289956,0.2966549,1.915002,-0.7825627,-0.04963736,-0.6205903,-0.1016466,0.9936278,0.0487016,0.6142184,0.1011929,-0.7826215,moving,16.455618226993614,13.698776902340443,12.626838352842592,8.805753967183911,0.8103587000000001,0.46725485000000005,-1.7505030000000001,0.27583600026456,0.22763001308322134,0.933862477332563,15.996355246764434,12.873524343560808,5.910760394488044,6.212988714674425,5.282082916175601
05/05/2023 11:40:04.212610,1004,True,True,True,True,Eyes,0.8638845,0.05576371,-3.672012,0.3372117,0.3061275,-0.8902664,0.0,0.0,0.0,0.0,0.0,0.0,0.0,-1.519355,0.1838877,-3.421392,0.9438074,0.05298288,-3.626928,-0.04120197,0.9428707,0.0350512,0.3287379,354.653,141.7041,356.8535,0.2126581,0.01540122,-0.977005,0.2434198,-0.004548836,-0.02670255,1.76401,0.5004535,-5.376615,0.4251144,0.2939712,1.915,-0.7804675,-0.05465094,-0.622803,-0.1007416,0.9941476,0.0390082,0.6170263,0.0931868,-0.7814055,moving,16.409626061396118,14.184997917438759,12.51622909254457,8.72733328467856,0.8202026000000001,0.44747062,-1.7496870000000002,0.2745476785769141,0.23563699415873657,0.9322546964290193,15.938415984531337,13.346914729598858,6.376600439008119,6.7040766105962675,5.749077826046362
05/05/2023 11:40:04.232632,1005,True,True,True,True,Eyes,0.8677829,0.0557158,-3.670275,0.3403907,0.3045225,-0.8896068,0.0,0.0,0.0,0.0,0.0,0.0,0.0,-1.520427,0.2000965,-3.417969,0.9527985,0.0529668,-3.622653,-0.04443514,0.942177,0.03744743,0.3300389,354.2669,141.5602,356.5998,0.2142934,0.01533938,-0.9766486,0.2288146,-0.004275905,-0.0251004,1.778218,0.5085592,-5.366296,0.4209648,0.2911024,1.914999,-0.7781997,-0.05901331,-0.6252381,-0.1084497,0.9932464,0.04123355,0.6185822,0.09989485,-0.7793441,moving,16.308352756431383,13.764448319224076,12.397858439517288,8.643462085777179,0.8254195000000001,0.4555924,-1.743643,0.2733532541100198,0.22886893285497376,0.9342895965921213,15.851028020416367,12.938398181680984,6.135475314305879,6.443327231001859,5.510975977296956
05/05/2023 11:40:04.252600,1006,True,True,True,True,Eyes,0.8718957,0.05579391,-3.668449,0.3436387,0.3027534,-0.8889616,0.0,0.0,0.0,0.0,0.0,0.0,0.0,-1.525072,0.1348976,-3.416593,0.9615079,0.053093,-3.617987,-0.04270013,0.9417413,0.02858775,0.3323897,355.2832,141.2644,356.4667,0.2158735,0.01528275,-0.9763014,0.2150857,-0.004019351,-0.02359438,1.803418,0.4720069,-5.361659,0.4173468,0.2885998,1.915,-0.7753877,-0.0614204,-0.6284915,-0.09942948,0.9947189,0.02545837,0.6236087,0.08223069,-0.7773998,moving,16.39223469312349,14.717481123435615,12.294552500227777,8.570258142782293,0.8419101,0.4189139,-1.7436720000000006,0.27365640811160813,0.24435520050242993,0.9302701811359323,15.907110405511602,13.865127834145042,7.028223125066633,7.38778381707579,6.409853326523199
05/05/2023 11:40:04.268377,1007,True,True,True,True,Eyes,0.8761712,0.05597102,-3.666552,0.3472252,0.3011923,-0.8880979,0.0,0.0,0.0,0.0,0.0,0.0,0.0,-1.531544,0.1074101,-3.413086,0.9707108,0.05626091,-3.613983,-0.04346241,0.9409623,0.02538517,0.334749,355.5913,140.9773,356.2737,0.2174091,0.01523419,-0.9759614,0.2021806,-0.00377819,-0.02217871,1.82541,0.4611349,-5.353372,0.4134498,0.2859052,1.915,-0.7721084,-0.06479764,-0.6321789,-0.09878828,0.9949332,0.01867498,0.6277657,0.07687097,-0.7745975,moving,16.42219529824192,14.990894348941653,12.1831960771539,8.491411244663318,0.8546992,0.40487399,-1.739389,0.2738246205455027,0.24877924663041373,0.9290473533183629,15.928947200357547,14.13095591493927,7.381979201050475,7.7596646202773725,6.770163629117044
05/05/2023 11:40:04.282510,1008,True,True,True,True,Eyes,0.880621,0.05617632,-3.664604,0.3507624,0.2999349,-0.8871329,0.0,0.0,0.0,0.0,0.0,0.0,0.0,-1.540548,0.1150909,-3.407005,0.9793329,0.05905365,-3.609935,-0.04549198,0.9399515,0.02696591,0.3371864,355.3326,140.6893,356.1262,0.2189096,0.0151955,-0.9756266,0.1900497,-0.003551499,-0.02084799,1.844712,0.4687065,-5.341419,0.4091938,0.2829616,1.915001,-0.7684717,-0.06733543,-0.6363312,-0.1037056,0.9944066,0.02001474,0.6314242,0.08137186,-0.7711565,moving,16.45939331972397,14.708268201695043,12.061468320584245,8.405236978513095,0.8653791,0.40965285,-1.731484,0.2747630297517362,0.2441255097672952,0.9300043014506358,15.972826224475602,13.855718447291201,7.314352196131786,7.685697554449086,6.708686078050376
05/05/2023 11:40:04.292635,1009,True,True,True,True,Eyes,0.8852278,0.05633691,-3.662639,0.3544757,0.2990623,-0.8859507,0.0,0.0,0.0,0.0,0.0,0.0,0.0,-1.54624,0.1368946,-3.402772,0.9879242,0.05987549,-3.606781,-0.04597709,0.9391705,0.03002622,0.3390332,354.9759,140.4684,356.201,0.2203834,0.01516646,-0.9752952,0.1786467,-0.003338409,-0.01959711,1.861428,0.4797037,-5.330541,0.4057719,0.2805955,1.915001,-0.7658855,-0.06600088,-0.639581,-0.1067204,0.9939691,0.02522396,0.6340589,0.087575,-0.7683101,moving,16.468820598132446,14.277551467045193,11.963521729693245,8.335944816638401,0.8735038,0.41982821000000003,-1.7237600000000004,0.2754110364441439,0.2370817056874765,0.931633484711316,15.993625322476023,13.436575330338547,7.101422205435973,7.456568076676948,6.500628170096308
05/05/2023 11:40:04.312330,1010,True,True,True,True,Eyes,0.8899722,0.05645715,-3.660628,0.3582035,0.2980954,-0.8847765,0.0,0.0,0.0,0.0,0.0,0.0,0.0,-1.546731,0.1712409,-3.400677,0.9965907,0.05890292,-3.604115,-0.04462957,0.9386981,0.03434622,0.3401097,354.5579,140.3324,356.5201,0.2218371,0.0151449,-0.9749659,0.1679279,-0.003138104,-0.01842128,1.876458,0.4923395,-5.319883,0.4018176,0.2778611,1.915001,-0.7646673,-0.06042441,-0.6415863,-0.1071503,0.9936571,0.03412355,0.6354549,0.09483933,-0.7662915,moving,16.44983868283862,13.698460203620632,11.850247604502341,8.255836257931268,0.8798672999999999,0.43343657999999996,-1.7157679999999997,0.27574171879645387,0.22763125981974638,0.933890027751508,15.990729773734028,12.873254527451445,6.7957641965956315,7.125895978899914,6.201946796726351
05/05/2023 11:40:04.332606,1011,True,True,True,True,Eyes,0.8950352,0.05661462,-3.658449,0.3621042,0.2952552,-0.8841408,0.0,0.0,0.0,0.0,0.0,0.0,0.0,-1.54771,0.1635534,-3.399656,1.004597,0.05805679,-3.601004,-0.04188266,0.9383759,0.03295414,0.3414828,354.8104,140.1526,356.771,0.2232766,0.01512902,-0.9746374,0.1578523,-0.002949818,-0.01731601,1.894976,0.4826086,-5.312252,0.3980095,0.2752282,1.915,-0.7632708,-0.05609681,-0.643639,-0.1011099,0.9943197,0.03324232,0.6381181,0.09045116,-0.7646071,moving,16.472881510146035,13.696581611362841,11.7410785441064,8.178674783243245,0.890379,0.42455181,-1.7112479999999999,0.2761210160951245,0.2275748535066953,0.933791684226906,16.01324299227121,12.871273879409374,6.934309099856091,7.268923928149912,6.346012555101234
05/05/2023 11:40:04.343388,1012,True,True,True,True,Eyes,0.9002301,0.05682303,-3.656265,0.3658533,0.292811,-0.88341,0.0,0.0,0.0,0.0,0.0,0.0,0.0,-1.55376,0.1512891,-3.396955,1.012961,0.05915312,-3.598163,-0.04264583,0.9376574,0.03150562,0.3434932,354.9296,139.91,356.6429,0.2247126,0.01511927,-0.9743075,0.1483811,-0.002772829,-0.01627705,1.913967,0.4764412,-5.304309,0.3941574,0.2725641,1.915001,-0.7603877,-0.05833042,-0.6468449,-0.1016183,0.9943775,0.02978585,0.6414706,0.08838006,-0.7620398,moving,16.475624692554202,13.70283402553886,11.630548074981617,8.100560048208655,0.901006,0.41728808,-1.706146,0.2761591548523341,0.2276741699408161,0.9337562532454037,16.015748575652207,12.877339188670506,7.068120741315899,7.406769953712603,6.484412262328258
05/05/2023 11:40:04.368417,1013,True,True,True,True,Eyes,1.032768,0.06135501,-3.603078,0.4516777,0.2421109,-0.8587023,0.0,0.0,0.0,0.0,0.0,0.0,0.0,-1.558811,0.1699663,-3.393837,1.021304,0.06052376,-3.595856,-0.04773212,0.9367391,0.03456023,0.3450324,354.3941,139.7442,356.222,0.2261484,0.01511637,-0.9739752,0.1394783,-0.002606459,-0.01530042,1.926701,0.4900178,-5.295324,0.390296,0.2698938,1.915001,-0.7573488,-0.06557628,-0.6497099,-0.1132739,0.9930545,0.03180957,0.6431114,0.09768607,-0.7595167,moving,11.690678623142542,9.514024085738683,11.519668577844948,8.02223731403183,0.905397,0.42949404,-1.699468,0.19995305647816147,0.16195108416469925,0.9663284607959706,11.46419450874224,8.833424207942276,1.4672566791041992,1.501556594948135,0.8130815144835654
05/05/2023 11:40:04.382167,1014,True,True,True,True,Eyes,1.033103,0.06134034,-3.603007,0.4516279,0.2421898,-0.8587062,0.0,0.0,0.0,0.0,0.0,0.0,0.0,-1.552671,0.1956452,-3.396215,1.030047,0.05997404,-3.594266,-0.0517554,0.9364126,0.03811092,0.3449645,353.8528,139.7723,355.9261,0.2315869,0.01525345,-0.9726944,0.5287229,0.01114586,0.145179,1.934593,0.5025972,-5.289422,0.3861748,0.2670435,1.915002,-0.7566417,-0.07063498,-0.6500031,-0.1232226,0.9917378,0.03566753,0.6421133,0.1070826,-0.7590941,moving,11.638596226042843,9.036409150192648,11.401226618348943,7.938597590939306,0.9045460000000001,0.44262315999999996,-1.6951559999999999,0.19933401364088726,0.15391008557011282,0.9677694114645832,11.426296868433377,8.36905777834882,1.0951869510161625,1.123180551063368,0.43118962230546526
05/05/2023 11:40:04.392417,1015,True,True,True,True,Eyes,1.033735,0.06131718,-3.602891,0.4517102,0.2420621,-0.8586989,0.0,0.0,0.0,0.0,0.0,0.0,0.0,-1.543606,0.2027551,-3.400593,1.038441,0.05959354,-3.592485,-0.05312787,0.9364116,0.03896777,0.3446627,353.7076,139.8164,355.8092,0.2361496,0.01536886,-0.9715949,0.4969995,0.01047711,0.1364683,1.944512,0.5033456,-5.284993,0.3815875,0.2638726,1.915,-0.7567704,-0.07263765,-0.6496328,-0.1263606,0.9913179,0.03635735,0.6413518,0.1096021,-0.7593786,moving,11.580083279144315,8.90163787738777,11.269290901298172,7.8455228039774365,0.9060710000000001,0.44375205999999995,-1.6925080000000001,0.19841534245648657,0.15166211687904343,0.9683129246701722,11.372889861297933,8.238315477799876,1.0722427168598796,1.1008955220236727,0.40622509661715095
05/05/2023 11:40:04.412554,1016,True,True,True,True,Eyes,1.034665,0.06129291,-3.6027,0.4518744,0.2417929,-0.8586884,0.0,0.0,0.0,0.0,0.0,0.0,0.0,-1.532719,0.1981734,-3.406446,1.04697,0.05947411,-3.59064,-0.05272928,0.9366137,0.03814865,0.344266,353.8134,139.8629,355.8176,0.2401289,0.01546882,-0.9706175,0.4671795,0.009848479,0.1282802,1.954859,0.4978976,-5.282524,0.3784575,0.2617078,1.915001,-0.7574012,-0.07250736,-0.6489115,-0.1250405,0.9915286,0.03515531,0.6408654,0.1077669,-0.7600513,moving,11.524378060336891,8.982200159756287,11.179185467233895,7.781946288120024,0.907889,0.43842349,-1.6918840000000004,0.19743094095304442,0.1530545288406604,0.9682950908251519,11.31641594519545,8.317070716323444,1.2168769200412164,1.2489064347304042,0.5524403657786007
05/05/2023 11:40:04.432630,1017,True,True,True,True,Eyes,1.035879,0.06123754,-3.602484,0.4523743,0.2411134,-0.8586162,0.0,0.0,0.0,0.0,0.0,0.0,0.0,-1.529845,0.1859361,-3.408799,1.055034,0.05945402,-3.588631,-0.0517013,0.9364719,0.03634895,0.345002,354.0446,139.7671,355.863,0.2437314,0.01555791,-0.9697177,0.4391488,0.009257571,0.1205834,1.970073,0.4883617,-5.277899,0.374808,0.2591834,1.915001,-0.7566015,-0.0717527,-0.6499278,-0.1219145,0.9920115,0.03240544,0.6424106,0.1037536,-0.759305,moving,11.591805765236904,9.17109013692866,11.07406078812902,7.707789299956009,0.9150389999999999,0.42890768,-1.6892679999999998,0.19847100247031352,0.1562124363598298,0.9675778489441792,11.377054553195599,8.5004105462566,1.5107042306222072,1.5521949622406663,0.8485597573278634
05/05/2023 11:40:04.444112,1018,True,True,True,True,Eyes,1.03735,0.06115623,-3.602233,0.4529513,0.240059,-0.8586075,0.0,0.0,0.0,0.0,0.0,0.0,0.0,-1.529175,0.171399,-3.411312,1.06324,0.05877278,-3.587599,-0.05026454,0.9362696,0.03413713,0.3459878,354.3354,139.6386,355.9374,0.2470025,0.01563638,-0.9688884,0.4127998,0.008702117,0.1133484,1.986829,0.476302,-5.273824,0.371014,0.2565602,1.915,-0.7555318,-0.07050025,-0.6513074,-0.1177444,0.9926163,0.02914128,0.6444438,0.09870494,-0.7582542,moving,11.693896692258798,9.394632680690862,10.964699246829875,7.6307063602171965,0.923589,0.41752922000000003,-1.6862250000000003,0.20007402468227214,0.1599330913252992,0.9666394538065943,11.470549527809046,8.71723691039245,1.8559676552388733,1.908707672347924,1.198512888220583
05/05/2023 11:40:04.462477,1019,True,True,True,True,Eyes,1.039078,0.06109917,-3.601966,0.4537802,0.2385111,-0.8586012,0.0,0.0,0.0,0.0,0.0,0.0,0.0,-1.522705,0.1374018,-3.41698,1.070892,0.05815636,-3.586512,-0.04790115,0.9364599,0.02923895,0.3462565,354.9552,139.5924,356.0011,0.2499822,0.01570464,-0.9681228,0.3880318,0.00817999,0.1065475,2.002179,0.4532614,-5.272617,0.3670311,0.2538059,1.915,-0.755624,-0.06946667,-0.6513116,-0.1099634,0.9937012,0.02159004,0.6457093,0.08793437,-0.7585032,moving,11.692641649400915,9.906441955646388,10.849799682998572,7.549736947211891,0.931287,0.39510503999999996,-1.6861050000000004,0.1997613071681745,0.1685723275109639,0.9652351143284672,11.455531173643648,9.215227598347523,2.4355495752473066,2.502886548988829,1.7722216982587973
05/05/2023 11:40:04.472301,1020,True,True,True,True,Eyes,1.04106,0.06106269,-3.601673,0.4545318,0.2368881,-0.8586529,0.0,0.0,0.0,0.0,0.0,0.0,0.0,-1.51134,0.1018614,-3.424986,1.078888,0.05882814,-3.585747,-0.04708606,0.9367992,0.02437639,0.3458265,355.5127,139.6369,355.8953,0.2527068,0.01576434,-0.9674142,0.3647499,0.00768919,0.1001546,2.014376,0.4323436,-5.27315,0.3629762,0.2510016,1.915001,-0.7563742,-0.07136037,-0.6502357,-0.1050804,0.9943774,0.01310435,0.6456445,0.07823879,-0.75962,moving,11.582566872151828,10.37521326973716,10.7327267752836,7.467262634713013,0.9354879999999999,0.37351546,-1.6874030000000002,0.19762623668037368,0.17654171289612325,0.9642493588250477,11.335593293949103,9.672064660715735,2.9522956410937704,3.0295882700430328,2.28573839561608
05/05/2023 11:40:04.492499,1021,True,True,True,True,Eyes,1.043306,0.06101018,-3.601358,0.4554185,0.2353105,-0.8586168,0.0,0.0,0.0,0.0,0.0,0.0,0.0,-1.499735,0.08719409,-3.432102,1.086999,0.05933014,-3.584834,-0.04848091,0.9369991,0.0224176,0.3452243,355.671,139.7127,355.6649,0.2552083,0.01581689,-0.9667565,0.3428649,0.007227839,0.09414534,2.023216,0.423947,-5.27267,0.3594711,0.2485783,1.915001,-0.7569399,-0.07537494,-0.6491234,-0.1063313,0.9942941,0.008536967,0.6447761,0.07548413,-0.7606355,moving,11.423413603610124,10.4685939532327,10.631459296838754,7.395971794476964,0.9362170000000001,0.36461686000000004,-1.687836,0.19488738136550848,0.17821260666345506,0.964499365580637,11.177930762702857,9.763978012256329,3.0958342112535635,3.173042475998467,2.4302437142075686
05/05/2023 11:40:04.512358,1022,True,True,True,True,Eyes,1.045791,0.06093777,-3.60102,0.4563157,0.2336034,-0.8586067,0.0,0.0,0.0,0.0,0.0,0.0,0.0,-1.490516,0.07329267,-3.438284,1.095462,0.05891209,-3.584034,-0.04980413,0.937067,0.02044339,0.3449741,355.8323,139.7443,355.4434,0.257516,0.01586257,-0.9661435,0.322293,0.006794168,0.08849662,2.034059,0.4143766,-5.271285,0.3555843,0.24589,1.915001,-0.7570247,-0.07923473,-0.648564,-0.1074445,0.9942032,0.003951377,0.6444913,0.07267591,-0.7611498,moving,11.309366671734566,10.560310528756021,10.519085347147504,7.316857999997498,0.9385970000000001,0.35546451,-1.6872509999999998,0.19290954224624782,0.17982796687136665,0.9645972437676738,11.06428359567037,9.853973092528335,3.259478175594341,3.3383422350473806,2.5950325861037196
05/05/2023 11:40:04.532704,1023,True,True,True,True,Eyes,1.048521,0.06084954,-3.600663,0.4575061,0.2318606,-0.8584455,0.0,0.0,0.0,0.0,0.0,0.0,0.0,-1.485711,0.05481436,-3.442411,1.103707,0.05841455,-3.583149,-0.0503377,0.9369501,0.01783759,0.3453584,356.0897,139.6934,355.2851,0.2596559,0.01590155,-0.9655701,0.3029554,0.006386518,0.08318682,2.047627,0.4019886,-5.26869,0.351709,0.2432107,1.914999,-0.7563873,-0.0820071,-0.648963,-0.1066485,0.9942959,-0.001343238,0.6453714,0.06819495,-0.7608188,moving,11.263894815739912,10.74086371868924,10.40697296734308,7.237988622218506,0.9439199999999999,0.34357404999999996,-1.6855410000000002,0.1920333074866238,0.182898765851793,0.9641945322939034,11.015090277192552,10.029950047547205,3.5217782785850025,3.606168187388756,2.8574210860602993
05/05/2023 11:40:04.542708,1024,True,True,True,True,Eyes,1.051469,0.06073991,-3.600296,0.4587131,0.2299606,-0.8583125,0.0,0.0,0.0,0.0,0.0,0.0,0.0,-1.483657,0.03537121,-3.445561,1.112043,0.05795058,-3.582512,-0.05110622,0.9366784,0.01513989,0.3461106,356.3455,139.597,355.099,0.2616505,0.01593404,-0.9650309,0.2847781,0.006003327,0.07819561,2.062465,0.3895549,-5.265623,0.3478926,0.240572,1.914999,-0.7551911,-0.08526002,-0.6499361,-0.1062203,0.9943179,-0.007014383,0.646841,0.06373922,-0.7599564,moving,11.258201364348906,10.921764716802807,10.296475158149352,7.160279955742258,0.9504220000000001,0.33160431999999995,-1.6831109999999998,0.19182573234054442,0.18594981777728958,0.9636521607929013,11.004664326218519,10.206001625947835,3.7913309144979532,3.8824843725869296,3.126971760366624
05/05/2023 11:40:04.562629,1025,True,True,True,True,Eyes,1.054645,0.06061796,-3.599917,0.4601667,0.2281663,-0.8580133,0.0,0.0,0.0,0.0,0.0,0.0,0.0,-1.480399,0.01316709,-3.449097,1.120184,0.05738872,-3.581888,-0.05176473,0.9364685,0.01204948,0.3467015,356.6485,139.5177,354.9084,0.2635203,0.01596013,-0.9645215,0.2676914,0.005643127,0.07350387,2.076982,0.3752644,-5.262783,0.3437712,0.2377216,1.914999,-0.7542369,-0.08859693,-0.6505976,-0.1053072,0.9943504,-0.01332591,0.6481026,0.05846174,-0.7593057,moving,11.213685735480604,11.151871924336106,10.17705956324025,7.076307054212633,0.956798,0.31787568,-1.6808949999999996,0.19093180243647379,0.18985218414975355,0.9630686736746228,10.955067515070004,10.43018751860469,4.107706330799724,4.2053326659799755,3.442936325658813
05/05/2023 11:40:04.582337,1026,True,True,True,True,Eyes,1.058026,0.0604773,-3.599536,0.4615603,0.2263913,-0.8577349,0.0,0.0,0.0,0.0,0.0,0.0,0.0,-1.474691,-0.001923993,-3.453863,1.128587,0.05695663,-3.58147,-0.05282806,0.9363532,0.00992334,0.3469202,356.8335,139.4868,354.7106,0.265283,0.01598009,-0.964038,0.2516299,0.00530454,0.06909364,2.089592,0.3651839,-5.260621,0.3399798,0.2350994,1.915001,-0.7537115,-0.09204623,-0.650728,-0.1058167,0.9942214,-0.01807074,0.6486312,0.05523774,-0.7590961,moving,11.12859895028763,11.2609578804512,10.06711626899881,6.9990226951491055,0.9610050000000001,0.30822727,-1.6791510000000005,0.18943048842511565,0.19174222821948547,0.9629907049926486,10.869183086456712,10.536890684916793,4.292138515034247,4.392133536948996,3.627646770661376
05/05/2023 11:40:04.592520,1027,True,True,True,True,Eyes,1.061616,0.06031293,-3.599165,0.4631466,0.2249423,-0.8572609,0.0,0.0,0.0,0.0,0.0,0.0,0.0,-1.468886,-0.008080348,-3.458563,1.136858,0.05638818,-3.581023,-0.05431921,0.9362297,0.008986708,0.3470484,356.8741,139.4716,354.5133,0.266955,0.01599404,-0.963576,0.2365322,0.004986267,0.06494802,2.10126,0.3596732,-5.257941,0.3359998,0.2323475,1.915,-0.7532136,-0.09547287,-0.6508104,-0.1079482,0.9939373,-0.02087555,0.6488577,0.05453004,-0.7589533,moving,11.018531650213976,11.241170689119903,9.951639338612875,6.917899404430902,0.964402,0.30328502,-1.6769179999999997,0.187590036866649,0.19147851133347085,0.9634033526283511,10.762420726868317,10.518367965131459,4.3537187840465945,4.452969100001708,3.690628715562507
05/05/2023 11:40:04.612405,1028,True,True,True,True,Eyes,1.065414,0.06012058,-3.598806,0.4646583,0.2236121,-0.8567907,0.0,0.0,0.0,0.0,0.0,0.0,0.0,-1.462688,-0.004703477,-3.463844,1.14551,0.05562333,-3.580839,-0.05555076,0.9361464,0.00926769,0.3470711,356.7948,139.4731,354.3917,0.2685499,0.01600191,-0.9631325,0.2223402,0.004687091,0.06105114,2.112548,0.3584754,-5.255162,0.332085,0.2296404,1.915001,-0.7529118,-0.09757418,-0.6508483,-0.1104404,0.9936564,-0.0212083,0.648789,0.05591195,-0.7589117,moving,10.91721325970081,11.09312669131129,9.837964295779544,6.838062468299151,0.9670379999999998,0.30285207000000003,-1.6743230000000002,0.185975339107248,0.18904764332026272,0.9641961275750844,10.667643905574822,10.374995374314809,4.293279690717018,4.38980066382097,3.632941320275681
05/05/2023 11:40:04.632644,1029,True,True,True,True,Eyes,1.069416,0.05989461,-3.598459,0.4663828,0.2226184,-0.8561123,0.0,0.0,0.0,0.0,0.0,0.0,0.0,-1.457051,0.002066113,-3.469072,1.154299,0.05474798,-3.580789,-0.05618355,0.9360718,0.009956473,0.3471517,356.6952,139.4675,354.351,0.270081,0.01600354,-0.9627043,0.2089998,0.004405865,0.05738807,2.124159,0.358458,-5.252235,0.328353,0.2270593,1.915002,-0.7526587,-0.09827085,-0.6510364,-0.1120965,0.9934886,-0.02036848,0.6487989,0.05764836,-0.7587736,moving,10.82116819096534,10.92825856280907,9.729524252474953,6.7619165398685155,0.9698600000000002,0.30371002,-1.6714459999999995,0.18445641996745443,0.1863266836189162,0.9650172715915797,10.578461082920825,10.215218199488929,4.213409566335024,4.306981813354126,3.5561195275784225
05/05/2023 11:40:04.642735,1030,True,True,True,True,Eyes,1.073618,0.05963036,-3.59813,0.4680994,0.2216938,-0.855415,0.0,0.0,0.0,0.0,0.0,0.0,0.0,-1.454535,0.01013621,-3.473012,1.163144,0.05365853,-3.580754,-0.05667045,0.9358492,0.01080494,0.3476467,356.5816,139.4114,354.3338,0.2715595,0.01599864,-0.9622884,0.1964598,0.004141514,0.05394479,2.137578,0.3586392,-5.248132,0.3242905,0.2242504,1.915002,-0.7518607,-0.09855738,-0.6519143,-0.1135826,0.9933435,-0.01917899,0.649465,0.05962617,-0.7580503,moving,10.77989513499473,10.756643275213582,9.611406386546447,6.679026787971879,0.974434,0.30498067,-1.6673779999999998,0.18386221810459163,0.18345614911430003,0.965680349582413,10.542852913233643,10.048512927247513,4.149085136825281,4.241735749934877,3.495858903738573
05/05/2023 11:40:04.667518,1031,True,True,True,True,Eyes,1.077989,0.05934409,-3.59785,0.4701196,0.2209585,-0.8544968,0.0,0.0,0.0,0.0,0.0,0.0,0.0,-1.454531,0.0149921,-3.476133,1.172099,0.05246664,-3.580897,-0.05636757,0.9355422,0.01119884,0.3485086,356.5462,139.3066,354.3852,0.2729951,0.01598681,-0.9618824,0.1846722,0.003893023,0.0507081,2.152672,0.3567292,-5.243731,0.3205549,0.2216674,1.915,-0.7507288,-0.09766269,-0.6533513,-0.1132742,0.9933946,-0.01833519,0.6508263,0.06024313,-0.7568327,moving,10.771536702428156,10.664973198536327,9.50273007969585,6.6027853047016025,0.9805729999999999,0.30426256,-1.6628340000000001,0.18377488602196485,0.1819138897137326,0.9659886159958017,10.53717575982361,9.95937481467352,4.161900343910409,4.255730340459409,3.5123739840154413
05/05/2023 11:40:04.682334,1032,True,True,True,True,Eyes,1.082549,0.05901529,-3.597601,0.4721482,0.220333,-0.8535393,0.0,0.0,0.0,0.0,0.0,0.0,0.0,-1.456694,0.01870827,-3.478616,1.180996,0.05202226,-3.581285,-0.0552969,0.9351737,0.01152857,0.3496566,356.5468,139.1644,354.5179,0.2743957,0.01596812,-0.961484,0.1735919,0.003659442,0.04766561,2.169132,0.3548076,-5.238829,0.3167635,0.2190457,1.915,-0.7493653,-0.09536231,-0.6552543,-0.1114865,0.9936187,-0.01710741,0.6527044,0.06023229,-0.755215,moving,10.810213304990297,10.605696367950877,9.392349820242949,6.525370483748439,0.9881359999999999,0.30278534,-1.6575440000000001,0.1844623197660419,0.18089070500907817,0.9660497377074221,10.576476146612551,9.901442909975332,4.222640411438839,4.3196523219667,3.577711584788677
05/05/2023 11:40:04.692357,1033,True,True,True,True,Eyes,1.087296,0.05866004,-3.597386,0.4742448,0.2195761,-0.8525715,0.0,0.0,0.0,0.0,0.0,0.0,0.0,-1.459963,0.02962606,-3.480797,1.190068,0.05064327,-3.581827,-0.054358,0.9347487,0.01270103,0.3508972,356.4515,139.0137,354.6703,0.2757694,0.0159421,-0.9610913,0.1631764,0.003439875,0.04480568,2.186023,0.3549893,-5.23322,0.3125719,0.2161467,1.915002,-0.747833,-0.09270862,-0.6573822,-0.1105357,0.9937678,-0.01440359,0.6546206,0.06189268,-0.7534199,moving,10.863209455217454,10.440259994409516,9.27022699421195,6.439732889104429,0.9959550000000001,0.30434603,-1.651393,0.18545289857772337,0.17806679649846147,0.9663847034304697,10.6325968425157,9.740124482284148,4.207170669611395,4.306020232343532,3.570523249034873
05/05/2023 11:40:04.712500,1034,True,True,True,True,Eyes,1.092217,0.05826291,-3.597229,0.4764413,0.218866,-0.8515288,0.0,0.0,0.0,0.0,0.0,0.0,0.0,-1.466201,0.03766902,-3.481986,1.199044,0.04925863,-3.582633,-0.05218583,0.934242,0.01346899,0.352544,356.4475,138.8082,354.941,0.2771235,0.01590873,-0.9607023,0.1533858,0.003233483,0.04211734,2.204351,0.3532171,-5.22745,0.3091018,0.2137471,1.915,-0.7459789,-0.08801156,-0.6601285,-0.1070052,0.9941905,-0.01162901,0.6573169,0.06196219,-0.7510628,moving,10.977923999209443,10.352300873932423,9.16907818528834,6.3688380783016,1.005307,0.30395847,-1.6448170000000002,0.18744059399422974,0.17651522902052888,0.9662858444466891,10.74679353492009,9.65378091936807,4.271787963256164,4.374917030380671,3.6441782603952695
05/05/2023 11:40:04.732353,1035,True,True,True,True,Eyes,1.097329,0.05784895,-3.59711,0.4787184,0.2177479,-0.8505379,0.0,0.0,0.0,0.0,0.0,0.0,0.0,-1.476035,0.04531014,-3.482118,1.208094,0.04783298,-3.583866,-0.04925078,0.9335908,0.01417409,0.3546572,356.4798,138.5426,355.293,0.2784631,0.01586761,-0.9603156,0.1441827,0.003039474,0.0395903,2.225038,0.3503871,-5.220706,0.3052508,0.2110841,1.915,-0.7435853,-0.08190625,-0.6636056,-0.102014,0.9947469,-0.008468701,0.6608133,0.06139988,-0.7480347,moving,11.163266729346532,10.267212018265552,9.056748579405,6.290130937452935,1.016944,0.30255412000000004,-1.6368399999999999,0.19061878514822855,0.17497099678293657,0.9659450309529933,10.929762557690715,9.569761711630592,4.391132591542533,4.500510264335673,3.7767922073880134
05/05/2023 11:40:04.742895,1036,True,True,True,True,Eyes,1.102614,0.05741349,-3.597081,0.4810737,0.2167827,-0.8494548,0.0,0.0,0.0,0.0,0.0,0.0,0.0,-1.489506,0.04671264,-3.480906,1.217092,0.04694532,-3.585247,-0.04715103,0.9327055,0.01418026,0.3572622,356.552,138.2171,355.5284,0.2797936,0.01581905,-0.9599296,0.1355317,0.002857105,0.03721488,2.247178,0.3460898,-5.213426,0.3014272,0.2084404,1.915,-0.7402812,-0.07782391,-0.667778,-0.0980882,0.9951515,-0.007238546,0.6651036,0.06014258,-0.7443255,moving,11.377955529124543,10.258224860248703,8.945148697337526,6.211970639158744,1.0300859999999998,0.29914448,-1.6281790000000003,0.1942465987102922,0.17469278343569697,0.9652723923323362,11.139287498063954,9.559593650359215,4.603772123648913,4.72130514820615,4.002602266272795
05/05/2023 11:40:04.762415,1037,True,True,True,True,Eyes,1.108077,0.05695627,-3.597126,0.4834639,0.2155481,-0.8484113,0.0,0.0,0.0,0.0,0.0,0.0,0.0,-1.503131,0.05782087,-3.480378,1.226455,0.04596639,-3.587404,-0.04690665,0.9317363,0.01551835,0.359759,356.407,137.9127,355.6187,0.28112,0.01576314,-0.9595429,0.1273998,0.002685679,0.03498199,2.268011,0.3480234,-5.20666,0.2975157,0.2057355,1.915001,-0.7367466,-0.07624353,-0.6718569,-0.09857499,0.9951178,-0.004832167,0.6689453,0.0626682,-0.7406655,moving,11.556548296177423,10.041913663899882,8.830907883222142,6.131973773183275,1.041556,0.30205700999999996,-1.6192560000000005,0.1973864114566335,0.1709379864112271,0.965307655288436,11.31921339532026,9.347941933505693,4.646685222164443,4.766208724946068,4.0662163653383505
05/05/2023 11:40:04.782537,1038,True,True,True,True,Eyes,1.113706,0.05647436,-3.597274,0.4859009,0.2145068,-0.8472822,0.0,0.0,0.0,0.0,0.0,0.0,0.0,-1.515993,0.06667792,-3.480179,1.235731,0.04491068,-3.589606,-0.04693614,0.9307935,0.01655218,0.3621418,356.2841,137.6218,355.6674,0.2824461,0.01570002,-0.9591544,0.1197558,0.002524538,0.03288307,2.288316,0.3488931,-5.200286,0.2935781,0.203012,1.915002,-0.7333008,-0.07538722,-0.6757122,-0.09936416,0.995046,-0.003181759,0.6726046,0.06480839,-0.7371589,moving,11.707500540320675,9.864663962739357,8.715833403634543,6.051402668325379,1.052585,0.30398242000000003,-1.6106800000000003,0.20003632086687434,0.16785885112918847,0.9653024680044717,11.47114195385853,9.174479733124357,4.725797176937689,4.846754992384447,4.164773170247187
05/05/2023 11:40:04.792624,1039,True,True,True,True,Eyes,1.119516,0.05597151,-3.597514,0.4883415,0.2133889,-0.8461606,0.0,0.0,0.0,0.0,0.0,0.0,0.0,-1.528236,0.08094697,-3.480629,1.245323,0.04380254,-3.592226,-0.04711322,0.9298725,0.01828542,0.364394,356.0812,137.3482,355.7294,0.2837754,0.01562967,-0.9587631,0.1125704,0.002373066,0.03091009,2.308133,0.3524204,-5.194231,0.2896334,0.200284,1.915001,-0.7299946,-0.07429238,-0.6794029,-0.1009448,0.994892,-0.0003293416,0.6759571,0.06834176,-0.7337652,moving,11.847026229553437,9.598213373609912,8.600489308443356,5.97068062805414,1.0628100000000003,0.30861786,-1.6020050000000001,0.20254416627128805,0.16328204408968106,0.9655645183234443,11.614335942608909,8.914302248000446,4.74908594425007,4.868161439415329,4.212858860166852
05/05/2023 11:40:04.812142,1040,True,True,True,True,Eyes,1.125481,0.05545323,-3.597868,0.4908609,0.2124238,-0.8449448,0.0,0.0,0.0,0.0,0.0,0.0,0.0,-1.543141,0.09638828,-3.480143,1.254878,0.04269063,-3.595194,-0.04762481,0.9288036,0.02019769,0.3669442,355.8441,137.0386,355.7654,0.2851109,0.01555224,-0.9583681,0.1058162,0.002230682,0.02905548,2.328589,0.3569922,-5.187775,0.285787,0.1976248,1.915,-0.7261679,-0.07364535,-0.683562,-0.103291,0.9946479,0.002568075,0.6797143,0.07247067,-0.7298883,moving,12.011530987333538,9.315429980291915,8.487951841254118,5.8919714832873735,1.073711,0.31430157,-1.5925810000000005,0.20548066159977857,0.158415473695611,0.9657547537571858,11.782320222263664,8.638067554145682,4.796542550406189,4.912807555705635,4.28881180050826
05/05/2023 11:40:04.832565,1041,True,True,True,True,Eyes,1.13163,0.05493028,-3.598325,0.4933469,0.2113773,-0.8437586,0.0,0.0,0.0,0.0,0.0,0.0,0.0,-1.559582,0.104949,-3.479264,1.264506,0.04177924,-3.598314,-0.04858216,0.9276329,0.02125662,0.3697095,355.6781,136.7019,355.7202,0.286454,0.015468,-0.9579688,0.09946725,0.002096841,0.02731215,2.34989,0.3589842,-5.181368,0.2819474,0.1949696,1.915002,-0.7219095,-0.07441528,-0.6879749,-0.1058504,0.9943759,0.00351411,0.683844,0.07535926,-0.7257262,moving,12.190059506396155,9.119213149620258,8.375534444524918,5.813349338682341,1.085384,0.31720496,-1.5830540000000002,0.20860322336734857,0.1550024733390032,0.9656391822147671,11.961641881243057,8.445967764732503,4.932330855765325,5.047706111107572,4.44869040559848
05/05/2023 11:40:04.842734,1042,True,True,True,True,Eyes,1.13794,0.05445769,-3.59887,0.4959699,0.2103741,-0.8424705,0.0,0.0,0.0,0.0,0.0,0.0,0.0,-1.575409,0.1159016,-3.479005,1.274436,0.04106783,-3.601797,-0.05047878,0.926446,0.02268337,0.3723378,355.4333,136.3856,355.5905,0.2878084,0.01537741,-0.9575642,0.0,0.0,0.0,2.370405,0.3633563,-5.175497,0.2780972,0.1923071,1.915001,-0.7176333,-0.07663997,-0.6921917,-0.1104235,0.9938747,0.004439522,0.6876115,0.07962015,-0.7217004,moving,12.329789289278015,8.861724332636358,8.26275446641554,5.734498076677874,1.095969,0.32228847000000005,-1.5737,0.21110358188702957,0.15057862882446088,0.965795682990394,12.104793275614906,8.19450858935063,5.018973482276632,5.130332962521255,4.562117264369094
05/05/2023 11:40:04.862554,1043,True,True,True,True,Eyes,1.144404,0.05415796,-3.599495,0.4987836,0.2092554,-0.8410869,0.0,0.0,0.0,0.0,0.0,0.0,0.0,-1.596457,0.1099699,-3.476138,1.284532,0.04180504,-3.604515,-0.05217316,0.9249491,0.02212482,0.3758427,355.403,135.957,355.4033,0.2891748,0.01528247,-0.9571539,0.0,0.0,0.0,2.394833,0.3617954,-5.167599,0.2742327,0.1896348,1.915001,-0.7120407,-0.07988414,-0.6975793,-0.1131459,0.9935769,0.001710867,0.692962,0.08014646,-0.7165058,moving,12.551344395193393,8.83704520613544,8.14948640865808,5.65533163425532,1.1103010000000002,0.31999036,-1.563084,0.21485450548016757,0.1500370178340087,0.9650525945066826,12.321434570514704,8.169026956275918,5.3158466422738195,5.431358484496386,4.870709972598154
05/05/2023 11:40:04.870935,1044,True,True,True,True,Eyes,1.151075,0.05385165,-3.600231,0.5016895,0.2090815,-0.8394001,0.0,0.0,0.0,0.0,0.0,0.0,0.0,-1.630944,0.1069266,-3.46673,1.294564,0.04564603,-3.607166,-0.05705488,0.9225242,0.02261046,0.3810285,355.1127,135.3325,354.9308,0.2905558,0.0151881,-0.9567371,0.0,0.0,0.0,2.422879,0.3705601,-5.155272,0.2703876,0.1869758,1.915001,-0.703124,-0.08803856,-0.7055961,-0.1224995,0.992467,-0.001761684,0.700436,0.08519647,-0.7086122,moving,12.918596751208993,8.70071076541791,8.036723275793127,5.576537693225476,1.128315,0.32491407,-1.5481060000000002,0.22112017212753118,0.14752855139701304,0.9640234187681852,12.683113775457576,8.033940276648359,5.678375673899429,5.795959455946987,5.256212717573891
05/05/2023 11:40:04.892329,1045,True,True,True,True,Eyes,1.157901,0.05346642,-3.601034,0.5051159,0.2083226,-0.8375319,0.0,0.0,0.0,0.0,0.0,0.0,0.0,-1.671266,0.1780858,-3.452517,1.306123,0.04498086,-3.610643,-0.06439006,0.919513,0.03236856,0.3863961,353.7258,134.7097,354.6083,0.2919535,0.01509403,-0.9563131,0.0,0.0,0.0,2.448168,0.411458,-5.138141,0.2660106,0.1839495,1.915,-0.6931039,-0.09340083,-0.7147609,-0.1434292,0.9896124,0.009766483,0.7064241,0.1092868,-0.6993006,moving,13.350436146588228,7.409491019018616,7.9082892119845,5.486836690882735,1.142045,0.36647714,-1.527498,0.22907979709176318,0.12553052246598345,0.9652795429900053,13.138881542096518,6.774740074556252,5.693039355836642,5.771790270212215,5.386816429905921
05/05/2023 11:40:04.912911,1046,True,True,True,True,Eyes,1.331836,0.04649861,-3.623121,0.5997533,0.1765288,-0.7804702,1.912819,2.479055,0.3841662,-5.116019,-0.6065242,-0.7335114,0.3067399,0.2667334,0.1721329,1.904158,1.316465,0.04278122,-3.61321,-0.06272183,0.9165239,0.02903868,0.3939626,354.1082,133.7532,354.6879,0.2933691,0.01499811,-0.9558814,0.0,0.0,0.0,2.488156,0.3951821,-5.12063,0.262861,0.1817714,1.914999,-0.6817188,-0.09209181,-0.7257949,-0.1378524,0.9904454,0.003809195,0.7185095,0.1026494,-0.6879004,moving,8.1582125214773,5.169142485896666,7.815822138679622,5.4222607532252525,1.171691,0.35240087999999997,-1.5074200000000002,0.14134146136349665,0.08919174157642697,0.9859348841138369,8.137788267390903,4.629348201342571,0.42581119764827524,0.4257934140962794,0.8557876506297777
05/05/2023 11:40:04.932455,1047,True,True,True,True,Eyes,1.332266,0.04656652,-3.62325,0.6000478,0.1763953,-0.7802739,0.0,0.0,0.0,0.0,0.0,0.0,0.0,-1.770501,0.09517362,-3.419646,1.326436,0.04517168,-3.616108,-0.06207058,0.9134303,0.02213822,0.4016247,354.819,132.7804,354.4909,0.2987802,0.01469376,-0.9542086,0.5218048,-0.02090344,-0.06626201,2.52931,0.3708641,-5.10385,0.2589707,0.1790809,1.915001,-0.6696899,-0.09561178,-0.7364606,-0.1311768,0.9913142,-0.009414722,0.7309641,0.0903016,-0.6764153,moving,9.019549749507805,6.014406560288512,7.701539816297545,5.34246513959032,1.2028740000000002,0.32569242,-1.4877420000000003,0.15592956668925798,0.10349689324317729,0.9823310981992022,8.954653508197923,5.446064920813691,1.462132740674778,1.4794105099298227,1.2573888974767224
05/05/2023 11:40:04.942607,1048,True,True,True,True,Eyes,1.333081,0.0466612,-3.62348,0.6006703,0.175908,-0.7799048,0.0,0.0,0.0,0.0,0.0,0.0,0.0,-1.806308,0.09820642,-3.408634,1.336928,0.04688226,-3.619612,-0.06648966,0.9107794,0.02324231,0.4068416,354.4659,132.1449,354.1064,0.3034446,0.01443204,-0.9527395,0.4904965,-0.01964923,-0.06228629,2.557158,0.3800937,-5.090452,0.2550133,0.1763439,1.915002,-0.6601185,-0.1022029,-0.7441766,-0.1400267,0.9900779,-0.01176429,0.7379951,0.09643874,-0.6678798,moving,9.59704427260038,5.774992437729032,7.585227359108076,5.261272082748575,1.22023,0.33321143999999997,-1.47084,0.1658950808451495,0.099227775382736,0.9811384212093136,9.524059089469798,5.209289123506384,2.0592349602192668,2.076370847545049,1.9395284753539979
05/05/2023 11:40:04.962412,1049,True,True,True,True,Eyes,1.334281,0.04687433,-3.623821,0.6015216,0.175319,-0.7793813,0.0,0.0,0.0,0.0,0.0,0.0,0.0,-1.831569,0.05739245,-3.402879,1.34688,0.04769918,-3.622314,-0.06663687,0.9089475,0.01819464,0.4111483,354.9589,131.5918,353.8812,0.3076532,0.01419849,-0.9513924,0.4610667,-0.01847028,-0.05854911,2.585949,0.3612908,-5.080668,0.2510962,0.1736359,1.915001,-0.6530332,-0.1061774,-0.7498494,-0.1361002,0.9904569,-0.02171933,0.7449996,0.08787122,-0.6612521,moving,10.02170738213909,6.336663100956995,7.470045193348739,5.180923885599494,1.2390689999999998,0.31359162,-1.4583540000000004,0.17299002569356198,0.10870633749887162,0.9789063188147129,9.922889889909603,5.752969702167814,2.768505468518354,2.801198504143813,2.518667012866146
05/05/2023 11:40:04.982662,1050,True,True,True,True,Eyes,1.335846,0.04716654,-3.624258,0.6023774,0.1749398,-0.7788053,0.0,0.0,0.0,0.0,0.0,0.0,0.0,-1.844791,0.03381421,-3.403641,1.357117,0.05082359,-3.625578,-0.06818497,0.9077421,0.01566053,0.4136543,355.1331,131.2746,353.6136,0.3114605,0.01399337,-0.9501559,0.4334027,-0.01736206,-0.05503616,2.607363,0.3552563,-5.075365,0.2473582,0.171051,1.915001,-0.648482,-0.1108327,-0.7531186,-0.1367448,0.9902111,-0.02797857,0.7488473,0.08484147,-0.6572899,moving,10.232524730236054,6.571448500057315,7.360069052438768,5.104206469916754,1.250246,0.30443271000000005,-1.4497869999999997,0.17651276670616636,0.11264520033818573,0.9778315105340976,10.122070407351057,5.980014173685147,3.1847449619446646,3.225492333880343,2.8975318149275573
05/05/2023 11:40:04.992875,1051,True,True,True,True,Eyes,1.337801,0.04748533,-3.624732,0.6032425,0.1746129,-0.7782087,0.0,0.0,0.0,0.0,0.0,0.0,0.0,-1.850535,0.04196111,-3.407513,1.367415,0.05296922,-3.628328,-0.07148746,0.9068949,0.01714491,0.4148942,354.8124,131.1348,353.3438,0.3149152,0.01381585,-0.949019,0.4073986,-0.01632034,-0.05173399,2.622668,0.3643737,-5.071238,0.2431526,0.1681426,1.915001,-0.6455048,-0.1154366,-0.7549821,-0.1438899,0.9891912,-0.0282222,0.7500796,0.09041672,-0.6551378,moving,10.313038102680451,6.294466433346334,7.236270410086896,5.017865945546908,1.255253,0.31140448000000004,-1.44291,0.1779811355856332,0.1078878162520316,0.9781016787064452,10.208021929596969,5.709981063938569,3.2945098861035103,3.3310971525365636,3.0512834071611126
05/05/2023 11:40:05.012169,1052,True,True,True,True,Eyes,1.3401,0.04784773,-3.625271,0.6041923,0.1742737,-0.7775477,0.0,0.0,0.0,0.0,0.0,0.0,0.0,-1.852808,0.03362684,-3.413146,1.377834,0.05381851,-3.630739,-0.07178246,0.9064167,0.01609293,0.4159292,354.9005,131.002,353.2691,0.3180618,0.01366384,-0.9479712,0.3829546,-0.01534112,-0.04862995,2.639401,0.3599029,-5.068369,0.2395042,0.1656194,1.915,-0.6437005,-0.1167426,-0.7563207,-0.1435167,0.9891766,-0.03053905,0.7516999,0.08888663,-0.6534881,moving,10.363446232235153,6.385287227292388,7.128822441747456,4.942944742368407,1.2615669999999999,0.30608439000000004,-1.4376299999999995,0.17881144663178064,0.10942135542518049,0.9777798919985192,10.254712814806997,5.798013987325805,3.5012982405952373,3.541629979233529,3.240730479083123
05/05/2023 11:40:05.032153,1053,True,True,True,True,Eyes,1.34274,0.04825138,-3.62584,0.6052626,0.174136,-0.7767457,0.0,0.0,0.0,0.0,0.0,0.0,0.0,-1.858801,0.03303731,-3.416434,1.388362,0.05523842,-3.632858,-0.07029204,0.9058229,0.01603429,0.4174768,354.9665,130.8009,353.4311,0.320939,0.01353587,-0.9470029,0.3599773,-0.01442065,-0.04571216,2.658414,0.3575664,-5.062808,0.2354763,0.1628346,1.915001,-0.6415445,-0.1139564,-0.7585742,-0.1407322,0.9896038,-0.02964214,0.7540659,0.08773904,-0.6509122,moving,10.49685387174758,6.43188222174722,7.010131636152182,4.86023079759611,1.270052,0.30232798,-1.4299500000000003,0.1810725523949384,0.11017014831682377,0.9772795470653629,10.383505222294309,5.8424654971209,3.780863291402123,3.8245679687033394,3.51346472255407
05/05/2023 11:40:05.042698,1054,True,True,True,True,Eyes,1.345698,0.04865831,-3.626467,0.6065142,0.1741209,-0.7757722,0.0,0.0,0.0,0.0,0.0,0.0,0.0,-1.872328,0.04360887,-3.415154,1.398669,0.05657728,-3.634736,-0.06825899,0.9048135,0.01744443,0.4199395,354.8998,130.4861,353.7248,0.3235816,0.01343059,-0.9461047,0.3383787,-0.01355541,-0.04296943,2.679379,0.3602567,-5.053957,0.2317601,0.1602644,1.915002,-0.6379833,-0.1088721,-0.7623152,-0.1381745,0.9900728,-0.02576139,0.7575523,0.08889719,-0.6466932,moving,10.753446402506722,6.3435483240225885,6.900571901776807,4.783872740905713,1.28071,0.30367942,-1.4192209999999994,0.18548015686613775,0.10857253772667005,0.9766315499571956,10.636017364284976,5.75481642507034,4.112061444810236,4.156588726701951,3.859570499575315
05/05/2023 11:40:05.062777,1055,True,True,True,True,Eyes,1.348949,0.04904817,-3.627146,0.6080904,0.1742141,-0.7745163,0.0,0.0,0.0,0.0,0.0,0.0,0.0,-1.891593,0.06026106,-3.410847,1.409247,0.05705319,-3.636812,-0.06543566,0.9034924,0.01951784,0.4231297,354.7993,130.0766,354.1373,0.3260202,0.01334577,-0.9452683,0.318076,-0.01274209,-0.04039126,2.702971,0.3635735,-5.042627,0.2278899,0.1575885,1.915,-0.6333588,-0.1017241,-0.7671432,-0.1347584,0.9906745,-0.02010709,0.7620346,0.09064398,-0.6411605,moving,11.092417370523055,6.212492144076484,6.7864288742379495,4.704363867515512,1.2937239999999999,0.30652031,-1.4058150000000005,0.1913037209450237,0.10621745088567308,0.9757667373181966,10.969985070472465,5.625052956668155,4.517745354325001,4.562454145380799,4.283667919661482
05/05/2023 11:40:05.082367,1056,True,True,True,True,Eyes,1.352489,0.04942824,-3.627873,0.609875,0.1743321,-0.7730853,0.0,0.0,0.0,0.0,0.0,0.0,0.0,-1.913739,0.07376128,-3.404602,1.419464,0.05704885,-3.63882,-0.06179576,0.9020222,0.02108886,0.4267231,354.7913,129.61,354.6136,0.3282817,0.01327887,-0.9444863,0.2989914,-0.01197756,-0.03796779,2.727915,0.3635457,-5.030013,0.2240118,0.1549068,1.915,-0.6281777,-0.0934841,-0.7724338,-0.1294805,0.9914731,-0.0146941,0.767221,0.0907846,-0.6349255,moving,11.469977162940014,6.163069342413979,6.671991383367672,4.624659450838945,1.3084509999999998,0.30649685000000004,-1.3911930000000003,0.1977502009517922,0.10523847747528192,0.9745869887668879,11.339369609947989,5.574461580016601,4.9916606286060325,5.038588347491221,4.763039323220671
05/05/2023 11:40:05.092516,1057,True,True,True,True,Eyes,1.356323,0.04981363,-3.628606,0.6119791,0.1745068,-0.7713812,0.0,0.0,0.0,0.0,0.0,0.0,0.0,-1.936345,0.08247485,-3.398088,1.429908,0.05720576,-3.640787,-0.05871373,0.9004476,0.022093,0.430417,354.8174,129.1303,355.0046,0.3303901,0.0132278,-0.9437515,0.2810519,-0.01125891,-0.03568972,2.753245,0.3621559,-5.017259,0.2201855,0.1522609,1.915001,-0.6225879,-0.08671886,-0.7777301,-0.1247557,0.9921291,-0.01075558,0.7725415,0.09032994,-0.6285062,moving,11.824650509843439,6.161677010006439,6.559026609208773,4.545999117873175,1.3233370000000002,0.30495014,-1.3764720000000001,0.20378265976004445,0.1050820930700727,0.9733603541821624,11.685149432527778,5.570754863945442,5.457796013032002,5.507922486206866,5.2275481383589515
05/05/2023 11:40:05.112279,1058,True,True,True,True,Eyes,1.360431,0.05021276,-3.629365,0.614278,0.1747884,-0.7694879,0.0,0.0,0.0,0.0,0.0,0.0,0.0,-1.960474,0.08974598,-3.390123,1.440209,0.05766179,-3.642378,-0.05702141,0.8986642,0.02305529,0.434304,354.7808,128.6298,355.2503,0.3323675,0.01319108,-0.9430575,0.2641888,-0.01058337,-0.03354834,2.778286,0.3625475,-5.003649,0.2164283,0.1496626,1.915001,-0.6162575,-0.08246017,-0.7832161,-0.1225122,0.992434,-0.008091321,0.7779575,0.09096716,-0.6216974,moving,12.172865851738754,6.131495829590831,6.448055418984768,4.468739536853534,1.338077,0.30488571000000003,-1.3612710000000003,0.20970882951580005,0.10443559846900713,0.9721705029985759,12.025409822062887,5.539079878030362,5.908914954422122,5.961393543459982,5.67912938604901
05/05/2023 11:40:05.132360,1059,True,True,True,True,Eyes,1.364685,0.05060361,-3.630288,0.6183251,0.1748658,-0.7662219,0.0,0.0,0.0,0.0,0.0,0.0,0.0,-1.987679,0.09878875,-3.380165,1.450876,0.05837359,-3.643857,-0.05666493,0.8965707,0.02439131,0.4385833,354.6384,128.0827,355.3789,0.3342327,0.01316759,-0.9423983,0.2483375,-0.00994837,-0.03153544,2.804173,0.3660854,-4.988426,0.2124816,0.1469333,1.915001,-0.6088678,-0.08021299,-0.789206,-0.1230035,0.9923883,-0.005967516,0.7836775,0.09344164,-0.6140997,moving,12.43468099278805,5.996980645691916,6.3314349035672075,4.3875671799754015,1.353297,0.30771181000000003,-1.3445689999999995,0.2142022773179043,0.10205109312659658,0.971443738012012,12.284257798425594,5.4064625082582385,6.260267459826832,6.311879635197359,6.039391368966477
05/05/2023 11:40:05.142609,1060,True,True,True,True,Eyes,1.369195,0.05098254,-3.631229,0.6224707,0.17502,-0.7628226,0.0,0.0,0.0,0.0,0.0,0.0,0.0,-2.017361,0.1105185,-3.368259,1.461371,0.05899286,-3.645277,-0.05699672,0.894259,0.02613184,0.443136,354.4191,127.5014,355.46,0.3359993,0.01315571,-0.9417701,0.2334372,-0.009351468,-0.02964331,2.829992,0.3719617,-4.972126,0.2086822,0.144306,1.915001,-0.6007637,-0.07877973,-0.7955356,-0.1250996,0.992137,-0.003777341,0.7895778,0.09725187,-0.6058953,moving,12.719641287110974,5.803170442570258,6.219117139627347,4.30941173667564,1.3686209999999999,0.31296884,-1.3268490000000002,0.2191065241715814,0.09865444280150823,0.9707006355258156,12.567266300947049,5.215998532559506,6.620764056155958,6.669942223396969,6.412557788654618
05/05/2023 11:40:05.162299,1061,True,True,True,True,Eyes,1.373865,0.05133284,-3.632275,0.6267018,0.174988,-0.7593576,0.0,0.0,0.0,0.0,0.0,0.0,0.0,-2.043395,0.1180122,-3.358438,1.471947,0.05906567,-3.646694,-0.05642045,0.8922106,0.02715611,0.4472578,354.3226,126.97,355.5975,0.3376822,0.01315393,-0.941168,0.219431,-0.008790379,-0.02786471,2.855222,0.3733366,-4.957026,0.2047327,0.1415748,1.915,-0.5935542,-0.07638627,-0.8011606,-0.1249694,0.9921585,-0.002011037,0.795032,0.0989269,-0.5984458,moving,12.948309912650467,5.7003601271506925,6.102314408112556,4.2281507020981,1.383275,0.31427093,-1.3103319999999998,0.2230191069585953,0.0968243820953478,0.9699935195186845,12.792947877616124,5.114449310029277,6.953695893060535,7.002503483709735,6.749081526079093
05/05/2023 11:40:05.183518,1062,True,True,True,True,Eyes,1.378761,0.0516576,-3.633311,0.6310139,0.1747197,-0.7558402,0.0,0.0,0.0,0.0,0.0,0.0,0.0,-2.064701,0.1129811,-3.351403,1.482183,0.05901937,-3.647918,-0.05471064,0.8905287,0.02643703,0.4508508,354.467,126.5013,355.7592,0.3392929,0.01316044,-0.9405884,0.2062651,-0.008262957,-0.02619283,2.879546,0.3667279,-4.943886,0.2008276,0.1388744,1.915,-0.5874805,-0.07360447,-0.805884,-0.1212811,0.9926156,-0.0022468,0.8000984,0.09641854,-0.5920693,moving,13.100236090898905,5.808598737297589,5.986771492727031,4.147787080069793,1.397363,0.30770853,-1.2959679999999998,0.2255509064294292,0.09859767166645396,0.9692291840675027,12.938131012599108,5.218756282442854,7.251242927696522,7.304770629542606,7.033375733383489
05/05/2023 11:40:05.192487,1063,True,True,True,True,Eyes,1.383911,0.05196062,-3.634253,0.6353686,0.1739795,-0.7523548,0.0,0.0,0.0,0.0,0.0,0.0,0.0,-2.082753,0.09486891,-3.346248,1.492445,0.058773,-3.648751,-0.05228226,0.8890719,0.02394016,0.4541418,354.8332,126.0688,355.8992,0.3408438,0.01317373,-0.9400272,0.1938892,-0.007767179,-0.02462126,2.903838,0.3524733,-4.931814,0.1969134,0.1361676,1.915001,-0.5820439,-0.07122092,-0.8100328,-0.1147098,0.9933869,-0.004918078,0.8050261,0.09005617,-0.5863645,moving,13.206368826141805,6.109569347671599,5.870907223325183,4.067214468148886,1.411393,0.29370029999999997,-1.2830630000000003,0.22722864853848404,0.10364607396675403,0.9683101269758063,13.03347908168534,5.510892133102811,7.550980204301109,7.614473742833923,7.306616236429807
05/05/2023 11:40:05.212395,1064,True,True,True,True,Eyes,1.389258,0.05225072,-3.635166,0.6397986,0.1729707,-0.748825,0.0,0.0,0.0,0.0,0.0,0.0,0.0,-2.100537,0.06560162,-3.340724,1.502391,0.05854596,-3.649162,-0.0497198,0.8876098,0.02001954,0.4574672,355.3523,125.6309,355.9758,0.3423465,0.01319253,-0.9394808,0.1822559,-0.007301148,-0.02314398,2.928211,0.3329673,-4.919621,0.1930891,0.1335232,1.915001,-0.5765038,-0.06994699,-0.8140954,-0.1065801,0.9942543,-0.009951267,0.8101139,0.08102944,-0.5806463,moving,13.30284406071731,6.561315698088711,5.757660555546797,3.98848584435462,1.42582,0.27442134,-1.2704590000000002,0.22866998600203411,0.111238826583548,0.9671276819570386,13.11534894259788,5.9497944478301585,7.8933585826148835,7.971778194541202,7.614611601323704
05/05/2023 11:40:05.232155,1065,True,True,True,True,Eyes,1.394791,0.05253455,-3.636046,0.6442758,0.1716995,-0.7452704,0.0,0.0,0.0,0.0,0.0,0.0,0.0,-2.117981,0.03981092,-3.334934,1.512423,0.05858936,-3.649431,-0.04759263,0.8861127,0.01661051,0.4607207,355.7969,125.2028,356.0305,0.343811,0.01321595,-0.9389455,0.1713205,-0.006863079,-0.02175534,2.951892,0.3160909,-4.907129,0.1892675,0.1308805,1.915002,-0.5709431,-0.06903926,-0.8180819,-0.09965047,0.994918,-0.01441625,0.8149197,0.07329138,-0.5749214,moving,13.390944711743591,6.926825595464455,5.644445803951564,3.9097907234140794,1.4394689999999999,0.25750154000000003,-1.2576980000000004,0.22999347763122974,0.11736856130558126,0.9660888235282514,13.191379452092956,6.304845587323775,8.221846418036089,8.313287240772516,7.91785926185773
05/05/2023 11:40:05.252053,1066,True,True,True,True,Eyes,1.537872,0.05955018,-3.656873,0.7506757,0.1365157,-0.6464127,0.0,0.0,0.0,0.0,0.0,0.0,0.0,-2.135753,0.01982541,-3.328271,1.522469,0.05880503,-3.649363,-0.04594783,0.8845329,0.01400623,0.4639981,356.1343,124.7723,356.0754,0.3452456,0.01324335,-0.9384186,0.1610413,-0.006451295,-0.02045002,2.975178,0.3027321,-4.893571,0.1851883,0.1280598,1.915001,-0.5651893,-0.06828702,-0.8221303,-0.09428246,0.9953852,-0.01786148,0.8195561,0.06741735,-0.5690194,moving,5.631391141708246,4.417617369563863,5.523556929781487,3.8257829767898515,1.452709,0.24392707,-1.2442079999999995,0.09783941260133644,0.07665604410220164,0.9922455451563876,5.694850969585786,3.9148825868433317,0.5980609176768896,0.6015780628746764,0.19308130045180194
05/05/2023 11:40:05.262629,1067,True,True,True,True,Eyes,1.538279,0.05954437,-3.656874,0.7508404,0.1365987,-0.646204,0.0,0.0,0.0,0.0,0.0,0.0,0.0,-2.155515,0.00862556,-3.31997,1.53276,0.05911747,-3.649064,-0.04500131,0.882751,0.01260218,0.4675111,356.3118,124.3132,356.112,0.3502406,0.01343778,-0.9365631,0.5806217,0.01498267,-0.0817049,2.998345,0.2949754,-4.878839,0.1814896,0.1255018,1.915,-0.5588164,-0.06766659,-0.8265261,-0.09123324,0.9956322,-0.01982805,0.8242577,0.06432641,-0.5625491,moving,6.062918307943711,4.632380766940002,5.413901802977657,3.7495849659574696,1.4655850000000001,0.23585793,-1.229775,0.10527933211547408,0.0803134260961354,0.9911942980807902,6.109723254826556,4.120982339842779,1.087334433718752,1.0956965136162216,0.7887353815963973
05/05/2023 11:40:05.277974,1068,True,True,True,True,Eyes,1.539075,0.05952382,-3.656864,0.7511935,0.1366641,-0.6457797,0.0,0.0,0.0,0.0,0.0,0.0,0.0,-2.1751,0.007051319,-3.311724,1.54302,0.05895706,-3.648868,-0.04455055,0.8809657,0.0123999,0.4709153,356.3416,123.8697,356.161,0.3544077,0.01360474,-0.9349918,0.5457844,0.01408371,-0.0768026,3.020585,0.2916023,-4.864006,0.177656,0.122851,1.915001,-0.5525082,-0.0668164,-0.8308252,-0.0901736,0.995723,-0.0201113,0.8286155,0.06380683,-0.5561703,moving,6.47279461775483,4.694768125653686,5.300199592802851,3.670604628259793,1.477565,0.23264523999999998,-1.215138,0.11235799303093247,0.08132923359036287,0.9903339884952019,6.5075969021087845,4.178966183222074,1.5452666912574533,1.5568846977012212,1.310053332152121
05/05/2023 11:40:05.292134,1069,True,True,True,True,Eyes,1.540226,0.05947971,-3.656839,0.7517285,0.136821,-0.6451235,0.0,0.0,0.0,0.0,0.0,0.0,0.0,-2.193906,0.007228419,-3.303814,1.553058,0.05849707,-3.648706,-0.04389409,0.8792458,0.01235787,0.4741809,356.3674,123.443,356.2387,0.3579046,0.01374813,-0.9336567,0.5130373,0.01323869,-0.07219445,3.042292,0.2879713,-4.849233,0.1735361,0.1200024,1.915,-0.5464514,-0.06546765,-0.8349279,-0.08890712,0.9958412,-0.01989628,0.8327581,0.06335868,-0.5499994,moving,6.851431209600746,4.751890529178189,5.177964948000487,3.5857192589503186,1.4892340000000002,0.22947423,-1.2005270000000001,0.11889101378672778,0.08225352620749697,0.9894944862265257,6.875159388321357,4.232034472735641,2.0251768743276517,2.0397168333421263,1.816092597811697
05/05/2023 11:40:05.312082,1070,True,True,True,True,Eyes,1.541736,0.05941935,-3.656793,0.7524381,0.1369553,-0.6442671,0.0,0.0,0.0,0.0,0.0,0.0,0.0,-2.213239,0.006399192,-3.294858,1.562774,0.05786104,-3.648142,-0.04346853,0.8774532,0.01219359,0.477533,356.3929,123.0046,356.2866,0.3609438,0.01387282,-0.9324841,0.482255,0.01244437,-0.06786278,3.063327,0.2845086,-4.834305,0.1701258,0.1176435,1.915001,-0.5401454,-0.06463751,-0.8390858,-0.08792886,0.9959236,-0.02011671,0.8369657,0.06291392,-0.5436272,moving,7.224231500580511,4.81033448897366,5.076742924205923,3.5154110865150043,1.500553,0.22664756,-1.1861629999999996,0.125316838727697,0.08319650950779744,0.9886222612348584,7.236996917718308,4.286427318827981,2.490404751316486,2.507694918424978,2.293722595907427
05/05/2023 11:40:05.332851,1071,True,True,True,True,Eyes,1.543584,0.05934234,-3.656743,0.7532848,0.1372392,-0.6432164,0.0,0.0,0.0,0.0,0.0,0.0,0.0,-2.232757,-0.0006469488,-3.285921,1.572849,0.05742098,-3.647648,-0.04446686,0.8755537,0.01140145,0.4809349,356.4031,122.5614,356.1565,0.3637089,0.0139832,-0.9314075,0.4533197,0.01169771,-0.06379101,3.084788,0.2808921,-4.819042,0.1662074,0.1149343,1.915,-0.5334484,-0.06689955,-0.8431826,-0.08883297,0.9957854,-0.02280616,0.8411546,0.0627365,-0.5371431,moving,7.573583473212635,4.884712827573809,4.960406317241042,3.4346529178738034,1.5119390000000001,0.22347111999999997,-1.1713939999999998,0.13132894832368575,0.08441357385023716,0.9877383160729692,7.575547099344301,4.356479560933167,2.968275030145957,2.9885395413497493,2.7728551476905063
05/05/2023 11:40:05.342878,1072,True,True,True,True,Eyes,1.54577,0.05922572,-3.656662,0.7541892,0.1377668,-0.6420428,0.0,0.0,0.0,0.0,0.0,0.0,0.0,-2.249577,-0.002188675,-3.278682,1.583002,0.05693214,-3.647083,-0.04843329,0.8737036,0.01156752,0.4839034,356.1533,122.1818,355.779,0.3662353,0.01408027,-0.9304155,0.4261205,0.01099585,-0.05996355,3.103834,0.2851781,-4.805162,0.1623268,0.1122515,1.914999,-0.5269834,-0.07343755,-0.8466967,-0.0958278,0.9950408,-0.02666089,0.8444557,0.06708724,-0.5314075,moving,7.846058995904435,4.7436464363299295,4.845151460788708,3.3546681693906546,1.520832,0.22824596,-1.1580790000000003,0.1360530445319827,0.08192873707856613,0.9873080819708758,7.84496359381681,4.217417275786836,3.2865553395895937,3.3067667986031277,3.1214113561096077
05/05/2023 11:40:05.362433,1073,True,True,True,True,Eyes,1.548292,0.05904854,-3.656515,0.7550937,0.1386117,-0.6407967,0.0,0.0,0.0,0.0,0.0,0.0,0.0,-2.263175,0.003976211,-3.273372,1.593273,0.05583649,-3.646273,-0.05367532,0.8720014,0.01273388,0.486385,355.732,121.8704,355.3282,0.3685545,0.01416433,-0.929498,0.4005533,0.0103361,-0.05636574,3.120908,0.2943631,-4.792463,0.1584103,0.1095424,1.915,-0.5210971,-0.08122276,-0.8496237,-0.105997,0.9939137,-0.0300058,0.8468898,0.07442166,-0.5265349,moving,8.054560060154632,4.4575300787951715,4.728785440846247,3.2738825174589126,1.527635,0.23852660999999997,-1.1461899999999998,0.13970049392273548,0.07695798496723111,0.9871987390768878,8.055926140301624,3.9376479009263345,3.5122007686047354,3.5301272452835333,3.3927053686198674
05/05/2023 11:40:05.383167,1074,True,True,True,True,Eyes,1.551131,0.05879121,-3.656314,0.7560397,0.1396298,-0.6394588,0.0,0.0,0.0,0.0,0.0,0.0,0.0,-2.273154,0.01791526,-3.270056,1.603508,0.05405607,-3.645087,-0.05876266,0.8705477,0.01475091,0.4883403,355.2346,121.6296,354.9394,0.3706954,0.01423513,-0.9286452,0.3765201,0.00971593,-0.05298379,3.136185,0.30563,-4.780926,0.1545208,0.1068526,1.915,-0.5161414,-0.08790445,-0.8519806,-0.1167183,0.9926587,-0.03170962,0.8485134,0.08307508,-0.5226123,moving,8.2021026792078,4.092356193871298,4.613185428711521,3.19366123424248,1.5326769999999998,0.25157393,-1.1358389999999998,0.14230888581349738,0.07063805254375027,0.9872985933712846,8.20959609604164,3.581361039695907,3.685241911493298,3.6997269711928755,3.617247686741191
05/05/2023 11:40:05.392428,1075,True,True,True,True,Eyes,1.554272,0.05847564,-3.656074,0.7571911,0.1405357,-0.6378961,0.0,0.0,0.0,0.0,0.0,0.0,0.0,-2.283336,0.0266661,-3.266352,1.613905,0.05184394,-3.643625,-0.0624073,0.8691102,0.01592064,0.4904074,354.9006,121.3695,354.6505,0.3726835,0.01429199,-0.9278482,0.3539289,0.009132974,-0.04980477,3.1527,0.3112516,-4.768568,0.1504375,0.1040285,1.915001,-0.5112121,-0.09286243,-0.8544233,-0.1240928,0.9917037,-0.03353641,0.850449,0.08888359,-0.5184945,moving,8.35013656138366,3.8711561756428092,4.4917826459189865,3.109419447671408,1.538795,0.25940766000000004,-1.124943,0.1448976587260366,0.06680054207276069,0.9871891588562999,8.359864383206313,3.3651552258533624,3.919911472561761,3.9328282164012904,3.8765264238204376
05/05/2023 11:40:05.412164,1076,True,True,True,True,Eyes,1.557712,0.05810193,-3.655768,0.7584086,0.1414577,-0.6362438,0.0,0.0,0.0,0.0,0.0,0.0,0.0,-2.294139,0.02315968,-3.262129,1.624559,0.05017583,-3.641893,-0.06492619,0.8676262,0.01551285,0.4927156,354.7847,121.0722,354.3886,0.3745412,0.01433482,-0.9270992,0.3326932,0.008584996,-0.04681648,3.170743,0.3105446,-4.755712,0.1467702,0.1014936,1.915,-0.5060319,-0.09737649,-0.8570004,-0.1279502,0.9910879,-0.03706157,0.8529716,0.09089901,-0.5139814,moving,8.513223582288767,3.8691944542141443,4.382718125810765,3.033795985587155,1.5461839999999998,0.26036877,-1.113819,0.1477076196919035,0.06673869880001049,0.986776805386671,8.518897574164587,3.3621649983705963,4.200315234568992,4.214138812068115,4.149193492420051
05/05/2023 11:40:05.432129,1077,True,True,True,True,Eyes,1.561415,0.05764538,-3.655387,0.7598893,0.1419607,-0.6343622,0.0,0.0,0.0,0.0,0.0,0.0,0.0,-2.304522,0.02037656,-3.258034,1.635163,0.04840919,-3.640044,-0.06706949,0.8661831,0.01514547,0.4949738,354.6849,120.78,354.1668,0.3762884,0.01436353,-0.926391,0.3127316,0.008069896,-0.04400749,3.188821,0.3091841,-4.742552,0.1428342,0.09877129,1.914999,-0.5010051,-0.1011957,-0.8595075,-0.1311821,0.9905446,-0.04015778,0.8554443,0.09263279,-0.5095429,moving,8.655730287172664,3.8514989228208405,4.265626855003992,2.9525695578989697,1.553658,0.26077491,-1.1025079999999998,0.15016478732634836,0.06640907275298549,0.9864280820673857,8.65829276039822,3.344002498885049,4.4666715247041715,4.481192045455985,4.410071825231637
05/05/2023 11:40:05.442642,1078,True,True,True,True,Eyes,1.565383,0.05711092,-3.654912,0.7614599,0.1421686,-0.6324292,0.0,0.0,0.0,0.0,0.0,0.0,0.0,-2.312059,0.009350866,-3.255036,1.645314,0.04604503,-3.637552,-0.0667995,0.8650562,0.01341424,0.4970269,354.8588,120.5048,354.1082,0.3779427,0.01437747,-0.9257171,0.2939677,0.007585702,-0.04136704,3.207136,0.2986702,-4.729652,0.1390073,0.09612526,1.915,-0.4970044,-0.1022362,-0.8617045,-0.1289051,0.9907157,-0.04319415,0.8581203,0.08961043,-0.5055689,moving,8.763564114176795,4.061816952110656,4.151742555315297,2.87360469678784,1.5618220000000003,0.25262517,-1.0920999999999998,0.15198350934787758,0.07000984478947375,0.985900308177996,8.757742466082371,3.5479235349282985,4.744528207105767,4.762430729625264,4.65509839567945
05/05/2023 11:40:05.462192,1079,True,True,True,True,Eyes,1.569581,0.05652189,-3.654335,0.7635053,0.1418078,-0.6300398,0.0,0.0,0.0,0.0,0.0,0.0,0.0,-2.317177,-0.007787094,-3.253545,1.655608,0.04369323,-3.634829,-0.06412274,0.8642155,0.01066322,0.4989049,355.2727,120.2433,354.2301,0.3795196,0.01437614,-0.9250718,0.2763296,0.00713056,-0.03888502,3.226256,0.2806108,-4.717022,0.1350985,0.09342205,1.915,-0.4939643,-0.1001919,-0.8636902,-0.1214716,0.9915491,-0.04555165,0.8609551,0.08241292,-0.5019604,moving,8.815705908989582,4.443409110846049,4.035389342090677,2.7929237173469086,1.5706479999999998,0.23691757,-1.0821930000000002,0.15280685359071366,0.07656454908534818,0.9852856845463824,8.798286132680095,3.918860920838303,5.033560411040939,5.057225377014766,4.894172087699104
05/05/2023 11:40:05.472451,1080,True,True,True,True,Eyes,1.574013,0.05590054,-3.653644,0.7656095,0.141204,-0.6276174,0.0,0.0,0.0,0.0,0.0,0.0,0.0,-2.32148,-0.02356564,-3.251886,1.665339,0.04188219,-3.631732,-0.06066927,0.8634683,0.008080541,0.5006761,355.7157,119.9943,354.4363,0.381033,0.01435972,-0.9244497,0.2597499,0.006702727,-0.03655192,3.244496,0.262354,-4.704278,0.1312814,0.09078261,1.915,-0.4912856,-0.09668052,-0.8656164,-0.1128635,0.9925079,-0.04679673,0.8636554,0.07470589,-0.4985166,moving,8.860206752009995,4.82449345702344,3.921733571110242,2.714135340722974,1.579157,0.22047181,-1.0725460000000004,0.1534913646625548,0.08310719986659179,0.9846490091364389,8.83139494197035,4.289354883715467,5.34072152977564,5.3704868250002615,5.156170224608711
05/05/2023 11:40:05.492411,1081,True,True,True,True,Eyes,1.578654,0.05524943,-3.652842,0.7681702,0.140213,-0.6247038,0.0,0.0,0.0,0.0,0.0,0.0,0.0,-2.326042,-0.03846835,-3.249785,1.675365,0.04052988,-3.6283,-0.05776202,0.8626238,0.005722924,0.5025049,356.1052,119.7395,354.5994,0.3824952,0.01432892,-0.9238461,0.2441649,0.006300563,-0.0343588,3.262908,0.2460378,-4.690668,0.1272147,0.08797033,1.915001,-0.4883047,-0.09390218,-0.8676064,-0.1054054,0.9932616,-0.04817794,0.8662841,0.06792486,-0.4949121,moving,8.878148582244553,5.132500053823293,3.8006098775131507,2.630174949394803,1.587543,0.20550792,-1.0623679999999998,0.15372943550071616,0.0883958647487166,0.9841511118865021,8.840583204274257,4.588921471950151,5.62572072471358,5.6606563423598235,5.4072191627569595
05/05/2023 11:40:05.512346,1082,True,True,True,True,Eyes,1.583518,0.05455686,-3.65191,0.7707344,0.1390885,-0.6217901,0.0,0.0,0.0,0.0,0.0,0.0,0.0,-2.331216,-0.05311567,-3.246723,1.685119,0.03925164,-3.624559,-0.0559904,0.8616486,0.003526167,0.5043951,356.4133,119.4794,354.6573,0.3839168,0.01428444,-0.9232569,0.229515,0.005922529,-0.03229728,3.280399,0.2325425,-4.676964,0.1236738,0.08552147,1.915,-0.4849014,-0.09293093,-0.8696176,-0.1000452,0.9937053,-0.05040593,0.8688278,0.0625592,-0.4911463,moving,8.900924549940177,5.36865352224577,3.695122704434097,2.557057777961987,1.59528,0.19329086,-1.0524049999999998,0.1540637399117747,0.09244656617519201,0.9837266139941689,8.856420549423772,4.818544040385778,5.877480734288933,5.916539823575025,5.635008035471343
05/05/2023 11:40:05.532635,1083,True,True,True,True,Eyes,1.588582,0.05380978,-3.650851,0.7735968,0.1377398,-0.6185271,0.0,0.0,0.0,0.0,0.0,0.0,0.0,-2.334064,-0.06566904,-3.245233,1.69531,0.0376009,-3.620527,-0.05479944,0.8607878,0.001579238,0.5060029,356.6649,119.2581,354.6695,0.3853071,0.01422666,-0.9226785,0.2157441,0.005567178,-0.03035944,3.297471,0.22027,-4.663681,0.1198461,0.08287486,1.915,-0.4819162,-0.09274319,-0.8712953,-0.09593958,0.9939891,-0.05273858,0.8709491,0.05817613,-0.4879171,moving,8.86099495691898,5.535024051372648,3.5810611141783566,2.4780254117725953,1.6021609999999997,0.1826691,-1.0431540000000004,0.15333649560621548,0.09531354278952153,0.9835666131914018,8.81301220240256,4.980684736531087,6.059251854310584,6.1010607328754185,5.799708258642933
05/05/2023 11:40:05.542741,1084,True,True,True,True,Eyes,1.593848,0.05300209,-3.64964,0.7764796,0.1362162,-0.6152434,0.0,0.0,0.0,0.0,0.0,0.0,0.0,-2.337031,-0.08253355,-3.243047,1.705312,0.0356125,-3.616148,-0.0535224,0.8598823,-0.0009528046,0.507678,356.9788,119.0255,354.6555,0.3866758,0.0141555,-0.9221067,0.2027994,0.005233147,-0.02853787,3.314664,0.205463,-4.649696,0.1159204,0.08016069,1.914999,-0.4787969,-0.09301335,-0.8729845,-0.09107848,0.9942689,-0.05598288,0.8731885,0.05270568,-0.4845243,moving,8.824486121647652,5.75840207108027,3.46405150616853,2.396967038464129,1.6093520000000001,0.16985050000000002,-1.0335479999999997,0.1526521026060551,0.09915804433289516,0.9832928767240136,8.771401938637602,5.198270138745038,6.281786507004363,6.327203548592843,6.001272171187796
05/05/2023 11:40:05.562433,1085,True,True,True,True,Eyes,1.5993,0.05218067,-3.648277,0.7796538,0.1345729,-0.6115799,0.0,0.0,0.0,0.0,0.0,0.0,0.0,-2.342941,-0.1012637,-3.238433,1.71541,0.03313867,-3.611557,-0.05250797,0.8586963,-0.003729692,0.5097742,357.2987,118.7355,354.6014,0.3880298,0.01407085,-0.9215392,0.1906315,0.004919158,-0.0268256,3.332847,0.1898851,-4.633854,0.1119998,0.07744914,1.915,-0.4747466,-0.0939794,-0.8750908,-0.08637421,0.994458,-0.05993977,0.8758742,0.04712908,-0.4802329,moving,8.813587086822036,5.99042153081395,3.3471614207594933,2.3159748237445874,1.617437,0.15674643,-1.0222970000000005,0.15240297585670376,0.10314308220916196,0.9829215252985737,8.754523678552752,5.424093695918835,6.537324326885958,6.586605207971721,6.236984007561085
05/05/2023 11:40:05.582316,1086,True,True,True,True,Eyes,1.604928,0.0514526,-3.646771,0.7829166,0.1326076,-0.6078296,0.0,0.0,0.0,0.0,0.0,0.0,0.0,-2.35297,-0.1278749,-3.229722,1.725348,0.03206725,-3.606394,-0.05113534,0.8571112,-0.007317621,0.512535,357.7148,118.352,354.5352,0.3893759,0.01397374,-0.9209727,0.1791936,0.004624009,-0.02521607,3.352541,0.1725189,-4.614872,0.1081464,0.07478444,1.914999,-0.4693859,-0.0951584,-0.8778505,-0.08015626,0.9946632,-0.06496133,0.8793472,0.03987327,-0.4745084,moving,8.8813158271325,6.31139943078659,3.232251124642042,2.2363753583728614,1.627193,0.14045165,-1.0084780000000002,0.15347457937291076,0.10862965548836381,0.9821635058401772,8.811895545016295,5.735950998480424,6.91033484963683,6.965468627714505,6.586308641314024
05/05/2023 11:40:05.592586,1087,True,True,True,True,Eyes,1.61074,0.0508869,-3.645134,0.7862269,0.1312409,-0.6038402,0.0,0.0,0.0,0.0,0.0,0.0,0.0,-2.36569,-0.1717565,-3.217905,1.735067,0.03395088,-3.601289,-0.05015221,0.8551643,-0.01264363,0.5157704,358.2746,117.8951,354.3262,0.3907198,0.01386777,-0.9204049,0.168442,0.004346568,-0.0237031,3.373223,0.153081,-4.594051,0.1043661,0.07217038,1.915,-0.4629317,-0.09881917,-0.8808686,-0.07273433,0.9946498,-0.0733588,0.883405,0.03010928,-0.4676425,moving,8.977658262694229,6.839509185611789,3.1194920643810873,2.1582778958467403,1.638156,0.11913011999999999,-0.9927620000000004,0.15496556505089704,0.11765004247792149,0.9808894129339245,8.891577710306445,6.249154583871732,7.4340540649821385,7.49880241074093,7.074761111198304
05/05/2023 11:40:05.612404,1088,True,True,True,True,Eyes,1.616756,0.05029861,-3.643353,0.7893586,0.130429,-0.5999177,0.0,0.0,0.0,0.0,0.0,0.0,0.0,-2.372588,-0.1755435,-3.21283,1.745255,0.03727227,-3.596521,-0.05646568,0.8534901,-0.01212895,0.5178989,357.8347,117.6195,353.7408,0.3920669,0.01375793,-0.9198336,0.1583354,0.004085774,-0.02228092,3.38916,0.1675862,-4.577688,0.1002845,0.06934771,1.915001,-0.4571848,-0.1089489,-0.8826733,-0.08382265,0.993329,-0.07919091,0.8854128,0.03778313,-0.4632672,moving,8.939827477328395,6.444890725015585,2.9977189262381905,2.073939192456127,1.643905,0.13031393,-0.9811670000000001,0.1544385277710153,0.11090080364647821,0.9817584851167505,8.865335787662206,5.865447908629548,7.318297086687138,7.376575854210625,6.98601932271064
05/05/2023 11:40:05.632163,1089,True,True,True,True,Eyes,1.77042,0.03664256,-3.594874,0.8657054,0.1001148,-0.4904398,0.0,0.0,0.0,0.0,0.0,0.0,0.0,-2.372253,-0.1455523,-3.21462,1.756113,0.03606165,-3.591284,-0.06219112,0.8525788,-0.008085771,0.5188219,357.0913,117.5235,353.4204,0.3934221,0.01364406,-0.9192564,0.1488353,0.003840628,-0.02094406,3.401906,0.1883599,-4.565522,0.09642923,0.06668162,1.915,-0.4539122,-0.1144358,-0.8836674,-0.09765553,0.9921337,-0.07831975,0.8856789,0.05074473,-0.4615169,moving,1.6627205922718624,3.0507129030738938,2.8826763875063457,1.9942727912217943,1.6457929999999998,0.15229825,-0.9742379999999997,0.028974789814616653,0.053197485284457016,0.9981635634037384,1.8629582610595248,2.6112241055274446,1.6137091136663069,1.6138022965209453,1.1918280000183263
05/05/2023 11:40:05.642710,1090,True,True,True,True,Eyes,1.770832,0.03676542,-3.594655,0.8658394,0.1001243,-0.4902014,0.0,0.0,0.0,0.0,0.0,0.0,0.0,-2.381479,-0.1920411,-3.203772,1.765514,0.03668949,-3.585259,-0.05847268,0.8509624,-0.01416716,0.5217695,357.8849,117.0921,353.4323,0.3994392,0.01311618,-0.9166657,0.6008972,-0.03735797,0.1257513,3.422345,0.1602539,-4.544162,0.09242642,0.06391449,1.915,-0.4486754,-0.1143001,-0.8863557,-0.08473212,0.9927605,-0.08512997,0.8896692,0.03690708,-0.455112,moving,1.9855530077300603,3.8880032540807274,2.763204975253314,1.9115778988255443,1.656831,0.12356441000000001,-0.9589029999999998,0.0345678583952439,0.06776587228984046,0.9971023038402697,2.1550937309706213,3.4237535854399272,2.123434503592599,2.123911431177949,1.6298695017119393
05/05/2023 11:40:05.662534,1091,True,True,True,True,Eyes,1.771616,0.03693252,-3.594204,0.8661979,0.1002247,-0.4895469,0.0,0.0,0.0,0.0,0.0,0.0,0.0,-2.393637,-0.1998384,-3.193832,1.77575,0.03976849,-3.579821,-0.05918882,0.8490823,-0.01466573,0.5247294,357.8675,116.6923,353.3396,0.4044262,0.01267366,-0.9144825,0.5648434,-0.03511649,0.1182062,3.441089,0.1615659,-4.52356,0.08859032,0.0612611,1.915001,-0.4423117,-0.1159035,-0.8893409,-0.08512129,0.9925632,-0.08702108,0.8928131,0.03721141,-0.4488881,moving,2.3339308112040333,3.922371962776328,2.64868537251256,1.8322736501438897,1.665339,0.12179741000000002,-0.9437389999999999,0.040628280658470406,0.06834836450473072,0.9968338896899398,2.4937726629298895,3.4548835478235183,2.112330670250708,2.1136653922353674,1.6299879838937892
05/05/2023 11:40:05.682441,1092,True,True,True,True,Eyes,1.772739,0.0372033,-3.593558,0.8667566,0.099902,-0.4886231,0.0,0.0,0.0,0.0,0.0,0.0,0.0,-2.409533,-0.2024762,-3.180723,1.785188,0.04097463,-3.57425,-0.0586089,0.8470268,-0.01483411,0.5281012,357.8926,116.2365,353.3945,0.4085829,0.01230353,-0.9126379,0.5309528,-0.0330095,0.1111138,3.459855,0.1599295,-4.501196,0.08492512,0.05872617,1.915001,-0.4353487,-0.1149544,-0.8928928,-0.08361879,0.9926899,-0.08703262,0.8963704,0.03677308,-0.4417785,moving,2.726978415240091,3.9737154041423275,2.53924924716819,1.756504310542936,1.6746670000000001,0.11895487,-0.926946,0.04746266449192865,0.06922073043990176,0.9964716418733968,2.8755390384282995,3.502233432250045,2.2223715383572467,2.225144326583149,1.7778247917278132
05/05/2023 11:40:05.692622,1093,True,True,True,True,Eyes,1.774202,0.03758416,-3.59276,0.8674159,0.09988356,-0.4874556,0.0,0.0,0.0,0.0,0.0,0.0,0.0,-2.425164,-0.2326903,-3.165991,1.794376,0.04380544,-3.568943,-0.05413812,0.8450291,-0.01862877,0.5316465,358.5055,115.7317,353.6073,0.4120717,0.01199648,-0.9110721,0.4990956,-0.03102893,0.104447,3.480187,0.1403245,-4.477583,0.08090311,0.05594568,1.915001,-0.4288423,-0.1113044,-0.8964965,-0.07168873,0.9934441,-0.08904839,0.9005306,0.02608098,-0.4340101,moving,3.0998050522348306,4.621275006136546,2.419138123583639,1.6733880971724198,1.685811,0.09651905999999999,-0.9086400000000001,0.05390013034910168,0.08045192220232239,0.9953001031170172,3.2215236792716984,4.129826346835162,3.02009467067483,3.0254495030989226,2.584165523797381
05/05/2023 11:40:05.712180,1094,True,True,True,True,Eyes,1.775964,0.03798273,-3.591795,0.8681526,0.09984138,-0.4861509,0.0,0.0,0.0,0.0,0.0,0.0,0.0,-2.435333,-0.2111895,-3.160125,1.804036,0.04682373,-3.56442,-0.05405314,0.8436508,-0.01554659,0.5339383,358.1954,115.439,353.8081,0.4151627,0.01173534,-0.9096711,0.4691499,-0.0291672,0.09818016,3.49576,0.1518932,-4.460571,0.07727128,0.05343387,1.915001,-0.4239763,-0.1078058,-0.8992344,-0.07460209,0.9936731,-0.08395387,0.9025957,0.03149031,-0.4293364,moving,3.353121552062423,4.3234165267413225,2.31066081207708,1.5982973740458466,1.6917240000000002,0.10506947,-0.8961509999999997,0.058323738146968174,0.07525793480160414,0.995456940523213,3.476489649136559,3.838334880984755,2.9114997491872727,2.9177043700139498,2.5252573947644503
05/05/2023 11:40:05.732506,1095,True,True,True,True,Eyes,1.778028,0.0383681,-3.590677,0.8690079,0.09965732,-0.4846583,0.0,0.0,0.0,0.0,0.0,0.0,0.0,-2.443344,-0.2029933,-3.154004,1.812923,0.04762321,-3.559483,-0.05163876,0.8424789,-0.01464841,0.5360488,358.2419,115.1554,354.1017,0.4179857,0.01151019,-0.9083803,0.4410009,-0.02741716,0.09228935,3.511078,0.1492532,-4.443288,0.07331926,0.05070116,1.915,-0.4199703,-0.1027136,-0.9017065,-0.07130459,0.9942378,-0.08004373,0.9047323,0.03067983,-0.4248743,moving,3.5548943860488422,4.3620248340735435,2.192602242133669,1.5165973930904741,1.6981549999999999,0.10162999,-0.8838049999999997,0.06182589474729899,0.07591266914618533,0.9951958625580597,3.6721410098114333,3.8745621096055647,3.1473543251417495,3.154726169934953,2.783708420325579
05/05/2023 11:40:05.742395,1096,True,True,True,True,Eyes,1.780354,0.03872373,-3.589434,0.8699311,0.09938778,-0.4830549,0.0,0.0,0.0,0.0,0.0,0.0,0.0,-2.450715,-0.1972212,-3.149148,1.82195,0.04764819,-3.555313,-0.04742869,0.8414871,-0.01432513,0.5380009,358.4572,114.8884,354.5332,0.420576,0.01131712,-0.9071863,0.4145408,-0.02577213,0.08675199,3.526443,0.1403885,-4.427358,0.06945777,0.04803039,1.915,-0.4166111,-0.09523512,-0.9040828,-0.06440739,0.9950906,-0.07514218,0.9068005,0.02692455,-0.4206997,moving,3.7290007656761692,4.550317307478388,2.0772288916011137,1.4367424568026885,1.704493,0.09274030999999999,-0.872045,0.06483327470866168,0.0791676530741785,0.9947508306967258,3.836788114680673,4.056613143485037,3.5157962802129474,3.5245848939620714,3.1559104984872084
05/05/2023 11:40:05.762756,1097,True,True,True,True,Eyes,1.782929,0.03906175,-3.588061,0.8710014,0.09875214,-0.481253,0.0,0.0,0.0,0.0,0.0,0.0,0.0,-2.458037,-0.1885973,-3.144147,1.830506,0.04727532,-3.551082,-0.04378017,0.8404791,-0.01363728,0.5399004,358.6047,114.6306,354.9316,0.4229641,0.01115217,-0.9060774,0.3896684,-0.0242258,0.08154687,3.54102,0.133226,-4.411503,0.0655033,0.04529576,1.915001,-0.4131818,-0.08831817,-0.9063559,-0.05886707,0.9957946,-0.07019756,0.908744,0.02435017,-0.4166433,moving,3.8879108848109887,4.6478643161600415,1.9590590072977732,1.3549716426517342,1.710514,0.08595068,-0.8604209999999997,0.0675828249547536,0.08084632495629931,0.9944326560797042,3.9890675007139347,4.1504710423761315,3.8062578889417193,3.8162300408427874,3.4548156791934965
05/05/2023 11:40:05.782653,1098,True,True,True,True,Eyes,1.785743,0.03944391,-3.586585,0.8721083,0.098106,-0.4793769,0.0,0.0,0.0,0.0,0.0,0.0,0.0,-2.465431,-0.2100394,-3.137426,1.838761,0.04721176,-3.5472,-0.04074405,0.8392528,-0.01662329,0.5419581,359.0683,114.3346,355.0424,0.4251765,0.01101214,-0.9050431,0.3662883,-0.02277226,0.07665406,3.555974,0.1155463,-4.39536,0.06174242,0.04269537,1.915001,-0.409243,-0.08640737,-0.908325,-0.05037085,0.9961271,-0.07206543,0.9110342,0.01626084,-0.4120106,moving,4.0325842119767765,5.080842610464807,1.8466596424047896,1.2772104554660322,1.7172129999999999,0.06833454,-0.84816,0.07004881248537959,0.08834370606764996,0.9936238925700813,4.118427634759979,4.570792710801276,4.374869678888733,4.387013083454288,4.001076590587678
05/05/2023 11:40:05.792714,1099,True,True,True,True,Eyes,1.788788,0.03983895,-3.585057,0.8732473,0.09783098,-0.4773555,0.0,0.0,0.0,0.0,0.0,0.0,0.0,-2.471033,-0.2255332,-3.13255,1.847289,0.04868107,-3.543287,-0.04234507,0.8379597,-0.01824228,0.5437808,359.113,114.0785,354.7894,0.4272372,0.01089562,-0.9040735,0.344311,-0.02140592,0.07205482,3.570003,0.1128697,-4.380129,0.05778879,0.03996138,1.915001,-0.4050187,-0.09080654,-0.909788,-0.05112732,0.9957482,-0.07662547,0.9128779,0.01548028,-0.4079394,moving,4.129740950093811,5.139246087599761,1.7284843474837788,1.1954490690353625,1.7227139999999999,0.06418863,-0.8368420000000003,0.07172717168257903,0.08934581533497561,0.9934145957805565,4.211563700328796,4.6269740843387055,4.60429421494399,4.617311793155809,4.235687311780444
05/05/2023 11:40:05.812807,1100,True,True,True,True,Eyes,1.792072,0.04022764,-3.583442,0.8743398,0.09793275,-0.4753305,0.0,0.0,0.0,0.0,0.0,0.0,0.0,-2.473381,-0.2169362,-3.132603,1.856211,0.04940716,-3.539762,-0.04791399,0.8369178,-0.01658136,0.5449752,358.5979,113.9272,354.3586,0.4291668,0.01080058,-0.9031603,0.3236523,-0.02012157,0.06773153,3.582138,0.1280824,-4.368323,0.05395526,0.03731047,1.915,-0.4014126,-0.098273,-0.9106099,-0.06212728,0.9948586,-0.07997835,0.9137879,0.0244694,-0.4054542,moving,4.156695665880424,4.665453819416529,1.6138856645151052,1.116168162543602,1.725927,0.07867524000000001,-0.8285610000000001,0.07224548908764666,0.08112503157523049,0.9940821455872028,4.250609901078583,4.165802919233102,4.354471109692919,4.366155216792845,4.031449720496324
05/05/2023 11:40:05.832525,1101,True,True,True,True,Eyes,1.795593,0.04060033,-3.581749,0.8755065,0.09829868,-0.4731023,0.0,0.0,0.0,0.0,0.0,0.0,0.0,-2.475336,-0.2032699,-3.133127,1.865185,0.04959683,-3.53606,-0.05303193,0.8359379,-0.01441009,0.5460659,358.0616,113.7934,354.0039,0.4309837,0.01072472,-0.9022956,0.3042332,-0.01891427,0.06366764,3.593923,0.1436179,-4.356774,0.05016792,0.03469141,1.915,-0.3979993,-0.1044005,-0.9114257,-0.07292507,0.99396,-0.08200973,0.9144825,0.03382596,-0.4032088,moving,4.1677162214412595,4.177651736874474,1.5006541949959489,1.0378349796606727,1.728738,0.09402106999999998,-0.8207139999999997,0.07248415503113315,0.07265756492206353,0.9947195453122959,4.274500790498362,3.6911060919520455,4.109555836707771,4.119668569410306,3.8384987339714236
05/05/2023 11:40:05.842943,1102,True,True,True,True,Eyes,1.799333,0.0409518,-3.579988,0.8766679,0.09885783,-0.4708297,0.0,0.0,0.0,0.0,0.0,0.0,0.0,-2.479602,-0.1874527,-3.132448,1.874253,0.04946914,-3.532778,-0.05721562,0.8348448,-0.01208653,0.5473706,357.5667,113.6307,353.7503,0.4327058,0.0106657,-0.9014718,0.2859792,-0.01777942,0.05984758,3.606253,0.1574737,-4.344498,0.0461967,0.03194523,1.915,-0.3942238,-0.1087639,-0.9125559,-0.0823007,0.9931606,-0.08281705,0.9153221,0.04245555,-0.4004789,moving,4.21265233346835,3.738304957761528,1.3819126205659265,0.9556956160490904,1.7320000000000002,0.10800456,-0.8117199999999998,0.0733029700102178,0.06502404577731812,0.9951877370140967,4.330147179510809,3.263330602577519,3.9606368836919756,3.9693830844084856,3.7439639749344527
05/05/2023 11:40:05.867737,1103,True,True,True,True,Eyes,1.80327,0.04130295,-3.578189,0.8780307,0.09910508,-0.4682311,0.0,0.0,0.0,0.0,0.0,0.0,0.0,-2.485728,-0.1784113,-3.129672,1.883238,0.04928054,-3.529378,-0.0598018,0.8336236,-0.01075476,0.5489806,357.2643,113.4196,353.5901,0.4343469,0.01062131,-0.9006828,0.2688204,-0.01671265,0.05625673,3.619397,0.1650078,-4.330771,0.04231387,0.02926036,1.915,-0.3900878,-0.1115127,-0.9140001,-0.08789606,0.9926162,-0.08359091,0.9165727,0.04772921,-0.3970089,moving,4.274696552442055,3.4688232691247363,1.265802465957175,0.8753862588319642,1.7361590000000002,0.11572726000000001,-0.8013930000000005,0.07440253024035015,0.06033770816298165,0.9954012831511616,4.3978924617807005,3.0007177198582062,3.964358296305514,3.972324149668553,3.7851052245830306
05/05/2023 11:40:05.882365,1104,True,True,True,True,Eyes,1.807413,0.04164351,-3.576335,0.8794039,0.0993609,-0.4655922,0.0,0.0,0.0,0.0,0.0,0.0,0.0,-2.493168,-0.1846699,-3.125191,1.892053,0.04970019,-3.526254,-0.06058899,0.8323117,-0.01141344,0.5508685,357.2628,113.1585,353.4793,0.4359199,0.01059007,-0.8999228,0.2526912,-0.01570989,0.05288132,3.633519,0.1632192,-4.31608,0.03852803,0.0266429,1.914999,-0.3857461,-0.1134325,-0.9156055,-0.08828326,0.9923974,-0.08575221,0.9183716,0.04775405,-0.3928276,moving,4.355379114356782,3.501240337175404,1.1525832317782616,0.7970903596591783,1.7414660000000002,0.11351901,-0.7898260000000001,0.07580158195157422,0.060894440565587495,0.9952617202357898,4.475669606167518,3.031723974233645,4.1833593045441715,4.191697575727873,4.004558707652777
05/05/2023 11:40:05.892247,1105,True,True,True,True,Eyes,1.811746,0.04195822,-3.574409,0.880996,0.09911724,-0.4626249,0.0,0.0,0.0,0.0,0.0,0.0,0.0,-2.499238,-0.1862064,-3.122184,1.901101,0.04978758,-3.5231,-0.06103873,0.8311651,-0.01156866,0.5525442,357.236,112.9281,353.4319,0.4374362,0.01057038,-0.899187,0.2375297,-0.0147673,0.04970844,3.647527,0.1617795,-4.301832,0.03435129,0.02375434,1.915,-0.3819384,-0.1142509,-0.9170985,-0.08868212,0.9922809,-0.08668411,0.9199231,0.04822224,-0.3891222,moving,4.393257788934647,3.4686792633840686,1.0276620763825313,0.7106807454657725,1.7464260000000003,0.11199192,-0.7787320000000002,0.07646218829073287,0.06032577604140357,0.9952458549966547,4.513472081630954,2.999791371629421,4.342956652903212,4.351297545007546,4.17023966355716
05/05/2023 11:40:05.912979,1106,True,True,True,True,Eyes,1.816256,0.04226827,-3.572428,0.8826562,0.09864157,-0.4595518,0.0,0.0,0.0,0.0,0.0,0.0,0.0,-2.508239,-0.1976169,-3.115986,1.909769,0.04948864,-3.519945,-0.05936623,0.8298328,-0.01316964,0.554689,357.478,112.623,353.4974,0.4389058,0.01056045,-0.8984708,0.223278,-0.01388126,0.04672594,3.662268,0.1514411,-4.286095,0.0308547,0.02133653,1.915,-0.3775916,-0.1131382,-0.9190346,-0.08391797,0.9926044,-0.08771678,0.9221619,0.04400239,-0.3842935,moving,4.477121502021583,3.6893769946113224,0.9230763103806677,0.6383511935542949,1.752499,0.10195246,-0.7661500000000006,0.07790022107995542,0.06415174557562646,0.9948950159233078,4.589275499841784,3.2139706508230024,4.674529632595709,4.684014908488399,4.4804946250906825
05/05/2023 11:40:05.932894,1107,True,True,True,True,Eyes,1.820944,0.04257179,-3.570395,0.8845261,0.09775673,-0.4561327,0.0,0.0,0.0,0.0,0.0,0.0,0.0,-2.519896,-0.2153613,-3.107077,1.918449,0.04973326,-3.516712,-0.05708418,0.8282335,-0.0155267,0.5572517,357.8279,112.2551,353.5727,0.4403377,0.01055916,-0.8977699,0.2098813,-0.01304839,0.04392238,3.678035,0.1378182,-4.267978,0.02697396,0.0186523,1.915,-0.3724237,-0.1118626,-0.9212965,-0.0772535,0.9930006,-0.08933999,0.9248418,0.03790105,-0.3784587,moving,4.592770268191173,3.9975267806326094,0.8069931414345821,0.558049229488466,1.7595859999999999,0.08808494,-0.7512660000000002,0.07987957254990202,0.0694906396884687,0.9943792760992787,4.693706474078912,3.5130286212558963,5.103708175610208,5.114891423901185,4.882462876041702
05/05/2023 11:40:05.943118,1108,True,True,True,True,Eyes,1.825798,0.04286461,-3.568312,0.8864625,0.09667769,-0.45259,0.0,0.0,0.0,0.0,0.0,0.0,0.0,-2.533118,-0.2288222,-3.097397,1.927288,0.04994697,-3.513685,-0.05601947,0.8264474,-0.01722755,0.5599549,358.0366,111.8715,353.5721,0.4417397,0.01056549,-0.8970808,0.1972884,-0.01226548,0.04128704,3.693779,0.1288188,-4.249415,0.02306873,0.01595184,1.915,-0.3666246,-0.1118876,-0.9236166,-0.07330101,0.9931301,-0.09121209,0.9274768,0.03426144,-0.3723074,moving,4.727653362973142,4.161164559284138,0.6901707252485263,0.47725951372152353,1.7664910000000003,0.07887183,-0.7357299999999998,0.08220372345978288,0.0723166126906995,0.993988381787371,4.820782501873069,3.6713511326235606,5.453145514000098,5.465566981992757,5.221510788950799
05/05/2023 11:40:05.963812,1109,True,True,True,True,Eyes,1.830818,0.04313633,-3.56618,0.8885708,0.09523328,-0.4487455,0.0,0.0,0.0,0.0,0.0,0.0,0.0,-2.5475,-0.2503688,-3.085721,1.936064,0.0500361,-3.510452,-0.05455903,0.8244793,-0.01998292,0.5629013,358.3685,111.4466,353.5401,0.4431177,0.01057838,-0.8964008,0.1854511,-0.01152955,0.03880982,3.709933,0.1155825,-4.22938,0.01919132,0.01327101,1.914999,-0.3603307,-0.1124624,-0.9260203,-0.06746875,0.993248,-0.0943737,0.9303814,0.02847169,-0.3654854,moving,4.870842206789534,4.431470022778003,0.5741751459929402,0.39705539837199394,1.773869,0.0655464,-0.718928,0.08465785193805098,0.07698927092600912,0.9934312599621402,4.953080092145692,3.933404542514525,5.879582512453844,5.893882353165485,5.6285498840037524
05/05/2023 11:40:05.982325,1110,True,True,True,True,Eyes,1.835992,0.04337782,-3.564005,0.8907255,0.09369297,-0.4447803,0.0,0.0,0.0,0.0,0.0,0.0,0.0,-2.562463,-0.2627093,-3.074448,1.944908,0.04986588,-3.507464,-0.05344986,0.8225189,-0.02158332,0.565809,358.5686,111.0327,353.5471,0.4444792,0.01059666,-0.8957263,0.174324,-0.01083778,0.03648123,3.725685,0.1064794,-4.209743,0.01527774,0.01056456,1.915,-0.3540066,-0.1123511,-0.9284701,-0.06350298,0.9933546,-0.09599022,0.9330846,0.02497945,-0.3587888,moving,5.013506897892707,4.560024092238928,0.4570921420136416,0.31608279886281077,1.7807769999999998,0.05661352,-0.7022789999999994,0.08711605037008369,0.07920117468120623,0.9930446978574504,5.088687386774583,4.057539554027127,6.211127862195602,6.226712867092511,5.9540048003051576
05/05/2023 11:40:05.992776,1111,True,True,True,True,Eyes,1.841308,0.04357036,-3.56181,0.8930222,0.09188613,-0.4405317,0.0,0.0,0.0,0.0,0.0,0.0,0.0,-2.578422,-0.2738839,-3.062088,1.953729,0.0494111,-3.504305,-0.05188608,0.8204768,-0.0231119,0.5688511,358.7906,110.5991,353.6004,0.4458284,0.01061902,-0.8950552,0.1638646,-0.01018751,0.03429236,3.741462,0.09640121,-4.189302,0.01142031,0.007896982,1.915001,-0.3474327,-0.1114371,-0.9310599,-0.05884819,0.9935473,-0.09695648,0.9358566,0.02110535,-0.3517487,moving,5.161061398209771,4.691016410885583,0.34168536039325337,0.23627203054018026,1.7877329999999998,0.04699011,-0.6849969999999996,0.08965683899459698,0.08145287679924236,0.9926363731834186,5.228995641321155,4.184014517077684,6.545882402529199,6.56286011492695,6.282553025807015
05/05/2023 11:40:06.012517,1112,True,True,True,True,Eyes,1.846765,0.04371631,-3.559577,0.8953627,0.08994366,-0.4361604,0.0,0.0,0.0,0.0,0.0,0.0,0.0,-2.595627,-0.2872825,-3.048509,1.962509,0.04854251,-3.501345,-0.04969063,0.8183367,-0.02502494,0.5720399,359.0894,110.141,353.6863,0.4471697,0.01064381,-0.8943855,0.1540327,-0.009576261,0.03223481,3.757352,0.08330124,-4.168159,0.00749135,0.005180553,1.915001,-0.3406025,-0.1099579,-0.9337556,-0.05269682,0.9938092,-0.09780769,0.9387296,0.01589241,-0.3442882,moving,5.321777817503815,4.889173172344811,0.22413593955411892,0.15499892603626933,1.794843,0.03475873,-0.666814,0.09241446843574402,0.08486392839070418,0.992097677013449,5.380324084848832,4.375752142755971,6.937980962879549,6.956892877588209,6.663410080891574
05/05/2023 11:40:06.032652,1113,True,True,True,True,Eyes,1.852347,0.04380235,-3.557328,0.8977965,0.08785115,-0.4315596,0.0,0.0,0.0,0.0,0.0,0.0,0.0,-2.61265,-0.3017791,-3.034648,1.971303,0.0476105,-3.498256,-0.04768302,0.8161563,-0.02707217,0.5752239,359.3888,109.6813,353.7432,0.4485068,0.01066962,-0.8937154,0.1447907,-0.009001685,0.03030073,3.772911,0.07027387,-4.147056,0.003867745,0.002674464,1.915,-0.3336878,-0.1089787,-0.9363632,-0.04668847,0.9939869,-0.09904704,0.9415267,0.01066657,-0.3367694,moving,5.469162245952944,5.080242556058736,0.11572071196191554,0.08001848565716575,1.801608,0.022663370000000002,-0.6488,0.09493897064295342,0.08815085166051283,0.9915725326598733,5.5188472789873835,4.560682271921792,7.304541440508244,7.325406269421749,7.019268100367706
05/05/2023 11:40:06.052199,1114,True,True,True,True,Eyes,1.99514,0.04516338,-3.500208,0.9503688,0.03113481,-0.309564,0.0,0.0,0.0,0.0,0.0,0.0,0.0,-2.629918,-0.3212882,-3.019839,1.97997,0.04638864,-3.495239,-0.04575987,0.8138805,-0.02977614,0.5784618,359.7438,109.2077,353.746,0.4498426,0.01069483,-0.8930435,0.1361033,-0.008461584,0.02848268,3.78833,0.05497941,-4.125303,4.673004e-05,3.174692e-05,1.915,-0.3265762,-0.1089348,-0.9388723,-0.04003742,0.9940388,-0.1014091,0.9443225,0.004472228,-0.3289908,moving,-1.3250875364079888,1.392310241768374,0.0013981378944888144,0.000949850928654218,1.8083600000000002,0.008590769999999998,-0.6300639999999995,-0.0231182561772153,0.02429151369402489,0.9994376274170156,-1.004914367171323,1.0174379307121861,1.9219953193316084,1.9223548011039366,1.4303541079725122
05/05/2023 11:40:06.062703,1115,True,True,True,True,Eyes,1.995484,0.04511626,-3.50011,0.9504737,0.03112934,-0.3092421,0.0,0.0,0.0,0.0,0.0,0.0,0.0,-2.645912,-0.342807,-3.005653,1.988735,0.04574045,-3.492157,-0.04446879,0.8116295,-0.03260854,0.5815641,0.06928162,108.75,353.6782,0.4552558,0.01074,-0.8902956,0.5563177,-0.003870796,0.1981347,3.803473,0.04112314,-4.103673,-0.003988326,-0.002757668,1.914999,-0.3196113,-0.1101122,-0.941129,-0.03425644,0.9939184,-0.104655,0.9469292,-0.001209192,-0.3214396,moving,-0.9271414055371657,1.762004093234162,-0.11932847835745905,-0.08250794307538857,1.814738,-0.0046173099999999995,-0.6115159999999995,-0.016173314880599032,0.030743903533029943,0.9993964192922948,-0.6269533877230978,1.3745052668470552,2.013389881500242,2.0136500136343085,1.5429097648589098
05/05/2023 11:40:06.072892,1116,True,True,True,True,Eyes,1.996176,0.04501809,-3.499896,0.9506515,0.03099397,-0.3087086,0.0,0.0,0.0,0.0,0.0,0.0,0.0,-2.660149,-0.3529691,-2.994364,1.997423,0.04465395,-3.48934,-0.04364248,0.8096541,-0.03404006,0.5842919,0.2361423,108.3542,353.6587,0.4597583,0.0107825,-0.8879784,0.5229386,-0.003638549,0.1862466,3.817687,0.03211008,-4.084155,-0.008063853,-0.005576067,1.915001,-0.313397,-0.1104493,-0.9431775,-0.03089197,0.9938732,-0.1061212,0.9491198,-0.004121448,-0.3148888,moving,-0.5840465304187689,1.9598348967031718,-0.2412646326215557,-0.1668323945892625,1.8202639999999999,-0.012543869999999999,-0.5948150000000001,-0.0101873958800478,0.03419712554302195,0.9993631341571232,-0.2978301862847986,1.5647163069243015,2.154003695682814,2.1541154094687127,1.7324723858043276
05/05/2023 11:40:06.092499,1117,True,True,True,True,Eyes,1.997188,0.04489122,-3.499578,0.9509033,0.03084221,-0.3079475,0.0,0.0,0.0,0.0,0.0,0.0,0.0,-2.671638,-0.3587038,-2.985943,2.006398,0.04334975,-3.486354,-0.04200847,0.8080106,-0.0350515,0.5866221,0.4215733,108.0171,353.7415,0.4635244,0.01082075,-0.8860178,0.4915623,-0.003420236,0.1750718,3.831276,0.02247983,-4.066711,-0.01172251,-0.008106161,1.915,-0.3082196,-0.1090105,-0.9450489,-0.0267626,0.9940134,-0.1059302,0.9509386,-0.007357779,-0.3092918,moving,-0.31097794649775856,2.1680396438471647,-0.35072687163959915,-0.24253056885846078,1.824878,-0.02086992,-0.5803569999999998,-0.005423677318806608,0.03782984425811252,0.9992694717805466,-0.03724955085685905,1.765485406689621,2.410861325919145,2.4108979089612186,2.0323376168101204
05/05/2023 11:40:06.112413,1118,True,True,True,True,Eyes,1.998528,0.04474716,-3.499156,0.9512372,0.03066704,-0.3069321,0.0,0.0,0.0,0.0,0.0,0.0,0.0,-2.685323,-0.364597,-2.97544,2.015114,0.04256213,-3.48348,-0.0396084,0.8062038,-0.0360865,0.5892065,0.6595513,107.6431,353.8924,0.4667632,0.01085336,-0.8843155,0.4620685,-0.003215021,0.1645675,3.844765,0.01163753,-4.048271,-0.01528144,-0.01056731,1.915,-0.3025338,-0.1063897,-0.9471826,-0.02134009,0.9942579,-0.1048612,0.9528998,-0.01151109,-0.303067,moving,-0.018538530869932054,2.4287353847025708,-0.4572028369947894,-0.31616507489268303,1.8296510000000001,-0.030924599999999997,-0.5647909999999996,-0.0003232677436140752,0.04237673320876402,0.9991016464790412,0.24079933614635662,2.017198960072047,2.7797026327843293,2.779731085294806,2.435527612936599
05/05/2023 11:40:06.132357,1119,True,True,True,True,Eyes,2.00018,0.04456544,-3.49863,0.9516761,0.0306576,-0.3055696,0.0,0.0,0.0,0.0,0.0,0.0,0.0,-2.702533,-0.3598568,-2.963175,2.024229,0.04199375,-3.480564,-0.03809997,0.804091,-0.03565437,0.5922116,0.6997269,107.2205,354.0587,0.4697029,0.01087894,-0.8827572,0.4343444,-0.00302212,0.1546935,3.859186,0.007372659,-4.027834,-0.01922947,-0.01329737,1.915,-0.2956675,-0.1035016,-0.9496673,-0.01904183,0.9945543,-0.1024652,0.9551011,-0.01221223,-0.2960283,moving,0.323270983320448,2.5034731641355243,-0.5753161590004993,-0.3978438302420416,1.8349569999999997,-0.03462109100000001,-0.5472700000000001,0.005636728493098875,0.04367925530847145,0.9990297383665426,0.5719872983654783,2.087650949883497,3.037154358784531,3.0372848325780377,2.737515210060983
05/05/2023 11:40:06.142150,1120,True,True,True,True,Eyes,2.002139,0.04434241,-3.498009,0.9522048,0.03059323,-0.3039244,0.0,0.0,0.0,0.0,0.0,0.0,0.0,-2.722496,-0.3537101,-2.948597,2.033273,0.04087458,-3.47785,-0.03689555,0.8017035,-0.03506946,0.5955507,0.7038546,106.7503,354.2068,0.4723812,0.01089727,-0.8813267,0.4082837,-0.002840793,0.1454118,3.873857,0.003698718,-4.005955,-0.02325666,-0.01608209,1.915,-0.2879165,-0.1009299,-0.9523222,-0.01738729,0.9948177,-0.1001769,0.9574978,-0.01228428,-0.2881792,moving,0.6991857483078934,2.5406357524463963,-0.6957926682145094,-0.48115625171202275,1.8405840000000002,-0.037175862000000004,-0.528105,0.012190797183567859,0.044324634236172354,0.9989427806656854,0.9374344777648103,2.1213167031550384,3.327875576014853,3.3282415325452424,3.0725065323247476
05/05/2023 11:40:06.162208,1121,True,True,True,True,Eyes,2.004393,0.04408379,-3.497279,0.95285,0.03057509,-0.3018972,0.0,0.0,0.0,0.0,0.0,0.0,0.0,-2.743371,-0.352176,-2.932398,2.042485,0.03965848,-3.475017,-0.03543971,0.7991436,-0.03510107,0.5990674,0.7815409,106.2482,354.3352,0.4748317,0.01090804,-0.8800088,0.3837867,-0.002670345,0.1366871,3.88866,-0.002390563,-3.98313,-0.02702615,-0.01868875,1.915001,-0.279725,-0.09869865,-0.9549937,-0.01458703,0.9950239,-0.09856315,0.9599696,-0.01364004,-0.2797728,moving,1.0758787844314615,2.6530423142637707,-0.8085539059112824,-0.5591393984503917,1.8461749999999997,-0.042049043,-0.5081130000000003,0.018756403918154307,0.046279632953801365,0.9987523571346744,1.3016122622579418,2.2281884967345564,3.723402256673329,3.7241372047667203,3.495997433145817
05/05/2023 11:40:06.182160,1122,True,True,True,True,Eyes,2.006943,0.04379887,-3.496461,0.9535858,0.03053939,-0.2995687,0.0,0.0,0.0,0.0,0.0,0.0,0.0,-2.76592,-0.3509535,-2.914431,2.051639,0.03851184,-3.472273,-0.03411071,0.7963859,-0.03514481,0.6028026,0.8510804,105.7129,354.4501,0.4770847,0.01091112,-0.8787894,0.3607595,-0.002510125,0.1284859,3.903479,-0.008161932,-3.959247,-0.03081852,-0.02131148,1.915002,-0.2709314,-0.09670133,-0.9577292,-0.01195982,0.9952026,-0.0971017,0.9625245,-0.01485362,-0.2707882,moving,1.4684266688517276,2.756564210346343,-0.9219931419213456,-0.6376011379759223,1.8518399999999997,-0.046673772,-0.486974,0.02559644089929236,0.0480768046979997,0.9985155889550354,1.6814851235663382,2.3263105098250825,4.15019836119068,4.151441350120218,3.9449805240124096
05/05/2023 11:40:06.192390,1123,True,True,True,True,Eyes,2.009785,0.04348888,-3.495543,0.9544379,0.03061993,-0.2968345,0.0,0.0,0.0,0.0,0.0,0.0,0.0,-2.789859,-0.3497922,-2.895002,2.061176,0.03759285,-3.469416,-0.03329692,0.7934043,-0.03510729,0.6067688,0.8767449,105.143,354.5227,0.4791667,0.01090664,-0.8776559,0.3391139,-0.002359517,0.1207768,3.918777,-0.01226743,-3.933998,-0.03467751,-0.0239798,1.915001,-0.2614459,-0.09543986,-0.9604881,-0.01023181,0.9953176,-0.09611561,0.9651639,-0.01530149,-0.2611981,moving,1.8733014924057436,2.823969525368016,-1.0374186938357213,-0.7174249662661912,1.8576009999999998,-0.04986027999999999,-0.46458200000000005,0.03264979893974451,0.04924134646135329,0.9982531171440097,2.074347977190715,2.389209912781564,4.582216475213425,4.584077546025007,4.397075401517128
05/05/2023 11:40:06.212137,1124,True,True,True,True,Eyes,2.012917,0.04314565,-3.494548,0.9553806,0.03080791,-0.2937668,0.0,0.0,0.0,0.0,0.0,0.0,0.0,-2.816159,-0.3424372,-2.873899,2.070875,0.0366119,-3.466619,-0.03317766,0.7901773,-0.0342132,0.6110225,0.7749144,104.5358,354.5918,0.481102,0.01089471,-0.8765966,0.3187671,-0.002217946,0.1135302,3.934397,-0.01225116,-3.907447,-0.03865123,-0.02672784,1.915,-0.2511016,-0.09424256,-0.9633621,-0.0106224,0.9954574,-0.0946136,0.9679025,-0.0135244,-0.250962,moving,2.306772318730884,2.7715004749817536,-1.1562672122081974,-0.7996308096231082,1.8635220000000001,-0.04886306,-0.4408279999999998,0.04020289564880147,0.04831385913951044,0.9980228700554248,2.4983177575128988,2.3352838128649607,4.972024165928253,4.974497104706198,4.814943508619894
05/05/2023 11:40:06.233396,1125,True,True,True,True,Eyes,2.0163,0.04274997,-3.493588,0.9564345,0.02864391,-0.2905382,0.0,0.0,0.0,0.0,0.0,0.0,0.0,-2.845236,-0.3294381,-2.850551,2.080861,0.03543611,-3.463856,-0.03298752,0.7866756,-0.03263479,0.6156203,0.6148189,103.8811,354.7163,0.4829116,0.01087524,-0.8756013,0.299641,-0.002084869,0.1067183,3.950395,-0.01053362,-3.879351,-0.04262063,-0.02947251,1.915,-0.239847,-0.09208223,-0.9664338,-0.01171968,0.9956936,-0.09196156,0.97074,-0.01073041,-0.2398933,moving,2.797015164980278,2.5265437413845775,-1.2749760502840197,-0.8817321814604443,1.8695339999999998,-0.04596973,-0.4154950000000004,0.048750410437769065,0.04402980047622805,0.9978399902698581,2.98281814327106,2.093693747427728,5.307278060076889,5.31012779727896,5.194417277517412
05/05/2023 11:40:06.242535,1126,True,True,True,True,Eyes,2.019967,0.04231774,-3.49257,0.9575685,0.02666087,-0.2869699,0.0,0.0,0.0,0.0,0.0,0.0,0.0,-2.877426,-0.3170811,-2.823842,2.090847,0.03428947,-3.461414,-0.0324067,0.7828289,-0.03116611,0.6206104,0.4911227,103.1647,354.8695,0.4846121,0.01084767,-0.8746616,0.2816626,-0.001959777,0.1003152,3.966412,-0.009969011,-3.84963,-0.04646122,-0.03212836,1.915,-0.2275852,-0.08942185,-0.9696437,-0.01205378,0.995957,-0.08901936,0.9736837,-0.008571602,-0.2277429,moving,3.324676160466133,2.3282756885370643,-1.3898222885812987,-0.9611732350204113,1.875565,-0.044258481,-0.3882159999999999,0.05794627142574221,0.04055663117607035,0.997495537324814,3.502536038572657,1.897282896579687,5.745444706582126,5.748649393271786,5.666210502404129
05/05/2023 11:40:06.267531,1127,True,True,True,True,Eyes,2.023921,0.04184767,-3.491432,0.9587778,0.02439507,-0.2831078,0.0,0.0,0.0,0.0,0.0,0.0,0.0,-2.908569,-0.3031658,-2.798165,2.101203,0.03293868,-3.459085,-0.03185624,0.7790545,-0.02953406,0.6254495,0.3534227,102.4675,355.0331,0.4862209,0.01081188,-0.8737687,0.2647628,-0.001842191,0.09429633,3.982292,-0.009160034,-3.820606,-0.05028287,-0.03477098,1.915001,-0.2155965,-0.08657962,-0.9726368,-0.01269137,0.9962258,-0.08586623,0.9764002,-0.006168352,-0.2158816,moving,3.8178212736304693,2.093202083710104,-1.504090288533208,-1.040214345763989,1.8810890000000002,-0.042098713999999995,-0.3615210000000002,0.06654002117636854,0.03644419380364919,0.9971179779513734,3.9895992268051814,1.6652897135708482,6.172545892814311,6.1758433590878585,6.1237551147981275
05/05/2023 11:40:06.282696,1128,True,True,True,True,Eyes,2.028141,0.04135882,-3.490259,0.9600403,0.02217443,-0.2789818,0.0,0.0,0.0,0.0,0.0,0.0,0.0,-2.938113,-0.2925303,-2.773511,2.11154,0.03147983,-3.457,-0.03057078,0.775429,-0.0284338,0.6300531,0.3193888,101.7974,355.2251,0.4877542,0.01076774,-0.8729143,0.248877,-0.001731659,0.08863855,3.997577,-0.01207888,-3.792479,-0.05427632,-0.03753263,1.915001,-0.2041971,-0.08324056,-0.9753845,-0.01158133,0.9965139,-0.08261923,0.9788615,-0.005574355,-0.2044493,moving,4.259521651074134,1.955425086859886,-1.6234830964314635,-1.1228119479439875,1.886037,-0.04355871,-0.3354790000000003,0.07423120038652808,0.0340278393606438,0.9966603045866608,4.423890654348828,1.528305751210677,6.636205145518151,6.639675300917322,6.602965571347288
05/05/2023 11:40:06.292562,1129,True,True,True,True,Eyes,2.032624,0.04083904,-3.489037,0.9613348,0.0197616,-0.2746722,0.0,0.0,0.0,0.0,0.0,0.0,0.0,-2.964957,-0.2859348,-2.751161,2.122084,0.03052983,-3.455059,-0.02868634,0.7720571,-0.02787659,0.6342933,0.3812217,101.1743,355.4309,0.4892244,0.01071561,-0.8720918,0.2339444,-0.00162776,0.08332024,4.012348,-0.01761977,-3.766185,-0.05808038,-0.04016321,1.915001,-0.1936984,-0.07965885,-0.9778219,-0.008931118,0.9967999,-0.07943575,0.9810206,-0.006653522,-0.19379,moving,4.636917566883667,1.893361586383345,-1.737200582826856,-1.2014850702262747,1.8902640000000002,-0.0481496,-0.31112600000000024,0.08079731569017451,0.032931358103839445,0.9961863557633881,4.793456151504219,1.4654162604024659,7.081981329205127,7.0857221237074235,7.054207261554849
05/05/2023 11:40:06.312368,1130,True,True,True,True,Eyes,2.037355,0.04027709,-3.487793,0.9626535,0.01740172,-0.2701769,0.0,0.0,0.0,0.0,0.0,0.0,0.0,-2.989731,-0.2703249,-2.731882,2.132694,0.02925702,-3.453332,-0.02708362,0.7689802,-0.02621813,0.6381602,0.3297431,100.6105,355.692,0.4906432,0.01065551,-0.8712951,0.2199078,-0.001530094,0.07832102,4.026667,-0.0198122,-3.742042,-0.06192419,-0.04282145,1.915001,-0.1840361,-0.07511628,-0.9800451,-0.008190797,0.9971582,-0.07488984,0.9828855,-0.005755073,-0.1841284,moving,4.953865426225174,1.70836215271276,-1.8520924370064809,-1.280980820208288,1.893973,-0.04906922,-0.28871,0.0863154879323843,0.02970086548215306,0.995825101786164,5.107409259406478,1.2833129007009063,7.429943750180187,7.433520958861772,7.416890598456281
05/05/2023 11:40:06.332645,1131,True,True,True,True,Eyes,2.042322,0.039655,-3.486551,0.963998,0.01484159,-0.2654949,0.0,0.0,0.0,0.0,0.0,0.0,0.0,-3.012924,-0.2562544,-2.713866,2.143323,0.02766439,-3.451643,-0.02451585,0.7660738,-0.02494487,0.6418006,0.3867861,100.0754,356.01,0.4920209,0.01058717,-0.8705186,0.2067133,-0.001438288,0.07362176,4.040487,-0.02597818,-3.719019,-0.06564426,-0.04539371,1.915001,-0.1749824,-0.06958114,-0.98211,-0.005542635,0.9975535,-0.06968778,0.9845562,-0.006750646,-0.1749399,moving,5.22491102267177,1.609107161661694,-1.9632715139042798,-1.3579006107077343,1.8971639999999996,-0.05364257,-0.26737600000000006,0.09102994694955296,0.027963939792874495,0.9954554362468265,5.374304882287806,1.1849419320330756,7.7728403968953526,7.776445415511993,7.765698652866192
05/05/2023 11:40:06.342507,1132,True,True,True,True,Eyes,2.047513,0.03899027,-3.485281,0.9653674,0.01219334,-0.2606091,0.0,0.0,0.0,0.0,0.0,0.0,0.0,-3.036469,-0.2418033,-2.695307,2.154006,0.02566694,-3.450055,-0.02132883,0.7631174,-0.02377655,0.6454701,0.5015941,99.53281,356.3737,0.4933653,0.01050993,-0.8697584,0.1943105,-0.001351991,0.06920446,4.054149,-0.03482878,-3.695457,-0.06976293,-0.04824181,1.915002,-0.1658271,-0.06324691,-0.9841247,-0.001858691,0.9979596,-0.06382285,0.9861532,-0.008754364,-0.1656063,moving,5.4888265485898575,1.5546971690756861,-2.0863448910537774,-1.4430625298543565,1.900143,-0.060495719999999996,-0.24540200000000034,0.09561674554479421,0.02700694539084275,0.9950517877969987,5.63304125971067,1.1302517234150966,8.142992495776712,8.146765342915048,8.137006131907096
05/05/2023 11:40:06.362388,1133,True,True,True,True,Eyes,2.052914,0.03834927,-3.483941,0.9667866,0.009002062,-0.2554263,0.0,0.0,0.0,0.0,0.0,0.0,0.0,-3.061545,-0.2325673,-2.673678,2.164473,0.02398128,-3.448215,-0.0170512,0.759892,-0.02339255,0.6494044,0.7680948,98.9439,356.7724,0.4946848,0.01042358,-0.8690096,0.1826519,-0.001270872,0.06505219,4.067261,-0.04831883,-3.670451,-0.07354064,-0.05085412,1.915,-0.1559663,-0.0562966,-0.9861567,0.004468312,0.9983241,-0.05769788,0.9877522,-0.01340538,-0.1554534,moving,5.7758579073392085,1.615234269198793,-2.199216089349221,-1.5211706593847576,1.9027880000000001,-0.07230011,-0.2222360000000001,0.10059750152961361,0.028044432660572473,0.9945318568423276,5.911213192934535,1.1872499344709917,8.565317338560984,8.569646499634576,8.55070788041246
05/05/2023 11:40:06.382678,1134,True,True,True,True,Eyes,2.058516,0.03790984,-3.482568,0.9682618,0.005459571,-0.2498785,0.0,0.0,0.0,0.0,0.0,0.0,0.0,-3.091247,-0.2388311,-2.64461,2.174748,0.02396908,-3.446259,-0.01107962,0.7559534,-0.02499992,0.6540543,1.335352,98.23394,357.1646,0.4959857,0.01032966,-0.868269,0.1716927,-0.001194619,0.06114906,4.079832,-0.07043634,-3.640888,-0.07765348,-0.05369847,1.915,-0.144181,-0.04945396,-0.988315,0.01595124,0.9985045,-0.05229089,0.989423,-0.02330419,-0.1431765,moving,6.150808031041517,1.9575574893928334,-2.3220785575963974,-1.6062087098301199,1.9050839999999996,-0.09440542,-0.19462899999999994,0.1070839626366431,0.033962760724421844,0.9936697342915317,6.267494956139427,1.517838574248369,9.185701402589135,9.191857084759544,9.140046202346582
05/05/2023 11:40:06.392987,1135,True,True,True,True,Eyes,2.064361,0.03766015,-3.481193,0.9697954,0.002367204,-0.2439081,0.0,0.0,0.0,0.0,0.0,0.0,0.0,-3.126196,-0.2645838,-2.60673,2.185081,0.02845377,-3.444235,-0.00567246,0.751097,-0.02842821,0.6595553,2.018494,97.3793,357.3606,0.4972738,0.01023389,-0.867533,0.1613912,-0.001122942,0.05748011,4.091984,-0.09142583,-3.606621,-0.08137085,-0.05626861,1.915002,-0.1299094,-0.04602109,-0.9904574,0.02897882,0.9983193,-0.05018729,0.9911024,-0.03522208,-0.1283574,moving,6.637741772719933,2.464220729148702,-2.433106301537643,-1.683040820434953,1.9069030000000002,-0.1198796,-0.16238600000000014,0.11548600630849548,0.042707826305163545,0.992390501103648,6.728510975856638,2.0075848514763943,9.9645193886186,9.973969277419968,9.877041509866226
05/05/2023 11:40:06.412423,1136,True,True,True,True,Eyes,2.215492,0.03249809,-3.445989,0.9943242,-0.06448497,-0.08462338,1.872616,4.077479,-0.0882575,-3.604456,-0.9667859,0.2110877,0.1441074,-0.05197617,-0.07674475,1.889307,2.196711,0.03270859,-3.442743,-0.009461835,0.7465711,-0.02501276,0.6647679,1.419233,96.60081,357.2833,0.4985554,0.01014108,-0.8667982,0.1517077,-0.001055566,0.05403131,4.107195,-0.06956001,-3.575269,-0.08526683,-0.0589629,1.915001,-0.1159881,-0.04738323,-0.9921197,0.0191275,0.9985697,-0.04992745,0.9930664,-0.02476776,-0.1149159,moving,-1.624083737790968,-2.3592634733054334,-2.549452874783658,-1.7635804608249772,1.9104839999999998,-0.10226860000000002,-0.13252599999999992,-0.028317808834522118,-0.04114877272516053,0.9987516822064381,-1.1952644857956645,-2.6308014406194755,1.1004467789250796,1.1005209180458075,1.6080728903459653
05/05/2023 11:40:06.432642,1137,True,True,True,True,Eyes,2.21592,0.03263893,-3.445878,0.9946047,-0.06337207,-0.08213153,0.0,0.0,0.0,0.0,0.0,0.0,0.0,-3.190907,-0.2134103,-2.546487,2.207487,0.03345334,-3.440626,-0.01001394,0.7422763,-0.02066603,0.6697005,0.989382,95.86378,357.5612,0.5038699,0.009884927,-0.8637227,0.5959966,-0.0164784,0.1564019,4.120553,-0.05736956,-3.544979,-0.08909807,-0.06161212,1.915001,-0.1028024,-0.04254632,-0.9937917,0.01281387,0.9989452,-0.04409249,0.9946194,-0.01726712,-0.1021487,moving,-1.0284800740360784,-2.690833829509999,-2.663844345957931,-1.842765177679515,1.9130660000000002,-0.0908229,-0.10435300000000014,-0.017929615990649517,-0.046939103988473646,0.9987368853334209,-0.6057218628535392,-2.9573638919633485,1.8417522208321468,1.8421826022672305,2.3405551583637076
05/05/2023 11:40:06.442534,1138,True,True,True,True,Eyes,2.216775,0.03285708,-3.445664,0.9949461,-0.06189189,-0.07906749,0.0,0.0,0.0,0.0,0.0,0.0,0.0,-3.2266,-0.2037017,-2.508425,2.21828,0.03662707,-3.438391,-0.006642216,0.737256,-0.01958683,0.675297,1.140839,95.00244,357.9223,0.5082589,0.009671107,-0.8611497,0.5602368,-0.0154897,0.1470178,4.132693,-0.06226402,-3.510518,-0.09281588,-0.06418256,1.915001,-0.08786009,-0.03624788,-0.9954732,0.01665983,0.9991444,-0.03785195,0.9959936,-0.01991008,-0.08718094,moving,-0.37062685223691083,-2.4226910629603644,-2.7748287694122293,-1.919588446873109,1.9144129999999997,-0.09889109,-0.07212699999999961,-0.0064628321923417276,-0.042270454334063415,0.9990853098801562,0.028338600528925506,-2.7008277232287092,2.455033617028532,2.456277488571541,2.9099969262566985
05/05/2023 11:40:06.462544,1139,True,True,True,True,Eyes,2.217997,0.03315328,-3.445368,0.9953018,-0.06074999,-0.07539117,0.0,0.0,0.0,0.0,0.0,0.0,0.0,-3.267484,-0.159742,-2.464629,2.22931,0.03858518,-3.435848,-0.007930612,0.7314693,-0.01362417,0.6816921,0.5224793,94.02683,358.2707,0.5119036,0.009494754,-0.8589901,0.5266225,-0.01456031,0.1381968,4.14586,-0.04288439,-3.471712,-0.09683539,-0.06696243,1.915001,-0.07046603,-0.03017698,-0.9970576,0.006972982,0.999503,-0.0307438,0.9974898,-0.009118858,-0.07022065,moving,0.3940160622583004,-2.9499145025746234,-2.894796105042008,-2.0026632144573564,1.91655,-0.08146956999999999,-0.03586400000000012,0.006867711577544233,-0.051461765488068405,0.9986513826720254,0.7879373691880862,-3.2188785191687197,3.420213166704872,3.42250938269311,3.8783637670580893
05/05/2023 11:40:06.482689,1140,True,True,True,True,Eyes,2.219605,0.03359839,-3.444974,0.9956829,-0.0596684,-0.07109964,0.0,0.0,0.0,0.0,0.0,0.0,0.0,-3.311726,-0.1661187,-2.40998,2.239269,0.04077685,-3.43324,-0.004445282,0.7248389,-0.01473251,0.6887466,0.8728804,92.9135,358.4677,0.5149511,0.009351918,-0.8571683,0.4950252,-0.0136867,0.129905,4.155761,-0.05523591,-3.428227,-0.1005941,-0.0695622,1.915,-0.05121702,-0.02673816,-0.9983296,0.0138497,0.9995264,-0.02748074,0.9985916,-0.01523405,-0.05082244,moving,1.2377649720979536,-2.5164709033872907,-3.00695814419502,-2.0803492703926674,1.9164919999999999,-0.09601276,0.005012999999999934,0.021580571115423886,-0.043896356258206363,0.9988029350060423,1.5987570775752697,-2.802740001186695,4.263898425815148,4.2670688314998895,4.6620232809354
05/05/2023 11:40:06.497366,1141,True,True,True,True,Eyes,2.221575,0.03409002,-3.44443,0.9960887,-0.05827839,-0.06641471,0.0,0.0,0.0,0.0,0.0,0.0,0.0,-3.354093,-0.1737042,-2.356712,2.250072,0.04480214,-3.430652,-0.004448874,0.7182121,-0.01514807,0.6956452,0.8920957,91.81661,358.4259,0.517639,0.009236948,-0.8555489,0.4653237,-0.01286549,0.1221107,4.166178,-0.05450634,-3.384716,-0.1047054,-0.07240502,1.915001,-0.03211617,-0.02746583,-0.9991067,0.01468489,0.9995015,-0.02794873,0.9993763,-0.01556938,-0.03169683,moving,2.0629234309316953,-2.395243779038566,-3.129611948094194,-2.16528708082314,1.9161060000000005,-0.09930848,0.045935999999999755,0.03596561736350046,-0.041765675602701044,0.9984798873398398,2.399869705671765,-2.6902599151829745,5.193593896284165,5.197624817692181,5.554346391444283
05/05/2023 11:40:06.512651,1142,True,True,True,True,Eyes,2.223862,0.03456796,-3.443774,0.9964895,-0.05708272,-0.06123846,0.0,0.0,0.0,0.0,0.0,0.0,0.0,-3.39028,-0.155347,-2.311976,2.260721,0.04700674,-3.42787,-0.008339395,0.7123789,-0.0118051,0.7016463,0.2931721,90.86558,358.3698,0.5200945,0.009145282,-0.8540596,0.4374043,-0.01209356,0.114784,4.176778,-0.03452269,-3.346493,-0.1082279,-0.07484085,1.915001,-0.01524609,-0.02844763,-0.9994792,0.004684393,0.9995822,-0.02852202,0.9998729,-0.005116798,-0.01510643,moving,2.73399889777865,-2.906247831956432,-3.234678433540201,-2.238058209432044,1.9160569999999995,-0.08152943,0.08137699999999981,0.04763796446460128,-0.050644279626317845,0.9975799169985434,3.0678199896451224,-3.191909015420039,5.999992155132837,6.005962575395289,6.3742699765806465
05/05/2023 11:40:06.532826,1143,True,True,True,True,Eyes,2.226462,0.03501605,-3.442949,0.996863,-0.05617679,-0.05575254,0.0,0.0,0.0,0.0,0.0,0.0,0.0,-3.425921,-0.1668439,-2.263027,2.270447,0.04661663,-3.424757,-0.007706807,0.7063446,-0.01336493,0.7077,0.4567829,89.88335,358.2921,0.5223479,0.009074249,-0.852684,0.41116,-0.01136795,0.107897,4.184561,-0.04269888,-3.306642,-0.111961,-0.07742234,1.915001,0.001797228,-0.02980405,-0.9995541,0.008029399,0.999524,-0.02978871,0.9999661,-0.00797228,0.00203572,moving,3.397210150950526,-2.669040290382692,-3.3460027580845293,-2.315173083328189,1.9141140000000005,-0.08931551,0.11811499999999997,0.059193709235320524,-0.046485041271299155,0.9971636094167927,3.7079373677959713,-2.965507864974919,6.746087903840066,6.752491565104362,7.0838553505648685
05/05/2023 11:40:06.542502,1144,True,True,True,True,Eyes,2.22933,0.03541489,-3.441993,0.9972181,-0.05550862,-0.04974769,0.0,0.0,0.0,0.0,0.0,0.0,0.0,-3.460612,-0.1713443,-2.214294,2.280526,0.04637346,-3.421307,-0.007101366,0.7002932,-0.01404216,0.7136819,0.5460955,88.9068,358.2814,0.5244276,0.009021057,-0.8514071,0.3864904,-0.01068587,0.1014232,4.192107,-0.04847134,-3.266615,-0.1158429,-0.0801066,1.915001,0.01878441,-0.02998934,-0.9993737,0.01009719,0.9995048,-0.02980348,0.9997727,-0.00953102,0.01907793,moving,4.024396486174128,-2.5239933519368964,-3.461737599466005,-2.3953490236970443,1.911581,-0.0948448,0.15469200000000027,0.07011347823022324,-0.04392937154051833,0.9965712663973239,4.315420999962841,-2.828538632701866,7.480329944482022,7.487239338459224,7.789213639259088
05/05/2023 11:40:06.562525,1145,True,True,True,True,Eyes,2.232453,0.03580839,-3.440919,0.9975199,-0.05549117,-0.04330073,0.0,0.0,0.0,0.0,0.0,0.0,0.0,-3.497392,-0.1803182,-2.158609,2.289796,0.04562987,-3.417398,-0.005042242,0.6936495,-0.0156631,0.7201247,0.8289451,87.84209,358.3063,0.5263573,0.008982717,-0.8502159,0.363301,-0.01004472,0.09533777,4.197485,-0.06141873,-3.2231,-0.1199299,-0.08293298,1.915001,0.03720974,-0.02955387,-0.9988704,0.01556367,0.9994585,-0.02899149,0.9991864,-0.01446732,0.03764957,moving,4.7076151175611045,-2.2242895178060604,-3.5835567106617114,-2.4797597849425985,1.9076890000000004,-0.1070486,0.19429799999999986,0.08200955689254136,-0.03868069398517174,0.995880721047268,4.973357472128323,-2.541462251640026,8.288224694571653,8.295106710736546,8.55713664294487
05/05/2023 11:40:06.582779,1146,True,True,True,True,Eyes,2.235837,0.03621763,-3.439706,0.9978048,-0.05540517,-0.03627195,0.0,0.0,0.0,0.0,0.0,0.0,0.0,-3.537205,-0.2036657,-2.094234,2.299035,0.04604155,-3.413419,-0.001993777,0.686164,-0.01918919,0.727191,1.342801,86.65398,358.2434,0.5281577,0.008957614,-0.8490989,0.3415029,-0.009442038,0.08961751,4.200969,-0.08048487,-3.175797,-0.1236461,-0.0855027,1.915001,0.0576214,-0.03064453,-0.9978681,0.0251723,0.9992556,-0.02923358,0.9980211,-0.02343415,0.05834991,moving,5.475961530764201,-1.680165967509031,-3.6942954528955387,-2.5564959739096667,1.9019339999999998,-0.12652642,0.237622,0.09538746188465336,-0.02918652888100183,0.9950121530763602,5.707690216452013,-2.0171338561916485,9.205955345058733,9.212033837675499,9.417443709449289
05/05/2023 11:40:06.593047,1147,True,True,True,True,Eyes,2.239465,0.03664409,-3.438385,0.9980491,-0.05542108,-0.02874613,0.0,0.0,0.0,0.0,0.0,0.0,0.0,-3.576633,-0.2100008,-2.029146,2.308642,0.04681927,-3.409079,-0.003313387,0.6784497,-0.01958527,0.7343783,1.243914,85.44542,358.0934,0.5298488,0.008944794,-0.8480448,0.3210128,-0.008875515,0.08424045,4.204982,-0.07858312,-3.127282,-0.1274588,-0.08813931,1.915,0.07864483,-0.03326193,-0.9963477,0.02427006,0.9992109,-0.0314418,0.9966073,-0.02170868,0.07939007,moving,6.2591667330996685,-1.743897147796351,-3.807883048659026,-2.6352214455158545,1.8963400000000004,-0.12540239,0.2817970000000001,0.10897600676610286,-0.030250803730151557,0.9935838972790108,6.4728912399533165,-2.0843370771849234,10.099447760457648,10.10643113626729,10.295522986262718
05/05/2023 11:40:06.612486,1148,True,True,True,True,Eyes,2.243334,0.03709108,-3.436915,0.9982568,-0.05527054,-0.020702,0.0,0.0,0.0,0.0,0.0,0.0,0.0,-3.614716,-0.2190174,-1.962826,2.318023,0.04769289,-3.404603,-0.004743481,0.6706311,-0.02026011,0.7414993,1.153989,84.23299,357.9131,0.531446,0.008943445,-0.8470448,0.301752,-0.008342984,0.07918602,4.207689,-0.07690849,-3.0784,-0.131449,-0.09089863,1.915001,0.09968705,-0.03640797,-0.9943526,0.02368346,0.9991341,-0.03420869,0.994737,-0.02013954,0.100463,moving,7.017296703296617,-1.7824780865586953,-3.9267225435360817,-2.717597386800851,1.889666,-0.12460138,0.326203,0.12211074126067994,-0.030872318596942602,0.9920362447790643,7.212970572017901,-2.1269032240609063,10.976011518443675,10.98389754962827,11.15534321760724
05/05/2023 11:40:06.632636,1149,True,True,True,True,Eyes,2.247431,0.03750555,-3.435315,0.998412,-0.05497184,-0.01231225,0.0,0.0,0.0,0.0,0.0,0.0,0.0,-3.650435,-0.2217418,-1.898334,2.327601,0.04860562,-3.399769,-0.006967358,0.6629404,-0.01992454,0.7483745,0.9161519,83.05373,357.7612,0.5329657,0.008952916,-0.8460893,0.2836469,-0.007842405,0.07443486,4.210086,-0.07031935,-3.030365,-0.1354723,-0.09368069,1.915,0.120226,-0.03905993,-0.9919778,0.02058416,0.999109,-0.03684596,0.9925331,-0.01598919,0.1209229,moving,7.728153772521351,-1.9615181986327275,-4.046517700201369,-2.800643664598648,1.8824850000000004,-0.11892497,0.36940399999999984,0.134395743658843,-0.033917736430129394,0.9903471046450789,7.910753213866997,-2.3058204469154964,11.795130526876013,11.804533867890877,11.967505075377392
05/05/2023 11:40:06.642606,1150,True,True,True,True,Eyes,2.251705,0.03786958,-3.433542,0.998491,-0.05480773,-0.003433752,0.0,0.0,0.0,0.0,0.0,0.0,0.0,-3.683635,-0.207439,-1.837155,2.337051,0.0481943,-3.394584,-0.009561402,0.6555572,-0.01749299,0.7548825,0.4870112,81.9341,357.7679,0.5344204,0.008971326,-0.845171,0.2666281,-0.007371861,0.06996877,4.212198,-0.05898986,-2.984347,-0.1394246,-0.09641367,1.915,0.1398777,-0.03894639,-0.9894027,0.01387422,0.9992052,-0.03737078,0.9900716,-0.008499846,0.1403069,moving,8.355779956498312,-2.3623665758026977,-4.164162311170753,-2.8822120178613755,1.8751469999999997,-0.10718416,0.41023699999999996,0.14519857667124153,-0.04078257165052561,0.9885616370180293,8.5333792625443,-2.7000016774967723,12.518432712309485,12.530729973524911,12.698848870049519
05/05/2023 11:40:06.662802,1151,True,True,True,True,Eyes,2.256139,0.03819262,-3.431569,0.9984657,-0.05506148,0.005875183,0.0,0.0,0.0,0.0,0.0,0.0,0.0,-3.716936,-0.2102389,-1.768708,2.345534,0.04736981,-3.38886,-0.008076151,0.6476455,-0.01830432,0.7616791,0.6535614,80.7356,357.8023,0.5358217,0.008996557,-0.844283,0.2506304,-0.006929549,0.06577064,4.210757,-0.06783211,-2.935927,-0.1430532,-0.09892294,1.915001,0.1604405,-0.03834501,-0.9863005,0.01742307,0.9991995,-0.0360123,0.9868919,-0.01140655,0.1609801,moving,9.010944578755582,-2.195234696800903,-4.27213847049724,-2.9570917077930017,1.8652230000000003,-0.11520192,0.45293300000000025,0.15651100420342917,-0.037832641882986906,0.9869513844171618,9.167541398165653,-2.541729682439992,13.292625844593783,13.30491343070467,13.446096853148424
05/05/2023 11:40:06.682438,1152,True,True,True,True,Eyes,2.260703,0.03845106,-3.429415,0.9983215,-0.05574641,0.01570029,0.0,0.0,0.0,0.0,0.0,0.0,0.0,-3.750261,-0.2255595,-1.694305,2.353866,0.0467671,-3.38277,-0.005817787,0.6391593,-0.02090827,0.7687681,1.018909,79.46059,357.731,0.5371798,0.009026946,-0.8434193,0.2355926,-0.006513776,0.0618244,4.207016,-0.08291759,-2.884662,-0.1468368,-0.1015395,1.915,0.1820764,-0.03958421,-0.9824873,0.02471024,0.999058,-0.03567249,0.9829738,-0.01778238,0.1828831,moving,9.708542357626758,-1.8362809492368743,-4.384699120561454,-3.0351654406942594,1.8531500000000003,-0.12968469,0.4981079999999998,0.16855219774267538,-0.03158520460515753,0.9851865357293443,9.837897958864914,-2.1970994231984498,14.132797906285107,14.144142935730736,14.24726718825013
05/05/2023 11:40:06.692629,1153,True,True,True,True,Eyes,2.377661,0.04441541,-3.371166,0.9585868,-0.08975975,0.2702861,0.0,0.0,0.0,0.0,0.0,0.0,0.0,-3.78217,-0.2474659,-1.61653,2.361519,0.04556988,-3.376443,-0.00178998,0.6304365,-0.02498306,0.7758366,1.645933,78.16008,357.6479,0.5385033,0.009060419,-0.8425745,0.221457,-0.006122949,0.05811494,4.20049,-0.1072993,-2.832762,-0.1506491,-0.1041753,1.915,0.2038512,-0.04102248,-0.9781421,0.0365086,0.9987453,-0.03427793,0.978321,-0.028723,0.2050931,moving,-3.751003906303105,-3.672420807876904,-4.498077056395795,-3.113800304664989,1.8389710000000004,-0.15286918,0.5436810000000003,-0.06528685075050311,-0.06391530530656891,0.9958175046534189,-3.233232706246787,-3.8943782844691217,0.9328220921450701,0.9328317952332821,1.4863153140094356
05/05/2023 11:40:06.712389,1154,True,True,True,True,Eyes,2.377968,0.0444041,-3.370891,0.9583517,-0.09002328,0.2710309,0.0,0.0,0.0,0.0,0.0,0.0,0.0,-3.811048,-0.2730133,-1.540613,2.368967,0.04548961,-3.370168,0.004002746,0.6219662,-0.02999204,0.7824594,2.497285,76.90895,357.5931,0.5432321,0.009251627,-0.8395314,0.5590426,0.01213748,0.2293729,4.192165,-0.1381838,-2.78299,-0.1546113,-0.1069155,1.915002,0.224517,-0.04195596,-0.9735667,0.05191426,0.9981689,-0.03104411,0.9730865,-0.04357205,0.226284,moving,-2.5778111453584116,-2.7839100668874366,-4.615870814959093,-3.195533993840763,1.823198,-0.18367340999999998,0.5871780000000002,-0.04492314014397025,-0.048520245591831546,0.9978114139640678,-2.1135304240820836,-3.037651293763898,2.0750206389579624,2.0792117434482993,2.5073161704894873
05/05/2023 11:40:06.733152,1155,True,True,True,True,Eyes,2.378546,0.04438004,-3.370322,0.9579215,-0.09054706,0.2723742,0.0,0.0,0.0,0.0,0.0,0.0,0.0,-3.835636,-0.2804644,-1.473953,2.376648,0.04526119,-3.36345,0.006918828,0.6142831,-0.03195431,0.7884082,2.875604,75.78709,357.5964,0.5471238,0.009415301,-0.8369986,0.5255,0.01140923,0.2156105,4.185679,-0.1535461,-2.737151,-0.158507,-0.1096096,1.915001,0.2432704,-0.04188583,-0.9690539,0.05888631,0.9978621,-0.02834826,0.9681695,-0.0501677,0.2452168,moving,-1.5553184670282938,-2.3888764733128958,-4.731656518853676,-3.275884837324113,1.8090310000000005,-0.19880729,0.6262989999999999,-0.027118524788498577,-0.04166635316387071,0.9987635234077448,-1.1274326316166063,-2.660070436772568,3.291363576326704,3.2978640446961602,3.6564541847610985
05/05/2023 11:40:06.742771,1156,True,True,True,True,Eyes,2.379384,0.04434005,-3.369483,0.9572803,-0.09130245,0.2743692,0.0,0.0,0.0,0.0,0.0,0.0,0.0,-3.858322,-0.283545,-1.408667,2.383847,0.04497329,-3.356581,0.01052383,0.6067659,-0.03363399,0.794099,3.298038,74.69924,357.6666,0.5503446,0.009555532,-0.8348828,0.49397,0.01072468,0.2026739,4.17801,-0.1706472,-2.692711,-0.1624458,-0.1123327,1.915001,0.2614077,-0.04064643,-0.9643723,0.06618844,0.997516,-0.02410199,0.9629565,-0.05752984,0.2634487,moving,-0.6101318824979268,-1.9673252813069664,-4.84868142090757,-3.357085808378662,1.7941629999999997,-0.21562049,0.6638699999999997,-0.010642333928895464,-0.03432761579444138,0.9993540531639162,-0.2174090182774956,-2.256175722578306,4.452460195254834,4.4605758050008735,4.7603242625245485
05/05/2023 11:40:06.762912,1157,True,True,True,True,Eyes,2.380466,0.04427245,-3.368392,0.9564471,-0.09202306,0.2770212,0.0,0.0,0.0,0.0,0.0,0.0,0.0,-3.880057,-0.2758349,-1.343943,2.39095,0.04459376,-3.3494,0.01427999,0.5992485,-0.03405577,0.7997108,3.649658,73.62241,357.8549,0.5530289,0.009675593,-0.8331057,0.4643318,0.0100812,0.1905134,4.169801,-0.185802,-2.648876,-0.1663352,-0.1150227,1.915001,0.2794826,-0.037355,-0.9594238,0.07158406,0.9972726,-0.01797601,0.9574786,-0.06365547,0.2813944,moving,0.2847190997637156,-1.620872176056746,-4.964198835678035,-3.437286507803627,1.7788509999999995,-0.23039576,0.7005240000000001,0.004967277124219682,-0.028285434686124527,0.9995875670806446,0.6455706330335973,-1.9250164662176192,5.545116375956454,5.554322687563044,5.81003220049319
05/05/2023 11:40:06.782482,1158,True,True,True,True,Eyes,2.381766,0.04416572,-3.367044,0.9554163,-0.09291244,0.2802624,0.0,0.0,0.0,0.0,0.0,0.0,0.0,-3.900991,-0.2567364,-1.280015,2.397822,0.04389966,-3.342246,0.01723249,0.5917514,-0.03285184,0.8052664,3.820664,72.55845,358.1326,0.5554572,0.009781714,-0.8314873,0.4364719,0.009476324,0.1790826,4.161478,-0.1954979,-2.605888,-0.1701334,-0.1176494,1.915001,0.297502,-0.03251427,-0.9541674,0.07330369,0.9972476,-0.01112675,0.9519029,-0.06663376,0.2990665,moving,1.1373144788694767,-1.4752234574567245,-5.076968531403043,-3.5155869475520882,1.7636559999999997,-0.23939756,0.7363579999999996,0.01984200298562766,-0.02573959393547913,0.9994717649277335,1.4727710496424908,-1.7889565001327326,6.530598029912524,6.540672480982046,6.773502881188587
05/05/2023 11:40:06.792335,1159,True,True,True,True,Eyes,2.383262,0.0440473,-3.365423,0.9538039,-0.09276459,0.2857497,0.0,0.0,0.0,0.0,0.0,0.0,0.0,-3.920583,-0.2392791,-1.214983,2.404375,0.04288014,-3.3349,0.02079438,0.5841423,-0.03214446,0.8107479,4.087042,71.4883,358.4013,0.5576757,0.00987466,-0.8299999,0.4102836,0.008907744,0.1683377,4.151464,-0.2089473,-2.562625,-0.1743228,-0.1205462,1.915001,0.3154891,-0.02782836,-0.9485211,0.07641586,0.9970686,-0.003835884,0.9458474,-0.07127187,0.3166908,moving,1.8603494089330443,-1.1869060372369984,-5.201307314528367,-3.60192366106607,1.747089,-0.25182744,0.772275,0.0324565603319969,-0.020703023911731334,0.999258723432272,2.1698281043933294,-1.5132229603009584,7.452326130341879,7.463196754971207,7.661351576677486
05/05/2023 11:40:06.812447,1160,True,True,True,True,Eyes,2.384948,0.04388313,-3.363568,0.952023,-0.09273058,0.291639,0.0,0.0,0.0,0.0,0.0,0.0,0.0,-3.938225,-0.2303657,-1.151147,2.410912,0.04209847,-3.327694,0.02296537,0.5766432,-0.03207042,0.8160434,4.270648,70.43717,358.5143,0.5597125,0.009955523,-0.8286268,0.3856666,0.008373279,0.1582374,4.141389,-0.2186276,-2.520509,-0.1780248,-0.1231062,1.915001,0.3329084,-0.02585606,-0.9426047,0.07882736,0.9968882,0.0004951016,0.9396586,-0.07446785,0.3339106,moving,2.547083020266918,-0.9895034726868445,-5.311139537334152,-3.678208712847906,1.730477,-0.26072607000000003,0.807185,0.04443373140858781,-0.01725217936248692,0.9988633866237616,2.8339483955230236,-1.325707413042764,8.293883699145395,8.30546793583961,8.478013906544414
05/05/2023 11:40:06.832667,1161,True,True,True,True,Eyes,2.386859,0.04369644,-3.361598,0.9500944,-0.09276534,0.2978508,0.0,0.0,0.0,0.0,0.0,0.0,0.0,-3.952044,-0.2343816,-1.093428,2.417187,0.04076582,-3.320349,0.02387196,0.5698041,-0.03329647,0.8207588,4.423684,69.47896,358.4222,0.5615919,0.01002442,-0.8273534,0.3625266,0.007870883,0.1487432,4.131774,-0.2271046,-2.481063,-0.1815891,-0.1255708,1.915,0.3484293,-0.02745204,-0.936933,0.0818614,0.9966429,0.001241318,0.9337536,-0.07713116,0.3495069,moving,3.1257060671715062,-0.8210451268136746,-5.416852274720864,-3.751640575506617,1.7145869999999999,-0.26787042,0.8392860000000004,0.05452122140771193,-0.014308136000273763,0.9984100309681012,3.3934606015148745,-1.1656372049784465,9.018975975133888,9.031261966554547,9.181994685772166
05/05/2023 11:40:06.843293,1162,True,True,True,True,Eyes,2.388936,0.04348445,-3.359391,0.9480675,-0.09269759,0.3042617,0.0,0.0,0.0,0.0,0.0,0.0,0.0,-3.961905,-0.2513084,-1.044545,2.423469,0.04012597,-3.31302,0.0238943,0.5639034,-0.03576454,0.82472,4.574064,68.65126,358.1579,0.5633349,0.01008199,-0.8261669,0.340775,0.00739863,0.1398186,4.123314,-0.2344413,-2.445133,-0.1854903,-0.1282686,1.915002,0.3614676,-0.03204332,-0.931834,0.08593963,0.9962999,-0.0009232852,0.9284158,-0.07974771,0.3628839,moving,3.563157381780779,-0.6406137049141315,-5.532505881947099,-3.8320003058962144,1.6998449999999998,-0.27456727,0.8678870000000001,0.06214488118151795,-0.011158974968331192,0.998004759936314,3.815033216504366,-0.9929812091945158,9.626225189152334,9.639296584505368,9.769161511026203
05/05/2023 11:40:06.862661,1163,True,True,True,True,Eyes,2.391166,0.04325045,-3.35694,0.9459461,-0.09231815,0.3109074,0.0,0.0,0.0,0.0,0.0,0.0,0.0,-3.967887,-0.2702478,-1.00575,2.429516,0.03941249,-3.305237,0.02153282,0.5590176,-0.03761701,0.8280222,4.457319,67.96294,357.8029,0.564961,0.0101288,-0.8250551,0.3203285,0.006954712,0.1314295,4.117386,-0.2327381,-2.412289,-0.1895261,-0.1310598,1.915002,0.3721686,-0.03822098,-0.9273779,0.08636988,0.9962426,-0.006397829,0.9241379,-0.07771645,0.3740714,moving,3.8564189513549674,-0.7040095569275135,-5.652108021836691,-3.915130302815163,1.6878699999999998,-0.27215059,0.8929480000000001,0.06725134818144529,-0.012259159113105406,0.9976607867832684,4.102618870947725,-1.0566091243582403,10.022110486246067,10.036103907621891,10.164931877809032
05/05/2023 11:40:06.882372,1164,True,True,True,True,Eyes,2.393531,0.0429794,-3.354249,0.943748,-0.09172115,0.3176899,0.0,0.0,0.0,0.0,0.0,0.0,0.0,-3.972074,-0.287198,-0.9719937,2.435446,0.03856268,-3.297233,0.01781707,0.5546031,-0.03871243,0.831023,4.16063,67.34316,357.4382,0.5664873,0.0101654,-0.8240074,0.3011088,0.006537429,0.1235437,4.112926,-0.224985,-2.381208,-0.1933656,-0.1337146,1.915001,0.3818336,-0.04457904,-0.9231554,0.08410465,0.9963678,-0.01332727,0.9203964,-0.07255286,0.384196,moving,4.081515109096852,-0.933369487368897,-5.765849906408144,-3.9941846824050455,1.6774799999999996,-0.26354768,0.9160249999999999,0.0711662454401566,-0.01624834668825994,0.9973320841942176,4.3282288596141845,-1.281265438918519,10.297076974656676,10.312089381243545,10.452289555707035
05/05/2023 11:40:06.892647,1165,True,True,True,True,Eyes,2.396012,0.04265831,-3.351339,0.9413783,-0.09099924,0.3248475,0.0,0.0,0.0,0.0,0.0,0.0,0.0,-3.975743,-0.3005426,-0.9380385,2.441046,0.03738176,-3.288871,0.01425008,0.5501409,-0.03942482,0.834019,3.850199,66.72307,357.1227,0.5679288,0.01019196,-0.8230142,0.2830423,0.006145183,0.1161311,4.10789,-0.217203,-2.349981,-0.1971771,-0.1363506,1.915001,0.3915814,-0.05008299,-0.9187796,0.08144119,0.9964852,-0.01960872,0.9165323,-0.06714808,0.3942839,moving,4.286057321618498,-1.1711737130780682,-5.878714324885707,-4.072662147114573,1.6668440000000002,-0.25458476,0.9388899999999998,0.07472053317365945,-0.0203822744758787,0.9969961225888248,4.534030074324317,-1.5140016173443258,10.55462023793391,10.570771861998697,10.722499224988727
05/05/2023 11:40:06.912408,1166,True,True,True,True,Eyes,2.398576,0.04229803,-3.348193,0.9389012,-0.0903658,0.3321121,0.0,0.0,0.0,0.0,0.0,0.0,0.0,-3.978723,-0.3145382,-0.9024566,2.445976,0.03586674,-3.280169,0.01163756,0.5455495,-0.04061241,0.8370131,3.657596,66.08969,356.8241,0.5692987,0.01020829,-0.822067,0.2660598,0.005776472,0.1091632,4.101213,-0.2136105,-2.318488,-0.2008853,-0.1389147,1.915001,0.4014527,-0.05528849,-0.9142094,0.08068395,0.9964304,-0.02483057,0.9123189,-0.06379373,0.4044806,moving,4.492036494317301,-1.2952753127336016,-5.988475956524442,-4.148984365824889,1.6552370000000005,-0.24947724000000002,0.961681,0.07830063965086215,-0.022535490374980777,0.9966749969981766,4.7381674116568595,-1.6361164601958584,10.844838185290644,10.86208067507989,11.017049653118947
05/05/2023 11:40:06.932426,1167,True,True,True,True,Eyes,2.401205,0.04187329,-3.344817,0.9361808,-0.0899893,0.3398051,0.0,0.0,0.0,0.0,0.0,0.0,0.0,-3.980832,-0.3333821,-0.866289,2.450529,0.03460813,-3.271443,0.01129211,0.5409779,-0.04323877,0.8398487,3.769904,65.45993,356.5291,0.570609,0.0102145,-0.8211582,0.2500962,0.005429884,0.1026134,4.092651,-0.2199196,-2.28767,-0.2046933,-0.1415479,1.915,0.4109466,-0.06041049,-0.9096556,0.08484561,0.9960058,-0.02781512,0.9077026,-0.06574976,0.4144308,moving,4.649881592128036,-1.129694606613167,-6.101148900015438,-4.22735024255819,1.642122,-0.25452773,0.9837730000000002,0.08105103685718018,-0.01965074833632186,0.9965162557145464,4.887574866639392,-1.476055782370525,11.170374102646688,11.188392515544882,11.32791557288913
05/05/2023 11:40:06.942700,1168,True,True,True,True,Eyes,2.403877,0.04138038,-3.341205,0.9333559,-0.0898701,0.3475201,0.0,0.0,0.0,0.0,0.0,0.0,0.0,-3.981882,-0.346682,-0.8328496,2.454606,0.03272959,-3.262368,0.01177642,0.5367075,-0.04553762,0.8424565,3.940644,64.87359,356.3169,0.5718684,0.01021007,-0.8202816,0.2350904,0.005104091,0.09645662,4.083874,-0.2290821,-2.258152,-0.208543,-0.1442099,1.915,0.4197429,-0.06408592,-0.9053778,0.0893679,0.9955753,-0.02903851,0.9032328,-0.06872299,0.4236129,moving,4.7554372613597415,-0.928670390696371,-6.215004416155887,-4.306554941895081,1.6292679999999997,-0.26181169000000004,1.004216,0.08289196842786889,-0.01615186906308437,0.996427684048748,4.985054279304358,-1.2811623729025656,11.459876827412495,11.478706139674403,11.60147899960474
05/05/2023 11:40:06.963131,1169,True,True,True,True,Eyes,2.40657,0.04084188,-3.337367,0.9302926,-0.09026559,0.3555389,0.0,0.0,0.0,0.0,0.0,0.0,0.0,-3.982536,-0.3533365,-0.8011991,2.458311,0.03065941,-3.253172,0.01425307,0.5326679,-0.04775207,0.844856,4.298669,64.32011,356.2337,0.573086,0.01019445,-0.8194315,0.220985,0.004797846,0.09066923,4.074272,-0.2451867,-2.230154,-0.2125151,-0.1469565,1.915001,0.4279694,-0.06550293,-0.9014164,0.09587154,0.9950331,-0.0267884,0.898694,-0.07495556,0.4321236,moving,4.793518472871444,-0.5837754867859404,-6.332425013706549,-4.388257248098573,1.6159609999999995,-0.27584611000000003,1.023018,0.08356081285706235,-0.010152995706244967,0.9964510098338373,5.0128805327049335,-0.9458375960198884,11.738733834931521,11.758431015177482,11.856062204731076
05/05/2023 11:40:06.982684,1170,True,True,True,True,Eyes,2.409287,0.04029283,-3.333295,0.9271438,-0.09074327,0.363552,0.0,0.0,0.0,0.0,0.0,0.0,0.0,-3.983219,-0.3546349,-0.7684993,2.461465,0.02914536,-3.243876,0.01777261,0.5285529,-0.04961749,0.8472628,4.736136,63.75939,356.2436,0.5742688,0.01016767,-0.8186035,0.2077259,0.004509975,0.08522908,4.063346,-0.2637606,-2.202366,-0.2165724,-0.1497621,1.915001,0.43634,-0.06529059,-0.8974099,0.1028656,0.9944445,-0.02233478,0.8938826,-0.08256708,0.4406321,moving,4.831160986379379,-0.171797904407758,-6.452312401647308,-4.471698437727542,1.601881,-0.29290596,1.0415100000000002,0.08421941042685394,-0.0029877818872126247,0.9964427668960625,5.038471039923476,-0.5452395201181074,12.054171945568331,12.075012061888394,12.143112604795855
05/05/2023 11:40:06.992872,1171,True,True,True,True,Eyes,2.412004,0.03973138,-3.328982,0.9237817,-0.09136862,0.3718591,0.0,0.0,0.0,0.0,0.0,0.0,0.0,-3.983343,-0.3520339,-0.7384917,2.464766,0.02836107,-3.23426,0.01910846,0.5246097,-0.05004581,0.849656,4.874888,63.22623,356.2599,0.5754231,0.01013065,-0.8177929,0.1952623,0.004239376,0.08011533,4.054194,-0.2716897,-2.174624,-0.2205678,-0.1525246,1.915001,0.4445602,-0.06499447,-0.893388,0.1050924,0.9942605,-0.0200378,0.8895628,-0.08498024,0.4488391,moving,4.841572439956632,-0.06975097478399371,-6.570315316792778,-4.553839227959604,1.5894279999999998,-0.30005076999999997,1.0596359999999998,0.08440079227059588,-0.0012130401300872208,0.9964311712437255,5.045869827356179,-0.4460185075349924,12.239220233116036,12.261249105817669,12.321117983945154
05/05/2023 11:40:07.012658,1172,True,True,True,True,Eyes,2.414731,0.03915212,-3.324434,0.9203508,-0.09186776,0.3801509,0.0,0.0,0.0,0.0,0.0,0.0,0.0,-3.982755,-0.3479741,-0.7084519,2.467474,0.02751872,-3.224305,0.01923148,0.5206503,-0.04983433,0.8520975,4.856859,62.69326,356.2654,0.5765559,0.0100841,-0.8169952,0.1835466,0.003985014,0.07530841,4.045165,-0.2742082,-2.146637,-0.224182,-0.1550245,1.915001,0.4528797,-0.06490166,-0.8892063,0.1049532,0.9942933,-0.01911832,0.8853728,-0.08466671,0.4571069,moving,4.8609704308971144,-0.11601962359107043,-6.677011429032697,-4.628155655618208,1.5776909999999997,-0.30172692,1.077668,0.0847380254262538,-0.0020176399207003613,0.9964012160444595,5.066026445919121,-0.4911658110504806,12.36580469846453,12.388881990381012,12.45044671915869
05/05/2023 11:40:07.033170,1173,True,True,True,True,Eyes,2.417447,0.03849519,-3.319656,0.9167326,-0.09235247,0.3886803,0.0,0.0,0.0,0.0,0.0,0.0,0.0,-3.982256,-0.3400459,-0.6790335,2.470448,0.02648656,-3.214229,0.01848918,0.5166715,-0.0487918,0.8545923,4.70469,62.16086,356.3015,0.5776707,0.01002862,-0.8162079,0.1725338,0.003745913,0.07078991,4.036705,-0.2727946,-2.11814,-0.2281026,-0.1577358,1.915001,0.4613398,-0.06428853,-0.8848913,0.1024999,0.994555,-0.01881724,0.8812829,-0.0820201,0.4654173,moving,4.871642106421514,-0.29893546668107224,-6.792700284938921,-4.708738885662084,1.5662570000000002,-0.29928116,1.096089,0.08492263601037431,-0.005198536960276598,0.9963739937054126,5.08135957063298,-0.6692108147303163,12.44588419532767,12.47009421042779,12.542371565599144
05/05/2023 11:40:07.042492,1174,True,True,True,True,Eyes,2.484765,0.02044588,-3.194889,0.7999469,-0.1097592,0.5899474,0.0,0.0,0.0,0.0,0.0,0.0,0.0,-3.981748,-0.3219089,-0.6513244,2.472941,0.02393242,-3.204083,0.01843949,0.5128701,-0.04685492,0.8569883,4.569359,61.65644,356.4689,0.578773,0.009963206,-0.8154274,0.1621818,0.003521158,0.06654251,4.028268,-0.2738712,-2.091017,-0.2317927,-0.1602869,1.915001,0.4695377,-0.06139411,-0.8807753,0.09922237,0.9949292,-0.01645612,0.8773194,-0.07966584,0.4732485,moving,-7.89595413606328,-2.287632154145441,-6.9015367628532855,-4.7845437323172035,1.5553269999999997,-0.29780362,1.1130659999999999,-0.13726718721508058,-0.03953826350759729,0.989744666367985,-7.311133210935637,-2.5195137001373205,2.674996032990346,2.687644571246367,2.3017667772731625
05/05/2023 11:40:07.062708,1175,True,True,True,True,Eyes,2.484837,0.02052008,-3.194463,0.7994783,-0.1103612,0.59047,0.0,0.0,0.0,0.0,0.0,0.0,0.0,-3.98117,-0.3038445,-0.6217457,2.475065,0.0216874,-3.194085,0.02312552,0.5089777,-0.04676337,0.8591974,5.010701,61.14083,356.7303,0.5828364,0.00941684,-0.8125347,0.3544055,-0.05083805,0.4368511,4.016306,-0.2943296,-2.06532,-0.2357748,-0.1630409,1.915001,0.4775098,-0.05681718,-0.8767875,0.1038987,0.9945568,-0.00786426,0.8724618,-0.08734179,0.4808138,moving,-7.455218719809228,-1.8112075271459989,-7.018929400122005,-4.866358816957598,1.5412410000000003,-0.31601700000000005,1.128765,-0.1296875224986438,-0.03133935200192845,0.9910595133797938,-6.894337165287754,-2.058882755076801,3.0652521211409103,3.086146103817935,2.8102393248644684
05/05/2023 11:40:07.082306,1176,True,True,True,True,Eyes,2.485025,0.02077836,-3.193618,0.7988201,-0.1107764,0.5912825,0.0,0.0,0.0,0.0,0.0,0.0,0.0,-3.979541,-0.303588,-0.5855781,2.476969,0.02365997,-3.18369,0.02985278,0.5044558,-0.0493643,0.8615081,5.810641,60.54149,356.8345,0.5862082,0.008958217,-0.8101106,0.3331411,-0.04778776,0.4106401,4.000195,-0.3216941,-2.037974,-0.2396898,-0.1657485,1.915,0.486175,-0.05493667,-0.8721328,0.1151743,0.9933439,0.001632619,0.8662382,-0.101241,0.4892663,moving,-6.963821593579115,-0.9853641495163694,-7.134289907161664,-4.946778646713992,1.5232259999999997,-0.34535406999999996,1.1457159999999997,-0.12122492510438354,-0.01707017384736507,0.9924782539005464,-6.437573090404186,-1.2586088284575823,3.9342547116078523,3.9650806126159868,3.753399916215989
05/05/2023 11:40:07.092245,1177,True,True,True,True,Eyes,2.48532,0.02105394,-3.192364,0.7979766,-0.1105158,0.592469,0.0,0.0,0.0,0.0,0.0,0.0,0.0,-3.975108,-0.3271521,-0.5562685,2.479943,0.02834049,-3.172857,0.02714517,0.5005166,-0.05098961,0.8637977,5.620451,60.00689,356.4907,0.5890304,0.008576306,-0.808065,0.3131527,-0.0449205,0.3860016,3.990865,-0.311658,-2.008206,-0.2435328,-0.1684058,1.915,0.4937665,-0.06091619,-0.8674583,0.1152626,0.9933264,-0.004146422,0.8619219,-0.09793815,0.4974926,moving,-6.500916975810444,-1.168288296953647,-7.247468767598731,-5.025683017383241,1.5109219999999999,-0.33999849,1.164651,-0.11319587592489616,-0.02025801675554818,0.9933661050131155,-5.981394506196893,-1.4396608722775779,3.896897815590369,3.9289736073204167,3.802959224153269
05/05/2023 11:40:07.112653,1178,True,True,True,True,Eyes,2.485667,0.02132299,-3.190723,0.7969365,-0.1103883,0.5938911,0.0,0.0,0.0,0.0,0.0,0.0,0.0,-3.969253,-0.3406709,-0.5359886,2.482508,0.02897847,-3.161427,0.01938149,0.49735,-0.04972001,0.8659074,4.76227,59.58346,356.1549,0.5915843,0.008239406,-0.8062007,0.2943635,-0.04222527,0.3628415,3.986374,-0.2836401,-1.978874,-0.2474955,-0.1711462,1.915001,0.5003418,-0.06682705,-0.8632453,0.1053846,0.9943046,-0.01589134,0.8593907,-0.08302163,0.5045347,moving,-6.120623391119126,-2.0295039243776287,-7.364109541934769,-5.10703224412522,1.503866,-0.31261857,1.1825530000000002,-0.10655585065691248,-0.03521249645153326,0.9936830134669619,-5.587464573092212,-2.280132014306452,3.2901846153533842,3.3192526818726433,3.3388369613778646
05/05/2023 11:40:07.132885,1179,True,True,True,True,Eyes,2.486085,0.0216279,-3.188688,0.7956527,-0.1104935,0.5955904,0.0,0.0,0.0,0.0,0.0,0.0,0.0,-3.965315,-0.3429078,-0.5064672,2.484128,0.0291212,-3.150568,0.02080333,0.4934175,-0.05076282,0.8680608,4.945703,59.06089,356.1093,0.5939031,0.007942934,-0.8044971,0.2767017,-0.03969175,0.341071,3.974039,-0.2916879,-1.95149,-0.251253,-0.1737446,1.915001,0.5079246,-0.06760097,-0.8587448,0.1086599,0.9939807,-0.01397741,0.8545206,-0.08621164,0.5122128,moving,-5.733948488380511,-1.8255765872756944,-7.474657220940611,-5.184149593822729,1.4899109999999998,-0.3208091,1.1990779999999999,-0.09985910913742763,-0.03169769654089963,0.9944965417174562,-5.216023056781737,-2.0842781417787304,3.750502946417021,3.78286657601314,3.8354440820722475
05/05/2023 11:40:07.142491,1180,True,True,True,True,Eyes,2.486548,0.02196123,-3.186294,0.7941402,-0.1108773,0.5975346,0.0,0.0,0.0,0.0,0.0,0.0,0.0,-3.961363,-0.3406539,-0.4774234,2.486222,0.03032658,-3.139134,0.02262897,0.4894341,-0.0512271,0.8702402,5.13656,58.5348,356.1423,0.596017,0.00768378,-0.8029347,0.2600996,-0.03731025,0.3206068,3.961817,-0.2994095,-1.923644,-0.2552325,-0.1764963,1.915,0.5156602,-0.06700899,-0.8541689,0.1113106,0.9937274,-0.01075929,0.8495321,-0.08952987,0.5198843,moving,-5.364789112053759,-1.6239070019716046,-7.59167916513389,-5.265798900383614,1.4755949999999998,-0.32973608,1.21549,-0.09345925625881452,-0.028214694300003604,0.9952232561358267,-4.861595153584535,-1.8905048728605915,4.233450167938052,4.268772178065522,4.341194361273174
05/05/2023 11:40:07.162747,1181,True,True,True,True,Eyes,2.487041,0.02233597,-3.183538,0.7923285,-0.111832,0.5997576,0.0,0.0,0.0,0.0,0.0,0.0,0.0,-3.958764,-0.3290814,-0.442132,2.487746,0.03137803,-3.128214,0.02656901,0.4848223,-0.05137225,0.8726983,5.519602,57.93069,356.3191,0.5979526,0.00745894,-0.8014965,0.2444936,-0.03507163,0.3013704,3.946382,-0.3142483,-1.895574,-0.2591237,-0.1791869,1.915,0.5246164,-0.06390245,-0.8489371,0.1154275,0.99331,-0.003439367,0.8434774,-0.0961863,0.5284829,moving,-4.9543397569743926,-1.247512023375448,-7.706039207876576,-5.345611866538066,1.4586359999999998,-0.34562633,1.2326399999999997,-0.08634150983663541,-0.021690168850188186,0.9960294710240211,-4.471626411455184,-1.5270003600548923,4.89745825884796,4.936220435983877,5.004320131156693
05/05/2023 11:40:07.182718,1182,True,True,True,True,Eyes,2.487586,0.02272509,-3.180461,0.7903208,-0.1129415,0.6021937,0.0,0.0,0.0,0.0,0.0,0.0,0.0,-3.956673,-0.3113599,-0.4044448,2.489319,0.03281647,-3.11737,0.03269311,0.4799115,-0.05157812,0.875189,6.126916,57.29467,356.6038,0.5997326,0.007266106,-0.8001673,0.229824,-0.03296733,0.2832881,3.928977,-0.3365458,-1.868224,-0.2629239,-0.1818147,1.915,0.5340493,-0.0589016,-0.843399,0.1216608,0.9925417,0.007719444,0.8366541,-0.1067312,0.5372322,moving,-4.5409711437039055,-0.6494652504853975,-7.817665231383864,-5.423541880783694,1.439658,-0.36936227,1.249146,-0.07916689823528134,-0.011299487756263413,0.9967973341932808,-4.08478615361037,-0.9478515006104242,5.7477041673744225,5.790382700322763,5.828052040643995
05/05/2023 11:40:07.192266,1183,True,True,True,True,Eyes,2.48818,0.02307774,-3.177101,0.7880766,-0.1146839,0.6047999,0.0,0.0,0.0,0.0,0.0,0.0,0.0,-3.955338,-0.2766106,-0.3704138,2.491126,0.0335369,-3.106699,0.03653563,0.4752111,-0.04860561,0.8777683,6.334655,56.69941,357.0815,0.601378,0.007102442,-0.7989327,0.2160346,-0.03098929,0.2662908,3.914721,-0.3473909,-1.841501,-0.2668092,-0.1845015,1.915,0.543624,-0.05060466,-0.8378021,0.1200532,0.9926053,0.0179438,0.8306987,-0.1103355,0.5456792,moving,-4.15669187684666,-0.48097055031815167,-7.931729247566843,-5.503200791916119,1.4235950000000002,-0.3809278,1.2651979999999998,-0.072481797934486,-0.008372341751274798,0.9973346160083707,-3.714724924403362,-0.7864571393318787,6.2382896517848705,6.282810179366804,6.32698950100071
05/05/2023 11:40:07.212326,1184,True,True,True,True,Eyes,2.488819,0.02340954,-3.173472,0.7856091,-0.1167798,0.6076026,0.0,0.0,0.0,0.0,0.0,0.0,0.0,-3.954512,-0.22615,-0.3357838,2.49272,0.03308967,-3.096338,0.04254312,0.4703451,-0.04457713,0.8803285,6.709599,56.09959,357.7804,0.6029072,0.006964155,-0.7977806,0.2030725,-0.02912994,0.2503134,3.899353,-0.3659198,-1.816648,-0.2705587,-0.1870942,1.915,0.5535767,-0.03846515,-0.8319094,0.1185049,0.992406,0.03297056,0.8243236,-0.1168371,0.5539311,moving,-3.789083113476026,-0.15856256272876,-8.041746514923794,-5.58004957911465,1.4066330000000002,-0.39900947000000003,1.2796899999999998,-0.06608353380792475,-0.0027613860422880873,0.9978103229192373,-3.3650628783631564,-0.4751970234148074,6.843633305353594,6.890404013906156,6.923213809489726
05/05/2023 11:40:07.232764,1185,True,True,True,True,Eyes,2.489514,0.02372385,-3.169589,0.7828945,-0.1192347,0.6106221,0.0,0.0,0.0,0.0,0.0,0.0,0.0,-3.953752,-0.1685771,-0.2974204,2.494477,0.03291418,-3.086345,0.04987963,0.4649346,-0.04015127,0.8830266,7.205328,55.44656,358.5833,0.6043355,0.006848267,-0.7967002,0.1908881,-0.02738214,0.2352946,3.882053,-0.3887581,-1.791983,-0.2744275,-0.1897697,1.915,0.5644475,-0.02452774,-0.8251046,0.1172908,0.9917998,0.05075466,0.8170937,-0.1254255,0.5626957,moving,-3.382429281597651,0.2617978159858623,-8.155201718641024,-5.659331482176402,1.3875760000000001,-0.42167228,1.294362,-0.05899963172919365,0.004561258546021858,0.9982476141714771,-2.9799790937946637,-0.06888969878352597,7.556067469683573,7.605204067042283,7.618134190878142
05/05/2023 11:40:07.242781,1186,True,True,True,True,Eyes,2.490252,0.02404022,-3.165464,0.7799344,-0.1218104,0.6138929,0.0,0.0,0.0,0.0,0.0,0.0,0.0,-3.951849,-0.113049,-0.2573527,2.496351,0.03283701,-3.076244,0.05469484,0.4592485,-0.03493089,0.8859341,7.411577,54.75881,359.3265,0.6056771,0.006752157,-0.7956815,0.1794349,-0.02573921,0.2211769,3.865348,-0.4019448,-1.765238,-0.278555,-0.1926239,1.915,0.5757414,-0.0116559,-0.8175489,0.11213,0.9915766,0.06482813,0.8099067,-0.128996,0.5721986,moving,-2.9479191246666945,0.3710368043628477,-8.276172504640549,-5.743884752784491,1.3689969999999998,-0.43478181,1.311006,-0.05142712054542575,0.006467199348299646,0.9986557770958548,-2.559354708758169,0.034516684372177586,8.060135615738291,8.11064422418269,8.128464115701792
05/05/2023 11:40:07.263172,1187,True,True,True,True,Eyes,2.491059,0.02438162,-3.161105,0.776708,-0.1243323,0.6174675,0.0,0.0,0.0,0.0,0.0,0.0,0.0,-3.949055,-0.07140456,-0.2113622,2.498138,0.03318145,-3.066433,0.05887155,0.4529482,-0.03134143,0.8890388,7.647048,53.98668,359.8615,0.6069449,0.006673905,-0.7947156,0.1686688,-0.02419486,0.2079063,3.846282,-0.4143315,-1.7371,-0.282128,-0.195095,1.915,0.5877114,-0.002395982,-0.8090671,0.109059,0.9911037,0.07628608,0.8016866,-0.1330703,0.5827442,moving,-2.4527913790584437,0.49233947473982587,-8.38083180620825,-5.817068753275371,1.348144,-0.44751295,1.3293329999999999,-0.04279463285563395,0.008584966930298893,0.9990469805695315,-2.079964305644803,0.1492588576422169,8.60585553945876,8.65738387122047,8.677441813141373
05/05/2023 11:40:07.282778,1188,True,True,True,True,Eyes,2.491921,0.02467896,-3.156518,0.7732782,-0.1265097,0.621318,0.0,0.0,0.0,0.0,0.0,0.0,0.0,-3.945157,-0.04847786,-0.1650417,2.500355,0.03411339,-3.05629,0.05948264,0.4466896,-0.02867046,0.892249,7.571322,53.19571,0.1143381,0.6081502,0.006612383,-0.7937942,0.1585486,-0.02274317,0.1954319,3.828264,-0.4148328,-1.706011,-0.2860175,-0.1977843,1.915,0.5992929,0.001978176,-0.8005274,0.1043029,0.9912797,0.08053305,0.7937058,-0.1317602,0.5938604,moving,-1.9606294851544643,0.30300564790371726,-8.494697912801008,-5.896693310727607,1.327909,-0.44894619,1.3502790000000002,-0.03421228303462531,0.005285325484779675,0.9994005808170259,-1.5950924130576725,-0.03822372146482905,8.955181154074468,9.007236945635533,9.051310511765976
05/05/2023 11:40:07.292951,1189,True,True,True,True,Eyes,2.492824,0.02493164,-3.151716,0.7695482,-0.1287047,0.6254843,0.0,0.0,0.0,0.0,0.0,0.0,0.0,-3.940672,-0.0293152,-0.1190971,2.502534,0.03328168,-3.046335,0.05728222,0.4405239,-0.0254728,0.8955494,7.183115,52.40303,0.279742,0.6093028,0.00656487,-0.7929101,0.1490357,-0.02137858,0.183706,3.811692,-0.4064285,-1.673686,-0.2898409,-0.2004283,1.915,0.6105797,0.004844076,-0.7919401,0.09609267,0.9921398,0.08015535,0.7861035,-0.1250409,0.6053149,moving,-1.4955398275774876,-0.2068631130446507,-8.606563086306334,-5.97495435482039,1.309158,-0.43971018,1.372649,-0.02609895945745766,-0.0036092046305204323,0.9996528194473285,-1.1279715963341326,-0.5374022158995817,9.104180958706428,9.156283545174462,9.246421142115844
05/05/2023 11:40:07.312452,1190,True,True,True,True,Eyes,2.493769,0.02517234,-3.146702,0.7655452,-0.130825,0.6299406,0.0,0.0,0.0,0.0,0.0,0.0,0.0,-3.935551,-0.008460879,-0.06824958,2.504363,0.03245295,-3.036512,0.05894432,0.4337022,-0.02381986,0.8988107,7.274378,51.54782,0.4799658,0.6104121,0.006528866,-0.7920569,0.1400936,-0.02009586,0.1726837,3.789919,-0.4140277,-1.642644,-0.2938517,-0.2032022,1.915001,0.6226701,0.008309459,-0.7824404,0.09394765,0.9919164,0.08529811,0.7768242,-0.126621,0.616856,moving,-0.9910437377615209,-0.2357248066393432,-8.723835705085452,-6.057033182425916,1.2855559999999997,-0.44648065,1.393868,-0.01729596564426983,-0.004113546550301522,0.9998418483458327,-0.6354013388011718,-0.5688297298800123,9.625594537248492,9.679034188177683,9.774617518564364
05/05/2023 11:40:07.332818,1191,True,True,True,True,Eyes,2.494763,0.02538982,-3.141513,0.7611798,-0.1329341,0.6347707,0.0,0.0,0.0,0.0,0.0,0.0,0.0,-3.929695,0.007058144,-0.0136205,2.506321,0.03238982,-3.026556,0.05951293,0.4264428,-0.0223299,0.9022784,7.263882,50.6319,0.6042978,0.611485,0.006502978,-0.791229,0.131688,-0.01889011,0.1623226,3.767096,-0.4169888,-1.609993,-0.2976041,-0.2057967,1.915001,0.6352957,0.01046215,-0.7721981,0.09105329,0.9919192,0.0883496,0.7668824,-0.1264393,0.6292095,moving,-0.45752147798557935,-0.37073143723537333,-8.833490409980728,-6.133783944431203,1.2607750000000002,-0.44937862,1.4165629999999998,-0.007985004198067691,-0.0064702328029274045,0.9999471887278711,-0.11167487193131576,-0.703727081719929,10.11253690963638,10.16708560751035,10.274024713423554
05/05/2023 11:40:07.343060,1192,True,True,True,True,Eyes,2.49578,0.02559407,-3.136138,0.7564924,-0.1351979,0.6398755,0.0,0.0,0.0,0.0,0.0,0.0,0.0,-3.923035,0.02029619,0.0454185,2.508091,0.03205128,-3.016808,0.06013887,0.4186644,-0.0212618,0.9058982,7.282549,49.65191,0.6835657,0.6125287,0.006485629,-0.7904214,0.1237867,-0.0177567,0.1525833,3.741748,-0.4210367,-1.576542,-0.3014653,-0.2084667,1.915,0.6485361,0.01183395,-0.7610918,0.08887807,0.9918625,0.09115624,0.7559772,-0.1267625,0.6422069,moving,0.11509658348530401,-0.48894096656463903,-8.94626106575636,-6.212748306576562,1.233657,-0.45308798,1.440266,0.002008739723978359,-0.008533508407793287,0.9999615108199892,0.44971018657234574,-0.8225403803807891,10.661866504546166,10.717750366240331,10.832295105941824
05/05/2023 11:40:07.371071,1193,True,True,True,True,Eyes,2.496838,0.02576576,-3.130606,0.7514417,-0.1376802,0.6452748,0.0,0.0,0.0,0.0,0.0,0.0,0.0,-3.91535,0.03349143,0.105949,2.509648,0.03197243,-3.007151,0.06315206,0.4106107,-0.02133352,0.9093711,7.606962,48.65166,0.7550435,0.6135482,0.006475676,-0.7896304,0.1163595,-0.0166913,0.1434283,3.71333,-0.4348128,-1.544847,-0.3053764,-0.2111714,1.915001,0.6618874,0.01306166,-0.7494895,0.090662,0.9911134,0.09733777,0.7441005,-0.1323769,0.6548212,moving,0.6844245452650416,-0.3162915051336872,-9.060408658643684,-6.292708280196217,1.2036820000000001,-0.46678523,1.4623039999999998,0.011944995924914714,-0.005519906375038526,0.9999134368493776,1.000048403457066,-0.6583306429830088,11.373707709674933,11.431506096803291,11.53078521424717
05/05/2023 11:40:07.382778,1194,True,True,True,True,Eyes,2.497889,0.02589427,-3.124917,0.7460647,-0.1405192,0.6508778,0.0,0.0,0.0,0.0,0.0,0.0,0.0,-3.906871,0.04746455,0.1644447,2.511315,0.03141741,-2.997539,0.06536146,0.4027347,-0.02098308,0.912739,7.829006,47.67451,0.829526,0.6145487,0.006471588,-0.788852,0.1093779,-0.01568982,0.1348226,3.68589,-0.4456507,-1.513862,-0.3091675,-0.213793,1.915,0.6747289,0.01434251,-0.7379264,0.0909508,0.9905752,0.1024147,0.7324404,-0.1362171,0.6670652,moving,1.2076853406120502,-0.26821754510894286,-9.170993970814068,-6.370194479598199,1.174575,-0.47706811,1.4836770000000001,0.021076294914784133,-0.0046802225451849505,0.9997669618451905,1.5088371866781785,-0.6150254146842511,11.97995874314648,12.039564226269297,12.131807965768527
05/05/2023 11:40:07.398334,1195,True,True,True,True,Eyes,2.498945,0.02598216,-3.119107,0.7402366,-0.1463478,0.6562256,0.0,0.0,0.0,0.0,0.0,0.0,0.0,-3.897104,0.0646632,0.2240674,2.512199,0.03058684,-2.988266,0.07094043,0.3946074,-0.02194467,0.9158443,8.468165,46.687,0.9147946,0.6155353,0.006471726,-0.7880825,0.1028152,-0.01474843,0.1267332,3.653978,-0.4707648,-1.48577,-0.3135004,-0.2167892,1.915,0.6876069,0.01579143,-0.7259114,0.09618304,0.9889717,0.1126217,0.7196844,-0.1472598,0.6785049,moving,1.7374173213426614,0.02118813873036187,-9.297293738430334,-6.458720287257577,1.141779,-0.50135164,1.5024959999999998,0.030319002760527236,0.00036963275561807674,0.9995401753221294,2.0174295337768062,-0.33695113264551596,12.73452536301243,12.79664258240676,12.864642253439678
05/05/2023 11:40:07.412647,1196,True,True,True,True,Eyes,2.499986,0.02607402,-3.113147,0.7340679,-0.1523601,0.6617633,0.0,0.0,0.0,0.0,0.0,0.0,0.0,-3.886392,0.08106983,0.2843748,2.513271,0.03044314,-2.978929,0.07792857,0.3862387,-0.02372736,0.9187949,9.295691,45.67971,0.9636314,0.6165098,0.006474675,-0.7873203,0.09664633,-0.01386353,0.1191292,3.620569,-0.5004217,-1.459782,-0.3169636,-0.219184,1.915,0.7005134,0.0165969,-0.7134463,0.1037992,0.9867283,0.1248719,0.70605,-0.1615296,0.6894937,moving,2.2674786892334766,0.48701431658218114,-9.398177162681558,-6.5294548732123445,1.1072980000000001,-0.53086484,1.519147,0.03956321133869206,0.008493245919509618,0.9991809466716384,2.521587871041516,0.11277532770422422,13.548640944358345,13.613168857641314,13.645512833936854
05/05/2023 11:40:07.432498,1197,True,True,True,True,Eyes,2.500906,0.02614381,-3.106942,0.7274972,-0.1585864,0.6675314,0.0,0.0,0.0,0.0,0.0,0.0,0.0,-3.874348,0.09257787,0.3462704,2.513938,0.03071109,-2.969549,0.08287605,0.3777442,-0.02522559,0.9218485,9.895746,44.6456,0.9366409,0.6174753,0.006480278,-0.7865631,0.09084755,-0.01303172,0.1119815,3.586614,-0.5220333,-1.432296,-0.3207524,-0.2218041,1.915,0.7133461,0.01610354,-0.700627,0.1091202,0.9849905,0.1337407,0.6922646,-0.171856,0.7008818,moving,2.7923664970374125,0.7144664350672668,-9.508478018275142,-6.6068211865033035,1.072676,-0.5527443900000001,1.5372530000000002,0.04871291989023102,0.012454664983682306,0.9987351626005125,3.0271278755211264,0.330601890110869,14.24777149856571,14.31474862607295,14.32722073776064
05/05/2023 11:40:07.442641,1198,True,True,True,True,Eyes,2.501815,0.02617542,-3.100609,0.7206173,-0.1649128,0.6734348,0.0,0.0,0.0,0.0,0.0,0.0,0.0,-3.861606,0.1034767,0.4074767,2.514759,0.0304177,-2.960373,0.08752382,0.3692607,-0.02680849,0.9248068,10.46786,43.61244,0.8770976,0.6184343,0.006487768,-0.7858093,0.0853967,-0.01224981,0.1052626,3.55251,-0.5430411,-1.405665,-0.3245207,-0.2244097,1.915001,0.7258556,0.01505287,-0.6876824,0.1142235,0.9832417,0.1420866,0.6782968,-0.1816839,0.7119722,moving,3.2951694616637823,0.909585172280152,-9.618106633056817,-6.683731893890013,1.0377509999999996,-0.5734588,1.5547080000000002,0.057472637381994485,0.01584834951094924,0.998221258180924,3.512010645826659,0.5171150362183052,14.910807641111798,14.98035926024051,14.975051795172021
05/05/2023 11:40:07.463087,1199,True,True,True,True,Eyes,2.50262,0.0261896,-3.094093,0.7134148,-0.1713174,0.6794774,0.0,0.0,0.0,0.0,0.0,0.0,0.0,-3.847866,0.1182105,0.4661537,2.515455,0.02959882,-2.951094,0.09174763,0.3609741,-0.02772309,0.9276377,10.96631,42.60821,0.8639621,0.6193888,0.00649602,-0.7850571,0.0802729,-0.01151482,0.09894685,3.519191,-0.5624564,-1.379916,-0.3283705,-0.2270723,1.915,0.7378583,0.01480306,-0.6747933,0.117671,0.9816276,0.1502025,0.6646192,-0.1902317,0.7225603,moving,3.74790439278836,1.0242580031122983,-9.730042855714386,-6.762307096983917,1.003736,-0.59205522,1.571178,0.06535622796425622,0.017837502834606236,0.9977024869526332,3.9502544262331214,0.6256876058388716,15.493339550943828,15.56552787705766,15.547765095067454
05/05/2023 11:40:07.482416,1200,True,True,True,True,Eyes,2.503401,0.02619228,-3.087458,0.7059051,-0.1776618,0.6856633,0.0,0.0,0.0,0.0,0.0,0.0,0.0,-3.83318,0.1310779,0.5251136,2.51578,0.02926028,-2.942141,0.09599718,0.3526487,-0.02892962,0.930369,11.48022,41.59916,0.8113015,0.6203402,0.006504556,-0.7843056,0.07545652,-0.01082394,0.09301004,3.484434,-0.5818997,-1.35501,-0.3326437,-0.230027,1.915,0.7496039,0.01387613,-0.6617413,0.121537,0.9798952,0.1582216,0.6506326,-0.1990296,0.7328469,moving,4.184432345197606,1.159994795028414,-9.854196534661865,-6.8494686253344215,0.9686539999999999,-0.61115998,1.5871309999999998,0.07295233897838083,0.020190401755833934,0.9971309794939986,4.372131595039326,0.7548625536741622,16.08744791431789,16.162753636325547,16.13115819567738
05/05/2023 11:40:07.492652,1201,True,True,True,True,Eyes,2.523277,0.02491457,-2.92003,0.4812502,-0.322492,0.8151056,0.0,0.0,0.0,0.0,0.0,0.0,0.0,-3.817526,0.1301851,0.5846553,2.516058,0.0290327,-2.932726,0.09799102,0.3443969,-0.03096076,0.9331827,11.78341,40.57245,0.5684158,0.6212898,0.006513078,-0.7835535,0.07092913,-0.0101745,0.08742943,3.450371,-0.5929111,-1.328169,-0.3362525,-0.2325224,1.915,0.7608644,0.009711509,-0.6488383,0.1252797,0.9788784,0.1615615,0.6367028,-0.2042127,0.7435771,moving,-9.620466929639312,-7.205982087543018,-9.958974019258642,-6.923056346524922,0.934313,-0.6219438,1.6045570000000002,-0.16583740407182332,-0.12369990585586099,0.9783640799402694,-8.859655506238377,-7.293554716976116,0.44121768614159357,0.4411734632241471,1.1600733750828331
05/05/2023 11:40:07.512678,1202,True,True,True,True,Eyes,2.523277,0.02486513,-2.919662,0.4806152,-0.3227437,0.8153806,0.0,0.0,0.0,0.0,0.0,0.0,0.0,-3.801681,0.1263913,0.6417651,2.516213,0.02766411,-2.923786,0.09951814,0.3364657,-0.03334458,0.9358286,12.04632,39.57904,0.2671103,0.6252742,0.006487856,-0.7803779,0.1263014,-0.01339713,0.584467,3.416555,-0.6036726,-1.302311,-0.340275,-0.2353041,1.915,0.7713579,0.004559269,-0.6363853,0.1293785,0.9779686,0.1638252,0.6231117,-0.2087024,0.7537739,moving,-8.669123543148444,-6.9635045367758375,-10.075683543468537,-7.005059813677881,0.9003419999999998,-0.63133671,1.6214750000000002,-0.1496412551812639,-0.11987201351861741,0.981446984986891,-7.938803512191557,-7.06393666440434,1.3964615042437272,1.4071737190336044,2.1376909859990936
05/05/2023 11:40:07.532557,1203,True,True,True,True,Eyes,2.523263,0.02478666,-2.918922,0.4794175,-0.3229795,0.8159922,0.0,0.0,0.0,0.0,0.0,0.0,0.0,-3.784974,0.1250082,0.6972361,2.516288,0.02649943,-2.914684,0.10246,0.3285601,-0.03617228,0.938212,12.47584,38.59682,359.968,0.6285662,0.006472195,-0.7777288,0.1187233,-0.01259331,0.549399,3.381744,-0.6192619,-1.278801,-0.343989,-0.2378725,1.915,0.7814797,-0.0005460336,-0.6239306,0.1352031,0.9763871,0.1684888,0.6091057,-0.2160279,0.7631004,moving,-7.767725754521848,-6.550680466887134,-10.183367253954449,-7.080749683731627,0.865456,-0.64576133,1.6358829999999998,-0.13429104858506818,-0.1130486714090754,0.9844724878582973,-7.071230822136449,-6.668242919396138,2.446380296106849,2.473114883790706,3.1393558257820042
05/05/2023 11:40:07.543846,1204,True,True,True,True,Eyes,2.523243,0.02467375,-2.917831,0.4777207,-0.3232753,0.8168696,0.0,0.0,0.0,0.0,0.0,0.0,0.0,-3.768062,0.1196374,0.7498215,2.516426,0.02572405,-2.905472,0.1039857,0.3210605,-0.03872724,0.9405358,12.73677,37.65578,359.643,0.6313015,0.006462811,-0.7755103,0.1115999,-0.01183771,0.516435,3.348945,-0.6289248,-1.254914,-0.3477601,-0.24048,1.915,0.7908407,-0.006077284,-0.6119919,0.1396201,0.9753743,0.170737,0.5958835,-0.2204722,0.7722142,moving,-6.942544304121141,-6.3119550801687865,-10.292632174938769,-7.157566413964458,0.832519,-0.65464885,1.650558,-0.12015183806876811,-0.1091452305280324,0.9867374446449366,-6.273262739463802,-6.441439026789482,3.4171135787038223,3.4551624086348065,4.082666909446864
05/05/2023 11:40:07.562483,1205,True,True,True,True,Eyes,2.523234,0.02452092,-2.916423,0.4754996,-0.323587,0.8180413,0.0,0.0,0.0,0.0,0.0,0.0,0.0,-3.750533,0.1165891,0.7997051,2.516345,0.0248135,-2.896034,0.1046929,0.3138475,-0.04046687,0.9428158,12.87431,36.75324,359.3776,0.6336063,0.0064564,-0.7736284,0.1049039,-0.01112744,0.4854489,3.317609,-0.6352293,-1.230984,-0.3517057,-0.2432086,1.915,0.7997244,-0.01059042,-0.6002739,0.1420208,0.9748037,0.1720113,0.5833276,-0.222813,0.7810783,moving,-6.198620760677598,-6.189294709807149,-10.406872139096793,-7.2379230491433395,0.8012640000000002,-0.6600428,1.6650500000000001,-0.10735332258708061,-0.10719054126487587,0.9884257365466091,-5.5513780757823925,-6.32702570970518,4.290315321528848,4.336934523142587,4.940198028609471
05/05/2023 11:40:07.582873,1206,True,True,True,True,Eyes,2.523226,0.02431568,-2.914694,0.4728338,-0.3239855,0.8194276,0.0,0.0,0.0,0.0,0.0,0.0,0.0,-3.732289,0.1239843,0.8490622,2.516273,0.02370133,-2.886878,0.1062218,0.306494,-0.04117283,0.9450308,13.06194,35.85244,359.2526,0.6356941,0.0064468,-0.7719138,0.09860969,-0.0104598,0.456322,3.286166,-0.6440747,-1.208949,-0.355566,-0.2458781,1.915,0.8087325,-0.0127065,-0.5880395,0.1429319,0.9740434,0.1755273,0.5705457,-0.2260042,0.7895567,moving,-5.50107443436151,-6.006294269274148,-10.51856143904861,-7.316511512354696,0.7698930000000002,-0.66777603,1.6779289999999998,-0.09534295870235532,-0.10416103764942729,0.9899798971373741,-4.876329161532678,-6.153594906307766,5.130445090289455,5.185734766286212,5.760829810544862
05/05/2023 11:40:07.592346,1207,True,True,True,True,Eyes,2.523215,0.02407215,-2.912649,0.4696685,-0.324472,0.8210539,0.0,0.0,0.0,0.0,0.0,0.0,0.0,-3.712992,0.142089,0.8978866,2.516368,0.0222595,-2.877516,0.1077339,0.2989715,-0.04030121,0.9473042,13.19179,34.95042,359.2975,0.6375917,0.006433017,-0.7703473,0.09269311,-0.009832211,0.4289427,3.255552,-0.6523836,-1.187382,-0.3593326,-0.2484826,1.915,0.8179837,-0.01193628,-0.5751175,0.1407737,0.9735385,0.1800157,0.5577504,-0.2282114,0.7980189,moving,-4.852403567565532,-5.873317107949723,-10.627461867251231,-7.393159748699555,0.7391839999999998,-0.6746430999999999,1.690134,-0.08414832709435843,-0.10196635519192179,0.9912224809988704,-4.247576681639488,-6.028511850710807,5.909058427226463,5.97170160150439,6.524201013693039
05/05/2023 11:40:07.612290,1208,True,True,True,True,Eyes,2.523207,0.02380266,-2.910304,0.4660921,-0.3251308,0.8228294,0.0,0.0,0.0,0.0,0.0,0.0,0.0,-3.692939,0.1660957,0.9451426,2.516438,0.02109563,-2.868061,0.1100442,0.2914514,-0.03895637,0.9494361,13.39528,34.06218,359.4211,0.6393229,0.006414516,-0.7689113,0.08713152,-0.009242279,0.4032061,3.224725,-0.6633093,-1.167423,-0.3632289,-0.2511771,1.915,0.827077,-0.009828098,-0.5620027,0.1381183,0.9727453,0.1862521,0.5448551,-0.2316677,0.8058928,moving,-4.249758279029339,-5.676365701182098,-10.740030513031776,-7.472428610861983,0.7082869999999999,-0.68440493,1.7006379999999999,-0.07374289395249395,-0.09863998803303779,0.9923871435320811,-3.6654151197238316,-5.840877645363239,6.664033017728107,6.734201930963368,7.260312769863954
05/05/2023 11:40:07.633026,1209,True,True,True,True,Eyes,2.523187,0.0234971,-2.907656,0.4619929,-0.3258416,0.8248574,0.0,0.0,0.0,0.0,0.0,0.0,0.0,-3.671942,0.1951103,0.9920384,2.516579,0.02021831,-2.858634,0.1128331,0.283804,-0.03710072,0.9514975,13.63758,33.17039,359.6134,0.6409089,0.006391132,-0.76759,0.08190362,-0.008687742,0.3790137,3.193681,-0.6755686,-1.148716,-0.3670779,-0.2538385,1.915,0.8361576,-0.006557543,-0.5484501,0.1346475,0.9717845,0.1936622,0.5317053,-0.2357795,0.813448,moving,-3.6835698261381156,-5.445117956335138,-10.851150294379787,-7.55069548232085,0.6771020000000001,-0.6957869099999999,1.7099179999999998,-0.0639574211110418,-0.09469796260098982,0.9934493758817188,-3.119716768738236,-5.619631881437769,7.393107290160301,7.4704528970240895,7.9689441579214035
05/05/2023 11:40:07.642967,1210,True,True,True,True,Eyes,2.52316,0.02316467,-2.904725,0.457456,-0.3266586,0.82706,0.0,0.0,0.0,0.0,0.0,0.0,0.0,-3.649711,0.2235081,1.039826,2.516743,0.01904115,-2.849074,0.1145042,0.2760139,-0.03470088,0.9536777,13.74234,32.26189,359.8244,0.6423678,0.006362462,-0.7663698,0.0769894,-0.008166477,0.3562729,3.162756,-0.6840923,-1.128859,-0.3711691,-0.2566676,1.915,0.8452244,-0.002977447,-0.5344033,0.1293964,0.9713693,0.1992442,0.5185097,-0.237556,0.8214103,moving,-3.12969395631669,-5.362928973840987,-10.96917180592373,-7.63386302813191,0.646013,-0.7031334499999999,1.7202149999999998,-0.05435802702218315,-0.09332597137654314,0.9941506648666694,-2.582003341335123,-5.543336295812234,8.078560301126146,8.16177397588402,8.643777928193947
05/05/2023 11:40:07.662408,1211,True,True,True,True,Eyes,2.523144,0.02281465,-2.901513,0.4522899,-0.3274429,0.8295873,0.0,0.0,0.0,0.0,0.0,0.0,0.0,-3.624634,0.2506929,1.093439,2.516657,0.01807712,-2.839461,0.1164507,0.2673792,-0.03273796,0.9559684,13.89559,31.24973,359.9811,0.6437169,0.006328352,-0.7652372,0.07237004,-0.007676488,0.3348965,3.128142,-0.6933728,-1.108873,-0.3749232,-0.2592637,1.915,0.8548732,-0.0003199372,-0.5188369,0.1248659,0.9707349,0.2051395,0.5035875,-0.2401533,0.8298952,moving,-2.5131148059859054,-5.237857268880159,-11.07738594998918,-7.7101525787693825,0.6114850000000001,-0.71144992,1.730588,-0.04366532032136217,-0.09120350778732074,0.99487454218722,-1.9843213967396798,-5.425732310158961,8.824790855386045,8.913976908614215,9.375627922075441
05/05/2023 11:40:07.682653,1212,True,True,True,True,Eyes,2.523144,0.02246521,-2.898021,0.4466651,-0.3281656,0.8323447,0.0,0.0,0.0,0.0,0.0,0.0,0.0,-3.59711,0.2717551,1.152371,2.516851,0.01729949,-2.829518,0.1172785,0.2580451,-0.03106591,0.958485,13.93685,30.14305,0.05749235,0.6449711,0.006288919,-0.7641807,0.06802783,-0.007215899,0.3148027,3.09113,-0.698516,-1.086787,-0.3787719,-0.2619252,1.915,0.8648953,0.0009738953,-0.5019514,0.1200787,0.9705613,0.2087866,0.487378,-0.2408523,0.839317,moving,-1.8297861855527242,-5.228825488906815,-11.188243970635684,-7.78833544290574,0.5742790000000002,-0.71581549,1.7427310000000003,-0.031797628455191906,-0.091087517381589,0.9953351431559847,-1.3184431535768977,-5.421475990040243,9.607383409792275,9.702155601710345,10.14963013306559
05/05/2023 11:40:07.692524,1213,True,True,True,True,Eyes,2.522992,0.02210319,-2.894158,0.4388579,-0.3291718,0.836092,0.0,0.0,0.0,0.0,0.0,0.0,0.0,-3.568041,0.2876388,1.213623,2.517329,0.01695059,-2.81945,0.1169031,0.2484241,-0.02937058,0.9611226,13.84577,28.9961,0.09592899,0.6461439,0.006244738,-0.7631898,0.06394617,-0.006782945,0.2959146,3.053392,-0.6990021,-1.063335,-0.382852,-0.2647463,1.915,0.8748457,0.001625628,-0.4843991,0.1145405,0.970942,0.2101237,0.470665,-0.2393091,0.8492383,moving,-1.2433968679790979,-5.375285421430186,-11.305674640427021,-7.871174779887882,0.536063,-0.71595269,1.7561149999999999,-0.02160428729082814,-0.09365701114937652,0.9953701732545894,-0.7428721741506263,-5.567867809553213,10.267434757126903,10.367202981497078,10.811013779529048
05/05/2023 11:40:07.713104,1214,True,True,True,True,Eyes,2.522879,0.0217114,-2.890036,0.4307528,-0.3300072,0.8399686,0.0,0.0,0.0,0.0,0.0,0.0,0.0,-3.539198,0.3011375,1.27125,2.518177,0.01623858,-2.809128,0.1154713,0.2392344,-0.02729173,0.9636848,13.62783,27.90228,0.1561253,0.647246,0.006196001,-0.7622557,0.0601094,-0.006375968,0.2781597,3.018653,-0.6956872,-1.039763,-0.3864368,-0.2672255,1.915,0.8840442,0.002648185,-0.4673959,0.1078507,0.9718431,0.2094977,0.4547903,-0.2356142,0.8588666,moving,-0.7293371777285667,-5.640979120278798,-11.408770595296478,-7.943947180374378,0.5004759999999999,-0.71192578,1.7693649999999999,-0.012667359081953378,-0.09828679406291967,0.9950774944055171,-0.23459574960467466,-5.829792555850322,10.820742434344284,10.924923798639815,11.37241545400483
05/05/2023 11:40:07.732546,1215,True,True,True,True,Eyes,2.522903,0.0212748,-2.885709,0.422166,-0.3308229,0.8439978,0.0,0.0,0.0,0.0,0.0,0.0,0.0,-3.510183,0.316464,1.325953,2.519152,0.01510336,-2.798809,0.1137105,0.2303248,-0.02466122,0.9661327,13.36061,26.85052,0.2784717,0.648289,0.006142395,-0.7613693,0.05650283,-0.00599341,0.2614701,2.985211,-0.691887,-1.016837,-0.3903582,-0.2699371,1.915,0.8926846,0.004728685,-0.4506572,0.1000327,0.9729235,0.2083587,0.4394403,-0.2310791,0.8680407,moving,-0.2913079647317246,-5.956999263155146,-11.521461192265894,-8.023511725818045,0.466059,-0.70699036,1.781972,-0.005056807766464111,-0.1037807247249287,0.9945874516582397,0.20092118635773307,-6.140179947400948,11.309702715715506,11.418704623215245,11.872707661618788
05/05/2023 11:40:07.743072,1216,True,True,True,True,Eyes,2.522977,0.0208098,-2.881151,0.4133169,-0.3315452,0.8480843,0.0,0.0,0.0,0.0,0.0,0.0,0.0,-3.480905,0.3331876,1.378705,2.520387,0.0135696,-2.788548,0.1118974,0.2215549,-0.02174257,0.9684626,13.08352,25.82198,0.4393568,0.6492835,0.006083234,-0.7605218,0.05311266,-0.005633805,0.2457819,2.952746,-0.6883813,-0.9948786,-0.394194,-0.2725896,1.915,0.9008814,0.007469096,-0.4340012,0.09169655,0.9740124,0.2071025,0.4242694,-0.2263712,0.8767848,moving,0.10396589234406313,-6.280107137908213,-11.631604525582343,-8.101312018152976,0.43235899999999994,-0.7019508999999999,1.7936694000000002,0.0018036571238004562,-0.10938903059065011,0.9939974075331169,0.5949504290336223,-6.457180060454247,11.761926726239816,11.876043122603448,12.336604717367354
05/05/2023 11:40:07.762503,1217,True,True,True,True,Eyes,2.523135,0.02032359,-2.876377,0.4040552,-0.3323723,0.8522136,0.0,0.0,0.0,0.0,0.0,0.0,0.0,-3.451293,0.352665,1.429652,2.521803,0.01240191,-2.778499,0.1109899,0.2128533,-0.01887414,0.9705763,12.9137,24.80958,0.6237873,0.6502382,0.006018342,-0.7597063,0.0499259,-0.005295777,0.231035,2.920163,-0.6881203,-0.9751415,-0.3981223,-0.275306,1.915,0.9086745,0.01061157,-0.4173705,0.08388674,0.97465,0.2074136,0.4089911,-0.2234832,0.8847494,moving,0.45781609392700257,-6.505278757613756,-11.744313673859967,-8.180955395906095,0.39836000000000027,-0.70052221,1.8033575000000002,0.007938870061410808,-0.11329118078549291,0.9935300967648975,0.9459594092311863,-6.678615040623761,12.19705118537105,12.316649831266275,12.778891089078805
05/05/2023 11:40:07.782720,1218,True,True,True,True,Eyes,2.523347,0.01980968,-2.871392,0.3945808,-0.3331293,0.8563474,0.0,0.0,0.0,0.0,0.0,0.0,0.0,-3.422718,0.3667191,1.477064,2.523433,0.01141787,-2.768276,0.1102641,0.2045845,-0.01688168,0.9724721,12.78922,23.84167,0.7216715,0.6511609,0.00594776,-0.7589161,0.04693035,-0.00497803,0.2171729,2.888545,-0.6884744,-0.9563991,-0.4019583,-0.2779586,1.915,0.9157204,0.01228273,-0.4016284,0.07795059,0.9751136,0.2075501,0.3941826,-0.221365,0.891974,moving,0.767299779084872,-6.681869972463612,-11.854285703354448,-8.258697488067705,0.3651120000000003,-0.6998922700000001,1.8118769000000001,0.013300561830652369,-0.11634617156981931,0.9931196660775204,1.2524096701155831,-6.852487837517009,12.594653037439045,12.719701455006293,13.181915232402407
05/05/2023 11:40:07.792944,1219,True,True,True,True,Eyes,2.523685,0.01924043,-2.866253,0.3847746,-0.3342198,0.8603753,0.0,0.0,0.0,0.0,0.0,0.0,0.0,-3.394775,0.3781819,1.522014,2.525027,0.01022616,-2.758293,0.1096642,0.1966342,-0.0153735,0.9742035,12.69238,22.9087,0.7737239,0.652059,0.005871289,-0.7581452,0.04411453,-0.004679349,0.2041425,2.857361,-0.6897193,-0.938825,-0.4059592,-0.2807253,1.915,0.9221973,0.01317364,-0.3864953,0.07308131,0.9754748,0.2076246,0.3797516,-0.2197164,0.8986174,moving,1.0332671025088171,-6.850969223508054,-11.968890813605489,-8.33975099259893,0.3323339999999999,-0.69994546,1.819468,0.01790421811403556,-0.11926812485934947,0.9927006486013544,1.5162374249022448,-7.018782495024987,12.956494836445934,13.087115099652454,13.54967310973152
05/05/2023 11:40:07.812951,1220,True,True,True,True,Eyes,2.524062,0.01868422,-2.860931,0.374702,-0.335622,0.8642663,0.0,0.0,0.0,0.0,0.0,0.0,0.0,-3.365985,0.3996568,1.565156,2.526619,0.008361202,-2.748713,0.1108938,0.1886053,-0.01362517,0.9756767,12.79906,21.98193,0.8956367,0.6529393,0.005788015,-0.7573878,0.04146766,-0.004398588,0.191894,2.8258,-0.6983833,-0.9248728,-0.4097371,-0.283338,1.915,0.9284849,0.01524278,-0.3710574,0.06841783,0.9750339,0.2112534,0.3650137,-0.2215325,0.9042612,moving,1.2752253353971947,-6.837645996659652,-12.07701899863215,-8.4162620539294,0.2991809999999999,-0.706744502,1.8238401999999998,0.02209683127229592,-0.11902729513390055,0.9926450453533331,1.751743788049556,-7.007423739020404,13.309583073909192,13.445239209916968,13.900341924135118
05/05/2023 11:40:07.832410,1221,True,True,True,True,Eyes,2.524439,0.01840251,-2.85539,0.3641319,-0.3377837,0.8679344,0.0,0.0,0.0,0.0,0.0,0.0,0.0,-3.333423,0.4368636,1.60966,2.528047,0.008167744,-2.739064,0.1153717,0.1797841,-0.01142901,0.9768502,13.2683,20.98773,1.127681,0.6538059,0.005699019,-0.7566406,0.0389796,-0.004134672,0.1803803,2.790697,-0.7175375,-0.9157796,-0.4135253,-0.2859573,1.915,0.9350942,0.01915512,-0.3538814,0.06381286,0.9731175,0.2212923,0.3486071,-0.2295113,0.9087341,moving,1.5503791475313102,-6.513698898499074,-12.185354373650895,-8.49293605495948,0.26265000000000027,-0.725705244,1.8232844,0.026881392853669778,-0.11339976992595248,0.9931857198860883,2.0112375128749567,-6.694052982367955,13.737466281919069,13.877599038970752,14.3101083679135
05/05/2023 11:40:07.842492,1222,True,True,True,True,Eyes,2.524891,0.01830157,-2.849595,0.3533325,-0.3391021,0.8718749,0.0,0.0,0.0,0.0,0.0,0.0,0.0,-3.296482,0.4662387,1.661249,2.529499,0.01463212,-2.728616,0.1218309,0.1697101,-0.01108677,0.9778716,14.00656,19.83398,1.161563,0.6546638,0.005611993,-0.755899,0.03664082,-0.003886592,0.1695575,2.748304,-0.7371951,-0.9087625,-0.417583,-0.2887636,1.915,0.9421512,0.01966899,-0.3346107,0.06303474,0.9700686,0.2345069,0.3292079,-0.242033,0.9127114,moving,1.986594557009799,-5.870494020080041,-12.301298871630777,-8.575050056001372,0.21880500000000014,-0.75182722,1.8198535000000002,0.03448408481815368,-0.10221943958460487,0.9941639528246503,2.4191321033557864,-6.07111750472352,14.397029337611531,14.541613458610055,14.931870824203264
05/05/2023 11:40:07.862548,1223,True,True,True,True,Eyes,2.525322,0.01817551,-2.843647,0.3421138,-0.3403511,0.8758534,0.0,0.0,0.0,0.0,0.0,0.0,0.0,-3.262049,0.4292169,1.722447,2.531843,0.01872243,-2.71688,0.1115263,0.1604173,-0.009633612,0.9806811,12.81679,18.69149,0.9922963,0.6555184,0.005531494,-0.7551586,0.03444237,-0.003653396,0.159384,2.714676,-0.6973158,-0.8774241,-0.4214145,-0.2914127,1.915,0.948347,0.01688648,-0.3167852,0.05467649,0.9749382,0.2156527,0.3124876,-0.2218342,0.9236563,moving,2.381888210317036,-7.142721150586065,-12.41068611229035,-8.652531747018061,0.18283300000000002,-0.71603823,1.8394559000000001,0.04123784224872554,-0.12423557351277856,0.9913954127157489,2.838762476185373,-7.311595839362417,14.713823875522008,14.869424438321804,15.308291588580499
05/05/2023 11:40:07.882402,1224,True,True,True,True,Eyes,2.525784,0.0182404,-2.837532,0.3305092,-0.3423576,0.8795198,0.0,0.0,0.0,0.0,0.0,0.0,0.0,-3.224271,0.4476175,1.775542,2.533132,0.01796309,-2.707722,0.1095577,0.1508912,-0.005865458,0.9824432,12.53516,17.60225,1.264251,0.6563712,0.005456281,-0.754418,0.03237583,-0.003434193,0.149821,2.679518,-0.6937756,-0.8620585,-0.4252002,-0.2940306,1.915,0.9543949,0.02153763,-0.2977692,0.04458755,0.9759254,0.2134984,0.2951988,-0.2170386,0.9304579,moving,2.6694501205201417,-7.570346212046315,-12.518675593960486,-8.729069576606914,0.14638599999999968,-0.71173869,1.8456635000000001,0.046168767980618114,-0.13160288773822715,0.9902268734772611,3.130609149479107,-7.729575242887046,15.068418762014728,15.232261898826657,15.681170297665584
05/05/2023 11:40:07.892634,1225,True,True,True,True,Eyes,2.526303,0.01843251,-2.831218,0.3184617,-0.3438517,0.8833731,0.0,0.0,0.0,0.0,0.0,0.0,0.0,-3.180607,0.5045167,1.824919,2.534457,0.02275726,-2.697617,0.1198296,0.139984,-0.004145751,0.9828673,13.69267,16.39144,1.497996,0.6572253,0.005390851,-0.7536746,0.03043328,-0.003228141,0.1408317,2.634967,-0.7295734,-0.8637229,-0.4289983,-0.2966572,1.915,0.9607746,0.02539901,-0.276165,0.0416979,0.9712474,0.2343925,0.2741779,-0.2367139,0.9320907,moving,3.0740781913636126,-6.533923046373273,-12.62692803953346,-8.805830221739342,0.10050999999999988,-0.75233066,1.8338941000000002,0.0532797113694381,-0.11362982372709009,0.9920934508802737,3.4971133000122907,-6.723835093796389,15.700027602328836,15.86452517020754,16.257903088410835
05/05/2023 11:40:07.914321,1226,True,True,True,True,Eyes,2.52683,0.01867904,-2.824799,0.3061022,-0.345549,0.8870723,0.0,0.0,0.0,0.0,0.0,0.0,0.0,-3.139587,0.4884762,1.885203,2.536101,0.02589274,-2.686471,0.1128153,0.1298759,-0.001595378,0.9850902,12.86654,15.1947,1.537692,0.6580845,0.005337561,-0.7529249,0.02860728,-0.003034452,0.1323818,2.597535,-0.7035133,-0.8403199,-0.4327767,-0.2992699,1.915,0.9662594,0.02616079,-0.2562389,0.03244715,0.9745404,0.221852,0.255519,-0.2226808,0.9408099,moving,3.436411287507893,-7.484082238878006,-12.734528154020175,-8.88215305280403,0.06143400000000021,-0.72940604,1.8461511000000002,0.05943191916462946,-0.1300205060129641,0.9897284721951123,3.875932325408672,-7.650727819995492,16.05411338175916,16.231262564025016,16.65604411145291
05/05/2023 11:40:07.932650,1227,True,True,True,True,Eyes,2.527394,0.01902045,-2.818207,0.293347,-0.3475082,0.8906096,0.0,0.0,0.0,0.0,0.0,0.0,0.0,-3.095515,0.5151218,1.938789,2.536982,0.0274666,-2.67758,0.1158323,0.1193109,5.490169e-05,0.986077,13.20442,13.98705,1.633262,0.658949,0.005296702,-0.7521687,0.02689085,-0.002852385,0.1244389,2.555095,-0.7159162,-0.8347322,-0.4366282,-0.3019334,1.915,0.9715298,0.02774839,-0.2352868,0.02753184,0.9731657,0.2284522,0.2353122,-0.228426,0.9446956,moving,3.803686016691302,-7.291650140500213,-12.844116062788922,-8.959927168231468,0.018113000000000046,-0.7433828,1.8428478,0.0658039406812928,-0.12664495765167272,0.9897629853558977,4.228772019019667,-7.465929982452997,16.54871135715992,16.73118233475453,17.13813102543786
05/05/2023 11:40:07.942230,1228,True,True,True,True,Eyes,2.527953,0.01938827,-2.811462,0.2803163,-0.3490495,0.8941964,0.0,0.0,0.0,0.0,0.0,0.0,0.0,-3.052429,0.527504,1.989403,2.537945,0.03011354,-2.666689,0.1182871,0.1090498,-7.194315e-05,0.9869733,13.5037,12.78898,1.51197,0.6598218,0.005269531,-0.7514033,0.02527739,-0.002681242,0.1169726,2.512279,-0.7243928,-0.827118,-0.440428,-0.3045611,1.915,0.9762163,0.02565636,-0.2152754,0.02594038,0.9720163,0.2334768,0.2152414,-0.2335082,0.9482326,moving,4.171951396823589,-7.097528569456484,-12.95213935435926,-9.03662331764482,-0.02566600000000019,-0.7545063399999999,1.8395709999999998,0.07219541528912374,-0.12323624616668602,0.9897477622661619,4.582531881184419,-7.27949488406247,17.04599862416201,17.23353047106708,17.622491187987762
05/05/2023 11:40:07.962339,1229,True,True,True,True,Eyes,2.528507,0.01971508,-2.804611,0.2673841,-0.350404,0.8976206,0.0,0.0,0.0,0.0,0.0,0.0,0.0,-3.009453,0.5070192,2.046306,2.5385,0.03107358,-2.65637,0.1135277,0.09896831,-0.0003477579,0.9885933,12.9755,11.57936,1.280926,0.6607046,0.005255408,-0.7506273,0.02376075,-0.002520368,0.1099542,2.470369,-0.7079022,-0.8102153,-0.4442928,-0.3072338,1.915,0.9804103,0.02178372,-0.1957578,0.02315888,0.9742226,0.2243967,0.1955998,-0.2245343,0.9546334,moving,4.560476017560351,-7.710824206449716,-13.06191449184362,-9.114599420584174,-0.06813100000000016,-0.7389757800000001,1.8461547,0.0787968347633917,-0.13375620910829855,0.9878766608486194,4.977803338831683,-7.878798363039231,17.47767424657335,17.67821348772973,18.081997225533847
05/05/2023 11:40:07.982563,1230,True,True,True,True,Eyes,2.529026,0.02000297,-2.797624,0.2541252,-0.3518794,0.9008892,0.0,0.0,0.0,0.0,0.0,0.0,0.0,-2.965706,0.513483,2.095791,2.538575,0.03044093,-2.646909,0.1158079,0.08888926,-0.002025096,0.9892842,13.26727,10.38224,0.9761411,0.6615974,0.005251991,-0.7498406,0.02233511,-0.002369146,0.103357,2.425748,-0.7180845,-0.8054048,-0.4481906,-0.3099289,1.915,0.9841892,0.01658136,-0.1763425,0.02459494,0.9731688,0.2287738,0.1754044,-0.2294938,0.9573745,moving,4.941556491848814,-7.502248012803315,-13.17252819594872,-9.193194578186167,-0.11282699999999979,-0.74852543,1.8415042,0.08540757572400588,-0.1300880248153295,0.9878171550973565,5.343665998638376,-7.678384127125607,17.98718460570852,18.192838271245122,18.578054207970844
05/05/2023 11:40:07.992775,1231,True,True,True,True,Eyes,2.529514,0.02028963,-2.790513,0.2408263,-0.353268,0.9039936,0.0,0.0,0.0,0.0,0.0,0.0,0.0,-2.919155,0.521865,2.145418,2.5384,0.02984022,-2.636715,0.1180928,0.07846484,-0.003409406,0.9898918,13.55232,9.146785,0.6944327,0.6625005,0.005257216,-0.7490427,0.0,0.0,0.0,2.379895,-0.7281525,-0.801039,-0.4521182,-0.3126451,1.915,0.9876633,0.01178238,-0.1561486,0.02528215,0.9720849,0.2332632,0.1545382,-0.2343332,0.9597947,moving,5.352582761680077,-7.295943904918768,-13.28388656126995,-9.272369765841303,-0.15850500000000034,-0.75799272,1.8356760000000003,0.09253557844292086,-0.12644950602269292,0.9876475609171022,5.738781627056042,-7.480379178925911,18.53013480630571,18.740977776225574,19.106887116083122
05/05/2023 11:40:08.012647,1232,True,True,True,True,Eyes,2.52995,0.02060505,-2.783255,0.2272031,-0.3545827,0.9070004,0.0,0.0,0.0,0.0,0.0,0.0,0.0,-2.871287,0.5192939,2.197129,2.537948,0.03012429,-2.626642,0.1187991,0.06791213,-0.005327482,0.9905789,13.65549,7.8833,0.3290842,0.6634147,0.005270228,-0.748233,0.0,0.0,0.0,2.333103,-0.7308567,-0.7954148,-0.4558901,-0.3152534,1.915,0.9907191,0.005581217,-0.1358104,0.02669038,0.9717168,0.2346361,0.1332788,-0.2360833,0.9625494,moving,5.781440681960976,-7.256244923641089,-13.390734296426206,-9.348366144127379,-0.20484500000000017,-0.7609809900000001,1.8312271999999998,0.09993535175030553,-0.12567478106396968,0.9870251467232871,6.155770432786061,-7.444596645124324,19.068186509317957,19.28598622324263,19.638996548562552
05/05/2023 11:40:08.032492,1233,True,True,True,True,Eyes,2.530317,0.02091161,-2.775851,0.2136156,-0.3555759,0.9099089,0.0,0.0,0.0,0.0,0.0,0.0,0.0,-2.822042,0.5132409,2.248256,2.537307,0.03114177,-2.615931,0.118588,0.05733737,-0.006942638,0.9912625,13.64466,6.619752,359.9903,0.6643396,0.005291049,-0.7474117,0.0,0.0,0.0,2.286437,-0.7294923,-0.7888587,-0.4597681,-0.3179349,1.915,0.9933285,-0.000164912,-0.1153194,0.02736299,0.9717774,0.2343074,0.1120261,-0.2358997,0.9652987,moving,6.210874627590932,-7.309657878759567,-13.500488729192805,-9.42646071858147,-0.25087000000000037,-0.7606340699999999,1.8270722999999998,0.10731896890503212,-0.12649699639064016,0.9861446143140912,6.575830426647622,-7.499414379109494,19.598602566167983,19.824699232165784,20.168591880486787
05/05/2023 11:40:08.042513,1234,True,True,True,True,Eyes,2.530627,0.02118201,-2.768331,0.1997843,-0.3564422,0.9127076,0.0,0.0,0.0,0.0,0.0,0.0,0.0,-2.771673,0.4970281,2.30062,2.536607,0.03118036,-2.605132,0.1139771,0.04692436,-0.006588656,0.9923528,13.11047,5.39845,359.86,0.6652756,0.005318712,-0.7465785,0.0,0.0,0.0,2.242953,-0.7143115,-0.7767685,-0.4635842,-0.3205738,1.915,0.9955094,-0.002379937,-0.09463295,0.02377315,0.9739316,0.2255927,0.09162913,-0.2268293,0.9696146,moving,6.571001294423914,-7.89663569568563,-13.608392824541019,-9.503280143945265,-0.2936540000000001,-0.74549186,1.8283634999999998,0.11336325627589358,-0.13650073643250527,0.9841322536351502,6.942709670745279,-8.07292271396975,20.00140862380295,20.243252045845797,20.600818822300457
05/05/2023 11:40:08.062425,1235,True,True,True,True,Eyes,2.530873,0.02139423,-2.760702,0.1859353,-0.3572452,0.9153163,0.0,0.0,0.0,0.0,0.0,0.0,0.0,-2.718995,0.5041397,2.348871,2.535686,0.03055556,-2.594928,0.1123334,0.03637388,-0.004644378,0.9929939,12.9106,4.188678,359.9382,0.6662225,0.005351613,-0.7457335,0.0,0.0,0.0,2.200032,-0.7120149,-0.7710884,-0.4676242,-0.3233677,1.915,0.9973108,-0.001051677,-0.0732815,0.01739568,0.9747193,0.2227549,0.07119463,-0.2234306,0.9721164,moving,6.888347485910029,-8.168998562196556,-13.722520787140793,-9.58457411134139,-0.3356539999999999,-0.74257046,1.8238396,0.118735229060918,-0.14108819202017653,0.9828509883024733,7.2594058073230086,-8.34003195965488,20.40564706141824,20.659422671129747,21.01880417109384
05/05/2023 11:40:08.082591,1236,True,True,True,True,Eyes,2.53104,0.02153453,-2.752994,0.1718493,-0.3582333,0.9176801,0.0,0.0,0.0,0.0,0.0,0.0,0.0,-2.665801,0.5251663,2.392408,2.534611,0.02938337,-2.584723,0.1132167,0.02593693,-0.002442027,0.9932288,13.00445,2.998585,0.06009771,0.6671796,0.005387713,-0.744877,0.0,0.0,0.0,2.157979,-0.7196307,-0.7701144,-0.4713825,-0.3259665,1.915,0.9986426,0.001022002,-0.05207555,0.01072397,0.9743521,0.2247734,0.05096964,-0.2250268,0.9730185,moving,7.163770597590746,-8.164684246173376,-13.828591296916208,-9.660156318211381,-0.37663199999999986,-0.74901407,1.8146086,0.12346121504460184,-0.1409323058680168,0.9822909236157202,7.527777187286323,-8.337660652692394,20.784883009746796,21.04556235001083,21.397277154309975
05/05/2023 11:40:08.093062,1237,True,True,True,True,Eyes,2.531143,0.0216297,-2.745234,0.1576759,-0.3597412,0.9196328,0.0,0.0,0.0,0.0,0.0,0.0,0.0,-2.610849,0.552807,2.434363,2.533024,0.02783012,-2.575126,0.1156469,0.01537539,-0.0005170793,0.9931712,13.28119,1.791197,0.1488912,0.6681464,0.00542481,-0.7440098,0.0,0.0,0.0,2.11471,-0.7331814,-0.7731761,-0.4752886,-0.3286676,1.915,0.9995266,0.002529137,-0.03066039,0.004583329,0.973251,0.2296984,0.0304212,-0.2297303,0.9727788,moving,7.454527958647603,-8.008063748510471,-13.93873080207039,-9.738677806691491,-0.4183140000000001,-0.7610115199999999,1.8019498999999999,0.12849513173398508,-0.13815758145709517,0.9820394040264793,7.8069915399177825,-8.187199517629091,21.19791272658782,21.463143884841543,21.800998258251287
05/05/2023 11:40:08.112898,1238,True,True,True,True,Eyes,2.53114,0.02174699,-2.737397,0.1432346,-0.3616632,0.9212402,0.0,0.0,0.0,0.0,0.0,0.0,0.0,-2.554737,0.5988961,2.471053,2.530964,0.02696742,-2.566116,0.123061,0.004710743,0.0002399817,0.9923879,14.13729,0.5559322,0.09664744,0.6691211,0.005461603,-0.743133,0.0,0.0,0.0,2.069696,-0.762803,-0.7856698,-0.4790806,-0.3312896,1.915,0.9999555,0.001635727,-0.009290704,0.0006831072,0.9697119,0.2442507,0.009408832,-0.2442462,0.9696676,moving,7.767171129284623,-7.281366247946906,-14.045552619891554,-9.814864531124465,-0.461268,-0.78977042,1.7804462,0.13407767411992652,-0.12559763720968253,0.9829793170750728,8.092175175894138,-7.482207570252911,21.699443244030014,21.95936089481518,22.260284824265053
05/05/2023 11:40:08.132688,1239,True,True,True,True,Eyes,2.531004,0.0219026,-2.729488,0.1287208,-0.3637694,0.9225523,0.0,0.0,0.0,0.0,0.0,0.0,0.0,-2.498751,0.6314908,2.507431,2.528577,0.02771692,-2.556418,0.1294383,-0.005883161,-0.0003591581,0.99157,14.87375,359.3028,359.8675,0.6701034,0.005498771,-0.742247,0.0,0.0,0.0,2.023272,-0.7856321,-0.7970641,-0.4830887,-0.3340613,1.915,0.9999305,-0.002235274,0.01157415,-0.0008107523,0.9664912,0.2566985,-0.01176011,-0.2566901,0.9664223,moving,8.113641337375178,-6.662021700576598,-14.158353802889899,-9.895362948961674,-0.5053049999999999,-0.8133490200000001,1.7593538999999998,0.14020274217670206,-0.11486651429976015,0.9834372587730477,8.413227557692052,-6.88189267818133,22.248224991941196,22.505471849230346,22.77185298104323
05/05/2023 11:40:08.148763,1240,True,True,True,True,Eyes,2.530754,0.02208244,-2.721502,0.1140583,-0.3659866,0.9236041,0.0,0.0,0.0,0.0,0.0,0.0,0.0,-2.445963,0.6492692,2.542229,2.525917,0.02886314,-2.546788,0.1336322,-0.01576643,-0.001627683,0.9909044,15.35401,358.1173,359.558,0.6710911,0.005537318,-0.7413538,0.0,0.0,0.0,1.978705,-0.7993872,-0.8053697,-0.4871196,-0.3368488,1.915,0.9994975,-0.007439562,0.03081102,-0.0009880508,0.9642796,0.2648848,-0.03168106,-0.2647821,0.9637877,moving,8.397575125276312,-6.288686222969602,-14.2716837612485,-9.97628046836247,-0.5472120000000003,-0.82825034,1.7414182999999999,0.14518095201065537,-0.108377497532057,0.9834514883395261,8.679948992657337,-6.520526030004005,22.70902483949107,22.96722991096094,23.210335732349876
05/05/2023 11:40:08.162327,1241,True,True,True,True,Eyes,2.530386,0.02224595,-2.713461,0.09936249,-0.3680128,0.9244965,0.0,0.0,0.0,0.0,0.0,0.0,0.0,-2.395988,0.6631466,2.573388,2.52306,0.02967169,-2.536954,0.1364566,-0.02490795,-0.002281126,0.9903303,15.67382,357.0258,359.3266,0.672084,0.005577814,-0.7404535,0.0,0.0,0.0,1.937964,-0.8088939,-0.8113262,-0.4908167,-0.3394054,1.915,0.9987488,-0.01131584,0.04871164,-0.00227957,0.9627488,0.2703878,-0.04995674,-0.2701606,0.9615184,moving,8.583718413994907,-6.069172200360819,-14.375528684072643,-10.05045993842496,-0.5850960000000001,-0.8385655900000001,1.7256278000000003,0.14843628180729723,-0.10455779212793576,0.9833790938613888,8.855488382752592,-6.3081767425475945,23.041312234336537,23.301881455440096,23.530508653177716
05/05/2023 11:40:08.182568,1242,True,True,True,True,Eyes,2.529888,0.02239114,-2.705373,0.08462878,-0.370241,0.9250728,0.0,0.0,0.0,0.0,0.0,0.0,0.0,-2.34755,0.6814227,2.600875,2.519931,0.02944294,-2.527639,0.1384699,-0.03344011,-0.001341482,0.989801,15.90396,356.0309,359.29,0.6730801,0.005619647,-0.7395478,0.0,0.0,0.0,1.901051,-0.8184363,-0.8167425,-0.4947677,-0.3421374,1.915,0.9977599,-0.0119165,0.0658266,-0.006605299,0.9616485,0.2742051,-0.06656962,-0.2740257,0.9594157,moving,8.65853167778856,-5.976183888176968,-14.486398644758335,-10.129691005722265,-0.6188800000000001,-0.84787924,1.7108965,0.14974557862012314,-0.10294112494632221,0.983351158164589,8.92591143333476,-6.218196699473584,23.250101223307272,23.514663957008832,23.736807934105112
05/05/2023 11:40:08.192755,1243,True,True,True,True,Eyes,2.529406,0.02252632,-2.697237,0.06783976,-0.373131,0.9252951,0.0,0.0,0.0,0.0,0.0,0.0,0.0,-2.297455,0.7129894,2.62473,2.516436,0.0291962,-2.518443,0.1420045,-0.04200679,0.0007579414,0.9889741,16.31639,355.0464,359.3773,0.674078,0.005662214,-0.7386382,0.0,0.0,0.0,1.865424,-0.8345543,-0.8258191,-0.4987036,-0.344859,1.915,0.9964697,-0.01043113,0.08330251,-0.01342947,0.9596683,0.2808138,-0.08287199,-0.2809412,0.9561403,moving,8.586806920479038,-5.754732170171973,-14.596734768329881,-10.20858155435003,-0.6510120000000001,-0.8637505,1.6926239,0.14857184183626515,-0.09915740005768539,0.98391778930409,8.85002394197046,-6.002252025857402,23.341403188397045,23.60748566818763,23.821076846383622
05/05/2023 11:40:08.212856,1244,True,True,True,True,Eyes,2.528785,0.0226643,-2.68905,0.05108847,-0.3760777,0.9251786,0.0,0.0,0.0,0.0,0.0,0.0,0.0,-2.243635,0.7483464,2.649163,2.512803,0.02901993,-2.509375,0.1454327,-0.05103189,0.003753229,0.9880441,16.72455,354.0214,359.5557,0.6750792,0.005705217,-0.7377229,0.0,0.0,0.0,1.829586,-0.8511441,-0.8363266,-0.5025595,-0.3475258,1.915,0.9947633,-0.007426696,0.1019352,-0.02226012,0.9576705,0.2870047,-0.09975182,-0.2877709,0.9524902,moving,8.546104805981699,-5.556677083112339,-14.70472102733179,-10.285845696315404,-0.683217,-0.88016403,1.6730483999999999,0.1479222028503906,-0.09576511796852472,0.9843515501011582,8.805008525114323,-5.809277630834669,23.458679744000772,23.726903247225138,23.932134156276994
05/05/2023 11:40:08.232410,1245,True,True,True,True,Eyes,2.528047,0.02278325,-2.680815,0.03445015,-0.3786505,0.9248983,0.0,0.0,0.0,0.0,0.0,0.0,0.0,-2.188904,0.7750365,2.674754,2.509008,0.02923086,-2.500063,0.1471414,-0.06007036,0.006938353,0.9872653,16.93992,353.0008,359.7617,0.6760817,0.005748705,-0.7368039,0.0,0.0,0.0,1.794185,-0.8616325,-0.8443139,-0.5062816,-0.3500996,1.915,0.9926868,-0.003977678,0.1206526,-0.03137766,0.9566025,0.2897015,-0.1165689,-0.2913687,0.949482,moving,8.509303655074888,-5.5322492197276265,-14.808858935731157,-10.360379545063754,-0.7148230000000002,-0.89086336,1.6557491,0.14729575344956372,-0.09535444615171793,0.984485332517954,8.768475656444462,-5.7852656594288305,23.540159179049077,23.812760214844833,24.017126671147206
05/05/2023 11:40:08.242543,1246,True,True,True,True,Eyes,2.527162,0.02285848,-2.672546,0.01789076,-0.3811897,0.9243237,0.0,0.0,0.0,0.0,0.0,0.0,0.0,-2.135365,0.7935586,2.700194,2.505056,0.02877573,-2.49087,0.1472212,-0.06877038,0.01015588,0.9866577,16.97239,352.024,359.9875,0.6770848,0.005792158,-0.7358818,0.0,0.0,0.0,1.759768,-0.8676272,-0.8497909,-0.5102869,-0.352869,1.915,0.9903349,-0.0002081743,0.138696,-0.04028967,0.9564455,0.2891171,-0.1327153,-0.2919108,0.947193,moving,8.435987360038899,-5.689218485613352,-14.920808589486482,-10.440538128507487,-0.7452880000000002,-0.89640293,1.6410791000000002,0.14599716741277322,-0.0980702999193157,0.9844120135605517,8.70123637290462,-5.9375080900364,23.555575974092115,23.835162163843503,24.047417485721823
05/05/2023 11:40:08.262215,1247,True,True,True,True,Eyes,2.526147,0.02287278,-2.664248,0.001337123,-0.3834665,0.9235538,0.0,0.0,0.0,0.0,0.0,0.0,0.0,-2.082104,0.8133039,2.723596,2.500808,0.02778309,-2.481891,0.1474308,-0.07726973,0.01349072,0.9859572,17.026,351.072,0.2288234,0.6780874,0.005834438,-0.7349577,0.0,0.0,0.0,1.726552,-0.8747336,-0.855948,-0.5139626,-0.3554107,1.915,0.9876947,0.003818678,0.1563472,-0.04938642,0.9561644,0.288636,-0.1483914,-0.2928057,0.9445871,moving,8.336139212177395,-5.808889530611098,-15.023443342804812,-10.51406972938104,-0.774256,-0.90251669,1.625943,0.1442513705583636,-0.10015209706056516,0.9844597836179048,8.607128029181714,-6.053283994390377,23.54314593196583,23.828739325569153,24.047921172942278
05/05/2023 11:40:08.282551,1248,True,True,True,True,Eyes,2.524977,0.022828,-2.655931,-0.01517248,-0.3858126,0.9224523,0.0,0.0,0.0,0.0,0.0,0.0,0.0,-2.026383,0.8352289,2.746776,2.496327,0.02625567,-2.473111,0.1479788,-0.08607601,0.0168506,0.9850936,17.12437,350.0822,0.4630868,0.6790878,0.005874015,-0.7340331,0.0,0.0,0.0,1.6921,-0.8839282,-0.8641808,-0.5180083,-0.3582086,1.915,0.984614,0.007723997,0.1745729,-0.05867369,0.9556367,0.288645,-0.1645988,-0.2944468,0.9413863,moving,8.27125555231059,-5.888988706499166,-15.136295425254852,-10.594972727020494,-0.804227,-0.91018387,1.6089301999999999,0.1431161175701849,-0.10154517153814624,0.9844826901842033,8.546037140642905,-6.130788958482421,23.584108108835444,23.875923612893533,24.099415189606994
05/05/2023 11:40:08.292845,1249,True,True,True,True,Eyes,2.490674,0.02061305,-2.447478,-0.4259092,-0.4049189,0.8090995,0.0,0.0,0.0,0.0,0.0,0.0,0.0,-1.969052,0.8597721,2.768675,2.491585,0.02479931,-2.464411,0.149459,-0.09509537,0.0197895,0.9839855,17.3312,349.056,0.6313984,0.6800844,0.005909572,-0.7331095,0.0,0.0,0.0,1.656922,-0.8955598,-0.8750973,-0.5217617,-0.3608041,1.915,0.9811305,0.01051944,0.1930603,-0.06737086,0.9545408,0.2903671,-0.1812295,-0.2978947,0.9372378,moving,-15.542779240604721,-7.3235145716713905,-15.240886590765356,-10.669985019298524,-0.8346630000000002,-0.92035911,1.5893137000000002,-0.2659270113540195,-0.12288182405919293,0.9561290943540545,-14.629669812517793,-7.368638455354317,3.258133715509245,3.3600600632829143,3.357450682478829
05/05/2023 11:40:08.312397,1250,True,True,True,True,Eyes,2.490467,0.02053824,-2.447123,-0.426415,-0.4049154,0.8088349,0.0,0.0,0.0,0.0,0.0,0.0,0.0,-1.914384,0.8769771,2.789135,2.486671,0.02365205,-2.45543,0.150393,-0.1036892,0.0219286,0.9829292,17.46954,348.0663,0.716023,0.6842441,0.005899419,-0.7292289,-0.1029117,-0.006644848,0.6253588,1.622189,-0.904142,-0.8846319,-0.5255716,-0.3634386,1.915,0.9775354,0.01192025,0.2104342,-0.07429678,0.9538021,0.2911037,-0.1972425,-0.3001987,0.933261,moving,-14.670377156726264,-7.066774952477305,-15.346945871047193,-10.746086619780657,-0.8644819999999998,-0.92779405,1.5707980999999998,-0.25145603065887434,-0.11907304128929139,0.9605163217372061,-13.786155703957201,-7.124620139483786,3.595503910757315,3.740999808921734,3.943486454090925
05/05/2023 11:40:08.332557,1251,True,True,True,True,Eyes,2.490058,0.02037585,-2.446447,-0.4275011,-0.4048229,0.8083076,0.0,0.0,0.0,0.0,0.0,0.0,0.0,-1.862526,0.8865343,2.808932,2.481632,0.02176396,-2.446645,0.1497011,-0.1117038,0.02423394,0.9821021,17.42503,347.1525,0.8501229,0.6877021,0.005891541,-0.7259688,-0.096737,-0.006246157,0.5878373,1.58944,-0.9084543,-0.8909361,-0.5294226,-0.3661016,1.915,0.9738699,0.01415603,0.2266648,-0.08104477,0.9540046,0.2886295,-0.2121534,-0.2994576,0.9302236,moving,-13.918063914718827,-6.994807020408875,-15.454039882065555,-10.822972513795001,-0.8921919999999999,-0.9302182600000001,1.5557089000000002,-0.23884630823458738,-0.1182547665025836,0.9638299633885161,-13.05472627814795,-7.059585402484301,3.9523247529724768,4.124811900804564,4.463159006748873
05/05/2023 11:40:08.352799,1252,True,True,True,True,Eyes,2.489435,0.02014744,-2.445467,-0.4290459,-0.4047171,0.8075417,0.0,0.0,0.0,0.0,0.0,0.0,0.0,-1.810215,0.9055612,2.825092,2.476324,0.01947362,-2.438341,0.150318,-0.1195835,0.02712537,0.9810039,17.54247,346.2601,1.037763,0.6905905,0.005882616,-0.7232218,-0.09093278,-0.005871388,0.5525671,1.558212,-0.9185498,-0.9005185,-0.5333508,-0.368818,1.915,0.969928,0.0172691,0.2427785,-0.08917128,0.9533374,0.2884376,-0.2264688,-0.3014126,0.9262086,moving,-13.213847475782202,-6.7607321145623605,-15.563166861902332,-10.901359543645862,-0.918112,-0.9380234199999999,1.5378224999999999,-0.22707889455542823,-0.11464803923876579,0.9671043973244571,-12.374551833771465,-6.836504181111747,4.562856336559783,4.760682417939523,5.166267019419763
05/05/2023 11:40:08.362496,1253,True,True,True,True,Eyes,2.4886,0.01983969,-2.444203,-0.4309522,-0.4047274,0.8065208,0.0,0.0,0.0,0.0,0.0,0.0,0.0,-1.760622,0.925807,2.837905,2.470772,0.01766231,-2.43014,0.1519213,-0.1270212,0.029315,0.9797583,17.76656,345.4034,1.134113,0.6930156,0.005870411,-0.7208984,-0.08547682,-0.005519105,0.5194131,1.527879,-0.93053,-0.9116669,-0.5372451,-0.3715111,1.915,0.9660125,0.01884876,0.2578074,-0.0960377,0.9521211,0.2902451,-0.2399931,-0.3051396,0.921571,moving,-12.551829850692569,-6.461171034888723,-15.671237928154259,-10.979033450204051,-0.9428930000000002,-0.9481923099999999,1.5184731000000002,-0.2160069133947356,-0.10987321982497869,0.9701900621832871,-11.737278656316576,-6.549426104475811,5.269593237619256,5.490153691605736,5.92431065946134
05/05/2023 11:40:08.382726,1254,True,True,True,True,Eyes,2.487554,0.01946428,-2.442669,-0.4331467,-0.4049126,0.8052513,0.0,0.0,0.0,0.0,0.0,0.0,0.0,-1.716032,0.9409286,2.848272,2.46499,0.01546956,-2.422055,0.1529369,-0.1336184,0.03108528,0.9786675,17.91802,344.6405,1.202848,0.6950829,0.00585235,-0.7189054,-0.08034821,-0.005187958,0.4882483,1.499707,-0.9404313,-0.9205681,-0.5410731,-0.3741583,1.915,0.9623596,0.01997394,0.2710442,-0.1017147,0.951288,0.2910417,-0.2520278,-0.307656,0.9175128,moving,-11.99697942318626,-6.2649048142523815,-15.77735774797668,-11.055343721683137,-0.9652829999999999,-0.95590086,1.5014868999999997,-0.20667194706042014,-0.106769472864323,0.9725671799283941,-11.201689962003556,-6.3621416252137575,5.86552744476103,6.102422896225039,6.554607662240111
05/05/2023 11:40:08.402388,1255,True,True,True,True,Eyes,2.486344,0.01906108,-2.440851,-0.4357628,-0.4050244,0.8037823,0.0,0.0,0.0,0.0,0.0,0.0,0.0,-1.672941,0.961068,2.855173,2.458954,0.01348812,-2.414076,0.1546293,-0.1398097,0.03335284,0.9774614,18.15655,343.9316,1.324559,0.6969463,0.005825582,-0.7170994,-0.07552732,-0.004876681,0.4589534,1.473612,-0.9532976,-0.930549,-0.5450885,-0.3769351,1.915,0.9586817,0.02196489,0.2836318,-0.1084396,0.9499547,0.2929623,-0.2630024,-0.3116145,0.9130861,moving,-11.520471742702542,-5.975216792786248,-15.888553429322181,-11.13534728319261,-0.9853419999999999,-0.96678572,1.483527,-0.19867592214688584,-0.10202309885485217,0.974740546766999,-10.744989280562395,-6.083439678824594,6.506378319922905,6.7607014650111035,7.2095785310570255
05/05/2023 11:40:08.422598,1256,True,True,True,True,Eyes,2.484924,0.01861117,-2.438756,-0.4387385,-0.4047406,0.8023052,0.0,0.0,0.0,0.0,0.0,0.0,0.0,-1.63224,0.9748272,2.861648,2.452549,0.01237683,-2.405905,0.1556325,-0.1456062,0.03527517,0.9763878,18.31179,343.2655,1.422182,0.6986285,0.005790228,-0.7154608,-0.07099568,-0.00458408,0.4314162,1.448258,-0.9623902,-0.9383759,-0.5487899,-0.3794947,1.915,0.955109,0.02356239,0.2953161,-0.1142066,0.9490684,0.2936427,-0.2733563,-0.3141879,0.9091548,moving,-11.103459782169878,-5.755725597323031,-15.99094504463993,-11.20905407966097,-1.0042909999999998,-0.97476703,1.4675291000000001,-0.19164607515667664,-0.0984285730853598,0.9765160810222592,-10.344394122146527,-5.872643595873119,7.054886317069564,7.322998274418762,7.769222237250778
05/05/2023 11:40:08.432473,1257,True,True,True,True,Eyes,2.483286,0.01810249,-2.436432,-0.4418871,-0.4045125,0.8006907,0.0,0.0,0.0,0.0,0.0,0.0,0.0,-1.598414,0.9634315,2.871717,2.44594,0.01072343,-2.397322,0.1523666,-0.1503903,0.03661266,0.9761285,17.96711,342.7271,1.545071,0.7001492,0.005745862,-0.7139732,-0.06673594,-0.004309035,0.4055312,1.423658,-0.9576184,-0.9357925,-0.5527231,-0.3822145,1.915,0.9520845,0.0256484,0.3047577,-0.1173063,0.9508879,0.2864464,-0.2824435,-0.3084712,0.9083344,moving,-10.840851975854681,-6.045269310063377,-16.09963410377118,-11.287332864222961,-1.0222819999999997,-0.96834183,1.4615295,-0.1870724343756778,-0.10345500587455289,0.9768833783647892,-10.080594920618395,-6.156106539533176,7.157234719556649,7.425228600840662,7.90938153609484
05/05/2023 11:40:08.442498,1258,True,True,True,True,Eyes,2.481422,0.01758071,-2.433883,-0.4452171,-0.4043897,0.7989059,0.0,0.0,0.0,0.0,0.0,0.0,0.0,-1.559691,0.9728171,2.877578,2.439158,0.008772314,-2.389538,0.1517507,-0.1556135,0.03952326,0.9752918,17.957,342.1534,1.799025,0.7015257,0.005691714,-0.7126209,-0.06273178,-0.004050493,0.3811993,1.400086,-0.9647872,-0.9407281,-0.5574303,-0.3854694,1.915,0.9484447,0.02986449,0.3155326,-0.1243223,0.9508193,0.2837017,-0.2915419,-0.3083031,0.9055123,moving,-10.557662241865756,-5.983738932442452,-16.229555349057026,-11.380956298188597,-1.039072,-0.973559514,1.4488099,-0.18225992325119156,-0.10250011730738903,0.977893132699965,-9.806194647996493,-6.098116409570306,7.5509640593376295,7.8294525167801865,8.316727720967267
05/05/2023 11:40:08.462296,1259,True,True,True,True,Eyes,2.479334,0.01700569,-2.431129,-0.4491802,-0.4045559,0.7966,0.0,0.0,0.0,0.0,0.0,0.0,0.0,-1.517029,0.9856816,2.883389,2.431972,0.00790713,-2.381665,0.1516138,-0.1613176,0.04298264,0.9742395,18.01608,341.529,2.099262,0.7027729,0.005628429,-0.7113915,-0.05896787,-0.003807464,0.3583274,1.377249,-0.9721684,-0.946932,-0.5604004,-0.3875231,1.915,0.9442583,0.03483482,0.3273574,-0.1326667,0.9503316,0.2815485,-0.3012904,-0.3092839,0.9019798,moving,-10.27462843624188,-5.866547278569817,-16.311443631967517,-11.439996962985855,-1.054723,-0.98007553,1.434733,-0.17746183536811427,-0.10058940887958673,0.9789734195093784,-9.533446628643501,-5.985967700267342,7.928919734874652,8.21623265810196,8.699866583785017
05/05/2023 11:40:08.482573,1260,True,True,True,True,Eyes,2.477028,0.01637158,-2.428201,-0.4534053,-0.4048974,0.7940288,0.0,0.0,0.0,0.0,0.0,0.0,0.0,-1.471069,0.9798111,2.896557,2.424365,0.00600908,-2.374139,0.1490641,-0.1678149,0.04466369,0.9734594,17.77057,340.7852,2.222282,0.7039039,0.005555398,-0.710273,-0.0554298,-0.003579016,0.3368277,1.347423,-0.9705859,-0.9513577,-0.5642515,-0.3901863,1.915,0.9396866,0.03692625,0.3400375,-0.1369869,0.9515702,0.2752252,-0.3134065,-0.3052061,0.8992361,moving,-9.901488175762646,-6.0966184896806785,-16.41751992346132,-11.516523130509979,-1.0769419999999998,-0.97659498,1.4227813,-0.17101066866927192,-0.10464089439027663,0.9796967082963898,-9.163501273925204,-6.212297826782515,8.186573586615568,8.475496212771263,8.986411555260558
05/05/2023 11:40:08.492569,1261,True,True,True,True,Eyes,2.474477,0.01570715,-2.42509,-0.4580135,-0.4057942,0.7909201,0.0,0.0,0.0,0.0,0.0,0.0,0.0,-1.423573,0.9963499,2.90266,2.416968,0.004004773,-2.367056,0.151391,-0.1746537,0.04541506,0.9718614,18.06682,339.9634,2.133489,0.70493,0.005471912,-0.7092552,-0.05210401,-0.003364275,0.3166181,1.317596,-0.9831787,-0.9666777,-0.5680515,-0.3928141,1.915,0.9348671,0.03539231,0.3532291,-0.1411563,0.9500365,0.2783983,-0.3257275,-0.3101259,0.8931537,moving,-9.439204638066126,-5.856921537338555,-16.522075384203177,-11.591991289355676,-1.0993719999999998,-0.987183473,1.4003782999999999,-0.16316771484743198,-0.10067705775758529,0.9814480782968822,-8.719319135291647,-5.982142076762784,8.811272186808758,9.113620744083317,9.610068327954647
05/05/2023 11:40:08.512504,1262,True,True,True,True,Eyes,2.471697,0.01505424,-2.421793,-0.4627759,-0.4065489,0.7877541,0.0,0.0,0.0,0.0,0.0,0.0,0.0,-1.384676,0.9990729,2.90782,2.409206,0.002708208,-2.359366,0.1525964,-0.1803976,0.04445124,0.9706674,18.19659,339.2453,1.884406,0.7058616,0.005378114,-0.708329,-0.04897777,-0.003162418,0.297621,1.287903,-0.9887563,-0.9771233,-0.5720325,-0.3955671,1.915,0.9309615,0.03123868,0.3637783,-0.1413508,0.9494769,0.2802028,-0.336646,-0.3122784,0.8883421,moving,-9.076168220131434,-5.803518671540215,-16.631489700570288,-11.671011363126032,-1.1213030000000002,-0.9914645080000001,1.3822427,-0.15695878594547644,-0.09986406369856854,0.9825432163904855,-8.36686374044859,-5.932589387113005,9.254992079258917,9.566104387816063,10.061487416654993
05/05/2023 11:40:08.532473,1263,True,True,True,True,Eyes,2.468698,0.01449208,-2.418308,-0.4678945,-0.4076987,0.7841279,0.0,0.0,0.0,0.0,0.0,0.0,0.0,-1.352859,0.988263,2.913635,2.401119,0.001955401,-2.351762,0.151969,-0.1851052,0.04269949,0.9699579,18.09628,338.6465,1.601953,0.7067074,0.005275382,-0.707486,-0.04603911,-0.002972673,0.2797637,1.25938,-0.986566,-0.9818243,-0.5758941,-0.3982373,1.915,0.9278256,0.02657292,0.3720666,-0.139094,0.9501644,0.2789992,-0.3461106,-0.3106149,0.885283,moving,-8.861023832602289,-6.013645160125489,-16.737503286507,-11.747611821929219,-1.141739,-0.9885214010000001,1.3699377,-0.15321055782295326,-0.10352840700506999,0.9827555395849579,-8.151473329273106,-6.138465870944918,9.42921077779462,9.7425511169539,10.25584851321242
05/05/2023 11:40:08.542210,1264,True,True,True,True,Eyes,2.465457,0.0140919,-2.414612,-0.4731799,-0.408424,0.7805707,0.0,0.0,0.0,0.0,0.0,0.0,0.0,-1.322187,0.987169,2.914542,2.392453,0.004018236,-2.343798,0.1537278,-0.1895555,0.04092059,0.9688972,18.26464,338.0648,1.268103,0.7074752,0.005167294,-0.7067189,-0.04327676,-0.002794313,0.2629779,1.232287,-0.9888299,-0.9902772,-0.5795701,-0.4007795,1.915,0.9247885,0.02101578,0.3799008,-0.1375756,0.9493865,0.2823796,-0.3547383,-0.3134065,0.880873,moving,-8.651459628640387,-5.935063144798548,-16.838312063972577,-11.820500769846447,-1.1601660000000003,-0.992848136,1.3535208,-0.14963511558557574,-0.10223707813846075,0.9834413613815018,-7.949304214271422,-6.063396521981424,9.760778377548023,10.082803619838783,10.590500926435645
05/05/2023 11:40:08.562134,1265,True,True,True,True,Eyes,2.462021,0.01370716,-2.410741,-0.4786887,-0.4089283,0.7769393,0.0,0.0,0.0,0.0,0.0,0.0,0.0,-1.291764,0.9495168,2.926363,2.383487,0.007472131,-2.335116,0.1493337,-0.1941274,0.03847225,0.9687796,17.71485,337.4931,0.9962624,0.7081737,0.005058954,-0.7060199,-0.04068016,-0.002626654,0.2471992,1.204112,-0.966561,-0.9845108,-0.5795997,-0.4008,1.915,0.9216689,0.01656273,0.3876237,-0.1325218,0.9524387,0.2744059,-0.3646429,-0.30428,0.880028,moving,-8.496505782525894,-6.5506674202186375,-16.839123364851268,-11.821088380307142,-1.179375,-0.974033131,1.3506052000000002,-0.14680534300814238,-0.11284576205331498,0.9827074474043322,-7.781659745394988,-6.663397356882579,9.559859466677798,9.867958513363577,10.4230237412609
05/05/2023 11:40:08.582238,1266,True,True,True,True,Eyes,2.458391,0.01337852,-2.406758,-0.4841393,-0.4098073,0.7730893,0.0,0.0,0.0,0.0,0.0,0.0,0.0,-1.261804,0.9071553,2.939663,2.374904,0.007369213,-2.327332,0.142355,-0.1983777,0.03750581,0.969007,16.90386,337.0045,0.9705521,0.7088086,0.004950973,-0.7053832,-0.03823934,-0.002469055,0.2323673,1.178534,-0.9422701,-0.9743041,-0.5795997,-0.4007998,1.915,0.9184791,0.01620667,0.3951371,-0.1291669,0.9566567,0.2610053,-0.3737805,-0.2907666,0.8807626,static,-8.455525272857496,-7.418168171729636,-16.839123364851268,-11.821082647534345,-1.19637,-0.949639313,1.3530279000000003,-0.14583724339901064,-0.12772967265427673,0.9810283277631076,-7.718329218702616,-7.507733687989374,9.182413209861666,9.469444167918848,10.089294579068806
05/05/2023 11:40:08.592744,1267,True,True,True,True,Eyes,2.362656,0.008513179,-2.302872,-0.6129524,-0.4381303,0.657519,0.0,0.0,0.0,0.0,0.0,0.0,0.0,-1.225286,0.9402623,2.932835,2.366714,0.00842879,-2.320674,0.146659,-0.2028945,0.04097527,0.967288,17.47865,336.4897,1.186883,0.7093859,0.004844864,-0.7048033,-0.03594498,-0.002320912,0.2184252,1.163755,-0.9604059,-0.9872393,-0.5795997,-0.4008,1.915,0.9143097,0.01975716,0.4045336,-0.1387824,0.9536243,0.2670956,-0.3804961,-0.3003503,0.8746499,static,-17.873001217320216,-9.490276665878705,-16.839123364851268,-11.821088380307142,-1.202959,-0.96883469,1.3334346999999998,-0.30309602614165904,-0.15712426749153163,0.9399174449424983,-16.84281307741834,-9.461411103058095,2.5036794496170085,2.5498209078173772,2.359680161959307
05/05/2023 11:40:08.612606,1268,True,True,True,True,Eyes,2.362325,0.008569622,-2.302588,-0.6131775,-0.4380268,0.657378,0.0,0.0,0.0,0.0,0.0,0.0,0.0,-1.190396,0.9456398,2.931903,2.357835,0.0114716,-2.312534,0.1469333,-0.2073404,0.04345087,0.9661949,17.57481,335.9907,1.384479,0.710308,0.004581898,-0.7038758,-0.3209942,-0.01677767,0.5169767,1.145515,-0.9620947,-0.9910762,-0.5795997,-0.4008,1.915,0.910244,0.0230336,0.4134312,-0.1448944,0.9530452,0.2659142,-0.3878937,-0.3019506,0.8708411,static,-17.45879432538901,-9.267645747274855,-16.839123364851268,-11.821088380307142,-1.21232,-0.9735663,1.3214578,-0.29644985248414635,-0.15380723016644116,0.9425819751189524,-16.445036978681717,-9.247541517259055,2.55391089108106,2.6275580639674976,2.6035451861008334
05/05/2023 11:40:08.632753,1269,True,True,True,True,Eyes,2.361705,0.008637932,-2.302035,-0.6134854,-0.4385485,0.6567427,0.0,0.0,0.0,0.0,0.0,0.0,0.0,-1.156901,0.9354608,2.936455,2.349661,0.01282391,-2.305471,0.1443061,-0.2117144,0.045394,0.9655529,17.331,335.5082,1.594192,0.7110391,0.004361331,-0.7031386,-0.3017346,-0.01577101,0.485958,1.126188,-0.9554862,-0.9904464,-0.5795999,-0.4007999,1.915,0.9062328,0.02655726,0.4219441,-0.148764,0.9542302,0.2594493,-0.3957416,-0.2978915,0.8687056,static,-17.105848023686416,-9.432642742727177,-16.83912884659031,-11.821085513920774,-1.2234730000000003,-0.96831011,1.3150245999999999,-0.2904985649012609,-0.15682041686672532,0.9439375178012336,-16.09653103787004,-9.410421541417847,2.32011447164034,2.403288994419476,2.522449661309367
05/05/2023 11:40:08.642451,1270,True,True,True,True,Eyes,2.360791,0.008706912,-2.301233,-0.6138855,-0.4392969,0.6558679,0.0,0.0,0.0,0.0,0.0,0.0,0.0,-1.121484,0.9614562,2.930085,2.341616,0.01321435,-2.298735,0.1468854,-0.2159669,0.04953985,0.9640171,17.73398,335.0463,1.929496,0.7116176,0.004176549,-0.7025542,-0.2836305,-0.01482475,0.4568006,1.113119,-0.9702163,-0.9997123,-0.5795999,-0.4007998,1.915,0.9018081,0.03206974,0.430945,-0.1589593,0.951941,0.2618022,-0.4018382,-0.304598,0.8635659,static,-16.754143766221322,-8.936461416600611,-16.83912884659031,-11.821082647534345,-1.2284970000000002,-0.9834306500000001,1.2990227,-0.28505223916763395,-0.1488943448209689,0.9468767452715915,-15.767056758633949,-8.92997723353316,2.766011326998133,2.885872850601525,3.083476783866237
05/05/2023 11:40:08.662558,1271,True,True,True,True,Eyes,2.359631,0.008769874,-2.300216,-0.6144245,-0.440589,0.6544951,0.0,0.0,0.0,0.0,0.0,0.0,0.0,-1.084973,0.9824729,2.925289,2.333744,0.01326143,-2.291985,0.1479864,-0.2202729,0.05452707,0.9626041,17.99454,334.6014,2.397218,0.7120754,0.004021355,-0.7020909,-0.2666126,-0.01393526,0.4293925,1.100849,-0.982251,-1.006401,-0.5795999,-0.4008,1.915,0.8970134,0.0397812,0.4402096,-0.1701707,0.9502537,0.2608829,-0.4079326,-0.3089262,0.8591598,static,-16.468463483475013,-8.590224767324012,-16.83912884659031,-11.821088380307142,-1.2328949999999999,-0.99551243,1.2855839999999998,-0.28055898096721005,-0.14336760261773734,0.9490692059926626,-15.49790240638856,-8.59498890039617,3.1063910047077257,3.252056656503973,3.493795388710978
05/05/2023 11:40:08.682565,1272,True,True,True,True,Eyes,2.358223,0.008831137,-2.298988,-0.6150501,-0.4422892,0.6527585,0.0,0.0,0.0,0.0,0.0,0.0,0.0,-1.043471,1.019074,2.917306,2.326381,0.01321562,-2.286,0.1513663,-0.2251377,0.06053779,0.9605917,18.54572,334.0943,2.911011,0.7124744,0.003885607,-0.7016868,-0.2506159,-0.01309915,0.403629,1.090517,-1.003274,-1.019829,-0.5795999,-0.4008,1.915,0.8912963,0.04814763,0.4508576,-0.1844608,0.9468468,0.2635438,-0.4142041,-0.3180612,0.8528025,static,-16.120824828623917,-7.969750547934616,-16.83912884659031,-11.821088380307142,-1.235864,-1.01648962,1.266171,-0.27518600596817777,-0.13329712094561771,0.952105330798957,-15.175741448875655,-7.993582603734937,3.7352242147804233,3.9177498339340873,4.17332698270451
05/05/2023 11:40:08.693225,1273,True,True,True,True,Eyes,2.356577,0.008930585,-2.297544,-0.6159511,-0.4442341,0.6505846,0.0,0.0,0.0,0.0,0.0,0.0,0.0,-0.9983729,1.057401,2.908764,2.319142,0.01323571,-2.279728,0.1552382,-0.2305626,0.06647449,0.9582918,19.15835,333.5157,3.387724,0.7128307,0.003765592,-0.7013256,-0.2355789,-0.0123132,0.3794113,1.07934,-1.025522,-1.035672,-0.5795999,-0.4008,1.915,0.8848441,0.05581968,0.4625311,-0.1989882,0.9429645,0.266874,-0.4212536,-0.3281801,0.845484,static,-15.720776540374603,-7.319278177174396,-16.83912884659031,-11.821088380307142,-1.2398019999999998,-1.03875771,1.244056,-0.2689019743989539,-0.12270594966408915,0.9553193146966925,-14.803299135450317,-7.363336130026112,4.419357734251659,4.638642795672898,4.900628300294354
05/05/2023 11:40:08.712345,1274,True,True,True,True,Eyes,2.354695,0.009078514,-2.295888,-0.6171098,-0.4461103,0.6481983,0.0,0.0,0.0,0.0,0.0,0.0,0.0,-0.9519341,1.076743,2.906208,2.311693,0.0142798,-2.273206,0.1567874,-0.2365167,0.07085611,0.9562725,19.47406,332.8559,3.731013,0.7131501,0.003660319,-0.7010014,-0.2214442,-0.01157441,0.3566466,1.0631,-1.036772,-1.048418,-0.5796,-0.4007999,1.915,0.8780785,0.06134984,0.4745676,-0.2096812,0.9407942,0.2663456,-0.4301302,-0.3333802,0.8389552,static,-15.275211821205916,-7.001936724936812,-16.839131587459715,-11.821085513920774,-1.248593,-1.0510518,1.224788,-0.2616258317865964,-0.1176569360229639,0.957971142933168,-14.377507588002436,-7.057522634247324,4.824462894950273,5.066560972261652,5.362007462071166
05/05/2023 11:40:08.732459,1275,True,True,True,True,Eyes,2.352568,0.009210396,-2.294049,-0.6187217,-0.4475984,0.6456308,0.0,0.0,0.0,0.0,0.0,0.0,0.0,-0.9090469,1.073924,2.909913,2.304299,0.01557525,-2.266547,0.1559723,-0.2425335,0.07246184,0.9547772,19.45014,332.148,3.813463,0.7134339,0.003570336,-0.700712,-0.2081576,-0.01087994,0.3352478,1.041146,-1.035532,-1.056829,-0.5795999,-0.4007999,1.915,0.8718536,0.06271284,0.4857349,-0.2140268,0.9408439,0.2626886,-0.4405268,-0.3329864,0.8337004,static,-14.81622246388885,-7.0729052137394435,-16.83912884659031,-11.821085513920774,-1.263153,-1.0511072499999998,1.209718,-0.2538994306924808,-0.11909723057667429,0.9598702664449454,-13.928163240772442,-7.129617621299229,4.911874501079998,5.161140028734385,5.521194775205221
05/05/2023 11:40:08.742211,1276,True,True,True,True,Eyes,2.350248,0.009322239,-2.292032,-0.6205548,-0.4489892,0.6429,0.0,0.0,0.0,0.0,0.0,0.0,0.0,-0.8709795,1.055225,2.91761,2.297197,0.01537917,-2.259911,0.152877,-0.2481858,0.0724842,0.9538231,19.12404,331.468,3.786268,0.7136857,0.003493601,-0.7004551,-0.1956681,-0.01022715,0.3151329,1.016708,-1.026018,-1.060061,-0.5795999,-0.4008,1.915,0.8662997,0.06239042,0.4956131,-0.214158,0.9427493,0.2556561,-0.4512884,-0.3276143,0.8300648,static,-14.415646842149025,-7.4727617033729326,-16.83912884659031,-11.821088380307142,-1.2804890000000002,-1.0413971700000002,1.1998499999999999,-0.24696944968571655,-0.12602617038284525,0.9607931446571878,-13.526897114210218,-7.521328086477479,4.7356252043142115,4.978072911799148,5.427597777413113
05/05/2023 11:40:08.762390,1277,True,True,True,True,Eyes,2.347751,0.009430367,-2.289827,-0.6226702,-0.4501484,0.6400377,0.0,0.0,0.0,0.0,0.0,0.0,0.0,-0.8326607,1.049592,2.920657,2.290383,0.01499737,-2.253691,0.1516966,-0.2536723,0.073355,0.9525007,19.03821,330.8127,3.807904,0.7139086,0.003428208,-0.7002277,-0.183928,-0.009613517,0.296225,0.9956728,-1.0241,-1.067183,-0.5796,-0.4008,1.915,0.8605387,0.06277892,0.5055014,-0.2167038,0.9432144,0.251766,-0.4609907,-0.3261985,0.825277,static,-14.037862707656439,-7.608269680198733,-16.839131587459715,-11.821088380307142,-1.2947102,-1.03909737,1.186508,-0.24055170918108112,-0.12851172077031742,0.9620912795814139,-13.154973608050131,-7.655680470714795,4.8157705114136995,5.059145059882885,5.560903080484481
05/05/2023 11:40:08.782921,1278,True,True,True,True,Eyes,2.345077,0.009528177,-2.287457,-0.6250214,-0.4511867,0.6370077,0.0,0.0,0.0,0.0,0.0,0.0,0.0,-0.7953411,1.040503,2.923795,2.283377,0.01501922,-2.247165,0.1504292,-0.2591607,0.07346081,0.9512152,18.92059,330.1433,3.744784,0.7141057,0.003372939,-0.7000267,-0.1728923,-0.009036706,0.2784514,0.9733154,-1.020078,-1.074087,-0.5795999,-0.4008001,1.915,0.8548785,0.0617834,0.5151365,-0.2177248,0.9439491,0.2481049,-0.4709338,-0.3242575,0.8204136,static,-13.656831149611945,-7.789527045391738,-16.83912884659031,-11.82109124669345,-1.3100616,-1.03509722,1.1730779999999998,-0.23404730503680604,-0.13177003216327882,0.963254128567761,-12.778651357995152,-7.834567824556293,4.89444621350561,5.136197868210621,5.690329202307736
05/05/2023 11:40:08.792923,1279,True,True,True,True,Eyes,2.342234,0.009623677,-2.284932,-0.6274981,-0.4522471,0.6338127,0.0,0.0,0.0,0.0,0.0,0.0,0.0,-0.7587759,1.031629,2.92657,2.276597,0.01487957,-2.240913,0.1495214,-0.264653,0.07294425,0.9498849,18.82424,329.4596,3.600161,0.7142795,0.003326496,-0.6998495,-0.1625188,-0.008494504,0.2617444,0.9505689,-1.016088,-1.082226,-0.5795999,-0.4007999,1.915,0.8492759,0.0594347,0.5245932,-0.2177199,0.9446449,0.2454465,-0.4809663,-0.3226662,0.8152043,static,-13.262059405019246,-7.970118916649535,-16.83912884659031,-11.821085513920774,-1.3260281000000003,-1.03096757,1.158687,-0.2273043255638649,-0.13502711572765608,0.9644170598042823,-12.388952851119399,-8.012898780638167,5.0165389421731215,5.255984163134469,5.857162502971483
05/05/2023 11:40:08.813204,1280,True,True,True,True,Eyes,2.339241,0.009687648,-2.282259,-0.6301265,-0.4533168,0.630432,0.0,0.0,0.0,0.0,0.0,0.0,0.0,-0.7219876,1.038464,2.923458,2.269961,0.01499451,-2.234577,0.1510939,-0.2699816,0.07334366,0.9481041,19.03274,328.795,3.48655,0.7144321,0.003287954,-0.6996939,-0.1527677,-0.007984834,0.2460397,0.931607,-1.021012,-1.094708,-0.5795999,-0.4008,1.915,0.8434613,0.05748966,0.5341049,-0.22066,0.9435827,0.2469027,-0.4897777,-0.3261085,0.8085611,static,-12.87426837342622,-7.840196283805947,-16.83912884659031,-11.821088380307142,-1.3383539999999998,-1.03600651,1.1398689999999998,-0.22083159135472363,-0.1330428966595131,0.9661951302385438,-12.014428645232005,-7.889057721573226,5.370791442535377,5.618506959650815,6.224033831383818
05/05/2023 11:40:08.832362,1281,True,True,True,True,Eyes,2.336135,0.009730216,-2.279442,-0.6327694,-0.4546602,0.626807,0.0,0.0,0.0,0.0,0.0,0.0,0.0,-0.6864737,1.040687,2.921485,2.263498,0.01432038,-2.22839,0.1515594,-0.2751131,0.07391997,0.9465085,19.12179,328.1638,3.430722,0.7145656,0.003255584,-0.6995577,-0.1436016,-0.007505744,0.2312773,0.9130654,-1.023767,-1.104777,-0.5795999,-0.4007999,1.915,0.8376972,0.05653983,0.5432004,-0.2233237,0.9431312,0.2462318,-0.4983873,-0.3275772,0.802685,static,-12.546277288968964,-7.836659059673143,-16.83912884659031,-11.821085513920774,-1.3504325999999998,-1.0380873800000001,1.1236130000000002,-0.21529381324231933,-0.13315196075139685,0.9674291475953367,-11.694792064830732,-7.887791114666031,5.606471136881698,5.856981190432522,6.4757243421391255
05/05/2023 11:40:08.842518,1282,True,True,True,True,Eyes,2.332878,0.009787103,-2.276478,-0.6355419,-0.4561729,0.6228906,0.0,0.0,0.0,0.0,0.0,0.0,0.0,-0.6493069,1.062305,2.912867,2.257277,0.01389183,-2.222473,0.1551695,-0.2802639,0.07548055,0.9442868,19.5943,327.5224,3.381831,0.7146826,0.003228135,-0.6994385,-0.1349855,-0.007055399,0.2174007,0.8985797,-1.037461,-1.121384,-0.5795998,-0.4008,1.915,0.8315097,0.05557378,0.5527235,-0.2295273,0.9404503,0.25074,-0.5058743,-0.3353579,0.7947493,static,-12.19464051412822,-7.459879867323734,-16.83912610572083,-11.821088380307142,-1.3586973000000002,-1.05135283,1.101089,-0.20952429204747025,-0.12695009536059254,0.9695272895841164,-11.36216529540644,-7.523522755243807,6.105072308485716,6.371136955381692,6.9617648638434835
05/05/2023 11:40:08.863056,1283,True,True,True,True,Eyes,2.329459,0.00984481,-2.273369,-0.6384892,-0.457598,0.618818,0.0,0.0,0.0,0.0,0.0,0.0,0.0,-0.6119423,1.078562,2.904823,2.250535,0.01437029,-2.215999,0.1586546,-0.285678,0.07586315,0.9420518,20.01503,326.8231,3.189965,0.7147845,0.003205579,-0.6993345,-0.1268864,-0.006632075,0.2043566,0.8811859,-1.047384,-1.138334,-0.5795999,-0.4007999,1.915,0.8252657,0.05228577,0.5623191,-0.2335823,0.9381469,0.2555768,-0.5141749,-0.3422666,0.7864336,static,-11.794543017037187,-7.157067056719684,-16.83912884659031,-11.821085513920774,-1.3693491000000002,-1.06175429,1.077665,-0.20287599176751772,-0.12199887796665015,0.9715748612350286,-10.980304463152766,-7.231543885386156,6.591837527886187,6.87029215978772,7.442426722246885
05/05/2023 11:40:08.882872,1284,True,True,True,True,Eyes,2.240597,0.0107126,-2.192191,-0.7107979,-0.4883382,0.5062529,0.0,0.0,0.0,0.0,0.0,0.0,0.0,-0.5751026,1.073525,2.903685,2.243512,0.01451078,-2.209305,0.1588302,-0.2913398,0.07487867,0.9403656,20.01994,326.0924,2.945412,0.7148727,0.003187478,-0.6992445,-0.1192732,-0.006234151,0.1920952,0.8586006,-1.04515,-1.149617,-0.5796,-0.4008,1.915,0.8190286,0.0482795,0.5717178,-0.2333738,0.9383323,0.2550867,-0.5241458,-0.3423472,0.7797882,static,-18.699540176884373,-9.906248334060967,-16.839131587459715,-11.821088380307142,-1.3849114,-1.05966078,1.059688,-0.31630681739101485,-0.16320363468625998,0.9345129329652002,-17.63732712541298,-9.860663834222853,2.663068301090515,2.6697813622679103,2.1166909358000976
05/05/2023 11:40:08.893070,1285,True,True,True,True,Eyes,2.240314,0.01067455,-2.191939,-0.7110467,-0.4883174,0.5059236,0.0,0.0,0.0,0.0,0.0,0.0,0.0,-0.5384182,1.074283,2.900331,2.23683,0.01404047,-2.202791,0.1597963,-0.2969341,0.07420426,0.9385036,20.12115,325.367,2.709321,0.7149048,0.003208445,-0.6992118,-0.3787041,-0.003256739,0.4241012,0.8377731,-1.046374,-1.162617,-0.5795999,-0.4008,1.915,0.8126476,0.044384,0.5810626,-0.2341799,0.9379178,0.2558712,-0.5336323,-0.3440063,0.7725906,static,-18.036480682600875,-9.797982540970686,-16.83912884659031,-11.821088380307142,-1.3990568999999997,-1.06041447,1.040174,-0.3055306936142447,-0.16203742006827568,0.9382935849284196,-16.993882287714396,-9.759719968257713,2.323180151817396,2.3508740196690967,2.067169165243844
05/05/2023 11:40:08.912372,1286,True,True,True,True,Eyes,2.239767,0.0105949,-2.191441,-0.7115319,-0.4883881,0.5051726,0.0,0.0,0.0,0.0,0.0,0.0,0.0,-0.5019037,1.075695,2.896225,2.229905,0.01315177,-2.196474,0.1608119,-0.3024619,0.07352793,0.9366164,20.22556,324.6471,2.471041,0.714911,0.003227236,-0.6992055,-0.3559818,-0.003061334,0.3986551,0.8170962,-1.048081,-1.175907,-0.5795999,-0.4008,1.915,0.8062209,0.04045595,0.5902298,-0.2350139,0.9374664,0.2567594,-0.5429331,-0.345717,0.7653127,static,-17.406006783199285,-9.696431011195486,-16.83912884659031,-11.821088380307142,-1.4128088,-1.06123277,1.0205669999999998,-0.2952422616224208,-0.16091986243600503,0.9417731900811549,-16.382021533850082,-9.66509288502744,2.1412253688192773,2.198981475850698,2.203920069110257
05/05/2023 11:40:08.932640,1287,True,True,True,True,Eyes,2.238937,0.01047439,-2.190717,-0.7121933,-0.4885492,0.5040836,0.0,0.0,0.0,0.0,0.0,0.0,0.0,-0.4655912,1.084205,2.889088,2.223156,0.01214261,-2.190098,0.1630921,-0.3079617,0.07294537,0.934473,20.47135,323.9164,2.194811,0.7148983,0.003242564,-0.6992187,-0.3346229,-0.002877654,0.3747358,0.7979264,-1.053616,-1.191759,-0.5796,-0.4007999,1.915,0.7996772,0.03587872,0.5993574,-0.2367832,0.9361599,0.2598816,-0.55177,-0.3497391,0.7571211,static,-16.770484841229397,-9.470702631811601,-16.839131587459715,-11.821085513920774,-1.4252295999999998,-1.06575861,0.9983389999999999,-0.2849270779366296,-0.15772280170345535,0.9454839878368095,-15.76858682005598,-9.449677158351063,2.2538735462302175,2.3513851382280686,2.60185389441478
05/05/2023 11:40:08.942293,1288,True,True,True,True,Eyes,2.237862,0.01029811,-2.189765,-0.713074,-0.4887705,0.5026221,0.0,0.0,0.0,0.0,0.0,0.0,0.0,-0.4297875,1.092441,2.881225,2.216135,0.01113199,-2.183626,0.1654911,-0.3134322,0.07206217,0.9322983,20.71669,323.1784,1.876404,0.7148842,0.003252692,-0.6992332,-0.3145455,-0.002704995,0.3522517,0.7783698,-1.058729,-1.207905,-0.5795999,-0.4007999,1.915,0.7931347,0.0306264,0.6082758,-0.2381073,0.9348394,0.263401,-0.5605732,-0.3537474,0.748746,static,-16.14984828274085,-9.261380712541072,-16.83912884659031,-11.821085513920774,-1.4377651999999999,-1.06986099,0.9757209999999998,-0.27480008055150185,-0.15474270592841605,0.9489677113819521,-15.169220452810224,-9.25012594734046,2.518839671050257,2.650885958676255,3.0656854268838525
05/05/2023 11:40:08.962321,1289,True,True,True,True,Eyes,2.236537,0.0100719,-2.188601,-0.7140482,-0.489112,0.5009038,0.0,0.0,0.0,0.0,0.0,0.0,0.0,-0.3960741,1.099631,2.873207,2.209297,0.009685766,-2.177221,0.167674,-0.3186396,0.07103867,0.9302193,20.92948,322.4698,1.552657,0.71487,0.00325633,-0.6992479,-0.2956728,-0.002542695,0.3311166,0.7594307,-1.063275,-1.223048,-0.5795999,-0.4008,1.915,0.7868447,0.02530793,0.6166319,-0.2390182,0.9336779,0.2666757,-0.5689867,-0.3572187,0.7407085,static,-15.57427501208531,-9.09610406063827,-16.83912884659031,-11.821088380307142,-1.4498662999999998,-1.072960766,0.9541729999999999,-0.265350136946098,-0.152423700522401,0.9520274773678667,-14.61259546951825,-9.093131252969302,2.84701448580074,3.0042294794344895,3.5212499155568646
05/05/2023 11:40:08.982403,1290,True,True,True,True,Eyes,2.234972,0.009801102,-2.187218,-0.7151733,-0.4895478,0.4988689,0.0,0.0,0.0,0.0,0.0,0.0,0.0,-0.3646533,1.114389,2.861437,2.202407,0.008340854,-2.170712,0.1710419,-0.3233939,0.07057937,0.9279977,21.29088,321.81,1.252531,0.7148551,0.003252561,-0.6992633,-0.2779324,-0.002390133,0.3112496,0.7434767,-1.072162,-1.239134,-0.5795999,-0.4007999,1.915,0.7808698,0.02036715,0.6243617,-0.2416228,0.9315265,0.2718031,-0.5760735,-0.3631029,0.7323221,static,-15.058204970770648,-8.786880752729951,-16.83912884659031,-11.821085513920774,-1.4589303,-1.0805028540000001,0.931578,-0.25695343792338843,-0.14763047195681073,0.9550812799935409,-14.1178551887056,-8.795684136306484,3.3363401905346586,3.518250756313084,4.0691994073487825
05/05/2023 11:40:09.002235,1291,True,True,True,True,Eyes,2.233186,0.009482027,-2.185624,-0.7164008,-0.490017,0.4966419,0.0,0.0,0.0,0.0,0.0,0.0,0.0,-0.3340416,1.123991,2.85082,2.195202,0.007059,-2.164059,0.1733743,-0.3279899,0.07032402,0.9259689,21.54363,321.1839,1.01679,0.7148393,0.003240723,-0.6992796,-0.2612565,-0.002246725,0.2925746,0.7273139,-1.078454,-1.252596,-0.5795997,-0.4007998,1.915,0.7749543,0.01650566,0.6318018,-0.2439658,0.9299917,0.2749472,-0.5830323,-0.3672096,0.7247278,static,-14.603508406285071,-8.57471119428579,-16.839123364851268,-11.821082647534345,-1.4678881000000001,-1.085513,0.9114629999999999,-0.2494867304778797,-0.1443841406003118,0.9575539330104686,-13.680327022965697,-8.592261794449158,3.7427380173735014,3.941687691260188,4.516998830067085
05/05/2023 11:40:09.012783,1292,True,True,True,True,Eyes,2.231185,0.009110366,-2.183818,-0.7176985,-0.4906346,0.4941525,0.0,0.0,0.0,0.0,0.0,0.0,0.0,-0.3036541,1.132107,2.840581,2.188183,0.005608205,-2.157452,0.1753164,-0.332562,0.07022376,0.9239779,21.75784,320.566,0.8120765,0.7148226,0.003220099,-0.6992968,-0.2455811,-0.002111922,0.2750201,0.7115227,-1.084091,-1.265359,-0.5795998,-0.4008,1.915,0.7689422,0.01316321,0.6391828,-0.2463776,0.9286655,0.2772696,-0.5899373,-0.3706846,0.7173333,static,-14.178779460001964,-8.404392624947432,-16.83912610572083,-11.821088380307142,-1.4766603,-1.0896992049999998,0.8920930000000002,-0.24247330975713444,-0.14179722025678143,0.9597397476704456,-13.27088383946259,-8.42936107721341,4.11805073861803,4.330271834432646,4.92302416907161
05/05/2023 11:40:09.032276,1293,True,True,True,True,Eyes,2.228998,0.00870675,-2.181786,-0.7189862,-0.4913657,0.4915472,0.0,0.0,0.0,0.0,0.0,0.0,0.0,-0.2771627,1.14449,2.826836,2.181547,0.004388709,-2.149072,0.1777492,-0.3365767,0.07109079,0.9219911,22.06272,320.0282,0.7071273,0.7148052,0.003189894,-0.6993148,-0.2308462,-0.001985207,0.2585189,0.6994908,-1.092978,-1.275517,-0.5795998,-0.4008,1.915,0.7633244,0.01143767,0.6459141,-0.2507426,0.9267026,0.2799114,-0.5953687,-0.3756214,0.7102427,static,-13.840158038632202,-8.135202791312532,-16.83912610572083,-11.821088380307142,-1.4820562000000002,-1.097366709,0.8735549999999999,-0.2369426235771745,-0.13747981036629808,0.9617471349730046,-12.948044802012847,-8.169689158972446,4.52488090592147,4.751795665069727,5.3360312954132345
05/05/2023 11:40:09.042166,1294,True,True,True,True,Eyes,2.226616,0.008280008,-2.179503,-0.720323,-0.4921848,0.4887625,0.0,0.0,0.0,0.0,0.0,0.0,0.0,-0.2520487,1.155358,2.813955,2.174543,0.003235064,-2.14198,0.1798861,-0.3402229,0.07195225,0.9201698,22.33436,319.5398,0.6202959,0.7147878,0.003150049,-0.6993328,-0.2169954,-0.001866094,0.2430078,0.6877968,-1.101001,-1.285213,-0.5796,-0.4007999,1.915,0.7581425,0.01001383,0.6520121,-0.2548193,0.9249278,0.2820918,-0.6002393,-0.380011,0.7037787,static,-13.560127415845312,-7.907406463324474,-16.839131587459715,-11.821085513920774,-1.4867461999999998,-1.104236064,0.8567670000000003,-0.23235718442103664,-0.1338072875921717,0.9633823912245045,-12.681205495706674,-7.949903927962075,4.8671584994078145,5.105756757674715,5.681055910299284
05/05/2023 11:40:09.062607,1295,True,True,True,True,Eyes,2.224038,0.007813814,-2.177015,-0.7216681,-0.4930591,0.4858889,0.0,0.0,0.0,0.0,0.0,0.0,0.0,-0.2294234,1.164069,2.801388,2.167127,0.001921821,-2.135186,0.1816624,-0.3434385,0.07270825,0.9185654,22.56177,319.1087,0.5456772,0.7147714,0.003100788,-0.6993499,-0.2039757,-0.001754128,0.2284273,0.6762665,-1.10803,-1.29308,-0.5795999,-0.4008,1.915,0.753527,0.008794845,0.6573581,-0.2583543,0.9234245,0.2837959,-0.6045248,-0.3836792,0.6980976,static,-13.339283243741608,-7.731440295565844,-16.83912884659031,-11.821088380307142,-1.4908604999999997,-1.1099518210000001,0.842106,-0.22872980993327624,-0.1309635677092711,0.9646405360414708,-12.470665271908492,-7.780156134710691,5.135488663773573,5.382763296003973,5.950849302143603
05/05/2023 11:40:09.082438,1296,True,True,True,True,Eyes,2.22129,0.007315631,-2.174327,-0.7230113,-0.4939632,0.4829649,0.0,0.0,0.0,0.0,0.0,0.0,0.0,-0.2128969,1.170736,2.788682,2.159861,0.0005422682,-2.127839,0.1831644,-0.3458199,0.07329538,0.9173261,22.75162,318.7858,0.4838558,0.7147561,0.003041779,-0.6993658,-0.1917372,-0.001648881,0.2147216,0.6662186,-1.114173,-1.29703,-0.5795997,-0.4008,1.915,0.7500727,0.007787658,0.6613095,-0.2611554,0.9221572,0.285349,-0.6076091,-0.3867371,0.6937187,static,-13.219122289341744,-7.604094377775031,-16.839123364851268,-11.821088380307142,-1.4936423999999997,-1.1147152682,0.8308089999999999,-0.22676868643133297,-0.12887992435000817,0.9653838643087442,-12.356962482359389,-7.6570474033440785,5.304685401039354,5.557647542268392,6.117924765340604
05/05/2023 11:40:09.102053,1297,True,True,True,True,Eyes,2.218335,0.0067888,-2.17147,-0.7243637,-0.4947966,0.4800765,0.0,0.0,0.0,0.0,0.0,0.0,0.0,-0.1991482,1.173703,2.77747,2.153084,-0.0007109717,-2.120332,0.1839151,-0.3478257,0.07401613,0.9163594,22.86455,318.5261,0.4794229,0.7147424,0.002972955,-0.6993802,-0.1802329,-0.001549948,0.2018383,0.6571129,-1.118555,-1.297958,-0.5796001,-0.4007999,1.915,0.7470778,0.007709963,0.6646919,-0.2635915,0.9213938,0.2855751,-0.6102413,-0.3885539,0.6903851,static,-13.163907788254036,-7.542441753723375,-16.839134328329035,-11.821085513920774,-1.4959711000000002,-1.1178440283,0.8223739999999999,-0.22586805972462892,-0.1278685118011165,0.9657293380588056,-12.304800078686323,-7.597426523172794,5.384755176803898,5.640397374968166,6.196731586700296
05/05/2023 11:40:09.112666,1298,True,True,True,True,Eyes,2.215218,0.006241641,-2.168418,-0.7257591,-0.4955603,0.4771725,0.0,0.0,0.0,0.0,0.0,0.0,0.0,-0.1867139,1.171082,2.768139,2.145881,-0.001919456,-2.112837,0.1837068,-0.3496238,0.0745529,0.915673,22.86503,318.3057,0.5021628,0.7147294,0.002894353,-0.6993937,-0.169419,-0.001456951,0.189728,0.6469433,-1.119987,-1.29619,-0.5795997,-0.4008,1.915,0.74441,0.008075599,0.6676739,-0.2649888,0.9213874,0.2842998,-0.6128904,-0.3885616,0.6880301,static,-13.153409427061213,-7.586967910085737,-16.839123364851268,-11.821088380307142,-1.4989377000000002,-1.118067544,0.8166469999999999,-0.22566883995026132,-0.12862506330770623,0.9656754344445871,-12.2933659535312,-7.640819391528546,5.35939363385461,5.613578483246476,6.175642416875782
05/05/2023 11:40:09.132510,1299,True,True,True,True,Eyes,2.211945,0.005663352,-2.165163,-0.7273886,-0.4960268,0.4741974,0.0,0.0,0.0,0.0,0.0,0.0,0.0,-0.1710927,1.167283,2.759495,2.138908,-0.003081869,-2.105159,0.1832826,-0.3519908,0.07507113,0.9148084,22.84165,318.0141,0.5175094,0.7147179,0.002806269,-0.699406,-0.1592538,-0.001369534,0.1783444,0.6356498,-1.120636,-1.295784,-0.5795999,-0.4008,1.915,0.7409336,0.008323847,0.6715267,-0.266379,0.9215437,0.2824882,-0.6164898,-0.3881856,0.6850199,static,-13.093677326369916,-7.630728019995247,-16.83912884659031,-11.821088380307142,-1.5032581999999999,-1.117554131,0.809375,-0.22463931910986684,-0.12939416361203857,0.9658127471865114,-12.233958494242481,-7.683793399829793,5.367075663764074,5.620278199483945,6.190703007706515
05/05/2023 11:40:09.142483,1300,True,True,True,True,Eyes,2.208514,0.005060673,-2.161711,-0.7291027,-0.4963498,0.4712177,0.0,0.0,0.0,0.0,0.0,0.0,0.0,-0.1547154,1.152549,2.755065,2.1317,-0.004337613,-2.097267,0.1809737,-0.3546011,0.0750609,0.9142606,22.59083,317.7122,0.5525362,0.7147083,0.00270861,-0.6994162,-0.1496986,-0.001287362,0.1676437,0.6211914,-1.115171,-1.292147,-0.5795999,-0.4007999,1.915,0.7372478,0.008903508,0.6755637,-0.2655974,0.9232288,0.2776808,-0.6212276,-0.3841476,0.6830131,static,-13.0404183543488,-7.887195844158316,-16.83912884659031,-11.821085513920774,-1.5105086,-1.110833387,0.8051200000000001,-0.2236110596771934,-0.1337484853389356,0.9654581443854535,-12.175128002781939,-7.93368573841636,5.224050116243011,5.468609451929212,6.0716374138807865
05/05/2023 11:40:09.162576,1301,True,True,True,True,Eyes,2.204913,0.004440807,-2.158061,-0.7310361,-0.4964541,0.468102,0.0,0.0,0.0,0.0,0.0,0.0,0.0,-0.136503,1.138649,2.750094,2.124562,-0.005555786,-2.089109,0.1788061,-0.3575416,0.07511674,0.9135371,22.35887,317.366,0.5812978,0.7147012,0.002601504,-0.6994238,-0.1407167,-0.00121012,0.1575851,0.6064028,-1.110121,-1.289778,-0.5796,-0.4007999,1.915,0.733043,0.009382671,0.6801177,-0.2651051,0.9247718,0.2729772,-0.6263923,-0.3804066,0.6803848,static,-12.962060659889378,-8.108576323594837,-16.839131587459715,-11.821085513920774,-1.5181592,-1.104565214,0.799331,-0.2221745414901829,-0.1375241564488877,0.9652592992666107,-12.092776518791153,-8.1496050840182,5.130719555513847,5.36790494193644,6.00063788151171
05/05/2023 11:40:09.175681,1302,True,True,True,True,Eyes,2.201156,0.003803455,-2.154216,-0.7330939,-0.4963598,0.4649734,0.0,0.0,0.0,0.0,0.0,0.0,0.0,-0.1169515,1.11929,2.746764,2.117016,-0.00666016,-2.080721,0.1757523,-0.3607529,0.07487281,0.912887,22.01845,316.9933,0.6115278,0.7146968,0.002485289,-0.6994287,-0.1322737,-0.001137513,0.14813,0.5894678,-1.101884,-1.28644,-0.5796,-0.4008,1.915,0.7285028,0.009894513,0.6849714,-0.2635071,0.9270104,0.2668627,-0.6323352,-0.3749051,0.6779369,static,-12.871432579257672,-8.422740980658482,-16.839131587459715,-11.821088380307142,-1.5275482,-1.09522384,0.794281,-0.2204788037085718,-0.14287115524145436,0.9648714474457305,-11.99596279645027,-8.45588334385464,4.997937854924695,5.224117195123621,5.897532439552425
05/05/2023 11:40:09.192369,1303,True,True,True,True,Eyes,2.197215,0.003154987,-2.150208,-0.7353144,-0.4963354,0.4614802,0.0,0.0,0.0,0.0,0.0,0.0,0.0,-0.09372461,1.098508,2.743932,2.109598,-0.007769547,-2.072246,0.1722644,-0.364531,0.0749527,0.9120441,21.64598,316.5594,0.6860311,0.7146956,0.002360253,-0.6994303,-0.1243373,-0.001069262,0.1392422,0.5717805,-1.093116,-1.284247,-0.5796,-0.4007998,1.915,0.7229985,0.01112888,0.69076,-0.2623118,0.9294141,0.2595804,-0.6391132,-0.3688707,0.6748842,static,-12.75812131065491,-8.760503879693163,-16.839131587459715,-11.821082647534345,-1.5378175,-1.0853464529999999,0.7879989999999999,-0.2183828923590268,-0.14862843201493403,0.9644783940836872,-11.876401024028835,-8.785272743960057,4.887148410177004,5.10115548415716,5.817631512553086
05/05/2023 11:40:09.212473,1304,True,True,True,True,Eyes,2.193122,0.002493996,-2.14603,-0.7376912,-0.4961809,0.4578387,0.0,0.0,0.0,0.0,0.0,0.0,0.0,-0.06546557,1.081137,2.739419,2.101913,-0.008741315,-2.063841,0.1693613,-0.3690452,0.07529416,0.9107434,21.34994,316.0239,0.7470516,0.7146971,0.002226853,-0.6994292,-0.116877,-0.001005106,0.1308876,0.5533882,-1.086223,-1.286086,-0.5795998,-0.4008,1.915,0.7162729,0.01214338,0.6977145,-0.2621512,0.9312952,0.2529153,-0.6467069,-0.3640631,0.6702449,static,-12.564056302584866,-9.00788475532063,-16.83912610572083,-11.821088380307142,-1.5485248,-1.077481685,0.777755,-0.21497284737036731,-0.15290977809022124,0.964575213219693,-11.680555064940082,-9.027257372897923,4.911832301461898,5.117649505126569,5.866544713947297
05/05/2023 11:40:09.232494,1305,True,True,True,True,Eyes,2.188876,0.001808509,-2.141717,-0.7402983,-0.4961462,0.453649,0.0,0.0,0.0,0.0,0.0,0.0,0.0,-0.03201318,1.065643,2.734036,2.094286,-0.009734277,-2.05559,0.1668413,-0.3744155,0.07557951,0.9089911,21.09471,315.3688,0.7655922,0.7147012,0.002085447,-0.6994254,-0.1098644,-0.0009448,0.1230344,0.5337492,-1.080096,-1.292143,-0.5795999,-0.4008,1.915,0.7082015,0.01246628,0.7059003,-0.2623381,0.9329035,0.2467182,-0.6554612,-0.3599107,0.663954,static,-12.290306027504412,-9.224731491337465,-16.83912884659031,-11.821088380307142,-1.5605368,-1.070361723,0.763447,-0.21023456754448078,-0.15672455814552883,0.965007191393828,-11.407853392413296,-9.240061193671222,5.038134841345897,5.237638602876001,6.013356333803898
05/05/2023 11:40:09.252421,1306,True,True,True,True,Eyes,2.1845,0.001107311,-2.137269,-0.7430621,-0.4961812,0.449069,0.0,0.0,0.0,0.0,0.0,0.0,0.0,0.009915113,1.054839,2.726815,2.08674,-0.01102905,-2.047852,0.1650134,-0.3810477,0.07624142,0.9065101,20.93299,314.5428,0.765066,0.7147075,0.001935958,-0.6994194,-0.1032725,-0.000888112,0.1156523,0.5132082,-1.076754,-1.304866,-0.5795999,-0.4008,1.915,0.6979797,0.01247124,0.716009,-0.2639832,0.9339156,0.2410694,-0.6656855,-0.3572759,0.6551464,static,-11.882878840877188,-9.344447174662468,-16.83912884659031,-11.821088380307142,-1.5735317999999998,-1.06572495,0.7429859999999997,-0.20329299703040876,-0.15897872353784706,0.9661251250596483,-11.00745893107196,-9.359244501427323,5.342020741465781,5.540592547790211,6.330011792053773
05/05/2023 11:40:09.262669,1307,True,True,True,True,Eyes,2.071514,-0.01389534,-2.022593,-0.8064022,-0.5031349,0.3107585,0.0,0.0,0.0,0.0,0.0,0.0,0.0,0.06090009,1.054677,2.71481,2.079381,-0.01210285,-2.040166,0.1648908,-0.388964,0.0779836,0.9030153,21.00586,313.5361,0.771354,0.7147159,0.001778595,-0.6994112,-0.09707619,-0.0008348253,0.1087132,0.4940681,-1.079975,-1.325858,-0.5795999,-0.4007999,1.915,0.6852511,0.01256765,0.7281984,-0.269114,0.9334592,0.2371322,-0.6767634,-0.3584634,0.6430361,static,-19.75960973798015,-10.938503045340761,-16.83912884659031,-11.821085513920774,-1.5853129000000001,-1.06787215,0.7143080000000002,-0.33261738017987336,-0.17895097737240803,0.9259278088408607,-18.642880405524977,-10.858001615363474,3.044122165023368,3.0509278016396886,2.044761668757406
05/05/2023 11:40:09.282777,1308,True,True,True,True,Eyes,2.071175,-0.01372571,-2.022236,-0.8066674,-0.5031611,0.3100266,0.0,0.0,0.0,0.0,0.0,0.0,0.0,0.119141,1.070737,2.69458,2.071623,-0.0102111,-2.032168,0.1680157,-0.3977825,0.0811818,0.8983036,21.49645,312.3734,0.7503287,0.7148362,0.0009692153,-0.6992899,-0.4302099,-0.0457927,0.4462205,0.4787844,-1.091901,-1.356437,-0.5795996,-0.4008,1.915,0.6703572,0.01218441,0.7419386,-0.2795192,0.9303605,0.2372728,-0.6873793,-0.3664436,0.6270796,static,-18.753312082012343,-10.268852376145729,-16.839120623981625,-11.821088380307142,-1.5928386000000003,-1.0816899,0.6757310000000001,-0.3168653455981375,-0.16908128941557465,0.9332779595662106,-17.67997164554567,-10.213115271637808,2.465716503260004,2.46446049889479,1.8145544793885418
05/05/2023 11:40:09.292939,1309,True,True,True,True,Eyes,2.070539,-0.01354508,-2.021537,-0.8073069,-0.5028989,0.3087851,0.0,0.0,0.0,0.0,0.0,0.0,0.0,0.1805849,1.063683,2.680842,2.063358,-0.00595646,-2.023232,0.1678636,-0.4075513,0.08272613,0.893801,21.56174,311.106,0.6811009,0.7149293,0.0003039573,-0.6991955,-0.4043973,-0.04304514,0.4194473,0.4563759,-1.08886,-1.383912,-0.5795999,-0.4007999,1.915,0.6541169,0.01105533,0.7563127,-0.2847074,0.9299564,0.232643,-0.7007658,-0.3675036,0.6114476,static,-17.717029052753038,-10.021130913916348,-16.83912884659031,-11.821085513920774,-1.6069821,-1.08290354,0.6393200000000001,-0.3000944849381955,-0.16599109037597898,0.9393562851316337,-16.676460219663046,-9.978958248781172,1.9718318644089015,2.0026345982374454,1.8492955261820951
05/05/2023 11:40:09.312735,1310,True,True,True,True,Eyes,2.069659,-0.01328908,-2.020562,-0.8079969,-0.502979,0.3068438,0.0,0.0,0.0,0.0,0.0,0.0,0.0,0.2337129,1.019907,2.681295,2.055599,-0.005592227,-2.014611,0.1611813,-0.4167605,0.08059575,0.8909747,20.75638,309.9676,0.567979,0.7150021,-0.0002440287,-0.699121,-0.3801335,-0.04046243,0.3942804,0.4238651,-1.064399,-1.39803,-0.5795999,-0.4007999,1.915,0.6396302,0.009269546,0.7686269,-0.2779655,0.9350498,0.2200386,-0.7166648,-0.354395,0.6006627,static,-16.874669194401754,-10.716195076617185,-16.83912884659031,-11.821085513920774,-1.6317339,-1.0588067730000001,0.6165809999999998,-0.2856331447250298,-0.1781977280223924,0.9416258592515381,-15.836577652360429,-10.660830801365883,1.0633786262890983,1.1054618920467032,1.5333948920801823
05/05/2023 11:40:09.332440,1311,True,True,True,True,Eyes,2.068468,-0.01289216,-2.019286,-0.8086919,-0.5032321,0.3045897,0.0,0.0,0.0,0.0,0.0,0.0,0.0,0.2847381,1.0403,2.657658,2.049019,-0.003447492,-2.006977,0.1653378,-0.4246487,0.08366606,0.8861924,21.35217,308.8853,0.4840035,0.7150601,-0.0006931694,-0.6990615,-0.3573254,-0.03803468,0.3706236,0.4139562,-1.078534,-1.428564,-0.5795999,-0.4007999,1.915,0.625347,0.007867511,0.7803073,-0.2887094,0.9313269,0.2219848,-0.7249746,-0.3640995,0.5846738,static,-16.015681728711925,-10.029087002410725,-16.83912884659031,-11.821085513920774,-1.6350628,-1.075086508,0.5784130000000001,-0.2719986837847191,-0.167582311068816,0.9475932175666546,-15.017740188860728,-9.997981797301343,1.865219876608238,1.972136866750493,2.577045557233623
05/05/2023 11:40:09.342516,1312,True,True,True,True,Eyes,2.067024,-0.01240708,-2.017753,-0.8096684,-0.5031955,0.3020454,0.0,0.0,0.0,0.0,0.0,0.0,0.0,0.3250428,1.029384,2.644217,2.040644,0.0003615543,-1.998235,0.1651675,-0.4315305,0.08302405,0.8829543,21.30457,307.9543,0.2498842,0.7151096,-0.001069837,-0.6990095,-0.3358859,-0.0357526,0.3483862,0.3940023,-1.071169,-1.446694,-0.5796,-0.4007999,1.915,0.6137769,0.004063253,0.7894691,-0.2891625,0.9316534,0.2200159,-0.7346176,-0.3633256,0.5730023,static,-15.326053669475408,-10.034510125766545,-16.839131587459715,-11.821085513920774,-1.6466417,-1.0715305543,0.5515410000000001,-0.2605449067703929,-0.16822332220699565,0.9506930725852685,-14.345331527088218,-10.00783164491761,2.2164828067362827,2.3412083212414396,3.083330720919153
05/05/2023 11:40:09.362728,1313,True,True,True,True,Eyes,2.065302,-0.01182074,-2.01602,-0.8104146,-0.5035508,0.2994408,0.0,0.0,0.0,0.0,0.0,0.0,0.0,0.358844,1.003069,2.638475,2.0333,0.002941929,-1.990515,0.1622155,-0.4376859,0.08067484,0.8806865,20.87575,307.1479,0.006105723,0.7151564,-0.001392371,-0.6989605,-0.3157327,-0.03360745,0.327483,0.3709724,-1.054001,-1.458219,-0.5795997,-0.4008,1.915,0.6038452,9.958341e-05,0.7971016,-0.2840974,0.9343554,0.2151015,-0.7447546,-0.3563425,0.5642344,static,-14.755769923934299,-10.465944387325068,-16.839123364851268,-11.821088380307142,-1.6623276000000002,-1.0569429289999999,0.5322960000000001,-0.2507304139388685,-0.17584857717085278,0.951951449503319,-13.777779584777575,-10.431392195867918,2.3724967413688836,2.4853122140881965,3.3620055361109724
05/05/2023 11:40:09.382754,1314,True,True,True,True,Eyes,2.063323,-0.01117068,-2.014062,-0.8113737,-0.5036765,0.2966186,0.0,0.0,0.0,0.0,0.0,0.0,0.0,0.3909974,1.013348,2.618386,2.025633,0.006038345,-1.983047,0.1653602,-0.4429172,0.08167191,0.8773882,21.25492,306.393,359.8054,0.7151994,-0.0016627,-0.6989156,-0.2967888,-0.031591,0.3078341,0.3606703,-1.059883,-1.477562,-0.5795998,-0.4008,1.915,0.5943081,-0.003165812,0.8042313,-0.2897977,0.9319714,0.2178224,-0.75021,-0.362518,0.5529608,static,-14.21863617924032,-10.07098383214897,-16.83912610572083,-11.821088380307142,-1.6649627,-1.0659213449999998,0.505485,-0.24206148154603863,-0.16966769584176186,0.9553109460847731,-13.264816903044109,-10.050663770591791,3.011175714477471,3.1511638142549403,3.988745363522877
05/05/2023 11:40:09.392779,1315,True,True,True,True,Eyes,2.061135,-0.01052112,-2.011948,-0.8122165,-0.5039827,0.2937787,0.0,0.0,0.0,0.0,0.0,0.0,0.0,0.4213039,0.9901955,2.610786,2.017637,0.008187998,-1.975667,0.1625501,-0.44825,0.0804188,0.8753183,20.89532,305.7102,359.6969,0.7152386,-0.001883846,-0.6988748,-0.2789814,-0.02969554,0.289364,0.3406043,-1.04639,-1.486557,-0.5796,-0.4007999,1.915,0.5852095,-0.004942055,0.8108671,-0.2865102,0.9342206,0.2124707,-0.7585787,-0.3566616,0.5452989,static,-13.78729112920732,-10.413332419479952,-16.839131587459715,-11.821085513920774,-1.6770327,-1.0545779979999998,0.48911000000000016,-0.234610586974777,-0.17570324529559295,0.9560786429040119,-12.835106179014364,-10.386623998317022,3.23266722976664,3.3608777064234125,4.253222226879777
05/05/2023 11:40:09.412455,1316,True,True,True,True,Eyes,2.058727,-0.009890049,-2.009671,-0.8130739,-0.5044968,0.2905062,0.0,0.0,0.0,0.0,0.0,0.0,0.0,0.4538866,0.9900597,2.595324,2.010641,0.008874506,-1.969563,0.1632864,-0.4535809,0.08097926,0.8723786,20.99929,304.9792,359.5803,0.7152736,-0.002060736,-0.6988385,-0.2622426,-0.02791381,0.2720022,0.3282637,-1.047585,-1.503407,-0.5796,-0.4007999,1.915,0.5754136,-0.006838019,0.8178341,-0.2894163,0.9335598,0.2114339,-0.7649428,-0.3583564,0.5352039,static,-13.317177562615887,-10.305749943129168,-16.839131587459715,-11.821085513920774,-1.6823773000000002,-1.056459506,0.466156,-0.2268180811581147,-0.17423828615115475,0.9582247220818034,-12.379730267693684,-10.285065477508832,3.6945803026720103,3.8341103329481743,4.716526018479063
05/05/2023 11:40:09.432372,1317,True,True,True,True,Eyes,2.056071,-0.009274682,-2.007262,-0.8138798,-0.5051311,0.2871274,0.0,0.0,0.0,0.0,0.0,0.0,0.0,0.4880574,1.00466,2.572829,2.003053,0.009127144,-1.963335,0.1666285,-0.4590054,0.08243535,0.8687654,21.41981,304.1879,359.401,0.7153039,-0.002198422,-0.6988071,-0.246508,-0.02623898,0.255682,0.3196027,-1.057683,-1.525486,-0.5796,-0.4008,1.915,0.5650369,-0.00973279,0.8250083,-0.2962008,0.9308787,0.2138456,-0.7700639,-0.3651987,0.5230979,static,-12.77997366591726,-9.89713182176382,-16.839131587459715,-11.821088380307142,-1.6834503,-1.066810144,0.43784900000000015,-0.2180732874577071,-0.16774304293892162,0.9614084531087655,-11.867067316020915,-9.891048920602302,4.326790604558016,4.492034268700845,5.333523735330705
05/05/2023 11:40:09.442436,1318,True,True,True,True,Eyes,2.053183,-0.008616492,-2.004708,-0.8148179,-0.5057209,0.2834046,0.0,0.0,0.0,0.0,0.0,0.0,0.0,0.5223862,1.001143,2.556326,1.99495,0.009420406,-1.957054,0.1669892,-0.4647471,0.08224741,0.8656559,21.44198,303.3903,359.2108,0.715328,-0.002301354,-0.6987823,-0.2317175,-0.02466464,0.2403411,0.3046015,-1.056219,-1.543611,-0.5795998,-0.4007999,1.915,0.554491,-0.01281957,0.832091,-0.2976114,0.9306999,0.2126618,-0.7771533,-0.3655588,0.5122495,static,-12.27035738082588,-9.88765707403262,-16.83912610572083,-11.821085513920774,-1.6903485,-1.065639406,0.413443,-0.20950766061341125,-0.16790596820569298,0.9632829969139832,-11.370539086210668,-9.885209635165754,4.789527088718084,4.961027433278974,5.801125701784143
05/05/2023 11:40:09.462435,1319,True,True,True,True,Eyes,2.050014,-0.007906512,-2.002028,-0.8160157,-0.5058726,0.2796629,0.0,0.0,0.0,0.0,0.0,0.0,0.0,0.5575634,0.9953296,2.539967,1.986594,0.01112185,-1.950976,0.167192,-0.4706216,0.0819964,0.8624609,21.44277,302.5741,359.0193,0.7153451,-0.002371489,-0.6987647,-0.2178145,-0.02318476,0.2259206,0.2892309,-1.052717,-1.56238,-0.5796001,-0.4007999,1.915,0.5435838,-0.01593093,0.8392038,-0.2988057,0.9306468,0.2112146,-0.7843673,-0.3655716,0.5011243,static,-11.754069556907028,-9.868127113977339,-16.839134328329035,-11.821085513920774,-1.6973631,-1.06383885,0.38859599999999994,-0.20081977164562304,-0.1678897344659006,0.9651344487121104,-10.867778334498222,-9.869631028450852,5.268873280098439,5.447194713012081,6.282138729280009
05/05/2023 11:40:09.482498,1320,True,True,True,True,Eyes,2.046618,-0.007244993,-1.999234,-0.8175268,-0.5055689,0.2757719,0.0,0.0,0.0,0.0,0.0,0.0,0.0,0.5919158,0.9588462,2.534036,1.977263,0.01303093,-1.944569,0.1621937,-0.476788,0.07918117,0.8602888,20.76722,301.801,358.8708,0.7153534,-0.002410266,-0.6987563,-0.2047456,-0.02179367,0.2123654,0.2632571,-1.029981,-1.572936,-0.5796001,-0.4008,1.915,0.5328071,-0.01842667,0.8460361,-0.2909014,0.9348471,0.2035616,-0.7946654,-0.3545721,0.4927328,static,-11.309626349115653,-10.491835600143265,-16.839134328329035,-11.821088380307142,-1.7140059,-1.04301193,0.3716330000000001,-0.19295517734159606,-0.17867341048416183,0.9648026918070305,-10.417715719356067,-10.479436867017807,5.528985418508985,5.6870353828473625,6.56007970491029
05/05/2023 11:40:09.492221,1321,True,True,True,True,Eyes,2.043009,-0.00662887,-1.996374,-0.8189725,-0.5054064,0.2717505,0.0,0.0,0.0,0.0,0.0,0.0,0.0,0.6281459,0.9182987,2.529278,1.968554,0.01244086,-1.939001,0.155737,-0.4831528,0.07672206,0.8581511,19.96393,301.0378,358.8532,0.7153518,-0.002422468,-0.6987582,-0.1924609,-0.02048605,0.1996235,0.2372456,-1.007131,-1.582849,-0.5796,-0.4007999,1.915,0.5213542,-0.01881128,0.853133,-0.2821677,0.9397194,0.1931547,-0.8053392,-0.3414286,0.4846188,static,-10.901625852882912,-11.22996940370478,-16.839131587459715,-11.821085513920774,-1.7313083999999999,-1.01957186,0.356152,-0.1856281852144963,-0.19136272054785655,0.9638062072875209,-10.000094017290117,-11.200335069565012,5.832204375372411,5.966857850149382,6.867151228883718
05/05/2023 11:40:09.512313,1322,True,True,True,True,Eyes,2.039165,-0.006028423,-1.993433,-0.820546,-0.5051765,0.2673966,0.0,0.0,0.0,0.0,0.0,0.0,0.0,0.6705755,0.9167486,2.509792,1.960218,0.01122875,-1.935606,0.1555031,-0.4895727,0.07874765,0.854363,20.04863,300.1814,358.9203,0.7153386,-0.002412286,-0.6987718,-0.1809132,-0.01925689,0.1876461,0.225518,-1.011452,-1.60585,-0.5795999,-0.4008001,1.915,0.5082347,-0.01770199,0.8610367,-0.2868184,0.9392352,0.1886068,-0.8120547,-0.3428176,0.4722747,static,-10.433990207068875,-11.055287834345457,-16.83912884659031,-11.82109124669345,-1.7347000000000001,-1.02268075,0.32975599999999994,-0.17784908902671726,-0.18869911016410323,0.9657962121045272,-9.548942167551235,-11.033473755644161,6.301269121547048,6.45075622371938,7.33260957145855
05/05/2023 11:40:09.532502,1323,True,True,True,True,Eyes,2.035117,-0.005477023,-1.990512,-0.8221372,-0.5050166,0.2627709,0.0,0.0,0.0,0.0,0.0,0.0,0.0,0.7141374,0.9013097,2.492233,1.950887,0.01143076,-1.93067,0.1532845,-0.4965433,0.07961434,0.8506527,19.8676,299.275,358.9779,0.7153126,-0.002382457,-0.6987987,-0.1700584,-0.01810148,0.1763873,0.2087425,-1.006539,-1.626577,-0.5795999,-0.4008001,1.915,0.4942126,-0.01677644,0.8691791,-0.2876731,0.9403309,0.1817198,-0.8203646,-0.3398477,0.4598972,static,-9.93950312039486,-11.152562214250269,-16.83912884659031,-11.82109124669345,-1.7421445,-1.0179697600000002,0.30409300000000017,-0.16944310606241553,-0.19062520692876667,0.9669286178811216,-9.064284932741426,-11.13139936192335,6.777479625802765,6.931938129325556,7.8053746086034055
05/05/2023 11:40:09.542786,1324,True,True,True,True,Eyes,2.030868,-0.004939272,-1.987547,-0.8237961,-0.5049069,0.2577384,0.0,0.0,0.0,0.0,0.0,0.0,0.0,0.7603911,0.8853186,2.47402,1.942137,0.01159136,-1.926325,0.1510481,-0.5040401,0.08009379,0.8465891,19.66331,298.2871,358.9866,0.7152709,-0.002336608,-0.6988416,-0.1598549,-0.01701539,0.1658041,0.1918758,-1.000506,-1.650561,-0.5796,-0.4007999,1.915,0.4790571,-0.0166555,0.8776258,-0.2878817,0.9415389,0.1750104,-0.8292337,-0.3364923,0.4462561,static,-9.387388383269236,-11.282613712516651,-16.839131587459715,-11.821085513920774,-1.7502612,-1.0120973599999998,0.2757640000000001,-0.16003808714557793,-0.19312683143000015,0.9680340451254661,-8.522567723716644,-11.261598743117492,7.311359435531345,7.471173178430973,8.335362016518596
05/05/2023 11:40:09.562550,1325,True,True,True,True,Eyes,1.919575,0.007355697,-1.912266,-0.8612725,-0.4953627,0.1132499,2.013115,0.185734,-0.9898664,-1.684281,0.4590834,0.7582154,-0.4629816,-0.5827561,-0.3932731,1.902412,1.933157,0.01180443,-1.922206,0.1504487,-0.5114525,0.08167321,0.8420873,19.68969,297.2815,359.0054,0.7152125,-0.002276766,-0.6989016,-0.1502636,-0.01599447,0.1558558,0.1788567,-1.001245,-1.67733,-0.5795997,-0.4008,1.915,0.4634916,-0.01634279,0.8859506,-0.2914467,0.9413894,0.1698379,-0.8368001,-0.3369258,0.431563,static,-17.248660898630515,-11.825647379664225,-16.839123364851268,-11.821088380307142,-1.7543003,-1.01304943,0.2448760000000001,-0.29076320103855213,-0.19608003704199184,0.9364878235476295,-16.171248521228904,-11.737830314683297,0.4020607771236083,0.409562908536803,0.6730443612682763
05/05/2023 11:40:09.582787,1326,True,True,True,True,Eyes,1.919234,0.00731164,-1.912142,-0.8612534,-0.4955371,0.1126302,0.0,0.0,0.0,0.0,0.0,0.0,0.0,0.850652,0.8599779,2.432596,1.923902,0.01118167,-1.918117,0.1476521,-0.518578,0.08182126,0.8382011,19.41365,296.3455,359.0296,0.7144001,-0.00171189,-0.6997337,-0.4751278,0.02185011,0.3723461,0.161626,-0.9940367,-1.699663,-0.5795999,-0.4007999,1.915,0.4487644,-0.01597296,0.8935074,-0.2903036,0.9430082,0.162663,-0.8451831,-0.3323858,0.4185515,static,-16.476277755449395,-11.953097736018673,-16.83912884659031,-11.821085513920774,-1.762276,-1.00521837,0.21845400000000015,-0.277948712588833,-0.19894989470251484,0.939767764401439,-15.414879608122817,-11.866959524676126,0.3852345607801952,0.3861193353425559,1.4249878308736585
05/05/2023 11:40:09.593551,1327,True,True,True,True,Eyes,1.918545,0.007245446,-1.911906,-0.8611075,-0.4961113,0.1112084,0.0,0.0,0.0,0.0,0.0,0.0,0.0,0.893993,0.866601,2.405375,1.915456,0.01011571,-1.914934,0.1491852,-0.5252776,0.0843964,0.8334894,19.71561,295.3908,359.0237,0.713721,-0.001231821,-0.7004275,-0.4466201,0.0205391,0.3500053,0.1545564,-1.003865,-1.728182,-0.5795999,-0.4007999,1.915,0.4339213,-0.01604033,0.900808,-0.2974143,0.941242,0.1600255,-0.8504453,-0.3373517,0.4036544,static,-15.700496259120772,-11.551383943805721,-16.83912884659031,-11.821085513920774,-1.7608996000000001,-1.01398071,0.1867519999999998,-0.26551784240698906,-0.19305898961447326,0.9445784026046096,-14.669460600590076,-11.481242886735213,1.1339432610009976,1.1701380714129843,2.1961223346967977
05/05/2023 11:40:09.612644,1328,True,True,True,True,Eyes,1.917541,0.007157255,-1.911567,-0.8609196,-0.496873,0.1092467,0.0,0.0,0.0,0.0,0.0,0.0,0.0,0.9366171,0.8827319,2.373427,1.906598,0.009596746,-1.911652,0.1525104,-0.5316629,0.0883501,0.8284139,20.28123,294.4441,359.0356,0.7131467,-0.0008237068,-0.701013,-0.4198229,0.01930676,0.329005,0.1521123,-1.020944,-1.75814,-0.5795999,-0.4007998,1.915,0.4190577,-0.01578738,0.9078224,-0.3085492,0.9378696,0.1587386,-0.8539252,-0.3466285,0.3881503,static,-14.958188146557905,-10.907141228268276,-16.83912884659031,-11.821082647534345,-1.7544857,-1.030540746,0.15351199999999987,-0.2537541379712931,-0.18302451231701206,0.9497952635213633,-13.963209019981491,-10.859327448370404,2.005356382582162,2.091226155844572,3.0324722442588934
05/05/2023 11:40:09.632711,1329,True,True,True,True,Eyes,1.916242,0.007044958,-1.911137,-0.8605911,-0.4979938,0.1067018,0.0,0.0,0.0,0.0,0.0,0.0,0.0,0.9784274,0.8888122,2.344961,1.898071,0.009017214,-1.908769,0.1540849,-0.5380675,0.09139943,0.8236426,20.62072,293.5187,359.0661,0.7126532,-0.0004763912,-0.7015151,-0.3946335,0.01814835,0.3092647,0.1471441,-1.031637,-1.785914,-0.5795996,-0.4008,1.914999,0.4042589,-0.01525528,0.9145173,-0.3163772,0.9358079,0.1554637,-0.8581842,-0.35218,0.3734823,static,-14.277906406505119,-10.522891988769265,-16.839128919583352,-11.821094379514554,-1.7509269,-1.040654214,0.12285499999999994,-0.24272394145711734,-0.17716694658721321,0.9537804263253548,-13.310414257109139,-10.489970243352332,2.755256581340384,2.871443924027694,3.7714345592936014
05/05/2023 11:40:09.642879,1330,True,True,True,True,Eyes,1.914653,0.006914767,-1.910624,-0.8601632,-0.4993669,0.1036914,0.0,0.0,0.0,0.0,0.0,0.0,0.0,1.018299,0.9028696,2.313513,1.889704,0.008412663,-1.906147,0.1571315,-0.5440174,0.09528151,0.8187041,21.15904,292.6215,359.0815,0.7121945,-0.0001686448,-0.7019811,-0.3709555,0.01705945,0.2907088,0.146253,-1.047888,-1.814439,-0.5795999,-0.4007998,1.915,0.3899331,-0.0149498,0.9207219,-0.3269793,0.9324623,0.1536188,-0.860835,-0.360958,0.3587096,static,-13.641150663433365,-9.974011728414988,-16.83912884659031,-11.821082647534345,-1.743451,-1.056300663,0.09170800000000012,-0.23246975631710493,-0.16845637196991156,0.957904066712534,-12.704486798568512,-9.960141006972625,3.5413447166181804,3.6930658591750323,4.534133727058172
05/05/2023 11:40:09.662403,1331,True,True,True,True,Eyes,1.912781,0.006756013,-1.910092,-0.8596718,-0.5008857,0.1003882,0.0,0.0,0.0,0.0,0.0,0.0,0.0,1.056843,0.9131078,2.282935,1.881207,0.00790317,-1.903543,0.1595358,-0.5497683,0.0991545,0.8139235,21.63694,291.7605,359.1366,0.7117622,0.0001033197,-0.7024194,-0.3486982,0.01603588,0.2732663,0.1451429,-1.062601,-1.841056,-0.5795999,-0.4007998,1.915,0.3758463,-0.01400712,0.9265761,-0.3368239,0.9294334,0.1506759,-0.8633015,-0.368724,0.3446062,static,-13.062538636910968,-9.498041349799662,-16.83912884659031,-11.821082647534345,-1.7360641,-1.07050417,0.06248699999999996,-0.22307125454154286,-0.16085588282736635,0.961438754802437,-12.153273778912123,-9.500866360282918,4.253783653095588,4.433864508848538,5.228827912153176
05/05/2023 11:40:09.682755,1332,True,True,True,True,Eyes,1.910658,0.006565549,-1.9095,-0.8590451,-0.5026804,0.09671567,0.0,0.0,0.0,0.0,0.0,0.0,0.0,1.093653,0.9207489,2.25375,1.873038,0.007095892,-1.901295,0.1614053,-0.5552206,0.1030453,0.8093577,22.06728,290.9498,359.2315,0.7113477,0.0003427464,-0.7028391,-0.3277763,0.01507373,0.2568703,0.1443893,-1.076561,-1.865794,-0.5795998,-0.4008001,1.914999,0.3622234,-0.01243003,0.9320083,-0.3460322,0.9266599,0.1468435,-0.86548,-0.3756951,0.3313568,static,-12.55538582336027,-9.093308924268095,-16.839134401324934,-11.821097245902234,-1.7286487,-1.083656892,0.035501000000000005,-0.21477803978817334,-0.15435449210861046,0.9643884453851372,-11.669800460079653,-9.110431241980503,4.876116325836375,5.078516614805731,5.836927580579313
05/05/2023 11:40:09.692385,1333,True,True,True,True,Eyes,1.908296,0.006335526,-1.908907,-0.8583846,-0.5045231,0.09290992,0.0,0.0,0.0,0.0,0.0,0.0,0.0,1.128392,0.9314969,2.223489,1.864925,0.006198943,-1.899177,0.1638442,-0.5602182,0.1075412,0.8048267,22.59565,290.1887,359.35,0.7109469,0.0005510519,-0.7032445,-0.3081097,0.01416931,0.2414581,0.1461175,-1.093533,-1.889511,-0.5795998,-0.4007997,1.915,0.3491811,-0.01047298,0.9369968,-0.3566809,0.9231799,0.1432392,-0.8665168,-0.3842252,0.3186215,static,-12.101668663878495,-8.60022224348997,-16.83912610572083,-11.821079781147857,-1.7188075,-1.099731943,0.009665999999999952,-0.20739166205649096,-0.14628789155322522,0.9672582305049331,-11.240798661525934,-8.633674468747472,5.5027363232391195,5.728649604501478,6.4421132245517025
05/05/2023 11:40:09.712754,1334,True,True,True,True,Eyes,1.905711,0.006099751,-1.908289,-0.8575833,-0.5066212,0.08880178,0.0,0.0,0.0,0.0,0.0,0.0,0.0,1.164318,0.9378411,2.194379,1.857109,0.005053949,-1.897788,0.1652805,-0.5651616,0.1129673,0.8003207,23.09423,289.4666,359.6263,0.7105529,0.0007304447,-0.7036424,-0.2896231,0.01331915,0.2269706,0.1490718,-1.111289,-1.911564,-0.5796002,-0.4007999,1.915,0.3356614,-0.006000198,0.9419637,-0.3676406,0.9198415,0.1368652,-0.8672786,-0.3922444,0.3065493,static,-11.72003501225743,-8.132749864453547,-16.839137069198276,-11.821085513920774,-1.7080372,-1.1163429489999999,-0.01377600000000001,-0.2011698788306741,-0.13857499196012424,0.9697048851655861,-10.881374843179067,-8.18136198958962,6.063448840503075,6.309439415075387,6.9815842095724205
05/05/2023 11:40:09.732675,1335,True,True,True,True,Eyes,1.902901,0.005865962,-1.907647,-0.8569452,-0.5084233,0.08456308,0.0,0.0,0.0,0.0,0.0,0.0,0.0,1.206889,0.9327844,2.165539,1.849161,0.004713643,-1.896525,0.1646373,-0.5710131,0.1196359,0.795315,23.48471,288.675,0.1422017,0.7101615,0.0008835164,-0.7040372,-0.2722457,0.01252,0.2133524,0.1518457,-1.127341,-1.933599,-0.5796,-0.4007999,1.915,0.3192627,0.002276324,0.9476636,-0.3783165,0.9171637,0.1252497,-0.8688775,-0.3985043,0.2936773,static,-11.321601857603037,-7.705591856913825,-16.839131587459715,-11.821085513920774,-1.6973153,-1.132054643,-0.03707400000000005,-0.19461059234934125,-0.13151933069726512,0.9720234695126442,-10.504487948510079,-7.768386164142144,6.620123761451125,6.883343835717982,7.520111837744252
05/05/2023 11:40:09.742312,1336,True,True,True,True,Eyes,1.899868,0.005626591,-1.907001,-0.8563175,-0.5102184,0.07998488,0.0,0.0,0.0,0.0,0.0,0.0,0.0,1.256762,0.9082975,2.139613,1.840894,0.004470345,-1.895649,0.1604577,-0.5782101,0.1259569,0.7899756,23.52658,287.7717,0.8404794,0.7097694,0.001012664,-0.7044324,-0.255911,0.0117688,0.2005512,0.1493406,-1.135188,-1.955877,-0.5796,-0.4007999,1.915,0.299616,0.01344928,0.9539652,-0.3845622,0.9167764,0.1078562,-0.8731222,-0.3991744,0.279853,static,-10.878256843570314,-7.5942187048771865,-16.839131587459715,-11.821085513920774,-1.6915534,-1.1396583450000002,-0.06022800000000017,-0.18712569118402045,-0.1298219642447172,0.9737198215256638,-10.075308700082637,-7.662961861264783,7.038054259910112,7.307422988559842,7.939728733564087
05/05/2023 11:40:09.762904,1337,True,True,True,True,Eyes,1.896615,0.005377789,-1.906321,-0.8560365,-0.5114216,0.0751624,0.0,0.0,0.0,0.0,0.0,0.0,0.0,1.31087,0.8741486,2.113346,1.832595,0.004063729,-1.894816,0.1546823,-0.5864118,0.1315865,0.7841426,23.38538,286.7413,1.557665,0.7093716,0.001120361,-0.7048329,-0.2405563,0.01106267,0.1885182,0.1439186,-1.138228,-1.980514,-0.5796,-0.4008,1.915,0.2776125,0.02495013,0.9603691,-0.3877802,0.9175168,0.08825822,-0.8789528,-0.3969137,0.2643892,static,-10.355989361556343,-7.630031284446558,-16.839131587459715,-11.821088380307142,-1.6886763999999999,-1.142291729,-0.08569800000000005,-0.17822273601266514,-0.13065018804355516,0.975277967240578,-9.565227204063776,-7.701270327943383,7.448759550762094,7.719850562158226,8.359580477713518
05/05/2023 11:40:09.782200,1338,True,True,True,True,Eyes,1.893144,0.005099809,-1.905641,-0.85579,-0.5125652,0.07000335,0.0,0.0,0.0,0.0,0.0,0.0,0.0,1.361979,0.8439525,2.084844,1.823995,0.00346214,-1.893898,0.1499792,-0.5944763,0.1358399,0.7782362,23.26259,285.6745,2.06556,0.708966,0.001208165,-0.7052407,-0.2261229,0.01039891,0.1772071,0.1377666,-1.140029,-2.007322,-0.5795997,-0.4008,1.915,0.2562908,0.03311284,0.9660324,-0.3897493,0.9181075,0.07193134,-0.8845397,-0.3949458,0.2482082,static,-9.797551888458717,-7.696755437906708,-16.839123364851268,-11.821088380307142,-1.6862284,-1.1434911399999999,-0.11342399999999975,-0.16867813895840106,-0.13201101364749127,0.9767911010423647,-9.019053348962668,-7.769895128748076,7.888345177346299,8.160505565031777,8.80713698172554
05/05/2023 11:40:09.792682,1339,True,True,True,True,Eyes,1.889461,0.00479504,-1.904959,-0.8557955,-0.5132537,0.06469008,0.0,0.0,0.0,0.0,0.0,0.0,0.0,1.405891,0.8178414,2.057721,1.815373,0.00245576,-1.893151,0.1461402,-0.601658,0.1384334,0.7729729,23.11039,284.694,2.377709,0.7085482,0.00127716,-0.7056602,-0.2125556,0.009774976,0.1665746,0.1301505,-1.139624,-2.032719,-0.5796001,-0.4007997,1.915,0.2376878,0.03815766,0.970592,-0.3898635,0.9189584,0.05934579,-0.8896692,-0.3925041,0.2333015,static,-9.303901369533811,-7.812535802530308,-16.839134328329035,-11.821079781147857,-1.6852224999999998,-1.1420797599999999,-0.13956800000000014,-0.1602091072736696,-0.13417651845168693,0.9779211669030918,-8.534712820118704,-7.8858212190924135,8.263441927816151,8.53511338951187,9.189650512193433
05/05/2023 11:40:09.812775,1340,True,True,True,True,Eyes,1.885566,0.004467422,-1.904291,-0.8558066,-0.5139017,0.05916151,0.0,0.0,0.0,0.0,0.0,0.0,0.0,1.442142,0.8001124,2.03112,1.80667,0.001436196,-1.892444,0.1439446,-0.6076811,0.1401608,0.768348,23.05068,283.8333,2.518879,0.7081165,0.001328076,-0.7060934,-0.1998022,0.009188478,0.1565802,0.1233565,-1.140255,-2.056142,-0.5795999,-0.4008,1.915,0.2221573,0.04043967,0.9741718,-0.3903293,0.9192699,0.05085297,-0.8934703,-0.3915451,0.2200073,static,-8.89916512602569,-7.873007117804911,-16.83912884659031,-11.821088380307142,-1.6833135,-1.141691196,-0.1636979999999999,-0.15327225514733933,-0.13535935488985068,0.9788694698363933,-8.138538368340015,-7.9473428447867605,8.594898175374926,8.867376699971846,9.52397916546355
05/05/2023 11:40:09.832343,1341,True,True,True,True,Eyes,1.881473,0.004104244,-1.903629,-0.856051,-0.5141028,0.05361931,0.0,0.0,0.0,0.0,0.0,0.0,0.0,1.471141,0.7875322,2.006785,1.797734,0.0005552284,-1.892036,0.1427464,-0.6125934,0.1408012,0.7645442,23.00303,283.1049,2.515923,0.7076669,0.001361951,-0.7065442,-0.1878141,0.008637169,0.1471854,0.115697,-1.139782,-2.076922,-0.5796,-0.4007999,1.915,0.2098088,0.04040652,0.9769071,-0.3901886,0.9195969,0.04576411,-0.8965117,-0.3907797,0.2087057,static,-8.59175081432516,-7.921136144497009,-16.839131587459715,-11.821085513920774,-1.682037,-1.1403372284000002,-0.1848860000000001,-0.14799895212608138,-0.13629230391661806,0.9795513013805851,-7.837567843172545,-7.996210232517348,8.849831983595784,9.122987158882685,9.7804816221266
05/05/2023 11:40:09.842600,1342,True,True,True,True,Eyes,1.774349,-0.005875077,-1.887886,-0.8522379,-0.5155581,-0.08882764,0.0,0.0,0.0,0.0,0.0,0.0,0.0,1.495288,0.7744486,1.985819,1.788846,-0.000740014,-1.891867,0.1412843,-0.6167861,0.1406684,0.7614632,22.87303,282.4877,2.484672,0.7071976,0.00137908,-0.7070138,-0.1765453,0.00811894,0.1383542,0.1062094,-1.13717,-2.094504,-0.5796,-0.4007999,1.915,0.1995748,0.03994329,0.9790683,-0.388512,0.9205023,0.04164097,-0.8995713,-0.3886902,0.1992275,static,-16.302160905321603,-8.81181388082262,-16.839131587459715,-11.821085513920774,-1.6826366,-1.136429986,-0.20263700000000018,-0.27764652377434335,-0.14716668331215,0.9493441512217337,-15.329814961070184,-8.811694445753343,2.913255165086474,3.0568044221449804,3.366670652122329
05/05/2023 11:40:09.867619,1343,True,True,True,True,Eyes,1.773982,-0.005901914,-1.887838,-0.8518957,-0.5160215,-0.08941723,0.0,0.0,0.0,0.0,0.0,0.0,0.0,1.519758,0.767265,1.962038,1.780006,-0.001994532,-1.891963,0.1409312,-0.6206934,0.142115,0.7580775,22.9603,281.8929,2.522083,0.7049117,0.0010028,-0.7092935,-0.4873248,-0.02230616,0.1772817,0.1014564,-1.141197,-2.112171,-0.5796,-0.4008,1.915,0.1890859,0.04051821,0.9811243,-0.3904186,0.9198835,0.03725384,-0.9010106,-0.3900933,0.189756,static,-15.820056912492081,-8.685555331450272,-16.839131587459715,-11.821088380307142,-1.6785496,-1.139202468,-0.22020799999999996,-0.2697193379288431,-0.14541495807603685,0.9518959406765974,-14.863253935746771,-8.692043913894523,3.1315868989396454,3.296980541894969,3.7006772038812152
05/05/2023 11:40:09.882769,1344,True,True,True,True,Eyes,1.773255,-0.005967902,-1.887803,-0.8515547,-0.5164353,-0.09027331,0.0,0.0,0.0,0.0,0.0,0.0,0.0,1.542765,0.7560447,1.939896,1.770611,-0.002761982,-1.89205,0.1399057,-0.6244742,0.1430751,0.7549756,22.95102,281.3306,2.570691,0.7029243,0.0006746943,-0.7112635,-0.4580853,-0.02096779,0.1666448,0.09437561,-1.142144,-2.128366,-0.5795999,-0.4007999,1.915,0.179123,0.04130139,0.9829593,-0.3907713,0.9199118,0.03255726,-0.9028913,-0.3899441,0.1809168,static,-15.39146065891537,-8.657860848874677,-16.83912884659031,-11.821085513920774,-1.67623539,-1.139382018,-0.2363160000000002,-0.26259770294202983,-0.14525086097076784,0.9539102318737105,-14.44619664762481,-8.66793983306861,3.299912301986989,3.47875458507237,3.9583395753172215
05/05/2023 11:40:09.892529,1345,True,True,True,True,Eyes,1.772176,-0.006069744,-1.887797,-0.8509332,-0.5172337,-0.09155288,0.0,0.0,0.0,0.0,0.0,0.0,0.0,1.562936,0.7446696,1.919776,1.761304,-0.003775999,-1.892257,0.1387488,-0.6278664,0.1434594,0.7522978,22.88653,280.8275,2.589112,0.701117,0.0003768258,-0.7130453,-0.4306002,-0.01970972,0.1566461,0.08604441,-1.141525,-2.142918,-0.5795999,-0.4007998,1.915,0.1704065,0.04161699,0.9844947,-0.3900797,0.9203364,0.0286142,-0.9048755,-0.3889074,0.1730653,static,-15.038695476885787,-8.73137441406237,-16.83912884659031,-11.821082647534345,-1.67525959,-1.137749001,-0.2506609999999998,-0.25666346879969903,-0.14671683607515065,0.9552999397623907,-14.100333039908508,-8.741806719060197,3.3915493275128696,3.5760113655761905,4.121036606774823
05/05/2023 11:40:09.912389,1346,True,True,True,True,Eyes,1.77076,-0.006203342,-1.887821,-0.8503023,-0.5180123,-0.09300077,0.0,0.0,0.0,0.0,0.0,0.0,0.0,1.579141,0.7397472,1.900059,1.751844,-0.004725989,-1.892658,0.1387844,-0.6303985,0.1442421,0.7500207,22.95713,280.4286,2.576336,0.6994649,0.0001047353,-0.7146661,-0.4047642,-0.01852714,0.1472473,0.07968435,-1.144329,-2.155318,-0.5796001,-0.4007998,1.915,0.163584,0.04139019,0.9856609,-0.3913481,0.9198662,0.02632237,-0.9055867,-0.3900424,0.1666734,static,-14.770181651473928,-8.68890338812033,-16.839134328329035,-11.821082647534345,-1.67215965,-1.139603011,-0.2626599999999999,-0.25220373274586116,-0.14618592003012076,0.9565682628705463,-13.839725409727212,-8.702263715604305,3.5622849835255703,3.7538130070861597,4.327064292468208
05/05/2023 11:40:09.932524,1347,True,True,True,True,Eyes,1.769014,-0.006362047,-1.887841,-0.8494551,-0.5190718,-0.09481807,0.0,0.0,0.0,0.0,0.0,0.0,0.0,1.595188,0.7317775,1.881657,1.742377,-0.005622037,-1.893368,0.1382101,-0.6329057,0.1449228,0.7478809,22.96534,280.0488,2.603393,0.6979457,-0.0001454048,-0.7161497,-0.3804783,-0.01741551,0.1384125,0.07229331,-1.145698,-2.166955,-0.5796001,-0.4007999,1.915,0.1568556,0.04182202,0.9867358,-0.3917179,0.9197907,0.02328455,-0.9066166,-0.3901743,0.1606567,static,-14.550684747389244,-8.722909648332433,-16.839134328329035,-11.821085513920774,-1.67008369,-1.1400759630000001,-0.27358700000000025,-0.24851082191529295,-0.14689846964198805,0.9574252857939372,-13.62483909253864,-8.736806854045481,3.6575887158466616,3.851713278349983,4.454713090041486
05/05/2023 11:40:09.943709,1348,True,True,True,True,Eyes,1.766954,-0.006563556,-1.887893,-0.8486475,-0.5200405,-0.09672328,0.0,0.0,0.0,0.0,0.0,0.0,0.0,1.609661,0.7223982,1.864581,1.732637,-0.006441526,-1.894058,0.1373604,-0.63527,0.1449811,0.7460192,22.9017,279.6949,2.600514,0.6965401,-0.0003767652,-0.7175168,-0.3576496,-0.01637058,0.1301077,0.06301329,-1.144717,-2.177759,-0.5795996,-0.4008,1.915,0.1508249,0.04179543,0.9876766,-0.3908392,0.9202252,0.02074271,-0.9080179,-0.3891512,0.1551282,static,-14.360849201943797,-8.833661772653628,-16.839120623981625,-11.821088380307142,-1.66962371,-1.138275474,-0.283701,-0.24526394514669342,-0.1488759302830193,0.9579570180252889,-13.436798680269966,-8.845825811950686,3.6887820811481373,3.8815650165114564,4.5197325097095
05/05/2023 11:40:09.962758,1349,True,True,True,True,Eyes,1.764603,-0.006806489,-1.887976,-0.8476795,-0.5212064,-0.09891064,0.0,0.0,0.0,0.0,0.0,0.0,0.0,1.621727,0.7135065,1.849445,1.723064,-0.007679969,-1.894869,0.136434,-0.6372167,0.1448279,0.7445572,22.81391,279.4083,2.598453,0.6952297,-0.0005929621,-0.7187866,-0.3361906,-0.01538834,0.1223013,0.05315118,-1.143487,-2.186647,-0.5795997,-0.4008,1.915,0.1459593,0.04178934,0.9884076,-0.3895414,0.9208212,0.01859223,-0.9093698,-0.3877394,0.1506811,static,-14.247747659588232,-8.990178641759272,-16.839123364851268,-11.821088380307142,-1.66991282,-1.135807031,-0.29177799999999987,-0.24327167616931528,-0.15157066686174436,0.9580423713736658,-13.322326519434473,-8.998864288181208,3.6497705970460403,3.83787415031195,4.509191599179345
05/05/2023 11:40:09.978479,1350,True,True,True,True,Eyes,1.761979,-0.007097707,-1.888111,-0.8467457,-0.522303,-0.1011003,0.0,0.0,0.0,0.0,0.0,0.0,0.0,1.630943,0.7055165,1.836711,1.7137,-0.008955695,-1.895886,0.1355481,-0.6385446,0.1449068,0.7435656,22.74539,279.2206,2.634405,0.6939992,-0.000797043,-0.7199746,-0.3160192,-0.01446504,0.1149632,0.04358942,-1.143173,-2.192674,-0.5795999,-0.4008,1.915,0.1425257,0.04238841,0.9888832,-0.3886024,0.9212575,0.0165189,-0.9103159,-0.3866367,0.1477751,static,-14.224544831101161,-9.122301580003347,-16.83912884659031,-11.821088380307142,-1.67011058,-1.134217305,-0.29678799999999983,-0.2427991170837001,-0.15379826106900968,0.957807213677734,-13.296146822517736,-9.127571694983132,3.5746413383076865,3.757592283303945,4.450590270629305
05/05/2023 11:40:09.992287,1351,True,True,True,True,Eyes,1.75908,-0.007312069,-1.888216,-0.8456274,-0.5236263,-0.103584,0.0,0.0,0.0,0.0,0.0,0.0,0.0,1.639416,0.699371,1.824382,1.704568,-0.01041156,-1.897239,0.134951,-0.639678,0.1449679,0.7426874,22.70077,279.0556,2.651757,0.6928343,-0.0009920895,-0.7210954,-0.297058,-0.01359714,0.1080654,0.0345327,-1.143539,-2.198579,-0.5795999,-0.4008001,1.915,0.1395927,0.04268134,0.9892887,-0.3879821,0.921545,0.01498722,-0.9110344,-0.3859184,0.1452005,static,-14.233703442036434,-9.254761764537536,-16.83912884659031,-11.82109124669345,-1.6700353000000001,-1.13312744,-0.30134000000000016,-0.2428669548964053,-0.1560094286788059,0.9574322676414819,-13.30150457967414,-9.25639263384762,3.4798671591442836,3.6570874408027723,4.36949246807996
05/05/2023 11:40:10.012489,1352,True,True,True,True,Eyes,1.755871,-0.007334671,-1.888372,-0.8445575,-0.5248651,-0.1060154,0.0,0.0,0.0,0.0,0.0,0.0,0.0,1.645764,0.7017187,1.810036,1.694775,-0.008843545,-1.898641,0.136652,-0.6401792,0.1458951,0.7417625,22.92493,278.9317,2.581036,0.6917225,-0.001176222,-0.7221617,-0.2792346,-0.01278131,0.1015815,0.0294383,-1.147591,-2.204762,-0.5796,-0.4008,1.915,0.1377703,0.04147552,0.9895955,-0.3914026,0.9200817,0.01592858,-0.9098481,-0.3895247,0.1429936,static,-14.23931507499704,-9.137659044261719,-16.839131587459715,-11.821088380307142,-1.6653367,-1.138747455,-0.3061210000000001,-0.24303655056629914,-0.15404554505253404,0.9577072695660831,-13.310131202647527,-9.142416317742683,3.554183807072065,3.736286779681502,4.430477145270913
05/05/2023 11:40:10.032245,1353,True,True,True,True,Eyes,1.752384,-0.007334817,-1.888522,-0.8436869,-0.5257278,-0.1086402,0.0,0.0,0.0,0.0,0.0,0.0,0.0,1.650794,0.6917347,1.80077,1.684117,-0.004266214,-1.900031,0.1364131,-0.6407194,0.1455877,0.7414003,22.88204,278.8499,2.555131,0.6906516,-0.001343058,-0.7231856,-0.2624805,-0.01201443,0.0954866,0.01825051,-1.141584,-2.208571,-0.5795999,-0.4008001,1.915,0.1365659,0.04107254,0.9897792,-0.3906826,0.9203913,0.01571173,-0.9103389,-0.3888352,0.1417404,static,-14.321867421252023,-9.255877586442661,-16.83912884659031,-11.82109124669345,-1.66586649,-1.1373177859999999,-0.30854000000000004,-0.24434153456972535,-0.1559685149886994,0.9570637569132066,-13.387418421094779,-9.256893655971519,3.418063519161453,3.5940125495375495,4.299931876871853
05/05/2023 11:40:10.042841,1354,True,True,True,True,Eyes,1.748696,-0.00724084,-1.888746,-0.8425396,-0.5270298,-0.1112053,0.0,0.0,0.0,0.0,0.0,0.0,0.0,1.652874,0.6605445,1.802658,1.673779,-0.003889591,-1.901666,0.1308407,-0.6416684,0.1404645,0.7425714,21.99838,278.8273,2.515677,0.6896119,-0.001493455,-0.7241768,-0.2467317,-0.01129357,0.0897574,-0.009298187,-1.11606,-2.208469,-0.5796,-0.4007999,1.915,0.1370629,0.04069712,0.989726,-0.3765225,0.9263008,0.01405393,-0.9162121,-0.3745804,0.1422849,static,-14.522011786755915,-10.255140759559485,-16.839131587459715,-11.821085513920774,-1.6830771869999999,-1.112170409,-0.30680299999999994,-0.24699233464544534,-0.17251595342655596,0.9535371198039484,-13.555589565458913,-10.227833740919984,2.669789094638783,2.796645695207968,3.6496711389405045
05/05/2023 11:40:10.062522,1355,True,True,True,True,Eyes,1.744718,-0.007029076,-1.889038,-0.841234,-0.5285227,-0.1139693,0.0,0.0,0.0,0.0,0.0,0.0,0.0,1.659199,0.676694,1.784984,1.665236,-0.001460951,-1.903682,0.1354342,-0.6411684,0.1457797,0.7411539,22.81108,278.8063,2.637526,0.6885941,-0.001625472,-0.7251444,-0.2319278,-0.01061595,0.08437195,-0.001383435,-1.137541,-2.212716,-0.5796,-0.4007998,1.915,0.1353027,0.04241815,0.989896,-0.3897625,0.9208117,0.01381642,-0.9109218,-0.3876937,0.1411213,static,-14.61505418301697,-9.530971176611258,-16.839131587459715,-11.821082647534345,-1.6666194349999999,-1.1360800489999998,-0.3090339999999998,-0.24905805028483408,-0.1603630207710484,0.9551197190254642,-13.665807766677599,-9.522611134027871,3.032640653573663,3.1923550633045634,3.9182847484510295
05/05/2023 11:40:10.082814,1356,True,True,True,True,Eyes,1.740535,-0.006735541,-1.8894,-0.8400819,-0.5297691,-0.1166491,0.0,0.0,0.0,0.0,0.0,0.0,0.0,1.665264,0.6674412,1.774418,1.654242,0.001605257,-1.905418,0.1351022,-0.6415138,0.1470972,0.7406551,22.88346,278.7666,2.772075,0.6875895,-0.001736259,-0.7260969,-0.2180121,-0.009978995,0.07930963,-0.01008559,-1.137707,-2.214912,-0.5796005,-0.4008,1.915001,0.1336449,0.04455665,0.9900272,-0.3912364,0.9202197,0.01139854,-0.9105347,-0.388858,0.1404148,moving,-14.75288947087468,-9.524882593145522,-16.839136996201027,-11.821082381105734,-1.66432759,-1.139312257,-0.30949399999999994,-0.25136331458429295,-0.16016294250977134,0.9545492268505797,-13.800336322363794,-9.515772990372586,2.944631799721049,3.102412319979218,3.81428380201527
05/05/2023 11:40:10.093928,1357,True,True,True,True,Eyes,1.736142,-0.006366931,-1.889817,-0.8386129,-0.5314564,-0.1195093,0.0,0.0,0.0,0.0,0.0,0.0,0.0,1.67352,0.6444953,1.768932,1.645217,0.003799263,-1.907461,0.1316728,-0.6428477,0.1460526,0.7403229,22.5035,278.642,2.913691,0.6865902,-0.001824826,-0.7270417,-0.2049314,-0.009380255,0.07455105,-0.02653081,-1.123918,-2.217517,-0.5787212,-0.3981975,1.915501,0.130831,0.04696106,0.9902919,-0.3855432,0.9226618,0.007181557,-0.9133674,-0.3827398,0.1388182,moving,-14.872372538766253,-9.993603793369124,-16.81089190782256,-11.743483425651311,-1.6717478099999998,-1.127717263,-0.3100559999999999,-0.2530235287392611,-0.16789132284320463,0.9527809672491109,-13.904177127791938,-9.971038991366953,2.481961270327108,2.6115007317024626,3.4044896952515593
05/05/2023 11:40:10.112935,1358,True,True,True,True,Eyes,1.731519,-0.005938835,-1.890284,-0.8372933,-0.5328998,-0.1223018,0.0,0.0,0.0,0.0,0.0,0.0,0.0,1.684287,0.6430058,1.75245,1.635678,0.006033733,-1.909418,0.1329143,-0.6435626,0.1501788,0.7386525,22.93296,278.5123,3.160936,0.68559,-0.001890457,-0.7279848,-0.1926355,-0.00881744,0.07007799,-0.02726194,-1.133438,-2.221783,-0.5777533,-0.3953364,1.91605,0.1265473,0.05078255,0.9906599,-0.3929372,0.9195603,0.003056092,-0.9108163,-0.3896538,0.1363222,moving,-14.925066945186128,-9.606728135525017,-16.779819524781946,-11.658174149860791,-1.66293994,-1.139471733,-0.3123649999999998,-0.25417861478245496,-0.16140358950520456,0.953594311240518,-13.965972182735412,-9.594265627996307,2.6246630456900566,2.7655990094826604,3.489621075556368
05/05/2023 11:40:10.132868,1359,True,True,True,True,Eyes,1.726727,-0.005516133,-1.890795,-0.8358406,-0.5344948,-0.1252428,0.0,0.0,0.0,0.0,0.0,0.0,0.0,1.695954,0.6140262,1.744032,1.62561,0.00780385,-1.911091,0.1283963,-0.6455676,0.1499068,0.7377567,22.51966,278.3104,3.439036,0.6845834,-0.001933075,-0.7289314,-0.1810773,-0.008288394,0.06587331,-0.0443413,-1.120349,-2.225305,-0.576879,-0.3927489,1.916547,0.1215408,0.05541241,0.9910387,-0.3869665,0.9220847,-0.004099383,-0.9140487,-0.3830004,0.1335137,moving,-15.013606910519432,-10.06025391099508,-16.75174954394325,-11.581016804602731,-1.6699513,-1.12815285,-0.314214,-0.25532700211188664,-0.1688937955234373,0.9519889529892056,-14.040058631668966,-10.03495191762117,2.196035956983829,2.3095150124429606,3.121471486089254
05/05/2023 11:40:10.142670,1360,True,True,True,True,Eyes,1.721768,-0.00512134,-1.891341,-0.8342736,-0.5362524,-0.1281437,0.0,0.0,0.0,0.0,0.0,0.0,0.0,1.707219,0.5970705,1.732394,1.616749,0.008108605,-1.912678,0.1260312,-0.6471605,0.1512919,0.7364851,22.42417,278.122,3.704409,0.6835654,-0.001955203,-0.729886,-0.1702127,-0.00779109,0.06192091,-0.05422921,-1.117305,-2.229315,-0.5759389,-0.3899655,1.917082,0.116588,0.05972369,0.9913831,-0.3859732,0.9224538,-0.01018016,-0.9151131,-0.3814604,0.1305988,moving,-15.080814400979602,-10.211334630749347,-16.72156911171944,-11.498012833406545,-1.67097821,-1.125413605,-0.31663700000000006,-0.2563328820904655,-0.171356265889334,0.9512782809000053,-14.10150165218658,-10.181505395800324,1.9856496651061335,2.0850939590359294,2.9322253197487185
05/05/2023 11:40:10.162588,1361,True,True,True,True,Eyes,1.716634,-0.004729889,-1.891929,-0.8326338,-0.538067,-0.1311679,0.0,0.0,0.0,0.0,0.0,0.0,0.0,1.718717,0.5930432,1.715541,1.607787,0.00783084,-1.914087,0.1263556,-0.6483096,0.1549776,0.7346503,22.74318,277.9439,3.971401,0.6825327,-0.001959935,-0.7308518,-0.1599999,-0.007323625,0.05820566,-0.05611395,-1.126589,-2.234038,-0.5750446,-0.38732,1.91759,0.1113534,0.06387348,0.9917261,-0.3915437,0.9200324,-0.01529246,-0.913397,-0.3866012,0.127458,moving,-15.119391374713816,-9.9526114832571,-16.69287347777583,-11.419121643836277,-1.6639009500000002,-1.13441984,-0.3199509999999999,-0.25716747866969786,-0.16702067385899697,0.9518241128486956,-14.146080641951182,-9.929516026065885,2.0443660924309666,2.1509295617798427,2.9504370261201758
05/05/2023 11:40:10.182630,1362,True,True,True,True,Eyes,1.711325,-0.004314894,-1.892543,-0.8310125,-0.5398332,-0.134158,0.0,0.0,0.0,0.0,0.0,0.0,0.0,1.729804,0.5788257,1.70199,1.598463,0.008179843,-1.915432,0.1246717,-0.6498313,0.1568866,0.7331868,22.75025,277.7496,4.230087,0.6814822,-0.001949108,-0.7318315,-0.1503999,-0.006884207,0.05471332,-0.06441359,-1.126402,-2.238363,-0.5741462,-0.3846619,1.918101,0.1062118,0.0680232,0.9920142,-0.3920856,0.9196872,-0.0210843,-0.9137768,-0.386715,0.1243525,moving,-15.175938345471996,-10.003315232167765,-16.664047409476325,-11.339849270748026,-1.66287659,-1.1345818429999999,-0.3229310000000001,-0.2580711387865464,-0.1678210595310287,0.9514385987786009,-14.199837069873293,-9.978474986928155,1.902082852574206,2.000197945868234,2.8152570998849384
05/05/2023 11:40:10.192806,1363,True,True,True,True,Eyes,1.705837,-0.003900032,-1.893152,-0.8295717,-0.5413101,-0.1370916,0.0,0.0,0.0,0.0,0.0,0.0,0.0,1.741615,0.5620615,1.688035,1.589014,0.009119663,-1.91665,0.1226321,-0.6516407,0.1585067,0.7315748,22.70632,277.5152,4.482356,0.6804112,-0.001923335,-0.7328275,-0.1413759,-0.006471155,0.05143052,-0.07363401,-1.124146,-2.243649,-0.573256,-0.3820263,1.918607,0.1004802,0.07209495,0.9923236,-0.3917431,0.919674,-0.0271498,-0.9145716,-0.3860078,0.1206517,moving,-15.200507335526684,-10.083008253904104,-16.635493784130357,-11.261250040118469,-1.6626480099999998,-1.133265663,-0.32699900000000004,-0.2584205241050175,-0.16912789861949618,0.9511122558474903,-14.221639402040848,-10.05585211414296,1.768056624718406,1.856728255415369,2.698087681651355
05/05/2023 11:40:10.212686,1364,True,True,True,True,Eyes,1.564955,0.005240228,-1.90874,-0.7923486,-0.5727254,-0.2101647,0.0,0.0,0.0,0.0,0.0,0.0,0.0,1.753685,0.5375659,1.675535,1.579264,0.009438027,-1.917718,0.1188263,-0.6540312,0.1580804,0.7301603,22.35248,277.2207,4.677248,0.6793167,-0.001884066,-0.7338423,-0.1328934,-0.006082886,0.04834469,-0.08913767,-1.113253,-2.250164,-0.572351,-0.3793503,1.919121,0.09450747,0.07541577,0.9926636,-0.3862803,0.9217818,-0.03325446,-0.9175271,-0.3803035,0.1162469,moving,-19.542844220037978,-13.140811346041888,-16.606475536330464,-11.181443097104369,-1.66840167,-1.1226910270000001,-0.3324459999999998,-0.3266983057730202,-0.21487027103417988,0.9203797436297405,-18.372213945233128,-13.002250382448592,3.3321633792808534,3.5300686936096124,2.536369708665657
05/05/2023 11:40:10.232448,1365,True,True,True,True,Eyes,1.564592,0.005211482,-1.908751,-0.7922834,-0.5727583,-0.210321,0.0,0.0,0.0,0.0,0.0,0.0,0.0,1.765226,0.5204852,1.661261,1.57015,0.008577507,-1.918663,0.1162958,-0.6562035,0.1581862,0.7285942,22.15228,276.9296,4.823491,0.6744746,-0.001453235,-0.7382962,-0.5475676,0.02170287,-0.001321562,-0.1011663,-1.107448,-2.257256,-0.5714669,-0.3767331,1.919624,0.08874822,0.07787957,0.9930049,-0.3831345,0.9229048,-0.03813969,-0.9194193,-0.3770695,0.1117445,moving,-19.37048485317755,-13.260826408286313,-16.578126875337535,-11.103386939730353,-1.6713163,-1.116025507,-0.3385929999999999,-0.32376978947404567,-0.2170287288700421,0.92090804831125,-18.20095997665742,-13.12016614068764,3.320133196289423,3.5287119657021893,2.5886262032501772
05/05/2023 11:40:10.242859,1366,True,True,True,True,Eyes,1.563871,0.005161609,-1.908785,-0.7921295,-0.5728614,-0.2106198,0.0,0.0,0.0,0.0,0.0,0.0,0.0,1.776167,0.5171911,1.642826,1.561064,0.007832065,-1.919414,0.116767,-0.6578174,0.1601993,0.726621,22.36184,276.6617,4.91194,0.6703843,-0.001088065,-0.7420127,-0.5147135,0.0204007,-0.001242268,-0.105764,-1.112308,-2.264755,-0.5704761,-0.373802,1.920187,0.08322487,0.07918556,0.9933798,-0.3864311,0.9214033,-0.04107303,-0.9185559,-0.3804545,0.1072835,moving,-19.150258097673447,-12.999913421687015,-16.546370360910792,-11.015969798157654,-1.666828,-1.1201400650000002,-0.3453410000000001,-0.32051283007932374,-0.21308218444571292,0.9229667041441071,-17.993311213649935,-12.867762335972953,3.084716163894973,3.273570473810783,2.350058176819014
05/05/2023 11:40:10.262310,1367,True,True,True,True,Eyes,1.562816,0.005101776,-1.908838,-0.7918546,-0.5730749,-0.2110718,0.0,0.0,0.0,0.0,0.0,0.0,0.0,1.786996,0.5104414,1.625036,1.551818,0.007273242,-1.920015,0.1165561,-0.6596165,0.1615913,0.724713,22.46481,276.377,4.99428,0.6667908,-0.0007700851,-0.745244,-0.4838307,0.01917666,-0.001167732,-0.1121993,-1.114386,-2.272544,-0.5696663,-0.371407,1.920647,0.07758851,0.08044993,0.9937342,-0.3879793,0.9206059,-0.04423713,-0.9183965,-0.382116,0.1026413,moving,-18.941415775522945,-12.856702986356812,-16.52042243617162,-10.944540942518287,-1.6640172999999998,-1.121659242,-0.35252899999999987,-0.3172920280038676,-0.2110156904938463,0.9245528652473087,-17.793587747568232,-12.729805764910463,2.907348024008277,3.0850563092235763,2.1927426652971826
05/05/2023 11:40:10.282356,1368,True,True,True,True,Eyes,1.561435,0.005064209,-1.908904,-0.7913697,-0.5735184,-0.2116852,0.0,0.0,0.0,0.0,0.0,0.0,0.0,1.798016,0.5079336,1.605595,1.542752,0.006994907,-1.920589,0.1173586,-0.661334,0.1635846,0.722568,22.70381,276.0812,5.048211,0.6635176,-0.0004862592,-0.7481601,-0.4548009,0.01802606,-0.001097668,-0.1160163,-1.119455,-2.280983,-0.5687373,-0.3686568,1.921175,0.07175485,0.08117551,0.9941136,-0.3916285,0.918934,-0.04676902,-0.9173213,-0.3859673,0.09772858,moving,-18.70769277803444,-12.604720711488149,-16.490659432713713,-10.862519508675204,-1.6587683,-1.126449907,-0.3603939999999999,-0.31377948535092837,-0.20720245382562408,0.9266118706433868,-17.572541880753253,-12.48618090173383,2.660651829166856,2.8196634347643124,1.9510884015556818
05/05/2023 11:40:10.297176,1369,True,True,True,True,Eyes,1.559742,0.005012512,-1.908948,-0.7908238,-0.5739892,-0.2124479,0.0,0.0,0.0,0.0,0.0,0.0,0.0,1.809239,0.5100836,1.583858,1.533594,0.007532813,-1.920981,0.1194488,-0.6629139,0.1665933,0.7200862,23.13513,275.7765,5.088055,0.6605269,-0.0002322626,-0.7508018,-0.4275128,0.01694449,-0.001031808,-0.1161261,-1.128921,-2.289918,-0.5677896,-0.3658515,1.921714,0.065584,0.08155453,0.9945087,-0.3982917,0.9159573,-0.04884714,-0.9149112,-0.3929009,0.09255458,moving,-18.44387733540952,-12.167734910901181,-16.460301737526773,-10.7788524983084,-1.6497201,-1.1364538130000001,-0.36893700000000007,-0.3099580562590449,-0.20039376036195267,0.9293913808216647,-17.327147771711456,-12.06275007778184,2.294359582418017,2.4214802308764463,1.549133642252815
05/05/2023 11:40:10.312802,1370,True,True,True,True,Eyes,1.557777,0.004957902,-1.908991,-0.7900484,-0.5747154,-0.2133677,0.0,0.0,0.0,0.0,0.0,0.0,0.0,1.819444,0.5036024,1.56526,1.524416,0.007116869,-1.920973,0.1193497,-0.664938,0.1672474,0.7180819,23.19265,275.4453,5.085229,0.6577852,-5.663237e-06,-0.753205,-0.4018621,0.01592783,-0.0009698994,-0.1233823,-1.12879,-2.298826,-0.5669582,-0.3633936,1.922186,0.05977166,0.08147434,0.9948816,-0.3989149,0.9155679,-0.05101261,-0.9150378,-0.393824,0.08722637,moving,-18.218926132728193,-12.13710662885595,-16.433682593399123,-10.705548260252586,-1.6477983,-1.135906869,-0.377853,-0.3063226947880799,-0.20014448878923252,0.930649574763818,-17.108686610842373,-12.034440994298727,2.1632819410949167,2.288329927574804,1.4904986823761885
05/05/2023 11:40:10.332638,1371,True,True,True,True,Eyes,1.555516,0.004918843,-1.909025,-0.7891402,-0.5755519,-0.2144711,0.0,0.0,0.0,0.0,0.0,0.0,0.0,1.829777,0.5096958,1.542846,1.515948,0.007050354,-1.920964,0.1221877,-0.6663771,0.1704723,0.7155074,23.70641,275.1396,5.081724,0.6552629,0.0001961467,-0.7554003,-0.3777503,0.01497216,-0.0009117054,-0.1211028,-1.140897,-2.307756,-0.5660684,-0.3607594,1.922692,0.05376131,0.08110227,0.9952548,-0.4067946,0.9120187,-0.05234537,-0.9119363,-0.4020501,0.08202328,moving,-17.958874561430708,-11.662351743609541,-16.40519321770477,-10.62698588867182,-1.6370508000000001,-1.147947354,-0.386792,-0.3025572394919439,-0.19266959360306424,0.9334546813406124,-16.86797959378163,-11.574236485788798,1.7749228928948673,1.867058695224377,1.0542556253683566
05/05/2023 11:40:10.342592,1372,True,True,True,True,Eyes,1.552975,0.004891209,-1.909046,-0.7881752,-0.576389,-0.2157674,0.0,0.0,0.0,0.0,0.0,0.0,0.0,1.8393,0.5155227,1.519935,1.506586,0.007459398,-1.920712,0.1250911,-0.667887,0.1727841,0.7130393,24.15398,274.813,4.98645,0.6529319,0.0003763125,-0.757416,-0.3550853,0.01407383,-0.0008570031,-0.1212098,-1.149799,-2.317426,-0.5651566,-0.3580623,1.923211,0.04814541,0.07931023,0.9956867,-0.4134971,0.9089957,-0.0524107,-0.9092318,-0.4091902,0.07655851,moving,-17.68843825812998,-11.28196827240288,-16.376002411728553,-10.546543631086546,-1.6277958,-1.157258398,-0.39671400000000023,-0.2984973067101545,-0.18671850055049305,0.9359677107452795,-16.614605728609057,-11.205922742927822,1.4378185203916645,1.5044391825443426,0.7012220446898165
05/05/2023 11:40:10.362440,1373,True,True,True,True,Eyes,1.550166,0.004864336,-1.90907,-0.78724,-0.5771453,-0.2171554,0.0,0.0,0.0,0.0,0.0,0.0,0.0,1.848201,0.5155891,1.499463,1.497402,0.007752571,-1.920363,0.1265144,-0.6698653,0.1727215,0.7109445,24.28588,274.4391,4.788831,0.6507676,0.0005374617,-0.7592762,-0.3337802,0.0132294,-0.0008055829,-0.1275356,-1.149161,-2.328422,-0.5642378,-0.3553427,1.923734,0.04289563,0.07609568,0.9961776,-0.4150861,0.9083228,-0.05151089,-0.9087705,-0.4112898,0.07054935,moving,-17.41258548871239,-11.238296656838896,-16.34659447464938,-10.465433435076026,-1.6249376,-1.156913571,-0.40805900000000017,-0.2940127384634868,-0.18627613454783284,0.937474103098517,-16.34687631661118,-11.165260252515326,1.2520702450748287,1.3166831059965693,0.699826874192547
05/05/2023 11:40:10.382769,1374,True,True,True,True,Eyes,1.547091,0.004826321,-1.909078,-0.786292,-0.5778348,-0.2187508,0.0,0.0,0.0,0.0,0.0,0.0,0.0,1.856629,0.5218993,1.477304,1.488181,0.007841084,-1.920191,0.12926,-0.6716097,0.1728917,0.70876,24.5483,274.064,4.505406,0.6487473,0.0006815462,-0.7610031,-0.3137534,0.01243563,-0.0007572479,-0.131499,-1.15171,-2.340366,-0.5633547,-0.3527291,1.924236,0.03809781,0.07145287,0.9967162,-0.418702,0.9068006,-0.04900278,-0.9073243,-0.4154601,0.06446457,moving,-17.115771849988597,-11.084673044645017,-16.318341359529796,-10.38748944832246,-1.61968,-1.159551084,-0.42017499999999997,-0.28927638454509114,-0.18403953164610598,0.9393874078311261,-16.061677414075003,-11.017755201724674,1.0046801250095259,1.0592262997559196,0.6805228143185799
05/05/2023 11:40:10.392123,1375,True,True,True,True,Eyes,1.543753,0.004787666,-1.909001,-0.7868484,-0.5769282,-0.2191429,0.0,0.0,0.0,0.0,0.0,0.0,0.0,1.863577,0.5258886,1.456987,1.478758,0.007601209,-1.919767,0.1312279,-0.6734776,0.1713862,0.7069894,24.6077,273.6837,4.136281,0.6468506,0.0008098385,-0.7626159,-0.2949282,0.0116895,-0.000711813,-0.1401945,-1.147977,-2.352315,-0.5623664,-0.3498053,1.924798,0.03410929,0.06557831,0.9972644,-0.4190945,0.9068121,-0.04529604,-0.9073019,-0.4164029,0.05841422,moving,-16.74466755269247,-11.02913687673444,-16.286728783738003,-10.300294479604206,-1.6189525,-1.155578209,-0.43254799999999993,-0.28321635804276224,-0.1834752651158448,0.9413423844626749,-15.701414797044414,-10.96618034445078,0.8132467225192287,0.860766609462797,0.886564407147959
05/05/2023 11:40:10.413255,1376,True,True,True,True,Eyes,1.540172,0.004711618,-1.90891,-0.7873374,-0.5760194,-0.2197762,0.0,0.0,0.0,0.0,0.0,0.0,0.0,1.870039,0.53147,1.436874,1.46945,0.007125571,-1.919577,0.1334308,-0.6752334,0.1696969,0.7053077,24.6699,273.3127,3.734172,0.6450609,0.0009238996,-0.7641301,-0.2772325,0.01098813,-0.0006691043,-0.1485554,-1.144699,-2.364553,-0.5615482,-0.3473826,1.925263,0.03052566,0.05918315,0.9977803,-0.419571,0.9067984,-0.04095037,-0.9072092,-0.4173896,0.05251212,moving,-16.390210029667376,-10.979933519007536,-16.260565598537802,-10.228049114507916,-1.6180054,-1.151824571,-0.4449759999999998,-0.277412943076194,-0.18298959248155341,0.9431632821302998,-15.357209081091352,-10.920656819513345,0.7281637617390928,0.762979577873916,1.138313854192185
05/05/2023 11:40:10.422641,1377,True,True,True,True,Eyes,1.536353,0.00460516,-1.908816,-0.787805,-0.5750555,-0.2206228,0.0,0.0,0.0,0.0,0.0,0.0,0.0,1.876055,0.5374055,1.416502,1.460068,0.006236013,-1.919122,0.1356248,-0.6769817,0.1679709,0.7036245,24.72631,272.941,3.329032,0.6433622,0.001023631,-0.7655608,-0.2605985,0.01032884,-0.000628958,-0.1571559,-1.141466,-2.37644,-0.5606568,-0.3447476,1.925769,0.02696302,0.05274582,0.9982439,-0.4200078,0.9067835,-0.03656857,-0.9071199,-0.4182842,0.04660323,moving,-16.048533403694076,-10.93167155986806,-16.2320729848163,-10.149473928646728,-1.6172239,-1.1477020130000002,-0.4573180000000001,-0.27180881176389426,-0.18249857334758135,0.9448884624963347,-15.02543705187031,-10.875964504697865,0.7836263654721122,0.8034425381611198,1.4084597373611882
05/05/2023 11:40:10.442447,1378,True,True,True,True,Eyes,1.532302,0.004460095,-1.908702,-0.7881954,-0.5741173,-0.2216697,0.0,0.0,0.0,0.0,0.0,0.0,0.0,1.88207,0.5418122,1.39664,1.450618,0.005470049,-1.918862,0.1375012,-0.678742,0.1661852,0.7019866,24.74887,272.5753,2.945348,0.6417394,0.001109233,-0.7669215,-0.2449626,0.009709108,-0.0005912206,-0.1665441,-1.137107,-2.388039,-0.5596697,-0.3418238,1.926331,0.02338352,0.0466639,0.9986371,-0.4199754,0.9069518,-0.0325457,-0.9072344,-0.4186419,0.04080538,moving,-15.732139935500552,-10.912568006727762,-16.200515913643883,-10.062287197359641,-1.6171621,-1.142577049,-0.46917699999999996,-0.26658889289033916,-0.18245975014095644,0.9463820161037209,-14.71752561030964,-10.859475195773134,0.9605647895398449,0.9707489436931822,1.6836772091460717
05/05/2023 11:40:10.462407,1379,True,True,True,True,Eyes,1.528031,0.004273884,-1.908665,-0.7884868,-0.5732383,-0.2229043,0.0,0.0,0.0,0.0,0.0,0.0,0.0,1.886873,0.5486886,1.376576,1.441062,0.004482426,-1.918236,0.1398907,-0.6802244,0.1648024,0.7004039,24.84502,272.2389,2.560673,0.6401799,0.001180544,-0.7682236,-0.2302649,0.009126561,-0.0005557473,-0.1744249,-1.135467,-2.398634,-0.5588659,-0.3394468,1.926788,0.02026983,0.0405423,0.9989723,-0.4211707,0.9065415,-0.02824519,-0.906755,-0.4201652,0.03545064,moving,-15.444845879663525,-10.826596664243581,-16.174830073383117,-9.991408105897792,-1.6154869,-1.139949426,-0.4803979999999999,-0.2618982236419063,-0.18128089627063942,0.9479169090274462,-14.43978313004989,-10.777731609469065,1.1063126815439148,1.1092415656980046,1.9049127402163535
05/05/2023 11:40:10.480170,1380,True,True,True,True,Eyes,1.523545,0.004045468,-1.908612,-0.7886964,-0.5724159,-0.2242724,0.0,0.0,0.0,0.0,0.0,0.0,0.0,1.891007,0.555315,1.357605,1.431537,0.003469266,-1.917828,0.1421822,-0.6815092,0.1634886,0.6989999,24.9362,271.9376,2.196895,0.6386699,0.001237309,-0.7694794,-0.216449,0.008578967,-0.0005224025,-0.1827274,-1.133607,-2.408157,-0.5579462,-0.3367255,1.927311,0.01763329,0.03476014,0.9992402,-0.4223541,0.9061114,-0.02406732,-0.9062595,-0.4216088,0.03065882,moving,-15.200467807633668,-10.7470994387811,-16.14544650756111,-9.910266774776073,-1.6142644000000002,-1.137076266,-0.490329,-0.2579065406287846,-0.18016585796594609,0.9492231367132903,-14.20370146508586,-10.70200264188038,1.26230669694915,1.2622494408247176,2.09695481430493
05/05/2023 11:40:10.492610,1381,True,True,True,True,Eyes,1.518853,0.003772594,-1.908564,-0.788791,-0.5716898,-0.2257866,0.0,0.0,0.0,0.0,0.0,0.0,0.0,1.895019,0.5603554,1.339055,1.42193,0.002284557,-1.91736,0.1441962,-0.6826571,0.1628917,0.6976052,25.06096,271.6684,1.922854,0.6371993,0.001279248,-0.7706975,-0.203462,0.008064229,-0.0004910583,-0.1903147,-1.133614,-2.416132,-0.5570195,-0.3339827,1.927837,0.01489099,0.03039498,0.9994271,-0.4241413,0.9053475,-0.02121427,-0.9054737,-0.4235823,0.02637329,moving,-15.00631033562289,-10.62100033108331,-16.11585437562213,-9.828493966830266,-1.6122447,-1.135898557,-0.4987720000000002,-0.2547797811086497,-0.17822916545640716,0.9504323676956403,-14.01783186339531,-10.580597741307164,1.3648838770521388,1.3635080909475445,2.228757175959943
05/05/2023 11:40:10.512323,1382,True,True,True,True,Eyes,1.396346,-0.003957514,-1.906729,-0.7886496,-0.5541566,-0.2663498,0.0,0.0,0.0,0.0,0.0,0.0,0.0,1.899617,0.5636177,1.319835,1.412313,0.001021169,-1.916649,0.1459362,-0.683939,0.1627844,0.6960111,25.2023,271.3844,1.708506,0.6357588,0.00130601,-0.7718863,-0.1912543,0.007580375,-0.0004615948,-0.1970936,-1.13479,-2.423923,-0.5561352,-0.3313677,1.92834,0.01145721,0.02697651,0.9995705,-0.4262225,0.9044077,-0.01952281,-0.904546,-0.4258157,0.02186001,moving,-17.097627503793625,-9.615337003359098,-16.087614579334907,-9.750527750789692,-1.6094066,-1.135811169,-0.5072739999999998,-0.29022058398139866,-0.15984354483679175,0.9435157649299053,-16.08359331844501,-9.588234694139182,1.0125051500798954,1.0190204344194933,0.1623428679557876
05/05/2023 11:40:10.532591,1383,True,True,True,True,Eyes,1.395962,-0.004020304,-1.906687,-0.7885394,-0.5542666,-0.2664474,0.0,0.0,0.0,0.0,0.0,0.0,0.0,1.903897,0.5654907,1.301181,1.402441,-0.0001198389,-1.915943,0.1473733,-0.6852246,0.1624369,0.6945233,25.2976,271.1089,1.499891,0.6308833,0.0009848628,-0.7758766,-0.5472986,-0.01606477,0.005070352,-0.2051219,-1.134526,-2.431352,-0.5552151,-0.3286446,1.928863,0.008162894,0.02366487,0.9996867,-0.4276001,0.9037907,-0.01790324,-0.9039312,-0.42732,0.01749664,moving,-16.834074895355627,-9.550545782871874,-16.058241510057865,-9.669346916717007,-1.6075629,-1.1344061611,-0.515409,-0.2859173618527197,-0.1589912875663098,0.9449725386824044,-15.82842357791975,-9.526941592798998,0.7804362960385928,0.7848765196803095,0.2703619022947431
05/05/2023 11:40:10.542223,1384,True,True,True,True,Eyes,1.395204,-0.004130779,-1.906613,-0.7883249,-0.5544426,-0.2667155,2.027236,-0.202916,-1.128117,-2.447309,0.6341612,0.4794666,-0.60659,-0.563195,-0.3232926,1.917584,1.392852,-0.001641691,-1.914943,0.1487673,-0.6864933,0.1623569,0.6929902,25.41061,270.8367,1.317481,0.6268055,0.0007096922,-0.779175,-0.5144606,-0.01510088,0.00476613,-0.2124393,-1.135322,-2.438192,-0.5542756,-0.3258634,1.929397,0.004734335,0.02076801,0.9997731,-0.4292791,0.903017,-0.01672529,-0.9031596,-0.4291025,0.01319049,moving,-16.587453468504435,-9.46640260353596,-16.028256825670017,-9.586439770808743,-1.6052913,-1.133680309,-0.5232489999999999,-0.2819018116720042,-0.15779888987981017,0.9463777160963593,-15.59028027167241,-9.446707061945427,0.5698370837441891,0.5719351422007207,0.45972675773539473
05/05/2023 11:40:10.562180,1385,True,True,True,True,Eyes,1.394088,-0.004288227,-1.906491,-0.7879782,-0.5547521,-0.2670966,2.030173,-0.2056437,-1.130531,-2.448743,0.8340524,0.5045062,-0.2232266,-0.5566252,-0.3218779,1.915308,1.383164,-0.00285032,-1.914077,0.1505881,-0.6876972,0.1627421,0.6913112,25.59715,270.5586,1.136826,0.6232371,0.0004638667,-0.7820324,-0.483593,-0.01419483,0.004480163,-0.2181448,-1.138097,-2.445393,-0.5534258,-0.3233503,1.92988,0.001175421,0.01789285,0.9998394,-0.4321287,0.9016765,-0.01562809,-0.9018113,-0.4320409,0.008791853,moving,-16.33955296229178,-9.317329895135197,-16.001141621940665,-9.51152695019495,-1.6013088,-1.1352466799999998,-0.5313160000000001,-0.2779060293760393,-0.15552470014743952,0.9479348270538979,-15.352640155365869,-9.303305603891376,0.39057747523786357,0.39017269442148184,0.6811095955909992
05/05/2023 11:40:10.583416,1386,True,True,True,True,Eyes,1.392617,-0.004469721,-1.906334,-0.787571,-0.5550565,-0.2676642,2.03535,-0.210366,-1.134204,-2.451125,0.8951399,0.4292544,0.1202713,-0.5506267,-0.3206403,1.915517,1.373466,-0.004091747,-1.913048,0.1521856,-0.689093,0.1632554,0.6894478,25.77539,270.2533,0.9781197,0.619987,0.0002358924,-0.7846117,-0.4545774,-0.01334314,0.004211353,-0.2238024,-1.140651,-2.452927,-0.552488,-0.3205752,1.930413,-0.00300291,0.01537211,0.9998774,-0.4348522,0.9003744,-0.01514833,-0.9004969,-0.4348444,0.003980814,moving,-16.08545814401651,-9.167141241714782,-15.971225877444866,-9.428811334333886,-1.5972684000000001,-1.1365592530000002,-0.5398789999999998,-0.2737988547736714,-0.15322712908373975,0.9495027942203599,-15.108991784690167,-9.158859426176381,0.28071754801339743,0.2855175092658691,0.9035052094074484
05/05/2023 11:40:10.592835,1387,True,True,True,True,Eyes,1.390802,-0.004675514,-1.906121,-0.7870938,-0.5553396,-0.2684795,2.034136,-0.2102535,-1.134311,-2.452245,0.9049008,0.4231547,0.04576839,-0.5425938,-0.3226449,1.909391,1.36351,-0.004828323,-1.912045,0.1526722,-0.6909521,0.1633153,0.6874623,25.82341,269.9079,0.863648,0.6170161,2.29418e-05,-0.7869502,-0.4273028,-0.01254255,0.003958671,-0.2316052,-1.13958,-2.461355,-0.5515988,-0.3179435,1.930918,-0.00817344,0.01356776,0.9998745,-0.4355246,0.9000385,-0.01577326,-0.9001397,-0.4355989,-0.001447398,moving,-15.827967581827217,-9.12948803337871,-15.942870432326364,-9.350377680964197,-1.5951152,-1.1347516770000001,-0.5493100000000002,-0.2695473000320538,-0.1527935396004264,0.9507882785082351,-14.858999984476414,-9.123930983167343,0.23684919911010374,0.24898775364115824,1.1072728907841785
05/05/2023 11:40:10.612541,1388,True,True,True,True,Eyes,1.388645,-0.004904454,-1.905866,-0.7866604,-0.5554742,-0.2694695,0.0,0.0,0.0,0.0,0.0,0.0,0.0,1.930046,0.5591254,1.202235,1.353524,-0.005623773,-1.910761,0.1520683,-0.6932572,0.1631667,0.6853076,25.76366,269.5254,0.8139687,0.6142898,-0.000177542,-0.7890801,-0.4016646,-0.01179,0.003721151,-0.2409982,-1.135972,-2.470105,-0.5506481,-0.3151298,1.931459,-0.01445782,0.01279381,0.9998138,-0.4344836,0.9005038,-0.0178058,-0.9005638,-0.43466,-0.007460595,moving,-15.565377508753523,-9.167433514311309,-15.912552980423431,-9.266521011079728,-1.5945222,-1.130348227,-0.5593440000000003,-0.26515269000785646,-0.1536174462168579,0.9518906000289413,-14.601999455403536,-9.162592691534783,0.35236721014985567,0.36103897316640887,1.3146678810808103
05/05/2023 11:40:10.632680,1389,True,True,True,True,Eyes,1.386152,-0.005180221,-1.905546,-0.7863499,-0.5553276,-0.2706753,0.0,0.0,0.0,0.0,0.0,0.0,0.0,1.937681,0.542981,1.183585,1.34323,-0.006442688,-1.90945,0.1497154,-0.6959666,0.1622754,0.6832881,25.49765,269.1387,0.8486049,0.6117766,-0.0003678021,-0.7910301,-0.3775647,-0.0110826,0.003497882,-0.2540977,-1.127594,-2.478639,-0.5498039,-0.3126322,1.931939,-0.02140561,0.01336793,0.9996816,-0.4301555,0.902504,-0.02127906,-0.9025011,-0.430474,-0.01356837,moving,-15.33531236649913,-9.370884545010366,-15.885641430279982,-9.19209189979939,-1.5973277,-1.121151312,-0.5691889999999997,-0.2611804343549726,-0.15717296406757758,0.952408245794953,-14.372243935151332,-9.362073006198942,0.5779358763238737,0.578644008370818,1.5229135086387833
05/05/2023 11:40:10.642493,1390,True,True,True,True,Eyes,1.383342,-0.005496062,-1.905171,-0.7861022,-0.5550057,-0.2720515,0.0,0.0,0.0,0.0,0.0,0.0,0.0,1.945822,0.5205664,1.165714,1.332826,-0.007929463,-1.907777,0.1457147,-0.6991028,0.1608504,0.6812853,25.05249,268.7378,0.9759945,0.609448,-0.0005508863,-0.7928255,-0.3549109,-0.01041764,0.003288009,-0.2702708,-1.115443,-2.486768,-0.5488973,-0.3099495,1.932454,-0.02923524,0.01543101,0.9994534,-0.4229091,0.9057888,-0.02635545,-0.9057004,-0.4234485,-0.01995503,moving,-15.128208047348958,-9.717434020582221,-15.856751301406069,-9.112155768903962,-1.6030968,-1.107513537,-0.578991,-0.25748524654552096,-0.16309810502369365,0.952418169964566,-14.16101409432975,-9.700633590839303,0.9470107460854212,0.9471731810956298,1.7949459107095012
05/05/2023 11:40:10.662509,1391,True,True,True,True,Eyes,1.380222,-0.005838651,-1.904744,-0.7858698,-0.554545,-0.2736576,0.0,0.0,0.0,0.0,0.0,0.0,0.0,1.955062,0.4959454,1.146236,1.322517,-0.009284619,-1.906029,0.141435,-0.702475,0.160172,0.6788743,24.64954,268.3008,1.182979,0.6072783,-0.0007292735,-0.7944884,-0.3336162,-0.009792585,0.003090729,-0.2846814,-1.104976,-2.495484,-0.5480001,-0.3072952,1.932964,-0.03825218,0.01876412,0.9990921,-0.4161824,0.9086822,-0.03300041,-0.9084764,-0.4170668,-0.02694975,moving,-14.916063450405163,-9.990664023642498,-15.828165087486363,-9.033070515929493,-1.6071984,-1.095691381,-0.5894549999999998,-0.25375359601172753,-0.16780926105706173,0.9526012523765649,-13.94684709209485,-9.967888907619132,1.3195147832467604,1.322465395532262,2.1007719593580694
05/05/2023 11:40:10.682447,1392,True,True,True,True,Eyes,1.376819,-0.006240304,-1.904259,-0.7856261,-0.5540153,-0.2754245,0.0,0.0,0.0,0.0,0.0,0.0,0.0,1.965248,0.4691904,1.124654,1.312074,-0.01035708,-1.904085,0.1370051,-0.7060687,0.1604273,0.675988,24.31626,267.8236,1.472903,0.6052449,-0.0009046029,-0.7960386,-0.3135992,-0.009205029,0.002905285,-0.2970071,-1.096886,-2.50473,-0.5471184,-0.304686,1.933466,-0.04853978,0.02342384,0.9985467,-0.4103639,0.9109854,-0.04131776,-0.9106292,-0.4117729,-0.03460667,moving,-14.690603865312928,-10.167519275124715,-15.800073251150998,-8.955332836929161,-1.6090811,-1.0865289200000001,-0.6006449999999999,-0.24986725189663173,-0.17092736235548778,0.9530740632623316,-13.722297998409113,-10.14146140638028,1.639075196874012,1.6432645188943642,2.392498899513804
05/05/2023 11:40:10.692506,1393,True,True,True,True,Eyes,1.373166,-0.006712404,-1.903717,-0.7850499,-0.5538369,-0.2774191,0.0,0.0,0.0,0.0,0.0,0.0,0.0,1.97664,0.4383052,1.101927,1.301994,-0.01228064,-1.902136,0.131719,-0.7099164,0.1617288,0.6726906,24.00649,267.3232,1.91761,0.6033275,-0.001079721,-0.7974923,-0.2947833,-0.008652727,0.002730968,-0.3076703,-1.0915,-2.513769,-0.5462019,-0.3019751,1.933986,-0.0602749,0.03056787,0.9977137,-0.4046059,0.9129878,-0.05241549,-0.9125028,-0.4068401,-0.04266233,moving,-14.488676817895277,-10.310807389672489,-15.770893905433143,-8.874579767438302,-1.6096643000000002,-1.07921936,-0.6116329999999999,-0.2463956198708261,-0.17346948518356362,0.9535185108612476,-13.521593610926725,-10.282217554630625,1.920074813874752,1.925313076474201,2.653449821420853
05/05/2023 11:40:10.712452,1394,True,True,True,True,Eyes,1.369241,-0.007143455,-1.903115,-0.7841098,-0.5540693,-0.2796053,0.0,0.0,0.0,0.0,0.0,0.0,0.0,1.990719,0.4095249,1.072414,1.292484,-0.01450687,-1.900005,0.1279953,-0.7138923,0.1670323,0.6678887,24.17088,266.7294,2.536021,0.601509,-0.001257735,-0.7988646,-0.2770963,-0.008133563,0.00256711,-0.3071172,-1.101417,-2.523804,-0.5453005,-0.2993068,1.934499,-0.07508405,0.04036823,0.9963599,-0.4058678,0.9114348,-0.06751289,-0.9108425,-0.4094594,-0.05205003,moving,-14.215244141119577,-9.963608388268606,-15.742190306200055,-8.795098133937795,-1.5996012,-1.0869101300000001,-0.6237990000000002,-0.24208027360532436,-0.16787630027456585,0.9556227186415756,-13.26440439540545,-9.946211648641196,1.9235020776999658,1.9227534437702178,2.7321210338242823
05/05/2023 11:40:10.732599,1395,True,True,True,True,Eyes,1.365025,-0.007421478,-1.902473,-0.7828007,-0.5546914,-0.2820294,0.0,0.0,0.0,0.0,0.0,0.0,0.0,2.006724,0.3784415,1.037266,1.282141,-0.01400813,-1.897894,0.1253612,-0.7181343,0.1749703,0.6617802,24.65968,266.0335,3.250557,0.599773,-0.001436677,-0.8001685,-0.2604705,-0.007645549,0.002413083,-0.2996492,-1.118536,-2.535535,-0.5443911,-0.2966172,1.935016,-0.09266315,0.05153133,0.9943632,-0.4116362,0.9073399,-0.08538119,-0.9066253,-0.4172276,-0.06286483,moving,-13.85443458696958,-9.297890536890336,-15.713243440259966,-8.714990585990337,-1.5817902,-1.10452787,-0.6376409999999999,-0.2364869947726585,-0.15698457581533448,0.9588690274893052,-12.930623658002652,-9.300871352654806,1.944924191779227,1.9480612685000283,2.8436295689412647
05/05/2023 11:40:10.742852,1396,True,True,True,True,Eyes,1.360556,-0.007746277,-1.901764,-0.78148,-0.5551419,-0.2847921,0.0,0.0,0.0,0.0,0.0,0.0,0.0,2.023306,0.3395736,0.9999702,1.271049,-0.01062725,-1.89561,0.1216016,-0.7232863,0.1816318,0.655042,24.9642,265.2,3.924491,0.598104,-0.001609966,-0.8014163,-0.2448422,-0.007186816,0.002268298,-0.294823,-1.127103,-2.551035,-0.5434899,-0.2939485,1.935528,-0.1122663,0.06204738,0.9917392,-0.4138585,0.9044459,-0.1034352,-0.9033923,-0.4220519,-0.07586,moving,-13.399843077935376,-8.817939555177043,-15.684567334156654,-8.635518216474809,-1.5658720000000002,-1.11647575,-0.6554250000000001,-0.22915076392171707,-0.14921621003005178,0.9618859130980039,-12.500415477391323,-8.836901205972673,2.2751632029047557,2.29199530361207,3.190513776087043
05/05/2023 11:40:10.763035,1397,True,True,True,True,Eyes,1.355924,-0.008054891,-1.901,-0.7796521,-0.5562069,-0.2877092,0.0,0.0,0.0,0.0,0.0,0.0,0.0,2.036563,0.3060634,0.9655595,1.260669,-0.01216083,-1.893181,0.1161287,-0.7290168,0.1818018,0.6496128,24.57919,264.3264,4.217701,0.5964893,-0.00178025,-0.8026186,-0.2301517,-0.006755607,0.0021322,-0.3032064,-1.117886,-2.570794,-0.542576,-0.2912441,1.936048,-0.129035,0.06688205,0.9893821,-0.4055211,0.9069244,-0.1141958,-0.9049326,-0.4159505,-0.08990292,moving,-12.942545429267541,-9.170142845471823,-15.655488343061357,-8.554986449779319,-1.5638754000000001,-1.10572517,-0.6776129999999998,-0.2212523608806854,-0.15541711937552918,0.9627528282048283,-12.045140052664456,-9.182622007862172,2.772036987710187,2.7818117557925213,3.6644973968802055
05/05/2023 11:40:10.782311,1398,True,True,True,True,Eyes,1.351019,-0.008229533,-1.900179,-0.7775006,-0.5575669,-0.2908814,0.0,0.0,0.0,0.0,0.0,0.0,0.0,2.048667,0.3055133,0.9225628,1.252074,-0.01190282,-1.890415,0.1210844,-0.7322812,0.1907967,0.6424171,25.78574,263.5088,4.318733,0.5949194,-0.001947201,-0.8037825,-0.2163426,-0.006350271,0.002004268,-0.2798519,-1.150175,-2.586474,-0.5416831,-0.2886022,1.936556,-0.145278,0.06780647,0.9870648,-0.4224778,0.8978704,-0.1238603,-0.8946548,-0.435007,-0.1017941,moving,-12.354702618518006,-8.00633694389927,-15.627085032209866,-8.476324623115163,-1.5319258999999998,-1.13827218,-0.696059,-0.211971696421847,-0.13611754024944595,0.9677499857888991,-11.50346808083991,-8.05415544199027,3.2587734140407445,3.3059605381877293,4.145171115782473
05/05/2023 11:40:10.792782,1399,True,True,True,True,Eyes,1.345892,-0.008336767,-1.899305,-0.7756212,-0.5583904,-0.2942991,0.0,0.0,0.0,0.0,0.0,0.0,0.0,2.05762,0.2950016,0.8851948,1.240671,-0.008795649,-1.888135,0.123224,-0.7357717,0.1952725,0.636651,26.37558,262.7483,4.308837,0.5933834,-0.00210544,-0.8049166,-0.2033621,-0.005969255,0.001884012,-0.2719708,-1.161165,-2.60255,-0.5407716,-0.2859039,1.937074,-0.1589826,0.06731134,0.9849841,-0.4299704,0.893369,-0.1304505,-0.8887351,-0.4442533,-0.1130882,moving,-11.87757794562213,-7.451947095292981,-15.59810175727341,-8.395996489275097,-1.5126418000000001,-1.152369351,-0.714415,-0.20415562603609316,-0.12696307231300671,0.9706703372355947,-11.05330051352522,-7.517906877540472,3.7721188565623813,3.8384276326827065,4.628850798136764
05/05/2023 11:40:10.812494,1400,True,True,True,True,Eyes,1.340575,-0.008324093,-1.898386,-0.7735537,-0.5592955,-0.2979984,0.0,0.0,0.0,0.0,0.0,0.0,0.0,2.063387,0.2790326,0.857048,1.230307,-0.007299919,-1.885802,0.1205713,-0.7404587,0.1904421,0.6331787,25.76718,261.9808,3.986683,0.591872,-0.002253025,-0.8060282,-0.1911603,-0.005611099,0.001770971,-0.2874259,-1.137808,-2.623602,-0.5398501,-0.2831781,1.937597,-0.1690945,0.06261165,0.9836091,-0.4197238,0.8983888,-0.1293426,-0.8917617,-0.4347153,-0.125633,moving,-11.494263304365157,-8.165601132347636,-15.568813166342904,-8.31486073362835,-1.5177329,-1.1305080809999999,-0.7378,-0.19732859492106525,-0.13924188987608702,0.970398346678679,-10.66040285919506,-8.214822949740396,4.0348039754551674,4.077282796951587,4.909429630977555
05/05/2023 11:40:10.832818,1401,True,True,True,True,Eyes,1.334996,-0.008165623,-1.897442,-0.7719409,-0.5594478,-0.3018696,0.0,0.0,0.0,0.0,0.0,0.0,0.0,2.067456,0.2874955,0.8251677,1.220462,-0.004291207,-1.883715,0.1252645,-0.7431496,0.1902569,0.629158,26.12947,261.2921,3.398562,0.5903778,-0.002385897,-0.8071229,-0.1796907,-0.005274433,0.001664713,-0.284776,-1.137921,-2.641713,-0.5389485,-0.2805113,1.938109,-0.176938,0.05322285,0.982782,-0.4255838,0.8962222,-0.1251564,-0.8874523,-0.440401,-0.135925,moving,-11.04722234638731,-7.908163477008259,-15.54016205164956,-8.235489707393157,-1.5052379999999999,-1.1336297929999999,-0.7579980000000002,-0.1898616407679205,-0.13508309586406023,0.9724736315183584,-10.231557645208367,-7.967304694657534,4.454239403358853,4.504847351045319,5.3153742996277185
05/05/2023 11:40:10.842469,1402,True,True,True,True,Eyes,1.329238,-0.007955344,-1.896486,-0.7706231,-0.5590122,-0.3060151,0.0,0.0,0.0,0.0,0.0,0.0,0.0,2.068775,0.2864562,0.8009839,1.208703,-0.0006390996,-1.882153,0.1255727,-0.7464999,0.1833197,0.6271868,25.54446,260.6837,2.698063,0.5888912,-0.002499294,-0.8082079,-0.1689093,-0.004957967,0.00156483,-0.3036651,-1.109751,-2.661601,-0.5380059,-0.2777205,1.938646,-0.1817364,0.04247139,0.9824298,-0.4174315,0.9012507,-0.1161812,-0.8903499,-0.4312115,-0.1460612,moving,-10.739420679740661,-8.57651994149343,-15.510202626976412,-8.152433993298052,-1.5123681000000002,-1.1091119003999999,-0.7794480000000001,-0.1843300407391517,-0.14657468859950423,0.9718735206669235,-9.913492384481922,-8.619646181521873,4.756794992894243,4.789593853295633,5.616177772049922
05/05/2023 11:40:10.863003,1403,True,True,True,True,Eyes,1.323345,-0.007718252,-1.895612,-0.7708526,-0.5568252,-0.309406,0.0,0.0,0.0,0.0,0.0,0.0,0.0,2.070054,0.2829871,0.7804093,1.19871,0.0008030646,-1.880781,0.1239552,-0.750042,0.1747826,0.6257183,24.66491,260.1248,2.06755,0.5874063,-0.002592899,-0.8092875,-0.1587747,-0.004660489,0.00147094,-0.3260786,-1.075847,-2.680979,-0.5371095,-0.2750694,1.939155,-0.1862236,0.03278612,0.9819601,-0.4046724,0.9081723,-0.1070665,-0.8952993,-0.4173105,-0.1558555,moving,-10.420910784624372,-9.395357350472267,-15.481731713432705,-8.073551088109134,-1.5247886,-1.0766500646,-0.8001979999999997,-0.17852954556070078,-0.16062340856895332,0.9707355093429832,-9.580932591916508,-9.418474268874949,5.213147541168487,5.230590814495704,6.052127612224279
05/05/2023 11:40:10.882710,1404,True,True,True,True,Eyes,1.317281,-0.007463704,-1.894753,-0.7709818,-0.5546245,-0.3130156,0.0,0.0,0.0,0.0,0.0,0.0,0.0,2.071472,0.2978967,0.753684,1.189405,0.001295447,-1.879652,0.128763,-0.7519156,0.1731073,0.6229582,24.88208,259.5903,1.392101,0.5859165,-0.002667501,-0.8103666,-0.1492482,-0.00438086,0.001382684,-0.3274665,-1.073736,-2.696627,-0.5362288,-0.2724631,1.939655,-0.1906864,0.02203928,0.9814036,-0.4093151,0.9069079,-0.09989611,-0.8922443,-0.4207521,-0.163914,moving,-10.052097088235525,-9.121203420389405,-15.453767023070938,-7.996013151998988,-1.5168715000000002,-1.075031447,-0.8169749999999998,-0.17240250148216418,-0.15614983386029307,0.9725711514552268,-9.22879535149981,-9.1541725815204,5.493818697440504,5.517616444170916,6.3317932354154145
05/05/2023 11:40:10.892714,1405,True,True,True,True,Eyes,1.311105,-0.007213349,-1.894082,-0.7709791,-0.5524499,-0.3168443,0.0,0.0,0.0,0.0,0.0,0.0,0.0,2.073212,0.3070608,0.7273879,1.179249,0.002029166,-1.879083,0.1319287,-0.7541881,0.1701674,0.6203536,24.8574,259.0465,0.7659724,0.5844164,-0.002724222,-0.8114489,-0.1402933,-0.004118008,0.001299723,-0.3337872,-1.064819,-2.713454,-0.5353289,-0.2698005,1.940168,-0.1955128,0.01212985,0.9806262,-0.4101259,0.9072757,-0.09299153,-0.8908264,-0.4203612,-0.1724092,moving,-9.71367734958525,-9.077418045905258,-15.42518387853884,-7.916802261266411,-1.5130362,-1.066848166,-0.834371,-0.16667063946654975,-0.15556211165553,0.9736638549552887,-8.900077539285155,-9.113814315197507,5.802434517465327,5.828236082197797,6.633992055755341
05/05/2023 11:40:10.912817,1406,True,True,True,True,Eyes,1.304777,-0.006947704,-1.893444,-0.7708325,-0.5503582,-0.3208164,0.0,0.0,0.0,0.0,0.0,0.0,0.0,2.075463,0.3084934,0.7032042,1.169519,0.002363048,-1.878677,0.1329602,-0.7567665,0.1669181,0.617871,24.64158,258.5299,0.3169504,0.5828997,-0.002764967,-0.812539,-0.1318757,-0.003870927,0.00122174,-0.3428129,-1.052338,-2.729371,-0.5344529,-0.267209,1.940665,-0.2011142,0.005028036,0.979555,-0.4075073,0.9089199,-0.08833152,-0.8907812,-0.4169405,-0.1807477,moving,-9.442277458443765,-9.200243592746867,-15.397384772892442,-7.839726714006243,-1.5123319,-1.054701048,-0.8506940000000001,-0.16199917508672668,-0.15777344577041527,0.9740964330872994,-8.632201240544912,-9.235121412977536,6.084105465947271,6.108543959401312,6.9075925322983105
05/05/2023 11:40:10.932609,1407,True,True,True,True,Eyes,1.298277,-0.006666969,-1.892791,-0.7705225,-0.5483564,-0.324962,0.0,0.0,0.0,0.0,0.0,0.0,0.0,2.079272,0.303822,0.6772141,1.159537,0.003007084,-1.878767,0.1337683,-0.7592711,0.1666871,0.6146779,24.68128,258.0093,0.1125581,0.5813612,-0.00279066,-0.8136406,-0.1239632,-0.003638672,0.001148435,-0.3465522,-1.048957,-2.743584,-0.5335761,-0.2646132,1.941164,-0.2085542,0.001785047,0.9780092,-0.4080505,0.9086429,-0.08867264,-0.8888194,-0.4175702,-0.188773,moving,-9.20885453202299,-9.033241440961833,-15.369555436113641,-7.7625295888033525,-1.5060892,-1.051964084,-0.8648169999999997,-0.15809881884928,-0.1550328290572304,0.9751766769484305,-8.40915739963404,-9.07417888149459,6.263007932910908,6.290385063005238,7.082906514507057
05/05/2023 11:40:10.942774,1408,True,True,True,True,Eyes,1.291653,-0.006411814,-1.892188,-0.7701093,-0.5463611,-0.3292736,0.0,0.0,0.0,0.0,0.0,0.0,0.0,2.084208,0.2882497,0.6517816,1.149265,0.003669057,-1.879097,0.1315622,-0.76259,0.1652292,0.6114305,24.3863,257.463,0.08784629,0.579798,-0.002802107,-0.8147552,-0.1165254,-0.003420352,0.001079529,-0.3556211,-1.037274,-2.758989,-0.5326465,-0.2618634,1.941692,-0.2176884,0.001396415,0.9760174,-0.4027084,0.9107814,-0.09112208,-0.8890657,-0.4128866,-0.1977042,moving,-9.000786732775401,-9.171829328327341,-15.34006565490185,-7.68076734863624,-1.5048861,-1.040943057,-0.8798920000000001,-0.15449583710917753,-0.15748201760389646,0.9753616455674278,-8.202593577303677,-9.210402504798544,6.487103710431488,6.512274800697296,7.299540490295348
05/05/2023 11:40:10.962573,1409,True,True,True,True,Eyes,1.284933,-0.006183472,-1.891641,-0.7692183,-0.5449578,-0.3336529,0.0,0.0,0.0,0.0,0.0,0.0,0.0,2.090209,0.2718099,0.6238248,1.139714,0.003290035,-1.879641,0.1294687,-0.7660844,0.1651707,0.6075124,24.22852,256.8608,0.1456775,0.578207,-0.002801812,-0.815885,-0.1095339,-0.00321513,0.001014757,-0.3601809,-1.031366,-2.775131,-0.5317545,-0.259223,1.9422,-0.2283334,0.002318595,0.9735804,-0.3990543,0.911913,-0.09576169,-0.8880427,-0.410377,-0.2072949,moving,-8.764784570846693,-9.198942569254369,-15.311765720236155,-7.602266330683932,-1.4998949,-1.034656035,-0.8954900000000001,-0.15046336410605687,-0.1580430275391016,0.9759012409164687,-7.971803411376833,-9.238348297809956,6.71370383191756,6.738867648297924,7.520093809164247
05/05/2023 11:40:10.982588,1410,True,True,True,True,Eyes,1.278114,-0.005967285,-1.891154,-0.7679548,-0.5439514,-0.3381751,0.0,0.0,0.0,0.0,0.0,0.0,0.0,2.09694,0.2611225,0.5906088,1.130645,0.002986424,-1.88037,0.1307071,-0.7690089,0.1696176,0.6023046,24.72893,256.1832,0.2077258,0.5765862,-0.002792081,-0.8170313,-0.1029618,-0.003022223,0.0009538719,-0.3512837,-1.044498,-2.790547,-0.530862,-0.2565829,1.942707,-0.2402897,0.003292988,0.9706956,-0.4053527,0.9082911,-0.1034239,-0.8820148,-0.4183258,-0.2169182,moving,-8.46126481335557,-8.591489822404938,-15.283466713144241,-7.523790193600655,-1.4819286999999999,-1.0474844239999999,-0.910177,-0.14552478678821318,-0.14779818940636047,0.9782526924590891,-7.692299419670919,-8.649319116622763,6.870171455258286,6.905245923124604,7.674153779672284
05/05/2023 11:40:10.992357,1411,True,True,True,True,Eyes,1.271229,-0.005756958,-1.890756,-0.7661961,-0.5435612,-0.3427606,0.0,0.0,0.0,0.0,0.0,0.0,0.0,2.103746,0.2489932,0.555954,1.12144,0.00296846,-1.881274,0.1320601,-0.7720122,0.1745999,0.5967178,25.28947,255.4672,0.2832505,0.5749329,-0.002774354,-0.8181955,0.0,0.0,0.0,-0.3406528,-1.05901,-2.806425,-0.5299217,-0.2537998,1.943242,-0.252976,0.004469832,0.9674624,-0.4122777,0.90415,-0.1119814,-0.8752316,-0.4271917,-0.2268854,moving,-8.13735734696007,-7.964595949982866,-15.253653465283007,-7.441075002625061,-1.4620928,-1.06197846,-0.9251510000000001,-0.14020830322883826,-0.1371924723956202,0.9805712253256655,-7.393445104446351,-8.041509226459896,7.089754957982812,7.135526934009886,7.883108316705956
05/05/2023 11:40:11.012535,1412,True,True,True,True,Eyes,1.264264,-0.005534942,-1.890427,-0.764044,-0.543616,-0.3474455,0.0,0.0,0.0,0.0,0.0,0.0,0.0,2.110493,0.236981,0.5207469,1.112746,0.003177952,-1.882366,0.1339525,-0.7748861,0.1804212,0.5908102,25.96949,254.7295,0.3564833,0.5732461,-0.002749651,-0.8193784,0.0,0.0,0.0,-0.3266616,-1.076694,-2.822095,-0.529015,-0.2511164,1.943757,-0.2660004,0.005593534,0.9639568,-0.4207852,0.8990099,-0.1213308,-0.8672854,-0.4378927,-0.2367834,moving,-7.804499770768764,-7.25079282358854,-15.224919669249259,-7.36133966229514,-1.4394076,-1.079871952,-0.939729,-0.13472725563330518,-0.1250619772638357,0.9829588156655535,-7.088208538081114,-7.3491973529254935,7.36313702472377,7.42124329700309,8.136720191069152
05/05/2023 11:40:11.032546,1413,True,True,True,True,Eyes,1.088402,0.0001940168,-1.884976,-0.6979195,-0.5469769,-0.4623036,0.0,0.0,0.0,0.0,0.0,0.0,0.0,2.116443,0.2244576,0.4866395,1.103853,0.003754642,-1.883619,0.1359873,-0.7774793,0.1864657,0.5850335,26.68343,254.0233,0.4311041,0.5715239,-0.00271812,-0.8205805,0.0,0.0,0.0,-0.3124433,-1.094869,-2.836482,-0.5281115,-0.2484428,1.944271,-0.2784867,0.006722801,0.9604166,-0.4296318,0.893476,-0.1308322,-0.8589888,-0.4490605,-0.2459329,moving,-14.799276686301733,-7.626027918654046,-15.1962885316396,-7.281905766006798,-1.4162963,-1.0986236420000002,-0.9528630000000002,-0.2533199123218624,-0.1283781061301697,0.9588263972557777,-13.896735730768105,-7.667909678375088,0.5242693961662016,0.5253936250861398,1.3556682863505276
05/05/2023 11:40:11.042429,1414,True,True,True,True,Eyes,1.088038,0.0002151586,-1.885037,-0.6976056,-0.5471774,-0.4625401,0.0,0.0,0.0,0.0,0.0,0.0,0.0,2.121571,0.2098161,0.4551528,1.094796,0.00419572,-1.885114,0.1363518,-0.7803832,0.1898976,0.5799561,27.03546,253.3524,0.4793043,0.5642259,-0.00242283,-0.8256165,-0.527588,0.01718688,0.01635289,-0.3054835,-1.102613,-2.851926,-0.5272025,-0.2457557,1.944786,-0.2901181,0.007451226,0.9569616,-0.4330778,0.8906941,-0.1382297,-0.8533902,-0.4545418,-0.2551796,moving,-14.249227923928988,-7.186808170078187,-15.167506375920699,-7.202090586516253,-1.4002795000000001,-1.10680872,-0.9668120000000002,-0.24432230664404803,-0.12131339036545727,0.9620757226561225,-13.372376173590839,-7.244203400153145,0.9116205697931105,0.9184056117230985,1.7956241066518512
05/05/2023 11:40:11.062662,1415,True,True,True,True,Eyes,1.087335,0.0002412426,-1.88517,-0.6972721,-0.547276,-0.4629261,0.0,0.0,0.0,0.0,0.0,0.0,0.0,2.12546,0.1952554,0.426893,1.085682,0.004759606,-1.886588,0.136606,-0.7828385,0.193247,0.5754636,27.37329,252.7732,0.5505201,0.5579341,-0.002171053,-0.829882,-0.4959327,0.01615567,0.01537172,-0.3002417,-1.109927,-2.864828,-0.5262656,-0.2429825,1.945319,-0.3003611,0.008532424,0.9537875,-0.4362941,0.8879889,-0.1453389,-0.8481926,-0.4597859,-0.2629946,moving,-13.788364314204093,-6.766795683009167,-15.137832274138171,-7.119727407735515,-1.3859237,-1.114686606,-0.9782400000000002,-0.23676935269493937,-0.11447815013931958,0.9647979075644388,-12.93443829424684,-6.838594058045715,1.373690779707022,1.394856471902022,2.2212566242848135
05/05/2023 11:40:11.082652,1416,True,True,True,True,Eyes,1.086306,0.0002704784,-1.885363,-0.6967715,-0.5474305,-0.463497,0.0,0.0,0.0,0.0,0.0,0.0,0.0,2.128753,0.1799529,0.4012864,1.076833,0.004929326,-1.88823,0.1359838,-0.7852606,0.1955199,0.5715296,27.54892,252.2531,0.6414219,0.5522181,-0.001943149,-0.833697,-0.4661768,0.01518633,0.01444942,-0.2983855,-1.113457,-2.877181,-0.5254315,-0.2405147,1.945793,-0.3097243,0.009925409,0.9507744,-0.4370563,0.8865607,-0.1516306,-0.8444244,-0.4625057,-0.2702515,moving,-13.398764719717226,-6.521428098256506,-15.111424639740594,-7.046448672400518,-1.3752185,-1.118386326,-0.9889510000000001,-0.23030732201169385,-0.11052167740383823,0.9668214110181589,-12.56126268168676,-6.602438872049956,1.7624048522579079,1.7913264931131223,2.588526746068565
05/05/2023 11:40:11.095061,1417,True,True,True,True,Eyes,1.084962,0.0002863468,-1.885601,-0.6962098,-0.5474205,-0.464352,0.0,0.0,0.0,0.0,0.0,0.0,0.0,2.131254,0.1639083,0.3781714,1.067995,0.0050386,-1.889837,0.1347406,-0.7875535,0.1971429,0.5681014,27.62054,251.7966,0.7607045,0.5470135,-0.001736615,-0.8371216,-0.4382062,0.01427515,0.01358245,-0.2995439,-1.114175,-2.888338,-0.5245247,-0.2378307,1.946309,-0.3182116,0.0117634,0.9479467,-0.4362251,0.8859593,-0.1574284,-0.8416941,-0.4636137,-0.2767911,moving,-13.085648487738379,-6.374976591614977,-15.082717384673156,-6.96676266254185,-1.3675389,-1.1192136,-0.9985010000000001,-0.22507849067635033,-0.10818582138776459,0.9683158422879392,-12.259978391104898,-6.462020276856322,2.050903287107382,2.082905406600923,2.8675111685428987
05/05/2023 11:40:11.112407,1418,True,True,True,True,Eyes,1.083324,0.0002755881,-1.885904,-0.6955031,-0.5474925,-0.4653251,0.0,0.0,0.0,0.0,0.0,0.0,0.0,2.133376,0.1485007,0.3563991,1.059296,0.004693352,-1.891622,0.1335488,-0.7895872,0.19894,0.5649245,27.71353,251.3866,0.8980507,0.5422614,-0.001549943,-0.840208,-0.4119138,0.01341864,0.0127675,-0.3009535,-1.116002,-2.898276,-0.5235804,-0.2350361,1.946846,-0.3260503,0.01387531,0.9452508,-0.4356691,0.8851752,-0.163271,-0.838978,-0.4650511,-0.2825665,moving,-12.821739769608271,-6.218123979886519,-15.052833403090016,-6.883810062994521,-1.3602495000000001,-1.120695352,-1.0066540000000002,-0.2206766462316868,-0.10564356786745163,0.9696088400649201,-12.00694286023367,-6.311155253029368,2.2933650959290715,2.3282862286682984,3.099255189628301
05/05/2023 11:40:11.132217,1419,True,True,True,True,Eyes,1.081414,0.0002420154,-1.886268,-0.6947662,-0.5473019,-0.4666483,0.0,0.0,0.0,0.0,0.0,0.0,0.0,2.134986,0.1342838,0.3357499,1.050593,0.004050341,-1.893453,0.1325268,-0.791386,0.2007435,0.5620025,27.81978,251.0157,1.028623,0.5379088,-0.001382393,-0.8430015,-0.387199,0.01261352,0.01200145,-0.3026441,-1.118599,-2.907263,-0.5227022,-0.2324378,1.947345,-0.3331794,0.015877,0.9427297,-0.4353963,0.8842774,-0.1687703,-0.8363141,-0.4666919,-0.2877102,moving,-12.608336647990916,-6.039948577424251,-15.025051564168855,-6.80670027171033,-1.3532371,-1.1226493409999998,-1.0138099999999999,-0.21713077527117508,-0.10271152884978932,0.9707237745983238,-11.803715859372298,-6.139208564245418,2.496983491906067,2.5354327336309908,3.2897642624558308
05/05/2023 11:40:11.142753,1420,True,True,True,True,Eyes,1.079238,0.0001829292,-1.886706,-0.6938962,-0.5472114,-0.4680468,0.0,0.0,0.0,0.0,0.0,0.0,0.0,2.13655,0.1202078,0.315712,1.042236,0.003436688,-1.895443,0.131858,-0.7929502,0.2032653,0.559041,28.02044,250.6628,1.178319,0.5339077,-0.00123311,-0.8455414,-0.363967,0.01185671,0.01128137,-0.3024944,-1.123933,-2.915226,-0.5218115,-0.2298038,1.947851,-0.3401736,0.01815355,0.9401876,-0.4363809,0.8825934,-0.1749304,-0.832979,-0.4697866,-0.2923131,moving,-12.41444216772511,-5.774650243061823,-14.996882198983489,-6.728545570586976,-1.3447304,-1.1273696880000001,-1.019783,-0.21394060367393586,-0.09828652056395518,0.9718895192508781,-11.621854496199724,-5.882363264045756,2.7083829992446726,2.7529825300789863,3.479487963833368
05/05/2023 11:40:11.165940,1421,True,True,True,True,Eyes,1.076782,0.0001000583,-1.88718,-0.6929772,-0.5469554,-0.4697045,0.0,0.0,0.0,0.0,0.0,0.0,0.0,2.137813,0.1057235,0.2964721,1.033672,0.002772179,-1.897586,0.1307826,-0.7945339,0.2052144,0.5563263,28.13919,250.3328,1.332764,0.5302144,-0.001101451,-0.8478625,-0.342129,0.0111453,0.01060448,-0.3045052,-1.126977,-2.923259,-0.5208907,-0.2270759,1.948376,-0.3467941,0.02050993,0.9377171,-0.4361546,0.881566,-0.180584,-0.8303633,-0.4716151,-0.2967764,moving,-12.257763078286569,-5.584231416820908,-14.967754529191664,-6.647617756411649,-1.3381771999999998,-1.1297491789999998,-1.0256729999999998,-0.21134760025879895,-0.09511087576021676,0.9727723473692196,-11.474253155896186,-5.698127754136551,2.8633726227160716,2.9111585616738394,3.620232466242708
05/05/2023 11:40:11.182507,1422,True,True,True,True,Eyes,1.074076,-1.566942e-05,-1.887729,-0.6920127,-0.5467771,-0.4713314,0.0,0.0,0.0,0.0,0.0,0.0,0.0,2.138298,0.0926984,0.2792363,1.024798,0.002064984,-1.89965,0.1298192,-0.7958061,0.2068713,0.5541155,28.23757,250.069,1.472531,0.5267889,-0.0009867498,-0.8499951,-0.3216013,0.01047659,0.009968215,-0.3083449,-1.129437,-2.929867,-0.5199965,-0.2244313,1.948883,-0.3522061,0.02263948,0.9356487,-0.435883,0.8807025,-0.1853893,-0.8282252,-0.4731285,-0.3003207,moving,-12.154675141450648,-5.430296499358532,-14.939496494921029,-6.5691839533894045,-1.3331429000000001,-1.131501984,-1.0302170000000002,-0.20964821455174698,-0.09253165117871906,0.9733887108124198,-11.37791012666863,-5.549035125917548,2.959054985361282,3.0087031431654285,3.7048078342491015
05/05/2023 11:40:11.195555,1423,True,True,True,True,Eyes,1.071131,-0.0001707877,-1.888347,-0.69107,-0.5463798,-0.4731716,0.0,0.0,0.0,0.0,0.0,0.0,0.0,2.138395,0.07936949,0.2663169,1.016091,0.001156755,-1.901976,0.1284318,-0.7965859,0.2084726,0.5527167,28.30111,249.9342,1.681674,0.5235962,-0.0008888405,-0.8519658,-0.3023052,0.009847991,0.009370122,-0.3148627,-1.131593,-2.933586,-0.5190724,-0.2216966,1.949409,-0.3560194,0.02583864,0.9341213,-0.4350663,0.8800889,-0.1901598,-0.8270233,-0.4741053,-0.3020872,moving,-12.177646529613044,-5.294945712886828,-14.910286250807967,-6.488089172720227,-1.3309537,-1.132749755,-1.03161,-0.21008312865790052,-0.09022332448335653,0.9735115944697728,-11.403951212119535,-5.417188608403188,2.931162167826223,2.9817630961556087,3.666226046248207
05/05/2023 11:40:11.212820,1424,True,True,True,True,Eyes,1.067972,-0.0003709564,-1.889057,-0.6900588,-0.5460712,-0.4750001,0.0,0.0,0.0,0.0,0.0,0.0,0.0,2.138643,0.06456134,0.2545302,1.007575,6.899238e-06,-1.904611,0.1262789,-0.7974439,0.2095724,0.5515581,28.26464,249.8279,1.937752,0.5206037,-0.0008078617,-0.8537978,-0.2841669,0.009257112,0.008807914,-0.3233283,-1.131673,-2.937406,-0.5181999,-0.2191157,1.949904,-0.3596745,0.02978212,0.9326023,-0.4325833,0.8802661,-0.1949441,-0.8267441,-0.4735446,-0.303726,moving,-12.23399239203395,-5.258300136428753,-14.882726123102449,-6.411575989275871,-1.3309033000000001,-1.131679899238,-1.0327950000000001,-0.21105267543643236,-0.08958152279338967,0.9733611441248468,-11.459865942542299,-5.3811593847891865,2.8404016390735256,2.8889159854278033,3.574595109164971
05/05/2023 11:40:11.232694,1425,True,True,True,True,Eyes,1.064577,-0.0006021779,-1.889813,-0.6889418,-0.5455778,-0.4771834,0.0,0.0,0.0,0.0,0.0,0.0,0.0,2.13942,0.05067828,0.2397189,0.9992871,-0.001278158,-1.907505,0.1248301,-0.7984756,0.2112743,0.5497432,28.33614,249.6357,2.145118,0.5177827,-0.0007442005,-0.8555116,-0.2671168,0.008701685,0.008279439,-0.3282137,-1.134437,-2.943007,-0.5172908,-0.216428,1.95042,-0.3643999,0.03294562,0.9306596,-0.4316406,0.8795613,-0.2001457,-0.8251661,-0.4746435,-0.3062913,moving,-12.229168293289641,-5.105591852120248,-14.854015566962943,-6.331911845035066,-1.3275008,-1.1331588419999998,-1.0355020000000001,-0.2110194132552078,-0.08698758116329207,0.9736035665651743,-11.45927930169908,-5.232608619585138,2.8470260475685003,2.8971855196263774,3.56829117256177
05/05/2023 11:40:11.242526,1426,True,True,True,True,Eyes,1.060978,-0.0008676031,-1.890675,-0.687728,-0.5451303,-0.4794404,0.0,0.0,0.0,0.0,0.0,0.0,0.0,2.140416,0.03876325,0.2217157,0.9907826,-0.002348237,-1.910599,0.1240611,-0.7997825,0.2127654,0.5474373,28.43513,249.3518,2.248976,0.5151075,-0.0006975709,-0.8571249,-0.2510898,0.008179584,0.007782673,-0.3315325,-1.13679,-2.951276,-0.516319,-0.2135514,1.950973,-0.3698424,0.03450767,0.9284534,-0.4313952,0.8786795,-0.2045008,-0.8228698,-0.4761634,-0.3100865,moving,-12.142652918606165,-4.943914236051201,-14.823322969202833,-6.2466657970979975,-1.3223151,-1.1344417629999999,-1.040677,-0.20959824901567997,-0.08426626486370088,0.9741497388644784,-11.379300210638085,-5.075872567427007,2.9286243395491716,2.9804619692215173,3.6375884247885106
05/05/2023 11:40:11.262582,1427,True,True,True,True,Eyes,1.057171,-0.001161547,-1.891643,-0.6863845,-0.544587,-0.4819765,0.0,0.0,0.0,0.0,0.0,0.0,0.0,2.141649,0.02943909,0.2014518,0.9822828,-0.003428888,-1.913953,0.1236619,-0.801392,0.2134111,0.5449169,28.47811,248.9974,2.241522,0.5125547,-0.0006678583,-0.858654,-0.2360245,0.007688809,0.007315712,-0.334572,-1.137031,-2.962413,-0.5154792,-0.2110649,1.951451,-0.3755467,0.03437939,0.9261657,-0.430786,0.8783268,-0.207281,-0.8206024,-0.4768229,-0.3150426,moving,-12.008481136706328,-4.851530935855276,-14.79680553655054,-6.172996667942595,-1.3168548,-1.133602112,-1.0484600000000002,-0.2073431572385525,-0.08273610096102106,0.9747633465132018,-11.250997045553326,-4.986874824534673,3.0339193957789634,3.085615763481847,3.738936062871007
05/05/2023 11:40:11.282327,1428,True,True,True,True,Eyes,1.053171,-0.001500439,-1.892726,-0.6849658,-0.5440888,-0.4845506,0.0,0.0,0.0,0.0,0.0,0.0,0.0,2.142687,0.02252772,0.1814036,0.973527,-0.004444811,-1.917485,0.1238865,-0.8027928,0.2140108,0.5425637,28.55782,248.6586,2.173969,0.5101025,-0.0006546966,-0.8601131,-0.221863,0.00722748,0.006876769,-0.3377546,-1.137583,-2.973382,-0.5145586,-0.2083409,1.951975,-0.3805534,0.03331861,0.9241585,-0.4311394,0.877703,-0.20918,-0.8181062,-0.4780453,-0.3196479,moving,-11.884424396291232,-4.739982550898491,-14.767744176087328,-6.0923078258543635,-1.3112816,-1.133138189,-1.0558969999999999,-0.20526358801586625,-0.08087442392808178,0.975359544170555,-11.133070775442512,-4.879162678565972,3.1328665906733626,3.1847003943617502,3.8317844247483865
05/05/2023 11:40:11.292704,1429,True,True,True,True,Eyes,1.048995,-0.001869487,-1.893921,-0.6834392,-0.5435234,-0.4873328,0.0,0.0,0.0,0.0,0.0,0.0,0.0,2.143775,0.01820162,0.1624475,0.9649203,-0.005845375,-1.921298,0.1244423,-0.8039796,0.2142986,0.5405619,28.628,248.3567,2.062188,0.507732,-0.000658522,-0.8615146,-0.2085512,0.006793831,0.006464163,-0.3416784,-1.137962,-2.984059,-0.5136585,-0.2056772,1.952487,-0.3846141,0.0315851,0.922537,-0.4317814,0.8771805,-0.2100458,-0.8158658,-0.4791209,-0.3237382,moving,-11.802209519255591,-4.646696190960462,-14.7393399218734,-6.013424816048224,-1.3065987,-1.1321166249999999,-1.0627609999999998,-0.20388953482951389,-0.07930954727389491,0.975776171925844,-11.05544052546432,-4.7889417231485,3.1880867254489313,3.2395496811464612,3.8820707885947234
05/05/2023 11:40:11.318028,1430,True,True,True,True,Eyes,1.044637,-0.00226079,-1.895247,-0.6818635,-0.5430117,-0.4901026,0.0,0.0,0.0,0.0,0.0,0.0,0.0,2.145003,0.01456442,0.1447434,0.9566249,-0.00697723,-1.925362,0.1256206,-0.8047965,0.2153871,0.5386377,28.81699,248.0889,1.951282,0.5054269,-0.0006790413,-0.8628689,-0.1960381,0.006386201,0.006076314,-0.3437812,-1.141349,-2.993297,-0.5127298,-0.2029284,1.953016,-0.388178,0.02983315,0.9211016,-0.4342293,0.8756558,-0.2113575,-0.8128734,-0.4820136,-0.3269558,moving,-11.743784200373899,-4.44090118721764,-14.710035721186845,-5.932039099963837,-1.3004061,-1.13437177,-1.067935,-0.20294968397435792,-0.07581937015545136,0.9762494283633866,-11.00403325894508,-4.58909386968877,3.2655817349555725,3.3199608972929493,3.9418214243748504
05/05/2023 11:40:11.332871,1431,True,True,True,True,Eyes,1.040091,-0.00266152,-1.896669,-0.6802317,-0.5423615,-0.4930809,0.0,0.0,0.0,0.0,0.0,0.0,0.0,2.146199,0.01046932,0.1282194,0.9479126,-0.007884309,-1.929798,0.1263016,-0.8056044,0.2157601,0.5371195,28.90197,247.8621,1.851153,0.5031716,-0.0007156249,-0.864186,-0.1842759,0.006003029,0.005711735,-0.3488031,-1.141829,-3.002662,-0.5118625,-0.2003623,1.953508,-0.3911012,0.02827969,0.9199131,-0.4352759,0.8749911,-0.2119564,-0.8109097,-0.4833124,-0.3299007,moving,-11.738607872927078,-4.331801234134597,-14.682690732473505,-5.856086295184589,-1.2967157,-1.133944691,-1.072864,-0.20288985914555957,-0.07396123536122552,0.976404310227933,-11.001927873382028,-4.482975659864811,3.2606662493041316,3.315278092591215,3.9285427376694715
05/05/2023 11:40:11.342283,1432,True,True,True,True,Eyes,1.03537,-0.003068572,-1.898237,-0.6786081,-0.5417119,-0.4960235,0.0,0.0,0.0,0.0,0.0,0.0,0.0,2.147608,0.005788833,0.112684,0.9393485,-0.008616496,-1.934555,0.1264924,-0.8064691,0.2155789,0.5358482,28.89962,247.6587,1.768023,0.5009518,-0.000767125,-0.8654745,-0.1732193,0.005642848,0.005369031,-0.355711,-1.139765,-3.012367,-0.5109699,-0.1977229,1.954014,-0.3937327,0.02701074,0.9188279,-0.4350593,0.8750509,-0.2121539,-0.8097516,-0.4832766,-0.3327849,moving,-11.756561962393596,-4.308382079573525,-14.654557831804622,-5.777982444781152,-1.2950595,-1.131148504,-1.0778119999999998,-0.2032019123104496,-0.07355727543605017,0.9763699906302278,-11.020061081704613,-4.460070129605923,3.19709413158813,3.2493238208189967,3.8660651180467798
05/05/2023 11:40:11.362706,1433,True,True,True,True,Eyes,1.030472,-0.003491875,-1.899908,-0.677048,-0.5409399,-0.498989,0.0,0.0,0.0,0.0,0.0,0.0,0.0,2.149023,-0.0009497106,0.09785366,0.9304451,-0.009177044,-1.939604,0.1261767,-0.8073144,0.2154106,0.5347161,28.86487,247.4848,1.743068,0.498755,-0.0008323558,-0.8667424,-0.1628261,0.005304277,0.005046889,-0.3639589,-1.137049,-3.021645,-0.5100701,-0.1950594,1.954526,-0.3963164,0.02663854,0.9177276,-0.4340955,0.8753555,-0.2128708,-0.8090084,-0.4827455,-0.3353541,moving,-11.80445952044752,-4.299376832934164,-14.626191696461616,-5.699180606754775,-1.294404,-1.127871956,-1.0820409999999998,-0.2040205567497329,-0.07339105170264038,0.9762117381954182,-11.066995248802975,-4.450990536168204,3.1004053605362345,3.1498608030126776,3.7717181503045527
05/05/2023 11:40:11.382566,1434,True,True,True,True,Eyes,1.025419,-0.003928942,-1.901734,-0.6755258,-0.5401819,-0.5018649,0.0,0.0,0.0,0.0,0.0,0.0,0.0,2.150553,-0.009317666,0.08462763,0.9218351,-0.01011867,-1.9448,0.1247419,-0.8082861,0.2144779,0.5339592,28.68103,247.3555,1.789139,0.4965702,-0.0009107104,-0.8679959,-0.1530566,0.00498602,0.004744076,-0.3753051,-1.131013,-3.030834,-0.5091505,-0.1923364,1.95505,-0.3986545,0.02739058,0.9166923,-0.4306991,0.8768774,-0.2135048,-0.8096749,-0.4799331,-0.337774,moving,-11.896236758379782,-4.428981657051344,-14.597203906736409,-5.618637124995027,-1.2971402,-1.12089433,-1.086034,-0.20555038692403793,-0.07557436538706486,0.9757241019555585,-11.152968169231814,-4.576485373016276,2.908816949916484,2.9513562422909967,3.5984496786333144
05/05/2023 11:40:11.392400,1435,True,True,True,True,Eyes,1.020185,-0.004376437,-1.903683,-0.6740581,-0.5393063,-0.5047716,0.0,0.0,0.0,0.0,0.0,0.0,0.0,2.152176,-0.01873353,0.07289505,0.913082,-0.01090344,-1.950304,0.1236529,-0.8088313,0.2146572,0.5333145,28.62889,247.2809,1.888846,0.4943876,-0.001001519,-0.8692408,-0.1438732,0.004686859,0.004459431,-0.3851922,-1.129047,-3.037848,-0.5082798,-0.1897598,1.955546,-0.4005717,0.02893089,0.9158089,-0.4289882,0.8772646,-0.2153511,-0.809637,-0.4791347,-0.3389963,moving,-12.0320926362304,-4.412040760951813,-14.569765803269828,-5.542442753117433,-1.2982741999999998,-1.1181435599999998,-1.0875439999999998,-0.20786852077506335,-0.075248189287991,0.9752581010386562,-11.285859663471266,-4.559101226415393,2.7378438880477147,2.778055752968957,3.427973175674423
05/05/2023 11:40:11.418291,1436,True,True,True,True,Eyes,1.014797,-0.004835553,-1.905795,-0.6727409,-0.5382853,-0.5076108,0.0,0.0,0.0,0.0,0.0,0.0,0.0,2.154099,-0.03083301,0.06195593,0.9040844,-0.01175206,-1.95638,0.1211857,-0.8096282,0.2138308,0.5330033,28.38746,247.2389,2.065902,0.4921975,-0.00110404,-0.8704826,-0.1352408,0.004405648,0.004191865,-0.3992287,-1.122273,-3.045745,-0.5073653,-0.1870553,1.956065,-0.402443,0.03171422,0.9148956,-0.4241758,0.8791808,-0.2170621,-0.8112426,-0.4754317,-0.3403678,moving,-12.20332494637945,-4.559358748746929,-14.540968964158196,-5.462491092197337,-1.3033131,-1.11052094,-1.0893650000000001,-0.21074236742409813,-0.07770661266790331,0.9744482766805569,-11.448809465845464,-4.701303790259429,2.47323607150761,2.506038224697099,3.1844711447330085
05/05/2023 11:40:11.432474,1437,True,True,True,True,Eyes,1.009268,-0.005323284,-1.908059,-0.6715223,-0.5373983,-0.5101576,0.0,0.0,0.0,0.0,0.0,0.0,0.0,2.155837,-0.04464367,0.05121589,0.8950319,-0.01256409,-1.962399,0.1177461,-0.8106747,0.212227,0.5328248,28.0064,247.2014,2.288306,0.4899918,-0.001217631,-0.8717259,-0.1271263,0.004141309,0.003940353,-0.4156873,-1.111858,-3.054307,-0.5064744,-0.1844184,1.956571,-0.4044674,0.0352521,0.9138728,-0.4170671,0.8821911,-0.2186181,-0.8139172,-0.4695702,-0.3421152,moving,-12.37358528745792,-4.843615114998923,-14.512919948033002,-5.384558230835828,-1.3107191999999999,-1.09929391,-1.091908,-0.21355474532938395,-0.08248851823836031,0.9734423065513853,-11.607120842347806,-4.976751685572442,2.1851178482470064,2.206665412904556,2.9342758256443005
05/05/2023 11:40:11.452422,1438,True,True,True,True,Eyes,1.003617,-0.005848898,-1.910486,-0.6703927,-0.5364357,-0.5126503,0.0,0.0,0.0,0.0,0.0,0.0,0.0,2.157879,-0.05728719,0.03984499,0.8863137,-0.01381808,-1.968646,0.1147417,-0.8116412,0.2110159,0.5324898,27.69314,247.1489,2.490075,0.4877636,-0.001342524,-0.8729743,-0.1194988,0.00389283,0.003703932,-0.4305111,-1.103365,-3.063034,-0.505486,-0.1814933,1.957133,-0.4065782,0.03846953,0.9128059,-0.4109858,0.8846133,-0.2203409,-0.8159567,-0.4647359,-0.343854,moving,-12.522559818306986,-5.056589088244685,-14.481805489829936,-5.298129613701817,-1.3168248,-1.0895469199999999,-1.0943880000000001,-0.21601960355930194,-0.08605854398240514,0.9725890295616029,-11.746603698911615,-5.182984090742187,1.9612865794617693,1.9740783740316705,2.7376243950732975
05/05/2023 11:40:11.462308,1439,True,True,True,True,Eyes,0.9978499,-0.006433595,-1.913038,-0.6691909,-0.5355954,-0.5150934,0.0,0.0,0.0,0.0,0.0,0.0,0.0,2.160085,-0.06710464,0.02801013,0.8777729,-0.01529864,-1.974977,0.1125916,-0.8124462,0.210063,0.5320977,27.4613,247.0851,2.622441,0.4855072,-0.001479345,-0.874231,-0.1123288,0.00365926,0.003481696,-0.4433048,-1.097227,-3.071852,-0.5046538,-0.1790303,1.957607,-0.4083906,0.04059875,0.9119042,-0.4064974,0.8863932,-0.2215103,-0.8172988,-0.4611493,-0.3454915,moving,-12.65212742235662,-5.210382387993697,-14.455609472764046,-5.225372420429915,-1.3210777,-1.08192836,-1.0968749999999998,-0.218169164688157,-0.08862544631188646,0.9718785159230657,-11.86876342621808,-5.331763328567183,1.7965744025578738,1.8035443457853244,2.589032926377098
05/05/2023 11:40:11.479556,1440,True,True,True,True,Eyes,0.9919944,-0.007057555,-1.915749,-0.6680481,-0.5347199,-0.5174807,0.0,0.0,0.0,0.0,0.0,0.0,0.0,2.162624,-0.07334283,0.01578283,0.8696432,-0.01736923,-1.981411,0.1112115,-0.8131402,0.2090856,0.5317128,27.27727,247.0106,2.675333,0.4832184,-0.001629646,-0.875498,-0.1055891,0.003439705,0.003272794,-0.4550301,-1.092147,-3.081047,-0.5037106,-0.1762392,1.958143,-0.4098273,0.04148598,0.9112195,-0.4032081,0.8878304,-0.2217667,-0.8182086,-0.458297,-0.3471297,moving,-12.758734171138359,-5.330058860266767,-14.425935898410966,-5.142948287090114,-1.3246733,-1.07477777,-1.0996359999999998,-0.21993747466288988,-0.09061837390558994,0.9712959012534373,-11.969460035817507,-5.447499694250572,1.6748154561183333,1.6776686103087404,2.475282857191819
05/05/2023 11:40:11.492600,1441,True,True,True,True,Eyes,0.842948,-0.01816025,-1.987899,-0.6315787,-0.5260363,-0.5695562,0.0,0.0,0.0,0.0,0.0,0.0,0.0,2.165488,-0.07381007,0.004584551,0.8616735,-0.01892922,-1.987955,0.1114026,-0.8134233,0.208065,0.5316399,27.18996,246.9593,2.577182,0.4808936,-0.001793888,-0.8767768,0.0,0.0,0.0,-0.4654852,-1.088406,-3.089831,-0.5028664,-0.1737422,1.958622,-0.4098971,0.03999634,0.9112546,-0.4024664,0.8885968,-0.2200377,-0.8185387,-0.4569421,-0.3481361,moving,-16.395197982389078,-5.256651302632881,-14.39938920534165,-5.06923072298166,-1.3271587,-1.06947678,-1.1018760000000003,-0.2811679938985268,-0.08792125319073552,0.9556225827251411,-15.516332390762877,-5.3519602686925465,1.9927416100866042,2.004589521128041,1.1521710270080563
05/05/2023 11:40:11.512498,1442,True,True,True,True,Eyes,0.8425831,-0.01808121,-1.988171,-0.6317733,-0.5258642,-0.5694993,0.0,0.0,0.0,0.0,0.0,0.0,0.0,2.167993,-0.07927841,-0.001243353,0.8529398,-0.01495247,-1.99468,0.1142841,-0.8122745,0.2113237,0.5314996,27.69659,247.0183,2.523015,0.4720471,-0.002457446,-0.8815696,-0.4471392,-0.03330807,-0.2164503,-0.4685956,-1.09643,-3.091673,-0.5019654,-0.1710764,1.959135,-0.408895,0.03897683,0.911749,-0.4102969,0.8845629,-0.2218218,-0.8151453,-0.4647895,-0.3457012,moving,-16.39777268614123,-4.759358664527065,-14.371051280476873,-4.990546894592739,-1.3215354000000001,-1.08147753,-1.096993,-0.2814079913240214,-0.07961798417329771,0.9562795779217397,-15.532245905062458,-4.868085288537222,2.0376726076670764,2.039864616561356,1.1676342754151037
05/05/2023 11:40:11.532813,1443,True,True,True,True,Eyes,0.8419617,-0.01804419,-1.988678,-0.6319343,-0.5258887,-0.569298,0.0,0.0,0.0,0.0,0.0,0.0,0.0,2.170164,-0.09220165,-0.003354073,0.8438323,-0.01306026,-2.001475,0.1110517,-0.8122175,0.2095964,0.5329537,27.3127,247.2178,2.774842,0.464026,-0.003050739,-0.885816,-0.4203109,-0.03130959,-0.2034633,-0.4894253,-1.083263,-3.095426,-0.5010694,-0.1684267,1.959642,-0.4072556,0.04301412,0.9123006,-0.4038065,0.8874738,-0.2221048,-0.8191965,-0.4588464,-0.3440592,moving,-16.598823594700516,-5.092317183239621,-14.342900334823819,-4.9123676450139735,-1.3332576,-1.07020274,-1.0939509999999997,-0.2846326785279777,-0.08508930009787831,0.9548529449245163,-15.719259829339652,-5.1907154251854815,2.251206648185546,2.263088948928064,1.4042232532152026
05/05/2023 11:40:11.542870,1444,True,True,True,True,Eyes,0.8410887,-0.01779487,-1.989418,-0.6315311,-0.527043,-0.5686776,0.0,0.0,0.0,0.0,0.0,0.0,0.0,2.172747,-0.1023872,-0.002463579,0.8369956,-0.01407943,-2.007625,0.1083734,-0.811598,0.2092944,0.5345649,27.10297,247.4852,3.081382,0.4567424,-0.003582704,-0.8895915,-0.3950922,-0.02943101,-0.1912555,-0.5061672,-1.078311,-3.095366,-0.500137,-0.1656682,1.960171,-0.404991,0.04785153,0.9130675,-0.3996742,0.8889021,-0.2238605,-0.8223398,-0.4555911,-0.3408723,moving,-16.84843398336886,-5.320489476505035,-14.313603888261417,-4.830998858993341,-1.3431628,-1.06423157,-1.0877409999999998,-0.2886964905695442,-0.0887784254470992,0.9532957538801551,-15.95643478190431,-5.4110681947517785,2.5589300102722308,2.5816592872984594,1.7422324125657696
05/05/2023 11:40:11.562182,1445,True,True,True,True,Eyes,0.83988,-0.01744108,-1.990446,-0.6313906,-0.5276927,-0.5682308,0.0,0.0,0.0,0.0,0.0,0.0,0.0,2.174564,-0.1282149,0.0008001328,0.8300008,-0.008610275,-2.013999,0.1136803,-0.807919,0.2245697,0.5328342,28.94787,247.752,3.644772,0.4501157,-0.004049598,-0.8929608,-0.3713867,-0.02766515,-0.1797802,-0.4861477,-1.127768,-3.079516,-0.4992529,-0.1630514,1.960676,-0.4063291,0.05562795,0.9120321,-0.4230058,0.8732905,-0.2417227,-0.8099156,-0.4840137,-0.3313124,moving,-16.94841359851014,-3.3792403159064563,-14.2858088139142,-4.753824738219589,-1.3161485,-1.119157725,-1.0655169999999998,-0.29104666877817353,-0.05639289736533966,0.9550453367197602,-16.106219744845912,-3.5216003200286377,2.9909379027750935,2.9964890410310403,2.1982431563049833
05/05/2023 11:40:11.582548,1446,True,True,True,True,Eyes,0.838472,-0.01705405,-1.991656,-0.6313597,-0.5282316,-0.5677643,0.0,0.0,0.0,0.0,0.0,0.0,0.0,2.176785,-0.1455863,-0.005326748,0.8205458,-0.005881857,-2.021457,0.1061565,-0.8097503,0.2175059,0.534534,27.75809,247.8301,3.927253,0.4440676,-0.00445306,-0.8959819,-0.3491035,-0.02600524,-0.1689934,-0.5195095,-1.091006,-3.092487,-0.4983197,-0.1602894,1.961207,-0.4060086,0.06060816,0.9118574,-0.4044491,0.882844,-0.2387625,-0.8194988,-0.4657394,-0.3339293,moving,-17.111732072585404,-4.525632541514897,-14.256492443041264,-4.672397577979404,-1.3400553,-1.0851241429999998,-1.0710300000000004,-0.2933977246114446,-0.07543250509945312,0.9530098146107353,-16.234526709275876,-4.635938865305045,2.853946849613915,2.85900914969641,1.9783702373742313
05/05/2023 11:40:11.592808,1447,True,True,True,True,Eyes,0.8368187,-0.01660251,-1.99308,-0.6310641,-0.5291632,-0.5672252,0.0,0.0,0.0,0.0,0.0,0.0,0.0,2.17862,-0.1597229,-0.008615494,0.8143768,-0.004767783,-2.027003,0.1031291,-0.8099632,0.2170822,0.5349759,27.51628,247.9218,4.216353,0.4385333,-0.0047979,-0.8987018,-0.3281573,-0.02444493,-0.1588538,-0.5327895,-1.082938,-3.096255,-0.4974215,-0.1576312,1.961717,-0.4063301,0.06520593,0.9113966,-0.3993292,0.8844793,-0.2413141,-0.8218466,-0.4620005,-0.333352,moving,-17.216306413195102,-4.751840544559887,-14.22829093414029,-4.59405677546315,-1.3471663,-1.078170217,-1.069252,-0.2950512870694978,-0.07915229223532508,0.9521972855929681,-16.330370719736074,-4.855342210717723,2.9800603403015016,2.992178507519485,2.1182562412717183
05/05/2023 11:40:11.612603,1448,True,True,True,True,Eyes,0.8349189,-0.01611079,-1.994703,-0.6310465,-0.5296728,-0.5667689,0.0,0.0,0.0,0.0,0.0,0.0,0.0,2.180333,-0.1766661,-0.01133966,0.8066649,-0.002732724,-2.033341,0.10383,-0.8086982,0.2226359,0.5344715,28.10435,248.0623,4.554915,0.4334517,-0.005086985,-0.9011621,-0.3084678,-0.02297823,-0.1493225,-0.5338401,-1.09812,-3.093559,-0.4965118,-0.1549406,1.962233,-0.4071192,0.0700509,0.9106849,-0.4059193,0.8793052,-0.2491022,-0.8182198,-0.4710788,-0.329547,moving,-17.279702185672036,-4.107262047025133,-14.199739799782954,-4.51478554707321,-1.340505,-1.095387276,-1.0602179999999999,-0.2963408077973985,-0.06840668189421129,0.9526293076194485,-16.409543593629042,-4.2277570767353625,3.105377691740423,3.1068060289601287,2.2283667000924803
05/05/2023 11:40:11.632714,1449,True,True,True,True,Eyes,0.8328489,-0.01563312,-1.996472,-0.6309042,-0.5301813,-0.5664518,0.0,0.0,0.0,0.0,0.0,0.0,0.0,2.182061,-0.1921633,-0.01819277,0.7989022,-0.00140439,-2.039706,0.09823085,-0.8099818,0.2184796,0.5353008,27.32874,248.0943,4.828212,0.428767,-0.005324035,-0.9033991,-0.2899598,-0.02159954,-0.1403632,-0.5570548,-1.074304,-3.103408,-0.4955922,-0.1522197,1.962757,-0.4076077,0.07477423,0.9100907,-0.393035,0.8852347,-0.2487629,-0.824245,-0.4590951,-0.3314396,moving,-17.39600336608092,-4.83490269365912,-14.170869373241743,-4.434641469288933,-1.355957,-1.07289961,-1.0637020000000001,-0.2980050136594045,-0.08045531544992562,0.9511676593641528,-16.503303918727845,-4.9349687224760235,3.230719251697193,3.249876662198288,2.38549329683793
05/05/2023 11:40:11.642719,1450,True,True,True,True,Eyes,0.830579,-0.01516876,-1.998407,-0.6306373,-0.5308331,-0.5661385,0.0,0.0,0.0,0.0,0.0,0.0,0.0,2.183663,-0.2064928,-0.02610588,0.7928761,-0.00131955,-2.045251,0.09645493,-0.8103215,0.2199026,0.5345263,27.35479,248.0604,5.087985,0.4244325,-0.005514908,-0.9054425,-0.2725622,-0.02030357,-0.1319414,-0.5633036,-1.07463,-3.108408,-0.4946574,-0.1494534,1.963288,-0.4099561,0.07876843,0.9086976,-0.3914065,0.8846786,-0.2532682,-0.8238549,-0.459499,-0.3318489,moving,-17.377789003212566,-4.770679300961939,-14.141541504721653,-4.353190029437898,-1.3561797,-1.07331045,-1.063157,-0.29772798717210525,-0.07939628221141781,0.9513433982609025,-16.487279240958514,-4.872601160327601,3.243801459137437,3.2630653017257205,2.4025556081176886
05/05/2023 11:40:11.662356,1451,True,True,True,True,Eyes,0.828114,-0.01471648,-2.000527,-0.6307966,-0.5308826,-0.5659146,0.0,0.0,0.0,0.0,0.0,0.0,0.0,2.185122,-0.2204486,-0.03721738,0.7858251,-0.001177289,-2.051151,0.09595035,-0.8106202,0.2225267,0.5330762,27.5852,247.9581,5.288225,0.420404,-0.005664849,-0.907319,-0.2562084,-0.01908535,-0.1240249,-0.5658294,-1.080414,-3.114227,-0.4937493,-0.1467679,1.963803,-0.4132465,0.08168882,0.9069476,-0.392806,0.8825508,-0.2584716,-0.8215416,-0.4630671,-0.3326231,moving,-17.26381445724604,-4.471894493333438,-14.113065003880381,-4.27414402181451,-1.3516545,-1.079236711,-1.0630760000000001,-0.29594760968318923,-0.07447733212142538,0.9522962560938488,-16.38422791183433,-4.582644063895402,3.144760628351583,3.1569490599105245,2.2920194655433774
05/05/2023 11:40:11.682601,1452,True,True,True,True,Eyes,0.8254542,-0.01427031,-2.002792,-0.6309198,-0.5308363,-0.5658207,0.0,0.0,0.0,0.0,0.0,0.0,0.0,2.186426,-0.2335618,-0.05254889,0.7784674,-0.001050048,-2.057123,0.09231253,-0.8124074,0.2200803,0.5320126,27.11722,247.748,5.42694,0.4166417,-0.005778513,-0.9090521,-0.2408359,-0.01794023,-0.1165834,-0.578818,-1.06568,-3.127883,-0.4928886,-0.1442171,1.964294,-0.4168823,0.08418017,0.9050543,-0.3841617,0.8860862,-0.2593668,-0.8237897,-0.4558125,-0.3370549,moving,-17.141905041398875,-4.875226946349838,-14.086062264866392,-4.199082214498605,-1.3572854,-1.064629952,-1.0707600000000004,-0.2937651480419176,-0.08123633614004036,0.9524194094329834,-16.254517191199064,-4.975888625701399,3.1028686120161955,3.1297518708830463,2.3033942276610393
05/05/2023 11:40:11.692402,1453,True,True,True,True,Eyes,0.8225895,-0.01382616,-2.005212,-0.6313019,-0.5303416,-0.5658583,0.0,0.0,0.0,0.0,0.0,0.0,0.0,2.186981,-0.2494445,-0.06894445,0.7711822,-0.000803683,-2.062798,0.08937594,-0.8140396,0.2195858,0.5302204,26.89012,247.5006,5.620325,0.4131098,-0.005859817,-0.9106621,-0.2263858,-0.01686382,-0.1095884,-0.5867365,-1.058066,-3.140207,-0.4919896,-0.1415565,1.964807,-0.4217568,0.08734666,0.9024922,-0.3783689,0.887588,-0.2627253,-0.8239895,-0.452281,-0.3412971,moving,-16.963466939842725,-4.988230229577952,-14.0578644960969,-4.12081214030542,-1.3579187,-1.057262317,-1.0774090000000003,-0.2907504242579148,-0.08319471690543452,0.9531750873716367,-16.07752654704727,-5.087022344195423,2.9987922519823074,3.0323158975771167,2.238882971070667
05/05/2023 11:40:11.712486,1454,True,True,True,True,Eyes,0.8195372,-0.01341084,-2.007751,-0.6317105,-0.529607,-0.5660904,0.0,0.0,0.0,0.0,0.0,0.0,0.0,2.187346,-0.2634968,-0.08813047,0.7633214,-0.0004592761,-2.068579,0.08576674,-0.8162018,0.217234,0.5284585,26.44008,247.193,5.742532,0.4097755,-0.005912106,-0.912167,-0.2128026,-0.01585199,-0.1030131,-0.5979429,-1.043265,-3.155984,-0.4910833,-0.1388769,1.96532,-0.4267516,0.08959233,0.8999202,-0.3696041,0.8909069,-0.2639651,-0.8253945,-0.4452617,-0.3470822,moving,-16.76482678321416,-5.326633927397953,-14.029474189228983,-4.042016367256986,-1.3612643000000002,-1.0428057239000001,-1.087405,-0.28730148272677747,-0.08891960444938529,0.9537039546939975,-15.874767287176095,-5.417601085682241,2.9710432259199404,3.0219854548366003,2.301595084913143
05/05/2023 11:40:11.732717,1455,True,True,True,True,Eyes,0.8163306,-0.0130367,-2.010413,-0.6320505,-0.5288684,-0.5664012,0.0,0.0,0.0,0.0,0.0,0.0,0.0,2.187634,-0.2741808,-0.1069846,0.7558175,-0.0008026212,-2.073909,0.08239486,-0.8183022,0.2143822,0.5269092,25.95645,246.8963,5.813425,0.4066103,-0.005939628,-0.9135821,-0.2000345,-0.01490087,-0.09683232,-0.6093792,-1.027817,-3.171537,-0.4902272,-0.1363423,1.965807,-0.4311559,0.09107206,0.8976697,-0.3607676,0.8945028,-0.2640295,-0.8270137,-0.4376879,-0.3528143,moving,-16.582672899571794,-5.716628711875085,-14.002647052033046,-3.967504650849121,-1.3651967,-1.0270143788,-1.0976279999999998,-0.284093982487347,-0.09550430660655562,0.9540280262991911,-15.686688611821292,-5.798267814199859,3.044695577355374,3.1170448111677818,2.487506730719744
05/05/2023 11:40:11.742646,1456,True,True,True,True,Eyes,0.8129503,-0.01269745,-2.013176,-0.6322733,-0.528163,-0.5668107,0.0,0.0,0.0,0.0,0.0,0.0,0.0,2.187802,-0.2843912,-0.1238155,0.7486858,-0.001369245,-2.078979,0.0817936,-0.8194388,0.2153398,0.5248417,26.02561,246.6373,5.875622,0.4035899,-0.005946763,-0.9149203,-0.1880324,-0.01400682,-0.09102238,-0.6120552,-1.028624,-3.182091,-0.4893202,-0.1336582,1.966323,-0.4357023,0.09198884,0.8953781,-0.3600882,0.8938772,-0.2670581,-0.8249245,-0.4387729,-0.3563403,moving,-16.369775204830695,-5.564319284000144,-13.974232247917383,-3.888623016455605,-1.360741,-1.027254755,-1.1031119999999999,-0.2806121503982595,-0.09306725256454255,0.9552985698959945,-15.483257139010817,-5.651484959671393,2.8557066661685058,2.9234541281640922,2.320525447560982
05/05/2023 11:40:11.762311,1457,True,True,True,True,Eyes,0.8094281,-0.01237953,-2.016034,-0.6323575,-0.5276217,-0.5672206,0.0,0.0,0.0,0.0,0.0,0.0,0.0,2.187908,-0.2934973,-0.140938,0.7411603,-0.001871724,-2.084136,0.08106387,-0.8206359,0.2156477,0.5229546,26.02236,246.3815,5.908224,0.4006919,-0.005937178,-0.9161934,-0.1767505,-0.01316641,-0.08556104,-0.6164267,-1.027002,-3.19329,-0.4884073,-0.1309578,1.966842,-0.4398943,0.09250004,0.8932731,-0.3585957,0.8938494,-0.2691509,-0.8233482,-0.4387218,-0.3600292,moving,-16.170901743342323,-5.505939747899926,-13.945643012864462,-3.8092894854854036,-1.357587,-1.025130276,-1.1091540000000002,-0.2773174444603671,-0.09218566066496993,0.9563454993605786,-15.290965040085082,-5.5960014097481094,2.730499563101544,2.798284926614731,2.236566756711621
05/05/2023 11:40:11.782469,1458,True,True,True,True,Eyes,0.805748,-0.01205094,-2.018966,-0.6322358,-0.5272815,-0.5676725,0.0,0.0,0.0,0.0,0.0,0.0,0.0,2.187585,-0.3016315,-0.1578021,0.7339647,-0.001977485,-2.088709,0.08179591,-0.8215473,0.2174038,0.5206774,26.2567,246.1055,5.887771,0.3978971,-0.005913536,-0.9174107,-0.1661454,-0.01237642,-0.08042737,-0.6162353,-1.031626,-3.202882,-0.4875091,-0.128301,1.967352,-0.4444089,0.0919961,0.8910878,-0.3607929,0.89209,-0.2720365,-0.8199569,-0.4423936,-0.3632612,moving,-15.928865468928102,-5.2400007152174215,-13.917526318039007,-3.731264608051872,-1.3502,-1.0296485149999999,-1.1141729999999996,-0.27338265360421626,-0.0878487261666629,0.9578854212897028,-15.062191413246,-5.3388519700723265,2.456107310392329,2.514312991845749,1.9734729049858062
05/05/2023 11:40:11.792443,1459,True,True,True,True,Eyes,0.8019259,-0.01173217,-2.021988,-0.6321241,-0.5270728,-0.5679907,0.0,0.0,0.0,0.0,0.0,0.0,0.0,2.186851,-0.3125264,-0.1733537,0.7265004,-0.001361664,-2.093378,0.08251251,-0.822244,0.2199115,0.5184066,26.56367,245.8607,5.924136,0.3951883,-0.005876771,-0.918581,-0.1561767,-0.01163384,-0.07560173,-0.6155448,-1.038121,-3.211007,-0.4866291,-0.1256967,1.967852,-0.4488928,0.09231639,0.8888045,-0.3636981,0.8896612,-0.2760918,-0.8162227,-0.447192,-0.3657871,moving,-15.70295250424109,-4.896744565551889,-13.889984583992144,-3.654807213188845,-1.3420452,-1.036759336,-1.117629,-0.2697342213276335,-0.08219641866376277,0.9594202667187962,-14.851219040309177,-5.006367272142897,2.1518982269285716,2.1975579780852916,1.6585193013561772
05/05/2023 11:40:11.812491,1460,True,True,True,True,Eyes,0.7979559,-0.01140204,-2.025065,-0.6318064,-0.5270686,-0.5683478,0.0,0.0,0.0,0.0,0.0,0.0,0.0,2.185988,-0.3217571,-0.1886659,0.7189125,-0.001188308,-2.097816,0.08256284,-0.8230825,0.2211465,0.5165392,26.70119,245.6344,5.94634,0.3925498,-0.005828656,-0.919712,-0.1468061,-0.01093581,-0.07106562,-0.6182425,-1.039855,-3.219747,-0.485701,-0.1229499,1.96838,-0.4527411,0.09254963,0.8868257,-0.3643737,0.8885552,-0.2787498,-0.8137918,-0.4493375,-0.3685628,moving,-15.522201348479188,-4.742937010311172,-13.860940974523597,-3.574193101979131,-1.337155,-1.038666692,-1.121931,-0.2667606637815493,-0.07968906647777443,0.9604625234200909,-14.679165001804195,-4.85791358511252,1.9891815073488042,2.0311938246603454,1.522310361797325
05/05/2023 11:40:11.832676,1461,True,True,True,True,Eyes,0.7938318,-0.01105721,-2.028193,-0.6315212,-0.5270888,-0.5686461,0.0,0.0,0.0,0.0,0.0,0.0,0.0,2.18526,-0.3295246,-0.2033999,0.7113877,-0.0005388707,-2.102201,0.08416791,-0.8235526,0.2236421,0.5144522,27.06254,245.404,5.895802,0.3899683,-0.005769824,-0.9208099,-0.1379977,-0.01027966,-0.06680168,-0.6171288,-1.04726,-3.227117,-0.4848219,-0.1203508,1.968878,-0.4565091,0.09147292,0.8850037,-0.3687397,0.8858,-0.2817613,-0.8097099,-0.4549628,-0.3706461,moving,-15.301170256186229,-4.38756257525584,-13.833452769029746,-3.497943363970906,-1.3285165,-1.0467211293,-1.1249159999999998,-0.2631730210240753,-0.07380577320379889,0.9619213507490835,-14.47327819749037,-4.51360561242973,1.6862144773851255,1.716279978089871,1.2003942610031317
05/05/2023 11:40:11.842866,1462,True,True,True,True,Eyes,0.7895593,-0.01070803,-2.031377,-0.6311086,-0.5271275,-0.5690681,0.0,0.0,0.0,0.0,0.0,0.0,0.0,2.184714,-0.3346452,-0.220259,0.7036991,0.0001619309,-2.106724,0.08590177,-0.8243234,0.2251166,0.5122835,27.33227,245.1181,5.751451,0.3874314,-0.005700694,-0.9218806,-0.1297179,-0.00966288,-0.06279358,-0.6168789,-1.051132,-3.236943,-0.4839001,-0.1176209,1.969403,-0.460373,0.08902531,0.8832503,-0.3722687,0.8838869,-0.2831255,-0.8058987,-0.4591498,-0.3737763,moving,-15.049077131439775,-4.14780368965088,-13.804618405044193,-3.4178811713160653,-1.320578,-1.0512939309,-1.1302190000000003,-0.25901192688727964,-0.0698613031554546,0.9633442732166837,-14.233995322905841,-4.281995735108323,1.4190893323572846,1.4427281117640813,0.9649137354967291
05/05/2023 11:40:11.862331,1463,True,True,True,True,Eyes,0.7851628,-0.01038341,-2.034617,-0.6307373,-0.5272225,-0.5693918,0.0,0.0,0.0,0.0,0.0,0.0,0.0,2.184443,-0.336366,-0.23791,0.6958674,0.0006498806,-2.111233,0.08733822,-0.825329,0.2250342,0.5104545,27.42705,244.8235,5.532518,0.3849285,-0.00562213,-0.922929,-0.1219348,-0.009083107,-0.05902597,-0.6196622,-1.049562,-3.248564,-0.4829748,-0.1148827,1.96993,-0.4636168,0.08557392,0.881894,-0.373905,0.8834633,-0.2822902,-0.8032776,-0.460619,-0.3775918,moving,-14.800367226785733,-4.104480970674609,-13.775682803901699,-3.337604328242849,-1.3155296,-1.0502118806,-1.137331,-0.2548393857102389,-0.06921227802615834,0.9645033312985689,-13.992715885570652,-4.241492719031377,1.2546908145439621,1.2798741935083289,0.9295792497366733
05/05/2023 11:40:11.882931,1464,True,True,True,True,Eyes,0.780635,-0.01005605,-2.037922,-0.6301964,-0.5273739,-0.5698503,0.0,0.0,0.0,0.0,0.0,0.0,0.0,2.184211,-0.3366075,-0.255856,0.6884089,0.0004346669,-2.115569,0.08954672,-0.8262019,0.2255943,0.5084085,27.63423,244.5104,5.273192,0.3824501,-0.005536207,-0.9239593,-0.1146187,-0.00853812,-0.05548441,-0.6199232,-1.051683,-3.259669,-0.4820453,-0.1121321,1.970459,-0.4670047,0.08142086,0.8804987,-0.3773555,0.8821772,-0.2817203,-0.7996938,-0.4638256,-0.3812563,moving,-14.533675604090043,-3.9618218075472185,-13.746626866565231,-3.2569946203938422,-1.3083320999999999,-1.0521176668999999,-1.1441000000000003,-0.25038695056663396,-0.06689089050569486,0.9658323255811836,-13.736584967304582,-4.104456151885092,1.033484583035754,1.0565164830659008,0.8475210245759426
05/05/2023 11:40:11.892666,1465,True,True,True,True,Eyes,0.7759789,-0.00973752,-2.041297,-0.6298289,-0.527324,-0.5703025,0.0,0.0,0.0,0.0,0.0,0.0,0.0,2.18422,-0.336229,-0.2747493,0.6807248,0.0008813106,-2.120369,0.09198273,-0.8271658,0.22584,0.5062928,27.82384,244.1701,4.963128,0.3799875,-0.005443542,-0.9249753,-0.1077416,-0.008025833,-0.05215535,-0.6202984,-1.052221,-3.27213,-0.4810954,-0.1093217,1.970999,-0.4704139,0.0765124,0.8791229,-0.3808523,0.8810709,-0.2804739,-0.7960294,-0.4667547,-0.385328,moving,-14.237939354745457,-3.8317740781765677,-13.71694598579555,-3.174664575993831,-1.3010232,-1.0531023106000001,-1.151761,-0.24543261383873008,-0.06478323185281025,0.9672465821559951,-13.451800878074794,-3.979882919184217,0.8170159721501411,0.838586303458755,0.8477490833722687
05/05/2023 11:40:11.912490,1466,True,True,True,True,Eyes,0.7712083,-0.009457399,-2.044717,-0.6293737,-0.5271856,-0.5709327,0.0,0.0,0.0,0.0,0.0,0.0,0.0,2.183629,-0.3352556,-0.2956865,0.6728206,0.001030128,-2.12494,0.09312577,-0.8286839,0.2243122,0.5042765,27.75489,243.795,4.659451,0.3775334,-0.005345242,-0.9259802,-0.1012771,-0.007544283,-0.04902602,-0.6241817,-1.045828,-3.287114,-0.4802568,-0.1068422,1.971474,-0.4740658,0.07188708,0.8775499,-0.3805743,0.8820232,-0.2778455,-0.793993,-0.46569,-0.3907786,moving,-13.951142269203844,-3.9483615894636306,-13.690761647434762,-3.102056950791187,-1.2970023,-1.046858128,-1.1621739999999998,-0.24055533251525402,-0.06683541518271692,0.9683316675107604,-13.169083237894796,-4.095222612323107,0.8584524713145893,0.8854544650242322,1.1218406278194262
05/05/2023 11:40:11.932684,1467,True,True,True,True,Eyes,0.7663162,-0.009219292,-2.048166,-0.6289505,-0.5269462,-0.5716196,0.0,0.0,0.0,0.0,0.0,0.0,0.0,2.182963,-0.3341266,-0.3161423,0.6653115,0.000403855,-2.129384,0.09400051,-0.8301784,0.2227695,0.502336,27.666,243.4363,4.386259,0.375082,-0.00524365,-0.9269764,-0.09520048,-0.007091626,-0.04608446,-0.6282631,-1.039744,-3.301606,-0.4793804,-0.1042462,1.971973,-0.477645,0.0677359,0.875938,-0.3798847,0.8830752,-0.2754372,-0.7921762,-0.4643165,-0.3960646,moving,-13.682686736358136,-4.0693242321358385,-13.663387031659559,-3.0260620659376953,-1.2935746,-1.040147855,-1.172222,-0.2359814591193569,-0.06895923096689678,0.9693076764707907,-12.904127366666247,-4.2146976083161904,1.013816346937986,1.0434406672264094,1.410435993404584
05/05/2023 11:40:11.942588,1468,True,True,True,True,Eyes,0.7613092,-0.009016944,-2.051653,-0.6283976,-0.5267227,-0.5724331,0.0,0.0,0.0,0.0,0.0,0.0,0.0,2.181917,-0.3355008,-0.3351858,0.65772,-0.0003679283,-2.133794,0.09551892,-0.8312503,0.2229383,0.5001976,27.78737,243.1043,4.163211,0.3726276,-0.005141025,-0.9279664,0.0,0.0,0.0,-0.6295126,-1.040204,-3.313521,-0.4784461,-0.1014822,1.972504,-0.481357,0.06422613,0.8741685,-0.3818266,0.8823493,-0.2750783,-0.7889892,-0.4661916,-0.4002018,moving,-13.431113495330873,-3.9700710946510473,-13.634218579621113,-2.945180175610187,-1.2872325999999998,-1.0398360717,-1.1797270000000002,-0.2317487073403578,-0.06735049311944948,0.9704413676669499,-12.661564200413713,-4.11979416382451,1.0198536045724667,1.0448220284799534,1.525049036162474
05/05/2023 11:40:11.962516,1469,True,True,True,True,Eyes,0.7561962,-0.008853817,-2.055184,-0.6279423,-0.5263155,-0.5733067,0.0,0.0,0.0,0.0,0.0,0.0,0.0,2.180418,-0.3379132,-0.3546014,0.6499586,-0.0009976365,-2.138154,0.09654139,-0.8324586,0.2227968,0.4980505,27.84641,242.7674,3.968545,0.3701653,-0.005039115,-0.9289519,0.0,0.0,0.0,-0.6317319,-1.038919,-3.325848,-0.4775169,-0.09873211,1.973033,-0.4852513,0.06119464,0.872231,-0.3826615,0.8820828,-0.2747732,-0.7861945,-0.4671032,-0.404615,moving,-13.182744082183117,-3.9120466389183104,-13.605211812879338,-2.8647359082436976,-1.2816905,-1.0379213635,-1.187694,-0.22755381865599741,-0.0664352097821498,0.9714966456198937,-12.421012939982257,-4.06498433143564,1.108181391222148,1.1293089701520156,1.6860970458266809
05/05/2023 11:40:11.983172,1470,True,True,True,True,Eyes,0.750977,-0.008729724,-2.058754,-0.6273355,-0.5259633,-0.5742931,0.0,0.0,0.0,0.0,0.0,0.0,0.0,2.17862,-0.3407318,-0.374357,0.6422355,-0.001762815,-2.142464,-0.09713492,0.8337938,-0.2223334,-0.4959041,27.84618,242.4259,3.795543,0.3676913,-0.004939657,-0.9299344,0.0,0.0,0.0,-0.6345722,-1.036318,-3.338588,-0.4766408,-0.09614035,1.973531,-0.4892883,0.05853106,0.870156,-0.382493,0.8822654,-0.2744212,-0.7837707,-0.4670995,-0.4092944,moving,-12.947482073787988,-3.9115389015732758,-13.577875500533649,-2.7889529267024393,-1.2768077,-1.034555185,-1.1961240000000002,-0.22356200396175122,-0.06648963510397549,0.9724191205560982,-12.19168876439773,-4.066050439237717,1.268416066400319,1.2874762690864803,1.8848054870365125
05/05/2023 11:40:11.993115,1471,True,True,True,True,Eyes,0.7456665,-0.008645,-2.062379,-0.6267762,-0.5255547,-0.5752772,0.0,0.0,0.0,0.0,0.0,0.0,0.0,2.176418,-0.3458939,-0.3942232,0.6344745,-0.002550837,-2.146924,-0.09787457,0.8350365,-0.222765,-0.4934676,27.94539,242.0733,3.660321,0.3652023,-0.004844202,-0.9309152,0.0,0.0,0.0,-0.6356429,-1.036772,-3.350724,-0.4756935,-0.09333783,1.974068,-0.4938203,0.05639697,0.867733,-0.3833123,0.8815926,-0.275438,-0.7805209,-0.4686297,-0.4137306,moving,-12.6955892713089,-3.797673151159955,-13.548335751859538,-2.7070414310311532,-1.2701174000000002,-1.034221163,-1.2038000000000002,-0.2193117588101447,-0.06462091592326966,0.973512451944611,-11.94920794075118,-3.9569312716234673,1.3699776414563574,1.3844327751980618,2.029638975255474
05/05/2023 11:40:12.012389,1472,True,True,True,True,Eyes,0.7402465,-0.008598158,-2.066032,-0.6260614,-0.5251706,-0.5764053,0.0,0.0,0.0,0.0,0.0,0.0,0.0,2.173419,-0.3527236,-0.4154735,0.6266962,-0.003355511,-2.151284,-0.09809624,0.8365352,-0.2230649,-0.4907423,28.00076,241.6826,3.559199,0.362695,-0.004754131,-0.9318954,0.0,0.0,0.0,-0.636337,-1.0364,-3.363782,-0.4748272,-0.0907765,1.97456,-0.4990982,0.05481284,0.86481,-0.3830567,0.8812384,-0.2769233,-0.7772827,-0.4694832,-0.4188281,moving,-12.429231423510597,-3.7198349980522143,-13.521323429439217,-2.6322070502196118,-1.2630332000000002,-1.033044489,-1.212498,-0.21480108653093244,-0.06336338362861652,0.9746002669724001,-11.69165525679138,-3.8829623130947866,1.530241019032413,1.5412979927060686,2.2163200016266655
05/05/2023 11:40:12.033091,1473,True,True,True,True,Eyes,0.6023079,-0.008213066,-2.15836,-0.6079004,-0.5141065,-0.6051047,0.0,0.0,0.0,0.0,0.0,0.0,0.0,2.169401,-0.3618115,-0.4380364,0.6186599,-0.004211199,-2.155533,-0.09773705,0.8382557,-0.2233668,-0.4877318,28.02235,241.2611,3.508937,0.3601665,-0.004670638,-0.9328759,0.0,0.0,0.0,-0.637024,-1.035421,-3.377471,-0.4739472,-0.08816999,1.975062,-0.5051306,0.05402892,0.8613502,-0.3817435,0.8811095,-0.2791381,-0.7740254,-0.4698159,-0.4244502,moving,-14.018937006865514,-3.0729104749777236,-13.49387682683225,-2.556079994272615,-1.2556839000000002,-1.031209801,-1.2219379999999997,-0.24191467254024984,-0.05201444836417471,0.9689024078799756,-13.2587670697795,-3.242972886022073,0.7218176630857019,0.7367509337913567,0.7260154561697266
05/05/2023 11:40:12.042537,1474,True,True,True,True,Eyes,0.6019787,-0.008251784,-2.158526,-0.6076852,-0.5141146,-0.6053139,0.0,0.0,0.0,0.0,0.0,0.0,0.0,2.164445,-0.3731312,-0.4618249,0.6105987,-0.004917618,-2.15974,-0.09699161,0.8401712,-0.2238288,-0.484361,28.03864,240.8007,3.497751,0.3511652,-0.00457189,-0.936302,-0.4138159,0.001155278,-0.2769842,-0.6370429,-1.034166,-3.391845,-0.4729611,-0.0852513,1.975623,-0.5119741,0.05384872,0.8573113,-0.379807,0.8809866,-0.2821511,-0.7704733,-0.4700669,-0.4305903,moving,-13.639894379981625,-3.02781037081866,-13.463140132680156,-2.4708718721322382,-1.2476416000000001,-1.029248382,-1.2321049999999998,-0.23550789706408237,-0.05133495178915756,0.9705157365600354,-12.89048473308758,-3.201604797080033,0.5676724984426569,0.584313747278116,0.9283882885330317
05/05/2023 11:40:12.062435,1475,True,True,True,True,Eyes,0.6013556,-0.008333918,-2.158878,-0.6073514,-0.5141195,-0.6056446,0.0,0.0,0.0,0.0,0.0,0.0,0.0,2.158331,-0.3862976,-0.4871757,0.6023811,-0.005887315,-2.163807,-0.09583627,0.8422948,-0.2244117,-0.4806186,28.04488,240.2993,3.52523,0.3430208,-0.004484378,-0.9393167,-0.3889869,0.001085961,-0.2603652,-0.6360369,-1.033475,-3.406833,-0.4721069,-0.08272666,1.976107,-0.5196423,0.0542681,0.8526586,-0.3771577,0.8809096,-0.2859203,-0.7666315,-0.470163,-0.4372903,moving,-13.238025508945027,-2.9829472824080785,-13.436535334172207,-2.39719935084388,-1.238418,-1.0275876849999999,-1.243026,-0.2287029150751934,-0.05065951391061982,0.9721772241509354,-12.499944553013032,-3.160618691825633,0.6055526752986491,0.6184713332430719,1.2083093070639526
05/05/2023 11:40:12.083479,1476,True,True,True,True,Eyes,0.6004158,-0.008431972,-2.159374,-0.6067608,-0.5141903,-0.6061763,0.0,0.0,0.0,0.0,0.0,0.0,0.0,2.151307,-0.4007041,-0.5131035,0.5941939,-0.006954283,-2.167683,-0.09468041,0.8444545,-0.2253795,-0.4765881,28.09225,239.7717,3.569193,0.3356395,-0.004408976,-0.9419798,-0.3656477,0.001020803,-0.2447432,-0.6336511,-1.034217,-3.421697,-0.4712549,-0.08020592,1.97659,-0.5277985,0.05491977,0.8475919,-0.374733,0.8804794,-0.2903983,-0.7622358,-0.4708925,-0.4441355,moving,-12.829593914583745,-2.8997095285384042,-13.410004546247766,-2.323669021262564,-1.227845,-1.027262717,-1.2540140000000002,-0.22178182858065293,-0.049328053286287546,0.9738478337927475,-12.104041227266762,-3.082338161727178,0.8110248716527879,0.8177402811230687,1.5103373978079184
05/05/2023 11:40:12.092552,1477,True,True,True,True,Eyes,0.5991591,-0.00854415,-2.160022,-0.6060494,-0.5141696,-0.606905,0.0,0.0,0.0,0.0,0.0,0.0,0.0,2.143267,-0.4169329,-0.5397627,0.5856528,-0.007426511,-2.171572,-0.09363994,0.8466426,-0.2267579,-0.4722384,28.19061,239.2122,3.617329,0.3289351,-0.004345236,-0.9443422,-0.3437089,0.0009595552,-0.2300587,-0.6301274,-1.035779,-3.436702,-0.4703525,-0.07753372,1.977104,-0.5364452,0.05560842,0.8421013,-0.3727266,0.8796249,-0.2955249,-0.7571669,-0.4724064,-0.4511438,moving,-12.40338508841918,-2.759943083832845,-13.381896239035896,-2.2457492153060454,-1.2157802,-1.028352489,-1.26513,-0.2145553477506444,-0.047030106352856524,0.9755788556941768,-11.692331950299113,-2.9491739944120288,1.1030160375853157,1.105386541582539,1.8301458700428586
05/05/2023 11:40:12.112787,1478,True,True,True,True,Eyes,0.5975941,-0.008674382,-2.160795,-0.6051587,-0.5140615,-0.6078847,0.0,0.0,0.0,0.0,0.0,0.0,0.0,2.135053,-0.4304157,-0.5679994,0.5767706,-0.007911038,-2.175684,-0.09203985,0.8491461,-0.2266294,-0.4681013,28.10253,238.6415,3.630755,0.3228283,-0.004292656,-0.9464475,-0.3230864,0.0009019818,-0.2162551,-0.6296422,-1.031466,-3.45393,-0.469395,-0.07469964,1.97765,-0.54482,0.05586046,0.8366906,-0.3684816,0.8803356,-0.298715,-0.7532549,-0.4710509,-0.4590409,moving,-11.99720634812902,-2.8109840150986383,-13.352076455638825,-2.163143329217607,-1.2064128,-1.023554962,-1.2782460000000002,-0.20762468313757648,-0.04797257012617416,0.9770315808250727,-11.295005504679057,-3.001529570808938,1.4994427911274697,1.5017891205180696,2.221358230311392
05/05/2023 11:40:12.132386,1479,True,True,True,True,Eyes,0.5957322,-0.008829142,-2.161687,-0.6042464,-0.5136236,-0.6091608,0.0,0.0,0.0,0.0,0.0,0.0,0.0,2.125892,-0.4425228,-0.5973551,0.5678163,-0.008492805,-2.179355,-0.09024261,0.8518422,-0.2259081,-0.4638821,27.94346,238.0442,3.624354,0.3172481,-0.004250954,-0.9483327,-0.3037012,0.0008478629,-0.2032798,-0.6294182,-1.0252,-3.471914,-0.468523,-0.07212037,1.978144,-0.5533391,0.05584454,0.8310819,-0.3633344,0.8816437,-0.3011522,-0.7495357,-0.4685999,-0.4675576,moving,-11.586193423127233,-2.916085123499524,-13.324948424688834,-2.0879993563239667,-1.1972345,-1.016707195,-1.2925589999999998,-0.20059224991758504,-0.04983930216867416,0.9784061466890427,-10.89150950771263,-3.106516905940585,1.9230774901888177,1.925875124003168,2.637992221658616
05/05/2023 11:40:12.142771,1480,True,True,True,True,Eyes,0.5935702,-0.008997353,-2.162688,-0.6031839,-0.5130762,-0.6106734,0.0,0.0,0.0,0.0,0.0,0.0,0.0,2.116447,-0.4532749,-0.6264791,0.5587907,-0.009289935,-2.182877,-0.0885221,0.8544849,-0.2249884,-0.4597821,27.7685,237.4586,3.603262,0.3121304,-0.004220156,-0.9500296,-0.2854791,0.0007969912,-0.191083,-0.6297409,-1.018402,-3.489663,-0.467587,-0.06935304,1.978675,-0.5615283,0.05560966,0.8255866,-0.3581729,0.8830881,-0.3030966,-0.7459208,-0.4659001,-0.4759612,moving,-11.201101023795811,-3.035827163025033,-13.295832836392702,-2.007409229289488,-1.1885316000000001,-1.009112065,-1.3067860000000002,-0.1939908559843163,-0.05195432044227628,0.9796266136008474,-10.512886709577998,-3.2255777458397294,2.33005986153618,2.3335691147112705,3.03788144592036
05/05/2023 11:40:12.162633,1481,True,True,True,True,Eyes,0.5911227,-0.009177441,-2.163808,-0.6020213,-0.5122112,-0.6125438,0.0,0.0,0.0,0.0,0.0,0.0,0.0,2.10636,-0.464062,-0.6559331,0.5494368,-0.009807251,-2.186408,-0.08648875,0.8571987,-0.2237229,-0.4557176,27.5407,236.8753,3.597249,0.307417,-0.004199786,-0.9515654,-0.2683504,0.0007491717,-0.179618,-0.6308971,-1.009949,-3.50775,-0.4666989,-0.06672448,1.97918,-0.5696824,0.05563277,0.8199797,-0.3521848,0.8849356,-0.3047209,-0.7425817,-0.4623786,-0.4845392,moving,-10.841271589096404,-3.1864444850500195,-13.268207634685021,-1.930892434363055,-1.1803339,-1.000141749,-1.321342,-0.18780828804885638,-0.0545961792298187,0.9806870908354168,-10.158058539068632,-3.374512219339042,2.727963339528537,2.7324768107637354,3.428857751575233
05/05/2023 11:40:12.182760,1482,True,True,True,True,Eyes,0.5883882,-0.009385681,-2.165024,-0.6007608,-0.5111405,-0.6146723,0.0,0.0,0.0,0.0,0.0,0.0,0.0,2.095585,-0.4737653,-0.6862845,0.5398421,-0.0103164,-2.189835,-0.08425578,0.8600373,-0.2219582,-0.4516323,27.25102,236.2795,3.58317,0.3030556,-0.004189338,-0.9529634,-0.2522493,0.0007042214,-0.168841,-0.6326899,-0.9995595,-3.52655,-0.4658167,-0.06411231,1.979684,-0.5778591,0.05556075,0.8142436,-0.3454132,0.887271,-0.3056794,-0.7394387,-0.4578899,-0.4935262,moving,-10.488905198276827,-3.388221244138234,-13.24075850043663,-1.854882588170941,-1.172532,-0.9892431,-1.3367149999999999,-0.1817374446753987,-0.058116955513523555,0.9816282935148495,-9.809126572829317,-3.5731745287039463,3.1442167505498624,3.150210156559622,3.8377890613574066
05/05/2023 11:40:12.193006,1483,True,True,True,True,Eyes,0.5854067,-0.009637383,-2.166348,-0.5994441,-0.509932,-0.6169572,0.0,0.0,0.0,0.0,0.0,0.0,0.0,2.084726,-0.4800662,-0.717665,0.5302301,-0.0112465,-2.193244,-0.08176576,0.8630462,-0.2191203,-0.4477187,26.83598,235.6819,3.538567,0.2989991,-0.004189081,-0.9542439,-0.2371144,0.0006619681,-0.1587105,-0.636299,-0.9852394,-3.546667,-0.4648044,-0.06111574,1.98026,-0.5857249,0.05507329,0.8086369,-0.3373438,0.8906012,-0.3050059,-0.7369708,-0.4514381,-0.5030687,moving,-10.150080498258925,-3.713148851443684,-13.209285948327969,-1.767728897031621,-1.1665291,-0.9739928999999999,-1.3534229999999998,-0.17586870318688036,-0.0637519272014945,0.9823471643457372,-9.470075989709475,-3.8915708731137535,3.6164095694131673,3.6253822949803203,4.300278578650478
05/05/2023 11:40:12.212559,1484,True,True,True,True,Eyes,0.5821504,-0.009919491,-2.167742,-0.5980174,-0.5085869,-0.6194469,0.0,0.0,0.0,0.0,0.0,0.0,0.0,2.073214,-0.4874588,-0.7475796,0.5207155,-0.0125377,-2.196224,-0.0800055,0.8657097,-0.217535,-0.4436492,26.59192,235.0933,3.493881,0.2952065,-0.004199933,-0.9554241,-0.2228875,0.00062225,-0.1491879,-0.6371281,-0.9766431,-3.564428,-0.4639016,-0.05844527,1.980773,-0.5935494,0.05449537,0.8029507,-0.3315415,0.8925553,-0.3056555,-0.7333347,-0.4476331,-0.5117082,moving,-9.81827696754034,-3.859993817340049,-13.181230824607534,-1.6900957372330234,-1.1578436,-0.9641054,-1.368204,-0.17014820355198196,-0.0663370403151395,0.9831830416480141,-9.142669678297759,-4.036649051121534,3.9924503663319197,4.002238913760055,4.670791002325417
05/05/2023 11:40:12.232714,1485,True,True,True,True,Eyes,0.5786263,-0.01023321,-2.16918,-0.5965093,-0.5070681,-0.6221403,0.0,0.0,0.0,0.0,0.0,0.0,0.0,2.061027,-0.4956931,-0.7773266,0.5108601,-0.01359008,-2.19923,-0.07744166,0.8684437,-0.2155023,-0.4397354,26.2578,234.5313,3.517374,0.2916394,-0.00422214,-0.9565188,-0.2095142,0.000584915,-0.1402366,-0.6396074,-0.9657667,-3.582221,-0.4630953,-0.05605733,1.981232,-0.6012715,0.05502053,0.7971485,-0.3240354,0.8951231,-0.3061956,-0.7303931,-0.4424109,-0.5203834,moving,-9.530978986727439,-4.075905266320585,-13.156176000750325,-1.6207045607251496,-1.1504675,-0.95217662,-1.382991,-0.16517349451487276,-0.07010169051432415,0.9837700064572864,-8.85678665469056,-4.2486326932693075,4.366956744574813,4.378363152507656,5.038923994150858
05/05/2023 11:40:12.242325,1486,True,True,True,True,Eyes,0.5748463,-0.010536,-2.170673,-0.5948528,-0.5055295,-0.624972,0.0,0.0,0.0,0.0,0.0,0.0,0.0,2.04781,-0.5054778,-0.8068142,0.5011686,-0.01476155,-2.201952,-0.07385844,0.8712815,-0.2132231,-0.4358319,25.84477,233.9859,3.641196,0.2882646,-0.004255981,-0.9575411,-0.1969434,0.0005498201,-0.1318224,-0.6430469,-0.9531326,-3.599799,-0.4622303,-0.05349874,1.981723,-0.6091911,0.05715588,0.7909612,-0.3145618,0.8981616,-0.307175,-0.727968,-0.4359344,-0.529173,moving,-9.282204833023885,-4.355365883582452,-13.129313412481636,-1.546385492367366,-1.1442155,-0.93837105,-1.397847,-0.16084358116936315,-0.07495351043321527,0.9841296883502915,-8.606744531706246,-4.522193206629251,4.749503919751338,4.763466727118842,5.413784335713652
05/05/2023 11:40:12.262825,1487,True,True,True,True,Eyes,0.5707896,-0.01067468,-2.172233,-0.5929705,-0.5041533,-0.6278658,0.0,0.0,0.0,0.0,0.0,0.0,0.0,2.033514,-0.5202659,-0.8344381,0.4912373,-0.01483105,-2.204678,-0.07092783,0.8737385,-0.2127625,-0.4316047,25.65956,233.4418,3.79845,0.2850519,-0.004299805,-0.9585022,-0.1851268,0.0005168309,-0.123913,-0.6435544,-0.9464159,-3.615025,-0.4613149,-0.05079037,1.982244,-0.6173736,0.05971381,0.7844009,-0.3076033,0.8994027,-0.3105719,-0.7240378,-0.433023,-0.5368993,moving,-9.03127503780581,-4.415490367601058,-13.100884870908962,-1.4677493034445712,-1.1347917,-0.93158485,-1.4103470000000002,-0.15651910454104118,-0.07603969784390843,0.984743500027422,-8.360512866451034,-4.582357411202763,5.010880665974342,5.025027519825565,5.672028773336886
05/05/2023 11:40:12.283420,1488,True,True,True,True,Eyes,0.5664623,-0.01075932,-2.17386,-0.5910897,-0.5023544,-0.6310729,0.0,0.0,0.0,0.0,0.0,0.0,0.0,2.016709,-0.5469273,-0.8599179,0.480586,-0.01104314,-2.207853,-0.06830265,0.8758604,-0.2149039,-0.4266377,25.76828,232.8706,4.057733,0.2819731,-0.004345305,-0.9594122,-0.1740192,0.0004858211,-0.1164783,-0.6399323,-0.9455748,-3.627962,-0.4604114,-0.04811585,1.982758,-0.6266302,0.06372505,0.7767071,-0.3030194,0.8983021,-0.3181707,-0.7179931,-0.4347326,-0.5435935,moving,-8.752396650717296,-4.14047422101886,-13.072835555782397,-1.3901314042739057,-1.1205183,-0.9345316600000001,-1.420109,-0.1517767419699638,-0.07136555154859134,0.9858350574051464,-8.096069508093743,-4.316620399265367,5.11065432345252,5.121579633474491,5.773433824963501
05/05/2023 11:40:12.293081,1489,True,True,True,True,Eyes,0.5619989,-0.01088166,-2.175534,-0.5890833,-0.500739,-0.634225,0.0,0.0,0.0,0.0,0.0,0.0,0.0,1.999619,-0.5550072,-0.8959537,0.469781,-0.009944804,-2.210983,-0.06213885,0.8797614,-0.2093601,-0.4222881,24.88857,232.2242,4.266465,0.2790031,-0.004389909,-0.9602799,-0.163578,0.0004566718,-0.1094896,-0.6471838,-0.9167005,-3.652084,-0.4594952,-0.04540497,1.983279,-0.6356234,0.06748588,0.7690443,-0.2861553,0.9046142,-0.3158929,-0.7170067,-0.4208549,-0.5556825,moving,-8.489450742782768,-4.87509413795864,-13.044401734587302,-1.3114941378839213,-1.1169647999999999,-0.906755696,-1.4411009999999997,-0.1471048250468518,-0.08405926903714056,0.9855426123825224,-7.819944476085514,-5.033137723213559,5.765761152196763,5.7833228768826,6.414482412645409
05/05/2023 11:40:12.312691,1490,True,True,True,True,Eyes,0.5573313,-0.01091081,-2.177248,-0.5866282,-0.4997311,-0.6372881,0.0,0.0,0.0,0.0,0.0,0.0,0.0,1.984733,-0.5656784,-0.9217165,0.4611641,-0.01087142,-2.212674,-0.06124047,0.8818166,-0.2099927,-0.4177945,24.93071,231.6456,4.266405,0.2761251,-0.00443538,-0.9611112,-0.1537633,0.0004292715,-0.1029202,-0.6423793,-0.9166551,-3.665021,-0.4585885,-0.04272258,1.983793,-0.6433946,0.06746187,0.7625564,-0.2834733,0.9043053,-0.3191781,-0.7111161,-0.4215219,-0.5627016,moving,-8.205876225172982,-4.764025554603154,-13.016281137847969,-1.2337200519803198,-1.1035434,-0.90578368,-1.452347,-0.142247329305497,-0.08220760860536147,0.9864114487053067,-7.546504323903526,-4.92695025080984,5.951073706925625,5.966829339417771,6.599879369799917
05/05/2023 11:40:12.333873,1491,True,True,True,True,Eyes,0.5524252,-0.0108305,-2.17904,-0.584179,-0.4985149,-0.6404824,0.0,0.0,0.0,0.0,0.0,0.0,0.0,1.96845,-0.5927066,-0.9410207,0.4515251,-0.008554053,-2.215326,-0.0639907,0.8824817,-0.217168,-0.4122735,25.85256,231.0491,4.213758,0.273321,-0.004477484,-0.9619122,-0.1445375,0.0004035152,-0.09674498,-0.627146,-0.940041,-3.670436,-0.4576885,-0.04006028,1.984304,-0.6518716,0.06612398,0.7554411,-0.2920065,0.8974866,-0.3305302,-0.6998542,-0.4360569,-0.5657374,moving,-7.83322869657293,-3.7692514747540935,-12.988371389396669,-1.1565633138271565,-1.0786711,-0.931486947,-1.45511,-0.13600077642808098,-0.0651276116439439,0.9885656767687638,-7.210052834025536,-3.961521929021756,5.772395733392516,5.779414815500075,6.4231423898509945
05/05/2023 11:40:12.342718,1492,True,True,True,True,Eyes,0.5473434,-0.01065661,-2.180877,-0.5816344,-0.4971976,-0.6438136,0.0,0.0,0.0,0.0,0.0,0.0,0.0,1.955295,-0.5918483,-0.9719949,0.4409003,-0.005916987,-2.218965,-0.06157503,0.8854418,-0.2121093,-0.4089144,25.21262,230.4904,4.083538,0.2705726,-0.004511689,-0.9626888,-0.1358653,0.0003793043,-0.09094028,-0.6333985,-0.9145969,-3.691964,-0.4567935,-0.03741217,1.984813,-0.6579952,0.06442681,0.7502611,-0.2825113,0.9024364,-0.325263,-0.6980186,-0.4259787,-0.5755975,moving,-7.6269171422945625,-4.337271269111996,-12.960619437578504,-1.0798526781451907,-1.0742988,-0.9086799130000001,-1.4729990000000002,-0.13234861120851016,-0.07496210878951734,0.9883645620979575,-6.99362645431573,-4.515564389223504,6.238567714769517,6.249732478394044,6.885428107528816
05/05/2023 11:40:12.362358,1493,True,True,True,True,Eyes,0.5420705,-0.01036163,-2.182797,-0.579053,-0.495801,-0.6472086,0.0,0.0,0.0,0.0,0.0,0.0,0.0,1.942408,-0.5954448,-0.9975979,0.4315785,-0.003520161,-2.221809,-0.06094238,0.8876107,-0.2100772,-0.4053403,24.98231,229.9599,3.92963,0.2678669,-0.004534618,-0.963445,-0.1277134,0.0003565461,-0.08548386,-0.6338178,-0.9017023,-3.708004,-0.4558773,-0.03470141,1.985333,-0.6639705,0.06211932,0.745174,-0.2784918,0.9043071,-0.3235288,-0.6939636,-0.4223384,-0.5831335,moving,-7.411681695811534,-4.494018601156386,-12.932225107853249,-1.0013644542806197,-1.0653963,-0.898182139,-1.486195,-0.12860774706642975,-0.07770432522054747,0.9886465827384813,-6.779586017989443,-4.669504398142049,6.520231854072038,6.532612995878882,7.163115133646244
05/05/2023 11:40:12.382761,1494,True,True,True,True,Eyes,0.5366406,-0.009983788,-2.184807,-0.576481,-0.4940096,-0.6508641,0.0,0.0,0.0,0.0,0.0,0.0,0.0,1.932207,-0.5947021,-1.022124,0.4217722,-0.000338044,-2.225744,-0.06265801,0.8893557,-0.2083514,-0.4021321,24.89715,229.4445,3.54709,0.2651906,-0.00454201,-0.9641849,-0.1200506,0.0003351533,-0.08035483,-0.6335713,-0.8909514,-3.723958,-0.4549989,-0.03210133,1.985833,-0.6687277,0.0561191,0.7413868,-0.2790201,0.9053273,-0.3202035,-0.6891673,-0.4209907,-0.5897592,moving,-7.188704926623492,-4.507856806586385,-12.905001019984661,-0.926115409791095,-1.0553435,-0.8906133559999999,-1.498214,-0.12475657251935196,-0.07798175655898228,0.9891180658440978,-6.561851056681767,-4.684447413412883,6.7332954828288525,6.745732907586339,7.3729648653982665
05/05/2023 11:40:12.392924,1495,True,True,True,True,Eyes,0.5310755,-0.009568538,-2.18686,-0.5738311,-0.4917892,-0.654875,0.0,0.0,0.0,0.0,0.0,0.0,0.0,1.923446,-0.5784239,-1.052737,0.4125632,0.001966175,-2.229856,-0.06337,0.8920605,-0.2017515,-0.3993854,24.24047,228.8866,3.023403,0.2625334,-0.004531732,-0.9649119,-0.1128475,0.0003150441,-0.07553354,-0.6383581,-0.8622109,-3.746894,-0.4541008,-0.02944309,1.986345,-0.6729513,0.04809346,0.7381219,-0.274213,0.9105611,-0.309331,-0.6869819,-0.4105672,-0.5995755,moving,-6.969359523606339,-5.078938998778896,-12.877169490372276,-0.8492186701063498,-1.0509213000000002,-0.864177075,-1.5170380000000003,-0.12086909481323829,-0.08787911473771759,0.9887709225603234,-6.332636492887807,-5.241555971801014,7.249169050679911,7.265862141701063,7.881848712517985
05/05/2023 11:40:12.412708,1496,True,True,True,True,Eyes,0.5253938,-0.009122074,-2.18902,-0.5710144,-0.4895806,-0.6589791,0.0,0.0,0.0,0.0,0.0,0.0,0.0,1.91404,-0.5735507,-1.077081,0.4043929,0.003212605,-2.233622,-0.06631698,0.8936794,-0.2003957,-0.3959556,24.24858,228.3351,2.524684,0.2598875,-0.004503896,-0.965628,-0.1060767,0.0002961414,-0.07100153,-0.6345361,-0.8551872,-3.762535,-0.4531249,-0.02655512,1.9869,-0.6776427,0.04016337,0.7342941,-0.2772279,0.9108872,-0.3056619,-0.6811354,-0.4106963,-0.6061216,moving,-6.721295062717755,-4.980640041136719,-12.84694470716433,-0.7657183135897024,-1.038929,-0.858399805,-1.5289130000000002,-0.11660395147198438,-0.08622689399267393,0.989428372543473,-6.093468033725761,-5.147557660970949,7.419857693864411,7.435667336282358,8.050463542240122
05/05/2023 11:40:12.432958,1497,True,True,True,True,Eyes,0.5196306,-0.008668118,-2.191307,-0.5681688,-0.4869348,-0.6633844,0.0,0.0,0.0,0.0,0.0,0.0,0.0,1.903789,-0.5699184,-1.103385,0.3958809,0.004424721,-2.238289,-0.06880245,0.8954633,-0.1988828,-0.3922465,24.21486,227.7526,2.061179,0.2572456,-0.004458862,-0.9663354,-0.09971208,0.0002783729,-0.06674144,-0.6302842,-0.8474879,-3.779729,-0.4522835,-0.02406681,1.987376,-0.6828175,0.03280205,0.7298518,-0.2792423,0.9114237,-0.3022095,-0.6751173,-0.4101596,-0.6131764,moving,-6.464832215853812,-4.887756306774691,-12.820908916561928,-0.6938089418072358,-1.0261651,-0.851912621,-1.5414400000000001,-0.11218907262018957,-0.08466611242547026,0.9900734358113135,-5.845966711106951,-5.05888397059693,7.6001636701227895,7.615044683086373,8.228225736840264
05/05/2023 11:40:12.442370,1498,True,True,True,True,Eyes,0.5137915,-0.008241661,-2.193707,-0.5651651,-0.4842297,-0.6679147,0.0,0.0,0.0,0.0,0.0,0.0,0.0,1.892557,-0.5606393,-1.13413,0.387804,0.005017374,-2.243194,-0.06929083,0.898013,-0.194522,-0.3885006,23.77873,227.1408,1.671675,0.2546028,-0.004398013,-0.9670354,-0.09372935,0.0002616706,-0.06273695,-0.6291007,-0.8279778,-3.801399,-0.451319,-0.02121437,1.987923,-0.6885322,0.02669565,0.7247143,-0.2755919,0.91472,-0.2955274,-0.6707999,-0.4032056,-0.622457,moving,-6.216014095225654,-5.181970028019573,-12.79106425032872,-0.611415898693545,-1.0169047,-0.832995174,-1.558205,-0.10783983136404096,-0.08979247408826006,0.990105005272004,-5.59548408448335,-5.34679931338343,7.990712115106543,8.007574513622714,8.613955537801859
05/05/2023 11:40:12.462851,1499,True,True,True,True,Eyes,0.5078974,-0.007831497,-2.196252,-0.5619587,-0.4814023,-0.6726471,0.0,0.0,0.0,0.0,0.0,0.0,0.0,1.878695,-0.559528,-1.164289,0.3797761,0.004725534,-2.248084,-0.06933067,0.9004052,-0.1922792,-0.3840478,23.54761,226.4967,1.427493,0.2519547,-0.004324147,-0.967729,-0.0881056,0.0002459703,-0.05897273,-0.6245978,-0.8163366,-3.82114,-0.4501696,-0.01781058,1.988579,-0.6954014,0.02283746,0.7182589,-0.2725402,0.9164439,-0.2930058,-0.6649355,-0.3995109,-0.6310723,moving,-5.956412107770216,-5.245417506711105,-12.755484758700446,-0.5131522455811585,-1.0043739,-0.8210621339999999,-1.5730560000000002,-0.10334192129883729,-0.0909324853309778,0.9904804927423791,-5.340709036567394,-5.410254248656485,8.266431678439485,8.283822995110693,8.885972486906432
05/05/2023 11:40:12.482678,1500,True,True,True,True,Eyes,0.5019311,-0.007439169,-2.198921,-0.558561,-0.4785143,-0.6775202,0.0,0.0,0.0,0.0,0.0,0.0,0.0,1.862439,-0.564624,-1.19596,0.3722154,0.004722431,-2.253715,-0.06780288,0.9030672,-0.1904947,-0.3789251,23.29363,225.8073,1.366591,0.2492986,-0.00423929,-0.968417,0.0,0.0,0.0,-0.6169933,-0.8063516,-3.841733,-0.4495682,-0.01603103,1.988922,-0.7036371,0.02190532,0.7102218,-0.2668276,0.9182291,-0.2926745,-0.6585575,-0.3954434,-0.6402552,moving,-5.685505747488189,-5.307707907787835,-12.736875363224952,-0.4618031628786289,-0.9892086999999999,-0.811074031,-1.588018,-0.09864738714152643,-0.09205334198572103,0.9908556013228872,-5.074945458940944,-5.47265833001363,8.538690562016512,8.55596904239778,9.154989861499852
05/05/2023 11:40:12.494954,1501,True,True,True,True,Eyes,0.4959337,-0.007067107,-2.201725,-0.5549453,-0.4757386,-0.6824282,0.0,0.0,0.0,0.0,0.0,0.0,0.0,1.842969,-0.5740822,-1.229588,0.3648246,0.004683636,-2.259396,-0.06448223,0.9060821,-0.1886754,-0.3731745,22.9568,225.072,1.491385,0.246631,-0.004145331,-0.9691002,0.0,0.0,0.0,-0.6088166,-0.7941787,-3.863528,-0.4486097,-0.01319534,1.989466,-0.7131659,0.02396531,0.7005858,-0.25767,0.9204873,-0.2937844,-0.651921,-0.3900369,-0.650285,moving,-5.402593783830328,-5.4426509355031945,-12.70724016038701,-0.38001463967937266,-0.9736412000000001,-0.798862336,-1.604132,-0.09373263054943995,-0.09443178747073623,0.9911087635384193,-4.795520368632105,-5.605831887606116,8.869514767375062,8.88752749364723,9.4817970855727
05/05/2023 11:40:12.512850,1502,True,True,True,True,Eyes,0.4899025,-0.006709122,-2.204653,-0.5510122,-0.4732189,-0.6873496,0.0,0.0,0.0,0.0,0.0,0.0,0.0,1.821295,-0.5932254,-1.260984,0.3578559,0.0045751,-2.265177,-0.06111719,0.9087509,-0.1894751,-0.3667913,22.9051,224.312,1.736588,0.2439502,-0.004044064,-0.969779,0.0,0.0,0.0,-0.5960316,-0.7922651,-3.882472,-0.4477628,-0.01068884,1.989948,-0.723458,0.02791505,0.6898042,-0.2500763,0.9207277,-0.2995369,-0.6434834,-0.3892059,-0.659127,moving,-5.111285929013117,-5.301032151105012,-12.681054917755421,-0.30775654945210723,-0.9538875,-0.7968402000000001,-1.617295,-0.08871246202616678,-0.09202426455163717,0.9917971961551393,-4.515365039586295,-5.469970833893066,9.051397666964629,9.068307657826066,9.660587327120437
05/05/2023 11:40:12.523411,1503,True,True,True,True,Eyes,0.4838673,-0.006377885,-2.207714,-0.5468907,-0.4710139,-0.692139,0.0,0.0,0.0,0.0,0.0,0.0,0.0,1.7973,-0.6201677,-1.290671,0.3509597,0.004603922,-2.27102,-0.05746372,0.9111705,-0.1921364,-0.3599304,23.04811,223.5366,2.092166,0.2412555,-0.003936857,-0.9704533,0.0,0.0,0.0,-0.5807261,-0.7968579,-3.899334,-0.4467829,-0.007789135,1.990505,-0.7342963,0.03359295,0.6779977,-0.24303,0.9195631,-0.3087722,-0.6338342,-0.3915039,-0.6670677,moving,-4.808512152413081,-4.979893879746811,-12.6507708407951,-0.22420555770383874,-0.9316858,-0.801461822,-1.628314,-0.08351167019398681,-0.08650292023704631,0.9927451701179781,-4.228871143419713,-5.15951618190257,9.156555177023485,9.171564356854242,9.761438698776965
05/05/2023 11:40:12.542695,1504,True,True,True,True,Eyes,0.4778403,-0.006070978,-2.210885,-0.5424165,-0.4692022,-0.6968741,0.0,0.0,0.0,0.0,0.0,0.0,0.0,1.772724,-0.6474164,-1.319729,0.3445255,0.004331462,-2.276987,-0.05335153,0.9135418,-0.1947453,-0.3530854,23.17191,222.7751,2.496581,0.238547,-0.003825492,-0.9711231,0.0,0.0,0.0,-0.5650036,-0.8019078,-3.915766,-0.4459728,-0.005392551,1.990965,-0.7449686,0.04004573,0.6658964,-0.2350011,0.9184558,-0.3181406,-0.6243366,-0.3934912,-0.6748099,moving,-4.532056801970501,-4.704900571942602,-12.625744805047043,-0.15518588100410446,-0.9095291000000001,-0.806239262,-1.638779,-0.07875224740323628,-0.08176899887962394,0.993534996645344,-3.9667891914890347,-4.893785323490176,9.271312049272867,9.284809597406223,9.87075665761734
05/05/2023 11:40:12.562309,1505,True,True,True,True,Eyes,0.4718651,-0.005770936,-2.214205,-0.5377462,-0.4677874,-0.70143,0.0,0.0,0.0,0.0,0.0,0.0,0.0,1.747922,-0.6784807,-1.345329,0.3386256,0.004098102,-2.282717,-0.05080054,0.9153907,-0.1993694,-0.3460215,23.58806,222.001,2.812479,0.2358256,-0.003711459,-0.971788,0.0,0.0,0.0,-0.5457864,-0.815319,-3.929058,-0.4450722,-0.002729535,1.991475,-0.7553769,0.04496754,0.6537459,-0.2309769,0.9153422,-0.3298457,-0.6132336,-0.400158,-0.6810418,moving,-4.219953612782805,-4.175476872495948,-12.597939326163273,-0.07853010336706276,-0.884412,-0.8194171020000001,-1.646341,-0.07339125409538905,-0.07261497744456803,0.9946561521381302,-3.6768147729351606,-4.380734097320354,9.315183416216184,9.326071919231744,9.904313328030224
05/05/2023 11:40:12.583100,1506,True,True,True,True,Eyes,0.4659111,-0.005486276,-2.217646,-0.5327832,-0.4666524,-0.7059587,0.0,0.0,0.0,0.0,0.0,0.0,0.0,1.723109,-0.7109619,-1.36904,0.3327345,0.004381824,-2.288692,-0.04932578,0.9169262,-0.2048505,-0.3388948,24.14819,221.2189,3.039817,0.233094,-0.003595345,-0.9724473,0.0,0.0,0.0,-0.5250046,-0.8320771,-3.940941,-0.4441673,-5.13792e-05,1.991991,-0.7654349,0.04838929,0.6416919,-0.2293017,0.9112065,-0.3422331,-0.6012742,-0.409098,-0.6863735,moving,-3.893754081033607,-3.5309568295021387,-12.569987575051112,-0.0014778236016657436,-0.8577391000000001,-0.836458924,-1.6522489999999999,-0.0677782174247856,-0.0614461975299118,0.9958064896281423,-3.3762011912825547,-3.7557894204627855,9.358531340793027,9.366656270825967,9.93078867143461
05/05/2023 11:40:12.592600,1507,True,True,True,True,Eyes,0.4600139,-0.005217677,-2.2212,-0.5276396,-0.4656002,-0.710502,0.0,0.0,0.0,0.0,0.0,0.0,0.0,1.699705,-0.7354718,-1.39433,0.327206,0.004334807,-2.294992,-0.04748346,0.9187077,-0.2081537,-0.3322554,24.45749,220.4629,3.216454,0.2303529,-0.00347803,-0.9731007,0.0,0.0,0.0,-0.5070629,-0.8407746,-3.955231,-0.4432324,0.002716184,1.992523,-0.7747035,0.05107357,0.6302589,-0.2255673,0.9088346,-0.3509116,-0.5907235,-0.4140182,-0.692557,moving,-3.606881880961702,-3.1483016923499276,-12.541124712497401,0.078104886710031,-0.8342689,-0.845109407,-1.6602389999999998,-0.0628158252787091,-0.05481212803996028,0.9965189353175813,-3.1068665314457786,-3.3853743762356405,9.492102482403773,9.498968069545683,10.049921195292736
05/05/2023 11:40:12.612634,1508,True,True,True,True,Eyes,0.4541553,-0.004942829,-2.224875,-0.5222102,-0.464851,-0.7149895,0.0,0.0,0.0,0.0,0.0,0.0,0.0,1.67618,-0.7619072,-1.416979,0.3221759,0.004295412,-2.30089,-0.0464997,0.9201687,-0.2125017,-0.3255316,24.91978,219.7023,3.336208,0.2276055,-0.003360367,-0.9737474,0.0,0.0,0.0,-0.4869978,-0.853907,-3.96721,-0.4423186,0.005421221,1.993043,-0.7837342,0.0527769,0.6188502,-0.2239271,0.9053616,-0.3608005,-0.5793253,-0.421349,-0.6977446,moving,-3.313081261489603,-2.6382298787143,-12.512921864774308,0.15584827675926075,-0.8091737,-0.858202412,-1.6663200000000002,-0.05773090533018435,-0.04595275781078233,0.9972739928999607,-2.8342122085448476,-2.8910308576549326,9.609486918737035,9.614777161470798,10.146964721990413
05/05/2023 11:40:12.632722,1509,True,True,True,True,Eyes,0.4483149,-0.004655536,-2.228647,-0.5167339,-0.4639053,-0.7195679,0.0,0.0,0.0,0.0,0.0,0.0,0.0,1.653354,-0.7862756,-1.4398,0.3171573,0.004767083,-2.307428,-0.04555876,0.9216391,-0.2161712,-0.319023,25.31106,218.9548,3.421384,0.2248532,-0.00324212,-0.974387,0.0,0.0,0.0,-0.4679351,-0.8640692,-3.980126,-0.441421,0.008074045,1.993551,-0.7922972,0.05394973,0.6077452,-0.2219047,0.9023888,-0.3693951,-0.5683512,-0.4275323,-0.7029884,moving,-3.0365570699546556,-2.189574844972482,-12.485244203001123,0.23205133588662175,-0.7850923999999999,-0.8688362829999999,-1.672698,-0.05293454465748443,-0.038152424143697905,0.9978688992054885,-2.5767438939701406,-2.4563303310285765,9.749933236453588,9.754074117927345,10.266731435129332
05/05/2023 11:40:12.642636,1510,True,True,True,True,Eyes,0.4425347,-0.004378354,-2.232532,-0.5110286,-0.4630554,-0.724175,0.0,0.0,0.0,0.0,0.0,0.0,0.0,1.629884,-0.8020585,-1.466877,0.3122343,0.005285352,-2.313878,-0.0438227,0.9236979,-0.2171752,-0.3125647,25.37897,218.1733,3.477626,0.2220967,-0.003122807,-0.9750195,0.0,0.0,0.0,-0.4509033,-0.8637122,-3.997028,-0.4404711,0.01088518,1.994091,-0.8007658,0.05480475,0.5964651,-0.2167205,0.901829,-0.3738137,-0.5583963,-0.4286035,-0.7102764,moving,-2.759285317362991,-2.073516641446213,-12.455948247599508,0.31275838398525074,-0.7631376000000001,-0.8689975520000001,-1.68315,-0.04810855184376328,-0.03613989836732456,0.9981880780181738,-2.3095822828729857,-2.3452462402979397,9.981843993010475,9.98596918078666,10.488743054955231
05/05/2023 11:40:12.662375,1511,True,True,True,True,Eyes,0.4368144,-0.004117087,-2.236514,-0.5053232,-0.4619479,-0.7288707,0.0,0.0,0.0,0.0,0.0,0.0,0.0,1.607238,-0.8155735,-1.493601,0.3078218,0.005328503,-2.320438,-0.04259086,0.9256808,-0.2180346,-0.3062061,25.45131,217.3916,3.471528,0.2193384,-0.003002995,-0.975644,0.0,0.0,0.0,-0.4330975,-0.8638098,-4.013778,-0.4396311,0.01337349,1.994571,-0.8088481,0.05467595,0.5854707,-0.2123781,0.9012939,-0.3775776,-0.5483257,-0.429744,-0.7173978,moving,-2.480829334467796,-1.9402712190528328,-12.430034482715127,0.38415932657447505,-0.7409193000000001,-0.869138303,-1.6933400000000005,-0.04326033951213193,-0.0338259509190976,0.9984909835150508,-2.0417295127653055,-2.2174471094164088,10.213106210456534,10.217125840634267,10.709119300692906
05/05/2023 11:40:12.682939,1512,True,True,True,True,Eyes,0.4311703,-0.003871679,-2.240606,-0.4993871,-0.4609511,-0.7335779,0.0,0.0,0.0,0.0,0.0,0.0,0.0,1.58417,-0.8303642,-1.518829,0.3036329,0.00515449,-2.326741,-0.04176428,0.9274724,-0.2195258,-0.2997653,25.61026,216.6049,3.442149,0.216581,-0.002883464,-0.9762602,0.0,0.0,0.0,-0.4141678,-0.8665019,-4.029119,-0.4387186,0.01607412,1.99509,-0.8167933,0.05414198,0.5743847,-0.2090829,0.9001283,-0.3821693,-0.5377113,-0.4322473,-0.7238986,moving,-2.2026653038805084,-1.729062304482073,-12.401907021279417,0.46161291391594506,-0.7178007,-0.8716563900000001,-1.7023779999999995,-0.03841681777392231,-0.030150974956870864,0.9988067853330322,-1.7762627114633007,-2.013788792250458,10.428108815586123,10.431854558151846,10.910175553382226
05/05/2023 11:40:12.693149,1513,True,True,True,True,Eyes,0.4256009,-0.003656019,-2.244797,-0.4934349,-0.4595617,-0.7384613,0.0,0.0,0.0,0.0,0.0,0.0,0.0,1.561601,-0.8429485,-1.544563,0.2997417,0.005031016,-2.333444,-0.04095439,0.9293121,-0.2204527,-0.2934323,25.70726,215.8207,3.388577,0.2138272,-0.002764896,-0.9768674,0.0,0.0,0.0,-0.3955299,-0.8670006,-4.045362,-0.4377898,0.01882184,1.995618,-0.8244407,0.05325703,0.5634373,-0.2054947,0.8994467,-0.385704,-0.5273234,-0.4337733,-0.7305965,moving,-1.9344589704036033,-1.555255877071352,-12.373287538209683,0.5403739692367305,-0.6952716,-0.872031616,-1.7119179999999998,-0.0337438438731574,-0.027125546739979942,0.9990623633974564,-1.5194947439153332,-1.8464564721533456,10.643490922272685,10.647103189167536,11.113135362147908
05/05/2023 11:40:12.712861,1514,True,True,True,True,Eyes,0.4201204,-0.00346596,-2.249097,-0.4872598,-0.4583172,-0.743319,0.0,0.0,0.0,0.0,0.0,0.0,0.0,1.538429,-0.8571796,-1.568975,0.2960393,0.004481494,-2.339988,-0.0399151,0.9310067,-0.2218211,-0.2871042,25.84598,215.0531,3.379285,0.2110795,-0.002648512,-0.9774651,0.0,0.0,0.0,-0.3765502,-0.8696662,-4.060255,-0.4369114,0.02141994,1.996116,-0.8319562,0.05304913,0.5523,-0.201694,0.8984044,-0.3901143,-0.516884,-0.4359535,-0.7367334,moving,-1.689193379814962,-1.347016588526984,-12.346237299664537,0.6148064820743344,-0.6725895,-0.8741476939999999,-1.7202669999999998,-0.02946957513471074,-0.02349749785509661,0.9992894055321557,-1.2860179238727039,-1.6454693899894766,10.832714912578215,10.836112534942886,11.288813031425178
05/05/2023 11:40:12.732629,1515,True,True,True,True,Eyes,0.4147336,-0.003291649,-2.253522,-0.481088,-0.4567053,-0.7483146,0.0,0.0,0.0,0.0,0.0,0.0,0.0,1.514859,-0.8720779,-1.593155,0.2926159,0.004071601,-2.346874,-0.03849874,0.9326831,-0.2231355,-0.2807684,25.96664,214.2936,3.410547,0.2083406,-0.002535225,-0.9780529,0.0,0.0,0.0,-0.3575415,-0.8718747,-4.075229,-0.43602,0.02405816,1.996624,-0.8393742,0.05348453,0.5409166,-0.197113,0.8974568,-0.394611,-0.5065549,-0.4378479,-0.7427596,moving,-1.4551647616249876,-1.1321175919237447,-12.318779080338794,0.6903474694682069,-0.6501574,-0.875946301,-1.728355,-0.02538973370674988,-0.019751525737841454,0.9994825531336589,-1.0636746179724281,-1.4379279993325382,11.012212939594257,11.015420780240673,11.45455948213978
05/05/2023 11:40:12.743095,1516,True,True,True,True,Eyes,0.4094386,-0.003144438,-2.258068,-0.474746,-0.4550527,-0.7533547,0.0,0.0,0.0,0.0,0.0,0.0,0.0,1.490868,-0.8819043,-1.620105,0.2891832,0.003842793,-2.354048,-0.03659995,0.9346872,-0.2229061,-0.2744689,25.89899,213.5202,3.43781,0.2056134,-0.002425438,-0.9786301,0.0,0.0,0.0,-0.3397023,-0.8678524,-4.092813,-0.4350778,0.02684414,1.997158,-0.8466547,0.05394254,0.5294018,-0.1907806,0.8979467,-0.3966038,-0.4967684,-0.436786,-0.7499595,moving,-1.2280678892097596,-1.103686068287156,-12.289782589681908,0.7700759340929901,-0.6288855,-0.871695193,-1.7387649999999994,-0.021428212916321215,-0.019257342100996694,0.9995849212407107,-0.8430626078747951,-1.411770556090776,11.215788134248895,11.219292141494725,11.652804488561086
05/05/2023 11:40:12.762382,1517,True,True,True,True,Eyes,0.4042259,-0.003020764,-2.262723,-0.4684301,-0.4530796,-0.7584801,0.0,0.0,0.0,0.0,0.0,0.0,0.0,1.467412,-0.8872418,-1.648556,0.2860181,0.003317028,-2.361443,-0.03450251,0.9368536,-0.2215975,-0.2683458,25.70426,212.7551,3.453779,0.2029002,-0.002319988,-0.9791964,0.0,0.0,0.0,-0.3226328,-0.8602051,-4.111845,-0.4341994,0.02944523,1.997658,-0.8536004,0.05428194,0.5180928,-0.1835771,0.8994082,-0.3966917,-0.4875101,-0.4337261,-0.7577703,moving,-1.014694451967283,-1.1821541795977375,-12.26274491721594,0.844471496441699,-0.6086509,-0.8635221279999999,-1.7504019999999998,-0.017705064873745652,-0.020627784438386802,0.9996304166066379,-0.632947171488343,-1.4895337680571616,11.425113332226568,11.42916667564013,11.861693647251183
05/05/2023 11:40:12.782834,1518,True,True,True,True,Eyes,0.3991095,-0.002922615,-2.267508,-0.4619699,-0.4510532,-0.7636327,0.0,0.0,0.0,0.0,0.0,0.0,0.0,1.443847,-0.8921255,-1.676496,0.2830122,0.002784606,-2.36878,-0.03244887,0.9389576,-0.2202787,-0.2622654,25.51105,211.9972,3.468852,0.2002031,-0.002219482,-0.9797516,0.0,0.0,0.0,-0.3055145,-0.8524107,-4.130545,-0.4332497,0.03225482,1.998197,-0.8603279,0.05460673,0.5068078,-0.1764792,0.9008487,-0.3966442,-0.4782166,-0.4306851,-0.7653884,moving,-0.8138160515566971,-1.2557005169741386,-12.233530988019016,0.9247859783717218,-0.5885267000000001,-0.8551953059999999,-1.7617649999999996,-0.014199882362306099,-0.02191214541758646,0.9996590916255578,-0.43514479133334516,-1.5624253112756201,11.621362206454073,11.626022990964978,12.057700313305691
05/05/2023 11:40:12.792870,1519,True,True,True,True,Eyes,0.3941046,-0.002863175,-2.272423,-0.4554785,-0.4487807,-0.7688531,0.0,0.0,0.0,0.0,0.0,0.0,0.0,1.421455,-0.8953635,-1.704268,0.2801443,0.002242472,-2.376605,-0.0303837,0.9410084,-0.2186139,-0.2564919,25.27868,211.2753,3.484773,0.1975241,-0.002124541,-0.9802955,0.0,0.0,0.0,-0.2892835,-0.8436311,-4.149496,-0.4324043,0.03475708,1.998679,-0.8665776,0.05496277,0.4960067,-0.169328,0.9025696,-0.3958487,-0.4694375,-0.4270214,-0.77284,moving,-0.6484974430294951,-1.3513090278383537,-12.207520272375241,0.9962746811439335,-0.5694278,-0.845873572,-1.772891,-0.011315025902244202,-0.023581094112505877,0.9996578275708338,-0.27141212277117066,-1.6565471889086967,11.789686630055606,11.795005639677123,12.227352192248093
05/05/2023 11:40:12.812666,1520,True,True,True,True,Eyes,0.3892065,-0.002839408,-2.277465,-0.4488376,-0.4465481,-0.7740411,0.0,0.0,0.0,0.0,0.0,0.0,0.0,1.399419,-0.8987187,-1.731025,0.2774703,0.00131892,-2.384433,-0.02851279,0.9429153,-0.2172261,-0.2508202,25.08452,210.5696,3.494197,0.1948657,-0.002036288,-0.9808276,0.0,0.0,0.0,-0.2730199,-0.8361614,-4.167687,-0.4314736,0.03751123,1.999208,-0.8725528,0.05519909,0.4853919,-0.1627397,0.9039997,-0.3953484,-0.4606171,-0.4239547,-0.7798043,moving,-0.5002262615832535,-1.4108057464023087,-12.17890335425819,1.0749171684611365,-0.5504902,-0.8374803200000001,-1.783254,-0.008727838129612225,-0.024619779772649467,0.9996587980716767,-0.12527093849134918,-1.7154198121166655,11.934322313062646,11.940281279955157,12.372390022934342
05/05/2023 11:40:12.832441,1521,True,True,True,True,Eyes,0.384424,-0.002857872,-2.282642,-0.4417061,-0.4445307,-0.779287,0.0,0.0,0.0,0.0,0.0,0.0,0.0,1.377819,-0.9046652,-1.755769,0.2750674,0.000475917,-2.39246,-0.02701134,0.944567,-0.2166501,-0.2452068,24.99428,209.8796,3.492954,0.1922305,-0.001955613,-0.9813475,0.0,0.0,0.0,-0.2559875,-0.8319207,-4.184375,-0.4305845,0.04014122,1.999713,-0.8782882,0.05522009,0.4749325,-0.1572762,0.9046662,-0.3960344,-0.4515244,-0.4225278,-0.7858729,moving,-0.3846013250001567,-1.3785674767966987,-12.15157601662158,1.1499718464915567,-0.5310549,-0.832396617,-1.7919150000000004,-0.006710566401474244,-0.02405767892701207,0.9996880747372731,-0.013426486406541038,-1.6848192444229744,12.029244717908403,12.035580771307801,12.464778961016034
05/05/2023 11:40:12.842759,1522,True,True,True,True,Eyes,0.3797504,-0.002902828,-2.28795,-0.4344756,-0.4425723,-0.7844493,0.0,0.0,0.0,0.0,0.0,0.0,0.0,1.356822,-0.909215,-1.780446,0.2727367,-0.0005977042,-2.400674,-0.02544423,0.9461902,-0.2158079,-0.2397997,24.87206,209.2144,3.497779,0.1896207,-0.00188357,-0.9818553,0.0,0.0,0.0,-0.2398175,-0.8268146,-4.20125,-0.4296499,0.0429064,2.000244,-0.8836977,0.05535114,0.4647743,-0.1516515,0.9055591,-0.3961875,-0.4428101,-0.4205936,-0.7918465,moving,-0.2948034820207223,-1.380837310596043,-12.122858101298817,1.2288394244937824,-0.5125542,-0.8262168957999999,-1.800576,-0.005143774564853154,-0.024097505712400626,0.9996963758035768,0.07417133071717935,-1.687623246872308,12.105656318118003,12.112526108879806,12.540864462984054
05/05/2023 11:40:12.862409,1523,True,True,True,True,Eyes,0.375149,-0.002950887,-2.293376,-0.4268981,-0.4406898,-0.7896522,0.0,0.0,0.0,0.0,0.0,0.0,0.0,1.337094,-0.9163948,-1.802573,0.2706073,-0.001282346,-2.409073,-0.0241166,0.9475358,-0.2156649,-0.234698,24.8359,208.5962,3.50804,0.1870383,-0.001820432,-0.9823506,0.0,0.0,0.0,-0.2241205,-0.8241926,-4.216551,-0.4287583,0.04554516,2.000752,-0.8886709,0.05552955,0.4551716,-0.1469349,0.9058141,-0.3973803,-0.4343672,-0.4200207,-0.7968113,moving,-0.2594361257991167,-1.2987177287508012,-12.095461520423555,1.3040570891873386,-0.4947278,-0.8229102540000001,-1.8074780000000001,-0.004526836169321868,-0.022664728201542476,0.9997329155441146,0.10643471106413893,-1.6079567237071934,12.11166666639247,12.118825598839498,12.544564404174508
05/05/2023 11:40:12.879722,1524,True,True,True,True,Eyes,0.3706587,-0.003026054,-2.29895,-0.4193333,-0.4386951,-0.7947995,0.0,0.0,0.0,0.0,0.0,0.0,0.0,1.319872,-0.9193704,-1.824983,0.2686724,-0.00154246,-2.417784,-0.02281028,0.9489378,-0.214512,-0.2301769,24.68428,208.0349,3.499381,0.1844835,-0.001765428,-0.9828336,0.0,0.0,0.0,-0.2107327,-0.8173575,-4.233005,-0.4278759,0.04815578,2.001253,-0.8929968,0.0554603,0.4466332,-0.1420425,0.9069287,-0.3966162,-0.4270609,-0.4176178,-0.8020067,moving,-0.27800900900402103,-1.3220367737062035,-12.068366092902915,1.3784317174496212,-0.4794051,-0.8158150399999999,-1.8152210000000002,-0.004850862078240592,-0.02307157630008947,0.9997220733570289,0.08895803646774325,-1.630522622103552,12.087854826507115,12.095662455507355,12.52415011903378
05/05/2023 11:40:12.892908,1525,True,True,True,True,Eyes,0.3662267,-0.003114375,-2.304635,-0.411583,-0.4369365,-0.7998037,0.0,0.0,0.0,0.0,0.0,0.0,0.0,1.304954,-0.9168143,-1.848615,0.2667971,-0.002302784,-2.426859,-0.02140786,0.9504461,-0.2121914,-0.2262052,24.39583,207.5274,3.481458,0.181958,-0.001718886,-0.9833045,0.0,0.0,0.0,-0.1998725,-0.806433,-4.251033,-0.4269394,0.05092764,2.001786,-0.8967462,0.05530357,0.4390768,-0.1366916,0.909033,-0.3936679,-0.4209065,-0.4130382,-0.8076122,moving,-0.3584549838452974,-1.4940594416551678,-12.039610793615326,1.4573533494558848,-0.4666696,-0.804130216,-1.8241739999999997,-0.006254052161914131,-0.026072791868469416,0.999640498284598,0.015174343897537912,-1.7973644957614712,12.039200922184202,12.048246283823136,12.486433957042234
05/05/2023 11:40:12.912505,1526,True,True,True,True,Eyes,0.3619101,-0.00319752,-2.310474,-0.4038956,-0.435145,-0.8046845,0.0,0.0,0.0,0.0,0.0,0.0,0.0,1.291649,-0.9205316,-1.867625,0.2652632,-0.002864134,-2.435854,-0.02048865,0.951466,-0.211568,-0.2225569,24.31289,207.0787,3.471604,0.1794614,-0.001680508,-0.9837633,0.0,0.0,0.0,-0.1889206,-0.8021918,-4.265674,-0.4261118,0.05337727,2.002255,-0.9000973,0.05518335,0.4321802,-0.1331604,0.9096383,-0.3934798,-0.4148412,-0.4117194,-0.8114148,moving,-0.4720516703861802,-1.4563581975540283,-12.014218669609239,1.5270622937131475,-0.45418379999999997,-0.799327666,-1.8298199999999998,-0.008236101406805946,-0.02541464626735759,0.9996430531211288,-0.09657802764524731,-1.759928468176971,11.911938824576888,11.921510678838764,12.362623780563043
05/05/2023 11:40:12.932489,1527,True,True,True,True,Eyes,0.3577005,-0.003315117,-2.316459,-0.396249,-0.4333426,-0.8094448,0.0,0.0,0.0,0.0,0.0,0.0,0.0,1.280363,-0.9226679,-1.88648,0.2636822,-0.002840422,-2.445387,-0.01949317,0.9524682,-0.210444,-0.2194032,24.16942,206.6869,3.469422,0.1769955,-0.001649229,-0.98421,0.0,0.0,0.0,-0.1802412,-0.795296,-4.281131,-0.4252145,0.05603069,2.002764,-0.9029645,0.05521095,0.4261536,-0.1294774,0.9106667,-0.3923287,-0.4097447,-0.4094362,-0.815151,moving,-0.6347300055008103,-1.476019666038317,-11.986693151600035,1.6025277496379742,-0.44392339999999997,-0.792455578,-1.835744,-0.011074226391188324,-0.025756973648564413,0.9996068742466231,-0.2546300090808358,-1.7779799741640134,11.75158512586629,11.761994790891643,12.209387292192117
05/05/2023 11:40:12.942775,1528,True,True,True,True,Eyes,0.3536175,-0.003443347,-2.322582,-0.3887015,-0.4316411,-0.8140007,0.0,0.0,0.0,0.0,0.0,0.0,0.0,1.27132,-0.9178037,-1.90704,0.2623323,-0.003878068,-2.45491,-0.01783084,0.9536669,-0.2077795,-0.2168622,23.83089,206.3645,3.516693,0.1745616,-0.001625786,-0.9846446,0.0,0.0,0.0,-0.1746385,-0.7834122,-4.298289,-0.42428,0.05879426,2.003295,-0.9053057,0.05610967,0.4210384,-0.1241284,0.9130195,-0.3885712,-0.4062188,-0.4040385,-0.8195969,moving,-0.8627725208264582,-1.6935645038988616,-11.958030186390506,1.6810785515911366,-0.4369708,-0.779534132,-1.8433789999999997,-0.015051076474243863,-0.029550625562197425,0.9994499790073536,-0.47106663457924236,-1.988135423242709,11.584993049831407,11.597109916579416,12.05875046734762
05/05/2023 11:40:12.962696,1529,True,True,True,True,Eyes,0.349622,-0.003567434,-2.328854,-0.381195,-0.429988,-0.8184134,0.0,0.0,0.0,0.0,0.0,0.0,0.0,1.262183,-0.9276954,-1.9203,0.2612616,-0.004260641,-2.464345,-0.01639055,0.9541056,-0.20849,-0.2143502,23.88295,206.0945,3.643262,0.1721617,-0.001609816,-0.9850671,0.0,0.0,0.0,-0.1677739,-0.7841346,-4.309865,-0.4234105,0.061369,2.00379,-0.907571,0.0581031,0.4158599,-0.1206564,0.9125265,-0.3908163,-0.4021909,-0.4048695,-0.8211721,moving,-1.1101378240089794,-1.5206719935717405,-11.931363687768604,1.7542187258469333,-0.4290355,-0.779873959,-1.8455200000000005,-0.019367525189320972,-0.0265326370664428,0.9994602141190517,-0.7168630283844919,-1.8182733425511475,11.293531150492953,11.305920502932734,11.769780143150248
05/05/2023 11:40:12.982752,1530,True,True,True,True,Eyes,0.3457465,-0.003696772,-2.335277,-0.3738557,-0.4281271,-0.8227631,0.0,0.0,0.0,0.0,0.0,0.0,0.0,1.254517,-0.9267603,-1.938559,0.2601241,-0.004389923,-2.474474,-0.01411237,0.9550714,-0.2063638,-0.2122575,23.58914,205.8524,3.794482,0.1697962,-0.001600362,-0.9854776,0.0,0.0,0.0,-0.1639494,-0.7734395,-4.326131,-0.4224734,0.06414181,2.004323,-0.9094952,0.06064789,0.4112668,-0.1145612,0.9144296,-0.3881935,-0.3996176,-0.4001753,-0.8247215,moving,-1.3941789761521284,-1.6778677137572238,-11.902635651806403,1.8329387124636032,-0.4240735,-0.769049577,-1.8516570000000003,-0.02432018682893647,-0.029271470418741664,0.9992756008382473,-0.9895147892808667,-1.9693386982745789,11.065310191704256,11.079414400883124,11.5565358333845
05/05/2023 11:40:12.993125,1531,True,True,True,True,Eyes,0.3419796,-0.003850255,-2.341843,-0.3665436,-0.426412,-0.8269332,0.0,0.0,0.0,0.0,0.0,0.0,0.0,1.245846,-0.9209883,-1.95948,0.2591125,-0.004715227,-2.484502,-0.01101445,0.9563289,-0.2029381,-0.2100706,23.12752,205.5974,4.00284,0.1674668,-0.001596961,-0.9858761,0.0,0.0,0.0,-0.1602718,-0.7579877,-4.34413,-0.4215884,0.06675965,2.004825,-0.9114978,0.06419582,0.4062637,-0.1063296,0.9173896,-0.3835236,-0.3973227,-0.3927789,-0.8293727,moving,-1.6756277147204697,-2.0102403180561734,-11.875521128707407,1.9072155016715786,-0.41938430000000004,-0.753272473,-1.8596279999999998,-0.02922307052729506,-0.0350631318201073,0.9989577121395693,-1.2549178329664143,-2.2908655952355104,10.909621379453482,10.926311626354655,11.420205745156828
05/05/2023 11:40:13.012885,1532,True,True,True,True,Eyes,0.3383343,-0.004028241,-2.348548,-0.3593943,-0.424597,-0.8309953,0.0,0.0,0.0,0.0,0.0,0.0,0.0,1.238471,-0.9207208,-1.976862,0.2581972,-0.005498175,-2.494558,-0.008462692,0.9571711,-0.201103,-0.2081094,22.86134,205.3826,4.201071,0.1651738,-0.001599989,-0.9862629,0.0,0.0,0.0,-0.1566558,-0.7491391,-4.359523,-0.4206738,0.06946516,2.005345,-0.9132379,0.06750235,0.4017963,-0.09990332,0.918972,-0.3814576,-0.3949888,-0.3885023,-0.8324963,moving,-1.9692787314756868,-2.1388082303090283,-11.847501374919792,1.9839327921747658,-0.414853,-0.7436409249999999,-1.8649650000000002,-0.03433972078437253,-0.03729856692872162,0.9987140053013646,-1.5377090838372673,-2.4140128172987114,10.685411865828357,10.7040308357143,11.208645889185352
05/05/2023 11:40:13.032915,1533,True,True,True,True,Eyes,0.3348134,-0.004235431,-2.35538,-0.3522503,-0.4229696,-0.834875,0.0,0.0,0.0,0.0,0.0,0.0,0.0,1.232106,-0.918642,-1.994274,0.2574566,-0.006307475,-2.504554,-0.006408983,0.9580109,-0.199087,-0.2062488,22.5878,205.1662,4.338329,0.1629194,-0.001609794,-0.9866377,0.0,0.0,0.0,-0.1528426,-0.7397291,-4.375004,-0.4197982,0.07205898,2.005845,-0.9148411,0.06984315,0.397729,-0.09440266,0.9206465,-0.3788114,-0.3926252,-0.3840987,-0.8356518,moving,-2.2565456722436767,-2.288027842035189,-11.820672207092137,2.05743748372192,-0.4102992,-0.7334216250000001,-1.8704499999999995,-0.03934262551820525,-0.03989209363904356,0.9984290664246901,-1.8137203864787161,-2.5572961534330263,10.484268368925736,10.505026666884277,11.019748240407655
05/05/2023 11:40:13.042347,1534,True,True,True,True,Eyes,0.3314122,-0.004319753,-2.362357,-0.3452006,-0.4215886,-0.8385103,0.0,0.0,0.0,0.0,0.0,0.0,0.0,1.22669,-0.9206797,-2.008967,0.2569082,-0.007195186,-2.514421,-0.005513525,0.9585496,-0.198434,-0.2043927,22.49927,204.9454,4.379315,0.1607045,-0.001626881,-0.9870009,0.0,0.0,0.0,-0.147859,-0.7356783,-4.388456,-0.4188938,0.07473516,2.006359,-0.9163865,0.07054696,0.3940292,-0.09168691,0.921187,-0.3781638,-0.3896529,-0.3826716,-0.8376952,moving,-2.512454532942618,-2.272687432695713,-11.792983076635442,2.133232621178708,-0.4047672,-0.728483114,-1.8740349999999997,-0.04380213529357058,-0.03961741600389125,0.9982543555573938,-2.0635986634511867,-2.540673129895123,10.251104238291278,10.273282901362643,10.79380915290954
05/05/2023 11:40:13.062367,1535,True,True,True,True,Eyes,0.3281153,-0.004333058,-2.369513,-0.3382183,-0.4199493,-0.8421704,0.0,0.0,0.0,0.0,0.0,0.0,0.0,1.221392,-0.9396783,-2.016419,0.256358,-0.004287649,-2.524877,-0.00591825,0.9583968,-0.2011407,-0.2024422,22.82647,204.7354,4.361593,0.1585303,-0.001645313,-0.9873524,0.0,0.0,0.0,-0.1411121,-0.7409601,-4.397736,-0.4179762,0.07744944,2.006879,-0.9179642,0.07009465,0.3904207,-0.0927828,0.9190148,-0.383149,-0.385659,-0.3879414,-0.837119,moving,-2.7391516391448225,-1.829101089742014,-11.76490716266884,2.2100609989286255,-0.39747009999999994,-0.736672451,-1.872859,-0.04776471246551148,-0.03188198325659122,0.9983496817489618,-2.296543381396437,-2.1075672727195904,9.866925412308976,9.88833116096839,10.406335886691673
05/05/2023 11:40:13.082479,1536,True,True,True,True,Eyes,0.3249454,-0.004439774,-2.376739,-0.3314824,-0.4180122,-0.8458045,0.0,0.0,0.0,0.0,0.0,0.0,0.0,1.219165,-0.9220297,-2.039772,0.2552035,-0.002610754,-2.536146,-0.004860537,0.9598235,-0.1955144,-0.2012196,22.16498,204.5219,4.294681,0.156397,-0.001661955,-0.9876925,0.0,0.0,0.0,-0.1401667,-0.7148517,-4.419337,-0.4170613,0.08015585,2.007399,-0.9189742,0.06935216,0.3881713,-0.08801318,0.923501,-0.3733626,-0.3843701,-0.3772748,-0.8425697,moving,-3.0224791579725125,-2.356966985364127,-11.736913942364318,2.2866173584861,-0.3953702,-0.712240946,-1.8831909999999996,-0.05268326688643482,-0.04106812194579809,0.9977664635719462,-2.5585087194314817,-2.6192936047174418,9.848458325911697,9.874423991801688,10.407261158212638
05/05/2023 11:40:13.092586,1537,True,True,True,True,Eyes,0.3219163,-0.004458023,-2.384044,-0.3246413,-0.4171373,-0.8488843,0.0,0.0,0.0,0.0,0.0,0.0,0.0,1.221566,-0.9022133,-2.05819,0.2550812,-0.005018882,-2.545047,-0.00482,0.9608381,-0.1909136,-0.2007958,21.64224,204.4028,4.158686,0.1543064,-0.001680871,-0.9880213,0.0,0.0,0.0,-0.1405443,-0.6968186,-4.436254,-0.4161571,0.08283287,2.007915,-0.9193159,0.06740681,0.3877048,-0.08593177,0.9270576,-0.3649385,-0.3840241,-0.3688098,-0.8464663,moving,-3.3742331757841306,-2.8147956852004263,-11.709244971976895,2.3622933889953766,-0.3956255,-0.691799718,-1.891207,-0.05878667830961534,-0.04902276622769511,0.9970661714992526,-2.8890652332668787,-3.0624210811675123,9.781159425184,9.811965803284789,10.354858652147085
05/05/2023 11:40:13.112528,1538,True,True,True,True,Eyes,0.3189611,-0.004306694,-2.391523,-0.317978,-0.4160395,-0.8519397,0.0,0.0,0.0,0.0,0.0,0.0,0.0,1.216632,-0.9551619,-2.048502,0.2550858,-0.002678543,-2.554175,-0.007063033,0.9589899,-0.2018291,-0.1988812,22.94912,204.2765,4.155815,0.1522601,-0.001698129,-0.9883386,0.0,0.0,0.0,-0.1309522,-0.7349913,-4.432527,-0.415261,0.0854829,2.008423,-0.9207929,0.06673326,0.3843011,-0.09382676,0.9184303,-0.3842946,-0.378599,-0.3899134,-0.8394227,moving,-3.5771488749970253,-1.4280211146048767,-11.68185153648099,2.4371634231427173,-0.386038,-0.732312757,-1.8783520000000005,-0.06237317574858661,-0.024872567603433732,0.9977429873510453,-3.1242493573799415,-1.7117656358529938,8.954805011281879,8.979190205241691,9.510318995298425
05/05/2023 11:40:13.133068,1539,True,True,True,True,Eyes,0.3160678,-0.004084632,-2.399072,-0.3117591,-0.4142207,-0.8551184,0.0,0.0,0.0,0.0,0.0,0.0,0.0,1.212202,-0.9510483,-2.067352,0.2538905,0.001491927,-2.565816,-0.005627076,0.9599925,-0.1985287,-0.1974054,22.54407,204.0764,4.196001,0.1502569,-0.001706848,-0.9886452,0.0,0.0,0.0,-0.1289015,-0.7154521,-4.451234,-0.4143303,0.08823556,2.00895,-0.9219987,0.06757738,0.3812497,-0.08918519,0.9211093,-0.3789506,-0.3767811,-0.3833938,-0.8432348,moving,-3.8183495486071988,-1.7051827642994313,-11.653412797281016,2.5148849498161225,-0.382792,-0.716944027,-1.8854180000000005,-0.06656409430491841,-0.0296906647204833,0.9973403072861746,-3.35190593892134,-1.979840046406749,8.87139284238766,8.899280174398353,9.440210215406404
05/05/2023 11:40:13.143149,1540,True,True,True,True,Eyes,0.3132648,-0.003798842,-2.406689,-0.3056624,-0.4126549,-0.8580713,0.0,0.0,0.0,0.0,0.0,0.0,0.0,1.205963,-0.9323427,-2.091063,0.2531736,0.003271956,-2.575277,-0.002416318,0.9616067,-0.192212,-0.1958597,21.75332,203.8636,4.362283,0.1482954,-0.001704994,-0.9889413,0.0,0.0,0.0,-0.1274443,-0.6864836,-4.471718,-0.4134304,0.09089857,2.009462,-0.9232662,0.07064608,0.377609,-0.07994027,0.9260974,-0.3687182,-0.3757512,-0.3706113,-0.8493869,moving,-4.072621378578483,-2.3751204290223957,-11.62591010887619,2.590024818957279,-0.3806179,-0.6897555559999999,-1.8964410000000003,-0.0709601041201296,-0.04133733032735195,0.996622202189038,-3.5817179477649805,-2.629992653919302,9.004825190598163,9.039072849400954,9.589453057501236
05/05/2023 11:40:13.162408,1541,True,True,True,True,Eyes,0.3105242,-0.00344167,-2.41437,-0.2997824,-0.4108053,-0.8610282,0.0,0.0,0.0,0.0,0.0,0.0,0.0,1.200272,-0.9519114,-2.096849,0.2525252,0.005108684,-2.584525,-0.001247633,0.9613838,-0.194826,-0.1943776,22.02989,203.7443,4.537823,0.146376,-0.001691049,-0.9892272,0.0,0.0,0.0,-0.1236721,-0.6925969,-4.479418,-0.412526,0.09357607,2.009977,-0.9244317,0.07334071,0.374229,-0.07813853,0.9240825,-0.3741201,-0.3732567,-0.3750902,-0.8485205,moving,-4.316497532063235,-1.957739852869986,-11.598276070000654,2.6655256823794042,-0.3761973,-0.6977055839999999,-1.8948929999999997,-0.07522216679058413,-0.0340655698006892,0.9965847709204543,-3.8307027961691658,-2.2222706731929165,8.591787489277383,8.625478704685952,9.177458677536352
05/05/2023 11:40:13.182559,1542,True,True,True,True,Eyes,0.3078694,-0.003043789,-2.422085,-0.2940415,-0.408963,-0.8638802,0.0,0.0,0.0,0.0,0.0,0.0,0.0,1.194972,-0.9519763,-2.1113,0.2517467,0.007094607,-2.593911,0.0007709051,0.9620366,-0.1929553,-0.1930107,21.77499,203.592,4.692332,0.1444974,-0.001663359,-0.9895034,0.0,0.0,0.0,-0.1215745,-0.6808707,-4.493422,-0.4116073,0.09629446,2.0105,-0.9254923,0.07596816,0.3710693,-0.07300161,0.9255353,-0.3715577,-0.3716643,-0.3709625,-0.8510302,moving,-4.5624743531875165,-2.0732590498946006,-11.570214790408599,2.742130348817193,-0.3733212,-0.687965307,-1.899511,-0.079494333562975,-0.036062813424642924,0.9961828464004829,-4.067372043433248,-2.3330378498580573,8.465907854590846,8.502729038178828,9.058144486079101
05/05/2023 11:40:13.192604,1543,True,True,True,True,Eyes,0.3052981,-0.002629463,-2.429814,-0.2884158,-0.4072823,-0.8665665,0.0,0.0,0.0,0.0,0.0,0.0,0.0,1.189391,-0.9558388,-2.123066,0.2511391,0.008442368,-2.602412,0.002527797,0.9624655,-0.1921912,-0.1916151,21.6531,203.4466,4.846162,0.1426594,-0.001621714,-0.9897702,0.0,0.0,0.0,-0.1188818,-0.6740986,-4.505024,-0.41067,0.09906656,2.011031,-0.9265544,0.07851928,0.3678741,-0.06878761,0.9261124,-0.3709234,-0.3698174,-0.368986,-0.8526924,moving,-4.794831309222678,-2.065719701457837,-11.541609086092617,2.820200709415431,-0.3700209,-0.682540968,-1.9026119999999995,-0.08353400917920221,-0.03591981802896848,0.9958573595090788,-4.2940812139444535,-2.3241613190151527,8.290946458132835,8.33013977264812,8.887694916969355
05/05/2023 11:40:13.212602,1544,True,True,True,True,Eyes,0.3028038,-0.002196074,-2.437564,-0.2828651,-0.405596,-0.8691832,0.0,0.0,0.0,0.0,0.0,0.0,0.0,1.18177,-0.9754029,-2.128259,0.250544,0.009283692,-2.610483,0.003248258,0.9622256,-0.1951936,-0.1897652,21.98772,203.2789,4.970018,0.1408624,-0.001566944,-0.9900276,0.0,0.0,0.0,-0.1131717,-0.6829703,-4.511253,-0.4098375,0.101532,2.011506,-0.9279572,0.08033299,0.3639257,-0.06783078,0.9237778,-0.3768733,-0.3664618,-0.3744077,-0.8517772,moving,-4.959290005838193,-1.6060086041287724,-11.516190789633992,2.8895872855759888,-0.3637157,-0.692253992,-1.90077,-0.08641420571119213,-0.02792163191787884,0.9958680548639945,-4.466789365928021,-1.8757790606455278,7.912320445838127,7.950052219455687,8.50898212750787
05/05/2023 11:40:13.232682,1545,True,True,True,True,Eyes,0.3003938,-0.001761618,-2.445327,-0.2772909,-0.4037658,-0.8718273,0.0,0.0,0.0,0.0,0.0,0.0,0.0,1.174674,-0.976559,-2.141618,0.2498749,0.01016142,-2.618686,0.003826597,0.9627806,-0.1943106,-0.1878355,21.88343,203.0402,4.968365,0.1391061,-0.00149969,-0.990276,0.0,0.0,0.0,-0.1076427,-0.676234,-4.523257,-0.4089128,0.1042664,2.01203,-0.9294061,0.08036523,0.3602017,-0.06562854,0.9244574,-0.3755946,-0.3631759,-0.3727195,-0.8539222,moving,-5.094594465264134,-1.5885570916185427,-11.487986128456726,2.966499298068548,-0.3575176,-0.68639542,-1.9045710000000002,-0.08876646187253673,-0.027612564759220377,0.9956696073556676,-4.59915708980841,-1.8579017490212897,7.810524349197046,7.850095265167788,8.410161174845925
05/05/2023 11:40:13.242896,1546,True,True,True,True,Eyes,0.2980468,-0.001293981,-2.453115,-0.2717457,-0.4019336,-0.8744162,0.0,0.0,0.0,0.0,0.0,0.0,0.0,1.167383,-0.9792939,-2.154038,0.2492688,0.01063842,-2.626677,0.003549333,0.9632315,-0.1941156,-0.1857192,21.87841,202.7701,4.879844,0.1373899,-0.001421234,-0.9905158,0.0,0.0,0.0,-0.1007786,-0.6724505,-4.53436,-0.4079361,0.1071584,2.012587,-0.9309916,0.07893966,0.3564032,-0.06526434,0.9246131,-0.3752749,-0.3591591,-0.3726382,-0.8556551,moving,-5.187209285951499,-1.481670870361311,-11.458185634908352,3.047784767526952,-0.3500474,-0.68308892,-1.9076830000000005,-0.09038027633208091,-0.025751328541410986,0.9955743617773509,-4.692320700007789,-1.7532889682963044,7.695103511018515,7.735703765319222,8.296218254971892
05/05/2023 11:40:13.262753,1547,True,True,True,True,Eyes,0.2957558,-0.0008236897,-2.460923,-0.2662108,-0.3997123,-0.8771327,0.0,0.0,0.0,0.0,0.0,0.0,0.0,1.159281,-0.9792359,-2.168523,0.2484094,0.01190222,-2.635048,0.003031753,0.96386,-0.1932118,-0.1833963,21.79866,202.4592,4.739228,0.1357135,-0.001331482,-0.990747,0.0,0.0,0.0,-0.09303498,-0.6654772,-4.546775,-0.40712,0.1095734,2.013051,-0.9327134,0.07671301,0.3523652,-0.06502427,0.9253201,-0.3735701,-0.3547083,-0.3713461,-0.8580701,moving,-5.247838058081531,-1.4317240032702574,-11.433300911040257,3.1156210864290292,-0.34144438,-0.67737942,-1.9117270000000004,-0.09143572317317006,-0.02488103040105503,0.9955000397143144,-4.7527690047021345,-1.704289396446904,7.635435672418681,7.677128243695328,8.237781474070491
05/05/2023 11:40:13.282790,1548,True,True,True,True,Eyes,0.2935241,-0.0003657061,-2.468728,-0.2606947,-0.397433,-0.8798212,0.0,0.0,0.0,0.0,0.0,0.0,0.0,1.151157,-0.9607314,-2.190958,0.2475716,0.01235579,-2.643297,0.002939832,0.965242,-0.1885089,-0.181008,21.27527,202.0972,4.549747,0.1340761,-0.001231587,-0.99097,0.0,0.0,0.0,-0.08567271,-0.6440746,-4.56425,-0.406236,0.1121896,2.013555,-0.9344552,0.0739185,0.3483246,-0.06256791,0.9289115,-0.3649776,-0.3505414,-0.3628491,-0.8634012,moving,-5.2947930333890545,-1.8274655254024572,-11.40634607915835,3.189061761307863,-0.33324431,-0.65643039,-1.9209530000000004,-0.09223356430100571,-0.03175394990809673,0.9952309864288269,-4.787875090339628,-2.0890282862697367,7.860323898759726,7.906745642143875,8.46536430286215
05/05/2023 11:40:13.292900,1549,True,True,True,True,Eyes,0.2913584,8.636745e-05,-2.476547,-0.2551306,-0.3952006,-0.8824538,0.0,0.0,0.0,0.0,0.0,0.0,0.0,1.142544,-0.9544303,-2.207392,0.2467368,0.01250838,-2.651017,0.00221619,0.9660577,-0.1866603,-0.1785655,21.09146,201.7569,4.360872,0.1324766,-0.001123149,-0.9911852,0.0,0.0,0.0,-0.07745913,-0.6342225,-4.577295,-0.4053533,0.1148012,2.014056,-0.9362188,0.07094411,0.3441817,-0.06238025,0.930306,-0.3614407,-0.3458364,-0.3598578,-0.8665445,moving,-5.333546057895383,-1.8870983459484734,-11.379451674174215,3.262329612249566,-0.32419593,-0.64673088,-1.9262780000000004,-0.092903572929119,-0.032787703322442366,0.9951350356001963,-4.8240449751581,-2.146793092894103,7.893214323998671,7.9416360416241405,8.498939076661635
05/05/2023 11:40:13.312682,1550,True,True,True,True,Eyes,0.2892425,0.0005059277,-2.48436,-0.2495886,-0.3928746,-0.8850735,0.0,0.0,0.0,0.0,0.0,0.0,0.0,1.132794,-0.9547946,-2.22175,0.2458648,0.01283149,-2.659025,0.001434291,0.9666388,-0.1861509,-0.1759408,21.06192,201.4116,4.195728,0.1309142,-0.001007361,-0.9913929,0.0,0.0,0.0,-0.06843814,-0.6293874,-4.588966,-0.4044291,0.1175323,2.014578,-0.9380856,0.06827596,0.3396084,-0.0627302,0.9306916,-0.360386,-0.3406765,-0.3593767,-0.8687853,moving,-5.354159307975395,-1.7853943000266115,-11.35131574505827,3.338902791671326,-0.31430294,-0.64221889,-1.929941,-0.09326685854975762,-0.031020162335836148,0.9951578083913564,-4.846880414515597,-2.04769996198283,7.8391646040979674,7.8882384608243505,8.445304505752668
05/05/2023 11:40:13.332475,1551,True,True,True,True,Eyes,0.2872053,0.0009110942,-2.492163,-0.2440083,-0.3907674,-0.8875589,0.0,0.0,0.0,0.0,0.0,0.0,0.0,1.123415,-0.9459498,-2.239256,0.244914,0.01245053,-2.666648,0.001026228,0.9675345,-0.183817,-0.173457,20.81444,201.0689,4.033834,0.1293892,-0.0008864482,-0.9915932,0.0,0.0,0.0,-0.06042653,-0.6179919,-4.602427,-0.4035048,0.1202703,2.015106,-0.9398234,0.06575453,0.3352741,-0.06178289,0.9324205,-0.3560545,-0.3360286,-0.3553425,-0.8722481,moving,-5.393619941641998,-1.914745119174917,-11.323153271073375,3.4156097166844703,-0.30534053,-0.63044243,-1.9357789999999997,-0.09394543436530386,-0.033264615518666905,0.9950214736663575,-4.881860964684701,-2.1732945909408548,7.921486802645191,7.973208148606626,8.527959775710416
05/05/2023 11:40:13.342535,1552,True,True,True,True,Eyes,0.2852084,0.0013333,-2.499967,-0.2384149,-0.3888084,-0.8899361,0.0,0.0,0.0,0.0,0.0,0.0,0.0,1.112752,-0.9571503,-2.24845,0.2441532,0.01276565,-2.673968,0.000178393,0.9676691,-0.1856018,-0.1707879,21.04747,200.7464,3.916294,0.1279002,-0.0007615053,-0.9917865,0.0,0.0,0.0,-0.05079671,-0.6224114,-4.610306,-0.402638,0.1228362,2.0156,-0.9416631,0.06374233,0.3304661,-0.06305183,0.9311039,-0.3592632,-0.3305986,-0.3591414,-0.872767,moving,-5.417127194629746,-1.569498445661308,-11.296757433894529,3.4874489553876638,-0.29494991,-0.6351770499999999,-1.9363379999999997,-0.09437080154609673,-0.027267252320882108,0.9951635781630057,-4.914081794056546,-1.837219126951127,7.704857283651292,7.755176901106306,8.312077869609901
05/05/2023 11:40:13.362341,1553,True,True,True,True,Eyes,0.2832351,0.00178002,-2.507754,-0.2327912,-0.3868259,-0.8922858,0.0,0.0,0.0,0.0,0.0,0.0,0.0,1.100571,-0.9659045,-2.259838,0.2430872,0.01361643,-2.681757,-6.54284e-05,0.9679814,-0.1865561,-0.1679548,21.17315,200.4058,3.84553,0.1264469,-0.0006324141,-0.9919729,0.0,0.0,0.0,-0.04122329,-0.6229285,-4.619754,-0.4017338,0.1255107,2.016113,-0.9435823,0.0625393,0.3251786,-0.06279265,0.9303936,-0.3611437,-0.3251297,-0.3611877,-0.8739759,moving,-5.434720953340606,-1.3261356152154813,-11.269243907596469,3.5622829549798456,-0.28431049,-0.63654493,-1.9379970000000002,-0.09468645961599427,-0.02303938615449936,0.9952404883448536,-4.937791938270653,-1.6003142529689356,7.5619747974184595,7.611720844931787,8.169436576129366
05/05/2023 11:40:13.380626,1554,True,True,True,True,Eyes,0.2812991,0.002209793,-2.515519,-0.2271387,-0.3850256,-0.8945185,0.0,0.0,0.0,0.0,0.0,0.0,0.0,1.087456,-0.9672387,-2.274374,0.2420475,0.01441985,-2.689255,0.0003282489,0.9686186,-0.1858482,-0.1650406,21.09551,200.0488,3.809144,0.1250263,-0.0004986409,-0.992153,0.0,0.0,0.0,-0.03175475,-0.6169118,-4.630992,-0.4008248,0.1282004,2.016629,-0.945523,0.06198091,0.3196008,-0.06070912,0.9309207,-0.3601404,-0.3198448,-0.3599237,-0.876444,moving,-5.452021134959038,-1.2943539220267501,-11.241591626354957,3.6374914461901047,-0.27380225,-0.63133165,-1.9417369999999998,-0.09498816279846325,-0.022486679181814927,0.9952244202805951,-4.9555131022922225,-1.5692764406652997,7.554484537079349,7.605407629499187,8.16242703111467
05/05/2023 11:40:13.392611,1555,True,True,True,True,Eyes,0.2793989,0.002658628,-2.523279,-0.2219573,-0.3831871,-0.8966061,0.0,0.0,0.0,0.0,0.0,0.0,0.0,1.07389,-0.9775946,-2.284803,0.2409681,0.0144704,-2.696475,3.314658e-05,0.9688477,-0.1873168,-0.162008,21.28161,199.6887,3.738584,0.1236384,-0.000361514,-0.9923269,0.0,0.0,0.0,-0.02127746,-0.6202888,-4.639209,-0.3999308,0.1308465,2.017138,-0.9475067,0.06075789,0.3139098,-0.06062943,0.9298248,-0.3629737,-0.3139347,-0.3629522,-0.8773316,moving,-5.419276051488739,-1.0012060748663967,-11.21439607234073,3.7114285226383417,-0.26224556,-0.6347592,-1.9427340000000002,-0.09442895021202986,-0.017395373966066236,0.995379560526207,-4.931493857076425,-1.2842653488864388,7.419801919318883,7.469427080150005,8.026943222956255
05/05/2023 11:40:13.412986,1556,True,True,True,True,Eyes,0.2775267,0.003112801,-2.531034,-0.2167061,-0.3813948,-0.8986526,0.0,0.0,0.0,0.0,0.0,0.0,0.0,1.05923,-0.9914854,-2.294551,0.2399624,0.01538786,-2.704099,-0.0007787253,0.9689928,-0.1894198,-0.1586589,21.55166,199.2854,3.612128,0.122281,-0.0002206224,-0.9924951,0.0,0.0,0.0,-0.009119846,-0.6252129,-4.647181,-0.3990248,0.1335278,2.017654,-0.9496537,0.05859712,0.3077737,-0.06161543,0.928239,-0.3668457,-0.3071837,-0.3673399,-0.8778952,moving,-5.344282725495622,-0.6333799247139099,-11.186843350356751,3.786298057741262,-0.24908224599999998,-0.64060076,-1.943082,-0.09313449431117668,-0.011006292800605402,0.9955927130203388,-4.86830304672705,-0.9268736113440148,7.278395571441406,7.325917561901491,7.882762126999711
05/05/2023 11:40:13.432344,1557,True,True,True,True,Eyes,0.2756654,0.003568952,-2.53877,-0.2117203,-0.3794501,-0.9006621,0.0,0.0,0.0,0.0,0.0,0.0,0.0,1.043799,-0.9938043,-2.309383,0.2387211,0.01597691,-2.711673,-0.00112463,0.9696059,-0.1891135,-0.1552407,21.53566,198.8554,3.484488,0.1209535,-7.630555e-05,-0.9926578,0.0,0.0,0.0,0.002650145,-0.6208858,-4.658143,-0.3981154,0.1362193,2.018172,-0.9517983,0.05653533,0.30147,-0.06089712,0.9284697,-0.3663818,-0.3006193,-0.3670802,-0.8802731,moving,-5.247826637644051,-0.5424990355746853,-11.159195788345738,3.8614008204443184,-0.236070955,-0.63686271,-1.9464700000000001,-0.09145978359333412,-0.009428569658663786,0.9957641750222603,-4.776725359556518,-0.8390875810127865,7.3238199359323355,7.3714733383301185,7.92657050600079
05/05/2023 11:40:13.442572,1558,True,True,True,True,Eyes,0.273825,0.004020784,-2.546498,-0.2066327,-0.3775519,-0.9026392,0.0,0.0,0.0,0.0,0.0,0.0,0.0,1.026836,-0.9986562,-2.323395,0.2375485,0.01642512,-2.719038,-0.001238734,0.9701462,-0.1892885,-0.1516067,21.5708,198.4097,3.390032,0.1196542,7.10348e-05,-0.9928153,0.0,0.0,0.0,0.01532248,-0.6186507,-4.668255,-0.3972123,0.138891,2.018684,-0.9540278,0.05499128,0.2946303,-0.05979829,0.9283367,-0.3668993,-0.2936924,-0.3676505,-0.8823707,moving,-5.139202528576477,-0.400456626032708,-11.131761560308794,3.935904096701991,-0.22222602,-0.63507582,-1.9492170000000004,-0.08957361169827455,-0.0069611345819735135,0.9959558955958837,-4.674665023267064,-0.7016028885813317,7.349615676460297,7.396944508813944,7.949878409587654
05/05/2023 11:40:13.462929,1559,True,True,True,True,Eyes,0.2720019,0.004453434,-2.554203,-0.2017207,-0.3754147,-0.9046394,0.0,0.0,0.0,0.0,0.0,0.0,0.0,1.009311,-1.000499,-2.338835,0.2361648,0.01678075,-2.7265,-0.001543143,0.9707959,-0.1889137,-0.1478673,21.5461,197.9411,3.258696,0.1183811,0.0002209143,-0.9929678,0.0,0.0,0.0,0.02827713,-0.6142617,-4.679146,-0.396308,0.1415662,2.019198,-0.9562659,0.05287218,0.287681,-0.05886449,0.9286185,-0.366337,-0.2865149,-0.3672497,-0.8848939,moving,-5.002495518871322,-0.3071358746996016,-11.104292565559378,4.010451140718344,-0.20788767,-0.63104245,-1.952646,-0.08719788347531936,-0.005340088159724253,0.9961766381484815,-4.543915737449043,-0.6117098327307324,7.427546424628608,7.474856843758062,8.025142752081283
05/05/2023 11:40:13.482797,1560,True,True,True,True,Eyes,0.2701955,0.004869829,-2.561896,-0.1966826,-0.3733586,-0.9065976,0.0,0.0,0.0,0.0,0.0,0.0,0.0,0.9913266,-0.9994735,-2.355119,0.2349096,0.01672155,-2.733642,-0.002006135,0.9715308,-0.1881074,-0.1440122,21.47419,197.4508,3.097329,0.1171336,0.0003721447,-0.9931158,0.0,0.0,0.0,0.0418901,-0.6085048,-4.690227,-0.3954027,0.1442448,2.019713,-0.958513,0.05028148,0.2805793,-0.05807757,0.9292232,-0.3649265,-0.2790698,-0.3660821,-0.8877523,moving,-4.854384157951455,-0.26848831543163065,-11.0767997156932,4.085040601118194,-0.1930195,-0.6252263499999999,-1.956585,-0.084622732410407,-0.004669179375938916,0.9964020722508716,-4.400575654829364,-0.5750885592194136,7.546483539871832,7.594186552914143,8.141791664117063
05/05/2023 11:40:13.493054,1561,True,True,True,True,Eyes,0.2684075,0.005266468,-2.569586,-0.1917182,-0.3711045,-0.9085844,0.0,0.0,0.0,0.0,0.0,0.0,0.0,0.973098,-1.00224,-2.369916,0.2334571,0.016767,-2.741007,-0.002930678,0.9720969,-0.1881288,-0.1400953,21.50484,196.9518,2.896493,0.1159098,0.0005239439,-0.9932594,0.0,0.0,0.0,0.05580064,-0.6057254,-4.700489,-0.3944557,0.1470472,2.020251,-0.9607297,0.04701411,0.2734751,-0.05840973,0.929198,-0.3649377,-0.2712698,-0.36658,-0.889962,moving,-4.688196264333372,-0.11811903566682264,-11.048053815115551,4.163023556349618,-0.17765646000000002,-0.6224924,-1.959482,-0.08173301429014301,-0.0020546671936524643,0.9966521573611429,-4.242625487394839,-0.4298836845408254,7.619282689814476,7.666548764562732,8.210277196731386
05/05/2023 11:40:13.512896,1562,True,True,True,True,Eyes,0.2666281,0.005636057,-2.577265,-0.1866431,-0.3688747,-0.910547,0.0,0.0,0.0,0.0,0.0,0.0,0.0,0.9554191,-0.9990259,-2.386945,0.2320092,0.01668061,-2.748505,-0.003969419,0.9728539,-0.1870122,-0.1362569,21.40468,196.449,2.661972,0.1147086,0.0006754041,-0.9933987,0.0,0.0,0.0,0.06947239,-0.5986988,-4.712065,-0.3935991,0.1495815,2.020738,-0.9628366,0.04324007,0.2666007,-0.05868673,0.9300213,-0.3627894,-0.2636314,-0.3649529,-0.8929209,moving,-4.53085959426921,-0.10179413458735541,-11.022058414958725,4.233496018951448,-0.16253681,-0.61537941,-1.9635599999999998,-0.07899590281921533,-0.0017710897888462548,0.9968733825644241,-4.089690730922613,-0.4150431831139414,7.75801654046943,7.805792903036273,8.346654324926062
05/05/2023 11:40:13.532871,1563,True,True,True,True,Eyes,0.2648469,0.005977258,-2.584938,-0.1816065,-0.366526,-0.9125118,0.0,0.0,0.0,0.0,0.0,0.0,0.0,0.9380475,-0.9972026,-2.402898,0.2303927,0.01641259,-2.755887,-0.005192711,0.9735085,-0.1862599,-0.1325205,21.34775,195.959,2.415621,0.1135287,0.0008254143,-0.9935341,0.0,0.0,0.0,0.08259662,-0.5930917,-4.722997,-0.392688,0.1522779,2.021255,-0.964823,0.03925621,0.2599539,-0.0594768,0.9305606,-0.361275,-0.2560852,-0.3640276,-0.8954914,moving,-4.380601425382746,-0.03480702195758919,-10.99442302706709,4.308427144810559,-0.14779608,-0.60950429,-1.9671100000000004,-0.07638143913323046,-0.0006057224040570894,0.9970784941587074,-3.9450217418286524,-0.35086220688701336,7.864372538039864,7.912415510214858,8.450031700719455
05/05/2023 11:40:13.542978,1564,True,True,True,True,Eyes,0.2630675,0.006290209,-2.592604,-0.1764976,-0.3641764,-0.9144529,0.0,0.0,0.0,0.0,0.0,0.0,0.0,0.9222821,-0.9939364,-2.418775,0.2287829,0.01605018,-2.763401,-0.006591165,0.9741477,-0.1852875,-0.1290797,21.26588,195.5001,2.151903,0.112369,0.0009728995,-0.9936658,0.0,0.0,0.0,0.09458242,-0.5866758,-4.734124,-0.3917952,0.1549211,2.021765,-0.9665901,0.03499216,0.2539279,-0.06067523,0.9312502,-0.3592932,-0.2490428,-0.3626963,-0.8980142,moving,-4.263736310761814,0.007258500011758069,-10.96733348886832,4.38182145767781,-0.13420048,-0.60272598,-1.9707230000000004,-0.07434757056096616,0.00012633410708017597,0.9972323612040002,-3.832233216930698,-0.31070810156929024,7.9560856613495,8.004687139226707,8.539876436753175
05/05/2023 11:40:13.562856,1565,True,True,True,True,Eyes,0.2612908,0.006573683,-2.60026,-0.1714585,-0.3617839,-0.9163593,0.0,0.0,0.0,0.0,0.0,0.0,0.0,0.9066154,-0.9902358,-2.434512,0.2270092,0.01569054,-2.770846,-0.007728158,0.9747814,-0.1841813,-0.125773,21.16266,195.0631,1.921169,0.1112281,0.001116948,-0.9937941,0.0,0.0,0.0,0.1056195,-0.5795596,-4.745266,-0.3908283,0.1577818,2.022314,-0.968243,0.03126354,0.2480492,-0.0613966,0.932035,-0.357129,-0.2423556,-0.3610169,-0.900517,moving,-4.16329563159357,0.03390311211310045,-10.93802297686145,4.461203718507895,-0.12138969999999999,-0.59525014,-1.9744199999999998,-0.07259927686459673,0.0005901594523423704,0.9973610033124957,-3.7350398993518876,-0.2854493809016426,8.043640973854068,8.093078602244272,8.62633646810877
05/05/2023 11:40:13.582531,1566,True,True,True,True,Eyes,0.2595066,0.006831205,-2.607915,-0.1663761,-0.3594211,-0.918224,0.0,0.0,0.0,0.0,0.0,0.0,0.0,0.8915417,-0.9871532,-2.449497,0.2252588,0.01525011,-2.778197,-0.00855657,0.9753617,-0.1831616,-0.1226716,21.06317,194.6594,1.734514,0.1101048,0.001256729,-0.993919,0.0,0.0,0.0,0.1158031,-0.573135,-4.755923,-0.38994,0.1604106,2.022819,-0.9697571,0.02824597,0.2424329,-0.06162897,0.9327572,-0.3551984,-0.2361639,-0.359397,-0.9028073,moving,-4.095291488091455,0.0662039305387655,-10.911100745380882,4.534096703765238,-0.1094557,-0.5883851099999999,-1.977726,-0.07141542250921852,0.0011525258953726668,0.9974459168618168,-3.6696187840112824,-0.2544721592831035,8.099441615975051,8.149682304531975,8.681558198445565
05/05/2023 11:40:13.592720,1567,True,True,True,True,Eyes,0.2577309,0.007065432,-2.615572,-0.161308,-0.3570473,-0.9200527,0.0,0.0,0.0,0.0,0.0,0.0,0.0,0.8764011,-0.9859377,-2.463839,0.2232594,0.01488655,-2.785783,-0.009115079,0.9758675,-0.1824209,-0.1196767,20.99085,194.2775,1.587975,0.1089971,0.001391672,-0.9940408,0.0,0.0,0.0,0.1252233,-0.5678395,-4.766331,-0.3890624,0.1630068,2.023318,-0.9711889,0.02587283,0.2369026,-0.06145326,0.9332791,-0.3538555,-0.2302515,-0.3582189,-0.9048003,moving,-4.045028301938234,0.12945258572600535,-10.884510779855129,4.606035007379066,-0.09803609999999999,-0.5827260500000001,-1.9805480000000002,-0.07054025127011719,0.0022537436969837484,0.9975063958033941,-3.6223260340943675,-0.19326553155181225,8.123360848867792,8.174246799772162,8.704746575549601
05/05/2023 11:40:13.612779,1568,True,True,True,True,Eyes,0.2559417,0.007271299,-2.623228,-0.1561847,-0.3546655,-0.9218561,0.0,0.0,0.0,0.0,0.0,0.0,0.0,0.860607,-0.9845249,-2.478309,0.2213115,0.01455696,-2.793342,-0.009299585,0.9763929,-0.1815619,-0.1166451,20.89896,193.8989,1.484156,0.1079041,0.001521339,-0.9941598,0.0,0.0,0.0,0.1346385,-0.5620178,-4.776795,-0.3881465,0.1657167,2.023838,-0.9726149,0.02419654,0.2311598,-0.06051672,0.9338976,-0.352382,-0.224406,-0.356721,-0.9068585,moving,-4.000800998581989,0.17666616845023977,-10.856773377223682,4.681072447698737,-0.086673,-0.57657476,-1.983453,-0.06977008782651586,0.003075887401250562,0.9975583292584574,-3.580484979980797,-0.14762075017189066,8.15157705738948,8.20329404478659,8.732734442258822
05/05/2023 11:40:13.632930,1569,True,True,True,True,Eyes,0.2541525,0.007452753,-2.630897,-0.1510092,-0.3522743,-0.9236337,0.0,0.0,0.0,0.0,0.0,0.0,0.0,0.8427927,-0.981252,-2.494038,0.2191584,0.01406752,-2.80092,-0.009044368,0.9770185,-0.1802775,-0.113372,20.75175,193.4982,1.421862,0.1068256,0.001645014,-0.9942761,0.0,0.0,0.0,0.1446639,-0.5547665,-4.787673,-0.3872424,0.1683921,2.024352,-0.9741301,0.02320383,0.2247941,-0.05854988,0.9348364,-0.3502181,-0.2182722,-0.3543196,-0.9092937,moving,-3.939275451274117,0.17206210134231423,-10.829398603480318,4.755099540915806,-0.07449449999999999,-0.56883402,-1.9867529999999998,-0.06869887079661446,0.0029959510621397154,0.997633029790676,-3.5203846169128536,-0.15250843855900262,8.222330820658907,8.275145269123694,8.803766326751502
05/05/2023 11:40:13.642862,1570,True,True,True,True,Eyes,0.2523419,0.007603428,-2.638564,-0.145745,-0.3498567,-0.9253966,0.0,0.0,0.0,0.0,0.0,0.0,0.0,0.8237867,-0.9768774,-2.510634,0.2168108,0.01364864,-2.808736,-0.008946052,0.9776898,-0.1787896,-0.1098951,20.58324,193.0689,1.334544,0.1057594,0.00176245,-0.9943899,0.0,0.0,0.0,0.1553195,-0.5463807,-4.79905,-0.3862732,0.1712594,2.024902,-0.9756861,0.02180329,0.2180856,-0.05678914,0.9359085,-0.3476353,-0.2116878,-0.3515678,-0.9119148,moving,-3.855620444996809,0.14605516633325963,-10.800067845835404,4.8343791062043975,-0.0614913,-0.56002934,-1.9903140000000001,-0.06724228333095145,0.002543371484251704,0.9977335262711098,-3.4381351617093987,-0.1783675307888868,8.324825353577006,8.37888602787881,8.906496600363702
05/05/2023 11:40:13.663192,1571,True,True,True,True,Eyes,0.250469,0.007731544,-2.646232,-0.1402024,-0.3472385,-0.9272372,0.0,0.0,0.0,0.0,0.0,0.0,0.0,0.8031473,-0.9719955,-2.527435,0.2144355,0.0130445,-2.816309,-0.008848815,0.9783825,-0.1772587,-0.1061557,20.40979,192.6085,1.24227,0.1047046,0.001873022,-0.9945013,0.0,0.0,0.0,0.1672466,-0.5383724,-4.809937,-0.38546,0.1736655,2.025364,-0.9773054,0.02031898,0.2108587,-0.05494907,0.9370022,-0.3449748,-0.2045846,-0.3487322,-0.9146206,moving,-3.7585031136367992,0.12714136732018877,-10.77546322948754,4.900858055154743,-0.047188900000000006,-0.5514169,-1.9936279999999997,-0.06555106112359929,0.0022142611192451037,0.9978468165731232,-3.342953560037263,-0.197414388124045,8.431828170147341,8.486819208817291,9.01302290535022
05/05/2023 11:40:13.682622,1572,True,True,True,True,Eyes,0.2485574,0.00783915,-2.653909,-0.1345685,-0.3446357,-0.9290412,0.0,0.0,0.0,0.0,0.0,0.0,0.0,0.7809644,-0.9704444,-2.543353,0.2117155,0.01256141,-2.824062,-0.008293963,0.9789802,-0.1762453,-0.1023082,20.29039,192.1488,1.21103,0.1036579,0.001976568,-0.9946107,0.0,0.0,0.0,0.1790276,-0.5321761,-4.820411,-0.3845349,0.1764032,2.02589,-0.9789287,0.01982341,0.2032388,-0.0523019,0.9377377,-0.3433841,-0.1973917,-0.3467783,-0.9169415,moving,-3.6646418245175614,0.16525265130422964,-10.747479453554615,4.976445129571493,-0.03268789999999999,-0.54473751,-1.996349,-0.06391620091115953,0.0028783014512061343,0.9979511174631854,-3.252483020345337,-0.16095514538121525,8.50663400333549,8.562368944529236,9.086685485858082
05/05/2023 11:40:13.692542,1573,True,True,True,True,Eyes,0.2466048,0.007936791,-2.661601,-0.1287229,-0.3418433,-0.9308993,0.0,0.0,0.0,0.0,0.0,0.0,0.0,0.7567306,-0.9686499,-2.559788,0.2088246,0.0121548,-2.831904,-0.007079637,0.9796177,-0.1750536,-0.09826128,20.14289,191.6784,1.253094,0.1026184,0.002072933,-0.9947183,0.0,0.0,0.0,0.1911939,-0.5252942,-4.831044,-0.3835693,0.1792607,2.02644,-0.9805892,0.02053131,0.1949956,-0.04827266,0.9386122,-0.3415799,-0.1900383,-0.3443625,-0.9194019,moving,-3.572748851190729,0.19128076494902968,-10.718275516085047,5.055277047115508,-0.0176307,-0.5374490000000001,-1.9991400000000001,-0.06231548071278605,0.0033319845153478864,0.9980509066287723,-3.1636055516551154,-0.1362395843201089,8.587280277385007,8.643900228001538,9.166508779569916
05/05/2023 11:40:13.712692,1574,True,True,True,True,Eyes,0.2445988,0.008004691,-2.669305,-0.1227641,-0.33902,-0.932735,0.0,0.0,0.0,0.0,0.0,0.0,0.0,0.7308071,-0.9645753,-2.577338,0.2057319,0.01194731,-2.839838,-0.005812534,0.9803404,-0.173401,-0.0939745,19.94247,191.1783,1.291898,0.1015832,0.002162531,-0.9948243,0.0,0.0,0.0,0.2043117,-0.5167201,-4.841933,-0.3827394,0.1817158,2.026911,-0.9822702,0.02119401,0.1862698,-0.04398706,0.9397966,-0.3388915,-0.1822382,-0.3410764,-0.9222021,moving,-3.459229436645965,0.16566498784322484,-10.693192692579059,5.122962086561813,-0.0014201999999999826,-0.5286674100000001,-2.002095,-0.0603380244844771,0.0028861275851385882,0.9981739116720507,-3.0522542487248066,-0.16191613039954822,8.711997135739137,8.769550667688389,9.290526253710418
05/05/2023 11:40:13.732810,1575,True,True,True,True,Eyes,0.2425435,0.008038017,-2.677016,-0.116616,-0.3360823,-0.9345851,0.0,0.0,0.0,0.0,0.0,0.0,0.0,0.7035192,-0.9584889,-2.595636,0.2023861,0.01126998,-2.847785,-0.004604953,0.9811013,-0.1714895,-0.08950193,19.71376,190.654,1.318496,0.1005514,0.002244845,-0.994929,0.0,0.0,0.0,0.2179061,-0.5073589,-4.853036,-0.3818363,0.1843894,2.027426,-0.9839365,0.02166143,0.1772003,-0.03973313,0.9411404,-0.3356728,-0.1740415,-0.3373214,-0.9251617,moving,-3.3334100177076773,0.11752276584189145,-10.665893386359878,5.196613610954769,0.015519999999999978,-0.51862888,-2.0052510000000003,-0.05814604060645078,0.0020476873032254663,0.9983059440421063,-2.9283055080794296,-0.2095921195081646,8.861112118426881,8.919780051350513,9.439138020720048
05/05/2023 11:40:13.742870,1576,True,True,True,True,Eyes,0.2404252,0.008052907,-2.684732,-0.1103579,-0.3331754,-0.9363842,0.0,0.0,0.0,0.0,0.0,0.0,0.0,0.6752146,-0.9552067,-2.612529,0.1988643,0.01043314,-2.855519,-0.003431285,0.9817421,-0.1701747,-0.08491877,19.5554,190.1196,1.347809,0.09952059,0.002319362,-0.9950325,0.0,0.0,0.0,0.2318759,-0.5006014,-4.863094,-0.3809428,0.1870317,2.027932,-0.9855539,0.02216478,0.1679045,-0.03563932,0.9420576,-0.3335525,-0.1655688,-0.334718,-0.9276586,moving,-3.2013120547379015,0.13749775328769,-10.638911172857911,5.269356912505654,0.0330116,-0.5110345399999999,-2.007575,-0.055844210970787206,0.002396041425978261,0.9984366611627126,-2.8000723028357064,-0.19103277229987475,8.976888924981909,9.036252490491226,9.553180116594767
05/05/2023 11:40:13.762881,1577,True,True,True,True,Eyes,0.2382318,0.008050087,-2.692464,-0.1039524,-0.330186,-0.9381744,0.0,0.0,0.0,0.0,0.0,0.0,0.0,0.6470993,-0.9528385,-2.62873,0.1951729,0.00998747,-2.863331,-0.002498491,0.9823245,-0.169024,-0.08039473,19.41904,189.589,1.352985,0.09848856,0.002386191,-0.995135,0.0,0.0,0.0,0.2455231,-0.4939952,-4.872932,-0.3800304,0.1897316,2.028451,-0.987061,0.02226862,0.158792,-0.03208594,0.9428493,-0.3316711,-0.1571028,-0.3324746,-0.9299353,moving,-3.079429757067503,0.182755877040527,-10.611355437223226,5.34362573253865,0.050350199999999984,-0.5039826700000001,-2.0096009999999995,-0.053720046622116276,0.003185080741122162,0.99855100657338,-2.6824789838344842,-0.14780558691839618,9.070424239573011,9.13041522148793,9.64483798461209
05/05/2023 11:40:13.783079,1578,True,True,True,True,Eyes,0.235968,0.008022225,-2.700206,-0.09743744,-0.3271662,-0.9399298,0.0,0.0,0.0,0.0,0.0,0.0,0.0,0.6190484,-0.9451083,-2.646697,0.1912385,0.009506017,-2.871374,-0.00154564,0.9830426,-0.1669042,-0.07594682,19.17064,189.064,1.353615,0.09745369,0.002445411,-0.9952368,0.0,0.0,0.0,0.2585917,-0.4834952,-4.883815,-0.3791078,0.1924618,2.028975,-0.9884594,0.02231283,0.1498338,-0.02839055,0.9442812,-0.3279131,-0.148802,-0.3283827,-0.9327501,moving,-2.9704246369955927,0.1173095475091887,-10.583505024890004,5.418673300740615,0.06735319999999997,-0.493001217,-2.0124410000000004,-0.051820355899518,0.002044685329803994,0.9986542324751759,-2.5744547384811356,-0.21220669698824757,9.215787781396761,9.27703889377524,9.790387941192574
05/05/2023 11:40:13.792765,1579,True,True,True,True,Eyes,0.2336526,0.007949729,-2.707958,-0.0908334,-0.3241241,-0.9416437,0.0,0.0,0.0,0.0,0.0,0.0,0.0,0.5901303,-0.9376724,-2.664203,0.1872212,0.008851528,-2.879293,-0.0009864729,0.9837169,-0.1649615,-0.07132947,18.94689,188.5128,1.308136,0.09641434,0.002496857,-0.9953379,0.0,0.0,0.0,0.2724699,-0.4737911,-4.894162,-0.378217,0.195098,2.029482,-0.9898224,0.02159241,0.1406615,-0.02547405,0.9455734,-0.3244101,-0.1400106,-0.3246915,-0.9353997,moving,-2.839750966218477,0.07511782353017933,-10.5566180085713,5.49107975162785,0.08524869999999998,-0.482642628,-2.0148689999999996,-0.04954267237991431,0.0013094430068627282,0.9987711477002766,-2.445934366381736,-0.2541251359504386,9.365492052592671,9.427761163497655,9.939344462485181
05/05/2023 11:40:13.812727,1580,True,True,True,True,Eyes,0.2312682,0.00785232,-2.715711,-0.08411587,-0.3211842,-0.9432737,0.0,0.0,0.0,0.0,0.0,0.0,0.0,0.5626427,-0.9281842,-2.681653,0.1831423,0.007685542,-2.88717,-0.0007884558,0.9843816,-0.162819,-0.06695046,18.7027,187.9834,1.224974,0.09536994,0.002539658,-0.9954384,0.0,0.0,0.0,0.285406,-0.4636108,-4.904539,-0.3773167,0.1977624,2.029994,-0.9910343,0.02024933,0.1320664,-0.02335389,0.9469787,-0.3204464,-0.1315528,-0.3206575,-0.9380154,moving,-2.7350082575645094,0.00450435393485858,-10.529455187814053,5.564207294555363,0.10226369999999999,-0.471296342,-2.017369,-0.04771677382102138,7.852625765538313e-05,0.9988609244318888,-2.341925929262481,-0.3235255259687418,9.51061643944872,9.574116133430847,10.084693010970376
05/05/2023 11:40:13.832812,1581,True,True,True,True,Eyes,0.2287866,0.007802594,-2.723485,-0.0774643,-0.3178811,-0.9449608,0.0,0.0,0.0,0.0,0.0,0.0,0.0,0.5327924,-0.9298729,-2.695189,0.1790354,0.006990727,-2.894903,-0.0004989816,0.984722,-0.1626338,-0.0622324,18.68471,187.424,1.16496,0.09431949,0.002573777,-0.9955384,0.0,0.0,0.0,0.2997582,-0.4609564,-4.912635,-0.3764272,0.2003949,2.030501,-0.992254,0.01925946,0.1227255,-0.02122489,0.9471,-0.3202359,-0.1224009,-0.3203601,-0.939355,moving,-2.5923143497990706,0.18292721809658333,-10.502621191398733,5.636402128115423,0.12072279999999996,-0.46794712699999996,-2.017732,-0.04522875643173831,0.0031894096572785066,0.998971577326411,-2.2076342789192442,-0.15086915623233454,9.544552978224072,9.60798329112116,10.11431247277056
05/05/2023 11:40:13.852328,1582,True,True,True,True,Eyes,0.2262331,0.007880941,-2.731294,-0.07067143,-0.3145863,-0.9465944,0.0,0.0,0.0,0.0,0.0,0.0,0.0,0.5021824,-0.9325329,-2.708763,0.1748272,0.008039877,-2.9032,-0.0005707649,0.9850652,-0.1623447,-0.05736483,18.65721,186.8395,1.058426,0.09325924,0.002601892,-0.9956382,0.0,0.0,0.0,0.314704,-0.4558925,-4.921238,-0.3755206,0.2030775,2.031016,-0.9934182,0.01750126,0.1132015,-0.01975023,0.9472877,-0.3197747,-0.1128309,-0.3199056,-0.9407073,moving,-2.4332851510966016,0.3491862750583851,-10.475289133979183,5.709919997393795,0.1398768,-0.463932377,-2.0180379999999998,-0.042455284418169786,0.006088917403243971,0.999079788198682,-2.0570908237133616,0.009843693973982381,9.60149397214036,9.664951841705337,10.166461166786132
05/05/2023 11:40:13.862613,1583,True,True,True,True,Eyes,0.223609,0.007965934,-2.739144,-0.06388005,-0.3105607,-0.9484046,0.0,0.0,0.0,0.0,0.0,0.0,0.0,0.4695405,-0.9304923,-2.724121,0.170387,0.01120105,-2.911693,-0.0004772036,0.9856002,-0.1608213,-0.05223671,18.48527,186.2236,0.9582447,0.09218944,0.002629249,-0.9957378,0.0,0.0,0.0,0.3304207,-0.4437139,-4.930916,-0.3746029,0.2057926,2.031537,-0.9945423,0.01586089,0.1031225,-0.01774222,0.9482726,-0.3169612,-0.1028155,-0.3170609,-0.9428158,moving,-2.246412138579001,0.4154052606044105,-10.447633177035298,5.784272076730263,0.1600337,-0.45491495,-2.0192229999999998,-0.039196213277712326,0.007244554145571127,0.9992052180476102,-1.8767082881942376,0.0730344851394441,9.738352757924643,9.802283275386175,10.299465436504715
05/05/2023 11:40:13.882737,1584,True,True,True,True,Eyes,0.2209235,0.00805134,-2.746971,-0.05698959,-0.3067042,-0.9500973,0.0,0.0,0.0,0.0,0.0,0.0,0.0,0.4391743,-0.8937839,-2.750435,0.1660501,0.01130295,-2.920431,4.932406e-05,0.9869907,-0.1535868,-0.047544,17.64828,185.6529,0.8839786,0.09110743,0.002656189,-0.9958373,0.0,0.0,0.0,0.3442724,-0.4115676,-4.945724,-0.3736784,0.2085271,2.032062,-0.9954791,0.01470163,0.09383581,-0.0145069,0.9528221,-0.3031823,-0.09386611,-0.3031729,-0.9483013,moving,-2.116441314053941,-0.19237328400557305,-10.419780959186694,5.859096350542315,0.17822229999999997,-0.42287054999999996,-2.025293,-0.036930264598376075,-0.0033552507948306142,0.9993122920199151,-1.7336286705918442,-0.5191863632549638,10.207174218351698,10.274518674871755,10.77644338164437
05/05/2023 11:40:13.892610,1585,True,True,True,True,Eyes,0.2181739,0.008249361,-2.754844,-0.05017835,-0.3029496,-0.9516847,0.0,0.0,0.0,0.0,0.0,0.0,0.0,0.410078,-0.8981188,-2.761056,0.1619145,0.01138914,-2.927774,-0.000314054,0.9871497,-0.1539006,-0.04301216,17.69037,185.1079,0.7589338,0.0900139,0.002682734,-0.9959367,0.0,0.0,0.0,0.3580022,-0.409829,-4.95237,-0.3727996,0.211128,2.032562,-0.9962999,0.01261916,0.08501554,-0.01385923,0.952629,-0.3038189,-0.0848222,-0.3038729,-0.9489292,moving,-1.990758987698098,0.07089367232254055,-10.39330949941565,5.9302085840987235,0.1960877,-0.42121814,-2.0245960000000003,-0.03473828350267352,0.0012365809471144402,0.9993957262715414,-1.6182070545229736,-0.26386521640762556,10.17666370978723,10.24375059913739,10.740994980190644
05/05/2023 11:40:13.912676,1586,True,True,True,True,Eyes,0.2153752,0.008495107,-2.762765,-0.04330951,-0.2987218,-0.953357,0.0,0.0,0.0,0.0,0.0,0.0,0.0,0.381,-0.9131872,-2.769542,0.1578716,0.01429278,-2.936717,-0.0008957437,0.9870749,-0.1555763,-0.0384514,17.89056,184.5583,0.6138787,0.08890851,0.002712972,-0.9960359,0.0,0.0,0.0,0.3719904,-0.4106588,-4.959321,-0.3719153,0.2137449,2.033065,-0.9970413,0.01019592,0.07618753,-0.01373259,0.9515904,-0.3070621,-0.07563011,-0.3071998,-0.948635,moving,-1.862418894247292,0.5201632145496263,-10.366681628943553,6.001704713823452,0.2141188,-0.42495158,-2.0226040000000003,-0.03249827994241768,0.00907364071051971,0.9994306017656861,-1.5052079677919081,0.17241589273437624,10.051602676365555,10.117795306735784,10.606899811300115
05/05/2023 11:40:13.933135,1587,True,True,True,True,Eyes,0.212551,0.008773761,-2.770692,-0.03647216,-0.2946024,-0.9549237,0.0,0.0,0.0,0.0,0.0,0.0,0.0,0.3537221,-0.8720011,-2.795656,0.1538341,0.01557066,-2.945724,-0.0007428668,0.988465,-0.147513,-0.03429887,16.9582,184.0519,0.5181732,0.08779039,0.002748237,-0.9961349,0.0,0.0,0.0,0.3840365,-0.3738203,-4.974336,-0.3710266,0.2163746,2.03357,-0.9976463,0.008650467,0.06802565,-0.01158766,0.9564787,-0.291572,-0.06758731,-0.2916739,-0.9541271,moving,-1.7834215325869154,-0.16792379367937318,-10.339932480101735,6.073497408643529,0.2302024,-0.38939096,-2.0286120000000003,-0.03112141918603103,-0.0029293993366456927,0.9995113512361378,-1.4096536743036814,-0.4976057981944803,10.521253639319385,10.590997036150412,11.0873476045537
05/05/2023 11:40:13.942661,1588,True,True,True,True,Eyes,0.209691,0.009144045,-2.778679,-0.02953177,-0.2905474,-0.9564048,0.0,0.0,0.0,0.0,0.0,0.0,0.0,0.3237666,-0.8745723,-2.806678,0.1500796,0.0166164,-2.953699,-0.000425896,0.9886467,-0.147285,-0.02974381,16.93287,183.5171,0.4743232,0.08666129,0.002789144,-0.9962337,0.0,0.0,0.0,0.3980506,-0.36915,-4.98156,-0.3701047,0.2191024,2.034094,-0.9982304,0.007919513,0.0589377,-0.009603755,0.9566139,-0.2912003,-0.05868679,-0.291251,-0.954845,moving,-1.6726893360487227,0.04856796561056384,-10.31219259521056,6.147909943529955,0.24797099999999997,-0.38576639999999995,-2.027861,-0.029189779899997284,0.0008473096311579185,0.9995735577559625,-1.3075449850966356,-0.28769704046989275,10.505730308595489,10.575584576215046,11.068004148663752
05/05/2023 11:40:13.962428,1589,True,True,True,True,Eyes,0.2067905,0.009587253,-2.786707,-0.0226236,-0.2861555,-0.9579161,0.0,0.0,0.0,0.0,0.0,0.0,0.0,0.2932665,-0.8735613,-2.820028,0.1462926,0.0191764,-2.963089,-0.0004779082,0.9889463,-0.1461411,-0.02505962,16.8026,182.9595,0.3818062,0.08552094,0.002838378,-0.996332,0.0,0.0,0.0,0.4126091,-0.3589664,-4.990718,-0.3691773,0.2218471,2.034622,-0.9987438,0.006379227,0.04970491,-0.008269729,0.9572851,-0.2890273,-0.04942554,-0.2890752,-0.9560298,moving,-1.5382063018227423,0.17875172046638113,-10.284292381425335,6.222721534772645,0.2663165,-0.3781428,-2.027629,-0.026843409852706147,0.0031186768681371,0.9996348119680966,-1.1799572498110742,-0.16192211448187288,10.560980582841097,10.6312554681027,11.119918736965287
05/05/2023 11:40:13.983048,1590,True,True,True,True,Eyes,0.2038814,0.01008852,-2.794765,-0.01562311,-0.2818402,-0.9593342,0.0,0.0,0.0,0.0,0.0,0.0,0.0,0.2651323,-0.8466244,-2.84023,0.1428961,0.02127393,-2.972052,-0.0009110303,0.9898468,-0.1406233,-0.02068111,16.16645,182.4278,0.2393909,0.08436958,0.002897646,-0.9964301,0.0,0.0,0.0,0.4263687,-0.3312727,-5.002591,-0.3682997,0.2244443,2.035121,-0.9991432,0.004012931,0.04119848,-0.007620053,0.9604486,-0.2783534,-0.04068604,-0.2784287,-0.9595951,moving,-1.435097156829333,-0.20289619147622592,-10.257902354419977,6.293459337495638,0.28347259999999996,-0.35254662999999997,-2.0305389999999996,-0.025044395778908345,-0.003540088601457803,0.9996801154391914,-1.0691578576966863,-0.5339432862280328,10.884052857366688,10.956483318722107,11.447552227987057
05/05/2023 11:40:13.993124,1591,True,True,True,True,Eyes,0.2009824,0.01064657,-2.802875,-0.008669253,-0.2776054,-0.960656,0.0,0.0,0.0,0.0,0.0,0.0,0.0,0.2362068,-0.8452192,-2.852179,0.1397136,0.02316956,-2.98078,-0.001734382,0.9900691,-0.139644,-0.01612024,16.05562,181.8746,0.06366824,0.08320899,0.002967912,-0.9965274,0.0,0.0,0.0,0.4410972,-0.321896,-5.010691,-0.3673723,0.2271887,2.035648,-0.9994745,0.001067876,0.03240471,-0.007936508,0.9609931,-0.2764586,-0.03143592,-0.2765704,-0.9604797,moving,-1.3042521603527057,-0.06456548857130039,-10.230025644754505,6.3681485807960625,0.30138360000000003,-0.34506556,-2.0299109999999994,-0.02276151261887552,-0.001126588095322172,0.999740220624989,-0.9453361370884605,-0.4002173826107492,10.929400231652014,11.00223807200549,11.489831899047426
05/05/2023 11:40:14.013102,1592,True,True,True,True,Eyes,0.1981015,0.01122796,-2.811015,-0.001608713,-0.2733169,-0.9619228,0.0,0.0,0.0,0.0,0.0,0.0,0.0,0.2075586,-0.8333068,-2.867476,0.1369114,0.0250711,-2.990071,-0.002836624,0.990522,-0.136841,-0.01153088,15.73291,181.3137,359.8533,0.08204143,0.003049963,-0.996624,0.0,0.0,0.0,0.4563622,-0.3049768,-5.020345,-0.3665017,0.2297647,2.036143,-0.9997182,-0.002463686,0.0236195,-0.008775269,0.962533,-0.2710225,-0.02206684,-0.2711533,-0.9622834,moving,-1.171125436669514,-0.135226634149136,-10.203863606378448,6.438198811072007,0.31945080000000003,-0.3300479,-2.030274,-0.0204385166011143,-0.0023596550269206567,0.999788421622428,-0.8136571396120167,-0.4698523877855236,11.097557220499812,11.17140460848131,11.657493249174072
05/05/2023 11:40:14.032689,1593,True,True,True,True,Eyes,0.1952939,0.01178011,-2.819179,0.005388749,-0.2693231,-0.9630348,0.0,0.0,0.0,0.0,0.0,0.0,0.0,0.1780759,-0.8220428,-2.881762,0.1343902,0.02619505,-2.998877,-0.004157595,0.9909058,-0.1343237,-0.006761467,15.44186,180.7301,359.6182,0.08086801,0.003143391,-0.9967196,0.0,0.0,0.0,0.4725547,-0.2896075,-5.029068,-0.3655655,0.2325349,2.036677,-0.9998744,-0.006423121,0.01451688,-0.01005602,0.9638797,-0.2661481,-0.01228303,-0.2662605,-0.9638232,moving,-1.0106659272490726,-0.1913681139563721,-10.175731320652806,6.513465116249792,0.3381645,-0.31580255,-2.030191,-0.017638434947926003,-0.0033394778555428835,0.9998388521760273,-0.6557249769544293,-0.5255412428047386,11.280931454249176,11.355756791612064,11.839684594906549
05/05/2023 11:40:14.042473,1594,True,True,True,True,Eyes,0.192531,0.01226999,-2.827364,0.01251223,-0.2653785,-0.9640632,0.0,0.0,0.0,0.0,0.0,0.0,0.0,0.1474341,-0.8181155,-2.893507,0.1322645,0.0260561,-3.007533,-0.005208781,0.9910644,-0.1332712,-0.001802564,15.3182,180.1298,359.4152,0.07969271,0.003245901,-0.9968139,0.0,0.0,0.0,0.4899285,-0.2817395,-5.03626,-0.3646775,0.235162,2.037181,-0.9999394,-0.009844014,0.004961275,-0.01080493,0.9644233,-0.2641419,-0.002184552,-0.2641794,-0.9644712,moving,-0.8412511936995424,-0.08153944250068827,-10.149068697967925,6.5847938482088155,0.357664,-0.30779559999999995,-2.0287270000000004,-0.014682061922459754,-0.001422977978316449,0.9998912790635992,-0.49353652439038376,-0.4198031402559067,11.373556213483036,11.448819425407438,11.92869148422408
05/05/2023 11:40:14.062705,1595,True,True,True,True,Eyes,0.1898469,0.01269946,-2.835556,0.01957478,-0.2619735,-0.9648765,0.0,0.0,0.0,0.0,0.0,0.0,0.0,0.1158632,-0.8127893,-2.905335,0.130494,0.02504376,-3.016184,-0.005786089,0.9912137,-0.1321029,0.00326774,15.17966,179.5247,359.2678,0.07851783,0.003354286,-0.9969068,0.0,0.0,0.0,0.5080429,-0.2745522,-5.043188,-0.363788,0.2377932,2.037685,-0.9999117,-0.01233386,-0.004949341,-0.01060714,0.9650307,-0.2619222,0.008006777,-0.2618465,-0.9650763,moving,-0.6627210751949686,-0.017045720109549568,-10.122373950814582,6.656180550783289,0.37754889999999997,-0.29959596000000005,-2.027004,-0.011566406054757413,-0.0002974840260430866,0.9999330361183091,-0.3212402985179663,-0.35823567748843704,11.50072123990545,11.576570363875165,12.052562212808652
05/05/2023 11:40:14.082880,1596,True,True,True,True,Eyes,0.1872175,0.01313607,-2.843768,0.0268363,-0.2587794,-0.9655636,0.0,0.0,0.0,0.0,0.0,0.0,0.0,0.08032572,-0.8202519,-2.912998,0.1290068,0.02406057,-3.0245,-0.00523687,0.9910517,-0.1330801,0.008870238,15.28887,178.8728,359.2432,0.07734716,0.003465698,-0.996998,0.0,0.0,0.0,0.5285863,-0.2768885,-5.047728,-0.3629085,0.2403951,2.038183,-0.9997877,-0.01274092,-0.01618788,-0.008019113,0.9645245,-0.2638715,0.01897557,-0.2636857,-0.9644219,moving,-0.45282369503713066,0.2847923791605165,-10.095989549611682,6.726718478003262,0.3995795,-0.30094907,-2.023228,-0.007903084631437705,0.004970389079825538,0.9999564325472949,-0.12476387029289748,-0.06594388384639022,11.521107030062373,11.596941819367029,12.065057128335333
05/05/2023 11:40:14.097025,1597,True,True,True,True,Eyes,0.1846628,0.0135778,-2.852017,0.03413124,-0.2557266,-0.9661465,0.0,0.0,0.0,0.0,0.0,0.0,0.0,0.04050881,-0.8285621,-2.920422,0.127596,0.02467479,-3.033171,-0.003604863,0.9908753,-0.1338953,0.01501083,15.38115,178.1746,359.3366,0.07618225,0.003580054,-0.9970872,0.0,0.0,0.0,0.5512787,-0.2776646,-5.051962,-0.362,0.2430843,2.038701,-0.9995236,-0.0111637,-0.02878237,-0.00312418,0.9641181,-0.2654553,0.03071307,-0.2652389,-0.9636936,moving,-0.19780250769111277,0.5621647806056431,-10.068726846668827,6.7995545267157205,0.4236827,-0.30233939,-2.018791,-0.003452132164520264,0.009811410939730815,0.9999459555159158,0.11635952930491661,0.20224393479632036,11.600490456101193,11.676479698552205,12.135093387868833
05/05/2023 11:40:14.112809,1598,True,True,True,True,Eyes,0.1821791,0.01401785,-2.860272,0.04161901,-0.2527611,-0.9666332,0.0,0.0,0.0,0.0,0.0,0.0,0.0,0.00100483,-0.816893,-2.933357,0.1265005,0.02521512,-3.042246,-0.001883019,0.9911106,-0.1313475,0.02108002,15.0867,177.4903,359.4499,0.07502566,0.00369715,-0.9971744,0.0,0.0,0.0,0.5739117,-0.2648635,-5.058414,-0.3610727,0.2458292,2.039229,-0.9991044,-0.009270173,-0.04129059,0.001805054,0.9654886,-0.2604392,0.04227991,-0.2602803,-0.9646071,moving,0.038633892967333876,0.4461242383687411,-10.040912988996508,6.873840715746111,0.4474112,-0.29007861999999995,-2.016168,0.0006742681639926758,0.0077862566153971136,0.9999694888241302,0.3499698776375387,0.0877703982935974,11.877521676685166,11.954614358449861,12.410527672162818
05/05/2023 11:40:14.132872,1599,True,True,True,True,Eyes,0.1797947,0.01446054,-2.868539,0.04918584,-0.2499142,-0.9670179,0.0,0.0,0.0,0.0,0.0,0.0,0.0,-0.0388896,-0.8160596,-2.941954,0.1256252,0.0256011,-3.050592,-0.000466896,0.9910425,-0.1307322,0.02727291,15.01647,176.7843,359.5221,0.07388003,0.003816533,-0.9972596,0.0,0.0,0.0,0.5973206,-0.2600038,-5.062539,-0.3601781,0.248476,2.039737,-0.9985123,-0.00805632,-0.05393514,0.006205465,0.9658177,-0.2591477,0.05417929,-0.2590968,-0.9643309,moving,0.289758366411339,0.5462828151830177,-10.014095709644158,6.945417412604001,0.4716954,-0.2856049,-2.011947,0.005056986047592738,0.009534167277829703,0.999941748145855,0.5920711722347867,0.18355779697492997,12.051498008635287,12.129234617920279,12.578295647174981
05/05/2023 11:40:14.142968,1600,True,True,True,True,Eyes,0.1775066,0.01489842,-2.876805,0.05691566,-0.2471322,-0.9673088,0.0,0.0,0.0,0.0,0.0,0.0,0.0,-0.07714305,-0.8186398,-2.949323,0.1251968,0.02611068,-3.059129,0.00064793,0.9908642,-0.1306922,0.03327714,15.01308,176.095,359.5602,0.07274804,0.003938001,-0.9973423,0.0,0.0,0.0,0.620398,-0.2572032,-5.066425,-0.3592899,0.2511039,2.040243,-0.9977846,-0.007414102,-0.0661156,0.009982144,0.9658383,-0.2589533,0.06577688,-0.2590395,-0.9636245,moving,0.5155314291871655,0.7085782274836216,-9.987471271741255,7.016420668575808,0.4952012,-0.28331388,-2.0072959999999997,0.00899691157326991,0.01236620751254716,0.9998830750049804,0.8077846430511946,0.339971474743561,12.17324461424039,12.251609771673007,12.693010836822154
05/05/2023 11:40:14.162345,1601,True,True,True,True,Eyes,0.1755337,0.01534985,-2.885038,0.06503651,-0.2422621,-0.9680287,0.0,0.0,0.0,0.0,0.0,0.0,0.0,-0.1143998,-0.8152425,-2.957719,0.1251737,0.02645666,-3.06748,0.00144092,0.9907768,-0.1297044,0.0391939,14.89979,175.4126,359.5665,0.07163251,0.004061073,-0.9974226,0.0,0.0,0.0,0.6434575,-0.250314,-5.070586,-0.3583462,0.2538967,2.040779,-0.9969238,-0.007311986,-0.0780386,0.01302251,0.9663494,-0.2569034,0.07729102,-0.2571293,-0.9632815,moving,0.715073785521084,0.8839949118622697,-9.959200613293707,7.091823071037519,0.5182838000000001,-0.27677066,-2.0031059999999994,0.012478584308674781,0.015426810272126317,0.9998032482501541,0.9975742638155096,0.5093258912448044,12.269016906379646,12.348168463178741,12.782025849982885
05/05/2023 11:40:14.182624,1602,True,True,True,True,Eyes,0.1736666,0.01579471,-2.893268,0.07329315,-0.2376272,-0.9685874,0.0,0.0,0.0,0.0,0.0,0.0,0.0,-0.1507593,-0.8291647,-2.960407,0.1254055,0.02674727,-3.075355,0.001536446,0.9902682,-0.1316565,0.04509161,15.12282,174.7161,359.4759,0.0705429,0.004186014,-0.9974996,0.0,0.0,0.0,0.6666944,-0.2549777,-5.072377,-0.3574444,0.2565649,2.041292,-0.9959289,-0.008830221,-0.08971012,0.0149162,0.9653284,-0.260612,0.088901,-0.2608891,-0.9612668,moving,0.916788779296103,1.3828787155112061,-9.932190654697404,7.163798221500434,0.5412889000000001,-0.28172496999999996,-1.9970220000000003,0.01599564198947936,0.02413035737558688,0.9995809065532384,1.1807633280764716,0.9933943135049637,12.213407752716845,12.293062478241165,12.711082983406863
05/05/2023 11:40:14.192501,1603,True,True,True,True,Eyes,0.1717937,0.01623365,-2.901481,0.08163752,-0.2331038,-0.9690191,0.0,0.0,0.0,0.0,0.0,0.0,0.0,-0.186866,-0.836105,-2.964839,0.1259493,0.02708901,-3.08345,0.001596049,0.9898809,-0.132422,0.05096849,15.20817,174.023,359.3861,0.06948094,0.00431231,-0.9975736,0.0,0.0,0.0,0.6901299,-0.2547281,-5.074816,-0.3565513,0.259207,2.041799,-0.9947993,-0.01033891,-0.1013282,0.0166585,0.9649237,-0.2620014,0.1004828,-0.2623268,-0.9597332,moving,1.1113170276718964,1.7376187527992244,-9.905455252799095,7.235014752830986,0.5641806,-0.28181711000000004,-1.9913660000000002,0.01938601073631869,0.030316822606124626,0.9993523679192444,1.3608317573480186,1.3372607794339286,12.231683780647174,12.312214839780827,12.71663182315704
05/05/2023 11:40:14.212999,1604,True,True,True,True,Eyes,0.1700391,0.0166717,-2.909668,0.09011891,-0.2288625,-0.9692783,0.0,0.0,0.0,0.0,0.0,0.0,0.0,-0.2236645,-0.8429243,-2.968242,0.1266101,0.02741241,-3.09099,0.001929606,0.9894512,-0.1332011,0.05692145,15.29636,173.3245,359.326,0.06844389,0.004439578,-0.9976448,0.0,0.0,0.0,0.7139362,-0.2547967,-5.076301,-0.3556642,0.2618322,2.042303,-0.9935126,-0.0113455,-0.1131561,0.0189825,0.9645075,-0.2633724,0.1121279,-0.2638117,-0.958035,moving,1.3039903758976483,2.0780883034410786,-9.878906368093862,7.305717636658583,0.5873261000000001,-0.28220911,-1.9853109999999998,0.02274200075128127,0.03625215111926527,0.9990838141206088,1.5394766305796872,1.6672545872474873,12.262830274459695,12.344443609668764,12.734666696226148
05/05/2023 11:40:14.232737,1605,True,True,True,True,Eyes,0.1682609,0.01711406,-2.917857,0.09867777,-0.2247365,-0.9694102,0.0,0.0,0.0,0.0,0.0,0.0,0.0,-0.2608171,-0.8536056,-2.970102,0.1276062,0.02785061,-3.098566,0.002498148,0.9888949,-0.1346124,0.06293108,15.45904,172.6206,359.2865,0.0674341,0.004567582,-0.997713,0.0,0.0,0.0,0.7382092,-0.2574371,-5.077139,-0.3547425,0.2645601,2.042828,-0.9920672,-0.01200179,-0.125137,0.02188341,0.9637465,-0.2659205,0.1237919,-0.2665494,-0.9558386,moving,1.497649846357162,2.4857709206483674,-9.851324978850473,7.379121252916571,0.610603,-0.28528770999999997,-1.978573,0.02611136700613742,0.04335648877957419,0.9987183506786286,1.7172711849967472,2.0626391110218547,12.27599101366194,12.358968689073777,12.731747702780874
05/05/2023 11:40:14.242742,1606,True,True,True,True,Eyes,0.1666192,0.01753708,-2.926016,0.1073561,-0.2208161,-0.969389,0.0,0.0,0.0,0.0,0.0,0.0,0.0,-0.2978459,-0.8603184,-2.972759,0.1289725,0.02842209,-3.106238,0.003202002,0.9883924,-0.1353481,0.06892887,15.54502,171.9214,359.2668,0.06644814,0.004696363,-0.9977786,0.0,0.0,0.0,0.7627708,-0.2573902,-5.078156,-0.3538408,0.2672274,2.04334,-0.9904771,-0.01232912,-0.1371243,0.02498845,0.9633412,-0.2671127,0.1353908,-0.2679955,-0.9538593,moving,1.6819071665856065,2.8039402653628507,-9.824358915147265,7.450839040488645,0.6337983,-0.28581229,-1.971918,0.029315494736272492,0.04889743627243416,0.9983735563614307,1.8883130174147542,2.3709909800925497,12.324657512719341,12.409183187055541,12.766814015898253
05/05/2023 11:40:14.262777,1607,True,True,True,True,Eyes,0.1299228,0.0273659,-3.129013,0.3194292,-0.1186069,-0.9401582,0.0,0.0,0.0,0.0,0.0,0.0,0.0,-0.3345852,-0.864782,-2.975386,0.1305079,0.02838738,-3.11366,0.004217695,0.9878914,-0.1358386,0.07483838,15.6059,171.2378,359.2862,0.06548894,0.004825083,-0.9978414,0.0,0.0,0.0,0.787081,-0.2572624,-5.078878,-0.35293,0.2699225,2.043857,-0.988763,-0.01199864,-0.1490102,0.02866513,0.9630601,-0.2677563,0.1467185,-0.2690189,-0.9518942,moving,-10.15019234313994,8.565775281290545,-9.797130750200532,7.5232452136225785,0.6565731,-0.28564978,-1.9652179999999997,-0.1743234293790233,0.14666412854427838,0.9737047945529353,-9.801141720933517,8.055629696632142,1.0772337311623317,1.1006913420213167,0.5323995920693225
05/05/2023 11:40:14.282749,1608,True,True,True,True,Eyes,0.1300023,0.02735524,-3.129307,0.3198875,-0.1187284,-0.939987,0.0,0.0,0.0,0.0,0.0,0.0,0.0,-0.3716382,-0.8731633,-2.976203,0.1323099,0.02805163,-3.120901,0.005635019,0.9872481,-0.1370624,0.08076677,15.75589,170.5554,359.3443,0.06272309,0.0052824,-0.9980167,-0.1100891,0.02948648,-0.6089909,0.8116407,-0.2608136,-5.078657,-0.3520086,0.2726489,2.04438,-0.9868899,-0.01101384,-0.1610184,0.03326649,0.9623643,-0.2697188,0.157929,-0.2715393,-0.9493812,moving,-9.491098298929332,8.73976238820085,-9.769595248302064,7.5964304771515545,0.6793308,-0.28886523,-1.9577559999999998,-0.16303090942420193,0.14991388194646074,0.9751649893037949,-9.163333880938657,8.22054566273119,1.1674414270244047,1.1767618321621212,0.8700991957406072
05/05/2023 11:40:14.293097,1609,True,True,True,True,Eyes,0.1301916,0.02733637,-3.12988,0.3205417,-0.1186276,-0.9397768,0.0,0.0,0.0,0.0,0.0,0.0,0.0,-0.4094016,-0.8822647,-2.976339,0.1341985,0.0278031,-3.128228,0.007161756,0.9865397,-0.1384097,0.08678182,15.92247,169.8633,359.4106,0.06036959,0.005669472,-0.9981597,-0.1034837,0.02771729,-0.5724515,0.836548,-0.2648853,-5.078051,-0.3510747,0.2754127,2.044912,-0.9848354,-0.009892177,-0.1732099,0.0381536,0.9615829,-0.2718503,0.1692449,-0.2743363,-0.9466236,moving,-8.832811182901487,8.942184547568207,-9.74168701612744,7.67054927794853,0.7023495,-0.2926884,-1.9498230000000003,-0.1517286357910113,0.15363810384494145,0.9764085604227459,-8.527079066409756,8.413133838215298,1.5616941895402963,1.5630455972756767,1.4236236513432836
05/05/2023 11:40:14.312612,1610,True,True,True,True,Eyes,0.1304713,0.02729678,-3.130728,0.3216141,-0.1184847,-0.9394284,0.0,0.0,0.0,0.0,0.0,0.0,0.0,-0.446527,-0.8854012,-2.97785,0.1364296,0.02756234,-3.135528,0.008859247,0.9859335,-0.1387972,0.09269317,15.9818,169.1891,359.5076,0.05836575,0.005997431,-0.998277,-0.09727472,0.02605425,-0.5381044,0.861419,-0.2655556,-5.077689,-0.3502339,0.2779009,2.045392,-0.9826592,-0.008261841,-0.1852379,0.04320036,0.9613137,-0.2720471,0.1803193,-0.2753319,-0.9442869,moving,-8.208659649035203,9.04049471286385,-9.716564546847835,7.73721815069554,0.7249894,-0.29311794,-1.9421610000000005,-0.14104036231745554,0.1555617678232422,0.97770554093169,-7.921294108938772,8.50464905129878,1.9934067274228133,1.9930647200591787,1.9524205828742165
05/05/2023 11:40:14.332498,1611,True,True,True,True,Eyes,0.1308531,0.0272356,-3.131839,0.3229834,-0.1181556,-0.939,0.0,0.0,0.0,0.0,0.0,0.0,0.0,-0.4830493,-0.8804935,-2.981531,0.1387816,0.0270083,-3.14295,0.01048775,0.9854769,-0.137922,0.09850341,15.89671,168.5298,359.6127,0.05665834,0.006275199,-0.9983737,-0.09143823,0.024491,-0.5058181,0.8859621,-0.2612568,-5.078179,-0.3493277,0.2805824,2.045906,-0.9803743,-0.006500693,-0.1970387,0.04784244,0.9617351,-0.2697717,0.1912527,-0.273904,-0.9425493,moving,-7.611818647013616,9.002588390595738,-9.689512452321003,7.80902010545719,0.7471805,-0.2882651,-1.9352290000000005,-0.13085721476130258,0.15513355799437265,0.9791884348866874,-7.338460500344106,8.463808875375316,2.3934203472038753,2.3961253723253426,2.440531420429835
05/05/2023 11:40:14.342694,1612,True,True,True,True,Eyes,0.1313385,0.02714946,-3.133207,0.3247157,-0.1177293,-0.9384559,0.0,0.0,0.0,0.0,0.0,0.0,0.0,-0.5180185,-0.8733205,-2.985692,0.1414204,0.02638082,-3.150347,0.0120819,0.9850537,-0.1367056,0.104092,15.77378,167.8973,359.7227,0.05516786,0.006516521,-0.9984556,-0.08595194,0.02302154,-0.475469,0.9098885,-0.2556647,-5.078928,-0.3484081,0.2833046,2.046429,-0.9780381,-0.004657289,-0.2083757,0.05226255,0.9623312,-0.2668095,0.2017691,-0.27184,-0.9409531,moving,-7.062530621590583,8.929227365045392,-9.66206329093454,7.881845204842564,0.7684681,-0.28204552000000005,-1.9285810000000003,-0.12148453839649563,0.15406471185839732,0.9805638794287544,-6.801026814932178,8.388787176640703,2.794016958712471,2.8026022708364566,2.905601466097269
05/05/2023 11:40:14.362909,1613,True,True,True,True,Eyes,0.1319276,0.02703604,-3.134823,0.3270344,-0.1171902,-0.937718,0.0,0.0,0.0,0.0,0.0,0.0,0.0,-0.5517958,-0.8633906,-2.990626,0.1443031,0.02566764,-3.157892,0.01336341,0.9846745,-0.1350456,0.1095467,15.59761,167.2771,359.8055,0.05383988,0.006730577,-0.9985266,-0.08079483,0.02164025,-0.4469408,0.9335653,-0.2482277,-5.079986,-0.34754,0.2858731,2.046923,-0.9756423,-0.003270376,-0.219345,0.05590481,0.9631682,-0.263024,0.2121264,-0.2688797,-0.9395248,moving,-6.565030451943586,8.802645249088124,-9.636158781619258,7.950498854686472,0.7892622,-0.27389534,-1.922094,-0.11300147574195346,0.15205127378547584,0.9818916263538228,-6.312642431546505,8.262325623574892,3.1711787483946963,3.1871590319323917,3.338112769664367
05/05/2023 11:40:14.383647,1614,True,True,True,True,Eyes,0.132628,0.02688857,-3.136674,0.3296435,-0.1165812,-0.9368799,0.0,0.0,0.0,0.0,0.0,0.0,0.0,-0.5841449,-0.8525774,-2.995631,0.1473856,0.0248515,-3.165372,0.01439445,0.9843019,-0.1332606,0.1148217,15.40517,166.6745,359.8654,0.0526614,0.006919116,-0.9985882,-0.07594714,0.02034183,-0.4201244,0.9566828,-0.2400462,-5.081176,-0.3466271,0.288574,2.04744,-0.9732175,-0.00226546,-0.2298749,0.05893938,0.9640688,-0.2590318,0.222202,-0.265643,-0.9381151,moving,-6.106948409313307,8.659005989925953,-9.608938102216102,8.022640470201182,0.8092972,-0.2648977,-1.915804,-0.10518555955322183,0.14971835171279926,0.9831176804083925,-5.8622238396509765,8.119529138103283,3.535425003464743,3.559338826789604,3.7479668060532205
05/05/2023 11:40:14.392954,1615,True,True,True,True,Eyes,0.1334289,0.02671568,-3.138752,0.3326618,-0.1159534,-0.9358904,0.0,0.0,0.0,0.0,0.0,0.0,0.0,-0.6146631,-0.8446254,-2.999859,0.1506709,0.02386698,-3.172866,0.01512246,0.9838663,-0.1319568,0.1198583,15.26482,166.0936,359.8886,0.05161991,0.007083672,-0.9986414,-0.07139031,0.01912132,-0.3949169,0.97899,-0.2335905,-5.082371,-0.3456824,0.2913677,2.047978,-0.9708109,-0.00187529,-0.2398402,0.0613892,0.9647174,-0.2560306,0.2318581,-0.2632808,-0.9364431,moving,-5.702724528118661,8.562999749091507,-9.580765346904114,8.097182933034713,0.8283191000000001,-0.25745748,-1.9095050000000002,-0.09827014792945485,0.14817609587676622,0.9840664243838432,-5.465591067230619,8.023435987103708,3.875028837748746,3.9059167807683046,4.115835026348896
05/05/2023 11:40:14.412945,1616,True,True,True,True,Eyes,0.1343531,0.02652886,-3.14105,0.3358986,-0.1152686,-0.9348183,0.0,0.0,0.0,0.0,0.0,0.0,0.0,-0.6435859,-0.8415576,-3.002653,0.1542507,0.02306605,-3.180254,0.01575172,0.9833283,-0.1314194,0.124685,15.21161,165.5328,359.8935,0.05070555,0.007225627,-0.9986873,-0.06710689,0.01797404,-0.3712219,1.000727,-0.2301056,-5.083143,-0.3447923,0.294002,2.048483,-0.9684111,-0.001793839,-0.2493528,0.06375028,0.9649616,-0.2545288,0.2410725,-0.2623848,-0.9343653,moving,-5.3366571264424305,8.55464739467393,-9.554238855507533,8.167420177199334,0.8464763,-0.25317164999999997,-1.9028889999999996,-0.09198166090802667,0.1481220354293606,0.9846822890250814,-5.108516509203737,8.012881720110055,4.199060457765438,4.235320596991082,4.448407503269509
05/05/2023 11:40:14.432675,1617,True,True,True,True,Eyes,0.1354061,0.02631533,-3.143555,0.3393276,-0.114541,-0.9336687,0.0,0.0,0.0,0.0,0.0,0.0,0.0,-0.6699497,-0.8361304,-3.006617,0.1580545,0.02253231,-3.187821,0.01584195,0.9828811,-0.130404,0.1291847,15.09596,165.0045,359.8486,0.04990816,0.007346907,-0.9987265,-0.06308047,0.0168956,-0.3489486,1.021406,-0.2238281,-5.084803,-0.3439038,0.2966306,2.048988,-0.9661208,-0.002550896,-0.2580781,0.06483391,0.9654877,-0.2522502,0.2498147,-0.2604364,-0.9326124,moving,-5.021512845880428,8.481142122822686,-9.52776482283069,8.237441994693258,0.8633515,-0.24636041,-1.896982,-0.08657981121282371,0.14693007976356057,0.9853504909997637,-4.79932669216645,7.939272384530961,4.470902803275917,4.512836871882081,4.7378299116730505
05/05/2023 11:40:14.442483,1618,True,True,True,True,Eyes,0.136598,0.02607704,-3.146255,0.3428988,-0.1137829,-0.9324558,0.0,0.0,0.0,0.0,0.0,0.0,0.0,-0.6937556,-0.8287247,-3.011371,0.1621551,0.02165813,-3.195258,0.01566366,0.9825008,-0.1290991,0.1333434,14.94295,164.5139,359.7836,0.04922158,0.00744842,-0.9987598,-0.05929565,0.01588187,-0.3280117,1.040998,-0.2162575,-5.087053,-0.3429521,0.2994471,2.04953,-0.9639485,-0.003649901,-0.2660642,0.06520812,0.9661762,-0.2495026,0.2579755,-0.2578572,-0.9311062,moving,-4.755586273715332,8.370065997850936,-9.499412673239522,8.312399806576114,0.8788429000000001,-0.23791563,-1.8917950000000001,-0.08202827782733624,0.14507560541948594,0.9860143937470389,-4.537102573313016,7.829433585256226,4.696595281499252,4.744176883131444,4.98575750501051
05/05/2023 11:40:14.462734,1619,True,True,True,True,Eyes,0.1379277,0.02581945,-3.149143,0.3466129,-0.1130725,-0.9311682,0.0,0.0,0.0,0.0,0.0,0.0,0.0,-0.7145956,-0.8258485,-3.015335,0.1666182,0.02082044,-3.202612,0.01533311,0.9820687,-0.1284982,0.1370919,14.86796,164.0667,359.6967,0.04863713,0.007531573,-0.9987879,-0.05573791,0.01492895,-0.308331,1.059362,-0.2116216,-5.089332,-0.3421108,0.3019367,2.050007,-0.9619415,-0.005115801,-0.273208,0.06534848,0.9665062,-0.248184,0.2653268,-0.2565922,-0.929388,moving,-4.546718119462918,8.332236315111556,-9.47436768184289,8.378609164141443,0.8927437999999999,-0.23244204,-1.88672,-0.07844035924406181,0.14446641831573015,0.98639579957266,-4.332474309130763,7.791240800925458,4.87634479893487,4.927867759056719,5.175332747799693
05/05/2023 11:40:14.482823,1620,True,True,True,True,Eyes,0.1394021,0.02554737,-3.152215,0.350392,-0.1123466,-0.9298407,0.0,0.0,0.0,0.0,0.0,0.0,0.0,-0.7331332,-0.8257189,-3.019027,0.1712786,0.02010426,-3.209997,0.01495289,0.9816191,-0.1283039,0.140494,14.83834,163.6581,359.6031,0.04814896,0.0075975,-0.9988109,-0.05239363,0.01403322,-0.2898311,1.076485,-0.208221,-5.092124,-0.3411818,0.3046849,2.050535,-0.9600757,-0.006695767,-0.2796602,0.06540793,0.966629,-0.2476895,0.2719861,-0.2560927,-0.9275992,moving,-4.382508464822519,8.340054849945759,-9.446715437685079,8.451628006922226,0.9052064,-0.22832525999999997,-1.882127,-0.0756111723646391,0.1446327177533387,0.9865923003657476,-4.172610363074446,7.797759164089777,5.0108310107003105,5.065435897664432,5.314482928908576
05/05/2023 11:40:14.493176,1621,True,True,True,True,Eyes,0.1409926,0.02525952,-3.155464,0.3542264,-0.1115422,-0.9284838,0.0,0.0,0.0,0.0,0.0,0.0,0.0,-0.7485032,-0.8242777,-3.023887,0.1761749,0.01948122,-3.217478,0.01470021,0.9812598,-0.1278771,0.1433895,14.78408,163.3125,359.5364,0.04775196,0.00764739,-0.9988289,-0.04925001,0.01319122,-0.2724413,1.09191,-0.2040389,-5.095924,-0.340269,0.3073859,2.051054,-0.9584468,-0.007823019,-0.2851643,0.06552193,0.9668627,-0.2467457,0.277645,-0.2551771,-0.9261739,moving,-4.280944636864626,8.329090673971622,-9.419554004909662,8.523328935074613,0.9157350999999999,-0.22352012,-1.8784460000000003,-0.07386405489370965,0.14446289746571792,0.9867495854322458,-4.073308500360787,7.786417678070981,5.085055852888801,5.1422791386151445,5.396793417911021
05/05/2023 11:40:14.512583,1622,True,True,True,True,Eyes,0.1427404,0.02496581,-3.158883,0.3580593,-0.1107118,-0.9271119,0.0,0.0,0.0,0.0,0.0,0.0,0.0,-0.7610283,-0.8207377,-3.029691,0.1813415,0.018799,-3.224679,0.01469687,0.9809942,-0.1271458,0.1458374,14.69925,163.0253,359.5113,0.04744036,0.007682328,-0.9988431,-0.04629501,0.01239975,-0.2560948,1.105946,-0.1992183,-5.100214,-0.3394181,0.3099044,2.051539,-0.9570313,-0.008250111,-0.2898685,0.0659203,0.9672359,-0.2451718,0.2823939,-0.2537452,-0.9251311,moving,-4.231528832722891,8.291281143037008,-9.394237634883703,8.590123919400247,0.9246045,-0.2180173,-1.8755350000000002,-0.07301988494184955,0.1438206642974163,0.9869061520841123,-4.024117949641227,7.749301901414718,5.111860470201717,5.171350808144156,5.435546623823404
05/05/2023 11:40:14.523352,1623,True,True,True,True,Eyes,0.1446424,0.02466884,-3.162459,0.3619272,-0.1097108,-0.925728,0.0,0.0,0.0,0.0,0.0,0.0,0.0,-0.7713321,-0.8166627,-3.03649,0.1868299,0.01834982,-3.232169,0.01509395,0.9807869,-0.1263105,0.1479023,14.60964,162.79,359.5408,0.04721028,0.007703601,-0.9988537,-0.04351731,0.01165577,-0.2407291,1.118829,-0.1941368,-5.105526,-0.3385073,0.3125997,2.052056,-0.9557942,-0.007755322,-0.2939343,0.06697109,0.9676357,-0.2433024,0.2863082,-0.2522321,-0.9243413,moving,-4.228541392289673,8.26163480821798,-9.367157858688392,8.661555443246908,0.9319991000000001,-0.21248662,-1.8733570000000004,-0.0729738858986789,0.14331048122707415,0.9869837919985267,-4.020406671567262,7.720436673407271,5.092873278409892,5.154155188104642,5.428945827315436
05/05/2023 11:40:14.542390,1624,True,True,True,True,Eyes,0.1467124,0.02435669,-3.166175,0.365775,-0.1086332,-0.9243416,0.0,0.0,0.0,0.0,0.0,0.0,0.0,-0.7803482,-0.8041412,-3.045587,0.1926307,0.01792587,-3.239407,0.01553457,0.9807689,-0.124141,0.1498008,14.36874,162.5816,359.6025,0.04705807,0.007712455,-0.9988609,-0.04090628,0.01095642,-0.2262854,1.131469,-0.1838025,-5.111373,-0.3376157,0.3152378,2.052563,-0.9546371,-0.006721203,-0.2976969,0.06766448,0.9686953,-0.2388531,0.2899829,-0.2481615,-0.9242976,moving,-4.244376466546898,8.08705208712987,-9.340654042917203,8.731405877089415,0.9388383,-0.20172837000000002,-1.8719660000000005,-0.07327857891345319,0.1402992832994374,0.9873936789527715,-4.0311374330557825,7.550675444401335,5.072459557127168,5.136850877926088,5.4392178651962535
05/05/2023 11:40:14.562552,1625,True,True,True,True,Eyes,0.1489967,0.024026,-3.17001,0.3696381,-0.1075127,-0.9229348,0.0,0.0,0.0,0.0,0.0,0.0,0.0,-0.7890025,-0.7930259,-3.054176,0.1986998,0.01721265,-3.24648,0.01658947,0.9807044,-0.1223105,0.1516037,14.17776,162.3914,359.7313,0.0469809,0.007709641,-0.9988647,-0.0384519,0.01029903,-0.2127082,1.144048,-0.1758964,-5.11693,-0.3367132,0.3179086,2.053076,-0.9534821,-0.004546721,-0.301415,0.06962418,0.9695299,-0.2348709,0.2932987,-0.244931,-0.9241129,moving,-4.27155005145529,7.969575424386873,-9.313836321746518,8.802061568242111,0.9453482,-0.19310905,-1.87045,-0.07376812696632792,0.13826948117068547,0.987643541316709,-4.054460382329467,7.436552701696969,5.043768053898034,5.110546351543872,5.433750982215911
05/05/2023 11:40:14.583121,1626,True,True,True,True,Eyes,0.1514477,0.02366932,-3.173966,0.373477,-0.1062883,-0.9215301,0.0,0.0,0.0,0.0,0.0,0.0,0.0,-0.798762,-0.7807809,-3.062659,0.2049482,0.01639389,-3.253496,0.01797282,0.9806161,-0.1203648,0.1535629,13.98,162.1873,359.8986,0.04697769,0.007695735,-0.998865,-0.03614479,0.009681093,-0.1999457,1.157448,-0.168031,-5.122061,-0.3358002,0.3206091,2.053596,-0.9521912,-0.001718269,-0.305499,0.072216,0.9703786,-0.2305434,0.2968459,-0.2415832,-0.9238618,moving,-4.27871655549789,7.854479319488226,-9.286711456510806,8.873434165202545,0.9524998,-0.18442489,-1.8685650000000003,-0.0739121937590726,0.13628376474042111,0.9879087612395182,-4.058344214047646,7.3246135283328755,5.041292637134946,5.110604847390968,5.452950521255001
05/05/2023 11:40:14.592973,1627,True,True,True,True,Eyes,0.154066,0.02329875,-3.178036,0.3773475,-0.1051699,-0.9200805,0.0,0.0,0.0,0.0,0.0,0.0,0.0,-0.8066535,-0.7664715,-3.071909,0.2113667,0.01537241,-3.26035,0.01901823,0.980598,-0.1181012,0.1552999,13.74061,162.0057,0.0363496,0.04704592,0.007671026,-0.998862,-0.0339761,0.009100227,-0.187949,1.170188,-0.1587301,-5.127528,-0.3349047,0.32326,2.054105,-0.9510407,0.0006162646,-0.3090657,0.07398071,0.9713808,-0.2257126,0.3000814,-0.2375267,-0.9238682,moving,-4.3153052181028615,7.689388770663931,-9.260120348647995,8.943439956223454,0.9588213,-0.17410251000000002,-1.867178,-0.0745722729960544,0.13343009159851352,0.988248631093777,-4.089561811181625,7.164225659852082,5.029356992635387,5.101356785333812,5.468114766697809
05/05/2023 11:40:14.612790,1628,True,True,True,True,Eyes,0.1568543,0.02294814,-3.182213,0.3811348,-0.1039671,-0.918655,0.0,0.0,0.0,0.0,0.0,0.0,0.0,-0.8117234,-0.7604942,-3.079717,0.2179907,0.01465142,-3.267134,0.02000496,0.9804876,-0.1170923,0.1566312,13.64361,161.8656,0.1502654,0.04718335,0.007636162,-0.9988558,-0.03193753,0.008554213,-0.176672,1.181491,-0.1539261,-5.133343,-0.3339338,0.3261334,2.054656,-0.950133,0.002548619,-0.3118348,0.07590984,0.9717784,-0.2233482,0.3024651,-0.2358818,-0.9235121,moving,-4.393536557004461,7.669819169816194,-9.23130442902923,9.019255164095716,0.9635003000000001,-0.16857752,-1.866209,-0.07592516679201147,0.13307891331093064,0.9881929338737638,-4.165295737734982,7.145703533596466,4.9494778096532785,5.022447161120983,5.401355364389132
05/05/2023 11:40:14.632759,1629,True,True,True,True,Eyes,0.1598099,0.0227817,-3.186502,0.3849573,-0.1030484,-0.9171635,0.0,0.0,0.0,0.0,0.0,0.0,0.0,-0.8139634,-0.7502972,-3.089267,0.2248427,0.01474743,-3.273879,0.02052308,0.980539,-0.1152458,0.157609,13.44284,161.7643,0.2309166,0.047388,0.007592789,-0.9988464,-0.03002128,0.00804096,-0.1660717,1.191737,-0.144614,-5.139987,-0.3330573,0.3287253,2.055153,-0.9494764,0.003919827,-0.3138138,0.0765749,0.9725944,-0.2195367,0.304353,-0.2324752,-0.9237556,moving,-4.517744521504931,7.5276671300949785,-9.20530136840163,9.087580871492682,0.9668943000000001,-0.15936143,-1.8661079999999997,-0.0780931511723997,0.13060484681849993,0.9883540939489149,-4.282544556511363,7.008215516284909,4.86572615836396,4.940295545156129,5.34390259168806
05/05/2023 11:40:14.643066,1630,True,True,True,True,Eyes,0.1629503,0.02280085,-3.190941,0.3886597,-0.1015821,-0.9157645,0.0,0.0,0.0,0.0,0.0,0.0,0.0,-0.8149587,-0.7665875,-3.092942,0.2318356,0.01903636,-3.280851,0.02144973,0.9802026,-0.1169256,0.1583389,13.65141,161.6832,0.2961308,0.04765799,0.007547539,-0.9988337,-0.02822,0.007558502,-0.1561074,1.201019,-0.1457612,-5.14618,-0.3321521,0.3314041,2.055669,-0.9489377,0.005022422,-0.3154245,0.07907788,0.9717366,-0.2224289,0.3053923,-0.2360142,-0.9225147,moving,-4.6587458409612665,7.825551194094044,-9.178444086847774,9.158125056045419,0.9691834,-0.16479756,-1.865329,-0.08046941231216181,0.13571583116825625,0.9874744511921281,-4.428024251317559,7.2989870630500535,4.640369587132843,4.712051074789573,5.101262852549136
05/05/2023 11:40:14.662567,1631,True,True,True,True,Eyes,0.1662387,0.02285424,-3.19547,0.3924199,-0.09960131,-0.9143775,0.0,0.0,0.0,0.0,0.0,0.0,0.0,-0.8119734,-0.7252936,-3.112757,0.2394014,0.02338771,-3.288882,0.02086661,0.9810254,-0.1094306,0.1586786,12.78719,161.6651,0.3650208,0.04799207,0.007506386,-0.9988176,-0.0265268,0.007104992,-0.146741,1.209744,-0.1080405,-5.157118,-0.3312707,0.3340138,2.056171,-0.9487718,0.006212772,-0.3159023,0.07566992,0.9751791,-0.2080862,0.3067685,-0.2213305,-0.9256924,moving,-4.86010853309401,7.080925780741263,-9.15230389191769,9.226791639212255,0.9703425999999999,-0.13142821,-1.8682359999999996,-0.08408161450966753,0.12283459654350522,0.9888589158062027,-4.604246354410702,6.575813587908017,4.720367721346273,4.798716628522566,5.2642674697407745
05/05/2023 11:40:14.683147,1632,True,True,True,True,Eyes,0.1696895,0.02301121,-3.20007,0.3960839,-0.09798291,-0.9129714,0.0,0.0,0.0,0.0,0.0,0.0,0.0,-0.8080619,-0.6769302,-3.13205,0.2467698,0.02412902,-3.295368,0.02093796,0.9818431,-0.1015494,0.1588508,11.89175,161.6737,0.5183811,0.04838803,0.007469971,-0.9987983,-0.0249352,0.006678693,-0.1379365,1.217668,-0.07308453,-5.166318,-0.3303422,0.336762,2.0567,-0.9486564,0.008853163,-0.3161857,0.073378,0.9784986,-0.1927592,0.3076807,-0.2060633,-0.9289086,moving,-5.075898579677664,6.292022228371473,-9.124775712699382,9.299035742528904,0.9708981999999999,-0.09721355,-1.8709500000000006,-0.08794647933788277,0.1091712440219437,0.9901247092967684,-4.793339076825376,5.809653855018585,4.959381376288539,5.043365573962648,5.562115540644279
05/05/2023 11:40:14.693016,1633,True,True,True,True,Eyes,0.1733026,0.02326925,-3.204789,0.3999021,-0.09603187,-0.9115131,0.0,0.0,0.0,0.0,0.0,0.0,0.0,-0.8103679,-0.698192,-3.134037,0.2541004,0.02680477,-3.301675,0.02355128,0.9813519,-0.1044124,0.1596627,12.26603,161.5994,0.7553873,0.04884334,0.007441103,-0.9987765,-0.02343908,0.006277971,-0.1296603,1.227927,-0.08278961,-5.171324,-0.3294209,0.3394873,2.057224,-0.9479067,0.01288265,-0.3182887,0.0795657,0.9770868,-0.19741,0.3084525,-0.212451,-0.9272121,moving,-5.210575312564848,6.8004254144853284,-9.097474699688934,9.370614389598899,0.9738266,-0.10959437999999999,-1.8696490000000003,-0.0901826779626371,0.11792883971502291,0.9889185074972926,-4.938327615822517,6.305215251430747,4.579644632250208,4.659813109280344,5.166737494930101
05/05/2023 11:40:14.712843,1634,True,True,True,True,Eyes,0.1770646,0.02360702,-3.209566,0.4036718,-0.0939683,-0.9100654,0.0,0.0,0.0,0.0,0.0,0.0,0.0,-0.8112682,-0.6561641,-3.151397,0.2619258,0.0293764,-3.30916,0.02427039,0.9819199,-0.09732722,0.160536,11.47426,161.5259,0.9596833,0.04935797,0.007422026,-0.9987516,-0.02203274,0.005901293,-0.1218807,1.239151,-0.05014747,-5.179426,-0.3285412,0.3420906,2.057723,-0.9472784,0.01641411,-0.3199914,0.0789122,0.9798768,-0.1833425,0.3105426,-0.1989276,-0.9295113,moving,-5.350639419202544,6.147724173513366,-9.071421323149554,9.438934146880873,0.9772251999999999,-0.07952387,-1.8702660000000004,-0.09271894446274381,0.106630942807352,0.9899661788015893,-5.0572723506473425,5.671076050004396,4.882838718863906,4.967522628587945,5.505465158516416
05/05/2023 11:40:14.732748,1635,True,True,True,True,Eyes,0.1809647,0.0240368,-3.214436,0.4076209,-0.09219502,-0.9084851,0.0,0.0,0.0,0.0,0.0,0.0,0.0,-0.816019,-0.638086,-3.160973,0.2692316,0.03156351,-3.315314,0.02606839,0.9819655,-0.09416477,0.1618554,11.14962,161.3985,1.209768,0.04992978,0.007414228,-0.9987233,-0.02071077,0.005547215,-0.1145679,1.251577,-0.03508913,-5.18428,-0.3276525,0.344719,2.058226,-0.9462466,0.02071437,-0.3227823,0.08167867,0.9809069,-0.1764945,0.3129634,-0.1933717,-0.9298717,moving,-5.444606712447379,5.950229967699427,-9.045115165562407,9.507855238360584,0.9823453999999999,-0.06665264000000001,-1.8689660000000003,-0.0943767228567001,0.10320182535350074,0.9901728708554661,-5.143550340145399,5.479540437044505,4.975688718738958,5.061655725886506,5.6079878945512585
05/05/2023 11:40:14.742941,1636,True,True,True,True,Eyes,0.1850045,0.02452831,-3.21938,0.4115193,-0.09013991,-0.9069325,0.0,0.0,0.0,0.0,0.0,0.0,0.0,-0.8223904,-0.6305971,-3.16883,0.2767166,0.03417736,-3.322307,0.02815478,0.9818095,-0.0925776,0.1633608,11.01033,161.2474,1.461641,0.05055619,0.00741938,-0.9986919,-0.01946813,0.005214382,-0.1076938,1.264864,-0.02617575,-5.189379,-0.3267019,0.3475306,2.058768,-0.9450411,0.02503816,-0.3259914,0.08553236,0.9812734,-0.1725883,0.3155654,-0.1909859,-0.9294853,moving,-5.51007732493503,5.954956773655113,-9.016969618346195,9.581494152397385,0.9881474,-0.06035311,-1.8670719999999998,-0.09550740691691817,0.10327232494979136,0.9900570990235963,-5.207499735663816,5.484573709900204,4.9586531651342565,5.044805934523299,5.594355896724429
05/05/2023 11:40:14.762606,1637,True,True,True,True,Eyes,0.1891581,0.02505043,-3.224372,0.415523,-0.08856973,-0.9052603,0.0,0.0,0.0,0.0,0.0,0.0,0.0,-0.8267928,-0.5975029,-3.181818,0.2840828,0.03604667,-3.329047,0.03001886,0.9820355,-0.08718682,0.1646326,10.43531,161.1274,1.762716,0.05123777,0.00743808,-0.9986572,-0.01830004,0.00490152,-0.1012322,1.277452,-0.002706371,-5.194771,-0.3258547,0.350039,2.059249,-0.9439902,0.03025158,-0.3285846,0.08766676,0.9829946,-0.1613569,0.3181156,-0.1811253,-0.9305894,moving,-5.619483661622501,5.502580332194939,-8.991903131073661,9.647144000106838,0.9933692000000001,-0.038753041,-1.8657240000000002,-0.09747439754917361,0.09543396083331622,0.9906519430655016,-5.301958096790114,5.045144078466832,5.254814613400972,5.343278120714715,5.898652187984001
05/05/2023 11:40:14.782819,1638,True,True,True,True,Eyes,0.1934302,0.02557598,-3.229423,0.4194849,-0.08699753,-0.9035839,0.0,0.0,0.0,0.0,0.0,0.0,0.0,-0.8337944,-0.596139,-3.187248,0.2910522,0.03731127,-3.335122,0.03324491,0.9817154,-0.08687842,0.1660777,10.46427,160.9906,2.122312,0.05197015,0.007469832,-0.9986193,0.0,0.0,0.0,1.290296,-0.00190305,-5.198651,-0.3249128,0.3528268,2.059785,-0.9426259,0.03641694,-0.3318586,0.09413122,0.9826939,-0.1595373,0.3203056,-0.1816222,-0.9297407,moving,-5.693244993296124,5.660390974880071,-8.964039101717225,9.720033764837336,0.9992438000000001,-0.039214320000000004,-1.8635289999999998,-0.09872344971530386,0.09815001149807248,0.9902627285789156,-5.378115546680205,5.199180493377678,5.125775124346171,5.213328464784679,5.770351986199526
05/05/2023 11:40:14.792871,1639,True,True,True,True,Eyes,0.197821,0.02605254,-3.234509,0.4232408,-0.08528265,-0.9019945,0.0,0.0,0.0,0.0,0.0,0.0,0.0,-0.8410227,-0.5840849,-3.195014,0.2981362,0.03786936,-3.341598,0.03589174,0.9815214,-0.08499928,0.1676382,10.30517,160.8359,2.444218,0.05275214,0.007513403,-0.9985781,0.0,0.0,0.0,1.303723,0.005080383,-5.202728,-0.3240345,0.3554243,2.060282,-0.9412183,0.04195877,-0.3351825,0.09895528,0.9829738,-0.1548236,0.3229794,-0.1788909,-0.929345,moving,-5.74414760491521,5.634931429538703,-8.938077734321615,9.787896504157802,1.0055868,-0.032788977,-1.8611299999999997,-0.09960759524988963,0.09770132250852373,0.990218542421082,-5.427050159330759,5.174746314788911,5.15135457926214,5.2391133393481795,5.797281199150202
05/05/2023 11:40:14.812470,1640,True,True,True,True,Eyes,0.2023099,0.02646949,-3.239629,0.4269751,-0.08378936,-0.9003731,0.0,0.0,0.0,0.0,0.0,0.0,0.0,-0.8488895,-0.5699171,-3.20247,0.3049424,0.03716632,-3.347664,0.03790943,0.9813258,-0.08296364,0.1693509,10.11757,160.6561,2.695872,0.05358152,0.007566019,-0.9985336,0.0,0.0,0.0,1.317306,0.01237325,-5.206183,-0.3231147,0.3581465,2.060805,-0.9397665,0.04630307,-0.3386669,0.1025029,0.9833599,-0.1499887,0.3260865,-0.1756687,-0.9288748,moving,-5.778267926300968,5.560956080590667,-8.910888435286402,9.858942282047185,1.0123636,-0.02479307,-1.8585190000000003,-0.1002098816904746,0.09641690283928425,0.9902837333468077,-5.458317419912261,5.102995732338459,5.230116883742952,5.318458107499465,5.877012353218935
05/05/2023 11:40:14.832786,1641,True,True,True,True,Eyes,0.3171434,0.03663061,-3.36867,0.5146316,-0.04818426,-0.8560564,0.0,0.0,0.0,0.0,0.0,0.0,0.0,-0.8580922,-0.5779404,-3.205432,0.3117492,0.03616644,-3.3536,0.03969459,0.9808154,-0.08432145,0.1712176,10.31154,160.4533,2.854266,0.05445581,0.007624864,-0.998486,0.0,0.0,0.0,1.331113,0.005841557,-5.209099,-0.3222515,0.3607017,2.061298,-0.9382179,0.04899149,-0.34256,0.1067408,0.9826285,-0.1518147,0.3291716,-0.1790004,-0.9271491,moving,-11.17395628159049,8.05669932805849,-8.885371845161405,9.925559118347536,1.0193638,-0.030324883,-1.855499,-0.19194652642090282,0.13754689877235962,0.9717187598499493,-10.785404951549411,7.567095849788026,2.9552953462447,2.9547006004711625,3.028609382953646
05/05/2023 11:40:14.852587,1642,True,True,True,True,Eyes,0.3174293,0.03668144,-3.36892,0.5147957,-0.04799096,-0.8559687,0.0,0.0,0.0,0.0,0.0,0.0,0.0,-0.8675161,-0.5804679,-3.20962,0.3186575,0.0363675,-3.35981,0.04005681,0.9804218,-0.08454819,0.1732634,10.35034,160.2159,2.869514,0.05850416,0.007955461,-0.9982545,0.3445007,0.03048336,-0.3871207,1.345399,0.007038005,-5.212161,-0.3213755,0.3632926,2.061795,-0.9367504,0.0492469,-0.3465159,0.1078433,0.9824941,-0.151905,0.332969,-0.1796665,-0.9256626,moving,-10.942181195718879,8.10019629399329,-8.859499725541877,9.99306023173332,1.0267415,-0.029329494999999997,-1.852351,-0.1879917946706784,0.13839239016907806,0.9723717354179363,-10.560638592762993,7.607880707815671,2.8150634067159457,2.8143375762362504,2.9296680369772905
05/05/2023 11:40:14.862478,1643,True,True,True,True,Eyes,0.3179771,0.03675167,-3.369431,0.5150757,-0.04742944,-0.8558314,0.0,0.0,0.0,0.0,0.0,0.0,0.0,-0.8774194,-0.5688074,-3.216301,0.3257647,0.03761063,-3.366075,0.03896384,0.9802379,-0.08237052,0.1755868,10.08846,159.9329,2.76311,0.06203772,0.008244359,-0.9980388,0.3238306,0.02865436,-0.3638935,1.360712,0.02109956,-5.214978,-0.3204502,0.3660298,2.062321,-0.9353023,0.04746132,-0.3506525,0.105314,0.9833938,-0.1478023,0.3378146,-0.1751685,-0.9247689,moving,-10.694899187121186,7.840943232888517,-8.832176810801776,10.06430269432231,1.0349472999999998,-0.01651107,-1.8489030000000004,-0.18390302366547207,0.13409672833954867,0.9737544141468578,-10.31259570005217,7.353991723478976,2.8999148941369612,2.9005278736788913,3.0882722752897136
05/05/2023 11:40:14.882790,1644,True,True,True,True,Eyes,0.3187834,0.03680257,-3.370179,0.5154988,-0.04659551,-0.8556225,0.0,0.0,0.0,0.0,0.0,0.0,0.0,-0.8863693,-0.5417161,-3.224811,0.3326503,0.03818776,-3.37141,0.03690827,0.9802611,-0.07792736,0.1779131,9.550177,159.6428,2.593986,0.0652319,0.008506174,-0.997833,0.3044008,0.0269351,-0.3420599,1.375644,0.04497582,-5.216825,-0.3195204,0.3687822,2.062849,-0.9339692,0.04463089,-0.354555,0.1000881,0.9851303,-0.1396454,0.3430503,-0.1659113,-0.9245484,moving,-10.463136913331788,7.311231825914425,-8.804733321185353,10.13587690214335,1.0429937,0.0067880599999999985,-1.845415,-0.1801744831166649,0.12517641375681451,0.9756372471018496,-10.07239201191328,6.837053945795546,3.2688373452673205,3.2755033630128527,3.534005016055482
05/05/2023 11:40:14.893124,1645,True,True,True,True,Eyes,0.3197976,0.03681358,-3.371096,0.5160279,-0.04577636,-0.8553478,0.0,0.0,0.0,0.0,0.0,0.0,0.0,-0.8950822,-0.5209368,-3.233286,0.3396259,0.0377306,-3.377856,0.03526935,0.9801844,-0.07460463,0.1800805,9.146259,159.3756,2.453903,0.0681277,0.008742983,-0.9976375,0.2861367,0.02531899,-0.3215363,1.389999,0.06272795,-5.219899,-0.3185991,0.3715087,2.063374,-0.9326544,0.04227124,-0.3582867,0.0960106,0.9863805,-0.1335499,0.3477617,-0.1589552,-0.9240106,moving,-10.253738936983403,6.922135805105284,-8.777542901910298,10.206700471274255,1.0503731,0.02499735,-1.8420429999999999,-0.1767509270619588,0.11862286267540062,0.9770812933996488,-9.857779503676111,6.457081032335935,3.5875071722260574,3.6010442624621044,3.9021221216997644
05/05/2023 11:40:14.912616,1646,True,True,True,True,Eyes,0.3210451,0.03681589,-3.372222,0.516683,-0.04511214,-0.8549874,0.0,0.0,0.0,0.0,0.0,0.0,0.0,-0.9043974,-0.5204723,-3.237803,0.3462433,0.03669643,-3.383928,0.03485496,0.9798273,-0.07452299,0.1821264,9.133497,159.1314,2.389183,0.07076068,0.008956059,-0.9974523,0.2689686,0.02379985,-0.3022441,1.403708,0.0650485,-5.222795,-0.3177226,0.3741027,2.063872,-0.9312301,0.04115848,-0.3620997,0.09544888,0.9864629,-0.1333433,0.3517097,-0.1587353,-0.9225525,moving,-10.058532490935605,6.929630638038291,-8.751689953720343,10.274026788331412,1.0574647,0.028352069999999993,-1.8388669999999996,-0.17341681214562343,0.11882219272474986,0.9776542219028527,-9.667690573582265,6.463078884975526,3.574564519308497,3.590657742972821,3.919487346283956
05/05/2023 11:40:14.932659,1647,True,True,True,True,Eyes,0.3225,0.0368611,-3.373548,0.5173771,-0.04391632,-0.8546299,0.0,0.0,0.0,0.0,0.0,0.0,0.0,-0.9151472,-0.5291768,-3.240512,0.3530494,0.03650773,-3.390053,0.03574805,0.9792992,-0.07579511,0.1842561,9.301276,158.8875,2.44414,0.0731634,0.009147454,-0.9972772,0.2528304,0.02237186,-0.2841094,1.418269,0.06098226,-5.225455,-0.3168253,0.3767569,2.064381,-0.9295437,0.04208466,-0.3663027,0.0979475,0.9859543,-0.1352786,0.3554646,-0.1616258,-0.9206099,moving,-9.847003902174105,7.169204440883164,-8.725236102058606,10.342855030358484,1.0652196,0.02447453,-1.8354020000000002,-0.16971947073606558,0.12298942198775237,0.9777877459208368,-9.467945788234498,6.694777681377634,3.3498877257541007,3.36606908150338,3.7229136468748023
05/05/2023 11:40:14.942346,1648,True,True,True,True,Eyes,0.3241689,0.03694971,-3.37508,0.5182561,-0.04267558,-0.8541601,0.0,0.0,0.0,0.0,0.0,0.0,0.0,-0.9291521,-0.5348046,-3.242692,0.3595837,0.03756615,-3.396126,0.03723403,0.9787111,-0.07649858,0.1867785,9.418764,158.6031,2.574111,0.0753642,0.009320523,-0.9971117,0.2376606,0.02102955,-0.2670629,1.434266,0.05951919,-5.226986,-0.3159461,0.3793593,2.064882,-0.9274549,0.04430614,-0.3713011,0.1014593,0.9855232,-0.135831,0.3599077,-0.1636491,-0.9185237,moving,-9.598318324988483,7.372107463287128,-8.69931547708899,10.410268255640025,1.0746823,0.02195304,-1.83086,-0.16539935788090096,0.12654552939396513,0.978074306047625,-9.2309912708712,6.890549981145627,3.1508861805861397,3.1683792577154932,3.5596482805894976
05/05/2023 11:40:14.962535,1649,True,True,True,True,Eyes,0.3260432,0.03705607,-3.376803,0.5191761,-0.04080285,-0.8536928,0.0,0.0,0.0,0.0,0.0,0.0,0.0,-0.945403,-0.5246062,-3.247209,0.3663302,0.03866326,-3.402597,0.03827311,0.9782344,-0.07481857,0.1897235,9.2593,158.2668,2.699872,0.07738943,0.009478347,-0.996955,0.223401,0.01976778,-0.2510391,1.452037,0.06837237,-5.227833,-0.3150261,0.3820814,2.065406,-0.9250807,0.04649047,-0.3769152,0.1032698,0.9858747,-0.1318576,0.365461,-0.1609028,-0.9168147,moving,-9.305267906257171,7.331328413612187,-8.672202639279849,10.480716290977167,1.0857068,0.029709110000000004,-1.8252360000000003,-0.16040682813887328,0.1259545634757888,0.9789817105427565,-8.944221046210231,6.84892925875242,3.189559538528996,3.2123847270130272,3.6419597830213304
05/05/2023 11:40:14.982787,1650,True,True,True,True,Eyes,0.3281203,0.03719224,-3.378716,0.5202976,-0.03901512,-0.8530933,0.0,0.0,0.0,0.0,0.0,0.0,0.0,-0.9634961,-0.5150294,-3.250853,0.3729013,0.03915975,-3.408963,0.03865754,0.9776991,-0.07328855,0.1929739,9.104063,157.8881,2.746026,0.07926185,0.009622891,-0.9968065,0.2099969,0.01858171,-0.2359767,1.470511,0.07685319,-5.227897,-0.3141343,0.3847219,2.065913,-0.9225335,0.04730532,-0.3830072,0.1038764,0.9862688,-0.1283885,0.3716746,-0.1582281,-0.9147798,moving,-8.993631456089656,7.274717414226585,-8.645934130584624,10.548994236993966,1.0976097,0.03769344,-1.8189339999999996,-0.15509671727814883,0.1250946299832997,0.9799470865807743,-8.638906083927951,6.791781046254421,3.2636747804159256,3.292686159091845,3.757219763882204
05/05/2023 11:40:14.992704,1651,True,True,True,True,Eyes,0.3303971,0.03733998,-3.380808,0.521575,-0.03681402,-0.8524109,0.0,0.0,0.0,0.0,0.0,0.0,0.0,-0.9829335,-0.5164958,-3.252392,0.3797824,0.04001492,-3.415427,0.03881459,0.9770011,-0.07332732,0.1964322,9.121618,157.4816,2.73052,0.08100209,0.009756294,-0.9966654,0.1973971,0.01746681,-0.2218181,1.489828,0.07976268,-5.227757,-0.3132268,0.3874062,2.066429,-0.9198159,0.04703609,-0.3895212,0.1046515,0.9862331,-0.1280329,0.3781365,-0.1585306,-0.9120753,moving,-8.666358452413107,7.403733038538247,-8.61921233835617,10.618336430102374,1.1100455999999999,0.03974776,-1.8123300000000002,-0.1494523191861973,0.12741297613036232,0.9805253861761258,-8.323351550821586,6.915140922575948,3.181314810108544,3.214949100860892,3.7149953664257094
05/05/2023 11:40:15.012712,1652,True,True,True,True,Eyes,0.3328549,0.03748523,-3.383068,0.5230569,-0.03464262,-0.8515935,0.0,0.0,0.0,0.0,0.0,0.0,0.0,-1.003466,-0.5088083,-3.254976,0.386436,0.04043532,-3.421948,0.038606,0.9763655,-0.07205778,0.2000695,8.983916,157.0516,2.701477,0.08262888,0.009879964,-0.9965306,0.1855533,0.0164188,-0.208509,1.509498,0.0879811,-5.227055,-0.312328,0.3900669,2.066941,-0.9169639,0.046554,-0.3962457,0.1042203,0.9866346,-0.1252617,0.3851182,-0.1561572,-0.9095601,moving,-8.335580527507213,7.373639379470021,-8.592752273648037,10.68700108400914,1.123062,0.04754578000000001,-1.805107,-0.1437967034423313,0.1270055444130837,0.9814235684798789,-8.000091844549113,6.883666728912441,3.2830143748497354,3.3233271118142276,3.849233508229728
05/05/2023 11:40:15.032891,1653,True,True,True,True,Eyes,0.3355179,0.03761561,-3.385482,0.5247211,-0.03227521,-0.8506621,0.0,0.0,0.0,0.0,0.0,0.0,0.0,-1.024615,-0.5054132,-3.256329,0.3931698,0.04051775,-3.428225,0.0380752,0.9756538,-0.07145121,0.2038252,8.913588,156.6042,2.620562,0.08415745,0.009994676,-0.9964015,0.1744201,0.01543367,-0.1959985,1.529446,0.09383825,-5.225952,-0.3113772,0.3928809,2.067481,-0.9140113,0.04516932,-0.4031667,0.1034235,0.98689,-0.1239019,0.3922846,-0.1549447,-0.9067002,moving,-8.00399976360019,7.4147933134499535,-8.564778230356676,10.759558809915243,1.1362762000000002,0.0533205,-1.7977270000000005,-0.13810016270879386,0.12781509112674416,0.9821362318345812,-7.677969868589296,6.9215099973803635,3.3451328631411883,3.391449353170772,3.939168409436304
05/05/2023 11:40:15.042574,1654,True,True,True,True,Eyes,0.3383493,0.0377395,-3.388048,0.5265879,-0.02993252,-0.8495935,0.0,0.0,0.0,0.0,0.0,0.0,0.0,-1.046354,-0.5065549,-3.256834,0.3999265,0.04032179,-3.434654,0.03703798,0.9748766,-0.07150311,0.2076804,8.905056,156.1399,2.466431,0.08560371,0.01010088,-0.9962773,0.1639549,0.01450765,-0.1842386,1.549505,0.0974483,-5.22482,-0.3104655,0.3955774,2.067999,-0.9109944,0.04251534,-0.4102221,0.1019145,0.9870309,-0.1240293,0.3996288,-0.1547975,-0.9035126,moving,-7.677317346567854,7.507067626893747,-8.53796358977628,10.829015775639752,1.1495784999999998,0.05712651,-1.7901660000000001,-0.13246896313878218,0.12949709681595178,0.982691387539031,-7.3620007534158844,7.009125073229336,3.379828420483686,3.4316251920782066,3.99680542069067
05/05/2023 11:40:15.062481,1655,True,True,True,True,Eyes,0.341378,0.03786183,-3.390757,0.5285506,-0.02745242,-0.8484578,0.0,0.0,0.0,0.0,0.0,0.0,0.0,-1.069312,-0.5059212,-3.256867,0.4067287,0.0402965,-3.44086,0.03537295,0.9740766,-0.07121694,0.2117816,8.842813,155.6414,2.247325,0.08698037,0.01019918,-0.9961571,0.1541176,0.01363719,-0.1731843,1.570219,0.1035085,-5.222832,-0.3095717,0.3982223,2.068505,-0.9077945,0.03874705,-0.4176213,0.09907681,0.9873538,-0.1237589,0.4075447,-0.1537242,-0.9001533,moving,-7.332804028975461,7.545977483761958,-8.511692218894167,10.897089303425634,1.1634903,0.063212,-1.7819720000000006,-0.12654493945776493,0.1302660322745198,0.9833703013809906,-7.027211394097211,7.044699128421438,3.4944111879591064,3.552425620927115,4.128509825549493
05/05/2023 11:40:15.081345,1656,True,True,True,True,Eyes,0.3445727,0.03797069,-3.39362,0.5306814,-0.02485872,-0.8472068,0.0,0.0,0.0,0.0,0.0,0.0,0.0,-1.091663,-0.5054172,-3.257247,0.4136547,0.04039111,-3.447331,0.03292158,0.9732981,-0.07083668,0.2158456,8.748781,155.1407,1.942692,0.08829944,0.01029026,-0.9960401,0.1448705,0.01281896,-0.1627932,1.590532,0.1112572,-5.221206,-0.3087005,0.4008,2.069,-0.9046538,0.03350544,-0.4248282,0.09466457,0.9877967,-0.1236784,0.4155,-0.1521024,-0.8967857,moving,-7.009936053302257,7.552131316615252,-8.486086773657577,10.963361697755134,1.1768773000000001,0.07086608999999999,-1.7738749999999994,-0.12099841003386647,0.13046257915444404,0.9840421568418118,-6.712639443215169,7.0485456280503005,3.653031918207317,3.716922606460521,4.297778530063236
05/05/2023 11:40:15.092981,1657,True,True,True,True,Eyes,0.3479448,0.03804741,-3.396618,0.5328382,-0.02209734,-0.8459285,0.0,0.0,0.0,0.0,0.0,0.0,0.0,-1.11251,-0.4975586,-3.25927,0.4207711,0.0401637,-3.4539,0.02963389,0.9726331,-0.06932289,0.2197748,8.50392,154.6518,1.574517,0.08957135,0.01037442,-0.9959257,0.1361783,0.01204982,-0.1530256,1.610464,0.1220611,-5.218729,-0.3087,0.4007999,2.069,-0.9016417,0.02717495,-0.4316291,0.08811664,0.9886324,-0.1218259,0.4234118,-0.147877,-0.8937868,static,-6.711267155196359,7.413623783900219,-8.48607322893318,10.963359028665995,1.1896928999999998,0.08189740000000001,-1.7648289999999998,-0.1159022706649113,0.1281617924476666,0.9849574029052649,-6.417758119896562,6.911799371899673,3.89871722933516,3.9686971297020697,4.548962853509093
05/05/2023 11:40:15.112724,1658,True,True,True,True,Eyes,0.3514681,0.0380866,-3.399746,0.5351282,-0.0193616,-0.8445489,0.0,0.0,0.0,0.0,0.0,0.0,0.0,-1.131649,-0.489076,-3.261706,0.4278688,0.03941534,-3.460335,0.0264889,0.9720005,-0.0677938,0.2234222,8.257816,154.1985,1.227558,0.09080441,0.01045128,-0.9958132,0.1280076,0.01132683,-0.1438441,1.629301,0.1322583,-5.216649,-0.3087002,0.4008,2.069001,-0.898762,0.02120117,-0.4379245,0.08178773,0.9894047,-0.1199548,0.4307414,-0.1436277,-0.8909734,static,-6.454219533555534,7.279427383743398,-8.486074605008472,10.963356527284281,1.2014322000000002,0.09284296,-1.7563140000000002,-0.11151458220787694,0.12591813869706645,0.9857530252467291,-6.163566203984308,6.77952378925534,4.132137905051087,4.207109336114155,4.785237888823351
05/05/2023 11:40:15.122537,1659,True,True,True,True,Eyes,0.3551294,0.03808969,-3.403007,0.5374674,-0.01663787,-0.8431204,0.0,0.0,0.0,0.0,0.0,0.0,0.0,-1.150754,-0.4908423,-3.262326,0.4349665,0.03856022,-3.46659,0.02375898,0.9712383,-0.06780884,0.2270106,8.192779,153.7522,0.8894405,0.09200674,0.01052047,-0.9957021,0.1203272,0.01064722,-0.1352134,1.648023,0.1356378,-5.214665,-0.3087003,0.4008,2.069,-0.8958036,0.01536462,-0.4441848,0.07693791,0.989675,-0.12093,0.4377405,-0.1425042,-0.8877365,static,-6.205371998080029,7.329743825347093,-8.486081355767933,10.963361697755134,1.2130565,0.09707758,-1.748075,-0.10721946837980681,0.12684406574360857,0.9861108468438217,-5.92234110495343,6.826830674628487,4.211496060807409,4.290083217949078,4.86658535103779
05/05/2023 11:40:15.142601,1660,True,True,True,True,Eyes,0.358944,0.03805714,-3.406379,0.5399529,-0.01396761,-0.8415793,0.0,0.0,0.0,0.0,0.0,0.0,0.0,-1.169401,-0.4941072,-3.262813,0.442231,0.03766908,-3.472837,0.02102222,0.9704542,-0.06803189,0.2305399,8.148346,153.3121,0.5460529,0.09318505,0.01058165,-0.9955918,0.1131075,0.01000839,-0.1271006,1.66664,0.1382395,-5.212781,-0.3087004,0.4008,2.069001,-0.8928192,0.009434065,-0.4503172,0.07217034,0.9898595,-0.1223507,0.4445965,-0.1417366,-0.8844463,static,-5.974862094177679,7.40017315109161,-8.48608002289569,10.963356527284281,1.2244089999999999,0.10057042,-1.7399439999999995,-0.10323438621102285,0.1281104264885388,0.9863723063146952,-5.699533983676626,6.893828684644919,4.277489075497833,4.359184701052547,4.932128920730321
05/05/2023 11:40:15.163066,1661,True,True,True,True,Eyes,0.3629066,0.03799792,-3.409864,0.5426086,-0.01131268,-0.8399095,0.0,0.0,0.0,0.0,0.0,0.0,0.0,-1.190428,-0.4970896,-3.262202,0.4496621,0.03679257,-3.478883,0.01878803,0.9695575,-0.06826823,0.234403,8.116591,152.8358,0.2562504,0.09434545,0.01063454,-0.995482,0.1063211,0.009407885,-0.1194746,1.686775,0.1400892,-5.209657,-0.3086998,0.4008,2.069,-0.8894044,0.004427596,-0.4570996,0.06843672,0.9899729,-0.123572,0.4519691,-0.1411879,-0.8807893,static,-5.714274626372869,7.490468391067382,-8.486067811043153,10.963361697755134,1.2371128999999998,0.10329663,-1.7307739999999998,-0.09872631824168743,0.12972439433840902,0.9866228931628167,-5.447942134167867,6.979956458523971,4.358372998511487,4.443402455126165,5.009762961300983
05/05/2023 11:40:15.182609,1662,True,True,True,True,Eyes,0.3670224,0.03791585,-3.413455,0.5454865,-0.008613029,-0.8380753,0.0,0.0,0.0,0.0,0.0,0.0,0.0,-1.216179,-0.4958079,-3.260467,0.4572304,0.03605209,-3.484996,0.01667007,0.9685118,-0.0678872,0.2389533,8.016937,152.2807,359.9911,0.09549329,0.01067915,-0.9953721,0.09994181,0.008843413,-0.1123061,1.709422,0.1444276,-5.20458,-0.3087001,0.4008,2.069001,-0.8852471,-0.0001534213,-0.4651215,0.06473406,0.9902269,-0.1235323,0.4605948,-0.1394658,-0.8765855,static,-5.387016045411643,7.520465348814226,-8.486071896064805,10.963356527284281,1.2521916,0.10837550999999998,-1.7195839999999998,-0.09308216440779185,0.13031208423210003,0.9870939093080967,-5.129732787409651,7.006972827143228,4.542838946526815,4.632239936818312,5.188254445864224
05/05/2023 11:40:15.192928,1663,True,True,True,True,Eyes,0.3712992,0.03780014,-3.417142,0.5485973,-0.005854594,-0.8360662,0.0,0.0,0.0,0.0,0.0,0.0,0.0,-1.24607,-0.4904667,-3.257642,0.4649353,0.03541255,-3.491139,0.01440356,0.9673275,-0.0668917,0.2441223,7.842175,151.6533,359.7227,0.09663457,0.01071565,-0.9952616,0.0939453,0.008312807,-0.1055677,1.734158,0.1516349,-5.197675,-0.3087003,0.4008001,2.069001,-0.8803939,-0.004793602,-0.4742194,0.06052544,0.9906361,-0.1223799,0.4703655,-0.1364448,-0.8718598,static,-5.003218774808582,7.481713565476837,-8.4860773139521,10.963359196372178,1.2692227,0.11622234999999999,-1.7065360000000003,-0.08647480182767353,0.12972199444335228,0.9877723813850728,-4.754555454527195,6.966722819763533,4.830105920038021,4.924648200919283,5.467847630850494
05/05/2023 11:40:15.212384,1664,True,True,True,True,Eyes,0.3757106,0.03763879,-3.420932,0.5519553,-0.003066725,-0.833868,0.0,0.0,0.0,0.0,0.0,0.0,0.0,-1.27913,-0.4822729,-3.253816,0.4725539,0.03444003,-3.497369,0.01244835,0.9660221,-0.06556731,0.2496944,7.636946,150.9816,359.4975,0.09777287,0.01074379,-0.9951502,0.08830858,0.007814039,-0.09923368,1.760179,0.1593924,-5.189439,-0.3087002,0.4007999,2.068999,-0.8749954,-0.008692821,-0.484053,0.05679433,0.991092,-0.1204624,0.4807881,-0.1328955,-0.8667072,static,-4.586325208020869,7.421342053327398,-8.486082688641455,10.96336419914047,1.2876250999999999,0.12495236999999998,-1.6920700000000002,-0.07929542208814017,0.12875824803328192,0.988500606486197,-4.346532503819174,6.905217680257036,5.1683697201614995,5.268209305740087,5.79693271492674
05/05/2023 11:40:15.232599,1665,True,True,True,True,Eyes,0.3802539,0.0374405,-3.424815,0.5555199,-4.170612e-05,-0.8315032,0.0,0.0,0.0,0.0,0.0,0.0,0.0,-1.31388,-0.4732889,-3.249144,0.4801003,0.03316545,-3.503658,0.01131555,0.964626,-0.06426802,0.2554183,7.456278,150.2972,359.3644,0.09891279,0.01076309,-0.9950374,0.08301006,0.007345196,-0.09327966,1.786875,0.1654543,-5.180422,-0.3087,0.4008,2.069,-0.8692671,-0.0109999,-0.4942206,0.054661,0.9914831,-0.1182088,0.4913117,-0.1297696,-0.8612624,static,-4.1605317554086225,7.408868611891829,-8.48607322893318,10.963361697755134,1.3067747,0.13228885,-1.676764,-0.07194861094440436,0.1286148958057426,0.9890811587557918,-3.9311247837381016,6.89025759016861,5.493869963682176,5.598636453336745,6.110460899934085
05/05/2023 11:40:15.242542,1666,True,True,True,True,Eyes,0.3849196,0.03720775,-3.428799,0.5593519,0.003002115,-0.828925,0.0,0.0,0.0,0.0,0.0,0.0,0.0,-1.350889,-0.4687743,-3.242414,0.4875598,0.03202189,-3.509866,0.01075211,0.963064,-0.06366786,0.2614168,7.368711,149.58,359.2733,0.1000563,0.01077331,-0.994923,0.07802946,0.006904485,-0.08768288,1.814593,0.1680051,-5.170344,-0.3087008,0.4007999,2.069,-0.8630915,-0.01257774,-0.5048912,0.05399763,0.9916616,-0.1170109,0.502153,-0.128254,-0.8552154,static,-3.7179137493239853,7.4952411052604555,-8.486094900491759,10.963359028665995,1.3270331999999998,0.13598321,-1.660478,-0.06429256501011504,0.1301739819031928,0.9894045769415922,-3.5019803878478357,6.971361466957865,5.786661634603866,5.896048966977665,6.385721729595757
05/05/2023 11:40:15.262504,1667,True,True,True,True,Eyes,0.3897139,0.03696202,-3.432873,0.5633973,0.006415355,-0.8261612,0.0,0.0,0.0,0.0,0.0,0.0,0.0,-1.390132,-0.4575912,-3.235495,0.495056,0.03093821,-3.516282,0.01024114,0.9614419,-0.06211234,0.2677067,7.176022,148.8319,359.2167,0.1012059,0.01077436,-0.9948067,0.0733477,0.006490216,-0.08242191,1.84309,0.1742932,-5.159131,-0.3087001,0.4008001,2.069001,-0.8564568,-0.01356325,-0.516041,0.05294829,0.9920744,-0.1139515,0.5134966,-0.124918,-0.8489507,static,-3.25405775287427,7.501068433350776,-8.486071896064805,10.963359196372178,1.348034,0.14335499000000002,-1.6428490000000004,-0.05627928219321188,0.13033777571924704,0.9898710569709988,-3.049961844179272,6.9739553275845525,6.159577594764884,6.273868768331795,6.742895203435139
05/05/2023 11:40:15.282538,1668,True,True,True,True,Eyes,0.3946169,0.03671137,-3.437057,0.5677226,0.009980777,-0.8231594,0.0,0.0,0.0,0.0,0.0,0.0,0.0,-1.432028,-0.444007,-3.227319,0.5023634,0.03031908,-3.522803,0.009886172,0.9597006,-0.06017777,0.274328,6.945743,148.0459,359.1895,0.1023651,0.01076677,-0.9946882,0.06894683,0.006100803,-0.07747659,1.872339,0.1822695,-5.146618,-0.3087005,0.4008,2.069,-0.8492931,-0.01404136,-0.5277353,0.05199242,0.9925618,-0.1100812,0.5253556,-0.1209294,-0.8422458,static,-2.768624046041848,7.480429584637743,-8.486086773657577,10.963361697755134,1.3699756,0.15195042,-1.623815,-0.04789266221207206,0.13003814450821338,0.990351623489226,-2.576195590801134,6.950654923430403,6.57549235590235,6.6947887305171525,7.143432609741335
05/05/2023 11:40:15.297085,1669,True,True,True,True,Eyes,0.3996199,0.03644377,-3.441346,0.572193,0.01388973,-0.8200014,0.0,0.0,0.0,0.0,0.0,0.0,0.0,-1.475617,-0.4189884,-3.219681,0.5097679,0.0298923,-3.529672,0.009385942,0.9579451,-0.05656809,0.2811642,6.526125,147.2398,359.2025,0.1035347,0.01075123,-0.9945673,0.0,0.0,0.0,1.901894,0.1971704,-5.133012,-0.3087001,0.4008,2.069,-0.8417173,-0.01382741,-0.5397415,0.04979227,0.9934239,-0.1031003,0.5376177,-0.1136562,-0.8354936,static,-2.266485474445715,7.29217967879737,-8.486075937878136,10.963361697755134,1.3921261,0.16727809999999999,-1.6033399999999998,-0.03922794576554717,0.1268315276030283,0.9911483146973163,-2.0816274590546353,6.764160822544783,7.097882916882168,7.222249161385829,7.658345011049843
05/05/2023 11:40:15.312591,1670,True,True,True,True,Eyes,0.4047143,0.03615627,-3.445743,0.57692,0.01785577,-0.8166054,0.0,0.0,0.0,0.0,0.0,0.0,0.0,-1.519643,-0.3944365,-3.210988,0.5169548,0.02913885,-3.536559,0.008932021,0.95611,-0.05308904,0.28802,6.122995,146.4294,359.222,0.1047156,0.01072806,-0.994444,0.0,0.0,0.0,1.931047,0.2110975,-5.118939,-0.3087008,0.4007999,2.068999,-0.8339294,-0.01350143,-0.551706,0.04766141,0.9942036,-0.09637272,0.5498093,-0.1066631,-0.8284521,static,-1.7801873372395927,7.123385981360087,-8.486098942317675,10.96336419914047,1.4140921999999998,0.18195865,-1.5823800000000001,-0.030825579588770524,0.12394756192709025,0.9918098001969933,-1.6030252904265618,6.5967023511119,7.5986632821501745,7.727527623253682,8.151345814795613
05/05/2023 11:40:15.332862,1671,True,True,True,True,Eyes,0.5350131,0.0282392,-3.557603,0.6877035,0.1177346,-0.7163814,0.0,0.0,0.0,0.0,0.0,0.0,0.0,-1.563841,-0.3753096,-3.200958,0.5241348,0.02833072,-3.543595,0.008625078,0.9541661,-0.05041744,0.2948742,5.814026,145.6148,359.2355,0.1059086,0.01069742,-0.994318,0.0,0.0,0.0,1.960084,0.2215418,-5.104818,-0.3087006,0.4008,2.069,-0.8259498,-0.01327408,-0.5635876,0.04619312,0.9947674,-0.0911266,0.5618482,-0.1012998,-0.8210148,static,-9.774254640123901,12.543099273038942,-8.486089482602342,10.963361697755134,1.4359492,0.19321108,-1.561223,-0.16582759412094555,0.21416710405593387,0.9626180503105701,-9.541872269338343,11.923010298615582,1.9758388840554209,2.03836706209066,1.4267455028495626
05/05/2023 11:40:15.342676,1672,True,True,True,True,Eyes,0.535293,0.02823381,-3.557879,0.6881463,0.1177497,-0.7159537,0.0,0.0,0.0,0.0,0.0,0.0,0.0,-1.608235,-0.3580442,-3.189804,0.5311446,0.02725656,-3.550578,0.008876548,0.9521449,-0.04814544,0.3017009,5.568688,144.8029,359.3007,0.1102974,0.01040555,-0.9938439,0.3908964,-0.02375121,-0.3355794,1.988942,0.2291116,-5.090311,-0.3087006,0.4008,2.069,-0.8177958,-0.01214753,-0.5753806,0.04595456,0.9952064,-0.08632674,0.5736712,-0.09703898,-0.8133174,static,-8.959767641835331,12.30401690991971,-8.486089482602342,10.963361697755134,1.4577974,0.20185503999999999,-1.539733,-0.1522474874342301,0.21061466595267853,0.9656408171018227,-8.741450877502558,11.684985694271868,1.3918545712099912,1.421874606439821,0.7654741238958809
05/05/2023 11:40:15.362689,1673,True,True,True,True,Eyes,0.5358682,0.02831388,-3.558422,0.688812,0.1177617,-0.7153112,0.0,0.0,0.0,0.0,0.0,0.0,0.0,-1.655634,-0.3515287,-3.175169,0.5380332,0.02711477,-3.557551,0.0100953,0.949852,-0.04744409,0.3089147,5.529998,143.9403,359.4166,0.1141534,0.01015035,-0.993411,0.3674426,-0.02232613,-0.3154446,2.019392,0.2297741,-5.074523,-0.3087004,0.4008,2.069,-0.8089396,-0.01013428,-0.5878046,0.04849045,0.9952943,-0.08389256,0.5858886,-0.0963669,-0.8046416,static,-8.11166414632442,12.277716693238801,-8.486084064712776,10.963361697755134,1.4813587999999998,0.20265933,-1.516972,-0.1379376249257096,0.21061762749947638,0.9677878531954595,-7.913994654370237,11.653771841666027,1.3626763194831206,1.3666452829607294,0.8966339611241213
05/05/2023 11:40:15.382887,1674,True,True,True,True,Eyes,0.5367001,0.02865807,-3.559251,0.6898925,0.1180825,-0.7142163,0.0,0.0,0.0,0.0,0.0,0.0,0.0,-1.703552,-0.3529285,-3.160516,0.5444766,0.0296481,-3.566256,0.01121124,0.9475016,-0.04746754,0.3160093,5.568565,143.0865,359.496,0.1176357,0.009922633,-0.993007,0.3453961,-0.02098657,-0.2965179,2.048778,0.2304746,-5.060726,-0.3087,0.4007999,2.068999,-0.8000248,-0.008755039,-0.5999029,0.0512457,0.9952423,-0.08286543,0.5977742,-0.09703685,-0.7957699,static,-7.319489492178533,12.340532043592157,-8.486077270749078,10.96336419914047,1.5043014000000001,0.2008265,-1.4944699999999997,-0.1245044951849783,0.2120585610431287,0.9692934844077115,-7.143460877518319,11.709636921818936,1.8048402993532744,1.8048596391137637,1.5360799966101712
05/05/2023 11:40:15.398120,1675,True,True,True,True,Eyes,0.5377954,0.02902241,-3.560427,0.6910152,0.1193742,-0.7129149,0.0,0.0,0.0,0.0,0.0,0.0,0.0,-1.754945,-0.3363238,-3.144248,0.5513631,0.036272,-3.574062,0.009794655,0.9450281,-0.04396135,0.3238727,5.131039,142.1399,359.4268,0.120788,0.009726936,-0.9926304,0.3246723,-0.01972737,-0.2787269,2.078806,0.2534829,-5.042542,-0.3087001,0.4008,2.069,-0.7900214,-0.009963311,-0.6129987,0.04698822,0.995943,-0.076745,0.6112763,-0.08943388,-0.786348,static,-6.45972612221079,11.966066374596034,-8.486075937878136,10.963361697755134,1.5274429,0.2172109,-1.46848,-0.11009007324700432,0.20607208264116247,0.9723241915262073,-6.295254203425172,11.339586244708933,2.2451403036636997,2.2608649328108257,2.222891086374248
05/05/2023 11:40:15.412993,1676,True,True,True,True,Eyes,0.5391045,0.02939473,-3.561813,0.6925264,0.1203909,-0.7112757,0.0,0.0,0.0,0.0,0.0,0.0,0.0,-1.797452,-0.2564209,-3.138715,0.5589597,0.03648384,-3.582505,0.004831511,0.9432626,-0.03175646,0.3304906,3.617933,141.3606,359.3182,0.123649,0.009560558,-0.9922797,0.305192,-0.01854373,-0.2620033,2.101619,0.3095629,-5.025532,-0.3087001,0.4008,2.069,-0.7815055,-0.01187566,-0.6237857,0.03010519,0.9979364,-0.05671582,0.6231719,-0.06310289,-0.7795351,static,-5.775301896542269,10.499453114433924,-8.486075937878136,10.963361697755134,1.5426593,0.27307906,-1.4430270000000003,-0.09895922461326012,0.18133167267524683,0.978430274091618,-5.588534538991147,9.908055911932012,2.6937856333347456,2.750183098788057,3.0837341746421214
05/05/2023 11:40:15.432812,1677,True,True,True,True,Eyes,0.5406781,0.02989684,-3.563449,0.6941386,0.1212512,-0.709556,0.0,0.0,0.0,0.0,0.0,0.0,0.0,-1.843358,-0.2768813,-3.118876,0.5653043,0.03709398,-3.589021,0.005547043,0.9406653,-0.03468286,0.3375131,3.956227,140.498,359.2547,0.1262526,0.009420757,-0.9919532,0.2868804,-0.01743111,-0.2462831,2.130185,0.2981615,-5.010179,-0.3087001,0.4008,2.069,-0.7721083,-0.01297601,-0.6353585,0.03384766,0.9975327,-0.06150552,0.634589,-0.06899432,-0.769764,static,-5.064470018400974,10.882736720575506,-8.486075937878136,10.963361697755134,1.5648807,0.26106752,-1.4211580000000001,-0.08670106247662801,0.18808861727160478,0.9783177216352976,-4.905932896066339,10.276270979185918,3.3604955290587086,3.422555690583627,3.645479098195103
05/05/2023 11:40:15.442558,1678,True,True,True,True,Eyes,0.5424812,0.03050394,-3.565306,0.6960046,0.1225676,-0.707499,0.0,0.0,0.0,0.0,0.0,0.0,0.0,-1.887031,-0.2790552,-3.103033,0.5729375,0.0406891,-3.596895,0.00288934,0.9382252,-0.03394632,0.344344,3.766383,139.6582,358.9689,0.1286311,0.009308397,-0.9916486,0.2696676,-0.01638524,-0.2315061,2.156436,0.3101926,-4.995679,-0.3087006,0.4008,2.069,-0.7628378,-0.01795673,-0.6463407,0.02880013,0.9976786,-0.06170874,0.6459484,-0.06568845,-0.7605497,static,-4.427705407848901,10.75001788801845,-8.486089482602342,10.963361697755134,1.5834984999999997,0.2695035,-1.398784,-0.07585415763219155,0.18598695688091388,0.9796198514893457,-4.281625494197623,10.142914972326366,3.9887405222321286,4.063987805021726,4.283765896855114
05/05/2023 11:40:15.462603,1679,True,True,True,True,Eyes,0.5445107,0.03122017,-3.567368,0.6980602,0.1237544,-0.7052636,0.0,0.0,0.0,0.0,0.0,0.0,0.0,-1.929539,-0.2601075,-3.088279,0.5801874,0.04372206,-3.604123,-0.002223304,0.9358742,-0.02981134,0.3510643,3.109149,138.8369,358.56,0.1308126,0.009223573,-0.9913639,0.2534875,-0.01540213,-0.2176157,2.179336,0.3393328,-4.979637,-0.3087005,0.4008,2.069001,-0.7534982,-0.02509286,-0.6569715,0.01676993,0.9982127,-0.05736037,0.6572366,-0.05423828,-0.7517306,static,-3.8298259064396603,10.141214208290279,-8.48608273183924,10.963356527284281,1.5991486000000001,0.29561074,-1.3755140000000003,-0.06575432614849874,0.1756937980356102,0.9822464037872267,-3.6823920072596135,9.546593770613132,4.6358527593341305,4.728281465475696,5.008259306995073
05/05/2023 11:40:15.482741,1680,True,True,True,True,Eyes,0.5467864,0.0320283,-3.569644,0.7002586,0.1255554,-0.7027615,0.0,0.0,0.0,0.0,0.0,0.0,0.0,-1.968747,-0.2764295,-3.071713,0.5875818,0.04704424,-3.61114,-0.006401175,0.9334363,-0.03071674,0.3573684,3.024851,138.0497,358.0543,0.1328222,0.009166491,-0.9910972,0.2382783,-0.014478,-0.2045588,2.202587,0.3483422,-4.966749,-0.3086998,0.4008,2.068999,-0.7444936,-0.03390456,-0.666768,0.0100042,0.998031,-0.06191939,0.6675544,-0.05276908,-0.7426886,static,-3.3203400447750893,10.14353772357765,-8.486071852856547,10.963366868230807,1.6150051999999997,0.30129796,-1.3556090000000003,-0.05701611532241546,0.17582828229386058,0.9827683190683862,-3.18579816784149,9.545475884386907,5.130041727679145,5.230382867386216,5.4866488841668115
05/05/2023 11:40:15.492717,1681,True,True,True,True,Eyes,0.5493033,0.0328401,-3.572066,0.702786,0.1275841,-0.6998672,0.0,0.0,0.0,0.0,0.0,0.0,0.0,-2.004666,-0.2508065,-3.061128,0.5957244,0.04993007,-3.618662,-0.01338647,0.9312947,-0.02518258,0.3631485,2.130877,137.3484,357.521,0.1346827,0.009136847,-0.9908463,0.2239816,-0.01360932,-0.1922852,2.221089,0.3864911,-4.953432,-0.3087002,0.4008,2.068999,-0.7358879,-0.04322353,-0.6757223,-0.006643471,0.9983733,-0.05662736,0.6770706,-0.03718226,-0.734978,static,-2.8912011016009704,9.354398203421267,-8.486082688641455,10.963366868230807,1.6253646000000002,0.33656103,-1.3347700000000002,-0.049770484748657806,0.16233925354710754,0.9854789838501384,-2.7461955384536756,8.77480974421316,5.709547926761174,5.821638956285734,6.142970517752724
05/05/2023 11:40:15.512482,1682,True,True,True,True,Eyes,0.5520564,0.03364186,-3.574646,0.7055266,0.1296679,-0.6967198,0.0,0.0,0.0,0.0,0.0,0.0,0.0,-2.040322,-0.2461475,-3.04702,0.6035072,0.05072627,-3.625057,-0.01857266,0.9289789,-0.02320967,0.3689369,1.685789,136.6362,357.039,0.1364145,0.009131928,-0.9906094,0.2105427,-0.01279276,-0.1807481,2.24101,0.4058906,-4.940023,-0.3087004,0.4007999,2.068999,-0.7270812,-0.05163302,-0.6846071,-0.01738141,0.9982328,-0.05682686,0.6863314,-0.02941831,-0.7266937,static,-2.477403732982208,9.027653592250921,-8.486088106533682,10.96336419914047,1.6375028,0.35516433,-1.314966,-0.04269091787998475,0.15676810137495847,0.9867123568861722,-2.3340112041572434,8.454148306152147,6.1938037821084295,6.312785712709277,6.644111273178592
05/05/2023 11:40:15.532557,1683,True,True,True,True,Eyes,0.5550563,0.03439361,-3.577352,0.7085783,0.1317815,-0.6932174,0.0,0.0,0.0,0.0,0.0,0.0,0.0,-2.079192,-0.255361,-3.029279,0.6118738,0.0512594,-3.631495,-0.02214477,0.9263487,-0.02350715,0.3752801,1.5432,135.8472,356.6353,0.1380367,0.009148901,-0.9903845,0.1979101,-0.01202519,-0.1699032,2.264636,0.4136156,-4.925239,-0.3087003,0.4008,2.069,-0.7173492,-0.05867108,-0.6942393,-0.02338402,0.997914,-0.06017262,0.6963215,-0.02693066,-0.7172248,static,-2.01754429651815,9.017996489144448,-8.486081355767933,10.963361697755134,1.6527621999999997,0.3623562,-1.2937440000000002,-0.03477087268133783,0.15664990122877823,0.9870419086816389,-1.885471227360894,8.44170256204144,6.629875007005563,6.754732968945607,7.065891229275889
05/05/2023 11:40:15.542310,1684,True,True,True,True,Eyes,0.558283,0.03510006,-3.580167,0.7119087,0.1337862,-0.6894108,0.0,0.0,0.0,0.0,0.0,0.0,0.0,-2.121486,-0.2447969,-3.009811,0.6204996,0.05074053,-3.637581,-0.02623024,0.9235074,-0.02103702,0.3821041,1.077815,135.0102,356.2998,0.1395662,0.009184124,-0.9901698,0.1860355,-0.01130368,-0.159709,2.288142,0.4316344,-4.906669,-0.3087003,0.4008,2.068999,-0.7066168,-0.0645243,-0.7046481,-0.03237098,0.9977388,-0.05890104,0.7068554,-0.01881031,-0.7071077,static,-1.5006035086767313,8.690456166027262,-8.486085397587589,10.963366868230807,1.6676424,0.38089386999999997,-1.269088,-0.02588702387226932,0.1510455269541965,0.9881877890284496,-1.372719287854316,8.119582918359493,7.214207642526867,7.345956730099424,7.660749608533591
05/05/2023 11:40:15.562357,1685,True,True,True,True,Eyes,0.5617472,0.03583412,-3.583067,0.7156526,0.1355054,-0.6851858,0.0,0.0,0.0,0.0,0.0,0.0,0.0,-2.166923,-0.2643684,-2.984118,0.6290956,0.0503637,-3.64309,-0.02848217,0.9202508,-0.02310737,0.3896065,1.165217,134.0662,355.9607,0.1410172,0.009234432,-0.9899638,0.1748734,-0.01062546,-0.1501265,2.316128,0.4297521,-4.886747,-0.3087003,0.4008,2.069,-0.6947912,-0.07042706,-0.7157552,-0.03441593,0.9973096,-0.06472283,0.7183878,-0.02033547,-0.6953457,static,-0.9480955093377856,8.909770865150891,-8.486081355767933,10.963361697755134,1.6870324,0.3793884,-1.2436569999999998,-0.01634702580986508,0.1548581645982262,0.9878014281433287,-0.8400352678856522,8.329308737946395,7.674341065887562,7.812711816567754,8.087042461437749
05/05/2023 11:40:15.583157,1686,True,True,True,True,Eyes,0.5654438,0.03657093,-3.586063,0.7195525,0.137647,-0.6806596,0.0,0.0,0.0,0.0,0.0,0.0,0.0,-2.214246,-0.2823941,-2.956124,0.6377776,0.05175042,-3.648543,-0.03172885,0.9167401,-0.02444041,0.3974714,1.122404,133.0761,355.5483,0.1424044,0.009299041,-0.9897646,0.164381,-0.009987934,-0.1411189,2.343792,0.4346923,-4.864916,-0.3087,0.4008,2.068999,-0.6820195,-0.07760295,-0.727205,-0.0387455,0.9967919,-0.07003363,0.7303069,-0.01958838,-0.6828382,static,-0.3742927333936289,9.032711259206781,-8.486077270749078,10.963366868230807,1.7060144000000002,0.38294187999999996,-1.216373,-0.006451585894015344,0.15699506137942104,0.9875783086314391,-0.2839950973441052,8.445122661037939,8.192745134016134,8.33837390989004,8.57995954922563
05/05/2023 11:40:15.592960,1687,True,True,True,True,Eyes,0.5693512,0.03726476,-3.589128,0.723718,0.1394988,-0.6758493,0.0,0.0,0.0,0.0,0.0,0.0,0.0,-2.258393,-0.2687608,-2.932621,0.647009,0.05244889,-3.653965,-0.03712018,0.91344,-0.02091722,0.404737,0.4678503,132.1848,355.1384,0.1437396,0.009376517,-0.9895709,0.1545181,-0.009388658,-0.1326518,2.366371,0.4610605,-4.842884,-0.3087005,0.4008,2.069,-0.6696205,-0.08474607,-0.7378529,-0.05088218,0.9963691,-0.06826107,0.7409588,-0.00816544,-0.6715012,static,0.12973572054976298,8.528568417956599,-8.486086773657577,10.963361697755134,1.719362,0.40861161,-1.1889189999999998,0.0022392749127000955,0.14830215221976734,0.9889395291577642,0.22092966338193296,7.951257175624084,8.802692826182733,8.953246091057773,9.213300651076057
05/05/2023 11:40:15.612824,1688,True,True,True,True,Eyes,0.5734813,0.03794859,-3.592239,0.7280933,0.1413484,-0.6707464,0.0,0.0,0.0,0.0,0.0,0.0,0.0,-2.301087,-0.2777204,-2.906226,0.6560966,0.05216505,-3.658565,-0.03966589,0.910091,-0.02132982,0.4119538,0.3519779,131.2763,354.8494,0.1450331,0.009464316,-0.9893814,0.145247,-0.008825338,-0.1246927,2.392056,0.4663419,-4.821148,-0.3087001,0.4008,2.068999,-0.6574413,-0.08977293,-0.7481387,-0.05462533,0.9959433,-0.07150519,0.751523,-0.006143137,-0.659678,static,0.6051332268935047,8.567393256667117,-8.486079979695285,10.963366868230807,1.7359594,0.41417685,-1.1625830000000001,0.010443532622892993,0.1489644954514438,0.9887873727559743,0.6833096998562804,7.98588055753512,9.245510341268968,9.401640660808303,9.640701832638896
05/05/2023 11:40:15.632898,1689,True,True,True,True,Eyes,0.577821,0.03861144,-3.595371,0.7327002,0.1430228,-0.6653532,0.0,0.0,0.0,0.0,0.0,0.0,0.0,-2.344433,-0.2851586,-2.878299,0.6655099,0.05259329,-3.662869,-0.04107011,0.9066501,-0.02169364,0.419319,0.280413,130.3466,354.683,0.146295,0.009561109,-0.9891946,0.1365322,-0.008295818,-0.1172111,2.418909,0.4701439,-4.797744,-0.3087006,0.4008,2.069,-0.6449698,-0.09266556,-0.7585694,-0.05627934,0.9956853,-0.07378004,0.7621332,-0.00489411,-0.6474021,static,1.0950271672178287,8.643525910597576,-8.486089482602342,10.963361697755134,1.7533991000000002,0.41755061,-1.1348749999999996,0.01889369437792343,0.15025960171743874,0.9884660163883181,1.1588155684469332,8.056707723801473,9.695819732896206,9.857962991249167,10.073372363218606
05/05/2023 11:40:15.642674,1690,True,True,True,True,Eyes,0.5823632,0.03925133,-3.598497,0.7375944,0.1445482,-0.659591,0.0,0.0,0.0,0.0,0.0,0.0,0.0,-2.391012,-0.2824492,-2.846949,0.6748777,0.05280303,-3.666549,-0.04180511,0.9029624,-0.02082117,0.4271742,0.1080225,129.3591,354.6473,0.1475328,0.009665281,-0.9890097,0.1283403,-0.007798069,-0.1101784,2.446427,0.476751,-4.77044,-0.3087002,0.4007999,2.069,-0.6315491,-0.09328542,-0.7697036,-0.05770835,0.9956376,-0.07331759,0.7731853,-0.001885344,-0.6341774,static,1.6447120409236373,8.613726462996748,-8.486078646823053,10.963359028665995,1.7715492999999998,0.42394796999999995,-1.103891,0.02837821997245732,0.14971189541443494,0.9883223124660354,1.695461983720881,8.0240681227791,10.231363630935293,10.399696781761886,10.59732044626595
05/05/2023 11:40:15.662529,1691,True,True,True,True,Eyes,0.5870766,0.03991078,-3.601651,0.7426333,0.146449,-0.6534894,0.0,0.0,0.0,0.0,0.0,0.0,0.0,-2.441134,-0.2947362,-2.809152,0.6842007,0.05291004,-3.66966,-0.04118796,0.8988238,-0.02237981,0.4357966,0.2481983,128.2553,354.6322,0.1487547,0.009775463,-0.9888256,0.1206399,-0.007330185,-0.1035677,2.477427,0.4718641,-4.739948,-0.3087005,0.4007999,2.069001,-0.6167701,-0.09354752,-0.7815652,-0.05453534,0.9956053,-0.07613015,0.7852523,-0.004331866,-0.6191612,static,2.2630997322322925,8.926889201446082,-8.48608273183924,10.963353858196337,1.7932263000000002,0.41895406,-1.0702880000000001,0.03901068731643015,0.1550558984412258,0.9871351267257863,2.289837266864062,8.324669728945928,10.762424374242036,10.940389021606858,11.09428257042391
05/05/2023 11:40:15.682795,1692,True,True,True,True,Eyes,0.709878,0.05693701,-3.680092,0.8568096,0.1925249,-0.4783424,0.0,0.0,0.0,0.0,0.0,0.0,0.0,-2.491625,-0.3096575,-2.769304,0.6936351,0.05417209,-3.672745,-0.04116553,0.8944654,-0.02398424,0.4445918,0.3611047,127.1237,354.5504,0.1499671,0.009891609,-0.9886412,0.1134015,-0.006890374,-0.09735366,2.507936,0.4694297,-4.708395,-0.3087001,0.4008,2.069001,-0.6012874,-0.09496868,-0.7933694,-0.05231589,0.9954603,-0.07950987,0.7973188,-0.00630243,-0.6035261,static,-9.013688847359825,10.78301048191648,-8.486071896064805,10.963356527284281,1.8143009,0.41525761,-1.0356500000000004,-0.15397022411751415,0.1848590762472117,0.9706288020784053,-8.75301824911343,10.205427966504377,0.5532172497016008,0.557587969179444,0.8035645951955931
05/05/2023 11:40:15.692650,1693,True,True,True,True,Eyes,0.7102597,0.05695159,-3.680202,0.8569803,0.1931578,-0.4777812,0.0,0.0,0.0,0.0,0.0,0.0,0.0,-2.538197,-0.3100913,-2.732969,0.7032387,0.05534475,-3.67561,-0.04239828,0.890329,-0.02325151,0.4527429,0.1725723,126.0839,354.4594,0.1545044,0.01047857,-0.9879362,0.4750015,0.04460174,-0.3268366,2.534522,0.4778439,-4.677904,-0.3087002,0.4008,2.069,-0.5864526,-0.09655073,-0.8042085,-0.05444292,0.9953235,-0.07979401,0.8081518,-0.003011948,-0.5889665,static,-8.01106369497355,10.688574100814554,-8.486078646823053,10.963361697755134,1.8312833,0.42249915,-1.002294,-0.13699209287705771,0.18372207249986192,0.9733855412568494,-7.773094898895966,10.106893996199576,0.5340484323153009,0.5487690114364729,1.114397930999523
05/05/2023 11:40:15.712586,1694,True,True,True,True,Eyes,0.7110115,0.05699126,-3.680395,0.8574384,0.193827,-0.4766869,0.0,0.0,0.0,0.0,0.0,0.0,0.0,-2.580997,-0.3041276,-2.699321,0.7129059,0.05569444,-3.678183,-0.04311115,0.8864576,-0.02190354,0.4602768,359.9511,125.1228,354.4568,0.1583098,0.01097951,-0.9873281,0.4465014,0.04192564,-0.3072264,2.559383,0.486204,-4.648688,-0.3086998,0.4008,2.069,-0.5725737,-0.09659579,-0.8141432,-0.05626903,0.9953233,-0.07851924,0.8179203,0.0008530052,-0.5753313,static,-7.102537444848369,10.571556380428094,-8.486067811043153,10.963361697755134,1.8464771,0.43050956,-0.9705049999999997,-0.12157801399796858,0.1821024034707978,0.9757342965775251,-6.884292300378023,9.987012750518137,1.4049262960290578,1.4379386916238177,1.8758843390084932
05/05/2023 11:40:15.733068,1695,True,True,True,True,Eyes,0.7121269,0.05704604,-3.680658,0.857978,0.1948767,-0.475286,0.0,0.0,0.0,0.0,0.0,0.0,0.0,-2.620443,-0.3020303,-2.667065,0.7224699,0.05632292,-3.680495,-0.04294192,0.8827788,-0.02133144,0.4673357,359.8582,124.2141,354.5052,0.1615218,0.01140903,-0.9868029,0.4197113,0.0394101,-0.2887928,2.583733,0.4899595,-4.620898,-0.3087006,0.4008,2.069001,-0.559507,-0.09575434,-0.823276,-0.05587856,0.9954019,-0.07779847,0.8269402,0.002474701,-0.5622848,static,-6.272575755636116,10.607476153816917,-8.486085440782752,10.963356527284281,1.8612631,0.43363658,-0.9404030000000003,-0.1074131878565171,0.18301460347571807,0.9772246519976951,-6.076198083449619,10.016458274968999,2.1957451297858244,2.241935763231683,2.589241853375579
05/05/2023 11:40:15.742818,1696,True,True,True,True,Eyes,0.7135773,0.05709376,-3.680979,0.8587621,0.1958297,-0.4734747,0.0,0.0,0.0,0.0,0.0,0.0,0.0,-2.655026,-0.2926894,-2.639477,0.7321316,0.05669222,-3.68272,-0.04256855,0.87951,-0.01988344,0.4735556,359.6939,123.4156,354.6228,0.1643695,0.0117901,-0.9863281,0.3945286,0.03704549,-0.2714652,2.605761,0.4957034,-4.595673,-0.3087001,0.4008,2.069001,-0.5478664,-0.09371076,-0.8313009,-0.05604711,0.9955851,-0.07529251,0.8346866,0.005341788,-0.5506998,static,-5.55864587805753,10.562989813928429,-8.486071896064805,10.963356527284281,1.8736294000000002,0.43901118,-0.9129529999999995,-0.09523809497810326,0.18248311644132073,0.9785854713909232,-5.379046668998047,9.968439376491949,2.895765007146048,2.9546770713682573,3.2624325124927833
05/05/2023 11:40:15.762548,1697,True,True,True,True,Eyes,0.7153615,0.05713094,-3.681332,0.8596419,0.1967507,-0.4714921,0.0,0.0,0.0,0.0,0.0,0.0,0.0,-2.686325,-0.2903384,-2.61308,0.7415648,0.05657958,-3.684522,-0.04081595,0.8764631,-0.01992881,0.4793219,359.7597,122.664,354.7988,0.1669671,0.01213403,-0.9858876,0.3708569,0.03482277,-0.2551773,2.628142,0.4923879,-4.571987,-0.3087004,0.4008,2.069001,-0.5371694,-0.09065197,-0.8385891,-0.05244271,0.9958737,-0.07406169,0.8418428,0.004194217,-0.5397069,static,-4.9170280043596115,10.745030679501722,-8.48608002289569,10.963356527284281,1.8865772,0.43580831999999997,-0.8874650000000002,-0.0842209320754882,0.18577641348908125,0.9789758900708329,-4.758492005784372,10.141307415300396,3.508875369710652,3.5757234913827483,3.8171556384073972
05/05/2023 11:40:15.782666,1698,True,True,True,True,Eyes,0.717443,0.05713442,-3.681735,0.8607188,0.1974717,-0.4692208,0.0,0.0,0.0,0.0,0.0,0.0,0.0,-2.713793,-0.2936285,-2.588306,0.7512904,0.05603659,-3.685463,-0.0385257,0.8736057,-0.02103278,0.4846509,359.9659,121.961,354.9687,0.1693478,0.01244417,-0.9854775,0.3486055,0.0327334,-0.2398667,2.650604,0.4835947,-4.549465,-0.3087007,0.4007999,2.068999,-0.5272586,-0.08769965,-0.845167,-0.04692543,0.9961468,-0.07409175,0.8484082,0.0005943158,-0.5293423,static,-4.356930302852666,11.047345614649462,-8.486096233371734,10.96336419914047,1.8993136,0.42755811,-0.8640019999999997,-0.07456964101228969,0.1910865859285953,0.978736619037227,-4.220646525120124,10.43174082682475,4.057774356954328,4.130019874033332,4.298451421572202
05/05/2023 11:40:15.792421,1699,True,True,True,True,Eyes,0.7198455,0.05709906,-3.682107,0.8618523,0.1980442,-0.466893,0.0,0.0,0.0,0.0,0.0,0.0,0.0,-2.737619,-0.2980967,-2.567687,0.7604606,0.05526571,-3.68715,-0.03630523,0.8711128,-0.02234302,0.4892294,0.1950016,121.3533,355.1174,0.1715415,0.01272305,-0.9850945,0.3276891,0.03076939,-0.2254747,2.67085,0.4738419,-4.530893,-0.3087,0.4008,2.069,-0.5186731,-0.08511363,-0.8507256,-0.04139017,0.9963655,-0.07444976,0.8539702,-0.003403412,-0.5203108,static,-3.8992783615631157,11.352835201479625,-8.48607322893318,10.963361697755134,1.9103894000000001,0.41857618999999996,-0.8437429999999999,-0.06667812626231939,0.19641224642500324,0.9782516151534635,-3.782752678573603,10.725942488381401,4.526765247405148,4.603300638176458,4.709309087373047
05/05/2023 11:40:15.812564,1700,True,True,True,True,Eyes,0.7225221,0.05703307,-3.682514,0.8630878,0.1984217,-0.4644441,0.0,0.0,0.0,0.0,0.0,0.0,0.0,-2.755763,-0.3097258,-2.551733,0.7695195,0.05450755,-3.688682,-0.03376389,0.8690673,-0.02479619,0.4929169,0.5622835,120.8546,355.2312,0.1735752,0.01297274,-0.984735,0.3080278,0.02892323,-0.2119462,2.689876,0.4592592,-4.516391,-0.3087,0.4007999,2.068999,-0.5117857,-0.0831311,-0.8550814,-0.03424126,0.9964903,-0.07638469,0.8584303,-0.009813542,-0.512836,static,-3.5764761106837764,11.772685144831634,-8.486077270749078,10.96336419914047,1.9203565,0.40475164999999996,-0.8277089999999996,-0.06107350958369023,0.20364850598804668,0.9771373270940513,-3.4793952451084174,11.132309225008663,4.898517384198948,4.9758601210292275,5.009531647533417
05/05/2023 11:40:15.832612,1701,True,True,True,True,Eyes,0.7254769,0.0569286,-3.682935,0.864343,0.198916,-0.4618912,0.0,0.0,0.0,0.0,0.0,0.0,0.0,-2.767914,-0.3172548,-2.542318,0.7787547,0.05374293,-3.689991,-0.03204405,0.8675501,-0.02645392,0.495611,0.810042,120.4902,355.3063,0.1754717,0.01319529,-0.9843958,0.2895461,0.02718784,-0.1992294,2.706107,0.4491667,-4.505866,-0.3087,0.4008,2.069,-0.5066859,-0.08182133,-0.8582393,-0.02937793,0.9965467,-0.07766296,0.86163,-0.01413743,-0.5073398,static,-3.3889930210171144,12.067154262626277,-8.48607322893318,10.963361697755134,1.9273523,0.39542376999999995,-0.8158750000000001,-0.05781277309620547,0.20870832406887563,0.976267584258398,-3.3045700738207757,11.417579754959089,5.137753298959748,5.2152262340376465,5.20137375987632
05/05/2023 11:40:15.843639,1702,True,True,True,True,Eyes,0.7286919,0.05678482,-3.683363,0.8656484,0.1993347,-0.4592586,0.0,0.0,0.0,0.0,0.0,0.0,0.0,-2.777234,-0.3204213,-2.536255,0.7881758,0.05268582,-3.691109,-0.03091731,0.8662876,-0.02736947,0.4978361,0.9532261,120.1914,355.3638,0.1772519,0.01339239,-0.9840741,0.2721734,0.02555657,-0.1872756,2.720815,0.4426472,-4.497045,-0.3087005,0.4008,2.069,-0.5024069,-0.0808176,-0.8608463,-0.02631554,0.9965901,-0.07820319,0.864231,-0.01663617,-0.5028205,static,-3.2652413926138464,12.246581407714384,-8.486086773657577,10.963361697755134,1.9326392000000001,0.38996138,-0.805936,-0.05566627341717406,0.21179045214887143,0.975728449468924,-3.1887707847119793,11.591338889001028,5.298327655839114,5.376232818321167,5.3344083120308445
05/05/2023 11:40:15.862650,1703,True,True,True,True,Eyes,0.7320976,0.05660596,-3.683911,0.8678082,0.2005569,-0.4546271,0.0,0.0,0.0,0.0,0.0,0.0,0.0,-2.785995,-0.31982,-2.530553,0.7976211,0.05161187,-3.691731,-0.02997455,0.8650598,-0.02770935,0.5000054,1.029409,119.9031,355.4355,0.1789335,0.01356544,-0.9837674,0.255843,0.02402317,-0.1760391,2.734998,0.4384683,-4.487726,-0.3087011,0.4007999,2.069,-0.4981926,-0.07956921,-0.863408,-0.02414991,0.9966674,-0.07791536,0.8667302,-0.01796562,-0.4984539,static,-3.2729077180992685,12.397197407053707,-8.486103027325594,10.963359028665995,1.9373769,0.38685643,-0.7959950000000005,-0.0557649168559472,0.21435347763573548,0.9751629622031261,-3.200303652084628,11.737936723500395,5.330954113395546,5.40678257630884,5.342250990044624
05/05/2023 11:40:15.883231,1704,True,True,True,True,Eyes,0.7357622,0.05638641,-3.684435,0.869961,0.2018551,-0.4499138,0.0,0.0,0.0,0.0,0.0,0.0,0.0,-2.797159,-0.3117572,-2.523019,0.8073202,0.05039611,-3.692235,-0.02977304,0.8636057,-0.02678401,0.5025749,0.9359838,119.5688,355.5059,0.180532,0.01371602,-0.9834732,0.2404924,0.02258178,-0.1654768,2.74901,0.4402983,-4.476144,-0.3087007,0.4007999,2.069,-0.4930642,-0.07834628,-0.8664583,-0.02450239,0.9967923,-0.07618801,0.869648,-0.01633527,-0.4934023,static,-3.223703664265307,12.385805881391562,-8.486092191547069,10.963359028665995,1.9416898000000002,0.38990219,-0.7839089999999995,-0.054929725152155606,0.2141695337918813,0.975250832574639,-3.1520315702254234,11.726526654188206,5.374158574002397,5.451246468551535,5.388378934018975
05/05/2023 11:40:15.892887,1705,True,True,True,True,Eyes,0.7397652,0.05614368,-3.68479,0.8721919,0.2032927,-0.4449196,0.0,0.0,0.0,0.0,0.0,0.0,0.0,-2.810641,-0.3026841,-2.512298,0.8171723,0.0491733,-3.692259,-0.03039715,0.8618338,-0.02544717,0.5056393,0.7518833,119.1701,355.5186,0.1820612,0.01384514,-0.9831895,0.2260629,0.02122687,-0.1555482,2.763211,0.4456815,-4.461941,-0.3087007,0.4007999,2.068999,-0.4868098,-0.07812876,-0.8700069,-0.02666041,0.9968569,-0.07460244,0.8731009,-0.01312246,-0.4873626,static,-3.1322334791224327,12.292148181623096,-8.486096233371734,10.96336419914047,1.9460387000000001,0.3965082,-0.7696820000000004,-0.05339152830063154,0.21259283487339253,0.9756811538762433,-3.060340323851316,11.634792607158994,5.435982861251554,5.516295248030176,5.467142150775855
05/05/2023 11:40:15.912433,1706,True,True,True,True,Eyes,0.7440122,0.0558607,-3.685108,0.8744051,0.2048113,-0.4398499,0.0,0.0,0.0,0.0,0.0,0.0,0.0,-2.825098,-0.2982203,-2.499788,0.8271748,0.04794752,-3.692226,-0.03171153,0.859862,-0.02452237,0.5089503,0.5668091,118.7351,355.4402,0.1835378,0.01395443,-0.9829133,0.2124991,0.01995326,-0.1462153,2.777594,0.4515323,-4.446999,-0.3087002,0.4008,2.069,-0.479928,-0.07949642,-0.8736989,-0.02957374,0.9967861,-0.0744509,0.8768094,-0.00989252,-0.4807365,static,-3.0281579933382474,12.199881091014772,-8.486078646823053,10.963361697755134,1.9504192000000002,0.40358478,-0.7547730000000001,-0.051636919526761915,0.21104083494139517,0.976112327845897,-2.9563986731284664,11.544328009524202,5.512489071650063,5.596237849631053,5.560115328560147
05/05/2023 11:40:15.932292,1707,True,True,True,True,Eyes,0.7484847,0.0555314,-3.685404,0.8766505,0.2065193,-0.4345499,0.0,0.0,0.0,0.0,0.0,0.0,0.0,-2.838911,-0.2941209,-2.48721,0.8372808,0.04666642,-3.691735,-0.03312126,0.8578847,-0.02362715,0.5122291,0.3785792,118.3032,355.3519,0.1849738,0.01404481,-0.9826429,0.1997492,0.01875607,-0.1374424,2.79185,0.4574839,-4.431727,-0.3087001,0.4008,2.069001,-0.4730489,-0.08103348,-0.877302,-0.03262342,0.9966895,-0.07447011,0.8804322,-0.006607399,-0.4741265,static,-2.9429943511094763,12.114257708407786,-8.486071896064805,10.963356527284281,1.9545692000000001,0.41081748,-0.7399920000000004,-0.05020192967619164,0.2095972478217281,0.9764981802210867,-2.871071715031036,11.460453048102714,5.5746639193294305,5.661296865392194,5.636961236696511
05/05/2023 11:40:15.942470,1708,True,True,True,True,Eyes,0.7531854,0.05516043,-3.685638,0.8788751,0.2082351,-0.4292046,0.0,0.0,0.0,0.0,0.0,0.0,0.0,-2.851768,-0.287226,-2.47576,0.8474273,0.04521127,-3.691109,-0.03443873,0.8560057,-0.02240019,0.5153314,0.16356,117.8958,355.2938,0.1863788,0.01411693,-0.9823763,0.1877642,0.0176307,-0.1291958,2.80563,0.4640798,-4.41684,-0.3087005,0.4008,2.068999,-0.466495,-0.08204653,-0.8807103,-0.03587246,0.9966244,-0.07384408,0.883796,-0.002854655,-0.4678636,static,-2.8754423256124935,12.00221656262067,-8.486090815479736,10.963366868230807,1.9582026999999997,0.41886853,-0.7257309999999997,-0.049070913011456996,0.2076990024137811,0.976961133733437,-2.8022008502950864,11.350990809656393,5.61662949269555,5.706013070821297,5.697092017537812
05/05/2023 11:40:15.963008,1709,True,True,True,True,Eyes,0.7581087,0.05474356,-3.685807,0.8811511,0.2099969,-0.4236438,0.0,0.0,0.0,0.0,0.0,0.0,0.0,-2.863356,-0.2847187,-2.464343,0.8575985,0.04382311,-3.689914,-0.03518584,0.8541765,-0.02196741,0.5183262,0.06030973,117.4976,355.2457,0.1877624,0.01417154,-0.9821119,0.1764984,0.01657286,-0.1214441,2.819962,0.4666518,-4.401982,-0.3087004,0.4008,2.069,-0.4601999,-0.0828824,-0.8839381,-0.03733726,0.9965588,-0.07400356,0.8870299,-0.001052604,-0.4617108,static,-2.8382114114170753,12.00339962518384,-8.486084064712776,10.963361697755134,1.9623635,0.42282869,-0.7120680000000004,-0.0484357948947684,0.20772563698242147,0.9769872372924935,-2.765939337486952,11.351895015955344,5.652659220249934,5.742834178202919,5.733324850360484
05/05/2023 11:40:15.982934,1710,True,True,True,True,Eyes,0.7632422,0.05426657,-3.6859,0.8833971,0.2117289,-0.4180676,0.0,0.0,0.0,0.0,0.0,0.0,0.0,-2.874077,-0.2779811,-2.454247,0.8678488,0.04227937,-3.688627,-0.0360463,0.8524481,-0.02093587,0.5211473,359.8924,117.1251,355.2231,0.1891321,0.01420915,-0.9818486,0.1659085,0.01557849,-0.1141574,2.833612,0.4712783,-4.387504,-0.3087002,0.4008,2.069,-0.4542122,-0.08327655,-0.8869928,-0.03963386,0.9965247,-0.07326435,0.8900114,0.001877383,-0.4559343,static,-2.815427922655524,11.937765184273676,-8.486078646823053,10.963361697755134,1.9657632,0.42899893,-0.698877,-0.04805889973363364,0.20661009709084668,0.9772423913696558,-2.7419605008335153,11.287882650912263,5.662367789124201,5.753758927000783,5.753277946016887
05/05/2023 11:40:15.993000,1711,True,True,True,True,Eyes,0.768593,0.05376209,-3.68589,0.8856479,0.2134051,-0.412415,0.0,0.0,0.0,0.0,0.0,0.0,0.0,-2.883345,-0.2726016,-2.445005,0.8780243,0.04035138,-3.686934,-0.03606727,0.8508561,-0.02043156,0.5237612,359.8274,116.7768,355.2517,0.1904951,0.01422989,-0.9815848,0.1559539,0.01464378,-0.107308,2.847661,0.4715609,-4.373438,-0.3087007,0.4008,2.069,-0.448747,-0.08277863,-0.8898169,-0.0399736,0.9965634,-0.0725499,0.8927645,0.003012636,-0.4505138,static,-2.8195544526204452,11.971796196218007,-8.486092191547069,10.963361697755134,1.9696367000000001,0.43120952,-0.6865040000000002,-0.048123250867071254,0.20718985316086236,0.9771164665374263,-2.7469003661770275,11.3210216545335,5.664642392665495,5.75557035265574,5.750325508445328
05/05/2023 11:40:16.012475,1712,True,True,True,True,Eyes,0.7741398,0.05324437,-3.685791,0.887798,0.2151049,-0.4068719,0.0,0.0,0.0,0.0,0.0,0.0,0.0,-2.888901,-0.2743938,-2.439309,0.8882357,0.03913653,-3.685209,-0.03622269,0.8495768,-0.02080158,0.5258086,359.8426,116.4993,355.2146,0.1918582,0.01423476,-0.9813192,0.1465967,0.01376515,-0.1008695,2.861153,0.4699749,-4.362463,-0.308701,0.4008,2.069,-0.4444267,-0.0834232,-0.8919225,-0.0396726,0.9965104,-0.07343747,0.8949365,0.002747331,-0.4461854,static,-2.90775030929113,12.079593243311656,-8.48610031838102,10.963361697755134,1.9729172999999998,0.43083836999999997,-0.677254,-0.04960760530982883,0.20901265628242824,0.9766539534690921,-2.835780836275605,11.426491350315885,5.601129188608643,5.688933264436196,5.669267970817841
05/05/2023 11:40:16.032930,1713,True,True,True,True,Eyes,0.9176475,0.03988895,-3.680666,0.9264513,0.2514234,-0.2801328,0.0,0.0,0.0,0.0,0.0,0.0,0.0,-2.889894,-0.2749366,-2.438468,0.8984973,0.03827669,-3.682994,-0.03766637,0.8486857,-0.02055739,0.5271537,359.7239,116.3196,355.089,0.1932265,0.01422501,-0.9810508,0.1378009,0.01293924,-0.09481733,2.872309,0.4739969,-4.354494,-0.3087001,0.4007999,2.069,-0.4413802,-0.08560763,-0.893227,-0.04226001,0.9963173,-0.07460546,0.8963244,0.004818412,-0.4433725,static,-10.677755320908723,13.657122090039046,-8.486075937878136,10.963359028665995,1.9738117,0.43572021,-0.6715,-0.18021892604892503,0.23224506742002932,0.9558156152354534,-10.4526483583351,13.012928476904419,3.355972165429103,3.4727248593603335,2.840447501372684
05/05/2023 11:40:16.042663,1714,True,True,True,True,Eyes,0.918061,0.03982256,-3.680552,0.9264337,0.2515266,-0.2800981,0.0,0.0,0.0,0.0,0.0,0.0,0.0,-2.887072,-0.2764419,-2.441753,0.9087188,0.0373113,-3.680571,-0.03944327,0.8481612,-0.02038254,0.5278744,359.5951,116.2237,354.9267,0.1987368,0.01381964,-0.9799552,0.560056,-0.02790338,-0.07375315,2.882229,0.4784499,-4.349412,-0.3087002,0.4007999,2.068999,-0.4395856,-0.08842734,-0.8938372,-0.04538965,0.9960575,-0.07621755,0.8970531,0.007066824,-0.4418662,static,-10.60597358260509,13.509776629125497,-8.486082688641455,10.96336419914047,1.9735102000000002,0.4411386,-0.668841,-0.17912672749068603,0.22983285060747893,0.9566036028089053,-10.37870272403033,12.8690876466392,3.2024104525786186,3.3133296947168107,2.6858504159207803
05/05/2023 11:40:16.062357,1715,True,True,True,True,Eyes,0.9188693,0.03968554,-3.680309,0.9263924,0.2513887,-0.2803587,0.0,0.0,0.0,0.0,0.0,0.0,0.0,-2.882701,-0.2727287,-2.4469,0.9190643,0.03562558,-3.677732,-0.0407254,0.8478324,-0.01976508,0.5283285,359.4547,116.1662,354.8395,0.2033573,0.01347266,-0.9790117,0.5264526,-0.02622917,-0.06932796,2.891979,0.4822403,-4.344694,-0.3087004,0.4008,2.069,-0.438421,-0.08994153,-0.8942581,-0.04817173,0.9959015,-0.07654771,0.8974779,0.009517831,-0.4409567,static,-10.534525954566265,13.349023896111571,-8.486084064712776,10.963361697755134,1.9729147,0.44661472,-0.6669619999999998,-0.17804699787666234,0.2271933094672673,0.9574354414849904,-10.304721417410112,12.712203967376736,3.0395418628312143,3.1444392665105494,2.523071759709028
05/05/2023 11:40:16.083057,1716,True,True,True,True,Eyes,0.9200505,0.03959276,-3.679949,0.926457,0.250923,-0.2805619,0.0,0.0,0.0,0.0,0.0,0.0,0.0,-2.878287,-0.2751408,-2.451145,0.9291412,0.03379156,-3.674767,-0.04066147,0.84752,-0.02045299,0.5288083,359.5224,116.0976,354.8043,0.2072595,0.01317242,-0.978197,0.4948654,-0.02465542,-0.06516828,2.903209,0.4781313,-4.339833,-0.3087005,0.4007999,2.068999,-0.4374169,-0.09055422,-0.8946878,-0.04729139,0.9958566,-0.07767285,0.8980143,0.008335609,-0.4398869,static,-10.470869069531206,13.386312151529584,-8.486090815479736,10.96336419914047,1.9740677999999998,0.44433974,-0.6650659999999995,-0.17695473989794464,0.22786194292601214,0.9574789081244786,-10.24367251949482,12.74806271528005,3.0288587112507543,3.1320953845217105,2.50484375556628
05/05/2023 11:40:16.093235,1717,True,True,True,True,Eyes,0.9215764,0.03978608,-3.679482,0.926566,0.2502062,-0.2808422,0.0,0.0,0.0,0.0,0.0,0.0,0.0,-2.874682,-0.2979329,-2.451881,0.9392526,0.03483002,-3.671632,-0.03840654,0.8470094,-0.02425364,0.5296338,0.02310845,115.9636,354.7931,0.2108004,0.01289962,-0.9774436,0.4651735,-0.0231761,-0.06125819,2.918255,0.4611569,-4.333818,-0.3087001,0.4008,2.069,-0.4360261,-0.09075247,-0.8953465,-0.0393703,0.9958734,-0.0817689,0.8990725,-0.0004033155,-0.4377998,static,-10.389672268519355,13.848983470037913,-8.486075937878136,10.963361697755134,1.9790023999999997,0.42632687999999996,-0.6621860000000002,-0.17526268537610978,0.2356586793492589,0.9559016759779209,-10.176990828145414,13.19769617009558,3.348455152698375,3.456948365640297,2.802042772767122
05/05/2023 11:40:16.112932,1718,True,True,True,True,Eyes,0.9235125,0.04012052,-3.678958,0.9263026,0.2507586,-0.2812183,0.0,0.0,0.0,0.0,0.0,0.0,0.0,-2.870732,-0.327078,-2.452756,0.9487914,0.04187407,-3.669078,-0.03929665,0.8463783,-0.02709395,0.5304391,0.2391818,115.8365,354.5335,0.2140259,0.01265909,-0.9767455,0.4372631,-0.02178553,-0.0575827,2.929852,0.4616184,-4.329313,-0.3087009,0.4007999,2.069,-0.4341803,-0.09526303,-0.8957748,-0.03777628,0.9954434,-0.0875524,0.9000335,-0.004174491,-0.4358007,static,-10.333139157119167,14.061200882657701,-8.486097609436408,10.963359028665995,1.9810606,0.41974433,-0.6602350000000001,-0.17416218064542904,0.23924506530017392,0.9552117294390572,-10.127601225992988,13.403805474339846,3.497081122257115,3.606686378271487,2.9411414412384973
05/05/2023 11:40:16.132787,1719,True,True,True,True,Eyes,0.9257637,0.04049051,-3.678347,0.9259497,0.2515133,-0.2817059,0.0,0.0,0.0,0.0,0.0,0.0,0.0,-2.856918,-0.2719621,-2.477358,0.9606517,0.04530872,-3.667198,-0.05065522,0.8470418,-0.01561205,0.5288767,358.4452,116.12,354.1246,0.2169783,0.01245134,-0.9760966,0.4110273,-0.0204784,-0.05412773,2.924315,0.5315825,-4.333728,-0.3086997,0.4008,2.069,-0.4354469,-0.1023279,-0.8943796,-0.06930048,0.9943806,-0.08002883,0.897543,0.02713262,-0.4400915,static,-10.425858716281892,12.229015501411043,-8.486065102098083,10.963361697755134,1.9636633,0.48627378,-0.6665299999999998,-0.17698682670293459,0.20847579684829703,0.9618801933733137,-10.16860268860229,11.621732814464314,2.2412580685872583,2.3161776305665667,1.8067609851101762
05/05/2023 11:40:16.142754,1720,True,True,True,True,Eyes,0.9283573,0.04102258,-3.677655,0.9255722,0.2522282,-0.2823066,0.0,0.0,0.0,0.0,0.0,0.0,0.0,-2.842763,-0.2646939,-2.493761,0.9706046,0.04649169,-3.664146,-0.05332282,0.8476837,-0.01382574,0.5276343,358.1186,116.2993,353.9701,0.2196938,0.01227405,-0.9754913,0.3863657,-0.0192497,-0.05088007,2.929122,0.5451958,-4.336605,-0.3087005,0.4007999,2.069001,-0.4375178,-0.1049917,-0.8930596,-0.07581192,0.9939311,-0.07970961,0.8960084,0.03283019,-0.4428221,static,-10.552332712178226,11.910046930119382,-8.48608273183924,10.963353858196337,1.9585173999999999,0.49870411000000003,-0.6724589999999995,-0.1793192975187155,0.20303060381208504,0.9626126646500839,-10.283294700525758,11.312220123293589,2.2044135479220897,2.272799321030775,1.830759004160017
05/05/2023 11:40:16.162636,1721,True,True,True,True,Eyes,0.931271,0.041627,-3.676879,0.9250917,0.2534022,-0.2828297,0.0,0.0,0.0,0.0,0.0,0.0,0.0,-2.82722,-0.2781737,-2.51028,0.9814191,0.05090489,-3.661459,-0.05452917,0.8483393,-0.01493115,0.5264258,358.1618,116.4576,353.783,0.2222052,0.01212847,-0.9749241,0.3631837,-0.01809471,-0.04782727,2.937755,0.5489249,-4.340741,-0.3087,0.4008,2.069,-0.439805,-0.1082387,-0.891547,-0.07679819,0.9936073,-0.08274446,0.8948036,0.03207776,-0.4453059,static,-10.722340593101805,11.982445724474411,-8.48607322893318,10.963361697755134,1.9563359,0.49802001000000007,-0.6792820000000006,-0.18213186457288,0.2041394983572874,0.9618497890489248,-10.450972983720693,11.38379040891613,2.382999406657698,2.457523952591321,2.0093758601945346
05/05/2023 11:40:16.182326,1722,True,True,True,True,Eyes,0.9344702,0.04226482,-3.676007,0.9246811,0.2543008,-0.2833655,0.0,0.0,0.0,0.0,0.0,0.0,0.0,-2.813856,-0.2450009,-2.528706,0.9921119,0.05314228,-3.658559,-0.05983793,0.8489075,-0.00870511,0.5250713,357.2454,116.6775,353.6349,0.2245415,0.01201334,-0.9743901,0.3413927,-0.01700903,-0.04495763,2.937944,0.5846288,-4.342633,-0.3086997,0.4008,2.069001,-0.4414393,-0.1107353,-0.8904321,-0.09245212,0.9926873,-0.07761801,0.8925157,0.04805868,-0.4484489,static,-10.801590589196577,11.082952192977222,-8.486061060289764,10.963356527284281,1.9458320999999998,0.53148652,-0.6840740000000003,-0.18403286074339087,0.1889467172154381,0.9645885570481398,-10.50398312190066,10.509122909251378,2.2744350905449786,2.3186159928914374,2.0684142782545356
05/05/2023 11:40:16.194844,1723,True,True,True,True,Eyes,0.9379597,0.04294378,-3.675083,0.9243477,0.254944,-0.2838748,0.0,0.0,0.0,0.0,0.0,0.0,0.0,-2.804157,-0.2586107,-2.537453,1.002148,0.05463094,-3.655346,-0.05808646,0.8491395,-0.01106687,0.5248482,357.5826,116.6939,353.6638,0.2267281,0.01192652,-0.9738848,0.3209092,-0.01598849,-0.04226017,2.95065,0.5739338,-4.341174,-0.3087012,0.4007999,2.069,-0.4423209,-0.1102639,-0.8900532,-0.08703016,0.9930069,-0.0797678,0.8926244,0.04217851,-0.448824,static,-10.831808462885844,11.464698320079105,-8.48610573627013,10.963359028665995,1.948502,0.51930286,-0.6858279999999994,-0.18430560436352045,0.19535910553440816,0.963258158434863,-10.543729369681554,10.880756267980468,2.340066450248383,2.398679296356017,2.0592809990008893
05/05/2023 11:40:16.212542,1724,True,True,True,True,Eyes,0.9417106,0.04359781,-3.674095,0.9240066,0.255665,-0.2843365,0.0,0.0,0.0,0.0,0.0,0.0,0.0,-2.796172,-0.243621,-2.548455,1.012764,0.056316,-3.6529,-0.05649876,0.8494849,-0.009409619,0.5244949,357.5195,116.7472,353.9175,0.2287879,0.01186625,-0.9734037,0.3016546,-0.01502918,-0.03972456,2.96102,0.5767115,-4.338598,-0.3087005,0.4007999,2.069,-0.443426,-0.1058603,-0.8900377,-0.08611909,0.9934387,-0.07525328,0.8921641,0.04327996,-0.4496332,static,-10.798170317663569,11.490236627369175,-8.486086773657577,10.963359028665995,1.948256,0.5203955,-0.6856980000000004,-0.18372319570989326,0.1958101582690041,0.9632778433959862,-10.51162660868682,10.905381569150622,2.312448618741184,2.3713562192295226,2.0263694157537384
05/05/2023 11:40:16.232706,1725,True,True,True,True,Eyes,0.945701,0.04418822,-3.673051,0.9239374,0.2557858,-0.2844527,0.0,0.0,0.0,0.0,0.0,0.0,0.0,-2.788687,-0.211881,-2.55987,1.022784,0.05637034,-3.650388,-0.05440682,0.8499581,-0.005813031,0.5240015,357.2982,116.8258,354.3363,0.2307401,0.01182923,-0.9729432,0.2835553,-0.01412743,-0.03734109,2.969793,0.5827278,-4.335079,-0.3087003,0.4007999,2.069,-0.444925,-0.0985791,-0.8901259,-0.08639495,0.9940122,-0.06690016,0.891391,0.04713684,-0.4507776,static,-10.755874754873828,11.349158468174608,-8.486081355767933,10.963359028665995,1.9470090000000002,0.52635746,-0.6846910000000004,-0.18309906495645917,0.19346062424611343,0.9638712322795328,-10.466593580671834,10.767834260866728,2.2493513226110595,2.3023473417687983,1.9901403487736127
05/05/2023 11:40:16.242631,1726,True,True,True,True,Eyes,0.949942,0.04478315,-3.671965,0.9239125,0.2558189,-0.2845035,0.0,0.0,0.0,0.0,0.0,0.0,0.0,-2.78407,-0.1988032,-2.566233,1.03257,0.05568525,-3.647851,-0.04912543,0.8501703,-0.00573399,0.5241795,357.6071,116.795,354.8583,0.2326017,0.01181147,-0.9725,0.266542,-0.01327978,-0.03510062,2.984303,0.5685493,-4.329325,-0.3087002,0.4008,2.068999,-0.4456449,-0.08954124,-0.8907203,-0.07751868,0.9951076,-0.06125081,0.8918471,0.04175135,-0.4504059,static,-10.660069394921427,11.756150471296637,-8.486082688641455,10.963366868230807,1.9517330000000002,0.51286405,-0.6814739999999997,-0.18123026829857852,0.20037292464048406,0.9628115805749089,-10.384170451877898,11.163195742651359,2.2484445111570617,2.314027666293574,1.9085776735569628
05/05/2023 11:40:16.262549,1727,True,True,True,True,Eyes,0.9544187,0.04543541,-3.670815,0.9240121,0.2557409,-0.2842505,0.0,0.0,0.0,0.0,0.0,0.0,0.0,-2.779392,-0.1809093,-2.573827,1.042813,0.05642462,-3.645776,-0.04578391,0.8502973,-0.004235272,0.5242902,357.6613,116.7808,355.2752,0.2343886,0.01181114,-0.9720709,0.2505495,-0.012483,-0.03299459,2.996615,0.565363,-4.324257,-0.3086998,0.4007999,2.069,-0.4460472,-0.0823009,-0.8912175,-0.07341886,0.9957718,-0.05521059,0.8919931,0.04080563,-0.4502037,static,-10.584039709460647,11.880492850704169,-8.486067811043153,10.963359028665995,1.9538019999999998,0.5089383799999999,-0.6784810000000001,-0.17987166009005506,0.20251329981280386,0.9626186497906878,-10.313406703898531,11.283674732770026,2.2215505946713385,2.2896769497192953,1.8552006844645086
05/05/2023 11:40:16.272686,1728,True,True,True,True,Eyes,0.9591407,0.04612833,-3.669637,0.9239952,0.256125,-0.2839594,0.0,0.0,0.0,0.0,0.0,0.0,0.0,-2.776408,-0.1638119,-2.57904,1.052734,0.05846979,-3.643496,-0.04530567,0.850066,-0.00184097,0.5247208,357.4543,116.7291,355.4669,0.2361151,0.01182803,-0.9716529,0.2355165,-0.01173402,-0.03101491,3.006167,0.5738921,-4.31813,-0.3087003,0.4008,2.068999,-0.445231,-0.07895761,-0.8919277,-0.07509363,0.995888,-0.05067554,0.8922613,0.04441576,-0.4493295,static,-10.487645363012453,11.73206390836661,-8.486085397587589,10.963366868230807,1.953433,0.51542231,-0.6746340000000002,-0.17834308466551324,0.2000754693580809,0.96341249566815,-10.21543902977841,11.13861647486048,2.0828974417349904,2.1440936161243354,1.7382106920035456
05/05/2023 11:40:16.292613,1729,True,True,True,True,Eyes,0.9641048,0.04677022,-3.668405,0.9239694,0.2567713,-0.2834589,0.0,0.0,0.0,0.0,0.0,0.0,0.0,-2.772475,-0.1386898,-2.586534,1.06337,0.06003709,-3.641655,-0.04907468,0.8497392,0.002735861,0.5249072,356.7801,116.7206,355.3737,0.2377925,0.01186147,-0.9712433,0.2213855,-0.01102997,-0.02915402,3.011028,0.5999732,-4.313811,-0.3087004,0.4007999,2.069,-0.4441283,-0.08052921,-0.8923369,-0.0862735,0.9951684,-0.04686976,0.8917998,0.05616883,-0.44893,static,-10.449572960017141,11.079718666660275,-8.486084064712776,10.963359028665995,1.9476580000000001,0.53993611,-0.6721560000000002,-0.17809767791388836,0.18910225949585063,0.9656715037757428,-10.16074251711899,10.503642351758455,1.9289962196487416,1.966933706899579,1.7366117456825199
05/05/2023 11:40:16.312494,1730,True,True,True,True,Eyes,0.9692746,0.0473529,-3.667147,0.9239305,0.2574615,-0.2829595,0.0,0.0,0.0,0.0,0.0,0.0,0.0,-2.766747,-0.1080768,-2.595514,1.073926,0.059342,-3.639565,-0.05310897,0.8495678,0.007778656,0.5247414,356.0461,116.7593,355.2809,0.2394323,0.01190845,-0.9708398,0.2081024,-0.01036818,-0.02740478,3.014466,0.625835,-4.310449,-0.3087001,0.4008,2.069,-0.4436519,-0.08207577,-0.892433,-0.0984029,0.9942378,-0.04251995,0.8907804,0.06895394,-0.449172,static,-10.450106782099475,10.36876344621383,-8.486075937878136,10.963361697755134,1.9405400000000002,0.566493,-0.670884,-0.17851241980582738,0.177091954094748,0.9678697367015472,-10.14210035530862,9.81189765750971,2.0361040004123363,2.052063409787515,2.0169993324501356
05/05/2023 11:40:16.332790,1731,True,True,True,True,Eyes,0.9746428,0.04792333,-3.66587,0.9237426,0.2582498,-0.2828545,0.0,0.0,0.0,0.0,0.0,0.0,0.0,-2.761242,-0.09756063,-2.603334,1.084037,0.05849303,-3.637686,-0.05314299,0.8495437,0.008963608,0.524758,355.9283,116.7587,355.3487,0.2410437,0.01196605,-0.9704403,0.1956162,-0.009746085,-0.02576049,3.023788,0.6288426,-4.307585,-0.3087001,0.4008,2.069,-0.4436098,-0.08088713,-0.8925626,-0.09970204,0.994191,-0.04054448,0.8906572,0.07100438,-0.4490974,static,-10.430036697960489,10.310568918665775,-8.486075937878136,10.963361697755134,1.9397510000000002,0.5703495700000001,-0.6698990000000005,-0.17820498070284158,0.1761187806501075,0.9681039088755241,-10.120967126580874,9.755142204820597,2.03640359712014,2.050639375699972,2.03289535933477
05/05/2023 11:40:16.342443,1732,True,True,True,True,Eyes,0.9801911,0.0485052,-3.664578,0.923568,0.2590323,-0.2827092,2.219239,3.029809,0.62336,-4.291977,-0.2878888,-0.4041942,0.8681862,-0.3179213,0.3947066,2.058883,1.094154,0.05880506,-3.635942,-0.05240113,0.8495841,0.009654227,0.5247551,355.9056,116.7582,355.4627,0.2426341,0.01203287,-0.9700429,0.1838793,-0.00916132,-0.02421486,3.034123,0.6294134,-4.304987,-0.3087004,0.4008,2.068999,-0.4437726,-0.07890611,-0.8926589,-0.09917054,0.9943218,-0.03859136,0.8906353,0.07139967,-0.4490779,static,-10.415250464021238,10.355146775846123,-8.486088106533682,10.963366868230807,1.939969,0.57060834,-0.6690449999999997,-0.1779304381971767,0.17688087681637069,0.9680154902745939,-10.10775474311178,9.798417703729953,2.0076527122052705,2.022770150641782,1.9967246269983647
05/05/2023 11:40:16.362826,1733,True,True,True,True,Eyes,0.9859114,0.04906375,-3.663273,0.9233066,0.2599196,-0.2827485,2.219321,3.035026,0.6259089,-4.290783,-0.620317,-0.3910837,0.6798972,-0.3132422,0.3955086,2.055687,1.104024,0.05966254,-3.63428,-0.05192943,0.8494097,0.01050221,0.5250677,355.8496,116.7159,355.5613,0.2442105,0.01210827,-0.9696464,0.1728465,-0.00861164,-0.02276197,3.044347,0.6317834,-4.301003,-0.3087002,0.4008,2.068999,-0.4432143,-0.07718999,-0.893086,-0.09924748,0.994386,-0.03669158,0.8909045,0.0723743,-0.4483871,static,-10.347019577957129,10.371747536825819,-8.486082688641455,10.963366868230807,1.9403230000000002,0.57212086,-0.6667229999999997,-0.17676725953922434,0.1771990696342508,0.9681703445136699,-10.041689427522192,9.814117513046419,1.9381620562120383,1.9527159392261801,1.934085418600454
05/05/2023 11:40:16.382948,1734,True,True,True,True,Eyes,0.9917942,0.04960256,-3.661965,0.9231151,0.2606154,-0.2827335,2.221122,3.042145,0.6284612,-4.28995,-0.8511509,-0.311316,0.42264,-0.3083686,0.3972069,2.054453,1.113933,0.05971088,-3.632557,-0.0514968,0.8491305,0.01124177,0.5255467,355.8011,116.6509,355.6504,0.2457787,0.0121908,-0.9692491,0.1624757,-0.008094941,-0.02139625,3.054901,0.6331244,-4.296288,-0.3087001,0.4008,2.069,-0.4422977,-0.07563885,-0.8936731,-0.09927116,0.9944434,-0.03503647,0.8913575,0.07321939,-0.4473489,static,-10.26259560639705,10.382947923921128,-8.486075937878136,10.963361697755134,1.940968,0.57341352,-0.6637309999999998,-0.17533294324888282,0.17743456968207505,0.9683880622358173,-9.959693228020528,9.824455459975017,1.8553094550641025,1.8689307856340704,1.862432639388891
05/05/2023 11:40:16.392995,1735,True,True,True,True,Eyes,0.9978258,0.0501537,-3.660654,0.9229543,0.2610584,-0.2828496,2.216429,3.043489,0.6287712,-4.28757,-0.7605603,-0.2902594,0.5807731,-0.3022775,0.4066524,2.045332,1.123705,0.05981685,-3.631183,-0.04952412,0.8489056,0.01026512,0.5261189,356.0125,116.5686,355.7873,0.2473433,0.01227918,-0.9688498,0.1527272,-0.007609245,-0.02011248,3.067996,0.6250652,-4.292184,-0.3087004,0.4008,2.068999,-0.4414922,-0.07328127,-0.8942674,-0.09488396,0.994884,-0.03468291,0.8922339,0.06953939,-0.4461868,static,-10.172550322014883,10.647540508442999,-8.486088106533682,10.963366868230807,1.944291,0.56524835,-0.6610009999999997,-0.1736648368124623,0.18195930204162525,0.967848831778308,-9.879047005262597,10.081302747442248,1.6964620364328873,1.715780024881564,1.6487484971124513
05/05/2023 11:40:16.417172,1736,True,True,True,True,Eyes,1.004011,0.05072511,-3.659345,0.9228137,0.2614637,-0.2829339,0.0,0.0,0.0,0.0,0.0,0.0,0.0,-2.743765,-0.08862785,-2.631938,1.133312,0.06075457,-3.629753,-0.04738504,0.8487255,0.00840901,0.5266395,356.32,116.4925,355.887,0.2489081,0.01237313,-0.9684477,0.1435635,-0.00715269,-0.01890573,3.081526,0.6145895,-4.288865,-0.3087006,0.4007999,2.069,-0.4408114,-0.07157674,-0.8947417,-0.08929082,0.9953679,-0.03563578,0.8931478,0.06418355,-0.4451606,static,-10.106318556887611,10.99897102179462,-8.486089482602342,10.963359028665995,1.9482140000000001,0.5538349300000001,-0.6591120000000004,-0.1723485360058467,0.18793636849701814,0.9669415114821497,-9.823955214937437,10.422799890408085,1.5913799031509377,1.6206203957786953,1.4429445241278867
05/05/2023 11:40:16.432843,1737,True,True,True,True,Eyes,1.010342,0.05129505,-3.658023,0.9226591,0.2619167,-0.2830192,0.0,0.0,0.0,0.0,0.0,0.0,0.0,-2.739999,-0.08858827,-2.638471,1.143189,0.06181891,-3.628534,-0.0470334,0.8485696,0.008359293,0.526923,356.3448,116.4535,355.9195,0.2504769,0.01247262,-0.9680419,0.1349497,-0.006723529,-0.01777138,3.09218,0.6146159,-4.286217,-0.3087008,0.4007999,2.069,-0.4402804,-0.07101281,-0.8950479,-0.08863163,0.995436,-0.03537907,0.8934752,0.06375284,-0.4445649,static,-10.058793719001203,11.057824112632623,-8.486094900491759,10.963359028665995,1.948991,0.55279699,-0.6576829999999996,-0.17151221549569662,0.1889574934440102,0.9668912377964,-9.779213384094946,10.479747862462993,1.545161576016974,1.575533314731816,1.380592326761392
05/05/2023 11:40:16.448346,1738,True,True,True,True,Eyes,1.016816,0.05184343,-3.656708,0.9225353,0.2623551,-0.2830166,0.0,0.0,0.0,0.0,0.0,0.0,0.0,-2.737744,-0.08724619,-2.643004,1.152921,0.06236518,-3.62701,-0.04685694,0.8482398,0.008477635,0.5274674,356.3413,116.3797,355.9462,0.252053,0.01257705,-0.9676315,0.1268528,-0.006320117,-0.0167051,3.102822,0.6151553,-4.281997,-0.3087008,0.4007999,2.069,-0.4391655,-0.0705485,-0.8956321,-0.0884352,0.9954652,-0.03504888,0.8940433,0.06381316,-0.4434128,static,-9.98065950035196,11.087342877234137,-8.486094900491759,10.963359028665995,1.949901,0.5527901199999999,-0.6549869999999998,-0.1701753760190567,0.18950017999877755,0.9670211979552796,-9.703842294331142,10.50795101243218,1.4697143739887415,1.499698415635974,1.3001173702603273
05/05/2023 11:40:16.462772,1739,True,True,True,True,Eyes,1.023433,0.0523526,-3.655371,0.9224356,0.2627615,-0.2829645,0.0,0.0,0.0,0.0,0.0,0.0,0.0,-2.737484,-0.08064163,-2.646282,1.162841,0.06240222,-3.625885,-0.0461496,0.8477873,0.009120609,0.528246,356.3178,116.2737,356.0575,0.2536386,0.0126853,-0.9672156,0.1192416,-0.00594091,-0.0157028,3.11414,0.6154835,-4.276443,-0.3087003,0.4008,2.068999,-0.4376528,-0.06861422,-0.8965222,-0.08788592,0.995574,-0.033292,0.8948385,0.06422134,-0.4417459,static,-9.855740846979227,11.10982831093672,-8.486085397587589,10.963366868230807,1.951299,0.55308128,-0.6505580000000006,-0.16805175706833608,0.18994987830367815,0.9673042959526867,-9.582675280674128,10.52900059354953,1.3489414776752982,1.3774639756624159,1.1794843925496599
05/05/2023 11:40:16.482733,1740,True,True,True,True,Eyes,1.030179,0.05282782,-3.654051,0.9224075,0.2630396,-0.2827975,0.0,0.0,0.0,0.0,0.0,0.0,0.0,-2.738564,-0.0730788,-2.648073,1.172561,0.06198689,-3.624724,-0.04452359,0.8472562,0.009617147,0.529228,356.3637,116.1382,356.2503,0.2552364,0.01279596,-0.9667938,0.1120871,-0.005584456,-0.01476063,3.126468,0.6124928,-4.269617,-0.3086995,0.4008,2.069,-0.435871,-0.06526643,-0.8976396,-0.08562509,0.9958503,-0.03082987,0.8959268,0.06342262,-0.4396507,static,-9.70017706719777,11.207424058690032,-8.486059684207827,10.963361697755134,1.953907,0.5505059099999999,-0.6448930000000002,-0.1653679586563666,0.19168546136239883,0.9674244029291232,-9.433659283284962,10.622928105871942,1.2095100066565747,1.2384052065876747,1.00689623628934
05/05/2023 11:40:16.492667,1741,True,True,True,True,Eyes,1.03706,0.05326661,-3.652719,0.9224127,0.2632855,-0.282552,0.0,0.0,0.0,0.0,0.0,0.0,0.0,-2.740963,-0.07136936,-2.648799,1.182363,0.06168368,-3.623854,-0.042639,0.8466064,0.009287491,0.5304275,356.5051,115.9722,356.4189,0.2568479,0.01290785,-0.9663653,0.1053619,-0.005249388,-0.01387499,3.139933,0.6063279,-4.262589,-0.3087,0.4007999,2.069001,-0.4336575,-0.06234421,-0.8989187,-0.08204957,0.9961913,-0.02950809,0.8973346,0.06095949,-0.4371211,static,-9.532736595085948,11.394336377163745,-8.486069187121103,10.963353858196337,1.95757,0.54464422,-0.638735,-0.16243399748707632,0.19493672938729256,0.9672719081683776,-9.27547303165128,10.803680475368708,1.1005486793087609,1.131926938698492,0.8053906002323612
05/05/2023 11:40:16.512545,1742,True,True,True,True,Eyes,1.044055,0.05367285,-3.651407,0.9224728,0.2634562,-0.2821965,0.0,0.0,0.0,0.0,0.0,0.0,0.0,-2.744513,-0.0727452,-2.648137,1.192187,0.06123228,-3.622873,-0.04164912,0.8457771,0.00875707,0.5318364,356.611,115.7794,356.4888,0.2584756,0.01301991,-0.9659298,0.09904015,-0.004934425,-0.01304249,3.153039,0.6017603,-4.255001,-0.3087003,0.4007999,2.069,-0.4308312,-0.0611371,-0.9003594,-0.07976641,0.9963773,-0.02948797,0.8989005,0.05911409,-0.4341471,static,-9.360964844579854,11.525108018711638,-8.486081355767933,10.963359028665995,1.960852,0.54052802,-0.6321280000000002,-0.15945846501382183,0.19724086652636597,0.9672999220396404,-9.111551395076964,10.929780127593554,1.008624914712557,1.0397033455813343,0.6263707469785551
05/05/2023 11:40:16.532916,1743,True,True,True,True,Eyes,1.051192,0.05405178,-3.650069,0.9223882,0.2640105,-0.2819549,0.0,0.0,0.0,0.0,0.0,0.0,0.0,-2.749034,-0.08088159,-2.646509,1.201909,0.06086621,-3.622078,-0.0416343,0.8448033,0.007578169,0.533401,356.7198,115.5665,356.4245,0.2601199,0.01313122,-0.9654868,0.0,0.0,0.0,3.165798,0.5978381,-4.247773,-0.3087004,0.4007999,2.069,-0.4274999,-0.06226118,-0.9018688,-0.07842999,0.9964183,-0.03161143,0.9006068,0.05721967,-0.4308519,static,-9.188707749383592,11.661232540400981,-8.486084064712776,10.963359028665995,1.9638890000000002,0.53697189,-0.6256949999999994,-0.15647220221717462,0.1996349992385485,0.9672964479702345,-8.947300912733587,11.061084829366546,0.9608534049588255,0.9903067608785259,0.47145658657061523
05/05/2023 11:40:16.542731,1744,True,True,True,True,Eyes,1.058454,0.0543856,-3.648764,0.9223052,0.2646532,-0.2816237,0.0,0.0,0.0,0.0,0.0,0.0,0.0,-2.752749,-0.08293374,-2.646252,1.211812,0.06043378,-3.621464,-0.04307852,0.843869,0.00756165,0.5347636,356.627,115.3841,356.2886,0.261783,0.01324113,-0.9650357,0.0,0.0,0.0,3.176435,0.601379,-4.241412,-0.3086996,0.4008001,2.069,-0.4243445,-0.06461788,-0.9031926,-0.08079266,0.9961741,-0.03331157,0.9018895,0.05883575,-0.4279417,static,-9.047026006447588,11.589990049121136,-8.486062393152974,10.963364366844228,1.9646230000000002,0.54094522,-0.6199480000000004,-0.15411582984887412,0.19850651467516894,0.9679068040056751,-8.80726665134397,10.990827451795669,0.8167332830155268,0.8410350296685326,0.3223761723748791
05/05/2023 11:40:16.562346,1745,True,True,True,True,Eyes,1.065852,0.05467042,-3.647456,0.9220747,0.2656337,-0.2814553,0.0,0.0,0.0,0.0,0.0,0.0,0.0,-2.756043,-0.08334089,-2.646843,1.222105,0.0596438,-3.620967,-0.04491269,0.8429574,0.007804587,0.5360457,356.4851,115.2133,356.1308,0.2634653,0.01334855,-0.9645762,0.0,0.0,0.0,3.186812,0.6064164,-4.23551,-0.3087001,0.4008,2.069,-0.4212761,-0.06735173,-0.9044281,-0.08408619,0.9958439,-0.03499263,0.903026,0.06130837,-0.4251885,static,-8.905864414593463,11.487386533217025,-8.486075937878136,10.963361697755134,1.9647070000000002,0.5467725999999999,-0.6145429999999998,-0.15178257434147052,0.19684481664558207,0.9686146133214761,-8.666894162075907,10.890059740455353,0.6527235846595758,0.6714345786179294,0.19511126862899197
05/05/2023 11:40:16.582966,1746,True,True,True,True,Eyes,1.07338,0.05489612,-3.646178,0.921877,0.2666506,-0.281141,0.0,0.0,0.0,0.0,0.0,0.0,0.0,-2.760936,-0.08565745,-2.64555,1.232413,0.05860141,-3.620327,-0.04640257,0.8418794,0.007684392,0.5376121,356.3976,115.0028,355.9856,0.2651684,0.01345244,-0.964108,0.0,0.0,0.0,3.198114,0.6091954,-4.228242,-0.3086995,0.4008,2.068999,-0.4176397,-0.06986828,-0.9059223,-0.08639317,0.9955755,-0.0369545,0.904496,0.06283183,-0.4218281,static,-8.737292611903854,11.4451599274306,-8.486063726017463,10.963366868230807,1.965701,0.5505939900000001,-0.6079149999999998,-0.14895125685112365,0.19621634188916126,0.9691814472783034,-8.501429033164854,10.84785604247727,0.5303742453148874,0.5433603822481105,0.1165282949759314
05/05/2023 11:40:16.593258,1747,True,True,True,True,Eyes,1.081038,0.05506533,-3.644919,0.921661,0.2677683,-0.2807868,0.0,0.0,0.0,0.0,0.0,0.0,0.0,-2.768035,-0.08745806,-2.642358,1.2431,0.05737434,-3.619825,-0.04787352,0.8405743,0.007619778,0.5395228,356.3037,114.7453,355.8475,0.2668926,0.01355153,-0.9636308,0.0,0.0,0.0,3.210226,0.611981,-4.219424,-0.3086998,0.4008,2.068999,-0.4132465,-0.07226042,-0.9077476,-0.08870459,0.9953001,-0.03884774,0.9062885,0.06446769,-0.4177142,moving,-8.522816874848441,11.406118812517384,-8.486071852856547,10.963366868230807,1.967126,0.55460666,-0.599599,-0.14533869344384892,0.1956621896499098,0.9698417706974514,-8.291301739066434,10.80844736731254,0.4386941033747336,0.44427410549201407,0.24886833665731464
05/05/2023 11:40:16.612554,1748,True,True,True,True,Eyes,1.088824,0.05517691,-3.643702,0.9215088,0.2688541,-0.280248,0.0,0.0,0.0,0.0,0.0,0.0,0.0,-2.778333,-0.09399487,-2.635636,1.253758,0.05610311,-3.619322,-0.0487969,0.8389482,0.006811445,0.5419763,356.312,114.4114,355.719,0.2686389,0.01364481,-0.9631441,0.0,0.0,0.0,3.222576,0.6086719,-4.211156,-0.3053738,0.3986907,2.068728,-0.4077608,-0.07449286,-0.9100448,-0.08925942,0.9951449,-0.04146463,0.9087153,0.06432243,-0.4124303,moving,-8.253647289406388,11.472387408170126,-8.3970354039779,10.908451576931727,1.9688180000000002,0.55256879,-0.591834,-0.14074485378910823,0.1969158221779702,0.970265418417098,-8.030696283030542,10.871140682722817,0.5797265173601757,0.581879517731049,0.3682342384449767
05/05/2023 11:40:16.632632,1749,True,True,True,True,Eyes,1.096735,0.05522744,-3.64252,0.9213662,0.2699745,-0.279639,0.0,0.0,0.0,0.0,0.0,0.0,0.0,-2.789162,-0.1002013,-2.628933,1.264676,0.05481191,-3.619164,-0.0497696,0.8372796,0.006060969,0.5444716,356.3107,114.0713,355.5895,0.2704076,0.0137313,-0.9626478,0.0,0.0,0.0,3.235223,0.6058136,-4.202815,-0.3022396,0.3967043,2.068474,-0.4021476,-0.07674208,-0.912353,-0.08994218,0.9949725,-0.0440468,0.9111464,0.06434571,-0.4070281,moving,-7.982176726024979,11.53259732745116,-8.313069198339319,10.856698047429195,1.970547,0.55100169,-0.5836510000000001,-0.13611397451230445,0.19806472989155927,0.9706921366680261,-7.767684489211922,10.92792374260772,0.7522160471913906,0.7525487791289732,0.5500159821347372
05/05/2023 11:40:16.643129,1750,True,True,True,True,Eyes,1.104774,0.05521991,-3.641382,0.9213007,0.2710482,-0.2788152,0.0,0.0,0.0,0.0,0.0,0.0,0.0,-2.800622,-0.1042308,-2.621543,1.275564,0.05335397,-3.618966,-0.05060568,0.8355532,0.005555043,0.5470459,356.2932,113.7196,355.4888,0.2721986,0.01381004,-0.9621418,0.0,0.0,0.0,3.247811,0.603087,-4.193928,-0.2989314,0.3946053,2.068206,-0.3963602,-0.07848976,-0.9147341,-0.09064522,0.9948164,-0.04608419,0.9136096,0.06465032,-0.4014203,moving,-7.705451107410714,11.57912660802074,-8.224379673018932,10.801975504640001,1.972247,0.5497330300000001,-0.5749619999999998,-0.13139931611710554,0.19898069407619168,0.9711544292251792,-7.499181230599331,10.97136090781594,0.934788651974059,0.9344788353355585,0.744717527453793
05/05/2023 11:40:16.662632,1751,True,True,True,True,Eyes,1.112944,0.05517048,-3.640285,0.9212564,0.2721713,-0.2778658,0.0,0.0,0.0,0.0,0.0,0.0,0.0,-2.813985,-0.1090482,-2.612406,1.286713,0.05194326,-3.618941,-0.05113434,0.8336377,0.004893205,0.5499178,356.3077,113.3255,355.4092,0.2740127,0.01388024,-0.9616257,0.0,0.0,0.0,3.261494,0.5993306,-4.183529,-0.2958572,0.3926568,2.067956,-0.3899514,-0.07987329,-0.9173649,-0.09063674,0.9947227,-0.04808105,0.9163641,0.06439769,-0.395133,moving,-7.394246870680766,11.666164016128818,-8.141910950960426,10.75115222626951,1.974781,0.54738734,-0.5645880000000001,-0.126080167437428,0.20059536164461017,0.9715272853398962,-7.1981593871527725,11.053983200016114,1.1817978745718376,1.18162944805974,0.9911476241457218
05/05/2023 11:40:16.682603,1752,True,True,True,True,Eyes,1.121246,0.05507038,-3.639251,0.9212416,0.2734449,-0.2766622,0.0,0.0,0.0,0.0,0.0,0.0,0.0,-2.830199,-0.1121044,-2.600501,1.297963,0.05083912,-3.619103,-0.05185024,0.8314205,0.004583831,0.5532002,356.2738,112.8748,355.3356,0.2758496,0.01394161,-0.9610994,0.0,0.0,0.0,3.275317,0.5974744,-4.17124,-0.2926546,0.3906259,2.067694,-0.382562,-0.08114714,-0.9203593,-0.09129025,0.994581,-0.04974494,0.9194086,0.06498931,-0.3878969,moving,-7.036914643645307,11.71786795865679,-8.05594639755836,10.698155588413524,1.9773539999999998,0.54663528,-0.5521370000000001,-0.1199928125555596,0.20162528517977796,0.972084945427399,-6.8512187541391825,11.10192069113303,1.4405719287770622,1.4416098756287192,1.270588427852394
05/05/2023 11:40:16.698060,1753,True,True,True,True,Eyes,1.129693,0.0549146,-3.638272,0.9212335,0.2748333,-0.2753098,0.0,0.0,0.0,0.0,0.0,0.0,0.0,-2.846977,-0.1022758,-2.589138,1.309494,0.04947503,-3.619689,-0.05359627,0.8291665,0.006220615,0.5563918,355.9885,112.4399,355.2873,0.27771,0.01399368,-0.9605628,0.0,0.0,0.0,3.286961,0.6039988,-4.159023,-0.2892252,0.3884512,2.067416,-0.3751116,-0.08195826,-0.9233497,-0.09580266,0.9941775,-0.04932519,0.922016,0.0699569,-0.3807793,moving,-6.672631990588241,11.528562474784053,-7.963819678806677,10.641358195537435,1.9774669999999999,0.55452377,-0.5393340000000002,-0.11388279741801904,0.1985561826073512,0.9734506361844046,-6.491006731008529,10.915313714073669,1.5611836496261324,1.5666196345381282,1.498075300289784
05/05/2023 11:40:16.712451,1754,True,True,True,True,Eyes,1.138271,0.0547087,-3.637384,0.9212463,0.2763837,-0.2737103,0.0,0.0,0.0,0.0,0.0,0.0,0.0,-2.863651,-0.08852059,-2.578437,1.321256,0.04786716,-3.620589,-0.05464191,0.8269898,0.008172166,0.5594955,355.7183,112.0146,355.3275,0.2795942,0.01403587,-0.9600154,0.0,0.0,0.0,3.299221,0.6096673,-4.146543,-0.2862594,0.3865707,2.067174,-0.3679579,-0.08123202,-0.9262874,-0.09952117,0.993895,-0.04762721,0.9245011,0.07466041,-0.3737958,moving,-6.317162739040058,11.373277271795475,-7.884099527585553,10.592223191618494,1.9779650000000002,0.56180014,-0.5259540000000005,-0.10789677644273621,0.1960488889905595,0.9746400063481404,-6.140303135117125,10.761866380237239,1.739611837664294,1.7508102054358659,1.7520287297389388
05/05/2023 11:40:16.732665,1755,True,True,True,True,Eyes,1.146984,0.05444571,-3.6366,0.9212073,0.2781563,-0.2720408,0.0,0.0,0.0,0.0,0.0,0.0,0.0,-2.880318,-0.06871733,-2.568431,1.333012,0.0464283,-3.621977,-0.05557078,0.8248793,0.01092,0.5624649,355.381,111.6061,355.4314,0.2815019,0.01406781,-0.9594572,0.0,0.0,0.0,3.31067,0.6173857,-4.134745,-0.2830083,0.3845094,2.066909,-0.3610902,-0.07939414,-0.9291449,-0.1039626,0.9935853,-0.04449786,0.9267175,0.08052859,-0.3670279,moving,-5.964090694638252,11.169703901576309,-7.796652764762922,10.538331455956609,1.977658,0.5709574000000001,-0.5127679999999999,-0.10195759678093136,0.1927061276237296,0.9759451882675296,-5.79063485992511,10.561451317026256,1.9200578878172088,1.9382762718321185,2.0061511315216927
05/05/2023 11:40:16.742900,1756,True,True,True,True,Eyes,1.368058,0.04622847,-3.619824,0.9185268,0.3249995,-0.2251307,0.0,0.0,0.0,0.0,0.0,0.0,0.0,-2.895458,-0.04005197,-2.560638,1.345051,0.04470572,-3.623671,-0.05718063,0.8229313,0.01495446,0.5650582,354.8805,111.2487,355.554,0.283433,0.01408896,-0.9588883,0.0,0.0,0.0,3.320337,0.6304971,-4.124315,-0.2797582,0.3824484,2.066644,-0.3548792,-0.07721119,-0.9317182,-0.1110117,0.9930134,-0.04000778,0.9282978,0.08923374,-0.3609712,moving,-8.348028069745963,13.420581004820411,-7.709174222962766,10.484415067680779,1.9752859999999999,0.5857913800000001,-0.5006440000000003,-0.14130121792709394,0.22976860064189378,0.9629331988109902,-8.175210570789613,12.767328255978999,2.958532726846842,3.00486349905761,2.3299962452333975
05/05/2023 11:40:16.762578,1757,True,True,True,True,Eyes,1.368531,0.04617205,-3.61993,0.9185317,0.3249944,-0.2251181,0.0,0.0,0.0,0.0,0.0,0.0,0.0,-2.909433,-0.0218439,-2.554306,1.357051,0.04277144,-3.625787,-0.05811511,0.8211425,0.01737859,0.5674909,354.5775,110.91,355.638,0.2924622,0.01379388,-0.9561774,0.6632223,-0.02465172,0.05032754,3.331512,0.6367109,-4.115781,-0.2767072,0.3805131,2.066398,-0.3491539,-0.07571717,-0.9340016,-0.1151659,0.9926412,-0.03741898,0.9299616,0.09450018,-0.3553045,moving,-7.967873176007969,13.139677911573267,-7.626991141318668,10.433743317642257,1.974461,0.59393946,-0.48999400000000026,-0.13505570278584622,0.22524298492271286,0.9648966565244113,-7.797057135179015,12.491492991392292,2.694483176162258,2.7273215043713677,2.064765401222638
05/05/2023 11:40:16.772391,1758,True,True,True,True,Eyes,1.369475,0.04608722,-3.620132,0.9185204,0.3251686,-0.2249125,0.0,0.0,0.0,0.0,0.0,0.0,0.0,-2.922187,-0.01078283,-2.549356,1.369062,0.04133648,-3.628011,-0.05945887,0.8194453,0.01900228,0.5697482,354.3244,110.596,355.6317,0.299982,0.01355153,-0.9538484,0.623429,-0.02317262,0.04730789,3.342625,0.6420115,-4.109021,-0.2736152,0.3785535,2.066147,-0.3437034,-0.07579353,-0.9360148,-0.1190996,0.9922071,-0.0366105,0.9314953,0.09889583,-0.350052,moving,-7.650434296717742,12.906671900465616,-7.543657581973465,10.382415596201902,1.973563,0.60067502,-0.4810100000000004,-0.12982278424248628,0.2214733407180661,0.966486202871556,-7.481331439267162,12.262676731617608,2.5032843448952855,2.5265136366991343,1.8812938328234128
05/05/2023 11:40:16.792525,1759,True,True,True,True,Eyes,1.370849,0.04610439,-3.620423,0.9185891,0.3251347,-0.2246809,0.0,0.0,0.0,0.0,0.0,0.0,0.0,-2.934288,-0.004709452,-2.545786,1.381377,0.04051754,-3.630599,-0.06152547,0.8177861,0.02021036,0.5718673,354.0636,110.3027,355.5303,0.3062735,0.01335129,-0.9518496,0.5860233,-0.02178226,0.04446941,3.35342,0.6484829,-4.104056,-0.2703805,0.3765025,2.065884,-0.338365,-0.07751405,-0.9378171,-0.1237446,0.9916124,-0.0373133,0.9328432,0.1034243,-0.3451188,moving,-7.375621561449065,12.64124785373904,-7.456423498593953,10.328663854508466,1.9720429999999998,0.60796536,-0.4734569999999998,-0.125311262081317,0.2171207027076542,0.9680680258427257,-7.206284744857558,12.002600906806691,2.2981593822427304,2.3139951829128,1.692523161193863
05/05/2023 11:40:16.812652,1760,True,True,True,True,Eyes,1.372664,0.04628431,-3.62082,0.9184549,0.3257945,-0.2242732,0.0,0.0,0.0,0.0,0.0,0.0,0.0,-2.946157,-0.03079849,-2.538688,1.391889,0.04273183,-3.631328,-0.06250215,0.8159716,0.01732286,0.5744422,354.2563,109.9466,355.267,0.3115661,0.01318776,-0.9501326,0.5508619,-0.02047533,0.04180125,3.36698,0.6427512,-4.097673,-0.2672359,0.3745075,2.065626,-0.3322193,-0.08209799,-0.9396224,-0.1219019,0.9915868,-0.04353783,0.9352915,0.1000777,-0.3394321,moving,-7.135174664637273,12.855628515806856,-7.371572809795621,10.27635957582849,1.975091,0.6000193699999999,-0.46634500000000045,-0.12114343643576314,0.2208564840616173,0.9677533823547062,-6.977670808627564,12.209595403629034,2.5765655567203463,2.590079602593602,1.9729570579249454
05/05/2023 11:40:16.832589,1761,True,True,True,True,Eyes,1.37489,0.04642618,-3.621258,0.9181628,0.3268531,-0.2239288,0.0,0.0,0.0,0.0,0.0,0.0,0.0,-2.961527,-0.02288452,-2.532141,1.404362,0.04658506,-3.634349,-0.07168594,0.8134868,0.02122875,0.5767582,353.2678,109.6404,354.6763,0.3160479,0.01305825,-0.948653,0.5178102,-0.01924681,0.03929317,3.369221,0.6812832,-4.093218,-0.2639427,0.3724198,2.06536,-0.3244227,-0.0921434,-0.9414138,-0.1411188,0.9888209,-0.04815228,0.9353265,0.1172295,-0.3337991,moving,-6.875248826262837,11.878083452560942,-7.282640227057361,10.221573052284773,1.964859,0.63469814,-0.4588690000000004,-0.1171803295348613,0.20441184007720237,0.9718459516606749,-6.697942179553512,11.256735765045782,1.7018966690281196,1.7058705870213124,1.1888791564518004
05/05/2023 11:40:16.843268,1762,True,True,True,True,Eyes,1.37749,0.04656766,-3.621755,0.9180811,0.3274089,-0.2234513,0.0,0.0,0.0,0.0,0.0,0.0,0.0,-2.972638,-0.007173851,-2.530727,1.417881,0.04580946,-3.637132,-0.08150951,0.8113652,0.02562885,0.578261,352.1919,109.4511,354.0542,0.3199608,0.01295188,-0.9473419,0.4867415,-0.018092,0.03693558,3.369998,0.7181174,-4.092179,-0.2607548,0.3703987,2.065101,-0.3179406,-0.1026276,-0.9425397,-0.1619083,0.9853988,-0.05267883,0.9341837,0.1358563,-0.3299146,moving,-6.714364350860363,10.77732915038142,-7.196500992246653,10.168509986242036,1.9521169999999999,0.67230794,-0.455047,-0.11488487576830086,0.18575451220277703,0.9758569075249302,-6.511440059249187,10.184652264970353,0.7766525880080123,0.7766057658752155,0.685251089077501
05/05/2023 11:40:16.862609,1763,True,True,True,True,Eyes,1.380491,0.04676526,-3.622326,0.9182732,0.3276148,-0.2223578,0.0,0.0,0.0,0.0,0.0,0.0,0.0,-2.985109,-0.06533855,-2.52456,1.429467,0.04598119,-3.639102,-0.08085848,0.8095026,0.01786552,0.5812473,352.9392,109.0346,353.628,0.3235327,0.0128592,-0.9461293,0.4575371,-0.01700648,0.03471945,3.390877,0.6914589,-4.088301,-0.257525,0.3683515,2.064837,-0.3112272,-0.1101417,-0.9439314,-0.1516789,0.9862855,-0.06507316,0.9381531,0.1229219,-0.323665,moving,-6.560607075000999,11.511457445876449,-7.109179616491306,10.114738063037892,1.96141,0.64547771,-0.44919900000000057,-0.11198502074461464,0.19830862016966988,0.973721297155069,-6.381341686141012,10.89792790266959,1.4996930076245298,1.5005855082847004,1.0691746245393796
05/05/2023 11:40:16.882829,1764,True,True,True,True,Eyes,1.383819,0.0470006,-3.622925,0.9185955,0.3275648,-0.2210965,0.0,0.0,0.0,0.0,0.0,0.0,0.0,-2.997972,-0.09235054,-2.518769,1.442235,0.04754115,-3.641189,-0.08436387,0.807321,0.01543393,0.5838472,352.9098,108.6761,353.1595,0.3268068,0.01278027,-0.9450044,0.4300848,-0.01598609,0.03263628,3.403951,0.6933442,-4.083815,-0.2542949,0.3663018,2.064574,-0.3040106,-0.1181953,-0.9453082,-0.1542396,0.9852891,-0.07359094,0.9400998,0.1234315,-0.3177688,moving,-6.382235148566581,11.450147197476943,-7.0217911196034395,10.060862334141618,1.9617160000000002,0.6458030499999999,-0.44262600000000063,-0.10897499897290697,0.1973329769491595,0.9742608474832486,-6.205808845161423,10.837091131903726,1.5292170835120173,1.5294261249179548,1.1262141087194633
05/05/2023 11:40:16.892733,1765,True,True,True,True,Eyes,1.387458,0.04738224,-3.623599,0.9192594,0.3268579,-0.2193763,0.0,0.0,0.0,0.0,0.0,0.0,0.0,-3.012975,-0.1405374,-2.506979,1.453439,0.04867824,-3.642507,-0.08546823,0.8048569,0.009652398,0.587203,353.3438,108.1981,352.6979,0.3298207,0.01271464,-0.9439576,0.4042797,-0.01502693,0.0306781,3.421275,0.6784598,-4.076093,-0.2509902,0.3642067,2.064305,-0.2957757,-0.1262436,-0.9468789,-0.1489152,0.985204,-0.08483681,0.9435789,0.115912,-0.310199,moving,-6.182424258204458,11.822660693698426,-6.932327068832835,10.005761331618327,1.9678360000000001,0.62978156,-0.433586,-0.10543547143927118,0.20374118164575514,0.9733307683138499,-6.021069848627776,11.198215861924654,1.964980010645001,1.9655730760557872,1.5007789738079136
05/05/2023 11:40:16.912917,1766,True,True,True,True,Eyes,1.391434,0.0478634,-3.624307,0.9196825,0.3268546,-0.2176008,0.0,0.0,0.0,0.0,0.0,0.0,0.0,-3.027062,-0.2039628,-2.4944,1.464955,0.05281798,-3.643878,-0.08636732,0.8022503,0.002225203,0.5907031,353.938,107.6877,352.1424,0.3326071,0.01266473,-0.9429801,0.3800229,-0.01412531,0.02883742,3.440509,0.6613881,-4.068048,-0.2479695,0.3622922,2.06406,-0.287221,-0.1359476,-0.9481679,-0.1412053,0.9850715,-0.09846455,0.9473991,0.1056052,-0.3021298,moving,-6.008707234285371,12.395728603941002,-6.850498349221385,9.955377338175667,1.975554,0.60857012,-0.42417000000000016,-0.10226515718732393,0.21353707113102088,0.971567648383934,-5.867173237064353,11.754649918879112,2.579797142460951,2.581458227728601,2.0504414392685963
05/05/2023 11:40:16.932645,1767,True,True,True,True,Eyes,1.395714,0.04825546,-3.62505,0.9201856,0.3267954,-0.2155533,0.0,0.0,0.0,0.0,0.0,0.0,0.0,-3.037322,-0.194486,-2.492122,1.477087,0.05548598,-3.645403,-0.09510135,0.8000369,0.006057057,0.5923343,352.972,107.4855,351.5995,0.3351962,0.01263147,-0.9420633,0.3572216,-0.01327779,0.02710717,3.441909,0.6972073,-4.065675,-0.2447631,0.3602585,2.063798,-0.2801915,-0.1449936,-0.9489307,-0.1593448,0.9818381,-0.1029719,0.9466265,0.1223553,-0.2982067,moving,-5.8927387472949055,11.386841938385851,-6.763593442562756,9.901834413935088,1.9648219999999998,0.6417213199999999,-0.42027199999999976,-0.10066632502108508,0.1964293065655713,0.9753367703405464,-5.726932202613261,10.772250040753843,1.7218250633319936,1.7215212017124406,1.353621028879173
05/05/2023 11:40:16.943029,1768,True,True,True,True,Eyes,1.400278,0.04859589,-3.625755,0.9209097,0.3262369,-0.2132949,0.0,0.0,0.0,0.0,0.0,0.0,0.0,-3.045952,-0.2012992,-2.488786,1.489054,0.05390613,-3.645848,-0.09759265,0.7983355,0.005586748,0.5942265,352.8248,107.2203,351.3521,0.3376146,0.01261088,-0.9411997,0.3357883,-0.01248112,0.02548074,3.452825,0.6990766,-4.060861,-0.2415684,0.3582335,2.06354,-0.2747415,-0.1491838,-0.9498745,-0.1624629,0.9808889,-0.1070641,0.9476936,0.1249045,-0.2937278,moving,-5.795651406465649,11.196834382494618,-6.6769428213065405,9.848476191454727,1.9637709999999997,0.64517047,-0.4150130000000001,-0.09907775267621372,0.19322471780401246,0.9761391868969822,-5.627168306390318,10.586731851026853,1.6110114044751798,1.6108210233345686,1.2833736599517167
05/05/2023 11:40:16.962780,1769,True,True,True,True,Eyes,1.405098,0.04900042,-3.626412,0.9218863,0.3252263,-0.2106028,0.0,0.0,0.0,0.0,0.0,0.0,0.0,-3.060139,-0.2376737,-2.474773,1.500421,0.05311769,-3.645731,-0.09353624,0.7962215,-0.0001727566,0.5977311,353.5957,106.692,351.3676,0.3398861,0.01260031,-0.9403819,0.315641,-0.01173226,0.0239519,3.475313,0.6688006,-4.047695,-0.2383834,0.3562129,2.063281,-0.2679373,-0.1491576,-0.9518203,-0.1487446,0.9825019,-0.1120941,0.9518849,0.1115439,-0.2854353,moving,-5.574819522330619,11.943932536506852,-6.5905088055905034,9.795210663509868,1.9748919999999999,0.61568291,-0.401964,-0.09506157790810443,0.20601720223383038,0.9739200400939425,-5.432033914616266,11.312182154919778,2.37681831699608,2.3766847514183786,1.9087342871044617
05/05/2023 11:40:16.983183,1770,True,True,True,True,Eyes,1.410163,0.049499,-3.627038,0.9228703,0.3243518,-0.2076203,0.0,0.0,0.0,0.0,0.0,0.0,0.0,-3.08141,-0.2656611,-2.451699,1.511344,0.05516544,-3.645447,-0.09079649,0.7931398,-0.004001223,0.6022205,354.0874,106.0275,351.3937,0.3420317,0.01260042,-0.9396036,0.2967025,-0.01102832,0.02251478,3.495042,0.6510349,-4.02848,-0.2352018,0.3541957,2.063022,-0.2581732,-0.1488478,-0.9545634,-0.1392094,0.9834799,-0.1157061,0.9560165,0.103012,-0.2746292,moving,-5.190018920388347,12.438208820876293,-6.504116151591944,9.74200637472486,1.9836980000000002,0.59586946,-0.3830330000000002,-0.08835268087441522,0.2145442564101811,0.9727098414127033,-5.070245345031173,11.79055341041969,2.9996861908809382,2.999393132566974,2.500506038257318
05/05/2023 11:40:16.992445,1771,True,True,True,True,Eyes,1.415471,0.05003703,-3.62765,0.9238006,0.3238101,-0.2043027,0.0,0.0,0.0,0.0,0.0,0.0,0.0,-3.104012,-0.2720186,-2.429243,1.522346,0.05789664,-3.645437,-0.09187317,0.789774,-0.003917127,0.6064662,353.9585,105.4171,351.3322,0.3440694,0.01261251,-0.9388592,0.2789004,-0.01036662,0.0211639,3.507833,0.655996,-4.01009,-0.2320225,0.3521794,2.062763,-0.2475164,-0.1498693,-0.9572226,-0.1403669,0.983088,-0.1176232,0.9586621,0.1052486,-0.2643671,moving,-4.791677027093271,12.322005389696848,-6.417735165686652,9.688796039607107,1.9854870000000002,0.59809936,-0.3646530000000001,-0.08162176903160356,0.21269358003391636,0.9737039850396876,-4.678802066221084,11.674847717363066,3.0945148989084217,3.0948112303476294,2.639751804835862
05/05/2023 11:40:17.012782,1772,True,True,True,True,Eyes,1.421004,0.05057481,-3.628218,0.9247276,0.3233702,-0.2007751,0.0,0.0,0.0,0.0,0.0,0.0,0.0,-3.12497,-0.2593274,-2.410837,1.533607,0.05938576,-3.645457,-0.09412156,0.7867118,-0.001240839,0.6101017,353.5178,104.9036,351.3401,0.3460158,0.01263636,-0.9381433,0.2621664,-0.009744625,0.01989406,3.517057,0.6703254,-3.993915,-0.2287121,0.3500811,2.062493,-0.237834,-0.1496072,-0.9597149,-0.146579,0.9822792,-0.1167998,0.960182,0.1128951,-0.2555487,moving,-4.4318532227417435,11.89594430455091,-6.327738984869084,9.633391738168024,1.98345,0.61093964,-0.34845799999999993,-0.07562336363223904,0.20554465028271252,0.9757215611243371,-4.316555284365136,11.257910837027385,2.9484672055409074,2.9518683809890565,2.5853282537680946
05/05/2023 11:40:17.032712,1773,True,True,True,True,Eyes,1.426746,0.05111046,-3.628753,0.9257262,0.3227723,-0.1971013,0.0,0.0,0.0,0.0,0.0,0.0,0.0,-3.143148,-0.2512687,-2.394423,1.544579,0.05991184,-3.64506,-0.09387472,0.7841263,2.850738e-06,0.6134602,353.3859,104.4178,351.4772,0.3478851,0.01267077,-0.9374512,0.2464364,-0.009159947,0.01870042,3.529135,0.6725706,-3.978235,-0.2255273,0.3480614,2.062234,-0.2297082,-0.1472158,-0.9620611,-0.1472228,0.9823751,-0.1151723,0.9620601,0.1151813,-0.2473331,moving,-4.13163298075182,11.7712179568156,-6.241103225015573,9.580027886303558,1.9845560000000002,0.61265876,-0.3331750000000002,-0.0705405632979424,0.20349609517335987,0.9765312312743635,-4.020533129141153,11.134563169193823,3.0354013459476668,3.041575025631415,2.7106293543091518
05/05/2023 11:40:17.042793,1774,True,True,True,True,Eyes,1.432684,0.05164736,-3.629214,0.9268216,0.3219935,-0.1931889,0.0,0.0,0.0,0.0,0.0,0.0,0.0,-3.161735,-0.2586613,-2.375024,1.555486,0.06053951,-3.644313,-0.09193107,0.7813902,-0.001187203,0.617233,353.5907,103.8595,351.6021,0.3496901,0.01271459,-0.9367788,0.2316502,-0.00861035,0.01757839,3.544876,0.663174,-3.96065,-0.2223346,0.3460371,2.061974,-0.221144,-0.1451336,-0.9643814,-0.1422025,0.9830945,-0.1153411,0.9648179,0.1116305,-0.2380438,moving,-3.832137528851178,11.974731885165303,-6.15420299675518,9.526514056964471,1.98939,0.60263449,-0.31633699999999987,-0.06538549849849123,0.207036308973794,0.976145863436726,-3.734064649650959,11.33059292768399,3.366895848366051,3.3742789706176683,3.01857088551867
05/05/2023 11:40:17.062847,1775,True,True,True,True,Eyes,1.438781,0.05219621,-3.629612,0.9280018,0.3209474,-0.1892235,0.0,0.0,0.0,0.0,0.0,0.0,0.0,-3.180609,-0.273497,-2.353197,1.566149,0.06115747,-3.643082,-0.08972824,0.7784542,-0.003407767,0.6212457,353.9048,103.2606,351.6771,0.3514422,0.01276691,-0.9361223,0.2177512,-0.008093729,0.01652369,3.561397,0.6500496,-3.941713,-0.2191036,0.3439885,2.061711,-0.2120052,-0.1439328,-0.9666112,-0.1354645,0.9838745,-0.1167921,0.9678342,0.106181,-0.2280843,moving,-3.521836270053561,12.27146348392395,-6.066208686439546,9.47232646185162,1.995248,0.58889213,-0.29863099999999987,-0.06003050334594767,0.2121604342628292,0.9753893561669051,-3.4395749825639217,11.617250353439037,3.774316118528034,3.7827237622646734,3.391150706624211
05/05/2023 11:40:17.083449,1776,True,True,True,True,Eyes,1.44505,0.05276228,-3.629938,0.9292374,0.3198052,-0.1850475,0.0,0.0,0.0,0.0,0.0,0.0,0.0,-3.200133,-0.2948816,-2.328712,1.576131,0.06213964,-3.641792,-0.08677649,0.7753772,-0.006622167,0.6254729,354.3597,102.6232,351.7468,0.3531503,0.01282715,-0.9354784,0.2046861,-0.007608105,0.01553227,3.578566,0.6324158,-3.921525,-0.2159655,0.3419986,2.061457,-0.2025073,-0.142853,-0.9688056,-0.1262851,0.984852,-0.118822,0.9711041,0.09828334,-0.2174799,moving,-3.2075516817933565,12.704782366595012,-5.98069129599543,9.419655349482776,2.002435,0.5702761599999999,-0.2797329999999998,-0.054587291263331394,0.2195997277270835,0.9740617413576889,-3.144883759371133,12.036778640385474,4.289981422045504,4.299111866236743,3.858903821626102
05/05/2023 11:40:17.092682,1777,True,True,True,True,Eyes,1.451474,0.05334077,-3.630179,0.9303988,0.3187591,-0.1809715,0.0,0.0,0.0,0.0,0.0,0.0,0.0,-3.217798,-0.3035256,-2.308168,1.586528,0.06315629,-3.640458,-0.0849586,0.772559,-0.007919323,0.6291836,354.5675,102.0678,351.8437,0.3548229,0.01289494,-0.9348444,0.1924049,-0.007151619,0.01460033,3.59312,0.6233705,-3.903398,-0.2127731,0.3399739,2.061197,-0.19382,-0.1412365,-0.9708171,-0.1213056,0.9854386,-0.1191454,0.9735085,0.09467283,-0.2081305,moving,-2.9199582633360976,12.890712012494923,-5.893649629717179,9.366040237819425,2.006592,0.56021421,-0.26293999999999995,-0.049660191870199766,0.222816838261246,0.9735946264319543,-2.869543654199204,12.2157780966868,4.600583649462454,4.61152376787581,4.155264469973666
05/05/2023 11:40:17.112682,1778,True,True,True,True,Eyes,1.458048,0.05391634,-3.630348,0.9315626,0.3177199,-0.1767629,0.0,0.0,0.0,0.0,0.0,0.0,0.0,-3.233841,-0.3034376,-2.290574,1.59662,0.06400594,-3.639125,-0.08368954,0.7700179,-0.007984956,0.6324593,354.6313,101.5804,351.9754,0.3564678,0.01296984,-0.9342173,0.1808606,-0.006722522,0.01372431,3.605568,0.6190767,-3.887176,-0.2095041,0.3379017,2.06093,-0.1859827,-0.1389852,-0.9726735,-0.1187846,0.9858646,-0.1181576,0.9753465,0.09356333,-0.1998631,moving,-2.674399198888769,12.925909962548797,-5.8044705080081895,9.31114014169793,2.008948,0.55507076,-0.24805100000000024,-0.045480238575426546,0.22345942003926078,0.973651565441159,-2.6311167267728446,12.248396735180187,4.7686230503533285,4.7816218229704,4.324077996155441
05/05/2023 11:40:17.132646,1779,True,True,True,True,Eyes,1.464795,0.05450716,-3.630365,0.9321661,0.317083,-0.1747135,0.0,0.0,0.0,0.0,0.0,0.0,0.0,-3.247292,-0.3006313,-2.276699,1.606823,0.06452946,-3.637664,-0.08246783,0.7678304,-0.007777721,0.6352757,354.6732,101.1609,352.119,0.3580915,0.01305106,-0.9335951,0.170009,-0.00631917,0.01290085,3.617561,0.6152943,-3.872982,-0.2063461,0.3358989,2.060674,-0.1792478,-0.1365246,-0.9742851,-0.1167606,0.9862772,-0.1167235,0.9768507,0.09283567,-0.1927288,moving,-2.361681270059564,12.971459765378414,-5.7182653940684816,9.25803969267313,2.010738,0.5507648399999999,-0.23531799999999992,-0.04015763077432899,0.22428461684939344,0.9736959737493905,-2.32750108251413,12.29064220276574,4.989339170559076,5.005611412996342,4.549061507688224
05/05/2023 11:40:17.143256,1780,True,True,True,True,Eyes,1.471681,0.05506186,-3.630314,0.9327922,0.3164499,-0.1725056,0.0,0.0,0.0,0.0,0.0,0.0,0.0,-3.258463,-0.2870975,-2.267477,1.617161,0.06481399,-3.636213,-0.08173551,0.7660555,-0.00611972,0.6375271,354.5578,100.8297,352.3204,0.359701,0.01313835,-0.9329748,0.1598085,-0.00594002,0.0121268,3.62785,0.6166317,-3.861306,-0.2031426,0.3338676,2.060414,-0.173757,-0.1330308,-0.9757619,-0.1174249,0.9865637,-0.1135933,0.9777626,0.09484111,-0.1870435,moving,-2.1073634029364574,12.850236608966702,-5.630770653520908,9.204155311495079,2.010689,0.55181771,-0.22509299999999977,-0.03585236865427033,0.22226043496274844,0.9743279305933181,-2.0763198538578527,12.171007484229598,5.0507256266465665,5.070336032379258,4.629938693123795
05/05/2023 11:40:17.162851,1781,True,True,True,True,Eyes,1.646896,0.06777965,-3.628786,0.9472548,0.3001567,-0.1123126,0.0,0.0,0.0,0.0,0.0,0.0,0.0,-3.268265,-0.2734566,-2.259818,1.627411,0.06453973,-3.634622,-0.07972904,0.7645602,-0.004903903,0.6395836,354.5782,100.5233,352.6018,0.3613011,0.01323018,-0.9323551,0.1502199,-0.005583619,0.01139919,3.6393,0.6124428,-3.850127,-0.1999546,0.3318461,2.060154,-0.1691525,-0.1281882,-0.9772182,-0.1156424,0.9872385,-0.1094854,0.9787822,0.09448812,-0.1818178,moving,-5.20790563804771,11.529497293740642,-5.543654518665767,9.15050655435241,2.011889,0.5479030699999999,-0.21550500000000028,-0.08895306068406,0.1990800492938326,0.9759376556751937,-5.063188942622253,10.906510018639887,2.3976041784365103,2.402566179927464,1.8205480868003592
05/05/2023 11:40:17.182639,1782,True,True,True,True,Eyes,1.647304,0.06773568,-3.628726,0.9472904,0.3001156,-0.1121225,0.0,0.0,0.0,0.0,0.0,0.0,0.0,-3.276483,-0.2552525,-2.255058,1.637586,0.06414483,-3.633177,-0.07728156,0.7633926,-0.003266457,0.6412867,354.5986,100.2692,352.9505,0.368335,0.01370048,-0.929592,0.6668496,0.03290475,0.01529932,3.650516,0.6079271,-3.840597,-0.1967153,0.3297918,2.059891,-0.1655578,-0.1221818,-0.9786021,-0.1138029,0.9880338,-0.1041065,0.9796118,0.0941321,-0.1774814,moving,-4.905424961986206,11.601269296593347,-5.455084553318706,9.095951559422895,2.01293,0.54378227,-0.20741999999999994,-0.08377671797404385,0.2003926596410034,0.9761271299319946,-4.770259539282055,10.974337161763364,2.562192351663435,2.5649059691389637,1.999329330283099
05/05/2023 11:40:17.199675,1783,True,True,True,True,Eyes,1.648097,0.06766132,-3.628603,0.9473707,0.2999957,-0.1117642,0.0,0.0,0.0,0.0,0.0,0.0,0.0,-3.283041,-0.2363187,-2.252656,1.647809,0.06308838,-3.631722,-0.07469221,0.7624596,-0.001689561,0.6427081,354.6388,100.056,353.3051,0.3741155,0.0140945,-0.9272747,0.6268386,0.03093046,0.01438136,3.661783,0.6020636,-3.832522,-0.1934752,0.3277377,2.059627,-0.1626952,-0.1160714,-0.9798254,-0.1117278,0.9888364,-0.09858701,0.9803303,0.09343413,-0.1738474,moving,-4.652537627943865,11.680701490454052,-5.3664463307949495,9.041375731028129,2.0139739999999997,0.53897522,-0.2008000000000001,-0.07944383822858542,0.20181755085727565,0.9761958063688359,-4.525881131763421,11.049946425882055,2.7326523785805352,2.734173750948491,2.177362186235652
05/05/2023 11:40:17.213581,1784,True,True,True,True,Eyes,1.649266,0.06753978,-3.628422,0.9474657,0.2998611,-0.1113197,0.0,0.0,0.0,0.0,0.0,0.0,0.0,-3.28754,-0.2263866,-2.2521,1.657796,0.06233352,-3.630282,-0.07170647,0.7617323,-0.001377228,0.6439101,354.8222,99.87245,353.5999,0.3788853,0.01442448,-0.9253311,0.5892283,0.02907464,0.01351848,3.673947,0.5917839,-3.825932,-0.1904323,0.3258085,2.05938,-0.1604759,-0.1110159,-0.9807765,-0.1074686,0.9897125,-0.09444318,0.9811716,0.09024686,-0.1707558,moving,-4.463000158908082,11.891864876428263,-5.283156283343352,8.990086509604831,2.016151,0.52945038,-0.1956500000000001,-0.07615504024838171,0.20546683490428458,0.9756965702394229,-4.346807953767539,11.254148167051346,3.014233002723018,3.01545581274426,2.4500455879470646
05/05/2023 11:40:17.232761,1785,True,True,True,True,Eyes,1.650795,0.06736355,-3.628142,0.9475825,0.299687,-0.1107929,0.0,0.0,0.0,0.0,0.0,0.0,0.0,-3.289522,-0.2153191,-2.255264,1.667977,0.06110154,-3.628727,-0.0704018,0.7612175,-0.000549531,0.6446636,354.8402,99.75898,353.781,0.382842,0.0147,-0.9236966,0.5538746,0.02733016,0.01270737,3.684357,0.5870754,-3.822233,-0.1872569,0.323795,2.05912,-0.1589047,-0.1078907,-0.981381,-0.1064736,0.9900866,-0.09160757,0.9815357,0.08993432,-0.1688169,moving,-4.347432757590295,11.919782239263393,-5.196199896440066,8.936536907693839,2.01638,0.52597386,-0.19350600000000018,-0.07417880831784546,0.20597298183124382,0.9757420735613231,-4.234903125742045,11.280544942039814,3.1005405768730805,3.101638013102555,2.533468994567119
05/05/2023 11:40:17.242798,1786,True,True,True,True,Eyes,1.652675,0.06712793,-3.62779,0.9477308,0.2994352,-0.1102037,0.0,0.0,0.0,0.0,0.0,0.0,0.0,-3.290399,-0.209397,-2.258956,1.678042,0.05954905,-3.626857,-0.0694811,0.7607312,-0.0003339598,0.6453374,354.8842,99.65687,353.8824,0.3861471,0.0149287,-0.9223161,0.5206422,0.02569035,0.01194493,3.694739,0.5813197,-3.819173,-0.1840409,0.3217554,2.058859,-0.157424,-0.1061439,-0.98181,-0.1052818,0.9903445,-0.09018561,0.9819029,0.0891694,-0.1670792,moving,-4.265958115565427,11.96145388771274,-5.108079102144003,8.882253259337633,2.016697,0.52177065,-0.19231599999999993,-0.07277976171811051,0.2067039559102141,0.9756928536464196,-4.156603287526374,11.320550504774001,3.191077892528813,3.1922788515137155,2.617365026683298
05/05/2023 11:40:17.262353,1787,True,True,True,True,Eyes,1.654887,0.0668546,-3.627338,0.9479049,0.2991537,-0.1094676,0.0,0.0,0.0,0.0,0.0,0.0,0.0,-3.291352,-0.2101434,-2.261803,1.688313,0.05791112,-3.624797,-0.06849971,0.7601358,-0.001003884,0.6461428,355.0092,99.53355,353.9246,0.3890003,0.01512014,-0.9211133,0.4894036,0.02414893,0.01122823,3.706049,0.5728143,-3.815605,-0.1808722,0.3197462,2.058602,-0.155615,-0.1054355,-0.9821749,-0.1028409,0.9906136,-0.09004736,0.98245,0.086995,-0.1649974,moving,-4.194586800725479,12.078739668969316,-5.021208402077713,8.828749052170078,2.017736,0.51490318,-0.1908080000000001,-0.07153300633704107,0.20871964322216496,0.9753557969556835,-4.090190409306035,11.434194427762062,3.3519877468823673,3.3534672029267294,2.766792386150117
05/05/2023 11:40:17.282653,1788,True,True,True,True,Eyes,1.657426,0.06653488,-3.626808,0.9480674,0.2989209,-0.108695,0.0,0.0,0.0,0.0,0.0,0.0,0.0,-3.292739,-0.211281,-2.263688,1.698396,0.05667678,-3.622608,-0.06800823,0.7594239,-0.001525869,0.64703,355.0844,99.39851,353.935,0.3916159,0.01528527,-0.9200016,0.4600394,0.02269999,0.01055454,3.716698,0.5664735,-3.811704,-0.17759,0.3176651,2.058335,-0.1534541,-0.1052687,-0.9825326,-0.1013196,0.9907451,-0.09032428,0.9829476,0.08568915,-0.1626997,moving,-4.114744554381639,12.147722291304417,-4.931180678650151,8.773303085801786,2.0183020000000003,0.50979672,-0.18909600000000015,-0.07015542936271629,0.2099144160006674,0.9751995980877975,-4.01421798035323,11.500783963178447,3.4701469087409835,3.4717823836576507,2.8774941401370975
05/05/2023 11:40:17.292473,1789,True,True,True,True,Eyes,1.660273,0.06614795,-3.626218,0.9483197,0.2985162,-0.1076004,0.0,0.0,0.0,0.0,0.0,0.0,0.0,-3.293093,-0.208887,-2.26741,1.708802,0.05523163,-3.620247,-0.06848668,0.7587981,-0.001374153,0.647714,355.03,99.29612,353.9086,0.3940255,0.01542555,-0.9189698,0.432437,0.02133799,0.009921264,3.726391,0.5646207,-3.808751,-0.1743637,0.3156188,2.058072,-0.1515528,-0.1057152,-0.9827799,-0.102155,0.9906154,-0.09080496,0.9831563,0.08663414,-0.1609299,moving,-4.076861408289482,12.070546846477448,-4.842640949145831,8.718756033885576,2.017589,0.50938907,-0.188504,-0.06953047182424349,0.20860980714743593,0.9755242093359331,-3.9752086444368526,11.425442250435093,3.4363412248635927,3.438156476452089,2.842285889581108
05/05/2023 11:40:17.313105,1790,True,True,True,True,Eyes,1.663416,0.06570219,-3.625533,0.9485833,0.2980711,-0.1065049,0.0,0.0,0.0,0.0,0.0,0.0,0.0,-3.293135,-0.2052757,-2.271266,1.71916,0.05330754,-3.617619,-0.06908339,0.7581898,-0.001101254,0.648363,354.9565,99.1992,353.8808,0.3962572,0.01554176,-0.9180078,0.4064908,0.02005771,0.009325988,3.735867,0.5630074,-3.805656,-0.1711927,0.3136087,2.057815,-0.1497059,-0.1061847,-0.9830123,-0.1033286,0.9904525,-0.09125215,0.9833165,0.08791231,-0.1592485,moving,-4.0420811386060045,11.971324761452207,-4.755570730889767,8.665139263648475,2.016707,0.50969986,-0.188037,-0.06896345991655961,0.20692828565176832,0.9759224750007899,-3.9386298229709134,11.328670080511396,3.3803202382689643,3.3822965488237364,2.785998718486736
05/05/2023 11:40:17.332964,1791,True,True,True,True,Eyes,1.666849,0.06520894,-3.624758,0.9489095,0.2975184,-0.1051359,0.0,0.0,0.0,0.0,0.0,0.0,0.0,-3.292794,-0.2069904,-2.2749,1.72943,0.05143339,-3.614822,-0.06894217,0.7576138,-0.001709823,0.6490498,355.0145,99.09438,353.8525,0.3983359,0.01563484,-0.9171062,0.3821014,0.01885425,0.008766429,3.746423,0.5567371,-3.802379,-0.1679371,0.3115439,2.05755,-0.1479631,-0.1066826,-0.9832222,-0.1022435,0.9904881,-0.09208455,0.9836938,0.08690301,-0.1574632,moving,-4.0311781848113375,11.995920781897265,-4.666134579049393,8.610037712705175,2.0169930000000003,0.50530371,-0.18755699999999997,-0.06877147296049052,0.20734997117031626,0.975846539656791,-3.92866435942065,11.352529318704303,3.442326213834948,3.444905482132339,2.8399159378078322
05/05/2023 11:40:17.342437,1792,True,True,True,True,Eyes,1.670556,0.06470279,-3.623877,0.9492393,0.2969275,-0.1038216,0.0,0.0,0.0,0.0,0.0,0.0,0.0,-3.289452,-0.2123216,-2.282258,1.739893,0.04943098,-3.611732,-0.06935889,0.7573413,-0.002695641,0.6493199,355.0671,99.05228,353.7446,0.4002844,0.01570592,-0.9162561,0.3591753,0.01772299,0.008240443,3.756859,0.5508327,-3.801301,-0.1648462,0.3095841,2.057298,-0.1471459,-0.1085574,-0.9831395,-0.101556,0.9903641,-0.09415525,0.9838873,0.08598917,-0.1567528,moving,-4.093964149389332,12.002154755029554,-4.581181450426031,8.557712170944889,2.016966,0.5014017199999999,-0.1895690000000001,-0.06983941602383986,0.207440729424044,0.975751460820208,-3.990037332347785,11.359011238381502,3.4748620513396338,3.4787304312759466,2.862992810602176
05/05/2023 11:40:17.362646,1793,True,True,True,True,Eyes,1.674536,0.06414513,-3.622873,0.9496044,0.296276,-0.1023329,0.0,0.0,0.0,0.0,0.0,0.0,0.0,-3.2848,-0.2199341,-2.290576,1.75015,0.04861943,-3.608272,-0.06945848,0.7571995,-0.003920245,0.6494685,355.1651,99.02754,353.6458,0.4021219,0.01575685,-0.9154503,0.3376248,0.01665961,0.007746016,3.767406,0.5443776,-3.800596,-0.1616136,0.3075344,2.057035,-0.1467329,-0.11028,-0.9830097,-0.1000957,0.9903203,-0.09615898,0.9840988,0.08428536,-0.1563511,moving,-4.187294524984542,12.047940579983676,-4.492288636618998,8.502954959108678,2.0172559999999997,0.49575817,-0.19232400000000016,-0.07141700889107694,0.20819707256334286,0.9754760873106403,-4.082251625805362,11.404179040802562,3.552201318409031,3.5580815702204167,2.9300565732486303
05/05/2023 11:40:17.382798,1794,True,True,True,True,Eyes,1.678773,0.06355268,-3.621746,0.9499553,0.2956442,-0.1008924,0.0,0.0,0.0,0.0,0.0,0.0,0.0,-3.279745,-0.2234742,-2.299502,1.76061,0.04722647,-3.604496,-0.06989491,0.7570891,-0.004616435,0.6495458,355.1924,99.01479,353.5564,0.4038668,0.01578839,-0.9146813,0.3173673,0.01566004,0.007281255,3.777507,0.5397393,-3.799918,-0.1582959,0.3054307,2.056767,-0.1464102,-0.1118305,-0.9828826,-0.09983616,0.9901868,-0.09778999,0.9841732,0.08380978,-0.1561382,moving,-4.278690901186476,12.02420480524599,-4.401005386198266,8.446716500814956,2.016897,0.49251283,-0.19542199999999976,-0.07297974420398334,0.207769363268352,0.9754515313394485,-4.170706788159179,11.3816905962422,3.571524392676406,3.579578662578116,2.943995649638045
05/05/2023 11:40:17.392619,1795,True,True,True,True,Eyes,1.683257,0.06292488,-3.620527,0.95036,0.2949041,-0.09923386,0.0,0.0,0.0,0.0,0.0,0.0,0.0,-3.275155,-0.2238151,-2.307539,1.771017,0.04579525,-3.600399,-0.07010955,0.7569231,-0.004958227,0.6497133,355.2047,98.98888,353.5132,0.4055352,0.01580163,-0.9139426,0.2983252,0.01472043,0.006844379,3.78756,0.5356687,-3.797955,-0.1552201,0.3034805,2.056516,-0.1459145,-0.1125779,-0.9828709,-0.09969224,0.9901201,-0.09860822,0.9842613,0.08359622,-0.155696,moving,-4.357712964006554,11.982133508066756,-4.316341815957761,8.394564108764115,2.016543,0.48987345,-0.19755600000000006,-0.07433688971211466,0.2070322480802792,0.9755058133348383,-4.246605033898216,11.341279917430652,3.5776305205599432,3.587807933363154,2.9475408861994277
05/05/2023 11:40:17.412398,1796,True,True,True,True,Eyes,1.687978,0.06226308,-3.619181,0.9507502,0.2941855,-0.09761641,0.0,0.0,0.0,0.0,0.0,0.0,0.0,-3.270404,-0.2246895,-2.31557,1.781567,0.04445098,-3.5961,-0.06965225,0.7567937,-0.005531851,0.6499087,355.2871,98.95755,353.5119,0.4071408,0.01579749,-0.9132286,0.2804257,0.01383721,0.006433717,3.798392,0.5290508,-3.795543,-0.1520549,0.301473,2.056257,-0.1455346,-0.1126152,-0.982923,-0.09823436,0.9902359,-0.09890813,0.9844641,0.08216226,-0.1551763,moving,-4.4293294202252245,12.014935391954179,-4.22917758790087,8.340853954947125,2.0168250000000003,0.48459982,-0.19944300000000004,-0.07554733243993733,0.20757176557021334,0.9752981992246536,-4.317302228380459,11.373670554878172,3.6669234561505832,3.679529203817061,3.0340966499234954
05/05/2023 11:40:17.432577,1797,True,True,True,True,Eyes,1.692923,0.06157019,-3.617704,0.9511784,0.2934064,-0.09577125,0.0,0.0,0.0,0.0,0.0,0.0,0.0,-3.266004,-0.2197183,-2.323437,1.791992,0.04297898,-3.591703,-0.0693102,0.7566648,-0.005336869,0.6500971,355.2942,98.92921,353.5575,0.4086953,0.01577688,-0.9125343,0.2636002,0.01300698,0.006047694,3.808501,0.5248538,-3.792812,-0.1488599,0.2994476,2.055998,-0.1451402,-0.1118281,-0.9830712,-0.09795021,0.9903353,-0.09819315,0.9845508,0.08204027,-0.154691,moving,-4.497188978629482,11.97107984316803,-4.141145652418201,8.28662702777511,2.016509,0.48187482000000004,-0.2011090000000002,-0.07671509223127615,0.20680667201820607,0.975369464124638,-4.382270962090524,11.331449803759437,3.68668551864384,3.701615782195176,3.0543554397151422
05/05/2023 11:40:17.442748,1798,True,True,True,True,Eyes,1.698094,0.06085144,-3.616092,0.9515862,0.2926754,-0.09393997,0.0,0.0,0.0,0.0,0.0,0.0,0.0,-3.26255,-0.2139919,-2.329433,1.802349,0.04159611,-3.586933,-0.06830261,0.7564104,-0.005183327,0.6505008,355.3528,98.86755,353.6595,0.4102101,0.01574069,-0.9118549,0.2477842,0.01222656,0.005684832,3.819148,0.5188487,-3.788264,-0.1457072,0.2974486,2.055741,-0.1443672,-0.1100731,-0.9833829,-0.09658609,0.9906158,-0.09670324,0.984799,0.08102035,-0.153644,moving,-4.526809552750854,11.988967957970312,-4.05424106372601,8.233084287729884,2.0167990000000002,0.47725259000000003,-0.2013309999999997,-0.07721437901132999,0.20710318376087158,0.9752672016986966,-4.4116278011701615,11.349051085138466,3.7687021554414604,3.7854964167461485,3.13639512221494
05/05/2023 11:40:17.462736,1799,True,True,True,True,Eyes,1.703473,0.06010935,-3.614353,0.9519774,0.292045,-0.09191754,0.0,0.0,0.0,0.0,0.0,0.0,0.0,-3.259712,-0.2059445,-2.334846,1.812928,0.04026014,-3.582082,-0.06797058,0.7560312,-0.004550293,0.6509812,355.3186,98.79595,353.7386,0.4116948,0.01568986,-0.9111865,0.2329171,0.01149296,0.005343742,3.829254,0.5161846,-3.783342,-0.1425058,0.2954184,2.05548,-0.1432074,-0.1087,-0.9837053,-0.09685143,0.9907186,-0.09537544,0.9849424,0.0816148,-0.1524059,moving,-4.551550413115587,11.918749318204819,-3.965952743326002,8.178677285599772,2.0163260000000003,0.47592446,-0.20126,-0.07765564764149746,0.2059007340513162,0.9754868396866869,-4.433853040994981,11.280893522139978,3.7672558679873327,3.7856391058759735,3.1373039806197296
05/05/2023 11:40:17.482507,1800,True,True,True,True,Eyes,1.709058,0.0593404,-3.612467,0.9523398,0.2914919,-0.08989574,0.0,0.0,0.0,0.0,0.0,0.0,0.0,-3.257871,-0.2014962,-2.338013,1.823388,0.03901117,-3.576919,-0.06852509,0.7553706,-0.004131643,0.6516922,355.2348,98.68969,353.7258,0.4131578,0.01562526,-0.9105251,0.2189421,0.01080339,0.005023118,3.838856,0.5154641,-3.77741,-0.1392046,0.2933251,2.055212,-0.1412035,-0.1089088,-0.9839718,-0.09813854,0.9905745,-0.09555636,0.9851043,0.08307268,-0.1505608,moving,-4.555978626283537,11.799797117238525,-3.8748667527987255,8.122544911380528,2.015468,0.47645293,-0.20049099999999997,-0.07776474187113891,0.20387331473179182,0.9759037775117916,-4.434963600660131,11.165184269184032,3.7202993881615694,3.739799081460058,3.093761907555137
05/05/2023 11:40:17.492817,1801,True,True,True,True,Eyes,1.714841,0.05855468,-3.610427,0.9526688,0.2910802,-0.08771835,0.0,0.0,0.0,0.0,0.0,0.0,0.0,-3.256809,-0.204479,-2.33923,1.833942,0.03757543,-3.571534,-0.06973449,0.7544439,-0.004516593,0.652634,355.1696,98.54726,353.5975,0.4146075,0.01554762,-0.9098673,0.2058056,0.01015518,0.00472173,3.848734,0.5141342,-3.770579,-0.1359417,0.2912567,2.054946,-0.138412,-0.1111169,-0.9841214,-0.09932615,0.9902334,-0.0978372,0.9853812,0.08420714,-0.1480971,moving,-4.561070594750553,11.70135780373089,-3.784796929090407,8.06705502878662,2.014792,0.47655876999999996,-0.19904499999999992,-0.07787916006970808,0.20219452969910856,0.9762439463775412,-4.437274090194272,11.069438134374206,3.6956031799161106,3.716282748118752,3.0724633046596215
05/05/2023 11:40:17.512720,1802,True,True,True,True,Eyes,1.720809,0.05778607,-3.608239,0.9529904,0.2906961,-0.08546908,0.0,0.0,0.0,0.0,0.0,0.0,0.0,-3.258454,-0.2099082,-2.336159,1.844471,0.03635845,-3.565927,-0.07177884,0.7530193,-0.004946087,0.654053,355.0409,98.33282,353.3962,0.4160499,0.01545787,-0.9092102,0.1934572,0.009545871,0.004438427,3.85829,0.515547,-3.761077,-0.1329146,0.2893367,2.054699,-0.1341248,-0.1145717,-0.9843189,-0.1016317,0.9896467,-0.1013433,0.985739,0.08644533,-0.1443803,moving,-4.506718947792311,11.54211221746888,-3.7011989576570854,8.015520161454532,2.0138190000000002,0.47918855,-0.19514999999999993,-0.07699654260319982,0.19949412126012395,0.9768692423723968,-4.379998892141511,10.91413425631229,3.5970291544931716,3.617418137850663,2.9770342661723124
05/05/2023 11:40:17.532591,1803,True,True,True,True,Eyes,1.726936,0.05722941,-3.60592,0.9533876,0.2900748,-0.08311863,0.0,0.0,0.0,0.0,0.0,0.0,0.0,-3.262075,-0.226139,-2.329144,1.85493,0.03597581,-3.560214,-0.07341018,0.7511967,-0.006715705,0.6559492,355.054,98.0416,353.1341,0.4174916,0.01535762,-0.9085507,0.1818498,0.008973119,0.004172121,3.869128,0.5127351,-3.749411,-0.1297106,0.2873055,2.05444,-0.1286833,-0.1191013,-0.9845079,-0.1014806,0.9891317,-0.1063963,0.9864798,0.08621706,-0.1393712,moving,-4.412778667693509,11.512602934811921,-3.6126722632063357,7.9609640403468696,2.014198,0.47675929,-0.18919699999999962,-0.07540229286980082,0.19901530244740298,0.977091303667995,-4.28762875766098,10.884799228692577,3.6209317696067846,3.640646796268258,3.000729657602477
05/05/2023 11:40:17.542576,1804,True,True,True,True,Eyes,1.733271,0.05691539,-3.60349,0.9534763,0.2904105,-0.08090005,0.0,0.0,0.0,0.0,0.0,0.0,0.0,-3.266197,-0.2761699,-2.317607,1.864881,0.04054022,-3.554741,-0.07445545,0.7488957,-0.01228238,0.6583776,355.4319,97.65452,352.6403,0.4189363,0.01525331,-0.9078873,0.1709388,0.008434732,0.003921794,3.882506,0.5022346,-3.736287,-0.1263942,0.2852026,2.05417,-0.121991,-0.1276916,-0.9842831,-0.09534583,0.9886111,-0.116436,0.9879411,0.07964314,-0.1327764,moving,-4.32308462420856,11.89826108679197,-3.521001514181304,7.904459370988518,2.017625,0.46169437999999996,-0.18154599999999999,-0.07376987234816623,0.2056127358630031,0.9758491379545351,-4.210588039624626,11.259443736144332,4.053377483688242,4.0735475277140925,3.4251203871561877
05/05/2023 11:40:17.562631,1805,True,True,True,True,Eyes,1.739793,0.05667493,-3.600926,0.9533371,0.2914193,-0.07888623,0.0,0.0,0.0,0.0,0.0,0.0,0.0,-3.264594,-0.2733188,-2.32167,1.876303,0.04577663,-3.549621,-0.08729164,0.7470993,-0.008313402,0.6589035,354.1104,97.59976,351.8285,0.4203895,0.01515136,-0.9072169,0.1606825,0.007928648,0.003686486,3.881947,0.5528148,-3.73475,-0.1232544,0.2832112,2.053915,-0.1164527,-0.1413865,-0.9830813,-0.1194756,0.9846221,-0.1274554,0.985984,0.1026117,-0.1315542,moving,-4.3560337134049645,10.579779566193647,-3.4341723806609705,7.850920140135359,2.0056439999999998,0.5070381700000001,-0.18512899999999988,-0.0746699663081572,0.18309186826387852,0.9802559032414415,-4.207170096117705,9.976800478632914,2.8614396004833145,2.880364922018684,2.262054968764422
05/05/2023 11:40:17.582768,1806,True,True,True,True,Eyes,1.746475,0.05654753,-3.598231,0.9532283,0.2923212,-0.07683787,0.0,0.0,0.0,0.0,0.0,0.0,0.0,-3.261738,-0.2698073,-2.326028,1.887429,0.04712965,-3.54366,-0.0965988,0.7456197,-0.005669151,0.6593087,353.1701,97.55588,351.2218,0.4218546,0.01505343,-0.9065382,0.1510415,0.007452929,0.003465297,3.883844,0.5854705,-3.732067,-0.1200622,0.2811876,2.053655,-0.1119616,-0.1515274,-0.9820917,-0.1365765,0.9812731,-0.1358309,0.9842822,0.1189228,-0.1305601,moving,-4.395182570664889,9.64681635519158,-3.3458570662086182,7.796490731002576,1.9964149999999998,0.53834085,-0.18840699999999977,-0.07555775940978321,0.16709531878843537,0.9830412573175307,-4.2201867687300725,9.069301579151668,2.1083793068540926,2.127155125944705,1.544182594085708
05/05/2023 11:40:17.592712,1807,True,True,True,True,Eyes,1.75333,0.05650382,-3.59545,0.9531118,0.2932206,-0.07483163,0.0,0.0,0.0,0.0,0.0,0.0,0.0,-3.261801,-0.2993295,-2.322083,1.897943,0.0497018,-3.537846,-0.09814529,0.7439628,-0.00884953,0.6609148,353.3062,97.30164,350.862,0.4233352,0.01496193,-0.9058493,0.141979,0.007005753,0.003257379,3.895798,0.5810603,-3.722393,-0.1166564,0.2790278,2.053378,-0.1071181,-0.1577305,-0.9816551,-0.1343353,0.9805784,-0.1428988,0.9851294,0.1165639,-0.1262265,moving,-4.358399036138079,9.8262951673463,-3.2515894624010415,7.738365212296092,1.9978550000000002,0.5313585,-0.1845469999999998,-0.07488650780456108,0.17018253109589046,0.9825630328231824,-4.189167016970071,9.243687709001232,2.3433287743106423,2.363150213107903,1.7734281744458216
05/05/2023 11:40:17.612661,1808,True,True,True,True,Eyes,1.760305,0.05649112,-3.592551,0.9531028,0.2938017,-0.07263426,0.0,0.0,0.0,0.0,0.0,0.0,0.0,-3.264468,-0.2878048,-2.320259,1.909126,0.05177734,-3.532101,-0.1017118,0.7423818,-0.006385133,0.662181,352.8064,97.1188,350.7502,0.4248337,0.01487832,-0.9051489,0.1334603,0.006585408,0.003061936,3.902524,0.5983928,-3.712873,-0.1136844,0.277143,2.053137,-0.1023426,-0.1594742,-0.981883,-0.1425617,0.9792278,-0.1441837,0.9844807,0.1252228,-0.1229516,moving,-4.247226690436194,9.365428376476913,-3.1692924997859544,7.6876119928559525,1.993398,0.5466154599999999,-0.18077200000000015,-0.07307834829930676,0.16229554731967774,0.9840324346008769,-4.068372259219851,8.794534344786603,1.976329539885127,1.9942442018267739,1.4260510183816697
05/05/2023 11:40:17.632663,1809,True,True,True,True,Eyes,1.760305,0.05649112,-3.592551,0.9531028,0.2938017,-0.07263426,0.0,0.0,0.0,0.0,0.0,0.0,0.0,-3.27131,-0.3000856,-2.308544,1.918962,0.05258016,-3.526431,-0.09837884,0.7405661,-0.008612165,0.6646873,353.2218,96.72195,350.8937,0.4263517,0.0148026,-0.9044361,0.1254527,0.006190284,0.00287822,3.917256,0.581971,-3.695966,-0.1104654,0.2751022,2.052874,-0.09702474,-0.1571609,-0.9827954,-0.1342633,0.9804949,-0.1435381,0.9861843,0.1180266,-0.1162332,moving,-3.914280294631867,9.841151905363517,-3.0801223054073925,7.632638476173708,1.998294,0.52939084,-0.16953499999999977,-0.0672640549943268,0.17053012952686858,0.9830539882660296,-3.756632094957962,9.255197929922096,2.346510142303412,2.3607945946013076,1.7579433086155036
05/05/2023 11:40:17.643373,1810,True,True,True,True,Eyes,1.760305,0.05649112,-3.592551,0.9531028,0.2938017,-0.07263426,0.0,0.0,0.0,0.0,0.0,0.0,0.0,-3.27797,-0.3041966,-2.299751,1.929498,0.05357034,-3.521454,-0.09465196,0.7390233,-0.009891962,0.6669242,353.5907,96.36846,351.1379,0.4277169,0.01473441,-0.9037923,0.1179255,0.005818867,0.002705527,3.932015,0.5672352,-3.680664,-0.1072427,0.2730585,2.052612,-0.09250628,-0.1530944,-0.9838723,-0.1267056,0.9818863,-0.1408721,0.9876174,0.1116306,-0.1102287,moving,-3.593948604954803,10.27005915892108,-2.990809863369733,7.577553535763694,2.002517,0.51366486,-0.1592100000000003,-0.061684647449445684,0.1779485406039225,0.9821045989009771,-3.45592713512776,9.670393670159264,2.748297654127169,2.7592322976391404,2.143901561318639
05/05/2023 11:40:17.662787,1811,True,True,True,True,Eyes,1.958199,0.05523752,-3.509158,0.9627594,0.2702257,-0.00851314,0.0,0.0,0.0,0.0,0.0,0.0,0.0,-3.281163,-0.2936534,-2.297793,1.939785,0.05277433,-3.516613,-0.09127183,0.7382094,-0.009526191,0.6683008,353.804,96.15353,351.4684,0.4289447,0.01467302,-0.9032112,0.11085,0.005469735,0.002543195,3.944693,0.5560992,-3.669718,-0.1040495,0.2710346,2.052352,-0.09008739,-0.1474881,-0.9849527,-0.1220227,0.9831575,-0.1360587,0.9884306,0.1079294,-0.106567,moving,-6.865744865350495,8.650608552034974,-2.9022786848401005,7.522976470284651,2.004908,0.50332487,-0.15310500000000005,-0.11820246021865971,0.14935420703830274,0.981693212780717,-6.601686655603041,8.11639048401966,4.069177899313165,4.120754576026364,3.7466998179519897
05/05/2023 11:40:17.682718,1812,True,True,True,True,Eyes,1.958592,0.05528307,-3.508992,0.9628627,0.26986,-0.008433485,0.0,0.0,0.0,0.0,0.0,0.0,0.0,-3.281896,-0.30727,-2.296329,1.949485,0.05209646,-3.512147,-0.08327042,0.7378413,-0.01331281,0.6696857,354.728,95.91908,351.8764,0.4379999,0.01458458,-0.8988564,0.6978806,0.001380747,0.2525706,3.962733,0.5200005,-3.658742,-0.1008219,0.2689875,2.05209,-0.08917404,-0.1407115,-0.9860265,-0.1050499,0.9857776,-0.1311755,0.9904608,0.09188454,-0.1026875,moving,-6.727307995377346,9.619146818657248,-2.812755774385666,7.467742214546137,2.013248,0.46790403999999997,-0.14659500000000003,-0.11551920758267237,0.16597956145734544,0.9793396857977489,-6.492841010823968,9.05784492893694,4.401906596598353,4.466795368209896,4.008921798908548
05/05/2023 11:40:17.692607,1813,True,True,True,True,Eyes,1.959362,0.05537805,-3.508739,0.962993,0.2693905,-0.008556366,0.0,0.0,0.0,0.0,0.0,0.0,0.0,-3.278562,-0.3124869,-2.30243,1.959281,0.05333053,-3.508015,-0.0784392,0.7379228,-0.01510282,0.6701411,355.2481,95.83796,352.1561,0.4453161,0.01450456,-0.8952556,0.6560077,0.001297902,0.2374164,3.976704,0.5002266,-3.65359,-0.0977401,0.2670338,2.051839,-0.08951641,-0.1360062,-0.9866555,-0.0955221,0.9872384,-0.1274201,0.9913942,0.08284123,-0.1013656,moving,-6.672522785936132,10.149234928455176,-2.727243803789099,7.4150052762824545,2.017423,0.44689607,-0.145575,-0.11440021512204424,0.17505577249322885,0.9778895838668109,-6.453722939553709,9.573249007230867,4.728541652705843,4.800128960537591,4.306351443097402
05/05/2023 11:40:17.712696,1814,True,True,True,True,Eyes,1.960515,0.05547964,-3.508339,0.9630777,0.2690814,-0.008755994,0.0,0.0,0.0,0.0,0.0,0.0,0.0,-3.272504,-0.300515,-2.315225,1.96929,0.05486349,-3.504104,-0.07874781,0.7382432,-0.01352824,0.6697857,355.0944,95.89956,352.248,0.4512434,0.01443386,-0.8922839,0.6166472,0.001220028,0.2231714,3.985065,0.5046532,-3.654129,-0.09457301,0.2650248,2.051581,-0.09037181,-0.1343921,-0.9867988,-0.098148,0.9872316,-0.1254626,0.99106,0.08551405,-0.1024082,moving,-6.678312930567244,9.983311016049887,-2.6393308536729423,7.360748593134551,2.015775,0.44978971,-0.1500250000000003,-0.11455719219369687,0.17222003109763795,0.9783746900342445,-6.454895096317722,9.411846050276775,4.745124800821862,4.8157252703576185,4.331920044096466
05/05/2023 11:40:17.732669,1815,True,True,True,True,Eyes,1.962028,0.05555625,-3.507823,0.9631166,0.268926,-0.009225297,0.0,0.0,0.0,0.0,0.0,0.0,0.0,-3.26375,-0.2897655,-2.331699,1.979612,0.05509306,-3.500135,-0.08002354,0.7388325,-0.01210981,0.6690114,354.8836,96.0256,352.242,0.4560633,0.01437207,-0.889831,0.5796484,0.001146826,0.2097811,3.993042,0.5098453,-3.657346,-0.09134868,0.2629809,2.051318,-0.09204013,-0.1344512,-0.9866365,-0.1020448,0.9868991,-0.1249676,0.9905127,0.08917908,-0.1045544,moving,-6.740600346110366,9.753660148089471,-2.5497939415889923,7.305523561494289,2.01343,0.4547522399999999,-0.15721099999999977,-0.11570072776487933,0.1682746987181461,0.9789263772839574,-6.509424215130032,9.18881242788643,4.7838284268638676,4.8534761838092155,4.384683438678246
05/05/2023 11:40:17.742864,1816,True,True,True,True,Eyes,1.96387,0.05559513,-3.507173,0.9631643,0.268738,-0.009714675,0.0,0.0,0.0,0.0,0.0,0.0,0.0,-3.255038,-0.2747096,-2.348442,1.989835,0.05464061,-3.49621,-0.08059534,0.7395397,-0.0103993,0.6681897,354.7026,96.15896,352.318,0.4600015,0.01431789,-0.8878024,0.5448695,0.001078017,0.1971942,4.001154,0.513232,-3.660483,-0.08813625,0.2609435,2.051058,-0.09405407,-0.1331043,-0.9866292,-0.1053095,0.9867925,-0.1230873,0.9899818,0.09232456,-0.106829,moving,-6.799583779313158,9.5605834359901,-2.460549815968412,7.250438902458833,2.0113189999999994,0.45859139000000004,-0.1642730000000001,-0.11677486482234456,0.164954066775969,0.9793639482585819,-6.561718341135624,9.001342973031282,4.846801391527633,4.9156874901547205,4.459287873211302
05/05/2023 11:40:17.763035,1817,True,True,True,True,Eyes,1.96602,0.05562913,-3.506421,0.9632952,0.2682483,-0.01026323,0.0,0.0,0.0,0.0,0.0,0.0,0.0,-3.247469,-0.2639344,-2.362586,1.999588,0.05378558,-3.492318,-0.0792908,0.7401845,-0.009667697,0.6676425,354.7464,96.24483,352.482,0.4632399,0.01426975,-0.8861178,0.5121773,0.001013336,0.1853626,4.010756,0.5082652,-3.661734,-0.08496679,0.2589341,2.050801,-0.09593299,-0.1302887,-0.9868241,-0.1044705,0.9872391,-0.1201876,0.9898903,0.09156405,-0.1083201,moving,-6.8269640629580355,9.588530709438006,-2.3724660943407967,7.196086374370579,2.0111679999999996,0.45447962,-0.169416,-0.11723354470379732,0.1654227663794568,0.9792301726588664,-6.589162429482642,9.028716800999225,4.985759101549295,5.056317043937349,4.597723595803011
05/05/2023 11:40:17.782818,1818,True,True,True,True,Eyes,1.96846,0.05567905,-3.505567,0.9634716,0.2675932,-0.01078539,0.0,0.0,0.0,0.0,0.0,0.0,0.0,-3.242151,-0.2682976,-2.372205,2.009131,0.05383633,-3.488749,-0.07610953,0.7404932,-0.01108396,0.6676484,355.1117,96.23697,352.6469,0.4659255,0.01422701,-0.8847093,0.4814467,0.0009525356,0.1742408,4.022882,0.4928175,-3.660379,-0.08170799,0.2568675,2.050535,-0.09690603,-0.1275176,-0.9870909,-0.0979168,0.988169,-0.118044,0.9904653,0.08521361,-0.1082457,moving,-6.811142237444001,9.935663378231387,-2.281866717537027,7.140164639430673,2.013751,0.43898117000000003,-0.17162999999999995,-0.11684282596837059,0.1713603969164123,0.9782552518226655,-6.583095362058561,9.366366499880584,5.246674611021586,5.322513497762591,4.843195492226511
05/05/2023 11:40:17.792655,1819,True,True,True,True,Eyes,1.97118,0.05570053,-3.504633,0.9636943,0.2667688,-0.0112987,0.0,0.0,0.0,0.0,0.0,0.0,0.0,-3.236838,-0.2737696,-2.381892,2.018516,0.05430969,-3.485415,-0.074011,0.7407243,-0.01233787,0.6676061,355.3802,96.23766,352.731,0.468305,0.01418954,-0.8834527,0.4525599,0.0008953835,0.1637864,4.033956,0.4813194,-3.659792,-0.07851492,0.2548428,2.050277,-0.09764919,-0.1261171,-0.9871978,-0.0931698,0.9887403,-0.1170983,0.9908503,0.08054247,-0.1083,moving,-6.801379258115397,10.16623701412077,-2.1930580302019527,7.085340449292466,2.01544,0.42700971,-0.17437699999999978,-0.11659400143417864,0.17530092143594095,0.9775865091647374,-6.579792929859342,9.590646274107312,5.463857079352445,5.543333670527917,5.051732411334089
05/05/2023 11:40:17.812625,1820,True,True,True,True,Eyes,1.974143,0.05570763,-3.503608,0.9640301,0.2655326,-0.01177163,0.0,0.0,0.0,0.0,0.0,0.0,0.0,-3.231015,-0.2796006,-2.392357,2.028025,0.05378531,-3.48213,-0.07160952,0.7410502,-0.01382161,0.6674772,355.6924,96.25041,352.8229,0.4705057,0.01415611,-0.8822831,0.4254063,0.0008416605,0.1539592,4.04535,0.4671825,-3.659787,-0.07519929,0.2527403,2.050006,-0.09869274,-0.1245837,-0.9872885,-0.08768126,0.9893621,-0.1160804,0.9912475,0.07511042,-0.1085666,moving,-6.807150739018068,10.415201413797066,-2.100808944490392,7.028391675655395,2.017325,0.41339718999999997,-0.17765699999999995,-0.11660175439156334,0.17954696395833383,0.9768147650643808,-6.592129474197679,9.832922987900192,5.714729985030225,5.798287099591502,5.295031254103386
05/05/2023 11:40:17.832678,1821,True,True,True,True,Eyes,1.977348,0.05572783,-3.50253,0.9644059,0.2641456,-0.01218121,0.0,0.0,0.0,0.0,0.0,0.0,0.0,-3.22535,-0.3018268,-2.399991,2.03676,0.05354499,-3.478891,-0.06733487,0.7412776,-0.01769251,0.6675782,356.3494,96.21574,352.8943,0.4725514,0.01412595,-0.8811896,0.399882,0.0007911609,0.1447216,4.058403,0.4413184,-3.65829,-0.07212019,0.2507884,2.049755,-0.09961082,-0.1234499,-0.9873388,-0.07620538,0.990306,-0.1161327,0.9921041,0.06367245,-0.1080527,moving,-6.822839739020995,11.000015125978164,-2.0151084391410454,6.975494120779469,2.021643,0.38777341,-0.1793990000000001,-0.11664706490076499,0.18950668371505947,0.9749259966318424,-6.623186028716146,10.402041561758415,6.178157414451702,6.2698524363122665,5.742439066879476
05/05/2023 11:40:17.842620,1822,True,True,True,True,Eyes,1.980783,0.05575633,-3.501367,0.9648212,0.2626057,-0.01258285,0.0,0.0,0.0,0.0,0.0,0.0,0.0,-3.21921,-0.3206544,-2.408968,2.045881,0.05407767,-3.47573,-0.06507152,0.741451,-0.02061334,0.6675264,356.7722,96.20805,352.8648,0.4744632,0.01409905,-0.8801622,0.375889,0.0007436912,0.1360383,4.069875,0.424423,-3.658237,-0.06886464,0.2487236,2.04949,-0.1003488,-0.1240146,-0.9871934,-0.06897479,0.9906816,-0.1174415,0.9925587,0.05630633,-0.1079676,moving,-6.849116772577674,11.328643798548987,-1.9244638080474155,6.919508066168475,2.0239939999999996,0.37034533,-0.1825070000000002,-0.11696374516629088,0.1950880572086597,0.9737865074066686,-6.6576589837848195,10.72196634017158,6.513127865793692,6.610044230382373,6.071394032440861
05/05/2023 11:40:17.862316,1823,True,True,True,True,Eyes,1.984436,0.05577207,-3.500134,0.9652022,0.2611817,-0.01299825,0.0,0.0,0.0,0.0,0.0,0.0,0.0,-3.213419,-0.3397203,-2.417034,2.05482,0.05435263,-3.472503,-0.06394181,0.7414675,-0.02334784,0.6675272,357.0914,96.19219,352.7526,0.4762597,0.01407527,-0.8791917,0.3533357,0.0006990698,0.127876,4.080382,0.4110533,-3.658009,-0.06571224,0.2467249,2.049235,-0.1006383,-0.1259922,-0.9869136,-0.06365091,0.9907326,-0.1199891,0.9928851,0.05074246,-0.1077251,moving,-6.869253672928259,11.552479485497575,-1.8366582231690327,6.865282800545491,2.0255620000000003,0.35670067,-0.18550599999999973,-0.1172147427424447,0.1988849039654379,0.9729879859799264,-6.683321910978887,10.93988847573653,6.776524405155031,6.877269060053059,6.331868627114245
05/05/2023 11:40:17.882596,1824,True,True,True,True,Eyes,1.988297,0.05576033,-3.49881,0.9655979,0.2596971,-0.01334476,0.0,0.0,0.0,0.0,0.0,0.0,0.0,-3.209554,-0.3547281,-2.422799,2.06374,0.05416573,-3.469159,-0.06306089,0.741239,-0.02554881,0.667784,357.3436,96.13886,352.6606,0.4779579,0.01405399,-0.87827,0.3321355,0.0006571256,0.1202035,4.090513,0.3995439,-3.656221,-0.06252277,0.2447025,2.048975,-0.1001757,-0.1276086,-0.9867528,-0.0593642,0.9907412,-0.1220976,0.9931973,0.04634657,-0.1068235,moving,-6.842905674973942,11.71168656320411,-1.7477907852415269,6.810394731308512,2.0267729999999995,0.34537817,-0.18706200000000006,-0.11670116601431768,0.20160002405916233,0.9724907398029667,-6.661928529097759,11.094619729920778,6.967166701334695,7.069855540319014,6.519458075969711
05/05/2023 11:40:17.892418,1825,True,True,True,True,Eyes,1.992359,0.05573315,-3.49742,0.9660376,0.2580198,-0.014045,0.0,0.0,0.0,0.0,0.0,0.0,0.0,-3.207816,-0.3658075,-2.425981,2.072588,0.05352154,-3.465659,-0.06248916,0.7407333,-0.02722182,0.6683326,357.5241,96.04327,352.5834,0.4795719,0.01403426,-0.8773901,0.3122074,0.000617698,0.1129913,4.100237,0.3900571,-3.652709,-0.05927642,0.2426438,2.048711,-0.09885363,-0.128962,-0.9867103,-0.05618914,0.9907081,-0.1238553,0.9935145,0.04319886,-0.1051813,moving,-6.739654986630934,11.796444067952159,-1.6573061957822832,6.75449208411595,2.027649,0.33653556,-0.18705000000000016,-0.11491258382935693,0.20308105339701926,0.9723956538670965,-6.563562291698358,11.176402745609398,7.057180738282135,7.15901872040789,6.6048953645718775
05/05/2023 11:40:17.912258,1826,True,True,True,True,Eyes,1.99661,0.05567772,-3.495947,0.9664656,0.2563808,-0.01459951,0.0,0.0,0.0,0.0,0.0,0.0,0.0,-3.208797,-0.3798127,-2.42533,2.081483,0.05322068,-3.462291,-0.06162204,0.7398431,-0.02924091,0.6693131,357.7522,95.87789,352.5059,0.4811148,0.01401554,-0.8765453,0.2934749,0.0005806361,0.1062118,4.110494,0.379311,-3.646759,-0.05615889,0.2406673,2.048456,-0.09644553,-0.1303239,-0.9867695,-0.05203863,0.9906954,-0.1257562,0.993977,0.0392215,-0.10233,moving,-6.584342762056637,11.937478560631437,-1.5703835548072251,6.700800796268832,2.029011,0.32609032,-0.18446799999999985,-0.11221748320350128,0.20553771318900685,0.972194168468802,-6.415962329700349,11.312597140901675,7.149891851151921,7.2500055820482565,6.689416954269153
05/05/2023 11:40:17.932565,1827,True,True,True,True,Eyes,2.00105,0.05559754,-3.494397,0.9668754,0.2547886,-0.01532018,0.0,0.0,0.0,0.0,0.0,0.0,0.0,-3.211674,-0.3839532,-2.423475,2.09028,0.05249438,-3.458825,-0.06160585,0.7387781,-0.02988458,0.6704616,357.7963,95.69598,352.4613,0.4825988,0.01399701,-0.8757294,0.2758664,0.000545798,0.09983908,4.119636,0.3745625,-3.639981,-0.0529145,0.2386102,2.048193,-0.09337216,-0.131099,-0.9869625,-0.05095318,0.9906233,-0.1267648,0.9943267,0.03845258,-0.0991766,moving,-6.368280567025925,11.905345033475331,-1.4798914420154055,6.64488555099278,2.029356,0.32206812,-0.1811560000000001,-0.10856128911857144,0.20507620957111972,0.9727066220105676,-6.204474708148201,11.279898919335858,7.0860563257407225,7.1811407314132,6.618537297873381
05/05/2023 11:40:17.942696,1828,True,True,True,True,Eyes,2.005668,0.05548056,-3.492768,0.967272,0.2532454,-0.01586461,0.0,0.0,0.0,0.0,0.0,0.0,0.0,-3.215817,-0.3866152,-2.420501,2.099283,0.05185229,-3.455444,-0.0614395,0.7375848,-0.03034691,0.6717687,357.8349,95.49048,352.4437,0.4840335,0.01397804,-0.8749375,0.2593144,0.0005130501,0.09384874,4.129037,0.3701138,-3.63229,-0.0497143,0.2365809,2.047933,-0.08990427,-0.1314059,-0.9872437,-0.04986147,0.9906085,-0.1273131,0.9947016,0.03777944,-0.09561203,moving,-6.133126181427512,11.875491092211867,-1.3906022567324814,6.589701184273739,2.0297540000000005,0.31826150999999997,-0.17684599999999984,-0.10457755845851852,0.20465722544449905,0.9732312134307175,-5.9744370999071155,11.249292090040544,7.01183178957241,7.101486332252236,6.536308536062732
05/05/2023 11:40:17.962652,1829,True,True,True,True,Eyes,2.010459,0.05533834,-3.491048,0.9676501,0.2517632,-0.01638689,0.0,0.0,0.0,0.0,0.0,0.0,0.0,-3.220603,-0.3884857,-2.416498,2.108144,0.0508554,-3.451927,-0.06139103,0.7362902,-0.03072356,0.6731748,357.856,95.26993,352.4229,0.4854279,0.01395775,-0.8741649,0.2437556,0.0004822671,0.08821781,4.13824,0.3659337,-3.623931,-0.04651867,0.2345542,2.047674,-0.08613416,-0.1317679,-0.9875315,-0.04903858,0.9905744,-0.1278967,0.9950761,0.03741089,-0.09178396,moving,-5.882885163895937,11.833525239898385,-1.3014108095230774,6.534559160723761,2.030096,0.3150783,-0.17200399999999982,-0.10033929163252281,0.20403384776244016,0.9738080768765778,-5.729366302014206,11.206800515771542,6.9210812223579605,7.004923180736495,6.437128950339668
05/05/2023 11:40:17.992819,1830,True,True,True,True,Eyes,2.015413,0.05516879,-3.489255,0.9680191,0.2503213,-0.01667883,0.0,0.0,0.0,0.0,0.0,0.0,0.0,-3.227292,-0.3882649,-2.410328,2.117026,0.0500357,-3.44841,-0.06123932,0.7347738,-0.03081381,0.6748392,357.8583,95.01096,352.4336,0.4867904,0.01393565,-0.8734074,0.2291302,0.0004533311,0.08292474,4.14748,0.3626335,-3.61402,-0.04337623,0.232562,2.047418,-0.08168384,-0.1315828,-0.9879342,-0.04840537,0.9906005,-0.1279358,0.9954823,0.03737105,-0.08728541,moving,-5.5991616766715255,11.781429168199782,-1.2136765335014958,6.48033477371145,2.0304539999999998,0.3125978,-0.16561000000000003,-0.09553188056186113,0.203244921765715,0.9744562977073068,-5.451383116471545,11.154230360235447,6.802723406225052,6.879976869164654,6.3089981008933735
05/05/2023 11:40:17.992819,1831,True,True,True,True,Eyes,2.02054,0.05499416,-3.487367,0.9683648,0.2489619,-0.01695981,0.0,0.0,0.0,0.0,0.0,0.0,0.0,-3.235803,-0.385716,-2.402136,2.125904,0.04921268,-3.444933,-0.06057199,0.7330856,-0.03069178,0.6767383,357.8805,94.71636,352.5051,0.4881281,0.01391124,-0.8726608,0.2153824,0.0004261312,0.07794926,4.156912,0.3585216,-3.602755,-0.04011656,0.2304948,2.047153,-0.07671286,-0.1303495,-0.9884958,-0.0472683,0.9907781,-0.1269822,0.9959321,0.03698336,-0.08216682,moving,-5.272197402022327,11.763563343046583,-1.1226397951696232,6.424040358754387,2.0310080000000004,0.30930892,-0.15782200000000035,-0.08997330622179589,0.20304664012555987,0.9750266226042891,-5.1321706083414425,11.134678946453633,6.692311276369762,6.762346784391775,6.185988461490647
05/05/2023 11:40:18.012709,1832,True,True,True,True,Eyes,2.025822,0.05478964,-3.485426,0.9686884,0.2476955,-0.01701825,0.0,0.0,0.0,0.0,0.0,0.0,0.0,-3.244766,-0.3794562,-2.394449,2.135053,0.04872077,-3.441663,-0.06001605,0.7314097,-0.03003756,0.678628,357.8499,94.42639,352.6083,0.4894479,0.0138846,-0.8719217,0.2024595,0.0004005634,0.0732723,4.166306,0.356664,-3.591668,-0.03691037,0.2284617,2.046891,-0.07172471,-0.1285613,-0.9891046,-0.04702398,0.9909917,-0.1253967,0.9963155,0.03751761,-0.077124,moving,-4.949008938586703,11.699086369382925,-1.0330688070503922,6.368652419660025,2.0312529999999995,0.30794323,-0.15000499999999972,-0.08448990559945013,0.20204662683060967,0.9757246098597905,-4.815382511337183,11.069800658248292,6.5513890965490145,6.614235647913907,6.033795796910701
05/05/2023 11:40:18.032529,1833,True,True,True,True,Eyes,2.025822,0.05478964,-3.485426,0.9686884,0.2476955,-0.01701825,0.0,0.0,0.0,0.0,0.0,0.0,0.0,-3.254034,-0.3696162,-2.386895,2.144091,0.04778997,-3.43849,-0.05948525,0.7297577,-0.02898176,0.6804963,357.7844,94.14172,352.7408,0.4907544,0.01385523,-0.8711874,0.1903119,0.0003765296,0.06887596,4.175356,0.3555039,-3.580876,-0.03355917,0.2263371,2.046618,-0.06677251,-0.1262636,-0.9897469,-0.04737567,0.9912431,-0.1232583,0.9966428,0.03865965,-0.07216963,moving,-4.6330333097347545,11.675357833809118,-0.9394163945307985,6.31074138638978,2.031265,0.30771392999999997,-0.14238600000000012,-0.07911294869131058,0.20173183078825402,0.9762403943927224,-4.506723924213447,11.044617790200917,6.456914332126491,6.513210847516213,5.927501060134058
05/05/2023 11:40:18.042389,1834,True,True,True,True,Eyes,2.025822,0.05478964,-3.485426,0.9686884,0.2476955,-0.01701825,0.0,0.0,0.0,0.0,0.0,0.0,0.0,-3.263565,-0.3666607,-2.378105,2.15334,0.04649587,-3.435351,-0.05795997,0.7280228,-0.02902554,0.6824815,357.8881,93.83012,352.8715,0.4919291,0.01382878,-0.8705251,0.1788932,0.0003539378,0.0647434,4.1856,0.3482811,-3.568885,-0.03060791,0.2244655,2.046378,-0.06171918,-0.1240112,-0.9903595,-0.04477356,0.9915963,-0.1213757,0.9970887,0.0368507,-0.06675303,moving,-4.314816943328693,11.821555198642479,-0.8569156350747215,6.259701444458361,2.03226,0.30178523,-0.13353400000000004,-0.07364960679080779,0.20430791119451672,0.9761321174363466,-4.200461076071509,11.184755288130704,6.498752833505756,6.549144878574339,5.9527683878244515
05/05/2023 11:40:18.062540,1835,True,True,True,True,Eyes,2.025822,0.05478964,-3.485426,0.9686884,0.2476955,-0.01701825,0.0,0.0,0.0,0.0,0.0,0.0,0.0,-3.273448,-0.3708097,-2.367695,2.162177,0.0458059,-3.432467,-0.05598896,0.7261821,-0.02996349,0.6845635,358.101,93.49628,352.9689,0.4929859,0.01380494,-0.8699274,0.1681596,0.0003327015,0.0608588,4.195952,0.3376201,-3.556734,-0.02742689,0.2224484,2.046119,-0.05647635,-0.1223402,-0.9908801,-0.04029254,0.9919349,-0.1201739,0.9975906,0.03313809,-0.06095023,moving,-3.9957573463033933,12.075380138654872,-0.7679665430262256,6.204670059677198,2.0337750000000003,0.29181419999999997,-0.12426700000000013,-0.06814799164326402,0.20871204216044933,0.9755998321750966,-3.896277141861689,11.42960713008393,6.654695081858548,6.699542544169019,6.089851770979059
05/05/2023 11:40:18.082656,1836,True,True,True,True,Eyes,2.025822,0.05478964,-3.485426,0.9686884,0.2476955,-0.01701825,0.0,0.0,0.0,0.0,0.0,0.0,0.0,-3.284282,-0.3674167,-2.357471,2.17145,0.04471166,-3.429574,-0.05477548,0.7242614,-0.02985409,0.6866979,358.1671,93.16077,353.0844,0.4939359,0.01378348,-0.8693886,0.15807,0.0003127394,0.05720727,4.205936,0.3317856,-3.544391,-0.02425268,0.2204359,2.045861,-0.05089159,-0.120345,-0.9914268,-0.03834205,0.9922167,-0.1184727,0.997968,0.03198407,-0.05510969,moving,-3.6500861267903804,12.183977414996443,-0.6791815862664248,6.149737606673787,2.0344860000000002,0.28707394,-0.11481699999999995,-0.062234542247298685,0.21064233385011172,0.9755801180781207,-3.56223733907639,11.532978268504843,6.687502057992287,6.725944086390527,6.10665952031075
05/05/2023 11:40:18.092471,1837,True,True,True,True,Eyes,2.032743,0.05441739,-3.482937,0.96931,0.2452636,-0.01684754,0.0,0.0,0.0,0.0,0.0,0.0,0.0,-3.296521,-0.3659926,-2.344982,2.180623,0.04377937,-3.426793,-0.05303149,0.7221469,-0.03006139,0.6890486,358.3001,92.78786,353.2191,0.4947911,0.01376414,-0.8689026,0.1485858,0.0002939751,0.05377483,4.216163,0.3237087,-3.53083,-0.0210239,0.2183884,2.045599,-0.04479953,-0.1180205,-0.9920002,-0.03516554,0.992568,-0.1165,0.9983769,0.02966507,-0.04861683,moving,-3.264413116464634,12.21878881213628,-0.588843819572253,6.093822493286881,2.0355399999999997,0.27992933000000003,-0.10403699999999994,-0.05565800132161702,0.21131722733044564,0.9758315251677756,-3.187214265134006,11.56429163847461,6.652407219970163,6.683852442230659,6.056200264259741
05/05/2023 11:40:18.112445,1838,True,True,True,True,Eyes,2.039783,0.0540399,-3.480441,0.9698842,0.2430135,-0.01640224,0.0,0.0,0.0,0.0,0.0,0.0,0.0,-3.309743,-0.3671525,-2.331115,2.190234,0.04337328,-3.424075,-0.05207551,0.7197821,-0.03036414,0.691578,358.3773,92.38492,353.2804,0.495716,0.01373707,-0.8683757,0.1396707,0.0002763366,0.05054834,4.226519,0.3181134,-3.516568,-0.01775659,0.2163168,2.045333,-0.0380162,-0.1169644,-0.9924083,-0.03296768,0.9927323,-0.1157397,0.9987331,0.02831741,-0.04159604,moving,-2.874500498988059,12.205877468062809,-0.4974016980213827,6.037225474526633,2.036285,0.27474012,-0.09249299999999971,-0.04901756358299075,0.2111709046314284,0.9762192804725993,-2.806772059697349,11.549143417978906,6.585936773977113,6.6108143316020485,5.976155192323782
05/05/2023 11:40:18.132664,1839,True,True,True,True,Eyes,2.046951,0.0536369,-3.477845,0.9707081,0.239609,-0.01770244,0.0,0.0,0.0,0.0,0.0,0.0,0.0,-3.3239,-0.3622316,-2.317221,2.200143,0.04285148,-3.421486,-0.05260267,0.7172814,-0.02961865,0.6941638,358.2499,91.97911,353.302,0.4967059,0.01370289,-0.8678104,0.1312904,0.0002597564,0.04751544,4.236146,0.3198509,-3.502237,-0.01471743,0.2143895,2.045086,-0.0307397,-0.1165822,-0.9927053,-0.03434144,0.9927114,-0.1155195,0.9989374,0.03053992,-0.0345192,moving,-2.3547187678956125,11.931326907582193,-0.4123210797272555,5.9845455780726535,2.0360029999999996,0.27699942,-0.08075100000000024,-0.040199860277839894,0.20657205278307775,0.9776052490198643,-2.292678960330188,11.278563139352913,6.23920842418572,6.255966508862162,5.618039488851013
05/05/2023 11:40:18.143034,1840,True,True,True,True,Eyes,2.054233,0.05322851,-3.475262,0.9714805,0.2363857,-0.01863992,0.0,0.0,0.0,0.0,0.0,0.0,0.0,-3.339476,-0.3513485,-2.302289,2.210147,0.04182147,-3.419003,-0.05288281,0.7146841,-0.02822648,0.696874,358.0883,91.55606,353.3968,0.4977574,0.0136617,-0.8672084,0.123413,0.000244171,0.04466451,4.245647,0.322162,-3.48732,-0.01147481,0.2123339,2.044823,-0.02314003,-0.1149296,-0.993104,-0.0362484,0.9928133,-0.1140513,0.9990749,0.03335928,-0.02713983,moving,-1.8216942600754547,11.636151775891179,-0.32151989811138154,5.928332294550143,2.0355,0.28034053000000003,-0.06831699999999996,-0.031136520382990585,0.20159816791608698,0.9789732904700019,-1.7651206525685916,10.98782765889747,5.891615691905399,5.901671487627091,5.261413924043756
05/05/2023 11:40:18.162667,1841,True,True,True,True,Eyes,2.061639,0.0528047,-3.472895,0.9721848,0.2334216,-0.01926536,0.0,0.0,0.0,0.0,0.0,0.0,0.0,-3.355459,-0.342895,-2.286684,2.220187,0.04128044,-3.416821,-0.05243749,0.7120596,-0.02721779,0.6996291,358.0165,91.12126,353.5215,0.4988657,0.01361405,-0.866572,0.1160082,0.0002295207,0.04198464,4.255572,0.3218811,-3.472088,-0.008361224,0.2103593,2.044569,-0.01553921,-0.1127619,-0.9935007,-0.03659252,0.993019,-0.1121349,0.9992096,0.03461221,-0.01955695,moving,-1.3030038516571543,11.444989531496534,-0.23430863727226275,5.874313548724785,2.0353849999999998,0.28060065999999995,-0.05526699999999973,-0.022287810297286714,0.1983777215766982,0.9798722446766823,-1.254338979919743,10.798390135780242,5.667112682003698,5.672260604580784,5.028617318419572
05/05/2023 11:40:18.172438,1842,True,True,True,True,Eyes,2.069167,0.05237396,-3.470559,0.9728091,0.2307758,-0.01962054,0.0,0.0,0.0,0.0,0.0,0.0,0.0,-3.370616,-0.3260927,-2.27432,2.23071,0.0409966,-3.414992,-0.05306258,0.7096561,-0.02492987,0.7021049,357.7576,90.73711,353.6614,0.5000256,0.0135601,-0.8659042,0.1090477,0.0002157495,0.03946557,4.264928,0.3284104,-3.459089,-0.005103536,0.2082937,2.044304,-0.008466255,-0.1103191,-0.9938601,-0.04030558,0.9931257,-0.1098943,0.9991515,0.03912771,-0.01285454,moving,-0.8287864881699079,11.0785910072261,-0.1430366843319592,5.8177777532705,2.034218,0.2874138,-0.044097000000000275,-0.014195049651347602,0.19213592337591825,0.9812656459961391,-0.7821872893437893,10.438745392518475,5.303226687592656,5.3053189241042515,4.664960387705773
05/05/2023 11:40:18.192305,1843,True,True,True,True,Eyes,2.076823,0.051904,-3.468385,0.9733876,0.2283072,-0.01980572,0.0,0.0,0.0,0.0,0.0,0.0,0.0,-3.384361,-0.3052367,-2.264708,2.241158,0.04035194,-3.413438,-0.0537295,0.707553,-0.02218968,0.7042654,357.4622,90.40353,353.8349,0.501233,0.01350029,-0.8652068,0.1025049,0.0002028045,0.03709763,4.273916,0.3359705,-3.447969,-0.001951758,0.2062952,2.044047,-0.00224712,-0.1072878,-0.9942255,-0.04477809,0.9932415,-0.1070804,0.9989945,0.04427889,-0.007036115,moving,-0.40758423615670464,10.67880472415545,-0.05470885065025941,5.7630554190479675,2.032758,0.29561856,-0.03453099999999987,-0.006990434530383116,0.1852985671548463,0.9826573353849017,-0.3608158252953231,10.04696645275319,4.927871468995782,4.928398550072936,4.294833550281979
05/05/2023 11:40:18.212451,1844,True,True,True,True,Eyes,2.084599,0.05139868,-3.466237,0.973924,0.2260068,-0.01982317,0.0,0.0,0.0,0.0,0.0,0.0,0.0,-3.395022,-0.2908402,-2.259085,2.251929,0.03928144,-3.411964,-0.05419817,0.7058426,-0.02038553,0.7059983,357.2631,90.13204,353.9489,0.5024828,0.01343422,-0.8644825,0.09635458,0.0001906362,0.03487178,4.283634,0.3396193,-3.439443,0.001271816,0.2042513,2.043786,0.002741627,-0.105295,-0.9944373,-0.04772646,0.9932939,-0.1053056,0.9988568,0.04774969,-0.002302126,moving,-0.08237977858136973,10.375406461331579,0.035654261116989154,5.707059704016621,2.031705,0.30033786,-0.027478999999999587,-0.0014142882920246125,0.18009676109944872,0.9836478769972536,-0.03562279786127415,9.749608143463474,4.669799261484077,4.669838699683384,4.043176758986772
05/05/2023 11:40:18.232645,1845,True,True,True,True,Eyes,2.092496,0.05085589,-3.46415,0.9744698,0.2236484,-0.01974792,0.0,0.0,0.0,0.0,0.0,0.0,0.0,-3.403241,-0.2815636,-2.256289,2.262592,0.03790628,-3.410484,-0.05429632,0.7044575,-0.01936079,0.7074015,357.1603,89.90917,354.0294,0.503773,0.01336157,-0.8637323,0.0,0.0,0.0,4.293701,0.339505,-3.432813,0.004543213,0.2021767,2.043518,0.006729882,-0.1038906,-0.994566,-0.04910718,0.9933541,-0.1040963,0.9987708,0.04954088,0.001583342,moving,0.17250582222075206,10.158105657835248,0.12738155546086302,5.650205557013973,2.0311090000000003,0.30159872,-0.022329000000000043,0.002963595762533189,0.17636427850073627,0.9843204948836521,0.2187014715406697,9.536487622326794,4.508090344097895,4.508125943053841,3.8873548356491594
05/05/2023 11:40:18.243119,1846,True,True,True,True,Eyes,2.100509,0.05037558,-3.462077,0.9750268,0.2212313,-0.01947937,0.0,0.0,0.0,0.0,0.0,0.0,0.0,-3.410659,-0.2749132,-2.254361,2.273357,0.03661368,-3.408933,-0.05377946,0.7031875,-0.01878867,0.7087187,357.1452,89.69765,354.123,0.505101,0.01328205,-0.8629576,0.0,0.0,0.0,4.304322,0.3364172,-3.426435,0.007767769,0.2001323,2.043256,0.01034883,-0.1022658,-0.9947032,-0.04900232,0.9935095,-0.1026529,0.998745,0.0498051,0.00527035,moving,0.39810037601013365,10.021663129723365,0.21781814704213473,5.594147809887591,2.030965,0.29980352000000005,-0.017501999999999907,0.0068420973754056424,0.17401644026970192,0.9847189745774649,0.4422928817204044,9.40223517199793,4.430917969608471,4.431184219761366,3.814697663507995
05/05/2023 11:40:18.262658,1847,True,True,True,True,Eyes,2.10864,0.05013076,-3.460027,0.9755648,0.2188835,-0.01905682,0.0,0.0,0.0,0.0,0.0,0.0,0.0,-3.419186,-0.2794881,-2.249214,2.284125,0.03765733,-3.407237,-0.05167197,0.7016574,-0.01962917,0.7103673,357.3711,89.42563,354.2317,0.5064639,0.01319791,-0.8621597,0.0,0.0,0.0,4.316188,0.3271533,-3.417691,0.01096817,0.1981032,2.042996,0.01458326,-0.1003999,-0.9948403,-0.04462419,0.9938895,-0.100958,0.9988974,0.04586625,0.01001389,moving,0.6524511836683458,10.133784444440156,0.30759913990212073,5.538484638070113,2.0320630000000004,0.28949597,-0.010454000000000185,0.011209552347220597,0.17593613794268254,0.9843376703457967,0.6872168335425166,9.509640731010219,4.607411704145253,4.608221266661824,3.9892593683314423
05/05/2023 11:40:18.282826,1848,True,True,True,True,Eyes,2.11694,0.05000498,-3.457979,0.9758013,0.2178687,-0.018576,0.0,0.0,0.0,0.0,0.0,0.0,0.0,-3.430361,-0.2785965,-2.241336,2.29509,0.04307321,-3.405773,-0.05313254,0.6995921,-0.01849626,0.7123242,357.1446,89.11102,354.2137,0.5078596,0.0131154,-0.8613396,0.0,0.0,0.0,4.325926,0.338257,-3.408106,0.01414369,0.1960892,2.042738,0.02045755,-0.1006929,-0.9947072,-0.04799153,0.9936697,-0.1015749,0.9986382,0.04981551,0.01549564,moving,0.959791204524742,9.879086934754344,0.39670324548671976,5.483211133735411,2.030836,0.29518378999999995,-0.0023330000000001405,0.01650242186690809,0.17154616007682053,0.98503786746135,0.9936826270338136,9.259785954764176,4.429917801186222,4.431793328619629,3.8234672433304304
05/05/2023 11:40:18.292653,1849,True,True,True,True,Eyes,2.125356,0.04984237,-3.455934,0.9760105,0.216993,-0.01781709,0.0,0.0,0.0,0.0,0.0,0.0,0.0,-3.440055,-0.2138156,-2.243332,2.307435,0.04553564,-3.403807,-0.06481244,0.6978678,-0.007796745,0.7132456,355.321,88.99047,354.1501,0.5092877,0.01303727,-0.8604972,0.0,0.0,0.0,4.327841,0.402812,-3.405213,0.01731246,0.1940797,2.042479,0.0258398,-0.101583,-0.9944915,-0.07933902,0.9914771,-0.1033366,0.9965127,0.08157218,0.01756007,moving,1.2091696671375693,8.02351510355029,0.48563884211453145,5.428041168869429,2.0204060000000004,0.35727636,-0.0014059999999997963,0.020895940609085784,0.13954902821690457,0.9899946137454976,1.2867951345152153,7.452690041416967,2.6915731586427407,2.69443533980058,2.17739625745091
05/05/2023 11:40:18.312349,1850,True,True,True,True,Eyes,2.133877,0.04978041,-3.45385,0.9762827,0.215857,-0.01667202,0.0,0.0,0.0,0.0,0.0,0.0,0.0,-3.453017,-0.1821644,-2.233691,2.318618,0.04446194,-3.401164,-0.06631695,0.6957005,-0.003650444,0.7152551,354.8486,88.66488,354.3823,0.5107465,0.01296213,-0.8596333,0.0,0.0,0.0,4.335975,0.4161528,-3.393412,0.02055606,0.192023,2.042217,0.03197519,-0.09749545,-0.9947222,-0.08705146,0.9911775,-0.09994629,0.9956906,0.08978783,0.02320596,moving,1.5464356132640613,7.5088226455756635,0.57669469414377,5.3715423353480665,2.0173570000000005,0.37169086,0.007751999999999981,0.02675586286038467,0.13063208147017802,0.991069873476404,1.6294409910536294,6.949665822283416,2.3422280211753552,2.3469905357079823,1.897036769721243
05/05/2023 11:40:18.332504,1851,True,True,True,True,Eyes,2.349583,0.0514477,-3.400103,0.9814218,0.1902052,0.02516239,0.0,0.0,0.0,0.0,0.0,0.0,0.0,-3.471555,-0.1901079,-2.211181,2.329557,0.04685581,-3.398252,-0.06199251,0.6924748,-0.005063462,0.7187561,355.2906,88.08687,354.6378,0.5122351,0.01289216,-0.8587482,0.0,0.0,0.0,4.349528,0.4008397,-3.37218,0.02372457,0.190014,2.04196,0.04090635,-0.09313527,-0.9948129,-0.0785777,0.9922625,-0.09612763,0.9960685,0.08210234,0.03327149,moving,-0.1498794972354112,6.269041247290829,0.665662682843455,5.316332517225622,2.0199710000000004,0.35398389,0.02607199999999965,-0.002600244979945987,0.10919685214117414,0.994016699910668,0.009257016463639522,5.754627073100121,1.2516435851376333,1.2540984697503816,0.7892848133372093
05/05/2023 11:40:18.342459,1852,True,True,True,True,Eyes,2.349986,0.05153108,-3.399904,0.9813808,0.1902972,0.02605302,2.034656,4.346758,0.4387203,-3.346895,-0.5977328,0.7986036,-0.07034113,0.02638274,0.2007764,2.033857,2.340712,0.04999641,-3.394366,-0.06614458,0.6875506,-0.0008661795,0.7231172,354.5792,87.36323,354.6855,0.5195689,0.01285789,-0.8543316,0.6471183,0.005001884,0.1612394,4.355733,0.4267277,-3.345841,0.02693045,0.1879815,2.041698,0.05454683,-0.09220817,-0.9942448,-0.08970278,0.9912483,-0.09685163,0.9944739,0.09446946,0.04579813,moving,0.5804269790840417,5.6286705146036455,0.7557002308580931,5.260457773477701,2.015021,0.37673129,0.04852500000000015,0.010081350598325156,0.0980759128125204,0.9951279015702983,0.7384336603376911,5.126713443074479,0.40761312638186586,0.4078006075460552,0.13485429311869268
05/05/2023 11:40:18.362697,1853,True,True,True,True,Eyes,2.350799,0.05177738,-3.399492,0.9813473,0.1901847,0.02805824,0.0,0.0,0.0,0.0,0.0,0.0,0.0,-3.542204,-0.1816744,-2.10702,2.350787,0.05263066,-3.389805,-0.06740631,0.6791129,-0.001332807,0.7309312,354.4492,86.05224,354.6096,0.5256594,0.01282597,-0.8505981,0.6082912,0.004701771,0.151565,4.363507,0.4315388,-3.298487,0.0301329,0.1859509,2.041437,0.07760778,-0.09350137,-0.9925898,-0.08960461,0.9909092,-0.100349,0.9929492,0.09672849,0.06852413,moving,1.7577798382368526,5.6097633918756715,0.8456604950175047,5.204609000199167,2.0127200000000003,0.37890814,0.09131799999999979,0.03052746439409998,0.09770692914435489,0.994746921622844,1.8866491300899322,5.10050955377793,0.9935091481382755,0.9980539952175196,1.0461806885501013
05/05/2023 11:40:18.382779,1854,True,True,True,True,Eyes,2.352019,0.05211559,-3.398872,0.9810982,0.1909835,0.03117185,0.0,0.0,0.0,0.0,0.0,0.0,0.0,-3.598713,-0.2036654,-2.010701,2.36128,0.05679721,-3.38471,-0.07104751,0.6677156,-0.001881167,0.741016,354.1006,84.33342,354.3652,0.5307439,0.01280079,-0.8474354,0.5717937,0.004419664,0.1424711,4.368404,0.4453491,-3.237105,0.03340527,0.1838755,2.041171,0.1083047,-0.09766699,-0.9893085,-0.0920911,0.9898974,-0.1078068,0.9898431,0.1027825,0.09821632,moving,3.2691256456376236,5.479932213161386,0.9376040191622073,5.147501152757096,2.007124,0.38855189,0.147605,0.05676627071187518,0.09534312346763318,0.9938246016600788,3.3634370122675894,4.964163447165785,2.344050816981756,2.35510159115145,2.4327512048563666
05/05/2023 11:40:18.392578,1855,True,True,True,True,Eyes,2.353628,0.0524491,-3.398046,0.9808434,0.1916121,0.03508835,0.0,0.0,0.0,0.0,0.0,0.0,0.0,-3.658054,-0.1971047,-1.905419,2.372144,0.05917533,-3.379388,-0.08120331,0.6549635,0.002664519,0.7512802,352.7902,82.53706,354.0775,0.5350144,0.01278444,-0.8447459,0.5374861,0.004154485,0.1339228,4.364872,0.49114,-3.173837,0.03643559,0.1819541,2.040925,0.1420316,-0.1023668,-0.9845547,-0.110374,0.9867979,-0.1185225,0.9836893,0.1255032,0.1288578,moving,4.899082713356569,4.412898885011046,1.0227635960565504,5.094607783487017,1.992728,0.43196467000000005,0.20555100000000026,0.08514964231885991,0.07666405167726846,0.9934144784978163,4.981110024917242,3.9151478423952284,3.925371767424607,3.935807022887037,4.130330761998903
05/05/2023 11:40:18.412454,1856,True,True,True,True,Eyes,2.355596,0.05277409,-3.397012,0.9805296,0.1922576,0.03998556,0.0,0.0,0.0,0.0,0.0,0.0,0.0,-3.711817,-0.208427,-1.801159,2.382954,0.05935233,-3.373901,-0.08566602,0.6426764,0.003484343,0.7613255,352.2461,80.75093,353.9283,0.5386286,0.01277633,-0.8424461,0.505237,0.003905216,0.1258875,4.364802,0.5077836,-3.110406,0.03965881,0.1799105,2.040663,0.1739099,-0.1048056,-0.9791687,-0.1154165,0.9852983,-0.1259608,0.9779748,0.1349181,0.1592568,moving,6.40207102232713,4.109905971851764,1.1133618949762791,5.0383277426888,1.9818480000000003,0.44843127,0.26349500000000026,0.11122166654073828,0.07122523016028703,0.9912400484862123,6.454418127935247,3.610373517234828,5.357335992002974,5.3695820338540665,5.528646756089748
05/05/2023 11:40:18.432432,1857,True,True,True,True,Eyes,2.357899,0.05303119,-3.395803,0.9805349,0.191295,0.0442441,0.0,0.0,0.0,0.0,0.0,0.0,0.0,-3.758023,-0.2256437,-1.703899,2.393639,0.05947006,-3.368068,-0.08591352,0.6314201,0.002423855,0.7706633,352.2135,79.07037,353.9305,0.541779,0.01277604,-0.8404235,0.4749228,0.003670903,0.1183342,4.367269,0.5067087,-3.049461,0.04280776,0.1779138,2.040407,0.2026056,-0.1047591,-0.9736409,-0.112231,0.9852259,-0.1293598,0.9728079,0.1354817,0.1878551,moving,7.810891532307578,4.207927323720823,1.2018897269059803,4.983315962622222,1.9736300000000004,0.44723864,0.3186070000000001,0.13554429299700227,0.07269901536496533,0.9881005036577644,7.825121046411408,3.696404226327088,6.637859353946204,6.654331852645985,6.747098259896011
05/05/2023 11:40:18.447281,1858,True,True,True,True,Eyes,2.360503,0.0532192,-3.394397,0.9805353,0.1900346,0.04936967,0.0,0.0,0.0,0.0,0.0,0.0,0.0,-3.798743,-0.2299231,-1.61345,2.40379,0.05871538,-3.362273,-0.08479101,0.6210858,0.002400608,0.7791387,352.235,77.51949,354.1154,0.5446604,0.01278177,-0.838559,0.4464274,0.003450649,0.1112342,4.368814,0.502962,-2.99278,0.04611269,0.1758184,2.040137,0.2284935,-0.1015842,-0.968231,-0.1090658,0.9856095,-0.1291459,0.9674168,0.1351099,0.214126,moving,9.054346777992825,4.296016764976085,1.2948212437490092,4.925563341321354,1.9650240000000005,0.44424662000000004,0.36949299999999985,0.15693999211849147,0.07398113452375604,0.984833294861412,9.034890470966648,3.77386795426791,7.764602592157008,7.785021863063059,7.825284270023782
05/05/2023 11:40:18.462630,1859,True,True,True,True,Eyes,2.363402,0.05337131,-3.392915,0.9805792,0.1882845,0.05489504,0.0,0.0,0.0,0.0,0.0,0.0,0.0,-3.834748,-0.2358526,-1.527155,2.413249,0.05728529,-3.356496,-0.0792954,0.6115808,0.0007187214,0.7871979,352.7776,76.0381,354.4551,0.5473076,0.01279127,-0.8368335,0.4196418,0.00324361,0.1045601,4.372536,0.4805818,-2.937302,0.04936177,0.1737579,2.039872,0.2519367,-0.09585956,-0.9629844,-0.09812265,0.9874234,-0.1239633,0.9627565,0.1257215,0.2393622,moving,10.179946585935733,4.830657877364961,1.3861993535695334,4.868746726768733,1.9592870000000002,0.42329651,0.41919400000000007,0.17613198809392527,0.08289453105236452,0.9808700756579242,10.117736171855565,4.2866009789276625,8.763421351662972,8.793829720161579,8.750921601797948
05/05/2023 11:40:18.473576,1860,True,True,True,True,Eyes,2.366553,0.05354663,-3.391254,0.9805845,0.1863729,0.06098535,0.0,0.0,0.0,0.0,0.0,0.0,0.0,-3.865345,-0.2427,-1.449197,2.422489,0.05694638,-3.35086,-0.07280481,0.6029835,-0.001449903,0.7944232,353.4583,74.69608,354.7964,0.5497506,0.01280327,-0.8352305,0.3944633,0.003048993,0.09828651,4.376634,0.4544569,-2.886578,0.05260077,0.1717042,2.039609,0.2728173,-0.09010389,-0.9578373,-0.08549654,0.9893947,-0.1174242,0.9582595,0.1139271,0.2622204,moving,11.137142544841112,5.46140505180715,1.4773097301816678,4.8120907264487265,1.954145,0.39751052,0.46428199999999986,0.19231372793421414,0.09339863594106491,0.9768787832999937,11.033828242697055,4.893960450310829,9.637320259695363,9.681631014466884,9.556869190887493
05/05/2023 11:40:18.492424,1861,True,True,True,True,Eyes,2.369923,0.05376453,-3.389379,0.9804536,0.1849546,0.06710067,0.0,0.0,0.0,0.0,0.0,0.0,0.0,-3.889625,-0.2459587,-1.384234,2.431562,0.05769635,-3.34514,-0.06891894,0.5955151,-0.002458026,0.8003787,353.8348,73.56903,355.0366,0.5520163,0.01281811,-0.8337346,0.3707955,0.002866053,0.09238932,4.37927,0.4399875,-2.843998,0.05578071,0.1696876,2.039351,0.2907115,-0.08601923,-0.9529363,-0.07814983,0.9904883,-0.1132501,0.9536139,0.1073949,0.2812239,moving,11.899126741585532,5.803978874290387,1.5667742327100667,4.7564342327265585,1.947708,0.38229114999999997,0.5011419999999998,0.20517688426599534,0.09897393226304954,0.9737076422745466,11.767391394708657,5.222226325069017,10.330846450324515,10.3853193568486,10.211246386164078
05/05/2023 11:40:18.512538,1862,True,True,True,True,Eyes,2.373507,0.05400139,-3.387327,0.9802514,0.1835719,0.07354238,0.0,0.0,0.0,0.0,0.0,0.0,0.0,-3.908365,-0.2486648,-1.331309,2.44042,0.05868023,-3.339228,-0.06716199,0.5891289,-0.002855188,0.8052382,353.9844,72.63388,355.1702,0.5541293,0.01283656,-0.8323314,0.3485478,0.00269409,0.08684596,4.381341,0.433701,-2.808441,0.05881137,0.1677661,2.039105,0.3058381,-0.08373234,-0.9483945,-0.07453591,0.9909623,-0.1115269,0.9491616,0.1047986,0.2968329,moving,12.461051670017444,5.914807847546061,1.6520529408629625,4.703381323823722,1.940921,0.37502077,0.5307869999999997,0.21468022746623883,0.10064694199113157,0.9714847010275107,12.312179256520572,5.326334793789203,10.817097765312534,10.876672641448817,10.678312792361814
05/05/2023 11:40:18.532327,1863,True,True,True,True,Eyes,2.377276,0.05422629,-3.385067,0.9799291,0.182647,0.07986923,0.0,0.0,0.0,0.0,0.0,0.0,0.0,-3.924082,-0.2478452,-1.284946,2.449067,0.05936196,-3.333089,-0.06609609,0.5833831,-0.002699261,0.8094987,354.0385,71.80334,355.3004,0.5561106,0.01285872,-0.8310086,0.3276349,0.002532445,0.0816352,4.383239,0.4302982,-2.776711,0.06208271,0.1656917,2.038838,0.3193137,-0.08148879,-0.9441389,-0.0727486,0.991248,-0.1101588,0.9448526,0.10386,0.3105908,moving,12.929784160278839,5.9442303122702524,1.7441201776076163,4.6460866086052155,1.9341719999999998,0.37093624000000003,0.556378,0.22261347680706195,0.10096172180186043,0.9696649071773599,12.768315533484385,5.35185401258918,11.198217150327201,11.260739576448493,11.046763819013295
05/05/2023 11:40:18.542798,1864,True,True,True,True,Eyes,2.381186,0.05441352,-3.38261,0.9795912,0.181413,0.08654799,0.0,0.0,0.0,0.0,0.0,0.0,0.0,-3.937659,-0.2474583,-1.241578,2.457398,0.05908675,-3.326501,-0.06500059,0.577957,-0.002769843,0.8134697,354.114,71.02257,355.4078,0.5579789,0.01288397,-0.8297548,0.3079768,0.002380498,0.07673709,4.385101,0.4252613,-2.746203,0.06522703,0.1636979,2.038582,0.3319159,-0.07964145,-0.939941,-0.07062872,0.9915345,-0.1089537,0.9406611,0.1025503,0.3234811,moving,13.328216406455217,5.9714678573646855,1.8326262895443357,4.590993726281578,1.9277029999999997,0.36617455,0.580298,0.22934406180959566,0.10126024501543701,0.9680639515814903,13.155980691943785,5.37571353154782,11.513045773171013,11.57818210958045,11.350512767937671
05/05/2023 11:40:18.562875,1865,True,True,True,True,Eyes,2.385217,0.0546052,-3.379956,0.9791909,0.1802066,0.09333138,0.0,0.0,0.0,0.0,0.0,0.0,0.0,-3.950681,-0.2603917,-1.192157,2.464633,0.05843977,-3.319502,-0.0609831,0.5721437,-0.005523847,0.8178644,354.639,70.16274,355.4595,0.5597504,0.01291112,-0.8285603,0.2894982,0.002237668,0.07213286,4.387439,0.4038946,-2.712029,0.06849772,0.1616239,2.038316,0.3452421,-0.0788177,-0.9351982,-0.06074667,0.9925011,-0.1060727,0.9365456,0.09343093,0.3378653,moving,13.768624874560079,6.469310635732866,1.9247034813347372,4.5336603742611254,1.9228059999999996,0.34545483,0.6074730000000002,0.23657118951478678,0.10947274779573057,0.9654272492532443,13.571880733921155,5.857186168764235,11.920264656817304,12.001050616660049,11.722135406225336
05/05/2023 11:40:18.582512,1866,True,True,True,True,Eyes,2.389357,0.05478908,-3.377106,0.9787331,0.1788499,0.1004709,0.0,0.0,0.0,0.0,0.0,0.0,0.0,-3.963518,-0.280636,-1.138627,2.471586,0.05871462,-3.312478,-0.05699073,0.5658844,-0.009111351,0.8224622,355.2141,69.25011,355.4249,0.5614387,0.01294011,-0.8274167,0.2721283,0.002103408,0.06780489,4.388653,0.381617,-2.676172,0.07165867,0.1596194,2.038059,0.3593836,-0.07948782,-0.9297985,-0.04951284,0.9933381,-0.1040574,0.9318756,0.08343349,0.3530538,moving,14.231840734192879,7.033408768749183,2.01370456530472,4.478225207299241,1.9170669999999999,0.32290238,0.6363059999999998,0.24410673467933458,0.1187438264553903,0.962451024871061,14.008228057035799,6.402972976670697,12.381657888645659,12.482460273287353,12.14797299014898
05/05/2023 11:40:18.592438,1867,True,True,True,True,Eyes,2.393545,0.05499801,-3.373947,0.9776737,0.1786945,0.1105547,0.0,0.0,0.0,0.0,0.0,0.0,0.0,-3.975716,-0.2937264,-1.084613,2.478289,0.05875866,-3.305089,-0.05486284,0.5594628,-0.01123143,0.8269614,355.5165,68.33913,355.3994,0.5630568,0.01297061,-0.8263161,0.2558006,0.001977204,0.0637366,4.387609,0.3687035,-2.640631,0.07481623,0.1576174,2.037802,0.3737504,-0.07996336,-0.924076,-0.04281152,0.9937279,-0.103306,0.9265408,0.07817177,0.3679828,moving,14.530875609489772,7.373549174321558,2.1026231872371537,4.422837525172517,1.9093200000000001,0.30994484,0.6644580000000002,0.2489559463298469,0.12429703003172635,0.9605056557909133,14.290565032461249,6.731941200366819,12.659348222219055,12.773729193452159,12.404752565261443
05/05/2023 11:40:18.612670,1868,True,True,True,True,Eyes,2.500254,0.06056599,-3.29005,0.9162553,0.1668362,0.3642004,0.0,0.0,0.0,0.0,0.0,0.0,0.0,-3.987169,-0.3048954,-1.029931,2.484743,0.05882058,-3.297548,-0.05229035,0.5530023,-0.01329124,0.8314312,355.8567,67.4238,355.4031,0.5646158,0.01300314,-0.8252512,0.2404526,0.001858571,0.0599124,4.385961,0.3544442,-2.604852,0.07806957,0.1555547,2.037537,0.3880237,-0.07993485,-0.9181765,-0.03573187,0.9941781,-0.1016518,0.9209566,0.07225148,0.3829085,moving,0.4485645045781682,5.515020128302242,2.194252102454528,4.365747668738056,1.901218,0.29562362,0.6926959999999998,0.007792610399119437,0.09610377609614613,0.9953408276625246,0.6129548685563295,5.017007846232417,2.0862677255438804,2.0900364531969413,1.7101581098612142
05/05/2023 11:40:18.632621,1869,True,True,True,True,Eyes,2.500537,0.06056261,-3.289795,0.9158532,0.1668842,0.3651884,0.0,0.0,0.0,0.0,0.0,0.0,0.0,-3.997992,-0.3120124,-0.9739765,2.490923,0.05939489,-3.289634,-0.05104179,0.5463155,-0.01432715,0.8359001,356.0045,66.49447,355.4163,0.5698611,0.01320923,-0.8216345,0.5461517,0.01845102,0.3080083,4.382478,0.3474714,-2.568751,0.08135283,0.1534731,2.037271,0.4026681,-0.07972197,-0.9118678,-0.03181771,0.9943789,-0.100986,0.914793,0.06967739,0.3978682,moving,1.2944379875584144,5.7364145946023815,2.2867348683182573,4.308107837083819,1.8915549999999999,0.28807651,0.7208830000000002,0.022477213598689316,0.09992688878440845,0.9947408604360977,1.4315610607511193,5.22681180799848,1.7386016542326037,1.7391702887120926,1.2551251839251905
05/05/2023 11:40:18.643017,1870,True,True,True,True,Eyes,2.501029,0.06052611,-3.289202,0.9152344,0.1668194,0.3667657,0.0,0.0,0.0,0.0,0.0,0.0,0.0,-4.007917,-0.3151131,-0.9185437,2.497061,0.05939839,-3.2814,-0.05141751,0.5395527,-0.01435426,0.8402576,355.9333,65.5739,355.4225,0.5741654,0.01338025,-0.8186297,0.5133826,0.01734396,0.2895278,4.377621,0.3477021,-2.533159,0.08456224,0.1514376,2.037009,0.4173536,-0.07960747,-0.9052505,-0.03136237,0.9943004,-0.1018977,0.9082028,0.07091816,0.4124781,moving,2.112709953120909,5.73106909531479,2.3771515635098117,4.2517254430915346,1.8805600000000005,0.28830371,0.7482410000000002,0.03668136501467523,0.09979209777605264,0.9943318422630973,2.229372146214854,5.2161843917467525,1.5023949393726048,1.5027930684822561,0.9757150300252455
05/05/2023 11:40:18.662480,1871,True,True,True,True,Eyes,2.501753,0.0604611,-3.288345,0.9143125,0.1665616,0.3691747,0.0,0.0,0.0,0.0,0.0,0.0,0.0,-4.017343,-0.3163624,-0.8593702,2.502507,0.05858324,-3.272868,-0.04970149,0.5325668,-0.01500278,0.8447943,356.1012,64.60876,355.4995,0.5777152,0.01352181,-0.8161262,0.4825796,0.01630332,0.2721561,4.372083,0.3387738,-2.495349,0.08780545,0.1493812,2.036745,0.432295,-0.07828724,-0.8983275,-0.02759022,0.9946094,-0.09995502,0.9013101,0.0679951,0.4278046,moving,2.9145587388876293,5.950513603027913,2.468531157414161,4.1947396015095375,1.869576,0.28019056000000003,0.7775189999999998,0.05057344348171516,0.10353679790118082,0.9933390819179884,3.0051147875943465,5.424383022091117,1.8074607895561616,1.8115415942900455,1.3416202644403197
05/05/2023 11:40:18.682577,1872,True,True,True,True,Eyes,2.502644,0.06037487,-3.287157,0.9131528,0.166246,0.372175,0.0,0.0,0.0,0.0,0.0,0.0,0.0,-4.026611,-0.3125449,-0.7981353,2.507965,0.05796143,-3.264207,-0.0471743,0.525383,-0.01528988,0.8494197,356.3262,63.61454,355.6586,0.5806611,0.0136385,-0.8140309,0.4536249,0.01532512,0.2558267,4.365783,0.3282279,-2.456278,0.09097004,0.1473747,2.036489,0.4474779,-0.07554419,-0.8910986,-0.02359409,0.9950816,-0.09620763,0.8939837,0.06407546,0.4434947,moving,3.714900885117685,6.217451795945411,2.5577042989512986,4.139111073422733,1.8578180000000004,0.27026647000000004,0.8079289999999997,0.06441231517948676,0.10807725694005754,0.9920536071575827,3.7781086198617926,5.67880225147309,2.3687259692595872,2.378782061881926,1.964697338081135
05/05/2023 11:40:18.692532,1873,True,True,True,True,Eyes,2.503695,0.06026143,-3.285653,0.9116951,0.1659549,0.3758602,0.0,0.0,0.0,0.0,0.0,0.0,0.0,-4.03559,-0.3037333,-0.7321246,2.512789,0.05735326,-3.25528,-0.04526481,0.5176722,-0.01469999,0.8542545,356.4387,62.55976,355.8643,0.5831899,0.01373646,-0.8122193,0.4264074,0.01440561,0.2404771,4.356955,0.3217025,-2.415418,0.0942288,0.1453084,2.036223,0.4635989,-0.07197972,-0.8831167,-0.02174961,0.99547,-0.09255487,0.8857782,0.06211578,0.4599333,moving,4.546798501523,6.3690023794247494,2.6495445645636404,4.081806583890313,1.844166,0.26434924,0.8398620000000001,0.07878711228073698,0.11058643612774291,0.9907386664631025,4.584973391114693,5.820741895328669,2.954629024731681,2.97167244298866,2.601880235524302
05/05/2023 11:40:18.712306,1874,True,True,True,True,Eyes,2.504885,0.06010726,-3.283825,0.9099788,0.1657043,0.3801062,0.0,0.0,0.0,0.0,0.0,0.0,0.0,-4.04395,-0.2963538,-0.661719,2.517486,0.05655812,-3.246274,-0.04420158,0.5094075,-0.01399224,0.8592757,356.4622,61.44439,356.0313,0.5854953,0.01382197,-0.8105575,0.4008229,0.01354127,0.2260485,4.346091,0.318293,-2.372809,0.09718996,0.1434307,2.035983,0.4806167,-0.06907961,-0.8742058,-0.02098684,0.9957009,-0.09021817,0.8766797,0.06170717,0.4771007,moving,5.4053665852055275,6.436044902790048,2.7330044099175272,4.029709037378805,1.8286050000000005,0.26173488,0.8734649999999999,0.09361308732951418,0.11160185075029158,0.9893339535041319,5.4201148043379295,5.880279663550239,3.5718126035667197,3.5961051003932694,3.2626942722619137
05/05/2023 11:40:18.732807,1875,True,True,True,True,Eyes,2.506203,0.0599132,-3.281671,0.9080693,0.1655066,0.3847308,0.0,0.0,0.0,0.0,0.0,0.0,0.0,-4.05056,-0.2905961,-0.591126,2.521982,0.05540369,-3.236889,-0.04368896,0.5010418,-0.01333831,0.8642169,356.4369,60.3267,356.1604,0.5876064,0.01389538,-0.8090272,0.3767736,0.0127288,0.2124856,4.334349,0.3160129,-2.330444,0.1004005,0.1413948,2.035721,0.4975586,-0.06683435,-0.8648519,-0.0207256,0.9958267,-0.08887956,0.8671829,0.06214737,0.4940969,moving,6.2405275991051745,6.457083179336783,2.8235045747631746,3.9732042072171514,1.8123669999999996,0.26060921,0.9064450000000002,0.10802103863380991,0.11180092011217044,0.987842136269371,6.233678525878219,5.895211246847244,4.193408779848294,4.224417249399191,3.9145111364321368
05/05/2023 11:40:18.742431,1876,True,True,True,True,Eyes,2.507634,0.05966284,-3.279206,0.905939,0.1653387,0.3897918,0.0,0.0,0.0,0.0,0.0,0.0,0.0,-4.055176,-0.2873686,-0.5243537,2.526449,0.05418964,-3.227398,-0.04327551,0.4930236,-0.01300894,0.8688416,356.424,59.26254,356.2499,0.5895492,0.01395702,-0.8076114,0.3541672,0.01196507,0.1997364,4.323034,0.3130701,-2.290128,0.1037556,0.1392678,2.035449,0.5135169,-0.06527711,-0.855593,-0.02006629,0.995916,-0.08802657,0.8578448,0.06237171,0.5101099,moving,6.989482525235647,6.48838345199924,2.9180869086549444,3.9141438544070617,1.7965849999999999,0.25888046000000003,0.9372699999999998,0.1209191458541573,0.11217260165559306,0.9863041480140123,6.96293032667506,5.92069926213181,4.779858113178747,4.816946311982737,4.5151990964485815
05/05/2023 11:40:18.762590,1877,True,True,True,True,Eyes,2.509165,0.05935629,-3.276442,0.9037194,0.1650548,0.3950293,0.0,0.0,0.0,0.0,0.0,0.0,0.0,-4.057718,-0.2847103,-0.4620996,2.530535,0.05257568,-3.217654,-0.04298786,0.4854588,-0.01278386,0.8731085,356.4078,58.26461,356.3198,0.5913462,0.01400675,-0.8062956,0.3329171,0.01124717,0.1877523,4.311813,0.310018,-2.251698,0.1068199,0.1373243,2.035198,0.5283328,-0.06406107,-0.8466172,-0.01941427,0.9959772,-0.08747821,0.8488154,0.06265406,0.5249637,moving,7.660058199589907,6.504857512278285,3.004483398009992,3.860162311120774,1.781278,0.25744232,0.9659559999999998,0.1324523031380601,0.11228931469437486,0.9848083498817324,7.616176162993145,5.932281374320446,5.311920373000192,5.354324368221581,5.055827090662164
05/05/2023 11:40:18.782928,1878,True,True,True,True,Eyes,2.510776,0.05899458,-3.273377,0.9013256,0.1647201,0.4005989,0.0,0.0,0.0,0.0,0.0,0.0,0.0,-4.058514,-0.2872923,-0.4028631,2.534388,0.05093499,-3.207906,-0.04188096,0.4782327,-0.01362645,0.8771281,356.5351,57.31187,356.326,0.5930176,0.01404449,-0.8050665,0.3129421,0.01057234,0.1764871,4.301369,0.3016631,-2.214781,0.1100058,0.1353042,2.034939,0.5422155,-0.06396197,-0.8378013,-0.01615342,0.9961206,-0.08650316,0.8400841,0.06043671,0.5390788,moving,8.250689922826899,6.66441017318936,3.0943134562931722,3.8040282509909886,1.7669810000000004,0.25072811,0.993125,0.14255464151892044,0.11486853356622491,0.98309888689711,8.18763469107379,6.08360685621564,5.847288255646218,5.896609449968863,5.580179192289897
05/05/2023 11:40:18.792665,1879,True,True,True,True,Eyes,2.51243,0.05858899,-3.269993,0.8989564,0.1642159,0.4060918,0.0,0.0,0.0,0.0,0.0,0.0,0.0,-4.057313,-0.2926439,-0.348798,2.537879,0.04927088,-3.197785,-0.04117828,0.471506,-0.01471393,0.8807781,356.637,56.43208,356.281,0.5945811,0.01407017,-0.803912,0.2941656,0.009937995,0.1658979,4.291419,0.294065,-2.180104,0.1132062,0.1332749,2.034679,0.5549312,-0.06475103,-0.8293725,-0.01291219,0.9961757,-0.08641326,0.8317961,0.05866243,0.5519729,moving,8.770074925431135,6.791246192854519,3.1845597699532604,3.747616457927295,1.75354,0.24479412,1.017681,0.15142449819193088,0.11688867287874735,0.9815333312939389,8.6905223859942,6.203572030424134,6.305310335025517,6.360948161666324,6.0288756914800175
05/05/2023 11:40:18.812679,1880,True,True,True,True,Eyes,2.514132,0.05814511,-3.266325,0.896479,0.1636034,0.4117758,0.0,0.0,0.0,0.0,0.0,0.0,0.0,-4.054325,-0.3022331,-0.3019038,2.541036,0.04779366,-3.187616,-0.0403417,0.4655459,-0.01645057,0.8839508,356.7896,55.6557,356.1727,0.596052,0.014084,-0.8028218,0.2765156,0.009341716,0.155944,4.282939,0.2846839,-2.148732,0.1164536,0.1312157,2.034415,0.5659929,-0.0666448,-0.821712,-0.008478831,0.9962038,-0.08663714,0.8243665,0.05600316,0.5632792,moving,9.165199314991938,6.963186026917688,3.2761391070056525,3.6903516110763075,1.7419029999999998,0.23689023999999997,1.038884,0.15813624755537137,0.11970616081393881,0.9801343487861722,9.071062788681342,6.368246533844903,6.675271591039009,6.737393802265328,6.383749814477032
05/05/2023 11:40:18.832653,1881,True,True,True,True,Eyes,2.51585,0.05765425,-3.262346,0.8941083,0.1628712,0.4171851,0.0,0.0,0.0,0.0,0.0,0.0,0.0,-4.049938,-0.3125132,-0.2622167,2.543844,0.046475,-3.177282,-0.03927172,0.4603715,-0.01841241,0.8866661,356.9798,54.98235,356.0488,0.5974435,0.0140863,-0.8017868,0.2599247,0.008781213,0.1465874,4.275868,0.2740973,-2.12037,0.1196844,0.129167,2.034152,0.5754382,-0.06881049,-0.8149453,-0.003507825,0.9962375,-0.0865949,0.8178377,0.0526887,0.5730317,moving,9.471857628136572,7.161680376594309,3.367257844651233,3.6333572970432666,1.732024,0.2276223,1.056912,0.1633136540323991,0.12299589099686908,0.9788772899525313,9.36464905482278,6.559344821172054,6.982144747723603,7.050900812677896,6.673088064696901
05/05/2023 11:40:18.843603,1882,True,True,True,True,Eyes,2.517591,0.0571155,-3.258095,0.8916766,0.1621162,0.4226479,0.0,0.0,0.0,0.0,0.0,0.0,0.0,-4.045021,-0.3145857,-0.2327838,2.546546,0.04480205,-3.166771,-0.03876581,0.4562732,-0.01912177,0.8887894,357.0503,54.45134,356.0172,0.5987685,0.01407716,-0.800798,0.2443292,0.008254341,0.1377921,4.270609,0.2676283,-2.096282,0.1228509,0.1271594,2.033895,0.5828983,-0.06936605,-0.809579,-0.001385155,0.9962631,-0.08635878,0.812544,0.05145978,0.580624,moving,9.650268577583232,7.2110627811495425,3.456568140906651,3.5774838164508886,1.7240630000000001,0.22282624999999998,1.0704889999999998,0.16634468258154145,0.12377594203067412,0.9782683841439808,9.537236411310982,6.6062099999029185,7.109286694800963,7.180864933417715,6.7932105008626005
05/05/2023 11:40:18.862808,1883,True,True,True,True,Eyes,2.519333,0.05655516,-3.253561,0.8893406,0.1612766,0.4278589,0.0,0.0,0.0,0.0,0.0,0.0,0.0,-4.039759,-0.3098111,-0.2094496,2.548851,0.04311979,-3.156106,-0.03783519,0.4528845,-0.01912658,0.8905608,357.1303,54.00849,356.0766,0.6000365,0.01405663,-0.7998487,0.2296695,0.00775908,0.1295246,4.266448,0.2609833,-2.074623,0.126074,0.1251153,2.033632,0.5890597,-0.06833668,-0.8051949,-0.000203183,0.9964054,-0.08471331,0.8080894,0.05006481,0.5869284,moving,9.767990110424474,7.242553965426462,3.547483176875373,3.5205752850933534,1.7175969999999996,0.21786350999999998,1.081483,0.16834381501676787,0.12427082566605893,0.9778635920510621,9.651144801494667,6.636069761862719,7.175445357737704,7.248988329911053,6.852808990671684
05/05/2023 11:40:18.882583,1884,True,True,True,True,Eyes,2.521078,0.05597979,-3.248765,0.8869489,0.1606057,0.4330443,0.0,0.0,0.0,0.0,0.0,0.0,0.0,-4.034013,-0.304042,-0.1905493,2.550925,0.04200871,-3.145318,-0.03674722,0.4499863,-0.01900916,0.8920766,357.2227,53.62835,356.1545,0.6012573,0.01402538,-0.7989319,0.2158893,0.007293535,0.1217531,4.263181,0.2545392,-2.054687,0.1292765,0.1230848,2.033372,0.5943019,-0.06698675,-0.8014476,0.0008437661,0.9965766,-0.0826704,0.8042417,0.04845495,0.5923239,moving,9.824638184959376,7.286744391151237,3.637820363516561,3.4640217941183558,1.7122560000000004,0.21253049000000002,1.0906310000000001,0.1692948048784319,0.1250043133573992,0.977605799148823,9.705175342410058,6.678690691364124,7.197328032085302,7.2725458272594095,6.86635948365821
05/05/2023 11:40:18.893564,1885,True,True,True,True,Eyes,2.522806,0.05535099,-3.243689,0.8846102,0.1600578,0.4380026,0.0,0.0,0.0,0.0,0.0,0.0,0.0,-4.02758,-0.2996563,-0.1751827,2.552754,0.04103947,-3.134269,-0.03803569,0.4473365,-0.01800682,0.8933752,357.0279,53.29531,356.1989,0.6024386,0.01398416,-0.7980422,0.2029359,0.006855923,0.114448,4.259677,0.2583529,-2.036569,0.1324201,0.1210918,2.033116,0.5991316,-0.06620319,-0.7979088,-0.001855815,0.9964581,-0.0840705,0.8006484,0.05185007,0.5968867,moving,9.856073239699162,7.054418015060482,3.7265023650297326,3.40849345227113,1.7069229999999997,0.21731343,1.0977000000000001,0.16991555447700046,0.12102612637927267,0.9779986523365158,9.742080775969098,6.45243232581874,7.060876024569043,7.1319285628185085,6.741865282253427
05/05/2023 11:40:18.912637,1886,True,True,True,True,Eyes,2.524513,0.05466951,-3.238356,0.8822352,0.1594935,0.4429706,0.0,0.0,0.0,0.0,0.0,0.0,0.0,-4.020551,-0.2953139,-0.1617552,2.554302,0.03906733,-3.122854,-0.03950006,0.4448846,-0.01707455,0.8945535,356.8197,52.98946,356.2275,0.6035875,0.01393276,-0.7971746,0.1907598,0.006444568,0.1075811,4.256403,0.2615483,-2.019034,0.1356323,0.1190546,2.032855,0.6035722,-0.06569413,-0.7945973,-0.004597751,0.9962964,-0.08586224,0.7972951,0.05547743,0.6010349,moving,9.857818852451615,6.807742352105438,3.817123093355902,3.351711427420051,1.7021009999999999,0.22248097,1.1038199999999998,0.17003176799072828,0.11681206727520894,0.9784907847999843,9.750431138945991,6.212409214158795,6.8930811298428285,6.9594651379498025,6.586936783582794
05/05/2023 11:40:18.932671,1887,True,True,True,True,Eyes,2.526194,0.05395392,-3.23277,0.8798329,0.1589037,0.4479325,0.0,0.0,0.0,0.0,0.0,0.0,0.0,-4.013228,-0.2929033,-0.1448706,2.555498,0.03712887,-3.111404,-0.03894442,0.4421712,-0.01729756,0.8959179,356.8767,52.63882,356.2426,0.6047106,0.01387091,-0.7963242,0.1793142,0.006057894,0.1011262,4.252745,0.2553544,-1.999589,0.1388852,0.1169925,2.032591,0.6083709,-0.06543459,-0.7909508,-0.003445812,0.9963682,-0.08507898,0.7936454,0.05448505,0.605936,moving,9.890035732318657,6.8302473792386245,3.908895658735738,3.2942135013839193,1.697247,0.21822552999999997,1.1118149999999998,0.17057436626113298,0.1171852297583873,0.9783515982781634,9.781230180265824,6.2340926065507185,6.880790356909128,6.9482063991476,6.567130414857796
05/05/2023 11:40:18.942690,1888,True,True,True,True,Eyes,2.527836,0.05317855,-3.226936,0.8773807,0.1583917,0.4528964,0.0,0.0,0.0,0.0,0.0,0.0,0.0,-4.005459,-0.2924188,-0.1276687,2.556498,0.03558531,-3.099768,-0.039393,0.4393519,-0.01727728,0.8972846,356.8178,52.2817,356.2317,0.6058125,0.01379891,-0.7954875,0.1685553,0.00569442,0.09505863,4.248353,0.2536527,-1.980013,0.142035,0.1149947,2.032334,0.6133429,-0.06562006,-0.7870862,-0.003609493,0.9962994,-0.08587509,0.7898085,0.05551186,0.6108363,moving,9.929248580800593,6.746809309360132,3.997765771851002,3.2384898377877476,1.6918549999999999,0.21806739,1.119755,0.17127301343146628,0.11574613191843236,0.9784009200273505,9.821704533243231,6.152648640393296,6.82497129373168,6.891356457728657,6.51234091730848
05/05/2023 11:40:18.962893,1889,True,True,True,True,Eyes,2.529418,0.05233113,-3.220855,0.8748828,0.1577084,0.4579391,0.0,0.0,0.0,0.0,0.0,0.0,0.0,-3.997412,-0.2918358,-0.1102881,2.557246,0.033365,-3.088043,-0.04003425,0.4365057,-0.01724899,0.8986449,356.7384,51.92306,356.2123,0.6068983,0.01371634,-0.7946609,0.158442,0.005352755,0.08935512,4.243634,0.2519267,-1.960436,0.1452495,0.1129567,2.032072,0.6183306,-0.06595177,-0.783146,-0.003948909,0.9961995,-0.08701169,0.7859082,0.05689457,0.6157202,moving,9.965596575138262,6.634107835004529,4.088464110513922,3.181623782417211,1.686388,0.2185617,1.1276069999999998,0.17193242831230166,0.11380811920714873,0.9785126593827884,9.86017491550965,6.042750840620029,6.751421523731062,6.816181639313254,6.441947970892403
05/05/2023 11:40:18.982814,1890,True,True,True,True,Eyes,2.530932,0.05154042,-3.214554,0.8724028,0.1563474,0.4631076,0.0,0.0,0.0,0.0,0.0,0.0,0.0,-3.98919,-0.2904614,-0.09022808,2.557567,0.03080777,-3.076369,-0.03930663,0.4334593,-0.01777208,0.9001402,356.8267,51.53108,356.2059,0.6079714,0.01362256,-0.7938418,0.1489355,0.00503159,0.08399381,4.238294,0.2439562,-1.939564,0.1484942,0.1108994,2.031809,0.6235944,-0.06607039,-0.7789511,-0.002080915,0.9962783,-0.08616991,0.7817453,0.05535601,0.6211361,moving,10.02590077977756,6.649148535055359,4.180014459353709,3.1241956871307073,1.6807269999999996,0.21314843,1.136805,0.17295748787139437,0.11404418968259644,0.9783043669028657,9.91855520063092,6.05698530061006,6.760475725344358,6.8263957877792905,6.444540693969646
05/05/2023 11:40:18.993011,1891,True,True,True,True,Eyes,2.532371,0.05100353,-3.208029,0.8698837,0.1547866,0.4683413,0.0,0.0,0.0,0.0,0.0,0.0,0.0,-3.980743,-0.2948311,-0.06541145,2.557667,0.03131921,-3.065108,-0.03124797,0.4302592,-0.02201237,0.9018958,357.8553,51.07951,356.1789,0.6090348,0.01352009,-0.793028,0.1399994,0.004729695,0.07895418,4.233879,0.2058468,-1.915361,0.1516208,0.1089167,2.031554,0.628785,-0.06659517,-0.7747221,0.01281628,0.9970781,-0.07530687,0.7774734,0.03742277,0.6278013,moving,10.097279635280394,7.5982814535091645,4.268238065673567,3.068832295583198,1.676212,0.17452759,1.1497469999999999,0.17382731056074902,0.13021366840264678,0.9761293884599942,9.962554459951614,6.980003339199998,7.295486422566229,7.381980445276231,6.9081472284955145
05/05/2023 11:40:19.012327,1892,True,True,True,True,Eyes,2.533785,0.0505222,-3.201256,0.8672873,0.154117,0.4733504,0.0,0.0,0.0,0.0,0.0,0.0,0.0,-3.970791,-0.3163002,-0.0442853,2.55774,0.03691635,-3.053815,-0.0307929,0.4270316,-0.0244646,0.903381,358.0091,50.67087,355.9548,0.6100914,0.01341603,-0.7922171,0.1315994,0.004445913,0.07421693,4.228106,0.2031429,-1.894592,0.1547988,0.1069012,2.031295,0.634091,-0.07050078,-0.7700378,0.01790262,0.9969066,-0.07652975,0.7730512,0.03474113,0.6333917,moving,10.144970674507952,7.75948215320967,4.357913534991066,3.012532570094183,1.6703660000000005,0.16622654999999997,1.1592230000000001,0.1745759520710286,0.13294157746730978,0.9756278417252386,10.004699708063534,7.13653282088045,7.3941510089758165,7.4848888221986085,6.992393878557443
05/05/2023 11:40:19.022443,1893,True,True,True,True,Eyes,2.565727,0.04039877,-3.026627,0.7923698,0.1219114,0.5977355,0.0,0.0,0.0,0.0,0.0,0.0,0.0,-3.95994,-0.3325377,-0.04336262,2.558371,0.03781973,-3.040871,-0.04132859,0.4253154,-0.02186058,0.9038369,356.7833,50.5207,355.7108,0.6111441,0.01331196,-0.7914071,0.1237034,0.004179158,0.06976391,4.224752,0.2443492,-1.882607,0.1580756,0.1048238,2.03103,0.6372579,-0.07467217,-0.7670245,0.004361439,0.9956281,-0.09330388,0.7706383,0.05611331,0.6347976,moving,2.1463606726531936,3.962956449543416,4.450373963805328,2.9544798077425622,1.6663809999999994,0.20652947,1.1582640000000002,0.03736287442408259,0.06906324667134348,0.9969123837811591,2.3098318568818725,3.4956154763680036,2.5136600832788645,2.5150551450939633,2.2078832223129488
05/05/2023 11:40:19.042639,1894,True,True,True,True,Eyes,2.565709,0.04061368,-3.026124,0.7921048,0.1221163,0.5980448,0.0,0.0,0.0,0.0,0.0,0.0,0.0,-3.949455,-0.3426963,-0.01408041,2.556784,0.03935421,-3.029379,-0.03555838,0.4215877,-0.02574839,0.9057242,357.5526,50.01516,355.6014,0.6157544,0.01294602,-0.7878316,0.2121069,-0.02644188,0.5894665,4.216679,0.2162825,-1.857168,0.161037,0.1029462,2.030789,0.6432016,-0.07662384,-0.7618533,0.01665993,0.9961452,-0.08612258,0.7655156,0.04270177,0.6419988,moving,2.559624538369832,4.785144163882075,4.533938990037926,2.9019942960680036,1.6598950000000001,0.17692829,1.1722110000000001,0.04450366814036605,0.08333681583829977,0.9955271901679812,2.6905286818156915,4.292850636979682,2.7281178640849717,2.728400809762679,2.3092515942430825
05/05/2023 11:40:19.062501,1895,True,True,True,True,Eyes,2.565622,0.04089429,-3.02512,0.7914292,0.122897,0.5987788,0.0,0.0,0.0,0.0,0.0,0.0,0.0,-3.937422,-0.3674735,0.01986873,2.556365,0.04469774,-3.016906,-0.03885949,0.4165439,-0.02695433,0.9078845,357.2427,49.40443,355.3304,0.6195338,0.01264118,-0.7848679,0.1993805,-0.02485536,0.5540985,4.205075,0.2294924,-1.830397,0.1642274,0.1009229,2.030528,0.6515291,-0.08131621,-0.7542529,0.01656946,0.9955268,-0.09301519,0.7584427,0.04810455,0.6499621,moving,3.106249267366897,4.5817779623348125,4.623969603481447,2.845418371563628,1.64871,0.18479466,1.186509,0.05401506089646685,0.07976528832955745,0.99534907169552,3.228870195234298,4.091353610675604,2.3059610300589823,2.306169908553734,1.8704697214744113
05/05/2023 11:40:19.072541,1896,True,True,True,True,Eyes,2.565469,0.04124047,-3.02368,0.7902836,0.1233176,0.6002039,0.0,0.0,0.0,0.0,0.0,0.0,0.0,-3.924904,-0.3840651,0.06712735,2.555051,0.04640349,-3.004404,-0.04768576,0.4096256,-0.02485035,0.9106675,356.1874,48.59866,355.1519,0.6226479,0.01238943,-0.7824037,0.1874177,-0.02336404,0.5208526,4.186245,0.2655782,-1.799845,0.1674655,0.09886983,2.030265,0.6631786,-0.08432744,-0.7436955,0.006194208,0.994217,-0.1072104,0.7484355,0.06649306,0.6598659,moving,3.8684470277812477,3.628970601257045,4.715342140520837,2.787986941722699,1.6311940000000003,0.21917471,1.2045590000000002,0.06733119133189447,0.0631515130170971,0.9957301429360313,3.997556243975162,3.1592325756304787,1.1934048924449308,1.1935178455247257,0.8081088503261599
05/05/2023 11:40:19.092702,1897,True,True,True,True,Eyes,2.565295,0.04166542,-3.0218,0.7886506,0.1237098,0.6022675,0.0,0.0,0.0,0.0,0.0,0.0,0.0,-3.912525,-0.3876443,0.1368414,2.553147,0.04837586,-2.992649,-0.04455387,0.4009735,-0.02642759,0.9146239,356.5426,47.49145,355.1685,0.6252292,0.01218419,-0.7803457,0.1761726,-0.0219622,0.4896014,4.163709,0.2527186,-1.758246,0.1707386,0.09679446,2.029999,0.6770437,-0.08407246,-0.7311249,0.01261277,0.9946331,-0.1026936,0.7358348,0.06030652,0.6744704,moving,4.785689825557695,4.0939167617238255,4.807702302890588,2.7299110712060215,1.6105619999999998,0.20434274000000002,1.2344030000000001,0.08321755418455129,0.07114391557059735,0.9939886352496566,4.879170090143497,3.6055352186320406,1.3595494979554639,1.3641832988727294,0.8785358798423488
05/05/2023 11:40:19.112613,1898,True,True,True,True,Eyes,2.565089,0.04207459,-3.019551,0.7865273,0.1241842,0.6049405,0.0,0.0,0.0,0.0,0.0,0.0,0.0,-3.900728,-0.3697903,0.2246079,2.552857,0.05068076,-2.980474,-0.04487496,0.3897448,-0.0231817,0.9195368,356.3042,46.08321,355.5394,0.627443,0.01201728,-0.7785693,0.1656022,-0.02064447,0.4602253,4.133539,0.2623287,-1.709362,0.173893,0.09479384,2.029742,0.6951233,-0.07761241,-0.7146888,0.00765328,0.9948977,-0.1005982,0.7188499,0.06445846,0.6921704,moving,6.027118690968662,3.961966781114461,4.896713758152342,2.673907995041859,1.580682,0.21164794000000003,1.271112,0.10475098771284441,0.06871414428895795,0.9921217237128719,6.092894934634593,3.468917491842898,1.7034166741236323,1.7137417391527503,1.4362762641547426
05/05/2023 11:40:19.132671,1899,True,True,True,True,Eyes,2.564874,0.0424499,-3.016972,0.7841469,0.1238199,0.6080973,0.0,0.0,0.0,0.0,0.0,0.0,0.0,-3.889027,-0.3424474,0.302907,2.552,0.05066618,-2.969559,-0.04393023,0.3797909,-0.01953008,0.9238224,356.1966,44.8285,356.0086,0.6294566,0.0118778,-0.7769445,0.1556661,-0.0194058,0.4326118,4.105742,0.2653106,-1.666264,0.1771117,0.09275311,2.02948,0.7107549,-0.06945324,-0.7000026,0.002716042,0.9953774,-0.09600214,0.7034345,0.06633276,0.7076581,moving,7.085137926347626,3.8710899140802546,4.9875378674579345,2.6167620462303423,1.5537420000000002,0.21464442,1.3032949999999999,0.12306692669297364,0.06699867610123048,0.9901342149617585,7.126721545493783,3.373479529584029,2.431140708919101,2.4440262697276687,2.26908090600316
05/05/2023 11:40:19.142509,1900,True,True,True,True,Eyes,2.56466,0.04285162,-3.014076,0.7814083,0.1232522,0.6117271,0.0,0.0,0.0,0.0,0.0,0.0,0.0,-3.877084,-0.3025763,0.3790489,2.551326,0.05042135,-2.95892,-0.03535351,0.370483,-0.01804312,0.9279909,357.0052,43.61646,356.5737,0.6312947,0.01176225,-0.7754534,0.1463261,-0.01824145,0.4066551,4.080576,0.2361243,-1.622736,0.1803005,0.09073091,2.029221,0.7248336,-0.05968345,-0.6863338,0.007291958,0.9968492,-0.0789848,0.6888854,0.05224612,0.722985,moving,8.02679603617833,4.647971401448123,5.07751520654063,2.5601145068866265,1.5292499999999998,0.18570295,1.336184,0.13918591934866076,0.08024470339137212,0.9870097002668409,8.023728234649216,4.123128424773103,3.5883738313467233,3.61350298522589,3.335143732210592
05/05/2023 11:40:19.162640,1901,True,True,True,True,Eyes,2.564445,0.04327979,-3.010906,0.778611,0.1222835,0.6154768,0.0,0.0,0.0,0.0,0.0,0.0,0.0,-3.864757,-0.2699029,0.4430531,2.551204,0.05148065,-2.948593,-0.03075555,0.3622103,-0.01545205,0.9314607,357.3576,42.566,357.0697,0.6329793,0.01166899,-0.7740804,0.1375466,-0.01714696,0.3822558,4.058105,0.2240891,-1.585627,0.1835747,0.08865528,2.028955,0.7371298,-0.05106592,-0.6738189,0.006506006,0.9976307,-0.06848896,0.6757199,0.04610139,0.7357156,moving,8.831402071556125,4.92877314444048,5.169900179438468,2.501950184626476,1.5069010000000005,0.17260845000000002,1.362966,0.15297304040050597,0.08490604957200179,0.9845761761733788,8.800504919304753,4.391008394304459,4.359843764445942,4.392728740118332,4.09265582436287
05/05/2023 11:40:19.172354,1902,True,True,True,True,Eyes,2.564247,0.04374215,-3.007451,0.7755203,0.1214158,0.6195372,0.0,0.0,0.0,0.0,0.0,0.0,0.0,-3.850818,-0.2510038,0.5031143,2.550753,0.05266038,-2.938675,-0.02778391,0.3542721,-0.01402003,0.9346244,357.5928,41.57405,357.3673,0.6345296,0.01159655,-0.7728112,0.1292938,-0.01611815,0.3593204,4.036088,0.2158284,-1.551178,0.1866662,0.08669467,2.028703,0.7485895,-0.04589306,-0.6614437,0.006520801,0.998063,-0.06186885,0.6630018,0.04200122,0.7474386,moving,9.545292166120383,5.113674916814398,5.257129753715688,2.4469911493810534,1.4853350000000005,0.16316802,1.387497,0.16518522245624606,0.08790757051732091,0.9823369970195528,9.49143480129128,4.566180780761486,5.010077358181472,5.049706842050631,4.735008334699578
05/05/2023 11:40:19.192336,1903,True,True,True,True,Eyes,2.564073,0.04420337,-3.003724,0.7724823,0.1206717,0.6234657,0.0,0.0,0.0,0.0,0.0,0.0,0.0,-3.836245,-0.2496229,0.5544764,2.55098,0.05392713,-2.928502,-0.0280862,0.3470546,-0.01340295,0.9373285,357.5155,40.6906,357.4402,0.6359636,0.01154377,-0.7716324,0.1215361,-0.01515106,0.3377612,4.016727,0.2179253,-1.520492,0.1898103,0.08470084,2.028447,0.758747,-0.04462082,-0.6498555,0.005631036,0.998063,-0.06195509,0.6513612,0.04334887,0.7575285,moving,10.150064591892416,5.020976407419673,5.345839891682619,2.3910819598721544,1.4657470000000004,0.16399817,1.40801,0.17557156621873632,0.08616096898051981,0.9806890203476878,10.083476938533071,4.471976072722512,5.43569936097438,5.4769443830796005,5.174487906700058
05/05/2023 11:40:19.212549,1904,True,True,True,True,Eyes,2.563925,0.04463496,-2.999743,0.7692422,0.120156,0.6275581,0.0,0.0,0.0,0.0,0.0,0.0,0.0,-3.821721,-0.2590597,0.5968974,2.551388,0.05435576,-2.91829,-0.03164627,0.3406771,-0.01272367,0.9395615,357.0883,39.92677,357.3904,0.6372967,0.01150876,-0.7705323,0.114244,-0.01424199,0.3174955,3.999761,0.2310805,-1.493995,0.1930196,0.08266643,2.028187,0.7675545,-0.04547167,-0.6393689,0.00234703,0.9976732,-0.06813656,0.6409796,0.0507979,0.7658753,moving,10.620637528343261,4.6051769131398705,5.436382727863267,2.3340142259112246,1.4483729999999997,0.17672474,1.4242949999999999,0.18373051354583575,0.07892220775397704,0.9798033368936196,10.553407488475798,4.064289131381792,5.624123897156646,5.659918531936614,5.401647308851524
05/05/2023 11:40:19.232638,1905,True,True,True,True,Eyes,2.563816,0.04503004,-2.99552,0.7661009,0.1195175,0.63151,0.0,0.0,0.0,0.0,0.0,0.0,0.0,-3.807923,-0.2693394,0.6328434,2.551894,0.05403978,-2.908303,-0.03421782,0.3351064,-0.01281926,0.9414716,356.799,39.26077,357.2978,0.6385427,0.01148905,-0.7695003,0.1073893,-0.01338747,0.2984458,3.985474,0.2384386,-1.470133,0.1962527,0.08061558,2.027923,0.7750788,-0.04707114,-0.630109,0.001204716,0.9973296,-0.07302182,0.6318635,0.05583856,0.7730657,moving,10.997481038729939,4.323286335443011,5.5275985721695315,2.276467956071478,1.43358,0.18439882,1.4381700000000002,0.19024269265824445,0.07400726500266182,0.978943585966028,10.928359540789002,3.787515019248274,5.808073968988884,5.840297909877378,5.608162111360436
05/05/2023 11:40:19.242763,1906,True,True,True,True,Eyes,2.563737,0.04541407,-2.991079,0.7628264,0.118865,0.6355839,0.0,0.0,0.0,0.0,0.0,0.0,0.0,-3.794766,-0.2771779,0.664325,2.552602,0.05362192,-2.898233,-0.03500542,0.3301244,-0.01357208,0.9431906,356.7282,38.66082,357.2032,0.6397147,0.01148225,-0.7685263,0.100946,-0.01258423,0.280539,3.973338,0.2379946,-1.447409,0.1994536,0.07858648,2.027663,0.7816674,-0.0487144,-0.6217901,0.002489829,0.9971809,-0.07499451,0.6236906,0.05707261,0.7795851,moving,11.291773465105804,4.254820647556181,5.617897890252413,2.2195114003043788,1.4207360000000002,0.18437268,1.450824,0.19528629337234588,0.0727639112399672,0.9780432380744329,11.21708674243052,3.7189473975377734,5.995560141354089,6.027880869000862,5.796483771404428
05/05/2023 11:40:19.262941,1907,True,True,True,True,Eyes,2.563691,0.0457711,-2.986411,0.7596446,0.1179842,0.6395466,0.0,0.0,0.0,0.0,0.0,0.0,0.0,-3.782337,-0.2828591,0.6930129,2.5533,0.05375486,-2.888619,-0.03471524,0.3255645,-0.01453899,0.9447706,356.7823,38.10829,357.1251,0.6408234,0.01148686,-0.767602,0.09488921,-0.01182917,0.2637067,3.962563,0.2337031,-1.426126,0.2027128,0.07652001,2.027398,0.7875928,-0.0500761,-0.614158,0.004867916,0.9971669,-0.07506262,0.6161768,0.05612911,0.7856053,moving,11.545076573201161,4.292484108801368,5.709837651219767,2.1614865723558547,1.4092629999999997,0.17994823999999998,1.4624929999999998,0.19959981667672422,0.07334179272749035,0.9771289259624321,11.46299625675007,3.7539135853583465,6.1778100701950285,6.2121786658903675,5.96947717410222
05/05/2023 11:40:19.282751,1908,True,True,True,True,Eyes,2.563684,0.04607618,-2.981547,0.7563912,0.1169252,0.6435844,0.0,0.0,0.0,0.0,0.0,0.0,0.0,-3.771017,-0.2870908,0.7158425,2.554371,0.05351763,-2.878844,-0.03479914,0.3216496,-0.0151597,0.9460978,356.7843,37.63581,357.0679,0.6418779,0.0115011,-0.7667204,0.08919585,-0.01111942,0.2478843,3.953981,0.2309646,-1.406825,0.2059485,0.07446838,2.027135,0.7926235,-0.05107136,-0.6075687,0.006298852,0.9971184,-0.07559899,0.6096789,0.05609456,0.7906612,moving,11.716982697549039,4.257382466394448,5.801108833467542,2.1038589410699626,1.39961,0.17744696999999998,1.472019,0.20254018670390583,0.0726983454471254,0.97657178594051,11.631519704755082,3.7186202531662023,6.260873510969512,6.295651447614341,6.049888017399223
05/05/2023 11:40:19.292406,1909,True,True,True,True,Eyes,2.56371,0.04633767,-2.976503,0.7530594,0.1152716,0.6477762,0.0,0.0,0.0,0.0,0.0,0.0,0.0,-3.76044,-0.2855653,0.7370487,2.555366,0.05262469,-2.869326,-0.03231783,0.3181075,-0.01648696,0.9473601,357.0913,37.19786,357.0269,0.6428879,0.01152277,-0.7658733,0.0838441,-0.01045226,0.2330112,3.946607,0.2169346,-1.387886,0.2090858,0.0724792,2.02688,0.7970716,-0.05179927,-0.6016591,0.01067709,0.9973675,-0.0717225,0.6037904,0.050744,0.7955263,moving,11.837263408748381,4.485204801265653,5.889598797106368,2.0479671068372234,1.3912410000000004,0.16430991,1.48144,0.2045307464877683,0.07654849225298599,0.9758624437164856,11.74263107122294,3.9394901620141995,6.387112631986959,6.427662243127088,6.151084966907566
05/05/2023 11:40:19.312553,1910,True,True,True,True,Eyes,2.563764,0.04659019,-2.971275,0.7496012,0.1133344,0.6521146,0.0,0.0,0.0,0.0,0.0,0.0,0.0,-3.749207,-0.2786542,0.7623752,2.556087,0.05202138,-2.859918,-0.02725803,0.3141975,-0.01844318,0.948787,357.6998,36.70535,357.0096,0.6438604,0.01155005,-0.7650555,0.07881346,-0.009825121,0.2190305,3.937915,0.1925844,-1.367266,0.2122949,0.07044437,2.026619,0.8018796,-0.0521261,-0.5952075,0.01786849,0.9978337,-0.06331373,0.5972184,0.04013453,0.8010739,moving,11.993113858528043,4.995766819230312,5.980108277852509,1.9907741588169972,1.3818279999999996,0.14056301999999998,1.4926519999999999,0.20703865653100934,0.08519531562083092,0.9746162576604505,11.88079574386686,4.435225451339574,6.668661177701834,6.722069398806665,6.386975394746261
05/05/2023 11:40:19.332618,1911,True,True,True,True,Eyes,2.563856,0.04683626,-2.965871,0.7458135,0.11126,0.6567978,0.0,0.0,0.0,0.0,0.0,0.0,0.0,-3.736325,-0.2754068,0.7929659,2.556836,0.05213721,-2.850375,-0.02310276,0.3095091,-0.02034332,0.9503982,358.2052,36.12458,356.9622,0.6448015,0.0115822,-0.764262,0.07408465,-0.009235613,0.2058887,3.926552,0.1724936,-1.344839,0.2154679,0.06843217,2.026361,0.8075805,-0.05296953,-0.5873739,0.02436748,0.9981048,-0.05650652,0.5892537,0.03132074,0.8073407,moving,12.2117115894976,5.406606357898312,6.0695928765799705,1.934198785783103,1.369716,0.12035639,1.5055360000000002,0.21062535926479636,0.09210937910135548,0.9732177221892483,12.082815497624935,4.833516233156526,6.990413451970464,7.055723678720416,6.675693817940636
05/05/2023 11:40:19.343210,1912,True,True,True,True,Eyes,2.563982,0.04705093,-2.960284,0.7418006,0.1091136,0.6616843,0.0,0.0,0.0,0.0,0.0,0.0,0.0,-3.720852,-0.279114,0.8313603,2.557663,0.05235194,-2.840674,-0.0211349,0.3036474,-0.02203329,0.9522951,358.4601,35.41288,356.8575,0.6457175,0.01161862,-0.7634876,0.06963957,-0.008681476,0.1935354,3.911377,0.1610783,-1.319838,0.2186925,0.06638777,2.026098,0.8146256,-0.05479951,-0.5773924,0.02912928,0.9981356,-0.05363403,0.5792551,0.02687262,0.8147032,moving,12.54708594629092,5.5856000634008245,6.160528013946615,1.8767002568993782,1.353714,0.10872636000000001,1.5208359999999999,0.21625873037472454,0.09502949702646381,0.9717003534852808,12.404920312292704,5.005450271766547,7.312727265303765,7.385395046837808,6.984376266437488
05/05/2023 11:40:19.362756,1913,True,True,True,True,Eyes,2.564164,0.04722659,-2.954534,0.7374105,0.1069306,0.666927,0.0,0.0,0.0,0.0,0.0,0.0,0.0,-3.704363,-0.2777073,0.8736594,2.558655,0.05184964,-2.830778,-0.01919201,0.2972102,-0.02306387,0.9543406,358.6866,34.63275,356.8217,0.6466148,0.01165816,-0.7627272,0.0654612,-0.008160587,0.1819233,3.894204,0.1502422,-1.29324,0.2218729,0.06437095,2.025839,0.8222682,-0.0554297,-0.5663943,0.03261345,0.9981995,-0.05034107,0.5681648,0.02292179,0.8225955,moving,12.928700033741242,5.722901388130435,6.250208092572534,1.8199586708917181,1.3355490000000003,0.09839255999999999,1.537538,0.22267862721557063,0.09721375565925525,0.9700328534372539,12.773224236460676,5.136511643942385,7.655754076334251,7.735322647588924,7.31773620981766
05/05/2023 11:40:19.382510,1914,True,True,True,True,Eyes,2.564383,0.04735463,-2.948605,0.7327781,0.1047345,0.6723593,0.0,0.0,0.0,0.0,0.0,0.0,0.0,-3.687487,-0.2703309,0.9177011,2.559797,0.05121326,-2.820927,-0.01693379,0.2905056,-0.02341226,0.956437,358.9234,33.82042,356.8682,0.6474977,0.01169954,-0.7619773,0.06153353,-0.007670952,0.1710079,3.876125,0.1391341,-1.266234,0.2251918,0.06226632,2.025569,0.8301167,-0.05462342,-0.5549077,0.03494598,0.9983302,-0.04599499,0.5564935,0.01878942,0.8306395,moving,13.333079565095696,5.852219118949873,6.3437843523687745,1.7607271022577948,1.316328,0.08792084000000001,1.554693,0.22947311493550165,0.09924210729763194,0.9682423153773407,13.163935530103519,5.259654137056464,8.012000706544281,8.098799571127962,7.66530837487975
05/05/2023 11:40:19.392516,1915,True,True,True,True,Eyes,2.564669,0.04742404,-2.942532,0.7277645,0.1024864,0.6781264,0.0,0.0,0.0,0.0,0.0,0.0,0.0,-3.670025,-0.2595479,0.9620277,2.560979,0.05021324,-2.810839,-0.01516607,0.2836532,-0.02301942,0.9585307,359.0824,32.99382,356.9768,0.6483698,0.01174136,-0.7612348,0.05784151,-0.007210695,0.1607474,3.857353,0.1306629,-1.239019,0.2285204,0.06015615,2.025299,0.8380219,-0.05273345,-0.5430823,0.03552583,0.9984803,-0.04213335,0.5444787,0.01601522,0.8386217,moving,13.731981059036602,5.883957607086685,6.437622543025722,1.7013193858944462,1.2963739999999997,0.08044966,1.57182,0.2361997311162294,0.09961334285869683,0.9665851814337456,13.551936805203159,5.287889890927048,8.31711510027715,8.40845578269153,7.967242647779162
05/05/2023 11:40:19.412813,1916,True,True,True,True,Eyes,2.56499,0.04745431,-2.936295,0.7224796,0.1000945,0.6841084,0.0,0.0,0.0,0.0,0.0,0.0,0.0,-3.651434,-0.244437,1.009352,2.562087,0.04901622,-2.800861,-0.01199021,0.2764237,-0.02286197,0.9606892,359.4042,32.1198,357.102,0.6492363,0.01178216,-0.7604952,0.05437102,-0.006778053,0.1511025,3.836812,0.116537,-1.21078,0.2315323,0.05824603,2.025054,0.8461345,-0.05055524,-0.5305662,0.03729773,0.9986671,-0.0356769,0.5316627,0.01039854,0.8468923,moving,14.15690326229151,6.0661300190348095,6.522526378576295,1.6475273517403481,1.274725,0.06752078,1.5900809999999999,0.24328989846548188,0.10250106738397552,0.9645224418264053,13.961248879880529,5.462322928788707,8.71993103409998,8.820870701581956,8.359859911869195
05/05/2023 11:40:19.432370,1917,True,True,True,True,Eyes,2.565353,0.04743678,-2.929889,0.716851,0.09775691,0.6903393,0.0,0.0,0.0,0.0,0.0,0.0,0.0,-3.631325,-0.2286983,1.059623,2.563292,0.04814707,-2.790849,-0.008547587,0.2687251,-0.02275239,0.9629103,359.7575,31.19215,357.2252,0.6501001,0.01182107,-0.7597563,0.05110876,-0.00637137,0.1420364,3.81471,0.1015275,-1.181765,0.2346989,0.05623824,2.024796,0.8545383,-0.04841092,-0.5171273,0.03922312,0.9988185,-0.02868939,0.5179052,0.004232845,0.8554276,moving,14.611929550315194,6.283772367926289,6.611783595031059,1.590967980684568,1.2514179999999997,0.053380430000000006,1.6090840000000002,0.2508508535625131,0.10595312710064943,0.9622099058432055,14.398950956973183,5.671068023027479,9.162320190692826,9.274952739651251,8.791313433066943
05/05/2023 11:40:19.442756,1918,True,True,True,True,Eyes,2.565768,0.04736752,-2.923329,0.7109947,0.0953252,0.6967062,0.0,0.0,0.0,0.0,0.0,0.0,0.0,-3.611427,-0.2146619,1.106634,2.564939,0.04702634,-2.780647,-0.00611197,0.2612856,-0.02234431,0.9649836,359.9932,30.3012,357.3452,0.6509638,0.01185705,-0.7590159,0.04804223,-0.005989087,0.1335142,3.793806,0.09035516,-1.153903,0.2379645,0.0541672,2.024531,0.8624611,-0.04631772,-0.5039995,0.03992984,0.9989268,-0.02347239,0.5045457,0.0001194068,0.8633849,moving,15.01936764295335,6.373382427279235,6.703817894397095,1.5326076526016632,1.2288670000000002,0.043328820000000004,1.6267440000000002,0.25765053312382935,0.10725943673440655,0.9602663705003915,14.793714044192404,5.755555294375075,9.501840232956798,9.6219264204144,9.125771556401824
05/05/2023 11:40:19.467164,1919,True,True,True,True,Eyes,2.566231,0.04723715,-2.916619,0.7049546,0.09297245,0.7031323,0.0,0.0,0.0,0.0,0.0,0.0,0.0,-3.591995,-0.1989372,1.150525,2.566674,0.04574535,-2.770525,-0.003277584,0.2542056,-0.02196398,0.9668953,0.2766579,29.45435,357.4701,0.6518305,0.01188909,-0.7582712,0.0451597,-0.005629742,0.1255034,3.773927,0.07742984,-1.127332,0.2411392,0.05215418,2.024272,0.8697942,-0.0441401,-0.4914363,0.04080738,0.9990137,-0.01750489,0.4917243,-0.004828573,0.8707376,moving,15.373271319815952,6.50823899635382,6.793284726092192,1.4758656267454922,1.2072530000000001,0.03168449,1.6431930000000001,0.26351685631447147,0.10933983868184392,0.9584380845618661,15.13507122945884,5.884421717997578,9.817802572455873,9.946906638730582,9.435081816151138
05/05/2023 11:40:19.482835,1920,True,True,True,True,Eyes,2.566745,0.04703671,-2.909772,0.6987173,0.09043789,0.7096584,0.0,0.0,0.0,0.0,0.0,0.0,0.0,-3.57321,-0.1826659,1.19069,2.568485,0.04418072,-2.760411,-0.000216663,0.2475587,-0.02170163,0.96863,0.5915962,28.66061,357.5842,0.6527035,0.01191609,-0.7575194,0.04245012,-0.005291957,0.1179732,3.755417,0.06309219,-1.102198,0.2442948,0.05015369,2.024016,0.8764875,-0.04214897,-0.479576,0.04193442,0.999058,-0.01116459,0.4795948,-0.01032512,0.8774294,moving,15.661906988454273,6.660233926410112,6.882198149002535,1.419458560912037,1.186932,0.018911470000000007,1.658213,0.2682700034677251,0.11172995362894471,0.9568424868592545,15.412341990145258,6.0303963185144545,10.08624997535382,10.224921209337435,9.696602547030004
05/05/2023 11:40:19.492614,1921,True,True,True,True,Eyes,2.580665,0.04048994,-2.735183,0.5208263,0.02414116,0.8533213,0.0,0.0,0.0,0.0,0.0,0.0,0.0,-3.553894,-0.1637723,1.23126,2.570272,0.04234854,-2.750435,0.003632531,0.2408225,-0.02160029,0.970322,1.000041,27.85691,357.6975,0.653584,0.01193672,-0.7567595,0.03990311,-0.00497444,0.1108948,3.736438,0.04514699,-1.077351,0.2475204,0.04810806,2.023753,0.8830758,-0.04016889,-0.4675077,0.04366808,0.9990404,-0.003354226,0.4671938,-0.01745312,0.8839827,moving,3.4445986409454945,2.526343176944578,6.9730772481047465,1.361761918720895,1.166166,0.002798450000000001,1.673084,0.060025193817347,0.043999241886567175,0.9972267115516525,3.614100184259746,2.0892041839496245,3.7154565736155103,3.7156978870982433,3.436844361427774
05/05/2023 11:40:19.512398,1922,True,True,True,True,Eyes,2.58075,0.04042293,-2.734778,0.5203454,0.02380502,0.853624,0.0,0.0,0.0,0.0,0.0,0.0,0.0,-3.534269,-0.1437515,1.271564,2.572311,0.04066169,-2.740467,0.008392115,0.2340484,-0.02192172,0.9719416,1.522802,27.04919,357.7822,0.6578724,0.01176884,-0.753037,0.07926984,-0.02431628,0.6280085,3.717295,0.02325072,-1.052802,0.2506701,0.046111,2.023497,0.8894816,-0.03868493,-0.4553306,0.04654158,0.998898,0.006051806,0.4545947,-0.02657478,0.8903019,moving,4.205808704819844,3.0556338101016554,7.061803886727184,1.3054175629765339,1.144984,-0.01741097,1.6876650000000002,0.07323559280239239,0.05316244927718688,0.9958967062843881,4.341876075193804,2.599147708934701,3.3486595228145166,3.3496216787539885,3.0119337626371707
05/05/2023 11:40:19.532421,1923,True,True,True,True,Eyes,2.580932,0.04029429,-2.733995,0.5194514,0.02339257,0.8541797,0.0,0.0,0.0,0.0,0.0,0.0,0.0,-3.513955,-0.1295258,1.311641,2.574516,0.03905865,-2.730459,0.01264023,0.2272072,-0.02285673,0.9734963,2.005581,26.23561,357.7774,0.6613857,0.01163379,-0.7499554,0.07451365,-0.0228573,0.590328,3.698007,0.002409264,-1.028604,0.2539073,0.04405849,2.023234,0.8957089,-0.03875797,-0.4429484,0.05024577,0.9986356,0.014224,0.4417928,-0.03499685,0.8964342,moving,4.9436990675042605,3.545428703214809,7.152982917565637,1.2474912042655804,1.123491,-0.036649386,1.7018550000000001,0.08601308629711268,0.061610741330243045,0.994387145292837,5.047984017704392,3.070817144218682,3.18378692312685,3.187703229477151,2.7848766313290994
05/05/2023 11:40:19.543751,1924,True,True,True,True,Eyes,2.581207,0.0401127,-2.732828,0.5181144,0.0227499,0.8550088,0.0,0.0,0.0,0.0,0.0,0.0,0.0,-3.493127,-0.119832,1.35141,2.576779,0.0375593,-2.720551,0.01656888,0.2203477,-0.02433018,0.9749772,2.466243,25.42056,357.6974,0.6642812,0.01152325,-0.7473936,0.07004283,-0.02148587,0.5549083,3.678509,-0.01786882,-1.004913,0.2571281,0.04201606,2.022972,0.9017099,-0.0401409,-0.4304741,0.05474456,0.998267,0.02158637,0.4288616,-0.04303076,0.9023448,moving,5.650195260439736,4.006448930431569,7.243688589717489,1.1898320128627495,1.1017299999999999,-0.05542812,1.715638,0.09821647970767289,0.06953094871490789,0.9927331503477893,5.7242638993314525,3.5146974715595403,3.226633168959661,3.236132236294984,2.7773459976740638
05/05/2023 11:40:19.562637,1925,True,True,True,True,Eyes,2.581581,0.03988738,-2.731304,0.5164116,0.02225147,0.8560513,0.0,0.0,0.0,0.0,0.0,0.0,0.0,-3.471998,-0.1141054,1.390118,2.579397,0.03616832,-2.710281,0.01949237,0.2134958,-0.0257833,0.9764092,2.812881,24.60847,357.5884,0.6666851,0.01143061,-0.7452515,0.06584027,-0.02019672,0.5216138,3.659358,-0.03420517,-0.9812692,0.2604368,0.03991807,2.022703,0.9075095,-0.04202703,-0.4179237,0.05867319,0.9979106,0.02705581,0.4159134,-0.04907432,0.9080791,moving,6.33061086796265,4.365990546439865,7.336855656746894,1.1305861920265987,1.079961,-0.07037349,1.7290118000000003,0.10994922017106198,0.07566563969760373,0.9910528627254647,6.3778551090805955,3.860013660250382,3.3714052641072847,3.3882694567451055,2.8930012711229063
05/05/2023 11:40:19.582937,1926,True,True,True,True,Eyes,2.582063,0.03960026,-2.729423,0.5143089,0.0216374,0.8573321,0.0,0.0,0.0,0.0,0.0,0.0,0.0,-3.450592,-0.1098104,1.428803,2.582152,0.03495184,-2.700258,0.02177885,0.2066045,-0.02703969,0.9778083,3.081944,23.79372,357.4814,0.6687263,0.01134918,-0.7434217,0.06188985,-0.01898491,0.490317,3.639976,-0.04753048,-0.9580146,0.2636024,0.03791096,2.022445,0.9131668,-0.04388005,-0.405217,0.06187848,0.9975891,0.03141803,0.4028615,-0.05376412,0.9136805,moving,6.9895468957845255,4.642784076133922,7.425982275116299,1.0738900905413895,1.057824,-0.08248232,1.7422433999999998,0.12129485951525432,0.08034558319234274,0.9893595381382025,7.012737946243845,4.124959704729185,3.570246122787602,3.5954805131902776,3.0789278435788825
05/05/2023 11:40:19.592778,1927,True,True,True,True,Eyes,2.582646,0.03925128,-2.727214,0.5119203,0.02116004,0.8587724,0.0,0.0,0.0,0.0,0.0,0.0,0.0,-3.429766,-0.1046875,1.464998,2.585294,0.03321651,-2.689911,0.0234597,0.1999298,-0.02783888,0.9791337,3.271762,23.0072,357.4088,0.6705915,0.0112685,-0.741741,0.05817646,-0.01784582,0.460898,3.621871,-0.05856648,-0.9352558,0.2669768,0.03577122,2.022171,0.9185062,-0.04513538,-0.3928221,0.06389654,0.9973493,0.03480872,0.3902097,-0.05707199,0.9189554,moving,7.606369804333394,4.844080172526871,7.520969098259768,1.0134287329102767,1.0365769999999999,-0.09178299,1.7546552,0.1319020499660351,0.08370665994521653,0.9877222383556143,7.608603017186197,4.316727206489356,3.7979019109672163,3.8316032848449435,3.304460698706565
05/05/2023 11:40:19.612387,1928,True,True,True,True,Eyes,2.583346,0.03887255,-2.724683,0.5091717,0.02059926,0.8604184,0.0,0.0,0.0,0.0,0.0,0.0,0.0,-3.409229,-0.0940871,1.500631,2.588488,0.03139528,-2.679987,0.02598838,0.1933203,-0.02836236,0.9803814,3.550202,22.22886,357.3835,0.6723048,0.01118687,-0.7401896,0.05468587,-0.01677507,0.4332441,3.603422,-0.07226706,-0.9132486,0.2698664,0.0339387,2.021935,0.9236457,-0.04556368,-0.3805295,0.06566001,0.9970403,0.039991,0.3775811,-0.06192308,0.9239037,moving,8.19246928360616,5.122388211632658,7.602301674325509,0.9616341184219099,1.0149340000000002,-0.10366233999999999,1.7667384000000002,0.14194122278817556,0.0883795023812002,0.9859217643830802,8.172442586652727,4.583629856706438,4.159153898635388,4.202400793738507,3.666594303718452
05/05/2023 11:40:19.632637,1929,True,True,True,True,Eyes,2.584183,0.03847497,-2.721833,0.5066067,0.01999805,0.8619453,0.0,0.0,0.0,0.0,0.0,0.0,0.0,-3.389099,-0.0863615,1.534394,2.592072,0.03032551,-2.669842,0.02743136,0.1868768,-0.02847805,0.9815873,3.697934,21.47354,357.3778,0.6738879,0.01110368,-0.7387499,0.05140472,-0.01576856,0.4072495,3.586339,-0.0807746,-0.8916792,0.2731448,0.03186014,2.021669,0.9285322,-0.04565482,-0.3684341,0.06615996,0.996873,0.04320879,0.3653094,-0.06449632,0.9286491,moving,8.77451196270213,5.264938546932697,7.694556731809944,0.9028681047128598,0.9942670000000002,-0.11110011,1.7781628,0.15191750256475622,0.09069619068346949,0.9842231678287083,8.735986619504162,4.718469301330092,4.441760941710835,4.493769224561867,3.9551723985952427
05/05/2023 11:40:19.642872,1930,True,True,True,True,Eyes,2.585146,0.03804946,-2.71868,0.5037178,0.0196338,0.8636452,0.0,0.0,0.0,0.0,0.0,0.0,0.0,-3.369749,-0.08794065,1.565114,2.596075,0.0294044,-2.659334,0.02520631,0.1807594,-0.02749215,0.9828199,3.410278,20.76585,357.4204,0.6753606,0.01101859,-0.7374051,0.04832043,-0.01482245,0.3828145,3.571324,-0.07356675,-0.8700182,0.2764333,0.02977502,2.021401,0.9331405,-0.04492711,-0.3566938,0.06315222,0.9972177,0.03960759,0.3539219,-0.05948544,0.9333814,moving,9.305230831772253,4.975504345824779,7.787084566335774,0.8438996590723623,0.9752490000000003,-0.10297115,1.7893157999999998,0.16110048509497105,0.0855969737134233,0.9832191675387477,9.261142610312787,4.4333349456590945,4.347113031882872,4.401695738105175,3.880321222992668
05/05/2023 11:40:19.662860,1931,True,True,True,True,Eyes,2.586225,0.03758509,-2.715221,0.5008726,0.01918758,0.8653083,0.0,0.0,0.0,0.0,0.0,0.0,0.0,-3.350672,-0.08884901,1.594944,2.600132,0.02825788,-2.64901,0.02289418,0.1747456,-0.02634655,0.9839949,3.110591,20.07175,357.4832,0.6767398,0.01093111,-0.7361408,0.04542121,-0.0139331,0.3598456,3.556536,-0.06596011,-0.848905,0.279575,0.02778285,2.021146,0.9375397,-0.04384844,-0.3451038,0.05985106,0.9975634,0.03584762,0.3426911,-0.05426339,0.9378797,moving,9.82702732023541,4.664633744875828,7.875462687574629,0.7875432043034137,0.956404,-0.09421799,1.800105,0.1701253869470704,0.08013781339429968,0.9821584710658441,9.778178675828789,4.127402478817113,4.285265405889034,4.3405570581722,3.8438246715365647
05/05/2023 11:40:19.682806,1932,True,True,True,True,Eyes,2.587428,0.03705861,-2.711485,0.4977206,0.01887252,0.8671321,0.0,0.0,0.0,0.0,0.0,0.0,0.0,-3.332011,-0.09036011,1.62327,2.604462,0.02675685,-2.638471,0.02054413,0.168868,-0.02530279,0.9850997,2.809862,19.39405,357.5375,0.6780418,0.01084042,-0.7349432,0.04269594,-0.01309712,0.3382549,3.542372,-0.05867512,-0.828055,0.2826693,0.02582074,2.020894,0.9416867,-0.04291306,-0.3337432,0.05679004,0.9978754,0.03193036,0.3316639,-0.04902169,0.9421231,moving,10.31086388031362,4.359045837756682,7.9624956513643905,0.7320220304731335,0.93791,-0.08543197,1.810416,0.17848753413017543,0.07478583557214478,0.9810959817896645,10.2580682986616,3.8268617192530616,4.266643483779828,4.320895166205701,3.8532695828694052
05/05/2023 11:40:19.692693,1933,True,True,True,True,Eyes,2.588721,0.03647798,-2.707485,0.4944369,0.0181533,0.8690239,0.0,0.0,0.0,0.0,0.0,0.0,0.0,-3.313035,-0.09032407,1.651956,2.608718,0.0247153,-2.628174,0.01931401,0.162942,-0.02488543,0.9861327,2.648129,18.70806,357.5451,0.6792793,0.01074523,-0.7338008,0.04013418,-0.01231129,0.3179596,3.528095,-0.05736074,-0.8079176,0.2862138,0.02357312,2.020606,0.9456612,-0.04278655,-0.3223262,0.0553748,0.9980154,0.02998258,0.3204036,-0.04620211,0.9461537,moving,10.787309454654832,4.176698578034605,8.062169922621177,0.6684029519435397,0.9193769999999999,-0.08207604,1.8202563999999999,0.18668400727007103,0.0715521979659193,0.9798108458011392,10.727431314760821,3.646281181919504,4.387959120432675,4.442355644148981,3.996420528547382
05/05/2023 11:40:19.712957,1934,True,True,True,True,Eyes,2.590122,0.0359754,-2.703238,0.4907838,0.0170369,0.8711149,0.0,0.0,0.0,0.0,0.0,0.0,0.0,-3.293258,-0.08152428,1.682208,2.612853,0.02284034,-2.618109,0.02089796,0.1567874,-0.02502399,0.9870942,2.814549,17.9902,357.5412,0.6804637,0.0106446,-0.7327041,0.03772613,-0.01157261,0.298882,3.511806,-0.06702999,-0.7878775,0.2890592,0.02176909,2.020374,0.9495831,-0.04284899,-0.3105737,0.05595514,0.9978742,0.03340963,0.3084818,-0.04910341,0.949962,moving,11.261882941072507,4.3013633955657005,8.142173167758594,0.6173256616220245,0.8989530000000001,-0.08987033,1.8302315,0.19476456528149286,0.07356616637548705,0.978087392098265,11.18669441606054,3.7644309759695584,4.767373883234663,4.82749656600926,4.378741998674566
05/05/2023 11:40:19.732659,1935,True,True,True,True,Eyes,2.591618,0.03573532,-2.698731,0.4867565,0.01554377,0.8733994,0.0,0.0,0.0,0.0,0.0,0.0,0.0,-3.270492,-0.06259158,1.717704,2.616922,0.02430243,-2.608001,0.02634938,0.149799,-0.02578559,0.9880289,3.427944,17.16838,357.5277,0.6816055,0.01054113,-0.7316437,0.03546256,-0.01087826,0.2809491,3.492091,-0.0894008,-0.7673975,0.2922825,0.01972494,2.020112,0.9537907,-0.04305958,-0.2973704,0.05884803,0.9972816,0.04434259,0.2946526,-0.05979322,0.9537319,moving,11.804632663542785,4.856064120159869,8.232782016753957,0.5594342781044419,0.8751689999999996,-0.11370323,1.8406034999999998,0.20387145054097525,0.08287496745059289,0.9754835633791095,11.70082614527523,4.300546828625831,5.51057512563263,5.5874095109099535,5.1012991671768795
05/05/2023 11:40:19.742749,1936,True,True,True,True,Eyes,2.59323,0.03554142,-2.693938,0.4824546,0.01520033,0.875789,0.0,0.0,0.0,0.0,0.0,0.0,0.0,-3.245065,-0.0718569,1.756068,2.621329,0.030379,-2.597517,0.02635247,0.1423331,-0.02655021,0.9891118,3.421963,16.30005,357.415,0.6827134,0.01044218,-0.7306113,0.03333481,-0.01022556,0.2640922,3.47135,-0.0858172,-0.7451195,0.295448,0.01771779,2.019855,0.9580728,-0.0450206,-0.2829659,0.06002391,0.9972013,0.04457313,0.2801673,-0.05968902,0.9580937,moving,12.38423396407446,4.882926512360699,8.321747375077866,0.502574963836115,0.8500210000000004,-0.1161962,1.8523975,0.21372380762515678,0.08315324146810349,0.9733486200235869,12.265108440153464,4.322839916202457,5.892026558347131,5.9742176872322705,5.490402607808717
05/05/2023 11:40:19.762851,1937,True,True,True,True,Eyes,2.594874,0.0352759,-2.688958,0.4778608,0.0141858,0.878321,0.0,0.0,0.0,0.0,0.0,0.0,0.0,-3.222405,-0.1280544,1.783988,2.625806,0.03106956,-2.585939,0.01260183,0.1361367,-0.02583876,0.990273,1.833417,15.6114,357.2621,0.6837968,0.01034852,-0.7295987,0.03133472,-0.009612027,0.2482466,3.457026,-0.03211531,-0.7222682,0.2986109,0.01571231,2.019598,0.9615983,-0.04774371,-0.2702762,0.054606,0.9983471,0.01792329,0.2689737,-0.03199371,0.962616,moving,12.814288220205183,3.2919914886081125,8.41062278291653,0.4457475630751728,0.8312200000000001,-0.06318487,1.8636708000000002,0.2214436379520771,0.05599881432993463,0.973563972291226,12.727214314943081,2.7720333068475664,5.199748291035718,5.243412416280434,4.903526059484339
05/05/2023 11:40:19.782824,1938,True,True,True,True,Eyes,2.596589,0.03515104,-2.683764,0.4729169,0.01258923,0.8810171,0.0,0.0,0.0,0.0,0.0,0.0,0.0,-3.199036,-0.09873851,1.819065,2.629077,0.02913811,-2.576758,0.01735973,0.1292367,-0.02492996,0.9911484,2.341521,14.80518,357.4226,0.6848611,0.01025774,-0.7286011,0.02945463,-0.009035305,0.2333518,3.436673,-0.05321296,-0.7032628,0.3017314,0.01373356,2.019343,0.9653527,-0.04493155,-0.257051,0.05390561,0.9981543,0.02796841,0.2553199,-0.04085587,0.965993,moving,13.294250286774169,3.693490075186995,8.498294994987878,0.38966282304555694,0.8075959999999998,-0.08235107,1.8734951999999998,0.22949963560408454,0.06269950367106727,0.9712871372601445,13.18426874114354,3.1595022648503006,5.767806316175735,5.8237841368654255,5.44337767227641
05/05/2023 11:40:19.792816,1939,True,True,True,True,Eyes,2.59836,0.03514817,-2.678353,0.4675798,0.01106097,0.8838817,0.0,0.0,0.0,0.0,0.0,0.0,0.0,-3.1741,-0.05487494,1.854896,2.63262,0.0325119,-2.56648,0.02585921,0.121944,-0.02350995,0.9919216,3.269605,13.95113,357.6847,0.685912,0.01017335,-0.7276131,0.02768736,-0.008493187,0.2193507,3.414754,-0.08326223,-0.6837485,0.3049225,0.01171023,2.019084,0.9691539,-0.0403333,-0.2431336,0.05294679,0.9975571,0.04556682,0.2407018,-0.05703441,0.968922,moving,13.798042982890555,4.4916108781717945,8.58792478184309,0.3322988213056668,0.7821339999999997,-0.11577413,1.8827314999999998,0.23780930059534416,0.07606647372775172,0.9683288192268416,13.653863465289808,3.932720362278622,6.58491913121447,6.666723967232932,6.215043846759564
05/05/2023 11:40:19.812425,1940,True,True,True,True,Eyes,2.600163,0.03526252,-2.672775,0.461887,0.009366986,0.8868893,0.0,0.0,0.0,0.0,0.0,0.0,0.0,-3.149072,-0.05430821,1.887308,2.635811,0.03540068,-2.555931,0.02138657,0.1150954,-0.01967187,0.9929293,2.693835,13.17781,358.0412,0.6869547,0.01009797,-0.7266297,0.02602611,-0.007983596,0.2061897,3.39588,-0.06047495,-0.6628267,0.3083298,0.009549528,2.018807,0.9727321,-0.03414256,-0.2294047,0.04398854,0.9983113,0.03794241,0.2277218,-0.04699898,0.9725913,moving,14.241509686578045,3.7451626223675842,8.683607617564068,0.271023218109665,0.7600690000000001,-0.09587562999999999,1.8931043,0.24551599441553465,0.06331963558252562,0.9673223309146035,14.10628239934544,3.203497136243713,6.492438804816829,6.554381741168836,6.16480373325089
05/05/2023 11:40:19.832642,1941,True,True,True,True,Eyes,2.602042,0.03553444,-2.666986,0.4558199,0.007559109,0.8900399,0.0,0.0,0.0,0.0,0.0,0.0,0.0,-3.120493,-0.01941319,1.925982,2.638494,0.03835993,-2.546396,0.0251578,0.1073115,-0.01626787,0.9937741,3.066431,12.28489,358.4544,0.6879925,0.0100339,-0.7256481,0.02446455,-0.00750458,0.1938183,3.371709,-0.07040815,-0.6431992,0.3113845,0.007612646,2.018558,0.9764392,-0.02693373,-0.2141052,0.0377326,0.9982049,0.04651088,0.2124682,-0.05349379,0.9757026,moving,14.766043564389173,3.921513496169655,8.769372534763656,0.21608020124390254,0.733215,-0.10876808,1.9031968000000001,0.2543146126702903,0.06614134139604302,0.9648571633654314,14.612854729918752,3.371605339321148,6.979428694808036,7.049134651905458,6.641055869523463
05/05/2023 11:40:19.842904,1942,True,True,True,True,Eyes,2.603934,0.03586141,-2.661015,0.4495092,0.006235305,0.8932539,0.0,0.0,0.0,0.0,0.0,0.0,0.0,-3.092352,-0.02300724,1.96059,2.641409,0.04244089,-2.535398,0.02289546,0.09997171,-0.01458181,0.99462,2.777647,11.44535,358.5985,0.68903,0.009984245,-0.7246637,0.02299668,-0.007054305,0.1821892,3.349741,-0.05744462,-0.6220771,0.3145369,0.00561367,2.018302,0.9795861,-0.02442891,-0.1995355,0.03358451,0.9985263,0.04262903,0.1982,-0.0484601,0.9789629,moving,15.213004813437108,3.5288069605482297,8.857857010011656,0.15936107142152278,0.708332,-0.09988551000000001,1.9133208999999998,0.2619448358315743,0.059401204435235715,0.9632529935957144,15.059145729971359,2.9865440628403057,7.133539394007982,7.193126524894179,6.815346319539977
05/05/2023 11:40:19.862710,1943,True,True,True,True,Eyes,2.605819,0.03615891,-2.654888,0.4429889,0.004372147,0.8965164,0.0,0.0,0.0,0.0,0.0,0.0,0.0,-3.066353,-0.04912119,1.9906,2.6437,0.04400776,-2.525141,0.0176425,0.09346694,-0.01484376,0.9953554,2.171797,10.7005,358.4946,0.69007,0.009949085,-0.7236739,0.02161687,-0.006631047,0.1712578,3.330317,-0.03724416,-0.6027929,0.3177616,0.003569115,2.018039,0.9820872,-0.02625166,-0.1865894,0.03284762,0.9989368,0.03234632,0.1855419,-0.03789593,0.9819053,moving,15.543286331892329,2.8506189449109995,8.948354952641195,0.10133352867770234,0.686617,-0.08125192,1.9223481000000002,0.2676584880953786,0.04791762619329581,0.9623215530746756,15.39938976801195,2.324487557506864,7.10366810692008,7.145046549669524,6.823361636687956
05/05/2023 11:40:19.882649,1944,True,True,True,True,Eyes,2.607682,0.03643071,-2.648591,0.4363009,0.002480744,0.8997973,0.0,0.0,0.0,0.0,0.0,0.0,0.0,-3.042248,-0.04144685,2.017534,2.645519,0.04364219,-2.515305,0.02043955,0.08745705,-0.01590484,0.9958316,2.492619,10.00297,358.3882,0.6911139,0.009926231,-0.7226772,0.02031986,-0.006233184,0.1609824,3.311695,-0.05164834,-0.5861591,0.3210441,0.00148771,2.017772,0.9841967,-0.02810192,-0.1748352,0.03525225,0.9986586,0.03792672,0.1735348,-0.04349068,0.983867,moving,15.80643247543531,3.096707238609992,9.040449846473848,0.04224436095532825,0.6661759999999997,-0.09529053,1.9291459,0.272019949200375,0.05198436121887473,0.9608863532929292,15.649276736610405,2.562182551694778,7.373540197406506,7.423494083406995,7.072954216516551
05/05/2023 11:40:19.892692,1945,True,True,True,True,Eyes,2.609506,0.03667425,-2.642152,0.4293991,0.000108863,0.9031149,0.0,0.0,0.0,0.0,0.0,0.0,0.0,-3.019073,-0.03524965,2.041326,2.646946,0.04331989,-2.504965,0.02177178,0.08182557,-0.01605018,0.9962797,2.637006,9.352934,358.3698,0.6921636,0.009913806,-0.7216721,0.01910067,-0.005859193,0.1513234,3.294029,-0.05914463,-0.5694504,0.3240735,-0.0004329234,2.017526,0.986094,-0.02841797,-0.1637412,0.03554392,0.9985368,0.04075493,0.1623434,-0.0460082,0.9856611,moving,16.017058060910166,3.1114795699698288,9.12542169576465,-0.012294604030749643,0.6470830000000003,-0.10246452,1.9355145999999999,0.2755476893749293,0.0521776022128721,0.9598703507460918,15.854200383686853,2.575159044454732,7.5146500842410235,7.566545901502818,7.209117769470607
05/05/2023 11:40:19.912343,1946,True,True,True,True,Eyes,2.611273,0.03692732,-2.635561,0.4222607,-0.002355677,0.9064714,0.0,0.0,0.0,0.0,0.0,0.0,0.0,-2.993618,-0.02428825,2.068065,2.647912,0.04311041,-2.495182,0.02427647,0.07574947,-0.01631109,0.9966978,2.915534,8.650188,358.3454,0.6932198,0.009910052,-0.7206576,0.01795463,-0.005507641,0.142244,3.274192,-0.07140364,-0.5532391,0.3272933,-0.002474703,2.017264,0.987992,-0.02883659,-0.1517906,0.03619231,0.9982892,0.04592149,0.1502067,-0.05086372,0.9873453,moving,16.26506104881453,3.2575821443709745,9.21571484138688,-0.07028825494317105,0.6262800000000004,-0.11451405,1.9419429,0.2796642300971724,0.05455747410786288,0.9585465285627526,16.092020455800714,2.7156699292948883,7.737232691631432,7.7953834637435175,7.419241329620046
05/05/2023 11:40:19.932401,1947,True,True,True,True,Eyes,2.613008,0.03718495,-2.628822,0.4147937,-0.004833659,0.9099027,0.0,0.0,0.0,0.0,0.0,0.0,0.0,-2.964624,-0.01538616,2.098122,2.648423,0.04363411,-2.485014,0.02664007,0.06900889,-0.01673395,0.99712,3.177893,7.870773,358.2957,0.6942838,0.00991441,-0.7196327,0.01687735,-0.005177183,0.1337094,3.251199,-0.08248936,-0.53609,0.3304927,-0.004503347,2.017004,0.9899155,-0.0296947,-0.1385119,0.03704831,0.9980206,0.05081711,0.1367287,-0.05543628,0.9890561,moving,16.569730505243296,3.395822746676542,9.305411872666609,-0.12792356784820072,0.602776,-0.12612347,1.948924,0.28472194661859174,0.05678192824029955,0.956927022831596,16.385291980044116,2.848155458234306,8.009317185809618,8.073853682395264,7.679957597820963
05/05/2023 11:40:19.942760,1948,True,True,True,True,Eyes,2.614679,0.03741509,-2.621943,0.407067,-0.007166512,0.9133703,0.0,0.0,0.0,0.0,0.0,0.0,0.0,-2.932962,-0.02164561,2.130572,2.648808,0.04408676,-2.474661,0.02469215,0.06179097,-0.01636124,0.9976494,2.940001,7.044772,358.3019,0.6953557,0.009926239,-0.7185968,0.01586471,-0.004866552,0.1256868,3.226576,-0.07576095,-0.5175009,0.3337113,-0.006544285,2.016742,0.9918284,-0.02959407,-0.1240994,0.03569707,0.9982452,0.04724627,0.1224835,-0.05129017,0.9911444,moving,16.91637362524932,3.02717415041962,9.395626108156783,-0.18592293627240736,0.5777680000000003,-0.11984771,1.9571601000000003,0.29060392782322375,0.05053050437388766,0.9555083628973486,16.73314252902009,2.4871674325768556,8.124143972318317,8.178363901439111,7.809261126795118
05/05/2023 11:40:19.962599,1949,True,True,True,True,Eyes,2.61627,0.03763118,-2.614934,0.3991055,-0.009754006,0.9168531,0.0,0.0,0.0,0.0,0.0,0.0,0.0,-2.900655,-0.01647842,2.163181,2.64907,0.04364143,-2.464538,0.02432388,0.05446158,-0.01539764,0.9981009,2.879324,6.206013,358.3885,0.6964357,0.009944096,-0.7175499,0.01491283,-0.004574559,0.1181456,3.201265,-0.07568385,-0.4996894,0.3369268,-0.008583225,2.01648,0.9935937,-0.02808736,-0.1094653,0.03338622,0.9983425,0.0468782,0.1079672,-0.05023253,0.9928845,moving,17.264364964372067,2.79480191312156,9.485731093756499,-0.24388022548439406,0.5521949999999998,-0.11932528,1.9648486,0.2964590363691711,0.046567212832247296,0.9539095775737904,17.078634259070448,2.2587652176295308,8.30257641018214,8.351091786860602,7.99471154525124
05/05/2023 11:40:19.972499,1950,True,True,True,True,Eyes,2.617781,0.03781841,-2.607805,0.3909743,-0.01224372,0.9203202,0.0,0.0,0.0,0.0,0.0,0.0,0.0,-2.870608,-0.00239373,2.191934,2.649248,0.04359773,-2.454496,0.02571307,0.04770639,-0.01419144,0.9984297,3.020853,5.432019,358.5147,0.6975245,0.009967066,-0.7164912,0.01401806,-0.004300086,0.1110569,3.177968,-0.08205734,-0.4833007,0.3401318,-0.01061551,2.01622,0.9950454,-0.02588494,-0.09599275,0.03079165,0.9982749,0.04999133,0.09453312,-0.05269941,0.9941259,moving,17.537298234739637,2.7542841552320807,9.575512701580616,-0.3016626659389754,0.5287199999999999,-0.12565507,1.9711952999999998,0.3010100586741645,0.04582417377866933,0.952519381504884,17.345786863906113,2.2175321338924308,8.479344803067377,8.52812053443464,8.168445567989103
05/05/2023 11:40:19.992801,1951,True,True,True,True,Eyes,2.619194,0.03796615,-2.600589,0.3826247,-0.01507267,0.9237809,0.0,0.0,0.0,0.0,0.0,0.0,0.0,-2.841784,0.006569423,2.217832,2.648931,0.0430859,-2.444559,0.02598547,0.04141265,-0.0130334,0.9987192,3.037174,4.712575,358.6297,0.6986212,0.009993896,-0.7154216,0.01317697,-0.004042081,0.1043935,3.155941,-0.08450657,-0.467499,0.3432657,-0.01260261,2.015965,0.9962302,-0.02388116,-0.08339655,0.02818567,0.9983098,0.05082487,0.08204184,-0.05298386,0.9952195,moving,17.744924334860766,2.5686653539251543,9.6632827015778,-0.35817435213994037,0.5070099999999997,-0.12759247,1.9770599999999998,0.304502100953219,0.04268838336141683,0.9515546069863215,17.553187744743955,2.0355511010129947,8.550813397406856,8.595308147693821,8.245030208267945
05/05/2023 11:40:20.012567,1952,True,True,True,True,Eyes,2.620502,0.03808979,-2.593286,0.3740615,-0.01815613,0.9272262,0.0,0.0,0.0,0.0,0.0,0.0,0.0,-2.810826,0.03075671,2.245865,2.648219,0.04243011,-2.43531,0.02998567,0.03472777,-0.01232157,0.998871,3.483404,3.943068,358.7065,0.6997246,0.01002317,-0.7143419,0.0,0.0,0.0,3.13169,-0.1024389,-0.4532455,0.3464475,-0.01462018,2.015706,0.9972844,-0.02253265,-0.07011606,0.02669799,0.997898,0.05904783,0.06863818,-0.06075943,0.9957897,moving,17.985545438390375,2.809128972145265,9.752370586286736,-0.4155665165197422,0.48347099999999976,-0.14486901,1.9820645,0.3084413384737912,0.04661940207235434,0.9501003362151701,17.781268480987684,2.267922748206699,8.788558069123487,8.842162017285604,8.465477897758364
05/05/2023 11:40:20.032664,1953,True,True,True,True,Eyes,2.621721,0.0381824,-2.585916,0.3657812,-0.02099419,0.930464,0.0,0.0,0.0,0.0,0.0,0.0,0.0,-2.777509,0.05388494,2.275319,2.647132,0.04205208,-2.425998,0.03463459,0.02767169,-0.01234972,0.9989406,4.007052,3.127764,358.6928,0.7008346,0.01005406,-0.7132525,0.0,0.0,0.0,3.105506,-0.1234214,-0.439265,0.3497624,-0.0167221,2.015436,0.9981636,-0.02275649,-0.05614021,0.02659008,0.9972958,0.06851231,0.0544293,-0.06987926,0.9960694,moving,18.287428480881363,3.171404339917492,9.845159668184351,-0.47537295653709694,0.45837400000000006,-0.16547348,1.9867329999999999,0.31335077249883525,0.052536968242916635,0.9481830297602998,18.065785294934493,2.6184090540913356,9.128227919041056,9.196243110954237,8.78351711015976
05/05/2023 11:40:20.042582,1954,True,True,True,True,Eyes,2.62283,0.03827259,-2.578484,0.3572981,-0.02413183,0.9336786,0.0,0.0,0.0,0.0,0.0,0.0,0.0,-2.743823,0.06986751,2.30459,2.645946,0.04150847,-2.416987,0.03813491,0.02063183,-0.01276396,0.9989781,4.399973,2.313485,358.6248,0.7019503,0.01008559,-0.7121542,0.0,0.0,0.0,3.079018,-0.1401797,-0.4256872,0.3528862,-0.01870285,2.015182,0.9988229,-0.02392825,-0.04219501,0.02707542,0.9967656,0.0756652,0.040248,-0.07671857,0.9962401,moving,18.576046408764057,3.402453006929623,9.932572509560371,-0.5317453230892358,0.4330720000000001,-0.18168816999999998,1.9912998000000002,0.31805836534217086,0.05626717937695426,0.9463999610849243,18.340908007807414,2.8413018134740686,9.418013075396676,9.49671298640422,9.059666265186552
05/05/2023 11:40:20.062847,1955,True,True,True,True,Eyes,2.623807,0.03837757,-2.570984,0.3490918,-0.02688384,0.9367028,0.0,0.0,0.0,0.0,0.0,0.0,0.0,-2.710696,0.09228677,2.33196,2.64451,0.04163104,-2.408165,0.04327835,0.01380475,-0.01332857,0.9988788,4.98113,1.519951,358.5371,0.7030698,0.01011765,-0.7110484,0.0,0.0,0.0,3.053046,-0.1630529,-0.413583,0.3561323,-0.02076121,2.014918,0.9992636,-0.02543236,-0.02873222,0.02782215,0.9958986,0.08609168,0.02642487,-0.08682766,0.9958729,moving,18.860127287142024,3.8516103843658325,10.023381791653804,-0.5903404589665499,0.40853600000000023,-0.20468394,1.9945819999999999,0.32260488335910353,0.0635811905243145,0.9443958294341394,18.605729184024863,3.2764410008138882,9.79090663506349,9.890348742416144,9.413218664252948
05/05/2023 11:40:20.082800,1956,True,True,True,True,Eyes,2.624668,0.03847008,-2.563432,0.340737,-0.02960663,0.9396923,0.0,0.0,0.0,0.0,0.0,0.0,0.0,-2.678839,0.09944755,2.35706,2.642828,0.04212007,-2.39906,0.04528437,0.007395318,-0.01390036,0.9988501,5.202164,0.7775612,358.4407,0.704193,0.01015067,-0.7099355,0.0,0.0,0.0,3.028574,-0.172983,-0.4007054,0.3593448,-0.02279823,2.014657,0.9995042,-0.02709896,-0.01603257,0.02843853,0.9955122,0.09025899,0.01351469,-0.09067019,0.9957893,moving,19.086600596493735,3.94493084876173,10.113223154177756,-0.6483419292958738,0.3857459999999997,-0.21510307,1.9983545999999999,0.32630468678688884,0.0650319769430676,0.943024903034927,18.8239843663031,3.3657384967520683,9.97467307640639,10.080657594418645,9.591152306237694
05/05/2023 11:40:20.092605,1957,True,True,True,True,Eyes,2.625424,0.03853638,-2.55584,0.3326307,-0.0320915,0.942511,0.0,0.0,0.0,0.0,0.0,0.0,0.0,-2.648494,0.1053194,2.379995,2.64098,0.04193133,-2.390284,0.04630247,0.001388071,-0.01395174,0.9988291,5.309474,0.08521446,358.4034,0.7053176,0.01018423,-0.7088178,0.0,0.0,0.0,3.005601,-0.1791943,-0.3882918,0.3624743,-0.02478252,2.014402,0.9996069,-0.02774226,-0.004064891,0.02799935,0.9953228,0.09245777,0.001480891,-0.09253524,0.9957083,moving,19.283767211450012,3.9181806681131732,10.200721083901533,-0.7048554210471384,0.3646210000000001,-0.22112563000000002,2.0019921999999997,0.32955901059179155,0.06451450503655072,0.9419282187371755,19.01690711999602,3.3384034916622327,10.084648729907983,10.19186880002152,9.699127736978784
05/05/2023 11:40:20.112396,1958,True,True,True,True,Eyes,2.641156,0.03973316,-2.365321,0.1182676,-0.09438391,0.9884859,0.0,0.0,0.0,0.0,0.0,0.0,0.0,-2.618325,0.1250065,2.401432,2.638838,0.04141462,-2.381794,0.04921753,-0.004513143,-0.01316589,0.9986912,5.6348,359.4064,358.4602,0.7064437,0.01021761,-0.707695,0.0,0.0,0.0,2.982977,-0.1928435,-0.3773179,0.3657415,-0.0268542,2.014137,0.9996126,-0.02674157,0.007718486,0.02585307,0.9948086,0.09842505,-0.01031046,-0.09818737,0.9951145,moving,7.37587599203412,0.3729573903863865,10.292035210196351,-0.7638711568429641,0.3441390000000002,-0.23425812000000001,2.0044761,0.12837536866379093,0.006455428076791184,0.9917046003443964,7.504424498249075,-0.03207634670937137,3.1243040674911264,3.1299143329280037,2.8820647330519247
05/05/2023 11:40:20.132595,1959,True,True,True,True,Eyes,2.641028,0.0397065,-2.365001,0.1180765,-0.0942647,0.9885201,0.0,0.0,0.0,0.0,0.0,0.0,0.0,-2.587364,0.1440276,2.423083,2.636532,0.04103972,-2.373508,0.05119365,-0.01048571,-0.01162984,0.9985661,5.854154,358.7252,358.6003,0.7108594,0.0103292,-0.7032577,0.04719543,0.003590327,0.5715573,2.960023,-0.2020202,-0.3662964,0.3688824,-0.0288461,2.013881,0.9995096,-0.02429993,0.01975059,0.02215272,0.9944879,0.1024844,-0.02213209,-0.1019966,0.9945385,moving,8.038607134226332,0.5889795439685501,10.379798526355712,-0.8206278171210791,0.3234910000000002,-0.24305992,2.0072116,0.1398330810744621,0.010178455932598932,0.9901227146643999,8.144644869823482,0.17371493865281812,2.722880680666656,2.732795280846842,2.4463502170109304
05/05/2023 11:40:20.143024,1960,True,True,True,True,Eyes,2.640797,0.03965581,-2.364376,0.1174105,-0.09434529,0.9885918,0.0,0.0,0.0,0.0,0.0,0.0,0.0,-2.555642,0.1646107,2.444779,2.634004,0.04033612,-2.365533,0.05330262,-0.01652192,-0.009978521,0.9983919,6.090781,358.0374,358.7503,0.7145732,0.01042288,-0.6994826,0.04436371,0.003374907,0.5372639,2.936673,-0.2120779,-0.3558703,0.3720797,-0.03087325,2.01362,0.9992549,-0.02168627,0.03192694,0.01816362,0.9941185,0.1067635,-0.03405447,-0.1061041,0.9937717,moving,8.681768859281872,0.804956869973424,10.469112170314594,-0.8784022480768147,0.30266899999999985,-0.25241402,2.0096627000000002,0.15093172363809704,0.013887746522013189,0.9884466356758205,8.765789811251176,0.379592381099299,2.4389274035371304,2.455258445014758,2.117512112343472
05/05/2023 11:40:20.162989,1961,True,True,True,True,Eyes,2.64042,0.03959478,-2.363455,0.1164735,-0.0942377,0.9887129,0.0,0.0,0.0,0.0,0.0,0.0,0.0,-2.523209,0.1870424,2.466289,2.631363,0.03974216,-2.357647,0.05596972,-0.02263699,-0.008464642,0.99814,6.393028,357.339,358.8796,0.7177141,0.01050111,-0.6962584,0.04170188,0.003172413,0.505028,2.912968,-0.2245072,-0.3460635,0.3754074,-0.03298336,2.01335,0.9988319,-0.01943176,0.04424224,0.01436382,0.9935915,0.1121144,-0.04613729,-0.111348,0.9927099,moving,9.319542100443554,1.0967530178029823,10.562029938473334,-0.9385542934882405,0.2816049999999999,-0.26424936,2.0115835,0.16191151413724314,0.018888225212535692,0.9866245058116364,9.379638394174016,0.6592760767429482,2.358681900493772,2.3845863119307342,1.9877403391951534
05/05/2023 11:40:20.182542,1962,True,True,True,True,Eyes,2.639929,0.03950687,-2.362255,0.1151335,-0.09410025,0.9888829,0.0,0.0,0.0,0.0,0.0,0.0,0.0,-2.491962,0.1924597,2.486808,2.628466,0.03938015,-2.349627,0.05634009,-0.02842105,-0.008029575,0.9979747,6.430365,356.6752,358.8912,0.7205012,0.01056904,-0.6933728,0.03919977,0.002982068,0.4747263,2.889951,-0.2281457,-0.3353878,0.3786119,-0.03501526,2.013089,0.9982556,-0.01922911,0.0558222,0.01282413,0.9935226,0.1129084,-0.05763175,-0.1119955,0.9920361,moving,9.902781028434138,1.1423156457519947,10.65148326437934,-0.9964906316762608,0.26148499999999997,-0.26752585,2.0142392,0.17194374490813208,0.019638938857744377,0.9849109759020007,9.946962685371334,0.699740076490114,2.233816615778593,2.2660642820705372,1.8367220425454631
05/05/2023 11:40:20.192580,1963,True,True,True,True,Eyes,2.639282,0.03938947,-2.360794,0.113535,-0.09384315,0.9890922,0.0,0.0,0.0,0.0,0.0,0.0,0.0,-2.461595,0.1908115,2.506378,2.625344,0.0386421,-2.341765,0.05587697,-0.03396103,-0.008245596,0.9978259,6.370135,356.0364,358.8324,0.7230107,0.01062792,-0.6907548,0.03684778,0.002803144,0.4462427,2.867414,-0.2291793,-0.3247688,0.381744,-0.03700112,2.012835,0.9975573,-0.02025062,0.06685291,0.01266006,0.9936195,0.112071,-0.06869588,-0.1109509,0.9914488,moving,10.446341051409371,1.109450541102584,10.73888146749859,-1.0531261947642991,0.24207,-0.2678214,2.0169962,0.18128173930015218,0.019041544986307883,0.9832468986417443,10.477721109540461,0.66415825607492,2.145785048018549,2.182273592737243,1.737029250664184
05/05/2023 11:40:20.214682,1964,True,True,True,True,Eyes,2.638508,0.03923562,-2.359083,0.1116019,-0.09351194,0.9893435,0.0,0.0,0.0,0.0,0.0,0.0,0.0,-2.432241,0.1885698,2.524329,2.621917,0.03774376,-2.334035,0.05563695,-0.03922255,-0.008809528,0.9976416,6.333786,355.4271,358.735,0.7252738,0.01067794,-0.6883774,0.03463691,0.002634955,0.4194682,2.845528,-0.2314509,-0.3147168,0.3848468,-0.03896879,2.012582,0.996768,-0.02194195,0.07727983,0.01321306,0.9936538,0.1117025,-0.07924037,-0.1103204,0.9907323,moving,10.94016781038387,1.1128161315888279,10.825441211879898,-1.1092557899695596,0.223611,-0.26919466,2.0193182,0.1897493059604636,0.01906825352786634,0.9816474064516968,10.9590220718371,0.6641581351643058,2.1851303503369826,2.225031644040704,1.778437740266892
05/05/2023 11:40:20.232636,1965,True,True,True,True,Eyes,2.637583,0.03904216,-2.357138,0.1094131,-0.09311669,0.9896252,0.0,0.0,0.0,0.0,0.0,0.0,0.0,-2.403097,0.1829828,2.541606,2.618192,0.03680991,-2.326335,0.05480462,-0.04435839,-0.009469652,0.9974664,6.228358,354.8329,358.6308,0.7273187,0.01071906,-0.6862158,0.0325587,0.002476858,0.3943001,2.823936,-0.2314922,-0.3046032,0.3880792,-0.04101832,2.012319,0.9958854,-0.02375341,0.08745405,0.01402923,0.9938135,0.1101716,-0.08952996,-0.1084914,0.9900575,moving,11.4056251140924,1.0534969296024088,10.915583406275676,-1.1677329524194517,0.2057439999999997,-0.26830211000000004,2.0217318,0.19772145683575149,0.018022982856292405,0.9800925356714619,11.414357509746257,0.6033548288831729,2.2337176795736,2.274643502658555,1.839980308419722
05/05/2023 11:40:20.242527,1966,True,True,True,True,Eyes,2.63652,0.03881105,-2.354976,0.1069174,-0.09271817,0.9899354,0.0,0.0,0.0,0.0,0.0,0.0,0.0,-2.375568,0.1755933,2.556843,2.614125,0.03542872,-2.318771,0.05391918,-0.04909769,-0.01050979,0.9972823,6.114357,354.2822,358.4868,0.7291698,0.01075115,-0.684248,0.03060518,0.002328246,0.3706421,2.803486,-0.2319748,-0.2949141,0.3913275,-0.04307783,2.012055,0.9949579,-0.02625707,0.09679515,0.01566784,0.9939645,0.1085773,-0.09906188,-0.1065133,0.9893643,moving,11.809790505042072,0.9951984171235432,11.00613608437169,-1.2265076402820003,0.1893609999999999,-0.26740352,2.0238568999999997,0.20463374338353046,0.017001072477248143,0.9786910034569318,11.80991691958126,0.5439510916746986,2.321607732383013,2.362591423284088,1.944373357308703
05/05/2023 11:40:20.262529,1967,True,True,True,True,Eyes,2.635244,0.03852906,-2.352615,0.1054869,-0.09383965,0.9899832,0.0,0.0,0.0,0.0,0.0,0.0,0.0,-2.346728,0.1712655,2.572606,2.609799,0.03429169,-2.311393,0.05358724,-0.05402547,-0.01145406,0.9970349,6.062835,353.7094,358.3502,0.730849,0.01077413,-0.6824538,0.02876887,0.002188551,0.3484036,2.781921,-0.2343048,-0.2857528,0.3944984,-0.04508854,2.011797,0.9939001,-0.02863035,0.106503,0.01705005,0.9939944,0.1080943,-0.1089581,-0.1056191,0.9884194,moving,12.297745079447084,0.9109688496285088,11.094501893126067,-1.2839022184815483,0.1721219999999999,-0.26859649,2.0256402,0.2129662449852259,0.015534012737139329,0.9769361162384917,12.287854537862543,0.4587612024853089,2.4637456078734834,2.503048775204858,2.112099981884251
05/05/2023 11:40:20.282331,1968,True,True,True,True,Eyes,2.633819,0.03820938,-2.350068,0.1037424,-0.0949699,0.9900597,0.0,0.0,0.0,0.0,0.0,0.0,0.0,-2.31881,0.165272,2.58697,2.605186,0.03280719,-2.304027,0.05281389,-0.05869903,-0.01236132,0.9968011,5.960263,353.1673,358.2229,0.732374,0.01078757,-0.6808168,0.02704273,0.002057238,0.3274994,2.761111,-0.2351618,-0.2765817,0.397678,-0.04710476,2.011539,0.9928033,-0.03084379,0.1157168,0.0184433,0.9941158,0.1067411,-0.1183282,-0.1038387,0.9875302,moving,12.739032370771461,0.7743717502634293,11.183075418546938,-1.3414657999305186,0.1559250000000003,-0.26796899,2.0274453,0.22049156694487299,0.013182307624774695,0.9752997860656694,12.721711479183043,0.3229280011585742,2.5905658204920115,2.6263607094202723,2.2666291386536064
05/05/2023 11:40:20.292700,1969,True,True,True,True,Eyes,2.632271,0.03787025,-2.347329,0.1017297,-0.09604914,0.9901645,0.0,0.0,0.0,0.0,0.0,0.0,0.0,-2.290926,0.1658764,2.600504,2.600258,0.03159134,-2.296984,0.0533935,-0.06330173,-0.01323237,0.9964773,6.011931,352.63,358.0909,0.7337616,0.01079141,-0.6793209,0.02542017,0.001933804,0.3078494,2.74023,-0.2411731,-0.2685954,0.400869,-0.04912797,2.011279,0.9916356,-0.03313132,0.1247445,0.01961171,0.993948,0.1080861,-0.1275706,-0.1047356,0.9862841,moving,13.155779702666221,0.7973179123900357,11.271940808426063,-1.3992418376983173,0.13997199999999976,-0.27276444,2.0283886,0.22757852043014476,0.013550231262677737,0.9736655044154714,13.127346196663371,0.3424906164898032,2.8574571302158094,2.8937387088609414,2.5448302687354634
05/05/2023 11:40:20.312645,1970,True,True,True,True,Eyes,2.630564,0.03751357,-2.34442,0.09948206,-0.09703225,0.990297,0.0,0.0,0.0,0.0,0.0,0.0,0.0,-2.26422,0.1599464,2.61258,2.59499,0.03084299,-2.289743,0.05311761,-0.06759646,-0.01447491,0.9961927,5.962288,352.1282,357.9245,0.7350273,0.01078614,-0.6779514,0.02389496,0.001817776,0.2893784,2.720172,-0.2434611,-0.2601667,0.4040844,-0.0511668,2.011017,0.9904424,-0.03602071,0.1331404,0.02165847,0.993938,0.1077876,-0.1362159,-0.1038738,0.9852185,moving,13.52638465071648,0.7338390855262777,11.361453454365131,-1.4574761569959176,0.12518199999999968,-0.27430409,2.0295763,0.23387498995779832,0.01245236245973081,0.9721869746876459,13.490329877473867,0.27826906935670487,3.045674630823184,3.0803878939259244,2.7468029262533853
05/05/2023 11:40:20.332687,1971,True,True,True,True,Eyes,2.62867,0.03712559,-2.341352,0.09706209,-0.09807634,0.9904343,0.0,0.0,0.0,0.0,0.0,0.0,0.0,-2.23934,0.1518745,2.622906,2.589515,0.03005296,-2.282728,0.05232792,-0.07148129,-0.01563762,0.9959457,5.854118,351.6758,357.7745,0.736184,0.01077223,-0.6766953,0.02246126,0.001708709,0.2720157,2.701608,-0.2436592,-0.2518713,0.4073013,-0.05320683,2.010756,0.9892918,-0.03862937,0.1407464,0.02366751,0.9940345,0.1064671,-0.1440195,-0.1019959,0.9843044,moving,13.840742258431893,0.6051262172250231,11.450968753935008,-1.5157560553591072,0.11209299999999978,-0.27371216,2.0308567,0.2392113937253101,0.01025462986932564,0.9709134215148597,13.800240854132305,0.15094882855338537,3.163545221424179,3.1951774625139286,2.880448675262792
05/05/2023 11:40:20.343236,1972,True,True,True,True,Eyes,2.626613,0.03671904,-2.338136,0.09449236,-0.09906559,0.9905843,0.0,0.0,0.0,0.0,0.0,0.0,0.0,-2.216535,0.149399,2.630686,2.583741,0.02891712,-2.275807,0.05206995,-0.07491755,-0.01623491,0.9956971,5.811687,351.2768,357.6881,0.7372434,0.01074971,-0.6755413,0.02111359,0.001606187,0.2556948,2.684706,-0.2460375,-0.2440955,0.4104894,-0.05522811,2.010496,0.9882475,-0.040132,0.1474997,0.02452819,0.9940503,0.1061243,-0.1508811,-0.1012592,0.9833522,moving,14.091915432922754,0.5296975375813917,11.539657160627986,-1.5735132238596996,0.10096499999999997,-0.27495462,2.0317115,0.24346837647198538,0.008966646798508414,0.9698674144078631,14.047122267661335,0.07589226867052745,3.2768580696744527,3.3071918292622047,3.001319666709737
05/05/2023 11:40:20.362801,1973,True,True,True,True,Eyes,2.624369,0.03628907,-2.334779,0.09183798,-0.1000581,0.9907342,0.0,0.0,0.0,0.0,0.0,0.0,0.0,-2.195415,0.1495858,2.636708,2.577827,0.02806141,-2.269025,0.05191739,-0.07800255,-0.01630986,0.9954669,5.786371,350.9211,357.6629,0.738215,0.01071897,-0.6744798,0.01984677,0.001509816,0.2403531,2.66924,-0.2482876,-0.2366079,0.4136527,-0.05723393,2.010239,0.9872992,-0.04057123,0.1536044,0.02437248,0.9940772,0.1059085,-0.1569915,-0.1008197,0.9824404,moving,14.295295045449384,0.4552791292453041,11.627617449900983,-1.6308394163002222,0.09141299999999974,-0.27634901,2.0324171,0.24691213070207146,0.007700010401402967,0.9690073284282797,14.247386381882196,0.0021356274775081174,3.357201592482517,3.386501785007632,3.0870368884376593
05/05/2023 11:40:20.382786,1974,True,True,True,True,Eyes,2.621962,0.03584507,-2.331284,0.08912818,-0.1009744,0.9908887,0.0,0.0,0.0,0.0,0.0,0.0,0.0,-2.176786,0.1438992,2.640635,2.571726,0.0270559,-2.262201,0.0506691,-0.08056935,-0.01648233,0.9953239,5.636011,350.6281,357.6402,0.7391075,0.01068023,-0.6735023,0.01865597,0.001419227,0.2259319,2.655765,-0.2463576,-0.228612,0.4168667,-0.05927211,2.009978,0.9864738,-0.04097528,0.1587149,0.02464577,0.994322,0.1035203,-0.1620555,-0.09820841,0.9818825,moving,14.437941734966621,0.25870409159475427,11.716952985848751,-1.689102001575615,0.0840390000000002,-0.27341350000000003,2.033589,0.249328862387673,0.0043726272106851954,0.9684090438574536,14.391739408792096,-0.19007474312730324,3.3209867386279757,3.34630069620434,3.0661971772756424
05/05/2023 11:40:20.392610,1975,True,True,True,True,Eyes,2.619384,0.03539405,-2.327648,0.08640082,-0.10185,0.9910406,0.0,0.0,0.0,0.0,0.0,0.0,0.0,-2.161087,0.1409736,2.641757,2.565463,0.02626623,-2.255384,0.05019267,-0.08256909,-0.01679175,0.9951789,5.573836,350.3972,357.5981,0.739929,0.01063392,-0.6726005,0.01753661,0.001334073,0.212376,2.644576,-0.2475621,-0.2211597,0.420291,-0.06144318,2.009699,0.9858007,-0.04171032,0.1626564,0.02513287,0.9943975,0.1026743,-0.1660277,-0.09712842,0.9813261,moving,14.514331306038049,0.1566354802519351,11.812101200213664,-1.7511769799308456,0.07911299999999999,-0.27382833,2.0342243,0.2506212791822864,0.0026465527452268697,0.968081590169255,14.468956488259241,-0.2898924683358157,3.2834553890414693,3.3078385583417362,3.032199275351683
05/05/2023 11:40:20.412814,1976,True,True,True,True,Eyes,2.616636,0.03492277,-2.323885,0.08367066,-0.10246,0.991212,0.0,0.0,0.0,0.0,0.0,0.0,0.0,-2.147937,0.126677,2.640874,2.55892,0.02562759,-2.248369,0.0478556,-0.08401377,-0.01750851,0.9951609,5.296289,350.2346,357.5314,0.7406867,0.01058063,-0.6717668,0.01648441,0.001254029,0.1996334,2.634814,-0.2409691,-0.2126358,0.4232021,-0.06328915,2.009462,0.9852703,-0.04288862,0.1655387,0.02680651,0.9948066,0.09818994,-0.1688902,-0.09230611,0.9813031,moving,14.531791445632917,-0.13956415613731074,11.892957315342969,-1.8039668669660285,0.0758939999999999,-0.26659668999999997,2.0357331999999997,0.25091646709819715,-0.002357925753300384,0.9680059021586267,14.493960500768594,-0.5782058364047109,3.101372450755829,3.119884925922284,2.8753621814715786
05/05/2023 11:40:20.432551,1977,True,True,True,True,Eyes,2.613732,0.03440364,-2.320008,0.0808366,-0.1032196,0.9913683,0.0,0.0,0.0,0.0,0.0,0.0,0.0,-2.134864,0.1098394,2.639837,2.552129,0.02462046,-2.241535,0.04488917,-0.08538584,-0.01820152,0.9951699,4.947127,350.0829,357.4749,0.7413873,0.01052049,-0.6709945,0.01549534,0.001178787,0.1876554,2.625458,-0.2323962,-0.2039966,0.4264356,-0.06533962,2.0092,0.9847559,-0.04389299,0.1683127,0.0285614,0.9953073,0.092453,-0.1715809,-0.0862364,0.9813885,moving,14.536959852416498,-0.519194633407812,11.982726920870443,-1.8626147563691207,0.0733290000000002,-0.25701666,2.0375384,0.25099481332977464,-0.008771457709317594,0.9679486624712155,14.509231030265813,-0.9476145868753687,2.8743984494614363,2.8859805084878403,2.687089191851526
05/05/2023 11:40:20.442627,1978,True,True,True,True,Eyes,2.610667,0.03381694,-2.316029,0.07792886,-0.1039928,0.9915203,0.0,0.0,0.0,0.0,0.0,0.0,0.0,-2.118657,0.1039102,2.640866,2.545191,0.02297725,-2.234984,0.04373182,-0.08735479,-0.01864801,0.9950422,4.805416,349.8577,357.426,0.7420363,0.01045282,-0.6702778,0.01456562,0.00110806,0.1763961,2.613484,-0.2316174,-0.1964825,0.4296515,-0.06737889,2.008937,0.9840428,-0.04475148,0.1722124,0.02947074,0.9954796,0.09028801,-0.1754744,-0.08377203,0.9809133,moving,14.60231776525297,-0.6929699132117078,12.071986084411751,-1.9209559230093156,0.06829300000000016,-0.25459465,2.0385014999999997,0.2520912266114897,-0.011703706953850215,0.9676326532800982,14.577626966928264,-1.1171286154599118,2.803254833419457,2.8125660979481704,2.631420637697488
05/05/2023 11:40:20.466954,1979,True,True,True,True,Eyes,2.607458,0.03325849,-2.311955,0.0748687,-0.1054243,0.991605,0.0,0.0,0.0,0.0,0.0,0.0,0.0,-2.100873,0.1079625,2.642825,2.538294,0.0207771,-2.22856,0.04428997,-0.08966603,-0.01890046,0.9948072,4.860528,349.588,357.38,0.7426375,0.01037654,-0.6696128,0.01369169,0.001041576,0.1658123,2.600155,-0.2382546,-0.1899152,0.4329029,-0.06944035,2.008673,0.9832056,-0.04554722,0.1767266,0.029662,0.9953623,0.0915094,-0.180075,-0.08473048,0.9799968,moving,14.695042441657618,-0.7092412078556988,12.162182700117512,-1.9799415621134981,0.061860999999999944,-0.25903170000000003,2.0386447999999997,0.2536560759743559,-0.011973440537452092,0.9672204056667584,14.668455301333934,-1.1335752279831337,2.8236496434922818,2.833735672328227,2.6453238597868127
05/05/2023 11:40:20.483808,1980,True,True,True,True,Eyes,2.604118,0.03296875,-2.307755,0.07183947,-0.107137,0.9916455,0.0,0.0,0.0,0.0,0.0,0.0,0.0,-2.084768,0.1331528,2.642605,2.531558,0.02104259,-2.222188,0.04970044,-0.09176467,-0.01916186,0.9943552,5.46991,349.3248,357.2806,0.7431958,0.01029329,-0.6689944,0.01287019,0.0009790816,0.1558636,2.587571,-0.2620621,-0.1860825,0.4360969,-0.07146591,2.008413,0.9824241,-0.04722887,0.1805886,0.0289859,0.9943254,0.1023565,-0.184398,-0.095323,0.9782183,moving,14.756861090499271,-0.17451153811900452,12.250754414773054,-2.0379115955198466,0.05601300000000009,-0.28310469000000005,2.0361055,0.25471664954679557,-0.002945332928116294,0.9670112705375921,14.714304597471868,-0.6137016268599036,3.0984450878209606,3.1229522000890397,2.845602491126565
05/05/2023 11:40:20.492427,1981,True,True,True,True,Eyes,2.600621,0.03279794,-2.303376,0.06897855,-0.1078011,0.9917766,0.0,0.0,0.0,0.0,0.0,0.0,0.0,-2.074891,0.1383496,2.63789,2.525073,0.027266,-2.214958,0.05381765,-0.09269203,-0.020988,0.9940178,5.917743,349.1911,357.0205,0.743716,0.01021143,-0.6684173,0.01209798,0.0009203367,0.1465118,2.579445,-0.2754467,-0.1811376,0.4392292,-0.07345168,2.008158,0.9819354,-0.05170183,0.182016,0.03174796,0.9933264,0.1108822,-0.1865341,-0.1031006,0.9770237,moving,14.704178325020083,0.3008401219111643,12.337579827410009,-2.094753499585326,0.05437200000000031,-0.3027127,2.0338204,0.2538252015348996,0.005078668902034636,0.9672367424869799,14.650136176039027,-0.15084258376766088,3.3259828833024145,3.3674407564565896,3.021043944436997
05/05/2023 11:40:20.512378,1982,True,True,True,True,Eyes,2.596992,0.03258512,-2.298934,0.06638429,-0.1084908,0.9918784,0.0,0.0,0.0,0.0,0.0,0.0,0.0,-2.076674,0.04636283,2.62594,2.518314,0.02971712,-2.206241,0.04005677,-0.09100071,-0.02565486,0.9947141,4.30242,349.4198,356.6466,0.7442027,0.01013427,-0.6678766,0.0113721,0.0008651165,0.1377211,2.581934,-0.2218903,-0.1652198,0.4424692,-0.07550648,2.007895,0.9821213,-0.05832889,0.1789841,0.04374811,0.9954746,0.08435928,-0.1830947,-0.07502083,0.9802287,moving,14.42504209807834,-1.2673978483742487,12.42734866982684,-2.153581288343943,0.06361999999999979,-0.25160742,2.0410212,0.24905602214099745,-0.021421487148426024,0.9682520879159812,14.420297979600734,-1.6748623562807432,2.1804137656803957,2.185429047705679,2.04963869187815
05/05/2023 11:40:20.532706,1983,True,True,True,True,Eyes,2.593223,0.03243864,-2.294393,0.0642641,-0.1095231,0.9919046,0.0,0.0,0.0,0.0,0.0,0.0,0.0,-2.081792,0.04105861,2.610348,2.511446,0.02850313,-2.200292,0.04052969,-0.08892353,-0.02738182,0.9948368,4.345528,349.6497,356.453,0.7446576,0.01006031,-0.6673705,0.01068977,0.0008132095,0.1294578,2.586079,-0.2282821,-0.1597705,0.4456802,-0.07754207,2.007634,0.9826857,-0.06168897,0.1747092,0.04727279,0.9952152,0.08551063,-0.1791483,-0.07577109,0.9808999,moving,14.078854548608543,-1.24898503524031,12.516278229970451,-2.2118703274916385,0.07463299999999995,-0.25678523,2.0405215,0.2432026707964343,-0.021142724482506398,0.9697450002977679,14.082331516065635,-1.6546512536213023,1.8270041436423352,1.8354271539896367,1.6622322314208797
05/05/2023 11:40:20.542877,1984,True,True,True,True,Eyes,2.589311,0.03233797,-2.289769,0.06224333,-0.1104561,0.99193,0.0,0.0,0.0,0.0,0.0,0.0,0.0,-2.082956,0.06928101,2.596081,2.50428,0.03007377,-2.193358,0.04750551,-0.08772536,-0.02805719,0.9946158,5.139261,349.7533,356.3073,0.7450835,0.009991192,-0.666896,0.01004838,0.0007644169,0.1216903,2.586071,-0.257589,-0.1567184,0.4488326,-0.07954116,2.007377,0.9830341,-0.06414712,0.1718403,0.04747737,0.9939121,0.09942212,-0.1771718,-0.0895768,0.980095,moving,13.811851108624642,-0.4843360164119403,12.60355238608958,-2.2691252517605176,0.08179099999999995,-0.28766277,2.0366396,0.23872626811279618,-0.008208750112070798,0.9710521574000202,13.801441743602568,-0.908889179075274,2.121603093116773,2.15533255380603,1.8125068513738243
05/05/2023 11:40:20.562647,1985,True,True,True,True,Eyes,2.585261,0.03232908,-2.285097,0.0601557,-0.1118925,0.9918979,0.0,0.0,0.0,0.0,0.0,0.0,0.0,-2.077901,0.05952461,2.587704,2.496925,0.03105755,-2.186739,0.04667536,-0.08746754,-0.02901778,0.9946502,5.035621,349.7821,356.2074,0.7454838,0.00992763,-0.6664495,0.009445482,0.0007185519,0.1143889,2.582568,-0.2559823,-0.1496374,0.4520369,-0.08157299,2.007117,0.9830148,-0.06589023,0.1712904,0.04955992,0.9939587,0.09792753,-0.176708,-0.08777507,0.9803417,moving,13.675557382255967,-0.6546170823402127,12.69221785703581,-2.3273268417273747,0.08564300000000014,-0.28703985,2.0371016,0.2364090992788606,-0.011101118560969618,0.9715902360398664,13.673169663495342,-1.0736661498202296,1.9072805954546506,1.9403387748043535,1.591832772947372
05/05/2023 11:40:20.572364,1986,True,True,True,True,Eyes,2.581099,0.03242473,-2.280303,0.05807598,-0.1131626,0.9918777,0.0,0.0,0.0,0.0,0.0,0.0,0.0,-2.066819,0.09492572,2.583969,2.490123,0.03336914,-2.180786,0.05400214,-0.08869195,-0.02847479,0.9941865,5.873095,349.6084,356.1843,0.7458582,0.009872015,-0.6660312,0.008878753,0.0006754388,0.1075256,2.573351,-0.2850344,-0.1477265,0.4551448,-0.08354358,2.006864,0.9826459,-0.0661976,0.1732773,0.04703939,0.9925459,0.1124274,-0.1794281,-0.1023254,0.978435,moving,13.675902411173404,0.11362876733310674,12.778183853881103,-2.383785024685923,0.08322800000000008,-0.31840354000000004,2.0330595,0.23642906573484554,0.0019269687310479525,0.9716468231390806,13.652799294856514,-0.3261773235022849,2.5953369091737337,2.653860255679232,2.235777632405072
05/05/2023 11:40:20.592776,1987,True,True,True,True,Eyes,2.576832,0.03251338,-2.275439,0.05591355,-0.114002,0.9919059,0.0,0.0,0.0,0.0,0.0,0.0,0.0,-2.05602,0.0865227,2.579837,2.483281,0.0359517,-2.173082,0.05266735,-0.08967211,-0.02832215,0.9941745,5.718537,349.5027,356.2106,0.7462127,0.009826225,-0.6656348,0.008346028,0.0006349125,0.101074,2.565808,-0.2791346,-0.1389203,0.4584085,-0.08561291,2.006598,0.9823135,-0.0657599,0.1753162,0.04686873,0.992848,0.1098005,-0.1812828,-0.09964167,0.9783701,moving,13.669375752553645,-0.09754820016051867,12.868421688331987,-2.4430828760021317,0.08252700000000024,-0.31508630000000004,2.0341617,0.23631851304903898,-0.001654313287725806,0.9716742865643044,13.652128886445803,-0.5316059063132865,2.423128694683221,2.478519785793249,2.065899605021081
05/05/2023 11:40:20.612434,1988,True,True,True,True,Eyes,2.572479,0.03256163,-2.270508,0.05376448,-0.1151522,0.9918917,0.0,0.0,0.0,0.0,0.0,0.0,0.0,-2.046839,0.07720543,2.575656,2.476815,0.03584827,-2.166476,0.04981695,-0.09039175,-0.02737416,0.9942829,5.400412,349.4385,356.3464,0.7465466,0.009789432,-0.6652609,0.0,0.0,0.0,2.560022,-0.269288,-0.1302861,0.4615327,-0.08759403,2.006344,0.98216,-0.06344139,0.1770225,0.04542923,0.9935378,0.1040131,-0.1824773,-0.09411548,0.9786952,moving,13.633303718209449,-0.5185855643167668,12.95476017273541,-2.4998620216946232,0.08320699999999981,-0.30513627000000004,2.0361898999999997,0.23569789229247387,-0.008795904292838962,0.9717864624700002,13.628313502463834,-0.9410294217770809,2.0479258997643237,2.09424873013313,1.6981263682523546
05/05/2023 11:40:20.632642,1989,True,True,True,True,Eyes,2.568026,0.03261578,-2.265501,0.05146716,-0.1163242,0.9918769,0.0,0.0,0.0,0.0,0.0,0.0,0.0,-2.037176,0.1110227,2.570404,2.470425,0.0350088,-2.159899,0.05442362,-0.09144185,-0.02490979,0.99401,5.948796,349.3098,356.5719,0.7468627,0.009759515,-0.6649063,0.0,0.0,0.0,2.553198,-0.2895616,-0.1261273,0.4647916,-0.08966029,2.006079,0.9820358,-0.05947436,0.1790769,0.03956797,0.9928351,0.1127508,-0.1844996,-0.1036396,0.977353,moving,13.596540785437961,-0.09545656514645744,13.044780979050477,-2.5590914783341234,0.08277299999999999,-0.3245704,2.0337717,0.23508311941551768,-0.001619340504414049,0.9719739078390508,13.581071604959524,-0.5290877769389857,2.4629130701157655,2.5246654965404725,2.099648223659353
05/05/2023 11:40:20.642681,1990,True,True,True,True,Eyes,2.563497,0.03268384,-2.260432,0.04914476,-0.1175811,0.9918464,0.0,0.0,0.0,0.0,0.0,0.0,0.0,-2.02634,0.1310128,2.566113,2.464049,0.03525714,-2.152992,0.05671963,-0.09264216,-0.02280946,0.9938211,6.22955,349.1735,356.7795,0.7471635,0.00973594,-0.6645687,0.0,0.0,0.0,2.545742,-0.2995071,-0.1202707,0.4679456,-0.09166043,2.005822,0.9817943,-0.05584629,0.1815519,0.03482777,0.9925252,0.1169645,-0.1867269,-0.1085121,0.9764006,moving,13.58503705634341,0.06013791092963038,13.131867741726515,-2.616435920297657,0.08169300000000002,-0.33476424000000005,2.0327213,0.23488812961318245,0.0010202388524479522,0.972021774131183,13.56566377783963,-0.37762051541942354,2.645637328984494,2.71466570717668,2.280454651613914
05/05/2023 11:40:20.662688,1991,True,True,True,True,Eyes,2.558881,0.03277246,-2.25528,0.04660814,-0.1186969,0.9918361,0.0,0.0,0.0,0.0,0.0,0.0,0.0,-2.013793,0.1420307,2.56379,2.457714,0.0356886,-2.146375,0.05847037,-0.09414265,-0.02210087,0.9935945,6.432374,348.9967,356.8313,0.7474489,0.009718597,-0.6642466,0.0,0.0,0.0,2.536611,-0.3078519,-0.1144266,0.471175,-0.09370844,2.00556,0.9812974,-0.05492771,0.1844947,0.03290949,0.9921855,0.1203529,-0.1896637,-0.1120304,0.9754367,moving,13.606116390172955,0.18480231919993745,13.220988288083918,-2.6751610632225993,0.078897,-0.3435405,2.0319484,0.23524472812598024,0.0031348863732086826,0.9719311767936248,13.58285220278012,-0.2564637957793205,2.8104670252928514,2.8857779200445175,2.4456168882915503
05/05/2023 11:40:20.682180,1992,True,True,True,True,Eyes,2.554198,0.03286659,-2.25005,0.04408355,-0.1195803,0.9918453,0.0,0.0,0.0,0.0,0.0,0.0,0.0,-2.001901,0.1422774,2.561075,2.451418,0.03627953,-2.139203,0.05873268,-0.09550913,-0.0221572,0.9934474,6.457328,348.8372,356.813,0.7477214,0.009707511,-0.6639389,0.0,0.0,0.0,2.527881,-0.3105055,-0.1071114,0.4744845,-0.0958067,2.00529,0.9807741,-0.05524303,0.1871639,0.03280501,0.9921191,0.1209281,-0.1923693,-0.1124632,0.9748569,moving,13.619946686933913,0.16213416279554926,13.31228554060804,-2.7353393060411837,0.07646299999999995,-0.34678503,2.0320916,0.23547957131208846,0.0027501959081039917,0.9718753595898626,13.596945218056167,-0.27861126993242996,2.8362461413332203,2.9137618096837152,2.4731647287165583
05/05/2023 11:40:20.692451,1993,True,True,True,True,Eyes,2.549446,0.03293147,-2.244746,0.04137604,-0.1201123,0.9918977,0.0,0.0,0.0,0.0,0.0,0.0,0.0,-1.990811,0.1323262,2.5583,2.445139,0.03646978,-2.132065,0.05641284,-0.09667865,-0.02184473,0.9934756,6.192298,348.7143,356.8683,0.7479827,0.009702267,-0.6636437,0.0,0.0,0.0,2.520008,-0.3027633,-0.09807846,0.4775292,-0.0977374,2.005043,0.980352,-0.05431224,0.1896311,0.03249657,0.9926808,0.1163134,-0.1945604,-0.1078657,0.9749417,moving,13.602353810527244,-0.14841173354665116,13.396229859453655,-2.790718900883476,0.07486899999999963,-0.33923308,2.03398654,0.23518129607213678,-0.0025176173377767855,0.9719482538404152,13.588165564883672,-0.5806508707059725,2.5788968901064497,2.650334742964696,2.2183868041961454
05/05/2023 11:40:20.712472,1994,True,True,True,True,Eyes,2.544643,0.03295902,-2.239375,0.03866851,-0.1206132,0.9919462,0.0,0.0,0.0,0.0,0.0,0.0,0.0,-1.979918,0.1250106,2.555453,2.439148,0.03578041,-2.124928,0.05367699,-0.09787823,-0.0207006,0.9935342,5.889346,348.5942,357.0241,0.7482343,0.009701467,-0.6633595,0.0,0.0,0.0,2.512787,-0.2938261,-0.08872839,0.4806833,-0.0997375,2.004786,0.9799827,-0.05164111,0.1922684,0.03062588,0.9933805,0.1107121,-0.196713,-0.1026076,0.9750773,moving,13.582905661598666,-0.5193109093233446,13.48315774712551,-2.848099618786732,0.07363900000000001,-0.32960650999999996,2.03619961,0.23484300836279182,-0.008810083620850423,0.971993418302823,13.579204072925878,-0.9414009588545715,2.267131868434922,2.3309239583834334,1.909116202981591
05/05/2023 11:40:20.732468,1995,True,True,True,True,Eyes,2.53979,0.03295368,-2.233948,0.0357281,-0.1212762,0.9919756,0.0,0.0,0.0,0.0,0.0,0.0,0.0,-1.967854,0.1333395,2.552786,2.433135,0.03492171,-2.117918,0.05370273,-0.09936211,-0.01901292,0.9934193,5.90736,348.4324,357.2082,0.7484773,0.009703605,-0.6630846,0.0,0.0,0.0,2.504582,-0.295965,-0.08123755,0.4839302,-0.1017961,2.004522,0.9795313,-0.04844764,0.1953744,0.02710357,0.9935091,0.110477,-0.1994586,-0.1029203,0.9744864,moving,13.573378984424163,-0.5853141765385788,13.572596808135781,-2.907167281803641,0.07144700000000004,-0.33088671,2.03668045,0.2346789199807091,-0.009930193526975405,0.9720222222689228,13.571696289055033,-1.0055579228350486,2.2571459569430914,2.321853237013218,1.9016095721918198
05/05/2023 11:40:20.742490,1996,True,True,True,True,Eyes,2.534906,0.03295176,-2.228475,0.03278229,-0.1222302,0.9919602,0.0,0.0,0.0,0.0,0.0,0.0,0.0,-1.955564,0.1480857,2.550249,2.427357,0.03416768,-2.11109,0.05521418,-0.100952,-0.01742148,0.9932052,6.094035,348.2521,357.3626,0.748713,0.009707449,-0.662818,0.0,0.0,0.0,2.496059,-0.3040279,-0.07490514,0.487137,-0.1038296,2.004261,0.9790104,-0.04575417,0.1986082,0.02345826,0.9932958,0.1131955,-0.2024559,-0.1061606,0.9735202,moving,13.574319882395272,-0.4925445957960519,13.660889968534104,-2.965524274573071,0.0687019999999996,-0.33819558,2.03618486,0.23469825218804724,-0.008356305942044256,0.9720323252261742,13.570113054092413,-0.9153008211094278,2.404545380291778,2.474494467857662,2.0522321158504324
05/05/2023 11:40:20.762557,1997,True,True,True,True,Eyes,2.529962,0.03297665,-2.22295,0.02967203,-0.123408,0.9919122,0.0,0.0,0.0,0.0,0.0,0.0,0.0,-1.943415,0.1731505,2.547145,2.421741,0.03431963,-2.104467,0.0593273,-0.1025709,-0.01603285,0.9928256,6.575612,348.0573,357.4611,0.7489424,0.009712953,-0.6625584,0.0,0.0,0.0,2.487423,-0.3217793,-0.0706265,0.4902996,-0.1058351,2.004004,0.9784443,-0.04400616,0.2017677,0.01966514,0.9924464,0.1210923,-0.2055724,-0.1145143,0.971919,moving,13.568003575453865,-0.10487872802827677,13.747921280884038,-3.0230859724804326,0.06568200000000024,-0.35609893,2.0338405,0.23459889405499096,-0.0017793933769209291,0.9720905148207887,13.553506950032457,-0.5380661499736831,2.8403774866688036,2.9237482624706774,2.492613177027664
05/05/2023 11:40:20.782755,1998,True,True,True,True,Eyes,2.524986,0.0329906,-2.217366,0.02655783,-0.1246603,0.991844,0.0,0.0,0.0,0.0,0.0,0.0,0.0,-1.931484,0.1874083,2.544087,2.416032,0.03497697,-2.097546,0.06188721,-0.1041134,-0.01530434,0.9925202,6.872585,347.8734,357.5023,0.7491663,0.009720779,-0.6623049,0.0,0.0,0.0,2.478875,-0.33318,-0.06512567,0.4935691,-0.1079082,2.003738,0.9778523,-0.04326629,0.2047749,0.01749315,0.9918715,0.1260354,-0.2085635,-0.1196618,0.9706607,moving,13.560291685994532,0.1075631789122131,13.83785192941285,-3.0825975349876176,0.06284299999999998,-0.36815697,2.03242033,0.23446806098279632,0.0018249977544032916,0.97212212547013,13.540263257944348,-0.33131237878002356,3.1102581616379994,3.2022125271812163,2.767332475174357
05/05/2023 11:40:20.792498,1999,True,True,True,True,Eyes,2.519989,0.03297849,-2.211745,0.02407978,-0.1263583,0.9916924,0.0,0.0,0.0,0.0,0.0,0.0,0.0,-1.919081,0.1968482,2.541566,2.410319,0.03475515,-2.090535,0.06346606,-0.1057481,-0.01482228,0.992255,7.054543,347.681,357.5261,0.7493855,0.009730401,-0.6620564,0.0,0.0,0.0,2.469685,-0.3415158,-0.05888433,0.4966659,-0.1098718,2.003486,0.9771953,-0.04283778,0.2079767,0.01599213,0.9915047,0.1290839,-0.2117395,-0.1228141,0.9695789,moving,13.603033849776338,0.18343359634292478,13.92299056627552,-3.1389742411322703,0.05936600000000025,-0.37627095,2.03165067,0.2351924485632111,0.0031117086036802633,0.9719438777058612,13.579884175535986,-0.25777509985377567,3.241033338233394,3.3377786234185067,2.9015565627900908
05/05/2023 11:40:20.812568,2000,True,True,True,True,Eyes,2.514955,0.03295331,-2.20608,0.02155094,-0.128311,0.9914998,0.0,0.0,0.0,0.0,0.0,0.0,0.0,-1.906384,0.220756,2.53848,2.404729,0.03424983,-2.083992,0.06792733,-0.1074947,-0.01416854,0.9917812,7.567379,347.4649,357.5308,0.7496011,0.009740884,-0.6618121,0.0,0.0,0.0,2.460415,-0.3617792,-0.05534164,0.4999398,-0.1119477,2.00322,0.9764882,-0.04270785,0.2112976,0.01350053,0.9903703,0.1377842,-0.2151474,-0.131692,0.9676616,moving,13.652761331722294,0.579517286820753,14.012950454862251,-3.1985833275513453,0.05568599999999968,-0.39602903,2.02865036,0.23602565243522244,0.009828550881748749,0.9716971236532587,13.617683730602177,0.1272783286421914,3.6843630887902172,3.795231278426541,3.349267313823384
05/05/2023 11:40:20.832652,2001,True,True,True,True,Eyes,2.509901,0.03291632,-2.200378,0.01951354,-0.1306475,0.9912369,0.0,0.0,0.0,0.0,0.0,0.0,0.0,-1.892463,0.242971,2.535736,2.398835,0.03397806,-2.077221,0.07206006,-0.1094262,-0.0134863,0.9912878,8.042811,347.2285,357.5395,0.7498136,0.009751777,-0.661571,0.0,0.0,0.0,2.450061,-0.380398,-0.05147347,0.5031351,-0.1139736,2.00296,0.975688,-0.04250814,0.2150021,0.01096709,0.9892509,0.145816,-0.2188894,-0.139913,0.9656664,moving,13.753146773373647,0.9148645856543243,14.10070827821374,-3.256765914638492,0.05122599999999977,-0.41437606,2.0257475300000003,0.2377106626492832,0.015509051929897273,0.971212257744035,13.706502666170943,0.45290026874236206,4.062360221522971,4.186084092635981,3.730552406371677
05/05/2023 11:40:20.842951,2002,True,True,True,True,Eyes,2.504808,0.03285721,-2.194634,0.01732895,-0.1330653,0.9909557,0.0,0.0,0.0,0.0,0.0,0.0,0.0,-1.875784,0.2604645,2.535484,2.392993,0.03373924,-2.070636,0.07506911,-0.1118803,-0.01271563,0.9908006,8.390083,346.9365,357.5671,0.7500235,0.009762703,-0.6613327,0.0,0.0,0.0,2.437708,-0.3944125,-0.04694059,0.5063545,-0.1160153,2.002698,0.9746422,-0.04199481,0.2197931,0.008399779,0.9884059,0.1516023,-0.2236113,-0.1459118,0.9636949,moving,13.905749786404328,1.1129387559325623,14.189083039586881,-3.3154107013262237,0.04471500000000006,-0.42815174,2.0236954099999998,0.24028271992468575,0.01885417964609571,0.9705197578360525,13.84992423373551,0.6446113381499852,4.304136984267375,4.437404269160428,3.974519247496965
05/05/2023 11:40:20.862589,2003,True,True,True,True,Eyes,2.499675,0.03275971,-2.188862,0.01536827,-0.1355996,0.9906446,0.0,0.0,0.0,0.0,0.0,0.0,0.0,-1.856405,0.2754565,2.536989,2.387037,0.03318812,-2.063827,0.0773604,-0.1148391,-0.01184683,0.9902965,8.655817,346.5896,357.6097,0.7502316,0.009773017,-0.6610964,0.0,0.0,0.0,2.423186,-0.405766,-0.04161892,0.5095277,-0.118027,2.00244,0.9733433,-0.04123173,0.2256165,0.005695757,0.9877501,0.1559404,-0.2292824,-0.1504985,0.9616547,moving,14.129086602497063,1.2189926679538174,14.276143142688369,-3.373201736619194,0.03614899999999999,-0.43895412,2.02220808,0.24405540814557508,0.020630539142823118,0.9695419007766944,14.064778695411395,0.74631907761547,4.453814717484565,4.59454840821214,4.124939595737776
05/05/2023 11:40:20.882829,2004,True,True,True,True,Eyes,2.494512,0.0326251,-2.183055,0.01324074,-0.1382139,0.9903139,0.0,0.0,0.0,0.0,0.0,0.0,0.0,-1.835497,0.287474,2.540135,2.381275,0.03219993,-2.057297,0.07892757,-0.118114,-0.01101597,0.9897971,8.83806,346.2086,357.6537,0.7504379,0.009781641,-0.660862,0.0,0.0,0.0,2.407576,-0.4146983,-0.03600398,0.5127378,-0.1200627,2.002179,0.9718554,-0.04045205,0.2320789,0.003162237,0.9872982,0.1588468,-0.2355568,-0.1536423,0.959639,moving,14.379552918458891,1.2358002324284894,14.364169989658926,-3.431690261783639,0.02630100000000013,-0.44689823,2.0212930200000003,0.2482900138673025,0.02089175282683753,0.968460439852741,14.308484984885535,0.7610116183360085,4.521777447951207,4.667515843364545,4.19307165158377
05/05/2023 11:40:20.892654,2005,True,True,True,True,Eyes,2.489343,0.03244919,-2.17721,0.01113896,-0.140861,0.9899668,0.0,0.0,0.0,0.0,0.0,0.0,0.0,-1.815039,0.3037142,2.542056,2.375446,0.03121523,-2.050595,0.08130945,-0.1213043,-0.01004755,0.9892286,9.115759,345.8347,357.7012,0.7506428,0.009787635,-0.6606292,0.0,0.0,0.0,2.392342,-0.426826,-0.03102089,0.5159247,-0.1220835,2.00192,0.9703686,-0.03960503,0.2383614,0.0001522823,0.9865757,0.1633049,-0.2416292,-0.1584296,0.957348,moving,14.620915334717035,1.3441261981994066,14.45151407781906,-3.489758533071367,0.016896000000000022,-0.45804122999999997,2.0195741099999998,0.25235758327700886,0.022698060881673372,0.9673678778251432,14.540849903744656,0.8648104944563966,4.683276518253977,4.836852114862655,4.355485312258314
05/05/2023 11:40:20.912603,2006,True,True,True,True,Eyes,2.484145,0.03224462,-2.171335,0.008864546,-0.1435637,0.9896014,0.0,0.0,0.0,0.0,0.0,0.0,0.0,-1.794336,0.3182267,2.544143,2.369604,0.03008533,-2.04393,0.08333081,-0.1245351,-0.009117067,0.9886678,9.352162,345.4571,357.7474,0.750847,0.009790014,-0.660397,0.0,0.0,0.0,2.376902,-0.4376693,-0.02584649,0.5190928,-0.1240925,2.001662,0.9688157,-0.03878272,0.2447281,-0.002727713,0.9859457,0.1670437,-0.2477671,-0.1625022,0.955094,moving,14.857238888277744,1.4071569375800734,14.538300989307968,-3.5474964127515176,0.007298000000000027,-0.46775463,2.01808351,0.25633925552850645,0.023736525510965806,0.9662954053741507,14.769523696618629,0.924571243517484,4.804899722288667,4.9649079755168986,4.478041208231942
05/05/2023 11:40:20.932485,2007,True,True,True,True,Eyes,2.478909,0.03200873,-2.165434,0.006593179,-0.1462669,0.9892232,0.0,0.0,0.0,0.0,0.0,0.0,0.0,-1.773126,0.3325616,2.546401,2.363746,0.02922784,-2.037297,0.0854433,-0.1278618,-0.008260576,0.9880702,9.59807,345.0669,357.7812,0.7510507,0.00978827,-0.6601652,0.0,0.0,0.0,2.361128,-0.4487211,-0.02088421,0.5223598,-0.1261638,2.001396,0.9671662,-0.03817393,0.2512612,-0.005525809,0.9852624,0.1709604,-0.2540845,-0.1667355,0.9527016,moving,15.105367303919842,1.4820227980265488,14.627748838849842,-3.6070327980858172,-0.002618000000000009,-0.47794894,2.01641279,0.2605136974074699,0.024970237790273235,0.9651471992141726,15.00938609781328,0.9957690956584087,4.944350786500517,5.111419201992575,4.618596352841906
05/05/2023 11:40:20.942667,2008,True,True,True,True,Eyes,2.473646,0.03173438,-2.159506,0.004163718,-0.1490128,0.9888265,0.0,0.0,0.0,0.0,0.0,0.0,0.0,-1.751598,0.3466981,2.548731,2.357949,0.02826092,-2.030666,0.0874029,-0.1312556,-0.007298894,0.9874613,9.828398,344.6701,357.8271,0.7512541,0.009781858,-0.6599338,0.0,0.0,0.0,2.345148,-0.4591824,-0.01586524,0.5255575,-0.1281915,2.001136,0.9654374,-0.03735899,0.2579438,-0.008529494,0.984615,0.17453,-0.2604955,-0.1706979,0.9502653,moving,15.351301586001814,1.5345005432548875,14.715249265194887,-3.6653230104725356,-0.012801000000000062,-0.48744332,2.01480076,0.2646483018611822,0.02582408404205168,0.9639991655696883,15.247713048150144,1.045198214519027,5.065243373833332,5.238580680365853,4.74051979125233
05/05/2023 11:40:20.962714,2009,True,True,True,True,Eyes,2.46836,0.03142694,-2.153561,0.001651716,-0.1517671,0.9884149,0.0,0.0,0.0,0.0,0.0,0.0,0.0,-1.730856,0.3605652,2.550269,2.352082,0.02709687,-2.024034,0.08937404,-0.1344916,-0.006431061,0.9868551,10.05937,344.2906,357.862,0.7514572,0.009770062,-0.6597027,0.0,0.0,0.0,2.329691,-0.4699278,-0.01095546,0.5287299,-0.130203,2.000878,0.9637413,-0.03673317,0.2642979,-0.01134706,0.9839419,0.1781283,-0.266597,-0.1746686,0.9478486,moving,15.574939566689423,1.5892189931071357,14.80201093957741,-3.723155124639159,-0.022390999999999828,-0.49702467,2.01307854,0.2684026832392834,0.026715914978048004,0.962936267292391,15.464244747447255,1.0969553605025961,5.188656603989424,5.368308619063362,4.86538988214298
05/05/2023 11:40:20.982592,2010,True,True,True,True,Eyes,2.463043,0.03110444,-2.147593,-0.001053667,-0.1545897,0.9879782,0.0,0.0,0.0,0.0,0.0,0.0,0.0,-1.709303,0.3798544,2.55152,2.346199,0.0260402,-2.017655,0.09246124,-0.1378776,-0.005477841,0.986109,10.41887,343.8882,357.8848,0.7516602,0.009752388,-0.6594716,0.0,0.0,0.0,2.313805,-0.4850517,-0.007512966,0.5319632,-0.1322533,2.000615,0.9619195,-0.03630017,0.2709117,-0.01469318,0.9828418,0.1838643,-0.2729377,-0.1808432,0.9448814,moving,15.805540266348883,1.7706807775065139,14.890390104642771,-3.7821103410143917,-0.032394000000000034,-0.5110918999999999,2.010142034,0.2722528743012703,0.029732092800321602,0.961766283630221,15.684147694422553,1.271985602282772,5.436725095503078,5.627698377169424,5.116047000896869
05/05/2023 11:40:20.992697,2011,True,True,True,True,Eyes,2.457667,0.03075776,-2.14161,-0.00390141,-0.1572976,0.9875436,0.0,0.0,0.0,0.0,0.0,0.0,0.0,-1.685383,0.3950584,2.554394,2.340173,0.02539404,-2.011084,0.09476607,-0.1416908,-0.004560337,0.9853539,10.68818,343.4387,357.9097,0.7518631,0.009728943,-0.6592406,0.0,0.0,0.0,2.295862,-0.4965984,-0.003263391,0.5350896,-0.1342356,2.00036,0.9598058,-0.03584205,0.2783668,-0.01786787,0.9819971,0.1880486,-0.2800955,-0.1854639,0.9418862,moving,16.07696816784742,1.8672034660212025,14.97580542338497,-3.83911875191605,-0.04431099999999999,-0.52199244,2.007820609,0.2767926595663451,0.031310050370457296,0.9604195032498544,15.946139154101115,1.3641006977342138,5.612292210753873,5.811598114522063,5.292923595725174
05/05/2023 11:40:21.012715,2012,True,True,True,True,Eyes,2.452257,0.03038085,-2.135608,-0.007002211,-0.1600504,0.987084,0.0,0.0,0.0,0.0,0.0,0.0,0.0,-1.659553,0.4065418,2.558775,2.334115,0.02446549,-2.004503,0.09611151,-0.1458484,-0.003556822,0.9846209,10.84946,342.9543,357.9554,0.7520655,0.009699539,-0.6590102,0.0,0.0,0.0,2.276518,-0.5046048,0.001855575,0.5382698,-0.1362524,2.000102,0.9574311,-0.03503965,0.286527,-0.02103117,0.9814999,0.1903043,-0.2878944,-0.1882293,0.9389817,moving,16.37153623701494,1.8457475035900128,15.062633095116803,-3.8971236481074154,-0.05759700000000034,-0.5290702899999999,2.006358575,0.28173021383557906,0.030904138764690073,0.9589958317815672,16.23386799347371,1.341270970730461,5.687084353470474,5.8901440135084435,5.367734100139344
05/05/2023 11:40:21.032673,2013,True,True,True,True,Eyes,2.446805,0.02997197,-2.129591,-0.01043751,-0.1627147,0.9866179,0.0,0.0,0.0,0.0,0.0,0.0,0.0,-1.630315,0.4223793,2.564281,2.327943,0.02339883,-1.998001,0.09809272,-0.1506201,-0.002276292,0.9837105,11.08727,342.3967,358.0129,0.7522672,0.009663815,-0.6587804,0.0,0.0,0.0,2.254908,-0.515296,0.006059399,0.5415846,-0.1383541,1.999832,0.9546168,-0.03402789,0.2958865,-0.02507104,0.9807453,0.1936754,-0.2967797,-0.192304,0.9353828,moving,16.71702552079371,1.9004908063145423,15.153091994046383,-3.957579996027185,-0.07303499999999996,-0.53869483,2.004060399,0.2874999675979365,0.03176358643497322,0.9572537485011348,16.569181980557122,1.392244247344553,5.853182493673998,6.063240189975405,5.5340699566290255
05/05/2023 11:40:21.052573,2014,True,True,True,True,Eyes,2.441316,0.02952466,-2.123564,-0.01423755,-0.16543,0.9861188,0.0,0.0,0.0,0.0,0.0,0.0,0.0,-1.597372,0.4412142,2.571012,2.321618,0.02226996,-1.991473,0.1002886,-0.1560344,-0.0005419076,0.9826471,11.35734,341.7666,358.1084,0.7524683,0.009621381,-0.6585514,0.0,0.0,0.0,2.230784,-0.5267274,0.009824807,0.5448437,-0.1404203,1.999567,0.9513059,-0.03236194,0.3065448,-0.03023193,0.9798838,0.1972657,-0.3067622,-0.1969274,0.931191,moving,17.11303578246125,1.9699835930499752,15.241975945713161,-4.017021600388375,-0.09083400000000008,-0.54899736,2.0012978070000003,0.2940989213166767,0.03285565159467849,0.955210139750463,16.9533472272822,1.4572335123064835,6.054980316217054,6.272566946549838,5.735526192272602
05/05/2023 11:40:21.072368,2015,True,True,True,True,Eyes,2.435767,0.02903206,-2.11752,-0.01856348,-0.1681524,0.9855862,0.0,0.0,0.0,0.0,0.0,0.0,0.0,-1.557699,0.4624276,2.580981,2.315274,0.02094504,-1.985145,0.102316,-0.1626408,0.001853087,0.9813644,11.62009,341.0034,358.2657,0.7526684,0.00957168,-0.6583233,0.0,0.0,0.0,2.202044,-0.5374227,0.01315545,0.5479687,-0.1424018,1.999313,0.9470891,-0.02964439,0.3195989,-0.03691861,0.979056,0.2002158,-0.3188405,-0.2014213,0.9261588,moving,17.611696866502285,2.0071590010462894,15.327153541718806,-4.074032895045784,-0.11323000000000016,-0.55836774,1.99830045,0.30239581974435614,0.03338461287826215,0.9525976201261569,17.438449497309488,1.4900977528536405,6.273009844122392,6.496155253679569,5.951228484858167
05/05/2023 11:40:21.082728,2016,True,True,True,True,Eyes,2.430184,0.02849876,-2.11146,-0.02328379,-0.1710031,0.9849954,0.0,0.0,0.0,0.0,0.0,0.0,0.0,-1.512668,0.4895184,2.592005,2.308988,0.01942075,-1.978504,0.1050008,-0.1702038,0.004904778,0.9797865,11.97158,340.1299,358.4693,0.7528673,0.009513992,-0.6580967,0.0,0.0,0.0,2.170142,-0.5509243,0.01557619,0.5512422,-0.1444778,1.999046,0.9420133,-0.02613181,0.3345567,-0.04535435,0.9779015,0.2040872,-0.3324966,-0.2074264,0.920011,moving,18.19557543643852,2.102594266147644,15.416334408723843,-4.133771818542042,-0.13884600000000002,-0.57034505,1.99408019,0.3120718240295517,0.034856658230888155,0.9494189397370256,18.005053094780028,1.5790828014647158,6.596358895418838,6.827623498143428,6.272015014719672
05/05/2023 11:40:21.092802,2017,True,True,True,True,Eyes,2.424562,0.02793312,-2.10538,-0.02845559,-0.1739264,0.9843475,0.0,0.0,0.0,0.0,0.0,0.0,0.0,-1.464643,0.5189632,2.60313,2.30274,0.01795951,-1.971764,0.1081343,-0.1782786,0.00806943,0.9779871,12.37945,339.1929,358.6641,0.753065,0.009447798,-0.6578714,0.0,0.0,0.0,2.136674,-0.5664575,0.01701395,0.5547945,-0.1467298,1.998758,0.9363033,-0.02277245,0.3504535,-0.05433964,0.9764837,0.2086306,-0.3469631,-0.214385,0.9130474,moving,18.814627074830792,2.244549660637846,15.513038217701759,-4.198579749409567,-0.16606599999999982,-0.5844170099999999,1.98877795,0.322285645062772,0.03707502985567364,0.9459162326142477,18.604690197540084,1.7130979549859666,6.99760868594701,7.239779387255976,6.671300116550407
05/05/2023 11:40:21.112451,2018,True,True,True,True,Eyes,2.418904,0.02735198,-2.099278,-0.03411386,-0.1769516,0.9836282,0.0,0.0,0.0,0.0,0.0,0.0,0.0,-1.414106,0.5488505,2.614241,2.296441,0.01667045,-1.965011,0.1112467,-0.1867293,0.01146351,0.9760252,12.79364,338.2123,358.8737,0.7532614,0.009372879,-0.6576476,0.0,0.0,0.0,2.100923,-0.5812408,0.0177062,0.5573966,-0.1483797,1.998546,0.9300016,-0.01916868,0.3670555,-0.06392339,0.9749855,0.212878,-0.3619544,-0.2214403,0.9055128,moving,19.448900386549308,2.3731376418265735,15.583842792779311,-4.246067629399971,-0.1955180000000003,-0.59791125,1.9827172,0.33271209196045787,0.039048191534683,0.942219699763843,19.219525970703785,1.8340058840926927,7.414038449850075,7.665021110590133,7.084171518231192
05/05/2023 11:40:21.132650,2019,True,True,True,True,Eyes,2.413169,0.02676657,-2.093156,-0.04025407,-0.179915,0.9828582,0.0,0.0,0.0,0.0,0.0,0.0,0.0,-1.358781,0.5766187,2.626827,2.290015,0.01578274,-1.958208,0.113809,-0.1959485,0.01510195,0.9738705,13.15516,337.1443,359.1064,0.7534567,0.009289556,-0.6574251,0.0,0.0,0.0,2.062701,-0.5939947,0.01830113,0.5606489,-0.1504422,1.998281,0.9227523,-0.01518672,0.3850944,-0.07401609,0.9736388,0.2157521,-0.3782194,-0.2275889,0.8973033,moving,20.14240328877693,2.4331107586779805,15.672292367726133,-4.305436984630217,-0.2273139999999998,-0.60977744,1.97650913,0.34408093003991064,0.039860850093685514,0.9380935267320007,19.893949262701373,1.8877598525925587,7.82979703619125,8.086403238482584,7.495203399740275
05/05/2023 11:40:21.142431,2020,True,True,True,True,Eyes,2.407412,0.02616248,-2.086992,-0.04692941,-0.1828323,0.9820234,0.0,0.0,0.0,0.0,0.0,0.0,0.0,-1.299445,0.5984386,2.641048,2.283685,0.01511521,-1.950993,0.1153304,-0.2058865,0.01856315,0.9715787,13.40006,335.992,359.3274,0.7536502,0.009198472,-0.6572044,0.0,0.0,0.0,2.02128,-0.6026652,0.01947434,0.5638373,-0.1524638,1.998022,0.9145324,-0.01141881,0.4043516,-0.08356103,0.9727086,0.2164612,-0.395788,-0.2317488,0.8886193,moving,20.88653220449916,2.3705894502520355,15.758946608569762,-4.363633699469581,-0.2624050000000002,-0.6177804100000001,1.97046734,0.35625202088859154,0.03864897071754494,0.9335902378822665,20.621025372098334,1.8219929503093883,8.210445094507852,8.464153559206567,7.867768867551418
05/05/2023 11:40:21.162896,2021,True,True,True,True,Eyes,2.40209,0.02551852,-2.08059,-0.0515267,-0.1870495,0.9809982,0.0,0.0,0.0,0.0,0.0,0.0,0.0,-1.238766,0.6143104,2.655738,2.277483,0.01409822,-1.943639,0.1158502,-0.2160624,0.02168217,0.9692398,13.5293,334.8101,359.5267,0.7538427,0.009099743,-0.656985,0.0,0.0,0.0,1.978641,-0.6080534,0.02108231,0.5670958,-0.1545301,1.997757,0.9056939,-0.008031287,0.4238563,-0.09209219,0.9722173,0.2152038,-0.4138088,-0.2339426,0.8797915,moving,21.76814557421853,2.098342731285107,15.847455151067548,-4.423124084083281,-0.29884200000000005,-0.62215162,1.9647213099999998,0.3706370673655114,0.034007015435516874,0.9281549826738216,21.48777670853127,1.5512548047812915,8.573305538438175,8.808183950777984,8.216229693679498
05/05/2023 11:40:21.182632,2022,True,True,True,True,Eyes,2.396722,0.02482821,-2.074162,-0.05669949,-0.1912561,0.9799011,0.0,0.0,0.0,0.0,0.0,0.0,0.0,-1.179236,0.6316462,2.668114,2.271279,0.01263221,-1.936372,0.1167653,-0.2259729,0.0247038,0.9667947,13.70605,333.6529,359.7049,0.7540439,0.008992748,-0.6567555,0.0,0.0,0.0,1.937043,-0.6155652,0.02151456,0.5702224,-0.1565126,1.997503,0.8966519,-0.005004566,0.442708,-0.1005386,0.9715112,0.2146113,-0.4311697,-0.2369409,0.8706042,moving,22.588030500955064,1.873716754196443,15.93232805418675,-4.480207091397781,-0.33423599999999976,-0.6281974100000001,1.95788656,0.3839273355217604,0.030190929333677646,0.9228695479642886,22.29307045689376,1.3272602403117215,8.98345641418765,9.201669592825459,8.613113300222402
05/05/2023 11:40:21.192948,2023,True,True,True,True,Eyes,2.39125,0.0241456,-2.067743,-0.06248245,-0.195615,0.9786882,0.0,0.0,0.0,0.0,0.0,0.0,0.0,-1.118003,0.6531928,2.678842,2.264984,0.01084352,-1.929383,0.1184453,-0.2360715,0.02789427,0.9640867,13.97822,332.4665,359.8737,0.7542529,0.00887677,-0.656517,0.0,0.0,0.0,1.895079,-0.6266727,0.0198927,0.5734285,-0.1585455,1.997242,0.8869843,-0.002138143,0.4617946,-0.1097081,0.9703853,0.2152129,-0.4485789,-0.2415531,0.8604819,moving,23.397142167682617,1.7268797970010974,16.019311048509284,-4.5387483359764325,-0.36990500000000015,-0.63751622,1.9492757,0.39695016188998733,0.02765927224588756,0.9174232454197917,23.08576556181974,1.1790246096094155,9.472696952844032,9.67938468725166,9.089978374339468
05/05/2023 11:40:21.212643,2024,True,True,True,True,Eyes,2.25307,0.01129611,-1.906232,-0.2217035,-0.3075692,0.9253371,0.0,0.0,0.0,0.0,0.0,0.0,0.0,-1.050931,0.687601,2.686959,2.258521,0.01044387,-1.922492,0.122645,-0.2470103,0.03181233,0.9606937,14.55826,331.1653,0.03165003,0.7544674,0.008752864,-0.6562719,0.0,0.0,0.0,1.850994,-0.6466505,0.0135849,0.5766515,-0.1605892,1.996979,0.8759478,0.0005346679,0.4824056,-0.1217129,0.9678923,0.2199325,-0.4667992,-0.2513644,0.8478883,moving,14.631040761551239,-3.981786757504124,16.10670384656848,-4.597607843390374,-0.407527,-0.65709437,1.9360769,0.2520226444918134,-0.06719795384485891,0.9653854282097474,14.69427093420896,-4.317286091906833,1.576464645158565,1.599005050118579,1.4399816027544212
05/05/2023 11:40:21.232386,2025,True,True,True,True,Eyes,2.252796,0.01132852,-1.905892,-0.2226952,-0.3073101,0.925185,0.0,0.0,0.0,0.0,0.0,0.0,0.0,-0.9794694,0.7190751,2.69485,2.251888,0.01396603,-1.915058,0.1277394,-0.2587739,0.03482197,0.956821,15.21664,329.7368,0.03120581,0.7556064,0.008132908,-0.6549689,-0.4145408,-0.03854846,0.4845307,1.803264,-0.666733,0.004567294,0.5798666,-0.162628,1.996718,0.863647,0.0005255479,0.5040968,-0.132748,0.9649401,0.2264254,-0.4863043,-0.2624695,0.8334374,moving,15.92297891155294,-3.426832734432189,16.193818291429523,-4.656328806817627,-0.44862400000000013,-0.68069903,1.919625294,0.27389118661252726,-0.057488148775332246,0.9600409702384671,15.938718902135841,-3.7858919894117484,1.2073293789230617,1.2589736143792492,0.9070479323132181
05/05/2023 11:40:21.242602,2026,True,True,True,True,Eyes,2.25228,0.01128783,-1.905323,-0.2244358,-0.3073381,0.924755,0.0,0.0,0.0,0.0,0.0,0.0,0.0,-0.9146098,0.6954998,2.712074,2.244858,0.01472884,-1.906823,0.1234412,-0.2698333,0.03407126,0.954354,14.71436,328.4125,359.9061,0.7565503,0.007619645,-0.653885,-0.3896683,-0.03623556,0.4554588,1.751823,-0.65251,0.00747962,0.5829943,-0.1646111,1.996464,0.8520583,-0.001585045,0.5234445,-0.1316492,0.9672028,0.2172261,-0.5066214,-0.2540004,0.8239045,moving,17.095777566637853,-4.008547868498284,16.27851340597904,-4.713451144381504,-0.4930349999999999,-0.66723884,1.91430262,0.29331266076509566,-0.06683062128128106,0.9536777742782456,17.09766434296795,-4.359669010369016,1.0700764487896701,1.079263330539979,0.8922836185407846
05/05/2023 11:40:21.262747,2027,True,True,True,True,Eyes,2.251512,0.01132153,-1.904499,-0.2270412,-0.3079392,0.9239187,0.0,0.0,0.0,0.0,0.0,0.0,0.0,-0.8470571,0.7241968,2.717194,2.238734,0.01306772,-1.900791,0.1265594,-0.2806834,0.03773645,0.9506712,15.17788,327.1074,0.04177497,0.7573359,0.007191389,-0.6529804,-0.3662882,-0.03406142,0.4281313,1.708432,-0.6699859,-0.00120255,0.5861928,-0.1666395,1.996203,0.8395856,0.0007036752,0.543227,-0.1427961,0.9651174,0.2194487,-0.5241234,-0.2618167,0.8103992,moving,18.15932008322433,-3.7418802910080733,16.36508212333706,-4.77188649926787,-0.530302,-0.68305362,1.89958845,0.31106030995662637,-0.062024094716516806,0.9483641267192966,18.127238174229262,-4.10725848563026,2.0616358568825772,2.068865062239235,1.883327996979781
05/05/2023 11:40:21.282453,2028,True,True,True,True,Eyes,2.250476,0.01143833,-1.903406,-0.2304697,-0.3082952,0.9229506,0.0,0.0,0.0,0.0,0.0,0.0,0.0,-0.7741786,0.7751361,2.714498,2.232014,0.01498313,-1.893825,0.1337883,-0.2920792,0.04354474,0.9459887,16.17437,325.7191,0.2524744,0.7579928,0.006835309,-0.6522219,-0.3443109,-0.03201773,0.4024434,1.66598,-0.7005118,-0.01571324,0.5894026,-0.1686746,1.995942,0.8255872,0.004232074,0.5642586,-0.1605392,0.9604091,0.2276874,-0.5409555,-0.2785615,0.7935808,moving,19.24451626194233,-2.971276725524307,16.451895062672882,-4.83051815168826,-0.5660339999999999,-0.71549493,1.8781117600000001,0.32920524022393405,-0.048945937469688616,0.9429889861582714,19.164337701289924,-3.3646697751032875,3.332749868869045,3.3549235227309278,3.0831893439950417
05/05/2023 11:40:21.293544,2029,True,True,True,True,Eyes,2.24919,0.01159161,-1.902103,-0.2347837,-0.308569,0.921771,0.0,0.0,0.0,0.0,0.0,0.0,0.0,-0.7024709,0.7604855,2.726976,2.224797,0.01703658,-1.886316,0.1301049,-0.3037777,0.04535955,0.9427271,15.83483,324.3323,0.3857727,0.7585485,0.00653982,-0.651579,-0.3236523,-0.03009667,0.3782968,1.614202,-0.6879054,-0.01727718,0.5926132,-0.1707105,1.995681,0.8113233,0.006477463,0.5845619,-0.1645692,0.9620305,0.2177483,-0.5609559,-0.2728652,0.7815837,moving,20.29916618616916,-3.514100882581194,16.538674169436774,-4.8891777981029465,-0.6105950000000002,-0.70494198,1.86903882,0.3463480116602447,-0.05750044895859842,0.9363422147784671,20.207061284432264,-3.8998229904366775,4.001028239090473,4.0040150763338564,3.799458772103902
05/05/2023 11:40:21.312534,2030,True,True,True,True,Eyes,2.247648,0.01182651,-1.900563,-0.2397334,-0.3089207,0.9203781,0.0,0.0,0.0,0.0,0.0,0.0,0.0,-0.632039,0.7670076,2.7324,2.21812,0.01805649,-1.879734,0.1299758,-0.3150385,0.04828769,0.9388959,15.93177,322.9757,0.5231265,0.7590513,0.006279504,-0.6509961,-0.3042331,-0.02829087,0.355599,1.567246,-0.6905061,-0.02479999,0.5957575,-0.1727044,1.995426,0.796838,0.008779443,0.6041292,-0.172569,0.9615492,0.2136425,-0.5790243,-0.2744925,0.767714,moving,21.27959332435506,-3.6317256510237215,16.623602841008744,-4.946630708918251,-0.650874,-0.70856259,1.85493401,0.3622862927239272,-0.059040034922140675,0.9301950684154401,21.165970592067676,-4.02077169146116,4.838124628825407,4.838101145313941,4.635765277283438
05/05/2023 11:40:21.332685,2031,True,True,True,True,Eyes,2.245824,0.01212691,-1.89884,-0.2454323,-0.3089691,0.9188585,0.0,0.0,0.0,0.0,0.0,0.0,0.0,-0.5638405,0.7732974,2.734521,2.210612,0.02025494,-1.87251,0.1301681,-0.3258361,0.05128802,0.935017,16.0718,321.6683,0.6608757,0.7595075,0.006053403,-0.6504663,-0.2859792,-0.02659342,0.3342631,1.521818,-0.6933834,-0.0323137,0.5990252,-0.1747761,1.99516,0.7824007,0.01108337,0.6226767,-0.1807373,0.9608516,0.2099959,-0.5959725,-0.2768418,0.7537742,moving,22.17091723850608,-3.686350512173598,16.71181582504024,-5.006332986231186,-0.6887939999999999,-0.7136383399999999,1.8401963,0.3767008515251857,-0.05955830763656701,0.9244182701093797,22.03632233846108,-4.079831591159153,5.617457855214007,5.616417183073559,5.404514265549807
05/05/2023 11:40:21.342616,2032,True,True,True,True,Eyes,2.243766,0.01246111,-1.896945,-0.2516874,-0.3092334,0.9170759,0.0,0.0,0.0,0.0,0.0,0.0,0.0,-0.4970651,0.7578777,2.741109,2.203076,0.02208673,-1.86577,0.1270677,-0.3366217,0.05229311,0.9315606,15.78025,320.3631,0.7074041,0.7599205,0.005860561,-0.6499857,-0.2688204,-0.02499781,0.3142073,1.473346,-0.6834538,-0.03728099,0.6023238,-0.176868,1.994891,0.7679025,0.01188093,0.6404566,-0.1829759,0.9622385,0.2015365,-0.6138775,-0.2719484,0.7410793,moving,23.03370955981114,-4.153381973225853,16.800808008035055,-5.066623507296231,-0.7297299999999998,-0.7055405299999999,1.82848901,0.39040185047326775,-0.06667926725045815,0.9182267257170856,22.889976639032543,-4.539967412669085,6.299416252278369,6.299450123120583,6.111901607415792
05/05/2023 11:40:21.362505,2033,True,True,True,True,Eyes,2.241457,0.01282887,-1.894881,-0.2584833,-0.3096429,0.9150451,0.0,0.0,0.0,0.0,0.0,0.0,0.0,-0.430719,0.7690458,2.739086,2.195579,0.02327256,-1.859686,0.128915,-0.3471228,0.05403088,0.9273444,16.05786,319.0464,0.6386717,0.7602948,0.005698662,-0.6495497,-0.2526912,-0.02349794,0.2953548,1.42913,-0.6938249,-0.0498674,0.6054316,-0.1788382,1.994639,0.7531729,0.01071179,0.6577354,-0.1897091,0.9609231,0.2015865,-0.6298739,-0.2766079,0.7257735,moving,23.871635498655053,-4.014502597116442,16.884586784772065,-5.123407653379762,-0.7664489999999999,-0.71709746,1.8098186,0.4038580668004221,-0.06404571988441636,0.9125769472093966,23.703059463156187,-4.410396630572945,7.075345017102305,7.0744978729221675,6.855651273549054
05/05/2023 11:40:21.372413,2034,True,True,True,True,Eyes,2.238917,0.01318739,-1.892676,-0.2657768,-0.3101322,0.9127873,0.0,0.0,0.0,0.0,0.0,0.0,0.0,-0.3665482,0.7766576,2.735635,2.187659,0.02448458,-1.853323,0.1303675,-0.3572938,0.05534274,0.9231915,16.27546,317.7621,0.5386831,0.7606328,0.00556611,-0.6491553,-0.2375297,-0.02208807,0.2776335,1.385691,-0.7026377,-0.06196455,0.6087495,-0.1809421,1.994369,0.7385566,0.009024899,0.674131,-0.1953429,0.959883,0.2011611,-0.6452715,-0.2802556,0.7106909,moving,24.648767143926786,-3.919751922702064,16.973978404375742,-5.184052256474454,-0.801968,-0.72712228,1.7913584500000002,0.41624813412867634,-0.06215569515615127,0.9071240843073349,24.458068269871198,-4.323359226025025,7.7795897623352985,7.778228431379248,7.533418454292581
05/05/2023 11:40:21.392701,2035,True,True,True,True,Eyes,2.236149,0.01350946,-1.890357,-0.2735821,-0.3108728,0.9102257,0.0,0.0,0.0,0.0,0.0,0.0,0.0,-0.3024981,0.7789201,2.732692,2.17976,0.02463705,-1.847665,0.1306417,-0.3673984,0.05646923,0.9191097,16.3582,316.4906,0.4662268,0.7609378,0.00545952,-0.6487991,-0.2232779,-0.02076278,0.2609755,1.341657,-0.7076483,-0.07409891,0.611743,-0.1828404,1.994125,0.7236594,0.007807704,0.6901132,-0.1997979,0.959488,0.1986548,-0.6606042,-0.2816415,0.6959024,moving,25.378569091839605,-3.983758063968344,17.054580938969345,-5.238775576495741,-0.8381029999999998,-0.7322853500000001,1.7735660899999999,0.4277512820466,-0.06279701590049427,0.9017124062927291,25.17121820079495,-4.390475838709997,8.419029662814522,8.41806674515443,8.16084633387881
05/05/2023 11:40:21.412543,2036,True,True,True,True,Eyes,2.233147,0.01379498,-1.887911,-0.281819,-0.3117026,0.9074247,0.0,0.0,0.0,0.0,0.0,0.0,0.0,-0.2368844,0.7938085,2.725011,2.17189,0.0241421,-1.842348,0.1326436,-0.3775089,0.05904573,0.9145526,16.69038,315.2092,0.4697128,0.7612115,0.005374935,-0.6484775,-0.2098812,-0.01951702,0.245317,1.300207,-0.7207386,-0.0893084,0.6149379,-0.1848664,1.993865,0.7080013,0.007852582,0.7061675,-0.2081491,0.9578385,0.1980385,-0.6748393,-0.2871997,0.6797854,moving,26.079325045493402,-3.841106264668546,17.140548018439056,-5.297183277028529,-0.871683,-0.7448807,1.7530396000000001,0.4388179097355545,-0.060195379909525226,0.8965575297272992,25.85048344687855,-4.256324912355869,9.05837676954814,9.056594006872436,8.771907506517296
05/05/2023 11:40:21.432318,2037,True,True,True,True,Eyes,2.22991,0.01404313,-1.885362,-0.2905531,-0.3126022,0.9043554,0.0,0.0,0.0,0.0,0.0,0.0,0.0,-0.1708872,0.7999983,2.717662,2.163466,0.02356474,-1.836775,0.1329696,-0.3876528,0.06164689,0.9100792,16.84724,313.9372,0.54568,0.7614564,0.005309183,-0.6481898,-0.1972884,-0.01834599,0.230598,1.257386,-0.7274588,-0.1028562,0.6181443,-0.1868992,1.993605,0.69185,0.009115013,0.7219837,-0.2152992,0.9570375,0.1942306,-0.689195,-0.289821,0.6640889,moving,26.737151805099803,-3.9122785146913555,17.226759521367853,-5.355788896939249,-0.9060800000000002,-0.7510235399999999,1.7339188,0.4490613772197515,-0.060962754407942285,0.8914187292951091,26.493663751104805,-4.3299367361561645,9.620836692624941,9.619318251005405,9.323512570855467
05/05/2023 11:40:21.442629,2038,True,True,True,True,Eyes,2.226438,0.01426391,-1.882713,-0.2996863,-0.3134697,0.9010688,0.0,0.0,0.0,0.0,0.0,0.0,0.0,-0.1046014,0.7987467,2.711037,2.154916,0.02292437,-1.831522,0.1319426,-0.3978301,0.0640825,0.9056577,16.85661,312.6693,0.6640803,0.7616736,0.005259168,-0.6479347,-0.1854511,-0.01724523,0.2167621,1.213629,-0.7290558,-0.1157755,0.6214289,-0.188982,1.993337,0.6752494,0.01109215,0.7375062,-0.2210551,0.9569691,0.1880018,-0.7036853,-0.2899776,0.6486447,moving,27.36490359365412,-4.151671066829926,17.31502711328755,-5.415844547109297,-0.941287,-0.7519801700000001,1.7157465,0.4587037670817824,-0.06433114488686281,0.8862575649447215,27.112060485036867,-4.567024824326212,10.12869218004591,10.129074580575802,9.833735699567859
05/05/2023 11:40:21.462560,2039,True,True,True,True,Eyes,2.22274,0.01444335,-1.879983,-0.309205,-0.3143156,0.8975512,0.0,0.0,0.0,0.0,0.0,0.0,0.0,-0.03870177,0.7955886,2.703177,2.145978,0.02247959,-1.826444,0.1306826,-0.4078967,0.06650025,0.901177,16.84519,311.4119,0.7930505,0.7618641,0.005222446,-0.6477107,-0.174324,-0.01621052,0.2037564,1.169841,-0.7295904,-0.1292378,0.6245933,-0.1909884,1.99308,0.658396,0.01324699,0.7525551,-0.226467,0.9569995,0.1812858,-0.7177934,-0.2897867,0.6330847,moving,27.956480356556675,-4.41634450980096,17.39999707991146,-5.473698065599131,-0.976137,-0.75206999,1.6972061999999999,0.46771371889320423,-0.06806181822946021,0.8812557240144252,27.695874520686953,-4.828470928310931,10.605396801113246,10.609304204897185,10.316075335812686
05/05/2023 11:40:21.482925,2040,True,True,True,True,Eyes,2.218811,0.01457301,-1.877195,-0.3190574,-0.315214,0.8937799,0.0,0.0,0.0,0.0,0.0,0.0,0.0,0.02716565,0.7888885,2.694952,2.136884,0.02164545,-1.821842,0.1286731,-0.41789,0.06901664,0.8966872,16.76469,310.1685,0.9712507,0.7620289,0.005196331,-0.6475171,-0.1638646,-0.01523789,0.191531,1.126007,-0.7277771,-0.1427863,0.6278148,-0.1930314,1.992818,0.6412092,0.01623027,0.7671944,-0.231315,0.9573599,0.1730762,-0.731672,-0.2884417,0.6176224,moving,28.5083926764721,-4.779630574249466,17.486444699510955,-5.532611612803518,-1.0108769999999998,-0.7494225499999999,1.6790557,0.47600431076859134,-0.07327832708967989,0.8763847230773858,28.243680835180154,-5.185602527395224,11.036553641062584,11.047638555422592,10.762831624805022
05/05/2023 11:40:21.492811,2041,True,True,True,True,Eyes,2.214663,0.01465592,-1.874368,-0.3291428,-0.3164051,0.8896926,0.0,0.0,0.0,0.0,0.0,0.0,0.0,0.0947963,0.7918763,2.682272,2.127581,0.0205848,-1.817585,0.1282089,-0.4279537,0.07258952,0.8917112,16.90469,308.9006,1.181153,0.762168,0.005178108,-0.6473535,-0.1540327,-0.01432362,0.1800391,1.08376,-0.7329364,-0.1595412,0.6309755,-0.1950352,1.99256,0.6231728,0.01972284,0.7818356,-0.2391927,0.9565865,0.1665207,-0.744609,-0.2907805,0.6008362,moving,29.05419442534952,-4.969262230192482,17.57121086564585,-5.590401270278593,-1.043821,-0.7535212,1.6580438,0.4842399887702695,-0.07578802730748378,0.8716466605140061,28.780849901586684,-5.373730599549262,11.484063201857312,11.49977065595414,11.211732849815986
05/05/2023 11:40:21.512371,2042,True,True,True,True,Eyes,2.210302,0.01469656,-1.871508,-0.3394674,-0.3178228,0.8852969,0.0,0.0,0.0,0.0,0.0,0.0,0.0,0.1644378,0.8053985,2.66488,2.118323,0.01959372,-1.813729,0.1295789,-0.4381438,0.07715168,0.8861642,17.29331,307.5935,1.391717,0.7622817,0.005165427,-0.6472201,-0.1447907,-0.0134642,0.1692368,1.043551,-0.7460521,-0.1800362,0.6341996,-0.19708,1.992298,0.6041553,0.02318973,0.7965292,-0.2502865,0.9545139,0.1620492,-0.7565402,-0.2972633,0.5824785,moving,29.60995185000259,-4.940368628083258,17.65760840673748,-5.649373429445732,-1.0747720000000003,-0.76564582,1.6336928,0.4927035131412519,-0.07494042545728749,0.8669643763054855,29.32183398707265,-5.349303057246221,11.958868742796833,11.973353815623987,11.66808470217873
05/05/2023 11:40:21.532841,2043,True,True,True,True,Eyes,2.206105,0.01470521,-1.868169,-0.3478908,-0.3208749,0.880915,0.0,0.0,0.0,0.0,0.0,0.0,0.0,0.2317883,0.8197467,2.645497,2.108992,0.01866144,-1.81002,0.1313315,-0.4479617,0.08157805,0.8805836,17.72113,306.3181,1.564669,0.7623698,0.005156321,-0.6471167,-0.1361033,-0.01265635,0.1590826,1.005254,-0.760716,-0.2011338,0.637437,-0.1991324,1.992035,0.5853506,0.0260096,0.810363,-0.2613356,0.952194,0.1582091,-0.7675079,-0.3043844,0.5641647,moving,30.218827170902287,-4.991080156111225,17.74430113572587,-5.708568368750281,-1.103738,-0.77937744,1.6088862,0.5018768756349578,-0.07525026199362941,0.8616594148342097,29.916744019287748,-5.402682301717525,12.479613234763182,12.495142621737868,12.176285642164485
05/05/2023 11:40:21.542755,2044,True,True,True,True,Eyes,2.201683,0.01469125,-1.864847,-0.3564727,-0.3242452,0.8762375,0.0,0.0,0.0,0.0,0.0,0.0,0.0,0.2961242,0.8419617,2.622553,2.099735,0.01773522,-1.806977,0.1345181,-0.4570962,0.08666001,0.8749047,18.33696,305.1094,1.730389,0.7624454,0.005149365,-0.6470279,-0.1279371,-0.01189697,0.1495376,0.9716155,-0.7813668,-0.2236927,0.6406054,-0.2011414,1.991777,0.5671062,0.0286631,0.8231457,-0.2746139,0.9487899,0.156157,-0.7765164,-0.3146049,0.545936,moving,30.742471172741894,-4.862229203420405,17.82909215685381,-5.766516484575523,-1.1281195,-0.7991020200000001,1.5832843,0.5098193505520326,-0.07291752984894989,0.8571856016161327,30.423729158352728,-5.280784872744146,12.933406417482228,12.945002630159546,12.60400001579887
05/05/2023 11:40:21.562569,2045,True,True,True,True,Eyes,2.196874,0.01463208,-1.861809,-0.3651488,-0.327785,0.8713343,0.0,0.0,0.0,0.0,0.0,0.0,0.0,0.3606577,0.8682532,2.596332,2.090356,0.01709932,-1.80416,0.1383143,-0.4660231,0.09288936,0.8689439,19.08387,303.9213,1.97176,0.7625063,0.005143594,-0.6469565,-0.1202609,-0.01118315,0.1405654,0.9406503,-0.8049856,-0.2471587,0.6438007,-0.2031677,1.991518,0.5483882,0.03251593,0.8355916,-0.2903466,0.9444814,0.1537976,-0.7841999,-0.3269519,0.5273833,moving,31.227240486836514,-4.661631254790943,17.914533585841383,-5.824963273044531,-1.1497056999999997,-0.82208492,1.5570013,0.5171779537697212,-0.06955812700222115,0.853046743048373,30.890884702169664,-5.088820950956464,13.356954849101678,13.36343916873562,12.997214848289746
05/05/2023 11:40:21.582606,2046,True,True,True,True,Eyes,2.191871,0.01453704,-1.8588,-0.3739668,-0.331523,0.8661647,0.0,0.0,0.0,0.0,0.0,0.0,0.0,0.4232094,0.8832169,2.572272,2.080945,0.01631869,-1.801433,0.1401145,-0.4746981,0.09877475,0.8632922,19.61486,302.7845,2.282698,0.7625433,0.005137342,-0.6469132,-0.1130452,-0.01051216,0.1321314,0.9090644,-0.8209791,-0.2680043,0.6469632,-0.2051726,1.99126,0.5298106,0.03751874,0.8472857,-0.3035671,0.941223,0.1481431,-0.7919266,-0.3356959,0.5100594,moving,31.642206235174008,-4.725226731843697,17.999052796564463,-5.88280087842564,-1.1718805999999997,-0.8372977899999999,1.5334287,0.5233190325875764,-0.07019673797131222,0.8492405799696106,31.29711527522401,-5.153450173315285,13.684951629097588,13.692173445230614,13.318048585936973
05/05/2023 11:40:21.592560,2047,True,True,True,True,Eyes,2.186651,0.01442717,-1.855867,-0.3827332,-0.3355758,0.8607579,0.0,0.0,0.0,0.0,0.0,0.0,0.0,0.4848671,0.8998811,2.54622,2.071496,0.0154791,-1.799107,0.1426375,-0.483278,0.1040541,0.8574788,20.19348,301.6298,2.478182,0.7625555,0.005129427,-0.6468992,-0.1062625,-0.009881429,0.1242036,0.8783753,-0.8396948,-0.2908415,0.6501601,-0.2071999,1.991001,0.5112303,0.04058116,0.8584852,-0.3163155,0.9376546,0.1440432,-0.7991172,-0.3451914,0.4921939,moving,32.06984381470671,-4.706961400432731,18.084415989642608,-5.941282109506788,-1.1931206999999997,-0.8551738999999999,1.5082655,0.5296649385666811,-0.06960352228972469,0.845346310619682,31.71349217584225,-5.138514150695129,14.033564775024711,14.039791275618247,13.652697685253594
05/05/2023 11:40:21.614444,2048,True,True,True,True,Eyes,2.18124,0.01430234,-1.852973,-0.3915478,-0.3396996,0.8551576,0.0,0.0,0.0,0.0,0.0,0.0,0.0,0.5398322,0.9182885,2.519116,2.061866,0.01510829,-1.796969,0.1459631,-0.490869,0.1085979,0.8520265,20.8145,300.5762,2.560525,0.7625409,0.005119509,-0.6469168,-0.09988675,-0.009288544,0.1167513,0.849125,-0.8587143,-0.3152757,0.6501599,-0.2071999,1.991,0.4945083,0.04175906,0.8681692,-0.328354,0.9338026,0.1421141,-0.8047642,-0.3553434,0.4754848,static,32.399567079327824,-4.555121808141926,18.084419280485232,-5.941285072231013,-1.2127410000000003,-0.8738225900000001,1.4816933,0.5346122384310333,-0.06711608000926639,0.842428160193325,32.03082008998982,-4.99296316171604,14.378432849449371,14.382103639503438,13.97860543778645
05/05/2023 11:40:21.632722,2049,True,True,True,True,Eyes,2.175632,0.0141406,-1.850173,-0.4003594,-0.3438095,0.849416,0.0,0.0,0.0,0.0,0.0,0.0,0.0,0.5895838,0.9259836,2.495649,2.052071,0.01465422,-1.795024,0.1475492,-0.4978319,0.1120506,0.8472528,21.19773,299.6187,2.641052,0.7624984,0.005107276,-0.6469672,-0.09389354,-0.008731231,0.1097463,0.8196872,-0.8703107,-0.3363296,0.65016,-0.2071999,1.991,0.4792161,0.04296099,0.876645,-0.3367798,0.9313478,0.1384582,-0.8105131,-0.3615877,0.4607852,static,32.632367939152886,-4.611029120948907,18.084421880927106,-5.941285072231013,-1.2323838000000003,-0.88496492,1.4586944,0.5380071193391958,-0.06776465004725543,0.8402121483642827,32.25926565933301,-5.048903903978905,14.603697929464786,14.608638383126898,14.202906050934208
05/05/2023 11:40:21.642910,2050,True,True,True,True,Eyes,2.169846,0.01395647,-1.847434,-0.4091491,-0.3479587,0.8435174,0.0,0.0,0.0,0.0,0.0,0.0,0.0,0.6361879,0.9336396,2.472265,2.042418,0.013649,-1.793559,0.149027,-0.5042295,0.1156114,0.8427204,21.57788,298.7364,2.747092,0.7624263,0.005091668,-0.6470525,-0.08825993,-0.008207357,0.1031615,0.7926666,-0.8820532,-0.3563536,0.6501602,-0.2072,1.991,0.4647733,0.0445686,0.8843074,-0.3451439,0.9288499,0.1345868,-0.8153905,-0.3677655,0.4470872,static,32.78782376155375,-4.6664355663367605,18.08442708181062,-5.941287919137228,-1.2497514,-0.8957022,1.4372053999999999,0.5402590262133085,-0.06845983459265506,0.8387092956930032,32.41230032157925,-5.103844400382218,14.752354165185936,14.758560988230602,14.352326056147932
05/05/2023 11:40:21.663037,2051,True,True,True,True,Eyes,2.163872,0.01374423,-1.844778,-0.41803,-0.3517773,0.8375581,0.0,0.0,0.0,0.0,0.0,0.0,0.0,0.6802769,0.9393908,2.449099,2.032476,0.01295556,-1.792258,0.1503835,-0.5102839,0.1187713,0.8383844,21.92376,297.893,2.822158,0.7623236,0.005072233,-0.6471737,-0.08296433,-0.007714916,0.09697179,0.7663355,-0.8927155,-0.3757943,0.6501603,-0.2072002,1.991,0.4510073,0.04567538,0.8913507,-0.3526285,0.9265563,0.1309442,-0.8199058,-0.3733726,0.4339901,static,32.90483295517366,-4.69980009875928,18.084429682252264,-5.941293612949571,-1.2661405000000001,-0.90567106,1.4164637,0.541955811975666,-0.06885876872987422,0.8375812130209834,32.52726238124234,-5.137083505662557,14.865276983994493,14.872311835010581,14.465205503817756
05/05/2023 11:40:21.672464,2052,True,True,True,True,Eyes,2.157719,0.01349616,-1.842202,-0.4269112,-0.3555047,0.8314826,0.0,0.0,0.0,0.0,0.0,0.0,0.0,0.7225723,0.9362288,2.429016,2.022348,0.01203964,-1.79129,0.1502644,-0.516256,0.1208754,0.8344396,22.06008,297.0726,2.880663,0.7621889,0.005048358,-0.6473323,-0.07798647,-0.007252021,0.09115349,0.7378348,-0.8972433,-0.3938093,0.6501603,-0.2072001,1.991,0.4377377,0.04657668,0.8978955,-0.3568763,0.9256194,0.1259678,-0.8252423,-0.3755785,0.4218007,static,32.99481611909678,-4.917020294477895,18.084429682252264,-5.941290766043414,-1.2845132000000001,-0.90928294,1.3974807,0.5431511085446608,-0.07196754659714483,0.8365450520048419,32.620834459912075,-5.349032054437182,14.933236887515266,14.945526210038842,14.548465013239179
05/05/2023 11:40:21.692786,2053,True,True,True,True,Eyes,2.151395,0.01321593,-1.839691,-0.4358792,-0.3589343,0.8253336,0.0,0.0,0.0,0.0,0.0,0.0,0.0,0.7638705,0.9318238,2.408911,2.012027,0.01093445,-1.790607,0.1499093,-0.5220516,0.1229744,0.8305822,22.17409,296.2777,2.956303,0.7620213,0.00501921,-0.6475296,-0.07330728,-0.0068169,0.08568428,0.7096807,-0.9010815,-0.4115338,0.6501604,-0.2071999,1.991,0.424679,0.04775998,0.9040834,-0.3608015,0.924809,0.120626,-0.8303434,-0.3774219,0.4099788,static,33.05612640298174,-5.136235890447254,18.084432282693825,-5.941285072231013,-1.3023462999999997,-0.91201595,1.3790732,0.5439190169265904,-0.07512314485695101,0.8357683148639357,32.6865094546536,-5.562731953464632,14.974732462035721,14.993322814391558,14.606983268272632
05/05/2023 11:40:21.712600,2054,True,True,True,True,Eyes,2.144893,0.01288928,-1.837268,-0.444829,-0.3622009,0.8191078,0.0,0.0,0.0,0.0,0.0,0.0,0.0,0.8036747,0.9262973,2.388885,2.001549,0.009807222,-1.790084,0.1493884,-0.5276255,0.1249908,0.8268444,22.26796,295.5126,3.038486,0.7618201,0.004984159,-0.6477662,-0.06890885,-0.006407886,0.08054322,0.6820394,-0.9042448,-0.4287884,0.6501601,-0.2072001,1.991,0.4119772,0.04905358,0.9098728,-0.3643382,0.9241208,0.1151453,-0.835184,-0.3789387,0.3985888,static,33.088564993221006,-5.35771723648269,18.084424481368902,-5.941290766043414,-1.3195096,-0.9140520219999999,1.3612956,0.5442572239776708,-0.0783328173570812,0.8352532329154263,32.72410084499907,-5.778444930435603,14.989530751371221,15.015485025925917,14.640582051202973
05/05/2023 11:40:21.722849,2055,True,True,True,True,Eyes,2.138213,0.01251449,-1.834947,-0.4538372,-0.3652431,0.812791,0.0,0.0,0.0,0.0,0.0,0.0,0.0,0.8408475,0.9163185,2.370739,1.990922,0.008352179,-1.789756,0.1480605,-0.5328876,0.1264624,0.8234781,22.24882,294.7996,3.126426,0.7615841,0.004942125,-0.6480432,0.0,0.0,0.0,0.6540595,-0.9041682,-0.4444581,0.6501601,-0.2072,1.991,0.4000761,0.05047879,0.9150907,-0.3660772,0.9241707,0.1090686,-0.8401944,-0.3786296,0.3882177,static,33.06859571435936,-5.659178272919042,18.084424481368902,-5.941287919137228,-1.3368625,-0.9125203789999999,1.3452978999999998,0.5437709918777948,-0.08275747524085587,0.8351432479320232,32.71275976336797,-6.071629346583695,14.94930662280373,14.986826661840997,14.628915954720894
05/05/2023 11:40:21.742920,2056,True,True,True,True,Eyes,2.131356,0.01208153,-1.832734,-0.462751,-0.3681532,0.8064271,0.0,0.0,0.0,0.0,0.0,0.0,0.0,0.8746461,0.9079505,2.352621,1.980172,0.006795734,-1.789715,0.1470832,-0.5376128,0.1277003,0.820385,22.24925,294.1508,3.182262,0.7613121,0.004892059,-0.6483623,0.0,0.0,0.0,0.6280146,-0.905142,-0.4593914,0.65016,-0.2072001,1.991,0.3893303,0.05137926,0.919664,-0.3676745,0.9241183,0.1040231,-0.8445338,-0.3786364,0.3786781,static,32.99666993422805,-5.889105905008394,18.084421880927106,-5.941290766043414,-1.3521574,-0.911937734,1.3303235999999998,0.5425637755388502,-0.08618835490550143,0.835581265489696,32.648842443929325,-6.294868339780591,14.864854043831958,14.912339362517844,14.568711797432597
05/05/2023 11:40:21.763020,2057,True,True,True,True,Eyes,2.124322,0.01159718,-1.830643,-0.4715897,-0.3710803,0.799939,0.0,0.0,0.0,0.0,0.0,0.0,0.0,0.9057956,0.9003845,2.334724,1.969206,0.004963823,-1.790055,0.1462798,-0.5419123,0.1286374,0.8175486,22.24712,293.554,3.207865,0.7610046,0.004832859,-0.648724,0.0,0.0,0.0,0.6031618,-0.9066347,-0.4737597,0.6501604,-0.2072,1.991001,0.379567,0.05179296,0.9237134,-0.3688762,0.9241093,0.09976138,-0.8484452,-0.3786021,0.3698666,static,32.878344667703345,-6.083986597753096,18.08442379096437,-5.941284956411605,-1.3660442000000002,-0.911598523,1.3162953,0.5406951191840698,-0.08915752497329928,0.8364804610666886,32.538749398204445,-6.483699516996742,14.737972495252272,14.794609108241248,14.464499380056365
05/05/2023 11:40:21.782823,2058,True,True,True,True,Eyes,2.117115,0.01105267,-1.828672,-0.4802703,-0.3739117,0.7934296,0.0,0.0,0.0,0.0,0.0,0.0,0.0,0.9349344,0.8944408,2.316571,1.958098,0.003255248,-1.790661,0.145836,-0.5458636,0.1295116,0.8148568,22.27561,292.9972,3.212289,0.7606573,0.004763133,-0.6491322,0.0,0.0,0.0,0.5797307,-0.90918,-0.4878615,0.6501603,-0.2072,1.991,0.3705193,0.05185377,0.9273762,-0.3702799,0.9239172,0.09627946,-0.8518264,-0.3790622,0.3615296,static,32.73299508771262,-6.2159248792385435,18.084429682252264,-5.941287919137228,-1.3783672999999999,-0.912435248,1.3027995,0.538469549566107,-0.09123794969165112,0.8376910118541787,32.40061603850154,-6.611109508812486,14.588042403329418,14.651139679147951,14.33184749949751
05/05/2023 11:40:21.792770,2059,True,True,True,True,Eyes,2.10973,0.01045769,-1.826849,-0.4887668,-0.3768059,0.7868446,0.0,0.0,0.0,0.0,0.0,0.0,0.0,0.9613897,0.8901589,2.298529,1.946859,0.001275323,-1.791543,0.1456898,-0.5493655,0.1302226,0.8124126,22.3213,292.4957,3.192327,0.7602705,0.004681997,-0.6495862,0.0,0.0,0.0,0.5578718,-0.9127904,-0.5012258,0.65016,-0.2072,1.991,0.3624792,0.05151504,0.930567,-0.3716629,0.9236331,0.09364085,-0.8546786,-0.3798001,0.353944,static,32.54409826230665,-6.301904957508563,18.084421880927106,-5.941287919137228,-1.3889871999999999,-0.914065723,1.2903172,0.5356325801214267,-0.09269317756593308,0.8393484434675529,32.21879327719138,-6.6935141112115275,14.396927568570703,14.464172485924975,14.154373847386408
05/05/2023 11:40:21.812527,2060,True,True,True,True,Eyes,2.102176,0.009809565,-1.825153,-0.4970528,-0.37955,0.7803078,0.0,0.0,0.0,0.0,0.0,0.0,0.0,0.984598,0.886759,2.281225,1.935493,-0.0004799962,-1.792659,0.1457488,-0.5523207,0.1308124,0.8103008,22.37715,292.0669,3.161313,0.7598419,0.004588641,-0.6500884,0.0,0.0,0.0,0.5378057,-0.9166078,-0.5132446,0.6501601,-0.2071998,1.991,0.35566,0.05099464,0.9332232,-0.372995,0.9232908,0.09169992,-0.8569602,-0.3807015,0.3473983,static,32.303551252217794,-6.338823920213681,18.084424481368902,-5.941282225324767,-1.3976872999999999,-0.9161278037999999,1.2794143999999998,0.5320645158433398,-0.09348270147735283,0.8415273535266504,31.985298582117757,-6.727840505102059,14.156033759832713,14.22468296745649,13.923109375867034
05/05/2023 11:40:21.832648,2061,True,True,True,True,Eyes,2.094465,0.009117842,-1.823577,-0.5051173,-0.382338,0.7737405,0.0,0.0,0.0,0.0,0.0,0.0,0.0,1.003803,0.8805682,2.266474,1.923939,-0.002403449,-1.793984,0.14525,-0.5546827,0.1308983,0.8087615,22.34355,291.7315,3.1358,0.75937,0.00448219,-0.6506405,0.0,0.0,0.0,0.5183645,-0.917762,-0.5226857,0.65016,-0.2072001,1.991,0.3503856,0.05059567,0.9352379,-0.3728663,0.9235361,0.08973121,-0.859186,-0.3801593,0.3424591,static,31.986110185700205,-6.4420932580955625,18.084421880927106,-5.941290766043414,-1.4055745000000002,-0.915358551,1.2712983,0.5273010958928498,-0.09533308199798961,0.8443135389714562,31.678634461877145,-6.82621485014723,13.837116874814953,13.910705979895873,13.622984486913552
05/05/2023 11:40:21.842795,2062,True,True,True,True,Eyes,2.086598,0.008379715,-1.822146,-0.5129123,-0.3849843,0.7672731,0.0,0.0,0.0,0.0,0.0,0.0,0.0,1.020382,0.87631,2.252233,1.912381,-0.004159186,-1.795671,0.1450712,-0.5565048,0.1311905,0.8074934,22.35255,291.4701,3.12419,0.7588546,0.004362389,-0.6512426,0.0,0.0,0.0,0.5011886,-0.9199202,-0.5309029,0.65016,-0.2072,1.991,0.3461828,0.05040528,0.9368119,-0.3733366,0.9234868,0.0882718,-0.8606841,-0.3803044,0.3385134,static,31.61851685670953,-6.482560653677838,18.084421880927106,-5.941287919137228,-1.4111924,-0.915761014,1.2647681,0.521824020310215,-0.09631037307107042,0.8475989338051256,31.321388251103972,-6.863151312040558,13.470033180870761,13.544914284950499,13.269028253808512
05/05/2023 11:40:21.867594,2063,True,True,True,True,Eyes,2.078554,0.007589345,-1.820897,-0.5204491,-0.387624,0.7608419,0.0,0.0,0.0,0.0,0.0,0.0,0.0,1.034684,0.8718826,2.239188,1.900798,-0.006011445,-1.797678,0.1447937,-0.5579034,0.1314425,0.8065368,22.34776,291.2726,3.127761,0.7582935,0.004228594,-0.6518968,0.0,0.0,0.0,0.4851738,-0.9215862,-0.5377363,0.6501603,-0.2072,1.991,0.3429334,0.05046458,0.9380032,-0.3735881,0.9235153,0.08689848,-0.8618751,-0.3802272,0.3355572,static,31.204633488822076,-6.529170060917531,18.084429682252264,-5.941287919137228,-1.4156241999999999,-0.9155747550000001,1.2599417000000002,0.5156314302508329,-0.0974271009708105,0.8512533206962096,30.919183180928762,-6.905756884481804,13.056986341570727,13.133367935855341,12.870940049464199
05/05/2023 11:40:21.882753,2064,True,True,True,True,Eyes,2.070368,0.006743478,-1.819795,-0.5277516,-0.3900771,0.7545316,0.0,0.0,0.0,0.0,0.0,0.0,0.0,1.044309,0.8627775,2.229889,1.888931,-0.008011859,-1.799791,0.1437306,-0.5587749,0.1302619,0.8063151,22.17016,291.1559,3.060199,0.7576863,0.0040805,-0.6526037,0.0,0.0,0.0,0.4683042,-0.9187973,-0.5420101,0.6501605,-0.2071999,1.991,0.3416047,0.04943824,0.9385426,-0.3706904,0.9247467,0.08621006,-0.8636521,-0.3773585,0.3342242,static,30.740933019412843,-6.672360641486475,18.084434883135316,-5.941285072231013,-1.4206268,-0.910785441,1.2577808999999998,0.5085926805701508,-0.10004181600052262,0.8551753919327403,30.471018631709313,-7.04200405811575,12.594094319479067,12.677595062217389,12.435394615625375
05/05/2023 11:40:21.892347,2065,True,True,True,True,Eyes,2.062045,0.005863085,-1.818822,-0.5348036,-0.3925909,0.7482362,0.0,0.0,0.0,0.0,0.0,0.0,0.0,1.055106,0.8564472,2.21942,1.877362,-0.01018969,-1.802216,0.1432193,-0.5598441,0.1289207,0.80588,22.03581,290.9958,2.932875,0.7570309,0.003917185,-0.6533651,0.0,0.0,0.0,0.4516133,-0.9181616,-0.5482024,0.6501601,-0.2071998,1.991,0.3399082,0.0474283,0.939262,-0.3681502,0.9257354,0.08648414,-0.8654062,-0.3751861,0.3321258,static,30.332095877541065,-6.763932588129299,18.084424481368902,-5.941282225324767,-1.4257487,-0.90797191,1.2540136,0.5023856885295992,-0.10183675178157307,0.8586255367000387,30.074944604009684,-7.128390937178029,12.18742819592114,12.275268153813837,12.049141044290726
05/05/2023 11:40:21.912712,2066,True,True,True,True,Eyes,1.850542,-0.01732108,-1.79837,-0.6896729,-0.4389873,0.5758832,0.0,0.0,0.0,0.0,0.0,0.0,0.0,1.059883,0.8569997,2.209138,1.865571,-0.01192373,-1.80488,0.1441611,-0.5598757,0.1271483,0.8059716,22.00911,290.9511,2.691193,0.7563272,0.003738835,-0.6541808,0.0,0.0,0.0,0.4391606,-0.9216449,-0.5528893,0.65016,-0.2072,1.991,0.3407452,0.04353117,0.9391474,-0.3663804,0.9261018,0.09000508,-0.865828,-0.3747539,0.3315137,static,16.75208481370721,-6.113812081244248,18.084421880927106,-5.941287919137228,-1.4264104,-0.90972117,1.2519907,0.2867268713210017,-0.10203192978202649,0.9525634914090322,16.819369815963295,-6.4057787570067095,1.341605695012627,1.3434606980477113,1.3476306858831524
05/05/2023 11:40:21.932577,2067,True,True,True,True,Eyes,1.850082,-0.01737236,-1.798508,-0.6896836,-0.4392148,0.5756969,0.0,0.0,0.0,0.0,0.0,0.0,0.0,1.060124,0.850624,2.203964,1.853803,-0.01396974,-1.807789,0.1438186,-0.5594358,0.1236262,0.8068857,21.74104,290.9881,2.381048,0.7514448,0.002393917,-0.6597896,-0.6345098,-0.0695525,0.06135571,0.4251301,-0.918666,-0.554736,0.6501602,-0.2071999,1.991,0.3434962,0.03858996,0.938361,-0.360419,0.9280655,0.0937684,-0.867242,-0.3704122,0.3326956,static,16.735383508723935,-6.295425665568807,18.08442708181062,-5.941285072231013,-1.4286729,-0.90469626,1.253053,0.28635833355927054,-0.10506289224441756,0.9523448549721922,16.807984140854682,-6.5823751608627505,1.3950880873036802,1.3947523514718076,1.428391782130552
05/05/2023 11:40:21.942727,2068,True,True,True,True,Eyes,1.849145,-0.01728641,-1.798764,-0.6895087,-0.4397518,0.5754965,0.0,0.0,0.0,0.0,0.0,0.0,0.0,1.059064,0.8562544,2.195385,1.842363,-0.01520238,-1.811068,0.1457896,-0.5584216,0.1214203,0.8075692,21.7821,291.0688,2.054253,0.747372,0.00128301,-0.6644026,-0.5964392,-0.06537935,0.05767436,0.4169883,-0.9246593,-0.5577054,0.6501602,-0.2071997,1.991,0.3468449,0.03328649,0.9373319,-0.3589347,0.928005,0.09986292,-0.8665245,-0.3710778,0.3338214,static,16.688720266041685,-6.177917130295722,18.08442708181062,-5.941279378418493,-1.4253746999999999,-0.90945692,1.2533626,0.2856406560481145,-0.10313255472882343,0.9527713294692958,16.75932869333777,-6.467731761458793,1.41457647703776,1.41562528276284,1.4258463629515463
05/05/2023 11:40:21.962544,2069,True,True,True,True,Eyes,1.847715,-0.01708729,-1.799134,-0.6894887,-0.4399139,0.5753964,0.0,0.0,0.0,0.0,0.0,0.0,0.0,1.056976,0.8724559,2.182072,1.829903,-0.01173474,-1.814147,0.1505922,-0.55682,0.1210176,0.8078542,22.215,291.1844,1.722256,0.7439556,0.0003674935,-0.6682271,-0.5606529,-0.06145659,0.0542139,0.4144681,-0.9381415,-0.5619343,0.6501604,-0.2071998,1.991,0.3506125,0.02782363,0.9361073,-0.3632346,0.9253535,0.1085431,-0.8632101,-0.3780831,0.334547,static,16.613849509402993,-5.63773929269983,18.084432282693825,-5.941282225324767,-1.4154349000000002,-0.92640676,1.2522126999999998,0.2846492821259016,-0.09417445251903539,0.9539946973918719,16.671783722900642,-5.941650729842661,1.4842601494275969,1.5015831662103512,1.412648607857359
05/05/2023 11:40:21.982915,2070,True,True,True,True,Eyes,1.845915,-0.01692959,-1.799638,-0.6894403,-0.4399529,0.5754247,0.0,0.0,0.0,0.0,0.0,0.0,0.0,1.051034,0.8463937,2.186568,1.816807,-0.008848708,-1.81694,0.1475205,-0.5557624,0.1147393,0.8100622,21.50221,291.3503,1.349952,0.7410676,-0.0003843142,-0.6714285,-0.5270137,-0.05776919,0.05096107,0.3954038,-0.9170991,-0.5582036,0.6501602,-0.2072,1.991,0.3559261,0.02191929,0.934257,-0.3498646,0.9301452,0.1114659,-0.8665513,-0.3665371,0.3387317,static,16.504939307089415,-6.216265318092729,18.08442708181062,-5.941287919137228,-1.4214032,-0.9082503919999999,1.2587364,0.28256131983702415,-0.10386902136851825,0.9536091409925216,16.581209142081153,-6.50382521008742,1.6021108209062611,1.603244897210054,1.6050272203405416
05/05/2023 11:40:21.992469,2071,True,True,True,True,Eyes,1.843751,-0.01670927,-1.800261,-0.6890706,-0.4404169,0.5755126,0.0,0.0,0.0,0.0,0.0,0.0,0.0,1.043815,0.8400883,2.186669,1.806053,-0.009682674,-1.820686,0.1471356,-0.553879,0.1110086,0.8119398,21.21699,291.5978,1.061751,0.7386035,-0.001003705,-0.6741377,-0.4953928,-0.05430304,0.0479034,0.3866659,-0.912119,-0.5555105,0.6501601,-0.2072001,1.991,0.3617904,0.01727398,0.9320994,-0.3432551,0.9320564,0.1159598,-0.8667662,-0.361901,0.3431384,static,16.32880582032943,-6.412276767676205,18.084424481368902,-5.941290766043414,-1.4193870999999998,-0.902436326,1.2651755,0.2795281975032975,-0.10722994938632663,0.9541309213645123,16.414794026156528,-6.693373243580364,1.8181118702322352,1.8176976362211836,1.8312001283286317
05/05/2023 11:40:22.012474,2072,True,True,True,True,Eyes,1.84116,-0.01631604,-1.80098,-0.6886945,-0.4408301,0.5756463,0.0,0.0,0.0,0.0,0.0,0.0,0.0,1.041479,0.8729564,2.168383,1.795036,-0.007780023,-1.823843,0.1544542,-0.5516568,0.1136843,0.8117232,22.09711,291.7698,0.8749674,0.7363294,-0.00155189,-0.6766199,-0.4656692,-0.05104486,0.0450292,0.3930299,-0.9395088,-0.560521,0.6501602,-0.2072,1.991,0.3655013,0.01414884,0.9307033,-0.3549717,0.9264396,0.1253188,-0.8604673,-0.3761775,0.3436373,static,16.199204727515532,-5.483398315844143,18.08442708181062,-5.941287919137228,-1.4020061000000001,-0.931728777,1.263322,0.27779987771707293,-0.09179609113105913,0.9562429919708628,16.263420149422906,-5.788729693594875,1.9153119428190386,1.9400325290926987,1.8273861824980357
05/05/2023 11:40:22.032642,2073,True,True,True,True,Eyes,1.838251,-0.01589214,-1.801784,-0.6884881,-0.4409918,0.5757693,0.0,0.0,0.0,0.0,0.0,0.0,0.0,1.040823,0.8647731,2.16389,1.782174,-0.003227051,-1.826858,0.1547496,-0.5506421,0.1114013,0.812672,21.97524,291.8869,0.657535,0.7342142,-0.002030305,-0.6789134,-0.4377291,-0.04798217,0.04232745,0.3814957,-0.9334852,-0.5609818,0.6501601,-0.2071999,1.991,0.3687661,0.01064212,0.9294614,-0.3514887,0.9272847,0.1288369,-0.8605042,-0.3742058,0.3456917,static,16.127058850852187,-5.53843967601595,18.084424481368902,-5.941285072231013,-1.4006783,-0.930258149,1.2658762000000001,0.2765710428615547,-0.09274887913116961,0.9565071991374263,16.19457452528757,-5.841805638546541,1.9758070995751067,1.9983905085792841,1.8924663839093134
05/05/2023 11:40:22.042609,2074,True,True,True,True,Eyes,1.835033,-0.0154337,-1.802664,-0.687995,-0.4415897,0.5759005,0.0,0.0,0.0,0.0,0.0,0.0,0.0,1.041785,0.8535196,2.161931,1.771664,-0.002135791,-1.830015,0.1534332,-0.549879,0.1099131,0.8136404,21.74995,292.0163,0.6242955,0.7322354,-0.002444756,-0.6810459,-0.4114653,-0.04510324,0.0397878,0.3705554,-0.9257722,-0.5597739,0.6501603,-0.2071999,1.991001,0.3711045,0.01012013,0.9285361,-0.3475988,0.9287548,0.128801,-0.8610789,-0.3705566,0.3481828,static,16.03680626813438,-5.778705503376148,18.08442119052386,-5.941282109506788,-1.4011086,-0.923636409,1.2702410999999998,0.2749573133796692,-0.09680571415556627,0.9565704880442449,16.113070539433544,-6.074981999674179,2.040021169410053,2.0540589142605,1.975879310632353
05/05/2023 11:40:22.062933,2075,True,True,True,True,Eyes,1.831513,-0.01492707,-1.8036,-0.6875293,-0.4422047,0.5759848,0.0,0.0,0.0,0.0,0.0,0.0,0.0,1.044963,0.8765048,2.144682,1.760934,-0.0007851869,-1.832753,0.1582867,-0.548202,0.1152026,0.8131105,22.56415,292.1948,0.8561718,0.7303725,-0.002800342,-0.683042,-0.3867774,-0.04239704,0.03740054,0.3754746,-0.9471131,-0.5620493,0.6501601,-0.2071999,1.991,0.3724061,0.01379864,0.9279674,-0.3608909,0.9233474,0.1311006,-0.8550272,-0.3837176,0.34884,static,15.862796420312756,-5.0485720974936354,18.084424481368902,-5.941285072231013,-1.3854594,-0.9463279131000001,1.2707037,0.2723530666690075,-0.08467359079038772,0.9584645089883451,15.923762988910408,-5.363419755371843,2.3499340649100513,2.3942781160375977,2.236601531212415
05/05/2023 11:40:22.082691,2076,True,True,True,True,Eyes,1.827733,-0.01441661,-1.804605,-0.686978,-0.4428983,0.5761096,0.0,0.0,0.0,0.0,0.0,0.0,0.0,1.052027,0.8725663,2.136013,1.750031,0.0008522905,-1.835231,0.1577587,-0.5473914,0.1198641,0.8130853,22.81566,292.3795,1.380563,0.7286076,-0.003101117,-0.6849231,-0.3635708,-0.03985322,0.0351565,0.3710634,-0.947687,-0.5591257,0.6501601,-0.2071999,1.991,0.3719907,0.02220795,0.9279709,-0.3676309,0.9214896,0.1253174,-0.8523325,-0.3877676,0.3509499,static,15.67428016016715,-4.966417461804401,18.084424481368902,-5.941285072231013,-1.3789676,-0.9485392905,1.2761053000000002,0.26922759629750886,-0.08337530197355483,0.9594607903670338,15.737779435707571,-5.28223445236264,2.5519752030388636,2.599838938642151,2.4374352688585925
05/05/2023 11:40:22.092636,2077,True,True,True,True,Eyes,1.823714,-0.01391881,-1.805643,-0.6865539,-0.4437364,0.5759704,0.0,0.0,0.0,0.0,0.0,0.0,0.0,1.060329,0.8731771,2.125732,1.740012,0.001442228,-1.837886,0.1581202,-0.5469822,0.1237146,0.8127135,23.10094,292.4743,1.751336,0.7269251,-0.003352364,-0.6867073,-0.3417565,-0.03746203,0.03304711,0.3664725,-0.9519509,-0.5595468,0.6501603,-0.2071999,1.991,0.3710104,0.02811124,0.9282031,-0.3740669,0.9193854,0.1216734,-0.849956,-0.3923522,0.3516171,static,15.563609955585108,-4.826086935518448,18.084429682252264,-5.941285072231013,-1.3735395,-0.9533931280000001,1.2783392,0.2674249546884654,-0.0810673665344129,0.9601625527270772,15.626113663242837,-5.144961156108305,2.7023673547371665,2.7564830814792702,2.5840761267244745
05/05/2023 11:40:22.112333,2078,True,True,True,True,Eyes,1.819428,-0.0133753,-1.806719,-0.6861588,-0.44461,0.5757675,0.0,0.0,0.0,0.0,0.0,0.0,0.0,1.074177,0.8801771,2.109776,1.729943,0.001614165,-1.840385,0.15971,-0.5472878,0.1289858,0.8113763,23.60034,292.45,2.157473,0.7253113,-0.003559577,-0.6884105,-0.3212511,-0.0352143,0.03106429,0.3623813,-0.9627981,-0.5639028,0.65016,-0.2072,1.991,0.3676776,0.03449741,0.9293133,-0.3841267,0.9157108,0.1179851,-0.846912,-0.4003545,0.3499377,static,15.557989020473315,-4.501741193534604,18.084421880927106,-5.941287919137228,-1.3675617,-0.964412265,1.2764821999999998,0.26744536862023094,-0.07563026719746788,0.960600438507561,15.611892102911739,-4.829340581597909,2.838369842115805,2.9077753994375084,2.7110570603794937
05/05/2023 11:40:22.132404,2079,True,True,True,True,Eyes,1.814876,-0.01278777,-1.807788,-0.6862205,-0.4450895,0.5753232,2.128426,0.3543069,-0.9601277,-0.5832558,0.2327944,0.2879503,-0.9289195,0.638631,-0.2062081,1.981467,1.719299,0.003248733,-1.842337,0.1598831,-0.548364,0.1313124,0.8102417,23.77223,292.3141,2.344761,0.723754,-0.003725329,-0.6900467,-0.3019761,-0.03310145,0.02920043,0.3508185,-0.9644456,-0.5693282,0.6501602,-0.2071998,1.991,0.364108,0.03744119,0.930604,-0.3881378,0.914389,0.115074,-0.8466254,-0.4031018,0.3474686,static,15.641816341080775,-4.432116007663132,18.08442708181062,-5.941282225324767,-1.3684805,-0.967694333,1.2730088,0.2688747879030451,-0.07443214727971742,0.9602948640756979,15.691731938554117,-4.762152268799611,2.7980346237718168,2.8712244606195334,2.667458997424004
05/05/2023 11:40:22.152382,2080,True,True,True,True,Eyes,1.810083,-0.01222293,-1.808872,-0.6865234,-0.4452158,0.5748639,0.0,0.0,0.0,0.0,0.0,0.0,0.0,1.100761,0.8572583,2.090822,1.70814,0.004802268,-1.844,0.157424,-0.5500477,0.1295926,0.8098587,23.42489,292.1077,2.293607,0.7222424,-0.003852066,-0.6916281,-0.2838575,-0.03111536,0.0274484,0.329833,-0.9528085,-0.5739709,0.6501601,-0.2071999,1.991001,0.3613066,0.03672192,0.9317238,-0.3830847,0.9168469,0.1124182,-0.8501199,-0.3975465,0.3453304,static,15.789524162874967,-4.801884869033211,18.084415989642608,-5.941282109506788,-1.378307,-0.957610768,1.2700291000000001,0.27121962276218703,-0.08057294024135142,0.9591391496388888,15.84568678652502,-5.122911065289986,2.5062805783441537,2.562177700348616,2.383619015468707
05/05/2023 11:40:22.162635,2081,True,True,True,True,Eyes,1.805069,-0.0117153,-1.809983,-0.6870582,-0.4451283,0.5742926,0.0,0.0,0.0,0.0,0.0,0.0,0.0,1.110069,0.8327733,2.088478,1.697616,0.004778378,-1.845422,0.1536752,-0.5516731,0.1258282,0.8100668,22.81807,291.919,2.132697,0.7207665,-0.003944573,-0.6931655,-0.266826,-0.02924844,0.0258015,0.3062908,-0.9358948,-0.5769303,0.6501604,-0.2071998,1.991,0.3596482,0.03430165,0.9324574,-0.3734154,0.9211023,0.1101422,-0.8551107,-0.3878063,0.3440816,static,15.917519180270011,-5.380070712445714,18.084432282693825,-5.941282225324767,-1.3913252,-0.940673178,1.2684916999999998,0.2731354311488464,-0.09019678217900165,0.9577378246673655,15.986042730953375,-5.686325578941816,2.2088784138328212,2.2384080851453327,2.1138215635167334
05/05/2023 11:40:22.182524,2082,True,True,True,True,Eyes,1.799859,-0.01126739,-1.811099,-0.6875945,-0.4450572,0.5737053,0.0,0.0,0.0,0.0,0.0,0.0,0.0,1.117305,0.8219531,2.082019,1.687458,0.003883079,-1.846957,0.1523331,-0.5525453,0.1235997,0.8100688,22.5438,291.7991,1.979756,0.7193176,-0.0040085,-0.6946687,-0.2508165,-0.02749353,0.02425341,0.2897613,-0.9299541,-0.5804208,0.6501602,-0.2072,1.991,0.3588336,0.03190659,0.9328561,-0.3685904,0.9230354,0.1102118,-0.8575428,-0.3833895,0.3429767,static,15.990346521470741,-5.617509138521828,18.08442708181062,-5.941287919137228,-1.3976967,-0.933837179,1.2665362,0.27425214314568563,-0.09413382056486344,0.9570394269600603,16.063435935440545,-5.917832379502503,2.0990808433330876,2.1189634475304615,2.021127253798184
05/05/2023 11:40:22.192743,2083,True,True,True,True,Eyes,1.794456,-0.01082812,-1.812208,-0.6881431,-0.4451431,0.5729805,0.0,0.0,0.0,0.0,0.0,0.0,0.0,1.121532,0.8213856,2.073028,1.677536,0.002920177,-1.848192,0.1529576,-0.5527234,0.1221973,0.8100427,22.51262,291.7422,1.79171,0.717889,-0.004049002,-0.6961447,-0.2357675,-0.02584392,0.0227982,0.2786506,-0.9319456,-0.5837287,0.6501602,-0.2071998,1.991001,0.3591295,0.02888351,0.9328408,-0.3670565,0.9233436,0.1127218,-0.8580768,-0.3828869,0.3422018,static,16.005308042846004,-5.60067192244628,18.084418590083267,-5.941279262601942,-1.3988854,-0.9348657770000001,1.2644633,0.27450956194047194,-0.09384541201546064,0.9569939905675314,16.07756689238385,-5.901549249973156,2.086355463975083,2.106825580773394,2.0072449303616433
05/05/2023 11:40:22.212418,2084,True,True,True,True,Eyes,1.788872,-0.01040434,-1.813302,-0.6886302,-0.4453112,0.5722642,0.0,0.0,0.0,0.0,0.0,0.0,0.0,1.124663,0.8273245,2.061879,1.667377,0.003170285,-1.849465,0.1550986,-0.5525103,0.1215326,0.8098806,22.67595,291.7126,1.58157,0.7164742,-0.004068753,-0.6976005,-0.2216214,-0.02429328,0.02143031,0.2709293,-0.9389508,-0.5876958,0.6501601,-0.2072,1.991,0.3599245,0.02546663,0.9326337,-0.368241,0.9223484,0.1169267,-0.8572356,-0.3855188,0.3413537,static,16.000285255994868,-5.384706332553344,18.084424481368902,-5.941287919137228,-1.3964477000000002,-0.942121085,1.2617691999999998,0.2745175922032094,-0.09023732983035616,0.9573386274851546,16.066849613792034,-5.691384823402775,2.127952003187673,2.1571785677747943,2.0329928439459604
05/05/2023 11:40:22.232474,2085,True,True,True,True,Eyes,1.783146,-0.01005814,-1.81438,-0.6890534,-0.4456307,0.5715058,0.0,0.0,0.0,0.0,0.0,0.0,0.0,1.124953,0.8312647,2.052756,1.65744,0.003264133,-1.850191,0.1568125,-0.5520065,0.1202152,0.8100908,22.75453,291.7286,1.345106,0.7150688,-0.004070413,-0.6990411,-0.2083241,-0.02283569,0.02014449,0.2632269,-0.9437693,-0.5896287,0.6501601,-0.2071999,1.991,0.3616742,0.02164736,0.9320533,-0.3678935,0.9219162,0.1213456,-0.8566483,-0.3867839,0.3413972,static,15.954870936901042,-5.248899584415936,18.084424481368902,-5.941285072231013,-1.3942131,-0.947033433,1.2605623,0.2738140865174351,-0.08798628288592235,0.9577496793610694,16.018918444644775,-5.5589458331934605,2.2040657039747433,2.2392846988475026,2.1005947923032715
05/05/2023 11:40:22.242586,2086,True,True,True,True,Eyes,1.7773,-0.009737638,-1.815438,-0.6891392,-0.4464716,0.5707452,0.0,0.0,0.0,0.0,0.0,0.0,0.0,1.121925,0.8400753,2.04409,1.648195,0.001791086,-1.850999,0.1590926,-0.5508277,0.1192071,0.8105974,22.90754,291.832,1.11924,0.7136683,-0.00405882,-0.7004709,-0.1958247,-0.02146555,0.01893582,0.259261,-0.9523205,-0.589946,0.6501601,-0.2072001,1.991,0.3647572,0.0179927,0.9309288,-0.368523,0.9209585,0.1265949,-0.855069,-0.3892451,0.3425569,static,15.83740785422597,-5.065325061421632,18.084424481368902,-5.941290766043414,-1.3889340000000001,-0.954111586,1.261053,0.2719215407458442,-0.08496460205923553,0.9585611623582304,15.89946528046615,-5.379551762462755,2.3681898272503057,2.411721301960559,2.256013612049668
05/05/2023 11:40:22.262497,2087,True,True,True,True,Eyes,1.7773,-0.009737638,-1.815438,-0.6891392,-0.4464716,0.5707452,0.0,0.0,0.0,0.0,0.0,0.0,0.0,1.116323,0.8724115,2.026983,1.639411,0.001618564,-1.851559,0.1662512,-0.5485368,0.1213835,0.8103913,23.7423,292.0023,0.8980362,0.71227,-0.004036292,-0.701893,-0.1840752,-0.02017761,0.01779967,0.2679513,-0.980318,-0.5927414,0.6501602,-0.2071998,1.991,0.3687468,0.01434654,0.9294192,-0.3791261,0.9152532,0.1362903,-0.8486986,-0.4026237,0.3429359,static,15.699619129796956,-4.143763668833514,18.08442708181062,-5.941282225324767,-1.3714597,-0.9819365640000001,1.2588176,0.26993826174049707,-0.06957684571795394,0.9603604569611865,15.74030716379406,-4.481973300032146,2.8987082480631288,2.9863660071930247,2.7612462276082277
05/05/2023 11:40:22.282772,2088,True,True,True,True,Eyes,1.7773,-0.009737638,-1.815438,-0.6891392,-0.4464716,0.5707452,0.0,0.0,0.0,0.0,0.0,0.0,0.0,1.106617,0.8880334,2.017897,1.629511,0.002280343,-1.851973,0.1703026,-0.5459403,0.1210704,0.8113496,24.11342,292.2693,0.6598086,0.711009,-0.004016003,-0.7031705,-0.1730307,-0.01896696,0.01673169,0.270567,-0.9934046,-0.5903842,0.6501603,-0.2072001,1.991,0.3745822,0.0105107,0.9271342,-0.3824109,0.9126779,0.1441554,-0.8446597,-0.4085443,0.3458923,static,15.475912420393685,-3.668595273875774,18.084429682252264,-5.941290766043414,-1.358944,-0.995684943,1.2615888000000002,0.26632524542924313,-0.06167437503625306,0.9619079711787303,15.50942630286991,-4.018158434238057,3.35084350502255,3.459697545383597,3.213888667870381
05/05/2023 11:40:22.292515,2089,True,True,True,True,Eyes,1.770544,-0.009381081,-1.816485,-0.6881484,-0.4478307,0.5708761,0.0,0.0,0.0,0.0,0.0,0.0,0.0,1.097391,0.8948752,2.012649,1.620101,0.002763402,-1.85232,0.1724714,-0.5436016,0.1201784,0.8125936,24.26493,292.5426,0.4902754,0.7098721,-0.003997729,-0.7043185,-0.1626488,-0.01782894,0.01572779,0.2701326,-0.9992673,-0.5861287,0.6501601,-0.2071999,1.991,0.380109,0.007800865,0.9249089,-0.3828238,0.9116215,0.14964,-0.8419996,-0.4109566,0.3495019,static,15.272391839079159,-3.5289392548490937,18.084424481368902,-5.941285072231013,-1.3499684,-1.0020307019999999,1.2661913,0.2629433524219579,-0.05938671715865346,0.9629818737019298,15.307266405086136,-3.8809256902957023,3.5913512313659446,3.704988518732963,3.457988976759679
05/05/2023 11:40:22.312404,2090,True,True,True,True,Eyes,1.598807,-0.001023199,-1.841693,-0.6618973,-0.4799243,0.5758165,0.0,0.0,0.0,0.0,0.0,0.0,0.0,1.090562,0.9023377,2.005635,1.610325,0.002963834,-1.852824,0.1747092,-0.5414922,0.1200429,0.8135432,24.47345,292.7882,0.3848211,0.7086931,-0.003967839,-0.7055051,-0.1528899,-0.0167592,0.01478412,0.2694825,-1.006456,-0.5828103,0.6501601,-0.2071998,1.991,0.3847517,0.006112888,0.9229998,-0.3845276,0.9101328,0.1542623,-0.8391094,-0.4142716,0.3525257,static,15.966928493798997,-5.575969246245551,18.084424481368902,-5.941282225324767,-1.3408425,-1.009419834,1.2700137,0.2738786894919307,-0.09345028232753469,0.9572134136780139,16.039487964224243,-5.877259422956408,2.127254252302548,2.1487770545262204,2.0459384835265277
05/05/2023 11:40:22.332658,2091,True,True,True,True,Eyes,1.598449,-0.001038089,-1.841651,-0.6615988,-0.4799028,0.5761774,0.0,0.0,0.0,0.0,0.0,0.0,0.0,1.086136,0.9004183,2.00127,1.600717,0.002767481,-1.852896,0.1749427,-0.5400428,0.1193867,0.8145524,24.45307,292.9873,0.3487173,0.7016084,-0.003567824,-0.7125532,-0.658926,0.009319995,-0.06172656,0.2640722,-1.006411,-0.5782741,0.65016,-0.2071998,1.991,0.3882011,0.005540303,0.921558,-0.3834464,0.9102838,0.1560521,-0.8380148,-0.4139477,0.3554977,static,15.823606205792668,-5.559826303684021,18.084421880927106,-5.941282225324767,-1.3366448,-1.009178481,1.2746219,0.27148864212680723,-0.0932462186633249,0.9579139448724889,15.899339579407318,-5.860602159457265,2.270224924451373,2.2927704065362446,2.1865712742655794
05/05/2023 11:40:22.342669,2092,True,True,True,True,Eyes,1.597721,-0.001067364,-1.841607,-0.6612523,-0.4799013,0.5765762,0.0,0.0,0.0,0.0,0.0,0.0,0.0,1.083876,0.9009852,1.994666,1.591299,0.002365772,-1.852841,0.175612,-0.5388407,0.1196489,0.815166,24.535,293.1487,0.3661572,0.6957805,-0.003222589,-0.7182465,-0.6193904,0.008760795,-0.05802296,0.2595259,-1.009103,-0.5749394,0.6501601,-0.2072001,1.991,0.3906699,0.005813591,0.9205125,-0.384321,0.9096892,0.1573624,-0.8364654,-0.415249,0.3576225,static,15.709793113901538,-5.464149820955296,18.084424481368902,-5.941290766043414,-1.3317731,-1.0114687720000002,1.2779015999999999,0.26962425436127224,-0.09169638694560134,0.958589855195991,15.785813631718257,-5.766755702528217,2.395586477384756,2.422093642458835,2.3052276083996377
05/05/2023 11:40:22.362617,2093,True,True,True,True,Eyes,1.596685,-0.001143914,-1.841543,-0.6608971,-0.4797567,0.5771036,0.0,0.0,0.0,0.0,0.0,0.0,0.0,1.083894,0.8998306,1.987899,1.581725,0.001561403,-1.853216,0.1758771,-0.5380091,0.1198046,0.8156348,24.57065,293.2656,0.3897651,0.6909752,-0.002924487,-0.7228717,-0.5822269,0.008235147,-0.05454159,0.2530717,-1.010737,-0.5727265,0.6501602,-0.2072,1.991,0.3923861,0.006186672,0.9197798,-0.3846807,0.9094281,0.1579911,-0.8354961,-0.4158151,0.3592269,static,15.642218853196635,-5.414366680144445,18.08442708181062,-5.941287919137228,-1.3286533,-1.012298403,1.2804894999999998,0.2685133856000943,-0.09089273948899913,0.9589781565698041,15.718599146192673,-5.717869375111146,2.4698000406100467,2.498404895930912,2.376353859753427
05/05/2023 11:40:22.382469,2094,True,True,True,True,Eyes,1.595305,-0.001264347,-1.841483,-0.6605832,-0.4795689,0.5776187,0.0,0.0,0.0,0.0,0.0,0.0,0.0,1.083178,0.896732,1.982466,1.573395,0.000341285,-1.852566,0.1756236,-0.5373991,0.1195497,0.816129,24.52906,293.3596,0.401568,0.6869997,-0.00266851,-0.726652,-0.5472933,0.007741038,-0.05126909,0.2461362,-1.010582,-0.5695466,0.6501603,-0.2071998,1.991,0.3938202,0.006376124,0.9191655,-0.3838959,0.9097284,0.1581711,-0.8351824,-0.4151548,0.3607171,static,15.595351645725168,-5.438623314350302,18.084429682252264,-5.941282225324767,-1.3272588,-1.010923285,1.2830194,0.2677183393621082,-0.09131968528949483,0.9591597689681126,15.673565899576289,-5.741159900687799,2.511565055604054,2.5393257870355304,2.419155456649451
05/05/2023 11:40:22.392765,2095,True,True,True,True,Eyes,1.593595,-0.001413915,-1.841406,-0.6602302,-0.4794193,0.5781464,0.0,0.0,0.0,0.0,0.0,0.0,0.0,1.084246,0.8959305,1.974145,1.563696,-0.0003673099,-1.852129,0.1761088,-0.5369712,0.1193777,0.8163312,24.56536,293.4065,0.3636821,0.6836928,-0.002450427,-0.7297651,-0.5144557,0.007276576,-0.04819294,0.238185,-1.012776,-0.5684739,0.6501601,-0.2071999,1.991,0.3948216,0.005772862,0.9187397,-0.3840342,0.9094693,0.1593213,-0.8346459,-0.415731,0.3612951,static,15.594341819411337,-5.381014316781287,18.084424481368902,-5.941285072231013,-1.3255109999999999,-1.0124086901,1.2836550999999998,0.2677251124459759,-0.0903550686322657,0.9592493251369731,15.671028753030923,-5.685100556594693,2.5223179388357235,2.552335201887456,2.426954768348974
05/05/2023 11:40:22.412353,2096,True,True,True,True,Eyes,1.591574,-0.001616306,-1.841305,-0.6598198,-0.4793351,0.5786844,0.0,0.0,0.0,0.0,0.0,0.0,0.0,1.083172,0.8959959,1.966591,1.554036,-0.001240607,-1.851627,0.1767423,-0.5362046,0.1188681,0.8167725,24.59439,293.4945,0.2921462,0.68081,-0.002263571,-0.7324557,-0.4835883,0.006839981,-0.04530137,0.2311795,-1.015264,-0.5665081,0.65016,-0.2071999,1.991,0.39671,0.004636306,0.9179323,-0.3837165,0.909265,0.1612413,-0.8338962,-0.4161918,0.3624936,static,15.562337746041011,-5.320270657516155,18.084421880927106,-5.941285072231013,-1.3228564999999999,-1.014023393,1.2851189,0.2672135408543781,-0.08935120623157697,0.9594859180292524,15.63819333827526,-5.6257856992326065,2.564911178927089,2.5974155013643423,2.4664902061931984
05/05/2023 11:40:22.432671,2097,True,True,True,True,Eyes,1.589196,-0.001820531,-1.841203,-0.6593977,-0.4794428,0.5790762,0.0,0.0,0.0,0.0,0.0,0.0,0.0,1.081185,0.8984929,1.958354,1.544497,-0.002690192,-1.850924,0.1777622,-0.5352542,0.1185454,0.8172212,24.67344,293.6006,0.2181422,0.6781624,-0.002103732,-0.7349082,-0.454573,0.006429582,-0.04258328,0.2255228,-1.019857,-0.564301,0.6501601,-0.2072001,1.991,0.3988998,0.003459683,0.9169879,-0.3840514,0.9086952,0.1636382,-0.8326965,-0.4174458,0.3638071,static,15.506211165125968,-5.21827150626021,18.084424481368902,-5.941290766043414,-1.3189742,-1.017166808,1.286623,0.2663135519242885,-0.08766562666463013,0.9598915566909302,15.580730877490105,-5.526169930600754,2.6409198696200504,2.6776745048772894,2.537874498497161
05/05/2023 11:40:22.442731,2098,True,True,True,True,Eyes,1.58652,-0.00205621,-1.841061,-0.6589397,-0.4796074,0.579461,0.0,0.0,0.0,0.0,0.0,0.0,0.0,1.081351,0.9071005,1.945376,1.533637,-0.002903946,-1.850564,0.1804055,-0.5342739,0.1195046,0.8171439,24.99447,293.6797,0.1601248,0.6757194,-0.001968296,-0.7371554,-0.4272987,0.006043808,-0.04002829,0.2218551,-1.030311,-0.5647235,0.6501601,-0.2072,1.991,0.4005402,0.002532998,0.9162757,-0.3880767,0.906345,0.1671381,-0.8300386,-0.4225308,0.3640107,static,15.467998722237036,-4.886655844777068,18.084424481368902,-5.941287919137228,-1.3117819,-1.027407054,1.2858405,0.2657992912359351,-0.08212062833922185,0.9605242194091181,15.534542550385265,-5.203259709941141,2.7698259594692125,2.8209807807423957,2.6545401672466795
05/05/2023 11:40:22.462679,2099,True,True,True,True,Eyes,1.58357,-0.002341461,-1.840894,-0.6585186,-0.4798444,0.5797435,0.0,0.0,0.0,0.0,0.0,0.0,0.0,1.080937,0.9086591,1.936104,1.523805,-0.003872659,-1.849483,0.1814053,-0.5336552,0.1192536,0.8173634,25.07655,293.7378,0.08421208,0.6734555,-0.00185614,-0.7392246,-0.4016607,0.005681179,-0.03762659,0.2149015,-1.03452,-0.5633026,0.6501601,-0.2072,1.991001,0.4019814,0.001331202,0.9156469,-0.3885628,0.9057414,0.1692676,-0.829114,-0.4238287,0.3646085,static,15.447539718869038,-4.795970787650956,18.084415989642608,-5.941284956411605,-1.3089035,-1.030647341,1.2861804000000001,0.26548920785007846,-0.08060740090492338,0.9607381786855673,15.51215447101554,-5.114888904494273,2.8196419774905745,2.8748671295440116,2.7017512385181175
05/05/2023 11:40:22.482329,2100,True,True,True,True,Eyes,1.580356,-0.002669503,-1.840687,-0.6579885,-0.4802741,0.5799896,0.0,0.0,0.0,0.0,0.0,0.0,0.0,1.080937,0.9099665,1.927061,1.514383,-0.005339328,-1.848417,0.182186,-0.5330594,0.1193854,0.8175594,25.16172,293.804,0.06187354,0.6713477,-0.001767012,-0.7411395,-0.3775611,0.005340308,-0.03536899,0.2084367,-1.038766,-0.5614606,0.65016,-0.2071999,1.991,0.4031896,0.0009773994,0.9151159,-0.3894412,0.9051108,0.1706166,-0.8281146,-0.4251747,0.3653119,static,15.416596732689815,-4.72911876050089,18.084421880927106,-5.941285072231013,-1.3059463,-1.033426672,1.2869564,0.2649940215761418,-0.07949760342234305,0.9609673839159305,15.480188783884058,-5.049637737913707,2.8720926968865568,2.9302966042468697,2.752646906620895
05/05/2023 11:40:22.492753,2101,True,True,True,True,Eyes,1.576857,-0.003006443,-1.840467,-0.6575281,-0.4807069,0.5801532,0.0,0.0,0.0,0.0,0.0,0.0,0.0,1.081852,0.9193214,1.913479,1.504822,-0.006656177,-1.847274,0.1847361,-0.5323451,0.1208523,0.8172369,25.50669,293.852,0.05352882,0.6693756,-0.0017004,-0.7429214,-0.3549074,0.00501989,-0.03324685,0.2056966,-1.050471,-0.5617989,0.6501601,-0.2072,1.991,0.404007,0.0008432079,0.9147556,-0.3942165,0.9025346,0.1732761,-0.8254524,-0.4306165,0.3649627,static,15.389358780468337,-4.408095891626753,18.084424481368902,-5.941287919137228,-1.2991254,-1.043814823,1.2854751000000002,0.26464711023533916,-0.07411949823345251,0.9614927292981292,15.444984108103737,-4.737106914446686,3.0276086206061628,3.100654273760997,2.9011544902124182
05/05/2023 11:40:22.512742,2102,True,True,True,True,Eyes,1.573095,-0.003364435,-1.840204,-0.6571501,-0.4810806,0.5802717,0.0,0.0,0.0,0.0,0.0,0.0,0.0,1.084354,0.9200193,1.902634,1.49477,-0.007175695,-1.846046,0.1857428,-0.532279,0.1207611,0.8170651,25.59996,293.8297,359.9749,0.6675197,-0.001654461,-0.7445895,-0.333613,0.004718696,-0.03125204,0.1969386,-1.054574,-0.5621796,0.6501601,-0.2072001,1.991,0.4041916,-0.0003946614,0.9146742,-0.3950734,0.9018327,0.1749708,-0.8249522,-0.4320852,0.3643574,static,15.428691440943268,-4.32443073197559,18.084424481368902,-5.941290766043414,-1.2978314,-1.047398305,1.2838664,0.2653348702218108,-0.07270116419822135,0.9614114576058774,15.481071283805889,-4.655962864131089,3.031996944456323,3.1092047780379772,2.9033628238123983
05/05/2023 11:40:22.532555,2103,True,True,True,True,Eyes,1.569059,-0.003730019,-1.83991,-0.6569901,-0.4813062,0.5802658,0.0,0.0,0.0,0.0,0.0,0.0,0.0,1.089542,0.914165,1.893304,1.484695,-0.008037917,-1.844726,0.1853325,-0.5329447,0.1199253,0.8168476,25.5059,293.7325,359.897,0.6657626,-0.001628025,-0.746161,-0.3135962,0.004435575,-0.02937692,0.1833521,-1.053432,-0.562782,0.6501604,-0.2071999,1.991,0.4031758,-0.001622557,0.9151212,-0.3934654,0.9025396,0.1749497,-0.8262169,-0.430604,0.3632436,static,15.524665478607089,-4.426362327730547,18.084432282693825,-5.941285072231013,-1.3013429,-1.045394083,1.2819440000000002,0.2669118308487973,-0.07437783919036987,0.9608465329574771,15.577375979149235,-4.75577714874098,2.901605093780405,2.9744574317191446,2.7732220152379283
05/05/2023 11:40:22.552860,2104,True,True,True,True,Eyes,1.56475,-0.0041104,-1.83956,-0.6570746,-0.4812685,0.5802014,0.0,0.0,0.0,0.0,0.0,0.0,0.0,1.098292,0.9064456,1.882396,1.474356,-0.008579731,-1.843232,0.1846634,-0.5343168,0.1192627,0.8161995,25.39729,293.5414,359.8317,0.6640891,-0.001619512,-0.7476509,-0.2947804,0.00416944,-0.0276143,0.167125,-1.051404,-0.5651924,0.6501601,-0.2072002,1.991,0.400564,-0.002653251,0.916265,-0.3920218,0.9033517,0.1739962,-0.8281711,-0.4288924,0.3608101,static,15.692909556202055,-4.539541757501371,18.084424481368902,-5.941293612949571,-1.307231,-1.042824269,1.2780396,0.26969461101781045,-0.0762143624983908,0.9599251279950359,15.744434043426585,-4.8670146538872165,2.7038220859723068,2.772048322368905,2.574806892088332
05/05/2023 11:40:22.562509,2105,True,True,True,True,Eyes,1.560182,-0.0045129,-1.83915,-0.6574897,-0.4809469,0.5799977,0.0,0.0,0.0,0.0,0.0,0.0,0.0,1.108683,0.8871584,1.875367,1.463533,-0.009353131,-1.841524,0.1815237,-0.536421,0.1168689,0.8158699,24.93445,293.295,359.7443,0.6624857,-0.001627794,-0.749072,-0.2770936,0.003919274,-0.02595744,0.1433884,-1.039237,-0.5662678,0.6501603,-0.2071998,1.991001,0.3971884,-0.004046631,0.9177283,-0.3854457,0.9067817,0.1708175,-0.8328704,-0.4215811,0.3586034,static,15.904730184131735,-4.98627066120702,18.08442119052386,-5.941279262601942,-1.3201446,-1.029883869,1.2752561999999998,0.2730789999532668,-0.0836134517524387,0.95835098408754,15.962961590820154,-5.303079520567576,2.33236608704841,2.3797256800070454,2.2153757568204395
05/05/2023 11:40:22.572626,2106,True,True,True,True,Eyes,1.555349,-0.004937624,-1.838675,-0.6581672,-0.480395,0.5796865,0.0,0.0,0.0,0.0,0.0,0.0,0.0,1.12137,0.8656567,1.86785,1.452834,-0.01035382,-1.8398,0.1778532,-0.5390359,0.1143899,0.8153058,24.41419,292.988,359.672,0.6609401,-0.001652162,-0.750436,-0.260468,0.003684118,-0.0244,0.1175413,-1.025352,-0.5683857,0.6501604,-0.2071999,1.991,0.3927106,-0.005212999,0.9196473,-0.378264,0.9105663,0.166689,-0.8382689,-0.41333,0.3556172,static,16.15987992904577,-5.485136300100414,18.084432282693825,-5.941285072231013,-1.3352926999999999,-1.01499818,1.2714143,0.2771422739386662,-0.0918432468493065,0.9564292109023922,16.22513243550764,-5.79015994447415,1.953154633534834,1.977870942263051,1.865431512006298
05/05/2023 11:40:22.592493,2107,True,True,True,True,Eyes,1.550248,-0.005386686,-1.838145,-0.6587322,-0.4797642,0.5795673,0.0,0.0,0.0,0.0,0.0,0.0,0.0,1.134829,0.8468637,1.857672,1.441702,-0.01134413,-1.837749,0.1748473,-0.541853,0.1119047,0.8144333,23.95848,292.6315,359.5482,0.6594409,-0.001692004,-0.7517537,-0.2448399,0.003463071,-0.022936,0.09147222,-1.013865,-0.5722246,0.6501601,-0.2071999,1.991,0.3877454,-0.007205165,0.9217384,-0.3717608,0.9138115,0.163531,-0.8434735,-0.4060746,0.3516476,static,16.477083148584892,-5.9079772405586874,18.084424481368902,-5.941285072231013,-1.35022978,-1.0025208700000001,1.2655244,0.2822456219620575,-0.09874607859592036,0.9542466531211675,16.54574507090741,-6.203681038458739,1.5996018975409958,1.6076864034153517,1.560892684098014
05/05/2023 11:40:22.612673,2108,True,True,True,True,Eyes,1.416769,-0.01784654,-1.823137,-0.6778685,-0.4604639,0.5731208,0.0,0.0,0.0,0.0,0.0,0.0,0.0,1.147666,0.8267791,1.847886,1.430476,-0.01243637,-1.835474,0.1715257,-0.5446961,0.1089029,0.8136497,23.43831,292.2746,359.3979,0.6579781,-0.001746855,-0.7530342,-0.2301495,0.003255286,-0.02155984,0.06444775,-1.000741,-0.5757345,0.6501602,-0.2071999,1.991001,0.3828928,-0.009641082,0.9237425,-0.3640762,0.9174382,0.1604856,-0.8490241,-0.3977614,0.3477705,static,15.978079069043513,-4.991690675959956,18.084418590083267,-5.941282109506788,-1.36602825,-0.9883046300000001,1.2597395,0.2743042708284289,-0.08367378036248117,0.9579958368245838,16.034609559700208,-5.308839519036816,2.263234394729508,2.3104956326640194,2.1451574980127464
05/05/2023 11:40:22.632425,2109,True,True,True,True,Eyes,1.416396,-0.01791945,-1.822903,-0.676603,-0.4614584,0.5738159,0.0,0.0,0.0,0.0,0.0,0.0,0.0,1.160578,0.813624,1.834868,1.419483,-0.01413773,-1.833176,0.1695357,-0.5473437,0.1071332,0.812524,23.12764,291.9224,359.284,0.6522919,-0.002486723,-0.7579629,-0.6167768,-0.03431959,0.02475552,0.04109966,-0.9941691,-0.580451,0.6501601,-0.2072,1.991,0.3778749,-0.01149202,0.9257854,-0.3596851,0.9195603,0.1582263,-0.8531339,-0.3927809,0.3433453,static,16.380279839998728,-5.39171141341364,18.084424481368902,-5.941287919137228,-1.37838334,-0.9800313700000001,1.2527249999999999,0.2808621724015239,-0.09018205909352224,0.9555018565988864,16.437464339501474,-5.700720571853499,1.761960821052556,1.7905706616478525,1.6644369490849176
05/05/2023 11:40:22.642508,2110,True,True,True,True,Eyes,1.415611,-0.01806887,-1.822581,-0.6755172,-0.4623708,0.5743603,0.0,0.0,0.0,0.0,0.0,0.0,0.0,1.172894,0.8024561,1.82105,1.408531,-0.01575894,-1.830746,0.167946,-0.549782,0.1060273,0.811352,22.89916,291.597,359.2153,0.6476448,-0.003102918,-0.7619352,-0.5797701,-0.03226041,0.02327019,0.01961949,-0.9895333,-0.5847893,0.6501601,-0.2071999,1.991,0.3729959,-0.01261638,0.9277472,-0.3567183,0.9211047,0.1559428,-0.8565198,-0.3891104,0.3390677,static,16.740770356483747,-5.712364141088494,18.084424481368902,-5.941285072231013,-1.38891151,-0.97377436,1.2459567,0.28672949396080805,-0.09535518048947947,0.9532542080952845,16.797519948954694,-6.0151012014766065,1.3491202483288207,1.3630154804829073,1.2890198200512804
05/05/2023 11:40:22.662714,2111,True,True,True,True,Eyes,1.414435,-0.01821409,-1.822167,-0.6743224,-0.4635149,0.5748419,0.0,0.0,0.0,0.0,0.0,0.0,0.0,1.185398,0.7952447,1.805471,1.397954,-0.01776177,-1.82831,0.1670605,-0.5519603,0.1066816,0.809969,22.85471,291.3085,359.2785,0.6438341,-0.003621931,-0.7651558,-0.5449839,-0.03032479,0.02187398,0.001912845,-0.98952,-0.5887635,0.6501601,-0.2072,1.991,0.3679179,-0.0116039,0.9297859,-0.357239,0.9214197,0.1528596,-0.8584968,-0.3883956,0.3348614,static,17.048675065562584,-5.9004360225716965,18.084424481368902,-5.941287919137228,-1.3960411549999998,-0.97175823,1.2395465,0.2917632816824944,-0.09832732970325553,0.9514230895635591,17.102740435139843,-6.200134035320055,1.0307470019355522,1.0365547403760837,1.0152363658200938
05/05/2023 11:40:22.682680,2112,True,True,True,True,Eyes,1.412827,-0.01814257,-1.821641,-0.6731386,-0.4649286,0.5750877,2.108008,-0.006155372,-0.9982159,-0.6093516,0.1913554,0.1122458,-0.9750815,0.6375504,-0.2088922,1.98306,1.387319,-0.01771934,-1.825694,0.1686855,-0.553901,0.1105859,0.807781,23.26778,291.0172,359.4879,0.6406932,-0.004061972,-0.7677855,-0.5122849,-0.0285053,0.02056154,-0.009019177,-0.9999016,-0.5947273,0.6501601,-0.2071999,1.991,0.3619291,-0.008211712,0.9321696,-0.3655283,0.918632,0.1500145,-0.8575526,-0.395029,0.3294781,static,17.313999869306265,-5.694862034687729,18.084424481368902,-5.941285072231013,-1.396338177,-0.98218226,1.2309667,0.29626852804523623,-0.0947755350520902,0.9503907606057149,17.355843194480514,-6.0018732703978515,0.7954087737959316,0.8088747717069211,0.7310961779144005
05/05/2023 11:40:22.692422,2113,True,True,True,True,Eyes,1.410797,-0.01806255,-1.821005,-0.6722438,-0.4659337,0.5753208,2.106266,-0.005127907,-0.9994432,-0.6092261,0.2594915,0.03034662,-0.9652685,0.6495446,-0.2024504,1.97209,1.375389,-0.01240905,-1.822474,0.1719493,-0.5559662,0.1148253,0.8050778,23.8625,290.6605,359.6047,0.6379445,-0.004443039,-0.7700689,-0.4815478,-0.02679498,0.01932785,-0.01930411,-1.01144,-0.6032578,0.65016,-0.2071999,1.991,0.3554334,-0.006309385,0.9346803,-0.3760826,0.9144971,0.1491871,-0.8557038,-0.4045431,0.32267,static,17.632054127915676,-5.2625981975961835,18.084421880927106,-5.941285072231013,-1.39469311,-0.9990309499999999,1.2192162,0.3017427730555069,-0.08744541890125992,0.9493706125474528,17.654237600602162,-5.583396524567152,0.7769480698202931,0.815630098614686,0.5595915721199148
05/05/2023 11:40:22.712580,2114,True,True,True,True,Eyes,1.408496,-0.01802573,-1.820307,-0.6713683,-0.4671089,0.5753902,0.0,0.0,0.0,0.0,0.0,0.0,0.0,1.222733,0.7669256,1.756178,1.363453,-0.01217355,-1.818861,0.1656493,-0.5584053,0.110751,0.8052815,22.98415,290.439,359.5875,0.635423,-0.00478308,-0.7721488,-0.4526549,-0.02518728,0.01816818,-0.05005387,-0.9846673,-0.599855,0.6501603,-0.2071999,1.991,0.3518355,-0.006627404,0.9360384,-0.3633704,0.920589,0.1431007,-0.8626551,-0.3904766,0.3214877,static,17.88625052496643,-6.253520650720927,18.084429682252264,-5.941285072231013,-1.41350687,-0.97249375,1.219006,0.3054717239694188,-0.10372132514025738,0.9465352151539003,17.92874162568603,-6.549234158348527,0.3621441488654201,0.3698189217136595,0.6275674165127536
05/05/2023 11:40:22.732780,2115,True,True,True,True,Eyes,1.40582,-0.01785944,-1.819557,-0.6701478,-0.4690903,0.5752011,0.0,0.0,0.0,0.0,0.0,0.0,0.0,1.236474,0.770611,1.73578,1.354691,-0.01317165,-1.816668,0.1673801,-0.5603084,0.1150956,0.8029891,23.4399,290.1517,359.8297,0.6331011,-0.005088133,-0.7740518,-0.4254956,-0.02367605,0.01707809,-0.05831672,-0.9970396,-0.6062401,0.6501602,-0.2071999,1.991,0.3456149,-0.002727929,0.9383725,-0.37241,0.9174738,0.1398307,-0.8613136,-0.3977869,0.3160767,static,18.11890165428358,-6.059301945366934,18.08442708181062,-5.941285072231013,-1.4130077200000002,-0.98386795,1.2104279,0.30941931705112813,-0.10037758351335002,0.9456130899071635,18.15029953005653,-6.36180523068124,0.11635137179231013,0.12294908902457691,0.4256481917040338
05/05/2023 11:40:22.743013,2116,True,True,True,True,Eyes,1.402793,-0.01755731,-1.818728,-0.6692336,-0.4707847,0.574881,0.0,0.0,0.0,0.0,0.0,0.0,0.0,1.246343,0.7921758,1.706683,1.343361,-0.009748969,-1.81355,0.1745254,-0.561269,0.1199382,0.8000831,24.45037,289.8452,359.7488,0.6309502,-0.005356222,-0.7758043,-0.3999659,-0.02225548,0.0160534,-0.05926704,-1.025044,-0.6170848,0.6501601,-0.2072001,1.991,0.3411839,-0.003990358,0.9399881,-0.3878325,0.9103115,0.1446345,-0.856259,-0.4139049,0.309036,static,18.366351756329784,-5.188597763380543,18.084424481368902,-5.941290766043414,-1.40262804,-1.015295031,1.1964652,0.31392809639387764,-0.085862639851994,0.9455563265380931,18.368050282629845,-5.516264725343115,0.7766201259924038,0.8037597555392513,0.5109703811516711
05/05/2023 11:40:22.762686,2117,True,True,True,True,Eyes,1.399477,-0.01717781,-1.817839,-0.6686302,-0.4723149,0.5743276,0.0,0.0,0.0,0.0,0.0,0.0,0.0,1.251801,0.7756158,1.698395,1.33197,-0.006165322,-1.810787,0.1727447,-0.5632875,0.1148735,0.7997942,23.93713,289.5423,359.3192,0.6289465,-0.005585149,-0.777428,-0.3759679,-0.02092016,0.0150902,-0.08414426,-1.010408,-0.6208962,0.6501601,-0.2071998,1.991,0.3390226,-0.01085958,0.9407157,-0.3783601,0.9139267,0.1469068,-0.8613405,-0.4057339,0.305733,static,18.672241278592757,-5.710068219966014,18.084424481368902,-5.941282225324767,-1.41611426,-1.004242678,1.1898908,0.3187271995867679,-0.09430560518228029,0.9431433222530871,18.680292496012065,-6.025675759207831,0.6317769094187549,0.6316553675641078,0.6018147218505511
05/05/2023 11:40:22.782802,2118,True,True,True,True,Eyes,1.395847,-0.01670807,-1.816903,-0.6680368,-0.4740039,0.5736263,0.0,0.0,0.0,0.0,0.0,0.0,0.0,1.253823,0.7841691,1.682513,1.321682,-0.003870964,-1.808586,0.1763653,-0.563913,0.1127098,0.7988706,24.13595,289.3116,358.8178,0.6270689,-0.005775536,-0.7789418,-0.3534098,-0.01966495,0.01418479,-0.09435856,-1.019284,-0.6281257,0.6501601,-0.2072,1.991,0.3385976,-0.01882835,0.9407429,-0.3789904,0.9123836,0.1546692,-0.8612306,-0.4089031,0.3017951,static,18.8864936631365,-5.490427336858907,18.084424481368902,-5.941287919137228,-1.4160405600000001,-1.015413036,1.1804603,0.32236398422127704,-0.09057167440280287,0.9422729057412177,18.883229745696024,-5.813389442547466,0.918146263751076,0.9201033838616652,0.8089795242345165
05/05/2023 11:40:22.792900,2119,True,True,True,True,Eyes,1.391932,-0.01618476,-1.815973,-0.6679207,-0.4751929,0.5727772,0.0,0.0,0.0,0.0,0.0,0.0,0.0,1.255068,0.792498,1.66662,1.310503,-0.001128145,-1.806502,0.1800832,-0.5642746,0.1105666,0.7980849,24.34456,289.1137,358.3175,0.6252975,-0.005927338,-0.7803634,-0.3322052,-0.01848505,0.0133337,-0.1045492,-1.027951,-0.6347581,0.6501602,-0.2071999,1.991001,0.3387384,-0.02674973,0.9405003,-0.3797158,0.9106902,0.1626635,-0.8608556,-0.4122232,0.2983284,static,19.04834950992089,-5.215574346950696,18.084418590083267,-5.941282109506788,-1.4150521999999999,-1.026822855,1.1717439,0.32515781897632545,-0.08596357972872362,0.9417445143230314,19.03360171340473,-5.547035150360759,1.1988319226369242,1.2065714130763974,1.027803126281576
05/05/2023 11:40:22.812648,2120,True,True,True,True,Eyes,1.387778,-0.01567387,-1.815054,-0.6677742,-0.4766046,0.5717742,0.0,0.0,0.0,0.0,0.0,0.0,0.0,1.255949,0.79011,1.657325,1.300013,0.0006651357,-1.805097,0.1809117,-0.5648878,0.1062737,0.7980468,24.13057,288.9487,357.8167,0.6236138,-0.006042067,-0.7817087,-0.3122729,-0.01737595,0.01253368,-0.1205019,-1.024851,-0.6388315,0.6501601,-0.2072,1.991,0.3392154,-0.03476687,0.940066,-0.3740124,0.9119537,0.1686866,-0.8631613,-0.4088174,0.2963455,static,19.198667691594128,-5.370664630477162,18.084424481368902,-5.941287919137228,-1.4205149000000001,-1.0255161357,1.1662655,0.3275562701729928,-0.08843490080978433,0.9406839112590162,19.18431490789464,-5.698932381569312,1.2500599172531366,1.251858166524565,1.126274902922372
05/05/2023 11:40:22.832597,2121,True,True,True,True,Eyes,1.383373,-0.0151651,-1.81417,-0.6679034,-0.4778273,0.5706016,0.0,0.0,0.0,0.0,0.0,0.0,0.0,1.26008,0.8025869,1.639593,1.290111,0.0009777546,-1.804391,0.1849944,-0.5654731,0.1054445,0.7968053,24.46021,288.7131,357.407,0.6220024,-0.00612396,-0.7829909,-0.2935365,-0.01633339,0.01178166,-0.1283116,-1.038603,-0.6480734,0.65016,-0.2072,1.991,0.3382432,-0.04118135,0.9401572,-0.3772562,0.909317,0.1755571,-0.8621307,-0.4140612,0.2920344,static,19.350395806966368,-5.005242385889492,18.084421880927106,-5.941287919137228,-1.4184226,-1.0395807546,1.1563176,0.33021892173514905,-0.08235272503091685,0.9403050349155149,19.322373037021336,-5.344388469206145,1.5642539788653433,1.5744431465519169,1.3743405757682732
05/05/2023 11:40:22.842998,2122,True,True,True,True,Eyes,1.378726,-0.01466505,-1.813314,-0.6681411,-0.4790214,0.5693206,0.0,0.0,0.0,0.0,0.0,0.0,0.0,1.266574,0.8119008,1.62124,1.279923,0.001452107,-1.803776,0.1884619,-0.5664633,0.1050914,0.7953348,24.76146,288.4382,357.0743,0.6204482,-0.006176368,-0.7842226,-0.2759244,-0.01535339,0.01107476,-0.1377846,-1.050499,-0.6578155,0.6501602,-0.2072001,1.991,0.3361504,-0.04634781,0.9406672,-0.3806791,0.9068758,0.1807197,-0.8614442,-0.4188413,0.2872031,static,19.520466685006255,-4.695142797076941,18.08442708181062,-5.941290766043414,-1.4177076,-1.051951107,1.1459605000000002,0.3331469133799855,-0.07717810164943358,0.9397109403868343,19.479803162967706,-5.043794268873703,1.8822409650480671,1.901340185896659,1.6590884154550671
05/05/2023 11:40:22.862578,2123,True,True,True,True,Eyes,1.378726,-0.01466505,-1.813314,-0.6681411,-0.4790214,0.5693206,0.0,0.0,0.0,0.0,0.0,0.0,0.0,1.276181,0.8089305,1.606704,1.269485,0.001772214,-1.803582,0.1889863,-0.5682002,0.1038941,0.7941278,24.7225,288.1441,356.8601,0.6189377,-0.006202606,-0.7854151,-0.2593689,-0.01443218,0.01041027,-0.154099,-1.051186,-0.6658601,0.6501603,-0.2071998,1.991001,0.3327091,-0.04975364,0.9417163,-0.3797745,0.9069804,0.1820932,-0.8631779,-0.4182239,0.2828655,static,19.796567702833705,-4.695422221769048,18.08442119052386,-5.941279262601942,-1.423584,-1.052958214,1.1377219,0.33767471106290214,-0.0770507230179657,0.9381039134032668,19.74895919484349,-5.045897094791434,2.1031637583676375,2.1174525840754184,1.8900783037370235
05/05/2023 11:40:22.882716,2124,True,True,True,True,Eyes,1.378726,-0.01466505,-1.813314,-0.6681411,-0.4790214,0.5693206,0.0,0.0,0.0,0.0,0.0,0.0,0.0,1.288049,0.8034,1.591452,1.258918,0.002760049,-1.80343,0.1891127,-0.5703245,0.1032695,0.7926549,24.68293,287.8111,356.7194,0.6175767,-0.006226197,-0.7864856,-0.2438068,-0.01356625,0.009785655,-0.1715053,-1.050441,-0.6745463,0.6501602,-0.2072002,1.991,0.3281308,-0.05199711,0.9432001,-0.3794252,0.9071436,0.182008,-0.8650818,-0.4175963,0.2779328,static,20.10152083708151,-4.726468924994876,18.08442708181062,-5.941293612949571,-1.4304233,-1.053201049,1.1288837,0.34265332092090617,-0.0774106432372409,0.9362672004972733,20.047070093780764,-5.078127329605151,2.34545167267425,2.3546690298250064,2.144067075708654
05/05/2023 11:40:22.892782,2125,True,True,True,True,Eyes,1.372944,-0.01409339,-1.812492,-0.669431,-0.4788667,0.5679338,0.0,0.0,0.0,0.0,0.0,0.0,0.0,1.300439,0.7827017,1.582454,1.247578,0.004375692,-1.803179,0.1856853,-0.5728515,0.1008069,0.7919598,24.18004,287.5264,356.665,0.6163498,-0.006247418,-0.7874473,-0.2291784,-0.01275228,0.009198516,-0.197023,-1.034353,-0.6789492,0.6501604,-0.2071999,1.991,0.3233581,-0.05307019,0.9447874,-0.3724102,0.9107178,0.1786157,-0.8699139,-0.4096053,0.2747242,static,20.291098922899007,-5.219443051203035,18.084432282693825,-5.941285072231013,-1.444601,-1.038728692,1.1242298000000002,0.34552399041510173,-0.08536764060349064,0.9345188704877757,20.245161648190233,-5.559040569262981,2.322612043669213,2.321730726056788,2.194279437758051
05/05/2023 11:40:22.912644,2126,True,True,True,True,Eyes,1.367,-0.01356503,-1.811736,-0.6707671,-0.4786444,0.566543,0.0,0.0,0.0,0.0,0.0,0.0,0.0,1.313213,0.7532984,1.578051,1.236841,0.003860805,-1.803453,0.1795477,-0.5752255,0.09901898,0.7918796,23.47051,287.3644,356.8916,0.6151021,-0.006242556,-0.7884223,-0.2154277,-0.01198714,0.008646605,-0.2237552,-1.011224,-0.6782942,0.6501601,-0.2072001,1.991,0.3186216,-0.04973868,0.9465761,-0.3633831,0.9159157,0.1704439,-0.8754615,-0.3982769,0.2737564,static,20.367520603215084,-6.00187129742039,18.084424481368902,-5.941290766043414,-1.4605962000000001,-1.0150848049999999,1.1251588,0.346362295633351,-0.09808870489128411,0.9329585741495253,20.34074792009623,-6.320837718684977,2.27213805275256,2.2838997137289088,2.288023459103908
05/05/2023 11:40:22.932453,2127,True,True,True,True,Eyes,1.360879,-0.01305364,-1.811056,-0.6722546,-0.4783366,0.565038,0.0,0.0,0.0,0.0,0.0,0.0,0.0,1.328726,0.739323,1.564905,1.22706,0.003288228,-1.80426,0.177318,-0.5772766,0.1023366,0.7904665,23.48325,287.161,357.3168,0.6138288,-0.006216043,-0.7894142,-0.202502,-0.01126791,0.008127809,-0.2385856,-1.007833,-0.6821023,0.6501603,-0.2072,1.991,0.3125579,-0.04293571,0.9489279,-0.3665103,0.9161711,0.1621747,-0.8763433,-0.3984808,0.2706201,static,20.386623305697345,-6.133040508450656,18.084429682252264,-5.941287919137228,-1.4656456,-1.011121228,1.1221576999999998,0.34659955308353885,-0.1002149467183038,0.9326445227530469,20.362905030510973,-6.4485899741454045,2.2930674989738815,2.3101654779126966,2.3342676126867214
05/05/2023 11:40:22.942743,2128,True,True,True,True,Eyes,1.3546,-0.01257177,-1.810449,-0.6738059,-0.4780303,0.5634471,0.0,0.0,0.0,0.0,0.0,0.0,0.0,1.346416,0.7291156,1.547716,1.216795,0.003316622,-1.805345,0.176337,-0.5796224,0.1065668,0.7884079,23.67748,286.8775,357.7233,0.6125257,-0.006170738,-0.7904261,-0.1903519,-0.01059184,0.00764014,-0.2523589,-1.009507,-0.6893265,0.65016,-0.2071999,1.991,0.3053629,-0.03638147,0.9515408,-0.3724538,0.9150976,0.1545138,-0.8763741,-0.4015878,0.2658865,static,20.457387087344564,-6.087196829308309,18.084421880927106,-5.941285072231013,-1.4691539,-1.012823622,1.1160185,0.3477789336974588,-0.09942237774829124,0.9322901893565354,20.430651269492515,-6.404454062707875,2.361989650763914,2.3774469734825283,2.391509535316003
05/05/2023 11:40:22.962798,2129,True,True,True,True,Eyes,1.348198,-0.01211603,-1.809909,-0.6753795,-0.4779185,0.5616552,0.0,0.0,0.0,0.0,0.0,0.0,0.0,1.363829,0.7183059,1.53095,1.206812,0.003057066,-1.806487,0.1751064,-0.5822707,0.1092671,0.7863583,23.74325,286.5406,357.9921,0.6111884,-0.00610973,-0.7914612,-0.1789308,-0.009956328,0.007181732,-0.268616,-1.008995,-0.6980721,0.6501601,-0.2072001,1.991,0.2980431,-0.03207249,0.9540134,-0.3757648,0.9147969,0.1481466,-0.8774799,-0.4026388,0.2605972,static,20.587186485422016,-6.1405283780003534,18.084424481368902,-5.941290766043414,-1.475428,-1.012052066,1.1084149,0.34986241481580227,-0.10020717823485607,0.9314262920269127,20.558619638299586,-6.4572055780041735,2.4924450521245545,2.510679843179983,2.527411673586192
05/05/2023 11:40:22.982784,2130,True,True,True,True,Eyes,1.341646,-0.01167141,-1.809451,-0.6769026,-0.4779902,0.5597573,0.0,0.0,0.0,0.0,0.0,0.0,0.0,1.381062,0.7198905,1.509093,1.197283,0.002914444,-1.80816,0.1770126,-0.5846366,0.1130894,0.7836308,24.18333,286.1494,358.132,0.6098147,-0.006035683,-0.7925206,-0.1681949,-0.009358948,0.006750828,-0.2786252,-1.020962,-0.7113035,0.6501601,-0.2071999,1.991,0.2908216,-0.02973538,0.9563152,-0.3842169,0.9117546,0.1451927,-0.8762421,-0.4096576,0.253733,static,20.74709813033654,-5.7936099039679805,18.084424481368902,-5.941285072231013,-1.4759082000000001,-1.0238764439999999,1.0968565,0.35265973805880957,-0.09445976535544676,0.9309717815097167,20.70515396342741,-6.120719811684051,2.660173778661068,2.6667656282898475,2.6268650220087886
05/05/2023 11:40:22.993840,2131,True,True,True,True,Eyes,1.334953,-0.01124297,-1.809127,-0.6784238,-0.4781304,0.5577924,0.0,0.0,0.0,0.0,0.0,0.0,0.0,1.395477,0.7196333,1.489722,1.187194,0.003059901,-1.809713,0.1784911,-0.586512,0.1159894,0.7814673,24.52109,285.8371,358.2307,0.6084017,-0.005950341,-0.7936065,-0.1581032,-0.008797411,0.006345778,-0.2891708,-1.029947,-0.7220706,0.6501604,-0.2071999,1.991001,0.2851003,-0.02809047,0.9580861,-0.3906581,0.9093748,0.1429115,-0.8752738,-0.4150282,0.2482892,static,20.846840263606257,-5.526414239254753,18.08442379096437,-5.941282109506788,-1.4763648,-1.033006901,1.0876424,0.3544251484746727,-0.09005295557835279,0.9307379720569424,20.795182696675386,-5.861404072349147,2.7922146108792663,2.7933958040511753,2.7119355349476413
05/05/2023 11:40:23.012335,2132,True,True,True,True,Eyes,1.328127,-0.0107875,-1.808896,-0.6798958,-0.4783941,0.5557705,0.0,0.0,0.0,0.0,0.0,0.0,0.0,1.409472,0.7148124,1.47341,1.177449,0.003061879,-1.811659,0.1787596,-0.5882781,0.1186325,0.7796797,24.72909,285.5797,358.402,0.6069453,-0.005855464,-0.7947217,-0.148617,-0.008269566,0.005965031,-0.300758,-1.034424,-0.7308033,0.6501602,-0.2071999,1.991,0.2797105,-0.02532989,0.9597503,-0.3953114,0.9079427,0.1391725,-0.8749235,-0.4183282,0.2439479,static,20.899871872302107,-5.416592937302989,18.08442708181062,-5.941285072231013,-1.478207,-1.037485879,1.0808556999999999,0.355344511850515,-0.08823587114317037,0.9305615355171444,20.843918873912138,-5.754901351339255,2.8640642193952575,2.863918854430233,2.7657790660298773
05/05/2023 11:40:23.032386,2133,True,True,True,True,Eyes,1.321154,-0.01032381,-1.808763,-0.6814905,-0.4784918,0.5537295,0.0,0.0,0.0,0.0,0.0,0.0,0.0,1.423408,0.7104064,1.456473,1.167459,0.004220285,-1.813588,0.1794988,-0.5899428,0.1217221,0.7777734,25.01383,285.3244,358.5808,0.6054429,-0.005750729,-0.7958676,-0.1397,-0.007773392,0.00560713,-0.311191,-1.039948,-0.7397977,0.6501601,-0.2071999,1.991,0.2743024,-0.02244369,0.9613816,-0.4011324,0.9059278,0.1356007,-0.8739857,-0.4228369,0.2394953,static,20.943319493026472,-5.220645754938092,18.084424481368902,-5.941285072231013,-1.47865,-1.044168285,1.0737903,0.35614985951619843,-0.08502501832897426,0.930552570923583,20.88099102727102,-5.564535949152788,2.9497046726544998,2.948321846968024,2.821829964296061
05/05/2023 11:40:23.043215,2134,True,True,True,True,Eyes,1.314079,-0.00990802,-1.808736,-0.6831464,-0.4785038,0.5516749,0.0,0.0,0.0,0.0,0.0,0.0,0.0,1.436093,0.6966725,1.444755,1.157134,0.004797079,-1.815503,0.1775681,-0.5918486,0.1222137,0.7766908,24.86584,285.101,358.7153,0.6038918,-0.005636677,-0.797046,-0.131318,-0.007306988,0.005270702,-0.3287688,-1.033578,-0.746115,0.6501601,-0.2072001,1.991,0.2695581,-0.02034236,0.9627692,-0.4000313,0.9070668,0.131167,-0.8759643,-0.4204949,0.2363696,static,20.985010492201106,-5.429346257098771,18.084424481368902,-5.941290766043414,-1.4859028,-1.0383750790000001,1.069388,0.35672189028943546,-0.08839334771140578,0.9300194593695944,20.927257355989514,-5.767874723177476,2.945268931508717,2.94541786279537,2.8481172512638895
05/05/2023 11:40:23.062635,2135,True,True,True,True,Eyes,1.306915,-0.009528886,-1.808805,-0.6847687,-0.478672,0.5495134,0.0,0.0,0.0,0.0,0.0,0.0,0.0,1.450197,0.6843975,1.432108,1.147684,0.004027773,-1.818023,0.1757307,-0.5938774,0.1235696,0.7753445,24.78876,284.8619,358.9203,0.6022901,-0.005516272,-0.7982578,-0.1234389,-0.006868569,0.00495446,-0.3447509,-1.029944,-0.7534764,0.6501601,-0.2072,1.991,0.2640805,-0.01710705,0.964349,-0.400343,0.9076986,0.1257333,-0.8774891,-0.419274,0.2328568,static,21.024933351016866,-5.606977599305411,18.084424481368902,-5.941287919137228,-1.4924349,-1.033971773,1.0645466,0.3572772067469987,-0.091255473984108,0.9295297030596968,20.970962653698063,-5.940971968470684,2.9563588449790625,2.959451942915174,2.8865381896206044
05/05/2023 11:40:23.082939,2136,True,True,True,True,Eyes,1.299658,-0.00917794,-1.808977,-0.6863511,-0.4789106,0.5473269,0.0,0.0,0.0,0.0,0.0,0.0,0.0,1.464625,0.6815898,1.414313,1.138431,0.003479663,-1.820422,0.1765855,-0.5955948,0.127153,0.7732506,25.12237,284.5964,359.1327,0.6006376,-0.005391751,-0.7995028,-0.1160326,-0.006456455,0.004657192,-0.3538477,-1.038293,-0.7632871,0.6501602,-0.2072001,1.991,0.2581979,-0.01370444,0.9659948,-0.4069891,0.9052994,0.1216262,-0.8761812,-0.424553,0.2281688,static,21.066253051406232,-5.386563844424744,18.08442708181062,-5.941290766043414,-1.4922787,-1.041772663,1.0571348999999999,0.35806381385080166,-0.08765066983244363,0.9295738787292392,21.005301016790817,-5.726786865297984,3.033179331540674,3.032986658480933,2.928739740482534
05/05/2023 11:40:23.098712,2137,True,True,True,True,Eyes,1.292317,-0.008849221,-1.809252,-0.6878989,-0.4792241,0.5451049,0.0,0.0,0.0,0.0,0.0,0.0,0.0,1.477063,0.6768523,1.399425,1.128965,0.003152773,-1.823091,0.1768216,-0.597032,0.129388,0.7717162,25.30329,284.3832,359.2753,0.598933,-0.005264716,-0.8007814,-0.1090706,-0.006069068,0.00437776,-0.3645747,-1.04256,-0.7716419,0.6501602,-0.2071999,1.991001,0.2536232,-0.01143468,0.9672356,-0.410838,0.9039857,0.1184146,-0.8757212,-0.4274098,0.2245739,static,21.07509030772756,-5.2882399255502,18.084418590083267,-5.941282109506788,-1.4935397,-1.045712773,1.0514491000000001,0.35825742318179543,-0.086048479565082,0.9296490007232343,21.011265594105218,-5.6311778443381755,3.062160291475718,3.0611405418151345,2.943229185814118
05/05/2023 11:40:23.112524,2138,True,True,True,True,Eyes,1.284894,-0.008572636,-1.809643,-0.6894035,-0.479572,0.5428936,0.0,0.0,0.0,0.0,0.0,0.0,0.0,1.487753,0.6746907,1.385281,1.119649,0.00290833,-1.825924,0.1776041,-0.5980962,0.1312081,0.7704039,25.50589,284.205,359.3473,0.597176,-0.005136371,-0.8020934,-0.1025264,-0.005704924,0.004115095,-0.3738337,-1.048103,-0.7796897,0.6501601,-0.2071998,1.991,0.2501307,-0.01028213,0.9681575,-0.4146152,0.9024825,0.1167036,-0.874945,-0.4306039,0.2214755,moving,21.060578861429562,-5.137662151434682,18.084424481368902,-5.941282225324767,-1.4934827,-1.05101133,1.0462343,0.35809653791542473,-0.0836105204199265,0.9299333848858776,20.993061003637386,-5.4845718093032945,3.084242126166401,3.0827423046880438,2.9442742438123197
05/05/2023 11:40:23.132354,2139,True,True,True,True,Eyes,1.277394,-0.008341135,-1.810169,-0.6908851,-0.4798995,0.5407165,0.0,0.0,0.0,0.0,0.0,0.0,0.0,1.497699,0.6713794,1.372764,1.110262,0.001936346,-1.829111,0.1778184,-0.5990322,0.1323676,0.7694285,25.60865,284.0606,359.4064,0.5953655,-0.005009122,-0.803439,0.0,0.0,0.0,-0.3853326,-1.051487,-0.7910701,0.6457711,-0.2071996,1.991,0.2472786,-0.009342981,0.9688995,-0.4167326,0.9017189,0.1150521,-0.8747499,-0.432222,0.2190823,moving,21.024594027515995,-5.0748349976667875,17.970216953197944,-5.941276531512189,-1.4955946,-1.053423346,1.0380409,0.3575423932205186,-0.0826095501208759,0.9302360905455563,20.956288911211058,-5.423203346383807,3.1763699931700713,3.17489216252963,3.030680709606562
05/05/2023 11:40:23.142783,2140,True,True,True,True,Eyes,1.269821,-0.008151658,-1.810822,-0.6923616,-0.4802261,0.5385335,0.0,0.0,0.0,0.0,0.0,0.0,0.0,1.508837,0.6661164,1.360207,1.101137,0.001073066,-1.832473,0.1776198,-0.6002495,0.1336168,0.7683089,25.67974,283.8871,359.4968,0.5935,-0.004884814,-0.8048187,0.0,0.0,0.0,-0.3977578,-1.053511,-0.8031692,0.6413137,-0.2071998,1.991001,0.2436942,-0.007914405,0.9698199,-0.4185502,0.9011955,0.1125268,-0.874888,-0.4333405,0.2163036,moving,21.01274591718047,-5.060927147232111,17.854069833121557,-5.941279262601942,-1.4988948,-1.054584066,1.0293038,0.3573565288120363,-0.08239001666705925,0.9303269421913105,20.944364287365214,-5.409592656763069,3.280585389790332,3.279063044688512,3.135699357520993
05/05/2023 11:40:23.162844,2141,True,True,True,True,Eyes,1.26218,-0.008011331,-1.8116,-0.6939113,-0.4805125,0.5362787,0.0,0.0,0.0,0.0,0.0,0.0,0.0,1.519758,0.6610175,1.347939,1.0918,0.0002396554,-1.836171,0.1774011,-0.60145,0.1343222,0.7672967,25.7099,283.7119,359.5379,0.591579,-0.004765019,-0.8062325,0.0,0.0,0.0,-0.4108152,-1.054798,-0.8152776,0.6373097,-0.2071998,1.991001,0.2404308,-0.007265932,0.9706391,-0.4195257,0.9009728,0.1106625,-0.8753235,-0.4338148,0.2135734,moving,21.00243221464291,-5.065446219607667,17.749615119723366,-5.941279262601942,-1.5026152000000002,-1.0550376553999998,1.0208933999999998,0.3571867071673125,-0.08246912820228658,0.9303851342934051,20.93443209843999,-5.413921248221194,3.370222171402192,3.3686648055574517,3.2281830281527255
05/05/2023 11:40:23.182788,2142,True,True,True,True,Eyes,1.25448,-0.007917606,-1.81251,-0.6954668,-0.4807958,0.5340049,0.0,0.0,0.0,0.0,0.0,0.0,0.0,1.531878,0.653131,1.335754,1.0826,-0.0008159652,-1.839957,0.1764669,-0.6030032,0.1349075,0.7661899,25.66532,283.5052,359.6128,0.5896022,-0.004651484,-0.80768,0.0,0.0,0.0,-0.4258125,-1.053753,-0.8282306,0.6328998,-0.2071998,1.991001,0.2363743,-0.006090707,0.9716431,-0.4195497,0.9013188,0.107715,-0.8764162,-0.4331136,0.2104933,moving,21.01847015898527,-5.163088287021553,17.634430232307057,-5.941279262601942,-1.5084125,-1.0529370348,1.0117264000000001,0.3573998158922844,-0.08404720635694904,0.9301619983248314,20.95269795967258,-5.509031797095955,3.473621072403033,3.4723633766970647,3.346302225130286
05/05/2023 11:40:23.198428,2143,True,True,True,True,Eyes,1.06023,-0.00673892,-1.839002,-0.7337152,-0.4873545,0.4734423,0.0,0.0,0.0,0.0,0.0,0.0,0.0,1.544406,0.6471459,1.322474,1.073521,-0.001845721,-1.844038,0.1760857,-0.6045315,0.1358898,0.7648982,25.701,283.2856,359.6811,0.5875692,-0.004545656,-0.8091608,0.0,0.0,0.0,-0.439396,-1.055143,-0.8421891,0.6285216,-0.2072001,1.991,0.2321512,-0.005014977,0.9726667,-0.4207825,0.9010556,0.105076,-0.8769537,-0.4336747,0.2070709,moving,17.071761957287503,-4.838255388833511,17.51993577542582,-5.941290766043414,-1.5129169999999998,-1.053297279,1.0018489000000002,0.29261288863681906,-0.0806515488772967,0.9528237192040769,17.096616772298187,-5.166802104149275,1.1331264188285033,1.1906077501180945,0.8826277051008248
05/05/2023 11:40:23.212451,2144,True,True,True,True,Eyes,1.059874,-0.006788664,-1.839184,-0.7337853,-0.4873284,0.4733604,0.0,0.0,0.0,0.0,0.0,0.0,0.0,1.555916,0.6408163,1.310287,1.06427,-0.002922453,-1.84816,0.1754559,-0.6059653,0.1360647,0.7638767,25.65519,283.0827,359.697,0.5777195,-0.004402787,-0.8162231,-0.5827482,0.00353606,-0.07947421,-0.4540655,-1.05468,-0.8556734,0.6241432,-0.2072001,1.990999,0.2285849,-0.004767071,0.9735122,-0.4205136,0.9014032,0.1031524,-0.8780189,-0.4329543,0.2040426,moving,17.242016778063174,-4.916832394264194,17.40529132798059,-5.941293728773382,-1.5183355,-1.051757547,0.9924866,0.29541310334432563,-0.08188436841350265,0.9518539556112617,17.264702299899476,-5.244385329430987,0.987662775514959,1.0373907675293241,0.7109476716965683
05/05/2023 11:40:23.232384,2145,True,True,True,True,Eyes,1.059173,-0.006878605,-1.839551,-0.7338761,-0.4873869,0.4731596,0.0,0.0,0.0,0.0,0.0,0.0,0.0,1.566672,0.6355307,1.299214,1.055383,-0.004171088,-1.852692,0.1749304,-0.6071444,0.1361401,0.7630471,25.61194,282.9154,359.7043,0.5693653,-0.004279565,-0.8220731,-0.5477833,0.003323896,-0.07470576,-0.4676295,-1.054551,-0.8686761,0.619788,-0.2072,1.991,0.225683,-0.00465346,0.9741896,-0.4201786,0.9017304,0.1016469,-0.8789294,-0.4322736,0.2015501,moving,17.374920711139207,-4.989779207442003,17.291095085172138,-5.941287919137228,-1.5230124999999999,-1.050379912,0.9840159,0.297591782454696,-0.08303734425947862,0.951075211531007,17.39622572300456,-5.3162427757639374,0.9152180391077306,0.9551939928625377,0.6338248040788468
05/05/2023 11:40:23.242844,2146,True,True,True,True,Eyes,1.058143,-0.007013521,-1.840103,-0.7340276,-0.4873909,0.4729204,0.0,0.0,0.0,0.0,0.0,0.0,0.0,1.576508,0.6325731,1.288072,1.046479,-0.005194385,-1.857286,0.1750472,-0.6079995,0.1365052,0.7622738,25.64907,282.7787,359.6982,0.5622466,-0.004175403,-0.8269589,-0.5149162,0.003124462,-0.07022341,-0.4791577,-1.056717,-0.8813132,0.6154507,-0.2071999,1.991,0.2234058,-0.004748467,0.9747139,-0.4209659,0.9014496,0.1008776,-0.8791345,-0.432858,0.1993902,moving,17.476701960662982,-4.969255672911265,17.17723538531375,-5.941285072231013,-1.5256367,-1.0515226149999999,0.9759728,0.29929047064785613,-0.08265064986338239,0.9505757181609868,17.494890836780986,-5.296948657110708,0.9834186165291208,1.017114242793457,0.7183831858395208
05/05/2023 11:40:23.262855,2147,True,True,True,True,Eyes,1.056791,-0.007184757,-1.840866,-0.7342079,-0.4873546,0.4726778,0.0,0.0,0.0,0.0,0.0,0.0,0.0,1.58588,0.6272038,1.279104,1.037575,-0.006417729,-1.862231,0.174325,-0.6087977,0.1361635,0.7618634,25.55744,282.6751,359.6964,0.5560091,-0.004089257,-0.8311659,-0.4840213,0.002936994,-0.06601001,-0.4924006,-1.055212,-0.8928108,0.6111915,-0.2071997,1.991,0.2216498,-0.004781306,0.9751147,-0.4197332,0.9021406,0.0998316,-0.8801679,-0.4314157,0.1979524,moving,17.552629405709368,-5.0708831851460126,17.065289610942465,-5.941279378418493,-1.5299756,-1.048794271,0.9694202,0.3005081482806208,-0.08430275016856462,0.9500462874551847,17.571645538000997,-5.396334135267317,0.9748780115453253,0.9975417829979214,0.7438828153011735
05/05/2023 11:40:23.282756,2148,True,True,True,True,Eyes,1.055141,-0.007404236,-1.841816,-0.7344484,-0.4872368,0.4724255,0.0,0.0,0.0,0.0,0.0,0.0,0.0,1.594835,0.6233535,1.270234,1.028701,-0.007496294,-1.867426,0.1739977,-0.6093901,0.1359562,0.7615014,25.51197,282.5911,359.6823,0.5503072,-0.004019619,-0.8349522,-0.45498,0.002760775,-0.0620494,-0.5044153,-1.05505,-0.9043909,0.6068253,-0.2071998,1.991,0.2203191,-0.005003332,0.9754149,-0.4191265,0.9024814,0.09929827,-0.8807908,-0.4306996,0.1967369,moving,17.609628711208344,-5.113557564105167,16.95039197495041,-5.941282225324767,-1.5331163,-1.047553706,0.9630351,0.30143560913303946,-0.08498423770951052,0.9496916644230257,17.628359752828292,-5.438233622055943,1.0424311740935035,1.0581687905164823,0.8442145492061763
05/05/2023 11:40:23.302719,2149,True,True,True,True,Eyes,1.053197,-0.007658542,-1.843014,-0.7346927,-0.4871379,0.4721476,0.0,0.0,0.0,0.0,0.0,0.0,0.0,1.603084,0.6182793,1.263197,1.019898,-0.008886222,-1.872844,0.1730741,-0.6098989,0.1349992,0.7614748,25.35686,282.5357,359.6501,0.5450783,-0.003967149,-0.8383753,-0.4276812,0.002595128,-0.05832644,-0.5177434,-1.052101,-0.915039,0.6025055,-0.2071998,1.991,0.2195971,-0.005518376,0.975575,-0.4167123,0.9036412,0.09891134,-0.8821156,-0.4282548,0.1961374,moving,17.64543685504057,-5.256719827905326,16.836576976014722,-5.941282225324767,-1.5376414,-1.0432147779999998,0.9578049999999999,0.3019672889747093,-0.08734150742453398,0.9493088384216879,17.66712489535351,-5.57776571030882,1.0524938693643917,1.0596603134299023,0.9066168446523196
05/05/2023 11:40:23.313052,2150,True,True,True,True,Eyes,1.050982,-0.007939359,-1.844396,-0.7349733,-0.4869714,0.4718824,0.0,0.0,0.0,0.0,0.0,0.0,0.0,1.611368,0.614099,1.255922,1.011356,-0.009942498,-1.878304,0.172524,-0.6103013,0.1345882,0.76135,25.27612,282.4882,359.6423,0.5402637,-0.003931789,-0.8414862,-0.4020203,0.002439421,-0.05482685,-0.5294294,-1.050798,-0.9257047,0.5981902,-0.2072001,1.991,0.2188367,-0.005645802,0.9757453,-0.4155206,0.904243,0.09842359,-0.8828664,-0.426981,0.1955356,moving,17.670241184125693,-5.327289772753835,16.72274375444144,-5.941290766043414,-1.5407853999999999,-1.0408555019999999,0.9525992999999999,0.30234718512635134,-0.08849949582156219,0.9490805626742713,17.693206713208816,-5.646593644067332,1.1257655635208823,1.1290476513499592,1.014221252015811
05/05/2023 11:40:23.332577,2151,True,True,True,True,Eyes,1.048519,-0.008266127,-1.845957,-0.7352791,-0.4867778,0.4716059,0.0,0.0,0.0,0.0,0.0,0.0,0.0,1.618249,0.6108459,1.250376,1.002615,-0.01086837,-1.88413,0.1719539,-0.6104017,0.1332381,0.7616359,25.12471,282.482,359.5593,0.5358115,-0.003913093,-0.8443282,-0.3778991,0.002293055,-0.05153724,-0.5417117,-1.04795,-0.9361562,0.5933998,-0.2072001,1.991,0.2193147,-0.006964008,0.9756293,-0.4128797,0.905359,0.09927491,-0.8839861,-0.42459,0.1956832,moving,17.66704059208963,-5.436298999572665,16.59621855207486,-5.941290766043414,-1.5443267,-1.0370816299999999,0.9479738000000001,0.30224493039360106,-0.09030810940243822,0.9489428611944896,17.693024866570916,-5.752636680655428,1.1834974153160536,1.183924206013478,1.112912600095803
05/05/2023 11:40:23.343094,2152,True,True,True,True,Eyes,1.045832,-0.008639383,-1.847708,-0.7355729,-0.4865549,0.4713776,0.0,0.0,0.0,0.0,0.0,0.0,0.0,1.62387,0.6059061,1.247641,0.994256,-0.01233176,-1.88997,0.1705285,-0.6103356,0.1310631,0.7623866,24.83473,282.5257,359.4749,0.5316756,-0.00391157,-0.8469388,-0.3552251,0.002155472,-0.04844501,-0.5550267,-1.04149,-0.9439021,0.5894703,-0.2071999,1.991,0.2206259,-0.0083178,0.975323,-0.4080007,0.9074849,0.1000323,-0.8859231,-0.4200022,0.196821,moving,17.629141745384995,-5.674412637162012,16.492307103649072,-5.941285072231013,-1.5492827,-1.0291582400000001,0.9460679,0.3015058323939976,-0.09427413333023886,0.9487921924886474,17.662498285490052,-5.984066176208256,1.1678075429094081,1.1677387975272995,1.1709729394464683
05/05/2023 11:40:23.363064,2153,True,True,True,True,Eyes,1.042908,-0.009025788,-1.849661,-0.735875,-0.4863609,0.4711062,0.0,0.0,0.0,0.0,0.0,0.0,0.0,1.629111,0.6060103,1.243942,0.9861629,-0.01382263,-1.896295,0.1704758,-0.6098267,0.1298517,0.7630125,24.74147,282.5987,359.384,0.5278141,-0.003927692,-0.8493505,-0.3339116,0.002026144,-0.04553831,-0.5642142,-1.040987,-0.9525772,0.5850858,-0.2071999,1.991,0.2225,-0.009764372,0.9748839,-0.4060784,0.9081531,0.1017762,-0.8863376,-0.4185245,0.1980989,moving,17.55689317291575,-5.711105361203939,16.376231826121643,-5.941285072231013,-1.5503771,-1.0271643700000002,0.9437178,0.3002906778750245,-0.09491988205552057,0.9491131213528629,17.593057996474254,-6.0192885061147585,1.202462240335286,1.202889818388277,1.2193237734714508
05/05/2023 11:40:23.382873,2154,True,True,True,True,Eyes,1.039778,-0.009457947,-1.851798,-0.7362652,-0.4859555,0.4709149,0.0,0.0,0.0,0.0,0.0,0.0,0.0,1.634189,0.6045263,1.24098,0.977703,-0.01452681,-1.902615,0.1701168,-0.6093371,0.1281947,0.7637638,24.5877,282.6758,359.2756,0.5241891,-0.003960309,-0.8515925,-0.3138769,0.001904575,-0.04280601,-0.5747101,-1.038026,-0.9609648,0.5807125,-0.2071998,1.991001,0.2245489,-0.01149594,0.9743952,-0.4031379,0.9092528,0.1036304,-0.8871628,-0.4160856,0.1995373,moving,17.488284607055476,-5.788495685674347,16.26030747801461,-5.941279262601942,-1.5524130999999999,-1.02349919,0.9416502,0.29911589543927297,-0.0962390007858401,0.9493512372018087,17.52826298673419,-6.094133098905195,1.2356513980515658,1.237445211242194,1.2771356495552668
05/05/2023 11:40:23.398694,2155,True,True,True,True,Eyes,1.036459,-0.009895307,-1.85414,-0.736649,-0.4856775,0.4706013,0.0,0.0,0.0,0.0,0.0,0.0,0.0,1.638227,0.6002236,1.241482,0.9696414,-0.01609044,-1.909154,0.1682717,-0.6089385,0.1245062,0.7650995,24.14971,282.7742,359.0948,0.5207664,-0.004009916,-0.8536896,-0.2950443,0.0017903,-0.04023765,-0.5892119,-1.027999,-0.9684665,0.5760739,-0.2071997,1.991001,0.2273843,-0.01441502,0.9736985,-0.3954534,0.9123657,0.1058559,-0.8898951,-0.4091223,0.2017572,moving,17.414525525487726,-6.132838639178222,16.137209340205448,-5.941276415697067,-1.5588533,-1.0119085600000002,0.9406875,0.2977220839080291,-0.1019893058400223,0.9491889743442402,17.46564239315249,-6.428684240722636,1.2790613533972248,1.2916008371974341,1.415026771498812
05/05/2023 11:40:23.412724,2156,True,True,True,True,Eyes,0.9480016,-0.01616924,-1.916949,-0.7438105,-0.4827777,0.4622463,0.0,0.0,0.0,0.0,0.0,0.0,0.0,1.643146,0.6014163,1.23864,0.9619465,-0.0166466,-1.915787,0.1684492,-0.6083978,0.1226515,0.7657898,24.03126,282.8392,358.9261,0.517516,-0.004075039,-0.8556635,-0.2773416,0.001682882,-0.03782339,-0.5982897,-1.02645,-0.9776369,0.57197,-0.2071999,1.991001,0.2296177,-0.01711768,0.9731304,-0.3928187,0.9131629,0.1087515,-0.8904882,-0.4072351,0.2029542,moving,16.780080723989084,-5.896584220613288,16.02817316785969,-5.941282109506788,-1.5602362,-1.0098034,0.9381500999999999,0.2872978288264371,-0.0984021367269628,0.9527733132442435,16.840805766307486,-6.194605122723711,0.7510096345016142,0.7532349396011918,0.8512016735682073
05/05/2023 11:40:23.432670,2157,True,True,True,True,Eyes,0.9476346,-0.01615345,-1.9172,-0.7441248,-0.4823432,0.462194,0.0,0.0,0.0,0.0,0.0,0.0,0.0,1.647343,0.6085476,1.232913,0.9531274,-0.01238394,-1.922378,0.1713747,-0.6075462,0.1210472,0.7660717,24.18312,282.86,358.5695,0.5090917,-0.004467187,-0.8607005,-0.5260725,-0.01723989,-0.223982,-0.6040301,-1.029893,-0.9900264,0.5677395,-0.2071998,1.991001,0.2324704,-0.02277436,0.9723368,-0.3936979,0.9119565,0.1154871,-0.8893591,-0.4096542,0.2030367,moving,16.778468370325708,-5.604362132201913,15.915648447032874,-5.941279262601942,-1.5571575,-1.0175090599999999,0.9323516,0.28740638362499665,-0.09353832545094973,0.9532303638264539,16.83135768339797,-5.910266940003728,0.9265674501490678,0.9262674412868254,0.9162342329979197
05/05/2023 11:40:23.442954,2158,True,True,True,True,Eyes,0.9470434,-0.01614394,-1.917736,-0.7442498,-0.4821739,0.4621696,0.0,0.0,0.0,0.0,0.0,0.0,0.0,1.646464,0.5984733,1.241737,0.9440024,-0.01206691,-1.928636,0.1671372,-0.6066952,0.1123794,0.7689976,23.16723,283.0743,358.1323,0.5020555,-0.004797274,-0.8648219,-0.4945081,-0.01620549,-0.2105431,-0.6267347,-1.002632,-0.9926634,0.5634392,-0.2071998,1.991,0.2385838,-0.02996368,0.9706597,-0.3756416,0.9188721,0.1206961,-0.8955286,-0.3934162,0.2079723,moving,16.688088611196463,-6.452532665057765,15.801145385442728,-5.941282225324767,-1.5707371,-0.9905650899999999,0.9359726,0.2854910307156435,-0.10770294735210245,0.952310411745036,16.766114720717926,-6.734924163693697,0.997037679336309,1.0237408352887092,1.2494132000100886
05/05/2023 11:40:23.462658,2159,True,True,True,True,Eyes,0.946125,-0.01597414,-1.918503,-0.7441512,-0.4826644,0.461816,0.0,0.0,0.0,0.0,0.0,0.0,0.0,1.651154,0.6091799,1.237209,0.9379925,-0.01215944,-1.936006,0.1703225,-0.6052904,0.1139376,0.7691763,23.57484,283.1959,358.0672,0.4961508,-0.005076168,-0.8682213,-0.4648377,-0.01523316,-0.1979105,-0.6247102,-1.015535,-1.002835,0.5591028,-0.2071998,1.991001,0.2412836,-0.03091292,0.9699622,-0.3814652,0.916017,0.1240854,-0.8923377,-0.3999466,0.2092277,moving,16.544983293114125,-6.042692496876685,15.685534641343002,-5.941279262601942,-1.5627027,-1.00337556,0.933171,0.2833131055904608,-0.10095631714436534,0.9536988285481609,16.61556642925147,-6.335207137942105,0.8581988964469203,0.8654112485502281,1.0100189589756399
05/05/2023 11:40:23.482438,2160,True,True,True,True,Eyes,0.9449016,-0.01571048,-1.919508,-0.7443066,-0.4827324,0.4614945,0.0,0.0,0.0,0.0,0.0,0.0,0.0,1.656454,0.6290984,1.223696,0.9290413,-0.008004725,-1.942641,0.1775037,-0.603858,0.1166746,0.7682676,24.43436,283.1869,357.7906,0.4908443,-0.005316288,-0.8712308,-0.4369474,-0.01431917,-0.1860359,-0.6192449,-1.03955,-1.018907,0.5545694,-0.2072001,1.991,0.2434851,-0.03509939,0.9692693,-0.3936487,0.9097589,0.1318309,-0.8864287,-0.4136505,0.2076959,moving,16.502945231448603,-5.104562189502418,15.56454688503981,-5.941290766043414,-1.5482862,-1.031545275,0.923734,0.2830284468942763,-0.08533561331146886,0.9553076937264446,16.54930128597287,-5.422142348062837,1.2494857417922114,1.2572613759052165,1.1132188958370968
05/05/2023 11:40:23.497360,2161,True,True,True,True,Eyes,0.9434559,-0.01540132,-1.920732,-0.744508,-0.4830037,0.4608853,0.0,0.0,0.0,0.0,0.0,0.0,0.0,1.662013,0.6182205,1.225937,0.9205437,-0.005549122,-1.949352,0.174134,-0.6043976,0.1097765,0.7696299,23.62412,283.171,357.4027,0.4859898,-0.005519794,-0.8739468,-0.4107306,-0.01346002,-0.1748737,-0.6420203,-1.015896,-1.028844,0.5502064,-0.2071998,1.991001,0.2453053,-0.04151792,0.9685565,-0.3794669,0.9152529,0.1353403,-0.8920932,-0.4007348,0.2087618,moving,16.56867968056306,-5.816662124786042,15.447957597238245,-5.941279262601942,-1.562564,-1.010346878,0.9205079999999999,0.28381478039405317,-0.09717819229654442,0.9539421184776524,16.632573867179513,-6.115440286549093,1.1255004756866542,1.1276291141547132,1.197350311843565
05/05/2023 11:40:23.512831,2162,True,True,True,True,Eyes,0.9417369,-0.01501416,-1.922155,-0.7446061,-0.483472,0.4602354,0.0,0.0,0.0,0.0,0.0,0.0,0.0,1.669509,0.6264272,1.217111,0.9136675,-0.004068784,-1.956074,0.1770852,-0.6041775,0.1101915,0.7690697,23.92448,283.1028,357.2101,0.4815326,-0.005688223,-0.8764094,-0.3860867,-0.01265242,-0.1643813,-0.645255,-1.024958,-1.043447,0.5461943,-0.2072001,1.991,0.2456547,-0.04449197,0.9683358,-0.3834717,0.9129973,0.1392313,-0.8902826,-0.4055322,0.2072207,moving,16.586477486387484,-5.4941280394466165,15.34064347666171,-5.941290766043414,-1.5589225,-1.020889216,0.9126270000000001,0.2842569698977629,-0.09179413255592778,0.9543436774282195,16.641230168978137,-5.801737725635403,1.3241331094119246,1.3236528562455048,1.3080522907428835
05/05/2023 11:40:23.532395,2163,True,True,True,True,Eyes,0.939777,-0.01458541,-1.923748,-0.7448611,-0.4837876,0.4594905,0.0,0.0,0.0,0.0,0.0,0.0,0.0,1.679318,0.6282017,1.206417,0.905372,-0.001772553,-1.962266,0.1793164,-0.6042522,0.1123985,0.7681742,24.28819,283.0264,357.2318,0.4774215,-0.005821439,-0.8786548,-0.3629215,-0.01189328,-0.1545184,-0.6495962,-1.033207,-1.057508,0.5416236,-0.2072,1.991,0.2444917,-0.04402154,0.9686517,-0.3893878,0.9104244,0.1396585,-0.888032,-0.4113265,0.2054498,moving,16.57880383638377,-5.1608176794160885,15.218245215663758,-5.941287919137228,-1.5549681999999998,-1.031434447,0.9047580000000002,0.28427077209600826,-0.08624047767043486,0.9548574385427046,16.624765957861154,-5.477381106452992,1.5666574649315674,1.5685195425961107,1.4810503465737954
05/05/2023 11:40:23.542844,2164,True,True,True,True,Eyes,0.9376191,-0.01415211,-1.925525,-0.7450365,-0.4842444,0.4587244,0.0,0.0,0.0,0.0,0.0,0.0,0.0,1.689363,0.6143392,1.203547,0.8975375,-0.000349272,-1.968327,0.1767551,-0.6048546,0.1122848,0.7683105,24.04396,283.0247,357.409,0.4736115,-0.005921032,-0.8807137,-0.3411462,-0.01117968,-0.1452473,-0.6632369,-1.022772,-1.065846,0.5374237,-0.2071999,1.991,0.2430861,-0.04128302,0.9691259,-0.3863614,0.9122995,0.1357735,-0.8897383,-0.4074375,0.2058172,moving,16.537464550374136,-5.483494771964146,15.105650982427832,-5.941285072231013,-1.5607744000000001,-1.022422728,0.9024809999999999,0.28344453409783804,-0.0916400036997998,0.954600128970728,16.59316482989887,-5.791066696980208,1.503698868538509,1.503217233926471,1.495079598777632
05/05/2023 11:40:23.562820,2165,True,True,True,True,Eyes,0.9352288,-0.01370067,-1.927474,-0.7453568,-0.4846421,0.4577831,0.0,0.0,0.0,0.0,0.0,0.0,0.0,1.702455,0.6089566,1.192806,0.890626,0.0002059564,-1.974525,0.1773577,-0.6055595,0.1164341,0.7669977,24.39855,282.924,357.7224,0.4700627,-0.005990159,-0.8826124,-0.3206775,-0.0105089,-0.1365325,-0.667439,-1.030082,-1.078865,0.5331534,-0.2072,1.991001,0.2394818,-0.036192,0.9702262,-0.3934105,0.9099748,0.1310504,-0.8876243,-0.4130813,0.2036841,moving,16.516491706939657,-5.251948723475886,14.991039624090476,-5.941284956411605,-1.558065,-1.0302879564,0.8956600000000001,0.2831937229925109,-0.08778827871566304,0.9550364518813106,16.56647919038623,-5.565636957535503,1.6739691195871926,1.6739738645232527,1.619605274784498
05/05/2023 11:40:23.582661,2166,True,True,True,True,Eyes,0.9326082,-0.01320603,-1.929562,-0.7458447,-0.4848002,0.4568201,0.0,0.0,0.0,0.0,0.0,0.0,0.0,1.717158,0.5954298,1.182158,0.8827527,0.001088042,-1.980255,0.1760381,-0.6069633,0.1198086,0.765671,24.52017,282.777,358.0959,0.4667384,-0.006031026,-0.8843746,-0.3014368,-0.009878364,-0.1283405,-0.6775361,-1.0296,-1.091504,0.5288514,-0.2071998,1.991001,0.2344828,-0.03022938,0.9716502,-0.3971654,0.909313,0.1241357,-0.8872867,-0.4150135,0.2012122,moving,16.543240375489166,-5.259601110682904,14.875460487168255,-5.941279262601942,-1.5602888,-1.030688042,0.8887510000000001,0.28363666048352437,-0.08790383536080261,0.954894399795472,16.592760555581044,-5.5732599922455615,1.8021007793603485,1.80171442206901,1.756290895132186
05/05/2023 11:40:23.596271,2167,True,True,True,True,Eyes,0.9297593,-0.01266811,-1.931753,-0.7467039,-0.4845366,0.4556947,0.0,0.0,0.0,0.0,0.0,0.0,0.0,1.732181,0.5741643,1.173817,0.8746549,0.002564128,-1.985682,0.1722709,-0.6091478,0.1204253,0.764696,24.21634,282.5728,358.3853,0.4636058,-0.00604446,-0.8860207,-0.2833506,-0.009285662,-0.1206401,-0.6958931,-1.016484,-1.104143,0.5245723,-0.2071998,1.991001,0.2288737,-0.02569935,0.9731169,-0.3940542,0.911641,0.1167561,-0.8901339,-0.4101832,0.1985237,moving,16.634807905176487,-5.644477771910743,14.760373585202021,-5.941279262601942,-1.570548,-1.0190481279999999,0.8815389999999999,0.2849954855921206,-0.09427654089208895,0.9538813331082612,16.69239598777262,-5.948346148559233,1.8957253149352196,1.8977869071038127,1.9320353270351458
05/05/2023 11:40:23.613018,2168,True,True,True,True,Eyes,0.9266874,-0.01214263,-1.93405,-0.7478017,-0.4838707,0.4546006,0.0,0.0,0.0,0.0,0.0,0.0,0.0,1.745514,0.5547147,1.16561,0.8663273,0.004094847,-1.990637,0.1684168,-0.6114196,0.1190397,0.7639578,23.75916,282.3403,358.4934,0.4606359,-0.006031209,-0.8875684,-0.2663496,-0.008728523,-0.1134017,-0.716961,-1.000156,-1.117569,0.5201484,-0.2071998,1.991001,0.2239913,-0.02406411,0.9742941,-0.3878292,0.9149306,0.1117603,-0.894101,-0.402893,0.1956037,moving,16.77170314637227,-6.105458593348584,14.641264077702633,-5.941279262601942,-1.5832883,-1.004250847,0.873068,0.2870574243646331,-0.10188251570671605,0.9524798845498806,16.838268984636166,-6.397781042816465,2.1217970807386344,2.136755830215135,2.2439305774531104
05/05/2023 11:40:23.632674,2169,True,True,True,True,Eyes,0.9234425,-0.01167212,-1.936393,-0.748998,-0.4831496,0.4533965,0.0,0.0,0.0,0.0,0.0,0.0,0.0,1.755918,0.5346603,1.161429,0.8579659,0.004241914,-1.99547,0.1633916,-0.613207,0.1158551,0.7641061,23.0655,282.2083,358.5467,0.4578027,-0.005994548,-0.8890333,-0.2503686,-0.008204811,-0.1065976,-0.7401646,-0.9784119,-1.127397,0.5159127,-0.2071998,1.991,0.2211095,-0.02333456,0.9749699,-0.3774369,0.9197615,0.1076107,-0.8992509,-0.3917834,0.1945606,moving,16.83175802289454,-6.769584704976927,14.527107292233227,-5.941282225324767,-1.5981305,-0.982653814,0.8680730000000001,0.28771124904271655,-0.11289267162581458,0.9510401716351817,16.9147119612853,-7.044363542516124,2.40481473998138,2.448979376829385,2.6301035051905988
05/05/2023 11:40:23.643026,2170,True,True,True,True,Eyes,0.9200127,-0.01123028,-1.938825,-0.7501108,-0.4825491,0.4521948,0.0,0.0,0.0,0.0,0.0,0.0,0.0,1.764872,0.5249612,1.154712,0.850309,0.003387447,-2.00017,0.1613494,-0.6141394,0.1152962,0.7638757,22.83743,282.1262,358.6298,0.4550852,-0.005939402,-0.8904278,-0.2353465,-0.007712523,-0.1002017,-0.7541458,-0.9715212,-1.137903,0.5110878,-0.2071996,1.991001,0.2190791,-0.02203808,0.9754583,-0.374326,0.9213463,0.1048858,-0.9010463,-0.3881176,0.1935983,moving,16.81989251113649,-6.9790411389347815,14.39691223630238,-5.9412735687921625,-1.6044548,-0.974908647,0.8622669999999997,0.28739784755834247,-0.11638006792973098,0.9507145419851288,16.908790763796684,-7.248082668952026,2.581007127619388,2.6358670190043534,2.831480842447567
05/05/2023 11:40:23.662749,2171,True,True,True,True,Eyes,0.916397,-0.01076597,-1.941322,-0.7511244,-0.482245,0.4508347,0.0,0.0,0.0,0.0,0.0,0.0,0.0,1.773786,0.521756,1.144619,0.842444,0.003148872,-2.004738,0.1618728,-0.6145982,0.1172986,0.7630907,23.03107,282.0505,358.7576,0.4524642,-0.00586899,-0.891763,-0.2212257,-0.007249771,-0.09418964,-0.7611154,-0.9765488,-1.148621,0.5070832,-0.2071998,1.991,0.2170203,-0.0199545,0.9759631,-0.3779923,0.9200765,0.1028642,-0.9000133,-0.3912301,0.1921327,moving,16.76655066839991,-6.798295065390255,14.288749313850465,-5.941282225324767,-1.6035594,-0.979697672,0.8561170000000002,0.28661177818991457,-0.11340823810676903,0.9513108278353524,16.85192043437843,-7.07186585179313,2.576122178902689,2.6218258066935283,2.8014399028976062
05/05/2023 11:40:23.683134,2172,True,True,True,True,Eyes,0.9126015,-0.01031936,-1.943884,-0.7521371,-0.4819487,0.4494612,0.0,0.0,0.0,0.0,0.0,0.0,0.0,1.782957,0.5189039,1.133177,0.8343095,0.004202984,-2.009029,0.1627849,-0.6152847,0.1189605,0.7620854,23.23486,281.9237,358.8151,0.4499214,-0.005783799,-0.8930491,-0.2079522,-0.006814785,-0.08853827,-0.7687781,-0.9811581,-1.161067,0.5028467,-0.2072001,1.991,0.2145462,-0.01900199,0.9765289,-0.3816342,0.9186989,0.1017228,-0.8990691,-0.3945011,0.1898516,moving,16.76531709099633,-6.593493025344721,14.17420218878091,-5.941290766043414,-1.6030876,-0.985361084,0.8479619999999999,0.28670169355522207,-0.11000400604008795,0.9516834528882174,16.84519784266901,-6.8725885113876455,2.635585868587229,2.6719364183154797,2.828698158795378
05/05/2023 11:40:23.696289,2173,True,True,True,True,Eyes,0.9086574,-0.009926568,-1.9465,-0.7530199,-0.4820119,0.4479126,0.0,0.0,0.0,0.0,0.0,0.0,0.0,1.79031,0.5172025,1.123666,0.8262159,0.004231233,-2.013128,0.1629627,-0.6159481,0.1182962,0.7616148,23.20102,281.8092,358.7182,0.4474414,-0.005686152,-0.8942949,-0.195475,-0.006405898,-0.08322597,-0.7798505,-0.9807808,-1.173113,0.4983094,-0.2072001,1.990999,0.2132278,-0.02056077,0.976786,-0.3809454,0.9188983,0.1025009,-0.8996745,-0.3939583,0.1881022,moving,16.775159652123445,-6.6025507304476445,14.051400369381023,-5.941293728773382,-1.6060664,-0.985012033,0.840015,0.286860540471644,-0.11014898579142064,0.9516188155064074,16.855036692072012,-6.881466786275314,2.7657187692926968,2.802878065950917,2.957076598257946
05/05/2023 11:40:23.712791,2174,True,True,True,True,Eyes,0.9045462,-0.009539917,-1.949168,-0.7537714,-0.4823223,0.4463113,0.0,0.0,0.0,0.0,0.0,0.0,0.0,1.798606,0.5184329,1.11131,0.8186975,0.003397297,-2.017049,0.1644974,-0.6165131,0.1201499,0.760537,23.47573,281.681,358.746,0.4450111,-0.005579811,-0.8955073,-0.1837465,-0.006021544,-0.07823242,-0.7855421,-0.9896623,-1.185499,0.4941829,-0.2072,1.990999,0.2109514,-0.02007278,0.9772905,-0.3855864,0.9170092,0.1020647,-0.8982331,-0.3983606,0.1857045,moving,16.766759326355015,-6.358644914270032,13.93959606439329,-5.941290881865796,-1.6042396,-0.993059597,0.83155,0.28684810144917655,-0.10609739594979448,0.9520826698930169,16.840273845157768,-6.644094561517162,2.8305088573286383,2.857802739544864,2.984604596919369
05/05/2023 11:40:23.732788,2175,True,True,True,True,Eyes,0.900276,-0.009177044,-1.951858,-0.7545224,-0.4827692,0.4445557,0.0,0.0,0.0,0.0,0.0,0.0,0.0,1.807301,0.5217161,1.096674,0.8105665,0.003682386,-2.020937,0.1671508,-0.6170504,0.1226723,0.7591186,23.90144,281.5222,358.7443,0.4426187,-0.005465962,-0.8966929,-0.1727217,-0.005660251,-0.07353847,-0.7895849,-1.002201,-1.199524,0.48989,-0.2071997,1.991001,0.2084006,-0.02003527,0.9778385,-0.3925267,0.9140242,0.1023846,-0.8958194,-0.4051646,0.1826188,moving,16.772197208206677,-5.966934209227152,13.823154884366238,-5.941276415697067,-1.6001514000000001,-1.0058833859999998,0.821413,0.28713299117326996,-0.09957704783595411,0.9527008868984309,16.83501692547135,-6.263002274720938,2.9347651422366012,2.949153938025455,3.0289966132391934
05/05/2023 11:40:23.742743,2176,True,True,True,True,Eyes,0.8958585,-0.00884779,-1.954599,-0.7551894,-0.4834209,0.4427112,0.0,0.0,0.0,0.0,0.0,0.0,0.0,1.815603,0.5218829,1.083619,0.802376,0.003537178,-2.024645,0.1681408,-0.6180475,0.1226902,0.7580852,23.99061,281.3303,358.6315,0.4402536,-0.005346466,-0.8978572,-0.1623584,-0.005320636,-0.06912616,-0.799589,-1.005817,-1.213692,0.4855074,-0.2071998,1.991001,0.2059288,-0.02181874,0.9783237,-0.3938573,0.9133515,0.1032733,-0.8958068,-0.4065869,0.179492,moving,16.831119667973432,-5.896599795578596,13.704174193435005,-5.941279262601942,-1.6019649999999999,-1.009354178,0.810953,0.2881471850525236,-0.09837618097114206,0.9525194642622533,16.890559915181765,-6.194958739124354,3.114045129537155,3.1272646602917766,3.1964679326657266
05/05/2023 11:40:23.763206,2177,True,True,True,True,Eyes,0.7813248,-0.001162615,-2.024563,-0.7708371,-0.5033856,0.3904012,0.0,0.0,0.0,0.0,0.0,0.0,0.0,1.824778,0.5267941,1.067221,0.7944284,0.003110062,-2.028587,0.1708027,-0.6190078,0.1241493,0.7564672,24.33759,281.0935,358.5141,0.4379066,-0.005223468,-0.899005,-0.1526169,-0.005001398,-0.06497859,-0.8054045,-1.017498,-1.230169,0.4812089,-0.2071999,1.991,0.2028324,-0.02362674,0.9789283,-0.3992862,0.9108267,0.1047145,-0.8941082,-0.4121121,0.1753114,moving,13.837216792918024,-6.492496921061126,13.587366079703592,-5.941285072231013,-1.5998329,-1.020608062,0.7984179999999999,0.2377173138422124,-0.10983179030779316,0.9651048909432789,13.98810805353856,-6.754903341582733,0.5848724110578433,0.6051940855498109,0.9069557970574063
05/05/2023 11:40:23.782462,2178,True,True,True,True,Eyes,0.7809849,-0.001170506,-2.024707,-0.7708948,-0.503445,0.3902105,0.0,0.0,0.0,0.0,0.0,0.0,0.0,1.834159,0.5304348,1.049894,0.7860457,0.00296168,-2.032216,0.1731034,-0.6202796,0.1249198,0.7547739,24.59984,280.813,358.3505,0.4293368,-0.004722237,-0.9031317,-0.4870611,0.01835421,-0.2709713,-0.8135411,-1.026639,-1.247709,0.4766498,-0.2072,1.991,0.1992967,-0.02617264,0.9795896,-0.4033174,0.9088605,0.1063375,-0.8930935,-0.4162782,0.170577,moving,14.07157253098892,-6.221209428921717,13.46334344483769,-5.941287919137228,-1.5995868,-1.0296006800000002,0.7845070000000001,0.24178586837473542,-0.10515205221333238,0.9646152262803495,14.209250389836397,-6.492499001983544,0.6572401755272586,0.6695510980353837,0.9274755136659467
05/05/2023 11:40:23.796955,2179,True,True,True,True,Eyes,0.7803217,-0.001201222,-2.025023,-0.7710845,-0.5035335,0.3897214,0.0,0.0,0.0,0.0,0.0,0.0,0.0,1.843558,0.5315911,1.033341,0.7775773,0.002792332,-2.035794,0.1742721,-0.6219308,0.1241368,0.753274,24.64269,280.5016,358.1242,0.4221405,-0.00429179,-0.9065199,-0.4578374,0.01725296,-0.254713,-0.8257213,-1.029655,-1.265296,0.4724062,-0.2071998,1.991,0.1955844,-0.02975234,0.9802354,-0.4037883,0.9084386,0.1081402,-0.8937011,-0.4169581,0.1656628,moving,14.331294331820828,-6.155669232891069,13.347787811619428,-5.941282225324767,-1.6032986,-1.032447332,0.7704980000000001,0.24618779308215472,-0.10392982131354236,0.9636338641618679,14.46066559925407,-6.430451755424469,0.9954249666782755,1.0066016413119447,1.2156413119783882
05/05/2023 11:40:23.812648,2180,True,True,True,True,Eyes,0.7793396,-0.001257116,-2.025461,-0.7713095,-0.5036873,0.3890769,0.0,0.0,0.0,0.0,0.0,0.0,0.0,1.853045,0.5341098,1.016026,0.7693759,0.002241913,-2.039463,0.1758695,-0.62353,0.1238692,0.7516228,24.76184,280.1844,357.9102,0.4159667,-0.003918576,-0.9093711,-0.4303672,0.01621778,-0.2394302,-0.8363569,-1.035199,-1.283683,0.467817,-0.2072001,1.991,0.1917337,-0.03311394,0.9808882,-0.4055256,0.9074526,0.1099027,-0.8937489,-0.4188474,0.1605607,moving,14.58019175782519,-6.019550223672669,13.2226967277461,-5.941290766043414,-1.6057328,-1.037440913,0.7557800000000001,0.25043405347498104,-0.10152605477760379,0.9627955754710003,14.699626675923248,-6.299660653719992,1.3511899535938472,1.359748983966472,1.5197865140261888
05/05/2023 11:40:23.833048,2181,True,True,True,True,Eyes,0.778052,-0.001347885,-2.026022,-0.7717551,-0.5036864,0.3881934,0.0,0.0,0.0,0.0,0.0,0.0,0.0,1.862031,0.534585,0.9994879,0.7607188,0.001695428,-2.042846,0.1769757,-0.6250418,0.1236059,0.7501494,24.83674,279.8986,357.7399,0.4103486,-0.003585112,-0.9119214,-0.4045451,0.01524471,-0.2250644,-0.8477787,-1.039072,-1.300259,0.4635569,-0.2072,1.991,0.1880889,-0.0357886,0.9814997,-0.4066801,0.9068024,0.1109987,-0.8939987,-0.420034,0.1560049,moving,14.782666330277106,-5.922211815951347,13.106461151685942,-5.941287919137228,-1.6084975,-1.040767428,0.7425869999999999,0.25387947182238985,-0.0997976040185182,0.9620736415388781,14.894379138464657,-6.206294615772095,1.6688299823656603,1.6763137231582268,1.8074510440695706
05/05/2023 11:40:23.842874,2182,True,True,True,True,Eyes,0.7764757,-0.001471865,-2.026696,-0.7721666,-0.5038245,0.3871945,0.0,0.0,0.0,0.0,0.0,0.0,0.0,1.870446,0.5359393,0.9836053,0.7521347,0.000784412,-2.046355,0.1781981,-0.6263334,0.1234259,0.7488112,24.92837,279.6431,357.5745,0.4052197,-0.003289063,-0.9142132,-0.3802724,0.01433003,-0.2115606,-0.8583397,-1.043752,-1.316001,0.4594443,-0.2071999,1.991,0.1849452,-0.03837751,0.9819993,-0.4080681,0.906023,0.1122619,-0.8940223,-0.4214848,0.151904,moving,14.950905966571387,-5.814550327754934,12.994145795717028,-5.941285072231013,-1.6104744000000002,-1.044536412,0.7303540000000002,0.25675164088892904,-0.09791280554791866,0.9615048846452303,15.0554804965677,-6.102657355809766,1.9545799698984425,1.9608600311341444,2.0676415943868394
05/05/2023 11:40:23.862631,2183,True,True,True,True,Eyes,0.7746066,-0.001627148,-2.027483,-0.7726983,-0.5039306,0.3859938,0.0,0.0,0.0,0.0,0.0,0.0,0.0,1.878722,0.5376565,0.9672505,0.7436805,-0.0001936853,-2.049679,0.1798814,-0.6274536,0.1242469,0.7473336,25.13681,279.402,357.4659,0.4005205,-0.003028254,-0.9162825,-0.3574561,0.01347023,-0.1988669,-0.8665986,-1.051542,-1.331501,0.4550814,-0.2071998,1.991,0.1817294,-0.04002664,0.9825336,-0.4114423,0.9044108,0.1129444,-0.8931348,-0.4247811,0.1478894,moving,15.079462192151853,-5.599442251771065,12.874883570033592,-5.941282225324767,-1.6102791,-1.0513483147,0.7181779999999998,0.2590004812848908,-0.09424373600276752,0.9612683262212098,15.175001681542685,-5.894213099310716,2.227598313685674,2.2309239047130327,2.3005996673728095
05/05/2023 11:40:23.882579,2184,True,True,True,True,Eyes,0.7724647,-0.001810712,-2.028363,-0.7731978,-0.5041388,0.3847197,0.0,0.0,0.0,0.0,0.0,0.0,0.0,1.887768,0.5359849,0.9513265,0.7347933,-0.001081262,-2.053302,0.1810034,-0.6285769,0.1256513,0.7458825,25.33928,279.1845,357.4566,0.3961964,-0.00280062,-0.9181613,-0.3360087,0.01266201,-0.1869349,-0.8752897,-1.058339,-1.346248,0.4506345,-0.2071998,1.991,0.1782058,-0.04010689,0.9831756,-0.4149913,0.902899,0.1120516,-0.8922024,-0.4279776,0.1442579,moving,15.175067948331304,-5.421048353750787,12.753208272276519,-5.941282225324767,-1.610083,-1.057257738,0.7070540000000001,0.2606781503966138,-0.09120767247295188,0.9611077346199213,15.263391690781313,-5.721272650451376,2.475427436368096,2.4771046751465793,2.519806541695689
05/05/2023 11:40:23.897042,2185,True,True,True,True,Eyes,0.7700575,-0.002016828,-2.029312,-0.7738212,-0.5042592,0.3833059,0.0,0.0,0.0,0.0,0.0,0.0,0.0,1.896702,0.5319766,0.9357524,0.7261187,-0.0019284,-2.056418,0.181722,-0.6297699,0.1274383,0.7443968,25.53487,278.973,357.5128,0.3921989,-0.002604163,-0.9198764,-0.3158482,0.01190229,-0.1757188,-0.8838742,-1.064435,-1.359779,0.446417,-0.2071999,1.991001,0.1742988,-0.0391567,0.983914,-0.4186154,0.9014732,0.1100329,-0.8912807,-0.4310602,0.1407341,moving,15.250545821688629,-5.25962247512525,12.637695442656392,-5.941282109506788,-1.6099929,-1.0625066,0.6966389999999998,0.2620090658784689,-0.08846644312321933,0.9610020505532274,15.332618001679418,-5.564708340223659,2.6996755995059103,2.700304975434085,2.721105547905725
05/05/2023 11:40:23.913047,2186,True,True,True,True,Eyes,0.7673879,-0.002248641,-2.030339,-0.774426,-0.5044391,0.3818449,0.0,0.0,0.0,0.0,0.0,0.0,0.0,1.905686,0.5262662,0.9207729,0.7172704,-0.002658244,-2.059595,0.1820562,-0.6309643,0.1292102,0.7429969,25.6955,278.7757,357.5999,0.388485,-0.002436813,-0.9214514,-0.2968973,0.01118816,-0.1651757,-0.8931668,-1.069154,-1.373048,0.4418764,-0.2071999,1.991001,0.1703776,-0.03773636,0.9846561,-0.4217474,0.9003206,0.1074803,-0.8905621,-0.4335883,0.1374792,moving,15.311495531228502,-5.144176115875981,12.513223108834179,-5.941282109506788,-1.6104372,-1.066495756,0.6865469999999998,0.26307671378657504,-0.08650387527140904,0.9608890076211223,15.388921280077726,-5.452785035529417,2.9093932833254548,2.909588719220424,2.9168937867837994
05/05/2023 11:40:23.932793,2187,True,True,True,True,Eyes,0.7644475,-0.002507974,-2.031454,-0.7751166,-0.5045567,0.3802852,0.0,0.0,0.0,0.0,0.0,0.0,0.0,1.914545,0.5193303,0.9059522,0.7083839,-0.0036369,-2.062551,0.1820638,-0.6322089,0.131,0.7416224,25.82882,278.5828,357.7142,0.3850157,-0.00229686,-0.9229068,-0.2790835,0.01051687,-0.1552652,-0.9028786,-1.073153,-1.385305,0.4378117,-0.2071999,1.991001,0.1663018,-0.03589961,0.9854212,-0.4245097,0.8993836,0.1044064,-0.8900198,-0.4356839,0.1343294,moving,15.361651343945216,-5.05822316860236,12.401694767583063,-5.941282109506788,-1.6112625,-1.0695161,0.677246,0.26395112735174453,-0.08504123287127871,0.9607798038733779,15.435497406261568,-5.369486777075222,3.0888885911792108,3.088872937992239,3.0872169267227054
05/05/2023 11:40:23.942458,2188,True,True,True,True,Eyes,0.7612484,-0.002786175,-2.03264,-0.7758307,-0.5046921,0.3786458,0.0,0.0,0.0,0.0,0.0,0.0,0.0,1.923945,0.5121748,0.8898919,0.6988921,-0.00441543,-2.065751,0.182291,-0.6335043,0.1330533,0.740094,26.00214,278.3735,357.8307,0.3817547,-0.002182835,-0.9242607,-0.2623385,0.009885855,-0.1459493,-0.9126412,-1.078119,-1.398647,0.4334661,-0.2071999,1.991,0.1619383,-0.03402028,0.9862143,-0.4279082,0.8981336,0.1012452,-0.8891966,-0.4384047,0.1308847,moving,15.418984599323968,-4.935572701764201,12.28235932473649,-5.941285072231013,-1.6115333,-1.07370357,0.6671040000000001,0.26495903632689644,-0.0829605626050621,0.9606842805227502,15.488081122671636,-5.250530006803326,3.29422715078861,3.293914917737091,3.279297913604458
05/05/2023 11:40:23.963168,2189,True,True,True,True,Eyes,0.7577745,-0.003082684,-2.033939,-0.7767063,-0.5047406,0.3767813,0.0,0.0,0.0,0.0,0.0,0.0,0.0,1.933696,0.5032592,0.873067,0.6895198,-0.005149823,-2.06863,0.1818626,-0.6352764,0.1343532,0.7384439,26.05881,278.1079,357.9177,0.37867,-0.002093009,-0.925529,-0.2465982,0.009292704,-0.1371923,-0.9249511,-1.079804,-1.413071,0.4291183,-0.2072,1.991001,0.1567463,-0.03264142,0.9870995,-0.4294906,0.8977504,0.09788775,-0.8893641,-0.4392934,0.1266998,moving,15.519465708555964,-4.920081607100283,12.162843084183235,-5.941284956411605,-1.6144709000000002,-1.074654177,0.6555590000000002,0.26665005137157166,-0.08266082413655511,0.9602420715810902,15.585614475596058,-5.236123751080633,3.508629491991636,3.508528427004052,3.494655394080781
05/05/2023 11:40:23.982578,2190,True,True,True,True,Eyes,0.7540435,-0.003403195,-2.035293,-0.7776508,-0.5047662,0.3747935,0.0,0.0,0.0,0.0,0.0,0.0,0.0,1.944441,0.4924559,0.8544731,0.6796782,-0.005922213,-2.071591,0.1809871,-0.637494,0.1353767,0.7365586,26.05405,277.7849,358.0014,0.3757319,-0.002025819,-0.9267258,-0.2318023,0.008735142,-0.1289608,-0.9394169,-1.079749,-1.428987,0.4248509,-0.2071999,1.991,0.1505492,-0.03133062,0.988106,-0.4301821,0.8978336,0.09401147,-0.8901002,-0.4392188,0.1216903,moving,15.665269042279666,-4.969454171430529,12.045444104295157,-5.941285072231013,-1.6190951,-1.073826787,0.6426040000000002,0.26907544959744334,-0.08342983272643203,0.9594986797700679,15.729077076496695,-5.285129366232929,3.747389936276498,3.748011190138743,3.7416162529586305
05/05/2023 11:40:23.997538,2191,True,True,True,True,Eyes,0.7500596,-0.003760953,-2.036691,-0.7787634,-0.5047214,0.3725371,0.0,0.0,0.0,0.0,0.0,0.0,0.0,1.955157,0.4818015,0.8344736,0.6698247,-0.006826602,-2.074224,0.1800812,-0.6399807,0.1361042,0.7344871,26.0237,277.4163,358.0509,0.3729148,-0.001980109,-0.9278632,-0.2178941,0.008211033,-0.1212231,-0.9547179,-1.079295,-1.446243,0.4203262,-0.2071995,1.991,0.1438007,-0.03056346,0.9891347,-0.4304307,0.8980928,0.09032654,-0.8910954,-0.4387428,0.1159909,moving,15.837084540992041,-5.033572943809329,11.920848125912977,-5.941273684605856,-1.6245426,-1.0724683979999998,0.6279810000000001,0.2719284870379465,-0.08443321173867796,0.9586062519964466,15.898294286380242,-5.348655307982971,4.018241581481642,4.020053269999527,4.021352322257642
05/05/2023 11:40:24.013044,2192,True,True,True,True,Eyes,0.6441486,-0.01309232,-2.072845,-0.8061664,-0.5031324,0.3113737,0.0,0.0,0.0,0.0,0.0,0.0,0.0,1.965647,0.4705469,0.8141845,0.6598517,-0.008120295,-2.076682,0.1788217,-0.6425961,0.1365093,0.7324331,25.93751,277.038,358.0977,0.3701958,-0.001955455,-0.9289514,-0.2048205,0.007718371,-0.1139497,-0.971098,-1.077614,-1.463189,0.4161405,-0.2072,1.991001,0.1368709,-0.0298524,0.990139,-0.4297881,0.898776,0.08650922,-0.8924957,-0.4373906,0.1101861,moving,12.336121606913684,-4.625124819818869,11.805479394401933,-5.941284956411605,-1.6309497,-1.0694937050000002,0.6134929999999998,0.21298221264339706,-0.07878591077009876,0.9738744348385261,12.47448032593366,-4.928025254449443,1.4011830507178455,1.4191048808510152,1.2141900469081304
05/05/2023 11:40:24.032821,2193,True,True,True,True,Eyes,0.6437216,-0.01312811,-2.072928,-0.806402,-0.5030141,0.3109545,0.0,0.0,0.0,0.0,0.0,0.0,0.0,1.976736,0.4608461,0.7908524,0.6496008,-0.00886241,-2.079243,0.1784736,-0.6454042,0.1373959,0.7298788,25.96869,276.5916,358.0998,0.362057,-0.002399561,-0.9321526,-0.5102642,-0.02073884,-0.2155748,-0.9860774,-1.079132,-1.482916,0.4117199,-0.2071999,1.991,0.1291517,-0.02981041,0.9911767,-0.4309399,0.8985391,0.08317638,-0.8930905,-0.43788,0.1032014,moving,12.693624634096803,-4.620732687809788,11.68354256370089,-5.941285072231013,-1.6356782,-1.0702695899999999,0.596327,0.21905779378494622,-0.0786029691270329,0.9725406560651059,12.822862664416432,-4.926122542612989,1.6522955929078456,1.6625656044005837,1.525976819429096
05/05/2023 11:40:24.042554,2194,True,True,True,True,Eyes,0.6428798,-0.01321499,-2.0731,-0.8067628,-0.5028492,0.3102847,0.0,0.0,0.0,0.0,0.0,0.0,0.0,1.986676,0.4524626,0.7676791,0.6389807,-0.009792179,-2.081476,0.1777815,-0.6482993,0.1368631,0.7275783,25.85891,276.1371,358.0033,0.3552633,-0.002777894,-0.9347619,-0.4796483,-0.01949451,-0.2026404,-1.003742,-1.077278,-1.50309,0.4069174,-0.2072001,1.991,0.1219531,-0.03135399,0.9920405,-0.4296685,0.8993245,0.08124348,-0.8947136,-0.4361565,0.09620358,moving,13.057286162681663,-4.731956685201116,11.550943506607243,-5.941290766043414,-1.6427226999999998,-1.067485821,0.5783859999999998,0.22519421872872858,-0.08037541604046028,0.9709930405549003,13.180364655154422,-5.036753343899388,1.928297076223621,1.9317238717259835,1.8636526573886474
05/05/2023 11:40:24.062842,2195,True,True,True,True,Eyes,0.6416333,-0.01335213,-2.073354,-0.8072532,-0.5027294,0.3092012,0.0,0.0,0.0,0.0,0.0,0.0,0.0,1.99623,0.4455785,0.7438468,0.6282421,-0.01110581,-2.083739,0.1772399,-0.651207,0.1360032,0.7252714,25.73609,275.6721,357.8648,0.3494143,-0.003109642,-0.9369629,-0.4508694,-0.01832484,-0.1904819,-1.021467,-1.075697,-1.522829,0.4031143,-0.2072001,1.991,0.1148651,-0.03356142,0.9928139,-0.4281182,0.9001783,0.07996172,-0.8963932,-0.4342265,0.08903084,moving,13.409635810483447,-4.847867219309292,11.445849163558751,-5.941290766043414,-1.6497091,-1.0645911899999998,0.56091,0.23112624855556385,-0.08222210169238589,0.9694432133126514,13.526965927617182,-5.151869057441857,2.24737352577531,2.2476728069699927,2.2258107780439094
05/05/2023 11:40:24.082652,2196,True,True,True,True,Eyes,0.6399881,-0.01351295,-2.073675,-0.8078703,-0.5025567,0.3078675,0.0,0.0,0.0,0.0,0.0,0.0,0.0,2.00533,0.4406114,0.7186838,0.6173807,-0.01246705,-2.085828,0.1775122,-0.6539776,0.1357328,0.7227582,25.72989,275.1974,357.7114,0.3440838,-0.003414482,-0.9389324,-0.4238172,-0.01722535,-0.179053,-1.037089,-1.077674,-1.543452,0.3988646,-0.2071997,1.991,0.1077798,-0.035974,0.9935239,-0.4283819,0.9001321,0.07906435,-0.897147,-0.4341291,0.08160543,moving,13.749646071169549,-4.838630058846022,11.328321150725996,-5.941279378418493,-1.6544697,-1.06520695,0.5423759999999997,0.2368804684069039,-0.08194899082769863,0.9680764755342821,13.85816539689182,-5.145136206806669,2.66092986365057,2.6605732262643347,2.652160602143555
05/05/2023 11:40:24.098476,2197,True,True,True,True,Eyes,0.6379543,-0.01371674,-2.074042,-0.8085844,-0.5024289,0.3061967,0.0,0.0,0.0,0.0,0.0,0.0,0.0,2.014005,0.434701,0.6934354,0.6062261,-0.01319408,-2.087666,0.1771627,-0.6570347,0.1343125,0.7203326,25.57728,274.6955,357.5026,0.3392045,-0.003696221,-0.9407051,-0.3983882,-0.01619183,-0.1683098,-1.055648,-1.074988,-1.564785,0.3944896,-0.2072001,1.991,0.1005313,-0.03930473,0.9941573,-0.4263034,0.9011471,0.07873622,-0.8989765,-0.4317281,0.07383776,moving,14.106670416972108,-4.964727257449032,11.207226910354361,-5.941290766043414,-1.6618741,-1.06179392,0.5228809999999999,0.24286752299815018,-0.08395131418508361,0.9664199365124876,14.209598217027933,-5.27019438452181,3.0594916359801876,3.059485076673195,3.0764596237279247
05/05/2023 11:40:24.112700,2198,True,True,True,True,Eyes,0.635545,-0.01398303,-2.074464,-0.809409,-0.502246,0.3043127,0.0,0.0,0.0,0.0,0.0,0.0,0.0,2.021952,0.4292184,0.6691173,0.5949057,-0.01443859,-2.089526,0.1763494,-0.6600262,0.1321564,0.7181928,25.32544,274.2212,357.2756,0.3347163,-0.003959182,-0.9423103,-0.3744849,-0.01522032,-0.1582112,-1.07571,-1.06994,-1.585429,0.3900504,-0.2072001,1.991,0.09380017,-0.04296302,0.9946636,-0.4226179,0.9028711,0.07885251,-0.9014408,-0.4277591,0.06653257,moving,14.435972603976303,-5.176454329752624,11.084251954416008,-5.941290766043414,-1.6706157,-1.05550141,0.5040970000000002,0.24834405901560058,-0.0873967973698277,0.964721317966719,14.536314953750257,-5.478385242846026,3.435341876321275,3.4378781373060456,3.4829614518078174
05/05/2023 11:40:24.132766,2199,True,True,True,True,Eyes,0.6327693,-0.01428886,-2.074912,-0.8103046,-0.5021262,0.3021186,0.0,0.0,0.0,0.0,0.0,0.0,0.0,2.030026,0.4227955,0.6435632,0.5835451,-0.01620594,-2.091208,0.1757645,-0.6630087,0.1311101,0.715777,25.18045,273.7414,357.126,0.3305649,-0.004208155,-0.9437736,-0.3520158,-0.0143071,-0.1487186,-1.093868,-1.068103,-1.605679,0.3859109,-0.2072,1.991,0.08645939,-0.0453756,0.9952216,-0.4207579,0.903834,0.07776214,-0.9030436,-0.4254706,0.05905279,moving,14.739192453222858,-5.302830792254793,10.969486025804642,-5.941287919137228,-1.6774131,-1.05189706,0.4855289999999999,0.25340069960163286,-0.0894033266655204,0.9632211815549434,14.83530565885684,-5.603358338109318,3.817944283382114,3.8233903870498476,3.8805615363018693
05/05/2023 11:40:24.142827,2200,True,True,True,True,Eyes,0.6296393,-0.01464581,-2.075408,-0.8113121,-0.5019314,0.2997289,0.0,0.0,0.0,0.0,0.0,0.0,0.0,2.038636,0.4130009,0.6171383,0.5719907,-0.01744739,-2.092842,0.1750141,-0.6661172,0.1310639,0.7130781,25.10036,273.2485,357.0729,0.3267016,-0.004446407,-0.9451168,-0.3308949,-0.01344868,-0.1397954,-1.111235,-1.067057,-1.62656,0.3812268,-0.2072001,1.991001,0.07822035,-0.04624224,0.9958631,-0.4200773,0.9043847,0.07498962,-0.9041111,-0.4242052,0.05131601,moving,15.028872909503477,-5.3840599848251705,10.839508459705637,-5.941287803316391,-1.6832257,-1.0496096099999999,0.4662820000000001,0.25823817191537934,-0.0906486936184876,0.961818968579142,15.119881042431606,-5.684314064844198,4.2180034182433195,4.22626044333882,4.288079400992541
05/05/2023 11:40:24.162469,2201,True,True,True,True,Eyes,0.6261808,-0.01502133,-2.075975,-0.8122724,-0.5019488,0.2970874,0.0,0.0,0.0,0.0,0.0,0.0,0.0,2.04744,0.4004698,0.5905216,0.5604337,-0.01904808,-2.094434,0.1734855,-0.6694552,0.1310472,0.7103235,24.95599,272.7479,357.0848,0.3230829,-0.004677393,-0.9463589,-0.3110412,-0.01264175,-0.1314077,-1.129753,-1.064095,-1.646795,0.3771201,-0.2071999,1.991001,0.06931297,-0.04610965,0.9965289,-0.4184533,0.9054589,0.07100115,-0.9055898,-0.4219221,0.04346533,moving,15.310904125153838,-5.561347141632512,10.725464682585583,-5.941282109506788,-1.6901867,-1.04504692,0.4476390000000001,0.26289979072424324,-0.09350243523557203,0.9602817125740377,15.399588874080871,-5.8586819526245755,4.58797252854374,4.601152623123286,4.674853980975069
05/05/2023 11:40:24.182563,2202,True,True,True,True,Eyes,0.6223658,-0.01523904,-2.076585,-0.8132148,-0.502161,0.2941359,0.0,0.0,0.0,0.0,0.0,0.0,0.0,2.057284,0.3866599,0.5597806,0.5492052,-0.01987134,-2.096009,0.1731214,-0.6731061,0.1330215,0.7065852,25.06999,272.1458,357.1475,0.3196703,-0.004902711,-0.9475159,-0.2923787,-0.01188325,-0.1235232,-1.143927,-1.067758,-1.670333,0.3727579,-0.2071996,1.991001,0.05846677,-0.04507619,0.9972713,-0.4210401,0.9046685,0.06557485,-0.9051558,-0.4237251,0.03391416,moving,15.639324015770688,-5.51654981929797,10.60423138958267,-5.9412735687921625,-1.6931322,-1.04788666,0.42567599999999994,0.268422379070003,-0.0926052986307005,0.958839712156713,15.718531369807454,-5.817272763485975,5.03886084733241,5.052974175441366,5.115803014917971
05/05/2023 11:40:24.198350,2203,True,True,True,True,Eyes,0.6181623,-0.01533594,-2.077229,-0.8143321,-0.5022454,0.2908826,0.0,0.0,0.0,0.0,0.0,0.0,0.0,2.067026,0.3735433,0.5255303,0.5368888,-0.01626125,-2.09757,0.1745935,-0.6768957,0.1353552,0.7021456,25.36751,271.437,357.0638,0.3164278,-0.005115679,-0.9486025,-0.274836,-0.01117025,-0.1161118,-1.155906,-1.073276,-1.697743,0.3683487,-0.2072,1.991,0.04698241,-0.04628501,0.9978228,-0.4264412,0.9023921,0.0619373,-0.9032943,-0.4284227,0.02265874,moving,16.039911814770424,-5.2484149353065215,10.4815993471867,-5.941287919137228,-1.6927948000000002,-1.05701475,0.39982700000000015,0.2752363819763772,-0.08794102405991881,0.9573459187870269,16.101804839880927,-5.559038221570474,5.590376947365883,5.601331132777202,5.633189559334945
05/05/2023 11:40:24.212835,2204,True,True,True,True,Eyes,0.613699,-0.015525,-2.07793,-0.8156508,-0.5020597,0.2874888,0.0,0.0,0.0,0.0,0.0,0.0,0.0,2.073591,0.3641211,0.4968274,0.5234686,-0.01348894,-2.098808,0.1722201,-0.6811027,0.1301196,0.6996489,24.72331,270.8124,356.6851,0.313322,-0.005311985,-0.9496319,-0.2583458,-0.01050004,-0.1091451,-1.184559,-1.053212,-1.723091,0.3640527,-0.2072002,1.991,0.03833614,-0.05252298,0.9978838,-0.4166752,0.9068183,0.06373747,-0.9082469,-0.4182368,0.01287883,moving,16.458427320498664,-5.80818112304786,10.362017137267681,-5.941293612949571,-1.7080275999999999,-1.03972306,0.3757170000000001,0.2819810057604985,-0.09709172124239007,0.954494573104875,16.524869188414495,-6.106457272393803,6.07229947744641,6.097863237001159,6.165064836538664
05/05/2023 11:40:24.234087,2205,True,True,True,True,Eyes,0.4952847,-0.01783913,-2.09705,-0.835701,-0.5154806,0.1894297,0.0,0.0,0.0,0.0,0.0,0.0,0.0,2.080872,0.3512814,0.4723432,0.5128586,-0.01594549,-2.100776,0.1688794,-0.6846794,0.1279944,0.6973603,24.25572,270.3386,356.6838,0.3103273,-0.005497577,-0.9506136,-0.2428451,-0.009870037,-0.1025964,-1.206772,-1.04143,-1.743507,0.3596883,-0.2071997,1.991,0.02966303,-0.05274009,0.9981677,-0.409773,0.9101944,0.0602693,-0.9117052,-0.4108099,0.005387631,moving,11.114227782297613,-6.7476825098869515,10.240437436125115,-5.941279378418493,-1.7196306,-1.02548451,0.3572690000000003,0.19147951230486027,-0.11532313417556275,0.9746980007729921,11.34056487959892,-6.9851375357161505,1.1640717930783078,1.1890313618683028,1.5165487939532554
05/05/2023 11:40:24.242754,2206,True,True,True,True,Eyes,0.4947613,-0.01768464,-2.097124,-0.8359696,-0.5152103,0.1889792,0.0,0.0,0.0,0.0,0.0,0.0,0.0,2.091078,0.3371508,0.4321427,0.501567,-0.01361077,-2.102682,0.1736632,-0.6881201,0.136251,0.6912073,25.31462,269.535,356.7882,0.3003876,-0.005834206,-0.9537991,-0.5835173,-0.0162202,-0.1538006,-1.204002,-1.069949,-1.773274,0.3554055,-0.2071999,1.991,0.01585288,-0.05064692,0.9985908,-0.4273576,0.9025536,0.05256047,-0.9039437,-0.4275886,-0.007336256,moving,11.684675568224806,-5.731311356022965,10.121040185394174,-5.941285072231013,-1.7055690000000001,-1.05633823,0.32940800000000015,0.20155421134057405,-0.09781405421877434,0.9745810761917428,11.869253694933523,-6.000007303509961,1.573640022479663,1.5776706157934606,1.7491994670083417
05/05/2023 11:40:24.262757,2207,True,True,True,True,Eyes,0.4938046,-0.01747151,-2.097306,-0.8364927,-0.5148371,0.1876766,0.0,0.0,0.0,0.0,0.0,0.0,0.0,2.098384,0.3236535,0.399611,0.4885763,-0.009776413,-2.104485,0.1713619,-0.6928782,0.1324602,0.6877567,24.78839,268.8077,356.51,0.2921925,-0.006106742,-0.9563398,-0.5485063,-0.01524699,-0.1445725,-1.229964,-1.051706,-1.802291,0.351151,-0.2072,1.991,0.004748111,-0.05526507,0.9984605,-0.4196666,0.9061788,0.05215298,-0.907666,-0.4192681,-0.01889022,moving,12.301843096342973,-6.208902025331186,10.002343874296379,-5.941287919137228,-1.7185403000000001,-1.041929587,0.30219399999999985,0.21186826748462712,-0.10569852061810793,0.9715654598890728,12.483752900710991,-6.468788219847075,2.297226858706745,2.315019218500546,2.5368577657450353
05/05/2023 11:40:24.282929,2208,True,True,True,True,Eyes,0.4924367,-0.01716307,-2.097571,-0.8369049,-0.5147772,0.1859963,0.0,0.0,0.0,0.0,0.0,0.0,0.0,2.105155,0.3139002,0.3683665,0.4773032,-0.008184556,-2.106661,0.1695628,-0.6972567,0.1292799,0.6843745,24.35389,268.1232,356.2549,0.2854025,-0.006323484,-0.9583867,-0.5155959,-0.01433217,-0.1358982,-1.251896,-1.038212,-1.830624,0.3467962,-0.2071999,1.991,-0.005760273,-0.05950581,0.9982114,-0.4134092,0.9090704,0.0518063,-0.9105272,-0.4123714,-0.02983675,moving,12.85740833362869,-6.615171182563481,9.880759406746986,-5.941285072231013,-1.7291991999999998,-1.030027444,0.27603699999999987,0.22111660846240017,-0.11234867214852379,0.9687544695257355,13.036278681542438,-6.867765915505019,3.0190918483007088,3.0519766256649192,3.288718389670865
05/05/2023 11:40:24.298227,2209,True,True,True,True,Eyes,0.4906433,-0.01675056,-2.097921,-0.8374568,-0.5147074,0.1836912,0.0,0.0,0.0,0.0,0.0,0.0,0.0,2.111974,0.3046109,0.3335142,0.4660857,-0.005524464,-2.108835,0.1724164,-0.7006015,0.1323476,0.6796428,24.82253,267.402,356.1025,0.2797372,-0.006489353,-0.9600545,-0.4846601,-0.01347224,-0.1277443,-1.257504,-1.050108,-1.859206,0.3423738,-0.2072,1.991,-0.01671665,-0.06169228,0.9979553,-0.4214886,0.9055133,0.04891735,-0.9066797,-0.419809,-0.04113974,moving,13.315915371309138,-6.139769548635717,9.75719552419803,-5.941287919137228,-1.7235897,-1.044583536,0.2496290000000001,0.229068443938221,-0.1041103494701473,0.9678268127941931,13.470426413253989,-6.408248178213189,3.541792358911313,3.5642505393800374,3.7424771901770617
05/05/2023 11:40:24.312698,2210,True,True,True,True,Eyes,0.4885303,-0.01627791,-2.098371,-0.8380135,-0.5147338,0.1810591,0.0,0.0,0.0,0.0,0.0,0.0,0.0,2.118701,0.289814,0.3035805,0.4541306,-0.002591416,-2.111589,0.1706066,-0.7045773,0.1308464,0.6762718,24.52786,266.7819,356.0016,0.2745695,-0.006618755,-0.9615442,-0.4555805,-0.01266391,-0.1200796,-1.27702,-1.038606,-1.885758,0.3379271,-0.2071997,1.991,-0.02709985,-0.06343547,0.997618,-0.4173865,0.9075453,0.04636992,-0.908325,-0.4151357,-0.05107144,moving,13.733376642366395,-6.438711022679951,9.632860217947217,-5.941279378418493,-1.7311506,-1.036014584,0.2258309999999999,0.23599024441213978,-0.10897296956761297,0.9656259136867729,13.885433004595647,-6.701881898645226,4.096985528863995,4.130577827331679,4.320056886143753
05/05/2023 11:40:24.332957,2211,True,True,True,True,Eyes,0.4860734,-0.0157704,-2.098921,-0.8384978,-0.5150639,0.1778501,0.0,0.0,0.0,0.0,0.0,0.0,0.0,2.125173,0.279098,0.2714114,0.4443942,-0.00064959,-2.114339,0.1713077,-0.7083085,0.1318333,0.6719916,24.64482,266.0826,355.8677,0.2698153,-0.006713154,-0.9628884,-0.4282456,-0.01190407,-0.1128749,-1.286756,-1.040569,-1.914295,0.3336428,-0.2071999,1.991,-0.03816175,-0.06549568,0.9971229,-0.4198591,0.9065473,0.04347748,-0.9067867,-0.4169919,-0.06209435,moving,14.151041981919043,-6.341787962115623,9.512979109620138,-5.941285072231013,-1.7311502,-1.03991941,0.2000440000000001,0.24307152894721817,-0.10714636488254091,0.9640725740657593,14.289968696746786,-6.61034701375139,4.621740193655948,4.655322735558029,4.823616215777064
05/05/2023 11:40:24.342736,2212,True,True,True,True,Eyes,0.4833111,-0.01524801,-2.099583,-0.8390495,-0.515371,0.1743231,0.0,0.0,0.0,0.0,0.0,0.0,0.0,2.132024,0.2671883,0.2349596,0.4336938,0.0007923394,-2.117553,0.1733368,-0.7120549,0.1348759,0.6668888,25.04127,265.3064,355.7618,0.2654183,-0.006774453,-0.9641094,-0.4025509,-0.01118983,-0.1061024,-1.292299,-1.051207,-1.945005,0.3294161,-0.2072004,1.990999,-0.05042735,-0.0669563,0.9964807,-0.4267451,0.9035257,0.03911471,-0.9029648,-0.4232709,-0.07413561,moving,14.584632592255248,-5.974835508420791,9.394631929700637,-5.941302269495961,-1.7259928000000002,-1.0519993394,0.17254799999999992,0.2505279533496009,-0.10077210031001868,0.962850249350556,14.70275047928094,-6.256183389062619,5.163800181894561,5.190108992634943,5.3174498263601935
05/05/2023 11:40:24.363063,2213,True,True,True,True,Eyes,0.4802717,-0.01474307,-2.100386,-0.8395848,-0.5158377,0.1703199,0.0,0.0,0.0,0.0,0.0,0.0,0.0,2.138778,0.2508335,0.2003779,0.4236748,0.001668867,-2.120834,0.1722827,-0.7164929,0.135671,0.6622313,24.99863,264.5496,355.7486,0.2613289,-0.006805276,-0.9652256,-0.3783979,-0.01051844,-0.09973622,-1.304909,-1.048829,-1.975632,0.3249893,-0.2072005,1.991,-0.06353717,-0.0671875,0.9957153,-0.4265698,0.9038241,0.03376738,-0.9022202,-0.4225966,-0.08608658,moving,15.00789650015147,-6.0794763269620535,9.27058570587141,-5.9413021536678645,-1.7285838,-1.050497867,0.14520199999999983,0.25759270044311583,-0.10233387813986738,0.9608193459395049,15.11817656005987,-6.3608041111893305,5.707221028282487,5.738974407708055,5.862618927608452
05/05/2023 11:40:24.383086,2214,True,True,True,True,Eyes,0.4769465,-0.01423619,-2.101319,-0.8401653,-0.5163167,0.1659504,0.0,0.0,0.0,0.0,0.0,0.0,0.0,2.145875,0.2321634,0.1628234,0.4140024,0.001774758,-2.124568,0.1716782,-0.7211576,0.1380246,0.6568164,25.12516,263.7171,355.8005,0.2575036,-0.006809476,-0.9662531,-0.355694,-0.009887331,-0.09375205,-1.313997,-1.051946,-2.008404,0.3206095,-0.2072002,1.991,-0.07823795,-0.06630049,0.9947277,-0.4289277,0.9029516,0.02644717,-0.8999444,-0.424597,-0.0990833,moving,15.451031877163619,-6.039419981519329,9.147774743516122,-5.941293612949571,-1.7279994,-1.053720758,0.11616399999999993,0.2650402042251864,-0.10145000601967724,0.9588857010645322,15.549073668852419,-6.3247685479227975,6.270611177233803,6.304020881714047,6.41277482508659
05/05/2023 11:40:24.398389,2215,True,True,True,True,Eyes,0.4733444,-0.01370971,-2.102386,-0.8409266,-0.5166315,0.1610412,0.0,0.0,0.0,0.0,0.0,0.0,0.0,2.152823,0.209991,0.1224191,0.4038965,0.002325047,-2.128518,0.1702393,-0.7264253,0.140084,0.6509235,25.15995,262.8059,355.8841,0.2539025,-0.006789618,-0.9672058,-0.3343523,-0.009294092,-0.08812693,-1.324911,-1.051743,-2.043818,0.3162217,-0.2072,1.991,-0.09463431,-0.06496435,0.9933902,-0.4297003,0.90279,0.01810444,-0.8979989,-0.4251467,-0.1133502,moving,15.935562962642432,-6.09545026100691,9.02465438957599,-5.941287919137228,-1.7288074999999998,-1.0540680470000001,0.08470000000000022,0.27311995579234644,-0.10214794867801293,0.9565412734462166,16.02291394332151,-6.382498271232348,6.874684455321822,6.9126278167520345,7.012153974092864
05/05/2023 11:40:24.413084,2216,True,True,True,True,Eyes,0.4695026,-0.01318958,-2.103578,-0.8418339,-0.5167679,0.1557769,0.0,0.0,0.0,0.0,0.0,0.0,0.0,2.159013,0.1883012,0.08098841,0.3937407,0.003298733,-2.132677,0.1671046,-0.7323554,0.139523,0.6451864,24.83383,261.8576,355.9103,0.2504901,-0.006747192,-0.9680954,-0.3142912,-0.008736446,-0.08283931,-1.34173,-1.040643,-2.081668,0.3118658,-0.2071999,1.991001,-0.1116218,-0.06472323,0.9916409,-0.4247964,0.9052188,0.01126639,-0.8983813,-0.4199879,-0.1285363,moving,16.47280209418191,-6.4887312565611035,8.902341555210453,-5.941282109506788,-1.7354707,-1.043941733,0.05100900000000008,0.2818884503924396,-0.10842500425309243,0.953300970429222,16.55722501629757,-6.768717161444985,7.536592052702875,7.59022880687628,7.69947333055976
05/05/2023 11:40:24.432767,2217,True,True,True,True,Eyes,0.4654438,-0.01267916,-2.104891,-0.8427277,-0.5169879,0.150112,0.0,0.0,0.0,0.0,0.0,0.0,0.0,2.163974,0.1698679,0.04111695,0.3842404,0.003632728,-2.136744,0.164279,-0.7379278,0.1386636,0.6397244,24.50887,260.9547,355.901,0.2472362,-0.006684745,-0.9689319,-0.2954337,-0.00821226,-0.07786895,-1.357082,-1.030363,-2.118174,0.3076999,-0.2072001,1.991001,-0.1275301,-0.06503914,0.9896999,-0.4198651,0.9075696,0.00553915,-0.8985819,-0.4148341,-0.1430501,moving,16.952717128037225,-6.873027996051706,8.785291563609663,-5.941287803316391,-1.7413223999999998,-1.0339957279999998,0.01857000000000042,0.2896634549443916,-0.11453908662359187,0.950250471266819,17.035413318604927,-7.145814370093441,8.14968917620809,8.220400241911785,8.33758917327532
05/05/2023 11:40:24.442844,2218,True,True,True,True,Eyes,0.4611839,-0.01217114,-2.106339,-0.8435889,-0.5172716,0.14418,0.0,0.0,0.0,0.0,0.0,0.0,0.0,2.168687,0.1481066,0.002120733,0.3750732,0.003924713,-2.141132,0.1625287,-0.7429498,0.1404772,0.6339371,24.50677,260.0783,356.0049,0.2441142,-0.006604719,-0.9697237,-0.2777077,-0.007719524,-0.07319681,-1.365988,-1.029231,-2.153421,0.3030563,-0.2072001,1.991,-0.1434165,-0.06339393,0.98763,-0.4196087,0.9077012,-0.002669079,-0.8963037,-0.4148008,-0.15678,moving,17.34853738216153,-6.971837242785744,8.654736712776678,-5.941290766043414,-1.7410611999999999,-1.033155713,-0.012288999999999994,0.29617285074877087,-0.11593560341148626,0.9480720389879298,17.42392962629553,-7.24457907346243,8.677140100089781,8.754667105020186,8.865512098393658
05/05/2023 11:40:24.463029,2219,True,True,True,True,Eyes,0.4567676,-0.01167651,-2.107939,-0.84433,-0.5177742,0.1379021,0.0,0.0,0.0,0.0,0.0,0.0,0.0,2.172792,0.1256382,-0.03615999,0.3660533,0.004376139,-2.145717,0.1612709,-0.7476757,0.143103,0.6280879,24.61847,259.2189,356.1277,0.2411009,-0.006508972,-0.970478,-0.2610452,-0.007256353,-0.068805,-1.372363,-1.031322,-2.187194,0.2991149,-0.2071999,1.991,-0.1589947,-0.06139409,0.9853687,-0.4209191,0.9070265,-0.01140473,-0.8930553,-0.4165738,-0.1700544,moving,17.6957263409104,-6.977640918088367,8.543849374436652,-5.941285072231013,-1.7384163,-1.035698139,-0.041476999999999986,0.30191669252973946,-0.1158129786646222,0.9462737051269997,17.762532425529272,-7.252528324360445,9.129991969523331,9.210368366613546,9.311470134342766
05/05/2023 11:40:24.482933,2220,True,True,True,True,Eyes,0.452205,-0.01118923,-2.109684,-0.8449652,-0.5184487,0.131319,0.0,0.0,0.0,0.0,0.0,0.0,0.0,2.176164,0.1050975,-0.07504129,0.3578528,0.004550051,-2.150415,0.1602626,-0.7524775,0.1454087,0.622053,24.72209,258.325,356.1947,0.2381776,-0.00639969,-0.9712003,-0.2453825,-0.006820972,-0.0646767,-1.377291,-1.033682,-2.222708,0.2947272,-0.2071999,1.991,-0.174732,-0.06028416,0.9827688,-0.4220918,0.9063444,-0.01944986,-0.8895544,-0.4182172,-0.1838129,moving,18.061551650791184,-6.99075780282295,8.42032997571984,-5.941285072231013,-1.7351438000000001,-1.038232051,-0.07229299999999972,0.30795293950171143,-0.1157943571947069,0.9443286384505396,18.11949940738527,-7.267716798907063,9.614482943118078,9.698172425778045,9.78944885014912
05/05/2023 11:40:24.498569,2221,True,True,True,True,Eyes,0.447505,-0.01069484,-2.111584,-0.8455278,-0.5192379,0.1243973,0.0,0.0,0.0,0.0,0.0,0.0,0.0,2.178899,0.08732291,-0.1162617,0.3498234,0.00489565,-2.155538,0.1608505,-0.7571889,0.1483051,0.6154655,24.99794,257.3542,356.1386,0.2353269,-0.006278538,-0.9718957,-0.2306596,-0.006411713,-0.0607961,-1.377924,-1.041549,-2.260747,0.2902007,-0.2072002,1.990999,-0.1906587,-0.06103509,0.9797571,-0.4261417,0.9042654,-0.02659405,-0.8843374,-0.4225858,-0.1984156,moving,18.46890941564523,-6.808359424319995,8.29282462826555,-5.941296575680938,-1.7277474,-1.04644465,-0.10520899999999989,0.31477813411895456,-0.11252243954652372,0.9424719478560775,18.511683244376904,-7.0929474214509085,10.133613010010277,10.212957435700504,10.283548564898984
05/05/2023 11:40:24.512838,2222,True,True,True,True,Eyes,0.3271038,0.00127304,-2.162626,-0.8453326,-0.5312384,-0.05655634,0.0,0.0,0.0,0.0,0.0,0.0,0.0,2.180863,0.07000468,-0.1567683,0.3418013,0.005577073,-2.160736,0.1607857,-0.7619522,0.1501695,0.6091191,25.13289,256.4022,356.0681,0.2325347,-0.006146372,-0.9725685,-0.21682,-0.00602701,-0.05714833,-1.380499,-1.044939,-2.298347,0.2860492,-0.2072,1.991,-0.206244,-0.06207971,0.9765294,-0.4279642,0.9031942,-0.03296879,-0.8799489,-0.4247192,-0.2128463,moving,8.808463492212981,-6.750280187633791,8.175801844759789,-5.941287919137228,-1.7223003,-1.050516073,-0.13761100000000015,0.15209492839718175,-0.11617475793886912,0.98151445237715,9.09293220306866,-6.972374474676842,1.0097842224079019,1.0270001220279397,1.379952020595754
05/05/2023 11:40:24.532843,2223,True,True,True,True,Eyes,0.326829,0.001281838,-2.162854,-0.8451957,-0.5313979,-0.05710137,0.0,0.0,0.0,0.0,0.0,0.0,0.0,2.182396,0.05261973,-0.1949337,0.3342482,0.005686305,-2.166071,0.1599952,-0.7665264,0.1516125,0.603202,25.17907,255.5175,356.0478,0.222384,-0.005374495,-0.9749441,-0.5650144,0.03023825,-0.2068464,-1.383845,-1.04601,-2.334503,0.2815395,-0.2071998,1.991001,-0.2210979,-0.06237517,0.973255,-0.428187,0.9028303,-0.0394111,-0.8762259,-0.4254488,-0.2263222,moving,9.529356349588069,-6.730854161287278,8.048604733335763,-5.941279262601942,-1.7180932,-1.051696305,-0.16843200000000014,0.16444284328956643,-0.11560998868082567,0.9795881520755745,9.795148617181592,-6.958253821871338,1.6545412967154742,1.6781102078432675,2.0210523972426984
05/05/2023 11:40:24.542618,2224,True,True,True,True,Eyes,0.3262895,0.001304755,-2.163303,-0.8449651,-0.5316613,-0.05805416,0.0,0.0,0.0,0.0,0.0,0.0,0.0,2.183477,0.03257802,-0.2302272,0.3273096,0.005913958,-2.171283,0.1595638,-0.7705954,0.1544732,0.5973777,25.38587,254.6893,356.1055,0.2139945,-0.004719642,-0.9768232,-0.5311135,0.02842395,-0.1944356,-1.383627,-1.051417,-2.367633,0.2771086,-0.2071998,1.991001,-0.2353586,-0.06136062,0.9699698,-0.430476,0.9013548,-0.04743293,-0.8713765,-0.4287124,-0.2385559,moving,10.15465234094425,-6.574508841809423,7.9235563442692225,-5.941279262601942,-1.7109366,-1.057330958,-0.19635000000000025,0.17518200560124525,-0.11272463954301637,0.9780615850663127,10.400484978454516,-6.810278907046003,2.2945951630863806,2.319217334870239,2.6249449214966263
05/05/2023 11:40:24.563200,2225,True,True,True,True,Eyes,0.3255149,0.001346031,-2.163964,-0.8447171,-0.5318695,-0.05973179,0.0,0.0,0.0,0.0,0.0,0.0,0.0,2.184525,0.01216486,-0.2636175,0.3204446,0.006290838,-2.17694,0.1589662,-0.7743945,0.1573057,0.5918596,25.58215,253.9142,356.1858,0.2070344,-0.004161857,-0.9783246,-0.4992467,0.02671851,-0.1827695,-1.38342,-1.056289,-2.39907,0.2730556,-0.2072001,1.991,-0.2488638,-0.05999938,0.9666783,-0.4324109,0.8999693,-0.05546194,-0.866653,-0.4318047,-0.2499142,moving,10.691310499076948,-6.4311451522534115,7.809110286976947,-5.941290766043414,-1.7038646000000002,-1.062579838,-0.22212999999999994,0.18438997730650292,-0.11008851302506681,0.9766682580938632,10.91976539833472,-6.674347116357812,2.898503191708829,2.9235313205639626,3.195864020034724
05/05/2023 11:40:24.582693,2226,True,True,True,True,Eyes,0.3245221,0.001387653,-2.164839,-0.8443974,-0.5321454,-0.06175911,0.0,0.0,0.0,0.0,0.0,0.0,0.0,2.185059,-0.008870497,-0.2960367,0.3140481,0.006774083,-2.18255,0.1579402,-0.7781896,0.1599059,0.586435,25.72916,253.1553,356.2916,0.2012302,-0.003684261,-0.9795368,-0.4692919,0.0251154,-0.1718033,-1.383307,-1.059481,-2.430221,0.2687757,-0.2072001,1.991,-0.262298,-0.0582659,0.9632265,-0.4333636,0.89897,-0.063631,-0.8622041,-0.4341176,-0.2610484,moving,11.194969248076156,-6.3499795909896175,7.68818493028082,-5.941290766043414,-1.6973551,-1.066255083,-0.24767099999999997,0.19300158164747788,-0.10852182662843818,0.975178591932119,11.408553809950703,-6.598714291148408,3.5038978840415016,3.5305187730942893,3.7780087734384127
05/05/2023 11:40:24.598246,2227,True,True,True,True,Eyes,0.3233366,0.001437617,-2.165932,-0.8449047,-0.5309039,-0.0654,0.0,0.0,0.0,0.0,0.0,0.0,0.0,2.185184,-0.03346832,-0.3286583,0.3078493,0.006825093,-2.188457,0.1562242,-0.7821003,0.1630079,0.5808111,25.87764,252.3918,356.4946,0.1959561,-0.00325273,-0.980607,-0.4411344,0.02360848,-0.1614951,-1.382802,-1.062765,-2.461518,0.2643291,-0.2071999,1.991001,-0.2765049,-0.05501237,0.9594368,-0.4337197,0.8980448,-0.07350354,-0.8575736,-0.4364507,-0.2721737,moving,11.607295365273975,-6.18241735015424,7.562472823883209,-5.941282109506788,-1.6906513,-1.069590093,-0.2730609999999998,0.20007944670021416,-0.10551666092896375,0.9740813684656113,11.805980772763531,-6.438413189402024,4.026312903401828,4.0520038987672455,4.272528411000713
05/05/2023 11:40:24.613049,2228,True,True,True,True,Eyes,0.3219712,0.001477831,-2.167223,-0.8452997,-0.529775,-0.06933153,0.0,0.0,0.0,0.0,0.0,0.0,0.0,2.184689,-0.05931427,-0.3611071,0.3021543,0.006658252,-2.194411,0.1542629,-0.786037,0.1663135,0.5750555,26.03223,251.6217,356.7313,0.1911446,-0.002862008,-0.9815574,-0.4146663,0.02219197,-0.1518054,-1.38138,-1.06634,-2.492705,0.2599574,-0.2071998,1.991001,-0.2910287,-0.05123368,0.9553416,-0.4337917,0.8970855,-0.08403771,-0.8527176,-0.4388766,-0.2833023,moving,12.005998471709173,-6.0280751891855235,7.438810563626495,-5.941279262601942,-1.6835343,-1.072998252,-0.29829399999999984,0.20691326695302936,-0.10274315473429381,0.9729495046564856,12.190484090609631,-6.290884676878057,4.543031273114878,4.568012578858352,4.764517315817368
05/05/2023 11:40:24.632813,2229,True,True,True,True,Eyes,0.3204386,0.001491286,-2.168671,-0.8456119,-0.5287,-0.07359882,0.0,0.0,0.0,0.0,0.0,0.0,0.0,2.183553,-0.08317064,-0.3933461,0.2965021,0.006463327,-2.200361,0.1523746,-0.7899055,0.1690588,0.5694299,26.14309,250.8598,356.9229,0.1867412,-0.002508502,-0.9824057,-0.3897863,0.02086045,-0.1426971,-1.380194,-1.068849,-2.523952,0.255545,-0.2071998,1.991001,-0.3050632,-0.04818884,0.9511122,-0.4332575,0.8964021,-0.09354768,-0.848071,-0.4406144,-0.2943375,moving,12.388053384930396,-5.914830149912891,7.313926313278607,-5.941279262601942,-1.6766961,-1.075312327,-0.32359099999999996,0.21344171132115186,-0.10067529046348253,0.9717546416073318,12.559866134752843,-6.183232614957698,5.04912785141456,5.074196004770766,5.251516546222179
05/05/2023 11:40:24.642876,2230,True,True,True,True,Eyes,0.3187632,0.001484972,-2.17032,-0.8458281,-0.5277005,-0.07814709,0.0,0.0,0.0,0.0,0.0,0.0,0.0,2.182264,-0.1052696,-0.4251995,0.2913906,0.005868528,-2.206628,0.1505027,-0.7937119,0.1714351,0.5638978,26.22365,250.106,357.0883,0.1826974,-0.002189733,-0.9831665,-0.3663991,0.01960883,-0.1341353,-1.378639,-1.070993,-2.555255,0.2513078,-0.2071999,1.991001,-0.3187367,-0.04556782,0.9467476,-0.4322553,0.895918,-0.1024038,-0.8435419,-0.4418764,-0.3052589,moving,12.752793030453416,-5.833767532846406,7.193934933557771,-5.941282109506788,-1.6700296,-1.076861528,-0.348627,0.21965703005784148,-0.09916021338521559,0.9705246011064814,12.913236348381927,-6.106778717743664,5.5342080505522455,5.5598977261831655,5.721695360725482
05/05/2023 11:40:24.662637,2231,True,True,True,True,Eyes,0.3169635,0.001456182,-2.172195,-0.8460064,-0.5266643,-0.08305363,0.0,0.0,0.0,0.0,0.0,0.0,0.0,2.180427,-0.1246658,-0.457742,0.2863329,0.005384952,-2.212988,0.148928,-0.7975348,0.1731737,0.5583634,26.2658,249.3339,357.1772,0.1789701,-0.001903139,-0.9838524,-0.3444152,0.01843229,-0.1260871,-1.376987,-1.072199,-2.5875,0.2471118,-0.2071998,1.991001,-0.3321016,-0.04416276,0.9422092,-0.4309382,0.8956626,-0.1099123,-0.8390476,-0.442536,-0.3164825,moving,13.123944417225522,-5.77434025074552,7.075047727441294,-5.941279262601942,-1.6633198999999999,-1.077583952,-0.37451199999999973,0.22596516895549412,-0.09800847543656961,0.9691924991213774,13.273439991018124,-6.05141817990649,6.0244544236788595,6.0511998642717275,6.199370712763846
05/05/2023 11:40:24.682561,2232,True,True,True,True,Eyes,0.3150344,0.001402401,-2.17429,-0.84613,-0.5256192,-0.08825266,0.0,0.0,0.0,0.0,0.0,0.0,0.0,2.178527,-0.1399604,-0.4911456,0.2815053,0.004785836,-2.219803,0.1473138,-0.8014756,0.1736425,0.5529774,26.18448,248.5522,357.1834,0.1755213,-0.001646545,-0.984474,-0.3237503,0.01732636,-0.1185219,-1.376511,-1.070188,-2.621534,0.2428207,-0.2072,1.991,-0.3450294,-0.04409611,0.9375556,-0.4281776,0.8962938,-0.115418,-0.8352358,-0.4412629,-0.3281287,moving,13.504060635590006,-5.8201027855878005,6.953406109923387,-5.941287919137228,-1.6580163,-1.0749738359999998,-0.40173099999999984,0.2323757195103921,-0.09862949700741311,0.9676124222062299,13.64521792689192,-6.098465127390083,6.521651428445621,6.551775373990622,6.693657450789804
05/05/2023 11:40:24.698225,2233,True,True,True,True,Eyes,0.3130338,0.00130743,-2.176641,-0.8462235,-0.5244998,-0.09383974,0.0,0.0,0.0,0.0,0.0,0.0,0.0,2.176502,-0.1517538,-0.5254481,0.2765105,0.004125927,-2.227063,0.1460877,-0.8053908,0.1733883,0.5476685,26.05959,247.7612,357.1034,0.1723166,-0.001418118,-0.9850404,-0.3043253,0.01628678,-0.1114106,-1.376073,-1.067244,-2.657058,0.2382141,-0.2071996,1.991001,-0.3574354,-0.04539674,0.932834,-0.4252339,0.8971898,-0.1192754,-0.8315145,-0.4393058,-0.3399917,moving,13.88273359533758,-5.883399370623723,6.822743589318984,-5.9412735687921625,-1.6525835,-1.071369927,-0.42999500000000035,0.2387438894913924,-0.09954017751284705,0.9659675239089512,14.016061546275845,-6.162562858710515,7.026206917860077,7.060227213616861,7.196720932460185
05/05/2023 11:40:24.712682,2234,True,True,True,True,Eyes,0.3109513,0.001179233,-2.179189,-0.8461956,-0.5234737,-0.09964061,0.0,0.0,0.0,0.0,0.0,0.0,0.0,2.174318,-0.1628013,-0.5583646,0.2723967,0.002979081,-2.234216,0.1449158,-0.8091367,0.1732754,0.5424695,25.95288,246.9946,357.0343,0.1693267,-0.00121688,-0.985559,-0.2860658,0.01530957,-0.104726,-1.374421,-1.065296,-2.690992,0.2341914,-0.2071994,1.991001,-0.3694529,-0.04652016,0.9280844,-0.4225066,0.8979501,-0.1231822,-0.827643,-0.4376318,-0.3514054,moving,14.22584001140533,-5.934672520809962,6.708587552248481,-5.941267874982265,-1.6468177,-1.0682750810000001,-0.45677600000000007,0.2445064232678137,-0.1002561972524948,0.9644507572216797,14.351910154945628,-6.214726119496394,7.479791516504519,7.517255352413961,7.6482128514048195
05/05/2023 11:40:24.722553,2235,True,True,True,True,Eyes,0.3088318,0.001023558,-2.182004,-0.8460158,-0.522583,-0.1056608,0.0,0.0,0.0,0.0,0.0,0.0,0.0,2.171888,-0.1759835,-0.5897808,0.2683586,0.00206231,-2.241403,0.144375,-0.8125073,0.1743521,0.537205,26.00455,246.2464,356.9841,0.1665261,-0.001041655,-0.9860362,-0.2689018,0.01439099,-0.0984424,-1.36965,-1.067709,-2.723431,0.229824,-0.2071997,1.991001,-0.3811335,-0.04728581,0.9233102,-0.421937,0.8975145,-0.1282068,-0.8226218,-0.4384426,-0.3620244,moving,14.525923693669338,-5.839021843754621,6.5845890506635465,-5.941276415697067,-1.6380086,-1.06977131,-0.4820280000000001,0.24959795080042696,-0.09851392174545677,0.9633253866549134,14.641859315873427,-6.123649506840669,7.904832989158369,7.941992943190459,8.059333971924017
05/05/2023 11:40:24.743222,2236,True,True,True,True,Eyes,0.3066505,0.0008522946,-2.185023,-0.8457214,-0.5217754,-0.1118302,0.0,0.0,0.0,0.0,0.0,0.0,0.0,2.169947,-0.1876533,-0.6195281,0.2646989,0.001199484,-2.248918,0.1443703,-0.8155463,0.1755488,0.5321883,26.10392,245.5334,356.8956,0.1638926,-0.0008910656,-0.9864775,-0.2527677,0.01352753,-0.09253585,-1.363543,-1.071603,-2.754697,0.2255469,-0.2071999,1.991001,-0.391866,-0.04863124,0.9187363,-0.4223313,0.8966796,-0.132672,-0.8173602,-0.4400007,-0.3719167,moving,14.786422079712112,-5.687659583841804,6.463094249338917,-5.941282109506788,-1.6282419,-1.0728024840000001,-0.505779,0.25404149283867955,-0.09585412410341138,0.9624318962419225,14.89171837317881,-5.978103893428468,8.291867344036184,8.327191036441379,8.428704554363438
05/05/2023 11:40:24.762717,2237,True,True,True,True,Eyes,0.304433,0.0006535511,-2.188252,-0.8453065,-0.5210503,-0.1181676,0.0,0.0,0.0,0.0,0.0,0.0,0.0,2.168469,-0.1968256,-0.6480517,0.2610206,0.0006642751,-2.256732,0.1444839,-0.8183936,0.1761093,0.5275814,26.14902,244.8645,356.7644,0.1614058,-0.0007633458,-0.9868876,-0.2376017,0.01271588,-0.0869837,-1.358286,-1.073688,-2.785464,0.2212017,-0.2071999,1.991,-0.4015647,-0.0506654,0.9144282,-0.4223132,0.89622,-0.1357993,-0.8126484,-0.4407072,-0.381287,moving,15.006810064449263,-5.5797223652164485,6.33960837144414,-5.941285072231013,-1.6193066,-1.0743522750999999,-0.5287320000000002,0.2577887119269911,-0.0939444061685313,0.9616233692640612,15.103647497008023,-5.874544171265477,8.640357433783667,8.674739925688527,8.764293248304524
05/05/2023 11:40:24.782798,2238,True,True,True,True,Eyes,0.302177,0.0004362687,-2.191705,-0.8448042,-0.5203657,-0.1246008,0.0,0.0,0.0,0.0,0.0,0.0,0.0,2.167505,-0.2050685,-0.6750922,0.257866,-0.0001866631,-2.264815,0.1444272,-0.8210841,0.1764755,0.5232764,26.16471,244.2395,356.6477,0.1590488,-0.0006574519,-0.9872703,-0.2233455,0.01195293,-0.08176468,-1.353084,-1.075145,-2.815504,0.2166627,-0.2071999,1.991,-0.4106453,-0.05248288,0.9102837,-0.4218647,0.8959944,-0.1386517,-0.8083321,-0.4409532,-0.3900766,moving,15.18448497732937,-5.502795169345305,6.210548377166013,-5.941285072231013,-1.6109499999999999,-1.0749583369,-0.5506889999999998,0.26080304058242143,-0.09257560322752342,0.960943020758668,15.274774929936104,-5.800873463335378,8.950627206892662,8.984643092448591,9.065314027647085
05/05/2023 11:40:24.798377,2239,True,True,True,True,Eyes,0.2998791,0.0002184039,-2.195334,-0.8441706,-0.5197745,-0.131189,0.0,0.0,0.0,0.0,0.0,0.0,0.0,2.167068,-0.2140253,-0.7014432,0.2546759,-0.0008456036,-2.273576,0.1441143,-0.8236834,0.1768033,0.5191506,26.16093,243.6456,356.5614,0.1568062,-0.0005720189,-0.9876291,-0.2099448,0.01123575,-0.0768588,-1.348503,-1.075741,-2.845031,0.2124369,-0.2071999,1.991001,-0.4194276,-0.05383398,0.9061912,-0.4209841,0.8959433,-0.141626,-0.8042716,-0.4408939,-0.3984466,moving,15.324275884453957,-5.455794713576783,6.090333815764953,-5.941282109506788,-1.6031789,-1.0748953964,-0.5714550000000003,0.26316757182987854,-0.09172627501073309,0.9603797197387245,15.409778939073211,-5.7560697763867115,9.212567370115702,9.246695849843416,9.32128537352515
05/05/2023 11:40:24.812782,2240,True,True,True,True,Eyes,0.2975561,-1.49051e-05,-2.199174,-0.8435294,-0.5190916,-0.1378479,0.0,0.0,0.0,0.0,0.0,0.0,0.0,2.166378,-0.2234433,-0.7272177,0.2517626,-0.001027763,-2.282232,0.1436484,-0.8262745,0.1770546,0.5150605,26.14004,243.0593,356.4876,0.1546631,-0.000504975,-0.9879669,-0.1973481,0.01056161,-0.07224727,-1.343669,-1.075289,-2.874518,0.207916,-0.2072001,1.990999,-0.4281555,-0.05499833,0.9020298,-0.4197736,0.8960336,-0.1446161,-0.8002954,-0.4405665,-0.4067287,moving,15.454685102934391,-5.421656933291826,5.96167398476003,-5.941293728773382,-1.5954316,-1.074261237,-0.5922860000000001,0.265368157151987,-0.09109707097000222,0.9598338638638326,15.535984191155517,-5.723719055939191,9.472690937634086,9.507222648544651,9.576782062182877
05/05/2023 11:40:24.832924,2241,True,True,True,True,Eyes,0.2952251,-0.0002614947,-2.203193,-0.8428362,-0.5183513,-0.1447032,0.0,0.0,0.0,0.0,0.0,0.0,0.0,2.165943,-0.2316632,-0.7522273,0.2488507,-0.001654219,-2.291047,0.1419793,-0.8289674,0.1762126,0.5114724,25.93722,242.5394,356.4849,0.1526082,-0.0004551628,-0.9882864,-0.1855072,0.009927912,-0.06791244,-1.342649,-1.069699,-2.903341,0.2036839,-0.2072005,1.990999,-0.4364757,-0.05513665,0.898025,-0.4156482,0.8975819,-0.1469121,-0.7979508,-0.4373861,-0.4146901,moving,15.526724700832322,-5.5777379838073315,5.841172662586135,-5.941305116403429,-1.5914997,-1.068044781,-0.6122940000000003,0.2665105946482938,-0.09368080530682663,0.9592684483446996,15.610416644257317,-5.876061187313008,9.653318844859427,9.69237325661156,9.769461845142839
05/05/2023 11:40:24.842805,2242,True,True,True,True,Eyes,0.2928962,-0.0005330744,-2.20742,-0.8421253,-0.5175441,-0.1515685,0.0,0.0,0.0,0.0,0.0,0.0,0.0,2.165464,-0.2441042,-0.7758403,0.2466693,-0.002200861,-2.299978,0.1400648,-0.8315443,0.1764307,0.5077285,25.82664,242.0296,356.5745,0.1506314,-0.0004214204,-0.9885896,-0.1743768,0.009332237,-0.06383769,-1.339495,-1.066473,-2.930984,0.1993731,-0.2071998,1.991,-0.4451874,-0.05378245,0.893821,-0.412098,0.8985081,-0.15119,-0.7949741,-0.4356497,-0.4221681,moving,15.573781734803726,-5.661578743728166,5.718374323522206,-5.941282225324767,-1.5861643,-1.064272139,-0.6310060000000002,0.26726315034656134,-0.09506383860811489,0.9589229382974793,15.658548511587295,-5.9579489828643695,9.817453715886083,9.859375704371953,9.940188160688024
05/05/2023 11:40:24.862720,2243,True,True,True,True,Eyes,0.2906032,-0.0008153021,-2.21186,-0.8413701,-0.516664,-0.1586023,0.0,0.0,0.0,0.0,0.0,0.0,0.0,2.165147,-0.258032,-0.7983789,0.24441,-0.003097847,-2.309135,0.1374974,-0.834038,0.1767007,0.5042341,25.68429,241.5697,356.7457,0.1487243,-0.0004032258,-0.9888783,-0.1639142,0.008772302,-0.06000743,-1.33751,-1.062425,-2.957522,0.1950215,-0.2071999,1.991001,-0.453685,-0.05115897,0.8896925,-0.4075531,0.8997427,-0.1560885,-0.7925091,-0.4334119,-0.4290497,moving,15.563865951287099,-5.789196447697132,5.5943604194603145,-5.941282109506788,-1.58192,-1.059327153,-0.648387,0.26704170187345727,-0.09720565478912284,0.9587699483050383,15.652322127753825,-6.082053243240099,9.924930158092277,9.970665504250602,10.058946775760925
05/05/2023 11:40:24.882633,2244,True,True,True,True,Eyes,0.2883238,-0.001094382,-2.216527,-0.8405484,-0.515792,-0.1656414,0.0,0.0,0.0,0.0,0.0,0.0,0.0,2.164384,-0.2738854,-0.8213897,0.2429061,-0.00366772,-2.318455,0.1347505,-0.8366631,0.1772705,0.5004125,25.56234,241.0747,356.9458,0.1468806,-0.0003994558,-0.9891539,-0.1540793,0.008245965,-0.05640699,-1.333873,-1.058583,-2.98498,0.1905716,-0.2071999,1.991001,-0.4628596,-0.04806471,0.8851277,-0.4028982,0.9008349,-0.1617698,-0.7895786,-0.431493,-0.4363253,moving,15.578469121177385,-5.908258695601983,5.467493642631499,-5.941282109506788,-1.5767791,-1.0549152800000001,-0.666525,0.2672334176574479,-0.09919232654443648,0.9585130443777707,15.669766686796324,-6.197995775799401,10.061455332429068,10.11102940721775,10.20550229896371
05/05/2023 11:40:24.898298,2245,True,True,True,True,Eyes,0.2860886,-0.001390552,-2.221404,-0.8396795,-0.514829,-0.1728853,0.0,0.0,0.0,0.0,0.0,0.0,0.0,2.164018,-0.2896519,-0.8444235,0.2409577,-0.003881987,-2.328486,-0.1327867,0.8390467,-0.1782709,-0.4965761,25.53311,240.5779,357.0919,0.1450943,-0.0004084754,-0.9894175,-0.1448346,0.007751207,-0.05302257,-1.328805,-1.057313,-3.01244,0.1861403,-0.2071999,1.991001,-0.4715597,-0.04577837,0.8806451,-0.3998786,0.9011744,-0.1672778,-0.785957,-0.4310326,-0.4432634,moving,15.581154702872112,-5.912434283617593,5.341103688610758,-5.941282109506788,-1.5697627,-1.053431013,-0.683954,0.2672764823151728,-0.09926094040350117,0.9584938375538883,15.672497188283558,-6.202076366487373,10.189727489959925,10.240091648600295,10.334684576200447
05/05/2023 11:40:24.912941,2246,True,True,True,True,Eyes,0.2838964,-0.001680094,-2.226476,-0.8387395,-0.5138777,-0.180127,0.0,0.0,0.0,0.0,0.0,0.0,0.0,2.162838,-0.30375,-0.8687508,0.2397683,-0.004629087,-2.338237,-0.1293559,0.8419012,-0.1778666,-0.4927807,25.27609,240.0782,357.3054,0.14336,-0.0004297197,-0.9896702,-0.1361445,0.007286135,-0.04984121,-1.326635,-1.049634,-3.041394,0.1818603,-0.2072001,1.990999,-0.4808682,-0.04251122,0.8757616,-0.3931082,0.903261,-0.172004,-0.7837292,-0.4269804,-0.4510611,moving,15.596661791296922,-6.164216406457636,5.2189848156014715,-5.941293728773382,-1.5664033,-1.0450049129999999,-0.703157,0.26742065865656894,-0.10346770921280994,0.9580086638546021,15.694400133938565,-6.4471592417430275,10.322057015317835,10.380070998413517,10.487622514605656
05/05/2023 11:40:24.932828,2247,True,True,True,True,Eyes,0.2817549,-0.001949398,-2.231775,-0.8377248,-0.5128698,-0.1875679,0.0,0.0,0.0,0.0,0.0,0.0,0.0,2.161306,-0.3222485,-0.8914425,0.2386139,-0.004774019,-2.347935,-0.1268615,0.8443543,-0.1792259,-0.488723,25.25583,239.5711,357.5255,0.1416743,-0.0004616093,-0.989913,-0.1279758,0.006848967,-0.04685074,-1.320406,-1.04841,-3.068239,0.1776175,-0.2072001,1.990999,-0.4901119,-0.03904849,0.8707844,-0.3894158,0.9035684,-0.1786601,-0.7798369,-0.4266606,-0.4580559,moving,15.588279487277015,-6.1765871857062855,5.097875105641916,-5.941293728773382,-1.5590199,-1.043635981,-0.720304,0.26727459204700593,-0.10367891230246323,0.9580265993109869,15.686562337746189,-6.459140228322524,10.434079460204995,10.49304279516215,10.601342476140621
05/05/2023 11:40:24.942741,2248,True,True,True,True,Eyes,0.2796659,-0.002233973,-2.237264,-0.8367804,-0.5116106,-0.1950725,0.0,0.0,0.0,0.0,0.0,0.0,0.0,2.159654,-0.3375064,-0.9157455,0.2373982,-0.004609987,-2.358013,-0.1235605,0.8471247,-0.1789979,-0.4848425,25.02932,239.0661,357.7375,0.140034,-0.0005021107,-0.9901463,-0.1202973,0.006438029,-0.0440397,-1.31726,-1.040764,-3.097267,0.1733816,-0.2072003,1.990999,-0.499321,-0.03577062,0.8656783,-0.3829139,0.9053851,-0.1834524,-0.7772099,-0.4230819,-0.4657748,moving,15.592633094822464,-6.375400641574971,4.976916773044318,-5.9412994225884646,-1.5546582,-1.036154013,-0.7392539999999999,0.26725274820533335,-0.10700326578800694,0.9576671623273758,15.69616498221491,-6.6526114609485045,10.559155991151714,10.624588316391018,10.742823045444007
05/05/2023 11:40:24.963120,2249,True,True,True,True,Eyes,0.2776591,-0.002527915,-2.242971,-0.8356507,-0.5104192,-0.2028795,0.0,0.0,0.0,0.0,0.0,0.0,0.0,2.157892,-0.3466942,-0.9416869,0.236593,-0.005323213,-2.368009,-0.1194179,0.8502223,-0.1768252,-0.4812424,24.55832,238.5706,357.9288,0.1384362,-0.0005509841,-0.990371,-0.1130794,0.006051747,-0.04139731,-1.317171,-1.02671,-3.128375,0.1689988,-0.2072002,1.990999,-0.5082903,-0.03287204,0.8605582,-0.373255,0.9089445,-0.1857435,-0.7760938,-0.4156193,-0.4742773,moving,15.587188908118863,-6.8144213147366095,4.8517168152818915,-5.941296575680938,-1.5537640000000001,-1.021386787,-0.7603660000000003,0.26694194130761245,-0.11434825015325314,0.9569046040840185,15.702690912404563,-7.079735559935924,10.691088252366486,10.770919545982714,10.910530792647014
05/05/2023 11:40:24.982670,2250,True,True,True,True,Eyes,0.2756883,-0.00271902,-2.248902,-0.834416,-0.5092412,-0.2107685,0.0,0.0,0.0,0.0,0.0,0.0,0.0,2.155293,-0.3604092,-0.967773,0.2361966,-0.0058746,-2.378222,-0.1168429,0.8530244,-0.1768914,-0.4768718,24.40749,237.9966,358.0724,0.1368797,-0.0006077287,-0.9905872,-0.1062947,0.005688642,-0.03891348,-1.310333,-1.022222,-3.158873,0.1646704,-0.2071998,1.991001,-0.5178822,-0.0306307,0.8549036,-0.3680487,0.9101143,-0.1903471,-0.7722296,-0.4132234,-0.4826056,moving,15.626596650647457,-6.929075516486208,4.728020526805946,-5.941279262601942,-1.5465296,-1.0163474,-0.7806509999999998,0.2675408076475852,-0.11624284393305226,0.9565090375439869,15.744196627463808,-7.1915536232815604,10.858734144605648,10.943249196027478,11.086898658221708
05/05/2023 11:40:24.998240,2251,True,True,True,True,Eyes,0.2737423,-0.00275198,-2.255072,-0.8330581,-0.5079641,-0.2190586,0.0,0.0,0.0,0.0,0.0,0.0,0.0,2.151709,-0.3759692,-0.9966838,0.2350726,-0.003605474,-2.389416,-0.1152833,0.8559699,-0.1772128,-0.4718276,24.34093,237.3201,358.1049,0.1353607,-0.0006669752,-0.9907959,-0.09991699,0.005347323,-0.03657867,-1.300841,-1.017731,-3.192651,0.1601655,-0.2072001,1.991001,-0.5281771,-0.03013019,0.8485995,-0.3645858,0.9106108,-0.19459,-0.7668808,-0.4121653,-0.4919488,moving,15.738790116187714,-6.9308781378008835,4.599238389993118,-5.941287803316391,-1.5359136,-1.014125526,-0.8032349999999999,0.26941431859395065,-0.11620992477825985,0.9559870152977856,15.85361352866043,-7.194051550791429,11.097481142248729,11.18342084027379,11.323885232941942
05/05/2023 11:40:25.012686,2252,True,True,True,True,Eyes,0.2718635,-0.002852245,-2.261432,-0.8318475,-0.5062451,-0.2274766,0.0,0.0,0.0,0.0,0.0,0.0,0.0,2.149155,-0.3760735,-1.02836,0.2333857,0.0001111142,-2.400699,-0.1141614,0.8592336,-0.1735268,-0.4675182,23.8877,236.6523,357.8734,0.1338767,-0.0007214232,-0.9909974,-0.09392197,0.005026484,-0.03438395,-1.296777,-1.000748,-3.230288,0.1559577,-0.2072004,1.991,-0.5367877,-0.0339287,0.8430348,-0.3584365,0.9137112,-0.1914551,-0.7637945,-0.4049452,-0.5026302,moving,15.898783833823213,-7.214135763025915,4.478909622492705,-5.941299306761796,-1.5301627,-1.0008591142,-0.8295889999999999,0.2719311823625849,-0.12084580446331603,0.9546987439398463,16.017213143043428,-7.470717750086999,11.393136543251183,11.490589177540315,11.639225442749035
05/05/2023 11:40:25.032679,2253,True,True,True,True,Eyes,0.2700851,-0.002906664,-2.267942,-0.8300886,-0.5052279,-0.2360036,0.0,0.0,0.0,0.0,0.0,0.0,0.0,2.147199,-0.3702632,-1.059634,0.2331366,-0.001514178,-2.411644,-0.1100438,0.8627725,-0.1678634,-0.4640429,23.06567,236.1139,357.8763,0.1324262,-0.0007745071,-0.9911923,0.0,0.0,0.0,-1.298401,-0.9772227,-3.267381,0.1512947,-0.2072003,1.990999,-0.5451089,-0.03409388,0.8376715,-0.345677,0.9194245,-0.1875257,-0.7637823,-0.3917858,-0.512972,moving,15.930472174663015,-7.96358730041208,4.345517090080619,-5.9412994225884646,-1.5315375999999998,-0.975708522,-0.855737,0.2720205065420099,-0.13331945452159874,0.9530114275642353,16.068303679633786,-8.200132434188408,11.63332151322693,11.760137438507419,11.93842753458349
05/05/2023 11:40:25.042883,2254,True,True,True,True,Eyes,0.2682976,-0.002779724,-2.27468,-0.8281914,-0.5042087,-0.2446885,0.0,0.0,0.0,0.0,0.0,0.0,0.0,2.137505,-0.4129916,-1.086032,0.2336451,-0.0003590137,-2.421644,-0.1092122,0.8651892,-0.1757816,-0.4567509,23.82436,235.2856,358.2209,0.1310101,-0.000824326,-0.9913805,0.0,0.0,0.0,-1.273552,-0.9982362,-3.294219,0.1475745,-0.2072001,1.991,-0.558903,-0.02840153,0.8287469,-0.3495552,0.9143471,-0.2044032,-0.7519569,-0.4039343,-0.5209591,moving,16.049186127849477,-7.25923095007727,4.239057012362211,-5.941290766043414,-1.5071971,-0.9978771863,-0.8725749999999999,0.2744139763119109,-0.12150807617989182,0.9539038878470135,16.165043608387464,-7.515592042276967,11.782127162967473,11.883438730147569,12.029446404424629
05/05/2023 11:40:25.062622,2255,True,True,True,True,Eyes,0.2665514,-0.002585491,-2.28159,-0.8262354,-0.5028975,-0.2538289,0.0,0.0,0.0,0.0,0.0,0.0,0.0,2.126989,-0.4375777,-1.12278,0.2316099,0.003921848,-2.433625,-0.1063579,0.8689733,-0.1764959,-0.4499141,23.73107,234.4037,358.3707,0.1296239,-0.0008632647,-0.9915626,0.0,0.0,0.0,-1.261234,-0.9906753,-3.333466,0.1431944,-0.2071996,1.991001,-0.5725307,-0.02602834,0.8194701,-0.3436604,0.9150743,-0.2110367,-0.7443832,-0.4024443,-0.5328531,moving,16.274905612636115,-7.337649645093997,4.113675692851514,-5.9412735687921625,-1.4928439,-0.994597148,-0.8998409999999999,0.278129495711877,-0.12267713172499431,0.9526774098095356,16.387192873778073,-7.59338904516446,12.134740837507183,12.241134723069274,12.384212108074065
05/05/2023 11:40:25.072608,2256,True,True,True,True,Eyes,0.2648743,-0.002397389,-2.288655,-0.8240493,-0.5017339,-0.2630699,0.0,0.0,0.0,0.0,0.0,0.0,0.0,2.115704,-0.440316,-1.166006,0.2309285,0.005657755,-2.444645,-0.1006109,0.8739704,-0.1705995,-0.4437893,22.7989,233.5352,358.4807,0.1282662,-0.0008895029,-0.9917391,0.0,0.0,0.0,-1.258709,-0.9601884,-3.379746,0.138847,-0.2071999,1.991,-0.585857,-0.02444137,0.8100457,-0.3272822,0.9215465,-0.2088978,-0.7413891,-0.3874978,-0.5478938,moving,16.53803907828036,-8.252906162209669,3.989195481276389,-5.941285072231013,-1.4896375000000002,-0.965846155,-0.935101,0.28193946487501254,-0.137719596590887,0.9494963814499477,16.668369480960006,-8.485664180424726,12.614160835205828,12.7599791412722,12.931949518942055
05/05/2023 11:40:25.098075,2257,True,True,True,True,Eyes,0.2243002,0.002840232,-2.46937,-0.738285,-0.4642552,-0.4892877,0.0,0.0,0.0,0.0,0.0,0.0,0.0,2.101366,-0.4708689,-1.201892,0.2308624,0.00570887,-2.455335,-0.0974663,0.8775523,-0.1737699,-0.4361267,22.95447,232.6067,358.787,0.1269374,-0.0009046148,-0.9919101,0.0,0.0,0.0,-1.239588,-0.9641507,-3.415664,0.1344274,-0.2071999,1.991,-0.600588,-0.01949219,0.7993214,-0.3226349,0.9206087,-0.219969,-0.7315745,-0.3899996,-0.5591954,moving,3.529437255198713,-4.687825640412257,3.8626071841110545,-5.941285072231013,-1.4704503999999998,-0.96985957,-0.9603290000000002,0.06135619278397675,-0.08157276353943946,0.9947770540070391,3.8912476447402646,-4.930631078683103,1.292218883466081,1.2969821697875625,1.011059726553972
05/05/2023 11:40:25.113393,2258,True,True,True,True,Eyes,0.2242879,0.002855135,-2.469769,-0.7380432,-0.4640991,-0.4898002,0.0,0.0,0.0,0.0,0.0,0.0,0.0,2.083166,-0.5061976,-1.240095,0.2301187,0.006443027,-2.465899,-0.09168205,0.8816291,-0.1761161,-0.4281445,22.89505,231.6684,359.325,0.1230353,-0.0006762424,-0.9924018,-0.1217223,0.01571286,-0.5421431,-1.224176,-0.9604207,-3.452897,0.1301856,-0.2071997,1.991001,-0.6165735,-0.01085289,0.7872227,-0.3124654,0.9211551,-0.2320317,-0.7226359,-0.3890444,-0.571351,moving,4.288141187519604,-4.788458403737295,3.7410741016067712,-5.941276415697067,-1.4542947,-0.966863727,-0.9869980000000003,0.07451280486774248,-0.08324504662093994,0.9937394425758238,4.633558983235296,-5.033576479945394,1.2757114448489055,1.27603752499213,1.2729683567548227
05/05/2023 11:40:25.132527,2259,True,True,True,True,Eyes,0.2243057,0.002857187,-2.470556,-0.7374015,-0.4641067,-0.4907586,0.0,0.0,0.0,0.0,0.0,0.0,0.0,2.062755,-0.5387701,-1.279494,0.2297724,0.00678172,-2.475781,-0.08495987,0.8859192,-0.1773696,-0.4200822,22.68413,230.7196,359.9059,0.119684,-0.0004847962,-0.9928117,-0.114419,0.01477009,-0.5096145,-1.209627,-0.9524108,-3.491115,0.125723,-0.2071997,1.991001,-0.6326256,-0.001515555,0.7744564,-0.2995548,0.9226437,-0.24289,-0.7141792,-0.3856505,-0.5841421,moving,5.018161280338503,-5.074386086583246,3.61318046816318,-5.941276415697067,-1.4393994,-0.95919252,-1.0153340000000002,0.08713128773046191,-0.08811262493619701,0.9922924511888542,5.352903068954601,-5.316620704662297,1.6494309888983871,1.6508997320527672,1.8484667930565644
05/05/2023 11:40:25.142608,2260,True,True,True,True,Eyes,0.2243181,0.002869026,-2.47169,-0.7364663,-0.4640809,-0.4921852,0.0,0.0,0.0,0.0,0.0,0.0,0.0,2.039001,-0.5806561,-1.316623,0.2298004,0.006540414,-2.485021,-0.07910997,0.8897589,-0.1815818,-0.4112165,22.84196,229.7171,0.532272,0.116762,-0.0003211439,-0.9931596,-0.1075538,0.01388388,-0.4790376,-1.188745,-0.9562495,-3.525478,0.1215336,-0.2071997,1.991001,-0.6492854,0.008561273,0.760497,-0.2901164,0.9215394,-0.2580653,-0.7030372,-0.3881906,-0.5958583,moving,5.7552095284276685,-5.015732543423213,3.49308362934383,-5.941276415697067,-1.4185454,-0.962789914,-1.040457,0.09989837109956223,-0.08699192546752632,0.9911875121462366,6.06981075545768,-5.264439429368592,2.4400538800341947,2.444145053553399,2.6641379447230493
05/05/2023 11:40:25.162543,2261,True,True,True,True,Eyes,0.2243355,0.002948598,-2.473156,-0.7351253,-0.4640638,-0.4942019,0.0,0.0,0.0,0.0,0.0,0.0,0.0,2.013926,-0.6167891,-1.355885,0.2296091,0.006784923,-2.49439,-0.07294845,0.8937912,-0.1841112,-0.4023915,22.81903,228.6982,1.104556,0.1141276,-0.0001734298,-0.9934658,-0.1011006,0.01305085,-0.4502954,-1.169272,-0.9542353,-3.562239,0.1171108,-0.2071999,1.991001,-0.6655194,0.01776823,0.7461691,-0.278571,0.9215631,-0.2704063,-0.6924466,-0.3878217,-0.6083685,moving,6.470166707688631,-5.1527784331871995,3.3662626155201236,-5.941282109506788,-1.3988811,-0.961020223,-1.0678489999999998,0.11223620982259636,-0.0892442960154266,0.9896658142865745,6.770458382153385,-5.402524124862522,3.194116514883591,3.20249257000698,3.44656480913703
05/05/2023 11:40:25.182555,2262,True,True,True,True,Eyes,0.2243291,0.003071249,-2.474954,-0.7335766,-0.4637875,-0.4967561,0.0,0.0,0.0,0.0,0.0,0.0,0.0,1.988838,-0.6402954,-1.398252,0.2295039,0.008513995,-2.503561,-0.0685023,0.8980278,-0.184355,-0.3935314,22.64544,227.6021,1.369971,0.1117514,-3.734877e-05,-0.993736,-0.09503457,0.0122678,-0.4232777,-1.14868,-0.9467586,-3.602558,0.1127671,-0.2071998,1.991,-0.6808811,0.02206504,0.7320617,-0.2681329,0.9226414,-0.2771962,-0.6815467,-0.3850274,-0.6222927,moving,7.246686343074106,-5.408786539722998,3.2416792114940414,-5.941282225324767,-1.3781839,-0.9552725950000001,-1.0989970000000002,0.12558883835023443,-0.09351466733050956,0.9876651997447934,7.53432467317981,-5.656765432356771,4.025524014788829,4.0402516975049565,4.30206402383928
05/05/2023 11:40:25.198393,2263,True,True,True,True,Eyes,0.2243201,0.003183713,-2.477044,-0.7318392,-0.4632676,-0.4997946,0.0,0.0,0.0,0.0,0.0,0.0,0.0,1.969156,-0.6420324,-1.441824,0.2288603,0.009616133,-2.513198,-0.06614106,0.9021212,-0.1810091,-0.3860551,22.18835,226.584,1.26393,0.1096059,8.995601e-05,-0.9939749,-0.0893325,0.01153173,-0.397881,-1.131725,-0.9318859,-3.645075,0.1083963,-0.2071999,1.991001,-0.6931738,0.0204245,0.7204813,-0.2590935,0.9257221,-0.2755162,-0.6725928,-0.3776526,-0.6363946,moving,7.958320148285473,-5.884186894257883,3.116284302368765,-5.941282109506788,-1.3605853,-0.941502033,-1.1318769999999998,0.1377370905402902,-0.1015408936059011,0.9852502559607741,8.24085235863387,-6.12404165530219,4.8176791285576845,4.842372455392775,5.127825934533275
05/05/2023 11:40:25.212820,2264,True,True,True,True,Eyes,0.2243106,0.003289846,-2.479398,-0.7299187,-0.4627494,-0.5030721,0.0,0.0,0.0,0.0,0.0,0.0,0.0,1.954814,-0.6326177,-1.480347,0.2285628,0.00944414,-2.522022,-0.06507028,0.9055935,-0.1764992,-0.3801504,21.66296,225.7362,1.007292,0.1076664,0.0002089577,-0.9941869,-0.08397255,0.01083983,-0.3740081,-1.11744,-0.9163612,-3.683491,0.1040683,-0.2071995,1.991001,-0.7025031,0.01633802,0.7114933,-0.2520469,0.9292278,-0.2702,-0.6655539,-0.369146,-0.6486675,moving,8.52136213752851,-6.390810101705065,2.99208944670549,-5.9412707218872285,-1.3460028,-0.92580534,-1.1614689999999999,0.14727735762042327,-0.11009572358135723,0.9829487093383372,8.803371484948917,-6.6207118432761956,5.5112995089329555,5.547516754682967,5.85086653115972
05/05/2023 11:40:25.232855,2265,True,True,True,True,Eyes,0.2243195,0.003404292,-2.482028,-0.7277929,-0.462254,-0.5065953,0.0,0.0,0.0,0.0,0.0,0.0,0.0,1.942824,-0.6372263,-1.508643,0.2284797,0.009389229,-2.530679,-0.06486329,0.9078813,-0.1759799,-0.3749342,21.60321,225.0458,0.8742038,0.1059113,0.000320219,-0.9943753,-0.0789342,0.01018944,-0.3515677,-1.100608,-0.9148592,-3.712307,0.09970087,-0.2071998,1.991001,-0.7104345,0.01418541,0.7036206,-0.2497381,0.9296477,-0.2708988,-0.657962,-0.3681766,-0.6569111,moving,8.916458558153124,-6.435086826952974,2.8667345897753154,-5.941279262601942,-1.3290877,-0.924248429,-1.181628,0.1540408807588945,-0.11073977563971898,0.9818391787532154,9.189712358281563,-6.666412461883283,6.029836790256007,6.069843985159358,6.364421891870795
05/05/2023 11:40:25.243177,2266,True,True,True,True,Eyes,0.2243315,0.003547633,-2.484893,-0.7255201,-0.4617099,-0.5103377,0.0,0.0,0.0,0.0,0.0,0.0,0.0,1.930206,-0.6455689,-1.535645,0.228376,0.009732015,-2.539371,-0.06338969,0.9101246,-0.1755877,-0.3698975,21.50046,224.4058,0.8938119,0.1043226,0.0004247903,-0.9945431,-0.07419815,0.009578072,-0.3304736,-1.085513,-0.9113617,-3.739949,0.09533614,-0.2071999,1.991001,-0.7183155,0.01451385,0.6955664,-0.2452839,0.9303014,-0.2727179,-0.6510447,-0.3665087,-0.66469,moving,9.235578168999021,-6.537290704899872,2.7414297806642574,-5.941282109506788,-1.3138889999999999,-0.921093715,-1.2005780000000001,0.15947721330236841,-0.11239275765748792,0.9807828005051711,9.503550922773046,-6.76797145148777,6.4769813021772835,6.521440756113135,6.812466338170019
05/05/2023 11:40:25.262430,2267,True,True,True,True,Eyes,0.2243525,0.003721113,-2.488003,-0.7229462,-0.4612396,-0.5143996,0.0,0.0,0.0,0.0,0.0,0.0,0.0,1.916905,-0.6515746,-1.563516,0.2283993,0.01055185,-2.547818,-0.06227443,0.9124512,-0.1747607,-0.3647102,21.3673,223.7341,0.8508716,0.1028829,0.0005244844,-0.994693,-0.06974626,0.009003387,-0.3106452,-1.069542,-0.9065376,-3.768309,0.09102863,-0.2071995,1.991002,-0.7262169,0.01382925,0.6873267,-0.2411188,0.9311612,-0.273497,-0.6437942,-0.3643454,-0.6728907,moving,9.565153786987738,-6.665824493009572,2.6177406178456613,-5.941267759171546,-1.2979413,-0.9170894500000001,-1.220491,0.16507648118331208,-0.11448581695223269,0.9796136372364743,9.82829187722677,-6.895218367558734,6.935459397495771,6.98509357155069,7.273381003866412
05/05/2023 11:40:25.282720,2268,True,True,True,True,Eyes,0.2243642,0.00390625,-2.491339,-0.7202823,-0.4606147,-0.5186786,0.0,0.0,0.0,0.0,0.0,0.0,0.0,1.904553,-0.6530889,-1.591877,0.2282745,0.01146438,-2.556497,-0.06210235,0.9147183,-0.1734075,-0.3596716,21.2176,223.0581,0.6839188,0.1015767,0.0006209667,-0.9948272,-0.06556149,0.008463183,-0.2920065,-1.053051,-0.9012777,-3.797312,0.08659536,-0.2071999,1.991001,-0.7335593,0.01112722,0.6795343,-0.2383518,0.9321463,-0.2725652,-0.6364583,-0.361911,-0.6811323,moving,9.90130090727023,-6.779011291614135,2.490417461061514,-5.941282109506788,-1.2813255,-0.91274208,-1.240815,0.17078450459116895,-0.11630601517956929,0.9784199238935901,10.15902520557217,-7.0075764830951774,7.403312395669749,7.458081766503007,7.7423851899989495
05/05/2023 11:40:25.298261,2269,True,True,True,True,Eyes,0.2244027,0.004091417,-2.4949,-0.7173354,-0.4600903,-0.5232083,0.0,0.0,0.0,0.0,0.0,0.0,0.0,1.892988,-0.6494942,-1.620816,0.2280061,0.01188809,-2.565182,-0.06140674,0.9170559,-0.1707989,-0.3550571,20.9081,222.4279,0.5311549,0.1003895,0.0007150102,-0.9949476,-0.0616278,0.007955393,-0.2744861,-1.039277,-0.8914756,-3.826816,0.08232307,-0.2071998,1.991001,-0.7403276,0.008659869,0.6721908,-0.2339135,0.9341139,-0.2696584,-0.6302381,-0.35687,-0.6895247,moving,10.176368160358594,-7.053615785967788,2.367693064756104,-5.941279262601942,-1.2672831,-0.90336369,-1.261634,0.1753829174201918,-0.12089475810154406,0.9770493207494142,10.43456745151562,-7.276586426707256,7.824358192292386,7.887502728360618,8.176644030057057
05/05/2023 11:40:25.312843,2270,True,True,True,True,Eyes,0.2244402,0.004293079,-2.498668,-0.7142798,-0.4595397,-0.5278518,0.0,0.0,0.0,0.0,0.0,0.0,0.0,1.881648,-0.6542877,-1.645302,0.2280893,0.01210421,-2.573623,-0.06094432,0.9189103,-0.170348,-0.3505299,20.84216,221.8436,0.4548704,0.09930966,0.0008068169,-0.9950559,-0.05793013,0.007478069,-0.2580169,-1.023362,-0.8893414,-3.852036,0.07782078,-0.2071998,1.991001,-0.7468293,0.007419411,0.6649745,-0.2314289,0.9345347,-0.2703435,-0.6234475,-0.3557947,-0.6962208,moving,10.39087965041559,-7.090902647783376,2.2383382569024617,-5.941279262601942,-1.2514513,-0.9014456099999999,-1.278413,0.17902745298102574,-0.12144955697536852,0.9763191422465214,10.644682315524589,-7.314288478326012,8.166994544023064,8.233198959134961,8.51773295768274
05/05/2023 11:40:25.332867,2271,True,True,True,True,Eyes,0.2244871,0.004503559,-2.502621,-0.7108172,-0.4590872,-0.5328957,0.0,0.0,0.0,0.0,0.0,0.0,0.0,1.869761,-0.659658,-1.670154,0.2280406,0.0126886,-2.582325,-0.06016229,0.9207947,-0.1697679,-0.3459718,20.74882,221.2605,0.4090133,0.09832631,0.0008971898,-0.9951535,-0.05445432,0.007029385,-0.2425359,-1.007996,-0.8859317,-3.877366,0.07361829,-0.2071999,1.991001,-0.7533681,0.006675588,0.6575652,-0.2282641,0.9351187,-0.2710139,-0.6167108,-0.3542717,-0.7029648,moving,10.568608637157162,-7.163915566147656,2.117576340717984,-5.941282109506788,-1.2360365999999998,-0.8986203,-1.2950409999999999,0.18202858743120054,-0.12262490797793635,0.9756170874884132,10.81990383150665,-7.38650749906621,8.469209543619106,8.5390151331846,8.821518020361538
05/05/2023 11:40:25.342956,2272,True,True,True,True,Eyes,0.2245626,0.004715211,-2.506745,-0.70717,-0.4587775,-0.5379905,0.0,0.0,0.0,0.0,0.0,0.0,0.0,1.856669,-0.662913,-1.69652,0.2284102,0.01311661,-2.590852,-0.05911959,0.9228646,-0.1686215,-0.3411637,20.58328,220.6426,0.3633214,0.09742811,0.0009867189,-0.9952418,-0.05118706,0.006607622,-0.2279837,-0.9918944,-0.8804137,-3.903972,0.06935436,-0.2072001,1.991,-0.7602243,0.005936306,0.6496334,-0.2241738,0.9361433,-0.2708906,-0.609758,-0.3515685,-0.7103482,moving,10.769507398007079,-7.320803356597063,1.995030663014173,-5.941290766043414,-1.2203046,-0.8935303099999999,-1.31312,0.1853878501268037,-0.12521588976540154,0.9746549684232468,11.019972381003823,-7.540489098787253,8.806594315625906,8.882257424800736,9.16553371716894
05/05/2023 11:40:25.362437,2273,True,True,True,True,Eyes,0.2246787,0.004912736,-2.511045,-0.7031069,-0.4587291,-0.5433307,0.0,0.0,0.0,0.0,0.0,0.0,0.0,1.841849,-0.6770239,-1.719547,0.2290902,0.01337691,-2.599028,-0.05895132,0.9245135,-0.1703421,-0.3358323,20.76664,219.9882,0.3315193,0.09660882,0.001075332,-0.9953215,-0.04811584,0.006211164,-0.2143047,-0.9707656,-0.8859416,-3.926731,0.06488407,-0.2072001,1.991,-0.7674831,0.005410173,0.6410468,-0.2234153,0.9350166,-0.2753716,-0.6008792,-0.3545626,-0.7164007,moving,10.96835110216473,-7.14933724990305,1.8665334778594653,-5.941290766043414,-1.1998558,-0.89931851,-1.327703,0.1888403870279437,-0.12221668552238209,0.9743727929206407,11.20918742323759,-7.374973899087449,9.107908853884084,9.181637129253126,9.452017248665197
05/05/2023 11:40:25.382565,2274,True,True,True,True,Eyes,0.2248318,0.005100205,-2.515497,-0.6988456,-0.4588935,-0.5486634,0.0,0.0,0.0,0.0,0.0,0.0,0.0,1.826697,-0.6920508,-1.742136,0.2297471,0.0132774,-2.607266,-0.05863336,0.9260929,-0.1722498,-0.330521,20.96501,219.3426,0.3230156,0.0958609,0.001162583,-0.9953937,-0.04522889,0.005838495,-0.2014464,-0.9497241,-0.8922591,-3.948733,0.06056929,-0.2071999,1.991,-0.774636,0.005264443,0.6323854,-0.2224642,0.9337842,-0.2802795,-0.5919871,-0.3577977,-0.7221717,moving,11.148252949796293,-6.979859493548141,1.7424885515480424,-5.941285072231013,-1.1794712,-0.9055365,-1.3414669999999997,0.19196838830103363,-0.1192602890884531,0.9741278482934428,11.379991177513217,-7.211267720983245,9.391300294464921,9.462929818188892,9.720818524878313
05/05/2023 11:40:25.398264,2275,True,True,True,True,Eyes,0.2249919,0.005284724,-2.520091,-0.6940562,-0.4590801,-0.5545552,0.0,0.0,0.0,0.0,0.0,0.0,0.0,1.811171,-0.7105083,-1.763029,0.2306925,0.01326105,-2.615346,-0.05880359,0.9274713,-0.1751211,-0.3250723,21.28888,218.6856,0.2937324,0.09517796,0.001248201,-0.9954591,-0.04251516,0.005488185,-0.1893597,-0.9264652,-0.9024029,-3.969118,0.05603021,-0.2072,1.991,-0.7817405,0.004776728,0.6235858,-0.2229313,0.9317495,-0.2866087,-0.5823947,-0.3630704,-0.7273216,moving,11.294069506017031,-6.678792565688594,1.6119776435026056,-5.941287919137228,-1.1571577,-0.91566395,-1.3537719999999998,0.19456607481184385,-0.11408049764638738,0.9742328774017812,11.514021190681023,-6.919301316200836,9.643873043323039,9.710139851611455,9.950224952987426
05/05/2023 11:40:25.412748,2276,True,True,True,True,Eyes,0.2251648,0.005468526,-2.524848,-0.6891637,-0.4592658,-0.5604714,0.0,0.0,0.0,0.0,0.0,0.0,0.0,1.795834,-0.7280388,-1.784014,0.2314295,0.01339188,-2.623743,-0.05891489,0.9288249,-0.1776908,-0.3197492,21.57773,218.0414,0.2581461,0.09455349,0.001332173,-0.9955186,-0.03996425,0.005158894,-0.1779981,-0.9040394,-0.9112856,-3.989529,0.05168527,-0.2071998,1.991001,-0.7885792,0.004189721,0.6149192,-0.2230762,0.9299101,-0.2924113,-0.5730446,-0.3677632,-0.7323731,moving,11.424780197066813,-6.409691042543892,1.4870323484528405,-5.941279262601942,-1.1354689,-0.92467748,-1.365786,0.19689122171061324,-0.10945175306815881,0.9742966854243624,11.634187291432907,-6.658336573065406,9.88711215784007,9.948780925229986,10.172459123699337
05/05/2023 11:40:25.432707,2277,True,True,True,True,Eyes,0.2253429,0.005648015,-2.529749,-0.6840007,-0.4591286,-0.566872,0.0,0.0,0.0,0.0,0.0,0.0,0.0,1.780301,-0.7374296,-1.808315,0.2318333,0.01355834,-2.632365,-0.0580115,0.9305584,-0.1779753,-0.3146756,21.57645,217.4142,0.2490893,0.09398211,0.001414524,-0.9955726,-0.03756639,0.004849361,-0.1673182,-0.8854194,-0.9111032,-4.012958,0.04768306,-0.2071998,1.991001,-0.795228,0.004042786,0.6062972,-0.2199751,0.9299189,-0.2947232,-0.5649987,-0.3677424,-0.7386082,moving,11.512738145313742,-6.409742475974895,1.371930970889221,-5.941279262601942,-1.1172526999999999,-0.92466154,-1.3805930000000002,0.1983874093436519,-0.1094189527418186,0.9739968284944505,11.719931751268865,-6.658969905719021,10.088829039696622,10.151621935983608,10.372858815676397
05/05/2023 11:40:25.442829,2278,True,True,True,True,Eyes,0.2255365,0.00582736,-2.534816,-0.6787828,-0.4588554,-0.5733286,0.0,0.0,0.0,0.0,0.0,0.0,0.0,1.763608,-0.7453728,-1.833992,0.2325864,0.01359314,-2.641048,-0.0561361,0.9324905,-0.1775261,-0.3095073,21.45879,216.7842,0.3200375,0.09345791,0.00149525,-0.9956218,-0.03531241,0.004558399,-0.1572791,-0.8671085,-0.907388,-4.037951,0.04311651,-0.2071998,1.991001,-0.802108,0.00519849,0.5971565,-0.214584,0.9306664,-0.2963337,-0.557294,-0.3658318,-0.7453794,moving,11.59296804277023,-6.533308288454856,1.2405860064637462,-5.941279262601942,-1.0996949,-0.92098114,-1.3969029999999996,0.19970486803723603,-0.11148881031538745,0.973492815648708,11.801471872687637,-6.779729536055383,10.302543739265106,10.369296610334452,10.594116722995915
05/05/2023 11:40:25.462637,2279,True,True,True,True,Eyes,0.2303268,0.009996817,-2.665417,-0.52601,-0.4321998,-0.7324732,0.0,0.0,0.0,0.0,0.0,0.0,0.0,1.74573,-0.7508709,-1.861741,0.2330917,0.01374348,-2.650083,-0.0536039,0.934616,-0.1762045,-0.3042561,21.22219,216.1453,0.4317543,0.09297574,0.001574549,-0.9956668,-0.03319367,0.004284895,-0.1478423,-0.8501832,-0.8998393,-4.064443,0.03897113,-0.2072002,1.991,-0.8091097,0.007024446,0.5876156,-0.2074207,0.9321572,-0.2967484,-0.5498345,-0.3619857,-0.7527605,moving,-0.45102796440416926,-4.382524646604059,1.1213441375606183,-5.941293612949571,-1.0832749000000002,-0.91358278,-1.4143599999999998,-0.00784882737209247,-0.07641257397641088,0.9970454806002897,0.002785925051985272,-4.607181763157974,2.20881224131947,2.214071976580486,1.7409844636081235
05/05/2023 11:40:25.482596,2280,True,True,True,True,Eyes,0.2303563,0.009976397,-2.665775,-0.525713,-0.4320925,-0.7327496,0.0,0.0,0.0,0.0,0.0,0.0,0.0,1.726304,-0.7537858,-1.891409,0.2334236,0.0135314,-2.659149,-0.05062513,0.9369038,-0.1742113,-0.2988292,20.89737,215.4853,0.5677478,0.09223873,0.00180215,-0.995735,-0.01683117,0.01653617,-0.5307739,-0.8333592,-0.8898889,-4.092334,0.03463686,-0.2072001,1.991,-0.8162763,0.009257105,0.5775874,-0.1989806,0.9341751,-0.2961819,-0.5423094,-0.356695,-0.7607028,moving,0.10924973406053647,-4.704474157046103,0.9966578227883813,-5.941290766043414,-1.0667828,-0.9034203,-1.433185,0.0019003425701079046,-0.08201618906926725,0.9966292172388286,0.557632815193214,-4.924149020699701,1.5192812716998148,1.5222379709596048,1.1078448841849615
05/05/2023 11:40:25.498333,2281,True,True,True,True,Eyes,0.230429,0.009943094,-2.666509,-0.5249192,-0.4318049,-0.7334878,0.0,0.0,0.0,0.0,0.0,0.0,0.0,1.706774,-0.7612481,-1.918594,0.2340976,0.01300274,-2.668071,-0.04798245,0.9389057,-0.1734723,-0.2933621,20.72609,214.8338,0.7154438,0.0916247,0.001994607,-0.9957913,-0.0158213,0.015544,-0.4989274,-0.814568,-0.8850378,-4.11781,0.0300864,-0.2072,1.991,-0.8232729,0.01167843,0.5675258,-0.1918824,0.93521,-0.2975959,-0.5342313,-0.3539008,-0.7676922,moving,0.6230923636107754,-4.866117558822076,0.8657421134765029,-5.941287919137228,-1.0486655999999999,-0.89804054,-1.4497390000000006,0.010835606740406234,-0.08482272896839602,0.9963371343166987,1.0628931529610848,-5.084833026971541,1.1015962580120717,1.1022115063861897,0.878853522883301
05/05/2023 11:40:25.513085,2282,True,True,True,True,Eyes,0.23052,0.009902142,-2.667583,-0.5238486,-0.4314729,-0.7344479,0.0,0.0,0.0,0.0,0.0,0.0,0.0,1.687334,-0.7735984,-1.943641,0.2345277,0.01265139,-2.677336,-0.04572169,0.9406136,-0.1739087,-0.2879436,20.70106,214.1993,0.8660433,0.09107219,0.002166535,-0.9958416,-0.01487202,0.01461136,-0.4689918,-0.7952169,-0.8845863,-4.140986,0.02588105,-0.2072,1.991,-0.8299961,0.01413888,0.55759,-0.1861646,0.9353306,-0.3008312,-0.5257844,-0.3534922,-0.7736886,moving,1.1024780820666638,-4.882840422792732,0.7447470718897308,-5.941287919137228,-1.0297446,-0.8972376900000001,-1.46365,0.01917088255097138,-0.0851028771252749,0.9961876904168194,1.5306581642949257,-5.104283132702906,1.1171348448673613,1.1172656703578339,1.148143395956921
05/05/2023 11:40:25.532914,2283,True,True,True,True,Eyes,0.2306431,0.009830767,-2.669004,-0.522334,-0.4310714,-0.7357613,0.0,0.0,0.0,0.0,0.0,0.0,0.0,1.667307,-0.7834312,-1.969553,0.2349846,0.01241988,-2.686529,-0.04327768,0.942407,-0.1737369,-0.2825097,20.60446,213.5594,1.015815,0.09057578,0.002319307,-0.9958866,-0.0139797,0.01373468,-0.4408523,-0.7760957,-0.8817982,-4.164898,0.0216313,-0.2071996,1.991001,-0.8366309,0.01659435,0.5475161,-0.1797351,0.9358851,-0.303009,-0.5174403,-0.3519145,-0.7800078,moving,1.5533674519313159,-4.970388472554251,0.6224675095859722,-5.9412735687921625,-1.0110803000000002,-0.89421808,-1.4783689999999998,0.027006193655020827,-0.08660928044567548,0.9958762714698047,1.972553363142474,-5.192456056831952,1.3432035647178113,1.3450622932620866,1.5438456782307186
05/05/2023 11:40:25.542639,2284,True,True,True,True,Eyes,0.2307874,0.009723877,-2.67075,-0.5205176,-0.4307477,-0.7372366,0.0,0.0,0.0,0.0,0.0,0.0,0.0,1.647519,-0.7936515,-1.994949,0.2353931,0.01162864,-2.696011,-0.04112815,0.9440693,-0.1738928,-0.2771341,20.55643,212.9273,1.146059,0.09012902,0.002453941,-0.9959268,-0.01314092,0.0129106,-0.4144011,-0.7561876,-0.8811213,-4.188348,0.01695651,-0.2071997,1.991002,-0.8430107,0.01872763,0.5375714,-0.1740389,0.9361395,-0.3055377,-0.5089638,-0.3511298,-0.7859163,moving,1.979959915038246,-5.016810764539439,0.4879517801280062,-5.941273452978585,-0.9915807,-0.89274994,-1.4923370000000005,0.03441774058774094,-0.08739621385226397,0.995578865927624,2.3896550050617478,-5.240453142519373,1.750859161287821,1.7551978626224638,2.026727476321259
05/05/2023 11:40:25.564825,2285,True,True,True,True,Eyes,0.2309409,0.009599698,-2.672808,-0.518149,-0.4305941,-0.7389928,0.0,0.0,0.0,0.0,0.0,0.0,0.0,1.626922,-0.8065568,-2.019446,0.2359567,0.0106822,-2.705509,-0.03983165,0.945568,-0.1749763,-0.2714736,20.64217,212.2571,1.204768,0.08972527,0.00257128,-0.9959621,-0.01235247,0.01213596,-0.3895371,-0.734134,-0.8848072,-4.210238,0.01291317,-0.2071998,1.991002,-0.8494311,0.01967579,0.5273325,-0.1703299,0.9355935,-0.3092774,-0.4994542,-0.3525304,-0.7913709,moving,2.4140549533301767,-4.940821191436009,0.37160171971179223,-5.941276299882062,-0.9700907,-0.8954894,-1.5047290000000002,0.04196450632478524,-0.08605089388297518,0.9954065739578516,2.810770903823996,-5.169395164016249,2.267914512761331,2.2743187189868523,2.5583875383975916
05/05/2023 11:40:25.582703,2286,True,True,True,True,Eyes,0.2311111,0.009447523,-2.675175,-0.515469,-0.4304957,-0.7409219,0.0,0.0,0.0,0.0,0.0,0.0,0.0,1.605075,-0.8210018,-2.044031,0.2364949,0.01015618,-2.715205,-0.0393134,0.9470031,-0.176556,-0.2654572,20.81001,211.5347,1.181613,0.089361,0.002671978,-0.995994,-0.01161132,0.01140781,-0.3661648,-0.7094752,-0.8906614,-4.232029,0.008679032,-0.2072,1.991,-0.8559738,0.01927629,0.5166597,-0.168196,0.9345649,-0.3135261,-0.4888956,-0.3552702,-0.7967209,moving,2.8832010976733904,-4.78591448096735,0.24975828938686617,-5.941287919137228,-0.9459701,-0.90081758,-1.5168239999999997,0.05012518476402236,-0.08332798859207292,0.9952607757510954,3.263928212510732,-5.021784493201796,2.8675720089513432,2.8757449132606494,3.1513024094446296
05/05/2023 11:40:25.598247,2287,True,True,True,True,Eyes,0.2312808,0.00927007,-2.677839,-0.512356,-0.4304968,-0.7430773,0.0,0.0,0.0,0.0,0.0,0.0,0.0,1.581753,-0.8316985,-2.070745,0.2369714,0.009339884,-2.724961,-0.03847649,0.9486218,-0.1772597,-0.2592589,20.87042,210.785,1.159808,0.08903189,0.002756623,-0.9960229,-0.01091464,0.01072334,-0.3441949,-0.6848305,-0.8934473,-4.255415,0.004407644,-0.2071998,1.991,-0.8626086,0.01891304,0.505518,-0.1649116,0.9341971,-0.3163541,-0.4782366,-0.3562556,-0.8027275,moving,3.3469070821838267,-4.746080135537956,0.12684027435744225,-5.941282225324767,-0.9218019,-0.902787184,-1.5304540000000002,0.058181833085394125,-0.08259986796265718,0.9948829958507208,3.714883922639429,-4.986101345407377,3.4243867871129243,3.4347253576226384,3.71300790940936
05/05/2023 11:40:25.616215,2288,True,True,True,True,Eyes,0.2314504,0.009073366,-2.680812,-0.5089492,-0.4304996,-0.7454131,0.0,0.0,0.0,0.0,0.0,0.0,0.0,1.556785,-0.841004,-2.09885,0.2373447,0.008545008,-2.734891,-0.03712736,0.950358,-0.1774496,-0.2528889,20.8584,210.0185,1.176181,0.08873346,0.002825851,-0.9960491,-0.01025976,0.01007994,-0.3235433,-0.6602426,-0.893949,-4.279836,2.944469e-05,-0.2071999,1.991,-0.8693376,0.01918152,0.4938465,-0.1603186,0.9342664,-0.3185032,-0.4674936,-0.3560595,-0.8091178,moving,3.801567197659599,-4.782475026067679,0.0008473412686831075,-5.941285072231013,-0.8975873,-0.902494008,-1.5449450000000002,0.06607136482184073,-0.08319086034630957,0.9943408565164311,4.159076172694518,-5.024528056610637,3.960586750220123,3.9734509119722685,4.258087650599767
05/05/2023 11:40:25.632784,2289,True,True,True,True,Eyes,0.2315851,0.008849574,-2.684073,-0.5051763,-0.4303645,-0.748053,0.0,0.0,0.0,0.0,0.0,0.0,0.0,1.530474,-0.8501967,-2.127822,0.237417,0.007885192,-2.745247,-0.03579491,0.9521082,-0.1775582,-0.2463367,20.83907,209.2296,1.184333,0.08846165,0.002880466,-0.996073,-0.009644175,0.009475141,-0.3041306,-0.6352149,-0.8940887,-4.304731,-0.004276693,-0.2071996,1.991001,-0.876074,0.01931693,0.4817898,-0.1556394,0.9343836,-0.320474,-0.456367,-0.3557444,-0.8155828,moving,4.25035527880015,-4.81840840673447,-0.12307180273235693,-5.9412735687921625,-0.8726319,-0.901973892,-1.5594840000000003,0.07385417770933156,-0.08376860476192227,0.9937446196292381,4.597531813302879,-5.0624667858825,4.499890126327697,4.515273038216492,4.801708015010177
05/05/2023 11:40:25.642767,2290,True,True,True,True,Eyes,0.231713,0.008580133,-2.687626,-0.5011148,-0.4301377,-0.7509098,0.0,0.0,0.0,0.0,0.0,0.0,0.0,1.502694,-0.8519303,-2.160305,0.2374154,0.006953884,-2.755789,-0.03426928,0.9541501,-0.176129,-0.239587,20.64201,208.403,1.163404,0.08821163,0.002920904,-0.9960949,-0.009065525,0.008906633,-0.2858828,-0.6101626,-0.8889515,-4.33251,-0.008657157,-0.2072001,1.990999,-0.8828475,0.01900036,0.4692755,-0.1497925,0.9356084,-0.319686,-0.4451322,-0.3525279,-0.8231533,moving,4.713045412730264,-5.026463089507725,-0.24912892108179907,-5.941293728773382,-0.8475779999999999,-0.895905384,-1.576721,0.08185156727907514,-0.08732185217575501,0.9928117780037287,5.054178663776302,-5.267969022521398,5.02656270957357,5.045799165412988,5.345880423247679
05/05/2023 11:40:25.663047,2291,True,True,True,True,Eyes,0.2318415,0.00827183,-2.691468,-0.4966952,-0.4299048,-0.7539733,0.0,0.0,0.0,0.0,0.0,0.0,0.0,1.473167,-0.8535565,-2.193165,0.237289,0.005566411,-2.7663,-0.03281775,0.9561732,-0.1748089,-0.2325893,20.46049,207.5482,1.134994,0.08798002,0.002946878,-0.9961153,-0.008521593,0.008372235,-0.2687298,-0.5840672,-0.8847409,-4.360009,-0.01295644,-0.2072001,1.991,-0.8896504,0.01855847,0.456265,-0.1440763,0.9367297,-0.319029,-0.4333177,-0.3495613,-0.8306882,moving,5.178934612835554,-5.219503579175279,-0.3728472380086715,-5.941290766043414,-0.8213562,-0.890307311,-1.5937089999999996,0.08989516692384653,-0.09060325277409115,0.991821508856033,5.513539343490813,-5.458883900140493,5.575221786346957,5.598505020314829,5.906120839529739
05/05/2023 11:40:25.682884,2292,True,True,True,True,Eyes,0.2319463,0.007935011,-2.695599,-0.491982,-0.4295285,-0.7572706,0.0,0.0,0.0,0.0,0.0,0.0,0.0,1.441903,-0.8558745,-2.226132,0.2370718,0.004296057,-2.776877,-0.03151825,0.9581615,-0.1736691,-0.2253268,20.30454,206.6626,1.091502,0.08776414,0.00295839,-0.9961343,-0.008010298,0.007869901,-0.252606,-0.5565996,-0.8811995,-4.387249,-0.0173043,-0.2072,1.991,-0.8964688,0.01786547,0.4427464,-0.1386638,0.9376913,-0.3186023,-0.4208514,-0.3470099,-0.8381338,moving,5.654154577403606,-5.378168638494314,-0.4979600171618618,-5.941287919137228,-0.7936714,-0.885495557,-1.610372,0.09809396757807878,-0.09327691801217032,0.9907960296405875,5.981069300110192,-5.616413901829564,6.150465531196059,6.177832735587556,6.487169183950146
05/05/2023 11:40:25.698227,2293,True,True,True,True,Eyes,0.2320277,0.007570101,-2.700018,-0.4869435,-0.4290159,-0.7608097,0.0,0.0,0.0,0.0,0.0,0.0,0.0,1.408567,-0.8540393,-2.261638,0.236508,0.003239375,-2.787921,-0.02990401,0.9603276,-0.1715478,-0.2178258,20.02999,205.746,1.055078,0.08756064,0.002955835,-0.9961523,-0.00752968,0.007397707,-0.2374497,-0.5288722,-0.8737147,-4.416614,-0.02189457,-0.2071996,1.991001,-0.9033155,0.01729978,0.4286281,-0.1321703,0.9393542,-0.3164565,-0.4081083,-0.3425119,-0.8462467,moving,6.133776030297165,-5.648965008362147,-0.6300428236173714,-5.9412735687921625,-0.7653802000000001,-0.876954075,-1.6286930000000002,0.10633719754103119,-0.09787528182532304,0.9895013107044797,6.45591221223261,-5.883075091229079,6.737194877647487,6.77013218357444,7.0861940301461095
05/05/2023 11:40:25.712698,2294,True,True,True,True,Eyes,0.2320714,0.007161824,-2.704708,-0.4816004,-0.4283773,-0.7645613,0.0,0.0,0.0,0.0,0.0,0.0,0.0,1.374,-0.8483258,-2.298471,0.2358166,0.002142742,-2.799087,-0.0286531,0.9625573,-0.168831,-0.2101395,19.69794,204.7974,0.961319,0.08736654,0.002939593,-0.9961694,-0.007077899,0.006953845,-0.2232027,-0.5005732,-0.864405,-4.446666,-0.02599913,-0.2072,1.991001,-0.9100409,0.01579563,0.4142177,-0.1261166,0.9413502,-0.3129767,-0.3948675,-0.3370613,-0.8546752,moving,6.628506271052552,-5.9645172100324,-0.7481441534378166,-5.941284956411605,-0.7363898,-0.866547742,-1.6475789999999995,0.11481473438723447,-0.10322536451308995,0.9880091795028363,6.946689771226612,-6.193383193384777,7.337101784204679,7.376687008592829,7.698962439787035
05/05/2023 11:40:25.732779,2295,True,True,True,True,Eyes,0.2320896,0.006705828,-2.709666,-0.4759054,-0.4277539,-0.7684664,0.0,0.0,0.0,0.0,0.0,0.0,0.0,1.338247,-0.8444915,-2.334208,0.2348433,0.0006581433,-2.810239,-0.0275592,0.9646311,-0.1666537,-0.2023708,19.4311,203.8452,0.8678007,0.08717872,0.002909454,-0.9961861,-0.006653226,0.006536614,-0.2098105,-0.4713631,-0.857504,-4.475403,-0.03038645,-0.2071996,1.991002,-0.9165733,0.01428276,0.399612,-0.1206206,0.9429341,-0.3103643,-0.3812406,-0.3326731,-0.8625454,moving,7.106859416874056,-6.214865178870849,-0.8743738995772239,-5.94127060607508,-0.7062064,-0.8581621433000001,-1.6651639999999999,0.12300419273569221,-0.10743518906520041,0.9865736695063858,7.419745163081581,-6.440139999863556,7.939886920651947,7.985921314531918,8.309108357556727
05/05/2023 11:40:25.742622,2296,True,True,True,True,Eyes,0.2320545,0.006198981,-2.71488,-0.4698967,-0.4270686,-0.7725345,0.0,0.0,0.0,0.0,0.0,0.0,0.0,1.301223,-0.8423849,-2.369048,0.2338366,-0.0009600259,-2.821435,-0.02656493,0.9665837,-0.1649061,-0.1944647,19.21555,202.882,0.7756099,0.08699483,0.002865083,-0.9962023,-0.006254032,0.006144417,-0.1972219,-0.4413735,-0.8523241,-4.502947,-0.03456134,-0.2071997,1.991002,-0.9229559,0.01278238,0.3846942,-0.1154913,0.9442006,-0.3084591,-0.3671713,-0.3291229,-0.8699792,moving,7.57681937487128,-6.409681740183414,-0.9944842117665913,-5.941273452978585,-0.6752100999999999,-0.8513640741,-1.6815119999999997,0.13104533783465053,-0.1106741444310949,0.9851793768920194,7.883121965546568,-6.632809962253285,8.531947608694566,8.584092933900086,8.904499659336768
05/05/2023 11:40:25.762898,2297,True,True,True,True,Eyes,0.2319846,0.005686338,-2.720338,-0.463498,-0.4266354,-0.7766285,0.0,0.0,0.0,0.0,0.0,0.0,0.0,1.262003,-0.8424254,-2.403374,0.2323984,-0.002710566,-2.832759,-0.02537004,0.9684405,-0.1635514,-0.1863603,19.04045,201.9051,0.7164668,0.08681177,0.002806078,-0.9962185,-0.00587879,0.005775752,-0.1853886,-0.410735,-0.8485549,-4.529656,-0.03895497,-0.2072001,1.991001,-0.9292523,0.01182025,0.3692563,-0.1100977,0.9452146,-0.3073238,-0.3526591,-0.3262356,-0.8770414,moving,8.035862071863596,-6.584414384707414,-1.1208787101700082,-5.941287803316391,-0.6431334,-0.845844334,-1.6968970000000003,0.13888866272855072,-0.11355557635030328,0.9837759185884941,8.33531508876468,-6.805866192593678,9.120974745239506,9.179298096752772,9.495635679311636
05/05/2023 11:40:25.782967,2298,True,True,True,True,Eyes,0.2318496,0.005242222,-2.72606,-0.4567602,-0.4262318,-0.7808307,0.0,0.0,0.0,0.0,0.0,0.0,0.0,1.219972,-0.8507906,-2.434958,0.2310054,-0.003329929,-2.84391,-0.02394455,0.9700699,-0.1635388,-0.1778932,19.01449,200.9021,0.7108324,0.08662751,0.002733744,-0.9962348,-0.005526063,0.005429207,-0.1742653,-0.3782111,-0.8484017,-4.553766,-0.04347986,-0.2072003,1.990999,-0.9355612,0.01172912,0.3529695,-0.1046407,0.9453634,-0.308769,-0.3373061,-0.3258073,-0.883218,moving,8.492626877143353,-6.62090983215714,-1.2510385786715816,-5.9412994225884646,-0.6092165,-0.8450717710000001,-1.7098560000000003,0.14671848179832495,-0.1140519305116098,0.9825812200236373,8.78156174062957,-6.844404701241838,9.70480014595206,9.76733775517338,10.073165754179426
05/05/2023 11:40:25.798231,2299,True,True,True,True,Eyes,0.2316636,0.0049942,-2.732046,-0.4496531,-0.4259674,-0.7850885,0.0,0.0,0.0,0.0,0.0,0.0,0.0,1.176378,-0.8605733,-2.466674,0.2291735,-0.002132777,-2.855942,-0.02276051,0.9716517,-0.1634987,-0.1692428,18.99174,199.874,0.6733015,0.08643909,0.002651978,-0.9962513,-0.005194499,0.005103455,-0.1638093,-0.3452663,-0.8465052,-4.578249,-0.0477134,-0.2072001,1.991,-0.9416778,0.0111114,0.3363328,-0.09957257,0.9455003,-0.3100236,-0.3214476,-0.3254318,-0.8892503,moving,8.95562870514291,-6.660068062057945,-1.3728042648263146,-5.941290766043414,-0.5744398000000001,-0.8443724229999999,-1.7223069999999994,0.1546442388598473,-0.11458333401068292,0.9813031682355228,9.233960130942855,-6.8855754157890035,10.286563146526628,10.353413370305141,10.64871468521444
05/05/2023 11:40:25.812796,2300,True,True,True,True,Eyes,0.2313897,0.004771131,-2.738303,-0.442334,-0.4252386,-0.7896283,0.0,0.0,0.0,0.0,0.0,0.0,0.0,1.13185,-0.8714722,-2.497464,0.2272054,0.002363063,-2.868143,-0.02288359,0.9731679,-0.1634278,-0.1603498,18.99127,198.793,0.4770073,0.08624433,0.002568927,-0.9962685,-0.004882829,0.004797248,-0.1539808,-0.3098722,-0.8418811,-4.602653,-0.05205441,-0.2071999,1.991001,-0.9475287,0.007872094,0.3195743,-0.09695038,0.9455354,-0.3107466,-0.304615,-0.3254241,-0.8951587,moving,9.46823679332771,-6.625001428519561,-1.4976480230864575,-5.941282109506788,-0.5370775999999999,-0.844244163,-1.7345100000000002,0.16343180219429404,-0.11381941000720897,0.9799669762721529,9.732715043001702,-6.854855468443589,10.917017152775529,10.987178978885074,11.267460711194698
05/05/2023 11:40:25.832903,2301,True,True,True,True,Eyes,0.2245403,-0.0005586557,-2.899165,-0.2406112,-0.4081287,-0.8806459,0.0,0.0,0.0,0.0,0.0,0.0,0.0,1.09528,-0.840403,-2.538484,0.2247087,0.002627287,-2.880853,-0.02338714,0.9754665,-0.1564939,-0.1530624,18.20805,197.8574,0.1375153,0.08603998,0.002485652,-0.9962863,-0.004589859,0.004509413,-0.1447419,-0.282206,-0.8164504,-4.636514,-0.05637622,-0.2071997,1.991002,-0.9520502,0.00227992,0.3059344,-0.09353338,0.9499254,-0.2981496,-0.2912946,-0.3124684,-0.9041635,moving,-2.3781991905477358,-5.895241144249006,-1.6219253509266036,-5.941273452978585,-0.5069147,-0.819077687,-1.755661,-0.04127640811323438,-0.10262238511649949,0.9938636177676545,-1.8350844792834549,-6.066251155392863,0.7538233233868221,0.7576734744877012,0.24709560923376292
05/05/2023 11:40:25.842579,2302,True,True,True,True,Eyes,0.2244647,-0.0003770984,-2.899667,-0.239949,-0.4085149,-0.8806475,0.0,0.0,0.0,0.0,0.0,0.0,0.0,1.057345,-0.8640413,-2.558322,0.2234451,0.002732359,-2.8913,-0.02419123,0.9760426,-0.1599484,-0.1455062,18.61895,196.9514,359.9591,0.08494803,0.002184151,-0.996381,-0.0248626,-0.01175051,-0.6186419,-0.2491958,-0.8292547,-4.650592,-0.06068784,-0.2071998,1.991001,-0.9564857,-0.000676381,0.2917792,-0.09377031,0.9476626,-0.305193,-0.2763018,-0.3192728,-0.9064891,moving,-1.5641585523403303,-5.50324702936558,-1.7458960739948715,-5.941279262601942,-0.47264090000000003,-0.831987059,-1.7592919999999994,-0.02717060337136458,-0.09586675513222073,0.9950232605080721,-1.0521077590378405,-5.690245324026378,0.4732435419596872,0.4742370336985177,0.7378077420898186
05/05/2023 11:40:25.863257,2303,True,True,True,True,Eyes,0.2243217,-0.0001324676,-2.900649,-0.2387337,-0.4084273,-0.8810183,0.0,0.0,0.0,0.0,0.0,0.0,0.0,1.018191,-0.8999743,-2.575854,0.2214157,0.007326625,-2.903895,-0.0262765,0.9762966,-0.1649823,-0.1376063,19.23084,195.985,359.6418,0.08403825,0.001931335,-0.9964588,-0.02337085,-0.01104548,-0.5815234,-0.2136821,-0.8437089,-4.663919,-0.06511688,-0.2071998,1.991001,-0.9607484,-0.005902114,0.2773594,-0.09671249,0.9441808,-0.3149116,-0.2600187,-0.3293749,-0.9076909,moving,-0.7237216511564049,-4.882033868880799,-1.8732250682341574,-5.941279262601942,-0.4350978,-0.851035525,-1.760024,-0.012585171498321876,-0.0850977518861957,0.9962930642728289,-0.24957765613454708,-5.091388016241733,1.5574741623039867,1.5631247263071772,1.8326336375439232
05/05/2023 11:40:25.882534,2304,True,True,True,True,Eyes,0.2241405,0.0001531704,-2.902037,-0.2369415,-0.4085378,-0.8814508,0.0,0.0,0.0,0.0,0.0,0.0,0.0,0.9835087,-0.8600556,-2.616652,0.2197301,0.008973651,-2.916417,-0.02711039,0.9786118,-0.156423,-0.1308285,18.2551,195.1116,359.268,0.08327559,0.001722517,-0.9965233,-0.02196859,-0.01038275,-0.5466319,-0.1867615,-0.8106174,-4.698235,-0.06944326,-0.2071998,1.991002,-0.9642982,-0.01213193,0.2645419,-0.09399024,0.9495938,-0.2990611,-0.2475792,-0.3132483,-0.9168319,moving,0.014850401260216228,-5.858217763024158,-1.9975838633502,-5.941276299882062,-0.4064916,-0.8195910510000001,-1.7818180000000003,0.0002578347762023092,-0.10206712741008991,0.9947774405841794,0.4967076782110986,-6.0460973771542506,2.0033571677678452,2.0141475591234728,2.4964930908265583
05/05/2023 11:40:25.898089,2305,True,True,True,True,Eyes,0.2239469,0.000542404,-2.90389,-0.2345746,-0.4088303,-0.8819482,0.0,0.0,0.0,0.0,0.0,0.0,0.0,0.9452075,-0.8784025,-2.636958,0.2184962,0.01026294,-2.927577,-0.02912767,0.9791496,-0.1588514,-0.1232222,18.55755,194.1688,358.9185,0.08262856,0.001552184,-0.9965776,-0.02065048,-0.009759788,-0.513834,-0.1520098,-0.8184555,-4.713197,-0.07395104,-0.2071997,1.991001,-0.9679357,-0.01789263,0.25056,-0.09618875,0.9478356,-0.3039003,-0.2320521,-0.318257,-0.919165,moving,0.7706885009401951,-5.562118084205458,-2.1271388787896908,-5.941276415697067,-0.370506,-0.8287184400000001,-1.7856200000000002,0.013387328510148996,-0.09691618804139218,0.9952025505279701,1.2255321268417454,-5.763009354829799,2.907602541839071,2.922527085084359,3.3574070377289615
05/05/2023 11:40:25.912697,2306,True,True,True,True,Eyes,0.2237239,0.0009947179,-2.906163,-0.2318235,-0.4086848,-0.8827427,0.0,0.0,0.0,0.0,0.0,0.0,0.0,0.911181,-0.8849071,-2.660883,0.2172179,0.01312019,-2.940451,-0.03175814,0.9799036,-0.1589091,-0.1163111,18.59151,193.2881,358.472,0.08205649,0.001415954,-0.9966252,-0.01941145,-0.009174201,-0.4830039,-0.1201482,-0.8159918,-4.732621,-0.07809627,-0.2071998,1.991001,-0.9709265,-0.02527406,0.2380406,-0.09920561,0.9474787,-0.3040436,-0.2178539,-0.3188188,-0.9224395,moving,1.4555216616405968,-5.500840128213943,-2.2462539995186064,-5.941279262601942,-0.3373661,-0.82911199,-1.79217,0.025284012504379116,-0.09582970585645915,0.9950766108665818,1.8914688209934825,-5.7079283054362016,3.709253587002489,3.727885416244859,4.144297625484526
05/05/2023 11:40:25.932763,2307,True,True,True,True,Eyes,0.2235026,0.001462521,-2.908802,-0.2285101,-0.4087773,-0.8835634,0.0,0.0,0.0,0.0,0.0,0.0,0.0,0.8806753,-0.8564947,-2.693846,0.2161828,0.01497148,-2.952798,-0.03420027,0.981478,-0.1529137,-0.1102213,17.9208,192.4976,357.9868,0.08152749,0.00130869,-0.9966689,-0.01824676,-0.008623749,-0.4540237,-0.09263147,-0.7919337,-4.760378,-0.08243424,-0.2072,1.991,-0.9733633,-0.03342493,0.2268189,-0.1008423,0.9508954,-0.2926237,-0.2059002,-0.3077021,-0.9289374,moving,2.056455116302031,-6.152647026681955,-2.370887967396926,-5.941287919137228,-0.30881427,-0.80690518,-1.8075800000000002,0.03567777414195199,-0.10710945402855636,0.9936069091480997,2.494838435164905,-6.346111213960811,4.407854675061183,4.43238530061626,4.882537795513633
05/05/2023 11:40:25.942546,2308,True,True,True,True,Eyes,0.2232773,0.001914462,-2.91181,-0.2248754,-0.4088857,-0.8844454,0.0,0.0,0.0,0.0,0.0,0.0,0.0,0.8501461,-0.8710496,-2.711476,0.2158352,0.01583119,-2.964244,-0.03653701,0.9817762,-0.1547964,-0.1040128,18.15275,191.7141,357.6151,0.08103655,0.001228058,-0.9967092,-0.01715196,-0.008106324,-0.4267823,-0.06181291,-0.7977429,-4.774105,-0.0870401,-0.2071998,1.991,-0.9756927,-0.03954073,0.2155461,-0.1039439,0.9494062,-0.2963502,-0.1929229,-0.3115514,-0.9304388,moving,2.589337473792698,-5.901726042838602,-2.503192876964095,-5.941282225324767,-0.27764811,-0.81357409,-1.8098609999999997,0.044938119232215676,-0.10271863469127682,0.9936949100694042,3.0075391162699403,-6.1055028305752845,5.065550068898639,5.092683974580789,5.513178349050755
05/05/2023 11:40:25.962959,2309,True,True,True,True,Eyes,0.2230755,0.002321748,-2.915124,-0.2206647,-0.4091384,-0.8853886,0.0,0.0,0.0,0.0,0.0,0.0,0.0,0.8178024,-0.8787846,-2.731865,0.2154162,0.01589856,-2.976154,-0.03635181,0.9823586,-0.1550841,-0.09797374,18.16892,190.9951,357.5249,0.08057839,0.001170794,-0.9967465,-0.01612284,-0.007619944,-0.4011753,-0.0352343,-0.7978838,-4.790054,-0.09104317,-0.2072001,1.991,-0.9781594,-0.0410327,0.2037659,-0.1018094,0.9492549,-0.2975734,-0.1812155,-0.3118194,-0.9327,moving,3.009267247353507,-5.887916955419153,-2.6181607940285683,-5.941290766043414,-0.2506505,-0.81378236,-1.8138999999999994,0.0522212862176409,-0.10244279821538632,0.9933672651895608,3.4165224118528306,-6.094851549257685,5.597791683709378,5.6276811498692645,6.0366366719795534
05/05/2023 11:40:25.982797,2310,True,True,True,True,Eyes,0.2228866,0.002706392,-2.918746,-0.2161283,-0.4097123,-0.8862417,0.0,0.0,0.0,0.0,0.0,0.0,0.0,0.7805679,-0.8942811,-2.74933,0.2155615,0.0152906,-2.986827,-0.03380039,0.9828573,-0.1564797,-0.0914509,18.28697,190.2642,357.7171,0.0801506,0.001133127,-0.9967803,-0.01515547,-0.007162748,-0.3771048,-0.008059578,-0.8024116,-4.802718,-0.09534837,-0.2071999,1.991,-0.9809887,-0.0378215,0.1903445,-0.09506232,0.9487433,-0.3014122,-0.1691882,-0.3137765,-0.9343019,moving,3.389686580275366,-5.809272439277726,-2.7417822977158606,-5.941285072231013,-0.223621078,-0.8177022,-1.8158909999999997,0.05882408414798715,-0.10104202853592141,0.9931415796574858,3.785242657309264,-6.0208544052293815,6.100822718267713,6.132889852021985,6.527509941951413
05/05/2023 11:40:25.998792,2311,True,True,True,True,Eyes,0.2226969,0.003118993,-2.922682,-0.2110514,-0.4102792,-0.8872026,0.0,0.0,0.0,0.0,0.0,0.0,0.0,0.7362195,-0.9308478,-2.761507,0.215573,0.01521898,-2.997951,-0.02951563,0.9829072,-0.1611386,-0.08400501,18.76742,189.4603,358.1268,0.07974975,0.00111227,-0.9968119,-0.01424614,-0.006732983,-0.3544785,0.02162999,-0.8183287,-4.81029,-0.09986019,-0.2072001,1.991001,-0.9841442,-0.03094936,0.1746505,-0.08509514,0.9463264,-0.3118095,-0.155626,-0.3217274,-0.9339552,moving,3.769428883245324,-5.385799409146327,-2.8713079146121165,-5.941287803316391,-0.19394300999999997,-0.83354768,-1.8123390000000001,0.06545251732611017,-0.09366030249602697,0.993450494264001,4.14400867787748,-5.611340057325554,6.632022798847539,6.663929214395629,7.023071436910226
05/05/2023 11:40:26.012886,2312,True,True,True,True,Eyes,0.2225268,0.003542519,-2.926912,-0.2056498,-0.4106175,-0.8883139,0.0,0.0,0.0,0.0,0.0,0.0,0.0,0.6861205,-0.9416378,-2.783294,0.2156657,0.01635939,-3.009549,-0.02412698,0.9837538,-0.1608888,-0.07590367,18.67577,188.5948,358.606,0.07937235,0.001107451,-0.9968415,-0.01339137,-0.006329004,-0.3332098,0.05144168,-0.8150173,-4.826055,-0.1040809,-0.2072,1.991002,-0.9873133,-0.02304593,0.1571046,-0.07189411,0.9470654,-0.3128872,-0.1415775,-0.3202125,-0.9367071,moving,4.202700930358838,-5.53255936138038,-2.9924495532967454,-5.941281993688925,-0.16422402,-0.8313766899999999,-1.8165060000000004,0.07294564318454579,-0.09615454858747187,0.992689977992038,4.570326129104089,-5.757008401770784,7.17123769702798,7.206749938259992,7.565020342272176
05/05/2023 11:40:26.032948,2313,True,True,True,True,Eyes,0.2223267,0.003936476,-2.931396,-0.1996056,-0.410911,-0.8895559,0.0,0.0,0.0,0.0,0.0,0.0,0.0,0.6348028,-0.9360316,-2.809526,0.2158559,0.01702005,-3.020874,-0.01956508,0.9849138,-0.1581007,-0.06757342,18.305,187.6827,358.9636,0.07901601,0.00111739,-0.9968695,-0.01258789,-0.005949264,-0.3132172,0.08288718,-0.803126,-4.845276,-0.1083922,-0.2072002,1.991001,-0.9901021,-0.01717303,0.1392945,-0.05990666,0.9492428,-0.308787,-0.1269215,-0.3140753,-0.940876,moving,4.658216844381952,-5.955289187718743,-3.116166663810943,-5.941290650221148,-0.13296871999999998,-0.82014605,-1.824402,0.0807762643181086,-0.10341331672186424,0.9913530278082398,5.0257656033162705,-6.171338597183054,7.732660432019525,7.774396111050281,8.145181587932136
05/05/2023 11:40:26.042492,2314,True,True,True,True,Eyes,0.2221695,0.004295227,-2.936113,-0.1932112,-0.4113019,-0.8907863,0.0,0.0,0.0,0.0,0.0,0.0,0.0,0.5812892,-0.9417962,-2.831414,0.2157463,0.01684852,-3.032317,-0.01540888,0.9856281,-0.1575679,-0.05892455,18.2053,186.7285,359.2879,0.07867701,0.001139553,-0.9968961,-0.01183262,-0.005592308,-0.2944242,0.1161955,-0.800667,-4.860289,-0.1127417,-0.2071999,1.991,-0.9925809,-0.01180561,0.1210113,-0.04894408,0.9498698,-0.3087909,-0.1112995,-0.3124227,-0.9434006,moving,5.125817407358673,-6.1182926702069445,-3.240950602624722,-5.941285072231013,-0.09955080000000001,-0.81751552,-1.827972,0.08883823155453474,-0.10616011221021374,0.9903725825195877,5.485984957512436,-6.333039288619058,8.322232225337988,8.368640189578155,8.73572410489504
05/05/2023 11:40:26.062680,2315,True,True,True,True,Eyes,0.2220325,0.004629959,-2.941058,-0.1862082,-0.4119748,-0.891966,0.0,0.0,0.0,0.0,0.0,0.0,0.0,0.5254039,-0.9573568,-2.84821,0.2165021,0.01638904,-3.042653,-0.01077641,0.9859808,-0.1588513,-0.04992101,18.32005,185.7445,359.6747,0.07835452,0.00117147,-0.9969213,-0.01112266,-0.00525677,-0.2767587,0.1514984,-0.805495,-4.870495,-0.1170999,-0.2072,1.991,-0.9947836,-0.005390635,0.101866,-0.0371107,0.9493003,-0.3121727,-0.09501861,-0.3143246,-0.9445484,moving,5.574567802839419,-6.097852467708566,-3.365951710248956,-5.941287919137228,-0.0650037,-0.8218840399999999,-1.827842,0.09659664797067388,-0.10573004795391894,0.9896920325529412,5.9228844111058425,-6.316127159261132,8.89251127697441,8.941890271177753,9.296396126743003
05/05/2023 11:40:26.082640,2316,True,True,True,True,Eyes,0.2219403,0.004959733,-2.946155,-0.1787981,-0.4130725,-0.8929739,0.0,0.0,0.0,0.0,0.0,0.0,0.0,0.4690157,-0.9839601,-2.859578,0.217199,0.01609855,-3.052524,-0.007353812,0.9858806,-0.1622506,-0.0407481,18.69429,184.7209,359.9228,0.07804704,0.001211301,-0.9969453,-0.0104553,-0.004941363,-0.2601532,0.1887278,-0.8181675,-4.875967,-0.1214178,-0.2071999,1.991001,-0.9965712,-0.001277153,0.08273183,-0.02772277,0.9472414,-0.3193201,-0.07795919,-0.3205187,-0.9440289,moving,6.048827752727502,-5.839303424149756,-3.489763568447438,-5.941282109506788,-0.028471200000000002,-0.8342660500000001,-1.8234430000000001,0.10483520879430527,-0.10117811730898921,0.9893293710771621,6.378233258324788,-6.067708042325183,9.48928291188472,9.539136441243569,9.868806659858917
05/05/2023 11:40:26.098247,2317,True,True,True,True,Eyes,0.2218769,0.005314562,-2.951414,-0.1707585,-0.4144157,-0.8939246,0.0,0.0,0.0,0.0,0.0,0.0,0.0,0.4119414,-1.023384,-2.864008,0.2180424,0.01639184,-3.06133,-0.005485545,0.9852709,-0.1680268,-0.03127909,19.35663,183.6336,359.9819,0.07775426,0.001258041,-0.996968,-0.009827981,-0.004644881,-0.244544,0.2289834,-0.8389693,-4.875464,-0.1258256,-0.2072001,1.991,-0.997983,-0.0002980414,0.06348019,-0.02132095,0.9434738,-0.3307606,-0.05979331,-0.331447,-0.9415772,moving,6.561654739032806,-5.294439127388736,-3.61612310238368,-5.941290766043414,0.010941000000000006,-0.8553611400000001,-1.8141340000000001,0.11379111196951971,-0.09167460048047489,0.9892660808283004,6.863460861234459,-5.540964447930345,10.15121592453786,10.198312548243393,10.487227527401913
05/05/2023 11:40:26.112650,2318,True,True,True,True,Eyes,0.2218683,0.005696785,-2.956836,-0.1623877,-0.4158877,-0.8948004,0.0,0.0,0.0,0.0,0.0,0.0,0.0,0.3588988,-1.057159,-2.868895,0.2189834,0.01741284,-3.070618,-0.005113973,0.9846793,-0.1728714,-0.02227061,19.91792,182.5659,359.8555,0.07747532,0.001311798,-0.9969897,-0.009238302,-0.004366189,-0.2298714,0.2689249,-0.8553644,-4.876091,-0.1301979,-0.2071999,1.991,-0.9989557,-0.002371346,0.04562693,-0.01777115,0.9401786,-0.340218,-0.04209069,-0.3406736,-0.939239,moving,7.054200719984833,-4.837473170299105,-3.7414284300850666,-5.941285072231013,0.04994150000000003,-0.87277724,-1.8054729999999997,0.12237733468567266,-0.08369571523953012,0.988948388526173,7.331287300507421,-5.0996100614501705,10.80701760343945,10.851912709780036,11.10465895353312
05/05/2023 11:40:26.132629,2319,True,True,True,True,Eyes,0.2219006,0.006088512,-2.962392,-0.1535726,-0.4171866,-0.8957515,0.0,0.0,0.0,0.0,0.0,0.0,0.0,0.3105936,-1.07526,-2.877908,0.2201588,0.01847793,-3.079966,-0.005672451,0.9844328,-0.1751198,-0.01390139,20.17844,181.5496,359.6154,0.07721031,0.001372743,-0.9970102,-0.008684004,-0.004104218,-0.2160791,0.3073428,-0.8619389,-4.880621,-0.1344599,-0.2071998,1.991001,-0.9995495,-0.006299475,0.02935668,-0.01603711,0.9386018,-0.3446296,-0.02538325,-0.344945,-0.9382799,moving,7.484437186155437,-4.651406196438247,-3.863536269408566,-5.941279262601942,0.08718400000000004,-0.8804168299999999,-1.8006549999999995,0.1298351310119904,-0.08040680169474397,0.9882699719403054,7.745674848272321,-4.921422917442868,11.375961685356085,11.421045226904573,11.653921646366374
05/05/2023 11:40:26.142934,2320,True,True,True,True,Eyes,0.2220031,0.006492248,-2.968067,-0.1445035,-0.4186462,-0.8965791,0.0,0.0,0.0,0.0,0.0,0.0,0.0,0.2661558,-1.089129,-2.886734,0.2214873,0.01909867,-3.088828,-0.006417803,0.984213,-0.1767646,-0.00616694,20.36669,180.6033,359.3611,0.07695892,0.001440421,-0.9970295,-0.008162963,-0.003857964,-0.2031144,0.3434983,-0.8666092,-4.885176,-0.1386154,-0.2071998,1.991001,-0.9998415,-0.01045278,0.01440804,-0.01481316,0.9374262,-0.3478687,-0.009870282,-0.3480271,-0.9374325,moving,7.837186819118578,-4.5398355931870675,-3.9825608470720115,-5.941279262601942,0.12201099999999998,-0.88570787,-1.7963480000000005,0.13593866913781802,-0.07841744540872018,0.9876089141619315,8.086534681754046,-4.815205718903944,11.856864747928984,11.902540873736202,12.121514282866878
05/05/2023 11:40:26.162806,2321,True,True,True,True,Eyes,0.2221041,0.006908827,-2.973839,-0.1350739,-0.4199654,-0.897432,0.0,0.0,0.0,0.0,0.0,0.0,0.0,0.2218085,-1.109735,-2.891941,0.2231603,0.01982336,-3.097391,-0.007009613,0.9837256,-0.1795346,0.001544028,20.68341,179.6598,359.1214,0.0767219,0.001514506,-0.9970478,-0.007673185,-0.003626487,-0.1909275,0.3800247,-0.8751757,-4.886764,-0.143077,-0.2072,1.991001,-0.9998973,-0.01434548,-0.0005208627,-0.01323666,0.9354364,-0.3532472,0.005554735,-0.3532039,-0.9355302,moving,8.160219309392657,-4.289782833045632,-4.110314600541668,-5.941284956411605,0.1568644,-0.89499906,-1.7893730000000003,0.14155202750253584,-0.07404772384385538,0.987157560061126,8.394693139977049,-4.574050494608504,12.336456625362558,12.381173680161767,12.579528952388284
05/05/2023 11:40:26.182841,2322,True,True,True,True,Eyes,0.2265957,0.01707416,-3.120377,0.1086238,-0.443618,-0.8896089,0.0,0.0,0.0,0.0,0.0,0.0,0.0,0.1787477,-1.126788,-2.897164,0.2248461,0.02056037,-3.105508,-0.00777852,0.9832762,-0.1817302,0.009038001,20.93087,178.7362,358.86,0.07649755,0.001594729,-0.9970649,-0.007212794,-0.003408897,-0.1794719,0.415707,-0.8814576,-4.888394,-0.1473976,-0.2071997,1.991002,-0.9997159,-0.01858182,-0.01494652,-0.01201191,0.9338273,-0.3575226,0.02060089,-0.3572414,-0.9337851,moving,-5.018073248884703,-5.617320323064804,-4.233989836667972,-5.941273452978585,0.1908609,-0.90201797,-1.782886,-0.0870531255092313,-0.0975121529586189,0.991419784034038,-4.415974565121878,-5.778332379927318,0.8467557180265278,0.8483704542794784,0.2442708224032095
05/05/2023 11:40:26.198397,2323,True,True,True,True,Eyes,0.2266523,0.01709641,-3.120686,0.1092505,-0.4435068,-0.8895876,0.0,0.0,0.0,0.0,0.0,0.0,0.0,0.137933,-1.143656,-2.901556,0.2268088,0.02075892,-3.113539,-0.008041519,0.982771,-0.1839512,0.0160776,21.18038,177.8759,358.6652,0.07599956,0.002039273,-0.9971026,0.006694676,0.02729164,-0.6083176,0.4492445,-0.8884562,-4.889454,-0.151676,-0.2071999,1.991001,-0.9993538,-0.02172093,-0.0286427,-0.009890953,0.9321946,-0.3618224,0.03455969,-0.3613052,-0.9318069,moving,-4.265956658569387,-5.3303311722397515,-4.356422398900108,-5.941282109506788,0.2224357,-0.90921512,-1.775915,-0.07406631675794824,-0.09264253205186954,0.992940881144079,-3.6905323561076253,-5.5040840788762715,0.6152138461645184,0.6176124172335394,0.7965875137593961
05/05/2023 11:40:26.212967,2324,True,True,True,True,Eyes,0.226795,0.01714663,-3.121309,0.1103487,-0.4434232,-0.8894938,0.0,0.0,0.0,0.0,0.0,0.0,0.0,0.09453101,-1.165052,-2.903215,0.2287938,0.02132059,-3.12124,-0.0069211,0.9820945,-0.1868202,0.02325019,21.50784,177.027,358.6277,0.07558693,0.00241809,-0.9971333,0.006292996,0.02565414,-0.5718185,0.4817169,-0.8978773,-4.888288,-0.1560167,-0.2072001,1.991,-0.998823,-0.02228156,-0.04308177,-0.004907138,0.9301006,-0.3672721,0.04825377,-0.3666285,-0.9291152,moving,-3.5689608037498513,-4.959402997861739,-4.480597130258843,-5.941290766043414,0.2529231,-0.91919789,-1.7670480000000004,-0.06201769627753871,-0.08628346238800585,0.9943385538110922,-3.0210853118875933,-5.147798899273733,1.3308516952701985,1.3398449093516758,1.6612658097351507
05/05/2023 11:40:26.222498,2325,True,True,True,True,Eyes,0.2269642,0.01722038,-3.122243,0.1119955,-0.442863,-0.889567,0.0,0.0,0.0,0.0,0.0,0.0,0.0,0.04924391,-1.171129,-2.910847,0.2309075,0.02204171,-3.129407,-0.00448527,0.981879,-0.1869989,0.03041649,21.5275,176.215,358.7567,0.07524858,0.002740958,-0.9971583,0.005915416,0.02411489,-0.5375094,0.5126192,-0.8980168,-4.892029,-0.1602832,-0.2071999,1.991001,-0.9981096,-0.02018369,-0.05805314,0.002567717,0.9300226,-0.3674935,0.0614081,-0.3669477,-0.9282125,moving,-2.945587772811018,-4.863735537075014,-4.602603692794577,-5.941282109506788,0.28171170000000006,-0.9200585099999999,-1.762622,-0.05120301131949738,-0.08467507112015737,0.9950921868052537,-2.415988024381871,-5.0588498334602,1.963529124963275,1.9765647914597748,2.3579598815833793
05/05/2023 11:40:26.248649,2326,True,True,True,True,Eyes,0.2272183,0.0172926,-3.123464,0.1140435,-0.4421746,-0.8896492,0.0,0.0,0.0,0.0,0.0,0.0,0.0,0.002372518,-1.162945,-2.923556,0.2327742,0.02260743,-3.137663,-0.001310195,0.9820542,-0.1848112,0.03758654,21.27783,175.4261,358.9875,0.0749699,0.003019405,-0.997178,0.005560491,0.022668,-0.5052589,0.5426295,-0.8902411,-4.89972,-0.1647188,-0.2071998,1.991,-0.9971711,-0.01646619,-0.07333975,0.01131946,0.9316862,-0.3630877,0.0743083,-0.3628907,-0.9288642,moving,-2.369997744365694,-5.033078751768671,-4.729406250645434,-5.941282225324767,0.3098553,-0.91284853,-1.7620570000000004,-0.04119329392262613,-0.08765639790618683,0.9952986809395292,-1.8503276180598074,-5.227435111241831,2.5124472303846423,2.5281697033396617,2.9662554635256315
05/05/2023 11:40:26.262842,2327,True,True,True,True,Eyes,0.2275459,0.01734891,-3.124967,0.1165495,-0.4411452,-0.8898355,0.0,0.0,0.0,0.0,0.0,0.0,0.0,-0.04343088,-1.152158,-2.936328,0.2349763,0.02260016,-3.145735,0.002094497,0.9822211,-0.1823517,0.04455674,21.00233,174.6673,359.2552,0.07472819,0.003269633,-0.9971951,0.005226861,0.02130792,-0.4749433,0.5717375,-0.882355,-4.907322,-0.1689033,-0.2071999,1.991001,-0.9960208,-0.01213547,-0.088293,0.02036451,0.9334869,-0.3580326,0.08676527,-0.3584059,-0.9295254,moving,-1.8509465552102207,-5.214617322643125,-4.848983373679766,-5.941282109506788,0.3367612,-0.90495516,-1.7615869999999996,-0.03216595324881723,-0.09083962175696622,0.9953459725463234,-1.3394536386309275,-5.40751134406487,3.066783351780927,3.0848446439596606,3.5498887575855695
05/05/2023 11:40:26.282750,2328,True,True,True,True,Eyes,0.227961,0.01736403,-3.126728,0.1193526,-0.4400112,-0.8900253,0.0,0.0,0.0,0.0,0.0,0.0,0.0,-0.08666655,-1.139795,-2.949122,0.2372674,0.02216688,-3.153914,0.005722519,0.9823689,-0.1797566,0.05105218,20.7174,173.9706,359.5644,0.07451758,0.003496366,-0.99721,0.00491325,0.02002944,-0.4464467,0.599175,-0.8747308,-4.915069,-0.1733456,-0.2071996,1.991002,-0.9947219,-0.007110682,-0.1023615,0.02959718,0.9353096,-0.3525903,0.09824682,-0.3537589,-0.9301625,moving,-1.4095589417687209,-5.406902725922761,-4.975881122196718,-5.94127060607508,0.3619076,-0.89689768,-1.761155,-0.02448957785282206,-0.0941999897038188,0.9952520064831225,-0.9039979215820735,-5.597529053472,3.5858991103073814,3.606134069325652,4.086366485575387
05/05/2023 11:40:26.298804,2329,True,True,True,True,Eyes,0.2284714,0.01733249,-3.128736,0.1225489,-0.4388365,-0.8901709,0.0,0.0,0.0,0.0,0.0,0.0,0.0,-0.1269806,-1.126827,-2.961293,0.2397024,0.02114717,-3.161836,0.009286547,0.9824669,-0.1772374,0.0570939,20.44573,173.3263,359.8783,0.07433712,0.003700592,-0.9972228,0.004618455,0.01882767,-0.4196599,0.6250481,-0.868142,-4.922309,-0.1777014,-0.2072,1.991001,-0.9933084,-0.001990897,-0.1154776,0.03848579,0.9370013,-0.3471992,0.1088939,-0.3493201,-0.9306547,moving,-1.039784990430196,-5.590807034008349,-5.100265361072808,-5.941284956411605,0.3853457,-0.88928917,-1.7604730000000002,-0.01806038022014248,-0.0974073237838001,0.9950806870650497,-0.5385784560517174,-5.7789171868113485,4.053304073702064,4.075577948520439,4.564575633292307
05/05/2023 11:40:26.312850,2330,True,True,True,True,Eyes,0.2290788,0.01727299,-3.130978,0.1259867,-0.4377429,-0.8902294,0.0,0.0,0.0,0.0,0.0,0.0,0.0,-0.1641995,-1.12378,-2.969226,0.2423603,0.01991952,-3.169702,0.01229573,0.982228,-0.176461,0.0627588,20.37684,172.7102,0.1225748,0.07418627,0.003883031,-0.9972334,0.004341348,0.01769801,-0.3944803,0.6501662,-0.8679321,-4.926284,-0.1820646,-0.2071999,1.991002,-0.9918204,0.002005456,-0.1276263,0.04630339,0.9374207,-0.3451066,0.1189475,-0.3481932,-0.9298459,moving,-0.7033568178911783,-5.583654226281669,-5.224807509843066,-5.941279146785508,0.40780590000000005,-0.88785162,-1.7565819999999999,-0.012217346739039528,-0.09729170206595053,0.9951808583616489,-0.2108146940890312,-5.774188624128677,4.511029940698488,4.535571843055468,5.016776175911659
05/05/2023 11:40:26.332714,2331,True,True,True,True,Eyes,0.2297897,0.01718331,-3.133457,0.1298551,-0.4367077,-0.890182,0.0,0.0,0.0,0.0,0.0,0.0,0.0,-0.1990611,-1.126161,-2.974794,0.2452202,0.01918572,-3.17754,0.01459986,0.9818193,-0.1765469,0.0681826,20.4057,172.1055,0.2808416,0.07406455,0.004044929,-0.997242,0.004080867,0.01663613,-0.3708115,0.6752777,-0.8700591,-4.928565,-0.1864963,-0.2071999,1.991001,-0.990276,0.004594005,-0.1390411,0.05274371,0.937236,-0.3446835,0.1287308,-0.3486653,-0.9283648,moving,-0.39294594730707655,-5.4870307906132,-5.35125949655306,-5.941282109506788,0.4300575,-0.8892448199999999,-1.7510249999999998,-0.006826723182620634,-0.09561820644208541,0.9953946502803231,0.08917538658118124,-5.6822340168930605,4.952347271227298,4.979077978235816,5.44659872139583
05/05/2023 11:40:26.342577,2332,True,True,True,True,Eyes,0.2306059,0.01706995,-3.136145,0.1338947,-0.4357491,-0.8900533,0.0,0.0,0.0,0.0,0.0,0.0,0.0,-0.2315419,-1.121803,-2.983069,0.2480527,0.01831881,-3.185732,0.01653363,0.9816024,-0.1755462,0.07325909,20.30733,171.5373,0.4116609,0.07397177,0.004187341,-0.9972484,0.003836015,0.01563797,-0.3485628,0.6996594,-0.8682723,-4.933162,-0.191023,-0.2071998,1.991,-0.9887194,0.006738206,-0.1496274,0.05817961,0.9378204,-0.3422106,0.1380178,-0.3470555,-0.9276332,moving,-0.12341978995174424,-5.524933903764439,-5.480368277557755,-5.941282225324767,0.4516067,-0.88659111,-1.7474300000000005,-0.002144073011869238,-0.09627869475581079,0.9953520791995302,0.3529362000060631,-5.720900498372443,5.344453625066208,5.3731036676887625,5.837465994208495
05/05/2023 11:40:26.362745,2333,True,True,True,True,Eyes,0.2315678,0.01692951,-3.13903,0.1382624,-0.4349162,-0.8897929,0.0,0.0,0.0,0.0,0.0,0.0,0.0,-0.2607749,-1.124632,-2.988048,0.2513278,0.01763913,-3.193392,0.01806765,0.9811795,-0.1757406,0.07794731,20.34565,171.004,0.4924279,0.07390784,0.00431143,-0.9972528,0.003605854,0.01469969,-0.3276491,0.7227662,-0.870435,-4.935267,-0.1950583,-0.2072001,1.991,-0.9871956,0.008058202,-0.159311,0.06285221,0.9375776,-0.3420494,0.1466101,-0.3476827,-0.926079,moving,0.10113151960721167,-5.435468201623304,-5.595412153363792,-5.941290766043414,0.47143840000000004,-0.8880741299999999,-1.7418749999999998,0.0017571404617614528,-0.09472443847070425,0.995501979094174,0.5694216787960689,-5.635340879762675,5.6886853012392855,5.718956747934235,6.172421041297979
05/05/2023 11:40:26.382691,2334,True,True,True,True,Eyes,0.2326418,0.01674994,-3.142088,0.142712,-0.4341835,-0.889448,0.0,0.0,0.0,0.0,0.0,0.0,0.0,-0.2859139,-1.12746,-2.993292,0.2547854,0.01684916,-3.201173,0.01913579,0.9807864,-0.1759422,0.08207542,20.38121,170.528,0.5290313,0.073874,0.004418141,-0.9972551,0.003389503,0.01381771,-0.3079901,0.7448503,-0.8724927,-4.937759,-0.1995225,-0.2071999,1.991001,-0.9857949,0.008655176,-0.1677305,0.06641729,0.9373563,-0.3419822,0.1542633,-0.3482645,-0.924616,moving,0.27305164187836173,-5.355310753575381,-5.722628095005687,-5.941282109506788,0.49006489999999997,-0.88934186,-1.736586,0.0047448303864716795,-0.09333071054937313,0.9956237423711846,0.7348521671253258,-5.5584890247243965,5.992578489953968,6.024245839709239,6.468816111281015
05/05/2023 11:40:26.398608,2335,True,True,True,True,Eyes,0.2338654,0.0165497,-3.145311,0.1473633,-0.4337734,-0.8888896,0.0,0.0,0.0,0.0,0.0,0.0,0.0,-0.3076303,-1.133278,-2.996954,0.2584958,0.01574202,-3.208367,0.02001284,0.9803185,-0.1767071,0.08573107,20.48058,170.1029,0.5467545,0.07387034,0.004507947,-0.9972551,0.003186133,0.01298864,-0.2895107,0.7653766,-0.8768055,-4.938975,-0.2038687,-0.2072003,1.991,-0.9844994,0.008939344,-0.1751603,0.06953648,0.9367482,-0.343027,0.1610147,-0.3498899,-0.9228497,moving,0.3878759274236218,-5.231394694000007,-5.846432679813179,-5.941296459855699,0.5068808,-0.89254752,-1.7306080000000001,0.00674146326016474,-0.0911761814821241,0.9958119713711319,0.8434451165863547,-5.438682101539669,6.2418742378374015,6.274596746200658,6.708732080203004
05/05/2023 11:40:26.412776,2336,True,True,True,True,Eyes,0.2352159,0.01635008,-3.148699,0.1520167,-0.4334561,-0.8882605,0.0,0.0,0.0,0.0,0.0,0.0,0.0,-0.3263816,-1.151551,-2.99622,0.262454,0.01507675,-3.215713,0.0210643,0.9795216,-0.1794204,0.08889394,20.80799,169.7344,0.5741531,0.0738981,0.004581867,-0.9972529,0.002994965,0.01220933,-0.2721401,0.7836499,-0.8878264,-4.937184,-0.2081528,-0.2072,1.991,-0.9833086,0.00936711,-0.1817058,0.07316464,0.9347292,-0.3477473,0.1665883,-0.3552373,-0.9198126,moving,0.45213816796809525,-4.8848964285823,-5.968411903030122,-5.941287919137228,0.5211958999999999,-0.90290315,-1.7214710000000002,0.007862556859495717,-0.08515164367770817,0.9963369717846298,0.8967499170805379,-5.101970897342897,6.473562515258839,6.506875301979597,6.916277892000784
05/05/2023 11:40:26.432856,2337,True,True,True,True,Eyes,0.2366962,0.01616445,-3.152251,0.1569404,-0.4331707,-0.8875431,0.0,0.0,0.0,0.0,0.0,0.0,0.0,-0.3417673,-1.159642,-2.999687,0.2668114,0.01490642,-3.223086,0.02178651,0.9790778,-0.1803727,0.09164029,20.92778,169.4144,0.5890546,0.07395769,0.004641495,-0.9972484,0.002815267,0.01147677,-0.2558117,0.8013732,-0.8918211,-4.938957,-0.2123912,-0.2071999,1.991001,-0.982255,0.009602556,-0.1873053,0.07572018,0.9339821,-0.3492048,0.1715865,-0.3571909,-0.9181357,moving,0.4557230805249494,-4.747143247963871,-6.089033490267043,-5.941282109506788,0.5345618000000001,-0.90672752,-1.7158710000000004,0.007926501260617613,-0.08275591486194767,0.9965382722110513,0.8965316641565548,-4.967962994933844,6.618959321471679,6.65280438548827,7.053046903678597
05/05/2023 11:40:26.442590,2338,True,True,True,True,Eyes,0.2383155,0.01599728,-3.155959,0.1618158,-0.4328411,-0.8868282,0.0,0.0,0.0,0.0,0.0,0.0,0.0,-0.3559231,-1.162854,-3.005239,0.2712712,0.01503625,-3.230565,0.02233073,0.9788018,-0.1804701,0.09422939,20.94658,169.1122,0.5953239,0.07404953,0.00468869,-0.9972415,0.002646351,0.01078816,-0.240463,0.819361,-0.8923437,-4.9424,-0.2170456,-0.2072001,1.991001,-0.9812446,0.00970353,-0.1925238,0.07772588,0.9338638,-0.3490804,0.1764037,-0.3574973,-0.9171031,moving,0.4458145412330779,-4.707299006300699,-6.221434954943126,-5.941287803316391,0.5480898000000001,-0.9073799499999999,-1.7118350000000002,0.007754609490560421,-0.08206300490957272,0.9965969880302422,0.8857987012970642,-4.929129467229923,6.745992117254673,6.780482593106635,7.1789438458385115
05/05/2023 11:40:26.462933,2339,True,True,True,True,Eyes,0.2400735,0.01583648,-3.159817,0.1669359,-0.4323482,-0.8861192,0.0,0.0,0.0,0.0,0.0,0.0,0.0,-0.3667212,-1.160545,-3.013266,0.2761976,0.01530088,-3.237993,0.0229266,0.9787349,-0.1796383,0.09634683,20.85808,168.8716,0.6292758,0.07417433,0.004725266,-0.9972321,0.00248757,0.01014087,-0.2260352,0.8355565,-0.8894819,-4.948074,-0.2210717,-0.2071996,1.991002,-0.9803836,0.01026297,-0.196833,0.07949329,0.9344088,-0.3472188,0.180359,-0.3560544,-0.9168949,moving,0.3633156466535659,-4.76357349049896,-6.335906586067483,-5.94127060607508,0.5593589000000001,-0.90478278,-1.7100810000000002,0.006319109238732468,-0.08304262718935068,0.996525859317564,0.8068939959295935,-4.983336566921063,6.767078515118196,6.8019518536535015,7.206749459884651
05/05/2023 11:40:26.482824,2340,True,True,True,True,Eyes,0.2419851,0.01567827,-3.1638,0.1719723,-0.4317734,-0.8854362,0.0,0.0,0.0,0.0,0.0,0.0,0.0,-0.3756775,-1.150021,-3.024626,0.2813448,0.01524789,-3.245405,0.02376649,0.9789197,-0.1775261,0.09816185,20.62399,168.6776,0.7149602,0.07433267,0.004752477,-0.9972203,0.002338315,0.009532418,-0.2124731,0.8512197,-0.8825884,-4.956252,-0.2254979,-0.2071998,1.991001,-0.9795988,0.01167838,-0.2006235,0.08138353,0.9358393,-0.3429017,0.1837468,-0.3522335,-0.9176974,moving,0.23769614550101625,-4.959867343769884,-6.4617020207294384,-5.941279262601942,0.5698749000000001,-0.8978362900000001,-1.7108470000000002,0.004133034427262344,-0.08645720163263897,0.9962469952263676,0.6897284814094354,-5.173494355724387,6.735678770390415,6.770901353890603,7.192527503607563
05/05/2023 11:40:26.499030,2341,True,True,True,True,Eyes,0.2440414,0.01552099,-3.167902,0.1773202,-0.4311647,-0.8846777,0.0,0.0,0.0,0.0,0.0,0.0,0.0,-0.3844588,-1.142747,-3.034294,0.2869197,0.01513042,-3.252394,0.02476177,0.9789891,-0.1759813,0.09998925,20.45792,168.4833,0.8127788,0.07452559,0.004771332,-0.9972058,0.002198017,0.008960473,-0.1997247,0.8671192,-0.8779314,-4.962865,-0.229978,-0.2072,1.991,-0.9787779,0.01329052,-0.204492,0.08367548,0.9368349,-0.3396158,0.1870616,-0.3495194,-0.9180655,moving,0.0932993417813097,-5.085513083537117,-6.588965734411231,-5.941287919137228,0.5801995,-0.89306182,-1.710471,0.001621969968467335,-0.08864233778691537,0.9960622419791406,0.5523543017145754,-5.29478812182356,6.701442537160078,6.736840291839261,7.170523958979463
05/05/2023 11:40:26.513197,2342,True,True,True,True,Eyes,0.2462608,0.0153541,-3.172106,0.1826248,-0.4304274,-0.8839573,0.0,0.0,0.0,0.0,0.0,0.0,0.0,-0.3953626,-1.134484,-3.043905,0.2927269,0.01496556,-3.259265,0.02548172,0.9790393,-0.1743041,0.1022306,20.27406,168.2333,0.870837,0.07475375,0.004782691,-0.9971886,0.002066135,0.008422845,-0.1877412,0.8847994,-0.8726166,-4.969083,-0.23413,-0.2072001,1.991,-0.9777994,0.01425678,-0.2090586,0.08553362,0.9379376,-0.336091,0.1912924,-0.3465111,-0.9183342,moving,0.005293808433331159,-5.221331978165987,-6.706848066152312,-5.941290766043414,0.5920725,-0.88758216,-1.7098180000000003,9.201100776344562e-05,-0.09100335778185806,0.9958506177512226,0.47022559962634186,-5.42635416329845,6.71495164873811,6.750643613819944,7.195522643203895
05/05/2023 11:40:26.533055,2343,True,True,True,True,Eyes,0.2486131,0.01519716,-3.176408,0.1882079,-0.4297122,-0.8831337,0.0,0.0,0.0,0.0,0.0,0.0,0.0,-0.4039494,-1.124071,-3.054339,0.2988285,0.01454015,-3.265912,0.02518383,0.9791763,-0.1723149,0.1043422,20.04199,167.9789,0.8148063,0.07501831,0.004786999,-0.9971685,0.001942167,0.007917474,-0.1764767,0.9037578,-0.8656126,-4.975681,-0.238537,-0.2071998,1.991002,-0.9769572,0.0133594,-0.2130179,0.08527826,0.9393467,-0.3321978,0.1956597,-0.3427088,-0.9188408,moving,-0.08566249615656765,-5.406642800421421,-6.831901088005878,-5.941276299882062,0.6049293,-0.8801527499999999,-1.7097689999999997,-0.0014884404079592989,-0.0942236287660394,0.9955499047532734,0.3865543973103808,-5.606055503125252,6.731429868508733,6.767390052073436,7.226235020816211
05/05/2023 11:40:26.542637,2344,True,True,True,True,Eyes,0.251145,0.01510612,-3.180803,0.1937235,-0.4290074,-0.8822834,0.0,0.0,0.0,0.0,0.0,0.0,0.0,-0.4099376,-1.123161,-3.06141,0.3051156,0.01461322,-3.272378,0.02427513,0.9790989,-0.1717649,0.1061747,19.96856,167.7406,0.6743216,0.07531939,0.004785274,-0.9971456,0.001825637,0.007442425,-0.1658881,0.9225945,-0.8627436,-4.97977,-0.2433105,-0.2071997,1.991003,-0.9762756,0.01106133,-0.2162503,0.08400967,0.9398151,-0.3311948,0.1995718,-0.3415045,-0.9184478,moving,-0.17720197896862747,-5.434385156909552,-6.967283889387356,-5.941270490263046,0.6174789,-0.87735682,-1.7073920000000005,-0.0030788524204243134,-0.09470532495212097,0.9955006598270323,0.2980677222544359,-5.632441339633845,6.772718232858663,6.80897533343781,7.271912367806996
05/05/2023 11:40:26.562902,2345,True,True,True,True,Eyes,0.2538388,0.01512593,-3.185311,0.1994295,-0.4283683,-0.881322,0.0,0.0,0.0,0.0,0.0,0.0,0.0,-0.4151018,-1.128,-3.066725,0.311925,0.01610862,-3.279015,0.02311522,0.9789056,-0.1718983,0.1079849,19.97052,167.4974,0.4956461,0.07565851,0.004780183,-0.9971197,0.001716099,0.00699588,-0.1559348,0.9410514,-0.8606337,-4.983013,-0.2471195,-0.2072,1.991001,-0.97561,0.00813038,-0.219361,0.08238009,0.9398333,-0.3315522,0.2034672,-0.3415366,-0.9175805,moving,-0.27167271100942314,-5.391616595609034,-7.075265951508057,-5.941284956411605,0.6291264,-0.87674232,-1.703998,-0.00472058798511002,-0.093961596430982,0.9955646277587187,0.2048231127498807,-5.590201725018914,6.7893428821295325,6.825761224143875,7.288549664980898
05/05/2023 11:40:26.582589,2346,True,True,True,True,Eyes,0.2567086,0.01522457,-3.18991,0.2050707,-0.4276304,-0.8803853,0.0,0.0,0.0,0.0,0.0,0.0,0.0,-0.4198222,-1.126949,-3.074847,0.3188649,0.01880588,-3.28617,0.02152471,0.9789185,-0.1708775,0.109802,19.83284,167.2493,0.2811843,0.07603642,0.004775523,-0.9970905,0.001613133,0.006576127,-0.1465787,0.9607161,-0.8527629,-4.988685,-0.2512823,-0.2071996,1.991002,-0.9749607,0.004616484,-0.2223306,0.07966726,0.9406751,-0.3298233,0.2076182,-0.3392771,-0.9174891,moving,-0.3553406003919921,-5.483214901267667,-7.193209042255665,-5.94127060607508,0.6418512,-0.87156878,-1.7025150000000004,-0.006173446761627843,-0.09555232232253968,0.9954052791263418,0.12573094030114892,-5.678770594625179,6.816580717742301,6.853193405773819,7.3236458628390775
05/05/2023 11:40:26.602777,2347,True,True,True,True,Eyes,0.259718,0.01531786,-3.194581,0.2109568,-0.4271797,-0.8792126,0.0,0.0,0.0,0.0,0.0,0.0,0.0,-0.4253945,-1.122841,-3.083567,0.325924,0.02078011,-3.29294,0.02047753,0.9789658,-0.1695155,0.111675,19.66215,167.0078,0.1358218,0.07645427,0.0047737,-0.997058,0.001516345,0.00618156,-0.137784,0.9804316,-0.8448275,-4.994341,-0.2557393,-0.2071998,1.991002,-0.974219,0.00223232,-0.2255946,0.07795489,0.9416903,-0.327326,0.2117095,-0.3364733,-0.9175867,moving,-0.46785297759447503,-5.626312770519944,-7.31942343369859,-5.941276299882062,0.6545076,-0.86560761,-1.7014010000000002,-0.008126149616572084,-0.09803670820575758,0.995149653616821,0.019908694656296133,-5.817256447879011,6.8221635613300196,6.8588059995736135,7.340379895754246
05/05/2023 11:40:26.612800,2348,True,True,True,True,Eyes,0.2628909,0.01546036,-3.199293,0.2167371,-0.4271408,-0.8778244,0.0,0.0,0.0,0.0,0.0,0.0,0.0,-0.4331195,-1.126023,-3.088555,0.3331275,0.02063602,-3.298983,0.02061144,0.978699,-0.1696902,0.1137044,19.68438,166.7648,0.1068407,0.07691099,0.004774246,-0.9970232,0.001425364,0.005810666,-0.129517,0.9993184,-0.845558,-4.996237,-0.2602985,-0.2071998,1.991002,-0.9732932,0.001755754,-0.2295599,0.07893383,0.9415608,-0.327464,0.2155696,-0.3368385,-0.9165534,moving,-0.5863899794460249,-5.602153185945623,-7.448458081323086,-5.941276299882062,0.6661909,-0.86619402,-1.6972539999999996,-0.010185380252330706,-0.09761523237143986,0.9951720631200394,-0.09629459829806408,-5.792963480323108,6.833673755353608,6.870442716536147,7.353659264174003
05/05/2023 11:40:26.633687,2349,True,True,True,True,Eyes,0.345985,0.02111726,-3.318985,0.3604563,-0.4313211,-0.8270632,0.0,0.0,0.0,0.0,0.0,0.0,0.0,-0.4468965,-1.161787,-3.080277,0.3401926,0.02202911,-3.304747,0.02246365,0.9774407,-0.1748533,0.1163254,20.30659,166.4617,0.1975757,0.07740865,0.004778434,-0.996985,0.001339843,0.005462026,-0.1217459,1.016846,-0.8641113,-4.988156,-0.2644887,-0.2071996,1.991002,-0.9719278,0.00323402,-0.2352579,0.0845935,0.9378434,-0.3365912,0.2195466,-0.3470436,-0.9117897,moving,-9.084025551796246,-5.557266675218516,-7.56698233843166,-5.94127060607508,0.6766534,-0.88614041,-1.6834090000000002,-0.15715908334701711,-0.09563719446004201,0.9829316974573955,-8.381160503568397,-5.692937966857603,1.562152339810755,1.5648894945422962,0.8512080734380649
05/05/2023 11:40:26.642608,2350,True,True,True,True,Eyes,0.3462672,0.02116222,-3.319232,0.3606611,-0.4311888,-0.8270429,0.0,0.0,0.0,0.0,0.0,0.0,0.0,-0.464765,-1.172499,-3.081633,0.3473035,0.02446707,-3.311495,0.02436032,0.9768293,-0.1758596,0.119518,20.45016,166.11,0.3396873,0.08018558,0.004947575,-0.996765,0.2505417,0.02210501,-0.4735167,1.037807,-0.8668073,-4.987308,-0.2692516,-0.2071997,1.991001,-0.9702441,0.005554981,-0.2420653,0.08962851,0.93696,-0.3377466,0.2249294,-0.3493925,-0.9095778,moving,-8.788006734091638,-5.361406052411142,-7.701630730796236,-5.941276415697067,0.6905034999999999,-0.89127437,-1.6758129999999998,-0.15212610085453238,-0.09235018534370065,0.9840372256397825,-8.097874831599432,-5.504331699019654,1.2313357098931637,1.2314473024670782,0.5898559763651109
05/05/2023 11:40:26.663053,2351,True,True,True,True,Eyes,0.346779,0.02120501,-3.319712,0.3611645,-0.4312127,-0.8268107,0.0,0.0,0.0,0.0,0.0,0.0,0.0,-0.4831223,-1.160495,-3.09077,0.3543114,0.02555254,-3.317654,0.02620966,0.9767938,-0.1735187,0.1227937,20.20748,165.7632,0.5243899,0.08255987,0.005088492,-0.9965706,0.2355092,0.02077871,-0.4451057,1.058698,-0.8589624,-4.991863,-0.2729225,-0.2071996,1.991001,-0.9684695,0.008588863,-0.248984,0.09381688,0.9384086,-0.3325472,0.2307925,-0.3454207,-0.9096259,moving,-8.528431236429189,-5.559430128287112,-7.80534682335271,-5.9412735687921625,0.7043865999999999,-0.88451494,-1.6742090000000003,-0.14761783857206223,-0.09581683160183954,0.9843923155191363,-7.839498332059673,-5.698727368543951,0.8175988391945448,0.8177135693449692,0.24493873683394263
05/05/2023 11:40:26.682563,2352,True,True,True,True,Eyes,0.3475431,0.021228,-3.320408,0.3618341,-0.4312939,-0.8264754,2.015595,1.076854,-0.8480858,-4.986248,-0.1497188,0.9363214,0.3176263,-0.27618,-0.1958495,1.98129,0.3612711,0.02553744,-3.32346,0.02860539,0.9762552,-0.1737916,0.1261121,20.27612,165.4099,0.7340806,0.08469484,0.005215035,-0.9963911,0.2213787,0.01953199,-0.4183994,1.079093,-0.8621104,-4.991009,-0.2772925,-0.2071999,1.991001,-0.9665551,0.01201787,-0.2561778,0.09968675,0.9379564,-0.3321149,0.2362924,-0.3465449,-0.9077847,moving,-8.269396332646732,-5.448938339805814,-7.928747870299649,-5.941282109506788,0.7178219000000001,-0.8876478400000001,-1.6675490000000002,-0.1431910654251785,-0.09398007746944356,0.9852228147614221,-7.589964313636507,-5.5929383752482655,0.5977008091577427,0.5987017307999016,0.4859193919391364
05/05/2023 11:40:26.697837,2353,True,True,True,True,Eyes,0.348517,0.02121219,-3.321297,0.3627712,-0.4315098,-0.8259518,2.01478,1.079421,-0.8481852,-4.985408,0.02158615,0.9276288,0.3728791,-0.2633557,-0.1948384,1.975824,0.3680448,0.0250719,-3.32934,0.03162248,0.9757012,-0.1737691,0.1296598,20.32187,165.0431,1.017132,0.08663652,0.005329449,-0.9962237,0.208096,0.01836007,-0.3932954,1.099395,-0.8653505,-4.990245,-0.2816266,-0.2071999,1.991001,-0.9643767,0.01664645,-0.2640084,0.1067699,0.9376087,-0.330893,0.2420283,-0.3472936,-0.9059853,moving,-8.023083089380737,-5.3626599066118,-8.051062090886255,-5.941282109506788,0.7313501999999998,-0.8904224000000001,-1.6609049999999996,-0.13897297554772298,-0.09255256485900058,0.9859617445794501,-7.352178982578515,-5.510624232310031,0.573340739843515,0.5792982635985495,0.8209164429279666
05/05/2023 11:40:26.712682,2354,True,True,True,True,Eyes,0.3497142,0.02117772,-3.322371,0.3638986,-0.4318639,-0.8252705,0.0,0.0,0.0,0.0,0.0,0.0,0.0,-0.5498652,-1.164372,-3.098854,0.3745551,0.0241051,-3.334686,0.03507373,0.9750479,-0.1737712,0.1336231,20.37993,164.6346,1.342199,0.08841013,0.00543176,-0.9960675,0.1956102,0.01725847,-0.3696977,1.120388,-0.8697051,-4.98806,-0.2860025,-0.2072003,1.991,-0.9618294,0.02195743,-0.2727675,0.1148368,0.9371468,-0.3294971,0.2483883,-0.3482438,-0.903897,moving,-7.755386027932597,-5.269453580021289,-8.174485115427714,-5.941296459855699,0.7458328999999999,-0.8938102,-1.653374,-0.1343840964028959,-0.0910066700474223,0.9867414646280337,-7.0937350297533985,-5.421711163909684,0.780626953829194,0.7918439873633143,1.1991620522049338
05/05/2023 11:40:26.732645,2355,True,True,True,True,Eyes,0.3510504,0.02118129,-3.323663,0.3651509,-0.4321144,-0.8245859,0.0,0.0,0.0,0.0,0.0,0.0,0.0,-0.5786395,-1.171031,-3.09782,0.3810486,0.0236209,-3.34019,0.03861984,0.9741148,-0.1747963,0.138041,20.56107,164.1683,1.651376,0.09003774,0.005522537,-0.9959214,0.1838736,0.01622296,-0.3475159,1.142412,-0.877383,-4.9833,-0.2903123,-0.2072001,1.991,-0.9589064,0.02698222,-0.2824366,0.1234984,0.9359096,-0.329881,0.2554342,-0.3512055,-0.9007818,moving,-7.435255061603716,-5.051080110295811,-8.295965242593574,-5.941290766043414,0.7613634,-0.9010039000000001,-1.6431099999999996,-0.12891159344378172,-0.08730919919502846,0.9878050646502516,-6.78755117272119,-5.211360149032292,1.221602975045364,1.23826371474988,1.6757421376331167
05/05/2023 11:40:26.743415,2356,True,True,True,True,Eyes,0.3525964,0.02120226,-3.325151,0.3666923,-0.4321133,-0.8239022,0.0,0.0,0.0,0.0,0.0,0.0,0.0,-0.608498,-1.169565,-3.099859,0.3875935,0.02444573,-3.34611,0.04092762,0.9734124,-0.1743282,0.1428396,20.5533,163.6354,1.828507,0.09153862,0.005604102,-0.9957843,0.1728412,0.01524958,-0.3266649,1.167651,-0.8772666,-4.980813,-0.2946431,-0.2071998,1.991,-0.9558436,0.02987698,-0.2923533,0.1294808,0.9358693,-0.3276942,0.263814,-0.3510785,-0.8984132,moving,-7.065612828121355,-5.025211891043342,-8.417961678607652,-5.941282225324767,0.7800575000000001,-0.9017123300000001,-1.6347030000000005,-0.122540195521636,-0.08693394118910731,0.9886487609013971,-6.427914156050375,-5.188642043026021,1.6141170070800435,1.6334112374910643,2.1276175375398294
05/05/2023 11:40:26.763051,2357,True,True,True,True,Eyes,0.3543152,0.02119935,-3.326817,0.3684537,-0.4317578,-0.8233024,0.0,0.0,0.0,0.0,0.0,0.0,0.0,-0.6367775,-1.146527,-3.110203,0.3940869,0.02482441,-3.352231,0.04203204,0.9733229,-0.1705208,0.1476424,20.14244,163.0904,1.920877,0.0929298,0.005677786,-0.9956552,0.1624707,0.01433461,-0.307065,1.195309,-0.8646147,-4.984213,-0.2990122,-0.2072,1.991,-0.9528699,0.03146929,-0.3017423,0.1321738,0.9383119,-0.3195323,0.2730729,-0.3443552,-0.8982486,moving,-6.70517388058895,-5.393144379223513,-8.54095914702921,-5.941287919137228,0.8012220999999999,-0.88943911,-1.6319819999999994,-0.11625053522233,-0.0933519255119338,0.9888230376634771,-6.066634474589224,-5.5490247931414975,1.8993609111281975,1.9158728780449585,2.505225128538588
05/05/2023 11:40:26.783111,2358,True,True,True,True,Eyes,0.3562145,0.02116841,-3.328641,0.3704599,-0.43136,-0.8226105,0.0,0.0,0.0,0.0,0.0,0.0,0.0,-0.6645868,-1.124871,-3.119217,0.4004512,0.02415558,-3.357912,0.04319142,0.9731341,-0.1671346,0.152351,19.78242,162.5563,2.018032,0.09422712,0.005743652,-0.9955329,0.1527225,0.01347453,-0.2886411,1.222346,-0.8546035,-4.986216,-0.3034667,-0.2072001,1.991,-0.9498476,0.03313585,-0.3109534,0.1349883,0.940401,-0.3121282,0.2820783,-0.3384492,-0.8977108,moving,-6.368580081306482,-5.70990132981643,-8.666279165376626,-5.941290766043414,0.8218947999999999,-0.8787590799999999,-1.628304,-0.11038031399739603,-0.09888375404116573,0.988958144355373,-5.729978841364876,-5.859456423124602,2.2946857339173192,2.3093207122732475,2.9374404593918944
05/05/2023 11:40:26.792716,2359,True,True,True,True,Eyes,0.358254,0.0211211,-3.330624,0.3727027,-0.4308948,-0.8218409,0.0,0.0,0.0,0.0,0.0,0.0,0.0,-0.6937249,-1.116174,-3.122788,0.406594,0.02342595,-3.363484,0.04465849,0.9725322,-0.1658204,0.1571323,19.66778,162.0107,2.114992,0.0954453,0.005801636,-0.9954166,0.1435591,0.01266606,-0.2713226,1.24809,-0.8523485,-4.984161,-0.3076862,-0.2071996,1.991002,-0.9466304,0.03475215,-0.320443,0.1389751,0.9410185,-0.3084967,0.2908219,-0.3365658,-0.8956264,moving,-6.024901675240699,-5.779422120606417,-8.784902166427699,-5.94127060607508,0.8414959999999999,-0.87577445,-1.6206770000000001,-0.10443300561235988,-0.10014835270708883,0.9894767056156327,-5.3930808131054375,-5.929378144000035,2.7486340006825154,2.7647418764870224,3.3918422020352104
05/05/2023 11:40:26.812613,2360,True,True,True,True,Eyes,0.3604628,0.02108974,-3.332748,0.3751826,-0.4305702,-0.820882,0.0,0.0,0.0,0.0,0.0,0.0,0.0,-0.7247114,-1.110541,-3.124446,0.4126877,0.02294069,-3.368951,0.04596899,0.9717832,-0.164976,0.1621956,19.60621,161.4254,2.179602,0.09659588,0.00585201,-0.9953054,0.1349456,0.01190609,-0.2550433,1.274921,-0.8513754,-4.980339,-0.3121361,-0.2071997,1.991002,-0.9431591,0.03582701,-0.3304054,0.1428605,0.9413396,-0.3057299,0.3000703,-0.3355538,-0.8929513,moving,-5.656281482520801,-5.810221279412336,-8.90992923982708,-5.941273452978585,0.8622333,-0.87431609,-1.6113879999999998,-0.09805900164363177,-0.10074588838177861,0.9900679959303912,-5.032912732081064,-5.961789726905566,3.23803136510166,3.256285982652725,3.877070791052308
05/05/2023 11:40:26.832717,2361,True,True,True,True,Eyes,0.3628473,0.02107561,-3.335006,0.3779221,-0.4303548,-0.8197376,0.0,0.0,0.0,0.0,0.0,0.0,0.0,-0.7561647,-1.1197,-3.120461,0.4188603,0.02331502,-3.374434,0.04709116,0.9706357,-0.166296,0.1673153,19.79062,160.8194,2.178582,0.09768923,0.005895945,-0.9951985,0.1268488,0.01119173,-0.2397407,1.301075,-0.8569402,-4.972528,-0.3162956,-0.2071999,1.991001,-0.9395759,0.035769,-0.3404666,0.1470644,0.9402561,-0.3070675,0.3091422,-0.3385838,-0.8887025,moving,-5.268480548656815,-5.6101444080203535,-9.026724241546583,-5.941282109506788,0.8822147,-0.88025522,-1.5980939999999997,-0.09138667232500816,-0.09735003682680166,0.9910456835365323,-4.660269756807542,-5.769689764100419,3.750061497883318,3.7728037097749256,4.369824790572243
05/05/2023 11:40:26.842580,2362,True,True,True,True,Eyes,0.3653882,0.02105458,-3.337385,0.3809122,-0.4301874,-0.8184404,0.0,0.0,0.0,0.0,0.0,0.0,0.0,-0.7878181,-1.128645,-3.11624,0.425047,0.02377274,-3.379972,0.04762515,0.9694763,-0.1675475,0.1725559,19.95626,160.1857,2.10469,0.09873692,0.005934619,-0.9950951,0.1192379,0.01052023,-0.2253562,1.329014,-0.8614792,-4.964088,-0.3213024,-0.2071997,1.991001,-0.9359128,0.03452028,-0.3505367,0.1501655,0.9393194,-0.3084307,0.3186188,-0.3413027,-0.8843048,moving,-4.866632937202358,-5.439238241394113,-9.167205026044432,-5.941276415697067,0.903967,-0.88525194,-1.5841160000000003,-0.08445740692653722,-0.09445141155267704,0.9919404563030545,-4.273147569427083,-5.606065587528653,4.302906564962255,4.32977627826022,4.905523895364615
05/05/2023 11:40:26.863347,2363,True,True,True,True,Eyes,0.3680868,0.02102045,-3.339859,0.3841262,-0.4303825,-0.8168342,0.0,0.0,0.0,0.0,0.0,0.0,0.0,-0.8186755,-1.131727,-3.113703,0.4312146,0.02351673,-3.385216,0.04769579,0.9684529,-0.1679863,0.1777772,20.01903,159.5478,1.991649,0.09974621,0.005968276,-0.9949942,0.1120836,0.009889012,-0.2118349,1.356584,-0.8632506,-4.956884,-0.3252538,-0.2071998,1.991001,-0.9322408,0.03265397,-0.3603621,0.1521105,0.9390114,-0.3084153,0.3283131,-0.3423322,-0.8803518,moving,-4.481662911784201,-5.397533886236537,-9.277995050416262,-5.941279262601942,0.9253694,-0.88676733,-1.5716679999999998,-0.07779567108365448,-0.09378038733370093,0.9925488484878285,-3.8989955659877404,-5.568040816140022,4.797600270449716,4.827055108282228,5.391933084840687
05/05/2023 11:40:26.882759,2364,True,True,True,True,Eyes,0.3709382,0.02099119,-3.342445,0.387595,-0.4307457,-0.815002,0.0,0.0,0.0,0.0,0.0,0.0,0.0,-0.8520061,-1.15866,-3.100882,0.4375114,0.02326844,-3.389972,0.04802304,0.9666727,-0.1721587,0.1833012,20.51469,158.8552,1.819129,0.1007265,0.005997055,-0.9948952,0.1053586,0.009295671,-0.1991248,1.383729,-0.8782325,-4.94161,-0.3295388,-0.2071999,1.991001,-0.9281892,0.02973131,-0.3709197,0.1559589,0.9361103,-0.3152369,0.3378493,-0.3504476,-0.8735244,moving,-4.044328554542499,-4.9376013928190865,-9.398059526934423,-5.941282109506788,0.9462176,-0.90150094,-1.5516379999999996,-0.07026781359965176,-0.08585802143545693,0.9938263614055541,-3.4850704207496306,-5.123433903404586,5.411636204677986,5.447000119864081,5.969281016846553
05/05/2023 11:40:26.899319,2365,True,True,True,True,Eyes,0.3739276,0.02096748,-3.345148,0.3913271,-0.4311682,-0.8129927,0.0,0.0,0.0,0.0,0.0,0.0,0.0,-0.8886588,-1.173235,-3.091788,0.4439429,0.02349426,-3.395247,0.04872061,0.9650873,-0.1743888,0.1892655,20.79609,158.1241,1.718041,0.1016837,0.006021537,-0.9947978,0.09903709,0.008737931,-0.1871773,1.412751,-0.8863709,-4.928906,-0.3339722,-0.2071996,1.991001,-0.92361,0.02802772,-0.382308,0.1600508,0.9344296,-0.3181587,0.3483227,-0.3550432,-0.8675344,moving,-3.6071076353419866,-4.689994522893629,-9.522194515800033,-5.9412735687921625,0.9688081000000002,-0.90986516,-1.5336589999999997,-0.06270449973394343,-0.08160356666185958,0.9946904291085339,-3.0655329950676165,-4.885415726630521,6.006840670662437,6.045986441770412,6.542424151349473
05/05/2023 11:40:26.913191,2366,True,True,True,True,Eyes,0.3770768,0.02093582,-3.347945,0.3953581,-0.4316322,-0.8107932,0.0,0.0,0.0,0.0,0.0,0.0,0.0,-0.9264541,-1.174221,-3.087058,0.4505704,0.0236137,-3.400509,0.04905866,0.9637976,-0.1745336,0.1955138,20.83105,157.3621,1.613571,0.1026247,0.006042321,-0.994701,0.09309486,0.008213655,-0.1759467,1.443638,-0.8868877,-4.919086,-0.3380157,-0.2071996,1.991002,-0.9187354,0.02631777,-0.3939961,0.1628127,0.9342625,-0.3172469,0.3597467,-0.3556135,-0.862625,moving,-3.1714743461105357,-4.691542814075536,-9.63532898607581,-5.94127060607508,0.9930676,-0.9105013999999999,-1.518577,-0.055139606177705,-0.08166696523296454,0.9951332207794569,-2.640827684041191,-4.889811069942164,6.542505876836555,6.583558031998858,7.073090952355189
05/05/2023 11:40:26.932665,2367,True,True,True,True,Eyes,0.380375,0.02089151,-3.350845,0.3997273,-0.4318618,-0.8085254,0.0,0.0,0.0,0.0,0.0,0.0,0.0,-0.9661566,-1.178381,-3.079817,0.4574244,0.02342287,-3.405513,0.04915474,0.9623016,-0.17523,0.2021239,20.92337,156.5451,1.458041,0.1035543,0.0060595,-0.9946045,0.08750917,0.007720836,-0.1653899,1.476298,-0.8892177,-4.906634,-0.3425832,-0.2071996,1.991002,-0.9134596,0.02376702,-0.406235,0.1654397,0.9337565,-0.3173776,0.3717815,-0.357119,-0.8568809,moving,-2.699651325021003,-4.623293660457587,-9.763038714513574,-5.94127060607508,1.0188736,-0.91264057,-1.5011210000000004,-0.0469474511699402,-0.08051527587289684,0.9956470651237052,-2.182725203894297,-4.826534588943199,7.141781886283942,7.18529781172791,7.661839812157925
05/05/2023 11:40:26.943306,2368,True,True,True,True,Eyes,0.3838286,0.02081739,-3.353822,0.4044267,-0.4320707,-0.8060732,0.0,0.0,0.0,0.0,0.0,0.0,0.0,-1.007742,-1.175611,-3.074318,0.4643147,0.0230773,-3.410705,0.04868409,0.9608985,-0.1748527,0.2091188,20.87884,155.6754,1.252974,0.1044782,0.006073053,-0.9945078,0.08225862,0.007257586,-0.1554665,1.510859,-0.887135,-4.895141,-0.3468049,-0.2071997,1.991002,-0.9077986,0.02043092,-0.418909,0.1666909,0.9341127,-0.31567,0.3848588,-0.356393,-0.851392,moving,-2.2020098779527655,-4.691781416230125,-9.880992667628082,-5.941273452978585,1.0465442999999999,-0.9102123,-1.4844359999999996,-0.038294302242292716,-0.0817355541020584,0.9959181165341987,-1.6957689314271893,-4.89647218122055,7.734631926472733,7.779974745076459,8.251636038334077
05/05/2023 11:40:26.962606,2369,True,True,True,True,Eyes,0.3874119,0.02071922,-3.3569,0.4093832,-0.4322134,-0.8034905,0.0,0.0,0.0,0.0,0.0,0.0,0.0,-1.050776,-1.173627,-3.067038,0.4713468,0.02231343,-3.415492,0.04829229,0.9593444,-0.1746985,0.2163484,20.86014,154.7755,1.04648,0.1054007,0.006082439,-0.9944105,0.0773231,0.006822131,-0.1461385,1.546081,-0.8862387,-4.881734,-0.3512329,-0.2071998,1.991001,-0.9017224,0.01706636,-0.4319784,0.1682494,0.9342965,-0.3142962,0.3982321,-0.3560881,-0.8453475,moving,-1.6925478213909109,-4.728762446330832,-10.004624701635835,-5.941279262601942,1.0747342,-0.90855213,-1.4662419999999998,-0.029435785891518934,-0.08240308717329,0.9961642820866998,-1.1981389131055207,-4.93583261332834,8.352577404835836,8.40004875538484,8.863696458482877
05/05/2023 11:40:26.982895,2370,True,True,True,True,Eyes,0.3911498,0.02059891,-3.360062,0.4146329,-0.4323036,-0.8007453,0.0,0.0,0.0,0.0,0.0,0.0,0.0,-1.09296,-1.174467,-3.058776,0.4784255,0.02163487,-3.420627,0.0478835,0.9576986,-0.1749377,0.2234218,20.88367,153.8897,0.8307368,0.1063251,0.006087349,-0.9943121,0.07268371,0.006412803,-0.1373702,1.580217,-0.8864829,-4.867941,-0.3554302,-0.2072001,1.991,-0.8955798,0.0135461,-0.4446948,0.1698857,0.934208,-0.3136788,0.4111882,-0.3564717,-0.838959,moving,-1.2134638889730853,-4.718642140635739,-10.121729035554113,-5.941290766043414,1.1017915,-0.9081177699999999,-1.447314,-0.02110561075090925,-0.08224444810723625,0.9963886208492284,-0.7313915987217934,-4.929162736388482,8.942117166033423,8.991777220494376,9.444725529415226
05/05/2023 11:40:26.999254,2371,True,True,True,True,Eyes,0.395058,0.02045145,-3.363293,0.4204172,-0.432438,-0.7976507,0.0,0.0,0.0,0.0,0.0,0.0,0.0,-1.133035,-1.171638,-3.052146,0.4857205,0.02101304,-3.425745,0.04691042,0.9561898,-0.1745292,0.2303048,20.81633,153.0207,0.5713391,0.1072558,0.006087566,-0.9942122,0.06832269,0.006028035,-0.1291279,1.615007,-0.8835562,-4.855111,-0.3600112,-0.2072001,1.991,-0.8895186,0.009320669,-0.4568047,0.1701004,0.934678,-0.3121587,0.4240558,-0.3553734,-0.8329988,moving,-0.7836530023965725,-4.800780362319182,-10.249435714277956,-5.941290766043414,1.1292865,-0.90456924,-1.429366,-0.013628924402704773,-0.08368363754148389,0.9963991099643661,-0.3101899168859834,-5.011932202076926,9.48268030567319,9.534243878229447,9.982600581080655
05/05/2023 11:40:27.013197,2372,True,True,True,True,Eyes,0.3991154,0.02027366,-3.3666,0.4264082,-0.4325641,-0.7943956,0.0,0.0,0.0,0.0,0.0,0.0,0.0,-1.17105,-1.17124,-3.044829,0.4930314,0.02024275,-3.430838,0.04584537,0.954642,-0.1744799,0.2368834,20.78436,152.1831,0.2983948,0.1081965,0.006082749,-0.9941103,0.06422333,0.005666353,-0.1213803,1.648179,-0.8817538,-4.842108,-0.3641808,-0.2071997,1.991002,-0.8835691,0.004869017,-0.4682759,0.1701946,0.9349099,-0.3114117,0.4362795,-0.3548518,-0.8268863,moving,-0.3950917137087865,-4.844632664510914,-10.365574030866854,-5.941273452978585,1.1551476,-0.90199655,-1.4112699999999996,-0.006870962452701218,-0.08445208019918465,0.9964038633809155,0.0697689465106951,-5.057176526333008,9.977182723322036,10.030610083922747,10.472726981603554
05/05/2023 11:40:27.032951,2373,True,True,True,True,Eyes,0.4033424,0.0200738,-3.369969,0.4327463,-0.4327019,-0.7908854,0.0,0.0,0.0,0.0,0.0,0.0,0.0,-1.207448,-1.173115,-3.036851,0.5005329,0.01937386,-3.435939,0.0449277,0.9530403,-0.1747811,0.2432026,20.79344,151.3759,0.03808284,0.1091495,0.006072504,-0.9940062,0.06036993,0.005326372,-0.1140975,1.680283,-0.8813645,-4.82866,-0.3685009,-0.2071996,1.991002,-0.8776683,0.0006213777,-0.4792687,0.1706503,0.9348662,-0.3112939,0.4478586,-0.355,-0.8206085,moving,-0.059219116609512776,-4.8456922678157195,-10.485823955632327,-5.94127060607508,1.1797501000000001,-0.90073836,-1.3927210000000003,-0.0010298742213924461,-0.08447245591932034,0.9964252876711359,0.3972124740419826,-5.060434825994479,10.42879392324223,10.484005931150417,10.91862416246151
05/05/2023 11:40:27.043241,2374,True,True,True,True,Eyes,0.5128725,0.01464222,-3.456032,0.5878411,-0.4285958,-0.6861111,0.0,0.0,0.0,0.0,0.0,0.0,0.0,-1.242327,-1.175841,-3.028682,0.5083352,0.01866792,-3.44095,0.04407552,0.9514269,-0.1751748,0.2493153,20.81241,150.5932,359.7868,0.1101182,0.006056723,-0.9938995,0.05674773,0.005006789,-0.1072516,1.711699,-0.8811352,-4.815101,-0.3728302,-0.2071996,1.991002,-0.8717986,-0.003478249,-0.4898525,0.1712168,0.9347423,-0.3113546,0.4589688,-0.3553095,-0.8143116,moving,-10.110716445299213,-5.031668031373158,-10.60623631499834,-5.94127060607508,1.2033638,-0.89980312,-1.3741510000000003,-0.17489508294122588,-0.08635452468700458,0.980792825319967,-9.39616481085332,-5.174730313547308,1.0145639554638939,1.035816965091326,1.4324304748267378
05/05/2023 11:40:27.063070,2375,True,True,True,True,Eyes,0.5132239,0.01462343,-3.456233,0.5882996,-0.4286001,-0.6857154,0.0,0.0,0.0,0.0,0.0,0.0,0.0,-1.27775,-1.177554,-3.020484,0.5162863,0.01806322,-3.446117,0.0433923,0.9497795,-0.1754093,0.2554756,20.81623,149.8083,359.5587,0.1139448,0.005864234,-0.9934692,0.3819333,-0.01158836,-0.359006,1.743031,-0.8804361,-4.801495,-0.3771381,-0.2071999,1.991001,-0.8656989,-0.00719935,-0.5005137,0.1720518,0.9346974,-0.311029,0.470068,-0.3553716,-0.8079278,moving,-9.416051482577885,-5.0073376298629055,-10.72596473409348,-5.941282109506788,1.2267447,-0.8984993200000001,-1.355378,-0.16299458667435898,-0.08611608076781609,0.9828615671728014,-8.719648033871362,-5.155663851963656,1.5833815361204644,1.6087650597751812,2.154646780373822
05/05/2023 11:40:27.082801,2376,True,True,True,True,Eyes,0.5138885,0.0145727,-3.456639,0.5891414,-0.4285504,-0.6850233,0.0,0.0,0.0,0.0,0.0,0.0,0.0,-1.315126,-1.175609,-3.012614,0.5244364,0.01761174,-3.451392,0.04311212,0.9481053,-0.1751222,0.2618587,20.77183,149.0087,359.3893,0.1172446,0.005696584,-0.9930861,0.3590173,-0.01089306,-0.3374656,1.774791,-0.8784106,-4.787919,-0.3814858,-0.2072001,1.991001,-0.859143,-0.009964914,-0.5116391,0.1734642,0.9349471,-0.30949,0.4814395,-0.3546472,-0.8015246,moving,-8.741148026062948,-5.018511473492066,-10.846698031557615,-5.941287803316391,1.2503546,-0.89602234,-1.3365269999999998,-0.1514014807789058,-0.0864691820910515,0.9846830090153221,-8.06143819315634,-5.17101141438416,2.271624781079325,2.2988816804095515,2.8898093505900313
05/05/2023 11:40:27.099330,2377,True,True,True,True,Eyes,0.5148677,0.01449209,-3.457244,0.5904122,-0.4285234,-0.6839453,0.0,0.0,0.0,0.0,0.0,0.0,0.0,-1.353662,-1.17082,-3.004887,0.5324793,0.01680066,-3.456696,0.04315125,0.9464068,-0.1745094,0.2683258,20.69976,148.2078,359.2666,0.12023,0.005544148,-0.99273,0.3374763,-0.01023948,-0.3172177,1.806532,-0.8761443,-4.774121,-0.386207,-0.2072,1.991001,-0.8522784,-0.01197349,-0.5229513,0.175328,0.9353689,-0.3071566,0.4928301,-0.353471,-0.7950954,moving,-8.101774501843355,-5.054657577066363,-10.977692867575712,-5.941284956411605,1.2740527,-0.89294496,-1.317425,-0.14039465060949147,-0.08723339414426039,0.9862452639555745,-7.437190520104056,-5.21042097753023,2.980601991324922,3.0094874241573564,3.6151513146863743
05/05/2023 11:40:27.114905,2378,True,True,True,True,Eyes,0.5161413,0.01438422,-3.458053,0.5920112,-0.4284332,-0.6826183,0.0,0.0,0.0,0.0,0.0,0.0,0.0,-1.389658,-1.172451,-2.995582,0.5407131,0.01603954,-3.462178,0.04313051,0.9445994,-0.1748224,0.2744245,20.72889,147.4387,359.1136,0.1229412,0.00540451,-0.9923986,0.3172277,-0.009625108,-0.2981846,1.836055,-0.8767871,-4.759929,-0.390123,-0.2072001,1.991,-0.8456621,-0.01446901,-0.5335228,0.1774332,0.9351537,-0.3066023,0.503362,-0.3539465,-0.7882568,moving,-7.51222990095309,-4.994370464106783,-11.086263958757723,-5.941290766043414,1.2953419,-0.89282664,-1.2977509999999994,-0.13024987482032174,-0.08631623426133969,0.9877168061214723,-6.864116212033555,-5.155672101485003,3.6652595854035344,3.697347360550156,4.294616197202086
05/05/2023 11:40:27.133362,2379,True,True,True,True,Eyes,0.5177057,0.01423283,-3.459055,0.5939744,-0.4282552,-0.6810228,0.0,0.0,0.0,0.0,0.0,0.0,0.0,-1.423647,-1.169762,-2.9887,0.5489247,0.01529145,-3.467836,0.04243302,0.9429871,-0.174361,0.2803088,20.6482,146.6925,358.9148,0.1254126,0.005275616,-0.9920901,0.2981941,-0.009047601,-0.2802935,1.866358,-0.873655,-4.74724,-0.3946097,-0.2072,1.991,-0.839253,-0.01772226,-0.5434525,0.1777774,0.9355953,-0.3050517,0.5138578,-0.3526291,-0.7820505,moving,-6.965104334684204,-5.047148583955655,-11.210552479578181,-5.941287919137228,1.3174332999999998,-0.8889464499999999,-1.2794039999999995,-0.12080151318803137,-0.0873312143726254,0.9888277967927096,-6.329345308606286,-5.210652616846127,4.3049753758389615,4.3385844582885165,4.9355862256576435
05/05/2023 11:40:27.143239,2380,True,True,True,True,Eyes,0.5195362,0.01404843,-3.460265,0.5961769,-0.4279768,-0.6792709,0.0,0.0,0.0,0.0,0.0,0.0,0.0,-1.453701,-1.160673,-2.986044,0.5570782,0.01410064,-3.473663,0.04089243,0.9417182,-0.1728272,0.2857015,20.41853,146.0068,358.671,0.127676,0.005155109,-0.991802,0.2803024,-0.008504746,-0.2634759,1.896227,-0.8659712,-4.737862,-0.3987886,-0.2072001,1.991,-0.8334048,-0.02173572,-0.5522353,0.1757723,0.9369171,-0.302143,0.523966,-0.3488752,-0.7770107,moving,-6.4828019140576725,-5.251684062079201,-11.326218442478732,-5.941290766043414,1.3391488000000003,-0.88007184,-1.2641989999999996,-0.11243703046258685,-0.09095047652232048,0.9894877048350718,-5.853674883622168,-5.412860780675327,4.859101166030987,4.892263389672994,5.497997021917944
05/05/2023 11:40:27.162481,2381,True,True,True,True,Eyes,0.5216574,0.01383741,-3.46168,0.5987064,-0.4275997,-0.6772807,0.0,0.0,0.0,0.0,0.0,0.0,0.0,-1.478375,-1.158083,-2.98363,0.5651941,0.01313744,-3.479825,0.03926521,0.940519,-0.1721524,0.2902516,20.28065,145.4138,358.407,0.1297586,0.0050412,-0.9915324,0.2634843,-0.007994461,-0.2476674,1.923409,-0.8607439,-4.729325,-0.4033047,-0.2071999,1.991,-0.8284246,-0.02607566,-0.5594932,0.1737944,0.9376436,-0.3010316,0.5324549,-0.3466188,-0.7722352,moving,-6.105528890320291,-5.366567622163298,-11.451112513716607,-5.941285072231013,1.3582149,-0.8738813400000001,-1.2495000000000003,-0.10589905464493293,-0.09300146685199569,0.9900182426714301,-5.482805512613958,-5.527142542785001,5.342509663003719,5.376389534077235,5.982658480483976
05/05/2023 11:40:27.182705,2382,True,True,True,True,Eyes,0.5240332,0.01356512,-3.463289,0.6014237,-0.4269785,-0.6752621,0.0,0.0,0.0,0.0,0.0,0.0,0.0,-1.498184,-1.145913,-2.987834,0.573718,0.01225578,-3.486477,0.03756388,0.9398164,-0.1699264,0.2940394,19.96766,144.9387,358.2121,0.1316859,0.004932436,-0.9912788,0.2476752,-0.007514793,-0.2328073,1.949311,-0.850348,-4.72615,-0.4075751,-0.2071998,1.991,-0.8242597,-0.0293238,-0.5654523,0.1705364,0.939428,-0.2973087,0.5399199,-0.3414898,-0.7693319,moving,-5.846770110056482,-5.641058028294283,-11.569110329696954,-5.941282225324767,1.375593,-0.86260378,-1.2396729999999998,-0.1013801336258956,-0.09778960817638853,0.9900299344560516,-5.223164149846516,-5.795933331530968,5.697707632313915,5.730210481107789,6.347610512506691
05/05/2023 11:40:27.199250,2383,True,True,True,True,Eyes,0.5266746,0.01324712,-3.465058,0.6044986,-0.4264205,-0.6728649,0.0,0.0,0.0,0.0,0.0,0.0,0.0,-1.52067,-1.123762,-2.993765,0.5821164,0.01046887,-3.492697,0.03670669,0.939198,-0.1665089,0.2980513,19.55129,144.4691,358.157,0.1334798,0.004826544,-0.9910393,0.2328147,-0.007063906,-0.2188389,1.975237,-0.8384884,-4.723626,-0.4119295,-0.2072,1.991,-0.819636,-0.03030668,-0.5720825,0.1682061,0.9418548,-0.2908886,0.5476344,-0.3346505,-0.7668804,moving,-5.632407534215733,-6.010869666039951,-11.689326829686745,-5.941287919137228,1.3931206,-0.84895727,-1.2309290000000002,-0.09761136570292994,-0.10421707742099277,0.9897529974360554,-5.004231832482946,-6.157175766429362,6.0270058344196995,6.05731895902396,6.688580020022763
05/05/2023 11:40:27.213015,2384,True,True,True,True,Eyes,0.5295497,0.01289848,-3.467014,0.6077768,-0.425831,-0.6702801,0.0,0.0,0.0,0.0,0.0,0.0,0.0,-1.551673,-1.11651,-2.989216,0.5904211,0.009018481,-3.498715,0.03785765,0.9377051,-0.1656756,0.3030308,19.49069,143.8752,358.2122,0.1351602,0.004721933,-0.9908121,0.2188458,-0.006640072,-0.2057085,1.999979,-0.8382772,-4.713397,-0.4161758,-0.2071997,1.991,-0.8134786,-0.02941096,-0.5808513,0.1714082,0.9422368,-0.2877655,0.5557628,-0.3336537,-0.7614482,moving,-5.339813400688585,-6.005344050682752,-11.806458475703597,-5.941279378418493,1.4095578999999998,-0.847295681,-1.2146819999999998,-0.09255614686728625,-0.10417213789560628,0.9902432110338298,-4.719154463703299,-6.1537397530615765,6.434440598155471,6.466962409698098,7.090487823084459
05/05/2023 11:40:27.232812,2385,True,True,True,True,Eyes,0.5326891,0.01251047,-3.469106,0.6117213,-0.4253537,-0.6669868,0.0,0.0,0.0,0.0,0.0,0.0,0.0,-1.58863,-1.105612,-2.983049,0.5987927,0.00791486,-3.505152,0.0390666,0.9359932,-0.1643148,0.3088547,19.37362,143.1826,358.2769,0.1367445,0.004617561,-0.9905951,0.2057151,-0.006241667,-0.193366,2.027059,-0.8360084,-4.70163,-0.4203482,-0.2071994,1.991002,-0.8061653,-0.02836663,-0.5910102,0.1746309,0.9429489,-0.2834632,0.5653334,-0.3317268,-0.755219,moving,-5.012397598483852,-6.06141497702017,-11.921442581747101,-5.9412649122679815,1.4282663,-0.84392326,-1.196478,-0.08688653049733813,-0.10519509500821345,0.990648693107687,-4.398472046969164,-6.2104671229720205,6.875734642867905,6.910089624513927,7.5277855639879245
05/05/2023 11:40:27.242771,2386,True,True,True,True,Eyes,0.5360427,0.01210653,-3.471364,0.6158239,-0.4250333,-0.6634061,0.0,0.0,0.0,0.0,0.0,0.0,0.0,-1.63092,-1.095004,-2.973155,0.6069871,0.006536752,-3.511426,0.04107672,0.9339309,-0.1632508,0.3153331,19.3195,142.4153,358.4072,0.1382488,0.004512291,-0.9903868,0.1933722,-0.005867167,-0.1817641,2.054605,-0.8364716,-4.686659,-0.4247595,-0.2072001,1.990999,-0.7977553,-0.02623107,-0.6024102,0.1796824,0.9433238,-0.2790241,0.5755869,-0.3308355,-0.7478283,moving,-4.64226065185776,-6.057545585483146,-12.042934248275044,-5.941293728773382,1.4476179,-0.843008352,-1.1752329999999995,-0.08048514811682655,-0.10518491949079871,0.991190349570473,-4.037759835029478,-6.209156810588399,7.364563818205912,7.401586598486598,8.009654675270397
05/05/2023 11:40:27.267127,2387,True,True,True,True,Eyes,0.5396232,0.01166585,-3.473756,0.6205622,-0.4248046,-0.6591233,0.0,0.0,0.0,0.0,0.0,0.0,0.0,-1.677182,-1.093327,-2.957085,0.615372,0.005756646,-3.517661,0.04423073,0.9313422,-0.1636921,0.3222581,19.47614,141.5862,358.5951,0.1396859,0.004405784,-0.9901856,0.1817698,-0.005515137,-0.1708582,2.080935,-0.8434408,-4.667451,-0.4289732,-0.2072001,1.990999,-0.7883869,-0.02311432,-0.6147455,0.1878901,0.9424971,-0.2763994,0.5857846,-0.3334142,-0.7387093,moving,-4.279211929997975,-5.84740927915541,-12.158864635272403,-5.941293728773382,1.4655630000000002,-0.849197446,-1.1497899999999999,-0.07423081419744793,-0.10159839374160909,0.9920521505775785,-3.689516919023335,-6.007105032938044,7.839002916504595,7.8802119924288005,8.469603406682578
05/05/2023 11:40:27.282778,2388,True,True,True,True,Eyes,0.5434016,0.01123022,-3.476256,0.6254293,-0.4249874,-0.6543882,0.0,0.0,0.0,0.0,0.0,0.0,0.0,-1.727595,-1.077376,-2.942676,0.6240296,0.00442927,-3.523525,0.04760705,0.9287814,-0.1622391,0.329814,19.43712,140.7063,358.8708,0.1410683,0.004297117,-0.9899901,0.1708636,-0.005184229,-0.1606067,2.109747,-0.845418,-4.648377,-0.4334473,-0.2072001,1.991,-0.7779126,-0.01858435,-0.6280977,0.1954505,0.9428241,-0.2699663,0.5972028,-0.3327722,-0.7298025,moving,-3.8970859208446953,-5.855418854960416,-12.28184279184263,-5.941290766043414,1.4857174,-0.84984727,-1.1248520000000002,-0.06761156866747381,-0.10178509345592116,0.9925061643581781,-3.3167973653309324,-6.017432273591733,8.34147505844512,8.385196585105213,8.96536876143921
05/05/2023 11:40:27.299316,2389,True,True,True,True,Eyes,0.5474222,0.01097494,-3.478868,0.6307392,-0.4257537,-0.6487695,0.0,0.0,0.0,0.0,0.0,0.0,0.0,-1.792549,-1.080124,-2.910621,0.6324018,0.004186496,-3.528691,0.05457203,0.9246986,-0.164339,0.3390386,19.93367,139.6168,359.3595,0.1424069,0.00418661,-0.9897989,0.1606118,-0.004873175,-0.1509703,2.135607,-0.8647827,-4.616777,-0.4377763,-0.2071996,1.991002,-0.7641496,-0.01050915,-0.6449538,0.2123599,0.9400292,-0.2669239,0.6090805,-0.340932,-0.7160912,moving,-3.4017126816213237,-5.351638221546721,-12.400716996302792,-5.94127060607508,1.5032051999999998,-0.868969196,-1.088086,-0.0590784741028515,-0.09310504711970942,0.993902007095818,-2.8474766680347594,-5.530546693048897,8.968231994984512,9.018300560778636,9.562065409856714
05/05/2023 11:40:27.315092,2390,True,True,True,True,Eyes,0.5516573,0.0108661,-3.48165,0.6363724,-0.4263949,-0.6428201,0.0,0.0,0.0,0.0,0.0,0.0,0.0,-1.870982,-1.090356,-2.866447,0.6413239,0.008336037,-3.534771,0.0638575,0.9194437,-0.1676836,0.3498966,20.67326,138.332,0.005079157,0.143711,0.004079666,-0.9896108,0.1509751,-0.004580784,-0.1419121,2.161351,-0.8884581,-4.577729,-0.4421219,-0.2072001,1.991,-0.7469891,8.294173e-05,-0.664836,0.2347706,0.9356089,-0.2636642,0.6220047,-0.3530383,-0.6989091,moving,-2.76176171672901,-4.596677055020045,-12.519962218511905,-5.941290766043414,1.5200270999999999,-0.896794137,-1.0429579999999996,-0.04802855299802167,-0.08004863381884529,0.9956332645670456,-2.2439889934319734,-4.800225169020826,9.792811571055982,9.850404208197142,10.339132285606379
05/05/2023 11:40:27.324080,2391,True,True,True,True,Eyes,0.5560665,0.01081369,-3.484539,0.6425402,-0.4268561,-0.6363457,0.0,0.0,0.0,0.0,0.0,0.0,0.0,-1.951207,-1.041236,-2.841704,0.6505588,0.01162819,-3.541652,0.06982666,0.9154999,-0.1618938,0.3616276,20.29966,137.0091,0.6574687,0.1449902,0.003979997,-0.9894246,0.1419166,-0.004305937,-0.1333974,2.198402,-0.8782317,-4.550915,-0.4463972,-0.2072002,1.990999,-0.7286993,0.01076206,-0.6847491,0.2449432,0.9378293,-0.245925,0.6395311,-0.34693,-0.6860317,moving,-2.1327360072518933,-4.962197969383556,-12.637165210315988,-5.941296575680938,1.5478432000000002,-0.88985989,-1.0092629999999998,-0.037075378927448666,-0.08643898959720661,0.9955669771474646,-1.6209508501305552,-5.160042615467363,10.49160150208367,10.549960519501447,11.043882314652993
05/05/2023 11:40:27.342466,2392,True,True,True,True,Eyes,0.5606452,0.01088971,-3.487558,0.6488115,-0.4277458,-0.6293467,0.0,0.0,0.0,0.0,0.0,0.0,0.0,-2.030137,-0.9975777,-2.811084,0.6586731,0.01288771,-3.547505,0.07594933,0.9111236,-0.1574777,0.3732107,20.09963,135.6759,1.272422,0.1462504,0.003888514,-0.9892395,0.1334016,-0.004047581,-0.1253935,2.23203,-0.8752587,-4.520088,-0.4507319,-0.2072001,1.991,-0.7098908,0.02085372,-0.7040029,0.2559432,0.938865,-0.2302731,0.6561615,-0.3436535,-0.671829,moving,-1.521546749210302,-5.200814182454104,-12.755874571496081,-5.941290766043414,1.5733568999999998,-0.8881464099999999,-0.9725830000000002,-0.026443641961317932,-0.09061503779746141,0.995534906206491,-1.0187205094211296,-5.39626550435621,11.198347980447572,11.258704507598928,11.749801615889512
05/05/2023 11:40:27.363163,2393,True,True,True,True,Eyes,0.5606452,0.01088971,-3.487558,0.6488115,-0.4277458,-0.6293467,0.0,0.0,0.0,0.0,0.0,0.0,0.0,-2.105932,-0.9982595,-2.764555,0.667191,0.01609731,-3.553707,0.08282335,0.9055792,-0.1596304,0.3841675,20.65574,134.3298,1.675335,0.1474976,0.003808008,-0.9890546,0.1253975,-0.003804726,-0.1178699,2.257832,-0.8924775,-4.48021,-0.4550173,-0.2072,1.991,-0.6911113,0.02735656,-0.7222305,0.2726559,0.9353167,-0.22548,0.6693459,-0.3527521,-0.6538671,moving,-0.32015214730330144,-4.661675092334068,-12.873130513106611,-5.941287919137228,1.5906410000000002,-0.9085748100000001,-0.9265029999999994,-0.005569196654707842,-0.08127058748546004,0.9966765655964671,0.13789015684623565,-4.879658647578344,12.551450339329486,12.618029752653348,13.054260438039792
05/05/2023 11:40:27.382919,2394,True,True,True,True,Eyes,0.5606452,0.01088971,-3.487558,0.6488115,-0.4277458,-0.6293467,0.0,0.0,0.0,0.0,0.0,0.0,0.0,-2.169269,-0.9608797,-2.739305,0.6760861,0.01887071,-3.560246,0.08408484,0.9019364,-0.1548025,0.3943054,20.21563,133.0946,1.807551,0.1486202,0.003735534,-0.9888868,0.1178737,-0.003576442,-0.1107977,2.293802,-0.8770681,-4.453803,-0.4594986,-0.2071997,1.991001,-0.6749063,0.02959944,-0.7373099,0.2737573,0.9379318,-0.2129338,0.6852437,-0.3455542,-0.6411191,moving,0.7752390967372518,-5.1393596392564875,-12.99562309055644,-5.941276415697067,1.6177158999999999,-0.89593881,-0.8935569999999999,0.013475678420604986,-0.08957038221166647,0.9958893781300913,1.21857342694075,-5.351702222012721,13.723363575081862,13.794191382526634,14.22641839564294
05/05/2023 11:40:27.393100,2395,True,True,True,True,Eyes,0.5606452,0.01088971,-3.487558,0.6488115,-0.4277458,-0.6293467,0.0,0.0,0.0,0.0,0.0,0.0,0.0,-2.227346,-0.9525622,-2.704695,0.6842799,0.02111745,-3.565828,0.08512088,0.8977795,-0.154306,0.4036535,20.22967,131.8894,1.72633,0.1496303,0.003670298,-0.9887347,0.1108012,-0.003361856,-0.1041499,2.323526,-0.8747817,-4.421647,-0.4638669,-0.2071997,1.991002,-0.6596369,0.02826728,-0.7510529,0.2774119,0.9378882,-0.2083468,0.6985143,-0.3457842,-0.6265075,moving,1.875896395673379,-5.170237131689533,-13.114910409298423,-5.941273452978585,1.6392461000000003,-0.89589915,-0.8558189999999999,0.0326016766833333,-0.0900673472813783,0.9954019813029864,2.2923472524361257,-5.389044489765783,14.93476202158125,15.01062242789205,15.417151017061778
05/05/2023 11:40:27.412988,2396,True,True,True,True,Eyes,0.5606452,0.01088971,-3.487558,0.6488115,-0.4277458,-0.6293467,0.0,0.0,0.0,0.0,0.0,0.0,0.0,-2.275609,-0.9505253,-2.67549,0.6935526,0.02408258,-3.571911,0.0830963,0.8942611,-0.153655,0.4120464,20.07772,130.7601,1.341797,0.1505394,0.003611582,-0.988597,0.1041532,-0.003160144,-0.09790087,2.355655,-0.8642671,-4.393133,-0.4681212,-0.2071995,1.991001,-0.6466256,0.02199353,-0.7624905,0.2752456,0.9389703,-0.2063364,0.7114179,-0.3432945,-0.6132157,moving,2.93182792353433,-5.354755394264988,-13.230986098229799,-5.9412707218872285,1.6621024000000002,-0.8883496799999999,-0.8212219999999997,0.050925095322295444,-0.09320103826419872,0.9943441566598913,3.3266626648227944,-5.575580210811022,16.09198753076685,16.17345223913778,16.56168657204055
05/05/2023 11:40:27.432649,2397,True,True,True,True,Eyes,0.7176291,0.02052566,-3.584504,0.8353597,-0.3924045,-0.3849585,0.0,0.0,0.0,0.0,0.0,0.0,0.0,-2.31732,-0.9249809,-2.65808,0.7028003,0.02504065,-3.577205,0.07778259,0.8918002,-0.1488542,0.4201008,19.32034,129.6938,0.8297319,0.1513569,0.003558768,-0.9884723,0.09790397,-0.002970536,-0.09202681,2.393776,-0.835646,-4.370888,-0.472335,-0.2072,1.991,-0.6349303,0.01366552,-0.7724485,0.2638006,0.9435846,-0.2001433,0.7261354,-0.3308494,-0.6027154,moving,-13.829425622051613,-4.3020489901059,-13.34584804881813,-5.941287919137228,1.6909756999999999,-0.86068665,-0.7936829999999997,-0.23839703778275617,-0.07285156267144904,0.9684315509726669,-13.04089852649588,-4.4401620415811385,1.6749272812665226,1.7090791484849845,1.5317875542754313
05/05/2023 11:40:27.442726,2398,True,True,True,True,Eyes,0.7180073,0.0204914,-3.58466,0.835643,-0.3924948,-0.3842508,0.0,0.0,0.0,0.0,0.0,0.0,0.0,-2.359897,-0.9250112,-2.628109,0.7115175,0.02374442,-3.581186,0.07484978,0.8883128,-0.1488072,0.4279652,19.17417,128.6105,0.340398,0.1575782,0.003849968,-0.9874986,0.5629817,0.02611556,-0.3773439,2.423843,-0.8285587,-4.340042,-0.4767938,-0.2072,1.990999,-0.6224865,0.005611457,-0.7826103,0.2603486,0.9445078,-0.2003084,0.7380576,-0.3284408,-0.5894043,moving,-12.844538420994171,-4.481130102364848,-13.467269212885808,-5.941290881865796,1.7123255000000002,-0.85230312,-0.7588560000000002,-0.22166033650801614,-0.07618718192074331,0.9721431362236781,-12.075985017964634,-4.620936374085462,1.5400431055177033,1.5874076795715713,1.9180739655324324
05/05/2023 11:40:27.462824,2399,True,True,True,True,Eyes,0.7187904,0.02049114,-3.584929,0.8362442,-0.392379,-0.3830592,0.0,0.0,0.0,0.0,0.0,0.0,0.0,-2.40584,-0.939025,-2.589259,0.7209133,0.02290694,-3.585226,0.07412807,0.8839735,-0.151385,0.4360949,19.40809,127.4724,359.9403,0.1626809,0.004086037,-0.9866698,0.5292028,0.02454862,-0.3547033,2.449562,-0.8336446,-4.303926,-0.4810645,-0.2071999,1.991,-0.6086529,-0.0009819282,-0.7934363,0.2630909,0.9431752,-0.2029869,0.7485487,-0.3322944,-0.5738081,moving,-11.841278199844202,-4.236979903439477,-13.583439903835517,-5.941285072231013,1.7286487,-0.85655154,-0.7186999999999997,-0.2046639205956891,-0.07231796037383986,0.9761571515862844,-11.104568593661034,-4.3900351450872925,2.380378542858918,2.437167107775638,2.9242399540512327
05/05/2023 11:40:27.482699,2400,True,True,True,True,Eyes,0.719946,0.02051704,-3.585329,0.8371894,-0.3921209,-0.3812546,0.0,0.0,0.0,0.0,0.0,0.0,0.0,-2.454206,-0.9380212,-2.552057,0.7308162,0.02367791,-3.589059,0.07304098,0.8796972,-0.1514747,0.4448072,19.35875,126.2896,359.6207,0.1668814,0.004278029,-0.9859673,0.4974506,0.02307571,-0.3334211,2.478562,-0.8287511,-4.268386,-0.4855117,-0.2071998,1.991001,-0.5936235,-0.006246102,-0.8047189,0.2632619,0.9434409,-0.2015253,0.7604634,-0.331482,-0.5584043,moving,-10.848995739342271,-4.245280952215878,-13.704290990919963,-5.941279262601942,1.7477458000000001,-0.8524290099999999,-0.6793269999999993,-0.18772303013506242,-0.07271031180148665,0.9795270472146088,-10.137049121022248,-4.4046922063465415,3.2653551069677977,3.321012081055186,3.884110495313308
05/05/2023 11:40:27.499678,2401,True,True,True,True,Eyes,0.7214624,0.02051877,-3.585834,0.8384222,-0.391678,-0.378994,0.0,0.0,0.0,0.0,0.0,0.0,0.0,-2.504248,-0.9233234,-2.516653,0.7408544,0.02430019,-3.592753,0.07246291,0.8754534,-0.1497418,0.4537705,19.14422,125.1099,359.4529,0.1703567,0.004434863,-0.9853721,0.4676036,0.02169116,-0.3134158,2.508213,-0.8199528,-4.233789,-0.4901347,-0.2071997,1.991,-0.5776827,-0.009021068,-0.8162115,0.2627727,0.944653,-0.1964209,0.7728086,-0.3279471,-0.5433392,moving,-9.901622559131722,-4.3801826806885185,-13.829801211188988,-5.941279378418493,1.7673586000000001,-0.84425299,-0.6410359999999997,-0.1714695291368034,-0.07524301591503746,0.982311855932958,-9.209895767608296,-4.542231921755088,4.174638900394818,4.2270096311863155,4.827096445444491
05/05/2023 11:40:27.512988,2402,True,True,True,True,Eyes,0.7233033,0.02045988,-3.586421,0.8398688,-0.3913546,-0.3761141,0.0,0.0,0.0,0.0,0.0,0.0,0.0,-2.556566,-0.8994172,-2.480248,0.7508353,0.02367248,-3.59615,0.07333279,0.8709811,-0.1473202,0.4629372,18.9367,123.9302,359.4756,0.1732524,0.004562551,-0.9848665,0.4395474,0.02038969,-0.2946109,2.535712,-0.8141527,-4.199046,-0.494176,-0.2072003,1.990999,-0.5606228,-0.008657061,-0.8280259,0.264143,0.9458381,-0.1887293,0.7848123,-0.3245232,-0.5279717,moving,-9.00368689022896,-4.490151713498606,-13.939409023284156,-5.9412994225884646,1.7848767000000003,-0.83782518,-0.6028959999999999,-0.15602939655815173,-0.07732889710501983,0.9847207266304646,-8.331607053129474,-4.655184674508851,5.0934298564779175,5.144626580066592,5.75339326673387
05/05/2023 11:40:27.532605,2403,True,True,True,True,Eyes,0.7254811,0.02037908,-3.587034,0.8413156,-0.391482,-0.3727328,0.0,0.0,0.0,0.0,0.0,0.0,0.0,-2.609285,-0.8822513,-2.437932,0.7604319,0.02217583,-3.598819,0.07633039,0.8659687,-0.1467548,0.4719481,19.03938,122.7555,359.6168,0.1757017,0.004665643,-0.9844321,0.4131745,0.01916631,-0.2769342,2.557811,-0.8200328,-4.160694,-0.4985762,-0.2072001,1.990999,-0.5428773,-0.006321796,-0.8397882,0.2707207,0.9452735,-0.1821221,0.7949808,-0.326218,-0.5114561,moving,-8.142317142715962,-4.310793294206269,-14.058625360075053,-5.941293728773382,1.7973791000000001,-0.84220863,-0.5618750000000001,-0.14123971187915335,-0.07441305461157686,0.9871746939700532,-7.496761801460139,-4.486383887253733,6.080627730922263,6.136874985684021,6.721221318244856
05/05/2023 11:40:27.542795,2404,True,True,True,True,Eyes,0.727966,0.0202866,-3.587704,0.8428476,-0.3919286,-0.3687817,0.0,0.0,0.0,0.0,0.0,0.0,0.0,-2.659121,-0.8880247,-2.388109,0.7700889,0.02163314,-3.601259,0.08072606,0.8603878,-0.1499201,0.4803541,19.60496,121.597,359.6887,0.1779589,0.004756031,-0.9840262,0.388384,0.01801633,-0.2603182,2.573479,-0.8390226,-4.118358,-0.5033119,-0.2071999,1.991,-0.5254866,-0.005118063,-0.8507866,0.2829409,0.9420145,-0.1804247,0.8023767,-0.3355331,-0.4935679,moving,-7.319797245949883,-3.7104466782820076,-14.186786009176817,-5.941285072231013,1.8033900999999999,-0.86065574,-0.5170989999999995,-0.1271445854916312,-0.06418904924230684,0.9898050651093581,-6.711135112906271,-3.907710583027503,7.152705549340267,7.220261395143666,7.747308018018255
05/05/2023 11:40:27.562768,2405,True,True,True,True,Eyes,0.730763,0.02020162,-3.588387,0.8443734,-0.3926052,-0.3645471,0.0,0.0,0.0,0.0,0.0,0.0,0.0,-2.705437,-0.8873315,-2.342412,0.7799593,0.02132138,-3.603449,0.08498108,0.8551248,-0.1520681,0.4882776,20.06361,120.513,359.807,0.1800517,0.004834672,-0.983645,0.365081,0.01693535,-0.2446991,2.588277,-0.8547372,-4.079649,-0.5071955,-0.2072001,1.991001,-0.5087265,-0.003164073,-0.8609225,0.2938418,0.939307,-0.1770858,0.8092309,-0.3430632,-0.4769207,moving,-6.583243375632411,-3.237776984199253,-14.291777231865261,-5.941287803316391,1.8083177000000001,-0.87605858,-0.47619999999999996,-0.11446601220170144,-0.05610856141883346,0.9918413336815313,-6.005868428983992,-3.452694833851647,8.093828057397905,8.168871706776372,8.651553597899898
05/05/2023 11:40:27.582672,2406,True,True,True,True,Eyes,0.7338545,0.02014454,-3.589105,0.845976,-0.3934738,-0.3598652,0.0,0.0,0.0,0.0,0.0,0.0,0.0,-2.748474,-0.8800906,-2.300905,0.7898557,0.02147548,-3.605343,0.08929204,0.850194,-0.153207,0.4957064,20.42841,119.5106,-0.003686196,0.1820047,0.004902938,-0.9832852,0.3431762,0.01591923,-0.2300171,2.60255,-0.8675948,-4.04375,-0.5113617,-0.2071999,1.991001,-0.4926045,-6.02979e-05,-0.8702536,0.3037225,0.9371091,-0.1719861,0.8155329,-0.3490366,-0.4616058,moving,-5.950133120383692,-2.875378489873506,-14.404306835550443,-5.941282109506788,1.8126943,-0.88907028,-0.4384070000000002,-0.1035337385996839,-0.049894176033676636,0.9933737072235066,-5.398468374521279,-3.104285244466524,8.912898131729522,8.992931569354726,9.442122515536452
05/05/2023 11:40:27.599701,2407,True,True,True,True,Eyes,0.7372414,0.02010451,-3.589839,0.8477041,-0.3941634,-0.3550113,0.0,0.0,0.0,0.0,0.0,0.0,0.0,-2.788916,-0.8719838,-2.26118,0.800048,0.02213176,-3.607046,0.09291171,0.8454347,-0.1539279,0.5029051,20.71524,118.5331,0.1396216,0.1838392,0.004962611,-0.9829435,0.3225856,0.01496408,-0.2162161,2.617682,-0.8771123,-4.00833,-0.5161843,-0.2072,1.991,-0.4769076,0.002279343,-0.8789505,0.3119238,0.9353473,-0.1668204,0.8217436,-0.3537235,-0.4467852,moving,-5.349581902176677,-2.5925985557103637,-14.534431211580632,-5.941287919137228,1.817634,-0.89924406,-0.401284,-0.09313762056524327,-0.045037321425654586,0.9946341405252019,-4.820661508310183,-2.8331273467604627,9.692747309566887,9.776255790904129,10.198920726814789
05/05/2023 11:40:27.612663,2408,True,True,True,True,Eyes,0.7408913,0.02004049,-3.590584,0.8494834,-0.3949864,-0.3498054,0.0,0.0,0.0,0.0,0.0,0.0,0.0,-2.825468,-0.8576438,-2.227354,0.8103426,0.02254779,-3.608707,0.09482726,0.8412399,-0.1531178,0.5097826,20.75056,117.6076,0.2102411,0.1855743,0.005014992,-0.9826172,0.3032304,0.01406623,-0.2032432,2.635213,-0.8784063,-3.976985,-0.5200882,-0.2072003,1.990999,-0.4622588,0.003431361,-0.8867383,0.3156585,0.9351255,-0.160935,0.8286593,-0.3543002,-0.4333531,moving,-4.814821451806144,-2.5836553149494614,-14.639656426135007,-5.9412994225884646,1.8248703999999998,-0.9009540899999999,-0.3682780000000001,-0.08385089861209188,-0.04491926343727125,0.9954654225556395,-4.299607944220164,-2.827971951511139,10.29924367949406,10.38273356233119,10.798583728920851
05/05/2023 11:40:27.632804,2409,True,True,True,True,Eyes,0.744778,0.01997343,-3.591341,0.851401,-0.3960295,-0.3439144,0.0,0.0,0.0,0.0,0.0,0.0,0.0,-2.859782,-0.8466063,-2.192999,0.820338,0.02194106,-3.609834,0.09780082,0.8369641,-0.1533173,0.5161589,20.9531,116.7371,0.3337235,0.1872275,0.005060174,-0.9823033,0.2850366,0.01322226,-0.1910486,2.649227,-0.8863969,-3.945044,-0.5246598,-0.2072001,1.991,-0.4480302,0.0054394,-0.8940021,0.3219837,0.9338577,-0.1556806,0.8340238,-0.3576036,-0.4201478,moving,-4.371035341054716,-2.4231808342210464,-14.762735222734811,-5.941290766043414,1.8288890000000002,-0.90833796,-0.33521,-0.07614722939198326,-0.04215712426162726,0.9962050584736679,-3.8713221459097893,-2.6747757541136576,10.885746464949076,10.971076698451126,11.370707943360323
05/05/2023 11:40:27.642891,2410,True,True,True,True,Eyes,0.748911,0.01991332,-3.592092,0.853306,-0.3972516,-0.3377279,0.0,0.0,0.0,0.0,0.0,0.0,0.0,-2.893291,-0.8415907,-2.155456,0.8302114,0.02176156,-3.610495,0.1019887,0.8323848,-0.1548442,0.5222616,21.3651,115.8828,0.4952341,0.1888126,0.005098771,-0.9819997,0.2679344,0.01242892,-0.1795857,2.658978,-0.900788,-3.912206,-0.5286786,-0.2072001,1.991,-0.4336822,0.008049337,-0.9010299,0.3315261,0.9312431,-0.1512503,0.8378605,-0.3643095,-0.4065322,moving,-3.956724856334126,-2.0659052863805787,-14.87082252078013,-5.941290766043414,1.8287665999999998,-0.92254956,-0.30171100000000006,-0.06895836633486002,-0.035963225317257846,0.9969711570121662,-3.4770741710198,-2.3298997512525523,11.492814039537302,11.581715781569121,11.952390828590671
05/05/2023 11:40:27.663156,2411,True,True,True,True,Eyes,0.7532853,0.01986239,-3.5928,0.8554789,-0.3984948,-0.3306926,0.0,0.0,0.0,0.0,0.0,0.0,0.0,-2.926136,-0.8286941,-2.120913,0.8402895,0.0219153,-3.611193,0.1059716,0.8279976,-0.1551003,0.5283313,21.64297,115.0542,0.7150499,0.190343,0.005131636,-0.9817041,0.2518584,0.01168319,-0.1688105,2.669957,-0.9111689,-3.881002,-0.5330226,-0.2071999,1.991,-0.4192721,0.01159982,-0.9077865,0.3393772,0.9294278,-0.1448691,0.8420416,-0.3688217,-0.39362,moving,-3.6197920804603463,-1.8451984955889542,-14.987534526232336,-5.941285072231013,1.8296675000000002,-0.9330841999999999,-0.26980899999999997,-0.0631026592600965,-0.032135048384480516,0.9974894699828374,-3.1545744824274022,-2.117389872079778,11.992117404800188,12.083190537136845,12.435478193460183
05/05/2023 11:40:27.682662,2412,True,True,True,True,Eyes,0.7578887,0.01979058,-3.593492,0.8576539,-0.3997697,-0.3234406,0.0,0.0,0.0,0.0,0.0,0.0,0.0,-2.959614,-0.8106862,-2.085768,0.8502429,0.02210137,-3.611585,0.1103215,0.8234823,-0.1548253,0.5345423,21.89672,114.2161,0.9988137,0.1918305,0.005159586,-0.9814143,0.2367468,0.0109822,-0.1586819,2.6804,-0.92133,-3.849278,-0.5376082,-0.2072,1.991,-0.4041877,0.01617415,-0.9145333,0.3472169,0.9277166,-0.1370489,0.846211,-0.3729348,-0.3805876,moving,-3.2874637379311586,-1.6504231747681926,-15.110599720079158,-5.941287919137228,1.8301571,-0.94343137,-0.23769300000000015,-0.05732187363821073,-0.028753976284349343,0.997941510611771,-2.83586434569843,-1.9300803707829206,12.48476080233909,12.577681213436437,12.913516736623226
05/05/2023 11:40:27.697812,2413,True,True,True,True,Eyes,0.7626914,0.01968448,-3.594146,0.8600329,-0.4009613,-0.3155524,0.0,0.0,0.0,0.0,0.0,0.0,0.0,-2.990959,-0.7855673,-2.055289,0.8603811,0.0215543,-3.611986,0.1134888,0.8193666,-0.1531254,0.5406584,21.94083,113.4067,1.260255,0.1932852,0.005182543,-0.9811288,0.222542,0.01032326,-0.149161,2.693426,-0.9255787,-3.820264,-0.5417362,-0.2072001,1.991,-0.3896177,0.02040084,-0.9207508,0.3515548,0.9273458,-0.1282142,0.8512387,-0.3736489,-0.3684823,moving,-3.0232455327478003,-1.6654294881156517,-15.221262233089709,-5.941290766043414,1.8330449,-0.947133,-0.20827799999999996,-0.05271888649826795,-0.029022717734649678,0.9981874930029615,-2.5778949673424068,-1.9464334271839272,12.832820968576081,12.925734063870497,13.25947287694386
05/05/2023 11:40:27.712720,2414,True,True,True,True,Eyes,0.7676926,0.01955356,-3.59476,0.8623573,-0.4022711,-0.3074377,0.0,0.0,0.0,0.0,0.0,0.0,0.0,-3.02222,-0.7666095,-2.020072,0.8700405,0.02060774,-3.611758,0.1172122,0.8148474,-0.1527282,0.5467719,22.15273,112.5666,1.485177,0.1947161,0.005200079,-0.9808456,0.2091895,0.009703868,-0.1402113,2.703333,-0.9351063,-3.78807,-0.5462819,-0.2072001,1.991,-0.374604,0.02400508,-0.9268743,0.3580349,0.9258708,-0.1207236,0.8552679,-0.3770769,-0.3554295,moving,-2.73747213355339,-1.5249568535491596,-15.342987910501616,-5.941290766043414,1.8332925000000002,-0.9557140399999999,-0.1763119999999998,-0.047742852218755405,-0.026582029854049574,0.9985059368329499,-2.3031038379957276,-1.8116508577432877,13.262491521642383,13.356759832741528,13.678176135604403
05/05/2023 11:40:27.722423,2415,True,True,True,True,Eyes,0.7728833,0.01939751,-3.595354,0.8648566,-0.40338,-0.2988437,0.0,0.0,0.0,0.0,0.0,0.0,0.0,-3.052027,-0.7509831,-1.984668,0.8798502,0.01991574,-3.611539,0.1203604,0.8103549,-0.1525798,0.5527728,22.35546,111.7244,1.63485,0.1961305,0.005212059,-0.9805638,0.1966381,0.009121636,-0.1317986,2.713199,-0.9434394,-3.756012,-0.5505235,-0.2071998,1.991001,-0.3599116,0.02638541,-0.9326133,0.3637533,0.9244656,-0.1142237,0.8591551,-0.3803515,-0.3423237,moving,-2.477206916170761,-1.386931608704793,-15.456435122196297,-5.941279262601942,1.8333488,-0.96335514,-0.14447300000000007,-0.043209307655810714,-0.024181552505371462,0.9987733117397493,-2.0531126022413755,-1.6790804037317917,13.6595321553341,13.755088054121911,14.064686050050485
05/05/2023 11:40:27.742974,2416,True,True,True,True,Eyes,0.9075598,0.0150897,-3.608904,0.9048001,-0.4195535,-0.07287993,0.0,0.0,0.0,0.0,0.0,0.0,0.0,-3.078861,-0.7337039,-1.953036,0.8898619,0.01910488,-3.61107,0.1221009,0.8062869,-0.1515878,0.5585822,22.38655,110.9107,1.707302,0.1975356,0.00521836,-0.9802816,0.1848398,0.008574338,-0.1238907,2.725671,-0.9459528,-3.725609,-0.5546488,-0.2071995,1.991,-0.3461548,0.02754823,-0.937773,0.3662452,0.924225,-0.1080397,0.8637369,-0.3808533,-0.3300143,moving,-14.87529927758956,-2.876721525325669,-15.566667278572762,-5.941273684605856,1.8358091,-0.96505768,-0.11453900000000017,-0.2564139124119409,-0.048509262129525256,0.9653489532434975,-14.098853153977243,-3.0464052037752007,3.023977887352843,3.1415712071720363,3.2457267022454146
05/05/2023 11:40:27.762860,2417,True,True,True,True,Eyes,0.9079214,0.01505163,-3.60901,0.9049951,-0.4192358,-0.07228537,0.0,0.0,0.0,0.0,0.0,0.0,0.0,-3.102936,-0.7200928,-1.923306,0.899982,0.01853772,-3.610476,0.1228719,0.8024982,-0.1506524,0.5640948,22.35967,110.1251,1.688144,0.203155,0.005091303,-0.9791331,0.577779,-0.004863548,-0.1571067,2.739134,-0.9456437,-3.695901,-0.5589371,-0.2071999,1.991,-0.3333991,0.02724448,-0.9423921,0.3671735,0.9244127,-0.1031738,0.8683482,-0.3804195,-0.3182019,moving,-14.199896075129026,-2.825922203854353,-15.681122161367876,-5.941285072231013,1.839152,-0.96418142,-0.0854250000000003,-0.24502523484138333,-0.04779877448466899,0.9683376855159442,-13.441826528607738,-3.001457166468871,3.3276939864567634,3.449567584526285,3.6955423210127694
05/05/2023 11:40:27.782563,2418,True,True,True,True,Eyes,0.9086764,0.0149665,-3.609071,0.9052556,-0.4188403,-0.07131036,0.0,0.0,0.0,0.0,0.0,0.0,0.0,-3.124284,-0.7025035,-1.898249,0.9102647,0.01745498,-3.609587,0.1225679,0.799174,-0.1486683,0.5693821,22.16033,109.3855,1.646347,0.2078156,0.004980437,-0.9781551,0.5431123,-0.004571735,-0.1476803,2.755181,-0.9403577,-3.667967,-0.5634845,-0.2071998,1.991001,-0.3215627,0.02660797,-0.9465145,0.3652042,0.9257497,-0.0980478,0.8736267,-0.3771996,-0.3074038,moving,-13.593986302311308,-2.957076576981494,-15.802344794246206,-5.941279262601942,1.8449163,-0.95781268,-0.0583800000000001,-0.2347443956380984,-0.05014630356854967,0.9707628354205234,-12.847639174074732,-3.133086366624828,3.5966807549696633,3.712453756986782,4.07630134348397
05/05/2023 11:40:27.792793,2419,True,True,True,True,Eyes,0.9097954,0.01484346,-3.609132,0.9056201,-0.4183137,-0.06975599,0.0,0.0,0.0,0.0,0.0,0.0,0.0,-3.142862,-0.6870146,-1.876211,0.9204341,0.01622302,-3.608639,0.1225496,0.7961211,-0.1470211,0.5740711,22.01181,108.7269,1.627277,0.2117023,0.004882028,-0.9773218,0.5105255,-0.004297431,-0.1388195,2.769638,-0.9369637,-3.642572,-0.5676767,-0.2072,1.991,-0.3108479,0.02632749,-0.9500949,0.3639298,0.9267328,-0.09338887,0.8780254,-0.3747976,-0.2976543,moving,-13.094037134130948,-3.0347302755088594,-15.913984700846898,-5.941287919137228,1.8492039,-0.9531867199999999,-0.03393299999999977,-0.2262485110033497,-0.05156848624303223,0.9727036124986632,-12.358186239577686,-3.2119575804060037,3.9392924681002266,4.0497137694856535,4.482515677059389
05/05/2023 11:40:27.812833,2420,True,True,True,True,Eyes,0.9112775,0.01466565,-3.609126,0.906027,-0.4177264,-0.06797006,0.0,0.0,0.0,0.0,0.0,0.0,0.0,-3.158193,-0.6762819,-1.856896,0.9306993,0.01511306,-3.607378,0.1228847,0.7933261,-0.1460848,0.5780938,21.95409,108.1511,1.610938,0.2149867,0.004792854,-0.976605,0.479894,-0.004039585,-0.1304903,2.782463,-0.9362637,-3.618795,-0.5720716,-0.2072,1.990999,-0.3014139,0.02607382,-0.9531369,0.3638766,0.9271171,-0.08970799,0.8813304,-0.3738635,-0.2889336,moving,-12.678926335269747,-3.0257916081022027,-16.030889288923763,-5.941290881865796,1.8517636999999998,-0.95137676,-0.011416999999999788,-0.21919612384310233,-0.05150178814003992,0.9743206988219544,-11.953769298219703,-3.206013184277854,4.3341790116831085,4.442498357679494,4.909648816516378
05/05/2023 11:40:27.832657,2421,True,True,True,True,Eyes,0.9130827,0.01442984,-3.609089,0.9064911,-0.4170766,-0.06573486,0.0,0.0,0.0,0.0,0.0,0.0,0.0,-3.170158,-0.6626804,-1.843389,0.940861,0.01360332,-3.60579,0.1228694,0.7910796,-0.1444959,0.5815644,21.80992,107.67,1.625228,0.2179784,0.004707738,-0.975942,0.4511003,-0.00379721,-0.1226609,2.796154,-0.9335806,-3.59822,-0.5764664,-0.2071999,1.991,-0.2933721,0.02633165,-0.9556357,0.3624664,0.928048,-0.08570255,0.8846191,-0.3715285,-0.2818078,moving,-12.380477482297357,-3.1021294403266486,-16.147639052178768,-5.941285072231013,1.855293,-0.94718392,0.007569999999999855,-0.2141027782867262,-0.05286103975193833,0.9753798169288921,-11.660778153484776,-3.282267841603317,4.613027053379621,4.7172355247290385,5.215581785093973
05/05/2023 11:40:27.842951,2422,True,True,True,True,Eyes,0.915223,0.01414002,-3.608959,0.9069182,-0.4165122,-0.0633801,0.0,0.0,0.0,0.0,0.0,0.0,0.0,-3.179692,-0.6510561,-1.832653,0.9507151,0.01190818,-3.604016,0.1236844,0.7890556,-0.1434726,0.5843879,21.77577,107.2779,1.696982,0.220715,0.004624729,-0.9753271,0.4240343,-0.003569377,-0.1153012,2.807366,-0.935007,-3.579923,-0.5808342,-0.2072,1.991,-0.2863863,0.02750047,-0.9577196,0.3628751,0.9282355,-0.08185639,0.8867383,-0.3709752,-0.2758131,moving,-12.167564738127917,-3.0687829712227224,-16.263542791757537,-5.941287919137228,1.8566509,-0.9469151800000001,0.024093000000000142,-0.21048260351647496,-0.0523354572904553,0.9761957512933639,-11.454125573864546,-3.251234172479097,4.898484339416961,5.002831287541966,5.510615495176106
05/05/2023 11:40:27.862520,2423,True,True,True,True,Eyes,0.9176834,0.01380949,-3.60877,0.9073375,-0.4160075,-0.06063282,0.0,0.0,0.0,0.0,0.0,0.0,0.0,-3.187917,-0.6357531,-1.824438,0.9608747,0.01031797,-3.601692,0.1256965,0.7871128,-0.142315,0.5868563,21.81232,106.9518,1.903477,0.2232318,0.004542166,-0.9747546,0.3985923,-0.003355215,-0.1083832,2.817023,-0.9397782,-3.563239,-0.5851785,-0.2072001,1.991,-0.2796002,0.03083779,-0.9596212,0.3649115,0.9278936,-0.07650428,0.8880671,-0.3715674,-0.2706923,moving,-12.040304455207284,-2.9464175370709067,-16.37868740079258,-5.941290766043414,1.8561482999999999,-0.95009617,0.03845300000000007,-0.20833592083282176,-0.0502741250013133,0.9767643391677161,-11.333367984303429,-3.133018452108878,5.163838026478774,5.271701076518048,5.774222147061338
05/05/2023 11:40:27.883096,2424,True,True,True,True,Eyes,0.9204612,0.01343551,-3.608469,0.9076977,-0.4156276,-0.05778039,0.0,0.0,0.0,0.0,0.0,0.0,0.0,-3.196576,-0.6110948,-1.817923,0.9713079,0.008906826,-3.599008,0.1285786,0.7851481,-0.1401031,0.5893905,21.81244,106.648,2.268944,0.2255592,0.004458922,-0.974219,0.3746767,-0.003153902,-0.1018802,2.826715,-0.9447758,-3.547412,-0.5896574,-0.2071999,1.991,-0.2721731,0.03675573,-0.9615462,0.3670574,0.9276773,-0.06843729,0.8894892,-0.3715694,-0.2659803,moving,-11.947289405465291,-2.837685233886018,-16.49725730101624,-5.941285072231013,1.8554071,-0.9536826260000001,0.051595999999999975,-0.20676875138903306,-0.048436857385333196,0.9771901269616139,-11.245625839563768,-3.027840457940757,5.396560150854325,5.5076800748699455,6.005646720167141
05/05/2023 11:40:27.893242,2425,True,True,True,True,Eyes,0.9235443,0.01307332,-3.608077,0.9080056,-0.4154033,-0.05446136,0.0,0.0,0.0,0.0,0.0,0.0,0.0,-3.207306,-0.5801486,-1.808841,0.9816672,0.007466741,-3.596049,0.132427,0.782788,-0.1374724,0.59229,21.84481,106.3048,2.746566,0.2277251,0.004373903,-0.9737154,0.3521961,-0.002964668,-0.09576736,2.835063,-0.9518891,-3.530447,-0.5939096,-0.2072,1.991,-0.2633113,0.04447753,-0.9636849,0.3701716,0.9271288,-0.05835311,0.8908646,-0.3720939,-0.2605879,moving,-11.84685220526383,-2.684255115969412,-16.609691458155776,-5.941287919137228,1.8533958,-0.959355841,0.06560199999999972,-0.20508066319620855,-0.04583654691175283,0.9776712349074763,-11.151853192622552,-2.8792214135034078,5.654342022839759,5.770000037244325,6.258134691554923
05/05/2023 11:40:27.912690,2426,True,True,True,True,Eyes,0.9269565,0.01267805,-3.60755,0.9083925,-0.4150037,-0.05094092,0.0,0.0,0.0,0.0,0.0,0.0,0.0,-3.2211,-0.5483857,-1.79265,0.9923489,0.007255185,-3.592353,0.1366795,0.7797029,-0.1349202,0.5959688,21.91982,105.841,3.233179,0.2297539,0.004287622,-0.9732391,0.3310644,-0.002786788,-0.09002132,2.842701,-0.9592176,-3.508685,-0.5982183,-0.2072002,1.990999,-0.2522799,0.05232236,-0.9662387,0.3739553,0.9262305,-0.04748188,0.8924754,-0.3733088,-0.2532356,moving,-11.644724012707375,-2.4735919863956615,-16.72349337520773,-5.941296575680938,1.8503520999999998,-0.966472785,0.0836680000000003,-0.2016620752080514,-0.04227222119293353,0.9785425126884295,-10.960492855391198,-2.6755899086877415,6.0285706949966436,6.149705143827828,6.623972752529213
05/05/2023 11:40:27.932835,2427,True,True,True,True,Eyes,0.9306632,0.01226507,-3.6069,0.9088131,-0.4145697,-0.04680605,0.0,0.0,0.0,0.0,0.0,0.0,0.0,-3.235963,-0.5053624,-1.777194,1.003562,0.005989734,-3.588607,0.137585,0.7768419,-0.1295386,0.6006719,21.50294,105.2565,3.582906,0.2316687,0.004199312,-0.9727854,0.3112005,-0.00261958,-0.08462004,2.859062,-0.9512374,-3.484924,-0.6024121,-0.2072004,1.990999,-0.240527,0.05814318,-0.9688993,0.369384,0.9285802,-0.03597513,0.8976089,-0.366549,-0.2448258,moving,-11.395016444805705,-2.7817021415627563,-16.834122601079304,-5.941302269495961,1.8555000000000001,-0.957227134,0.10368300000000019,-0.1973483555544857,-0.047576358634582566,0.9791783340461103,-10.708768624901747,-2.9770321611820556,6.179647499631162,6.290226446452376,6.804914298396236
05/05/2023 11:40:27.942653,2428,True,True,True,True,Eyes,0.9346966,0.01184538,-3.606123,0.9092989,-0.4139675,-0.04250224,0.0,0.0,0.0,0.0,0.0,0.0,0.0,-3.251565,-0.476822,-1.754595,1.014379,0.005057484,-3.584641,0.1390349,0.7734029,-0.1265932,0.6053852,21.35557,104.613,3.803777,0.2334896,0.004108694,-0.9723504,0.2925285,-0.002462405,-0.07954284,2.871018,-0.9500355,-3.456843,-0.6071547,-0.2072004,1.990999,-0.2283557,0.06178472,-0.9716153,0.3683354,0.9292868,-0.02747572,0.9012117,-0.3641545,-0.2349655,moving,-11.078395259535037,-2.8384747538071027,-16.959073159298697,-5.941302269495961,1.856639,-0.955092984,0.12779799999999986,-0.19192487458129526,-0.048599864388179245,0.980205548189196,-10.398590092460038,-3.034370676468295,6.541433020915149,6.6490534027697965,7.175666474747773
05/05/2023 11:40:27.962716,2429,True,True,True,True,Eyes,0.9390216,0.01137923,-3.605217,0.9099219,-0.4130606,-0.03772163,0.0,0.0,0.0,0.0,0.0,0.0,0.0,-3.262513,-0.4541042,-1.739256,1.026161,0.004395202,-3.580808,0.1383055,0.7708439,-0.1232984,0.6094824,21.01897,104.0527,3.865413,0.2352347,0.004015843,-0.97193,0.2749768,-0.002314661,-0.07477026,2.88749,-0.9411697,-3.432413,-0.6112698,-0.2072002,1.990999,-0.2188056,0.06292746,-0.9737372,0.3635202,0.9313382,-0.0214981,0.9055259,-0.358677,-0.2266575,moving,-10.872503607435222,-3.1001319995353933,-17.06735688134201,-5.941296575680938,1.861329,-0.945564902,0.14839500000000028,-0.18835791979947308,-0.05311308157538787,0.980663112060512,-10.190830502490368,-3.2903244165063392,6.715637661798325,6.815308007271421,7.369821465121209
05/05/2023 11:40:27.982624,2430,True,True,True,True,Eyes,0.943619,0.01089198,-3.604163,0.9104951,-0.412214,-0.03283808,0.0,0.0,0.0,0.0,0.0,0.0,0.0,-3.270256,-0.4271355,-1.729556,1.037453,0.002707716,-3.5766,0.1362985,0.7689404,-0.1188595,0.6132094,20.48431,103.5635,3.907645,0.2369192,0.003919778,-0.9715213,0.2584782,-0.002175781,-0.07028405,2.906623,-0.9269759,-3.410512,-0.6153693,-0.2071998,1.991,-0.210794,0.06383925,-0.9754438,0.3553824,0.9345903,-0.01563279,0.9106423,-0.3499508,-0.2196933,moving,-10.752088076878959,-3.569126921068597,-17.175097189764095,-5.941282225324767,1.8691700000000002,-0.9296836159999999,0.1660879999999998,-0.1862105550396933,-0.061163929417974036,0.980604227682126,-10.060806233714125,-3.7474476195833795,6.760226568578872,6.847055341657185,7.444867096509035
05/05/2023 11:40:28.000287,2431,True,True,True,True,Eyes,0.9485055,0.01055416,-3.602964,0.9109052,-0.4116919,-0.02759826,0.0,0.0,0.0,0.0,0.0,0.0,0.0,-3.277584,-0.4205773,-1.714531,1.048542,0.001753442,-3.57206,0.1369855,0.7664412,-0.1184791,0.6162512,20.51481,103.1073,3.915637,0.238558,0.003820193,-0.9711205,0.2429695,-0.002045234,-0.066067,2.916818,-0.9292727,-3.386164,-0.6203308,-0.2071997,1.991001,-0.202939,0.06395692,-0.9771006,0.3560085,0.9343953,-0.01277955,0.9121808,-0.3504495,-0.2123945,moving,-10.635203092767416,-3.502142491555562,-17.30532621757071,-5.941276415697067,1.868276,-0.931026142,0.18589600000000006,-0.18422230973274883,-0.060040359623987,0.9810491647622108,-9.948669984780743,-3.6830479413808868,7.0132283487897995,7.1021065044065335,7.695452343407751
05/05/2023 11:40:28.012900,2432,True,True,True,True,Eyes,0.9536873,0.01027231,-3.601638,0.911456,-0.4107914,-0.02232621,0.0,0.0,0.0,0.0,0.0,0.0,0.0,-3.285881,-0.4229606,-1.695675,1.06032,0.005031236,-3.567479,0.1393344,0.7635055,-0.1195459,0.6191561,20.79879,102.6491,3.970469,0.2401633,0.003721499,-0.9707251,0.2283913,-0.00192252,-0.06210298,2.923018,-0.9355816,-3.362079,-0.6241524,-0.2071996,1.991001,-0.1944636,0.06473001,-0.9787719,0.3608002,0.9325895,-0.01000836,0.9121444,-0.3550873,-0.2047093,moving,-10.500802597912877,-3.1494238323825385,-17.405515962045744,-5.9412735687921625,1.862698,-0.940612836,0.20540000000000003,-0.18198316807674658,-0.05402273124109591,0.9818165536132129,-9.827160745556474,-3.340749510337103,7.349482556783909,7.447784341099405,8.012127880026235
05/05/2023 11:40:28.032873,2433,True,True,True,True,Eyes,0.9590537,0.009976417,-3.600179,0.9118034,-0.4102807,-0.01686552,0.0,0.0,0.0,0.0,0.0,0.0,0.0,-3.291656,-0.3950839,-1.689726,1.072508,0.006006703,-3.563139,0.136527,0.7619967,-0.1141185,0.6226543,20.11674,102.2078,4.027681,0.241747,0.003625096,-0.9703323,0.2146878,-0.001807169,-0.0583768,2.944965,-0.9143037,-3.341576,-0.6286033,-0.2071999,1.991001,-0.1873241,0.06595343,-0.9800816,0.350179,0.9366747,-0.003897665,0.9177606,-0.3439341,-0.1985572,moving,-10.469732436793509,-3.786232265185359,-17.522065534342094,-5.941282109506788,1.8724569999999998,-0.920310403,0.22156300000000018,-0.18133252524609034,-0.06493941468627855,0.9812754590414456,-9.779708918103356,-3.9605601280133618,7.292208919071015,7.3742553488666935,7.991704795660747
05/05/2023 11:40:28.042539,2434,True,True,True,True,Eyes,0.9646653,0.00985785,-3.59858,0.9117796,-0.4105239,-0.01132293,0.0,0.0,0.0,0.0,0.0,0.0,0.0,-3.29681,-0.3946814,-1.675861,1.082327,0.005402979,-3.558339,0.1387775,0.7595891,-0.1152061,0.6248943,20.39322,101.8494,4.089469,0.2433162,0.003530411,-0.9699404,0.2018066,-0.001698739,-0.05487419,2.949465,-0.9243991,-3.320283,-0.6327679,-0.2071999,1.991001,-0.1804962,0.06684441,-0.9813017,0.354811,0.9349366,-0.00157617,0.9173497,-0.3484612,-0.1924696,moving,-10.441539781239845,-3.514317823172207,-17.630982781535526,-5.941282109506788,1.867138,-0.929802079,0.23805600000000027,-0.1809025620157227,-0.060286614742572436,0.9816516221807934,-9.759555156910709,-3.6961786158876233,7.498588138137154,7.588033098349274,8.185344375575633
05/05/2023 11:40:28.062719,2435,True,True,True,True,Eyes,0.9705573,0.009896109,-3.596847,0.9118458,-0.4104949,-0.005586863,0.0,0.0,0.0,0.0,0.0,0.0,0.0,-3.304627,-0.421049,-1.650964,1.093826,0.009666856,-3.553445,0.1462758,0.755732,-0.1218738,0.6265935,21.56268,101.4773,4.215268,0.2448797,0.003442018,-0.969547,0.1896982,-0.001596815,-0.05158174,2.940629,-0.957818,-3.295254,-0.6374597,-0.2072,1.991001,-0.1719681,0.06835987,-0.9827278,0.3738213,0.9275003,-0.0008970286,0.911419,-0.3675188,-0.1850549,moving,-10.341921985234427,-2.322206310781604,-17.75353046190473,-5.941284956411605,1.846803,-0.9674848559999999,0.25819100000000006,-0.1793793725333998,-0.039861831336142,0.9829720820317753,-9.69457710229844,-2.5369334966411152,8.126948592012926,8.248010090604048,8.748504907351368
05/05/2023 11:40:28.082598,2436,True,True,True,True,Eyes,1.121978,0.01153856,-3.550813,0.9042851,-0.4038407,0.1384966,0.0,0.0,0.0,0.0,0.0,0.0,0.0,-3.309991,-0.4023296,-1.643847,1.106309,0.01346739,-3.54909,0.1431619,0.7542454,-0.1172325,0.6299802,20.92971,101.034,4.190421,0.2464464,0.003363487,-0.9691504,0.1783163,-0.001501006,-0.04848684,2.962204,-0.9345471,-3.274714,-0.641361,-0.2072,1.991001,-0.1652592,0.06825018,-0.9838858,0.3636667,0.9315224,0.003534235,0.916753,-0.3572224,-0.178763,moving,-18.277079590439655,-2.8270548725249167,-17.855303044803126,-5.941284956411605,1.8558949999999999,-0.9480144899999999,0.2743760000000002,-0.31326844931436687,-0.046838789809341565,0.9485089180937774,-17.41631169653377,-2.975521596661305,3.001984204699978,3.142662003753183,2.998077001995234
05/05/2023 11:40:28.092647,2437,True,True,True,True,Eyes,1.122392,0.01156883,-3.550642,0.903993,-0.404368,0.1388647,0.0,0.0,0.0,0.0,0.0,0.0,0.0,-3.315382,-0.3977523,-1.631313,1.116274,0.01418415,-3.544698,0.142621,0.7522156,-0.1163376,0.6326898,20.82358,100.6251,4.132266,0.2534805,0.003345807,-0.9673344,0.6218802,0.003516401,0.09252323,2.972848,-0.9302528,-3.252897,-0.645726,-0.2071997,1.991,-0.1587254,0.06735217,-0.9850227,0.3617747,0.9322496,0.005447737,0.918654,-0.3554916,-0.172338,moving,-17.93147208995523,-2.9622249475771274,-17.96904262355165,-5.941279378418493,1.856574,-0.9444369499999999,0.291801,-0.3075068520010217,-0.04917356474325356,0.9502745523699732,-17.075763690052618,-3.1093318300544497,2.8350819789500483,2.9792913330035873,2.969490557270436
05/05/2023 11:40:28.112853,2438,True,True,True,True,Eyes,1.123214,0.0116586,-3.550306,0.9036363,-0.4049754,0.1394141,0.0,0.0,0.0,0.0,0.0,0.0,0.0,-3.319604,-0.4156754,-1.616308,1.126652,0.01505841,-3.540542,0.146829,0.7495875,-0.1206718,0.6340333,21.5367,100.3352,4.136852,0.2592797,0.003327634,-0.9657964,0.5845674,0.003305417,0.08697183,2.970669,-0.9516847,-3.232949,-0.6500711,-0.2071999,1.991,-0.1528862,0.06710239,-0.985963,0.3731422,0.9277592,0.005280717,0.9150906,-0.367097,-0.1668804,moving,-17.637998754259446,-2.2729616518366784,-18.08211005767754,-5.941285072231013,1.844017,-0.96674311,0.3075929999999998,-0.30278544113198147,-0.03779855629486958,0.9523088649919177,-16.80825819933696,-2.440635650702491,3.5116501068703356,3.6951091413430954,3.725217433848086
05/05/2023 11:40:28.133162,2439,True,True,True,True,Eyes,1.12437,0.01175145,-3.549792,0.9030761,-0.4059466,0.1402172,0.0,0.0,0.0,0.0,0.0,0.0,0.0,-3.323353,-0.4148999,-1.606838,1.137241,0.01658904,-3.536263,0.1483281,0.7476141,-0.1209474,0.635959,21.6851,100.0311,4.193457,0.2640851,0.003311239,-0.9644935,0.5494933,0.003107092,0.08175352,2.97687,-0.9552944,-3.218571,-0.6501598,-0.2072,1.991,-0.1471102,0.06794922,-0.9867834,0.3756196,0.9267409,0.00781722,0.9150238,-0.3695052,-0.161856,moving,-17.397070716254802,-2.1557916608368446,-18.08441668004328,-5.941287919137228,1.839629,-0.97188344,0.3176920000000001,-0.29879928208968565,-0.03589829836058078,0.9536405238957253,-16.576555095697163,-2.3282287967413198,3.657324682327366,3.8473921551542563,3.915078898243951
05/05/2023 11:40:28.142794,2440,True,True,True,True,Eyes,1.125868,0.0118398,-3.549145,0.9023398,-0.4072364,0.1412141,0.0,0.0,0.0,0.0,0.0,0.0,0.0,-3.328065,-0.4125149,-1.595161,1.146368,0.01688091,-3.532178,0.1525162,0.7451939,-0.1223965,0.6375296,22.14089,99.76811,4.411404,0.2680922,0.003297033,-0.9633874,0.5165237,0.002920666,0.07684831,2.975786,-0.9711715,-3.205527,-0.6501597,-0.2072,1.991,-0.1405897,0.07124557,-0.9875012,0.3833711,0.9235159,0.01204898,0.9128314,-0.3768855,-0.1571502,static,-17.184052378801344,-1.7068250496190118,-18.084414079601256,-5.941287919137228,1.8294179999999998,-0.98805241,0.326651,-0.2953225037985786,-0.02845681571782617,0.9549737433967234,-16.381001888259718,-1.8928039742416196,4.118240432385159,4.329125429644625,4.392247186314596
05/05/2023 11:40:28.162822,2441,True,True,True,True,Eyes,1.127691,0.01192841,-3.548336,0.9014995,-0.408613,0.1425983,0.0,0.0,0.0,0.0,0.0,0.0,0.0,-3.336606,-0.3983451,-1.579439,1.156034,0.01688878,-3.528391,0.1579247,0.742027,-0.1228344,0.6398185,22.6052,99.41949,4.796015,0.2715364,0.003285495,-0.9624224,0.4855323,0.002745426,0.07223742,2.973585,-0.9892051,-3.190742,-0.6501601,-0.2071998,1.991001,-0.1313845,0.0771854,-0.9883223,0.3915522,0.919943,0.0197935,0.9107279,-0.3843791,-0.1510883,static,-16.91625682331694,-1.2034439788164601,-18.084415989642608,-5.941279262601942,1.817551,-1.0060938799999999,0.33764899999999987,-0.29091494389260686,-0.020094136228460985,0.9565379911646652,-16.13351745702029,-1.4047979917987055,4.646952951398955,4.879721202502592,4.93818462645297
05/05/2023 11:40:28.182583,2442,True,True,True,True,Eyes,1.129823,0.01205444,-3.547423,0.9005416,-0.4101546,0.1442151,0.0,0.0,0.0,0.0,0.0,0.0,0.0,-3.346753,-0.3728979,-1.563374,1.165506,0.01710479,-3.524945,0.1617616,0.7388855,-0.121009,0.6428362,22.75529,98.99866,5.193168,0.2746842,0.00327748,-0.9615287,0.4564003,0.002580701,0.06790317,2.975966,-0.9975624,-3.175079,-0.6501603,-0.2072,1.991,-0.12119,0.08346874,-0.9891138,0.3946245,0.91838,0.02914886,0.9108154,-0.386796,-0.1442373,static,-16.622126081040104,-1.0224268432919688,-18.084429682252264,-5.941287919137228,1.8104600000000002,-1.01466719,0.349866,-0.28601660115726024,-0.017098337979831263,0.9580720823615028,-15.8516722367605,-1.2306216826726,4.892763648404478,5.131620222267391,5.213020449007152
05/05/2023 11:40:28.193029,2443,True,True,True,True,Eyes,1.132288,0.01222784,-3.546416,0.8996598,-0.4113754,0.1462279,0.0,0.0,0.0,0.0,0.0,0.0,0.0,-3.357659,-0.3563645,-1.543301,1.175025,0.01814537,-3.521595,0.165565,0.7354381,-0.120458,0.6459171,23.02055,98.53295,5.48129,0.2775743,0.003273646,-0.9606983,0.4290163,0.002425859,0.06382897,2.976497,-1.007443,-3.157468,-0.6501599,-0.2071999,1.991,-0.1107586,0.08791386,-0.9899513,0.3991373,0.9161562,0.03670379,0.9101769,-0.3910612,-0.1365619,static,-16.29547349963773,-0.7419598492656267,-18.084419280485232,-5.941285072231013,1.8014720000000002,-1.0255883700000001,0.36412699999999987,-0.28056921736502627,-0.01242915741493869,0.9597533560830831,-15.5408046070863,-0.95989789418564,5.2505383112789765,5.498482498014898,5.593227496206926
05/05/2023 11:40:28.212872,2444,True,True,True,True,Eyes,1.135054,0.01240003,-3.545334,0.8988855,-0.4122704,0.148452,0.0,0.0,0.0,0.0,0.0,0.0,0.0,-3.367635,-0.3360832,-1.527345,1.185422,0.01944968,-3.518678,0.1655701,0.7327461,-0.1175819,0.6494954,22.79216,98.02226,5.596293,0.2802416,0.003274852,-0.9599236,0.4032753,0.002280307,0.05999923,2.987053,-1.000405,-3.139544,-0.65016,-0.2072,1.991,-0.1014848,0.08990389,-0.9907665,0.3953796,0.917522,0.04275867,0.9128942,-0.3873895,-0.1286607,static,-15.98624554693236,-0.9845640701813474,-18.084421880927106,-5.941287919137228,1.801631,-1.01985468,0.3791340000000001,-0.27536901243437345,-0.016518718912199443,0.9611966812504231,-15.232824375107946,-1.1979986106139722,5.14837432890235,5.382513840515752,5.534473940632938
05/05/2023 11:40:28.232835,2445,True,True,True,True,Eyes,1.138078,0.01253506,-3.544183,0.8981544,-0.4129541,0.1509561,0.0,0.0,0.0,0.0,0.0,0.0,0.0,-3.376398,-0.3126795,-1.514174,1.195342,0.01953712,-3.515868,0.1636188,0.7305474,-0.1135212,0.6531786,22.30952,97.51159,5.630179,0.2827165,0.003280565,-0.9591976,0.3790788,0.002143488,0.05639928,3.001818,-0.9860426,-3.121946,-0.6501603,-0.2072,1.991,-0.09317324,0.09076346,-0.9915044,0.3873619,0.9206837,0.04787948,0.9172075,-0.3796099,-0.1209413,static,-15.719239049934487,-1.491848431959573,-18.084429682252264,-5.941287919137228,1.8064760000000002,-1.00557972,0.3939220000000003,-0.2708386142416871,-0.02506167336996616,0.9622985589913973,-14.958868432168348,-1.6933489467785037,4.82961038486825,5.039011656789406,5.273909237075494
05/05/2023 11:40:28.243181,2446,True,True,True,True,Eyes,1.141352,0.01265293,-3.542973,0.897385,-0.4136388,0.153633,0.0,0.0,0.0,0.0,0.0,0.0,0.0,-3.38444,-0.3017756,-1.499976,1.204506,0.01878485,-3.513438,0.1635548,0.7281736,-0.1122199,0.6560639,22.21208,97.0716,5.637577,0.2850257,0.003289337,-0.958514,0.3563341,0.002014879,0.05301533,3.009564,-0.98391,-3.105898,-0.6501595,-0.2072001,1.991,-0.08566009,0.09094562,-0.9921649,0.3854394,0.9213131,0.05117359,0.9187485,-0.3780359,-0.1139737,static,-15.486887691779756,-1.6257367109859198,-18.08440887871697,-5.941290766043414,1.805058,-1.00269485,0.40754,-0.26691801546054006,-0.027341342221316234,0.9633313125854384,-14.728759206415857,-1.8251609603785035,4.8361564778912385,5.036975592427553,5.310641138346446
05/05/2023 11:40:28.262560,2447,True,True,True,True,Eyes,1.144874,0.01279238,-3.541707,0.8965472,-0.4143122,0.1566794,0.0,0.0,0.0,0.0,0.0,0.0,0.0,-3.392454,-0.2969893,-1.484125,1.213748,0.01849744,-3.510847,0.1641057,0.7256215,-0.1120362,0.6587797,22.26003,96.63384,5.614455,0.2871923,0.003300401,-0.9578669,0.3349541,0.001893986,0.0498344,3.014913,-0.9854203,-3.089333,-0.65016,-0.2072,1.991,-0.07815737,0.09054285,-0.992821,0.3857715,0.9210345,0.05362721,0.919278,-0.3788107,-0.1069144,static,-15.262260885993925,-1.6233765597203345,-18.084421880927106,-5.941287919137228,1.801165,-1.0039177400000001,0.42151400000000017,-0.2631393187850698,-0.02733108224072181,0.9643705854773468,-14.509852356268938,-1.8243541717911231,4.960375321841127,5.158386490861623,5.45221888469751
05/05/2023 11:40:28.282599,2448,True,True,True,True,Eyes,1.148626,0.01292144,-3.540407,0.8956832,-0.4149547,0.1598878,0.0,0.0,0.0,0.0,0.0,0.0,0.0,-3.400893,-0.2984883,-1.46687,1.223196,0.01920103,-3.508604,0.1648041,0.7229754,-0.1127152,0.6613936,22.39449,96.19085,5.536303,0.289237,0.003314108,-0.9572514,0.3148568,0.001780347,0.04684434,3.019065,-0.9880074,-3.072592,-0.6501597,-0.2071999,1.991001,-0.07079636,0.08920042,-0.9934946,0.3873968,0.9202698,0.05502015,0.9191909,-0.3809813,-0.09970774,static,-15.032153566280845,-1.5478674146181073,-18.08440558787918,-5.941282109506788,1.795869,-1.00720843,0.43601199999999984,-0.2592727796914483,-0.02608839343482426,0.9654516703813971,-14.287574599237816,-1.7524109078133454,5.151540990951169,5.34961074141053,5.653544684592491
05/05/2023 11:40:28.293021,2449,True,True,True,True,Eyes,1.152573,0.01301059,-3.539091,0.894742,-0.4156113,0.1634132,0.0,0.0,0.0,0.0,0.0,0.0,0.0,-3.408983,-0.3000443,-1.450427,1.232457,0.01908967,-3.50651,0.1645605,0.7205188,-0.1130947,0.6640649,22.42857,95.74037,5.396506,0.2911783,0.003329913,-0.9566627,0.2959654,0.001673526,0.04403368,3.024892,-0.9877378,-3.055739,-0.6501597,-0.2072001,1.991,-0.06387541,0.08693344,-0.9941643,0.3873424,0.9202588,0.05558399,0.9197205,-0.3815314,-0.09245499,static,-14.823014058946868,-1.5894658351796527,-18.084414079601256,-5.941290766043414,1.792435,-1.00682747,0.45077100000000003,-0.25574206859791637,-0.026815431343617135,0.9663730129598221,-14.082580235264757,-1.7942724141641144,5.244834989000474,5.438300315687966,5.7630231067123745
05/05/2023 11:40:28.312977,2450,True,True,True,True,Eyes,1.15672,0.01312536,-3.537754,0.8936256,-0.4165669,0.1670487,0.0,0.0,0.0,0.0,0.0,0.0,0.0,-3.416617,-0.3087142,-1.433897,1.241127,0.01826255,-3.50484,0.1657042,0.7179814,-0.115217,0.6661605,22.71941,95.34411,5.252327,0.2930314,0.003346533,-0.9560965,0.2782075,0.001573115,0.04139166,3.025962,-0.995918,-3.040595,-0.6501595,-0.2072001,1.991,-0.05754451,0.08443905,-0.9947656,0.3914512,0.9185342,0.05532386,0.9183978,-0.3862186,-0.08591036,static,-14.64577499946777,-1.3964286117610083,-18.08440887871697,-5.941290766043414,1.7848349999999997,-1.01418055,0.464245,-0.25277210667047123,-0.023578473035236774,0.9672384819791646,-13.915007221107505,-1.607625587445366,5.500278883400753,5.699120542412567,6.013698035541011
05/05/2023 11:40:28.332841,2451,True,True,True,True,Eyes,1.161085,0.01326926,-3.536412,0.8924664,-0.4174914,0.1708935,0.0,0.0,0.0,0.0,0.0,0.0,0.0,-3.423915,-0.3301056,-1.414973,1.250065,0.01906661,-3.50304,0.1683693,0.7151717,-0.1196532,0.6677308,23.32811,94.97535,5.062807,0.2948101,0.003364567,-0.9555496,0.261515,0.001478728,0.03890816,3.02194,-1.011566,-3.025573,-0.6501598,-0.2071999,1.991,-0.05157491,0.08103367,-0.9953762,0.4006182,0.9146698,0.05370556,0.9147924,-0.3959959,-0.07963754,static,-14.4770174674024,-0.8965627498377361,-18.08441668004328,-5.941285072231013,1.7718749999999999,-1.03063261,0.47746699999999986,-0.24996293794393987,-0.015150614549660005,0.9681368297293373,-13.763972184255012,-1.1223830821893237,5.985623479003566,6.2018184744004765,6.472098348357733
05/05/2023 11:40:28.342654,2452,True,True,True,True,Eyes,1.165643,0.01341169,-3.535047,0.8912896,-0.4183627,0.1748583,0.0,0.0,0.0,0.0,0.0,0.0,0.0,-3.430438,-0.3417856,-1.400801,1.259711,0.01991018,-3.501384,0.168024,0.713045,-0.1212206,0.6698061,23.45062,94.5847,4.828983,0.2965273,0.003384654,-0.955018,0.2458241,0.001390004,0.03657367,3.027195,-1.012048,-3.010684,-0.6501601,-0.2072,1.991,-0.04625533,0.07722877,-0.9959399,0.4020059,0.914147,0.05221555,0.914468,-0.3979585,-0.07333062,static,-14.342208545809052,-0.8877594218680913,-18.084424481368902,-5.941287919137228,1.7674839999999998,-1.0319581800000002,0.4906999999999999,-0.24768487910629555,-0.01501093050993682,0.9687243145114434,-13.632795172869358,-1.11471156132059,6.073835190411642,6.288269267538512,6.566037072551955
05/05/2023 11:40:28.362721,2453,True,True,True,True,Eyes,1.170396,0.01355042,-3.533673,0.8900359,-0.4192578,0.17905,0.0,0.0,0.0,0.0,0.0,0.0,0.0,-3.437536,-0.3502243,-1.384869,1.268887,0.02003207,-3.499528,0.1672846,0.7107769,-0.1223231,0.6721973,23.50226,94.15071,4.58794,0.2981938,0.003406541,-0.9544989,0.2310747,0.001306604,0.03437925,3.03281,-1.011044,-2.994374,-0.6501597,-0.2072001,1.991,-0.04033344,0.07335357,-0.9964901,0.4022545,0.9141059,0.05100768,0.9146391,-0.3987853,-0.06637581,static,-14.188068905972294,-0.9510553761815318,-18.084414079601256,-5.941290766043414,1.763923,-1.0310760700000001,0.5051540000000001,-0.2450737572672244,-0.01609211060199331,0.969370830036137,-13.480830902538024,-1.1773196974755524,6.121600299014081,6.3311890635402515,6.6248319533623805
05/05/2023 11:40:28.382716,2454,True,True,True,True,Eyes,1.175345,0.01368906,-3.532287,0.888791,-0.4200239,0.1833862,0.0,0.0,0.0,0.0,0.0,0.0,0.0,-3.446,-0.3617386,-1.36553,1.278303,0.02010071,-3.497996,0.1676174,0.7080386,-0.124444,0.6746107,23.72675,93.68436,4.35119,0.2998198,0.00342995,-0.9539894,0.2172102,0.001228208,0.03231649,3.035129,-1.015326,-2.977248,-0.6501598,-0.2071998,1.991001,-0.03360999,0.06945673,-0.9970188,0.4052617,0.9128363,0.04993073,0.9135829,-0.4023753,-0.05882851,static,-13.999232720797233,-0.8304710169160622,-18.084408188320147,-5.941279262601942,1.756826,-1.0354267099999999,0.5207480000000002,-0.24188497986265706,-0.014063547447438193,0.9702030147101612,-13.299999951720535,-1.0612452724400998,6.331610383396068,6.54286019448848,6.834127151259121
05/05/2023 11:40:28.400774,2455,True,True,True,True,Eyes,1.180484,0.01380356,-3.530929,0.8875421,-0.420666,0.1879077,0.0,0.0,0.0,0.0,0.0,0.0,0.0,-3.454744,-0.3643039,-1.347491,1.287912,0.02023594,-3.496366,0.1662737,0.7055132,-0.1244941,0.6775732,23.64006,93.17837,4.125786,0.3014135,0.003454711,-0.953487,0.2041776,0.001154515,0.03037751,3.042684,-1.010306,-2.959265,-0.6501599,-0.2072001,1.991,-0.0264954,0.0659088,-0.9974739,0.4033243,0.9137086,0.04966069,0.9146735,-0.4009896,-0.05079166,static,-13.810359368540103,-1.0070320673295603,-18.084419280485232,-5.941290766043414,1.754772,-1.03054194,0.5371010000000003,-0.2386742903711816,-0.01706719519739111,0.9709497723938176,-13.111123740275918,-1.2342888984206677,6.326308219657047,6.527978020545851,6.847593381040515
05/05/2023 11:40:28.412503,2456,True,True,True,True,Eyes,1.185812,0.01388391,-3.529576,0.8862864,-0.4212243,0.1925267,0.0,0.0,0.0,0.0,0.0,0.0,0.0,-3.463584,-0.3632743,-1.331135,1.297593,0.01969689,-3.495163,0.1648062,0.703093,-0.1240155,0.6805287,23.49691,92.68758,3.93635,0.3029828,0.003480035,-0.9529894,0.1919269,0.001085244,0.02855485,3.051141,-1.004617,-2.942376,-0.65016,-0.2072,1.991,-0.01943915,0.06295603,-0.997827,0.4005404,0.9149181,0.04992191,0.9160729,-0.3986996,-0.04300167,static,-13.645067747190593,-1.2253215258318269,-18.084421880927106,-5.941287919137228,1.7535479999999999,-1.0243138900000002,0.5527869999999999,-0.2358556252530486,-0.02078097455636825,0.9715659005344524,-12.944110731163466,-1.4477772273157399,6.285717902431854,6.476743328827337,6.827476624192749
05/05/2023 11:40:28.432814,2457,True,True,True,True,Eyes,1.191328,0.01394258,-3.528257,0.8849827,-0.4217629,0.1972858,0.0,0.0,0.0,0.0,0.0,0.0,0.0,-3.47164,-0.3652741,-1.315967,1.307444,0.01896215,-3.493953,0.163941,0.7007259,-0.1242162,0.6831375,23.45768,92.23573,3.75275,0.304535,0.003504946,-0.9524944,0.1804113,0.00102013,0.02684156,3.058119,-1.002303,-2.926612,-0.6501597,-0.2072001,1.991,-0.01289302,0.06004182,-0.9981126,0.3994689,0.9153873,0.04990536,0.9166561,-0.3980715,-0.03578698,static,-13.515428951717018,-1.3382136696669666,-18.084414079601256,-5.941290766043414,1.750675,-1.0212651499999998,0.5673409999999999,-0.23364694002859704,-0.02270770461539938,0.9720563139878848,-12.814693570219399,-1.5584791987725763,6.300702655240668,6.4856721975453535,6.8541222254350584
05/05/2023 11:40:28.442638,2458,True,True,True,True,Eyes,1.197014,0.0139477,-3.526937,0.8836712,-0.4222271,0.2021128,0.0,0.0,0.0,0.0,0.0,0.0,0.0,-3.479043,-0.3686108,-1.30242,1.317421,0.01844433,-3.492846,0.1626839,0.6985722,-0.1243472,0.6856155,23.37879,91.80663,3.546756,0.3060759,0.003528894,-0.9520003,0.1695866,0.0009589217,0.02523107,3.066136,-0.9983445,-2.911592,-0.6501597,-0.2072001,1.991,-0.006930655,0.05678421,-0.9983625,0.3978015,0.9161435,0.04934627,0.9174453,-0.3968081,-0.0289383,static,-13.412283016539186,-1.4916199885824726,-18.084414079601256,-5.941290766043414,1.7487150000000002,-1.0167888299999999,0.5812539999999999,-0.23188207914267378,-0.0253212443134965,0.9724143322507013,-12.710010163165862,-1.7084251385380043,6.274153194640039,6.452005788762078,6.841152598613253
05/05/2023 11:40:28.462461,2459,True,True,True,True,Eyes,1.202859,0.01389065,-3.525656,0.8821995,-0.4229483,0.2069753,0.0,0.0,0.0,0.0,0.0,0.0,0.0,-3.486187,-0.3713346,-1.288905,1.327167,0.01717203,-3.491561,0.1618518,0.6963599,-0.1246879,0.6879971,23.35097,91.3872,3.362218,0.3076104,0.003550527,-0.9515055,0.1594114,0.0009013864,0.02371721,3.072906,-0.9968948,-2.89676,-0.6501598,-0.2071998,1.991001,-0.0009282104,0.05384451,-0.9985491,0.396984,0.9165139,0.04905195,0.9178252,-0.3963624,-0.02222618,static,-13.317844515460866,-1.605601740588173,-18.084408188320147,-5.941279262601942,1.7457390000000002,-1.01406683,0.5948009999999999,-0.23026717322976437,-0.027266417272178392,0.9727453770155596,-12.61487754729456,-1.8199538525950432,6.271074963783908,6.443464039033446,6.848436943440912
05/05/2023 11:40:28.482661,2460,True,True,True,True,Eyes,1.208873,0.01379345,-3.524381,0.8806556,-0.4237549,0.2118431,0.0,0.0,0.0,0.0,0.0,0.0,0.0,-3.492882,-0.377795,-1.276669,1.336803,0.01561512,-3.49078,0.1629697,0.6940919,-0.1264327,0.6897045,23.59778,91.04079,3.242322,0.3091424,0.003568395,-0.9510088,0.1498467,0.0008473033,0.02229417,3.075073,-1.004676,-2.884855,-0.65016,-0.2071998,1.991001,0.004502414,0.05182945,-0.998646,0.4006343,0.9149113,0.04928995,0.9162272,-0.4003136,-0.01664534,static,-13.274848939195278,-1.4386228877080476,-18.084413389201863,-5.941279262601942,1.7382700000000002,-1.02029112,0.605925,-0.22955395580328225,-0.024435633870958,0.9729891475629979,-12.577465265300866,-1.6577711811301115,6.410323060206248,6.5883096943859405,6.97674129686426
05/05/2023 11:40:28.502459,2461,True,True,True,True,Eyes,1.215048,0.0136518,-3.52315,0.8790039,-0.4247174,0.2167191,0.0,0.0,0.0,0.0,0.0,0.0,0.0,-3.49884,-0.3848909,-1.265807,1.346841,0.01458867,-3.489714,0.1640311,0.691952,-0.1281092,0.6912917,23.83334,90.71456,3.125999,0.3106765,0.003581796,-0.9505087,0.1408559,0.000796465,0.02095652,3.077953,-1.01161,-2.873361,-0.6501597,-0.2072001,1.991,0.00958085,0.04988166,-0.9987092,0.404125,0.9133637,0.04949583,0.9146535,-0.4040776,-0.0114076,static,-13.253429998704528,-1.293167690641992,-18.084414079601256,-5.941290766043414,1.731112,-1.0261986699999999,0.6163530000000002,-0.229203326957573,-0.021967320952720845,0.9731306007440728,-12.560506164330128,-1.516387603463604,6.520969198146075,6.703988015648355,7.077663926367499
05/05/2023 11:40:28.512605,2462,True,True,True,True,Eyes,1.221376,0.01346277,-3.521928,0.8772932,-0.4257308,0.2216077,0.0,0.0,0.0,0.0,0.0,0.0,0.0,-3.504848,-0.3903509,-1.255951,1.356877,0.01337077,-3.488905,0.1646026,0.6899444,-0.129331,0.692933,23.99015,90.39101,3.005206,0.3122154,0.003589972,-0.9500043,0.1324046,0.0007486771,0.01969913,3.082216,-1.016311,-2.862262,-0.6501598,-0.2072001,1.991,0.01450028,0.04789783,-0.9987469,0.4063687,0.9123589,0.0496547,0.9135941,-0.4065796,-0.006234691,static,-13.241183563709933,-1.230907883461839,-18.08441668004328,-5.941290766043414,1.7253389999999997,-1.02968177,0.6266430000000001,-0.22900053043482482,-0.020910893895843108,0.9732016939520891,-12.550246210684008,-1.45589100308792,6.570963976341868,6.756079774519061,7.1236124134774075
05/05/2023 11:40:28.532723,2463,True,True,True,True,Eyes,1.227852,0.0132153,-3.520752,0.8754606,-0.4269158,0.2265203,0.0,0.0,0.0,0.0,0.0,0.0,0.0,-3.511259,-0.3974962,-1.244285,1.367027,0.01226905,-3.488017,0.1653565,0.6877445,-0.1309089,0.6946422,24.1917,90.04211,2.863932,0.3137622,0.003592171,-0.9494946,0.1244603,0.0007037565,0.01851718,3.085531,-1.022024,-2.850285,-0.6501601,-0.2072001,1.991001,0.01974084,0.04557633,-0.9987659,0.4093158,0.9110401,0.04966348,0.9121794,-0.4097911,-0.0006703825,static,-13.206327049414659,-1.1387323482850875,-18.084415989642608,-5.941287803316391,1.718504,-1.03429305,0.6377320000000002,-0.2284155922046101,-0.019347941775674782,0.9733713490446245,-12.518751849173068,-1.3664368080571005,6.657490655809735,6.845457662379131,7.204573474768195
05/05/2023 11:40:28.542650,2464,True,True,True,True,Eyes,1.234479,0.012926,-3.519597,0.8735741,-0.4281359,0.2314473,0.0,0.0,0.0,0.0,0.0,0.0,0.0,-3.517929,-0.4016877,-1.233155,1.377026,0.01063484,-3.487339,0.1661806,0.6855522,-0.1321607,0.6963734,24.37164,89.69778,2.755161,0.3153189,0.003587415,-0.9489788,0.1169927,0.0006615311,0.01740615,3.088908,-1.027943,-2.838853,-0.6501595,-0.2072003,1.991,0.02510368,0.04378465,-0.9987255,0.4119173,0.9098351,0.05024145,0.9108754,-0.4126536,0.004804518,static,-13.17966998523599,-1.0630766338952622,-18.08440887871697,-5.941296459855699,1.711882,-1.03857784,0.6484860000000001,-0.22796818916208983,-0.01806459198834827,0.9735009424666019,-12.494805204323841,-1.2930017642751332,6.7273077837476825,6.91762186619206,7.269822062041931
05/05/2023 11:40:28.562755,2465,True,True,True,True,Eyes,1.403621,0.004405141,-3.491578,0.8158409,-0.4573961,0.3538255,0.0,0.0,0.0,0.0,0.0,0.0,0.0,-3.524635,-0.4059286,-1.221918,1.387104,0.009179588,-3.486656,0.1670186,0.6833442,-0.1333999,0.6981047,24.55138,89.35174,2.647066,0.3168881,0.003575276,-0.948456,0.1099731,0.0006218392,0.01636178,3.092268,-1.033677,-2.827425,-0.6501597,-0.2072002,1.991,0.03049045,0.04200807,-0.998652,0.4145166,0.9086185,0.05087672,0.9095309,-0.415509,0.0102911,static,-20.38354301346407,-3.633339444992215,-18.084414079601256,-5.941293612949571,1.705164,-1.042856588,0.6592310000000001,-0.34768745210094415,-0.05941754477138506,0.9357259437907901,-19.448000153751728,-3.746054882464872,3.2070284910131734,3.257705679756367,2.584267800642412
05/05/2023 11:40:28.582767,2466,True,True,True,True,Eyes,1.404027,0.004351343,-3.491562,0.8156866,-0.457489,0.3540611,0.0,0.0,0.0,0.0,0.0,0.0,0.0,-3.531983,-0.4058573,-1.210313,1.397189,0.007630117,-3.486014,0.1680833,0.6810138,-0.134152,0.6999797,24.71018,88.99481,2.594787,0.3238612,0.00327785,-0.9460987,0.6108015,-0.02497803,0.09943479,3.095557,-1.039438,-2.816003,-0.6501597,-0.2072001,1.991,0.03644715,0.04112668,-0.998489,0.4167413,0.9075025,0.05259108,0.9082942,-0.4180284,0.01593672,static,-20.069656292408652,-3.4552683934923993,-18.084414079601256,-5.941290766043414,1.6983679999999999,-1.047068117,0.6700110000000001,-0.34261178598375924,-0.05662159341717189,0.9377692873717339,-19.146817024786735,-3.5748760774888435,3.113723484065245,3.1814295340831587,2.5939580752482496
05/05/2023 11:40:28.592985,2467,True,True,True,True,Eyes,1.404823,0.004242719,-3.491565,0.8153318,-0.4576679,0.3546468,0.0,0.0,0.0,0.0,0.0,0.0,0.0,-3.541358,-0.4003591,-1.195297,1.407298,0.006301731,-3.485643,0.1695883,0.6782198,-0.1344108,0.702276,24.86715,88.57798,2.605822,0.3296499,0.003029772,-0.9440981,0.5741534,-0.02347935,0.0934687,3.097823,-1.045559,-2.803414,-0.6501594,-0.2072002,1.991,0.04390332,0.04124927,-0.9981838,0.4188232,0.9063471,0.0558754,0.9070058,-0.4205157,0.02251548,static,-19.728830458372297,-3.2582452457251616,-18.084406278274713,-5.941293612949571,1.690525,-1.0518607309999999,0.682229,-0.33708535376437654,-0.05351006274794876,0.939952307829576,-18.819883958629894,-3.3854358266590086,3.058875848764566,3.146884081906288,2.659574485146587
05/05/2023 11:40:28.612418,2468,True,True,True,True,Eyes,1.405994,0.004089284,-3.491566,0.8147957,-0.4579597,0.3555009,0.0,0.0,0.0,0.0,0.0,0.0,0.0,-3.552059,-0.3906125,-1.177739,1.41738,0.00485618,-3.485366,0.1712385,0.6750916,-0.1342368,0.704918,25.00279,88.11206,2.653143,0.3344795,0.002820626,-0.9423986,0.5397041,-0.02207059,0.08786058,3.09959,-1.051522,-2.789697,-0.6501602,-0.2072002,1.991,0.05246379,0.04195158,-0.9977413,0.4204552,0.9053158,0.06017403,0.9057953,-0.4226624,0.0298575,static,-19.36517839720251,-3.075302413968297,-18.08442708181062,-5.941293612949571,1.68221,-1.05637818,0.6956690000000001,-0.3311627065997706,-0.05062120311827932,0.9422148189323718,-18.47031994398417,-3.2098468725718385,3.030355646263793,3.139144705889834,2.758571115015278
05/05/2023 11:40:28.632789,2469,True,True,True,True,Eyes,1.40754,0.003906927,-3.491559,0.8141176,-0.4582466,0.3566826,0.0,0.0,0.0,0.0,0.0,0.0,0.0,-3.564139,-0.3810952,-1.156349,1.427498,0.00364472,-3.485355,0.1732342,0.6715339,-0.1343494,0.7078012,25.19314,87.5891,2.690764,0.3385339,0.002642011,-0.9409502,0.5073219,-0.02074635,0.08258894,3.0996,-1.058769,-2.774672,-0.6501601,-0.2072001,1.991001,0.06198485,0.0424799,-0.9971729,0.4228506,0.9038803,0.06479032,0.9040772,-0.4256711,0.03806427,static,-18.967638518283376,-2.838640134748758,-18.084415989642608,-5.941287803316391,1.6721020000000002,-1.0624137200000001,0.7106830000000004,-0.3246772800597731,-0.04684041366805474,0.9446642417517842,-18.089169355672784,-2.9822144673787037,3.0930552466588797,3.225911435604946,2.959077153767034
05/05/2023 11:40:28.643051,2470,True,True,True,True,Eyes,1.409458,0.003701672,-3.49156,0.8134118,-0.4583476,0.3581601,0.0,0.0,0.0,0.0,0.0,0.0,0.0,-3.576554,-0.3696694,-1.13461,1.437998,0.0027695,-3.485381,0.1737553,0.6680648,-0.1334848,0.7111122,25.18054,87.02316,2.679992,0.3420922,0.002481721,-0.9396628,0.4768826,-0.01950157,0.0776336,3.103281,-1.059162,-2.758158,-0.6501599,-0.2072001,1.991,0.07174259,0.04231437,-0.9965253,0.4220049,0.9039818,0.06876615,0.9037506,-0.4254721,0.0469971,static,-18.559987739001137,-2.8078760873810285,-18.084419280485232,-5.941290766043414,1.6652829999999998,-1.0619315,0.727223,-0.31795386125186365,-0.04644494144111426,0.9469678693422348,-17.692612847215308,-2.9549848494803683,3.025090808387882,3.169298488181903,3.011898953891241
05/05/2023 11:40:28.663071,2471,True,True,True,True,Eyes,1.411746,0.003483197,-3.491585,0.8127165,-0.4581633,0.3599697,0.0,0.0,0.0,0.0,0.0,0.0,0.0,-3.589101,-0.3554894,-1.113837,1.448785,0.001989469,-3.485637,0.1722981,0.6648746,-0.1312771,0.7148578,24.89161,86.4283,2.617411,0.3453346,0.002331965,-0.9384765,0.4482696,-0.01833148,0.07297559,3.112029,-1.050717,-2.740555,-0.6501597,-0.2072001,1.991,0.08141626,0.04142438,-0.9958191,0.4168022,0.9061593,0.0717717,0.9053439,-0.4209029,0.05651036,static,-18.160170221625858,-3.0516532177940854,-18.084414079601256,-5.941290766043414,1.6632440000000002,-1.0527064689999999,0.745082,-0.31127532499014204,-0.05059142800954837,0.9489721193067086,-17.296292578473427,-3.1948275285479664,2.750863781919223,2.8906304075939633,2.857305691635734
05/05/2023 11:40:28.682732,2472,True,True,True,True,Eyes,1.414405,0.003251878,-3.491633,0.8120907,-0.4576105,0.3620791,0.0,0.0,0.0,0.0,0.0,0.0,0.0,-3.601745,-0.3400986,-1.092722,1.459776,0.00137423,-3.485874,0.1699199,0.6617275,-0.1284469,0.7188501,24.47446,85.81071,2.532343,0.3483017,0.002191346,-0.9373797,0.4213735,-0.01723159,0.06859706,3.122858,-1.038016,-2.721972,-0.65016,-0.2072001,1.991,0.09123609,0.04021332,-0.9950172,0.4095494,0.9092572,0.07430021,0.9077145,-0.4142875,0.06648771,static,-17.762590852708136,-3.40623120208373,-18.084421880927106,-5.941290766043414,1.663082,-1.03939023,0.7639019999999999,-0.30458466284146263,-0.056591850332520593,0.9508025531261706,-16.89916765800264,-3.542462851515023,2.4268336988872545,2.5554064654273576,2.6756686895953528
05/05/2023 11:40:28.693239,2473,True,True,True,True,Eyes,1.417422,0.002996252,-3.491721,0.8115198,-0.4567618,0.3644234,0.0,0.0,0.0,0.0,0.0,0.0,0.0,-3.614695,-0.3205633,-1.073149,1.471261,0.0007727742,-3.48652,0.1661898,0.6587973,-0.1243279,0.7231251,23.83886,85.18771,2.453823,0.3510303,0.002058592,-0.9363616,0.396091,-0.01619769,0.06448124,3.13765,-1.018732,-2.703271,-0.6501597,-0.2072001,1.991,0.1010576,0.03916154,-0.9941096,0.39878,0.913847,0.07653829,0.9114615,-0.4041658,0.07673431,static,-17.38575328930949,-3.9588732229773216,-18.084414079601256,-5.941290766043414,1.666389,-1.0195047742,0.7832490000000001,-0.29815399519396824,-0.06590030096312567,0.9522402468293834,-16.51692377620174,-4.082673814987628,1.9965340017941593,2.10192916506416,2.43135411283577
05/05/2023 11:40:28.712641,2474,True,True,True,True,Eyes,1.420771,0.002693789,-3.491842,0.8110059,-0.4556043,0.3670071,0.0,0.0,0.0,0.0,0.0,0.0,0.0,-3.627419,-0.296712,-1.055488,1.482713,-0.0001655146,-3.48738,0.16279,0.6559603,-0.1197209,0.7272431,23.19366,84.60447,2.458887,0.3535518,0.001932298,-0.9354126,0.3723256,-0.01522583,0.06061236,3.152343,-1.000219,-2.686162,-0.6501599,-0.2072,1.991,0.110766,0.03943508,-0.9930638,0.3877,0.9183326,0.0797114,0.9151064,-0.3938401,0.08643104,static,-17.062605069365116,-4.481325956308299,-18.084419280485232,-5.941287919137228,1.6696300000000002,-1.0000534854,0.801218,-0.29259634528560463,-0.07471471494576648,0.953312723905325,-16.187830981971914,-4.593155038848654,1.702702423132324,1.7820194204761974,2.3269098471949463
05/05/2023 11:40:28.722812,2475,True,True,True,True,Eyes,1.424423,0.002342457,-3.491988,0.810401,-0.4544715,0.3697374,0.0,0.0,0.0,0.0,0.0,0.0,0.0,-3.639829,-0.2710099,-1.038676,1.493959,-0.001667604,-3.488371,0.1597044,0.6531568,-0.1150432,0.7311949,22.57128,84.04744,2.50669,0.3558949,0.001810568,-0.934524,0.349986,-0.01431228,0.05697562,3.16624,-0.9832816,-2.67006,-0.6501597,-0.2072001,1.991,0.1203026,0.040386,-0.9919155,0.376862,0.9225192,0.08326753,0.9184239,-0.3838325,0.09576151,static,-16.774543500913346,-4.975319383696371,-18.084414079601256,-5.941290766043414,1.6722810000000001,-0.981613996,0.818311,-0.28760909362361564,-0.08306222690673254,0.954139164796366,-15.893708390327365,-5.0757131307939485,1.5764063795644097,1.6275323789177458,2.3555076012743092
05/05/2023 11:40:28.742666,2476,True,True,True,True,Eyes,1.428379,0.001991111,-3.492168,0.8096939,-0.4533367,0.3726684,0.0,0.0,0.0,0.0,0.0,0.0,0.0,-3.652205,-0.251723,-1.019327,1.504811,-0.003216751,-3.489487,0.157589,0.6500976,-0.1118124,0.7348721,22.14756,83.48586,2.5099,0.3580841,0.001691658,-0.9336875,0.3289869,-0.01345355,0.05355708,3.176144,-0.9719096,-2.654021,-0.65016,-0.2072,1.991001,0.1297422,0.04056087,-0.9907179,0.369232,0.9253274,0.08623756,0.9202364,-0.3769934,0.1050776,static,-16.478488844649384,-5.286508908379302,-18.084413389201863,-5.941284956411605,1.671333,-0.9686928490000001,0.8354659999999998,-0.2825453205673985,-0.08838194975713579,0.9551737456637159,-15.596721141501563,-5.38045890973585,1.70057163521253,1.7342794803240014,2.550125207494355
05/05/2023 11:40:28.762385,2477,True,True,True,True,Eyes,1.432634,0.001833311,-3.492302,0.8087475,-0.4527936,0.3753736,0.0,0.0,0.0,0.0,0.0,0.0,0.0,-3.664152,-0.2439835,-0.9983971,1.516017,-0.003571354,-3.49056,0.1573603,0.6467925,-0.1109718,0.7379583,22.0739,82.94655,2.459881,0.3601416,0.001575292,-0.932896,0.3092477,-0.01264633,0.05034366,3.18083,-0.9694882,-2.639017,-0.6501595,-0.2072002,1.991,0.1386894,0.0397738,-0.9895369,0.3673441,0.925846,0.08869921,0.9196867,-0.3758021,0.1137944,static,-16.16421264294072,-5.305081205616616,-18.08440887871697,-5.941293612949571,1.6648129999999999,-0.965916846,0.8515429999999999,-0.27729061610541766,-0.08883321252130569,0.9566705164826561,-15.28985816543087,-5.400613569409678,1.9901965991618136,2.0228494286856065,2.8463746412955127
05/05/2023 11:40:28.782847,2478,True,True,True,True,Eyes,1.437219,0.001780544,-3.49247,0.8079034,-0.4517933,0.3783846,0.0,0.0,0.0,0.0,0.0,0.0,0.0,-3.67721,-0.2445978,-0.9705942,1.527701,0.001056209,-3.491401,0.1588203,0.6427767,-0.1115932,0.7410542,22.26234,82.34811,2.401519,0.3620877,0.001466366,-0.9321426,0.2906928,-0.01188755,0.04732304,3.180583,-0.9700291,-2.622671,-0.6501592,-0.2072003,1.990999,0.1487704,0.03877873,-0.9881111,0.3695652,0.9246461,0.09192987,0.917218,-0.3788479,0.1232286,static,-15.79432729839378,-5.0300026737947485,-18.08440956911448,-5.9412994225884646,1.652882,-0.971085309,0.8687300000000002,-0.27121401398314887,-0.08439115342296406,0.958812331489693,-14.936701183102814,-5.135419365703717,2.419628013660824,2.4647390472484667,3.2492323323290897
05/05/2023 11:40:28.792696,2479,True,True,True,True,Eyes,1.442024,0.001748122,-3.492674,0.8068196,-0.4512304,0.3813573,0.0,0.0,0.0,0.0,0.0,0.0,0.0,-3.689581,-0.2412109,-0.9477315,1.540119,0.003464416,-3.492478,0.1531225,0.6398842,-0.108387,0.745221,21.52643,81.70519,2.120275,0.3639409,0.001366908,-0.9314208,0.2732512,-0.0111743,0.04448366,3.196327,-0.942086,-2.60218,-0.6501601,-0.2072001,1.991,0.1576011,0.03441672,-0.986903,0.3575058,0.9296116,0.08950981,0.9205171,-0.3669304,0.1342036,static,-15.42568054391573,-5.766580952261976,-18.084424481368902,-5.941290766043414,1.6562080000000001,-0.945550416,0.890298,-0.26473674833673627,-0.09689108943286229,0.9594408277534445,-14.557484180139149,-5.854543094458213,2.6475452698680018,2.6644779683787108,3.528006951093504
05/05/2023 11:40:28.812751,2480,True,True,True,True,Eyes,1.447104,0.001848705,-3.492911,0.8053964,-0.4510573,0.3845567,0.0,0.0,0.0,0.0,0.0,0.0,0.0,-3.701117,-0.2538636,-0.9204829,1.550225,0.004001901,-3.493822,0.1525245,0.6363371,-0.1103367,0.7480891,21.63093,81.11201,1.789628,0.3657152,0.001276499,-0.9307256,0.2568562,-0.01050384,0.04181464,3.196567,-0.9413224,-2.585174,-0.6501595,-0.2072002,1.991,0.1658018,0.02903054,-0.9857317,0.3591973,0.9291242,0.08778101,0.9184155,-0.3686264,0.1436228,static,-15.05990947510479,-5.70563897777446,-18.08440887871697,-5.941293612949571,1.646342,-0.945324301,0.9086480000000003,-0.25862793512775606,-0.09603519005164386,0.9611913118492267,-14.202566199190937,-5.797673105470825,3.0133619204193822,3.0336660576816876,3.884498608412457
05/05/2023 11:40:28.832685,2481,True,True,True,True,Eyes,1.45246,0.0020776,-3.493113,0.8040088,-0.4508627,0.3876758,0.0,0.0,0.0,0.0,0.0,0.0,0.0,-3.714026,-0.2730449,-0.8863497,1.561927,0.007393677,-3.494924,0.1563166,0.6316153,-0.1150803,0.750589,22.33566,80.46296,1.530671,0.3674241,0.00119777,-0.9300525,0.2414448,-0.00987361,0.03930576,3.187193,-0.9568999,-2.568443,-0.6501595,-0.2072001,1.991,0.1756374,0.02470792,-0.9841447,0.3702198,0.9246433,0.08928604,0.9121889,-0.3800318,0.1532546,static,-14.61721123816316,-5.015315887689238,-18.08440887871697,-5.941290766043414,1.625266,-0.9642935770000001,0.9264810000000003,-0.251455028448635,-0.08461306947051378,0.9641632889594187,-13.789622013875004,-5.128935340379821,3.543172917426324,3.5887168952154678,4.370939893435297
05/05/2023 11:40:28.842444,2482,True,True,True,True,Eyes,1.458052,0.00245393,-3.493333,0.8024861,-0.450697,0.3910093,0.0,0.0,0.0,0.0,0.0,0.0,0.0,-3.724338,-0.278021,-0.8661911,1.574112,0.01072873,-3.495758,0.1506426,0.6291017,-0.1128096,0.7541963,21.66416,79.89397,1.19475,0.3690805,0.001132941,-0.9293965,0.2269581,-0.009281193,0.03694741,3.202251,-0.9294012,-2.549691,-0.6501598,-0.2072001,1.991,0.1830102,0.01937798,-0.9829201,0.3597002,0.9291616,0.08529086,0.9149444,-0.3691656,0.1630757,static,-14.321467399503703,-5.72994112232293,-18.08441668004328,-5.941290766043414,1.628139,-0.94012993,0.9460669999999998,-0.24620121946010615,-0.09676653064787688,0.9643760663099381,-13.482063859258842,-5.8262156511328005,3.7462237635040605,3.768879934385559,4.603791238648225
05/05/2023 11:40:28.864364,2483,True,True,True,True,Eyes,1.46392,0.002981334,-3.493524,0.8008233,-0.4507547,0.3943377,0.0,0.0,0.0,0.0,0.0,0.0,0.0,-3.734869,-0.2933828,-0.8389244,1.585382,0.01467432,-3.496493,0.1503884,0.6255187,-0.1147745,0.7569258,21.79291,79.31118,0.8879832,0.370695,0.001084494,-0.9287538,0.2133406,-0.008724322,0.03473057,3.202778,-0.926215,-2.532917,-0.65016,-0.2072001,1.991001,0.1911063,0.01439002,-0.9814639,0.3618931,0.9284202,0.08407856,0.9124209,-0.371253,0.1722193,static,-13.97961515900915,-5.647610575312985,-18.084413389201863,-5.941287803316391,1.6173959999999998,-0.94088932,0.9635760000000002,-0.24047200742221547,-0.09552212865409127,0.9659444681864435,-13.151038896262694,-5.748376301367669,4.088905770035404,4.115290369444299,4.937144795847789
05/05/2023 11:40:28.882777,2484,True,True,True,True,Eyes,1.470014,0.003575821,-3.493716,0.7992801,-0.450386,0.3978741,0.0,0.0,0.0,0.0,0.0,0.0,0.0,-3.744107,-0.3058708,-0.8177178,1.597991,0.01886815,-3.49666,0.1474352,0.6226478,-0.1147592,0.7598703,21.52902,78.77098,0.5664276,0.3722779,0.001054771,-0.9281205,0.2005402,-0.008200862,0.03264673,3.211535,-0.9104877,-2.515591,-0.6501601,-0.2072002,1.991,0.1982801,0.009196098,-0.9801022,0.3580047,0.9301863,0.08115409,0.9124241,-0.3669725,0.1811453,static,-13.698753501870483,-5.9361151737598234,-18.084424481368902,-5.941293612949571,1.613544,-0.92935585,0.9810689999999997,-0.2356178350454216,-0.10050781278169958,0.9666345959467658,-12.869473502783256,-6.0309492526817,4.365519174790173,4.385674036752739,5.215721603267104
05/05/2023 11:40:28.893406,2485,True,True,True,True,Eyes,1.476288,0.00416289,-3.49389,0.7974409,-0.4505523,0.4013611,0.0,0.0,0.0,0.0,0.0,0.0,0.0,-3.753293,-0.3045582,-0.7996707,1.609466,0.02100881,-3.496943,0.1423906,0.6201698,-0.1119741,0.7632669,20.87008,78.25327,0.3483194,0.3738374,0.001043648,-0.9274935,0.1885078,-0.007708811,0.03068793,3.225125,-0.8855805,-2.498213,-0.6501597,-0.2072002,1.991,0.2057026,0.005680401,-0.9785982,0.347545,0.9343734,0.07847816,0.9148219,-0.35625,0.1902288,static,-13.460107762666462,-6.630773531469631,-18.084414079601256,-5.941293612949571,1.6156589999999997,-0.90658931,0.9987300000000001,-0.2312948536274645,-0.11233954197176657,0.9663760213376231,-12.618113828621507,-6.708423463409927,4.667645213728911,4.67542420223935,5.519866541985286
05/05/2023 11:40:28.912973,2486,True,True,True,True,Eyes,1.48276,0.004745326,-3.494043,0.7954633,-0.4507735,0.4050201,0.0,0.0,0.0,0.0,0.0,0.0,0.0,-3.762738,-0.30996,-0.7750363,1.620147,0.02151571,-3.497086,0.1436964,0.6165458,-0.1136956,0.7656996,21.11578,77.71767,0.1890167,0.3753797,0.001049048,-0.9268703,0.1771973,-0.007246282,0.02884666,3.223096,-0.8910367,-2.483418,-0.6501598,-0.2072002,1.991,0.2138893,0.00307739,-0.9768532,0.3513043,0.9328493,0.07985947,0.9115025,-0.3602537,0.1984453,static,-13.19371738005302,-6.4087403119222115,-18.08441668004328,-5.941293612949571,1.602949,-0.91255241,1.013668,-0.22689142706349702,-0.1087094643896017,0.9678338824562641,-12.364415952326056,-6.494155191591509,4.900147819307736,4.912987488209759,5.746656788970785
05/05/2023 11:40:28.932805,2487,True,True,True,True,Eyes,1.489407,0.00530621,-3.494167,0.7933594,-0.4509587,0.4089218,0.0,0.0,0.0,0.0,0.0,0.0,0.0,-3.772625,-0.3094226,-0.7491305,1.631382,0.0220048,-3.496819,0.1445416,0.6126973,-0.1143675,0.7685245,21.2423,77.14175,0.08188038,0.3769111,0.001069177,-0.9262486,0.1665655,-0.006811505,0.02711586,3.222436,-0.8933479,-2.467061,-0.6501596,-0.2072001,1.991,0.2230441,0.001332002,-0.9748074,0.3529089,0.9320556,0.08202212,0.908684,-0.3623128,0.2074195,static,-12.917326188943234,-6.288465579581622,-18.08441147915915,-5.941290766043414,1.591054,-0.9153527,1.0297579999999997,-0.2222664411894698,-0.10679431404845305,0.9691194605399162,-12.098226378319346,-6.378962645321716,5.162212250650566,5.178735439035383,6.00216367116288
05/05/2023 11:40:28.942760,2488,True,True,True,True,Eyes,1.496239,0.005884319,-3.494256,0.7910854,-0.4512486,0.4129875,0.0,0.0,0.0,0.0,0.0,0.0,0.0,-3.78272,-0.3040744,-0.72137,1.642265,0.02211844,-3.496324,0.1451487,0.6086382,-0.11435,0.7716317,21.29674,76.53294,0.01315145,0.3784367,0.001101975,-0.9256263,0.1565715,-0.006402815,0.0254889,3.221657,-0.894199,-2.449613,-0.6501595,-0.2072001,1.991,0.2329673,0.0002138522,-0.9724846,0.3531582,0.9317119,0.08480711,0.9060936,-0.3631982,0.2169829,static,-12.630111952485423,-6.236333344431566,-18.08440887871697,-5.941290766043414,1.579392,-0.9163174399999999,1.0467110000000002,-0.2174235121012812,-0.10603105556937392,0.9703012500722438,-11.819649634158608,-6.330143448279704,5.443237059158238,5.4622710553908655,6.2768156577011105
05/05/2023 11:40:28.962948,2489,True,True,True,True,Eyes,1.503253,0.006475624,-3.494254,0.7887975,-0.4513465,0.417235,0.0,0.0,0.0,0.0,0.0,0.0,0.0,-3.793443,-0.2929601,-0.6915114,1.653515,0.02312554,-3.495651,0.1470679,0.6041536,-0.1140955,0.7748236,21.45472,75.8997,0.05512657,0.3799606,0.001146596,-0.9250017,0.1471772,-0.006018646,0.02395957,3.218653,-0.8985388,-2.432356,-0.6501595,-0.2072002,1.991,0.2439613,0.0008954557,-0.9697846,0.3545109,0.9307065,0.090041,0.9026654,-0.3657657,0.226739,static,-12.341027266414105,-6.04283702113969,-18.08440887871697,-5.941293612949571,1.5651380000000001,-0.92166434,1.063295,-0.21259619903615878,-0.10286549367257827,0.9717107340460818,-11.543059759496101,-6.14379162329315,5.719846143446434,5.744279189618618,6.54448269489077
05/05/2023 11:40:28.983504,2490,True,True,True,True,Eyes,1.510424,0.007028581,-3.494202,0.7864435,-0.4513407,0.4216613,0.0,0.0,0.0,0.0,0.0,0.0,0.0,-3.803836,-0.2705653,-0.6669384,1.666064,0.02425114,-3.494399,0.1457496,0.6002285,-0.110403,0.7786489,21.07008,75.28897,0.1863985,0.3814879,0.001202183,-0.9243727,0.1383466,-0.005657527,0.022522,3.22533,-0.886852,-2.413518,-0.6501595,-0.2072002,1.991,0.2550739,0.003035758,-0.9669168,0.3468964,0.9331365,0.09444144,0.9025521,-0.3595095,0.2369657,static,-12.105884213825627,-6.370887201638089,-18.08440887871697,-5.941293612949571,1.559266,-0.9111031399999999,1.0808810000000002,-0.20848030986148097,-0.10852571388659353,0.9719867220862105,-11.30499584618215,-6.464538622589361,5.9746460745864285,5.9939392572961925,6.799575457763222
05/05/2023 11:40:29.001253,2491,True,True,True,True,Eyes,1.51776,0.007547031,-3.494096,0.783778,-0.4516684,0.4262485,0.0,0.0,0.0,0.0,0.0,0.0,0.0,-3.814579,-0.2419014,-0.6371329,1.676968,0.02385011,-3.493233,0.1456686,0.5956931,-0.1068367,0.7826342,20.81148,74.62347,0.3873572,0.3830221,0.001266623,-0.9237381,0.1300458,-0.005318075,0.02117068,3.226937,-0.8813264,-2.394155,-0.6501601,-0.2072001,1.991,0.2674711,0.006319541,-0.9635452,0.3407757,0.9347332,0.1007268,0.9012942,-0.3552943,0.2478606,static,-11.842424696806978,-6.578816955313387,-18.084424481368902,-5.941290766043414,1.549969,-0.90517651,1.099078,-0.2039258421963524,-0.11216235100769639,0.9725399418511017,-11.042566140984066,-6.668598117310338,6.257308431348195,6.2744721652483415,7.079318107646695
05/05/2023 11:40:29.012618,2492,True,True,True,True,Eyes,1.525223,0.008033311,-3.493923,0.7808617,-0.4521917,0.4310194,0.0,0.0,0.0,0.0,0.0,0.0,0.0,-3.825567,-0.2173718,-0.599844,1.68743,0.02345319,-3.491999,0.1500912,0.5900393,-0.106391,0.7861344,21.1944,73.89388,0.6049653,0.3845659,0.00133808,-0.9230964,0.1222431,-0.004998991,0.01990044,3.216796,-0.8959345,-2.375986,-0.6501597,-0.2072003,1.990999,0.2810693,0.009844276,-0.9596369,0.3443946,0.9323071,0.110434,0.8957635,-0.3615334,0.2586527,static,-11.51956568494202,-6.153527576149412,-18.084422571331046,-5.9412994225884646,1.529366,-0.91938769,1.1160129999999997,-0.19859742744014963,-0.10505780982347104,0.9744341792350006,-10.739299986215906,-6.256939271699084,6.5418235101401585,6.568286437719759,7.351901407439786
05/05/2023 11:40:29.032615,2493,True,True,True,True,Eyes,1.532795,0.008475177,-3.493673,0.7776581,-0.4528847,0.4360542,0.0,0.0,0.0,0.0,0.0,0.0,0.0,-3.836352,-0.1892618,-0.5590453,1.697962,0.02318967,-3.490319,0.1536761,0.5840083,-0.1051046,0.7901083,21.44484,73.0962,0.8254023,0.3861219,0.001415008,-0.9224464,0.1149085,-0.004699051,0.01870641,3.207152,-0.9062838,-2.355354,-0.6501602,-0.2072001,1.991,0.2957746,0.01340819,-0.9551638,0.3455842,0.9306734,0.1200776,0.8905554,-0.3656054,0.2706359,static,-11.15952917627083,-5.871373513681421,-18.08442708181062,-5.941290766043414,1.5091899999999998,-0.92947347,1.1349649999999998,-0.1925638356477638,-0.10038102337698965,0.9761366485660442,-10.395934544024723,-5.984795376028442,6.891450448112647,6.925250856418649,7.688615620167221
05/05/2023 11:40:29.042812,2494,True,True,True,True,Eyes,1.540479,0.008926213,-3.493358,0.7741053,-0.4538432,0.4413472,0.0,0.0,0.0,0.0,0.0,0.0,0.0,-3.847502,-0.1626963,-0.5106291,1.708362,0.02268881,-3.488763,0.1573383,0.5771703,-0.1043601,0.7944987,21.74505,72.18083,0.9743081,0.3876914,0.001495676,-0.9217877,0.108014,-0.004417108,0.01758402,3.194149,-0.9176282,-2.332059,-0.6501595,-0.2072002,1.991,0.311967,0.01579409,-0.9499617,0.3474498,0.9287073,0.1295431,0.8842824,-0.3704772,0.2842383,static,-10.706739751233446,-5.567873555017882,-18.08440887871697,-5.941293612949571,1.485787,-0.94031701,1.156704,-0.18493572020445548,-0.09535123052042477,0.9781139702779373,-9.962727143486811,-5.692497345814389,7.345062719106989,7.387113393896781,8.125491603030033
05/05/2023 11:40:29.062449,2495,True,True,True,True,Eyes,1.548269,0.009382315,-3.492961,0.7704079,-0.4547279,0.4468716,0.0,0.0,0.0,0.0,0.0,0.0,0.0,-3.857869,-0.1482466,-0.4567678,1.718781,0.02341054,-3.486978,0.161323,0.5698698,-0.1055404,0.798802,22.21102,71.19386,0.9441093,0.3892758,0.001579922,-0.9211196,0.1015331,-0.004152082,0.01652898,3.177212,-0.9309423,-2.307187,-0.6501595,-0.2072002,1.991,0.3282194,0.01525442,-0.9444784,0.352478,0.9256722,0.1374418,0.8763739,-0.3780189,0.2984467,static,-10.184572279276045,-5.126524215805175,-18.08440887871697,-5.941293612949571,1.458431,-0.95435284,1.1797910000000003,-0.17613439967506966,-0.0879584197516324,0.9804284838545226,-9.465604195524131,-5.266534116053826,7.88848208191875,7.941742092789807,8.645177531183373
05/05/2023 11:40:29.082828,2496,True,True,True,True,Eyes,1.556145,0.009820114,-3.492494,0.7664726,-0.455658,0.4526539,0.0,0.0,0.0,0.0,0.0,0.0,0.0,-3.866683,-0.1407604,-0.4046869,1.72922,0.02405377,-3.484831,0.1618101,0.5631796,-0.1058203,0.803398,22.28336,70.20977,0.7569679,0.3908763,0.001667513,-0.9204414,0.0,0.0,0.0,3.166553,-0.9305661,-2.279636,-0.6501596,-0.2072002,1.991,0.3432615,0.01222457,-0.9391605,0.3522879,0.9252391,0.1408041,0.8706692,-0.3791875,0.3132923,static,-9.685181717401857,-5.111722019957513,-18.08441147915915,-5.941293612949571,1.437333,-0.9546198699999999,1.2051949999999998,-0.16758417991666041,-0.08783802803114091,0.9819368799333441,-8.97918778629234,-5.255443496117792,8.384864527426,8.440097725659868,9.131017954198827
05/05/2023 11:40:29.093044,2497,True,True,True,True,Eyes,1.564112,0.010245,-3.491979,0.7624321,-0.4565768,0.4585139,0.0,0.0,0.0,0.0,0.0,0.0,0.0,-3.874291,-0.1404269,-0.3541957,1.739212,0.02407564,-3.482795,0.1626621,0.5567216,-0.1073945,0.8075077,22.47495,69.26175,0.4756635,0.3924934,0.00175761,-0.9197529,0.0,0.0,0.0,3.154178,-0.9334864,-2.253704,-0.6501601,-0.2072001,1.991,0.357055,0.007671271,-0.9340519,0.3545588,0.9240149,0.1431241,0.8641759,-0.3822795,0.3272042,static,-9.215043989244402,-4.993774715442202,-18.084424481368902,-5.941290766043414,1.414966,-0.95756204,1.229091,-0.15954801333133817,-0.0859324436669974,0.9834429950278263,-8.524067687447742,-5.143800320944047,8.86078225413812,8.919848484151823,9.593561019616192
05/05/2023 11:40:29.112653,2498,True,True,True,True,Eyes,1.572159,0.01065984,-3.491383,0.7581884,-0.4574808,0.4646091,0.0,0.0,0.0,0.0,0.0,0.0,0.0,-3.880741,-0.1418157,-0.3043278,1.74905,0.02423574,-3.48039,0.1643572,0.5502485,-0.1096666,0.811287,22.79092,68.33023,0.1822505,0.3941278,0.00184963,-0.9190536,0.0,0.0,0.0,3.139713,-0.9399454,-2.228938,-0.6501599,-0.2072001,1.991,0.3703997,0.00293252,-0.9288679,0.3588168,0.9219198,0.145994,0.8567699,-0.3873695,0.3404265,static,-8.776562554333035,-4.752018558568859,-18.084419280485232,-5.941290766043414,1.390663,-0.96418114,1.251452,-0.15206923718193394,-0.08187983401893957,0.9849723792827623,-8.103143791549524,-4.911483154886898,9.318621008887613,9.383526267776315,10.034259519367867
05/05/2023 11:40:29.132888,2499,True,True,True,True,Eyes,1.580276,0.01105906,-3.490711,0.7539444,-0.4582672,0.4707006,0.0,0.0,0.0,0.0,0.0,0.0,0.0,-3.886597,-0.1419116,-0.255285,1.759055,0.02442693,-3.477941,0.164525,0.5439756,-0.1108807,0.8153083,22.88669,67.39985,359.8875,0.3957795,0.001943085,-0.9183433,0.0,0.0,0.0,3.128514,-0.9396051,-2.203208,-0.6501597,-0.2072002,1.991,0.3835921,-0.001808677,-0.923501,0.3597991,0.921274,0.1476445,0.8505303,-0.38891,0.3540441,static,-8.345290877447358,-4.72023040528772,-18.084414079601256,-5.941293612949571,1.369459,-0.9640320299999999,1.274733,-0.14465641958573155,-0.0814248700966945,0.9861260317677114,-7.6835887877838935,-4.883413738862363,9.748746362794156,9.815371419556055,10.454485954790245
05/05/2023 11:40:29.142586,2500,True,True,True,True,Eyes,1.588468,0.01144257,-3.489968,0.7495422,-0.4590692,0.4769088,0.0,0.0,0.0,0.0,0.0,0.0,0.0,-3.891828,-0.1402826,-0.2099551,1.768923,0.02447803,-3.475687,0.165625,0.5379736,-0.1123023,0.8188657,23.08402,66.53504,359.6439,0.3974486,0.002037408,-0.9176219,0.0,0.0,0.0,3.11658,-0.9430432,-2.180525,-0.65016,-0.2072002,1.991,0.3959453,-0.005717223,-0.9182563,0.3621247,0.9199131,0.1504179,0.843856,-0.3920805,0.3663057,static,-7.9875594121295235,-4.5834372785194075,-18.084421880927106,-5.941293612949571,1.3476569999999999,-0.96752123,1.2951620000000004,-0.13852223988667,-0.0791403858718885,0.9871921960123813,-7.338552398338276,-4.752688458886064,10.117848758606456,10.187757630546837,10.81140569718389
05/05/2023 11:40:29.163021,2501,True,True,True,True,Eyes,1.596755,0.01179234,-3.489194,0.7453083,-0.4596266,0.4829688,0.0,0.0,0.0,0.0,0.0,0.0,0.0,-3.896446,-0.1325352,-0.171193,1.778961,0.02449729,-3.473307,0.1664782,0.5325773,-0.112513,0.8221844,23.1784,65.76875,359.5208,0.3991359,0.002132118,-0.9168891,0.0,0.0,0.0,3.108046,-0.9446219,-2.160271,-0.6501599,-0.2072002,1.991,0.4074043,-0.007687819,-0.9132156,0.3623379,0.9192517,0.1539078,0.8382916,-0.3935953,0.3772927,static,-7.717542501212554,-4.521667608429364,-18.084419280485232,-5.941293612949571,1.3290849999999998,-0.96911919,1.3130360000000003,-0.13387912733289242,-0.07812638421209907,0.9879132464970881,-7.076999692795541,-4.6943781462013705,10.392041774611119,10.463626147246138,11.077819467777518
05/05/2023 11:40:29.182745,2502,True,True,True,True,Eyes,1.60509,0.01209564,-3.488352,0.7409763,-0.4602219,0.4890296,0.0,0.0,0.0,0.0,0.0,0.0,0.0,-3.900611,-0.1175217,-0.1411438,1.789021,0.02401064,-3.470926,0.1665821,0.5280651,-0.1110535,0.8252664,23.09372,65.13438,359.5413,0.4008407,0.002226247,-0.9161448,0.0,0.0,0.0,3.104732,-0.9427333,-2.142757,-0.6501595,-0.2072002,1.991,0.4176285,-0.007365044,-0.9085881,0.3592299,0.919835,0.1576622,0.8345899,-0.3922363,0.3867951,static,-7.579814147523756,-4.631498432296465,-18.08440887871697,-5.941293612949571,1.3157109999999999,-0.96674394,1.328169,-0.13148390265685067,-0.08004587386648045,0.9880813051042587,-6.939779189788218,-4.802155147035892,10.515816698081103,10.585937553276722,11.202696432014765
05/05/2023 11:40:29.202530,2503,True,True,True,True,Eyes,1.613496,0.01234329,-3.487481,0.7365716,-0.4606968,0.4951979,0.0,0.0,0.0,0.0,0.0,0.0,0.0,-3.904222,-0.09877652,-0.1142268,1.798534,0.02320163,-3.468499,0.1680294,0.5237207,-0.1098039,0.8279045,23.15611,64.55951,359.6377,0.4025626,0.002318631,-0.9153892,0.0,0.0,0.0,3.099659,-0.9464587,-2.128143,-0.6501597,-0.2071999,1.991001,0.4273196,-0.005813448,-0.904082,0.3578153,0.9194185,0.1632114,0.8302808,-0.3932377,0.3949656,static,-7.508910142674521,-4.581396825455166,-18.08440558787918,-5.941282109506788,1.3011249999999999,-0.96966033,1.3403559999999999,-0.13026994168616118,-0.07919463621892167,0.9883107686899129,-6.872011023491279,-4.75387726887894,10.591464666685924,10.662569666704393,11.275092998421865
05/05/2023 11:40:29.213068,2504,True,True,True,True,Eyes,1.621936,0.0125268,-3.486539,0.7320369,-0.461314,0.5013096,0.0,0.0,0.0,0.0,0.0,0.0,0.0,-3.907409,-0.07913989,-0.08906436,1.808098,0.02209044,-3.465881,0.170181,0.5194384,-0.1088333,0.8302876,23.30732,64.01069,359.7549,0.4043019,0.002408023,-0.9146222,0.0,0.0,0.0,3.093728,-0.95341,-2.114852,-0.65016,-0.2071999,1.991001,0.4366779,-0.003928769,-0.8996094,0.3575231,0.9183875,0.169534,0.8255239,-0.3956628,0.4024441,static,-7.463295708143316,-4.451177248479762,-18.084413389201863,-5.941282109506788,1.28563,-0.97550044,1.351029,-0.12950583849252795,-0.07695599753325358,0.9885878599546829,-6.831055047541981,-4.6274781608579465,10.651827579303157,10.725136516229098,11.329790588589507
05/05/2023 11:40:29.232767,2505,True,True,True,True,Eyes,1.834861,0.01568258,-3.461533,0.6050748,-0.4666712,0.6450601,0.0,0.0,0.0,0.0,0.0,0.0,0.0,-3.91025,-0.05884463,-0.06477487,1.817333,0.02075125,-3.46332,0.1729201,0.5151843,-0.1081413,0.8324597,23.53589,63.47983,359.8828,0.4060574,0.002493019,-0.913844,0.0,0.0,0.0,3.08658,-0.9630455,-2.102851,-0.6501592,-0.2072001,1.991,0.4457811,-0.001875038,-0.8951399,0.358218,0.9168082,0.1764726,0.8203408,-0.3993234,0.4093675,static,-17.95528953602802,-5.865443499861597,-18.084401077389966,-5.941290766043414,1.269247,-0.98379675,1.3604690000000002,-0.3068131135898529,-0.09726382018535307,0.9467869442111786,-17.020730261506156,-5.933959820979846,0.14542729224362558,0.1497417707258504,1.063696078454018
05/05/2023 11:40:29.242966,2506,True,True,True,True,Eyes,1.835244,0.01563193,-3.461418,0.604859,-0.4667488,0.6452064,0.0,0.0,0.0,0.0,0.0,0.0,0.0,-3.913219,-0.04012793,-0.04255402,1.827553,0.01947766,-3.46069,0.1758792,0.5110384,-0.1077225,0.8344471,23.80496,62.9687,-0.0009667564,0.4138401,0.002667834,-0.9103454,0.6387756,0.00946736,0.0750196,3.080197,-0.9737011,-2.091676,-0.6501595,-0.2072002,1.991,0.4544711,-1.543161e-05,-0.8907614,0.3595395,0.9149247,0.1834231,0.8149768,-0.4036244,0.4158124,static,-17.522614003356583,-5.4871634447268045,-18.08440887871697,-5.941293612949571,1.252644,-0.9931787599999999,1.369014,-0.2998268413212372,-0.09122349469393234,0.9496221827772114,-16.609145829488245,-5.56876855017108,0.6968627525863381,0.7223902627190041,1.5215702372278965
05/05/2023 11:40:29.262864,2507,True,True,True,True,Eyes,1.835971,0.01551928,-3.461172,0.6045582,-0.4667419,0.6454933,0.0,0.0,0.0,0.0,0.0,0.0,0.0,-3.915455,-0.0264284,-0.02681363,1.837119,0.0182176,-3.45787,0.1773878,0.5078818,-0.1069944,0.8361471,23.91154,62.56629,0.07884713,0.420346,0.002816054,-0.9073593,0.600449,0.008899318,0.07051842,3.078283,-0.9790201,-2.081369,-0.6501595,-0.2071999,1.991001,0.4612167,0.001257989,-0.8872867,0.3591102,0.9141715,0.1879637,0.8113687,-0.4053257,0.4211794,static,-17.19627402428705,-5.298534439426294,-18.084400386997,-5.941282109506788,1.241164,-0.9972376999999999,1.3765010000000002,-0.29449245553481657,-0.08824997381212582,0.9515704674394712,-16.29610759978238,-5.387399605558144,1.0612334946055137,1.0963088084724626,1.872104943902518
05/05/2023 11:40:29.282492,2508,True,True,True,True,Eyes,1.837042,0.01534309,-3.460807,0.6040896,-0.4667982,0.645891,0.0,0.0,0.0,0.0,0.0,0.0,0.0,-3.917211,-0.01066059,-0.01496398,1.846247,0.01651574,-3.454849,0.1788372,0.5051344,-0.1058869,0.8376421,23.99001,62.22733,0.2058855,0.4258112,0.002940254,-0.9048071,0.5644221,0.008365359,0.06628732,3.077733,-0.9844146,-2.07235,-0.65016,-0.2072002,1.991,0.4672543,0.003282952,-0.8841169,0.3580643,0.9136105,0.1926289,0.8083709,-0.4065774,0.4257129,static,-16.9409191904283,-5.141217755326615,-18.084421880927106,-5.941293612949571,1.2314859999999999,-1.00093034,1.3824989999999997,-0.29031214891181123,-0.08575145253624196,0.9530821228071225,-16.051423065527505,-5.236026321965842,1.3528211720029344,1.3956073162351643,2.151856439251399
05/05/2023 11:40:29.292970,2509,True,True,True,True,Eyes,1.838462,0.01511218,-3.460363,0.6035005,-0.4668003,0.64644,0.0,0.0,0.0,0.0,0.0,0.0,0.0,-3.918846,0.006157875,-0.002963066,1.855547,0.01481348,-3.451684,0.1802142,0.5023345,-0.104584,0.8391931,24.05048,61.88264,0.3465418,0.4304289,0.003042435,-0.9026191,0.5305567,0.007863438,0.06231008,3.077431,-0.9894012,-2.063062,-0.6501599,-0.2072002,1.991,0.4734445,0.005523158,-0.8808063,0.356588,0.91317,0.1973966,0.8054162,-0.4075413,0.4303659,static,-16.693087267994716,-4.997178729109896,-18.084419280485232,-5.941293612949571,1.2218839999999997,-1.00421468,1.3886220000000002,-0.2862427568215191,-0.0834618977354831,0.9545151873982667,-15.813714131978934,-5.09752210260285,1.6318913142072429,1.6814153808231063,2.422406289854325
05/05/2023 11:40:29.312684,2510,True,True,True,True,Eyes,1.840191,0.01482962,-3.45979,0.6027932,-0.4667956,0.647103,0.0,0.0,0.0,0.0,0.0,0.0,0.0,-3.920156,0.02085823,0.01043105,1.864735,0.01327065,-3.448298,0.1809659,0.4994918,-0.1032367,0.8408934,24.04649,61.51641,0.4492156,0.4343576,0.003124396,-0.9007349,0.4987233,0.007391632,0.05857147,3.077545,-0.9918852,-2.052419,-0.6501597,-0.2072001,1.991,0.4797003,0.007159785,-0.8774032,0.3544041,0.9131871,0.2012142,0.802674,-0.4074778,0.4355187,static,-16.43426617405128,-4.928867775230601,-18.084414079601256,-5.941290766043414,1.2128100000000002,-1.00515585,1.3958789999999999,-0.28195226877760626,-0.08243304685728477,0.9558806294049406,-15.563251629573879,-5.032772979294775,1.8840019083146657,1.9359722163598658,2.6798628077322717
05/05/2023 11:40:29.332921,2511,True,True,True,True,Eyes,1.842247,0.014484,-3.459097,0.601956,-0.46655,0.6480587,0.0,0.0,0.0,0.0,0.0,0.0,0.0,-3.921228,0.02910155,0.02112758,1.873857,0.01174381,-3.444684,0.1812017,0.4970967,-0.1024324,0.8423589,24.02349,61.19297,0.4754874,0.4379118,0.003190621,-0.899012,0.4687999,0.006948133,0.05505718,3.079061,-0.9929885,-2.041931,-0.6501594,-0.2072002,1.991,0.4848049,0.00757986,-0.8745895,0.3527192,0.9133472,0.2034361,0.8003458,-0.4071112,0.4401217,static,-16.22622062872841,-4.895472517880209,-18.084406278274713,-5.941293612949571,1.2052039999999997,-1.00473231,1.4027530000000001,-0.2784903834939353,-0.0819621297788215,0.9569353806110474,-15.361345002556412,-5.00165956338925,2.079448943921224,2.1322747644409943,2.880620568282069
05/05/2023 11:40:29.342485,2512,True,True,True,True,Eyes,1.844579,0.01408645,-3.458271,0.6010736,-0.4663454,0.6490242,0.0,0.0,0.0,0.0,0.0,0.0,0.0,-3.922582,0.03353572,0.02616441,1.883639,0.009832378,-3.440969,0.1813278,0.49531,-0.1019784,0.8434387,24.01022,60.94864,0.4768188,0.4411536,0.003241328,-0.8974255,0.4406719,0.006531246,0.05175375,3.083051,-0.9945123,-2.032983,-0.65016,-0.2072001,1.991,0.4885368,0.007601878,-0.8725102,0.3516519,0.9134413,0.2048558,0.7985441,-0.4068995,0.4435765,static,-16.087436150652685,-4.873631012576932,-18.084421880927106,-5.941290766043414,1.1994120000000001,-1.004344678,1.4079859999999997,-0.27617863130873654,-0.08165402333162954,0.9576314014201657,-15.226643964461001,-4.981328464987759,2.2110742792866116,2.264475514571039,3.0147010198839657
05/05/2023 11:40:29.362883,2513,True,True,True,True,Eyes,1.847198,0.01366578,-3.457326,0.6001406,-0.4660314,0.6501124,0.0,0.0,0.0,0.0,0.0,0.0,0.0,-3.923389,0.03527635,0.02519703,1.892605,0.008193273,-3.436982,0.1818487,0.4942376,-0.101944,0.8439595,24.06137,60.81069,0.4818878,0.4441223,0.003276756,-0.8959599,0.4142316,0.006139371,0.04864853,3.087829,-0.9977497,-2.026577,-0.65016,-0.2072,1.991,0.4906732,0.007679613,-0.8713098,0.3518261,0.9130769,0.2061767,0.7971563,-0.4077149,0.4453205,static,-16.048382225659328,-4.794079432454134,-18.084421880927106,-5.941287919137228,1.195224,-1.005942973,1.410405,-0.27555539333842416,-0.08033929299192877,0.9579222105117636,-15.190717631117124,-4.904185014357362,2.2797548128196747,2.336994820221185,3.0739399344279947
05/05/2023 11:40:29.382868,2514,True,True,True,True,Eyes,1.85008,0.0132254,-3.456229,0.5992839,-0.4656225,0.6511947,0.0,0.0,0.0,0.0,0.0,0.0,0.0,-3.92403,0.03868258,0.01987576,1.901776,0.007150691,-3.432652,0.1823448,0.4936,-0.1014201,0.8442887,24.08084,60.74123,0.549457,0.4468529,0.003297847,-0.8946011,0.3893777,0.005771008,0.04572961,3.094842,-1.000079,-2.021339,-0.6501599,-0.2072001,1.991,0.4921459,0.008755073,-0.8704687,0.3512664,0.9129286,0.2077813,0.796495,-0.4080252,0.4462187,static,-16.07271343221719,-4.730475402161853,-18.084419280485232,-5.941290766043414,1.193066,-1.007229691,1.4113129999999998,-0.27598594266654597,-0.07926566366483681,0.9578876534478253,-15.216150486255867,-4.842137943259954,2.2874281423048166,2.3479851501590643,3.0716612449589595
05/05/2023 11:40:29.393230,2515,True,True,True,True,Eyes,1.853206,0.01275801,-3.454976,0.5983944,-0.4649758,0.6524735,0.0,0.0,0.0,0.0,0.0,0.0,0.0,-3.924306,0.04381055,0.0122335,1.910918,0.006202374,-3.427915,0.1812258,0.4933831,-0.09960017,0.8448729,23.86028,60.70694,0.6596303,0.4493766,0.003305541,-0.893336,0.366015,0.005424748,0.04298584,3.10627,-0.9954967,-2.014602,-0.65016,-0.2072001,1.991,0.4933058,0.01052856,-0.8697923,0.3471265,0.9144741,0.2079435,0.7975918,-0.4045076,0.4474606,static,-16.14998965864526,-4.884622985325975,-18.084421880927106,-5.941290766043414,1.195352,-1.001699074,1.413313,-0.27722038096356827,-0.08181220256288209,0.9573168987485146,-15.287326039374438,-4.991608660924727,2.1511363260474585,2.2042175077357036,2.9539196413602538
05/05/2023 11:40:29.412838,2516,True,True,True,True,Eyes,1.856578,0.01226587,-3.453565,0.5976131,-0.4642499,0.6537052,0.0,0.0,0.0,0.0,0.0,0.0,0.0,-3.924541,0.04887682,0.003240585,1.920006,0.005003273,-3.423151,0.1799024,0.4933362,-0.09767491,0.8454079,23.61287,60.69273,0.7725628,0.4517211,0.003300496,-0.8921528,0.3440541,0.005099263,0.04040669,3.118528,-0.9903684,-2.008054,-0.6501601,-0.2072,1.991001,0.4941581,0.01235443,-0.8692844,0.3426549,0.9161896,0.2078086,0.7989966,-0.4005548,0.4485091,static,-16.24118314273745,-5.060919566932143,-18.084415989642608,-5.941284956411605,1.1985219999999999,-0.9953716730000001,1.4150969999999998,-0.2786757404368857,-0.0847202777744894,0.9566410934485448,-15.371471411688734,-5.1625377137007415,1.998180845196975,2.042682194298323,2.8225016476663205
05/05/2023 11:40:29.432694,2517,True,True,True,True,Eyes,1.860208,0.01177701,-3.45198,0.5968208,-0.4632446,0.6551406,0.0,0.0,0.0,0.0,0.0,0.0,0.0,-3.924511,0.05029517,-0.009848356,1.929257,0.003885962,-3.417947,0.1787066,0.4937382,-0.09621743,0.8455939,23.40567,60.73869,0.8582869,0.4539111,0.003283361,-0.8910406,0.3234109,0.004793307,0.03798229,3.131867,-0.9860834,-2.002528,-0.6501598,-0.2072001,1.991,0.4939297,0.01374676,-0.8693933,0.3391902,0.9176123,0.2072139,0.8006145,-0.3972388,0.4485732,static,-16.392908579938815,-5.194741572026229,-18.08441668004328,-5.941290766043414,1.2026100000000002,-0.9899693620000001,1.415419,-0.28115533268207704,-0.08688894735549894,0.9557205774922104,-15.515769305293698,-5.291738257746929,1.810781809251151,1.8489281629654308,2.6495033113476514
05/05/2023 11:40:29.442671,2518,True,True,True,True,Eyes,1.86407,0.01127724,-3.450223,0.5962238,-0.461944,0.656601,0.0,0.0,0.0,0.0,0.0,0.0,0.0,-3.924593,0.04737735,-0.02505898,1.939195,0.003392935,-3.41245,0.1759004,0.4945755,-0.09428997,0.8459098,23.00795,60.81017,0.9007884,0.4559695,0.003255435,-0.8899891,0.3040062,0.004505709,0.03570335,3.149447,-0.9749089,-1.995433,-0.6501597,-0.2071999,1.991,0.4930089,0.01447046,-0.8699039,0.3335137,0.9203368,0.2043248,0.8035613,-0.3908588,0.4489083,static,-16.56682985749414,-5.5140453824484785,-18.084414079601256,-5.941285072231013,1.2102519999999999,-0.978301835,1.4170170000000002,-0.2839206925543515,-0.09213544867675756,0.9544108399740805,-15.676704790070268,-5.601262487037236,1.553737737459691,1.5765771860945887,2.4316001688879023
05/05/2023 11:40:29.462762,2519,True,True,True,True,Eyes,1.868133,0.01075989,-3.448292,0.5955148,-0.4603937,0.6583311,0.0,0.0,0.0,0.0,0.0,0.0,0.0,-3.924128,0.04168224,-0.03691983,1.948586,0.002570171,-3.406595,0.1715946,0.4952823,-0.09207888,0.8466242,22.44288,60.82896,0.8718187,0.4579158,0.00321753,-0.8889894,0.2857659,0.004235366,0.03356115,3.167708,-0.9581466,-1.985157,-0.65016,-0.2072001,1.991,0.492434,0.01406311,-0.8702362,0.3258879,0.9241536,0.1993422,0.8070353,-0.3817623,0.4505016,static,-16.712695861148212,-6.000720585307023,-18.084421880927106,-5.941290766043414,1.2191220000000003,-0.960716771,1.4214379999999998,-0.28612635886480975,-0.1001703150070104,0.9529415973710575,-15.805780262456047,-6.0738224927591435,1.3685474450093298,1.3730128101209222,2.2824925594653456
05/05/2023 11:40:29.482639,2520,True,True,True,True,Eyes,1.872384,0.01021354,-3.446183,0.5948736,-0.4585619,0.6601866,0.0,0.0,0.0,0.0,0.0,0.0,0.0,-3.923339,0.02368176,-0.04249012,1.957435,0.001559228,-3.4005,0.1664853,0.4955793,-0.09142782,0.8475405,21.88998,60.75175,0.6196967,0.4597676,0.003170194,-0.8880333,0.2686199,0.003981244,0.03154748,3.183122,-0.9395111,-1.971584,-0.6501597,-0.2072,1.991,0.4920842,0.01003575,-0.8704898,0.3199909,0.9278472,0.1915865,0.8096042,-0.3728254,0.4533677,static,-16.754164165157874,-6.510993511244956,-18.084414079601256,-5.941287919137228,1.225687,-0.941070328,1.428916,-0.28655970789227925,-0.10863838140730381,0.9518829753840662,-15.832450845407138,-6.570035019574372,1.4474993681382418,1.4471106718407687,2.3380892464724585
05/05/2023 11:40:29.492856,2521,True,True,True,True,Eyes,1.876815,0.009739274,-3.443884,0.5939006,-0.4569231,0.6621959,0.0,0.0,0.0,0.0,0.0,0.0,0.0,-3.922305,-0.009707212,-0.04036248,1.966203,0.0003156438,-3.394148,0.1613911,0.495196,-0.09327328,0.8485484,21.48597,60.55204,0.09523565,0.4615394,0.003113654,-0.887114,0.2525027,0.00374237,0.02965463,3.193586,-0.9227412,-1.954975,-0.6501596,-0.2072,1.991,0.4921622,0.001546666,-0.8705022,0.3181342,0.930506,0.1815192,0.8102884,-0.3662733,0.4574678,static,-16.665945760307242,-6.952310596067607,-18.08441147915915,-5.941287919137228,1.227383,-0.9230568438000001,1.439173,-0.2848541672672664,-0.11602845781560246,0.9515227545036354,-15.734558951640171,-7.000014609738918,1.7365041620880768,1.7418989203812982,2.5773453603426426
05/05/2023 11:40:29.512946,2522,True,True,True,True,Eyes,1.881478,0.009479634,-3.441412,0.5929967,-0.4552769,0.664137,0.0,0.0,0.0,0.0,0.0,0.0,0.0,-3.921063,-0.05050111,-0.03967822,1.975265,0.001611926,-3.387798,0.1590143,0.4947912,-0.09733092,0.8487774,21.48468,60.38783,359.5156,0.4632454,0.003050664,-0.8862246,0.2373526,0.003517827,0.02787535,3.199608,-0.9152779,-1.942109,-0.6501597,-0.2072001,1.991,0.4914168,-0.007866845,-0.8708891,0.3225822,0.9304823,0.1736184,0.8089811,-0.3662524,0.4597923,static,-16.58038788778039,-7.009480460002943,-18.084414079601256,-5.941290766043414,1.224343,-0.916889826,1.445689,-0.28339943206280005,-0.11703044260857487,0.9518344047484433,-15.649614604700405,-7.056207359861726,1.8392476455253572,1.8447558125574588,2.6779259687580774
05/05/2023 11:40:29.532957,2523,True,True,True,True,Eyes,1.886331,0.009237922,-3.438707,0.5921891,-0.4534282,0.6661193,0.0,0.0,0.0,0.0,0.0,0.0,0.0,-3.919823,-0.08273441,-0.05143642,1.985486,0.0065285,-3.381169,0.1575781,0.4955023,-0.09979859,0.8483437,21.48524,60.42305,359.1893,0.4648983,0.002987346,-0.8853588,0.2231114,0.003306758,0.02620283,3.211332,-0.9069209,-1.934574,-0.6501595,-0.2072,1.991,0.4890354,-0.01316644,-0.8721646,0.3254876,0.9304188,0.1684598,0.8092604,-0.3662615,0.4592932,static,-16.700256893486515,-7.006788776770635,-18.08440887871697,-5.941287919137228,1.225846,-0.9134494000000001,1.4465949999999999,-0.2853940920668683,-0.11691353862244704,0.9512525538712867,-15.76653773088912,-7.052793489145063,1.7396188089072748,1.7467595128794746,2.570597457808446
05/05/2023 11:40:29.542641,2524,True,True,True,True,Eyes,1.891284,0.009088003,-3.435856,0.5912769,-0.4519834,0.6679091,0.0,0.0,0.0,0.0,0.0,0.0,0.0,-3.918264,-0.09700924,-0.07989359,1.995684,0.006610148,-3.374284,0.1497468,0.4982405,-0.09638785,0.8485528,20.49862,60.68108,359.1216,0.4665098,0.002924197,-0.8845109,0.2097247,0.003108352,0.02463066,3.241636,-0.8753285,-1.925316,-0.6501597,-0.2072001,1.991,0.4849316,-0.01436054,-0.8744342,0.3128002,0.9365706,0.1580874,0.8166991,-0.3501847,0.4586647,static,-17.06286591178702,-7.976851853591964,-18.084414079601256,-5.941290766043414,1.2459520000000002,-0.881938648,1.4489679999999998,-0.29082291243920816,-0.13277480524500243,0.9475192963230397,-16.093869532257482,-7.994244963984093,2.225040012190945,2.2775139078184474,2.859525928157023
05/05/2023 11:40:29.562865,2525,True,True,True,True,Eyes,1.896423,0.009099174,-3.432816,0.5900403,-0.4511344,0.6695747,0.0,0.0,0.0,0.0,0.0,0.0,0.0,-3.916168,-0.104329,-0.09041572,2.003088,0.008727655,-3.367936,0.1539843,0.4981329,-0.09895079,0.847562,21.07586,60.72396,359.1204,0.4680878,0.002863541,-0.8836771,0.1971413,0.002921851,0.02315282,3.242297,-0.8912471,-1.924286,-0.6501597,-0.2072001,1.991,0.4841446,-0.01432453,-0.8748708,0.3211432,0.9329951,0.1624412,0.8139234,-0.3596039,0.4563048,static,-17.2113998443239,-7.3719259840969364,-18.084414079601256,-5.941290766043414,1.2392090000000002,-0.8999747549999999,1.4436499999999999,-0.2936640029315643,-0.12265234378607343,0.9480073508752623,-16.254967930247215,-7.404676623233718,1.6432018375330781,1.6759686697942646,2.342727338042336
05/05/2023 11:40:29.582762,2526,True,True,True,True,Eyes,1.901707,0.009201043,-3.429614,0.5889876,-0.4498474,0.6713651,0.0,0.0,0.0,0.0,0.0,0.0,0.0,-3.91415,-0.1154785,-0.09298003,2.012686,0.01265189,-3.360281,0.1547095,0.4973086,-0.09999569,0.8477913,21.20957,60.61082,359.0367,0.4696409,0.002809247,-0.8828528,0.1853128,0.00274654,0.02176365,3.247368,-0.8905997,-1.914798,-0.6501599,-0.2072001,1.991,0.48537,-0.01567415,-0.8741684,0.3234277,0.9321317,0.1628654,0.8122873,-0.3617802,0.4574982,static,-17.222251191147276,-7.180922839952296,-18.084419280485232,-5.941290766043414,1.2346819999999998,-0.90325159,1.445483,-0.2939581098105417,-0.11948006436300539,0.9483213156071923,-16.270694180854992,-7.21876161149516,1.4846839457927892,1.5099740040597711,2.218452275350525
05/05/2023 11:40:29.593283,2527,True,True,True,True,Eyes,1.907097,0.00935288,-3.426285,0.5875498,-0.4493271,0.6729714,0.0,0.0,0.0,0.0,0.0,0.0,0.0,-3.912524,-0.1184645,-0.09291065,2.02141,0.0148424,-3.353235,0.1487494,0.4967411,-0.09656449,0.8495865,20.40697,60.44907,359.0035,0.4711763,0.002762993,-0.8820345,0.174194,0.002581748,0.02045783,3.262918,-0.8629606,-1.897956,-0.65016,-0.2072001,1.991,0.4878472,-0.01629999,-0.8727769,0.3118596,0.9370979,0.1568158,0.8153213,-0.348686,0.4622439,static,-17.217341611130593,-7.954581920898704,-18.084421880927106,-5.941290766043414,1.241508,-0.877803,1.4552790000000002,-0.2933953755804799,-0.1322977904049339,0.9467927776099535,-16.245055615841363,-7.971552272277415,2.1341501504181606,2.1920696769238295,2.7395674915634096
05/05/2023 11:40:29.612683,2528,True,True,True,True,Eyes,1.912609,0.009530246,-3.422824,0.5860887,-0.4489422,0.6745005,0.0,0.0,0.0,0.0,0.0,0.0,0.0,-3.91155,-0.1107606,-0.09083652,2.029433,0.01626771,-3.346921,0.1522147,0.4950575,-0.09694265,0.8499123,20.77645,60.28181,359.1374,0.4726992,0.002725251,-0.8812194,0.1637424,0.002426843,0.01923036,3.261497,-0.8745379,-1.891516,-0.6501598,-0.2072001,1.991,0.4910404,-0.01407548,-0.8710231,0.3154956,0.9348656,0.1627539,0.8119988,-0.3547226,0.4634975,static,-17.200303362431455,-7.51406588148796,-18.08441668004328,-5.941290766043414,1.2320639999999998,-0.89080561,1.455405,-0.29339320571817334,-0.12501465632357694,0.9477825437575285,-16.240319739805393,-7.54305009091909,1.7659137084151106,1.8042388761303734,2.442606488941867
05/05/2023 11:40:29.632673,2529,True,True,True,True,Eyes,1.918188,0.009676795,-3.419247,0.5843441,-0.4491798,0.6758546,0.0,0.0,0.0,0.0,0.0,0.0,0.0,-3.91067,-0.09314865,-0.0945611,2.037882,0.01705323,-3.340314,0.1542063,0.4939218,-0.09501971,0.8504311,20.86384,60.19036,359.4308,0.4742147,0.002695821,-0.8804048,0.1539178,0.002281233,0.01807654,3.265915,-0.8796064,-1.885097,-0.6501598,-0.2072,1.991,0.4940251,-0.009283741,-0.8693981,0.3139471,0.9343833,0.1684191,0.8107875,-0.3561483,0.4645234,static,-17.27569977351524,-7.360814868756605,-18.08441668004328,-5.941287919137228,1.228033,-0.89665963,1.4552169999999998,-0.2947359880776734,-0.12242621412777235,0.9477037932287855,-16.317948199298286,-7.393439281206592,1.599084247977351,1.6337318615978502,2.286734455905503
05/05/2023 11:40:29.642449,2530,True,True,True,True,Eyes,1.92384,0.00981731,-3.415578,0.5823056,-0.4500197,0.6770543,0.0,0.0,0.0,0.0,0.0,0.0,0.0,-3.910141,-0.06267977,-0.09477413,2.0454,0.01653247,-3.334394,0.1584368,0.4920877,-0.09277825,0.850964,21.15905,60.05645,359.8788,0.4757259,0.002673096,-0.8795893,0.1446828,0.002144359,0.01699195,3.265205,-0.8940833,-1.880923,-0.6501602,-0.2071998,1.991,0.4984838,-0.001972307,-0.8668967,0.3138315,0.93258,0.178338,0.8080988,-0.3609581,0.465495,moving,-17.325250777713514,-6.9862562455908215,-18.08442708181062,-5.941282225324767,1.219805,-0.91061577,1.4534710000000002,-0.2957786921124046,-0.11618904939889563,0.9481640878139166,-16.376347022326982,-7.028671043939377,1.270890045214496,1.291634376955624,2.0248338036623417
05/05/2023 11:40:29.662595,2531,True,True,True,True,Eyes,1.929578,0.01001794,-3.411784,0.5803525,-0.4508812,0.6781572,0.0,0.0,0.0,0.0,0.0,0.0,0.0,-3.909688,-0.01952654,-0.08655691,2.052829,0.01659405,-3.328537,0.167345,0.4886537,-0.09140865,0.8513857,21.98011,59.80222,0.4880905,0.4772357,0.002656253,-0.878771,0.1360018,0.002015697,0.01597243,3.256141,-0.9240324,-1.88183,-0.6469017,-0.2051338,1.991265,0.505724,0.007899478,-0.8626591,0.3191956,0.9272802,0.1956159,0.801472,-0.3742846,0.4664264,moving,-17.251961691641245,-6.018987608815065,-17.997409889736602,-5.88168152212893,1.203312,-0.94062645,1.446707,-0.29508204947238975,-0.10018891471594406,0.9502046275033317,-16.330974450315665,-6.088019904599221,0.7576713206571246,0.7579881117040521,1.6791612792815667
05/05/2023 11:40:29.682690,2532,True,True,True,True,Eyes,1.935428,0.01026975,-3.407901,0.5783554,-0.4516609,0.6793434,0.0,0.0,0.0,0.0,0.0,0.0,0.0,-3.908931,0.02622533,-0.07420695,2.061031,0.01829228,-3.322311,0.1719441,0.4850547,-0.08718989,0.8529685,22.20425,59.47028,1.11797,0.4787466,0.002646247,-0.8779488,0.1278417,0.001894755,0.01501409,3.253989,-0.9340743,-1.875981,-0.6439022,-0.2032318,1.991509,0.5142397,0.01806413,-0.8574563,0.3155451,0.9256663,0.208742,0.7974892,-0.3779095,0.4703143,moving,-17.13060722849104,-5.6295041164297315,-17.917253192116135,-5.826814573984218,1.192958,-0.9523665800000001,1.4463300000000001,-0.29325268954817235,-0.09378260654485547,0.951424024924716,-16.223173660953307,-5.709863355659512,0.8002201584890314,0.8110137414051715,1.69811161157696
05/05/2023 11:40:29.699998,2533,True,True,True,True,Eyes,1.941363,0.01051262,-3.403943,0.5764887,-0.4520133,0.6806943,0.0,0.0,0.0,0.0,0.0,0.0,0.0,-3.908123,0.0682801,-0.05910325,2.069537,0.01972498,-3.316355,0.1723498,0.4816287,-0.08132059,0.8554042,21.9125,59.08429,1.661094,0.4802622,0.002643698,-0.8771207,0.1201712,0.00178107,0.01411324,3.25856,-0.9273513,-1.864704,-0.6406139,-0.2011468,1.991777,0.5228415,0.02689326,-0.8520057,0.3051412,0.927365,0.2165248,0.7959433,-0.3731901,0.4766586,moving,-16.9804148377891,-5.751342013923786,-17.829313747042242,-5.766670253646837,1.1890230000000002,-0.94707628,1.4516510000000002,-0.29069921126739984,-0.09588368602297655,0.9519980367522973,-16.073479349191615,-5.829405704698865,0.8450633779415099,0.8490372860270502,1.7569548000714692
05/05/2023 11:40:29.712979,2534,True,True,True,True,Eyes,1.947383,0.01074096,-3.399924,0.5745409,-0.4523734,0.6821004,0.0,0.0,0.0,0.0,0.0,0.0,0.0,-3.907067,0.101394,-0.04421401,2.077576,0.01973617,-3.310694,0.1728532,0.4783628,-0.07698844,0.8575335,21.7225,58.70325,2.056256,0.4817838,0.002647635,-0.8762858,0.1129609,0.001674206,0.01326645,3.261511,-0.9236478,-1.853819,-0.6374184,-0.1991206,1.992036,0.5304837,0.03333274,-0.8470396,0.2974134,0.9283891,0.222798,0.7938089,-0.3701116,0.4825816,moving,-16.823765871927186,-5.821593714490719,-17.743807495879874,-5.7082294831929365,1.183935,-0.9433839700000001,1.4568749999999997,-0.28806028955285046,-0.09713179688295316,0.952673384795412,-15.918881460484691,-5.8987983128981565,0.9257924638156517,0.9269994815226363,1.8348491800467956
05/05/2023 11:40:29.732814,2535,True,True,True,True,Eyes,1.953498,0.0109458,-3.39588,0.5726337,-0.4525089,0.6836127,0.0,0.0,0.0,0.0,0.0,0.0,0.0,-3.906195,0.1250818,-0.03170002,2.085633,0.01960114,-3.305263,0.1736993,0.4754608,-0.07415104,0.8592247,21.65429,58.36204,2.327764,0.4833136,0.002657041,-0.8754429,0.1061832,0.001573753,0.01247046,3.26396,-0.9225413,-1.844359,-0.6342208,-0.1970935,1.992297,0.5368773,0.03774957,-0.8428154,0.2925992,0.9286605,0.2279816,0.7912955,-0.3690052,0.4875311,moving,-16.68779808252563,-5.798964554841041,-17.65817030503445,-5.64976072600882,1.178327,-0.94214244,1.460904,-0.28580733779333245,-0.09682371557124823,0.9533830900129578,-15.786947413677275,-5.877682160490526,0.9809934464071414,0.9817759585337673,1.8850525959334137
05/05/2023 11:40:29.743194,2536,True,True,True,True,Eyes,1.959667,0.01114658,-3.39179,0.5705613,-0.4528043,0.6851482,0.0,0.0,0.0,0.0,0.0,0.0,0.0,-3.905469,0.1415096,-0.02037764,2.093606,0.01921329,-3.299936,0.1743468,0.4728234,-0.07225195,0.8607095,21.61998,58.0404,2.496545,0.4848523,0.002670766,-0.8745917,0.09981225,0.001479328,0.01172223,3.266484,-0.9216701,-1.835139,-0.6310315,-0.1950711,1.992556,0.5424353,0.04049465,-0.839121,0.2892464,0.9287657,0.2317991,0.7887335,-0.3684488,0.4920824,moving,-16.564937379907736,-5.787828965705889,-17.57270747435901,-5.591434924955518,1.1728780000000003,-0.9408833900000001,1.4647970000000001,-0.28376576136524345,-0.09669958687170141,0.9540053300139713,-15.667480614381056,-5.867662152216653,1.0264511416707887,1.0267283878965208,1.9251469733664053
05/05/2023 11:40:29.762707,2537,True,True,True,True,Eyes,1.965888,0.01136046,-3.387648,0.5683866,-0.4529917,0.6868298,0.0,0.0,0.0,0.0,0.0,0.0,0.0,-3.904801,0.1518811,-0.006330848,2.101065,0.01934081,-3.294803,0.1767557,0.4698239,-0.07221048,0.8618635,21.8718,57.68858,2.570287,0.4864007,0.002688278,-0.8737315,0.0,0.0,0.0,3.263797,-0.9281925,-1.827461,-0.6279191,-0.1930972,1.99281,0.5481023,0.04161697,-0.8353753,0.2905593,0.9270861,0.2368262,0.7843209,-0.3725311,0.4960459,moving,-16.396321885764262,-5.510281520189644,-17.48923857898927,-5.534507926285775,1.1627319999999997,-0.94753331,1.467342,-0.281078726531795,-0.09215312026584438,0.9552499847752018,-15.510591838714529,-5.5987310234156595,1.0882972230150165,1.0931851705370956,1.979688745486222
05/05/2023 11:40:29.783030,2538,True,True,True,True,Eyes,1.972145,0.01153007,-3.38347,0.5660239,-0.4532556,0.6886046,0.0,0.0,0.0,0.0,0.0,0.0,0.0,-3.904167,0.1549844,0.01076758,2.108583,0.01990654,-3.289397,0.1780123,0.4667182,-0.07259469,0.8632589,22.03073,57.28692,2.524294,0.4879592,0.002709535,-0.872862,0.0,0.0,0.0,3.261533,-0.9300615,-1.817256,-0.6245672,-0.190972,1.993082,0.5538082,0.04082708,-0.8316427,0.2914991,0.9260833,0.2395788,0.7799518,-0.3751038,0.5009715,moving,-16.190709938873564,-5.362576169021826,-17.399297461838845,-5.473225439519326,1.1529500000000001,-0.94996804,1.4721410000000001,-0.27770930704917934,-0.08978186568203997,0.956460530715537,-15.314138556120783,-5.456379547951478,1.20585775197244,1.2136420649141095,2.085226953153556
05/05/2023 11:40:29.793136,2539,True,True,True,True,Eyes,2.128843,0.01546271,-3.278138,0.4957667,-0.4643842,0.7338683,0.0,0.0,0.0,0.0,0.0,0.0,0.0,-3.903736,0.1537974,0.03177953,2.115716,0.01904098,-3.284387,0.1791204,0.4632725,-0.07384832,0.864778,22.22363,56.82206,2.367379,0.4895277,0.002733032,-0.8719832,0.0,0.0,0.0,3.256673,-0.9334935,-1.80578,-0.6215178,-0.1890383,1.99333,0.5598502,0.03823829,-0.8277112,0.2936879,0.9249246,0.241375,0.7748002,-0.3782226,0.506589,moving,-20.464823943335716,-6.53933132956833,-17.317413219740214,-5.4174673056737,1.1409570000000002,-0.95253448,1.4786070000000002,-0.3476332064819898,-0.10678228172742489,0.9315302924991519,-19.448908467079956,-6.573000215819927,3.274897316397574,3.3413729440325897,2.4245676513273287
05/05/2023 11:40:29.812746,2540,True,True,True,True,Eyes,2.129141,0.01548725,-3.277914,0.4953714,-0.4645464,0.7340326,0.0,0.0,0.0,0.0,0.0,0.0,0.0,-3.902983,0.1526515,0.05804777,2.122408,0.01901498,-3.279477,0.1841198,0.4588112,-0.07731868,0.8658025,22.94032,56.28341,2.182274,0.4957179,0.002870104,-0.8684786,0.4700943,0.01179792,0.3159943,3.242344,-0.9517596,-1.797945,-0.6182358,-0.1869572,1.993597,0.5670282,0.03506707,-0.8229516,0.3028379,0.9202434,0.2478735,0.766008,-0.3897722,0.5111843,moving,-19.939868594639666,-5.8291609074002215,-17.229223582414722,-5.357462650797966,1.119936,-0.97077458,1.481532,-0.339474017377077,-0.09553138155274482,0.9357516690971872,-18.956313441355658,-5.885496793066219,2.7234215166966806,2.7513806766024897,1.8060064884317526
05/05/2023 11:40:29.832642,2541,True,True,True,True,Eyes,2.129709,0.01553033,-3.277472,0.4946409,-0.4645547,0.7345198,0.0,0.0,0.0,0.0,0.0,0.0,0.0,-3.901934,0.1507061,0.0870961,2.129881,0.0196744,-3.273928,0.1864134,0.4542881,-0.07936805,0.8675098,23.29984,55.68673,1.975802,0.5009552,0.002986169,-0.8654678,0.4418886,0.01109004,0.2970346,3.232224,-0.9582016,-1.785127,-0.6150332,-0.1849268,1.993857,0.5746461,0.0316657,-0.8177891,0.3070759,0.9179015,0.2513191,0.7586081,-0.3955429,0.5177448,moving,-19.42036340334932,-5.468674630088162,-17.143113416128053,-5.298925275302155,1.1023429999999999,-0.977876,1.4888010000000003,-0.3311492651095213,-0.08992445958028993,0.9392836534421094,-18.459606214054936,-5.5381943944237895,2.2701585870284955,2.283567898651041,1.338059415107789
05/05/2023 11:40:29.842594,2542,True,True,True,True,Eyes,2.130538,0.0155649,-3.276826,0.4935216,-0.464626,0.7352272,0.0,0.0,0.0,0.0,0.0,0.0,0.0,-3.900338,0.1503811,0.1207478,2.137055,0.02018108,-3.268398,0.1866237,0.4494962,-0.08018788,0.8698821,23.37637,55.0188,1.764576,0.5054127,0.003085392,-0.8628719,0.4153753,0.01042464,0.2792125,3.224083,-0.9559812,-1.768565,-0.6115881,-0.182742,1.994138,0.5830461,0.02826523,-0.8119473,0.3072813,0.917483,0.2525928,0.7520874,-0.3967694,0.5262496,moving,-18.882873618184234,-5.39018745995921,-17.050408331097334,-5.235937932870282,1.0870279999999997,-0.9761622799999999,1.499833,-0.32235250716709074,-0.08892337886458948,0.9424337743188087,-17.937766476453607,-5.465391950437138,1.827792608395619,1.8389458787538138,0.9165443929825203
05/05/2023 11:40:29.863112,2543,True,True,True,True,Eyes,2.131621,0.01558185,-3.275982,0.4920963,-0.4646325,0.7361779,0.0,0.0,0.0,0.0,0.0,0.0,0.0,-3.898224,0.1530316,0.1581762,2.144149,0.02003793,-3.262944,0.1876943,0.4440955,-0.08128478,0.8723205,23.55664,54.28552,1.556283,0.5094315,0.003175409,-0.860505,0.3904528,0.009799164,0.2624598,3.212235,-0.957883,-1.751821,-0.6085807,-0.1808349,1.994382,0.592344,0.02489566,-0.8053005,0.3085212,0.9163272,0.2552628,0.7442737,-0.3996556,0.5351,moving,-18.305609325682482,-5.195982288895496,-16.969437928793038,-5.180964072563608,1.068086,-0.97792093,1.511123,-0.3129213696863083,-0.08601459920431782,0.9458761727074614,-17.380272770160744,-5.280261476379262,1.331381427717002,1.3362557946318812,0.4226644547228414
05/05/2023 11:40:29.883016,2544,True,True,True,True,Eyes,2.132934,0.01556363,-3.274949,0.490289,-0.4646716,0.7373581,0.0,0.0,0.0,0.0,0.0,0.0,0.0,-3.895586,0.1534562,0.1980388,2.15128,0.01962441,-3.257295,0.1877638,0.4385391,-0.08224714,0.8750221,23.62396,53.50913,1.297586,0.513069,0.003256815,-0.8583409,0.3670256,0.009211214,0.2467122,3.200997,-0.9560105,-1.733074,-0.6053422,-0.1787814,1.994646,0.6018378,0.02074746,-0.7983489,0.3086197,0.9159603,0.2564578,0.7365768,-0.4007322,0.5448564,moving,-17.718586735438077,-5.130060117420734,-16.88217950645501,-5.121771208252253,1.0497170000000002,-0.97563491,1.524221,-0.30323528035763697,-0.08520672555090923,0.949098596390537,-16.809808848870013,-5.220013052545122,0.8334780357797255,0.8364483000821601,0.12202037554994369
05/05/2023 11:40:29.893221,2545,True,True,True,True,Eyes,2.134457,0.01552404,-3.273712,0.4881782,-0.4646723,0.7387569,0.0,0.0,0.0,0.0,0.0,0.0,0.0,-3.892421,0.1550251,0.2389351,2.158119,0.01878744,-3.251805,0.1884073,0.4327752,-0.0834863,0.8776322,23.76374,52.71519,1.035235,0.5163714,0.003329588,-0.8563579,0.3450041,0.008658541,0.2319094,3.188117,-0.9566119,-1.715308,-0.6018278,-0.1765532,1.994932,0.6114714,0.01653545,-0.7910936,0.3096165,0.9150654,0.258443,0.728176,-0.4029662,0.5544167,moving,-17.13489785502571,-4.988950307064459,-16.787425944473437,-5.057549042242728,1.029998,-0.97539934,1.536497,-0.29360264008737047,-0.08313092468327503,0.9523060420553728,-16.244621240998185,-5.086586132709876,0.3541754015275723,0.3541786485531061,0.5435808115981038
05/05/2023 11:40:29.912925,2546,True,True,True,True,Eyes,2.136191,0.01545117,-3.272295,0.4856836,-0.464682,0.7403932,2.117474,3.164613,-0.9685009,-1.704532,-0.55598,-0.6614898,-0.5033066,-0.5983649,-0.1883674,1.98893,2.164963,0.01823508,-3.246095,0.1894594,0.4266066,-0.08456249,0.8803189,23.93619,51.87972,0.8002456,0.5193796,0.003394051,-0.8545367,0.3243039,0.008139029,0.2179949,3.172956,-0.9585816,-1.696982,-0.5989645,-0.1747375,1.995165,0.621712,0.01276536,-0.783142,0.3105331,0.9139086,0.2614195,0.7190574,-0.4057192,0.5642239,moving,-16.542643336673923,-4.803944799615481,-16.710177264156926,-5.005220455124726,1.007993,-0.97681668,1.549113,-0.2838093561839852,-0.08030285872548246,0.9555122768767269,-15.672266818012469,-4.910506193417459,0.25210816730867697,0.2618768916085502,1.0422230498250062
05/05/2023 11:40:29.933184,2547,True,True,True,True,Eyes,2.138099,0.01534802,-3.27068,0.4830219,-0.4646897,0.7421276,0.0,0.0,0.0,0.0,0.0,0.0,0.0,-3.883634,0.1662221,0.3276662,2.171801,0.01737864,-3.240461,0.1898608,0.4201992,-0.08509397,0.8832579,24.01056,51.00763,0.5795031,0.5221301,0.003450198,-0.8528587,0.3048456,0.007650687,0.2049152,3.158159,-0.9578789,-1.677594,-0.5958521,-0.1727641,1.995419,0.6323833,0.009238922,-0.7746006,0.3098786,0.9134238,0.2638794,0.7099766,-0.4069051,0.574771,moving,-15.93505664234674,-4.70827786375755,-16.626151904767855,-4.94834943120331,0.9863580000000001,-0.97525754,1.5628669999999998,-0.2736906745100055,-0.07894840682026226,0.9585721733882434,-15.082558336220181,-4.821452952049587,0.7214027876321262,0.7316057813035473,1.5488007687508922
05/05/2023 11:40:29.942698,2548,True,True,True,True,Eyes,2.140193,0.01520796,-3.268909,0.4799944,-0.4647867,0.7440287,0.0,0.0,0.0,0.0,0.0,0.0,0.0,-3.878367,0.1710284,0.3729427,2.178471,0.01654003,-3.23482,0.1907457,0.4137696,-0.08618047,0.8859932,24.1619,50.13537,0.3227138,0.5246549,0.003498097,-0.8513076,0.2865549,0.007191646,0.1926203,3.142367,-0.9590026,-1.659364,-0.5923944,-0.1705714,1.9957,0.6427353,0.005138972,-0.7660712,0.3105602,0.912378,0.2666811,0.7003169,-0.4093166,0.5848216,moving,-15.34526504961856,-4.553456231357665,-16.532752489963535,-4.885166953534527,0.9638960000000001,-0.9755426300000001,1.575456,-0.2638579621335193,-0.07657574333601616,0.961517102449677,-14.511791266754761,-4.674725115114022,1.2193300355168946,1.2329470484104972,2.0318882924686843
05/05/2023 11:40:29.962687,2549,True,True,True,True,Eyes,2.142564,0.01503719,-3.26707,0.4785729,-0.4651891,0.7446926,0.0,0.0,0.0,0.0,0.0,0.0,0.0,-3.873096,0.1774014,0.4140179,2.185077,0.01554069,-3.229388,0.1922043,0.407712,-0.08729922,0.8883735,24.37358,49.32676,0.1018625,0.5269825,0.003537634,-0.8498685,0.2693616,0.006760147,0.181063,3.12683,-0.9627866,-1.643297,-0.5894716,-0.1687179,1.995937,0.6522996,0.00161938,-0.7579595,0.3118367,0.9108727,0.2703126,0.6908423,-0.4126844,0.593657,moving,-14.697023784038691,-4.338781181736559,-16.45375588793013,-4.831764357680433,0.9417529999999998,-0.9783272900000001,1.5860910000000001,-0.2530272240044077,-0.07319182930964485,0.9646865645912723,-13.885659592478097,-4.470148451801299,1.8053113637601577,1.8245931317985784,2.5934310567468795
05/05/2023 11:40:29.982727,2550,True,True,True,True,Eyes,2.145108,0.01483648,-3.265087,0.4767888,-0.4656985,0.7455182,0.0,0.0,0.0,0.0,0.0,0.0,0.0,-3.867919,0.1869866,0.4503154,2.192005,0.01457877,-3.223886,0.1938124,0.4020745,-0.08788978,0.8905327,24.57404,48.58887,359.9569,0.529139,0.003568855,-0.8485274,0.2531999,0.006354538,0.1701993,3.11377,-0.9667788,-1.629017,-0.5862917,-0.1667018,1.996195,0.661223,-0.0006834066,-0.7501892,0.3123914,0.9094243,0.274516,0.6820527,-0.4158689,0.6015458,moving,-14.140198079069856,-4.134011755794703,-16.367757485678336,-4.773681320905482,0.9217650000000002,-0.98135757,1.5948689999999999,-0.24369758623111257,-0.0699161233426199,0.9673278975615245,-13.348374549163946,-4.274603586628506,2.293730471986188,2.317584531899308,3.060351597801354
05/05/2023 11:40:29.993035,2551,True,True,True,True,Eyes,2.147911,0.01461384,-3.263067,0.4746392,-0.466311,0.7465063,0.0,0.0,0.0,0.0,0.0,0.0,0.0,-3.862529,0.1992868,0.4844263,2.198746,0.01369011,-3.218515,0.1957713,0.3965999,-0.08823942,0.8925223,24.8,47.88588,359.8595,0.5311466,0.003591827,-0.8472721,0.2380079,0.005973266,0.1599873,3.101104,-0.9718941,-1.616242,-0.5830517,-0.1646475,1.996459,0.6698446,-0.002225494,-0.742498,0.3127971,0.9077747,0.2794691,0.673399,-0.4194521,0.6087642,moving,-13.640232451657502,-3.9064296144541624,-16.280069876891652,-4.714500473156102,0.902358,-0.98558421,1.602273,-0.23530701740903937,-0.06621430864043604,0.9696629557359921,-12.867132662597273,-4.056485243837992,2.7321026683786593,2.7607463020622083,3.4757912006807947
05/05/2023 11:40:30.012925,2552,True,True,True,True,Eyes,2.150885,0.01438174,-3.26091,0.4721717,-0.4669896,0.7476461,0.0,0.0,0.0,0.0,0.0,0.0,0.0,-3.856299,0.2140078,0.5170447,2.205087,0.01347215,-3.212722,0.1981771,0.3911926,-0.08837995,0.8943619,25.06406,47.20631,359.8079,0.5330257,0.003606808,-0.8460912,0.2237274,0.00561487,0.1503881,3.08815,-0.9779011,-1.604351,-0.579771,-0.1625671,1.996726,0.6783146,-0.003036467,-0.7347653,0.3131381,0.9058296,0.2853369,0.6647058,-0.4236312,0.6153883,moving,-13.184160074611743,-3.6403935614927274,-16.191226910982188,-4.654574227594754,0.8830630000000004,-0.99137325,1.6083709999999998,-0.22764536960458626,-0.06182702168774956,0.9717793456958601,-12.429715204896834,-3.8006607746695513,3.139364465808683,3.1734859983768806,3.857219011166438
05/05/2023 11:40:30.032715,2553,True,True,True,True,Eyes,2.153986,0.01416285,-3.258563,0.4694242,-0.4676179,0.7489823,0.0,0.0,0.0,0.0,0.0,0.0,0.0,-3.850289,0.2291815,0.5510368,2.212141,0.01303234,-3.207359,0.1997487,0.385666,-0.08801799,0.8964458,25.21516,46.50348,359.7635,0.534794,0.003614355,-0.8449745,0.2103038,0.005277978,0.1413648,3.076446,-0.9808748,-1.591372,-0.5766952,-0.1606169,1.996976,0.6870291,-0.003734156,-0.7266203,0.3118792,0.9047067,0.2902366,0.6562944,-0.4260188,0.6227244,moving,-12.730110638358381,-3.483403708639575,-16.10788408960768,-4.598404361538274,0.8643049999999999,-0.99390714,1.6159869999999998,-0.21997144456635342,-0.059271197121280594,0.973704038415443,-11.991330600552068,-3.6509231260529647,3.521037108241841,3.5570465197870442,4.22418433781632
05/05/2023 11:40:30.042498,2554,True,True,True,True,Eyes,2.157258,0.01392164,-3.256089,0.4664669,-0.468124,0.7505122,0.0,0.0,0.0,0.0,0.0,0.0,0.0,-3.843698,0.2453222,0.5852462,2.219285,0.01263273,-3.201768,0.2000747,0.3802152,-0.08672789,0.8988243,25.18956,45.80484,359.7617,0.5364671,0.00361556,-0.8439133,0.1976856,0.004961299,0.1328829,3.067174,-0.9787613,-1.576588,-0.5734835,-0.1585805,1.997238,0.6958294,-0.003763359,-0.7181972,0.3080491,0.9048967,0.2937135,0.648789,-0.4256145,0.6308131,moving,-12.301135213447047,-3.489530569480482,-16.02079912943241,-4.53975516187676,0.8478889999999999,-0.9913940299999999,1.6251799999999998,-0.2126726199937231,-0.0594737497751201,0.9753118682314603,-11.572992094484746,-3.659729194250952,3.831853107326314,3.86508361388955,4.534030560530628
05/05/2023 11:40:30.062566,2555,True,True,True,True,Eyes,2.160722,0.01366856,-3.253508,0.4633009,-0.4684639,0.7522591,0.0,0.0,0.0,0.0,0.0,0.0,0.0,-3.837112,0.261087,0.6190803,2.226654,0.01183312,-3.196362,0.1991672,0.3749454,-0.08474834,0.9014245,25.00014,45.12137,359.7829,0.5380594,0.003610488,-0.8428988,0.1858244,0.004663621,0.1249099,3.060343,-0.9723204,-1.560445,-0.5703695,-0.1566061,1.997491,0.7044674,-0.003434792,-0.709728,0.3021421,0.9063003,0.2955164,0.6422117,-0.4226204,0.6394967,moving,-11.906226005751565,-3.6490701158745007,-15.936320291495596,-4.482899464138885,0.8336890000000001,-0.98415352,1.635917,-0.20590997818856244,-0.0622813805322297,0.9765869206569455,-11.183727014189897,-3.8175774813256718,4.08815614853237,4.115450319711527,4.798936986490428
05/05/2023 11:40:30.082836,2556,True,True,True,True,Eyes,2.164369,0.01342826,-3.2508,0.4599329,-0.4686739,0.7541927,0.0,0.0,0.0,0.0,0.0,0.0,0.0,-3.829856,0.2813337,0.6527356,2.234168,0.01125086,-3.190826,0.199071,0.3694637,-0.08256431,0.9039086,24.89097,44.43346,359.8634,0.5395842,0.003599461,-0.8419237,0.174675,0.004383804,0.1174153,3.052515,-0.9685345,-1.545582,-0.5670851,-0.1545233,1.997758,0.7133595,-0.002162196,-0.7007949,0.2963601,0.9071078,0.2988749,0.6350502,-0.4208929,0.6477348,moving,-11.526775587746291,-3.7109372425788067,-15.847163624142647,-4.422928014449423,0.8183470000000002,-0.9797853599999999,1.645244,-0.19942356661807223,-0.0634227422336067,0.9778588459597867,-10.812164042297702,-3.880289527874315,4.35436560050119,4.37866231219829,5.064156130718255
05/05/2023 11:40:30.093476,2557,True,True,True,True,Eyes,2.1682,0.01317625,-3.247975,0.4563965,-0.4686376,0.7563604,0.0,0.0,0.0,0.0,0.0,0.0,0.0,-3.821884,0.3031912,0.6886879,2.242177,0.01127275,-3.185205,0.1979596,0.3637662,-0.07944146,0.9067388,24.63219,43.71883,-0.002724743,0.5410528,0.003583399,-0.8409808,0.1641945,0.004120775,0.1103704,3.045909,-0.9600865,-1.528766,-0.5639011,-0.1525045,1.998017,0.7227264,-4.323228e-05,-0.6911343,0.2880873,0.909002,0.3011992,0.6282295,-0.4167916,0.6569722,moving,-11.14583313512342,-3.897501879528967,-15.76067867023629,-4.364804945078203,0.8037320000000001,-0.97135925,1.6564389999999998,-0.19287645961882227,-0.06669548882247786,0.9789537287991755,-10.435785605762955,-4.064340182665117,4.618936938814382,4.638444940712664,5.333363406100148
05/05/2023 11:40:30.112963,2558,True,True,True,True,Eyes,2.172206,0.01289538,-3.245051,0.4526445,-0.4684592,0.7587219,0.0,0.0,0.0,0.0,0.0,0.0,0.0,-3.8128,0.326984,0.7278374,2.250275,0.01065236,-3.179663,0.1953415,0.3578123,-0.07521556,0.9100301,24.16459,42.96715,0.1817572,0.542475,0.003562511,-0.8400641,0.1543428,0.003873529,0.1037482,3.040545,-0.9462435,-1.50936,-0.5606474,-0.1504413,1.998282,0.732626,0.002894295,-0.6806253,0.2766879,0.9123687,0.3017071,0.6218544,-0.4093593,0.6676242,moving,-10.756968911198582,-4.275792720013735,-15.672245039918211,-4.305409178332676,0.79027,-0.95689586,1.670303,-0.18614207227789764,-0.07325436027241697,0.9797881988540527,-10.046517235525485,-4.434989947261519,4.902543026928901,4.915365353273791,5.627219962360952
05/05/2023 11:40:30.132675,2559,True,True,True,True,Eyes,2.176402,0.01258741,-3.242031,0.4485589,-0.4681861,0.7613125,0.0,0.0,0.0,0.0,0.0,0.0,0.0,-3.803328,0.3513032,0.7677586,2.258447,0.009625498,-3.174506,0.1938132,0.3515943,-0.07168086,0.9130608,23.84924,42.19191,0.3376104,0.5438604,0.003536534,-0.839168,0.1450822,0.003641117,0.09752329,3.032534,-0.9371915,-1.491867,-0.5574509,-0.1484144,1.998542,0.7424867,0.005389247,-0.6698391,0.2671851,0.9145966,0.3035212,0.6142684,-0.4043315,0.6776359,moving,-10.367970512881978,-4.505427862753419,-15.585316821180792,-4.247065448887496,0.7740870000000002,-0.946816998,1.682639,-0.17943109180059147,-0.07727865758524732,0.9807306082894219,-9.661124821203154,-4.661000948566221,5.214045930198927,5.2237394304863525,5.938635655644595
05/05/2023 11:40:30.142932,2560,True,True,True,True,Eyes,2.180784,0.01225321,-3.238904,0.4443017,-0.4677071,0.7640982,0.0,0.0,0.0,0.0,0.0,0.0,0.0,-3.793657,0.373107,0.8071406,2.266919,0.008620448,-3.169151,0.1926628,0.3453713,-0.06871594,0.9159028,23.6023,41.41535,0.4505799,0.5452166,0.003505285,-0.8382876,0.1363773,0.00342265,0.09167189,3.024004,-0.9297085,-1.475034,-0.5540842,-0.1462799,1.998816,0.7519936,0.007206154,-0.6591311,0.2589546,0.9163184,0.3054557,0.6061751,-0.4003857,0.6871995,moving,-9.988862420976572,-4.665678160589708,-15.493703762936294,-4.185630946339265,0.757085,-0.938328948,1.6941169999999999,-0.17289916472514394,-0.08011643794148779,0.981675723681428,-9.28724381074405,-4.819436001293075,5.517821408648121,5.525732849863312,6.238738172567523
05/05/2023 11:40:30.163226,2561,True,True,True,True,Eyes,2.185344,0.01188213,-3.235694,0.4397206,-0.4671632,0.7670752,0.0,0.0,0.0,0.0,0.0,0.0,0.0,-3.78431,0.3882399,0.8459849,2.275764,0.007601939,-3.163584,0.1900001,0.3394796,-0.06569027,0.9188789,23.18961,40.65937,0.5160843,0.5465517,0.003468606,-0.8374178,0.1281947,0.003217291,0.08617157,3.017697,-0.9168364,-1.45604,-0.5510635,-0.1443641,1.999062,0.7608768,0.008279521,-0.6488435,0.2497251,0.9191695,0.3045732,0.5989189,-0.3937752,0.6973071,moving,-9.649874135375741,-5.0017904358360745,-15.411456931521032,-4.130496974243529,0.741933,-0.9244383389999999,1.7075440000000002,-0.1670064722655317,-0.0859624039149082,0.9822012661813423,-8.947732298339627,-5.148715936296882,5.821929764752404,5.827090921982538,6.543432278879418
05/05/2023 11:40:30.182702,2562,True,True,True,True,Eyes,2.190074,0.01148069,-3.232398,0.4349132,-0.4665454,0.7701855,0.0,0.0,0.0,0.0,0.0,0.0,0.0,-3.774813,0.4016609,0.8853946,2.284432,0.006319091,-3.158449,0.1879672,0.3334822,-0.06338991,0.9216506,22.8773,39.89065,0.5298902,0.5478716,0.003426104,-0.8365552,0.120503,0.003024254,0.08100128,3.009714,-0.9067326,-1.438566,-0.5478559,-0.1423306,1.999322,0.7695428,0.00852074,-0.6385384,0.2422141,0.9213002,0.3042013,0.5908775,-0.388759,0.7069159,moving,-9.308101876836936,-5.243478191450854,-15.324081029572177,-4.071984489683635,0.725282,-0.913051691,1.719883,-0.161084106774,-0.09019479115333526,0.9828105699468634,-8.608051962472745,-5.386140762355389,6.125179810452228,6.128980556293623,6.8433948548309695
05/05/2023 11:40:30.192671,2563,True,True,True,True,Eyes,2.194954,0.01103721,-3.229018,0.429818,-0.465997,0.7733715,0.0,0.0,0.0,0.0,0.0,0.0,0.0,-3.764796,0.4149107,0.9252754,2.29325,0.005170584,-3.153245,0.1868614,0.3272606,-0.06171498,0.9242159,22.69305,39.10019,0.5110439,0.5491812,0.003377587,-0.835696,0.1132728,0.002842798,0.0761412,2.999897,-0.900065,-1.422441,-0.5444626,-0.1401792,1.999598,0.7781835,0.008228789,-0.627983,0.2363806,0.9225482,0.3050066,0.5818545,-0.3857941,0.7159667,moving,-8.956681567631964,-5.367957646289711,-15.23158494233709,-4.010084976414363,0.7066469999999998,-0.905235584,1.730804,-0.15502136002695116,-0.09242061175980432,0.983578671282876,-8.262125666755564,-5.509587737973762,6.416733580847549,6.4201425645759755,7.128946003857347
05/05/2023 11:40:30.213025,2564,True,True,True,True,Eyes,2.199972,0.01054667,-3.22558,0.4244154,-0.4655605,0.7766111,0.0,0.0,0.0,0.0,0.0,0.0,0.0,-3.75419,0.426963,0.9664584,2.301988,0.003726818,-3.148193,0.1856203,0.3209037,-0.06020353,0.9267908,22.50113,38.29011,0.4676344,0.5504862,0.00332255,-0.8348371,0.1064764,0.00267223,0.07157273,2.988964,-0.8934182,-1.406118,-0.5414159,-0.1382471,1.999846,0.7867927,0.007540341,-0.6171713,0.2307247,0.9238413,0.3054233,0.5724713,-0.3827015,0.7251318,moving,-8.60154039895232,-5.512119730935067,-15.14848767543117,-3.9545014098801343,0.686976,-0.897145018,1.742075,-0.14888568833207252,-0.09498569276271496,0.9842817592238984,-7.912041696257054,-5.65221027715002,6.726527794258956,6.729687472318445,7.432924445163695
05/05/2023 11:40:30.232757,2565,True,True,True,True,Eyes,2.205125,0.01004719,-3.222063,0.4186668,-0.4654849,0.7797704,0.0,0.0,0.0,0.0,0.0,0.0,0.0,-3.741762,0.4485255,1.008576,2.310306,0.002120536,-3.143511,0.1870339,0.3139082,-0.05914432,0.9289684,22.6207,37.43488,0.4678069,0.5517894,0.003260462,-0.8339766,0.1000878,0.002511896,0.06727836,2.973005,-0.8970894,-1.393909,-0.53843,-0.1363536,2.000089,0.7959272,0.007536573,-0.6053455,0.2273093,0.9230406,0.3103654,0.5610976,-0.384629,0.7329599,moving,-8.217006942728899,-5.361072169609274,-15.067005716475096,-3.900034536156384,0.6626989999999999,-0.899209936,1.749602,-0.1423102150335473,-0.09248094635569046,0.9854922808042037,-7.541262421644749,-5.507793392872616,6.99981009132986,7.004078395241591,7.695563701317364
05/05/2023 11:40:30.243000,2566,True,True,True,True,Eyes,2.210438,0.009714153,-3.21846,0.4125257,-0.4656955,0.7829114,0.0,0.0,0.0,0.0,0.0,0.0,0.0,-3.727575,0.477218,1.051624,2.319127,0.001448572,-3.138489,0.1891792,0.3064692,-0.05738392,0.9311257,22.79729,36.55064,0.5650775,0.5530941,0.003191794,-0.8331121,0.09408257,0.002361183,0.06324166,2.956292,-0.9022963,-1.382603,-0.5351838,-0.1342953,2.000353,0.8055675,0.00909187,-0.5924343,0.2228184,0.9218367,0.3171263,0.5490109,-0.3874719,0.7405758,moving,-7.832777661300068,-5.159424924346238,-14.978373426356686,-3.840834454233617,0.637165,-0.9037448720000001,1.7558859999999998,-0.13574035970448733,-0.08909497682886225,0.9867302833002853,-7.172143487451261,-5.3141417957847015,7.260638608560339,7.266238343563119,7.944045592878463
05/05/2023 11:40:30.262592,2567,True,True,True,True,Eyes,2.215885,0.009481084,-3.214731,0.4062686,-0.4656228,0.7862196,0.0,0.0,0.0,0.0,0.0,0.0,0.0,-3.709569,0.5167766,1.099422,2.328274,0.005123176,-3.133018,0.1932422,0.2979386,-0.05479476,0.9332137,23.16146,35.57696,0.8025792,0.5544044,0.003121443,-0.832241,0.08843762,0.002219512,0.05944716,2.935298,-0.9102153,-1.373291,-0.5319934,-0.1322725,2.000612,0.8164603,0.01287822,-0.5772581,0.2174191,0.9193099,0.3280216,0.5349034,-0.3933235,0.74778,moving,-7.387361903383719,-4.732536311133807,-14.891219227043276,-3.7826634743464553,0.607024,-0.915338476,1.7597269999999998,-0.1281457088460503,-0.08182423253933321,0.9883741694943532,-6.749449800403389,-4.901739649559599,7.555382380444118,7.563738040142957,8.218317399717394
05/05/2023 11:40:30.282599,2568,True,True,True,True,Eyes,2.221441,0.009213151,-3.210968,0.3996942,-0.4654729,0.7896705,0.0,0.0,0.0,0.0,0.0,0.0,0.0,-3.689941,0.5373782,1.157765,2.337952,0.007237773,-3.127105,0.1893799,0.2894474,-0.04996693,0.9369413,22.56934,34.53286,0.9927425,0.5557228,0.003052172,-0.8313615,0.08313136,0.002086341,0.05588033,2.921354,-0.8893892,-1.350663,-0.5287561,-0.1302193,2.000876,0.8274471,0.01599887,-0.5613157,0.2032632,0.9232771,0.3259501,0.5234648,-0.3838013,0.760711,moving,-6.919632746165064,-5.266435247103574,-14.802726360797818,-3.7236236234726996,0.583402,-0.8966269729999999,1.7764419999999999,-0.11997576341994487,-0.09112426363633166,0.9885859383416487,-6.2791082585415445,-5.4243166296029885,8.026227229828818,8.032647922265374,8.691629436084543
05/05/2023 11:40:30.292924,2569,True,True,True,True,Eyes,2.227126,0.009056596,-3.207168,0.3926141,-0.4661897,0.7927934,0.0,0.0,0.0,0.0,0.0,0.0,0.0,-3.671425,0.5532916,1.212515,2.346159,0.006120332,-3.122689,0.1883185,0.2811844,-0.04830668,0.9397543,22.4026,33.50095,0.9365543,0.5570507,0.002982974,-0.8304726,0.0,0.0,0.0,2.902074,-0.8830031,-1.334493,-0.5255982,-0.128217,2.001132,0.8372036,0.01511163,-0.5466826,0.1966973,0.9244052,0.32678,0.5102944,-0.3811123,0.7709429,moving,-6.445448805507205,-5.465691938739591,-14.716367516152925,-3.666057440515904,0.5559149999999997,-0.889123432,1.788196,-0.11175318850498725,-0.09465306075090568,0.9892179061955533,-5.811494161925865,-5.6213347800096125,8.457911638199896,8.464442134323223,9.117010416203367
05/05/2023 11:40:30.312810,2570,True,True,True,True,Eyes,2.232955,0.009006139,-3.203257,0.3853829,-0.4665469,0.7961244,0.0,0.0,0.0,0.0,0.0,0.0,0.0,-3.651046,0.5930398,1.258821,2.354739,0.00878749,-3.117946,0.1978641,0.2718722,-0.04995489,0.9404467,23.53592,32.42537,0.8516887,0.5583899,0.002916676,-0.829573,0.0,0.0,0.0,2.870632,-0.9132034,-1.335204,-0.5223805,-0.126177,2.001395,0.8471801,0.01362765,-0.5311311,0.2015473,0.9167086,0.3449985,0.491594,-0.3993239,0.7738706,moving,-5.912440809172203,-4.344525089966553,-14.628310637499222,-3.607410988295918,0.5158930000000002,-0.92199089,1.7827419999999998,-0.1027156588837829,-0.07535294875510282,0.9918525476709534,-5.322126945231025,-4.533991706755723,8.735098797071826,8.746983712298942,9.352197963156042
05/05/2023 11:40:30.332605,2571,True,True,True,True,Eyes,2.238976,0.009061539,-3.19935,0.3791704,-0.465022,0.7999902,0.0,0.0,0.0,0.0,0.0,0.0,0.0,-3.634499,0.5905898,1.308542,2.364061,0.01122816,-3.111551,0.1933645,0.2649081,-0.04782614,0.9434758,22.96747,31.52151,0.75934,0.559743,0.002855701,-0.8286608,0.0,0.0,0.0,2.859621,-0.8905338,-1.313515,-0.5193015,-0.1242247,2.001645,0.8550727,0.01220201,-0.5183645,0.1926932,0.9206457,0.3395303,0.481373,-0.3902084,0.7848678,moving,-5.5364436766011424,-4.808418360287448,-14.54401654131503,-3.551296099619085,0.4955600000000002,-0.9017619600000001,1.798036,-0.09614245754982834,-0.08343594529424225,0.9918644280874958,-4.943094397064993,-4.987845960150114,9.084741030761565,9.094873572040342,9.707800035113127
05/05/2023 11:40:30.342811,2572,True,True,True,True,Eyes,2.245098,0.009240812,-3.195323,0.3726883,-0.4635383,0.8038878,0.0,0.0,0.0,0.0,0.0,0.0,0.0,-3.617547,0.5956055,1.355155,2.3722,0.01342471,-3.106497,0.1920621,0.2578569,-0.04690187,0.945739,22.79711,30.63164,0.6423562,0.5611121,0.002802213,-0.8277346,0.0,0.0,0.0,2.844422,-0.8802056,-1.298926,-0.5160612,-0.1221698,2.001908,0.86262,0.01033523,-0.5057468,0.1877629,0.9218247,0.3390932,0.4697145,-0.3874691,0.7932439,moving,-5.1745579526165955,-4.880355750960464,-14.455260411647732,-3.492240198346156,0.4722219999999999,-0.89363031,1.807571,-0.08986601012737633,-0.08473108465227652,0.9923430168193128,-4.58838239534165,-5.060239735576409,9.373743941453528,9.383938561205328,9.990690883888789
05/05/2023 11:40:30.362722,2573,True,True,True,True,Eyes,2.251279,0.009480363,-3.19117,0.3662156,-0.461536,0.8080041,0.0,0.0,0.0,0.0,0.0,0.0,0.0,-3.601914,0.5926561,1.397057,2.380747,0.01661833,-3.099768,0.1918927,0.2511959,-0.04773909,0.9475226,22.80705,29.77047,0.3690557,0.5624978,0.002758655,-0.8267937,0.0,0.0,0.0,2.82887,-0.8732867,-1.28499,-0.5128892,-0.1201586,2.002167,0.8692431,0.005937594,-0.4943491,0.186873,0.9217963,0.3396616,0.4577059,-0.387629,0.8001556,moving,-4.826183198847967,-4.752416717551233,-14.368318385532172,-3.434445298509212,0.44812300000000027,-0.88990503,1.814778,-0.08384600136679538,-0.0825585024867532,0.9930528245355905,-4.252228459053573,-4.938067300450614,9.62185894226437,9.632725085995576,10.227226140323879
05/05/2023 11:40:30.382827,2574,True,True,True,True,Eyes,2.257477,0.009700858,-3.186939,0.3594551,-0.4595545,0.8121587,0.0,0.0,0.0,0.0,0.0,0.0,0.0,-3.586937,0.5582492,1.446865,2.388463,0.01819501,-3.09291,0.1839305,0.2452493,-0.04803234,0.9506395,21.91699,28.91867,359.9317,0.5639009,0.002725583,-0.8258377,0.0,0.0,0.0,2.819418,-0.8382104,-1.25873,-0.5095917,-0.1180674,2.002435,0.8750913,-0.001105251,-0.4839565,0.1815405,0.927725,0.3261433,0.4486181,-0.3732629,0.8120447,moving,-4.493666451760579,-5.537559788310099,-14.277897197986562,-3.374362103834764,0.4309550000000004,-0.85640541,1.83418,-0.07798548379537892,-0.09620437287803646,0.9923018917286683,-3.906922693298114,-5.704204213030224,10.01093468098506,10.020508745443681,10.629453251728338
05/05/2023 11:40:30.392791,2575,True,True,True,True,Eyes,2.263675,0.009898559,-3.182582,0.3525108,-0.4578284,0.8161674,0.0,0.0,0.0,0.0,0.0,0.0,0.0,-3.570732,0.5420455,1.490714,2.39511,0.01804216,-3.086955,0.1832878,0.2386921,-0.0512383,0.9522638,21.93393,28.02266,359.377,0.5653211,0.002701448,-0.8248662,0.0,0.0,0.0,2.800381,-0.8325753,-1.24497,-0.5064121,-0.1160517,2.002693,0.8808015,-0.01008605,-0.4733782,0.1850834,0.9275604,0.3246163,0.4358128,-0.373537,0.8188634,moving,-4.103962420661735,-5.4351502634098905,-14.190665908129741,-3.3164568570975246,0.40527099999999994,-0.85061746,1.8419850000000002,-0.07124629942763633,-0.09447835304092456,0.9929741881894525,-3.5297920920595374,-5.6071456607128285,10.296416120430553,10.306815657323593,10.904195784980192
05/05/2023 11:40:30.413006,2576,True,True,True,True,Eyes,2.269882,0.01009939,-3.178097,0.3453397,-0.4558968,0.820304,0.0,0.0,0.0,0.0,0.0,0.0,0.0,-3.552683,0.53171,1.533272,2.401854,0.01789679,-3.07993,0.184447,0.231763,-0.05488508,0.9535476,22.16026,27.08974,358.8136,0.5667576,0.002684789,-0.82388,0.0,0.0,0.0,2.778824,-0.8335246,-1.233043,-0.5031791,-0.1140014,2.002956,0.8865471,-0.01917512,-0.4622407,0.190167,0.9259339,0.3263173,0.4217472,-0.3771986,0.8245305,moving,-3.699925518577805,-5.103933098524718,-14.10191924923463,-3.2575650733121124,0.37697,-0.85142139,1.8468870000000002,-0.06427620393395495,-0.08877871103496388,0.9939753332639302,-3.144856642399681,-5.287555925383001,10.553136656480541,10.564589365287766,11.143522056764288
05/05/2023 11:40:30.432853,2577,True,True,True,True,Eyes,2.275951,0.01030762,-3.1734,0.3382728,-0.4539099,0.8243405,0.0,0.0,0.0,0.0,0.0,0.0,0.0,-3.533262,0.5101659,1.580024,2.408333,0.01819527,-3.072505,0.1808943,0.2250909,-0.05665997,0.9557202,21.79433,26.18629,358.3419,0.5682102,0.002674943,-0.8228788,0.0,0.0,0.0,2.761728,-0.8160795,-1.213864,-0.5000461,-0.1120152,2.003211,0.8922475,-0.02686685,-0.4507467,0.1897375,0.9281338,0.3202614,0.4097489,-0.371276,0.8332227,moving,-3.3136380249916244,-5.350965822087876,-14.015873018298834,-3.2005222869149916,0.35339500000000035,-0.8342747699999999,1.858641,-0.05755060196047318,-0.0931017028046715,0.9939919243268318,-2.761637948293776,-5.530476521644507,10.904245770634438,10.91614589724488,11.492888833833979
05/05/2023 11:40:30.443014,2578,True,True,True,True,Eyes,2.282008,0.0105148,-3.168559,0.3309745,-0.451743,0.828483,0.0,0.0,0.0,0.0,0.0,0.0,0.0,-3.512538,0.4971682,1.624055,2.414604,0.01854477,-3.064636,0.1784054,0.2183561,-0.05780188,0.9576801,21.52785,25.30416,357.9794,0.5696771,0.002671434,-0.8218639,0.0,0.0,0.0,2.744404,-0.8025382,-1.196528,-0.4967495,-0.1099245,2.003479,0.8979591,-0.03279962,-0.4388548,0.1886232,0.9296609,0.3164678,0.3976062,-0.3669534,0.8409842,moving,-2.9693224125662567,-5.478785210305547,-13.925289681554645,-3.1404877874718067,0.32979999999999965,-0.82108297,1.868108,-0.051565238853617745,-0.09535015959341966,0.9941072941064908,-2.4225474235307267,-5.657126085405985,11.190274726685873,11.202716350813127,11.77482686824559
05/05/2023 11:40:30.462836,2579,True,True,True,True,Eyes,2.287967,0.01068197,-3.163561,0.3236151,-0.4497157,0.8324836,0.0,0.0,0.0,0.0,0.0,0.0,0.0,-3.489331,0.4853433,1.670259,2.420426,0.0187036,-3.056458,0.1750779,0.2113189,-0.05816396,0.9598485,21.14189,24.40023,357.6857,0.5711589,0.002673609,-0.8208349,0.0,0.0,0.0,2.726287,-0.7859761,-1.177852,-0.4935703,-0.1079087,2.003738,0.9039225,-0.03766263,-0.4260347,0.1856517,0.9319293,0.3115141,0.3853019,-0.3606787,0.8493841,moving,-2.603999747372973,-5.7273747989073085,-13.837884279861388,-3.082611790865983,0.30586100000000016,-0.8046797,1.8786060000000002,-0.04520638702856489,-0.09969312710732653,0.9939907197870843,-2.0597236785899145,-5.901422459623425,11.527715315554614,11.541010920105148,12.110770443520279
05/05/2023 11:40:30.482914,2580,True,True,True,True,Eyes,2.293865,0.01080388,-3.158461,0.315854,-0.4480981,0.8363279,0.0,0.0,0.0,0.0,0.0,0.0,0.0,-3.464631,0.4830326,1.714677,2.425582,0.01789649,-3.048498,0.1739556,0.2040116,-0.05889328,0.9615875,21.01283,23.4751,357.4038,0.5726537,0.002679886,-0.8197928,0.0,0.0,0.0,2.705077,-0.7787209,-1.163025,-0.4904232,-0.1059132,2.003994,0.9098217,-0.04228413,-0.4128396,0.18424,0.932542,0.3105173,0.3718603,-0.3585769,0.8562374,moving,-2.2435378318887085,-5.742577448900824,-13.751321470625522,-3.0253277556283105,0.27949500000000027,-0.7966173900000001,1.885473,-0.03895095518745628,-0.09998323273927578,0.9942264274897389,-1.7079288170369185,-5.918604783841243,11.810117804953867,11.824234866221504,12.38605500433841
05/05/2023 11:40:30.492806,2581,True,True,True,True,Eyes,2.299671,0.01090011,-3.153233,0.307846,-0.4469734,0.8399081,0.0,0.0,0.0,0.0,0.0,0.0,0.0,-3.437342,0.505233,1.755841,2.430135,0.01701105,-3.041005,0.178791,0.1958947,-0.06051735,0.9622872,21.58041,22.46771,357.1385,0.5741603,0.002688707,-0.8187382,0.0,0.0,0.0,2.677114,-0.7938589,-1.157805,-0.4868879,-0.1036712,2.004282,0.9159259,-0.04642173,-0.3986538,0.1865186,0.9287428,0.3203866,0.355374,-0.3678066,0.8593181,moving,-1.847883672812402,-5.08622630882481,-13.654028251900186,-2.9609772284763203,0.24697900000000006,-0.8108699500000001,1.8832000000000002,-0.0321192226807305,-0.08860910765250296,0.9955484810116394,-1.3399284357763697,-5.282609220711771,11.981683346860938,11.995904862737365,12.531042629758776
05/05/2023 11:40:30.512729,2582,True,True,True,True,Eyes,2.30541,0.01099328,-3.147904,0.2995333,-0.4462987,0.8432659,0.0,0.0,0.0,0.0,0.0,0.0,0.0,-3.410669,0.529459,1.792796,2.434638,0.01660118,-3.033046,0.1845023,0.1880662,-0.06239425,0.9626512,22.25263,21.49035,356.8579,0.5756771,0.002699168,-0.8176724,0.0,0.0,0.0,2.649017,-0.8120409,-1.154192,-0.483979,-0.1018266,2.004518,0.9214762,-0.05073051,-0.3851079,0.189525,0.9241317,0.3317542,0.3390604,-0.3786912,0.8611801,moving,-1.4996106103833593,-4.355158363018676,-13.573940928634483,-2.908042621152498,0.2143790000000001,-0.82864208,1.878854,-0.026094640824161047,-0.07591282225356724,0.9967730025793968,-1.0201299042158682,-4.573601176780485,12.146514353154538,12.160739969450674,12.663816823495194
05/05/2023 11:40:30.532885,2583,True,True,True,True,Eyes,2.311022,0.01109065,-3.142439,0.291097,-0.446056,0.846343,0.0,0.0,0.0,0.0,0.0,0.0,0.0,-3.385929,0.5576016,1.823625,2.438867,0.01670479,-3.025341,0.1904265,0.1809489,-0.063597,0.9627828,22.93549,20.61205,356.6668,0.5772036,0.00271104,-0.8165954,0.0,0.0,0.0,2.624416,-0.8305142,-1.152382,-0.4806958,-0.09974515,2.004785,0.9264258,-0.05354523,-0.3726501,0.1913752,0.9193863,0.3436632,0.3242079,-0.3896944,0.8619905,moving,-1.2531580323524283,-3.6434509948372895,-13.483502049491854,-2.848319130544748,0.18554899999999996,-0.84721899,1.872959,-0.021825806737892056,-0.06353222674125847,0.9977410398091968,-0.7990660787786696,-3.88275545256158,12.242148970990215,12.256163733370713,12.726546051440284
05/05/2023 11:40:30.543294,2584,True,True,True,True,Eyes,2.316545,0.01117039,-3.136858,0.2824992,-0.4459161,0.849325,0.0,0.0,0.0,0.0,0.0,0.0,0.0,-3.361189,0.5852039,1.852014,2.442736,0.01693843,-3.017078,0.195129,0.1742189,-0.06378375,0.9630702,23.45761,19.79569,356.5711,0.5787379,0.002724299,-0.8155087,0.0,0.0,0.0,2.602245,-0.8445573,-1.14886,-0.4776268,-0.09779894,2.005035,0.9311588,-0.05486612,-0.3604622,0.1908468,0.9157125,0.3536213,0.310678,-0.3980706,0.8631449,moving,-1.0691721991656222,-3.1004736613935586,-13.398920658620492,-2.792484410713651,0.1595089999999999,-0.8614957299999999,1.8682180000000002,-0.018632187606442474,-0.05407767651776521,0.9983628440363198,-0.6343481991625195,-3.3556671500988626,12.319749372456752,12.333594547088213,12.776990446529041
05/05/2023 11:40:30.563110,2585,True,True,True,True,Eyes,2.321969,0.0112571,-3.131165,0.2738455,-0.4458029,0.8522139,0.0,0.0,0.0,0.0,0.0,0.0,0.0,-3.336632,0.6012919,1.882076,2.446246,0.01661246,-3.008734,0.1967234,0.1679022,-0.06338414,0.9638938,23.61104,19.02831,356.4879,0.5802791,0.002738367,-0.8144128,0.0,0.0,0.0,2.583462,-0.8474976,-1.140601,-0.4743856,-0.09574378,2.005299,0.9355826,-0.05613058,-0.348618,0.1882517,0.9145647,0.3579563,0.2987414,-0.4005256,0.8662176,moving,-0.9104483385906613,-2.9299426811344005,-13.30955192086574,-2.733533377711448,0.137216,-0.86411006,1.868133,-0.015868887352562616,-0.05110842887321698,0.9985670842683393,-0.4842175354891145,-3.190795760958585,12.387214281658078,12.400659105807955,12.833483197630207
05/05/2023 11:40:30.582883,2586,True,True,True,True,Eyes,2.327279,0.01134364,-3.125351,0.2650192,-0.4457638,0.8550202,0.0,0.0,0.0,0.0,0.0,0.0,0.0,-3.310689,0.6203803,1.911878,2.449178,0.01690686,-3.000341,0.1997625,0.1613121,-0.06366343,0.9643757,23.94325,18.21571,356.34,0.5818259,0.002753351,-0.8133085,0.0,0.0,0.0,2.561764,-0.8549989,-1.13482,-0.4711884,-0.09371662,2.005558,0.9398507,-0.05834269,-0.3365661,0.1872391,0.9120839,0.3647528,0.2856959,-0.4058315,0.8681467,moving,-0.7275663605030509,-2.584035034479742,-13.221363802581699,-2.6753969082894606,0.1125860000000003,-0.87190576,1.8655210000000002,-0.012685178079152176,-0.04508100638332832,0.9989028347580591,-0.3152640495479828,-2.855445840375464,12.48095950576531,12.49413148304743,12.90735559490023
05/05/2023 11:40:30.592645,2587,True,True,True,True,Eyes,2.33246,0.01140613,-3.119434,0.2562138,-0.4455456,0.8578132,0.0,0.0,0.0,0.0,0.0,0.0,0.0,-3.284633,0.6303017,1.943112,2.451864,0.01700725,-2.991631,0.2011015,0.1549049,-0.06409031,0.9651194,24.08112,17.41388,356.1434,0.5833774,0.002769171,-0.8121963,0.0,0.0,0.0,2.54135,-0.8561246,-1.126091,-0.4678182,-0.09157944,2.005833,0.9437938,-0.06140639,-0.3247806,0.1860128,0.9109013,0.368318,0.273226,-0.4080296,0.8711254,moving,-0.5407202532196697,-2.421058974202683,-13.128346883591966,-2.6141129629030164,0.08948599999999995,-0.87313185,1.86554,-0.009428784919941396,-0.042240996593329916,0.9990628985733462,-0.13751565773695057,-2.6981117606850615,12.576374694357702,12.58910695912188,12.991102791398372
05/05/2023 11:40:30.612767,2588,True,True,True,True,Eyes,2.3375,0.01145859,-3.113422,0.2471796,-0.4456144,0.8604244,0.0,0.0,0.0,0.0,0.0,0.0,0.0,-3.256628,0.6467777,1.974072,2.453786,0.01650408,-2.983215,0.2026908,0.1483121,-0.06377301,0.9658431,24.23321,16.60825,356.0342,0.5849323,0.002785139,-0.8110771,0.0,0.0,0.0,2.519661,-0.8591411,-1.118457,-0.464782,-0.08965433,2.00608,0.9478731,-0.06306646,-0.3123448,0.1833125,0.9096988,0.3726185,0.2606399,-0.4104517,0.8738399,moving,-0.36416819874349865,-2.2611705148899395,-13.044514481049656,-2.558920319755369,0.06587500000000013,-0.87564518,1.864758,-0.006350942878471155,-0.039453833166931074,0.9992012594226802,0.03028111729566496,-2.5437136036168684,12.671502959920577,12.683841562613946,13.074804441471617
05/05/2023 11:40:30.633151,2589,True,True,True,True,Eyes,2.34237,0.01150359,-3.107293,0.2381663,-0.4455502,0.8629959,0.0,0.0,0.0,0.0,0.0,0.0,0.0,-3.225828,0.6787103,2.003371,2.455519,0.0163657,-2.97494,0.2068125,0.1411022,-0.06302462,0.9660987,24.66982,15.74366,355.9986,0.5864885,0.002800991,-0.8099523,0.0,0.0,0.0,2.494951,-0.8711985,-1.115698,-0.4615353,-0.08759588,2.006344,0.9522361,-0.06341259,-0.2987058,0.1801394,0.906513,0.3818167,0.2465687,-0.4173883,0.8746375,moving,-0.1569462469421618,-1.804413204020306,-12.954830690149043,-2.4999147522006764,0.039432000000000134,-0.8875642,1.859242,-0.0027378671886308936,-0.03148762932973334,0.9995004371559778,0.21997391369533656,-2.10067011459255,12.804624121084874,12.816769040019329,13.180852500128278
05/05/2023 11:40:30.643207,2590,True,True,True,True,Eyes,2.347078,0.01151935,-3.101077,0.2289618,-0.4455933,0.8654612,0.0,0.0,0.0,0.0,0.0,0.0,0.0,-3.19313,0.7030064,2.03585,2.456895,0.01619105,-2.966208,0.20841,0.1338773,-0.06143285,0.9668859,24.8009,14.89112,356.0208,0.5880447,0.002816563,-0.8088232,0.0,0.0,0.0,2.47169,-0.874093,-1.108526,-0.4582642,-0.08552164,2.00661,0.9566057,-0.06299436,-0.2844945,0.1745998,0.9055826,0.3865684,0.2332816,-0.4194663,0.8772843,moving,0.0502731760121014,-1.6609461987880396,-12.864431327358387,-2.440466933984577,0.014795000000000336,-0.89028405,1.857682,0.0008770636732181036,-0.0289849084504962,0.9995794562769885,0.4181084315206918,-1.962453142880632,12.926533786549136,12.938208724007326,13.291138387312392
05/05/2023 11:40:30.663233,2591,True,True,True,True,Eyes,2.351579,0.01150212,-3.094756,0.2197056,-0.4454183,0.867947,0.0,0.0,0.0,0.0,0.0,0.0,0.0,-3.159351,0.7289208,2.068219,2.457822,0.01551984,-2.957908,0.2100629,0.1265798,-0.05972195,0.967618,24.9382,14.0329,356.0542,0.5895993,0.002831144,-0.8076907,0.0,0.0,0.0,2.447742,-0.8777947,-1.102248,-0.4550708,-0.08349669,2.00687,0.9608217,-0.06239666,-0.2700524,0.1687555,0.9046137,0.391402,0.2198709,-0.4216403,0.8797024,moving,0.2578781282758076,-1.4978271920691755,-12.776137552716783,-2.3824415195208855,-0.010080000000000311,-0.89331454,1.8556600000000003,0.00449926940988013,-0.026138774156060418,0.9996482023770388,0.6160890856430368,-1.8051176397956636,13.052767610382107,13.064000431747298,13.404664755050584
05/05/2023 11:40:30.682824,2592,True,True,True,True,Eyes,2.355911,0.01145249,-3.088353,0.2102545,-0.4453662,0.8703114,0.0,0.0,0.0,0.0,0.0,0.0,0.0,-3.123953,0.7591436,2.099406,2.458414,0.01466103,-2.949384,0.2123325,0.1191,-0.05783118,0.9681869,25.14626,13.15801,356.1104,0.5911503,0.002844003,-0.8065561,0.0,0.0,0.0,2.422948,-0.8839663,-1.097231,-0.4516765,-0.08134425,2.007146,0.9649415,-0.06140514,-0.255181,0.1625603,0.903141,0.3973796,0.2060633,-0.4249304,0.8814602,moving,0.4667482716066613,-1.2724224350220275,-12.682248725709773,-2.3207744016365064,-0.035466,-0.89862733,1.8521529999999997,0.008144195160240286,-0.022205398418449207,0.9997202269679852,0.8136242696364906,-1.5871874724904502,13.179915331924414,13.190722644394471,13.515795858517931
05/05/2023 11:40:30.692634,2593,True,True,True,True,Eyes,2.360038,0.01136686,-3.081856,0.2007152,-0.4450545,0.8727199,0.0,0.0,0.0,0.0,0.0,0.0,0.0,-3.087457,0.7878155,2.131267,2.458771,0.01385069,-2.94102,0.2140836,0.1115733,-0.05575383,0.9688195,25.29367,12.28117,356.1785,0.592696,0.002854484,-0.8054209,0.0,0.0,0.0,2.397833,-0.8884076,-1.091861,-0.4485834,-0.07938302,2.007398,0.9688858,-0.06025877,-0.2400608,0.1558028,0.9021195,0.4023753,0.1923169,-0.4272579,0.8834392,moving,0.6752419238201939,-1.0921593676943633,-12.59665047710601,-2.2645949190009387,-0.06093800000000016,-0.90225829,1.849159,0.011782782065958522,-0.019059300588846362,0.9997489847182391,1.0120091574389443,-1.41317696176556,13.313176981718929,13.323578086374932,13.635267859004314
05/05/2023 11:40:30.713049,2594,True,True,True,True,Eyes,2.363986,0.01124296,-3.075275,0.1910057,-0.4448165,0.8750172,0.0,0.0,0.0,0.0,0.0,0.0,0.0,-3.050333,0.813989,2.162696,2.458659,0.01286233,-2.932438,0.2154563,0.104125,-0.05376335,0.9694566,25.40077,11.41115,356.2314,0.5942349,0.002861913,-0.8042861,0.0,0.0,0.0,2.372499,-0.8917248,-1.085951,-0.4456493,-0.0775227,2.007636,0.972535,-0.05937369,-0.2250567,0.1491112,0.9013762,0.4065547,0.1787221,-0.4289472,0.8854732,moving,0.8734407669052531,-0.9583376792613235,-12.515425715830245,-2.211316150405715,-0.08616000000000001,-0.90458713,1.8464869999999998,0.015241694943608802,-0.01672342509229549,0.99974397431993,1.2016102156631854,-1.284284911892639,13.437387586152735,13.447367799746884,13.748325776728631
05/05/2023 11:40:30.732836,2595,True,True,True,True,Eyes,2.367726,0.01108953,-3.068593,0.1813521,-0.4443235,0.8773187,0.0,0.0,0.0,0.0,0.0,0.0,0.0,-3.013458,0.8364965,2.193601,2.458394,0.01182801,-2.923815,0.2164826,0.09682974,-0.05206497,0.9700767,25.47342,10.55182,356.2471,0.5957661,0.002865618,-0.8031527,0.0,0.0,0.0,2.347796,-0.8936177,-1.079623,-0.4424518,-0.07549495,2.007896,0.9758265,-0.05909009,-0.2104068,0.1429379,0.900849,0.4099265,0.1653222,-0.4300923,0.8875185,moving,1.0675675449414572,-0.8430075779023033,-12.426869153305661,-2.153251670098369,-0.11059799999999997,-0.90544571,1.8441919999999998,0.018629475152037833,-0.014710174131817744,0.999718266127473,1.3877401558227522,-1.1733578813646819,13.548401116167975,13.557896643068693,13.849318474244727
05/05/2023 11:40:30.742995,2596,True,True,True,True,Eyes,2.371268,0.01088716,-3.061829,0.1715811,-0.4438047,0.8795438,0.0,0.0,0.0,0.0,0.0,0.0,0.0,-2.976496,0.8528033,2.224831,2.457685,0.01089901,-2.914848,0.2163954,0.08975232,-0.05035961,0.9708664,25.41818,9.719331,356.2583,0.5972877,0.002865218,-0.8020217,0.0,0.0,0.0,2.323928,-0.8913579,-1.071194,-0.4392297,-0.07345176,2.008159,0.9788169,-0.05894092,-0.1960702,0.1366289,0.9012738,0.4111422,0.1524798,-0.4292217,0.8902351,moving,1.240827678504785,-0.8556049422820988,-12.337587486282809,-2.094754736863322,-0.13375700000000013,-0.9022569100000001,1.8436540000000001,0.021652422126779633,-0.014929067390253181,0.9996540788195887,1.5569769546023617,-1.1867638844499826,13.625947981280131,13.63483958837596,13.924200816922204
05/05/2023 11:40:30.762958,2597,True,True,True,True,Eyes,2.374648,0.01064578,-3.054984,0.161924,-0.4430169,0.8817691,0.0,0.0,0.0,0.0,0.0,0.0,0.0,-2.939784,0.8687465,2.254609,2.456545,0.009511411,-2.906133,0.2159168,0.08293602,-0.04834846,0.9716812,25.31687,8.928533,356.3121,0.5987988,0.002859867,-0.8008941,0.0,0.0,0.0,2.301091,-0.8883986,-1.06262,-0.4359984,-0.07140285,2.008421,0.9815681,-0.05814401,-0.1820532,0.1297731,0.9020848,0.4115847,0.1402962,-0.4276241,0.8930032,moving,1.3851073920478758,-0.8999969697324958,-12.248023596097893,-2.0361067963826436,-0.1554540000000002,-0.897910011,1.8435130000000002,0.024169350782071178,-0.015702676796549603,0.9995845985211136,1.6988200601285777,-1.2309134118343996,13.672094571792465,13.68038764356301,13.970067442848828
05/05/2023 11:40:30.782884,2598,True,True,True,True,Eyes,2.377823,0.01036759,-3.048057,0.1521882,-0.4422466,0.8838872,0.0,0.0,0.0,0.0,0.0,0.0,0.0,-2.903753,0.8855515,2.281492,2.455099,0.008328147,-2.897173,0.215858,0.07637578,-0.04641178,0.9723261,25.26834,8.168354,356.3683,0.6002987,0.002849057,-0.7997707,0.0,0.0,0.0,2.278669,-0.8869517,-1.054803,-0.4328801,-0.06942564,2.008675,0.9840254,-0.05728211,-0.168561,0.1232274,0.9025026,0.4126792,0.1284876,-0.4268582,0.8951441,moving,1.495825810045022,-0.8949013423277923,-12.161549464877472,-1.9795205025555913,-0.1764300000000003,-0.895279847,1.84237,0.02610093650717986,-0.015613017998934303,0.9995373232336313,1.8066131269436208,-1.2266896702612653,13.692596942135337,13.700375838742437,13.988435239640033
05/05/2023 11:40:30.792907,2599,True,True,True,True,Eyes,2.380783,0.0100406,-3.041044,0.1426345,-0.4412353,0.8859836,0.0,0.0,0.0,0.0,0.0,0.0,0.0,-2.868585,0.9024019,2.306191,2.453424,0.007161669,-2.888302,0.2157982,0.07011429,-0.04435198,0.9729071,25.22174,7.449197,356.4485,0.6017868,0.002832378,-0.7986516,0.0,0.0,0.0,2.257427,-0.8856657,-1.047261,-0.429679,-0.06739581,2.008935,0.9862338,-0.05603962,-0.1555715,0.1165618,0.9029281,0.4136838,0.1172872,-0.4261226,0.8970302,moving,1.5796745833521648,-0.8747596651359494,-12.07274775540702,-1.9214398580503442,-0.1959970000000002,-0.892827369,1.841041,0.027563821274142683,-0.015261043491116288,0.9995036099652815,1.887807615621277,-1.2076481744665146,13.68520602072846,13.69248608332651,13.978791250859299
05/05/2023 11:40:30.812682,2600,True,True,True,True,Eyes,2.383521,0.009669742,-3.033963,0.1330517,-0.440293,0.8879411,0.0,0.0,0.0,0.0,0.0,0.0,0.0,-2.834119,0.9195921,2.328243,2.451222,0.005598135,-2.879248,0.2154404,0.06423319,-0.04185705,0.9735028,25.14059,6.789778,356.5917,0.6032614,0.002809158,-0.7975384,0.0,0.0,0.0,2.237827,-0.8840311,-1.039153,-0.4263215,-0.06526703,2.009208,0.9882442,-0.05381906,-0.1430978,0.1091728,0.9036669,0.4140864,0.107027,-0.4248409,0.898919,moving,1.61164449806008,-0.8981177362316527,-11.979567059528652,-1.8605395097566475,-0.21339500000000022,-0.8896292349999999,1.840095,0.028121342376124757,-0.01566827127727785,0.9994817522942809,1.9196020693985034,-1.2305872167196434,13.618489871497378,13.625244484899657,13.913437474830735
05/05/2023 11:40:30.833028,2601,True,True,True,True,Eyes,2.386069,0.009273618,-3.026799,0.1231767,-0.4395605,0.8897269,0.0,0.0,0.0,0.0,0.0,0.0,0.0,-2.801116,0.9392494,2.34686,2.448719,0.004177343,-2.870532,0.2159254,0.0586812,-0.03958604,0.9738408,25.16331,6.164779,356.7217,0.6047212,0.002778911,-0.7964321,0.0,0.0,0.0,2.218515,-0.8855636,-1.033019,-0.423271,-0.0633328,2.009456,0.9899789,-0.05175948,-0.1313875,0.1024425,0.9036183,0.415908,0.09719703,-0.4251998,0.8998655,moving,1.592894566772784,-0.8329699323279774,-11.894872917153402,-1.8052156115419309,-0.23020400000000008,-0.8897409430000001,1.837513,0.0277947368419601,-0.014531938411741163,0.9995079612172351,1.8995683373917494,-1.1670750901556046,13.516429499965225,13.522763525300837,13.809193779874782
05/05/2023 11:40:30.843223,2602,True,True,True,True,Eyes,2.388374,0.008860537,-3.019545,0.1133512,-0.4388103,0.8914016,0.0,0.0,0.0,0.0,0.0,0.0,0.0,-2.768845,0.9617454,2.361609,2.445753,0.003162276,-2.861283,0.216846,0.05347228,-0.03695493,0.9740394,25.23838,5.59194,356.9073,0.6061662,0.002741671,-0.795333,0.0,0.0,0.0,2.200545,-0.8886185,-1.027223,-0.4200626,-0.06129849,2.009717,0.9915501,-0.04880062,-0.1201953,0.09518162,0.9032243,0.418481,0.08814117,-0.4263853,0.9002371,moving,1.528112441324445,-0.7176471051929842,-11.805759543775801,-1.7470401266044568,-0.24520799999999987,-0.8917807759999999,1.8340599999999998,0.02666533849424796,-0.012520522342222895,0.9995658971040154,1.8333091717526577,-1.0544381958872544,13.367611368705942,13.373548224296043,13.656642810784074
05/05/2023 11:40:30.862833,2603,True,True,True,True,Eyes,2.390486,0.008442168,-3.012209,0.1033649,-0.4380574,0.8929846,0.0,0.0,0.0,0.0,0.0,0.0,0.0,-2.735979,0.9790772,2.3778,2.442279,0.00232394,-2.851907,0.216102,0.04846839,-0.03354143,0.9745901,25.11732,5.067498,357.1873,0.607595,0.002697693,-0.7942423,0.0,0.0,0.0,2.183987,-0.8859181,-1.018444,-0.4168256,-0.05924588,2.009981,0.9930516,-0.04443005,-0.1089704,0.08632651,0.9043499,0.4179702,0.07997689,-0.424473,0.9019015,moving,1.4212628899810085,-0.8020111525178117,-11.715812711350136,-1.6883524285728673,-0.25829199999999997,-0.8882420400000001,1.8334630000000003,0.02480074577340368,-0.013992973366864142,0.9995945196875419,1.7314240896021285,-1.135814518018741,13.16149560471074,13.16694179423335,13.45858371907997
05/05/2023 11:40:30.882815,2604,True,True,True,True,Eyes,2.392348,0.008019391,-3.004776,0.09339917,-0.4372352,0.8944842,0.0,0.0,0.0,0.0,0.0,0.0,0.0,-2.699494,0.9979487,2.396347,2.438391,0.001739811,-2.842515,0.2151262,0.0429728,-0.02960926,0.9751911,24.96869,4.496685,357.5179,0.6090071,0.002647503,-0.7931601,0.0,0.0,0.0,2.165535,-0.882409,-1.009687,-0.4136227,-0.0572148,2.010242,0.9945533,-0.03926023,-0.09655282,0.07623851,0.905688,0.4170334,0.0710739,-0.422123,0.9037482,moving,1.3577167713591791,-0.9083341707790106,-11.62678024394179,-1.6302921833434367,-0.272856,-0.884148811,1.8328280000000001,0.023691434575419848,-0.015848308418408008,0.9995936955450464,1.6723438789295808,-1.2388437376375374,12.999563368047806,13.004552514879771,13.304883852224519
05/05/2023 11:40:30.892487,2605,True,True,True,True,Eyes,2.393972,0.007566972,-2.997253,0.08336339,-0.4363028,0.8959299,0.0,0.0,0.0,0.0,0.0,0.0,0.0,-2.661909,1.013152,2.416314,2.434334,0.001173221,-2.832812,0.2134714,0.03736699,-0.02563868,0.9758978,24.74425,3.913659,357.8489,0.6104016,0.002591592,-0.7920875,0.0,0.0,0.0,2.146637,-0.8764247,-0.9996098,-0.4103676,-0.05515057,2.010507,0.9958927,-0.03408789,-0.08387898,0.06599502,0.9075452,0.4147364,0.06198648,-0.4185686,0.9060674,moving,1.3034782835472098,-1.082561117109096,-11.536263506252958,-1.5712965344878922,-0.2876970000000001,-0.8775979209999999,1.8332022000000001,0.0227439668871096,-0.01888824420665125,0.9995628644538422,1.6241671534139814,-1.408004133089715,12.844475650860195,12.849040101771855,13.161443672950774
05/05/2023 11:40:30.912752,2606,True,True,True,True,Eyes,2.395351,0.007087638,-2.989649,0.07339799,-0.4352573,0.8973092,0.0,0.0,0.0,0.0,0.0,0.0,0.0,-2.623643,1.027645,2.43635,2.430017,-7.763505e-05,-2.823185,0.2109067,0.03187646,-0.02089206,0.976763,24.41504,3.365711,358.2777,0.6117781,0.002529743,-0.7910252,0.0,0.0,0.0,2.128492,-0.868497,-0.988301,-0.407314,-0.05321449,2.010755,0.9970948,-0.02736726,-0.07108403,0.05425909,0.9101638,0.4106797,0.05345894,-0.4133435,0.9090045,moving,1.2215337803499209,-1.3564101776413058,-11.45132191691405,-1.5159749251801946,-0.3015249999999998,-0.8684193649499999,1.8348840000000002,0.02131220025891245,-0.023666235579919315,0.9994927123083838,1.5516672175072708,-1.6739115458809481,12.669603939712173,12.673860202492888,13.00394826220242
05/05/2023 11:40:30.932605,2607,True,True,True,True,Eyes,2.396489,0.006608753,-2.981944,0.06347203,-0.4341091,0.8986214,0.0,0.0,0.0,0.0,0.0,0.0,0.0,-2.586746,1.041378,2.454468,2.425564,-0.001258664,-2.813676,0.2083396,0.02671914,-0.01611717,0.9775589,24.09115,2.858348,358.7209,0.6131355,0.002461818,-0.7899737,0.0,0.0,0.0,2.11152,-0.8606564,-0.9771125,-0.4041941,-0.05123621,2.011009,0.9980527,-0.02037765,-0.05895473,0.04264425,0.9126697,0.406467,0.04552336,-0.4081895,0.9117615,moving,1.1015352949332655,-1.618064274546325,-11.364501619020986,-1.4594582358978534,-0.314044,-0.859397736,1.8365635,0.019216569173779022,-0.028231578997815032,0.9994165954443474,1.4417428454403882,-1.9277010980138514,12.463004160353197,12.467045849581439,12.814801936099915
05/05/2023 11:40:30.943215,2608,True,True,True,True,Eyes,2.397361,0.006138539,-2.974156,0.05364835,-0.4327316,0.8999251,0.0,0.0,0.0,0.0,0.0,0.0,0.0,-2.552446,1.050701,2.470043,2.420708,-0.001801878,-2.803611,0.2058178,0.02205748,-0.01192514,0.9782691,23.77941,2.395418,359.1076,0.6144736,0.002388409,-0.7889335,0.0,0.0,0.0,2.095556,-0.852084,-0.9652112,-0.4009882,-0.04920322,2.011269,0.9987425,-0.01425235,-0.0480651,0.03241163,0.9149936,0.4021642,0.03824748,-0.4032163,0.914305,moving,0.9455342721040187,-1.8506618531335923,-11.275261335445023,-1.401391186896853,-0.32515199999999966,-0.850282122,1.8383998,0.016493331798983435,-0.032290133174886965,0.999342426804751,1.2959393510457706,-2.1529803663427716,12.225175701962852,12.229051043029905,12.593648120965062
05/05/2023 11:40:30.963030,2609,True,True,True,True,Eyes,2.398,0.005720855,-2.96629,0.04386327,-0.4314409,0.9010742,0.0,0.0,0.0,0.0,0.0,0.0,0.0,-2.518879,1.048742,2.4889,2.415245,-0.002137929,-2.79389,0.2016618,0.01758029,-0.008195098,0.9792633,23.28145,1.941857,359.4411,0.6157908,0.002310294,-0.7879061,0.0,0.0,0.0,2.079397,-0.8368936,-0.9507842,-0.3976689,-0.0470987,2.011539,0.9992476,-0.00895977,-0.03773674,0.02314086,0.9185307,0.3946717,0.03112618,-0.395248,0.9180469,moving,0.7851518994850859,-2.2724824125893472,-11.182825967682916,-1.3412932841840004,-0.3358479999999999,-0.834755671,1.8431058000000002,0.013692281861679513,-0.03964818423406258,0.9991198594052196,1.150965004995923,-2.5623415607085067,12.000126086974998,12.004149591782147,12.394085631918859
05/05/2023 11:40:30.982833,2610,True,True,True,True,Eyes,2.398378,0.005402827,-2.958317,0.03402879,-0.430014,0.9021807,0.0,0.0,0.0,0.0,0.0,0.0,0.0,-2.478729,1.0618,2.507026,2.409385,-0.001336597,-2.784162,0.2006257,0.01190363,-0.004650933,0.9795848,23.15191,1.337074,359.7298,0.6170869,0.002229279,-0.7868916,0.0,0.0,0.0,2.057565,-0.832055,-0.942665,-0.394486,-0.04508013,2.011798,0.9996734,-0.004335618,-0.02518741,0.01388831,0.9194555,0.392949,0.02145503,-0.3931704,0.9192153,moving,0.7545614141480458,-2.3153044450215443,-11.094156440841283,-1.2836621848859662,-0.35182,-0.830718403,1.841497,0.013158451548522972,-0.04039519158900659,0.9990971413464693,1.1222990128386225,-2.6038038646836403,11.889700582932699,11.893544491027079,12.287577381505457
05/05/2023 11:40:30.992957,2611,True,True,True,True,Eyes,2.398546,0.00509684,-2.950256,0.02426968,-0.4283721,0.9032764,0.0,0.0,0.0,0.0,0.0,0.0,0.0,-2.437318,1.058809,2.531652,2.403615,0.0006874576,-2.773713,0.1977552,0.00578968,-0.002191998,0.9802319,22.81254,0.6516461,359.8752,0.6183615,0.002148245,-0.7858906,0.0,0.0,0.0,2.033131,-0.8183419,-0.9310822,-0.3913238,-0.04307574,2.012055,0.9999233,-0.002007454,-0.01221742,0.006587212,0.9217761,0.3876666,0.0104835,-0.3877174,0.9217187,moving,0.808243866084712,-2.5526679142980155,-11.006034562474676,-1.2264481521882187,-0.3704839999999998,-0.8190293576,1.8426307999999998,0.014092053665171165,-0.04453329831834446,0.9989084680725553,1.181027396412019,-2.8351107750828524,11.884391166233339,11.888483235675368,12.292773268227208
05/05/2023 11:40:31.012838,2612,True,True,True,True,Eyes,2.398446,0.004901667,-2.942124,0.01450889,-0.4270429,0.904115,0.0,0.0,0.0,0.0,0.0,0.0,0.0,-2.402984,1.034071,2.55773,2.397507,0.0005942956,-2.763617,0.1920147,0.0007525308,-0.001325983,0.981391,22.14087,0.05986764,359.8569,0.6196145,0.002067515,-0.7849033,0.0,0.0,0.0,2.011187,-0.7949539,-0.9143969,-0.3881507,-0.04106367,2.012314,0.9999954,-0.002313621,-0.00198627,0.002891609,0.9262572,0.376881,0.0009678373,-0.3768849,0.9262596,moving,0.7862152543815221,-3.139722559357094,-10.917572653491586,-1.1690265479026112,-0.38632,-0.7955481956,1.8492201000000001,0.013701021613306427,-0.05476593604933777,0.9984052552995872,1.1753765091977737,-3.4061596188881174,11.86333756430846,11.86854220879883,12.298137412986014
05/05/2023 11:40:31.032484,2613,True,True,True,True,Eyes,2.39807,0.004775872,-2.933897,0.004961682,-0.4254629,0.9049622,0.0,0.0,0.0,0.0,0.0,0.0,0.0,-2.3676,1.05547,2.565362,2.391062,0.003108859,-2.753805,0.1955261,-0.004404747,-0.0003992607,0.9806886,22.55046,359.4543,359.8445,0.6208451,0.001989949,-0.7839305,0.0,0.0,0.0,1.98851,-0.8037657,-0.913412,-0.3849027,-0.03900385,2.012578,0.9999608,-0.002505586,0.008483238,-0.0009393854,0.9235387,0.3835039,-0.008795501,-0.3834969,0.9235003,moving,0.7860642152211302,-2.629878985416768,-10.826997482057678,-1.1102557375151343,-0.4025519999999998,-0.806874559,1.8403929999999997,0.013704531075647456,-0.045879620016830325,0.9988529057316832,1.1614873407397077,-2.910088848212749,11.708178000868305,11.712064583170948,12.122836614126527
05/05/2023 11:40:31.042941,2614,True,True,True,True,Eyes,2.397455,0.004683036,-2.925651,-0.004550504,-0.4238071,0.905741,0.0,0.0,0.0,0.0,0.0,0.0,0.0,-2.335286,1.032301,2.587266,2.384763,0.004569102,-2.743362,0.1894469,-0.008779013,0.0017331,0.9818502,21.84194,358.9763,0.004751471,0.6220529,0.001917024,-0.7829725,0.0,0.0,0.0,1.969877,-0.7787172,-0.8959399,-0.3818186,-0.03704864,2.012829,0.9998398,7.697535e-05,0.01789601,-0.006729605,0.9282137,0.3719866,-0.01658269,-0.3720475,0.9280655,moving,0.667242189925711,-3.2351101292709625,-10.74096250274885,-1.0544815467829645,-0.41488599999999987,-0.783286302,1.8474220999999997,0.011626753651519146,-0.056429509714188225,0.9983388468906771,1.0619703164647103,-3.4981812584432053,11.609688939417532,11.614743876845735,12.053252316932427
05/05/2023 11:40:31.063103,2615,True,True,True,True,Eyes,2.396617,0.004647658,-2.917367,-0.01401105,-0.422665,0.9061777,0.0,0.0,0.0,0.0,0.0,0.0,0.0,-2.294942,1.040442,2.604974,2.378422,0.005429972,-2.734638,0.186817,-0.01412098,0.006376867,0.9822726,21.54246,358.4377,0.4466915,0.6232365,0.001849172,-0.7820308,0.0,0.0,0.0,1.949573,-0.7690677,-0.8871152,-0.3786055,-0.03501111,2.01309,0.9995199,0.007251564,0.03012392,-0.01780372,0.9301175,0.3668304,-0.02535869,-0.3671906,0.9298,moving,0.5871237289201034,-3.4666981056453063,-10.651302163014646,-0.9963720568153066,-0.42884900000000004,-0.774497672,1.8475228,0.01022831402856909,-0.060465223603135,0.9981179159053044,0.9901113682180313,-3.7229814111308652,11.501234349723441,11.506725308098627,11.956458822586576
05/05/2023 11:40:31.072997,2616,True,True,True,True,Eyes,2.395585,0.004741731,-2.909029,-0.02341418,-0.4216242,0.9064683,0.0,0.0,0.0,0.0,0.0,0.0,0.0,-2.250076,1.083626,2.611485,2.372498,0.006792385,-2.725463,0.189351,-0.01990577,0.01294139,0.9816224,21.85492,357.8896,1.103152,0.6243963,0.00178737,-0.7811053,0.0,0.0,0.0,1.929749,-0.7800297,-0.8868495,-0.3754459,-0.03300744,2.013347,0.9988726,0.01786876,0.04398084,-0.03294548,0.9279574,0.3712272,-0.03417898,-0.3722576,0.9274999,moving,0.5132968191341489,-3.0940122483643817,-10.563104138678366,-0.9392407757875211,-0.4427490000000003,-0.7868220850000001,1.8386135000000001,0.008945541801037085,-0.053972299157600295,0.9985023469983086,0.9080984098247137,-3.359874361125744,11.279720239945798,11.284046183761438,11.723819977432736
05/05/2023 11:40:31.092691,2617,True,True,True,True,Eyes,2.394366,0.004906089,-2.900684,-0.03272448,-0.4209803,0.9064792,0.0,0.0,0.0,0.0,0.0,0.0,0.0,-2.201799,1.114652,2.624546,2.366879,0.009690937,-2.715952,0.1882457,-0.02589035,0.02150894,0.981545,21.75614,357.3632,2.003882,0.6255318,0.001734481,-0.7801964,0.0,0.0,0.0,1.911037,-0.7775188,-0.8811069,-0.3722607,-0.03098786,2.013606,0.9977341,0.03247649,0.05892302,-0.05197148,0.9282019,0.3684295,-0.04272716,-0.3706569,0.9277865,moving,0.40685953540790065,-3.157544076544966,-10.47416345382907,-0.8816687341369901,-0.45584199999999986,-0.787209737,1.8348451000000001,0.007090198473935699,-0.055080260672015824,0.9984566783701253,0.8060537182984091,-3.42098399600163,11.11218946531799,11.116486399329784,11.562500657275585
05/05/2023 11:40:31.112966,2618,True,True,True,True,Eyes,2.393001,0.005104155,-2.892338,-0.04199641,-0.4207113,0.906222,0.0,0.0,0.0,0.0,0.0,0.0,0.0,-2.150663,1.159824,2.633859,2.361626,0.0115516,-2.707461,0.1891874,-0.03214338,0.03070113,0.9809344,21.90907,356.8214,2.969899,0.626643,0.001691492,-0.7793043,0.0,0.0,0.0,1.892573,-0.7844278,-0.8801454,-0.369002,-0.02892166,2.013871,0.9960485,0.04806935,0.07467763,-0.07239384,0.9265311,0.3691872,-0.05144456,-0.3731346,0.9263499,moving,0.322485763383281,-2.99203260105522,-10.383141141777822,-0.8227811744514621,-0.4690529999999997,-0.7959794,1.8273156,0.005620736283245789,-0.0521962646896095,0.9986210327049319,0.7193434982544666,-3.2593844161674745,10.919440485595155,10.923190888395741,11.366714588644067
05/05/2023 11:40:31.132916,2619,True,True,True,True,Eyes,2.391536,0.005313769,-2.884004,-0.0512592,-0.4208166,0.9056964,0.0,0.0,0.0,0.0,0.0,0.0,0.0,-2.098559,1.211812,2.639629,2.356826,0.01255065,-2.699129,0.1920221,-0.03860131,0.03917288,0.9798484,22.29215,356.2446,3.838581,0.6277305,0.001658327,-0.7784287,0.0,0.0,0.0,1.873673,-0.7989305,-0.8827299,-0.3657635,-0.02686805,2.014135,0.9939508,0.06194235,0.09069099,-0.09159157,0.923186,0.3732809,-0.06060275,-0.3793294,0.9232749,moving,0.2938347841652107,-2.620392909233677,-10.292651063543067,-0.764265833959811,-0.48315299999999994,-0.81148115,1.8163991000000002,0.005122999903974964,-0.045717944263916344,0.998941294490034,0.6813970899796544,-2.8975948506050133,10.745105676923465,10.747971451548073,11.179482347993392
05/05/2023 11:40:31.143445,2620,True,True,True,True,Eyes,2.389953,0.005553576,-2.875682,-0.06052389,-0.4212018,0.9049453,0.0,0.0,0.0,0.0,0.0,0.0,0.0,-2.048321,1.254161,2.647172,2.352377,0.01301444,-2.691136,0.1941879,-0.04498883,0.04629373,0.9788381,22.60169,355.6456,4.544961,0.6287947,0.001634345,-0.7775694,0.0,0.0,0.0,1.854381,-0.8105059,-0.8845804,-0.3625003,-0.02479887,2.0144,0.9916658,0.07315554,0.1060529,-0.1081007,0.9202959,0.3759916,-0.0700942,-0.3843225,0.9205341,moving,0.29471117138445185,-2.34039965929783,-10.201447324096735,-0.705321095046066,-0.4979960000000001,-0.82352034,1.8065556000000003,0.005139367371026715,-0.04083578413188266,0.9991527006486157,0.6747046855420902,-2.6251716391180118,10.620464084290578,10.622750353535448,11.044297562468335
05/05/2023 11:40:31.162828,2621,True,True,True,True,Eyes,2.388256,0.005863325,-2.867352,-0.06991889,-0.4214855,0.9041356,0.0,0.0,0.0,0.0,0.0,0.0,0.0,-1.999897,1.289881,2.655074,2.34803,0.0139843,-2.683162,0.1966815,-0.05139967,0.05173139,0.9777518,22.95009,355.0059,5.042801,0.629837,0.001619446,-0.7767254,0.0,0.0,0.0,1.833786,-0.8215784,-0.8870905,-0.3593302,-0.02278876,2.014658,0.9893639,0.08094217,0.1208614,-0.1213796,0.9172805,0.3792933,-0.08016304,-0.3899292,0.9173489,moving,0.34306921812946267,-2.017327985447673,-10.112815823835794,-0.648072320322868,-0.5142440000000001,-0.8355627,1.7960714999999998,0.005983940370167827,-0.035201108573457096,0.9993622643912904,0.713137199135979,-2.311148671758044,10.543425603141985,10.545159699467295,10.952948543944439
05/05/2023 11:40:31.182898,2622,True,True,True,True,Eyes,2.386456,0.006226344,-2.858998,-0.07941414,-0.4214956,0.9033464,0.0,0.0,0.0,0.0,0.0,0.0,0.0,-1.954822,1.302601,2.670138,2.343886,0.01598906,-2.674636,0.1967578,-0.05786758,0.05510657,0.9771904,23.01159,354.3004,5.294195,0.6308576,0.001614636,-0.7758966,0.0,0.0,0.0,1.810845,-0.8209374,-0.8850632,-0.3561119,-0.02074808,2.01492,0.9872292,0.08492742,0.1347806,-0.130471,0.9164993,0.3781618,-0.09140999,-0.3909174,0.9158754,moving,0.4332465105443433,-1.9672931643020743,-10.02280952664681,-0.5899665511327143,-0.5330409999999999,-0.83692646,1.7895728,0.007557048911891247,-0.03432801423688689,0.9993819806733335,0.7996951312047806,-2.2630635848740144,10.544729309858285,10.54638025353847,10.951066649122966
05/05/2023 11:40:31.192733,2623,True,True,True,True,Eyes,2.38457,0.006604534,-2.850631,-0.0890707,-0.4209787,0.9026867,0.0,0.0,0.0,0.0,0.0,0.0,0.0,-1.914243,1.284603,2.695656,2.339737,0.01757386,-2.665785,0.1925524,-0.06421497,0.05655478,0.9775489,22.56442,353.5481,5.333719,0.6318573,0.001620372,-0.7750826,0.0,0.0,0.0,1.785471,-0.8031613,-0.8755318,-0.3528503,-0.01868004,2.015185,0.985356,0.08584063,0.1473261,-0.1352996,0.9194503,0.3691953,-0.103767,-0.383722,0.9176,moving,0.5210409089518249,-2.39289500567029,-9.931567673500483,-0.5310960529482185,-0.5542659999999999,-0.82073516,1.7902532,0.009085824796552448,-0.041750031869734056,0.9990867411970358,0.8967501188439582,-2.6777496788438153,10.614707189372213,10.617123975837933,11.039048328618454
05/05/2023 11:40:31.212885,2624,True,True,True,True,Eyes,2.382604,0.006962024,-2.842266,-0.09878066,-0.4202528,0.9020144,0.0,0.0,0.0,0.0,0.0,0.0,0.0,-1.879753,1.255531,2.721697,2.335907,0.01825211,-2.657192,0.1876386,-0.07003786,0.05613283,0.9781286,22.02013,352.8152,5.169312,0.6328379,0.001636053,-0.7742823,0.0,0.0,0.0,1.760394,-0.782038,-0.8647327,-0.3497385,-0.01670653,2.015438,0.9838876,0.08352663,0.1580774,-0.1360939,0.9232817,0.3592066,-0.1159467,-0.3749323,0.9197729,moving,0.5907265242377081,-2.898197292791615,-9.844490512567704,-0.4749298842924642,-0.5755130000000002,-0.80029011,1.7924593000000002,0.010296754688126901,-0.050558837067802564,0.9986680095719896,0.9783005064668554,-3.169862964019046,10.70927736854283,10.712888477825581,11.153271705912115
05/05/2023 11:40:31.232835,2625,True,True,True,True,Eyes,2.380551,0.007296865,-2.833912,-0.1082133,-0.4190243,0.9015034,0.0,0.0,0.0,0.0,0.0,0.0,0.0,-1.848251,1.234783,2.741359,2.332123,0.01808991,-2.648895,0.1846536,-0.07538307,0.0551211,0.9783568,21.69246,352.1351,4.940161,0.6338,0.001660171,-0.773495,0.0,0.0,0.0,1.737346,-0.7682678,-0.8569072,-0.3465223,-0.01466733,2.0157,0.9825581,0.0800167,0.1678597,-0.1356957,0.9257295,0.3530038,-0.1271465,-0.3696246,0.9204409,moving,0.6582674915258508,-3.152198753289902,-9.754464210241807,-0.4169079099530309,-0.5947770000000001,-0.78635771,1.7919878,0.011471301325363517,-0.054984875486018436,0.9984212213352787,1.0509868808857026,-3.4174502799343753,10.761638545385402,10.766001926929036,11.214322440379622
05/05/2023 11:40:31.252784,2626,True,True,True,True,Eyes,2.378435,0.007654879,-2.825561,-0.1176236,-0.4178658,0.9008622,0.0,0.0,0.0,0.0,0.0,0.0,0.0,-1.817125,1.223852,2.756314,2.328772,0.01790939,-2.640744,0.1828027,-0.08044405,0.05504855,0.9783055,21.5018,351.5156,4.827405,0.6347441,0.001691313,-0.7727202,0.0,0.0,0.0,1.716973,-0.7595996,-0.8509654,-0.3433221,-0.01263821,2.01596,0.9809968,0.07829782,0.1775238,-0.1371194,0.9271057,0.3488171,-0.1372717,-0.3665304,0.9202238,moving,0.6782461409003241,-3.2702204792929206,-9.664863993610316,-0.3591869915972692,-0.6117989999999998,-0.7775089900000001,1.7897786000000002,0.011818077655226078,-0.05704114204277791,0.9983017993725297,1.0736435136912115,-3.532416048291408,10.740205260573799,10.744954314519081,11.197541075192323
05/05/2023 11:40:31.262869,2627,True,True,True,True,Eyes,2.376278,0.008000602,-2.817206,-0.1267692,-0.4164564,0.9002742,0.0,0.0,0.0,0.0,0.0,0.0,0.0,-1.785149,1.225657,2.765506,2.325238,0.01882932,-2.632476,0.1828882,-0.08534356,0.05587438,0.9778274,21.54324,350.9402,4.813734,0.6356711,0.001729436,-0.7719577,0.0,0.0,0.0,1.698353,-0.7579334,-0.8479297,-0.3401516,-0.01062793,2.016218,0.979189,0.07805435,0.1873401,-0.1404876,0.9268599,0.3481292,-0.146465,-0.3672032,0.9185368,moving,0.6897584712446332,-3.1402059589786186,-9.576069119077339,-0.30201590013619584,-0.6268850000000001,-0.77676272,1.7845463000000001,0.012020192442330505,-0.054775541521920046,0.9984263384846526,1.0813616396554737,-3.4059903107741714,10.646521287445378,10.650940753019322,11.100247182791904
05/05/2023 11:40:31.282656,2628,True,True,True,True,Eyes,2.374071,0.008300564,-2.808876,-0.1358729,-0.4151575,0.899546,0.0,0.0,0.0,0.0,0.0,0.0,0.0,-1.75775,1.217266,2.776061,2.322035,0.01885866,-2.624068,0.1817,-0.08979592,0.05571504,0.9776592,21.42527,350.3945,4.702018,0.6365828,0.001773564,-0.771206,0.0,0.0,0.0,1.680782,-0.7512946,-0.8421084,-0.3367456,-0.008468151,2.016495,0.9776651,0.07630881,0.1958265,-0.1415725,0.9277619,0.3452755,-0.1553328,-0.3652874,0.9178436,moving,0.6677645994532132,-3.1726012695722443,-9.480653037382398,-0.2406088090753516,-0.6412530000000001,-0.7701532600000001,1.7819596,0.011636568403173439,-0.05534030456679037,0.9983998406665104,1.0607947553066892,-3.4373645866001397,10.558930245629965,10.563472928920994,11.015505847083363
05/05/2023 11:40:31.292655,2629,True,True,True,True,Eyes,2.371809,0.008603081,-2.800569,-0.1447478,-0.414085,0.8986555,0.0,0.0,0.0,0.0,0.0,0.0,0.0,-1.731015,1.220001,2.781595,2.318722,0.01808578,-2.616349,0.1826618,-0.09408163,0.05524812,0.9771034,21.55257,349.8646,4.538479,0.6374802,0.001821917,-0.7704643,0.0,0.0,0.0,1.663739,-0.753448,-0.8402829,-0.3337854,-0.006591082,2.016736,0.9761926,0.07359599,0.2040384,-0.1423365,0.9271646,0.3465634,-0.1636715,-0.3673547,0.9155666,moving,0.6645946951318759,-2.974104001781648,-9.397702637612204,-0.18725298526639658,-0.6549830000000001,-0.7715337800000001,1.7760661,0.011583484747569928,-0.051881119442835244,0.9985860968572271,1.0523545294465797,-3.244208849663942,10.437055236893523,10.441090278356985,10.888005967654095
05/05/2023 11:40:31.312750,2630,True,True,True,True,Eyes,2.369496,0.008910618,-2.79226,-0.1535828,-0.4130245,0.8976765,0.0,0.0,0.0,0.0,0.0,0.0,0.0,-1.70384,1.237791,2.780564,2.315616,0.01854907,-2.608507,0.1865259,-0.0983571,0.05496903,0.9759674,22.0181,349.3405,4.367775,0.6383631,0.001874142,-0.7697328,0.0,0.0,0.0,1.64838,-0.7650545,-0.8426433,-0.3303855,-0.00443542,2.017013,0.9746086,0.07060369,0.212493,-0.1439883,0.924373,0.3532732,-0.1714804,-0.3748995,0.911068,moving,0.6827844756104018,-2.438816676242103,-9.302405520038109,-0.12599345504586495,-0.6672359999999999,-0.7836035699999999,1.7658637,0.011905763088673818,-0.0425495129212638,0.9990234253828985,1.055658547913234,-2.723503335567064,10.246778295195876,10.249544892418573,10.678789669957451
05/05/2023 11:40:31.322734,2631,True,True,True,True,Eyes,2.367154,0.009176733,-2.783974,-0.1623388,-0.4120341,0.8965902,0.0,0.0,0.0,0.0,0.0,0.0,0.0,-1.679788,1.231579,2.78723,2.312124,0.0189875,-2.600163,0.186451,-0.1023558,0.05400877,0.9756241,22.01618,348.8308,4.157756,0.6392325,0.001930033,-0.7690108,0.0,0.0,0.0,1.631577,-0.7615892,-0.838323,-0.327423,-0.002556682,2.017254,0.9732127,0.06721582,0.2198616,-0.1435532,0.9246382,0.352756,-0.1795817,-0.3748684,0.9095186,moving,0.6560584381144532,-2.372917157391662,-9.219349069527034,-0.07261703767699114,-0.6805469999999998,-0.7805767,1.7618399999999999,0.011440312403676337,-0.04140066880411247,0.9990771122185558,1.0278292953892132,-2.6592069090474366,10.137112375368115,10.13977583986654,10.568590805073486
05/05/2023 11:40:31.342631,2632,True,True,True,True,Eyes,2.364777,0.009428247,-2.775705,-0.1710225,-0.4112501,0.895335,0.0,0.0,0.0,0.0,0.0,0.0,0.0,-1.655667,1.228455,2.793422,2.309267,0.01827364,-2.592392,0.1865189,-0.1063753,0.05328684,0.9752209,22.03241,348.3238,3.974506,0.6400896,0.001988148,-0.7682974,0.0,0.0,0.0,1.615893,-0.7598199,-0.8347639,-0.324129,-0.0004681349,2.017521,0.9716896,0.06425082,0.2273569,-0.1436149,0.9247423,0.3524575,-0.1876009,-0.3751311,0.9077899,moving,0.6282817665272188,-2.302423935489323,-9.12698042939514,-0.013294609340576703,-0.6933740000000002,-0.77809354,1.7576280999999998,0.010956514945238735,-0.04017165470425699,0.9991327716674279,0.9988520497094775,-2.590433914566751,10.017673032896369,10.020242191834791,10.448642514385856
05/05/2023 11:40:31.362620,2633,True,True,True,True,Eyes,2.362406,0.009661335,-2.767434,-0.1796566,-0.4104968,0.8939887,0.0,0.0,0.0,0.0,0.0,0.0,0.0,-1.62967,1.240593,2.793478,2.306109,0.01821456,-2.584558,0.1888797,-0.1103807,0.05352537,0.9743078,22.32565,347.8389,3.880515,0.6409351,0.002047899,-0.767592,0.0,0.0,0.0,1.601205,-0.7670758,-0.8350033,-0.3211635,0.001412332,2.017763,0.9699023,0.062603,0.2353093,-0.1459977,0.922919,0.3562376,-0.1948699,-0.3798703,0.9042811,moving,0.5971589891860631,-1.9573377201180948,-9.043796207717545,0.04010413990946589,-0.7049040000000002,-0.78529036,1.7495547,0.010416121054300481,-0.0341534890377104,0.9993622746883253,0.9592117878546769,-2.254464071853957,9.843773109750861,9.8456991165124,10.262807229891683
05/05/2023 11:40:31.382754,2634,True,True,True,True,Eyes,2.359999,0.009855747,-2.759193,-0.1882741,-0.4098576,0.8925074,0.0,0.0,0.0,0.0,0.0,0.0,0.0,-1.603224,1.239482,2.799289,2.303094,0.01793947,-2.576451,0.1888718,-0.1146142,0.05354799,0.9738191,22.34165,347.3218,3.781276,0.6417707,0.002108653,-0.7668934,0.0,0.0,0.0,1.58517,-0.7653678,-0.8315911,-0.3179311,0.003461778,2.018026,0.9679924,0.06099734,0.2434543,-0.1475869,0.9229202,0.3555792,-0.2029995,-0.3801286,0.9023821,moving,0.5753883438663934,-1.8981911180799447,-8.9531076131548,0.0982866793862867,-0.7179240000000002,-0.78330727,1.7448599,0.010036741511391833,-0.0331219538517169,0.9994008445344683,0.936395158400333,-2.1967709884916284,9.733516128764935,9.735407479851311,10.152317704223107
05/05/2023 11:40:31.392790,2635,True,True,True,True,Eyes,2.357569,0.01002217,-2.750967,-0.1968136,-0.4093857,0.8908803,0.0,0.0,0.0,0.0,0.0,0.0,0.0,-1.573944,1.245815,2.803602,2.299909,0.01723155,-2.56898,0.1900475,-0.1192053,0.05367741,0.9730318,22.49741,346.7614,3.670738,0.6425961,0.00216925,-0.7662017,0.0,0.0,0.0,1.568063,-0.7686203,-0.8313346,-0.3147601,0.005472779,2.018284,0.9658177,0.05915033,0.2523836,-0.149769,0.9220014,0.3570472,-0.2115785,-0.3826417,0.8993441,moving,0.6043059764371533,-1.7129940795640837,-8.864120692323247,0.15536285794352728,-0.731846,-0.78585185,1.7376454,0.010542220353931833,-0.02989127110415754,0.9994975372352487,0.9595929552961744,-2.0167689521006698,9.649352432970474,9.651003120278533,10.060989336572717
05/05/2023 11:40:31.412806,2636,True,True,True,True,Eyes,2.355111,0.01014908,-2.742753,-0.2053789,-0.4089589,0.8891412,0.0,0.0,0.0,0.0,0.0,0.0,0.0,-1.542377,1.257859,2.806181,2.296994,0.01674204,-2.561118,0.1919936,-0.1241059,0.05428715,0.9720027,22.75002,346.1718,3.59838,0.6434115,0.002228907,-0.765517,0.0,0.0,0.0,1.550824,-0.7749608,-0.8325129,-0.3115287,0.007521927,2.018547,0.9633013,0.05787945,0.2621081,-0.1531896,0.9203827,0.3597618,-0.2204169,-0.3867112,0.8954724,moving,0.6613595785879169,-1.4359490358287976,-8.77341746844307,0.21350638655860182,-0.7461700000000002,-0.79170284,1.7286051,0.011539021232115323,-0.02505774602118374,0.9996193817374703,1.0077426274443055,-1.7475868352136443,9.576577981490896,9.57787664973954,9.975819738039604
05/05/2023 11:40:31.432635,2637,True,True,True,True,Eyes,2.35265,0.01024858,-2.734545,-0.2140078,-0.4085737,0.8872813,0.0,0.0,0.0,0.0,0.0,0.0,0.0,-1.507963,1.261773,2.813426,2.293961,0.01592435,-2.55321,0.191989,-0.1293883,0.05540108,0.9712517,22.78509,345.5499,3.602734,0.6442189,0.002286753,-0.7648374,0.0,0.0,0.0,1.531918,-0.7749659,-0.8314338,-0.3082968,0.009570956,2.01881,0.9603788,0.05793451,0.2726101,-0.1572991,0.9201419,0.3586027,-0.2300645,-0.3872758,0.8927978,moving,0.7268920085808482,-1.3811366163148475,-8.682679684567603,0.27163094908664526,-0.762043,-0.79089025,1.7217761999999999,0.012682632934818111,-0.02410110734432741,0.9996290309754106,1.0701475092227848,-1.694689789176136,9.55230599278326,9.553621306800043,9.94907309841774
05/05/2023 11:40:31.442998,2638,True,True,True,True,Eyes,2.350167,0.01032272,-2.726335,-0.2226871,-0.408224,0.8853043,0.0,0.0,0.0,0.0,0.0,0.0,0.0,-1.471898,1.272089,2.818461,2.291212,0.01533739,-2.545295,0.1931642,-0.134937,0.05659366,0.9701942,22.9599,344.8936,3.59174,0.6450183,0.002342158,-0.7641633,0.0,0.0,0.0,1.512796,-0.7792118,-0.8328063,-0.3050929,0.01160234,2.01907,0.9571783,0.05768367,0.283694,-0.1619437,0.9189695,0.3595405,-0.2399665,-0.3900868,0.8889592,moving,0.8284936138801215,-1.1908148478501268,-8.592711050780197,0.32923959921223195,-0.7784159999999998,-0.79454919,1.7124886999999998,0.014456315907399556,-0.020779972789249812,0.9996795936409646,1.1640608910510253,-1.5101834713730944,9.541897657362771,9.543042641393331,9.928649251409105
05/05/2023 11:40:31.462583,2639,True,True,True,True,Eyes,2.347677,0.0103521,-2.718125,-0.2314134,-0.4077768,0.8832701,0.0,0.0,0.0,0.0,0.0,0.0,0.0,-1.434946,1.275067,2.826364,2.288294,0.01480501,-2.537063,0.1930033,-0.1406481,0.05779114,0.9693441,22.98124,344.2197,3.596314,0.645811,0.002394715,-0.7634933,0.0,0.0,0.0,1.492558,-0.7784856,-0.832216,-0.3018522,0.01365709,2.019333,0.9537566,0.0577479,0.2949807,-0.1663301,0.9188198,0.3579168,-0.2503651,-0.3904297,0.8859357,moving,0.9334175898137443,-1.1487333112302893,-8.501689114291379,0.38749512201322367,-0.795736,-0.79329061,1.704847,0.016287217682030133,-0.02004517758887228,0.999666478015252,1.2652085361904248,-1.4699345969885755,9.558159867419315,9.559353341986856,9.941948243479146
05/05/2023 11:40:31.482721,2640,True,True,True,True,Eyes,2.345176,0.01034495,-2.709934,-0.2401786,-0.407461,0.8810731,0.0,0.0,0.0,0.0,0.0,0.0,0.0,-1.398111,1.276097,2.83498,2.28575,0.01371749,-2.528915,0.1922001,-0.1463345,0.05926874,0.9685725,22.93369,343.5569,3.645741,0.6465979,0.002443476,-0.7628268,0.0,0.0,0.0,1.472757,-0.7763675,-0.8309674,-0.2987285,0.01563799,2.019588,0.9501468,0.0585611,0.3062541,-0.1710632,0.9190927,0.3549734,-0.2606883,-0.3896656,0.8832906,moving,1.0181794418986516,-1.1835034412851688,-8.413928743510924,0.4436414362167802,-0.8129930000000001,-0.79008499,1.6979476,0.017765859076287804,-0.020651303437543178,0.9996288970814027,1.348773162084152,-1.504327479998863,9.570080147089481,9.57142963583033,9.955145975627483
05/05/2023 11:40:31.502555,2641,True,True,True,True,Eyes,2.342655,0.0103132,-2.701737,-0.2489697,-0.4070583,0.878816,0.0,0.0,0.0,0.0,0.0,0.0,0.0,-1.35938,1.287044,2.839834,2.283062,0.01285164,-2.521213,0.1931917,-0.1522022,0.06088503,0.9673699,23.09827,342.8688,3.676863,0.6473789,0.002487784,-0.762164,0.0,0.0,0.0,1.453047,-0.780753,-0.833405,-0.2955019,0.0176838,2.01985,0.946255,0.05898827,0.3179966,-0.1766051,0.9179399,0.355242,-0.2709467,-0.3923093,0.8790228,moving,1.1381435202839942,-1.0025485972427999,-8.323264599811392,0.501612109540391,-0.8300150000000002,-0.7936046400000001,1.687808,0.019860005283996007,-0.017493429573405522,0.9996496851821942,1.4608390992879277,-1.3290568019821822,9.579009795622861,9.580226669909091,9.953895411262076
05/05/2023 11:40:31.512614,2642,True,True,True,True,Eyes,2.340127,0.01024601,-2.693543,-0.2578665,-0.4066882,0.8764187,0.0,0.0,0.0,0.0,0.0,0.0,0.0,-1.319373,1.289764,2.847967,2.280487,0.01223378,-2.512844,0.193041,-0.1584653,0.06202773,0.9663212,23.12496,342.123,3.659399,0.6481549,0.002527412,-0.7615039,0.0,0.0,0.0,1.43125,-0.7802055,-0.8342991,-0.2923026,0.01971227,2.02011,0.9420826,0.05869682,0.3302044,-0.181058,0.9177755,0.3534207,-0.2823089,-0.3927377,0.8752478,moving,1.294864839560179,-0.9637303657861025,-8.233348455738566,0.5590755107263532,-0.849237,-0.79243928,1.6785449,0.02259453793469912,-0.016815182389332634,0.9996033703664223,1.6125677321858098,-1.2923265636270334,9.647852277525077,9.649133968302472,10.01847070268468
05/05/2023 11:40:31.532802,2643,True,True,True,True,Eyes,2.337399,0.01013184,-2.685408,-0.2652645,-0.4053079,0.8748487,0.0,0.0,0.0,0.0,0.0,0.0,0.0,-1.277628,1.291667,2.856901,2.277905,0.01132095,-2.504724,0.1928193,-0.1650382,0.06295115,0.9652048,23.14123,341.333,3.60862,0.6489264,0.002561825,-0.7608464,0.0,0.0,0.0,1.40843,-0.7792805,-0.8359374,-0.2888036,0.02193117,2.020395,0.9375991,0.05787639,0.3428677,-0.1851666,0.9177157,0.3514415,-0.294315,-0.3929989,0.8711662,moving,1.592519818107105,-0.8816505727184639,-8.134986457176232,0.6219150865045575,-0.869475,-0.79060145,1.6687865999999998,0.027787847930346082,-0.015381156240902333,0.9994954988365096,1.9005151259374948,-1.2144381015668377,9.841717083166913,9.843022301471812,10.202131397704017
05/05/2023 11:40:31.542812,2644,True,True,True,True,Eyes,2.334671,0.009983781,-2.67726,-0.2728641,-0.4039835,0.8731223,0.0,0.0,0.0,0.0,0.0,0.0,0.0,-1.235535,1.294967,2.864593,2.275529,0.01021468,-2.496245,0.1930392,-0.171764,0.06359076,0.9639447,23.20384,340.5142,3.5107,0.6496903,0.002590233,-0.7601941,0.0,0.0,0.0,1.384831,-0.78019,-0.8387867,-0.2858772,0.02378654,2.020633,0.9329067,0.05628158,0.355693,-0.1889104,0.9173841,0.3503131,-0.3065909,-0.3940035,0.866466,moving,1.9067412922213427,-0.7564687472927427,-8.052706707648525,0.6744447917507247,-0.8906980000000002,-0.7904046800000001,1.6574583,0.03326987508555995,-0.013195178154720155,0.9993593141526258,2.2034501141549123,-1.0947219006258688,10.06045590011101,10.061715461010106,10.407627181007202
05/05/2023 11:40:31.562665,2645,True,True,True,True,Eyes,2.332118,0.00980774,-2.669022,-0.2806722,-0.4027089,0.8712339,0.0,0.0,0.0,0.0,0.0,0.0,0.0,-1.193458,1.293654,2.873535,2.272888,0.009249359,-2.487765,0.1927981,-0.1785826,0.06367455,0.9627475,23.20201,339.6713,3.352198,0.6504478,0.002612274,-0.759546,0.0,0.0,0.0,1.360394,-0.7783667,-0.8410794,-0.2825634,0.02588791,2.020903,0.9281076,0.05374428,0.3684126,-0.1914658,0.9175489,0.3484894,-0.3193072,-0.3939741,0.8618743,moving,2.2258750229002735,-0.6966967339608136,-7.959515806352567,0.7339228343358515,-0.9124939999999999,-0.787616059,1.6466856,0.03883620677702679,-0.01215017820209957,0.9991716432696082,2.5129366689945685,-1.0386809922442235,10.284057621197029,10.285371101414922,10.62141163755603
05/05/2023 11:40:31.582836,2646,True,True,True,True,Eyes,2.329559,0.009602777,-2.660765,-0.2886766,-0.4014779,0.8691843,0.0,0.0,0.0,0.0,0.0,0.0,0.0,-1.151962,1.291189,2.882078,2.270473,0.008146025,-2.479001,0.1926539,-0.1854653,0.06325329,0.961502,23.19969,338.807,3.129294,0.6512034,0.002627763,-0.7588983,0.0,0.0,0.0,1.335545,-0.7764909,-0.8437071,-0.2794145,0.0278846,2.021159,0.9232033,0.0501751,0.3810225,-0.1930976,0.917767,0.3470117,-0.3322785,-0.3939368,0.8569742,moving,2.5522333557663934,-0.6368192802241615,-7.870948189748575,0.7904219997865113,-0.934928,-0.7846369249999999,1.6352938999999997,0.044527401140790734,-0.011103340881636281,0.9989464736968512,2.829463060892876,-0.9825854015972395,10.519078082972316,10.520443488852088,10.846306107528761
05/05/2023 11:40:31.592573,2647,True,True,True,True,Eyes,2.32696,0.009355241,-2.652481,-0.2967274,-0.4001691,0.8670741,0.0,0.0,0.0,0.0,0.0,0.0,0.0,-1.11013,1.288288,2.890294,2.267915,0.007257562,-2.4703,0.1925077,-0.1923857,0.06276712,0.9602026,23.19388,337.9353,2.897686,0.6519584,0.002636534,-0.7582498,0.0,0.0,0.0,1.310533,-0.7742311,-0.8467184,-0.2761999,0.02992302,2.02142,0.9180961,0.04646682,0.3936248,-0.1946098,0.9180021,0.3455419,-0.3452922,-0.3938438,0.851857,moving,2.882360323344988,-0.5736809471151353,-7.78051805279315,0.8480857732970347,-0.957382,-0.781488662,1.6235816,0.050282946118070854,-0.009999788223241601,0.9986849267719813,3.149575298031056,-0.9233420181818066,10.755827206602172,10.757248526997314,11.072709563523967
05/05/2023 11:40:31.613248,2648,True,True,True,True,Eyes,2.324354,0.009061557,-2.644157,-0.3049912,-0.3987667,0.8648499,0.0,0.0,0.0,0.0,0.0,0.0,0.0,-1.068618,1.275516,2.901601,2.265262,0.006022535,-2.461042,0.1906068,-0.1993357,0.06212051,0.9592057,22.98112,337.0671,2.688501,0.6527119,0.002638023,-0.7576014,0.0,0.0,0.0,1.284595,-0.765705,-0.8468938,-0.2730027,0.03195018,2.021681,0.9128126,0.0431832,0.4060891,-0.1951622,0.9196202,0.3408965,-0.3587267,-0.3904279,0.8478686,moving,3.186738909525129,-0.7096842346290853,-7.690556556906936,0.9054139043844571,-0.980667,-0.771727535,1.6141481999999998,0.05558615973589945,-0.012366858891968174,0.9983772344576478,3.4499550358998126,-1.057689546696424,10.994829038694482,10.996549398002474,11.3121515950374
05/05/2023 11:40:31.632919,2649,True,True,True,True,Eyes,2.321742,0.008736813,-2.635774,-0.3133236,-0.3972242,0.8625782,0.0,0.0,0.0,0.0,0.0,0.0,0.0,-1.024808,1.262982,2.912951,2.26264,0.004596412,-2.451751,0.1883713,-0.2065233,0.06203915,0.9581313,22.74272,336.1857,2.552809,0.653466,0.002631623,-0.756951,0.0,0.0,0.0,1.258339,-0.7568312,-0.8474452,-0.269771,0.03399938,2.021943,0.9069985,0.04107717,0.4191257,-0.1966894,0.9213348,0.3353438,-0.3723801,-0.3865939,0.8437288,moving,3.499205188852512,-0.8661717550731535,-7.599615896024509,0.9633493177426388,-1.004301,-0.7614276120000001,1.6043057999999997,0.06102774177858422,-0.015088795417222245,0.9980219624257293,3.7587709265008056,-1.2120215444246885,11.246500772787247,11.248598882971503,11.56482553253975
05/05/2023 11:40:31.643771,2650,True,True,True,True,Eyes,2.319122,0.008387912,-2.627331,-0.3219445,-0.3954582,0.860212,0.0,0.0,0.0,0.0,0.0,0.0,0.0,-0.9756306,1.250316,2.924984,2.25993,0.003483713,-2.442003,0.1854872,-0.2143185,0.0631317,0.9569098,22.4607,335.2605,2.562403,0.6542209,0.002617211,-0.7562987,0.0,0.0,0.0,1.230725,-0.7468094,-0.8484373,-0.2665032,0.03607154,2.022209,0.9001639,0.04131604,0.4335872,-0.2003293,0.9232178,0.3279284,-0.3867468,-0.3820495,0.8393242,moving,3.8328982787587864,-1.063043974383954,-7.507640231823443,1.021916054651744,-1.0292050000000001,-0.750293113,1.5935657,0.06683536100770252,-0.018511071052873584,0.9975923559946395,4.089367612205622,-1.4057879827555266,11.52798717672154,11.530605883156147,11.848389672344307
05/05/2023 11:40:31.663227,2651,True,True,True,True,Eyes,2.316477,0.008011742,-2.618834,-0.3306741,-0.3936221,0.8577391,0.0,0.0,0.0,0.0,0.0,0.0,0.0,-0.9215316,1.228077,2.941619,2.257244,0.002487946,-2.432151,0.1805315,-0.2227936,0.06482035,0.9558085,21.96192,334.2793,2.686459,0.6549777,0.00259486,-0.7556434,0.0,0.0,0.0,1.200511,-0.7300184,-0.8485135,-0.2632598,0.03812832,2.022473,0.8923226,0.04346913,0.4493003,-0.2043542,0.9264133,0.316224,-0.4024918,-0.3739903,0.8355427,moving,4.199435599003026,-1.4849333755670018,-7.416336821156434,1.0800307654884365,-1.056733,-0.732506346,1.5836375,0.07320391572395665,-0.025844548757259472,0.9969821100251716,4.458046416112426,-1.8187104006306722,11.891784696646104,11.895596242384718,12.22307971068197
05/05/2023 11:40:31.682919,2652,True,True,True,True,Eyes,2.313832,0.007604927,-2.61026,-0.3396978,-0.3916508,0.8551111,0.0,0.0,0.0,0.0,0.0,0.0,0.0,-0.864243,1.209039,2.956572,2.254632,0.001428168,-2.422115,0.1758091,-0.231624,0.06722764,0.9544223,21.51442,333.2667,2.888654,0.6557369,0.002564545,-0.7549848,0.0,0.0,0.0,1.169811,-0.7153335,-0.8504511,-0.2601805,0.04008073,2.022724,0.8836615,0.0468839,0.4657727,-0.2097703,0.9291432,0.3044492,-0.4184958,-0.3667353,0.830883,moving,4.576439732744116,-1.8570807571491434,-7.32963862699582,1.1351801713706946,-1.084821,-0.716761668,1.5716639,0.07974739449107948,-0.032303286574572265,0.9962915178586311,4.835587759774949,-2.183304026859355,12.271105620721436,12.276331999934428,12.60972126635979
05/05/2023 11:40:31.692689,2653,True,True,True,True,Eyes,2.311177,0.007165276,-2.601616,-0.3488365,-0.389632,0.8523496,0.0,0.0,0.0,0.0,0.0,0.0,0.0,-0.8053243,1.192225,2.969558,2.252135,0.0002303943,-2.411662,0.1714908,-0.2407118,0.06976803,0.9527755,21.12307,332.2201,3.096412,0.6564996,0.002526136,-0.7543217,0.0,0.0,0.0,1.139011,-0.7023823,-0.853606,-0.2567512,0.04225522,2.023003,0.8743805,0.05038685,0.4826177,-0.2155062,0.9314467,0.2931964,-0.4347594,-0.3603724,0.8252975,moving,4.977990245918505,-2.1767390491799117,-7.2330736143986,1.1965843718428235,-1.113124,-0.7026126943000001,1.558056,0.08671090562104397,-0.03783906288556596,0.9955145724411728,5.235642628264902,-2.4969893735745927,12.661615208276965,12.668440768443565,13.004282823473869
05/05/2023 11:40:31.712736,2654,True,True,True,True,Eyes,2.308539,0.006656562,-2.592916,-0.3582744,-0.3875422,0.8493824,0.0,0.0,0.0,0.0,0.0,0.0,0.0,-0.7464004,1.172739,2.982321,2.249702,-0.001143277,-2.401148,0.1669453,-0.2498924,0.07192982,0.951057,20.70144,331.154,3.271444,0.6572663,0.002479475,-0.7536539,0.0,0.0,0.0,1.107452,-0.6886503,-0.8576243,-0.2537282,0.04417196,2.023249,0.8647597,0.05338196,0.4993405,-0.2202554,0.9339107,0.2815996,-0.4513071,-0.3534984,0.8193661,moving,5.3771884263167244,-2.5233013812551146,-7.1479371406707966,1.2506937543394738,-1.14225,-0.687507023,1.5435237000000002,0.09362186772969172,-0.04383231329879042,0.9946424674724283,5.634129549079478,-2.8368363282248144,13.072476767700556,13.081353513772804,13.419729171525464
05/05/2023 11:40:31.732633,2655,True,True,True,True,Eyes,2.305906,0.006137147,-2.584162,-0.3682117,-0.3858903,0.8458775,0.0,0.0,0.0,0.0,0.0,0.0,0.0,-0.6837505,1.160026,2.992609,2.247612,-0.003353424,-2.391048,0.1631844,-0.2594963,0.07472996,0.9489194,20.39449,330.0399,3.494623,0.6580386,0.002423306,-0.7529799,0.0,0.0,0.0,1.075848,-0.6797088,-0.8649355,-0.2507051,0.0460889,2.023494,0.8541542,0.05713393,0.5168716,-0.2265169,0.9355726,0.2709134,-0.4680926,-0.3484819,0.8120651,moving,5.783598457154212,-2.7919855192578393,-7.062790304377363,1.3047940548520627,-1.1717640000000002,-0.676355376,1.5261125,0.10065308663327927,-0.048462685406583494,0.9937405340085538,6.037547649159381,-3.100956851396183,13.472906177071803,13.483816488340711,13.821342031249445
05/05/2023 11:40:31.747777,2656,True,True,True,True,Eyes,2.303266,0.005790378,-2.575318,-0.3783638,-0.3845491,0.8419992,0.0,0.0,0.0,0.0,0.0,0.0,0.0,-0.6198081,1.168919,2.993272,2.245434,-0.003940754,-2.380804,0.1634721,-0.2691147,0.07799314,0.9459236,20.56332,328.8998,3.647572,0.6588167,0.002358223,-0.7522993,0.0,0.0,0.0,1.046715,-0.6845549,-0.8778083,-0.2475114,0.04811388,2.023754,0.8429887,0.05956565,0.5346232,-0.2355365,0.9343879,0.2672859,-0.4836244,-0.3512423,0.8017084,moving,6.2231191890329,-2.60281160124562,-6.972822787065233,1.361925926715148,-1.1987189999999999,-0.6806141459999999,1.5029957,0.10828996336997251,-0.0451449532437804,0.9930936739763457,6.460901932755533,-2.9198082677976167,13.768164753049879,13.778680209010194,14.09958182218123
05/05/2023 11:40:31.763053,2657,True,True,True,True,Eyes,2.30063,0.005555108,-2.566362,-0.388972,-0.3832346,0.8377541,0.0,0.0,0.0,0.0,0.0,0.0,0.0,-0.5523318,1.180185,2.991304,2.242771,-0.000108242,-2.369765,0.1648748,-0.2791906,0.08166114,0.942444,20.87734,327.6967,3.796091,0.6596022,0.002289998,-0.7516109,0.0,0.0,0.0,1.016837,-0.6897797,-0.8931884,-0.2443306,0.05013117,2.024013,0.8307682,0.06185913,0.5531706,-0.2459851,0.9322955,0.2651724,-0.4993151,-0.3563685,0.7897379,moving,6.699360309079391,-2.276857666018581,-6.883207124954041,1.4188235586180489,-1.2259339999999999,-0.689671458,1.4765766,0.1165687951231636,-0.039457360605130554,0.9923984785284491,6.916365282412539,-2.605818390707012,14.067021989180743,14.07637019313563,14.374489258628289
05/05/2023 11:40:31.782777,2658,True,True,True,True,Eyes,2.298033,0.005253544,-2.55737,-0.3998159,-0.3819427,0.8332269,0.0,0.0,0.0,0.0,0.0,0.0,0.0,-0.4832835,1.149415,3.004788,2.240239,0.00275429,-2.358981,0.1599633,-0.2902134,0.08257399,0.9398773,20.40293,326.3678,3.815665,0.6603956,0.002222205,-0.7509142,0.0,0.0,0.0,0.9792572,-0.6692004,-0.9040073,-0.2411181,0.05216792,2.024274,0.8179154,0.06237182,0.5719477,-0.2480658,0.9351866,0.2527636,-0.5191125,-0.34862,0.7803758,moving,7.230743981428353,-2.7384427543436862,-6.79268921056861,1.4762528130742425,-1.2609817999999997,-0.6719546900000001,1.4549737,0.12572411127041325,-0.047397552924669156,0.9909323724057703,7.446809359014606,-3.0584572574337536,14.630097850892268,14.643098620729646,14.944126436052697
05/05/2023 11:40:31.792724,2659,True,True,True,True,Eyes,2.295456,0.005022859,-2.548356,-0.4104895,-0.381697,0.8281339,0.0,0.0,0.0,0.0,0.0,0.0,0.0,-0.4225672,1.142543,3.007704,2.238772,0.0008564144,-2.349073,0.1588398,-0.3000203,0.08283472,0.9369612,20.32578,325.1462,3.663351,0.6611977,0.002152812,-0.7502082,0.0,0.0,0.0,0.9484024,-0.6659399,-0.9177758,-0.237954,0.05417445,2.024532,0.8062525,0.0599155,0.5885297,-0.2505362,0.9358166,0.2479493,-0.5358999,-0.3473576,0.7695155,moving,7.684280983686006,-2.8352307220028727,-6.7035215046804,1.5328119296082356,-1.2903696,-0.6667963144,1.4312972000000002,0.13355354760977206,-0.049020800523690594,0.9898284683647571,7.891534565714575,-3.155638033820401,15.021695875142271,15.036244778884665,15.32961919806057
05/05/2023 11:40:31.814827,2660,True,True,True,True,Eyes,2.230043,0.0032974,-2.320594,-0.6632332,-0.3525562,0.6601712,0.0,0.0,0.0,0.0,0.0,0.0,0.0,-0.3616678,1.199005,2.984589,2.237081,0.002551932,-2.339155,0.1681767,-0.3089269,0.08644176,0.9320991,21.52598,323.9971,3.527489,0.6620091,0.002083979,-0.7494925,0.0,0.0,0.0,0.9284883,-0.7016954,-0.9428469,-0.234839,0.05614945,2.024785,0.7941841,0.05723594,0.6049759,-0.2650531,0.9284889,0.2601064,-0.5468259,-0.3669231,0.7525616,moving,-8.484997201949486,1.168070591524206,-6.615731046397834,1.588466043320185,-1.3085926999999997,-0.704247332,1.3963080999999997,-0.1475204523724063,0.020162232193478208,0.9888535612389413,-7.97848590695123,0.8467368649605012,1.9159195059194223,1.9159562354557054,1.55153568569725
05/05/2023 11:40:31.823115,2661,True,True,True,True,Eyes,2.229946,0.003391736,-2.320179,-0.6637743,-0.3520022,0.6599228,0.0,0.0,0.0,0.0,0.0,0.0,0.0,-0.3098385,1.168712,2.990889,2.233663,0.006309412,-2.327663,0.1644373,-0.3176249,0.08574387,0.9299048,21.11806,322.9134,3.380626,0.6664522,0.001954478,-0.7455449,-0.1962412,-0.005176377,0.683286,0.8977365,-0.6817995,-0.9493851,-0.2315385,0.05824202,2.025053,0.7835249,0.05500847,0.6189208,-0.263926,0.9312167,0.2513533,-0.5625228,-0.3602909,0.7441496,moving,-7.528446728037318,0.7669879166671091,-6.522702727662627,1.647414801821474,-1.3359264999999998,-0.688108912,1.3782778999999998,-0.1310068783928482,0.013270696137404392,0.991292620038584,-7.035211916795151,0.45014642143936406,1.3338290037057727,1.336664690336475,1.3023506607700088
05/05/2023 11:40:31.842905,2662,True,True,True,True,Eyes,2.229725,0.003582909,-2.319387,-0.6647464,-0.3514232,0.6592526,0.0,0.0,0.0,0.0,0.0,0.0,0.0,-0.2633355,1.120728,3.003869,2.23104,0.008540358,-2.31754,0.1576092,-0.3257332,0.08408786,0.9284323,20.33078,321.9202,3.268465,0.6700731,0.001847531,-0.7422925,-0.1844667,-0.004865794,0.6422888,0.8674312,-0.6509631,-0.9525137,-0.2284139,0.06022343,2.025308,0.7736544,0.0534627,0.6313484,-0.2588168,0.9361771,0.2378785,-0.5783363,-0.3474394,0.7381145,moving,-6.710560823412816,-0.007198454041939047,-6.434619158301826,1.7032134955936973,-1.3636088000000002,-0.659503458,1.3650263000000002,-0.11685379844743471,-0.0001247760046506896,0.9931491361509182,-6.217054423723419,-0.30854849581979693,1.721887197528908,1.7325278756777924,2.023492209974667
05/05/2023 11:40:31.862844,2663,True,True,True,True,Eyes,2.229363,0.003836551,-2.318232,-0.6660792,-0.3504814,0.6584082,0.0,0.0,0.0,0.0,0.0,0.0,0.0,-0.2155238,1.109982,3.001754,2.227954,0.01104884,-2.307626,0.1565137,-0.3333976,0.08467618,0.92584,20.25964,320.9644,3.203829,0.6730401,0.001762574,-0.7396036,-0.1733987,-0.004573847,0.6037515,0.8430079,-0.6438358,-0.9620505,-0.2251865,0.06227005,2.025571,0.763352,0.05243061,0.6438516,-0.2611558,0.9366668,0.2333516,-0.5908397,-0.3462749,0.728699,moving,-5.9068693539726285,-0.03993748194522495,-6.343630052957628,1.7608307729012784,-1.3849461,-0.6548846399999999,1.3455754999999998,-0.10291177267685425,-0.0006933395782214857,0.9946902817312413,-5.432718337820091,-0.34573269422477354,1.842286594727913,1.852977661991851,2.2950751172466974
05/05/2023 11:40:31.882802,2664,True,True,True,True,Eyes,2.228896,0.004089417,-2.316785,-0.6678034,-0.349602,0.657128,0.0,0.0,0.0,0.0,0.0,0.0,0.0,-0.1699136,1.068615,3.009448,2.224355,0.01272014,-2.297754,0.1508744,-0.3412203,0.08291612,0.9240837,19.59848,319.9949,3.059448,0.6754852,0.001698265,-0.7373713,-0.1629948,-0.004299416,0.5675264,0.8137996,-0.617439,-0.9671021,-0.2219346,0.0643318,2.025835,0.7533873,0.05028004,0.6556519,-0.2562057,0.9407237,0.2222559,-0.6056123,-0.3354265,0.7216113,moving,-5.1550640099364315,-0.6750181820267921,-6.251944679966235,1.8188561162871495,-1.4105554000000002,-0.63015914,1.3306518999999999,-0.08984532062277112,-0.011733372523970498,0.995886687415273,-4.682726774070527,-0.9686417744920888,2.711991516653258,2.7244368629270683,3.198841872816225
05/05/2023 11:40:31.892697,2665,True,True,True,True,Eyes,2.228256,0.004325199,-2.315091,-0.6697239,-0.3491487,0.6554122,0.0,0.0,0.0,0.0,0.0,0.0,0.0,-0.1217402,1.066043,3.004088,2.221503,0.01296652,-2.289229,0.1510179,-0.3488953,0.08303683,0.921179,19.64378,319.0135,2.897331,0.6775129,0.00165162,-0.7355086,-0.1532151,-0.004041451,0.5334748,0.7904564,-0.6160222,-0.9801137,-0.2185399,0.06648454,2.026111,0.7427539,0.04760467,0.6678702,-0.2583624,0.940597,0.2202867,-0.6177099,-0.3361713,0.7109312,moving,-4.37796986495534,-0.6320054013881852,-6.156223123420906,1.879421814583219,-1.4310465999999997,-0.62898872,1.3091153000000002,-0.07633104300283444,-0.010998171120413847,0.9970219059568582,-3.9263600198448607,-0.9319442772032247,3.0667701469718587,3.0772473596325147,3.5883239489678713
05/05/2023 11:40:31.912726,2666,True,True,True,True,Eyes,2.227483,0.004560829,-2.313126,-0.6720365,-0.3487003,0.6532802,0.0,0.0,0.0,0.0,0.0,0.0,0.0,-0.07112157,1.083632,2.990079,2.217912,0.01296491,-2.28048,0.1541411,-0.3565459,0.08466545,0.9175768,20.07482,318.0215,2.77407,0.6792049,0.001619646,-0.7339466,-0.1440222,-0.003798964,0.5014663,0.7691498,-0.6281957,-0.9970276,-0.2155058,0.06840819,2.026358,0.7314135,0.04545731,0.6804175,-0.2652909,0.9381446,0.2224984,-0.6282157,-0.343247,0.698231,moving,-3.605408985054699,-0.20049347024921516,-6.070661444295678,1.9335243788082024,-1.4487622,-0.64116061,1.2834523999999998,-0.06288435332982328,-0.0034923383298825494,0.9980146982603311,-3.1848836863727046,-0.5172131619542328,3.2529406541640333,3.2605983910762975,3.7860041946391516
05/05/2023 11:40:31.932726,2667,True,True,True,True,Eyes,2.226561,0.004849792,-2.310917,-0.6746485,-0.3484352,0.6507245,0.0,0.0,0.0,0.0,0.0,0.0,0.0,-0.01817787,1.07648,2.984064,2.214029,0.0131922,-2.271933,0.1532449,-0.3647218,0.08555211,0.9144261,20.03948,316.9922,2.7259,0.6806611,0.001599735,-0.7325964,-0.1353808,-0.003571026,0.4713784,0.7437482,-0.6246658,-1.011525,-0.2123287,0.07042271,2.026616,0.7193177,0.04467867,0.6932431,-0.2682456,0.9383937,0.2178567,-0.6408014,-0.3426676,0.6869881,moving,-2.8513286648314327,-0.24284301304912334,-5.981062274171094,1.9901654781931934,-1.4702808,-0.637858,1.2604080000000002,-0.049744090589930956,-0.004233150433650912,0.9987530565361626,-2.44865045372479,-0.5634192461642312,3.837775002193412,3.844679360803779,4.358753057205737
05/05/2023 11:40:31.943055,2668,True,True,True,True,Eyes,2.225464,0.005225178,-2.308449,-0.6777055,-0.3479468,0.6478027,0.0,0.0,0.0,0.0,0.0,0.0,0.0,0.03872991,1.07305,2.975631,2.209735,0.01481134,-2.263663,0.15295,-0.3732641,0.08730299,0.9108559,20.10886,315.9185,2.738149,0.681989,0.001590914,-0.7313603,-0.127258,-0.003356764,0.4430957,0.7182533,-0.6233538,-1.028575,-0.2089509,0.07256448,2.026891,0.7061042,0.04485944,0.7066855,-0.2732223,0.937969,0.2134565,-0.6532736,-0.3438049,0.6745605,moving,-2.0829738889282865,-0.16748389780409895,-5.885793855820177,2.0503635989721105,-1.4914816999999998,-0.6381651399999999,1.2350880000000002,-0.0363465909523612,-0.0029212099012715376,0.9993350040635195,-1.7016748402588049,-0.4951913199638365,4.396175653770266,4.402304762229455,4.897622053782964
05/05/2023 11:40:31.972695,2669,True,True,True,True,Eyes,2.224194,0.005607708,-2.305783,-0.6811715,-0.3471188,0.6446037,0.0,0.0,0.0,0.0,0.0,0.0,0.0,0.09606397,1.044214,2.974109,2.204543,0.01720691,-2.254913,0.1489212,-0.3821806,0.08766112,0.9077864,19.71745,314.8173,2.759778,0.6832033,0.001594798,-0.730226,-0.1196225,-0.003155358,0.4165099,0.6879814,-0.605969,-1.042917,-0.2058557,0.07452729,2.027143,0.692507,0.04532554,0.7199858,-0.2729847,0.940276,0.2033725,-0.6677675,-0.337382,0.6635209,moving,-1.3376888536358276,-0.535492986853714,-5.798489953123658,2.1055134499950796,-1.5165616000000002,-0.6231759099999999,1.211996,-0.02334393491177883,-0.00934343285370079,0.9996838323913831,-0.9652378402930157,-0.8582006891044949,5.177738320516706,5.183981235370032,5.669561489611044
05/05/2023 11:40:31.983495,2670,True,True,True,True,Eyes,2.222781,0.005984014,-2.302941,-0.6849495,-0.3464099,0.6409715,0.0,0.0,0.0,0.0,0.0,0.0,0.0,0.1535943,1.003456,2.975992,2.199509,0.01807131,-2.24697,0.1429588,-0.3913072,0.08687536,0.9049278,19.07009,313.693,2.750317,0.6843157,0.001610373,-0.7291836,-0.1124452,-0.002966037,0.3915193,0.655856,-0.5813171,-1.057366,-0.2027639,0.07648766,2.027395,0.6786628,0.04535028,0.7330486,-0.2691134,0.9440309,0.1907448,-0.6833702,-0.3267246,0.652883,moving,-0.6129889069044613,-1.1707325025380118,-5.711275872545355,2.1605768312229534,-1.543653,-0.59938841,1.189604,-0.010696238100183553,-0.020430547207575367,0.9997341063561918,-0.24166485051496422,-1.4810845463657096,6.0835232561886565,6.090168459182944,6.571022928078801
05/05/2023 11:40:31.992823,2671,True,True,True,True,Eyes,2.221219,0.006357952,-2.299954,-0.6889427,-0.346062,0.6368666,0.0,0.0,0.0,0.0,0.0,0.0,0.0,0.2106036,1.004353,2.963441,2.194953,0.01799281,-2.239848,0.1433903,-0.3998244,0.08820613,0.9009991,19.20342,312.5956,2.687862,0.6853372,0.001636305,-0.7282236,-0.1056985,-0.002788075,0.3680282,0.6316811,-0.5830631,-1.076954,-0.1984956,0.07919434,2.027742,0.6647204,0.04428547,0.7457786,-0.2736092,0.9433178,0.1878551,-0.695187,-0.328923,0.6391595,moving,0.09637815334847548,-1.0489597325923132,-5.590869375095693,2.236574719541651,-1.5632719,-0.6010559099999999,1.1628939999999999,0.0016818334314170347,-0.018306752623502537,0.9998310118052655,0.44655742268522336,-1.3673056909191357,6.561825746432118,6.568068291815603,7.031249984993147
05/05/2023 11:40:32.014806,2672,True,True,True,True,Eyes,2.219509,0.006753444,-2.296842,-0.6931725,-0.3459478,0.6323227,0.0,0.0,0.0,0.0,0.0,0.0,0.0,0.2680199,1.018016,2.945353,2.189882,0.01839469,-2.233243,0.1459553,-0.4081498,0.09024861,0.8966416,19.59742,311.4988,2.597736,0.6862767,0.001671512,-0.7273382,-0.09935655,-0.00262079,0.3459465,0.6086631,-0.5943409,-1.101082,-0.1963189,0.08057468,2.027919,0.650538,0.04269805,0.7582725,-0.2809846,0.9411045,0.1880693,-0.7055835,-0.3354091,0.6242217,moving,0.7888522989189823,-0.6808592756993839,-5.5294624280800555,2.2753186963826955,-1.5812188999999999,-0.61273559,1.132161,0.013766663021438252,-0.011881830295383117,0.9998346328840916,1.1116728352335352,-1.0137418504134719,6.969996864695935,6.975678403713594,7.410978131536915
05/05/2023 11:40:32.032689,2673,True,True,True,True,Eyes,2.217654,0.007177974,-2.293621,-0.6975665,-0.3461539,0.6273583,0.0,0.0,0.0,0.0,0.0,0.0,0.0,0.3238256,1.027463,2.927762,2.184615,0.01932578,-2.226974,0.1481785,-0.4163521,0.09151927,0.8923668,19.91755,310.4029,2.435245,0.6871429,0.001715811,-0.7265198,-0.09339516,-0.002463543,0.3251897,0.5858385,-0.6018497,-1.124399,-0.1933137,0.08248028,2.028163,0.6365503,0.03994865,0.7701999,-0.2867263,0.9393348,0.1882506,-0.7159551,-0.3406676,0.6093882,moving,1.451299942369134,-0.4036736419534413,-5.4446803353594655,2.3287917634523483,-1.5987765,-0.62117548,1.1025749999999999,0.025326625434502703,-0.007043115853494097,0.9996544090582132,1.749968293335959,-0.7484375819699753,7.4122005553239765,7.417608184756137,7.82510762448142
05/05/2023 11:40:32.043029,2674,True,True,True,True,Eyes,2.215624,0.007641342,-2.290294,-0.7021855,-0.34645,0.6220194,0.0,0.0,0.0,0.0,0.0,0.0,0.0,0.3788176,1.042428,2.907367,2.179204,0.02052504,-2.221168,0.1513426,-0.4243188,0.09311239,0.8879073,20.35128,309.3201,2.256494,0.6879422,0.001769221,-0.7257628,-0.08779145,-0.00231573,0.3056783,0.5647446,-0.6127582,-1.148667,-0.190118,0.08450629,2.028423,0.6225673,0.03691534,0.7816951,-0.2937853,0.936851,0.1897376,-0.7253277,-0.347775,0.594098,moving,2.079282083822242,-0.014893665725147885,-5.354518647887235,2.3856244115261487,-1.6144593999999999,-0.63328324,1.072501,0.036282355955205514,-0.00025977237698160405,0.9993416513141351,2.3516582991361257,-0.3743252192859791,7.8065691334058185,7.811778309576804,8.18550457231894
05/05/2023 11:40:32.062825,2675,True,True,True,True,Eyes,2.160827,0.0190167,-2.205376,-0.8092304,-0.3447495,0.4757037,0.0,0.0,0.0,0.0,0.0,0.0,0.0,0.432935,1.041291,2.891001,2.173036,0.02193818,-2.215185,0.1520657,-0.4323407,0.09381013,0.883831,20.48222,308.2469,2.100556,0.68868,0.001832067,-0.7250627,-0.08252396,-0.002176786,0.2873376,0.5410847,-0.6132832,-1.17057,-0.1868238,0.08659527,2.028691,0.6085623,0.03433621,0.7927629,-0.297313,0.9361513,0.1876849,-0.7357017,-0.3499167,0.579915,moving,-7.307104684702879,0.412408542712955,-5.261574331577855,2.44420338996726,-1.6319513000000003,-0.6352213800000001,1.0446149999999998,-0.12718436555553947,0.00713937216987745,0.9918534341077593,-6.809886441108841,0.10367845536187403,2.8777128975217683,2.8831206577049335,2.8063013662167213
05/05/2023 11:40:32.072627,2676,True,True,True,True,Eyes,2.160594,0.01902405,-2.205173,-0.8095081,-0.3449221,0.4751056,0.0,0.0,0.0,0.0,0.0,0.0,0.0,0.4852706,1.032791,2.877218,2.167263,0.02220263,-2.209752,0.1513416,-0.4401568,0.09427292,0.88004,20.44836,307.2164,1.999967,0.6900594,0.002329037,-0.7237486,-0.2419612,0.0320799,0.52485,0.5175608,-0.6096948,-1.191224,-0.1836933,0.0885801,2.028946,0.5947493,0.03269985,0.8032459,-0.2991559,0.9364167,0.1833835,-0.7461763,-0.349363,0.5667155,moving,-6.379235863403095,0.36349739760952987,-5.173244943130487,2.499842289101845,-1.6497022000000001,-0.63189743,1.0185279999999999,-0.11110656968931804,0.006304903664766021,0.9937884727380526,-5.9040640303255625,0.04993556568044144,2.4461279172791244,2.453239408452686,2.5565874699829925
05/05/2023 11:40:32.095646,2677,True,True,True,True,Eyes,2.160109,0.01904023,-2.204803,-0.8100482,-0.3450685,0.4740776,0.0,0.0,0.0,0.0,0.0,0.0,0.0,0.5374748,1.038425,2.857497,2.161479,0.02242247,-2.20454,0.1525798,-0.447594,0.09651971,0.8758214,20.71186,306.2245,1.989977,0.6911737,0.002745245,-0.7226832,-0.2274435,0.03015511,0.493359,0.4978003,-0.6163937,-1.213303,-0.1804758,0.09062037,2.029207,0.5806871,0.03248046,0.8134787,-0.3056557,0.9348067,0.180862,-0.754571,-0.3536685,0.552758,moving,-5.505780179234994,0.6197198558616142,-5.082460938535471,2.557017208166999,-1.6636787,-0.63881617,0.9912370000000001,-0.09594060662048426,0.0107660473503699,0.9953287994743212,-5.05950891309211,0.29344370520037427,1.9759536580597454,1.9830078695748725,2.2636898636528255
05/05/2023 11:40:32.113209,2678,True,True,True,True,Eyes,2.1594,0.01905488,-2.20425,-0.8108737,-0.3452448,0.4725357,0.0,0.0,0.0,0.0,0.0,0.0,0.0,0.590397,1.034659,2.839926,2.155438,0.02268431,-2.199509,0.15225,-0.4551591,0.09869475,0.871728,20.8109,305.2357,2.052217,0.6920736,0.003095327,-0.72182,-0.2137969,0.0283458,0.4637575,0.4768081,-0.6177093,-1.234702,-0.1772251,0.09268177,2.029472,0.5661791,0.03347395,0.8236024,-0.3106659,0.9341586,0.1755976,-0.7634973,-0.3552848,0.5393002,moving,-4.673716474769584,0.7113294708620027,-4.9907347084755225,2.6147624806118768,-1.6786299000000002,-0.6403936100000001,0.964807,-0.08147507556060973,0.012373448895176997,0.9965986287759235,-4.25086663316556,0.3770606291964717,1.9221963306236474,1.9296522440863526,2.356844149427535
05/05/2023 11:40:32.132720,2679,True,True,True,True,Eyes,2.158463,0.01907081,-2.20353,-0.8120448,-0.3450645,0.4706525,0.0,0.0,0.0,0.0,0.0,0.0,0.0,0.6428568,1.026594,2.822917,2.149404,0.02266874,-2.19444,0.1511027,-0.4626614,0.1010937,0.8676938,20.8404,304.2679,2.184155,0.6928485,0.003403126,-0.7210748,-0.2009691,0.02664505,0.435932,0.4560359,-0.6169596,-1.255032,-0.1736411,0.09495425,2.029764,0.551449,0.03561804,0.8334478,-0.3152556,0.9338961,0.1686774,-0.7723457,-0.3557661,0.5262249,moving,-3.8895504915448744,0.7543773393553586,-4.889602092684235,2.6783972063157093,-1.6933681,-0.63962834,0.9394080000000002,-0.06782748254368426,0.013135667829515946,0.9976106098904514,-3.4876070628375304,0.4137453698738262,2.1610800301339625,2.168399329782115,2.663501080160182
05/05/2023 11:40:32.142935,2680,True,True,True,True,Eyes,2.157307,0.01908539,-2.202651,-0.8134756,-0.344859,0.4683265,0.0,0.0,0.0,0.0,0.0,0.0,0.0,0.6952269,1.017913,2.804987,2.143234,0.02269994,-2.189399,0.1498578,-0.4701269,0.1037289,0.8635762,20.87674,303.305,2.346277,0.6935415,0.003680998,-0.7204068,-0.1889109,0.02504635,0.4097761,0.4354152,-0.6169602,-1.276387,-0.1708807,0.09670457,2.029988,0.5364422,0.03825119,0.8430698,-0.3200599,0.9335659,0.1612958,-0.7808916,-0.3563587,0.5130468,moving,-3.1383559423754313,0.8005823197252344,-4.811710764168811,2.727394474237141,-1.7078188,-0.6396601399999999,0.9130119999999999,-0.05474193018137302,0.0139513916700887,0.9984030609073149,-2.756573765151514,0.4537205791088836,2.5450998629231227,2.552003416610951,3.0648296961034425
05/05/2023 11:40:32.162777,2681,True,True,True,True,Eyes,2.155881,0.01910692,-2.201679,-0.815843,-0.3416494,0.4665574,0.0,0.0,0.0,0.0,0.0,0.0,0.0,0.7456926,1.002138,2.789067,2.136895,0.02267469,-2.184582,0.147436,-0.4773535,0.1062068,0.8597188,20.78753,302.3889,2.566124,0.69416,0.00393194,-0.7198096,-0.1775763,0.02354357,0.3851895,0.4147015,-0.612628,-1.295638,-0.167607,0.09878027,2.030255,0.5217074,0.04185779,0.852097,-0.3233742,0.9339654,0.1521106,-0.7894621,-0.3549035,0.5007924,moving,-2.429221468384914,0.9005108726183806,-4.719331521074226,2.785479155922158,-1.7221935,-0.63530269,0.8889439999999997,-0.04237998455579589,0.015702111980830435,0.9989781285155906,-2.067989449173061,0.5462468977228276,2.9596322394458605,2.9660933030654704,3.470414368399491
05/05/2023 11:40:32.182642,2682,True,True,True,True,Eyes,2.154248,0.0190861,-2.200564,-0.8183981,-0.3385067,0.4643683,0.0,0.0,0.0,0.0,0.0,0.0,0.0,0.7930468,0.9822356,2.774095,2.13032,0.02219658,-2.179577,0.1443351,-0.4842294,0.1083751,0.8561217,20.61543,301.5243,2.803698,0.6947081,0.004158743,-0.7192793,-0.1669217,0.02213096,0.3620782,0.3940599,-0.6060307,-1.313026,-0.1644237,0.1007987,2.030513,0.5075536,0.04578202,0.8604031,-0.3253472,0.9348444,0.14218,-0.7978337,-0.3520937,0.4893787,moving,-1.7958528403009135,0.9078298018366612,-4.629506646537371,2.841943382830667,-1.7362601000000002,-0.62822728,0.8665510000000001,-0.031334485694324676,0.015836177244529098,0.99938356979187,-1.4507669857382663,0.5491679482195366,3.4244816023983837,3.430800087120178,3.919337319585221
05/05/2023 11:40:32.193130,2683,True,True,True,True,Eyes,2.152423,0.01901522,-2.199278,-0.821091,-0.3354954,0.4617927,0.0,0.0,0.0,0.0,0.0,0.0,0.0,0.8377267,0.9653605,2.758113,2.12373,0.02115456,-2.174907,0.141698,-0.4906948,0.1105017,0.8526018,20.49154,300.7031,3.020985,0.6951922,0.004362655,-0.7188103,-0.1569064,0.0208031,0.3403535,0.3748107,-0.6014576,-1.329769,-0.1611086,0.1029007,2.030783,0.4940161,0.04936694,0.8680502,-0.3274887,0.9354222,0.1331787,-0.8054187,-0.3500691,0.4782808,moving,-1.22268359356921,0.9496065098326861,-4.535959797501884,2.9007224237852425,-1.7489193,-0.6226121600000001,0.8451380000000002,-0.021335306479776328,0.016569229784954356,0.9996351118269091,-0.8931567677309269,0.5860150840560643,3.8388533300421264,3.8450816003337867,4.3160032416930125
05/05/2023 11:40:32.212870,2684,True,True,True,True,Eyes,2.150385,0.01890538,-2.197866,-0.8239437,-0.3325025,0.4588668,0.0,0.0,0.0,0.0,0.0,0.0,0.0,0.8799388,0.949453,2.741505,2.116893,0.01985579,-2.170248,0.1392934,-0.4968571,0.1123291,0.8491835,20.37692,299.9118,3.201827,0.6956173,0.004543984,-0.7183978,-0.147492,0.01955491,0.3199323,0.356044,-0.5974569,-1.345987,-0.1580009,0.1048713,2.031036,0.4810304,0.05235818,0.875139,-0.3291939,0.935959,0.1249484,-0.8125523,-0.3481945,0.4674608,moving,-0.697926217831322,0.9949554979934128,-4.448266255335432,2.955807514719111,-1.760849,-0.61731269,0.8242609999999999,-0.01217897217640801,0.01736308765707266,0.999775009310554,-0.38283564280379323,0.6266590331425519,4.225813133975334,4.232019733933617,4.6853664439977125
05/05/2023 11:40:32.233317,2685,True,True,True,True,Eyes,2.148156,0.01877147,-2.196282,-0.8268927,-0.329583,0.4556572,0.0,0.0,0.0,0.0,0.0,0.0,0.0,0.9199238,0.9307086,2.725682,2.109768,0.01879084,-2.16572,0.1366058,-0.5028167,0.1134909,0.8459516,20.19731,299.1418,3.337666,0.6959885,0.004703916,-0.7180373,-0.1386425,0.01838162,0.3007363,0.3369343,-0.5908557,-1.361395,-0.1548521,0.106868,2.031292,0.4685903,0.0546403,0.8817243,-0.3293911,0.9369173,0.1169935,-0.8197102,-0.3452541,0.4570284,moving,-0.21308668955325563,0.967657549277101,-4.359414672897129,3.0116031386396105,-1.7728336999999998,-0.60964654,0.804325,-0.0037185253285299535,0.016887890437423433,0.9998504622392712,0.09053087834181539,0.5968833698097369,4.616475473538495,4.6227426185907134,5.0628931423612995
05/05/2023 11:40:32.243211,2686,True,True,True,True,Eyes,2.145713,0.01861036,-2.194594,-0.8299615,-0.3266392,0.4521845,0.0,0.0,0.0,0.0,0.0,0.0,0.0,0.9566404,0.908876,2.710957,2.102387,0.01799021,-2.161052,0.1336189,-0.5084934,0.113768,0.8429931,19.9366,298.4028,3.410408,0.6963115,0.004844327,-0.717723,-0.1303239,0.01727872,0.2826921,0.3175288,-0.5808828,-1.375094,-0.1514322,0.1090366,2.03157,0.4569826,0.05592263,0.8877159,-0.3276999,0.9384056,0.1095791,-0.8269097,-0.3409802,0.447161,moving,0.22157956083728195,0.8599443790723889,-4.262914969892129,3.072179975463349,-1.7848581999999997,-0.59887301,0.7859580000000002,0.003866847838701337,0.015008185705537594,0.9998799339664541,0.5171549883111592,0.48919768382999124,4.9941144115448655,5.000467731130885,5.43331080688461
05/05/2023 11:40:32.263101,2687,True,True,True,True,Eyes,2.08006,0.01390129,-2.148397,-0.8999122,-0.2545682,0.3540524,0.0,0.0,0.0,0.0,0.0,0.0,0.0,0.989345,0.8905361,2.696038,2.09485,0.01714465,-2.1568,0.1312989,-0.5136013,0.1135574,0.8402852,19.71267,297.7239,3.408526,0.696589,0.004966231,-0.7174518,-0.1225045,0.016242,0.2657306,0.2992711,-0.5722209,-1.387931,-0.148388,0.1109668,2.031818,0.4466369,0.05597064,0.8929629,-0.3257118,0.9397306,0.1040106,-0.8333231,-0.3373035,0.4379487,moving,-5.764555619048187,5.230852536543949,-4.177017146969611,3.126076857641046,-1.7955789000000002,-0.58936555,0.768869,-0.10002672857476935,0.09071159652852503,0.9908411062989443,-5.436053045418071,4.781719249557817,2.619404058259978,2.6363533638021206,2.079981519988533
05/05/2023 11:40:32.282596,2688,True,True,True,True,Eyes,2.079741,0.01385912,-2.148243,-0.9000711,-0.2544484,0.3537343,0.0,0.0,0.0,0.0,0.0,0.0,0.0,1.017633,0.8746915,2.681263,2.087125,0.01619321,-2.152552,0.1294648,-0.5181367,0.1128088,0.8378828,19.50283,297.1095,3.33768,0.6964881,0.004934472,-0.7175499,-0.3121113,0.001140275,0.3883783,0.2820234,-0.563844,-1.398655,-0.145164,0.1130111,2.032081,0.4376171,0.05488017,0.8974851,-0.323202,0.941026,0.1000519,-0.839066,-0.3338534,0.4295465,moving,-5.205164249106343,5.003171103115639,-4.086047585885729,3.1831388346469898,-1.8051016,-0.58003721,0.753897,-0.09037950402122086,0.08685395563615522,0.9921128282395563,-4.884610994545572,4.556479224178271,2.12445799065422,2.1365719187907475,1.5886369450470292
05/05/2023 11:40:32.297065,2689,True,True,True,True,Eyes,2.079138,0.01377808,-2.147871,-0.9003543,-0.2543631,0.3530745,0.0,0.0,0.0,0.0,0.0,0.0,0.0,1.042052,0.8619062,2.666683,2.079197,0.01511561,-2.148643,0.1281011,-0.5220478,0.1119827,0.8357729,19.33237,296.5729,3.24625,0.6963945,0.004904531,-0.717641,-0.2933846,0.001071859,0.3650756,0.2660808,-0.5569194,-1.407582,-0.1420079,0.1150123,2.032337,0.4298521,0.05343449,0.9013168,-0.3209341,0.9420999,0.0972062,-0.8439363,-0.3310476,0.4221126,moving,-4.741974002800572,4.814213496383149,-3.996999597514367,3.2389796641556132,-1.8131162,-0.5720350099999999,0.7410609999999997,-0.08237894365096365,0.08363979071044465,0.993085167431885,-4.427991352997629,4.369554825340025,1.7340014628015215,1.7425121206826035,1.2099397044405567
05/05/2023 11:40:32.312733,2690,True,True,True,True,Eyes,2.078219,0.01366144,-2.147375,-0.9007535,-0.2541302,0.3522231,0.0,0.0,0.0,0.0,0.0,0.0,0.0,1.06239,0.8505394,2.652734,2.070956,0.01399289,-2.144769,0.126885,-0.5252929,0.1113427,0.8340088,19.18512,296.129,3.181577,0.696306,0.00487498,-0.7177271,-0.2757816,0.001007547,0.3431711,0.2513498,-0.5507814,-1.413667,-0.1386701,0.1171287,2.032608,0.4233404,0.05241806,0.9044531,-0.3190252,0.943006,0.09467124,-0.8479421,-0.3286214,0.4159352,moving,-4.377553619601685,4.663159342948831,-3.902827895880926,3.2980125661672726,-1.8196061999999997,-0.56477429,0.7311020000000001,-0.0760772263877385,0.08106206229847035,0.9938014571175507,-4.068676064937196,4.220164877112717,1.4393719461892225,1.4453339527317823,0.9369474370322708
05/05/2023 11:40:32.333174,2691,True,True,True,True,Eyes,2.076988,0.01350183,-2.146768,-0.90122,-0.2538939,0.3511987,0.0,0.0,0.0,0.0,0.0,0.0,0.0,1.079765,0.8360313,2.64086,2.062488,0.01299258,-2.14125,0.125145,-0.5281087,0.1103653,0.8326222,18.96356,295.7509,3.127978,0.6962188,0.004844634,-0.7178119,-0.2592347,0.0009470942,0.3225808,0.236602,-0.5421765,-1.41806,-0.1356084,0.1190703,2.032857,0.4178416,0.05160482,0.9070533,-0.3159655,0.9443164,0.09182731,-0.8518066,-0.3249668,0.41088,moving,-4.0901858652152425,4.4416526998548065,-3.8164487158400404,3.352149126881727,-1.8258860000000001,-0.55516908,0.7231899999999998,-0.07111346812953839,0.0772477771134224,0.9944726156715049,-3.7825742161588343,4.002736736498656,1.1194762418293407,1.1233655070675652,0.6514688937437626
05/05/2023 11:40:32.342667,2692,True,True,True,True,Eyes,2.075445,0.01331243,-2.14606,-0.901772,-0.2535198,0.35005,0.0,0.0,0.0,0.0,0.0,0.0,0.0,1.095438,0.8194296,2.63014,2.053854,0.01179558,-2.137903,0.1229312,-0.5306241,0.1095445,0.8314603,18.70397,295.4248,3.129103,0.6961291,0.004812178,-0.7178991,-0.2436806,0.0008902685,0.303226,0.2221022,-0.5324457,-1.420777,-0.1323294,0.1211494,2.033125,0.4128763,0.05170323,0.9093184,-0.3126243,0.9457759,0.08817097,-0.8554527,-0.3206787,0.406652,moving,-3.8589664716334484,4.1962039543698,-3.723940675837775,3.4100958926586333,-1.8317518,-0.54424128,0.7171260000000002,-0.06712116518977973,0.07300710710295573,0.9950702201212054,-3.55056153566492,3.7623856523151558,0.7953061825687904,0.7976201164824908,0.3926428415314977
05/05/2023 11:40:32.363192,2693,True,True,True,True,Eyes,2.073578,0.01311327,-2.145274,-0.9023767,-0.2531719,0.3487411,2.063756,0.2112933,-0.5093717,-1.425558,0.2124263,0.9594426,-0.185324,-0.1296998,0.135553,2.024945,2.044879,0.010855,-2.134728,0.1206096,-0.5328784,0.1094001,0.8303769,18.47535,295.1435,3.212193,0.6960337,0.004776862,-0.7179919,-0.2290597,0.0008368524,0.2850324,0.2081049,-0.5237954,-1.422769,-0.1292265,0.1231167,2.033377,0.4081445,0.053146,0.911369,-0.310227,0.9469699,0.08370905,-0.8585902,-0.3168967,0.4029879,moving,-3.673909943566447,3.987018027403403,-3.6364082295991538,3.464908881493524,-1.8367741,-0.5346504,0.711959,-0.06392345076425365,0.0693882449847944,0.9955396217037421,-3.3645266908187086,3.557623846263002,0.522243509417988,0.5234542375348854,0.2872553495095057
05/05/2023 11:40:32.382753,2694,True,True,True,True,Eyes,2.071398,0.01290216,-2.144409,-0.9030799,-0.2525688,0.3473555,2.063877,0.2075524,-0.5083688,-1.42751,0.9201037,0.23909,-0.3102343,-0.1244059,0.1240096,2.018747,2.035455,0.01042388,-2.131654,0.1174411,-0.5348498,0.1093427,0.8295707,18.16865,294.9161,3.366095,0.6959286,0.004738681,-0.7180939,-0.2153162,0.0007866413,0.2679304,0.1937316,-0.5119638,-1.422846,-0.1259304,0.1252066,2.033645,0.4039596,0.05578825,0.9130741,-0.3070416,0.9485036,0.07788751,-0.8617089,-0.3118151,0.4002865,moving,-3.5469825660225625,3.7210667639029293,-3.5434302526539305,3.523115410176681,-1.8417233999999998,-0.52238768,0.7088080000000001,-0.06173706557827324,0.06477542804800708,0.9959883666753753,-3.2336272333065583,3.2980157421872676,0.1975935116284258,0.19798322497707554,0.38294617288294236
05/05/2023 11:40:32.393982,2695,True,True,True,True,Eyes,2.068904,0.01263731,-2.143493,-0.9038597,-0.251907,0.345804,0.0,0.0,0.0,0.0,0.0,0.0,0.0,1.138006,0.7522404,2.602906,2.025801,0.009856623,-2.128867,0.1129587,-0.5369948,0.109406,0.8287987,17.74258,294.6843,3.613907,0.6958107,0.004697554,-0.7182083,-0.2023972,0.0007394428,0.2518546,0.1781371,-0.4963501,-1.423229,-0.1226797,0.127268,2.033909,0.3993338,0.06003463,0.9148379,-0.3026675,0.9505413,0.06973911,-0.8654044,-0.3047409,0.3977538,moving,-3.4290125628917276,3.3446017964381434,-3.45173916130003,3.5805066261024594,-1.8476639,-0.506206723,0.705638,-0.059710322672367366,0.05823706851035095,0.996515439703155,-3.108480892381871,2.930938944765948,0.2364910969435519,0.23699701882969376,0.734686607893177
05/05/2023 11:40:32.412912,2696,True,True,True,True,Eyes,2.066114,0.01233145,-2.142514,-0.9047155,-0.2511191,0.344135,0.0,0.0,0.0,0.0,0.0,0.0,0.0,1.153878,0.7199663,2.595258,2.016035,0.008280396,-2.12619,0.1077159,-0.5393713,0.109462,0.8279456,17.24434,294.4275,3.906101,0.6956767,0.004651996,-0.7183383,-0.1902534,0.0006950762,0.2367433,0.161642,-0.4793471,-1.424571,-0.1195244,0.1292688,2.034166,0.3941935,0.06505944,0.9167218,-0.2974549,0.9528307,0.06028455,-0.8695586,-0.2964472,0.3949519,moving,-3.300234398973355,2.9043000125329264,-3.3627435749266477,3.636188205456791,-1.854393,-0.48762749600000005,0.7016189999999998,-0.05749440815922929,0.05058407566028763,0.9970634287095653,-2.9710779430709073,2.501678256392453,0.7331134917818523,0.7345527373985612,1.2002144773759909
05/05/2023 11:40:32.432936,2697,True,True,True,True,Eyes,2.063009,0.01200749,-2.141474,-0.9056712,-0.2503334,0.3421884,0.0,0.0,0.0,0.0,0.0,0.0,0.0,1.171789,0.6980488,2.583503,2.00617,0.006943282,-2.123696,0.1041937,-0.5418379,0.1106291,0.8266296,16.98643,294.139,4.196588,0.695524,0.004601095,-0.7184862,-0.1788382,0.0006533716,0.2225387,0.1466207,-0.4703192,-1.428028,-0.1163349,0.1312913,2.034425,0.3883459,0.06998628,0.9188522,-0.2958107,0.9538098,0.05237323,-0.8727447,-0.2921453,0.3911108,moving,-3.1456108001716516,2.7013049003280774,-3.272790981487764,3.692453828980827,-1.8595493,-0.477262482,0.6956679999999997,-0.05481289821778046,0.047058349031464275,0.9973871328300561,-2.814876556428471,2.3031418300666178,0.9973241212501275,0.9992752360031208,1.4628306296370674
05/05/2023 11:40:32.442648,2698,True,True,True,True,Eyes,2.059601,0.01165184,-2.140373,-0.9067438,-0.2492073,0.3401638,0.0,0.0,0.0,0.0,0.0,0.0,0.0,1.189319,0.6704761,2.572415,1.995572,0.006152123,-2.121082,0.09986101,-0.5443422,0.1113833,0.8254171,16.62552,293.8499,4.498741,0.69535,0.004544794,-0.7186548,-0.1681079,0.0006141693,0.2091864,0.1301547,-0.4570673,-1.43101,-0.1130064,0.1334018,2.034696,0.3825707,0.07515816,0.9208643,-0.2925924,0.9552431,0.04359274,-0.8763729,-0.2861152,0.3874387,moving,-3.005137194723187,2.4151190791290893,-3.178924305435425,3.751143380632374,-1.8654172999999998,-0.463219423,0.690072,-0.05237905495132372,0.04208145301924315,0.9977402437289802,-2.670226592693513,2.0237559888457444,1.3448288740234875,1.3472798128291863,1.8007333406843635
05/05/2023 11:40:32.463124,2699,True,True,True,True,Eyes,2.055906,0.01124267,-2.139224,-0.9078482,-0.2481935,0.3379521,0.0,0.0,0.0,0.0,0.0,0.0,0.0,1.205382,0.6334577,2.563936,1.984969,0.00494393,-2.118456,0.09393062,-0.5468691,0.1110048,0.8244934,16.03953,293.5648,4.793395,0.6951524,0.004482579,-0.718846,-0.1580214,0.0005773192,0.1966352,0.1121681,-0.4365852,-1.433583,-0.1100388,0.1352836,2.034938,0.3772242,0.08030995,0.9226333,-0.285781,0.95771,0.03348012,-0.8809264,-0.2763005,0.3842224,moving,-2.9013632618983523,1.8971444522670513,-3.0952414148133696,3.8034526531684003,-1.8728008999999999,-0.44152913,0.6848730000000001,-0.05058902908203705,0.03306297727350844,0.9981721190507421,-2.555104707105855,1.519086661677858,1.9130303819008596,1.9161418775762604,2.3473550319650585
05/05/2023 11:40:32.482483,2700,True,True,True,True,Eyes,2.051925,0.01076583,-2.138033,-0.9090355,-0.2469498,0.3356638,0.0,0.0,0.0,0.0,0.0,0.0,0.0,1.220525,0.6072198,2.552958,1.974466,0.003231339,-2.116002,0.08971342,-0.5491113,0.1111604,0.8234512,15.65404,293.2989,5.037152,0.6949294,0.004413243,-0.7190616,-0.1485401,0.00054268,0.1848371,0.09612744,-0.4232391,-1.436098,-0.1068288,0.137319,2.035198,0.3722403,0.08454498,0.9242777,-0.2815956,0.9591897,0.02567037,-0.8843874,-0.2698281,0.3808565,moving,-2.810364068363635,1.590656748222417,-3.004733266286009,3.860013779428473,-1.87833856,-0.426470439,0.6799039999999998,-0.04901159021364726,0.027725270411712244,0.9984132931887761,-2.4581361355828437,1.2202754952252284,2.274279575540448,2.2776656295833573,2.6957348965321537
05/05/2023 11:40:32.493027,2701,True,True,True,True,Eyes,2.047677,0.01027815,-2.136808,-0.9102074,-0.2460843,0.3331143,0.0,0.0,0.0,0.0,0.0,0.0,0.0,1.235574,0.5821122,2.541363,1.963657,0.001067478,-2.113782,0.0857695,-0.5514341,0.1103619,0.822426,15.23584,293.0084,5.16956,0.6946788,0.004335213,-0.7193036,-0.1396277,0.0005101193,0.1737469,0.07943596,-0.4088301,-1.43925,-0.1034626,0.1394531,2.035472,0.3674814,0.08693653,0.9259587,-0.2761214,0.9609277,0.01936348,-0.888096,-0.2627928,0.3771281,moving,-2.7190650038396056,1.2223701222445158,-2.9098277534668515,3.9192913715610804,-1.88422104,-0.409897578,0.6745320000000001,-0.04742805755556678,0.021308759641869512,0.9986474086006385,-2.3592095634011514,0.8613329622839814,2.699992091875247,2.7036594925508957,3.107135340486435
05/05/2023 11:40:32.512561,2702,True,True,True,True,Eyes,2.043134,0.009945876,-2.135549,-0.9113892,-0.2453062,0.330446,0.0,0.0,0.0,0.0,0.0,0.0,0.0,1.252285,0.5738701,2.52507,1.953004,0.0003697723,-2.111706,0.08497585,-0.5538102,0.1104297,0.8209012,15.17854,292.6809,5.182831,0.6943994,0.004248977,-0.7195733,-0.13125,0.0004795121,0.1633221,0.06491388,-0.4055712,-1.44498,-0.1005247,0.1413161,2.035711,0.3621993,0.0871828,0.9280145,-0.2754247,0.9611688,0.01719934,-0.890479,-0.2618277,0.3721469,moving,-2.5701200834066253,1.2000304398577444,-2.827005580744413,3.9710192527471952,-1.88809012,-0.40594097230000004,0.6667259999999999,-0.04483219979169073,0.020921893192330163,0.998775406584567,-2.2134131078514074,0.8386090823076071,2.7792491629688167,2.782870668913841,3.1919412899776716
05/05/2023 11:40:32.523392,2703,True,True,True,True,Eyes,1.922736,0.001989085,-2.101764,-0.940533,-0.2058351,0.27024,0.0,0.0,0.0,0.0,0.0,0.0,0.0,1.269344,0.5677624,2.507178,1.941421,0.003778517,-2.109596,0.08526066,-0.5561654,0.1109691,0.819205,15.25564,292.3473,5.172334,0.694089,0.004160599,-0.7198724,-0.123375,0.0004507414,0.1535227,0.05033975,-0.4026764,-1.45096,-0.09733009,0.1433421,2.035971,0.356732,0.08697492,0.9301494,-0.276651,0.960833,0.0162575,-0.8923042,-0.2631263,0.3668215,moving,-5.87080958336667,3.8514734239787445,-2.736955017933648,4.027251657251897,-1.89108125,-0.40645491699999997,0.6586359999999998,-0.1020571560594275,0.06681955435468329,0.9925318907389895,-5.502452695311189,3.4403097116150403,3.132342805231336,3.1387804040069494,2.8270971421457296
05/05/2023 11:40:32.542947,2704,True,True,True,True,Eyes,1.922344,0.001994353,-2.101703,-0.9404869,-0.2062633,0.2700736,0.0,0.0,0.0,0.0,0.0,0.0,0.0,1.281488,0.5239068,2.499465,1.929618,0.00357056,-2.107267,0.07886334,-0.5587636,0.1058053,0.8187607,14.32257,292.0105,5.040353,0.6920796,0.003793751,-0.7218069,-0.4771663,-0.02344668,0.245666,0.02924814,-0.3677535,-1.453818,-0.09397423,0.1454697,2.036244,0.353177,0.08512657,0.9316755,-0.2613904,0.9651716,0.01090006,-0.8982989,-0.2473807,0.3631277,moving,-5.636516771963121,2.8625086024835675,-2.6423694599503587,4.086280264268942,-1.90036986,-0.37132406,0.6534489999999997,-0.09809580090638326,0.04969855761873322,0.9939351963939163,-5.247403826915487,2.4765088122157777,3.233069162964161,3.234584240087463,3.0622815319488113
05/05/2023 11:40:32.562880,2705,True,True,True,True,Eyes,1.9215,0.002141296,-2.10154,-0.9403418,-0.2069816,0.2700298,0.0,0.0,0.0,0.0,0.0,0.0,0.0,1.293721,0.5503705,2.478546,1.919826,0.003804628,-2.105722,0.08403283,-0.5599436,0.1079959,0.8171529,14.96794,291.8023,4.892391,0.6903663,0.003481961,-0.7234477,-0.4485363,-0.02203988,0.230926,0.02147712,-0.3878111,-1.4575,-0.09096271,0.1473793,2.036489,0.3496002,0.08239095,0.9332693,-0.2706055,0.9625508,0.01639215,-0.8969685,-0.2582785,0.3588034,moving,-5.391122516164318,3.435327856075028,-2.557498483073778,4.13923981827222,-1.8983488800000001,-0.391615728,0.6482220000000001,-0.0937867243019111,0.0596577527560725,0.9938033906838177,-5.023628190322056,3.032225606185491,2.9164415671067263,2.9197460868083365,2.7031974028425076
05/05/2023 11:40:32.572840,2706,True,True,True,True,Eyes,1.920227,0.002419883,-2.1013,-0.9403286,-0.2072383,0.2698784,0.0,0.0,0.0,0.0,0.0,0.0,0.0,1.304266,0.5697023,2.457578,1.907896,0.007437732,-2.103625,0.08865762,-0.5609071,0.1100124,0.8157332,15.54858,291.6252,4.764708,0.6888226,0.00320902,-0.7249193,-0.4216241,-0.02071748,0.2170705,0.01171028,-0.4020628,-1.459276,-0.08770132,0.1494476,2.036755,0.3465611,0.0800242,0.9346077,-0.2789389,0.9600742,0.02122842,-0.8955939,-0.2680553,0.3550462,moving,-5.189554000321232,3.9761938976166236,-2.465595207980092,4.196576974145999,-1.89618572,-0.409500532,0.6443490000000001,-0.09023506378606372,0.0690591019502762,0.993523232467543,-4.841713472561212,3.557143056192656,2.7270161110015567,2.732859345592663,2.4606531130383162
05/05/2023 11:40:32.593303,2707,True,True,True,True,Eyes,1.918577,0.002731268,-2.101017,-0.9402996,-0.2074454,0.2698205,0.0,0.0,0.0,0.0,0.0,0.0,0.0,1.312515,0.5370231,2.449799,1.89636,0.01078892,-2.101501,0.08450809,-0.5626411,0.1063621,0.8154635,14.92259,291.401,4.652297,0.6874108,0.002973208,-0.7262594,-0.3963267,-0.01947443,0.2040462,-0.006015923,-0.3745477,-1.459647,-0.08456165,0.1514384,2.03701,0.3442442,0.0783733,0.9356033,-0.2685642,0.963091,0.01813917,-0.8996495,-0.2575138,0.3525868,moving,-5.028530382696456,3.316887486138928,-2.3771338312556622,4.251745741738269,-1.9023759230000001,-0.38533661999999996,0.6418539999999999,-0.08750607927869619,0.05763633374922729,0.994495235324327,-4.66697416162401,2.9145804796876513,2.8089659924177037,2.8113810896166984,2.651674881394082
05/05/2023 11:40:32.612783,2708,True,True,True,True,Eyes,1.916559,0.00306224,-2.100663,-0.9402984,-0.2076766,0.2696467,0.0,0.0,0.0,0.0,0.0,0.0,0.0,1.321546,0.5343401,2.435849,1.885874,0.01197282,-2.09969,0.08494183,-0.5638782,0.1059313,0.8146194,14.94284,291.2163,4.558759,0.6861116,0.002771935,-0.727488,-0.3725471,-0.01830597,0.1918035,-0.0180721,-0.3717907,-1.460664,-0.0813663,0.1534643,2.03727,0.3416399,0.07679369,0.9366883,-0.2683811,0.9631269,0.01892587,-0.9006963,-0.2578552,0.3496525,moving,-4.86203361190021,3.3049016445180235,-2.2871142139880227,4.3078638508085385,-1.9039461,-0.38376351999999997,0.6390259999999999,-0.08461673772380562,0.0574426790437314,0.9947564226343399,-4.504346899457395,2.9018143295192225,2.761137091078307,2.7633572141494116,2.625470631683325
05/05/2023 11:40:32.632960,2709,True,True,True,True,Eyes,1.914215,0.003400568,-2.100277,-0.9402742,-0.2079924,0.2694875,0.0,0.0,0.0,0.0,0.0,0.0,0.0,1.330443,0.5330606,2.421066,1.875027,0.01278574,-2.097595,0.08555123,-0.565079,0.1057725,0.8137438,14.99728,291.0363,4.48039,0.6849083,0.002602475,-0.7286218,-0.3501942,-0.01720761,0.1802953,-0.03023093,-0.3706424,-1.461368,-0.07818103,0.155484,2.037529,0.3389958,0.07545704,0.9377569,-0.2688298,0.9629864,0.01969391,-0.901561,-0.2587732,0.3467335,moving,-4.69586525314507,3.3239391566636085,-2.1973903887143535,4.363788159046282,-1.90525793,-0.38342814,0.6362270000000001,-0.08172977776439672,0.05778716950981099,0.9949777931020755,-4.342875959248762,2.919235591896747,2.7040896902786313,2.706226634254479,2.586472588803072
05/05/2023 11:40:32.643091,2710,True,True,True,True,Eyes,1.911564,0.00371913,-2.099827,-0.9402547,-0.2084971,0.2691657,0.0,0.0,0.0,0.0,0.0,0.0,0.0,1.340682,0.5359403,2.405536,1.865058,0.01341244,-2.095863,0.08669269,-0.5662791,0.1071217,0.8126115,15.20162,290.8599,4.511814,0.683786,0.002461944,-0.7296759,-0.3291826,-0.01617515,0.1694775,-0.04057352,-0.3749685,-1.462764,-0.07479709,0.1576297,2.037804,0.3357061,0.07591213,0.938903,-0.2722811,0.9620187,0.01957344,-0.9017563,-0.2622164,0.343625,moving,-4.52543058804508,3.491079256626531,-2.1020837011703652,4.423176976932895,-1.90563152,-0.38838094,0.6330990000000001,-0.0787560624778863,0.06070399729055667,0.995044030670461,-4.181237986379866,3.0807300482895488,2.5938743125078347,2.5964237509169594,2.474883087729395
05/05/2023 11:40:32.662721,2711,True,True,True,True,Eyes,1.908625,0.004033037,-2.099301,-0.9402673,-0.2090401,0.2686998,0.0,0.0,0.0,0.0,0.0,0.0,0.0,1.354288,0.5389341,2.38767,1.855055,0.01329239,-2.093825,0.0876604,-0.5679041,0.1098519,0.8110076,15.48328,290.6336,4.679194,0.682732,0.002346773,-0.7306627,-0.3094316,-0.01520464,0.1593089,-0.05108917,-0.3830879,-1.466286,-0.07163829,0.1596328,2.038062,0.3308351,0.07861605,0.9404083,-0.2777468,0.9604964,0.01741581,-0.9018897,-0.2669572,0.3396013,moving,-4.2999959184160765,3.7404292599491353,-2.013129370449898,4.478593057911646,-1.90614417,-0.39638028999999997,0.6275389999999998,-0.07481983168284356,0.06505358981499831,0.995072843874494,-3.968200790283392,3.3218487163332924,2.399852185600286,2.403048980114468,2.271642957954285
05/05/2023 11:40:32.682973,2712,True,True,True,True,Eyes,1.905396,0.004397321,-2.098708,-0.9403211,-0.209676,0.2680154,0.0,0.0,0.0,0.0,0.0,0.0,0.0,1.369351,0.5368224,2.370007,1.845085,0.01350544,-2.09182,0.08783923,-0.5698525,0.1123422,0.8092786,15.67675,290.3682,4.869059,0.6817352,0.002254286,-0.7315933,-0.2908657,-0.01429236,0.1497504,-0.06255343,-0.3877876,-1.470975,-0.06845617,0.1616504,2.038321,0.3252947,0.08172153,0.9420749,-0.2819431,0.959327,0.0141358,-0.9026027,-0.2702098,0.3351049,moving,-4.053537088169468,3.894923237264824,-1.9235321387762956,4.534389541143162,-1.90763843,-0.40129304,0.6208449999999999,-0.07052611100935235,0.06775774862382336,0.9952060117813283,-3.7321121677324207,3.470534544076296,2.2204893468111546,2.2239240630550388,2.0982729031093834
05/05/2023 11:40:32.692945,2713,True,True,True,True,Eyes,1.90188,0.004797168,-2.098019,-0.9405555,-0.209823,0.2670762,0.0,0.0,0.0,0.0,0.0,0.0,0.0,1.386831,0.5311397,2.3512,1.834943,0.01509377,-2.089571,0.08773142,-0.572329,0.1145688,0.8072278,15.82979,290.0276,5.041449,0.6807854,0.002184004,-0.7324776,-0.2734138,-0.01343482,0.1407653,-0.07521579,-0.3895113,-1.477584,-0.06505591,0.1638063,2.038596,0.318627,0.08454379,0.9441023,-0.2853887,0.9583544,0.01049634,-0.9038971,-0.2727806,0.3294854,moving,-3.7520910314686646,4.030781276953658,-1.8278092035212272,4.593989438131403,-1.91015879,-0.40460507,0.6119869999999998,-0.06527836898982536,0.07014246373587142,0.9953988174790949,-3.4419186568174562,3.600723252921339,2.001565747106239,2.0050097222173133,1.8952379908343977
05/05/2023 11:40:32.712733,2714,True,True,True,True,Eyes,1.898108,0.005160302,-2.097261,-0.9409019,-0.2097245,0.2659305,0.0,0.0,0.0,0.0,0.0,0.0,0.0,1.403321,0.5045244,2.336869,1.824337,0.01622206,-2.087186,0.08408939,-0.5753478,0.1129372,0.8056979,15.39415,289.6247,5.071374,0.6798742,0.002135032,-0.7333237,-0.257009,-0.01262873,0.1323194,-0.09275307,-0.371156,-1.484789,-0.06205875,0.165707,2.03884,0.3124401,0.0852252,0.9461066,-0.2787478,0.9603483,0.005544929,-0.9081193,-0.2654576,0.3238076,moving,-3.4609491301256385,3.580670168697454,-1.743445763842375,4.646509212528291,-1.9170900700000002,-0.38737805999999997,0.6023970000000001,-0.06025080454499565,0.0623403439549052,0.9962345628522307,-3.145976068711403,3.1608415394140974,2.019884779034562,2.021343780891458,2.043110298298296
05/05/2023 11:40:32.732834,2715,True,True,True,True,Eyes,1.894118,0.00548056,-2.096413,-0.9413026,-0.2096636,0.2645575,0.0,0.0,0.0,0.0,0.0,0.0,0.0,1.418472,0.4876252,2.321371,1.814479,0.01566067,-2.084712,0.08191567,-0.5782193,0.1106246,0.8041856,15.05116,289.2201,4.94218,0.6789942,0.002103983,-0.7341389,-0.2415884,-0.01187101,0.1243802,-0.1087123,-0.3574589,-1.491762,-0.05898666,0.1676547,2.039089,0.3068493,0.08319496,0.9481149,-0.2726558,0.9621041,0.00382025,-0.9118674,-0.2596813,0.3179046,moving,-3.183675176142243,3.2119846405124832,-1.6569872143377615,4.700308899726055,-1.9231913,-0.37311957,0.5929500000000001,-0.055450050770532444,0.05594414652529263,0.9968929857698224,-2.865746900926491,2.8002775977276486,2.13156902393217,2.1321081664123773,2.251936706147809
05/05/2023 11:40:32.742975,2716,True,True,True,True,Eyes,1.889899,0.005795279,-2.095507,-0.9417259,-0.2097257,0.2629969,0.0,0.0,0.0,0.0,0.0,0.0,0.0,1.433586,0.4955862,2.300964,1.805008,0.0149137,-2.08253,0.08409251,-0.580642,0.1102219,0.8022683,15.2439,288.8401,4.708594,0.6781388,0.002087576,-0.7349292,-0.2270931,-0.01115875,0.1169174,-0.1205555,-0.3624254,-1.498791,-0.05560541,0.1697988,2.039365,0.3014119,0.07919975,0.9501991,-0.2745103,0.9615592,0.006930578,-0.9131237,-0.2629284,0.3115665,moving,-2.9030183025838228,3.367934940707513,-1.561842114610664,4.75950438977094,-1.9255635,-0.3773391,0.5837390000000002,-0.05055830148986623,0.05867257407652757,0.9969961366939213,-2.5963606307846776,2.9501536220858737,1.9321538629470942,1.932671492714916,2.084221379995278
05/05/2023 11:40:32.762851,2717,True,True,True,True,Eyes,1.885474,0.006125094,-2.094523,-0.9421598,-0.2099376,0.2612682,0.0,0.0,0.0,0.0,0.0,0.0,0.0,1.446992,0.5066143,2.28038,1.795325,0.01515096,-2.080181,0.08707794,-0.5829164,0.1089477,0.8004726,15.45145,288.4634,4.337691,0.6773025,0.002084202,-0.7357,-0.2134675,-0.01048922,0.1099024,-0.1323582,-0.3670478,-1.505533,-0.05258834,0.171712,2.03961,0.2966778,0.07290099,0.9521911,-0.2759376,0.9610956,0.0123922,-0.9142432,-0.2664218,0.3052519,moving,-2.644135098198156,3.5264965242164568,-1.4769600604200486,4.812305950175539,-1.9276832000000002,-0.38219875999999997,0.574648,-0.04604531507181675,0.061444880099516506,0.9970477985686208,-2.3482701281900984,3.1027147749875734,1.7360577756333564,1.7365492934833588,1.9188233948120446
05/05/2023 11:40:32.782788,2718,True,True,True,True,Eyes,1.880843,0.006426942,-2.093485,-0.9426281,-0.2101458,0.2594051,0.0,0.0,0.0,0.0,0.0,0.0,0.0,1.459614,0.5179864,2.25996,1.785668,0.01577387,-2.077821,0.09018894,-0.5850893,0.1076588,0.7987154,15.66728,288.0962,3.956786,0.6764806,0.002093132,-0.7364558,-0.2006595,-0.00985987,0.1033082,-0.1439035,-0.3714246,-1.51163,-0.0492903,0.1738032,2.039879,0.2921604,0.06644031,0.9540588,-0.2775146,0.9605511,0.01809057,-0.9152203,-0.2700506,0.2990731,moving,-2.404848615670337,3.6973762862542032,-1.3841883342851065,4.86999331052437,-1.9295715,-0.38719847,0.5661910000000001,-0.04187301977905494,0.06443005253299916,0.9970433373823014,-2.119614895885212,3.2673912763075696,1.5541034259010131,1.5545990144103392,1.763288265594364
05/05/2023 11:40:32.793004,2719,True,True,True,True,Eyes,1.876037,0.006706482,-2.092381,-0.9430559,-0.2102124,0.2577911,0.0,0.0,0.0,0.0,0.0,0.0,0.0,1.469163,0.5276625,2.24173,1.776152,0.01558129,-2.075394,0.09288748,-0.5869924,0.1047929,0.7973896,15.73333,287.7613,3.458956,0.6756678,0.002112197,-0.7372015,-0.1886199,-0.009268278,0.09710974,-0.1558278,-0.3713595,-1.515983,-0.04608357,0.1758365,2.040139,0.2889169,0.05807306,0.9555911,-0.27617,0.9607808,0.02510975,-0.9166553,-0.2711603,0.2936238,moving,-2.2012960854869803,3.726658805865278,-1.2940025787222957,4.926063113555256,-1.9319798,-0.38694079000000003,0.5594110000000001,-0.03832931214591989,0.06494885125275168,0.997152167639999,-1.9219772935278794,3.2945328583601845,1.5035369268860708,1.5039122982151032,1.7482114334519292
05/05/2023 11:40:32.812971,2720,True,True,True,True,Eyes,1.751203,0.01371406,-2.063665,-0.951812,-0.2187191,0.2149788,0.0,0.0,0.0,0.0,0.0,0.0,0.0,1.477382,0.544104,2.222974,1.767159,0.01533667,-2.072978,0.09665549,-0.5884118,0.1038616,0.7960164,16.0279,287.4901,3.077787,0.6748607,0.002139642,-0.7379404,-0.1773027,-0.008712182,0.09128316,-0.1651665,-0.3795298,-1.518984,-0.04287279,0.1778724,2.0404,0.2859688,0.05160455,0.9568484,-0.2790974,0.959741,0.03165197,-0.9166932,-0.2761054,0.2888586,moving,-4.469348539182898,3.5964784329500556,-1.2037191297225664,4.982179203593477,-1.9323255,-0.39486646999999997,0.5539940000000001,-0.07777322631485573,0.06253917620018112,0.9950076327380761,-4.129408991723026,3.182909881855837,3.5428459595194823,3.547464173983158,3.4346806635782747
05/05/2023 11:40:32.832739,2721,True,True,True,True,Eyes,1.751203,0.01371406,-2.063665,-0.951812,-0.2187191,0.2149788,0.0,0.0,0.0,0.0,0.0,0.0,0.0,1.484498,0.5648387,2.203373,1.757684,0.01572733,-2.070732,0.1012981,-0.589448,0.1039392,0.7946612,16.47093,287.2629,2.73586,0.6717228,0.002459632,-0.7407968,-0.5411656,0.0128333,0.1719523,-0.1735316,-0.3923593,-1.521095,-0.0396843,0.1798944,2.04066,0.2834956,0.04577292,0.9578805,-0.2846127,0.9578707,0.03846189,-0.915765,-0.2835288,0.2845797,moving,-4.249613652334256,4.005536763097382,-1.1140789457886102,5.037886556611539,-1.9312156,-0.40808663,0.5496369999999999,-0.0739217484335365,0.06966175887609603,0.9948280388876604,-3.9262327075524146,3.579460034838065,3.294980648166054,3.3011095092591236,3.167841015457466
05/05/2023 11:40:32.842953,2722,True,True,True,True,Eyes,1.751203,0.01371406,-2.063665,-0.951812,-0.2187191,0.2149788,0.0,0.0,0.0,0.0,0.0,0.0,0.0,1.490637,0.5725994,2.187568,1.748344,0.01624243,-2.068417,0.1035935,-0.5905995,0.1026638,0.7936755,16.60102,287.0461,2.428051,0.669104,0.002732852,-0.7431622,-0.5086957,0.0120633,0.1616351,-0.1837559,-0.3941889,-1.522256,-0.03653514,0.181891,2.040916,0.2813047,0.04059893,0.9587593,-0.2853279,0.9574571,0.04317283,-0.9162181,-0.2857055,0.2809212,moving,-4.054008603518577,4.107271373573643,-1.0255619353799075,5.092872653779245,-1.9320998999999999,-0.41043133,0.5461610000000001,-0.07051610839478067,0.07144573089069238,0.9949487416407946,-3.738295278611168,3.67714906374309,3.1784398562790397,3.18479184646393,3.0599339004075743
05/05/2023 11:40:32.862988,2723,True,True,True,True,Eyes,1.750079,0.0137527,-2.063361,-0.9517616,-0.2187308,0.2151899,0.0,0.0,0.0,0.0,0.0,0.0,0.0,1.495858,0.5846479,2.170933,1.738949,0.01655012,-2.065947,0.1066068,-0.5914749,0.1023127,0.7926692,16.86026,286.8611,2.16118,0.6669118,0.002967016,-0.7451293,-0.478174,0.0113395,0.151937,-0.1928449,-0.4006357,-1.522267,-0.03309613,0.1840716,2.041196,0.2793792,0.03608977,0.9595023,-0.2883106,0.9563342,0.04797703,-0.9158734,-0.2900385,0.2775849,moving,-3.871206567327697,4.3425546525709136,-0.9289173696310378,5.152898561328095,-1.9317939000000002,-0.41718582,0.5436799999999999,-0.06732096436658364,0.07554755507899343,0.9948670533511247,-3.5664380371916256,3.9048637467000704,3.0445648551827373,3.0518392771150844,2.917894132817854
05/05/2023 11:40:32.882703,2724,True,True,True,True,Eyes,1.748634,0.01377591,-2.062982,-0.9517242,-0.2188055,0.2152792,0.0,0.0,0.0,0.0,0.0,0.0,0.0,1.50102,0.5914385,2.155746,1.729426,0.01676503,-2.063712,0.1086362,-0.5923843,0.1015583,0.7918112,16.99941,286.6845,1.92486,0.6649248,0.003178725,-0.7469022,-0.4494835,0.01065913,0.1428208,-0.2028275,-0.4032575,-1.52244,-0.03003919,0.1860102,2.041444,0.2775336,0.03212128,0.9601789,-0.2895387,0.9557682,0.05171561,-0.9160472,-0.2923618,0.2745581,moving,-3.706869414920031,4.458019550908744,-0.8430280738788448,5.206241883794605,-1.9322534999999998,-0.42002253,0.5412720000000002,-0.06445716248932953,0.0775669951002747,0.9949012861201199,-3.409351221410864,4.016119480978419,2.952346630390744,2.9599702508785017,2.8288523876730687
05/05/2023 11:40:32.893086,2725,True,True,True,True,Eyes,1.746872,0.01378587,-2.062563,-0.9517026,-0.2186528,0.2155297,0.0,0.0,0.0,0.0,0.0,0.0,0.0,1.507133,0.5941248,2.14127,1.720291,0.01644304,-2.061505,0.1097537,-0.5934075,0.1014702,0.7909018,17.09969,286.5114,1.813576,0.6631085,0.003370349,-0.7485144,-0.4225145,0.01001958,0.1342516,-0.2127456,-0.4050012,-1.522573,-0.02673537,0.1881051,2.041713,0.2751427,0.03024859,0.9609274,-0.2907632,0.9553158,0.05318241,-0.9163805,-0.2940351,0.2716433,moving,-3.5289880404960337,4.556936124881481,-0.7502211725237217,5.263858705965632,-1.9330366,-0.42144424,0.538932,-0.06135967821152977,0.07930000832417719,0.9949605197927467,-3.238615210690946,4.111184138400814,2.8594227364272564,2.867278298698494,2.7424010552610505
05/05/2023 11:40:32.913194,2726,True,True,True,True,Eyes,1.744801,0.01378634,-2.062071,-0.9517297,-0.2184695,0.2155963,0.0,0.0,0.0,0.0,0.0,0.0,0.0,1.515986,0.5938197,2.125754,1.711117,0.0161419,-2.059486,0.1103013,-0.5947233,0.1026839,0.7896797,17.23805,286.3135,1.858667,0.6614408,0.003543432,-0.7499877,-0.3971637,0.009418407,0.1261965,-0.222788,-0.4082879,-1.524538,-0.02365822,0.1900562,2.041964,0.2715205,0.03097727,0.961934,-0.2933723,0.9545793,0.05206838,-0.9166293,-0.2963424,0.2682757,moving,-3.3242822106957512,4.7051131178917736,-0.6637999047968293,5.317496091503974,-1.933905,-0.42442979999999997,0.5349480000000002,-0.0577923679603452,0.08189035475582054,0.9949643817089796,-3.0430579404677913,4.254000522821071,2.7218474799547967,2.73005109958978,2.6061257883903104
05/05/2023 11:40:32.933058,2727,True,True,True,True,Eyes,1.742427,0.01378113,-2.061521,-0.951853,-0.2179207,0.2156071,0.0,0.0,0.0,0.0,0.0,0.0,0.0,1.527448,0.5826426,2.110793,1.701678,0.01589347,-2.057195,0.1088708,-0.5966427,0.1036364,0.7883046,17.17639,286.0615,2.00823,0.6599022,0.003699517,-0.7513413,-0.3733338,0.008853302,0.1186247,-0.2350941,-0.4044673,-1.527838,-0.02043065,0.1921027,2.042227,0.2665542,0.03348012,0.9632382,-0.2933079,0.9548134,0.04797895,-0.9181063,-0.2953145,0.2643294,moving,-3.0675363207491886,4.679001984312052,-0.573173779583567,5.3737326098886875,-1.9367721,-0.42036077,0.5293570000000001,-0.053335202902394796,0.08145714437355092,0.9952487510315028,-2.792073405694947,4.22689220348367,2.5817935467289916,2.589303985414675,2.4977506818176325
05/05/2023 11:40:32.952759,2728,True,True,True,True,Eyes,1.739764,0.01376324,-2.060892,-0.952034,-0.2173054,0.2154289,0.0,0.0,0.0,0.0,0.0,0.0,0.0,1.540084,0.5696762,2.095287,1.692157,0.0156758,-2.054988,0.1071432,-0.5988185,0.1043919,0.7867904,17.07494,285.7748,2.155296,0.6584743,0.003840175,-0.7525924,-0.3509338,0.008322104,0.1115072,-0.2480649,-0.3993069,-1.532506,-0.01737231,0.1940421,2.042475,0.2610374,0.03595042,0.964659,-0.2925878,0.9552453,0.0435749,-0.9199195,-0.2936222,0.2598734,moving,-2.7897333740072088,4.614749579924917,-0.4873185922508081,5.427006412065458,-1.9402218999999998,-0.41498270000000004,0.5224819999999999,-0.048513387101085936,0.08036078681971881,0.9955845419621914,-2.5195340226600234,4.162533389432446,2.434907912929132,2.441490321219677,2.393489415176089
05/05/2023 11:40:32.963339,2729,True,True,True,True,Eyes,1.736831,0.01373089,-2.060166,-0.952316,-0.2163718,0.2151219,0.0,0.0,0.0,0.0,0.0,0.0,0.0,1.551558,0.5565739,2.080092,1.682616,0.01532512,-2.052428,0.105367,-0.6009318,0.1047146,0.7853749,16.93927,285.4946,2.267215,0.6571417,0.003966503,-0.7537556,-0.3298778,0.007822778,0.1048168,-0.2611785,-0.3928404,-1.53611,-0.01397786,0.1961944,2.042752,0.2558317,0.03784369,0.9659804,-0.2911173,0.9558653,0.03965254,-0.9218465,-0.2913579,0.2555576,moving,-2.5307316578909345,4.532235029246061,-0.39204949278721013,5.486097512330797,-1.9437944999999999,-0.40816552,0.5163179999999998,-0.044017434128763244,0.07894336536637697,0.9959068039270547,-2.2648302113790857,4.0805304740294295,2.336029798541628,2.341754692526383,2.341564929505219
05/05/2023 11:40:32.982645,2730,True,True,True,True,Eyes,1.733634,0.01366964,-2.059363,-0.9526359,-0.2154172,0.2146629,0.0,0.0,0.0,0.0,0.0,0.0,0.0,1.561602,0.5449743,2.065464,1.673084,0.01483553,-2.049952,0.1038343,-0.6028677,0.1044381,0.7841312,16.78398,285.2321,2.310026,0.655891,0.004079456,-0.7548437,-0.3100851,0.007353412,0.09852777,-0.2741742,-0.3857846,-1.53897,-0.0105859,0.1983452,2.043028,0.2512863,0.03858961,0.9671433,-0.288983,0.9566223,0.03691472,-0.9237663,-0.2887641,0.2515379,moving,-2.304340455858519,4.428156462993448,-0.29687403426760955,5.545121913070659,-1.9472582,-0.40062012999999996,0.5109820000000003,-0.0400876554205809,0.07714692603433736,0.9962134411597716,-2.0413345268102483,3.977762366029567,2.2923323545265686,2.297288238441402,2.3451563614699475
05/05/2023 11:40:32.992890,2731,True,True,True,True,Eyes,1.73018,0.01357735,-2.058494,-0.9530195,-0.214262,0.2141158,0.0,0.0,0.0,0.0,0.0,0.0,0.0,1.570225,0.5391658,2.050043,1.663584,0.01407386,-2.04726,0.1033491,-0.6046211,0.1038239,0.782926,16.70103,284.9754,2.249701,0.6547096,0.004179336,-0.755868,-0.29148,0.006912207,0.0926161,-0.2864838,-0.3818409,-1.541768,-0.007733047,0.2001542,2.043261,0.247308,0.03759874,0.9682074,-0.287547,0.9570791,0.03628122,-0.9252868,-0.2873777,0.2475048,moving,-2.094321930942141,4.4041624772203285,-0.2168439765798398,5.594742476637351,-1.9500678,-0.39591476,0.505492,-0.03643690662216337,0.07674046778507662,0.996385066263955,-1.83595777628471,3.9530238683542365,2.2186503838937726,2.223151862587954,2.305812109686691
05/05/2023 11:40:33.012828,2732,True,True,True,True,Eyes,1.72648,0.01345568,-2.05755,-0.9534414,-0.2131075,0.2133883,0.0,0.0,0.0,0.0,0.0,0.0,0.0,1.579158,0.535973,2.033688,1.654056,0.0131871,-2.044705,0.103352,-0.6064225,0.1031415,0.7816214,16.65804,284.702,2.146644,0.6535863,0.004266356,-0.756839,-0.2739912,0.006497474,0.08705914,-0.2986486,-0.3792283,-1.544898,-0.004567593,0.2021612,2.043517,0.2432272,0.03588523,0.9693052,-0.2865852,0.9573604,0.03646965,-0.9266657,-0.286659,0.2431403,moving,-1.880173010870026,4.41872583077837,-0.1280651766610688,5.649777930012665,-1.9527046,-0.3924154,0.4998069999999999,-0.032711901307351854,0.07700365073245735,0.9964939767273215,-1.6275938832969754,3.965773664186578,2.137153739235845,2.14134797119141,2.2548739896822645
05/05/2023 11:40:33.032766,2733,True,True,True,True,Eyes,1.722538,0.01330226,-2.056522,-0.9539264,-0.2118589,0.2124624,0.0,0.0,0.0,0.0,0.0,0.0,0.0,1.589101,0.5326293,2.016149,1.644463,0.01236291,-2.041905,0.1033747,-0.6085169,0.1021771,0.780116,16.5972,284.3823,2.009812,0.6525114,0.004340716,-0.7577655,-0.2575517,0.006107626,0.08183559,-0.3113489,-0.3758481,-1.549089,-0.001271039,0.2042517,2.043785,0.2385339,0.0336095,0.9705525,-0.2852305,0.957747,0.03693547,-0.9283023,-0.2856415,0.2380416,moving,-1.6356454666773108,4.419605743685878,-0.03563249603445801,5.707073580751639,-1.9558119,-0.38821101,0.4928159999999999,-0.028458715088601094,0.07702898971644245,0.9966226356142527,-1.3892475192977396,3.9650082334089474,2.049924137720252,2.053683261290347,2.206142630388223
05/05/2023 11:40:33.042676,2734,True,True,True,True,Eyes,1.718361,0.01310288,-2.055408,-0.9544636,-0.2105831,0.211315,0.0,0.0,0.0,0.0,0.0,0.0,0.0,1.600858,0.5294222,1.996773,1.634739,0.01139706,-2.039028,0.1034498,-0.6110331,0.1008993,0.7783034,16.51917,283.9961,1.831314,0.6514763,0.004402529,-0.7586553,-0.2420986,0.005741168,0.07692546,-0.3247839,-0.3721592,-1.555551,0.001791418,0.2061937,2.044035,0.2329159,0.03063802,0.9720143,-0.283483,0.958235,0.03772508,-0.9302621,-0.2843362,0.2318735,moving,-1.342536655971043,4.403442281368273,0.050214729427027587,5.760272580349781,-1.9595229,-0.38355626000000004,0.48347700000000016,-0.023360418373505054,0.07675797906508824,0.9967760723747479,-1.1030838426944896,3.9473377026755676,1.9413136186120725,1.944413763004802,2.1486810994526726
05/05/2023 11:40:33.062747,2735,True,True,True,True,Eyes,1.713956,0.01285443,-2.054232,-0.9549862,-0.2092123,0.2103129,0.0,0.0,0.0,0.0,0.0,0.0,0.0,1.612656,0.5268337,1.976583,1.624988,0.01009958,-2.035782,0.1035921,-0.6137124,0.09918295,0.7763945,16.41522,283.5812,1.604493,0.650473,0.004451385,-0.7595153,-0.2275727,0.005396698,0.07230993,-0.3385575,-0.3678244,-1.562306,0.004983217,0.2082172,2.044293,0.2270397,0.02685871,0.9735149,-0.2811616,0.9588628,0.039117,-0.9324167,-0.2825962,0.2252516,moving,-1.016914051136921,4.366636146394521,0.13966527155568484,5.815686785674717,-1.9635455000000002,-0.37792398,0.47347600000000023,-0.017696065640794734,0.0761264978195284,0.9969410966344552,-0.7846687171231936,3.9093665629028846,1.8516895504903141,1.854028987065313,2.118596260351616
05/05/2023 11:40:33.082604,2736,True,True,True,True,Eyes,1.709329,0.0125576,-2.052964,-0.9555589,-0.2078131,0.2090957,0.0,0.0,0.0,0.0,0.0,0.0,0.0,1.624374,0.5250334,1.956093,1.615271,0.008668497,-2.032578,0.103847,-0.6164052,0.09741476,0.7744488,16.31645,283.1612,1.364985,0.6494946,0.004486741,-0.760352,-0.2139183,0.005072896,0.06797133,-0.352226,-0.3638493,-1.569295,0.00814262,0.2102207,2.044551,0.22111,0.02286184,0.974981,-0.2789091,0.9594523,0.04075441,-0.934516,-0.2809423,0.2185208,moving,-0.6993343807208304,4.338828779138909,0.22818471811488605,5.870521485341067,-1.9674969999999998,-0.372517797,0.4632829999999999,-0.012170410790714181,0.07564889292586681,0.9970602959498418,-0.4743365422077641,3.880204418736022,1.7889540545961,1.7906351456781777,2.1106629638160226
05/05/2023 11:40:33.092821,2737,True,True,True,True,Eyes,1.588022,0.004217256,-2.019478,-0.9675698,-0.1713202,0.185629,0.0,0.0,0.0,0.0,0.0,0.0,0.0,1.635775,0.5204298,1.935897,1.605348,0.007205997,-2.029066,0.103542,-0.6190602,0.09610616,0.7725331,16.19876,282.7593,1.210854,0.6485351,0.004508166,-0.7611706,-0.2010832,0.004768522,0.06389305,-0.3660843,-0.3592039,-1.575573,0.01138169,0.2122745,2.044814,0.2150564,0.02029287,0.9763908,-0.2766879,0.9600853,0.04098832,-0.9365867,-0.2789703,0.2120873,moving,-1.7477987794727121,6.366754052503088,0.3189121681566995,5.926711561305736,-1.9714323,-0.36640989700000004,0.4534929999999999,-0.0303121752404632,0.11084132424789646,0.9933757734675456,-1.5510586343521549,5.860296615723634,2.100823959663687,2.1130384603954635,1.8711498462796299
05/05/2023 11:40:33.113281,2738,True,True,True,True,Eyes,1.587608,0.004176563,-2.01932,-0.967663,-0.1711444,0.1853047,0.0,0.0,0.0,0.0,0.0,0.0,0.0,1.649644,0.5125543,1.914039,1.595246,0.005963899,-2.025522,0.1026941,-0.6221709,0.09529686,0.7702441,16.06817,282.3004,1.133975,0.6450008,0.004180271,-0.7641698,-0.5529407,-0.02053863,0.1605193,-0.380643,-0.3538592,-1.584037,0.0146575,0.2143519,2.045081,0.2076436,0.01901717,0.9780198,-0.2745902,0.9607449,0.03961709,-0.9388741,-0.2767809,0.2047145,moving,-1.3230189004853306,6.237762222735785,0.4106431523335151,5.983518136221738,-1.975889,-0.359823099,0.4414850000000001,-0.02295235847458199,0.10862592400544295,0.9938176477286302,-1.1334984177683372,5.731972690036691,1.7422428848262634,1.7522055156035252,1.5644961808879714
05/05/2023 11:40:33.133121,2739,True,True,True,True,Eyes,1.586787,0.004107143,-2.019005,-0.9677788,-0.1707316,0.1850812,0.0,0.0,0.0,0.0,0.0,0.0,0.0,1.664214,0.4995374,1.891982,1.584968,0.004913244,-2.021533,0.100878,-0.6256234,0.09397868,0.7678457,15.81357,281.805,1.077846,0.6420721,0.003904333,-0.7666335,-0.5197643,-0.01930631,0.1508881,-0.3963194,-0.3439903,-1.593375,0.01784182,0.2163709,2.04534,0.1995268,0.01809891,0.9797252,-0.2705455,0.9619833,0.03732705,-0.9418037,-0.2725081,0.196838,moving,-0.8560827702096597,5.99878208026957,0.4997873492395555,6.038703691841101,-1.9812873999999998,-0.348903544,0.4281579999999998,-0.014859111538758296,0.10449579217574417,0.9944143863517274,-0.6718789485346399,5.496352310979468,1.3490006572343982,1.3564577088452472,1.291102991113571
05/05/2023 11:40:33.143320,2740,True,True,True,True,Eyes,1.585569,0.004001978,-2.01852,-0.967995,-0.1700386,0.1845872,0.0,0.0,0.0,0.0,0.0,0.0,0.0,1.678167,0.4831678,1.870284,1.5745,0.004146956,-2.017075,0.09842984,-0.6290992,0.09258122,0.7654896,15.49651,281.3163,1.064088,0.639631,0.003669842,-0.7686726,-0.4885784,-0.01814793,0.1418348,-0.4123898,-0.3316068,-1.602169,0.02102265,0.2183876,2.045599,0.1913256,0.01789564,0.9813634,-0.2655842,0.9634805,0.03420848,-0.9449124,-0.2671796,0.1890913,moving,-0.4087284665742495,5.714541362504847,0.5888088116550224,6.093800338368075,-1.9868898,-0.33575375599999996,0.4149060000000002,-0.007098146733645505,0.09956977190619341,0.9950052043855332,-0.22812829588469985,5.216823960767684,1.062192569647621,1.067201008353107,1.1985298513364075
05/05/2023 11:40:33.163105,2741,True,True,True,True,Eyes,1.583959,0.003869993,-2.017883,-0.9682078,-0.1691544,0.1842836,0.0,0.0,0.0,0.0,0.0,0.0,0.0,1.689953,0.4620605,1.850972,1.563807,0.003115624,-2.012471,0.09490237,-0.6322455,0.09092277,0.7635392,15.0638,280.8952,1.118115,0.6374629,0.003458885,-0.7704725,-0.4592637,-0.01705906,0.1333247,-0.4287381,-0.3153292,-1.608651,0.02422887,0.2204206,2.045859,0.1839973,0.018843,0.9827461,-0.2588494,0.9654532,0.02995232,-0.9482309,-0.2598944,0.1825183,moving,-0.013291173590233539,5.326384236950775,0.678515527277531,6.149320001889268,-1.9925451,-0.31844482399999996,0.40382000000000007,-0.00023097308484087975,0.09282909823602079,0.9956820302793863,0.16781355482045726,4.8365308671819776,1.0725316312277036,1.0750905936619684,1.4086276359908112
05/05/2023 11:40:33.182681,2742,True,True,True,True,Eyes,1.581972,0.00373031,-2.01707,-0.9685196,-0.1679485,0.1837472,0.0,0.0,0.0,0.0,0.0,0.0,0.0,1.699827,0.4386891,1.833085,1.552983,0.002189126,-2.00756,0.09088369,-0.6350477,0.08968926,0.7618468,14.61915,280.5345,1.25707,0.6354809,0.003263946,-0.7721089,-0.4317079,-0.01603551,0.1253253,-0.4447312,-0.298501,-1.613201,0.02735937,0.2224057,2.046114,0.1773404,0.02122798,0.9839206,-0.2520899,0.967392,0.02456495,-0.9513155,-0.2523928,0.176909,moving,0.31455556444385163,4.944859862417113,0.7660780468857598,6.203503372544956,-1.9977141999999999,-0.300690126,0.3943589999999997,0.005469570003624136,0.08619569611437085,0.9962631848661194,0.49768807857000413,4.463139559279937,1.3360113284359556,1.3371821258667203,1.7609370737237862
05/05/2023 11:40:33.193344,2743,True,True,True,True,Eyes,1.579612,0.003534469,-2.016133,-0.968869,-0.1664248,0.1832914,0.0,0.0,0.0,0.0,0.0,0.0,0.0,1.709367,0.4112663,1.815612,1.541984,0.001776662,-2.002449,0.08611039,-0.6378834,0.08832231,0.7601901,14.09907,280.1777,1.44317,0.6336614,0.003083142,-0.7736034,-0.4058054,-0.01507338,0.1178057,-0.4610994,-0.2783138,-1.617459,0.03064555,0.2244895,2.046382,0.1706079,0.02442672,0.9850363,-0.2441403,0.9695683,0.01824186,-0.9546144,-0.2435992,0.1713796,moving,0.6429509789877962,4.503971319511049,0.8579675906913439,6.260353282144695,-2.0030834,-0.280090462,0.38498999999999994,0.011186728042347827,0.07852328425150863,0.9968495580959361,0.8296975188311481,4.031984211823187,1.7689673981914777,1.769494205125661,2.228548386400557
05/05/2023 11:40:33.213338,2744,True,True,True,True,Eyes,1.576927,0.003293362,-2.015024,-0.9692763,-0.1649052,0.1825091,0.0,0.0,0.0,0.0,0.0,0.0,0.0,1.721228,0.3807482,1.796032,1.530951,0.000154756,-1.997377,0.08037744,-0.6415092,0.08467565,0.7581791,13.32777,279.7036,1.488275,0.6319824,0.002912903,-0.7749763,-0.3814571,-0.01416898,0.1107374,-0.4790167,-0.2504659,-1.625362,0.03380606,0.2264935,2.046639,0.1625921,0.02527289,0.9863698,-0.2315243,0.972739,0.0132406,-0.9591457,-0.2305214,0.164011,moving,1.048433687228177,3.808901903420958,0.946316585739504,6.315002645643691,-2.0099677,-0.250620656,0.372015,0.018257194233768648,0.0664178481668034,0.9976247724546248,1.2437041090168215,3.3530036767468703,2.507945481900111,2.508180382784656,2.976890530527928
05/05/2023 11:40:33.233208,2745,True,True,True,True,Eyes,1.573908,0.003199952,-2.013761,-0.9695584,-0.1642064,0.1816388,0.0,0.0,0.0,0.0,0.0,0.0,0.0,1.733151,0.3786612,1.770072,1.52051,-0.001177512,-1.992085,0.08050613,-0.6449105,0.08331269,0.7554258,13.24358,279.1755,1.297094,0.6304255,0.002750387,-0.776244,-0.3585697,-0.01331884,0.1040932,-0.4932461,-0.2468573,-1.634505,0.03707585,0.2285669,2.046905,0.154299,0.02203461,0.9877784,-0.2297116,0.9731555,0.01417438,-0.9609497,-0.2290913,0.1552185,moving,1.5044921083153138,3.7565714359161344,1.0376922507185646,6.371517667311177,-2.0137561,-0.245679788,0.35758,0.026198948932036337,0.0654950837078685,0.9975088448539771,1.689688969179087,3.299062627286584,2.656208553165625,2.6562842280410206,3.1408724415129967
05/05/2023 11:40:33.243155,2746,True,True,True,True,Eyes,1.570529,0.003227611,-2.012321,-0.9699488,-0.1630789,0.1805676,0.0,0.0,0.0,0.0,0.0,0.0,0.0,1.742367,0.3937669,1.742052,1.509547,0.002425987,-1.986681,0.08533029,-0.6472948,0.0859798,0.7525527,13.87117,278.7362,1.117907,0.6289735,0.00260063,-0.7774214,-0.3370555,-0.01251971,0.09784757,-0.5042376,-0.2638062,-1.641097,0.04021522,0.2305576,2.04716,0.1472338,0.01894097,0.9889203,-0.2398763,0.9706524,0.01712252,-0.9595736,-0.2397396,0.1474564,moving,1.8777680132861536,4.445341391586488,1.1253961844577756,6.425754209743019,-2.0137846,-0.266232187,0.3455839999999999,0.032668901053519994,0.07746665907331349,0.9964595927845665,2.0350008126897814,3.9667495877714956,2.1183755347827646,2.1185132284536845,2.62184749948932
05/05/2023 11:40:33.262689,2747,True,True,True,True,Eyes,1.566853,0.003220405,-2.010782,-0.9703139,-0.161969,0.1796024,0.0,0.0,0.0,0.0,0.0,0.0,0.0,1.749008,0.3673891,1.724211,1.497541,0.00526407,-1.980972,0.08110488,-0.6500789,0.08200989,0.7510619,13.20615,278.3654,1.044087,0.6276104,0.00246705,-0.7785228,-0.3168322,-0.01176853,0.09197672,-0.5215651,-0.2353293,-1.644498,0.04338631,0.2325684,2.047417,0.1413437,0.01773986,0.9898016,-0.2286381,0.9733927,0.01520376,-0.963196,-0.2284553,0.1416389,moving,2.168271407606289,3.8399522877576264,1.213959082490654,6.480514730788398,-2.0191061,-0.24059337,0.33647399999999994,0.037749627164118504,0.06692191758537179,0.9970438637169563,2.3345062160481334,3.3757890639225905,2.8076000823182516,2.807718295949978,3.3007495126136455
05/05/2023 11:40:33.282569,2748,True,True,True,True,Eyes,1.562909,0.00333578,-2.009113,-0.9706066,-0.1615399,0.1784032,0.0,0.0,0.0,0.0,0.0,0.0,0.0,1.752917,0.3512294,1.708699,1.486934,0.004431006,-1.976041,0.07809944,-0.6520194,0.0790484,0.750015,12.72276,278.106,0.9827498,0.6263223,0.002346713,-0.7795598,-0.2978223,-0.01106241,0.08645812,-0.5358407,-0.2168556,-1.644799,0.04674521,0.234698,2.047691,0.1372441,0.01673027,0.990396,-0.2204197,0.9753036,0.01406932,-0.9657014,-0.2202337,0.1375423,moving,2.341075689558125,3.379510008977972,1.30773546572743,6.538476860453065,-2.0227747,-0.221286606,0.33124200000000004,0.0407771931630197,0.058900351536190776,0.9974306903902993,2.5153695103550358,2.926640034183462,3.323511867445337,3.323682233142172,3.808378295986483
05/05/2023 11:40:33.292576,2749,True,True,True,True,Eyes,1.558629,0.003593197,-2.007346,-0.9709016,-0.1610431,0.1772433,0.0,0.0,0.0,0.0,0.0,0.0,0.0,1.761121,0.3722463,1.680991,1.476512,0.007627074,-1.971218,0.08426415,-0.6539269,0.08409594,0.7471325,13.64457,277.721,0.9113457,0.625098,0.002243156,-0.7805422,-0.2799529,-0.01039867,0.08127063,-0.5448965,-0.2447863,-1.650715,0.04979077,0.2366293,2.047939,0.130615,0.01545644,0.9913126,-0.2358668,0.9716548,0.01592779,-0.9629676,-0.2358982,0.1305584,moving,2.667075170542796,4.325900857412328,1.3927363454706614,6.591018312108724,-2.0214085,-0.252413374,0.320503,0.04640015513993878,0.07534825867913392,0.9960771304733745,2.80765168458964,3.8453015778784545,2.598502521905862,2.5989799007796326,3.0888421457734463
05/05/2023 11:40:33.313064,2750,True,True,True,True,Eyes,1.554095,0.003945368,-2.005465,-0.9712194,-0.1604844,0.1760048,0.0,0.0,0.0,0.0,0.0,0.0,0.0,1.765195,0.3535361,1.664198,1.464327,0.01130059,-1.966233,0.08160712,-0.6560609,0.0801126,0.7459935,13.11312,277.4244,0.7323611,0.6239242,0.002160275,-0.781481,-0.2631558,-0.009774749,0.07639439,-0.5611245,-0.2203206,-1.651959,0.05296913,0.2386446,2.048197,0.1263318,0.01244847,0.99191,-0.2266055,0.9738445,0.01663925,-0.965759,-0.2268743,0.1258485,moving,2.8658898557637222,3.830700256141552,1.4814157395500287,6.645822100499285,-2.0254515,-0.23162119,0.31427399999999994,0.04988693329420957,0.06672535004852964,0.9965234953327293,3.0148072617045436,3.3621607609973982,3.1368514915171386,3.13714513165167,3.624047647693759
05/05/2023 11:40:33.332773,2751,True,True,True,True,Eyes,1.549267,0.004396374,-2.003541,-0.9714729,-0.1601419,0.1749139,0.0,0.0,0.0,0.0,0.0,0.0,0.0,1.766488,0.3503246,1.648616,1.453689,0.0139094,-1.961565,0.08193775,-0.6573068,0.07809771,0.7450738,12.98921,277.2203,0.5092551,0.6227911,0.002099759,-0.7823846,-0.2473664,-0.009188265,0.07181072,-0.5735119,-0.2115196,-1.650273,0.05617791,0.2406792,2.048458,0.1236973,0.008660648,0.9922823,-0.2240936,0.9743739,0.01943104,-0.9666857,-0.2247676,0.1224682,moving,2.9875479534349685,3.735445271085913,1.5709136158626258,6.701122626848463,-2.0272009,-0.225429,0.3112919999999999,0.05200849437582844,0.06506146892158983,0.9965249709654822,3.135969308857532,3.2686723909035327,3.2863799286691746,3.2866540774580733,3.7724148690744728
05/05/2023 11:40:33.343826,2752,True,True,True,True,Eyes,1.422266,0.01676745,-1.953636,-0.9791371,-0.1402948,0.1469966,0.0,0.0,0.0,0.0,0.0,0.0,0.0,1.766226,0.3523763,1.633077,1.441965,0.01680372,-1.957324,0.08347537,-0.6580073,0.07673728,0.744426,13.01874,277.0818,0.2584968,0.6216889,0.002063394,-0.7832607,-0.2325244,-0.008636969,0.06750208,-0.585995,-0.2080053,-1.646691,0.05933994,0.2426843,2.048716,0.1222757,0.004395641,0.9924865,-0.2241052,0.9742865,0.02329507,-0.9668639,-0.2252698,0.1201167,moving,1.4695639221384387,4.9447329861095275,1.6590771091572631,6.755592731311486,-2.02796,-0.22480902,0.31063300000000016,0.025550534203992725,0.08616664565972924,0.9959530969341133,1.623615516824332,4.455356730466664,1.819465015896428,1.8207493690365335,2.300509331455399
05/05/2023 11:40:33.363169,2753,True,True,True,True,Eyes,1.42186,0.01674545,-1.953537,-0.9791233,-0.1405935,0.1468027,0.0,0.0,0.0,0.0,0.0,0.0,0.0,1.766368,0.333395,1.62263,1.430857,0.01824839,-1.953574,0.079935,-0.6591076,0.0719137,0.7443225,12.3447,276.96,0.09867904,0.6172215,0.002690234,-0.786784,-0.5995758,0.02899448,0.2131686,-0.6004235,-0.1806401,-1.643011,0.06255168,0.244721,2.048977,0.1208113,0.001682467,0.9926741,-0.2124255,0.9768776,0.02419712,-0.9696804,-0.2137926,0.1183753,moving,1.5630420500183038,4.256853740583902,1.748596741570184,6.810898188620983,-2.0312805000000003,-0.19888849,0.3105629999999999,0.027201654035250322,0.07420031436658504,0.9968723012192067,1.7332803355571764,3.7854411608995804,2.5591527303985075,2.5607759734318716,3.0254957972011756
05/05/2023 11:40:33.382884,2754,True,True,True,True,Eyes,1.421044,0.01668938,-1.953323,-0.9791147,-0.1410712,0.1464011,0.0,0.0,0.0,0.0,0.0,0.0,0.0,1.769676,0.334845,1.605896,1.420778,0.01775707,-1.950346,0.08079632,-0.6602535,0.07249267,0.7431569,12.46339,276.7682,0.06189162,0.6135917,0.003205447,-0.7896162,-0.5636012,0.02725481,0.2003784,-0.6114119,-0.1834356,-1.643121,0.06585276,0.2468139,2.049245,0.1176203,0.001054776,0.9930581,-0.214439,0.9764336,0.0243616,-0.9696295,-0.2158158,0.1150746,moving,1.7282406904410215,4.348024410693957,1.8405740853493717,6.8677024423822095,-2.0321899,-0.20119267000000002,0.30722499999999986,0.030072195324337636,0.07578023494305616,0.9966709488929084,1.8918617541614442,3.873053280752652,2.5206188762534416,2.5221808370900023,2.9950883169317044
05/05/2023 11:40:33.392706,2755,True,True,True,True,Eyes,1.421044,0.01668938,-1.953323,-0.9791147,-0.1410712,0.1464011,0.0,0.0,0.0,0.0,0.0,0.0,0.0,1.776816,0.3383809,1.584054,1.410135,0.01692542,-1.947315,0.08229755,-0.6620988,0.07441043,0.7411582,12.73988,276.4579,0.07763241,0.610629,0.0036287,-0.7919079,-0.5297851,0.02561952,0.1883557,-0.6230602,-0.1921749,-1.64792,0.06915167,0.2489055,2.049514,0.1121765,0.001321568,0.9936876,-0.219278,0.9753804,0.0234569,-0.9691923,-0.2205251,0.1097045,moving,2.038570415267926,4.622193139538618,1.932456352550183,6.924439123087142,-2.0331951999999998,-0.20910032,0.29939499999999986,0.03545671412884355,0.0805343416119655,0.9961209778691804,2.186987312762032,4.137757200602117,2.3036789624132967,2.30469016639369,2.798281999157912
05/05/2023 11:40:33.413333,2756,True,True,True,True,Eyes,1.421044,0.01668938,-1.953323,-0.9791147,-0.1410712,0.1464011,0.0,0.0,0.0,0.0,0.0,0.0,0.0,1.786568,0.342609,1.559694,1.399871,0.01656853,-1.944721,0.08409738,-0.6645194,0.07607445,0.7386163,13.02272,276.0498,0.03593097,0.6082205,0.003979197,-0.7937575,-0.497998,0.02408235,0.1770544,-0.6346716,-0.2009148,-1.656691,0.07215554,0.2508105,2.049758,0.105253,0.0006109998,0.9944454,-0.2241484,0.9742806,0.02312549,-0.9688547,-0.2253374,0.1026829,moving,2.4416841323513614,4.9040124649271615,2.0160923894200153,6.976092649639616,-2.0345426,-0.21748333,0.28803,0.0424468558856978,0.08540964912262428,0.9954413179936369,2.572354255677757,4.409289738012115,2.1150246595576068,2.1153355817764097,2.626386196086167
05/05/2023 11:40:33.432807,2757,True,True,True,True,Eyes,1.419004,0.0167267,-1.952874,-0.9793103,-0.1413085,0.1448558,0.0,0.0,0.0,0.0,0.0,0.0,0.0,1.798775,0.3498396,1.531464,1.389591,0.01825367,-1.942181,0.08713567,-0.6674947,0.07820516,0.7353519,13.44747,275.5295,359.9229,0.6062433,0.004272311,-0.7952672,-0.4681181,0.02263741,0.1664311,-0.6461524,-0.2126804,-1.669059,0.07535011,0.2528361,2.050018,0.09666972,-0.001308571,0.9953157,-0.2313418,0.9725826,0.02374771,-0.9680579,-0.2325538,0.0937166,moving,2.860630516678787,5.317554655428375,2.1050062378809735,7.030988348967227,-2.0357434,-0.23093407,0.27312199999999986,0.04969243065464568,0.09256116335560637,0.9944662146226335,2.969604825362897,4.808881555429191,1.8726107826410414,1.8726513484530187,2.384384473897536
05/05/2023 11:40:33.442896,2758,True,True,True,True,Eyes,1.416657,0.01675436,-1.952359,-0.9795306,-0.1416022,0.1430683,0.0,0.0,0.0,0.0,0.0,0.0,0.0,1.80974,0.3404278,1.507563,1.378778,0.01925318,-1.939689,0.08597846,-0.6706935,0.07615414,0.7327883,13.18878,275.0413,359.781,0.6044147,0.00453811,-0.7966564,-0.4400311,0.02127916,0.1564453,-0.6605877,-0.2006012,-1.679803,0.07869971,0.2549598,2.050291,0.08874178,-0.00372065,0.9960478,-0.2269401,0.9736165,0.02385585,-0.9698573,-0.2281602,0.0855561,moving,3.228731224118786,5.047414024057445,2.198199482806318,7.088512380507412,-2.0393657000000003,-0.21985438000000002,0.25988600000000006,0.0561044527717211,0.0878415139870612,0.9945532045324357,3.335717528767725,4.543597933507911,2.2863923251931597,2.2864991079279395,2.7875682677621785
05/05/2023 11:40:33.462809,2759,True,True,True,True,Eyes,1.414016,0.0167852,-1.951806,-0.9798079,-0.1417623,0.1409965,0.0,0.0,0.0,0.0,0.0,0.0,0.0,1.820086,0.3390802,1.483541,1.369036,0.01906041,-1.937514,0.08655094,-0.6734508,0.07672606,0.7301276,13.28111,274.5936,359.733,0.6027135,0.004778949,-0.7979427,-0.4136292,0.02000241,0.1470586,-0.6723551,-0.2023185,-1.690216,0.08181627,0.2569361,2.050545,0.08115439,-0.004535971,0.9966913,-0.2286152,0.9732441,0.02304402,-0.9701284,-0.2297289,0.07794601,moving,3.549129779507475,5.131905568772762,2.2848763293658703,7.142017359191964,-2.0413911,-0.22137891,0.24729800000000002,0.061657192506437364,0.08927875260856465,0.9940964634082714,3.6457707873972267,4.623682169051603,2.374295557398489,2.374633907821844,2.862524385188666
05/05/2023 11:40:33.482838,2760,True,True,True,True,Eyes,1.411101,0.01682633,-1.951217,-0.9800822,-0.1421538,0.1386775,0.0,0.0,0.0,0.0,0.0,0.0,0.0,1.830654,0.3477651,1.456939,1.359323,0.01923226,-1.93566,0.08980362,-0.6758941,0.08025599,0.7270911,13.83224,274.1462,359.7233,0.6011202,0.004997534,-0.7991424,-0.3888114,0.01880227,0.138235,-0.6821929,-0.220091,-1.701296,0.08489631,0.2588894,2.050795,0.07345244,-0.004688639,0.9972876,-0.2381023,0.9709885,0.02210174,-0.9684585,-0.2390799,0.07020509,moving,3.859220130300245,5.659511615106969,2.370507305737884,7.194877956966362,-2.0415159000000003,-0.23932326,0.23436400000000002,0.06697858449091809,0.09839512471659533,0.9928910006990338,3.933832044596046,5.134978195402293,2.1368844336029937,2.1386013367926098,2.585956547743533
05/05/2023 11:40:33.493028,2761,True,True,True,True,Eyes,1.407934,0.01689288,-1.950632,-0.9804426,-0.1422178,0.1360383,0.0,0.0,0.0,0.0,0.0,0.0,0.0,1.842198,0.3501377,1.430748,1.349799,0.01957152,-1.934163,0.09163968,-0.6786753,0.08263756,0.7239981,14.17368,273.6666,359.7206,0.5996171,0.005196589,-0.8002695,-0.3654827,0.01767413,0.1299409,-0.6927396,-0.2299044,-1.713392,0.08842449,0.2611264,2.051081,0.06514179,-0.004728318,0.997865,-0.244046,0.9695464,0.02052576,-0.9675733,-0.244862,0.06200406,moving,4.183402782940106,5.9957043237705925,2.4685591899073587,7.255386237142653,-2.0425386,-0.24947592000000002,0.22077100000000005,0.07255235031069385,0.10417862348080661,0.9919087581388362,4.240789952772737,5.459938605941731,2.1240530623388096,2.1277892450715497,2.5227830016137736
05/05/2023 11:40:33.512981,2762,True,True,True,True,Eyes,1.404505,0.01697835,-1.95003,-0.9808133,-0.1423732,0.1331735,0.0,0.0,0.0,0.0,0.0,0.0,0.0,1.854054,0.3564684,1.403239,1.340547,0.02029803,-1.932922,0.0945611,-0.681456,0.08558933,0.7206597,14.65176,273.1612,359.6733,0.5981883,0.00537919,-0.8013369,-0.3435538,0.01661368,0.1221445,-0.7022063,-0.244666,-1.727143,0.09132025,0.2629625,2.051317,0.05658436,-0.005516886,0.9983826,-0.25224,0.9674653,0.01964202,-0.966009,-0.2529435,0.05335182,moving,4.5163004913691775,6.466386293345257,2.549002669586789,7.305021459629081,-2.0427532999999998,-0.26496403,0.20577899999999993,0.07824483756341122,0.1122750235084829,0.9905917943977856,4.552618541981918,5.915697156122754,2.130643733619282,2.138590578329014,2.438175257118945
05/05/2023 11:40:33.532921,2763,True,True,True,True,Eyes,1.404505,0.01697835,-1.95003,-0.9808133,-0.1423732,0.1331735,0.0,0.0,0.0,0.0,0.0,0.0,0.0,1.865237,0.3553914,1.377688,1.330822,0.02085108,-1.931816,0.09551884,-0.6843681,0.08625341,0.7176887,14.78329,272.6695,359.5891,0.5968195,0.005547829,-0.8023556,-0.3229405,0.01561686,0.1148158,-0.7135796,-0.247049,-1.73992,0.0945722,0.2650245,2.051582,0.04840142,-0.006933904,0.998804,-0.2545463,0.966873,0.01904741,-0.9658487,-0.2551637,0.04503303,moving,4.996896717093746,6.602087691219975,2.6393069956111073,7.3607368038770025,-2.0444016,-0.26790008,0.19189600000000007,0.08652851809003792,0.11454212625446865,0.989642842397007,5.017455252084528,6.0445454295624,2.4654123583415433,2.4766464767858736,2.718078156269193
05/05/2023 11:40:33.543078,2764,True,True,True,True,Eyes,1.404505,0.01697835,-1.95003,-0.9808133,-0.1423732,0.1331735,0.0,0.0,0.0,0.0,0.0,0.0,0.0,1.875042,0.3514615,1.354864,1.321313,0.02149491,-1.930967,0.09570648,-0.6870049,0.08625018,0.7151403,14.79703,272.2365,359.5176,0.595586,0.005699609,-0.8032706,-0.3035641,0.01467985,0.1079269,-0.7249928,-0.2451944,-1.751045,0.09768696,0.2669996,2.051836,0.04117046,-0.00813967,0.9991191,-0.2548636,0.9668024,0.01837851,-0.9661002,-0.2553957,0.03772921,moving,5.420162385783274,6.619947874147221,2.725767253569865,7.414076895092848,-2.0463058,-0.26668931,0.17992200000000014,0.09383442607205533,0.11477434481818319,0.9889499425616367,5.429581251287021,6.059116241195791,2.7957748831659104,2.8089866554334812,3.024322818063636
05/05/2023 11:40:33.562944,2765,True,True,True,True,Eyes,1.400058,0.01715687,-1.949383,-0.9813598,-0.1417058,0.1298159,0.0,0.0,0.0,0.0,0.0,0.0,0.0,1.883759,0.3463348,1.333539,1.311625,0.02246769,-1.930274,0.09567218,-0.689365,0.08625241,0.7128696,14.79269,271.8519,359.4706,0.5944751,0.005836142,-0.8040922,-0.2853503,0.01379906,0.1014513,-0.7365033,-0.2422455,-1.760571,0.1009439,0.2690646,2.0521,0.03467287,-0.008932672,0.9993587,-0.2548796,0.9668148,0.01748483,-0.9663509,-0.2553224,0.03124546,moving,5.602383144198979,6.657936680803785,2.81614018543046,7.469822537463923,-2.0481283,-0.26471319,0.16970299999999994,0.09697212025318064,0.11539514071849476,0.9885747964087752,5.60618957599996,6.094870364025685,2.888358937325116,2.9021213740179634,3.1104451580215606
05/05/2023 11:40:33.582670,2766,True,True,True,True,Eyes,1.395425,0.0173274,-1.948756,-0.9819082,-0.1410413,0.1263473,0.0,0.0,0.0,0.0,0.0,0.0,0.0,1.891688,0.3351113,1.314722,1.301863,0.02316999,-1.929739,0.09398481,-0.6916649,0.08509482,0.7110031,14.55807,271.5117,359.4668,0.5933658,0.005967397,-0.8049102,-0.2682292,0.01297112,0.09536418,-0.7489726,-0.2312656,-1.768907,0.1041567,0.271102,2.052362,0.0287169,-0.009006648,0.9995471,-0.2510174,0.9678515,0.01593279,-0.9675566,-0.2513612,0.02553287,moving,5.738695401067472,6.461695832170518,2.905249589607011,7.524789580128896,-2.0508356,-0.25443559,0.16083200000000009,0.0993628251137968,0.11198202726337035,0.9887300219501838,5.744358670539467,5.903027160545635,3.0147080033771148,3.0263151659123375,3.2696565139178895
05/05/2023 11:40:33.592858,2767,True,True,True,True,Eyes,1.39061,0.0174822,-1.948154,-0.9824857,-0.1400608,0.1229015,0.0,0.0,0.0,0.0,0.0,0.0,0.0,1.900238,0.3271176,1.294943,1.292749,0.02314859,-1.929521,0.09312448,-0.6938965,0.08556372,0.7088825,14.52328,271.1643,359.5307,0.5922519,0.006093642,-0.8057293,-0.2521355,0.01219285,0.08964233,-0.7598661,-0.2281501,-1.77836,0.1071873,0.2730237,2.052608,0.02237294,-0.007928244,0.9997184,-0.2505468,0.9680133,0.01328389,-0.967846,-0.2507734,0.01967089,moving,5.891464515682937,6.476675718121719,2.9892734726129917,7.576613625586443,-2.0526150999999997,-0.25129869,0.1511610000000001,0.10199609602865306,0.11221046518211111,0.9884359185106074,5.892877139974343,5.91658927294787,3.091889585973593,3.1036391946798996,3.344636767792192
05/05/2023 11:40:33.622859,2768,True,True,True,True,Eyes,1.385621,0.01763528,-1.947575,-0.9830438,-0.1392085,0.1193554,0.0,0.0,0.0,0.0,0.0,0.0,0.0,1.908795,0.3223351,1.274013,1.283518,0.02290062,-1.929395,0.0931645,-0.6960115,0.08715864,0.706606,14.6544,270.8159,359.6143,0.5911285,0.006214694,-0.8065529,-0.2370073,0.01146128,0.08426379,-0.7701573,-0.2310745,-1.787906,0.1103806,0.2750484,2.052869,0.01594293,-0.006513486,0.9998518,-0.2528607,0.9674475,0.01033437,-0.9673715,-0.252988,0.01377697,moving,6.042823967347382,6.647715358687553,3.0777698445468586,7.631181768549935,-2.0536753,-0.25397512,0.14148899999999998,0.10457174218272847,0.1151296756108976,0.9878308252076611,6.0358151283482515,6.082004417266205,3.110443840414861,3.1239001473260926,3.339158931040889
05/05/2023 11:40:33.632780,2769,True,True,True,True,Eyes,1.380456,0.01777234,-1.947034,-0.9836297,-0.1381101,0.1157511,0.0,0.0,0.0,0.0,0.0,0.0,0.0,1.91695,0.3156026,1.253984,1.274353,0.0230418,-1.929318,0.09291102,-0.698014,0.08903527,0.7044266,14.78506,270.4911,359.747,0.5899909,0.006331047,-0.8073846,-0.2227869,0.0107736,0.07920796,-0.7803226,-0.2334728,-1.796873,0.1136058,0.2770936,2.053131,0.009698312,-0.00426875,0.9999439,-0.255144,0.9668805,0.006602226,-0.9668545,-0.2551937,0.008287977,moving,6.174006718814693,6.827196052767153,3.1671149886990806,7.686280272664314,-2.0546756,-0.25651460000000004,0.13244500000000015,0.10679445928179754,0.11819544924226447,0.9872309166757481,6.158856973618524,6.255766374512662,3.1119416318659243,3.1272069924317414,3.3161559247319423
05/05/2023 11:40:33.643235,2770,True,True,True,True,Eyes,1.375132,0.01787222,-1.946528,-0.9842013,-0.1370487,0.1120966,0.0,0.0,0.0,0.0,0.0,0.0,0.0,1.923964,0.3059888,1.23607,1.264928,0.02273453,-1.929398,0.09176711,-0.6997812,0.09029066,0.702661,14.79313,270.2234,359.9084,0.5888342,0.006442567,-0.8082277,-0.2094197,0.01012718,0.07445548,-0.791143,-0.2318806,-1.80415,0.1167836,0.2791083,2.053388,0.004307642,-0.001546341,0.9999895,-0.2553213,0.9668528,0.002594945,-0.9668466,-0.2553298,0.003770094,moving,6.248577325857304,6.8790572386356255,3.255111497515041,7.740533442370762,-2.056071,-0.25461512999999997,0.12524800000000003,0.1080678514160196,0.11907251590872317,0.9869869645899242,6.230151986821566,6.305731980466327,3.0996804552315793,3.114960499758341,3.3029564254007817
05/05/2023 11:40:33.663177,2771,True,True,True,True,Eyes,1.369653,0.01795969,-1.946023,-0.984768,-0.1359508,0.108394,0.0,0.0,0.0,0.0,0.0,0.0,0.0,1.93076,0.2968684,1.218694,1.255775,0.0219538,-1.929696,0.09057938,-0.7014839,0.09140027,0.700972,14.78655,269.9663,0.06270123,0.5876542,0.006548255,-0.8090852,-0.1968545,0.009519554,0.06998815,-0.8017358,-0.2301783,-1.811156,0.1200574,0.2811842,2.053654,-0.0008672936,0.001058116,0.9999991,-0.255218,0.9668827,-0.001244413,-0.9668832,-0.2552188,-0.0005686127,moving,6.309257232103932,6.919015136747229,3.34572523059369,7.796401368226733,-2.0575108,-0.2521321,0.11854000000000009,0.10910413978016553,0.11974715409652507,0.9867911627336624,6.288226913939833,6.3442079903582815,3.0756687102066933,3.090684151311018,3.2813384103471965
05/05/2023 11:40:33.682897,2772,True,True,True,True,Eyes,1.364013,0.01802982,-1.945568,-0.9853286,-0.1348019,0.1046712,0.0,0.0,0.0,0.0,0.0,0.0,0.0,1.936734,0.2916857,1.201344,1.246567,0.02166795,-1.929986,0.090298,-0.7030246,0.09215826,0.6993639,14.82581,269.7159,0.1150355,0.5864488,0.006648177,-0.8099585,-0.1850432,0.00894838,0.06578887,-0.8120828,-0.2298724,-1.817515,0.1232482,0.2832078,2.053915,-0.005473137,0.001940907,0.9999832,-0.2558677,0.9667063,-0.003276721,-0.9666964,-0.2558813,-0.004794331,moving,6.3510331401618965,7.018842409930469,3.4340000467325758,7.850827063782516,-2.0586498,-0.25154035,0.11247099999999999,0.10980063887063557,0.12145691081069628,0.9865049928160188,6.326260192440455,6.4410613203657325,3.0179984757983895,3.0333612597920383,3.217546923008527
05/05/2023 11:40:33.693041,2773,True,True,True,True,Eyes,1.358225,0.01805632,-1.945141,-0.9858981,-0.1334785,0.1009372,0.0,0.0,0.0,0.0,0.0,0.0,0.0,1.942454,0.2862741,1.184586,1.237049,0.02129868,-1.930694,0.08956284,-0.7046145,0.09120011,0.6979825,14.68759,269.4666,0.06501345,0.5852149,0.006742174,-0.8108497,-0.1739406,0.008411477,0.06184153,-0.8234412,-0.223486,-1.82376,0.1264371,0.2852299,2.054175,-0.00959803,0.001097615,0.9999535,-0.2535267,0.9673221,-0.003495228,-0.9672809,-0.2535484,-0.009006148,moving,6.376286086544877,6.962571529581316,3.522185032755354,7.905187433314274,-2.0604902000000003,-0.24478467999999998,0.10693399999999986,0.1102486126223321,0.12048197222238839,0.9865744927140349,6.352393924916169,6.386143176218182,2.992033677656982,3.0057307875478085,3.2120986641575575
05/05/2023 11:40:33.713289,2774,True,True,True,True,Eyes,1.210055,0.01744339,-1.936034,-0.9949303,-0.1002336,0.008182418,0.0,0.0,0.0,0.0,0.0,0.0,0.0,1.94759,0.2827268,1.168569,1.227724,0.02016083,-1.931548,0.08898322,-0.7060401,0.09004011,0.6967655,14.54526,269.241,359.9895,0.5839487,0.00682911,-0.8117614,-0.1635042,0.007906789,0.05813104,-0.8345287,-0.2177972,-1.82921,0.1295927,0.2872305,2.054431,-0.01319984,-0.0001777639,0.999913,-0.2511252,0.9679495,-0.003142993,-0.9678648,-0.2511448,-0.01282137,moving,1.2368694957282285,8.79154408070828,3.609412992077263,7.9589469144117295,-2.0622527,-0.23795803,0.10233800000000004,0.021332272569966004,0.1528052103668733,0.988026077703981,1.2930965880087033,8.199786452206471,2.495128130523521,2.514394695228485,2.3288034195101757
05/05/2023 11:40:33.732610,2775,True,True,True,True,Eyes,1.209682,0.01738864,-1.936044,-0.9949401,-0.1001441,0.008082043,0.0,0.0,0.0,0.0,0.0,0.0,0.0,1.951622,0.2819241,1.154082,1.218462,0.01890047,-1.932668,0.08904254,-0.7070201,0.0893714,0.6958497,14.49498,269.076,359.9094,0.5774121,0.0069404,-0.8164229,-0.5982046,0.005593593,0.08196344,-0.8450751,-0.215486,-1.832605,0.1328677,0.2893072,2.054698,-0.01572945,-0.00153163,0.9998753,-0.2502879,0.9681684,-0.002454301,-0.9680438,-0.2502952,-0.01561213,moving,1.3846913377382166,8.747984313886134,3.69989838340323,8.014717390025057,-2.0635371,-0.23438647,0.10006300000000001,0.023884115733337763,0.15204522661249856,0.9880848955691328,1.4383701953242345,8.156423211860153,2.4093214075370515,2.428551841309056,2.2659634342631887
05/05/2023 11:40:33.743358,2776,True,True,True,True,Eyes,1.208961,0.01728868,-1.936124,-0.9949525,-0.1000357,0.007905854,0.0,0.0,0.0,0.0,0.0,0.0,0.0,1.95522,0.2803788,1.140761,1.209176,0.01744743,-1.934018,0.08897098,-0.7077616,0.08918866,0.6951281,14.47403,268.9535,359.8849,0.5719959,0.007026141,-0.820226,-0.5623123,0.005257978,0.07704563,-0.8554577,-0.2143525,-1.835067,0.1360578,0.29133,2.054957,-0.01776207,-0.001945394,0.9998404,-0.2499356,0.9682591,-0.002556134,-0.9680996,-0.2499411,-0.01768454,moving,1.494092084818932,8.733790385139127,3.7879996820364012,8.069015889802744,-2.0646337,-0.23179993,0.09895100000000001,0.025771735123076622,0.15179333646086046,0.9880762732365529,1.5453986874790457,8.1418872571142,2.368807767713155,2.3882916895182142,2.2437846280254887
05/05/2023 11:40:33.762990,2777,True,True,True,True,Eyes,1.207896,0.01716815,-1.936284,-0.9949661,-0.09992176,0.00761596,0.0,0.0,0.0,0.0,0.0,0.0,0.0,1.959058,0.2789206,1.12778,1.200076,0.01625684,-1.935754,0.08891912,-0.7084905,0.08883566,0.6944369,14.44059,268.8325,359.8453,0.5674847,0.007089468,-0.8233529,-0.5285736,0.004942499,0.0724229,-0.865697,-0.2125401,-1.837776,0.1392555,0.2933579,2.055216,-0.01970127,-0.002615167,0.9998024,-0.2493783,0.9684032,-0.002381025,-0.9682056,-0.2493759,-0.019731,moving,1.592920842348974,8.707917714735872,3.8762717534902387,8.123425463268182,-2.065773,-0.22879694,0.0979779999999999,0.027477944286859457,0.15134024532263002,0.9880996882100932,1.6424361838713615,8.116058178258912,2.33701872904859,2.356973180890146,2.2338477183959746
05/05/2023 11:40:33.784250,2778,True,True,True,True,Eyes,1.206498,0.01701182,-1.936527,-0.9949909,-0.09969844,0.00729531,0.0,0.0,0.0,0.0,0.0,0.0,0.0,1.962719,0.2789541,1.114725,1.190791,0.01557735,-1.937644,0.08925383,-0.7091635,0.08821257,0.6937864,14.41601,268.7127,359.7521,0.5637007,0.00713378,-0.8259479,-0.4968592,0.004645949,0.06807753,-0.8760388,-0.2107166,-1.840402,0.1423739,0.2953351,2.05547,-0.02138884,-0.004189771,0.9997626,-0.2489925,0.9685046,-0.001268114,-0.9682693,-0.2489604,-0.02175836,moving,1.6807125236951042,8.698860092170674,3.962312864357327,8.176441547357328,-2.0668298,-0.22629395,0.09724199999999983,0.02899266099407083,0.15117756770140728,0.9880813024248605,1.7282613094978247,8.106663067986535,2.320199507056535,2.3406454773149363,2.2351410214913643
05/05/2023 11:40:33.798580,2779,True,True,True,True,Eyes,1.20479,0.01682097,-1.936793,-0.9950178,-0.09942522,0.007364106,0.0,0.0,0.0,0.0,0.0,0.0,0.0,1.965718,0.2785409,1.103362,1.181397,0.01453192,-1.939879,0.08905116,-0.7096853,0.08638775,0.6935084,14.24872,268.6304,359.6113,0.5602515,0.007166551,-0.8282912,-0.4670476,0.004367192,0.06399287,-0.8869743,-0.2042004,-1.841708,0.145567,0.2973597,2.055731,-0.02223207,-0.006575333,0.9997313,-0.2462179,0.9692141,0.000899251,-0.9689596,-0.2461317,-0.02316659,moving,1.7463985662761874,8.551653513803632,4.050372685047482,8.23069682989834,-2.0683713,-0.21873232,0.09817100000000001,0.03013717311585712,0.1486334302471166,0.9884330432333939,1.7962610008494273,7.962997791553468,2.3041983128060233,2.3262222449524135,2.269952039134078
05/05/2023 11:40:33.812595,2780,True,True,True,True,Eyes,1.202777,0.01660718,-1.937162,-0.9950501,-0.09909553,0.007447863,0.0,0.0,0.0,0.0,0.0,0.0,0.0,1.968254,0.2805805,1.093105,1.172299,0.01348912,-1.942462,0.08954079,-0.7098675,0.08530805,0.6933925,14.19889,268.5898,359.4787,0.557081,0.007187809,-0.8304267,-0.4390247,0.004105161,0.0601533,-0.8971221,-0.2018201,-1.841733,0.1489098,0.2994792,2.056002,-0.02237879,-0.008820267,0.9997107,-0.2454281,0.96941,0.003058987,-0.9691565,-0.2452886,-0.02385888,moving,1.772384252545279,8.525015681534699,4.142520961414016,8.287473451003741,-2.0694211,-0.21530922,0.10072899999999985,0.030587603189454082,0.1481718508582326,0.9884885418575309,1.822310315593031,7.93690727743598,2.358555857451348,2.382010564630802,2.3465451376504514
05/05/2023 11:40:33.832594,2781,True,True,True,True,Eyes,1.200467,0.01637742,-1.937625,-0.9951016,-0.09855329,0.00776428,0.0,0.0,0.0,0.0,0.0,0.0,0.0,1.970257,0.2802786,1.084671,1.162978,0.01270977,-1.945328,0.0894883,-0.7098055,0.08414873,0.6936044,14.09896,268.6019,359.3911,0.5541511,0.007197736,-0.8323846,-0.4126832,0.003858851,0.0565441,-0.9075797,-0.1973159,-1.840454,0.152166,0.3015442,2.056267,-0.02180971,-0.01030672,0.9997091,-0.2437705,0.9698217,0.004680499,-0.9695878,-0.2435974,-0.02366406,moving,1.7658775910658402,8.459013819754883,4.232235935360472,8.342756121183738,-2.0705577,-0.21002567,0.10487399999999991,0.030480584496447805,0.14703355432611004,0.9886618720307204,1.8177464623282689,7.872731653838979,2.443689699805771,2.469096866254707,2.4598134919717087
05/05/2023 11:40:33.843220,2782,True,True,True,True,Eyes,1.197868,0.01612689,-1.93821,-0.9951726,-0.09780528,0.008106423,0.0,0.0,0.0,0.0,0.0,0.0,0.0,1.97226,0.2753576,1.077951,1.153566,0.01204401,-1.948524,0.08812462,-0.7097359,0.08211019,0.6940944,13.82084,268.6439,359.3447,0.5514274,0.007196798,-0.8341916,-0.3879223,0.00362732,0.05315145,-0.9186634,-0.1862534,-1.838812,0.1552642,0.3035086,2.05652,-0.02093429,-0.01110597,0.9997193,-0.2390748,0.9709839,0.005780503,-0.9707756,-0.2388867,-0.02298199,moving,1.7383467016873864,8.225227001460178,4.317555140860083,8.395314208312568,-2.0722294000000003,-0.19829741,0.10971200000000003,0.03002345492481906,0.14300022476087013,0.9892672129173248,1.797210140610032,7.645443330735991,2.5566334617580497,2.5848105985999257,2.6295332767095565
05/05/2023 11:40:33.863110,2783,True,True,True,True,Eyes,1.194989,0.01587644,-1.938918,-0.995267,-0.0967992,0.008577347,0.0,0.0,0.0,0.0,0.0,0.0,0.0,1.974488,0.2697249,1.071502,1.144059,0.01124634,-1.952043,0.08645531,-0.7096631,0.07974638,0.6946542,13.49139,268.6923,359.2979,0.5488789,0.007185187,-0.8358707,-0.3646469,0.003409681,0.04996237,-0.9299459,-0.1734115,-1.837165,0.1584498,0.3055284,2.056779,-0.01996243,-0.01191597,0.9997299,-0.2335006,0.972332,0.006926937,-0.9721519,-0.2332992,-0.02219248,moving,1.7124552268622244,7.954952355716037,4.40524173954746,8.449330822382052,-2.0740049,-0.18465784,0.11487800000000004,0.02959622266513845,0.13833385815156723,0.9899433643315441,1.7792554161562464,7.382642054393622,2.7070173066306276,2.73779277360478,2.834365731233423
05/05/2023 11:40:33.882742,2784,True,True,True,True,Eyes,1.191824,0.01561098,-1.939757,-0.9953915,-0.09546323,0.009083414,0.0,0.0,0.0,0.0,0.0,0.0,0.0,1.976749,0.2631631,1.065308,1.13448,0.01092101,-1.955635,0.0844674,-0.7096391,0.07670956,0.6952648,13.0809,268.7385,359.2226,0.5464774,0.007163991,-0.8374429,-0.3427681,0.0032051,0.04696463,-0.9414444,-0.1572046,-1.835461,0.1616907,0.3075835,2.057041,-0.01894407,-0.01321583,0.9997332,-0.2265497,0.9739618,0.008582212,-0.9738153,-0.2263266,-0.0214449,moving,1.6881551279448146,7.623481473610992,4.494409910829839,8.504268222632714,-2.0759244,-0.16812561,0.120174,0.029199439128963,0.13260603976838348,0.990738616354323,1.7645014314871708,7.060287250583928,2.9081144469857145,2.9412329393839802,3.0882812943813844
05/05/2023 11:40:33.892927,2785,True,True,True,True,Eyes,1.188398,0.01531667,-1.940695,-0.9955347,-0.09390955,0.009577763,0.0,0.0,0.0,0.0,0.0,0.0,0.0,1.979035,0.2554632,1.059615,1.124474,0.01021486,-1.959612,0.08184275,-0.7095823,0.07275502,0.6960614,12.54384,268.8019,359.1275,0.5441967,0.007133515,-0.8389271,-0.322202,0.003012794,0.04414675,-0.9535533,-0.1367407,-1.83323,0.1651068,0.3097493,2.057319,-0.01760066,-0.01486441,0.9997346,-0.2174322,0.976017,0.01068381,-0.9759167,-0.2171865,-0.02041055,moving,1.6456502861008258,7.178277840594113,4.588346155333957,8.56212496072926,-2.0780273,-0.14695555999999999,0.126382,0.028493163483950534,0.12490636146144107,0.9917593541431899,1.735066584016106,6.627392994900075,3.2165433916721202,3.251844373691348,3.4473746665689013
05/05/2023 11:40:33.913112,2786,True,True,True,True,Eyes,1.184729,0.01496694,-1.941775,-0.9956867,-0.09222698,0.010114,0.0,0.0,0.0,0.0,0.0,0.0,0.0,1.981665,0.2508439,1.053575,1.114786,0.009183921,-1.963951,0.07980334,-0.7095009,0.06878161,0.6967849,12.05278,268.8563,358.9812,0.5420144,0.007093428,-0.8403389,-0.3028699,0.002832027,0.04149795,-0.9648977,-0.1186919,-1.831884,0.1680374,0.3116079,2.057558,-0.01624474,-0.0173891,0.999717,-0.2090931,0.977801,0.01361029,-0.9777609,-0.2088127,-0.01952017,moving,1.609432033480312,6.787949297202637,4.66889102607557,8.61174696239484,-2.0796837,-0.127875821,0.13206699999999993,0.027889476170025296,0.11814915110079661,0.992604185265171,1.710280961689394,6.247849648115594,3.5250496803465734,3.5618151623761327,3.7870019838315114
05/05/2023 11:40:33.932697,2787,True,True,True,True,Eyes,1.18084,0.01458014,-1.942927,-0.9957994,-0.09095081,0.01056269,0.0,0.0,0.0,0.0,0.0,0.0,0.0,1.984178,0.2508904,1.047178,1.105312,0.00746404,-1.96843,0.07902288,-0.7091933,0.06612431,0.6974438,11.77201,268.9231,358.8382,0.5399109,0.007042258,-0.8416923,-0.2846977,0.002662105,0.03900807,-0.9754413,-0.1088419,-1.830043,0.1711473,0.3135801,2.057812,-0.01465508,-0.01984899,0.9996957,-0.204321,0.9787659,0.01643821,-0.9787944,-0.2040179,-0.01839945,moving,1.5550337914403358,6.583924980998665,4.754322243244051,8.66437346630117,-2.0807533,-0.11630594000000001,0.13838699999999982,0.02695828909983683,0.11461677551193444,0.9930439621286204,1.6627516401791704,6.04969794038991,3.777785742784412,3.816243244061114,4.048992084400051
05/05/2023 11:40:33.943051,2788,True,True,True,True,Eyes,1.176738,0.01435215,-1.94421,-0.9958693,-0.09012337,0.01105895,0.0,0.0,0.0,0.0,0.0,0.0,0.0,1.987044,0.2559124,1.039503,1.096137,0.006263752,-1.97303,0.08032348,-0.708679,0.0662575,0.6978053,11.88868,268.9838,358.7482,0.5378697,0.006979482,-0.8429987,-0.2676159,0.002502379,0.03666759,-0.9849038,-0.1126576,-1.828672,0.1743908,0.3156369,2.058075,-0.0132321,-0.02137748,0.9996839,-0.2063168,0.9783162,0.0181897,-0.9783958,-0.2060109,-0.01735571,moving,1.5094455359840804,6.749963685777073,4.8433829966750395,8.719235836005712,-2.0810408,-0.118921352,0.144358,0.026159287969688194,0.11749655633890392,0.9927287825882591,1.6138360656017763,6.211553301806267,3.831544266951722,3.87210172819163,4.08881952063596
05/05/2023 11:40:33.963236,2789,True,True,True,True,Eyes,1.17238,0.01426514,-1.945584,-0.9959483,-0.08917736,0.01158655,0.0,0.0,0.0,0.0,0.0,0.0,0.0,1.989147,0.2670636,1.031393,1.086913,0.009939507,-1.977453,0.08485458,-0.7077256,0.06868025,0.6980024,12.45489,269.0522,358.5782,0.5358748,0.006913228,-0.8442687,-0.2515589,0.002352236,0.03446753,-0.9933105,-0.1281743,-1.826391,0.1776221,0.3176853,2.058338,-0.01118501,-0.02422956,0.9996439,-0.2159854,0.9761654,0.02124385,-0.9763326,-0.2156709,-0.01615175,moving,1.4377053701638862,7.37393006671455,4.932060457272475,8.773839702031504,-2.0802235,-0.13811380699999998,0.1510619999999998,0.024882683310923914,0.1283046199304693,0.9914225348084984,1.5270844822474177,6.819138506340404,3.7212222362008105,3.7643411723507367,3.926158192805539
05/05/2023 11:40:33.982616,2790,True,True,True,True,Eyes,1.058706,0.01190563,-1.983033,-0.9979233,-0.05703841,0.0299275,0.0,0.0,0.0,0.0,0.0,0.0,0.0,1.988272,0.2641042,1.030934,1.076398,0.01321893,-1.981664,0.08362535,-0.7065974,0.06345472,0.6997862,11.92983,269.2653,358.2798,0.5339119,0.00685007,-0.845512,-0.2364654,0.002211102,0.03239948,-1.00495,-0.1049519,-1.817981,0.1808427,0.3197277,2.058601,-0.006612561,-0.02936944,0.9995469,-0.2069884,0.9779606,0.02736586,-0.9783212,-0.2067136,-0.01254598,moving,2.2141371570253043,8.725851247218404,5.020396062043029,8.828250502772281,-2.081348,-0.11817083,0.16368300000000002,0.03818784895882188,0.1515961405747526,0.9877045340126802,2.247526244203338,8.129387658044923,2.7745649288109604,2.808126537307261,2.8595832392897287
05/05/2023 11:40:33.993072,2791,True,True,True,True,Eyes,1.058342,0.01200434,-1.983204,-0.9978954,-0.0571841,0.0305736,0.0,0.0,0.0,0.0,0.0,0.0,0.0,1.986674,0.2607079,1.034145,1.067308,0.0128753,-1.986199,0.0814964,-0.7050202,0.0588274,0.7020287,11.38348,269.5681,358.1109,0.5267551,0.006688051,-0.8499904,-0.5633,-0.005000096,-0.08189149,-1.014731,-0.08418886,-1.80735,0.1840333,0.3217506,2.05886,-0.001028247,-0.03231617,0.9994773,-0.1975102,0.9797953,0.03147662,-0.9803004,-0.1973746,-0.007390223,moving,1.9354750880112617,8.16982455419001,5.1078668112413625,8.882118619874872,-2.082039,-0.09706416000000001,0.17884900000000004,0.033431608573158966,0.14202820011822273,0.9892978891973436,1.990867899525425,7.590230374914554,3.210772157213483,3.2513738760143718,3.3741158031556933
05/05/2023 11:40:34.013024,2792,True,True,True,True,Eyes,1.057581,0.01224528,-1.983541,-0.9978815,-0.05698951,0.03138168,0.0,0.0,0.0,0.0,0.0,0.0,0.0,1.9866,0.2679029,1.031648,1.058166,0.01542859,-1.990652,0.08476811,-0.7032756,0.06135422,0.7031739,11.85943,269.7913,358.0708,0.5207961,0.006550628,-0.8536555,-0.529502,-0.00470009,-0.07697801,-1.022896,-0.09728045,-1.800305,0.1871335,0.3237162,2.059112,0.003278408,-0.0329453,0.9994518,-0.205516,0.9781001,0.03291561,-0.9786482,-0.2055113,-0.003564205,moving,1.7372108034390974,8.652410675172431,5.19281445557276,8.934431317288057,-2.081062,-0.11270904000000001,0.19034700000000004,0.029970702094545276,0.15037216141418297,0.9881751222427626,1.784588864411372,8.06109385115768,3.424283187201515,3.4670927653033483,3.5183405193349917
05/05/2023 11:40:34.032948,2793,True,True,True,True,Eyes,1.056487,0.01257819,-1.98404,-0.997873,-0.056408,0.03267329,0.0,0.0,0.0,0.0,0.0,0.0,0.0,1.986292,0.2575862,1.032814,1.047878,0.01901381,-1.994994,0.08232438,-0.7019818,0.05780407,0.7050552,11.37568,270.0519,358.0084,0.515804,0.006440941,-0.8566819,-0.4977319,-0.004418085,-0.07235932,-1.033789,-0.07443093,-1.791425,0.1904734,0.3258342,2.059384,0.007760251,-0.03407033,0.9993895,-0.1970906,0.9797628,0.03493166,-0.9803547,-0.1972413,0.0008882325,moving,1.5533714585143799,8.198184972683642,5.28427985915117,8.99076689261653,-2.0816670000000004,-0.09344474,0.2035689999999999,0.02683130007461043,0.14254623577194922,0.9894243692551634,1.6176216409418316,7.620358516635154,3.766226582718549,3.8141661728019507,3.9143839369844646
05/05/2023 11:40:34.043039,2794,True,True,True,True,Eyes,1.055051,0.01299242,-1.984682,-0.9978625,-0.0557909,0.03402625,0.0,0.0,0.0,0.0,0.0,0.0,0.0,1.986906,0.2496194,1.032663,1.038772,0.02150941,-1.999247,0.08055598,-0.700891,0.05556132,0.7065236,11.05284,270.2642,357.9907,0.5112863,0.006357186,-0.8593865,-0.4678679,-0.004153,-0.06801777,-1.043178,-0.05854574,-1.784795,0.193479,0.3277398,2.059628,0.01132952,-0.03441115,0.9993436,-0.1914327,0.9808473,0.03594453,-0.9814404,-0.1917142,0.004525107,moving,1.4242051337304884,7.907018399101543,5.366548526135167,9.041428389914715,-2.08195,-0.08005514999999999,0.2144520000000001,0.024618351502626257,0.13752418207807676,0.9901924132365243,1.4995557421151724,7.3379145854892185,4.051026983966462,4.102311232816639,4.2255878257978425
05/05/2023 11:40:34.063206,2795,True,True,True,True,Eyes,1.0533,0.01345273,-1.985446,-0.9978608,-0.05479103,0.03566171,0.0,0.0,0.0,0.0,0.0,0.0,0.0,1.988323,0.2431834,1.029761,1.029127,0.02385909,-2.003323,0.07978562,-0.6999339,0.05529904,0.7075796,10.9715,270.435,358.0484,0.5071479,0.006300132,-0.8618356,-0.4397959,-0.00390382,-0.0639367,-1.052962,-0.05108119,-1.779498,0.1968895,0.3299025,2.059905,0.01406896,-0.0334324,0.999342,-0.1899463,0.9811525,0.035498,-0.9816937,-0.1903207,0.007453465,moving,1.355408624238028,7.8792092683125485,5.459849207222575,9.098892891070525,-2.082089,-0.07494028,0.22382499999999994,0.02343094763285153,0.1370474777690441,0.9902873170122872,1.4332411478995126,7.311312959747136,4.22797422696587,4.281829123035452,4.405566305740451
05/05/2023 11:40:34.073144,2796,True,True,True,True,Eyes,1.051264,0.01392733,-1.986327,-0.9978496,-0.05387524,0.03733148,0.0,0.0,0.0,0.0,0.0,0.0,0.0,1.989243,0.2310814,1.028961,1.019797,0.02537296,-2.007142,0.07697669,-0.6990012,0.05353212,0.7089474,10.60184,270.6379,358.1512,0.5033401,0.006269205,-0.8640652,-0.4134081,-0.00366959,-0.0601005,-1.062535,-0.03403952,-1.773475,0.1998678,0.3317909,2.060147,0.01706351,-0.03171067,0.9993514,-0.1835165,0.9824178,0.03430682,-0.9828686,-0.1839829,0.01094409,moving,1.2710087710815667,7.556648218383288,5.541281718527043,9.149040744353021,-2.082332,-0.05941248,0.23366700000000007,0.021988923309629982,0.1314745717316044,0.9910756425943896,1.3596606359560854,6.998025830858358,4.501153956223999,4.557515222404522,4.702427036784129
05/05/2023 11:40:34.092705,2797,True,True,True,True,Eyes,1.048954,0.01437549,-1.987299,-0.9978301,-0.05301447,0.03904583,0.0,0.0,0.0,0.0,0.0,0.0,0.0,1.990674,0.2247581,1.026077,1.010912,0.02619135,-2.010846,0.07640485,-0.6980128,0.05500755,0.7098696,10.67669,270.8094,358.3342,0.4998194,0.006262456,-0.8661066,-0.3886036,-0.003449415,-0.05649447,-1.07135,-0.0333999,-1.768665,0.2031242,0.3338557,2.060412,0.01950462,-0.02856676,0.9994017,-0.1847595,0.9822729,0.03168299,-0.9825903,-0.1852669,0.01388087,moving,1.2184749939625221,7.674817309582234,5.6302693436605695,9.203841644703441,-2.082262,-0.05959125,0.24218099999999998,0.02107439254283605,0.1335209557793877,0.9908219031099832,1.30526467618693,7.113350870932112,4.610534473941141,4.669244564318779,4.803729493725871
05/05/2023 11:40:34.113107,2798,True,True,True,True,Eyes,1.046383,0.01478009,-1.988374,-0.9978036,-0.05225324,0.04071436,0.0,0.0,0.0,0.0,0.0,0.0,0.0,1.992773,0.2159491,1.022318,1.001982,0.02602446,-2.014513,0.07519361,-0.6972203,0.05692178,0.7106265,10.73362,270.9599,358.603,0.4965473,0.006276323,-0.8679866,-0.3652874,-0.00324245,-0.0531048,-1.080351,-0.03279714,-1.765147,0.2063189,0.3358812,2.060673,0.0212877,-0.02395278,0.9994866,-0.1857533,0.9822117,0.02749511,-0.9823659,-0.1862432,0.01645972,moving,1.197319408962465,7.768444100348808,5.717519377919551,9.257564706922128,-2.082333,-0.0588216,0.24936599999999998,0.020703957323037037,0.13514092524918456,0.9906100952683793,1.2821182666195439,7.2045885562346745,4.698415740980716,4.759168828722189,4.887483411062672
05/05/2023 11:40:34.132886,2799,True,True,True,True,Eyes,1.043573,0.01516183,-1.98956,-0.9977641,-0.05176027,0.04228141,0.0,0.0,0.0,0.0,0.0,0.0,0.0,1.996123,0.2071458,1.015929,0.9931194,0.02538104,-2.018067,0.07412025,-0.6968523,0.0593995,0.7108972,10.84596,271.0388,358.9004,0.493489,0.00630683,-0.8697288,-0.3433702,-0.003047903,-0.04991851,-1.089564,-0.0345309,-1.764254,0.2095661,0.3379404,2.060937,0.02173719,-0.01884786,0.9995861,-0.1877556,0.9819558,0.02259841,-0.9819753,-0.1881691,0.01780614,moving,1.246706718430515,7.903029596819289,5.806156945052338,9.312156795156557,-2.0826834,-0.059911940000000004,0.25381299999999984,0.021550869214042256,0.137464990135842,0.9902721741793733,1.3266344368558598,7.335210615543883,4.710080289778144,4.772234888407699,4.896369889880054
05/05/2023 11:40:34.143380,2800,True,True,True,True,Eyes,1.040519,0.01555715,-1.99083,-0.9977225,-0.05135117,0.043735,0.0,0.0,0.0,0.0,0.0,0.0,0.0,2.000946,0.2052992,1.005478,0.9845949,0.02528466,-2.021597,0.07524543,-0.6969191,0.06293559,0.7104091,11.22323,271.0096,359.0969,0.4906133,0.006351312,-0.8713539,-0.322768,-0.002865029,-0.0469234,-1.098523,-0.04575844,-1.766762,0.2127568,0.3399636,2.061195,0.02068572,-0.01545994,0.9996666,-0.1943,0.9807544,0.01918805,-0.980724,-0.1946321,0.01728378,moving,1.3825790850131794,8.30108362256638,5.893206988111186,9.365770434643967,-2.0831179,-0.0710431,0.2548349999999999,0.023875568998401486,0.14433375118132735,0.989240923823185,1.4483565498154833,7.7216098837359795,4.572214967257545,4.634578954772294,4.739193954247869
05/05/2023 11:40:34.162986,2801,True,True,True,True,Eyes,1.037223,0.01595675,-1.99218,-0.9976924,-0.05075114,0.04510238,0.0,0.0,0.0,0.0,0.0,0.0,0.0,2.005708,0.203047,0.9943182,0.9756852,0.026018,-2.024876,0.07560793,-0.6972994,0.06374226,0.7099254,11.31757,270.9416,359.1271,0.4878925,0.006409,-0.8728797,-0.3034019,-0.002693127,-0.044108,-1.108247,-0.04640437,-1.76936,0.2160485,0.3420509,2.061463,0.01942101,-0.01493824,0.9996998,-0.1959472,0.9804407,0.01845709,-0.9804221,-0.1962468,0.01611404,moving,1.5333997460514286,8.43112292142681,5.982955842533062,9.421043095245864,-2.0839322,-0.07242237,0.25551599999999985,0.026470687451818076,0.14656900198896258,0.9888462257967677,1.5918744066459947,7.847135914160011,4.495811327883391,4.558343054912696,4.664630745435874
05/05/2023 11:40:34.182909,2802,True,True,True,True,Eyes,1.0337,0.01634015,-1.993599,-0.9976665,-0.05008697,0.04640086,0.0,0.0,0.0,0.0,0.0,0.0,0.0,2.009807,0.200389,0.9839351,0.9665742,0.02651591,-2.027964,0.07502079,-0.6977334,0.06223133,0.7096952,11.14692,270.8807,359.0446,0.4853015,0.00647879,-0.8743224,-0.2851978,-0.002531539,-0.04146152,-1.118332,-0.03818413,-1.771057,0.2191273,0.3440032,2.061714,0.01859063,-0.01635848,0.9996935,-0.1930196,0.9809983,0.01964203,-0.9810189,-0.1933255,0.01507988,moving,1.659626916363579,8.302804259024281,6.066851200702854,9.472710382164575,-2.0849062000000003,-0.06470004,0.2569069999999998,0.028658599286895126,0.14434533238197012,0.9891123795106513,1.7183816453283502,7.721446807076221,4.4965720822674715,4.5598581369852935,4.687868554412567
05/05/2023 11:40:34.192616,2803,True,True,True,True,Eyes,1.029961,0.01668894,-1.995045,-0.9976479,-0.04927817,0.04764758,0.0,0.0,0.0,0.0,0.0,0.0,0.0,2.013373,0.19994,0.9742758,0.957603,0.02649663,-2.031048,0.07482079,-0.6979801,0.06079135,0.7095985,11.01394,270.8436,358.9392,0.4828186,0.006558769,-0.8756955,-0.2680859,-0.002379647,-0.03897383,-1.128122,-0.03183703,-1.771546,0.2223983,0.3460771,2.06198,0.01825625,-0.01817196,0.9996683,-0.1907218,0.9814125,0.02132315,-0.9814744,-0.1910478,0.01445114,moving,1.7551451336453545,8.221055354586085,6.1559348960654345,9.527567867463892,-2.085725,-0.05833366,0.2595020000000001,0.03031381711547254,0.1429269345065875,0.98926888467052,1.81369800955085,7.6412729860558954,4.526197954511727,4.590634539944088,4.734250686036163
05/05/2023 11:40:34.213325,2804,True,True,True,True,Eyes,1.026034,0.01700293,-1.996544,-0.9976242,-0.04858553,0.04884078,0.0,0.0,0.0,0.0,0.0,0.0,0.0,2.016583,0.2000331,0.9648769,0.9486743,0.02602337,-2.033948,0.07465611,-0.6981606,0.0594449,0.7095525,10.89146,270.8167,358.8397,0.480425,0.006646404,-0.8770102,-0.2520007,-0.002236868,-0.0366354,-1.137781,-0.02637871,-1.771622,0.2255584,0.3480811,2.062238,0.01807616,-0.01988535,0.999639,-0.1886025,0.9817855,0.02294068,-0.9818873,-0.188949,0.01399654,moving,1.8383052969136524,8.143084140401276,6.241945062539773,9.580541819557086,-2.0864553,-0.052402080000000004,0.26232600000000006,0.03175586515770673,0.1415742135101619,0.9894181760201772,1.8968656877411965,7.5648567499829715,4.566645586366983,4.632313435505814,4.789853971991629
05/05/2023 11:40:34.232598,2805,True,True,True,True,Eyes,1.021932,0.01733293,-1.997941,-0.997578,-0.0466193,0.05162022,0.0,0.0,0.0,0.0,0.0,0.0,0.0,2.019516,0.2026092,0.9557407,0.9402125,0.02552272,-2.036734,0.07567606,-0.6981316,0.05986583,0.7094375,11.00901,270.8038,358.7904,0.4781042,0.006739408,-0.8782768,-0.2368807,-0.002102656,-0.03443728,-1.146734,-0.02948318,-1.771323,0.2287674,0.3501158,2.062499,0.01805675,-0.02072156,0.9996223,-0.1906058,0.9813785,0.02378642,-0.9815006,-0.1909633,0.01377086,moving,2.001518959986728,8.378272429175347,6.3292382827924385,9.634301200516825,-2.0869465,-0.055005899999999996,0.26541100000000006,0.034553694536991864,0.1456208487290473,0.9887368117646954,2.049630372410146,7.792608908265311,4.440796187941243,4.506302565454688,4.659063679103917
05/05/2023 11:40:34.243659,2806,True,True,True,True,Eyes,1.017646,0.01769004,-1.999383,-0.9975213,-0.04477185,0.05428391,0.0,0.0,0.0,0.0,0.0,0.0,0.0,2.022565,0.2049814,0.9458294,0.9316165,0.02597279,-2.039312,0.07751273,-0.6980587,0.06197358,0.7091299,11.32977,270.7837,358.8124,0.4758445,0.006838019,-0.8795024,-0.2226679,-0.001976497,-0.03237104,-1.155747,-0.03861822,-1.771251,0.2322322,0.3523129,2.06278,0.01774658,-0.02032224,0.9996361,-0.1961115,0.9803021,0.02341079,-0.9804211,-0.1964556,0.01341159,moving,2.1730457412680644,8.80741952321383,6.4234345072320265,9.692320736703744,-2.0873635,-0.06459101,0.2680609999999999,0.03747123833638555,0.15300627533166292,0.9875145524991874,2.205271025263202,8.209024801822233,4.277039135894024,4.3415267843776535,4.471361089316247
05/05/2023 11:40:34.262794,2807,True,True,True,True,Eyes,1.01318,0.01805187,-2.000871,-0.9974545,-0.04302646,0.05686291,0.0,0.0,0.0,0.0,0.0,0.0,0.0,2.025366,0.2029621,0.9372234,0.9229234,0.0269876,-2.041855,0.07782356,-0.6980513,0.06240061,0.7090656,11.38973,270.7794,358.8218,0.4736326,0.006942905,-0.8806947,-0.2093078,-0.001857907,-0.03042878,-1.164964,-0.03798929,-1.770947,0.2352463,0.354224,2.063025,0.01766111,-0.02015743,0.9996408,-0.1971419,0.9800993,0.02324637,-0.9802158,-0.1974817,0.01333573,moving,2.3262324131049024,8.969989725344568,6.5053267990467,9.742755941028769,-2.0878874,-0.06497689000000001,0.2709079999999999,0.04009366637984624,0.15579175655457544,0.9869759738058019,2.350218501208961,8.366187198790119,4.185974835546384,4.249940883202157,4.377198472638467
05/05/2023 11:40:34.282776,2808,True,True,True,True,Eyes,0.8973078,0.02708973,-2.039114,-0.9928787,-0.002796374,0.1190971,0.0,0.0,0.0,0.0,0.0,0.0,0.0,2.02787,0.2028062,0.9285591,0.9141819,0.02746963,-2.044291,0.07828844,-0.6980217,0.06237267,0.7090459,11.42559,270.7759,358.7815,0.4714562,0.007053673,-0.8818609,-0.1967493,-0.001746433,-0.02860305,-1.174234,-0.03714244,-1.770068,0.2383959,0.3562213,2.063281,0.01775072,-0.0208439,0.9996251,-0.1977443,0.9799612,0.02394528,-0.9800929,-0.1980952,0.01327324,moving,5.940951000345894,11.388879738795163,6.590851348593442,9.795437173759709,-2.0884159,-0.06461207,0.2742229999999999,0.10148662337246223,0.19644754418222776,0.9752481117699615,5.808717722965199,10.695758266686308,1.7204001248505756,1.7208804928637702,1.1926068416317788
05/05/2023 11:40:34.292767,2809,True,True,True,True,Eyes,0.8969529,0.02710156,-2.039194,-0.9928767,-0.002822275,0.1191128,0.0,0.0,0.0,0.0,0.0,0.0,0.0,2.03002,0.2066845,0.920047,0.9054814,0.02785285,-2.04683,0.07960879,-0.6978468,0.06214206,0.7090914,11.51539,270.7803,358.6561,0.4639298,0.007609601,-0.8858389,-0.5325624,0.02547194,-0.1416153,-1.183341,-0.03855351,-1.768163,0.2418547,0.358414,2.063563,0.01829636,-0.02298068,0.9995686,-0.1992383,0.9796016,0.02616856,-0.9797804,-0.1996311,0.01334451,moving,5.912124545523703,11.48954515187038,6.684710736329897,9.853233549129909,-2.0888223999999997,-0.06640636,0.278667,0.1009602061884805,0.19817135546633735,0.9749539047575119,5.777903890611379,10.793895289649402,1.8095332041611405,1.8095317304450667,1.3065768884834648
05/05/2023 11:40:34.312826,2810,True,True,True,True,Eyes,0.8962613,0.02711425,-2.03937,-0.9928696,-0.002844832,0.1191718,0.0,0.0,0.0,0.0,0.0,0.0,0.0,2.031812,0.2102233,0.9120252,0.8966173,0.02816237,-2.049275,0.08061908,-0.6976213,0.06136237,0.7092669,11.53557,270.7982,358.5123,0.4576332,0.008081226,-0.889104,-0.5006086,0.02394362,-0.1331184,-1.192528,-0.03782755,-1.76596,0.2449097,0.3603514,2.063811,0.01911809,-0.02543858,0.9994935,-0.1995278,0.9794704,0.02874548,-0.9797056,-0.1999763,0.01364989,moving,5.868263807522688,11.522318763715932,6.767564676268127,9.904276094565517,-2.0891453,-0.06598992000000001,0.2833150000000002,0.10020197827847493,0.1987443239448817,0.9749155403609486,5.734264257857933,10.82607435818803,1.851467194875899,1.8511629133379102,1.3847100033957156
05/05/2023 11:40:34.332960,2811,True,True,True,True,Eyes,0.8952401,0.02711643,-2.039684,-0.9928536,-0.002783375,0.119306,0.0,0.0,0.0,0.0,0.0,0.0,0.0,2.033399,0.2112584,0.9051983,0.8878392,0.02820406,-2.051748,0.08102372,-0.6972753,0.06080702,0.709609,11.52461,270.847,358.4389,0.4521752,0.008491816,-0.8918884,-0.4705721,0.02250701,-0.1251313,-1.201573,-0.03593707,-1.763085,0.2479661,0.3622896,2.064059,0.02021945,-0.02669325,0.9994392,-0.1992901,0.9794753,0.03019185,-0.979732,-0.1997888,0.01448473,moving,5.811637077552315,11.521031008626045,6.850408599514359,9.955312049115678,-2.0894122,-0.06414113,0.2886629999999999,0.09923844642364166,0.19874168738482975,0.9750145702973894,5.679098158351763,10.825196910091508,1.8791513699508073,1.8789683698800164,1.4589954835198962
05/05/2023 11:40:34.342807,2812,True,True,True,True,Eyes,0.8939179,0.02709954,-2.040087,-0.9928382,-0.002766963,0.1194349,0.0,0.0,0.0,0.0,0.0,0.0,0.0,2.035252,0.2090945,0.8982704,0.8789763,0.02790283,-2.054137,0.08084676,-0.6969849,0.06092598,0.7099043,11.52034,270.8977,358.4681,0.4472058,0.008861267,-0.8943869,-0.4423378,0.02115659,-0.1176234,-1.210801,-0.03411774,-1.76057,0.2511404,0.3643019,2.064318,0.02100031,-0.02619471,0.9994364,-0.1992012,0.9795036,0.02985795,-0.9797336,-0.1997159,0.0153519,moving,5.7734031676085475,11.513729889342056,6.936391918740176,10.008262113647449,-2.0897773,-0.06202057,0.2935669999999999,0.0985900662460692,0.19863031580411192,0.9751030916178287,5.642023807703321,10.81834658225883,1.9019661433316357,1.9023606542697342,1.5269661597934967
05/05/2023 11:40:34.362968,2813,True,True,True,True,Eyes,0.8923,0.0270547,-2.040571,-0.9928247,-0.002801475,0.119546,0.0,0.0,0.0,0.0,0.0,0.0,0.0,2.037966,0.2066882,0.890125,0.8704275,0.0274307,-2.056684,0.08086734,-0.6969014,0.06175106,0.7099126,11.58879,270.9112,358.5355,0.4426661,0.009192898,-0.8966391,-0.4157975,0.01988719,-0.110566,-1.219871,-0.03492731,-1.759771,0.2543568,0.3663415,2.064581,0.02103054,-0.02503741,0.9994654,-0.2003888,0.9792945,0.02874868,-0.9794908,-0.2008863,0.01557788,moving,5.779463376563181,11.573411524611354,7.023459706595619,10.061897038351177,-2.0902985,-0.062358010000000005,0.2969130000000002,0.0986724512075613,0.1996442706593064,0.9748876303830462,5.646322801130331,10.87637568561169,1.9568026506724117,1.9576013157199659,1.5999629755834435
05/05/2023 11:40:34.383280,2814,True,True,True,True,Eyes,0.8904041,0.02697711,-2.041132,-0.9928162,-0.00300259,0.1196118,0.0,0.0,0.0,0.0,0.0,0.0,0.0,2.040987,0.2056743,0.8802812,0.8617376,0.02671558,-2.059009,0.08143844,-0.6969778,0.06313821,0.7096502,11.74741,270.8884,358.6006,0.438503,0.00948929,-0.8986793,-0.3908496,0.01869396,-0.1039321,-1.229159,-0.03931493,-1.76012,0.2575161,0.3683448,2.064837,0.02047123,-0.02390947,0.9995046,-0.2031337,0.9787627,0.02757377,-0.978937,-0.2035975,0.01517965,moving,5.819280486739898,11.714622187303311,7.10893643882358,10.11455788314527,-2.0908965999999998,-0.06603051,0.2988890000000002,0.09930024839411972,0.20203368412883183,0.9743314920367635,5.681331190225828,11.013507391627597,2.054398074434315,2.0550956795695967,1.6870586725494954
05/05/2023 11:40:34.393638,2815,True,True,True,True,Eyes,0.8882356,0.02686557,-2.041758,-0.9928119,-0.003312524,0.1196392,0.0,0.0,0.0,0.0,0.0,0.0,0.0,2.044402,0.2057134,0.8695226,0.8531725,0.02588016,-2.061405,0.08251415,-0.6971289,0.0651409,0.7091963,11.99701,270.8438,358.6731,0.4346687,0.009752552,-0.9005372,-0.3673987,0.01757232,-0.09769613,-1.238359,-0.04702833,-1.76124,0.2608226,0.3704418,2.065106,0.01953598,-0.02265062,0.9995526,-0.2074414,0.9778962,0.02621426,-0.9780523,-0.2078607,0.01440547,moving,5.880813967040989,11.940147046400687,7.198335314790469,10.169644403104073,-2.0915315,-0.07290848999999999,0.30016500000000024,0.10026518773028886,0.20584720255404437,0.9734340250389777,5.735236567965655,11.232531472049269,2.2066845177514045,2.2069304727824814,1.8084210970598775
05/05/2023 11:40:34.413570,2816,True,True,True,True,Eyes,0.885808,0.02672303,-2.042454,-0.9928123,-0.003760086,0.1196236,0.0,0.0,0.0,0.0,0.0,0.0,0.0,2.047664,0.2069027,0.8582768,0.8444672,0.02498091,-2.063644,0.08384429,-0.6972986,0.06703067,0.7086974,12.25841,270.791,358.7147,0.4311207,0.009984511,-0.9022387,-0.3453548,0.01651798,-0.09183437,-1.247682,-0.05535985,-1.762281,0.2641621,0.372559,2.065377,0.01856323,-0.0219201,0.9995875,-0.2119379,0.9769541,0.02535968,-0.9771069,-0.2123212,0.01348971,moving,5.942493801628095,12.172624962212987,7.288569438130464,10.225230606575163,-2.0921491999999997,-0.08034076,0.30136300000000005,0.10122667378378886,0.20977470545686183,0.9724957277130499,5.789097207277421,11.458319796625418,2.3674364229997575,2.3673327597858553,1.9413721749623885
05/05/2023 11:40:34.432883,2817,True,True,True,True,Eyes,0.8831216,0.0265677,-2.043223,-0.9928206,-0.004208223,0.1195383,0.0,0.0,0.0,0.0,0.0,0.0,0.0,2.050991,0.2101576,0.8466492,0.8358253,0.02413045,-2.066001,0.08537581,-0.697542,0.06810056,0.7081725,12.46996,270.7213,358.6706,0.4278199,0.01018697,-0.9038063,-0.3246335,0.0155269,-0.0863243,-1.256941,-0.06237376,-1.763777,0.2672368,0.3745088,2.065628,0.01759489,-0.02265251,0.9995885,-0.2155603,0.9761465,0.0259156,-0.976332,-0.2159276,0.01229223,moving,5.9991908593024945,12.364031274728813,7.371590303913105,10.276384749405825,-2.0927663,-0.08650421,0.30222400000000005,0.10211597059912475,0.21300281806261342,0.9717005640309424,5.839207553791836,11.644179140974112,2.4986514227454184,2.4983491049612456,2.054034661458974
05/05/2023 11:40:34.443060,2818,True,True,True,True,Eyes,0.8801845,0.0263834,-2.044054,-0.9928355,-0.004654203,0.1193987,0.0,0.0,0.0,0.0,0.0,0.0,0.0,2.05415,0.2151261,0.8344831,0.8269488,0.02369544,-2.068277,0.08727708,-0.6978061,0.06873335,0.7076194,12.67632,270.6401,358.5592,0.4247317,0.01036232,-0.9052597,-0.3051555,0.01459529,-0.08114485,-1.266411,-0.06911456,-1.765187,0.2703062,0.3764552,2.065877,0.01668482,-0.02453087,0.9995599,-0.2190791,0.9753169,0.0275928,-0.9755644,-0.219443,0.01089874,moving,6.049580822987082,12.557464045373468,7.454422510585593,10.327428429508618,-2.0933598,-0.09281,0.3030900000000001,0.10289497936285519,0.21626466332046862,0.9708976567323185,5.883115006054668,11.832052022350425,2.636087217152168,2.6356477411141936,2.1755227946246363
05/05/2023 11:40:34.463161,2819,True,True,True,True,Eyes,0.8770084,0.02615127,-2.044945,-0.9928559,-0.004928051,0.1192179,0.0,0.0,0.0,0.0,0.0,0.0,0.0,2.057778,0.2163146,0.8220706,0.8180038,0.02282607,-2.070601,0.08777802,-0.6983476,0.06842208,0.707053,12.69096,270.541,358.4821,0.4218248,0.01051201,-0.9066161,-0.2868461,0.01371957,-0.07627615,-1.276419,-0.06903774,-1.767358,0.2735246,0.378496,2.066138,0.01525784,-0.02584308,0.9995497,-0.2193553,0.9752269,0.02856263,-0.9755258,-0.2196922,0.009211002,moving,6.12338220450583,12.56637183052071,7.541220935035414,10.38091709385105,-2.0944228,-0.09186381,0.30324299999999993,0.1041425843549344,0.2163873541560892,0.9707372799151589,5.95481789666716,11.840229746859212,2.605493215752166,2.605087152442619,2.1555203593039307
05/05/2023 11:40:34.482878,2820,True,True,True,True,Eyes,0.8736053,0.02587984,-2.045892,-0.9928881,-0.005288559,0.1189338,0.0,0.0,0.0,0.0,0.0,0.0,0.0,2.061738,0.2168131,0.8086884,0.8091165,0.02143469,-2.072829,0.08814169,-0.6990554,0.06842086,0.7063082,12.71904,270.4174,358.4386,0.4190715,0.01063648,-0.9078906,-0.2696353,0.0128964,-0.07169958,-1.286533,-0.06979392,-1.7705,0.2767889,0.3805656,2.066405,0.0132804,-0.02657942,0.9995584,-0.2198843,0.9750993,0.02885046,-0.9754355,-0.2201703,0.007105321,moving,6.223633164178379,12.580919908665303,7.629191011203634,10.435116683714115,-2.0956495,-0.09122860999999999,0.30232900000000007,0.10583594121043127,0.21659488520046946,0.9705078083217282,6.052152312786815,11.853719988583336,2.5655924850137715,2.565163609118371,2.1211992817484386
05/05/2023 11:40:34.492952,2821,True,True,True,True,Eyes,0.8699698,0.02557943,-2.046904,-0.9929304,-0.005460504,0.1185723,0.0,0.0,0.0,0.0,0.0,0.0,0.0,2.066368,0.2172441,0.79372,0.8002796,0.020242,-2.07514,0.08897456,-0.6999373,0.06932414,0.7052416,12.85839,270.2552,358.4264,0.4164473,0.01073651,-0.9090962,-0.2534572,0.01212262,-0.06739761,-1.296637,-0.07433722,-1.775447,0.2799489,0.3825695,2.066662,0.01056415,-0.02677269,0.9995857,-0.2223337,0.9745554,0.02845202,-0.9749134,-0.2225422,0.004342852,moving,6.36527406598737,12.715240281512473,7.714299620004306,10.487571929665107,-2.0969166,-0.09457921999999999,0.2996930000000002,0.10817993123297986,0.21881395306535312,0.9697512789874141,6.186606177706558,11.983472311697748,2.6048996843495904,2.6042995663350763,2.1381218876867014
05/05/2023 11:40:34.513901,2822,True,True,True,True,Eyes,0.8661092,0.02525562,-2.047957,-0.9929913,-0.005622488,0.118054,0.0,0.0,0.0,0.0,0.0,0.0,0.0,2.071356,0.2142106,0.7775762,0.7911102,0.01922056,-2.077211,0.08888571,-0.7011348,0.06983937,0.7040111,12.8904,270.0599,358.4536,0.4139296,0.01081326,-0.9102445,-0.2382498,0.01139526,-0.06335375,-1.30747,-0.07458045,-1.781627,0.2831155,0.3845772,2.066919,0.007064756,-0.02630633,0.999629,-0.2229771,0.9744436,0.02721942,-0.974798,-0.2230867,0.001018502,moving,6.5408689406693945,12.739291360700937,7.7995324256110345,10.540098176753613,-2.0985802,-0.09380101,0.29558400000000007,0.11114286547060581,0.21914893276350897,0.969340543816567,6.357131132302433,12.005709184391662,2.53448741709025,2.533906949484492,2.0563407102540534
05/05/2023 11:40:34.532846,2823,True,True,True,True,Eyes,0.8620231,0.02492184,-2.04906,-0.9930602,-0.005525066,0.1174774,0.0,0.0,0.0,0.0,0.0,0.0,0.0,2.076854,0.2090989,0.7600813,0.7818708,0.01832873,-2.079209,0.08838428,-0.7026171,0.07040393,0.7025388,12.8924,269.8257,358.5141,0.4114986,0.01086802,-0.9113453,-0.2239548,0.01071154,-0.05955253,-1.318667,-0.07339439,-1.789333,0.2863353,0.3866188,2.067181,0.002744944,-0.02527763,0.9996767,-0.2231236,0.974463,0.02525276,-0.9747863,-0.2231208,-0.002965208,moving,6.760235435161466,12.745318868443734,7.88613728348391,10.59347626456305,-2.1005378,-0.09172312,0.289876,0.11485308652286691,0.21915781017524416,0.9689059032973564,6.570811284276489,12.010119136573724,2.428893175006822,2.4285966243762878,1.9331217010342758
05/05/2023 11:40:34.550603,2824,True,True,True,True,Eyes,0.8577191,0.02457012,-2.050192,-0.9931537,-0.00529052,0.1166956,0.0,0.0,0.0,0.0,0.0,0.0,0.0,2.08277,0.2016456,0.7410858,0.7724138,0.01771299,-2.081073,0.08743849,-0.7043918,0.07099964,0.7008181,12.86062,269.5518,358.609,0.4091363,0.01090256,-0.9124079,-0.2105175,0.01006885,-0.05597937,-1.330328,-0.07059049,-1.798747,0.2894192,0.3885744,2.067432,-0.00241748,-0.02366624,0.9997171,-0.2226976,0.9746271,0.02253381,-0.9748846,-0.2225801,-0.007626481,moving,7.015846379416723,12.721716624060612,7.969031986963475,10.644575565116684,-2.1027418,-0.08830348,0.28232599999999985,0.11918848911314894,0.21864617854800994,0.9684978457147944,6.820621829822911,11.985459453253368,2.284910883738089,2.285405386618526,1.7654505063830495
05/05/2023 11:40:34.566626,2825,True,True,True,True,Eyes,0.8532007,0.02419734,-2.051366,-0.9932626,-0.004850657,0.1157829,0.0,0.0,0.0,0.0,0.0,0.0,0.0,2.08894,0.1911016,0.7213604,0.7629142,0.01689061,-2.082841,0.08533171,-0.7064755,0.07081423,0.6989966,12.67087,269.2496,358.7331,0.4068265,0.01091813,-0.9134399,-0.1978865,0.009464718,-0.05262061,-1.342434,-0.06195036,-1.809169,0.2926582,0.3906281,2.067696,-0.008244745,-0.02157172,0.9997334,-0.2195674,0.9754077,0.01923611,-0.9755626,-0.2193502,-0.01277839,moving,7.298162537060213,12.548262079139219,8.056036504373306,10.698204340494133,-2.1053482,-0.07884097000000001,0.27367200000000014,0.12404565138141932,0.21558386117319783,0.9685742493683779,7.100504127041763,11.814818746908276,1.9978770791818863,1.9992715139898976,1.4696495693669567
05/05/2023 11:40:34.572780,2826,True,True,True,True,Eyes,0.8484572,0.0238208,-2.052564,-0.9934063,-0.004266561,0.1145675,0.0,0.0,0.0,0.0,0.0,0.0,0.0,2.095582,0.1791164,0.6998305,0.7533136,0.01593608,-2.084604,0.08313843,-0.7088123,0.07120089,0.6968526,12.52154,268.9051,358.9067,0.4045556,0.01091568,-0.914448,-0.1860133,0.008896835,-0.04946338,-1.354744,-0.0547075,-1.8216,0.2957996,0.3926198,2.067951,-0.01496905,-0.01862605,0.9997146,-0.2170922,0.9760369,0.01493434,-0.9760364,-0.2168066,-0.01865387,moving,7.615917718648703,12.416554007345471,8.140366480046287,10.75018814328698,-2.1080576,-0.07064358,0.263004,0.12948445403318493,0.21320736430370166,0.9683885524153532,7.413807853466261,11.684561689430238,1.7434906946765838,1.7469463919167247,1.1836136876490493
05/05/2023 11:40:34.592980,2827,True,True,True,True,Eyes,0.72398,0.01479679,-2.083637,-0.9965737,0.01964905,0.08034122,0.0,0.0,0.0,0.0,0.0,0.0,0.0,2.103196,0.1629303,0.6746593,0.7432114,0.01541711,-2.086275,0.08013991,-0.7117827,0.07166696,0.694123,12.31444,268.4684,359.1442,0.4023103,0.01089687,-0.9154383,-0.1748525,0.008363025,-0.04649558,-1.368034,-0.04448438,-1.837693,0.299063,0.3946889,2.068217,-0.02354166,-0.01459302,0.9996164,-0.2135758,0.9768829,0.009231293,-0.9766427,-0.2132766,-0.02611405,moving,6.10827725030006,13.534865962340584,8.227907606999475,10.804154011443787,-2.1112454,-0.059901489999999995,0.24858200000000008,0.10348461970366851,0.23278049312539129,0.9670078137397689,5.913989253316507,12.78265945423739,3.455729064428213,3.456822328065514,3.044454291769677
05/05/2023 11:40:34.612794,2828,True,True,True,True,Eyes,0.7235395,0.01478782,-2.083691,-0.996603,0.02014391,0.07985441,0.0,0.0,0.0,0.0,0.0,0.0,0.0,2.111465,0.1404764,0.6463854,0.7326375,0.01529817,-2.087783,0.07514896,-0.7154791,0.07095741,0.6909466,11.85203,267.9438,359.445,0.3941253,0.01044847,-0.918997,-0.5377928,-0.01921076,-0.1369258,-1.382212,-0.02423457,-1.857554,0.3021352,0.3966372,2.068466,-0.03389071,-0.009479449,0.9993806,-0.2055906,0.9786354,0.002310738,-0.9780511,-0.205385,-0.03511549,moving,6.682522572826444,13.076361359053076,8.310269488318866,10.854946321391498,-2.1148495,-0.03953274,0.23022900000000002,0.11338959781559288,0.22479028506191218,0.9677872547024674,6.486132649116611,12.332733616054908,2.7542238213241585,2.7539507603521316,2.347622307016909
05/05/2023 11:40:34.632675,2829,True,True,True,True,Eyes,0.7226588,0.01476059,-2.083827,-0.9966388,0.02111926,0.07915306,0.0,0.0,0.0,0.0,0.0,0.0,0.0,2.120093,0.1156959,0.6138954,0.7216823,0.01494992,-2.089019,0.06883871,-0.7199256,0.06885449,0.687188,11.17174,267.3088,359.738,0.3872757,0.01006431,-0.9219087,-0.5055252,-0.01805812,-0.1287103,-1.396926,0.003902726,-1.881058,0.3053865,0.3986993,2.06873,-0.04606766,-0.004485531,0.9989282,-0.1937494,0.9810407,-0.004529953,-0.9799688,-0.1937505,-0.04606339,moving,7.344365245503673,12.423908795422943,8.397371641032164,10.908670940398379,-2.1186083,-0.011047194,0.20796100000000006,0.12488635200620368,0.2134585331613315,0.968937036870274,7.148895125161322,11.693518569061382,1.8458169305264356,1.8452014053548045,1.474679426485274
05/05/2023 11:40:34.643308,2830,True,True,True,True,Eyes,0.7213383,0.01470281,-2.083997,-0.9966976,0.02256689,0.0780042,0.0,0.0,0.0,0.0,0.0,0.0,0.0,2.128212,0.09521534,0.5783098,0.7102657,0.01433118,-2.090003,0.06283708,-0.7246712,0.06547391,0.6830934,10.41294,266.6079,359.9055,0.3813798,0.009728737,-0.924367,-0.4751937,-0.01697463,-0.1209877,-1.41158,0.03397707,-1.906026,0.3085386,0.4006978,2.068987,-0.05887014,-0.001622829,0.9982645,-0.180522,0.9835293,-0.009046942,-0.9818076,-0.1807413,-0.05819352,moving,8.011044325250063,11.731088956540887,8.481753459598984,10.960701064180986,-2.1218457,0.01964589,0.18397699999999984,0.13650784871155625,0.20141533141339768,0.9699471620142233,7.817460250974179,11.014994726509345,0.9030063015502418,0.9028092787816487,0.6665082661108299
05/05/2023 11:40:34.662924,2831,True,True,True,True,Eyes,0.7195934,0.0145996,-2.084185,-0.9967527,0.02407996,0.07683789,2.147532,-1.420965,0.0663121,-1.919173,0.275321,0.4039019,0.8723884,0.3218631,0.4060243,2.063596,0.6990597,0.01351668,-2.091185,0.05850327,-0.7292476,0.06065438,0.6790408,9.66669,265.9019,359.8284,0.3760054,0.009423858,-0.9265693,-0.4466821,-0.01595615,-0.1137284,-1.424469,0.06029347,-1.932637,0.3086999,0.4008,2.069001,-0.07096197,-0.002953146,0.9974746,-0.1677003,0.9857968,-0.009011909,-0.9832808,-0.1679163,-0.07044935,moving,8.629436205040859,11.086982087058812,8.486066478177362,10.963356527284281,-2.1235287,0.04677679,0.1585479999999999,0.14730427235729676,0.19020124542052122,0.970631128882808,8.437641127882497,10.384188050264475,0.18391189991395696,0.18930968704870865,0.5811894177672388
05/05/2023 11:40:34.674915,2832,True,True,True,True,Eyes,0.7174532,0.01445573,-2.084414,-0.996823,0.02584161,0.07533962,0.0,0.0,0.0,0.0,0.0,0.0,0.0,2.141326,0.0855443,0.5059576,0.6871871,0.01224365,-2.09194,0.05645627,-0.7334666,0.05546286,0.6751026,9.066915,265.2181,359.5398,0.3710856,0.009144672,-0.9285534,-0.4198812,-0.01499878,-0.1069047,-1.437401,0.07952517,-1.956671,0.3086998,0.4008,2.069001,-0.08209866,-0.007931339,0.9965928,-0.1577038,0.9874731,-0.005132769,-0.9840678,-0.1575878,-0.08232106,static,9.171348224781607,10.638693252267894,8.486063769233581,10.963356527284281,-2.1245881,0.06728152000000001,0.13526900000000008,0.15671566035170048,0.18233395540778058,0.9706670237439924,8.977990059869688,9.944416410644548,0.7545892389224875,0.7583014091771952,1.13147268491855
05/05/2023 11:40:34.692911,2833,True,True,True,True,Eyes,0.7149035,0.01427187,-2.084671,-0.9968828,0.02733283,0.07401027,0.0,0.0,0.0,0.0,0.0,0.0,0.0,2.145924,0.09157059,0.4708297,0.6749586,0.01098964,-2.092693,0.0557205,-0.7372563,0.05029266,0.6714305,8.56794,264.5857,359.1526,0.3665603,0.00888683,-0.9303517,-0.3946883,-0.01409885,-0.1004904,-1.45027,0.09451482,-1.978117,0.3087002,0.4008001,2.069001,-0.09215262,-0.01462454,0.9956375,-0.1496966,0.9887318,0.0006677278,-0.9844282,-0.148982,-0.09330346,static,9.658833266838968,10.297483354735862,8.486074605008472,10.963359196372178,-2.1252286,0.08352518,0.11457600000000023,0.16515293559989613,0.1763042678230448,0.9703820039588731,9.462396419830386,9.609191820613402,1.3446221235493014,1.3486116992571762,1.6694231242158364
05/05/2023 11:40:34.713317,2834,True,True,True,True,Eyes,0.7119535,0.01408207,-2.084953,-0.9969584,0.02887941,0.07238708,0.0,0.0,0.0,0.0,0.0,0.0,0.0,2.149646,0.09836272,0.436584,0.6625959,0.009825233,-2.093353,0.05548321,-0.740792,0.04580446,0.6678702,8.16211,263.9865,358.7832,0.3623746,0.00864646,-0.9319922,-0.371007,-0.01325292,-0.094461,-1.463053,0.1062419,-1.99838,0.3087002,0.4008,2.069,-0.1017418,-0.02102017,0.9945887,-0.1433859,0.9896472,0.006248017,-0.9844232,-0.1419743,-0.1037024,static,10.10395645260881,10.05595239519669,8.486078646823053,10.963361697755134,-2.1256489,0.096416667,0.09497299999999997,0.17282072872336085,0.1719825066132547,0.9698221353145032,9.902820970472762,9.37123418816192,1.8498615600719104,1.8549717617321666,2.131203607922967
05/05/2023 11:40:34.732639,2835,True,True,True,True,Eyes,0.7086179,0.01403322,-2.085242,-0.9970412,0.02977249,0.07086867,0.0,0.0,0.0,0.0,0.0,0.0,0.0,2.152773,0.1049564,0.4031351,0.6500612,0.009480581,-2.09411,0.05617048,-0.7440506,0.04275028,0.6643841,7.946842,263.4175,358.4504,0.3584791,0.008421598,-0.9334995,-0.3487466,-0.01245775,-0.08879334,-1.476059,0.1119706,-2.017907,0.3087004,0.4008,2.069,-0.1108777,-0.02678214,0.9934732,-0.1403925,0.9900346,0.01102079,-0.9838679,-0.1382543,-0.1135327,static,10.534455975492861,9.966115601859933,8.486084064712776,10.963361697755134,-2.1261202,0.102490019,0.07620300000000002,0.180158185754207,0.17023396891775922,0.9687947914693126,10.324901449416577,9.280969566825018,2.269907593292085,2.2782289745877344,2.4923267555648696
05/05/2023 11:40:34.743157,2836,True,True,True,True,Eyes,0.7048743,0.01404912,-2.085562,-0.997121,0.03116606,0.06912564,0.0,0.0,0.0,0.0,0.0,0.0,0.0,2.155528,0.1122462,0.3690581,0.6375404,0.01290048,-2.094869,0.05899082,-0.7472349,0.04128575,0.6606479,8.027282,262.8248,358.0549,0.3548297,0.008217145,-0.9348946,-0.3278218,-0.01171028,-0.08346575,-1.489426,0.1102447,-2.037964,0.3086998,0.4008001,2.069001,-0.1201292,-0.03360933,0.9921893,-0.1427107,0.9896312,0.01624403,-0.9824474,-0.1396446,-0.12368,static,10.966331603206152,10.218697935639161,8.486063769233581,10.963359196372178,-2.1269663999999997,0.09734422,0.05690499999999998,0.1873213295554464,0.17426559394960622,0.9667172225119942,10.73909407890108,9.523864238614625,2.5702312706755235,2.589642624277619,2.673628865360681
05/05/2023 11:40:34.763355,2837,True,True,True,True,Eyes,0.700793,0.01398042,-2.085898,-0.9971964,0.03227087,0.067512,0.0,0.0,0.0,0.0,0.0,0.0,0.0,2.157395,0.1181856,0.3375525,0.624023,0.01437246,-2.095865,0.05687468,-0.7503631,0.03339881,0.6577272,7.177207,262.322,357.6075,0.3513856,0.008034059,-0.9361961,-0.3081525,-0.01100767,-0.0784578,-1.501793,0.1404015,-2.054352,0.3086998,0.4008001,2.069001,-0.1283205,-0.04141871,0.9908675,-0.1292879,0.9912996,0.02469358,-0.9832693,-0.1249385,-0.132559,static,11.310686575180593,9.5387892599824,8.486063769233581,10.963359196372178,-2.125816,0.12602904,0.04151299999999969,0.19351952358580837,0.16258266712460012,0.9675313998570227,11.093103563280025,8.860040230773755,3.154474982569191,3.163525485837209,3.3497174744726963
05/05/2023 11:40:34.782892,2838,True,True,True,True,Eyes,0.6963918,0.01395894,-2.086262,-0.9973086,0.03273712,0.06560256,0.0,0.0,0.0,0.0,0.0,0.0,0.0,2.159059,0.1175757,0.3093007,0.6118972,0.01230092,-2.096773,0.05581634,-0.7529124,0.03182087,0.6549771,6.951753,261.893,357.5539,0.3481125,0.007866386,-0.9374194,-0.2896633,-0.01034721,-0.07375033,-1.513678,0.1462952,-2.07074,0.3087,0.4008,2.069001,-0.1357793,-0.04236574,0.989833,-0.1257335,0.9917439,0.02520019,-0.9827285,-0.1210335,-0.1399852,static,11.62720680841919,9.367677292320629,8.486069187121103,10.963356527284281,-2.1255752,0.13399428,0.026033000000000417,0.19896237236179054,0.159515135043142,0.9669378235516202,11.406265501052925,8.69145199259749,3.513974838324981,3.523199934268334,3.699877934017744
05/05/2023 11:40:34.793048,2839,True,True,True,True,Eyes,0.6916485,0.01403047,-2.08665,-0.9974239,0.03285712,0.06376444,0.0,0.0,0.0,0.0,0.0,0.0,0.0,2.16101,0.1139889,0.2785301,0.599843,0.01353882,-2.097747,0.0601368,-0.7553024,0.038317,0.6514859,7.830235,261.3968,357.6329,0.3449803,0.007714779,-0.9385779,-0.2722835,-0.009726373,-0.06932531,-1.527645,0.1157546,-2.090933,0.3086999,0.4008001,2.069002,-0.1438997,-0.04091696,0.9887462,-0.1407689,0.9898308,0.02047471,-0.9795291,-0.1362384,-0.1481962,static,12.029732157808713,10.254702534993937,8.486062436370363,10.963354025904945,-2.127488,0.10221578,0.006813999999999876,0.2052312875843006,0.17423478926151165,0.963079585102864,11.77474663591847,9.551844259232706,3.578314027936559,3.613832042335303,3.5787991820956506
05/05/2023 11:40:34.813347,2840,True,True,True,True,Eyes,0.6866205,0.01417731,-2.087073,-0.9975516,0.03282718,0.06175249,0.0,0.0,0.0,0.0,0.0,0.0,0.0,2.16208,0.1105259,0.2511902,0.5869254,0.0159115,-2.098849,0.0597277,-0.7576013,0.03702126,0.6489241,7.678377,260.9987,357.545,0.3419603,0.007581876,-0.9396835,-0.2559465,-0.009142791,-0.0651658,-1.540311,0.1232047,-2.106175,0.3087001,0.4008002,2.069002,-0.1506605,-0.04245158,0.9876738,-0.1385476,0.990124,0.02142277,-0.9788291,-0.1336122,-0.1550542,static,12.302078993991744,10.134150946417774,8.486067854255301,10.963356694991596,-2.1272364,0.1072932,-0.007325999999999944,0.2098892560294936,0.17203418638632012,0.962471260531085,12.043484744089852,9.432743407418826,3.869468880598399,3.905063788475227,3.8727241012205416
05/05/2023 11:40:34.832636,2841,True,True,True,True,Eyes,0.6812857,0.0144556,-2.087527,-0.9976951,0.03318482,0.05918821,0.0,0.0,0.0,0.0,0.0,0.0,0.0,2.16291,0.1107879,0.2255456,0.5750768,0.01790383,-2.100069,0.06153294,-0.7595493,0.03773155,0.6464326,7.866867,260.6227,357.4141,0.3390292,0.007469261,-0.9407459,-0.2405897,-0.008594223,-0.06125585,-1.552446,0.1175432,-2.120524,0.3087001,0.4008,2.069001,-0.1566776,-0.0446928,0.9866382,-0.1422564,0.98958,0.02223584,-0.9773512,-0.1368717,-0.1614028,static,12.510294654402001,10.383071829803043,8.486071896064805,10.963356527284281,-2.1275228,0.09963937,-0.020455000000000112,0.21323046167411308,0.17608362925889937,0.9610032855129607,12.239748090107264,9.673558735519324,4.0190805165786365,4.065845439616454,3.9690884738643506
05/05/2023 11:40:34.843259,2842,True,True,True,True,Eyes,0.5407695,0.02417034,-2.100087,-0.9987775,0.04913831,-0.005385375,0.0,0.0,0.0,0.0,0.0,0.0,0.0,2.163303,0.1125675,0.2012179,0.5624147,0.02140323,-2.101492,0.0634724,-0.7612008,0.0373784,0.6443194,7.972509,260.2971,357.195,0.3361648,0.007380921,-0.9417739,-0.2261543,-0.00807857,-0.0575805,-1.565213,0.1159272,-2.132583,0.3086998,0.4008001,2.069001,-0.1616477,-0.04846323,0.9856579,-0.1447977,0.9891482,0.02488806,-0.976168,-0.1386979,-0.166911,static,9.015959063388921,11.26900301364515,8.486063769233581,10.963359196372178,-2.1276277,0.09452397,-0.03109099999999998,0.15376040965169863,0.19309175949706184,0.9690579854259843,8.809524877027988,10.558728338589974,0.5941365181202604,0.6117247467653802,0.5180282032140203
05/05/2023 11:40:34.862847,2843,True,True,True,True,Eyes,0.5402959,0.02425192,-2.100152,-0.9987518,0.04960494,-0.005858159,0.0,0.0,0.0,0.0,0.0,0.0,0.0,2.163368,0.1148692,0.1810923,0.5499462,0.02438892,-2.10312,0.06244115,-0.7625577,0.03289759,0.6430588,7.49729,260.0808,356.9403,0.3247045,0.007870058,-0.9457824,-0.6341336,0.02155039,-0.09180534,-1.576812,0.134898,-2.140377,0.3086998,0.4008,2.069,-0.1651531,-0.05291979,0.9848472,-0.1375401,0.9900377,0.03013403,-0.9766305,-0.1304793,-0.1707864,static,9.168708290778824,10.872757113648005,8.486067811043153,10.963361697755134,-2.1267582000000003,0.11050907999999998,-0.037256999999999874,0.15655235900376802,0.18630268019152169,0.9699395838640278,8.969107824428908,10.172174368613566,0.6793853337957606,0.6886270509027167,0.9269870788343701
05/05/2023 11:40:34.882908,2844,True,True,True,True,Eyes,0.5393566,0.02438837,-2.100306,-0.9987183,0.05020163,-0.006457281,0.0,0.0,0.0,0.0,0.0,0.0,0.0,2.163783,0.1147407,0.1622095,0.5381594,0.02645719,-2.105022,0.06271383,-0.7636351,0.03171974,0.6418117,7.408664,259.8859,356.8168,0.315303,0.008276459,-0.9489546,-0.5960855,0.02025736,-0.08629702,-1.588343,0.1395111,-2.148654,0.3087,0.4008,2.069,-0.1682894,-0.05506477,0.9841985,-0.1364972,0.9901217,0.03205632,-0.9762413,-0.1289455,-0.1741432,static,9.309741597474163,10.848566940034962,8.48607322893318,10.963361697755134,-2.1265024,0.11305391000000001,-0.043632000000000115,0.15895414346712378,0.18582094194272547,0.96964132579919,9.107241765812576,10.147702455284099,0.8206877442819487,0.8316293752237227,1.025256236770747
05/05/2023 11:40:34.893065,2845,True,True,True,True,Eyes,0.5379962,0.02452872,-2.10055,-0.9986622,0.0511513,-0.007572937,0.0,0.0,0.0,0.0,0.0,0.0,0.0,2.164661,0.1096399,0.1423578,0.526057,0.02787796,-2.107257,0.06136242,-0.7649304,0.03049387,0.6404579,7.195278,259.6781,356.8327,0.3075605,0.00861843,-0.9514891,-0.5603204,0.01904192,-0.0811192,-1.599837,0.1488473,-2.15863,0.3087004,0.4008,2.069,-0.1720966,-0.05481586,0.9835536,-0.132936,0.9906096,0.03194871,-0.9760689,-0.1252515,-0.1777675,static,9.462154079241829,10.69771731469203,8.486084064712776,10.963361697755134,-2.1258939999999997,0.12096933999999998,-0.05137299999999989,0.16161418933071503,0.1831872118095514,0.9697026832033389,9.259882224244627,9.999917429465215,1.002191745205732,1.011572840439938,1.235713741040205
05/05/2023 11:40:34.912985,2846,True,True,True,True,Eyes,0.5362441,0.02465026,-2.100894,-0.9986069,0.05200949,-0.008910036,0.0,0.0,0.0,0.0,0.0,0.0,0.0,2.165969,0.1010772,0.1217518,0.514607,0.02809199,-2.109704,0.05916037,-0.7664602,0.02997095,0.6388589,6.980604,259.4391,356.9742,0.3011481,0.008908627,-0.9535353,-0.5267012,0.01789941,-0.07625205,-1.610518,0.15774,-2.170808,0.3086997,0.4008,2.069001,-0.1767189,-0.05239372,0.9828659,-0.1289825,0.9912036,0.02964717,-0.9757736,-0.1215333,-0.1819223,static,9.656020583200446,10.520835907923932,8.486061060289764,10.963356527284281,-2.1251249999999997,0.12964800999999998,-0.06110400000000027,0.16499030007023463,0.18009068643193377,0.9697142166960324,9.453634489158537,9.826528989960384,1.2427254507897394,1.2508516234184048,1.492841314363584
05/05/2023 11:40:34.932769,2847,True,True,True,True,Eyes,0.5341156,0.02481048,-2.101319,-0.998533,0.05304407,-0.01087971,0.0,0.0,0.0,0.0,0.0,0.0,0.0,2.167718,0.08777015,0.09822178,0.5034744,0.02775604,-2.112368,0.05779327,-0.768345,0.0325761,0.6365883,7.102248,259.1151,357.2659,0.2957953,0.009156238,-0.955207,-0.4950991,0.01682544,-0.07167692,-1.62137,0.1546036,-2.187502,0.3086996,0.4008,2.069,-0.1828303,-0.04733521,0.9820043,-0.1302855,0.9911975,0.0235217,-0.9744735,-0.1236404,-0.1873881,static,9.919114938939813,10.666354036137143,8.486062393152974,10.963361697755134,-2.1248443999999997,0.12684756,-0.07513399999999981,0.16936753520445275,0.18241558287640783,0.9685243345850831,9.706181665125088,9.966371140211702,1.447693406963509,1.4635071404150817,1.5756526297596583
05/05/2023 11:40:34.943460,2848,True,True,True,True,Eyes,0.5316241,0.02503867,-2.101844,-0.9984387,0.05429294,-0.01312473,0.0,0.0,0.0,0.0,0.0,0.0,0.0,2.169499,0.07122206,0.07234073,0.4924118,0.02885531,-2.11512,0.05529881,-0.7706941,0.03430203,0.6338738,7.063985,258.7238,357.5889,0.290882,0.00938605,-0.9567125,-0.4653932,0.01581592,-0.06737631,-1.631582,0.1589316,-2.206927,0.3086997,0.4008,2.069,-0.1902918,-0.0417506,0.9808393,-0.1287232,0.9915308,0.01723219,-0.9732518,-0.1229777,-0.1940545,static,10.243344596036493,10.659907957739982,8.486065102098083,10.963361697755134,-2.1239938,0.13007629,-0.09180699999999975,0.17485495822863228,0.1821292323913004,0.9676024523638443,10.02242061718706,9.957949094679208,1.7624777988899734,1.7832878040702291,1.836094434164056
05/05/2023 11:40:34.963215,2849,True,True,True,True,Eyes,0.5287816,0.02532415,-2.102463,-0.9983071,0.05594052,-0.01592028,0.0,0.0,0.0,0.0,0.0,0.0,0.0,2.17099,0.05556689,0.04362893,0.4812388,0.03064076,-2.117938,0.05153457,-0.7735373,0.03374457,0.6307501,6.731471,258.2622,357.8557,0.286341,0.009603301,-0.9580793,-0.4374696,0.01486696,-0.06333373,-1.640979,0.1744077,-2.2285,0.3087004,0.4008,2.069001,-0.1989973,-0.03715904,0.9792954,-0.1222966,0.992411,0.0128055,-0.9723393,-0.1172162,-0.2020315,static,10.597470110595063,10.391935983559469,8.48608002289569,10.963356527284281,-2.1222178,0.14376694,-0.11056199999999983,0.18099088588490975,0.1774016711134772,0.9673524741873045,10.374851585611816,9.694868217847626,2.168641937933261,2.1873476038860233,2.275196828255213
05/05/2023 11:40:34.982818,2850,True,True,True,True,Eyes,0.5256133,0.02561237,-2.103188,-0.9981462,0.05783112,-0.01896317,0.0,0.0,0.0,0.0,0.0,0.0,0.0,2.172177,0.04490057,0.01385617,0.4700513,0.03223017,-2.120984,0.04744308,-0.7765111,0.0310672,0.6275464,6.188137,257.7795,358.0005,0.28212,0.009811913,-0.9593286,-0.4112214,0.01397494,-0.0595337,-1.649612,0.1967193,-2.250091,0.3087,0.4008,2.069,-0.2078695,-0.03468795,0.9775413,-0.1126724,0.993568,0.01129741,-0.9716456,-0.1077935,-0.2104407,static,10.934826909611163,9.947973701337299,8.48607322893318,10.963361697755134,-2.1196633,0.16448913,-0.12910699999999986,0.18694065832982576,0.16970841811865262,0.9676012194671,10.715679600362677,9.260662743464714,2.6382736430010976,2.65092575752385,2.8054105404487064
05/05/2023 11:40:34.993043,2851,True,True,True,True,Eyes,0.5221543,0.02589624,-2.104029,-0.9979688,0.05958734,-0.02253163,0.0,0.0,0.0,0.0,0.0,0.0,0.0,2.173077,0.03660186,-0.01657844,0.4590955,0.03250807,-2.124159,0.04409695,-0.7794909,0.02905551,0.6241837,5.759107,257.2785,358.1296,0.2781724,0.01001289,-0.9604786,-0.3865481,0.01313645,-0.05596168,-1.657977,0.2134314,-2.272387,0.3086997,0.4008,2.069001,-0.2169004,-0.03247438,0.9756535,-0.1050183,0.9944224,0.009752185,-0.9705285,-0.1003462,-0.2191011,static,11.255192650664965,9.611365264699408,8.486061060289764,10.963356527284281,-2.1170725,0.18092333,-0.14822800000000003,0.19254173523627044,0.1638402258715675,0.9675143987511156,11.03705087685636,8.931023545712762,3.071810266364948,3.0815532023510044,3.261583417944398
05/05/2023 11:40:35.013651,2852,True,True,True,True,Eyes,0.5184296,0.02618247,-2.104987,-0.9977805,0.06112835,-0.0264076,0.0,0.0,0.0,0.0,0.0,0.0,0.0,2.173952,0.02936902,-0.04877234,0.4486858,0.03268273,-2.127657,0.04322604,-0.7826014,0.0297756,0.6203064,5.752509,256.7133,358.2308,0.2744576,0.01020679,-0.9615446,-0.3633552,0.01234826,-0.05260398,-1.666698,0.2144125,-2.297441,0.3087003,0.4008,2.069001,-0.2267031,-0.03071753,0.9734794,-0.1045975,0.9944898,0.007021928,-0.9683311,-0.1002316,-0.2286668,static,11.61732015164709,9.690438090965097,8.4860773139521,10.963356527284281,-2.1153838,0.18172977,-0.16978399999999993,0.19861486989251037,0.16497144030583666,0.9660934323515151,11.387928353817944,9.005558730116244,3.364900015749272,3.3800892080147023,3.50053019872226
05/05/2023 11:40:35.033110,2853,True,True,True,True,Eyes,0.5144609,0.02649029,-2.106055,-0.9975839,0.06230005,-0.03074234,0.0,0.0,0.0,0.0,0.0,0.0,0.0,2.174505,0.0246665,-0.08342505,0.4386209,0.03293336,-2.13133,0.04407236,-0.7859795,0.03155849,0.6158718,5.963478,256.0713,358.248,0.27094,0.01039442,-0.9625397,-0.3415539,0.01160736,-0.04944775,-1.675344,0.2070334,-2.32508,0.3087,0.4008,2.069001,-0.2375194,-0.03040798,0.9709068,-0.1081519,0.9941234,0.004677197,-0.9653434,-0.1038945,-0.2394122,static,12.018201000516688,9.983824779786971,8.486069187121103,10.963356527284281,-2.1139649,0.17410004,-0.19374999999999964,0.2052029932977228,0.16968073627077163,0.9638984409771351,11.77080687667541,9.288360937152435,3.6381004029083557,3.665438253682132,3.687154989438293
05/05/2023 11:40:35.042911,2854,True,True,True,True,Eyes,0.5102572,0.02678229,-2.107249,-0.9973607,0.06342485,-0.03534105,0.0,0.0,0.0,0.0,0.0,0.0,0.0,2.174687,0.0233803,-0.1193292,0.4288962,0.0338157,-2.135171,0.04579158,-0.7895066,0.03285232,0.6111491,6.191116,255.386,358.1468,0.2675885,0.01057737,-0.9634749,-0.3210607,0.01091092,-0.04648088,-1.683369,0.1990132,-2.353678,0.3087001,0.4008,2.069,-0.2487998,-0.03215017,0.9680212,-0.1124608,0.9936477,0.004096708,-0.9620038,-0.1078452,-0.250835,static,12.428192227124498,10.317820929828361,8.486075937878136,10.963361697755134,-2.1122652,0.1651975,-0.21850699999999978,0.21189318334916557,0.1750411935504886,0.961489431417575,12.161471811998986,9.610615095473976,3.9512931602992825,3.9946218495618577,3.9164343734432454
05/05/2023 11:40:35.062929,2855,True,True,True,True,Eyes,0.5058544,0.02705113,-2.108577,-0.9971231,0.06419435,-0.04030764,0.0,0.0,0.0,0.0,0.0,0.0,0.0,2.174597,0.02401849,-0.1545365,0.4190949,0.03386152,-2.139286,0.04638044,-0.7929466,0.0324353,0.6066568,6.183494,254.7303,358.0286,0.264375,0.01075536,-0.9643596,-0.301797,0.01025627,-0.04369203,-1.690653,0.1986781,-2.381149,0.3087,0.4008,2.069001,-0.2596328,-0.03420023,0.9651017,-0.1129086,0.9935936,0.004835099,-0.9590843,-0.1077129,-0.2618309,static,12.782453151627523,10.399168005114502,8.486069187121103,10.963356527284281,-2.1097479,0.16481658,-0.24186300000000038,0.21778937796565917,0.17617199551550994,0.9599642242340682,12.50461950288216,9.687415255170862,4.281918728185951,4.333269419158706,4.2162510326338145
05/05/2023 11:40:35.082939,2856,True,True,True,True,Eyes,0.5012528,0.02732232,-2.110038,-0.9968601,0.06476528,-0.0455554,0.0,0.0,0.0,0.0,0.0,0.0,0.0,2.174344,0.02231679,-0.189821,0.4099416,0.03358187,-2.143624,0.04740022,-0.796412,0.03341726,0.6019672,6.332296,254.0551,357.9665,0.2612761,0.01092775,-0.9652019,-0.2836892,0.009640891,-0.04107051,-1.697294,0.192599,-2.410032,0.3086999,0.4008,2.069,-0.2707773,-0.03526801,0.9619957,-0.1157324,0.993273,0.003838938,-0.9556597,-0.1102946,-0.2730376,static,13.150832609667887,10.614299895859734,8.486070519988186,10.963361697755134,-2.1072356,0.15901713,-0.2664080000000002,0.22381901918418162,0.17952372001337058,0.9579541615018126,12.85792427431031,9.894292307284843,4.612824168297375,4.677803917957164,4.500668240475072
05/05/2023 11:40:35.093199,2857,True,True,True,True,Eyes,0.4964666,0.02758563,-2.111637,-0.9965619,0.06524622,-0.05106122,0.0,0.0,0.0,0.0,0.0,0.0,0.0,2.173648,0.02031721,-0.2263541,0.4006038,0.03395402,-2.148199,0.0490447,-0.7999554,0.03488608,0.5970336,6.567708,253.3486,357.8765,0.2582701,0.01109519,-0.9660087,-0.2666678,0.009062437,-0.03860627,-1.703915,0.1838402,-2.440149,0.3087007,0.4008001,2.069001,-0.2822914,-0.03681082,0.9586223,-0.1201235,0.9927552,0.002748032,-0.9517784,-0.1143773,-0.2846681,static,13.5315278931059,10.918971890628844,8.486088149726228,10.963359196372178,-2.1045188,0.14988618,-0.29194999999999993,0.22997039188787655,0.1843436533827121,0.955578868673977,13.220821350267268,10.188208798868562,4.96211704429555,5.04563498848126,4.797765794518904
05/05/2023 11:40:35.113728,2858,True,True,True,True,Eyes,0.4915175,0.02783136,-2.113372,-0.9962263,0.06562947,-0.05679696,0.0,0.0,0.0,0.0,0.0,0.0,0.0,2.172686,0.01917885,-0.2623692,0.391443,0.03401759,-2.152994,0.04963004,-0.8034773,0.03499087,0.5922304,6.604408,252.6591,357.7899,0.2553384,0.01125774,-0.966786,-0.2506678,0.008518691,-0.0362899,-1.709623,0.1820729,-2.469696,0.3087003,0.4008,2.069,-0.2936001,-0.03830789,0.9551605,-0.1211985,0.992625,0.00255609,-0.9482142,-0.1150136,-0.2960776,static,13.88078254540944,11.018595483234982,8.486081355767933,10.963361697755134,-2.101066,0.14805531,-0.3167019999999998,0.2357278139678134,0.18574142746080283,0.9539038120566412,13.558596220981583,10.282824920965867,5.301409479547731,5.394983938491191,5.117962227525344
05/05/2023 11:40:35.132785,2859,True,True,True,True,Eyes,0.4864133,0.02805256,-2.115252,-0.9958604,0.06590538,-0.06259863,0.0,0.0,0.0,0.0,0.0,0.0,0.0,2.171494,0.01780954,-0.2971482,0.3826185,0.03386589,-2.157882,0.0505522,-0.8068143,0.03560996,0.5875604,6.711274,251.9933,357.7075,0.2524655,0.01141501,-0.9675384,-0.2356277,0.008007569,-0.0341125,-1.715006,0.1775412,-2.498515,0.3087003,0.4008001,2.069001,-0.3044347,-0.03972647,0.9517046,-0.1234185,0.9923528,0.00194369,-0.9445039,-0.1168662,-0.3070096,static,14.203384973795622,11.180563759929237,8.4860773139521,10.963359196372178,-2.0976245000000002,0.14367531,-0.34063299999999996,0.2409807741894751,0.18818727775282124,0.9521102136002979,13.86870960833554,10.438278181845082,5.615082664373209,5.721432049735051,5.408182734371716
05/05/2023 11:40:35.143287,2860,True,True,True,True,Eyes,0.4811656,0.02822906,-2.117274,-0.9954498,0.0661107,-0.06862254,0.0,0.0,0.0,0.0,0.0,0.0,0.0,2.170181,0.01336264,-0.3309479,0.3737925,0.03344418,-2.162996,0.05061394,-0.8100328,0.03642642,0.5830594,6.778714,251.3574,357.7191,0.2496372,0.01156633,-0.9682701,-0.22149,0.007527115,-0.03206575,-1.720063,0.1747125,-2.52702,0.3086999,0.4008,2.069001,-0.3149601,-0.03952036,0.9482819,-0.1244754,0.9922227,8.662493e-06,-0.9409071,-0.1180351,-0.3174299,static,14.49985278751862,11.274224616226252,8.486066478177362,10.963356527284281,-2.0938555,0.14126832,-0.3640239999999997,0.2458406133779416,0.1895049823672614,0.9506051948324934,14.15518758424128,10.527442708687564,5.906000478667745,6.021815734738384,5.685855693953458
05/05/2023 11:40:35.163161,2861,True,True,True,True,Eyes,0.4757924,0.02837737,-2.119421,-0.9950057,0.06617519,-0.07472959,0.0,0.0,0.0,0.0,0.0,0.0,0.0,2.16867,0.00332756,-0.3642995,0.3651312,0.03254881,-2.168288,0.04980208,-0.8132243,0.0383059,0.578549,6.887971,250.7307,357.8828,0.2468415,0.01171015,-0.9689848,-0.2082006,0.007075489,-0.03014181,-1.724606,0.1707303,-2.556366,0.3087001,0.4008,2.069001,-0.3256019,-0.03667684,0.9447954,-0.1253242,0.9921048,-0.004676676,-0.9371646,-0.1199284,-0.3276277,static,14.811259708429375,11.361833822882515,8.486071896064805,10.963356527284281,-2.0897372,0.13818149000000002,-0.38807800000000015,0.25094439571832505,0.1907004721820889,0.9490312168694387,14.456391596245876,10.610620007781147,6.2122924492825025,6.337727117570823,5.98073075589943
05/05/2023 11:40:35.172519,2862,True,True,True,True,Eyes,0.4702941,0.028492,-2.121703,-0.9945096,0.06621278,-0.0810344,0.0,0.0,0.0,0.0,0.0,0.0,0.0,2.16664,-0.009011332,-0.3974428,0.3568641,0.03203874,-2.173475,0.04937388,-0.8163949,0.04115096,0.5739061,7.115089,250.0927,358.0721,0.2440683,0.01184588,-0.9696854,-0.1957086,0.006650959,-0.0283333,-1.728608,0.1629495,-2.586231,0.3087001,0.4008,2.069001,-0.3363882,-0.03338359,0.9411315,-0.1278507,0.9917376,-0.01051894,-0.9330044,-0.1238628,-0.3378769,static,15.129896470796485,11.557228817886271,8.486071896064805,10.963356527284281,-2.0854721,0.13091076,-0.41275600000000034,0.25606667669708544,0.1936668873902545,0.9470602116680488,14.761738219144,10.798623237329355,6.5293506302336555,6.670314031389634,6.277828036466889
05/05/2023 11:40:35.184646,2863,True,True,True,True,Eyes,0.4646949,0.02856304,-2.124123,-0.9939753,0.06622344,-0.08733487,0.0,0.0,0.0,0.0,0.0,0.0,0.0,2.16434,-0.01721534,-0.4304769,0.3483913,0.0313414,-2.178902,0.04859441,-0.8195143,0.04235804,0.5694213,7.167325,249.4717,358.1859,0.241309,0.01197268,-0.9703742,-0.1839661,0.006251901,-0.0266333,-1.732398,0.1609706,-2.615035,0.3087002,0.4008,2.069001,-0.3467958,-0.03140848,0.9374146,-0.1278868,0.9916887,-0.01408464,-0.9291812,-0.1247674,-0.3479303,static,15.415004557910544,11.593817083576635,8.486074605008472,10.963356527284281,-2.0807893,0.1296292,-0.4361330000000003,0.2607575827471448,0.19401942092126356,0.945707020106483,15.038680809272082,10.832332363678072,6.809631155784407,6.957553507179371,6.5539160354403885
05/05/2023 11:40:35.213317,2864,True,True,True,True,Eyes,0.458997,0.02858543,-2.12668,-0.9933931,0.06613707,-0.09378779,0.0,0.0,0.0,0.0,0.0,0.0,0.0,2.161978,-0.02332624,-0.4624078,0.3403834,0.0303871,-2.184428,0.04866407,-0.8224596,0.04381374,0.565042,7.299997,248.8667,358.2359,0.2385563,0.01208937,-0.9710531,-0.1729281,0.005876787,-0.0250353,-1.735871,0.1554271,-2.642943,0.3086998,0.4008,2.069001,-0.3567188,-0.03053525,0.9337127,-0.1295617,0.9914243,-0.01707558,-0.9251841,-0.1270646,-0.3576159,static,15.66438131665759,11.719840528681601,8.486063769233581,10.963356527284281,-2.0762544,0.12504,-0.4585149999999998,0.26477158737184425,0.19587703756768066,0.9442077660044865,15.27838125666703,10.95329746180135,7.058880471690866,7.218068360442809,6.792324935903216
05/05/2023 11:40:35.232742,2865,True,True,True,True,Eyes,0.4532039,0.02854888,-2.129367,-0.9927728,0.06616819,-0.1001204,0.0,0.0,0.0,0.0,0.0,0.0,0.0,2.159599,-0.0291729,-0.4934518,0.3323393,0.02926017,-2.190185,0.04885139,-0.8252412,0.04533499,0.5608343,7.447616,248.2881,358.2791,0.2358043,0.01219464,-0.9717237,-0.1625524,0.00552418,-0.02353318,-1.73939,0.1491242,-2.670047,0.3087001,0.4007999,2.069,-0.3661567,-0.02977753,0.9300765,-0.1314792,0.9911166,-0.02002953,-0.9212179,-0.1296197,-0.3668191,static,15.893403712885913,11.868263152206795,8.486075937878136,10.963359028665995,-2.0717293,0.11986403000000001,-0.4798619999999998,0.26842052043382575,0.19811473866143403,0.9427094625700021,15.497636155770643,11.096191586750491,7.290773770436254,7.462396145957598,7.0128183476844805
05/05/2023 11:40:35.242873,2866,True,True,True,True,Eyes,0.4473388,0.02844341,-2.132191,-0.992106,0.06615929,-0.1065307,0.0,0.0,0.0,0.0,0.0,0.0,0.0,2.157628,-0.03154603,-0.5217285,0.3243536,0.02780253,-2.196036,0.04830315,-0.8276915,0.04525263,0.5572665,7.397128,247.7927,358.2939,0.2330476,0.01228687,-0.9723874,-0.1527993,0.00519273,-0.02212119,-1.743024,0.1496012,-2.693849,0.3086998,0.4008001,2.069001,-0.374242,-0.02952467,0.926861,-0.1303958,0.9912381,-0.02107499,-0.9181177,-0.1287459,-0.3748129,static,16.022484940301776,11.819709041883012,8.486063769233581,10.963359196372178,-2.0673776,0.12179867,-0.4978130000000003,0.2705950620219983,0.19719113225217985,0.9422813415865822,15.624775670808067,11.04809320627023,7.4136906632611765,7.584917872042606,7.139214765372632
05/05/2023 11:40:35.262790,2867,True,True,True,True,Eyes,0.4413981,0.02828896,-2.135136,-0.9914125,0.06617189,-0.1127945,0.0,0.0,0.0,0.0,0.0,0.0,0.0,2.155815,-0.03435296,-0.5490313,0.3167785,0.0260513,-2.202073,0.04831948,-0.8299972,0.04593239,0.5537691,7.455907,247.3115,358.3045,0.2302825,0.0123641,-0.9730451,-0.1436313,0.004881166,-0.02079392,-1.746438,0.1457518,-2.71735,0.3087,0.4008001,2.069001,-0.3820102,-0.02933818,0.9236924,-0.1310819,0.9911109,-0.02273184,-0.9148147,-0.1297632,-0.3824602,static,16.14759772236545,11.882308818875174,8.486069187121103,10.963359196372178,-2.0632165,0.11970049999999999,-0.5152770000000002,0.27260080903947603,0.19810396725224505,0.9415113809628735,15.745050713549123,11.108172124383263,7.5393605577639144,7.71644269758169,7.260425854255549
05/05/2023 11:40:35.282714,2868,True,True,True,True,Eyes,0.4353916,0.02809068,-2.138229,-0.9906769,0.06620306,-0.1190651,0.0,0.0,0.0,0.0,0.0,0.0,0.0,2.154286,-0.03597397,-0.5751007,0.3092494,0.02473268,-2.208333,0.04847202,-0.8321239,0.04626181,0.5505274,7.490478,246.8642,358.2815,0.2275058,0.01242552,-0.9736972,-0.1350134,0.004588296,-0.01954629,-1.749994,0.1430374,-2.739579,0.3086998,0.4008001,2.069001,-0.3891404,-0.02973266,0.9206986,-0.1316062,0.9910207,-0.02362077,-0.9117291,-0.1303615,-0.3895592,static,16.230342310385094,11.929400918732906,8.486063769233581,10.963359196372178,-2.0592434,0.11830472,-0.5312459999999999,0.2739208190585506,0.19880022946508674,0.9409813584954301,15.824442420478839,11.15344327939998,7.6229767539282856,7.804299246715331,7.340840087324658
05/05/2023 11:40:35.299329,2869,True,True,True,True,Eyes,0.4293216,0.02784893,-2.141441,-0.9899208,0.06631336,-0.1251371,0.0,0.0,0.0,0.0,0.0,0.0,0.0,2.153306,-0.03470804,-0.599462,0.3016832,0.02348575,-2.214887,0.04868172,-0.8340005,0.04579123,0.547701,7.452596,246.4702,358.206,0.2247145,0.01247065,-0.9743446,-0.1269126,0.004312999,-0.01837351,-1.753942,0.1427612,-2.759753,0.3087002,0.4008,2.069,-0.3953075,-0.03104134,0.9180243,-0.131361,0.9910665,-0.02305378,-0.9091075,-0.1297059,-0.3958535,static,16.25810491817902,11.921481864888992,8.486078646823053,10.963361697755134,-2.0556251999999997,0.11927545,-0.5448659999999999,0.27438565927146386,0.1986427848673306,0.9408791100826159,15.851719380377236,11.145554058363961,7.649488004391849,7.830861167031116,7.367893693048022
05/05/2023 11:40:35.313149,2870,True,True,True,True,Eyes,0.423211,0.02754588,-2.144805,-0.9891369,0.06646112,-0.1311149,0.0,0.0,0.0,0.0,0.0,0.0,0.0,2.153044,-0.0314634,-0.6213114,0.2943886,0.02223037,-2.221589,0.04918605,-0.8355528,0.04505758,0.5453459,7.408505,246.1394,358.09,0.2219065,0.01249905,-0.9749875,-0.1192979,0.004054219,-0.0172711,-1.758215,0.1424781,-2.777519,0.3087002,0.4008,2.069001,-0.4003575,-0.03305114,0.915763,-0.131339,0.9911011,-0.02164918,-0.9068982,-0.1289428,-0.4011356,static,16.21879340717782,11.917813581396935,8.486074605008472,10.963356527284281,-2.0526036000000003,0.12024773,-0.55593,0.27374131461723417,0.19862047173825503,0.941071519754676,15.813496647142937,11.142245568609013,7.610963188379674,7.791400922912949,7.3296053831474515
05/05/2023 11:40:35.332929,2871,True,True,True,True,Eyes,0.4170707,0.02718261,-2.148315,-0.988349,0.06666215,-0.1368299,0.0,0.0,0.0,0.0,0.0,0.0,0.0,2.15387,-0.02698781,-0.639993,0.2873148,0.02045873,-2.228566,0.04953827,-0.8367079,0.04406219,0.5436218,7.33061,245.8953,357.9782,0.219081,0.01250953,-0.9756262,-0.11214,0.003810965,-0.01623483,-1.762988,0.1429402,-2.792444,0.3087001,0.4008001,2.069002,-0.404043,-0.03499178,0.9140707,-0.1308044,0.991209,-0.01987421,-0.9053397,-0.1275945,-0.4050681,static,16.106712158346113,11.878226605898984,8.486067854255301,10.963354025904945,-2.0503028,0.12248146999999998,-0.5638780000000003,0.27193045349573197,0.19807592251406086,0.9417110846535901,15.705304720364007,11.104471326012172,7.499264240882021,7.6753639292933,7.220615972434249
05/05/2023 11:40:35.343888,2872,True,True,True,True,Eyes,0.4109033,0.02680436,-2.151981,-0.9875544,0.06675862,-0.1424068,0.0,0.0,0.0,0.0,0.0,0.0,0.0,2.15558,-0.02520172,-0.6558721,0.2805186,0.01866084,-2.235685,0.05014874,-0.8375058,0.04414414,0.542329,7.373455,245.7159,357.9128,0.2162374,0.01250107,-0.9762605,-0.1054116,0.003582308,-0.01526074,-1.768231,0.1392055,-2.805594,0.3087003,0.4008001,2.069002,-0.4067293,-0.03611844,0.9128347,-0.131881,0.9910728,-0.01954772,-0.9039797,-0.1283362,-0.4078616,static,15.948171556255831,11.936333734003677,8.48607327214009,10.963354025904945,-2.0487496000000003,0.12054466000000001,-0.569909,0.26926184428203587,0.19918601610067604,0.9422436485292338,15.549190164332146,11.16206000073425,7.3487605046047655,7.525264135841013,7.065911427211753
05/05/2023 11:40:35.363046,2873,True,True,True,True,Eyes,0.4047058,0.02642225,-2.155811,-0.9867427,0.06708014,-0.1477807,0.0,0.0,0.0,0.0,0.0,0.0,0.0,2.157972,-0.02655908,-0.670054,0.2737105,0.01794773,-2.243051,0.05096874,-0.8380718,0.04502299,0.5413048,7.506824,245.5771,357.8792,0.2133756,0.01247481,-0.9768903,-0.0990869,0.003367369,-0.0143451,-1.773975,0.1334116,-2.817814,0.3086997,0.4008,2.069001,-0.4087828,-0.03668861,0.911894,-0.1341733,0.9907502,-0.02028576,-0.902715,-0.1306443,-0.4099243,static,15.767552513727086,12.087449012567943,8.486061060289764,10.963356527284281,-2.0476855,0.11546387,-0.5747629999999999,0.2661419019530687,0.20185196539817504,0.9425626284591899,15.3690462561325,11.310290553351438,7.18600529696055,7.367747396725268,6.89172318253087
05/05/2023 11:40:35.383163,2874,True,True,True,True,Eyes,0.3984862,0.02602839,-2.159809,-0.9859087,0.06760786,-0.1530136,0.0,0.0,0.0,0.0,0.0,0.0,0.0,2.16089,-0.02386065,-0.6838677,0.2668074,0.01741076,-2.250822,0.05016158,-0.838674,0.04333898,0.5405844,7.292091,245.472,357.846,0.2104954,0.01243232,-0.9775156,0.0,0.0,0.0,-1.779485,0.1405659,-2.828941,0.3087,0.4008,2.069,-0.4105047,-0.03728167,0.911096,-0.1309952,0.9912111,-0.01846143,-0.9024002,-0.1269277,-0.4117805,static,15.554330439069712,11.901883208683532,8.48607322893318,10.963361697755134,-2.0462924,0.12315514,-0.578119,0.2627894942730764,0.19898779234456043,0.9441109518758737,15.166194938487296,11.131151919754656,6.963051218897514,7.130293304985596,6.682228641183633
05/05/2023 11:40:35.392989,2875,True,True,True,True,Eyes,0.3922404,0.02562668,-2.163997,-0.9850421,0.06843504,-0.1581412,0.0,0.0,0.0,0.0,0.0,0.0,0.0,2.163772,-0.02121161,-0.6984332,0.2600628,0.01668704,-2.258817,0.04856751,-0.8394195,0.04109142,0.539748,6.973732,245.3513,357.8534,0.2075964,0.01237461,-0.9781361,0.0,0.0,0.0,-1.78434,0.1515593,-2.840991,0.3087002,0.4008,2.069001,-0.412627,-0.037179,0.9101412,-0.125895,0.9919054,-0.01655745,-0.9021584,-0.1214143,-0.4139676,static,15.369437819332607,11.621063119391398,8.486074605008472,10.963356527284281,-2.0444028,0.13487226000000002,-0.5821739999999997,0.2599795819597762,0.19451138793871364,0.945820209942581,14.99352712089561,10.859144501037592,6.766142251116212,6.914713811981797,6.5082869015540705
05/05/2023 11:40:35.413336,2876,True,True,True,True,Eyes,0.3859709,0.02519006,-2.168356,-0.9841501,0.06952695,-0.1631395,0.0,0.0,0.0,0.0,0.0,0.0,0.0,2.166678,-0.01550653,-0.7139993,0.2530608,0.01598927,-2.267208,0.04682816,-0.8402445,0.03787267,0.5388526,6.552384,245.2194,357.8149,0.2046787,0.0123028,-0.9787517,0.0,0.0,0.0,-1.789131,0.1660918,-2.853403,0.3087002,0.4008,2.069,-0.4148902,-0.03787864,0.9090827,-0.1195098,0.9927456,-0.01317765,-0.9019887,-0.1141115,-0.4164071,static,15.19388066434273,11.266310414675472,8.486078646823053,10.963361697755134,-2.0421918,0.15010253,-0.586195,0.2573732364058544,0.18878791136594056,0.9476909065041322,14.831952414124842,10.515139904043668,6.587541206228962,6.71463966503972,6.361683475848741
05/05/2023 11:40:35.432684,2877,True,True,True,True,Eyes,0.3796926,0.02471129,-2.1729,-0.9832225,0.07071996,-0.1681436,0.0,0.0,0.0,0.0,0.0,0.0,0.0,2.169498,-0.008291915,-0.7298689,0.2462286,0.01465501,-2.275666,0.04508444,-0.8411053,0.03445631,0.5378868,6.111486,245.0785,357.7651,0.2017422,0.01221666,-0.9793622,0.0,0.0,0.0,-1.793526,0.1806315,-2.866048,0.3087,0.4008,2.069001,-0.4172907,-0.03877433,0.9079456,-0.1129087,0.9935603,-0.009462124,-0.9017318,-0.1064634,-0.4189814,static,15.025788497456537,10.90119901935569,8.486069187121103,10.963356527284281,-2.0397545999999998,0.16597649,-0.590382,0.254882020153631,0.18286990586570956,0.9495229437989806,14.677933919316972,10.161006960512568,6.433496964145077,6.540014695225543,6.243633052086723
05/05/2023 11:40:35.442678,2878,True,True,True,True,Eyes,0.3734027,0.02420758,-2.177613,-0.9822887,0.07185755,-0.1730468,0.0,0.0,0.0,0.0,0.0,0.0,0.0,2.17251,-0.004627619,-0.7454548,0.2396064,0.01310876,-2.284281,0.04462112,-0.8418592,0.03316837,0.5368259,5.955369,244.9302,357.7229,0.1987881,0.01211569,-0.9799674,0.0,0.0,0.0,-1.798295,0.1845651,-2.879477,0.3087,0.4008,2.069001,-0.4196538,-0.03951812,0.9068236,-0.1107407,0.9938176,-0.007938635,-0.9009036,-0.1037537,-0.4214355,static,14.875873701143409,10.81535919307202,8.486069187121103,10.963356527284281,-2.0379014,0.17145634,-0.5951960000000001,0.2524586996619412,0.18156636147217442,0.9504199355951507,14.53410779789281,10.078480313711234,6.291340063175343,6.391518202927514,6.112428073256383
05/05/2023 11:40:35.463161,2879,True,True,True,True,Eyes,0.3670974,0.02379746,-2.182456,-0.981326,0.07249247,-0.178169,0.0,0.0,0.0,0.0,0.0,0.0,0.0,2.175553,-0.003526174,-0.7611377,0.2330433,0.01201234,-2.293015,0.04489965,-0.8425825,0.03306803,0.5356728,5.959654,244.7717,357.6815,0.1958168,0.01200021,-0.9805669,0.0,0.0,0.0,-1.803314,0.1830785,-2.893586,0.3086999,0.4008,2.069001,-0.4220774,-0.04023601,0.9056666,-0.1110906,0.993781,-0.007622043,-0.8997276,-0.1038281,-0.4239224,static,14.725109112205413,10.85907458616375,8.486066478177362,10.963356527284281,-2.0363573,0.17106616,-0.600571,0.24991702887947365,0.18241574634669544,0.9509290421501152,14.385961350516371,10.122014490646341,6.140069844472276,6.239914078932782,5.959581858424818
05/05/2023 11:40:35.478641,2880,True,True,True,True,Eyes,0.3607662,0.02361582,-2.187455,-0.9803524,0.07314696,-0.1831905,0.0,0.0,0.0,0.0,0.0,0.0,0.0,2.178285,-0.01195534,-0.7771933,0.2266899,0.01395142,-2.301633,0.04702333,-0.8433025,0.03618477,0.5341538,6.388232,244.5701,357.6555,0.1928294,0.01187591,-0.9811602,0.0,0.0,0.0,-1.808704,0.1691728,-2.909726,0.3087004,0.4008,2.069,-0.4249371,-0.04065334,0.9043095,-0.1179663,0.9929589,-0.01079404,-0.8975034,-0.1112648,-0.4267407,static,14.629451362851718,11.325975077692409,8.486084064712776,10.963361697755134,-2.0353939,0.15522138000000002,-0.6080930000000002,0.24795341578395996,0.19025779606885945,0.9499058584245802,14.280127887334054,10.576935666321468,6.03351220379571,6.15405965385066,5.806915609531911
05/05/2023 11:40:35.494297,2881,True,True,True,True,Eyes,0.3543938,0.02347867,-2.192627,-0.9793209,0.07434431,-0.1881582,0.0,0.0,0.0,0.0,0.0,0.0,0.0,2.180822,-0.01256479,-0.7938328,0.2197445,0.01925826,-2.310336,0.04759229,-0.8441654,0.03498459,0.5328188,6.302732,244.3817,357.5164,0.1898259,0.01175395,-0.9817472,0.0,0.0,0.0,-1.813757,0.1768273,-2.924131,0.3086999,0.4008,2.069001,-0.4276785,-0.04307063,0.9029044,-0.1176324,0.9930221,-0.008349433,-0.8962444,-0.1097817,-0.4297608,static,14.497175857256984,11.339725025824208,8.486066478177362,10.963356527284281,-2.0335015,0.15756904,-0.6137950000000001,0.24574331210846456,0.19059644220732222,0.9504121372358936,14.15081261413217,10.59119132773723,5.903920632769457,6.022880474818689,5.676958315909041
05/05/2023 11:40:35.512856,2882,True,True,True,True,Eyes,0.3480555,0.02339755,-2.197926,-0.978305,0.07512601,-0.1930684,0.0,0.0,0.0,0.0,0.0,0.0,0.0,2.185031,0.002572672,-0.8068905,0.2123125,0.02004,-2.319475,0.0433672,-0.8447138,0.02714489,0.5327673,5.282621,244.3621,357.4477,0.186806,0.01163607,-0.9823277,0.0,0.0,0.0,-1.818318,0.2145635,-2.932172,0.3086998,0.4008,2.069,-0.4285564,-0.04434192,0.9024261,-0.1021895,0.9947649,0.0003499239,-0.8977173,-0.09206856,-0.4308441,static,14.209611098351427,10.368225519378852,8.486067811043153,10.963361697755134,-2.0306305,0.1945235,-0.6126969999999998,0.2416978048161107,0.17463772247099918,0.9545071160129168,13.896674094295951,9.647844577239784,5.6834290981968785,5.7544013444062045,5.568235415887484
05/05/2023 11:40:35.526607,2883,True,True,True,True,Eyes,0.3416769,0.02347168,-2.203348,-0.9772633,0.07560956,-0.1980894,0.0,0.0,0.0,0.0,0.0,0.0,0.0,2.188178,-0.01297482,-0.820642,0.2068,0.02137015,-2.327772,0.04488992,-0.8452853,0.03189349,0.5314701,5.833242,244.1957,357.581,0.1837731,0.01152432,-0.9829009,0.0,0.0,0.0,-1.823316,0.1964979,-2.94798,0.3086997,0.4008,2.069,-0.4310487,-0.0419887,0.901351,-0.1097904,0.9939354,-0.0062029,-0.8956243,-0.1016335,-0.4330445,static,14.103303274055872,10.904991338168447,8.486065102098083,10.963361697755134,-2.030116,0.17512775,-0.6202079999999999,0.2395253812836633,0.18367392476593128,0.9533578837795587,13.778575639946684,10.17081424162763,5.525447255468835,5.617541435483851,5.351523078848924
05/05/2023 11:40:35.542991,2884,True,True,True,True,Eyes,0.3353068,0.02362722,-2.208895,-0.9762043,0.07631017,-0.2029826,0.0,0.0,0.0,0.0,0.0,0.0,0.0,2.191361,-0.02000698,-0.8358824,0.1997708,0.02524738,-2.336796,0.04576639,-0.8458989,0.03309526,0.5303445,6.000342,244.0443,357.5609,0.1807265,0.01142501,-0.9834668,0.0,0.0,0.0,-1.829199,0.1941434,-2.962461,0.3087001,0.4008,2.069001,-0.4332804,-0.0423237,0.900265,-0.1125313,0.9936203,-0.007446576,-0.8942063,-0.1045344,-0.4352789,static,13.961327811704235,11.109105559661407,8.486071896064805,10.963356527284281,-2.0289698,0.16889601999999998,-0.6256649999999997,0.2370023101179624,0.187188344630554,0.9533050099102076,13.634673732609814,10.370355668184112,5.378195465169221,5.477195461381987,5.182639374890768
05/05/2023 11:40:35.562727,2885,True,True,True,True,Eyes,0.328944,0.02382582,-2.214547,-0.9751241,0.07666589,-0.2079795,0.0,0.0,0.0,0.0,0.0,0.0,0.0,2.194289,-0.0168087,-0.8506753,0.1936118,0.02730965,-2.345336,0.04440283,-0.8466679,0.03039373,0.5293943,5.651649,243.9106,357.523,0.1776686,0.01134046,-0.9840248,0.0,0.0,0.0,-1.833028,0.2087569,-2.975026,0.3087003,0.4008,2.069001,-0.4355405,-0.04300835,0.8991413,-0.1073694,0.9942092,-0.004453596,-0.893743,-0.09847999,-0.4376362,static,13.790953025031476,10.781161042800987,8.4860773139521,10.963356527284281,-2.0266398,0.18144725,-0.6296900000000001,0.23440559347487944,0.18184668726038367,0.9549795503520826,13.477428329276181,10.052400649215544,5.226253216401116,5.30800353283285,5.073797943352171
05/05/2023 11:40:35.583134,2886,True,True,True,True,Eyes,0.3225699,0.02404898,-2.220318,-0.9740326,0.07716922,-0.2128505,0.0,0.0,0.0,0.0,0.0,0.0,0.0,2.197299,-0.02480424,-0.8647285,0.1876026,0.02862346,-2.353822,0.0453396,-0.8472376,0.03259066,0.5282712,5.919282,243.7626,357.5573,0.1746009,0.01127105,-0.9845746,0.0,0.0,0.0,-1.838059,0.200467,-2.989325,0.3086997,0.4008,2.069,-0.4377474,-0.04239341,0.898098,-0.1112602,0.9937643,-0.007320851,-0.8921874,-0.1031273,-0.4397346,static,13.656236849845373,11.060738386061752,8.486065102098083,10.963361697755134,-2.0256616000000003,0.17184354000000002,-0.6355029999999999,0.23194841234181424,0.18661738662175936,0.9546590044361364,13.338568937430129,10.325318365353684,5.079329548228192,5.171088678472825,4.894271423402483
05/05/2023 11:40:35.592676,2887,True,True,True,True,Eyes,0.3162217,0.02420955,-2.226194,-0.9729582,0.0776209,-0.2175485,0.0,0.0,0.0,0.0,0.0,0.0,0.0,2.200396,-0.02820376,-0.8786597,0.1809653,0.02938503,-2.362407,0.04338437,-0.8478548,0.03156748,0.5275071,5.698885,243.6616,357.681,0.1715245,0.01121625,-0.9851158,0.0,0.0,0.0,-1.842658,0.2099956,-3.001961,0.3087003,0.4008,2.069001,-0.4397084,-0.04026315,0.8972378,-0.1068714,0.9942425,-0.007758163,-0.8917598,-0.09930041,-0.4414798,static,13.499387445348255,10.827767578305476,8.4860773139521,10.963356527284281,-2.0236232999999997,0.18061057,-0.639554,0.2294997437307803,0.18284319258501042,0.9559802547485625,13.191948484253304,10.099681576921066,4.936024432287249,5.015143351554819,4.784470492265255
05/05/2023 11:40:35.613644,2888,True,True,True,True,Eyes,0.3098987,0.02432523,-2.232161,-0.9718874,0.07769659,-0.222257,0.0,0.0,0.0,0.0,0.0,0.0,0.0,2.203313,-0.0383096,-0.8917606,0.1751583,0.02803307,-2.370617,0.04136996,-0.8484548,0.03283386,0.5266261,5.698235,243.5527,357.9486,0.1684417,0.01117173,-0.9856481,0.0,0.0,0.0,-1.84657,0.2101723,-3.015707,0.3087001,0.4008001,2.069001,-0.4419073,-0.03561875,0.8963535,-0.1047834,0.9944209,-0.01214309,-0.8909202,-0.09928908,-0.443174,static,13.376618694987865,10.759969191164794,8.486071896064805,10.963359196372178,-2.0217283,0.18213923,-0.6450899999999997,0.22749559242332168,0.18179967150790172,0.9566580827510787,13.07409856735405,10.034528948665699,4.820424618154057,4.894774303956705,4.681101832423211
05/05/2023 11:40:35.633369,2889,True,True,True,True,Eyes,0.303598,0.02448567,-2.238222,-0.9708234,0.07770461,-0.2268565,0.0,0.0,0.0,0.0,0.0,0.0,0.0,2.204795,-0.06503179,-0.9068358,0.1694537,0.02709549,-2.378709,0.04065619,-0.8492528,0.03918542,0.5249583,6.271637,243.3557,358.3908,0.1653552,0.01113439,-0.9861709,0.0,0.0,0.0,-1.850469,0.1907005,-3.034333,0.3086998,0.4008,2.069,-0.4455315,-0.02791334,0.8948309,-0.1101962,0.9936231,-0.02387103,-0.8884583,-0.1092422,-0.4457664,static,13.38928124348747,11.227483111132205,8.486067811043153,10.963361697755134,-2.0199227,0.16360501,-0.655624,0.2273653878731176,0.18960544563928927,0.9551726060646293,13.073841247812242,10.489328659913948,4.815619773055837,4.9103219940352885,4.612198220814994
05/05/2023 11:40:35.643610,2890,True,True,True,True,Eyes,0.2973071,0.02470431,-2.244362,-0.9697129,0.07781802,-0.2315197,0.0,0.0,0.0,0.0,0.0,0.0,0.0,2.204573,-0.08803829,-0.9255657,0.1636378,0.02834778,-2.386835,0.0388512,-0.8505418,0.04310381,0.5226961,6.542371,243.0759,358.7871,0.1622673,0.01110543,-0.9866841,0.0,0.0,0.0,-1.85272,0.1842193,-3.055195,0.3086999,0.4008,2.069001,-0.4505588,-0.02102876,0.8924991,-0.1111495,0.9932653,-0.03270845,-0.8858006,-0.1139379,-0.4498619,static,13.474340017051416,11.413709917861905,8.486066478177362,10.963356527284281,-2.0163577999999998,0.15587152,-0.6683599999999998,0.22864504189192125,0.1926497254324481,0.9542576445909483,13.151738736464463,10.669960347392507,4.903913539697304,5.008561777100872,4.67488812059978
05/05/2023 11:40:35.662711,2891,True,True,True,True,Eyes,0.2910381,0.0249318,-2.250586,-0.9685776,0.07823535,-0.2360862,0.0,0.0,0.0,0.0,0.0,0.0,0.0,2.203045,-0.09856904,-0.9474959,0.1576017,0.02991406,-2.394815,0.03651712,-0.8522052,0.04329704,0.5201328,6.418134,242.739,359.0083,0.1591787,0.0110865,-0.9871873,0.0,0.0,0.0,-1.85391,0.1915529,-3.076278,0.3087,0.4008001,2.069001,-0.4562568,-0.01719975,0.8896819,-0.1072806,0.9935837,-0.03580841,-0.8833576,-0.1117834,-0.4551745,static,13.5806908072276,11.26568975406318,8.486069187121103,10.963359196372178,-2.0115117,0.16163884,-0.6814629999999999,0.23053278268488292,0.19009681609798224,0.9543153921313419,13.259401122564455,10.525233798905639,5.003868317356825,5.103584350059308,4.793396669359692
05/05/2023 11:40:35.682815,2892,True,True,True,True,Eyes,0.284798,0.02512491,-2.256876,-0.9674009,0.07877989,-0.2406849,0.0,0.0,0.0,0.0,0.0,0.0,0.0,2.2015,-0.1044373,-0.9693613,0.1517754,0.03031659,-2.402752,0.03432539,-0.853845,0.04272236,0.5176343,6.228425,242.4066,359.1707,0.1560918,0.01107691,-0.9876802,0.0,0.0,0.0,-1.854831,0.1997964,-3.096656,0.3086995,0.4008,2.069,-0.4617527,-0.014388,0.8868918,-0.1028462,0.9939932,-0.03742055,-0.8810259,-0.1084925,-0.4604588,static,13.666162646113014,11.07253644649945,8.486059684207827,10.963361697755134,-2.0066064,0.16947981,-0.6939039999999999,0.23210529521281714,0.18680678055076652,0.954583863341331,13.347926795716978,10.33673186995693,5.088804436271753,5.181253306073953,4.902082899244029
05/05/2023 11:40:35.693260,2893,True,True,True,True,Eyes,0.2786384,0.02530245,-2.263234,-0.9661937,0.07925245,-0.2453342,0.0,0.0,0.0,0.0,0.0,0.0,0.0,2.200349,-0.1107576,-0.9895589,0.1462409,0.02962983,-2.410554,0.03185336,-0.855307,0.04239152,0.515401,6.047335,242.1128,359.3782,0.153008,0.01107414,-0.9881626,0.0,0.0,0.0,-1.855732,0.2068754,-3.115811,0.3086998,0.4008,2.069,-0.4666941,-0.01079153,0.8843528,-0.09818606,0.9943767,-0.03968102,-0.8789516,-0.10535,-0.4651293,static,13.716752160295622,10.871336379858013,8.486067811043153,10.963361697755134,-2.0019729,0.17724557,-0.705257,0.2330998463696995,0.18340866327586797,0.9550004242397563,13.40266540438324,10.140631891527736,5.147050408811821,5.231493803938679,4.98495899972031
05/05/2023 11:40:35.713226,2894,True,True,True,True,Eyes,0.2725359,0.02553122,-2.269641,-0.9649261,0.07955015,-0.2501789,0.0,0.0,0.0,0.0,0.0,0.0,0.0,2.197496,-0.1293671,-1.011128,0.1418332,0.02943826,-2.418083,0.03023916,-0.8570305,0.04560275,0.5123521,6.26644,241.7278,359.7059,0.1499321,0.01107674,-0.988634,0.0,0.0,0.0,-1.855031,0.2004275,-3.13919,0.3087001,0.4008,2.069,-0.4731616,-0.005102443,0.8809607,-0.0985611,0.994012,-0.04717968,-0.8754448,-0.1091521,-0.4708311,static,13.883519033302232,11.033102185043326,8.486075937878136,10.963361697755134,-1.9968642,0.17098924000000001,-0.7211069999999999,0.23576249871737298,0.18598134212515877,0.9538485579017812,13.560872798684702,10.296921566509425,5.303623341045751,5.397893635846157,5.118369430491216
05/05/2023 11:40:35.732726,2895,True,True,True,True,Eyes,0.266489,0.02579053,-2.276098,-0.9635676,0.08002207,-0.2552135,0.0,0.0,0.0,0.0,0.0,0.0,0.0,2.192004,-0.1517108,-1.036933,0.1371223,0.0308953,-2.425565,0.02869909,-0.8592252,0.04928565,0.508409,6.538837,241.2288,0.04593945,0.1468664,0.01108635,-0.989094,0.0,0.0,0.0,-1.853118,0.1937229,-3.166599,0.3087001,0.4008001,2.069001,-0.4813937,0.0007965795,0.8765044,-0.09943249,0.9934946,-0.0555132,-0.8708466,-0.1138767,-0.4781828,static,14.161457718437378,11.25610716977064,8.486071896064805,10.963359196372178,-1.9902403,0.16282760000000002,-0.741034,0.24022320318065504,0.18947910261765505,0.9520454108727845,13.825801986745772,10.51205876855508,5.573727674549546,5.6829310754853,5.358767537174164
05/05/2023 11:40:35.743656,2896,True,True,True,True,Eyes,0.2604989,0.02606468,-2.282585,-0.9621159,0.08050385,-0.2604842,0.0,0.0,0.0,0.0,0.0,0.0,0.0,2.184762,-0.1631978,-1.067152,0.1324306,0.0318417,-2.433122,0.02548196,-0.8619429,0.04921559,0.5039672,6.34565,240.6467,0.3273384,0.1438136,0.01110354,-0.9895422,0.0,0.0,0.0,-1.848868,0.2032537,-3.195862,0.3086998,0.4008,2.069001,-0.4907357,0.005678096,0.87129,-0.09353407,0.993857,-0.05915794,-0.8662736,-0.1105262,-0.4871899,static,14.476240251898224,11.026918100608347,8.486063769233581,10.963356527284281,-1.9812986,0.171412,-0.76274,0.24564419417594158,0.18540963594637364,0.951463131242172,14.138835347516629,10.286973948613342,5.88685776261707,5.99051369809568,5.693094054112769
05/05/2023 11:40:35.763008,2897,True,True,True,True,Eyes,0.2545607,0.02636698,-2.289111,-0.9605776,0.08098125,-0.2659564,0.0,0.0,0.0,0.0,0.0,0.0,0.0,2.17615,-0.1776856,-1.097634,0.1278273,0.03243636,-2.440207,0.02310678,-0.8646725,0.05054792,0.4992518,6.34339,240.0368,0.606055,0.140776,0.01112812,-0.9899787,0.0,0.0,0.0,-1.844397,0.2054078,-3.22577,0.3087,0.4008,2.069001,-0.5004274,0.0105127,0.8657147,-0.09043187,0.9938219,-0.06434261,-0.8610428,-0.110487,-0.4963851,static,14.814832714224206,10.986415307589988,8.486069187121103,10.963356527284281,-1.9722243000000002,0.17297144,-0.7855629999999998,0.251308308870239,0.18446011143621618,0.9501677201189282,14.469993372656026,10.245320009812236,6.221600136441594,6.328805534169911,6.026850346462335
05/05/2023 11:40:35.782848,2898,True,True,True,True,Eyes,0.2486749,0.02668738,-2.295664,-0.9589335,0.08156538,-0.2716501,0.0,0.0,0.0,0.0,0.0,0.0,0.0,2.166883,-0.1912713,-1.128749,0.1230661,0.03338983,-2.447403,-0.02080371,0.8674286,-0.05161704,-0.4944396,6.322265,239.4144,0.8619353,0.1377556,0.01116049,-0.9904031,0.0,0.0,0.0,-1.839662,0.2084833,-3.255944,0.3087,0.4008,2.069,-0.5101932,0.01495155,0.8599297,-0.08713447,0.9938058,-0.06897581,-0.8556345,-0.1101205,-0.5057302,static,15.146660620275256,10.936384937696952,8.48607322893318,10.963361697755134,-1.9627280999999999,0.17509347,-0.808541,0.256861049953665,0.18335361299702083,0.948896200374121,14.794813979242859,10.194440747557055,6.5505526031523855,6.660642021854071,6.355426758469604
05/05/2023 11:40:35.793058,2899,True,True,True,True,Eyes,0.242867,0.02700677,-2.302287,-0.9572192,0.08207223,-0.2774807,0.0,0.0,0.0,0.0,0.0,0.0,0.0,2.156926,-0.1997967,-1.16075,0.1184544,0.03409691,-2.454464,-0.0183382,0.8702769,-0.05143017,-0.4895271,6.169554,238.7724,1.062421,0.1347539,0.01120058,-0.9908155,0.0,0.0,0.0,-1.834046,0.2158401,-3.285975,0.3087,0.4008,2.069001,-0.5200539,0.0184343,0.8539345,-0.08227154,0.9940373,-0.07156289,-0.850162,-0.1074711,-0.5154364,static,15.470024652867432,10.762231589340127,8.486069187121103,10.963356527284281,-1.9525004000000001,0.18174319,-0.8315109999999999,0.26236814246909523,0.1801920807382983,0.9479945983574074,15.11472935726346,10.022847909543184,6.880055271084969,6.986850877769688,6.69504982141858
05/05/2023 11:40:35.813310,2900,True,True,True,True,Eyes,0.2371132,0.02731336,-2.308934,-0.9553977,0.08255189,-0.2835498,0.0,0.0,0.0,0.0,0.0,0.0,0.0,2.146093,-0.2085416,-1.193498,0.1139119,0.03440096,-2.461601,-0.01738106,0.8731576,-0.052347,-0.4843073,6.21444,238.0946,1.173016,0.1317737,0.01124747,-0.9912158,0.0,0.0,0.0,-1.828375,0.2150756,-3.316926,0.3086998,0.4008,2.069,-0.5302885,0.02035127,0.8475728,-0.08105687,0.9939154,-0.0745788,-0.8439334,-0.1082499,-0.5254124,static,15.811284219280578,10.806695602966652,8.486067811043153,10.963361697755134,-1.9422869,0.18067464,-0.8553250000000001,0.26798753671897085,0.18063794895996496,0.9463364519803397,15.44619719583795,10.063847648889462,7.21279107720122,7.3268915436743765,7.018014432671873
05/05/2023 11:40:35.832920,2901,True,True,True,True,Eyes,0.2314207,0.02760401,-2.315617,-0.9534931,0.08297327,-0.2897694,0.0,0.0,0.0,0.0,0.0,0.0,0.0,2.134168,-0.2127312,-1.227904,0.1094603,0.03440214,-2.468706,-0.01704889,0.8761963,-0.05261648,-0.4787705,6.230567,237.3704,1.181977,0.1288161,0.01129985,-0.9916039,0.0,0.0,0.0,-1.821873,0.2145321,-3.348595,0.3087001,0.4008,2.069001,-0.5409766,0.02050608,0.8407879,-0.08025877,0.9938816,-0.0758797,-0.8371996,-0.1085297,-0.5360209,static,16.169675296951507,10.84628105647948,8.486071896064805,10.963356527284281,-1.9313333000000001,0.18012996,-0.8798889999999999,0.2738841923373411,0.18097940206691107,0.944581317660734,15.7944966489592,10.099987019306369,7.563008055325892,7.684495291688442,7.3592444772561745
05/05/2023 11:40:35.843519,2902,True,True,True,True,Eyes,0.2257835,0.0278584,-2.322328,-0.951486,0.08327372,-0.296209,0.0,0.0,0.0,0.0,0.0,0.0,0.0,2.121533,-0.2115018,-1.263614,0.1051108,0.03434241,-2.475909,-0.01832282,0.8793304,-0.05256822,-0.4729471,6.302698,236.6026,1.008845,0.1258829,0.01135641,-0.9919799,0.0,0.0,0.0,-1.81504,0.2109233,-3.380642,0.3087,0.4008001,2.069001,-0.5519708,0.01750034,0.8336799,-0.0819476,0.9938017,-0.07511821,-0.8298272,-0.1097811,-0.5471154,static,16.529543027551668,10.987067982841962,8.486069187121103,10.963359196372178,-1.9201508,0.17658089000000002,-0.9047329999999998,0.2797061870836107,0.18298024634344318,0.9424874379400923,16.14150786444386,10.23458403686206,7.909319831306258,8.04350878213275,7.69004906196106
05/05/2023 11:40:35.862797,2903,True,True,True,True,Eyes,0.2202287,0.02807299,-2.329101,-0.9494238,0.08336065,-0.3027299,0.0,0.0,0.0,0.0,0.0,0.0,0.0,2.108523,-0.2048732,-1.299861,0.1008019,0.03377622,-2.483179,-0.02100907,0.8824607,-0.05218085,-0.4670109,6.41436,235.8145,0.6722177,0.1229754,0.01141508,-0.9923438,0.0,0.0,0.0,-1.808178,0.2044942,-3.412345,0.3087004,0.4008,2.069001,-0.5629191,0.0116587,0.8264299,-0.0858174,0.9936716,-0.07247216,-0.8220448,-0.111718,-0.5583562,static,16.876837726470505,11.205137581543458,8.48608002289569,10.963356527284281,-1.9089799,0.17071798,-0.9291660000000004,0.28523555413610613,0.18624965981384262,0.9401870479882017,16.474179632688603,10.444459255083842,8.242909393930612,8.39424046107203,8.004935337344753
05/05/2023 11:40:35.883186,2904,True,True,True,True,Eyes,0.214734,0.02825209,-2.335911,-0.9472596,0.08329074,-0.3094541,0.0,0.0,0.0,0.0,0.0,0.0,0.0,2.094963,-0.1959472,-1.336414,0.09669456,0.03310183,-2.490546,-0.02472326,0.8855765,-0.05184191,-0.4609291,6.581206,235.0059,0.2308316,0.120095,0.01147389,-0.9926959,0.0,0.0,0.0,-1.800942,0.1953622,-3.444145,0.3087004,0.4008,2.069001,-0.5738667,0.004002204,0.8189391,-0.09157956,0.9934024,-0.06902862,-0.8138124,-0.1146113,-0.5697139,static,17.214485818073427,11.505035502436384,8.48608002289569,10.963356527284281,-1.89763656,0.16226037000000001,-0.9535989999999996,0.2905096480228628,0.19085200686377074,0.9376457716272288,16.795242167620692,10.734016113262095,8.571356240043185,8.745197758622394,8.312326543924684
05/05/2023 11:40:35.893240,2905,True,True,True,True,Eyes,0.2093184,0.02838891,-2.342772,-0.9450059,0.08306941,-0.3163278,0.0,0.0,0.0,0.0,0.0,0.0,0.0,2.081012,-0.1860743,-1.372889,0.0926231,0.03249233,-2.498085,-0.02870055,0.888628,-0.05137255,-0.4548378,6.742671,234.1961,359.7533,0.1172431,0.01153123,-0.9930361,0.0,0.0,0.0,-1.793419,0.1862745,-3.475783,0.3086998,0.4008,2.069,-0.5845975,-0.004275879,0.8113121,-0.09774058,0.9930743,-0.06519397,-0.8054144,-0.1174103,-0.5809667,static,17.5335840054986,11.807068692566837,8.486067811043153,10.963361697755134,-1.8860421,0.15378217,-0.9776979999999997,0.29545253823514134,0.19548218746755355,0.9351440888968451,17.098164352286766,11.025773567546821,8.889372665308077,9.086770096245848,8.612322687706905
05/05/2023 11:40:35.912780,2906,True,True,True,True,Eyes,0.2039668,0.02848445,-2.349671,-0.9426332,0.08270191,-0.3234242,0.0,0.0,0.0,0.0,0.0,0.0,0.0,2.066029,-0.1783071,-1.409576,0.08879005,0.03164676,-2.505651,-0.03180198,0.8917062,-0.05090519,-0.4486174,6.852788,233.3758,359.3628,0.1144216,0.0115854,-0.9933645,0.0,0.0,0.0,-1.784713,0.1792796,-3.508094,0.3087001,0.4008001,2.069001,-0.5954623,-0.01104212,0.8033076,-0.1023899,0.9927946,-0.0622511,-0.796832,-0.1193188,-0.5923023,static,17.860414515118002,12.028161340133511,8.486071896064805,10.963359196372178,-1.87350305,0.14763284000000002,-1.002443,0.3005801859342625,0.19875566600968522,0.9328171878017137,17.410805760348506,11.238725871959199,9.217537213100908,9.434622575638937,8.92898098073437
05/05/2023 11:40:35.932583,2907,True,True,True,True,Eyes,0.1986741,0.02854729,-2.356606,-0.9401442,0.08219726,-0.3307152,0.0,0.0,0.0,0.0,0.0,0.0,0.0,2.049823,-0.1742722,-1.44662,0.08494553,0.03080444,-2.513303,-0.03484644,0.8947855,-0.05120351,-0.4421797,7.033468,232.5342,359.014,0.1116306,0.01163492,-0.9936814,0.0,0.0,0.0,-1.775273,0.1699103,-3.541375,0.3086997,0.4008,2.069,-0.6065254,-0.01707787,0.7948803,-0.1076425,0.9923279,-0.06081553,-0.7877434,-0.1224491,-0.6037105,static,18.20611304314599,12.303872480089108,8.486065102098083,10.963361697755134,-1.86021853,0.13910586,-1.0280719999999999,0.30593881642563686,0.20287870450974732,0.9301837032095948,17.740367925093558,11.50469598708196,9.570529216890558,9.812048773514292,9.270122089406536
05/05/2023 11:40:35.942990,2908,True,True,True,True,Eyes,0.1934417,0.02856856,-2.363577,-0.9375178,0.08154647,-0.3382462,0.0,0.0,0.0,0.0,0.0,0.0,0.0,2.032154,-0.1748385,-1.484117,0.08104229,0.03012003,-2.520981,-0.03744898,0.8978937,-0.05220319,-0.4354989,7.259521,231.6691,358.7418,0.1088714,0.01167884,-0.993987,0.0,0.0,0.0,-1.764874,0.1594407,-3.575765,0.3087001,0.4008001,2.069001,-0.6178767,-0.02178155,0.7859734,-0.1127193,0.9917448,-0.06112786,-0.7781535,-0.1263638,-0.6152312,static,18.57564673010771,12.596677822659418,8.486071896064805,10.963359196372178,-1.8459162900000001,0.12932067,-1.0547840000000002,0.31164156236651197,0.2072258749124114,0.9273278369990223,18.092704310088653,11.78714043050626,9.952242171872157,10.220922173010063,9.641887878412875
05/05/2023 11:40:35.962898,2909,True,True,True,True,Eyes,0.1882547,0.0285596,-2.370583,-0.934756,0.08085644,-0.3459675,0.0,0.0,0.0,0.0,0.0,0.0,0.0,2.013617,-0.1805063,-1.521126,0.0772238,0.02918802,-2.528683,-0.03895494,0.9009676,-0.05377573,-0.4287754,7.487286,230.809,358.6084,0.1061442,0.01171594,-0.9942815,0.0,0.0,0.0,-1.753542,0.1494168,-3.610599,0.3087,0.4008001,2.069001,-0.6292686,-0.02407886,0.7768151,-0.1163097,0.9911814,-0.06349454,-0.7684357,-0.1303062,-0.62652,static,18.95429614779333,12.846311334381996,8.486069187121103,10.963359196372178,-1.8307658,0.12022878,-1.081916,0.3175128001676871,0.21083159631771223,0.9245191800095462,18.455090502424916,12.027518911819136,10.342147636882846,10.636225103587298,10.025658177145374
05/05/2023 11:40:35.983067,2910,True,True,True,True,Eyes,0.1831214,0.02852521,-2.377631,-0.9318428,0.08005191,-0.3539219,0.0,0.0,0.0,0.0,0.0,0.0,0.0,1.994425,-0.1896482,-1.557684,0.07332376,0.02836141,-2.536512,-0.04001978,0.9039733,-0.05582287,-0.4220363,7.741524,229.954,358.5407,0.1034488,0.01174562,-0.9945652,0.0,0.0,0.0,-1.741746,0.1388862,-3.645568,0.3087004,0.4008,2.069001,-0.6405676,-0.02523506,0.7674871,-0.1194722,0.9905645,-0.06714515,-0.758551,-0.1347044,-0.6375384,static,19.326628996722583,13.094242032826207,8.48608002289569,10.963356527284281,-1.81506976,0.11052478999999998,-1.1090559999999998,0.3232577328027133,0.21438999358090297,0.9217056972492509,18.811365080248777,12.266282470635758,10.727815800408436,11.04799416598633,10.407167123163598
05/05/2023 11:40:35.992630,2911,True,True,True,True,Eyes,0.1780348,0.02846854,-2.384731,-0.9285893,0.07947844,-0.3624982,0.0,0.0,0.0,0.0,0.0,0.0,0.0,1.974064,-0.1987658,-1.595072,0.07004356,0.02787745,-2.544604,-0.04075652,0.907092,-0.05757024,-0.4149805,7.947712,229.0616,358.4865,0.1007855,0.01176754,-0.9948383,0.0,0.0,0.0,-1.728034,0.1305346,-3.681739,0.3087001,0.4008,2.069,-0.6522602,-0.02615877,0.7575436,-0.1217209,0.9900492,-0.07061668,-0.7481582,-0.1382693,-0.6489538,static,19.697220733687587,13.304451986640284,8.486075937878136,10.963361697755134,-1.79807756,0.10265715,-1.1371349999999998,0.32899461893034054,0.2173146714677844,0.9189867952164996,19.166959085177528,12.46835588500316,11.108726666330963,11.452967797619868,10.786392923953517
05/05/2023 11:40:36.012688,2912,True,True,True,True,Eyes,0.1730089,0.0283783,-2.391888,-0.9251561,0.07893183,-0.3712896,0.0,0.0,0.0,0.0,0.0,0.0,0.0,1.951604,-0.2035029,-1.63447,0.0659937,0.02729449,-2.552756,-0.0411043,0.9103441,-0.05811539,-0.4076847,8.0088,228.1379,358.4114,0.09815414,0.01178154,-0.9951012,0.0,0.0,0.0,-1.713899,0.1272944,-3.71838,0.3087002,0.4008,2.069,-0.6642073,-0.0274526,0.7470442,-0.1222236,0.9898661,-0.0722948,-0.737489,-0.1393252,-0.6608316,static,20.073020603838607,13.380603438207126,8.486078646823053,10.963361697755134,-1.7798927,0.09999991,-1.1656239999999998,0.33495880965479774,0.21805016434945867,0.9166551870165431,19.531243387000245,12.539957950194399,11.477999706807408,11.836396476420973,11.157119694655025
05/05/2023 11:40:36.032754,2913,True,True,True,True,Eyes,0.1677054,0.02827228,-2.398776,-0.9193094,0.07855135,-0.3856162,0.0,0.0,0.0,0.0,0.0,0.0,0.0,1.927931,-0.2070495,-1.674241,0.0616558,0.02639783,-2.560932,-0.04104614,0.9135985,-0.05825214,-0.4003246,8.007441,227.2097,358.3589,0.09555531,0.01178702,-0.9953541,0.0,0.0,0.0,-1.699334,0.1261573,-3.754943,0.3086997,0.4008,2.069,-0.6761107,-0.02835984,0.7362539,-0.1216389,0.9898438,-0.07357457,-0.7266898,-0.1393017,-0.6726938,static,20.101112767440135,13.376626220937611,8.486065102098083,10.963361697755134,-1.7609898,0.09975947,-1.1940109999999997,0.33541596798179985,0.21794889776780857,0.9165120553502024,19.55873535890092,12.535901888641312,11.504414892041257,11.863101530671438,11.18377884562452
05/05/2023 11:40:36.043075,2914,True,True,True,True,Eyes,0.1624261,0.02814371,-2.40574,-0.9132195,0.07829328,-0.3998755,0.0,0.0,0.0,0.0,0.0,0.0,0.0,1.902185,-0.2121066,-1.715124,0.05722678,0.02610503,-2.56924,-0.04124098,0.9169265,-0.05866865,-0.3925594,8.04604,226.2336,358.2888,0.09297612,0.01178433,-0.9955984,0.0,0.0,0.0,-1.683508,0.1240595,-3.792737,0.3087002,0.4008,2.069,-0.6883924,-0.02956803,0.7247353,-0.1216917,0.9897143,-0.07521062,-0.7150571,-0.1399688,-0.68491,static,20.174655038247842,13.429013961910586,8.486078646823053,10.963361697755134,-1.74073478,0.09795447,-1.2234969999999996,0.33653461252783107,0.2186941579926666,0.9159243572502479,19.629013738107016,12.586386643780445,11.581310026874512,11.945805085715564,11.26051563757131
05/05/2023 11:40:36.063176,2915,True,True,True,True,Eyes,0.1624261,0.02814371,-2.40574,-0.9132195,0.07829328,-0.3998755,0.0,0.0,0.0,0.0,0.0,0.0,0.0,1.875915,-0.2093975,-1.756536,0.05260935,0.02544456,-2.577771,-0.0412023,0.9202548,-0.05738937,-0.3848896,7.894089,225.2671,358.1686,0.09041705,0.01177337,-0.9958341,0.0,0.0,0.0,-1.667562,0.12831,-3.829622,0.3086999,0.4008001,2.069001,-0.700325,-0.03165609,0.7131222,-0.1200104,0.9900177,-0.07390902,-0.7036639,-0.1373424,-0.6971332,static,21.129317356372702,13.383526381168076,8.486066478177362,10.963359196372178,-1.72017135,0.10286544,-1.2518510000000003,0.35191170587342746,0.2166619356364034,0.9106129063928312,20.560862680834084,12.53579714857789,12.49165340224433,12.872800859616765,12.176750980833521
05/05/2023 11:40:36.082796,2916,True,True,True,True,Eyes,0.1624261,0.02814371,-2.40574,-0.9132195,0.07829328,-0.3998755,0.0,0.0,0.0,0.0,0.0,0.0,0.0,1.852078,-0.2094782,-1.793352,0.04773147,0.02473935,-2.58598,-0.04132629,0.9230861,-0.05686757,-0.3781143,7.830297,224.4181,358.0743,0.08811323,0.01176343,-0.9960407,0.0,0.0,0.0,-1.65403,0.1294217,-3.862597,0.3087001,0.4008,2.069001,-0.7106438,-0.03329057,0.7027643,-0.1193003,0.9901165,-0.07373521,-0.6933638,-0.1362394,-0.7075917,static,21.973511719818696,13.414198307673816,8.486071896064805,10.963356527284281,-1.7017614699999999,0.10468235000000001,-1.276617,0.36534884298000286,0.21595173190692593,0.9054751132931433,21.382972624557638,12.560042217380596,13.30703483692802,13.708306183912194,12.995362772680004
05/05/2023 11:40:36.092859,2917,True,True,True,True,Eyes,0.1624261,0.02814371,-2.40574,-0.9132195,0.07829328,-0.3998755,0.0,0.0,0.0,0.0,0.0,0.0,0.0,1.833606,-0.2112953,-1.823874,0.04239319,0.0245227,-2.594393,-0.04099277,0.9252359,-0.05651788,-0.3729126,7.767767,223.771,358.0507,0.0860395,0.01175444,-0.9962221,0.0,0.0,0.0,-1.644866,0.1313685,-3.889941,0.3086998,0.4008,2.069001,-0.7185117,-0.03370351,0.694698,-0.1180084,0.9902506,-0.0740113,-0.6854307,-0.1351582,-0.715484,static,22.626058481544316,13.407949007263024,8.486063769233581,10.963356527284281,-1.68725919,0.10684579999999999,-1.2955479999999997,0.37572732624943866,0.21489287747511504,0.9014710954287839,22.019256003481008,12.549634415269507,13.935825059069126,14.349755498172927,13.625841977177254
05/05/2023 11:40:36.112697,2918,True,True,True,True,Eyes,0.1624261,0.02814371,-2.40574,-0.9132195,0.07829328,-0.3998755,0.0,0.0,0.0,0.0,0.0,0.0,0.0,1.821064,-0.2077041,-1.848729,0.03686164,0.0240519,-2.602937,-0.03935169,0.9268203,-0.05465934,-0.3694156,7.492304,223.3396,358.118,0.08417292,0.0117463,-0.9963816,0.0,0.0,0.0,-1.639925,0.1413813,-3.911111,0.3086994,0.4008,2.069,-0.7239669,-0.03255986,0.6890657,-0.1133279,0.9909276,-0.07224451,-0.6804619,-0.130393,-0.7210888,static,23.065580076282508,13.138282206941339,8.486056975262642,10.963361697755134,-1.67678664,0.11732939999999999,-1.3081740000000002,0.3830511829163811,0.20996505294914158,0.8995479843677511,22.454978368984285,12.284338199455373,14.342519899634894,14.740853878742938,14.0312417063501
05/05/2023 11:40:36.133037,2919,True,True,True,True,Eyes,0.1562988,0.02791785,-2.414168,-0.9060774,0.07828844,-0.4158061,0.0,0.0,0.0,0.0,0.0,0.0,0.0,1.809895,-0.2105623,-1.870915,0.03142411,0.02335586,-2.611292,-0.03711117,0.9281681,-0.05401191,-0.3663461,7.322571,222.9697,358.3062,0.08249263,0.01173894,-0.9965222,0.0,0.0,0.0,-1.63579,0.1479582,-3.930977,0.3087002,0.4008,2.069001,-0.7288268,-0.02931672,0.6840704,-0.1084649,0.991411,-0.07307321,-0.6760526,-0.1274553,-0.7257466,static,22.448308300982717,12.849101975678012,8.486074605008472,10.963356527284281,-1.66721411,0.12460234,-1.3196849999999998,0.37363749878257935,0.20627790371379406,0.9043475512039298,21.861044495794452,12.007063794992877,13.727264590331018,14.089003005079398,13.415630601656385
05/05/2023 11:40:36.142799,2920,True,True,True,True,Eyes,0.150178,0.02766611,-2.422602,-0.898805,0.07844294,-0.4312727,0.0,0.0,0.0,0.0,0.0,0.0,0.0,1.797987,-0.2134158,-1.894009,0.02576703,0.02271886,-2.619999,-0.034945,0.9295552,-0.05338813,-0.3631196,7.159554,222.5804,358.4872,0.08070465,0.01171914,-0.9966689,0.0,0.0,0.0,-1.631369,0.1543037,-3.951646,0.3087003,0.4008,2.069,-0.7338461,-0.02619407,0.6788106,-0.1037392,0.9918571,-0.073876,-0.671348,-0.1246329,-0.7305878,static,21.87151924361676,12.58701909292378,8.486081355767933,10.963361697755134,-1.65713603,0.13158483999999998,-1.3316470000000002,0.3647772729576333,0.20290615025405434,0.9087169526033975,21.305843581487462,11.755886224815168,13.153935292211349,13.483553344216972,12.844236008808663
05/05/2023 11:40:36.162907,2921,True,True,True,True,Eyes,0.150178,0.02766611,-2.422602,-0.898805,0.07844294,-0.4312727,0.0,0.0,0.0,0.0,0.0,0.0,0.0,1.785109,-0.2125903,-1.917806,0.01982603,0.02176578,-2.628483,-0.03255202,0.931002,-0.05200115,-0.3598216,6.906658,222.1811,358.6615,0.07882236,0.01168715,-0.9968199,0.0,0.0,0.0,-1.62678,0.1635883,-3.972088,0.3086998,0.4008,2.069,-0.7389374,-0.02318972,0.6733747,-0.09803426,0.9924725,-0.0734005,-0.6666037,-0.1202522,-0.7356485,static,22.297534165449175,12.29206210128384,8.486067811043153,10.963361697755134,-1.6466060299999998,0.14182252,-1.3436049999999997,0.37193359655309594,0.19762177672637138,0.9069789952059115,21.729081038895732,11.466072619912516,13.56200694013278,13.875231443879663,13.252551362825752
05/05/2023 11:40:36.172670,2922,True,True,True,True,Eyes,0.150178,0.02766611,-2.422602,-0.898805,0.07844294,-0.4312727,0.0,0.0,0.0,0.0,0.0,0.0,0.0,1.772876,-0.2144606,-1.940579,0.01385055,0.02083756,-2.637101,-0.03072932,0.9323075,-0.05142802,-0.3566702,6.765955,221.8001,358.8106,0.0771279,0.01165833,-0.9969528,0.0,0.0,0.0,-1.622848,0.1686403,-3.992118,0.3087001,0.4008,2.069,-0.7436842,-0.02061266,0.6682132,-0.09398402,0.9928218,-0.073973,-0.6618918,-0.1178139,-0.7402831,static,22.70462953973271,12.115415451445623,8.486075937878136,10.963361697755134,-1.63669855,0.14780274,-1.3550170000000001,0.37862798389957447,0.1942557042944093,0.9049339400107392,22.130686516884573,11.291498578613485,13.959368323916443,14.265149644507908,13.648555662241842
05/05/2023 11:40:36.192891,2923,True,True,True,True,Eyes,0.143413,0.02728308,-2.431607,-0.8914201,0.07913766,-0.4462147,0.0,0.0,0.0,0.0,0.0,0.0,0.0,1.761123,-0.2142879,-1.962943,0.007682022,0.0195303,-2.645784,-0.02891928,0.9335409,-0.05054904,-0.3537087,6.594235,221.4417,358.9482,0.07560325,0.01163237,-0.9970699,0.0,0.0,0.0,-1.619557,0.1743842,-4.011365,0.3087,0.4007999,2.069,-0.7481077,-0.01823539,0.6633267,-0.08975393,0.9932169,-0.0739212,-0.6574793,-0.1148372,-0.74467,moving,22.112254575195532,11.898650361661515,8.48607322893318,10.963359028665995,-1.627239022,0.1548539,-1.3655809999999997,0.3694489421539338,0.19159404678464942,0.9092850613467689,21.559070704098115,11.084517864551916,13.37861317034509,13.658242491580117,13.073558905255371
05/05/2023 11:40:36.213308,2924,True,True,True,True,Eyes,0.1366838,0.02685589,-2.440607,-0.8839287,0.07978579,-0.4607649,0.0,0.0,0.0,0.0,0.0,0.0,0.0,1.748392,-0.2159172,-1.985824,0.001805637,0.0181255,-2.654555,-0.027409,0.9348248,-0.05018378,-0.3504752,6.490499,221.0505,359.0733,0.0739312,0.01158928,-0.9971957,0.0,0.0,0.0,-1.615057,0.1748511,-4.03143,0.3086999,0.3981664,2.069,-0.7528318,-0.01606889,0.6580167,-0.08642156,0.9934607,-0.07461375,-0.6525148,-0.1130384,-0.7492975,moving,21.572387999965486,11.757703157285274,8.486070519988186,10.89305189217391,-1.6168626369999999,0.15672560000000002,-1.376875,0.3609764578443666,0.1900339442404678,0.9130077266705738,21.03659752638824,10.950958552349396,12.851934909764253,13.114851390580762,12.550660592959629
05/05/2023 11:40:36.232641,2925,True,True,True,True,Eyes,-0.01466952,0.01676138,-2.679533,-0.7354744,0.06990281,-0.673937,0.0,0.0,0.0,0.0,0.0,0.0,0.0,1.733028,-0.2212051,-2.010224,-0.004006181,0.01660159,-2.663273,-0.0263389,0.9362534,-0.05073316,-0.3466441,6.503196,220.5874,359.1841,0.07213075,0.01152912,-0.9973282,0.0,0.0,0.0,-1.608943,0.1707152,-4.053534,0.3086995,0.3953969,2.069001,-0.7582883,-0.01414707,0.6517659,-0.08449247,0.9934648,-0.07673773,-0.6464209,-0.1132586,-0.7545281,moving,6.862564388299432,10.636776841081398,8.486055642402011,10.819072992232094,-1.604936819,0.15411361,-1.3902610000000002,0.1174635916029313,0.18330441547359563,0.9760132538986748,6.7273955099961125,9.957862357290272,1.6018383747828404,1.6336938938711634,1.9582056120466074
05/05/2023 11:40:36.243290,2926,True,True,True,True,Eyes,-0.01490409,0.01693722,-2.679891,-0.7351837,0.06974456,-0.6742705,0.0,0.0,0.0,0.0,0.0,0.0,0.0,1.714923,-0.2338162,-2.036034,-0.009998973,0.01675897,-2.672204,-0.02585784,0.9377983,-0.0525975,-0.3421979,6.68142,220.0514,359.2788,0.05968402,0.01064325,-0.9981602,-0.4540601,-0.03028353,-0.7167778,-1.60148,0.1621859,-4.078022,0.3086997,0.3927097,2.069002,-0.7644641,-0.01250136,0.6445454,-0.08449638,0.9931297,-0.0809547,-0.6391051,-0.1163487,-0.7602684,moving,7.400172821053483,10.805664175034329,8.486057018485267,10.747257491316766,-1.591481027,0.14542692999999998,-1.405818,0.12655172941694154,0.18597110422700672,0.9743713315465018,7.246914330838223,10.118621950363694,1.0705077470774629,1.0874538293348148,1.3894809259930492
05/05/2023 11:40:36.262710,2927,True,True,True,True,Eyes,-0.01546339,0.0172206,-2.680577,-0.7345987,0.07033265,-0.6748466,0.0,0.0,0.0,0.0,0.0,0.0,0.0,1.693443,-0.2507446,-2.063569,-0.01594503,0.02119047,-2.681089,-0.02610954,0.9395517,-0.05468815,-0.3370018,6.913031,219.4216,359.2957,0.0494883,0.009929326,-0.998725,-0.4268165,-0.02846651,-0.6737711,-1.591933,0.1556107,-4.104612,0.3087011,0.3900825,2.069,-0.771496,-0.01220251,0.6361169,-0.08592253,0.992655,-0.08516675,-0.6304054,-0.1203626,-0.7668779,moving,7.998445291127596,11.081837044810886,8.486103027325594,10.677027520306506,-1.5759879700000001,0.13442023,-1.4235230000000003,0.13660051606801915,0.1904091273154121,0.9721545805447851,7.82267791196421,10.383366389865657,0.6330926255622521,0.6337829429727644,0.7255134342133605
05/05/2023 11:40:36.282786,2928,True,True,True,True,Eyes,-0.016217,0.01748835,-2.681596,-0.733747,0.07129942,-0.6756713,0.0,0.0,0.0,0.0,0.0,0.0,0.0,1.674224,-0.2145695,-2.096,-0.02262707,0.02388589,-2.690948,-0.023604,0.9416599,-0.04565401,-0.3326186,5.836114,218.8677,359.1889,0.0411356,0.009361212,-0.9991094,-0.4012075,-0.02675852,-0.6333449,-1.583282,0.1944987,-4.126696,0.3087003,0.3873896,2.069,-0.7776154,-0.01408313,0.6285824,-0.07482462,0.9947171,-0.07027885,-0.624272,-0.1016834,-0.7745611,moving,8.457714188905005,10.08784591999202,8.486081355767933,10.604997153343186,-1.56065493,0.17061281,-1.4357479999999998,0.14485373005453883,0.17331050214838387,0.9741564759726171,8.297173204669413,9.413183058814282,0.5118895024968064,0.5179286575508846,1.2066926391874668
05/05/2023 11:40:36.292975,2929,True,True,True,True,Eyes,-0.01722353,0.01783189,-2.682884,-0.7326149,0.07192826,-0.6768321,0.0,0.0,0.0,0.0,0.0,0.0,0.0,1.654396,-0.2010912,-2.124452,-0.02810667,0.02369078,-2.699891,-0.02047947,0.9435058,-0.04159818,-0.328096,5.27492,218.3193,359.347,0.03428938,0.008912948,-0.9993719,-0.377135,-0.02515301,-0.5953442,-1.572882,0.2128942,-4.149657,0.3086996,0.3845731,2.068999,-0.783867,-0.01134859,0.6208248,-0.06594138,0.9957004,-0.06505778,-0.6174172,-0.0919347,-0.781245,moving,8.937964663058068,9.550806582101242,8.486066434963863,10.52962938395979,-1.5447753299999998,0.18920342,-1.4497660000000003,0.15326237584369296,0.1639618365993515,0.9744881313637236,8.779805407369423,8.887467482665782,1.0763127707194584,1.0781030034244878,1.6682260919825662
05/05/2023 11:40:36.313166,2930,True,True,True,True,Eyes,-0.01840156,0.01824951,-2.684507,-0.7311873,0.07276433,-0.678285,0.0,0.0,0.0,0.0,0.0,0.0,0.0,1.631233,-0.2285441,-2.151078,-0.03348428,0.02592864,-2.708966,-0.0201084,0.9451692,-0.04601483,-0.3226972,5.736951,217.6776,359.5212,0.02866727,0.008566103,-0.999552,-0.3545069,-0.02364383,-0.5596235,-1.561783,0.1966254,-4.17769,0.3087,0.3820101,2.068999,-0.7909243,-0.008313974,0.6118574,-0.06770939,0.9949566,-0.07400575,-0.6081563,-0.09996145,-0.7874983,moving,9.506498127033373,10.045290030502969,8.486077270749078,10.461008502041333,-1.52829872,0.17069676,-1.468724,0.16269512879602632,0.17210258766107175,0.9715508483929429,9.320694666322568,9.364821890220568,1.096201285895342,1.1018532440929538,1.3777558872779179
05/05/2023 11:40:36.332680,2931,True,True,True,True,Eyes,-0.01973663,0.01877546,-2.686407,-0.7294698,0.07310472,-0.6800953,0.0,0.0,0.0,0.0,0.0,0.0,0.0,1.606641,-0.2251122,-2.181915,-0.03883906,0.02806927,-2.718534,-0.01795348,0.9472005,-0.04382998,-0.3171248,5.417854,217.0044,359.6425,0.02403757,0.008305482,-0.9996763,-0.3332365,-0.0222252,-0.5260461,-1.548412,0.2083839,-4.204667,0.3087006,0.3792859,2.069,-0.7982194,-0.006211944,0.6023351,-0.06181023,0.9955132,-0.07164457,-0.5991876,-0.09441854,-0.7950218,moving,10.05639343854256,9.736431081447991,8.486089482602342,10.388033513069741,-1.50957294,0.18031463,-1.4861329999999997,0.1721773263779241,0.1665905219553728,0.9708772695641787,9.865067776106086,9.0606603930546,1.6924967125010013,1.7001294782859562,1.9140273074575573
05/05/2023 11:40:36.343029,2932,True,True,True,True,Eyes,-0.02122599,0.01945739,-2.68863,-0.7274896,0.07353588,-0.6821667,0.0,0.0,0.0,0.0,0.0,0.0,0.0,1.579113,-0.2460366,-2.210695,-0.04351082,0.03132968,-2.727349,-0.01874585,0.9491152,-0.04709716,-0.3108231,5.799899,216.2475,359.6368,0.02020909,0.008119935,-0.9997625,-0.3132423,-0.02089169,-0.4944833,-1.533862,0.1950133,-4.233995,0.3087004,0.3766479,2.069,-0.8060753,-0.006306183,0.5917795,-0.06486171,0.9948609,-0.07774796,-0.588248,-0.1010545,-0.8023418,moving,10.664519648378686,10.15633496578901,8.486084064712776,10.317339920270246,-1.49035118,0.16368362,-1.5066460000000004,0.18225535737480458,0.17338125143558625,0.9678439836581287,10.446562953824348,9.465187501849561,2.156190506312279,2.1843772997239608,2.137671915629797
05/05/2023 11:40:36.363281,2933,True,True,True,True,Eyes,-0.02282684,0.02022617,-2.691168,-0.7253385,0.0742001,-0.6843818,0.0,0.0,0.0,0.0,0.0,0.0,0.0,1.553437,-0.2404717,-2.24169,-0.0487588,0.03580528,-2.737244,-0.01992783,0.9510903,-0.04511832,-0.3049502,5.622699,215.5257,359.4019,0.0170242,0.00800225,-0.9998229,-0.2944478,-0.01963819,-0.4648143,-1.520699,0.2018562,-4.260923,0.3087002,0.3737915,2.069001,-0.8132168,-0.01038865,0.5818686,-0.06542403,0.9951345,-0.07366921,-0.5782722,-0.09797719,-0.8099397,moving,11.171352227665917,10.074428921785742,8.486074605008472,10.240752940722658,-1.4719402,0.16605092000000002,-1.523679,0.19086623300290045,0.17171147497174963,0.9664808808537337,10.942840582272154,9.382133175884409,2.6555970751108986,2.6904236822515792,2.602484767988329
05/05/2023 11:40:36.382937,2934,True,True,True,True,Eyes,-0.02452383,0.02102799,-2.69399,-0.7229631,0.07482655,-0.6868227,0.0,0.0,0.0,0.0,0.0,0.0,0.0,1.529652,-0.2138733,-2.272522,-0.05348787,0.03860726,-2.746921,-0.02022408,0.9530511,-0.03922578,-0.2995764,4.984467,214.8617,359.1346,0.01435445,0.007944262,-0.9998652,-0.2767809,-0.0184599,-0.4369255,-1.507735,0.2241079,-4.284688,0.3087003,0.3713588,2.069001,-0.8196902,-0.01504693,0.5726098,-0.0620514,0.9961047,-0.06265102,-0.5694366,-0.08688565,-0.8174309,moving,11.58758266164418,9.538686532538591,8.4860773139521,10.175501349988453,-1.45424713,0.18550064,-1.537767,0.19819827524176908,0.1624260886788002,0.9666102043685949,11.363029880555782,8.85810405603831,3.1404002614218545,3.166207278983212,3.1642363534658204
05/05/2023 11:40:36.393381,2935,True,True,True,True,Eyes,-0.02630846,0.02183092,-2.697099,-0.7204006,0.07539543,-0.689448,0.0,0.0,0.0,0.0,0.0,0.0,0.0,1.50561,-0.2126566,-2.300237,-0.05755343,0.04015214,-2.756492,-0.02162282,0.9547564,-0.03876236,-0.2940584,4.975742,214.1907,358.9364,0.01200886,0.007930527,-0.9998962,-0.260174,-0.0173523,-0.4107099,-1.49448,0.2219442,-4.310189,0.3086997,0.3684049,2.069001,-0.8261243,-0.01849225,0.5631846,-0.06408585,0.9960598,-0.06130048,-0.5598319,-0.08673397,-0.8240544,moving,12.020596986385877,9.618911118303348,8.486061060289764,10.096233904956595,-1.43692657,0.18179206,-1.553697,0.20545976938547406,0.16352931988356317,0.964906464250153,11.782978132001803,8.933289801871101,3.5312881065230575,3.566620424929254,3.496012180277353
05/05/2023 11:40:36.413566,2936,True,True,True,True,Eyes,-0.0281457,0.02257984,-2.70047,-0.7175535,0.07594863,-0.6923502,0.0,0.0,0.0,0.0,0.0,0.0,0.0,1.479586,-0.2066218,-2.329514,-0.06149006,0.04099189,-2.766412,-0.02182554,0.9565921,-0.03716518,-0.2882257,4.800424,213.4866,358.8309,0.009833002,0.007946998,-0.9999198,-0.2445636,-0.01631116,-0.3860674,-1.479272,0.2260826,-4.336622,0.3086996,0.3658713,2.069001,-0.8328993,-0.02033236,0.5530512,-0.06318021,0.9962848,-0.05852248,-0.5498065,-0.08368522,-0.8310896,moving,12.476382280043596,9.51586196800083,8.486058351345907,10.02821400527623,-1.41778194,0.18509071,-1.5702100000000003,0.2132004840734942,0.16151967364661182,0.9635647190599536,12.230063774847034,8.83000208393376,3.9837216384514953,4.0230821102778425,3.931067084094733
05/05/2023 11:40:36.432723,2937,True,True,True,True,Eyes,-0.03004957,0.02325984,-2.704074,-0.7144794,0.07597559,-0.6955191,0.0,0.0,0.0,0.0,0.0,0.0,0.0,1.450024,-0.2097026,-2.359051,-0.06466373,0.04044243,-2.775941,-0.02134792,0.9585365,-0.03735482,-0.2817032,4.797793,212.7071,358.8569,0.00780784,0.007988513,-0.9999374,-0.2298898,-0.01533249,-0.3629033,-1.460655,0.2231905,-4.365231,0.3086997,0.3632799,2.069,-0.8403751,-0.01987958,0.5416405,-0.06197146,0.9962978,-0.05958435,-0.5384507,-0.08363946,-0.8384958,moving,13.011789040361935,9.529320276505016,8.486065102098083,9.958617503101022,-1.3959912700000001,0.18274806999999998,-1.5892899999999996,0.22219907438580166,0.16141370557283347,0.9615472472844782,12.751625678440075,8.839546283027575,4.498029026946,4.546039295269838,4.4099124057105366
05/05/2023 11:40:36.442874,2938,True,True,True,True,Eyes,-0.03198707,0.02390911,-2.707925,-0.7110708,0.07589186,-0.6990126,0.0,0.0,0.0,0.0,0.0,0.0,0.0,1.41624,-0.2311115,-2.388639,-0.06765114,0.0395816,-2.785426,-0.02110327,0.9605167,-0.04105616,-0.2743664,5.189513,211.8364,358.9637,0.005915853,0.008049889,-0.9999499,-0.2160964,-0.01441255,-0.3411291,-1.439258,0.2059237,-4.396978,0.3087,0.3605806,2.069,-0.8485558,-0.01801122,0.5287998,-0.06306895,0.9957381,-0.06729019,-0.5253341,-0.09045032,-0.8460752,moving,13.633275916488756,9.91369263620153,8.48607322893318,9.88608663303971,-1.37160686,0.1663421,-1.6115519999999997,0.23237844240290836,0.16745158023620402,0.9581023430555091,13.347102776119863,9.209413177258961,5.075355667258101,5.147276716691063,4.907901305484885
05/05/2023 11:40:36.462713,2939,True,True,True,True,Eyes,-0.03399715,0.02455035,-2.711988,-0.7074739,0.07564683,-0.7026793,0.0,0.0,0.0,0.0,0.0,0.0,0.0,1.380188,-0.2431151,-2.419701,-0.07047957,0.03951553,-2.795075,-0.02073143,0.9626169,-0.04279005,-0.266661,5.361388,210.9212,359.0164,0.004143214,0.00812785,-0.9999582,-0.2031306,-0.01354779,-0.3206614,-1.415993,0.19728,-4.428758,0.3087003,0.3579815,2.069002,-0.8569245,-0.01709197,0.515159,-0.06273372,0.9954785,-0.07132432,-0.5116106,-0.09343739,-0.854122,moving,14.273309089774179,10.08161763773787,8.48607327214009,9.816208598739777,-1.34551343,0.15776447000000002,-1.633683,0.2429671125886889,0.16980537083980735,0.955056584162959,13.966493111535163,9.36855721149991,5.704062532366258,5.793318597046842,5.4986719651687626
05/05/2023 11:40:36.482580,2940,True,True,True,True,Eyes,-0.03601608,0.02518345,-2.7163,-0.7035925,0.07559449,-0.7065713,0.0,0.0,0.0,0.0,0.0,0.0,0.0,1.345737,-0.2439218,-2.450172,-0.07317797,0.04001879,-2.804797,-0.02102479,0.9646244,-0.04252073,-0.2593259,5.332627,210.0452,358.9349,0.002475584,0.008220307,-0.9999629,-0.1909428,-0.01273493,-0.3014217,-1.393768,0.195793,-4.458318,0.3087005,0.3553751,2.069001,-0.8646164,-0.0185086,0.5020921,-0.0626155,0.9954999,-0.07112851,-0.4985162,-0.0929376,-0.8618844,moving,14.82573151138155,10.092078003181282,8.48608273183924,9.746118695176666,-1.32059003,0.15577421,-1.653521,0.2521744196659752,0.1695674582586904,0.9527092285288917,14.504723008222124,9.37507162069653,6.250059728433772,6.349081389519852,6.030066890837821
05/05/2023 11:40:36.492936,2941,True,True,True,True,Eyes,-0.03805771,0.02578105,-2.72084,-0.6995518,0.07577637,-0.7105528,0.0,0.0,0.0,0.0,0.0,0.0,0.0,1.312719,-0.2332443,-2.480629,-0.07548062,0.04042564,-2.814929,-0.02102785,0.9665891,-0.04010773,-0.2522989,5.056957,209.206,358.8258,0.0009025219,0.008325356,-0.9999647,-0.1794862,-0.01197083,-0.2833364,-1.371723,0.2029814,-4.486387,0.3086999,0.3526777,2.069001,-0.8718061,-0.0204123,0.4894255,-0.06088885,0.9958984,-0.0669248,-0.486052,-0.08814601,-0.8694732,moving,15.320181046560688,9.877348517549214,8.486066478177362,9.673545824820636,-1.29624238,0.16255576,-1.6714579999999999,0.26056417484894956,0.16561406208296886,0.9511458110863553,14.992509431951309,9.162864295101286,6.739366667179789,6.837152731316789,6.5264535189880215
05/05/2023 11:40:36.513081,2942,True,True,True,True,Eyes,-0.04006638,0.0263321,-2.72561,-0.6951788,0.07609813,-0.7147975,0.0,0.0,0.0,0.0,0.0,0.0,0.0,1.278679,-0.2161485,-2.511559,-0.0773702,0.04012581,-2.825255,-0.02006936,0.9685916,-0.03646437,-0.2451489,4.616049,208.3578,358.7928,-0.0005861156,0.008440295,-0.9999639,-0.168717,-0.01125258,-0.2663362,-1.348117,0.2158989,-4.514294,0.3086995,0.3499776,2.069001,-0.8789987,-0.02099962,0.476362,-0.05675643,0.9965352,-0.06079821,-0.4734348,-0.08047814,-0.877145,moving,15.808040419953048,9.486908016956457,8.486055642402011,9.600868912959728,-1.2707468,0.17577309000000002,-1.6890389999999997,0.26896077486859893,0.15874872025615097,0.9499783685770451,15.4786076210991,8.779736621154322,7.234403430963514,7.32287157940838,7.040599506819442
05/05/2023 11:40:36.532679,2943,True,True,True,True,Eyes,-0.042059,0.02684048,-2.73058,-0.6906062,0.07629878,-0.7191951,0.0,0.0,0.0,0.0,0.0,0.0,0.0,1.240624,-0.2115909,-2.542258,-0.07866383,0.039522,-2.835355,-0.01876012,0.970633,-0.03511117,-0.237249,4.419694,207.4268,358.8645,-0.001996878,0.008562257,-0.999961,-0.158594,-0.01057743,-0.250356,-1.321009,0.2201697,-4.544337,0.3086998,0.3472887,2.069002,-0.8867223,-0.0197582,0.4618807,-0.05307855,0.9968305,-0.05925848,-0.4592459,-0.07706176,-0.8849605,moving,16.386175508731153,9.307875620101006,8.486059727427834,9.528457936380585,-1.24234517,0.1806477,-1.7089819999999998,0.27868583762872945,0.1553317277195032,0.9477374517453584,16.047010155211332,8.601707044262035,7.814102813893681,7.903194665213113,7.617534941662032
05/05/2023 11:40:36.542872,2944,True,True,True,True,Eyes,-0.04399822,0.02731908,-2.735751,-0.6856776,0.07649858,-0.7238744,0.0,0.0,0.0,0.0,0.0,0.0,0.0,1.199181,-0.2138865,-2.57286,-0.07980472,0.0389989,-2.84526,-0.01715219,0.9726925,-0.03494046,-0.2288104,4.348444,206.4366,359.0014,-0.00333701,0.008688874,-0.9999564,-0.1490784,-0.00994278,-0.2353346,-1.291496,0.2204254,-4.575512,0.3087,0.344711,2.069,-0.8947031,-0.01737813,0.4463229,-0.04935709,0.9969699,-0.06012345,-0.4439257,-0.07582185,-0.8928498,moving,17.010069046665848,9.234924019275857,8.48607322893318,9.459026020650875,-1.21169128,0.1814265,-1.7302519999999997,0.28906677420981886,0.15363166821984026,0.9449008738629968,16.657159671643097,8.526588966612616,8.432587047879764,8.526941210524692,8.224116518750288
05/05/2023 11:40:36.562626,2945,True,True,True,True,Eyes,-0.04592222,0.02779691,-2.741091,-0.6804301,0.07671724,-0.7287862,0.0,0.0,0.0,0.0,0.0,0.0,0.0,1.157013,-0.2205441,-2.602312,-0.08054518,0.03874728,-2.855058,-0.01561476,0.9746635,-0.03554817,-0.2202807,4.368696,205.4382,359.1508,-0.004610717,0.008818407,-0.9999502,-0.1401336,-0.009346213,-0.2212146,-1.261032,0.2175555,-4.606486,0.3086995,0.3420056,2.069,-0.902465,-0.01477713,0.4305094,-0.04609944,0.996985,-0.06241575,-0.428289,-0.07617427,-0.9004254,moving,17.623588188424435,9.247637504409335,8.486059684207827,9.386114767329191,-1.18048682,0.17880822000000002,-1.7514280000000002,0.299181609205882,0.15334110853611163,0.9417944841394873,17.25488707921209,8.534890465944038,9.035393833407511,9.138577740420923,8.810046350312005
05/05/2023 11:40:36.582878,2946,True,True,True,True,Eyes,-0.04777523,0.02827525,-2.746613,-0.6748837,0.07690334,-0.733906,0.0,0.0,0.0,0.0,0.0,0.0,0.0,1.115025,-0.2338311,-2.630054,-0.08109969,0.03926646,-2.86479,-0.01528754,0.9764755,-0.03745214,-0.2118005,4.566608,204.444,359.1958,-0.00582424,0.008950464,-0.9999427,-0.1317256,-0.008785441,-0.2079417,-1.230917,0.2084453,-4.636938,0.3086997,0.3393381,2.069001,-0.9098138,-0.01399105,0.4147811,-0.04572058,0.9967272,-0.06666637,-0.4124909,-0.07961801,-0.9074758,moving,18.202603305759048,9.465738923091363,8.486061060289764,9.314190460276233,-1.14981731,0.16917884,-1.7721479999999996,0.3085322074083362,0.15643456579455195,0.938262358128714,17.8134434415769,8.74326000213907,9.59615137362479,9.71772402080708,9.344839414070977
05/05/2023 11:40:36.593148,2947,True,True,True,True,Eyes,-0.04956814,0.02871779,-2.752288,-0.6692777,0.07731612,-0.7389787,0.0,0.0,0.0,0.0,0.0,0.0,0.0,1.075256,-0.2381908,-2.656703,-0.08132371,0.03976725,-2.874505,-0.01530784,0.9781682,-0.03784102,-0.2037664,4.603983,203.5009,359.165,-0.006980671,0.009084693,-0.9999341,-0.1238221,-0.008258314,-0.1954652,-1.201892,0.2046071,-4.665164,0.3086999,0.3365204,2.069002,-0.9164901,-0.01452583,0.3997942,-0.04536874,0.9966674,-0.06779132,-0.3974771,-0.08026821,-0.914095,moving,18.713069528122976,9.559660885593104,8.486062436370363,9.23818443120555,-1.12056829,0.16483984999999998,-1.7906589999999998,0.31682378930307487,0.15751908374179754,0.9353129775490234,18.30852408088199,8.831259461462002,10.098211767966388,10.232058500882598,9.830887075381492
05/05/2023 11:40:36.613370,2948,True,True,True,True,Eyes,-0.05126305,0.02914021,-2.758118,-0.6634507,0.07745383,-0.7442003,0.0,0.0,0.0,0.0,0.0,0.0,0.0,1.03862,-0.245938,-2.680689,-0.08121674,0.03939284,-2.883948,-0.01554081,0.9796342,-0.03903534,-0.1963463,4.737077,202.6311,359.1307,-0.008083203,0.00921946,-0.9999246,-0.1163928,-0.007762815,-0.1837373,-1.174678,0.1966465,-4.691491,0.3087,0.3339656,2.069003,-0.9224135,-0.01511972,0.3859083,-0.04577749,0.9964694,-0.07037794,-0.3834818,-0.08258345,-0.919849,moving,19.137187415817188,9.730950442772627,8.486061103508419,9.169241283623933,-1.0934612600000002,0.15725366000000002,-1.807543,0.3236115916727107,0.15992675833985015,0.9325765294785252,18.717345421640037,8.995108986781776,10.516435560711137,10.6659274749188,10.232766041264185
05/05/2023 11:40:36.632816,2949,True,True,True,True,Eyes,-0.05285485,0.02954143,-2.764087,-0.6576184,0.07766595,-0.749337,0.0,0.0,0.0,0.0,0.0,0.0,0.0,1.004603,-0.2648641,-2.701842,-0.08062515,0.0393974,-2.893316,-0.01639196,0.9808632,-0.04223255,-0.1893552,5.10933,201.8115,359.0702,-0.009133159,0.009353849,-0.9999143,-0.1094092,-0.007297046,-0.172713,-1.148666,0.1800513,-4.716857,0.3087001,0.331261,2.069001,-0.9277518,-0.01616263,0.3728476,-0.04815044,0.9958954,-0.07664089,-0.3700785,-0.0890565,-0.9247221,moving,19.519250177547114,10.153377200129862,8.486071896064805,9.096239778241973,-1.06804085,0.1406539,-1.823541,0.3294629453413238,0.16644162230433224,0.9293821890851385,19.07840166978193,9.40358993974551,10.903567866927933,11.083707074789043,10.596787916956275
05/05/2023 11:40:36.642875,2950,True,True,True,True,Eyes,-0.05433237,0.02991152,-2.770187,-0.6515763,0.07761422,-0.7546021,0.0,0.0,0.0,0.0,0.0,0.0,0.0,0.9722618,-0.2796198,-2.722001,-0.07962205,0.03934386,-2.902565,-0.01685346,0.9820116,-0.04462527,-0.1826961,5.382439,201.0325,359.0334,-0.01013147,0.009486989,-0.9999034,-0.1028446,-0.006859223,-0.1623503,-1.123056,0.1671226,-4.740747,0.3086999,0.3285373,2.069,-0.9326763,-0.01679485,0.3603235,-0.0494063,0.9954491,-0.08148693,-0.3573152,-0.09380318,-0.9292614,moving,19.84656539923077,10.450880637741557,8.486070519988186,9.02268812884694,-1.04343395,0.12777874,-1.8381819999999998,0.33450529972427157,0.17094319550608827,0.9267602708137911,19.389456066517333,9.690885525306582,11.24530718045466,11.449916058371768,10.923841088962076
05/05/2023 11:40:36.662897,2951,True,True,True,True,Eyes,-0.0556928,0.03024282,-2.776396,-0.6454903,0.07750206,-0.7598261,0.0,0.0,0.0,0.0,0.0,0.0,0.0,0.9389663,-0.2995996,-2.741148,-0.07841516,0.03901999,-2.911638,-0.01722386,0.9830887,-0.04794005,-0.1759033,5.757487,200.2399,359.021,-0.01107864,0.009617746,-0.9998921,-0.09667397,-0.00644767,-0.1526092,-1.096522,0.1503961,-4.764556,0.3087002,0.3258733,2.069001,-0.9375229,-0.01699953,0.3475085,-0.05073078,0.9948102,-0.08819916,-0.3442056,-0.1003181,-0.9335198,moving,20.196500267473613,10.839091418075311,8.486074605008472,8.95071112874253,-1.01810684,0.11137611,-1.8529179999999998,0.33979837356971876,0.17686207957022546,0.9237190422790971,19.720115666908274,10.066287925935757,11.624942753605744,11.861705160442266,11.289295379734146
05/05/2023 11:40:36.682885,2952,True,True,True,True,Eyes,-0.05692269,0.03053171,-2.78271,-0.6391967,0.07714558,-0.7651641,0.0,0.0,0.0,0.0,0.0,0.0,0.0,0.9062531,-0.3197358,-2.759135,-0.07672463,0.0384424,-2.920442,-0.01686743,0.9840966,-0.05120309,-0.1692562,6.112869,199.469,359.0857,-0.01197588,0.009744956,-0.9998805,-0.09087352,-0.00606081,-0.1434527,-1.069569,0.1346431,-4.787416,0.3087,0.3233001,2.069001,-0.9421358,-0.01586548,0.3348562,-0.05053124,0.9941875,-0.09506774,-0.3314016,-0.1064874,-0.9374613,moving,20.524311525968734,11.163503189504965,8.486069187121103,8.881164488840177,-0.99284437,0.09620069999999999,-1.8669740000000004,0.34476609826536003,0.18173898823347512,0.9209273800772725,20.030928343130427,10.379761607139699,11.986698791412492,12.252687401275521,11.641716636951267
05/05/2023 11:40:36.692632,2953,True,True,True,True,Eyes,-0.05804708,0.03078336,-2.789103,-0.6328093,0.07671797,-0.7704977,0.0,0.0,0.0,0.0,0.0,0.0,0.0,0.8729215,-0.3415788,-2.776362,-0.0748904,0.03775623,-2.929133,-0.01629194,0.9850456,-0.0547333,-0.1625552,6.495562,198.6945,359.1752,-0.01282324,0.009867372,-0.9998689,-0.08542112,-0.005697161,-0.1348455,-1.042002,0.117596,-4.809836,0.3086995,0.3204032,2.069003,-0.9466209,-0.01430224,0.3220319,-0.04989097,0.9934777,-0.1025329,-0.3184651,-0.1131263,-0.9411603,moving,20.859363487767084,11.501141731533625,8.48604755880185,8.802829165903455,-0.9671116000000001,0.07983977,-1.8807029999999996,0.3498083249941333,0.18679041543439823,0.9180105877708298,20.348442889814496,10.706056711496018,12.36607011933888,12.664116146807185,12.014104131375461
05/05/2023 11:40:36.713569,2954,True,True,True,True,Eyes,-0.08261668,0.03586426,-2.951401,-0.4539638,0.06028553,-0.8889783,0.0,0.0,0.0,0.0,0.0,0.0,0.0,0.8399005,-0.365344,-2.792339,-0.0726022,0.03714599,-2.937586,-0.01579846,0.9859077,-0.0585863,-0.1558982,6.917916,197.9262,359.2563,-0.01362145,0.009984039,-0.9998571,-0.08029585,-0.005355332,-0.1267548,-1.014041,0.09957328,-4.83151,0.3087002,0.3179517,2.069002,-0.9508926,-0.01288465,0.3092535,-0.04941864,0.9926361,-0.1105955,-0.3055513,-0.1204473,-0.9445271,moving,9.1245796717475,10.53466998291559,8.486070563197716,8.736523320226647,-0.9414388,0.06242729,-1.8939239999999997,0.15597423306781072,0.18059281581715889,0.9711118206482963,8.93520295216696,9.843513550913372,1.8711026155650667,1.908147086112709,1.194632694034894
05/05/2023 11:40:36.732761,2955,True,True,True,True,Eyes,-0.082527,0.03582082,-2.951736,-0.4530269,0.06030618,-0.8894547,0.0,0.0,0.0,0.0,0.0,0.0,0.0,0.8058037,-0.3818176,-2.809232,-0.0702563,0.03621574,-2.946293,-0.01511938,0.9868104,-0.06118722,-0.1491063,7.1963,197.1426,359.3305,-0.01545397,0.01020877,-0.9998282,-0.1491869,0.01020871,-0.6060433,-0.9852847,0.08621055,-4.853037,0.3087002,0.3152604,2.069001,-0.9550774,-0.01159313,0.2961294,-0.04808672,0.992055,-0.1162516,-0.292429,-0.1252691,-0.9480468,moving,9.877621724450263,10.818507699824034,8.486074605008472,8.663703954187383,-0.9150284,0.049994809999999994,-1.9067439999999998,0.16858281585527932,0.185012153682033,0.9681684812108547,9.66163226077375,10.114689419230844,2.501363995315707,2.5650697003856413,1.8674299509742645
05/05/2023 11:40:36.743199,2956,True,True,True,True,Eyes,-0.08231474,0.0357547,-2.952401,-0.4515979,0.06024218,-0.8901855,0.0,0.0,0.0,0.0,0.0,0.0,0.0,0.7698276,-0.398647,-2.825673,-0.06746247,0.03511662,-2.954691,-0.01411141,0.987704,-0.06383192,-0.1420107,7.475489,196.3269,359.4368,-0.01695843,0.0104064,-0.9998018,-0.1402357,0.009596191,-0.5696808,-0.9546517,0.07273991,-4.874373,0.3087,0.3124838,2.068999,-0.9592676,-0.00974615,0.2823307,-0.04600542,0.9914528,-0.1220861,-0.2787276,-0.130102,-0.9515167,moving,10.639178997066585,11.091137150140183,8.486077270749078,8.588550916471773,-0.8871892299999999,0.037623290000000004,-1.9196820000000003,0.181289499567243,0.1891825553259636,0.9650617006455131,10.39666446601862,10.374903352392717,3.2105526987072373,3.3013307772499965,2.6156067089775994
05/05/2023 11:40:36.762934,2957,True,True,True,True,Eyes,-0.08197262,0.0356618,-2.953403,-0.4495366,0.06052219,-0.8912092,0.0,0.0,0.0,0.0,0.0,0.0,0.0,0.7327265,-0.4087916,-2.842754,-0.06438459,0.03450942,-2.963092,-0.01301599,0.9886456,-0.06523279,-0.1347418,7.613608,195.4906,359.5285,-0.0181891,0.01057926,-0.9997783,-0.1318215,0.00902042,-0.5354999,-0.9229101,0.06499086,-4.895468,0.3087,0.3098673,2.069,-0.9633506,-0.008157225,0.2681219,-0.04331556,0.9911506,-0.1254766,-0.2647256,-0.1324918,-0.9551789,moving,11.37662303049532,11.24319367703706,8.48607322893318,8.517692136765207,-0.85852551,0.03048144,-1.932376,0.1936149345034062,0.19128443090797861,0.9622491631672373,11.111440459185037,10.517961635438635,3.858167082983542,3.972862544983803,3.3005501300546176
05/05/2023 11:40:36.782727,2958,True,True,True,True,Eyes,-0.08149914,0.03553269,-2.954715,-0.4470547,0.06098701,-0.8924252,0.0,0.0,0.0,0.0,0.0,0.0,0.0,0.695403,-0.4027117,-2.862044,-0.06122302,0.03366781,-2.971897,-0.01206649,0.989709,-0.06391878,-0.1274566,7.446356,194.648,359.5614,-0.01918967,0.01072915,-0.9997581,-0.1239122,0.008479195,-0.5033699,-0.8909397,0.06771838,-4.916325,0.3087003,0.3071311,2.069001,-0.9672186,-0.007590886,0.2538323,-0.04017835,0.9915376,-0.1234461,-0.2507472,-0.1295979,-0.9593387,moving,12.07335472765267,11.110892027536453,8.4860773139521,8.443563872585065,-0.82971668,0.034050569999999995,-1.9444279999999998,0.20541020700134519,0.18859919143536763,0.9603317393616961,11.794193668192055,10.384613872387769,4.34176254866123,4.470257121133262,3.8355324160960924
05/05/2023 11:40:36.792950,2959,True,True,True,True,Eyes,-0.08084816,0.03535497,-2.956343,-0.4441244,0.06170892,-0.8938376,0.0,0.0,0.0,0.0,0.0,0.0,0.0,0.6602046,-0.389277,-2.881024,-0.0576762,0.03263374,-2.980488,-0.01162365,0.9907395,-0.06147631,-0.1205028,7.158544,193.8399,359.5256,-0.02002743,0.01085824,-0.9997402,-0.1164775,0.007970443,-0.4731677,-0.8599201,0.07441333,-4.935855,0.3087006,0.3045294,2.069002,-0.9706883,-0.00821589,0.240203,-0.03784817,0.9921712,-0.1190127,-0.2373447,-0.1246154,-0.9633998,moving,12.68931708025035,10.886686323971634,8.486081398966986,8.373052888275204,-0.8022439,0.04177959,-1.9553670000000003,0.21589682440879127,0.18441306397993312,0.9588433196828453,12.400688502039076,10.16238052979151,4.762684823706264,4.897503776564615,4.3041656775868615
05/05/2023 11:40:36.812699,2960,True,True,True,True,Eyes,-0.08004984,0.03512588,-2.958252,-0.440857,0.06255382,-0.8953949,0.0,0.0,0.0,0.0,0.0,0.0,0.0,0.6272666,-0.3736446,-2.89941,-0.05382689,0.03117505,-2.989277,-0.01160233,0.9916824,-0.05880332,-0.1139017,6.85006,193.071,359.4451,-0.020758,0.01096778,-0.9997241,-0.1094889,0.007492216,-0.4447777,-0.830002,0.08100578,-4.95452,0.3087004,0.3017401,2.069003,-0.9737839,-0.009616065,0.2272732,-0.03640726,0.9928151,-0.1139854,-0.2245442,-0.1192715,-0.9671375,moving,13.235094879206958,10.65926682135807,8.486071939272987,8.297429572310726,-0.7761751100000001,0.049830730000000004,-1.9652429999999996,0.2251985860760154,0.18021669774652868,0.9575006216573971,12.938852726243857,9.937485636685352,5.166268653813784,5.303913090823285,4.7452123905162455
05/05/2023 11:40:36.832616,2961,True,True,True,True,Eyes,-0.07909016,0.03485253,-2.960446,-0.4372949,0.06348394,-0.8970747,0.0,0.0,0.0,0.0,0.0,0.0,0.0,0.5959799,-0.3613443,-2.916231,-0.0495714,0.02969526,-2.997803,-0.01189319,0.9925069,-0.05675694,-0.1075515,6.616405,192.3313,359.3425,-0.02138619,0.01105777,-0.9997099,-0.1029195,0.007042683,-0.418091,-0.8006712,0.0847455,-4.972206,0.3087001,0.2989737,2.069002,-0.9765826,-0.01139955,0.2148413,-0.03581673,0.9932745,-0.1101051,-0.2121412,-0.1152216,-0.9704228,moving,13.731432782297784,10.517884029968384,8.486067854255301,8.222406231756532,-0.7510998,0.05505024,-1.9744029999999997,0.23360219848014036,0.17749189310256538,0.9559951350985716,13.426503036234662,9.796630966998816,5.583783599098817,5.7256503168130735,5.185179196940842
05/05/2023 11:40:36.849434,2962,True,True,True,True,Eyes,-0.07796716,0.03453548,-2.962891,-0.433504,0.06446241,-0.8988431,0.0,0.0,0.0,0.0,0.0,0.0,0.0,0.5673509,-0.3504651,-2.932203,-0.04508422,0.02830824,-3.006608,-0.0127116,0.9932213,-0.05499619,-0.1016144,6.420825,191.6375,359.1885,-0.02191733,0.01112868,-0.9996976,-0.09674435,0.006620122,-0.3930055,-0.7728473,0.08718233,-4.989246,0.3087004,0.2964846,2.069,-0.979026,-0.01407405,0.2032494,-0.03642767,0.9936277,-0.1066634,-0.200453,-0.1118301,-0.9733,moving,14.159452308397963,10.430621680387805,8.486084064712776,8.154883059903106,-0.72776308,0.058874090000000004,-1.9826379999999997,0.2408151394289926,0.17571682515248016,0.9545321915560236,13.846096577769572,9.708887684872215,5.966245790573769,6.112781158950576,5.580740498764551
05/05/2023 11:40:36.863344,2963,True,True,True,True,Eyes,-0.07666142,0.03417433,-2.965585,-0.4296963,0.06527355,-0.9006111,0.0,0.0,0.0,0.0,0.0,0.0,0.0,0.5428804,-0.3413396,-2.946412,-0.04010959,0.02695081,-3.015002,-0.01394702,0.9938084,-0.05358701,-0.09632678,6.269049,191.0175,358.9971,-0.02235597,0.01118093,-0.9996864,-0.09093969,0.006222915,-0.3694252,-0.7471791,0.08767284,-5.004665,0.3087,0.293824,2.069002,-0.9810535,-0.0173976,0.1929555,-0.03804506,0.9938678,-0.1038235,-0.189966,-0.1091974,-0.9756992,moving,14.506797003538296,10.386978714164407,8.48606514531285,8.082666197218554,-0.70706951,0.06072203,-1.9896630000000002,0.2466415164176715,0.17472568970978086,0.9532254695197434,14.185871083010207,9.664120366995894,6.294881960562879,6.446632321173913,5.915131868227131
05/05/2023 11:40:36.882889,2964,True,True,True,True,Eyes,-0.07518109,0.03376492,-2.968508,-0.4257251,0.06598178,-0.9024436,0.0,0.0,0.0,0.0,0.0,0.0,0.0,0.5216402,-0.339305,-2.959068,-0.03484911,0.02550678,-3.023483,-0.01498814,0.9942545,-0.05337045,-0.09157033,6.250328,190.4611,358.8454,-0.02270437,0.01121474,-0.9996777,-0.08548331,0.00584954,-0.3472597,-0.7231858,0.08337703,-5.01939,0.3087002,0.2911,2.069002,-0.9827808,-0.02002974,0.1836882,-0.03957833,0.9938539,-0.1033827,-0.1804886,-0.1088725,-0.9775332,moving,14.789977511698266,10.459999399325383,8.486070563197716,8.008709639388483,-0.68833669,0.057870250000000005,-1.9959069999999994,0.25130443727558277,0.17572276645140072,0.9518232485074148,14.45995266118337,9.733290446440902,6.602257445473043,6.763731536845991,6.217832924796794
05/05/2023 11:40:36.892902,2965,True,True,True,True,Eyes,-0.07348067,0.03331525,-2.971652,-0.4217675,0.0663182,-0.9042754,0.0,0.0,0.0,0.0,0.0,0.0,0.0,0.5027525,-0.3434696,-2.970278,-0.02923846,0.02396507,-3.031806,-0.01551634,0.9945955,-0.0541687,-0.08720548,6.341724,189.9533,358.7652,-0.02296558,0.01123027,-0.9996713,-0.08035431,0.005498568,-0.3264241,-0.7001384,0.07511672,-5.033395,0.3087004,0.2881308,2.069001,-0.9843091,-0.02141735,0.1751494,-0.04031258,0.99365,-0.1050457,-0.1717874,-0.1104581,-0.9789221,moving,15.039480663450387,10.60220148434456,8.48608002289569,7.92806908724569,-0.6708999400000001,0.05115164999999999,-2.0015889999999996,0.25534588947181125,0.17788982930562913,0.9503439441129264,14.699340252222393,9.869996268270882,6.903597895657585,7.077997176662086,6.509660809422974
05/05/2023 11:40:36.913135,2966,True,True,True,True,Eyes,-0.0715913,0.03282904,-2.974991,-0.4177142,0.06652187,-0.90614,0.0,0.0,0.0,0.0,0.0,0.0,0.0,0.486226,-0.3492262,-2.980624,-0.02330532,0.02253488,-3.039974,-0.0157484,0.9948764,-0.05519514,-0.0832253,6.456337,189.4917,358.7228,-0.02314083,0.01122793,-0.9996673,-0.07553305,0.005168654,-0.3068387,-0.6781836,0.06699292,-5.046693,0.3087,0.2858295,2.069002,-0.9856511,-0.02214816,0.1673362,-0.04052269,0.993411,-0.1072034,-0.1638593,-0.112446,-0.9800541,moving,15.243318555912703,10.748383586966794,8.48606514531285,7.8655395559815355,-0.65487828,0.04445804,-2.0067190000000004,0.2586170518357474,0.18015170214837842,0.9490324527553131,14.89410520943845,10.010877411439642,7.159893960767705,7.346513687597041,6.757621769343149
05/05/2023 11:40:36.923436,2967,True,True,True,True,Eyes,-0.06949434,0.03230799,-2.97852,-0.4136528,0.06641849,-0.9080088,0.0,0.0,0.0,0.0,0.0,0.0,0.0,0.4729354,-0.3563966,-2.989964,-0.01693121,0.02121225,-3.047922,-0.01673134,0.9950767,-0.05650384,-0.07968632,6.610421,189.0761,358.5987,-0.02323234,0.01120825,-0.9996656,-0.07100107,0.004858534,-0.2884283,-0.6577268,0.0568146,-5.058992,0.3087,0.2832476,2.069001,-0.9867405,-0.02429277,0.1604788,-0.0423031,0.9930547,-0.1097848,-0.1566972,-0.1151178,-0.980915,moving,15.386316354686729,10.935788734885332,8.486069187121103,7.795371256263904,-0.64079559,0.035602350000000005,-2.01107,0.2608382913546997,0.18314152980792262,0.947851571429796,15.028450996904732,10.192271386591662,7.380916427938411,7.581268555692273,6.967631590415278
05/05/2023 11:40:36.943207,2968,True,True,True,True,Eyes,-0.06718998,0.03174597,-2.982218,-0.409498,0.06609304,-0.9099137,0.0,0.0,0.0,0.0,0.0,0.0,0.0,0.4618104,-0.3646589,-2.998811,-0.01016796,0.01990619,-3.055914,-0.01830055,0.9952176,-0.05803223,-0.07641688,6.794365,188.6872,358.4097,-0.02324152,0.01117176,-0.9996659,-0.066741,0.004567022,-0.2711226,-0.6380709,0.04512236,-5.07083,0.3087001,0.2805765,2.069001,-0.9876511,-0.02755678,0.1542269,-0.04529534,0.9925947,-0.1127124,-0.1499788,-0.1183063,-0.9815855,moving,15.484734097600283,11.156202013696895,8.486071896064805,7.722750113895113,-0.62790294,0.02521617,-2.014916,0.2622867164802676,0.18671052581467223,0.9467548263917854,15.118449625900515,10.406077383743007,7.580223511286178,7.795502841988699,7.15462644645617
05/05/2023 11:40:36.962702,2969,True,True,True,True,Eyes,-0.0646468,0.03115959,-2.986082,-0.4051495,0.0654778,-0.9119027,0.0,0.0,0.0,0.0,0.0,0.0,0.0,0.4490667,-0.3789162,-3.006786,-0.002937833,0.01843105,-3.063601,-0.01992342,0.9953058,-0.06056967,-0.07280692,7.092513,188.2571,358.2191,-0.02316969,0.01111877,-0.9996683,-0.06273654,0.004293001,-0.2548553,-0.6164597,0.02908733,-5.0827,0.3087001,0.2778994,2.069,-0.9886045,-0.03083999,0.1473438,-0.04847956,0.9918688,-0.1176696,-0.1425168,-0.1234718,-0.982061,moving,15.613803264791946,11.475953913911287,8.486075937878136,7.6499444415937345,-0.6135218670000001,0.01065628,-2.019099,0.26415004825568694,0.19189003545992733,0.9451999577909881,15.235650346698359,10.716335031872003,7.853453362643503,8.089675230137333,7.413467876260608
05/05/2023 11:40:36.982969,2970,True,True,True,True,Eyes,-0.06190617,0.03061391,-2.990094,-0.4006216,0.06461211,-0.9139625,0.0,0.0,0.0,0.0,0.0,0.0,0.0,0.4318504,-0.3945122,-3.015042,0.004392777,0.01729157,-3.071203,-0.02035244,0.9954396,-0.06315535,-0.06853601,7.384334,187.7584,358.1588,-0.02301703,0.01105008,-0.9996726,-0.05897235,0.004035421,-0.239564,-0.5916742,0.01430637,-5.095181,0.3087001,0.275191,2.069001,-0.9897773,-0.03186241,0.1390177,-0.04917607,0.9911944,-0.1229449,-0.1338762,-0.1285244,-0.9826285,moving,15.825354796848927,11.743049454074365,8.486071896064805,7.576254893151904,-0.596066977,-0.0029851999999999986,-2.023978,0.26741050567649355,0.19611120779376487,0.9434149978577695,15.434675697807464,10.974811893159604,8.183026020346915,8.439623831112096,7.735197765790727
05/05/2023 11:40:36.992632,2971,True,True,True,True,Eyes,-0.05897841,0.03023127,-2.994257,-0.3958495,0.0634157,-0.9161232,0.0,0.0,0.0,0.0,0.0,0.0,0.0,0.4118977,-0.418582,-3.022268,0.01179969,0.01778093,-3.078721,-0.02006686,0.9955195,-0.06679369,-0.06385012,7.790504,187.2158,358.1824,-0.02278515,0.01096864,-0.9996786,-0.05543401,0.003793296,-0.2251901,-0.5648296,-0.002496287,-5.107863,0.3087,0.2725305,2.069,-0.9910409,-0.03142433,0.1298088,-0.04848347,0.9902719,-0.1304263,-0.1244474,-0.1355514,-0.9829234,moving,16.0854886421287,12.083318209737364,8.48607322893318,7.503851218240915,-0.5766292900000001,-0.020277217,-2.0291420000000002,0.27138945870358056,0.201477500134142,0.941145405279787,15.679087753085394,11.304162969707983,8.589944903381866,8.872577559453575,8.13522140774321
05/05/2023 11:40:37.012990,2972,True,True,True,True,Eyes,-0.05587662,0.02988224,-2.998598,-0.3910397,0.06267895,-0.9182371,0.0,0.0,0.0,0.0,0.0,0.0,0.0,0.392662,-0.4425966,-3.029277,0.01896335,0.02138441,-3.086384,-0.02106579,0.9955649,-0.06998678,-0.05923597,8.15482,186.6713,358.0517,-0.02247587,0.01088117,-0.9996862,-0.05210797,0.003565698,-0.2116787,-0.5387827,-0.01552851,-5.120206,0.3087001,0.2698432,2.069001,-0.992095,-0.03365326,0.1208951,-0.05023619,0.9893162,-0.136857,-0.1149978,-0.1418484,-0.9831862,moving,16.31586537929813,12.452126950605852,8.486071896064805,7.430686513833964,-0.55774605,-0.03691292,-2.033822,0.2748286629388383,0.20732083065477733,0.9388755768308523,15.893722771021316,11.661480335223736,8.991236467261936,9.301641255720998,8.53070383053789
05/05/2023 11:40:37.032720,2973,True,True,True,True,Eyes,-0.05256594,0.02957403,-3.003048,-0.3856682,0.06145669,-0.9205885,0.0,0.0,0.0,0.0,0.0,0.0,0.0,0.3817993,-0.4110908,-3.04387,0.02619441,0.02176302,-3.094956,-0.02159807,0.9960941,-0.06460828,-0.05617803,7.535388,186.3197,357.9323,-0.02209129,0.01078937,-0.9996952,-0.04898149,0.003351756,-0.198978,-0.5194868,0.004083678,-5.131954,0.3087004,0.2671677,2.069002,-0.9927552,-0.0357683,0.114708,-0.05028655,0.9907185,-0.1262852,-0.1091264,-0.1311385,-0.9853398,moving,16.29295426615956,11.795727527999277,8.486075981082427,7.357818913852225,-0.54568121,-0.017679342,-2.0369980000000005,0.27507698889456794,0.19653687452252064,0.9411195347578665,15.889080670640837,11.022965967083486,8.705088506637274,8.980110323683638,8.260616281817816
05/05/2023 11:40:37.043701,2974,True,True,True,True,Eyes,0.03435793,0.02641421,-3.117913,-0.2458664,0.02587692,-0.9689583,0.0,0.0,0.0,0.0,0.0,0.0,0.0,0.3684583,-0.4298495,-3.050018,0.03373343,0.02247154,-3.101854,-0.02081846,0.9961226,-0.06732446,-0.05266858,7.834942,185.917,358.011,-0.02163267,0.01069514,-0.9997065,-0.0460426,0.003150651,-0.1870393,-0.4971303,-0.008317016,-5.14226,0.3087002,0.2644984,2.069002,-0.9935855,-0.03438371,0.1077319,-0.04856724,0.990068,-0.1319339,-0.1021255,-0.1363198,-0.9853871,moving,8.103005248225452,9.614658855361103,8.486070563197716,7.285099859105205,-0.53086373,-0.030788556,-2.0404060000000004,0.13901177243596285,0.1653993589277226,0.9763804934384174,7.964150133651681,8.955131730686546,2.345073377381491,2.360843949220614,1.749687796972646
05/05/2023 11:40:37.063007,2975,True,True,True,True,Eyes,0.03468183,0.02654336,-3.118238,-0.2452293,0.02607946,-0.9691143,0.0,0.0,0.0,0.0,0.0,0.0,0.0,0.3558621,-0.4520468,-3.056593,0.04114511,0.0267634,-3.109876,-0.02138682,0.9960994,-0.07007498,-0.04917712,8.146619,185.5055,357.9324,-0.01806733,0.01045773,-0.99978,0.2174916,-0.006517857,-0.5204136,-0.4752355,-0.01851615,-5.153372,0.3087004,0.2617471,2.069002,-0.9942487,-0.03571463,0.1009679,-0.04949897,0.9892642,-0.1374998,-0.09497322,-0.1417067,-0.9853424,moving,8.465340729957514,9.963487215629105,8.486075981082427,7.210122197799635,-0.51638061,-0.04527955,-2.043496,0.14503796333823282,0.1711910585323059,0.9745038147417162,8.30795957043495,9.292133422688487,2.725152391464224,2.7534430940272383,2.0896162796803432
05/05/2023 11:40:37.072848,2976,True,True,True,True,Eyes,0.0352871,0.02673079,-3.118838,-0.2443677,0.02621816,-0.9693281,0.0,0.0,0.0,0.0,0.0,0.0,0.0,0.3446906,-0.4229378,-3.070273,0.04843698,0.02992124,-3.117855,-0.02186718,0.9966,-0.06468466,-0.04611146,7.524268,185.1552,357.8253,-0.01501795,0.01025673,-0.9998327,0.2044421,-0.006126786,-0.4891888,-0.4558027,0.004091557,-5.164385,0.3087002,0.2591276,2.069001,-0.9947913,-0.03762025,0.0947383,-0.04955107,0.9906754,-0.1269128,-0.08908041,-0.1309461,-0.9873794,moving,8.758205579217003,9.378340242256627,8.486074605008472,7.13871664705995,-0.50423968,-0.025829683000000003,-2.04653,0.1502759934093414,0.1611025065015158,0.9754296685924878,8.609221373927209,8.72085251315562,2.2258994203641307,2.2560959898207726,1.5869212411085247
05/05/2023 11:40:37.092634,2977,True,True,True,True,Eyes,0.03612113,0.02697987,-3.119722,-0.2429863,0.0261875,-0.9696762,0.0,0.0,0.0,0.0,0.0,0.0,0.0,0.3329765,-0.4315257,-3.077793,0.05574369,0.03151373,-3.125027,-0.02097087,0.9966999,-0.06559013,-0.04298168,7.616977,184.7994,357.909,-0.01238523,0.01008836,-0.9998707,0.1921755,-0.005759179,-0.4598374,-0.4352836,-1.93119e-05,-5.174333,0.3087002,0.2563081,2.069001,-0.9954257,-0.03616499,0.08843064,-0.04744168,0.9905162,-0.1289446,-0.08292872,-0.1325501,-0.9877011,moving,9.048413973284193,9.467839318326014,8.486074605008472,7.061830626349307,-0.49102729,-0.031533041899999996,-2.0493059999999996,0.1551786247354495,0.16250136358148992,0.9744295568432594,8.889709722454995,8.806009202399538,2.431394348352757,2.470850742351751,1.7902737816291343
05/05/2023 11:40:37.113002,2978,True,True,True,True,Eyes,0.03720492,0.027259,-3.120863,-0.2413773,0.02617188,-0.9700783,0.0,0.0,0.0,0.0,0.0,0.0,0.0,0.3208237,-0.4397002,-3.085945,0.06278652,0.03331326,-3.132773,-0.0189358,0.9968203,-0.0663093,-0.0399214,7.683964,184.4608,358.1232,-0.00998937,0.009944518,-0.999899,0.180645,-0.005413628,-0.4322472,-0.4151084,-0.001928344,-5.184813,0.3087,0.2538356,2.069,-0.9960954,-0.03245686,0.08210015,-0.04304549,0.9904891,-0.130685,-0.07707767,-0.1337088,-0.9880186,moving,9.329518236325143,9.50971264947141,8.48607322893318,6.9943893750419,-0.47789492,-0.035241603999999996,-2.0520400000000003,0.15994177602765244,0.16308788508052213,0.9735609104776123,9.162606859459027,8.844887165372535,2.6050150004388284,2.6529701572730184,1.9702892745104836
05/05/2023 11:40:37.132770,2979,True,True,True,True,Eyes,0.03849671,0.02755015,-3.12224,-0.2392416,0.02570454,-0.9706198,0.0,0.0,0.0,0.0,0.0,0.0,0.0,0.3059973,-0.44463,-3.094268,0.06980754,0.034288,-3.140028,-0.01632958,0.9969773,-0.06660549,-0.03651659,7.700852,184.0875,358.3985,-0.007798753,0.009823637,-0.9999198,0.1698063,-0.00508881,-0.4063123,-0.3934516,-0.002729252,-5.195059,0.3086999,0.2511427,2.069,-0.9967998,-0.02769602,0.07498769,-0.03742484,0.9905941,-0.1316157,-0.07063713,-0.1340009,-0.9884605,moving,9.624627137774404,9.463436545585319,8.486070519988186,6.920910531189884,-0.46325914,-0.037017252,-2.0550309999999996,0.16497951985505147,0.1621651533508679,0.9728742384122924,9.45153189543603,8.797904245067393,2.7302482919978397,2.7858122165326087,2.110739460335483
05/05/2023 11:40:37.142948,2980,True,True,True,True,Eyes,0.04000044,0.02783445,-3.123866,-0.2368486,0.02523774,-0.9712187,0.0,0.0,0.0,0.0,0.0,0.0,0.0,0.286918,-0.4677126,-3.100017,0.07655261,0.03498339,-3.147077,-0.01353609,0.9969372,-0.06984427,-0.03248176,8.055948,183.6407,358.7007,-0.005785948,0.009723724,-0.9999347,0.1596179,-0.004783481,-0.3819336,-0.3693008,-0.01598046,-5.205328,0.3087001,0.2484317,2.069001,-0.9975237,-0.02245193,0.06665537,-0.03152659,0.9898771,-0.1383813,-0.06287369,-0.14014,-0.9881338,moving,9.984915932972347,9.749494076059444,8.486071896064805,6.846911415899712,-0.44585341,-0.050963850000000005,-2.058251,0.17095845082341432,0.16684780361057477,0.971048394568645,9.79503806022829,9.073844480615596,3.1969341009280057,3.2667291816177904,2.583142135781488
05/05/2023 11:40:37.163388,2981,True,True,True,True,Eyes,0.04171437,0.02810076,-3.125714,-0.234002,0.0244628,-0.9719283,0.0,0.0,0.0,0.0,0.0,0.0,0.0,0.2664134,-0.474456,-3.108621,0.08307298,0.03507882,-3.154597,-0.01060751,0.9970505,-0.07053699,-0.02832326,8.120693,183.1838,359.007,-0.003927127,0.009642421,-0.9999446,0.1500408,-0.004496472,-0.3590176,-0.3450024,-0.01923323,-5.216212,0.3087,0.2457496,2.069001,-0.9981704,-0.01715677,0.05797589,-0.02514812,0.9898241,-0.140057,-0.054983,-0.1412588,-0.9884445,moving,10.329001898650574,9.722974206768555,8.486069187121103,6.773681837297823,-0.42807538,-0.05431205,-2.0616149999999998,0.1768057925276285,0.1662239586725384,0.9701078765893191,10.131174371460663,9.045759276523015,3.3991045189852813,3.477747325474301,2.8051215583958213
05/05/2023 11:40:37.182865,2982,True,True,True,True,Eyes,0.04362463,0.02837545,-3.127788,-0.2309169,0.02356953,-0.9726879,0.0,0.0,0.0,0.0,0.0,0.0,0.0,0.2449851,-0.4843445,-3.116268,0.08944889,0.03499247,-3.161725,-0.008800351,0.9970894,-0.07183623,-0.02397472,8.260633,182.6958,359.1833,-0.002200288,0.009577218,-0.9999506,0.1410384,-0.004226684,-0.3374765,-0.3202556,-0.02602764,-5.226572,0.3087,0.2431473,2.068999,-0.9986956,-0.01410497,0.04907424,-0.02099398,0.9895242,-0.1428323,-0.04654551,-0.1436763,-0.9885295,moving,10.670030677042407,9.785354763261155,8.486077270749078,6.702616204325788,-0.40970449,-0.06102011,-2.064847,0.18254930097050262,0.1671017575526461,0.968892482989954,10.461934324747924,9.104193060409957,3.6891906824725895,3.7779530838282174,3.109916798487721
05/05/2023 11:40:37.192889,2983,True,True,True,True,Eyes,0.04572438,0.02867378,-3.130086,-0.2274968,0.02254467,-0.9735178,0.0,0.0,0.0,0.0,0.0,0.0,0.0,0.2235116,-0.4979225,-3.123493,0.09599492,0.03550398,-3.169167,-0.008794934,0.9970508,-0.0737152,-0.01945905,8.472684,182.1732,359.1502,-0.0005860417,0.009526698,-0.9999535,0.1325761,-0.003973083,-0.3172279,-0.2949315,-0.03607956,-5.236997,0.3087001,0.2404371,2.069,-0.9990881,-0.01466914,0.04009996,-0.02040685,0.9889774,-0.1466533,-0.03750667,-0.1473379,-0.9883748,moving,10.992857720277803,9.949875916120574,8.486075937878136,6.628571991939502,-0.39092642,-0.07158354,-2.06783,0.18792059071312361,0.1697082417133911,0.9674114571127781,10.77219786264423,9.262128740076243,4.060383858647421,4.161131416015533,3.4874022711113777
05/05/2023 11:40:37.212999,2984,True,True,True,True,Eyes,0.04800214,0.02898457,-3.132595,-0.2238684,0.02171713,-0.9743775,0.0,0.0,0.0,0.0,0.0,0.0,0.0,0.20359,-0.491484,-3.134133,0.1034285,0.03618447,-3.177071,-0.01013855,0.9972094,-0.07243335,-0.01497846,8.323736,181.645,358.9547,0.0009330967,0.009490062,-0.9999537,0.1246215,-0.003734698,-0.2981943,-0.2691623,-0.03369343,-5.248032,0.3087003,0.2377592,2.069001,-0.9993461,-0.01805064,0.03134207,-0.0223904,0.9893013,-0.1441587,-0.02840459,-0.1447662,-0.9890584,moving,11.276012655963338,9.796793363323594,8.4860773139521,6.555388415643018,-0.3725908,-0.0698779,-2.070961,0.19279092886186772,0.16696224727025516,0.966930955392003,11.052348725532017,9.111304098960982,4.172210294711441,4.276733011008694,3.621940631501725
05/05/2023 11:40:37.232811,2985,True,True,True,True,Eyes,0.05044338,0.02926005,-3.135321,-0.2199618,0.02098554,-0.9752828,0.0,0.0,0.0,0.0,0.0,0.0,0.0,0.1822449,-0.4796535,-3.145118,0.1099038,0.03677845,-3.184591,-0.01141573,0.9974048,-0.07031298,-0.01046776,8.07678,181.1156,358.7673,0.00237189,0.009466254,-0.9999517,0.1171442,-0.003510616,-0.2803026,-0.2442288,-0.0278229,-5.258652,0.3087003,0.235054,2.069,-0.9995202,-0.02130016,0.02248654,-0.02424424,0.9898515,-0.140022,-0.01927584,-0.1405,-0.989893,moving,11.545393037234717,9.551503274872436,8.486081355767933,6.4814432617644515,-0.3541326,-0.06460135,-2.0740609999999995,0.19747854120691585,0.16266641791991385,0.9667171192070946,11.321557183129103,8.870854322891592,4.229321818155236,4.334126953429459,3.707992500880529
05/05/2023 11:40:37.242707,2986,True,True,True,True,Eyes,0.05303854,0.02949949,-3.138237,-0.2158613,0.02036637,-0.9762117,0.0,0.0,0.0,0.0,0.0,0.0,0.0,0.160288,-0.4697534,-3.155695,0.1161103,0.03649252,-3.192171,-0.01205434,0.9975528,-0.06861084,-0.005981076,7.876025,180.5945,358.6563,0.003743368,0.009452785,-0.9999476,0.1101156,-0.003299979,-0.2634844,-0.2195244,-0.02405883,-5.269126,0.3087002,0.2323901,2.069,-0.9996382,-0.02322894,0.01358699,-0.02487041,0.9902945,-0.1367417,-0.01027876,-0.1370301,-0.9905139,moving,11.809042678593194,9.344769682647613,8.486078646823053,6.408602728936534,-0.3356347,-0.060551350000000004,-2.076955,0.2020462522733574,0.15902607113161515,0.9663789079467177,11.58413998471564,8.667957413626224,4.3293110912010695,4.434316896265203,3.834405774637584
05/05/2023 11:40:37.262730,2987,True,True,True,True,Eyes,0.05574959,0.02972356,-3.141324,-0.2114836,0.01946421,-0.9771878,0.0,0.0,0.0,0.0,0.0,0.0,0.0,0.1379964,-0.4637696,-3.165338,0.1223225,0.03585406,-3.199569,-0.01219954,0.9976388,-0.06757066,-0.001499115,7.750456,180.0776,358.6041,0.005058543,0.009447407,-0.9999418,0.1035086,-0.003101981,-0.2476754,-0.1947004,-0.0230616,-5.279199,0.3087003,0.2297252,2.069001,-0.999698,-0.02413888,0.004639813,-0.02454406,0.9905707,-0.1347857,-0.00134249,-0.1348588,-0.990864,moving,12.06260918678175,9.18482462595772,8.4860773139521,6.335710995341266,-0.3170229,-0.05891566,-2.0796300000000003,0.20641588763738664,0.15618222754464206,0.9659191260860237,11.835632454853714,8.510651878462538,4.466968019300223,4.5726391414073815,3.993731023368095
05/05/2023 11:40:37.272762,2988,True,True,True,True,Eyes,0.05859988,0.02995809,-3.144586,-0.2069316,0.01847061,-0.9781811,0.0,0.0,0.0,0.0,0.0,0.0,0.0,0.1153702,-0.4746314,-3.172059,0.1283758,0.03579783,-3.206678,-0.01196931,0.9975346,-0.06908406,0.002991665,7.918009,179.5591,358.5946,0.006326652,0.009448755,-0.9999347,0.09729811,-0.002915862,-0.2328148,-0.1697873,-0.03191621,-5.288532,0.3087001,0.2270343,2.069,-0.9996956,-0.02429294,-0.004314802,-0.02346624,0.9901682,-0.1378991,0.007622354,-0.1377559,-0.990437,moving,12.317057276132685,9.303395815389512,8.486075937878136,6.262093302054848,-0.2981631,-0.06771404,-2.081854,0.2106405553982588,0.15803519624644435,0.9647049020702668,12.080477393736246,8.624332418889304,4.776659548694698,4.8914148251472565,4.3011504822521305
05/05/2023 11:40:37.292790,2989,True,True,True,True,Eyes,0.06155453,0.03018323,-3.148007,-0.2022268,0.01728059,-0.9791862,0.0,0.0,0.0,0.0,0.0,0.0,0.0,0.09321575,-0.4871061,-3.178646,0.13449,0.03630979,-3.214085,-0.0115745,0.9973999,-0.07074597,0.007387327,8.102999,179.0524,358.6031,0.00755655,0.009456418,-0.999926,0.09146022,-0.00274091,-0.218846,-0.1451594,-0.04082055,-5.297879,0.3087001,0.2242567,2.069002,-0.999623,-0.02413406,-0.01309854,-0.02204357,0.9897221,-0.141295,0.01637394,-0.140953,-0.9898809,moving,12.553821681570907,9.423350241151695,8.486067854255301,6.186072821796159,-0.2796494,-0.07713033999999999,-2.083794,0.21455940130461124,0.1599149361817627,0.9635306887677311,12.30804665998817,8.7394760949496,5.074822807843463,5.198710060150498,4.596454097108112
05/05/2023 11:40:37.312927,2990,True,True,True,True,Eyes,0.06463628,0.0303979,-3.151577,-0.1973455,0.01592715,-0.9802046,0.0,0.0,0.0,0.0,0.0,0.0,0.0,0.07130367,-0.4948536,-3.185523,0.1405648,0.03638782,-3.221247,-0.01090725,0.9972963,-0.0717268,0.0116858,8.210529,178.56,358.6434,0.008755968,0.009469416,-0.9999161,0.08597261,-0.002576455,-0.2057152,-0.1209687,-0.04685772,-5.306893,0.3087001,0.2217984,2.069,-0.9994891,-0.02343189,-0.02174372,-0.02007915,0.9894726,-0.1433206,0.02487309,-0.1428108,-0.9894375,moving,12.770110649793079,9.448475609846607,8.486075937878136,6.118784237696757,-0.2615335,-0.08324554,-2.0856459999999997,0.21818473958234233,0.16020555836635883,0.9626679473320183,12.518212031982346,8.762488373570463,5.296308570687049,5.42584537622123,4.821544673588921
05/05/2023 11:40:37.332731,2991,True,True,True,True,Eyes,0.06784833,0.03061061,-3.155302,-0.1923434,0.01435536,-0.9812227,0.0,0.0,0.0,0.0,0.0,0.0,0.0,0.04761222,-0.5141118,-3.190343,0.1466158,0.03638512,-3.228319,-0.009714684,0.9970418,-0.07450155,0.01621189,8.525373,178.0428,358.7376,0.009930714,0.009486813,-0.999905,0.08081425,-0.002421868,-0.1933723,-0.09569782,-0.06042081,-5.315418,0.3087,0.2191174,2.069,-0.9992856,-0.02178751,-0.03088034,-0.01695627,0.9887103,-0.1488773,0.03377538,-0.1482473,-0.9883733,moving,13.016160141902184,9.655822424748452,8.48607322893318,6.045374121755078,-0.24231362,-0.09680593,-2.0870990000000003,0.22219371754799247,0.16353650592018562,0.9611897887478833,12.752477069121227,8.962601894529982,5.650625050007552,5.792842513623237,5.168405905675418
05/05/2023 11:40:37.343346,2992,True,True,True,True,Eyes,0.07118665,0.03081988,-3.159165,-0.1871255,0.01276071,-0.9822532,0.0,0.0,0.0,0.0,0.0,0.0,0.0,0.02201651,-0.5279856,-3.196129,0.1528374,0.03663268,-3.235705,-0.008981928,0.9968148,-0.07639477,0.02106329,8.738467,177.4854,358.7753,0.01108697,0.009508043,-0.9998927,0.0759654,-0.002276556,-0.18177,-0.06899601,-0.07036843,-5.324301,0.3087001,0.2164128,2.069001,-0.9989516,-0.02112489,-0.04062006,-0.01468839,0.9881663,-0.1526812,0.04336474,-0.1519245,-0.9874406,moving,13.28059843734348,9.772914020885652,8.486071896064805,5.971294743700727,-0.22183341,-0.10700111,-2.0885960000000003,0.2265588658978082,0.165329887577756,0.9598631391697564,13.007100529899754,9.074776564427795,5.9663786940012615,6.118806573482257,5.4837304200278565
05/05/2023 11:40:37.363165,2993,True,True,True,True,Eyes,0.07462686,0.03100374,-3.163164,-0.1817313,0.0109531,-0.9832872,0.0,0.0,0.0,0.0,0.0,0.0,0.0,-0.005953029,-0.5366812,-3.202229,0.1591115,0.03677927,-3.242786,-0.008637954,0.9966077,-0.07750627,0.0262929,8.860686,176.8818,358.7652,0.01223072,0.009532564,-0.9998791,0.07140747,-0.002139963,-0.1708637,-0.04072329,-0.077357,-5.332949,0.3087004,0.21373,2.069002,-0.9984684,-0.02129303,-0.05106843,-0.01314157,0.9878364,-0.1549409,0.05374641,-0.1540325,-0.9866031,moving,13.57235704629826,9.79827502629019,8.486075981082427,5.897792717711785,-0.19983478999999998,-0.11413627,-2.090163,0.23143461074914745,0.16555952401152715,0.958659490350775,13.290828785615702,9.097517640708213,6.249748599087742,6.409681529834866,5.772684738968071
05/05/2023 11:40:37.382864,2994,True,True,True,True,Eyes,0.1637323,0.03462789,-3.266171,-0.03916235,-0.0345631,-0.9986349,0.0,0.0,0.0,0.0,0.0,0.0,0.0,-0.03489929,-0.5439655,-3.208368,0.1654065,0.03642622,-3.249931,-0.008230513,0.9963803,-0.07846901,0.03164265,8.966044,176.2649,358.7605,0.01336602,0.009559189,-0.9998643,0.06712303,-0.002011565,-0.1606119,-0.01191065,-0.08425637,-5.341479,0.3087003,0.2109923,2.069002,-0.9978622,-0.02136737,-0.06176454,-0.01143551,0.9875497,-0.1568908,0.06434791,-0.1558491,-0.9856828,moving,5.87012485869911,7.1016555352493835,8.48607327214009,5.822769407436222,-0.17731715,-0.12068259,-2.0915479999999995,0.10149736940369011,0.12299169735952764,0.9872037719852453,5.855229611645087,6.52482630648284,2.9088549557246353,2.911826888689869,2.7229069494688387
05/05/2023 11:40:37.392717,2995,True,True,True,True,Eyes,0.163985,0.03459908,-3.266436,-0.03868586,-0.03483534,-0.9986441,0.0,0.0,0.0,0.0,0.0,0.0,0.0,-0.06573467,-0.551689,-3.213934,0.1718436,0.03564934,-3.256877,-0.007358081,0.9961072,-0.07955906,0.03724033,9.087964,175.623,358.8055,0.01746925,0.009668367,-0.9998,0.330412,0.008981586,-0.4599957,0.01813625,-0.09178279,-5.349631,0.3087003,0.2083829,2.069002,-0.9971184,-0.02058448,-0.07301991,-0.008733264,0.9872324,-0.1590467,0.07536152,-0.1579507,-0.9845672,moving,6.493829643064285,7.213754862578865,8.48607327214009,5.751243343372604,-0.15370735000000002,-0.12743213,-2.092754,0.11221233282487322,0.12477833575738538,0.9858188953500957,6.460207406745963,6.62976111968779,2.471288676964698,2.471431694666906,2.2081499015852324
05/05/2023 11:40:37.412829,2996,True,True,True,True,Eyes,0.1644961,0.03453621,-3.266953,-0.03773772,-0.03524469,-0.998666,0.0,0.0,0.0,0.0,0.0,0.0,0.0,-0.09840037,-0.5649549,-3.217743,0.1783715,0.03499082,-3.263386,-0.005896876,0.9957255,-0.08149358,0.04306759,9.310376,174.958,358.9106,0.02093171,0.009762404,-0.9997326,0.3105873,0.008442692,-0.432396,0.04930674,-0.1025829,-5.356897,0.3087002,0.205693,2.069001,-0.9962209,-0.0187628,-0.08480587,-0.004723876,0.986648,-0.1627984,0.08672809,-0.1617825,-0.983008,moving,7.121199946443471,7.409719845935874,8.486074605008472,5.677494596734173,-0.12906476,-0.13757372,-2.093511,0.12294913501732599,0.12798537987036815,0.9841256809868966,7.066497968627907,6.8162715878903155,2.2040246984052145,2.205331527812729,1.8198930908556683
05/05/2023 11:40:37.432999,2997,True,True,True,True,Eyes,0.1652793,0.03445622,-3.267704,-0.03635977,-0.03581358,-0.9986968,0.0,0.0,0.0,0.0,0.0,0.0,0.0,-0.1330172,-0.5783837,-3.221042,0.1849726,0.03411559,-3.269855,-0.003655256,0.9952918,-0.08348547,0.0491044,9.54521,174.2759,359.1009,0.02387082,0.009842324,-0.9996659,0.2919521,0.00793613,-0.4064522,0.08145675,-0.1136299,-5.363824,0.3087002,0.20296,2.069001,-0.9951511,-0.0154751,-0.09713607,0.0009229131,0.9860336,-0.1665438,0.09835672,-0.1658258,-0.9812381,moving,7.753380994238012,7.59484590288936,8.486074605008472,5.6025420402944635,-0.10351584999999999,-0.14774549,-2.093969,0.13374715789905464,0.1309797622291237,0.9823217107228351,7.677770279371516,6.99220404916902,2.1138991668996283,2.1227610812746684,1.607643113925688
05/05/2023 11:40:37.442848,2998,True,True,True,True,Eyes,0.1663003,0.03439041,-3.268706,-0.03450633,-0.03634255,-0.9987434,0.0,0.0,0.0,0.0,0.0,0.0,0.0,-0.1711981,-0.5932556,-3.223329,0.1915347,0.03364439,-3.276171,-0.00045875,0.9947746,-0.08565217,0.05556195,9.808647,173.5542,359.3935,0.02653576,0.00991145,-0.999598,0.274435,0.007459962,-0.3820651,0.1153407,-0.1247196,-5.370277,0.3087001,0.2002657,2.069,-0.9938253,-0.01043071,-0.1104646,0.008605298,0.9853271,-0.1704602,0.1106218,-0.1703582,-0.9791531,moving,8.413757309010373,7.791724833240568,8.486075937878136,5.528634651387239,-0.076194,-0.15836399,-2.0941059999999996,0.14499816494955972,0.13413972763641693,0.9802968491355151,8.31621109234107,7.179384895691235,2.2415547040527257,2.264245383186692,1.6594669128425048
05/05/2023 11:40:37.463285,2999,True,True,True,True,Eyes,0.1675664,0.03432986,-3.269945,-0.03225338,-0.03664108,-0.9988079,0.0,0.0,0.0,0.0,0.0,0.0,0.0,-0.2101714,-0.5942143,-3.228262,0.1981348,0.03387265,-3.283067,0.002961698,0.9943917,-0.08557925,0.06206968,9.820743,172.8328,359.7248,0.02896378,0.009971263,-0.99953,0.2579688,0.007012364,-0.3591412,0.1494374,-0.1257707,-5.377644,0.3086999,0.1976175,2.069,-0.9922771,-0.004733578,-0.1239501,0.01651393,0.9853349,-0.1698309,0.1229362,-0.1705662,-0.9776471,moving,9.054738718673553,7.737806741458177,8.486070519988186,5.455971195978824,-0.0486974,-0.15964335000000002,-2.094577,0.15598003440347963,0.13299209707347698,0.9787662649227794,8.942505175109405,7.12267280525776,2.3159014265750497,2.3516285796887897,1.7280702673122468
05/05/2023 11:40:37.473155,3000,True,True,True,True,Eyes,0.1690466,0.0342635,-3.271426,-0.02946464,-0.03658077,-0.9988962,0.0,0.0,0.0,0.0,0.0,0.0,0.0,-0.2531644,-0.5738477,-3.236276,0.2047088,0.03383354,-3.289959,0.006440129,0.9941838,-0.08231169,0.06915113,9.471478,172.0492,0.0825688,0.03118563,0.01002279,-0.9994627,0.2424907,0.006591623,-0.3375927,0.1859918,-0.1139082,-5.385641,0.3087,0.1949449,2.069,-0.9903533,0.001421451,-0.1385581,0.02418924,0.9863666,-0.1627752,0.1364377,-0.1645566,-0.9768858,moving,9.722424777559516,7.331174626582895,8.48607322893318,5.382620382251305,-0.018716999999999984,-0.14774174,-2.0956819999999996,0.16753352773203803,0.12580076474295912,0.9778070468115412,9.604338238858816,6.722598433907137,2.265271378452713,2.3076890594041033,1.74529590939283
05/05/2023 11:40:37.492667,3001,True,True,True,True,Eyes,0.1707129,0.03417862,-3.273152,-0.02632202,-0.0363465,-0.9989926,0.0,0.0,0.0,0.0,0.0,0.0,0.0,-0.300156,-0.5461778,-3.244729,0.2111718,0.03350625,-3.297113,0.009972642,0.9939381,-0.07802868,0.07680516,9.012112,171.1985,0.4547236,0.03322763,0.0100666,-0.9993964,0.2279413,0.006196125,-0.3173372,0.2249676,-0.09818922,-5.393663,0.3086999,0.1923603,2.069,-0.988003,0.007838367,-0.1542355,0.03181038,0.9876241,-0.1535794,0.1511229,-0.1566433,-0.976025,moving,10.430238822197676,6.812694897539236,8.486070519988186,5.311667933718833,0.013795799999999997,-0.13169546999999998,-2.09655,0.1798014293904187,0.11669075875063158,0.9767573109351446,10.308303477791583,6.213431988475866,2.4152235627371863,2.456190614230099,2.033153059402258
05/05/2023 11:40:37.512819,3002,True,True,True,True,Eyes,0.172568,0.03404275,-3.275097,-0.02270326,-0.03593098,-0.9990964,0.0,0.0,0.0,0.0,0.0,0.0,0.0,-0.3464847,-0.5174439,-3.252769,0.217405,0.03284601,-3.304536,0.01269715,0.9936247,-0.07368077,0.08438032,8.543768,170.3474,0.7415204,0.03511383,0.01010284,-0.9993317,0.2142648,0.005824358,-0.2982969,0.2634151,-0.08298074,-5.401325,0.3087002,0.1897244,2.069001,-0.9854378,0.01279799,-0.1695558,0.03766682,0.9888198,-0.1442793,0.1658137,-0.1485648,-0.9749025,moving,11.09498212039899,6.3033531813360355,8.486074605008472,5.239287849220307,0.046010100000000026,-0.11582675,-2.096789,0.19131537406374854,0.10776446766849036,0.9755948631405986,10.970036238513343,5.713442307145489,2.783504340034306,2.8175580659272454,2.5288115482760887
05/05/2023 11:40:37.532628,3003,True,True,True,True,Eyes,0.1745932,0.03385906,-3.277253,-0.01881504,-0.03575475,-0.9991835,0.0,0.0,0.0,0.0,0.0,0.0,0.0,-0.3914178,-0.5001197,-3.258034,0.2236399,0.03141925,-3.311662,0.01473898,0.9931189,-0.07122828,0.09178372,8.289907,169.5075,0.9380304,0.03686418,0.01013064,-0.9992683,0.2014089,0.005474896,-0.2803991,0.3010378,-0.07687507,-5.407686,0.3087004,0.1869961,2.069002,-0.9827173,0.01619993,-0.184404,0.04235032,0.9894186,-0.1387707,0.1802046,-0.1441819,-0.9730049,moving,11.726144585199904,6.006707218342244,8.486075981082427,5.164353019697802,0.07739790000000002,-0.10829432,-2.096024,0.20216400894851247,0.102484147256157,0.9739747366318378,11.593300928756623,5.420624934039257,3.316753348233668,3.3477761507247905,3.1177751954765984
05/05/2023 11:40:37.542950,3004,True,True,True,True,Eyes,0.1767896,0.03365077,-3.279617,-0.01448058,-0.03566209,-0.999259,0.0,0.0,0.0,0.0,0.0,0.0,0.0,-0.4366258,-0.5045909,-3.259207,0.2298256,0.03009328,-3.318728,0.01645612,0.9923158,-0.07209779,0.09920004,8.415604,168.6606,1.063179,0.03849775,0.01014933,-0.9992066,0.1893244,0.005146402,-0.2635752,0.3384515,-0.0847244,-5.412782,0.3087003,0.1843357,2.069002,-0.9797775,0.01835513,-0.1992484,0.04696354,0.9890622,-0.1398226,0.1945027,-0.1463524,-0.9699229,moving,12.344432459053966,6.096044148813754,8.48607327214009,5.091268506454278,0.10862590000000003,-0.11481768,-2.094054,0.2126339115027296,0.10376693683289921,0.9716065373599904,12.193611737101039,5.503448215506244,3.949300737942346,3.987042726974669,3.7303798173536102
05/05/2023 11:40:37.563777,3005,True,True,True,True,Eyes,0.1791723,0.033411,-3.282175,-0.009964293,-0.03591976,-0.999305,0.0,0.0,0.0,0.0,0.0,0.0,0.0,-0.4820821,-0.5093503,-3.259897,0.2359738,0.02930983,-3.325992,0.01720109,0.9914661,-0.07291003,0.1066922,8.525298,167.7961,1.074818,0.04003095,0.01015902,-0.9991463,0.1779649,0.004837618,-0.2477607,0.3760401,-0.09209756,-5.417568,0.3087003,0.1816258,2.069002,-0.976642,0.01855074,-0.2140716,0.04966645,0.9887766,-0.1409052,0.2090551,-0.1482461,-0.966602,moving,12.957175096025345,6.171368743101899,8.48607327214009,5.016807086044892,0.14006629999999998,-0.12140738999999999,-2.0915760000000003,0.22298808954924382,0.10479576667099967,0.9691718931776053,12.788894621288147,5.572674487476593,4.5734569687615005,4.617766141707079,4.338578123148037
05/05/2023 11:40:37.582975,3006,True,True,True,True,Eyes,0.1817153,0.03313924,-3.284933,-0.005041254,-0.03630409,-0.999328,0.0,0.0,0.0,0.0,0.0,0.0,0.0,-0.5273405,-0.5145305,-3.259928,0.2421078,0.02839522,-3.333246,0.01709682,0.9905677,-0.07377729,0.1141951,8.630839,166.9221,0.9864564,0.04147865,0.0101596,-0.9990873,0.167287,0.004547361,-0.232895,0.4135796,-0.09992976,-5.421838,0.3087,0.1789633,2.069001,-0.9733346,0.0170211,-0.2287587,0.05072113,0.9885293,-0.142258,0.2237133,-0.1500675,-0.963033,moving,13.54528312424086,6.2586414114362,8.486069187121103,4.9436339274432965,0.17147179999999998,-0.12832498,-2.0885920000000002,0.23289376980760468,0.10601906582316518,0.9667059027664028,13.359841183151383,5.653689410526591,5.176014834872596,5.22732152679593,4.925224082043946
05/05/2023 11:40:37.592621,3007,True,True,True,True,Eyes,0.1844582,0.03282773,-3.28787,9.611249e-06,-0.03703754,-0.9993138,0.0,0.0,0.0,0.0,0.0,0.0,0.0,-0.5715783,-0.5243679,-3.259007,0.2483438,0.02740331,-3.340712,0.01653656,0.9895837,-0.07532643,0.1215593,8.806849,166.0582,0.8358231,0.04285372,0.01015097,-0.9990293,0.1572498,0.00427452,-0.2189213,0.4505529,-0.110712,-5.425702,0.3087003,0.1763041,2.069002,-0.9699001,0.01441537,-0.2430775,0.05104188,0.9881049,-0.1450633,0.2380949,-0.1531039,-0.9590989,moving,14.111118933017218,6.413181209831005,8.48607327214009,4.8705305691157905,0.20220909999999997,-0.13811531,-2.0849900000000003,0.24236743023709206,0.10836722781784071,0.9641132832958026,13.907263297127109,5.800301888996468,5.772094892727803,5.832744610065803,5.500343261496633
05/05/2023 11:40:37.612896,3008,True,True,True,True,Eyes,0.1873464,0.03247105,-3.290992,0.005448282,-0.03793573,-0.9992653,0.0,0.0,0.0,0.0,0.0,0.0,0.0,-0.6159099,-0.5322435,-3.257807,0.2545531,0.02623478,-3.348201,0.01577873,0.9885663,-0.07658558,0.1289278,8.945128,165.1909,0.6640481,0.04416937,0.01013279,-0.9989722,0.1478148,0.004018048,-0.205786,0.4875197,-0.1203987,-5.429173,0.3087004,0.1736619,2.069002,-0.9662575,0.01144861,-0.2573243,0.05094467,0.9877713,-0.1473512,0.2524906,-0.1554885,-0.9550247,moving,14.653503112633897,6.528734087951758,8.486075981082427,4.797881168978591,0.23296660000000002,-0.14663347999999998,-2.0809719999999996,0.251436385819959,0.11004868338417842,0.9615970956396863,14.43287514245845,5.909136226262811,6.336699381714225,6.405701308218728,6.049736198222392
05/05/2023 11:40:37.632699,3009,True,True,True,True,Eyes,0.190371,0.03208535,-3.294302,0.01108948,-0.03916098,-0.9991714,0.0,0.0,0.0,0.0,0.0,0.0,0.0,-0.6609199,-0.5463808,-3.254813,0.260779,0.02484542,-3.35567,0.01584647,0.9873964,-0.07886004,0.1363032,9.209918,164.3266,0.5685942,0.04543592,0.01010461,-0.9989157,0.1389459,0.003776965,-0.1934389,0.524473,-0.1345209,-5.431811,0.3087004,0.17097,2.069002,-0.9623411,0.009795749,-0.2716699,0.05279126,0.98706,-0.1514124,0.2666713,-0.1600521,-0.9504054,moving,15.193181691171292,6.734181897159876,8.486075981082427,4.723849322922629,0.263694,-0.15936632,-2.076141,0.2603892481571253,0.11321808661718617,0.9588426095069522,14.953426557603931,6.105454857982778,6.920835257638275,7.001907173431108,6.613278864084129
05/05/2023 11:40:37.642874,3010,True,True,True,True,Eyes,0.1935293,0.03168419,-3.297803,0.01711733,-0.04040712,-0.9990367,0.0,0.0,0.0,0.0,0.0,0.0,0.0,-0.7076088,-0.560854,-3.251059,0.2669589,0.02383745,-3.363452,0.01648836,0.9861299,-0.08115999,0.1438368,9.486305,163.4469,0.5327961,0.04666157,0.01006651,-0.9988595,0.1306092,0.003550347,-0.1818325,0.5620055,-0.1483515,-5.434124,0.3087003,0.1682843,2.069002,-0.9580785,0.009171748,-0.2863598,0.05586692,0.9862823,-0.1553253,0.2810071,-0.1648119,-0.9454483,moving,15.732892605955431,6.934823481527489,8.48607327214009,4.649972229517726,0.29504660000000005,-0.17218895,-2.0706719999999996,0.26931372919056606,0.11627915453791755,0.9560069768413466,15.474139038032877,6.297096894179131,7.504767099827667,7.598482460384469,7.179560070741013
05/05/2023 11:40:37.663062,3011,True,True,True,True,Eyes,0.1968238,0.0312644,-3.301497,0.02331372,-0.04165629,-0.99886,0.0,0.0,0.0,0.0,0.0,0.0,0.0,-0.7549909,-0.5650562,-3.248484,0.2731669,0.02308346,-3.371468,0.01697227,0.9849206,-0.08187032,0.1514621,9.579319,162.557,0.5015876,0.04785337,0.01001901,-0.9988036,0.1227726,0.003337326,-0.1709226,0.6000027,-0.1552476,-5.436625,0.3087002,0.1656284,2.069001,-0.9535424,0.008632184,-0.3011352,0.05823318,0.9860184,-0.1561302,0.2955771,-0.1664128,-0.9407129,moving,16.26619712354757,6.950583437001025,8.486074605008472,4.576901821812248,0.3268358,-0.17833106,-2.065157,0.2782017879244104,0.11623596804299213,0.9534637069996806,15.993589598781002,6.308894500448184,8.034871097898034,8.134166878898192,7.704711546876225
05/05/2023 11:40:37.672781,3012,True,True,True,True,Eyes,0.2002406,0.03081759,-3.305392,0.02987422,-0.04274198,-0.9986394,0.0,0.0,0.0,0.0,0.0,0.0,0.0,-0.8023404,-0.5618683,-3.246846,0.2793479,0.02223442,-3.379781,0.01739217,0.9837489,-0.08148339,0.1590478,9.546659,161.6726,0.4822121,0.04901898,0.009962436,-0.9987478,0.1154063,0.003137087,-0.1606672,0.6378323,-0.1576584,-5.439329,0.3086999,0.1629527,2.069,-0.9488026,0.008299531,-0.3157606,0.06013856,0.9861159,-0.154786,0.3100919,-0.1658507,-0.9361285,moving,16.769355601270163,6.847438058508707,8.486070519988186,4.503271489708393,0.35848440000000004,-0.17989282,-2.059548,0.2866313998451692,0.11422344027915708,0.9512073608950268,16.486858112180663,6.20519900109638,8.508918566817314,8.60859620612267,8.1798019138241
05/05/2023 11:40:37.692795,3013,True,True,True,True,Eyes,0.288515,0.01868917,-3.407791,0.1990053,-0.06085737,-0.978107,0.0,0.0,0.0,0.0,0.0,0.0,0.0,-0.8500098,-0.5502878,-3.246296,0.2855385,0.02111217,-3.388479,0.01792878,0.9826134,-0.07989652,0.1666312,9.380477,160.7917,0.4998706,0.05016345,0.00989688,-0.9986916,0.1084819,0.002948862,-0.1510272,0.6756948,-0.155388,-5.442342,0.3087001,0.1602169,2.069,-0.9438251,0.008607618,-0.330333,0.06186063,0.9865902,-0.1510398,0.3246032,-0.1629898,-0.9317011,moving,7.783477255323113,5.792315392035118,8.486075937878136,4.4279696514015185,0.39015630000000007,-0.17650017,-2.053863,0.13475097751654663,0.1000023953826004,0.9858203321784779,7.755692709372109,5.238170664247455,1.529172643719345,1.5346283617583436,1.0908186566517217
05/05/2023 11:40:37.712771,3014,True,True,True,True,Eyes,0.2887616,0.01863248,-3.408159,0.1995748,-0.06073498,-0.9779986,0.0,0.0,0.0,0.0,0.0,0.0,0.0,-0.896515,-0.5330917,-3.246469,0.2915676,0.01966781,-3.397364,0.01886862,0.9815136,-0.07756774,0.1739492,9.139105,159.9468,0.583464,0.05412735,0.009394333,-0.9984895,0.366796,-0.03361331,-0.4491629,0.7123032,-0.1501835,-5.445547,0.3087001,0.1576781,2.069001,-0.9387715,0.01005392,-0.3443942,0.06402531,0.9872544,-0.1457032,0.3385398,-0.1588319,-0.92745,moving,8.599811616968992,5.531230130464625,8.486071896064805,4.358074343956691,0.42073560000000004,-0.16985131,-2.0481830000000003,0.14885131172209323,0.09531449711564757,0.9842553194323128,8.558507995238479,4.978725335486994,1.1644067217509422,1.178656533315966,0.6248636985383661
05/05/2023 11:40:37.732850,3015,True,True,True,True,Eyes,0.2892717,0.01851935,-3.408877,0.2006444,-0.06046043,-0.9777967,0.0,0.0,0.0,0.0,0.0,0.0,0.0,-0.9420134,-0.5198758,-3.24586,0.2975792,0.01821417,-3.40652,0.02009311,0.9803371,-0.07587452,0.181049,8.977167,159.1273,0.6915694,0.05744304,0.008968649,-0.9983081,0.3447882,-0.03159652,-0.4222131,0.7478678,-0.1479271,-5.448504,0.3086998,0.1549361,2.069001,-0.9336353,0.01192203,-0.3580272,0.06687006,0.9876786,-0.1414895,0.351929,-0.1560409,-0.9229288,moving,9.364758873019703,5.352458747760711,8.486063769233581,4.282572477485017,0.4502886,-0.16614127,-2.041984,0.162028282457142,0.09204959282657604,0.9824834520349363,9.30901153234177,4.7997108857089446,1.363891294622693,1.3844716381140272,0.9719440076800463
05/05/2023 11:40:37.743711,3016,True,True,True,True,Eyes,0.2900014,0.01834969,-3.409957,0.2022211,-0.0600777,-0.9774954,0.0,0.0,0.0,0.0,0.0,0.0,0.0,-0.9873166,-0.5071471,-3.244727,0.303676,0.01673341,-3.415808,0.02124854,0.9791059,-0.0742723,0.188106,8.826034,158.3108,0.7924713,0.06023154,0.008605045,-0.998147,0.3241009,-0.02970072,-0.3968804,0.783278,-0.1460811,-5.451173,0.3086998,0.1522403,2.069,-0.9283293,0.01366702,-0.3715077,0.06955127,0.9880642,-0.1374469,0.365195,-0.1534348,-0.9181996,moving,10.095812296095334,5.18933083557501,8.486067811043153,4.208330239041502,0.47960200000000003,-0.16281451,-2.0353649999999996,0.17459822406751518,0.08905784160958793,0.980603957438461,10.026053077135943,4.636142051669759,1.8630824564756892,1.8851099377901037,1.5983045913739833
05/05/2023 11:40:37.762995,3017,True,True,True,True,Eyes,0.2909605,0.01811838,-3.411372,0.2043385,-0.05972198,-0.9770768,0.0,0.0,0.0,0.0,0.0,0.0,0.0,-1.03173,-0.493652,-3.243803,0.3095318,0.01517225,-3.425548,0.02246017,0.9778669,-0.0725873,0.1949435,8.66856,157.5198,0.9056446,0.06268384,0.008280962,-0.9979987,0.3046549,-0.02791868,-0.3730675,0.8174858,-0.1439883,-5.454114,0.3087,0.1495795,2.069,-0.9229851,0.01562527,-0.3845183,0.07222696,0.9884533,-0.1332045,0.377997,-0.1507184,-0.9134561,moving,10.76956947380403,5.0143616187822735,8.48607322893318,4.13503597680366,0.507954,-0.15916055,-2.0285659999999996,0.18616927077600043,0.08587739474083309,0.9787574195207256,10.687560318416061,4.461431771895796,2.4252579863389983,2.4469508954983903,2.225551531691333
05/05/2023 11:40:37.782886,3018,True,True,True,True,Eyes,0.2921228,0.01783557,-3.413128,0.2068895,-0.05939258,-0.9765599,0.0,0.0,0.0,0.0,0.0,0.0,0.0,-1.076222,-0.4851474,-3.241375,0.3153429,0.01347764,-3.435187,0.02343606,0.9765244,-0.07165799,0.2017822,8.592708,156.7236,0.9766237,0.06491498,0.007982252,-0.9978585,0.2863756,-0.02624356,-0.3506835,0.851513,-0.1452575,-5.456312,0.3086997,0.14686,2.069,-0.9174696,0.01685315,-0.3974492,0.07469037,0.9886317,-0.1304936,0.3907317,-0.1494095,-0.9082983,moving,11.421193368362411,4.925368438221153,8.486065102098083,4.0601107577757976,0.5361701,-0.15873514000000002,-2.0211249999999996,0.197317228842373,0.08417006265747053,0.9767196597855091,11.325174284027396,4.37052159729276,3.037063666410077,3.0600079727009732,2.856027982391797
05/05/2023 11:40:37.792748,3019,True,True,True,True,Eyes,0.2934931,0.01765818,-3.415197,0.2099605,-0.05962439,-0.9758902,0.0,0.0,0.0,0.0,0.0,0.0,0.0,-1.118552,-0.4827951,-3.2385,0.3212479,0.01195785,-3.445111,0.02438117,0.9751436,-0.07160398,0.208263,8.615552,155.9661,1.027235,0.0669523,0.007704816,-0.997726,0.2691931,-0.02466895,-0.3296425,0.8840035,-0.149904,-5.45856,0.3086998,0.1442612,2.069001,-0.9120642,0.01772537,-0.4096642,0.07737521,0.9885569,-0.1294929,0.4026811,-0.1498037,-0.9029989,moving,12.002961367920246,4.906574350531954,8.486063769233581,3.9884960321898832,0.5627556,-0.16186185,-2.0134490000000005,0.20723296894442073,0.08367450966497382,0.974706743032985,11.8927993078842,4.348377280521136,3.609317926985143,3.6347539831820574,3.4256913963761506
05/05/2023 11:40:37.812872,3020,True,True,True,True,Eyes,0.2950828,0.01768906,-3.417619,0.2134753,-0.05966253,-0.975125,0.0,0.0,0.0,0.0,0.0,0.0,0.0,-1.163065,-0.5130774,-3.229051,0.327327,0.0144417,-3.454762,0.02597997,0.9733198,-0.07586155,0.2149856,9.139905,155.1724,1.042054,0.06882004,0.007449623,-0.9976009,0.2530415,-0.02318881,-0.3098639,0.9170769,-0.1689162,-5.458428,0.3087002,0.1415719,2.069001,-0.9062126,0.01795536,-0.4224412,0.08319192,0.9871402,-0.1365045,0.4145576,-0.1588457,-0.8960526,moving,12.611146679554139,5.406821652667492,8.486074605008472,3.914376295192464,0.5897498999999999,-0.1833579,-2.0036659999999995,0.21740770264405243,0.09197302586053896,0.9717381026625347,12.47218658429702,4.831076877752163,4.345391482517235,4.386754240351887,4.090162425808168
05/05/2023 11:40:37.832719,3021,True,True,True,True,Eyes,0.2968972,0.01770751,-3.420373,0.2175881,-0.05910689,-0.9742494,0.0,0.0,0.0,0.0,0.0,0.0,0.0,-1.2082,-0.5034686,-3.226363,0.3340317,0.01944143,-3.465644,0.02447038,0.9719462,-0.0734966,0.2220814,8.843629,154.3256,0.865364,0.07054126,0.00722039,-0.9974824,0.237859,-0.02179748,-0.2912721,0.9530445,-0.1567873,-5.460919,0.3087001,0.1389162,2.069001,-0.9001623,0.01492333,-0.4352993,0.08021222,0.9879989,-0.1320006,0.4281054,-0.1537383,-0.8905564,moving,13.192410493182011,5.1644283109754445,8.486071896064805,3.841169726917132,0.6190127999999999,-0.17622873,-1.9952749999999995,0.22734342209442393,0.08765722391796865,0.9698614739398789,13.045346840946006,4.591377351280185,4.850712684295667,4.888827699050066,4.620584324809356
05/05/2023 11:40:37.845082,3022,True,True,True,True,Eyes,0.2988975,0.01770879,-3.423387,0.2221851,-0.05896988,-0.9732196,0.0,0.0,0.0,0.0,0.0,0.0,0.0,-1.252138,-0.44072,-3.231085,0.3409085,0.01904134,-3.476407,0.02270105,0.9710308,-0.06412961,0.2290663,7.755366,153.5108,0.8504574,0.07213577,0.007014173,-0.9973699,0.2235875,-0.02048963,-0.2737958,0.9893233,-0.1206549,-5.46504,0.3087007,0.1362234,2.069001,-0.8940268,0.01470697,-0.4477725,0.07346671,0.9907442,-0.1141436,0.4419493,-0.1349437,-0.8868323,moving,13.700019276720997,4.071197933255984,8.486088149726228,3.7669276406516454,0.6484148000000001,-0.13969624,-1.988633,0.23627424411544518,0.06898588050592881,0.9692344840604266,13.569639588367165,3.5243152263168054,5.207288499993162,5.222801758444071,5.0893374827081095
05/05/2023 11:40:37.867276,3023,True,True,True,True,Eyes,0.3011411,0.01775835,-3.426677,0.2275058,-0.0592648,-0.9719716,0.0,0.0,0.0,0.0,0.0,0.0,0.0,-1.307428,-0.4673847,-3.216057,0.3472046,0.01870466,-3.485676,0.02608262,0.9686685,-0.06858933,0.2372687,8.352212,152.5496,1.04143,0.07362057,0.006828174,-0.9972627,0.2101722,-0.01926026,-0.257368,1.02843,-0.1441786,-5.461352,0.3087004,0.1335423,2.069001,-0.8860464,0.01798262,-0.4632475,0.08307903,0.9892304,-0.1205035,0.4560916,-0.1452578,-0.877998,moving,14.380603719417717,4.582142948110229,8.48608002289569,3.692995542514081,0.6812254,-0.16288326,-1.9756759999999995,0.24761691567154864,0.07740038127512244,0.9657613788151891,14.219314570759954,4.016943418351893,5.932140619860668,5.961207320479473,5.742379350677224
05/05/2023 11:40:37.872951,3024,True,True,True,True,Eyes,0.3035956,0.01785265,-3.430195,0.2334112,-0.05987147,-0.9705332,0.0,0.0,0.0,0.0,0.0,0.0,0.0,-1.366408,-0.4858621,-3.200607,0.3547053,0.02001959,-3.495826,0.02700577,0.966193,-0.07129402,0.2462902,8.688945,151.474,0.9893006,0.07501321,0.006661687,-0.99716,0.1975619,-0.01810464,-0.2419259,1.072034,-0.1582149,-5.457147,0.3087,0.1305786,2.069,-0.8772237,0.01706754,-0.4797784,0.08730361,0.9883757,-0.1244651,0.472077,-0.1510701,-0.8685165,moving,15.114173414201865,4.8712485294932515,8.48607322893318,3.61125808663189,0.7173286999999999,-0.17823449,-1.9613209999999999,0.2598652525924765,0.0819996108696773,0.9621570494570576,14.926619870157174,4.293373965819164,6.706863738495903,6.746798350481564,6.4765672319849426
05/05/2023 11:40:37.892940,3025,True,True,True,True,Eyes,0.306269,0.01807561,-3.433939,0.2400394,-0.06119099,-0.9688327,0.0,0.0,0.0,0.0,0.0,0.0,0.0,-1.432438,-0.5115327,-3.178325,0.3620187,0.0212666,-3.504822,0.02740709,0.963249,-0.07505227,0.2564519,9.128269,150.2495,0.8301637,0.07632865,0.006513987,-0.9970612,0.1857082,-0.01701836,-0.2274104,1.119762,-0.1761521,-5.448864,0.3087003,0.1280372,2.069,-0.8669628,0.01430509,-0.498168,0.09129429,0.987232,-0.1305308,0.4899401,-0.1586453,-0.8571994,moving,15.94567606750202,5.247510572672963,8.486081355767933,3.5411542032898105,0.7577432999999999,-0.1974187,-1.9440420000000005,0.2736608304662791,0.0879670470156293,0.9577951763851639,15.727042923572736,4.653956940667031,7.597174590775624,7.652267985549488,7.325971222898738
05/05/2023 11:40:37.913356,3026,True,True,True,True,Eyes,0.3091715,0.01842013,-3.437925,0.2471965,-0.06228451,-0.9669615,0.0,0.0,0.0,0.0,0.0,0.0,0.0,-1.501392,-0.565151,-3.148422,0.3696877,0.02476461,-3.514092,0.0283438,0.9597225,-0.08265616,0.2670158,10.00828,148.9568,0.5971442,0.07757964,0.006386946,-0.9969655,0.1745657,-0.01599726,-0.2137658,1.168592,-0.2079774,-5.437479,0.3087006,0.1255801,2.069002,-0.8557985,0.01026336,-0.5172078,0.09854537,0.9847292,-0.1435174,0.5078366,-0.1737904,-0.8437412,moving,16.82407282901267,6.102322948828003,8.486081398966986,3.4733622675725453,0.7989043,-0.23274201,-1.9233869999999995,0.28793027310790503,0.10180254105021062,0.9522249801093058,16.56028076305676,5.479850877955903,8.651730779842405,8.742627485550464,8.319777155348925
05/05/2023 11:40:37.923222,3027,True,True,True,True,Eyes,0.3122806,0.01878461,-3.442098,0.2548307,-0.06321559,-0.9649171,0.0,0.0,0.0,0.0,0.0,0.0,0.0,-1.565127,-0.5533507,-3.13137,0.3778807,0.02799678,-3.523877,0.02714926,0.9571,-0.08039507,0.277055,9.725955,147.7481,0.4314186,0.0787784,0.006281967,-0.9968721,0.1640918,-0.01503742,-0.2009398,1.217131,-0.198081,-5.430634,0.3087004,0.1229301,2.069002,-0.8450071,0.007421385,-0.534704,0.09651682,0.9855991,-0.1388486,0.5259733,-0.1689359,-0.8335546,moving,17.550275625186732,5.792180438951541,8.486075981082427,3.400240951776823,0.8392503,-0.22607778,-1.9067570000000003,0.3001420168879287,0.09626752471439808,0.949024362035958,17.276556343595832,5.173271322054845,9.29119530993918,9.374491436791985,8.967506994570007
05/05/2023 11:40:37.943260,3028,True,True,True,True,Eyes,0.3155853,0.01913211,-3.446449,0.2628662,-0.06431001,-0.9626867,0.0,0.0,0.0,0.0,0.0,0.0,0.0,-1.625911,-0.5477324,-3.112166,0.3856063,0.02883805,-3.532655,0.02767088,0.9543586,-0.07969088,0.286502,9.669397,146.6153,0.415729,0.07993593,0.006197319,-0.9967805,0.1542462,-0.01413518,-0.1888834,1.262206,-0.1979733,-5.422268,0.3087007,0.120207,2.069001,-0.8343019,0.007152692,-0.5512615,0.09847908,0.9857674,-0.1362518,0.542441,-0.1679629,-0.823132,moving,18.197599882376814,5.655347287204858,8.486088149726228,3.3250926433290258,0.8765996999999999,-0.22681135,-1.8896129999999998,0.3109223674525037,0.09365992693712936,0.9458092822283951,17.911268383170267,5.035842121642316,9.905183090440778,9.987169110349281,9.57917982973769
05/05/2023 11:40:37.962896,3029,True,True,True,True,Eyes,0.3190889,0.01943923,-3.450933,0.271289,-0.06559939,-0.9602598,0.0,0.0,0.0,0.0,0.0,0.0,0.0,-1.685621,-0.5559152,-3.089655,0.3934285,0.02881276,-3.541286,0.03039556,0.9513395,-0.08154652,0.2956004,9.969664,145.5267,0.5597973,0.08106077,0.006130459,-0.9966901,0.1449915,-0.01328707,-0.1775504,1.305133,-0.2106137,-5.412477,0.3086997,0.1175834,2.069001,-0.8233933,0.009622614,-0.56739,0.1060434,0.9848526,-0.137187,0.5574754,-0.1731267,-0.8119413,moving,18.803196231807217,5.811172960673311,8.486061060289764,3.252677779302186,0.9117045000000001,-0.23942645999999998,-1.871191,0.3208329791654504,0.09589777827404299,0.9422683803393465,18.497415166597918,5.183442066273519,10.537421268699207,10.629636670200055,10.195835511312305
05/05/2023 11:40:37.982982,3030,True,True,True,True,Eyes,0.4111288,0.02585443,-3.565787,0.4833376,-0.1075477,-0.8688028,0.0,0.0,0.0,0.0,0.0,0.0,0.0,-1.744426,-0.5582899,-3.066609,0.4012747,0.02818491,-3.549223,0.0336257,0.9482858,-0.08280975,0.304575,10.22637,144.457,0.7761039,0.08216183,0.006078366,-0.9966003,0.136292,-0.01248984,-0.1668974,1.347294,-0.2220366,-5.401702,0.3086996,0.1148237,2.069001,-0.8122068,0.01332998,-0.5832174,0.1142171,0.9840237,-0.1365715,0.5720792,-0.1775377,-0.8007532,moving,6.485909999007456,3.9258737875197727,8.486058351345907,3.176495149958774,0.9460193,-0.25022151,-1.8524790000000002,0.11269718511511939,0.06802965269441807,0.9912978157235572,6.541106212330703,3.4307571258066454,2.1357849714251227,2.135921762095934,1.9615014594493372
05/05/2023 11:40:37.992715,3031,True,True,True,True,Eyes,0.4114529,0.02584923,-3.566072,0.4840897,-0.1080148,-0.868326,0.0,0.0,0.0,0.0,0.0,0.0,0.0,-1.804657,-0.587545,-3.03558,0.4090591,0.02733219,-3.556496,0.03768589,0.9446555,-0.08825786,0.3137141,10.97565,143.3467,0.9236335,0.08640287,0.006201743,-0.9962408,0.4042344,0.007505156,-0.5014451,1.388741,-0.2515608,-5.387093,0.3086994,0.1122091,2.069,-0.8003268,0.01582489,-0.5993556,0.1265758,0.9815807,-0.1431013,0.5860513,-0.1903917,-0.7875883,moving,7.568637224487159,4.600159648392374,8.486056975262642,3.1043091841110977,0.9796819,-0.27889298999999995,-1.830597,0.13129683070394216,0.07950740675719319,0.988149680695681,7.578395030553218,4.079646599177307,1.74859338929726,1.7547728088283845,1.3323412772640981
05/05/2023 11:40:38.013005,3032,True,True,True,True,Eyes,0.4121126,0.02586537,-3.56663,0.4855146,-0.1086036,-0.8674566,0.0,0.0,0.0,0.0,0.0,0.0,0.0,-1.867151,-0.6178324,-3.000941,0.4172072,0.02732463,-3.563538,0.04070833,0.9407505,-0.09361677,0.3233689,11.6813,142.1568,0.938927,0.08989923,0.00630901,-0.9959307,0.3799803,0.007054847,-0.4713584,1.432161,-0.2793716,-5.370156,0.3087003,0.1095389,2.069002,-0.787551,0.01604726,-0.6160408,0.1371383,0.9791574,-0.1498124,0.6007969,-0.2024676,-0.7733371,moving,8.678707104742237,5.234626465189269,8.48607327214009,3.0305734986079518,1.0149538,-0.30669623,-1.8066179999999998,0.1502783953060496,0.09019834410261685,0.9845205859986195,8.643411238387658,4.689611448234895,2.1860223218695616,2.212455032980082,1.6664819692769832
05/05/2023 11:40:38.032630,3033,True,True,True,True,Eyes,0.4131144,0.02586732,-3.567421,0.4876277,-0.1090995,-0.8662082,0.0,0.0,0.0,0.0,0.0,0.0,0.0,-1.927095,-0.6254361,-2.971029,0.4257338,0.02788957,-3.570693,0.0411809,0.9372274,-0.09506126,0.3329751,11.86536,140.9666,0.8129872,0.09279487,0.006402981,-0.9956644,0.3571815,0.006631556,-0.4430769,1.476704,-0.2887007,-5.354707,0.3087001,0.1068288,2.069002,-0.7748637,0.01388567,-0.6319762,0.1404978,0.9785349,-0.1507636,0.6163175,-0.2056125,-0.760182,moving,9.717142352466597,5.375237594527252,8.486067854255301,2.9557287690285188,1.0509702,-0.31659026999999995,-1.7840140000000004,0.16806308293525313,0.09234558912617105,0.9814413954882985,9.65190765734026,4.819537531498275,2.6737253154156257,2.714694711530645,2.198400679929894
05/05/2023 11:40:38.043281,3034,True,True,True,True,Eyes,0.4144436,0.02586318,-3.568429,0.4903474,-0.1096212,-0.8646054,0.0,0.0,0.0,0.0,0.0,0.0,0.0,-1.984795,-0.6248803,-2.94233,0.4344883,0.02758064,-3.577381,0.04080523,0.933812,-0.09525363,0.342428,11.87889,139.791,0.6425255,0.09520923,0.006485097,-0.995436,0.3357506,0.006233662,-0.4164923,1.521039,-0.2930163,-5.339066,0.3087008,0.104143,2.069002,-0.762156,0.01097379,-0.6473005,0.1414438,0.9785234,-0.1499522,0.6317531,-0.2058437,-0.7473396,moving,10.691307609811634,5.356122242207893,8.486086816851392,2.8815451687486133,1.0865507,-0.32059694,-1.761685,0.18473521358799797,0.09173922895510013,0.9784971602496758,10.602057617713827,4.794478466508539,3.2655019070376192,3.3145935555048816,2.852480715409147
05/05/2023 11:40:38.062840,3035,True,True,True,True,Eyes,0.4160728,0.02584505,-3.569644,0.4937988,-0.1100489,-0.8625844,0.0,0.0,0.0,0.0,0.0,0.0,0.0,-2.041543,-0.6257515,-2.912116,0.4434954,0.02744654,-3.583633,0.0405126,0.9302861,-0.09565268,0.3518199,11.91586,138.6176,0.472658,0.09724081,0.006556779,-0.995239,0.3156056,0.005859643,-0.3915027,1.565014,-0.2979545,-5.322217,0.3087007,0.1014947,2.069002,-0.7491632,0.008071577,-0.6623366,0.1426816,0.9784186,-0.1494624,0.646836,-0.206475,-0.734147,moving,11.615651948926448,5.371139702318729,8.486084107909209,2.8083878736313066,1.1215186,-0.32540104000000003,-1.7385840000000004,0.200497052319816,0.09170607138360572,0.9753926342137611,11.502721213933462,4.802960475460436,3.9893774528021257,4.044983536056733,3.6164097242167967
05/05/2023 11:40:38.072585,3036,True,True,True,True,Eyes,0.4180152,0.02579983,-3.571028,0.4978198,-0.110584,-0.8602015,0.0,0.0,0.0,0.0,0.0,0.0,0.0,-2.100323,-0.6239578,-2.878991,0.4527377,0.02709096,-3.589368,0.04039025,0.9265095,-0.09578151,0.361628,11.92888,137.3914,0.3261457,0.09909514,0.00662033,-0.9950557,0.2966693,0.005508064,-0.3680126,1.610459,-0.302192,-5.303157,0.3087,0.09878999,2.069002,-0.735188,0.005569367,-0.6778408,0.1441184,0.9783891,-0.1482725,0.6623662,-0.2066974,-0.7201024,moving,12.554992980072274,5.353911709710185,8.48606514531285,2.733662835947951,1.1577213,-0.32928296,-1.7137889999999998,0.21647276370203827,0.09109501506422613,0.9720294418051029,12.418872988724223,4.779968716864085,4.77900902232755,4.839615468705367,4.433322150652936
05/05/2023 11:40:38.092819,3037,True,True,True,True,Eyes,0.4202581,0.02571727,-3.57254,0.5024123,-0.1112608,-0.8574398,0.0,0.0,0.0,0.0,0.0,0.0,0.0,-2.158682,-0.6275872,-2.843099,0.462001,0.0264272,-3.594835,0.04103205,0.9225033,-0.09695508,0.3713543,12.08471,136.1684,0.2165084,0.1008126,0.006675931,-0.9948828,0.2788691,0.00517758,-0.3459318,1.654799,-0.3115869,-5.28252,0.3086996,0.0961374,2.069001,-0.7208251,0.003695039,-0.6931075,0.1477137,0.9778321,-0.1484079,0.6771944,-0.2093576,-0.7053918,moving,13.458267867379796,5.466444564794372,8.486058351345907,2.660369998270871,1.1927979999999998,-0.3380141,-1.687685,0.23173558684776047,0.09266961819659801,0.9683548187950479,13.296369329188716,4.883471390590917,5.64035802952265,5.709371414107513,5.299176493011944
05/05/2023 11:40:38.113001,3038,True,True,True,True,Eyes,0.4227885,0.02560437,-3.574164,0.507461,-0.1122794,-0.8543283,0.0,0.0,0.0,0.0,0.0,0.0,0.0,-2.215401,-0.6364334,-2.80478,0.4712027,0.02549266,-3.599605,0.04270597,0.9183184,-0.09923291,0.3808155,12.40268,134.9718,0.167576,0.1024149,0.006723317,-0.9947188,0.262137,0.004866926,-0.3251759,1.697134,-0.3266579,-5.260295,0.3087001,0.09353301,2.069001,-0.7063115,0.002856487,-0.7078955,0.1540142,0.976658,-0.1497286,0.6909441,-0.214781,-0.6902648,moving,14.310719146477824,5.708797366882876,8.486071896064805,2.58839918403575,1.2259313,-0.35215056,-1.6606900000000002,0.24602875942232907,0.09641500724428156,0.9644553749559622,14.12082278669038,5.1136238627274615,6.525833804338906,6.6078287213924956,6.174720825857585
05/05/2023 11:40:38.132728,3039,True,True,True,True,Eyes,0.4255939,0.02547381,-3.575877,0.5129977,-0.1135977,-0.8508401,0.0,0.0,0.0,0.0,0.0,0.0,0.0,-2.269827,-0.6538802,-2.764135,0.48046,0.02473037,-3.603978,0.04529452,0.913956,-0.1030233,0.3898964,12.92279,133.8099,0.1444695,0.1039211,0.006762448,-0.9945624,0.2464087,0.00457491,-0.3056653,1.736964,-0.3486641,-5.236794,0.3087001,0.09085514,2.069002,-0.6918587,0.002457606,-0.722029,0.1631312,0.9746692,-0.1529971,0.7033635,-0.2236378,-0.6747343,moving,15.100900108521403,6.130279712929587,8.486067854255301,2.5143880569782584,1.256504,-0.37339447,-1.6328159999999996,0.2591302287334932,0.10314186679502999,0.9603193392247986,14.87974583963607,5.518479502921435,7.436025040085856,7.53861248637026,7.064253930623648
05/05/2023 11:40:38.143353,3040,True,True,True,True,Eyes,0.4286669,0.02533558,-3.577659,0.5189139,-0.1151991,-0.8470287,0.0,0.0,0.0,0.0,0.0,0.0,0.0,-2.322059,-0.6726839,-2.72269,0.4896886,0.02425178,-3.607925,0.04849182,0.9095331,-0.1071974,0.3986313,13.51264,132.6853,0.1617768,0.1053477,0.006793628,-0.994412,0.2316242,0.004300415,-0.2873254,1.774661,-0.3726146,-5.212662,0.3087,0.08816969,2.069001,-0.6774833,0.002745373,-0.7355331,0.1736743,0.9723145,-0.1563384,0.7147403,-0.2336598,-0.6592036,moving,15.831999006236481,6.594245857214489,8.486069187121103,2.4401614318188405,1.2849724,-0.39686638,-1.604737,0.271145829108324,0.11053538582977784,0.9561704632095324,15.579929501774517,5.9650630095745845,8.312174103031685,8.439141089037628,7.921349966809923
05/05/2023 11:40:38.163036,3041,True,True,True,True,Eyes,0.4319969,0.02518676,-3.579499,0.5252699,-0.1170753,-0.8428434,0.0,0.0,0.0,0.0,0.0,0.0,0.0,-2.373382,-0.6842611,-2.681629,0.4990213,0.02399667,-3.611467,0.05161197,0.9051239,-0.1103369,0.4073237,13.99178,131.5683,0.2093128,0.10671,0.006817433,-0.9942665,0.2177268,0.00404239,-0.2700859,1.812081,-0.3922941,-5.188148,0.3087003,0.08539753,2.069,-0.6628472,0.0035448,-0.7487462,0.1833161,0.970324,-0.1576916,0.7259673,-0.2417827,-0.6438263,moving,16.522615270863668,6.921358870086275,8.486081355767933,2.363529409673488,1.3130597000000002,-0.41629077,-1.5766809999999998,0.28248721252159104,0.11559880052267717,0.9522804118111217,16.244338560925474,6.2787590329111085,9.09138159001643,9.239030617910663,8.69020010494904
05/05/2023 11:40:38.182923,3042,True,True,True,True,Eyes,0.4355701,0.02501957,-3.581384,0.5319059,-0.1191531,-0.8383786,0.0,0.0,0.0,0.0,0.0,0.0,0.0,-2.421883,-0.6881719,-2.643261,0.5083237,0.02350589,-3.614827,0.05397134,0.900938,-0.1121908,0.4157059,14.30161,130.4909,0.2349101,0.1080211,0.006834294,-0.9941248,0.2046632,0.003799847,-0.2538807,1.848588,-0.4062936,-5.164617,0.3087002,0.08263305,2.069,-0.6485519,0.003972876,-0.7611605,0.1905264,0.9690006,-0.1572815,0.7369401,-0.2470264,-0.629204,moving,17.14249253003312,7.0731751901982225,8.486078646823053,2.2871000872652227,1.3402642999999999,-0.42979948999999995,-1.5497899999999998,0.29269881518093066,0.11774405574639041,0.9489276924826519,16.844514710627696,6.422363236721932,9.730282867860685,9.891411234416813,9.325441262908939
05/05/2023 11:40:38.192805,3043,True,True,True,True,Eyes,0.439355,0.02482759,-3.583321,0.5388587,-0.1215151,-0.8335859,0.0,0.0,0.0,0.0,0.0,0.0,0.0,-2.467513,-0.6950346,-2.604967,0.5175869,0.02295332,-3.617889,0.05673119,0.8967607,-0.1146287,0.4236299,14.6939,129.4632,0.2741519,0.1092924,0.006844386,-0.9939858,0.1923834,0.003571856,-0.2386479,1.882702,-0.4229345,-5.141085,0.3086997,0.08011702,2.069002,-0.634639,0.004628337,-0.7727953,0.1988688,0.9672837,-0.1575229,0.7467832,-0.253655,-0.6147962,moving,17.690698297062248,7.2870154677678,8.486057018485267,2.217530411016036,1.3651151000000001,-0.44588782,-1.5231960000000004,0.30164819850889873,0.12093153671861415,0.9457187734922683,17.3731523864324,6.62679106037948,10.330749793569193,10.508334778066063,9.920788454201224
05/05/2023 11:40:38.212785,3044,True,True,True,True,Eyes,0.4433526,0.02462282,-3.585283,0.5459653,-0.1240329,-0.8285757,0.0,0.0,0.0,0.0,0.0,0.0,0.0,-2.509645,-0.7058262,-2.567031,0.5268111,0.0223263,-3.620513,0.0602003,0.8926122,-0.1178929,0.4309533,15.20969,128.5039,0.3478475,0.1105335,0.006847695,-0.9938485,0.1808404,0.003357545,-0.224329,1.91362,-0.4439369,-5.117651,0.3087001,0.07744992,2.069002,-0.6213107,0.005858388,-0.7835427,0.2090837,0.9649544,-0.1585782,0.755154,-0.2623523,-0.6007614,moving,18.165509731581878,7.605385048606243,8.486067854255301,2.143778764723424,1.3868089000000001,-0.46626320000000004,-1.4971380000000005,0.30928385023251487,0.1258604189134273,0.9426041664735404,17.827426474435764,6.933410960966958,10.914117585859241,11.113988404559892,10.497692958270047
05/05/2023 11:40:38.232634,3045,True,True,True,True,Eyes,0.5486395,0.01943521,-3.634644,0.7062278,-0.1857855,-0.6831735,0.0,0.0,0.0,0.0,0.0,0.0,0.0,-2.54777,-0.709103,-2.53393,0.5357831,0.02185937,-3.623151,0.06323723,0.8888708,-0.1198788,0.4376515,15.57296,127.6326,0.4454571,0.111753,0.006844539,-0.9937122,0.1699899,0.003156092,-0.2108693,1.942436,-0.4592633,-5.096751,0.3087,0.07476687,2.069,-0.6089243,0.007489209,-0.7931927,0.2173496,0.9632602,-0.1577617,0.7628695,-0.2684652,-0.5881804,moving,6.363380305183439,4.750914919538932,8.48607322893318,2.0695808904050903,1.4066529,-0.48112267,-1.4736000000000002,0.11045760697314483,0.08231730619950389,0.9904660351406118,6.399424420709141,4.2343217050853,3.41233634175528,3.419850497365103,3.0066935400211867
05/05/2023 11:40:38.242940,3046,True,True,True,True,Eyes,0.5490252,0.0194147,-3.634711,0.7065969,-0.1858362,-0.6827779,0.0,0.0,0.0,0.0,0.0,0.0,0.0,-2.582583,-0.7076755,-2.504126,0.5450312,0.02156379,-3.625419,0.06566575,0.8854109,-0.1209369,0.4439706,15.811,126.8126,0.5298434,0.1162153,0.006664331,-0.9932015,0.4756512,-0.01259612,-0.3462994,1.970584,-0.4700595,-5.077093,0.3086996,0.07209033,2.068999,-0.5971563,0.008897501,-0.8020756,0.2236672,0.9621246,-0.1558503,0.7703099,-0.272465,-0.5765288,moving,7.15158157959671,4.95209376275631,8.486066434963863,1.9955550235414756,1.4255527999999997,-0.49162329000000005,-1.4516739999999997,0.12403723900708613,0.08565614747461711,0.9885735788436618,7.162355528299974,4.424838634289132,3.22766500563969,3.2437587989371734,2.766519370231863
05/05/2023 11:40:38.263134,3047,True,True,True,True,Eyes,0.5497506,0.01937376,-3.634885,0.7071961,-0.185973,-0.68212,0.0,0.0,0.0,0.0,0.0,0.0,0.0,-2.614353,-0.7015061,-2.477355,0.5545502,0.02105904,-3.627158,0.06703424,0.8822351,-0.1209583,0.450041,15.88835,126.0246,0.5604303,0.1199249,0.006512584,-0.9927614,0.4471122,-0.01184035,-0.3255214,1.998846,-0.4756941,-5.058285,0.3087008,0.06941493,2.069001,-0.5859391,0.009407526,-0.8103006,0.2271523,0.961751,-0.153091,0.7778671,-0.2737636,-0.5656644,moving,7.8806035995038854,4.9924008143292635,8.486090858669664,1.9215511695215584,1.4442958,-0.49675314000000004,-1.4311269999999996,0.13659878387651225,0.08620789494468549,0.9868682516308215,7.871933592846989,4.459222287696957,3.104350396689848,3.1299732206566393,2.6109316059951406
05/05/2023 11:40:38.272673,3048,True,True,True,True,Eyes,0.5508457,0.01929586,-3.6351,0.7081248,-0.18603,-0.6811402,0.0,0.0,0.0,0.0,0.0,0.0,0.0,-2.644139,-0.6948706,-2.452317,0.5640028,0.02047991,-3.629002,0.06746645,0.879241,-0.120581,0.4558991,15.87593,125.2574,0.5178338,0.1230262,0.006383799,-0.9923826,0.4202854,-0.01112993,-0.3059901,2.026713,-0.4786798,-5.04032,0.3086996,0.06668881,2.069,-0.5752088,0.008693049,-0.8179606,0.228584,0.9618171,-0.1505237,0.7854198,-0.2735552,-0.5552327,moving,8.55469152339519,4.957764706778412,8.486062393152974,1.846140616683912,1.4627102,-0.49915971,-1.4113180000000005,0.1482091082031991,0.08546693961562091,0.985255970704787,8.529980820782804,4.421051720098768,3.0776965927175013,3.112380830742637,2.5752856188730964
05/05/2023 11:40:38.292842,3049,True,True,True,True,Eyes,0.5522901,0.01916735,-3.635352,0.7092741,-0.1861097,-0.6799216,0.0,0.0,0.0,0.0,0.0,0.0,0.0,-2.670437,-0.6868268,-2.430079,0.5738432,0.01950862,-3.630231,0.0668401,0.8765223,-0.1196401,0.4614405,15.74877,124.527,0.402437,0.1257102,0.006270439,-0.9920469,0.3950683,-0.01046214,-0.2876307,2.054514,-0.4783409,-5.023041,0.3087004,0.06403679,2.069,-0.5652102,0.00676013,-0.8249193,0.2275872,0.9624373,-0.1480489,0.7929322,-0.2714198,-0.5455179,moving,9.165253521172355,4.8202420598646505,8.486084064712776,1.772772789407072,1.4806708000000002,-0.49784952,-1.3928099999999999,0.1587333889426698,0.08296451322597208,0.9838295341630137,9.12887489786861,4.28319543883085,3.081131451827977,3.122233191959058,2.5914092563562923
05/05/2023 11:40:38.315969,3050,True,True,True,True,Eyes,0.5540746,0.01900023,-3.635612,0.7106794,-0.1861916,-0.6784301,0.0,0.0,0.0,0.0,0.0,0.0,0.0,-2.693929,-0.6815549,-2.409406,0.5836372,0.01813006,-3.631259,0.06606437,0.8739556,-0.1190629,0.4665419,15.64968,123.8467,0.2605599,0.1281622,0.006164831,-0.9917338,0.3713642,-0.009834409,-0.2703729,2.080609,-0.4794533,-5.006513,0.3086997,0.06146704,2.069001,-0.5559486,0.004379027,-0.8312054,0.2265702,0.9629191,-0.1464677,0.7997421,-0.2697549,-0.5363256,moving,9.70372629896551,4.7189872148682666,8.486061060289764,1.7016745797067745,1.4969717999999999,-0.49758336000000003,-1.375254,0.16799826539160784,0.08109951372427797,0.9824456085606094,9.656517503705278,4.181105213785934,3.2079758728118732,3.2537492484493096,2.7418140993041593
05/05/2023 11:40:38.332751,3051,True,True,True,True,Eyes,0.5561988,0.01878798,-3.635864,0.7123064,-0.1862969,-0.6766928,0.0,0.0,0.0,0.0,0.0,0.0,0.0,-2.715601,-0.6813061,-2.388208,0.5934711,0.01705138,-3.631764,0.06543821,0.8713768,-0.1192173,0.4713891,15.63213,123.1893,0.09800465,0.1304149,0.006065139,-0.9914408,0.3490824,-0.009244344,-0.2541505,2.105333,-0.483417,-4.98945,0.3087,0.05870765,2.069001,-0.5470205,0.001647247,-0.8371177,0.2264381,0.9630101,-0.1460726,0.8059123,-0.26946,-0.5271592,moving,10.200690810098456,4.704786960411553,8.486069187121103,1.6253246195194033,1.5118619,-0.5004683799999999,-1.3576859999999997,0.17651851759040754,0.08073381754446407,0.9809808110533011,10.141350662533998,4.163992994504194,3.4742361746495822,3.5246298555954,3.030642486502327
05/05/2023 11:40:38.343964,3052,True,True,True,True,Eyes,0.5586496,0.01852574,-3.636096,0.7141435,-0.186353,-0.6747382,0.0,0.0,0.0,0.0,0.0,0.0,0.0,-2.736297,-0.6784644,-2.367968,0.6036244,0.01572625,-3.631844,0.064495,0.8688655,-0.1188999,0.4762101,15.54781,122.5378,359.9305,0.1324977,0.005969529,-0.9911651,0.3281374,-0.008689684,-0.2389015,2.13055,-0.4852187,-4.972275,0.3087003,0.05604643,2.069002,-0.538129,-0.00116771,-0.842862,0.2253176,0.9634064,-0.1451897,0.8121881,-0.2680424,-0.5181738,moving,10.67345975988006,4.630428914369359,8.48607327214009,1.5516847168800874,1.5269256,-0.50094495,-1.3404309999999997,0.18462757185894724,0.07934045203211919,0.9796008218255526,10.604218976957208,4.088508642954359,3.723711584126469,3.7766818081910563,3.304847478891891
05/05/2023 11:40:38.362874,3053,True,True,True,True,Eyes,0.5614193,0.01822934,-3.6363,0.7161719,-0.1865466,-0.6725311,0.0,0.0,0.0,0.0,0.0,0.0,0.0,-2.753714,-0.6772481,-2.350271,0.6138113,0.01421559,-3.631586,0.06317952,0.8666002,-0.1186558,0.4805551,15.44878,121.9441,359.7302,0.1344357,0.005876261,-0.9909046,0.3084491,-0.008168302,-0.2245674,2.154334,-0.4868667,-4.956205,0.3086994,0.05338193,2.069001,-0.5301502,-0.004538565,-0.8478916,0.2235441,0.9638583,-0.1449319,0.8179051,-0.2663769,-0.5099751,moving,11.068515828176924,4.544158999279161,8.48605293345808,1.4779504145894156,1.5405227,-0.50108229,-1.3246189999999998,0.19140136289459447,0.07776264447317328,0.9784264889070667,10.99165236630543,4.0019495794812565,3.9546145560207617,4.008833956080586,3.5564870732591842
05/05/2023 11:40:38.382901,3054,True,True,True,True,Eyes,0.5645061,0.01790795,-3.636465,0.7183388,-0.1866819,-0.6701786,0.0,0.0,0.0,0.0,0.0,0.0,0.0,-2.768312,-0.6835364,-2.333332,0.6241571,0.01312465,-3.631179,0.06203589,0.8644202,-0.1194619,0.4844154,15.464,121.3995,359.4954,0.1362524,0.005784169,-0.9906571,0.2899422,-0.007678204,-0.2110933,2.176085,-0.4923181,-4.940635,0.3086997,0.05067772,2.069001,-0.5229869,-0.008488257,-0.8522988,0.2229885,0.9637607,-0.1464284,0.822655,-0.2666329,-0.5021415,moving,11.402716068860666,4.5866258580671015,8.486061060289764,1.4031114571166106,1.5519279,-0.5054427499999999,-1.3094560000000004,0.19709532170312977,0.0783976644730623,0.9772447797961975,11.316292470261862,4.0410529321838276,4.259866194809385,4.317596597654869,3.868972093447103
05/05/2023 11:40:38.392602,3055,True,True,True,True,Eyes,0.5678935,0.01753052,-3.636562,0.7206572,-0.1868401,-0.6676406,0.0,0.0,0.0,0.0,0.0,0.0,0.0,-2.779792,-0.6866767,-2.320469,0.6347699,0.01227076,-3.630462,0.06018243,0.8626022,-0.1194497,0.4878806,15.35499,120.9138,359.2438,0.1379687,0.005692447,-0.99042,0.2725457,-0.007217512,-0.1984277,2.19754,-0.4933324,-4.926792,0.3087001,0.04790893,2.069001,-0.5167014,-0.01272734,-0.8560712,0.2203813,0.9642197,-0.1473514,0.8273161,-0.2647987,-0.4954088,moving,11.663427072441813,4.511354218553755,8.486071896064805,1.326480289604427,1.5627701,-0.50560316,-1.2963299999999998,0.20156133657170977,0.07704229410927052,0.9764412456292579,11.572467307458941,3.9660859202382257,4.440598795070375,4.498778485339203,4.061201117988179
05/05/2023 11:40:38.413119,3056,True,True,True,True,Eyes,0.5715617,0.01709637,-3.636585,0.7230719,-0.186962,-0.6649904,0.0,0.0,0.0,0.0,0.0,0.0,0.0,-2.789917,-0.6800177,-2.311026,0.6451986,0.01054494,-3.629119,0.05889302,0.8610328,-0.1183047,0.4910787,15.16328,120.4878,359.1228,0.1396028,0.005599542,-0.9901915,0.2561929,-0.006784461,-0.1865221,2.218271,-0.4913931,-4.914274,0.308699,0.04539882,2.069001,-0.510747,-0.01477616,-0.8596043,0.2176114,0.9650713,-0.1458862,0.831735,-0.2615707,-0.4896917,moving,11.867394965156114,4.331995597135068,8.486042097681965,1.2570044396207378,1.5730724,-0.50193804,-1.2851549999999996,0.2050845482718296,0.0739300070812127,0.9759480909448421,11.776133366357195,3.790220203032062,4.514838764900895,4.570461446415118,4.152334603594538
05/05/2023 11:40:38.432839,3057,True,True,True,True,Eyes,0.5754948,0.01664015,-3.636541,0.7252337,-0.1874586,-0.6624919,0.0,0.0,0.0,0.0,0.0,0.0,0.0,-2.800801,-0.6725141,-2.300228,0.6555322,0.008740369,-3.627397,0.05926702,0.8592888,-0.1176723,0.4942304,15.11825,120.0743,359.1418,0.1411703,0.005504068,-0.9899698,0.2408213,-0.006377394,-0.1753307,2.237624,-0.4941084,-4.90098,0.3086997,0.04271835,2.069002,-0.5044476,-0.01445944,-0.8633214,0.2181694,0.9652813,-0.1436458,0.835425,-0.260812,-0.4837793,moving,12.084934769841214,4.247816880096208,8.486057018485267,1.182808647351653,1.5820917999999997,-0.502848769,-1.2735829999999995,0.20881147158589286,0.07243768217630304,0.9752695603935965,11.990464175908372,3.7068730325581765,4.67184955185628,4.727176380884971,4.318769563853374
05/05/2023 11:40:38.442823,3058,True,True,True,True,Eyes,0.5796969,0.01615323,-3.63642,0.7274835,-0.1877367,-0.6599414,0.0,0.0,0.0,0.0,0.0,0.0,0.0,-2.810496,-0.6681818,-2.289458,0.666004,0.007776398,-3.625377,0.05918755,0.8575891,-0.117211,0.4972921,15.06441,119.6653,359.1064,0.142685,0.0054057,-0.9897531,0.2263721,-0.00599475,-0.1648109,2.256901,-0.4960328,-4.88747,0.3086991,0.03996058,2.069,-0.4983949,-0.01505901,-0.8668193,0.2180934,0.9655168,-0.1421707,0.8390696,-0.2599047,-0.4779243,moving,12.289046209450696,4.179547363609715,8.486048848426856,1.1064707357568457,1.590897,-0.503809198,-1.2620930000000006,0.2123030874007093,0.07122075193710695,0.974605030926241,12.191275956513104,3.6390943132350726,4.834102853662665,4.889436459205688,4.488083121745384
05/05/2023 11:40:38.462947,3059,True,True,True,True,Eyes,0.5841254,0.01557749,-3.636196,0.7296049,-0.1882305,-0.6574542,0.0,0.0,0.0,0.0,0.0,0.0,0.0,-2.816197,-0.6580867,-2.28539,0.6765942,0.00652032,-3.623428,0.05734023,0.8565026,-0.1152098,0.4998421,14.75445,119.3356,358.9957,0.14416,0.005303873,-0.9895399,0.2127897,-0.005635065,-0.1549222,2.276344,-0.4895742,-4.877277,0.3087003,0.03730002,2.069,-0.4937399,-0.01694926,-0.8694444,0.2133975,0.9668776,-0.1400328,0.8430197,-0.254677,-0.4737691,moving,12.417914320124893,3.860851285262218,8.486081355767933,1.032818867435013,1.5997497999999999,-0.49609452000000004,-1.2538490000000002,0.21457515662449173,0.06576521627612165,0.9744908900649762,12.325488920713056,3.328153464997681,4.79456200517534,4.84325074881382,4.473210409149789
05/05/2023 11:40:38.472850,3060,True,True,True,True,Eyes,0.5887763,0.01496973,-3.63587,0.7317147,-0.1889287,-0.6549041,0.0,0.0,0.0,0.0,0.0,0.0,0.0,-2.820503,-0.649726,-2.281005,0.6864726,0.003817726,-3.62065,0.05702236,0.8553957,-0.1142382,0.5019923,14.63659,119.0562,358.985,0.145606,0.005196518,-0.9893287,0.2000224,-0.005296961,-0.1456269,2.292622,-0.490784,-4.866807,0.3087001,0.0346286,2.069,-0.4895043,-0.01714007,-0.8718324,0.2122468,0.9673961,-0.1381882,0.8457758,-0.2526873,-0.4699067,moving,12.50106719321791,3.7015667674640564,8.486075937878136,0.9588629289844579,1.6061494,-0.494601726,-1.2461569999999997,0.2160273124249686,0.06303516602359065,0.9743503498267005,12.410841148717981,3.1726207132733264,4.816381201880353,4.862363532898952,4.506052095539764
05/05/2023 11:40:38.492737,3061,True,True,True,True,Eyes,0.5936598,0.01442422,-3.635426,0.7337387,-0.1899486,-0.6523396,0.0,0.0,0.0,0.0,0.0,0.0,0.0,-2.82319,-0.6635671,-2.27231,0.6964263,0.002496783,-3.617886,0.05810606,0.8539651,-0.1168227,0.5037061,14.95509,118.7885,358.9059,0.1470318,0.005083356,-0.9891185,0.188021,-0.004979143,-0.1368893,2.305258,-0.5062291,-4.854795,0.3087,0.03198805,2.069001,-0.485808,-0.01844754,-0.8738711,0.2169297,0.9659522,-0.1409883,0.8467187,-0.2580618,-0.4652655,moving,12.568547341766674,3.9745845484898674,8.486069187121103,0.8857580302731856,1.6088316999999996,-0.508725883,-1.2369090000000003,0.21710879539061967,0.06766064333987079,0.9737996264913424,12.469263363483872,3.437815223839293,5.065129527204453,5.119323895085844,4.730626995002121
05/05/2023 11:40:38.512490,3062,True,True,True,True,Eyes,0.5987827,0.01408001,-3.634888,0.7357624,-0.1911182,-0.6497135,0.0,0.0,0.0,0.0,0.0,0.0,0.0,-2.824488,-0.6828865,-2.263301,0.7067559,0.003533632,-3.614841,0.05770992,0.8526089,-0.1193296,0.5054585,15.17825,118.5021,358.6805,0.1484462,0.004966643,-0.9889077,0.1767398,-0.004680395,-0.1286759,2.319105,-0.5166527,-4.842303,0.3086998,0.02942009,2.069002,-0.4823629,-0.02222437,-0.8756898,0.2190403,0.96486,-0.145143,0.8481438,-0.2618229,-0.4605446,moving,12.641131650297844,4.1757845408058,8.486059727427834,0.814660109070341,1.6123490999999999,-0.520186332,-1.227462,0.21829055322220714,0.07106062998134449,0.973293238930512,12.534596931644076,3.6330983089053457,5.283564564159793,5.344322232971332,4.932975509792467
05/05/2023 11:40:38.522938,3063,True,True,True,True,Eyes,0.6041533,0.01390897,-3.634268,0.7378165,-0.1921844,-0.6470642,0.0,0.0,0.0,0.0,0.0,0.0,0.0,-2.822794,-0.7179345,-2.253581,0.7175923,0.00810647,-3.612093,0.05534074,0.8513436,-0.1228863,0.5070015,15.38791,118.2058,358.1944,0.1498573,0.004852205,-0.9886955,0.1661354,-0.004399571,-0.1209554,2.333284,-0.5245563,-4.829708,0.3087007,0.02670014,2.069001,-0.4797738,-0.03037911,-0.8768661,0.218835,0.9636727,-0.1531213,0.8496636,-0.2653526,-0.4556969,moving,12.701212529707705,4.428507581736505,8.486088149726228,0.7393521901724092,1.6156917,-0.53266277,-1.217615,0.2192420366094356,0.07533650306033517,0.9727576527004231,12.586353207597226,3.8785954248181573,5.532628598192073,5.601530241087757,5.16401216410912
05/05/2023 11:40:38.543494,3064,True,True,True,True,Eyes,0.609709,0.01378616,-3.633561,0.7398661,-0.1929417,-0.6444935,0.0,0.0,0.0,0.0,0.0,0.0,0.0,-2.816187,-0.7309051,-2.257608,0.7287227,0.0121062,-3.609812,0.04828661,0.8512663,-0.1214649,0.5081934,14.82549,118.0087,357.5547,0.1512711,0.004744604,-0.9884807,0.1561673,-0.004135597,-0.1136981,2.351721,-0.5067999,-4.823586,0.3086998,0.02405553,2.069,-0.4788158,-0.04124584,-0.876946,0.2056648,0.9658294,-0.1577201,0.8534855,-0.2558759,-0.4539714,moving,12.672867158776816,3.9646988474720204,8.486067811043153,0.666127715410521,1.6229983,-0.5189060999999999,-1.213774,0.21888439291132566,0.06746521338443641,0.9734157819725251,12.571222748126823,3.427504800766919,5.272447208800001,5.3300900828646895,4.930891832874706
05/05/2023 11:40:38.563039,3065,True,True,True,True,Eyes,0.6154141,0.0137571,-3.632771,0.7418728,-0.1941366,-0.6418222,0.0,0.0,0.0,0.0,0.0,0.0,0.0,-2.809012,-0.7334476,-2.264512,0.7386947,0.01311724,-3.607029,0.04356226,0.851354,-0.1198057,0.5088668,14.37864,117.9087,357.1741,0.1526941,0.00464435,-0.9882624,0.1467972,-0.003887461,-0.1068762,2.366326,-0.4947224,-4.81923,0.3087,0.02139054,2.069001,-0.478314,-0.04775643,-0.8768895,0.196104,0.9674978,-0.1596593,0.8560135,-0.2483288,-0.4534026,moving,12.56952497055082,3.5317392982427767,8.486069187121103,0.5923361081622626,1.6276313,-0.50783964,-1.2122010000000003,0.21723034670212094,0.06013043249381789,0.9742665522391817,12.482152485732817,3.00692728562411,4.983810283725866,5.031371805887645,4.6689326707203715
05/05/2023 11:40:38.582781,3066,True,True,True,True,Eyes,0.6212877,0.01383198,-3.631906,0.7438154,-0.1954329,-0.639175,0.0,0.0,0.0,0.0,0.0,0.0,0.0,-2.802117,-0.7767734,-2.256912,0.7481624,0.01551332,-3.604012,0.04260082,0.8503238,-0.1253757,0.5093285,14.86934,117.7304,356.722,0.1541283,0.004553349,-0.98804,0.1379894,-0.003654214,-0.1004636,2.374518,-0.5145057,-4.80836,0.3087,0.01863268,2.069,-0.4775393,-0.0552659,-0.8768704,0.2001638,0.9649321,-0.1698243,0.8555059,-0.2566156,-0.4497308,moving,12.508673203062056,4.043780676637207,8.48607322893318,0.5159715155894385,1.6263556000000001,-0.53001902,-1.2043480000000004,0.21607340488466076,0.06885285577411271,0.9739464134426846,12.409031859924829,3.505539019269414,5.288692777464789,5.350396997292275,4.932252860461555
05/05/2023 11:40:38.592604,3067,True,True,True,True,Eyes,0.6272932,0.0139682,-3.630953,0.7457271,-0.1970016,-0.6364601,0.0,0.0,0.0,0.0,0.0,0.0,0.0,-2.791916,-0.8142335,-2.255405,0.7580765,0.01817102,-3.601335,0.03888206,0.8498099,-0.1290106,0.5095758,15.00455,117.5918,356.1178,0.1555783,0.004473454,-0.9878131,0.12971,-0.003434961,-0.09443578,2.384948,-0.5223227,-4.800278,0.3087006,0.01592782,2.069,-0.4776411,-0.06539667,-0.8761176,0.1975661,0.9636889,-0.1796423,0.8560528,-0.2588957,-0.4473774,moving,12.407423298125638,4.216508213744656,8.486089482602342,0.44107241924006757,1.6268715,-0.5404937200000001,-1.1989429999999994,0.21430704856577648,0.07181727565054512,0.9741225614993934,12.305675969759086,3.6742716266595608,5.3763678578938165,5.4434156860553085,5.0042799729559935
05/05/2023 11:40:38.612765,3068,True,True,True,True,Eyes,0.780466,0.01852535,-3.605212,0.7880887,-0.2409211,-0.5664567,0.0,0.0,0.0,0.0,0.0,0.0,0.0,-2.78252,-0.8449181,-2.254141,0.7672318,0.01991619,-3.59839,0.03689145,0.8493093,-0.1324263,0.5096825,15.22128,117.4882,355.7013,0.1570455,0.00440525,-0.9875812,0.1219274,-0.003228863,-0.08876964,2.393429,-0.5327812,-4.792645,0.3087008,0.01334496,2.069,-0.4777257,-0.07232616,-0.8755267,0.1976551,0.9622046,-0.1873358,0.8559851,-0.2625475,-0.4453743,moving,7.871084547987691,1.7396437024685951,8.486094900491759,0.36955016092362836,1.6261971999999998,-0.55269739,-1.194255,0.13688271049824507,0.030072094595430168,0.9901306788303688,7.95032656139091,1.2944039633103392,1.4905051143916836,1.501796939093434,1.0688321986972695
05/05/2023 11:40:38.632799,3069,True,True,True,True,Eyes,0.7808206,0.01857091,-3.605106,0.7882192,-0.2411023,-0.5661981,0.0,0.0,0.0,0.0,0.0,0.0,0.0,-2.777659,-0.866547,-2.250482,0.7762757,0.02127183,-3.59554,0.0382481,0.8485145,-0.1357808,0.5100235,15.63087,117.3798,355.6171,0.1633018,0.004481853,-0.9865656,0.5741304,0.01063632,-0.006219439,2.400522,-0.54871,-4.784286,0.3087,0.01062861,2.069,-0.4768265,-0.07359461,-0.8759112,0.2034109,0.9602013,-0.1914091,0.8551378,-0.2694388,-0.4428795,moving,7.928367259837152,2.1525126278539157,8.48607322893318,0.294330178019016,1.6242463,-0.56998183,-1.1887459999999996,0.13783946188556107,0.037201076107471975,0.9897557665611678,7.995038681287393,1.6957390589291879,1.9234328162114935,1.9400716390998989,1.4849450422408241
05/05/2023 11:40:38.643580,3070,True,True,True,True,Eyes,0.7815087,0.01862684,-3.604902,0.7883951,-0.2414249,-0.5658156,0.0,0.0,0.0,0.0,0.0,0.0,0.0,-2.777991,-0.8663072,-2.249053,0.7851665,0.02247931,-3.592905,0.04048606,0.8477882,-0.1362675,0.510928,15.80849,117.2642,355.7922,0.168542,0.004544646,-0.9856837,0.5396825,0.009998139,-0.005846273,2.409882,-0.5553371,-4.777198,0.3087003,0.007941589,2.069001,-0.4746271,-0.07059857,-0.8773513,0.207893,0.9595841,-0.189681,0.8552836,-0.2724229,-0.4407677,moving,8.011894893759244,2.289463676391482,8.4860773139521,0.2199212555890033,1.6247155000000002,-0.5778164100000001,-1.1842930000000003,0.1392695911431841,0.03955873510463373,0.989464095713994,8.072771727012906,1.8284363632956104,2.1037319192735846,2.1231709302646684,1.6607655945122266
05/05/2023 11:40:38.662833,3071,True,True,True,True,Eyes,0.7825238,0.01872508,-3.604612,0.7888321,-0.241903,-0.5650018,0.0,0.0,0.0,0.0,0.0,0.0,0.0,-2.784374,-0.860237,-2.242434,0.793828,0.02278495,-3.590343,0.04435975,0.8465209,-0.1366794,0.5125949,16.07415,117.0595,356.1201,0.1729562,0.004596771,-0.9849185,0.5073016,0.009398251,-0.005495496,2.420186,-0.5650907,-4.767396,0.3086997,0.005281344,2.069002,-0.4705577,-0.06501946,-0.8799707,0.2152253,0.9587019,-0.1859268,0.8557184,-0.2768812,-0.4371307,moving,8.155093803467166,2.484560058492975,8.486057018485267,0.14625315206850928,1.6263580000000002,-0.58787565,-1.177053,0.1417224836719983,0.04291261036190706,0.9889759465712082,8.207106257599097,2.0173124545386347,2.3383394763934016,2.361612973864997,1.8917389990056677
05/05/2023 11:40:38.682874,3072,True,True,True,True,Eyes,0.7838842,0.01890377,-3.604259,0.7894369,-0.2422417,-0.5640108,0.0,0.0,0.0,0.0,0.0,0.0,0.0,-2.79606,-0.8544593,-2.229576,0.8026592,0.02395461,-3.588067,0.04835433,0.8446499,-0.1371475,0.5151885,16.35013,116.7264,356.4373,0.1768886,0.004645081,-0.9842196,0.4768635,0.008834356,-0.005165766,2.433081,-0.574387,-4.754163,0.3087001,0.002613515,2.069002,-0.4644856,-0.05962868,-0.883571,0.2229986,0.9577048,-0.1818601,0.8570443,-0.2815064,-0.431543,moving,8.410551049810872,2.7010026744183557,8.486067854255301,0.07237465190944109,1.6304218000000001,-0.59834161,-1.166096,0.14610616702870538,0.046618236631940466,0.9881698086799902,8.450296990468805,2.2262136596130464,2.6015100266803777,2.6297125448369116,2.1541360276922354
05/05/2023 11:40:38.692860,3073,True,True,True,True,Eyes,0.7855672,0.0191437,-3.603878,0.790433,-0.2422073,-0.562629,0.0,0.0,0.0,0.0,0.0,0.0,0.0,-2.809,-0.8402413,-2.219193,0.8122281,0.02602533,-3.586212,0.04915903,0.8429273,-0.13513,0.5184562,16.1876,116.3253,356.5828,0.1804627,0.004693354,-0.9835703,0.4482517,0.008304294,-0.00485582,2.451804,-0.5687771,-4.741227,0.3086996,-0.0003431886,2.069,-0.4575731,-0.057243,-0.8873274,0.222993,0.9586465,-0.1768359,0.8607559,-0.2787832,-0.425886,moving,8.717564235407142,2.5258988871053125,8.486062393152974,-0.009503749722894564,1.6395759,-0.59480243,-1.1550150000000001,0.1514199657809901,0.04356281621285304,0.9875091747977733,8.75429887061781,2.05380448928527,2.5168180777577076,2.5459496526448633,2.0806709727877966
05/05/2023 11:40:38.712994,3074,True,True,True,True,Eyes,0.7875724,0.01940171,-3.603441,0.7916161,-0.241763,-0.5611546,0.0,0.0,0.0,0.0,0.0,0.0,0.0,-2.820175,-0.8192368,-2.213768,0.8218684,0.02772477,-3.584559,0.04610558,0.8416472,-0.1307803,0.5219204,15.56126,115.9133,356.4944,0.1837233,0.004743263,-0.9829663,0.4213566,0.007806037,-0.004564471,2.474779,-0.5483908,-4.730004,0.3086998,-0.00299941,2.069,-0.4509469,-0.05890454,-0.8906052,0.2141231,0.9615417,-0.1720148,0.8664864,-0.2682686,-0.4209915,moving,9.039758649297314,1.9476665927559935,8.486067811043153,-0.08306109890777315,1.6529105999999998,-0.5761155699999999,-1.145445,0.15703126293828756,0.03356499554766382,0.9870230273824729,9.083965316147403,1.4890569560171218,2.080643600070792,2.1048583092589976,1.681974020379245
05/05/2023 11:40:38.722831,3075,True,True,True,True,Eyes,0.7898744,0.01964592,-3.602955,0.7930077,-0.2411763,-0.5594397,0.0,0.0,0.0,0.0,0.0,0.0,0.0,-2.826662,-0.8055935,-2.211317,0.8315232,0.02835695,-3.582832,0.04163352,0.8406699,-0.1271047,0.5247716,14.91599,115.56,356.238,0.1867108,0.004795139,-0.9824029,0.3960752,0.007337674,-0.004290603,2.496458,-0.5289037,-4.720173,0.3087,-0.005312592,2.069001,-0.4457628,-0.06340185,-0.892903,0.203402,0.9642221,-0.1700101,0.8717357,-0.2574024,-0.4169183,moving,9.286362221618582,1.3854808393922464,8.486069187121103,-0.14711855186092976,1.6649348000000002,-0.55726065,-1.1373410000000002,0.1613229724524901,0.023862143236026187,0.9866131433121832,9.339511871756317,0.9404237313328152,1.7114429505638982,1.7289678525452081,1.3824299742452144
05/05/2023 11:40:38.742746,3076,True,True,True,True,Eyes,0.792445,0.01986152,-3.602415,0.7944654,-0.2405848,-0.5576232,0.0,0.0,0.0,0.0,0.0,0.0,0.0,-2.832237,-0.7994,-2.207316,0.8408408,0.02826104,-3.581206,0.03827342,0.8395755,-0.1250141,0.5272759,14.49401,115.2311,355.9982,0.1894607,0.004848415,-0.981876,0.3723106,0.006897414,-0.004033166,2.51517,-0.5181478,-4.710003,0.3087,-0.007997379,2.069001,-0.4410308,-0.067567,-0.8949451,0.1961007,0.9658132,-0.1695562,0.8758063,-0.2502788,-0.4127034,moving,9.49379291104094,1.0447496305865598,8.486069187121103,-0.22146619641473556,1.6743291999999999,-0.54640884,-1.1287970000000005,0.16491407838188737,0.01798365838581332,0.9861439477829568,9.550903043399828,0.6075220643290291,1.6051879469850086,1.618273655566152,1.3494786689415996
05/05/2023 11:40:38.763016,3077,True,True,True,True,Eyes,0.7952561,0.02008489,-3.60184,0.7959509,-0.2405245,-0.5555268,0.0,0.0,0.0,0.0,0.0,0.0,0.0,-2.83822,-0.7995768,-2.200117,0.849806,0.02779306,-3.57944,0.03772756,0.8382246,-0.1249137,0.5294834,14.43987,114.923,355.9123,0.1920042,0.004902181,-0.9813816,0.349972,0.006483569,-0.003791176,2.530038,-0.5197663,-4.698892,0.3087004,-0.01067926,2.069,-0.4364479,-0.06903116,-0.8970774,0.1955278,0.9659464,-0.1694593,0.8782266,-0.2493638,-0.4080878,moving,9.647646401144726,1.0133843357699588,8.486084064712776,-0.29573276588056785,1.6802319999999997,-0.54755936,-1.119452,0.16756314495811864,0.017435914337559835,0.9857070950197414,9.701727735048713,0.5759838546481542,1.737014720288516,1.7501470358947353,1.49588749568069
05/05/2023 11:40:38.782912,3078,True,True,True,True,Eyes,0.7983074,0.02031195,-3.601234,0.7974434,-0.2406652,-0.5533212,0.0,0.0,0.0,0.0,0.0,0.0,0.0,-2.844345,-0.8117867,-2.188305,0.8585042,0.02831879,-3.577728,0.03894236,0.8365412,-0.1270781,0.5315389,14.71498,114.6005,355.8532,0.1943686,0.004956603,-0.9809158,0.3289737,0.006094555,-0.003563706,2.541998,-0.5317281,-4.686074,0.3086993,-0.01338044,2.069001,-0.4319002,-0.06994014,-0.8992059,0.2002477,0.9646692,-0.1712134,0.8794109,-0.2540109,-0.4026355,moving,9.788293528805994,1.29433481488434,8.486050224514107,-0.3705324707074838,1.6834938,-0.5600468900000001,-1.1083459999999996,0.1699660413845021,0.022259819292425976,0.985198513135901,9.831260694696983,0.8484115523771003,2.095637493716364,2.1136746916701585,1.8153279980497365
05/05/2023 11:40:38.792822,3079,True,True,True,True,Eyes,0.8015722,0.02052483,-3.600598,0.798929,-0.2412999,-0.5508965,0.0,0.0,0.0,0.0,0.0,0.0,0.0,-2.849594,-0.8257952,-2.177503,0.8672806,0.02868668,-3.576401,0.039968,0.8349372,-0.1294364,0.5334125,14.99776,114.296,355.7643,0.1965782,0.005011711,-0.9804751,0.3092352,0.005728882,-0.003349883,2.553468,-0.5442046,-4.674074,0.3087004,-0.0160369,2.069001,-0.4277473,-0.07134445,-0.9010783,0.2048275,0.9632975,-0.1735036,0.8803851,-0.2587813,-0.3974347,moving,9.900522297786852,1.5578415270549277,8.48608002289569,-0.44409272211298156,1.6861874000000001,-0.57289128,-1.097673,0.17187642014241894,0.026781546274050265,0.9847544808080123,9.933561066082648,1.104055194476732,2.4282676065203788,2.45120127427161,2.1194252386028327
05/05/2023 11:40:38.812596,3080,True,True,True,True,Eyes,0.8050548,0.02074082,-3.599937,0.8003624,-0.2422325,-0.5484008,0.0,0.0,0.0,0.0,0.0,0.0,0.0,-2.853763,-0.8406831,-2.167245,0.8757531,0.02868885,-3.574898,0.04156167,0.83341,-0.132169,0.5350063,15.35349,114.0246,355.7093,0.1986543,0.00506705,-0.9800563,0.2906811,0.005385149,-0.003148891,2.563201,-0.5594587,-4.662561,0.3086994,-0.01878071,2.069,-0.4240818,-0.07214668,-0.9027454,0.2106983,0.9616079,-0.1758304,0.8807728,-0.2647734,-0.3925991,moving,9.974680530249868,1.8693441645350153,8.486056975262642,-0.5200705010681977,1.6874479,-0.58814755,-1.087663,0.1731235473426983,0.03212785782948761,0.9843759601582207,9.997455912203897,1.406650578981937,2.7863413093660396,2.8151913847308006,2.4487917157032184
05/05/2023 11:40:38.832820,3081,True,True,True,True,Eyes,0.8087308,0.02093883,-3.599271,0.8006085,-0.2447649,-0.5469151,0.0,0.0,0.0,0.0,0.0,0.0,0.0,-2.856316,-0.8606243,-2.157556,0.8844448,0.02905322,-3.57368,0.04370615,0.8319426,-0.1357477,0.5362218,15.82744,113.789,355.6568,0.200616,0.005122683,-0.9796562,0.2732403,0.00506204,-0.002959957,2.571204,-0.578298,-4.651863,0.3086994,-0.02143016,2.068999,-0.4211116,-0.07285977,-0.9040775,0.2183038,0.9593247,-0.1789963,0.8803454,-0.272741,-0.3880772,moving,10.094201642594241,2.203967386326547,8.486061017071027,-0.593433740548631,1.6867591999999998,-0.60735122,-1.0781829999999997,0.17514141461285082,0.037862582172403195,0.9838149535918415,10.104948178137935,1.7314411062788047,3.1914246595644724,3.226696350154553,2.8329911213553363
05/05/2023 11:40:38.843071,3082,True,True,True,True,Eyes,0.8126143,0.0211402,-3.598581,0.8008596,-0.2473857,-0.5453662,0.0,0.0,0.0,0.0,0.0,0.0,0.0,-2.857258,-0.8771415,-2.151337,0.8932548,0.02943856,-3.572504,0.04502567,0.8307716,-0.1384871,0.5372268,16.16953,113.5938,355.5819,0.2024798,0.005178082,-0.9792724,0.2568459,0.004758317,-0.00278236,2.579647,-0.5926532,-4.642887,0.3086997,-0.02409874,2.069,-0.4187202,-0.07398587,-0.9050965,0.2236101,0.957588,-0.1817243,0.8801546,-0.2784803,-0.3844175,moving,10.17915776325052,2.4043863972303883,8.486065102098083,-0.6673241462502599,1.6863922,-0.62209176,-1.070383,0.17657598540173886,0.04129295159661516,0.9834205047216245,10.18236307300651,1.925882265675395,3.4677930067676797,3.507416203158448,3.098733015437176
05/05/2023 11:40:38.862948,3083,True,True,True,True,Eyes,0.8167524,0.02136182,-3.597785,0.8011777,-0.2499602,-0.5437225,0.0,0.0,0.0,0.0,0.0,0.0,0.0,-2.858506,-0.8889691,-2.146454,0.9021047,0.02976181,-3.571261,0.04640907,0.8296908,-0.1405581,0.5382406,16.45116,113.4125,355.5569,0.2042613,0.005233371,-0.978902,0.2414351,0.004472818,-0.002615418,2.588414,-0.6046993,-4.634555,0.3087001,-0.02676144,2.069,-0.4162866,-0.07429779,-0.9061928,0.2283185,0.9561793,-0.183281,0.8801001,-0.283198,-0.3810811,moving,10.24969611314438,2.5376658777771595,8.486075937878136,-0.7410498143377034,1.6863093000000002,-0.63446111,-1.063294,0.1777693416760417,0.04357092265599156,0.9831071159474699,10.247532879321277,2.055093329989482,3.680042910935479,3.72294677806793,3.304715878880686
05/05/2023 11:40:38.884025,3084,True,True,True,True,Eyes,0.8210961,0.02157933,-3.596986,0.8015676,-0.2523895,-0.5420231,0.0,0.0,0.0,0.0,0.0,0.0,0.0,-2.861748,-0.8938778,-2.142019,0.9112189,0.03027501,-3.570101,0.04790796,0.8285779,-0.1416301,0.539541,16.64253,113.2152,355.6039,0.2059759,0.005289113,-0.9785424,0.226949,0.004204449,-0.002458493,2.598628,-0.6131759,-4.6263,0.3087004,-0.02953933,2.069001,-0.4132009,-0.07343953,-0.907674,0.2322214,0.9552915,-0.1830065,0.8805331,-0.2863998,-0.3776731,moving,10.339640106359687,2.5767728329298536,8.48608002289569,-0.8179618844686888,1.6874091,-0.64345091,-1.0561989999999994,0.17930724250517094,0.04422938502142505,0.9827984494795656,10.33415792823046,2.0925473224527193,3.8231152846534564,3.867804129544569,3.447673967729669
05/05/2023 11:40:38.892729,3085,True,True,True,True,Eyes,0.8256471,0.02178911,-3.596168,0.8021165,-0.2545615,-0.5401923,0.0,0.0,0.0,0.0,0.0,0.0,0.0,-2.867324,-0.8878185,-2.139602,0.9204603,0.03037965,-3.569242,0.04846108,0.8275492,-0.1408201,0.5412797,16.59072,112.994,355.6772,0.207635,0.005345128,-0.9781914,0.2133321,0.003952182,-0.002310983,2.611943,-0.6133876,-4.618785,0.3086998,-0.03212427,2.069001,-0.4093359,-0.07223823,-0.9095196,0.2326539,0.9556425,-0.1806091,0.8822224,-0.2855331,-0.3743723,moving,10.458399681837065,2.384155221432491,8.486063769233581,-0.8895293952860099,1.6914827000000001,-0.64376725,-1.049543,0.1813696281507185,0.040909429161616634,0.9825638067952281,10.455118678614548,1.9043458713805728,3.779563178778345,3.821926205708945,3.4180281218633293
05/05/2023 11:40:38.913111,3086,True,True,True,True,Eyes,0.8304042,0.02198596,-3.595363,0.8027706,-0.2565473,-0.5382777,0.0,0.0,0.0,0.0,0.0,0.0,0.0,-2.875029,-0.8802122,-2.134771,0.9297329,0.03031211,-3.568262,0.04936973,0.8262724,-0.139976,0.543363,16.55693,112.7273,355.7803,0.2092503,0.005401197,-0.9778469,0.2005322,0.003715051,-0.002172324,2.625921,-0.6142947,-4.609749,0.3086995,-0.03476758,2.069,-0.4046384,-0.07052986,-0.9117528,0.2337012,0.9559387,-0.1776652,0.8841104,-0.2849679,-0.3703266,moving,10.612830714384044,2.2155231663431834,8.486059684207827,-0.9627105502947959,1.6961881,-0.64460681,-1.041487,0.18403845874323882,0.03799821422259818,0.9821843091285094,10.610206152541567,1.7392454355153188,3.7838305833317536,3.824176326004238,3.436941135397842
05/05/2023 11:40:38.932951,3087,True,True,True,True,Eyes,0.8353928,0.02215378,-3.594507,0.8035711,-0.2582497,-0.5362655,0.0,0.0,0.0,0.0,0.0,0.0,0.0,-2.884017,-0.8700143,-2.130282,0.9393818,0.03017299,-3.567805,0.04957572,0.8249578,-0.1385097,0.5457123,16.41768,112.4319,355.8524,0.2108312,0.005456946,-0.9775069,0.1885002,0.003492148,-0.002041985,2.641794,-0.6119031,-4.600758,0.3086993,-0.03750588,2.069,-0.3994808,-0.06937715,-0.9141127,0.2329687,0.9567146,-0.1744212,0.8866459,-0.2826375,-0.3660264,moving,10.790519291146797,1.9643148777867696,8.486054266317419,-1.038517782740364,1.7024122,-0.64207609,-1.032953,0.18711262072529744,0.03367166323898378,0.9817612709083516,10.790191217437238,1.4936453935521434,3.7485298033189918,3.785176751195422,3.423579623856804
05/05/2023 11:40:38.943514,3088,True,True,True,True,Eyes,0.8405727,0.02226927,-3.593671,0.8044497,-0.2598414,-0.5341753,0.0,0.0,0.0,0.0,0.0,0.0,0.0,-2.891528,-0.8601077,-2.127554,0.9491479,0.02947543,-3.567275,0.0490881,0.8237966,-0.1368996,0.5479125,16.22122,112.155,355.8707,0.2123877,0.005511628,-0.9771697,0.1771902,0.003282619,-0.001919466,2.657958,-0.6083353,-4.592381,0.3087001,-0.04019862,2.069001,-0.3947647,-0.06914076,-0.9161771,0.2308952,0.9576977,-0.1717628,0.8892966,-0.2793468,-0.3621009,moving,10.94546018604869,1.6718907531735465,8.486071896064805,-1.1130596475515495,1.7088100999999998,-0.63781073,-1.0251059999999996,0.18979659223183432,0.02864554247362259,0.9814055281012607,10.94911231133184,1.2080938422356737,3.683462110670743,3.715446069506154,3.384423379305581
05/05/2023 11:40:38.963034,3089,True,True,True,True,Eyes,0.845964,0.02235084,-3.592805,0.805476,-0.2613308,-0.5318973,0.0,0.0,0.0,0.0,0.0,0.0,0.0,-2.898914,-0.8556715,-2.123053,0.9588798,0.02832631,-3.566927,0.04907924,0.8224871,-0.1363267,0.5500194,16.15537,111.8697,355.8667,0.2139267,0.005563918,-0.9768336,0.1665588,0.003085662,-0.001804298,2.672837,-0.6097783,-4.583327,0.3087,-0.04284725,2.069001,-0.3901398,-0.06923057,-0.9181493,0.2306987,0.9580125,-0.1702648,0.891386,-0.2782429,-0.3577874,moving,11.085290133622776,1.5197770877450634,8.486069187121103,-1.1863772545883937,1.7139571999999998,-0.63810461,-1.0163999999999995,0.19220490229429427,0.026027497629596934,0.9810096616512565,11.089521147133754,1.0591623657643376,3.7223619695060117,3.7522287847708964,3.4380823571676697
05/05/2023 11:40:38.983230,3090,True,True,True,True,Eyes,0.8515471,0.0223962,-3.591973,0.8065594,-0.2627648,-0.5295439,0.0,0.0,0.0,0.0,0.0,0.0,0.0,-2.905934,-0.8543375,-2.117887,0.9687592,0.02750292,-3.566586,0.04939547,0.8211241,-0.1362697,0.5520381,16.16026,111.5865,355.8605,0.215455,0.005613108,-0.9764974,0.1565653,0.002900522,-0.00169604,2.687042,-0.6133644,-4.57402,0.3087,-0.04552245,2.069001,-0.3856285,-0.06933252,-0.9200457,0.2315717,0.9579813,-0.1692523,0.8931212,-0.2783251,-0.3533694,moving,11.212588117880484,1.4416568635180078,8.486069187121103,-1.2604264095016686,1.7182827999999999,-0.64086732,-1.007434,0.19439065625213925,0.024679077619712747,0.9806137689041045,11.215719225328712,0.9823084475141024,3.8095030296267764,3.838640318409893,3.532824503136315
05/05/2023 11:40:38.992995,3091,True,True,True,True,Eyes,0.8573177,0.02240198,-3.591178,0.8077433,-0.264227,-0.5270057,0.0,0.0,0.0,0.0,0.0,0.0,0.0,-2.913206,-0.8537644,-2.112801,0.9789185,0.0266805,-3.566597,0.04958295,0.8197354,-0.136264,0.5540828,16.16157,111.297,355.8377,0.2169791,0.005658541,-0.9761596,0.1471714,0.002726491,-0.001594278,2.701624,-0.6168734,-4.564848,0.3086998,-0.04815851,2.069002,-0.3810678,-0.06971328,-0.9219152,0.2322929,0.9579474,-0.1684547,0.8948897,-0.2783469,-0.348849,moving,11.33371092957756,1.36130594702314,8.486059727427834,-1.3333874126837486,1.7227054999999998,-0.6435539,-0.9982509999999998,0.19646976144508427,0.02329401009176918,0.9802332253030073,11.335957752745754,0.9033250511614548,3.8921802177516884,3.920521607127446,3.6228167771268063
05/05/2023 11:40:39.012764,3092,True,True,True,True,Eyes,0.8632774,0.02236357,-3.590427,0.808971,-0.265684,-0.5243833,0.0,0.0,0.0,0.0,0.0,0.0,0.0,-2.920049,-0.8554211,-2.107425,0.9892201,0.02575869,-3.566573,0.04944895,0.8183213,-0.1364836,0.5561272,16.16323,110.9992,355.7682,0.2185032,0.005699485,-0.9758194,0.1383411,0.002562902,-0.001498621,2.716391,-0.6207474,-4.555287,0.308701,-0.05081095,2.069002,-0.376555,-0.07087426,-0.9236794,0.2327348,0.957854,-0.1683751,0.8966835,-0.2783747,-0.3441898,moving,11.456192737648658,1.2910314620248482,8.486092234735647,-1.4067980292729103,1.7271708999999997,-0.6465060899999999,-0.9887139999999999,0.19857020432852335,0.02208217786601955,0.9798378250453044,11.457249463156806,0.8341368518674765,3.9847295903379125,4.012453234807858,3.7215002912146846
05/05/2023 11:40:39.032613,3093,True,True,True,True,Eyes,0.8694313,0.0222713,-3.589704,0.8102723,-0.2672334,-0.5215794,0.0,0.0,0.0,0.0,0.0,0.0,0.0,-2.927746,-0.85879,-2.100863,0.9996917,0.02467254,-3.566911,0.04975069,0.8167697,-0.1371268,0.5582191,16.23309,110.6868,355.7099,0.2200324,0.005735194,-0.9754754,0.1300406,0.002409128,-0.001408704,2.730813,-0.6270667,-4.545366,0.3087,-0.05346224,2.069001,-0.3718327,-0.07182393,-0.925517,0.2343633,0.9574422,-0.1684585,0.8982284,-0.2795456,-0.3391754,moving,11.577119835801218,1.2810443109614014,8.486069187121103,-1.4801729163661157,1.7311212999999999,-0.6517392399999999,-0.9784549999999994,0.20063858319692562,0.021901964217577133,0.9794204529329331,11.575400674342578,0.8236175891438504,4.116496204054044,4.144745431168967,3.853753979072343
05/05/2023 11:40:39.043265,3094,True,True,True,True,Eyes,0.8757703,0.02212329,-3.589031,0.8116162,-0.2688243,-0.5186642,0.0,0.0,0.0,0.0,0.0,0.0,0.0,-2.936165,-0.860473,-2.094036,1.010338,0.02328624,-3.567231,0.05001771,0.8151564,-0.1375599,0.5604423,16.27989,110.3597,355.6598,0.2215705,0.005764711,-0.9751271,0.1222382,0.00226458,-0.001324182,2.745846,-0.6328427,-4.53507,0.3087,-0.05610527,2.069,-0.3668052,-0.07264432,-0.927457,0.2357333,0.9571511,-0.1682016,0.8999353,-0.2803298,-0.3339633,moving,11.707065852541438,1.244050481351552,8.48607322893318,-1.5533144466560134,1.7355079999999998,-0.65612894,-0.9678390000000001,0.20286218547372903,0.021259638156893933,0.9789764421194365,11.70307161544996,0.786761444954287,4.237919661075562,4.266150960970039,3.9780691041442853
05/05/2023 11:40:39.062978,3095,True,True,True,True,Eyes,0.8822975,0.02193931,-3.588413,0.8130329,-0.2705225,-0.5155532,0.0,0.0,0.0,0.0,0.0,0.0,0.0,-2.946025,-0.8656598,-2.08416,1.021093,0.02182345,-3.567779,0.05076194,0.8132521,-0.1387073,0.562854,16.42446,109.9903,355.6006,0.223121,0.005787133,-0.9747733,0.1149039,0.002128705,-0.001244731,2.760546,-0.6421294,-4.523281,0.3087,-0.05879207,2.069001,-0.3612372,-0.07357935,-0.9295663,0.2387083,0.9563671,-0.1684648,0.9014022,-0.2827511,-0.3279114,moving,11.85869642196253,1.3004814212945464,8.486069187121103,-1.627660535687117,1.7394530000000001,-0.6639528499999999,-0.9555020000000001,0.2054480450387876,0.022211589192084054,0.9784159481601895,11.849362969554756,0.840662330376841,4.4363737874729825,4.466388897692468,4.171853645334536
05/05/2023 11:40:39.072805,3096,True,True,True,True,Eyes,0.8890188,0.0217143,-3.587856,0.8145369,-0.2720971,-0.5123405,0.0,0.0,0.0,0.0,0.0,0.0,0.0,-2.956577,-0.871544,-2.073471,1.032101,0.02080467,-3.56855,0.05068981,0.8112571,-0.1396166,0.5655084,16.49077,109.5849,355.4741,0.2246874,0.005802187,-0.9744133,0.1080097,0.002000983,-0.001170047,2.77676,-0.6487241,-4.510755,0.3086997,-0.06158014,2.069001,-0.3552617,-0.07566378,-0.9316997,0.2401536,0.9558755,-0.1691989,0.9033912,-0.2838609,-0.3214151,moving,12.04108791549143,1.3012928050208088,8.486061060289764,-1.7048038328205315,1.744659,-0.66952877,-0.9422049999999995,0.20856162262216937,0.022210483194657245,0.9777569867997561,12.027139781830405,0.840242273897619,4.6249182009638625,4.655623796790936,4.360791005937927
05/05/2023 11:40:39.092609,3097,True,True,True,True,Eyes,1.061438,0.01434511,-3.575885,0.8500012,-0.3096019,-0.426198,0.0,0.0,0.0,0.0,0.0,0.0,0.0,-2.967803,-0.87202,-2.064394,1.042342,0.01968056,-3.569752,0.04965888,0.8094305,-0.1394223,0.5682586,16.38818,109.1862,355.3326,0.2262719,0.005809478,-0.9740466,0.1015291,0.001880924,-0.001099844,2.793887,-0.6495697,-4.49947,0.3086994,-0.0642093,2.069001,-0.3492323,-0.07806508,-0.9337788,0.2388467,0.9561908,-0.1692672,0.9060845,-0.2821435,-0.3152872,moving,7.1994091160266525,-1.2057697612774514,8.48605293345808,-1.7775445795153872,1.7515449999999997,-0.66925026,-0.9297179999999998,0.12529569436625093,-0.02087726886387227,0.9918998136440571,7.3749530466162065,-1.5669827741995732,1.403563859232248,1.4079697282631969,1.130875427444543
05/05/2023 11:40:39.112655,3098,True,True,True,True,Eyes,1.061849,0.01427137,-3.575943,0.8501108,-0.3095925,-0.425986,0.0,0.0,0.0,0.0,0.0,0.0,0.0,-2.978886,-0.8675904,-2.058032,1.053478,0.01772126,-3.570973,0.04905484,0.8077244,-0.1387298,0.570902,16.26748,108.8181,355.2701,0.2334182,0.005568361,-0.9723603,0.6126947,-0.02033952,0.03487985,2.811628,-0.6501582,-4.48932,0.3086999,-0.06676249,2.069001,-0.343329,-0.07915667,-0.9358735,0.2376478,0.9566953,-0.1680998,0.9086521,-0.2801219,-0.3096499,moving,7.547086154473131,-1.3034492373779876,8.486066478177362,-1.8481779873790047,1.7581499999999999,-0.66787946,-0.9183470000000002,0.13130752369304916,-0.022550562926058663,0.9910851461212641,7.716507985044351,-1.6643289692051753,1.0807873704100084,1.0855475389780826,0.7912147217011519
05/05/2023 11:40:39.122825,3099,True,True,True,True,Eyes,1.0627,0.01415211,-3.576056,0.8502911,-0.3097341,-0.425523,0.0,0.0,0.0,0.0,0.0,0.0,0.0,-2.989816,-0.864471,-2.051448,1.064812,0.01578173,-3.572209,0.04928787,0.8059817,-0.1385055,0.5733938,16.24758,108.4647,355.2569,0.2393652,0.005366425,-0.9709145,0.575933,-0.01911914,0.03278706,2.828158,-0.6540613,-4.479294,0.3086993,-0.06945653,2.069,-0.3375804,-0.07938612,-0.937943,0.2382866,0.9567738,-0.166743,0.9106365,-0.2797885,-0.3040715,moving,7.85685945447161,-1.3176458077068929,8.486054266317419,-1.9227028094796563,1.763346,-0.66984303,-0.9070850000000004,0.13666323641562506,-0.02277947930010036,0.9903556159815743,8.018863507273439,-1.6801962547330738,0.8667470009221753,0.8729147075447459,0.5263806934445331
05/05/2023 11:40:39.143342,3100,True,True,True,True,Eyes,1.063985,0.01398786,-3.576239,0.8505982,-0.3098211,-0.4248454,0.0,0.0,0.0,0.0,0.0,0.0,0.0,-3.001161,-0.8694835,-2.041234,1.076208,0.01459756,-3.573678,0.04964749,0.8039504,-0.1394243,0.575986,16.34216,108.0672,355.1708,0.24434,0.005195269,-0.9696754,0.5413771,-0.01797199,0.03081984,2.84403,-0.6614743,-4.467541,0.3086997,-0.07213297,2.069,-0.3315507,-0.08078462,-0.9399723,0.2404411,0.956192,-0.1669879,0.9122841,-0.2813729,-0.2976021,moving,8.185945680379138,-1.203271873983593,8.486065102098083,-1.9967334353013135,1.767822,-0.67607186,-0.8938629999999996,0.14235538313483886,-0.02078564538173288,0.9895973562960887,8.336580244643503,-1.5710945370875908,0.8393217540606887,0.8483235919044504,0.45112547509623946
05/05/2023 11:40:39.162930,3101,True,True,True,True,Eyes,1.065697,0.01377552,-3.576471,0.8510038,-0.309884,-0.4239863,0.0,0.0,0.0,0.0,0.0,0.0,0.0,-3.012517,-0.8707162,-2.033478,1.087881,0.01334713,-3.575579,0.04866811,0.8020919,-0.1393027,0.5786838,16.24791,107.6718,355.0313,0.2485293,0.005047911,-0.9686109,0.5088944,-0.01689368,0.02897065,2.862124,-0.6627679,-4.456822,0.3087001,-0.07480964,2.069001,-0.3255134,-0.08315189,-0.9418744,0.239297,0.9564524,-0.1671403,0.9147559,-0.2797941,-0.29144,moving,8.518676343058724,-1.2677989759670365,8.486071896064805,-2.0707627530480788,1.774243,-0.67611503,-0.881243,0.14809631540784168,-0.0218814814301593,0.9887308156374878,8.66267160928387,-1.6360848779758197,0.7949626637734275,0.8036254583249792,0.4691826017515889
05/05/2023 11:40:39.182889,3102,True,True,True,True,Eyes,1.067813,0.01353725,-3.576782,0.8515457,-0.309854,-0.4229189,0.0,0.0,0.0,0.0,0.0,0.0,0.0,-3.025259,-0.8654413,-2.026531,1.099542,0.01191244,-3.577551,0.0478318,0.8002541,-0.1383189,0.5815268,16.08192,107.2782,354.9658,0.25225,0.004912558,-0.9676493,0.4783608,-0.01588006,0.02723241,2.880944,-0.6615161,-4.446564,0.3086995,-0.07758653,2.069001,-0.3190775,-0.08431712,-0.9439706,0.2374275,0.95716,-0.1657496,0.9175063,-0.2770115,-0.285389,moving,8.840556645507542,-1.4092101085730897,8.486055642402011,-2.147557567298715,1.781402,-0.6734285400000001,-0.8690130000000003,0.15363992576648816,-0.024300882629036985,0.9878280299706108,8.980258110495603,-1.775810216365293,0.8128826192006063,0.8190408604028352,0.6184110060435654
05/05/2023 11:40:39.192610,3103,True,True,True,True,Eyes,1.070326,0.01325529,-3.577169,0.8522178,-0.3097722,-0.4216231,0.0,0.0,0.0,0.0,0.0,0.0,0.0,-3.039411,-0.8603224,-2.017944,1.111344,0.01103291,-3.579813,0.04723285,0.7982466,-0.1373783,0.58455,15.93481,106.858,354.9165,0.2556459,0.00478421,-0.9667583,0.4496591,-0.01492725,0.02559846,2.900062,-0.660108,-4.435703,0.3086999,-0.08019322,2.069001,-0.3121408,-0.08520206,-0.9462075,0.2360159,0.9577925,-0.1641036,0.9202524,-0.2745435,-0.2788571,moving,9.170893645046275,-1.5306619990203838,8.486066478177362,-2.219638486777356,1.788718,-0.67114091,-0.85589,0.15932427570519775,-0.02637070456406762,0.9868740517893348,9.305550394064408,-1.896171606591254,0.967831883396936,0.9714303110175408,0.8810134567501778
05/05/2023 11:40:39.212699,3104,True,True,True,True,Eyes,1.073198,0.01291859,-3.577632,0.8530286,-0.3095693,-0.42013,0.0,0.0,0.0,0.0,0.0,0.0,0.0,-3.053666,-0.8481212,-2.01228,1.123299,0.009664383,-3.582116,0.04612359,0.7964435,-0.1352816,0.5875793,15.64587,106.4632,354.9055,0.2587588,0.004660997,-0.9659304,0.4226796,-0.01403162,0.02406256,2.920466,-0.654188,-4.426161,0.3086999,-0.0828509,2.069001,-0.3052466,-0.08550767,-0.9484267,0.232447,0.959143,-0.1612857,0.9234681,-0.2696908,-0.2728992,moving,9.475596481212488,-1.7938251207414928,8.486066478177362,-2.2931221580422143,1.7971669999999997,-0.663852383,-0.8440449999999995,0.1645490312185912,-0.030876347932618474,0.9858856060841018,9.609673585594892,-2.1542458016834063,1.1075321950211077,1.1083623768262685,1.1321570448461153
05/05/2023 11:40:39.232833,3105,True,True,True,True,Eyes,1.076423,0.01265116,-3.578163,0.8538769,-0.3096095,-0.4183731,0.0,0.0,0.0,0.0,0.0,0.0,0.0,-3.072634,-0.8281835,-2.002237,1.13473,0.007983044,-3.584445,0.04712066,0.794198,-0.1329442,0.5910627,15.47813,106.0186,355.1005,0.2616259,0.004540934,-0.9651584,0.3973188,-0.01318972,0.0226188,2.939785,-0.6517329,-4.415066,0.3087002,-0.08555551,2.069001,-0.296849,-0.08231045,-0.9513703,0.2320029,0.960211,-0.1554655,0.9263126,-0.2668705,-0.2659415,moving,9.795870962434737,-1.985724732499185,8.486074605008472,-2.3678956733130367,1.805055,-0.659715944,-0.8306210000000003,0.17003925784077573,-0.03414588923575847,0.9848454511692315,9.927055529607497,-2.343084986335013,1.3643787081544014,1.364412373855374,1.4411945029199154
05/05/2023 11:40:39.242964,3106,True,True,True,True,Eyes,1.080005,0.01264375,-3.578793,0.8548541,-0.3097218,-0.4162894,0.0,0.0,0.0,0.0,0.0,0.0,0.0,-3.094783,-0.8201858,-1.98243,1.146343,0.009401381,-3.586952,0.05047328,0.7911208,-0.1328285,0.5949261,15.67751,105.4717,355.3421,0.2642802,0.004425557,-0.9644355,0.3734797,-0.01239834,0.02126168,2.956587,-0.6584964,-4.39983,0.3086997,-0.08823469,2.069,-0.2870307,-0.07818538,-0.9547253,0.2379072,0.9596181,-0.150111,0.9279081,-0.2702225,-0.256839,moving,10.158677918271424,-1.8250575897520727,8.486065102098083,-2.4419593568787783,1.810244,-0.667897781,-0.8128779999999995,0.17628819640996457,-0.031349095070967094,0.983839263436443,10.276396121406798,-2.189164322610964,1.7823385613475875,1.78275108276825,1.8080902875823006
05/05/2023 11:40:39.262945,3107,True,True,True,True,Eyes,1.083954,0.01271168,-3.579536,0.8560427,-0.3093539,-0.4141147,0.0,0.0,0.0,0.0,0.0,0.0,0.0,-3.115396,-0.8322886,-1.957574,1.158427,0.01565179,-3.590028,0.05071445,0.7877548,-0.1338517,0.5991278,15.76269,104.8258,355.2026,0.2667508,0.004321361,-0.9637555,0.3510709,-0.01165444,0.01998597,2.975995,-0.658424,-4.381475,0.3086998,-0.09090303,2.069,-0.2769479,-0.08048745,-0.9575079,0.2402897,0.9590236,-0.1501158,0.930355,-0.2716535,-0.2462593,moving,10.627008583725171,-1.6799651518219134,8.486067811043153,-2.5157141244086314,1.817568,-0.6740757900000001,-0.7914469999999998,0.1843380954042953,-0.028814317189442246,0.982440393170096,10.729023012204145,-2.0510973766261396,2.297433523783006,2.298282780101707,2.2905712730092302
05/05/2023 11:40:39.282860,3108,True,True,True,True,Eyes,1.088163,0.01287367,-3.580328,0.8572825,-0.3091353,-0.4117064,0.0,0.0,0.0,0.0,0.0,0.0,0.0,-3.124832,-0.8226101,-1.959722,1.171286,0.01746013,-3.592987,0.0425384,0.7866839,-0.129036,0.6022198,14.7295,104.4517,354.7504,0.2690649,0.004229209,-0.9631125,0.3300067,-0.01095517,0.01878682,3.004499,-0.6260376,-4.374046,0.3086995,-0.09358123,2.069,-0.2710436,-0.08848753,-0.9584914,0.2223446,0.9630803,-0.1517861,0.9365354,-0.254256,-0.241362,moving,10.9410901796464,-2.6045915027481032,8.486059684207827,-2.589733040851355,1.833213,-0.64349773,-0.781059,0.18961059902106958,-0.0446186786843507,0.9808450808178799,11.060117368856629,-2.952827072617742,2.4525846448769517,2.455075458600672,2.599540390108205
05/05/2023 11:40:39.292869,3109,True,True,True,True,Eyes,1.092702,0.01316822,-3.581208,0.8584914,-0.3091263,-0.4091863,0.0,0.0,0.0,0.0,0.0,0.0,0.0,-3.141039,-0.8311661,-1.940125,1.181706,0.01990829,-3.595026,0.04380905,0.7838982,-0.1303993,0.605459,14.92111,103.9429,354.7022,0.2712439,0.004150413,-0.9625015,0.3102063,-0.01029786,0.01765961,3.019041,-0.6329828,-4.358739,0.3087,-0.09624732,2.069001,-0.2630006,-0.08921925,-0.9606617,0.2265866,0.9621536,-0.1513904,0.937811,-0.2574888,-0.2328311,moving,11.247619564813274,-2.3932671519419144,8.486069187121103,-2.663407390847887,1.8373350000000002,-0.65289109,-0.7637130000000001,0.19488590320238242,-0.04095756978754191,0.9799703789112351,11.353232143554548,-2.7492445412428514,2.773818790084588,2.7747317414856423,2.868447565344728
05/05/2023 11:40:39.312856,3110,True,True,True,True,Eyes,1.0975,0.01351652,-3.582122,0.8598863,-0.3087977,-0.4064965,0.0,0.0,0.0,0.0,0.0,0.0,0.0,-3.154274,-0.8320764,-1.930494,1.194342,0.02344368,-3.597444,0.04322021,0.7818177,-0.1296889,0.608337,14.79557,103.531,354.6464,0.273309,0.004087144,-0.9619173,0.2915939,-0.009679988,0.01660003,3.03787,-0.6279449,-4.347731,0.3087002,-0.09887408,2.068999,-0.2561161,-0.09020842,-0.9624276,0.2253697,0.9626256,-0.1502012,0.9400068,-0.255371,-0.2262137,moving,11.48011589809955,-2.480080917518228,8.486082688641455,-2.7359901555963786,1.8435279999999998,-0.65138858,-0.7502869999999997,0.1988487841447611,-0.04240792411938275,0.9791121498486599,11.582213883482785,-2.8352547559217056,3.0036885525111967,3.0049499825241157,3.097722039910513
05/05/2023 11:40:39.333845,3111,True,True,True,True,Eyes,1.102555,0.01394647,-3.583058,0.8611479,-0.3090765,-0.403604,0.0,0.0,0.0,0.0,0.0,0.0,0.0,-3.172997,-0.8116347,-1.918571,1.20529,0.02500885,-3.599197,0.04151431,0.7794892,-0.1259303,0.6122213,14.3092,103.0413,354.7018,0.2752773,0.004039281,-0.9613561,0.2740982,-0.009099188,0.01560403,3.059928,-0.6119866,-4.334675,0.3087009,-0.101584,2.069,-0.2469236,-0.08947454,-0.9648955,0.2189144,0.9648363,-0.1454908,0.9439839,-0.2471545,-0.2186536,moving,11.813025418826115,-2.9847351290711983,8.486097609436408,-2.8108575823547377,1.8546380000000002,-0.63699545,-0.7354779999999996,0.20445250061267178,-0.05097000277061643,0.9775486745699412,11.920342450852923,-3.32848302993952,3.32581974644808,3.331468452521009,3.473035233737672
05/05/2023 11:40:39.342582,3112,True,True,True,True,Eyes,1.107881,0.01444551,-3.584027,0.8625239,-0.3092138,-0.4005489,0.0,0.0,0.0,0.0,0.0,0.0,0.0,-3.189117,-0.8303723,-1.89404,1.216438,0.02747249,-3.600957,0.04351369,0.7762423,-0.1290416,0.6155509,14.70871,102.4723,354.5831,0.2771648,0.004007436,-0.9608138,0.2576523,-0.008553237,0.01466779,3.07321,-0.6264194,-4.316325,0.3087011,-0.1042416,2.069001,-0.2384076,-0.09130906,-0.9668633,0.2264177,0.9629096,-0.1467653,0.944403,-0.2539049,-0.208891,moving,12.126939659461575,-2.5598182154775317,8.486098985499742,-2.88427013117349,1.856772,-0.6538918899999999,-0.7153679999999998,0.20987789622853736,-0.04366765770072666,0.9767520042561851,12.214899112398053,-2.9171272706599605,3.6536585588250268,3.6552687806471402,3.728944888030941
05/05/2023 11:40:39.363408,3113,True,True,True,True,Eyes,1.113421,0.01491736,-3.585009,0.8638525,-0.3095621,-0.3974042,0.0,0.0,0.0,0.0,0.0,0.0,0.0,-3.200643,-0.8379041,-1.882367,1.228248,0.02960828,-3.602781,0.04081354,0.7740564,-0.1287417,0.6185439,14.46548,102.0204,354.3054,0.2789853,0.003991831,-0.9602869,0.2421932,-0.008040043,0.01378772,3.092472,-0.6199713,-4.302936,0.3086991,-0.1069937,2.069,-0.2314755,-0.09608078,-0.9680846,0.2224487,0.9635197,-0.1488167,0.947067,-0.2497965,-0.2016581,moving,12.400284455755015,-2.756138251459865,8.486048848426856,-2.9602859536526904,1.8642239999999999,-0.64957958,-0.7001550000000001,0.2145032019623639,-0.04696587191529037,0.9755934178301071,12.486652255596994,-3.1099562466161212,3.9166411408425676,3.9195556730305863,4.0034021554244426
05/05/2023 11:40:39.382635,3114,True,True,True,True,Eyes,1.11917,0.0153485,-3.585982,0.8651364,-0.3101894,-0.3941084,0.0,0.0,0.0,0.0,0.0,0.0,0.0,-3.208381,-0.849267,-1.873204,1.23896,0.0294686,-3.603882,0.03850029,0.7722114,-0.1294266,0.6208513,14.34117,101.6467,354.0013,0.2807508,0.003990086,-0.9597722,0.2276616,-0.00755764,0.01296046,3.108254,-0.6199874,-4.290936,0.3086996,-0.1097199,2.069001,-0.2261233,-0.1012487,-0.9688227,0.2201701,0.963533,-0.1520835,0.9488909,-0.2476953,-0.1955853,moving,12.58314193443269,-2.846081025855216,8.486058351345907,-3.03557326727951,1.869294,-0.6494559999999999,-0.6870540000000003,0.2176000882425983,-0.04846327044303621,0.974834036358322,12.667329436986098,-3.198681760022217,4.098025390094392,4.101463299404158,4.184451251002394
05/05/2023 11:40:39.393514,3115,True,True,True,True,Eyes,1.125138,0.01579092,-3.586936,0.866511,-0.31066,-0.3907032,0.0,0.0,0.0,0.0,0.0,0.0,0.0,-3.216945,-0.8706465,-1.857388,1.24972,0.02897539,-3.604721,0.04002736,0.7698323,-0.1330417,0.6229412,14.75635,101.2399,353.8186,0.282472,0.003999709,-0.959267,0.2140019,-0.007104181,0.01218283,3.118414,-0.6382523,-4.276649,0.308701,-0.1124312,2.069,-0.2206838,-0.1041256,-0.9697713,0.2273831,0.9613954,-0.1549703,0.9484699,-0.2547091,-0.188488,moving,12.720857013269187,-2.414123723337769,8.48610031838102,-3.1104416151680576,1.868694,-0.66722769,-0.6719279999999999,0.22001533126220324,-0.04108980177481068,0.9746306076719167,12.7899340578276,-2.7793073572530105,4.291064966950055,4.291622405499246,4.316553573577384
05/05/2023 11:40:39.413196,3116,True,True,True,True,Eyes,1.131312,0.01625258,-3.587866,0.8679449,-0.3110331,-0.3872081,0.0,0.0,0.0,0.0,0.0,0.0,0.0,-3.224945,-0.8815612,-1.847375,1.260912,0.02972565,-3.605473,0.03984434,0.767899,-0.1343113,0.6250634,14.83792,100.8833,353.662,0.2841583,0.004019845,-0.9587687,0.2011618,-0.00667793,0.01145186,3.13208,-0.6436285,-4.264731,0.3086999,-0.1150887,2.069,-0.2154167,-0.1067133,-0.9706742,0.229099,0.9607458,-0.1564646,0.9492679,-0.2560855,-0.1825128,moving,12.84104631902923,-2.315552885701927,8.486070519988186,-3.183812609560871,1.8711680000000002,-0.6733541500000001,-0.6592580000000003,0.2220745175927204,-0.03939414678315872,0.9742335763421504,12.904440066258493,-2.6841965137739376,4.440459097732679,4.440685663082762,4.446527374320128
05/05/2023 11:40:39.432845,3117,True,True,True,True,Eyes,1.137693,0.01670128,-3.588764,0.8695019,-0.3111538,-0.3836011,0.0,0.0,0.0,0.0,0.0,0.0,0.0,-3.232638,-0.8881967,-1.839141,1.271986,0.03063767,-3.605884,0.03799084,0.7660997,-0.134336,0.6273769,14.68464,100.5254,353.4497,0.2858181,0.004049929,-0.9582751,0.1890921,-0.006277254,0.01076475,3.148246,-0.6409954,-4.252768,0.3086995,-0.1176663,2.069,-0.2099097,-0.110349,-0.9714735,0.2267681,0.9610211,-0.1581603,0.9510594,-0.2534986,-0.176704,moving,12.983322998416607,-2.4219243584667005,8.486059684207827,-3.25496766023367,1.8762599999999998,-0.6716330699999999,-0.6468839999999996,0.2244768703397209,-0.04117952027737951,0.973608970311731,13.046001122588537,-2.7886377824538315,4.5733470789527235,4.5737663320229816,4.583724411040841
05/05/2023 11:40:39.442738,3118,True,True,True,True,Eyes,1.14425,0.01710262,-3.589622,0.8711058,-0.3111684,-0.3799327,0.0,0.0,0.0,0.0,0.0,0.0,0.0,-3.241446,-0.8871776,-1.832537,1.283273,0.03073839,-3.606177,0.03584568,0.7643555,-0.1332698,0.6298531,14.4116,100.1721,353.295,0.2874589,0.004088599,-0.9577839,0.1777466,-0.005900619,0.01011886,3.16591,-0.6348121,-4.241188,0.3086997,-0.1202782,2.069,-0.2040005,-0.1130831,-0.9724178,0.2226785,0.9619085,-0.158576,0.9533092,-0.248886,-0.1710488,moving,13.130299615664681,-2.6536720323297516,8.486065102098083,-3.327059315695518,1.8826369999999997,-0.66555049,-0.635011,0.22693528251793388,-0.04509081416396324,0.9728654277483741,13.1955230613006,-3.0150992879380554,4.691572949524283,4.692799233975592,4.719778949104965
05/05/2023 11:40:39.463183,3119,True,True,True,True,Eyes,1.150967,0.01747694,-3.590433,0.8727048,-0.3113126,-0.3761262,0.0,0.0,0.0,0.0,0.0,0.0,0.0,-3.2521,-0.8786191,-1.825162,1.29405,0.02997966,-3.606088,0.03559314,0.7625477,-0.1319809,0.6323253,14.25846,99.83153,353.3268,0.2890873,0.00413373,-0.9572935,0.1670818,-0.005546582,0.00951173,3.181615,-0.6327114,-4.229877,0.3086991,-0.1229299,2.069002,-0.1977959,-0.1126268,-0.9737517,0.2211927,0.9626284,-0.1562706,0.9549613,-0.2462964,-0.1654916,moving,13.235891153749053,-2.818260261759603,8.486040764829069,-3.400235432765438,1.887565,-0.66269106,-0.6237889999999999,0.22869827567509454,-0.04786500714091753,0.9723199889865877,13.302891877016906,-3.175941268448612,4.783377057376522,4.7853708128828005,4.82207035505827
05/05/2023 11:40:39.482725,3120,True,True,True,True,Eyes,1.157839,0.01785834,-3.591195,0.8742725,-0.3115706,-0.3722518,0.0,0.0,0.0,0.0,0.0,0.0,0.0,-3.263817,-0.8769878,-1.812212,1.304563,0.02973031,-3.60596,0.03830726,0.7603319,-0.1327478,0.6346701,14.50649,99.46148,353.4609,0.2907081,0.004183927,-0.9568023,0.1570569,-0.005213787,0.008941025,3.192771,-0.6433771,-4.217053,0.3086998,-0.1256055,2.069,-0.191453,-0.1102497,-0.9752901,0.2267546,0.9618211,-0.1532398,0.9549493,-0.2504897,-0.1591439,moving,13.311725743305347,-2.614117234757055,8.486067811043153,-3.4740664240415473,1.888208,-0.6731074100000001,-0.6110929999999999,0.23002197957892456,-0.044386137501154395,0.9721727240321911,13.371314556368777,-2.977816211051779,4.90092153164221,4.901682067143492,4.910386953856793
05/05/2023 11:40:39.493503,3121,True,True,True,True,Eyes,1.164851,0.01823555,-3.591895,0.8758482,-0.3119154,-0.3682372,0.0,0.0,0.0,0.0,0.0,0.0,0.0,-3.274977,-0.8736534,-1.800569,1.315158,0.03030317,-3.605584,0.04085026,0.7582297,-0.1330914,0.6369504,14.70645,99.11111,353.6131,0.2923258,0.004238858,-0.956309,0.1476334,-0.00490096,0.008404564,3.204237,-0.6515,-4.20479,0.3087,-0.1283112,2.069,-0.1852512,-0.1075975,-0.976783,0.231493,0.9612359,-0.1497885,0.9550357,-0.2538669,-0.1531621,moving,13.367761848924937,-2.4690075792410244,8.48607322893318,-3.5487129391065833,1.889079,-0.68180317,-0.5992060000000001,0.23099734117257142,-0.04191387677213707,0.9720511184960245,13.422028438885897,-2.8369984018716923,4.999386688592761,4.9996647334275774,4.987002247560237
05/05/2023 11:40:39.513037,3122,True,True,True,True,Eyes,1.343339,0.02770336,-3.607675,0.9086022,-0.3240913,-0.2634519,0.0,0.0,0.0,0.0,0.0,0.0,0.0,-3.286007,-0.8677268,-1.78943,1.325521,0.03060796,-3.604845,0.04320968,0.7561693,-0.1330514,0.6392481,14.86024,98.76697,353.7779,0.293945,0.004297946,-0.9558123,0.1387754,-0.004606902,0.00790029,3.215851,-0.6582568,-4.192507,0.3087003,-0.1310343,2.069,-0.1789896,-0.104758,-0.9782579,0.2354533,0.9608605,-0.1459753,0.9552614,-0.2564621,-0.1473185,moving,7.4274182244469,-3.4118690652521777,8.486081355767933,-3.6238273185849783,1.8903299999999998,-0.68886476,-0.5876619999999999,0.12904482681724733,-0.0590155591486482,0.989881118440098,7.656682151611148,-3.7149946890819203,1.0756431492525727,1.079673064762823,0.8343947083360701
05/05/2023 11:40:39.532859,3123,True,True,True,True,Eyes,1.343751,0.02769922,-3.607614,0.9086319,-0.3242457,-0.2631594,0.0,0.0,0.0,0.0,0.0,0.0,0.0,-3.29803,-0.8671479,-1.773191,1.335724,0.03106662,-3.60389,0.04692261,0.7536824,-0.1343138,0.641655,15.22891,98.37144,353.9535,0.3013762,0.004660796,-0.9534936,0.6659148,0.02407294,-0.03991293,3.225117,-0.6722114,-4.177968,0.3087009,-0.1338443,2.069,-0.1721544,-0.1016368,-0.9798128,0.2430957,0.9595162,-0.1422436,0.9546034,-0.2626761,-0.1404774,moving,7.733459122224779,-3.054454248927956,8.486097609436408,-3.7013256827891388,1.889393,-0.7032780200000001,-0.5740780000000001,0.13437715770747355,-0.05280175643567331,0.9895225249979044,7.9453831292010335,-3.369265195827731,0.9832223246326071,0.9924249817380822,0.6345363000942172
05/05/2023 11:40:39.542902,3124,True,True,True,True,Eyes,1.344536,0.02770536,-3.607497,0.9086341,-0.3246968,-0.2625948,0.0,0.0,0.0,0.0,0.0,0.0,0.0,-3.310181,-0.8614945,-1.758772,1.345976,0.03097241,-3.602797,0.05020404,0.7513019,-0.134771,0.6440977,15.49653,97.99017,354.1526,0.3074879,0.00496509,-0.9515387,0.6259599,0.02262856,-0.03751815,3.235434,-0.6828589,-4.164087,0.3087002,-0.1363707,2.069,-0.1652355,-0.09817459,-0.9813556,0.2490481,0.9586326,-0.1378348,0.9542914,-0.26718,-0.1339498,moving,8.024901464872586,-2.8234079449941736,8.486078646823053,-3.7709909358087192,1.889458,-0.71383131,-0.5612900000000005,0.13943730025308615,-0.048776618384189355,0.9890288415396307,8.22325919876322,-3.146393465648291,1.0413363457137774,1.0538490962338076,0.6776400681846393
05/05/2023 11:40:39.562756,3125,True,True,True,True,Eyes,1.345697,0.02773707,-3.607319,0.9086453,-0.3253121,-0.2617936,0.0,0.0,0.0,0.0,0.0,0.0,0.0,-3.323255,-0.8620749,-1.738291,1.355708,0.03128576,-3.601378,0.05477431,0.7484366,-0.1366309,0.6466643,15.98349,97.55018,354.3456,0.3125344,0.005221142,-0.9498917,0.5884023,0.02127085,-0.03526706,3.242859,-0.7006238,-4.147581,0.3086995,-0.1389722,2.069,-0.1576505,-0.09471846,-0.982942,0.2586989,0.9566635,-0.133678,0.9530066,-0.2753603,-0.126315,moving,8.33817845755972,-2.3837155247818056,8.486059684207827,-3.842715395462956,1.8871510000000002,-0.7319095600000001,-0.5462029999999998,0.14489269124957554,-0.04115278498884822,0.9885912648458799,8.516796411269201,-2.7206571452169817,1.4497614409754391,1.466475188962487,1.1224791594214578
05/05/2023 11:40:39.582664,3126,True,True,True,True,Eyes,1.347216,0.02779174,-3.60709,0.9086753,-0.3260061,-0.260824,0.0,0.0,0.0,0.0,0.0,0.0,0.0,-3.334946,-0.8626585,-1.720994,1.365856,0.03195406,-3.600178,0.05876422,0.7458273,-0.138179,0.6489955,16.40294,97.15129,354.5147,0.3167234,0.005437875,-0.948502,0.5530981,0.0199946,-0.03315104,3.250859,-0.7158985,-4.132729,0.3087003,-0.1416666,2.069001,-0.1507035,-0.09169912,-0.9843169,0.267011,0.9549067,-0.1298399,0.9518369,-0.2823907,-0.1194231,moving,8.614080041033626,-2.017828706210677,8.4860773139521,-3.9169865441389753,1.8850030000000002,-0.74785256,-0.5325510000000002,0.14968752116806633,-0.03481377000969227,0.9881202277393026,8.775888666701825,-2.366484659827432,1.8834911888282844,1.9034666247414997,1.5773543398476677
05/05/2023 11:40:39.593411,3127,True,True,True,True,Eyes,1.349078,0.02785322,-3.606802,0.9087269,-0.3267127,-0.2597581,0.0,0.0,0.0,0.0,0.0,0.0,0.0,-3.344719,-0.8565221,-1.710178,1.37594,0.03257942,-3.598779,0.06131718,0.7437875,-0.1381737,0.6510977,16.58221,96.82889,354.6888,0.3202245,0.00562264,-0.9473246,0.5199122,0.01879492,-0.03116198,3.26104,-0.7230319,-4.120642,0.3087009,-0.1443487,2.069,-0.1446239,-0.08871528,-0.9855017,0.2711431,0.9542965,-0.1256968,0.9516119,-0.2853908,-0.1139596,moving,8.83765193119771,-1.89843347995933,8.486097609436408,-3.990909317166639,1.8851,-0.75561132,-0.5218630000000002,0.15355288239621856,-0.03273497106954898,0.9875980820239573,8.990612691483356,-2.251797590580302,2.1009848213681965,2.1218024343575155,1.8108133712679917
05/05/2023 11:40:39.613107,3128,True,True,True,True,Eyes,1.351264,0.02791021,-3.606459,0.9087866,-0.3274538,-0.2586133,0.0,0.0,0.0,0.0,0.0,0.0,0.0,-3.352618,-0.8513451,-1.702242,1.386034,0.03281789,-3.597262,0.06415301,0.74202,-0.1384141,0.652788,16.80819,96.56335,354.8755,0.3232495,0.005783933,-0.9462957,0.4887175,0.01766723,-0.02929226,3.27003,-0.7320454,-4.110303,0.3087007,-0.1470216,2.069,-0.1395043,-0.08550446,-0.986523,0.2759158,0.9534519,-0.1216553,0.9510043,-0.2891687,-0.1094186,moving,8.999012273283048,-1.740609672462547,8.486092191547069,-4.0645634069600565,1.8839960000000002,-0.76486329,-0.5130409999999999,0.1563470223719824,-0.030001153422074295,0.9872463997400294,9.143655946645767,-2.099307564136485,2.3573398262823444,2.3798840245551807,2.0723466456584156
05/05/2023 11:40:39.632823,3129,True,True,True,True,Eyes,1.353756,0.02795449,-3.606028,0.9089209,-0.3280425,-0.2573925,0.0,0.0,0.0,0.0,0.0,0.0,0.0,-3.359978,-0.8388902,-1.698544,1.395987,0.03277775,-3.595606,0.06691378,0.7406,-0.1375905,0.654296,16.9395,96.35774,355.1465,0.3260224,0.005930458,-0.9453431,0.4593945,0.0166072,-0.02753472,3.279632,-0.7377262,-4.102236,0.3086997,-0.1496995,2.069,-0.1348389,-0.08093713,-0.9875564,0.2791625,0.9531828,-0.1162362,0.9507297,-0.2913619,-0.1059315,moving,9.105296999507244,-1.6847216595106755,8.486065102098083,-4.138341784475354,1.8836449999999998,-0.77050395,-0.5066300000000004,0.15818265812704213,-0.029029556652498276,0.986983036747711,9.245757947762819,-2.045634229435475,2.507147709607969,2.5305532715990453,2.2263328885580367
05/05/2023 11:40:39.642842,3130,True,True,True,True,Eyes,1.356544,0.02798192,-3.605545,0.9090742,-0.3286139,-0.256119,0.0,0.0,0.0,0.0,0.0,0.0,0.0,-3.368347,-0.8195217,-1.695966,1.405681,0.03244833,-3.593979,0.0702468,0.7392276,-0.1360501,0.655819,17.05456,96.17189,355.5251,0.3285766,0.00606336,-0.9444575,0.4318308,0.01561076,-0.02588264,3.289128,-0.7425421,-4.095253,0.3086997,-0.1523042,2.069001,-0.1299342,-0.07459168,-0.9887131,0.2823052,0.9531116,-0.1090056,0.9504848,-0.2932823,-0.1027841,moving,9.18867535705509,-1.6631336725293873,8.486061060289764,-4.2100882289993935,1.8834469999999999,-0.77499043,-0.5012739999999996,0.15962051508964498,-0.028650960574004944,0.9867625611871143,9.326454883525738,-2.0251823774516833,2.6181277135412646,2.6420909073577237,2.3409560778153446
05/05/2023 11:40:39.662653,3131,True,True,True,True,Eyes,1.35962,0.02797978,-3.604977,0.9093088,-0.328985,-0.2548068,0.0,0.0,0.0,0.0,0.0,0.0,0.0,-3.377038,-0.7964662,-1.694199,1.415561,0.03207319,-3.592242,0.07350574,0.7378689,-0.1339657,0.6574191,17.11834,95.9885,355.9398,0.3309413,0.00618355,-0.9436308,0.405921,0.01467412,-0.02432968,3.29948,-0.7455525,-4.08845,0.3087002,-0.1549711,2.069001,-0.1247945,-0.06766795,-0.9898725,0.2846183,0.9533002,-0.10105,0.9504836,-0.2943463,-0.09970707,moving,9.269557613617929,-1.6876926012211348,8.486074605008472,-4.283536308382077,1.883919,-0.7776256899999999,-0.49620799999999976,0.1610114097951698,-0.029067267686633008,0.986524479764028,9.405962381350632,-2.0496141949851445,2.687545202612522,2.711503305693502,2.415905943903351
05/05/2023 11:40:39.672782,3132,True,True,True,True,Eyes,1.362964,0.02794452,-3.604356,0.9095536,-0.3293584,-0.2534469,0.0,0.0,0.0,0.0,0.0,0.0,0.0,-3.385234,-0.7705115,-1.694585,1.425413,0.03126689,-3.590589,0.07616271,0.7366828,-0.1312831,0.6589861,17.08609,95.8246,356.3524,0.333143,0.006291538,-0.9428549,0.3815657,0.01379367,-0.0228699,3.310895,-0.7458426,-4.082515,0.308701,-0.1577134,2.069001,-0.1198736,-0.06081197,-0.990925,0.285243,0.953928,-0.09304771,0.9509296,-0.2938083,-0.09700455,moving,9.335969540040969,-1.8094533422055867,8.48609627655642,-4.35904624269983,1.8854819999999999,-0.7771094900000001,-0.49192599999999986,0.1621445642391352,-0.03115782940942248,0.9862749961330888,9.473983830433866,-2.168525885996485,2.6647345287659787,2.6875097250496647,2.4029775804692215
05/05/2023 11:40:39.692718,3133,True,True,True,True,Eyes,1.366573,0.0278791,-3.603673,0.9098659,-0.329646,-0.2519475,0.0,0.0,0.0,0.0,0.0,0.0,0.0,-3.391886,-0.7529923,-1.693409,1.435181,0.03044642,-3.588712,0.07877658,0.7354227,-0.1297811,0.6603822,17.15353,95.65196,356.6677,0.3352051,0.006387691,-0.9421232,0.3586718,0.01296605,-0.0214977,3.320832,-0.7499464,-4.07564,0.3086994,-0.1604254,2.069,-0.1153793,-0.05554204,-0.9917675,0.2872784,0.9539022,-0.08684259,0.9508727,-0.2949332,-0.09410463,moving,9.397464970266505,-1.8113784422375854,8.486056975262642,-4.433709076254072,1.8856509999999997,-0.78039282,-0.4869279999999998,0.16320289229251161,-0.03118545132652978,0.986099522172067,9.533982627975941,-2.170806781883808,2.753023889404493,2.7761992881380597,2.4937672239968185
05/05/2023 11:40:39.713193,3134,True,True,True,True,Eyes,1.370422,0.0277619,-3.602931,0.9101927,-0.3298994,-0.2504309,0.0,0.0,0.0,0.0,0.0,0.0,0.0,-3.396112,-0.7408444,-1.694674,1.445072,0.02960092,-3.586814,0.08005721,0.7344606,-0.1284818,0.661552,17.13677,95.50557,356.8568,0.3371476,0.006472377,-0.9414292,0.3371514,0.01218809,-0.02020784,3.331688,-0.7517177,-4.069347,0.3087002,-0.162975,2.069,-0.1118798,-0.05239704,-0.9923394,0.2875925,0.9541665,-0.08280562,0.9511958,-0.2946536,-0.09168299,moving,9.442142814614437,-1.8750613675971417,8.486078646823053,-4.503885224902632,1.8866160000000003,-0.7813186200000001,-0.48253299999999966,0.16396609354881891,-0.03227731796288243,0.9859377748316185,9.579251897397183,-2.2330655443503367,2.774469513736894,2.7972796724090974,2.5202479594981204
05/05/2023 11:40:39.732895,3135,True,True,True,True,Eyes,1.374498,0.02759604,-3.602147,0.9105384,-0.3302242,-0.2487406,0.0,0.0,0.0,0.0,0.0,0.0,0.0,-3.398775,-0.732051,-1.696883,1.454698,0.02823877,-3.584694,0.08089986,0.7336463,-0.1275423,0.662534,17.11795,95.37735,356.9831,0.3389892,0.006545431,-0.9407672,0.3169223,0.0114568,-0.01899537,3.342034,-0.7543617,-4.063226,0.3087001,-0.1656417,2.069,-0.1090078,-0.05029851,-0.9927676,0.287706,0.9543763,-0.0799441,0.9514949,-0.2943397,-0.08956329,moving,9.461609795293942,-1.9349200713581733,8.486075937878136,-4.5772699893449245,1.887336,-0.78260047,-0.4785320000000004,0.16429553085831333,-0.03330549107557226,0.9858487759452566,9.599842064381317,-2.291436214838885,2.793984483367076,2.816678788227218,2.5427369170282694
05/05/2023 11:40:39.743157,3136,True,True,True,True,Eyes,1.378793,0.02738029,-3.601292,0.9108769,-0.3305724,-0.2470326,0.0,0.0,0.0,0.0,0.0,0.0,0.0,-3.400332,-0.7303513,-1.697932,1.464233,0.0269253,-3.582449,0.08216739,0.7327828,-0.1277451,0.6632941,17.23077,95.25297,357.0567,0.3407449,0.006606724,-0.9401323,0.297907,0.01076939,-0.01785565,3.350376,-0.7616656,-4.056772,0.3086995,-0.168337,2.069,-0.1065788,-0.04904339,-0.993094,0.2898868,0.9538594,-0.07821648,0.9511081,-0.2962211,-0.08744413,moving,9.470671778451775,-1.8559812354065182,8.486059684207827,-4.651426505141696,1.886143,-0.7885909000000001,-0.4743229999999996,0.16445874070951472,-0.031946330842662865,0.9858664709827907,9.606548200327488,-2.2146900645758514,2.9392569876192707,2.963777190042503,2.682010252690609
05/05/2023 11:40:39.764862,3137,True,True,True,True,Eyes,1.383293,0.02710983,-3.600352,0.9112312,-0.3309709,-0.2451855,0.0,0.0,0.0,0.0,0.0,0.0,0.0,-3.401405,-0.7295341,-1.699071,1.473812,0.02552028,-3.579921,0.08283979,0.7319453,-0.1278617,0.6641123,17.28983,95.12019,357.0847,0.342429,0.006656146,-0.9395198,0.2800326,0.01012323,-0.01678431,3.359501,-0.7674429,-4.04969,0.3087,-0.1709923,2.069,-0.1041851,-0.04856068,-0.9933718,0.2910975,0.9535779,-0.07714571,0.9510037,-0.2972054,-0.08521274,moving,9.484301378706165,-1.826308216041575,8.48607322893318,-4.72446722251589,1.885689,-0.79296318,-0.4697689999999999,0.16469593123989407,-0.03143449341762567,0.98584333885618,9.619034808944306,-2.1859090679997495,3.039610109084256,3.065254486304096,2.779906373538811
05/05/2023 11:40:39.782822,3138,True,True,True,True,Eyes,1.38799,0.02679151,-3.599337,0.9115655,-0.3314216,-0.2433272,0.0,0.0,0.0,0.0,0.0,0.0,0.0,-3.40204,-0.7306507,-1.699854,1.483172,0.02392779,-3.57727,0.08329882,0.7311133,-0.1282013,0.6649054,17.35138,94.9844,357.0765,0.3440549,0.006693488,-0.9389253,0.2632306,0.009515837,-0.01577725,3.368316,-0.7737243,-4.042257,0.3087,-0.1737044,2.069,-0.1019245,-0.04868167,-0.9936002,0.2922852,0.9532515,-0.07668763,0.9508843,-0.2982309,-0.08293068,moving,9.50141173031536,-1.7913151199161887,8.48607322893318,-4.799054480780536,1.8851440000000002,-0.79765209,-0.46498700000000026,0.16499344010785466,-0.030830836206661993,0.9858127044509131,9.634771126625605,-2.151974802938176,3.147656121179386,3.1744933982104424,2.8855740643776606
05/05/2023 11:40:39.793302,3139,True,True,True,True,Eyes,1.392876,0.0264341,-3.598237,0.9118927,-0.3319548,-0.2413662,0.0,0.0,0.0,0.0,0.0,0.0,0.0,-3.401312,-0.7370669,-1.700919,1.492616,0.02247381,-3.57448,0.08351461,0.7303601,-0.1291493,0.6655225,17.44635,94.8586,357.001,0.3456324,0.006718699,-0.9383456,0.2474368,0.008944887,-0.01483062,3.37658,-0.7812607,-4.03475,0.3086991,-0.1763575,2.069,-0.1002105,-0.04991206,-0.9937137,0.293895,0.9526915,-0.07748929,0.9505702,-0.2998127,-0.08080079,moving,9.503524507832259,-1.7166897341609164,8.486048848426856,-4.8720033705901695,1.8839640000000002,-0.8037345100000001,-0.46026999999999996,0.16503618454599273,-0.029546613793324357,0.9858448069866874,9.634819306749607,-2.0793794884837298,3.2866577773714107,3.3153070539120284,3.0196724512480335
05/05/2023 11:40:39.813106,3140,True,True,True,True,Eyes,1.397946,0.02604562,-3.597046,0.9122062,-0.3324926,-0.239434,0.0,0.0,0.0,0.0,0.0,0.0,0.0,-3.398141,-0.7485511,-1.703992,1.502019,0.02117557,-3.571382,0.08282191,0.729884,-0.1304059,0.6658862,17.49739,94.76225,356.8282,0.3471721,0.006731995,-0.9377769,0.2325906,0.008408193,-0.01394078,3.385022,-0.7877005,-4.027606,0.3087003,-0.1790623,2.069,-0.0994726,-0.05277025,-0.9936401,0.2945718,0.9522697,-0.0800625,0.9504381,-0.3006623,-0.07918014,moving,9.484780784912902,-1.6698862805417476,8.486081355767933,-4.946357491661958,1.8830030000000002,-0.8088760700000001,-0.45622399999999974,0.16471754448211084,-0.02874284771827855,0.9859219543016716,9.615286066324304,-2.033716167053175,3.395068497862278,3.4252976727686058,3.1238730390592866
05/05/2023 11:40:39.833222,3141,True,True,True,True,Eyes,1.403196,0.02563526,-3.595765,0.9125547,-0.3329926,-0.2374021,0.0,0.0,0.0,0.0,0.0,0.0,0.0,-3.392332,-0.7652365,-1.709494,1.511505,0.02004109,-3.568027,0.08122153,0.7297134,-0.1319829,0.6659594,17.50565,94.70081,356.5582,0.3486821,0.006733765,-0.9372165,0.2186351,0.007903702,-0.01310433,3.393719,-0.7930886,-4.021031,0.3087013,-0.1818343,2.069,-0.0998023,-0.05725371,-0.9933587,0.2943275,0.9519671,-0.08443895,0.9504794,-0.3008,-0.07815722,moving,9.432257723645062,-1.6475150273451553,8.486108445214628,-5.022541592592985,1.8822139999999998,-0.81312969,-0.45300399999999996,0.16381544489339311,-0.028362206300979194,0.9860831580041212,9.563482614015095,-2.011600985913129,3.4734427270889787,3.505139479849981,3.1978896848628406
05/05/2023 11:40:39.842958,3142,True,True,True,True,Eyes,1.408621,0.0252065,-3.594379,0.9129261,-0.3333651,-0.2354437,0.0,0.0,0.0,0.0,0.0,0.0,0.0,-3.384573,-0.7820284,-1.71832,1.521056,0.01907504,-3.564485,0.07848158,0.729888,-0.1330964,0.6658751,17.38607,94.6757,356.2337,0.3501702,0.006724604,-0.9366616,0.205517,0.00742948,-0.01231807,3.403999,-0.7941079,-4.015396,0.3086997,-0.1844012,2.069001,-0.1009022,-0.06268562,-0.9929196,0.2918167,0.952252,-0.08977307,0.9511371,-0.2988088,-0.07779164,moving,9.359607191805864,-1.7367385266262285,8.486061060289764,-5.093070522436249,1.8829430000000003,-0.81318294,-0.45091100000000006,0.16255767541440913,-0.029904051078852592,0.9862458312823668,9.495066361616773,-2.0979322673650898,3.436420091843415,3.4681475329035263,3.1605292064932287
05/05/2023 11:40:39.862968,3143,True,True,True,True,Eyes,1.414218,0.02474577,-3.592894,0.9133326,-0.3336316,-0.2334816,0.0,0.0,0.0,0.0,0.0,0.0,0.0,-3.37533,-0.7980371,-1.729618,1.530676,0.01817424,-3.560617,0.07507495,0.7302964,-0.133835,0.6656719,17.18326,94.67936,355.8867,0.3516436,0.006705136,-0.9361096,0.193186,0.006983711,-0.01157899,3.41526,-0.7924621,-4.010348,0.3087003,-0.187049,2.069,-0.1024892,-0.06852642,-0.992371,0.2878343,0.9529039,-0.09552778,0.9521804,-0.2954289,-0.07793818,moving,9.267404014263786,-1.9002018051056262,8.486081355767933,-5.165811045270038,1.884584,-0.81063634,-0.44973099999999944,0.1609561144009724,-0.03272636340928099,0.9864189042464793,9.409590821998894,-2.2563680225499008,3.32681321859317,3.357777361012224,3.0524954441690957
05/05/2023 11:40:39.882690,3144,True,True,True,True,Eyes,1.419972,0.02425863,-3.591294,0.9137589,-0.3337658,-0.2316143,0.0,0.0,0.0,0.0,0.0,0.0,0.0,-3.365856,-0.8081052,-1.743659,1.540391,0.01689531,-3.556581,0.07142468,0.7308931,-0.1337058,0.6654447,16.88835,94.71247,355.5922,0.3531089,0.006675561,-0.9355581,0.1815948,0.006564688,-0.01088425,3.427746,-0.7878612,-4.006365,0.3087003,-0.189713,2.069,-0.104164,-0.07354005,-0.9918376,0.2823553,0.9540426,-0.100391,0.953638,-0.2905077,-0.07861248,moving,9.160365303422951,-2.1576788278574437,8.486081355767933,-5.23897730519143,1.887355,-0.80475651,-0.44978399999999974,0.15908828757056082,-0.03717020861373192,0.9865644494369428,9.312187297944389,-2.5061792894040655,3.1250377800754987,3.15421292060095,2.8549318770840406
05/05/2023 11:40:39.893076,3145,True,True,True,True,Eyes,1.425871,0.02375971,-3.589598,0.9142125,-0.3338159,-0.2297442,0.0,0.0,0.0,0.0,0.0,0.0,0.0,-3.356728,-0.8167333,-1.75668,1.549883,0.01574415,-3.552212,0.06869777,0.7313823,-0.1337295,0.6651895,16.67896,94.74727,355.3641,0.3545704,0.006636238,-0.9350055,0.1706992,0.006170807,-0.01023119,3.438855,-0.785739,-4.002223,0.3086994,-0.192462,2.069,-0.1056071,-0.07742225,-0.9913894,0.2783996,0.9547941,-0.1042207,0.9546418,-0.2870089,-0.07927866,moving,9.043878326138962,-2.33665499484224,8.486056975262642,-5.314460112733573,1.8889720000000003,-0.8014831499999999,-0.45001099999999994,0.15706333169166586,-0.04026498998398899,0.9867673424380251,9.203457572993532,-2.6795478040235223,3.0010236844956184,3.029601950691427,2.7308289020398857
05/05/2023 11:40:39.917824,3146,True,True,True,True,Eyes,1.431904,0.02322636,-3.587788,0.9146839,-0.3337282,-0.2279885,0.0,0.0,0.0,0.0,0.0,0.0,0.0,-3.346655,-0.8280674,-1.769813,1.559308,0.014961,-3.547727,0.065796,0.7319158,-0.134033,0.6648347,16.48048,94.78919,355.1001,0.3560325,0.006587842,-0.93445,0.1604572,0.005800559,-0.009617321,3.449672,-0.7837188,-3.998029,0.3086998,-0.1951447,2.069,-0.1073315,-0.08190532,-0.990844,0.2745339,0.9554121,-0.1087148,0.9555686,-0.2836887,-0.08006003,moving,8.928635301933333,-2.4917972244580078,8.486067811043153,-5.3881046059938065,1.8903640000000002,-0.7986798,-0.45030199999999976,0.15506090024625246,-0.04295050531132075,0.9869707573353041,9.095298075392785,-2.829734522102501,2.9016010765946816,2.9299253287979172,2.6299085537618088
05/05/2023 11:40:39.932949,3147,True,True,True,True,Eyes,1.438047,0.02263901,-3.585865,0.9149162,-0.3340257,-0.2266172,0.0,0.0,0.0,0.0,0.0,0.0,0.0,-3.334314,-0.8421936,-1.785327,1.568532,0.01356934,-3.543142,0.06209972,0.7327133,-0.1345224,0.6642128,16.23798,94.8665,354.7591,0.3574998,0.006530378,-0.93389,0.1508298,0.005452525,-0.009040282,3.460578,-0.7810791,-3.99463,0.3087004,-0.1977063,2.069,-0.1099299,-0.08770045,-0.9900627,0.2697056,0.9560947,-0.1146379,0.9566475,-0.2796276,-0.08145006,moving,8.815274818133934,-2.7041837496186907,8.486084064712776,-5.4584080488528715,1.892046,-0.79464844,-0.4514879999999999,0.1530826498708856,-0.0466233088331072,0.9871130360808382,8.99051663266193,-3.0356315223078667,2.7464135860299455,2.7738273274719183,2.474731967948298
05/05/2023 11:40:39.942836,3148,True,True,True,True,Eyes,1.444299,0.02201782,-3.583828,0.9150594,-0.3345138,-0.2253147,0.0,0.0,0.0,0.0,0.0,0.0,0.0,-3.322567,-0.8612974,-1.796694,1.577353,0.01171312,-3.538532,0.06093366,0.733168,-0.1366822,0.6633776,16.33578,94.93162,354.4989,0.3589748,0.006463382,-0.9333246,0.14178,0.005125374,-0.008497865,3.466518,-0.7900629,-3.990678,0.3087002,-0.2004143,2.069,-0.1124347,-0.09199462,-0.9893916,0.270693,0.9552101,-0.119578,0.9560774,-0.2812661,-0.08249649,moving,8.682897907348732,-2.602551449643952,8.486078646823053,-5.53271153212252,1.8891650000000002,-0.80177602,-0.45214599999999994,0.15081358236137898,-0.044888110509138365,0.9875425169911101,8.858733794257367,-2.93586704394654,2.9063814745846415,2.93676283180387,2.623446808052196
05/05/2023 11:40:39.962732,3149,True,True,True,True,Eyes,1.450644,0.0214095,-3.581712,0.9150046,-0.3354138,-0.2241966,0.0,0.0,0.0,0.0,0.0,0.0,0.0,-3.311975,-0.8814792,-1.804883,1.586214,0.01032252,-3.53378,0.06149077,0.7333288,-0.1395411,0.6625528,16.62705,94.97556,354.3268,0.3604598,0.006386954,-0.9327527,0.1332732,0.004817851,-0.007987993,3.470016,-0.8046154,-3.985977,0.3087001,-0.2031184,2.069001,-0.1144859,-0.09472071,-0.9888991,0.2750925,0.9534944,-0.1231772,0.954577,-0.2861407,-0.08310458,moving,8.560040420905963,-2.3465536545550845,8.486071896064805,-5.60688668980328,1.8838020000000002,-0.81493792,-0.45219699999999996,0.14872366724099007,-0.0404882955476894,0.988049553124333,8.73207002181169,-2.685970497179869,3.226287010021445,3.2611720045710384,2.9312568093226874
05/05/2023 11:40:39.982753,3150,True,True,True,True,Eyes,1.457105,0.02099195,-3.5795,0.914839,-0.3366021,-0.2230887,0.0,0.0,0.0,0.0,0.0,0.0,0.0,-3.302301,-0.8985621,-1.81236,1.594949,0.01017525,-3.528921,0.06247986,0.7334326,-0.1419598,0.6618311,16.91413,95.01615,354.2257,0.3619567,0.00630236,-0.9321734,0.1252768,0.00452878,-0.007508713,3.473486,-0.8173627,-3.981337,0.3086997,-0.2057727,2.069,-0.1161519,-0.09625724,-0.9885563,0.2795563,0.9518874,-0.1255336,0.9530777,-0.2909381,-0.08365428,moving,8.440051982188479,-2.1235166861111687,8.486065102098083,-5.679682806062645,1.878537,-0.82753795,-0.45241599999999993,0.14667590279628423,-0.036653120047923954,0.9885052685963525,8.609091452256726,-2.4681633416594875,3.5176602006697024,3.556463788638168,3.213875036941184
05/05/2023 11:40:39.993011,3151,True,True,True,True,Eyes,1.463723,0.02064656,-3.577245,0.9147453,-0.3373925,-0.2222775,0.0,0.0,0.0,0.0,0.0,0.0,0.0,-3.291516,-0.9335108,-1.813764,1.604232,0.01440796,-3.524414,0.06365028,0.7331463,-0.1463482,0.6610803,17.38226,94.99604,353.9752,0.3634673,0.006215377,-0.931586,0.1177602,0.004257054,-0.007058191,3.475077,-0.832453,-3.974164,0.3087003,-0.2084542,2.069,-0.1178426,-0.100166,-0.9879675,0.2868259,0.9490617,-0.1304335,0.9507071,-0.2987453,-0.08310983,moving,8.375653027262715,-1.6705223015761488,8.486081355767933,-5.753203506309715,1.870845,-0.84686096,-0.44974999999999987,0.1456020401931587,-0.028841317291376165,0.9889227342128797,8.534104468346378,-2.0269798802452814,4.039419526294426,4.084174363959156,3.7265330712047224
05/05/2023 11:40:40.013293,3152,True,True,True,True,Eyes,1.470401,0.02032619,-3.574875,0.9146169,-0.3381445,-0.2216623,0.0,0.0,0.0,0.0,0.0,0.0,0.0,-3.269524,-0.9392192,-1.846665,1.613324,0.01541543,-3.518386,0.05688214,0.7356353,-0.1442281,0.6593962,16.69125,95.31869,353.6153,0.3649943,0.006128091,-0.9309893,0.1106946,0.00400163,-0.006634699,3.490528,-0.8127182,-3.977675,0.3086996,-0.2111564,2.069,-0.1239221,-0.1065179,-0.9865584,0.2738959,0.9519253,-0.1371828,0.9537423,-0.2872142,-0.08878977,moving,8.133424318937228,-2.371907940176219,8.486062393152974,-5.827272527926854,1.8772039999999999,-0.82813363,-0.45928900000000006,0.14135995916676286,-0.04097019371963896,0.9891100833871305,8.316879947099993,-2.707810734495941,3.4338880883487697,3.473312258589444,3.124046187355059
05/05/2023 11:40:40.032769,3153,True,True,True,True,Eyes,1.477146,0.02017362,-3.572392,0.9143072,-0.3393102,-0.221158,0.0,0.0,0.0,0.0,0.0,0.0,0.0,-3.254802,-0.9423708,-1.868227,1.62146,0.01569273,-3.513216,0.05673336,0.7370925,-0.1441458,0.657798,16.68655,95.57441,353.6465,0.3665382,0.006041199,-0.9303831,0.1040529,0.003761533,-0.006236617,3.495974,-0.8146477,-3.980659,0.3086999,-0.2137943,2.069001,-0.1281666,-0.1060022,-0.9860715,0.2732731,0.9520067,-0.1378594,0.95336,-0.2871357,-0.09304789,moving,7.8735067774029455,-2.469456140250613,8.486066478177362,-5.899557368729453,1.874514,-0.83034043,-0.4674430000000003,0.1368616899490272,-0.042681356513654164,0.9896702018300494,8.066136645128818,-2.8009999669229946,3.4438226299425208,3.4843684972495215,3.126883278437775
05/05/2023 11:40:40.043003,3154,True,True,True,True,Eyes,1.484023,0.02016981,-3.569825,0.9141439,-0.3399451,-0.2208577,0.0,0.0,0.0,0.0,0.0,0.0,0.0,-3.241796,-0.9665558,-1.8786,1.631434,0.02018389,-3.50865,0.05972971,0.7375768,-0.1474237,0.6562614,17.20967,95.71816,353.6659,0.3680998,0.005958997,-0.9297669,0.0,0.0,0.0,3.496417,-0.8300046,-3.979747,0.3087003,-0.2164553,2.069001,-0.1315066,-0.1053865,-0.9856975,0.2816075,0.9493972,-0.139076,0.9504752,-0.2958692,-0.09517439,moving,7.665439012589957,-2.0005303181951497,8.4860773139521,-5.972458934772025,1.864983,-0.85018849,-0.4710970000000003,0.13330853351274502,-0.034597169455973895,0.9904704616134828,7.850669181054894,-2.343362735141582,4.009312289342483,4.055818555710404,3.684302202795535
05/05/2023 11:40:40.062799,3155,True,True,True,True,Eyes,1.490988,0.02022726,-3.567209,0.9139286,-0.340672,-0.2206291,0.0,0.0,0.0,0.0,0.0,0.0,0.0,-3.227048,-0.9553453,-1.909612,1.641481,0.02365084,-3.504014,0.05447624,0.739643,-0.1432491,0.6553171,16.45754,95.98995,353.5844,0.3696805,0.005884898,-0.9291401,0.0,0.0,0.0,3.514342,-0.8044509,-3.984356,0.3087,-0.2191589,2.069,-0.135184,-0.1071612,-0.9850087,0.268333,0.9530241,-0.1405079,0.9537939,-0.2833048,-0.1000788,moving,7.494614922505807,-2.7998726119834445,8.48607322893318,-6.046510611317986,1.872861,-0.8281017399999999,-0.4803419999999998,0.1302799540993927,-0.04843123596463027,0.9902937171322297,7.705691482348735,-3.1199773885468596,3.353768711814956,3.3946498894741453,3.0287938811324455
05/05/2023 11:40:40.082816,3156,True,True,True,True,Eyes,1.498066,0.02032288,-3.564525,0.9136825,-0.3413425,-0.2206119,0.0,0.0,0.0,0.0,0.0,0.0,0.0,-3.214025,-0.9552176,-1.931133,1.650675,0.02526534,-3.499471,0.054834,0.7409974,-0.142676,0.6538807,16.44859,96.23534,353.6953,0.3712807,0.005819658,-0.9285022,0.0,0.0,0.0,3.520954,-0.8046387,-3.987961,0.3087005,-0.2219126,2.069001,-0.1388671,-0.1053224,-0.9846946,0.2678498,0.9532735,-0.1397353,0.9534006,-0.2831549,-0.1041678,moving,7.26526782879477,-2.8796499837013685,8.48608273183924,-6.121907835969899,1.8702790000000002,-0.8299040400000001,-0.48848999999999965,0.1263061688729879,-0.04983587506034025,0.9907386945081478,7.484269850526501,-3.196078611211745,3.422487789645528,3.4644804817017545,3.0925888348781556
05/05/2023 11:40:40.093055,3157,True,True,True,True,Eyes,1.505229,0.02042466,-3.56181,0.9134542,-0.3419171,-0.2206679,0.0,0.0,0.0,0.0,0.0,0.0,0.0,-3.203762,-0.9411399,-1.955453,1.660479,0.02625226,-3.495103,0.05688434,0.742445,-0.1407274,0.6524842,16.4511,96.52114,354.0644,0.3729015,0.005763381,-0.9278527,0.0,0.0,0.0,3.527811,-0.804758,-3.994202,0.3087003,-0.2248191,2.069001,-0.1420573,-0.09917777,-0.9848775,0.2681117,0.9539199,-0.1347324,0.9528568,-0.2831969,-0.1089205,moving,6.9867689067826815,-2.9753921554652676,8.4860773139521,-6.201468749468046,1.8673319999999998,-0.83101026,-0.4990990000000002,0.12147858838829845,-0.051522636454606016,0.9912560574122173,7.215364388703387,-3.2873873850363426,3.514320429895765,3.5574563792380456,3.1790850156801844
05/05/2023 11:40:40.113435,3158,True,True,True,True,Eyes,1.512471,0.02051365,-3.559047,0.9131583,-0.3425965,-0.2208383,0.0,0.0,0.0,0.0,0.0,0.0,0.0,-3.196869,-0.9119822,-1.980885,1.669833,0.02652705,-3.490921,0.05862427,0.743871,-0.1367347,0.6515544,16.24944,96.79323,354.5632,0.3745427,0.005715328,-0.9271918,0.0,0.0,0.0,3.537467,-0.7976245,-4.001206,0.3087001,-0.2271809,2.069001,-0.1440805,-0.09096236,-0.9853766,0.2653979,0.9557336,-0.1270321,0.9533127,-0.2798197,-0.1135614,moving,6.741786111963538,-3.291903012497464,8.486071896064805,-6.266101685615607,1.867634,-0.82415155,-0.5102849999999997,0.1172039848480127,-0.057027174724765414,0.9914691748595558,6.985081512140937,-3.593722873759995,3.4057711908361017,3.447954559415697,3.0650580168549393
05/05/2023 11:40:40.122864,3159,True,True,True,True,Eyes,1.519819,0.0206136,-3.556276,0.9128645,-0.3433699,-0.2208517,0.0,0.0,0.0,0.0,0.0,0.0,0.0,-3.193094,-0.8969041,-1.994652,1.678979,0.02630492,-3.487013,0.0631184,0.7442867,-0.135642,0.6508876,16.50381,96.9425,355.0567,0.3762047,0.005674338,-0.926519,0.0,0.0,0.0,3.541329,-0.8065436,-4.003653,0.3087006,-0.2298747,2.069,-0.144723,-0.08261903,-0.986017,0.2705317,0.9552346,-0.1197471,0.9517709,-0.284079,-0.1158933,moving,6.55692842363457,-3.1501051137853344,8.486089482602342,-6.339803611610565,1.8623500000000002,-0.83284852,-0.5166399999999998,0.11402005957914746,-0.05459363811303322,0.9919772767913086,6.801056825261253,-3.4545298766528645,3.6829572275433713,3.7277122875117636,3.3412781359747243
05/05/2023 11:40:40.143032,3160,True,True,True,True,Eyes,1.527267,0.02076919,-3.553483,0.912596,-0.3440421,-0.2209154,0.0,0.0,0.0,0.0,0.0,0.0,0.0,-3.189483,-0.8826118,-2.009105,1.688964,0.02671941,-3.483532,0.06566262,0.7446761,-0.1339776,0.6505353,16.55715,97.05371,355.4212,0.3778869,0.005639993,-0.9258344,0.0,0.0,0.0,3.54916,-0.8085964,-4.005071,0.3087006,-0.2324369,2.069,-0.1449847,-0.07651959,-0.9864706,0.2721091,0.9554768,-0.1141082,0.9512812,-0.2849715,-0.1177079,moving,6.437013896716094,-3.183816861887952,8.486089482602342,-6.409882588188496,1.8601960000000002,-0.83531581,-0.5215390000000002,0.11194002530681152,-0.05519042755176834,0.992181176593536,6.685070514298259,-3.4865356695178593,3.7760979131792256,3.821807272362923,3.4336025586972365
05/05/2023 11:40:40.163287,3161,True,True,True,True,Eyes,1.534833,0.02095209,-3.550685,0.9123896,-0.344643,-0.2208312,0.0,0.0,0.0,0.0,0.0,0.0,0.0,-3.183427,-0.8796402,-2.022495,1.698812,0.02819075,-3.480188,0.06548906,0.7450963,-0.1329602,0.6502802,16.45779,97.12272,355.4948,0.37959,0.005613053,-0.9251375,0.0,0.0,0.0,3.55915,-0.8060226,-4.004181,0.3087004,-0.2351227,2.069,-0.1456937,-0.07533149,-0.9864575,0.2705141,0.9560655,-0.1129639,0.9516278,-0.2833088,-0.1189145,moving,6.376359918155445,-3.3307231908251,8.486084064712776,-6.483321487681455,1.8603379999999998,-0.8342133500000001,-0.5239929999999999,0.1108736047943456,-0.05774113964249085,0.9921557352972836,6.629903467950599,-3.6290709904514578,3.7476718166375216,3.7933905672773336,3.404724997519488
05/05/2023 11:40:40.182747,3162,True,True,True,True,Eyes,1.54249,0.02109163,-3.547884,0.9122165,-0.3450604,-0.2208948,0.0,0.0,0.0,0.0,0.0,0.0,0.0,-3.172549,-0.8826025,-2.041827,1.70925,0.02904984,-3.477173,0.06254911,0.7460967,-0.1319733,0.6496234,16.15259,97.24567,355.3343,0.3813142,0.005593478,-0.9244284,0.0,0.0,0.0,3.572001,-0.7983084,-4.004657,0.3087001,-0.2377949,2.069,-0.1481543,-0.07813056,-0.9858733,0.2648013,0.9573413,-0.115663,0.952854,-0.2781965,-0.1211452,moving,6.304074608662297,-3.647526368837188,8.486075937878136,-6.5563672916768345,1.8627510000000003,-0.82735824,-0.5274839999999998,0.1095852460494019,-0.0632352091422328,0.9919639697894675,6.5679772493101884,-3.9368361376230467,3.5917790415804047,3.6362735478902426,3.24669771400795
05/05/2023 11:40:40.192942,3163,True,True,True,True,Eyes,1.550205,0.02117631,-3.545118,0.9119253,-0.3458821,-0.2208119,0.0,0.0,0.0,0.0,0.0,0.0,0.0,-3.158553,-0.883747,-2.066164,1.719092,0.0281238,-3.474252,0.06009244,0.747615,-0.1310691,0.6482914,15.89607,97.47256,355.2232,0.3830594,0.0055794,-0.9237066,0.0,0.0,0.0,3.582592,-0.7938374,-4.008738,0.3086997,-0.2405545,2.069,-0.1522144,-0.08008996,-0.9850972,0.259794,0.9584196,-0.1180636,0.9535921,-0.2738932,-0.1250783,moving,6.123120821747038,-3.9513233336761724,8.486065102098083,-6.631779750591664,1.8635,-0.8219612000000001,-0.5344860000000002,0.10641464243378845,-0.0685176767203785,0.9919583292228762,6.399768381619124,-4.231225814609057,3.529560106645794,3.573283122707625,3.1804548739830985
05/05/2023 11:40:40.213832,3164,True,True,True,True,Eyes,1.557984,0.02123079,-3.542355,0.911528,-0.3469101,-0.2208393,0.0,0.0,0.0,0.0,0.0,0.0,0.0,-3.14509,-0.8991014,-2.082781,1.728424,0.0270672,-3.471277,0.06178657,0.7485849,-0.133294,0.6465569,16.22803,97.68471,355.229,0.3848241,0.005568841,-0.9229728,0.0,0.0,0.0,3.584491,-0.808467,-4.011732,0.3086995,-0.243175,2.069,-0.1562933,-0.07985936,-0.9844771,0.2648693,0.9568303,-0.1196667,0.9515339,-0.2794608,-0.1283939,moving,5.903938103469692,-3.6930613278518325,8.486059684207827,-6.70336962561366,1.856067,-0.8355342,-0.5404550000000001,0.10264955534410086,-0.06407120635802394,0.992651931944922,6.17914392134967,-3.978487450492886,3.918746848254522,3.9660191508977007,3.570272147219922
05/05/2023 11:40:40.232945,3165,True,True,True,True,Eyes,1.56581,0.02128504,-3.539606,0.9109873,-0.348464,-0.2206243,0.0,0.0,0.0,0.0,0.0,0.0,0.0,-3.132468,-0.9163997,-2.097495,1.737829,0.02644708,-3.468555,0.06366932,0.7493862,-0.135772,0.6449284,16.59565,97.87269,355.2295,0.3866072,0.005560667,-0.9222275,0.0,0.0,0.0,3.586044,-0.8238736,-4.014037,0.3087005,-0.2458347,2.069,-0.1600275,-0.07970066,-0.9838899,0.2705523,0.9550244,-0.1213671,0.9493119,-0.2856157,-0.1312668,moving,5.695180924838854,-3.4306166589476934,8.486086773657577,-6.776008916428513,1.8482149999999997,-0.8503206799999999,-0.5454820000000002,0.09905997659396282,-0.05954546497039673,0.9932983239925672,5.968569738255129,-3.721748557508204,4.3060993110021135,4.356696548232751,3.9580801360777866
05/05/2023 11:40:40.242966,3166,True,True,True,True,Eyes,1.573693,0.02134899,-3.536875,0.9103314,-0.3502939,-0.2204335,0.0,0.0,0.0,0.0,0.0,0.0,0.0,-3.123028,-0.9393431,-2.104538,1.746879,0.0266527,-3.465898,0.06643982,0.7495285,-0.1392204,0.6437473,17.11199,97.96381,355.2195,0.3884077,0.005554621,-0.9214706,0.0,0.0,0.0,3.585801,-0.8434126,-4.012867,0.3087004,-0.2485224,2.069001,-0.1623506,-0.07964848,-0.9835134,0.2788426,0.9524068,-0.1231584,0.9465142,-0.2942403,-0.1324144,moving,5.568829869324622,-3.0314354369045513,8.48608002289569,-6.849387413358175,1.838922,-0.8700652999999999,-0.5469689999999998,0.09690694354359541,-0.05263494769161571,0.9939007036419482,5.834641112260227,-3.3325136235594752,4.750515226929324,4.804904343794635,4.4043761817316245
05/05/2023 11:40:40.262622,3167,True,True,True,True,Eyes,1.581626,0.02140476,-3.534182,0.90965,-0.3522758,-0.2200881,0.0,0.0,0.0,0.0,0.0,0.0,0.0,-3.114349,-0.9648619,-2.109793,1.756158,0.02702615,-3.4636,0.06892958,0.7494991,-0.1429159,0.6427091,17.6279,98.022,355.1618,0.3902246,0.005550733,-0.9207027,0.0,0.0,0.0,3.585872,-0.8629047,-4.010711,0.3087008,-0.2512022,2.069,-0.1643477,-0.0803814,-0.983122,0.287032,0.9496475,-0.1256274,0.9437174,-0.302834,-0.1330004,moving,5.4680709670749605,-2.6364789208308967,8.486094900491759,-6.9225343045380106,1.829714,-0.8899308499999999,-0.5471109999999997,0.09519109036452511,-0.04579012319936823,0.9944053773285064,5.725774071369475,-2.9475589750782367,5.184173477234403,5.242016712571731,4.8394007841364175
05/05/2023 11:40:40.282605,3168,True,True,True,True,Eyes,1.589597,0.021459,-3.531515,0.9088427,-0.3545369,-0.2197918,0.0,0.0,0.0,0.0,0.0,0.0,0.0,-3.106058,-0.9799819,-2.119233,1.765433,0.02699904,-3.461448,0.07057384,0.7497675,-0.1449874,0.641753,17.93848,98.11289,355.1605,0.3920569,0.005548567,-0.919924,0.0,0.0,0.0,3.588691,-0.8756973,-4.010429,0.3086997,-0.2538785,2.069,-0.1663451,-0.08026426,-0.9827955,0.2919201,0.947996,-0.1268318,0.9418663,-0.3079956,-0.1342638,moving,5.35760134200996,-2.4703000000162216,8.486065102098083,-6.995559763969252,1.8232579999999998,-0.90269634,-0.5489810000000004,0.09328555605570227,-0.042913561323449326,0.9947140963302255,5.613607129816647,-2.7851369281085936,5.441524384921354,5.501387227730562,5.0969280217852875
05/05/2023 11:40:40.292850,3169,True,True,True,True,Eyes,1.597612,0.02151105,-3.528895,0.9077283,-0.3572516,-0.2200015,0.0,0.0,0.0,0.0,0.0,0.0,0.0,-3.097671,-1.003285,-2.124744,1.774356,0.02708891,-3.459423,0.07372762,0.7497855,-0.1485454,0.6405626,18.4942,98.19786,355.1764,0.393903,0.0055479,-0.9191349,0.0,0.0,0.0,3.587244,-0.8963054,-4.00958,0.3087007,-0.2565849,2.069,-0.168488,-0.07974549,-0.9824728,0.3008651,0.944997,-0.1283001,0.9386651,-0.3172087,-0.1352281,moving,5.264515091664318,-2.087476902042489,8.486092191547069,-7.069383309596879,1.812888,-0.92339431,-0.5501569999999996,0.09169351289684474,-0.03627183626296972,0.9951264672957143,5.5125465701373715,-2.4120387851841314,5.869867793298157,5.9327860625612026,5.525652140850181
05/05/2023 11:40:40.314201,3170,True,True,True,True,Eyes,1.605662,0.02156965,-3.526301,0.9065247,-0.3601601,-0.220222,0.0,0.0,0.0,0.0,0.0,0.0,0.0,-3.088775,-1.024578,-2.131739,1.78362,0.02722733,-3.457247,0.07651123,0.7499058,-0.1516873,0.639358,18.98608,98.29523,355.1947,0.3957619,0.005548515,-0.918336,0.0,0.0,0.0,3.586854,-0.9146302,-4.009078,0.3087003,-0.2592445,2.069,-0.1707352,-0.07921246,-0.9821278,0.3087173,0.942274,-0.1296661,0.9357047,-0.3253384,-0.136425,moving,5.168378528678699,-1.7810708292362085,8.486081355767933,-7.141907297994871,1.8032340000000002,-0.9418575299999999,-0.5518309999999995,0.09003977399937407,-0.03095430107471328,0.9954570452657503,5.4105721938172495,-2.113272976432392,6.239000020150557,6.304420646946771,5.89456696842429
05/05/2023 11:40:40.332725,3171,True,True,True,True,Eyes,1.613765,0.02163148,-3.523708,0.9052252,-0.3631158,-0.2207132,0.0,0.0,0.0,0.0,0.0,0.0,0.0,-3.081611,-1.045332,-2.13639,1.792574,0.0275042,-3.455304,0.07916693,0.7498141,-0.1547349,0.638411,19.45868,98.3532,355.2031,0.3976324,0.005550444,-0.9175277,0.0,0.0,0.0,3.586649,-0.9322057,-4.007508,0.3087002,-0.2619574,2.069,-0.172328,-0.07884801,-0.9818789,0.3162899,0.9395794,-0.1309628,0.9328793,-0.3331269,-0.136977,moving,5.12788106664341,-1.4933895612907446,8.486078646823053,-7.215861016155334,1.794075,-0.9597099,-0.5522039999999997,0.08934886289155719,-0.02595737834000926,0.995662120796317,5.363340560723228,-1.8330950758710105,6.567338952104035,6.635071253518267,6.222994642634958
05/05/2023 11:40:40.342702,3172,True,True,True,True,Eyes,1.621915,0.02168921,-3.521142,0.9039305,-0.3660509,-0.2211707,0.0,0.0,0.0,0.0,0.0,0.0,0.0,-3.0758,-1.063612,-2.140384,1.801866,0.02768107,-3.453342,0.08126258,0.7495883,-0.1573272,0.6377789,19.84741,98.37331,355.1911,0.3995143,0.005553632,-0.9167098,0.0,0.0,0.0,3.588419,-0.9470707,-4.004819,0.3087002,-0.2645399,2.069,-0.1732689,-0.07885296,-0.9817129,0.3225069,0.9372891,-0.1322061,0.9305736,-0.3395163,-0.1369725,moving,5.128488227968278,-1.2847525849553885,8.486078646823053,-7.286237581722985,1.786553,-0.97475177,-0.5514770000000002,0.08936724274876617,-0.02233157135311141,0.9957484047709712,5.358308992051627,-1.630098609610123,6.807283664251786,6.876862335921226,6.463346740285787
05/05/2023 11:40:40.362638,3173,True,True,True,True,Eyes,1.630114,0.02173337,-3.518602,0.9026921,-0.3687705,-0.22171,0.0,0.0,0.0,0.0,0.0,0.0,0.0,-3.071809,-1.073078,-2.146122,1.811132,0.02766346,-3.451432,0.08201487,0.7494147,-0.1584341,0.6376127,20.00201,98.36464,355.1705,0.4014071,0.005557839,-0.9158826,0.0,0.0,0.0,3.594239,-0.9547635,-4.001778,0.3087,-0.2673131,2.069,-0.1734474,-0.07911281,-0.9816604,0.3249654,0.9363444,-0.1328782,0.9296846,-0.3420531,-0.1366976,moving,5.179239222920808,-1.2940887945661188,8.48607322893318,-7.361786364634192,1.783107,-0.98242696,-0.5503459999999998,0.0902488863688356,-0.02249202979351013,0.9956652450887362,5.408033663994017,-1.639519147231493,6.8398130247213595,6.910289787348272,6.497589527716605
05/05/2023 11:40:40.382764,3174,True,True,True,True,Eyes,1.638375,0.02173984,-3.516091,0.901521,-0.3713469,-0.2221741,0.0,0.0,0.0,0.0,0.0,0.0,0.0,-3.070403,-1.077488,-2.151121,1.820507,0.02739429,-3.449736,0.08229416,0.7490715,-0.1588068,0.6378872,20.05391,98.30967,355.1566,0.4033097,0.005562601,-0.9150465,0.0,0.0,0.0,3.602408,-0.9591742,-3.997826,0.308699,-0.2698842,2.068999,-0.1726552,-0.07931328,-0.9817839,0.3258901,0.9360161,-0.1329266,0.9295083,-0.3429041,-0.1357607,moving,5.276050136825621,-1.3958812449325309,8.486050181284893,-7.431810016663757,1.781901,-0.98656849,-0.5480899999999997,0.09192730345562383,-0.024257164906740666,0.9954702030304496,5.50515041172625,-1.7392035952723577,6.765557968198227,6.83641254042216,6.425848683638712
05/05/2023 11:40:40.393147,3175,True,True,True,True,Eyes,1.646686,0.02170106,-3.513623,0.9004276,-0.3737456,-0.2225854,0.0,0.0,0.0,0.0,0.0,0.0,0.0,-3.070888,-1.076267,-2.156369,1.830224,0.02648995,-3.447928,0.0821638,0.7486243,-0.1584189,0.6385252,20.00607,98.22194,355.1596,0.4052223,0.005566881,-0.914201,0.0,0.0,0.0,3.612902,-0.9610527,-3.993067,0.3087004,-0.2725827,2.069,-0.1710697,-0.07928918,-0.9820635,0.3253284,0.9363052,-0.1322651,0.9299982,-0.3421197,-0.1343784,moving,5.406834026181739,-1.5866076897062282,8.486084064712776,-7.505272108935378,1.782678,-0.98754265,-0.5451389999999998,0.09419124992923417,-0.027564890307074444,0.9951723880380758,5.637781717916635,-1.9256447095382694,6.6009756975991785,6.671759086421101,6.264588428210375
05/05/2023 11:40:40.414819,3176,True,True,True,True,Eyes,1.655052,0.02161771,-3.511188,0.8993794,-0.3760884,-0.2228771,0.0,0.0,0.0,0.0,0.0,0.0,0.0,-3.072476,-1.077736,-2.158914,1.839738,0.02538529,-3.446338,0.08212566,0.7479467,-0.1584838,0.6393076,20.00377,98.09612,355.1291,0.407144,0.00556955,-0.9133468,0.0,0.0,0.0,3.622749,-0.9647307,-3.987049,0.3087001,-0.2752579,2.069,-0.1690827,-0.07978857,-0.982367,0.325491,0.9362766,-0.1320678,0.9303046,-0.342082,-0.1323377,moving,5.562344254556042,-1.7242652758931343,8.486075937878136,-7.578078928125754,1.7830110000000001,-0.9901159900000001,-0.5407109999999999,0.09688532155171597,-0.029948009028377104,0.9948448837313213,5.793086350295664,-2.0606146315417377,6.472486461412395,6.543343276271424,6.139593242463784
05/05/2023 11:40:40.432879,3177,True,True,True,True,Eyes,1.663472,0.02149145,-3.508791,0.8984078,-0.3782642,-0.2231139,0.0,0.0,0.0,0.0,0.0,0.0,0.0,-3.074024,-1.083834,-2.159309,1.849408,0.0242495,-3.44471,0.08213083,0.7470948,-0.1592051,0.6401232,20.06161,97.94232,355.0468,0.4090742,0.00556961,-0.9124838,0.0,0.0,0.0,3.631917,-0.9706197,-3.979692,0.3087,-0.2779423,2.069,-0.1669938,-0.08110276,-0.9826168,0.3265409,0.9358165,-0.132735,0.9303142,-0.3430303,-0.1297922,moving,5.735327862975678,-1.7856229900444234,8.48607322893318,-7.651111393854716,1.7825090000000001,-0.9948692,-0.5349819999999998,0.0998852370305563,-0.03100412671849964,0.9945159003381808,5.963367836195746,-2.121461853375202,6.407249310772168,6.478468513743791,6.077916299116979
05/05/2023 11:40:40.442803,3178,True,True,True,True,Eyes,1.671945,0.02131592,-3.506437,0.8974782,-0.380379,-0.2232593,0.0,0.0,0.0,0.0,0.0,0.0,0.0,-3.075372,-1.08822,-2.16117,1.859127,0.02309882,-3.443239,0.08174136,0.7463592,-0.1595852,0.6409361,20.05962,97.79906,354.9582,0.4110127,0.00556621,-0.9116123,0.0,0.0,0.0,3.642032,-0.9746554,-3.972919,0.3087001,-0.2806539,2.069001,-0.1650388,-0.082551,-0.9828265,0.3265847,0.9357018,-0.1334338,0.9306477,-0.3429977,-0.1274673,moving,5.898309350289531,-1.9028016072752352,8.486071896064805,-7.72485479650451,1.782905,-0.9977542199999999,-0.5296799999999999,0.10270712019404965,-0.033028454088874795,0.994163159061265,6.125403618844989,-2.236555606341543,6.300031622962137,6.371249354053889,5.9744608723980654
05/05/2023 11:40:40.462841,3179,True,True,True,True,Eyes,1.680468,0.02107227,-3.504134,0.8966125,-0.3823664,-0.2233427,0.0,0.0,0.0,0.0,0.0,0.0,0.0,-3.077659,-1.090084,-2.163218,1.868834,0.02174776,-3.441913,0.08210716,0.7456065,-0.15982,0.6417063,20.10264,97.6703,354.9492,0.412959,0.005558417,-0.9107323,0.0,0.0,0.0,3.651325,-0.9798514,-3.96709,0.3087,-0.2832441,2.069001,-0.1629428,-0.0826757,-0.9831655,0.3275542,0.935432,-0.1329482,0.930676,-0.3437029,-0.1253411,moving,6.03641131257566,-1.9763216380965,8.486069187121103,-7.795276115649227,1.7824909999999998,-1.00159916,-0.5251769999999998,0.10509859608764743,-0.03429548732762493,0.993870265828426,6.262009629323581,-2.3090052548860256,6.242183574030226,6.313561191130837,5.919933181573076
05/05/2023 11:40:40.482620,3180,True,True,True,True,Eyes,1.689031,0.02075585,-3.501866,0.8957394,-0.3844269,-0.2233089,0.0,0.0,0.0,0.0,0.0,0.0,0.0,-3.081291,-1.089502,-2.164657,1.878591,0.0198826,-3.440583,0.08319633,0.7447433,-0.1599668,0.6425314,20.19284,97.53846,355.0093,0.4149125,0.005544908,-0.9098442,0.0,0.0,0.0,3.659879,-0.9868805,-3.961426,0.3087006,-0.285974,2.069,-0.1604636,-0.08164757,-0.9836591,0.3294872,0.9349779,-0.1313559,0.9304244,-0.3451809,-0.1231282,moving,6.164266961367874,-2.0152916906657468,8.486089482602342,-7.869473653077352,1.7812880000000002,-1.0067631000000001,-0.5208429999999997,0.10731367077417198,-0.03496314543736388,0.9936102523128869,6.387696105769479,-2.347770370725491,6.22605901877504,6.297801701319038,5.906984163028655
05/05/2023 11:40:40.493248,3181,True,True,True,True,Eyes,1.697636,0.02039407,-3.499648,0.8948677,-0.3865564,-0.2231276,0.0,0.0,0.0,0.0,0.0,0.0,0.0,-3.08722,-1.091982,-2.160953,1.888103,0.01784069,-3.439159,0.08552642,0.7434168,-0.1609059,0.6435264,20.44557,97.35588,355.1064,0.4168726,0.005524379,-0.9089479,0.0,0.0,0.0,3.665838,-0.9990106,-3.953959,0.3087001,-0.2886056,2.069,-0.1571185,-0.07993086,-0.98434,0.334258,0.933589,-0.1291633,0.9292931,-0.3493173,-0.1199666,moving,6.3147887928782716,-1.8996622985331044,8.486075937878136,-7.9409707205397675,1.7777349999999998,-1.01685129,-0.5147999999999997,0.10993114152167982,-0.03294837621655615,0.993392936050203,6.531311051490597,-2.236262970965385,6.346729922323861,6.419649158314674,6.030323065069375
05/05/2023 11:40:40.515160,3182,True,True,True,True,Eyes,1.706306,0.02002674,-3.497483,0.8940395,-0.3886908,-0.2227396,0.0,0.0,0.0,0.0,0.0,0.0,0.0,-3.096212,-1.096561,-2.152335,1.897756,0.01642699,-3.43799,0.08809756,0.7416032,-0.1621751,0.6449519,20.74299,97.0928,355.1834,0.4188382,0.005496365,-0.9080439,0.0,0.0,0.0,3.671759,-1.012012,-3.944065,0.3087001,-0.2912478,2.069001,-0.1525519,-0.07852348,-0.9851711,0.3398571,0.9318761,-0.1269018,0.9280221,-0.3541766,-0.1154727,moving,6.5241491011299475,-1.736098657663385,8.486071896064805,-8.012726921104491,1.7740030000000002,-1.02843899,-0.506075,0.11357049814357645,-0.030099985787444564,0.9930739286579151,6.7309908755419015,-2.0785064864086267,6.501824019113892,6.576108530940826,6.188318152467736
05/05/2023 11:40:40.533062,3183,True,True,True,True,Eyes,1.71504,0.01963765,-3.495365,0.8932974,-0.390695,-0.2222096,0.0,0.0,0.0,0.0,0.0,0.0,0.0,-3.107939,-1.098034,-2.142014,1.907799,0.01586983,-3.437039,0.0900799,0.7395383,-0.1628252,0.6468823,20.93896,96.76774,355.2449,0.4208095,0.005461465,-0.9071323,0.0,0.0,0.0,3.680284,-1.021014,-3.932642,0.3087001,-0.2939347,2.069,-0.146858,-0.07742242,-0.986123,0.3438926,0.9307472,-0.1242888,0.9274539,-0.3573732,-0.1100627,moving,6.790304511372572,-1.663255953549252,8.486075937878136,-8.08567884161791,1.7724849999999999,-1.03688383,-0.495603,0.11818681565384326,-0.028821787971749446,0.9925729773410293,6.9884808630395225,-2.0093966786341335,6.56757590804238,6.642526363074586,6.258114407101844
05/05/2023 11:40:40.543073,3184,True,True,True,True,Eyes,1.723839,0.01922752,-3.493307,0.8926455,-0.3925936,-0.2214818,0.0,0.0,0.0,0.0,0.0,0.0,0.0,-3.120642,-1.089898,-2.135781,1.918141,0.01498865,-3.436329,0.09058094,0.7377093,-0.1618587,0.6491395,20.8798,96.44263,355.304,0.4227862,0.00541981,-0.906213,0.0,0.0,0.0,3.693617,-1.022244,-3.921999,0.3086999,-0.2966191,2.069,-0.1408264,-0.07649294,-0.987075,0.3437825,0.9311938,-0.12121,0.9284297,-0.3564086,-0.1048398,moving,7.065521772577765,-1.839656970003458,8.486070519988186,-8.158532723090792,1.775476,-1.03723265,-0.4856699999999998,0.12294186430706627,-0.03185901921504378,0.9919023198167289,7.2615224385179875,-2.182857179406589,6.402903300287719,6.476584711614937,6.099853785724526
05/05/2023 11:40:40.563012,3185,True,True,True,True,Eyes,1.732723,0.01880758,-3.491303,0.8921049,-0.3943129,-0.2206041,0.0,0.0,0.0,0.0,0.0,0.0,0.0,-3.136011,-1.07986,-2.126685,1.928436,0.01405791,-3.435752,0.09158967,0.7355573,-0.1608216,0.6516926,20.85252,96.07303,355.4044,0.4247685,0.005371523,-0.9052858,0.0,0.0,0.0,3.706686,-1.024356,-3.910273,0.3086998,-0.2993159,2.069,-0.1338163,-0.0748736,-0.9881737,0.3443514,0.9314954,-0.1172104,0.9292552,-0.3559636,-0.09886639,moving,7.366507715944505,-1.9788577629917818,8.486067811043153,-8.231696400839574,1.7782499999999999,-1.03841391,-0.4745210000000002,0.12814068429529807,-0.03424604599752876,0.9911645463842511,7.558681147038503,-2.32029333225631,6.2799654389853945,6.352275642437089,5.983705562929154
05/05/2023 11:40:40.582960,3186,True,True,True,True,Eyes,1.741684,0.01836908,-3.489369,0.8917333,-0.3957598,-0.2195126,0.0,0.0,0.0,0.0,0.0,0.0,0.0,-3.152849,-1.066121,-2.117954,1.93922,0.01331163,-3.435411,0.09185635,0.73334,-0.1591011,0.6545698,20.70787,95.67212,355.4895,0.4267562,0.005317018,-0.9043508,0.0,0.0,0.0,3.722533,-1.022606,-3.897925,0.3086997,-0.301989,2.068999,-0.1262015,-0.07356174,-0.9892734,0.3430095,0.9324985,-0.1130977,0.9308156,-0.3536032,-0.0924503,moving,7.691032377707389,-2.217538706739073,8.486069143910223,-8.304194394147347,1.783313,-1.03591763,-0.46251399999999965,0.1337326419410445,-0.0383461193620518,0.9902752318386184,7.88146715566386,-2.554678201139759,6.068736756804744,6.138359790422336,5.781217866319165
05/05/2023 11:40:40.593189,3187,True,True,True,True,Eyes,1.750745,0.01792839,-3.48748,0.8915111,-0.3969709,-0.2182251,0.0,0.0,0.0,0.0,0.0,0.0,0.0,-3.171911,-1.044124,-2.109937,1.949968,0.01237455,-3.435188,0.09137804,0.7310779,-0.1561638,0.6578664,20.39956,95.24303,355.6029,0.4287495,0.005256433,-0.9034078,0.0,0.0,0.0,3.741468,-1.015654,-3.885216,0.3086999,-0.3046082,2.069,-0.1177239,-0.07186087,-0.9904429,0.3390787,0.9345259,-0.1081067,0.9333632,-0.3485648,-0.08564956,moving,8.039532195877133,-2.610280053140066,8.486070519988186,-8.375196752567168,1.7914999999999999,-1.0280285500000002,-0.45002799999999965,0.1397140503858339,-0.0450955434672244,0.9891645501251095,8.231777026676014,-2.9391204059059977,5.717414862477984,5.782184796963288,5.442020877162267
05/05/2023 11:40:40.615697,3188,True,True,True,True,Eyes,1.979851,0.006648224,-3.44239,0.8903406,-0.4180749,-0.180297,0.0,0.0,0.0,0.0,0.0,0.0,0.0,-3.192138,-1.024435,-2.099508,1.961228,0.01175498,-3.435199,0.09100381,0.7285574,-0.1535426,0.6613224,20.12655,94.7747,355.6952,0.4307483,0.005190345,-0.902457,0.0,0.0,0.0,3.760396,-1.009715,-3.871229,0.3087001,-0.307364,2.069,-0.1087423,-0.07047928,-0.9915683,0.3356852,0.936286,-0.1033635,0.9356765,-0.3440948,-0.07815498,moving,6.415085923352351,-4.266207253231055,8.486075937878136,-8.449878317675994,1.799168,-1.02146998,-0.43603000000000014,0.1114248510861161,-0.0739273394966872,0.991019306200817,6.692868631008778,-4.539539061909464,4.604602313499593,4.668201282693298,4.301900224389031
05/05/2023 11:40:40.632825,3189,True,True,True,True,Eyes,1.980287,0.006574697,-3.442556,0.8893727,-0.419802,-0.1810592,0.0,0.0,0.0,0.0,0.0,0.0,0.0,-3.211947,-1.000249,-2.092228,1.972766,0.01098425,-3.43549,0.0890677,0.726274,-0.1499441,0.6649135,19.6483,94.31225,355.7359,0.4399561,0.004707916,-0.8980067,0.6873182,-0.03384048,0.135272,3.783023,-0.9974506,-3.857598,0.3086998,-0.3099833,2.069,-0.09991414,-0.07002456,-0.992529,0.3287748,0.9391675,-0.09935632,0.9391083,-0.3362456,-0.07081378,moving,6.930612237530029,-4.846391278749273,8.486067811043153,-8.520833968721107,1.810257,-1.00843485,-0.4221079999999997,0.12024207007747995,-0.0838716848751228,0.9891952980446385,7.211051279371312,-5.107467669700066,3.9337714956073113,3.990109161797517,3.6437256547837253
05/05/2023 11:40:40.643055,3190,True,True,True,True,Eyes,1.981174,0.006453074,-3.442732,0.8885438,-0.4213639,-0.1815008,0.0,0.0,0.0,0.0,0.0,0.0,0.0,-3.231182,-0.980455,-2.083185,1.984183,0.009588048,-3.435754,0.08795684,0.7238749,-0.1472146,0.6682789,19.31062,93.8558,355.7815,0.4475725,0.004308144,-0.894237,0.6460791,-0.03181006,0.1271557,3.802828,-0.9903221,-3.843837,0.3087,-0.3126743,2.069,-0.09133395,-0.06942125,-0.9933977,0.3241003,0.9411829,-0.09557047,0.9416035,-0.3306893,-0.0634625,moving,7.408223153876807,-5.279755776230508,8.48607322893318,-8.593704527047944,1.8186449999999998,-0.999910148,-0.408083,0.12839992079535578,-0.0912570834428424,0.9875149448000993,7.688316019012383,-5.5322917545758585,3.435914639833638,3.48482669688802,3.1636473775431786
05/05/2023 11:40:40.662633,3191,True,True,True,True,Eyes,1.982492,0.006269336,-3.442848,0.8877908,-0.4228922,-0.1816307,0.0,0.0,0.0,0.0,0.0,0.0,0.0,-3.25064,-0.9689722,-2.070096,1.995779,0.008290756,-3.436228,0.08783191,0.7211566,-0.1458357,0.6715288,19.16587,93.37224,355.7997,0.453899,0.003974788,-0.891044,0.6073143,-0.02990145,0.1195264,3.819499,-0.9893421,-3.828962,0.3087004,-0.3152903,2.069,-0.08266955,-0.06918464,-0.9941728,0.3225468,0.942035,-0.09237742,0.9429366,-0.328304,-0.05556233,moving,7.877744784235494,-5.517265455994291,8.486084064712776,-8.664517293888961,1.82372,-0.997632856,-0.39273400000000036,0.13643668310959595,-0.09524662297788168,0.9860594002803944,8.152416248962716,-5.766498542193121,3.1636920762208844,3.205506326823111,2.9171641874341137
05/05/2023 11:40:40.682603,3192,True,True,True,True,Eyes,1.984203,0.006007608,-3.442969,0.8871254,-0.4243658,-0.181445,0.0,0.0,0.0,0.0,0.0,0.0,0.0,-3.269898,-0.956139,-2.057263,2.007272,0.006581981,-3.436507,0.0874008,0.7184543,-0.1442667,0.6748123,18.98111,92.8872,355.8083,0.459181,0.003694081,-0.8883348,0.5708755,-0.02810737,0.1123548,3.836607,-0.9875911,-3.813762,0.3087006,-0.3179747,2.069,-0.07397904,-0.06911887,-0.9948617,0.3202928,0.9430965,-0.08933975,0.9444255,-0.3252563,-0.04763108,moving,8.333827258035646,-5.792306702037371,8.486089482602342,-8.737153867040183,1.829335,-0.994173081,-0.3772549999999999,0.144215799038795,-0.09986769551078108,0.9844939523738923,8.604427331662981,-6.0371338317054555,2.9153135305852405,2.9487808684700694,2.7026120768118465
05/05/2023 11:40:40.693272,3193,True,True,True,True,Eyes,1.986312,0.005740486,-3.443046,0.8864599,-0.4259872,-0.1808972,0.0,0.0,0.0,0.0,0.0,0.0,0.0,-3.29069,-0.947006,-2.039543,2.018329,0.004443455,-3.43679,0.08850903,0.7153328,-0.143684,0.6781004,19.00192,92.36822,355.8614,0.463617,0.00345422,-0.8860287,0.5366229,-0.02642092,0.1056135,3.849846,-0.9927043,-3.79753,0.3086999,-0.3206823,2.069,-0.06469214,-0.06823753,-0.9955695,0.3214912,0.9430421,-0.08552773,0.9447001,-0.3255997,-0.03906964,moving,8.777717959126386,-5.8803092526038485,8.486070519988186,-8.810389542164277,1.8315169999999998,-0.997147755,-0.3607400000000003,0.15181709013001293,-0.10126313890332912,0.9832077062775648,9.039512345927742,-6.125702566638835,2.9178827924386344,2.944559174482047,2.741138816487639
05/05/2023 11:40:40.716072,3194,True,True,True,True,Eyes,1.988825,0.005638686,-3.443129,0.885856,-0.4276386,-0.1799569,0.0,0.0,0.0,0.0,0.0,0.0,0.0,-3.314534,-0.9411692,-2.015537,2.029865,0.004039425,-3.437143,0.09060807,0.7115934,-0.1436462,0.6817558,19.14625,91.76823,355.9384,0.4673699,0.003247194,-0.8840556,0.5044256,-0.02483567,0.09927669,3.8618,-0.9998689,-3.778858,0.3086999,-0.3233124,2.069,-0.05399884,-0.06691106,-0.9962968,0.3248155,0.9423119,-0.08089025,0.9442348,-0.3279805,-0.02915001,moving,9.258360318950258,-5.853634477651721,8.486070519988186,-8.881501211734212,1.831935,-1.003908325,-0.3417150000000002,0.1600692250866576,-0.10067251569203296,0.9819587560422101,9.507332648391039,-6.102935786424314,3.1038881092016184,3.1248053528090756,2.9603044028676346
05/05/2023 11:40:40.732864,3195,True,True,True,True,Eyes,1.991766,0.005677871,-3.4432,0.8854617,-0.4289522,-0.1787668,0.0,0.0,0.0,0.0,0.0,0.0,0.0,-3.338208,-0.9464515,-1.986613,2.042015,0.007931743,-3.437463,0.09187218,0.7075326,-0.144378,0.6856472,19.28627,91.09792,355.8699,0.4706807,0.003064456,-0.8822981,0.47416,-0.02334553,0.09332009,3.874303,-1.003545,-3.757032,0.3086998,-0.3262325,2.069,-0.04289481,-0.0679797,-0.9967642,0.32799,0.9414289,-0.07832053,0.9437069,-0.3302882,-0.01808572,moving,9.800009930007025,-5.788787162032007,8.486067811043153,-8.96042148428619,1.8322879999999997,-1.011476743,-0.319569,0.16936663873885072,-0.09940445925560976,0.9805272438827866,10.033595101218996,-6.043432291769201,3.4172467214557254,3.4330319203421378,3.302070057267093
05/05/2023 11:40:40.742637,3196,True,True,True,True,Eyes,1.995038,0.005653812,-3.443272,0.8852708,-0.4298891,-0.177457,0.0,0.0,0.0,0.0,0.0,0.0,0.0,-3.356576,-0.9383328,-1.974449,2.05506,0.01125133,-3.438331,0.08720215,0.7049309,-0.141706,0.6894837,18.66503,90.54813,355.6133,0.4737103,0.00290089,-0.8806757,0.4457105,-0.02194479,0.08772088,3.899897,-0.9841079,-3.73862,0.3087,-0.329057,2.069,-0.0340162,-0.07246499,-0.9967908,0.3183509,0.9446304,-0.07953696,0.9473625,-0.3200347,-0.009063445,moving,10.312396185882866,-6.426650781882963,8.48607322893318,-9.036725418540867,1.844837,-0.99535923,-0.30028900000000025,0.1779258643315208,-0.11014518057989074,0.9778601333919663,10.550271412831597,-6.667461413440043,3.1808755897067904,3.1855839577707465,3.1423440404061296
05/05/2023 11:40:40.762658,3197,True,True,True,True,Eyes,1.998623,0.005739856,-3.443392,0.8847544,-0.4316102,-0.1758477,0.0,0.0,0.0,0.0,0.0,0.0,0.0,-3.372826,-0.9060302,-1.973693,2.066203,0.009623431,-3.438462,0.08588737,0.7032778,-0.1372181,0.6922392,18.17461,90.23836,355.825,0.476494,0.002752987,-0.8791732,0.4189678,-0.02062811,0.08245762,3.920708,-0.9710286,-3.72994,0.3086998,-0.3313135,2.069001,-0.02685688,-0.06917006,-0.9972433,0.3107807,0.9475891,-0.07409564,0.9501022,-0.311914,-0.003952611,moving,10.532828250911793,-7.067434078568683,8.486063769233581,-9.09765729119016,1.854505,-0.980652031,-0.2914780000000001,0.18145587414463116,-0.12099490694292372,0.9759273153729078,10.782423945439225,-7.292395255079272,2.8829382110683963,2.88288937292546,2.921000013332154
05/05/2023 11:40:40.782996,3198,True,True,True,True,Eyes,2.002588,0.00597125,-3.443497,0.8844463,-0.4329909,-0.1739932,0.0,0.0,0.0,0.0,0.0,0.0,0.0,-3.398131,-0.9107056,-1.939826,2.077349,0.01250467,-3.438614,0.09436686,0.6987623,-0.1398671,0.6951715,19.06679,89.65734,356.2033,0.4790624,0.002621939,-0.8777766,0.3938297,-0.01939042,0.07751016,3.91897,-0.997685,-3.713511,0.3087002,-0.3340067,2.069,-0.01566295,-0.06258327,-0.9979168,0.3263432,0.9430642,-0.06426543,0.9451216,-0.32667,0.005652423,moving,10.835264585023761,-6.342379879187359,8.486078646823053,-9.17036360997622,1.841621,-1.0101896700000002,-0.27489700000000017,0.18687559687386013,-0.10852340707730267,0.9763709295765174,11.057702056172056,-6.588934527750778,3.6733425262557335,3.676433945258154,3.643764957577681
05/05/2023 11:40:40.792852,3199,True,True,True,True,Eyes,2.006845,0.006285595,-3.443598,0.8841969,-0.4343596,-0.1718364,0.0,0.0,0.0,0.0,0.0,0.0,0.0,-3.417911,-0.898021,-1.924441,2.090236,0.01604093,-3.438413,0.09390711,0.6957941,-0.1376794,0.698639,18.83279,89.14616,356.2625,0.4814447,0.002509727,-0.8764726,0.3701999,-0.018227,0.07285956,3.937558,-0.9889458,-3.697004,0.3086999,-0.336759,2.069,-0.006169829,-0.06169641,-0.9980759,0.3230564,0.9444517,-0.06037868,0.9463596,-0.3228073,0.01410425,moving,11.193253013704016,-6.6841411744619865,8.486070519988186,-9.244630227682615,1.8473220000000001,-1.00498673,-0.258591,0.19284863995772827,-0.1142109217374326,0.9745590981921365,11.415887527193293,-6.923836868787066,3.7260491249386267,3.7262502929814216,3.737634213028607
05/05/2023 11:40:40.816328,3200,True,True,True,True,Eyes,2.011418,0.006700973,-3.443665,0.8839893,-0.4357348,-0.1694053,0.0,0.0,0.0,0.0,0.0,0.0,0.0,-3.438697,-0.880513,-1.907104,2.101486,0.01830767,-3.438082,0.09108286,0.6927177,-0.1345252,0.7026728,18.32332,88.56989,356.2029,0.4836654,0.002416525,-0.8752494,0.3479879,-0.01713338,0.06848798,3.959235,-0.9730489,-3.677337,0.3087001,-0.3394169,2.069,0.004090206,-0.06286489,-0.9980137,0.3152438,0.9472138,-0.05837303,0.949002,-0.3143788,0.02369205,moving,11.63273825282885,-7.281001370754658,8.486075937878136,-9.316319877485121,1.857749,-0.99135657,-0.239255,0.200077052944946,-0.12417312931689155,0.9718797564277878,11.860393372382632,-7.507486865559269,3.7469073110518964,3.7475332084146373,3.8285630481727413
05/05/2023 11:40:40.832722,3201,True,True,True,True,Eyes,2.016274,0.007172276,-3.443652,0.8838536,-0.4370363,-0.1667394,0.0,0.0,0.0,0.0,0.0,0.0,0.0,-3.455896,-0.8888448,-1.884184,2.113571,0.02117769,-3.437408,0.09124177,0.6893162,-0.1354056,0.7058212,18.38951,88.00489,356.0508,0.4857474,0.002342948,-0.8740959,0.3271087,-0.01610537,0.0643787,3.971299,-0.9756398,-3.657267,0.3087003,-0.3421682,2.069001,0.01301698,-0.06535538,-0.9977773,0.3169331,0.9466805,-0.05787377,0.9483587,-0.3154753,0.03303616,moving,12.007592436049922,-7.2783829381435545,8.4860773139521,-9.3904932918914,1.8577280000000003,-0.99681749,-0.21985900000000003,0.20643668471781285,-0.12396144950698068,0.9705758061593424,12.22573775326891,-7.507424998630615,4.104890215401614,4.106346174103261,4.187004466020461
05/05/2023 11:40:40.843015,3202,True,True,True,True,Eyes,2.021352,0.007627756,-3.443576,0.8836907,-0.4384525,-0.1638606,0.0,0.0,0.0,0.0,0.0,0.0,0.0,-3.469736,-0.8836578,-1.87239,2.125216,0.02309999,-3.436378,0.08786254,0.68691,-0.1336014,0.7089326,17.94606,87.53783,355.8576,0.4877104,0.002288441,-0.8730022,0.3074822,-0.01513905,0.06051598,3.991179,-0.9627411,-3.639394,0.3087002,-0.344753,2.069001,0.02061059,-0.06872147,-0.9974229,0.310136,0.9488617,-0.05896706,0.9504688,-0.3081215,0.04086961,moving,12.336985124066222,-7.780289372302523,8.486074605008472,-9.460153199151666,1.8659629999999998,-0.98584109,-0.20301599999999986,0.2117827977970848,-0.13230400420520394,0.968320113022346,12.560363984033465,-7.997956406812371,4.193810030510846,4.2013633861576265,4.32872422355169
05/05/2023 11:40:40.862979,3203,True,True,True,True,Eyes,2.026651,0.008052755,-3.443401,0.8832996,-0.4403673,-0.1608055,0.0,0.0,0.0,0.0,0.0,0.0,0.0,-3.483539,-0.8951657,-1.85013,2.135553,0.02322346,-3.434853,0.08907509,0.683735,-0.1355254,0.7114809,18.18446,87.0349,355.7117,0.4895718,0.002250667,-0.8719599,0.2890332,-0.01423071,0.05688502,3.998015,-0.9734972,-3.620622,0.3086995,-0.3473758,2.069,0.02827879,-0.07103991,-0.9970726,0.3146549,0.947397,-0.05857641,0.9487848,-0.3120773,0.04914431,moving,12.61780132124915,-7.643336838915772,8.486059684207827,-9.530812882910205,1.8624620000000003,-0.9967206599999999,-0.18576900000000007,0.21659702891868693,-0.12984865667817255,0.9675872077090373,12.830417617096037,-7.866565966952243,4.535669630245085,4.542450304837003,4.652221366865973
05/05/2023 11:40:40.882784,3204,True,True,True,True,Eyes,2.032158,0.008452787,-3.44314,0.8828913,-0.4423699,-0.157518,0.0,0.0,0.0,0.0,0.0,0.0,0.0,-3.500294,-0.9039487,-1.822781,2.146197,0.02297249,-3.432933,0.09237941,0.6799673,-0.1377788,0.7142323,18.62246,86.47765,355.6922,0.4913464,0.002227186,-0.8709611,0.2716912,-0.01337686,0.05347192,4.001812,-0.9904963,-3.600777,0.3086998,-0.350065,2.069,0.03732323,-0.07118212,-0.9967648,0.322442,0.9449661,-0.05540938,0.9458532,-0.3193308,0.05822129,moving,12.896424858549295,-7.341792172297899,8.486067811043153,-9.603226449204534,1.8556150000000002,-1.01346879,-0.1678440000000001,0.22144957156146972,-0.12461533505722118,0.9671769237784356,13.093897513672992,-7.575015432734372,4.952024039099523,4.956342832699866,5.034454736688843
05/05/2023 11:40:40.892927,3205,True,True,True,True,Eyes,2.037865,0.008897917,-3.442754,0.8823643,-0.4446805,-0.1539233,0.0,0.0,0.0,0.0,0.0,0.0,0.0,-3.520105,-0.9010896,-1.793875,2.156651,0.02279992,-3.43066,0.09515017,0.6759059,-0.1384571,0.7175844,18.88832,85.86674,355.752,0.4930479,0.002215926,-0.869999,0.2553898,-0.01257425,0.0502636,4.00841,-1.001676,-3.579284,0.3087001,-0.3529797,2.069,0.04796166,-0.07008418,-0.9963874,0.3273344,0.9435521,-0.05061141,0.9436905,-0.3237245,0.06819532,moving,13.213878880785956,-7.253079206619557,8.486075937878136,-9.681677212377425,1.8517589999999995,-1.02447592,-0.14862399999999987,0.22685205946995773,-0.1229607799485849,0.9661359516063489,13.400966604685022,-7.490804294542954,5.310697020850842,5.315092561803504,5.381084872845435
05/05/2023 11:40:40.916939,3206,True,True,True,True,Eyes,2.04379,0.009387374,-3.442266,0.882004,-0.4467185,-0.1500384,0.0,0.0,0.0,0.0,0.0,0.0,0.0,-3.542732,-0.9027567,-1.755906,2.167143,0.02435795,-3.428122,0.09837165,0.6710061,-0.1398005,0.7214774,19.24206,85.13029,355.7657,0.494689,0.002216779,-0.869067,0.2400664,-0.0118198,0.04724779,4.013525,-1.013705,-3.553447,0.3086995,-0.3554578,2.069,0.0604132,-0.06970987,-0.9957363,0.3337418,0.9415576,-0.04566814,0.9407268,-0.3295599,0.08014758,moving,13.62161687447064,-7.0538354925699585,8.486059684207827,-9.748347841533468,1.8463819999999997,-1.03806295,-0.1253249999999997,0.23382409278944305,-0.1193976907399665,0.9649199349220469,13.793067059687473,-7.29964719232761,5.795558696671398,5.799512432366786,5.844695214706799
05/05/2023 11:40:40.934260,3207,True,True,True,True,Eyes,2.049893,0.00988237,-3.441648,0.8817712,-0.4485233,-0.1459673,0.0,0.0,0.0,0.0,0.0,0.0,0.0,-3.563998,-0.888225,-1.728284,2.178233,0.02587563,-3.425292,0.09694324,0.6668981,-0.1376597,0.725878,18.92607,84.43709,355.7231,0.4962802,0.002229625,-0.8681593,0.2256624,-0.01111061,0.04441292,4.030715,-1.004735,-3.527333,0.3087004,-0.3580577,2.069,0.0725935,-0.07054578,-0.9948636,0.3291508,0.9433036,-0.04287208,0.9414829,-0.3243479,0.09169786,moving,14.053256739805175,-7.495052003081168,8.486084064712776,-9.818266723914563,1.8524819999999997,-1.03061063,-0.10204100000000027,0.24086989459855096,-0.12660006748300073,0.9622651241996678,14.225729985422127,-7.731806307512066,6.0219552038663045,6.032473641334246,6.107114896932101
05/05/2023 11:40:40.943020,3208,True,True,True,True,Eyes,2.056156,0.01035092,-3.440913,0.8815722,-0.4502818,-0.1416924,0.0,0.0,0.0,0.0,0.0,0.0,0.0,-3.58513,-0.8670513,-1.701924,2.188537,0.02643149,-3.422146,0.09586847,0.6628857,-0.134878,0.7302055,18.59186,83.77442,355.772,0.497831,0.002253385,-0.8672709,0.2121226,-0.01044397,0.04174814,4.047254,-0.9957998,-3.502316,0.3086999,-0.3607697,2.069001,0.08478124,-0.06987757,-0.9939464,0.3240768,0.9452344,-0.03880996,0.9422242,-0.3188246,0.1027838,moving,14.436260817599592,-7.974093415046705,8.486066478177362,-9.891164156763686,1.8587169999999995,-1.02223129,-0.08016999999999985,0.24704007353385155,-0.13442557540607303,0.9596358404035228,14.612001327867413,-8.200445930399601,6.230702724227347,6.251397676171278,6.354967026162038
05/05/2023 11:40:40.962656,3209,True,True,True,True,Eyes,2.062549,0.01079234,-3.440009,0.8813227,-0.4521063,-0.1373688,0.0,0.0,0.0,0.0,0.0,0.0,0.0,-3.607333,-0.8456795,-1.671451,2.198586,0.02625231,-3.41867,0.0983736,0.6584425,-0.1332246,0.7341849,18.65629,83.11657,356.0009,0.49935,0.002286301,-0.866397,0.1993953,-0.009817334,0.03924325,4.056618,-0.999539,-3.479019,0.3087001,-0.3634781,2.069,0.09740934,-0.06607626,-0.9930486,0.3251697,0.9451476,-0.03099267,0.9406255,-0.3198903,0.1135522,moving,14.745014605390821,-8.107264215583847,8.486075937878136,-9.963941919434928,1.8580320000000001,-1.02579131,-0.060348999999999986,0.25213657147139684,-0.13647040992636827,0.9580203399665368,14.91656975043491,-8.332066507618922,6.503496950071722,6.528519383417897,6.634324986991564
05/05/2023 11:40:40.982705,3210,True,True,True,True,Eyes,2.069039,0.01121817,-3.438977,0.8809888,-0.454119,-0.132796,0.0,0.0,0.0,0.0,0.0,0.0,0.0,-3.631384,-0.8173372,-1.638027,2.208173,0.02600615,-3.414882,0.1018415,0.6536304,-0.1310493,0.7383915,18.76657,82.42648,356.3427,0.5008442,0.002326768,-0.8655341,0.1874316,-0.009228294,0.03688866,4.064783,-1.004307,-3.455247,0.3087,-0.3662183,2.069,0.111187,-0.06039787,-0.9919625,0.3266647,0.9449088,-0.02091775,0.9385775,-0.3217133,0.1247914,moving,15.047181293525819,-8.24201064110698,8.48607322893318,-10.037536406120843,1.8566100000000003,-1.03031315,-0.040364999999999984,0.2571110484519891,-0.13853531603138208,0.9564005355908392,15.214759411710313,-8.46517646111669,6.772709937113878,6.802356342333971,6.909959011669272
05/05/2023 11:40:40.993423,3211,True,True,True,True,Eyes,2.07562,0.01163087,-3.437771,0.8804237,-0.4565663,-0.1280673,0.0,0.0,0.0,0.0,0.0,0.0,0.0,-3.657156,-0.7978838,-1.593121,2.216967,0.02609265,-3.410837,0.1075424,0.6478,-0.1308659,0.7427409,19.22642,81.6218,356.6566,0.502319,0.002373632,-0.8646788,0.1761857,-0.008674596,0.03467534,4.065663,-1.019909,-3.428321,0.3087004,-0.3688416,2.069,0.1264586,-0.055067,-0.9904424,0.3337308,0.9426175,-0.009797598,0.9341478,-0.3293021,0.1375796,moving,15.41244862458875,-8.06158395702728,8.486084064712776,-10.107959933793833,1.848696,-1.04600165,-0.017484000000000055,0.26332219849117205,-0.1352881303352152,0.955174566620598,15.565965840349437,-8.292046390679781,7.195075521815177,7.222339001638816,7.309053834324738
05/05/2023 11:40:41.016997,3212,True,True,True,True,Eyes,2.082273,0.01200911,-3.436426,0.8798066,-0.4591325,-0.1230354,0.0,0.0,0.0,0.0,0.0,0.0,0.0,-3.682938,-0.7839862,-1.542707,2.225854,0.02623852,-3.406389,0.1131746,0.6414385,-0.1315297,0.747294,19.74812,80.7372,356.8698,0.5037798,0.002425921,-0.8638284,0.1656145,-0.00815412,0.03259482,4.064806,-1.037834,-3.398234,0.3087003,-0.3714918,2.069001,0.1425131,-0.05139363,-0.9884579,0.3417719,0.9397829,0.0004129515,0.9289146,-0.3378859,0.1514963,moving,15.839432818647543,-7.8114278291631685,8.4860773139521,-10.179069460569298,1.838952,-1.0640725199999999,0.008154999999999912,0.2705959681229308,-0.13084266648154239,0.9537599458336378,15.975455601775717,-8.051479941743068,7.701152304184859,7.725125505336613,7.785719253784011
05/05/2023 11:40:41.032884,3213,True,True,True,True,Eyes,2.088987,0.01237725,-3.4349,0.8792087,-0.4617991,-0.1171913,0.0,0.0,0.0,0.0,0.0,0.0,0.0,-3.708922,-0.763638,-1.491826,2.23423,0.02582248,-3.401814,0.1178365,0.6349669,-0.131244,0.7521348,20.11644,79.82594,357.0832,0.5052309,0.002482241,-0.8629804,0.1556777,-0.007664873,0.03063913,4.065725,-1.051448,-3.367012,0.3087004,-0.3742146,2.069002,0.1591841,-0.04778178,-0.986092,0.347071,0.9377791,0.01058671,0.9242307,-0.3439291,0.1658632,moving,16.255895926268334,-7.726346037868855,8.486075981082427,-10.252094040892803,1.8314949999999994,-1.07727048,0.034802,0.27758313927990114,-0.12915851347881205,0.9519799508895388,16.37913849596324,-7.971458452846564,8.14580265636018,8.170037022889687,8.215943923206854
05/05/2023 11:40:41.042747,3214,True,True,True,True,Eyes,2.095765,0.01272821,-3.433232,0.8785627,-0.4645293,-0.1110859,0.0,0.0,0.0,0.0,0.0,0.0,0.0,-3.734046,-0.7475265,-1.437813,2.242569,0.02597225,-3.396971,0.1232315,0.6281996,-0.1317695,0.7568461,20.61518,78.88974,357.2669,0.5066754,0.002541916,-0.8621328,0.146337,-0.007204981,0.02880078,4.063579,-1.068678,-3.335285,0.3086998,-0.3769372,2.069,0.1760042,-0.04463049,-0.9833772,0.3542863,0.9349016,0.02097948,0.9184245,-0.3520896,0.1803586,moving,16.670362331427327,-7.513773870744931,8.486067811043153,-10.325094187663035,1.8210099999999998,-1.09465025,0.06168600000000035,0.2846021463744745,-0.12535685592899293,0.9504142478515513,16.77743868898048,-7.76737759479388,8.631761678169717,8.65368122365892,8.676908735543174
05/05/2023 11:40:41.062943,3215,True,True,True,True,Eyes,2.102581,0.0130475,-3.431392,0.8780156,-0.467091,-0.1044724,0.0,0.0,0.0,0.0,0.0,0.0,0.0,-3.757489,-0.7265238,-1.387944,2.250906,0.02593839,-3.392004,0.1270558,0.6217926,-0.1311811,0.7615921,20.89547,77.98597,357.4351,0.508117,0.00260419,-0.8612838,0.1375568,-0.006772682,0.02707274,4.065047,-1.079169,-3.303862,0.3086999,-0.3795819,2.069,0.192331,-0.04180826,-0.9804392,0.3578177,0.9332967,0.03039448,0.91377,-0.3566642,0.1944616,moving,17.045059752673115,-7.503391460394593,8.486070519988186,-10.395963782673089,1.8141409999999998,-1.1051073900000001,0.08814199999999994,0.290826828122188,-0.12494043060853555,0.9485829027185033,17.142420991024032,-7.759760460223135,9.011194517040861,9.034559830164842,9.04886575404336
05/05/2023 11:40:41.083045,3216,True,True,True,True,Eyes,2.273485,0.01965801,-3.381834,0.8468746,-0.5275221,0.06725876,0.0,0.0,0.0,0.0,0.0,0.0,0.0,-3.778975,-0.7047232,-1.340089,2.25875,0.02550213,-3.386815,0.130594,0.6155987,-0.1304574,0.7661361,21.14469,77.1159,357.5967,0.509558,0.002668013,-0.8604319,0.1293034,-0.006366321,0.02544837,4.066247,-1.089031,-3.273326,0.3087003,-0.3821646,2.069001,0.2080383,-0.03910928,-0.9773386,0.3606833,0.9318522,0.03948674,0.9091908,-0.3607244,0.207967,moving,7.662763690229041,-10.664635641493026,8.4860773139521,-10.465136001073487,1.8074969999999997,-1.11453313,0.11348899999999995,0.1310788375936946,-0.1834633694179279,0.9742481333455122,8.081586875374146,-10.773383041978992,0.8385922899740162,0.8471395572959155,0.5085555555964215
05/05/2023 11:40:41.093376,3217,True,True,True,True,Eyes,2.27375,0.01963901,-3.381539,0.8467194,-0.5277061,0.06776719,0.0,0.0,0.0,0.0,0.0,0.0,0.0,-3.800073,-0.6828035,-1.289833,2.266103,0.02449798,-3.381512,0.1357188,0.6091062,-0.1304049,0.7704313,21.5914,76.24162,357.8057,0.5159969,0.002921147,-0.8565851,0.6342562,0.01384719,0.1725967,4.062897,-1.105456,-3.243975,0.3086998,-0.3848709,2.068999,0.2239683,-0.03560177,-0.9739459,0.3662705,0.9291499,0.05026312,0.9031523,-0.367985,0.22114,moving,8.320082427427232,-10.288477803163843,8.486071852856547,-10.537600601974171,1.7967940000000002,-1.12995398,0.13753700000000002,0.14242390547798728,-0.17678360287924708,0.9738905745798632,8.712214957653016,-10.411746364880837,0.29220324291442923,0.29935707481441814,0.25880493202667476
05/05/2023 11:40:41.117364,3218,True,True,True,True,Eyes,2.274278,0.01958874,-3.381031,0.8463928,-0.5281068,0.06872137,0.0,0.0,0.0,0.0,0.0,0.0,0.0,-3.821113,-0.6593974,-1.23677,2.273171,0.02403139,-3.376008,0.14146,0.6022757,-0.1304284,0.7747526,22.10473,75.33835,358.039,0.5212976,0.003136755,-0.8533689,0.5962009,0.01301636,0.1622409,4.057529,-1.123243,-3.214359,0.3087,-0.3876234,2.069,0.2405049,-0.03170374,-0.97013,0.3724954,0.925955,0.06208519,0.8963284,-0.3763007,0.2345062,moving,8.968443953353303,-9.87476918208412,8.48607322893318,-10.611252242385904,1.7843579999999997,-1.14727439,0.16164900000000015,0.15363586752522118,-0.16945922444149183,0.9734884602573459,9.333099265772937,-10.013513968170427,0.8803433678638304,0.8803912845372075,1.0366986792441488
05/05/2023 11:40:41.132920,3219,True,True,True,True,Eyes,2.275023,0.019497,-3.380246,0.8460571,-0.5284705,0.07004557,0.0,0.0,0.0,0.0,0.0,0.0,0.0,-3.841475,-0.631854,-1.184429,2.280045,0.02328049,-3.370444,0.1465491,0.59545,-0.1297953,0.7791765,22.51644,74.43185,358.2791,0.5256805,0.003320076,-0.8506753,0.5604289,0.01223538,0.1525064,4.053574,-1.137891,-3.184477,0.3087,-0.3901942,2.068999,0.257185,-0.02774157,-0.965964,0.3767923,0.9233531,0.07380197,0.8898783,-0.3829485,0.2479253,moving,9.604820517100775,-9.57133353901144,8.486077270749078,-10.680019607410324,1.7735290000000004,-1.16117149,0.18596700000000022,0.16459237855143183,-0.16400769548428035,0.972630912757765,9.94527261907778,-9.722495964942967,1.5754317461721299,1.5750464277345322,1.7453087378650456
05/05/2023 11:40:41.142691,3220,True,True,True,True,Eyes,2.275983,0.01936934,-3.379251,0.8455654,-0.5290194,0.07181611,0.0,0.0,0.0,0.0,0.0,0.0,0.0,-3.861279,-0.6011679,-1.130748,2.286483,0.02219008,-3.364665,0.151295,0.5884397,-0.1287873,0.7837491,22.87498,73.49882,358.5187,0.5293244,0.00347517,-0.8484121,0.5268031,0.01150125,0.143356,4.049559,-1.151548,-3.153632,0.3087005,-0.3931618,2.069,0.2743053,-0.02381793,-0.9613476,0.3799298,0.9210473,0.08558749,0.8834081,-0.3887217,0.2616974,moving,10.241006742602007,-9.344491209883344,8.486086773657577,-10.759351573323023,1.7630760000000003,-1.1737380800000001,0.21103300000000003,0.17550294828694513,-0.1598499160074112,0.9714147643535511,10.559324864490263,-9.506000787869574,2.2537251427684337,2.2542346695569604,2.4226440870826105
05/05/2023 11:40:41.163243,3221,True,True,True,True,Eyes,2.277147,0.0192166,-3.378036,0.8451647,-0.5293721,0.07390393,0.0,0.0,0.0,0.0,0.0,0.0,0.0,-3.879324,-0.5750694,-1.076119,2.292679,0.02124663,-3.35873,0.1555388,0.5814109,-0.1282532,0.7882386,23.22476,72.5523,358.6703,0.5323741,0.003605488,-0.8465012,0.4951949,0.01081118,0.1347547,4.044868,-1.164609,-3.121905,0.3087001,-0.3955352,2.069,0.291025,-0.02132438,-0.9564778,0.3830521,0.9187176,0.09606769,0.8766844,-0.3943389,0.2755381,moving,10.886403431407908,-9.107103581955133,8.486075937878136,-10.822772981553602,1.752189,-1.18585563,0.23682500000000006,0.18656502511447742,-0.15550149350633313,0.9700581210294974,11.182071414047885,-9.279306279844613,2.9487146681215544,2.9504395545263233,3.106554533049786
05/05/2023 11:40:41.183012,3222,True,True,True,True,Eyes,2.278497,0.01903197,-3.376607,0.8446538,-0.5298287,0.07642934,0.0,0.0,0.0,0.0,0.0,0.0,0.0,-3.895187,-0.5549332,-1.021548,2.298835,0.02049169,-3.352451,0.1587986,0.5745005,-0.1281517,0.7926598,23.51524,71.5981,358.7064,0.5350567,0.003716815,-0.8448076,0.4654832,0.01016251,0.1266694,4.040221,-1.176485,-3.088882,0.3086999,-0.3982347,2.069,0.3070525,-0.02070159,-0.9514675,0.3856211,0.9167203,0.1045001,0.8700662,-0.3989929,0.2894643,moving,11.532555893648544,-8.920215728204624,8.486070519988186,-10.89487573293534,1.7413859999999999,-1.19697669,0.26356899999999994,0.19760162195212494,-0.15200156524693853,0.9684260737791689,11.806915838039266,-9.101752268761185,3.627168831427592,3.6304759007889866,3.7740303899404024
05/05/2023 11:40:41.192880,3223,True,True,True,True,Eyes,2.280016,0.01882164,-3.374959,0.8442215,-0.5301119,0.07919218,0.0,0.0,0.0,0.0,0.0,0.0,0.0,-3.90849,-0.538911,-0.9700077,2.304733,0.01956148,-3.345961,0.1607517,0.5680297,-0.1280854,0.7969288,23.68624,70.67807,358.653,0.5375061,0.003812494,-0.8432508,0.4375542,0.009552755,0.1190692,4.037061,-1.185194,-3.055615,0.3086996,-0.4008002,2.069,0.3218728,-0.02152644,-0.9465382,0.3867733,0.9155061,0.1107026,0.8641784,-0.4017278,0.3030024,moving,12.155665296766475,-8.823576622849185,8.486062393152974,-10.963367035933274,1.7323279999999994,-1.20475548,0.290346,0.20818503868725285,-0.1500315546871216,0.9665140926142592,12.411729947190647,-9.011856059847823,4.242160825754052,4.247904010466246,4.383977741116636
05/05/2023 11:40:41.213078,3224,True,True,True,True,Eyes,2.281686,0.01858319,-3.373091,0.8437165,-0.5304331,0.08236025,0.0,0.0,0.0,0.0,0.0,0.0,0.0,-3.919939,-0.5239505,-0.9205447,2.310325,0.01869248,-3.339146,0.1623619,0.5618058,-0.1279898,0.8010193,23.82351,69.79004,358.5836,0.5397521,0.003893489,-0.8418146,0.411301,0.00897959,0.1119251,4.034925,-1.190537,-3.022571,0.3086999,-0.4008001,2.069,0.3359859,-0.02261283,-0.9415955,0.3874761,0.9145145,0.1162992,0.8584729,-0.4039206,0.3160259,static,12.730639708888143,-8.757306974048287,8.486070519988186,-10.963364366844228,1.7246000000000001,-1.2092294799999999,0.31657499999999983,0.2179215167975086,-0.14859031510186266,0.9645885897638045,12.970439710663536,-8.951189649156278,4.774616416939024,4.783623816696759,4.9151209682754375
05/05/2023 11:40:41.232860,3225,True,True,True,True,Eyes,2.28349,0.01831589,-3.370998,0.8432762,-0.5305911,0.08578086,0.0,0.0,0.0,0.0,0.0,0.0,0.0,-3.929981,-0.5097961,-0.8722559,2.315665,0.01778165,-3.332095,0.1631157,0.55576,-0.1276683,0.8051241,23.86373,68.91161,358.4792,0.5418203,0.003960581,-0.8404845,0.3866229,0.008440814,0.1052096,4.033943,-1.193158,-2.988807,0.3086998,-0.4007999,2.069,0.3496631,-0.02427127,-0.936561,0.3868841,0.9141881,0.1207509,0.8532621,-0.4045627,0.3290481,static,13.294110513070855,-8.768690396625287,8.486067811043153,-10.963359028665995,1.7182779999999998,-1.21093965,0.3432879999999998,0.2274017775995983,-0.14845186827572032,0.9624190850029837,13.520028540606475,-8.966002168531476,5.2716017555452055,5.2852478682636335,5.415735873684398
05/05/2023 11:40:41.242962,3226,True,True,True,True,Eyes,2.285416,0.01801811,-3.368688,0.8427615,-0.5307888,0.08953412,0.0,0.0,0.0,0.0,0.0,0.0,0.0,-3.938381,-0.4978946,-0.825599,2.32077,0.01674686,-3.32477,0.1632723,0.5499431,-0.1273899,0.809121,23.84904,68.05478,358.3355,0.5437334,0.004014446,-0.8392479,0.3634256,0.007934365,0.098897,4.033347,-1.194432,-2.954871,0.3086998,-0.4008002,2.069,0.3626688,-0.02656664,-0.9315394,0.3857285,0.914228,0.1240997,0.8483425,-0.4043284,0.3418095,static,13.828169051424858,-8.825170941533354,8.486067811043153,-10.963367035933274,1.712577,-1.21117886,0.3698990000000002,0.2363402020248041,-0.14907363938482993,0.9601668676221342,14.04216125010787,-9.024498431831894,5.734812039680374,5.754122713376455,5.884673802989256
05/05/2023 11:40:41.262592,3227,True,True,True,True,Eyes,2.287449,0.01769595,-3.366157,0.8422658,-0.5309103,0.09339454,0.0,0.0,0.0,0.0,0.0,0.0,0.0,-3.945199,-0.4869744,-0.7822508,2.325653,0.01571855,-3.31734,0.1637768,0.5444582,-0.1272866,0.8127366,23.8798,67.25831,358.2101,0.5455126,0.004055701,-0.8380923,0.34162,0.007458304,0.09296317,4.031733,-1.196981,-2.923197,0.3087001,-0.4008,2.069,0.3747268,-0.02856176,-0.9266953,0.3852403,0.9139506,0.1276103,0.8433089,-0.4048193,0.3534849,static,14.299228189399829,-8.828716779665767,8.486075937878136,-10.963361697755134,1.70608,-1.2126995500000002,0.39414300000000013,0.2442351069284046,-0.14883310168971134,0.9582264267815997,14.501454189668069,-9.031072281615867,6.169049278959777,6.192693115737005,6.31811031083117
05/05/2023 11:40:41.282831,3228,True,True,True,True,Eyes,2.289568,0.01734427,-3.363406,0.8416909,-0.5310896,0.0974689,0.0,0.0,0.0,0.0,0.0,0.0,0.0,-3.949771,-0.4761169,-0.744496,2.330197,0.01463055,-3.309323,0.1642739,0.5395425,-0.1270518,0.8159448,23.90219,66.55027,358.1152,0.5471755,0.004085007,-0.8370073,0.3211228,0.007010805,0.08738539,4.030389,-1.199191,-2.893772,0.3086998,-0.4008,2.069,0.3855034,-0.03006906,-0.9222164,0.3846,0.9137438,0.1309771,0.8387312,-0.4051766,0.3638159,static,14.67746536462788,-8.841534358264537,8.486067811043153,-10.963361697755134,1.7001920000000004,-1.2138215499999998,0.4155510000000002,0.25055673654715743,-0.14879936296925128,0.9565981351586277,14.870512425629897,-9.046051844669789,6.517449183218697,6.544887693852713,6.666124069462241
05/05/2023 11:40:41.293331,3229,True,True,True,True,Eyes,2.291731,0.01695964,-3.360394,0.8399166,-0.5330344,0.1020513,0.0,0.0,0.0,0.0,0.0,0.0,0.0,-3.953246,-0.4650959,-0.7100229,2.334419,0.01357839,-3.301349,0.1652663,0.5349473,-0.1269081,0.8187874,23.97978,65.90345,358.0554,0.5487382,0.004102848,-0.8359836,0.3018554,0.006590157,0.08214226,4.02802,-1.202859,-2.866962,0.3086997,-0.4007999,2.069,0.3954513,-0.03100401,-0.9179635,0.384639,0.9131628,0.1348575,0.834069,-0.4064142,0.3730368,static,14.945961320541121,-8.91943121538781,8.486065102098083,-10.963359028665995,1.6936009999999997,-1.2164373899999998,0.4343870000000001,0.25499307420597356,-0.14992007999851356,0.955249986176831,15.134346939879391,-9.123624777533292,6.743607560740757,6.775536883446714,6.89813550964053
05/05/2023 11:40:41.312777,3230,True,True,True,True,Eyes,2.293963,0.01656147,-3.357152,0.8381313,-0.5349205,0.106752,0.0,0.0,0.0,0.0,0.0,0.0,0.0,-3.956187,-0.450404,-0.6763747,2.338314,0.01264018,-3.293006,0.1669715,0.5303285,-0.126543,0.8214982,24.11392,65.27632,358.0656,0.5502145,0.004109575,-0.8350127,0.2837441,0.006194748,0.07721373,4.024518,-1.207781,-2.841358,0.3087,-0.4008001,2.069,0.4054771,-0.03081016,-0.9135859,0.3850091,0.9122148,0.1401148,0.8290696,-0.4085523,0.3817444,static,15.175192712514825,-8.952659078702975,8.48607322893318,-10.963364366844228,1.6862039999999996,-1.22042118,0.45164800000000005,0.25879706062347085,-0.15031668058496556,0.954164023538149,15.358701639883298,-9.157475101820596,6.949748270808464,6.984787414187405,7.105931136207721
05/05/2023 11:40:41.333017,3231,True,True,True,True,Eyes,2.296304,0.01613972,-3.353805,0.8363382,-0.5367412,0.1115675,0.0,0.0,0.0,0.0,0.0,0.0,0.0,-3.958191,-0.4319139,-0.6472161,2.342242,0.01192404,-3.284278,0.1681849,0.5261151,-0.1253318,0.8241413,24.14795,64.70884,358.1403,0.551617,0.004105978,-0.8340868,0.2667195,0.005823063,0.0725809,4.023605,-1.209168,-2.816678,0.3087002,-0.4008,2.069,0.4149897,-0.029613,-0.909344,0.3835515,0.9120115,0.1453383,0.8250283,-0.4090942,0.3898335,static,15.343717088119032,-9.091964116164592,8.486078646823053,-10.963361697755134,1.6813629999999997,-1.22109204,0.4676,0.2615130955538688,-0.15252048622240777,0.9530731397690547,15.526737113558289,-9.2941342706389,7.067754516352607,7.108398828141487,7.235826963702742
05/05/2023 11:40:41.347625,3232,True,True,True,True,Eyes,2.298693,0.01573193,-3.35021,0.8345615,-0.5384519,0.1165191,0.0,0.0,0.0,0.0,0.0,0.0,0.0,-3.960008,-0.4041567,-0.6198854,2.345755,0.01101084,-3.275144,0.1690848,0.5219555,-0.122759,0.8269845,24.06736,64.16161,358.335,0.5529563,0.004092505,-0.8331996,0.2507163,0.005473679,0.06822605,4.025097,-1.206741,-2.791836,0.3087001,-0.4008,2.069,0.4249855,-0.0265302,-0.9048114,0.379549,0.9126812,0.1515114,0.8217847,-0.4078104,0.3979457,static,15.476566026471833,-9.368188430522949,8.486075937878136,-10.963361697755134,1.6793419999999997,-1.21775184,0.48330800000000007,0.2635339761247541,-0.15702398988037464,0.951784301504598,15.663685912611756,-9.563777159966609,7.119556171435223,7.170183361059808,7.312791657623802
05/05/2023 11:40:41.362824,3233,True,True,True,True,Eyes,2.301116,0.01530359,-3.346351,0.8328824,-0.5399142,0.1216538,0.0,0.0,0.0,0.0,0.0,0.0,0.0,-3.962395,-0.3723571,-0.5870869,2.349273,0.01092805,-3.265684,0.1705502,0.5170958,-0.1199167,0.8301474,24.02783,63.53395,358.5749,0.5542421,0.004070503,-0.8323449,0.2356734,0.005145259,0.06413248,4.025189,-1.204497,-2.764941,0.3086998,-0.4008002,2.069,0.4364639,-0.02271555,-0.8994349,0.3754785,0.9130653,0.1591466,0.8176277,-0.4071803,0.4070492,static,15.657343104047476,-9.608616874649037,8.486067811043153,-10.963367035933274,1.675916,-1.21542505,0.5007429999999999,0.2663678549136407,-0.1608865678612105,0.950349283577562,15.846391154925978,-9.798909064285239,7.237136127216848,7.298118752634401,7.451867020703007
05/05/2023 11:40:41.372712,3234,True,True,True,True,Eyes,2.303572,0.01485989,-3.342259,0.831271,-0.5411789,0.126941,0.0,0.0,0.0,0.0,0.0,0.0,0.0,-3.964653,-0.3331143,-0.5548773,2.352749,0.009954687,-3.25604,0.1699105,0.5122765,-0.1153073,0.833911,23.67317,62.88628,358.8595,0.555484,0.004040322,-0.8315167,0.221533,0.004836543,0.06028453,4.031021,-1.193416,-2.7345,0.3087001,-0.4007998,2.069001,0.448554,-0.01822969,-0.8935699,0.3663943,0.9156693,0.1652421,0.8152022,-0.4015189,0.4174064,static,15.859683176158601,-10.166730706314182,8.486071896064805,-10.963351189108344,1.6782719999999998,-1.203370687,0.5215399999999999,0.26930492169428166,-0.16999194941687906,0.9479333789944817,16.05867906089425,-10.343286842088226,7.3309932917161245,7.416518556811792,7.597950978209304
05/05/2023 11:40:41.393032,3235,True,True,True,True,Eyes,2.306066,0.01440706,-3.337919,0.8297224,-0.542259,0.1323479,0.0,0.0,0.0,0.0,0.0,0.0,0.0,-3.966207,-0.2939599,-0.522254,2.35597,0.009112906,-3.246425,0.170427,0.5073366,-0.1111639,0.8373811,23.46693,62.24824,359.1726,0.5566896,0.00400241,-0.8307103,0.208241,0.00454635,0.05666746,4.033768,-1.186504,-2.705875,0.3087001,-0.4008,2.069,0.4605043,-0.01324537,-0.8875587,0.3591008,0.9171944,0.1726296,0.8117774,-0.3982197,0.4271284,static,16.030252424739317,-10.571531504174251,8.486075937878136,-10.963361697755134,1.6777980000000001,-1.195616906,0.5405500000000001,0.2718068087814337,-0.1765559001382644,0.9460175070280623,16.235863884550213,-10.73828276555283,7.448266971560133,7.554345091767435,7.753055768153944
05/05/2023 11:40:41.412880,3236,True,True,True,True,Eyes,2.308585,0.0139306,-3.333349,0.8283154,-0.5430344,0.1378663,0.0,0.0,0.0,0.0,0.0,0.0,0.0,-3.966145,-0.2579445,-0.4946654,2.359456,0.008411739,-3.236423,0.170305,0.5029759,-0.1069758,0.8405759,23.1987,61.68106,359.4687,0.5578663,0.003957315,-0.8299208,0.1957465,0.004273569,0.05326742,4.038267,-1.177619,-2.67819,0.3087,-0.4007998,2.069,0.471143,-0.008523962,-0.8820156,0.3511611,0.9191048,0.1786961,0.8091416,-0.393921,0.4360231,static,16.141427050250083,-11.003133930950986,8.48607322893318,-10.963356359576805,1.678811,-1.186030739,0.558233,0.27328351983830645,-0.18359720686257924,0.9442499994986789,16.355872095478325,-11.158962379442253,7.5264617560931235,7.655457163666697,7.872229411982533
05/05/2023 11:40:41.432716,3237,True,True,True,True,Eyes,2.311103,0.01339496,-3.328547,0.8268947,-0.5437548,0.1434429,0.0,0.0,0.0,0.0,0.0,0.0,0.0,-3.964971,-0.2208372,-0.4709986,2.362601,0.007314511,-3.2264,0.1691196,0.4991092,-0.1021159,0.8437186,22.78738,61.16984,359.7827,0.5590196,0.003905199,-0.8291447,0.1840017,0.004017155,0.05007137,4.045418,-1.164629,-2.650749,0.3087002,-0.4008002,2.069,0.4809248,-0.003495833,-0.8767549,0.3411323,0.9219418,0.1834447,0.8076758,-0.3873125,0.4445772,static,16.203675695872434,-11.570958168189735,8.486078646823053,-10.963367035933274,1.6828169999999996,-1.1719435109999998,0.5756510000000001,0.2738107890489532,-0.1929158695387821,0.9422372907352081,16.431857952932383,-11.711859219672062,7.581037064428216,7.741477326421127,7.980955414642618
05/05/2023 11:40:41.442833,3238,True,True,True,True,Eyes,2.313626,0.01284997,-3.32352,0.8254544,-0.5444306,0.1490646,0.0,0.0,0.0,0.0,0.0,0.0,0.0,-3.963282,-0.180871,-0.4463472,2.365246,0.005361475,-3.216384,0.1698226,0.4949435,-0.09780949,0.8465369,22.60292,60.65806,0.1555602,0.5601549,0.003845279,-0.8283784,0.1729616,0.003776126,0.04706709,4.048086,-1.159083,-2.625776,0.3087,-0.4007999,2.069001,0.4909285,0.002506452,-0.8711962,0.3337038,0.9231872,0.1907018,0.8047553,-0.3843424,0.4523826,static,16.235523113320557,-11.925274791415594,8.486069187121103,-10.963353858196337,1.6828399999999997,-1.164444475,0.590608,0.27401002126637736,-0.19872719632576719,0.9409707271509458,16.472453397018647,-12.056814909293157,7.6277477402329055,7.8089261768858815,8.060892619205802
05/05/2023 11:40:41.462875,3239,True,True,True,True,Eyes,2.316156,0.01244271,-3.318232,0.823856,-0.5452501,0.1548023,0.0,0.0,0.0,0.0,0.0,0.0,0.0,-3.960903,-0.1471643,-0.4185059,2.367913,0.004592173,-3.206014,0.1717416,0.4904142,-0.09477175,0.8491273,22.61989,60.11038,0.4656892,0.5612767,0.003778123,-0.8276191,0.1625839,0.003549558,0.04424306,4.04637,-1.158819,-2.601069,0.3087001,-0.4007999,2.069,0.5010245,0.007502528,-0.8654005,0.3293956,0.9230463,0.1987062,0.8002955,-0.3846158,0.4599975,static,16.286939018899332,-12.075793476445345,8.486075937878136,-10.963359028665995,1.6784569999999994,-1.163411173,0.6049450000000003,0.2747153283832544,-0.20115640821111577,0.9402487544039526,16.52663156058099,-12.203608181654234,7.6888320340186596,7.879782687958194,8.135647035317263
05/05/2023 11:40:41.482685,3240,True,True,True,True,Eyes,2.318715,0.01205628,-3.312721,0.822403,-0.545745,0.1606732,0.0,0.0,0.0,0.0,0.0,0.0,0.0,-3.957881,-0.1335577,-0.3861194,2.371083,0.007559385,-3.195256,0.173701,0.4857155,-0.09404983,0.8515064,22.77901,59.50981,0.5325956,0.5623898,0.003707842,-0.8268636,0.1528289,0.003336585,0.04158848,4.040674,-1.160389,-2.574723,0.3086997,-0.4008,2.069,0.5104702,0.008570434,-0.8598526,0.3289065,0.9219652,0.204452,0.7945065,-0.3871778,0.4678169,static,16.42023360943334,-12.00224633361229,8.486065102098083,-10.963361697755134,1.669591,-1.1679483849999999,0.620533,0.2769796568685779,-0.19981417638876692,0.9398705981289568,16.654587318249266,-12.132931906217111,7.81279022580266,8.001894225082623,8.251827050312993
05/05/2023 11:40:41.493283,3241,True,True,True,True,Eyes,2.321243,0.01162518,-3.307071,0.8207096,-0.5465375,0.1665308,0.0,0.0,0.0,0.0,0.0,0.0,0.0,-3.953429,-0.1228753,-0.3656105,2.374354,0.007608648,-3.184456,0.1700846,0.482747,-0.09132818,0.8542165,22.25659,59.04427,0.5068868,0.563498,0.003635263,-0.8261091,0.1436592,0.00313639,0.03909317,4.04778,-1.144433,-2.544812,0.3086999,-0.4008001,2.069,0.517229,0.008187634,-0.8558078,0.3202437,0.9254608,0.2024014,0.7936738,-0.378755,0.4760531,static,16.48623605121428,-12.58106846344035,8.486070519988186,-10.963364366844228,1.6734260000000005,-1.152041648,0.6396440000000001,0.27750165470293553,-0.20926589264462178,0.9376569797105081,16.734528876042372,-12.696554415866805,7.936556935202572,8.162083990695145,8.428583095490666
05/05/2023 11:40:41.512807,3242,True,True,True,True,Eyes,2.384124,0.00369893,-3.160826,0.7602074,-0.5731848,0.3058495,0.0,0.0,0.0,0.0,0.0,0.0,0.0,-3.948943,-0.09776849,-0.3445636,2.375689,0.006158538,-3.174665,0.1737481,0.4790011,-0.09014227,0.8557127,22.56388,58.62823,0.755689,0.5646029,0.003559519,-0.8253548,0.1350396,0.002948206,0.03674758,4.040473,-1.154072,-2.527318,0.3086996,-0.4007999,2.069001,0.5248647,0.0121793,-0.8510985,0.3207228,0.9233719,0.2110004,0.7884504,-0.3837133,0.4807392,static,7.761728208929579,-12.876733746440019,8.486058351345907,-10.963353858196337,1.6647840000000005,-1.160230538,0.6473469999999999,0.13171706349809914,-0.22091262548387997,0.9663582408720415,8.237682557778767,-12.926375943002352,2.043389721928267,2.045892654062833,1.978672848215758
05/05/2023 11:40:41.532952,3243,True,True,True,True,Eyes,2.38424,0.003767163,-3.160371,0.7601247,-0.573064,0.3062812,0.0,0.0,0.0,0.0,0.0,0.0,0.0,-3.944674,-0.07488322,-0.3160781,2.377996,0.008700859,-3.164021,0.1830408,0.4738542,-0.09141317,0.8565058,23.58968,58.1267,1.055243,0.5689574,0.003271803,-0.8223602,0.3155795,-0.02100742,0.4732777,4.020824,-1.181315,-2.514653,0.3087001,-0.4008001,2.069,0.5342118,0.01687746,-0.8451822,0.330061,0.9162794,0.226918,0.7782528,-0.400184,0.4839167,static,8.077215586519651,-11.926829494551356,8.486075937878136,-10.963364366844228,1.6428280000000002,-1.1900158589999998,0.649368,0.13753229377727,-0.20469851691659746,0.969114784976495,8.51962263698342,-12.004226202583022,1.0455613404625757,1.0466287972441304,1.041402296002074
05/05/2023 11:40:41.542678,3244,True,True,True,True,Eyes,2.384417,0.003859857,-3.159534,0.7598976,-0.5729772,0.3070062,0.0,0.0,0.0,0.0,0.0,0.0,0.0,-3.940211,-0.05230206,-0.2881036,2.381084,0.01038354,-3.152988,0.1802541,0.4698013,-0.08739447,0.8597427,23.08276,57.55114,1.189282,0.5725819,0.003028134,-0.8198416,0.2966447,-0.01974698,0.444881,4.026874,-1.163527,-2.482162,0.3086995,-0.4008002,2.069,0.5432981,0.01909368,-0.8393227,0.3196407,0.9197413,0.2278282,0.7763098,-0.3920603,0.4935905,static,8.491278661532158,-12.49854584793596,8.486059684207827,-10.963367035933274,1.6457900000000003,-1.17391054,0.6708259999999999,0.14423323594516524,-0.21415194608233526,0.9660930383156557,8.938668767341822,-12.563243050329394,1.519586898280213,1.5351876831665532,1.6626660048173865
05/05/2023 11:40:41.562985,3245,True,True,True,True,Eyes,2.384674,0.004066525,-3.158248,0.7603644,-0.5713179,0.3089368,0.0,0.0,0.0,0.0,0.0,0.0,0.0,-3.935941,-0.02708393,-0.2529938,2.382761,0.01107264,-3.14304,0.1819772,0.4646021,-0.08541796,0.8623997,23.15655,56.90342,1.356447,0.5756173,0.00282206,-0.817714,0.2788461,-0.01856216,0.4181882,4.020527,-1.164238,-2.455242,0.3087,-0.4008,2.069001,0.5536975,0.02176507,-0.8324335,0.3164227,0.9191762,0.2345033,0.770257,-0.3932447,0.5020586,static,8.912891662531003,-12.390430246939008,8.486069187121103,-10.963356527284281,1.6377660000000005,-1.1753106400000002,0.6877979999999999,0.15140770146763305,-0.2120984915976213,0.9654481072747056,9.346751039474583,-12.46084417856017,1.460321665592911,1.489535775617428,1.7272065645702
05/05/2023 11:40:41.584261,3246,True,True,True,True,Eyes,2.385038,0.004334102,-3.156587,0.760907,-0.5692927,0.3113299,0.0,0.0,0.0,0.0,0.0,0.0,0.0,-3.931543,-0.007105291,-0.2150679,2.385736,0.01372559,-3.132317,0.1850009,0.4588983,-0.08452499,0.8648945,23.42756,56.2047,1.472754,0.578343,0.002642729,-0.8157891,0.2621153,-0.01744843,0.3930969,4.011014,-1.169245,-2.428221,0.3087,-0.4008002,2.069,0.5645358,0.02358283,-0.8250716,0.3160036,0.9172603,0.2424358,0.7625228,-0.3975893,0.510374,static,9.367375437001497,-12.059628811616601,8.48607322893318,-10.963367035933274,1.6252780000000002,-1.18297059,0.7040959999999998,0.15926419414740256,-0.20626277219194072,0.9654483584462581,9.780874260863708,-12.141993477459987,1.365355244998781,1.4065857466825316,1.7509054803027735
05/05/2023 11:40:41.602986,3247,True,True,True,True,Eyes,2.385652,0.004592827,-3.15488,0.7612791,-0.5672768,0.3140877,0.0,0.0,0.0,0.0,0.0,0.0,0.0,-3.926689,0.01168042,-0.1800324,2.388708,0.01536037,-3.121742,0.1798309,0.4543319,-0.08004513,0.8688132,22.65696,55.51571,1.509966,0.5808174,0.00248809,-0.8140298,0.2463884,-0.01640152,0.369511,4.018597,-1.143879,-2.389399,0.3086998,-0.4007999,2.069,0.5743507,0.02431729,-0.8182482,0.3024943,0.9225073,0.2397448,0.7606698,-0.3852129,0.5224869,static,9.819005514168746,-12.756830169563875,8.486067811043153,-10.963359028665995,1.629889,-1.15923937,0.7323429999999997,0.16644488678955782,-0.2177335104167805,0.9617110466816619,10.239923642859754,-12.823354382361478,2.1668928235673253,2.234560729460552,2.556480587558976
05/05/2023 11:40:41.617969,3248,True,True,True,True,Eyes,2.386344,0.004836883,-3.152838,0.7614965,-0.5653105,0.3170915,0.0,0.0,0.0,0.0,0.0,0.0,0.0,-3.921643,0.03509939,-0.145386,2.390688,0.01530852,-3.112238,0.1806461,0.4491928,-0.07794577,0.8715031,22.63706,54.86371,1.640942,0.5830708,0.002355476,-0.8124177,0.2316051,-0.01541743,0.3473404,4.013213,-1.142647,-2.361736,0.3087001,-0.4007999,2.069001,0.5843006,0.02642987,-0.8111069,0.2981497,0.9225829,0.2448418,0.7547845,-0.3848925,0.5311857,static,10.196217008161426,-12.719668225456232,8.486071896064805,-10.963353858196337,1.6225250000000004,-1.15795552,0.750502,0.1728068210617995,-0.21686859511519935,0.9607839066835085,10.606634915611846,-12.789697855083086,2.371369666967051,2.4513744024672137,2.79862822018837
05/05/2023 11:40:41.633075,3249,True,True,True,True,Eyes,2.387033,0.005066365,-3.15039,0.761604,-0.5632643,0.3204574,0.0,0.0,0.0,0.0,0.0,0.0,0.0,-3.91606,0.06086093,-0.1107602,2.393036,0.01515362,-3.102362,0.1825743,0.4438049,-0.07604112,0.874026,22.74586,54.2044,1.810131,0.5851315,0.002242319,-0.810935,0.2177088,-0.01449239,0.3264999,4.006003,-1.145266,-2.33525,0.3087,-0.4008,2.069,0.5945098,0.02913089,-0.8035604,0.2949786,0.9217688,0.2516545,0.7480278,-0.3866442,0.5394077,static,10.550583125262676,-12.556597420749066,8.48607322893318,-10.963361697755134,1.6129669999999998,-1.1604196199999999,0.767112,0.17886579217097065,-0.21389796624696342,0.9603410634309639,10.947682431513815,-12.633382491121797,2.520656384898729,2.607796230740896,2.9746410399419103
05/05/2023 11:40:41.642943,3250,True,True,True,True,Eyes,2.387781,0.005316811,-3.147633,0.7614846,-0.5613258,0.3241211,0.0,0.0,0.0,0.0,0.0,0.0,0.0,-3.910148,0.08218819,-0.07312727,2.395339,0.01495959,-3.092489,0.181585,0.4384346,-0.07343709,0.8771597,22.5167,53.49029,1.885509,0.5870246,0.002146316,-0.809566,0.2046462,-0.01362284,0.3069099,4.002776,-1.138033,-2.302898,0.3086999,-0.4007999,2.069,0.6047642,0.03039417,-0.7958243,0.2880583,0.9232678,0.2541633,0.742484,-0.3829527,0.5496041,static,10.954064327735324,-12.729426796391031,8.486070519988186,-10.963359028665995,1.607437,-1.15299259,0.7895910000000002,0.18551416585799385,-0.2165223203288698,0.9584897058985165,11.345661858502082,-12.804218417537898,2.931247432834514,3.034796335057019,3.400886048208839
05/05/2023 11:40:41.662659,3251,True,True,True,True,Eyes,2.388665,0.005589388,-3.14462,0.7612125,-0.5593169,0.3282074,0.0,0.0,0.0,0.0,0.0,0.0,0.0,-3.9039,0.09183091,-0.02985179,2.39751,0.01572148,-3.082443,0.1817677,0.4324906,-0.07303216,0.8801016,22.52705,52.69423,1.778909,0.5887721,0.002066294,-0.8082963,0.1923675,-0.01280547,0.2884954,3.993034,-1.138141,-2.270282,0.3087003,-0.4008001,2.069,0.6152363,0.02867426,-0.7878212,0.2857772,0.9232537,0.2567767,0.7347215,-0.3831196,0.5598247,static,11.439842949727986,-12.633954456566265,8.486081355767933,-10.963364366844228,1.5955240000000002,-1.1538624800000001,0.8121610000000001,0.19371900833358668,-0.21457831358641052,0.9573030112484155,11.816634769795229,-12.714546750905786,3.2796275072048484,3.39346118319201,3.762874670506101
05/05/2023 11:40:41.682795,3252,True,True,True,True,Eyes,2.38961,0.00581497,-3.141329,0.7609317,-0.5570732,0.3326445,0.0,0.0,0.0,0.0,0.0,0.0,0.0,-3.897633,0.09512186,0.01226091,2.400589,0.01643355,-3.072074,0.1778582,0.4270814,-0.07144825,0.8836647,22.04672,51.89852,1.585612,0.5903938,0.002001241,-0.8071126,0.1808254,-0.01203714,0.2711856,3.991108,-1.123625,-2.231114,0.3086997,-0.4008,2.069001,0.6249933,0.02564728,-0.7802088,0.2781925,0.9265232,0.2533056,0.7293782,-0.3753625,0.5719359,static,11.936898097118174,-12.992202723027527,8.486061060289764,-10.963356527284281,1.590519,-1.14005855,0.8409600000000004,0.20175771763879619,-0.22019516039076217,0.9543625518203498,12.310829488782714,-13.066412869281136,3.8630821938397464,4.003060471780126,4.364825255289108
05/05/2023 11:40:41.693236,3253,True,True,True,True,Eyes,2.3906,0.0059966,-3.13778,0.7603696,-0.5551206,0.3371633,0.0,0.0,0.0,0.0,0.0,0.0,0.0,-3.890812,0.1048996,0.0485059,2.402964,0.01546549,-3.062238,0.1735036,0.4222871,-0.06879129,0.8870389,21.46349,51.20073,1.508252,0.5919073,0.001948477,-0.8060033,0.1699759,-0.01131492,0.2549145,3.991641,-1.106912,-2.194442,0.3087001,-0.4007999,2.069,0.6338828,0.02449561,-0.7730412,0.2685777,0.9303285,0.2497095,0.7252991,-0.3659082,0.5831403,static,12.319778272686749,-13.48079029476384,8.486075937878136,-10.963359028665995,1.5886770000000001,-1.1223774899999999,0.8677959999999998,0.20774610793255793,-0.22803331428936646,0.9512319707771025,12.69723734886024,-13.54433993365327,4.41711085045144,4.5863638943550935,4.939164186505012
05/05/2023 11:40:41.717848,3254,True,True,True,True,Eyes,2.391638,0.006160539,-3.133977,0.7596141,-0.5533216,0.3417919,0.0,0.0,0.0,0.0,0.0,0.0,0.0,-3.883649,0.1224906,0.08191526,2.405156,0.01463377,-3.052778,0.1751321,0.4170813,-0.06790608,0.8892474,21.59949,50.55339,1.560368,0.5933275,0.001905679,-0.8049586,0.1597773,-0.01063602,0.2396196,3.982176,-1.111701,-2.168993,0.3086997,-0.4008001,2.069,0.6428639,0.02531807,-0.7655618,0.2668592,0.929435,0.2548268,0.7179918,-0.3681162,0.5907439,static,12.604831736606672,-13.280776603113205,8.486065102098083,-10.963364366844228,1.57702,-1.1263347700000002,0.883785,0.2126567129989274,-0.22446875541445335,0.9509947303272286,12.969721847685918,-13.351620079032884,4.555979597827366,4.725953666970338,5.080053460255811
05/05/2023 11:40:41.733084,3255,True,True,True,True,Eyes,2.392714,0.006325189,-3.129953,0.7585174,-0.5519094,0.3464784,0.0,0.0,0.0,0.0,0.0,0.0,0.0,-3.875875,0.140397,0.113498,2.40733,0.01438265,-3.042952,0.1767761,0.4120347,-0.0668483,0.8913523,21.72963,49.93207,1.635014,0.594668,0.001871405,-0.803969,0.1501907,-0.00999786,0.2252425,3.973159,-1.115603,-2.144058,0.3087001,-0.4008,2.069,0.6515174,0.026505,-0.7581706,0.2648466,0.9285631,0.2600519,0.7109019,-0.3702272,0.5979552,static,12.849616907626725,-13.114006764335198,8.486075937878136,-10.963361697755134,1.565829,-1.1299856499999998,0.8988940000000003,0.21686923308430694,-0.22148957562100927,0.9507418246876118,13.203848081376282,-13.190978932604454,4.694984207855606,4.864747064039365,5.217245685509244
05/05/2023 11:40:41.742732,3256,True,True,True,True,Eyes,2.393825,0.00650372,-3.125695,0.7571672,-0.5507269,0.3512804,0.0,0.0,0.0,0.0,0.0,0.0,0.0,-3.867649,0.158439,0.1500204,2.409177,0.01462169,-3.033474,0.1791109,0.406368,-0.06620597,0.893533,21.95579,49.23762,1.683985,0.5959402,0.001844839,-0.8030265,0.1411792,-0.009397988,0.2117279,3.960904,-1.122116,-2.118777,0.3087,-0.4008,2.069,0.6609635,0.0272555,-0.7499229,0.2638844,0.9270721,0.266275,0.7024901,-0.3738911,0.6055685,static,13.146838952527519,-12.872474746171727,8.48607322893318,-10.963361697755134,1.551727,-1.13673769,0.9146969999999999,0.2220165444863184,-0.21722184423110963,0.9505385478384347,13.487075690241724,-12.95794309540186,4.869996793182328,5.036610940093186,5.38408586204311
05/05/2023 11:40:41.763193,3257,True,True,True,True,Eyes,2.394979,0.006667184,-3.121236,0.7555404,-0.5497907,0.3562149,0.0,0.0,0.0,0.0,0.0,0.0,0.0,-3.858913,0.1736367,0.1876591,2.411112,0.01516864,-3.02372,0.1817011,0.4005295,-0.0660934,0.895652,22.23626,48.5182,1.681419,0.5971546,0.001825567,-0.8021238,0.1327085,-0.008834109,0.1990242,3.947031,-1.130245,-2.093302,0.3086995,-0.4008002,2.069,0.6704155,0.02715996,-0.7414886,0.2639467,0.9252327,0.2725372,0.6934516,-0.3784266,0.6131216,static,13.459877583826325,-12.585244043606483,8.486059684207827,-10.963367035933274,1.5359189999999998,-1.14541364,0.930418,0.22746449228979826,-0.21218017858122384,0.9503892052129191,13.784489879746781,-12.680548044783649,5.071147808180559,5.231572376120239,5.569746237859975
05/05/2023 11:40:41.782629,3258,True,True,True,True,Eyes,2.396142,0.006803964,-3.116581,0.7536414,-0.5491225,0.361233,0.0,0.0,0.0,0.0,0.0,0.0,0.0,-3.849856,0.1887848,0.225917,2.413014,0.01498987,-3.014167,0.1824429,0.3947821,-0.0651645,0.8981177,22.28178,47.78662,1.672033,0.5983201,0.001812498,-0.8012548,0.124746,-0.008304062,0.1870828,3.936196,-1.131876,-2.064792,0.3086998,-0.4008,2.069,0.6798014,0.02699961,-0.7328991,0.2611011,0.9249363,0.2762588,0.6853439,-0.3791619,0.6217234,static,13.776283072596105,-12.550552000700705,8.486067811043153,-10.963361697755134,1.5231819999999998,-1.14686587,0.9493749999999999,0.2327530611795135,-0.21133295109233452,0.9492968747359176,14.091992878996582,-12.648891460498941,5.357372521412658,5.523183010849108,5.853836899726866
05/05/2023 11:40:41.793259,3259,True,True,True,True,Eyes,2.397341,0.006927721,-3.111742,0.751376,-0.5488267,0.3663649,0.0,0.0,0.0,0.0,0.0,0.0,0.0,-3.840183,0.2050955,0.2643988,2.41439,0.01453566,-3.00491,0.1857093,0.3887175,-0.06546535,0.9000695,22.65601,47.04666,1.647401,0.5994446,0.00180434,-0.8004139,0.1172612,-0.007805819,0.1758578,3.91952,-1.143968,-2.040985,0.3086998,-0.4008003,2.069,0.689226,0.02653019,-0.7240605,0.2622236,0.9224527,0.2834075,0.6754304,-0.3851976,0.6288216,static,14.076867951905845,-12.209481529437266,8.486067811043153,-10.96336970502227,1.5051299999999999,-1.15850366,0.9639250000000001,0.23803704006985638,-0.20540757431541037,0.949287088255993,14.375815759407667,-12.319028576305021,5.573064814040657,5.727987508193184,6.043752300562261
05/05/2023 11:40:41.817799,3260,True,True,True,True,Eyes,2.398538,0.007051875,-3.106717,0.7488946,-0.548687,0.3716172,0.0,0.0,0.0,0.0,0.0,0.0,0.0,-3.830167,0.2193928,0.3024514,2.416081,0.01440263,-2.995351,0.1889916,0.3826467,-0.06602144,0.9019451,23.04449,46.30202,1.59035,0.6005348,0.001800283,-0.7995961,0.1102256,-0.00733747,0.1653063,3.90249,-1.15629,-2.017206,0.3086998,-0.4008002,2.069,0.6984453,0.02553862,-0.7152076,0.2637295,0.9198467,0.2903942,0.6652976,-0.3914458,0.6357273,static,14.373706748699684,-11.856366436376007,8.486067811043153,-10.963367035933274,1.4864089999999996,-1.17069263,0.978145,0.24326585448898314,-0.1992868726565606,0.9492662195825323,14.655662246148456,-11.97742162280655,5.812317237963569,5.9549760863835886,6.252375724381977
05/05/2023 11:40:41.822954,3261,True,True,True,True,Eyes,2.399718,0.00715408,-3.101497,0.7461358,-0.5487632,0.3770151,0.0,0.0,0.0,0.0,0.0,0.0,0.0,-3.819541,0.2319666,0.3420596,2.417286,0.01457141,-2.986004,0.1908348,0.3766135,-0.0660942,0.9040886,23.25643,45.54103,1.511347,0.6015971,0.00179994,-0.7987972,0.103612,-0.006897221,0.155388,3.88697,-1.162992,-1.990981,0.3086998,-0.4008,2.069,0.7075877,0.02423191,-0.7062099,0.2632519,0.9184273,0.2952791,0.6557577,-0.394847,0.6434888,static,14.674869651392402,-11.689229604484595,8.486067811043153,-10.963361697755134,1.469684,-1.17756341,0.995023,0.24840718412301754,-0.19625277016186343,0.9485667021479081,14.944736668601367,-11.816797263965949,6.091562528347429,6.231223991891968,6.514810486673108
05/05/2023 11:40:41.842942,3262,True,True,True,True,Eyes,2.400895,0.007229067,-3.096105,0.7431617,-0.5490055,0.3824967,0.0,0.0,0.0,0.0,0.0,0.0,0.0,-3.808439,0.2469116,0.3809286,2.418547,0.01422548,-2.976694,0.1936291,0.3704448,-0.06641072,0.9060177,23.5823,44.77827,1.445493,0.6026359,0.001802392,-0.7980139,0.0973953,-0.006483388,0.1460647,3.869693,-1.173585,-1.966753,0.3086998,-0.4008001,2.069,0.7167206,0.02311924,-0.6969771,0.2637964,0.9161947,0.3016598,0.645541,-0.4000658,0.6505569,static,14.959493427647864,-11.421771357874702,8.486067811043153,-10.963364366844228,1.451146,-1.18781048,1.0099410000000002,0.253355218574715,-0.19156876324627123,0.9482154918884644,15.214984450953011,-11.558452069950217,6.358630144383975,6.489636059374955,6.755179384830853
05/05/2023 11:40:41.863028,3263,True,True,True,True,Eyes,2.402079,0.007283468,-3.09057,0.7399095,-0.5494268,0.3881547,0.0,0.0,0.0,0.0,0.0,0.0,0.0,-3.79673,0.2622717,0.4193447,2.41969,0.0136851,-2.967273,0.1959243,0.3643283,-0.06642918,0.9080011,23.84118,44.01811,1.386128,0.6036559,0.001806677,-0.7972425,0.09155158,-0.006094385,0.1373008,3.853182,-1.182273,-1.941855,0.3086997,-0.4008,2.069,0.7257043,0.02212599,-0.687651,0.263397,0.9144017,0.3073948,0.6355907,-0.4042029,0.6577572,static,15.222931463708512,-11.231773432313496,8.486065102098083,-10.963361697755134,1.4334919999999998,-1.1959581,1.025418,0.25788384447622115,-0.18819011001820402,0.9476710152421464,15.466667778664558,-11.37533405639023,6.616372027261252,6.7422113014534615,6.992748740829059
05/05/2023 11:40:41.882773,3264,True,True,True,True,Eyes,2.40326,0.007326473,-3.084872,0.7364727,-0.549947,0.3939115,0.0,0.0,0.0,0.0,0.0,0.0,0.0,-3.784208,0.2810923,0.4589684,2.420679,0.01327837,-2.958045,0.1992134,0.3578524,-0.06654134,0.9098506,24.21317,43.22999,1.350347,0.6046616,0.001812096,-0.79648,0.08605848,-0.005728722,0.1290628,3.834354,-1.19409,-1.918581,0.3087001,-0.4008001,2.069,0.7350278,0.02149262,-0.6776963,0.2636634,0.9117725,0.3148849,0.6246725,-0.4101328,0.6645114,static,15.490367938939121,-10.945212638068359,8.486075937878136,-10.963364366844228,1.413675,-1.2073683700000002,1.0394639999999997,0.2625558381688494,-0.18320900180972904,0.9473641876205131,15.719646179098689,-11.098288407601132,6.888402308192449,7.0043155212614785,7.234828465931016
05/05/2023 11:40:41.893551,3265,True,True,True,True,Eyes,2.404436,0.007343323,-3.079019,0.7329427,-0.5503227,0.3999249,0.0,0.0,0.0,0.0,0.0,0.0,0.0,-3.770977,0.3002941,0.4989493,2.421811,0.01306952,-2.948569,0.2010075,0.3514331,-0.06575157,0.912013,24.38446,42.43734,1.34312,0.6056557,0.00181825,-0.7957243,0.08089498,-0.005384998,0.121319,3.818481,-1.199489,-1.892297,0.3087,-0.4007999,2.069,0.7443431,0.0213488,-0.667456,0.2612139,0.9105454,0.3204283,0.6145899,-0.4128574,0.6721815,static,15.746809216859159,-10.854888656887367,8.48607322893318,-10.963359028665995,1.3966699999999999,-1.21255852,1.056272,0.26687978392531275,-0.18149176741129924,0.94648609105073,15.967195469526368,-11.012105173731104,7.146078179758962,7.2615461788738385,7.481281051087224
05/05/2023 11:40:41.912878,3266,True,True,True,True,Eyes,2.405595,0.007343415,-3.07301,0.7292526,-0.550747,0.4060399,0.0,0.0,0.0,0.0,0.0,0.0,0.0,-3.756953,0.3209617,0.5386549,2.422734,0.0124622,-2.939058,0.2019069,0.3450818,-0.06429309,0.9143407,24.43093,41.65081,1.370583,0.6066416,0.001824406,-0.794973,0.07604128,-0.005061898,0.1140398,3.804303,-1.201354,-1.864527,0.3086999,-0.4008,2.069,0.7535699,0.02177724,-0.657007,0.2569203,0.9102,0.3248506,0.6050821,-0.413596,0.6803043,static,15.984588788504707,-10.899800548949134,8.486070519988186,-10.963361697755134,1.3815689999999998,-1.2138162000000001,1.0745310000000001,0.27077813911029425,-0.1820278848052488,0.9452751247869919,16.200198019293047,-11.057380560829433,7.377451322782721,7.498787651541651,7.714700423357038
05/05/2023 11:40:41.932849,3267,True,True,True,True,Eyes,2.406726,0.007325032,-3.06682,0.7254522,-0.5510525,0.4123836,0.0,0.0,0.0,0.0,0.0,0.0,0.0,-3.741255,0.3494042,0.5797732,2.42352,0.01205729,-2.929439,0.2035332,0.3382496,-0.06211037,0.9166809,24.52987,40.83368,1.50031,0.607622,0.001830143,-0.7942238,0.07147881,-0.004758184,0.1071975,3.78912,-1.204072,-1.837257,0.3086995,-0.4008,2.069,0.763459,0.02381927,-0.6454169,0.2515608,0.9094331,0.3311324,0.5948507,-0.4151676,0.688323,static,16.214654390987526,-10.916289325421385,8.486059684207827,-10.963361697755134,1.3656000000000001,-1.21612929,1.092182,0.2745680544190361,-0.18209649962834756,0.9441680115878202,16.424914750990695,-11.074949549230002,7.603038503474686,7.728738056752881,7.9396392625849685
05/05/2023 11:40:41.943049,3268,True,True,True,True,Eyes,2.407847,0.007278683,-3.060481,0.7215216,-0.5512946,0.4189042,0.0,0.0,0.0,0.0,0.0,0.0,0.0,-3.723533,0.3839896,0.6243904,2.42451,0.01159402,-2.919524,0.204365,0.3308512,-0.05864377,0.9194201,24.49409,39.95676,1.724939,0.6085995,0.001835037,-0.793475,0.06719008,-0.004472693,0.1007656,3.775235,-1.20232,-1.806576,0.3086999,-0.4008001,2.069,0.7741967,0.02739231,-0.632352,0.2430653,0.9095917,0.3369898,0.5844131,-0.4145993,0.6975448,static,16.468745643502483,-11.100629968692889,8.486070519988186,-10.963364366844228,1.3507249999999997,-1.21391402,1.112948,0.27860358290460696,-0.18490963825524545,0.9424374532595727,16.677576291763266,-11.255995085802251,7.84463975325088,7.9838552074185865,8.196731028080789
05/05/2023 11:40:41.962920,3269,True,True,True,True,Eyes,2.408983,0.007197398,-3.054014,0.7174568,-0.5514591,0.4256155,0.0,0.0,0.0,0.0,0.0,0.0,0.0,-3.704391,0.4204225,0.671032,2.425415,0.0108397,-2.909777,0.2047785,0.3231619,-0.05473579,0.9222996,24.40042,39.0467,1.975152,0.6095761,0.001838459,-0.7927249,0.06315868,-0.004204332,0.09471967,3.761231,-1.198982,-1.774601,0.3086999,-0.4008,2.069,0.7851408,0.0313876,-0.6185214,0.2333187,0.9101396,0.3423571,0.5736866,-0.4131112,0.7072644,static,16.733546736538013,-11.351506748741068,8.486070519988186,-10.963361697755134,1.335816,-1.2098217,1.135176,0.2827433791849448,-0.18879616180863582,0.9404318920010668,16.942471351873937,-11.501850257502396,8.099481956145617,8.256604660704054,8.473528483370828
05/05/2023 11:40:41.982771,3270,True,True,True,True,Eyes,2.437356,0.004399322,-2.888587,0.5976565,-0.5450712,0.5879661,0.0,0.0,0.0,0.0,0.0,0.0,0.0,-3.683745,0.460833,0.7172801,2.426329,0.009854659,-2.899942,0.2062881,0.3151848,-0.050872,0.9249411,24.43601,38.12414,2.261806,0.6105537,0.00183966,-0.7919722,0.05936915,-0.003952072,0.08903649,3.745175,-1.199565,-1.744673,0.3086997,-0.4008002,2.069,0.7961412,0.03593053,-0.6040432,0.2241449,0.9097145,0.3495405,0.5620661,-0.4136768,0.7162076,static,5.873726530970782,-9.043518931390004,8.486065102098083,-10.963367035933274,1.3188460000000002,-1.209419659,1.1552689999999999,0.10107735668159917,-0.15637961022476585,0.9825114886265257,6.293905238646492,-9.184198099907002,3.1687967414604343,3.241932996642253,2.8232971805760996
05/05/2023 11:40:41.993230,3271,True,True,True,True,Eyes,2.437393,0.004357499,-2.888174,0.5973219,-0.545041,0.5883338,0.0,0.0,0.0,0.0,0.0,0.0,0.0,-3.661804,0.502396,0.7634327,2.427435,0.008976903,-2.8899,0.2078219,0.3070723,-0.04679146,0.9275383,24.47287,37.19316,2.571231,0.6147411,0.001750751,-0.7887264,0.140926,-0.01210918,0.5799745,3.728972,-1.199951,-1.714659,0.3086996,-0.4008,2.069,0.8070344,0.04083094,-0.5890911,0.2144344,0.9092413,0.3567888,0.550194,-0.4142622,0.7250333,static,6.583721383267778,-9.125430760182532,8.486062393152974,-10.963361697755134,1.3015370000000002,-1.208927903,1.175241,0.11322249374242493,-0.15757647171476322,0.9809944579842043,6.9882294538605025,-9.268605314834648,2.5842967783365247,2.645163784943672,2.2617919248859417
05/05/2023 11:40:42.017627,3272,True,True,True,True,Eyes,2.437461,0.004262822,-2.887369,0.5966077,-0.5450805,0.5890217,0.0,0.0,0.0,0.0,0.0,0.0,0.0,-3.638582,0.5458079,0.8084462,2.428455,0.00790355,-2.879811,0.2094782,0.2989498,-0.04246628,0.930024,24.52121,36.27276,2.914364,0.6182061,0.001678689,-0.7860137,0.1324705,-0.01138262,0.545176,3.712686,-1.200693,-1.685347,0.3086996,-0.4008002,2.069,0.8176513,0.04625764,-0.5738524,0.2042362,0.908631,0.3642489,0.5382694,-0.41503,0.7334958,static,7.24972934753695,-9.21416969985267,8.486062393152974,-10.963367035933274,1.2842310000000001,-1.20859655,1.1944640000000002,0.12459140277786723,-0.1588776395770289,0.979405401377134,7.639858430391295,-9.359363504293187,2.0946339544257335,2.142010905722395,1.8135292873586133
05/05/2023 11:40:42.033023,3273,True,True,True,True,Eyes,2.437576,0.004113882,-2.886181,0.5957413,-0.5451751,0.5898106,0.0,0.0,0.0,0.0,0.0,0.0,0.0,-3.611828,0.599943,0.8553523,2.429267,0.006509971,-2.869752,0.212398,0.2900431,-0.0373689,0.9323978,24.693,35.29839,3.377285,0.6210907,0.001618604,-0.7837365,0.1245222,-0.01069967,0.5124655,3.694072,-1.204822,-1.657466,0.3086995,-0.4008,2.069,0.8289571,0.05352378,-0.5567452,0.1928945,0.9069813,0.3744016,0.5249969,-0.417756,0.7415242,static,7.93443347127923,-9.21950955328551,8.486059684207827,-10.963361697755134,1.264805,-1.2113319710000001,1.212286,0.13628990976332928,-0.1587223264593241,0.9778713686564833,8.307464902209858,-9.369099678753633,1.7975063527318451,1.8290193494223217,1.6042342351999739
05/05/2023 11:40:42.042781,3274,True,True,True,True,Eyes,2.43773,0.003921899,-2.884621,0.5944335,-0.5453389,0.5909774,0.0,0.0,0.0,0.0,0.0,0.0,0.0,-3.581182,0.6585436,0.9076767,2.430272,0.004999641,-2.8594,0.2151709,0.2801683,-0.03163274,0.9349902,24.84029,34.21645,3.88056,0.6235327,0.001565701,-0.7817951,0.1170509,-0.01005769,0.4817176,3.673663,-1.208093,-1.626889,0.3087001,-0.4007998,2.069,0.8410103,0.06141549,-0.537522,0.1797207,0.9054018,0.3846403,0.5102962,-0.4200903,0.7504146,static,8.667541840809259,-9.288229542960535,8.486075937878136,-10.963356359576805,1.243391,-1.213092641,1.232511,0.14876897139602147,-0.15960500937407543,0.9759067697370946,9.02396504899139,-9.440824718082148,1.671796175202369,1.6849272167288316,1.6147530136855672
05/05/2023 11:40:42.062954,3275,True,True,True,True,Eyes,2.437953,0.003688063,-2.88271,0.5927716,-0.5458866,0.59214,0.0,0.0,0.0,0.0,0.0,0.0,0.0,-3.547846,0.7157851,0.9641714,2.431396,0.003743462,-2.84912,0.2179578,0.2696247,-0.02617383,0.9376098,25.01357,33.04824,4.332059,0.6257485,0.001513028,-0.7800228,0.1100278,-0.009454225,0.4528145,3.650501,-1.212137,-1.59528,0.3087,-0.4007999,2.069,0.8532349,0.06845193,-0.517015,0.1666153,0.9036186,0.3946045,0.4941958,-0.4228329,0.7595939,static,9.462488338777066,-9.3815165762004,8.48607322893318,-10.963359028665995,1.2191050000000003,-1.215880462,1.25384,0.16226122641821192,-0.16084749519551553,0.9735499510126364,9.801408335600518,-9.536863180404564,1.8581448843450756,1.8589276508659,1.9403599789571722
05/05/2023 11:40:42.083376,3276,True,True,True,True,Eyes,2.438245,0.003412609,-2.880437,0.5906889,-0.5464587,0.5936914,0.0,0.0,0.0,0.0,0.0,0.0,0.0,-3.512698,0.7700861,1.022311,2.432874,0.002432335,-2.838718,0.2204685,0.2587732,-0.0210086,0.9402069,25.17883,31.83356,4.728253,0.6277673,0.001459459,-0.7783992,0.1034262,-0.008886972,0.4256456,3.626003,-1.216268,-1.562822,0.3087001,-0.4007999,2.069,0.8651902,0.07459782,-0.4958641,0.1536075,0.9019045,0.403699,0.4773371,-0.4254449,0.7688602,static,10.2690868578278,-9.498387754154026,8.486075937878136,-10.963359028665995,1.1931289999999999,-1.2187003349999999,1.2758960000000001,0.17590342132461367,-0.1624467660800948,0.9709114276695243,10.590845901952825,-9.655925913955047,2.307153221337228,2.3076543882923564,2.477788923841928
05/05/2023 11:40:42.093457,3277,True,True,True,True,Eyes,2.438608,0.003083694,-2.877825,0.5882624,-0.5474076,0.5952245,0.0,0.0,0.0,0.0,0.0,0.0,0.0,-3.479742,0.8097503,1.077812,2.434837,0.001142435,-2.827994,0.2218058,0.2486307,-0.01722859,0.9427025,25.26218,30.65654,4.935902,0.6296154,0.001403977,-0.7769052,0.09722061,-0.008353753,0.4001069,3.602034,-1.21893,-1.529621,0.3087,-0.4007999,2.069,0.8757719,0.07781261,-0.4764125,0.1427784,0.9010107,0.4096267,0.4611269,-0.4267609,0.7779699,static,11.04945230579628,-9.697451232906912,8.48607322893318,-10.963359028665995,1.1671970000000003,-1.220072435,1.298373,0.1890161091040027,-0.16540912421912501,0.9679424927732101,11.356926322091395,-9.854786498622929,2.8497881477590368,2.8589219714891025,3.077455204688149
05/05/2023 11:40:42.112872,3278,True,True,True,True,Eyes,2.439044,0.002694721,-2.874875,0.5855292,-0.5483694,0.5970315,0.0,0.0,0.0,0.0,0.0,0.0,0.0,-3.450598,0.8362074,1.127048,2.43689,-0.0004563518,-2.817386,0.2230369,0.2395607,-0.01531115,0.9447916,25.39033,29.57148,4.948619,0.6313158,0.001345371,-0.7755243,0.09138737,-0.007852528,0.3761005,3.57803,-1.224287,-1.499533,0.3087,-0.4008001,2.069001,0.8847525,0.07793009,-0.4594997,0.1357934,0.9000401,0.4141109,0.4458399,-0.4287827,0.7857304,static,11.761253113809843,-9.804148856419506,8.486069187121103,-10.963359196372178,1.14114,-1.2238306481999999,1.317853,0.2009782587719523,-0.1668063968009821,0.9652892936257593,12.053679074435145,-9.963321877622608,3.4548338038255224,3.4742766680121293,3.7051200988568156
05/05/2023 11:40:42.133035,3279,True,True,True,True,Eyes,2.439566,0.002243534,-2.871606,0.5826899,-0.5494722,0.5987929,0.0,0.0,0.0,0.0,0.0,0.0,0.0,-3.424666,0.85744,1.167243,2.439157,-0.002280459,-2.806512,0.2236903,0.2318292,-0.01354138,0.9465911,25.45265,28.64383,4.960707,0.6328899,0.001282331,-0.7742402,0.08590413,-0.007381376,0.3535344,3.558256,-1.227904,-1.471536,0.3087002,-0.4008,2.069,0.8921437,0.07807959,-0.444953,0.1293522,0.8995585,0.4172079,0.4328367,-0.429765,0.7924358,static,12.33230840147354,-9.960245442896476,8.486078646823053,-10.963361697755134,1.1190990000000003,-1.225623541,1.3349760000000002,0.21050590530051397,-0.1690891482831119,0.9628583898952965,12.614561890116276,-10.118988322833973,3.9440819856597553,3.97488685956222,4.2139459282753835
05/05/2023 11:40:42.143300,3280,True,True,True,True,Eyes,2.440166,0.001757792,-2.868015,0.5796238,-0.550586,0.6007423,0.0,0.0,0.0,0.0,0.0,0.0,0.0,-3.399313,0.8823354,1.201038,2.441501,-0.004253555,-2.795603,0.2244531,0.2247764,-0.01104497,0.9481427,25.50516,27.82486,5.082654,0.634356,0.001213661,-0.7730396,0.08074988,-0.006938494,0.3323224,3.541728,-1.230784,-1.445854,0.3087001,-0.4008,2.069,0.8987072,0.07995909,-0.4311983,0.1218479,0.8989976,0.4206618,0.421282,-0.4305924,0.7981928,static,12.775430249020056,-10.128945135764427,8.486075937878136,-10.963361697755134,1.1002269999999998,-1.226530445,1.3497489999999999,0.21784866958793392,-0.17164025856163995,0.960771347788531,13.051072460263086,-10.286069007895463,4.327776393315129,4.369761023835991,4.614966807803068
05/05/2023 11:40:42.162669,3281,True,True,True,True,Eyes,2.440837,0.001249738,-2.864105,0.5764591,-0.5518112,0.6026603,0.0,0.0,0.0,0.0,0.0,0.0,0.0,-3.373878,0.907933,1.232462,2.444029,-0.005575266,-2.784429,0.2256133,0.2178624,-0.008502974,0.9495064,25.60392,27.034,5.227135,0.6357306,0.001138985,-0.7719095,0.07590489,-0.006522184,0.312383,3.525563,-1.234266,-1.4216,0.3087,-0.4008,2.069,0.9049274,0.08215805,-0.4175602,0.1144526,0.8980527,0.4247375,0.4098867,-0.4321474,0.8032693,static,13.1873010122496,-10.262636542969103,8.48607322893318,-10.963361697755134,1.081534,-1.2286907340000002,1.3628289999999998,0.22467091436893957,-0.17360585381289556,0.9588452009437501,13.456175295162323,-10.418879942270335,4.700820574989569,4.7531629903861,4.999837490438165
05/05/2023 11:40:42.182790,3282,True,True,True,True,Eyes,2.441583,0.0006887252,-2.85989,0.5730438,-0.5529785,0.6048434,0.0,0.0,0.0,0.0,0.0,0.0,0.0,-3.350177,0.9199746,1.267625,2.446712,-0.006568227,-2.773169,0.2254725,0.2109782,-0.007304696,0.9511032,25.59311,26.18887,5.168386,0.6370282,0.001058319,-0.7708391,0.0713506,-0.006130853,0.29364,3.507721,-1.235255,-1.394297,0.3086999,-0.4007999,2.069,0.9108697,0.08124454,-0.4046181,0.1090346,0.8982176,0.4258129,0.3980301,-0.4319774,0.8093007,static,13.651968588068206,-10.464866259509993,8.486070519988186,-10.963359028665995,1.0610089999999999,-1.228686773,1.3788720000000003,0.23231126531249874,-0.1766633603922146,0.9564630101619647,13.914592791761969,-10.6187276917964,5.12322178260216,5.189893822680162,5.43945078233975
05/05/2023 11:40:42.192918,3283,True,True,True,True,Eyes,2.442381,5.315611e-05,-2.855396,0.5693929,-0.5542362,0.6071358,0.0,0.0,0.0,0.0,0.0,0.0,0.0,-3.326354,0.9288028,1.30359,2.449341,-0.008395225,-2.761758,0.2247742,0.2040718,-0.006378294,0.9527805,25.52623,25.32537,5.059763,0.638262,0.0009708335,-0.769818,0.06706956,-0.005763002,0.2760216,3.489305,-1.235677,-1.365709,0.3087,-0.4008001,2.069,0.9166281,0.07958592,-0.3917386,0.1038944,0.8988717,0.4257177,0.3860039,-0.4309242,0.8156625,static,14.12178880611863,-10.719270031279592,8.48607322893318,-10.963364366844228,1.0399639999999999,-1.227281775,1.3960489999999999,0.2399735928331662,-0.1805621315538791,0.9538395625019711,14.379439441045891,-10.869374144977694,5.556753862318772,5.640999212159622,5.894115664955876
05/05/2023 11:40:42.218159,3284,True,True,True,True,Eyes,2.443242,-0.0006213777,-2.850626,0.5654321,-0.5555011,0.6096761,0.0,0.0,0.0,0.0,0.0,0.0,0.0,-3.301418,0.9421592,1.338705,2.451868,-0.01073705,-2.750888,0.2253705,0.1968769,-0.005727344,0.9541566,25.61569,24.44321,4.950338,0.6394435,0.0008751671,-0.768837,0.06304539,-0.005417222,0.2594603,3.468657,-1.241272,-1.340703,0.3086999,-0.4008,2.069,0.9224134,0.07781093,-0.3782843,0.09967006,0.8983507,0.4278224,0.3731212,-0.4323327,0.8208952,static,14.59039735330005,-10.818274381770456,8.486070519988186,-10.963361697755134,1.0167889999999997,-1.23053495,1.4101850000000002,0.24770715338702998,-0.18184508083786713,0.9516162101702526,14.838916413817849,-10.968811373155203,6.010171655833682,6.106050803682433,6.352848231282594
05/05/2023 11:40:42.232861,3285,True,True,True,True,Eyes,2.444202,-0.001288551,-2.845608,0.5611218,-0.5568292,0.6124406,0.0,0.0,0.0,0.0,0.0,0.0,0.0,-3.270916,0.9615916,1.380566,2.454281,-0.0123369,-2.739683,0.2258268,0.1884723,-0.004053963,0.9557533,25.67065,23.43366,4.924807,0.6405821,0.0007711209,-0.7678886,0.05926267,-0.005092189,0.2438927,3.445418,-1.244644,-1.312881,0.3087001,-0.4008,2.069,0.9289235,0.077375,-0.362097,0.09287336,0.8979716,0.4301412,0.358435,-0.4331975,0.8269609,static,15.121610348687597,-11.002227729859698,8.486075937878136,-10.963361697755134,0.9911370000000002,-1.2323071,1.426802,0.2563917515879648,-0.1844676968624586,0.948807071784436,15.361711038312745,-11.151317796593183,6.522788889929994,6.635648234007587,6.878203655709742
05/05/2023 11:40:42.242906,3286,True,True,True,True,Eyes,2.445224,-0.001817047,-2.840311,0.5564115,-0.5583984,0.6153027,0.0,0.0,0.0,0.0,0.0,0.0,0.0,-3.235835,0.9886679,1.425832,2.456866,-0.01286807,-2.728504,0.2273548,0.1790409,-0.001837943,0.9572099,25.84326,22.3287,4.965092,0.6416873,0.0006596866,-0.7669654,0.05570691,-0.004786657,0.2292591,3.419173,-1.250084,-1.286297,0.3087,-0.4008,2.069,0.935882,0.07789303,-0.3435951,0.08493022,0.8966129,0.4345944,0.3419237,-0.4359107,0.8325083,static,15.696784900934542,-11.124752588861213,8.48607322893318,-10.963361697755134,0.9623069999999996,-1.23721593,1.442207,0.26582511171630885,-0.18600392753456677,0.945906703647261,15.925704524521063,-11.274346796313477,7.0843568064499935,7.212517579629786,7.446128225179579
05/05/2023 11:40:42.263271,3287,True,True,True,True,Eyes,2.44629,-0.002250303,-2.834736,0.5512568,-0.5599441,0.6185294,0.0,0.0,0.0,0.0,0.0,0.0,0.0,-3.197062,1.024131,1.469478,2.45943,-0.01002063,-2.716711,0.2315605,0.1689097,0.0003901293,0.9580446,26.33116,21.18096,5.055204,0.6427673,0.0005452615,-0.7660607,0.05236449,-0.004499458,0.2155036,3.389459,-1.261183,-1.265388,0.3087,-0.4007999,2.069,0.9429387,0.07897312,-0.3234653,0.07747808,0.8927592,0.4438223,0.3238266,-0.4435587,0.8356985,static,16.27350948106314,-10.954063776089656,8.48607322893318,-10.963359028665995,0.9300290000000002,-1.2511623699999999,1.4513230000000001,0.2755080871225237,-0.18266784786990026,0.9437837806510964,16.483305950856032,-11.112093789492139,7.658911166499053,7.787441799635384,7.998615707587883
05/05/2023 11:40:42.282829,3288,True,True,True,True,Eyes,2.44738,-0.002642771,-2.828955,0.5456957,-0.5615786,0.6219692,0.0,0.0,0.0,0.0,0.0,0.0,0.0,-3.156732,1.044191,1.523948,2.462039,-0.008121867,-2.704812,0.2306987,0.1585541,0.003394275,0.9600143,26.22336,19.94398,5.095409,0.643829,0.0004306616,-0.7651687,0.04922262,-0.00422949,0.2025734,3.361604,-1.255887,-1.231529,0.3087,-0.4007999,2.069,0.9496982,0.07967354,-0.3028623,0.06663934,0.8935332,0.4440244,0.3059945,-0.4418717,0.8432774,static,16.88070936651355,-11.38796572951542,8.48607322893318,-10.963359028665995,0.899565,-1.247765133,1.473283,0.28513228471876895,-0.18925487300827562,0.9396181032625792,17.086910957674743,-11.538300173306844,8.243779970853009,8.405367733346145,8.62003288601298
05/05/2023 11:40:42.292800,3289,True,True,True,True,Eyes,2.448495,-0.00284864,-2.822938,0.5395716,-0.5636496,0.6254291,0.0,0.0,0.0,0.0,0.0,0.0,0.0,-3.111801,1.075971,1.577446,2.463786,-0.007515948,-2.694263,0.232437,0.147396,0.006145581,0.9613583,26.42966,18.6429,5.147123,0.6448774,0.0003169932,-0.7642854,0.04626926,-0.003975721,0.190419,3.328589,-1.261087,-1.205179,0.3086997,-0.4008001,2.069,0.9564733,0.08033676,-0.2805438,0.05670435,0.8918706,0.4487221,0.2862577,-0.4450988,0.8484949,static,17.512308505607706,-11.560485670254907,8.486065102098083,-10.963364366844228,0.8648030000000002,-1.253571052,1.4890839999999999,0.2953437926503728,-0.1914625603328879,0.936009655060886,17.70725572869311,-11.710347777124309,8.863882689570222,9.045972796244076,9.251396693863994
05/05/2023 11:40:42.318580,3290,True,True,True,True,Eyes,2.449656,-0.002945424,-2.816651,0.5330864,-0.565353,0.6294402,0.0,0.0,0.0,0.0,0.0,0.0,0.0,-3.059629,1.126928,1.626631,2.465756,-0.003111172,-2.682771,0.2401425,0.1346365,0.008230651,0.9613205,27.3543,17.21135,5.199368,0.6459178,0.0002090708,-0.7634064,0.04349311,-0.003737177,0.1789939,3.287404,-1.283471,-1.192042,0.3087,-0.4008001,2.069,0.9636105,0.08048849,-0.2549045,0.04883931,0.8845276,0.4639241,0.2628107,-0.4594916,0.8484092,static,18.23796872367254,-11.029020251926685,8.48607322893318,-10.963364366844228,0.8216480000000002,-1.280359828,1.4907289999999997,0.3077361272383569,-0.18202241817916182,0.9338984982976194,18.40031833926238,-11.198052473388804,9.589675018433784,9.752116510561377,9.917022467204555
05/05/2023 11:40:42.332926,3291,True,True,True,True,Eyes,2.450811,-0.002987984,-2.810197,0.5262053,-0.5670208,0.6337156,0.0,0.0,0.0,0.0,0.0,0.0,0.0,-3.013305,1.12533,1.695753,2.468109,-0.000652574,-2.670279,0.2345525,0.1232407,0.01100941,0.964197,26.71777,15.77412,5.07682,0.6469553,0.0001092714,-0.7625275,0.04088352,-0.003512947,0.1682542,3.255092,-1.263069,-1.145923,0.3086997,-0.4008,2.069,0.969381,0.0790433,-0.232492,0.03658234,0.8897278,0.4550231,0.2428211,-0.4495959,0.8595937,static,18.92245181770964,-11.985531495305189,8.486065102098083,-10.963361697755134,0.7869829999999998,-1.262416426,1.5243559999999998,0.31794044337702065,-0.1968891091409941,0.9274419767462431,19.09334649120226,-12.13326196666476,10.253200232009139,10.486324369044517,10.671601806047239
05/05/2023 11:40:42.343114,3292,True,True,True,True,Eyes,2.45197,-0.00294182,-2.803525,0.5188831,-0.5689161,0.6380398,0.0,0.0,0.0,0.0,0.0,0.0,0.0,-2.965949,1.143166,1.75239,2.469543,0.000667192,-2.660058,0.2348796,0.1118559,0.01250314,0.9654862,26.79175,14.39144,4.928413,0.6479923,1.821842e-05,-0.7616464,0.03843051,-0.00330217,0.158159,3.218074,-1.26471,-1.118884,0.3086995,-0.4008,2.069,0.9746639,0.07668853,-0.2101171,0.02840212,0.8893505,0.4563431,0.221864,-0.4507489,0.8646396,static,19.561171342519003,-12.226858498790621,8.486059684207827,-10.963361697755134,0.7485310000000003,-1.265377192,1.5411739999999998,0.3280441385824254,-0.20006339297342637,0.9232343519510827,19.722486921840595,-12.372304977528488,10.885895085128169,11.146951260783688,11.324416904734392
05/05/2023 11:40:42.363415,3293,True,True,True,True,Eyes,2.4531,-0.002837824,-2.796647,0.511288,-0.5704399,0.6427931,0.0,0.0,0.0,0.0,0.0,0.0,0.0,-2.921429,1.159342,1.800102,2.470912,0.002925936,-2.648352,0.2376458,0.1009953,0.01216654,0.9660107,27.17303,13.05184,4.610387,0.6490322,-6.260456e-05,-0.7607605,0.03612468,-0.00310404,0.1486694,3.179084,-1.275279,-1.098713,0.3087001,-0.4007999,2.069,0.9793038,0.07150824,-0.1893425,0.02449622,0.8867529,0.4615943,0.2009078,-0.4566792,0.8666489,static,20.178099871466042,-12.058844376121327,8.486075937878136,-10.963359028665995,0.7081719999999998,-1.278204936,1.549639,0.3382071990998222,-0.1966050930938777,0.9203055990866409,20.319352010338456,-12.212921012535038,11.483376601519174,11.743232596269298,11.899068356749309
05/05/2023 11:40:42.382769,3294,True,True,True,True,Eyes,2.454199,-0.002762441,-2.789631,0.5033116,-0.571939,0.6477369,0.0,0.0,0.0,0.0,0.0,0.0,0.0,-2.87943,1.140358,1.863328,2.472,0.004428074,-2.636802,0.2322347,0.09066588,0.01186028,0.9683523,26.59105,11.68459,4.173661,0.6500766,-0.0001326203,-0.7598682,0.03395719,-0.002917797,0.1397493,3.142565,-1.259061,-1.058627,0.3086996,-0.4008001,2.069,0.983278,0.0650814,-0.1700843,0.01914167,0.8918527,0.4519207,0.1811018,-0.4476194,0.8756934,static,20.808883143873853,-12.799007153296483,8.486062393152974,-10.963364366844228,0.6705649999999999,-1.263489074,1.5781749999999999,0.3475028180798872,-0.20772550087186514,0.914380547557328,20.95420126867326,-12.937270747297768,12.13176833715809,12.45879190346525,12.623422413040588
05/05/2023 11:40:42.393417,3295,True,True,True,True,Eyes,2.455231,-0.002706771,-2.782458,0.49513,-0.5736364,0.652524,0.0,0.0,0.0,0.0,0.0,0.0,0.0,-2.838707,1.134189,1.915155,2.472457,0.00385638,-2.626671,0.2307108,0.08079397,0.01046993,0.9696059,26.46846,10.39418,3.688164,0.651127,-0.0001937069,-0.7589683,0.03191976,-0.002742729,0.1313643,3.104414,-1.258577,-1.031807,0.3086996,-0.4008001,2.069,0.9867254,0.05758348,-0.1518455,0.01697666,0.8933259,0.4490888,0.1615076,-0.4457051,0.8804898,static,21.38617348689505,-13.051722238116604,8.486062393152974,-10.963364366844228,0.6319569999999999,-1.26243338,1.594864,0.3564425458924926,-0.21099737703447122,0.9101806552785068,21.523766315279648,-13.186986817427874,12.709408250395432,13.068056658485709,13.225967653210743
05/05/2023 11:40:42.418432,3296,True,True,True,True,Eyes,2.45623,-0.002593144,-2.775109,0.4866582,-0.5752435,0.6574639,0.0,0.0,0.0,0.0,0.0,0.0,0.0,-2.797976,1.142286,1.955655,2.472824,0.003557898,-2.615952,0.2329262,0.07117449,0.008811942,0.9698464,26.77903,9.162789,3.226648,0.6521837,-0.0002472604,-0.7580606,0.03000458,-0.002578166,0.1234825,3.066042,-1.270367,-1.015356,0.3086997,-0.4007999,2.069,0.9897131,0.05024926,-0.1339516,0.01606434,0.8913355,0.4530596,0.1421617,-0.4505508,0.8813592,static,21.885645233884993,-12.84767771746847,8.486065102098083,-10.963359028665995,0.5932179999999998,-1.273924898,1.6005960000000001,0.36467810773472387,-0.20704677046512693,0.9078224387520295,22.00516117283232,-12.991766933786819,13.180168940991305,13.531422860481037,13.67042052020707
05/05/2023 11:40:42.432899,3297,True,True,True,True,Eyes,2.45716,-0.002448212,-2.767588,0.4781965,-0.5764577,0.6625893,0.0,0.0,0.0,0.0,0.0,0.0,0.0,-2.758139,1.135775,2.00065,2.47315,0.005073473,-2.6045,0.2310617,0.06213132,0.00833375,0.9709176,26.59288,8.003237,2.877827,0.6532482,-0.000292495,-0.7571434,0.0282043,-0.002423476,0.1160735,3.031992,-1.265199,-0.9887025,0.3087001,-0.4007999,2.069,0.9921405,0.04489511,-0.1167976,0.01252957,0.8930821,0.4497192,0.1245,-0.4476481,0.8855004,static,22.31546414319872,-13.124886412320526,8.486075937878136,-10.963359028665995,0.5588419999999998,-1.270272473,1.6157974999999998,0.37116919365471746,-0.21085332918613794,0.9043087173243761,22.431628455292305,-13.26433695134553,13.61439994329189,13.997291836771446,14.134105363149637
05/05/2023 11:40:42.443322,3298,True,True,True,True,Eyes,2.458042,-0.00234097,-2.759947,0.4695896,-0.577505,0.6678125,0.0,0.0,0.0,0.0,0.0,0.0,0.0,-2.720384,1.119895,2.04618,2.473279,0.005941898,-2.593138,0.2260985,0.05392944,0.008859231,0.9725701,26.02975,6.961375,2.654737,0.6543216,-0.0003293968,-0.7562161,0.02651204,-0.002278067,0.1091091,3.002595,-1.248925,-0.9555073,0.3086999,-0.4007999,2.069,0.9940262,0.04161918,-0.1008942,0.007154286,0.8976019,0.4407489,0.1089064,-0.4388378,0.8919421,static,22.634940314304803,-13.773383616787276,8.486070519988186,-10.963359028665995,0.5293160000000001,-1.254866898,1.6376307000000003,0.37537069989286936,-0.22067246864655626,0.900222445761481,22.76053897277453,-13.897433109823167,13.977856765680988,14.425212464375399,14.572894027039066
05/05/2023 11:40:42.463043,3299,True,True,True,True,Eyes,2.458825,-0.002280841,-2.752203,0.4610211,-0.5785865,0.6728277,0.0,0.0,0.0,0.0,0.0,0.0,0.0,-2.682508,1.122156,2.081289,2.473141,0.005338658,-2.58271,0.2238011,0.046198,0.01043314,0.9734836,25.77061,6.030939,2.608917,0.6554034,-0.000359796,-0.7552785,0.02492132,-0.002141383,0.1025626,2.97607,-1.242108,-0.9311541,0.3086998,-0.4007998,2.069,0.9955138,0.04099129,-0.08527608,0.0003653538,0.8996085,0.4366973,0.09461587,-0.4347693,0.8955577,static,22.8265636892158,-14.161059020995854,8.486067811043153,-10.963356359576805,0.502929,-1.247446658,1.6515559,0.377859755989506,-0.22651089478602504,0.8977275343117952,22.957786172737276,-14.275905914319965,14.204746476002438,14.692689486364745,14.845996662158587
05/05/2023 11:40:42.482765,3300,True,True,True,True,Eyes,2.459547,-0.002216772,-2.744365,0.4523321,-0.5797997,0.6776637,0.0,0.0,0.0,0.0,0.0,0.0,0.0,-2.641474,1.14851,2.10616,2.472587,0.004313521,-2.572678,0.2253869,0.03837112,0.01322556,0.9734236,25.96226,5.147419,2.744165,0.6564932,-0.0003856155,-0.7543316,0.0,0.0,0.0,2.950552,-1.248102,-0.9174736,0.3086998,-0.4007999,2.069,0.9967055,0.04304484,-0.06874098,-0.008451441,0.8980517,0.4398089,0.08066445,-0.4377789,0.8954568,static,22.91835848071814,-14.167688567251167,8.486067811043153,-10.963359028665995,0.4779650000000002,-1.252415521,1.6552043999999997,0.37930123922838255,-0.22647048251079407,0.8971297573814678,23.047448161441192,-14.28296509100194,14.293076554414926,14.783732335436717,14.934978477321476
05/05/2023 11:40:42.493305,3301,True,True,True,True,Eyes,2.460229,-0.002133756,-2.736437,0.4436138,-0.5811821,0.6822273,0.0,0.0,0.0,0.0,0.0,0.0,0.0,-2.599816,1.180218,2.127304,2.471928,0.004279956,-2.562603,0.2281644,0.03060901,0.0162574,0.9730055,26.29643,4.284921,2.915843,0.6575903,-0.0004072,-0.7533754,0.0,0.0,0.0,2.925558,-1.257098,-0.9073556,0.3086996,-0.4007999,2.069,0.9975976,0.04560485,-0.05214674,-0.01766931,0.8953534,0.4450057,0.06698418,-0.4430152,0.8940082,static,22.982093062540027,-14.056112037348477,8.486062393152974,-10.963359028665995,0.45363,-1.261377956,1.6552474000000001,0.3804673833259469,-0.22460666755975517,0.8971044202816909,23.106570490486767,-14.174825537065969,14.340864891888344,14.822281414833704,14.969060563668574
05/05/2023 11:40:42.518141,3302,True,True,True,True,Eyes,2.460833,-0.002010193,-2.72842,0.4347981,-0.5826851,0.6866067,0.0,0.0,0.0,0.0,0.0,0.0,0.0,-2.55879,1.209696,2.147359,2.471123,0.004813142,-2.552539,0.2310745,0.02298491,0.01889895,0.972481,26.65148,3.427854,3.038829,0.6586955,-0.0004244692,-0.7524092,0.0,0.0,0.0,2.900316,-1.266348,-0.8982591,0.3086996,-0.4008,2.069,0.998229,0.04738019,-0.03597063,-0.0261353,0.8924948,0.4502999,0.0534389,-0.4485623,0.8921526,static,23.04864817431186,-13.912191202670627,8.486062393152974,-10.963361697755134,0.42919300000000016,-1.271161142,1.6542799,0.3817226848232698,-0.2222281410066212,0.8971635967016083,23.167570541955904,-14.035234188104631,14.388953284500193,14.858145916724306,14.999436060076821
05/05/2023 11:40:42.533070,3303,True,True,True,True,Eyes,2.461332,-0.001908909,-2.720329,0.4259227,-0.5842257,0.6908474,0.0,0.0,0.0,0.0,0.0,0.0,0.0,-2.519229,1.235688,2.165926,2.46997,0.005940948,-2.542418,0.2337653,0.01572476,0.02127262,0.9719332,26.98386,2.605657,3.132932,0.6598079,-0.0004367372,-0.7514339,0.0,0.0,0.0,2.875684,-1.274444,-0.8893283,0.3086998,-0.4007999,2.069,0.9986004,0.04870293,-0.02062123,-0.03399932,0.8898026,0.4550774,0.04051242,-0.4537394,0.8902131,static,23.093399962113594,-13.77163354700883,8.486067811043153,-10.963359028665995,0.40571400000000013,-1.2803849479999998,1.6530897000000002,0.3826269593841591,-0.21993751477330115,0.8973427687067617,23.20740694889483,-13.898770571714232,14.417940555613827,14.874829691195455,15.011144757769287
05/05/2023 11:40:42.542766,3304,True,True,True,True,Eyes,2.461742,-0.001803324,-2.712193,0.4169865,-0.5860153,0.6947721,0.0,0.0,0.0,0.0,0.0,0.0,0.0,-2.481093,1.254449,2.186047,2.468633,0.005539462,-2.532605,0.234334,0.00891566,0.02398939,0.9718194,27.06704,1.838714,3.270731,0.660926,-0.000445101,-0.7504506,0.0,0.0,0.0,2.853056,-1.276561,-0.8757601,0.3086998,-0.4008,2.069,0.99869,0.05080518,-0.006085764,-0.04244822,0.8890242,0.4558883,0.02857188,-0.4550328,0.8900162,static,23.092808242782144,-13.898571849928516,8.486067811043153,-10.963361697755134,0.38442299999999996,-1.282100462,1.6568449000000003,0.38243943721223844,-0.22194367743507157,0.8969286620830741,23.21025152733647,-14.02227561763273,14.429884388160449,14.898735673795287,15.038568431881348
05/05/2023 11:40:42.562835,3305,True,True,True,True,Eyes,2.461999,-0.001661873,-2.70398,0.4078599,-0.587973,0.6985257,0.0,0.0,0.0,0.0,0.0,0.0,0.0,-2.438446,1.297111,2.196665,2.467005,0.005805496,-2.52343,0.2394507,0.001616368,0.0273732,0.9705213,27.69052,1.051315,3.490272,0.6620491,-0.000449828,-0.74946,0.0,0.0,0.0,2.82984,-1.293247,-0.8749424,0.3087,-0.4007999,2.069,0.9984962,0.05390662,0.009971623,-0.05235846,0.8838282,0.4648725,0.0162465,-0.4646955,0.8853215,static,23.06598237037872,-13.538593143947807,8.48607322893318,-10.963359028665995,0.362835,-1.299052496,1.6484875999999997,0.38251635407438206,-0.21629666446652523,0.8982745082232925,23.174398569013103,-13.67184411077539,14.370950121368733,14.80559290678082,14.935956371657062
05/05/2023 11:40:42.572818,3306,True,True,True,True,Eyes,2.462169,-0.001506015,-2.695702,0.3986477,-0.5898169,0.7022793,0.0,0.0,0.0,0.0,0.0,0.0,0.0,-2.395615,1.328612,2.211574,2.465404,0.006951995,-2.513359,0.2426559,-0.005779232,0.03053866,0.9696144,28.09393,0.2346922,3.666665,0.6631756,-0.0004502947,-0.7484633,0.0,0.0,0.0,2.805844,-1.302815,-0.8685765,0.3086997,-0.4008001,2.069,0.998068,0.05641671,0.02602803,-0.06202617,0.8803709,0.4702125,0.003613519,-0.4709184,0.8821694,static,23.07529337455574,-13.379323909782215,8.486065102098083,-10.963364366844228,0.3404400000000001,-1.3097669950000002,1.6447824999999998,0.38288091363500537,-0.2137638992865531,0.8987254201285406,23.17918229142701,-13.516939399363,14.367677067975878,14.787915407486986,14.913364415384494
05/05/2023 11:40:42.592824,3307,True,True,True,True,Eyes,2.462147,-0.001350095,-2.687376,0.3874488,-0.5913404,0.7072482,0.0,0.0,0.0,0.0,0.0,0.0,0.0,-2.353305,1.340094,2.236761,2.46358,0.00744139,-2.50354,0.2418618,-0.01321081,0.03324582,0.9696512,28.02919,359.3809,3.77286,0.6643049,-0.0004465203,-0.7474612,0.0,0.0,0.0,2.780158,-1.299919,-0.8520895,0.3086998,-0.4007999,2.069,0.9974404,0.05808331,0.04170154,-0.07086407,0.8807952,0.4681646,-0.009537976,-0.4699214,0.8826568,static,23.0127488777885,-13.590397000219786,8.486067811043153,-10.963359028665995,0.31657800000000025,-1.3073603900000001,1.6514505000000002,0.38160340949657257,-0.21719743228295846,0.8984454190250628,23.123901833803735,-13.721895431941876,14.323966355685137,14.762309823294022,14.895492874224924
05/05/2023 11:40:42.613319,3308,True,True,True,True,Eyes,2.462039,-0.001221069,-2.679004,0.3761975,-0.5928367,0.7120534,0.0,0.0,0.0,0.0,0.0,0.0,0.0,-2.310746,1.358556,2.257281,2.461687,0.007608403,-2.494109,0.2431059,-0.02072432,0.03539139,0.9691324,28.20778,358.5069,3.807709,0.6654346,-0.0004389146,-0.7464557,0.0,0.0,0.0,2.753374,-1.304702,-0.842002,0.3086997,-0.4008,2.069,0.9966359,0.05852148,0.05737693,-0.07867429,0.879294,0.4697365,-0.02296152,-0.4726704,0.8809401,static,22.975826003079714,-13.536235443584214,8.486065102098083,-10.963361697755134,0.29168700000000003,-1.3123104030000001,1.652107,0.38109369494640566,-0.21639723986659695,0.8988547082676455,23.08644888730561,-13.668952238006558,14.283807889962738,14.716414314621364,14.848953729029157
05/05/2023 11:40:42.632620,3309,True,True,True,True,Eyes,2.461971,-0.001112906,-2.670596,0.3649537,-0.5944152,0.7165747,0.0,0.0,0.0,0.0,0.0,0.0,0.0,-2.269667,1.370761,2.278732,2.45962,0.007099312,-2.484595,0.2433569,-0.02799841,0.03715373,0.9688206,28.26945,357.6465,3.799607,0.666564,-0.0004285896,-0.7454474,0.0,0.0,0.0,2.726469,-1.307022,-0.8297304,0.3086997,-0.4008,2.069,0.9956714,0.05836338,0.0723341,-0.0856178,0.8787941,0.4694577,-0.03616765,-0.4736187,0.8799871,static,22.94342523662933,-13.58470340186198,8.486065102098083,-10.963361697755134,0.26684899999999967,-1.314121312,1.6548646000000002,0.3805146566016733,-0.21721353541345806,0.8989031148902074,23.056170374793833,-13.715895934135796,14.256678348490063,14.693083215895266,14.827825612000034
05/05/2023 11:40:42.643318,3310,True,True,True,True,Eyes,2.461808,-0.001042003,-2.662166,0.353695,-0.5960943,0.7208131,0.0,0.0,0.0,0.0,0.0,0.0,0.0,-2.227453,1.392103,2.295339,2.457542,0.00650797,-2.475585,0.245135,-0.03525525,0.03936007,0.968048,28.51443,356.8058,3.844804,0.667695,-0.0004163735,-0.7444345,0.0,0.0,0.0,2.700689,-1.314392,-0.8224669,0.3086997,-0.4008,2.069,0.9944157,0.05892026,0.08755459,-0.09348944,0.8767192,0.4718294,-0.04896048,-0.47738,0.8773319,static,22.883030119972993,-13.475253312603959,8.486065102098083,-10.963361697755134,0.243147,-1.32089997,1.6531181000000001,0.3797083214034692,-0.21557323504933984,0.8996387406267151,22.99434603767052,-13.609002213574646,14.18929062972364,14.614451793025346,14.747529604799592
05/05/2023 11:40:42.662901,3311,True,True,True,True,Eyes,2.461547,-0.0009948363,-2.653701,0.3423797,-0.5978182,0.7248376,0.0,0.0,0.0,0.0,0.0,0.0,0.0,-2.184318,1.418126,2.308673,2.455211,0.005718693,-2.466618,0.2476,-0.04245588,0.04192846,0.9670233,28.84423,355.9838,3.932159,0.668826,-0.0004034811,-0.7434185,0.0,0.0,0.0,2.67571,-1.324135,-0.8175067,0.3087,-0.4008002,2.069,0.992879,0.06006743,0.1028746,-0.1021157,0.8738725,0.4753096,-0.06134867,-0.48243,0.8737835,static,22.79774540085542,-13.295677106188796,8.48607322893318,-10.963367035933274,0.22049900000000022,-1.329853693,1.6491113,0.37859958856055603,-0.21285700444620068,0.9007520484556545,22.906368719181277,-13.433711831123713,14.09320549234887,14.500470013775029,14.630363134016672
05/05/2023 11:40:42.683190,3312,True,True,True,True,Eyes,2.461188,-0.0009820418,-2.645215,0.3310443,-0.5995816,0.7286368,0.0,0.0,0.0,0.0,0.0,0.0,0.0,-2.141751,1.435556,2.325274,2.45277,0.005226851,-2.45738,0.2486264,-0.04961607,0.04421769,0.9663168,29.00536,355.1527,3.985397,0.669957,-0.0003906209,-0.7423995,0.0,0.0,0.0,2.649978,-1.328931,-0.8087951,0.3087001,-0.4008001,2.069,0.9911661,0.06078485,0.117877,-0.1101283,0.8724595,0.4761158,-0.07390231,-0.4848914,0.8714464,static,22.73079116170435,-13.276489040934806,8.486075937878136,-10.963364366844228,0.19720799999999983,-1.334157851,1.6485849000000001,0.37756394637426666,-0.21265246693204057,0.9012349331008518,22.840583278606292,-13.414598142092515,14.027054610231453,14.431301312279254,14.562294737297982
05/05/2023 11:40:42.692884,3313,True,True,True,True,Eyes,2.460772,-0.0009950624,-2.636692,0.3196558,-0.6013407,0.7322634,0.0,0.0,0.0,0.0,0.0,0.0,0.0,-2.100043,1.453146,2.340135,2.450196,0.00443865,-2.44838,0.2500673,-0.05664905,0.04610805,0.9654697,29.21502,354.3238,3.987934,0.6710864,-0.0003787435,-0.7413788,0.0,0.0,0.0,2.624033,-1.335648,-0.801976,0.3087,-0.4008,2.069,0.9893299,0.06069969,0.1324461,-0.117364,0.8706809,0.4776406,-0.08632562,-0.4880885,0.8685145,static,22.670723761018927,-13.187698632729505,8.48607322893318,-10.963361697755134,0.1738369999999998,-1.34008665,1.6464039999999998,0.37672924447580747,-0.21133314651788526,0.9018944131489156,22.779635250413524,-13.327808139104986,13.962780900026383,14.357993784567942,14.48780598420331
05/05/2023 11:40:42.713176,3314,True,True,True,True,Eyes,2.460252,-0.001055133,-2.628154,0.3082662,-0.6030433,0.7357383,0.0,0.0,0.0,0.0,0.0,0.0,0.0,-2.060688,1.464928,2.35521,2.447424,0.003742456,-2.439173,0.2509678,-0.06337608,0.04739708,0.9647551,29.35717,353.5113,3.923829,0.6722144,-0.000368463,-0.7403561,0.0,0.0,0.0,2.597876,-1.340689,-0.794009,0.3087002,-0.4008001,2.069,0.987474,0.05964245,0.146075,-0.1232639,0.8695374,0.4782371,-0.09849449,-0.4902525,0.8659973,static,22.614405019842902,-13.130577275909143,8.486078646823053,-10.963364366844228,0.15045200000000003,-1.344431456,1.6451639999999998,0.37591088811531354,-0.2105093996260061,0.9024283432437583,22.72319506981559,-13.271856483478569,13.904466572340775,14.293579603996537,14.423058617866277
05/05/2023 11:40:42.732801,3315,True,True,True,True,Eyes,2.45961,-0.001155681,-2.619606,0.2968243,-0.6047661,0.7390218,0.0,0.0,0.0,0.0,0.0,0.0,0.0,-2.025196,1.469287,2.371003,2.444499,0.002563488,-2.430287,0.2508956,-0.06954057,0.0480365,0.9643175,29.37784,352.7471,3.799915,0.6733401,-0.0003609303,-0.7393324,0.0,0.0,0.0,2.572288,-1.343083,-0.7841999,0.3087005,-0.4008,2.069,0.9857132,0.05775004,0.1582227,-0.1275397,0.8694878,0.4772049,-0.1100141,-0.4905669,0.864431,moving,22.53318767187281,-13.155818662022323,8.486086773657577,-10.963361697755134,0.12778899999999993,-1.345646488,1.6460871,0.3745883569010347,-0.21102877383788704,0.9028567666809622,22.644703198028246,-13.295877365915489,13.82740043874322,14.217169591195109,14.349461606439192
05/05/2023 11:40:42.743207,3316,True,True,True,True,Eyes,2.458861,-0.001307914,-2.611053,0.285443,-0.6064895,0.7420868,0.0,0.0,0.0,0.0,0.0,0.0,0.0,-1.992062,1.477252,2.381861,2.441333,0.001532808,-2.421516,0.2520945,-0.07529464,0.04826871,0.9635608,29.54358,352.0208,3.628401,0.6744623,-0.0003570035,-0.7383089,0.0,0.0,0.0,2.544225,-1.347879,-0.7782282,0.3053882,-0.3986944,2.068738,0.9840017,0.05505693,0.1694385,-0.1309824,0.868237,0.478548,-0.1207654,-0.4930855,0.8615581,moving,22.435193940900987,-13.009132269026619,8.397385709723263,-10.908498917355988,0.10289199999999976,-1.3494118080000002,1.6432878,0.3732229792692537,-0.20884055015178776,0.903930456921975,22.545223380926625,-13.152503974837602,13.815594235805797,14.194108651601624,14.324694393554232
05/05/2023 11:40:42.763284,3317,True,True,True,True,Eyes,2.457968,-0.001501878,-2.602497,0.2741922,-0.6081408,0.7449721,0.0,0.0,0.0,0.0,0.0,0.0,0.0,-1.960964,1.485074,2.390646,2.438078,0.0001645535,-2.412838,0.2531176,-0.08058326,0.04869365,0.9628432,29.68775,351.3586,3.495998,0.6755799,-0.0003577735,-0.7372863,0.0,0.0,0.0,2.518369,-1.352283,-0.7721592,0.3022623,-0.396708,2.06849,0.9822705,0.0529746,0.1798285,-0.1345628,0.8671208,0.4795772,-0.1305276,-0.4952728,0.8588756,moving,22.289940252721948,-12.877588022650018,8.313621424533407,-10.856714916966375,0.08029099999999989,-1.3524475535,1.6406787999999999,0.3710821012523624,-0.20695599237965698,0.9052443406573568,22.400081792421744,-13.023550251937742,13.753978826366087,14.121664777796312,14.252141630820587
05/05/2023 11:40:42.783021,3318,True,True,True,True,Eyes,2.456961,-0.001737797,-2.593937,0.2630519,-0.6097311,0.7476842,0.0,0.0,0.0,0.0,0.0,0.0,0.0,-1.931673,1.490906,2.398502,2.434578,-0.0009704307,-2.404122,0.2536453,-0.0854279,0.04936288,0.9622524,29.77369,350.7606,3.412217,0.6766917,-0.0003639529,-0.7362661,0.0,0.0,0.0,2.494203,-1.354537,-0.7648705,0.2990883,-0.3946907,2.068238,0.9805308,0.05166232,0.1894477,-0.1383359,0.8664547,0.4797076,-0.139365,-0.4965755,0.8567323,moving,22.09521720157209,-12.801861151485014,8.228511731082857,-10.804095005437972,0.05962500000000004,-1.3535665693,1.6392515,0.3680773990700904,-0.20602416906222107,0.9066824413136493,22.208220990849714,-12.948577902570088,13.649023088631122,14.009874738183338,14.14323435016557
05/05/2023 11:40:42.792744,3319,True,True,True,True,Eyes,2.455801,-0.002002402,-2.585368,0.2520808,-0.6111383,0.7503101,0.0,0.0,0.0,0.0,0.0,0.0,0.0,-1.904818,1.493939,2.4057,2.430916,-0.002203904,-2.395459,0.2538405,-0.08986519,0.04981457,0.9617734,29.81672,350.2072,3.316807,0.6777969,-0.0003761978,-0.7352488,0.0,0.0,0.0,2.47093,-1.355718,-0.756956,0.2958946,-0.3926609,2.067984,0.9788855,0.0501978,0.1981498,-0.1414435,0.8661671,0.4793208,-0.14757,-0.4972271,0.8549785,moving,21.882106961087203,-12.741900823981595,8.14281761177941,-10.75111969333551,0.040014000000000216,-1.353514096,1.6385029999999998,0.36475420820472576,-0.20536385477778127,0.908174020970262,21.998860968255133,-12.888824218186839,13.52769987544556,13.882769224262825,14.019975682293635
05/05/2023 11:40:42.812871,3320,True,True,True,True,Eyes,2.454522,-0.002292592,-2.576782,0.241282,-0.6124136,0.7528164,0.0,0.0,0.0,0.0,0.0,0.0,0.0,-1.880333,1.493088,2.412672,2.427013,-0.00311384,-2.386534,0.2533964,-0.09385427,0.05026022,0.9614863,29.78247,349.7119,3.242044,0.6788944,-0.0003947352,-0.7342355,0.0,0.0,0.0,2.448747,-1.354221,-0.7471402,0.2925579,-0.3905395,2.067719,0.9773306,0.04908435,0.2059507,-0.1442136,0.8665285,0.4778399,-0.1550077,-0.4967084,0.8539634,moving,21.63442122557542,-12.744449025652028,8.053223356631893,-10.695717594797706,0.02173399999999992,-1.35110716,1.6393938000000001,0.3607953746869887,-0.20574422371995013,0.9096680521532404,21.757480905329672,-12.889661062717616,13.380934587342074,13.734854787407349,13.878763017699686
05/05/2023 11:40:42.833310,3321,True,True,True,True,Eyes,2.453119,-0.002600587,-2.56817,0.231098,-0.6133935,0.75521,0.0,0.0,0.0,0.0,0.0,0.0,0.0,-1.859349,1.489758,2.418014,2.422941,-0.004026327,-2.377539,0.2525562,-0.09718525,0.05071242,0.9613526,29.6993,349.3023,3.19517,0.6799833,-0.0004196775,-0.7332272,0.0,0.0,0.0,2.429032,-1.351336,-0.7362193,0.2894516,-0.3885654,2.067473,0.9759665,0.04841555,0.212474,-0.1465945,0.8672872,0.4757341,-0.1612431,-0.4954481,0.8535408,moving,21.356161421344694,-12.773531238087386,7.969756623849794,-10.644128389558102,0.006091000000000069,-1.347309673,1.6413197,0.3563086407792434,-0.2065869560478527,0.9112442030779566,21.48701183863455,-12.916112331490595,13.200670352454127,13.55471098525229,13.706863228836305
05/05/2023 11:40:42.843755,3322,True,True,True,True,Eyes,2.451584,-0.002927356,-2.559532,0.2211309,-0.6141529,0.7575733,0.0,0.0,0.0,0.0,0.0,0.0,0.0,-1.841697,1.481681,2.423088,2.418588,-0.004786905,-2.368331,0.2509062,-0.09990231,0.05112648,0.9614842,29.5182,348.9724,3.174054,0.6810639,-0.0004509339,-0.7322236,0.0,0.0,0.0,2.410964,-1.345383,-0.7228664,0.2862995,-0.3865619,2.067223,0.9748112,0.04818238,0.2177649,-0.1484468,0.8688644,0.4722693,-0.166453,-0.4927,0.8541312,moving,21.029056072174964,-12.87566892959135,7.885005508286389,-10.591742139569122,-0.007624000000000297,-1.340596095,1.6454646,0.35094237109846355,-0.20866311730618237,0.9128521895849107,21.17089629113157,-13.013321514222689,12.982004205875906,13.341003965528262,13.504774731976763
05/05/2023 11:40:42.863097,3323,True,True,True,True,Eyes,2.449909,-0.003279621,-2.55087,0.2116415,-0.6146572,0.7598714,0.0,0.0,0.0,0.0,0.0,0.0,0.0,-1.826255,1.470484,2.427947,2.413926,-0.005595569,-2.359107,0.2485526,-0.1021408,0.05168163,0.9618306,29.25443,348.7108,3.196135,0.6821353,-0.0004884389,-0.7312254,0.0,0.0,0.0,2.394221,-1.336833,-0.7075511,0.2829917,-0.3844594,2.066961,0.9737925,0.04864318,0.2221755,-0.1501927,0.8711012,0.4675734,-0.1707931,-0.4886886,0.8555776,moving,20.673327847435036,-13.04900527446062,7.796007349438447,-10.53673263687984,-0.019705000000000084,-1.331237431,1.6515559,0.3450207825883137,-0.21192009316384863,0.9143580678638006,20.828797656405804,-13.179616054364162,12.751141497372505,13.120095160236461,13.298062112345388
05/05/2023 11:40:42.883189,3324,True,True,True,True,Eyes,2.448097,-0.003671631,-2.542179,0.2023793,-0.6149395,0.7621628,0.0,0.0,0.0,0.0,0.0,0.0,0.0,-1.810055,1.458778,2.433314,2.409037,-0.006591212,-2.349861,0.2458318,-0.1044149,0.05249872,0.9622414,28.95106,348.4546,3.255754,0.6831975,-0.0005323394,-0.7302331,0.0,0.0,0.0,2.37757,-1.327229,-0.6913016,0.2798516,-0.3824633,2.066712,0.9726828,0.04969584,0.2267564,-0.1523699,0.8736212,0.4621358,-0.175133,-0.4840624,0.8573284,moving,20.322402470717442,-13.263711996000458,7.71146635768515,-10.484477150492264,-0.031467000000000134,-1.320637788,1.6585594000000001,0.33911614431089854,-0.2158381619405349,0.9156496229182982,20.492495994280088,-13.386195169403765,12.531807309266123,12.913553189322796,13.10628421913678
05/05/2023 11:40:42.893288,3325,True,True,True,True,Eyes,2.446155,-0.00410838,-2.533452,0.1934644,-0.6151901,0.7642726,0.0,0.0,0.0,0.0,0.0,0.0,0.0,-1.794988,1.448523,2.436576,2.40398,-0.007974219,-2.340495,0.2431842,-0.1063804,0.05358922,0.9626385,28.65919,348.2464,3.360324,0.6842493,-0.0005831434,-0.7292476,0.0,0.0,0.0,2.362048,-1.317912,-0.6751323,0.276374,-0.3802527,2.066435,0.9716228,0.05143403,0.2308757,-0.1549141,0.8759793,0.4567953,-0.1787475,-0.4795986,0.8590894,moving,19.945307556330164,-13.475534578752988,7.617780136000331,-10.426577153431252,-0.041931999999999636,-1.309937781,1.6653627000000002,0.3327847943063775,-0.21974806573367392,0.917041443229749,20.13060603441823,-13.589794520838762,12.30547022238646,12.698979237734363,12.906461795456808
05/05/2023 11:40:42.913339,3326,True,True,True,True,Eyes,2.444062,-0.004573979,-2.524694,0.1847748,-0.6152511,0.766371,0.0,0.0,0.0,0.0,0.0,0.0,0.0,-1.781236,1.439193,2.437856,2.398641,-0.009528194,-2.331019,0.2407796,-0.1080668,0.05466931,0.9629944,28.39547,348.0724,3.470529,0.6852911,-0.0006414974,-0.7282687,0.0,0.0,0.0,2.34783,-1.309756,-0.6595445,0.2733369,-0.3783227,2.066195,0.9706656,0.05325192,0.2344619,-0.157333,0.8780729,0.4519229,-0.1818088,-0.4755546,0.8606936,moving,19.554402322928777,-13.643162686591774,7.535899935081417,-10.375987273296934,-0.05081099999999994,-1.3002278059999999,1.6714745,0.3262760694297364,-0.2229659429103865,0.9186023444487904,19.754062330088576,-13.750301761661941,12.054253806526678,12.45467120513147,12.675546953767206
05/05/2023 11:40:42.932971,3327,True,True,True,True,Eyes,2.441845,-0.005086449,-2.515887,0.1762903,-0.6152417,0.7683744,0.0,0.0,0.0,0.0,0.0,0.0,0.0,-1.768441,1.428067,2.439082,2.392968,-0.01071924,-2.321523,0.2384308,-0.1096509,0.05535214,0.9633607,28.13356,347.8987,3.53412,0.686322,-0.0007075133,-0.7272971,0.0,0.0,0.0,2.333003,-1.301475,-0.6442458,0.2703044,-0.3763952,2.065954,0.9698257,0.05435987,0.2376619,-0.1589364,0.8801739,0.4472507,-0.1848713,-0.4715284,0.8622549,moving,19.185856112816687,-13.79396162923584,7.454098722114986,-10.325441266639865,-0.059965000000000046,-1.29075576,1.6772772,0.32013980105466455,-0.22588253363450508,0.9200475132556343,19.39886102464573,-13.89458276250005,11.827859555565944,12.23375514631656,12.466600077063138
05/05/2023 11:40:42.942715,3328,True,True,True,True,Eyes,2.439477,-0.005680098,-2.507063,0.1680299,-0.6150943,0.7703408,0.0,0.0,0.0,0.0,0.0,0.0,0.0,-1.75767,1.412945,2.44063,2.387079,-0.01243011,-2.311751,0.2356555,-0.111013,0.05549253,0.9638794,27.81431,347.7375,3.542791,0.6873426,-0.0007818434,-0.7263326,0.0,0.0,0.0,2.31748,-1.292147,-0.6277058,0.2670442,-0.374323,2.065696,0.9691934,0.05465458,0.2401604,-0.1592978,0.8827742,0.4419661,-0.187852,-0.4666076,0.8642852,moving,18.83490913430779,-13.976662136151388,7.366096076770612,-10.271064099096156,-0.06959899999999974,-1.27971689,1.6840452000000001,0.314241162461227,-0.2292916815451732,0.9212371084147355,19.061675633725674,-14.070020191452752,11.638798350405393,12.052598465101326,12.297099193090965
05/05/2023 11:40:42.963293,3329,True,True,True,True,Eyes,2.43694,-0.006339824,-2.498212,0.1600308,-0.6152285,0.7719352,0.0,0.0,0.0,0.0,0.0,0.0,0.0,-1.746258,1.404683,2.439068,2.381119,-0.01499609,-2.302532,0.2339199,-0.1123544,0.05588901,0.9641238,27.62057,347.5844,3.572089,0.6883519,-0.0008660143,-0.7253761,0.0,0.0,0.0,2.302937,-1.287251,-0.6144579,0.2639011,-0.3723246,2.065446,0.9685058,0.05520397,0.2427942,-0.1603317,0.8843158,0.4384967,-0.1905,-0.4636142,0.865316,moving,18.484049050075154,-14.0681309463494,7.281204800434775,-10.21859869629995,-0.07818199999999997,-1.27225491,1.6880740999999997,0.30844903967004905,-0.2312233505629563,0.9227106096935239,18.722115959816097,-14.156691192336684,11.431737472405073,11.845784812576635,12.099711594256984
05/05/2023 11:40:42.983075,3330,True,True,True,True,Eyes,2.434254,-0.007068398,-2.489322,0.152369,-0.615271,0.7734503,0.0,0.0,0.0,0.0,0.0,0.0,0.0,-1.736792,1.406682,2.429575,2.37489,-0.01718566,-2.292953,0.2343775,-0.1131918,0.05653374,0.9638771,27.68566,347.4969,3.620892,0.6893497,-0.0009610601,-0.7244279,0.0,0.0,0.0,2.291292,-1.289354,-0.6063477,0.2606567,-0.3702626,2.065189,0.9679831,0.05592388,0.2447065,-0.1620424,0.8837422,0.4390239,-0.1917055,-0.4646205,0.8645096,moving,18.095057129094418,-13.892789351075328,7.19351860092901,-10.164427465872828,-0.08359800000000028,-1.27216834,1.6866052999999996,0.3023504656500704,-0.22886817042904364,0.9253127247896995,18.338193246356795,-13.983507000723455,11.127956341757706,11.521467989284417,11.78088033408182
05/05/2023 11:40:42.993369,3331,True,True,True,True,Eyes,2.431409,-0.007803349,-2.480389,0.1450292,-0.6155136,0.7746674,0.0,0.0,0.0,0.0,0.0,0.0,0.0,-1.730437,1.406195,2.41898,2.368594,-0.01958091,-2.283121,0.2337655,-0.1132601,0.05792029,0.9639353,27.63192,347.532,3.799685,0.6903359,-0.001068005,-0.7234877,0.0,0.0,0.0,2.283394,-1.287686,-0.5947753,0.2574785,-0.3682424,2.064937,0.9676348,0.05871021,0.2454303,-0.1646154,0.8839979,0.4375494,-0.1912713,-0.4637896,0.8650517,moving,17.599543985511367,-13.865679440851222,7.107568380051172,-10.111324477426727,-0.08519999999999994,-1.2681050900000002,1.6883457,0.2943252237554079,-0.22903147283140632,0.9278562864874957,17.854426951139665,-13.953843514336437,10.762439631967842,11.143461459392316,11.413146879629286
05/05/2023 11:40:43.013144,3332,True,True,True,True,Eyes,2.428385,-0.008317773,-2.471358,0.1382193,-0.6159008,0.7756041,0.0,0.0,0.0,0.0,0.0,0.0,0.0,-1.728588,1.411834,2.401191,2.362113,-0.0204279,-2.273107,0.234169,-0.1121671,0.06025675,0.963822,27.70452,347.7404,4.120807,0.6913099,-0.001185872,-0.722557,0.0,0.0,0.0,2.281868,-1.287585,-0.5850066,0.2543747,-0.3662697,2.06469,0.9675754,0.06362146,0.2444387,-0.1686856,0.8830681,0.4378767,-0.1879976,-0.4649119,0.8651669,moving,16.965607116459665,-13.730920729804144,7.023581928003168,-10.059445028673585,-0.08024500000000012,-1.2671571,1.6881004,0.2841407474343941,-0.22757897040811834,0.9313817359951531,17.232821103911974,-13.818521489853891,10.24080214760546,10.598282817131066,10.879302385351323
05/05/2023 11:40:43.032807,3333,True,True,True,True,Eyes,2.425157,-0.008866716,-2.462236,0.131526,-0.6157588,0.7768797,0.0,0.0,0.0,0.0,0.0,0.0,0.0,-1.729814,1.426846,2.373182,2.354728,-0.01561207,-2.26167,0.2377747,-0.1102609,0.06290865,0.9629893,28.1526,348.0578,4.470622,0.6922718,-0.001307317,-0.7216354,0.0,0.0,0.0,2.284434,-1.292583,-0.5817562,0.251213,-0.3642598,2.06444,0.96777,0.06872621,0.2422763,-0.1735952,0.8790114,0.4440762,-0.182444,-0.4718216,0.8626115,moving,16.259644372973977,-13.165310789444073,6.937971523501839,-10.0065494754721,-0.07029400000000008,-1.27697093,1.6799138,0.2731876780973193,-0.21909751921375167,0.9366775466166066,16.529390236833883,-13.263510367770223,9.536285066424131,9.842324814353157,10.129319186816826
05/05/2023 11:40:43.042807,3334,True,True,True,True,Eyes,2.42178,-0.009413196,-2.453191,0.1252165,-0.6158158,0.7778764,0.0,0.0,0.0,0.0,0.0,0.0,0.0,-1.73373,1.37418,2.383081,2.347101,-0.01708839,-2.250354,0.2266009,-0.1086667,0.06389201,0.9657958,26.8455,348.2993,4.768143,0.6932217,-0.001433112,-0.7207227,0.0,0.0,0.0,2.276245,-1.252908,-0.5411795,0.2479864,-0.3622091,2.064184,0.9682187,0.07416531,0.2388557,-0.1726612,0.8891397,0.4238146,-0.1809437,-0.4515863,0.8736871,moving,15.616609498883706,-14.366026245362855,6.850553156801553,-9.952553561138876,-0.07085600000000003,-1.2358196099999998,1.7091745,0.2613649413069371,-0.2394910325518241,0.9350574195533301,15.934910828354852,-14.42752334540766,9.452125829543068,9.814401913868718,10.126742263671368
05/05/2023 11:40:43.062810,3335,True,True,True,True,Eyes,2.418216,-0.009807344,-2.444088,0.1188854,-0.6165619,0.7782787,0.0,0.0,0.0,0.0,0.0,0.0,0.0,-1.717993,1.404599,2.362994,2.340119,-0.0175284,-2.24314,0.2304131,-0.1092333,0.06815217,0.9645379,27.34667,348.3535,5.240765,0.694158,-0.001562851,-0.7198206,0.0,0.0,0.0,2.272213,-1.264382,-0.5430713,0.2448144,-0.3601929,2.063932,0.9668467,0.08113313,0.2421255,-0.1818082,0.8845302,0.4295953,-0.1793129,-0.4593732,0.8699558,moving,15.100264620335102,-13.915089359952766,6.764562745410986,-9.899437009425444,-0.06790600000000024,-1.2468536,1.7000686999999999,0.2533615490387454,-0.23263710356419048,0.9389824030579121,15.419413856220524,-13.985344741451703,8.929312583005055,9.252534223006636,9.570845821812881
05/05/2023 11:40:43.083101,3336,True,True,True,True,Eyes,2.414483,-0.01014605,-2.434948,0.1124756,-0.6167504,0.7790817,0.0,0.0,0.0,0.0,0.0,0.0,0.0,-1.688401,1.44616,2.341088,2.332011,-0.0141486,-2.232554,0.2373561,-0.1121883,0.07269678,0.9621805,28.23378,348.1193,5.643439,0.6950802,-0.001691781,-0.7189299,0.0,0.0,0.0,2.25979,-1.283466,-0.5506023,0.2415512,-0.3581187,2.063673,0.964258,0.08663768,0.2504008,-0.193152,0.8767545,0.4404474,-0.1813806,-0.4730703,0.8621517,moving,14.85332812222111,-13.092169799615906,6.676045303437855,-9.84475980342093,-0.07222099999999987,-1.2693174,1.6819517,0.25010432988210995,-0.21931921294353338,0.9430519703486437,15.156515139203176,-13.183019420510819,8.524419198868618,8.79850134862494,9.113854612973515
05/05/2023 11:40:43.093408,3337,True,True,True,True,Eyes,2.410638,-0.01049168,-2.4259,0.1058171,-0.6169753,0.779836,0.0,0.0,0.0,0.0,0.0,0.0,0.0,-1.66016,1.410099,2.366018,2.324303,-0.01327712,-2.222608,0.2287445,-0.116398,0.07439008,0.9636357,27.26911,347.6378,5.819031,0.6959883,-0.001818465,-0.7180505,0.0,0.0,0.0,2.230947,-1.252094,-0.5202651,0.2383886,-0.3561084,2.063423,0.9618352,0.09011908,0.2583632,-0.1966207,0.8842841,0.423535,-0.1902979,-0.4581704,0.868255,moving,14.76549943977433,-14.10449625168828,6.590201739986986,-9.791731897604125,-0.093356,-1.2388168800000001,1.7023429,0.2476582585769383,-0.23609951779178973,0.9396394899192047,15.098183547114166,-14.16741468601436,8.915620822575944,9.243128737284101,9.567254271482318
05/05/2023 11:40:43.112930,3338,True,True,True,True,Eyes,2.406664,-0.01080812,-2.416881,0.09929386,-0.6177201,0.7801042,0.0,0.0,0.0,0.0,0.0,0.0,0.0,-1.620795,1.454583,2.353466,2.317777,-0.01370836,-2.215697,0.2351395,-0.1212797,0.07883269,0.9611381,28.10732,347.1574,6.15036,0.6968811,-0.001943393,-0.7171837,0.0,0.0,0.0,2.212399,-1.273978,-0.5310963,0.2351216,-0.3540322,2.063163,0.9581532,0.09450291,0.2702064,-0.2085735,0.8769896,0.4328814,-0.1960596,-0.4711246,0.8600013,moving,14.717368407900894,-13.413193856043874,6.5014768004685495,-9.73694274555485,-0.10537799999999997,-1.26026964,1.6846007,0.2475515127212048,-0.22475171174570296,0.942446217060777,15.032631671306564,-13.494469162284608,8.708879734381185,9.000872020668275,9.321995934489843
05/05/2023 11:40:43.133167,3339,True,True,True,True,Eyes,2.402616,-0.01110042,-2.407903,0.0923361,-0.6181039,0.7806546,0.0,0.0,0.0,0.0,0.0,0.0,0.0,-1.575292,1.509654,2.33479,2.310742,-0.01321526,-2.207293,0.243225,-0.1267442,0.08459236,0.9579258,29.17155,346.6459,6.603478,0.6977581,-0.002065949,-0.7163301,0.0,0.0,0.0,2.194528,-1.30072,-0.5453607,0.2318466,-0.3519503,2.062904,0.9535601,0.1004117,0.283973,-0.2237211,0.8673714,0.4445398,-0.2016731,-0.4874261,0.8495551,moving,14.673038911293059,-12.503320339424793,6.412475651980403,-9.681963348896598,-0.11621399999999982,-1.2875047400000001,1.6619323,0.24766798322041808,-0.20975124379741972,0.9458673146232225,14.964894405719257,-12.608882589321402,8.483707032903123,8.729087044422712,9.039398363789095
05/05/2023 11:40:43.143408,3340,True,True,True,True,Eyes,2.398479,-0.0113676,-2.399011,0.08535409,-0.6188605,0.7808498,0.0,0.0,0.0,0.0,0.0,0.0,0.0,-1.523993,1.530317,2.341563,2.304187,-0.01302691,-2.199522,0.2434738,-0.1336439,0.09025477,0.9564068,29.33032,345.9474,7.087148,0.6986195,-0.002185713,-0.7154897,0.0,0.0,0.0,2.167385,-1.301494,-0.5411295,0.2285521,-0.3498564,2.062642,0.9479867,0.107563,0.2995853,-0.2377181,0.8651492,0.4415959,-0.2116866,-0.4898439,0.8457197,moving,14.713786551713648,-12.573569499418337,6.322895078857352,-9.626641858346684,-0.1368020000000003,-1.28846709,1.6583925,0.2482791131150061,-0.2108767468867118,0.9454567832076314,15.006509419180869,-12.677504131739171,8.641120912465732,8.893336957012517,9.203962115452335
05/05/2023 11:40:43.162926,3341,True,True,True,True,Eyes,2.394254,-0.01154004,-2.390146,0.07800481,-0.6196255,0.7810119,0.0,0.0,0.0,0.0,0.0,0.0,0.0,-1.468825,1.572489,2.33634,2.297983,-0.01262057,-2.192662,0.2487613,-0.1410486,0.09573337,0.9534456,30.09046,345.1785,7.462758,0.6994644,-0.002302249,-0.7146634,0.0,0.0,0.0,2.141705,-1.319725,-0.5518365,0.2253899,-0.3478462,2.062391,0.9418808,0.1123782,0.3165938,-0.252728,0.8579059,0.4473546,-0.2213348,-0.5013668,0.8364463,moving,14.855519266247292,-12.039632010671573,6.236859804636162,-9.573499061417978,-0.15627799999999992,-1.30710443,1.6408255,0.25110231776895087,-0.20190519286836978,0.9466689060483837,15.130281811661316,-12.15893125637513,8.735046305826234,8.9645469845728,9.261609721304406
05/05/2023 11:40:43.183215,3342,True,True,True,True,Eyes,2.389923,-0.01163531,-2.381313,0.07036538,-0.6201847,0.7812936,0.0,0.0,0.0,0.0,0.0,0.0,0.0,-1.415581,1.596871,2.338432,2.291182,-0.01056653,-2.184605,0.2519014,-0.1487048,0.09962968,0.9510556,30.58228,344.3208,7.648972,0.7002923,-0.002413037,-0.7138518,0.0,0.0,0.0,2.110945,-1.329394,-0.5568045,0.2223233,-0.3458974,2.062148,0.9359216,0.1145888,0.3330467,-0.2644246,0.8532392,0.4495136,-0.2326593,-0.5087753,0.8288652,moving,15.07430840456373,-11.729454172096947,6.153377344047272,-9.521949724199905,-0.18023699999999998,-1.31882747,1.6278004999999998,0.2549975052992905,-0.19657022245777858,0.946750473013683,15.335201311178979,-11.858583992963068,8.970326227549531,9.189999285852668,9.4744789339231
05/05/2023 11:40:43.193597,3343,True,True,True,True,Eyes,2.385496,-0.01173396,-2.372575,0.06238563,-0.620239,0.7819282,0.0,0.0,0.0,0.0,0.0,0.0,0.0,-1.367307,1.580511,2.364061,2.284417,-0.008852616,-2.176623,0.247856,-0.156674,0.1009755,0.9506969,30.19287,343.3368,7.600994,0.7011046,-0.002516587,-0.7130536,0.0,0.0,0.0,2.06978,-1.315254,-0.5442457,0.2189088,-0.3437266,2.061877,0.9305144,0.114329,0.3479537,-0.2696593,0.8567427,0.4396313,-0.2478442,-0.5029122,0.8280414,moving,15.355524504331386,-12.22101485643484,6.060371197333951,-9.464496881086648,-0.21463699999999974,-1.306401384,1.6323773000000001,0.25921426212207954,-0.20444791963593784,0.9439327880605589,15.622585240033045,-12.338729668845076,9.441426751312086,9.695270308196829,9.98484609378719
05/05/2023 11:40:43.223305,3344,True,True,True,True,Eyes,2.380974,-0.01180868,-2.363915,0.0542038,-0.6202395,0.7825375,0.0,0.0,0.0,0.0,0.0,0.0,0.0,-1.319713,1.577563,2.381097,2.278309,-0.0091279,-2.170069,0.2461833,-0.1642642,0.1025807,0.9496781,30.08541,342.4101,7.567961,0.7018996,-0.00261363,-0.7122708,0.0,0.0,0.0,2.033145,-1.311185,-0.5396311,0.2158839,-0.3418043,2.061637,0.9249889,0.1139591,0.3625035,-0.2757155,0.857742,0.4338891,-0.2614889,-0.5012904,0.8248221,moving,15.603464127494151,-12.415059547993218,5.977929738300828,-9.413592331336549,-0.24516399999999994,-1.3020571,1.6304378999999998,0.26312855315759126,-0.20741587902933242,0.9422006399067143,15.869511611498918,-12.529176297370856,9.810805424912527,10.082644381818096,10.37064392425037
05/05/2023 11:40:43.233056,3345,True,True,True,True,Eyes,2.376374,-0.01185495,-2.355346,0.04586802,-0.6202962,0.7830254,0.0,0.0,0.0,0.0,0.0,0.0,0.0,-1.269907,1.586969,2.389589,2.271799,-0.008597795,-2.163359,0.2474796,-0.1720319,0.1042413,0.9477831,30.32999,341.4561,7.485693,0.7026775,-0.002704245,-0.711503,0.0,0.0,0.0,1.997459,-1.316394,-0.5433722,0.2126602,-0.339755,2.061382,0.9190776,0.1124475,0.377693,-0.2827451,0.8557752,0.4332482,-0.2745027,-0.5049795,0.8183178,moving,15.898937823184161,-12.25922038144864,5.890019449027492,-9.35929129051758,-0.27434000000000003,-1.307796205,1.6199868,0.2681487102771226,-0.204558705179746,0.9414095991385585,16.153344595839798,-12.379506661319528,10.149141974374901,10.420558322516083,10.69848325489264
05/05/2023 11:40:43.242891,3346,True,True,True,True,Eyes,2.371704,-0.01184716,-2.346874,0.0373688,-0.6205075,0.7833097,0.0,0.0,0.0,0.0,0.0,0.0,0.0,-1.223132,1.587302,2.401764,2.265456,-0.007872332,-2.156778,0.2470256,-0.1794125,0.105674,0.9463735,30.36291,340.5457,7.41641,0.7034369,-0.002788127,-0.7107518,0.0,0.0,0.0,1.961989,-1.315384,-0.5429105,0.2095211,-0.33776,2.061132,0.9132883,0.1113752,0.3917908,-0.2886531,0.8556226,0.4296384,-0.2873741,-0.5054754,0.813579,moving,16.13031583402663,-12.309948067739045,5.804373264679751,-9.306407635048851,-0.30346699999999993,-1.307511668,1.6138675,0.27191284661538245,-0.20516705620737974,0.9401967633301541,16.380263537371246,-12.430398272992152,10.472707517958597,10.753899063886308,11.027636762514804
05/05/2023 11:40:43.262898,3347,True,True,True,True,Eyes,2.366931,-0.01182562,-2.338498,0.02869167,-0.6206065,0.783597,0.0,0.0,0.0,0.0,0.0,0.0,0.0,-1.174987,1.594309,2.409771,2.259245,-0.006534364,-2.150624,0.2482923,-0.1870065,0.1069316,0.9444287,30.59608,339.594,7.28253,0.7041779,-0.002864385,-0.7100174,0.0,0.0,0.0,1.926892,-1.319633,-0.5481791,0.2063354,-0.3357346,2.06088,0.9071885,0.109114,0.406329,-0.294843,0.8538331,0.428995,-0.3001279,-0.5089825,0.806759,moving,16.41221982065999,-12.146427064062053,5.717403074361638,-9.252680649044676,-0.3323529999999999,-1.313098636,1.6024449,0.276710127529726,-0.20219496689101343,0.9394405776125829,16.650661462019407,-12.273164343527913,10.799906367008933,11.079389583877333,11.342815378905188
05/05/2023 11:40:43.282790,3348,True,True,True,True,Eyes,2.362095,-0.01179363,-2.330226,0.01987729,-0.6208144,0.7837055,0.0,0.0,0.0,0.0,0.0,0.0,0.0,-1.130962,1.5929,2.420034,2.252786,-0.006129518,-2.144267,0.2483825,-0.1942217,0.1071332,0.9429246,30.66563,338.6572,7.048834,0.7048997,-0.002933376,-0.7093006,0.0,0.0,0.0,1.890494,-1.320542,-0.5505622,0.2031628,-0.3337183,2.060628,0.9016008,0.1055546,0.4194928,-0.2985196,0.8536572,0.4267967,-0.3130527,-0.5100271,0.8011682,moving,16.68039659639637,-12.115282670902939,5.63074589958023,-9.199170655426729,-0.36229200000000006,-1.314412482,1.5937048000000003,0.2811504122100653,-0.20141360170099948,0.9382893708229332,16.911245819166727,-12.244639740284134,11.14294499285626,11.42796962756089,11.684372485615697
05/05/2023 11:40:43.292975,3349,True,True,True,True,Eyes,2.357201,-0.01171946,-2.322039,0.01100724,-0.6210026,0.7837312,0.0,0.0,0.0,0.0,0.0,0.0,0.0,-1.087507,1.595294,2.427397,2.246531,-0.005823199,-2.138446,0.2491126,-0.2012045,0.1075657,0.9412169,30.81205,337.753,6.836866,0.7056012,-0.002995453,-0.7086024,0.0,0.0,0.0,1.856117,-1.323586,-0.555347,0.1999492,-0.3316754,2.060373,0.8958927,0.1022402,0.4323461,-0.3027305,0.8527451,0.4256526,-0.3251622,-0.5122234,0.7949193,moving,16.920917107205057,-12.000978808127371,5.542920181135366,-9.144923447582762,-0.39041400000000004,-1.317762801,1.583099,0.2852130339328207,-0.19929191594860687,0.9375159944795537,17.142628909000635,-12.13501888145676,11.446058435443414,11.730978913634912,11.978894493023462
05/05/2023 11:40:43.318661,3350,True,True,True,True,Eyes,2.352235,-0.0116168,-2.313925,0.001943779,-0.6210851,0.7837407,0.0,0.0,0.0,0.0,0.0,0.0,0.0,-1.043055,1.600999,2.431956,2.240203,-0.004791316,-2.132379,0.2502895,-0.2081154,0.1086926,0.9392707,31.02555,336.8756,6.701731,0.7062835,-0.003050091,-0.7079223,0.0,0.0,0.0,1.823606,-1.327503,-0.5612755,0.1967669,-0.3296527,2.060121,0.8897479,0.1000052,0.4453625,-0.3083616,0.8510822,0.424938,-0.3365441,-0.5154203,0.7880864,moving,17.120679525967756,-11.822144886291884,5.4559013209421305,-9.091181020657492,-0.4165970000000001,-1.3227116840000002,1.5711034999999998,0.28866634819193354,-0.1961528144335901,0.9371210046555435,17.332540945190395,-11.962341006053373,11.700272608541782,11.980200925186589,12.218761329447533
05/05/2023 11:40:43.332999,3351,True,True,True,True,Eyes,2.347225,-0.01150937,-2.305898,-0.00725553,-0.6211597,0.7836505,0.0,0.0,0.0,0.0,0.0,0.0,0.0,-0.9999292,1.589052,2.446089,2.233541,-0.003969826,-2.125929,0.2481536,-0.2151532,0.1090402,0.9382107,30.83459,335.974,6.54173,0.7069457,-0.003097124,-0.7072606,0.0,0.0,0.0,1.786469,-1.320321,-0.5590212,0.1935663,-0.3276187,2.059867,0.8836387,0.09782334,0.4578355,-0.3113874,0.8530601,0.4187199,-0.3496006,-0.5125613,0.7842578,moving,17.31290007469945,-12.038075484148527,5.368336525372006,-9.037111373185637,-0.44707200000000014,-1.316351174,1.5669078,0.291607817590619,-0.19949716468443493,0.9355030110976812,17.525741203725516,-12.173712778519894,12.01705499617945,12.315777847103654,12.555507034333449
05/05/2023 11:40:43.348439,3352,True,True,True,True,Eyes,2.342149,-0.0114153,-2.29796,-0.01655107,-0.6213195,0.7833825,0.0,0.0,0.0,0.0,0.0,0.0,0.0,-0.9568701,1.583071,2.456555,2.227249,-0.003915548,-2.120311,0.2471758,-0.2221215,0.1093176,0.9368116,30.77566,335.0716,6.349155,0.7075884,-0.003137163,-0.7066174,0.0,0.0,0.0,1.750373,-1.317474,-0.561186,0.1898924,-0.3252835,2.059575,0.8774235,0.09501385,0.4702133,-0.3146261,0.8539075,0.4145507,-0.3621306,-0.5116778,0.7791323,moving,17.512667072767393,-12.117627001538297,5.267766265955265,-8.975000143131748,-0.4768760000000001,-1.313558452,1.559125,0.2948005767213252,-0.200590298642096,0.9342677091498421,17.72262202684709,-12.25243989712026,12.331943966721743,12.641744315554185,12.878860328679886
05/05/2023 11:40:43.363249,3353,True,True,True,True,Eyes,2.337,-0.01132799,-2.290102,-0.02605095,-0.6214229,0.7830421,0.0,0.0,0.0,0.0,0.0,0.0,0.0,-0.9122483,1.585395,2.461092,2.220706,-0.004122559,-2.114496,0.2475643,-0.2290328,0.1103177,0.9349257,30.89332,334.1887,6.213441,0.708212,-0.003171331,-0.7059922,0.0,0.0,0.0,1.717735,-1.320148,-0.5666428,0.1872353,-0.3235943,2.059364,0.870748,0.09287705,0.4828786,-0.3196784,0.8530838,0.4123757,-0.3736357,-0.5134411,0.7725118,moving,17.68500289116021,-12.024944548803298,5.19499157449042,-8.930045904032442,-0.5029709999999998,-1.316025441,1.5478532,0.2977146205215214,-0.19889043932124703,0.9337069138048888,17.88812015425822,-12.163404166417564,12.558839293324208,12.8677418497553,13.098477728173313
05/05/2023 11:40:43.373138,3354,True,True,True,True,Eyes,2.331784,-0.01125684,-2.282326,-0.03569448,-0.6215479,0.7825625,0.0,0.0,0.0,0.0,0.0,0.0,0.0,-0.8661506,1.581875,2.468834,2.214011,-0.004236095,-2.108511,0.2467972,-0.2362564,0.1112311,0.9332213,30.87661,333.2689,6.085757,0.7088163,-0.00320041,-0.7053854,0.0,0.0,0.0,1.682171,-1.31859,-0.5700982,0.1839368,-0.3214975,2.059103,0.8636211,0.0909916,0.4958621,-0.3242213,0.8534375,0.4080746,-0.3860559,-0.5131909,0.766548,moving,17.868354667530493,-12.076398602251027,5.1046033045150985,-8.874212198130868,-0.5318400000000001,-1.314353905,1.5384128000000001,0.300660790085826,-0.19953559441916457,0.9326245708579035,18.068241790935943,-12.214684038324163,12.841647508534079,13.159306464385171,13.387108534770908
05/05/2023 11:40:43.392835,3355,True,True,True,True,Eyes,2.326478,-0.01118174,-2.274616,-0.04554167,-0.6217181,0.781916,0.0,0.0,0.0,0.0,0.0,0.0,0.0,-0.8195578,1.577922,2.476316,2.207314,-0.004548024,-2.102712,0.2461128,-0.2436351,0.1118417,0.9314301,30.86192,332.3163,5.912368,0.7094009,-0.003225369,-0.7047975,0.0,0.0,0.0,1.645937,-1.317503,-0.5747505,0.1808112,-0.3195105,2.058855,0.8562668,0.08842203,0.5089093,-0.3282688,0.8538399,0.4039765,-0.3988067,-0.5129707,0.7601409,moving,18.07274272746265,-12.1197638344698,5.018909961140169,-8.821276312617078,-0.5613770000000002,-1.312954976,1.5279615,0.3039550182528648,-0.2000220691640503,0.9314518717337101,18.268651975293643,-12.258233115610048,13.137879911254833,13.464121576357387,13.688255385813907
05/05/2023 11:40:43.412962,3356,True,True,True,True,Eyes,2.321101,-0.0111285,-2.266971,-0.05556501,-0.6217887,0.7812115,0.0,0.0,0.0,0.0,0.0,0.0,0.0,-0.7727519,1.568653,2.485659,2.200341,-0.004393332,-2.096378,0.2446521,-0.2511836,0.1121393,0.9297726,30.7489,331.3376,5.717817,0.7099653,-0.003246497,-0.7042288,0.0,0.0,0.0,1.607738,-1.313204,-0.57781,0.1776435,-0.3174976,2.058604,0.8486631,0.08562291,0.5219575,-0.3314333,0.8551402,0.3986065,-0.412217,-0.5112767,0.7541043,moving,18.290014869719418,-12.249871462216857,4.932017520291447,-8.767620954595504,-0.592603,-1.308810668,1.5185680000000001,0.30736380138341407,-0.20190451424590314,0.9299258713695964,18.48395979507135,-12.386266617982114,13.463559796910408,13.804425442051322,14.026750723389698
05/05/2023 11:40:43.422902,3357,True,True,True,True,Eyes,2.315659,-0.01111327,-2.259402,-0.0657182,-0.6220488,0.7802156,0.0,0.0,0.0,0.0,0.0,0.0,0.0,-0.7272567,1.554337,2.497101,2.19339,-0.004886709,-2.09031,0.2421648,-0.2585899,0.1121615,0.9283897,30.5077,330.3801,5.529354,0.7105101,-0.003264853,-0.7036789,0.0,0.0,0.0,1.568891,-1.30589,-0.578952,0.1744995,-0.3154994,2.058354,0.8411022,0.08301634,0.5344675,-0.3335018,0.857552,0.391639,-0.4258212,-0.5076543,0.748975,moving,18.47419682734199,-12.511616292831304,4.845733787722299,-8.714332626241879,-0.6244989999999999,-1.301003291,1.511358,0.3100838640856289,-0.20595930692233627,0.9281318521642472,18.67055872446175,-12.642161609981953,13.783637089189114,14.147592306354706,14.371973596448106
05/05/2023 11:40:43.443077,3358,True,True,True,True,Eyes,2.310153,-0.01113228,-2.251906,-0.07589521,-0.6224252,0.7789909,0.0,0.0,0.0,0.0,0.0,0.0,0.0,-0.682227,1.55065,2.501283,2.186596,-0.005781438,-2.084498,0.2415976,-0.2656729,0.1127146,0.9264686,30.50114,329.4608,5.359634,0.7110347,-0.003281861,-0.7031487,0.0,0.0,0.0,1.534006,-1.305501,-0.5850865,0.171297,-0.3134634,2.0581,0.8334267,0.08048114,0.5467383,-0.3372248,0.857852,0.3877747,-0.437812,-0.5075555,0.7420971,moving,18.628311162869085,-12.542403544383617,4.757798872949876,-8.660004266820591,-0.6525900000000002,-1.299719562,1.4994115,0.31255752664003644,-0.20628202281034505,0.9272300439398679,18.821622113033925,-12.673139122452357,14.032549961650469,14.403615356403465,14.62519659689451
05/05/2023 11:40:43.462881,3359,True,True,True,True,Eyes,2.304576,-0.01118122,-2.244476,-0.08613845,-0.6231075,0.7773784,0.0,0.0,0.0,0.0,0.0,0.0,0.0,-0.6375756,1.555682,2.499073,2.179663,-0.006594386,-2.078711,0.2426846,-0.2724614,0.1137725,0.9240807,30.6983,328.5741,5.206258,0.7115401,-0.003298748,-0.7026371,0.0,0.0,0.0,1.502499,-1.310715,-0.5952465,0.1680716,-0.3114135,2.057844,0.8256412,0.07802553,0.5587741,-0.3425142,0.85632,0.3865229,-0.4483309,-0.5105174,0.7337379,moving,18.745958756606782,-12.385918819628696,4.669190919078549,-8.605276684343716,-0.6771640000000001,-1.3041206140000001,1.4834645000000002,0.31464116561183847,-0.20360121947091367,0.9271178168084105,18.93208944596365,-12.521662123525514,14.211075160864068,14.575618261561376,14.790819764179956
05/05/2023 11:40:43.473339,3360,True,True,True,True,Eyes,2.298937,-0.01125607,-2.237106,-0.09636094,-0.6238699,0.775565,0.0,0.0,0.0,0.0,0.0,0.0,0.0,-0.5932835,1.559177,2.496725,2.17268,-0.007320981,-2.072694,0.2433691,-0.2791373,0.1150972,0.9217412,30.85735,327.7119,5.100126,0.7120261,-0.003316463,-0.7021445,0.0,0.0,0.0,1.471648,-1.314623,-0.6043255,0.1648844,-0.3093873,2.057591,0.8176701,0.07631296,0.5706068,-0.3480464,0.8550482,0.3843907,-0.4585624,-0.5129023,0.7257078,moving,18.831203756706046,-12.279996935837964,4.5815888020300815,-8.551152730657508,-0.7010320000000001,-1.3073020190000002,1.4683685,0.3161418399966329,-0.2017808640175287,0.9270053786405861,19.012332949065176,-12.419167096477311,14.368669459991173,14.729419725944153,14.940144302227338
05/05/2023 11:40:43.493316,3361,True,True,True,True,Eyes,2.155143,-0.0136292,-2.054938,-0.3498132,-0.6248937,0.6979531,0.0,0.0,0.0,0.0,0.0,0.0,0.0,-0.5485307,1.564101,2.492832,2.165647,-0.007995468,-2.066741,0.2441342,-0.2857229,0.1169269,0.9192873,31.04267,326.8729,5.053425,0.712492,-0.00333571,-0.7016716,0.0,0.0,0.0,1.442102,-1.318998,-0.6138313,0.1616307,-0.3073196,2.057333,0.8093811,0.07546943,0.5824146,-0.3544883,0.8534532,0.3820414,-0.4682311,-0.5156763,0.7175219,moving,4.415748154826596,-8.226220560109002,4.492113907839771,-8.495889902434048,-0.7235449999999999,-1.3110025319999998,1.4529097,0.07620550145088645,-0.14266580779750979,0.9868328783677827,4.850611475635641,-8.379311143750193,0.27848230844980704,0.2802735849545791,0.3769762765636884
05/05/2023 11:40:43.512887,3362,True,True,True,True,Eyes,2.154844,-0.0136454,-2.054687,-0.3502319,-0.6248791,0.6977562,0.0,0.0,0.0,0.0,0.0,0.0,0.0,-0.5040469,1.564034,2.490912,2.158465,-0.008424785,-2.060549,0.2439968,-0.2923276,0.1186785,0.9170201,31.12358,326.0382,5.02668,0.7139823,-0.003513708,-0.7001542,-0.4313844,-0.007119396,0.5465033,1.411672,-1.320187,-0.621269,0.1584982,-0.3053283,2.057085,0.80092,0.07500716,0.5940549,-0.3603151,0.852762,0.3781138,-0.4782262,-0.5168858,0.7100203,moving,5.050286021856401,-8.24425388166479,4.405929147091277,-8.442638938998002,-0.746793,-1.311762215,1.4392800000000001,0.08712724475896269,-0.14284807196370886,0.9859022566105742,5.46965706045704,-8.4010651877908,0.6698392848746642,0.6742050229938805,1.0645400182533853
05/05/2023 11:40:43.533045,3363,True,True,True,True,Eyes,2.154249,-0.01368826,-2.054204,-0.3511728,-0.6248291,0.697328,0.0,0.0,0.0,0.0,0.0,0.0,0.0,-0.4591817,1.55881,2.491254,2.151094,-0.008833617,-2.054215,0.2428924,-0.2990593,0.120315,0.9149268,31.09242,325.1947,5.016514,0.7152161,-0.003658866,-0.6988931,-0.4055013,-0.006692232,0.5137131,1.37956,-1.3181,-0.6269189,0.1552589,-0.303269,2.056828,0.7921757,0.07488039,0.605682,-0.3654373,0.8530552,0.3724948,-0.4887876,-0.5164201,0.7031336,moving,5.64820326902533,-8.37335829084217,4.31676424986123,-8.387542699227481,-0.7715340000000002,-1.309266383,1.4272961000000002,0.0973810178559944,-0.14493090039782386,0.9846380303044648,6.055997896483786,-8.530646803269756,1.317689026734522,1.3315145734065024,1.7451110171383757
05/05/2023 11:40:43.542722,3364,True,True,True,True,Eyes,2.153382,-0.01376599,-2.053487,-0.352521,-0.6247717,0.696699,0.0,0.0,0.0,0.0,0.0,0.0,0.0,-0.41362,1.551868,2.492034,2.143737,-0.009467408,-2.047904,0.2415011,-0.3059684,0.1218129,0.9128101,31.02628,324.3254,4.994239,0.7162414,-0.003778733,-0.6978417,-0.3811712,-0.006290698,0.4828903,1.34656,-1.315306,-0.6327505,0.1520633,-0.3012383,2.056574,0.7830899,0.07460066,0.6174179,-0.3701674,0.8536776,0.3663475,-0.4997462,-0.515431,0.6961212,moving,6.239299682196063,-8.539329079315062,4.228760817874319,-8.333185127372252,-0.7971769999999998,-1.3058385920000002,1.4151535,0.10749041582795699,-0.14762795249926097,0.9831846354113246,6.636683322478296,-8.696053593258176,1.9969756220020232,2.0210793784190586,2.435110739106683
05/05/2023 11:40:43.562989,3365,True,True,True,True,Eyes,2.152237,-0.0138779,-2.052553,-0.3544018,-0.6247759,0.6957402,0.0,0.0,0.0,0.0,0.0,0.0,0.0,-0.3672769,1.545962,2.491451,2.136415,-0.01038646,-2.041529,0.2403521,-0.3130313,0.1232815,0.9105186,30.98889,323.4286,4.953637,0.7170953,-0.003879528,-0.6969636,-0.358301,-0.005913256,0.4539169,1.31327,-1.313556,-0.6400518,0.1486809,-0.2990882,2.056306,0.7736261,0.07402469,0.6293036,-0.3749756,0.8540651,0.3605081,-0.5107797,-0.514872,0.6884845,moving,6.819958213010989,-8.680892739249769,4.135565948807863,-8.275596648030136,-0.823145,-1.3031695399999998,1.4014772000000002,0.1174083403123892,-0.14988728166747736,0.9817072228416749,7.206535852077227,-8.837643413216933,2.680440552197091,2.714816153935934,3.121978973831052
05/05/2023 11:40:43.582815,3366,True,True,True,True,Eyes,2.150835,-0.0140092,-2.051392,-0.3566943,-0.6247717,0.6945715,0.0,0.0,0.0,0.0,0.0,0.0,0.0,-0.3206902,1.541191,2.489223,2.129112,-0.01125296,-2.034968,0.2395959,-0.3202055,0.1246084,0.9080393,30.99248,322.5038,4.875604,0.717808,-0.003966347,-0.6962291,-0.3368029,-0.005558461,0.4266819,1.280306,-1.313156,-0.6488006,0.145608,-0.2971348,2.056063,0.7638824,0.07285872,0.6412296,-0.3797384,0.8541331,0.3553244,-0.5218069,-0.5149255,0.6801245,moving,7.404439269016001,-8.779549420098167,4.050857669331809,-8.22324707157369,-0.8488060000000002,-1.30190304,1.3861674000000002,0.12738707352968623,-0.15138961402624032,0.9802314969680166,7.778958169812319,-8.937510767054649,3.355252794368764,3.3994090440419535,3.795906475186809
05/05/2023 11:40:43.598075,3367,True,True,True,True,Eyes,2.149177,-0.01416126,-2.050011,-0.3596157,-0.6246866,0.6931401,0.0,0.0,0.0,0.0,0.0,0.0,0.0,-0.2725725,1.533036,2.488138,2.12163,-0.01185715,-2.028268,0.2383813,-0.3277481,0.12565,0.9055207,30.93608,321.5253,4.768181,0.7184042,-0.004042866,-0.6956135,-0.3165947,-0.005224953,0.401081,1.245084,-1.310788,-0.6578175,0.1423836,-0.2950855,2.055807,0.7535865,0.07129925,0.6534705,-0.3838153,0.8547729,0.3493553,-0.53366,-0.5140815,0.6715111,moving,7.993432682351042,-8.931855714887204,3.9619344576481854,-8.168303476610724,-0.876546,-1.29893085,1.3704505,0.13740534418952535,-0.15378700214145363,0.9785036164953925,8.357225249462594,-9.089608273921748,4.0477278602479,4.103168282724863,4.490811026324403
05/05/2023 11:40:43.618516,3368,True,True,True,True,Eyes,2.147291,-0.01435361,-2.048416,-0.3629703,-0.624548,0.6915145,0.0,0.0,0.0,0.0,0.0,0.0,0.0,-0.2238437,1.520461,2.48875,2.114176,-0.01249358,-2.021358,0.2364773,-0.3355797,0.1262811,0.9030604,30.78789,320.5054,4.631347,0.7189254,-0.004115408,-0.6950744,-0.297599,-0.004911456,0.3770161,1.20768,-1.305847,-0.6664041,0.1390293,-0.2929538,2.05554,0.7428787,0.06936485,0.6658226,-0.3867927,0.8562632,0.3423519,-0.5463721,-0.5118613,0.6629295,moving,8.58801027922922,-9.1711659374822,3.869386324526866,-8.11112283254854,-0.906496,-1.29335342,1.3549539000000002,0.14746127599531542,-0.15764197022307536,0.9764241537376879,8.943280934108898,-9.326396263749208,4.7669383645898105,4.836228221476761,5.217403187575965
05/05/2023 11:40:43.633039,3369,True,True,True,True,Eyes,2.145181,-0.01459412,-2.046621,-0.3668469,-0.6245053,0.6895045,0.0,0.0,0.0,0.0,0.0,0.0,0.0,-0.1750885,1.507197,2.489014,2.106897,-0.01367782,-2.014518,0.2345269,-0.3435534,0.1265393,0.9005311,30.62011,319.4548,4.449322,0.7193895,-0.00418741,-0.6945936,-0.2797431,-0.004616769,0.3543952,1.16996,-1.301171,-0.675859,0.1360497,-0.2910599,2.055304,0.7319179,0.06676017,0.6781145,-0.3890501,0.8579699,0.3354514,-0.5594071,-0.5093434,0.6539364,moving,9.176148102695471,-9.429333748136683,3.787137191122253,-8.060290104324451,-0.9369369999999999,-1.28749318,1.3386589999999998,0.15736925443383915,-0.1617896720204032,0.9741965885150792,9.523567278652681,-9.581489684777566,5.475971147913131,5.560190563615412,5.934701198265595
05/05/2023 11:40:43.643535,3370,True,True,True,True,Eyes,2.142861,-0.01486519,-2.044619,-0.3710935,-0.6244806,0.6872507,0.0,0.0,0.0,0.0,0.0,0.0,0.0,-0.1272556,1.498059,2.485862,2.099788,-0.01504752,-2.007622,0.2334618,-0.3514027,0.1267629,0.8977433,30.54847,318.402,4.230028,0.7198035,-0.004260796,-0.6941642,-0.2629585,-0.004339763,0.3331314,1.133501,-1.299191,-0.6880074,0.1325384,-0.2888279,2.055025,0.7208947,0.06352287,0.6901273,-0.3916792,0.8588535,0.3300878,-0.5717502,-0.5082671,0.6440235,moving,9.752923473796079,-9.582952470072573,3.690168254630886,-8.000354641621307,-0.9662870000000001,-1.28414348,1.3196146,0.16710237548882248,-0.16413464595759475,0.9721813330194466,10.089959353524415,-9.734783139256022,6.168509265272245,6.265909090797076,6.630653687449244
05/05/2023 11:40:43.662687,3371,True,True,True,True,Eyes,2.140341,-0.01518448,-2.042417,-0.3758353,-0.6244077,0.6847357,0.0,0.0,0.0,0.0,0.0,0.0,0.0,-0.07933354,1.489239,2.481315,2.092502,-0.0160624,-2.000557,0.232696,-0.3593533,0.1267468,0.8947923,30.49897,317.3201,3.965279,0.7201723,-0.004336494,-0.6937811,-0.247181,-0.004079377,0.3131436,1.097291,-1.297836,-0.7013706,0.1295569,-0.2869328,2.054789,0.7096009,0.05958396,0.70208,-0.3940642,0.8595757,0.3253354,-0.5841061,-0.5075229,0.6334356,moving,10.33044415498067,-9.70117099038609,3.6077915023060108,-7.949435874903269,-0.9952110000000001,-1.2817736,1.2991864000000002,0.17684140415846722,-0.1658537179265601,0.9701648259059223,10.656123820897983,-9.85363769748044,6.837236008931592,6.947131393843739,7.301025479644234
05/05/2023 11:40:43.683270,3372,True,True,True,True,Eyes,2.137645,-0.01553658,-2.040033,-0.3809072,-0.6243563,0.6819742,0.0,0.0,0.0,0.0,0.0,0.0,0.0,-0.03277254,1.472302,2.480697,2.085344,-0.01755586,-1.993399,0.2304197,-0.3673422,0.1260772,0.8922282,30.25178,316.2443,3.696621,0.720501,-0.004416072,-0.6934392,-0.2323502,-0.003834615,0.2943549,1.058542,-1.291198,-0.7120766,0.1263831,-0.2849151,2.054537,0.6983285,0.05569343,0.7136074,-0.3942648,0.8620227,0.3185469,-0.5974048,-0.5038007,0.623933,moving,10.87475774674642,-10.00998142205274,3.520065759307849,-7.895199036630148,-1.026802,-1.27364214,1.2813224,0.1858908611071689,-0.170790118924946,0.9676131545517597,11.195054456878674,-10.157714973096208,7.5244401221507635,7.6526987898248535,8.001526721232818
05/05/2023 11:40:43.693291,3373,True,True,True,True,Eyes,2.134773,-0.0159422,-2.037488,-0.3862657,-0.6243538,0.6789559,0.0,0.0,0.0,0.0,0.0,0.0,0.0,0.01455033,1.463695,2.474728,2.078518,-0.01870631,-1.986531,0.2297173,-0.3752946,0.1259378,0.8891141,30.19982,315.1532,3.417647,0.720793,-0.004500253,-0.693134,-0.2184092,-0.003604538,0.2766936,1.023094,-1.289727,-0.7272382,0.1231357,-0.2828513,2.05428,0.6865873,0.05152281,0.7252195,-0.3963694,0.8627392,0.3139622,-0.6094992,-0.5030173,0.6127679,moving,11.41899025849785,-10.122822978009888,3.4302648746934463,-7.839691644635451,-1.055424,-1.27102069,1.2592928,0.19501839374994562,-0.17238422956064361,0.9655317064776872,11.728624059765064,-10.271117080840664,8.167199105677316,8.308575205369268,8.647230470866855
05/05/2023 11:40:43.713296,3374,True,True,True,True,Eyes,2.131763,-0.0164054,-2.034789,-0.3918738,-0.6244321,0.6756622,0.0,0.0,0.0,0.0,0.0,0.0,0.0,0.06107831,1.454921,2.4681,2.071812,-0.02037916,-1.979704,0.2289059,-0.3831538,0.1257567,0.8859915,30.13145,314.0735,3.14345,0.7210524,-0.004590444,-0.6928627,-0.2053046,-0.003388265,0.260092,0.9882916,-1.288304,-0.7425124,0.119964,-0.2808349,2.054028,0.6747569,0.04742636,0.7365147,-0.398251,0.8635746,0.3092491,-0.6213689,-0.5019857,0.6015906,moving,11.932750301093208,-10.250925921915226,3.3425209514089866,-7.78543476186081,-1.0835203999999998,-1.2679248399999998,1.2371916,0.20360094101214155,-0.17423189597641936,0.9634260918145838,12.232899866430675,-10.399166202086182,8.782150069963302,8.937040166659354,9.266629877915964
05/05/2023 11:40:43.733087,3375,True,True,True,True,Eyes,2.053372,-0.02850816,-1.96322,-0.5324482,-0.6198151,0.5764791,0.0,0.0,0.0,0.0,0.0,0.0,0.0,0.1099989,1.452282,2.457472,2.065523,-0.02222081,-1.973198,0.2289172,-0.3911231,0.1266139,0.8823768,30.20037,312.9826,2.942932,0.7212829,-0.004688072,-0.6926216,-0.1929863,-0.00318497,0.2444865,0.9564184,-1.290729,-0.7607471,0.1166646,-0.278738,2.053767,0.6619834,0.04437281,0.748204,-0.4025119,0.8631318,0.3049391,-0.6322676,-0.5030256,0.5892394,moving,2.974797474198974,-8.341083817570091,3.2512029333179813,-7.728978825621384,-1.1091046000000002,-1.26850819,1.2124508999999999,0.05134918017086215,-0.14487432457685553,0.9881167382360445,3.4490414021949034,-8.481515692158425,0.671612546658944,0.6716193110678962,0.7781078301012992
05/05/2023 11:40:43.743820,3376,True,True,True,True,Eyes,2.05308,-0.02843054,-1.962931,-0.5329299,-0.6198009,0.5760491,0.0,0.0,0.0,0.0,0.0,0.0,0.0,0.1618999,1.451483,2.444406,2.0591,-0.02321832,-1.966648,0.2292159,-0.3993602,0.128315,0.8783547,30.34153,311.8629,2.811564,0.7214966,-0.005350778,-0.6923945,-0.4165804,-0.03930216,0.444526,0.9259697,-1.294379,-0.7806033,0.1136625,-0.27683,2.053529,0.6480935,0.04233275,0.7603834,-0.4084915,0.8619907,0.3001779,-0.6427361,-0.5051534,0.5759431,moving,3.846728753713998,-8.277391917582325,3.1680795755015883,-7.677585033876439,-1.1331303,-1.27116068,1.1860447,0.06639187844484828,-0.14364809486183236,0.9873992824003672,4.297299821896024,-8.42532664508667,0.8963166218204893,0.9057223663073275,1.354347031599502
05/05/2023 11:40:43.763018,3377,True,True,True,True,Eyes,2.052502,-0.02816412,-1.962305,-0.5338641,-0.61973,0.5752598,0.0,0.0,0.0,0.0,0.0,0.0,0.0,0.2152086,1.439345,2.435488,2.051877,-0.02128556,-1.959331,0.2279834,-0.4080184,0.1296552,0.8744909,30.30096,310.7066,2.703361,0.7216634,-0.005894587,-0.6922165,-0.3915856,-0.03694402,0.4178545,0.8911473,-1.289565,-0.7984977,0.1101395,-0.2745904,2.053249,0.633421,0.04072169,0.7727351,-0.4128074,0.8624262,0.2929354,-0.6544982,-0.5045422,0.5630891,moving,4.703514507159006,-8.398428901025405,3.0704927944550846,-7.617230554644266,-1.1607297,-1.2682794400000001,1.1608333,0.0811261234817584,-0.1455744778376501,0.9860155227763752,5.135773136616254,-8.548775455915614,1.7886016360349661,1.8102571006768826,2.2656475442579325
05/05/2023 11:40:43.782903,3378,True,True,True,True,Eyes,2.051681,-0.02789737,-1.961414,-0.5355699,-0.6190522,0.5744033,0.0,0.0,0.0,0.0,0.0,0.0,0.0,0.2680861,1.41051,2.433901,2.044034,-0.01658482,-1.951137,0.2242892,-0.417038,0.1299524,0.8711408,29.94478,309.5327,2.602123,0.7217942,-0.006334286,-0.6920764,-0.3680904,-0.03472738,0.3927832,0.850912,-1.273139,-0.8117843,0.107029,-0.2726132,2.053002,0.6183835,0.0393394,0.7848913,-0.4134878,0.8656135,0.2823847,-0.6683036,-0.499165,0.5515475,moving,5.533452211864162,-8.795115379207592,2.98429493869682,-7.563918898251773,-1.1931219999999998,-1.25655418,1.1393526999999999,0.09530341018843697,-0.15220561192002224,0.9837431610274332,5.95550411007392,-8.940248843050567,2.7945612547739263,2.8309093199994866,3.274502719043801
05/05/2023 11:40:43.793352,3379,True,True,True,True,Eyes,2.050698,-0.02761183,-1.960284,-0.5375829,-0.6184617,0.5731578,0.0,0.0,0.0,0.0,0.0,0.0,0.0,0.3165864,1.352605,2.449591,2.037512,-0.01644216,-1.943846,0.2143466,-0.4260682,0.1279368,0.8695709,28.80295,308.4619,2.606342,0.7218974,-0.00668993,-0.6919647,-0.346005,-0.03264374,0.3692162,0.8016258,-1.238341,-0.8135461,0.104129,-0.2707701,2.052771,0.6041961,0.03984768,0.7958388,-0.4051528,0.8753754,0.2637595,-0.6861475,-0.4817988,0.5450427,moving,6.218092820156571,-9.985376472720844,2.903900568854617,-7.514202304211055,-1.2358862,-1.22189884,1.1302998999999998,0.1066913818486585,-0.17240711363167238,0.9792307433126062,6.6549861240589445,-10.102894304256047,4.074488011280332,4.134074509451899,4.557627575127163
05/05/2023 11:40:43.818862,3380,True,True,True,True,Eyes,2.049463,-0.02714306,-1.95891,-0.5396386,-0.6184319,0.571255,0.0,0.0,0.0,0.0,0.0,0.0,0.0,0.3663292,1.345897,2.436966,2.032098,-0.0157743,-1.937722,0.2136182,-0.4340151,0.130088,0.8654915,28.86122,307.4051,2.601603,0.7219905,-0.006994197,-0.6918641,-0.3252447,-0.03068512,0.3470632,0.7739743,-1.237583,-0.8334085,0.100888,-0.2687101,2.052515,0.589416,0.03975298,0.806851,-0.4106072,0.8748887,0.2568492,-0.6956944,-0.4826898,0.5319964,moving,6.895942104977296,-10.018971004155048,2.8140150230509833,-7.458600387761927,-1.2581237,-1.2218087000000002,1.1043135,0.11826134732464672,-0.17275339036483203,0.9778397764557267,7.316671924010845,-10.140076377971077,4.745447992042981,4.818467224694254,5.240632848600406
05/05/2023 11:40:43.832834,3381,True,True,True,True,Eyes,2.047976,-0.02655199,-1.957281,-0.5425821,-0.6178707,0.5690699,0.0,0.0,0.0,0.0,0.0,0.0,0.0,0.416829,1.371641,2.402323,2.024832,-0.01079768,-1.930348,0.2200602,-0.4414502,0.134397,0.8594375,29.79612,306.2707,2.425163,0.7220777,-0.007252136,-0.6917701,-0.30573,-0.02884401,0.3262394,0.7585051,-1.258245,-0.8660358,0.09772456,-0.2666991,2.052264,0.5741182,0.03672044,0.8179486,-0.425303,0.8670219,0.2595968,-0.6996468,-0.4969152,0.5133903,moving,7.638829106183206,-9.125033197820146,2.7262470066109934,-7.404297909831345,-1.2663269,-1.24744732,1.0643121999999998,0.13127502449548079,-0.1572170367425515,0.9788001632337993,8.016757726277987,-9.275215387016578,5.134053239870538,5.2052274509734175,5.611580515447367
05/05/2023 11:40:43.842963,3382,True,True,True,True,Eyes,2.046271,-0.02583518,-1.95547,-0.5458831,-0.617431,0.5663837,0.0,0.0,0.0,0.0,0.0,0.0,0.0,0.4594177,1.322474,2.409733,2.017136,-0.007420827,-1.922998,0.2135562,-0.4501881,0.1297177,0.8572619,28.87771,305.0956,1.971409,0.72216,-0.007464163,-0.6916819,-0.2873862,-0.02711337,0.3066651,0.7096656,-1.227133,-0.8777897,0.09441859,-0.2645979,2.052001,0.561008,0.03012312,0.8272622,-0.414685,0.8751341,0.2493525,-0.7164541,-0.4829419,0.503449,moving,8.389229661235918,-10.052357454061855,2.6344888271961393,-7.347533924616235,-1.3074703999999997,-1.219712173,1.0452083,0.14370394665545844,-0.1727363405011239,0.9744286667777302,8.773256783776981,-10.1824635297548,6.257752875605871,6.3587036723224895,6.761752575393071
05/05/2023 11:40:43.862834,3383,True,True,True,True,Eyes,2.04431,-0.02500247,-1.953459,-0.5499757,-0.6167282,0.5631812,0.0,0.0,0.0,0.0,0.0,0.0,0.0,0.5003936,1.317238,2.393657,2.010302,-0.003664341,-1.91671,0.2155426,-0.458019,0.126806,0.8530417,28.93996,303.8544,1.237271,0.7222375,-0.007630487,-0.6915992,-0.270143,-0.02548656,0.2882652,0.6778712,-1.224511,-0.9062034,0.09125549,-0.2625872,2.051751,0.5482778,0.01889643,0.8360828,-0.4137868,0.8749233,0.2515745,-0.7267544,-0.4838928,0.4875201,moving,9.207546694296218,-9.932781604372295,2.546659328487237,-7.293181703699263,-1.3324307999999998,-1.220846659,1.0105065999999998,0.15767283581740535,-0.17033505887110179,0.9726896996801424,9.567744767669629,-10.071544739419355,7.052348326559084,7.164838318875505,7.55082392209981
05/05/2023 11:40:43.882754,3384,True,True,True,True,Eyes,2.042104,-0.02411252,-1.951303,-0.5545842,-0.6157992,0.5596674,0.0,0.0,0.0,0.0,0.0,0.0,0.0,0.5352006,1.301674,2.382468,2.001979,-9.295717e-05,-1.910243,0.2162674,-0.4654804,0.1210263,0.8496523,28.69683,302.6401,0.2824433,0.7223099,-0.00775164,-0.6915225,-0.2539344,-0.02395737,0.2709693,0.6400731,-1.213385,-0.9317324,0.08813614,-0.260605,2.051503,0.5373613,0.004324054,0.8433411,-0.4069969,0.8771621,0.2548334,-0.738645,-0.4801748,0.4731129,moving,10.014761169147214,-10.043621278159774,2.4600136771989014,-7.239579376492455,-1.3619059,-1.21329204283,0.9785105999999999,0.17131568444972986,-0.17181962013713398,0.9701179529472134,10.357620210862958,-10.18474299907283,7.929397420073907,8.058341060876327,8.428889471593749
05/05/2023 11:40:43.893008,3385,True,True,True,True,Eyes,2.039672,-0.02321085,-1.949043,-0.5595452,-0.6150084,0.5555844,0.0,0.0,0.0,0.0,0.0,0.0,0.0,0.5671661,1.27429,2.37866,1.99406,0.002126101,-1.904531,0.2146562,-0.4728377,0.1133751,0.8470499,28.09046,301.4805,359.2903,0.722376,-0.007830138,-0.6914527,-0.2386984,-0.02251993,0.2547111,0.5976626,-1.192723,-0.95371,0.08487642,-0.2585329,2.051245,0.5271413,-0.01092647,0.8497075,-0.3950637,0.8821376,0.2564331,-0.7523609,-0.4708651,0.4606945,moving,10.769735904507286,-10.492086327813771,2.3694332377667098,-7.183514180826658,-1.3963974,-1.194849101,0.950821,0.18384459212086146,-0.17899590344361213,0.966520471037877,11.105671462190205,-10.626099007723415,8.873211481367196,9.028384935561164,9.390061160836916
05/05/2023 11:40:43.913136,3386,True,True,True,True,Eyes,2.036989,-0.02231187,-1.946678,-0.564879,-0.6140721,0.5512052,0.0,0.0,0.0,0.0,0.0,0.0,0.0,0.6010537,1.273348,2.360354,1.98629,0.003326759,-1.89963,0.2172657,-0.479622,0.1089166,0.8431463,28.08955,300.3313,358.3927,0.7224346,-0.007869833,-0.6913913,-0.2243765,-0.02116873,0.2394285,0.5672539,-1.19058,-0.9831583,0.08163917,-0.2564749,2.050988,0.5161998,-0.02474553,0.8561108,-0.392076,0.8818656,0.2618958,-0.7614554,-0.470851,0.4455166,moving,11.45432935359418,-10.32037336817035,2.2794437653062802,-7.127805431926327,-1.4190361,-1.1939067589999999,0.9164716999999999,0.1954976773642502,-0.17569516745552433,0.9648377415008229,11.76839790054089,-10.463564849132876,9.552202319295851,9.714474539866087,10.058207666879234
05/05/2023 11:40:43.932739,3387,True,True,True,True,Eyes,2.034072,-0.02145032,-1.944225,-0.5705168,-0.6129909,0.5465829,0.0,0.0,0.0,0.0,0.0,0.0,0.0,0.6372403,1.253672,2.350165,1.977692,0.004129138,-1.894666,0.2161142,-0.4868736,0.1037676,0.8399292,27.651,299.2264,357.6626,0.7224841,-0.007874699,-0.69134,-0.2109139,-0.01989861,0.2250628,0.5299624,-1.17569,-1.006631,0.07856077,-0.2545181,2.050744,0.5043728,-0.03612569,0.86273,-0.3847555,0.8850539,0.2619978,-0.7730274,-0.4640847,0.4324975,moving,12.084705760079743,-10.588615735254308,2.1938382376377086,-7.0748093424279075,-1.4477296000000002,-1.1798191379999998,0.8880349999999999,0.20594505407312624,-0.17981698081555725,0.9619005235733343,12.390130757515808,-10.728740757976638,10.31359809808532,10.496480158260974,10.831232429435536
05/05/2023 11:40:43.943194,3388,True,True,True,True,Eyes,2.030919,-0.0206275,-1.941695,-0.5763964,-0.6117877,0.5417407,0.0,0.0,0.0,0.0,0.0,0.0,0.0,0.676927,1.224291,2.34383,1.969208,0.004044507,-1.8902,0.2124323,-0.4943956,0.09955055,0.8369798,27.00304,298.1895,357.2075,0.7225227,-0.007849533,-0.6913001,-0.1982591,-0.01870469,0.211559,0.4909689,-1.154802,-1.026676,0.07518059,-0.2523701,2.050476,0.4913253,-0.04340754,0.8698938,-0.3766947,0.8899245,0.2571683,-0.7853028,-0.4540377,0.420891,moving,12.621605245200042,-11.097892458064393,2.0998060124395046,-7.0166069776249635,-1.4782391000000001,-1.158846507,0.8635240000000002,0.2146149285168164,-0.18800070661939047,0.9584342192394174,12.927237196590582,-11.227819411905772,11.073309565688671,11.285616964409432,11.617554657249025
05/05/2023 11:40:43.963408,3389,True,True,True,True,Eyes,2.027508,-0.01982521,-1.939112,-0.582352,-0.610461,0.5368458,0.0,0.0,0.0,0.0,0.0,0.0,0.0,0.7206329,1.203367,2.330689,1.960489,0.003899496,-1.885731,0.2095919,-0.5018395,0.09868873,0.8333603,26.63997,297.1916,357.058,0.7225491,-0.007798695,-0.6912733,-0.1863635,-0.01758241,0.1988655,0.4586572,-1.142202,-1.047716,0.07205766,-0.2503848,2.050228,0.4768355,-0.0458764,0.8777947,-0.3748494,0.8926636,0.2502792,-0.7950572,-0.4483828,0.4084569,moving,13.048329246306071,-11.37217805679696,2.012898615679694,-6.962787668072336,-1.5018318,-1.146101496,0.838015,0.22155991875722297,-0.19228070762023866,0.9560016889524794,13.350608717033271,-11.497524779240464,11.651473783017313,11.883747422574412,12.210958644174518
05/05/2023 11:40:43.983317,3390,True,True,True,True,Eyes,2.023882,-0.01908643,-1.936478,-0.5884565,-0.6089883,0.5318385,0.0,0.0,0.0,0.0,0.0,0.0,0.0,0.7644656,1.172785,2.32097,1.951305,0.004133221,-1.881257,0.2046782,-0.5091158,0.09853859,0.8301796,26.11501,296.2983,357.1401,0.7225609,-0.007725457,-0.691262,-0.1751817,-0.01652746,0.1869335,0.4253198,-1.123999,-1.064263,0.0688296,-0.2483329,2.049972,0.4621827,-0.04480035,0.8856524,-0.3720193,0.896794,0.2395043,-0.8049776,-0.4401744,0.397816,moving,13.355493080197101,-11.839239871069983,1.9230334097190056,-6.907135171943422,-1.5259852,-1.128132221,0.816994,0.22633262867019274,-0.19984234158957215,0.9533292042723894,13.662626664709531,-11.95400551142807,12.192171267077489,12.450975499142805,12.778456480193096
05/05/2023 11:40:44.003440,3391,True,True,True,True,Eyes,2.020054,-0.01844172,-1.93385,-0.5942183,-0.6079602,0.5265824,0.0,0.0,0.0,0.0,0.0,0.0,0.0,0.806673,1.147955,2.308564,1.942583,0.003299039,-1.877325,0.2003673,-0.5158462,0.09973349,0.8269276,25.73902,295.4799,357.342,0.7225568,-0.007634291,-0.6912675,-0.1646708,-0.01553582,0.1757175,0.3968194,-1.111271,-1.080615,0.06573534,-0.2463662,2.049727,0.447912,-0.04177266,0.8931013,-0.3716621,0.8998124,0.2284842,-0.813168,-0.4342727,0.3875115,moving,13.565397004192054,-12.212241906860134,1.8368627167244913,-6.853766931349418,-1.5457636,-1.114570039,0.7967099999999998,0.22952995716158264,-0.20588601964469497,0.9512764910944432,13.877298595365728,-12.318322586058612,12.614348303071363,12.894641158073256,13.222460612574551
05/05/2023 11:40:44.013479,3392,True,True,True,True,Eyes,2.016049,-0.0178846,-1.931206,-0.5997712,-0.6072449,0.5210836,0.0,0.0,0.0,0.0,0.0,0.0,0.0,0.8485421,1.147993,2.283751,1.934319,0.00172374,-1.873989,0.2002019,-0.5218095,0.1044476,0.822633,26.00113,294.6786,357.6349,0.7225347,-0.007530306,-0.6912918,-0.1547906,-0.01460367,0.1651745,0.3806,-1.118393,-1.102533,0.06240571,-0.2442495,2.049463,0.4336113,-0.03709042,0.9003364,-0.3807786,0.8980198,0.2203819,-0.8166939,-0.4383889,0.3752683,moving,13.679226238406619,-11.990495254263216,1.7441053259613426,-6.796301718217835,-1.5537189999999999,-1.12011674,0.7714559999999999,0.2316059293692933,-0.20210065051195347,0.9515849933968281,13.982284699182253,-12.103321437744274,12.742298990909582,13.016403408184006,13.339321297373875
05/05/2023 11:40:44.022948,3393,True,True,True,True,Eyes,1.912182,-0.005715165,-1.865012,-0.718282,-0.5915793,0.3662032,0.0,0.0,0.0,0.0,0.0,0.0,0.0,0.8900794,1.156105,2.254125,1.926076,0.0002379976,-1.870864,0.2015326,-0.5274348,0.1104949,0.8179169,26.50216,293.8878,357.9611,0.7224936,-0.00741788,-0.691336,-0.1455031,-0.01372745,0.155264,0.3691604,-1.132458,-1.126442,0.05883306,-0.241979,2.049179,0.4192067,-0.03183939,0.9073324,-0.3933419,0.8943509,0.2131161,-0.818259,-0.4462316,0.3623941,moving,2.9072896913671693,-9.713191226239557,1.6445416868224012,-6.73463199208285,-1.5569156,-1.1326959976,0.7444220000000001,0.04999474450086461,-0.16850532110504876,0.9844320015543521,3.4202162677905354,-9.816106920081214,3.2213062049303898,3.235173509158664,3.5564740895132196
05/05/2023 11:40:44.042988,3394,True,True,True,True,Eyes,1.911855,-0.005737924,-1.864909,-0.7181835,-0.5919951,0.3657244,0.0,0.0,0.0,0.0,0.0,0.0,0.0,0.9302406,1.16824,2.222407,1.918289,-0.0008360706,-1.86799,0.2037463,-0.5327074,0.1171142,0.8130158,27.134,293.1184,358.2844,0.7217566,-0.0068514,-0.6921113,-0.4483741,0.02360452,0.3445289,0.3618465,-1.150472,-1.150437,0.05603588,-0.240201,2.048957,0.4050143,-0.02664294,0.913922,-0.4075056,0.8895435,0.2065227,-0.8184757,-0.456073,0.3494207,moving,3.4339487855957844,-9.130803309242186,1.566562565341291,-6.68631502802699,-1.5564425,-1.1496359294,0.7175530000000001,0.05914152483943441,-0.15841113514747218,0.9856004602031069,3.9179162885532017,-9.252945161003291,3.0544609221191106,3.0761427555617096,3.480869800949823
05/05/2023 11:40:44.063023,3395,True,True,True,True,Eyes,1.911209,-0.005763282,-1.864688,-0.7183239,-0.5925167,0.3646022,0.0,0.0,0.0,0.0,0.0,0.0,0.0,0.9703826,1.183668,2.187492,1.910096,-0.001317199,-1.865306,0.2068708,-0.5378224,0.1241774,0.8077941,27.89086,292.3367,358.5802,0.7211325,-0.006363852,-0.6927664,-0.4214717,0.02218824,0.3238572,0.3566884,-1.171307,-1.176257,0.052894,-0.2382039,2.048707,0.3906539,-0.02190001,0.9202769,-0.423139,0.8835689,0.2006472,-0.8175223,-0.4677887,0.3359029,moving,3.935578025472932,-8.4392432019493,1.4789473798244903,-6.632022227340174,-1.5534075999999999,-1.169989801,0.6890489999999998,0.06789506430963588,-0.14642191711320351,0.9868895134543808,4.388274189845816,-8.583394595647144,3.022314199600259,3.049767496089863,3.503146672250652
05/05/2023 11:40:44.082663,3396,True,True,True,True,Eyes,1.910258,-0.00580802,-1.864395,-0.7184846,-0.5932522,0.3630863,0.0,0.0,0.0,0.0,0.0,0.0,0.0,1.007921,1.18785,2.158337,1.901551,-0.001322959,-1.862635,0.2083421,-0.5430155,0.1289731,0.8031773,28.34243,291.5622,358.7572,0.7205984,-0.005943621,-0.6933258,-0.3961833,0.02085695,0.3044257,0.345948,-1.182592,-1.199957,0.04973781,-0.2361983,2.048457,0.3770001,-0.01908935,0.9260165,-0.4334425,0.8799191,0.1946024,-0.8185344,-0.4747401,0.3234554,moving,4.441535728966062,-8.067977334833097,1.3909038695628402,-6.57746957670285,-1.555603,-1.1812690410000002,0.6626780000000001,0.07667983466266987,-0.13993466475894223,0.9871871388164448,4.871484524708872,-8.225513986380907,3.363284089248769,3.3952861615263616,3.85103779171899
05/05/2023 11:40:44.093469,3397,True,True,True,True,Eyes,1.908976,-0.005850996,-1.864163,-0.7204315,-0.5927586,0.3600219,0.0,0.0,0.0,0.0,0.0,0.0,0.0,1.043263,1.192243,2.129863,1.893306,-0.001785628,-1.860524,0.2099745,-0.548018,0.132872,0.7987064,28.75391,290.7898,358.8308,0.7201053,-0.005566969,-0.6938413,-0.3724124,0.01960553,0.2861602,0.3351217,-1.193164,-1.224262,0.04655969,-0.2341783,2.048205,0.3640426,-0.01788809,0.9312104,-0.4423911,0.8765115,0.1897834,-0.8196114,-0.4810485,0.311174,moving,4.837823796135234,-7.642203019746632,1.3022204201411196,-6.522500315704396,-1.5581843,-1.191378372,0.6362620000000001,0.08359183852770485,-0.13252102801302643,0.9876490541744819,5.246317642462549,-7.813870246861409,3.6754087199086847,3.7086689496071874,4.150125202716189
05/05/2023 11:40:44.112968,3398,True,True,True,True,Eyes,1.907409,-0.005874358,-1.863867,-0.7222694,-0.592572,0.3566307,0.0,0.0,0.0,0.0,0.0,0.0,0.0,1.07714,1.204026,2.097237,1.885238,-0.001932912,-1.858544,0.2131868,-0.5526445,0.1373737,0.7938917,29.36241,290.0132,358.8486,0.7196416,-0.005229447,-0.6943249,-0.3500676,0.0184292,0.2689906,0.3287137,-1.209131,-1.250468,0.04333055,-0.2321253,2.047948,0.3514252,-0.01751334,0.9360521,-0.4537525,0.8713598,0.1866568,-0.8189071,-0.4903319,0.2982711,moving,5.22458765624834,-7.039044767565212,1.2120851087779436,-6.466609582722234,-1.5565243,-1.207198088,0.6080760000000001,0.09037924347494591,-0.12204417467069135,0.9884011985629603,5.607085312244996,-7.229571570465503,4.021850718299919,4.05312949883206,4.460732875124512
05/05/2023 11:40:44.132880,3399,True,True,True,True,Eyes,1.905603,-0.005880374,-1.863412,-0.7242197,-0.5924035,0.3529361,0.0,0.0,0.0,0.0,0.0,0.0,0.0,1.108307,1.210845,2.067615,1.876811,-0.001429908,-1.856637,0.2156965,-0.5569962,0.141057,0.7895146,29.84976,289.2856,358.8405,0.719201,-0.004926746,-0.6947833,-0.3290636,0.01732345,0.2528511,0.3206169,-1.220861,-1.274517,0.04014337,-0.2300995,2.047696,0.3397161,-0.0175511,0.9403644,-0.4630175,0.8671558,0.1834546,-0.8186623,-0.4977275,0.2864603,moving,5.559767254549141,-6.555308543315931,1.1230920462114122,-6.411428514082011,-1.5561941,-1.219431092,0.5821200000000002,0.09625650314829653,-0.1136321648004614,0.9888490218875545,5.920786476543982,-6.761126568286682,4.409912775092471,4.439007588086664,4.810422078774241
05/05/2023 11:40:44.143070,3400,True,True,True,True,Eyes,1.903526,-0.005877987,-1.862915,-0.7261812,-0.5923101,0.3490408,0.0,0.0,0.0,0.0,0.0,0.0,0.0,1.137556,1.210336,2.042712,1.868369,-0.001042809,-1.854944,0.2168151,-0.5612565,0.1437628,0.7856938,30.13745,288.6085,358.8425,0.7187802,-0.004654887,-0.6952206,-0.3093198,0.01628404,0.2376801,0.3094346,-1.226862,-1.295927,0.03695208,-0.2280708,2.047444,0.3286467,-0.01747068,0.9442914,-0.4692849,0.8646469,0.1793249,-0.8196116,-0.5020761,0.2759647,moving,5.848101414590813,-6.276340304417892,1.0339566781606795,-6.356141752290005,-1.5589344,-1.2258191909999998,0.5590169999999999,0.1012870504355527,-0.10876162271425947,0.9888941868060084,6.194340979767347,-6.4916069382440345,4.786350030512118,4.814806103508265,5.1621620428725485
05/05/2023 11:40:44.163453,3401,True,True,True,True,Eyes,1.901177,-0.005851894,-1.862369,-0.7284313,-0.5919631,0.3449165,0.0,0.0,0.0,0.0,0.0,0.0,0.0,1.16409,1.204141,2.022059,1.859796,-0.0008266531,-1.85336,0.2168802,-0.5653715,0.1452229,0.7824504,30.23883,287.9767,358.8077,0.7183723,-0.004410138,-0.6956437,-0.2907606,0.015307,0.2234193,0.2949808,-1.227568,-1.315228,0.03362036,-0.2259533,2.047179,0.318531,-0.01797627,0.9477421,-0.4724951,0.8637466,0.1751862,-0.8217582,-0.5036057,0.2666363,moving,6.091182889814374,-6.1597071636846,0.9408711119519311,-6.298413795189097,-1.5648152,-1.2267413469,0.5381319999999998,0.10550527100162788,-0.10670132235847858,0.9886775653120561,6.428157764636322,-6.379736711549791,5.122955431800912,5.15217924172014,5.487889232250746
05/05/2023 11:40:44.182727,3402,True,True,True,True,Eyes,1.898545,-0.005810966,-1.861795,-0.7308519,-0.5914409,0.3406656,0.0,0.0,0.0,0.0,0.0,0.0,0.0,1.190417,1.192734,2.004064,1.850891,-0.0003497005,-1.852075,0.2160466,-0.5696397,0.1458308,0.7794665,30.19498,287.3446,358.7538,0.7179731,-0.004189515,-0.6960571,-0.273315,0.01438858,0.2100141,0.2775994,-1.223961,-1.333846,0.03051651,-0.2239805,2.046933,0.3084881,-0.01879705,0.9510425,-0.4734779,0.8641145,0.1706602,-0.8250175,-0.5029442,0.2576691,moving,6.331311384915556,-6.173577100855344,0.8541255171933114,-6.2446029859316,-1.5732916000000001,-1.2236112995000001,0.5182289999999998,0.10964564968585633,-0.1068924771007925,0.9882063138808631,6.662613408425309,-6.39482434211736,5.446292204102933,5.477646365541239,5.810430107870073
05/05/2023 11:40:44.193810,3403,True,True,True,True,Eyes,1.826097,-0.005166072,-1.846288,-0.7988833,-0.5570236,0.2269586,0.0,0.0,0.0,0.0,0.0,0.0,0.0,1.216696,1.170027,1.991811,1.841534,6.515533e-06,-1.850776,0.2130324,-0.5742952,0.1449467,0.7770411,29.83832,286.7234,358.7166,0.7175761,-0.003989625,-0.6964675,-0.256916,0.01352527,0.1974133,0.2537167,-1.211332,-1.35038,0.02731442,-0.2219448,2.046679,0.298351,-0.01942792,0.9542586,-0.4699461,0.8672153,0.1645855,-0.8307452,-0.4975542,0.2496045,moving,-0.628884932656769,-4.029929048765719,0.7646084620407343,-6.189051802488623,-1.5878173,-1.211338515533,0.5003960000000001,-0.01094875753459873,-0.07027334065196666,0.997467696916482,-0.18009600682350857,-4.262932349103936,2.5664537968172283,2.569753861113852,2.145321114005779
05/05/2023 11:40:44.213064,3404,True,True,True,True,Eyes,1.825728,-0.005204599,-1.846259,-0.7990987,-0.5568344,0.226664,0.0,0.0,0.0,0.0,0.0,0.0,0.0,1.243298,1.141256,1.982533,1.832193,-0.0004855692,-1.849801,0.2086201,-0.5791304,0.1434905,0.7749169,29.30942,286.1244,358.735,0.71611,-0.003784542,-0.697976,-0.4588451,0.01464843,0.2320869,0.2268849,-1.194398,-1.365743,0.02404413,-0.2198661,2.04642,0.2880371,-0.01925,0.9574258,-0.4640229,0.8717762,0.1571271,-0.8376858,-0.4895259,0.2421715,moving,-0.14006354125031825,-4.532245726623309,0.673157897032448,-6.132299837521287,-1.6053081,-1.1939124308,0.4840580000000001,-0.0024369232701997867,-0.07901990191478467,0.9968699848863958,0.3099554003704817,-4.754920161418198,1.7928878339079515,1.794854385593497,1.4244615915226828
05/05/2023 11:40:44.232869,3405,True,True,True,True,Eyes,1.825001,-0.005275807,-1.846163,-0.7996619,-0.5563297,0.2259161,0.0,0.0,0.0,0.0,0.0,0.0,0.0,1.270222,1.119118,1.968841,1.823023,-0.001488898,-1.849003,0.2053528,-0.5837188,0.1433138,0.7723754,28.98161,285.5294,358.7979,0.7148242,-0.00360661,-0.6992937,-0.4313144,0.01376953,0.2181617,0.2046619,-1.183809,-1.382415,0.02084255,-0.2178312,2.046165,0.277467,-0.01835246,0.9605598,-0.4611208,0.8745828,0.149909,-0.8428403,-0.4845289,0.2342052,moving,0.3068226470218301,-4.8156526349462245,0.5836033993906847,-6.076722357265473,-1.6183611,-1.1823201019999998,0.466588,0.005336136791446788,-0.08394887578040129,0.9964557619645038,0.7532272514398629,-5.033634123889268,1.2905795327709073,1.29108653057501,1.0567900992117094
05/05/2023 11:40:44.243702,3406,True,True,True,True,Eyes,1.823924,-0.005395608,-1.846056,-0.8003327,-0.5557787,0.2248948,0.0,0.0,0.0,0.0,0.0,0.0,0.0,1.296623,1.101944,1.951753,1.813578,-0.002405617,-1.848184,0.203079,-0.5880099,0.1440885,0.7695726,28.81734,284.9485,358.8849,0.7136528,-0.003449259,-0.7004899,-0.4054355,0.01294335,0.205072,0.1858219,-1.177939,-1.399639,0.01768792,-0.215826,2.045915,0.2669658,-0.01705177,0.9635552,-0.460598,0.8759949,0.1431171,-0.8465099,-0.4820189,0.2260066,moving,0.719689572061125,-4.936299101892366,0.4953372529069713,-6.02192752534756,-1.6277560999999998,-1.175533383,0.44854499999999997,0.012514042455069097,-0.08604139431579451,0.9962130004851604,1.158949560420936,-5.1537591428051694,1.1085210853802827,1.1085680118619958,1.0927477454244778
05/05/2023 11:40:44.262750,3407,True,True,True,True,Eyes,1.822503,-0.005553839,-1.845952,-0.8010958,-0.555279,0.2234074,0.0,0.0,0.0,0.0,0.0,0.0,0.0,1.323066,1.085898,1.933735,1.804118,-0.003710821,-1.847742,0.2009383,-0.5921912,0.1452514,0.7667043,28.69545,284.3811,359.0033,0.7125779,-0.003312287,-0.7015839,-0.3811094,0.01216675,0.1927677,0.1681392,-1.173674,-1.417148,0.01449394,-0.213796,2.045662,0.2564231,-0.01525803,0.9664442,-0.4607176,0.8770517,0.1360873,-0.8496979,-0.4801538,0.2178666,moving,1.0907878501418982,-5.022235745576097,0.40594570111395817,-5.966429822721773,-1.6359788000000002,-1.169963179,0.4305939999999999,0.018963631184384044,-0.08752660901833152,0.9959817209163301,1.5230194594556106,-5.239835063559994,1.1651743084151758,1.1664095440291038,1.3325891060701751
05/05/2023 11:40:44.283341,3408,True,True,True,True,Eyes,1.820745,-0.00574877,-1.845846,-0.8018796,-0.5548471,0.2216614,0.0,0.0,0.0,0.0,0.0,0.0,0.0,1.349765,1.075412,1.911835,1.794574,-0.00478556,-1.847423,0.1999692,-0.596168,0.1475205,0.7634356,28.76519,283.8063,359.1381,0.7115839,-0.003195214,-0.7025927,-0.3582428,0.01143675,0.1812016,0.1542798,-1.174763,-1.436112,0.01117146,-0.2116842,2.045398,0.245643,-0.01318566,0.9692708,-0.4636752,0.8765001,0.1294332,-0.8512726,-0.4812212,0.2091922,moving,1.4487706832503842,-4.924832434606193,0.31293232145941696,-5.908671618019941,-1.6402941999999998,-1.16997744,0.411311,0.025189842422584985,-0.08582149668961815,0.9959920261072421,1.8693625698651877,-5.1474371210270595,1.4998183102939322,1.5026870342610326,1.7326145207646317
05/05/2023 11:40:44.292945,3409,True,True,True,True,Eyes,1.81866,-0.005986418,-1.845747,-0.8027646,-0.55441,0.2195416,0.0,0.0,0.0,0.0,0.0,0.0,0.0,1.374797,1.065807,1.889901,1.784767,-0.005855843,-1.847244,0.199242,-0.5999269,0.1494733,0.7602947,28.83646,283.2501,359.2299,0.7106559,-0.003097454,-0.7035317,-0.3367482,0.01075054,0.1703295,0.1406154,-1.176055,-1.454681,0.008090138,-0.2097256,2.045154,0.2354907,-0.01177379,0.9718053,-0.4663487,0.8759208,0.1236191,-0.85268,-0.4823114,0.2007805,moving,1.7733065386661844,-4.827226280660946,0.22664715973424762,-5.855076947651343,-1.6441516,-1.170199157,0.3925630000000002,0.030835438046985075,-0.0841113380039224,0.995979128206691,2.183095465787951,-5.054620013513295,1.852697533543168,1.857049333774073,2.1138640631956656
05/05/2023 11:40:44.313028,3410,True,True,True,True,Eyes,1.816263,-0.006266333,-1.845659,-0.8036419,-0.5540541,0.2172178,0.0,0.0,0.0,0.0,0.0,0.0,0.0,1.398855,1.052074,1.870443,1.774891,-0.007115144,-1.847139,0.1976306,-0.603613,0.1510982,0.7574714,28.80361,282.7363,359.3671,0.7097812,-0.003018761,-0.7044146,-0.3165433,0.01010551,0.1601097,0.1252268,-1.174327,-1.471732,0.004773468,-0.2076176,2.04489,0.2256416,-0.009679633,0.9741623,-0.46749,0.8762229,0.1169894,-0.8547157,-0.4818088,0.1931872,moving,2.0493942655670168,-4.842783844038681,0.13374757236968396,-5.797372255929767,-1.6496642,-1.167211856,0.37540700000000005,0.0356335467834038,-0.08436829812753488,0.9957971994407084,2.4526503366480643,-5.071588139653059,2.1342883860786053,2.1403133624015487,2.4298297499243593
05/05/2023 11:40:44.332903,3411,True,True,True,True,Eyes,1.813556,-0.006595101,-1.845596,-0.804605,-0.5537211,0.2144847,0.0,0.0,0.0,0.0,0.0,0.0,0.0,1.422401,1.042491,1.848738,1.765038,-0.008402281,-1.847272,0.1968684,-0.6070377,0.1533914,0.7544663,28.90048,282.2328,359.5055,0.7089481,-0.002958906,-0.7052532,-0.2975507,0.009499179,0.1505032,0.1127924,-1.176607,-1.489145,0.001685351,-0.2056542,2.044646,0.2159528,-0.007555808,0.9763746,-0.4704704,0.8754278,0.1108325,-0.855583,-0.4832899,0.1854963,moving,2.2913272613599442,-4.7319251664266435,0.047227479685380616,-5.743596563255652,-1.6522456,-1.168204719,0.3581270000000001,0.03984449121696171,-0.08242831048034467,0.9958001502788183,2.6855032024700027,-4.965328758562882,2.4545908028890135,2.461597620504574,2.750672565983822
05/05/2023 11:40:44.343412,3412,True,True,True,True,Eyes,1.810548,-0.006958362,-1.845554,-0.8055754,-0.5534233,0.2115916,0.0,0.0,0.0,0.0,0.0,0.0,0.0,1.445248,1.031143,1.827989,1.754946,-0.009892806,-1.847595,0.195763,-0.6104655,0.1551537,0.7516223,28.9281,281.7356,359.6217,0.7081462,-0.002917924,-0.7060586,-0.2796977,0.008929228,0.141473,0.09888767,-1.176991,-1.506488,-0.00151369,-0.2036211,2.044392,0.2065187,-0.005779122,0.9784256,-0.4722471,0.8752084,0.1048478,-0.8569322,-0.4837116,0.1780177,moving,2.5221767804859843,-4.693412451706457,-0.04242240854142452,-5.687891318169335,-1.6560583299999998,-1.1670981939999998,0.34110700000000005,0.043858798475301664,-0.08174518764996089,0.9956878071720002,2.9095016429502856,-4.929387360631732,2.7424829830677977,2.750664868027607,3.0478162443584815
05/05/2023 11:40:44.362699,3413,True,True,True,True,Eyes,1.80723,-0.007334385,-1.845542,-0.8066376,-0.5531034,0.2083562,0.0,0.0,0.0,0.0,0.0,0.0,0.0,1.467332,1.0192,1.807653,1.744757,-0.01108485,-1.84801,0.1946037,-0.6137705,0.1569168,0.7488608,28.95247,281.2581,359.7468,0.7073663,-0.00289531,-0.7068401,-0.2629158,0.008393475,0.1329846,0.08506153,-1.17692,-1.523467,-0.004833817,-0.2015107,2.044128,0.1973258,-0.003866427,0.9803303,-0.4739015,0.8750131,0.09884036,-0.8581841,-0.4840838,0.1708303,moving,2.715804336441479,-4.657686336717975,-0.13548896976870803,-5.630042995518235,-1.65969547,-1.16583515,0.324543,0.04722585453922479,-0.08111184996260458,0.9955854967618021,3.09729051676185,-4.8959104447723005,3.00332781012392,3.0125323218103777,3.3150888088552786
05/05/2023 11:40:44.383286,3414,True,True,True,True,Eyes,1.803619,-0.007739702,-1.845557,-0.8077909,-0.5526596,0.2050393,0.0,0.0,0.0,0.0,0.0,0.0,0.0,1.487761,1.004988,1.788988,1.734096,-0.01176976,-1.848428,0.1930998,-0.6169251,0.1581283,0.746399,28.90545,280.813,359.8558,0.7065988,-0.00288974,-0.7076074,-0.2471409,0.007889866,0.1250055,0.06977752,-1.174403,-1.539093,-0.007888168,-0.1995696,2.043886,0.1887977,-0.00220268,0.9820135,-0.4743098,0.8754159,0.09315236,-0.8598753,-0.4833656,0.1642318,moving,2.8789972319107116,-4.684354012591485,-0.22112607579045881,-5.576809770722155,-1.6643184800000002,-1.1626332400000001,0.3093349999999999,0.050059485495857536,-0.08156395500407063,0.9954100940293122,3.257092821595884,-4.922939878993391,3.2156991859100654,3.2260256978475286,3.5391457349825046
05/05/2023 11:40:44.393619,3415,True,True,True,True,Eyes,1.706102,-0.01869861,-1.847343,-0.8349975,-0.5380252,0.1153603,0.0,0.0,0.0,0.0,0.0,0.0,0.0,1.506571,0.9855714,1.774392,1.723495,-0.01291102,-1.849046,0.1903762,-0.6200728,0.1581649,0.7444801,28.65994,280.4087,359.9613,0.7058363,-0.002900698,-0.7083679,-0.2323124,0.007416474,0.1175052,0.05083574,-1.166284,-1.553374,-0.01125664,-0.1974284,2.043619,0.1809873,-0.0005930286,0.9834853,-0.4715954,0.8774816,0.08731518,-0.863042,-0.47961,0.1585334,moving,-2.145486086367581,-3.916418643571344,-0.31559279929882056,-5.518063264972009,-1.67265926,-1.15337298,0.29567199999999993,-0.03734974188780349,-0.06825352479227553,0.9969686017080601,-1.6615670024895206,-4.142431247561348,2.4288734037708326,2.4318254327399806,1.9245804745398847
05/05/2023 11:40:44.413087,3416,True,True,True,True,Eyes,1.705668,-0.01873894,-1.847378,-0.835094,-0.5379185,0.1151594,0.0,0.0,0.0,0.0,0.0,0.0,0.0,1.523833,0.9698663,1.758655,1.712806,-0.01415956,-1.849776,0.1883808,-0.6228734,0.158433,0.7425905,28.49923,280.0316,0.04087764,0.7030132,-0.003371965,-0.7111677,-0.5109233,-0.02590525,0.105098,0.03382835,-1.160884,-1.56729,-0.01443565,-0.1954078,2.043367,0.1738556,0.0006269573,0.9847711,-0.4699764,0.8788233,0.08241216,-0.8653882,-0.477147,0.153083,moving,-1.8451357208746746,-4.060335002497244,-0.4047672591192033,-5.4626009121809345,-1.67897765,-1.14672444,0.282486,-0.03211739476882253,-0.07077038471805575,0.9969754332413272,-1.3649007675685558,-4.284451357010625,2.0080152079102533,2.0102266009285743,1.5198331251802812
05/05/2023 11:40:44.432894,3417,True,True,True,True,Eyes,1.704808,-0.01883058,-1.847448,-0.8353893,-0.537564,0.1146717,0.0,0.0,0.0,0.0,0.0,0.0,0.0,1.539775,0.9547271,1.743353,1.701966,-0.01519045,-1.850613,0.1865337,-0.6255453,0.1582245,0.7408531,28.31647,279.6649,0.06974473,0.7005833,-0.003780278,-0.7135596,-0.4802679,-0.02435093,0.09879208,0.01643451,-1.154673,-1.58105,-0.01747423,-0.193476,2.043126,0.167316,0.001071607,0.9859028,-0.4678128,0.8803404,0.07843492,-0.867846,-0.4743413,0.1477963,moving,-1.5683257128382837,-4.213123551560511,-0.4900212802381199,-5.409553778330802,-1.68553149,-1.13948255,0.269563,-0.027295123730311344,-0.07343925460714473,0.9969260692421853,-1.0909429846529777,-4.434947861052182,1.6091177318206098,1.6106476141275503,1.1449731825817402
05/05/2023 11:40:44.452936,3418,True,True,True,True,Eyes,1.703545,-0.01897379,-1.847561,-0.8357929,-0.5370695,0.1140463,0.0,0.0,0.0,0.0,0.0,0.0,0.0,1.55323,0.9363456,1.731716,1.690985,-0.01659548,-1.851594,0.1838488,-0.6280715,0.156625,0.7397261,27.95246,279.3461,0.05052065,0.69837,-0.004151531,-0.7157239,-0.4514518,-0.02288988,0.09286456,-0.004504209,-1.143103,-1.59365,-0.02099162,-0.1912402,2.042847,0.1619897,0.0007788836,0.9867922,-0.4626595,0.8833365,0.075252,-0.8716109,-0.4687388,0.1434517,moving,-1.3374887707780945,-4.5405607544392526,-0.5887317561929059,-5.34813177489512,-1.695489209,-1.1265075199999999,0.25794399999999995,-0.023268245992513426,-0.07914337831314834,0.9965916377644173,-0.8570932711518742,-4.75506988702024,1.1000783625998825,1.1012756330595241,0.6509533820180898
05/05/2023 11:40:44.463131,3419,True,True,True,True,Eyes,1.701899,-0.01918132,-1.847743,-0.8363253,-0.5364208,0.1131933,2.058676,-0.01982355,-1.123498,-1.614715,0.2044907,0.7604543,-0.6163544,-0.0325551,-0.1813711,2.033342,1.680086,-0.01800741,-1.852692,0.1821095,-0.6301908,0.1552499,0.7386428,27.69093,279.0573,359.9884,0.6963437,-0.004491524,-0.7176934,-0.4243647,-0.02151648,0.08729269,-0.02288863,-1.134911,-1.605463,-0.02389959,-0.1893921,2.042616,0.157514,-0.0001791506,0.9875168,-0.4588759,0.8854672,0.07335369,-0.8744268,-0.4647019,0.1393913,moving,-1.1417112047501579,-4.756813651576819,-0.67035759821949,-5.2973396792777,-1.70297463,-1.11690359,0.24722899999999992,-0.019856698350553592,-0.08291036922942605,0.9963591658947468,-0.6604168777924471,-4.966778839794255,0.7164232346039301,0.7171768324559576,0.3307102758043789
05/05/2023 11:40:44.483523,3420,True,True,True,True,Eyes,1.699905,-0.01943502,-1.847981,-0.8369197,-0.5356993,0.1122129,2.064903,-0.02825344,-1.125602,-1.616272,0.9891106,-0.1389134,0.04861451,-0.02444677,-0.1956587,2.030367,1.669388,-0.01981565,-1.85401,0.1798642,-0.6322117,0.1530968,0.7379152,27.32442,278.7999,359.9046,0.6944768,-0.004806067,-0.719498,-0.3989028,-0.0202255,0.08205512,-0.0430864,-1.123519,-1.616999,-0.02744907,-0.1871357,2.042335,0.1537394,-0.001479635,0.9881104,-0.4533694,0.8884205,0.07186987,-0.8779639,-0.4590282,0.1359144,moving,-0.9777006923588668,-5.0739014243305745,-0.770011372819484,-5.23529657149732,-1.7124744,-1.10370335,0.23701099999999986,-0.01699642471758761,-0.08842781230885305,0.9959375998284633,-0.49198978397115267,-5.276387877094085,0.2625273945370215,0.2630270841181706,0.28104181052184624
05/05/2023 11:40:44.493590,3421,True,True,True,True,Eyes,1.697569,-0.01975025,-1.848316,-0.8375001,-0.5350005,0.1112116,2.060737,-0.02829897,-1.122246,-1.619138,0.9861549,0.08486087,-0.142468,-0.01554613,-0.2020778,2.018483,1.659054,-0.0211974,-1.855532,0.1786879,-0.6341892,0.1522852,0.736671,27.15656,278.5153,359.8535,0.6927459,-0.005099581,-0.7211627,-0.3749686,-0.01901197,0.07713182,-0.05889692,-1.118006,-1.62957,-0.03043754,-0.1852366,2.042098,0.1492267,-0.002275713,0.9888005,-0.451012,0.8897597,0.07011318,-0.8799545,-0.4564236,0.1317496,moving,-0.7936122298849954,-5.1929809069673025,-0.8539323054964826,-5.183056430427349,-1.71795092,-1.0968086000000001,0.225962,-0.013793863856195687,-0.09050196501112398,0.9958007311324202,-0.3093272877823062,-5.393471112018184,0.0608999045967786,0.06113106212366684,0.5838398440911948
05/05/2023 11:40:44.513247,3422,True,True,True,True,Eyes,1.69492,-0.02006225,-1.848712,-0.838056,-0.5343863,0.1099702,0.0,0.0,0.0,0.0,0.0,0.0,0.0,1.599114,0.8891137,1.679502,1.64868,-0.02299172,-1.857347,0.1779581,-0.6364358,0.1503572,0.7353049,26.94225,278.1619,359.6529,0.6911283,-0.005376725,-0.722711,-0.3524705,-0.01787125,0.07250391,-0.07594055,-1.111321,-1.645015,-0.03355232,-0.1832564,2.041851,0.1446845,-0.005401071,0.9894632,-0.4476345,0.8914473,0.07032156,-0.8824341,-0.4530923,0.1265609,moving,-0.549938905587564,-5.3653046407010825,-0.9414170412448228,-5.128562980270479,-1.72462055,-1.08832928,0.2123320000000002,-0.00955604968564261,-0.09350116683697254,0.995573319934931,-0.0671452352742471,-5.562755298867459,0.456322249125176,0.45749507590915395,0.9761527340758073
05/05/2023 11:40:44.533125,3423,True,True,True,True,Eyes,1.691888,-0.02008856,-1.849157,-0.838387,-0.534168,0.1084975,0.0,0.0,0.0,0.0,0.0,0.0,0.0,1.611943,0.8910618,1.658103,1.638512,-0.02321307,-1.859138,0.1797607,-0.6386186,0.1496247,0.73312,27.04426,277.724,359.3431,0.6896055,-0.005639056,-0.7241623,-0.3313223,-0.01679897,0.06815367,-0.08709706,-1.112532,-1.66423,-0.03670751,-0.1812509,2.0416,0.1395574,-0.01021132,0.9901614,-0.4489829,0.890597,0.0724661,-0.8825749,-0.4546787,0.1197047,moving,-0.23697493355089574,-5.246775621814622,-1.0300542758126907,-5.073352455863608,-1.72560906,-1.0893189300000001,0.19490799999999986,-0.004118651727127609,-0.0914447993832157,0.9958015901136952,0.2347432307501965,-5.449503834866996,0.8088454578712856,0.8118192148569006,1.3195463586149017
05/05/2023 11:40:44.542821,3424,True,True,True,True,Eyes,1.688455,-0.02004171,-1.849615,-0.8392943,-0.5330217,0.1071125,0.0,0.0,0.0,0.0,0.0,0.0,0.0,1.622667,0.8974565,1.633128,1.626333,-0.01628666,-1.860203,0.1841222,-0.6400281,0.1507853,0.730566,27.51887,277.3155,359.007,0.6881592,-0.005876697,-0.725535,-0.3114429,-0.01579103,0.06406445,-0.09308222,-1.117615,-1.683088,-0.04016693,-0.179052,2.041326,0.1352554,-0.01536957,0.9906915,-0.4560041,0.8867255,0.0760132,-0.8796398,-0.4620406,0.1129259,moving,0.04533334727288593,-4.69091236552782,-1.1272568007853483,-5.012788307572024,-1.7194152200000001,-1.10132834,0.17711500000000013,0.0007885658653141725,-0.08178041219176535,0.9966501315332534,0.4949603768941398,-4.910529752783875,1.2116576035623798,1.2159653684994796,1.6254369823483668
05/05/2023 11:40:44.562979,3425,True,True,True,True,Eyes,1.684813,-0.01997025,-1.850199,-0.8401476,-0.5319234,0.1058753,0.0,0.0,0.0,0.0,0.0,0.0,0.0,1.623976,0.8517625,1.64426,1.613378,-0.01468701,-1.860963,0.1754433,-0.6421793,0.140374,0.7328852,25.9413,277.2607,358.7526,0.6867722,-0.006089389,-0.7268463,-0.2927564,-0.01484357,0.06022058,-0.1368179,-1.066003,-1.685324,-0.04312095,-0.1771747,2.041091,0.1358019,-0.01957613,0.9905426,-0.431088,0.8990296,0.07686904,-0.892032,-0.43745,0.1136509,moving,0.06877191932458325,-6.1942046476981,-1.210274784754741,-4.961062798500817,-1.7501959,-1.05131599,0.17563899999999988,0.0011932887206049791,-0.10789872587841783,0.9941612109810227,0.5583273278638452,-6.37336490309241,1.7730733145848412,1.7766821019692514,2.263305252808991
05/05/2023 11:40:44.582995,3426,True,True,True,True,Eyes,1.680848,-0.01969756,-1.850812,-0.8406245,-0.5314315,0.1045514,0.0,0.0,0.0,0.0,0.0,0.0,0.0,1.62731,0.8421501,1.639649,1.604977,-0.0140453,-1.862701,0.1742232,-0.6424879,0.139394,0.7330927,25.75738,277.2533,358.7597,0.6854324,-0.006278555,-0.7281084,-0.275191,-0.01395296,0.05660735,-0.1495987,-1.057814,-1.689734,-0.04615995,-0.1752432,2.04085,0.1355571,-0.01949514,0.9905778,-0.42825,0.9004312,0.07632555,-0.8934351,-0.4345613,0.1137111,moving,-0.001505526143030765,-6.34644941580307,-1.2956951551138964,-4.90782113343322,-1.7545757000000002,-1.0437687,0.17296699999999987,-2.611535752761185e-05,-0.11054007346133174,0.9938716596782564,0.4939230319381308,-6.521030623733715,1.9318338146465175,1.935091246057966,2.4093937235377214
05/05/2023 11:40:44.593529,3427,True,True,True,True,Eyes,1.676565,-0.01930128,-1.851454,-0.8414588,-0.5303724,0.1032092,0.0,0.0,0.0,0.0,0.0,0.0,0.0,1.634092,0.8585249,1.614168,1.593202,-0.00882208,-1.863998,0.1802645,-0.6420929,0.1448126,0.7309246,26.7107,277.102,358.73,0.6841271,-0.006438596,-0.7293336,-0.2586795,-0.01311578,0.05321091,-0.1454831,-1.07974,-1.700989,-0.0493791,-0.1731973,2.040595,0.1334921,-0.01979902,0.9908521,-0.4431873,0.893068,0.0775533,-0.8864338,-0.4494859,0.1104428,moving,0.025191252072741654,-5.320716986591314,-1.3861947096708471,-4.851402407150665,-1.7386851,-1.0709179199999999,0.16300899999999996,0.0004377758266231879,-0.0927306032077416,0.9956911053760067,0.49230075175300014,-5.523186160408274,1.4825420513727325,1.4873689883423107,1.9950034109572023
05/05/2023 11:40:44.613128,3428,True,True,True,True,Eyes,1.564535,-0.00791521,-1.86815,-0.8585598,-0.508143,0.06830712,0.0,0.0,0.0,0.0,0.0,0.0,0.0,1.638484,0.818432,1.620207,1.581388,-0.005615193,-1.86513,0.1730334,-0.6441911,0.136925,0.7323447,25.45817,277.0076,358.5797,0.6828449,-0.006567554,-0.7305332,-0.2431588,-0.01232883,0.05001825,-0.1815635,-1.035965,-1.705684,-0.05259974,-0.1711496,2.040339,0.1325386,-0.02238054,0.9909252,-0.4234859,0.9026219,0.07702847,-0.8961548,-0.429852,0.1101544,moving,-1.998513073207039,-5.155886733961127,-1.4767525022360524,-4.794912288465008,-1.7629515,-1.0303498070000001,0.15944599999999998,-0.034732630563516165,-0.08981158350430998,0.9953530153218613,-1.4848872539594264,-5.349388826108418,0.6319689619274638,0.6344577556632124,0.5545362070979899
05/05/2023 11:40:44.633160,3429,True,True,True,True,Eyes,1.564084,-0.007842872,-1.86823,-0.8584046,-0.5084248,0.06815998,2.036068,-0.1836865,-1.04303,-1.729452,0.2804652,-0.2268987,-0.9326608,-0.06926423,-0.1749119,2.036278,1.572127,-0.003707305,-1.86638,0.1744147,-0.6448424,0.1386001,0.7311277,25.70828,276.8533,358.5836,0.6782568,-0.006196415,-0.7347983,-0.5646601,0.0225691,-0.00306898,-0.1878919,-1.039626,-1.715456,-0.0560132,-0.16898,2.040069,0.1299365,-0.02227126,0.9912722,-0.4276087,0.9007391,0.07628839,-0.8945766,-0.4337893,0.1075155,moving,-1.8779362545537726,-4.918730190272637,-1.5727477166833972,-4.735030770454224,-1.7600189,-1.035918695,0.15092399999999984,-0.032649749277714246,-0.08569691480050054,0.99578614676826,-1.373738823443141,-5.119438842686389,0.3548433923113507,0.3562099387848113,0.4328673071346009
05/05/2023 11:40:44.643224,3430,True,True,True,True,Eyes,1.563229,-0.007746559,-1.868352,-0.8585106,-0.5082642,0.06802177,2.034183,-0.183139,-1.041649,-1.729983,0.8863658,0.060038,-0.4590764,-0.06414172,-0.1725512,2.026803,1.560941,-0.001871508,-1.867334,0.1752766,-0.6453856,0.1403803,0.7301021,25.92144,276.7371,358.6456,0.6744305,-0.005881672,-0.7383143,-0.5307805,0.02121495,-0.002884841,-0.1964699,-1.042554,-1.723074,-0.05897191,-0.1670993,2.039834,0.1275417,-0.02125805,0.9916055,-0.4312258,0.899143,0.07474077,-0.893184,-0.4371384,0.1055112,moving,-1.7962458437148352,-4.688942024802498,-1.655968418452359,-4.683103919850258,-1.7574109,-1.040682492,0.14426000000000005,-0.03124046317941853,-0.08170625377064225,0.9961666678136925,-1.3002989980096111,-4.896400301974064,0.13991675550396376,0.14039885864102647,0.41472410499654455
05/05/2023 11:40:44.663332,3431,True,True,True,True,Eyes,1.562022,-0.007605278,-1.868511,-0.8584498,-0.508429,0.06755595,0.0,0.0,0.0,0.0,0.0,0.0,0.0,1.65824,0.7864698,1.589568,1.550445,-0.001287408,-1.868459,0.1701799,-0.6468239,0.1368953,0.7306965,25.20093,276.684,358.7274,0.6712142,-0.005611927,-0.7412418,-0.4989337,0.01994205,-0.002711751,-0.2209382,-1.017765,-1.727194,-0.06222342,-0.165033,2.039576,0.125757,-0.02009515,0.9918576,-0.4202106,0.904597,0.0716055,-0.8986703,-0.425794,0.1053152,moving,-1.7690654015523075,-5.416832888821703,-1.7474386336081846,-4.626029463441626,-1.7713832,-1.016477592,0.1412650000000002,-0.03073337759132483,-0.09435619743589922,0.9950639582703766,-1.254183976264397,-5.604806896495221,0.7906725047410414,0.7910990928351334,1.09604079324007
05/05/2023 11:40:44.682816,3432,True,True,True,True,Eyes,1.560398,-0.00736017,-1.868701,-0.8584951,-0.508423,0.06702415,0.0,0.0,0.0,0.0,0.0,0.0,0.0,1.666815,0.785289,1.572988,1.540726,1.069158e-05,-1.8696,0.171463,-0.6475403,0.1397825,0.7292139,25.53713,276.5281,358.8445,0.668277,-0.005363349,-0.7438927,-0.4689977,0.01874553,-0.002549045,-0.2260015,-1.02501,-1.736537,-0.06538616,-0.1630219,2.039325,0.1223046,-0.01819578,0.992326,-0.425921,0.9021226,0.0690368,-0.8964559,-0.431096,0.1025838,moving,-1.6819923359591091,-5.072682471551659,-1.836425303209582,-4.570456768858031,-1.7667275,-1.02502069158,0.13306299999999993,-0.029237224404871587,-0.08838159520492893,0.9956575207742688,-1.1785794694647198,-5.270531380420735,0.5254290718534045,0.5254333428893667,0.9606589419404497
05/05/2023 11:40:44.692772,3433,True,True,True,True,Eyes,1.558426,-0.007126908,-1.868906,-0.8587545,-0.5080853,0.06625825,0.0,0.0,0.0,0.0,0.0,0.0,0.0,1.674974,0.7670678,1.562992,1.52908,0.002715793,-1.870502,0.1692479,-0.6490278,0.1387544,0.7286052,25.26089,276.3635,358.8913,0.6655829,-0.005129631,-0.7463059,-0.4408578,0.0176208,-0.002396103,-0.2438984,-1.01178,-1.744948,-0.0686259,-0.160963,2.039069,0.1190204,-0.01749888,0.9927378,-0.4218874,0.9042047,0.06651891,-0.8988022,-0.4267406,0.1002362,moving,-1.5850351169960375,-5.321439262121245,-1.9275909103367883,-4.513537984305356,-1.7729784,-1.0144957929999998,0.12555400000000017,-0.027541430195697603,-0.09270799152231712,0.9953124217903018,-1.0773589366921106,-5.513210787483843,0.877510396948808,0.8775243280091205,1.3123414656340244
05/05/2023 11:40:44.713031,3434,True,True,True,True,Eyes,1.556182,-0.006926888,-1.869153,-0.8588327,-0.508064,0.06540261,0.0,0.0,0.0,0.0,0.0,0.0,0.0,1.681239,0.7360069,1.562367,1.518781,0.002587348,-1.871513,0.163188,-0.6508889,0.1341182,0.7291952,24.36726,276.2663,358.9409,0.6630999,-0.004909763,-0.7485144,-0.4144063,0.01656355,-0.002252337,-0.270853,-0.9821344,-1.750198,-0.07182211,-0.1589313,2.038815,0.116712,-0.01683775,0.9930231,-0.4080313,0.9107639,0.0633997,-0.9054772,-0.412584,0.09942677,moving,-1.5410266884550647,-6.210872334076161,-2.0175458819505754,-4.457351391577696,-1.789634,-0.984721748,0.12131500000000006,-0.026735013673239605,-0.1081493380584494,0.9937751736693328,-1.0104855904031342,-6.3789070005124735,1.8170753827093666,1.8171148113287496,2.169457625546146
05/05/2023 11:40:44.733072,3435,True,True,True,True,Eyes,1.553619,-0.00673356,-1.869411,-0.858755,-0.508347,0.06421103,0.0,0.0,0.0,0.0,0.0,0.0,0.0,1.689658,0.7418757,1.543319,1.509948,0.002058547,-1.872754,0.1656604,-0.6514915,0.1377544,0.7274196,24.86622,276.0885,359.0248,0.6608009,-0.004703776,-0.750546,-0.389542,0.01556974,-0.002117196,-0.272355,-0.9963573,-1.760724,-0.07497969,-0.1569245,2.038564,0.1131652,-0.0154421,0.9934562,-0.4162632,0.9071607,0.06151754,-0.9021745,-0.4205009,0.09623099,moving,-1.4708477170032432,-5.725742808323252,-2.106425952954502,-4.401831467583544,-1.7823030000000002,-0.998415847,0.11203000000000007,-0.025540334976778822,-0.09973426421457447,0.9946862051111961,-0.9551496092363074,-5.907348999505906,1.4684762217036442,1.4685710511085686,1.8952625830028766
05/05/2023 11:40:44.743001,3436,True,True,True,True,Eyes,1.550772,-0.006510344,-1.869702,-0.8586819,-0.5086287,0.06294645,0.0,0.0,0.0,0.0,0.0,0.0,0.0,1.697645,0.7404722,1.526188,1.499628,0.002177719,-1.873675,0.166748,-0.6522836,0.1402088,0.7259908,25.15236,275.9252,359.1167,0.6586603,-0.004510558,-0.7524264,-0.3661694,0.01463555,-0.001990165,-0.2789258,-1.003215,-1.770143,-0.07824455,-0.1548493,2.038305,0.1097351,-0.01395351,0.993863,-0.4211146,0.9050732,0.05920336,-0.9003448,-0.4250268,0.09344226,moving,-1.414319095229481,-5.453897100145686,-2.1983375349260146,-4.344394922582429,-1.7785538,-1.005392719,0.10353199999999996,-0.024570350398480045,-0.09501608565304562,0.9951724758891654,-0.907371558998247,-5.6432222728628085,1.3581557486240203,1.3585580575749403,1.8312688597907965
05/05/2023 11:40:44.772955,3437,True,True,True,True,Eyes,1.547644,-0.006257315,-1.869997,-0.8584941,-0.509142,0.06133847,0.0,0.0,0.0,0.0,0.0,0.0,0.0,1.705863,0.7331153,1.512323,1.489963,0.003120214,-1.874713,0.1665155,-0.6535665,0.1406653,0.7248012,25.16645,275.7226,359.1296,0.6566554,-0.004327639,-0.7541777,-0.3441993,0.01375742,-0.001870755,-0.2896569,-1.000734,-1.78055,-0.08144394,-0.1528155,2.038051,0.106128,-0.0137492,0.9942575,-0.4215666,0.9049717,0.05751299,-0.9005657,-0.4252495,0.09024668,moving,-1.3310881183809686,-5.471141726256419,-2.2884179193935146,-4.288081922271763,-1.7796199,-1.003854214,0.094163,-0.02312401166873368,-0.09531889756608855,0.9951782210498179,-0.8257716282645333,-5.660552964582525,1.5211988850519957,1.5218774088969627,2.005744483959748
05/05/2023 11:40:44.782830,3438,True,True,True,True,Eyes,1.544236,-0.00603313,-1.870319,-0.8584102,-0.5094769,0.05970905,0.0,0.0,0.0,0.0,0.0,0.0,0.0,1.712565,0.7353998,1.494779,1.479955,0.004170038,-1.875572,0.1685225,-0.654389,0.1419272,0.7233477,25.43912,275.5126,359.0334,0.6547665,-0.004152778,-0.7558193,-0.3235473,0.01293197,-0.001758509,-0.296295,-1.005985,-1.791785,-0.08470474,-0.1507431,2.037793,0.1032634,-0.01523312,0.9945374,-0.4258839,0.9029137,0.05804953,-0.8988658,-0.4295518,0.08675037,moving,-1.23700217734794,-5.220303270889348,-2.3802377648650825,-4.230675463711205,-1.7762499999999999,-1.010155038,0.08378700000000006,-0.021498582004503886,-0.09096444424710035,0.9956220340089729,-0.7408157786413883,-5.417115023612653,1.5107170230944693,1.5120683864514477,2.0236954509542153
05/05/2023 11:40:44.792906,3439,True,True,True,True,Eyes,1.540604,-0.005836563,-1.870685,-0.8582071,-0.5100415,0.05777704,0.0,0.0,0.0,0.0,0.0,0.0,0.0,1.717307,0.72676,1.484769,1.46986,0.003665432,-1.876528,0.1674157,-0.6554673,0.1399115,0.7230211,25.18262,275.3685,358.9139,0.6529745,-0.003986348,-0.7573689,-0.3041345,0.01215606,-0.001652999,-0.3121224,-0.9963972,-1.800117,-0.08784562,-0.1487465,2.037544,0.1015748,-0.01715309,0.9946801,-0.4217888,0.9047936,0.05867533,-0.9009867,-0.4255048,0.08466925,moving,-1.2062396793507966,-5.516421099692223,-2.468691833838082,-4.175347788538082,-1.7819824,-1.000062632,0.076411,-0.020953846013552768,-0.09610992257287077,0.995150121179764,-0.70284658024457,-5.705437008112727,1.8406336411516684,1.8418097263994233,2.336532148183988
05/05/2023 11:40:44.813070,3440,True,True,True,True,Eyes,1.536712,-0.005609247,-1.871074,-0.8579078,-0.5107619,0.05582709,0.0,0.0,0.0,0.0,0.0,0.0,0.0,1.722299,0.7298175,1.469774,1.46084,0.003264669,-1.87753,0.1691443,-0.655911,0.1411949,0.7219661,25.433,275.2314,358.8572,0.6512637,-0.003828647,-0.7588413,-0.2858864,0.01142669,-0.001553819,-0.3179632,-1.002482,-1.80902,-0.0910568,-0.1467056,2.037289,0.09968974,-0.01801136,0.9948555,-0.4257629,0.9029085,0.05901035,-0.8993263,-0.4294553,0.08234214,moving,-1.1961243058736972,-5.315008679814781,-2.559136414370175,-4.118771432532681,-1.7788032,-1.005746669,0.06850999999999985,-0.020785079889226288,-0.09261141192464008,0.9954854507252433,-0.698414638507669,-5.509532974755533,1.8119644280952083,1.8135009125150914,2.3230374931315687
05/05/2023 11:40:44.833077,3441,True,True,True,True,Eyes,1.532557,-0.005350512,-1.871431,-0.8580316,-0.5107634,0.05387489,0.0,0.0,0.0,0.0,0.0,0.0,0.0,1.728463,0.7298896,1.453555,1.450675,0.004267689,-1.878476,0.1707351,-0.656447,0.143215,0.7207054,25.72966,275.0855,358.8726,0.6496192,-0.003677556,-0.7602503,-0.2687332,0.01074109,-0.00146059,-0.3240201,-1.008714,-1.817976,-0.09422327,-0.1446929,2.037037,0.09713373,-0.01772536,0.9951135,-0.4305887,0.900678,0.05807327,-0.8973061,-0.4341255,0.07985386,moving,-1.189433470134263,-5.017763627537728,-2.6483321040610415,-4.062956100287903,-1.7746951,-1.012981689,0.0605,-0.020678520617569696,-0.08744588976244463,0.9959546155821335,-0.6999040002718797,-5.220362589474876,1.7415181298586777,1.7435718047061743,2.266266060472058
05/05/2023 11:40:44.842991,3442,True,True,True,True,Eyes,1.528168,-0.005098819,-1.871809,-0.8581998,-0.5106844,0.05190867,0.0,0.0,0.0,0.0,0.0,0.0,0.0,1.733651,0.7132619,1.446092,1.440122,0.005244836,-1.879226,0.1681629,-0.6576769,0.1412168,0.7205833,25.34709,274.9745,358.8792,0.6480284,-0.003531098,-0.7616075,-0.2526092,0.01009662,-0.001372954,-0.3422997,-0.9939222,-1.824593,-0.09735932,-0.1426998,2.036788,0.09503807,-0.01767686,0.9953167,-0.4247105,0.9035581,0.0566008,-0.900327,-0.4281007,0.07836486,moving,-1.2010970839426316,-5.395430339436294,-2.736679213423855,-4.007662009620427,-1.7824217,-0.999167036,0.054633000000000154,-0.02086873266188577,-0.09400843240855188,0.9953526379016342,-0.701094573007434,-5.587749006458743,2.068177403617034,2.0697616803926997,2.5768740260006466
05/05/2023 11:40:44.863831,3443,True,True,True,True,Eyes,1.523543,-0.004864045,-1.872181,-0.8587317,-0.5099865,0.0499361,0.0,0.0,0.0,0.0,0.0,0.0,0.0,1.740269,0.7029933,1.434317,1.430135,0.005310662,-1.880076,0.1670013,-0.6589078,0.1407819,0.7198138,25.21044,274.8124,358.8978,0.6464792,-0.003389071,-0.7629235,-0.2374527,0.009490827,-0.001290577,-0.3557522,-0.9875464,-1.833471,-0.1006975,-0.1405777,2.036524,0.09204219,-0.01740338,0.9956031,-0.4227504,0.9045821,0.0548951,-0.9015601,-0.4259442,0.07590241,moving,-1.1770286805375647,-5.484376844833305,-2.8307285791438694,-3.9487638629164543,-1.7858872,-0.992857062,0.04660500000000001,-0.02044758687732362,-0.09555434561630403,0.9952141679433048,-0.6752348417231003,-5.674452164005572,2.2550893774716303,2.256730064691403,2.7611869485016767
05/05/2023 11:40:44.882918,3444,True,True,True,True,Eyes,1.402325,0.0006229505,-1.882189,-0.871676,-0.4900818,-0.0008871197,0.0,0.0,0.0,0.0,0.0,0.0,0.0,1.746984,0.6950366,1.420815,1.419787,0.005099125,-1.880937,0.1663596,-0.6601477,0.1404624,0.718888,25.12785,274.6286,358.8804,0.6449618,-0.00325174,-0.7642074,-0.2232055,0.008921377,-0.001213143,-0.3686019,-0.9831376,-1.843105,-0.1039205,-0.1385289,2.036269,0.08895069,-0.01769032,0.9958791,-0.4215972,0.9051896,0.05373596,-0.90241,-0.4246396,0.07305902,moving,-4.011301019128712,-4.379047146364246,-2.9215416932448055,-3.8918779326889292,-1.7883889,-0.9882367249999999,0.03783200000000009,-0.06975001552108095,-0.07616844376177416,0.9946523564333021,-3.4679293965414972,-4.5801884374652575,1.1888158066663805,1.193695619119034,0.8788121945553995
05/05/2023 11:40:44.893004,3445,True,True,True,True,Eyes,1.401914,0.0006301042,-1.882168,-0.8719569,-0.4895813,-0.001158941,0.0,0.0,0.0,0.0,0.0,0.0,0.0,1.754333,0.6864496,1.407107,1.409586,0.004931245,-1.881992,0.1655171,-0.661668,0.1394406,0.7178829,24.9717,274.4033,358.8097,0.6394871,-0.002844254,-0.7687961,-0.5734671,0.02484708,-0.03116321,-0.3825557,-0.9763654,-1.854154,-0.1070251,-0.1365556,2.036022,0.08550348,-0.01883075,0.99616,-0.4192388,0.9063208,0.05311711,-0.9038408,-0.4221706,0.06959898,moving,-3.8241860808770496,-4.496294084628219,-3.009028337816325,-3.8370701803201683,-1.7921417,-0.981296645,0.02783800000000003,-0.06649074255981219,-0.07822113163285725,0.9947162729298549,-3.282366027449966,-4.695508705494048,1.0437367398147055,1.048359815179409,0.9009052081528682
05/05/2023 11:40:44.920246,3446,True,True,True,True,Eyes,1.401087,0.0006250124,-1.882179,-0.8722954,-0.4889768,-0.001590967,0.0,0.0,0.0,0.0,0.0,0.0,0.0,1.762214,0.6813843,1.390581,1.39916,0.00510795,-1.88301,0.1656755,-0.6632099,0.139053,0.7164975,24.95174,274.137,358.7049,0.6349436,-0.002505526,-0.772554,-0.539059,0.02335626,-0.02929342,-0.3944081,-0.9733905,-1.866776,-0.1101871,-0.1345459,2.035771,0.0816339,-0.02049291,0.9964517,-0.4190175,0.9064318,0.05296943,-0.904301,-0.4218548,0.06540871,moving,-3.6099857019893347,-4.471036347080375,-3.098139015756877,-3.7812294986186106,-1.7935680999999999,-0.97849845,0.01623400000000008,-0.06277360845200303,-0.07780139339942092,0.9949907156563917,-3.0742402196574514,-4.672353783687937,0.8555053085197488,0.8589647946172763,0.8914446948046301
05/05/2023 11:40:44.933001,3447,True,True,True,True,Eyes,1.399876,0.0005840355,-1.882214,-0.8728299,-0.4880192,-0.002262997,0.0,0.0,0.0,0.0,0.0,0.0,0.0,1.770269,0.6719735,1.375069,1.388402,0.004785039,-1.883755,0.1646714,-0.6650826,0.1376931,0.7152547,24.75371,273.8577,358.6075,0.6311514,-0.002223497,-0.7756561,-0.5067155,0.02195488,-0.02753582,-0.4095658,-0.9652767,-1.879424,-0.1134585,-0.1324666,2.035511,0.07741167,-0.02206893,0.9967549,-0.4160113,0.9078479,0.05240947,-0.9060586,-0.4187185,0.06109712,moving,-3.396363142320358,-4.599982711391775,-3.190340602042419,-3.7234334317612445,-1.7979678,-0.970061739,0.004331000000000085,-0.05905284597444915,-0.0800586613503468,0.9950393294655142,-2.8625213818993944,-4.799233192998808,0.8980814751065281,0.9004354095232907,1.1246379716931043
05/05/2023 11:40:44.942996,3448,True,True,True,True,Eyes,1.398295,0.000510197,-1.882276,-0.8733009,-0.4871715,-0.003093422,0.0,0.0,0.0,0.0,0.0,0.0,0.0,1.77851,0.6643741,1.358748,1.37798,0.003844157,-1.884634,0.1639811,-0.6668887,0.1368692,0.7138884,24.62525,273.5785,358.5316,0.6277673,-0.001976368,-0.7783982,-0.4763125,0.02063759,-0.02588367,-0.423048,-0.9600885,-1.892097,-0.1165555,-0.1304977,2.035266,0.07305261,-0.02329562,0.9970561,-0.414133,0.9087541,0.05157539,-0.9072803,-0.4166815,0.05673938,moving,-3.193969566452155,-4.665680213185279,-3.2776315143970494,-3.668683274923311,-1.801028,-0.963932657,-0.007462999999999997,-0.055532362876589025,-0.08121599992057958,0.9951483405216395,-2.663453531510649,-4.864497990599004,0.9992560198860146,1.0005009827269902,1.3443167145018118
05/05/2023 11:40:44.962926,3449,True,True,True,True,Eyes,1.396355,0.0004023295,-1.88234,-0.8737922,-0.4862821,-0.004128945,0.0,0.0,0.0,0.0,0.0,0.0,0.0,1.786589,0.662432,1.339313,1.367519,0.002998404,-1.8853,0.1648273,-0.6684285,0.1375312,0.7121242,24.74714,273.2869,358.4559,0.624668,-0.001757062,-0.7808882,-0.4477338,0.01939933,-0.02433065,-0.4323107,-0.9625759,-1.905318,-0.1197632,-0.1284591,2.035012,0.0685773,-0.02447183,0.9973457,-0.416229,0.9078343,0.05089538,-0.9066702,-0.4186144,0.05207089,moving,-2.9979000120207027,-4.478345046655216,-3.368049069314548,-3.611974552026402,-1.7998296999999999,-0.965574304,-0.02001800000000009,-0.05214011876180302,-0.07797610117915571,0.9955909166964444,-2.477370505428486,-4.683524048929597,0.9418762794717208,0.9421295869353099,1.3933867476331285
05/05/2023 11:40:44.982761,3450,True,True,True,True,Eyes,1.394081,0.0002564705,-1.882423,-0.8742003,-0.4855362,-0.005318797,0.0,0.0,0.0,0.0,0.0,0.0,0.0,1.794695,0.6582963,1.32069,1.35696,0.002064053,-1.886043,0.1651065,-0.6700799,0.1377275,0.7104674,24.78298,272.9968,358.3863,0.6218168,-0.001564262,-0.7831608,-0.4208698,0.01823537,-0.02287081,-0.443036,-0.9624587,-1.918465,-0.1229706,-0.1264208,2.034758,0.06404813,-0.02556743,0.9976192,-0.4169709,0.9075419,0.05002885,-0.9066604,-0.4191824,0.04746551,moving,-2.810136269452466,-4.38660569200878,-3.458463983387714,-3.5552529966469306,-1.799996,-0.964522753,-0.03242200000000017,-0.04888319405160141,-0.07639449593776126,0.9958785919788549,-2.296807525842707,-4.59550824732399,1.0542589597526284,1.0542656822366538,1.5593513753856783
05/05/2023 11:40:44.992946,3451,True,True,True,True,Eyes,1.391483,8.009092e-05,-1.882526,-0.8745453,-0.4848968,-0.006757903,0.0,0.0,0.0,0.0,0.0,0.0,0.0,1.802566,0.6579747,1.300194,1.346674,0.001031805,-1.88657,0.1663655,-0.6716049,0.1387044,0.7085412,24.96488,272.6895,358.2991,0.6191809,-0.001396953,-0.7852468,-0.3956176,0.01714125,-0.02149856,-0.4509674,-0.966953,-1.93211,-0.1262061,-0.1243637,2.0345,0.0594162,-0.02690818,0.9978706,-0.4200192,0.9061672,0.04944454,-0.9055681,-0.4220627,0.04253904,moving,-2.623802762639278,-4.156525782615406,-3.5496795062151927,-3.4979896823848704,-1.7976413999999998,-0.967984805,-0.045539999999999914,-0.04565783870522039,-0.07240585945502795,0.9963296698064523,-2.1213674923548327,-4.37287977982629,1.135870947456387,1.1361855216475791,1.674965041885619
05/05/2023 11:40:45.018011,3452,True,True,True,True,Eyes,1.388573,-0.0001310679,-1.882639,-0.8748134,-0.4843882,-0.008340621,0.0,0.0,0.0,0.0,0.0,0.0,0.0,1.810271,0.6607497,1.277873,1.336273,0.0001236722,-1.887062,0.168507,-0.6730125,0.1402497,0.7063919,25.26741,272.3651,358.1831,0.61673,-0.001253875,-0.7871734,-0.3718805,0.01611278,-0.02020865,-0.4568813,-0.9750452,-1.946328,-0.1294007,-0.1223336,2.034247,0.05476834,-0.02867209,0.9980874,-0.4249572,0.9038708,0.04928433,-0.9035551,-0.4268436,0.03731905,moving,-2.4324882054532315,-3.8151012642370024,-3.6397438929757926,-3.441454137380613,-1.7931543,-0.9751688721999999,-0.05926600000000004,-0.042348290856004944,-0.06647719506247159,0.9968888523178836,-1.9440729338268592,-4.041947792687874,1.2624890682347472,1.2637557004673041,1.7988587025570795
05/05/2023 11:40:45.033074,3453,True,True,True,True,Eyes,1.385363,-0.0003758111,-1.882756,-0.875048,-0.4839288,-0.01018633,0.0,0.0,0.0,0.0,0.0,0.0,0.0,1.81748,0.6608978,1.257041,1.325901,-0.0008964278,-1.887368,0.1699109,-0.6745313,0.1410431,0.7044464,25.44613,272.0484,358.064,0.6144381,-0.001134133,-0.7889639,-0.3495677,0.01514601,-0.01899613,-0.464769,-0.9793761,-1.959957,-0.1325577,-0.1203268,2.033997,0.05022859,-0.03050582,0.9982719,-0.4279351,0.9024742,0.04911023,-0.9024129,-0.4296623,0.03227553,moving,-2.260129148734418,-3.6016087647998574,-3.72875250919813,-3.3855468847856063,-1.79067,-0.9784796722,-0.07258900000000001,-0.039358695210855,-0.06276986235835579,0.997251565345034,-1.7818083745888482,-3.8353659430128944,1.4823795661033088,1.4844316457469569,1.9982313801044085
05/05/2023 11:40:45.048779,3454,True,True,True,True,Eyes,1.381854,-0.0006444344,-1.882873,-0.8752192,-0.4835725,-0.01220189,0.0,0.0,0.0,0.0,0.0,0.0,0.0,1.825554,0.6598567,1.235181,1.315479,-0.0019603,-1.887656,0.1711605,-0.6762539,0.142099,0.7022768,25.6323,271.7014,357.9717,0.612281,-0.001036825,-0.7906392,-0.3285936,0.01423725,-0.01785636,-0.4724286,-0.9839891,-1.974481,-0.1357716,-0.1182837,2.033742,0.04497711,-0.03191036,0.9984784,-0.4310816,0.9010239,0.04821419,-0.9011913,-0.4325941,0.02676945,moving,-2.0734320396243366,-3.3850775005838636,-3.8193702513058247,-3.3286083810165406,-1.7879076,-0.9820287999999999,-0.08682499999999993,-0.036117272414497026,-0.05900785589376502,0.9976038855681244,-1.605648714906889,-3.625922505136161,1.744040205674139,1.746851167236139,2.233597709776199
05/05/2023 11:40:45.064889,3455,True,True,True,True,Eyes,1.378057,-0.0009407863,-1.882942,-0.8754905,-0.4830191,-0.01445987,0.0,0.0,0.0,0.0,0.0,0.0,0.0,1.83472,0.6557134,1.212368,1.304803,-0.002783127,-1.887717,0.1718695,-0.6783583,0.1431374,0.6998591,25.77039,271.3096,357.911,0.6102377,-0.0009607616,-0.7922176,-0.308878,0.01338301,-0.01678498,-0.4809823,-0.9868202,-1.990214,-0.1391437,-0.1161404,2.033474,0.03868361,-0.03282612,0.9987122,-0.4335302,0.8999451,0.04637196,-0.9003084,-0.4347657,0.02058204,moving,-1.8626323846129402,-3.2010099648001993,-3.914453241495909,-3.268855804165473,-1.7857853,-0.984037073,-0.10249699999999984,-0.03245268561722181,-0.0558096970525748,0.9979139518548711,-1.405118434634797,-3.4482255986538157,2.049496023929273,2.0529422511749176,2.515737406030185
05/05/2023 11:40:45.083192,3456,True,True,True,True,Eyes,1.373985,-0.001276342,-1.883,-0.8757472,-0.4824747,-0.01688095,0.0,0.0,0.0,0.0,0.0,0.0,0.0,1.843991,0.6477148,1.190663,1.294181,-0.003820211,-1.887484,0.1715005,-0.680815,0.1432578,0.6975354,25.742,270.9005,357.8581,0.6082894,-0.0009050245,-0.7937144,-0.2903453,0.01258003,-0.01577788,-0.4921471,-0.984756,-2.006008,-0.1424211,-0.114057,2.033214,0.03193618,-0.03366553,0.9989228,-0.4333751,0.9001296,0.04419133,-0.9006477,-0.4343195,0.01415688,moving,-1.640729361167336,-3.183355299627927,-4.0068683767212425,-3.2107504371246507,-1.7863281,-0.980935789,-0.11852400000000007,-0.02858807021609283,-0.05550875274910022,0.9980488272276018,-1.1892790156875899,-3.4325194262476755,2.3625585590084817,2.3662976005745504,2.826303467773175
05/05/2023 11:40:45.093060,3457,True,True,True,True,Eyes,1.369631,-0.001613015,-1.883029,-0.8761117,-0.4817121,-0.01953792,0.0,0.0,0.0,0.0,0.0,0.0,0.0,1.853472,0.6381685,1.1687,1.283485,-0.00507237,-1.887093,0.1707553,-0.68343,0.1433413,0.6951398,25.67877,270.4789,357.8307,0.60642,-0.0008693032,-0.7951437,-0.2729246,0.01182523,-0.01483121,-0.5037959,-0.9818395,-2.022047,-0.145754,-0.1119388,2.03295,0.02475345,-0.03411414,0.9991114,-0.4326831,0.9005918,0.04147018,-0.9012062,-0.4333252,0.007532137,moving,-1.4217954846031684,-3.1858292700130946,-4.100850494313571,-3.1516519611185854,-1.7872808999999998,-0.9767671299999999,-0.13495400000000024,-0.02477414252143384,-0.055557505424098624,0.9981480821674737,-0.9757914455412506,-3.4363784095293535,2.6752878416756487,2.6792730046595987,3.1380030606642766
05/05/2023 11:40:45.113414,3458,True,True,True,True,Eyes,1.364986,-0.00195482,-1.883026,-0.8766032,-0.4806948,-0.02234345,0.0,0.0,0.0,0.0,0.0,0.0,0.0,1.862744,0.6265885,1.146884,1.272433,-0.005520899,-1.886439,0.1696611,-0.6862094,0.1429715,0.6927418,25.54878,270.0421,357.7919,0.6046136,-0.0008516676,-0.7965181,-0.2565491,0.01111572,-0.01394134,-0.516661,-0.9762738,-2.037918,-0.1486635,-0.1100895,2.032719,0.01735185,-0.03476148,0.9992451,-0.4309308,0.9015485,0.03884596,-0.9022183,-0.4312795,0.0006636835,moving,-1.1953330717070285,-3.2386344476873714,-4.182896454567059,-3.1000386189271865,-1.789094,-0.970752901,-0.15147899999999992,-0.0208276805961235,-0.0564824812719467,0.9981862690828462,-0.7536083268612788,-3.4892587900627974,2.986582258190829,2.990776449411723,3.451305463798105
05/05/2023 11:40:45.133028,3459,True,True,True,True,Eyes,1.242247,-0.01147471,-1.880566,-0.8922629,-0.4407454,-0.09803301,0.0,0.0,0.0,0.0,0.0,0.0,0.0,1.870927,0.6095687,1.128485,1.260863,-0.00604349,-1.885632,0.166754,-0.6892655,0.1403288,0.6909515,25.08013,269.6339,357.7249,0.6028562,-0.0008505716,-0.7978491,-0.2411562,0.01044877,-0.01310486,-0.5357271,-0.9599062,-2.053149,-0.1518626,-0.1080556,2.032465,0.01044174,-0.03595482,0.9992989,-0.4237963,0.9050019,0.0369903,-0.9056974,-0.4238854,-0.005787752,moving,-5.2476817843411165,-1.4019607866245025,-4.273110631926626,-3.0432537026617004,-1.7965901,-0.95386271,-0.16751699999999992,-0.09143418089162153,-0.024363904134415887,0.9955130597472025,-4.753418881012808,-1.675331291645889,1.906231240822242,1.9088298424302772,1.449795756891137
05/05/2023 11:40:45.143048,3460,True,True,True,True,Eyes,1.241803,-0.01152567,-1.880529,-0.8923378,-0.4405404,-0.09827194,0.0,0.0,0.0,0.0,0.0,0.0,0.0,1.878012,0.5927665,1.111525,1.249701,-0.007464871,-1.884669,0.1633701,-0.6922927,0.1368108,0.6894373,24.49999,269.2496,357.6347,0.5965775,-0.001337199,-0.8025542,-0.5949023,-0.01873782,-0.004936052,-0.556029,-0.9407362,-2.067706,-0.1551287,-0.1059798,2.032206,0.004027073,-0.03755486,0.9992865,-0.4148448,0.909186,0.03584059,-0.9098833,-0.4146931,-0.01191809,moving,-4.893272635304544,-1.9482811652518504,-4.365214876108204,-2.9852778207886965,-1.80573,-0.933271329,-0.1830369999999999,-0.08525098410676274,-0.03387360084065219,0.9957835188469832,-4.39320903093729,-2.209242663830502,1.1620999530551228,1.1637040262206126,0.7765399136810192
05/05/2023 11:40:45.162690,3461,True,True,True,True,Eyes,1.240914,-0.01162082,-1.880462,-0.89247,-0.4401644,-0.09875529,0.0,0.0,0.0,0.0,0.0,0.0,0.0,1.884732,0.5811807,1.092584,1.238723,-0.008827545,-1.883936,0.1614899,-0.6948857,0.1348154,0.6876624,24.17114,268.8764,357.5488,0.5914074,-0.001750761,-0.8063708,-0.5592082,-0.01761355,-0.004639889,-0.5717593,-0.9295189,-2.081937,-0.1581549,-0.1040565,2.031965,-0.00208271,-0.03901908,0.9992362,-0.4098489,0.9114917,0.03473848,-0.912151,-0.4094635,-0.01789034,moving,-4.571692918349798,-2.23410641139628,-4.450556946674599,-2.9315439980361178,-1.8104822999999999,-0.920691355,-0.19800099999999987,-0.07964625313718332,-0.03885879243078087,0.9960654977672769,-4.072023118911403,-2.489478667322793,0.7061603731373166,0.7078793053139044,0.5819876419476085
05/05/2023 11:40:45.182827,3462,True,True,True,True,Eyes,1.239625,-0.01178045,-1.880356,-0.892676,-0.439597,-0.09941892,2.04226,-0.583451,-0.9095516,-2.083396,0.3018183,0.5538985,0.7759524,-0.1500094,-0.09590934,2.02394,1.227255,-0.01007489,-1.882598,0.1594249,-0.6974032,0.1328938,0.6859679,23.8336,268.5232,357.4909,0.5871287,-0.00210596,-0.8094906,-0.5256557,-0.01655674,-0.004361495,-0.5879788,-0.917873,-2.095046,-0.1612801,-0.1020702,2.031718,-0.008064045,-0.04004515,0.9991655,-0.4046887,0.9138458,0.03335961,-0.9144191,-0.4040819,-0.02357505,moving,-4.278554677507844,-2.5164876425351648,-4.538687205672459,-2.8760285825811422,-1.8152338000000001,-0.9077981100000001,-0.21244799999999997,-0.07453393929920105,-0.04378474922731482,0.9962568306750077,-3.7786553237119787,-2.7661750902201905,0.44199054684587286,0.4437776693102744,0.7679298479550637
05/05/2023 11:40:45.192791,3463,True,True,True,True,Eyes,1.237942,-0.01199724,-1.880213,-0.8928529,-0.4390399,-0.1002887,2.040239,-0.5836911,-0.9077436,-2.084826,0.2858645,0.6743666,0.6808165,-0.1425023,-0.1077906,2.013014,1.216302,-0.01177859,-1.881306,0.1567723,-0.6998553,0.1316287,0.6843238,23.50368,268.2034,357.5449,0.5835075,-0.002418705,-0.8121038,-0.4941163,-0.01556334,-0.004099806,-0.6033876,-0.9071369,-2.107075,-0.1644756,-0.1000388,2.031465,-0.0142471,-0.03928246,0.9991267,-0.3995891,0.9161927,0.03032383,-0.9165838,-0.398808,-0.02874997,moving,-4.032187417969485,-2.7875140293645573,-4.6288008233458635,-2.8192336476741864,-1.8196896,-0.89535831,-0.2257690000000001,-0.07023408508388773,-0.048512016198768215,0.9963502977140466,-3.5311868165150133,-3.0315132689827293,0.5966296955145884,0.5974560148333158,1.117953105284015
05/05/2023 11:40:45.213281,3464,True,True,True,True,Eyes,1.235876,-0.01218406,-1.88002,-0.892985,-0.4385288,-0.1013423,0.0,0.0,0.0,0.0,0.0,0.0,0.0,1.90298,0.539217,1.036924,1.205211,-0.01339673,-1.88005,0.1545503,-0.7021715,0.1318378,0.6824136,23.33334,267.8866,357.684,0.5801906,-0.00271001,-0.814476,-0.4644693,-0.01462954,-0.003853817,-0.6162219,-0.9015581,-2.118963,-0.1677595,-0.09795163,2.031204,-0.02085202,-0.03710585,0.9990938,-0.3969774,0.917466,0.02578898,-0.9175916,-0.3960799,-0.03386116,moving,-3.8096917777222123,-2.8984187007951383,-4.721409122051145,-2.7608603835157615,-1.8214329,-0.8881613700000001,-0.23891299999999993,-0.06635805826305141,-0.050453923615995516,0.9965194379032649,-3.3113046137382858,-3.1408972366086436,0.9213897028552293,0.9220362284655276,1.460418684512421
05/05/2023 11:40:45.222731,3465,True,True,True,True,Eyes,1.233403,-0.01216303,-1.879772,-0.8929783,-0.4382177,-0.1027374,0.0,0.0,0.0,0.0,0.0,0.0,0.0,1.910479,0.522824,1.015705,1.193966,-0.0128751,-1.87862,0.1528994,-0.7045659,0.1337041,0.6799501,23.34923,267.529,357.9007,0.5771381,-0.002980778,-0.8166409,-0.4366012,-0.01375176,-0.003622588,-0.6259216,-0.9001256,-2.131583,-0.1708655,-0.09597759,2.030957,-0.02857954,-0.03363124,0.9990256,-0.3972795,0.91749,0.01952128,-0.9172525,-0.3963345,-0.03958245,moving,-3.5807145324488547,-2.831570564347459,-4.80899999953877,-2.7056322085190194,-1.8198876,-0.8872504999999999,-0.25296300000000005,-0.06237862848399883,-0.04930391017561231,0.9968339888731679,-3.0898950324863126,-3.0773735036369048,1.2337201291406195,1.234724932174394,1.7588386731705536
05/05/2023 11:40:45.242633,3466,True,True,True,True,Eyes,1.230551,-0.01216254,-1.879476,-0.8932835,-0.4372368,-0.1042529,0.0,0.0,0.0,0.0,0.0,0.0,0.0,1.918135,0.5041,0.9930443,1.181764,-0.007865153,-1.87693,0.1516877,-0.7073144,0.1348845,0.6771288,23.34307,267.0904,358.0081,0.5743136,-0.003223889,-0.8186287,-0.4104051,-0.01292666,-0.003405233,-0.6365706,-0.8931273,-2.146837,-0.1740995,-0.09392153,2.030701,-0.03697498,-0.03191344,0.9988065,-0.3972502,0.917594,0.01461274,-0.9169653,-0.3962358,-0.04660556,moving,-3.2797543695497318,-2.7484249795886173,-4.900196406629876,-2.6480880622604195,-1.8183346,-0.8852621469999999,-0.2699070000000001,-0.057145664392273865,-0.04787231469055567,0.9972174849711742,-2.798754408972284,-2.9984699612086634,1.6220894726619324,1.6235454698022387,2.130452051708676
05/05/2023 11:40:45.263441,3467,True,True,True,True,Eyes,1.227459,-0.01216475,-1.87913,-0.8932481,-0.4368699,-0.1060778,0.0,0.0,0.0,0.0,0.0,0.0,0.0,1.922999,0.4727947,0.9820949,1.169893,-0.008512806,-1.875432,0.1439749,-0.7105253,0.1291952,0.6765603,22.23513,266.8323,358.1564,0.5716845,-0.003443073,-0.8204659,-0.3857808,-0.01215106,-0.003200919,-0.664187,-0.8566231,-2.157314,-0.1772353,-0.09192818,2.030452,-0.04307492,-0.0297789,0.9986279,-0.3794123,0.9251596,0.01122247,-0.9242244,-0.3784083,-0.05114971,moving,-3.1279963847811127,-3.8161036907515675,-4.988623731105386,-2.592281086775013,-1.8340800000000002,-0.8481102939999999,-0.28188199999999997,-0.054446093767348436,-0.06645562222430072,0.9963027905615431,-2.6220404586688604,-4.038310910191659,2.226863776167877,2.2270329786273173,2.773394785382483
05/05/2023 11:40:45.282844,3468,True,True,True,True,Eyes,1.224016,-0.01202096,-1.878749,-0.8929536,-0.4369817,-0.1080786,0.0,0.0,0.0,0.0,0.0,0.0,0.0,1.931077,0.4627818,0.9573785,1.161034,-0.008511733,-1.87396,0.1447714,-0.7125501,0.1352406,0.6730704,22.80612,266.4317,358.4919,0.5692256,-0.003640897,-0.8221731,-0.362634,-0.011422,-0.003008864,-0.6625267,-0.8738553,-2.170847,-0.1805136,-0.08984485,2.030191,-0.05203517,-0.02426085,0.9983505,-0.3883666,0.9215025,0.002151261,-0.9200347,-0.387614,-0.05737264,moving,-2.9184218993079423,-3.2212346795099966,-5.081068867198427,-2.5339360356787433,-1.8235606999999998,-0.865343567,-0.2968870000000001,-0.0508338158031576,-0.056118893181614185,0.9971292366913989,-2.4337769247332783,-3.460902512224696,2.2683926534830157,2.269233644545706,2.8048924181296004
05/05/2023 11:40:45.293502,3469,True,True,True,True,Eyes,1.220243,-0.01175008,-1.87832,-0.892751,-0.4368214,-0.1103755,0.0,0.0,0.0,0.0,0.0,0.0,0.0,1.939136,0.4512459,0.9292665,1.14915,-0.004786626,-1.872655,0.1466319,-0.7145141,0.1418714,0.6692095,23.51525,265.9938,358.7716,0.56691,-0.003813031,-0.8237705,-0.3408759,-0.01073668,-0.002828332,-0.6613264,-0.8915898,-2.185488,-0.1837403,-0.08779377,2.029937,-0.06131561,-0.01965773,0.9979249,-0.3994245,0.9167432,-0.006483281,-0.9147135,-0.3989932,-0.06406248,moving,-2.686070547289301,-2.475848382331021,-5.172048913415684,-2.4764707640547794,-1.8104763999999998,-0.886803174,-0.3128329999999999,-0.04681995488283075,-0.04315088659407011,0.9979709050418879,-2.227366997455526,-2.7371942088495533,2.4836778985113304,2.4859784440351467,2.9562016678245135
05/05/2023 11:40:45.312989,3470,True,True,True,True,Eyes,1.216211,-0.01140269,-1.87788,-0.8925123,-0.4366788,-0.1128425,0.0,0.0,0.0,0.0,0.0,0.0,0.0,1.945498,0.4201909,0.9139943,1.137571,-0.001564294,-1.871586,0.1404474,-0.7179518,0.1383213,0.6675979,22.71459,265.6254,358.9451,0.564714,-0.003956455,-0.8252769,-0.3204234,-0.01009248,-0.002658632,-0.683172,-0.8612087,-2.19994,-0.1869706,-0.08574045,2.02968,-0.06917516,-0.0169829,0.99746,-0.386355,0.9222834,-0.01109128,-0.9197525,-0.3861409,-0.07036053,moving,-2.491431306867304,-3.2513882953801,-5.263134079913849,-2.4189265729432026,-1.8207430000000002,-0.859644406,-0.3283539999999998,-0.04340013565937506,-0.05666353875380166,0.9974495884141836,-2.016725672217828,-3.4930730724056143,2.8928158499941596,2.8940160299204485,3.419496783426878
05/05/2023 11:40:45.332984,3471,True,True,True,True,Eyes,1.211891,-0.01097454,-1.877415,-0.8921858,-0.4365794,-0.1157707,0.0,0.0,0.0,0.0,0.0,0.0,0.0,1.950935,0.4107674,0.8921759,1.127327,0.0006255284,-1.870826,0.1403449,-0.7203066,0.1386497,0.6650099,22.73081,265.2064,358.8957,0.5626186,-0.004070571,-0.8267064,-0.301198,-0.009486927,-0.002499114,-0.6910891,-0.8573592,-2.215741,-0.1901708,-0.08370644,2.029426,-0.07613079,-0.01777596,0.9969394,-0.3865896,0.9221591,-0.0130791,-0.9191043,-0.3864021,-0.07707673,moving,-2.2807515020977096,-3.222653357350551,-5.353365366841233,-2.36190367957982,-1.8184160999999999,-0.8579847284,-0.34491499999999986,-0.03973327633246243,-0.056171865049575304,0.9976301506737004,-1.8121255085365369,-3.4665115427741915,3.1894742933656457,3.1909004950948487,3.709519950812598
05/05/2023 11:40:45.343005,3472,True,True,True,True,Eyes,1.207336,-0.01051197,-1.876971,-0.8919417,-0.4362463,-0.118867,0.0,0.0,0.0,0.0,0.0,0.0,0.0,1.955018,0.4100794,0.8687174,1.116183,0.003028404,-1.870577,0.1419035,-0.7225166,0.1370822,0.6626023,22.7145,264.7545,358.5468,0.5606045,-0.004154734,-0.828073,-0.2831261,-0.008917711,-0.002349167,-0.7003974,-0.8513021,-2.233562,-0.193376,-0.08166929,2.029172,-0.08164334,-0.02339337,0.9963871,-0.3867172,0.9221437,-0.0100371,-0.9185773,-0.3861395,-0.08433358,moving,-2.0325451997936974,-3.221421111160692,-5.443732519188209,-2.3047733091541445,-1.8165803999999999,-0.854330504,-0.3629850000000001,-0.03541119533360193,-0.05615954865509799,0.9977937394529396,-1.5702025179898214,-3.466958554316644,3.530532402494911,3.532200747539888,4.044120326382166
05/05/2023 11:40:45.363731,3473,True,True,True,True,Eyes,1.202576,-0.01004098,-1.876537,-0.8915482,-0.4360976,-0.1223138,0.0,0.0,0.0,0.0,0.0,0.0,0.0,1.958128,0.4094453,0.8487799,1.106021,0.004307978,-1.870571,0.1421984,-0.7248388,0.1329163,0.6608493,22.37266,264.3387,358.112,0.5586555,-0.004210383,-0.8293887,-0.2661385,-0.008382648,-0.002208217,-0.7136942,-0.8355384,-2.251079,-0.1966237,-0.07960498,2.028914,-0.0861159,-0.03046658,0.9958193,-0.381817,0.9242257,-0.004742275,-0.9202173,-0.3806291,-0.0912232,moving,-1.8223668595211053,-3.560104469729371,-5.5352949928983035,-2.246862664516618,-1.8197151999999999,-0.8398463780000001,-0.38050799999999985,-0.03173963168473576,-0.06206428369149876,0.9975673389750785,-1.3561880804520061,-3.7978859161960066,3.9366785574856897,3.9383295142207606,4.45764598335338
05/05/2023 11:40:45.383030,3474,True,True,True,True,Eyes,1.197584,-0.009547887,-1.876153,-0.8911518,-0.4358812,-0.1259207,0.0,0.0,0.0,0.0,0.0,0.0,0.0,1.961855,0.4170919,0.824383,1.096377,0.005081214,-1.87093,0.145783,-0.7265201,0.1329332,0.6582133,22.64808,263.8939,357.7128,0.5567584,-0.004239949,-0.8306632,-0.2501702,-0.007879689,-0.002075724,-0.7170529,-0.8401235,-2.269058,-0.2000434,-0.07743104,2.028643,-0.09100537,-0.03683164,0.9951692,-0.3868253,0.9221522,-0.001244756,-0.9176515,-0.3850699,-0.09816819,moving,-1.6162186796263263,-3.2730614275472227,-5.631699342982267,-2.1858548949424885,-1.8134299,-0.845204714,-0.3981279999999998,-0.028158624581243075,-0.057071992816631376,0.9979728720475325,-1.1629676690184712,-3.5199646174924464,4.158048514716286,4.160060456570779,4.663626435049188
05/05/2023 11:40:45.392850,3475,True,True,True,True,Eyes,1.067427,0.003553722,-1.868517,-0.8797523,-0.4208192,-0.2212398,0.0,0.0,0.0,0.0,0.0,0.0,0.0,1.966316,0.4174052,0.8010635,1.085854,0.006126616,-1.871686,0.147046,-0.7287871,0.1309003,0.6558293,22.56127,263.4396,357.3539,0.5548997,-0.004245011,-0.8319061,-0.23516,-0.007406908,-0.001951181,-0.7262951,-0.8331398,-2.287744,-0.2030247,-0.07553656,2.028407,-0.09653097,-0.04263388,0.9944166,-0.386027,0.9224851,0.002077191,-0.9174231,-0.3836711,-0.1055063,moving,-6.7352187113386774,-2.831048811958448,-5.715739022534313,-2.13267216012928,-1.8121491,-0.839266416,-0.41605800000000004,-0.11714002293664705,-0.049050981596074614,0.9919033086842859,-6.164979503242946,-3.0559469100678367,1.2299435120814157,1.2357462456769845,1.0267683640341807
05/05/2023 11:40:45.413085,3476,True,True,True,True,Eyes,1.067014,0.003590848,-1.868568,-0.8797885,-0.4205566,-0.221595,0.0,0.0,0.0,0.0,0.0,0.0,0.0,1.972172,0.4100883,0.7786882,1.075509,0.007369213,-1.872756,0.145903,-0.731793,0.1272072,0.6534598,22.13945,262.9543,357.0734,0.5474654,-0.003530341,-0.8368206,-0.611521,0.03234234,0.02107553,-0.7396786,-0.8152208,-2.308386,-0.2062029,-0.0735162,2.028155,-0.1034054,-0.04729195,0.9935145,-0.3797912,0.9250612,0.004504759,-0.9192747,-0.3768622,-0.1136173,moving,-6.284491844238104,-3.224009907558281,-5.805324632757968,-2.07593830020315,-1.8151876,-0.822590013,-0.43562999999999996,-0.10929409217417296,-0.05590299118323824,0.9924362244262348,-5.7150108461918,-3.4412808409069813,1.2358335910346447,1.2440537095208724,1.368326289120951
05/05/2023 11:40:45.432761,3477,True,True,True,True,Eyes,1.066208,0.003622413,-1.868658,-0.8798345,-0.4200661,-0.2223414,0.0,0.0,0.0,0.0,0.0,0.0,0.0,1.979066,0.4014643,0.7540851,1.065242,0.0082657,-1.873955,0.1445725,-0.7351183,0.124053,0.6506236,21.74718,262.4152,356.8443,0.5413672,-0.00293356,-0.8407809,-0.5748298,0.0304018,0.019811,-0.751747,-0.7987309,-2.330734,-0.2093293,-0.07152846,2.027906,-0.1115758,-0.05113216,0.9924397,-0.3739794,0.9274193,0.005737319,-0.9207011,-0.3705118,-0.1225999,moving,-5.80867180230386,-3.5621374252804725,-5.8934472584868045,-2.0201037709339187,-1.816989,-0.8069966000000001,-0.45677900000000005,-0.10101333719221389,-0.061813186920593136,0.9929629446990619,-5.24205882934277,-3.7734289680556374,1.5367930093319435,1.5443622208239922,1.8704160319256908
05/05/2023 11:40:45.443293,3478,True,True,True,True,Eyes,1.06504,0.003653744,-1.868807,-0.8797753,-0.4196432,-0.2233716,0.0,0.0,0.0,0.0,0.0,0.0,0.0,1.986686,0.3877994,0.7300463,1.055118,0.008158371,-1.87535,0.1418952,-0.7385712,0.1215173,0.6477747,21.30488,261.9018,356.7901,0.5363424,-0.002433529,-0.8439968,-0.5403399,0.02857769,0.01862234,-0.7640149,-0.7820221,-2.352578,-0.2126547,-0.06941482,2.027643,-0.1205076,-0.05216765,0.9913408,-0.3670311,0.9301986,0.004333809,-0.9223698,-0.3633306,-0.1312431,moving,-5.379127339831358,-3.940239772769866,-5.987166632403916,-1.9607118143049924,-1.8191329,-0.7901804710000001,-0.47722799999999976,-0.09352597159119064,-0.06841476630132452,0.9932633980333458,-4.813139672736306,-4.144165100903263,2.06424472611418,2.0708072627978313,2.47907393128627
05/05/2023 11:40:45.463079,3479,True,True,True,True,Eyes,1.063534,0.003694091,-1.869037,-0.8795066,-0.4194729,-0.2247457,0.0,0.0,0.0,0.0,0.0,0.0,0.0,1.994553,0.3767566,0.7036045,1.045288,0.008187674,-1.876847,0.1413328,-0.7414671,0.1229121,0.644317,21.37047,261.3849,356.8484,0.5321748,-0.002012803,-0.8466319,-0.5079195,0.02686303,0.017505,-0.7685949,-0.7822714,-2.373274,-0.2157309,-0.06745993,2.027399,-0.1297615,-0.05119844,0.9902227,-0.367976,0.9298353,-0.0001443623,-0.9207366,-0.3643969,-0.1394966,moving,-4.99897616479247,-3.8200676696818805,-6.0738579676116125,-1.905763867335617,-1.8138828999999999,-0.7904590739999999,-0.49642699999999995,-0.08694580321561723,-0.06637107346574578,0.9939996533483582,-4.445800135387548,-4.029760490424726,2.1914473446220386,2.195433883702511,2.6761789850381943
05/05/2023 11:40:45.482716,3480,True,True,True,True,Eyes,1.061715,0.003740071,-1.869328,-0.8790857,-0.4194996,-0.2263369,0.0,0.0,0.0,0.0,0.0,0.0,0.0,2.002121,0.366693,0.6771343,1.035613,0.008504003,-1.878536,0.1415771,-0.7440339,0.1256152,0.6407733,21.6146,260.886,356.9359,0.5284588,-0.001639787,-0.8489572,-0.4774444,0.02525125,0.0164547,-0.7705087,-0.7880257,-2.393312,-0.2190072,-0.06537737,2.027139,-0.1387311,-0.04969459,0.9890825,-0.371658,0.9283535,-0.005486272,-0.9179456,-0.3683615,-0.1472609,moving,-4.658471643106531,-3.536589246934252,-6.166181011362794,-1.8472090286825553,-1.8061216999999998,-0.796529703,-0.5147759999999999,-0.08106246689329544,-0.06148293095780882,0.9948108867057448,-4.121510539761972,-3.7561984876614343,2.262468830275705,2.2643305988631273,2.797305505648034
05/05/2023 11:40:45.493272,3481,True,True,True,True,Eyes,1.059604,0.003789513,-1.869668,-0.8784269,-0.4198961,-0.2281522,0.0,0.0,0.0,0.0,0.0,0.0,0.0,2.009001,0.3575747,0.6516504,1.026287,0.00871582,-1.880226,0.1420976,-0.7463683,0.1285386,0.6373544,21.9012,260.4137,357.0182,0.5250376,-0.001301877,-0.8510779,-0.4487977,0.02373617,0.01546742,-0.7715381,-0.7951772,-2.412427,-0.2223825,-0.06323192,2.026871,-0.1471755,-0.04826499,0.9879321,-0.3759635,0.9265723,-0.01074121,-0.9148721,-0.3730072,-0.1545146,moving,-4.356986529691381,-3.2400719313993367,-6.261285369691424,-1.786866310961166,-1.7978250999999998,-0.8038930200000001,-0.5322010000000001,-0.07584975051929549,-0.05635696843474006,0.9955253323038378,-3.835609242512235,-3.4696910922815953,2.394754651011348,2.39544581389323,2.952254040321256
05/05/2023 11:40:45.513245,3482,True,True,True,True,Eyes,1.057195,0.003854409,-1.870086,-0.877633,-0.4204743,-0.2301339,0.0,0.0,0.0,0.0,0.0,0.0,0.0,2.015622,0.3502329,0.6262298,1.017207,0.008984029,-1.882224,0.1438149,-0.7482026,0.1332802,0.633835,22.44218,259.9696,357.1317,0.5218715,-0.0009953676,-0.8530232,-0.4218698,0.022312,0.01453937,-0.7687819,-0.8109568,-2.429702,-0.2252532,-0.06140747,2.026643,-0.1551412,-0.04625011,0.9868092,-0.3841607,0.9231073,-0.01713129,-0.9101385,-0.3817511,-0.1609795,moving,-4.104370140597405,-2.703595014247527,-6.342164590604828,-1.7355364093293895,-1.7859889,-0.819940829,-0.5474779999999999,-0.07149426001143411,-0.04704841891418446,0.9963307425959479,-3.6038137901624787,-2.9493827126099044,2.4381240729799964,2.4382086586344642,2.9953276872941674
05/05/2023 11:40:45.532756,3483,True,True,True,True,Eyes,1.05451,0.003939558,-1.870591,-0.8767522,-0.4211295,-0.2322833,0.0,0.0,0.0,0.0,0.0,0.0,0.0,2.022481,0.3374903,0.602006,1.007682,0.009441275,-1.884471,0.1437534,-0.7503839,0.1366622,0.6305416,22.72963,259.538,357.3031,0.5189244,-0.0007164194,-0.8548196,-0.3965577,0.02097328,0.01366701,-0.7698691,-0.8182544,-2.447682,-0.2285352,-0.05932125,2.026382,-0.1635047,-0.04339808,0.9855875,-0.3880827,0.9213168,-0.0238132,-0.9070049,-0.3863831,-0.1674817,moving,-3.862724917288069,-2.4246675061229266,-6.434624029141941,-1.6768244218432822,-1.7775511,-0.8276956750000001,-0.5632109999999999,-0.06730617116086657,-0.04220986758119133,0.9968391113095547,-3.3757714487499126,-2.6795930976193376,2.6782495888613376,2.6784201164603783,3.21902533784508
05/05/2023 11:40:45.542896,3484,True,True,True,True,Eyes,1.051549,0.004046686,-1.871178,-0.8758059,-0.421813,-0.2346016,0.0,0.0,0.0,0.0,0.0,0.0,0.0,2.02939,0.3223621,0.5786085,0.9983584,0.01004048,-1.886878,0.1428028,-0.7527719,0.1392279,0.6273418,22.87897,259.1065,357.4925,0.5161634,-0.000461313,-0.8564897,-0.3727642,0.01971488,0.01284699,-0.7725273,-0.821076,-2.466005,-0.2317384,-0.05728496,2.026128,-0.1720995,-0.0403089,0.9842546,-0.3896827,0.920446,-0.03044131,-0.9047261,-0.3887859,-0.174116,moving,-3.6251883334331674,-2.2871545045127135,-6.524851718740847,-1.6194990134329779,-1.7708857,-0.83111648,-0.579127,-0.06317909886662615,-0.03982805024222422,0.997207210185864,-3.147922708740675,-2.5473703244118933,2.9752225862048394,2.975535515308617,3.5020843376935504
05/05/2023 11:40:45.562777,3485,True,True,True,True,Eyes,1.048334,0.004157451,-1.871814,-0.875103,-0.4218529,-0.2371389,0.0,0.0,0.0,0.0,0.0,0.0,0.0,2.036269,0.3053378,0.5549741,0.9888254,0.01066381,-1.889372,0.1412165,-0.7553695,0.1412587,0.6241161,22.93434,258.6624,357.6964,0.5135592,-0.0002266256,-0.8580539,-0.3503984,0.01853199,0.01207617,-0.7764289,-0.8209006,-2.485021,-0.234963,-0.05523562,2.025873,-0.181074,-0.0370177,0.9827725,-0.3896649,0.9202077,-0.03713394,-0.9029803,-0.389676,-0.1810502,moving,-3.3837155837894666,-2.2039340562298717,-6.615669969299436,-1.5617879503259,-1.7652543,-0.83156441,-0.5956490000000001,-0.05897914600302079,-0.03838947602511539,0.9975207748252118,-2.914773559946441,-2.467999453147527,3.294698386962752,3.295129856522313,3.810230113865581
05/05/2023 11:40:45.582778,3486,True,True,True,True,Eyes,1.0449,0.004255991,-1.872519,-0.8742938,-0.4220209,-0.2398096,0.0,0.0,0.0,0.0,0.0,0.0,0.0,2.043115,0.2858866,0.5325422,0.9797143,0.01082673,-1.892008,0.1385277,-0.7581387,0.1425528,0.6210592,22.84363,258.2336,357.9492,0.5110865,-1.015001e-05,-0.859529,-0.3293745,0.01742007,0.0113516,-0.7819158,-0.8168055,-2.503851,-0.2379955,-0.05330818,2.025632,-0.1901912,-0.03297898,0.981193,-0.3871138,0.9209776,-0.0440818,-0.9022029,-0.3882174,-0.1879285,moving,-3.1610146440945517,-2.275791884262699,-6.701072187261766,-1.5074944028899608,-1.7616301,-0.82763223,-0.6118430000000001,-0.055098767797364334,-0.039649294162397736,0.9976933357836193,-2.695743666047234,-2.539392818441168,3.6220278277479787,3.622469934839872,4.136117854083908
05/05/2023 11:40:45.593603,3487,True,True,True,True,Eyes,1.04126,0.004337146,-1.873283,-0.8735541,-0.421921,-0.2426646,0.0,0.0,0.0,0.0,0.0,0.0,0.0,2.049312,0.2684999,0.5097005,0.9710857,0.01062392,-1.89432,0.1370577,-0.7605134,0.1456657,0.6177509,23.01029,257.8115,358.2257,0.5087237,0.0001893494,-0.8609295,-0.309612,0.01637486,0.0106705,-0.7831541,-0.8213189,-2.521603,-0.2413015,-0.0512066,2.025369,-0.199198,-0.02849828,0.9795446,-0.3884386,0.9199934,-0.05222631,-0.8996862,-0.3908964,-0.1943307,moving,-2.963532700563504,-2.0755494808541446,-6.794166738460144,-1.4482779049544219,-1.7542398000000001,-0.83194282,-0.6272829999999998,-0.0516665208313431,-0.03616888162263891,0.9980093118745543,-2.5086317080880574,-2.345869704723651,3.8810604971016973,3.8816525813400715,4.378525041102225
05/05/2023 11:40:45.617741,3488,True,True,True,True,Eyes,1.03742,0.004417882,-1.874123,-0.8726594,-0.4220713,-0.2456041,0.0,0.0,0.0,0.0,0.0,0.0,0.0,2.05547,0.2514746,0.4868522,0.9626331,0.01027418,-1.896959,0.1362539,-0.7625839,0.1500758,0.6143112,23.34678,257.4054,358.5381,0.5064508,0.0003727966,-0.8622684,-0.2910353,0.01539237,0.01003027,-0.7817633,-0.8316833,-2.538425,-0.2444874,-0.04918159,2.025117,-0.2081136,-0.02342356,0.9778242,-0.3921964,0.9178242,-0.06148618,-0.8960307,-0.3962953,-0.2001984,moving,-2.7903164907727556,-1.7230152761088529,-6.883863275966642,-1.3912004757733867,-1.7443964,-0.84195748,-0.6414660000000001,-0.04865900303019077,-0.0300321402071293,0.9983638397936632,-2.3492792032794183,-2.00400814940598,4.1061242220899965,4.106972893055525,4.575804405471418
05/05/2023 11:40:45.632878,3489,True,True,True,True,Eyes,1.033383,0.004496633,-1.87502,-0.8718341,-0.4219099,-0.248792,0.0,0.0,0.0,0.0,0.0,0.0,0.0,2.061279,0.2317548,0.4648197,0.9540403,0.01034637,-1.899562,0.1350559,-0.7645868,0.1548216,0.6108987,23.68826,257.0213,358.9136,0.5042505,0.0005417693,-0.8635568,-0.2735732,0.01446883,0.009428457,-0.7804162,-0.842064,-2.554312,-0.2476333,-0.0471819,2.024868,-0.2171254,-0.01736318,0.9759894,-0.3956845,0.9155803,-0.07173827,-0.892351,-0.4017601,-0.2056662,moving,-2.6484665415730158,-1.3464801602161534,-6.972422843484807,-1.33482016848241,-1.7344564999999998,-0.8524103700000001,-0.6547499999999999,-0.04619527260161105,-0.023473264302962565,0.9986566594966693,-2.2211500254016148,-1.6385860816895985,4.322828733572829,4.323972023065127,4.760973337657206
05/05/2023 11:40:45.643633,3490,True,True,True,True,Eyes,1.029162,0.0045401,-1.875997,-0.8709447,-0.4217922,-0.2520848,0.0,0.0,0.0,0.0,0.0,0.0,0.0,2.066893,0.2117432,0.4429872,0.9454846,0.01032325,-1.902386,0.1333186,-0.7667695,0.158512,0.6075891,23.89679,256.6298,359.2587,0.5021074,0.0006976331,-0.8648046,-0.2571588,0.0136007,0.00886275,-0.7807424,-0.8479424,-2.571396,-0.2511415,-0.04495183,2.024589,-0.226123,-0.01182886,0.9740269,-0.3970697,0.9142002,-0.08107851,-0.8894965,-0.4050902,-0.2114186,moving,-2.49977033163148,-1.1091185376888053,-7.071172204240408,-1.2719258289162785,-1.726227,-0.85826565,-0.6690100000000001,-0.043607228332349646,-0.019338149193836515,0.9988616132642687,-2.08259580732137,-1.4086230321238062,4.573022253670202,4.574300087988243,4.990448937045894
05/05/2023 11:40:45.663228,3491,True,True,True,True,Eyes,1.024782,0.00455874,-1.877074,-0.870149,-0.4212953,-0.2556381,0.0,0.0,0.0,0.0,0.0,0.0,0.0,2.071988,0.1927558,0.4211478,0.9368826,0.009486802,-1.905207,0.1309238,-0.7691873,0.1606205,0.6044924,23.9149,256.2307,359.5473,0.500007,0.0008400777,-0.8660206,-0.2417293,0.01278466,0.008330985,-0.7837681,-0.8486567,-2.588866,-0.2541404,-0.04304561,2.024351,-0.2348959,-0.00722216,0.9719937,-0.3955975,0.91412,-0.08880953,-0.8878775,-0.4053793,-0.2175801,moving,-2.3525572028509525,-1.0427202208198048,-7.155572100988419,-1.218148512793699,-1.7206507,-0.858143502,-0.6836589999999998,-0.04104154373676,-0.01818256229989347,0.9989919100226057,-1.940879311034796,-1.344994751869301,4.804983206883799,4.806217556182339,5.216235315048768
05/05/2023 11:40:45.683139,3492,True,True,True,True,Eyes,1.020224,0.004578898,-1.878239,-0.8693243,-0.4207422,-0.2593285,0.0,0.0,0.0,0.0,0.0,0.0,0.0,2.077134,0.1761552,0.3981473,0.9286776,0.00884911,-1.908276,0.1294699,-0.771545,0.1631802,0.6011057,24.04488,255.7957,359.7737,0.4979376,0.000969254,-0.867212,-0.2272255,0.01201758,0.007831126,-0.7842892,-0.8524377,-2.607416,-0.2572759,-0.04105249,2.024103,-0.243819,-0.00360661,0.9698142,-0.3959609,0.9132196,-0.09615154,-0.8853064,-0.407452,-0.2240884,moving,-2.1794585500219408,-0.864495208094903,-7.243801276410316,-1.161903310528288,-1.7129668,-0.86128681,-0.6991400000000001,-0.03802523261292645,-0.015076803579808465,0.9991630397598423,-1.7769432067179722,-1.1727325160118014,5.07177977246166,5.073067989857407,5.466868795375623
05/05/2023 11:40:45.692706,3493,True,True,True,True,Eyes,1.015502,0.004579321,-1.879515,-0.8687012,-0.4195304,-0.2633486,0.0,0.0,0.0,0.0,0.0,0.0,0.0,2.081586,0.1622676,0.3751404,0.9199216,0.008879848,-1.911472,0.1276381,-0.7741777,0.1631211,0.5981213,23.90714,255.3454,359.8435,0.4958872,0.001086588,-0.868386,-0.213592,0.01129652,0.007361258,-0.7891331,-0.8461292,-2.628044,-0.2607808,-0.03882489,2.023826,-0.2519192,-0.002496725,0.9677452,-0.3927614,0.9142001,-0.09988329,-0.8844634,-0.4052555,-0.2312852,moving,-2.003986767791194,-0.9195242403352519,-7.342408835142892,-1.0990221039185146,-1.7090547,-0.855009048,-0.716572,-0.034964539005723216,-0.01603822425010709,0.9992598625495672,-1.6044067803082211,-1.2274385302022655,5.340339175945614,5.341438912148911,5.739438854088996
05/05/2023 11:40:45.713434,3494,True,True,True,True,Eyes,1.010637,0.004533675,-1.880887,-0.8680586,-0.4182459,-0.2674785,0.0,0.0,0.0,0.0,0.0,0.0,0.0,2.085735,0.1517912,0.3529146,0.9113009,0.008288674,-1.915031,0.1251967,-0.7769971,0.1605755,0.5956652,23.49593,254.907,359.7965,0.4938459,0.001192319,-0.8695483,-0.2007764,0.01061873,0.006919582,-0.7979336,-0.8315687,-2.649185,-0.2636386,-0.03700823,2.023599,-0.2590178,-0.003256528,0.9658672,-0.3858534,0.9170826,-0.1003827,-0.8854532,-0.3986839,-0.2387973,moving,-1.8424782129558896,-1.2482167892652545,-7.422802533300321,-1.047726863727806,-1.7092345,-0.839857374,-0.7341540000000002,-0.0321441495028843,-0.02177251386396306,0.9992461284167176,-1.4381058558542312,-1.5483222403777097,5.5831086442409665,5.583924760459219,6.0055965608886455
05/05/2023 11:40:45.732831,3495,True,True,True,True,Eyes,1.005621,0.004452496,-1.882354,-0.8674887,-0.4166194,-0.2718299,0.0,0.0,0.0,0.0,0.0,0.0,0.0,2.089499,0.1462782,0.3304412,0.9030316,0.007125624,-1.918614,0.1244353,-0.7793448,0.1591905,0.5931239,23.31211,254.4804,359.6808,0.4918056,0.001285437,-0.8707037,-0.1887299,0.009981608,0.006504408,-0.8031636,-0.8243415,-2.669554,-0.2668447,-0.03497055,2.023344,-0.2654399,-0.005116609,0.964114,-0.3827954,0.9183485,-0.1005175,-0.8848782,-0.3957396,-0.245725,moving,-1.7010889045584097,-1.3303961668263529,-7.512982069368586,-0.990175395715476,-1.7061952,-0.831467124,-0.7509400000000002,-0.029677243539788012,-0.0232074787935566,0.9992900168429517,-1.2980618807465056,-1.6292190968148603,5.821120260156177,5.821842692160492,6.2476883567330015
05/05/2023 11:40:45.742864,3496,True,True,True,True,Eyes,1.00047,0.00434469,-1.883932,-0.8668888,-0.4149417,-0.2762738,0.0,0.0,0.0,0.0,0.0,0.0,0.0,2.093313,0.1420017,0.3077223,0.8945474,0.006122388,-1.922644,0.1241312,-0.781556,0.1579762,0.5905975,23.17605,254.0594,359.5369,0.489758,0.001365555,-0.871857,-0.1774061,0.009382712,0.006114143,-0.8078817,-0.8182992,-2.690096,-0.2701289,-0.03288358,2.023084,-0.2715724,-0.007430179,0.9623895,-0.3806316,0.9192699,-0.1003114,-0.8839504,-0.3935576,-0.2524765,moving,-1.5692206493434449,-1.362261137692847,-7.605338611580146,-0.9312141517409611,-1.7024291,-0.824421588,-0.767452,-0.027376909369865032,-0.02376479152911358,0.9993426629778708,-1.1686553444986432,-1.6610976894382916,6.05082862827079,6.0514892016870325,6.47793342504603
05/05/2023 11:40:45.763075,3497,True,True,True,True,Eyes,0.8683068,0.0007758029,-1.925691,-0.8451961,-0.3649915,-0.3904161,0.0,0.0,0.0,0.0,0.0,0.0,0.0,2.096968,0.1389142,0.2850795,0.8861805,0.005376145,-1.926784,0.1239592,-0.7837683,0.156361,0.5881265,23.01107,253.6362,359.3532,0.4876963,0.001432717,-0.8730119,-0.1667617,0.008819749,0.005747295,-0.8127611,-0.8109308,-2.710836,-0.2733099,-0.03086135,2.022832,-0.2774829,-0.01039048,0.9606745,-0.3782308,0.9203707,-0.09929422,-0.8831451,-0.390909,-0.2593172,moving,-7.861423781424169,1.3025095900611507,-7.6947783961569005,-0.874065633207762,-1.6989416,-0.816306945,-0.784052,-0.1367429404991652,0.02251759927752177,0.9903505942912785,-7.3742382941714055,0.9734086976059224,2.162897200915151,2.1829453467686712,1.8750752944872222
05/05/2023 11:40:45.782769,3498,True,True,True,True,Eyes,0.8679774,0.0007277178,-1.925879,-0.8451352,-0.3649124,-0.3906218,0.0,0.0,0.0,0.0,0.0,0.0,0.0,2.100547,0.1388403,0.262795,0.8779033,0.00436132,-1.931295,0.1245774,-0.7857006,0.1549499,0.5857863,22.91966,253.234,359.115,0.4791218,0.001321421,-0.8777471,-0.5532442,-0.002416097,-0.1198728,-0.8167682,-0.805925,-2.731067,-0.2765115,-0.02882645,2.022578,-0.2826697,-0.01422594,0.9591119,-0.3772961,0.9209421,-0.09753699,-0.8818989,-0.3894399,-0.2656898,moving,-7.50386528924918,1.208092758760729,-7.784783197382558,-0.8165430976865287,-1.6946715,-0.81028632,-0.7997719999999999,-0.1305645400582806,0.020903153650943918,0.9912194084232082,-7.023138666357097,0.8791714762485485,2.0263330320452693,2.0440316099126146,1.8589110543263805
05/05/2023 11:40:45.793415,3499,True,True,True,True,Eyes,0.8673298,0.0006507643,-1.926256,-0.8450294,-0.3647042,-0.3910451,0.0,0.0,0.0,0.0,0.0,0.0,0.0,2.103791,0.1396514,0.2425511,0.8696929,0.003177561,-1.935948,0.1252355,-0.7873112,0.1534991,0.5838622,22.82662,252.8952,358.8838,0.4719416,0.001221698,-0.8816286,-0.5200496,-0.002271131,-0.1126804,-0.8214826,-0.8010292,-2.749536,-0.2797242,-0.02678415,2.022321,-0.2868416,-0.01795396,0.9578096,-0.3764434,0.9215082,-0.09546257,-0.8809155,-0.3879438,-0.2710855,moving,-7.21728657119469,1.118053267203456,-7.875092064402748,-0.7587959739726523,-1.6911755,-0.804206761,-0.813588,-0.125609022015157,0.01935793116505899,0.9918909993973204,-6.741349449899147,0.7896640363548937,1.9736723693866418,1.9887863487559516,1.9191406200497774
05/05/2023 11:40:45.813154,3500,True,True,True,True,Eyes,0.8663777,0.0005437916,-1.926838,-0.84491,-0.3643997,-0.3915866,0.0,0.0,0.0,0.0,0.0,0.0,0.0,2.107006,0.1418132,0.2245603,0.8615364,0.00237577,-1.941072,0.1264014,-0.7884577,0.1523678,0.5823584,22.79859,252.6255,358.6413,0.4658962,0.001130508,-0.8848382,-0.4888466,-0.002134863,-0.1059196,-0.8261873,-0.7977527,-2.766184,-0.282978,-0.02471629,2.022063,-0.289763,-0.02185904,0.956849,-0.3767897,0.9216135,-0.09304924,-0.8798109,-0.387493,-0.2752858,moving,-7.003048445978622,1.094238295182605,-7.966530615439134,-0.7003088333528721,-1.6877236999999998,-0.80012847,-0.8251120000000001,-0.12190025546207989,0.01895448332969092,0.992361410998853,-6.531864178097726,0.7650717341732636,2.023681688424831,2.0368351154188353,2.050757907242371
05/05/2023 11:40:45.833276,3501,True,True,True,True,Eyes,0.8651436,0.0003965229,-1.927613,-0.844725,-0.3640796,-0.3922829,0.0,0.0,0.0,0.0,0.0,0.0,0.0,2.110119,0.1451915,0.2083564,0.8532875,0.001567982,-1.946534,0.1272956,-0.7894443,0.1503703,0.5813453,22.67003,252.4102,358.3759,0.4603929,0.001043339,-0.8877143,-0.4595158,-0.002006771,-0.09956443,-0.833104,-0.7911622,-2.781865,-0.2861166,-0.02272168,2.021815,-0.291667,-0.02615148,0.9561623,-0.3758197,0.9223692,-0.08941253,-0.8795964,-0.3854233,-0.2788529,moving,-6.846119724817824,0.9651097050965768,-8.05471182314567,-0.6438776861956135,-1.6863915,-0.792730182,-0.8353309999999998,-0.11918654752249891,0.016723483931250616,0.9927311047652521,-6.3754066561084555,0.638390984408038,2.0017556397716922,2.0123457171862276,2.1128839976793667
05/05/2023 11:40:45.842870,3502,True,True,True,True,Eyes,0.8636462,0.000188126,-1.928592,-0.8445176,-0.3637702,-0.3930156,0.0,0.0,0.0,0.0,0.0,0.0,0.0,2.113491,0.1474832,0.1938832,0.8454551,0.0004120693,-1.952278,0.1281677,-0.7901349,0.1492179,0.5805118,22.61955,252.2457,358.1814,0.4553638,0.0009578772,-0.8903045,-0.4319448,-0.001886365,-0.09359056,-0.8391119,-0.7875635,-2.79621,-0.2895458,-0.02054095,2.021543,-0.2931584,-0.02929398,0.9556152,-0.3757851,0.922614,-0.08699892,-0.8791155,-0.3846104,-0.2814803,moving,-6.7393575918977255,0.9190776826743756,-8.15104258479468,-0.5821638425621914,-1.684567,-0.7879755693,-0.8439319999999999,-0.11733804776845602,0.015929438206899516,0.9929642654725599,-6.270092195446681,0.5928945637003453,2.051799135311459,2.060723328412888,2.217822496350112
05/05/2023 11:40:45.863071,3503,True,True,True,True,Eyes,0.8618904,-5.849796e-05,-1.929753,-0.8441983,-0.3635539,-0.3939007,0.0,0.0,0.0,0.0,0.0,0.0,0.0,2.117061,0.1462367,0.1809461,0.8376435,-0.001253899,-1.958169,0.1284582,-0.7906196,0.1490697,0.5798254,22.62397,252.1355,358.1217,0.4507506,0.0008710697,-0.8926491,-0.4060282,-0.001773183,-0.08797512,-0.8449648,-0.7871187,-2.808384,-0.2925996,-0.01860043,2.021302,-0.2946021,-0.03025443,0.9551411,-0.375992,0.9225534,-0.08674806,-0.8785442,-0.3846816,-0.2831616,moving,-6.69270604691927,0.9336758931814837,-8.23680573509368,-0.527232474698434,-1.6826083,-0.785864801,-0.8502150000000002,-0.11652903655467495,0.016183983850657835,0.9930554021276711,-6.225008854968276,0.6067890252618964,2.1175463189105668,2.125675682309481,2.3094006688434536
05/05/2023 11:40:45.882910,3504,True,True,True,True,Eyes,0.8598858,-0.000322004,-1.931124,-0.8438758,-0.3633601,-0.3947696,0.0,0.0,0.0,0.0,0.0,0.0,0.0,2.121155,0.1399425,0.169383,0.8299388,-0.002460964,-1.964375,0.1281115,-0.7909846,0.1500415,0.5791534,22.69052,252.0628,358.2065,0.4465006,0.0007812523,-0.8947825,-0.3816665,-0.001666792,-0.08269662,-0.8501649,-0.7888503,-2.819499,-0.2957566,-0.01659372,2.021051,-0.2963378,-0.02887429,0.9546468,-0.3764625,0.92215,-0.08896862,-0.8777586,-0.3857534,-0.284138,moving,-6.679749252327194,1.0232588878589766,-8.325457127765596,-0.47041304722418936,-1.6801037,-0.786389336,-0.855124,-0.11630140054903104,0.017737100094049413,0.9930555597208031,-6.214792877573012,0.6938659461070547,2.2144488208212563,2.222478405054831,2.4104873265282762
05/05/2023 11:40:45.893313,3505,True,True,True,True,Eyes,0.8576386,-0.0006057021,-1.932711,-0.8435319,-0.3630818,-0.3957595,0.0,0.0,0.0,0.0,0.0,0.0,0.0,2.12553,0.1283055,0.1592927,0.8219811,-0.003164791,-1.970799,0.1264886,-0.7913954,0.1511399,0.5786631,22.68169,252.0331,358.4295,0.4425654,0.0006879338,-0.8967355,-0.3587665,-0.001566785,-0.07773482,-0.8569494,-0.788191,-2.829967,-0.2990885,-0.01447549,2.020787,-0.2982997,-0.0252869,0.9541374,-0.3751231,0.9223148,-0.09283417,-0.8776676,-0.3856113,-0.2846119,moving,-6.708732582989793,1.0553713164579699,-8.418996488972716,-0.410419454309234,-1.6789304999999999,-0.785026209,-0.8591679999999999,-0.11680256254967852,0.018292590221052105,0.9929866988907421,-6.243911910905619,0.7253030349754996,2.2448356530828986,2.2524531541797446,2.4537437711408323
05/05/2023 11:40:45.913037,3506,True,True,True,True,Eyes,0.8551747,-0.0009222047,-1.934503,-0.8432404,-0.3627139,-0.3967169,0.0,0.0,0.0,0.0,0.0,0.0,0.0,2.130267,0.1120766,0.1503348,0.8139508,-0.004035152,-1.97754,0.122787,-0.7921478,0.1510103,0.5784647,22.41427,252.034,358.7713,0.4389018,0.0005905193,-0.8985344,-0.3372405,-0.001472777,-0.07307073,-0.8673862,-0.7799492,-2.840766,-0.302325,-0.01241836,2.02053,-0.3006042,-0.01982265,0.953543,-0.369239,0.9242386,-0.09718902,-0.8793747,-0.3813007,-0.2851493,moving,-6.755217181749903,0.8469919850638913,-8.509840052859873,-0.35214060548232196,-1.681337,-0.775914048,-0.8632259999999998,-0.11761515076719575,0.014679660837949401,0.9929507681948149,-6.283609481353462,0.5228614871174986,2.1197053096959753,2.1252341963963093,2.392014050870903
05/05/2023 11:40:45.933323,3507,True,True,True,True,Eyes,0.8525115,-0.001270458,-1.936509,-0.8428701,-0.3623058,-0.3978749,0.0,0.0,0.0,0.0,0.0,0.0,0.0,2.135025,0.09409776,0.1421187,0.8063197,-0.005230945,-1.984239,0.1188876,-0.792793,0.1515843,0.5782449,22.20009,252.052,359.183,0.4354716,0.0004878838,-0.9002019,-0.3170061,-0.001384411,-0.06868649,-0.8768529,-0.7743214,-2.850451,-0.3052645,-0.01055028,2.020296,-0.3029968,-0.01320091,0.9528999,-0.3638122,0.9257759,-0.1028575,-0.880814,-0.3778422,-0.2853097,moving,-6.832884421923772,0.7015415868796611,-8.592332423308463,-0.29920418682533617,-1.6831726,-0.7690904550000001,-0.866212,-0.11896505692222004,0.012156953380012658,0.9928239813550381,-6.35540061932865,0.381855586473899,2.0200025951604967,2.0241416386125244,2.3383127058763518
05/05/2023 11:40:45.942875,3508,True,True,True,True,Eyes,0.8496593,-0.001637316,-1.938716,-0.8425246,-0.3618478,-0.3990217,0.0,0.0,0.0,0.0,0.0,0.0,0.0,2.139953,0.07533336,0.1338336,0.798856,-0.006439041,-1.991174,0.1152255,-0.7933333,0.1528904,0.5779013,22.07154,252.069,359.622,0.4322405,0.0003790565,-0.9017578,-0.2979857,-0.001301346,-0.0645653,-0.8848972,-0.7714058,-2.860446,-0.3086214,-0.008416414,2.020028,-0.3055063,-0.006113267,0.9521703,-0.3595355,0.9266952,-0.1094082,-0.8817028,-0.375764,-0.2853092,moving,-6.911469124791568,0.6493759840790299,-8.686521190602141,-0.23872055756397872,-1.6837532,-0.764966759,-0.869272,-0.12032793474695397,0.011251158489600815,0.9926703625036178,-6.430600444133235,0.3316204069145459,1.981472765496857,1.984823746234576,2.326900777882701
05/05/2023 11:40:45.963012,3509,True,True,True,True,Eyes,0.8466347,-0.002037727,-1.941116,-0.8420628,-0.3612895,-0.4004999,0.0,0.0,0.0,0.0,0.0,0.0,0.0,2.144898,0.0584251,0.1238143,0.7914984,-0.007327713,-1.998201,0.1119014,-0.7940969,0.1536559,0.5773026,21.91541,252.0301,359.9809,0.4291785,0.0002637973,-0.9032192,-0.2801065,-0.001223265,-0.06069138,-0.8924977,-0.7670823,-2.872077,-0.3117018,-0.006458834,2.019785,-0.3083999,-0.0003091857,0.9512569,-0.355133,0.9277359,-0.1148334,-0.8824796,-0.3732373,-0.2862235,moving,-6.960236289706515,0.5687784932868125,-8.772919721694391,-0.18321884130315685,-1.6839960999999999,-0.759754587,-0.8738760000000001,-0.12117459817136628,0.009853745324836266,0.992582315133199,-6.475967237010411,0.25352371453728956,1.9600383990600594,1.9624783351246873,2.3381049542263828
05/05/2023 11:40:45.982803,3510,True,True,True,True,Eyes,0.8434311,-0.00230962,-1.943716,-0.8414661,-0.3610598,-0.4019586,0.0,0.0,0.0,0.0,0.0,0.0,0.0,2.149872,0.04511565,0.1117334,0.7843926,-0.008600473,-2.005273,0.1091894,-0.7950616,0.1538699,0.5764363,21.74976,251.9304,0.2324204,0.4262591,0.0001411946,-0.9046006,-0.2633002,-0.001149869,-0.0570499,-0.899177,-0.7622147,-2.885821,-0.314945,-0.004397243,2.019529,-0.3115979,0.003767726,0.9502068,-0.351017,0.9288034,-0.1187906,-0.8830029,-0.3705535,-0.2880908,moving,-6.956100370641933,0.4481597108830951,-8.863864129410285,-0.1247533792524717,-1.6835696,-0.753614227,-0.8805480000000001,-0.12110518088170219,0.007764212315594168,0.992609361687637,-6.468684398645595,0.1361361114713439,1.9905450388326615,1.9919317177349811,2.4093462327021706
05/05/2023 11:40:45.993322,3511,True,True,True,True,Eyes,0.8399885,-0.002419465,-1.946501,-0.8408228,-0.3605705,-0.40374,0.0,0.0,0.0,0.0,0.0,0.0,0.0,2.154882,0.03091142,0.09917951,0.7768953,-0.005755216,-2.012637,0.1099664,-0.7952926,0.1580335,0.5748413,22.197,251.8015,0.4194055,0.4234578,1.806036e-05,-0.9059154,-0.2475021,-0.001080877,-0.05362691,-0.8981695,-0.7729378,-2.898241,-0.3181903,-0.002334148,2.019271,-0.3149298,0.006777454,0.9490908,-0.3565994,0.9258656,-0.1249393,-0.8795772,-0.3777923,-0.2891658,moving,-6.9409218344401005,0.9489363369278568,-8.954853446174745,-0.06623022347822638,-1.6750648,-0.7671825840000001,-0.8856040000000003,-0.12082952753111814,0.01643996658101722,0.9925371564054981,-6.467385623198039,0.6232832273068467,2.2517650150889663,2.255323409649007,2.581264219168199
05/05/2023 11:40:46.013186,3512,True,True,True,True,Eyes,0.8364018,-0.002554624,-1.949468,-0.8403881,-0.3596151,-0.4054933,0.0,0.0,0.0,0.0,0.0,0.0,0.0,2.159411,0.01868081,0.08915067,0.7678984,-0.002050858,-2.020317,0.1069549,-0.796225,0.1552683,0.5748724,21.72967,251.7554,0.5056849,0.4207507,-9.787814e-05,-0.9071759,-0.232652,-0.001016025,-0.05040929,-0.9116482,-0.7524711,-2.912339,-0.3213725,-0.0003114343,2.019017,-0.3161648,0.008198601,0.9486688,-0.3488391,0.9289049,-0.1242861,-0.882242,-0.3702277,-0.290827,moving,-7.0035910076893115,0.5489479124760466,-9.044056458867715,-0.008837900247541344,-1.6795466000000001,-0.7504202419999999,-0.8920219999999999,-0.12192603751773362,0.009509321338011259,0.9924936318674411,-6.51769573880838,0.23451637631973238,2.114196485611068,2.1153307709028386,2.538054331920872
05/05/2023 11:40:46.033860,3513,True,True,True,True,Eyes,0.832711,-0.002596524,-1.952645,-0.8395709,-0.3593234,-0.4074401,0.0,0.0,0.0,0.0,0.0,0.0,0.0,2.164133,0.01136336,0.08197236,0.7608957,-0.002916489,-2.027646,0.1023587,-0.7971751,0.1504201,0.5756809,20.95742,251.7834,0.61309,0.4181197,-0.000208528,-0.9083915,-0.2186929,-0.0009550632,-0.04738474,-0.9277964,-0.7266859,-2.924972,-0.3244503,0.001644403,2.018774,-0.3162285,0.009992379,0.9486305,-0.3363835,0.9337931,-0.1219704,-0.8870432,-0.3576741,-0.2919307,moving,-7.15794799487401,-0.19750403762069502,-9.130300390258684,0.04667056881102726,-1.6886921,-0.723769411,-0.8973260000000001,-0.12460431480163098,-0.003420224137932207,0.9922006368683918,-6.6480465595392655,-0.4907460062938499,1.9871454017182824,1.9874091702530077,2.539763897554
05/05/2023 11:40:46.042904,3514,True,True,True,True,Eyes,0.8288105,-0.002525297,-1.956017,-0.838855,-0.3587138,-0.4094468,0.0,0.0,0.0,0.0,0.0,0.0,0.0,2.169146,-0.001723737,0.0693593,0.7543439,-0.0005956478,-2.034938,0.1052717,-0.7969453,0.1575155,0.5735722,21.82817,251.6397,0.796316,0.4155499,-0.0003100035,-0.9095699,-0.2055713,-0.0008977593,-0.04454165,-0.9205394,-0.7519217,-2.936091,-0.3276849,0.003700808,2.018517,-0.3198658,0.01290146,0.947375,-0.3484845,0.9282135,-0.1303007,-0.8810473,-0.3718242,-0.2924078,moving,-7.135524299916596,0.7342899612703249,-9.220922741086854,0.10504763725041286,-1.6748832999999999,-0.7513260522,-0.9011529999999999,-0.12420667016958131,0.012716188637460366,0.9921748762176965,-6.651302377803665,0.4157261802920447,2.1769544886510306,2.1782636573136234,2.58833343456868
05/05/2023 11:40:46.062929,3515,True,True,True,True,Eyes,0.8247862,-0.002357738,-1.959563,-0.8380083,-0.3579967,-0.4118014,0.0,0.0,0.0,0.0,0.0,0.0,0.0,2.173966,-0.01341128,0.05448222,0.7454531,0.002110921,-2.042932,0.1020107,-0.7985095,0.1543089,0.5728573,21.30357,251.4725,0.8536782,0.4130238,-0.0003978859,-0.9107198,-0.193237,-0.0008438938,-0.04186915,-0.9325503,-0.7303522,-2.954376,-0.3309535,0.005778059,2.018258,-0.3228573,0.01388085,0.946346,-0.3397069,0.9315652,-0.1295591,-0.8833814,-0.3633093,-0.2960472,moving,-7.129966604377606,0.26171890817486293,-9.312470650404938,0.16403130323899312,-1.6780034000000001,-0.732463121,-0.9114439999999999,-0.12411918659590121,0.004532518975187125,0.9922569349277692,-6.6331473132638665,-0.04411486849358204,2.1846803279125875,2.184689172189898,2.687396207066553
05/05/2023 11:40:46.083178,3516,True,True,True,True,Eyes,0.8205848,-0.002055625,-1.963276,-0.8370867,-0.3573894,-0.4141963,0.0,0.0,0.0,0.0,0.0,0.0,0.0,2.178609,-0.02713652,0.03883052,0.7383511,0.004559401,-2.05022,0.09912302,-0.8002017,0.1527324,0.5714236,20.95998,251.2419,0.9763985,0.410529,-0.0004690167,-0.9118471,-0.1816428,-0.0007932602,-0.039357,-0.9392781,-0.7153854,-2.972864,-0.3340711,0.007760152,2.018011,-0.3272994,0.01591294,0.9447866,-0.3331865,0.9336949,-0.1311509,-0.8842294,-0.3577158,-0.3002958,moving,-7.067360835959903,-0.026812251381217372,-9.399766356752183,0.22032673081599677,-1.6776292000000002,-0.7199448009999999,-0.922644,-0.12303614470488988,-0.00046440653951825006,0.9924020318931555,-6.564341177134804,-0.32526631033723935,2.3451262137246767,2.3454622550669586,2.887439647120452
05/05/2023 11:40:46.094063,3517,True,True,True,True,Eyes,0.8162317,-0.001680522,-1.967198,-0.8361675,-0.3563521,-0.4169378,0.0,0.0,0.0,0.0,0.0,0.0,0.0,2.183014,-0.04152519,0.02143788,0.7299184,0.008090865,-2.057884,0.09860247,-0.8014023,0.1541984,0.569434,21.06611,250.9918,1.078918,0.4080532,-0.0005187393,-0.9129576,-0.1707442,-0.0007456646,-0.03699558,-0.9415859,-0.7139525,-2.990583,-0.3373003,0.009812474,2.017755,-0.3320452,0.01757113,0.9431,-0.333652,0.9330009,-0.1348546,-0.8822827,-0.359445,-0.3039358,moving,-6.997760893715197,0.15806299693351014,-9.490163803735152,0.27863091150386854,-1.6715043,-0.722043365,-0.932699,-0.1218301003245078,0.0027381665114433185,0.992547210664851,-6.501476821114977,-0.14584715344697882,2.4951733118503605,2.4953173922168266,3.018680424905509
05/05/2023 11:40:46.113212,3518,True,True,True,True,Eyes,0.811767,-0.001293199,-1.971244,-0.8351754,-0.3553946,-0.4197342,0.0,0.0,0.0,0.0,0.0,0.0,0.0,2.187113,-0.05440643,0.002763271,0.7214727,0.01014436,-2.065382,0.09360609,-0.8037939,0.1492466,0.5682243,20.26152,250.7239,1.168513,0.4055851,-0.0005457908,-0.9140568,-0.1604996,-0.0007009247,-0.03477584,-0.954218,-0.6839131,-3.01235,-0.3405287,0.011865,2.0175,-0.3367185,0.01913113,0.9414113,-0.3200912,0.9379267,-0.1335486,-0.8855297,-0.3463056,-0.3096935,moving,-6.934162495626922,-0.5741324526620826,-9.580509764379304,0.33695493758909445,-1.6756907,-0.69405746,-0.946968,-0.12072277839987844,-0.009947048180067974,0.9926364571845412,-6.41974486381849,-0.8586835458042621,2.795876153945148,2.7987915427033667,3.379346998990837
05/05/2023 11:40:46.133029,3519,True,True,True,True,Eyes,0.807169,-0.0009000564,-1.975446,-0.8339359,-0.3547401,-0.4227416,0.0,0.0,0.0,0.0,0.0,0.0,0.0,2.190941,-0.06716816,-0.01601529,0.7143562,0.01081404,-2.072334,0.09246297,-0.8053179,0.1503654,0.5659541,20.29437,250.4295,1.299796,0.4031179,-0.0005518908,-0.9151475,-0.1508696,-0.0006588692,-0.03268929,-0.9551196,-0.6830695,-3.030999,-0.3438373,0.01396772,2.017237,-0.3422934,0.02127563,0.9393524,-0.319124,0.9376817,-0.1375243,-0.8837394,-0.3468435,-0.3141727,moving,-6.846177310861182,-0.4828497611727264,-9.673081741656677,0.39672017515963975,-1.6694757999999998,-0.69388354,-0.9586649999999999,-0.1192000387249787,-0.0083671348455934,0.9928350447329195,-6.336435603254925,-0.7704503937432383,2.9578671267570043,2.9605796617809363,3.534896687291496
05/05/2023 11:40:46.142989,3520,True,True,True,True,Eyes,0.8024439,-0.0005016167,-1.979763,-0.8326672,-0.353979,-0.4258689,0.0,0.0,0.0,0.0,0.0,0.0,0.0,2.194279,-0.08187199,-0.03711057,0.7062578,0.01139218,-2.079426,0.09162042,-0.8069136,0.1524281,0.5632599,20.43869,250.0963,1.458695,0.4006437,-0.0005388968,-0.9162334,-0.1418174,-0.0006193371,-0.03072793,-0.954941,-0.6861921,-3.05037,-0.3471118,0.01604871,2.016976,-0.348688,0.02385372,0.9369352,-0.3195728,0.9367427,-0.1427804,-0.8810731,-0.3492048,-0.319008,moving,-6.7256663227851945,-0.2702171750279943,-9.76467657961904,0.45588244236372927,-1.6611988000000002,-0.69758428,-0.9709439999999998,-0.11711435026510847,-0.004683707630042305,0.9931074515020354,-6.2246903456910365,-0.5643613982865769,3.122569575498704,3.1245486066818877,3.684073836228674
05/05/2023 11:40:46.163309,3521,True,True,True,True,Eyes,0.7976099,-0.000101992,-1.984223,-0.8311806,-0.3534665,-0.4291856,0.0,0.0,0.0,0.0,0.0,0.0,0.0,2.197511,-0.09284906,-0.06014848,0.6985173,0.0118818,-2.086438,0.08962439,-0.8091341,0.1514349,0.5606576,20.21596,249.7067,1.512557,0.3981564,-0.0005085052,-0.917317,-0.1333084,-0.0005821768,-0.02888426,-0.9577921,-0.6768647,-3.072537,-0.350087,0.01793972,2.01674,-0.355261,0.02476997,0.9344389,-0.3148426,0.9380699,-0.144565,-0.8801499,-0.3455594,-0.325461,moving,-6.575968585344256,-0.4521780759645137,-9.84787075103205,0.5096557472685616,-1.6563094,-0.6887465,-0.9860990000000003,-0.11451697518639031,-0.00783999584547352,0.9933903726860216,-6.073857721976638,-0.7423992026654282,3.4073687749706045,3.410347208914017,3.9762816727608983
05/05/2023 11:40:46.182940,3522,True,True,True,True,Eyes,0.7926204,0.0003297318,-1.988791,-0.829652,-0.3528126,-0.4326672,0.0,0.0,0.0,0.0,0.0,0.0,0.0,2.200491,-0.1000221,-0.08536649,0.6907242,0.01238942,-2.09337,0.09010186,-0.8111556,0.1521926,0.5574458,20.32578,249.2531,1.436314,0.3956512,-0.0004624402,-0.9184003,-0.1253099,-0.0005472463,-0.0271512,-0.9559136,-0.6776538,-3.095287,-0.3532503,0.01995064,2.016489,-0.3622719,0.02350497,0.931776,-0.3158514,0.9374381,-0.14645,-0.8769247,-0.3473575,-0.3321835,moving,-6.366269776054475,-0.30723178045271854,-9.936300419087317,0.5668516789517692,-1.6466378000000002,-0.69004322,-1.0019169999999997,-0.11088230808600219,-0.005329115000521294,0.9938192954785249,-5.873346123056839,-0.6027593467320302,3.672978376416998,3.6754782935283408,4.227953117411974
05/05/2023 11:40:46.193538,3523,True,True,True,True,Eyes,0.7874935,0.0007614702,-1.993479,-0.828071,-0.3519643,-0.4363708,0.0,0.0,0.0,0.0,0.0,0.0,0.0,2.203105,-0.1044651,-0.1126716,0.6820263,0.01357474,-2.100461,0.08954233,-0.813652,0.1501467,0.5544446,20.098,248.7679,1.268123,0.3931216,-0.0004008027,-0.9194859,-0.1177913,-0.0005144115,-0.02552213,-0.9581341,-0.6658898,-3.120775,-0.3566754,0.02212748,2.016218,-0.3691471,0.02078348,0.9291387,-0.3122086,0.9388763,-0.1450418,-0.8753608,-0.3436268,-0.3400947,moving,-6.147489059031003,-0.4972181530936124,-10.032015809659224,0.6287813710679743,-1.6401604,-0.67946454,-1.020314,-0.10708419209909104,-0.008628085828201633,0.9942124805822725,-5.654953790269095,-0.7890639290285434,4.040915564935167,4.044431110151138,4.600973507486581
05/05/2023 11:40:46.213200,3524,True,True,True,True,Eyes,0.7822401,0.001156144,-1.998238,-0.8264702,-0.3509638,-0.4401947,0.0,0.0,0.0,0.0,0.0,0.0,0.0,2.205255,-0.1077584,-0.1399863,0.6733987,0.0139723,-2.107296,0.08693431,-0.8165306,0.1454348,0.5518776,19.47881,248.3016,1.127759,0.3905635,-0.0003252004,-0.9205755,-0.1107238,-0.0004835468,-0.0239908,-0.9646133,-0.6422049,-3.146781,-0.3598186,0.02412577,2.015969,-0.3757471,0.01855536,0.9265365,-0.3024935,0.9425823,-0.1415497,-0.8759634,-0.3334581,-0.3485596,moving,-5.960496031113268,-1.0658490981046804,-10.119827807117414,0.6856448756454399,-1.638012,-0.6561772,-1.039485,-0.10382496531338214,-0.018500972507574452,0.9944234736270656,-5.457343003388807,-1.3435729193507167,4.506548655734721,4.513066802403969,5.084927669547448
05/05/2023 11:40:46.232856,3525,True,True,True,True,Eyes,0.7768841,0.001494076,-2.003109,-0.8251297,-0.3496617,-0.4437316,0.0,0.0,0.0,0.0,0.0,0.0,0.0,2.20685,-0.1130862,-0.1656477,0.6651303,0.01344236,-2.113726,0.08543915,-0.8188857,0.1434502,0.5491342,19.19436,247.8713,1.068857,0.3879736,-0.000238807,-0.92167,-0.1040804,-0.000454534,-0.02255136,-0.9673443,-0.631061,-3.169729,-0.3628623,0.02606009,2.015727,-0.3823035,0.017617,0.9238688,-0.2974766,0.9442444,-0.1411035,-0.8748437,-0.3287737,-0.3557473,moving,-5.778581031179244,-1.2726444934535042,-10.20483933574741,0.7407004967014954,-1.6324746,-0.64450336,-1.0560029999999996,-0.1006597909229427,-0.022097204136677963,0.9946755145112558,-5.274435012210767,-1.5459879428953547,4.854897614863348,4.862645435166016,5.434871738443761
05/05/2023 11:40:46.242929,3526,True,True,True,True,Eyes,0.7714155,0.001817675,-2.008036,-0.8236867,-0.3485062,-0.4473072,0.0,0.0,0.0,0.0,0.0,0.0,0.0,2.20819,-0.1199423,-0.1893258,0.6568543,0.01242767,-2.120075,0.08430462,-0.820835,0.1428025,0.546562,19.06194,247.4964,1.073063,0.3853498,-0.0001453894,-0.9227701,-0.09783556,-0.000427262,-0.02119827,-0.9691678,-0.6257263,-3.190467,-0.3660783,0.02810422,2.015471,-0.3883252,0.01770049,0.9213524,-0.2945012,0.9450004,-0.1422791,-0.8731967,-0.32659,-0.3617547,moving,-5.650733848167612,-1.3312192711302742,-10.294637603231505,0.7988945699334704,-1.6260221000000001,-0.63815397,-1.070392,-0.09843779412459414,-0.02311923659338313,0.9948746574088587,-5.14822837764504,-1.6038280914134146,5.100818750616607,5.10913173271035,5.679665844444666
05/05/2023 11:40:46.263010,3527,True,True,True,True,Eyes,0.765826,0.002154706,-2.013021,-0.8223136,-0.3473134,-0.450748,0.0,0.0,0.0,0.0,0.0,0.0,0.0,2.209249,-0.1291561,-0.2111814,0.6486788,0.0124247,-2.126292,0.08434056,-0.8223462,0.1441868,0.5439153,19.20148,247.149,1.100429,0.3826902,-4.634805e-05,-0.9238763,0.0,0.0,0.0,-0.9684738,-0.6286603,-3.208957,-0.3691846,0.03007889,2.015225,-0.394086,0.0181365,0.9188947,-0.295565,0.9441937,-0.1453946,-0.8702516,-0.3288911,-0.366733,moving,-5.534490346132404,-1.1137986688881771,-10.38133953571828,0.855123118881706,-1.6171526,-0.6410849999999999,-1.082665,-0.09642688166701802,-0.019347649025571893,0.9951520180543666,-5.040772198796906,-1.3930521320694211,5.224080524394547,5.231500747676923,5.794475941720753
05/05/2023 11:40:46.282789,3528,True,True,True,True,Eyes,0.7601395,0.002454654,-2.018052,-0.8208782,-0.3461583,-0.4542395,0.0,0.0,0.0,0.0,0.0,0.0,0.0,2.210292,-0.1370555,-0.2332625,0.6402215,0.01310908,-2.132729,0.08453582,-0.8238702,0.1450074,0.5413544,19.29683,246.7996,1.075032,0.3799929,5.833884e-05,-0.9249889,0.0,0.0,0.0,-0.9684529,-0.6290076,-3.228037,-0.3724598,0.03216062,2.014966,-0.3995781,0.01770769,0.916528,-0.2962938,0.9436531,-0.1474068,-0.8674948,-0.3304622,-0.3718164,moving,-5.42027446100799,-0.9481832885937324,-10.472724701597937,0.9144131183962627,-1.6086744,-0.64211668,-1.0953080000000002,-0.09444777922134157,-0.016474192545065616,0.9953935549492597,-4.933896261092745,-1.2326683918766808,5.377933251569205,5.384841576961151,5.940419135473954
05/05/2023 11:40:46.293360,3529,True,True,True,True,Eyes,0.7543913,0.002701086,-2.023142,-0.8193485,-0.3453253,-0.4576228,0.0,0.0,0.0,0.0,0.0,0.0,0.0,2.211113,-0.142984,-0.2549624,0.6322039,0.01251849,-2.138839,0.08423226,-0.8254505,0.1450379,0.538981,19.28349,246.4636,1.049353,0.3772576,0.0001663457,-0.9261079,0.0,0.0,0.0,-0.9693204,-0.6270947,-3.246688,-0.3755826,0.03414527,2.014718,-0.4048092,0.01728619,0.914238,-0.2954044,0.9437379,-0.148644,-0.8653705,-0.3302423,-0.3769274,moving,-5.317662988984182,-0.9112083894865837,-10.559834681483254,0.9709510621758403,-1.6015243,-0.63961319,-1.1078489999999999,-0.09266593024080083,-0.0158344912304541,0.9955714181374735,-4.834865248164074,-1.1973728601250517,5.562753905288417,5.569819409560851,6.121838256966715
05/05/2023 11:40:46.313185,3530,True,True,True,True,Eyes,0.748561,0.002946926,-2.028279,-0.8176087,-0.3449081,-0.4610361,0.0,0.0,0.0,0.0,0.0,0.0,0.0,2.211555,-0.1512271,-0.2759004,0.6246674,0.01158909,-2.144673,0.08658429,-0.826436,0.1491275,0.5359737,19.83439,246.1081,1.019923,0.374485,0.0002748242,-0.9272325,0.0,0.0,0.0,-0.9633638,-0.6441648,-3.263179,-0.378904,0.03625649,2.014456,-0.4104709,0.01674415,0.9117202,-0.3029696,0.9405283,-0.1536749,-0.8600718,-0.3393025,-0.3809865,moving,-5.192837007431942,-0.3357374377224512,-10.652444769796375,1.0311069556319314,-1.5880312,-0.65575389,-1.118506,-0.09050652916628604,-0.0058356408158634215,0.9958786988077667,-4.728693320247423,-0.6382764631077118,5.623272371196557,5.628106299148434,6.1544839129529105
05/05/2023 11:40:46.332985,3531,True,True,True,True,Eyes,0.6008384,0.009078521,-2.158497,-0.7698931,-0.3313633,-0.5454018,0.0,0.0,0.0,0.0,0.0,0.0,0.0,2.211909,-0.1598616,-0.2982841,0.6168325,0.01190674,-2.150917,0.08951508,-0.8274993,0.1533755,0.5326425,20.43811,245.7049,0.9319705,0.371675,0.0003836739,-0.9283624,0.0,0.0,0.0,-0.9561906,-0.661406,-3.280834,-0.3820796,0.03827511,2.014203,-0.4165581,0.01524133,0.9089813,-0.311536,0.936926,-0.1584772,-0.8540635,-0.3491953,-0.3855359,moving,-10.377202293852926,0.9215378390656879,-10.74097245570498,1.0886382141485256,-1.5730231,-0.6733127400000001,-1.1299169999999998,-0.1801052434559905,0.01582017460035598,0.9835201923768586,-9.816398406965583,0.6194124423476974,0.3986122493886462,0.4003139592953195,1.0368268884073395
05/05/2023 11:40:46.342946,3532,True,True,True,True,Eyes,0.6005259,0.009069928,-2.15874,-0.7696761,-0.3314708,-0.5456425,0.0,0.0,0.0,0.0,0.0,0.0,0.0,2.211558,-0.1670677,-0.3231535,0.6086656,0.01219075,-2.157013,0.09026907,-0.8292822,0.1544314,0.5294276,20.59233,245.2632,0.8448902,0.3600839,0.000801455,-0.9329191,-0.4431678,0.01839479,-0.3906519,-0.9532461,-0.6637919,-3.301341,-0.3851887,0.04025117,2.013956,-0.4231159,0.01380345,0.9059705,-0.3132375,0.9360049,-0.1605526,-0.8502091,-0.3517163,-0.3917149,moving,-9.978503094182988,1.0726695903152175,-10.827613892015949,1.1449679959984442,-1.5619117,-0.67598265,-1.1443279999999998,-0.17324921285346895,0.018437430415357003,0.9847053870957712,-9.431812366587161,0.763817302675921,0.8516873168392454,0.8521832000578646,1.446906268356582
05/05/2023 11:40:46.363177,3533,True,True,True,True,Eyes,0.5999019,0.009022946,-2.159196,-0.7692968,-0.3314618,-0.5461828,0.0,0.0,0.0,0.0,0.0,0.0,0.0,2.210594,-0.1766624,-0.349134,0.6008323,0.01199963,-2.163027,0.09062564,-0.8312443,0.1559066,0.5258451,20.76299,244.7842,0.8150696,0.3502141,0.001155019,-0.9366686,-0.4165777,0.0172911,-0.3672128,-0.9487709,-0.6675373,-3.322577,-0.3883184,0.04224104,2.013708,-0.430548,0.01330132,0.9024699,-0.3146295,0.9349602,-0.1638827,-0.8459533,-0.354503,-0.3983602,moving,-9.563591666135242,1.2580217418302972,-10.914796882501232,1.201702739992202,-1.5496032,-0.67953693,-1.1595499999999999,-0.16610323698670892,0.02164987010947303,0.9858707522551323,-9.032344689408898,0.9414105630208378,1.352261044158885,1.3523784110605663,1.900362669774017
05/05/2023 11:40:46.373357,3534,True,True,True,True,Eyes,0.5990052,0.008923694,-2.159867,-0.7686543,-0.3316717,-0.5469593,0.0,0.0,0.0,0.0,0.0,0.0,0.0,2.208771,-0.1871287,-0.3768575,0.5928904,0.01104093,-2.168886,0.09081759,-0.8333828,0.1575919,0.5219103,20.94465,244.263,0.805302,0.3417746,0.001453253,-0.9397805,-0.3915831,0.01625364,-0.34518,-0.9432032,-0.672501,-3.344652,-0.3915076,0.04426767,2.013455,-0.4387239,0.01312607,0.8985263,-0.3158693,0.933834,-0.1678715,-0.8412778,-0.357466,-0.4055491,moving,-9.127557099158693,1.4443360155277978,-11.00360833477473,1.2594977806253798,-1.5360936,-0.68354193,-1.1757659999999999,-0.1585838271555408,0.024886783815133012,0.9870318348978975,-8.612311708714588,1.1197998760594856,1.8851136486487845,1.8851348524013611,2.39537367822783
05/05/2023 11:40:46.393335,3535,True,True,True,True,Eyes,0.5978347,0.008788378,-2.160716,-0.7677399,-0.3319725,-0.5480599,0.0,0.0,0.0,0.0,0.0,0.0,0.0,2.206686,-0.1965533,-0.4046404,0.5854213,0.009736203,-2.174631,0.09212731,-0.8353512,0.1602341,0.5177124,21.29036,243.7161,0.7375038,0.3344084,0.001706714,-0.9424265,-0.3680881,0.01527842,-0.3244692,-0.9348214,-0.6828226,-3.366335,-0.3947384,0.04632157,2.013199,-0.4469731,0.01199308,0.8944672,-0.3198277,0.9316751,-0.1723126,-0.8354195,-0.3630944,-0.4125979,moving,-8.691554968777478,1.7791882691698278,-11.093544816233251,1.3180824410869265,-1.5202427,-0.692558803,-1.1917039999999997,-0.15104392750559148,0.030691493526238733,0.9880504607483793,-8.196313926605312,1.4427145196959936,2.445800838431529,2.445848280652876,2.8999103404817057
05/05/2023 11:40:46.413023,3536,True,True,True,True,Eyes,0.5964099,0.008614721,-2.161758,-0.7665547,-0.332574,-0.5493528,0.0,0.0,0.0,0.0,0.0,0.0,0.0,2.204201,-0.2053209,-0.4317369,0.5778713,0.008796051,-2.180148,0.09530804,-0.8368941,0.1644882,0.5132918,21.91064,243.1556,0.5765355,0.3277042,0.001928618,-0.9447781,-0.3460028,0.01436171,-0.3050011,-0.9232751,-0.7012045,-3.386424,-0.3979458,0.04836005,2.012943,-0.4548959,0.009335416,0.8904956,-0.3283863,0.92772,-0.1774768,-0.8277873,-0.3731601,-0.4189503,moving,-8.263014414059455,2.3563183329760458,-11.182807828723584,1.3762405884799271,-1.5011464,-0.710000551,-1.206276,-0.14359840597263196,0.040687820060021106,0.9887993080179682,-7.794120000006005,2.0014111386010116,3.078968020351527,3.0798938243992464,3.445873389612183
05/05/2023 11:40:46.433144,3537,True,True,True,True,Eyes,0.5947455,0.008402825,-2.162973,-0.765213,-0.3330967,-0.5509044,0.0,0.0,0.0,0.0,0.0,0.0,0.0,2.201854,-0.2106856,-0.4585412,0.5703016,0.007782537,-2.18575,0.09857959,-0.8384049,0.1676793,0.5091591,22.42983,242.6072,0.337923,0.3215866,0.002120401,-0.9468775,-0.3252426,0.01350001,-0.286701,-0.9130784,-0.7157392,-3.406611,-0.4011934,0.05042428,2.012685,-0.4620782,0.005451638,0.8868225,-0.3360501,0.9243315,-0.1807809,-0.8207034,-0.3815517,-0.4252814,moving,-7.871138937799308,2.8266669888760902,-11.273150149125218,1.4351446921415212,-1.48338,-0.723521737,-1.2208609999999998,-0.13678208560041488,0.048851135412426853,0.989395892697644,-7.4247897820203,2.4564542717072495,3.6738092884147786,3.6755971738340207,3.9815764180053894
05/05/2023 11:40:46.443292,3538,True,True,True,True,Eyes,0.5928444,0.008176214,-2.164363,-0.7636391,-0.3338667,-0.5526196,0.0,0.0,0.0,0.0,0.0,0.0,0.0,2.199733,-0.2137355,-0.4842372,0.5630004,0.006715033,-2.191341,0.1025776,-0.8396713,0.1708878,0.5052006,22.99331,242.0728,0.02504327,0.3159878,0.002283365,-0.9487602,-0.305728,0.01269001,-0.269499,-0.9024546,-0.7312905,-3.425818,-0.4043452,0.05242762,2.012437,-0.4685009,0.0004023272,0.8834633,-0.3449281,0.9205504,-0.1833346,-0.8133463,-0.3906236,-0.4311399,moving,-7.516023437218449,3.3175167688237917,-11.360782215624443,1.4923210305660777,-1.465455,-0.7380055329999999,-1.234477,-0.130587997942197,0.05737369428923618,0.9897752799089872,-7.091846455992819,2.9316884476262746,4.253200047694329,4.25599689227848,4.505062827659141
05/05/2023 11:40:46.462943,3539,True,True,True,True,Eyes,0.5907066,0.007947361,-2.16593,-0.7620335,-0.3342771,-0.5545843,0.0,0.0,0.0,0.0,0.0,0.0,0.0,2.197128,-0.217734,-0.5099139,0.5553827,0.006210905,-2.196884,0.1059392,-0.8410372,0.1734513,0.5013466,23.45211,241.5433,359.7327,0.3108462,0.002419737,-0.9504569,-0.2873844,0.01192861,-0.253329,-0.8931946,-0.742891,-3.445249,-0.4075533,0.05446702,2.012183,-0.4748574,-0.004279239,0.8800526,-0.352116,0.9173831,-0.1855334,-0.8065514,-0.3979824,-0.437133,moving,-7.182869491751791,3.730662678748714,-11.44995521803368,1.5505391440530045,-1.4485773,-0.749101905,-1.2483650000000002,-0.12477576996254136,0.0645578518536511,0.9900824569233851,-6.778217299247586,3.331463618550709,4.788334194212013,4.791759512117939,4.999682706501358
05/05/2023 11:40:46.483286,3540,True,True,True,True,Eyes,0.5883323,0.007708069,-2.167664,-0.7603433,-0.3345555,-0.5567322,0.0,0.0,0.0,0.0,0.0,0.0,0.0,2.194289,-0.2212286,-0.5361326,0.5475628,0.005891256,-2.202595,0.1071026,-0.8429045,0.1734997,0.4979349,23.5249,241.0427,359.5144,0.306106,0.002532073,-0.9519939,-0.2701413,0.01121289,-0.2381293,-0.8888459,-0.7421792,-3.466272,-0.4107382,0.05649117,2.01193,-0.4811799,-0.007771466,0.8765875,-0.3533376,0.9168538,-0.185827,-0.8022584,-0.3991475,-0.4439176,moving,-6.881651115622517,3.7755216011748143,-11.538454694476565,1.6083340069469616,-1.4364086999999999,-0.748070456,-1.263677,-0.11956258457152313,0.06537526006497521,0.9906719551365095,-6.485793015257906,3.3731131290914127,5.13384715776986,5.136391889313254,5.351993590672699
05/05/2023 11:40:46.493626,3541,True,True,True,True,Eyes,0.5857419,0.007451506,-2.169573,-0.7587137,-0.3342331,-0.5591438,0.0,0.0,0.0,0.0,0.0,0.0,0.0,2.191049,-0.2241261,-0.562629,0.5395119,0.005388968,-2.208252,-0.1069218,0.8450502,-0.1720754,-0.4948215,23.36823,240.568,359.3499,0.3017166,0.002622315,-0.9533938,-0.2539328,0.01054012,-0.2238415,-0.8875226,-0.7343464,-3.488136,-0.4141636,0.05866846,2.011658,-0.487439,-0.01041533,0.873095,-0.3510017,0.9179156,-0.1850102,-0.7995006,-0.396639,-0.4510837,moving,-6.60974765083351,3.6337791060033267,-11.633598960328126,1.6705138762846816,-1.4270345,-0.739735368,-1.279884,-0.11487779212879062,0.06295931122522591,0.9913824946948577,-6.216915950474963,3.233396799043331,5.392428618708098,5.393838368187628,5.637646482308246
05/05/2023 11:40:46.513318,3542,True,True,True,True,Eyes,0.5829348,0.007172366,-2.171631,-0.7570053,-0.3337546,-0.5617391,0.0,0.0,0.0,0.0,0.0,0.0,0.0,2.18748,-0.2278905,-0.5894895,0.5316173,0.004587743,-2.214015,-0.105928,0.847365,-0.1702325,-0.491704,23.12065,240.0966,359.2455,0.2976334,0.002691899,-0.9546762,-0.2386969,0.00990771,-0.2104111,-0.8868443,-0.7243736,-3.510234,-0.4173267,0.06067902,2.011407,-0.4940131,-0.01211143,0.8693702,-0.3469273,0.9196004,-0.1843276,-0.7972407,-0.3926685,-0.4584964,moving,-6.346491497629363,3.4176046092639383,-11.721421687048432,1.7279435018327218,-1.4184616,-0.7289613429999999,-1.2962190000000002,-0.11034660837634697,0.05924904033422318,0.9921255721718751,-5.954462265693643,3.0213166477458335,5.633562552719783,5.634254981725108,5.910214468369311
05/05/2023 11:40:46.533115,3543,True,True,True,True,Eyes,0.5799301,0.006870862,-2.173858,-0.7552454,-0.3329022,-0.5646065,0.0,0.0,0.0,0.0,0.0,0.0,0.0,2.182938,-0.2344378,-0.6169274,0.5236086,0.003732398,-2.219594,-0.1042709,0.8498156,-0.1686119,-0.4883763,22.85652,239.6132,359.2209,0.2938158,0.002741895,-0.9558578,-0.224375,0.009313248,-0.1977864,-0.885752,-0.7144715,-3.532349,-0.4204077,0.06263724,2.011163,-0.5012328,-0.01253001,0.865222,-0.3419141,0.9213952,-0.1847311,-0.7948967,-0.3884248,-0.4661177,moving,-6.081912038595026,3.2165403721171484,-11.806929547238745,1.78388811616031,-1.4093605999999999,-0.7182038980000001,-1.3127550000000001,-0.10578511469601015,0.055794905181917244,0.9928224548693201,-5.691125867677664,2.8239297656580797,5.9010348191888555,5.901552165386269,6.203607118412876
05/05/2023 11:40:46.542809,3544,True,True,True,True,Eyes,0.5767194,0.006541708,-2.17622,-0.7533444,-0.332015,-0.5676605,0.0,0.0,0.0,0.0,0.0,0.0,0.0,2.177507,-0.2436387,-0.645226,0.5155318,0.002770837,-2.225182,-0.1027497,0.8522698,-0.1679181,-0.4846466,22.69451,239.0955,359.2312,0.2902279,0.002773273,-0.9569533,-0.2109125,0.008754454,-0.1859192,-0.8824824,-0.7081869,-3.55464,-0.4235821,0.06465492,2.010911,-0.5091206,-0.01237902,0.8606064,-0.3379028,0.922492,-0.1866285,-0.7915922,-0.3858176,-0.4738426,moving,-5.798355257552196,3.123912512662759,-11.89499894311478,1.841542630735063,-1.3980142,-0.710957737,-1.3294579999999998,-0.10087915047045992,0.054217555913540175,0.9934203753334893,-5.4122127277596945,2.7319239243830733,6.229338129871989,6.230051102742688,6.543645464271137
05/05/2023 11:40:46.562682,3545,True,True,True,True,Eyes,0.5733073,0.006183701,-2.178711,-0.7512555,-0.3310107,-0.5710052,0.0,0.0,0.0,0.0,0.0,0.0,0.0,2.171078,-0.2540499,-0.6747875,0.5073634,0.001761425,-2.230704,-0.1012962,0.8548165,-0.1676055,-0.4805583,22.57555,238.5377,359.2497,0.2868375,0.002786672,-0.957975,-0.1982578,0.008229187,-0.1747641,-0.8775989,-0.7032894,-3.577634,-0.4269557,0.06679928,2.010643,-0.5176055,-0.01209092,0.8555338,-0.3342677,0.923295,-0.1891864,-0.7876227,-0.3839013,-0.4819442,moving,-5.4970984140867465,3.0824521879568176,-11.988557645884146,1.9028288996272609,-1.3849623,-0.7050508249999999,-1.3469300000000004,-0.0956580071640748,0.05352639837820701,0.993974002961765,-5.117424362304922,2.689585911617335,6.596679447809102,6.597768869887541,6.916029149492197
05/05/2023 11:40:46.583758,3546,True,True,True,True,Eyes,0.5696934,0.005799391,-2.181322,-0.7489773,-0.3300263,-0.5745569,0.0,0.0,0.0,0.0,0.0,0.0,0.0,2.163334,-0.2673047,-0.7055891,0.499058,0.0006422549,-2.236127,-0.09976524,0.8574524,-0.1680191,-0.4760168,22.52687,237.9364,359.3097,0.2836155,0.002782625,-0.9589338,-0.1863623,0.007735435,-0.1642782,-0.8708377,-0.7012622,-3.600713,-0.4300684,0.06877795,2.010396,-0.5269101,-0.01112807,0.8498483,-0.3310477,0.923633,-0.1931569,-0.7827984,-0.3831167,-0.4903554,moving,-5.169480871377141,3.1140659899562726,-12.074843919200248,1.9593900609471888,-1.3698957,-0.7019044549,-1.3645859999999996,-0.08997012942601768,0.05410363683966256,0.9944738097287316,-4.798908672016829,2.7181730637974626,6.999708578574677,7.001236699560572,7.315393726015062
05/05/2023 11:40:46.593392,3547,True,True,True,True,Eyes,0.5659067,0.005394882,-2.184095,-0.7462536,-0.3291336,-0.5785988,0.0,0.0,0.0,0.0,0.0,0.0,0.0,2.154163,-0.2823305,-0.7382655,0.4905759,-0.0003845356,-2.241539,-0.09788305,0.8603171,-0.1685009,-0.4710425,22.46645,237.2842,359.3999,0.280536,0.002761725,-0.9598393,-0.1751806,0.007271309,-0.1544215,-0.8628173,-0.6989642,-3.624895,-0.4331946,0.07076481,2.010148,-0.5370759,-0.009678738,0.8434786,-0.327163,0.9240528,-0.1977142,-0.777505,-0.3821425,-0.4994531,moving,-4.8288687777033665,3.12991897722862,-12.161469403444046,2.0161954556394655,-1.3533932,-0.6985796644000001,-1.383356,-0.08405523427968203,0.05440699938923977,0.9949746376320389,-4.467300842470632,2.731339018714777,7.414622743507716,7.416698188490183,7.727332020851684
05/05/2023 11:40:46.615302,3548,True,True,True,True,Eyes,0.5618985,0.004978751,-2.18698,-0.7433453,-0.3282123,-0.5828503,0.0,0.0,0.0,0.0,0.0,0.0,0.0,2.14348,-0.2988544,-0.7723329,0.4817866,-0.001345292,-2.246819,-0.09561391,0.8633518,-0.1689845,-0.4657533,22.38641,236.5969,359.5237,0.277576,0.002724777,-0.9606996,-0.1646698,0.006835031,-0.1451562,-0.8539968,-0.6960684,-3.649867,-0.4365268,0.07288289,2.009884,-0.5478641,-0.007686708,0.8365323,-0.322507,0.9246044,-0.2027212,-0.7719032,-0.3808511,-0.5090366,moving,-4.468654128190016,3.1292748920652924,-12.25376242068109,2.0767631763889054,-1.3357834,-0.694723108,-1.403048,-0.07779820993644299,0.05442354968175899,0.995482564831847,-4.116139420857868,2.728323588558631,7.853172901008744,7.855933556073991,8.163665785537688
05/05/2023 11:40:46.623083,3549,True,True,True,True,Eyes,0.5576761,0.004545399,-2.189966,-0.7398722,-0.3275803,-0.5876055,0.0,0.0,0.0,0.0,0.0,0.0,0.0,2.131867,-0.3139204,-0.8078794,0.4724192,-0.002059016,-2.252307,-0.0933691,0.8664955,-0.1689291,-0.4603595,22.25438,235.8861,359.6118,0.2747138,0.002672896,-0.9615221,-0.1547896,0.006424929,-0.1364469,-0.845575,-0.6910676,-3.675588,-0.4397016,0.0749009,2.009632,-0.5587027,-0.006271543,0.8293444,-0.317344,0.9254904,-0.2067859,-0.7662534,-0.3787193,-0.5190642,moving,-4.1292061821901305,3.0534763389007935,-12.341661187381977,2.1344803237593224,-1.3179942,-0.689008584,-1.4232809999999998,-0.0719041714562772,0.0531301092256263,0.9959954470438301,-3.7831961191876404,2.6523217578314955,8.260132422103899,8.263714109778151,8.574117101739667
05/05/2023 11:40:46.643057,3550,True,True,True,True,Eyes,0.5532369,0.004096836,-2.193047,-0.7362181,-0.3269401,-0.592531,0.0,0.0,0.0,0.0,0.0,0.0,0.0,2.119089,-0.3289405,-0.8438954,0.4629819,-0.002973098,-2.257551,-0.09069335,0.8697315,-0.1685834,-0.4548863,22.07097,235.168,359.7289,0.2719303,0.002606843,-0.9623132,-0.1455022,0.006039433,-0.12826,-0.8372241,-0.6849149,-3.701138,-0.4426659,0.07678524,2.009397,-0.5697067,-0.0043852,0.8218367,-0.3111303,0.9267087,-0.2107343,-0.7606791,-0.3757549,-0.5293164,moving,-3.7950559959220556,2.926780317347083,-12.423696878211429,2.1883831960121016,-1.300206,-0.681941802,-1.443587,-0.0661018397606421,0.05094806455897457,0.9965112880517577,-3.4540453227004666,2.5268326236598875,8.655659977081918,8.660177468407406,8.97603459453869
05/05/2023 11:40:46.663396,3551,True,True,True,True,Eyes,0.5485695,0.003632959,-2.196209,-0.7320755,-0.3265904,-0.5978329,0.0,0.0,0.0,0.0,0.0,0.0,0.0,2.105587,-0.3444328,-0.879637,0.4532892,-0.003799412,-2.262831,-0.08858126,0.8727916,-0.168849,-0.4493085,21.98356,234.4436,359.8211,0.2692071,0.002527376,-0.9630787,-0.1367721,0.005677067,-0.1205644,-0.8276714,-0.6814976,-3.726237,-0.4459085,0.07884628,2.009139,-0.5805504,-0.002895382,0.8142192,-0.3063566,0.9272867,-0.2151394,-0.7543918,-0.3743407,-0.5392236,moving,-3.490954141446215,2.8742097995740488,-12.513402767409831,2.247351768721368,-1.2809606,-0.677698188,-1.463406,-0.060814637766445356,0.050050576036280214,0.9968934361638624,-3.156184131017093,2.473665701441014,9.038802241470457,9.044198704086352,9.359955053599274
05/05/2023 11:40:46.682777,3552,True,True,True,True,Eyes,0.5436875,0.003122438,-2.19945,-0.7277534,-0.3262345,-0.6032793,0.0,0.0,0.0,0.0,0.0,0.0,0.0,2.091672,-0.3569764,-0.9160273,0.4434108,-0.004675988,-2.268258,-0.08687136,0.8758452,-0.1686336,-0.443747,21.86937,233.7082,359.845,0.266529,0.002435205,-0.9638236,-0.1285657,0.005336443,-0.1133306,-0.8181688,-0.676735,-3.751722,-0.4491843,0.08092839,2.008879,-0.5910841,-0.002510351,0.8066063,-0.3018331,0.9280322,-0.2182961,-0.7480086,-0.3724917,-0.5493028,moving,-3.1925801851602102,2.7898433099234476,-12.603983342996996,2.3069329865385546,-1.2615796000000001,-0.672059012,-1.4834640000000001,-0.05562639965768751,0.048597347666225615,0.9972682063874447,-2.8630495987163043,2.389599783538761,9.417417102129411,9.423784366154178,9.741284515390799
05/05/2023 11:40:46.692975,3553,True,True,True,True,Eyes,0.5385927,0.002559791,-2.202755,-0.7230358,-0.3261644,-0.608963,0.0,0.0,0.0,0.0,0.0,0.0,0.0,2.077085,-0.365761,-0.952718,0.4333287,-0.006308444,-2.273306,-0.08642155,0.8787296,-0.1685984,-0.4381099,21.84081,232.9496,359.7437,0.2638819,0.002329576,-0.964552,-0.1208518,0.005016257,-0.1065307,-0.8076184,-0.6747264,-3.776417,-0.4523262,0.08292553,2.008631,-0.6011822,-0.004153114,0.7991014,-0.2996116,0.9282118,-0.2205804,-0.7408193,-0.372029,-0.5592688,moving,-2.90334340154746,2.766595324197593,-12.690814890983098,2.3640908902092868,-1.2409471,-0.668417956,-1.503111,-0.05059233115478268,0.04820562218873195,0.9975552883403117,-2.5804694966353474,2.3650618002413815,9.788503671168968,9.79574438089805,10.110345440966649
05/05/2023 11:40:46.713075,3554,True,True,True,True,Eyes,0.533294,0.002054582,-2.206149,-0.7180624,-0.3263548,-0.6147186,0.0,0.0,0.0,0.0,0.0,0.0,0.0,2.062245,-0.3740234,-0.9888961,0.4233537,-0.008114338,-2.278458,-0.08657476,0.8814523,-0.1689521,-0.4324374,21.88363,232.1872,359.5986,0.2612538,0.002209583,-0.9652674,-0.1136007,0.004715281,-0.1001389,-0.7960474,-0.6749174,-3.800528,-0.4554744,0.08492666,2.008381,-0.6110057,-0.006500646,0.7915997,-0.2987454,0.92792,-0.2229701,-0.7330918,-0.3727227,-0.5689064,moving,-2.6252881853504744,2.797237014080803,-12.77779187823379,2.4213742335863873,-1.2194011,-0.666803062,-1.5220699999999998,-0.04574943055316871,0.04875050678665794,0.9977626975663426,-2.310241899188589,2.393031772729739,10.151409631393086,10.159458846994282,10.467588349705801
05/05/2023 11:40:46.722853,3555,True,True,True,True,Eyes,0.5277592,0.001711492,-2.209643,-0.7127606,-0.3267682,-0.6206406,0.0,0.0,0.0,0.0,0.0,0.0,0.0,2.04635,-0.3922505,-1.022452,0.413096,-0.007181931,-2.283881,-0.08797285,0.8836851,-0.1721959,-0.4262748,22.2925,231.3979,359.4628,0.2586333,0.002079216,-0.9659731,-0.1067846,0.004432364,-0.09413057,-0.7803243,-0.6844519,-3.822589,-0.4587482,0.08700743,2.008121,-0.6211014,-0.008675084,0.7836825,-0.3022861,0.9252188,-0.2293326,-0.7230883,-0.379335,-0.577277,moving,-2.345016965690966,3.1818395867025995,-12.8681985099223,2.4809473601150547,-1.1934203,-0.677269969,-1.5387079999999997,-0.04085386725231377,0.05545869481057336,0.9976247683936069,-2.047394489737072,2.765385415074519,10.537989795613152,10.54649703580017,10.824541775537934
05/05/2023 11:40:46.743491,3556,True,True,True,True,Eyes,0.5220318,0.001324051,-2.213221,-0.7074559,-0.3267432,-0.6266938,0.0,0.0,0.0,0.0,0.0,0.0,0.0,2.029235,-0.4074404,-1.058603,0.401874,-0.003615618,-2.289743,-0.08818091,0.8864449,-0.1728483,-0.4201943,22.36757,230.5883,359.3138,0.2560093,0.001946692,-0.9666721,-0.1003776,0.004166422,-0.08848274,-0.7679141,-0.6802543,-3.847501,-0.4619435,0.08903855,2.007868,-0.631322,-0.01107529,0.7754419,-0.3015947,0.9246952,-0.2323347,-0.7144743,-0.3805471,-0.5871207,moving,-2.049980798631126,3.259945104591576,-12.956392325967187,2.5391076885588832,-1.1697881,-0.676638682,-1.5577579999999998,-0.035713472327250306,0.05682980831733678,0.9977449618667263,-1.7618928434485261,2.839424336485192,10.920769933205287,10.930206721922582,11.198527079626688
05/05/2023 11:40:46.762788,3557,True,True,True,True,Eyes,0.5162112,0.0009216734,-2.216851,-0.7017925,-0.3272983,-0.6327425,0.0,0.0,0.0,0.0,0.0,0.0,0.0,2.013968,-0.4056157,-1.095829,0.3915059,-0.005156193,-2.295241,-0.08505417,0.889785,-0.1681164,-0.4156747,21.7085,229.9434,359.2849,0.253374,0.001810311,-0.9673665,-0.09435491,0.003916437,-0.08317377,-0.7650108,-0.6577585,-3.87376,-0.4651148,0.0910545,2.007616,-0.6399608,-0.01159639,0.7683202,-0.2911233,0.9290053,-0.2284651,-0.7111242,-0.3698846,-0.597903,moving,-1.9064161963418567,2.5694671593185587,-13.043889601671992,2.5968440952821945,-1.1565167,-0.652602307,-1.578519,-0.03323369000362436,0.044805866766590235,0.9984427463292165,-1.6033327376551658,2.1666481270346605,11.126483886255974,11.13750705279502,11.448642274518798
05/05/2023 11:40:46.782771,3558,True,True,True,True,Eyes,0.5102267,0.0006058895,-2.220571,-0.6958554,-0.3281662,-0.6388209,0.0,0.0,0.0,0.0,0.0,0.0,0.0,1.995418,-0.4366707,-1.123706,0.3830174,-0.005815353,-2.299641,-0.08575749,0.8914765,-0.1748098,-0.4090931,22.4479,229.1787,359.3878,0.250724,0.001669822,-0.9680569,-0.08869362,0.003681451,-0.07818335,-0.7438157,-0.6816459,-3.890553,-0.468335,0.09310108,2.007361,-0.6505772,-0.009874653,0.759376,-0.2959285,0.9241744,-0.241512,-0.6994111,-0.3818431,-0.6041691,moving,-1.6735344867680395,3.264630247352453,-13.132689598273334,2.655466071956234,-1.1268331,-0.675830547,-1.5909120000000003,-0.029157179036691294,0.05692350721576613,0.9979526582184594,-1.395052129933316,2.8414865217241467,11.464127040372722,11.475335152496596,11.739111420627685
05/05/2023 11:40:46.793559,3559,True,True,True,True,Eyes,0.5041045,0.0003801783,-2.224371,-0.689768,-0.3287371,-0.6450985,0.0,0.0,0.0,0.0,0.0,0.0,0.0,1.975228,-0.466051,-1.155656,0.3730205,-0.003988773,-2.305452,-0.08559869,0.8936737,-0.1794423,-0.4022695,22.92919,228.3591,359.4633,0.2480538,0.001529483,-0.9687449,-0.083372,0.003460564,-0.07349235,-0.7247102,-0.6942811,-3.911171,-0.4715043,0.09511548,2.007109,-0.6617043,-0.008626276,0.7497154,-0.2973629,0.9209467,-0.2518582,-0.6882753,-0.3895932,-0.6119595,moving,-1.4000719471422878,3.7185110648934643,-13.220051880979998,2.713176763651319,-1.0977307,-0.690292327,-1.6057190000000001,-0.02438202541873591,0.0648354317109689,0.9975980819317932,-1.140709223383854,3.281291956889556,11.850499278736645,11.862656645691983,12.092695064062848
05/05/2023 11:40:46.813208,3560,True,True,True,True,Eyes,0.4978683,0.0002426025,-2.228237,-0.6834421,-0.3294675,-0.6514277,0.0,0.0,0.0,0.0,0.0,0.0,0.0,1.95441,-0.4771243,-1.194053,0.3634901,-0.002074175,-2.31106,-0.08314323,0.8971004,-0.1776282,-0.3959123,22.6149,227.5203,359.4709,0.2453592,0.001393248,-0.969431,-0.07836968,0.00325293,-0.0690828,-0.7115938,-0.6800209,-3.937982,-0.4747639,0.09718713,2.00685,-0.6726814,-0.008525288,0.7398832,-0.2898259,0.9230709,-0.2528657,-0.680809,-0.3845354,-0.6234035,moving,-1.1154095071513392,3.3647512482392288,-13.309859766837084,2.7725367592981773,-1.0750839,-0.6779467250000001,-1.626922,-0.019432793780543633,0.05868115494972162,0.998087608637438,-0.8536799157091381,2.9352015011156527,12.195451289755768,12.208822020852848,12.457241921945498
05/05/2023 11:40:46.832961,3561,True,True,True,True,Eyes,0.4915077,0.0001723612,-2.232171,-0.6769412,-0.3298543,-0.6579869,0.0,0.0,0.0,0.0,0.0,0.0,0.0,1.934322,-0.4948356,-1.22679,0.3544393,-5.401298e-05,-2.316431,-0.08417939,0.8994262,-0.180001,-0.3892892,22.91316,226.6656,359.2982,0.2426377,0.00126459,-0.9701159,0.0,0.0,0.0,-0.6925397,-0.684532,-3.959607,-0.4779377,0.09920469,2.006599,-0.6827355,-0.01128139,0.7305786,-0.2915712,0.9210269,-0.2582549,-0.6699691,-0.3893355,-0.6321072,moving,-0.8507596084353929,3.6411435922336928,-13.397254402045116,2.8303541480106915,-1.0469789999999999,-0.6844779870200001,-1.643176,-0.014818044865070323,0.06350020503653896,0.9978718141947067,-0.603143850220112,3.2023718869736517,12.558147483893642,12.572665235698409,12.799518038208431
05/05/2023 11:40:46.843211,3562,True,True,True,True,Eyes,0.4850726,0.000169236,-2.236168,-0.6702563,-0.3303061,-0.6645708,0.0,0.0,0.0,0.0,0.0,0.0,0.0,1.915708,-0.5016588,-1.261314,0.3453879,0.001526047,-2.322329,-0.08505854,0.902,-0.1795506,-0.383305,22.89951,225.8471,359.0172,0.2398866,0.001145707,-0.9707999,0.0,0.0,0.0,-0.677196,-0.6781474,-3.983578,-0.4814208,0.1014185,2.006322,-0.6916849,-0.01580034,0.7220268,-0.2910908,0.9210532,-0.2587025,-0.6609375,-0.389116,-0.6416779,moving,-0.6322569853318357,3.6008847950904035,-13.493128071682664,2.8938077731853076,-1.0225839,-0.679673447,-1.6612490000000002,-0.011012959424971824,0.06280212203779986,0.9979652217346023,-0.389058250875294,3.1617517220801448,12.864609727707672,12.88029359194273,13.106808910957078
05/05/2023 11:40:46.863033,3563,True,True,True,True,Eyes,0.4785442,0.0002030673,-2.240215,-0.6632455,-0.3304372,-0.6715033,0.0,0.0,0.0,0.0,0.0,0.0,0.0,1.897694,-0.5100155,-1.292559,0.3370938,0.003167763,-2.327751,-0.08726114,0.9041137,-0.1804426,-0.3773653,23.08771,225.0352,358.6544,0.2371057,0.001038565,-0.9714831,0.0,0.0,0.0,-0.6599315,-0.6780376,-4.004527,-0.4843768,0.1032975,2.006088,-0.6999619,-0.02160244,0.7138533,-0.2939734,0.9196519,-0.2604226,-0.6508709,-0.3921398,-0.650072,moving,-0.4576535497957846,3.7823241309298736,-13.574446482608808,2.947671416749938,-0.9970253,-0.681205363,-1.6767760000000003,-0.007970079730895252,0.06596397880643998,0.9977901831818582,-0.22374189228054464,3.33713146482172,13.126540440605165,13.143321573924212,13.356383948781057
05/05/2023 11:40:46.882795,3564,True,True,True,True,Eyes,0.4719563,0.000257319,-2.244356,-0.6561157,-0.3304487,-0.6784657,0.0,0.0,0.0,0.0,0.0,0.0,0.0,1.880064,-0.5207505,-1.322124,0.3288437,0.004164245,-2.333598,-0.09003539,0.9058882,-0.1824125,-0.3714648,23.41453,224.2355,358.2762,0.234294,0.0009436026,-0.972165,0.0,0.0,0.0,-0.6415589,-0.6828394,-4.02432,-0.4875799,0.1053337,2.005834,-0.7078153,-0.02760434,0.7058582,-0.2986436,0.9172387,-0.2636007,-0.6401638,-0.3973806,-0.6574794,moving,-0.3084802440613407,4.11103002272471,-13.66252391159886,3.0060503042530367,-0.9704026000000001,-0.687003645,-1.6907220000000005,-0.005370117000081054,0.07168842186542954,0.9974125491533177,-0.08718461555663698,3.6559678861728893,13.381552481503043,13.39968143101666,13.590887751208776
05/05/2023 11:40:46.892907,3565,True,True,True,True,Eyes,0.4653043,0.0003074993,-2.248576,-0.6488296,-0.3299873,-0.6856592,0.0,0.0,0.0,0.0,0.0,0.0,0.0,1.862907,-0.5191748,-1.355759,0.3207734,0.004715703,-2.339899,-0.09215163,0.9082332,-0.1808822,-0.3659266,23.32885,223.4378,357.8149,0.2314519,0.000860491,-0.9728457,0.0,0.0,0.0,-0.6265418,-0.6737029,-4.047884,-0.4909424,0.1074706,2.005566,-0.7152118,-0.03501116,0.6980305,-0.2997695,0.9175794,-0.2611249,-0.6313562,-0.3960078,-0.6667588,moving,-0.17273947300196243,4.057227958085707,-13.754946625653309,3.0673276873375825,-0.9473152,-0.678418603,-1.7079849999999999,-0.0030073124383715455,0.07075250229823843,0.9974893713882499,0.046588198066057296,3.6027191663514846,13.599053711379362,13.618232399381375,13.811915418439945
05/05/2023 11:40:46.913205,3566,True,True,True,True,Eyes,0.4586188,0.0003546006,-2.252912,-0.6414303,-0.3293777,-0.6928762,0.0,0.0,0.0,0.0,0.0,0.0,0.0,1.846137,-0.5143642,-1.389673,0.3130729,0.004701823,-2.346475,-0.09508758,0.9104834,-0.179156,-0.3603907,23.25191,222.6245,357.2539,0.2285796,0.0007878644,-0.9735247,0.0,0.0,0.0,-0.6109232,-0.6647644,-4.071414,-0.4940412,0.1094406,2.005321,-0.7221538,-0.04401901,0.6903305,-0.3022836,0.9177229,-0.2576998,-0.6221884,-0.3947744,-0.6760433,moving,-0.03465682105073128,4.023777932817541,-13.84006532566221,3.1238241481088447,-0.9239961,-0.669466223,-1.724939,-0.000603384568248988,0.07017044469945363,0.9975347974680202,0.18209536826992292,3.5692571302934915,13.814489788994786,13.834710723170558,14.029233801889296
05/05/2023 11:40:46.932862,3567,True,True,True,True,Eyes,0.4518709,0.0003997409,-2.257342,-0.633871,-0.3282638,-0.7003218,0.0,0.0,0.0,0.0,0.0,0.0,0.0,1.828871,-0.5086828,-1.424381,0.3055292,0.0046845,-2.353511,-0.09771948,0.912824,-0.1769861,-0.3547949,23.10734,221.8069,356.7082,0.2256781,0.0007245276,-0.9742014,0.0,0.0,0.0,-0.5951914,-0.6535976,-4.09573,-0.4972312,0.1114683,2.005068,-0.7291433,-0.05281382,0.6823205,-0.3039888,0.9182537,-0.2537735,-0.6131405,-0.392455,-0.6855933,moving,0.0962361567910963,3.955603475146437,-13.927651067241134,3.18198472410046,-0.9007206000000001,-0.6582821,-1.7422189999999995,0.0016756359498349416,0.06898338460759587,0.997616497196655,0.31152984372312736,3.502056446268565,14.02395508144283,14.045209106465606,14.242777781124744
05/05/2023 11:40:46.942888,3568,True,True,True,True,Eyes,0.4451235,0.0004217509,-2.261901,-0.626177,-0.327021,-0.7077851,0.0,0.0,0.0,0.0,0.0,0.0,0.0,1.810271,-0.4993648,-1.46171,0.2982249,0.004704684,-2.36095,-0.09918022,0.9155934,-0.1731853,-0.3490831,22.72937,220.9814,356.2263,0.2227477,0.0006694641,-0.9748757,0.0,0.0,0.0,-0.5802215,-0.635134,-4.122046,-0.5003428,0.1134456,2.004822,-0.7366088,-0.06070536,0.6735894,-0.3025296,0.9203402,-0.2478904,-0.6048832,-0.3863789,-0.6962959,moving,0.24933265523700276,3.6648530216481108,-14.013036327878647,3.2387063427448064,-0.8784464,-0.639838684,-1.7610960000000002,0.004342763378598791,0.06391954527882711,0.997945664698031,0.4686078741791405,3.2181455816148787,14.246607564536651,14.268734001391982,14.481658797937898
05/05/2023 11:40:46.963076,3569,True,True,True,True,Eyes,0.4383849,0.0004149064,-2.266562,-0.6181972,-0.3258712,-0.7152903,0.0,0.0,0.0,0.0,0.0,0.0,0.0,1.790635,-0.4963483,-1.497323,0.2914454,0.004179474,-2.368492,-0.1008041,0.9180927,-0.1711771,-0.3429911,22.54834,220.1324,355.7981,0.2197907,0.0006208353,-0.9755467,0.0,0.0,0.0,-0.5619336,-0.6240447,-4.14677,-0.5035602,0.115491,2.004566,-0.7443914,-0.06767059,0.6643058,-0.3025194,0.9210739,-0.2451631,-0.5952844,-0.3834627,-0.7061111,moving,0.40535381197058107,3.5677924399512904,-14.101291156832918,3.2973919713871673,-0.8533790000000001,-0.628224174,-1.7782780000000002,0.007060988719643724,0.062227940522312813,0.9980370014223032,0.623316348678097,3.122672517513686,14.485917257773698,14.50916485068357,14.725644063296965
05/05/2023 11:40:46.982798,3570,True,True,True,True,Eyes,0.4316864,0.0003785954,-2.271335,-0.6099694,-0.3250309,-0.7226979,0.0,0.0,0.0,0.0,0.0,0.0,0.0,1.769527,-0.5091746,-1.528275,0.2852665,0.003533103,-2.375862,-0.1023293,0.9200386,-0.1730152,-0.3363385,22.78013,219.2602,355.5267,0.21681,0.0005767453,-0.9762135,0.0,0.0,0.0,-0.5385293,-0.628068,-4.167596,-0.5067476,0.1175168,2.004313,-0.7528103,-0.07191038,0.6542979,-0.3046772,0.9191889,-0.2495268,-0.5834798,-0.3871959,-0.7138843,moving,0.5573178872899531,3.865499255479578,-14.188673818215612,3.3555222807894656,-0.8237958,-0.6316011029999999,-1.7917339999999995,0.00970475273061372,0.06741134682227534,0.9976780731526701,0.7634296457642396,3.4113288189431397,14.730035065456523,14.754807619672748,14.952207608485743
05/05/2023 11:40:46.993342,3571,True,True,True,True,Eyes,0.4250774,0.0003321326,-2.276235,-0.6013993,-0.3246489,-0.7300151,0.0,0.0,0.0,0.0,0.0,0.0,0.0,1.747045,-0.5330765,-1.556098,0.2794747,0.002849124,-2.383204,-0.1027413,0.9217523,-0.1769211,-0.3294175,23.19392,218.3987,355.4547,0.2138095,0.0005354667,-0.9768749,0.0,0.0,0.0,-0.5126544,-0.6396192,-4.186124,-0.5101374,0.1196716,2.004044,-0.7618569,-0.07284231,0.6436368,-0.3059659,0.9162863,-0.2584653,-0.5709284,-0.3938445,-0.7203663,moving,0.6874279872816096,4.314165085123653,-14.281555120200025,3.4173625691869676,-0.7921290999999999,-0.6424683240000001,-1.8029200000000003,0.011963604821952634,0.07521987511634737,0.9970952387243937,0.8781704403943839,3.8470107875385198,14.969031814810664,14.995823085934992,15.165812759759104
05/05/2023 11:40:47.013323,3572,True,True,True,True,Eyes,0.4185307,0.0003002429,-2.281246,-0.5925474,-0.3246733,-0.7372075,0.0,0.0,0.0,0.0,0.0,0.0,0.0,1.722827,-0.5677943,-1.580897,0.2742566,0.002554618,-2.390509,-0.1027218,0.9231849,-0.1830497,-0.3219794,23.83638,217.504,355.4988,0.2107945,0.0004962806,-0.97753,0.0,0.0,0.0,-0.4831023,-0.659523,-4.201973,-0.5131539,0.1215891,2.003805,-0.771555,-0.07178602,0.6320994,-0.307539,0.911882,-0.2718289,-0.5568866,-0.4041261,-0.7256442,moving,0.8340336838583258,4.966366099524321,-14.36416188155951,3.472399230954428,-0.7573589000000001,-0.662077618,-1.8114639999999995,0.014501483605726118,0.0865618392221401,0.9961409669316954,1.0035055236878079,4.480619896161395,15.241716693876407,15.271446737263332,15.400704866597867
05/05/2023 11:40:47.032834,3573,True,True,True,True,Eyes,0.412065,0.0002856456,-2.286393,-0.5834466,-0.3247916,-0.7443792,0.0,0.0,0.0,0.0,0.0,0.0,0.0,1.697728,-0.6023602,-1.605704,0.2691328,0.00294273,-2.398116,-0.1022939,0.9246846,-0.1886873,-0.3144699,24.41163,216.6036,355.5592,0.2077692,0.000459615,-0.9781775,0.0,0.0,0.0,-0.4533494,-0.6764452,-4.218169,-0.5163811,0.1236403,2.003548,-0.781289,-0.07050629,0.6201742,-0.3078523,0.9078661,-0.2846158,-0.5429679,-0.4132893,-0.7310113,moving,0.9841607346658864,5.5448120082169465,-14.452501980949737,3.5312831669491214,-0.7224822,-0.67938793,-1.8200529999999997,0.017095655651242214,0.09661011444223189,0.9951754298715747,1.1342612283130078,5.0424430966487686,15.534193189862934,15.56742927365642,15.659846476730113
05/05/2023 11:40:47.043107,3574,True,True,True,True,Eyes,0.4056775,0.0002434237,-2.291641,-0.574145,-0.3251629,-0.7514164,0.0,0.0,0.0,0.0,0.0,0.0,0.0,1.672859,-0.6288121,-1.632402,0.2640339,0.003290493,-2.406008,-0.1009434,0.9265327,-0.1919277,-0.3074269,24.69073,215.7577,355.6416,0.2047376,0.0004259652,-0.9788165,0.0,0.0,0.0,-0.4271297,-0.683782,-4.236085,-0.5196003,0.1256865,2.003291,-0.7905982,-0.06904729,0.6084298,-0.3050622,0.9059483,-0.2935892,-0.5309345,-0.41772,-0.7373049,moving,1.1049849826232845,5.808015640164234,-14.54058018225534,3.5900322969271845,-0.6911636,-0.687072493,-1.8300770000000002,0.019185471732508896,0.10117685340972674,0.9946834475142722,1.2449488043624126,5.297734845974669,15.766206018703446,15.80199859003096,15.877631227087136
05/05/2023 11:40:47.062959,3575,True,True,True,True,Eyes,0.3993824,0.0001967066,-2.296995,-0.56462,-0.325741,-0.7583515,0.0,0.0,0.0,0.0,0.0,0.0,0.0,1.647674,-0.6583455,-1.656694,0.2594572,0.002620131,-2.41362,-0.09902625,0.928179,-0.1959275,-0.3004833,25.03824,214.9479,355.8173,0.2017038,0.0003938424,-0.9794462,0.0,0.0,0.0,-0.4004896,-0.6951453,-4.251935,-0.5228133,0.1277288,2.003037,-0.7998073,-0.06608225,0.5966082,-0.301574,0.9036124,-0.3042002,-0.5190004,-0.423223,-0.7426444,moving,1.1914108438463331,6.121917167192873,-14.628423770878822,3.6486723860936343,-0.6599468,-0.697765431,-1.8383149999999997,0.02067401843957073,0.10662162809875038,0.9940846817129729,1.320737709472115,5.602582960069274,15.973388119034812,16.011998844132197,16.06840124148647
05/05/2023 11:40:47.082752,3576,True,True,True,True,Eyes,0.3931811,0.0001335008,-2.302445,-0.5548903,-0.3265873,-0.7651388,0.0,0.0,0.0,0.0,0.0,0.0,0.0,1.622368,-0.6922157,-1.678273,0.2551291,0.002451506,-2.421311,-0.09762609,0.9294733,-0.201096,-0.2934431,25.5388,214.1283,355.9669,0.1986717,0.000362907,-0.9800657,0.0,0.0,0.0,-0.3722056,-0.7108152,-4.265863,-0.5260159,0.1297644,2.002783,-0.8087205,-0.06346124,0.5847594,-0.2995021,0.9000591,-0.3165313,-0.5062307,-0.4311221,-0.7469029,moving,1.2720973884264442,6.572551650450389,-14.715941040917222,3.7071288202642063,-0.6273347,-0.713266706,-1.8445520000000002,0.022054626030034052,0.11443340124739157,0.9931860263668881,1.3872464248142375,6.0405081474667615,16.200415988036124,16.242783653485077,16.271364590626906
05/05/2023 11:40:47.093650,3577,True,True,True,True,Eyes,0.3870639,4.499524e-05,-2.307976,-0.5450242,-0.3271911,-0.7719421,0.0,0.0,0.0,0.0,0.0,0.0,0.0,1.59606,-0.7231349,-1.70076,0.2511023,0.002037093,-2.428962,-0.09596897,0.930908,-0.2054729,-0.2863238,25.94506,213.2966,356.1094,0.1956457,0.0003323439,-0.9806743,0.0,0.0,0.0,-0.3438352,-0.7235961,-4.280183,-0.5291575,0.1317613,2.002535,-0.8176174,-0.06101298,0.5725203,-0.2963401,0.8971417,-0.3275963,-0.4936443,-0.4375091,-0.7515993,moving,1.3641244724442492,6.943749569382908,-14.801736530868157,3.7644786077453474,-0.5949375,-0.725633193,-1.8512210000000002,0.023631701130737537,0.12086108546109892,0.9923880999790821,1.4669511849709638,6.401067604423261,16.429458331358248,16.47552201983077,16.48095268887384
05/05/2023 11:40:47.113254,3578,True,True,True,True,Eyes,0.3810528,-6.028469e-05,-2.313593,-0.5349575,-0.3280662,-0.7785841,0.0,0.0,0.0,0.0,0.0,0.0,0.0,1.569415,-0.7516938,-1.723451,0.2473376,0.001342367,-2.436639,-0.09450468,0.9323399,-0.2094364,-0.279191,26.31472,212.4542,356.2084,0.1926287,0.0003010411,-0.9812714,0.0,0.0,0.0,-0.3151759,-0.7350635,-4.294515,-0.5323351,0.1337808,2.002284,-0.8262425,-0.05927545,0.5601873,-0.2931664,0.8944106,-0.3377621,-0.4810164,-0.4433015,-0.7563776,moving,1.461344716074577,7.262904428136593,-14.88846886637309,3.8224845852431577,-0.5625135,-0.736405867,-1.8578759999999996,0.025298025743884234,0.12638193905881825,0.9916591019774361,1.5531210641818274,6.710955545156331,16.658117752186666,16.70786919017997,16.69338623319986
05/05/2023 11:40:47.133015,3579,True,True,True,True,Eyes,0.3751454,-0.0001648066,-2.319315,-0.5248463,-0.3286003,-0.7852122,0.0,0.0,0.0,0.0,0.0,0.0,0.0,1.543245,-0.7806064,-1.744364,0.2437972,0.000889726,-2.444242,-0.09381497,0.9335135,-0.2138008,-0.2721039,26.75824,211.6027,356.2241,0.1896249,0.000268376,-0.9818562,0.0,0.0,0.0,-0.2857462,-0.747968,-4.307619,-0.535551,0.135825,2.002028,-0.8343166,-0.058803,0.5481407,-0.2915072,0.8909759,-0.3481171,-0.4679099,-0.4502268,-0.7604976,moving,1.5498176500403558,7.6785524653371855,-14.976211797577497,3.881210568008109,-0.5295434,-0.748857726,-1.8633769999999998,0.02680378246186982,0.13356721478869876,0.9906772184682288,1.6281630971727845,7.114787836411282,16.902344974402165,16.956693509901722,16.916302420923646
05/05/2023 11:40:47.143065,3580,True,True,True,True,Eyes,0.3693485,-0.0002746336,-2.325139,-0.5146412,-0.3291634,-0.7917044,0.0,0.0,0.0,0.0,0.0,0.0,0.0,1.519922,-0.8012135,-1.766321,0.2403359,0.0007744431,-2.452393,-0.09400745,0.9347162,-0.2165733,-0.2656394,27.05292,210.7893,356.0931,0.1866374,0.0002345326,-0.9824285,0.0,0.0,0.0,-0.2588997,-0.7542682,-4.322507,-0.5390673,0.1380602,2.001749,-0.8411967,-0.06067977,0.5373139,-0.2908014,0.8885173,-0.3549249,-0.4558759,-0.4548132,-0.7650636,moving,1.5907678323941974,7.945953179188377,-15.072087740942063,3.9454296485991662,-0.4992356,-0.7550426431,-1.870114,0.027494239704658863,0.138186662335647,0.9900244839154012,1.6608747966357718,7.374692961210973,17.07854944527101,17.13636321909235,17.080745948324637
05/05/2023 11:40:47.163323,3581,True,True,True,True,Eyes,0.3636836,-0.0004161614,-2.331072,-0.5044329,-0.3291991,-0.7982327,0.0,0.0,0.0,0.0,0.0,0.0,0.0,1.498414,-0.8142918,-1.78953,0.2371244,0.0005647913,-2.460591,-0.09438976,0.9360701,-0.2177639,-0.2596966,27.175,210.0202,355.9,0.1836693,0.0001994196,-0.9829877,0.0,0.0,0.0,-0.2350424,-0.7549284,-4.338268,-0.5419763,0.1399091,2.001517,-0.8472964,-0.06360579,0.5272977,-0.2898159,0.8873389,-0.358659,-0.445079,-0.4567098,-0.770273,moving,1.5879422102537721,8.07260246875156,-15.151368464372057,3.9985584797005536,-0.4721668,-0.7554931913,-1.8776770000000003,0.027436887132465893,0.14037494631680777,0.9897182089178437,1.6547067188602738,7.497939463613688,17.168242683504527,17.2279527595813,17.166532274604283
05/05/2023 11:40:47.183471,3582,True,True,True,True,Eyes,0.3581533,-0.0006012316,-2.337111,-0.4941789,-0.3291693,-0.8046333,0.0,0.0,0.0,0.0,0.0,0.0,0.0,1.47827,-0.8217753,-1.813896,0.2344766,-0.0004088096,-2.468975,-0.09441254,0.9375856,-0.2177448,-0.2541788,27.14887,209.3036,355.7239,0.1807243,0.0001618389,-0.9835334,0.0,0.0,0.0,-0.2129702,-0.7515091,-4.355242,-0.5451176,0.1419057,2.001269,-0.8529589,-0.06634746,0.5177445,-0.2877319,0.887347,-0.3603133,-0.4355131,-0.456304,-0.7759609,moving,1.5486469015575206,8.052125516304692,-15.236915801470165,4.055932502381442,-0.44744680000000003,-0.7511002904,-1.8862669999999997,0.026759442506075704,0.14002378843249108,0.9897864575989949,1.6169528279098269,7.478276296202774,17.19447974122421,17.254700051342624,17.19782907286575
05/05/2023 11:40:47.193597,3583,True,True,True,True,Eyes,0.3527863,-0.0008159878,-2.343266,-0.4839457,-0.3288386,-0.8109635,0.0,0.0,0.0,0.0,0.0,0.0,0.0,1.457485,-0.8290275,-1.838508,0.2321204,-0.001640536,-2.477454,-0.09388243,0.939175,-0.2175105,-0.248648,27.0809,208.5998,355.6085,0.1778066,0.0001202307,-0.9840651,0.0,0.0,0.0,-0.190657,-0.747274,-4.372435,-0.5485567,0.1440916,2.000996,-0.8587205,-0.06817697,0.5078886,-0.2845111,0.8877506,-0.3618734,-0.426207,-0.4552481,-0.7817268,moving,1.5111217250917592,8.005889045825258,-15.330528576154805,4.118756232337978,-0.42277739999999997,-0.745633464,-1.8949810000000005,0.0261141509375781,0.13922739035003115,0.9899160816088551,1.5816187976678182,7.433537784831394,17.223741657720936,17.284414551241476,17.233934708436323
05/05/2023 11:40:47.213054,3584,True,True,True,True,Eyes,0.347559,-0.001060039,-2.349527,-0.4736404,-0.3284901,-0.8171653,0.0,0.0,0.0,0.0,0.0,0.0,0.0,1.43519,-0.8414434,-1.861564,0.2301317,-0.002651956,-2.486011,-0.09286476,0.9406424,-0.2182002,-0.2428101,27.10314,207.8798,355.5711,0.1749201,7.377338e-05,-0.9845822,0.0,0.0,0.0,-0.1665678,-0.7465769,-4.388097,-0.5517271,0.1461069,2.000744,-0.8648389,-0.06874264,0.4973211,-0.2806675,0.8875296,-0.3653997,-0.4162687,-0.4555937,-0.786864,moving,1.4936950021224382,8.04954462848081,-15.416778109694254,4.176683881978946,-0.3966995,-0.743924944,-1.9020860000000002,0.025810287761204836,0.13998270796819312,0.9898175449797986,1.5634542390321866,7.476129543763766,17.286358122637584,17.348289576418484,17.297821605387384
05/05/2023 11:40:47.233124,3585,True,True,True,True,Eyes,0.3425134,-0.001333172,-2.355911,-0.4633003,-0.3278332,-0.8233336,0.0,0.0,0.0,0.0,0.0,0.0,0.0,1.411626,-0.8529149,-1.88563,0.2281944,-0.003606591,-2.494727,-0.09121775,0.9422677,-0.2183962,-0.2368842,27.05152,207.1626,355.593,0.1720679,2.176165e-05,-0.9850847,0.0,0.0,0.0,-0.142698,-0.7440454,-4.404131,-0.5546996,0.1479962,2.00051,-0.8711306,-0.06843387,0.4862599,-0.2753723,0.8879648,-0.3683592,-0.4065735,-0.4547915,-0.7923782,moving,1.4858638178892392,8.036523280126103,-15.497581841177478,4.2309905522661255,-0.3708924,-0.7404388089999999,-1.9094039999999994,0.025675820109459763,0.1397582294933837,0.9898527069427409,1.5561712197846744,7.463511908965117,17.34179178255836,17.404582896389257,17.357410169313596
05/05/2023 11:40:47.243644,3586,True,True,True,True,Eyes,0.2203702,-0.009127509,-2.518016,-0.1827716,-0.29911,-0.936551,0.0,0.0,0.0,0.0,0.0,0.0,0.0,1.388451,-0.862554,-1.909834,0.2267182,-0.004694737,-2.503564,-0.08959585,0.9439009,-0.2182693,-0.2310464,26.96529,206.4547,355.6064,0.1692544,-3.641903e-05,-0.985572,0.0,0.0,0.0,-0.1183982,-0.7400845,-4.420642,-0.5582117,0.1502287,2.000232,-0.8771806,-0.06827851,0.4752818,-0.2699999,0.8886622,-0.3706475,-0.3970577,-0.4534508,-0.7979525,moving,-15.465945704462142,7.787057520238536,-15.593008149662463,4.295172022961413,-0.3451164,-0.735389763,-1.917078,-0.26437914811960883,0.13067081517710966,0.9555254206812398,-14.96204979638853,7.333200729982303,3.3730771626553095,3.4941965014971013,3.102857854986137
05/05/2023 11:40:47.263386,3587,True,True,True,True,Eyes,0.2203642,-0.009165248,-2.518389,-0.1818034,-0.299492,-0.9366174,0.0,0.0,0.0,0.0,0.0,0.0,0.0,1.365762,-0.8780636,-1.930484,0.2255961,-0.005922016,-2.512398,-0.08825909,0.9451126,-0.2196587,-0.2252167,27.06232,205.7541,355.6278,0.1598566,-0.0004612258,-0.9871398,-0.3664297,-0.02338301,-0.4863174,-0.09325091,-0.7427253,-4.434227,-0.5611047,0.1520674,2.000001,-0.8829756,-0.06788794,0.464484,-0.2657712,0.8879207,-0.3754496,-0.3869365,-0.4549593,-0.8020549,moving,-14.862415725457652,7.966705966178842,-15.671581349731987,4.348041963154499,-0.31884701,-0.7368032840000001,-1.9218289999999998,-0.2541839789671736,0.13404553147173756,0.9578216893697885,-14.378559450717548,7.503993560129618,3.607332775797573,3.708028879916045,3.4105624336435643
05/05/2023 11:40:47.283105,3588,True,True,True,True,Eyes,0.2203325,-0.009227694,-2.519123,-0.1804576,-0.299884,-0.9367522,0.0,0.0,0.0,0.0,0.0,0.0,0.0,1.343509,-0.8942592,-1.950204,0.2248078,-0.006910674,-2.521394,-0.08700147,0.9462215,-0.2212077,-0.2194603,27.18144,205.0625,355.6448,0.1518629,-0.0008190413,-0.9884009,-0.3444439,-0.02198003,-0.4571383,-0.0676259,-0.7455617,-4.44756,-0.5643721,0.1541442,1.999741,-0.8885357,-0.06755266,0.4538069,-0.261738,0.8869958,-0.3804362,-0.3768254,-0.4568097,-0.8058085,moving,-14.291309516486082,8.158885965113306,-15.760265604424276,4.407761981894667,-0.2924337,-0.738651026,-1.9261660000000003,-0.2445035669487795,0.1376112018848723,0.959833947057367,-13.827014175924296,7.687194410618579,3.9470909002970207,4.0284939029082265,3.806854100220185
05/05/2023 11:40:47.292905,3589,True,True,True,True,Eyes,0.2203353,-0.009325059,-2.520214,-0.1784202,-0.3005405,-0.936932,0.0,0.0,0.0,0.0,0.0,0.0,0.0,1.323677,-0.90642,-1.970089,0.2240896,-0.007559441,-2.530749,-0.08610474,0.9473181,-0.2219807,-0.2142407,27.22378,204.4239,355.6128,0.1450454,-0.001122342,-0.9894241,-0.3237773,-0.02066123,-0.42971,-0.04442102,-0.7452312,-4.461589,-0.5674958,0.1561299,1.999494,-0.893374,-0.06802256,0.4441354,-0.2582518,0.886621,-0.3836785,-0.367681,-0.457467,-0.8096511,moving,-13.804191852601493,8.229912414200625,-15.844986912461154,4.464864351195112,-0.26851062,-0.7376717589999999,-1.93084,-0.23628512480200348,0.13909229613749335,0.9616769756445201,-13.35407704545046,7.753071730717039,4.219198355489789,4.282572987479509,4.125159358899205
05/05/2023 11:40:47.313227,3590,True,True,True,True,Eyes,0.2203449,-0.009445521,-2.521638,-0.1761032,-0.3012316,-0.9371485,0.0,0.0,0.0,0.0,0.0,0.0,0.0,1.305647,-0.9182817,-1.988398,0.2240022,-0.008572932,-2.539967,-0.08507968,0.948289,-0.2228328,-0.2094164,27.27448,203.8407,355.6103,0.1392151,-0.001381955,-0.9902608,-0.3043507,-0.01942155,-0.4039274,-0.02209445,-0.7456971,-4.474863,-0.5707613,0.1582053,1.999236,-0.8978127,-0.06803058,0.4350916,-0.2546899,0.8862141,-0.3869855,-0.3592574,-0.4582538,-0.8129808,moving,-13.38200848295634,8.30259986874816,-15.93349891191457,4.524551426960955,-0.24609665000000003,-0.737124168,-1.9348960000000002,-0.22914475614023763,0.140558938147288,0.9631905266256449,-12.944483864075885,7.8209957914978485,4.509464724185779,4.558920205219233,4.449804086102347
05/05/2023 11:40:47.332880,3591,True,True,True,True,Eyes,0.2203775,-0.009592558,-2.523387,-0.1732575,-0.3020925,-0.9374017,0.0,0.0,0.0,0.0,0.0,0.0,0.0,1.288721,-0.9318311,-2.005086,0.2241138,-0.009238247,-2.549346,-0.08378497,0.9491305,-0.2239468,-0.2048888,27.35115,203.3056,355.656,0.1340135,-0.00161719,-0.9909778,-0.2860896,-0.01825626,-0.3796918,-0.0008575879,-0.7471603,-4.487345,-0.5739074,0.1602051,1.998986,-0.9020016,-0.06727735,0.4264591,-0.2508141,0.8856558,-0.3907763,-0.3514057,-0.4594427,-0.8157371,moving,-13.029499278208519,8.38934371589817,-16.01873325714447,4.582072755214902,-0.2249713879,-0.737922053,-1.9379990000000005,-0.22316098654516817,0.14221969331030565,0.9643509319455752,-12.603189243230272,7.903058541678639,4.800902321601913,4.840540460412178,4.763915144592656
05/05/2023 11:40:47.343072,3592,True,True,True,True,Eyes,0.2204395,-0.00975729,-2.525445,-0.1701974,-0.3029557,-0.9376837,0.0,0.0,0.0,0.0,0.0,0.0,0.0,1.272282,-0.9420875,-2.022873,0.2246267,-0.01007069,-2.558844,-0.08163702,0.9501761,-0.2241346,-0.2006605,27.30307,202.8271,355.7929,0.1293241,-0.001834418,-0.9916003,-0.2689242,-0.01716089,-0.3569103,0.01875095,-0.7455121,-4.500752,-0.5770687,0.1622148,1.998736,-0.9061416,-0.06518915,0.417921,-0.245089,0.8861982,-0.393172,-0.3447303,-0.4586973,-0.8189982,moving,-12.716842774315857,8.360420682153013,-16.104318351053582,4.639881151264172,-0.20587575000000002,-0.73544141,-1.9419080000000002,-0.21790526405686358,0.14190565377281417,0.9655983190222317,-12.29762619344905,7.872843519318165,5.001921339575281,5.031640406855516,4.994291827278531
05/05/2023 11:40:47.363064,3593,True,True,True,True,Eyes,0.2205469,-0.009936665,-2.527806,-0.166751,-0.3039388,-0.9379846,0.0,0.0,0.0,0.0,0.0,0.0,0.0,1.254874,-0.9555559,-2.039404,0.2253377,-0.01066373,-2.568282,-0.07880932,0.9511607,-0.2247733,-0.1963651,27.29307,202.3633,356.0223,0.1250967,-0.002036075,-0.9921421,-0.2527888,-0.01613123,-0.3354957,0.03882379,-0.7456458,-4.513189,-0.5803028,0.1642704,1.998478,-0.9104597,-0.0616454,0.408978,-0.2381959,0.8865321,-0.3966403,-0.3381211,-0.4585419,-0.8218355,moving,-12.430161376902925,8.37519585175416,-16.191837363708004,4.699020372601331,-0.18651391,-0.73498207,-1.9449069999999997,-0.21305861901588966,0.1423104124045768,0.9666196622083999,-12.018561977188543,7.885318413328786,5.237133005507353,5.259702689623293,5.250592600466424
05/05/2023 11:40:47.383027,3594,True,True,True,True,Eyes,0.2206904,-0.01010718,-2.530465,-0.1631884,-0.3048709,-0.9383087,0.0,0.0,0.0,0.0,0.0,0.0,0.0,1.237975,-0.9693764,-2.055304,0.2263452,-0.01124205,-2.577826,-0.07522644,0.9521476,-0.2253011,-0.1923417,27.25672,201.956,356.3506,0.1212863,-0.002224245,-0.9926147,-0.2376215,-0.01516336,-0.3153659,0.05776089,-0.7457516,-4.525448,-0.5836209,0.1663795,1.998214,-0.9146913,-0.05658379,0.4001725,-0.2299229,0.8871609,-0.4001013,-0.3323781,-0.4579781,-0.8244882,moving,-12.1880708276241,8.377023509426959,-16.281566954821198,4.759702523169825,-0.16858431,-0.73450955,-1.947622,-0.20896766351175733,0.14246991666899328,0.9674889014907753,-11.782616786764194,7.8854912840937885,5.445799040762202,5.462757697444938,5.478239497555644
05/05/2023 11:40:47.393885,3595,True,True,True,True,Eyes,0.2209099,-0.01029083,-2.533413,-0.1594067,-0.3057986,-0.9386568,0.0,0.0,0.0,0.0,0.0,0.0,0.0,1.22291,-0.9804122,-2.071419,0.2273115,-0.01121747,-2.587604,-0.07147413,0.9531831,-0.225124,-0.1888196,27.13961,201.6128,356.6991,0.1178518,-0.002399881,-0.9930279,-0.2233642,-0.01425356,-0.296444,0.0740892,-0.742958,-4.538393,-0.5867575,0.1683731,1.997966,-0.9184774,-0.05124023,0.3921404,-0.2212715,0.8884212,-0.4021773,-0.3277782,-0.4561602,-0.8273328,moving,-12.010234598845598,8.290573198873398,-16.366322625366085,4.817062757758205,-0.1532223,-0.7317405300000001,-1.9507890000000003,-0.2060045482559539,0.14110058470908185,0.9683246454808971,-11.606928548051654,7.800197181178415,5.559472724105922,5.571425103089102,5.6170208270372575
05/05/2023 11:40:47.413348,3596,True,True,True,True,Eyes,0.2211891,-0.01048713,-2.536628,-0.1555877,-0.3065647,-0.9390477,0.0,0.0,0.0,0.0,0.0,0.0,0.0,1.209254,-0.9845703,-2.089561,0.2287534,-0.01180084,-2.597204,-0.06718247,0.9544755,-0.2235275,-0.1857381,26.85021,201.3304,357.0952,0.1147583,-0.002564682,-0.9933897,-0.2099623,-0.01339834,-0.2786573,0.08847481,-0.7354791,-4.552892,-0.5901029,0.1704995,1.997702,-0.9219759,-0.04521291,0.3845992,-0.2112832,0.891044,-0.4017463,-0.3245307,-0.4516596,-0.8310738,moving,-11.875611493379706,8.042468563843888,-16.456658487522542,4.878247699152509,-0.14027858999999998,-0.72367826,-1.9556879999999999,-0.2038481676206121,0.13696937115140045,0.9693736877369734,-11.469008173568263,7.557902531743741,5.561119201091753,5.56761037098443,5.661908306933076
05/05/2023 11:40:47.432975,3597,True,True,True,True,Eyes,0.2215383,-0.01068615,-2.540096,-0.1515232,-0.3071997,-0.9395047,0.0,0.0,0.0,0.0,0.0,0.0,0.0,1.197064,-0.9871624,-2.107426,0.2304329,-0.01233875,-2.606807,-0.06322572,0.9557047,-0.2217715,-0.1828887,26.55282,201.0661,357.4543,0.111973,-0.002720182,-0.9937071,-0.1973646,-0.01259444,-0.2619379,0.1021404,-0.7275442,-4.56729,-0.5932139,0.1724765,1.997452,-0.9251084,-0.03973127,0.3776185,-0.2019693,0.8936399,-0.4007695,-0.3215319,-0.4470226,-0.8347381,moving,-11.782483895126065,7.782006079970705,-16.540646022278143,4.935149498716206,-0.12829249999999998,-0.71520545,-1.960483,-0.20239360011218704,0.13260212460749182,0.9702852798654771,-11.371205321302961,7.303859065361031,5.542041691569539,5.544790277593593,5.686290721728312
05/05/2023 11:40:47.443003,3598,True,True,True,True,Eyes,0.2219544,-0.01081762,-2.543813,-0.1474034,-0.3077818,-0.9399694,0.0,0.0,0.0,0.0,0.0,0.0,0.0,1.186061,-0.9863847,-2.125938,0.2324316,-0.01265215,-2.616319,-0.05965109,0.9569823,-0.2194472,-0.1801932,26.20037,200.8055,357.7591,0.1094673,-0.00286736,-0.9939859,-0.1855227,-0.01183878,-0.2462216,0.1155802,-0.7170932,-4.582281,-0.5963513,0.174471,1.997204,-0.9279445,-0.03508429,0.3710639,-0.1932559,0.8965693,-0.3985168,-0.3187028,-0.4415117,-0.8387469,moving,-11.703920577868733,7.457266860605075,-16.62526113272284,4.992549046779628,-0.1168514,-0.70444105,-1.9659620000000002,-0.20120827879796077,0.12713235912498524,0.9712633337492143,-11.285867540118723,6.987371929794682,5.503877478568907,5.504037314430221,5.6998633554974285
05/05/2023 11:40:47.463211,3599,True,True,True,True,Eyes,0.2224241,-0.01081,-2.547794,-0.1430452,-0.308321,-0.9404659,0.0,0.0,0.0,0.0,0.0,0.0,0.0,1.174808,-0.9949613,-2.140305,0.2344148,-0.0111765,-2.626014,-0.05698073,0.9577966,-0.2190315,-0.1772119,26.08924,200.4986,357.9886,0.1072151,-0.003004339,-0.9942309,-0.1743913,-0.01112845,-0.2314483,0.1313619,-0.7120816,-4.594895,-0.5995085,0.1764777,1.996954,-0.9306984,-0.03152195,0.364427,-0.1867819,0.8975568,-0.3993799,-0.3145047,-0.4397705,-0.8412424,moving,-11.623260192484757,7.363991359194291,-16.71035960269041,5.050305159391166,-0.1030529,-0.7009051,-1.968881,-0.19988043594996344,0.12558584835817418,0.9717385879769622,-11.204724192727285,6.896081440395634,5.58902718873162,5.588535071060584,5.806798717620451
05/05/2023 11:40:47.473358,3600,True,True,True,True,Eyes,0.2229587,-0.01072872,-2.552024,-0.1387572,-0.3084471,-0.9410669,0.0,0.0,0.0,0.0,0.0,0.0,0.0,1.166071,-1.00089,-2.155115,0.2361762,-0.007838774,-2.63632,-0.0550723,0.9586318,-0.2179356,-0.1746319,25.91739,200.2164,358.1223,0.1051925,-0.003126636,-0.9944466,-0.1639279,-0.01046074,-0.2175614,0.1453255,-0.7023946,-4.608915,-0.6025786,0.1784293,1.996711,-0.9329415,-0.0294711,0.3588198,-0.1817051,0.8989422,-0.3986052,-0.3108109,-0.4370748,-0.8440155,moving,-11.575304731234187,7.213420757871446,-16.793057279571787,5.106479060487527,-0.0908507,-0.694555826,-1.9725949999999997,-0.19913078941990398,0.12305091251363823,0.9722167895898667,-11.15391793651173,6.7492606020624,5.6277452602673605,5.627090275787172,5.873552904655488
05/05/2023 11:40:47.493456,3601,True,True,True,True,Eyes,0.2235899,-0.01061845,-2.556449,-0.1342105,-0.3086278,-0.9416668,0.0,0.0,0.0,0.0,0.0,0.0,0.0,1.161023,-0.9854331,-2.177561,0.2382518,-0.006071858,-2.646512,-0.0533431,0.9602007,-0.2128255,-0.1728423,25.28684,199.9982,358.1703,0.1033782,-0.003232819,-0.9946365,-0.1540922,-0.009833097,-0.2045077,0.155287,-0.6782756,-4.628088,-0.6057886,0.1804695,1.996456,-0.9345602,-0.0288697,0.354632,-0.1760106,0.9037197,-0.3902704,-0.309221,-0.4271502,-0.8496618,moving,-11.58820591802213,6.575872447504672,-16.87947528005443,5.165209764408244,-0.0829648,-0.672203742,-1.981576,-0.19960754238979472,0.11221423690494271,0.9734293675055616,-11.149310269555702,6.129021688961787,5.474272731992207,5.476084428408907,5.810656113852848
05/05/2023 11:40:47.513234,3602,True,True,True,True,Eyes,0.2242946,-0.01041659,-2.561079,-0.1295745,-0.3089454,-0.9422118,0.0,0.0,0.0,0.0,0.0,0.0,0.0,1.154223,-0.9878566,-2.191326,0.2409879,-0.005255092,-2.655541,-0.0520843,0.9608992,-0.2118789,-0.1704913,25.1474,199.7292,358.2371,0.1017548,-0.00332333,-0.9948036,-0.1448467,-0.009243111,-0.1922373,0.1698022,-0.6714635,-4.640503,-0.6089689,0.1824909,1.996203,-0.9364399,-0.02784851,0.3497211,-0.1723426,0.9047892,-0.3894286,-0.3055789,-0.4249482,-0.85208,moving,-11.582646530037199,6.42933064511444,-16.965040400546435,5.223404250268193,-0.07118570000000002,-0.666208408,-1.984962,-0.19956888954017063,0.10972507230779399,0.9737209837142276,-11.139941097535397,5.986401955989212,5.512146505949224,5.515833776237485,5.874857222850205
05/05/2023 11:40:47.532906,3603,True,True,True,True,Eyes,0.2250439,-0.01011487,-2.565904,-0.1246381,-0.3092915,-0.9427641,0.0,0.0,0.0,0.0,0.0,0.0,0.0,1.141824,-1.006837,-2.201003,0.2434067,-0.002832379,-2.665078,-0.05029396,0.9611779,-0.2137533,-0.1670838,25.32274,199.363,358.3991,0.1003049,-0.003396188,-0.9949506,-0.1361559,-0.008688524,-0.180703,0.1891553,-0.6743067,-4.649734,-0.6122282,0.1845629,1.995945,-0.9391072,-0.02525344,0.3426956,-0.1681123,0.90356,-0.3941033,-0.2996936,-0.4277166,-0.8527851,moving,-11.507749946366442,6.622346326916055,-17.052662310708744,5.283056053065499,-0.054251400000000005,-0.671474321,-1.9846559999999998,-0.1982218581748344,0.11303621120293195,0.9736174536702144,-11.072132886155508,6.173706502064137,5.701063682689864,5.704362503020547,6.0464857909573
05/05/2023 11:40:47.543035,3604,True,True,True,True,Eyes,0.2258555,-0.009717223,-2.570905,-0.1195853,-0.3096246,-0.943309,0.0,0.0,0.0,0.0,0.0,0.0,0.0,1.127533,-1.00794,-2.219825,0.2456286,-0.0001151748,-2.674801,-0.04749891,0.9624055,-0.2115343,-0.1636242,25.00564,198.9866,358.5962,0.09901226,-0.003449281,-0.9950799,-0.1279865,-0.008167213,-0.1698608,0.2068919,-0.6610095,-4.664282,-0.6153967,0.1865764,1.995694,-0.9419422,-0.02220216,0.335041,-0.1606507,0.9059942,-0.3916196,-0.2948503,-0.4227075,-0.856961,moving,-11.401854817381365,6.330417723397262,-17.137787663130005,5.341028199370593,-0.03873670000000001,-0.6608943252,-1.989481,-0.19653036228949256,0.10811161583459525,0.9745191643073229,-10.961035889511603,5.888962329513678,5.813170737289267,5.820637185153514,6.201007521675308
05/05/2023 11:40:47.562879,3605,True,True,True,True,Eyes,0.2267002,-0.009236442,-2.576072,-0.1141783,-0.3101091,-0.9438197,0.0,0.0,0.0,0.0,0.0,0.0,0.0,1.110013,-1.018922,-2.234924,0.247879,0.00257564,-2.683982,-0.04504234,0.9632369,-0.2114586,-0.1594721,24.9442,198.5309,358.7785,0.09786332,-0.003480879,-0.9951934,-0.1203073,-0.00767718,-0.1596692,0.2284462,-0.6559969,-4.675464,-0.6186615,0.1886519,1.995436,-0.9450799,-0.01932939,0.326268,-0.1542164,0.9065129,-0.3930035,-0.2881695,-0.4217355,-0.859708,moving,-11.254389212522378,6.286240816165458,-17.225435970612487,5.4007872539390105,-0.0194328,-0.65857254,-1.991482,-0.19403628674340062,0.10741457803053986,0.9750958886464162,-10.816092914987406,5.845000983635568,6.026429258779034,6.0363422200996775,6.424718222797042
05/05/2023 11:40:47.582933,3606,True,True,True,True,Eyes,0.227591,-0.008704103,-2.581393,-0.1086875,-0.3104286,-0.9443628,0.0,0.0,0.0,0.0,0.0,0.0,0.0,1.091371,-1.028182,-2.251258,0.2499042,0.005094215,-2.693312,-0.04238993,0.9641533,-0.2109929,-0.1552212,24.83577,198.0656,358.9747,0.09684399,-0.00348997,-0.9952931,-0.1130889,-0.007216549,-0.150089,0.2499963,-0.649795,-4.68704,-0.6218669,0.1906893,1.995182,-0.9482193,-0.01623962,0.3172021,-0.1472419,0.9073702,-0.3936995,-0.2814261,-0.4200188,-0.8627769,moving,-11.101068110166851,6.207230265422634,-17.311436476651302,5.4594548802812435,9.210000000001162e-05,-0.654889215,-1.9937279999999995,-0.1914529508004805,0.1061246927269081,0.9757475614119963,-10.66450301131423,5.767108220698946,6.242193073913707,6.255225277642213,6.654049524198634
05/05/2023 11:40:47.593540,3607,True,True,True,True,Eyes,0.2285098,-0.00814945,-2.586825,-0.1028912,-0.3109138,-0.9448524,0.0,0.0,0.0,0.0,0.0,0.0,0.0,1.07188,-1.029014,-2.271127,0.2518542,0.006820608,-2.702284,-0.03911874,0.9654251,-0.2088374,-0.1510337,24.52248,197.6125,359.2159,0.09594333,-0.00347688,-0.9953804,-0.1063035,-0.006783557,-0.1410837,0.2705848,-0.6380834,-4.700111,-0.6250455,0.1927099,1.99493,-0.9513173,-0.01244946,0.3079623,-0.1386154,0.9097134,-0.3914172,-0.2752845,-0.4150502,-0.8671517,moving,-10.964663151847189,5.918530926650734,-17.39666116402401,5.517642416714398,0.01873060000000004,-0.6449040079999999,-1.9978269999999996,-0.1892260714551809,0.10125133788222783,0.9766993950609048,-10.52375149442036,5.4853037474893185,6.4250255816612025,6.4444790344949965,6.8729857497348705
05/05/2023 11:40:47.613023,3608,True,True,True,True,Eyes,0.2294652,-0.007581397,-2.592385,-0.0969716,-0.3113989,-0.9453186,0.0,0.0,0.0,0.0,0.0,0.0,0.0,1.050707,-1.041642,-2.285284,0.2539122,0.007935941,-2.710532,-0.03636316,0.9661173,-0.2093995,-0.1464487,24.53566,197.1168,359.4376,0.0951491,-0.003443039,-0.9954568,-0.09992533,-0.006376543,-0.1326187,0.293877,-0.6375982,-4.708798,-0.6282675,0.1947578,1.994675,-0.9544612,-0.008929577,0.2982021,-0.1315947,0.9096591,-0.3939582,-0.2677445,-0.4152595,-0.8694095,moving,-10.809023879479884,5.954071132342201,-17.482986814364757,5.576618340953077,0.03996480000000002,-0.645534141,-1.9982659999999997,-0.1865596364181475,0.1019100695704554,0.9771437260779009,-10.372989307946973,5.518851693933102,6.6632266988310995,6.68462802749297,7.110232171088018
05/05/2023 11:40:47.623047,3609,True,True,True,True,Eyes,0.2304609,-0.007022474,-2.598058,-0.09109385,-0.3115545,-0.9458518,0.0,0.0,0.0,0.0,0.0,0.0,0.0,1.02918,-1.051408,-2.300976,0.2556875,0.008818399,-2.719137,-0.0340495,0.9668717,-0.2095171,-0.1417832,24.50721,196.597,359.595,0.09445176,-0.003390078,-0.9955233,-0.09392981,-0.005993951,-0.1246616,0.3172362,-0.6354036,-4.718212,-0.6314022,0.1967502,1.994426,-0.9574765,-0.00643098,0.2884403,-0.125255,0.9098864,-0.3954971,-0.2599044,-0.4148077,-0.8720004,moving,-10.635521404902798,5.956668816152921,-17.566923589129043,5.634001614362749,0.06154870000000001,-0.644221999,-1.9990750000000004,-0.18359786720571047,0.1020122523645838,0.9776938411723435,-10.203925826231941,5.520228626392297,6.914929948336262,6.938908441722478,7.3638767201263935
05/05/2023 11:40:47.642930,3610,True,True,True,True,Eyes,0.2314868,-0.006462885,-2.60385,-0.08506328,-0.3116328,-0.9463875,0.0,0.0,0.0,0.0,0.0,0.0,0.0,1.007793,-1.051643,-2.320343,0.2575263,0.009134758,-2.727487,-0.03239798,0.9679317,-0.2080241,-0.1370568,24.30457,196.0416,359.6419,0.09384276,-0.003320342,-0.9955812,-0.08829402,-0.005634313,-0.1171819,0.3409553,-0.6268471,-4.729373,-0.6346276,0.1988001,1.994168,-0.9603317,-0.005695829,0.2788024,-0.1197403,0.9113527,-0.3938255,-0.2518442,-0.4115869,-0.8758828,moving,-10.44430543057891,5.770209344539317,-17.653244565514655,5.69304921305197,0.08342900000000003,-0.635981858,-2.001886,-0.1803911093867966,0.09888965733007249,0.9786112339043478,-10.012499187983734,5.337538457470865,7.179390288273747,7.209352060837317,7.649011558469106
05/05/2023 11:40:47.663176,3611,True,True,True,True,Eyes,0.2325378,-0.005876549,-2.609782,-0.07901722,-0.3112243,-0.9470458,0.0,0.0,0.0,0.0,0.0,0.0,0.0,0.9858533,-1.054503,-2.338717,0.2592072,0.009698346,-2.736092,-0.03159899,0.9688212,-0.2072141,-0.1320961,24.19573,195.4412,359.5928,0.09331472,-0.003235685,-0.9956311,-0.08299638,-0.005296255,-0.110151,0.3659292,-0.6202232,-4.739741,-0.6377833,0.2008064,1.993919,-0.9631045,-0.006483189,0.2690504,-0.1159719,0.9121277,-0.3931586,-0.2428595,-0.4098551,-0.8792261,moving,-10.226017784156957,5.692363017554632,-17.737613170579397,5.750833892853261,0.10672199999999998,-0.6299215459999999,-2.0036490000000002,-0.17668359456409488,0.09762667771564044,0.9794140965264768,-9.797610046530565,5.260347643530074,7.477464710261502,7.511822954022618,7.955138362761539
05/05/2023 11:40:47.682795,3612,True,True,True,True,Eyes,0.2336029,-0.005308835,-2.615827,-0.07291745,-0.3103704,-0.9478151,0.0,0.0,0.0,0.0,0.0,0.0,0.0,0.9663061,-1.041076,-2.363666,0.260528,0.01086952,-2.74527,-0.03128748,0.9702895,-0.20317,-0.1275992,23.71903,194.867,359.4451,0.09285901,-0.003136538,-0.9956741,-0.0780166,-0.004978479,-0.1035419,0.3881901,-0.599735,-4.754625,-0.6409358,0.2028099,1.993669,-0.9654793,-0.008867126,0.2603298,-0.1125645,0.9154861,-0.386283,-0.234903,-0.402252,-0.884881,moving,-10.038061906598971,5.254697714753235,-17.821848443291945,5.808544515468481,0.1276621,-0.61060452,-2.009355,-0.1735919700473707,0.0901928263925183,0.9806789920769559,-9.60259060305323,4.833259775705983,7.757986397546313,7.803465840731624,8.276918494701949
05/05/2023 11:40:47.693206,3613,True,True,True,True,Eyes,0.260053,0.00762343,-2.769093,0.07992478,-0.2802862,-0.9565833,0.0,0.0,0.0,0.0,0.0,0.0,0.0,0.9492992,-1.016636,-2.391315,0.2618786,0.01090465,-2.753979,-0.03111266,0.9720124,-0.1973193,-0.1236492,23.03465,194.351,359.2723,0.09246806,-0.00302503,-0.9957101,-0.0733356,-0.004679771,-0.09732938,0.4080238,-0.5730468,-4.770974,-0.6441736,0.204868,1.993414,-0.967486,-0.01168701,0.2526554,-0.1092806,0.9201942,-0.3758996,-0.2280989,-0.3912877,-0.8915521,moving,-18.488143794533848,5.620383368105316,-17.90828725629078,5.867825340885578,0.14614519999999998,-0.5839514499999999,-2.0169949999999996,-0.3157362453339084,0.09292717993559632,0.9442854953979976,-17.849746850296647,5.245102453522889,0.6303754671738551,0.6304451878130419,0.625468443312117
05/05/2023 11:40:47.712981,3614,True,True,True,True,Eyes,0.2601075,0.007607721,-2.769421,0.08019286,-0.2803549,-0.9565408,0.0,0.0,0.0,0.0,0.0,0.0,0.0,0.9356247,-1.011956,-2.408366,0.2633181,0.01020508,-2.762288,-0.03165561,0.9727329,-0.1957952,-0.1202203,22.8627,193.9085,359.0979,0.0925184,-0.002406562,-0.9957072,0.01041487,0.03439781,-0.5512882,0.4267447,-0.5641641,-4.781689,-0.6473815,0.206907,1.993158,-0.9690899,-0.0145078,0.2462805,-0.108662,0.9213243,-0.3733015,-0.2214885,-0.3885241,-0.8944227,moving,-18.08852137653643,5.434523914549596,-17.99389491509171,5.9265684793420546,0.16342659999999998,-0.5743691799999999,-2.0194010000000002,-0.3092241173571638,0.09006645710801904,0.9467146060784751,-17.45517783675991,5.061614055814307,0.48050725451665205,0.5010608954481979,1.0190006110236487
05/05/2023 11:40:47.733192,3615,True,True,True,True,Eyes,0.2602174,0.007585015,-2.770069,0.08064042,-0.2806464,-0.9564177,0.0,0.0,0.0,0.0,0.0,0.0,0.0,0.9221343,-1.021613,-2.41903,0.2646312,0.009831551,-2.770487,-0.03186192,0.9728906,-0.1969674,-0.1169309,22.99848,193.5051,359.0082,0.09259959,-0.001877911,-0.9957008,0.009789976,0.03233394,-0.5182109,0.4451159,-0.5661331,-4.78897,-0.6505899,0.2089462,1.992902,-0.9706243,-0.01593319,0.2400734,-0.1080594,0.9203773,-0.3758041,-0.2149703,-0.3907067,-0.8950624,moving,-17.7409739114033,5.565457820909598,-18.07945451620186,5.985319890728134,0.1804847,-0.5759646509999999,-2.018483,-0.30341038303127754,0.09241111425202878,0.9483682942167242,-17.119911078607746,5.186705941284913,0.5149764628995442,0.5393081470709515,1.2484021182596692
05/05/2023 11:40:47.743083,3616,True,True,True,True,Eyes,0.2603752,0.007579869,-2.771012,0.08135837,-0.281152,-0.9562083,0.0,0.0,0.0,0.0,0.0,0.0,0.0,0.9085013,-1.0301,-2.430199,0.2658994,0.009681411,-2.778767,-0.03139492,0.9731283,-0.1977106,-0.1137827,23.07526,193.1332,358.9966,0.09269238,-0.001417622,-0.995693,0.009202578,0.0303939,-0.4871182,0.4596249,-0.5687226,-4.795333,-0.6506123,0.2089605,1.992903,-0.9721359,-0.01611048,0.2338645,-0.1060947,0.9198498,-0.3776512,-0.2090361,-0.39194,-0.8959283,moving,-17.428016176239822,5.643434445424421,-18.08002800841579,5.985723562465166,0.1937255,-0.5784040109999999,-2.016566,-0.2981850374328349,0.09386377148340336,0.9498816875358934,-16.81693567427258,5.260500605489536,0.7175919932987825,0.7363974938455432,1.456485695740201
05/05/2023 11:40:47.762841,3617,True,True,True,True,Eyes,0.2605881,0.007585675,-2.772249,0.08231298,-0.2818998,-0.9559064,0.0,0.0,0.0,0.0,0.0,0.0,0.0,0.8928679,-1.051296,-2.43623,0.2671556,0.01014141,-2.786787,-0.0309609,0.9729114,-0.2008162,-0.1102618,23.427,192.7251,359.0034,0.0927783,-0.001003519,-0.9956847,0.008650423,0.02857027,-0.4578911,0.4760625,-0.5801072,-4.798398,-0.6506118,0.2089601,1.992901,-0.9737673,-0.01595971,0.2269849,-0.1045291,0.9174286,-0.3839251,-0.2021151,-0.3975803,-0.8950303,static,-17.10347547340774,5.9889559380667725,-18.080031981656617,5.98571815097921,0.2089069,-0.5902486100000001,-2.011611,-0.29263091701866456,0.09976946746504216,0.9510063981088861,-16.509880172876272,5.594535401550341,0.9722980844048166,0.976561875698853,1.6181472881251937
05/05/2023 11:40:47.782771,3618,True,True,True,True,Eyes,0.2608455,0.007572373,-2.773744,0.08351097,-0.2827988,-0.955537,0.0,0.0,0.0,0.0,0.0,0.0,0.0,0.8772781,-1.063614,-2.446107,0.2683711,0.01046302,-2.79503,-0.03042471,0.9730328,-0.2021711,-0.1068104,23.57427,192.3196,358.9984,0.09285906,-0.00063074,-0.995677,0.008131398,0.02685605,-0.4304177,0.4918091,-0.5846584,-4.803643,-0.6506124,0.2089603,1.992903,-0.975332,-0.01602053,0.220162,-0.1023964,0.9164024,-0.3869388,-0.195558,-0.3999376,-0.8954371,static,-16.78614321531721,6.114521134452536,-18.08003060650456,5.985717875011262,0.22343800000000003,-0.59512142,-2.008613,-0.28729326666163946,0.1020256523559324,0.9523935882569828,-16.203923066619197,5.714603987390213,1.297684934064739,1.300282608018851,1.895595484610499
05/05/2023 11:40:47.793359,3619,True,True,True,True,Eyes,0.2611446,0.00758519,-2.775499,0.08503143,-0.2841137,-0.9550126,0.0,0.0,0.0,0.0,0.0,0.0,0.0,0.8609843,-1.080943,-2.453205,0.2696458,0.01002512,-2.802702,-0.02967559,0.9729223,-0.2046217,-0.1033031,23.84684,191.9171,359.031,0.0929359,-0.0002958644,-0.9956697,0.007643514,0.02524469,-0.4045926,0.5079318,-0.5945336,-4.806783,-0.6506116,0.20896,1.992901,-0.9768956,-0.01546799,0.2131563,-0.1000202,0.9144987,-0.3920308,-0.1888672,-0.4042931,-0.8949169,static,-16.489541082827188,6.347771185281457,-18.080026785473873,5.985715307249363,0.23828600000000005,-0.60455872,-2.0040810000000002,-0.282239138725994,0.10606796215990334,0.9534624590138565,-15.92107653431557,5.9395857117084745,1.6310235549287384,1.631174187247061,2.159443013038608
05/05/2023 11:40:47.813438,3620,True,True,True,True,Eyes,0.2614793,0.007615109,-2.777516,0.08679118,-0.2854277,-0.9544623,0.0,0.0,0.0,0.0,0.0,0.0,0.0,0.8432578,-1.113516,-2.45415,0.2709521,0.01077593,-2.810751,-0.02941047,0.9722213,-0.2098572,-0.09940199,24.4502,191.4646,359.0265,0.09300983,5.810342e-06,-0.9956626,0.007184903,0.02373001,-0.380317,0.5263233,-0.6138338,-4.806562,-0.6506119,0.2089602,1.992901,-0.9785086,-0.01546655,0.2056255,-0.09890741,0.91019,-0.4022083,-0.1809375,-0.4139021,-0.8921585,static,-16.178954866217506,6.90427982141937,-18.080034579747878,5.985720994709028,0.2553712000000001,-0.62460973,-1.9958109999999993,-0.276773081171637,0.11551498639091771,0.9539669346640043,-15.633310915964907,6.4790002145070655,2.111436859396993,2.1113631604544496,2.4959529393800923
05/05/2023 11:40:47.833333,3621,True,True,True,True,Eyes,0.2618535,0.007652519,-2.779767,0.08891293,-0.2867112,-0.9538822,0.0,0.0,0.0,0.0,0.0,0.0,0.0,0.8251594,-1.123516,-2.465358,0.2720832,0.01122798,-2.819044,-0.02881582,0.9724458,-0.2106687,-0.09559041,24.53423,191.0122,359.0069,0.0930815,0.0002781911,-0.9956557,0.006753809,0.02230621,-0.357498,0.5432876,-0.6159737,-4.811952,-0.6506119,0.2089603,1.992902,-0.9800642,-0.01576785,0.1980542,-0.09631945,0.9095767,-0.4042186,-0.1737718,-0.4152367,-0.8929625,static,-15.866257252668053,6.93623539687822,-18.08002609790007,5.985720856723559,0.27120439999999996,-0.62720168,-1.992908,-0.27153991287823387,0.11622719691461379,0.9553833718538953,-15.329348667048276,6.508018847645468,2.4101051335471557,2.409201193583742,2.7998252659618763
05/05/2023 11:40:47.842772,3622,True,True,True,True,Eyes,0.2622583,0.007691801,-2.78226,0.09128703,-0.2879877,-0.9532732,0.0,0.0,0.0,0.0,0.0,0.0,0.0,0.8053823,-1.137826,-2.474485,0.2734882,0.01148651,-2.826913,-0.02801461,0.9725037,-0.2123201,-0.09149877,24.71412,190.5337,359.0138,0.09315178,0.0005244511,-0.995649,0.00634858,0.02096784,-0.3360481,0.5617196,-0.6217629,-4.815514,-0.6506118,0.20896,1.992902,-0.9816863,-0.01563455,0.1898619,-0.09334268,0.9082707,-0.4078376,-0.1660696,-0.4180908,-0.8930963,static,-15.545126428909013,7.072676433030527,-18.08002349980986,5.9857123255382945,0.28823139999999997,-0.63324941,-1.9886010000000005,-0.26610291932403446,0.11868880040872702,0.9566097616167811,-15.019981786090137,6.638644264320831,2.759208295567165,2.7581142345882066,3.128925599369067
05/05/2023 11:40:47.863280,3623,True,True,True,True,Eyes,0.262586,0.007754948,-2.784977,0.0942713,-0.2866656,-0.9533812,0.0,0.0,0.0,0.0,0.0,0.0,0.0,0.7832847,-1.147269,-2.486792,0.2745626,0.01157706,-2.835202,-0.02686031,0.972803,-0.2129311,-0.08714014,24.76902,190.0275,359.044,0.09322105,0.0007472435,-0.9956424,0.005967665,0.01970977,-0.3158852,0.5805997,-0.6238046,-4.820461,-0.6506125,0.2089607,1.992903,-0.9833706,-0.01514988,0.1809792,-0.08936929,0.9078777,-0.4095989,-0.1581016,-0.4189613,-0.8941342,static,-15.239863486495455,7.249602820059977,-18.080033204593253,5.985729249918951,0.30603710000000006,-0.6353816600000001,-1.9852589999999997,-0.26090274210798065,0.12182143800699828,0.9576477709173311,-14.727174427438523,6.808766516948736,3.1098027748133443,3.108687895061314,3.452398053884193
05/05/2023 11:40:47.873216,3624,True,True,True,True,Eyes,0.2629426,0.007810859,-2.787923,0.09747665,-0.285298,-0.9534691,0.0,0.0,0.0,0.0,0.0,0.0,0.0,0.7601666,-1.146277,-2.503996,0.2756478,0.01157901,-2.843534,-0.02545199,0.9735391,-0.2115064,-0.08269769,24.58414,189.5106,359.0816,0.09328594,0.000949745,-0.9956362,0.005609605,0.01852718,-0.2969321,0.5994144,-0.6180494,-4.827811,-0.6506119,0.2089601,1.992901,-0.9850266,-0.01457484,0.1717854,-0.08453918,0.9092345,-0.4076098,-0.1502523,-0.416029,-0.8968524,static,-14.924338394344726,7.189947030977923,-18.080034579747878,5.98571815097921,0.3237666,-0.62962841,-1.9842769999999996,-0.255650970662065,0.12100001013994927,0.959167112394763,-14.41798667638896,6.7486299846867706,3.379198096919707,3.3776597830437214,3.740672307554683
05/05/2023 11:40:47.892992,3625,True,True,True,True,Eyes,0.2633144,0.007848199,-2.791095,0.100871,-0.2838477,-0.9535489,0.0,0.0,0.0,0.0,0.0,0.0,0.0,0.7376018,-1.145512,-2.520726,0.2766387,0.01144051,-2.851956,-0.02440223,0.9742009,-0.2102419,-0.07832929,24.42228,188.9948,359.0807,0.09334712,0.001133699,-0.9956304,0.005273029,0.01741555,-0.2791162,0.6179729,-0.6127979,-4.834992,-0.6506119,0.2089601,1.992901,-0.9865381,-0.01460915,0.1628777,-0.08048154,0.9104058,-0.4058128,-0.1423562,-0.4134584,-0.8993258,static,-14.626441553738553,7.146085493610655,-18.080034579747878,5.98571815097921,0.34133420000000003,-0.62423841,-1.9830359999999998,-0.2506781368918649,0.1204275924432189,0.9605506997500202,-14.126408984902772,6.70397791150378,3.6445399788389627,3.6433167799610566,4.0183395112662055
05/05/2023 11:40:47.913243,3626,True,True,True,True,Eyes,0.2637109,0.007860496,-2.794482,0.1044425,-0.2823571,-0.953607,0.0,0.0,0.0,0.0,0.0,0.0,0.0,0.7156137,-1.141639,-2.538534,0.2776744,0.01100223,-2.860485,-0.02346978,0.9749344,-0.208484,-0.07407086,24.20442,188.489,359.0654,0.09340475,0.001300272,-0.9956248,0.004956647,0.01637062,-0.2623692,0.6360851,-0.6058294,-4.842826,-0.6506118,0.20896,1.992901,-0.9879252,-0.01487781,0.1542146,-0.07664816,0.9119672,-0.4030396,-0.1346423,-0.4099933,-0.9020957,static,-14.347162148344038,7.042443550843362,-18.080031981656617,5.985715307249363,0.35841069999999997,-0.61683163,-1.9823409999999995,-0.24604066753248544,0.11883564790426775,0.9619470655306359,-13.851368646610503,6.601283905803996,3.879604019357663,3.8795607706626196,4.273232769308248
05/05/2023 11:40:47.932971,3627,True,True,True,True,Eyes,0.2641206,0.00784777,-2.798078,0.1082016,-0.2808775,-0.9536248,0.0,0.0,0.0,0.0,0.0,0.0,0.0,0.6950564,-1.140096,-2.554576,0.2786101,0.01039663,-2.86898,-0.02281535,0.9755011,-0.2072879,-0.07006378,24.05518,188.0095,359.0295,0.09345935,0.001450286,-0.9956196,0.004659249,0.01538838,-0.2466271,0.6532175,-0.6010946,-4.849981,-0.6506122,0.2089604,1.992902,-0.9891412,-0.01546604,0.1461533,-0.07355954,0.9130223,-0.4012221,-0.1272359,-0.4076162,-0.9042457,static,-14.10898214997964,6.997822905145652,-18.080033892170224,5.985723700451922,0.3746074,-0.61149123,-1.9810009999999996,-0.24205795311537018,0.11820857585886517,0.9630341091315857,-13.617983603326833,6.556289241421951,4.096926508602982,4.097999114116125,4.498381688642018
05/05/2023 11:40:47.942768,3628,True,True,True,True,Eyes,0.2645555,0.007802273,-2.801879,0.1120945,-0.2793947,-0.9536107,0.0,0.0,0.0,0.0,0.0,0.0,0.0,0.6763185,-1.141313,-2.568836,0.279654,0.009805191,-2.877607,-0.02259655,0.9758919,-0.2067094,-0.06629842,23.98192,187.5506,358.953,0.09351096,0.001584485,-0.9956146,0.004379693,0.01446508,-0.2318295,0.6696741,-0.5984551,-4.856626,-0.6506118,0.20896,1.992901,-0.9901877,-0.01669456,0.138742,-0.07151259,0.9135212,-0.4004559,-0.1200583,-0.4064484,-0.9057513,static,-13.90620918182147,7.0167298471206925,-18.080031981656617,5.985715307249363,0.39002010000000004,-0.608260291,-1.9790190000000005,-0.23863612933416545,0.11862985575376345,0.9638359287622964,-13.420826277432404,6.573340719442874,4.297658236005471,4.299277584181998,4.696115567075734
05/05/2023 11:40:47.963510,3629,True,True,True,True,Eyes,0.2650852,0.00772772,-2.805887,0.1160959,-0.2780578,-0.9535228,0.0,0.0,0.0,0.0,0.0,0.0,0.0,0.6583846,-1.142033,-2.582969,0.2806426,0.0089701,-2.886277,-0.02253667,0.9762568,-0.2061203,-0.06268384,23.90855,187.1066,358.8616,0.09356009,0.001703268,-0.9956099,0.004116912,0.01359717,-0.2179197,0.6854882,-0.5959,-4.863358,-0.6506122,0.2089604,1.992902,-0.9911258,-0.01816234,0.1316816,-0.06984399,0.914013,-0.3996273,-0.1131005,-0.405278,-0.9071705,static,-13.724698128851765,7.021220021924732,-18.080033892170224,5.985723700451922,0.40484559999999997,-0.6048701,-1.9770809999999996,-0.23557682824703147,0.11879667236502942,0.9645677979725193,-13.244006890598987,6.57650590735088,4.4744702532899066,4.476740135748836,4.871979143624744
05/05/2023 11:40:47.982792,3630,True,True,True,True,Eyes,0.2656314,0.007617134,-2.810093,0.1202039,-0.2767883,-0.9533831,0.0,0.0,0.0,0.0,0.0,0.0,0.0,0.6410369,-1.14715,-2.594904,0.2815598,0.008212261,-2.895006,-0.02246253,0.976428,-0.2063447,-0.05920882,23.93008,186.682,358.7819,0.09360962,0.00180713,-0.9956052,0.003869897,0.01278134,-0.2048445,0.7007239,-0.5965543,-4.869133,-0.6506121,0.2089602,1.992902,-0.9919796,-0.01943123,0.1248964,-0.06830094,0.9138345,-0.4003016,-0.1063562,-0.4056216,-0.9078324,static,-13.570702022668808,7.117245504226757,-18.08003129408025,5.985718012995168,0.41916409999999993,-0.604766561,-1.9741269999999997,-0.23293553063423889,0.12049193555502136,0.9649988642439224,-13.096476767388864,6.668915972064834,4.647213508486942,4.649129482109624,5.030166515313698
05/05/2023 11:40:47.993040,3631,True,True,True,True,Eyes,0.2662071,0.007477796,-2.81449,0.1244618,-0.2756898,-0.9531549,0.0,0.0,0.0,0.0,0.0,0.0,0.0,0.6233467,-1.152843,-2.606726,0.2824572,0.007238571,-2.903927,-0.02189041,0.9765835,-0.2066192,-0.05580328,23.95412,186.2788,358.7651,0.09365944,0.001896277,-0.9956005,0.003637703,0.01201446,-0.1925538,0.7154558,-0.5981569,-4.874872,-0.6506119,0.2089604,1.992902,-0.9928136,-0.01969556,0.1180391,-0.06581569,0.9136586,-0.4011188,-0.09994716,-0.4060049,-0.9083892,static,-13.437829872280036,7.217592430678277,-18.08002609790007,5.985723700451922,0.43299859999999996,-0.605395471,-1.970945,-0.23064702937472548,0.12225033143891142,0.9653272363198818,-12.969655153184867,6.765670816344036,4.801364464036871,4.802862309672263,5.169546275658802
05/05/2023 11:40:48.013235,3632,True,True,True,True,Eyes,0.266796,0.007313108,-2.819076,0.128825,-0.2746573,-0.9528732,0.0,0.0,0.0,0.0,0.0,0.0,0.0,0.6055011,-1.159657,-2.617934,0.2833863,0.006440256,-2.912845,-0.02106781,0.9766995,-0.2070366,-0.0524415,23.99361,185.8877,358.7808,0.09370989,0.001971157,-0.9955958,0.003419441,0.01129359,-0.1810006,0.7299394,-0.6004344,-4.880308,-0.6506121,0.2089604,1.992902,-0.9936122,-0.01943923,0.1111628,-0.06286846,0.913384,-0.4022155,-0.09371556,-0.4066347,-0.9087717,static,-13.319059061817509,7.335205624975155,-18.08003129408025,5.985723700451922,0.44655310000000004,-0.606874656,-1.9674630000000004,-0.228586991394596,0.12429368484950239,0.9655562726316004,-12.857045173906176,6.879318979679775,4.947580170830769,4.948530899266145,5.298876912572071
05/05/2023 11:40:48.033189,3633,True,True,True,True,Eyes,0.2673868,0.007118108,-2.82385,0.1334613,-0.2737194,-0.952505,0.0,0.0,0.0,0.0,0.0,0.0,0.0,0.5860233,-1.165899,-2.629825,0.284238,0.005667884,-2.921968,-0.01997933,0.9768557,-0.2072782,-0.04888396,24.0112,185.4792,358.8227,0.09376071,0.002032301,-0.995591,0.003214275,0.01061598,-0.1701406,0.7450039,-0.6022251,-4.885836,-0.6506121,0.2089602,1.992902,-0.9944225,-0.01876868,0.1037877,-0.05929901,0.9132732,-0.4030085,-0.08722258,-0.4069151,-0.9092923,static,-13.194429071544734,7.431000393351835,-18.08003129408025,5.985718012995168,0.46076590000000006,-0.6078929839999999,-1.9638680000000002,-0.22643784874062706,0.1259728080647757,0.9658450993016642,-12.738135478081198,6.971699303306466,5.094234209703221,5.094894526466019,5.432127577094643
05/05/2023 11:40:48.042731,3634,True,True,True,True,Eyes,0.2679884,0.00689851,-2.828803,0.1382526,-0.2728488,-0.9520713,0.0,0.0,0.0,0.0,0.0,0.0,0.0,0.5639087,-1.170726,-2.642891,0.2851494,0.004766509,-2.931233,-0.01889104,0.9770743,-0.2072556,-0.0448792,23.99795,185.0156,358.8514,0.09381132,0.002080019,-0.9955862,0.003021418,0.009979021,-0.1599321,0.7619017,-0.6029803,-4.891327,-0.650612,0.2089602,1.992902,-0.9952581,-0.01831296,0.09553117,-0.05551882,0.9133765,-0.4033126,-0.07987008,-0.4067039,-0.9100621,static,-13.025251929831134,7.4923049438903755,-18.080028695990197,5.985718012995168,0.4767523,-0.607746809,-1.9600940000000002,-0.22355281213817968,0.12709302591494298,0.9663702770164165,-12.574870752602369,7.030225775878298,5.273722764797112,5.274521052763532,5.603370454322044
05/05/2023 11:40:48.062878,3635,True,True,True,True,Eyes,0.2685984,0.006656598,-2.833948,0.1432938,-0.2720388,-0.9515575,0.0,0.0,0.0,0.0,0.0,0.0,0.0,0.5397248,-1.17808,-2.655004,0.2859436,0.003962953,-2.940483,-0.0180896,0.9771835,-0.2077144,-0.04049835,24.04258,184.4988,358.8374,0.09386148,0.002114796,-0.9955815,0.002840133,0.009380279,-0.1503362,0.7803336,-0.6051281,-4.895785,-0.6506121,0.2089603,1.992902,-0.9960654,-0.01852953,0.08666357,-0.05217789,0.9130549,-0.404485,-0.07163369,-0.4074154,-0.9104294,static,-12.827139986676722,7.6009479261154285,-18.08003129408025,5.985720856723559,0.49438999999999994,-0.609091053,-1.955302,-0.22015459172346577,0.12902746879918833,0.9668938750806514,-12.384675758541881,7.134619917366082,5.494888898550388,5.495618761622007,5.810081215244138
05/05/2023 11:40:48.082818,3636,True,True,True,True,Eyes,0.2692098,0.006400021,-2.839284,0.1484601,-0.2711916,-0.9510072,0.0,0.0,0.0,0.0,0.0,0.0,0.0,0.5159003,-1.183622,-2.668071,0.2866332,0.003202975,-2.950177,-0.0176515,0.9773303,-0.207863,-0.03615369,24.05277,183.9767,358.7781,0.09391091,0.002137156,-0.9955769,0.002669725,0.008817462,-0.141316,0.7985781,-0.6056175,-4.901041,-0.6506121,0.2089604,1.992903,-0.9967629,-0.01947267,0.07800637,-0.04953272,0.9129628,-0.4050252,-0.06333001,-0.4075779,-0.9109721,static,-12.635417604857729,7.667036761737939,-18.080022812238024,5.9857207187382295,0.5119449,-0.608820475,-1.9508640000000002,-0.21688327890532424,0.13024040298333436,0.9674704442082066,-12.199562458038017,7.1976519163553885,5.697335064164357,5.698293560416209,6.004047901630686
05/05/2023 11:40:48.093042,3637,True,True,True,True,Eyes,0.2698065,0.006118031,-2.844813,0.1538004,-0.2702964,-0.9504132,0.0,0.0,0.0,0.0,0.0,0.0,0.0,0.4922219,-1.184196,-2.683296,0.2872134,0.002583854,-2.960098,-0.01709859,0.9776573,-0.2070631,-0.03191977,23.95161,183.4711,358.7326,0.09395907,0.002147842,-0.9955724,0.002509542,0.008288414,-0.1328371,0.8160989,-0.602393,-4.907635,-0.6506119,0.2089602,1.992901,-0.9973775,-0.02021432,0.06949416,-0.04665194,0.9136651,-0.4037818,-0.05533221,-0.405965,-0.912212,static,-12.462586404574854,7.625512887241919,-18.080034579747878,5.985720994709028,0.5288854999999999,-0.604976854,-1.947537,-0.2139813720358645,0.12962416692949258,0.968199104211961,-12.029964128576507,7.156103718875004,5.8499821231550415,5.851892125763371,6.162235648298686
05/05/2023 11:40:48.113043,3638,True,True,True,True,Eyes,0.2703998,0.005822507,-2.850534,0.1592629,-0.269304,-0.9497951,0.0,0.0,0.0,0.0,0.0,0.0,0.0,0.4681771,-1.180493,-2.700412,0.2877256,0.001681834,-2.970216,-0.01626695,0.9781284,-0.2055018,-0.02773492,23.76064,182.9794,358.7213,0.09400492,0.002147156,-0.9955682,0.002358969,0.007791109,-0.1248668,0.8331568,-0.5968035,-4.915194,-0.6506121,0.2089605,1.992902,-0.9979324,-0.02042318,0.0609424,-0.04322149,0.9150088,-0.401112,-0.04757085,-0.4029167,-0.9139997,static,-12.301737374843622,7.505703295252356,-18.08003129408025,5.985726544180255,0.5454312,-0.598485334,-1.9449779999999994,-0.21131634542526775,0.12767507699512293,0.9690430973836089,-11.869936192683806,7.038464210183509,5.971270511269669,5.974864847081204,6.298693337654254
05/05/2023 11:40:48.132927,3639,True,True,True,True,Eyes,0.2709797,0.005513472,-2.856455,0.1648466,-0.2681969,-0.9491554,0.0,0.0,0.0,0.0,0.0,0.0,0.0,0.4424905,-1.175589,-2.717136,0.2881866,0.0009364039,-2.979528,-0.015394,0.9786206,-0.2037662,-0.02332831,23.54929,182.4624,358.7109,0.09404795,0.002135787,-0.9955642,0.002217431,0.007323643,-0.1173748,0.8510079,-0.5903769,-4.921742,-0.6506118,0.2089601,1.992901,-0.9984376,-0.02062273,0.05193267,-0.03963681,0.9164847,-0.3981014,-0.03938556,-0.3995378,-0.9158701,static,-12.123023132262194,7.373924525049313,-18.080031981656617,5.98571815097921,0.5628213,-0.5913133039,-1.9422139999999999,-0.20835027770890532,0.1255276594208053,0.9699654223472537,-11.692170300957041,6.9090604073002995,6.110888204614541,6.116622545880393,6.454249590313202
05/05/2023 11:40:48.142894,3640,True,True,True,True,Eyes,0.2715388,0.005169468,-2.862523,0.1705145,-0.2669099,-0.9485167,0.0,0.0,0.0,0.0,0.0,0.0,0.0,0.4176411,-1.16422,-2.737653,0.2883778,0.0002647117,-2.990219,-0.01464747,0.979333,-0.2008148,-0.01912316,23.19672,181.9685,358.6903,0.0940873,0.002114363,-0.9955606,0.002084385,0.006884224,-0.1103323,0.8677129,-0.5790319,-4.931199,-0.6506119,0.2089601,1.992901,-0.9988396,-0.02100907,0.04333873,-0.03636992,0.9189178,-0.3927689,-0.03157303,-0.3938893,-0.9186156,static,-11.966633518177094,7.107245765135206,-18.080034579747878,5.98571815097921,0.5793351,-0.5792966117,-1.9409800000000001,-0.2058166112626425,0.12107804704750413,0.971071392153365,-11.53253088898196,6.648549083321538,6.205756163853114,6.215424098879273,6.580968730017118
05/05/2023 11:40:48.163045,3641,True,True,True,True,Eyes,0.2720847,0.004809952,-2.868781,0.1762851,-0.2655959,-0.9478303,0.0,0.0,0.0,0.0,0.0,0.0,0.0,0.3934416,-1.152086,-2.757799,0.2883615,-0.0008643568,-3.000733,-0.01398702,0.9800125,-0.1978702,-0.01508674,22.8458,181.4945,358.6666,0.09412216,0.002082711,-0.9955575,0.001959322,0.006471171,-0.1037124,0.8835469,-0.5681455,-4.940465,-0.6506121,0.2089601,1.992902,-0.9991537,-0.02144448,0.03510562,-0.03338535,0.9213035,-0.3874084,-0.02403516,-0.3882525,-0.9212397,static,-11.836172238497031,6.841053973865327,-18.08003129408025,5.985715169266746,0.5951854000000001,-0.5672811432,-1.9397319999999998,-0.20371446794833475,0.11661760873644163,0.9720600007499699,-11.39818003374785,6.388683514618411,6.28808115619744,6.3021726711222925,6.693991317036581
05/05/2023 11:40:48.182812,3642,True,True,True,True,Eyes,0.2725889,0.00440086,-2.875217,0.1820451,-0.2641127,-0.9471558,0.0,0.0,0.0,0.0,0.0,0.0,0.0,0.3723414,-1.146001,-2.774905,0.2880259,-0.00162302,-3.011493,-0.01396212,0.9804283,-0.1960431,-0.01152484,22.62723,181.063,358.5809,0.09415188,0.002041356,-0.9955548,0.0,0.0,0.0,0.8974195,-0.5606711,-4.949203,-0.6506122,0.2089604,1.992903,-0.9993447,-0.02285898,0.02807291,-0.03189643,0.9227443,-0.3840905,-0.01712421,-0.3847342,-0.9228688,static,-11.76002529722043,6.701431467153138,-18.080025410326947,5.9857207187382295,0.6093936,-0.55904808,-1.9377099999999996,-0.2024778328602871,0.11427842013122941,0.9725961217799772,-11.32018727550853,6.252328049554501,6.343718370212786,6.360396473889266,6.765093574947083
05/05/2023 11:40:48.193064,3643,True,True,True,True,Eyes,0.2730609,0.003959321,-2.88182,0.1876339,-0.2628487,-0.9464165,0.0,0.0,0.0,0.0,0.0,0.0,0.0,0.3551186,-1.134014,-2.793606,0.287484,-0.003258131,-3.022197,-0.01424872,0.9809778,-0.1934032,-0.008637883,22.31477,180.7083,358.4754,0.094175,0.001989599,-0.9955528,0.0,0.0,0.0,0.9084047,-0.5506945,-4.959562,-0.6506116,0.2089601,1.992901,-0.9994446,-0.02461416,0.02245864,-0.03129654,0.9247844,-0.3792022,-0.01143565,-0.3796945,-0.9250411,static,-11.744562081293742,6.445270220506356,-18.080026785473873,5.98571815097921,0.6209206999999999,-0.5474363689999999,-1.9373650000000002,-0.20231513733601728,0.10993273239095859,0.9731307674443944,-11.298209066051323,6.002984646730115,6.331031453748181,6.3521099740573534,6.781839699620538
05/05/2023 11:40:48.213165,3644,True,True,True,True,Eyes,0.2734868,0.00350095,-2.888587,0.1931817,-0.2616079,-0.9456438,0.0,0.0,0.0,0.0,0.0,0.0,0.0,0.3397897,-1.135954,-2.806081,0.2867996,-0.004452556,-3.032764,-0.01428025,0.9810473,-0.1931444,-0.006136089,22.2806,180.4039,358.4117,0.09419052,0.001927415,-0.9955515,0.0,0.0,0.0,0.9177468,-0.5500749,-4.967401,-0.6506122,0.2089603,1.992902,-0.9995171,-0.0256489,0.01755589,-0.0303895,0.9249827,-0.3787924,-0.006523285,-0.3791429,-0.9253153,static,-11.784267120844113,6.4706994164477125,-18.080033892170224,5.985720856723559,0.6309472,-0.545622344,-1.934637,-0.20298002384638547,0.1103491105723898,0.9729451386131401,-11.337599689509164,6.027990155938159,6.2940101842357965,6.314418693935817,6.7425666975469944
05/05/2023 11:40:48.233300,3645,True,True,True,True,Eyes,0.2738709,0.003029101,-2.895509,0.1984779,-0.2606218,-0.944819,0.0,0.0,0.0,0.0,0.0,0.0,0.0,0.3244916,-1.138511,-2.818339,0.2860844,-0.005318172,-3.043462,-0.01400153,0.9811106,-0.1929052,-0.003721581,22.24864,180.1176,358.3879,0.09419715,0.001855334,-0.995551,0.0,0.0,0.0,0.9265946,-0.5496168,-4.975327,-0.6506122,0.2089602,1.992902,-0.9995806,-0.02603828,0.0127045,-0.02890992,0.9251831,-0.3784184,-0.001900629,-0.3786268,-0.9255477,static,-11.821917784091092,6.490821289298749,-18.080033892170224,5.985718012995168,0.6405102,-0.5442986280000001,-1.9318650000000002,-0.20361189214352973,0.11067596909156939,0.9727760119513761,-11.374844618528737,6.047818099858671,6.258621052951429,6.278466894229205,6.705476837343136
05/05/2023 11:40:48.242817,3646,True,True,True,True,Eyes,0.2742232,0.002619247,-2.902583,0.2038298,-0.2598106,-0.9439025,0.0,0.0,0.0,0.0,0.0,0.0,0.0,0.3072227,-1.134212,-2.8334,0.2853993,-0.006088138,-3.054092,-0.01327414,0.9814181,-0.191419,-0.001094338,22.07087,179.8186,358.4148,0.09419387,0.001773949,-0.9955515,0.0,0.0,0.0,0.9360954,-0.5446746,-4.984153,-0.6506123,0.2089605,1.992902,-0.9996455,-0.025636,0.00722985,-0.02647391,0.9263651,-0.3756951,0.002933839,-0.3757532,-0.9267154,static,-11.837298824618442,6.365676500726451,-18.080036490260124,5.985726544180255,0.6506961,-0.538586462,-1.9300610000000002,-0.20392124917509458,0.1085438372452628,0.972951398723283,-11.386465291452145,5.926156189802087,6.232286612422764,6.254289370624037,6.6938362708265
05/05/2023 11:40:48.262766,3647,True,True,True,True,Eyes,0.2745633,0.002429413,-2.909845,0.2092223,-0.2593858,-0.9428388,0.0,0.0,0.0,0.0,0.0,0.0,0.0,0.2845147,-1.150581,-2.84067,0.2849317,-0.004985355,-3.064797,-0.01226318,0.9810878,-0.1931593,0.002448204,22.2688,179.4093,358.4514,0.09418015,0.001686392,-0.9955529,0.0,0.0,0.0,0.9495246,-0.5506248,-4.98813,-0.6506122,0.2089605,1.992903,-0.9996875,-0.02500829,-6.631413e-05,-0.02311672,0.9250782,-0.3790725,0.0095413,-0.3789524,-0.9253673,static,-11.765386454608386,6.603661944769824,-18.080025410326947,5.985723562465166,0.6645929,-0.5456394450000001,-1.923333,-0.20260754613226115,0.11261552650564015,0.9727630195913551,-11.322778228536425,6.157235396074477,6.326562200367721,6.344802044619177,6.7594234802151565
05/05/2023 11:40:48.282761,3648,True,True,True,True,Eyes,0.2748809,0.002274188,-2.917289,0.2147233,-0.2583376,-0.9418894,0.0,0.0,0.0,0.0,0.0,0.0,0.0,0.2566499,-1.168594,-2.848606,0.2842865,0.0001571178,-3.07656,-0.01177372,0.9808097,-0.1944896,0.006897155,22.41746,178.8775,358.4021,0.09415607,0.001600873,-0.9955553,0.0,0.0,0.0,0.9664809,-0.5499743,-4.992436,-0.650612,0.2089602,1.992901,-0.9996276,-0.0257784,-0.008949861,-0.0204127,0.9240704,-0.3816769,0.01810932,-0.3813521,-0.9242525,static,-11.590740554519043,6.8217758811966664,-18.08003717783906,5.985720994709028,0.6821944,-0.5501314178000001,-1.9158759999999995,-0.1995540307905185,0.11639228016488753,0.9729496795221659,-11.15840897374456,6.3682986660803875,6.52715129169023,6.542931945133805,6.932193207805764
05/05/2023 11:40:48.292988,3649,True,True,True,True,Eyes,0.2751567,0.002173868,-2.924811,0.2205152,-0.2577607,-0.9407085,0.0,0.0,0.0,0.0,0.0,0.0,0.0,0.228466,-1.124745,-2.881193,0.2839947,0.0007016584,-3.088343,-0.01123499,0.9824302,-0.1859527,0.01125674,21.41485,178.3814,358.3835,0.09412138,0.001518398,-0.9955588,0.0,0.0,0.0,0.9829456,-0.5154001,-5.007647,-0.6506124,0.2089603,1.992902,-0.9994944,-0.02626162,-0.01793957,-0.01788874,0.9305907,-0.3656239,0.02629627,-0.3651181,-0.9305902,static,-11.405555371061276,5.861689265714598,-18.080039088349942,5.985720856723559,0.6989509,-0.5161017584,-1.9193040000000003,-0.19675853546364916,0.10013101914823302,0.9753255208361544,-10.952009511995621,5.432921461173034,6.641443393139615,6.675636054183882,7.149433041374888
05/05/2023 11:40:48.312963,3650,True,True,True,True,Eyes,0.2754271,0.002228006,-2.93251,0.2265912,-0.2574348,-0.9393528,0.0,0.0,0.0,0.0,0.0,0.0,0.0,0.1879922,-1.150472,-2.884,0.2839387,0.002003647,-3.097703,-0.008685687,0.9817499,-0.1891783,0.01742071,21.78648,177.686,358.5408,0.09407556,0.001440556,-0.9955633,0.0,0.0,0.0,1.006589,-0.5283031,-5.004314,-0.6506121,0.2089602,1.992901,-0.9992422,-0.02364558,-0.03091927,-0.0104631,0.9282724,-0.3717541,0.03749185,-0.3711488,-0.9278163,static,-11.09351283129231,6.3093890749911985,-18.080039775930164,5.985720994709028,0.7226503,-0.530306747,-1.9066109999999998,-0.19128818401816713,0.10786781579592826,0.9755886920248551,-10.659891492592989,5.866457031286314,6.966900852507423,6.994020286955442,7.421106685642171
05/05/2023 11:40:48.332797,3651,True,True,True,True,Eyes,0.2757157,0.002341402,-2.940334,0.232893,-0.2568062,-0.9379827,0.0,0.0,0.0,0.0,0.0,0.0,0.0,0.1435346,-1.176606,-2.888858,0.2839706,0.005804904,-3.109635,-0.006810998,0.9810752,-0.1919741,0.02431137,22.10783,176.8867,358.5961,0.09401904,0.001372144,-0.9955688,0.0,0.0,0.0,1.033189,-0.5359187,-5.002734,-0.650612,0.20896,1.992901,-0.9987251,-0.02269851,-0.04508751,-0.004029891,0.9261991,-0.3770133,0.05031765,-0.3763509,-0.9251096,static,-10.702196702733312,6.710056635408598,-18.08003717783906,5.985715307249363,0.7492184,-0.541723604,-1.8930990000000003,-0.1844756874271522,0.11483966241101329,0.976104857068304,-10.289228406538433,6.2537052650247515,7.390612903206867,7.413312379482473,7.795416597491326
05/05/2023 11:40:48.344394,3652,True,True,True,True,Eyes,0.2760203,0.002529442,-2.948246,0.2394604,-0.2564631,-0.9364216,0.0,0.0,0.0,0.0,0.0,0.0,0.0,0.1019273,-1.140441,-2.916675,0.2841808,0.007253807,-3.120444,-0.005894478,0.9822851,-0.184755,0.03077461,21.26004,176.1462,358.5888,0.09395319,0.001314212,-0.995575,0.0,0.0,0.0,1.058301,-0.5057623,-5.01152,-0.6506124,0.2089603,1.992902,-0.9980367,-0.02295164,-0.05828081,-0.0002085842,0.9316617,-0.363327,0.06263696,-0.3626014,-0.9298373,static,-10.337757814003355,5.905806687823701,-18.080039088349942,5.985720856723559,0.7741201999999999,-0.513016107,-1.891076,-0.17852853889601855,0.10124033720312575,0.9787124055099025,-9.912289340524019,5.46876597207862,7.704157528927076,7.742693691829011,8.184093003862351
05/05/2023 11:40:48.363177,3653,True,True,True,True,Eyes,0.2763796,0.002824576,-2.9563,0.2462041,-0.2560935,-0.9347725,0.0,0.0,0.0,0.0,0.0,0.0,0.0,0.05918127,-1.168971,-2.917344,0.2847607,0.009292025,-3.130449,-0.005364278,0.9813406,-0.1884795,0.03764859,21.68609,175.3139,358.4756,0.09387929,0.001268212,-0.995582,0.0,0.0,0.0,1.085546,-0.5169421,-5.006732,-0.6506125,0.2089603,1.992902,-0.9971079,-0.02472034,-0.07187006,0.003663602,0.9288934,-0.370329,0.07591428,-0.3695212,-0.9261165,static,-9.963083326703117,6.363933126272563,-18.08004168643969,5.985720856723559,0.8007852999999999,-0.526234125,-1.8762830000000004,-0.17197910859823454,0.10919184587412889,0.979030282144361,-9.55939754402315,5.912031147563104,8.093237201169858,8.125765043030398,8.520962784505834
05/05/2023 11:40:48.383318,3654,True,True,True,True,Eyes,0.2767863,0.003152541,-2.964433,0.2531146,-0.2553411,-0.9331312,0.0,0.0,0.0,0.0,0.0,0.0,0.0,0.02209929,-1.167039,-2.931068,0.2856572,0.01215502,-3.141954,-0.006538918,0.9813673,-0.1869544,0.0438592,21.49181,174.5404,358.1996,0.0937996,0.00123652,-0.9955896,0.0,0.0,0.0,1.110885,-0.504626,-5.010257,-0.6506122,0.2089602,1.992902,-0.9960675,-0.0292335,-0.08363901,0.00356518,0.9300106,-0.3675154,0.08852893,-0.3663683,-0.926249,static,-9.645933852730714,6.193144414659765,-18.080033892170224,5.985718012995168,0.8252278,-0.51678102,-1.868303,-0.166608482696233,0.10637256724634485,0.9802685371503522,-9.245630923263116,5.743753259653799,8.399549624467944,8.43665035351004,8.837715924315189
05/05/2023 11:40:48.393310,3655,True,True,True,True,Eyes,0.277235,0.003452454,-2.972607,0.2600842,-0.254949,-0.9313201,0.0,0.0,0.0,0.0,0.0,0.0,0.0,-0.01117215,-1.145436,-2.9505,0.2871054,0.0132076,-3.151982,-0.008271711,0.9819111,-0.1825536,0.04956444,20.95796,173.8308,357.8926,0.0937161,0.001218753,-0.9955975,0.0,0.0,0.0,1.134818,-0.4822725,-5.015983,-0.6506119,0.2089601,1.992902,-0.9949501,-0.0343405,-0.09431568,0.001852167,0.9332116,-0.3593227,0.1003558,-0.3576828,-0.9284353,static,-9.378124165054908,5.653313163714384,-18.08002609790007,5.985715169266746,0.8477126000000001,-0.4954801,-1.8640010000000005,-0.16217760214229937,0.09720480058783629,0.9819620992995112,-8.970014770955276,5.216729986518405,8.660515404758785,8.708248293551902,9.142409123876975
05/05/2023 11:40:48.412982,3656,True,True,True,True,Eyes,0.2777646,0.003719799,-2.980837,0.2672791,-0.2546082,-0.9293743,0.0,0.0,0.0,0.0,0.0,0.0,0.0,-0.04931292,-1.168441,-2.951005,0.2889436,0.01294343,-3.161086,-0.008769834,0.9809534,-0.1857942,0.0559832,21.31709,173.0272,357.6617,0.09363052,0.001212518,-0.9956055,0.0,0.0,0.0,1.161511,-0.4923037,-5.010942,-0.6506119,0.2089603,1.992902,-0.993578,-0.03800831,-0.106575,0.003597112,0.9308072,-0.3654929,0.1130926,-0.363529,-0.9246929,static,-9.07264413381049,6.024210506591886,-18.08002609790007,5.985720856723559,0.8725673999999999,-0.50524713,-1.849856,-0.15683728727862054,0.10364989723597019,0.9821704569098971,-8.682223934362035,5.575581485161384,8.964528188203724,9.00746419921574,9.406747568054838
05/05/2023 11:40:48.433045,3657,True,True,True,True,Eyes,0.2784037,0.003972505,-2.989105,0.2746064,-0.2543761,-0.9272993,0.0,0.0,0.0,0.0,0.0,0.0,0.0,-0.09133315,-1.176204,-2.957419,0.2913077,0.01244005,-3.170663,-0.008130757,0.9804212,-0.1864539,0.06279516,21.38207,172.2131,357.5774,0.0935456,0.001215518,-0.9956135,0.0,0.0,0.0,1.189696,-0.4941314,-5.007753,-0.6506122,0.2089603,1.992902,-0.9919816,-0.03935994,-0.1200994,0.00747367,0.9303377,-0.3666278,0.1261634,-0.3645855,-0.9225837,static,-8.735287470138466,6.11895274202057,-18.080033892170224,5.985720856723559,0.8983883000000001,-0.50657145,-1.8370900000000003,-0.15102412680477717,0.10537035987779556,0.9828980961090209,-8.355915879910992,5.665527024507126,9.302445887369903,9.345696144607695,9.729388223651778
05/05/2023 11:40:48.443005,3658,True,True,True,True,Eyes,0.2791294,0.00426313,-2.997439,0.2822167,-0.2541749,-0.9250669,0.0,0.0,0.0,0.0,0.0,0.0,0.0,-0.1403049,-1.181749,-2.963478,0.293848,0.01237406,-3.179924,-0.006215227,0.9798733,-0.1866709,0.07045555,21.40461,171.3269,357.631,0.09346484,0.001226293,-0.9956211,0.0,0.0,0.0,1.220696,-0.4955192,-5.002454,-0.6506123,0.2089604,1.992903,-0.9899951,-0.03848426,-0.1357546,0.01412372,0.9302307,-0.3667033,0.1403954,-0.3649517,-0.9203803,static,-8.329016086458216,6.193971285312077,-18.08002800841579,5.9857207187382295,0.926848,-0.50789326,-1.82253,-0.14402926046363485,0.10676977276906797,0.9837965759127495,-7.961896834145223,5.735824717467948,9.70886266080141,9.75323545294776,10.121216649750997
05/05/2023 11:40:48.462922,3659,True,True,True,True,Eyes,0.2799585,0.004567095,-3.005847,0.2898995,-0.2536741,-0.9228259,0.0,0.0,0.0,0.0,0.0,0.0,0.0,-0.1926065,-1.185241,-2.97006,0.2965296,0.01356776,-3.189833,-0.003590535,0.9793403,-0.1863409,0.07846485,21.37183,170.4172,357.7675,0.09339049,0.001245277,-0.9956281,0.0,0.0,0.0,1.252705,-0.4946388,-4.997061,-0.6506118,0.2089602,1.992901,-0.9876608,-0.03627514,-0.1523495,0.02220972,0.9305283,-0.3655458,0.1550257,-0.3644189,-0.9182406,static,-7.89322320282406,6.242744085373208,-18.080031981656617,5.985720994709028,0.9561754,-0.50820656,-1.8072280000000003,-0.13652827235167883,0.10772275059363512,0.984761773565098,-7.538392263568287,5.780389945200043,10.143906837016821,10.190050734203172,10.5436392571953
05/05/2023 11:40:48.483036,3660,True,True,True,True,Eyes,0.2808836,0.004824585,-3.014277,0.2978021,-0.2530673,-0.9204732,0.0,0.0,0.0,0.0,0.0,0.0,0.0,-0.2432656,-1.151782,-2.990678,0.2995209,0.01412928,-3.200003,-0.001059587,0.9798749,-0.1800799,0.086113,20.65433,169.586,357.9734,0.09332509,0.001272034,-0.9956342,0.0,0.0,0.0,1.283611,-0.4718884,-4.998327,-0.6506119,0.2089601,1.992901,-0.9851668,-0.03309096,-0.1683783,0.02893791,0.9351403,-0.353094,0.1691415,-0.352729,-0.9203116,static,-7.5064946975339515,5.612970491824853,-18.080034579747878,5.98571815097921,0.9840901000000001,-0.48601768,-1.7983239999999996,-0.13002281908907953,0.096977904046614,0.986757018548535,-7.144427559068161,5.165065584819105,10.52317897564591,10.580108055127486,10.966356347715712
05/05/2023 11:40:48.493304,3661,True,True,True,True,Eyes,0.2818962,0.005066639,-3.022726,0.3056831,-0.2527749,-0.9179667,0.0,0.0,0.0,0.0,0.0,0.0,0.0,-0.2930937,-1.137522,-3.001594,0.3026383,0.01322739,-3.208997,0.002178157,0.9796875,-0.1773481,0.09356993,20.35886,168.771,358.2323,0.09327082,0.001304198,-0.9956393,0.0,0.0,0.0,1.313514,-0.4654709,-4.99438,-0.6506118,0.2089601,1.992901,-0.9824798,-0.02892107,-0.1841112,0.03745672,0.9370859,-0.3470837,0.182566,-0.3478989,-0.9195845,static,-7.154829428546366,5.3888401009044,-18.080031981656617,5.98571815097921,1.0108757000000002,-0.47869829,-1.7853829999999995,-0.12400904932557164,0.09318948995140057,0.9878955636363974,-6.7955765570208415,4.944658193132761,10.879848102443905,10.941495063890851,11.332375746789507
05/05/2023 11:40:48.512876,3662,True,True,True,True,Eyes,0.2830217,0.005346442,-3.031197,0.3137697,-0.2526499,-0.9152686,0.0,0.0,0.0,0.0,0.0,0.0,0.0,-0.3445896,-1.155251,-2.999112,0.3060896,0.01318656,-3.217788,0.006079776,0.9784611,-0.1797841,0.101266,20.67427,167.9085,358.4986,0.09322932,0.001340672,-0.9956431,0.0,0.0,0.0,1.34398,-0.4790309,-4.983891,-0.6506119,0.2089601,1.992901,-0.9794166,-0.02451437,-0.2003557,0.04830967,0.9352815,-0.3505921,0.1959835,-0.3530548,-0.9148458,static,-6.7956423009590985,5.764731957066853,-18.080034579747878,5.98571815097921,1.0378904,-0.49221746,-1.7661029999999998,-0.11773834394422128,0.09974526399067762,0.9880225561346069,-6.455565644185428,5.308013118631077,11.228300537303202,11.286555896263824,11.644207235562513
05/05/2023 11:40:48.533003,3663,True,True,True,True,Eyes,0.2842838,0.005628172,-3.039654,0.3218171,-0.2526982,-0.9124568,0.0,0.0,0.0,0.0,0.0,0.0,0.0,-0.3939938,-1.166202,-2.998865,0.3098087,0.01438924,-3.226803,0.009175161,0.9774165,-0.1809562,0.1087556,20.83849,167.0603,358.6865,0.0932029,0.001382221,-0.9956456,0.0,0.0,0.0,1.373964,-0.4853761,-4.975066,-0.6506121,0.2089601,1.992901,-0.9761762,-0.02142407,-0.2159196,0.05729588,0.9343413,-0.3517434,0.2092784,-0.3557348,-0.9108544,static,-6.449052785921761,5.96573751843288,-18.080039775930164,5.98571815097921,1.0641553,-0.49976534,-1.7482630000000001,-0.11171900499381536,0.10328308729674322,0.9883579846409574,-6.123121371568218,5.501289973620154,11.573430589116812,11.631004152153917,11.96672755550108
05/05/2023 11:40:48.543059,3664,True,True,True,True,Eyes,0.319017,0.01321938,-3.250612,0.5209798,-0.2562994,-0.814181,0.0,0.0,0.0,0.0,0.0,0.0,0.0,-0.4434044,-1.177525,-2.996849,0.3138793,0.0147725,-3.235048,0.01198177,0.9762444,-0.1823975,0.1163383,21.03369,166.1913,358.8308,0.09319446,0.001428353,-0.9956464,0.0,0.0,0.0,1.404425,-0.4931259,-4.964605,-0.6506124,0.2089604,1.992903,-0.972644,-0.01904535,-0.2315201,0.0658339,0.9331752,-0.3533411,0.2227783,-0.3589169,-0.9063935,static,-18.326229961488053,5.002608774064341,-18.08003060650456,5.9857207187382295,1.0905457,-0.5078984,-1.7295569999999998,-0.3133471410806436,0.08280953770178924,0.9460212391123166,-17.675259157260612,4.642943777973792,0.973464276639153,1.0134708768162815,1.402458498056805
05/05/2023 11:40:48.563134,3665,True,True,True,True,Eyes,0.319222,0.0132641,-3.250938,0.5215096,-0.256187,-0.8138771,0.0,0.0,0.0,0.0,0.0,0.0,0.0,-0.4955904,-1.203472,-2.98746,0.3182038,0.01566183,-3.24305,0.01477386,0.9744933,-0.1862021,0.124392,21.50491,165.2463,358.9204,0.0937722,0.001753132,-0.9955916,0.1041998,0.02277361,-0.6328719,1.436285,-0.5091132,-4.949837,-0.6506119,0.2089604,1.992902,-0.9686168,-0.01753006,-0.2479402,0.07511815,0.9302211,-0.3592299,0.2369366,-0.3665808,-0.8997109,static,-17.467607518980536,5.606647350362171,-18.08002609790007,5.985723700451922,1.1180812,-0.52477503,-1.7067869999999994,-0.2988591208155913,0.09323327762829482,0.9497319398722922,-16.854538533741707,5.224969889280489,0.6992166899268217,0.7202467598005491,1.4424167674838853
05/05/2023 11:40:48.573089,3666,True,True,True,True,Eyes,0.319616,0.0133227,-3.251568,0.5225545,-0.2561137,-0.8132297,0.0,0.0,0.0,0.0,0.0,0.0,0.0,-0.5474572,-1.217995,-2.982031,0.3228722,0.01680374,-3.251338,0.01683464,0.9730206,-0.1881109,0.1325224,21.74851,164.2858,358.9453,0.09425414,0.002025835,-0.9955455,0.09794781,0.02140719,-0.5948995,1.468862,-0.5164559,-4.936852,-0.650612,0.2089602,1.992902,-0.964309,-0.01709691,-0.2642275,0.08261869,0.9286618,-0.3616095,0.2515604,-0.3705333,-0.8941044,static,-16.622475624525865,5.951742486906947,-18.080028695990197,5.985718012995168,1.1459898,-0.5332596399999999,-1.685514,-0.28464751175210273,0.09940133213760206,0.9534648116121733,-16.039989389067603,5.555137573118785,1.4504040959604312,1.4579490020258183,2.08498438579126
05/05/2023 11:40:48.593029,3667,True,True,True,True,Eyes,0.3201822,0.01339993,-3.252478,0.5241391,-0.2558996,-0.8122768,0.0,0.0,0.0,0.0,0.0,0.0,0.0,-0.598226,-1.221581,-2.979988,0.3276823,0.01720204,-3.259261,0.01842068,0.9718092,-0.1883897,0.1405597,21.79804,163.3361,358.9412,0.09466298,0.002256107,-0.9955062,0.09207094,0.02012276,-0.5592055,1.50131,-0.5176853,-4.925128,-0.6506122,0.2089603,1.992902,-0.9598076,-0.01715722,-0.2801349,0.08876277,0.92834,-0.3609792,0.2662539,-0.371336,-0.8895048,static,-15.816745157013372,6.093635236372852,-18.080033892170224,5.985720856723559,1.1736277,-0.53488734,-1.665867,-0.2711349219998387,0.10217724278582363,0.9571027459870952,-15.25837254021118,5.687853822698057,2.258376074247852,2.2658599718479944,2.837339873032219
05/05/2023 11:40:48.612749,3668,True,True,True,True,Eyes,0.3209428,0.01350813,-3.253665,0.5261988,-0.2557179,-0.8110013,0.0,0.0,0.0,0.0,0.0,0.0,0.0,-0.6494969,-1.236537,-2.97188,0.3327653,0.01775151,-3.266786,0.02017034,0.9701416,-0.1905509,0.1486911,22.06888,162.3611,358.9161,0.09501717,0.002452002,-0.9954713,0.08654668,0.0189154,-0.5256532,1.533736,-0.5260022,-4.910141,-0.6506121,0.2089604,1.992902,-0.9549685,-0.01753026,-0.2961898,0.09580261,0.926567,-0.3637243,0.2808158,-0.3757209,-0.8831629,static,-15.030890359395976,6.4448478540649905,-18.08003129408025,5.985723700451922,1.2009707,-0.54375371,-1.6433550000000001,-0.257810089703317,0.10845232523080972,0.9600895692083832,-14.501772717910395,6.024366812465635,3.079294495899897,3.0835134875654764,3.578467231656484
05/05/2023 11:40:48.633565,3669,True,True,True,True,Eyes,0.3219053,0.013629,-3.255088,0.5286558,-0.2552899,-0.8095371,0.0,0.0,0.0,0.0,0.0,0.0,0.0,-0.6991626,-1.241262,-2.967881,0.3380669,0.01861188,-3.274636,0.02104596,0.9687775,-0.1909608,0.1567203,22.12284,161.3909,358.82,0.09533248,0.002620307,-0.9954402,0.08135388,0.01778047,-0.494114,1.566305,-0.525955,-4.89744,-0.650612,0.2089602,1.992901,-0.9499917,-0.01907716,-0.3116921,0.1006326,0.9261822,-0.3634003,0.2956163,-0.3765936,-0.8779455,static,-14.273095658403253,6.570704423333782,-18.08003717783906,5.985720994709028,1.2282381,-0.54456688,-1.6228039999999995,-0.2450220694977287,0.11094114327046886,0.9631492368168869,-13.766452335077048,6.141797994869255,3.845969190093314,3.851624247531135,4.316407560192293
05/05/2023 11:40:48.643037,3670,True,True,True,True,Eyes,0.3230538,0.01374062,-3.256749,0.5315281,-0.2547888,-0.8078123,0.0,0.0,0.0,0.0,0.0,0.0,0.0,-0.7465522,-1.24243,-2.964413,0.3434794,0.01901599,-3.281824,0.02098712,0.9674931,-0.1908516,0.1645989,22.09874,160.4212,358.6259,0.09564044,0.002774938,-0.9954099,0.07647265,0.01671364,-0.4644671,1.598646,-0.5227124,-4.884854,-0.6506123,0.2089605,1.992903,-0.9449338,-0.02221814,-0.3265074,0.1034377,0.9262705,-0.3623861,0.3104857,-0.376204,-0.8729661,static,-13.550829524325247,6.5963565771273895,-18.08002800841579,5.985723562465166,1.2551666,-0.54172839,-1.60303,-0.23284117844309854,0.1117166543899434,0.9660768812467706,-13.063065039093047,6.161967464823754,4.561423520536184,4.570176319014789,5.020057703719576
05/05/2023 11:40:48.663099,3671,True,True,True,True,Eyes,0.3243546,0.01381617,-3.258627,0.534687,-0.2539704,-0.8059831,0.0,0.0,0.0,0.0,0.0,0.0,0.0,-0.7912533,-1.240761,-2.962348,0.348976,0.01889788,-3.289214,0.0204278,0.9663008,-0.190308,0.1721286,22.01331,159.4865,358.3907,0.09594738,0.002917292,-0.9953796,0.07188429,0.01571083,-0.4365991,1.629887,-0.517496,-4.873564,-0.6506118,0.2089601,1.992901,-0.939909,-0.02603609,-0.3404312,0.1049937,0.9267311,-0.3607571,0.3248809,-0.374822,-0.8683093,static,-12.882604612856362,6.568070375432889,-18.080031981656617,5.98571815097921,1.2809110000000001,-0.53639388,-1.5843500000000001,-0.22156288862397622,0.11154066445568331,0.9687458263590888,-12.410904337181526,6.130014135907118,5.217251680342375,5.229950799699754,5.670963725912731
05/05/2023 11:40:48.674392,3672,True,True,True,True,Eyes,0.3258304,0.01385996,-3.2607,0.5381452,-0.2532357,-0.8039101,0.0,0.0,0.0,0.0,0.0,0.0,0.0,-0.833357,-1.234547,-2.961638,0.3545253,0.01807274,-3.296039,0.02045694,0.9652427,-0.1892058,0.1791352,21.87531,158.635,358.2527,0.09625733,0.003047462,-0.995349,0.06757123,0.01476818,-0.4104032,1.659008,-0.5122253,-4.863115,-0.6506122,0.2089603,1.992902,-0.9349844,-0.028295,-0.353559,0.1072786,0.9275654,-0.3579298,0.3380767,-0.372588,-0.8642238,static,-12.302269794465035,6.496833389629412,-18.080033892170224,5.985720856723559,1.3044827,-0.53029804,-1.5670759999999997,-0.2117623373423403,0.1105822339425716,0.9710449561884967,-11.843262899814547,6.056853209144528,5.783244979737451,5.800327058884222,6.237176622691565
05/05/2023 11:40:48.693788,3673,True,True,True,True,Eyes,0.327447,0.01388511,-3.26298,0.5417805,-0.252382,-0.8017339,0.0,0.0,0.0,0.0,0.0,0.0,0.0,-0.8744828,-1.2364,-2.957197,0.3600955,0.01736086,-3.302794,0.02203445,0.963908,-0.1895172,0.1856862,21.93393,157.8583,358.2762,0.09657464,0.003165666,-0.9953177,0.06351696,0.01388208,-0.385779,1.685546,-0.5151609,-4.851412,-0.6506125,0.2089602,1.992902,-0.9300706,-0.02790308,-0.3663206,0.1128598,0.9271954,-0.3571712,0.349617,-0.3735372,-0.859208,static,-11.799137445366494,6.6561913951957035,-18.08004168643969,5.985718012995168,1.3254505,-0.5325217600000001,-1.5486179999999998,-0.20316009855881367,0.1134940533994242,0.9725456825825725,-11.35709517195717,6.208569542178328,6.299403939812563,6.316588687081871,6.7266390300544545
05/05/2023 11:40:48.713261,3674,True,True,True,True,Eyes,0.3292461,0.01387772,-3.265424,0.5456956,-0.2515392,-0.79934,0.0,0.0,0.0,0.0,0.0,0.0,0.0,-0.9159881,-1.235597,-2.953357,0.3659144,0.01692693,-3.309663,0.0243703,0.9625984,-0.1894446,0.192149,21.96769,157.1121,358.4005,0.09690215,0.003272503,-0.9952853,0.05970594,0.01304916,-0.3626322,1.711549,-0.5180303,-4.839926,-0.6506115,0.2089602,1.992901,-0.9249696,-0.02588559,-0.3791583,0.1197208,0.9270336,-0.3553528,0.360691,-0.3740837,-0.8543789,static,-11.33208467268697,6.8038981652588735,-18.080024187382385,5.985720994709028,1.3456346,-0.5349572300000001,-1.5302630000000002,-0.1951643112004565,0.11619338977587859,0.9738634813987235,-10.905784459937575,6.349188666443374,6.779811378742686,6.797359897518797,7.183440987106623
05/05/2023 11:40:48.733260,3675,True,True,True,True,Eyes,0.3312464,0.01385065,-3.268031,0.5497602,-0.2506263,-0.7968376,0.0,0.0,0.0,0.0,0.0,0.0,0.0,-0.9583246,-1.226842,-2.95145,0.3719811,0.01611877,-3.316014,0.0267353,0.9614301,-0.1882263,0.198767,21.87365,156.3589,358.554,0.09724377,0.003368095,-0.9952514,0.05612358,0.01226621,-0.3408743,1.738263,-0.5172675,-4.828426,-0.6506122,0.2089604,1.992902,-0.919554,-0.02341811,-0.3922658,0.1262346,0.9277122,-0.3513046,0.3721367,-0.372561,-0.8501253,static,-10.858417196015349,6.8299116618741715,-18.080033892170224,5.985723700451922,1.3662819,-0.5333862699999999,-1.5124120000000003,-0.1870928372399483,0.1168224330901657,0.975371093435668,-10.44474558205967,6.371358286837963,7.250835957999384,7.270790948747812,7.645020707148412
05/05/2023 11:40:48.745171,3676,True,True,True,True,Eyes,0.3334296,0.01378546,-3.27079,0.5540307,-0.2496692,-0.7941759,0.0,0.0,0.0,0.0,0.0,0.0,0.0,-0.9979596,-1.221437,-2.948964,0.3781286,0.01555393,-3.322799,0.0288777,0.9602088,-0.187475,0.2049839,21.83094,155.6442,358.6789,0.0976036,0.003452944,-0.9952155,0.05275617,0.01153024,-0.3204218,1.763565,-0.5176976,-4.817733,-0.6506119,0.2089602,1.992902,-0.9142955,-0.02140148,-0.4044824,0.132316,0.9280384,-0.3481913,0.382827,-0.3718692,-0.8456696,static,-10.442188334352643,6.897328512386935,-18.08002609790007,5.985718012995168,1.3854364000000001,-0.53325153,-1.4949339999999998,-0.1799742999338419,0.11812963435872076,0.9765524701528018,-10.040814908003604,6.434193619909709,7.6705567276655255,7.6920478030803,8.051710807384598
05/05/2023 11:40:48.763164,3677,True,True,True,True,Eyes,0.3357729,0.01368753,-3.273698,0.5584254,-0.2485947,-0.7914301,0.0,0.0,0.0,0.0,0.0,0.0,0.0,-1.034263,-1.207999,-2.950025,0.384607,0.01454414,-3.329185,0.03089475,0.9592776,-0.1855211,0.2107463,21.65115,154.9957,358.8334,0.09798475,0.003526944,-0.9951775,0.0495908,0.01083842,-0.3011965,1.787851,-0.5142571,-4.809013,-0.6506123,0.2089603,1.992902,-0.9092633,-0.01892248,-0.4157916,0.137469,0.9292549,-0.3429106,0.3928651,-0.3689544,-0.8423361,static,-10.089587350723356,6.832223586568022,-18.080036490260124,5.985720856723559,1.4032440000000002,-0.5288012400000001,-1.4798280000000004,-0.17398152868049732,0.11714808668516358,0.9777559045504469,-9.695338004013033,6.368509296488719,8.010570861629864,8.035162992942832,8.393431699542928
05/05/2023 11:40:48.783005,3678,True,True,True,True,Eyes,0.338303,0.01355323,-3.276725,0.5629604,-0.2476028,-0.7885229,0.0,0.0,0.0,0.0,0.0,0.0,0.0,-1.068269,-1.198226,-2.949822,0.3911476,0.01359421,-3.335447,0.03274149,0.9582698,-0.1841396,0.2161941,21.53489,154.3752,358.9609,0.09838934,0.00359017,-0.995137,0.04661535,0.01018812,-0.2831247,1.811013,-0.5126187,-4.800268,-0.650612,0.2089604,1.992902,-0.9043764,-0.01686941,-0.4264025,0.1423701,0.9300413,-0.3387537,0.4022865,-0.3670677,-0.8387057,static,-9.781393740815798,6.816187288536865,-18.080028695990197,5.985723700451922,1.4198654,-0.52621291,-1.4648210000000002,-0.16872300697519568,0.1169829733926415,0.9786968137344036,-9.394472806988519,6.350862460512095,8.313354417781284,8.340084645276528,8.693227675326929
05/05/2023 11:40:48.792806,3679,True,True,True,True,Eyes,0.3410233,0.01338802,-3.279869,0.5679939,-0.2467038,-0.7851879,0.0,0.0,0.0,0.0,0.0,0.0,0.0,-1.099062,-1.197517,-2.946362,0.3980755,0.01258916,-3.341318,0.03422099,0.957047,-0.1841729,0.221293,21.57199,153.7733,359.0135,0.09882015,0.003642584,-0.9950937,0.04381843,0.00957683,-0.2661372,1.833186,-0.5154292,-4.79055,-0.6506123,0.2089601,1.992901,-0.8997168,-0.01601017,-0.4361807,0.1470145,0.9298185,-0.3373784,0.4109704,-0.3676699,-0.8342196,static,-9.542458460544943,6.9304742602228915,-18.08004497211214,5.98571815097921,1.4351105,-0.52801836,-1.4492319999999999,-0.16460006964167545,0.11901901651805782,0.9791532895614913,-9.16463457463163,6.460477396952362,8.563049756950939,8.589700084895131,8.9280422768455
05/05/2023 11:40:48.813112,3680,True,True,True,True,Eyes,0.3439296,0.01319239,-3.283108,0.5730914,-0.2458654,-0.7817394,0.0,0.0,0.0,0.0,0.0,0.0,0.0,-1.128164,-1.19344,-2.944837,0.4051688,0.01164168,-3.34736,0.03552067,0.9559667,-0.1836307,0.2261546,21.54033,153.2028,359.0671,0.09927797,0.003684153,-0.9950484,0.04118932,0.00900222,-0.250169,1.854851,-0.5158702,-4.782201,-0.650612,0.2089606,1.992902,-0.8951849,-0.01514474,-0.4454379,0.150971,0.9300361,-0.3350234,0.4193471,-0.367156,-0.8302679,static,-9.33754915968262,6.969558721852022,-18.080028695990197,5.985729387908559,1.4496822,-0.5275118799999999,-1.4348409999999996,-0.16108284530535863,0.11975736966526787,0.9796481646706977,-8.965938560551114,6.497147116882946,8.770222038660522,8.797662678296117,9.12842741606775
05/05/2023 11:40:48.833750,3681,True,True,True,True,Eyes,0.3470306,0.01296591,-3.286437,0.5784759,-0.2450929,-0.7780071,0.0,0.0,0.0,0.0,0.0,0.0,0.0,-1.154139,-1.191961,-2.942668,0.4124671,0.01071585,-3.352888,0.03682622,0.9548835,-0.1835047,0.2305811,21.55745,152.681,359.1193,0.09976891,0.003715378,-0.9949996,0.03871796,0.008462086,-0.2351589,1.875162,-0.5179224,-4.774044,-0.650612,0.2089604,1.992902,-0.8909525,-0.01429595,-0.4538716,0.1549549,0.9299397,-0.3334683,0.4268405,-0.367434,-0.8263169,static,-9.204205634081776,7.048725088218829,-18.080028695990197,5.985723700451922,1.4626949,-0.52863825,-1.4211559999999999,-0.15877532477497613,0.12115671910836179,0.9798527388435101,-8.838086556294037,6.573290483823475,8.911973821260158,8.939250918097095,9.260600911302314
05/05/2023 11:40:48.843779,3682,True,True,True,True,Eyes,0.3503215,0.01272486,-3.289849,0.5838669,-0.2442826,-0.7742257,0.0,0.0,0.0,0.0,0.0,0.0,0.0,-1.176299,-1.187475,-2.943105,0.4201424,0.009705767,-3.358427,0.03786632,0.9540139,-0.182851,0.2344976,21.50879,152.2228,359.1682,0.1002918,0.003736134,-0.9949474,0.03639489,0.007954361,-0.2210493,1.894434,-0.5178038,-4.767969,-0.6506118,0.2089599,1.9929,-0.8871539,-0.01350622,-0.4612756,0.1580062,0.9302633,-0.3311256,0.4335801,-0.3666439,-0.8231527,static,-9.132750885617579,7.059987952138242,-18.080040463511068,5.985715445232119,1.4742916,-0.5275095670000001,-1.409542,-0.15754900689720666,0.12137347548890509,0.980023861950467,-8.768734685006189,6.583775224472508,8.983949350266046,9.011551043509426,9.330492527212238
05/05/2023 11:40:48.862944,3683,True,True,True,True,Eyes,0.3537793,0.01247637,-3.293347,0.5894662,-0.2434872,-0.7702231,0.0,0.0,0.0,0.0,0.0,0.0,0.0,-1.196598,-1.180745,-2.944907,0.4279271,0.009099197,-3.363819,0.03847161,0.9532819,-0.1817293,0.2382185,21.39575,151.7852,359.1856,0.1008509,0.003747131,-0.9948912,0.03421119,0.007477099,-0.2077864,1.913458,-0.514777,-4.762879,-0.6506122,0.2089603,1.992902,-0.8835438,-0.01323398,-0.4681616,0.1599311,0.9309888,-0.3281492,0.4401959,-0.3648078,-0.820453,static,-9.099958136021685,6.998853909208029,-18.080033892170224,5.985720856723559,1.4855309,-0.523876197,-1.39906,-0.15700801171120213,0.12033823284105545,0.9802383563476165,-8.735119931629455,6.52407529988462,9.008447343851037,9.037045931508993,9.360408240903867
05/05/2023 11:40:48.883283,3684,True,True,True,True,Eyes,0.3574388,0.01222251,-3.296916,0.5950059,-0.2426278,-0.7662243,0.0,0.0,0.0,0.0,0.0,0.0,0.0,-1.213191,-1.176783,-2.946757,0.4361544,0.008621085,-3.368933,0.03883698,0.9525906,-0.1809711,0.2414801,21.31773,151.3953,359.1752,0.1014459,0.003749087,-0.994831,0.03215852,0.007028473,-0.1953192,1.931497,-0.5125096,-4.758534,-0.6506119,0.2089604,1.992902,-0.8803584,-0.01341036,-0.4741199,0.1613933,0.9314823,-0.3260261,0.4460064,-0.3635395,-0.8178739,static,-9.11543128870772,6.9697746541974785,-18.08002609790007,5.985723700451922,1.4953426,-0.521130685,-1.3896009999999999,-0.1572823548932059,0.11983541527100831,0.9802559269722437,-8.749419673935453,6.495884252101243,8.989568680924455,9.018443123542221,9.34454279391929
05/05/2023 11:40:48.892883,3685,True,True,True,True,Eyes,0.4538042,0.004958779,-3.387616,0.7253681,-0.2154997,-0.6537591,0.0,0.0,0.0,0.0,0.0,0.0,0.0,-1.227688,-1.167572,-2.951711,0.4446059,0.008213166,-3.37421,0.03947823,0.9521289,-0.1793847,0.2443631,21.15479,151.0682,359.2325,0.1020792,0.003742755,-0.9947665,0.03022901,0.006606765,-0.1836,1.948649,-0.5080134,-4.756231,-0.6506119,0.2089602,1.992902,-0.8774564,-0.01249326,-0.4794938,0.1628467,0.9325252,-0.3223006,0.4511667,-0.3608887,-0.8162158,static,-18.84229292914146,7.757690682664814,-18.08002609790007,5.985718012995168,1.5040431,-0.5162265659999999,-1.3820209999999995,-0.32031305883304567,0.12787186042526888,0.9386417280746195,-18.25258547491249,7.32701733722979,1.8195620059513367,1.9289732668098236,1.3523537317533343
05/05/2023 11:40:48.912901,3686,True,True,True,True,Eyes,0.454157,0.004921326,-3.387793,0.7255146,-0.2154762,-0.6536043,0.0,0.0,0.0,0.0,0.0,0.0,0.0,-1.240228,-1.152678,-2.959245,0.4532708,0.006985355,-3.379122,0.04050333,0.9518598,-0.1770823,0.2469095,20.92321,150.7992,359.3658,0.105391,0.003498503,-0.9944223,0.3175113,-0.01558084,-0.4446838,1.964973,-0.5028158,-4.755157,-0.6506116,0.2089601,1.992901,-0.8747902,-0.01033961,-0.4843912,0.1645536,0.9340026,-0.3171137,0.4557015,-0.3571163,-0.815355,static,-18.563649609364347,7.594594735453675,-18.080026785473873,5.98571815097921,1.5117022000000002,-0.509801155,-1.3760349999999995,-0.3158450144761611,0.12539756677963612,0.9404878444905018,-17.976562727292585,7.166479739583208,1.586106319541032,1.6799925297030391,1.1852859319413092
05/05/2023 11:40:48.933026,3687,True,True,True,True,Eyes,0.4548723,0.004911683,-3.38817,0.7259088,-0.2154192,-0.6531852,0.0,0.0,0.0,0.0,0.0,0.0,0.0,-1.254719,-1.142344,-2.963407,0.461996,0.005667385,-3.383427,0.04234624,0.951325,-0.1756652,0.2496584,20.81635,150.5102,359.5622,0.1082076,0.003288571,-0.9941207,0.2984607,-0.01464599,-0.4180028,1.981339,-0.5025957,-4.751595,-0.650612,0.2089606,1.992902,-0.8717551,-0.007142537,-0.4898902,0.1682827,0.934697,-0.3130853,0.4601351,-0.3553736,-0.813625,static,-18.2859823570894,7.5770952929073845,-18.080028695990197,5.985729387908559,1.5193429999999999,-0.508263085,-1.3681679999999998,-0.3112870303313372,0.12530877688543982,0.942018056264365,-17.705415765265982,7.147611721047188,1.5202562914023396,1.604637764142704,1.2207806534858954
05/05/2023 11:40:48.943394,3688,True,True,True,True,Eyes,0.4559276,0.004881906,-3.388731,0.7264735,-0.2149392,-0.6527154,0.0,0.0,0.0,0.0,0.0,0.0,0.0,-1.267784,-1.132108,-2.969254,0.4712274,0.006291069,-3.388705,0.04321482,0.950918,-0.1737952,0.2523547,20.63056,150.2132,359.6615,0.1106962,0.003103461,-0.9938475,0.280553,-0.01376723,-0.3929226,1.998579,-0.496736,-4.749872,-0.6506127,0.2089601,1.992901,-0.8688993,-0.005528606,-0.4949583,0.1699036,0.9358554,-0.308719,0.4649162,-0.3523409,-0.8122247,static,-18.02044255243279,7.473285558606382,-18.08005536447517,5.98571815097921,1.5273516,-0.503027069,-1.361167,-0.30697709933632905,0.12378402323585416,0.9436326485294206,-17.44376452742429,7.044845570302472,1.419619673935702,1.488761391087983,1.235563401722982
05/05/2023 11:40:48.963276,3689,True,True,True,True,Eyes,0.4572999,0.004815108,-3.389446,0.7272543,-0.2143343,-0.6520445,0.0,0.0,0.0,0.0,0.0,0.0,0.0,-1.280283,-1.09492,-2.985016,0.4804349,0.006033991,-3.393735,0.04296036,0.9512624,-0.1677723,0.2551608,19.94479,149.9279,359.7632,0.1129632,0.002935964,-0.993593,0.2637198,-0.0129412,-0.3693472,2.017622,-0.4748206,-4.751842,-0.6506124,0.2089604,1.992903,-0.8660951,-0.003884652,-0.4998647,0.1673509,0.9400138,-0.2972673,0.4710345,-0.3411145,-0.8134912,static,-17.763917570760878,6.874303545348214,-18.08003060650456,5.9857207187382295,1.5371870999999997,-0.480854591,-1.358107,-0.3031045099083285,0.11406097682820228,0.9461066476055746,-17.17755461594157,6.460344370832295,0.9131065204592206,0.9431367298081847,1.0196717730082359
05/05/2023 11:40:48.983217,3690,True,True,True,True,Eyes,0.4589933,0.004735182,-3.390313,0.7281719,-0.2136169,-0.6512552,0.0,0.0,0.0,0.0,0.0,0.0,0.0,-1.292828,-1.074462,-2.99333,0.4896706,0.005022816,-3.397955,0.04408221,0.9510418,-0.1646753,0.2577955,19.63059,149.6559,359.9357,0.1150397,0.002783219,-0.9933553,0.2478966,-0.01216472,-0.3471864,2.034821,-0.4669986,-4.75011,-0.650611,0.2089601,1.992901,-0.8631963,-0.001057023,-0.504867,0.1687531,0.9418776,-0.2904977,0.4758299,-0.3359545,-0.812847,static,-17.541136480027987,6.673065250607087,-18.080011196923788,5.98571815097921,1.5451504,-0.47202141599999997,-1.3521550000000002,-0.2995323885143323,0.1108684569112399,0.9476224801761932,-16.95495936743241,6.2630653172352115,0.8604698415918093,0.8734025394263433,1.1587333902464942
05/05/2023 11:40:48.993303,3691,True,True,True,True,Eyes,0.4610197,0.004726268,-3.391302,0.7293088,-0.2130271,-0.6501755,0.0,0.0,0.0,0.0,0.0,0.0,0.0,-1.307619,-1.056483,-2.999966,0.4990137,0.004579723,-3.402466,0.04535239,0.9506532,-0.1619177,0.2607383,19.36017,149.3436,0.1088591,0.1169537,0.002643346,-0.9931324,0.2330228,-0.01143484,-0.3263552,2.052847,-0.4601001,-4.747194,-0.6506125,0.2089601,1.992902,-0.8599176,0.001792498,-0.5104302,0.1706651,0.9434517,-0.2842049,0.4810568,-0.3315053,-0.8115966,static,-17.301890305107705,6.507696127867228,-18.08004168643969,5.985715169266746,1.5538333,-0.464679823,-1.3447280000000004,-0.2956580909876551,0.10826982612201753,0.949138551465034,-16.717280433220797,6.10057721579023,0.9343354517733893,0.9370078406344062,1.367593332466303
05/05/2023 11:40:49.013474,3692,True,True,True,True,Eyes,0.4633641,0.004828226,-3.392437,0.7305782,-0.2123407,-0.6489738,0.0,0.0,0.0,0.0,0.0,0.0,0.0,-1.324646,-1.048966,-3.00143,0.5086247,0.006278191,-3.406589,0.04632308,0.9499152,-0.1604654,0.2641331,19.22799,148.9551,0.1964573,0.1187303,0.002517146,-0.992922,0.2190415,-0.01074875,-0.3067739,2.072192,-0.4548441,-4.74122,-0.6506119,0.2089604,1.992903,-0.8561761,0.003237537,-0.5166745,0.1727744,0.94421,-0.2803862,0.4869415,-0.329328,-0.8089694,static,-17.012734068963148,6.462996827618393,-18.08001761605995,5.9857207187382295,1.5635672999999999,-0.46112229099999996,-1.3346310000000003,-0.290882597352172,0.10769421866758169,0.9506783589108375,-16.434200668059344,6.0551679753968966,1.169293442099999,1.1691392791328687,1.6472815022889833
05/05/2023 11:40:49.033837,3693,True,True,True,True,Eyes,0.4660212,0.004857456,-3.393674,0.7319877,-0.2114615,-0.6476713,0.0,0.0,0.0,0.0,0.0,0.0,0.0,-1.338324,-1.043444,-3.004267,0.5185442,0.00901987,-3.411236,0.04609432,0.9493209,-0.1589568,0.2672044,19.05254,148.5856,0.1557059,0.1203916,0.00240649,-0.9927223,0.205899,-0.01010383,-0.2883675,2.09137,-0.4456917,-4.73716,-0.6506121,0.2089604,1.992903,-0.8529546,0.002568705,-0.5219795,0.1724645,0.9452161,-0.2771687,0.4926714,-0.3264351,-0.8066694,static,-16.764917253292847,6.345470665842377,-18.080022812238024,5.9857207187382295,1.5728258,-0.45471157,-1.325924,-0.28682422245323413,0.10587927702600056,0.9521142346839371,-16.189456433422034,5.939173485823255,1.3638373749206143,1.3634231388714013,1.891139306767602
05/05/2023 11:40:49.043610,3694,True,True,True,True,Eyes,0.4689396,0.004940032,-3.394974,0.7334156,-0.2112534,-0.6461219,0.0,0.0,0.0,0.0,0.0,0.0,0.0,-1.346234,-1.004606,-3.020195,0.5280789,0.007241953,-3.415295,0.04533375,0.9497042,-0.1529472,0.2694701,18.35728,148.3542,0.2220272,0.1219577,0.002307702,-0.9925315,0.193545,-0.009497597,-0.2710654,2.109144,-0.4244732,-4.739104,-0.6506117,0.2089603,1.992902,-0.8506616,0.003677903,-0.525701,0.1685367,0.9491041,-0.2660771,0.4979663,-0.3149414,-0.8079862,static,-16.636207876350593,5.689389358594031,-18.080020901719582,5.985720856723559,1.5810651,-0.431715153,-1.3238090000000002,-0.28499842347591053,0.09502412274520942,0.9538061992392788,-16.046304583196086,5.299963175219612,1.4568024068687757,1.4739092268551832,2.1462212518681363
05/05/2023 11:40:49.063084,3695,True,True,True,True,Eyes,0.4721504,0.005205439,-3.396432,0.7349728,-0.2112366,-0.6443556,0.0,0.0,0.0,0.0,0.0,0.0,0.0,-1.361498,-1.049586,-3.002839,0.5372362,0.008719213,-3.418136,0.04956061,0.9475995,-0.159972,0.2720442,19.27752,148.0348,0.4181176,0.1234461,0.00222109,-0.9923477,0.1819323,-0.008927741,-0.2548015,2.122061,-0.4564683,-4.726015,-0.6506117,0.2089601,1.992901,-0.8470714,0.006888306,-0.5314345,0.1809661,0.9439054,-0.2762134,0.4997213,-0.3301441,-0.8008018,static,-16.461249510102046,6.678838494546891,-18.080029383565286,5.98571815097921,1.5848247999999998,-0.465187513,-1.3078790000000002,-0.2815967640861077,0.11159742741023163,0.9530211612668481,-15.902420707802683,6.261521376241239,1.7615016198142968,1.7609270539681767,2.1950050031427017
05/05/2023 11:40:49.084166,3696,True,True,True,True,Eyes,0.4756187,0.0055543,-3.397997,0.7366849,-0.2106752,-0.6425817,0.0,0.0,0.0,0.0,0.0,0.0,0.0,-1.375502,-1.050303,-3.00395,0.5476673,0.01339974,-3.423263,0.05029056,0.9468349,-0.1592306,0.2749916,19.21956,147.6887,0.4647694,0.1248714,0.002150809,-0.9921697,0.1710164,-0.008392077,-0.2395134,2.140661,-0.450318,-4.721706,-0.6506121,0.2089603,1.992902,-0.8437012,0.007659556,-0.5367588,0.1828078,0.944233,-0.2738712,0.5047276,-0.3291891,-0.7980508,static,-16.26004301001252,6.679966069565715,-18.08003129408025,5.985720856723559,1.5929937,-0.46371774,-1.2984430000000002,-0.2782441086459288,0.11172988754052186,0.9539898171322136,-15.706311193224938,6.261284198135598,1.9488546126466755,1.9479049693704387,2.3896615392843232
05/05/2023 11:40:49.093347,3697,True,True,True,True,Eyes,0.4793172,0.005953273,-3.399635,0.7384546,-0.2104998,-0.640605,0.0,0.0,0.0,0.0,0.0,0.0,0.0,-1.389577,-1.003663,-3.019839,0.55725,0.01562824,-3.427378,0.04943048,0.947203,-0.1515401,0.2782063,18.33559,147.3544,0.5627221,0.1262466,0.002097653,-0.9919959,0.1607554,-0.007888553,-0.2251426,2.16163,-0.4190267,-4.721849,-0.650612,0.2089601,1.992902,-0.8403158,0.009322575,-0.5420171,0.1779602,0.9491845,-0.2595747,0.5120544,-0.3145822,-0.7992737,static,-16.057819660097497,5.844650270130032,-18.080028695990197,5.985715169266746,1.6043800000000001,-0.43465494,-1.2944709999999997,-0.2752786082847112,0.09789726358102671,0.95636705385034,-15.486665581047868,5.4471940447582305,2.013728111409059,2.027123254914347,2.6486859473114777
05/05/2023 11:40:49.112992,3698,True,True,True,True,Eyes,0.4832409,0.006421831,-3.401391,0.740316,-0.2103833,-0.6384913,0.0,0.0,0.0,0.0,0.0,0.0,0.0,-1.407588,-1.005206,-3.016543,0.5664427,0.01754622,-3.43076,0.05209929,0.946084,-0.1517274,0.2814067,18.44631,146.9998,0.7964722,0.1275835,0.002061316,-0.9918249,0.1511101,-0.00741524,-0.211634,2.178572,-0.4234137,-4.713416,-0.6506119,0.2089601,1.992901,-0.8361919,0.01318643,-0.5482784,0.1839748,0.9485289,-0.2577714,0.5166588,-0.3164158,-0.7955782,static,-15.851951043446384,6.03800522468444,-18.080034579747878,5.98571815097921,1.6121292999999999,-0.44095992,-1.2826559999999998,-0.2717494386726069,0.10122969037474609,0.9570291768375383,-15.29119249630619,5.633960163392179,2.219996111018504,2.228696969714462,2.810938250514702
05/05/2023 11:40:49.133571,3699,True,True,True,True,Eyes,0.4873614,0.006935067,-3.403218,0.7422742,-0.2104552,-0.6361899,0.0,0.0,0.0,0.0,0.0,0.0,0.0,-1.430397,-0.9973021,-3.015522,0.5756059,0.0193899,-3.435451,0.05669824,0.9449284,-0.1507559,0.2849004,18.49451,146.6524,1.283991,0.1288918,0.002042127,-0.9916558,0.1420435,-0.006970325,-0.198936,2.195707,-0.4284934,-4.705603,-0.6506115,0.2089599,1.992901,-0.8312341,0.02125072,-0.5555162,0.1930524,0.9481159,-0.2526004,0.5213257,-0.3172138,-0.7922088,static,-15.636712757423785,6.224942846097704,-18.080024187382385,5.985712463519486,1.6201011,-0.44788330000000004,-1.270152,-0.2680621985921497,0.10446369038273211,0.9577212345626744,-15.086412712560264,5.814420183438035,2.4495588113082283,2.454995299326428,2.998508080262946
05/05/2023 11:40:49.143740,3700,True,True,True,True,Eyes,0.4916596,0.007466391,-3.40513,0.7443596,-0.2107214,-0.6336602,0.0,0.0,0.0,0.0,0.0,0.0,0.0,-1.455238,-0.9834197,-3.014005,0.5842941,0.02098438,-3.439072,0.06078191,0.9437679,-0.1489604,0.2888227,18.43801,146.2497,1.732531,0.1301796,0.002039651,-0.9914876,0.1335209,-0.006552106,-0.1869998,2.213875,-0.4298453,-4.695987,-0.650612,0.2089602,1.992902,-0.8257741,0.02868175,-0.5632712,0.2007743,0.9482327,-0.2460577,0.5270548,-0.3162785,-0.7887846,static,-15.38334969623895,6.28236551098884,-18.080028695990197,5.985718012995168,1.6295808999999997,-0.45082968,-1.2569149999999998,-0.2637940362347684,0.10555232363237751,0.9587864126159359,-14.840977329252894,5.868611367687043,2.7074706777996056,2.712946251912355,3.2411676480457037
05/05/2023 11:40:49.163027,3701,True,True,True,True,Eyes,0.4961248,0.008009587,-3.407136,0.7465416,-0.2105746,-0.631137,0.0,0.0,0.0,0.0,0.0,0.0,0.0,-1.485314,-0.9799789,-3.006642,0.5927798,0.0219517,-3.443042,0.06520979,0.942059,-0.1489562,0.2934022,18.5974,145.7529,2.143829,0.131453,0.002052717,-0.9913195,0.1255096,-0.00615898,-0.1757798,2.23275,-0.4387743,-4.682738,-0.650612,0.2089604,1.992903,-0.819326,0.0354548,-0.5722311,0.2102711,0.9471195,-0.2423856,0.5333775,-0.3189164,-0.7834547,static,-15.04397977913285,6.568267660111202,-18.080020214149023,5.9857207187382295,1.6399701999999998,-0.460726,-1.2396959999999995,-0.25797044030515026,0.11051528813988723,0.9598112098120362,-14.517859094918444,6.144539142120678,3.0890624930419004,3.091424018467251,3.5656998094292427
05/05/2023 11:40:49.172933,3702,True,True,True,True,Eyes,0.5007433,0.008542945,-3.409221,0.7489118,-0.2103679,-0.6283919,0.0,0.0,0.0,0.0,0.0,0.0,0.0,-1.516089,-0.9594898,-3.004324,0.6013983,0.02273427,-3.44716,0.06767416,0.9407289,-0.1461887,0.2984601,18.38761,145.1869,2.419667,0.1327176,0.00208008,-0.991151,0.117979,-0.005789441,-0.1652331,2.254642,-0.433865,-4.670646,-0.6506118,0.2089602,1.992901,-0.8126837,0.04006311,-0.5813263,0.214589,0.9480982,-0.2346517,0.5417535,-0.3154439,-0.7791011,static,-14.670301647941551,6.4496558228884675,-18.080031981656617,5.985720994709028,1.6532437,-0.45659927,-1.2234859999999999,-0.2517555511911988,0.10871208418544269,0.9616656085728202,-14.150393604115413,6.026653664413486,3.435377415558658,3.441147551828393,3.929851557208466
05/05/2023 11:40:49.192878,3703,True,True,True,True,Eyes,0.505544,0.009096064,-3.411378,0.7513695,-0.2098181,-0.6256357,0.0,0.0,0.0,0.0,0.0,0.0,0.0,-1.547079,-0.9457186,-2.999122,0.6095995,0.02300692,-3.451149,0.06890514,0.9392441,-0.1443736,0.3036923,18.2435,144.5687,2.519346,0.1339789,0.002120014,-0.9909812,0.1109003,-0.005442074,-0.1553191,2.276658,-0.429779,-4.657183,-0.6506122,0.2089602,1.992901,-0.8060462,0.04174722,-0.5903783,0.2171278,0.9488167,-0.2293521,0.5505861,-0.313056,-0.7738547,static,-14.268469148476367,6.369343737038157,-18.080042374021186,5.985720994709028,1.6670585,-0.45278592,-1.2060339999999998,-0.24503596512760106,0.10755515342596177,0.9635294777524208,-13.756515004104058,5.945846537409957,3.8216833200159845,3.8308297876729345,4.323711240446963
05/05/2023 11:40:49.212848,3704,True,True,True,True,Eyes,0.5104969,0.009656971,-3.413623,0.7540479,-0.2089241,-0.6227058,0.0,0.0,0.0,0.0,0.0,0.0,0.0,-1.576762,-0.9380497,-2.992755,0.6181864,0.02405404,-3.455424,0.0685574,0.9377385,-0.1431112,0.3089754,18.10544,143.9126,2.42051,0.1352409,0.002171776,-0.9908096,0.1042463,-0.00511555,-0.1459999,2.29954,-0.4229539,-4.643638,-0.6506124,0.2089603,1.992902,-0.7996685,0.04014219,-0.5990989,0.2170135,0.9496382,-0.2260366,0.5598535,-0.3107668,-0.7681071,static,-13.866621276932712,6.265448388537255,-18.080039088349942,5.985720856723559,1.6813536,-0.44700794,-1.1882140000000003,-0.23831251004371318,0.10599055771409506,0.9653875789759159,-13.361985773927211,5.842093165267877,4.209468673178438,4.222693115255067,4.720238976099431
05/05/2023 11:40:49.233230,3705,True,True,True,True,Eyes,0.51558,0.01018823,-3.41593,0.7567972,-0.207741,-0.6197593,0.0,0.0,0.0,0.0,0.0,0.0,0.0,-1.604,-0.9172165,-2.991565,0.6266968,0.02474872,-3.459799,0.06577709,0.9367102,-0.1395469,0.3142834,17.62437,143.236,2.135486,0.1365078,0.002234388,-0.9906358,0.0979915,-0.004808616,-0.1372399,2.324035,-0.4027444,-4.632363,-0.6506124,0.20896,1.9929,-0.7937985,0.0355136,-0.6071429,0.2109427,0.9524001,-0.2200847,0.5704269,-0.3027753,-0.763505,static,-13.471725188939104,5.793187183203821,-18.080056052063778,5.985718288963392,1.6973382,-0.42749312,-1.172564,-0.23183975950664376,0.09818783699772028,0.9677858180005225,-12.96430462323941,5.379971715396254,4.58618208852109,4.612350980867828,5.151489259709942
05/05/2023 11:40:49.243851,3706,True,True,True,True,Eyes,0.5207911,0.01069652,-3.418294,0.7596849,-0.2065555,-0.6166148,0.0,0.0,0.0,0.0,0.0,0.0,0.0,-1.629394,-0.9144006,-2.984768,0.6348738,0.02456386,-3.463557,0.06314806,0.9353251,-0.1388095,0.3192352,17.45653,142.5816,1.77224,0.1377823,0.002305878,-0.9904591,0.09211201,-0.004520099,-0.1290056,2.346069,-0.3932244,-4.619359,-0.6506118,0.2089601,1.992901,-0.7882023,0.02950217,-0.6147086,0.2067537,0.9534885,-0.2193459,0.5796463,-0.2999822,-0.7576415,static,-13.11316203710479,5.618291787388836,-18.080031981656617,5.98571815097921,1.7111952,-0.41778825999999997,-1.155802,-0.2258409106335751,0.09537128854883486,0.9694845712294923,-12.610056476666681,5.207423455691427,4.948165215828339,4.980441665028668,5.525067841927645
05/05/2023 11:40:49.263238,3707,True,True,True,True,Eyes,0.5261109,0.01117528,-3.420712,0.7626234,-0.205272,-0.6134077,0.0,0.0,0.0,0.0,0.0,0.0,0.0,-1.654615,-0.9195145,-2.975451,0.6430788,0.02453431,-3.467335,0.06157432,0.9337173,-0.1393719,0.3239698,17.46747,141.9575,1.482671,0.1390666,0.002384656,-0.9902794,0.08658529,-0.004248893,-0.1212652,2.366568,-0.3904638,-4.605745,-0.6506121,0.2089602,1.992902,-0.7825047,0.02468148,-0.6221557,0.2052905,0.9535682,-0.2203714,0.5878288,-0.3001643,-0.7512384,static,-12.780060309094955,5.647691340471971,-18.08003129408025,5.985718012995168,1.7234892,-0.41499811000000003,-1.13841,-0.22018751891349186,0.09599601446822285,0.970722551686004,-12.286135017531516,5.233819810442626,5.27784367989536,5.31073954106423,5.842481062905299
05/05/2023 11:40:49.282955,3708,True,True,True,True,Eyes,0.5315391,0.01164918,-3.423172,0.7656673,-0.2041687,-0.6099744,0.0,0.0,0.0,0.0,0.0,0.0,0.0,-1.680471,-0.9246725,-2.965364,0.6509669,0.02433917,-3.471028,0.06026118,0.9320427,-0.1400145,0.3287264,17.49472,141.3325,1.218346,0.1403622,0.002469091,-0.9900964,0.08139017,-0.00399396,-0.1139893,2.386518,-0.3887066,-4.591684,-0.6506115,0.2089603,1.992901,-0.7766151,0.02027906,-0.6296487,0.2043849,0.9535291,-0.2213801,0.595899,-0.3006178,-0.7446699,moving,-12.457385942160089,5.69071962457441,-18.080024187382385,5.985723838438815,1.7355511000000001,-0.41304577000000003,-1.1206559999999999,-0.2146994411519364,0.09684621691215496,0.971866761054822,-11.97274568578881,5.2735458543909575,5.597159989375242,5.630371952440995,6.148662307932477
05/05/2023 11:40:49.293091,3709,True,True,True,True,Eyes,0.5370662,0.01212548,-3.425679,0.7687355,-0.2031865,-0.606433,0.0,0.0,0.0,0.0,0.0,0.0,0.0,-1.707117,-0.9415841,-2.950673,0.6589206,0.02474166,-3.474551,0.05995385,0.9300072,-0.1424874,0.3334509,17.75888,140.7048,0.9921256,0.1416706,0.002558462,-0.9899098,0.07650676,-0.003754322,-0.1071499,2.402182,-0.3948051,-4.578335,-0.6465312,0.20896,1.9929,-0.770432,0.01648991,-0.6373089,0.2065402,0.9522058,-0.2250453,0.6031382,-0.3050119,-0.7370157,moving,-12.134979239459403,5.9739020682864945,-17.973958746724666,5.985718288963392,1.7432613999999997,-0.41954676,-1.103784,-0.20912392425965026,0.10177425617011224,0.9725786298879717,-11.666090209221734,5.54693988899493,5.811213885813806,5.838991463372316,6.323110940881732
05/05/2023 11:40:49.313230,3710,True,True,True,True,Eyes,0.677523,0.02329053,-3.489043,0.8423325,-0.1801741,-0.5079501,0.0,0.0,0.0,0.0,0.0,0.0,0.0,-1.734675,-0.9546625,-2.936345,0.6668974,0.02532464,-3.478103,0.05928306,0.9279853,-0.1443169,0.338381,17.93683,140.0497,0.7443419,0.1429927,0.002652295,-0.9897195,0.07191636,-0.003529063,-0.1007209,2.418315,-0.3975741,-4.564967,-0.6420782,0.20896,1.9929,-0.7639678,0.01235945,-0.6451361,0.2076957,0.9513163,-0.2277273,0.610914,-0.3079683,-0.729342,moving,-18.682844282928283,7.224064788100315,-17.858050327858106,5.985718288963392,1.7514176000000004,-0.42289874,-1.0868640000000003,-0.31804471676155677,0.11922044884111226,0.9405498889879553,-18.08276897218285,6.806750368966316,1.4105642617812593,1.4878800758948882,0.8512297841952428
05/05/2023 11:40:49.333253,3711,True,True,True,True,Eyes,0.6778304,0.0233033,-3.489172,0.8424529,-0.1804504,-0.5076523,0.0,0.0,0.0,0.0,0.0,0.0,0.0,-1.76203,-0.966272,-2.921815,0.6746276,0.02509309,-3.481333,0.05895709,0.9259416,-0.1461135,0.3432303,18.12294,139.4077,0.5353788,0.1483206,0.003078993,-0.9889339,0.4889719,0.03017783,-0.2847698,2.433884,-0.4018911,-4.551286,-0.6377929,0.2089601,1.992901,-0.757434,0.008880416,-0.6528514,0.2094828,0.9503498,-0.2301135,0.6183937,-0.3110569,-0.7216876,moving,-18.095166202088464,7.3564825636064475,-17.74635581728222,5.98571815097921,1.7592564,-0.42698419,-1.0699530000000004,-0.3082835298298529,0.12180600452340813,0.9434641783192139,-17.513458337753864,6.931693621580497,1.3391776848783898,1.4144482173179678,0.9742231915480085
05/05/2023 11:40:49.343336,3712,True,True,True,True,Eyes,0.6784539,0.0233425,-3.489423,0.8427934,-0.1808107,-0.5069584,0.0,0.0,0.0,0.0,0.0,0.0,0.0,-1.791144,-0.9915572,-2.901006,0.6825551,0.02549026,-3.484349,0.05984943,0.9233919,-0.1500945,0.3481911,18.59462,138.7387,0.3630608,0.1528189,0.003443386,-0.9882475,0.4596336,0.02836716,-0.2676836,2.448421,-0.4157419,-4.534807,-0.6333361,0.2089601,1.9929,-0.7503618,0.006005804,-0.6609998,0.2150521,0.9477794,-0.2355141,0.6250676,-0.3188702,-0.7124692,moving,-17.512358364675723,7.7841613001907195,-17.630060258086353,5.985721132694636,1.7658659,-0.44123216,-1.050458,-0.29838662712805925,0.12927165600667578,0.9456502013710157,-16.956853546310978,7.3439534367001125,1.7249894316266614,1.8022876495653488,1.515916313133228
05/05/2023 11:40:49.363189,3713,True,True,True,True,Eyes,0.6793697,0.02338839,-3.489788,0.8432915,-0.1811124,-0.5060216,0.0,0.0,0.0,0.0,0.0,0.0,0.0,-1.820948,-1.004354,-2.883756,0.6906787,0.02620233,-3.487535,0.05977225,0.9210883,-0.1520135,0.3534341,18.80128,138.0417,0.1608472,0.1566383,0.003756304,-0.9876482,0.4320556,0.02666513,-0.2516226,2.464889,-0.4199452,-4.519122,-0.6290658,0.2089601,1.9929,-0.7430235,0.002657508,-0.6692604,0.2175645,0.9466383,-0.2377847,0.6329156,-0.3222868,-0.7039527,moving,-16.915786205483393,7.944841227378175,-17.51848226940654,5.985721132694636,1.7742103,-0.44614753,-1.0315870000000005,-0.28840634516580593,0.13234649520005734,0.9483176157537794,-16.379634552242464,7.496336337227484,1.9875134858578116,2.049730248315933,1.891806654776234
05/05/2023 11:40:49.382901,3714,True,True,True,True,Eyes,0.6805725,0.0234189,-3.490242,0.8440124,-0.1815014,-0.5046782,0.0,0.0,0.0,0.0,0.0,0.0,0.0,-1.852282,-1.010473,-2.867032,0.6988152,0.02642458,-3.490392,0.05958144,0.9187883,-0.153027,0.3589722,18.90349,137.3148,359.977,0.160092,0.00403876,-0.9870932,0.4061323,0.02506522,-0.2365252,2.482181,-0.4212983,-4.502685,-0.6247141,0.2089602,1.992901,-0.7351781,-0.0003794379,-0.6778739,0.2193503,0.9460655,-0.2384227,0.6414036,-0.323975,-0.6954433,moving,-16.31068590516122,8.004506177509564,-17.40462789540205,5.985720994709028,1.7833658000000003,-0.44772288,-1.0122929999999997,-0.27832235441698033,0.13374884313686916,0.9511296910002851,-15.791379484500553,7.550376701795053,2.2521197239467656,2.2961277604495502,2.2473802341822533
05/05/2023 11:40:49.392934,3715,True,True,True,True,Eyes,0.6820416,0.02343439,-3.490795,0.8449144,-0.1818861,-0.503028,0.0,0.0,0.0,0.0,0.0,0.0,0.0,-1.885722,-1.017282,-2.84794,0.7068073,0.02611661,-3.493038,0.06028654,0.9162516,-0.1544288,0.3646924,19.08457,136.5702,359.8689,0.1632289,0.004293665,-0.9865782,0.3817643,0.02356131,-0.2223337,2.498654,-0.4266736,-4.484916,-0.6198695,0.2089603,1.992901,-0.7267302,-0.002162748,-0.6869197,0.2231133,0.9450345,-0.2390192,0.6496798,-0.3269634,-0.6863027,moving,-15.702227699765402,8.166860722718692,-17.27771986513386,5.985723838438815,1.7918467000000002,-0.45279020999999997,-0.9918780000000003,-0.26809143102948224,0.13685624591110593,0.9536233103528107,-15.202618883886226,7.7043101575667325,2.6576813946470597,2.690638153134591,2.6943613378068916
05/05/2023 11:40:49.413080,3716,True,True,True,True,Eyes,0.6837714,0.02343949,-3.491414,0.8460339,-0.1823891,-0.5009601,0.0,0.0,0.0,0.0,0.0,0.0,0.0,-1.920588,-1.01979,-2.828829,0.7149549,0.02576748,-3.495579,0.06109082,0.913666,-0.1552489,0.3706484,19.20674,135.8026,359.7905,0.1660878,0.004523335,-0.9861,0.3588585,0.02214763,-0.2089937,2.516515,-0.4303981,-4.465711,-0.6160707,0.2089602,1.992901,-0.7177756,-0.003452305,-0.6962662,0.2267187,0.9443313,-0.2384049,0.6583292,-0.3289778,-0.6770354,moving,-15.0913517739336,8.271938206110299,-17.178084841950064,5.985720994709028,1.8015601,-0.45616558,-0.9701319999999996,-0.25783106985720755,0.1390072601638852,0.9561382152063831,-14.609957641617758,7.802497901125136,3.073142046641537,3.095358466294463,3.1457837886246303
05/05/2023 11:40:49.432936,3717,True,True,True,True,Eyes,0.6857377,0.02342522,-3.492104,0.8473164,-0.1828782,-0.4986086,0.0,0.0,0.0,0.0,0.0,0.0,0.0,-1.956287,-1.029149,-2.805664,0.7228316,0.02556375,-3.497831,0.06192676,0.9107912,-0.1571257,0.3767439,19.44358,134.9975,359.6605,0.1687033,0.004729972,-0.985655,0.3373269,0.02081877,-0.1964541,2.533451,-0.4373721,-4.444905,-0.611782,0.2089605,1.992902,-0.7084582,-0.005587568,-0.7057306,0.231197,0.9429532,-0.2395563,0.6668095,-0.3328784,-0.6667512,moving,-14.47444058172878,8.480934365610855,-17.06546379333376,5.985726544180255,1.8106193999999998,-0.46293585,-0.9470740000000002,-0.24738304883828843,0.14289628604557095,0.9583226660786102,-14.014214051690619,8.00175685758942,3.5806523196594533,3.5971465573707473,3.657116789283873
05/05/2023 11:40:49.443511,3718,True,True,True,True,Eyes,0.6879414,0.02339219,-3.492841,0.8487794,-0.1834871,-0.4958891,0.0,0.0,0.0,0.0,0.0,0.0,0.0,-1.990576,-1.042281,-2.781163,0.7307476,0.02511416,-3.499854,0.06224994,0.9078445,-0.159505,0.3827554,19.7103,134.1826,359.4476,0.1711058,0.004915314,-0.9852399,0.3170873,0.01956964,-0.1846668,2.550108,-0.4447984,-4.42371,-0.6075231,0.2089601,1.992901,-0.6992468,-0.009076277,-0.714823,0.2351293,0.9413662,-0.2419585,0.6751063,-0.3372644,-0.6561133,moving,-13.884686801110805,8.693502719098138,-16.953506723299785,5.98571815097921,1.8193603999999999,-0.46991256,-0.9238559999999998,-0.23736779142742676,0.1468288712416468,0.9602592355152588,-13.445040303012709,8.2046715955692,4.080235380530171,4.092646207793558,4.1512758293733985
05/05/2023 11:40:49.463233,3719,True,True,True,True,Eyes,0.6903543,0.02335251,-3.49366,0.8503879,-0.1839335,-0.4929592,0.0,0.0,0.0,0.0,0.0,0.0,0.0,-2.022106,-1.05777,-2.756903,0.7385451,0.02468836,-3.501749,0.06228,0.9049697,-0.1621512,0.3884047,19.99045,133.4006,359.1929,0.1733234,0.005080993,-0.9848514,0.2980621,0.01839547,-0.1735868,2.565691,-0.4522758,-4.40354,-0.6032155,0.2089599,1.9929,-0.6905262,-0.01323753,-0.7231865,0.2386835,0.9396564,-0.2451041,0.6827914,-0.3418635,-0.6456978,moving,-13.351561141153013,8.920269639759457,-16.84013339748509,5.985715445232119,1.8271459,-0.47696416,-0.9017909999999998,-0.22827877150685444,0.15096564932799383,0.9618201811958397,-12.93145141596349,8.42177684237836,4.548709615829554,4.558699892323235,4.605669328483941
05/05/2023 11:40:49.482661,3720,True,True,True,True,Eyes,0.6930071,0.02330912,-3.494527,0.8521813,-0.1842227,-0.4897439,0.0,0.0,0.0,0.0,0.0,0.0,0.0,-2.052768,-1.069009,-2.734468,0.746696,0.02451015,-3.503682,0.06130209,0.9022347,-0.1639024,0.3941454,20.12569,132.6021,358.8658,0.1753795,0.005228729,-0.9844865,0.2801784,0.01729174,-0.1631716,2.582421,-0.4539171,-4.384092,-0.5988152,0.2089602,1.992901,-0.6817832,-0.01858502,-0.7313186,0.2398205,0.9387561,-0.247433,0.6911284,-0.3440807,-0.635571,moving,-12.82774802428386,8.999222566090744,-16.72416374760246,5.985720994709028,1.835725,-0.47842725,-0.8804099999999999,-0.2194201245172721,0.15260915981808384,0.9636209379982532,-12.422956507236329,8.495123155957595,4.919495002337191,4.9257737676069215,4.979707113019501
05/05/2023 11:40:49.493521,3721,True,True,True,True,Eyes,0.6958928,0.02325569,-3.495438,0.8540844,-0.1841899,-0.4864297,0.0,0.0,0.0,0.0,0.0,0.0,0.0,-2.080425,-1.071317,-2.717479,0.7549859,0.02440064,-3.505707,0.05900292,0.8999532,-0.1639642,0.3996483,20.01591,131.8427,358.4841,0.1772963,0.005360197,-0.9841425,0.2633677,0.01625424,-0.1533813,2.599941,-0.4466872,-4.367589,-0.5943978,0.20896,1.9929,-0.6735997,-0.02485633,-0.7386781,0.2372558,0.9392688,-0.2479594,0.6999807,-0.342281,-0.6267938,moving,-12.347793047386453,8.842693113020449,-16.60761727011788,5.985718288963392,1.8449551,-0.47108784000000004,-0.8618819999999996,-0.21141782431523432,0.15024738250732936,0.9657785264950596,-11.95086833242799,8.339639665522228,5.127210907965724,5.129172209417935,5.217878545510289
05/05/2023 11:40:49.513204,3722,True,True,True,True,Eyes,0.6989976,0.02318369,-3.496394,0.8561617,-0.1839889,-0.4828409,0.0,0.0,0.0,0.0,0.0,0.0,0.0,-2.108714,-1.065128,-2.702979,0.7632867,0.02407931,-3.507716,0.05696275,0.8978124,-0.1628329,0.4051838,19.7884,131.1054,358.193,0.1790942,0.005476742,-0.9838163,0.2475656,0.01527898,-0.1441784,2.617773,-0.4365781,-4.35169,-0.5901718,0.2089601,1.9929,-0.6651629,-0.02967079,-0.7461088,0.2342382,0.9404814,-0.246226,0.7090072,-0.3385475,-0.6186233,moving,-11.887773915298851,8.599871314297065,-16.495980469196503,5.985721132694636,1.8544863,-0.46065741000000004,-0.8439739999999998,-0.20377602525664246,0.14639555715707253,0.9680102163501088,-11.495888138953477,8.100327285147939,5.298638389679491,5.298051416828389,5.428856462547937
05/05/2023 11:40:49.532976,3723,True,True,True,True,Eyes,0.7023159,0.02308795,-3.497392,0.8583223,-0.1836657,-0.4791137,0.0,0.0,0.0,0.0,0.0,0.0,0.0,-2.140081,-1.050546,-2.688997,0.7715237,0.02353658,-3.50977,0.05648017,0.8956056,-0.1608532,0.4108858,19.54431,130.3857,358.1139,0.1807906,0.005579326,-0.9835054,0.2327117,0.01436224,-0.1355277,2.635061,-0.4281778,-4.335379,-0.5857705,0.2089602,1.992902,-0.655966,-0.0310167,-0.7541532,0.2333525,0.9418724,-0.2417083,0.7178131,-0.3345359,-0.6105986,moving,-11.422762276493616,8.391629234887937,-16.379560165991652,5.985718012995168,1.8635373,-0.45171437999999997,-0.8256089999999996,-0.19600831409917063,0.143107630725626,0.9701036771364022,-11.036973190622167,7.894627319589739,5.510789651756769,5.50983249518184,5.673373804905776
05/05/2023 11:40:49.543305,3724,True,True,True,True,Eyes,0.7058373,0.02296859,-3.498434,0.8606339,-0.1833766,-0.4750604,0.0,0.0,0.0,0.0,0.0,0.0,0.0,-2.174101,-1.033944,-2.673259,0.7797343,0.02281973,-3.511916,0.05766171,0.8931709,-0.1590106,0.4166973,19.39642,129.672,358.2069,0.1824015,0.00566868,-0.9832074,0.218749,0.01350051,-0.127396,2.651451,-0.4248644,-4.317867,-0.5813605,0.2089604,1.992902,-0.6460773,-0.02951501,-0.7627014,0.2355221,0.9427815,-0.2359923,0.7260261,-0.3321022,-0.6021584,moving,-10.965606926277,8.308887080993282,-16.262785819503897,5.985723700451922,1.8717167,-0.44768412999999996,-0.8059509999999999,-0.18829421425404658,0.14192479569986688,0.9718038444814527,-10.589099329904695,7.81108890392658,5.784380852463794,5.784219248916563,5.9600903104161596
05/05/2023 11:40:49.563310,3725,True,True,True,True,Eyes,0.7095605,0.02283157,-3.499517,0.8630344,-0.1830843,-0.470799,0.0,0.0,0.0,0.0,0.0,0.0,0.0,-2.210242,-1.021931,-2.653371,0.7879975,0.02212027,-3.514037,0.05960473,0.8903587,-0.1580831,0.4227511,19.38397,128.9168,358.3282,0.1839398,0.005745409,-0.9829203,0.205624,0.01269048,-0.1197523,2.66751,-0.4264053,-4.297995,-0.5770704,0.2089604,1.992902,-0.6354578,-0.02752044,-0.7716453,0.2397988,0.942914,-0.2311054,0.7339553,-0.3318973,-0.5925826,moving,-10.48434668603669,8.366529096577695,-16.14905294997256,5.985723700451922,1.8795125000000001,-0.44852557,-0.7839580000000002,-0.180093440760004,0.14312600823882837,0.9731809868938517,-10.121511373162221,7.8639822241999635,6.1438393300444245,6.144683180677088,6.313407363873286
05/05/2023 11:40:49.583020,3726,True,True,True,True,Eyes,0.7134791,0.02267416,-3.500651,0.8655754,-0.1827912,-0.466226,0.0,0.0,0.0,0.0,0.0,0.0,0.0,-2.245854,-1.012993,-2.632232,0.796343,0.02154427,-3.516252,0.06082616,0.8874586,-0.1574434,0.4288695,19.36725,128.1344,358.3549,0.185419,0.005810329,-0.982642,0.1932866,0.01192905,-0.1125671,2.683735,-0.4267808,-4.277848,-0.5726715,0.2089604,1.992901,-0.6247423,-0.02708397,-0.7803612,0.2430068,0.9430235,-0.2272761,0.7420545,-0.331622,-0.5825652,moving,-10.00858078965687,8.401171707633292,-16.032307454973306,5.985726682168574,1.887392,-0.44832507,-0.7615959999999995,-0.17198618284811257,0.14392623337556812,0.974528640530517,-9.658659498548506,7.894533921499134,6.487754838712271,6.489965917436434,6.653340014561017
05/05/2023 11:40:49.593504,3727,True,True,True,True,Eyes,0.7175902,0.02250981,-3.501847,0.8682801,-0.1828966,-0.4611273,0.0,0.0,0.0,0.0,0.0,0.0,0.0,-2.280715,-1.005657,-2.610766,0.804826,0.02089754,-3.518653,0.06161478,0.8845279,-0.1569453,0.4349509,19.34428,127.3454,358.3282,0.1868488,0.005863988,-0.9823708,0.1816894,0.01121331,-0.1058131,2.699819,-0.4265231,-4.258101,-0.5680199,0.2089604,1.992902,-0.614043,-0.02752699,-0.7887927,0.245527,0.9431436,-0.2240462,0.7501121,-0.3312438,-0.5723721,moving,-9.562542387907508,8.394519543617626,-15.908690779735295,5.985723700451922,1.8949930000000001,-0.44742064,-0.7394479999999999,-0.16439264707550466,0.144002218456246,0.9758269845725971,-9.223673520933016,7.885103589306315,6.784005981357462,6.787922865291766,6.949611479260468
05/05/2023 11:40:49.613387,3728,True,True,True,True,Eyes,0.7218912,0.02233686,-3.503103,0.8710972,-0.1829105,-0.4557779,0.0,0.0,0.0,0.0,0.0,0.0,0.0,-2.314539,-0.9998276,-2.589435,0.8134516,0.02057947,-3.521334,0.06233341,0.8816058,-0.1565889,0.4408692,19.3332,126.5717,358.2897,0.1882399,0.005907342,-0.982105,0.170788,0.01054051,-0.09946433,2.715887,-0.4262206,-4.238607,-0.5639608,0.2089602,1.992901,-0.6034977,-0.02816346,-0.7968671,0.2479775,0.9431889,-0.2211376,0.7578241,-0.3310611,-0.5622285,moving,-9.150211809728061,8.40116650421491,-15.800709649002275,5.985720994709028,1.9024353999999999,-0.44680007,-0.717273,-0.157359399233584,0.14428293441515574,0.9769444873153733,-8.821905022434848,7.888836627690285,7.069882094603057,7.075556410600026,7.233641069910545
05/05/2023 11:40:49.633459,3729,True,True,True,True,Eyes,0.7263947,0.02214351,-3.504391,0.8740023,-0.1831937,-0.4500666,0.0,0.0,0.0,0.0,0.0,0.0,0.0,-2.346928,-0.9899003,-2.570518,0.8221857,0.02018934,-3.524079,0.06239228,0.8788813,-0.155448,0.4466666,19.20674,125.8189,358.2283,0.1895999,0.005941147,-0.9818432,0.1605407,0.009908076,-0.09349646,2.732149,-0.4218556,-4.220631,-0.559672,0.2089601,1.9929,-0.5931925,-0.02919605,-0.8045312,0.2485376,0.9438862,-0.2175036,0.7657361,-0.3289777,-0.5526501,moving,-8.775354279804782,8.270641291232021,-15.686492183874282,5.985721132694636,1.9099633000000003,-0.44204494,-0.6965520000000001,-0.15101040935903853,0.1421994983202539,0.9782510186568805,-8.452968727422304,7.759351801841651,7.270798378667313,7.279058130002581,7.447793454814645
05/05/2023 11:40:49.643332,3730,True,True,True,True,Eyes,0.7310764,0.02193397,-3.505739,0.8769948,-0.1835039,-0.4440792,0.0,0.0,0.0,0.0,0.0,0.0,0.0,-2.379075,-0.9849507,-2.549369,0.830918,0.0194943,-3.526839,0.062373,0.87598,-0.1550776,0.4524597,19.15545,125.0477,358.1159,0.1909375,0.005965793,-0.9815838,0.1509083,0.009313592,-0.08788668,2.747916,-0.4199094,-4.201938,-0.5553361,0.2089604,1.992901,-0.5827799,-0.03105771,-0.8120366,0.2496077,0.9441211,-0.2152472,0.7733459,-0.3281322,-0.5424626,moving,-8.40985958117399,8.206757559568684,-15.570875162730326,5.985726682168574,1.916998,-0.4394037,-0.6750990000000003,-0.14478709032920367,0.1412415261908861,0.9793300905048115,-8.094955701021119,7.694770177077965,7.48698004593872,7.497541084759545,7.668780963455313
05/05/2023 11:40:49.663077,3731,True,True,True,True,Eyes,0.7359408,0.02170561,-3.507154,0.8800622,-0.183978,-0.43777,0.0,0.0,0.0,0.0,0.0,0.0,0.0,-2.412247,-0.9875104,-2.523933,0.8397629,0.01892097,-3.5297,0.06267376,0.8727142,-0.1559155,0.4584022,19.24443,124.2324,357.9634,0.1922591,0.005981728,-0.9813257,0.1418538,0.008754776,-0.08261348,2.763175,-0.4222915,-4.181407,-0.5509831,0.2089608,1.992903,-0.5718793,-0.03355144,-0.8196517,0.2523365,0.9435247,-0.2146798,0.7805644,-0.3295989,-0.5311161,moving,-8.031797060355295,8.270495224270409,-15.454663991415018,5.985732093645801,1.9234121,-0.44121246999999997,-0.651707,-0.13829745839712576,0.14246435683197975,0.9800906454436684,-7.728131132792232,7.754278818471443,7.754382553083242,7.766536939928988,7.926352725766694
05/05/2023 11:40:49.683195,3732,True,True,True,True,Eyes,0.7409762,0.02144735,-3.508642,0.8832133,-0.1843669,-0.4312111,0.0,0.0,0.0,0.0,0.0,0.0,0.0,-2.445492,-0.9853674,-2.500157,0.8488094,0.01825666,-3.532896,0.06229853,0.8695467,-0.1558778,0.4644455,19.20533,123.4102,357.7879,0.1935707,0.005989294,-0.9810678,0.1333426,0.008229489,-0.07765666,2.779272,-0.4202073,-4.161562,-0.5466646,0.2089601,1.9929,-0.5608184,-0.03645052,-0.8271359,0.2531364,0.943642,-0.2132175,0.7882921,-0.3289545,-0.519985,moving,-7.6588061672817895,8.209149964182576,-15.339281712065379,5.985721132694636,1.9304626000000003,-0.43846396,-0.628666,-0.13193195303446342,0.14153885576460004,0.9811017337427708,-7.362879094114748,7.692117375939482,7.981120703712904,7.995832687263447,8.156885855681063
05/05/2023 11:40:49.692836,3733,True,True,True,True,Eyes,0.8712357,0.01468699,-3.54791,0.9475613,-0.1927266,-0.2549199,0.0,0.0,0.0,0.0,0.0,0.0,0.0,-2.478688,-0.9819043,-2.476407,0.8578362,0.01728644,-3.536162,0.06182983,0.8663629,-0.1556616,0.4704913,19.14134,122.5879,357.6133,0.1948776,0.005988482,-0.9808091,0.125342,0.00773572,-0.07299726,2.794973,-0.4176312,-4.142202,-0.5418695,0.2089601,1.9929,-0.5496302,-0.03934072,-0.8344814,0.253609,0.9438931,-0.2115381,0.7959832,-0.3278997,-0.5088149,moving,-17.602652964440626,6.763123583006633,-15.21099142717581,5.985721132694636,1.9371368000000002,-0.43491764,-0.6060400000000001,-0.3005003265458874,0.11232197346278532,0.9471448902066146,-17.01735416453877,6.351098600024333,2.4710941185855306,2.5148358750787305,1.8429452060670903
05/05/2023 11:40:49.713017,3734,True,True,True,True,Eyes,0.8716127,0.01464076,-3.548057,0.9477264,-0.1925202,-0.2544616,0.0,0.0,0.0,0.0,0.0,0.0,0.0,-2.510309,-0.9831235,-2.45238,0.8671186,0.01675696,-3.539799,0.06105649,0.8631706,-0.1559477,0.4763286,19.11012,121.7762,357.382,0.1996016,0.005781047,-0.9798598,0.5086001,-0.0130095,-0.1864229,2.810791,-0.4152357,-4.123006,-0.5378591,0.2089601,1.9929,-0.5387661,-0.04316037,-0.8413488,0.253969,0.9439049,-0.211053,0.8032624,-0.3273848,-0.4975826,moving,-16.86094844721558,6.757657242615545,-15.10357521904024,5.985721132694636,1.9436724,-0.43199266,-0.5832070000000003,-0.2882028477673526,0.11267730215023837,0.9509169294204893,-16.294179220551005,6.340861360486387,1.8783739877282037,1.9194389859819054,1.2424421394211578
05/05/2023 11:40:49.732923,3735,True,True,True,True,Eyes,0.872348,0.01454705,-3.548321,0.9479852,-0.1923922,-0.2535927,0.0,0.0,0.0,0.0,0.0,0.0,0.0,-2.540071,-0.9738309,-2.434048,0.8764369,0.0155826,-3.543516,0.05944773,0.8604271,-0.154478,0.4819418,18.85261,121.0233,357.1776,0.2035841,0.005601756,-0.9790412,0.4780841,-0.01222893,-0.1752375,2.827156,-0.4060123,-4.106658,-0.5337214,0.2089603,1.992901,-0.5283964,-0.04659793,-0.8477184,0.2511997,0.945205,-0.2085334,0.8109848,-0.3231348,-0.4877375,moving,-16.17886482790888,6.523497528374164,-14.992628131697963,5.985723838438815,1.9507191000000002,-0.4215949,-0.5631420000000005,-0.27697158505061137,0.10916601011416395,0.9546567335139242,-15.622959831063064,6.108504442371552,1.275059384875411,1.3024431047166969,0.6421784237473129
05/05/2023 11:40:49.743300,3736,True,True,True,True,Eyes,0.8734224,0.0144152,-3.548725,0.9483477,-0.1923233,-0.2522863,0.0,0.0,0.0,0.0,0.0,0.0,0.0,-2.570417,-0.9728366,-2.410952,0.8853784,0.01436398,-3.547118,0.05939744,0.8573024,-0.1547125,0.4874102,18.8549,120.2675,357.0336,0.207112,0.005439989,-0.9783019,0.449399,-0.01149519,-0.1647233,2.841211,-0.4062741,-4.088822,-0.5294748,0.2089601,1.9929,-0.5178064,-0.04897375,-0.8540948,0.25266,0.945072,-0.2073689,0.8173367,-0.3231725,-0.4769906,moving,-15.533125852215026,6.562630579640067,-14.878655832076717,5.985721132694636,1.9558326,-0.42063808,-0.5417040000000002,-0.2661654256077325,0.1101665148525137,0.9576112437738895,-14.994536011974194,6.142298099310148,0.8447139183249388,0.8724422715771639,0.19479364098344415
05/05/2023 11:40:49.763203,3737,True,True,True,True,Eyes,0.8748158,0.01425633,-3.549274,0.9487764,-0.1923667,-0.2506359,0.0,0.0,0.0,0.0,0.0,0.0,0.0,-2.600063,-0.9723487,-2.388248,0.8945002,0.01333307,-3.550944,0.06037028,0.8541793,-0.1552629,0.4925716,18.9485,119.5553,356.9804,0.2103102,0.005290661,-0.9776201,0.4224351,-0.01080548,-0.1548399,2.854116,-0.4102742,-4.071997,-0.5250893,0.2089604,1.992901,-0.5074577,-0.04982214,-0.8602354,0.2560903,0.9444978,-0.2057714,0.8227423,-0.3247181,-0.4665336,moving,-14.94676214524531,6.704875857472895,-14.760814582040446,5.985726682168574,1.9596158,-0.42360727,-0.5210529999999998,-0.2562736409333554,0.11285612617351379,0.9599933721555213,-14.426771537042686,6.276812073141611,0.7147605785937104,0.7428001296464025,0.44307500578265635
05/05/2023 11:40:49.783280,3738,True,True,True,True,Eyes,0.8765188,0.01407749,-3.549968,0.9493198,-0.1923618,-0.2485736,0.0,0.0,0.0,0.0,0.0,0.0,0.0,-2.63217,-0.9618142,-2.36666,0.9034763,0.01255866,-3.555004,0.0622093,0.8510683,-0.1545886,0.4979109,18.97044,118.8544,357.0873,0.2132193,0.005151785,-0.9769905,0.397089,-0.01015715,-0.1455495,2.866974,-0.4129133,-4.055175,-0.5207724,0.2089605,1.992901,-0.4964296,-0.048054,-0.8667459,0.2598315,0.9444647,-0.2011816,0.8282785,-0.3250803,-0.4563743,moving,-14.372390768587069,6.814558112005649,-14.6446988217036,5.985729525898303,1.9634977,-0.42547196,-0.5001710000000004,-0.2465764982431649,0.11499255263244458,0.9622768430869845,-13.869819734034666,6.379722264602498,0.8545956235969077,0.8724153259433365,0.8692915958746361
05/05/2023 11:40:49.793412,3739,True,True,True,True,Eyes,0.878544,0.01388918,-3.550756,0.9499677,-0.1922306,-0.2461881,0.0,0.0,0.0,0.0,0.0,0.0,0.0,-2.665652,-0.9425277,-2.346636,0.9125091,0.0118727,-3.559205,0.06382785,0.8480292,-0.1525815,0.5034793,18.84803,118.148,357.2511,0.2158754,0.00502176,-0.9764078,0.3732636,-0.009547723,-0.1368165,2.880597,-0.4109865,-4.038572,-0.51639,0.2089601,1.992901,-0.4848694,-0.0453875,-0.8734083,0.261899,0.9452898,-0.1945151,0.8344525,-0.3230591,-0.4464552,moving,-13.794702586016504,6.796123263491237,-14.526695318210699,5.98571815097921,1.9680879,-0.4228592,-0.4793670000000003,-0.23686253724281348,0.11496928168098344,0.9647165479672855,-13.306181475690373,6.3579545369934225,1.0860327089742614,1.0920484450658563,1.276014877208198
05/05/2023 11:40:49.813534,3740,True,True,True,True,Eyes,0.8808732,0.01381502,-3.551694,0.9507064,-0.1921427,-0.2433898,0.0,0.0,0.0,0.0,0.0,0.0,0.0,-2.699842,-0.9178631,-2.327327,0.9215144,0.01139811,-3.56353,0.06523526,0.8450227,-0.1497224,0.5091802,18.63091,117.4377,357.4463,0.2183119,0.004899435,-0.9758666,0.3508678,-0.00897486,-0.1286075,2.894594,-0.4058457,-4.022121,-0.5119778,0.2089602,1.992901,-0.4729599,-0.04222079,-0.8800718,0.2627218,0.9466551,-0.1866046,0.8410031,-0.3194706,-0.4366377,moving,-13.226805114869913,6.681052701636087,-14.407762030603987,5.985720994709028,1.9730796000000002,-0.41724381,-0.4585910000000002,-0.22733310702736625,0.11329611679951007,0.9672040732315623,-12.749482743346384,6.24222670861502,1.3703605628554205,1.3704544572798594,1.6780004099564476
05/05/2023 11:40:49.832888,3741,True,True,True,True,Eyes,0.8835086,0.01386851,-3.55279,0.9515895,-0.1916263,-0.2403264,0.0,0.0,0.0,0.0,0.0,0.0,0.0,-2.733547,-0.9082024,-2.302478,0.9310567,0.01405994,-3.568116,0.06721438,0.8416136,-0.1488224,0.5148015,18.64515,116.6949,357.575,0.220558,0.004787134,-0.9753618,0.3298157,-0.008436369,-0.1208911,2.907741,-0.4049138,-4.004249,-0.5076566,0.2089602,1.9929,-0.4609232,-0.04009086,-0.886534,0.266365,0.9466682,-0.1812977,0.8465219,-0.319706,-0.4256625,moving,-12.670335356910996,6.804415390837501,-14.291165489395834,5.985723976425849,1.9766843,-0.41897374,-0.4361329999999999,-0.21786972262785997,0.11563433374508587,0.9691034406709583,-12.210350509177449,6.358566461275356,1.8163632983079228,1.8158595624117428,2.113954233281788
05/05/2023 11:40:49.843634,3742,True,True,True,True,Eyes,0.8864061,0.01384734,-3.554004,0.9525998,-0.19069,-0.2370462,0.0,0.0,0.0,0.0,0.0,0.0,0.0,-2.763466,-0.8839136,-2.287942,0.9409443,0.01713218,-3.573101,0.06502586,0.83914,-0.1443194,0.5203729,18.05222,115.9984,357.5244,0.2226395,0.004687338,-0.9748893,0.3100268,-0.007930187,-0.1136376,2.924536,-0.3812881,-3.991399,-0.5030263,0.20896,1.9929,-0.4499678,-0.04106817,-0.8921002,0.2593313,0.9498872,-0.1745329,0.8545623,-0.3098837,-0.4167684,moving,-12.154811325415366,6.29849136365224,-14.166086953885106,5.985718288963392,1.9835916999999998,-0.39842028,-0.41829800000000006,-0.20933876866759527,0.10727735316207856,0.9719407417254173,-11.69417163305169,5.862891677646889,2.031304245645832,2.0354499870855736,2.4749649956753865
05/05/2023 11:40:49.863077,3743,True,True,True,True,Eyes,0.8895261,0.01392824,-3.555348,0.9535369,-0.1904479,-0.2334461,0.0,0.0,0.0,0.0,0.0,0.0,0.0,-2.78985,-0.8410984,-2.282216,0.9500488,0.01521174,-3.577204,0.06359394,0.8373346,-0.1379904,0.5251529,17.33039,115.4587,357.6926,0.2245793,0.004596721,-0.9744447,0.2914252,-0.007454375,-0.1068193,2.939952,-0.359951,-3.98183,-0.498865,0.2089599,1.992901,-0.4403408,-0.03843329,-0.8970078,0.2514309,0.953829,-0.1642952,0.8619064,-0.2978813,-0.4103466,moving,-11.777411128426124,5.652921291624994,-14.053553004778964,5.985712463519486,1.9899031999999999,-0.37516274,-0.40462599999999993,-0.20315857304657908,0.09644792814595457,0.9743841620404452,-11.308874573961303,5.232259452659126,2.2814065294273225,2.3003416714431655,2.846216985433514
05/05/2023 11:40:49.882942,3744,True,True,True,True,Eyes,0.8929615,0.01418471,-3.556839,0.9545872,-0.1898395,-0.2296177,0.0,0.0,0.0,0.0,0.0,0.0,0.0,-2.822236,-0.8550899,-2.246705,0.9587801,0.01790493,-3.581104,0.07053745,0.8330595,-0.1422264,0.5299132,18.16314,114.7585,357.9969,0.2263957,0.004517169,-0.9740247,0.2739397,-0.007007113,-0.1004102,2.94631,-0.3884736,-3.961359,-0.4946707,0.2089597,1.9929,-0.4284329,-0.03321153,-0.902963,0.268259,0.9495922,-0.1622087,0.8628339,-0.3117236,-0.3979272,moving,-11.337962402213325,6.619377555955641,-13.940028166094288,5.985709757769484,1.9875299,-0.40637852999999996,-0.380255,-0.19533545685827358,0.11305254263006141,0.974198762171369,-10.906540755012117,6.1696919970598945,2.675111871833692,2.678111483493455,3.039061588314447
05/05/2023 11:40:49.892894,3745,True,True,True,True,Eyes,0.8966383,0.01451026,-3.558421,0.9556913,-0.1885654,-0.2260471,0.0,0.0,0.0,0.0,0.0,0.0,0.0,-2.847999,-0.831346,-2.235899,0.9696995,0.0222959,-3.586176,0.06863263,0.8308868,-0.1376041,0.5347729,17.58213,114.16,358.0089,0.2281091,0.004452304,-0.9736252,0.2575033,-0.006586686,-0.09438556,2.962941,-0.3643853,-3.951166,-0.490344,0.20896,1.9929,-0.4186155,-0.033122,-0.9075595,0.2612258,0.9527094,-0.1552612,0.869783,-0.3020726,-0.3901666,moving,-10.93648695000267,6.1436452789626665,-13.822795612717604,5.985718288963392,1.9932414999999999,-0.3866812,-0.36499000000000015,-0.1886700120242943,0.10509943678742707,0.9764004287898373,-10.50235235889443,5.7041496183968405,2.8792591970651307,2.890625992866164,3.33236017232598
05/05/2023 11:40:49.913253,3746,True,True,True,True,Eyes,0.900559,0.01495224,-3.560097,0.9568058,-0.1874575,-0.2222213,0.0,0.0,0.0,0.0,0.0,0.0,0.0,-2.871291,-0.7953784,-2.229473,0.9790374,0.02418472,-3.590041,0.06547086,0.8291935,-0.1311718,0.5393939,16.748,113.6215,358.0292,0.2297343,0.004402555,-0.9732432,0.2420531,-0.006191485,-0.08872243,2.978772,-0.3341147,-3.942374,-0.4859421,0.2089601,1.9929,-0.4095357,-0.03293055,-0.9116996,0.2500826,0.957015,-0.1469045,0.8773479,-0.2881628,-0.3836965,moving,-10.594830495351403,5.400483501207216,-13.703404255080024,5.985721132694636,1.9997346000000003,-0.35829942,-0.35233300000000023,-0.18307393845599595,0.09252605986158476,0.9787353169771079,-10.149268564705064,4.978799233327152,3.13527954285928,3.163184140226797,3.6940184375586043
05/05/2023 11:40:49.933175,3747,True,True,True,True,Eyes,0.9047615,0.01550002,-3.561843,0.9579751,-0.1858267,-0.2185226,0.0,0.0,0.0,0.0,0.0,0.0,0.0,-2.894011,-0.8028187,-2.208109,0.9887556,0.02744758,-3.594047,0.06669946,0.8262895,-0.1323233,0.5434034,16.92767,113.0393,357.9882,0.2312867,0.004369516,-0.9728756,0.2275299,-0.005819995,-0.08339909,2.989244,-0.3368537,-3.929692,-0.4816772,0.2089601,1.9929,-0.4005278,-0.03358375,-0.9156689,0.254036,0.9560835,-0.1461853,0.8803654,-0.2911642,-0.3744065,moving,-10.2656333348251,5.693799123511272,-13.587612859338883,5.985721132694636,2.0004884,-0.36430127999999995,-0.33564499999999997,-0.17736051792710744,0.09763914447619726,0.9792904704479894,-9.83626674318751,5.2620076605550326,3.312540155378915,3.3347813152790797,3.8205181419436225
05/05/2023 11:40:49.943251,3748,True,True,True,True,Eyes,0.9091743,0.01608296,-3.563647,0.9591876,-0.1841078,-0.214624,0.0,0.0,0.0,0.0,0.0,0.0,0.0,-2.913253,-0.7832968,-2.200974,0.9994655,0.03043121,-3.597918,0.06275831,0.82457,-0.1277652,0.5475602,16.22622,112.5173,357.8261,0.23278,0.004354381,-0.9725195,0.2138781,-0.005470796,-0.07839514,3.005172,-0.3085817,-3.922023,-0.4769859,0.2089602,1.992901,-0.392479,-0.03642099,-0.9190398,0.2434155,0.9594749,-0.1419748,0.8869665,-0.2794305,-0.3677083,moving,-9.97209668433383,5.085038688326884,-13.460107514686422,5.985720994709028,2.0057065,-0.33901291,-0.32410499999999987,-0.1725073224233899,0.08730542013753714,0.9811314808503093,-9.533713595995819,4.667746769498089,3.5665040982913054,3.602422541802508,4.141693525968686
05/05/2023 11:40:49.963172,3749,True,True,True,True,Eyes,0.9138162,0.01667488,-3.565497,0.9603202,-0.1827194,-0.2107102,0.0,0.0,0.0,0.0,0.0,0.0,0.0,-2.932353,-0.7846653,-2.184697,1.00887,0.03184379,-3.601175,0.06093479,0.8221871,-0.1272353,0.5514586,16.04716,111.9614,357.6068,0.2342243,0.00435628,-0.9721726,0.2010455,-0.005142548,-0.07369144,3.017177,-0.2994289,-3.910923,-0.472937,0.2089601,1.992901,-0.3843608,-0.04013043,-0.9223105,0.2405296,0.9601963,-0.1420165,0.8912982,-0.2764285,-0.3594094,moving,-9.6745464468447,4.973041165385628,-13.349958350259765,5.98571815097921,2.0083070000000003,-0.33127269,-0.3097479999999999,-0.16743662473073762,0.0854632313552204,0.982171607629513,-9.24063729469895,4.5568017537528975,3.7737457434920887,3.8123703042747645,4.350669098878663
05/05/2023 11:40:49.983192,3750,True,True,True,True,Eyes,0.918689,0.01724315,-3.567382,0.9615068,-0.1811523,-0.2066116,0.0,0.0,0.0,0.0,0.0,0.0,0.0,-2.951338,-0.796567,-2.164435,1.018954,0.03269219,-3.604213,0.06063309,0.8194099,-0.1288158,0.5552456,16.16702,111.3853,357.3932,0.235631,0.004373721,-0.9718325,0.1889827,-0.004833995,-0.06926995,3.02813,-0.3012497,-3.898488,-0.4685959,0.2089603,1.992901,-0.3760522,-0.04368209,-0.9255684,0.2424155,0.9594603,-0.1437734,0.8943264,-0.2784384,-0.3502179,moving,-9.385551258306442,5.173877698080949,-13.231748238392704,5.985723838438815,2.009176,-0.33394189,-0.29427499999999984,-0.1624302780439677,0.08898095076629262,0.9826996645320356,-8.96433250630048,4.750296080403005,3.896328280620973,3.9309445894388597,4.4426477213294335
05/05/2023 11:40:49.992957,3751,True,True,True,True,Eyes,0.9237604,0.01776715,-3.56928,0.9626293,-0.17994,-0.2024013,0.0,0.0,0.0,0.0,0.0,0.0,0.0,-2.9701,-0.7891856,-2.150952,1.02931,0.03265724,-3.606987,0.058519,0.8171293,-0.1270862,0.5592178,15.85128,110.8411,357.2292,0.2370086,0.004404469,-0.9714973,0.1776438,-0.004543955,-0.06511375,3.04139,-0.2893176,-3.887575,-0.4642691,0.2089602,1.992901,-0.3677023,-0.04650256,-0.9287803,0.2377729,0.9608492,-0.142242,0.8990325,-0.2731414,-0.3422494,moving,-9.101060259848134,4.925185921776067,-13.113813285457757,5.985720994709028,2.01208,-0.32197484,-0.28058799999999984,-0.1576068200071017,0.08478186034970603,0.9838556731061074,-8.680302246447,4.506436310315239,4.110649502548256,4.150532674905729,4.673788967263313
05/05/2023 11:40:50.013576,3752,True,True,True,True,Eyes,0.929046,0.0182986,-3.571193,0.9637664,-0.1788297,-0.197925,0.0,0.0,0.0,0.0,0.0,0.0,0.0,-2.991478,-0.7930395,-2.1284,1.039062,0.03216195,-3.609329,0.05892232,0.814085,-0.1280053,0.5633901,15.95051,110.2259,357.1207,0.2383649,0.004445958,-0.9711653,0.1669851,-0.004271318,-0.06120693,3.052013,-0.292628,-3.872682,-0.4598863,0.2089602,1.992901,-0.3582395,-0.04829836,-0.9323797,0.2401695,0.9602855,-0.1420219,0.9022103,-0.274807,-0.3324125,moving,-8.781749807109833,5.0993598774851545,-12.99423653302944,5.985720994709028,2.012951,-0.32478995,-0.2633530000000004,-0.15208079502570215,0.08784928744061568,0.9844561826087419,-8.373726921802035,4.6737873352480435,4.267930272438642,4.304727685484326,4.803153026322555
05/05/2023 11:40:50.028272,3753,True,True,True,True,Eyes,0.9345545,0.01884485,-3.573106,0.9649002,-0.177802,-0.1932721,0.0,0.0,0.0,0.0,0.0,0.0,0.0,-3.014366,-0.7937685,-2.104798,1.04943,0.03288559,-3.611683,0.05976159,0.8108776,-0.1284725,0.5678038,16.03453,109.5865,357.079,0.2397066,0.004497264,-0.9708347,0.156966,-0.004015039,-0.05753451,3.063253,-0.2947075,-3.856669,-0.4555219,0.2089601,1.992901,-0.348055,-0.04897569,-0.9361941,0.242813,0.9598467,-0.1404852,0.9054832,-0.2762166,-0.3221875,moving,-8.441311730477441,5.265173946975611,-12.875047227173868,5.98571815097921,2.013823,-0.32759309000000003,-0.24498599999999993,-0.146190166290336,0.09077946183717556,0.9850825226299608,-8.046330663347788,4.8328642157498285,4.4575593702983785,4.491903205166947,4.964431070096775
05/05/2023 11:40:50.043174,3754,True,True,True,True,Eyes,0.9402586,0.01936678,-3.575025,0.9660567,-0.1767232,-0.1884232,0.0,0.0,0.0,0.0,0.0,0.0,0.0,-3.037416,-0.7742669,-2.088397,1.060037,0.03374306,-3.614136,0.05888675,0.8082063,-0.1253719,0.5723783,15.66806,108.9911,357.1225,0.2410412,0.004557792,-0.9705039,0.1475481,-0.003774136,-0.05408244,3.076645,-0.2817313,-3.84301,-0.4508898,0.2089598,1.9929,-0.3378308,-0.04833503,-0.9399649,0.2387056,0.9616284,-0.1352417,0.9104339,-0.2700637,-0.3133298,moving,-8.119359678124521,4.991583747683951,-12.748429287141343,5.985712601500817,2.016608,-0.31547436,-0.22887400000000024,-0.14071072599182266,0.08614372860357848,0.9862959438953895,-7.725111565793318,4.564530251059535,4.695096982427824,4.734614833660114,5.220486586786228
05/05/2023 11:40:50.062790,3755,True,True,True,True,Eyes,0.9461532,0.01985135,-3.576934,0.9671504,-0.1759737,-0.1834486,0.0,0.0,0.0,0.0,0.0,0.0,0.0,-3.058879,-0.7592054,-2.071465,1.070386,0.03365453,-3.616247,0.05927874,0.8055102,-0.1234792,0.5765349,15.50247,108.4348,357.2114,0.2423746,0.004625955,-0.9701715,0.1386952,-0.003547688,-0.05083749,3.08864,-0.2769327,-3.829093,-0.4469957,0.20896,1.9929,-0.3281873,-0.04688083,-0.9434487,0.2378793,0.9624778,-0.1305749,0.91417,-0.2672799,-0.3047209,moving,-7.849558135859525,4.901495389821638,-12.641881131993609,5.985718288963392,2.0182539999999998,-0.31058723,-0.21284599999999987,-0.13608230241130098,0.08464809862080874,0.9870746347283631,-7.459675740885696,4.47508652202281,4.8721628522906775,4.913440647275483,5.3978941311328015
05/05/2023 11:40:50.083030,3756,True,True,True,True,Eyes,0.9522167,0.02030152,-3.578821,0.9682307,-0.1753641,-0.17826,0.0,0.0,0.0,0.0,0.0,0.0,0.0,-3.081154,-0.7437484,-2.052559,1.080767,0.03326284,-3.618081,0.06142174,0.8025888,-0.1222252,0.5806373,15.51678,107.8805,357.4218,0.243711,0.004699929,-0.9698362,0.1303735,-0.003334827,-0.04778725,3.099415,-0.2795478,-3.814445,-0.4427612,0.2089599,1.9929,-0.3181754,-0.04334423,-0.9470404,0.2405298,0.9625767,-0.1248656,0.9170114,-0.2675206,-0.2958426,moving,-7.593289746888973,4.9969996553650065,-12.525918205116636,5.985715445232119,2.0186479999999998,-0.31281064000000003,-0.19636399999999998,-0.13164678405733599,0.08634548131773907,0.9875289695470554,-7.212434611291077,4.566311237509232,4.990831800183951,5.030743724346327,5.499801469758232
05/05/2023 11:40:50.093052,3757,True,True,True,True,Eyes,0.958454,0.02073066,-3.580629,0.9692314,-0.1751853,-0.1729177,0.0,0.0,0.0,0.0,0.0,0.0,0.0,-3.103614,-0.7304271,-2.031209,1.090842,0.03289299,-3.619494,0.06410626,0.7994719,-0.121523,0.5847796,15.6217,107.3087,357.6418,0.2450538,0.004778151,-0.9694974,0.1225511,-0.003134737,-0.04492001,3.109189,-0.2853341,-3.799016,-0.4380758,0.2089598,1.992899,-0.3078462,-0.03962603,-0.9506105,0.2446306,0.9622451,-0.1193323,0.919449,-0.2692845,-0.2865297,moving,-7.328802879679202,5.157609917166861,-12.39749167748866,5.985715583215013,2.0183470000000003,-0.31822709,-0.17952199999999996,-0.12705509198997528,0.08916720494678454,0.987879618281872,-6.958936770566888,4.720828561720129,5.098200297672296,5.135889905671668,5.5837101153936235
05/05/2023 11:40:50.117841,3758,True,True,True,True,Eyes,0.9648623,0.02117771,-3.582404,0.9702139,-0.1751729,-0.1673302,0.0,0.0,0.0,0.0,0.0,0.0,0.0,-3.126968,-0.7269598,-2.003869,1.100845,0.03284987,-3.620627,0.06758068,0.7958513,-0.1225594,0.5890949,15.9442,106.6743,357.8048,0.2464076,0.004859647,-0.9691539,0.115198,-0.002946653,-0.04222481,3.117957,-0.2978447,-3.780469,-0.4339741,0.20896,1.9929,-0.2968003,-0.03682995,-0.9542293,0.2519667,0.9608241,-0.1154553,0.9210988,-0.274701,-0.2758929,moving,-7.03038767688023,5.5196341851649775,-12.284948987143476,5.985718288963392,2.017112,-0.33069457,-0.15984200000000026,-0.12183666580446406,0.09547027180555391,0.9879479776520042,-6.67779370446879,5.071093548284057,5.242041328275688,5.275191840599636,5.681261196274062
05/05/2023 11:40:50.133060,3759,True,True,True,True,Eyes,0.9714437,0.02164251,-3.584079,0.9711437,-0.1752808,-0.1617298,0.0,0.0,0.0,0.0,0.0,0.0,0.0,-3.149224,-0.725324,-1.976416,1.111347,0.03365736,-3.621284,0.06981916,0.7922392,-0.1233093,0.5935295,16.1564,106.0176,357.8671,0.2477747,0.0049445,-0.9688048,0.1082861,-0.002769854,-0.03969133,3.127686,-0.3049593,-3.761499,-0.4296776,0.2089602,1.992901,-0.2856963,-0.0357484,-0.9576534,0.2570023,0.9598402,-0.1125014,0.923216,-0.2782604,-0.2650354,moving,-6.712383722414327,5.75181685047082,-12.166958446045665,5.985720994709028,2.0163390000000003,-0.33861666,-0.14021499999999998,-0.11630489544296574,0.09953947606966743,0.9882130524872395,-6.374055501343638,5.2948947981840515,5.428591922764661,5.4595875818938655,5.833949379326374
05/05/2023 11:40:50.143270,3760,True,True,True,True,Eyes,1.139771,0.03256268,-3.624334,0.9840561,-0.1771532,-0.0158206,0.0,0.0,0.0,0.0,0.0,0.0,0.0,-3.167605,-0.7235577,-1.9526,1.122005,0.03458527,-3.620747,0.07024066,0.7890317,-0.12332,0.5977353,16.17532,105.3979,357.8171,0.2491594,0.005032896,-0.9684492,0.1017889,-0.002603662,-0.03730984,3.138496,-0.3044887,-3.743464,-0.4253753,0.2089603,1.992902,-0.2755577,-0.03658127,-0.9605884,0.2582697,0.9597168,-0.1106362,0.9259401,-0.2785774,-0.2550095,moving,-14.501883262398831,5.08823358854878,-12.048703671714902,5.985720856723559,2.0164910000000003,-0.33907397,-0.12271699999999974,-0.24948655837110628,0.08588521941309023,0.9645621503461119,-13.949521442040728,4.700894410269571,2.612612299352375,2.6121970639069323,2.294316280178918
05/05/2023 11:40:50.163247,3761,True,True,True,True,Eyes,1.140177,0.03255517,-3.624349,0.9840965,-0.1769215,-0.01590216,0.0,0.0,0.0,0.0,0.0,0.0,0.0,-3.185299,-0.7244247,-1.930348,1.13233,0.03445896,-3.621298,0.07080507,0.7859658,-0.1238642,0.601583,16.25401,104.817,357.7477,0.2554446,0.005450997,-0.9668081,0.600664,0.03031309,-0.1558365,3.148399,-0.3070115,-3.728004,-0.4209542,0.2089601,1.992901,-0.2661692,-0.03772844,-0.9631878,0.2603299,0.9592886,-0.1095158,0.9281069,-0.2798963,-0.2455112,moving,-13.938684041238263,5.2134893333054615,-11.927086789468367,5.98571815097921,2.016069,-0.34147046,-0.10670599999999997,-0.23994434146355542,0.0882125117968221,0.9667705430603906,-13.403880223679888,4.819031450077028,2.155094904226972,2.1547298787026627,1.8820405695394227
05/05/2023 11:40:50.183004,3762,True,True,True,True,Eyes,1.14098,0.03254214,-3.624362,0.9841148,-0.1768481,-0.01558793,0.0,0.0,0.0,0.0,0.0,0.0,0.0,-3.203029,-0.7266419,-1.906356,1.142519,0.03432344,-3.621473,0.07257183,0.7827284,-0.1250821,0.6053298,16.47939,104.2388,357.7394,0.2606766,0.005803729,-0.9654085,0.5646241,0.0284943,-0.1464863,3.157099,-0.3150309,-3.711874,-0.4164586,0.20896,1.9929,-0.2566186,-0.03782372,-0.9657724,0.2650399,0.9581756,-0.1079508,0.9294627,-0.2836704,-0.235861,moving,-13.403329705408815,5.48833341904785,-11.80330839622899,5.985718288963392,2.01458,-0.34935434,-0.09040099999999995,-0.230798522078905,0.09306086293640269,0.9685411150849819,-12.889414616219124,5.082900242098575,1.6752337544380749,1.675547641414717,1.4123410164850625
05/05/2023 11:40:50.193382,3763,True,True,True,True,Eyes,1.142158,0.03250892,-3.624354,0.9841473,-0.1766968,-0.01524396,0.0,0.0,0.0,0.0,0.0,0.0,0.0,-3.219908,-0.7290084,-1.883151,1.152822,0.03420915,-3.621511,0.07431792,0.7795545,-0.126303,0.6089494,16.70427,103.6762,357.729,0.265054,0.006101911,-0.964214,0.5307467,0.02678464,-0.1376971,3.165829,-0.3229803,-3.695866,-0.4123009,0.2089602,1.992901,-0.2473152,-0.03795453,-0.9681916,0.269694,0.9570488,-0.1064084,0.9306453,-0.2874318,-0.2264566,moving,-12.88535340750593,5.76438367118396,-11.688722805178173,5.985720994709028,2.013007,-0.35718945,-0.07435500000000017,-0.22192896668547352,0.09793320525070615,0.9701322933493417,-12.391921959286647,5.34805785661748,1.2150313536017703,1.2169285144216688,0.9492646248647596
05/05/2023 11:40:50.212966,3764,True,True,True,True,Eyes,1.1437,0.03245025,-3.624331,0.9841377,-0.1768089,-0.01454425,0.0,0.0,0.0,0.0,0.0,0.0,0.0,-3.235894,-0.733016,-1.859845,1.162928,0.03372856,-3.621299,0.07659216,0.776378,-0.1280178,0.6123579,17.01273,103.1323,357.7311,0.2687405,0.006354115,-0.9631914,0.4989019,0.02517756,-0.1294353,3.173611,-0.3342595,-3.68031,-0.407953,0.20896,1.9929,-0.2383027,-0.03785656,-0.9704527,0.2757144,0.9554902,-0.1049769,0.9312321,-0.2925841,-0.2172583,moving,-12.408401713170942,6.107055320339322,-11.568805513520125,5.985718288963392,2.010683,-0.36798806,-0.059010999999999925,-0.21371491677970839,0.10392856196416507,0.9713520078954209,-11.936216524795812,5.678309093972891,0.841147150953063,0.8483186038577829,0.479052465155259
05/05/2023 11:40:50.233062,3765,True,True,True,True,Eyes,1.145582,0.03237896,-3.624287,0.9841264,-0.1769297,-0.01382265,0.0,0.0,0.0,0.0,0.0,0.0,0.0,-3.25113,-0.7373948,-1.837263,1.17317,0.03311048,-3.621008,0.07943292,0.7732342,-0.130011,0.6155457,17.38837,102.614,357.7651,0.2719728,0.006572864,-0.9622822,0.4689678,0.02366691,-0.1216691,3.180858,-0.3481842,-3.665422,-0.4035553,0.2089601,1.9929,-0.2295878,-0.03721489,-0.9725763,0.2828958,0.9535751,-0.1032686,0.9312677,-0.298847,-0.2084013,moving,-11.958233191913813,6.520022960403911,-11.447404322184246,5.985721132694636,2.007688,-0.38129468,-0.044414000000000176,-0.20591547986713404,0.11111701384974422,0.9722405977721134,-11.508514538811802,6.077134834822753,0.7213507661862855,0.7392053687864143,0.10995873550125543
05/05/2023 11:40:50.242969,3766,True,True,True,True,Eyes,1.147803,0.03227966,-3.624218,0.9840916,-0.1772,-0.01279709,0.0,0.0,0.0,0.0,0.0,0.0,0.0,-3.265599,-0.7409703,-1.815412,1.183218,0.03279028,-3.620471,0.08214359,0.770177,-0.1318053,0.6186333,17.73773,102.1115,357.8009,0.2749251,0.006767701,-0.9614415,0.4408297,0.0222469,-0.114369,3.187912,-0.3608963,-3.650835,-0.3992385,0.20896,1.9929,-0.2210905,-0.03654812,-0.9745682,0.2896085,0.9517596,-0.1013933,0.9312604,-0.3046604,-0.1998404,moving,-11.537800292115927,6.89433969439319,-11.328135012389948,5.985718288963392,2.0046939999999998,-0.39368658,-0.030363999999999614,-0.19862536906351153,0.11764704187129338,0.9729887044597927,-11.108757632829583,6.4385510429740105,0.9105646933126339,0.9324979291815039,0.5031738643526844
05/05/2023 11:40:50.263032,3767,True,True,True,True,Eyes,1.150336,0.03214458,-3.624172,0.9841115,-0.1771628,-0.0117461,0.0,0.0,0.0,0.0,0.0,0.0,0.0,-3.279422,-0.7376336,-1.797331,1.193536,0.03204624,-3.619884,0.0843764,0.767396,-0.1324416,0.6216455,17.94927,101.6455,357.8817,0.2776339,0.006940254,-0.9606616,0.41438,0.02091208,-0.1075069,3.195941,-0.3695762,-3.637565,-0.3948747,0.2089599,1.9929,-0.2128749,-0.03516321,-0.9764464,0.2941637,0.9506797,-0.09836587,0.9317467,-0.3081747,-0.1920321,moving,-11.142063432453572,7.153737170467702,-11.2074659489417,5.985715445232119,2.002405,-0.40162244,-0.017681000000000058,-0.19179359665071272,0.12222022214126661,0.9737954131052495,-10.729977448889352,6.688316393333702,1.1497209564317465,1.1698513750837274,0.8494959446374563
05/05/2023 11:40:50.273017,3768,True,True,True,True,Eyes,1.153178,0.03195873,-3.624076,0.9841267,-0.1771631,-0.01039045,0.0,0.0,0.0,0.0,0.0,0.0,0.0,-3.294646,-0.7285673,-1.779975,1.203637,0.03107011,-3.619959,0.08624273,0.7646421,-0.1321627,0.6248342,18.05255,101.1728,357.9947,0.2801312,0.007091797,-0.9599353,0.3895172,0.01965736,-0.1010564,3.204365,-0.3749644,-3.624786,-0.3904961,0.20896,1.9929,-0.2042889,-0.03326995,-0.9783452,0.2970492,0.9501904,-0.09433953,0.9327529,-0.3098892,-0.1842305,moving,-10.745583665028096,7.3061098592990295,-11.0862863252474,5.985718288963392,2.000728,-0.40603450999999996,-0.004826999999999693,-0.1849865285632874,0.12497555991514073,0.9747621149694441,-10.347588400370142,6.833943384442224,1.3477364898287607,1.3636393224360759,1.124793508524138
05/05/2023 11:40:50.292915,3769,True,True,True,True,Eyes,1.156319,0.03172216,-3.62393,0.9841815,-0.176938,-0.008926463,0.0,0.0,0.0,0.0,0.0,0.0,0.0,-3.309134,-0.7158937,-1.762597,1.213858,0.02966592,-3.618741,0.08774956,0.7618643,-0.131319,0.6281865,18.07976,100.6862,358.1144,0.2824464,0.00722311,-0.9592557,0.3661461,0.01847791,-0.09499305,3.213379,-0.3781953,-3.610197,-0.3862504,0.2089601,1.992901,-0.1953636,-0.03127918,-0.980232,0.2986921,0.9501107,-0.08984835,0.9341393,-0.3103407,-0.1762741,moving,-10.336785783770818,7.395276108990192,-10.968683395244014,5.98571815097921,1.999521,-0.40786122,0.008544000000000107,-0.17798876747193249,0.1266585972214992,0.9758470991562384,-9.95148780335059,6.9179898186072375,1.5337470309968086,1.5447162290782148,1.3797888731357986
05/05/2023 11:40:50.312846,3770,True,True,True,True,Eyes,1.159757,0.03145458,-3.62372,0.9842288,-0.1767547,-0.007171798,0.0,0.0,0.0,0.0,0.0,0.0,0.0,-3.323349,-0.7058328,-1.74401,1.224123,0.02817734,-3.617339,0.08896594,0.7589942,-0.1307686,0.6315953,18.11264,100.1794,358.183,0.2846048,0.00733485,-0.9586166,0.3441773,0.01736924,-0.08929347,3.222365,-0.3813716,-3.595009,-0.3819491,0.2089601,1.992901,-0.1863451,-0.03013638,-0.9820221,0.3002349,0.9499692,-0.08612429,0.9354863,-0.3108862,-0.1679742,moving,-9.930864552028055,7.476720385018035,-10.84945040311128,5.98571815097921,1.9982419999999999,-0.40954894,0.02232999999999974,-0.17103652851476558,0.12820594268062124,0.9768877783978436,-9.557983286595443,6.994541970351196,1.7441524838823628,1.7512531592317142,1.6387839429204856
05/05/2023 11:40:50.333997,3771,True,True,True,True,Eyes,1.163489,0.03116185,-3.623447,0.9843209,-0.1763062,-0.005339646,0.0,0.0,0.0,0.0,0.0,0.0,0.0,-3.336232,-0.7010182,-1.725217,1.234666,0.02717207,-3.615674,0.08976274,0.7561487,-0.1307217,0.6348968,18.15991,99.67181,358.1761,0.2866302,0.007428182,-0.9580122,0.3235267,0.01632709,-0.08393586,3.231501,-0.3840907,-3.580078,-0.3774094,0.20896,1.9929,-0.1776977,-0.03024155,-0.9836203,0.3017374,0.9497091,-0.08370985,0.9366846,-0.3116701,-0.1596362,moving,-9.539893019202864,7.5739466986371475,-10.723510940471696,5.985718288963392,1.9968350000000001,-0.41126277,0.03559599999999996,-0.16432755984611935,0.1300138675803148,0.9778000150677454,-9.179477396371212,7.086548934336485,1.9761458164361172,1.9807626977615407,1.8962773254722112
05/05/2023 11:40:50.343258,3772,True,True,True,True,Eyes,1.167499,0.03082394,-3.623101,0.9844267,-0.1757642,-0.003303385,0.0,0.0,0.0,0.0,0.0,0.0,0.0,-3.346967,-0.6957115,-1.710228,1.245423,0.02620829,-3.613768,0.08937465,0.7536912,-0.1300571,0.6380024,18.06455,99.20464,358.1174,0.2885438,0.007504295,-0.957437,0.3041151,0.01534746,-0.07889971,3.24193,-0.3815598,-3.566439,-0.3731492,0.2089601,1.9929,-0.1699305,-0.03123169,-0.9849611,0.3006752,0.9501947,-0.08200327,0.9384658,-0.3100882,-0.1520764,moving,-9.200048396019573,7.522127674983262,-10.605224853048366,5.985721132694636,1.996507,-0.40776809,0.047328999999999954,-0.1585408582986852,0.1292533888481185,0.978855582682237,-8.846793732116355,7.033876177678714,2.080003292500645,2.082082116194096,2.047122127619108
05/05/2023 11:40:50.363434,3773,True,True,True,True,Eyes,1.171771,0.03043428,-3.622691,0.9845496,-0.1751015,-0.001205754,0.0,0.0,0.0,0.0,0.0,0.0,0.0,-3.356176,-0.687621,-1.698907,1.256083,0.02476431,-3.61174,0.08870073,0.7515679,-0.1288848,0.6408327,17.90357,98.79189,358.0814,0.2903638,0.007563718,-0.9568862,0.2858682,0.01442661,-0.07416573,3.252647,-0.3774089,-3.55473,-0.3687089,0.2089602,1.9929,-0.1629311,-0.03185793,-0.986123,0.2985164,0.9510418,-0.08004664,0.9403942,-0.307416,-0.1454442,moving,-8.911589612750287,7.41202544866088,-10.481840830327743,5.985723976425849,1.996564,-0.40217321,0.057010000000000005,-0.15364648738719916,0.12747191743946776,0.9798691602367122,-8.562631036921717,6.924835545222941,2.120814311388085,2.1213261833115857,2.136655510313756
05/05/2023 11:40:50.384177,3774,True,True,True,True,Eyes,1.176297,0.02999262,-3.622186,0.9846622,-0.1744686,0.001061416,0.0,0.0,0.0,0.0,0.0,0.0,0.0,-3.364622,-0.6808425,-1.687973,1.266658,0.02307847,-3.609504,0.08931243,0.7494414,-0.1284252,0.6433257,17.90311,98.41636,358.1108,0.292106,0.007606756,-0.9563554,0.2687161,0.01356102,-0.06971579,3.262107,-0.3793883,-3.543463,-0.3644823,0.20896,1.9929,-0.1563109,-0.03136962,-0.9872098,0.2991074,0.9510605,-0.07758039,0.9413299,-0.3074083,-0.1392782,moving,-8.669694444118212,7.4677129662353074,-10.364303537030175,5.985718288963392,1.9954489999999998,-0.40246677000000003,0.0660409999999998,-0.14948812798878086,0.12850710495168938,0.9803771165557011,-8.328328004603005,6.977414507211687,2.250992549089431,2.2512237119491685,2.2646540040213794
05/05/2023 11:40:50.393207,3775,True,True,True,True,Eyes,1.181071,0.02950682,-3.621583,0.9847657,-0.1738544,0.003331828,0.0,0.0,0.0,0.0,0.0,0.0,0.0,-3.372353,-0.672726,-1.677905,1.277252,0.02138514,-3.606779,0.09001746,0.7473818,-0.1278025,0.6457428,17.89604,98.05631,358.1633,0.2937855,0.007633701,-0.9558406,0.2525931,0.01274735,-0.06553284,3.271516,-0.381295,-3.532674,-0.3597454,0.2089602,1.992901,-0.1498261,-0.03050029,-0.9882419,0.2996099,0.9511268,-0.0747783,0.942224,-0.3072909,-0.1333654,moving,-8.439696374478366,7.517661097269304,-10.232465464895816,5.985720994709028,1.994264,-0.40268014,0.07410499999999987,-0.14553368566642066,0.1294388618554419,0.9808493588475178,-8.10546779464503,7.024488031490268,2.358085674391261,2.358147893875318,2.3670986557293188
05/05/2023 11:40:50.413152,3776,True,True,True,True,Eyes,1.186087,0.02900025,-3.620882,0.9848635,-0.1732383,0.005693793,0.0,0.0,0.0,0.0,0.0,0.0,0.0,-3.377843,-0.6679057,-1.670605,1.287929,0.01978409,-3.603843,0.09042655,0.7456217,-0.1274517,0.6477864,17.89152,97.74563,358.1769,0.2954149,0.007645008,-0.9553382,0.2374375,0.01198251,-0.06160087,3.281191,-0.3829432,-3.522873,-0.3557014,0.2089601,1.9929,-0.1443915,-0.03027496,-0.9890574,0.299971,0.9511582,-0.07290731,0.9429573,-0.3072157,-0.1282575,moving,-8.268812285118559,7.561072980680737,-10.119834824178866,5.985721132694636,1.993262,-0.40272728999999996,0.08096999999999976,-0.14259262069134226,0.13023834112198632,0.98117549934965,-7.940056839052158,7.065593901160753,2.4306413992865226,2.43064145547271,2.4326029804548317
05/05/2023 11:40:50.433043,3777,True,True,True,True,Eyes,1.191348,0.0284754,-3.620102,0.984986,-0.1724502,0.007973027,0.0,0.0,0.0,0.0,0.0,0.0,0.0,-3.381375,-0.6671143,-1.665644,1.298742,0.0187762,-3.600836,0.09024537,0.7441443,-0.1272966,0.6495391,17.85986,97.47289,358.1301,0.2970053,0.007641702,-0.954845,0.2231913,0.01126356,-0.05790482,3.291279,-0.382728,-3.514847,-0.3514076,0.2089601,1.992901,-0.1399101,-0.03105709,-0.9896773,0.2996793,0.9513027,-0.07221831,0.9437255,-0.3066898,-0.1237897,moving,-8.137875113657314,7.576899873562729,-10.000150117072021,5.98571815097921,1.9925369999999998,-0.40150420000000003,0.0859890000000001,-0.14034415174200637,0.13055173699608832,0.981458009226428,-7.812843390792766,7.080124915408289,2.44949934918842,2.4494749361091865,2.4458202879309425
05/05/2023 11:40:50.443272,3778,True,True,True,True,Eyes,1.196841,0.02790895,-3.619208,0.9851354,-0.1714761,0.01020846,0.0,0.0,0.0,0.0,0.0,0.0,0.0,-3.381125,-0.6643411,-1.669219,1.309919,0.01773106,-3.597699,0.08831164,0.7435106,-0.1260079,0.6507805,17.59696,97.30575,358.0349,0.2985674,0.007624777,-0.9543579,0.2097998,0.01058775,-0.05443053,3.303519,-0.3743556,-3.510914,-0.3469647,0.2089602,1.992901,-0.137372,-0.03268564,-0.9899802,0.2953282,0.9526461,-0.07243341,0.9454684,-0.3023193,-0.1212139,moving,-8.10396753733563,7.359888731678145,-9.87622170329515,5.985720994709028,1.9936,-0.39208666000000003,0.08678499999999989,-0.1398311526789996,0.12684277454933662,0.9820174036874446,-7.773940491451057,6.868751635177186,2.242798950085281,2.2425926509483842,2.28020380792557
05/05/2023 11:40:50.463210,3779,True,True,True,True,Eyes,1.202547,0.02728931,-3.618192,0.9852945,-0.1704212,0.01230073,0.0,0.0,0.0,0.0,0.0,0.0,0.0,-3.378038,-0.6613022,-1.677479,1.32094,0.01612729,-3.594058,0.0860332,0.7433465,-0.1245495,0.6515533,17.29415,97.21599,357.9355,0.3001103,0.007594508,-0.9538741,0.1972118,0.009952483,-0.0511647,3.315986,-0.3651426,-3.508943,-0.3427883,0.20896,1.992901,-0.1361531,-0.03439634,-0.9900907,0.2902063,0.9541714,-0.07305641,0.947229,-0.2972773,-0.1199314,moving,-8.136544879711256,7.103086247043408,-9.759641741034649,5.985715307249363,1.995046,-0.38126989,0.08511500000000005,-0.14046795464593348,0.122428914527643,0.9824865697318179,-7.798775844494763,6.61910289644788,1.9707174487157626,1.9705230874907504,2.060624881525961
05/05/2023 11:40:50.482916,3780,True,True,True,True,Eyes,1.208456,0.02663661,-3.617048,0.9854547,-0.1693324,0.01434014,0.0,0.0,0.0,0.0,0.0,0.0,0.0,-3.373384,-0.6598822,-1.687134,1.331765,0.01415086,-3.589955,0.08415148,0.7433284,-0.1235142,0.6520166,17.0592,97.16486,357.8442,0.3016415,0.00755086,-0.9533913,0.1853791,0.009355334,-0.04809482,3.327797,-0.358688,-3.507883,-0.3384859,0.2089601,1.9929,-0.1355857,-0.03596231,-0.9901128,0.286171,0.9553255,-0.07388696,0.9485371,-0.2933596,-0.1192372,moving,-8.206416184376605,6.914995501469142,-9.639463981643265,5.985721132694636,1.9960319999999998,-0.37283886,0.0820719999999997,-0.1417223974587189,0.1191814333299777,0.9827057622020103,-7.861818061694066,6.436556910884029,1.7081047900863757,1.707974485088136,1.8339241848036332
05/05/2023 11:40:50.493102,3781,True,True,True,True,Eyes,1.214573,0.02594427,-3.61575,0.985607,-0.1682632,0.01631656,0.0,0.0,0.0,0.0,0.0,0.0,0.0,-3.368602,-0.6642694,-1.694486,1.342526,0.01269679,-3.585733,0.08295855,0.7431256,-0.1235329,0.652397,16.96843,97.1009,357.7298,0.3031681,0.007494317,-0.9529073,0.1742563,0.008794013,-0.04520913,3.338537,-0.3565715,-3.506715,-0.3336923,0.2089601,1.9929,-0.134992,-0.03788774,-0.9901221,0.2844822,0.955715,-0.07535708,0.9491296,-0.2918447,-0.1182355,moving,-8.270127252224395,6.8674245409298615,-9.505459430604141,5.985721132694636,1.996011,-0.36926829,0.07901800000000003,-0.1428294000958909,0.11834644464775781,0.9826463120375288,-7.922642625894573,6.390693612127479,1.517895562273056,1.5177109379042053,1.6338028480722484
05/05/2023 11:40:50.513451,3782,True,True,True,True,Eyes,1.22087,0.02521207,-3.614314,0.9857632,-0.1671495,0.01822028,0.0,0.0,0.0,0.0,0.0,0.0,0.0,-3.363099,-0.6668186,-1.704001,1.353516,0.01100047,-3.58142,0.08133727,0.743104,-0.1231302,0.6527018,16.80858,97.05886,357.6141,0.3046966,0.007425146,-0.9524201,0.1638009,0.008266373,-0.04249658,3.350112,-0.3522893,-3.505246,-0.3299412,0.2089601,1.992901,-0.1347293,-0.03985056,-0.9900808,0.2816187,0.9564463,-0.0768192,0.9500206,-0.2891751,-0.1176388,moving,-8.347440875202095,6.751808345737647,-9.400519892551337,5.98571815097921,1.9965960000000003,-0.36328977,0.07617399999999996,-0.1441896552189354,0.11634015646008516,0.9826873011036907,-7.994893179354364,6.2787135762087445,1.3024179625084473,1.3022555829353415,1.4358387012677858
05/05/2023 11:40:50.528414,3783,True,True,True,True,Eyes,1.227346,0.02445295,-3.612727,0.9859011,-0.1661205,0.02007654,0.0,0.0,0.0,0.0,0.0,0.0,0.0,-3.357055,-0.6682708,-1.713834,1.364143,0.009297535,-3.576682,0.08023436,0.7431243,-0.1227856,0.6528801,16.69379,97.03674,357.542,0.3062324,0.00734357,-0.9519281,0.1539729,0.00777039,-0.03994679,3.360915,-0.3498349,-3.504488,-0.3255268,0.2089601,1.992901,-0.13462,-0.04108032,-0.9900455,0.2795767,0.9569722,-0.07772303,0.950639,-0.2872567,-0.1173426,moving,-8.438619036887182,6.681191955888778,-9.276948093451356,5.98571815097921,1.9967719999999998,-0.359132435,0.07219400000000009,-0.14577445413097467,0.11510190264296334,0.9825993219469562,-8.081872037924347,6.210609584283678,1.0892927360614468,1.089256361191051,1.2160521926577545
05/05/2023 11:40:50.543217,3784,True,True,True,True,Eyes,1.23398,0.02374098,-3.611013,0.9860353,-0.1650954,0.02186122,0.0,0.0,0.0,0.0,0.0,0.0,0.0,-3.350584,-0.6693708,-1.724327,1.374831,0.007857814,-3.571771,0.07895595,0.7432117,-0.1222866,0.6530303,16.55232,97.02264,357.4677,0.3077793,0.00725017,-0.9514298,0.1447345,0.007304167,-0.03754998,3.371948,-0.3461955,-3.503844,-0.3211348,0.2089602,1.992901,-0.1346351,-0.04235169,-0.9899899,0.2770756,0.9576239,-0.07864834,0.9513689,-0.2848908,-0.1171952,moving,-8.532012660602499,6.582860414900631,-9.15391686831725,5.985720994709028,1.9971170000000003,-0.354053314,0.06792700000000007,-0.14740516552674043,0.11338768164233468,0.9825553255236825,-8.170263557908456,6.1155538784492,0.8619517794838235,0.862171868434639,0.9921846666717182
05/05/2023 11:40:50.563022,3785,True,True,True,True,Eyes,1.240778,0.02325365,-3.609181,0.9861004,-0.1644468,0.02373476,0.0,0.0,0.0,0.0,0.0,0.0,0.0,-3.343825,-0.6775525,-1.732691,1.385281,0.008276165,-3.566986,0.07805298,0.7431946,-0.1227005,0.6530805,16.51883,97.00131,357.3546,0.3093413,0.007147365,-0.9509239,0.1360504,0.006865917,-0.03529698,3.382119,-0.3442238,-3.503045,-0.3168444,0.2089602,1.992901,-0.1347873,-0.04424943,-0.9898861,0.2762837,0.9577047,-0.0804309,0.9515775,-0.2843304,-0.116861,moving,-8.632363924511512,6.564486722809104,-9.03364944647801,5.985720994709028,1.996838,-0.352499965,0.0639409999999998,-0.14913174528071121,0.11304299960035848,0.9823345105072608,-8.267592639833248,6.098342039758206,0.7029280617138867,0.7042725595698983,0.7742909858669026
05/05/2023 11:40:50.582804,3786,True,True,True,True,Eyes,1.247767,0.02282662,-3.607219,0.9862496,-0.1632981,0.02540431,0.0,0.0,0.0,0.0,0.0,0.0,0.0,-3.334944,-0.7089957,-1.736115,1.396006,0.01322953,-3.562249,0.07759771,0.7429423,-0.125958,0.6528016,16.76643,96.95665,357.0576,0.3109211,0.007042007,-0.9504093,0.1278874,0.006453962,-0.03317916,3.391001,-0.3464869,-3.501978,-0.3125964,0.2089601,1.9929,-0.1356574,-0.0491499,-0.9895359,0.2797524,0.9562263,-0.08584724,0.9504397,-0.2884709,-0.1159694,moving,-8.740434356162416,6.830751417135187,-8.914495830340618,5.985721132694636,1.994995,-0.35971643,0.060271000000000186,-0.15090438923514893,0.11757486238074634,0.9815314253634781,-8.380118437384448,6.358130058198061,0.8558944150674669,0.8627708724886165,0.651342924961382
05/05/2023 11:40:50.592922,3787,True,True,True,True,Eyes,1.254836,0.02246547,-3.605093,0.986307,-0.1626672,0.02716236,0.0,0.0,0.0,0.0,0.0,0.0,0.0,-3.320249,-0.719048,-1.758898,1.407603,0.01416339,-3.557142,0.07059608,0.7443957,-0.1241034,0.6522958,16.07307,97.0668,356.6111,0.3125226,0.006935926,-0.9498847,0.1202142,0.006066724,-0.03118841,3.406714,-0.3196454,-3.507314,-0.3082838,0.2089602,1.9929,-0.139053,-0.05680132,-0.9886546,0.267007,0.9592291,-0.09266492,0.9536097,-0.276863,-0.1182173,moving,-8.952774300037426,6.089212390997206,-8.793446129927855,5.985723976425849,1.999111,-0.33380879,0.04982799999999976,-0.15476337707059906,0.10479879139303419,0.9823774327853183,-8.567124561456797,5.638032384311441,0.18722295420877114,0.1899876778661121,0.41486250201994757
05/05/2023 11:40:50.613145,3788,True,True,True,True,Eyes,1.26207,0.02232673,-3.602859,0.9862897,-0.162478,0.02887247,0.0,0.0,0.0,0.0,0.0,0.0,0.0,-3.310956,-0.7479029,-1.760371,1.416512,0.01544936,-3.551612,0.07223136,0.743997,-0.1283478,0.6517499,16.56688,97.04142,356.4217,0.3141467,0.006830946,-0.9493495,0.1130013,0.00570272,-0.02931711,3.412233,-0.3347246,-3.505723,-0.3038261,0.2089603,1.992901,-0.1400096,-0.05982153,-0.9883416,0.2747812,0.9566189,-0.09682725,0.9512585,-0.2851344,-0.117498,moving,-9.085817212677503,6.557670489525578,-8.668236153741354,5.985723838438815,1.995721,-0.35017396,0.04588899999999985,-0.15690600212650285,0.11278865776386403,0.9811520358795036,-8.70944377228722,6.094717004910809,0.6956924463850729,0.7081644671060519,0.11652286541195768
05/05/2023 11:40:50.633224,3789,True,True,True,True,Eyes,1.446619,0.02180767,-3.544528,0.9878481,-0.1422357,0.06265101,0.0,0.0,0.0,0.0,0.0,0.0,0.0,-3.301621,-0.7885934,-1.759549,1.427749,0.02074885,-3.546786,0.07456667,0.7433292,-0.1338946,0.6511329,17.22718,96.98758,356.1873,0.3157955,0.006732799,-0.9488031,0.1062212,0.005360557,-0.02755808,3.418916,-0.3513049,-3.503753,-0.2995054,0.2089604,1.992901,-0.140932,-0.06351123,-0.9879802,0.2852215,0.9530241,-0.1019499,0.9480439,-0.2961612,-0.1161967,moving,-11.18566899779561,8.19063084498053,-8.546798825947732,5.985726682168574,1.991167,-0.37205374999999996,0.04303299999999988,-0.19208358127521274,0.13981414112484672,0.9713680640355281,-10.800432616477305,7.6974867790593855,3.3679721189800986,3.4387844001992827,2.8300155284245943
05/05/2023 11:40:50.643385,3790,True,True,True,True,Eyes,1.446995,0.02187435,-3.544333,0.9878084,-0.1425075,0.0626597,0.0,0.0,0.0,0.0,0.0,0.0,0.0,-3.292069,-0.7798808,-1.780537,1.438676,0.02347209,-3.54202,0.06817151,0.7444739,-0.1295383,0.6514071,16.36113,97.05073,355.9803,0.3241548,0.006640779,-0.9459805,0.6534935,0.003481756,0.1490877,3.434831,-0.3180442,-3.506883,-0.2952692,0.2089604,1.992901,-0.1420431,-0.06726056,-0.9875728,0.2702682,0.9571449,-0.104061,0.9522495,-0.2816906,-0.1177775,moving,-11.19253037224914,7.262734041930898,-8.42766128786794,5.985726682168574,1.996155,-0.34151629,0.03513699999999975,-0.19260712704751043,0.12405236035359361,0.9734030856598443,-10.782111395522229,6.794703301908834,2.9993813948914845,3.0455293219166477,2.4895538718251653
05/05/2023 11:40:50.663069,3791,True,True,True,True,Eyes,1.447796,0.02204274,-3.543964,0.987766,-0.1429737,0.06226518,0.0,0.0,0.0,0.0,0.0,0.0,0.0,-3.285591,-0.7928452,-1.784735,1.448084,0.02519349,-3.537147,0.0707472,0.7441638,-0.1317686,0.6510394,16.75222,97.05258,356.0311,0.3310383,0.006556165,-0.9435942,0.6142839,0.003272851,0.1401425,3.441184,-0.3303477,-3.506088,-0.2906973,0.2089603,1.992901,-0.1422852,-0.06627814,-0.9876043,0.2768681,0.9552637,-0.1039964,0.9503152,-0.2882333,-0.1175696,moving,-11.19921504065529,7.6380967661789425,-8.299000244770157,5.985723838438815,1.9930999999999999,-0.35554119,0.031058999999999948,-0.19256184733818776,0.13042790722558303,0.9725783249973143,-10.798744975819881,7.159969650904989,3.2807598480484876,3.3379008605109166,2.7618068267902443
05/05/2023 11:40:50.673151,3792,True,True,True,True,Eyes,1.448973,0.0222687,-3.543441,0.9877501,-0.1432569,0.06186447,0.0,0.0,0.0,0.0,0.0,0.0,0.0,-3.282361,-0.7857536,-1.794284,1.458945,0.02795807,-3.53291,0.07405043,0.7440556,-0.1311885,0.6509129,16.95519,97.0985,356.3683,0.3367327,0.006481637,-0.9415777,0.5774269,0.00307648,0.1317339,3.449911,-0.3363827,-3.506023,-0.2865269,0.20896,1.9929,-0.141658,-0.06058929,-0.9880597,0.2809798,0.9546123,-0.09882231,0.9492014,-0.2916238,-0.1182041,moving,-11.194325078981112,7.887738032318035,-8.181568556929047,5.985718288963392,1.9909660000000002,-0.36434077,0.026887000000000327,-0.1923687147590475,0.13466943189936934,0.972038288232441,-10.800706787786762,7.402834244284438,3.498431306025936,3.5629174794370577,2.977935980367268
05/05/2023 11:40:50.692792,3793,True,True,True,True,Eyes,1.450491,0.02247879,-3.542782,0.9877031,-0.1438038,0.06134333,0.0,0.0,0.0,0.0,0.0,0.0,0.0,-3.280877,-0.7467462,-1.813917,1.469221,0.0293572,-3.528825,0.07469951,0.7447069,-0.1253241,0.6512492,16.49642,97.20979,356.8926,0.3414695,0.006418287,-0.9398707,0.5427812,0.002891891,0.1238299,3.461923,-0.3218387,-3.50893,-0.2815677,0.20896,1.9929,-0.1405889,-0.05197595,-0.9887028,0.2744929,0.9574277,-0.08936344,0.9512562,-0.2839554,-0.1203367,moving,-11.164570626749173,7.49158457620751,-8.04183059505021,5.985718288963392,1.992702,-0.3511959,0.019894999999999996,-0.1920361291293548,0.1279539053686941,0.9730107265541587,-10.761023967922721,7.017185854454706,3.4130119009678843,3.466862930753627,2.9082534170416383
05/05/2023 11:40:50.713106,3794,True,True,True,True,Eyes,1.452365,0.0227006,-3.542012,0.9876364,-0.1444496,0.06089849,0.0,0.0,0.0,0.0,0.0,0.0,0.0,-3.282498,-0.7218063,-1.821518,1.478945,0.02923631,-3.524996,0.08016041,0.7442181,-0.1234443,0.6515176,16.74967,97.23359,357.5138,0.3454369,0.00636505,-0.9384202,0.5102143,0.002718377,0.1164001,3.469036,-0.3336545,-3.506982,-0.2777773,0.2089601,1.9929,-0.1381981,-0.04153863,-0.9895332,0.2801659,0.9566717,-0.07928713,0.9499517,-0.2881908,-0.1205726,moving,-11.097436959094084,7.827049998803276,-7.9349614608576164,5.985721132694636,1.990091,-0.36289081,0.018013999999999974,-0.19075041738479875,0.13368277840355894,0.972493272293043,-10.704622675124396,7.343143234591814,3.596555995081197,3.659473086403414,3.084415342416239
05/05/2023 11:40:50.732955,3795,True,True,True,True,Eyes,1.454577,0.02298034,-3.541165,0.9875885,-0.1449656,0.06044735,0.0,0.0,0.0,0.0,0.0,0.0,0.0,-3.284991,-0.6923792,-1.830332,1.489354,0.02974091,-3.521591,0.08454266,0.7437406,-0.12045,0.6520693,16.82338,97.23775,358.1245,0.3488522,0.006321888,-0.9371562,0.4796015,0.002555275,0.1094161,3.477888,-0.3385677,-3.505368,-0.2736088,0.2089603,1.992901,-0.1353165,-0.03132784,-0.9903072,0.2828391,0.9566886,-0.06891171,0.9495746,-0.2894224,-0.120595,moving,-10.996068114897394,7.988816723342069,-7.817363877008748,5.985723838438815,1.988534,-0.36830861000000004,0.0162230000000001,-0.18895692572026812,0.13647614052422713,0.972455395340881,-10.610166542475282,7.499867487847561,3.6904354171592537,3.757198655583875,3.176850282792976
05/05/2023 11:40:50.743468,3796,True,True,True,True,Eyes,1.457137,0.02331609,-3.540238,0.9875699,-0.1452575,0.06004956,0.0,0.0,0.0,0.0,0.0,0.0,0.0,-3.286654,-0.6652696,-1.839816,1.499739,0.03140996,-3.518436,0.08649291,0.7434259,-0.1167887,0.6528381,16.65327,97.21504,358.5714,0.3519799,0.006290281,-0.9359862,0.4508254,0.002401958,0.1028511,3.48838,-0.3331497,-3.504153,-0.2692245,0.2089604,1.992902,-0.1326432,-0.02388607,-0.9908761,0.2810903,0.9577588,-0.06071574,0.9504706,-0.2865792,-0.120326,moving,-10.879832010167487,7.888776041722206,-7.693607149798775,5.985723700451922,1.9886409999999999,-0.36455966,0.014282999999999824,-0.1870262946494804,0.13482870956409948,0.9730582626623234,-10.494160966718951,7.401758666030898,3.6478389714767334,3.711285097435378,3.138193223051827
05/05/2023 11:40:50.763008,3797,True,True,True,True,Eyes,1.460032,0.02364458,-3.539251,0.9876124,-0.1451345,0.05964612,0.0,0.0,0.0,0.0,0.0,0.0,0.0,-3.285718,-0.6493751,-1.850684,1.510637,0.03304021,-3.515615,0.08570571,0.7433828,-0.1137296,0.6535306,16.32658,97.17879,358.7325,0.354858,0.006270539,-0.9348989,0.4237759,0.002257841,0.09668004,3.500592,-0.3210813,-3.50405,-0.2648379,0.2089602,1.992901,-0.1311044,-0.02122732,-0.9911412,0.2760759,0.9594402,-0.05706667,0.9521521,-0.2811119,-0.1199266,moving,-10.783907701231172,7.602569230149364,-7.56972081344757,5.985720994709028,1.9899550000000001,-0.35412151000000003,0.011565000000000047,-0.18551753118001751,0.13000421713810079,0.974003123458157,-10.392937935059129,7.122647827938773,3.542403895032084,3.59794324108185,3.0435435827138195
05/05/2023 11:40:50.783211,3798,True,True,True,True,Eyes,1.463226,0.0239332,-3.538206,0.9876775,-0.1448701,0.05921028,0.0,0.0,0.0,0.0,0.0,0.0,0.0,-3.281066,-0.6339848,-1.868108,1.521572,0.03312837,-3.512959,0.08231573,0.7440408,-0.109996,0.6538565,15.74333,97.20681,358.7289,0.3575197,0.006261283,-0.9338843,0.3983493,0.00212237,0.09087923,3.514426,-0.3009706,-3.507226,-0.2603934,0.20896,1.9929,-0.1313917,-0.02135067,-0.9911005,0.2663357,0.96225,-0.05603766,0.954883,-0.2713284,-0.1207452,moving,-10.761407363926637,7.033906100524936,-7.4441264425675,5.985718288963392,1.992854,-0.33409897,0.005732999999999766,-0.18536282158259387,0.12033453114711648,0.9752744598965368,-10.35567687037252,6.569198347546381,3.437797510756535,3.4789438626570997,2.969440161447205
05/05/2023 11:40:50.793236,3799,True,True,True,True,Eyes,1.466707,0.02420539,-3.537104,0.9877108,-0.1448459,0.05871229,0.0,0.0,0.0,0.0,0.0,0.0,0.0,-3.274947,-0.6318688,-1.883379,1.531929,0.03243118,-3.510526,0.08084186,0.7445923,-0.108872,0.6536008,15.53382,97.26899,358.6958,0.3599944,0.006260419,-0.9329331,0.3744484,0.001995028,0.08542648,3.525441,-0.2943905,-3.511493,-0.2560972,0.2089602,1.992901,-0.1325414,-0.02192925,-0.9909348,0.2627061,0.963223,-0.05645395,0.9557292,-0.2678071,-0.121906,moving,-10.789077786438204,6.817881955315006,-7.322647087824317,5.985720994709028,1.9935119999999997,-0.32682168,-0.0009670000000001622,-0.18591623823516928,0.11664416625687943,0.9756174368158943,-10.376827973096885,6.359193750957573,3.5284348111015778,3.564917061117892,3.0769307401409307
05/05/2023 11:40:50.813155,3800,True,True,True,True,Eyes,1.470461,0.02449073,-3.535969,0.9877435,-0.1448358,0.05818417,0.0,0.0,0.0,0.0,0.0,0.0,0.0,-3.268369,-0.6392851,-1.896362,1.542305,0.03234154,-3.508184,0.080752,0.7449747,-0.1094524,0.653079,15.57821,97.33714,358.6529,0.3623081,0.006266674,-0.9320369,0.3519815,0.001875326,0.08030089,3.534984,-0.2959338,-3.516159,-0.2515522,0.2089603,1.992901,-0.1339339,-0.0226458,-0.9907315,0.2632785,0.9629986,-0.0576037,0.9553775,-0.2685534,-0.1230161,moving,-10.833363907593796,6.852879863353364,-7.19406450122406,5.985723838438815,1.992679,-0.32827534,-0.007975000000000065,-0.18665745267329348,0.11722330662969332,0.9754064384331269,-10.420942229378014,6.3935398455734935,3.702931972059959,3.741184269820015,3.252545736516444
05/05/2023 11:40:50.832972,3801,True,True,True,True,Eyes,1.474471,0.0247409,-3.534795,0.9877508,-0.1450169,0.05760574,0.0,0.0,0.0,0.0,0.0,0.0,0.0,-3.261861,-0.6494296,-1.908894,1.552613,0.0329495,-3.506235,0.08032504,0.7453614,-0.110209,0.6525629,15.61223,97.39926,358.5665,0.3644833,0.00627967,-0.9311883,0.3308626,0.001762807,0.07548284,3.544571,-0.2962443,-3.520887,-0.2473048,0.2089603,1.992901,-0.1354193,-0.02409424,-0.9904954,0.263579,0.9628037,-0.0594568,0.9550852,-0.2691253,-0.1240315,moving,-10.872655904507388,6.8584202291256,-7.073835405430872,5.985723838438815,1.991958,-0.32919380000000004,-0.014651999999999887,-0.18732454891777306,0.11730245816523391,0.9752689947641852,-10.45939414277911,6.399191097139749,3.8585475143837376,3.8977732328243127,3.4107129955557194
05/05/2023 11:40:50.843587,3802,True,True,True,True,Eyes,1.478714,0.02495299,-3.533613,0.9877264,-0.1454178,0.05701137,0.0,0.0,0.0,0.0,0.0,0.0,0.0,-3.255095,-0.6601478,-1.921674,1.562735,0.03239254,-3.504436,0.07981971,0.745777,-0.1111752,0.6519861,15.6587,97.46559,358.4578,0.3665406,0.006297808,-0.9303803,0.3110108,0.001657038,0.07095387,3.553882,-0.2980762,-3.526091,-0.2429524,0.2089603,1.992901,-0.1370861,-0.02591401,-0.9902202,0.2640247,0.9625378,-0.06174114,0.9547243,-0.2699065,-0.1251087,moving,-10.917562188093665,6.858953108297,-6.950569145122904,5.985723838438815,1.9911470000000002,-0.33046874000000004,-0.02165499999999998,-0.18808906820235516,0.11729408688051293,0.9751229018583827,-10.503184001188963,6.400007373956317,4.021834467382371,4.061965430763226,3.576688854700971
05/05/2023 11:40:50.863364,3803,True,True,True,True,Eyes,1.483195,0.02516819,-3.53241,0.9876522,-0.1461264,0.05648243,0.0,0.0,0.0,0.0,0.0,0.0,0.0,-3.249629,-0.6756769,-1.930957,1.572567,0.03173956,-3.503034,0.08153173,0.745859,-0.1135483,0.6512711,15.99661,97.52608,358.4335,0.3684963,0.006319562,-0.9296073,0.2923502,0.001557616,0.06669664,3.561143,-0.3103998,-3.530889,-0.2386455,0.2089603,1.992901,-0.1383975,-0.02627906,-0.9900283,0.2695237,0.9609187,-0.06318344,0.9529971,-0.2755804,-0.1259059,moving,-10.964061226633069,7.148919707613099,-6.828527824592287,5.985723838438815,1.988576,-0.34213936,-0.027855000000000185,-0.1887675685240417,0.12221133395847952,0.9743876296249426,-10.55632768177497,6.682448665109251,4.2476154050036365,4.296005254822102,3.7923498334555292
05/05/2023 11:40:50.882991,3804,True,True,True,True,Eyes,1.487904,0.02538001,-3.531209,0.9875628,-0.1469355,0.05594308,0.0,0.0,0.0,0.0,0.0,0.0,0.0,-3.243934,-0.6939045,-1.939929,1.582797,0.03202509,-3.501666,0.08340935,0.7459142,-0.1161901,0.6505036,16.37076,97.58768,358.4035,0.3703664,0.006344638,-0.9288638,0.2748092,0.001464159,0.06269484,3.568479,-0.3230073,-3.535907,-0.2341678,0.2089604,1.992902,-0.1397761,-0.02673176,-0.9898223,0.2755966,0.9590855,-0.06481955,0.9510569,-0.2818519,-0.12669,moving,-11.013812338955717,7.468066825195378,-6.701577315220184,5.985723700451922,1.985682,-0.35503239,-0.034240999999999744,-0.1894834980465278,0.12761898392412022,0.9735550072873147,-10.613428054773625,6.993303707001636,4.502144473951821,4.559902634860265,4.039528893094283
05/05/2023 11:40:50.893259,3805,True,True,True,True,Eyes,1.492831,0.02559221,-3.529983,0.9874474,-0.1480843,0.05494409,0.0,0.0,0.0,0.0,0.0,0.0,0.0,-3.238241,-0.7133804,-1.94854,1.592939,0.03227273,-3.500489,0.08379266,0.7459918,-0.1185468,0.6499398,16.60609,97.61868,358.2611,0.3721649,0.006372608,-0.9281445,0.2583206,0.001376309,0.05893315,3.576539,-0.3304591,-3.541003,-0.2292745,0.2089603,1.992901,-0.1411143,-0.02907933,-0.9895663,0.2791139,0.9578509,-0.06794953,0.9498329,-0.2857903,-0.12705,moving,-11.012861213398239,7.610110433954539,-6.562775220239065,5.985723838438815,1.9835999999999998,-0.36273183,-0.04051399999999994,-0.18940742360207385,0.13003411651766084,0.973250295209343,-10.616329414047664,7.131503594258115,4.675102888463682,4.737287953903862,4.212376152599459
05/05/2023 11:40:50.913348,3806,True,True,True,True,Eyes,1.497979,0.02580936,-3.528763,0.9873269,-0.1492332,0.05399041,0.0,0.0,0.0,0.0,0.0,0.0,0.0,-3.232755,-0.7387815,-1.95403,1.603031,0.03255604,-3.499138,0.08410533,0.7458315,-0.1217263,0.6494954,16.90745,97.60828,358.0435,0.3739034,0.006403167,-0.9274454,0.2428214,0.001293731,0.05539716,3.584335,-0.3398511,-3.543495,-0.2256232,0.2089603,1.992901,-0.1421637,-0.0326645,-0.989304,0.2835781,0.956218,-0.0723225,0.9483527,-0.2908266,-0.1266766,moving,-10.988014662467696,7.806360066363595,-6.459150370919905,5.985723838438815,1.9813039999999997,-0.37240714,-0.0443570000000002,-0.18890058958410838,0.13338016921583415,0.9728957896571195,-10.597398087763525,7.322286627639074,4.813392759977414,4.881119548391419,4.348734787893624
05/05/2023 11:40:50.933158,3807,True,True,True,True,Eyes,1.50333,0.02599735,-3.527562,0.9872071,-0.1504106,0.05290379,0.0,0.0,0.0,0.0,0.0,0.0,0.0,-3.228147,-0.7589198,-1.960619,1.613499,0.03290892,-3.498064,0.08316028,0.7457175,-0.1237796,0.6493601,17.01434,97.57295,357.7989,0.3755932,0.00643618,-0.926762,0.2282521,0.001216107,0.05207333,3.59364,-0.3424484,-3.54653,-0.2211048,0.2089601,1.9929,-0.1428317,-0.0367269,-0.9890653,0.2847832,0.9555259,-0.07660726,0.9478911,-0.2926111,-0.1260202,moving,-10.923521927101127,7.803841699021642,-6.330861446382376,5.985721132694636,1.9801410000000002,-0.37535732,-0.04846600000000034,-0.18780574100015246,0.13336592443020284,0.9731097326239191,-10.534461469940439,7.3194086155220415,4.87180798456799,4.939442547986263,4.410099257375943
05/05/2023 11:40:50.943313,3808,True,True,True,True,Eyes,1.508876,0.0261347,-3.526372,0.9870799,-0.1515902,0.05190063,0.0,0.0,0.0,0.0,0.0,0.0,0.0,-3.224485,-0.7703727,-1.968418,1.623774,0.03242361,-3.49682,0.08171028,0.7456462,-0.1246137,0.6494665,16.97603,97.52966,357.6024,0.3772433,0.006470615,-0.9260914,0.214557,0.00114314,0.04894893,3.603708,-0.3410891,-3.548772,-0.216877,0.20896,1.9929,-0.1430335,-0.04001091,-0.9889088,0.2837187,0.9555897,-0.07969927,0.9481799,-0.2919716,-0.1253296,moving,-10.840019853840507,7.6659742973454215,-6.21076261513942,5.985718288963392,1.979934,-0.37351270999999997,-0.051952,-0.18644522303829686,0.13105857533886264,0.9736846623783257,-10.449346095519905,7.184712064831002,4.861007012095234,4.924762211089011,4.404903630583036
05/05/2023 11:40:50.963377,3809,True,True,True,True,Eyes,1.514605,0.02622272,-3.525229,0.9869552,-0.1527426,0.05088331,0.0,0.0,0.0,0.0,0.0,0.0,0.0,-3.222956,-0.7812965,-1.973403,1.633988,0.03136041,-3.495896,0.08150263,0.745253,-0.1258657,0.6497026,17.06812,97.45839,357.4777,0.3788614,0.006504988,-0.9254303,0.2016836,0.001074552,0.04601199,3.612864,-0.3450608,-3.549917,-0.2127083,0.2089601,1.992901,-0.142488,-0.04207038,-0.9889022,0.2850306,0.9550303,-0.0816986,0.9478687,-0.2935085,-0.124089,moving,-10.727190858115797,7.676240416812688,-6.092285922640046,5.98571815097921,1.978876,-0.37642121,-0.0540210000000001,-0.1845219543850174,0.13128152722798547,0.9740209386132195,-10.339634959046858,7.193952617571933,4.870013662722285,4.933579764448553,4.415858281617344
05/05/2023 11:40:50.983665,3810,True,True,True,True,Eyes,1.520515,0.02626268,-3.524103,0.9868141,-0.1539534,0.0499623,0.0,0.0,0.0,0.0,0.0,0.0,0.0,-3.222075,-0.7892693,-1.978447,1.644241,0.03031791,-3.494927,0.08134145,0.7448299,-0.1267286,0.6500399,17.12953,97.38147,357.3859,0.3804549,0.00653801,-0.9247761,0.1895825,0.001010079,0.04325127,3.622229,-0.3480898,-3.550848,-0.2084115,0.2089603,1.992901,-0.1416635,-0.04358618,-0.9889549,0.2859284,0.9546469,-0.0830321,0.9477218,-0.2945328,-0.1227761,moving,-10.607672217028062,7.658982224698035,-5.970117004098108,5.985723838438815,1.9779879999999999,-0.37840771,-0.055920999999999665,-0.1824956676012383,0.13103854606640544,0.9744353131446133,-10.22266076041532,7.176368086513309,4.8675591583925435,4.930183767382369,4.416079950008307
05/05/2023 11:40:50.993213,3811,True,True,True,True,Eyes,1.526593,0.02626307,-3.523044,0.986657,-0.1552186,0.04914279,0.0,0.0,0.0,0.0,0.0,0.0,0.0,-3.221967,-0.799318,-1.981934,1.654515,0.02923032,-3.494248,0.08193409,0.7442541,-0.1281127,0.6503537,17.29365,97.29601,357.318,0.3820294,0.006568532,-0.9241266,0.1782076,0.0009494742,0.04065619,3.630922,-0.3547859,-3.551666,-0.2040433,0.20896,1.9929,-0.1406539,-0.04467762,-0.9890503,0.2885967,0.9537479,-0.08412456,0.947063,-0.2972691,-0.1212546,moving,-10.489420973106121,7.746183565662388,-5.8458650478027545,5.985718288963392,1.976407,-0.38401621999999996,-0.05741800000000019,-0.18044703172995852,0.13257238508713487,0.9746093036166334,-10.10973756667121,7.260429440923759,4.901720094121378,4.966069836589381,4.450336771312229
05/05/2023 11:40:51.013113,3812,True,True,True,True,Eyes,1.532847,0.02620912,-3.52201,0.9864936,-0.1564811,0.04841561,0.0,0.0,0.0,0.0,0.0,0.0,0.0,-3.222038,-0.8126959,-1.983734,1.664772,0.02837757,-3.493556,0.08261503,0.7435503,-0.1299609,0.6507057,17.50452,97.19122,357.2188,0.3835898,0.006595756,-0.9234798,0.1675151,0.0008925057,0.03821682,3.639308,-0.3627601,-3.551893,-0.1996717,0.2089602,1.9929,-0.1395138,-0.04627578,-0.9891383,0.2919895,0.9525698,-0.08574884,0.9461914,-0.3007811,-0.1193845,moving,-10.365151085193286,7.876030613844448,-5.721458135997284,5.985723976425849,1.9745360000000003,-0.39113767,-0.058337000000000305,-0.17827785368940868,0.13483496399558723,0.9746981933696444,-9.99209672447627,7.385944484589279,4.94667719483803,5.013695582091266,4.494326581912716
05/05/2023 11:40:51.032909,3813,True,True,True,True,Eyes,1.539258,0.02609917,-3.521037,0.9863232,-0.1577509,0.04776285,0.0,0.0,0.0,0.0,0.0,0.0,0.0,-3.22222,-0.8218333,-1.987688,1.675232,0.02703749,-3.493119,0.08254392,0.7429963,-0.1310436,0.6511304,17.5912,97.09348,357.1141,0.3851407,0.006618574,-0.9228339,0.1574642,0.0008389554,0.03592381,3.64871,-0.3669599,-3.552852,-0.1951935,0.2089602,1.9929,-0.1384317,-0.04799331,-0.9892085,0.2933126,0.9520281,-0.08723614,0.9459411,-0.3022235,-0.1177139,moving,-10.24406240315281,7.879857590106456,-5.593961463995109,5.985723976425849,1.9734779999999998,-0.39399739,-0.059733000000000036,-0.1762147296281505,0.1349510115006941,0.9750572725261784,-9.874160333648794,7.388865078690295,4.954529499127191,5.021073679087978,4.504320960660837
05/05/2023 11:40:51.043065,3814,True,True,True,True,Eyes,1.545834,0.02594019,-3.520091,0.9861423,-0.1590423,0.04721236,0.0,0.0,0.0,0.0,0.0,0.0,0.0,-3.222492,-0.833989,-1.990058,1.68557,0.02566636,-3.492638,0.08295868,0.7423214,-0.1326968,0.6515124,17.76445,96.98714,357.0059,0.3866863,0.006635956,-0.9221871,0.1480164,0.0007886181,0.03376838,3.657442,-0.3741511,-3.553142,-0.1909935,0.20896,1.9929,-0.1372992,-0.04974322,-0.9892799,0.2960712,0.9510188,-0.08891016,0.9452465,-0.3051046,-0.1158465,moving,-10.12740051134212,7.9690396888555055,-5.474334740818805,5.985718288963392,1.971872,-0.39981746,-0.06050399999999989,-0.1741912584210144,0.13651846701103204,0.9752026505450084,-9.762839858265009,7.47486421894381,4.989988556042882,5.058120682633595,4.539695115659147
05/05/2023 11:40:51.063139,3815,True,True,True,True,Eyes,1.552565,0.02572711,-3.519172,0.9860156,-0.1601249,0.04618649,0.0,0.0,0.0,0.0,0.0,0.0,0.0,-3.223373,-0.8454905,-1.992178,1.696103,0.02435737,-3.492335,0.08300012,0.7415993,-0.1341442,0.6520329,17.89057,96.86297,356.8781,0.3882295,0.00664715,-0.9215384,0.1391354,0.000741301,0.03174228,3.666685,-0.3796319,-3.553339,-0.1865656,0.2089598,1.9929,-0.1359282,-0.05182713,-0.9893622,0.2980385,0.9502326,-0.0907248,0.9448262,-0.3072,-0.113717,moving,-9.966255924310275,8.024165144119726,-5.348165002253438,5.985712601500817,1.9705820000000003,-0.40398927,-0.061003999999999614,-0.17142371568123638,0.13752443453612836,0.9755515765501309,-9.607238872601418,7.527431796599048,4.979556115661853,5.047975092340815,4.529526278720023
05/05/2023 11:40:51.083304,3816,True,True,True,True,Eyes,1.559446,0.02545288,-3.518286,0.9858773,-0.16122,0.04532206,0.0,0.0,0.0,0.0,0.0,0.0,0.0,-3.225117,-0.8532104,-1.994316,1.706544,0.02286668,-3.491966,0.08245238,0.7408491,-0.1349492,0.6527886,17.91477,96.71805,356.7456,0.3897744,0.006651361,-0.9208859,0.1307873,0.0006968229,0.02983774,3.6766,-0.3817964,-3.552675,-0.1823294,0.20896,1.9929,-0.1341374,-0.05401705,-0.9894895,0.2983561,0.9499806,-0.09230605,0.9449819,-0.307602,-0.1113116,moving,-9.786545659870765,7.97752849768912,-5.227408887599875,5.985718288963392,1.970056,-0.40466307999999995,-0.06070899999999968,-0.16838000951049636,0.13680316130381956,0.9761829211948236,-9.430796895403766,7.480863334365889,4.909153736910748,4.975242307250638,4.46138201132129
05/05/2023 11:40:51.093293,3817,True,True,True,True,Eyes,1.566481,0.02514382,-3.517418,0.9857556,-0.1622927,0.04412555,0.0,0.0,0.0,0.0,0.0,0.0,0.0,-3.229236,-0.859854,-1.993591,1.716995,0.02114424,-3.491876,0.0826674,0.7397776,-0.1358994,0.6537789,18.0088,96.53348,356.6613,0.3913227,0.006647684,-0.920229,0.12294,0.0006550135,0.02804748,3.686047,-0.386742,-3.550761,-0.1780159,0.20896,1.992901,-0.1314791,-0.05538533,-0.9897708,0.3000073,0.9493949,-0.09297831,0.9448329,-0.3091631,-0.1082096,moving,-9.547666945002963,8.015791023977606,-5.104398866439627,5.985715307249363,1.9690519999999998,-0.40788623999999996,-0.058885000000000076,-0.16429145837557957,0.13755121013506538,0.9767743182857833,-9.198964699485026,7.516508057682613,4.819958498215444,4.885062807541946,4.371360864298641
05/05/2023 11:40:51.113452,3818,True,True,True,True,Eyes,1.57367,0.02479605,-3.516596,0.9856318,-0.1633043,0.04314711,0.0,0.0,0.0,0.0,0.0,0.0,0.0,-3.235192,-0.8656054,-1.990715,1.727689,0.02000874,-3.491901,0.08307824,0.7384619,-0.1367379,0.6550382,18.10686,96.30943,356.5959,0.3928771,0.006635997,-0.9195666,0.1155636,0.0006157127,0.02636463,3.69571,-0.3913133,-3.547758,-0.1734764,0.2089599,1.9929,-0.128046,-0.0564369,-0.9901611,0.3018373,0.9488015,-0.09311262,0.9447213,-0.3107902,-0.1044555,moving,-9.280485412699743,8.067576435574068,-4.97489818100776,5.985715445232119,1.968021,-0.41132204,-0.055857000000000046,-0.15971257721237453,0.13853947956218166,0.9773938397360109,-8.939906866661053,7.5651226467441175,4.718431767737394,4.78249167200703,4.267999646847925
05/05/2023 11:40:51.132945,3819,True,True,True,True,Eyes,1.581001,0.02439314,-3.515874,0.9855398,-0.1641492,0.04202712,0.0,0.0,0.0,0.0,0.0,0.0,0.0,-3.242842,-0.867345,-1.987485,1.738541,0.01873464,-3.49221,0.0828116,0.737049,-0.1368764,0.6566324,18.09074,96.0507,356.521,0.39444,0.006616082,-0.9188974,0.1086298,0.0005787699,0.02478275,3.706412,-0.3920818,-3.543715,-0.1692038,0.2089599,1.9929,-0.1239525,-0.05768255,-0.9906102,0.3018273,0.9488142,-0.09301566,0.9452704,-0.3105228,-0.1001978,moving,-8.963812518151832,8.017609569935374,-4.852962498614228,5.985715445232119,1.967871,-0.41081644,-0.051505000000000134,-0.1543240505802423,0.13780654397556538,0.9783626014470255,-8.629861363910475,7.514405672829329,4.525304695392339,4.585595012333288,4.074537869578253
05/05/2023 11:40:51.148407,3820,True,True,True,True,Eyes,1.588487,0.02394346,-3.515207,0.9854504,-0.1649069,0.04114821,0.0,0.0,0.0,0.0,0.0,0.0,0.0,-3.251449,-0.8650836,-1.984579,1.749412,0.01706124,-3.492579,0.08225708,0.7356144,-0.1364523,0.6583967,18.00308,95.78066,356.4637,0.396012,0.00658732,-0.9182212,0.102112,0.0005440437,0.02329579,3.717633,-0.3908598,-3.539416,-0.1648436,0.2089601,1.9929,-0.1194953,-0.05866047,-0.9911004,0.3006984,0.9492291,-0.0924369,0.9462036,-0.3090681,-0.0957894,moving,-8.642051211104725,7.904226773525547,-4.728481362670859,5.985721132694636,1.9682210000000002,-0.40792103999999996,-0.04683700000000002,-0.1488651829332448,0.13598532338868008,0.9794626592408213,-8.313146315944783,7.401952253315752,4.3031394773519285,4.3585195711928035,3.854287666255087
05/05/2023 11:40:51.163350,3821,True,True,True,True,Eyes,1.596124,0.02346375,-3.514652,0.9853987,-0.1654572,0.04016676,0.0,0.0,0.0,0.0,0.0,0.0,0.0,-3.261815,-0.8604347,-1.980731,1.760594,0.01547992,-3.493301,0.08210433,0.73402,-0.1358177,0.6603235,17.9277,95.49158,356.4547,0.3975947,0.006549375,-0.9175373,0.0,0.0,0.0,3.729049,-0.3900995,-3.534739,-0.1603607,0.2089599,1.9929,-0.1144636,-0.05883478,-0.9916837,0.2998997,0.9496248,-0.09095499,0.9470788,-0.3078166,-0.09105299,moving,-8.291269978453013,7.824668013062065,-4.600450561940866,5.985715445232119,1.9684549999999998,-0.40557941999999997,-0.041437999999999864,-0.1428903203655476,0.13474509971178245,0.980523414331305,-7.969053762093862,7.322216643974063,4.0725561667593695,4.123577877527163,3.6240478714166655
05/05/2023 11:40:51.183055,3822,True,True,True,True,Eyes,1.603925,0.02297454,-3.514158,0.9853761,-0.1657675,0.03943441,0.0,0.0,0.0,0.0,0.0,0.0,0.0,-3.273156,-0.8479192,-1.977928,1.771705,0.01443636,-3.493647,0.08135734,0.7324703,-0.1339021,0.6625244,17.69567,95.19511,356.495,0.3991887,0.006502381,-0.9168453,0.0,0.0,0.0,3.741494,-0.3835315,-3.529053,-0.1561665,0.20896,1.9929,-0.108885,-0.05824314,-0.9923467,0.2966105,0.9509025,-0.08835617,0.948771,-0.3039611,-0.08626354,moving,-7.929944020064927,7.608537795510087,-4.480623251591801,5.985718288963392,1.9697889999999998,-0.39796786,-0.03540600000000005,-0.13677036523248354,0.13115986169210983,0.981881333499414,-7.611000967618942,7.109529230619904,3.767558051797471,3.8120016939461734,3.3259909316752796
05/05/2023 11:40:51.192777,3823,True,True,True,True,Eyes,1.611884,0.02249595,-3.513737,0.9854195,-0.1656955,0.03864457,0.0,0.0,0.0,0.0,0.0,0.0,0.0,-3.286001,-0.8305771,-1.97631,1.783374,0.01366369,-3.494689,0.08028939,0.7309352,-0.1311928,0.6648878,17.37076,94.89421,356.571,0.4007961,0.006446974,-0.9161442,0.0,0.0,0.0,3.755072,-0.3735784,-3.523854,-0.1519296,0.2089602,1.992901,-0.1029555,-0.05708433,-0.9930466,0.2918297,0.9526842,-0.08501995,0.9509131,-0.2985538,-0.08142508,moving,-7.5520283347627615,7.326421009616933,-4.359533946408378,5.985720994709028,1.9716980000000002,-0.38724209,-0.029164999999999885,-0.1303717470816339,0.1264336135019526,0.9833706022811066,-7.23499764185301,6.8325279113991,3.425395726755621,3.462585298537537,2.997561245074776
05/05/2023 11:40:51.213047,3824,True,True,True,True,Eyes,1.620006,0.02198127,-3.513387,0.9855134,-0.1652679,0.03807656,0.0,0.0,0.0,0.0,0.0,0.0,0.0,-3.298971,-0.8116733,-1.97507,1.79538,0.0132394,-3.49562,0.07863889,0.729405,-0.1280684,0.6673701,16.96515,94.58333,356.6304,0.4024172,0.006384283,-0.9154338,0.0,0.0,0.0,3.769442,-0.3604527,-3.518424,-0.1475513,0.2089599,1.9929,-0.09686633,-0.05621883,-0.9937084,0.2856572,0.9548288,-0.08186497,0.9534238,-0.2917899,-0.07643148,moving,-7.176168504990641,6.980841877354629,-4.234366910185475,5.985715445232119,1.9740620000000002,-0.3736921,-0.022803999999999824,-0.12400880030184597,0.12059932121548328,0.9849251676860864,-6.859287887581588,6.493792361789693,3.0758815773694526,3.1055552223567195,2.673640269503887
05/05/2023 11:40:51.233314,3825,True,True,True,True,Eyes,1.628268,0.02143824,-3.513098,0.9856099,-0.1648424,0.03741818,0.0,0.0,0.0,0.0,0.0,0.0,0.0,-3.311266,-0.7887444,-1.977152,1.807359,0.01177632,-3.497005,0.07615063,0.7281599,-0.1242713,0.6697319,16.43813,94.30704,356.6793,0.404053,0.006314102,-0.9147136,0.0,0.0,0.0,3.784447,-0.3441296,-3.514568,-0.1433129,0.20896,1.9929,-0.09132049,-0.05555722,-0.9942706,0.2773566,0.9575155,-0.07897771,0.9564173,-0.2829798,-0.07203157,moving,-6.823264086103716,6.509258455351884,-4.113158636511344,5.985718288963392,1.9770880000000002,-0.35590592,-0.017562999999999995,-0.11805196134873691,0.11257105948751481,0.9866060525852542,-6.5025592795528295,6.032608850079692,2.7389150636766098,2.760211197305808,2.389860698385758
05/05/2023 11:40:51.243277,3826,True,True,True,True,Eyes,1.63668,0.02096987,-3.512872,0.9856788,-0.164514,0.03704872,0.0,0.0,0.0,0.0,0.0,0.0,0.0,-3.32421,-0.7762343,-1.972708,1.818914,0.01050957,-3.497989,0.07544608,0.7264013,-0.1224327,0.6720561,16.21715,93.9833,356.7191,0.4057042,0.006236441,-0.9139829,0.0,0.0,0.0,3.797043,-0.3381087,-3.508606,-0.139008,0.2089602,1.992901,-0.08529707,-0.05495502,-0.994839,0.2741715,0.9586362,-0.07646248,0.9578907,-0.2792785,-0.06670174,moving,-6.463578344497181,6.338164756408136,-3.9900088670214076,5.985720994709028,1.978129,-0.34861827,-0.010616999999999877,-0.11189217109536254,0.10970312358090624,0.9876464586800467,-6.147319279234011,5.863752137168288,2.481026765855004,2.498552093725562,2.1607555661968583
05/05/2023 11:40:51.263214,3827,True,True,True,True,Eyes,1.645254,0.02067132,-3.512689,0.9857261,-0.1643339,0.03658399,0.0,0.0,0.0,0.0,0.0,0.0,0.0,-3.337985,-0.7807459,-1.961041,1.830877,0.0118528,-3.499305,0.07643073,0.7240797,-0.1230561,0.6743323,16.33688,93.60065,356.6978,0.4073713,0.006153984,-0.9132416,0.0,0.0,0.0,3.807972,-0.3410808,-3.501,-0.1347348,0.2089602,1.992901,-0.07886842,-0.0552776,-0.9953513,0.2766454,0.9580311,-0.07512547,0.9577302,-0.2812843,-0.06026606,moving,-6.070040759197557,6.4962046464173975,-3.867731446161015,5.985720994709028,1.9770949999999998,-0.3529336,-0.00169499999999978,-0.10507270201112195,0.112511128620553,0.9880794180952013,-5.767951074958383,6.014912736716598,2.2430593281196787,2.2606989779599136,1.9004438417033647
05/05/2023 11:40:51.283166,3828,True,True,True,True,Eyes,1.653974,0.02036592,-3.512565,0.9858367,-0.1637257,0.03633074,0.0,0.0,0.0,0.0,0.0,0.0,0.0,-3.353016,-0.7838773,-1.948173,1.843222,0.01561185,-3.500694,0.07544741,0.7216467,-0.1226542,0.6771185,16.21245,93.16003,356.5843,0.4090554,0.006071583,-0.9124891,0.0,0.0,0.0,3.820767,-0.3330497,-3.491949,-0.130425,0.20896,1.9929,-0.07163622,-0.05721011,-0.9957887,0.2749956,0.9585273,-0.07485233,0.958773,-0.2791997,-0.05293276,moving,-5.6265108000230954,6.429386266325108,-3.74437284448249,5.985718288963392,1.977545,-0.34866155,0.008745000000000225,-0.09743262283204202,0.11144582935609885,0.9889826781615176,-5.333788700626656,5.94695825831483,1.9189728674225894,1.9337229785630634,1.5898883934850179
05/05/2023 11:40:51.298579,3829,True,True,True,True,Eyes,1.662766,0.02015219,-3.512445,0.985815,-0.1639142,0.0360671,0.0,0.0,0.0,0.0,0.0,0.0,0.0,-3.364143,-0.7678944,-1.949285,1.855411,0.01506585,-3.502008,0.071323,0.7203853,-0.1192257,0.679517,15.58735,92.86137,356.4721,0.4107566,0.005989066,-0.9117251,0.0,0.0,0.0,3.836268,-0.3121177,-3.488622,-0.1253487,0.2089599,1.9929,-0.06633932,-0.05927164,-0.996035,0.2647918,0.9613966,-0.07484639,0.9620209,-0.2687072,-0.04808369,moving,-5.283021708711128,5.806845045138676,-3.5990280621314517,5.985715445232119,1.980857,-0.32718355,0.01338600000000012,-0.0916070206670202,0.1007497315631511,0.9906853992279865,-4.982169531478943,5.338957622367174,1.6860652381983605,1.6934666284725848,1.5268844113637878
05/05/2023 11:40:51.313092,3830,True,True,True,True,Eyes,1.671716,0.0200911,-3.51238,0.9857791,-0.164132,0.03605883,0.0,0.0,0.0,0.0,0.0,0.0,0.0,-3.381383,-0.7863708,-1.923677,1.865801,0.01712454,-3.503021,0.07668591,0.7169509,-0.1230464,0.68188,16.32095,92.37672,356.5444,0.4124739,0.005908823,-0.9109499,0.0,0.0,0.0,3.841883,-0.3357047,-3.476132,-0.1216298,0.2089602,1.9929,-0.05831802,-0.05784564,-0.9966208,0.2777658,0.9579577,-0.07185524,0.9588771,-0.2810176,-0.03979862,moving,-4.846235697695279,6.568836662870295,-3.4925188497559114,5.985723976425849,1.9760820000000001,-0.35282924000000004,0.02688899999999972,-0.08393125747167202,0.1139931906302527,0.9899298374889698,-4.576920394472394,6.077466942942594,1.4617234853605048,1.4739639444326162,1.0882754624123367
05/05/2023 11:40:51.329152,3831,True,True,True,True,Eyes,1.671716,0.0200911,-3.51238,0.9857791,-0.164132,0.03605883,0.0,0.0,0.0,0.0,0.0,0.0,0.0,-3.393764,-0.7942709,-1.913398,1.878509,0.02074257,-3.504335,0.07698835,0.7147881,-0.1235878,0.6840153,16.37965,92.01287,356.4737,0.4142082,0.005834526,-0.9101632,0.0,0.0,0.0,3.85381,-0.3342464,-3.469662,-0.117106,0.2089601,1.992901,-0.05239183,-0.05901121,-0.9968816,0.2791326,0.9575977,-0.07135578,0.9588224,-0.2820007,-0.03369831,moving,-4.498424666699575,6.648010539005953,-3.3629231194639213,5.98571815097921,1.9753010000000002,-0.35498897,0.034673000000000176,-0.07790753051873467,0.11541762696265605,0.9902571255570749,-4.240001607173521,6.15219538623312,1.3035401761079688,1.3145322251708889,0.8927381158328256
05/05/2023 11:40:51.343447,3832,True,True,True,True,Eyes,1.671716,0.0200911,-3.51238,0.9857791,-0.164132,0.03605883,0.0,0.0,0.0,0.0,0.0,0.0,0.0,-3.407157,-0.7849299,-1.906003,1.889757,0.02318865,-3.505133,0.07516613,0.7128721,-0.1214313,0.6865988,16.04236,91.65003,356.4456,0.4157674,0.005767656,-0.9094524,0.0,0.0,0.0,3.866677,-0.3203751,-3.462193,-0.1130186,0.2089601,1.992901,-0.04586445,-0.05958147,-0.9971694,0.2739168,0.959209,-0.06991202,0.9606593,-0.2763479,-0.02767328,moving,-4.118873444064383,6.335215023502261,-3.245801085860046,5.98571815097921,1.9769200000000002,-0.34356375,0.042939999999999756,-0.07138962474840954,0.11006365084452291,0.9913574032017085,-3.861577037698244,5.84533330020739,0.9332858434781509,0.9404272468212929,0.6315757509503236
05/05/2023 11:40:51.362948,3833,True,True,True,True,Eyes,1.681713,0.02043024,-3.512367,0.9857656,-0.164128,0.03644476,0.0,0.0,0.0,0.0,0.0,0.0,0.0,-3.418372,-0.8122415,-1.887192,1.901338,0.02722895,-3.505805,0.07560722,0.7101805,-0.124643,0.6887607,16.33116,91.20288,356.1576,0.4171699,0.005707446,-0.9088103,0.0,0.0,0.0,3.876052,-0.3260811,-3.452761,-0.1087341,0.2089603,1.992901,-0.03978453,-0.06430888,-0.9971367,0.279088,0.9574953,-0.07288753,0.9594411,-0.2811887,-0.02014569,moving,-3.7521271230624174,6.635437363572113,-3.1230021274735655,5.985723838438815,1.974714,-0.35331005,0.05304399999999987,-0.06500368287814651,0.1153071417641692,0.9912006978050776,-3.5121577418842937,6.135012849683142,0.8979614046644484,0.9043925722913747,0.4168084705301706
05/05/2023 11:40:51.383265,3834,True,True,True,True,Eyes,1.691743,0.0207961,-3.512346,0.9857675,-0.1639891,0.03701217,0.0,0.0,0.0,0.0,0.0,0.0,0.0,-3.425252,-0.8208278,-1.883957,1.913494,0.03066424,-3.506137,0.06915947,0.7087879,-0.1233022,0.6911103,15.68711,90.85263,355.6877,0.4186423,0.005661387,-0.9081332,0.0,0.0,0.0,3.891721,-0.3000216,-3.447215,-0.1043604,0.2089601,1.992901,-0.03516722,-0.07239212,-0.9967563,0.2684697,0.9600271,-0.07919659,0.9626462,-0.2703839,-0.01432636,moving,-3.4406474335742137,5.996610811810325,-2.9976169675997912,5.98571815097921,1.978227,-0.33068584,0.05892199999999992,-0.0596873163017595,0.10428337233530044,0.9927549003808744,-3.191303001461284,5.5113791122740805,0.44069626668807726,0.44316435308076796,0.5123590570612581
05/05/2023 11:40:51.393272,3835,True,True,True,True,Eyes,1.701809,0.02115056,-3.512275,0.9857312,-0.1640889,0.0375325,0.0,0.0,0.0,0.0,0.0,0.0,0.0,-3.43106,-0.8380119,-1.876449,1.924278,0.03168461,-3.505944,0.06602476,0.7071329,-0.1244178,0.69291,15.51307,90.52281,355.2946,0.4201773,0.005628746,-0.9074243,0.0,0.0,0.0,3.903139,-0.2927628,-3.441517,-0.0999599,0.2089602,1.992901,-0.03103348,-0.07904407,-0.996388,0.2657972,0.9603219,-0.08446141,0.9635295,-0.2674582,-0.008792344,moving,-3.170147227052428,5.820367441258804,-2.8714344994010905,5.985720994709028,1.978861,-0.32444741,0.06442699999999979,-0.05501704838917382,0.10125634853465384,0.9933378733245157,-2.922863949277946,5.338103279394768,0.3407194716165024,0.3414250888548148,0.6496565965981547
05/05/2023 11:40:51.413509,3836,True,True,True,True,Eyes,1.711904,0.02148833,-3.512168,0.9856895,-0.1641615,0.03830476,0.0,0.0,0.0,0.0,0.0,0.0,0.0,-3.440509,-0.8548455,-1.861562,1.935163,0.03179393,-3.505339,0.06680316,0.7047305,-0.1268127,0.6948461,15.75791,90.13188,355.1079,0.421769,0.005607868,-0.9066858,0.0,0.0,0.0,3.912092,-0.3012109,-3.432539,-0.0955186,0.20896,1.9929,-0.02545285,-0.08207417,-0.9963012,0.2703871,0.9589118,-0.08590174,0.9624153,-0.2715734,-0.002215262,moving,-2.869380309637949,6.081448267185304,-2.7440552150910253,5.985718288963392,1.976929,-0.33300483000000003,0.07280000000000042,-0.04977818574351511,0.1058107758701372,0.9931395949538017,-2.6367076351296554,5.590136291075879,0.15669627414063628,0.1577041789350019,0.4098885457978047
05/05/2023 11:40:51.433057,3837,True,True,True,True,Eyes,1.72202,0.02181909,-3.512022,0.9856173,-0.1643671,0.03927023,0.0,0.0,0.0,0.0,0.0,0.0,0.0,-3.452824,-0.8540303,-1.848569,1.945918,0.0317307,-3.504421,0.0667491,0.7023367,-0.1266798,0.6972948,15.72565,89.73003,355.059,0.4234117,0.00559713,-0.9059197,0.0,0.0,0.0,3.922415,-0.3004447,-3.422116,-0.0913282,0.20896,1.9929,-0.01864916,-0.08290569,-0.996383,0.270427,0.9589936,-0.08485617,0.9625599,-0.2710313,0.004535524,moving,-2.529213194844399,6.066345688618074,-2.623845627295987,5.985718288963392,1.976497,-0.3321754,0.08230499999999985,-0.04388213075732822,0.10557820862655862,0.9934423773170523,-2.3046992268444466,5.573185918735906,0.12416307293258116,0.12432246316245531,0.5215720289726846
05/05/2023 11:40:51.444074,3838,True,True,True,True,Eyes,1.732171,0.02217791,-3.511833,0.9855272,-0.1645833,0.04060025,0.0,0.0,0.0,0.0,0.0,0.0,0.0,-3.467635,-0.8571328,-1.8285,1.956526,0.03195376,-3.503364,0.06809232,0.6993034,-0.1275249,0.7000542,15.88419,89.24483,355.0307,0.4251012,0.005595319,-0.9051282,0.0,0.0,0.0,3.931294,-0.3060191,-3.408791,-0.08696601,0.2089599,1.9929,-0.01057546,-0.08331425,-0.9964672,0.273783,0.9582017,-0.0830205,0.9617335,-0.2736937,0.01267664,moving,-2.1427170882382547,6.247362911664322,-2.4986833709677856,5.985715445232119,1.9747679999999999,-0.33797286,0.09457300000000002,-0.037167018650737016,0.108745929213772,0.9933744714269849,-1.9328145027482089,5.7467497967248,0.44093693534938083,0.4417820629345098,0.6142574030377069
05/05/2023 11:40:51.463415,3839,True,True,True,True,Eyes,1.986674,0.03055584,-3.507072,0.9834635,-0.1631574,0.07860859,0.0,0.0,0.0,0.0,0.0,0.0,0.0,-3.486768,-0.8519892,-1.803839,1.96745,0.03298691,-3.502188,0.06904849,0.6956977,-0.1271544,0.7036114,15.9077,88.66092,355.0573,0.4268332,0.005602242,-0.9043127,0.0,0.0,0.0,3.941001,-0.3061826,-3.391665,-0.08268438,0.20896,1.9929,-0.0003268336,-0.08286078,-0.9965612,0.2750083,0.9581282,-0.07975538,0.9614419,-0.2740886,0.02247424,moving,-3.756861419022037,6.205512542907225,-2.37580936749183,5.985718288963392,1.973551,-0.33916951,0.1105229999999997,-0.06514033861567547,0.10786542847639835,0.9920291775212239,-3.5051849593861544,5.716734164340014,1.3894833138965204,1.3984327953471767,1.160965842247764
05/05/2023 11:40:51.482976,3840,True,True,True,True,Eyes,1.987092,0.03053941,-3.507006,0.9834264,-0.1632113,0.0789597,0.0,0.0,0.0,0.0,0.0,0.0,0.0,-3.503815,-0.8346949,-1.788097,1.97827,0.03281324,-3.500871,0.06768157,0.6928312,-0.1245649,0.7070275,15.56375,88.1673,355.0956,0.4366913,0.005919525,-0.8995917,0.7635094,0.02513379,0.01428223,3.952821,-0.294921,-3.377852,-0.07795744,0.2089602,1.992901,0.008937109,-0.08235783,-0.9965628,0.2699254,0.9598055,-0.07689948,0.9628398,-0.2683104,0.03080838,moving,-3.253729873431038,5.905774369181868,-2.240129402546048,5.985720994709028,1.9745510000000002,-0.32773424,0.12301900000000021,-0.05645750077144146,0.10272867292462941,0.9931059446275246,-3.0066438885290934,5.421757149522339,1.0117253494123335,1.0167484337393655,0.9516300099826653
05/05/2023 11:40:51.493388,3841,True,True,True,True,Eyes,1.987921,0.03055181,-3.506854,0.9833652,-0.1633305,0.0794735,0.0,0.0,0.0,0.0,0.0,0.0,0.0,-3.520832,-0.8245658,-1.767699,1.988662,0.03239915,-3.499299,0.06943109,0.689635,-0.1239199,0.7100893,15.63592,87.66908,355.2213,0.444755,0.006174956,-0.8956307,0.7176988,0.02362576,0.01342529,3.961671,-0.2982724,-3.362635,-0.07397202,0.2089598,1.9929,0.01809496,-0.08022419,-0.9966125,0.2717526,0.9596463,-0.07231446,0.962197,-0.2695236,0.03916589,moving,-2.7842114040920154,6.019554018677025,-2.12571616854661,5.985712601500817,1.973009,-0.33067155,0.13666400000000012,-0.048307328806520666,0.10474543872392819,0.9933251235389396,-2.552015123130422,5.529349368572364,0.6556189053554972,0.6593642519522065,0.6244983579227091
05/05/2023 11:40:51.512851,3842,True,True,True,True,Eyes,1.98913,0.0306012,-3.506618,0.9832894,-0.1633686,0.08032899,2.000637,3.956336,-0.2962402,-3.345909,-0.9577934,0.2728519,0.09046303,-0.07167019,0.2088694,1.978028,1.999324,0.03309319,-3.497575,0.07131564,0.6863562,-0.1230436,0.7132247,15.70186,87.16237,355.3753,0.4513727,0.006381038,-0.8923124,0.6746369,0.02220822,0.01261978,3.970716,-0.3003391,-3.34727,-0.06959957,0.2089597,1.992899,0.0275508,-0.07761964,-0.9966022,0.2734113,0.9595487,-0.06717537,0.9615026,-0.2706316,0.04765842,moving,-2.3220452391653157,6.129320184937396,-2.00017238733048,5.985712739482285,1.9713919999999998,-0.33343229,0.1503049999999999,-0.040285006645023436,0.10668622345076617,0.9934763501051063,-2.104445346948817,5.633085288073276,0.3502575072557949,0.35245599886855766,0.3677213205605302
05/05/2023 11:40:51.529323,3843,True,True,True,True,Eyes,1.990692,0.03065482,-3.506258,0.9831964,-0.1634381,0.08132005,2.013936,3.970787,-0.2984991,-3.342485,-0.6349052,-0.1784162,-0.7517068,-0.05425335,0.2045089,1.983817,2.009576,0.03400321,-3.495431,0.07173637,0.6831397,-0.1214021,0.7165444,15.58537,86.64632,355.4765,0.4568254,0.006548167,-0.889532,0.6341587,0.02087572,0.01186259,3.980319,-0.2958227,-3.331202,-0.06534505,0.2089601,1.9929,0.03716348,-0.07596808,-0.9964175,0.2719919,0.9602308,-0.06306464,0.9615818,-0.2686737,0.05634825,moving,-1.84827953816102,6.050725125421611,-1.877994230354741,5.985721132694636,1.9707430000000001,-0.32982591,0.16422899999999974,-0.032073473849202117,0.10535466788122415,0.9939174061598147,-1.640491179347835,5.553471779226924,0.07146689293856359,0.07147364551088906,0.49320097608464214
05/05/2023 11:40:51.543092,3844,True,True,True,True,Eyes,1.992574,0.03069225,-3.505808,0.9830472,-0.1636621,0.0826623,0.0,0.0,0.0,0.0,0.0,0.0,0.0,-3.571546,-0.7877572,-1.704186,2.019602,0.03412003,-3.492964,0.07287762,0.6797835,-0.1203375,0.7197933,15.57625,86.1209,355.5849,0.4613405,0.006684047,-0.8871977,0.5961092,0.01962318,0.01115083,3.98896,-0.2958034,-3.314603,-0.06098919,0.2089599,1.9929,0.04682678,-0.07415423,-0.9961468,0.2723182,0.9604155,-0.05869325,0.9610672,-0.2685205,0.06516666,moving,-1.3930367108312665,6.067335652409432,-1.752889199377234,5.985715445232119,1.9693580000000002,-0.32992343,0.1783610000000002,-0.024174583786492843,0.1056662990424831,0.9941078206064744,-1.1971595581099352,5.566614640380874,0.36727882917213567,0.3689927800545605,0.6960466355137718
05/05/2023 11:40:51.563117,3845,True,True,True,True,Eyes,1.994746,0.03071037,-3.50524,0.9828408,-0.1641535,0.08412866,0.0,0.0,0.0,0.0,0.0,0.0,0.0,-3.589494,-0.7756267,-1.677987,2.029115,0.03377378,-3.490452,0.07602839,0.6760533,-0.1199908,0.7230312,15.79416,85.56889,355.7855,0.4651023,0.006794427,-0.8852306,0.5603426,0.01844579,0.01048178,3.995544,-0.3041231,-3.296782,-0.05667353,0.20896,1.9929,0.05710843,-0.07071574,-0.9958605,0.2763127,0.9596438,-0.0522986,0.9593697,-0.2721821,0.07434341,moving,-0.9248435253320634,6.295526592388709,-1.6289222614865548,5.985718288963392,1.9664290000000002,-0.33789687999999996,0.19367,-0.016043551949087298,0.10964259534069143,0.993841610553764,-0.7469064586604437,5.7855360320199365,0.7661747381038307,0.7692256181226542,0.9044472413745122
05/05/2023 11:40:51.573082,3846,True,True,True,True,Eyes,1.997191,0.03073606,-3.504575,0.9825452,-0.1649735,0.0859581,0.0,0.0,0.0,0.0,0.0,0.0,0.0,-3.607855,-0.7666712,-1.647846,2.038279,0.03336869,-3.487708,0.08034741,0.6719781,-0.1205079,0.7262698,16.18055,84.98345,355.9961,0.4682606,0.006883854,-0.8835633,0.5267221,0.01733904,0.009852876,4.000498,-0.3182825,-3.277735,-0.05230328,0.20896,1.9929,0.06784675,-0.06705905,-0.9954396,0.2830258,0.9580443,-0.0452495,0.9567096,-0.278665,0.08397964,moving,-0.45229789685471183,6.66982972330852,-1.5033716882109622,5.985718288963392,1.9622190000000002,-0.35165119,0.2099730000000002,-0.007840582234341198,0.11614418329882434,0.9932014773735365,-0.29634871129873575,6.146593421644644,1.249742182847399,1.254099106720737,1.2176967089999313
05/05/2023 11:40:51.592898,3847,True,True,True,True,Eyes,1.999919,0.03079083,-3.503859,0.9822044,-0.1659681,0.08791451,0.0,0.0,0.0,0.0,0.0,0.0,0.0,-3.625554,-0.764098,-1.614846,2.047248,0.03364438,-3.484804,0.08508317,0.6676958,-0.1219707,0.7294289,16.67861,84.37542,356.1501,0.4709657,0.006957727,-0.8821238,0.4951187,0.0162987,0.009261703,4.004306,-0.3355524,-3.258558,-0.04748257,0.2089598,1.992899,0.07861115,-0.06431861,-0.9948284,0.2915573,0.955768,-0.03875444,0.9533178,-0.2870029,0.09388656,moving,0.02466622369929848,7.142337743539881,-1.3648640712523035,5.985715583215013,1.9570579999999995,-0.36919678,0.22624600000000017,0.0004271661847452535,0.12433468938872186,0.9922401711325594,0.15586932654869157,6.603173321152807,1.8019926476085102,1.807918488854752,1.641305616065033
05/05/2023 11:40:51.613109,3848,True,True,True,True,Eyes,2.002904,0.03087204,-3.503048,0.9818311,-0.1669914,0.09012058,0.0,0.0,0.0,0.0,0.0,0.0,0.0,-3.641454,-0.7566496,-1.588431,2.056678,0.03449592,-3.482054,0.08831622,0.6639832,-0.1221697,0.7323943,16.95387,83.83931,356.3034,0.4734559,0.007025383,-0.8807892,0.4654116,0.01532078,0.008706001,4.009993,-0.3444776,-3.24087,-0.0437299,0.20896,1.9929,0.08840191,-0.06167173,-0.994174,0.2962337,0.9545497,-0.03287261,0.9510158,-0.2916017,0.1026532,moving,0.4332551868726871,7.382398850942483,-1.2570308070002243,5.985718288963392,1.953315,-0.37897352,0.24118400000000007,0.007498980584087156,0.12848734822079202,0.9916828737948915,0.547699162010754,6.834039461197895,2.1845711161754346,2.1926658051999546,1.9941662599461678
05/05/2023 11:40:51.632986,3849,True,True,True,True,Eyes,2.006132,0.03094709,-3.502164,0.9814728,-0.1678978,0.09231056,0.0,0.0,0.0,0.0,0.0,0.0,0.0,-3.655618,-0.7419143,-1.567932,2.065789,0.035206,-3.479031,0.09054293,0.6608088,-0.1210524,0.7351736,17.0445,83.37715,356.5025,0.4757591,0.007088106,-0.8795468,0.4374869,0.01440153,0.00818364,4.016822,-0.3472453,-3.22594,-0.0392043,0.20896,1.9929,0.09735619,-0.05832585,-0.9935392,0.2976521,0.9542966,-0.02685537,0.9496974,-0.2931144,0.1102675,moving,0.7876594994140095,7.4375897882216835,-1.126976386505809,5.985718288963392,1.9510330000000002,-0.3824513,0.25309099999999995,0.01363117910709366,0.12943412839999338,0.9914942083712226,0.8916916227500629,6.885389159617482,2.392658871867447,2.4028652534027968,2.2100742537517943
05/05/2023 11:40:51.643483,3850,True,True,True,True,Eyes,2.009574,0.03100711,-3.50118,0.9810799,-0.1688561,0.0947092,0.0,0.0,0.0,0.0,0.0,0.0,0.0,-3.668109,-0.725501,-1.551389,2.074759,0.03513291,-3.475964,0.09245924,0.6580084,-0.119663,0.7376701,17.09083,82.97192,356.7094,0.4779,0.007146236,-0.8783848,0.4112377,0.01353744,0.007692622,4.023989,-0.3492437,-3.212754,-0.03478363,0.2089598,1.992899,0.1054115,-0.05486568,-0.9929141,0.2982215,0.9542641,-0.02106963,0.9486583,-0.2938873,0.1169526,moving,1.0773218205470703,7.439129011528786,-0.9999266685154651,5.985715583215013,1.9492300000000005,-0.38437661,0.26320999999999994,0.018643505588338438,0.12945030455157472,0.9914106231056546,1.1740184514442424,6.8849659184605025,2.523300531875315,2.53522619876716,2.3525918791910665
05/05/2023 11:40:51.663026,3851,True,True,True,True,Eyes,2.013224,0.03105575,-3.50013,0.9806897,-0.1697735,0.09708074,0.0,0.0,0.0,0.0,0.0,0.0,0.0,-3.680717,-0.7083557,-1.533427,2.083312,0.03482477,-3.47267,0.09503433,0.6550737,-0.1184597,0.7401448,17.21019,82.55977,356.9488,0.4798998,0.007199849,-0.8772934,0.3865634,0.01272519,0.007231065,4.030152,-0.3539613,-3.198984,-0.03044796,0.2089603,1.992901,0.1136915,-0.05084566,-0.9922142,0.2998636,0.9538715,-0.01452131,0.9471834,-0.295878,0.1236939,moving,1.3757781665433542,7.51341667527318,-0.8753088501773317,5.985723838438815,1.9468400000000003,-0.38878607,0.2736860000000001,0.023803529189510952,0.13072130080839547,0.9911333576166086,1.4629570564373475,6.955267447161696,2.7067567128258063,2.720521670666026,2.5313044580318573
05/05/2023 11:40:51.683352,3852,True,True,True,True,Eyes,2.017068,0.03107975,-3.49898,0.9802732,-0.1706894,0.09964667,0.0,0.0,0.0,0.0,0.0,0.0,0.0,-3.693142,-0.6930194,-1.514942,2.091844,0.0345952,-3.469527,0.09769017,0.652101,-0.1175231,0.7425694,17.35896,82.145,357.1696,0.4817776,0.007249115,-0.8762632,0.3633696,0.01196168,0.006797201,4.036017,-0.3595622,-3.185209,-0.02629665,0.2089599,1.9929,0.1219053,-0.04713039,-0.9914221,0.3019458,0.9532899,-0.008190388,0.9454988,-0.2983573,0.1304419,moving,1.6623167429382164,7.614749464193275,-0.7559835541869867,5.985715445232119,1.9441730000000002,-0.3941574,0.28431799999999985,0.02875322545051473,0.13245675490675798,0.9907715866224929,1.7395490403865048,7.051962488879256,2.9001614371809725,2.9158066057282643,2.713773330376906
05/05/2023 11:40:51.693548,3853,True,True,True,True,Eyes,2.021093,0.03107468,-3.497732,0.9798598,-0.1715099,0.1022697,0.0,0.0,0.0,0.0,0.0,0.0,0.0,-3.704286,-0.6789124,-1.497734,2.100308,0.03401721,-3.466037,0.09927259,0.6492775,-0.116433,0.7450016,17.40422,81.73518,357.3225,0.4835503,0.007293857,-0.8752859,0.3415674,0.01124398,0.006389368,4.042626,-0.3619499,-3.172126,-0.02143797,0.2089601,1.9929,0.1297643,-0.04457464,-0.9905425,0.3023964,0.9531766,-0.003278223,0.944308,-0.2991111,0.1371676,moving,1.9364732436676975,7.617892620905844,-0.6163168383329279,5.985721132694636,1.9423180000000002,-0.39596711,0.29391100000000003,0.03349349883833108,0.1324915453198129,0.9906180600748578,2.006717270539519,7.053202675741649,3.012641775790935,3.029970456900587,2.83192951555195
05/05/2023 11:40:51.713028,3854,True,True,True,True,Eyes,2.025296,0.03104946,-3.496378,0.9794363,-0.1722363,0.1050681,0.0,0.0,0.0,0.0,0.0,0.0,0.0,-3.714666,-0.6684075,-1.480098,2.108595,0.03328431,-3.462502,0.100253,0.6464729,-0.1156483,0.7474273,17.42101,81.31692,357.4016,0.485233,0.007333808,-0.8743539,0.3210734,0.01056934,0.006006006,4.049108,-0.3634486,-3.158144,-0.01740327,0.2089598,1.992899,0.1373966,-0.04325569,-0.9895712,0.3024992,0.9531496,0.0003367068,0.9431948,-0.2993907,0.1440443,moving,2.1998726121134764,7.59921211759136,-0.5003307117282914,5.985715583215013,1.9405130000000002,-0.39673291,0.30435800000000013,0.03804895295047567,0.13214700736901547,0.9904996517191593,2.26398746263625,7.033280120434139,3.1264915568497456,3.145547497102947,2.956153992734687
05/05/2023 11:40:51.733331,3855,True,True,True,True,Eyes,2.029673,0.03099311,-3.494894,0.979055,-0.1726921,0.1078369,0.0,0.0,0.0,0.0,0.0,0.0,0.0,-3.723555,-0.661459,-1.463884,2.117059,0.03276365,-3.45866,0.09998897,0.6438574,-0.1148638,0.7498374,17.32928,80.90483,357.3882,0.4868389,0.007368946,-0.8734604,0.301809,0.00993518,0.005645646,4.056583,-0.3610082,-3.144533,-0.01312381,0.20896,1.9929,0.1445078,-0.04350103,-0.988547,0.3010156,0.9536171,0.002039146,0.9426066,-0.2978627,0.1508996,moving,2.4504758260098805,7.490731770914301,-0.3773034547139334,5.985718288963392,1.939524,-0.39377185,0.31412700000000005,0.04239161368413091,0.13024862709982363,0.9905747309803972,2.5112041170663786,6.926068588649136,3.1829206966022636,3.2033421986020927,3.0377186634629716
05/05/2023 11:40:51.745155,3856,True,True,True,True,Eyes,2.034206,0.03088719,-3.493295,0.9786793,-0.1729831,0.1107415,0.0,0.0,0.0,0.0,0.0,0.0,0.0,-3.731177,-0.6547984,-1.450598,2.125604,0.0318784,-3.454774,0.09820789,0.6415523,-0.1136133,0.7522354,17.06933,80.51492,357.3069,0.4883806,0.007398994,-0.872599,0.2837004,0.009339069,0.005306907,4.065376,-0.3531604,-3.13163,-0.008898586,0.2089598,1.9929,0.1510053,-0.04491691,-0.987512,0.2969389,0.9548944,0.001973096,0.9428811,-0.2935286,0.1575317,moving,2.6690184788361075,7.22580628386886,-0.2558322209267427,5.985712601500817,1.9397719999999996,-0.3850388,0.3231440000000001,0.046197284428910246,0.125645783275216,0.9909989672108148,2.731384231775401,6.666851006795011,3.1559650319941057,3.176882742084191,3.0638883240844623
05/05/2023 11:40:51.763289,3857,True,True,True,True,Eyes,2.038885,0.03073734,-3.491546,0.9783247,-0.1731188,0.1136252,0.0,0.0,0.0,0.0,0.0,0.0,0.0,-3.737011,-0.6542881,-1.43769,2.133874,0.03056761,-3.450499,0.09627736,0.639366,-0.1131567,0.754412,16.85572,80.14005,357.1479,0.4898692,0.00742325,-0.8717641,0.2666784,0.008778725,0.004988492,4.073659,-0.3473437,-3.11921,-0.004628778,0.2089599,1.9929,0.1568133,-0.04762061,-0.9864796,0.2938465,0.9558524,0.0005684582,0.9429018,-0.2899627,0.1638836,moving,2.86271636458584,7.02001427091604,-0.13307690641891043,5.985715445232119,1.939785,-0.37791131,0.3312890000000004,0.049569567566825345,0.12206580515009433,0.9912834210269369,2.925751358769976,6.465334120903633,3.148251419280846,3.169314024108132,3.09620161326283
05/05/2023 11:40:51.783212,3858,True,True,True,True,Eyes,2.043707,0.03055926,-3.489672,0.9779703,-0.1731359,0.1166102,0.0,0.0,0.0,0.0,0.0,0.0,0.0,-3.742046,-0.6566285,-1.425103,2.14212,0.02928875,-3.446077,0.09458655,0.6372337,-0.1131335,0.7564308,16.69526,79.77853,356.9714,0.4913135,0.007441204,-0.8709508,0.2506777,0.008252001,0.004689183,4.081673,-0.3433628,-3.107578,1.305342e-05,0.2089601,1.9929,0.1622679,-0.05060781,-0.9854482,0.2917028,0.9565085,-0.001088582,0.9426445,-0.2872813,0.1699731,moving,3.033607073068426,6.875314869283645,0.00037528519955891594,5.985721132694636,1.9395530000000005,-0.37265155,0.33849899999999966,0.05254218940069483,0.11954375090369067,0.991437590697366,3.0962389740983123,6.3234106284727,3.139989839785638,3.1609922643240616,3.114226416913298
05/05/2023 11:40:51.793237,3859,True,True,True,True,Eyes,2.048667,0.03036152,-3.487625,0.9776183,-0.1731502,0.1195053,0.0,0.0,0.0,0.0,0.0,0.0,0.0,-3.745225,-0.6650857,-1.41354,2.150363,0.02843096,-3.441261,0.09239313,0.6352747,-0.1136617,0.7582682,16.53078,79.43459,356.7121,0.4927223,0.007452804,-0.8701545,0.235637,0.007756881,0.004407832,4.089726,-0.3388391,-3.09584,0.004054546,0.2089602,1.992901,0.1670143,-0.05498207,-0.9844202,0.2897621,0.957089,-0.00429526,0.942414,-0.2845303,0.1757793,moving,3.183534188720433,6.731785882919365,0.11656778390966067,5.985720994709028,1.9393629999999997,-0.36727006,0.345421,0.055152870168423185,0.11704328104044456,0.9915942114890006,3.2462593356896305,6.182764950684907,3.1356508583075335,3.156405510332634,3.1358883159113846
05/05/2023 11:40:51.813434,3860,True,True,True,True,Eyes,2.053759,0.03012193,-3.485447,0.9772878,-0.1729977,0.1223947,0.0,0.0,0.0,0.0,0.0,0.0,0.0,-3.746269,-0.6799116,-1.404883,2.158818,0.02768182,-3.436458,0.0900251,0.6336539,-0.1148852,0.7597235,16.40249,79.13911,356.3858,0.4941033,0.007458214,-0.869371,0.2214988,0.007291468,0.004143362,4.098167,-0.3355491,-3.086628,0.00870347,0.2089601,1.9929,0.1705684,-0.06047245,-0.9834885,0.2886515,0.9573938,-0.008806531,0.9421183,-0.2823833,0.1807565,moving,3.2770475211138517,6.636917977124586,0.2502227546799258,5.985721132694636,1.939349,-0.36323092,0.34982999999999986,0.05678224762936629,0.11539072926897627,0.9916959548042692,3.339974899657937,6.0898398432200835,3.0759151937060514,3.096082281996607,3.0915059474757127
05/05/2023 11:40:51.833156,3861,True,True,True,True,Eyes,2.058956,0.02985484,-3.48311,0.9769705,-0.1728447,0.1251136,0.0,0.0,0.0,0.0,0.0,0.0,0.0,-3.743825,-0.6958008,-1.40338,2.167065,0.02642507,-3.431175,0.08658894,0.6327708,-0.1158517,0.7607116,16.16196,78.94292,356.0193,0.4954631,0.007457028,-0.8685967,0.2082089,0.00685398,0.00389476,4.107636,-0.3289531,-3.079925,0.01297128,0.2089601,1.9929,0.1723592,-0.06667754,-0.9827749,0.2858413,0.9581615,-0.0148767,0.942649,-0.2783535,0.1842072,moving,3.2857350256058613,6.428650342866502,0.3729184124821362,5.985721132694636,1.9405710000000003,-0.35537817,0.3512500000000003,0.05695624533753357,0.11178409128033318,0.9920989689274857,3.3540571296102484,5.887141103872893,2.9278896559211027,2.9463005459241662,2.982768189592135
05/05/2023 11:40:51.843656,3862,True,True,True,True,Eyes,2.064267,0.02960508,-3.480621,0.976668,-0.1725533,0.1278481,0.0,0.0,0.0,0.0,0.0,0.0,0.0,-3.740853,-0.7090985,-1.403026,2.174867,0.02545136,-3.425578,0.08433048,0.631998,-0.1168296,0.7614577,16.0276,78.78484,355.744,0.4968074,0.007449243,-0.8678286,0.1957164,0.006442741,0.003661075,4.116165,-0.3257324,-3.073953,0.01720086,0.2089596,1.992899,0.1738589,-0.07132822,-0.982184,0.284515,0.9584785,-0.01924397,0.9427748,-0.2761003,0.1869339,moving,3.2610465318908948,6.327076484483133,0.49451186960464744,5.985709895749528,1.9412979999999997,-0.35118375999999996,0.35162499999999985,0.05653990137926296,0.11002773864846638,0.9923191505349616,3.3327280622993394,5.788475059635051,2.7704946658304914,2.7875159525166664,2.8450611130609227
05/05/2023 11:40:51.863134,3863,True,True,True,True,Eyes,2.069692,0.02938165,-3.477969,0.9764115,-0.171976,0.1305555,0.0,0.0,0.0,0.0,0.0,0.0,0.0,-3.739404,-0.7164483,-1.400635,2.182892,0.02559733,-3.419437,0.08198623,0.6309307,-0.1169052,0.7625864,15.81674,78.58568,355.5384,0.4981408,0.007435968,-0.867064,0.1839734,0.006056176,0.00344141,4.125115,-0.3187732,-3.065936,0.02167216,0.2089599,1.9929,0.1765193,-0.07484542,-0.9814475,0.281756,0.9592228,-0.02247504,0.943109,-0.2725614,0.1904095,moving,3.2920078551709917,6.16472563205517,0.6230490020467075,5.985715445232119,1.9422230000000003,-0.34437052999999995,0.3535009999999996,0.05709377903623081,0.10721210903849046,0.9925954687380859,3.367285626869639,5.630304918253258,2.6593838170214132,2.6749553279740796,2.7671558134132863
05/05/2023 11:40:51.882969,3864,True,True,True,True,Eyes,2.075226,0.0291498,-3.475149,0.9762362,-0.1708219,0.133352,0.0,0.0,0.0,0.0,0.0,0.0,0.0,-3.740788,-0.7117609,-1.39655,2.191039,0.0259007,-3.413081,0.07663939,0.6295337,-0.114467,0.7646641,15.1489,78.30684,355.3314,0.4994693,0.007418404,-0.8662995,0.172935,0.005692806,0.003234925,4.136194,-0.2959028,-3.054189,0.02585915,0.2089603,1.992901,0.1811693,-0.0785634,-0.9803089,0.2715518,0.9620474,-0.02691486,0.9452183,-0.2613284,0.1956274,moving,3.430715278126294,5.5862180466761435,0.7434072305657009,5.985723838438815,1.9451549999999997,-0.3218035,0.358892,0.059558317882072775,0.09717070277892245,0.9934840999767225,3.518092899076362,5.066506315952629,2.7047292286225186,2.71684180992119,2.922985017526449
05/05/2023 11:40:51.893751,3865,True,True,True,True,Eyes,2.080856,0.02891408,-3.472152,0.9760685,-0.1695668,0.1361518,0.0,0.0,0.0,0.0,0.0,0.0,0.0,-3.741676,-0.7060094,-1.393148,2.19914,0.0253519,-3.406258,0.06948987,0.6281416,-0.111418,0.7669389,14.27413,78.01659,355.0512,0.5007966,0.007396794,-0.865533,0.1625589,0.005351237,0.00304083,4.148046,-0.2668133,-3.042047,0.0304614,0.2089601,1.9929,0.1860482,-0.08360255,-0.9789773,0.2582005,0.9655144,-0.03338354,0.9480076,-0.2465615,0.2012185,moving,3.594970092111204,4.813980902676882,0.8756955984650627,5.985721132694636,1.948906,-0.29216519999999996,0.3642109999999996,0.062482576843455206,0.08375701782337781,0.994525323234188,3.6990258897545667,4.3140424874786145,2.9533597047288596,2.9609844542713386,3.2811131383395096
05/05/2023 11:40:51.912964,3866,True,True,True,True,Eyes,2.086585,0.02863467,-3.468977,0.975963,-0.1678613,0.138992,0.0,0.0,0.0,0.0,0.0,0.0,0.0,-3.742906,-0.7063659,-1.385604,2.207112,0.02489536,-3.399446,0.06386589,0.6263772,-0.1097047,0.7691149,13.63132,77.69302,354.7607,0.5021264,0.007371464,-0.8647624,0.1528053,0.005030163,0.00285838,4.15799,-0.2456335,-3.028753,0.03471828,0.2089601,1.9929,0.191233,-0.08874276,-0.9775248,0.2487593,0.9677721,-0.03919264,0.9494992,-0.2356734,0.2071456,moving,3.775636399327662,4.30368652903956,0.9980479286054412,5.985721132694636,1.950878,-0.27052886,0.37069300000000016,0.06566472931734707,0.07488092461276859,0.9950281201672175,3.888896910292675,3.816336017823871,3.241926552119063,3.2471892646690756,3.6143103922525746
05/05/2023 11:40:51.933244,3867,True,True,True,True,Eyes,2.092373,0.028319,-3.465593,0.9758161,-0.1663677,0.1417909,0.0,0.0,0.0,0.0,0.0,0.0,0.0,-3.742369,-0.6987703,-1.385569,2.21518,0.02346711,-3.392025,0.05808449,0.625243,-0.1069439,0.770883,12.90202,77.47473,354.5695,0.5034613,0.00734174,-0.8639862,0.143637,0.004728353,0.002686877,4.168776,-0.2223422,-3.018027,0.03897938,0.20896,1.9929,0.1952684,-0.09224866,-0.9764019,0.2375163,0.9703784,-0.04417919,0.9515548,-0.2232846,0.2113948,moving,3.8754253288247047,3.6817589183785686,1.120512434424261,5.985718288963392,1.953596,-0.24580931,0.37399799999999983,0.06744850896844995,0.06406836717201247,0.995663534991191,4.002936008165457,3.2105485006911096,3.5883756385446692,3.5913470783313945,4.001241433880014
05/05/2023 11:40:51.943490,3868,True,True,True,True,Eyes,2.098241,0.02797937,-3.462036,0.9756724,-0.1647712,0.1446155,0.0,0.0,0.0,0.0,0.0,0.0,0.0,-3.742789,-0.6935075,-1.380893,2.222555,0.02215684,-3.384678,0.05575915,0.623764,-0.1056602,0.7724283,12.58889,77.23632,354.4925,0.5048052,0.007307164,-0.863202,0.1350188,0.004444652,0.002525665,4.176798,-0.2132803,-3.006915,0.04346877,0.20896,1.9929,0.1995088,-0.09366881,-0.9754089,0.232791,0.9714537,-0.04567422,0.9518428,-0.217954,0.2156188,moving,3.965542243727917,3.474221608465083,1.2495269235137358,5.985718288963392,1.954243,-0.23543714000000002,0.3777630000000003,0.06903002661182744,0.060454894390443555,0.9957810424393814,4.096377484746438,3.0080203603679982,3.696987135732292,3.6992370559065506,4.119616859849014
05/05/2023 11:40:51.963262,3869,True,True,True,True,Eyes,2.104163,0.02760569,-3.458278,0.9756018,-0.1631949,0.1468628,0.0,0.0,0.0,0.0,0.0,0.0,0.0,-3.742023,-0.6897118,-1.378606,2.230333,0.02120802,-3.377004,0.054024,0.6225049,-0.1046794,0.7736999,12.35239,77.03643,354.4356,0.5061597,0.007267666,-0.8624088,0.1269177,0.004177973,0.002374125,4.185059,-0.2064727,-2.996483,0.04764628,0.2089601,1.992901,0.2030598,-0.09472047,-0.9745743,0.2292413,0.9722472,-0.04673017,0.9519535,-0.2139236,0.2191382,moving,4.04581469364246,3.340181383830774,1.3695666748109983,5.98571815097921,1.954726,-0.22768072,0.3805209999999999,0.07043486324076176,0.058119445144154736,0.9958218664547795,4.178241406378077,2.877069009758865,3.7613343718343475,3.7631327699980934,4.189552867664208
05/05/2023 11:40:51.983059,3870,True,True,True,True,Eyes,2.110134,0.02720839,-3.454348,0.9755132,-0.1616578,0.149134,0.0,0.0,0.0,0.0,0.0,0.0,0.0,-3.741118,-0.680132,-1.378262,2.237673,0.01994557,-3.369061,0.05185285,0.6214175,-0.1028389,0.7749684,12.01574,76.86284,354.4292,0.5075268,0.007222916,-0.8616053,0.1193026,0.003927294,0.002231677,4.193406,-0.1964566,-2.98657,0.05198479,0.2089601,1.992901,0.2065291,-0.09494923,-0.9738227,0.2238383,0.9734709,-0.04744312,0.9524927,-0.2081804,0.2223033,moving,4.111370493591025,3.0984227675434224,1.4942206308786816,5.98571815097921,1.9557330000000004,-0.21640217,0.3824909999999999,0.07159112494004566,0.05391263842808593,0.9959760719407977,4.248662617850638,2.6414069530137563,3.895629356743164,3.896915194754031,4.332593686053556
05/05/2023 11:40:51.993664,3871,True,True,True,True,Eyes,2.260693,0.01878156,-3.351798,0.9720055,-0.1302662,0.1955408,0.0,0.0,0.0,0.0,0.0,0.0,0.0,-3.739617,-0.6754876,-1.376671,2.244819,0.01897579,-3.361052,0.0519615,0.6203035,-0.1023506,0.7759176,11.98247,76.6994,354.4641,0.5089082,0.007172864,-0.8607904,0.1121444,0.003691657,0.002097777,4.200494,-0.1966502,-2.977195,0.05646682,0.2089601,1.9929,0.2094958,-0.09436738,-0.9732453,0.223295,0.9736488,-0.04634115,0.9519722,-0.2076125,0.2250471,moving,1.4726502063994953,4.6561370619361515,1.6229841435755177,5.985721132694636,1.9556749999999998,-0.21562599,0.3838569999999999,0.025615009234332464,0.08114887838517082,0.9963728770877314,1.6344026783416048,4.174536974152918,1.3371357724662252,1.3380560877188765,1.811220152021469
05/05/2023 11:40:52.013395,3872,True,True,True,True,Eyes,2.260994,0.01894904,-3.351484,0.9719857,-0.1303111,0.1956089,0.0,0.0,0.0,0.0,0.0,0.0,0.0,-3.737264,-0.677476,-1.374399,2.252122,0.02014262,-3.353002,0.05370076,0.6192129,-0.1029705,0.776588,12.17674,76.54882,354.5155,0.5153775,0.006866524,-0.8569352,0.5570905,-0.02181035,0.309622,4.20693,-0.2025634,-2.96812,0.06070292,0.2089603,1.992901,0.211945,-0.09342682,-0.9728057,0.2264356,0.9730267,-0.04411454,0.9506873,-0.210928,0.2273833,moving,1.6041049886033936,4.858762827000548,1.7446657405312938,5.985723838438815,1.9548079999999999,-0.22270602,0.38488200000000017,0.027892741691859402,0.0846668532457541,0.9960188474468159,1.7570858698348673,4.370816917049805,1.134761909964717,1.135692936618213,1.6149546818291993
05/05/2023 11:40:52.033633,3873,True,True,True,True,Eyes,2.261589,0.01911735,-3.350826,0.9720913,-0.1300215,0.1952764,0.0,0.0,0.0,0.0,0.0,0.0,0.0,-3.731185,-0.6972924,-1.374355,2.25966,0.02434144,-3.345168,0.05300545,0.6184838,-0.1047157,0.7769833,12.23364,76.42811,354.2944,0.5207244,0.006613198,-0.8536987,0.523665,-0.02050173,0.2910447,4.214463,-0.2010604,-2.961141,0.06496856,0.2089602,1.992901,0.2130248,-0.09715867,-0.9722041,0.2282907,0.9724501,-0.04716124,0.9500021,-0.2118986,0.2293365,moving,1.7177396990492313,4.951300805897044,1.8671807824713946,5.985720994709028,1.9548030000000005,-0.22540184,0.3840270000000001,0.02986396497699545,0.08627048645489463,0.9958240332295603,1.8653649396815202,4.460101350444429,1.044130389324771,1.045159205306163,1.5256207249021885
05/05/2023 11:40:52.043310,3874,True,True,True,True,Eyes,2.262394,0.01935215,-3.349882,0.9721192,-0.130205,0.1950152,0.0,0.0,0.0,0.0,0.0,0.0,0.0,-3.720507,-0.6974703,-1.394438,2.267318,0.02445927,-3.33643,0.04714036,0.6194661,-0.1026052,0.7768602,11.55823,76.53802,354.0819,0.5251676,0.00640417,-0.8509742,0.4922451,-0.01927163,0.273582,4.226322,-0.1782099,-2.960475,0.06925452,0.2089602,1.9929,0.2114679,-0.101016,-0.9721507,0.2178234,0.9745,-0.05387788,0.9528034,-0.2003637,0.2280791,moving,1.6745083583226594,4.266185891574736,1.99026323837835,5.985723976425849,1.9590039999999997,-0.20266917,0.3759549999999998,0.029140626184077034,0.07435861596377569,0.9968057129662888,1.8416882719986922,3.793782013613388,1.7463181253893596,1.7482884114277073,2.1969715721813197
05/05/2023 11:40:52.063451,3875,True,True,True,True,Eyes,2.263485,0.01970118,-3.348668,0.9721792,-0.1305088,0.1945121,0.0,0.0,0.0,0.0,0.0,0.0,0.0,-3.716019,-0.7096478,-1.391279,2.273206,0.02639021,-3.328647,0.05230095,0.618613,-0.1055382,0.7768168,12.22968,76.43864,354.1707,0.5288827,0.006233834,-0.8486716,0.4627104,-0.01811533,0.2571671,4.230004,-0.1999178,-2.953859,0.07366124,0.2089601,1.992901,0.2123592,-0.09925963,-0.9721375,0.2286758,0.9722526,-0.04931814,0.9500586,-0.2118312,0.229165,moving,1.7435164827242053,4.926216627183746,2.1167924386852626,5.98571815097921,1.956798,-0.22630801,0.3747880000000001,0.030313120860747667,0.08583334141526994,0.9958482078317263,1.8911687362343277,4.435523902098694,1.1210868986394626,1.1233336183981815,1.5665274540747423
05/05/2023 11:40:52.083485,3876,True,True,True,True,Eyes,2.264798,0.02012341,-3.347202,0.9722799,-0.1306764,0.1938954,0.0,0.0,0.0,0.0,0.0,0.0,0.0,-3.708187,-0.7114729,-1.404951,2.281094,0.02957931,-3.320612,0.05316693,0.619132,-0.1053962,0.7763638,12.30186,76.52335,354.2542,0.5320278,0.006098229,-0.8467045,0.4349478,-0.01702841,0.2417371,4.239022,-0.1995161,-2.952618,0.07790378,0.2089601,1.9929,0.2111346,-0.09781688,-0.9725504,0.2294862,0.9721298,-0.04795453,0.950136,-0.213062,0.2276979,moving,1.6963743834220488,4.981266297329798,2.2385901584524683,5.985721132694636,1.9579280000000003,-0.22909541,0.36799399999999993,0.02949128333358686,0.0867922475988457,0.9957897978821679,1.8437299585591507,4.489398984771654,1.1381991496714543,1.1414584806201413,1.5475446836277897
05/05/2023 11:40:52.093377,3877,True,True,True,True,Eyes,2.266339,0.02062069,-3.34549,0.9723783,-0.1311543,0.1930779,0.0,0.0,0.0,0.0,0.0,0.0,0.0,-3.698404,-0.7042844,-1.427197,2.287751,0.03173026,-3.313048,0.05250921,0.6205539,-0.1036715,0.7755051,12.12879,76.73631,354.387,0.534892,0.005986625,-0.8448989,0.4088509,-0.0160067,0.2272328,4.248571,-0.1915593,-2.956074,0.08238134,0.2089602,1.992901,0.2083303,-0.09562593,-0.9733726,0.2259651,0.97299,-0.04722518,0.9515978,-0.2101098,0.2243114,moving,1.5629403423943762,4.762420915541947,2.3671107124067046,5.985720994709028,1.96082,-0.22328956,0.3569740000000001,0.027180976462829687,0.08299357533144956,0.9961793739884499,1.7195545191930297,4.27735073556494,1.459240521336738,1.4639511835085048,1.8269805597480846
05/05/2023 11:40:52.113248,3878,True,True,True,True,Eyes,2.268108,0.02118273,-3.343545,0.9725326,-0.1314622,0.1920889,0.0,0.0,0.0,0.0,0.0,0.0,0.0,-3.687837,-0.7046784,-1.447728,2.294756,0.03413973,-3.305383,0.05619569,0.621931,-0.1042084,0.7740701,12.51057,76.97121,354.6262,0.5375112,0.005898505,-0.8432357,0.3843198,-0.0150463,0.2135989,4.256311,-0.2023848,-2.96015,0.08667985,0.20896,1.9929,0.2046849,-0.09142947,-0.9745485,0.2312288,0.9719653,-0.04262198,0.9511244,-0.2166196,0.2200878,moving,1.3739293880768353,5.10257563465789,2.4904718701805524,5.985718288963392,1.9615550000000002,-0.23652453,0.3452329999999999,0.02388232873512064,0.08891370965500327,0.9957530317324588,1.526134792390037,4.609569337626237,1.4169128873567771,1.423589850412013,1.6803963627275271
05/05/2023 11:40:52.133253,3879,True,True,True,True,Eyes,2.270067,0.02174136,-3.341388,0.9727474,-0.131278,0.1911243,0.0,0.0,0.0,0.0,0.0,0.0,0.0,-3.677749,-0.68115,-1.478565,2.302001,0.03621921,-3.297793,0.05671633,0.624071,-0.1006018,0.7727859,12.31138,77.3092,355.0267,0.539917,0.005833149,-0.8416977,0.3612607,-0.01414352,0.2007829,4.267086,-0.1930469,-2.966887,0.09111464,0.2089601,1.992901,0.2008293,-0.08469719,-0.975958,0.2262773,0.9733251,-0.03790613,0.953135,-0.2132244,0.2146372,moving,1.1470530246797324,4.882157189453325,2.6177173130513824,5.98571815097921,1.9650849999999997,-0.22926611,0.33090600000000014,0.019945912587203962,0.08508970667351635,0.996173588251831,1.3109124068822344,4.396610180573578,1.830232668159043,1.8386680627279157,2.0574263545494067
05/05/2023 11:40:52.143605,3880,True,True,True,True,Eyes,2.272202,0.02225518,-3.339015,0.9729473,-0.1312639,0.1901143,0.0,0.0,0.0,0.0,0.0,0.0,0.0,-3.668506,-0.6565935,-1.505586,2.308467,0.03672888,-3.290208,0.05884777,0.6258925,-0.09758633,0.7715392,12.29609,77.61309,355.4847,0.5421375,0.005788218,-0.8402696,0.339585,-0.01329491,0.188736,4.275991,-0.1914805,-2.972154,0.09525281,0.2089601,1.992901,0.1974711,-0.07691859,-0.9772865,0.2242481,0.9740277,-0.03135037,0.9543156,-0.2129638,0.2095912,moving,0.9447582665465987,4.840263249318119,2.7364298596960372,5.98571815097921,1.9675240000000005,-0.22820938,0.3180539999999996,0.01642961122632769,0.08436669989383681,0.9962993701237417,1.1148408230922715,4.357189544087366,2.116490394061929,2.1265356873182415,2.2981854640343147
05/05/2023 11:40:52.167960,3881,True,True,True,True,Eyes,2.274502,0.02272224,-3.336442,0.9730992,-0.1310396,0.18949,0.0,0.0,0.0,0.0,0.0,0.0,0.0,-3.6637,-0.6289047,-1.522256,2.31482,0.03619377,-3.282649,0.06365918,0.6266228,-0.09516833,0.7708659,12.55723,77.78121,356.0674,0.544197,0.005760577,-0.8389375,0.3192099,-0.01249722,0.1774118,4.282941,-0.2002949,-2.973036,0.0998483,0.20896,1.9929,0.1965736,-0.06694344,-0.978201,0.2265047,0.973781,-0.02112391,0.9539677,-0.2174147,0.2065826,moving,0.8455355223700874,5.095407425589446,2.8682354859632553,5.985718288963392,1.968121,-0.23648867,0.30961300000000014,0.014698538708404818,0.08880485890886117,0.9959405303043024,1.0112396527463465,4.6060988005748875,2.198538744415491,2.209970265899852,2.313392197040165
05/05/2023 11:40:52.183195,3882,True,True,True,True,Eyes,2.276949,0.02318153,-3.333667,0.9731754,-0.1311307,0.1890353,0.0,0.0,0.0,0.0,0.0,0.0,0.0,-3.662014,-0.5993273,-1.531213,2.321067,0.03558937,-3.274986,0.0681982,0.6265004,-0.09251222,0.7709007,12.77165,77.82427,356.6386,0.546117,0.005747361,-0.837689,0.3000573,-0.01174738,0.1667671,4.289162,-0.2074751,-2.96899,0.1039061,0.20896,1.9929,0.1978776,-0.05718306,-0.9785575,0.2280879,0.973581,-0.01076979,0.9533208,-0.221066,0.2056926,moving,0.8681101760736755,5.294657651471694,2.9845929292510434,5.985718288963392,1.968095,-0.24306447,0.3059960000000004,0.015086171798319337,0.09226724099932467,0.9956199716521279,1.0278754148976796,4.7998164301285255,2.2143968662826254,2.2264465071471364,2.2880355438159605
05/05/2023 11:40:52.193014,3883,True,True,True,True,Eyes,2.279566,0.0236849,-3.330698,0.9731486,-0.1310574,0.189224,0.0,0.0,0.0,0.0,0.0,0.0,0.0,-3.664593,-0.5846165,-1.523637,2.327047,0.03591941,-3.267422,0.07367526,0.624799,-0.09212355,0.7718236,13.22914,77.63858,357.0475,0.5479169,0.005746953,-0.8365128,0.2820539,-0.01104254,0.1567611,4.292998,-0.2224463,-2.958571,0.1085568,0.2089603,1.992901,0.2022791,-0.05014182,-0.9780435,0.2342707,0.9721704,-0.001388791,0.9508946,-0.228846,0.2083965,moving,1.0567559163875433,5.757835956021547,3.1179198681030185,5.985723838438815,1.965951,-0.25836571,0.30885099999999976,0.01834980790422408,0.10030724211142228,0.994787265541029,1.1992867020383355,5.249230632111453,2.0621410553971815,2.073723637036522,2.0551339296721634
05/05/2023 11:40:52.213444,3884,True,True,True,True,Eyes,2.282341,0.02417034,-3.32753,0.9731148,-0.1306843,0.189655,0.0,0.0,0.0,0.0,0.0,0.0,0.0,-3.667885,-0.5821342,-1.510157,2.333712,0.03752358,-3.259634,0.07513386,0.62252,-0.09209471,0.7735258,13.34992,77.31558,357.1174,0.5496137,0.00575918,-0.8353989,0.2651306,-0.01037999,0.1473554,4.298201,-0.2250921,-2.943659,0.1127351,0.2089601,1.9929,0.2079748,-0.04893062,-0.9769095,0.23602,0.9717469,0.001574356,0.9492317,-0.2308976,0.2136475,moving,1.3538857330276743,5.912497490869726,3.2376781634691856,5.985721132694636,1.964489,-0.26261568,0.31597500000000034,0.023501942422823163,0.10298103982892605,0.9944055427282361,1.4847658454234585,5.397743468582791,1.8748051704541397,1.88521500702462,1.84889678680311
05/05/2023 11:40:52.232813,3885,True,True,True,True,Eyes,2.285251,0.02459174,-3.324193,0.9730072,-0.1299886,0.190683,0.0,0.0,0.0,0.0,0.0,0.0,0.0,-3.670699,-0.5790064,-1.497661,2.340308,0.03751856,-3.25174,0.0714217,0.6203084,-0.09072895,0.7758124,12.90761,76.94171,356.9319,0.5512237,0.00578236,-0.8343373,0.2492228,-0.009757189,0.1385141,4.305568,-0.2103664,-2.927254,0.1169239,0.2089601,1.9929,0.2139717,-0.05217032,-0.9754457,0.2293842,0.9733344,-0.001740177,0.9495257,-0.2233795,0.2202331,moving,1.6682296475823295,5.530680696267886,3.357707423993053,5.985721132694636,1.9652600000000002,-0.24788496000000002,0.32448599999999983,0.028976577102041268,0.09633828495510381,0.994926804695782,1.8014854428195732,5.024157183857727,1.739427599813201,1.7496848161223693,1.829325581297747
05/05/2023 11:40:52.252969,3886,True,True,True,True,Eyes,2.288285,0.0249694,-3.32067,0.972813,-0.1293775,0.1920838,0.0,0.0,0.0,0.0,0.0,0.0,0.0,-3.675383,-0.5842496,-1.476161,2.346303,0.03642081,-3.24382,0.06977476,0.6172634,-0.09129079,0.7783209,12.7863,76.46506,356.7099,0.5527593,0.00581382,-0.8333206,0.2342694,-0.009171758,0.1302032,4.310343,-0.207984,-2.907907,0.1212836,0.2089599,1.9929,0.2213037,-0.05596827,-0.9735977,0.2282459,0.973595,-0.004086618,0.9481185,-0.2213153,0.2282347,moving,2.0446507392547164,5.471720886202363,3.4826024484302867,5.985715445232119,1.9640399999999998,-0.24440481,0.33591300000000013,0.0355159442925439,0.09529428446918549,0.994815296296858,2.170017008455928,4.964293999443928,1.5177830192339004,1.5270545257564108,1.6631843875976944
05/05/2023 11:40:52.263409,3887,True,True,True,True,Eyes,2.291434,0.02531877,-3.316976,0.972513,-0.1287042,0.1940455,0.0,0.0,0.0,0.0,0.0,0.0,0.0,-3.683458,-0.5971734,-1.442782,2.352344,0.03577143,-3.235939,0.06925869,0.6130302,-0.09326217,0.7814727,12.86135,75.82173,356.4216,0.5542324,0.005851669,-0.8323413,0.2202133,-0.008621452,0.1223911,4.313259,-0.2121508,-2.883207,0.1255212,0.2089602,1.992901,0.2309923,-0.06084831,-0.9710511,0.230679,0.9730108,-0.006097489,0.9452143,-0.2225926,0.2387945,moving,2.536696035147705,5.625144945249761,3.6039660559286637,5.985720994709028,1.9609150000000004,-0.24792223,0.35273200000000005,0.04404651780229141,0.09792452614928394,0.9942186146843264,2.6455368059450195,5.110310219194079,1.1193617448712299,1.1265346797597666,1.2980487868766315
05/05/2023 11:40:52.282945,3888,True,True,True,True,Eyes,2.294688,0.02566175,-3.313111,0.9721026,-0.1282492,0.1963888,0.0,0.0,0.0,0.0,0.0,0.0,0.0,-3.690557,-0.6046072,-1.412993,2.358179,0.03545745,-3.228009,0.069323,0.6091377,-0.09460349,0.7843443,12.94404,75.24034,356.2378,0.5556534,0.005894588,-0.8313929,0.2070005,-0.008104165,0.1150476,4.316412,-0.2161073,-2.8613,0.1308514,0.20896,1.9929,0.2400028,-0.06394891,-0.9686636,0.2328579,0.972489,-0.006506943,0.942431,-0.2239993,0.2482911,moving,2.954018853106108,5.767682288038742,3.7565793720732996,5.985718288963392,1.958233,-0.25156475,0.3667090000000002,0.051274310692636715,0.10036292177362148,0.9936287596426028,3.0485091491846767,5.246229353830812,0.826251578813255,0.8316508187359055,1.0238199674381532
05/05/2023 11:40:52.292929,3889,True,True,True,True,Eyes,2.29805,0.02597884,-3.309097,0.9716078,-0.1277898,0.1991185,0.0,0.0,0.0,0.0,0.0,0.0,0.0,-3.699893,-0.6189125,-1.373409,2.363933,0.03555978,-3.220104,0.07046098,0.6042847,-0.09723368,0.787668,13.20956,74.52547,355.9936,0.5570316,0.005941934,-0.8304698,0.1945804,-0.007617915,0.1081447,4.317332,-0.2260674,-2.833805,0.13462,0.2089601,1.992901,0.2507711,-0.06801871,-0.9656538,0.2383327,0.9711617,-0.006513946,0.9382491,-0.2285134,0.2597504,moving,3.463072707585345,6.105315379493839,3.8644459576946866,5.98571815097921,1.9533990000000006,-0.26162718,0.38629900000000017,0.06006385604333009,0.10616430082564475,0.9925329221111705,3.535644182695936,5.571365270015136,0.4173911988631195,0.41881258693085693,0.5289602227063555
05/05/2023 11:40:52.313080,3890,True,True,True,True,Eyes,2.301492,0.02627752,-3.304928,0.9709883,-0.1276149,0.2022282,0.0,0.0,0.0,0.0,0.0,0.0,0.0,-3.709226,-0.6273353,-1.335151,2.36978,0.03529549,-3.212077,0.07075977,0.5994748,-0.09889363,0.7911024,13.32798,73.81416,355.7783,0.558374,0.00599261,-0.8295674,0.1829056,-0.00716084,0.101656,4.318857,-0.2312723,-2.806381,0.1386917,0.2089599,1.9929,0.2617001,-0.07163257,-0.9624872,0.2413073,0.9704262,-0.006612019,0.9344965,-0.2305249,0.2712461,moving,3.957651076769061,6.279945647822645,3.9809611820176247,5.985715445232119,1.9490770000000004,-0.26656778999999997,0.40569599999999983,0.06860692247782124,0.10912866877113211,0.9916572543749697,4.013061692096485,5.737997999518456,0.29462494235973563,0.2951521186154036,0.24978866198893931
05/05/2023 11:40:52.333041,3891,True,True,True,True,Eyes,2.305027,0.02657988,-3.30059,0.9703123,-0.1275295,0.2054997,0.0,0.0,0.0,0.0,0.0,0.0,0.0,-3.719443,-0.6389728,-1.291487,2.375139,0.03535509,-3.204364,0.07312582,0.5941909,-0.1016421,0.794518,13.70891,73.05322,355.5954,0.5596882,0.006045866,-0.828681,0.1719313,-0.00673119,0.09555668,4.318136,-0.2451933,-2.778002,0.1428783,0.2089602,1.992901,0.2732122,-0.07461149,-0.959056,0.2484143,0.968643,-0.004590003,0.9293253,-0.2369891,0.2831796,moving,4.47722645785912,6.71424027823738,4.100725944493358,5.985720994709028,1.942997,-0.28054839,0.42636200000000013,0.07753068081764464,0.11656564183103933,0.9901521621842272,4.5078479680071135,6.157114298028259,0.8144797222123867,0.8200566950140377,0.4417284306591698
05/05/2023 11:40:52.343460,3892,True,True,True,True,Eyes,2.308647,0.02687017,-3.296097,0.9695398,-0.127487,0.2091407,0.0,0.0,0.0,0.0,0.0,0.0,0.0,-3.729187,-0.6489369,-1.248345,2.380981,0.03575493,-3.196243,0.07455308,0.5888664,-0.1038556,0.7980554,13.96381,72.2809,355.3922,0.5609807,0.006101572,-0.8278062,0.1616154,-0.006327318,0.08982328,4.318161,-0.254496,-2.748948,0.1471953,0.2089601,1.992901,0.2849009,-0.07796136,-0.9553814,0.2535686,0.9673117,-0.003319116,0.9244104,-0.241309,0.2953565,moving,4.9910876054137265,7.024155718746056,4.224185480715282,5.98571815097921,1.9371800000000001,-0.29025093,0.447295,0.08635271016816054,0.12183100826436352,0.988787442386599,5.00041632214323,6.455249496980897,1.2797816810470253,1.290926586222668,0.9071901697340505
05/05/2023 11:40:52.363500,3893,True,True,True,True,Eyes,2.312341,0.02715865,-3.291419,0.968733,-0.1274529,0.2128662,0.0,0.0,0.0,0.0,0.0,0.0,0.0,-3.73911,-0.6516076,-1.206707,2.386639,0.03577074,-3.188158,0.07472552,0.5836093,-0.1047751,0.8017721,14.01176,71.51439,355.2236,0.5622562,0.006159165,-0.8269399,0.1519185,-0.005947679,0.08443388,4.31878,-0.2569534,-2.719742,0.1514973,0.2089602,1.992901,0.2968448,-0.08079042,-0.9515021,0.2552325,0.9668766,-0.002469715,0.9201846,-0.2421211,0.3076326,moving,5.511926420231536,7.126479181891367,4.347176960974139,5.985720994709028,1.932141,-0.29272414,0.46841599999999994,0.09531767284964715,0.12349520430562871,0.9877567321288618,5.505381913385542,6.551354698805584,1.6140656173649872,1.6303283547997118,1.2889453824737076
05/05/2023 11:40:52.383170,3894,True,True,True,True,Eyes,2.316116,0.02742242,-3.286588,0.9678366,-0.1273718,0.2169535,0.0,0.0,0.0,0.0,0.0,0.0,0.0,-3.748571,-0.6569476,-1.162913,2.3923,0.03595594,-3.179834,0.07556794,0.578134,-0.1062708,0.8054546,14.15882,70.72334,355.0411,0.5635207,0.006218473,-0.8260782,0.1428034,-0.005590818,0.07936785,4.318525,-0.2627441,-2.689868,0.1559289,0.2089601,1.992901,0.3089351,-0.08381573,-0.9473827,0.2585693,0.965992,-0.001144401,0.91526,-0.2446105,0.320101,moving,6.026372022761122,7.3343106116072505,4.473831653979535,5.98571815097921,1.926225,-0.29870004,0.4899659999999999,0.1041365878293079,0.1269644912698785,0.9864257042113713,6.001271499423573,6.750159886963875,2.0342096769333873,2.056473491577088,1.7080525896954561
05/05/2023 11:40:52.398627,3895,True,True,True,True,Eyes,2.31995,0.02766247,-3.281563,0.9675114,-0.1270315,0.2185971,0.0,0.0,0.0,0.0,0.0,0.0,0.0,-3.758704,-0.6503967,-1.122072,2.398059,0.03561769,-3.171429,0.07535275,0.5727934,-0.1058972,0.8093303,14.0805,69.95503,354.9673,0.5647777,0.006278696,-0.8252189,0.1342352,-0.005255369,0.07460579,4.319314,-0.2609515,-2.659775,0.160152,0.2089603,1.992901,0.321387,-0.08508852,-0.9431174,0.2577348,0.9662155,0.0006560839,0.9111989,-0.243285,0.3324594,moving,6.691992398676244,7.33210385047249,4.59448670098101,5.985723838438815,1.9212550000000004,-0.29656919,0.511654,0.11559184406241152,0.12676489974045055,0.9851746997516051,6.650190325520312,6.743598714892817,2.4643021107711434,2.492442434373915,2.190956804755446
05/05/2023 11:40:52.413207,3896,True,True,True,True,Eyes,2.323849,0.02786145,-3.276407,0.967092,-0.1267247,0.2206216,0.0,0.0,0.0,0.0,0.0,0.0,0.0,-3.769056,-0.6356264,-1.083598,2.403643,0.03491167,-3.16311,0.0759689,0.5676234,-0.1047184,0.81306,14.02917,69.22843,355.0305,0.5660318,0.006339204,-0.8243588,0.1261811,-0.004940047,0.07012944,4.319973,-0.2600709,-2.631045,0.1646481,0.2089604,1.992902,0.3336754,-0.08404129,-0.9389345,0.2565282,0.9665256,0.004653246,0.9071131,-0.2424158,0.3440647,moving,7.308974081965063,7.333860081547723,4.7228941778441484,5.985723700451922,1.9163299999999999,-0.29498257,0.5320650000000002,0.1261958412287102,0.12663024112594165,0.9838899166723956,7.251588417561583,6.741216016895659,2.8832341242537125,2.9163814861111916,2.639140617357411
05/05/2023 11:40:52.433446,3897,True,True,True,True,Eyes,2.32781,0.02800974,-3.271121,0.9666429,-0.1265235,0.2226958,0.0,0.0,0.0,0.0,0.0,0.0,0.0,-3.778013,-0.6192389,-1.049605,2.409133,0.03412852,-3.154905,0.07746475,0.5629216,-0.1035581,0.8163296,14.06744,68.5808,355.1589,0.5672856,0.006398947,-0.823496,0.1186102,-0.004643645,0.06592167,4.320553,-0.2621322,-2.604851,0.1689331,0.2089602,1.992901,0.3447898,-0.08186197,-0.9351035,0.2562883,0.9665499,0.009883286,0.9030151,-0.2430638,0.3542368,moving,7.846483192433135,7.402302731038996,4.845233078481439,5.985720994709028,1.9114200000000001,-0.29626072,0.5500539999999998,0.13540250536556264,0.12764897166703223,0.982533466648021,7.773717726138983,6.804245172315583,3.2804226597622392,3.3187657437967357,3.0407242822874325
05/05/2023 11:40:52.443087,3898,True,True,True,True,Eyes,2.428044,0.03058083,-3.135963,0.9514787,-0.126201,0.2806449,0.0,0.0,0.0,0.0,0.0,0.0,0.0,-3.785123,-0.6021611,-1.021292,2.414673,0.03306649,-3.146593,0.07920881,0.5587956,-0.1023443,0.8191453,14.13138,68.02062,355.3185,0.5685416,0.006456754,-0.8226288,0.1114936,-0.004365026,0.06196637,4.321779,-0.2652481,-2.581524,0.1733019,0.20896,1.9929,0.3545461,-0.07914662,-0.9316828,0.2561928,0.9665033,0.01538794,0.8992565,-0.2441461,0.3629467,moving,4.96518990080427,7.271677095294772,4.96991900473494,5.985718288963392,1.9071060000000002,-0.29831459,0.5650690000000003,0.08585952467295915,0.1261068631948093,0.9882940705725192,4.968499247960242,6.69625563803959,1.2813125729946107,1.2859675019242178,0.7105387675148555
05/05/2023 11:40:52.463209,3899,True,True,True,True,Eyes,2.428272,0.03055508,-3.135643,0.9514138,-0.1264337,0.2807605,0.0,0.0,0.0,0.0,0.0,0.0,0.0,-3.790337,-0.5911569,-0.9950333,2.419861,0.0321191,-3.138383,0.08238554,0.5549887,-0.1023771,0.821413,14.41724,67.51483,355.4553,0.5740324,0.006593038,-0.8188058,0.4055054,0.003610154,0.4637197,4.322019,-0.2759672,-2.560661,0.1776677,0.2089601,1.992901,0.3630129,-0.07674162,-0.9286186,0.2596338,0.9654631,0.02170886,0.8948811,-0.2489814,0.3704003,moving,5.461669702688401,7.564047885261628,5.094467227368295,5.98571815097921,1.902158,-0.30808630000000004,0.5777220000000001,0.09435901178601036,0.1310470822479324,0.9868754717873227,5.444596822253831,6.97743543181079,1.609705646707338,1.620482152941285,1.0517099877412461
05/05/2023 11:40:52.483178,3900,True,True,True,True,Eyes,2.428703,0.03049784,-3.134994,0.9512764,-0.1266651,0.2811212,0.0,0.0,0.0,0.0,0.0,0.0,0.0,-3.793503,-0.581623,-0.9756423,2.425434,0.03156706,-3.130032,0.0847641,0.5518822,-0.1021828,0.823286,14.61697,67.10306,355.5729,0.5785665,0.006711067,-0.8156074,0.381175,0.003393544,0.4358965,4.323946,-0.2833564,-2.542719,0.1820401,0.2089603,1.992902,0.3699694,-0.0746917,-0.9260367,0.2618109,0.9647474,0.02678448,0.8913909,-0.2523559,0.3764822,moving,5.85439572590903,7.763023267162073,5.219155250186474,5.985720856723559,1.8985120000000002,-0.31492346,0.587313,0.10107555350474623,0.13438438881744524,0.985760891073632,5.822070556597465,7.168431002201774,1.8714177373858556,1.8874147186420827,1.3275203030167781
05/05/2023 11:40:52.493393,3901,True,True,True,True,Eyes,2.429341,0.0304048,-3.134051,0.9510403,-0.1270568,0.2817425,0.0,0.0,0.0,0.0,0.0,0.0,0.0,-3.795806,-0.5682337,-0.960397,2.430752,0.03075533,-3.12152,0.08593287,0.5491802,-0.1010494,0.8251097,14.64307,66.74284,355.7104,0.5823315,0.006812717,-0.8129227,0.3583045,0.003189932,0.4097427,4.32692,-0.284917,-2.525772,0.1862713,0.2089603,1.992901,0.3763804,-0.07236845,-0.9236345,0.2611389,0.9648091,0.0308194,0.8889007,-0.2527967,0.3820335,moving,6.194304802992466,7.771707956686003,5.339774619778614,5.985723838438815,1.8961680000000003,-0.31567233,0.5957479999999999,0.10692081939981368,0.13445114996440546,0.9851348870122817,6.1531862810581295,7.174626978306604,1.9600772136015265,1.9798891647399566,1.440530876688517
05/05/2023 11:40:52.515374,3902,True,True,True,True,Eyes,2.430162,0.03026512,-3.132789,0.9507114,-0.1274296,0.2826832,0.0,0.0,0.0,0.0,0.0,0.0,0.0,-3.799084,-0.5535819,-0.9410346,2.43606,0.02987511,-3.112838,0.08764076,0.5459965,-0.1000028,0.8271677,14.72557,66.32145,355.8652,0.5854793,0.006899406,-0.8106577,0.3368063,0.002998536,0.3851582,4.328954,-0.2884207,-2.506798,0.1906053,0.2089603,1.992901,0.3837745,-0.06973507,-0.9207901,0.2611413,0.9646371,0.03578486,0.8857327,-0.2541896,0.3884138,moving,6.575292955638746,7.836270743952632,5.463272655502634,5.985723838438815,1.8928940000000005,-0.31829580999999996,0.6060400000000001,0.1134533068730405,0.13546242983527523,0.9842654813977044,6.5228405708721215,7.2349190497815785,2.134327924872667,2.1589610921509377,1.6380393289912583
05/05/2023 11:40:52.533269,3903,True,True,True,True,Eyes,2.431154,0.03007673,-3.131212,0.9502379,-0.1279195,0.28405,0.0,0.0,0.0,0.0,0.0,0.0,0.0,-3.803491,-0.5368547,-0.9169576,2.441297,0.02861217,-3.104001,0.08881739,0.5422552,-0.09862915,0.8296644,14.73458,65.81955,356.0076,0.5882536,0.006973153,-0.8086462,0.3165979,0.002818624,0.3620487,4.330405,-0.2897971,-2.484951,0.1949909,0.2089601,1.992901,0.3924631,-0.06733482,-0.9172997,0.2599816,0.9647676,0.04041291,0.8822598,-0.2543416,0.3961414,moving,7.013748053889229,7.82286534984558,5.588189226983606,5.98571815097921,1.8891079999999998,-0.31840926999999997,0.6190499999999997,0.12098782239186229,0.13511106370675008,0.9834158911028261,6.950616222022023,7.21896821934916,2.295721349174272,2.325366164557979,1.8376923159070724
05/05/2023 11:40:52.553187,3904,True,True,True,True,Eyes,2.432311,0.02983561,-3.129337,0.9496309,-0.1285353,0.2857966,0.0,0.0,0.0,0.0,0.0,0.0,0.0,-3.808758,-0.5227974,-0.8868428,2.446502,0.02726365,-3.095212,0.09088585,0.5378686,-0.09802526,0.8323631,14.87727,65.23375,356.119,0.5907802,0.007034838,-0.8068016,0.297602,0.002649506,0.3403258,4.330129,-0.2959582,-2.460769,0.1993082,0.2089603,1.992901,0.4021769,-0.06541592,-0.913222,0.2609545,0.9642617,0.04585064,0.8775856,-0.2567494,0.4048744,moving,7.5021112117527915,7.939817609689301,5.711108358691425,5.985723838438815,1.8836270000000002,-0.32322185000000003,0.6344430000000001,0.129332138414263,0.13697272409193634,0.9820954826189193,7.42352963453501,7.329522370700493,2.6141528269550753,2.650693057770722,2.176736346292405
05/05/2023 11:40:52.563261,3905,True,True,True,True,Eyes,2.433623,0.02953996,-3.127162,0.9488159,-0.129283,0.2881565,0.0,0.0,0.0,0.0,0.0,0.0,0.0,-3.814311,-0.5123008,-0.8514334,2.451654,0.0257869,-3.086274,0.09324953,0.5329159,-0.09811246,0.8352719,15.09076,64.56931,356.1688,0.5930911,0.007084366,-0.805104,0.2797459,0.002490536,0.3199062,4.328504,-0.304904,-2.434422,0.2037573,0.2089603,1.992901,0.4127491,-0.06451284,-0.9085573,0.2632895,0.9633569,0.05120603,0.8719615,-0.2603488,0.4146103,moving,8.020730495566207,8.12763288994491,5.837724833991481,5.985723838438815,1.8768499999999997,-0.3306909,0.6518519999999999,0.13815675084104906,0.14002291154087282,0.980462223196142,7.924027304061576,7.5088244830644415,3.013319655614178,3.058314585419729,2.5831170260519705
05/05/2023 11:40:52.583450,3906,True,True,True,True,Eyes,2.435082,0.02920077,-3.124706,0.9478391,-0.1302008,0.2909447,0.0,0.0,0.0,0.0,0.0,0.0,0.0,-3.820354,-0.5027426,-0.8112628,2.4568,0.02420418,-3.077263,0.09525269,0.5274252,-0.09830856,0.8385018,15.27427,63.82719,356.173,0.5952148,0.007121615,-0.8035347,0.2629611,0.002341104,0.3007119,4.326139,-0.3131066,-2.405982,0.2085935,0.2089601,1.992901,0.4243163,-0.06438646,-0.9032221,0.2653411,0.9625247,0.05603825,0.8657654,-0.2634398,0.4254992,moving,8.5865017622372,8.283137590530348,5.975292838632874,5.98571815097921,1.8693390000000005,-0.33731078000000003,0.671281,0.14777910204028594,0.1424831978697769,0.9787031733843052,8.47136049393728,7.656376224179478,3.42394103721732,3.478009218495306,3.0035732282410006
05/05/2023 11:40:52.602913,3907,True,True,True,True,Eyes,2.436707,0.02882408,-3.121982,0.9466624,-0.1311695,0.2943209,0.0,0.0,0.0,0.0,0.0,0.0,0.0,-3.82658,-0.496087,-0.7656369,2.461861,0.02286248,-3.068181,0.09784419,0.5213457,-0.09918139,0.8418958,15.55509,63.00746,356.1325,0.5971764,0.007146739,-0.8020777,0.2471835,0.002200637,0.2826692,4.32154,-0.3245081,-2.374424,0.2122671,0.2089601,1.9929,0.4367236,-0.06497949,-0.8972459,0.269022,0.9611791,0.06133364,0.8584287,-0.2681648,0.4372505,moving,9.183702550437994,8.540579742556188,6.079747058242576,5.985721132694636,1.8596789999999999,-0.34737058000000004,0.6937570000000002,0.15787492340120246,0.14664739477313915,0.9765090781186501,9.046584232678741,7.9029030770625965,3.954018763059679,4.020179375838074,3.5323801363141656
05/05/2023 11:40:52.613167,3908,True,True,True,True,Eyes,2.438473,0.02839882,-3.118989,0.9453305,-0.1321437,0.2981413,0.0,0.0,0.0,0.0,0.0,0.0,0.0,-3.832386,-0.4916971,-0.7182662,2.46734,0.02162947,-3.058858,0.09883251,0.5150375,-0.0998149,0.8455802,15.66179,62.14169,356.01,0.5989989,0.007160032,-0.8007176,0.2323525,0.002068599,0.265709,4.317793,-0.3301707,-2.341703,0.2166361,0.2089604,1.992901,0.4495469,-0.06699809,-0.8907407,0.2706078,0.9605383,0.0643248,0.8512809,-0.2699584,0.4499373,moving,9.795519618302738,8.63875138192904,6.203914635904071,5.985726682168574,1.850453,-0.35180016999999997,0.717155,0.16825723638758006,0.1480625990735936,0.974559857373787,9.640349052845217,7.994365301998997,4.389265392303329,4.465217397521653,3.9804158836749584
05/05/2023 11:40:52.632985,3909,True,True,True,True,Eyes,2.440391,0.02792586,-3.115734,0.9438391,-0.1329867,0.3024606,0.0,0.0,0.0,0.0,0.0,0.0,0.0,-3.838168,-0.4849431,-0.6683475,2.472541,0.02004634,-3.049513,0.09943192,0.508413,-0.1000969,0.8494764,15.7066,61.23438,355.8924,0.6007018,0.007161466,-0.7994407,0.2184113,0.001944483,0.2497665,4.313453,-0.3340807,-2.307908,0.2214115,0.2089604,1.992901,0.4629936,-0.06895497,-0.8836753,0.2711649,0.9601877,0.06714895,0.8438641,-0.2707113,0.463259,moving,10.421706822061404,8.684254056780158,6.339568537666615,5.985726682168574,1.8409119999999999,-0.35412704,0.7416050000000003,0.1788846614284228,0.1485537201950651,0.9725904552996112,10.249541752467387,8.034486158982997,4.808653145381857,4.8934551151972085,4.414216344301261
05/05/2023 11:40:52.647116,3910,True,True,True,True,Eyes,2.442456,0.02741499,-3.112225,0.9421841,-0.1337581,0.3072424,0.0,0.0,0.0,0.0,0.0,0.0,0.0,-3.844074,-0.4757784,-0.6165036,2.478105,0.0184349,-3.040065,0.1001419,0.5014715,-0.1001309,0.8535057,15.74574,60.29115,355.8001,0.6023028,0.007151043,-0.7982354,0.2053066,0.001827814,0.2347805,4.308255,-0.3376763,-2.272079,0.2252727,0.2089604,1.992901,0.4770002,-0.07048789,-0.8760722,0.2713612,0.9598908,0.07051779,0.835963,-0.2713689,0.4769958,moving,11.059237233595146,8.725404536367224,6.449200845668896,5.985726682168574,1.8301500000000002,-0.35611119999999996,0.7679859999999996,0.18968407998627285,0.14894502605419935,0.970482008581125,10.869909331558597,8.070297176592884,5.268922061526163,5.362673796045274,4.887545157176722
05/05/2023 11:40:52.663433,3911,True,True,True,True,Eyes,2.444667,0.02686796,-3.108468,0.9404202,-0.1342894,0.3123721,0.0,0.0,0.0,0.0,0.0,0.0,0.0,-3.850169,-0.4622092,-0.5623666,2.483732,0.01700528,-3.030591,0.1002369,0.49419,-0.09935624,0.8578214,15.67452,59.30685,355.7479,0.6038184,0.007128998,-0.7970898,0.1929882,0.001718145,0.2206936,4.302929,-0.3371712,-2.234927,0.2295285,0.2089604,1.992901,0.4918093,-0.07138769,-0.8677716,0.2695319,0.9601618,0.07376893,0.827935,-0.2701723,0.4914578,moving,11.727188995962495,8.6647389298186,6.569982210634201,5.985726682168574,1.819197,-0.35417648,0.7956639999999999,0.20102646974381533,0.14757701273399193,0.9684056526857228,11.522676492195858,8.006841007998055,5.711660302812552,5.811530646025627,5.349213378122684
05/05/2023 11:40:52.672938,3912,True,True,True,True,Eyes,2.447028,0.02627055,-3.104472,0.9384975,-0.1346504,0.3179493,0.0,0.0,0.0,0.0,0.0,0.0,0.0,-3.856271,-0.4472664,-0.5080827,2.490355,0.01517081,-3.02108,0.09991197,0.4867409,-0.09826409,0.8622327,15.54249,58.30379,355.7028,0.6052622,0.007095595,-0.7959943,0.1814089,0.001615057,0.207452,4.298357,-0.3349754,-2.197297,0.2340399,0.2089601,1.9929,0.506855,-0.07219055,-0.8590032,0.2667155,0.9607236,0.07663641,0.8197322,-0.267953,0.5062019,moving,12.389754776440032,8.551930433204854,6.69795691038232,5.985721132694636,1.808002,-0.35014620999999996,0.8237830000000002,0.21228317328819363,0.14531648256647295,0.9663431167706955,12.171598715160432,7.892686345320257,6.139994243254907,6.243556127887717,5.796315288972716
05/05/2023 11:40:52.692953,3913,True,True,True,True,Eyes,2.449565,0.02563236,-3.100275,0.9365101,-0.1347425,0.3237178,0.0,0.0,0.0,0.0,0.0,0.0,0.0,-3.861613,-0.4277294,-0.4538598,2.496365,0.01332749,-3.011475,0.0990864,0.4792676,-0.09635055,0.8667186,15.3144,57.30622,355.7165,0.606647,0.0070507,-0.7949398,0.1705244,0.001518153,0.1950049,4.293116,-0.3292172,-2.159158,0.238287,0.2089602,1.9929,0.5220383,-0.07203983,-0.8498743,0.2619955,0.9617969,0.07940466,0.8116861,-0.2641155,0.5209689,moving,13.047108654209099,8.345504071225893,6.818369851482547,5.985723976425849,1.7967510000000004,-0.34254469,0.8523169999999998,0.22348156950042708,0.14147111718750996,0.9643867656912571,12.817963580806182,7.687477536291016,6.557608140985061,6.660761905998886,6.236272131285906
05/05/2023 11:40:52.713488,3914,True,True,True,True,Eyes,2.452232,0.02496564,-3.095855,0.9343653,-0.1346181,0.3299083,0.0,0.0,0.0,0.0,0.0,0.0,0.0,-3.86622,-0.4065448,-0.3974804,2.501878,0.01211012,-3.001896,0.09869998,0.4715505,-0.09432798,0.8712065,15.12566,56.28755,355.7659,0.607984,0.006994423,-0.7939181,0.1602929,0.001427064,0.1833046,4.286392,-0.3240312,-2.120596,0.2425895,0.2089603,1.992901,0.5374847,-0.07127422,-0.840256,0.2574424,0.962721,0.0830153,0.8030154,-0.2609369,0.5357968,moving,13.7019859972855,8.181200256961686,6.940288355504821,5.985723838438815,1.7845140000000002,-0.33614132,0.8813,0.23459448899208168,0.13833292910856942,0.9622003219493213,13.460778934695755,7.523269725911142,7.00593219785274,7.109196276876339,6.699316737503966
05/05/2023 11:40:52.732975,3915,True,True,True,True,Eyes,2.455054,0.02425768,-3.091257,0.9321543,-0.1343201,0.336224,0.0,0.0,0.0,0.0,0.0,0.0,0.0,-3.87,-0.3840191,-0.3433815,2.507686,0.01070848,-2.99227,0.09736459,0.4640185,-0.0916955,0.8756706,14.81005,55.29663,355.834,0.6092827,0.006927205,-0.7929226,0.1506753,0.00134144,0.1723063,4.280649,-0.3145817,-2.082768,0.2471594,0.2089603,1.992901,0.5525576,-0.07023217,-0.8305104,0.250948,0.9642242,0.08542182,0.7947989,-0.2556154,0.5504139,moving,14.327715506015345,7.892959031789589,7.069718523261664,5.985723838438815,1.7729630000000003,-0.32529018000000004,0.9095019999999998,0.24526497425520383,0.13312845350492372,0.9602718436565145,14.078520941624998,7.23866605873464,7.406728659171831,7.5044031264596445,7.119914012616693
05/05/2023 11:40:52.743257,3916,True,True,True,True,Eyes,2.457987,0.02359269,-3.086451,0.9297201,-0.1341017,0.342983,0.0,0.0,0.0,0.0,0.0,0.0,0.0,-3.87359,-0.3574519,-0.287753,2.513701,0.009028699,-2.9827,0.09687309,0.4561981,-0.08888268,0.880113,14.57308,54.28319,355.9671,0.610552,0.006849061,-0.7919462,0.1416348,0.001260954,0.1619679,4.273555,-0.3077781,-2.044096,0.2512281,0.2089601,1.9929,0.5679663,-0.06806697,-0.8202324,0.2448402,0.965431,0.08942229,0.785791,-0.2516147,0.5649979,moving,14.951549937224247,7.658774844705168,7.1848961575657135,5.985721132694636,1.7598539999999998,-0.316806799,0.9386039999999998,0.2558519075390225,0.1288372642943658,0.9580922864284459,14.692958579160289,7.006671605506814,7.851352667833637,7.944810863472862,7.577159177059435
05/05/2023 11:40:52.763455,3917,True,True,True,True,Eyes,2.461077,0.02315747,-3.081465,0.9271582,-0.1339806,0.3498955,0.0,0.0,0.0,0.0,0.0,0.0,0.0,-3.876123,-0.3333931,-0.2255516,2.519327,0.009400472,-2.973089,0.09897537,0.4476407,-0.08732513,0.8844184,14.67002,53.18908,356.0967,0.6117992,0.006762168,-0.7909839,0.1331367,0.001185296,0.1522499,4.262984,-0.3104651,-2.00456,0.2557061,0.20896,1.9929,0.5839841,-0.06585308,-0.8090896,0.2430747,0.9651564,0.09689072,0.7745174,-0.2532519,0.5796432,moving,15.63196681056277,7.750551111136632,7.311589004698243,5.985718288963392,1.7436570000000002,-0.319865572,0.9685289999999998,0.26717201490079373,0.12995812814118396,0.9548455316477842,15.353768164697707,7.0914563170981255,8.403573946963023,8.505487741602062,8.117838519482447
05/05/2023 11:40:52.773291,3918,True,True,True,True,Eyes,2.464301,0.02282186,-3.076249,0.9244658,-0.1332879,0.3572075,0.0,0.0,0.0,0.0,0.0,0.0,0.0,-3.876357,-0.3311189,-0.1569546,2.525716,0.01455143,-2.96327,0.09956332,0.4385824,-0.08759475,0.8888531,14.70423,52.00246,355.9458,0.613031,0.006673232,-0.7900304,0.1251485,0.001114179,0.1431149,4.251505,-0.307471,-1.962848,0.2599511,0.2089603,1.992901,0.5999452,-0.0683843,-0.7971131,0.2430512,0.9648286,0.1001593,0.7622283,-0.2538294,0.5954652,moving,16.347780098497807,7.892997288597053,7.431619742683708,5.985723838438815,1.7257889999999998,-0.32202242999999997,1.0004220000000001,0.27900894289602807,0.13187015474421662,0.9511909113233143,16.047717127540402,7.225307324681122,9.004744183828642,9.117872970395537,8.704809094098445
05/05/2023 11:40:52.792927,3919,True,True,True,True,Eyes,2.546733,0.01449408,-2.942138,0.8369256,-0.1199151,0.5340187,0.0,0.0,0.0,0.0,0.0,0.0,0.0,-3.873037,-0.3472087,-0.09829617,2.532179,0.01650878,-2.952698,0.09151792,0.4308279,-0.08691832,0.8935643,13.79496,50.935,355.4834,0.614254,0.006584976,-0.7890806,0.1176396,0.001047328,0.134528,4.246027,-0.2766048,-1.922172,0.2643021,0.2089601,1.9929,0.613665,-0.07647725,-0.785854,0.2341911,0.9681394,0.08866062,0.7540357,-0.238448,0.6120236,moving,5.966513225315224,7.350235390236697,7.554587129219262,5.985721132694636,1.7138479999999996,-0.29311358,1.0305259999999998,0.10310214302037773,0.12725243949738393,0.9864972518155487,5.9424907859079825,6.766051396428701,2.0937155429456364,2.0937712108290563,1.7910248297041762
05/05/2023 11:40:52.813181,3920,True,True,True,True,Eyes,2.546929,0.01458621,-2.941744,0.8364112,-0.1203126,0.5347347,0.0,0.0,0.0,0.0,0.0,0.0,0.0,-3.871037,-0.3372201,-0.03342688,2.536851,0.01628394,-2.943448,0.09211258,0.4221062,-0.08679052,0.8976688,13.80645,49.80969,355.3897,0.6196286,0.006238421,-0.7848701,0.3578759,-0.02399885,0.5287884,4.232975,-0.2780162,-1.883223,0.2687192,0.2089602,1.992901,0.6285875,-0.07805569,-0.7738121,0.2335808,0.9679654,0.09210351,0.7418341,-0.2386428,0.6266833,moving,7.029126522018762,7.418544476999194,7.679343510111852,5.985720994709028,1.6961239999999997,-0.29430014,1.060225,0.12136470385566939,0.12816212562597182,0.9842992912734159,6.976505198642815,6.825468395265326,1.569966431685637,1.5734564700070246,1.095060449842705
05/05/2023 11:40:52.833135,3921,True,True,True,True,Eyes,2.547322,0.01476031,-2.940979,0.8355926,-0.1208193,0.5358989,0.0,0.0,0.0,0.0,0.0,0.0,0.0,-3.868549,-0.3176137,0.04146445,2.541803,0.01866957,-2.933795,0.09784088,0.4119748,-0.08746143,0.9016954,14.38931,48.53359,355.4339,0.6240189,0.005949428,-0.7813863,0.3364034,-0.02255892,0.4970611,4.214356,-0.295882,-1.841305,0.2731134,0.2089603,1.992901,0.6452546,-0.07711117,-0.760066,0.2383431,0.9655554,0.1043815,0.7258368,-0.2485091,0.6414079,moving,8.194876714214503,8.03848966013185,7.803384184512537,5.985723838438815,1.6725530000000006,-0.31455157,1.09249,0.1411679184635246,0.13843791056814425,0.9802583797972155,8.096191033904654,7.420934682231937,2.0636908411683637,2.089764082264676,1.4647750739251064
05/05/2023 11:40:52.843072,3922,True,True,True,True,Eyes,2.547867,0.01503012,-2.939862,0.8342373,-0.1216796,0.5378124,0.0,0.0,0.0,0.0,0.0,0.0,0.0,-3.863883,-0.3068527,0.119081,2.546856,0.02082951,-2.924214,0.09774026,0.4016187,-0.08684042,0.9064261,14.29663,47.2081,355.3285,0.6276243,0.005710419,-0.7784951,0.3162192,-0.02120538,0.4672374,4.197061,-0.2913809,-1.796546,0.277438,0.2089601,1.9929,0.6623223,-0.07892022,-0.7450509,0.2359375,0.9658112,0.1074352,0.7110997,-0.2469421,0.6582985,moving,9.379804806804927,7.984798945917111,7.925392282716334,5.985721132694636,1.6502049999999997,-0.31221041,1.1276680000000001,0.16143950724931594,0.13708822632848378,0.9773147287657231,9.252728514902591,7.360836671365427,2.4266688914247037,2.4721706845491287,1.911220609445249
05/05/2023 11:40:52.868100,3923,True,True,True,True,Eyes,2.548591,0.01545159,-2.938389,0.8325769,-0.1226768,0.5401539,0.0,0.0,0.0,0.0,0.0,0.0,0.0,-3.855554,-0.3120381,0.2069267,2.551122,0.02350494,-2.914911,0.1013213,0.3902232,-0.09038425,0.910654,14.77817,45.73248,354.9245,0.6306043,0.005515623,-0.7760845,0.297246,-0.01993306,0.4392032,4.173348,-0.3076945,-1.75153,0.281864,0.2089601,1.992901,0.6791131,-0.08554167,-0.7290323,0.2436934,0.9631294,0.1139973,0.6924009,-0.2550775,0.6749197,moving,10.608640727822081,8.557644586800523,8.050178330415957,5.98571815097921,1.622226,-0.33119943999999996,1.163381,0.1821183018775548,0.14631587150522823,0.9723295311898951,10.43518099815712,7.910057495532186,3.5530982476014663,3.6277452267514065,3.0645260054577848
05/05/2023 11:40:52.873292,3924,True,True,True,True,Eyes,2.549466,0.01595063,-2.936566,0.8305613,-0.1232767,0.5431122,0.0,0.0,0.0,0.0,0.0,0.0,0.0,-3.843866,-0.3372574,0.2923057,2.556218,0.02763173,-2.905078,0.1002039,0.3792536,-0.09432665,0.9150018,14.7689,44.28268,354.2658,0.6330951,0.005361546,-0.7740549,0.2794113,-0.01873708,0.412851,4.152514,-0.3070191,-1.706265,0.2863402,0.2089602,1.9929,0.6945384,-0.09661272,-0.7129394,0.2486235,0.9621233,0.1118261,0.6751317,-0.254921,0.6922517,moving,11.760692200727506,8.727661819805776,8.176309577984302,5.985723976425849,1.5962960000000002,-0.33465083,1.1988130000000001,0.2015607470512203,0.14862377446123887,0.968134452709162,11.55364007531084,8.06784181429786,4.417663809085673,4.512872912367733,3.967565497752588
05/05/2023 11:40:52.892859,3925,True,True,True,True,Eyes,2.550486,0.01645804,-2.934448,0.8283459,-0.1237628,0.5463752,0.0,0.0,0.0,0.0,0.0,0.0,0.0,-3.830225,-0.3688778,0.3650721,2.560773,0.0299638,-2.895084,0.0939444,0.3697823,-0.09667238,0.9192879,14.1357,43.02921,353.59,0.6353682,0.005235747,-0.7721911,0.2626466,-0.01761285,0.3880799,4.137198,-0.2868894,-1.664417,0.2910957,0.2089601,1.9929,0.707831,-0.1082615,-0.6980364,0.2472174,0.9636578,0.1012284,0.6617091,-0.2442194,0.7088709,moving,12.740504424315983,8.297143186337427,8.310219382244247,5.985721132694636,1.5764249999999995,-0.3168532,1.2306670000000002,0.21833803684090342,0.14082520087542255,0.9656587307908246,12.520383453790092,7.64245638743884,4.904219051584915,4.997008851710273,4.524406393511511
05/05/2023 11:40:52.913557,3926,True,True,True,True,Eyes,2.551608,0.01696289,-2.931998,0.8257872,-0.1239952,0.5501823,0.0,0.0,0.0,0.0,0.0,0.0,0.0,-3.815924,-0.3874232,0.4379734,2.564584,0.03078809,-2.885334,0.09142106,0.3600711,-0.09921416,0.9231184,13.90031,41.77014,353.0573,0.6374519,0.005135647,-0.7704725,0.2468878,-0.01655608,0.3647951,4.117783,-0.2811988,-1.623428,0.2947031,0.2089602,1.992901,0.7210108,-0.1173367,-0.682917,0.249009,0.9635975,0.09733663,0.6466359,-0.2402332,0.723982,moving,13.682495354149745,8.26183599832297,8.411734887197355,5.985720994709028,1.5531990000000002,-0.31198689,1.2619059999999998,0.23422174931791168,0.13969985636767898,0.9620935478514951,13.43960569276642,7.601856283730402,5.640404675292692,5.741220724694765,5.281228844683207
05/05/2023 11:40:52.932953,3927,True,True,True,True,Eyes,2.55282,0.01745788,-2.929235,0.8230875,-0.1238248,0.5542511,0.0,0.0,0.0,0.0,0.0,0.0,0.0,-3.802061,-0.3902615,0.5052878,2.568208,0.03120323,-2.875174,0.08843355,0.3507183,-0.09917875,0.9270059,13.50466,40.59328,352.8012,0.6393719,0.005058639,-0.7688805,0.2320745,-0.01556272,0.3429074,4.10008,-0.2690441,-1.583679,0.2990392,0.20896,1.9929,0.7343205,-0.121848,-0.6677772,0.2459091,0.9646862,0.09438922,0.6326943,-0.2335244,0.7383524,moving,14.57783319020191,8.02939451878147,8.533695411441363,5.985718288963392,1.5318720000000003,-0.30024733000000003,1.2914949999999998,0.24938162118021462,0.13526792902989948,0.9589115131209919,14.318663018978063,7.369756996248108,6.2806563741567185,6.380298897462713,5.94822774980172
05/05/2023 11:40:52.943533,3928,True,True,True,True,Eyes,2.554106,0.01797231,-2.926168,0.8200468,-0.1233932,0.5588357,0.0,0.0,0.0,0.0,0.0,0.0,0.0,-3.788565,-0.3785305,0.5709143,2.571562,0.03136661,-2.865054,0.08478022,0.341323,-0.09662566,0.9311147,12.93475,39.44667,352.8053,0.6411502,0.005002201,-0.7673987,0.2181501,-0.01462895,0.3223329,4.082435,-0.2497162,-1.543816,0.3034782,0.2089602,1.9929,0.7483242,-0.1220642,-0.6520056,0.237814,0.9669516,0.09191905,0.6192378,-0.2238413,0.7526218,moving,15.45725219661298,7.571214936242238,8.658465266320855,5.985723976425849,1.5108730000000001,-0.28108281,1.3212380000000001,0.26435883723259734,0.12707100592834505,0.9560163911881205,15.188286740293034,6.918123654112259,6.8934117435996,6.981209444442311,6.596054702691444
05/05/2023 11:40:52.963032,3929,True,True,True,True,Eyes,2.555471,0.01851141,-2.922804,0.8168343,-0.1226323,0.563687,0.0,0.0,0.0,0.0,0.0,0.0,0.0,-3.773273,-0.3688669,0.6378622,2.574686,0.03229187,-2.854903,0.08230321,0.3317429,-0.09485795,0.9349732,12.52347,38.27715,352.7751,0.6428065,0.004964804,-0.7660121,0.2050611,-0.01375122,0.302993,4.062829,-0.2352673,-1.504387,0.3077928,0.2089602,1.9929,0.7618972,-0.1227723,-0.6359558,0.2319863,0.9684563,0.09096568,0.6047272,-0.2168395,0.7663457,moving,16.32104043057661,7.299068753264056,8.77965928806017,5.985723976425849,1.488143,-0.26755917,1.3505160000000003,0.27891974349604093,0.12200649279096751,0.9525325091742173,16.037659087081366,6.647601535014454,7.572408457579031,7.654887591568588,7.288116559520363
05/05/2023 11:40:52.983199,3930,True,True,True,True,Eyes,2.556875,0.01903416,-2.919155,0.8133276,-0.1215579,0.5689657,0.0,0.0,0.0,0.0,0.0,0.0,0.0,-3.756362,-0.3668458,0.7013491,2.577744,0.03337407,-2.84444,0.07810661,0.3225423,-0.09314422,0.9387173,11.93055,37.1605,352.6902,0.6443587,0.004945208,-0.7647071,0.1927574,-0.01292614,0.2848134,4.044402,-0.2146832,-1.465988,0.3121448,0.2089601,1.9929,0.7745813,-0.1244868,-0.6201023,0.2252575,0.970447,0.08655415,0.5910016,-0.2067259,0.7797317,moving,17.111879464491636,6.875803391992191,8.901823681023222,5.985721132694636,1.4666579999999998,-0.24805727,1.378452,0.2923037404070495,0.11448897960476925,0.9494476671432538,16.819992322701196,6.230526594044244,8.187864589816602,8.258163379104303,7.9219520543840085
05/05/2023 11:40:52.992932,3931,True,True,True,True,Eyes,2.558297,0.01953825,-2.915238,0.8095822,-0.1206047,0.5744833,0.0,0.0,0.0,0.0,0.0,0.0,0.0,-3.738871,-0.3610065,0.7621885,2.580102,0.03343294,-2.834143,0.07457794,0.3136004,-0.09128857,0.9422098,11.4079,36.08426,352.659,0.6458215,0.004941258,-0.7634722,0.181192,-0.01215058,0.2677246,4.025345,-0.197232,-1.429319,0.3164638,0.2089602,1.992901,0.7866423,-0.1252507,-0.6045711,0.2188013,0.972209,0.08327987,0.5773386,-0.1977924,0.7921858,moving,17.843904881708006,6.494262594905426,9.022976669021993,5.985720994709028,1.4452429999999996,-0.23066493999999998,1.404824,0.30464154727996534,0.10772756327180873,0.9463552155402364,17.543868319159035,5.854439016557986,8.775942676007537,8.835575198734396,8.521902925471657
05/05/2023 11:40:53.012906,3932,True,True,True,True,Eyes,2.559719,0.02003405,-2.911055,0.8055128,-0.1196031,0.5803828,0.0,0.0,0.0,0.0,0.0,0.0,0.0,-3.721055,-0.3447128,0.822865,2.581963,0.03348737,-2.82392,0.07424015,0.3045801,-0.08963239,0.9453495,11.24275,34.99936,352.7225,0.6472072,0.004950942,-0.7622977,0.1703204,-0.01142154,0.2516611,4.004082,-0.1916198,-1.393836,0.320806,0.2089603,1.992901,0.798394,-0.1242437,-0.5891778,0.214692,0.9729089,0.08576526,0.5625605,-0.1949662,0.8034388,moving,18.53176992534104,6.436144038794047,9.144702893047757,5.985723838438815,1.4221190000000004,-0.22510717000000002,1.4300840000000001,0.31602791438486555,0.10635088668258136,0.9427702865813448,18.215978672211772,5.793329034001957,9.33742673612098,9.397867089167388,9.073315822918433
05/05/2023 11:40:53.033164,3933,True,True,True,True,Eyes,2.561091,0.02052784,-2.906619,0.8011048,-0.1190036,0.5865741,0.0,0.0,0.0,0.0,0.0,0.0,0.0,-3.702163,-0.323085,0.8837004,2.583405,0.03375052,-2.813574,0.07449266,0.2954281,-0.08747555,0.9484309,11.1272,33.90658,352.8625,0.6485279,0.004972729,-0.7611743,0.1601012,-0.01073625,0.2365614,3.98172,-0.1870834,-1.35853,0.3254049,0.2089601,1.9929,0.8101405,-0.1219146,-0.5734188,0.2099435,0.9735978,0.08961681,0.5473537,-0.1929877,0.8143462,moving,19.206750173058943,6.372997808637562,9.273539091948033,5.985721132694636,1.3983150000000002,-0.22083392000000002,1.455044,0.3271631260882355,0.10489197821913541,0.9391282628162454,18.875664194287427,5.727412648649309,9.879946842761335,9.940757798358936,9.605598875338597
05/05/2023 11:40:53.043436,3934,True,True,True,True,Eyes,2.562436,0.02105043,-2.90195,0.796285,-0.1185539,0.5931906,0.0,0.0,0.0,0.0,0.0,0.0,0.0,-3.680787,-0.2954168,0.9504955,2.584132,0.03416475,-2.803569,0.07642009,0.2854624,-0.08547103,0.9515072,11.19952,32.71549,353.0309,0.6497923,0.005005396,-0.7600951,0.1504951,-0.01009207,0.2223678,3.9547,-0.1886442,-1.321779,0.3293673,0.20896,1.9929,0.8224118,-0.1190225,-0.5563025,0.2062827,0.9737093,0.09663099,0.5301757,-0.1942261,0.8253424,moving,19.93277323320946,6.478117982343237,9.384464364564078,5.985718288963392,1.370568,-0.22280895,1.48179,0.3389914271372836,0.10614338750103502,0.9347824934046437,19.58057189289474,5.824878336748161,10.492028630706336,10.55979533165219,10.197376045802654
05/05/2023 11:40:53.063081,3935,True,True,True,True,Eyes,2.563718,0.02161535,-2.897035,0.7911187,-0.1182616,0.6001212,0.0,0.0,0.0,0.0,0.0,0.0,0.0,-3.656887,-0.2624357,1.022256,2.584898,0.03538492,-2.793519,0.0795628,0.2746887,-0.08336351,0.9546028,11.40248,31.43052,353.2364,0.6510091,0.005048652,-0.7590528,0.1414654,-0.009486549,0.2090257,3.924823,-0.1937416,-1.283928,0.3338372,0.2089601,1.9929,0.8351933,-0.1154481,-0.5377024,0.202868,0.9734405,0.1061037,0.5111719,-0.1976997,0.8364317,moving,20.720739238163965,6.689544736985489,9.509511640186142,5.985721132694636,1.339925,-0.22912652,1.509591,0.3517034927153836,0.10904716121351277,0.9297383653785424,20.342997441018017,6.025367882574789,11.153592823633874,11.233298354428968,10.833558347173005
05/05/2023 11:40:53.083018,3936,True,True,True,True,Eyes,2.564966,0.02218293,-2.891907,0.7855987,-0.117797,0.6074196,0.0,0.0,0.0,0.0,0.0,0.0,0.0,-3.631218,-0.2358553,1.091847,2.585528,0.03686811,-2.783377,0.07966698,0.2641142,-0.0803192,0.9578339,11.2472,30.18636,353.4557,0.6521854,0.005102577,-0.758042,0.1329775,-0.008917356,0.1964841,3.895859,-0.1860145,-1.246177,0.3381046,0.20896,1.9929,0.847585,-0.1117825,-0.5187527,0.1959473,0.974404,0.1101886,0.4931576,-0.1950424,0.8477936,moving,21.46877588503284,6.539887380984507,9.62880865957513,5.985718288963392,1.3103310000000001,-0.22288261,1.5372000000000001,0.3639288617226926,0.10608473631602236,0.9253657835909186,21.076231478924218,5.874793064186629,11.776457234275291,11.85292905920154,11.44796023798327
05/05/2023 11:40:53.092871,3937,True,True,True,True,Eyes,2.566151,0.02276572,-2.886573,0.7797595,-0.1175591,0.614943,0.0,0.0,0.0,0.0,0.0,0.0,0.0,-3.604747,-0.207673,1.158858,2.586018,0.03743917,-2.773335,0.07911275,0.2537434,-0.07667507,0.9609768,11.00897,28.97753,353.7292,0.6533276,0.00516623,-0.7570574,0.1249989,-0.008382315,0.1846951,3.867527,-0.1759936,-1.209688,0.3427681,0.2089601,1.992901,0.8594704,-0.1072173,-0.4998151,0.1875146,0.9757242,0.1131394,0.4755512,-0.1909626,0.8587108,moving,22.17023976332091,6.2613097464924055,9.75907767941763,5.98571815097921,1.2815089999999998,-0.21343277,1.5636469999999998,0.3754268808670899,0.10108534125828053,0.9213231376597275,21.76754031840764,5.599089689887286,12.346646909365937,12.4142214818504,12.01468503619405
05/05/2023 11:40:53.113219,3938,True,True,True,True,Eyes,2.567295,0.02335915,-2.881049,0.7736121,-0.1172448,0.6227183,0.0,0.0,0.0,0.0,0.0,0.0,0.0,-3.577338,-0.1801021,1.223305,2.586156,0.03834368,-2.763437,0.07989498,0.2436512,-0.07384435,0.9637417,10.95166,27.79613,353.9545,0.6544407,0.005239069,-0.7560949,0.1174989,-0.007879375,0.1736134,3.838351,-0.1721219,-1.174934,0.3468677,0.20896,1.9929,0.8703622,-0.1034007,-0.4814332,0.1812668,0.9763276,0.1180117,0.457834,-0.1899808,0.8685018,moving,22.802899109954325,6.175246366447052,9.873519836536433,5.985718288963392,1.252195,-0.21046557999999999,1.5885030000000002,0.38564871901778935,0.09924885537400095,0.9172921212870134,22.386588315989766,5.511155927502444,12.864558636436714,12.930768317777673,12.522064215072685
05/05/2023 11:40:53.133962,3939,True,True,True,True,Eyes,2.568352,0.02394389,-2.875346,0.7672632,-0.1170707,0.6305565,0.0,0.0,0.0,0.0,0.0,0.0,0.0,-3.550033,-0.1588107,1.282509,2.586386,0.03916145,-2.753517,0.08000193,0.2342083,-0.07145878,0.9662504,10.84054,26.69173,354.1198,0.6555301,0.005320534,-0.75515,0.110449,-0.007406613,0.1631966,3.811451,-0.1668513,-1.142464,0.3512891,0.20896,1.9929,0.8800802,-0.1006199,-0.4640414,0.1755684,0.9769867,0.1211313,0.4411741,-0.1880763,0.8774924,moving,23.346209606261446,6.041178850622361,9.996850863589748,5.985718288963392,1.2250649999999998,-0.20601275000000002,1.611053,0.3944285026676875,0.09671077688216516,0.9138233136023362,22.91983122900282,5.377107409345978,13.287005451010469,13.349473948978096,12.937303765763579
05/05/2023 11:40:53.143445,3940,True,True,True,True,Eyes,2.56935,0.02450616,-2.869478,0.7606379,-0.1169638,0.6385526,0.0,0.0,0.0,0.0,0.0,0.0,0.0,-3.522302,-0.1358689,1.338612,2.585869,0.03951671,-2.743843,0.08102647,0.2251299,-0.06943175,0.9684682,10.84808,25.62888,354.2732,0.6565986,0.00540954,-0.7542205,0.103822,-0.006962216,0.1534048,3.784314,-0.1662046,-1.111921,0.3555874,0.2089601,1.9929,0.8889915,-0.09800193,-0.4473138,0.1709678,0.9772279,0.1256808,0.4248106,-0.1882054,0.8855025,moving,23.821920145288345,6.018188156490772,10.116658484754868,5.985721132694636,1.198445,-0.20572131,1.631922,0.40202992115103114,0.09599809464191464,0.9105801868688052,23.384182544121934,5.351583175334547,13.642543888820052,13.705300116791424,13.282670123693082
05/05/2023 11:40:53.162966,3941,True,True,True,True,Eyes,2.591967,0.03789086,-2.71891,0.5680352,-0.1169411,0.8146538,0.0,0.0,0.0,0.0,0.0,0.0,0.0,-3.495298,-0.1079418,1.390455,2.585521,0.03953978,-2.734163,0.08298538,0.2164544,-0.06720524,0.9704352,10.96198,24.61737,354.4757,0.6576501,0.00550484,-0.7533032,0.09759272,-0.006544483,0.1442005,3.758307,-0.1692551,-1.083134,0.360001,0.2089601,1.9929,0.8972619,-0.09451155,-0.431264,0.1663617,0.9771938,0.1319702,0.4089558,-0.1901576,0.8925219,moving,9.790931352097623,5.107330470499636,10.239586923923227,5.985721132694636,1.1727859999999999,-0.20879488,1.651029,0.16939777640496204,0.08773516838297347,0.9816348387972769,9.731059534589464,4.5583787904238315,0.967044777738594,0.9863376589999644,1.515224824157035
05/05/2023 11:40:53.188105,3942,True,True,True,True,Eyes,2.591938,0.03788196,-2.718522,0.5675052,-0.1170357,0.8150095,0.0,0.0,0.0,0.0,0.0,0.0,0.0,-3.46835,-0.07724461,1.438951,2.584622,0.03941178,-2.724735,0.0850784,0.2081652,-0.06460006,0.9722427,11.08871,23.65782,354.7266,0.6617644,0.006042387,-0.7496872,0.1595856,0.0340023,0.5872511,3.732714,-0.1725451,-1.055909,0.3642848,0.2089602,1.992901,0.9049882,-0.09019317,-0.4157663,0.1610346,0.977177,0.1385387,0.3937821,-0.1923287,0.8988578,moving,10.721873643014261,5.250968293119631,10.358804019332878,5.985720994709028,1.1480920000000001,-0.21195688000000001,1.668826,0.18528784288938158,0.08993374046240504,0.9785603352862923,10.6346882045707,4.691962632757554,0.8137065809213805,0.8195615194316155,1.3228464698458766
05/05/2023 11:40:53.203520,3943,True,True,True,True,Eyes,2.591876,0.03783657,-2.717773,0.5666795,-0.1173602,0.8155373,0.0,0.0,0.0,0.0,0.0,0.0,0.0,-3.442024,-0.04968515,1.483442,2.583998,0.03920039,-2.715145,0.08741301,0.2003337,-0.06259874,0.9738104,11.26392,22.74798,354.9168,0.6651343,0.006495049,-0.7466953,0.1500105,0.03196217,0.552016,3.708867,-0.1779879,-1.030263,0.3687991,0.2089601,1.9929,0.9118956,-0.08689505,-0.4011179,0.1569421,0.9768807,0.1451661,0.3792301,-0.1953287,0.9044508,moving,11.577169891299086,5.427433591932019,10.484348228865063,5.985721132694636,1.1248690000000003,-0.21718829,1.6848820000000002,0.19982387791503003,0.09267738587195078,0.975439121585002,11.463690873133826,4.85798873544932,1.2273747875744752,1.2271691668453182,1.493617211563927
05/05/2023 11:40:53.212994,3944,True,True,True,True,Eyes,2.591761,0.03775352,-2.71666,0.5653659,-0.1177302,0.8163952,0.0,0.0,0.0,0.0,0.0,0.0,0.0,-3.414863,-0.02319968,1.526346,2.582617,0.0383632,-2.705583,0.08949887,0.1926812,-0.06068617,0.9752853,11.41769,21.86026,355.0908,0.6679083,0.006876576,-0.7442114,0.1410098,0.03004444,0.518895,3.684241,-0.183345,-1.005135,0.3727452,0.20896,1.9929,0.9183823,-0.08388314,-0.3867009,0.1528621,0.9766142,0.1511877,0.3649756,-0.19796,0.9097278,moving,12.3782081372985,5.572879492911309,10.594002873007922,5.985718288963392,1.1016240000000002,-0.22170820000000002,1.700448,0.2133969058918253,0.09487489858663277,0.9723480023283135,12.240637886686047,4.994193261732856,1.8292665683279568,1.8313449420160988,1.922115695762166
05/05/2023 11:40:53.230339,3945,True,True,True,True,Eyes,2.591572,0.03764245,-2.715202,0.5636973,-0.1182239,0.8174769,0.0,0.0,0.0,0.0,0.0,0.0,0.0,-3.386652,0.0008903742,1.569343,2.581324,0.03737973,-2.695852,0.09117312,0.1849259,-0.05889624,0.9767402,11.53039,20.96079,355.2386,0.670206,0.007198159,-0.7421399,0.1325492,0.02824177,0.4877613,3.659894,-0.1876334,-0.9801057,0.3773812,0.20896,1.9929,0.9246673,-0.08133208,-0.3719886,0.1487731,0.9764374,0.156322,0.3505096,-0.1998877,0.9149797,moving,13.168333401812776,5.669361800655935,10.722728259516447,5.985718288963392,1.07857,-0.22501313,1.7157463,0.22675584685102665,0.09621438639889475,0.9691875960622215,13.008266446371648,5.082829351707302,2.4600903276099433,2.465981739535082,2.4574159673512317
05/05/2023 11:40:53.243422,3946,True,True,True,True,Eyes,2.591323,0.03751362,-2.713402,0.5616084,-0.1186696,0.818849,0.0,0.0,0.0,0.0,0.0,0.0,0.0,-3.357474,0.02067524,1.611959,2.579554,0.03663442,-2.686268,0.09263403,0.1772373,-0.05762267,0.9781031,11.6327,20.06487,355.3217,0.6722499,0.007481436,-0.7402861,0.1245963,0.02654726,0.4584956,3.634549,-0.191689,-0.9554815,0.3813851,0.20896,1.9929,0.9305331,-0.0798854,-0.3573883,0.1455582,0.9761971,0.1607855,0.3360371,-0.201637,0.9200118,moving,13.920526614672097,5.767010448243356,10.833814426820181,5.985718288963392,1.054995,-0.22832342,1.7307865000000002,0.2394281606777677,0.0975608063146333,0.9660001028268164,13.738886687186314,5.172851816486357,3.0840659551755842,3.094450718661711,3.016653234965207
05/05/2023 11:40:53.263596,3947,True,True,True,True,Eyes,2.591008,0.0373393,-2.711287,0.5589471,-0.1185731,0.8206818,0.0,0.0,0.0,0.0,0.0,0.0,0.0,-3.32864,0.02888036,1.652152,2.577967,0.03607433,-2.67639,0.09258122,0.1699518,-0.05707558,0.9794323,11.58107,19.2107,355.2962,0.6741057,0.007733276,-0.7385939,0.1171205,0.02495443,0.4309859,3.611199,-0.1909764,-0.9314122,0.3856872,0.2089601,1.9929,0.9357176,-0.08033465,-0.3434807,0.143272,0.9763422,0.1619539,0.3223442,-0.2007543,0.9250902,moving,14.586827933332518,5.764061605526827,10.953082177391892,5.985721132694636,1.033232,-0.22705072999999998,1.7449778,0.2506537157621226,0.09722613065931124,0.9631821488093095,14.388489310663381,5.165564095083846,3.627848084131016,3.6405001256421863,3.5319512649065725
05/05/2023 11:40:53.283368,3948,True,True,True,True,Eyes,2.590615,0.03711062,-2.708858,0.5559793,-0.1184173,0.8227177,0.0,0.0,0.0,0.0,0.0,0.0,0.0,-3.299585,0.03647101,1.690502,2.575692,0.03484537,-2.666643,0.09211108,0.1629135,-0.05640592,0.9807105,11.48125,18.38878,355.2809,0.6757967,0.007955746,-0.7370446,0.1100933,0.02345716,0.4051268,3.588085,-0.1892012,-0.908136,0.3900849,0.20896,1.9929,0.9405551,-0.0806235,-0.3299331,0.1406481,0.9766678,0.16229,0.3091507,-0.1990472,0.9299495,moving,15.203451616831588,5.711072810754701,11.074901011556314,5.985718288963392,1.0123929999999999,-0.22404657,1.758507,0.2610345204407305,0.09606191624382149,0.9605379431583704,14.991013973165824,5.109917723050922,4.124136471314164,4.137675704912036,4.012850278709463
05/05/2023 11:40:53.292999,3949,True,True,True,True,Eyes,2.590156,0.03682578,-2.706138,0.5526699,-0.1177889,0.8250344,0.0,0.0,0.0,0.0,0.0,0.0,0.0,-3.273209,0.04056442,1.722517,2.57351,0.03330119,-2.656791,0.09146862,0.1567708,-0.05610821,0.9817884,11.37315,17.66959,355.2318,0.677343,0.008150355,-0.7356219,0.1034877,0.02204973,0.3808191,3.568092,-0.1876891,-0.8868053,0.3944153,0.20896,1.9929,0.9445496,-0.08149355,-0.3180958,0.138852,0.9769707,0.1620134,0.2975672,-0.1971979,0.9341128,moving,15.688949676295662,5.680620067670503,11.194756606366626,5.985718288963392,0.9945819999999999,-0.22099029,1.7699857,0.26918323946031875,0.09532960323130857,0.9583593558023991,15.465107474889175,5.07706812745927,4.490234827086082,4.504537298595079,4.36595254856174
05/05/2023 11:40:53.312854,3950,True,True,True,True,Eyes,2.589602,0.03649827,-2.70313,0.5491458,-0.1171297,0.8274778,0.0,0.0,0.0,0.0,0.0,0.0,0.0,-3.24767,0.04487601,1.751253,2.570789,0.03171907,-2.646941,0.09084898,0.1510797,-0.05573589,0.9827589,11.26847,17.00533,355.198,0.6787625,0.008318511,-0.7343104,0.09727841,0.02072675,0.35797,3.54929,-0.1862478,-0.8666307,0.3989552,0.20896,1.9929,0.9481369,-0.08209901,-0.3070769,0.1370008,0.97728,0.1617242,0.2868227,-0.1954064,0.9378427,moving,16.106649071534665,5.64795624342703,11.320304196492897,5.985718288963392,0.9785010000000001,-0.21796686999999998,1.7803103,0.2761823070338674,0.09458800560837805,0.9564394535196936,15.873169150663761,5.042516788168282,4.783584676992815,4.798247644947425,4.649538510650214
05/05/2023 11:40:53.333024,3951,True,True,True,True,Eyes,2.588959,0.03612653,-2.699849,0.5454985,-0.1161419,0.8300256,0.0,0.0,0.0,0.0,0.0,0.0,0.0,-3.223959,0.04586011,1.775954,2.568046,0.03036096,-2.63709,0.09018088,0.1459951,-0.05576691,0.9835868,11.1679,16.40879,355.1251,0.6800707,0.00846173,-0.7330974,0.09144171,0.01948315,0.3364918,3.532291,-0.1849877,-0.8477475,0.4032033,0.20896,1.9929,0.951151,-0.08337127,-0.2972558,0.1360351,0.9775149,0.1611181,0.2771394,-0.1936849,0.9411057,moving,16.443435864206435,5.646836894369092,11.437682627931599,5.985718288963392,0.964245,-0.21534866,1.7893425,0.2818043209897786,0.09440860608975782,0.9548158936993552,16.201505463691696,5.039194294387594,5.001790988358241,5.017210984409384,4.8569450977766975
05/05/2023 11:40:53.343286,3952,True,True,True,True,Eyes,2.588205,0.0357134,-2.696303,0.5417539,-0.1151107,0.8326178,0.0,0.0,0.0,0.0,0.0,0.0,0.0,-3.202711,0.04482266,1.794947,2.564824,0.02894535,-2.627174,0.08930428,0.1417805,-0.05588283,0.9842765,11.04888,15.91457,355.0501,0.6812814,0.008581394,-0.731971,0.0859552,0.01831416,0.3163023,3.517903,-0.1831648,-0.8305294,0.4073914,0.20896,1.9929,0.9535508,-0.08468511,-0.2890835,0.1353315,0.9778037,0.159954,0.2691213,-0.1916464,0.9438461,moving,16.67309311045212,5.625471697144763,11.553308043506908,5.985718288963392,0.9530789999999998,-0.21211015,1.7966446,0.28564191185360055,0.09394125555383542,0.9537210813409384,16.42595555730124,5.016883333376977,5.117160848902579,5.132443544612265,4.968031296686064
05/05/2023 11:40:53.364231,3953,True,True,True,True,Eyes,2.587328,0.03525091,-2.692508,0.5380024,-0.1138808,0.8352153,0.0,0.0,0.0,0.0,0.0,0.0,0.0,-3.183871,0.04482621,1.809225,2.561448,0.02752394,-2.617358,0.08835563,0.1382656,-0.05567277,0.9848739,10.91973,15.50671,355.0205,0.682407,0.008678827,-0.7309206,0.08079789,0.01721531,0.2973242,3.506297,-0.1807082,-0.8148766,0.4119773,0.2089599,1.9929,0.9555663,-0.08522821,-0.2821864,0.1340944,0.9781877,0.158643,0.2625104,-0.1894335,0.9461518,moving,16.82068129825358,5.588123895319027,11.679806594881484,5.985715445232119,0.944849,-0.20823214,1.8024814,0.28811650577285397,0.09324739082115663,0.9530445003119096,16.57083396153006,4.979565786620131,5.141822312118564,5.156226503590918,4.993444285944354
05/05/2023 11:40:53.383112,3954,True,True,True,True,Eyes,2.586333,0.03476825,-2.688467,0.5342417,-0.1126359,0.8377941,0.0,0.0,0.0,0.0,0.0,0.0,0.0,-3.16747,0.04685363,1.818474,2.557637,0.02581897,-2.60763,0.08732886,0.135506,-0.05500614,0.9853863,10.7785,15.19279,355.0516,0.683458,0.008755008,-0.7299371,0.07595001,0.01618239,0.2794847,3.496681,-0.1776368,-0.8006069,0.4161873,0.2089601,1.9929,0.9572249,-0.08473743,-0.2766587,0.1320718,0.978696,0.157198,0.2574442,-0.1870126,0.9480236,moving,16.8808844336652,5.516230750919254,11.795834690472859,5.985721132694636,0.939044,-0.20345577,1.8070230999999999,0.289150866580825,0.09202148816662888,0.9528503639363668,16.63145887061639,4.909215655120412,5.094160994206571,5.106677208255883,4.954000934077034
05/05/2023 11:40:53.399195,3955,True,True,True,True,Eyes,2.585251,0.03424675,-2.684199,0.5305418,-0.1111499,0.8403398,0.0,0.0,0.0,0.0,0.0,0.0,0.0,-3.15297,0.04765147,1.824142,2.553849,0.02483819,-2.597734,0.08667018,0.1332802,-0.05463406,0.9857687,10.6866,14.93762,355.0605,0.684443,0.008811506,-0.7290129,0.07139301,0.01521145,0.2627156,3.489018,-0.175723,-0.7873865,0.4204881,0.2089601,1.9929,0.9585031,-0.08461025,-0.2722372,0.1308159,0.9790068,0.1563102,0.2532966,-0.1854368,0.9494493,moving,16.881221464896367,5.511373871751812,11.914263988710522,5.985721132694636,0.9351690000000001,-0.20056119,1.8103475,0.2891586279151289,0.09194048529371335,0.9528557689112693,16.631918323638303,4.904487753164777,4.977690343642477,4.989556282296295,4.839971905380489
05/05/2023 11:40:53.414132,3956,True,True,True,True,Eyes,2.584038,0.03368067,-2.679708,0.5269114,-0.1095728,0.8428275,0.0,0.0,0.0,0.0,0.0,0.0,0.0,-3.140908,0.04021302,1.825005,2.549602,0.02338801,-2.587769,0.08400073,0.1319443,-0.05411683,0.986208,10.36773,14.7929,355.0677,0.685371,0.008849319,-0.7281399,0.06710943,0.01429876,0.2469527,3.48456,-0.1664017,-0.7751526,0.4247675,0.20896,1.9929,0.9593242,-0.08457407,-0.2693406,0.1289077,0.9800305,0.1514035,0.2511573,-0.1799652,0.9510692,moving,16.789866091981978,5.280843104723665,12.032001566442947,5.985718288963392,0.934958,-0.18978971,1.8126164000000002,0.287738113197346,0.08814530892193433,0.9536441681438301,16.54907692566895,4.680790765542743,4.803050880114422,4.809794576563508,4.701787494379926
05/05/2023 11:40:53.433189,3957,True,True,True,True,Eyes,2.582715,0.03310173,-2.675005,0.5232686,-0.1079441,0.8453035,0.0,0.0,0.0,0.0,0.0,0.0,0.0,-3.130031,0.03981,1.823712,2.545269,0.02171283,-2.577933,0.08237477,0.1308441,-0.05319361,0.9865418,10.16319,14.67752,355.1396,0.6862495,0.008869158,-0.7273118,0.06308286,0.01344083,0.2321355,3.480721,-0.1607844,-0.7638028,0.4291027,0.20896,1.9929,0.9601005,-0.08339893,-0.2669299,0.1265119,0.9807696,0.1486122,0.2494027,-0.1764525,0.9521885,moving,16.667522220745678,5.1459930777578,12.15116927739302,5.985718288963392,0.9354520000000002,-0.18249722999999998,1.8141301999999997,0.28575605615445515,0.08595380142383623,0.9544398273201218,16.433448447454374,4.550395130017941,4.589804019913168,4.59375471039372,4.516421975518509
05/05/2023 11:40:53.452876,3958,True,True,True,True,Eyes,2.581265,0.03247133,-2.670083,0.5197427,-0.106072,0.8477123,0.0,0.0,0.0,0.0,0.0,0.0,0.0,-3.119468,0.03778601,1.8215,2.540718,0.02082771,-2.568012,0.08122424,0.129902,-0.05277135,0.9867844,10.02116,14.5744,355.1624,0.6870846,0.008872489,-0.726523,0.05929789,0.01263438,0.2182074,3.477096,-0.1569142,-0.7528636,0.4334095,0.20896,1.9929,0.9606813,-0.0830455,-0.2649432,0.1252503,0.9812357,0.1465914,0.2477979,-0.1740118,0.9530562,moving,16.532376452410976,5.102218439891347,12.2694507275688,5.985718288963392,0.9363779999999999,-0.17774191,1.8151484,0.2835203667298883,0.0852836053955052,0.9551663704604938,16.302885661349414,4.508699309086265,4.350844018372742,4.353516707080783,4.295367554931602
05/05/2023 11:40:53.463165,3959,True,True,True,True,Eyes,2.579715,0.03175594,-2.664988,0.5161516,-0.104306,0.8501223,0.0,0.0,0.0,0.0,0.0,0.0,0.0,-3.110117,0.02932322,1.817041,2.536232,0.0188885,-2.55783,0.07756229,0.1293761,-0.05166703,0.9872064,9.584904,14.53256,355.2331,0.6878818,0.008859601,-0.7257683,0.05574001,0.01187632,0.2051149,3.475712,-0.143497,-0.7417766,0.4378685,0.2089599,1.9929,0.9611847,-0.08194263,-0.2634567,0.1220815,0.9826292,0.139771,0.247427,-0.1665089,0.9544918,moving,16.354610758160238,4.741719494070677,12.391800367163201,5.985715445232119,0.9394800000000001,-0.16238550000000002,1.8160534,0.2806937546691963,0.07934087055980593,0.9565125106993485,16.139312908461033,4.159118355799688,4.153946116614619,4.153479519812292,4.168969557853303
05/05/2023 11:40:53.483240,3960,True,True,True,True,Eyes,2.578025,0.0310076,-2.659714,0.5126266,-0.1028123,0.852434,0.0,0.0,0.0,0.0,0.0,0.0,0.0,-3.100905,0.03799528,1.812249,2.531216,0.0161717,-2.54833,0.07736063,0.128743,-0.0503992,0.9873706,9.540476,14.47116,355.3699,0.6886463,0.008829826,-0.7250433,0.05239561,0.01116374,0.192808,3.472963,-0.1439752,-0.7321085,0.4425846,0.20896,1.9929,0.9617703,-0.07960608,-0.2620319,0.1194446,0.9829505,0.1397901,0.2464363,-0.1657443,0.9548811,moving,16.184250920489273,4.737150545047707,12.521079693392092,5.985718288963392,0.9417469999999999,-0.1601469,1.8162215,0.2778486549339844,0.0793329313312776,0.9573434782629547,15.97336606068213,4.155802573090502,3.8707708571661215,3.8701091522306403,3.9072845671866845
05/05/2023 11:40:53.493280,3961,True,True,True,True,Eyes,2.576222,0.03044247,-2.654292,0.508932,-0.1019676,0.854746,0.0,0.0,0.0,0.0,0.0,0.0,0.0,-3.091655,0.0547227,1.807179,2.526201,0.01466343,-2.538763,0.08023006,0.1279943,-0.04987179,0.9872657,9.85663,14.38242,355.463,0.6893818,0.008783977,-0.7243447,0.04925188,0.01049392,0.1812395,3.468443,-0.1560563,-0.7227999,0.4465095,0.20896,1.9929,0.9622606,-0.07793543,-0.2607311,0.1190114,0.9821519,0.1456501,0.2447263,-0.1711833,0.9543612,moving,16.010250971397912,5.066692106196906,12.628571743827463,5.985718288963392,0.9422420000000002,-0.17071973000000001,1.8159630999999998,0.27481315334307066,0.08491490146151168,0.957740615641406,15.794865404943906,4.477595194842378,3.5040300562642472,3.5043349615571584,3.507114314567934
05/05/2023 11:40:53.513078,3962,True,True,True,True,Eyes,2.574302,0.03001459,-2.648646,0.5053932,-0.1008813,0.8569717,0.0,0.0,0.0,0.0,0.0,0.0,0.0,-3.079041,0.06228429,1.808519,2.521056,0.01866678,-2.529632,0.08567154,0.1264135,-0.05210011,0.9868971,10.50202,14.16329,355.2644,0.6900916,0.008728605,-0.7236692,0.04629676,0.009864281,0.1703652,3.460552,-0.176421,-0.7136232,0.4508737,0.20896,1.9929,0.9626104,-0.08117481,-0.2584413,0.124495,0.979892,0.1559256,0.2405873,-0.1822703,0.95336,moving,15.933537730433315,5.828641937109751,12.74798895206523,5.985718288963392,0.9394959999999997,-0.19508778,1.8160087999999999,0.2732090279631453,0.097689972978733,0.9569813551557144,15.699546873695155,5.219469102111348,3.1782213326595232,3.1894190693093387,3.049398626137256
05/05/2023 11:40:53.532986,3963,True,True,True,True,Eyes,2.572249,0.02966667,-2.642851,0.5018017,-0.09959057,0.8592303,0.0,0.0,0.0,0.0,0.0,0.0,0.0,-3.069139,0.01263067,1.804511,2.516357,0.02155878,-2.518633,0.08071389,0.1263311,-0.05643005,0.9870874,9.997257,14.12245,354.6976,0.690779,0.008668456,-0.7230136,0.04351896,0.009272425,0.1601433,3.460541,-0.1609315,-0.7026663,0.4551978,0.2089601,1.9929,0.9617122,-0.09100942,-0.258509,0.1317961,0.9806018,0.1450856,0.2402902,-0.1736011,0.9550515,moving,15.706548792933475,5.550219684539801,12.866197943803526,5.985721132694636,0.9441839999999999,-0.18249028,1.8159667,0.2695337290178057,0.09313872803181937,0.9584762294685644,15.48577813895309,4.950073900392917,2.869374839542724,2.8735438847350467,2.816871596043036
05/05/2023 11:40:53.542938,3964,True,True,True,True,Eyes,2.570086,0.02949689,-2.636874,0.4982864,-0.09839626,0.8614109,0.0,0.0,0.0,0.0,0.0,0.0,0.0,-3.058014,-0.01002154,1.802889,2.510988,0.02308803,-2.509255,0.0770966,0.1256995,-0.05738008,0.9874024,9.59461,14.0507,354.5334,0.6914484,0.008606049,-0.7223743,0.04090782,0.008716079,0.1505347,3.457832,-0.1471517,-0.6923764,0.4595968,0.20896,1.9929,0.9618143,-0.09393244,-0.2570795,0.1326964,0.9815273,0.1378254,0.2393843,-0.166676,0.9565115,moving,15.551053259400136,5.255255215590423,12.986340277068047,5.985718288963392,0.9468439999999996,-0.17023973,1.8168786,0.2670504858577336,0.0882665260704346,0.9596316780017028,15.342148394421427,4.66410927769025,2.666633304852299,2.666707517389983,2.7012001526111407
05/05/2023 11:40:53.563346,3965,True,True,True,True,Eyes,2.5678,0.02942214,-2.630717,0.4947029,-0.09669272,0.8636664,0.0,0.0,0.0,0.0,0.0,0.0,0.0,-3.047041,-0.02118304,1.800385,2.506178,0.02722888,-2.498925,0.07729797,0.1248801,-0.0587692,0.9874089,9.632475,13.94124,354.3682,0.6921018,0.008546526,-0.7217489,0.03845335,0.008193115,0.1415026,3.454083,-0.1461041,-0.681793,0.4639205,0.2089601,1.9929,0.9619023,-0.09675249,-0.2557009,0.1353644,0.9811424,0.1379712,0.2375299,-0.1673276,0.9568599,moving,15.39539219554358,5.429650071643071,13.104312955737159,5.985721132694636,0.947905,-0.17333298,1.817132,0.2643708547652604,0.09125689970598189,0.9600939127320338,15.18570653656484,4.83482498503859,2.356740683390032,2.357596044281332,2.3783946646846075
05/05/2023 11:40:53.583179,3966,True,True,True,True,Eyes,2.565403,0.0294061,-2.624428,0.4911712,-0.09511672,0.8658544,0.0,0.0,0.0,0.0,0.0,0.0,0.0,-3.0351,-0.05982298,1.798453,2.501195,0.02929394,-2.488575,0.06963386,0.1242816,-0.05936924,0.9880186,8.763488,13.89362,354.1924,0.6927413,0.008492244,-0.7211358,0.03614615,0.007701528,0.1330124,3.452806,-0.1157094,-0.669776,0.4682989,0.20896,1.9929,0.9620588,-0.1000074,-0.2538532,0.1346242,0.9832529,0.1228421,0.2373167,-0.1523561,0.9594104,moving,15.252268008260554,4.693588376403703,13.22366299125893,5.985718288963392,0.9516109999999998,-0.14500334,1.8187989999999998,0.26224800485322597,0.07896308550255755,0.9617645217051713,15.066025610924692,4.1195976670377155,2.4019384498292093,2.405169022321647,2.622347459418367
05/05/2023 11:40:53.592903,3967,True,True,True,True,Eyes,2.562914,0.02944877,-2.617985,0.4875295,-0.09390908,0.8680415,0.0,0.0,0.0,0.0,0.0,0.0,0.0,-3.023866,-0.05879137,1.797395,2.496139,0.03070404,-2.479153,0.07040959,0.1231772,-0.05957654,0.9880895,8.848301,13.76035,354.1689,0.6933688,0.008444312,-0.7205331,0.03397738,0.007239436,0.1250317,3.447636,-0.1178776,-0.6594784,0.4725734,0.2089599,1.9929,0.9625561,-0.1003882,-0.2518097,0.1350796,0.9829862,0.124465,0.2350306,-0.1538189,0.9597397,moving,15.128852403799042,4.846887327649965,13.340068238347298,5.985715445232119,0.9514970000000003,-0.14858164,1.8196746000000001,0.26012061949295645,0.08158469653651251,0.9621232639348204,14.941585840329106,4.269573557049861,2.117873967250173,2.120537260216525,2.3473392617666766
05/05/2023 11:40:53.612943,3968,True,True,True,True,Eyes,2.560349,0.02952714,-2.611415,0.4840151,-0.09265607,0.8701404,0.0,0.0,0.0,0.0,0.0,0.0,0.0,-3.014478,-0.04880968,1.793185,2.491552,0.03215781,-2.469029,0.07146986,0.1223477,-0.05831336,0.9881917,8.947004,13.671,354.3204,0.6939866,0.008403723,-0.7199386,0.03193874,0.00680507,0.1175298,3.444029,-0.1190057,-0.6489298,0.4769799,0.20896,1.9929,0.9632612,-0.0977612,-0.2501413,0.1327379,0.9829832,0.1269828,0.2334707,-0.1555208,0.9598462,moving,14.983419228551035,4.967086164063335,13.459950869352243,5.985718288963392,0.952477,-0.15116351,1.8200992,0.257633155121446,0.08366064838678783,0.9626142183355106,14.796575079908422,4.387489564968306,1.8298748696409157,1.832639420987737,2.0834825015938794
05/05/2023 11:40:53.632838,3969,True,True,True,True,Eyes,2.557611,0.02959824,-2.604713,0.4826348,-0.09128971,0.871051,0.0,0.0,0.0,0.0,0.0,0.0,0.0,-3.007814,-0.03970543,1.785311,2.487141,0.03303608,-2.459449,0.07096032,0.122197,-0.05601526,0.98838,8.85656,13.67553,354.5767,0.6945969,0.008370726,-0.71935,0.03002241,0.006396766,0.110478,3.443295,-0.1131898,-0.6397542,0.4812329,0.2089599,1.9929,0.9638604,-0.09338645,-0.2495038,0.128071,0.9836538,0.1265817,0.2336043,-0.1539613,0.9600651,moving,14.907506001760494,4.882827886271619,13.575543655278782,5.985715445232119,0.9561540000000002,-0.14622588,1.8196948000000002,0.2563872349797748,0.08227315323177595,0.9630663112790576,14.72484446191702,4.306011002237815,1.7233690422550714,1.7293017840026992,2.035263953386417
05/05/2023 11:40:53.643641,3970,True,True,True,True,Eyes,2.554821,0.02965404,-2.597894,0.4812968,-0.09005435,0.8719195,0.0,0.0,0.0,0.0,0.0,0.0,0.0,-3.002565,-0.008802563,1.775638,2.482888,0.0328187,-2.450012,0.07427629,0.1220667,-0.05289078,0.9883246,9.191257,13.67782,354.9781,0.6951994,0.008344477,-0.7187682,0.02822107,0.00601296,0.1038493,3.442135,-0.1219858,-0.6314937,0.4856054,0.20896,1.9929,0.9646046,-0.08641318,-0.2491401,0.1226798,0.9833712,0.1339057,0.233426,-0.1597306,0.9591655,moving,14.820296000735482,5.176364819769045,13.694267035352112,5.985718288963392,0.959247,-0.1548045,1.8185183,0.25481290511086524,0.08724357248325836,0.9630467032152347,14.631918732140946,4.5921961450398685,1.3840125333447046,1.3867206888841266,1.6796114640285689
05/05/2023 11:40:53.663258,3971,True,True,True,True,Eyes,2.552047,0.0297294,-2.590996,0.4799204,-0.08905007,0.8727809,0.0,0.0,0.0,0.0,0.0,0.0,0.0,-2.997809,0.02125558,1.764629,2.478841,0.03247984,-2.440393,0.07664187,0.1221074,-0.04914908,0.9883321,9.410002,13.71078,355.4399,0.6957957,0.008323906,-0.7181911,0.0265278,0.005652182,0.09761834,3.442024,-0.1262885,-0.6231338,0.4899457,0.2089599,1.9929,0.9653483,-0.07843414,-0.2488991,0.1158683,0.9834207,0.1394923,0.2338316,-0.1634982,0.9584317,moving,14.71828392804841,5.324720405990338,13.811997666034742,5.985715445232119,0.9631829999999999,-0.15876834,1.8172591999999999,0.25304058305021504,0.08978006656449224,0.9632808560774252,14.52847676928938,4.737220282274027,1.1194917231009935,1.1217260051442814,1.439472985967546
05/05/2023 11:40:53.683289,3972,True,True,True,True,Eyes,2.549234,0.02986527,-2.583982,0.4785647,-0.08812646,0.8736187,0.0,0.0,0.0,0.0,0.0,0.0,0.0,-2.991081,0.04785511,1.757108,2.474775,0.03318794,-2.431187,0.07995065,0.1216615,-0.04661051,0.9882479,9.750816,13.67569,355.7714,0.6963885,0.008308992,-0.7176166,0.0,0.0,0.0,3.440037,-0.1348821,-0.614671,0.494363,0.20896,1.9929,0.9660519,-0.07267164,-0.2479165,0.1115793,0.9828708,0.1466807,0.2330104,-0.1693635,0.9576128,moving,14.67179796033143,5.629383035869421,13.931694910417793,5.985718288963392,0.9652619999999996,-0.16807004,1.816516,0.25213812833259164,0.09492400355570955,0.9630243381232918,14.47494972485315,5.0339604930715804,0.8215327425020439,0.8214178821336995,1.0958871727728334
05/05/2023 11:40:53.692811,3973,True,True,True,True,Eyes,2.546297,0.03000385,-2.57683,0.4771701,-0.08707443,0.8744866,0.0,0.0,0.0,0.0,0.0,0.0,0.0,-2.983438,0.04730043,1.751259,2.471001,0.03478535,-2.421363,0.08047137,0.1212271,-0.04668766,0.9882554,9.809456,13.62323,355.765,0.6969799,0.008300866,-0.7170423,0.0,0.0,0.0,3.43863,-0.1356859,-0.6051831,0.4985598,0.2089599,1.9929,0.9662485,-0.07276803,-0.2471208,0.1117893,0.9826893,0.1477329,0.2320927,-0.1703721,0.9576567,moving,14.62474031078985,5.749572005518412,14.045302388784684,5.985715445232119,0.9676290000000001,-0.17047125,1.8161798999999998,0.2512974082925662,0.09696582868318397,0.9630406610972442,14.425837555689021,5.151214528404539,0.625907599142984,0.6257092212661451,0.9171689012591862
05/05/2023 11:40:53.713190,3974,True,True,True,True,Eyes,2.543311,0.030105,-2.569591,0.4757845,-0.08610648,0.875337,0.0,0.0,0.0,0.0,0.0,0.0,0.0,-2.97593,0.03179139,1.745131,2.46699,0.03479937,-2.411515,0.07764967,0.1210634,-0.04720606,0.9884765,9.493727,13.60503,355.6667,0.6975692,0.008299004,-0.716469,0.0,0.0,0.0,3.438693,-0.1258769,-0.5954229,0.5028919,0.20896,1.9929,0.9662305,-0.07452308,-0.2466678,0.1121252,0.9834843,0.1420799,0.2320057,-0.1649396,0.9586284,moving,14.55486013296331,5.513911007537914,14.162454334169652,5.985718288963392,0.9717030000000002,-0.16067627,1.8160921,0.25021702950418867,0.09303086605625051,0.9637099024157447,14.364068860859502,4.922383495168026,0.6088269367917972,0.6136647470182631,1.0822796778412718
05/05/2023 11:40:53.733267,3975,True,True,True,True,Eyes,2.540348,0.03017998,-2.562286,0.4741925,-0.08534157,0.8762752,0.0,0.0,0.0,0.0,0.0,0.0,0.0,-2.967564,0.03220469,1.740656,2.462844,0.03401505,-2.402207,0.07810577,0.1204484,-0.04753295,0.9885001,9.547525,13.52925,355.6291,0.6981574,0.00830178,-0.7158957,0.0,0.0,0.0,3.43647,-0.1292,-0.5861429,0.5073047,0.20896,1.9929,0.9664656,-0.0751572,-0.2455517,0.1127881,0.9832802,0.1429646,0.2307013,-0.1658656,0.9587833,moving,14.516803355675542,5.620743784853143,14.281664463211893,5.985718288963392,0.9736259999999999,-0.16321505,1.8160641000000002,0.24953394072848706,0.0948448791840208,0.9637101213946211,14.32409090497404,5.02658247684257,0.42905081624288294,0.4341620520031126,0.9600736998029191
05/05/2023 11:40:53.752775,3976,True,True,True,True,Eyes,2.537343,0.030276,-2.554907,0.4725233,-0.08475911,0.8772329,0.0,0.0,0.0,0.0,0.0,0.0,0.0,-2.957284,0.04482621,1.739156,2.458707,0.03359961,-2.392871,0.08037088,0.1191464,-0.0470035,0.9885016,9.793289,13.37768,355.7065,0.6987478,0.008308045,-0.7153195,0.0,0.0,0.0,3.43132,-0.1377868,-0.5758119,0.5116034,0.20896,1.9929,0.9671897,-0.07377426,-0.2431082,0.1120778,0.9826624,0.1476929,0.2279973,-0.170094,0.9586893,moving,14.551505558613702,5.882313343853695,14.39767093971468,5.985718288963392,0.972613,-0.17138641,1.8170590999999998,0.2500101419182365,0.09923086439016894,0.9631449014056481,14.3508691242649,5.280855412957345,0.18513290973703597,0.1853582278857538,0.7064149516402608
05/05/2023 11:40:53.763248,3977,True,True,True,True,Eyes,2.534291,0.03038813,-2.547438,0.4706494,-0.08419572,0.8782939,0.0,0.0,0.0,0.0,0.0,0.0,0.0,-2.94523,0.05588469,1.741184,2.454731,0.0342254,-2.383767,0.08255925,0.1173056,-0.04656949,0.988562,10.02952,13.16276,355.7658,0.6993387,0.008318047,-0.7147417,0.0,0.0,0.0,3.424425,-0.1451568,-0.564689,0.5159608,0.2089599,1.9929,0.9681414,-0.07270432,-0.2396171,0.111443,0.9820305,0.1523041,0.2242381,-0.1741556,0.9588468,moving,14.636171146072913,6.140615977313272,14.515138569192148,5.985715445232119,0.9696939999999996,-0.1793822,1.8190780000000002,0.2513222554922217,0.10353557959060142,0.9623499672245166,14.426440651107747,5.531618352278336,0.18987288741003866,0.19657838005595268,0.4626786038943051
05/05/2023 11:40:53.783278,3978,True,True,True,True,Eyes,2.531203,0.03049734,-2.539899,0.468691,-0.08357953,0.8793994,0.0,0.0,0.0,0.0,0.0,0.0,0.0,-2.932072,0.06009158,1.744743,2.450812,0.03469611,-2.374258,0.08268107,0.1152507,-0.04585548,0.9888268,10.02537,12.92997,355.8287,0.6999316,0.00833191,-0.7141609,0.0,0.0,0.0,3.417608,-0.1443137,-0.552233,0.5207665,0.2089599,1.9929,0.9692291,-0.07162814,-0.2355088,0.1097443,0.9821222,0.1529447,0.2203433,-0.1740842,0.9597622,moving,14.745477255251906,6.162403557977455,14.644547071849985,5.985715445232119,0.966796,-0.17900981,1.8220250000000002,0.25314938608779713,0.10385040221915383,0.9618370851233965,14.532407070438266,5.5520924671842975,0.19600272389175175,0.20348363842592862,0.44788867702553214
05/05/2023 11:40:53.793036,3979,True,True,True,True,Eyes,2.528081,0.0306013,-2.532293,0.4665491,-0.08302383,0.8805901,0.0,0.0,0.0,0.0,0.0,0.0,0.0,-2.918245,0.06281686,1.749797,2.446876,0.03471008,-2.365054,0.08203325,0.113007,-0.04493522,0.9891819,9.930159,12.67877,355.904,0.7005271,0.008349204,-0.7135767,0.0,0.0,0.0,3.409334,-0.1405714,-0.5392553,0.5246689,0.20896,1.9929,0.9704205,-0.07035754,-0.2309413,0.1074389,0.9825027,0.1521357,0.2161965,-0.1724476,0.961,moving,14.867082309993371,6.086812763529233,14.749519194331798,5.985718288963392,0.9624579999999998,-0.17528148000000002,1.8257987000000002,0.25522552522527986,0.1025234860412073,0.9614306055873857,14.652987396828353,5.4777373966559715,0.15046325237450284,0.15505218138355828,0.5170715374865353
05/05/2023 11:40:53.812967,3980,True,True,True,True,Eyes,2.524924,0.03072055,-2.524617,0.464276,-0.08250118,0.8818398,0.0,0.0,0.0,0.0,0.0,0.0,0.0,-2.902864,0.06794471,1.756883,2.442666,0.03469752,-2.355856,0.08262333,0.1103549,-0.04456974,0.9894488,9.982074,12.37208,355.9264,0.7011255,0.008369477,-0.7129884,0.0,0.0,0.0,3.399405,-0.142482,-0.526003,0.5289496,0.20896,1.9929,0.9716707,-0.06996316,-0.225746,0.1064347,0.9823738,0.1536661,0.211016,-0.1733401,0.9619904,moving,15.024138964050632,6.171896423158943,14.864550977540167,5.985718288963392,0.9567389999999998,-0.17717952,1.8298530000000002,0.2578236093329952,0.10387696064750114,0.9605918203162966,14.803795917556988,5.55948094433769,0.23677910761813248,0.24521546258545907,0.43054552751959896
05/05/2023 11:40:53.833004,3981,True,True,True,True,Eyes,2.521762,0.03084451,-2.516875,0.4618264,-0.0819421,0.8831771,0.0,0.0,0.0,0.0,0.0,0.0,0.0,-2.88621,0.06674093,1.766416,2.438708,0.03519449,-2.346561,0.08269364,0.1073434,-0.04492572,0.9897581,9.981974,12.01746,355.8555,0.7017274,0.008392901,-0.7123958,0.0,0.0,0.0,3.388481,-0.1429493,-0.5119284,0.5332618,0.2089599,1.9929,0.9729182,-0.07117792,-0.2199182,0.1066844,0.9822869,0.1540484,0.2050579,-0.1733383,0.9632783,moving,15.210783891359345,6.234203223435778,14.980305413794047,5.985715445232119,0.949773,-0.17814379,1.8346326,0.26092514277883216,0.10483103992052448,0.959650167711551,14.984061557336391,5.618866753376073,0.3274037797667821,0.3389196136806018,0.3668679208254688
05/05/2023 11:40:53.842905,3982,True,True,True,True,Eyes,2.518564,0.03095586,-2.509061,0.4592681,-0.08130922,0.8845686,0.0,0.0,0.0,0.0,0.0,0.0,0.0,-2.869045,0.05929738,1.776394,2.434592,0.03548807,-2.337096,0.08190851,0.1043066,-0.04583311,0.9901064,9.890028,11.65648,355.7112,0.7023337,0.00841934,-0.7117977,0.0,0.0,0.0,3.377502,-0.1411404,-0.4974981,0.5376648,0.2089599,1.9929,0.974039,-0.07367212,-0.2140574,0.1078465,0.9823806,0.1526349,0.1990409,-0.1717577,0.9648223,moving,15.39338476430971,6.229974144085019,15.098368239340813,5.985715445232119,0.9429099999999999,-0.17662846999999998,1.8395978999999998,0.26398672000977413,0.10466984359747944,0.958830131222595,15.162178333412502,5.613541017204638,0.37139366985877154,0.3830105246204545,0.37760499597200775
05/05/2023 11:40:53.863051,3983,True,True,True,True,Eyes,2.515289,0.03104796,-2.501184,0.456551,-0.0807359,0.8860265,0.0,0.0,0.0,0.0,0.0,0.0,0.0,-2.852241,0.05048001,1.785748,2.430558,0.03529467,-2.327631,0.08046371,0.1013687,-0.0465697,0.9904956,9.72034,11.31085,355.5811,0.7029435,0.008448116,-0.7111953,0.0,0.0,0.0,3.366972,-0.1369941,-0.4830509,0.5419567,0.20896,1.9929,0.9751113,-0.07594114,-0.2083049,0.1085671,0.9827137,0.1499564,0.1933162,-0.1688393,0.9664999,moving,15.556266925619465,6.140539740076433,15.213325814859315,5.985718288963392,0.9364140000000001,-0.17228877,1.8445800999999997,0.2667556603298038,0.10309153666887778,0.958234633376043,15.32336949494967,5.525442605497877,0.36869952757891694,0.3762689027466298,0.4732476268482239
05/05/2023 11:40:53.883123,3984,True,True,True,True,Eyes,2.511975,0.03111604,-2.493249,0.4536673,-0.08019509,0.8875555,0.0,0.0,0.0,0.0,0.0,0.0,0.0,-2.833523,0.0497357,1.797553,2.426115,0.0348717,-2.318464,0.08021947,0.09790633,-0.04683808,0.9908509,9.67984,10.90611,355.5135,0.7035581,0.008478584,-0.710587,0.0,0.0,0.0,3.35387,-0.1369882,-0.4682075,0.5462573,0.20896,1.9929,0.9764411,-0.07711111,-0.2015358,0.1085271,0.982742,0.1497995,0.1865065,-0.1681425,0.9679584,moving,15.768139813449483,6.164083970003116,15.328390725676224,5.985718288963392,0.9277550000000003,-0.1718599,1.8502565,0.27028913898404267,0.10337952360724112,0.9572128773557388,15.529272604955453,5.546945746011321,0.46564707028206903,0.4745456525669353,0.48257110758040833
05/05/2023 11:40:53.902950,3985,True,True,True,True,Eyes,2.508471,0.03115385,-2.485237,0.4532751,-0.07991859,0.8877808,0.0,0.0,0.0,0.0,0.0,0.0,0.0,-2.813989,0.0528394,1.810545,2.421924,0.03436872,-2.309221,0.0804331,0.09411988,-0.04677781,0.9912033,9.686465,10.4658,355.4854,0.7041765,0.008509881,-0.7099739,0.0,0.0,0.0,3.339778,-0.1383325,-0.4528191,0.5506314,0.2089599,1.9929,0.9779066,-0.07759192,-0.1941088,0.1078733,0.9826847,0.1506456,0.1790589,-0.1682565,0.9693439,moving,16.17962888463915,6.219957192564301,15.445292363055524,5.985715445232119,0.9178539999999997,-0.17270122,1.8564019,0.2771356665338941,0.10410182124954147,0.9551746852296602,15.92889397959832,5.59858074254425,0.7585375822687338,0.7707913616049252,0.6194705816647224
05/05/2023 11:40:53.912857,3986,True,True,True,True,Eyes,2.504932,0.03115627,-2.477183,0.4526369,-0.07972629,0.8881236,0.0,0.0,0.0,0.0,0.0,0.0,0.0,-2.795811,0.06006491,1.821333,2.418341,0.03389451,-2.299543,0.08109948,0.0905281,-0.04622789,0.9915094,9.740821,10.05172,355.5199,0.7047974,0.008541144,-0.7093573,0.0,0.0,0.0,3.327034,-0.1407064,-0.4374839,0.5551201,0.20896,1.9929,0.9793353,-0.07698721,-0.187017,0.1063543,0.9825717,0.1524519,0.1720208,-0.1691916,0.9704551,moving,16.553344630572496,6.29768218854588,15.565119905478427,5.985718288963392,0.908693,-0.17460091,1.8620591,0.28332701073655214,0.10519920461661046,0.953236017873253,16.291104225559103,5.67172766243835,1.0196386638191304,1.036296087964227,0.790976198471603
05/05/2023 11:40:53.933025,3987,True,True,True,True,Eyes,2.501543,0.03111972,-2.469098,0.4517636,-0.07964905,0.8885751,0.0,0.0,0.0,0.0,0.0,0.0,0.0,-2.77669,0.07820323,1.832863,2.414104,0.0328275,-2.290532,0.08310805,0.0867154,-0.04480485,0.991749,9.939907,9.616938,355.6648,0.7054206,0.008571398,-0.7087373,0.0,0.0,0.0,3.312641,-0.147615,-0.4227443,0.5596828,0.2089601,1.9929,0.9809459,-0.07445683,-0.1794471,0.1032838,0.9821712,0.1570741,0.1645525,-0.1726152,0.971147,moving,16.93807800896403,6.479031420813963,15.68677998487425,5.985721132694636,0.8985370000000001,-0.1804425,1.8677876999999998,0.28963385718984763,0.10800300493373595,0.9510245051971515,16.661261660090492,5.84562626961603,1.3186137232057278,1.345028544476051,0.984500434734931
05/05/2023 11:40:53.943305,3988,True,True,True,True,Eyes,2.498121,0.03102935,-2.460993,0.4506571,-0.07972775,0.8891298,0.0,0.0,0.0,0.0,0.0,0.0,0.0,-2.758193,0.09505114,1.843282,2.409971,0.03176889,-2.281532,0.08521294,0.08307044,-0.04366938,0.991933,10.15469,9.198911,355.7775,0.7060484,0.008599612,-0.7081113,0.0,0.0,0.0,3.298323,-0.155313,-0.4083492,0.5636195,0.2089599,1.9929,0.9823845,-0.07247686,-0.172243,0.1007916,0.9816635,0.1617958,0.1573582,-0.1763063,0.9716762,moving,17.288759050960724,6.672714376088659,15.791631933971043,5.985715445232119,0.8883519999999998,-0.18708189,1.8731828,0.2953506079555099,0.11101405515215851,0.9489172962316033,16.99789179857347,6.031751211429039,1.6097785648657348,1.6472271049930738,1.2071380006942045
05/05/2023 11:40:53.962891,3989,True,True,True,True,Eyes,2.494683,0.03088487,-2.452865,0.449427,-0.07993304,0.8897337,0.0,0.0,0.0,0.0,0.0,0.0,0.0,-2.739795,0.1129779,1.853674,2.405813,0.03040767,-2.27299,0.08766593,0.07943652,-0.04266175,0.9920608,10.41156,8.780241,355.8767,0.7066805,0.008624467,-0.7074801,0.0,0.0,0.0,3.284383,-0.1649257,-0.3947175,0.56801,0.2089599,1.9929,0.9837396,-0.07071835,-0.1650917,0.09857385,0.9809893,0.167162,0.1501317,-0.1807176,0.9720091,moving,17.630686960029962,6.902917724189893,15.908442697135358,5.985715445232119,0.8785699999999999,-0.19533337,1.8782725,0.3008842716394774,0.11461798778227848,0.9467477742699238,17.325004874672008,6.253467966348202,1.9000126636551764,1.951252244482684,1.4416448298354878
05/05/2023 11:40:53.982796,3990,True,True,True,True,Eyes,2.491211,0.03070439,-2.444701,0.4479454,-0.08032189,0.8904456,0.0,0.0,0.0,0.0,0.0,0.0,0.0,-2.721121,0.1329585,1.863757,2.401628,0.02902064,-2.264312,0.0904823,0.07574147,-0.04154225,0.9921444,10.70987,8.355021,355.9893,0.7073183,0.008644811,-0.7068421,0.0,0.0,0.0,3.270162,-0.1758566,-0.3810465,0.5724528,0.2089601,1.9929,0.9850749,-0.0687253,-0.1578106,0.09613834,0.9801744,0.1732501,0.1427753,-0.1858359,0.9721524,moving,17.964956419417362,7.157185677117382,16.026506891021633,5.985721132694636,0.8685339999999999,-0.20487724000000002,1.8832654999999998,0.3062581682851008,0.11860501796124592,0.9445310148569814,17.6440037300988,6.498649989450171,2.197626649994028,2.264931732520258,1.6968771424346443
05/05/2023 11:40:53.992832,3991,True,True,True,True,Eyes,2.487688,0.03048797,-2.436504,0.4463263,-0.0808463,0.8912109,0.0,0.0,0.0,0.0,0.0,0.0,0.0,-2.700871,0.1534493,1.875301,2.397401,0.02800272,-2.255369,0.09347215,0.0716682,-0.0404182,0.9922162,11.02764,7.885746,356.0971,0.7079593,0.008659998,-0.7061997,0.0,0.0,0.0,3.254109,-0.1870994,-0.3665745,0.576582,0.20896,1.9929,0.9864601,-0.06680922,-0.1497767,0.09360514,0.9792586,0.1796958,0.1346647,-0.1912826,0.9722533,moving,18.335518063551223,7.424203361226999,16.136112241283996,5.985718288963392,0.8567080000000002,-0.21510212,1.8887945,0.31220177028267687,0.12275582503732343,0.9420516018912969,17.998037247977006,6.755996630417343,2.542860868800815,2.628045904117394,2.014967358013974
05/05/2023 11:40:54.013057,3992,True,True,True,True,Eyes,2.484138,0.03022987,-2.428256,0.4444289,-0.08144166,0.8921043,0.0,0.0,0.0,0.0,0.0,0.0,0.0,-2.679155,0.1719735,1.888918,2.39327,0.02690736,-2.24655,0.09599716,0.06721889,-0.0393575,0.9923291,11.2922,7.37336,356.1874,0.7086045,0.008669547,-0.7055522,0.0,0.0,0.0,3.237026,-0.1967495,-0.3515813,0.5809798,0.20896,1.9929,0.9878651,-0.06520553,-0.1409629,0.09101682,0.978471,0.1852304,0.1258501,-0.1958127,0.9725323,moving,18.732635018493987,7.639172797930371,16.252714016015943,5.985718288963392,0.8437560000000004,-0.22365685999999999,1.8949687000000002,0.31859264197176856,0.12600707533630812,0.9394790144882929,18.379360254225684,6.962525046033126,2.8798247886355943,2.980590544129625,2.3402511965916677
05/05/2023 11:40:54.033021,3993,True,True,True,True,Eyes,2.480561,0.02992273,-2.419978,0.4423052,-0.08194771,0.8931128,0.0,0.0,0.0,0.0,0.0,0.0,0.0,-2.656187,0.1895,1.903254,2.389158,0.02565353,-2.237159,0.09775361,0.06251134,-0.03789543,0.9925223,11.46581,6.837561,356.3142,0.7092547,0.008672816,-0.7048986,0.0,0.0,0.0,3.219185,-0.2030218,-0.3353525,0.5854816,0.20896,1.9929,0.9893125,-0.0630027,-0.1314966,0.08744552,0.9780163,0.1893075,0.116679,-0.198783,0.9730731,moving,19.146271056266198,7.755371985616294,16.371930074674864,5.985718288963392,0.8300269999999998,-0.22867533,1.9018065000000002,0.325299686910829,0.12760435355059976,0.936961596489298,18.779448552756683,7.072842019193255,3.180201028523654,3.2906902145620514,2.641587255256636
05/05/2023 11:40:54.042931,3994,True,True,True,True,Eyes,2.476963,0.02957184,-2.411657,0.4398732,-0.08253413,0.8942593,0.0,0.0,0.0,0.0,0.0,0.0,0.0,-2.632631,0.2045414,1.91898,2.385191,0.02413574,-2.228307,0.09891368,0.05764263,-0.03651051,0.992754,11.57222,6.283726,356.4249,0.7099089,0.008668988,-0.7042398,0.0,0.0,0.0,3.200515,-0.2073493,-0.319225,0.5895903,0.20896,1.9929,0.9906886,-0.06108863,-0.1216727,0.08389521,0.9777662,0.1921848,0.1072271,-0.200603,0.9737868,moving,19.558492188183724,7.803069302299012,16.48060907314701,5.985718288963392,0.8153240000000004,-0.23148503999999998,1.9090820000000002,0.3320123550735672,0.12806717540469553,0.9345408525002816,19.180003921155347,7.116517133426242,3.458656852651289,3.574371158050057,2.926677052920677
05/05/2023 11:40:54.063180,3995,True,True,True,True,Eyes,2.386528,0.01982291,-2.202529,0.3708533,-0.09133412,0.9241894,0.0,0.0,0.0,0.0,0.0,0.0,0.0,-2.606906,0.2188044,1.936721,2.38118,0.02275119,-2.21905,0.1005262,0.05224902,-0.03566867,0.9929211,11.73331,5.661339,356.4675,0.7105669,0.008657493,-0.703576,0.0,0.0,0.0,3.179833,-0.2141429,-0.302258,0.5939232,0.20896,1.9929,0.9919955,-0.06032756,-0.1109296,0.08133715,0.9772444,0.1959019,0.09658704,-0.2033565,0.974329,moving,15.837626484328233,7.278670823534123,16.59508637241532,5.985718288963392,0.7986529999999998,-0.23689409,1.916792,0.27087485762042024,0.12195880181400669,0.954857581442716,15.566967808416633,6.630960405998013,1.4738106690609194,1.4984898193560672,1.213822545199273
05/05/2023 11:40:54.072779,3996,True,True,True,True,Eyes,2.386375,0.01977404,-2.202135,0.370413,-0.09130228,0.924369,0.0,0.0,0.0,0.0,0.0,0.0,0.0,-2.580652,0.2300738,1.955005,2.377146,0.02128308,-2.209857,0.1015159,0.04677537,-0.03492931,0.9931197,11.82379,5.029898,356.4925,0.713896,0.008290208,-0.7002022,-0.2713029,-0.0292468,0.6273844,3.159353,-0.2187799,-0.2851805,0.5987853,0.2089601,1.9929,0.993184,-0.05988107,-0.09999883,0.07887485,0.9769489,0.1983673,0.08581531,-0.2049026,0.9750131,moving,16.444279236169226,7.386389499160163,16.723383228138015,5.985721132694636,0.7822069999999997,-0.24006298,1.9246765,0.2809197381407647,0.12338307017963324,0.9517671268641139,16.15544103203847,6.731745993777463,1.3812424971936872,1.4282054863184512,0.9376094237282522
05/05/2023 11:40:54.092871,3997,True,True,True,True,Eyes,2.386051,0.01969694,-2.201362,0.3696584,-0.0909345,0.9247073,0.0,0.0,0.0,0.0,0.0,0.0,0.0,-2.551751,0.2349235,1.976679,2.373486,0.02017366,-2.200009,0.1010988,0.04063918,-0.03427866,0.9934549,11.75108,4.323946,356.4928,0.716628,0.007991437,-0.6974093,-0.2550248,-0.02749199,0.5897413,3.135673,-0.2175903,-0.2658669,0.6025375,0.20896,1.9929,0.9943468,-0.05989146,-0.08767743,0.07632574,0.9772081,0.198088,0.07381531,-0.2036602,0.976255,moving,17.10689098501271,7.360199882089814,16.82227519838662,5.985718288963392,0.762187,-0.23776396,1.9341421,0.2919389073381594,0.12252599189476132,0.9485563042574259,16.80207340699709,6.701869832092986,1.3368563173548538,1.4036401945798416,0.7164364208373584
05/05/2023 11:40:54.113044,3998,True,True,True,True,Eyes,2.385592,0.01959693,-2.200205,0.3684554,-0.09040251,0.9252394,0.0,0.0,0.0,0.0,0.0,0.0,0.0,-2.522269,0.2373346,1.998722,2.369651,0.01934477,-2.190305,0.1002415,0.03445335,-0.03369386,0.9937955,11.62825,3.61303,356.4844,0.718883,0.007746806,-0.6950875,-0.2397233,-0.02584247,0.5543569,3.112197,-0.2145127,-0.2467007,0.6069182,0.2089599,1.9929,0.9953554,-0.0600623,-0.07523421,0.07387692,0.9776328,0.1969174,0.06172412,-0.2015609,0.9775292,moving,17.746437622080236,7.2955524594406596,16.937601259629854,5.985715445232119,0.7425459999999999,-0.23385747,1.9436043,0.3025641991659905,0.12103557394183506,0.9454127342803426,17.42725803642448,6.634727786300915,1.4644039274052767,1.5394444663620417,0.813007243461275
05/05/2023 11:40:54.132853,3999,True,True,True,True,Eyes,2.384985,0.01944628,-2.198679,0.3668987,-0.08950118,0.9259454,0.0,0.0,0.0,0.0,0.0,0.0,0.0,-2.491323,0.2328178,2.022453,2.366057,0.0186601,-2.180054,0.0980012,0.02793801,-0.03331472,0.9942361,11.34605,2.866063,356.4465,0.7207571,0.007544904,-0.6931463,-0.2253399,-0.02429193,0.5210955,3.087716,-0.2060764,-0.226165,0.6112829,0.20896,1.9929,0.9962192,-0.06076948,-0.06208373,0.07172132,0.9785718,0.1930112,0.0490242,-0.1967342,0.9792305,moving,18.39999560394514,7.104679264829621,17.05236566643282,5.985718288963392,0.7216589999999998,-0.2247365,1.9538890000000002,0.3134643342710183,0.11744891661292126,0.9423087944992987,18.069503382719663,6.444677136502749,1.6840832432301536,1.751622137902739,1.115890835892055
05/05/2023 11:40:54.143661,4000,True,True,True,True,Eyes,2.384256,0.01926828,-2.196797,0.3648673,-0.08844406,0.9268492,0.0,0.0,0.0,0.0,0.0,0.0,0.0,-2.459373,0.2274722,2.0467,2.362372,0.01718412,-2.169826,0.09459507,0.02127636,-0.032247,0.994766,10.92781,2.114595,356.4889,0.7223266,0.007375711,-0.6915123,-0.2118195,-0.02283441,0.4898297,3.062693,-0.1928517,-0.2051756,0.6157104,0.2089601,1.9929,0.9970149,-0.06013115,-0.04843081,0.0681817,0.9800238,0.1868277,0.03622919,-0.1895721,0.9811982,moving,19.04056707220214,6.760514111290031,17.168637418216804,5.985721132694636,0.7003209999999997,-0.21003581999999998,1.9646504,0.32420832313689585,0.11136108327651446,0.9394081169755013,18.70322094351564,6.105561943932184,1.9793816596338154,2.0259380022968094,1.5392557994552674
05/05/2023 11:40:54.173099,4001,True,True,True,True,Eyes,2.383413,0.01904725,-2.194561,0.3624754,-0.08702864,0.9279211,0.0,0.0,0.0,0.0,0.0,0.0,0.0,-2.425083,0.2326258,2.071892,2.358816,0.01629455,-2.159536,0.09271008,0.01403922,-0.03022358,0.9951353,10.68252,1.302545,356.6425,0.7236537,0.007231736,-0.690125,-0.1991103,-0.02146435,0.4604399,3.035256,-0.1838285,-0.1841054,0.6201873,0.2089601,1.9929,0.9977789,-0.05754995,-0.0335459,0.06275626,0.9809828,0.1836695,0.02233778,-0.1853668,0.9824155,moving,19.725721050276263,6.571315055312607,17.28605841422826,5.985721132694636,0.6764399999999999,-0.20012305,1.9754306000000001,0.33555083309995987,0.10780482570417473,0.9358331718695566,19.376221541774456,5.916930677393496,2.4718995083624686,2.5089587521391796,2.091294820558361
05/05/2023 11:40:54.173099,4002,True,True,True,True,Eyes,2.38245,0.01877773,-2.192003,0.3596028,-0.08553252,0.9291771,0.0,0.0,0.0,0.0,0.0,0.0,0.0,-2.386631,0.2359209,2.101027,2.35536,0.014935,-2.148962,0.08944518,0.00589565,-0.02749694,0.9955947,10.27812,0.3971573,356.8717,0.7248621,0.007096557,-0.6888571,-0.1871637,-0.02017649,0.4328135,3.004269,-0.1688921,-0.1613453,0.6246434,0.20896,1.9929,0.9984183,-0.05369694,-0.01665829,0.05580629,0.9824869,0.1777781,0.006820417,-0.1784265,0.9839296,moving,20.483991984790958,6.198644222887752,17.402785322817767,5.985718288963392,0.6489089999999997,-0.1838271,1.9876167,0.3481483541524368,0.10122080794352575,0.931958765423669,20.125443091260635,5.549299390014729,3.067136712408121,3.0885549933788674,2.7574130592680275
05/05/2023 11:40:54.192879,4003,True,True,True,True,Eyes,2.38136,0.01853896,-2.189141,0.3562624,-0.08440623,0.9305658,0.0,0.0,0.0,0.0,0.0,0.0,0.0,-2.349901,0.2487099,2.126181,2.351603,0.01345018,-2.138765,0.08846006,-0.001761153,-0.02472099,0.9957715,10.1418,359.5413,357.115,0.7259741,0.006966983,-0.6876864,-0.1759339,-0.0189659,0.4068447,2.975962,-0.1632787,-0.1407823,0.6306171,0.20896,1.9929,0.9987715,-0.0495445,-0.0008662301,0.04892134,0.9831274,0.176259,-0.007881052,-0.1760849,0.9843435,moving,21.15883672948728,6.056493517392681,17.559031855542322,5.985718288963392,0.6243590000000001,-0.17672888,1.9979827,0.35920052733692465,0.09846738111950314,0.9280512773885692,20.787125948454065,5.406513792802547,3.5825917828871674,3.6005005573443665,3.2796446943326996
05/05/2023 11:40:54.213087,4004,True,True,True,True,Eyes,2.380153,0.01846078,-2.185953,0.3522675,-0.08340485,0.9321755,0.0,0.0,0.0,0.0,0.0,0.0,0.0,-2.306128,0.2844937,2.155031,2.347649,0.01395274,-2.128773,0.09172305,-0.01094919,-0.02058901,0.9955114,10.49629,358.5094,357.4934,0.7270021,0.006843491,-0.6866007,-0.1653779,-0.01782794,0.382434,2.937061,-0.1710477,-0.1202213,0.6329272,0.20896,1.9929,0.9989124,-0.04300177,0.01802311,0.0389846,0.982326,0.1830736,-0.02557705,-0.1821718,0.982934,moving,21.977422291984553,6.338007802357378,17.619382137386264,5.985718288963392,0.5894119999999998,-0.18500044,2.0085517,0.372271643535482,0.1024589641637792,0.9224510325442207,21.577510935554745,5.674994349917774,4.339254126405327,4.372255926903004,3.970306404949962
05/05/2023 11:40:54.233145,4005,True,True,True,True,Eyes,2.378803,0.01842915,-2.182444,0.3479409,-0.08228746,0.9338983,0.0,0.0,0.0,0.0,0.0,0.0,0.0,-2.256665,0.2962621,2.190663,2.34383,0.01773991,-2.11789,0.09302741,-0.02137537,-0.0191943,0.9952491,10.62325,357.3105,357.5402,0.7279583,0.006730475,-0.685588,-0.1554552,-0.01675827,0.359488,2.895275,-0.171344,-0.09760187,0.6372543,0.20896,1.9929,0.9983494,-0.04218321,0.03897643,0.03422923,0.9819549,0.1859914,-0.04611882,-0.1843503,0.981778,moving,22.91605714603718,6.527092539995334,17.732316951786178,5.985718288963392,0.5514449999999997,-0.18908391,2.02028813,0.38723774530766697,0.10480424310810953,0.9160038918828468,22.487413520460663,5.852746312075206,5.166098966910322,5.21193327673847,4.756955425906093
05/05/2023 11:40:54.243032,4006,True,True,True,True,Eyes,2.377346,0.01841504,-2.178684,0.3430007,-0.0814409,0.935798,0.0,0.0,0.0,0.0,0.0,0.0,0.0,-2.208235,0.2704259,2.227856,2.339586,0.01874821,-2.106838,0.08784998,-0.03135034,-0.02043838,0.9954305,9.998105,356.157,357.3112,0.7288532,0.006628365,-0.6846377,-0.1461279,-0.01575277,0.3379187,2.855214,-0.1513317,-0.07405966,0.6416153,0.20896,1.9929,0.9971988,-0.04619823,0.05882315,0.03518172,0.9837293,0.1761786,-0.0660052,-0.1736156,0.9825991,moving,23.74964326080416,6.066408974554037,17.845992678469724,5.985718288963392,0.515628,-0.17007991,2.03277834,0.4008489103463896,0.09681912285333245,0.9110138339900902,23.31242596153556,5.398980572534136,5.876922757501252,5.904201993922533,5.497831753163291
05/05/2023 11:40:54.263421,4007,True,True,True,True,Eyes,2.375752,0.0184655,-2.17465,0.3378145,-0.081058,0.9377158,0.0,0.0,0.0,0.0,0.0,0.0,0.0,-2.158604,0.294188,2.260141,2.335758,0.01919842,-2.097194,0.0910707,-0.04163929,-0.01892835,0.9947935,10.34744,354.9676,357.3639,0.7296955,0.006536641,-0.6837407,-0.1373602,-0.0148076,0.3176436,2.813414,-0.1626454,-0.05477696,0.6460476,0.20896,1.9929,0.9958158,-0.04524383,0.07939737,0.03007536,0.9826958,0.1827694,-0.08629263,-0.1796168,0.9799446,moving,24.625734635826483,6.428453858239078,17.96137832591367,5.985718288963392,0.4776560000000001,-0.18184382,2.04241704,0.4145205289483832,0.1018902892201555,0.9043180067801787,24.15669814363795,5.745434787189399,6.632271464019418,6.6790463248712815,6.199977726178697
05/05/2023 11:40:54.282918,4008,True,True,True,True,Eyes,2.374067,0.01855345,-2.170375,0.3321947,-0.08067827,0.9397541,0.0,0.0,0.0,0.0,0.0,0.0,0.0,-2.113981,0.3128268,2.285906,2.331908,0.0207938,-2.086604,0.09328698,-0.05069606,-0.01714226,0.9942001,10.58848,353.9265,357.4611,0.7304927,0.006456357,-0.6828897,-0.1291186,-0.01391915,0.298585,2.776466,-0.1685301,-0.0360273,0.6504028,0.20896,1.9929,0.9942721,-0.04354424,0.09760574,0.02462712,0.9820074,0.1872299,-0.1040023,-0.1837537,0.9774549,moving,25.333813547891754,6.656900413033678,18.07461028251061,5.985718288963392,0.44455800000000023,-0.1893239,2.0505766999999997,0.42553038417466454,0.10490439732796614,0.898843162064724,24.84078950221784,5.963014097819259,7.228752911054093,7.290165806879278,6.76621731202106
05/05/2023 11:40:54.293379,4009,True,True,True,True,Eyes,2.372237,0.01873482,-2.165882,0.3265519,-0.08086559,0.9417137,0.0,0.0,0.0,0.0,0.0,0.0,0.0,-2.072058,0.3238049,2.309757,2.328154,0.02176843,-2.07665,0.09351453,-0.05906393,-0.01517651,0.9937486,10.60675,352.9741,357.5971,0.7312518,0.00638758,-0.6820773,-0.1213715,-0.013084,0.2806699,2.738318,-0.1666614,-0.01877036,0.6506109,0.2089601,1.9929,0.9925623,-0.04120994,0.1145509,0.01911659,0.9820494,0.1876526,-0.1202278,-0.1840671,0.9755329,moving,25.956095993165263,6.604420287142018,18.080017080676818,5.985721132694636,0.410164,-0.18842983,2.05787964,0.43532973838415673,0.10354359181469297,0.8942968317509808,25.448816722582507,5.907825126801427,7.839465066094242,7.900342250779968,7.369211351988999
05/05/2023 11:40:54.312870,4010,True,True,True,True,Eyes,2.370297,0.01901604,-2.161158,0.3205951,-0.08101105,0.9437457,0.0,0.0,0.0,0.0,0.0,0.0,0.0,-2.032829,0.3465756,2.328493,2.324206,0.02437543,-2.066848,0.09830968,-0.06688866,-0.0146488,0.9927974,11.14213,352.0505,357.5327,0.7319784,0.006332102,-0.681298,-0.1140892,-0.01229896,0.2638297,2.701622,-0.1833889,-0.00456674,0.6506115,0.2089601,1.9929,0.9906227,-0.04223819,0.1299335,0.01593498,0.9802412,0.1971629,-0.135694,-0.1932435,0.9717222,static,26.514995736523073,7.1642552989965145,18.080032669233677,5.985721132694636,0.37741599999999975,-0.20776433,2.06228126,0.4436347230915231,0.1117698815540045,0.8892107065704472,25.978553412337437,6.4488294620578035,8.419057651179513,8.516897599929036,7.912085645009532
05/05/2023 11:40:54.333019,4011,True,True,True,True,Eyes,2.370297,0.01901604,-2.161158,0.3205951,-0.08101105,0.9437457,0.0,0.0,0.0,0.0,0.0,0.0,0.0,-1.996606,0.3359424,2.347845,2.319734,0.02705368,-2.056641,0.09741202,-0.07392172,-0.01594512,0.992367,11.00996,351.2206,357.3112,0.7326783,0.006291748,-0.6805456,-0.1072438,-0.01156102,0.2479999,2.667929,-0.1786212,0.01098323,0.6506113,0.2089601,1.9929,0.9885627,-0.04604856,0.1436085,0.0172451,0.9805133,0.1956943,-0.1498214,-0.1909796,0.970093,static,27.323501759977127,7.151331704187968,18.080027473048364,5.985721132694636,0.34819500000000003,-0.20567488,2.06762423,0.4561886485049157,0.11078195617418886,0.8829604916393947,26.76704872667823,6.430893440551245,9.216486207933881,9.316676708864069,8.698420353414715
05/05/2023 11:40:54.343385,4012,True,True,True,True,Eyes,2.370297,0.01901604,-2.161158,0.3205951,-0.08101105,0.9437457,0.0,0.0,0.0,0.0,0.0,0.0,0.0,-1.962942,0.3274848,2.364593,2.315153,0.028448,-2.04718,0.09683616,-0.0803628,-0.01733709,0.9918993,10.91292,350.4575,357.0837,0.7333078,0.00625541,-0.6798677,-0.1008092,-0.01086736,0.2331199,2.636497,-0.176429,0.02486574,0.6506116,0.20896,1.9929,0.9864825,-0.04995733,0.1560659,0.01882924,0.9806443,0.1948899,-0.1627813,-0.1893169,0.9683292,static,28.065279649746405,7.182532765023449,18.08003526732622,5.985718288963392,0.32134399999999985,-0.204877,2.07204574,0.4675950359222675,0.11052004712423667,0.8770063604097249,27.48930689060401,6.456332518448143,9.951464911643129,10.0567126968389,9.421033395207457
05/05/2023 11:40:54.363254,4013,True,True,True,True,Eyes,2.36785,0.01939698,-2.15549,0.3137901,-0.08134033,0.9460019,0.0,0.0,0.0,0.0,0.0,0.0,0.0,-1.929129,0.3313988,2.379091,2.310467,0.02929861,-2.037724,0.09794463,-0.08679282,-0.0177057,0.9912419,11.017,349.6984,356.9572,0.7338736,0.006222712,-0.6792572,-0.09476066,-0.01021532,0.2191327,2.60483,-0.180624,0.03782239,0.6506113,0.20896,1.9929,0.9843071,-0.05210305,0.168597,0.01809948,0.9801868,0.1972471,-0.1755337,-0.1911002,0.9657477,static,28.39964816185128,7.337198204710008,18.080027473048364,5.985718288963392,0.29436300000000015,-0.20992261,2.07554639,0.4725969429867646,0.11254682926874798,0.8740625902343865,27.811086914238814,6.604602207719012,10.290239691960966,10.407740827068844,9.750719724865242
05/05/2023 11:40:54.383204,4014,True,True,True,True,Eyes,2.365284,0.01973745,-2.149687,0.3067212,-0.08164141,0.9482915,0.0,0.0,0.0,0.0,0.0,0.0,0.0,-1.894916,0.3290448,2.394022,2.305359,0.0297251,-2.028486,0.09728854,-0.0931527,-0.01781224,0.9907272,10.92094,348.959,356.8813,0.7344362,0.00620622,-0.678649,-0.08907501,-0.0096024,0.2059847,2.573102,-0.1777219,0.05091038,0.6506113,0.20896,1.9929,0.9820106,-0.05341952,0.181112,0.01716875,0.9804354,0.1960913,-0.1880437,-0.1894543,0.963715,static,28.704275418563366,7.268290596443785,18.080027473048364,5.985718288963392,0.26774299999999984,-0.207447,2.07939638,0.47731163405299926,0.11117360617889649,0.8716731133947597,28.109900615377235,6.535536069527624,10.587643565863925,10.701384776359335,10.04493179882445
05/05/2023 11:40:54.392888,4015,True,True,True,True,Eyes,2.362595,0.02004018,-2.143757,0.2995773,-0.08201651,0.9505402,0.0,0.0,0.0,0.0,0.0,0.0,0.0,-1.858008,0.3313677,2.409866,2.300069,0.02909282,-2.019477,0.09706421,-0.1000122,-0.01756684,0.9900847,10.87633,348.1625,356.8361,0.7349959,0.006203135,-0.6780428,-0.08373051,-0.009026255,0.1936257,2.539003,-0.1773169,0.06352983,0.650611,0.20896,1.9929,0.9793779,-0.05420053,0.1946308,0.01537012,0.9805399,0.1957174,-0.2014513,-0.1886898,0.9611522,static,29.065501427695448,7.230767086165238,18.08001967876982,5.985718288963392,0.23893399999999998,-0.20640972,2.08300683,0.4828491676818336,0.11022126879704225,0.8687392540789441,28.46304194923439,6.496630832684571,10.943349064918225,11.05581095005662,10.395584788567449
05/05/2023 11:40:54.413145,4016,True,True,True,True,Eyes,2.359773,0.02037824,-2.137711,0.2920764,-0.08243531,0.9528357,0.0,0.0,0.0,0.0,0.0,0.0,0.0,-1.816885,0.3405777,2.426953,2.29429,0.02852815,-2.010617,0.0979954,-0.1076143,-0.01696347,0.989206,10.96587,347.2762,356.8088,0.735554,0.006210997,-0.6774372,-0.07870668,-0.00848468,0.1820081,2.501138,-0.1813006,0.07547841,0.6506112,0.20896,1.9929,0.9762629,-0.05465215,0.2095807,0.01246933,0.9802183,0.1975263,-0.2162301,-0.1902242,0.9576321,static,29.49778571723261,7.315606705709697,18.08002487495559,5.985718288963392,0.20684799999999992,-0.20982875,2.08609541,0.4893445614744085,0.11104746566681094,0.8649915811674949,28.882154158458345,6.576311774905197,11.37478291907262,11.494949580247424,10.818262232130659
05/05/2023 11:40:54.433239,4017,True,True,True,True,Eyes,2.356826,0.02075059,-2.131527,0.2844037,-0.08261377,0.9551385,0.0,0.0,0.0,0.0,0.0,0.0,0.0,-1.772463,0.3454567,2.446258,2.288413,0.02972964,-2.001855,0.09866842,-0.1158169,-0.01677553,0.9882154,11.01847,346.3155,356.7288,0.7361105,0.00622989,-0.6768323,-0.07398428,-0.0079756,0.1710876,2.460577,-0.1828318,0.08711274,0.6506114,0.20896,1.9929,0.9726101,-0.05601062,0.2255937,0.01030074,0.9799662,0.1988971,-0.2322145,-0.1911255,0.953702,static,29.99048660798655,7.410756718633703,18.08003007114106,5.985718288963392,0.17216399999999998,-0.21256144,2.0889677399999997,0.4967143119543615,0.1119451020636057,0.8606644178617044,29.359883716173364,6.665623917859349,11.866384161062305,11.995403679831819,11.30032609784129
05/05/2023 11:40:54.443356,4018,True,True,True,True,Eyes,2.353739,0.02111123,-2.125251,0.2764113,-0.08255363,0.9574872,0.0,0.0,0.0,0.0,0.0,0.0,0.0,-1.728142,0.3322126,2.466258,2.282145,0.03091186,-1.992517,0.09561922,-0.1238435,-0.01689275,0.9875397,10.64198,345.3941,356.6723,0.7366663,0.006259872,-0.6762272,-0.06954522,-0.007497064,0.1608224,2.420548,-0.1692163,0.1001857,0.6506112,0.20896,1.9929,0.9687549,-0.05704816,0.2413701,0.009680893,0.9811432,0.1930397,-0.2478312,-0.1846714,0.9510395,static,30.4292647918264,7.081792214709887,18.08002487495559,5.985718288963392,0.13840300000000028,-0.20012816,2.0927027000000002,0.5035931364284677,0.10651193140291124,0.857350108280548,29.79647965547509,6.34263690007841,12.29072206218313,12.397786277200327,11.72188992948315
05/05/2023 11:40:54.463170,4019,True,True,True,True,Eyes,2.35053,0.02145668,-2.118886,0.2682102,-0.08248258,0.9598228,0.0,0.0,0.0,0.0,0.0,0.0,0.0,-1.68349,0.3286802,2.484928,2.275844,0.03093231,-1.984089,0.09291703,-0.1318123,-0.01525127,0.9867925,10.33243,344.4956,356.8188,0.7372207,0.006299532,-0.6756223,-0.06537251,-0.00704724,0.151173,2.380629,-0.1567777,0.1117149,0.650611,0.20896,1.9929,0.9647858,-0.05459489,0.2573087,0.005604447,0.9822677,0.1874003,-0.2629771,-0.179359,0.9479839,static,30.852388376957787,6.700912845909513,18.08001967876982,5.985718288963392,0.10478499999999968,-0.18771000999999998,2.0958039,0.5102391401350124,0.10035423521876095,0.8541574457529933,30.219214468964882,5.969241348951238,12.708557499970134,12.792376847823752,12.139205972544133
05/05/2023 11:40:54.483182,4020,True,True,True,True,Eyes,2.347173,0.02179838,-2.112471,0.2595911,-0.08243724,0.9621936,0.0,0.0,0.0,0.0,0.0,0.0,0.0,-1.636037,0.3467293,2.501543,2.269288,0.03094668,-1.975837,0.0935482,-0.1402407,-0.01193429,0.985616,10.43138,343.539,357.0996,0.7377747,0.006347585,-0.6750168,-0.06145016,-0.006624406,0.1421026,2.338174,-0.1570172,0.1214317,0.6506112,0.20896,1.9929,0.9603803,-0.04976379,0.2742141,-0.002713284,0.9822126,0.1877525,-0.2786799,-0.1810578,0.9431626,static,31.319380342318553,6.64126615975287,18.08002487495559,5.985718288963392,0.068886,-0.18796388,2.0972687,0.5172555845444078,0.09897905603074884,0.8500880944607283,30.6760547508704,5.9081092286972865,13.173925090665776,13.255575287481498,12.596268963513515
05/05/2023 11:40:54.493425,4021,True,True,True,True,Eyes,2.343671,0.02213437,-2.106015,0.2501371,-0.08270345,0.9646718,0.0,0.0,0.0,0.0,0.0,0.0,0.0,-1.582956,0.3681268,2.520504,2.262541,0.03118079,-1.968284,0.09445164,-0.1496074,-0.00805577,0.9841909,10.57407,342.4751,357.4277,0.7383265,0.006403087,-0.6744128,-0.05776315,-0.006226941,0.1335765,2.29144,-0.1580284,0.1298047,0.650611,0.2089601,1.9929,0.9551054,-0.04411817,0.2929628,-0.01240451,0.982028,0.1883273,-0.2960063,-0.1835065,0.937393,static,31.8485257711324,6.5690124955513935,18.08001967876982,5.985721132694636,0.028899000000000008,-0.18920919000000003,2.0980887,0.5251688803635645,0.09735408335852766,0.8454111075119921,31.193823204715432,5.834298549739901,13.701947845803607,13.780855881599257,13.114677720620216
05/05/2023 11:40:54.512956,4022,True,True,True,True,Eyes,2.340025,0.02247926,-2.09953,0.2402547,-0.08314921,0.9671421,0.0,0.0,0.0,0.0,0.0,0.0,0.0,-1.525801,0.3908754,2.540372,2.255701,0.03142769,-1.960909,0.09611997,-0.1596858,-0.004697752,0.982466,10.79927,341.316,357.6703,0.7388753,0.006465248,-0.6738107,-0.05429736,-0.005853325,0.1255619,2.241502,-0.1628682,0.1368652,0.6506113,0.20896,1.9929,0.9489567,-0.03992875,0.3128687,-0.02146723,0.9814777,0.1903695,-0.3146749,-0.1873689,0.9305228,static,32.442142307557845,6.611106605899983,18.080027473048364,5.985718288963392,-0.014199000000000073,-0.19429589,2.0977742,0.5338997670610847,0.09734766732131299,0.8399252490474033,31.771357272890253,5.871318917888353,14.292630524564997,14.375724436236181,13.691807729592938
05/05/2023 11:40:54.533140,4023,True,True,True,True,Eyes,2.336237,0.02285109,-2.093018,0.2299204,-0.08388452,0.9695875,0.0,0.0,0.0,0.0,0.0,0.0,0.0,-1.468325,0.4153622,2.558722,2.248821,0.03201513,-1.953801,0.09876157,-0.1697536,-0.001883109,0.9805235,11.13006,340.1441,357.8259,0.7394195,0.006533666,-0.6732129,-0.05103952,-0.005502126,0.1180282,2.191529,-0.1720234,0.1423138,0.6506111,0.20896,1.9929,0.9423603,-0.03722313,0.3325228,-0.0298374,0.9804852,0.1943154,-0.3332667,-0.1930367,0.9228597,static,33.01737331997337,6.786896740722835,18.080022276862742,5.985718288963392,-0.0572919999999999,-0.20403853,2.0961148,0.5422002861920789,0.0992980318442611,0.8343612369430425,32.32736524401437,6.038545335255978,14.863196101633285,14.958821581150097,14.24744090426295
05/05/2023 11:40:54.543085,4024,True,True,True,True,Eyes,2.332313,0.02322235,-2.086497,0.2192986,-0.08462533,0.9719809,0.0,0.0,0.0,0.0,0.0,0.0,0.0,-1.414323,0.4337884,2.574603,2.241987,0.03309676,-1.946653,0.100865,-0.1791295,0.0002398087,0.9786415,11.39122,339.0469,357.9149,0.7399581,0.006608691,-0.6726201,-0.04797715,-0.005171998,0.1109465,2.144568,-0.1790121,0.1471782,0.6506114,0.20896,1.9929,0.9358252,-0.0356664,0.3506554,-0.03660515,0.9796524,0.1973354,-0.3505586,-0.1975072,0.9154778,static,33.49669223134956,6.932324683192649,18.08003007114106,5.985718288963392,-0.09741899999999992,-0.21210886,2.0938312,0.5490737518328211,0.10087533773951486,0.8296640125307037,32.79069464208031,6.176865853871451,15.339180603319232,15.445696352952185,14.711906385994222
05/05/2023 11:40:54.563196,4025,True,True,True,True,Eyes,2.328251,0.02358946,-2.079981,0.20844,-0.0855809,0.9742837,0.0,0.0,0.0,0.0,0.0,0.0,0.0,-1.363663,0.4444571,2.5889,2.234939,0.03345364,-1.939962,0.101363,-0.1877544,0.002180022,0.9769695,11.47122,338.0445,358.0233,0.7404914,0.006689887,-0.6720322,-0.04509852,-0.004861678,0.1042897,2.100594,-0.1802143,0.151666,0.6506115,0.2089601,1.9929,0.9294871,-0.03380306,0.3673025,-0.04232232,0.9794416,0.1972385,-0.3664185,-0.1988757,0.9089477,static,33.86642466131727,6.868548049118068,18.080032669233677,5.985721132694636,-0.13434499999999971,-0.21366794,2.091628,0.5544919952317893,0.09952303803333681,0.826216584350002,33.152835802608905,6.1123603310717485,15.707802288643585,15.811058013051582,15.073335124784153
05/05/2023 11:40:54.583307,4026,True,True,True,True,Eyes,2.324055,0.02396055,-2.073479,0.1973414,-0.08648767,0.9765123,0.0,0.0,0.0,0.0,0.0,0.0,0.0,-1.314256,0.4594391,2.600935,2.227861,0.03374566,-1.933576,0.1026967,-0.1960741,0.004310353,0.9751871,11.6532,337.0728,358.1355,0.7410166,0.006776406,-0.6714522,-0.04239261,-0.004569978,0.09803232,2.057894,-0.1849824,0.1549355,0.6506115,0.2089601,1.9929,0.9230727,-0.03186556,0.3833033,-0.04867915,0.9788696,0.1986068,-0.3815326,-0.2019874,0.9020166,static,34.195297398997575,6.90551863493785,18.080032669233677,5.985721132694636,-0.16996699999999976,-0.21872806,2.0885115,0.5592166699878751,0.09967529975330082,0.8230076353801591,33.472430698080785,6.146151225794462,16.03490552898452,16.14149264335567,15.393234062185515
05/05/2023 11:40:54.593068,4027,True,True,True,True,Eyes,2.319763,0.02431285,-2.06698,0.1861849,-0.08715577,0.9786414,0.0,0.0,0.0,0.0,0.0,0.0,0.0,-1.265075,0.4651094,2.613532,2.220603,0.0342034,-1.927444,0.1025307,-0.2042911,0.005879926,0.9735081,11.65578,336.115,358.2187,0.7415327,0.006867926,-0.6708812,-0.03984905,-0.004295779,0.09215038,2.015428,-0.1836801,0.1579914,0.6506112,0.20896,1.9929,0.9164611,-0.03044393,0.3989639,-0.05334055,0.9789057,0.1972266,-0.3965524,-0.2020314,0.8955051,static,34.502394382167076,6.797797015421491,18.08002487495559,5.985718288963392,-0.2051750000000001,-0.2178835,2.0854353999999997,0.5637271102141238,0.09776553338896288,0.8201546078131046,33.77469809842462,6.039303287983569,16.34220527922534,16.44243571036102,15.694764698573719
05/05/2023 11:40:54.613219,4028,True,True,True,True,Eyes,2.31534,0.02464274,-2.060504,0.1748212,-0.08770832,0.9806859,0.0,0.0,0.0,0.0,0.0,0.0,0.0,-1.215894,0.463423,2.626556,2.213338,0.03408676,-1.921439,0.1010515,-0.2124929,0.006983221,0.9718985,11.50138,335.1612,358.2824,0.7420397,0.006963468,-0.6703194,0.0,0.0,0.0,1.972981,-0.1777178,0.160862,0.6506115,0.20896,1.9929,0.909596,-0.0293715,0.4144543,-0.05651942,0.9794797,0.1934559,-0.4116317,-0.1993915,0.8892707,static,34.789627464022296,6.553528979745451,18.080032669233677,5.985718288963392,-0.2403569999999997,-0.21180456,2.0823009999999997,0.5680423282803961,0.0939300821978619,0.8176216048793977,34.061282158986245,5.799729563879228,16.63369349782315,16.719239432061293,15.982331715352899
05/05/2023 11:40:54.631045,4029,True,True,True,True,Eyes,2.310739,0.02494423,-2.054073,0.1631499,-0.08815594,0.9826549,0.0,0.0,0.0,0.0,0.0,0.0,0.0,-1.168169,0.4619502,2.637949,2.205939,0.0338515,-1.915589,0.09981313,-0.2203863,0.007869892,0.9702605,11.37083,334.2386,358.3211,0.7425364,0.007062002,-0.6697681,0.0,0.0,0.0,1.931723,-0.1729824,0.1630246,0.6506113,0.20896,1.9929,0.9027359,-0.0287232,0.4292352,-0.05926657,0.9799508,0.1902206,-0.4260931,-0.1971583,0.8829345,static,35.02807909709273,6.357827852244135,18.080027473048364,5.985718288963392,-0.2742159999999998,-0.20683390000000001,2.0786136,0.5716034787095507,0.09086339645182706,0.8154834875297488,34.29900410434769,5.607734168396263,16.877545254800193,16.952136130244995,16.223380503521284
05/05/2023 11:40:54.643350,4030,True,True,True,True,Eyes,2.306014,0.02520262,-2.047685,0.151385,-0.08849261,0.9845058,0.0,0.0,0.0,0.0,0.0,0.0,0.0,-1.123899,0.4558624,2.6478,2.198593,0.03340696,-1.909679,0.09800135,-0.2276787,0.00823002,0.9687572,11.16451,333.3848,358.3248,0.7430211,0.007162465,-0.6692293,0.0,0.0,0.0,1.893092,-0.1662131,0.1652741,0.6506112,0.20896,1.9929,0.8961893,-0.02867986,0.4427439,-0.06057143,0.980656,0.1861314,-0.4395177,-0.1936266,0.8771162,static,35.1901288179401,6.120335058413206,18.08002487495559,5.985718288963392,-0.3055009999999998,-0.19962006,2.0749531,0.5740914419547545,0.08729703698186812,0.814124237504172,34.46337443943227,5.375582795117501,17.048632191162184,17.11063349541305,16.394706715055587
05/05/2023 11:40:54.663310,4031,True,True,True,True,Eyes,2.301215,0.02540271,-2.041321,0.1398411,-0.08884595,0.9861799,0.0,0.0,0.0,0.0,0.0,0.0,0.0,-1.082718,0.4517484,2.655558,2.191045,0.0326119,-1.904364,0.09669749,-0.2343352,0.008426947,0.9672981,11.01232,332.6007,358.306,0.7434924,0.007263319,-0.6687045,0.0,0.0,0.0,1.857011,-0.1619279,0.1666716,0.6506113,0.2089601,1.9929,0.8900319,-0.02901652,0.4549738,-0.061622,0.9811572,0.1831211,-0.4517143,-0.1910201,0.8714732,static,35.296539534446055,5.953103254120999,18.080027473048364,5.985721132694636,-0.33403399999999994,-0.1945398,2.0710356,0.5757269801139865,0.08480125317014321,0.8132325147669796,34.57161305867517,5.212163225552839,17.162764936433003,17.216542959788843,16.509717955306062
05/05/2023 11:40:54.682992,4032,True,True,True,True,Eyes,2.296292,0.02552293,-2.035021,0.1282709,-0.08922853,0.987717,0.0,0.0,0.0,0.0,0.0,0.0,0.0,-1.04442,0.4526836,2.660768,2.183484,0.03142323,-1.899166,0.09644103,-0.240464,0.00861047,0.9658168,10.97787,331.8712,358.2635,0.743951,0.007362783,-0.6681932,0.0,0.0,0.0,1.823222,-0.1623972,0.1675353,0.6506112,0.2089601,1.9929,0.8842059,-0.02974892,0.4661491,-0.06301346,0.98125,0.1821477,-0.4628275,-0.1904297,0.8657524,static,35.34888794249049,5.9197602961727105,18.08002487495559,5.985721132694636,-0.3602620000000001,-0.19382043,2.0667013,0.5764957520692062,0.084272103993734,0.8127428171176907,34.62354197862915,5.179373906662155,17.216729917276503,17.26898904039335,16.563156523092747
05/05/2023 11:40:54.693093,4033,True,True,True,True,Eyes,2.291271,0.02556634,-2.028789,0.1169185,-0.08978565,0.9890746,0.0,0.0,0.0,0.0,0.0,0.0,0.0,-1.007869,0.4573551,2.6643,2.175733,0.02964085,-1.894406,0.0968841,-0.2462188,0.008780518,0.9643199,11.02156,331.1801,358.2033,0.7443944,0.007458215,-0.6676983,0.0,0.0,0.0,1.790878,-0.1663761,0.1676499,0.650611,0.20896,1.9929,0.8785983,-0.03077492,0.4765688,-0.06464383,0.9810728,0.1825307,-0.473166,-0.1911784,0.8599795,static,35.375981521381576,5.965300124702602,18.08001967876982,5.985718288963392,-0.38485500000000017,-0.19601695,2.0620559,0.5768495232288917,0.08489210566432552,0.8124271788288535,34.6487258667735,5.223503773004123,17.241456666432864,17.295973894595054,16.586229098644772
05/05/2023 11:40:54.712848,4034,True,True,True,True,Eyes,2.286119,0.02555943,-2.022637,0.1055747,-0.09047102,0.9902873,0.0,0.0,0.0,0.0,0.0,0.0,0.0,-0.9724522,0.4683452,2.666137,2.167939,0.02789979,-1.89012,0.0987701,-0.2517437,0.008824785,0.9627003,11.22224,330.503,358.0873,0.7448227,0.007547794,-0.6672194,0.0,0.0,0.0,1.759543,-0.1763983,0.1665969,0.6506112,0.20896,1.9929,0.8730944,-0.03273826,0.4864507,-0.06672075,0.9803332,0.1857288,-0.4829642,-0.1946152,0.8537391,static,35.38873187164854,6.197949491648874,18.08002487495559,5.985718288963392,-0.408396,-0.20429809000000002,2.0567169,0.5768644414494385,0.08818911758811075,0.8120653021841767,34.654884497070086,5.449783390262211,17.243518641819783,17.310008087252896,16.583521872884763
05/05/2023 11:40:54.732925,4035,True,True,True,True,Eyes,2.280846,0.02550491,-2.016552,0.09438068,-0.09132798,0.9913383,0.0,0.0,0.0,0.0,0.0,0.0,0.0,-0.9385962,0.4745046,2.66757,2.159776,0.02673705,-1.885921,0.1004684,-0.2569942,0.007837546,0.9611446,11.3708,329.8476,357.862,0.7452331,0.007630195,-0.66676,0.0,0.0,0.0,1.72904,-0.1852579,0.1654529,0.6506112,0.2089601,1.9929,0.8677852,-0.03657357,0.4955919,-0.06670563,0.9796894,0.1891009,-0.4924422,-0.1971577,0.8477201,static,35.37887791349274,6.443501786858713,18.08002487495559,5.985721132694636,-0.430736,-0.21199495000000002,2.0513738999999998,0.576541556618941,0.09169415347853205,0.811906493042331,34.63866024384545,5.688767252882515,17.224639958261676,17.30490911782644,16.56129786238342
05/05/2023 11:40:54.745260,4036,True,True,True,True,Eyes,2.275438,0.02539274,-2.010566,0.08329883,-0.09221102,0.9922492,0.0,0.0,0.0,0.0,0.0,0.0,0.0,-0.9093002,0.4684321,2.669009,2.151486,0.02557637,-1.881574,0.1002973,-0.2614782,0.005822101,0.9599666,11.28029,329.2883,357.5879,0.7456262,0.007704892,-0.6663196,0.0,0.0,0.0,1.701642,-0.1863636,0.1657007,0.6506112,0.20896,1.9929,0.8631907,-0.04127307,0.5031884,-0.06362917,0.9798131,0.1895195,-0.5008527,-0.1956089,0.8431393,static,35.27260951230428,6.484692058779699,18.08002487495559,5.985718288963392,-0.4498439999999997,-0.21193996999999998,2.0472747,0.5749969543346624,0.09240065238404566,0.8129210688217611,34.53395758305429,5.729549452437053,17.117345919469827,17.199823875126246,16.45592671457452
05/05/2023 11:40:54.763283,4037,True,True,True,True,Eyes,2.26989,0.02521596,-2.004685,0.071803,-0.0929208,0.9930811,0.0,0.0,0.0,0.0,0.0,0.0,0.0,-0.8827951,0.4674351,2.66866,2.142927,0.02411627,-1.877991,0.1008869,-0.2653446,0.004173254,0.9588518,11.2848,328.8001,357.3386,0.745999,0.007770556,-0.6659014,0.0,0.0,0.0,1.676626,-0.1907938,0.1652873,0.6506116,0.20896,1.9929,0.8591496,-0.04553656,0.5096945,-0.06154268,0.9796088,0.1912566,-0.5080103,-0.195686,0.8388281,static,35.07579806121853,6.615307131048946,18.08003526732622,5.985718288963392,-0.46630099999999985,-0.21491007,2.0432783,0.5720885797227362,0.09448818109961991,0.8147310339260176,34.338581555207014,5.857941006288318,16.917445066122596,17.00741999999802,16.25904838633338
05/05/2023 11:40:54.783067,4038,True,True,True,True,Eyes,2.264205,0.02498931,-1.998925,0.06048968,-0.0937034,0.9937609,0.0,0.0,0.0,0.0,0.0,0.0,0.0,-0.8580742,0.4712729,2.666677,2.134275,0.02240108,-1.874545,0.1020101,-0.2688399,0.003198809,0.9577625,11.36876,328.358,357.1514,0.7463513,0.007826176,-0.6655058,0.0,0.0,0.0,1.653104,-0.1975368,0.1647467,0.6506112,0.20896,1.9929,0.8554298,-0.04872135,0.5156221,-0.06097615,0.9791675,0.1936829,-0.5143169,-0.1971228,0.8346381,static,34.84871730124426,6.774985462975901,18.08002487495559,5.985718288963392,-0.48117100000000024,-0.21993788,2.0392916999999997,0.568715085782971,0.09703477317814002,0.8167909517887717,34.11291508306181,6.0148113835429395,16.687671503927383,16.787256725249797,16.032916604078636
05/05/2023 11:40:54.802969,4039,True,True,True,True,Eyes,2.258365,0.0247352,-1.993286,0.04897778,-0.09425306,0.9943428,0.0,0.0,0.0,0.0,0.0,0.0,0.0,-0.8346441,0.4768613,2.664001,2.125377,0.02101241,-1.8717,0.1032629,-0.2719906,0.002691207,0.9567397,11.48172,327.9601,357.0155,0.7466803,0.007870916,-0.6651363,0.0,0.0,0.0,1.630807,-0.2043809,0.1637878,0.6506112,0.2089601,1.9929,0.8520278,-0.0510235,0.5210043,-0.06132264,0.9786591,0.1961274,-0.5198926,-0.1990554,0.8307158,static,34.57103420484434,6.943062990423939,18.08002487495559,5.985721132694636,-0.49456999999999995,-0.22539331,2.0354878,0.5645962298591238,0.09977283473380023,0.819314679987474,33.8376941096803,6.180189612643041,16.40867932023771,16.51877393001788,15.758869175822326
05/05/2023 11:40:54.813012,4040,True,True,True,True,Eyes,2.252372,0.02448237,-1.987765,0.03770392,-0.09459237,0.9948018,0.0,0.0,0.0,0.0,0.0,0.0,0.0,-0.8127887,0.4761983,2.661532,2.116178,0.02007634,-1.868831,0.1033101,-0.2748033,0.002175726,0.9559319,11.46156,327.6142,356.9223,0.7469847,0.007905031,-0.6647939,0.0,0.0,0.0,1.609638,-0.2056715,0.1636713,0.6506113,0.20896,1.9929,0.8489568,-0.05262019,0.5258359,-0.06093957,0.9786446,0.1963189,-0.5249369,-0.1987105,0.8276203,static,34.259014929247634,6.962929695384524,18.080027473048364,5.985718288963392,-0.5065400000000002,-0.22574784,2.0325023,0.5600889121779824,0.10042849870817017,0.8223225951117549,33.532996339448175,6.201588743956257,16.097825868575658,16.20847239071878,15.454476595448345
05/05/2023 11:40:54.833059,4041,True,True,True,True,Eyes,2.246214,0.02425198,-1.982357,0.02637231,-0.09428985,0.9951954,0.0,0.0,0.0,0.0,0.0,0.0,0.0,-0.792219,0.4624173,2.660641,2.10655,0.01981913,-1.866148,0.1009737,-0.2772906,0.001267161,0.9554646,11.16624,327.3268,356.8695,0.7472612,0.007929476,-0.6644816,0.0,0.0,0.0,1.589408,-0.1962779,0.1647328,0.6506113,0.2089599,1.9929,0.8462167,-0.05357666,0.5301385,-0.05841957,0.9796054,0.1922509,-0.5296267,-0.1936564,0.8258285,static,33.890832135150454,6.7252401823543835,18.080027473048364,5.985715445232119,-0.517142,-0.21609703,2.0308808,0.5549599376273895,0.09741965851889763,0.8261530345472223,33.1804912806045,5.972762176401101,15.734067197120408,15.828090248035767,15.100469363251134
05/05/2023 11:40:54.843759,4042,True,True,True,True,Eyes,2.239884,0.0240336,-1.97706,0.01528492,-0.09350193,0.9955017,0.0,0.0,0.0,0.0,0.0,0.0,0.0,-0.7718274,0.4444929,2.659985,2.096684,0.02000199,-1.863418,0.09765048,-0.2796796,0.0006739205,0.9551144,10.77261,327.064,356.8878,0.7475097,0.007946016,-0.664201,0.0,0.0,0.0,1.569381,-0.1822196,0.1662784,0.6506113,0.20896,1.9929,0.8435578,-0.05333435,0.5343836,-0.05590903,0.9809278,0.1861578,-0.5341204,-0.1869117,0.8244874,static,33.520865178341325,6.37528757086478,18.080027473048364,5.985718288963392,-0.5273030000000003,-0.20222159,2.0296964,0.5498602611209815,0.09274713923765147,0.8300912816065584,32.82927283961021,5.634717213409175,15.37357837240025,15.445751301461446,14.753421319751101
05/05/2023 11:40:54.868163,4043,True,True,True,True,Eyes,2.233402,0.02377638,-1.971873,0.004092407,-0.09213479,0.9957381,0.0,0.0,0.0,0.0,0.0,0.0,0.0,-0.7506591,0.4100025,2.661695,2.086189,0.01980094,-1.861084,0.09144867,-0.2821015,-0.001104485,0.9550155,10.02318,326.8126,356.8737,0.7477286,0.00795583,-0.6639539,0.0,0.0,0.0,1.548683,-0.1565334,0.1683498,0.6506113,0.20896,1.9929,0.840835,-0.05370522,0.5386206,-0.04948601,0.9832718,0.175293,-0.5390247,-0.1740467,0.8241118,static,33.13644386669915,5.731455833421626,18.080027473048364,5.985718288963392,-0.537506,-0.17633433999999998,2.0294338,0.544714245602786,0.08374981621827297,0.8344293199761144,32.471885012359934,5.010828341835602,15.019056261865874,15.058563145775043,14.424838780411035
05/05/2023 11:40:54.883142,4044,True,True,True,True,Eyes,2.226738,0.02348742,-1.96685,-0.007023501,-0.09074437,0.9958494,0.0,0.0,0.0,0.0,0.0,0.0,0.0,-0.7253838,0.3801451,2.663303,2.075472,0.01849167,-1.859018,0.08576326,-0.2851995,-0.002607235,0.95462,9.337835,326.4764,356.8689,0.7479168,0.007958268,-0.6637416,0.0,0.0,0.0,1.524999,-0.1340501,0.1688671,0.6506109,0.20896,1.9929,0.8373089,-0.05389712,0.5440671,-0.04394145,0.9852757,0.1652298,-0.5449615,-0.1622555,0.8226119,static,32.84474819945827,5.145951237078594,18.080017080676818,5.985718288963392,-0.550473,-0.15254177000000002,2.0278851,0.5408187704911838,0.07544436633199492,0.8377488303820675,32.203315794119305,4.4430759546159955,14.77090883200689,14.788593364865529,14.207297840224474
05/05/2023 11:40:54.893386,4045,True,True,True,True,Eyes,2.219908,0.02319322,-1.96194,-0.01842899,-0.08916197,0.9958466,0.0,0.0,0.0,0.0,0.0,0.0,0.0,-0.6923866,0.3747661,2.663495,2.064665,0.01760105,-1.857661,0.08484187,-0.2896406,-0.003451354,0.9533616,9.193585,325.9411,356.7637,0.7480718,0.007952971,-0.6635669,0.0,0.0,0.0,1.495429,-0.1311164,0.1653232,0.650611,0.20896,1.9929,0.8321928,-0.05572808,0.5516788,-0.04256653,0.9855799,0.1637692,-0.5528501,-0.1597707,0.8178203,static,32.72334535280944,5.176645329258649,18.08001967876982,5.985718288963392,-0.5692360000000003,-0.14871745,2.0229842,0.5390197818929432,0.0759972685466682,0.8388575714623971,32.08414269528258,4.473745899881503,14.647233655250547,14.665660089137251,14.085507515420538
05/05/2023 11:40:54.913217,4046,True,True,True,True,Eyes,2.212903,0.02286568,-1.957163,-0.0298074,-0.08739344,0.9957278,0.0,0.0,0.0,0.0,0.0,0.0,0.0,-0.6536641,0.3538131,2.666221,2.053491,0.01715406,-1.855822,0.0817507,-0.2951319,-0.006111269,0.9519331,8.744886,325.2838,356.5261,0.7481925,0.007940508,-0.663431,0.0,0.0,0.0,1.461276,-0.1186502,0.1614657,0.6506114,0.20896,1.9929,0.8257197,-0.05988951,0.5608924,-0.03661943,0.986559,0.1592496,-0.5628908,-0.1520351,0.8124281,static,32.722957470733604,5.002515673924053,18.08003007114106,5.985718288963392,-0.5922150000000002,-0.13580426,2.0172877000000002,0.5391176046825873,0.07344206050237843,0.8390222989963426,32.0884579376565,4.304323059436966,14.662489377123075,14.675898957541179,14.10897378299501
05/05/2023 11:40:54.933138,4047,True,True,True,True,Eyes,2.20575,0.02248622,-1.952495,-0.0412761,-0.08586365,0.9954516,0.0,0.0,0.0,0.0,0.0,0.0,0.0,-0.6160904,0.3313219,2.668459,2.042417,0.01600863,-1.854263,0.07870821,-0.3004357,-0.009718945,0.9504994,8.26689,324.6429,356.1893,0.7482775,0.007920435,-0.6633356,0.0,0.0,0.0,1.428184,-0.1069979,0.157253,0.6506113,0.20896,1.9929,0.8192878,-0.06576921,0.569598,-0.02881781,0.9874212,0.155464,-0.5726578,-0.1437844,0.8070868,static,32.697720579906154,4.8458521070111535,18.080027473048364,5.985718288963392,-0.614233,-0.12300653,2.011516,0.5388373087239319,0.07116281650664542,0.8393988200129208,32.0680791282038,4.152059232951559,14.652657437656053,14.662068294720092,14.107724644356754
05/05/2023 11:40:54.943570,4048,True,True,True,True,Eyes,2.19843,0.02204409,-1.947968,-0.05261093,-0.08433346,0.9950477,0.0,0.0,0.0,0.0,0.0,0.0,0.0,-0.5824882,0.3222383,2.667472,2.031239,0.01445648,-1.852673,0.07804802,-0.3050457,-0.01272075,0.9490489,8.06995,324.0695,355.8436,0.748326,0.007891708,-0.6632814,0.0,0.0,0.0,1.397793,-0.1056531,0.1530517,0.650611,0.20896,1.9929,0.8135707,-0.07176165,0.5770208,-0.0234712,0.9874933,0.1559036,-0.5809922,-0.140382,0.8017113,static,32.60563878066616,4.971867033728235,18.08001967876982,5.985718288963392,-0.6334459999999997,-0.12010958,2.0057247,0.5374125322704497,0.0730876213921705,0.840146378593769,31.974919536950118,4.27528040816904,14.548529175996428,14.560958232929515,13.999779991589694
05/05/2023 11:40:54.963010,4049,True,True,True,True,Eyes,2.013235,0.01052913,-1.83713,-0.3305475,-0.05513886,0.9421773,0.0,0.0,0.0,0.0,0.0,0.0,0.0,-0.5522617,0.3154949,2.665393,2.020025,0.01253095,-1.851537,0.07743598,-0.308994,-0.01511286,0.9477859,7.900078,323.5803,355.5703,0.7483368,0.007853006,-0.6632699,0.0,0.0,0.0,1.370142,-0.1047995,0.1490867,0.6506112,0.20896,1.9929,0.8085886,-0.07650201,0.5833797,-0.019207,0.9875506,0.156125,-0.5880608,-0.1374459,0.7970528,static,16.738437662732075,5.9308478334370776,18.08002487495559,5.985718288963392,-0.649883,-0.11733045,2.0006237,0.28658836695877493,0.09899384816506981,0.9529256708804801,16.481423790096382,5.313576176178311,1.3350291180942286,1.342708834740924,1.7341569849042586
05/05/2023 11:40:54.983215,4050,True,True,True,True,Eyes,2.012784,0.01069453,-1.837086,-0.3307947,-0.05555437,0.9420661,0.0,0.0,0.0,0.0,0.0,0.0,0.0,-0.5243354,0.3241464,2.660835,2.008768,0.01187809,-1.850609,0.07978327,-0.3125467,-0.01655034,0.9464012,8.08653,323.1159,355.2957,0.7470245,0.007321507,-0.6647539,-0.5555849,-0.03454488,0.3325152,1.343796,-0.1151034,0.1444596,0.6506111,0.20896,1.9929,0.8040813,-0.08119851,0.5889482,-0.01854547,0.9867215,0.1613595,-0.59423,-0.1406685,0.7918984,static,17.153462458912777,6.204915036094201,18.080022276862742,5.985718288963392,-0.6649719999999999,-0.12698149,1.9950686,0.29335332411212844,0.10332935320152656,0.9504035092226436,16.878610823236425,5.577487032515964,0.9522171994249846,0.9521346071812534,1.2688743986877293
05/05/2023 11:40:54.993069,4051,True,True,True,True,Eyes,2.011876,0.01097076,-1.836952,-0.3308091,-0.05569079,0.942053,0.0,0.0,0.0,0.0,0.0,0.0,0.0,-0.4999483,0.3380633,2.65465,1.997585,0.01618676,-1.849539,0.08508763,-0.3155608,-0.01942949,0.944883,8.541942,322.6726,354.754,0.7459514,0.0068933,-0.6659629,-0.5222498,-0.03247219,0.3125643,1.319555,-0.1328756,0.1395982,0.6506113,0.20896,1.9929,0.8000877,-0.09041783,0.5930297,-0.01698344,0.9847652,0.1730581,-0.5996426,-0.1485333,0.7863629,static,17.51647467375598,6.849549496400661,18.080027473048364,5.985718288963392,-0.6780299999999999,-0.14906236,1.9891372,0.299024549384403,0.11380582877809953,0.947434711072071,17.215107021544203,6.202298914150048,1.0119033602247522,1.0314049217125212,0.8916246713928488
05/05/2023 11:40:55.013057,4052,True,True,True,True,Eyes,2.010549,0.01127972,-1.836815,-0.3308115,-0.05587559,0.9420412,2.092005,1.318489,-0.1056123,0.1339402,0.7916899,0.08427431,-0.6050826,0.6545811,0.208702,1.978426,1.985476,0.01918233,-1.847412,0.07967626,-0.3159795,-0.02750697,0.9450144,7.654959,322.6269,354.073,0.7450649,0.006553346,-0.6669581,-0.4909148,-0.03052386,0.2938105,1.306611,-0.1068797,0.14303,0.6506113,0.20896,1.9929,0.7988007,-0.1023411,0.5928269,0.001636836,0.9857901,0.1679737,-0.6015934,-0.1332071,0.7876173,static,17.549222595255436,6.175106691478925,18.080027473048364,5.985718288963392,-0.678865,-0.12606203,1.990442,0.29993330906868826,0.10261502855244038,0.9484250727463011,17.26520872958544,5.545859519036921,0.5638597177577082,0.5635794400935423,0.9259618362436594
05/05/2023 11:40:55.033171,4053,True,True,True,True,Eyes,2.008797,0.01171335,-1.836643,-0.3304693,-0.05639226,0.9421306,0.0,0.0,0.0,0.0,0.0,0.0,0.0,-0.4808465,0.2847371,2.645232,1.974086,0.02033149,-1.847191,0.08037311,-0.3158341,-0.02965411,0.944939,7.652455,322.6227,353.8131,0.7443205,0.006286545,-0.6677914,-0.4614599,-0.02869243,0.2761818,1.295818,-0.1086508,0.143268,0.6506112,0.20896,1.9929,0.7987388,-0.1068118,0.5921211,0.005273513,0.9853216,0.1706269,-0.6016547,-0.1331638,0.7875779,static,17.549987058969876,6.2252567793207785,18.08002487495559,5.985718288963392,-0.6782680000000001,-0.12898229,1.990459,0.2999200459787194,0.1034455918513579,0.9483391209021188,17.264602236289452,5.594649695303462,0.5816409506038435,0.5816517641489639,0.9043498905824024
05/05/2023 11:40:55.043385,4054,True,True,True,True,Eyes,2.006643,0.01217349,-1.836442,-0.3302125,-0.05660567,0.9422078,0.0,0.0,0.0,0.0,0.0,0.0,0.0,-0.4697131,0.3016913,2.635846,1.962315,0.02382419,-1.8461,0.08453599,-0.3163363,-0.02938442,0.9444159,8.110554,322.5145,353.6797,0.7436826,0.006084401,-0.6685036,-0.4337723,-0.02697088,0.2596109,1.281342,-0.1226361,0.1422247,0.6506111,0.20896,1.9929,0.7981358,-0.1089858,0.5925379,0.002018623,0.9839804,0.178265,-0.6024741,-0.1410836,0.78557,static,17.62587028485682,6.720196157469156,18.080022276862742,5.985718288963392,-0.680973,-0.14646029,1.9883247000000002,0.3009088154426614,0.1115972408191197,0.9471008267569472,17.325234425459456,6.0757147007395425,0.8458887253190278,0.8635460446135561,0.7601342346971167
05/05/2023 11:40:55.063275,4055,True,True,True,True,Eyes,2.004133,0.01261402,-1.836238,-0.330035,-0.05713611,0.942238,0.0,0.0,0.0,0.0,0.0,0.0,0.0,-0.4542913,0.2818775,2.631366,1.950512,0.02485786,-1.845211,0.08104317,-0.3173762,-0.0304113,0.9443408,7.686987,322.4226,353.6924,0.7430863,0.005923536,-0.6691678,-0.407746,-0.02535263,0.2440343,1.265691,-0.1067243,0.142832,0.6506112,0.20896,1.9929,0.7966951,-0.1088796,0.5944932,0.005994913,0.9850143,0.1723684,-0.6043517,-0.1337611,0.7854088,static,17.764014721160546,6.275387404666809,18.08002487495559,5.985718288963392,-0.6848210000000001,-0.13158216,1.988043,0.30343790543900406,0.10415362166573121,0.9471417769117958,17.47188927183574,5.642006690632304,0.4251673634485064,0.4286847488469436,0.6985460432994072
05/05/2023 11:40:55.082840,4056,True,True,True,True,Eyes,2.001269,0.01308205,-1.835994,-0.3300655,-0.05802796,0.9421728,0.0,0.0,0.0,0.0,0.0,0.0,0.0,-0.4351335,0.3196071,2.621954,1.939461,0.02491765,-1.844994,0.08689793,-0.3194119,-0.0266135,0.943248,8.449128,322.1311,353.8646,0.7425109,0.005795219,-0.6698076,-0.3832812,-0.02383147,0.2293922,1.245208,-0.1311752,0.1379984,0.6506113,0.2089601,1.9929,0.7945356,-0.1057187,0.5979438,-0.00530621,0.9834809,0.1809339,-0.6071944,-0.1469312,0.7808496,static,18.01764206347937,6.950181614459497,18.080027473048364,5.985721132694636,-0.694253,-0.15609285,1.9829924,0.3072522309886805,0.1151529854996434,0.9446353370347992,17.700942122320956,6.296888913910554,0.922376004509359,0.9664760525813353,0.49043969170832796
05/05/2023 11:40:55.093297,4057,True,True,True,True,Eyes,1.998094,0.01353581,-1.8357,-0.3303192,-0.05884499,0.9420332,0.0,0.0,0.0,0.0,0.0,0.0,0.0,-0.414234,0.3505173,2.612215,1.92815,0.02609796,-1.84382,0.09171913,-0.3217464,-0.02300964,0.942092,9.091362,321.814,354.049,0.7419499,0.005697502,-0.6704299,-0.3602844,-0.02240158,0.2156287,1.223529,-0.1501818,0.1338155,0.6506112,0.20896,1.9929,0.7918996,-0.102375,0.6020085,-0.0156662,0.9821163,0.1876222,-0.6104502,-0.1580092,0.7761337,static,18.29955146844555,7.506023461062725,18.08002487495559,5.985718288963392,-0.7046209999999999,-0.17627976,1.9776355,0.3115567147741348,0.1241286302582264,0.9420852155024749,17.960771013785912,6.8358448098339935,1.4547292498634323,1.5360728308128127,0.8584501062329888
05/05/2023 11:40:55.123148,4058,True,True,True,True,Eyes,1.994608,0.01394076,-1.835367,-0.3307303,-0.05988923,0.9418231,0.0,0.0,0.0,0.0,0.0,0.0,0.0,-0.3947566,0.3563341,2.605507,1.917128,0.02628157,-1.842661,0.09197876,-0.3237677,-0.02116712,0.9414173,9.176386,321.5781,354.2204,0.741396,0.005626608,-0.671043,-0.3386673,-0.02105749,0.2026909,1.204003,-0.1509773,0.1318367,0.650611,0.20896,1.9929,0.7894529,-0.09941368,0.6057071,-0.0197053,0.9821838,0.1868872,-0.6134948,-0.1594743,0.7734289,static,18.52797582759283,7.490405962318764,18.08001967876982,5.985718288963392,-0.713125,-0.17725887,1.9744977000000001,0.3153267132282218,0.12370961315439823,0.9408852206510468,18.183864346649607,6.819134444766365,1.4824976039506175,1.5699521348168377,0.8398608240657904
05/05/2023 11:40:55.133445,4059,True,True,True,True,Eyes,1.990807,0.01433991,-1.834977,-0.3314045,-0.06086319,0.9415237,0.0,0.0,0.0,0.0,0.0,0.0,0.0,-0.3759604,0.380419,2.595969,1.906215,0.0255343,-1.841416,0.09522499,-0.3257564,-0.01786033,0.9404764,9.641188,321.3207,354.4333,0.7408451,0.005578317,-0.6716515,-0.3183473,-0.01979404,0.1905295,1.184491,-0.1654156,0.1286766,0.650611,0.20896,1.9929,0.7871275,-0.09563476,0.609331,-0.02844586,0.9812264,0.19075,-0.616134,-0.1674775,0.7696299,static,18.745210804027984,7.840369925711404,18.08001967876982,5.985718288963392,-0.721724,-0.1909499,1.9700925999999999,0.3186625952358579,0.1293021334490554,0.9390075914826176,18.386196455044487,7.158203287471152,1.8585514541462569,1.9703329482131449,1.211802496306923
05/05/2023 11:40:55.146635,4060,True,True,True,True,Eyes,1.986696,0.0147807,-1.834514,-0.3321969,-0.06167766,0.9411913,0.0,0.0,0.0,0.0,0.0,0.0,0.0,-0.3572673,0.3950693,2.586905,1.894995,0.02581328,-1.839598,0.09713594,-0.3277032,-0.0153137,0.9396493,9.933831,321.0792,354.6149,0.7402922,0.00555016,-0.6722612,-0.2992464,-0.0186064,0.1790977,1.165013,-0.1732087,0.1266485,0.6506112,0.2089601,1.9929,0.7847522,-0.09244251,0.6128771,-0.03488449,0.9806602,0.1925841,-0.618827,-0.1725107,0.7663505,static,18.947453492142596,8.036307987753984,18.08002487495559,5.985721132694636,-0.7299819999999999,-0.19902198,1.9662465,0.3218439625203051,0.13236218917962045,0.9374949023718382,18.578065292889644,7.347506774179317,2.0989272963679997,2.2265082205231472,1.4500015142232687
05/05/2023 11:40:55.162969,4061,True,True,True,True,Eyes,1.982328,0.01520022,-1.833939,-0.3331367,-0.06186536,0.9408467,0.0,0.0,0.0,0.0,0.0,0.0,0.0,-0.3390589,0.3853961,2.5809,1.883524,0.02723045,-1.837426,0.09567567,-0.3295682,-0.01584332,0.9391379,9.744936,320.8643,354.5959,0.739733,0.005541751,-0.6728766,-0.2812916,-0.01749001,0.1683518,1.14583,-0.1654537,0.1265725,0.6506113,0.2089601,1.9929,0.7822675,-0.09282144,0.6159884,-0.03330519,0.9811903,0.1901482,-0.6220516,-0.1692624,0.7644619,static,19.113430519181396,7.856945439495655,18.080027473048364,5.985721132694636,-0.7376940000000001,-0.19268415,1.9639985,0.32469095734764786,0.129293793413293,0.9369411901273091,18.744697242366545,7.171889170745878,2.017365532249832,2.1376160230780417,1.3596986860109181
05/05/2023 11:40:55.183157,4062,True,True,True,True,Eyes,1.977676,0.01557473,-1.833294,-0.3341499,-0.06184404,0.9404888,0.0,0.0,0.0,0.0,0.0,0.0,0.0,-0.322455,0.3624218,2.576166,1.871861,0.02725255,-1.835034,0.09208791,-0.3311749,-0.01839244,0.9388849,9.249715,320.6916,354.4456,0.7391661,0.005550434,-0.6734993,-0.2644141,-0.01644061,0.1582507,1.127714,-0.1499605,0.1279866,0.6506112,0.20896,1.9929,0.7799698,-0.09553118,0.6184828,-0.02645763,0.9823631,0.1851021,-0.6252577,-0.1607376,0.763686,static,19.23388267864079,7.427945898480717,18.08002487495559,5.985718288963392,-0.7441469999999999,-0.17721304999999998,1.9630206000000001,0.32695724202317783,0.1221739677810435,0.9371085888861576,18.873679212882518,6.753680600213278,1.7526470324851071,1.8469998128801441,1.104379155729814
05/05/2023 11:40:55.193339,4063,True,True,True,True,Eyes,1.972723,0.01585942,-1.832609,-0.3353456,-0.06150661,0.9400852,0.0,0.0,0.0,0.0,0.0,0.0,0.0,-0.3066597,0.3489116,2.570044,1.860424,0.02651145,-1.832764,0.08963017,-0.3326547,-0.01950132,0.9385771,8.93276,320.5318,354.4094,0.7385879,0.005572941,-0.6741332,-0.2485493,-0.01545417,0.1487557,1.110315,-0.1401069,0.1289149,0.6506114,0.20896,1.9929,0.7779211,-0.09623876,0.6209483,-0.02302481,0.9831723,0.1812241,-0.6279399,-0.1552752,0.7626146,static,19.334905605519097,7.154182308181678,18.08003007114106,5.985718288963392,-0.7501090000000001,-0.16661835,1.9616789000000001,0.3287912672330785,0.11761573557570622,0.9370500302056152,18.97953708881871,6.486643009250412,1.6385279497212344,1.71464887688072,1.0295816870195236
05/05/2023 11:40:55.213130,4064,True,True,True,True,Eyes,1.967517,0.01610679,-1.831858,-0.3366158,-0.06123459,0.9396489,0.0,0.0,0.0,0.0,0.0,0.0,0.0,-0.2928232,0.347041,2.562116,1.849172,0.02432962,-1.830461,0.08790343,-0.3337722,-0.01757016,0.9383819,8.815033,320.4297,354.6782,0.7379954,0.005604636,-0.6747816,-0.2336363,-0.01452692,0.1398303,1.094518,-0.1351022,0.1300713,0.650611,0.20896,1.9929,0.7765748,-0.09165446,0.6233225,-0.0257044,0.9839286,0.1767028,-0.6295004,-0.1532451,0.7617382,static,19.395751156318163,6.962972048619586,18.08001967876982,5.985718288963392,-0.7546539999999999,-0.15943182,1.9605323,0.32990936308766744,0.11444063870842991,0.9370502011378121,19.04400421859137,6.300194943408536,1.5761864152118374,1.638955225676929,1.0139831158387076
05/05/2023 11:40:55.231185,4065,True,True,True,True,Eyes,1.962097,0.01632755,-1.831029,-0.3381727,-0.06106491,0.9391009,0.0,0.0,0.0,0.0,0.0,0.0,0.0,-0.277211,0.3589358,2.552478,1.837948,0.02362298,-1.828172,0.08845524,-0.3351899,-0.01356546,0.937891,9.022872,320.2789,355.0776,0.7373862,0.005643322,-0.6754469,-0.2196181,-0.01365531,0.1314405,1.077246,-0.1384435,0.1298056,0.6506114,0.2089601,1.9929,0.7749274,-0.08474443,0.6263433,-0.03385276,0.9839833,0.1750167,-0.631143,-0.1568287,0.7596468,static,19.4847470198143,7.044872684818083,18.08003007114106,5.985721132694636,-0.760702,-0.16206647999999998,1.9579776,0.33131508089765505,0.11571959604352594,0.9363970797160315,19.128551584641666,6.3792928011429355,1.6907249948202805,1.7592702226364674,1.1199535805017908
05/05/2023 11:40:55.243754,4066,True,True,True,True,Eyes,1.956464,0.01651718,-1.830118,-0.3397658,-0.06100697,0.9385294,0.0,0.0,0.0,0.0,0.0,0.0,0.0,-0.2601353,0.3726296,2.542758,1.827152,0.02336764,-1.82568,0.08953863,-0.3369543,-0.009588226,0.9372049,9.286451,320.08,355.4486,0.7367598,0.005687364,-0.6761298,-0.2064411,-0.01283599,0.1235541,1.058933,-0.1436079,0.1289477,0.6506112,0.2089601,1.9929,0.7727396,-0.07831311,0.6298734,-0.04236859,0.9837818,0.1742936,-0.6333075,-0.1613705,0.7568893,static,19.616655904791333,7.187403415157002,18.08002487495559,5.985721132694636,-0.7682190000000002,-0.16697554,1.9546277,0.33338160657909244,0.11795752910480743,0.9353837766525636,19.253297199588182,6.517098210193343,1.8719565728638317,1.9507114676030428,1.2879943890560364
05/05/2023 11:40:55.263141,4067,True,True,True,True,Eyes,1.950616,0.01667105,-1.829147,-0.3414611,-0.06126373,0.9378972,0.0,0.0,0.0,0.0,0.0,0.0,0.0,-0.2469372,0.3847263,2.532512,1.816436,0.02278271,-1.822814,0.09074046,-0.3380967,-0.006537376,0.936704,9.530543,319.9496,355.7197,0.7361149,0.005735181,-0.6768316,-0.1940546,-0.01206583,0.1161408,1.043334,-0.1495758,0.1294196,0.6506113,0.2089601,1.9929,0.7712957,-0.07360527,0.6322066,-0.04911093,0.9834469,0.1744144,-0.6345794,-0.1655734,0.7549136,static,19.665138895886873,7.320764350828761,18.080027473048364,5.985721132694636,-0.773102,-0.17235851000000002,1.9522336,0.3340864589606702,0.12010259780369847,0.9348591814463219,19.29696482902313,6.646534788070306,1.9840307284305965,2.0724185429345696,1.384778399419129
05/05/2023 11:40:55.282976,4068,True,True,True,True,Eyes,1.944575,0.01680358,-1.828115,-0.3431022,-0.06187082,0.9372581,0.0,0.0,0.0,0.0,0.0,0.0,0.0,-0.2379531,0.4077879,2.520156,1.805785,0.02208766,-1.820097,0.09425826,-0.3384847,-0.00324943,0.9362334,10.03767,319.8886,355.9297,0.7354504,0.005785114,-0.6775531,-0.1824113,-0.01134188,0.1091724,1.030913,-0.1654978,0.1300297,0.6506113,0.20896,1.9929,0.770835,-0.06989442,0.6331888,-0.05772551,0.9822096,0.1786952,-0.634414,-0.1742957,0.753087,static,19.634006562945416,7.711940721708958,18.080027473048364,5.985718288963392,-0.774872,-0.18758546,1.9501267,0.3333104965874244,0.1265191724266733,0.9342895032595819,19.256072973489353,7.027349689690845,2.2065292719449605,2.3226482512751017,1.5710120922796649
05/05/2023 11:40:55.293031,4069,True,True,True,True,Eyes,1.938352,0.0169398,-1.827016,-0.3449009,-0.06261598,0.9365482,0.0,0.0,0.0,0.0,0.0,0.0,0.0,-0.230675,0.4329778,2.507169,1.795108,0.02176405,-1.817605,0.09863722,-0.3385503,-0.0005196345,0.9357641,10.61744,319.8533,356.0469,0.7347663,0.005836192,-0.6782945,-0.1714666,-0.01066137,0.102622,1.019907,-0.1846202,0.1304908,0.6506113,0.2089601,1.9929,0.7707669,-0.06775983,0.6335039,-0.0658148,0.9805409,0.1849542,-0.6337088,-0.1842505,0.7513088,static,19.557583261521174,8.19798096224153,18.080027473048364,5.985721132694636,-0.775201,-0.20638425000000002,1.9480958,0.33171140548508926,0.1345205037165803,0.9337407028968775,19.168473736261845,7.500765987478458,2.5118812954902947,2.660312887890513,1.8654962288652104
05/05/2023 11:40:55.313101,4070,True,True,True,True,Eyes,1.931936,0.01707453,-1.825858,-0.3466684,-0.06351717,0.9358347,0.0,0.0,0.0,0.0,0.0,0.0,0.0,-0.2216058,0.44848,2.495679,1.784261,0.02205947,-1.815099,0.1018524,-0.3389823,0.0005059793,0.935263,11.00301,319.771,356.0215,0.734062,0.005888497,-0.6790562,-0.1611786,-0.01002169,0.09646472,1.007279,-0.1979927,0.1307908,0.6506113,0.20896,1.9929,0.7701815,-0.06810588,0.6341783,-0.06999878,0.9792517,0.1901746,-0.633972,-0.1908606,0.7494342,static,19.518220121320205,8.533878643338559,18.080027473048364,5.985718288963392,-0.7769820000000001,-0.22005217,1.9458898,0.33081431345227436,0.14003897813571436,0.9332475399299289,19.121048273355203,7.827850176586187,2.756517784028044,2.92600739663326,2.1159334105940606
05/05/2023 11:40:55.333627,4071,True,True,True,True,Eyes,1.765976,0.02020551,-1.795905,-0.39489,-0.08265136,0.9150031,0.0,0.0,0.0,0.0,0.0,0.0,0.0,-0.2125039,0.4567701,2.485208,1.773239,0.02222608,-1.812508,0.1042029,-0.3394874,-2.958306e-05,0.934821,11.23315,319.675,355.8603,0.7333366,0.00594194,-0.6798391,-0.1515079,-0.009420386,0.09067684,0.9941641,-0.20764,0.1314091,0.6506112,0.2089601,1.9929,0.7694966,-0.07080643,0.6347138,-0.07069581,0.9782836,0.1948421,-0.634726,-0.194802,0.7477801,static,16.558741308536693,7.508550205058116,18.08002487495559,5.985721132694636,-0.7790749,-0.22986608,1.9439171,0.2827506060524364,0.12534178594424733,0.9509687502188205,16.26372820169146,6.8498473874737416,2.1354300311569716,2.1525129669973233,2.011379573702813
05/05/2023 11:40:55.343302,4072,True,True,True,True,Eyes,1.765522,0.02018639,-1.795806,-0.3949615,-0.08269373,0.9149684,0.0,0.0,0.0,0.0,0.0,0.0,0.0,-0.2023782,0.4580579,2.475822,1.761915,0.02210139,-1.809872,0.1054514,-0.3401987,-0.001660558,0.9344208,11.29977,319.5562,355.6223,0.7290414,0.006176773,-0.684441,-0.6402977,0.0005377885,0.1750952,0.9798425,-0.2127798,0.132241,0.6506112,0.20896,1.9929,0.7685242,-0.0748522,0.6354272,-0.06864557,0.9777545,0.1982019,-0.6361276,-0.1959422,0.7462897,static,16.641916820580455,7.648098354994757,18.08002487495559,5.985718288963392,-0.7820725,-0.23488119,1.942113,0.2840481180239239,0.1276065352551455,0.9502806171175793,16.34104799206309,6.985073965684195,2.1744452921569866,2.1981042422954107,2.0056800262825107
05/05/2023 11:40:55.363473,4073,True,True,True,True,Eyes,1.764611,0.02014001,-1.795615,-0.3952728,-0.08258557,0.9148437,0.0,0.0,0.0,0.0,0.0,0.0,0.0,-0.1908927,0.4570319,2.467077,1.750592,0.02166762,-1.807413,0.1060825,-0.3411369,-0.003266521,0.934003,11.2993,319.4171,355.4097,0.7255064,0.006379031,-0.688185,-0.6018798,0.0005055212,0.1645895,0.9645635,-0.2156164,0.1328102,0.6506115,0.2089601,1.9929,0.7672299,-0.07847921,0.6365528,-0.06627546,0.9774716,0.2003915,-0.6379388,-0.1959341,0.7447442,static,16.735910927507522,7.723624768173237,18.080032669233677,5.985721132694636,-0.7860284999999999,-0.23728402,1.9402232,0.2855622947189775,0.128798604356277,0.9496657588712261,16.430639546375534,7.057936659192031,2.1680299265749725,2.1970371646357494,1.9672681080609795
05/05/2023 11:40:55.383246,4074,True,True,True,True,Eyes,1.763271,0.02006695,-1.795333,-0.3956979,-0.08242983,0.914674,0.0,0.0,0.0,0.0,0.0,0.0,0.0,-0.1776288,0.4541374,2.458529,1.739035,0.02093468,-1.804848,0.1059363,-0.3423408,-0.004242251,0.933575,11.23855,319.261,355.295,0.7225835,0.006552781,-0.6912518,-0.565767,0.0004751899,0.1547141,0.9479662,-0.215552,0.1334225,0.6506112,0.20896,1.9929,0.7655696,-0.08045355,0.6383028,-0.06461171,0.977519,0.2007036,-0.6401004,-0.1948944,0.7431606,static,16.854532717817662,7.714512842095777,18.08002487495559,5.985718288963392,-0.7910688000000001,-0.23648668,1.9382705,0.28753648799979803,0.1285683171649623,0.949101146930268,16.54651990967984,7.048284264131497,2.086691634538434,2.119094531668367,1.8656591141230285
05/05/2023 11:40:55.393408,4075,True,True,True,True,Eyes,1.761515,0.01996533,-1.794949,-0.3960316,-0.08220726,0.9145496,0.0,0.0,0.0,0.0,0.0,0.0,0.0,-0.1617746,0.4505447,2.450268,1.727406,0.02021579,-1.802397,0.1053283,-0.3439682,-0.004597681,0.9330438,11.15063,319.0643,355.2621,0.720152,0.006701321,-0.6937831,-0.531821,0.0004466785,0.1454313,0.9295659,-0.2135991,0.1334217,0.650611,0.2089601,1.9929,0.7633295,-0.08103887,0.6409062,-0.06387952,0.9777697,0.1997148,-0.6428433,-0.193389,0.7411837,static,17.031228498299377,7.661303007214259,18.08001967876982,5.985721132694636,-0.7978401,-0.23381489,1.9358187,0.2904999211522041,0.12756756984465317,0.9483334559056324,16.72020047951227,6.995340183441545,1.9404026422324288,1.9767492401544706,1.693646622616577
05/05/2023 11:40:55.413285,4076,True,True,True,True,Eyes,1.759361,0.01981419,-1.794476,-0.3964901,-0.08197819,0.9143715,0.0,0.0,0.0,0.0,0.0,0.0,0.0,-0.145278,0.4476559,2.441583,1.715714,0.01936374,-1.79966,0.10451,-0.3457034,-0.004168785,0.9324964,11.07116,318.864,355.3223,0.7181135,0.006827265,-0.6958916,-0.4999117,0.0004198778,0.1367054,0.9106907,-0.2110117,0.1335951,0.6506113,0.2089601,1.9929,0.7609437,-0.08003367,0.6438629,-0.06448416,0.9781206,0.1977927,-0.6456056,-0.192028,0.7391338,static,17.214630604423544,7.588542390029554,18.080027473048364,5.985721132694636,-0.8050233,-0.23037544,1.9332551,0.2935843317878251,0.12623879163273813,0.9475611171115763,16.90094545936323,6.923329026768669,1.7813990035317708,1.821523462157524,1.506433854513944
05/05/2023 11:40:55.433189,4077,True,True,True,True,Eyes,1.756826,0.01960967,-1.79392,-0.3969944,-0.08165582,0.9141815,0.0,0.0,0.0,0.0,0.0,0.0,0.0,-0.1286025,0.4493886,2.432088,1.704047,0.01800052,-1.797065,0.1042577,-0.3474438,-0.002930251,0.9318824,11.08562,318.6629,355.4465,0.7163296,0.006933173,-0.6977268,-0.469917,0.0003946851,0.1285031,0.8918427,-0.2114601,0.1332937,0.6506115,0.20896,1.9929,0.7585485,-0.07790867,0.6469424,-0.06698608,0.9782435,0.196348,-0.6481644,-0.1922756,0.7368264,static,17.399724426013684,7.594447050494809,18.080032669233677,5.985718288963392,-0.8122043000000001,-0.22946062,1.9303587,0.29664492248141416,0.126211506050864,0.9466110538229789,17.081219271930244,6.927846728000553,1.6988346329268642,1.7466618258757132,1.3730383091070046
05/05/2023 11:40:55.443621,4078,True,True,True,True,Eyes,1.753923,0.01935613,-1.793293,-0.3976308,-0.08147359,0.9139212,0.0,0.0,0.0,0.0,0.0,0.0,0.0,-0.1117966,0.4567609,2.421554,1.692497,0.01646147,-1.794502,0.1051412,-0.3492497,-0.001473427,0.9311111,11.23111,318.4407,355.5452,0.7146807,0.007020982,-0.6994147,-0.441722,0.000371004,0.1207929,0.8728546,-0.2169174,0.1322389,0.6506112,0.20896,1.9929,0.756045,-0.0761849,0.6500707,-0.0706972,0.9778864,0.1968254,-0.6506904,-0.194767,0.7339399,static,17.58930716833083,7.7299899142734425,18.08002487495559,5.985718288963392,-0.8196423999999999,-0.23337887000000002,1.9267409,0.29969364835467516,0.128322430998302,0.9453661881113152,17.26237480072982,7.05847059162319,1.74978957175526,1.8119843736789867,1.3488325124874871
05/05/2023 11:40:55.462982,4079,True,True,True,True,Eyes,1.750675,0.01905498,-1.792569,-0.3982573,-0.08132667,0.9136614,0.0,0.0,0.0,0.0,0.0,0.0,0.0,-0.09437275,0.4668185,2.410481,1.680805,0.0150465,-1.792181,0.1066493,-0.351143,1.893418e-05,0.9302282,11.44514,318.1997,355.6194,0.7131475,0.00709066,-0.7009773,-0.4152187,0.0003487438,0.1135453,0.853389,-0.2249041,0.130426,0.6506111,0.20896,1.9929,0.7533972,-0.07486306,0.6532903,-0.07493352,0.9772519,0.198403,-0.6532822,-0.1984296,0.7306491,static,17.79353555733902,7.9396334496767675,18.080022276862742,5.985718288963392,-0.8274160000000002,-0.2399506,1.922607,0.3029285593294138,0.13163942413033297,0.9438778565385348,17.45580993059123,7.261096120018581,1.8936822780309734,1.9748060906653695,1.4199400216857134
05/05/2023 11:40:55.483155,4080,True,True,True,True,Eyes,1.747089,0.01869033,-1.791778,-0.399049,-0.08130629,0.9133177,0.0,0.0,0.0,0.0,0.0,0.0,0.0,-0.0760957,0.4752091,2.39923,1.669001,0.01362956,-1.78946,0.1080451,-0.3532782,0.0009682372,0.9292578,11.62396,317.9247,355.6355,0.7117137,0.007142197,-0.7024325,-0.3903055,0.0003278191,0.1067326,0.8328164,-0.2323309,0.1285879,0.6506113,0.20896,1.9929,0.7503872,-0.07454045,0.6567822,-0.07813941,0.9766507,0.2001193,-0.6563637,-0.2014876,0.7270416,static,18.015982554646676,8.125843280332209,18.080027473048364,5.985718288963392,-0.8361846,-0.24596046000000002,1.9180479000000001,0.3064700813414113,0.13454615752882737,0.9423234365464287,17.66763651891713,7.440800206909021,2.0412102036841118,2.141083074113299,1.512392041430263
05/05/2023 11:40:55.502939,4081,True,True,True,True,Eyes,1.743172,0.01826259,-1.790913,-0.3999286,-0.08149359,0.9129162,0.0,0.0,0.0,0.0,0.0,0.0,0.0,-0.05655956,0.4839886,2.388121,1.657352,0.01176908,-1.787067,0.1095175,-0.355675,0.001686683,0.9281695,11.80032,317.6133,355.619,0.7103645,0.007174922,-0.7037966,-0.3668872,0.00030815,0.1003286,0.8113326,-0.2404846,0.1258442,0.6506112,0.20896,1.9929,0.746985,-0.07477423,0.6606227,-0.08103633,0.9760062,0.2021018,-0.6598839,-0.2045015,0.7230025,static,18.26530234894317,8.309059446368714,18.08002487495559,5.985718288963392,-0.8460194,-0.25225368,1.9129112,0.31044608535671553,0.13737243854073103,0.9406126300170288,17.90573990755579,7.617413299656346,2.2113360349132702,2.330717030456661,1.6409764951948054
05/05/2023 11:40:55.512976,4082,True,True,True,True,Eyes,1.738937,0.01777472,-1.789976,-0.4009989,-0.08178862,0.9124202,0.0,0.0,0.0,0.0,0.0,0.0,0.0,-0.03594053,0.4952257,2.376067,1.645575,0.009863865,-1.784438,0.1114919,-0.3583108,0.002565489,0.9269178,12.03599,317.2661,355.5936,0.7090859,0.007188251,-0.7050846,-0.344874,0.000289661,0.09430893,0.788787,-0.2508334,0.122539,0.6506113,0.20896,1.9929,0.7432137,-0.07514148,0.6648213,-0.08465347,0.975126,0.2048491,-0.6636771,-0.2085261,0.7183658,static,18.535645469642112,8.548921986817911,18.080027473048364,5.985718288963392,-0.856788,-0.260697265,1.906977,0.31471416100184035,0.14110021483195323,0.9386404230428383,18.162810429946866,7.849003007573463,2.461269762311802,2.6033825987578507,1.865122773588557
05/05/2023 11:40:55.533060,4083,True,True,True,True,Eyes,1.734422,0.01721868,-1.788953,-0.402234,-0.08202265,0.9118553,0.0,0.0,0.0,0.0,0.0,0.0,0.0,-0.01423907,0.5036225,2.364396,1.633785,0.007960536,-1.781822,0.1128794,-0.361162,0.003348883,0.9256399,12.20384,316.8982,355.5794,0.7078656,0.007181752,-0.7063097,-0.3241815,0.0002722813,0.08865039,0.7653499,-0.2587032,0.1190515,0.6506112,0.20896,1.9929,0.7391017,-0.07533576,0.6693679,-0.0877352,0.974494,0.2065523,-0.6678558,-0.2113903,0.7136406,static,18.820385039923945,8.722026970829624,18.08002487495559,5.985718288963392,-0.8684351,-0.26666373600000004,1.9008735,0.31925403282511444,0.1437053384078041,0.9367100043477234,18.435714215975977,8.015543194955722,2.6731365154951354,2.8346989921909675,2.0607532740001377
05/05/2023 11:40:55.543270,4084,True,True,True,True,Eyes,1.729607,0.0166187,-1.787857,-0.4037632,-0.08232622,0.9111519,0.0,0.0,0.0,0.0,0.0,0.0,0.0,0.01211882,0.507796,2.353486,1.622123,0.005816456,-1.779208,0.1133078,-0.3649477,0.003951733,0.924099,12.25715,316.4242,355.5748,0.7066941,0.007154691,-0.7074822,-0.3047306,0.0002559444,0.08333137,0.7381824,-0.2627431,0.1142373,0.6506113,0.2089601,1.9929,0.7335951,-0.07539926,0.6753912,-0.09000643,0.9742915,0.2065309,-0.6736001,-0.2122996,0.707949,static,19.198059693969995,8.778684246344367,18.080027473048364,5.985721132694636,-0.8839406,-0.26855955600000003,1.8934453,0.3253924940003017,0.14431255686257016,0.9345018586537904,18.802351523709422,8.06816530128246,2.8317636208654107,3.008427995021147,2.2041610080592653
05/05/2023 11:40:55.563286,4085,True,True,True,True,Eyes,1.724491,0.01601244,-1.786674,-0.4051903,-0.08245864,0.9105061,0.0,0.0,0.0,0.0,0.0,0.0,0.0,0.04124761,0.5138357,2.341542,1.610279,0.004182816,-1.776381,0.1142597,-0.3693043,0.004606533,0.9222461,12.36588,315.8707,355.5437,0.7055618,0.007107376,-0.708612,-0.2864468,0.0002405878,0.07833149,0.7085608,-0.268488,0.1080728,0.6506112,0.2089601,1.9929,0.7271863,-0.07589651,0.6822315,-0.09288994,0.973847,0.2073488,-0.6801261,-0.2141536,0.7011182,static,19.65748136747497,8.914511360649447,18.08002487495559,5.985721132694636,-0.9017182,-0.272670816,1.8844538,0.33278550766494636,0.1461282405375293,0.931611672247369,19.246543490878988,8.197276312813365,3.130018144867026,3.326587017523386,2.500348374928147
05/05/2023 11:40:55.583125,4086,True,True,True,True,Eyes,1.719068,0.01536506,-1.78542,-0.407032,-0.08220732,0.9097071,0.0,0.0,0.0,0.0,0.0,0.0,0.0,0.07217813,0.5075848,2.331332,1.598044,0.003379505,-1.77319,0.113107,-0.3740702,0.003982255,0.9204687,12.19281,315.2826,355.4648,0.7044594,0.007041547,-0.7097086,-0.26926,0.0002261525,0.0736316,0.6767476,-0.2642035,0.1025025,0.6506113,0.2089601,1.9929,0.7201113,-0.07728884,0.6895406,-0.09195101,0.9743819,0.2052436,-0.687739,-0.2112022,0.6945565,static,20.12769486432812,8.81199425958418,18.080027473048364,5.985721132694636,-0.9212964,-0.267583005,1.8756925,0.3405252759318817,0.14403720946105505,0.9291371906334284,19.707679678967153,8.094410590497864,3.291654707320201,3.4900947742272623,2.6637985909003654
05/05/2023 11:40:55.594844,4087,True,True,True,True,Eyes,1.713348,0.0146813,-1.784114,-0.4091127,-0.08171801,0.9088173,0.0,0.0,0.0,0.0,0.0,0.0,0.0,0.1102254,0.4864462,2.323531,1.585474,0.001660492,-1.770267,0.1084642,-0.3801267,0.002927516,0.9185482,11.6238,314.5775,355.4864,0.7033789,0.006957385,-0.7107804,-0.2531044,0.0002125834,0.0692137,0.6392625,-0.2459894,0.09573475,0.6506115,0.2089601,1.9929,0.7109903,-0.07708217,0.6989645,-0.08783843,0.9764539,0.1970336,-0.6976943,-0.2014849,0.6874784,static,20.726326860925763,8.301182234273147,18.080032669233677,5.985721132694636,-0.9462115000000001,-0.247649892,1.8660017500000001,0.3506547299180179,0.1352093917593397,0.926692829369652,20.305005520574014,7.593428735348612,3.350566427055066,3.5162811409081676,2.745036962380095
05/05/2023 11:40:55.613475,4088,True,True,True,True,Eyes,1.563275,-0.00304018,-1.749827,-0.4753776,-0.06483258,0.8773898,0.0,0.0,0.0,0.0,0.0,0.0,0.0,0.1584893,0.475873,2.312468,1.573142,-3.132224e-05,-1.767571,0.1056477,-0.3881757,0.003243231,0.915504,11.3008,313.6054,355.5502,0.7023134,0.006855288,-0.7118344,-0.2379181,0.0001998284,0.06506088,0.5941973,-0.2357679,0.08302526,0.6506113,0.2089601,1.9929,0.6986182,-0.07608139,0.7114381,-0.08795816,0.9776561,0.190924,-0.7100676,-0.1959598,0.6763164,static,17.47252980159227,8.791677343291962,18.080027473048364,5.985721132694636,-0.9789447,-0.23573657776,1.85059626,0.2970337004419091,0.1459440543168579,0.9436478691580883,17.1199221037048,8.092250145203714,2.7662799151641924,2.8709656348717036,2.3150090282296563
05/05/2023 11:40:55.632958,4089,True,True,True,True,Eyes,1.562774,-0.00310484,-1.749687,-0.4759029,-0.06461393,0.8771212,0.0,0.0,0.0,0.0,0.0,0.0,0.0,0.2105582,0.4665263,2.2995,1.560618,-0.001394589,-1.764695,0.1031559,-0.3970218,0.00366498,0.9119865,11.01487,312.5254,355.6047,0.6969178,0.005684838,-0.717128,-0.6738639,-0.05297659,0.1640174,0.5459269,-0.2266009,0.06786974,0.6506112,0.2089601,1.9929,0.6847205,-0.07522548,0.7249131,-0.08859513,0.9786909,0.1852435,-0.7234009,-0.1910638,0.6634652,static,18.543970221287225,8.567986947420003,18.08002487495559,5.985721132694636,-1.0146911,-0.225206311,1.8325647399999998,0.31483664076264295,0.141406485681368,0.9385532617323507,18.170411693164933,7.867497708853982,2.480212977170373,2.623612399399356,1.8839460872031346
05/05/2023 11:40:55.643241,4090,True,True,True,True,Eyes,1.561775,-0.003205331,-1.749437,-0.4771933,-0.0644797,0.8764297,0.0,0.0,0.0,0.0,0.0,0.0,0.0,0.2743286,0.4515015,2.284909,1.54829,-0.003091358,-1.76145,0.09959926,-0.4083671,0.003026979,0.9073629,10.55723,311.1298,355.5747,0.6925651,0.00473183,-0.7213393,-0.6334321,-0.04979799,0.1541764,0.4880613,-0.212766,0.04701954,0.6506113,0.2089601,1.9929,0.6664544,-0.07585298,0.7416772,-0.08683926,0.9801416,0.1782731,-0.7404712,-0.1832176,0.6466326,static,19.875633115778886,8.211822952866331,18.080027473048364,5.985721132694636,-1.0602287,-0.20967464200000002,1.80846954,0.33689120881549195,0.1344836619861432,0.9318897758859161,19.478141670443755,7.512124894686748,2.706948974668861,2.860022541515613,2.069935205165183
05/05/2023 11:40:55.663099,4091,True,True,True,True,Eyes,1.56031,-0.003062124,-1.749043,-0.4789332,-0.06487533,0.8754509,0.0,0.0,0.0,0.0,0.0,0.0,0.0,0.332191,0.4576879,2.265223,1.535664,-0.004030019,-1.758631,0.1004723,-0.4185016,0.004320783,0.9026313,10.66086,309.8351,355.5473,0.6890427,0.003951622,-0.7247096,-0.5954261,-0.04681011,0.1449258,0.4352318,-0.2176125,0.02519672,0.6506114,0.2089601,1.992901,0.6496755,-0.07629547,0.7563735,-0.09189577,0.9797733,0.1777623,-0.7546371,-0.1849954,0.6295235,static,21.057711689925455,8.37252010847568,18.08002158929082,5.98571815097921,-1.1004322,-0.213582481,1.7838277200000001,0.3559662483301522,0.13607101740846267,0.9245392393440319,20.626122940703265,7.660641801686825,3.6432015386217786,3.816210413450297,3.0476222415785084
05/05/2023 11:40:55.673393,4092,True,True,True,True,Eyes,1.558326,-0.002872271,-1.748461,-0.4811515,-0.06410904,0.8742902,0.0,0.0,0.0,0.0,0.0,0.0,0.0,0.3907101,0.4714683,2.241792,1.522742,0.002140958,-1.755511,0.1046671,-0.4288337,0.005807668,0.8972808,11.11697,308.4597,355.3617,0.6861796,0.003320736,-0.7274242,-0.5597005,-0.0440015,0.1362303,0.3818308,-0.2293719,0.00043099,0.6506112,0.20896,1.9929,0.6321359,-0.0793473,0.7707843,-0.1001917,0.9780222,0.1828504,-0.7683527,-0.1928125,0.6102929,static,22.26229471311629,9.02139397143377,18.08002487495559,5.985718288963392,-1.1409112000000001,-0.231512858,1.75594199,0.37482277656004837,0.1453717509727712,0.9156282154722721,21.782884033517906,8.28399772061424,4.933290911049039,5.167853311417684,4.3581250893128525
05/05/2023 11:40:55.693608,4093,True,True,True,True,Eyes,1.555992,-0.002756906,-1.747759,-0.4831862,-0.06351618,0.8732106,0.0,0.0,0.0,0.0,0.0,0.0,0.0,0.4331063,0.4013509,2.234116,1.508545,0.003205411,-1.750491,0.09098966,-0.4362608,-0.0003682783,0.8952079,9.357146,307.6563,355.3465,0.6838373,0.002812964,-0.7296288,-0.5261185,-0.04136141,0.1280565,0.3382867,-0.1673976,-0.006932065,0.6506112,0.20896,1.9929,0.6193527,-0.08004982,0.7810212,-0.07873107,0.9834415,0.1632307,-0.7811553,-0.162588,0.6027948,static,22.98882479987444,7.3621745712265385,18.08002487495559,5.985718288963392,-1.1702583,-0.170603011,1.743558935,0.38781781913794255,0.11811207350740263,0.914137209720436,22.53584064682953,6.664785423581192,5.000121213355025,5.098131873526319,4.507263733818844
05/05/2023 11:40:55.713024,4094,True,True,True,True,Eyes,1.553234,-0.002419113,-1.746899,-0.4853915,-0.06342792,0.8719932,0.0,0.0,0.0,0.0,0.0,0.0,0.0,0.4694814,0.4061301,2.216208,1.497223,0.001466606,-1.747928,0.08993057,-0.4420432,0.007065242,0.8924464,9.599649,306.9733,356.1097,0.681905,0.00240211,-0.7314366,-0.4945514,-0.03887973,0.1203731,0.3043937,-0.1688386,-0.01970145,0.6506116,0.2089601,1.9929,0.6090959,-0.06689568,0.7902704,-0.09211709,0.9837251,0.1542701,-0.7877288,-0.1667627,0.5930206,static,23.606073728913255,7.316125209507722,18.08003526732622,5.985721132694636,-1.1928293,-0.17030520600000001,1.72822655,0.39770345993775147,0.116839694588073,0.9100442812721383,23.138787770368147,6.615886864351118,5.5870563330493415,5.683931393546203,5.097851090056192
05/05/2023 11:40:55.731739,4095,True,True,True,True,Eyes,1.553234,-0.002419113,-1.746899,-0.4853915,-0.06342792,0.8719932,0.0,0.0,0.0,0.0,0.0,0.0,0.0,0.4912573,0.4309174,2.194423,1.484372,0.007117767,-1.743302,0.09502649,-0.4449861,0.01592133,0.8903393,10.56677,306.5855,356.7215,0.6801789,0.002058523,-0.733043,-0.4648783,-0.03654695,0.1131507,0.2803006,-0.1898398,-0.02573686,0.6506114,0.20896,1.9929,0.6034678,-0.05622016,0.795403,-0.1129217,0.9814329,0.1550421,-0.7893513,-0.1833812,0.5859147,static,24.052498695802942,8.029169806334172,18.08003007114106,5.985718288963392,-1.2040714000000001,-0.196957567,1.7175651399999998,0.4042337217199221,0.12775659657541844,0.9056895165617975,23.554752424542954,7.3067075840882625,6.158195822071668,6.312374796890275,5.631837849643123
05/05/2023 11:40:55.747147,4096,True,True,True,True,Eyes,1.553234,-0.002419113,-1.746899,-0.4853915,-0.06342792,0.8719932,0.0,0.0,0.0,0.0,0.0,0.0,0.0,0.5067038,0.3699988,2.189791,1.470993,0.01006094,-1.739227,0.08310467,-0.4471162,0.01237327,0.8905211,9.153354,306.436,356.9647,0.6786218,0.001749248,-0.7344853,-0.4369856,-0.03435413,0.1063616,0.2582274,-0.1349672,-0.02260898,0.6506112,0.20896,1.9929,0.5998681,-0.05227755,0.7983893,-0.09635219,0.985881,0.1369483,-0.7942761,-0.1590775,0.5863616,static,24.23916080250079,6.520127599676789,18.08002487495559,5.985718288963392,-1.2127656,-0.14502814,1.71661802,0.40833494079666244,0.10365414869978146,0.9069280807957851,23.77738774697031,5.837195439088924,6.132749605966216,6.182276982257852,5.699298442119577
05/05/2023 11:40:55.763472,4097,True,True,True,True,Eyes,1.549043,-0.001779109,-1.745712,-0.4877,-0.06333555,0.8707107,0.0,0.0,0.0,0.0,0.0,0.0,0.0,0.5245367,0.3888948,2.173017,1.459655,0.01174331,-1.737138,0.08730147,-0.4495234,0.01576906,0.8888522,9.751387,306.095,357.0655,0.6772178,0.001470885,-0.7357807,-0.4107665,-0.03229288,0.09997994,0.2376652,-0.1529568,-0.02885652,0.6506113,0.20896,1.9929,0.5953602,-0.05045538,0.8018731,-0.1065208,0.9842596,0.1410191,-0.7963664,-0.1693733,0.5806143,static,24.434926999776607,7.08233766108541,18.080027473048364,5.985718288963392,-1.2219898,-0.16470011,1.7082814800000001,0.4110381860133134,0.11239846223600143,0.9046623681319785,23.953070964378128,6.3829187621132615,6.364862382655642,6.44882330678428,5.886459722695925
05/05/2023 11:40:55.773262,4098,True,True,True,True,Eyes,1.544534,-0.001132324,-1.744492,-0.4900779,-0.0631012,0.8693917,0.0,0.0,0.0,0.0,0.0,0.0,0.0,0.5408861,0.4000713,2.155385,1.446416,0.01490563,-1.733769,0.09082814,-0.4517795,0.01654381,0.8873397,10.14496,305.7626,356.9306,0.6758779,0.001247576,-0.7370121,-0.3861205,-0.03035531,0.09398114,0.2159555,-0.165017,-0.03312125,0.6506112,0.20896,1.9929,0.5912431,-0.05270863,0.8047691,-0.1114286,0.9829531,0.1462425,-0.7987585,-0.1761391,0.5752911,static,24.596437198047525,7.5548715702490306,18.08002487495559,5.985718288963392,-1.2304605,-0.17992263,1.70064775,0.4132303885584519,0.11972519592713944,0.9027217516880706,24.0977778475011,6.841615768055107,6.5844374513270365,6.702676449353191,6.078314843218954
05/05/2023 11:40:55.793351,4099,True,True,True,True,Eyes,1.539731,-0.0005272118,-1.743307,-0.4925455,-0.06386589,0.8679401,0.0,0.0,0.0,0.0,0.0,0.0,0.0,0.5563263,0.3881907,2.143944,1.434341,0.015731,-1.731792,0.0892878,-0.4539755,0.01365576,0.8864241,9.828082,305.4777,356.6918,0.6745889,0.001074261,-0.7381923,-0.3629533,-0.02853399,0.08834227,0.1954518,-0.1558851,-0.03641262,0.6506113,0.20896,1.9929,0.5874396,-0.05685935,0.8072681,-0.1052785,0.9836824,0.1458949,-0.8023909,-0.1706924,0.571868,static,24.692900531460516,7.303162715955784,18.080027473048364,5.985718288963392,-1.2388892,-0.1716161,1.69537938,0.41495093788032733,0.1156587565050523,0.9024625808639901,24.198596498948458,6.5960673246516,6.642691127646138,6.742829517708912,6.148935913641444
05/05/2023 11:40:55.813217,4100,True,True,True,True,Eyes,1.534617,7.455779e-05,-1.742114,-0.4951802,-0.06491441,0.8663617,0.0,0.0,0.0,0.0,0.0,0.0,0.0,0.5756123,0.4268001,2.12306,1.422969,0.01552282,-1.730835,0.09769179,-0.456649,0.01718724,0.8841,10.86151,305.0396,356.5657,0.6733377,0.000944183,-0.739334,-0.3411761,-0.02682195,0.08304173,0.1743924,-0.1934388,-0.04679229,0.6506111,0.20896,1.9929,0.5823527,-0.05883123,0.8108047,-0.1196122,0.9803218,0.1570415,-0.8040885,-0.1884357,0.5638562,static,24.93366679684691,8.33191320923953,18.080022276862742,5.985718288963392,-1.2485765999999998,-0.20896162,1.68404271,0.41789962252201535,0.13164732199655338,0.898904218719476,24.4055718619317,7.595428725695509,7.060333437086638,7.244106142943971,6.5271544522318745
05/05/2023 11:40:55.833195,4101,True,True,True,True,Eyes,1.529214,0.000698124,-1.740944,-0.4981715,-0.06604059,0.8645598,0.0,0.0,0.0,0.0,0.0,0.0,0.0,0.5987158,0.4422507,2.103995,1.410512,0.01611686,-1.729461,0.1013561,-0.4600669,0.01930986,0.8818688,11.33431,304.5547,356.5383,0.6721129,0.0008529928,-0.7404478,-0.3207055,-0.02521263,0.07805923,0.1493022,-0.209562,-0.0570296,0.6506112,0.20896,1.9929,0.5759311,-0.05920367,0.8153517,-0.1273187,0.9787081,0.160998,-0.807523,-0.1965333,0.5561307,moving,25.21349840130313,8.754101109087635,18.08002487495559,5.985718288963392,-1.2612098,-0.22567886,1.6724314,0.4219175453290308,0.13798439234521992,0.8960723983744195,24.6669776800776,8.004355214871127,7.428086119470171,7.651822527336887,6.889328145439361
05/05/2023 11:40:55.843719,4102,True,True,True,True,Eyes,1.523518,0.001369844,-1.739797,-0.5014743,-0.06716167,0.8625618,0.0,0.0,0.0,0.0,0.0,0.0,0.0,0.6266333,0.4404832,2.087532,1.398329,0.01731033,-1.728832,0.1015742,-0.4645128,0.01942286,0.8795074,11.34492,303.9686,356.4799,0.6709044,0.0007978522,-0.7415431,-0.3014632,-0.02369987,0.07337568,0.1185635,-0.2112401,-0.07214727,0.6474234,0.2069336,1.993154,0.5677012,-0.06019995,0.8210307,-0.1285302,0.9786109,0.1606262,-0.8131392,-0.1967149,0.5478211,moving,25.571159869973425,8.73466181903703,17.995018219619077,5.927336786524863,-1.2797655,-0.22855042999999997,1.6566847299999998,0.4275452228864233,0.1372794352129875,0.8935096313703176,25.016156804193024,7.983069277614053,7.852412613314772,8.0795418276288,7.315902070060316
05/05/2023 11:40:55.868017,4103,True,True,True,True,Eyes,1.523518,0.001369844,-1.739797,-0.5014743,-0.06716167,0.8625618,0.0,0.0,0.0,0.0,0.0,0.0,0.0,0.6601795,0.4388819,2.068618,1.385767,0.01915865,-1.72827,0.1019675,-0.470109,0.01971174,0.8764769,11.37781,303.2278,356.414,0.6697019,0.0007773165,-0.7426292,-0.2833754,-0.02227788,0.06897314,0.08323128,-0.2131963,-0.09122168,0.6440896,0.2048144,1.993418,0.5572179,-0.06131796,0.8280993,-0.1304255,0.9784281,0.160211,-0.8200594,-0.1972777,0.5372003,moving,26.308726798353632,8.827507604151174,17.906067505411407,5.866289149393304,-1.30253572,-0.23235495,1.63704832,0.4389743868663243,0.13788398523154277,0.8878566982283351,25.73264851860263,8.068515626310152,8.66593575399415,8.909180542006482,8.130508705590255
05/05/2023 11:40:55.883184,4104,True,True,True,True,Eyes,1.523518,0.001369844,-1.739797,-0.5014743,-0.06716167,0.8625618,0.0,0.0,0.0,0.0,0.0,0.0,0.0,0.6929173,0.4111283,2.054155,1.372822,0.02107254,-1.727319,0.09673664,-0.475686,0.01762092,0.8741022,10.71241,302.5549,356.4274,0.668618,0.0007588297,-0.7436053,-0.2663729,-0.02094121,0.06483475,0.04727069,-0.1898517,-0.1071045,0.6409576,0.2028236,1.993666,0.5468248,-0.06122755,0.8350053,-0.1228375,0.980663,0.1523514,-0.828187,-0.1858795,0.5287298,moving,26.98907578932268,8.186221088269214,17.822441384463946,5.808942886268664,-1.32555131,-0.21092424,1.6202145000000001,0.45013722026076947,0.12714929463820634,0.8838606010598237,26.41315034307093,7.440042244222403,9.279622187307375,9.469880567464765,8.744184669081926
05/05/2023 11:40:55.893045,4105,True,True,True,True,Eyes,1.516544,0.002064842,-1.738651,-0.5066832,-0.06745312,0.8594896,0.0,0.0,0.0,0.0,0.0,0.0,0.0,0.7233335,0.3876767,2.039593,1.360709,0.02071429,-1.726698,0.09149069,-0.4807053,0.01804199,0.8719097,10.1886,301.9685,356.7092,0.6676412,0.0007421893,-0.7444825,-0.2503905,-0.01968474,0.06094467,0.01426329,-0.1709645,-0.1227622,0.6373424,0.2005258,1.993953,0.5371938,-0.05649814,0.8415645,-0.1194221,0.9826079,0.1421975,-0.8349618,-0.176889,0.5211037,moving,27.261727153840326,7.513623999683719,17.72583565045265,5.742754355214182,-1.34644571,-0.19167879,1.6039358000000001,0.4549397387329938,0.11644642378233433,0.8828761099825925,26.697064722198842,6.783807794355235,9.55951371385151,9.698928088303619,9.031430856785176
05/05/2023 11:40:55.913009,4106,True,True,True,True,Eyes,1.509384,0.002733566,-1.737555,-0.5119846,-0.06791333,0.8563058,0.0,0.0,0.0,0.0,0.0,0.0,0.0,0.7516099,0.389633,2.021021,1.349192,0.02007664,-1.726423,0.09150993,-0.485162,0.02217041,0.8693402,10.40582,301.4032,357.0717,0.666616,0.0007574736,-0.7454006,-0.2353671,-0.01850365,0.05728798,-0.01494614,-0.1767131,-0.1391612,0.6346409,0.1988087,1.994168,0.5282526,-0.05024702,0.8475993,-0.1273416,0.9822688,0.137594,-0.8394841,-0.180619,0.5124875,moving,27.509403051834298,7.521454856520259,17.653591553784512,5.693293873821313,-1.3641381399999999,-0.19678974000000002,1.5872618,0.4587592843386571,0.11631030944783338,0.8809153790754943,26.938292810690292,6.789784644415014,9.88022194765074,10.023931008529194,9.349222932414486
05/05/2023 11:40:55.933091,4107,True,True,True,True,Eyes,1.501986,0.003410063,-1.73663,-0.5191145,-0.06929611,0.8518909,0.0,0.0,0.0,0.0,0.0,0.0,0.0,0.7775425,0.3970799,2.00214,1.337722,0.02012152,-1.726529,0.09316739,-0.4891747,0.02543669,0.8668224,10.74307,300.8671,357.255,0.6655407,0.0008004953,-0.7463609,-0.2212451,-0.01739343,0.0538507,-0.04239589,-0.1882615,-0.1558631,0.6314304,0.1967682,1.994422,0.5201223,-0.04705208,0.8527948,-0.1352484,0.9813457,0.1366332,-0.8433153,-0.1864051,0.504056,moving,27.581747868204513,7.6750019265639,17.567692982250787,5.634524961062709,-1.3801178900000002,-0.20838302,1.5706659,0.45974564549426555,0.11860253886608337,0.8800950515130581,27.004677317672428,6.938703774668874,10.060405330646756,10.21982590388088,9.526676006081692
05/05/2023 11:40:55.943401,4108,True,True,True,True,Eyes,1.494416,0.004105757,-1.735763,-0.5262423,-0.07084644,0.8473781,0.0,0.0,0.0,0.0,0.0,0.0,0.0,0.803543,0.4105331,1.982036,1.326347,0.0212191,-1.727148,0.09674799,-0.4932981,0.02714915,0.8640369,11.18473,300.2762,357.1641,0.6644098,0.0008689541,-0.7473677,-0.2079704,-0.01634983,0.05061966,-0.06972446,-0.2053924,-0.1744275,0.6282161,0.194725,1.994677,0.5118397,-0.04853549,0.8577087,-0.1423669,0.9798055,0.1404024,-0.8472022,-0.1939729,0.4945936,moving,27.678072363919718,8.063086359281051,17.481627164936402,5.5756795219625195,-1.39607146,-0.2266115,1.5527205,0.46089040402759096,0.12447770003926509,0.8786837647286951,27.08811612998833,7.315665045559416,10.299568974661227,10.495460326741696,9.762795698875973
05/05/2023 11:40:55.963640,4109,True,True,True,True,Eyes,1.48666,0.004796117,-1.734988,-0.5333437,-0.07209408,0.8428208,0.0,0.0,0.0,0.0,0.0,0.0,0.0,0.8288489,0.4191809,1.962442,1.314748,0.02244436,-1.727661,0.09944954,-0.4973986,0.02761748,0.8613604,11.46665,299.6892,356.9963,0.6632219,0.0009613154,-0.7484219,-0.1954921,-0.01536884,0.04758248,-0.09713276,-0.2176452,-0.192574,0.6250333,0.1927019,1.99493,0.5036637,-0.05135492,0.8623721,-0.1465094,0.9786941,0.14385,-0.851386,-0.1987976,0.4854088,moving,27.760875227286554,8.351415589513831,17.396342093302916,5.517414775294549,-1.41188076,-0.24008956,1.5350869999999999,0.46190148438124456,0.12882153908661964,0.877526061953224,27.16106252425506,7.5956557432812115,10.519411016036669,10.745003848321332,9.983428800551058
05/05/2023 11:40:55.983340,4110,True,True,True,True,Eyes,1.478768,0.005466842,-1.734277,-0.5403711,-0.07335821,0.8382229,0.0,0.0,0.0,0.0,0.0,0.0,0.0,0.8515853,0.4132572,1.946693,1.303232,0.02289509,-1.728194,0.09864127,-0.5010055,0.02728043,0.8593714,11.35423,299.2144,356.9626,0.6619751,0.001075102,-0.7495248,-0.1837626,-0.01444671,0.04472753,-0.1232063,-0.2156341,-0.2076777,0.6216671,0.1905623,1.995197,0.4964985,-0.05195161,0.8664817,-0.1457277,0.9790514,0.1422037,-0.8557177,-0.1968743,0.4785267,moving,27.745164749593627,8.174939807504979,17.306084361966573,5.455800033696577,-1.4264383,-0.23852919,1.5205163,0.46182225697606977,0.12612394710460467,0.8779595296494636,27.15050424596881,7.424051769553059,10.574486320144663,10.7874056403218,10.03925384419782
05/05/2023 11:40:55.993369,4111,True,True,True,True,Eyes,1.470727,0.006141771,-1.733645,-0.5473049,-0.07451265,0.8336097,0.0,0.0,0.0,0.0,0.0,0.0,0.0,0.8726889,0.4140151,1.930476,1.29218,0.02310154,-1.729007,0.09912939,-0.5041667,0.02867701,0.8574189,11.47303,298.7901,357.0299,0.6606694,0.001207453,-0.7506757,-0.1727369,-0.0135799,0.04204388,-0.1466953,-0.2206377,-0.2222831,0.6185721,0.1885949,1.995442,0.4899872,-0.05077904,0.8702495,-0.1491319,0.978702,0.1410748,-0.8588786,-0.1989068,0.4719787,moving,27.69606896261933,8.182499778794677,17.22304534745737,5.399148945584034,-1.4388753,-0.24373924,1.5067239,0.46105957578712853,0.12629624422990074,0.8783354978460888,27.10244097747219,7.4317330788291045,10.619995991003014,10.836570744680925,10.086320254338329
05/05/2023 11:40:56.013292,4112,True,True,True,True,Eyes,1.462551,0.006805852,-1.733078,-0.554148,-0.07548261,0.8289887,0.0,0.0,0.0,0.0,0.0,0.0,0.0,0.8931366,0.4117307,1.914828,1.280854,0.02380289,-1.729921,0.09914196,-0.5072361,0.02912097,0.8555901,11.48972,298.3782,357.0317,0.6593038,0.001356861,-0.7518752,-0.1623726,-0.01276511,0.03952125,-0.1702036,-0.2223544,-0.2365469,0.6154058,0.1865825,1.995693,0.483727,-0.05074554,0.8737466,-0.150408,0.9786457,0.1401073,-0.8621982,-0.1991922,0.4657648,moving,27.63091865996744,8.134117676648472,17.138034320228492,5.341204471971866,-1.4510576,-0.24615729,1.4933741,0.4601000576675006,0.12562495365119342,0.8789346978010372,27.040235282819733,7.385090096275487,10.643058354816858,10.858222043041659,10.110937263615966
05/05/2023 11:40:56.033320,4113,True,True,True,True,Eyes,1.454285,0.007420275,-1.73253,-0.5608795,-0.07625779,0.8243779,0.0,0.0,0.0,0.0,0.0,0.0,0.0,0.9119527,0.4028895,1.901134,1.269514,0.02418574,-1.730907,0.09769344,-0.5100903,0.02779793,0.8541026,11.25871,298.006,356.9502,0.6578779,0.001521303,-0.7531228,-0.1526303,-0.0119992,0.03714997,-0.1932927,-0.2167355,-0.2494374,0.6121554,0.1845165,1.99595,0.4780703,-0.05218039,0.8767701,-0.1471495,0.9793665,0.1385215,-0.8659075,-0.1952394,0.4605278,moving,27.521627045485598,7.893872120573349,17.050711966370272,5.281722223705171,-1.4628067,-0.24092124,1.4814696,0.45862923767244534,0.12204289337280717,0.8802072145770728,26.94017114189891,7.152059715176049,10.595011685509345,10.791820498773742,10.064768507842054
05/05/2023 11:40:56.044014,4114,True,True,True,True,Eyes,1.445907,0.007986478,-1.732051,-0.5674804,-0.07692006,0.8197862,0.0,0.0,0.0,0.0,0.0,0.0,0.0,0.9293223,0.3983683,1.887394,1.25844,0.02362646,-1.732156,0.09690958,-0.5125555,0.02757435,0.8527222,11.15949,297.6827,356.9433,0.6563933,0.001697265,-0.7544166,-0.1434725,-0.01127925,0.03492098,-0.2144839,-0.2158001,-0.2617373,0.6089576,0.1824837,1.996204,0.4730531,-0.05231655,0.8794792,-0.1463696,0.9796964,0.1370071,-0.8687904,-0.1935406,0.4557909,moving,27.379691277975194,7.752877710375495,16.964735666887616,5.223196703772038,-1.4729239,-0.23942655999999998,1.4704187,0.45656079525446425,0.12002010862849677,0.88155971294429,26.805609723193335,7.015815614200947,10.530422636618187,10.717769654927974,10.002813841619682
05/05/2023 11:40:56.063465,4115,True,True,True,True,Eyes,1.437428,0.008524891,-1.731658,-0.5739377,-0.07741442,0.8152316,0.0,0.0,0.0,0.0,0.0,0.0,0.0,0.9456325,0.3926683,1.874198,1.247452,0.02300896,-1.733309,0.09578029,-0.5147849,0.02789492,0.8514955,11.05976,297.3995,357.015,0.654851,0.001881491,-0.7557554,-0.1348641,-0.01060249,0.03282572,-0.2347763,-0.2141379,-0.2731734,0.605655,0.1803848,1.996467,0.4684367,-0.0511077,0.8820177,-0.1461173,0.980096,0.1343932,-0.8713306,-0.1918327,0.4516453,moving,27.21444541981897,7.581819255861839,16.87587661766948,5.162770381247154,-1.4822283,-0.23714686,1.4601356,0.45415151807811555,0.11755023103276399,0.88313553849637,26.64913550991245,6.850474251217851,10.442131927089138,10.617805909629036,9.917909745884986
05/05/2023 11:40:56.083043,4116,True,True,True,True,Eyes,1.428849,0.009025669,-1.731339,-0.5802282,-0.07775393,0.810734,0.0,0.0,0.0,0.0,0.0,0.0,0.0,0.9592471,0.3875243,1.86257,1.236705,0.02282911,-1.734801,0.0948775,-0.5164119,0.02790116,0.8506109,10.96589,297.1923,357.05,0.6532495,0.002072192,-0.7571395,-0.1267723,-0.009966345,0.03085617,-0.2526257,-0.212533,-0.2828273,0.602524,0.1783946,1.996715,0.4650806,-0.05052567,0.8838254,-0.1454578,0.9804396,0.1325907,-0.8732367,-0.1902246,0.4486341,moving,26.979229167602973,7.444251770718312,16.79158955261039,5.105481054323706,-1.4893307,-0.23536211,1.4519737,0.4506227771167478,0.11566139732477712,0.8851901549238753,26.423550141630404,6.718183079227204,10.286026374000228,10.452647960628502,9.766036688931832
05/05/2023 11:40:56.093366,4117,True,True,True,True,Eyes,1.420181,0.009461767,-1.731107,-0.5863824,-0.07795008,0.8062751,0.0,0.0,0.0,0.0,0.0,0.0,0.0,0.9724203,0.380069,1.851377,1.22575,0.02240286,-1.736285,0.09343997,-0.5180157,0.02684614,0.8498282,10.75614,296.9897,357.0139,0.6515895,0.002267096,-0.758568,-0.1191659,-0.009368364,0.0290048,-0.2709803,-0.2082215,-0.2925919,0.5988367,0.1760508,1.997008,0.4618779,-0.05117754,0.8854659,-0.142436,0.9810965,0.1310024,-0.8754318,-0.1866293,0.4458573,moving,26.74022660580213,7.2361312168937095,16.692250263660615,5.03801587783979,-1.4967302999999998,-0.23062436,1.4436931,0.447081111951396,0.1126693628853199,0.8873692381895464,26.1961754403634,6.517269991113779,10.132724303396555,10.285598651319216,9.618356746139286
05/05/2023 11:40:56.114012,4118,True,True,True,True,Eyes,1.411431,0.009835849,-1.730978,-0.5923326,-0.07811884,0.8018975,0.0,0.0,0.0,0.0,0.0,0.0,0.0,0.9835256,0.3719441,1.841896,1.214918,0.0212536,-1.738324,0.09165117,-0.5191028,0.02529707,0.8494071,10.48405,296.8597,356.9583,0.6498711,0.002462998,-0.7600401,-0.112016,-0.008806262,0.02726451,-0.2870746,-0.2020863,-0.2999893,0.5961381,0.1743353,1.997222,0.4597847,-0.05217773,0.8864962,-0.1381278,0.9819202,0.1294347,-0.8772222,-0.1819619,0.4442647,moving,26.43984524780578,6.975700297519828,16.61950383955862,4.988640812858651,-1.5019926,-0.2233399,1.4383347,0.44260969254906524,0.10890451520660804,0.8900766985609675,25.910377459754212,6.265866771456453,9.88452860875159,10.019356804212322,9.378253503492129
05/05/2023 11:40:56.134305,4119,True,True,True,True,Eyes,1.402578,0.01015115,-1.730984,-0.5981442,-0.07826922,0.7975572,0.0,0.0,0.0,0.0,0.0,0.0,0.0,0.9944428,0.3713141,1.831315,1.204221,0.02014388,-1.740676,0.09156936,-0.5200524,0.02480669,0.8488493,10.44309,296.729,356.9032,0.6480937,0.00265714,-0.7615556,-0.105295,-0.008277887,0.02562864,-0.3023782,-0.2041295,-0.3084765,0.5930877,0.1723968,1.997463,0.4578601,-0.05312747,0.8874354,-0.137356,0.9819994,0.1296556,-0.8783493,-0.1812587,0.4423209,moving,26.14751589472312,6.945609653815544,16.537233297367425,4.932853229755015,-1.5065992,-0.22427338,1.4321994999999998,0.43807224557293034,0.10870615864762334,0.8923428269424574,25.626220310897626,6.2385276164479375,9.684486975542791,9.818794224528522,9.182291137629354
05/05/2023 11:40:56.143353,4120,True,True,True,True,Eyes,1.39365,0.01040262,-1.731107,-0.6037806,-0.07835065,0.7932907,0.0,0.0,0.0,0.0,0.0,0.0,0.0,1.005494,0.3679267,1.821205,1.193293,0.01900011,-1.743234,0.09084689,-0.5210176,0.02363299,0.8483685,10.29811,296.6019,356.8207,0.6462557,0.002847143,-0.7631152,-0.09897731,-0.007781213,0.02409093,-0.3181615,-0.2029596,-0.3170149,0.5898866,0.1703621,1.997717,0.4559644,-0.05456668,0.8883237,-0.1347646,0.9823766,0.1295169,-0.8797358,-0.1787697,0.4405751,moving,25.86057255707658,6.828981185950237,16.4508356717746,4.874299003232446,-1.5114545,-0.22195970999999998,1.4262191,0.43367182909319146,0.10714292423076974,0.8946782161405953,25.349646026013676,6.126952804127855,9.482826066760966,9.610615520665002,8.98654367738845
05/05/2023 11:40:56.163185,4121,True,True,True,True,Eyes,1.384651,0.01059682,-1.731345,-0.6093715,-0.07852277,0.788987,0.0,0.0,0.0,0.0,0.0,0.0,0.0,1.01755,0.3655802,1.810788,1.182598,0.01757741,-1.746185,0.0902653,-0.5221513,0.02274198,0.8477577,10.18318,296.4513,356.7555,0.644357,0.003030598,-0.7647185,0.0,0.0,0.0,-0.3342929,-0.2030191,-0.326808,0.5865269,0.1682263,1.997984,0.4536817,-0.0557049,0.8894212,-0.1328237,0.9826699,0.1292967,-0.88121,-0.1767957,0.4384204,moving,25.59961720350167,6.727952447405473,16.360095054924574,4.812839470842924,-1.5168909,-0.22059651000000002,1.419377,0.42965507414306114,0.10579038017829165,0.8967746926149154,25.097984856977337,6.030383944774934,9.313177415839698,9.435911574778823,8.822308809989597
05/05/2023 11:40:56.182879,4122,True,True,True,True,Eyes,1.375576,0.01073555,-1.731704,-0.6147571,-0.07858133,0.7847921,0.0,0.0,0.0,0.0,0.0,0.0,0.0,1.027887,0.3666356,1.80071,1.171882,0.01642403,-1.749272,0.09054053,-0.5228783,0.02187773,0.8473029,10.15486,296.3436,356.6448,0.6423971,0.003205654,-0.7663649,0.0,0.0,0.0,-0.34877,-0.2060355,-0.3353272,0.5835766,0.1663509,1.998219,0.4522392,-0.05760923,0.8900342,-0.1317575,0.9826476,0.1305517,-0.882111,-0.1763093,0.4368013,moving,25.30395287892667,6.739995916132744,16.280357973564268,4.758876253380824,-1.5206520000000001,-0.22245953000000002,1.4139448,0.42500138416527805,0.10623703482972169,0.8989368573685114,24.809441064210233,6.044062733383834,9.113445810699764,9.238511792178683,8.62536739249555
05/05/2023 11:40:56.193309,4123,True,True,True,True,Eyes,1.366444,0.01080317,-1.732185,-0.6200725,-0.07865754,0.7805914,0.0,0.0,0.0,0.0,0.0,0.0,0.0,1.037681,0.3629608,1.791878,1.16099,0.01536119,-1.752488,0.08971107,-0.5234743,0.02022636,0.847064,9.971482,296.2659,356.5274,0.6403759,0.003370631,-0.768054,0.0,0.0,0.0,-0.3633009,-0.20377,-0.3431418,0.5803868,0.1643235,1.998471,0.451131,-0.05965685,0.8904616,-0.1281889,0.9830856,0.1308061,-0.8832036,-0.173158,0.4358531,moving,24.982863005818977,6.597433075478177,16.194112078459288,4.700548904696277,-1.5242909,-0.21913119,1.4093462,0.4200451356444478,0.10426543590288256,0.901493566536379,24.500279105145392,5.907480625764076,8.87416771104609,8.991124091042717,8.393395907171731
05/05/2023 11:40:56.212978,4124,True,True,True,True,Eyes,1.357252,0.01079872,-1.732805,-0.6251571,-0.07868499,0.7765226,0.0,0.0,0.0,0.0,0.0,0.0,0.0,1.046552,0.3595839,1.784227,1.150308,0.01374716,-1.756314,0.08877325,-0.5237644,0.01845732,0.8470238,9.771582,296.2311,356.409,0.638293,0.003523346,-0.7697851,0.0,0.0,0.0,-0.3766463,-0.2015105,-0.3504659,0.57714,0.1622598,1.998728,0.4506602,-0.06172496,0.890559,-0.1242601,0.9835573,0.1310515,-0.884005,-0.1697207,0.4355802,moving,24.635179391652763,6.439375040213354,16.10626607843664,4.641181173457568,-1.5269543,-0.21525766000000002,1.4058481,0.4146625623228077,0.10205540998817915,0.9042343326497279,24.165610709302996,5.755998292851348,8.608328937618712,8.71641345318092,8.136083399816389
05/05/2023 11:40:56.231762,4125,True,True,True,True,Eyes,1.348014,0.01071787,-1.733593,-0.6301458,-0.07878832,0.7724692,0.0,0.0,0.0,0.0,0.0,0.0,0.0,1.054731,0.3596113,1.776473,1.139668,0.0120193,-1.760297,0.08858884,-0.5238463,0.01718832,0.8470194,9.676264,296.2162,356.2952,0.636148,0.003661757,-0.771558,0.0,0.0,0.0,-0.3891647,-0.2029921,-0.3576893,0.5738024,0.1601385,1.998993,0.4505794,-0.06369618,0.8904611,-0.1219315,0.9837132,0.1320649,-0.8843704,-0.168081,0.4354743,moving,24.27131716653021,6.376206693306078,16.015899631715346,4.580160045046645,-1.5288327,-0.21501140000000002,1.4026077,0.40894162790361444,0.10134554145894228,0.9069155527217725,23.812613513262928,5.6969494201561925,8.34296134267566,8.448532549316045,7.876291377232964
05/05/2023 11:40:56.248710,4126,True,True,True,True,Eyes,1.338729,0.01057224,-1.734532,-0.6348596,-0.07887971,0.7685905,0.0,0.0,0.0,0.0,0.0,0.0,0.0,1.061503,0.3634927,1.769591,1.129458,0.01012404,-1.76482,0.08924668,-0.5235618,0.01583214,0.8471526,9.659311,296.2382,356.1247,0.6339402,0.003783784,-0.7733725,0.0,0.0,0.0,-0.3998005,-0.2077176,-0.3642108,0.5708157,0.1582401,1.99923,0.4512646,-0.06662784,0.8898996,-0.1202768,0.9835688,0.1346329,-0.8842477,-0.1677893,0.435836,moving,23.882102981906122,6.414070783704193,15.934985844863293,4.52555607217173,-1.5292585,-0.21784164,1.4006092,0.40273392967553673,0.10225280475052193,0.9095877213665795,23.43217959621171,5.736371638278687,8.059216370213798,8.168424487350933,7.594339239221847
05/05/2023 11:40:56.263081,4127,True,True,True,True,Eyes,1.329402,0.01035588,-1.735641,-0.6394233,-0.07904676,0.7647806,0.0,0.0,0.0,0.0,0.0,0.0,0.0,1.066201,0.3670901,1.763941,1.119015,0.00845699,-1.769396,0.0898857,-0.5228274,0.01343796,0.8475797,9.579857,296.3163,355.8587,0.6316691,0.003888065,-0.7752281,0.0,0.0,0.0,-0.4093966,-0.211101,-0.3693001,0.5676064,0.1562001,1.999485,0.4529418,-0.07120992,0.8886916,-0.1167689,0.98348,0.1383191,-0.8838601,-0.166422,0.4371441,moving,23.438538151048192,6.421030789409766,15.847987615792059,4.466883770448386,-1.5284116,-0.21955799,1.4000959,0.3956615343645947,0.10270765654276835,0.9126351957367713,22.99959660501239,5.7460850922266165,7.727154988926338,7.83805766755979,7.265113017451016
05/05/2023 11:40:56.273338,4128,True,True,True,True,Eyes,1.320032,0.01006176,-1.736901,-0.6436482,-0.07915473,0.7612171,0.0,0.0,0.0,0.0,0.0,0.0,0.0,1.069502,0.3724285,1.759385,1.108829,0.006563473,-1.774381,0.09085227,-0.5217933,0.01005426,0.8481607,9.474413,296.425,355.4785,0.6293339,0.003973101,-0.7771246,0.0,0.0,0.0,-0.4178817,-0.2149573,-0.3739295,0.5643117,0.154106,1.999746,0.4552614,-0.07775695,0.8869561,-0.1118675,0.9832896,0.1436222,-0.8833023,-0.1646071,0.4389553,moving,22.97872680012571,6.4485690574745504,15.758625260017217,4.406662979160872,-1.5267107000000002,-0.221520773,1.4004515,0.3882927601710287,0.10349891043703008,0.9157055519729769,22.550621547707706,5.775928609394733,7.389293217515086,7.503282393868124,6.928643585734593
05/05/2023 11:40:56.293318,4129,True,True,True,True,Eyes,1.310644,0.009680267,-1.738339,-0.6474148,-0.0792304,0.7580084,0.0,0.0,0.0,0.0,0.0,0.0,0.0,1.06886,0.3764299,1.757265,1.098341,0.004444957,-1.77926,0.09142164,-0.5198569,0.005848887,0.8493272,9.286712,296.6579,355.0522,0.6269345,0.004037178,-0.7790612,0.0,0.0,0.0,-0.4237943,-0.216528,-0.3748816,0.5611436,0.1520922,1.999997,0.4594293,-0.08511709,0.8841265,-0.1049876,0.9832157,0.1492126,-0.8819876,-0.1613749,0.4427819,moving,22.427496089297133,6.402691519553477,15.672644237871982,4.348757010261111,-1.5221353,-0.220972957,1.4043784000000001,0.37947801089321653,0.10317433838442411,0.9194300458225321,22.014507960555136,5.734945946312131,6.948220344493281,7.060217454382256,6.491591118016823
05/05/2023 11:40:56.313018,4130,True,True,True,True,Eyes,1.301232,0.009237449,-1.739942,-0.6507853,-0.07930231,0.7551091,0.0,0.0,0.0,0.0,0.0,0.0,0.0,1.065325,0.3847222,1.757148,1.088573,0.001995284,-1.784797,0.09287984,-0.5170972,0.003006613,0.8508672,9.274593,296.9943,354.713,0.6244706,0.004078289,-0.7810373,0.0,0.0,0.0,-0.4260705,-0.2236401,-0.3742,0.5579621,0.1500699,2.00025,0.4652029,-0.09093935,0.8805205,-0.1011723,0.9827286,0.1549474,-0.8794035,-0.1611662,0.4479677,moving,21.802165070514164,6.482154562106424,15.58624140756942,4.290610287050865,-1.5146435,-0.225635384,1.410597,0.3693534006565896,0.10491092713977644,0.9233481893415514,21.402781656166248,5.816409086811037,6.472879643950471,6.59094631241108,6.013335384035755
05/05/2023 11:40:56.333139,4131,True,True,True,True,Eyes,1.291807,0.008847454,-1.741716,-0.6538522,-0.079542,0.7524297,0.0,0.0,0.0,0.0,0.0,0.0,0.0,1.060256,0.3886851,1.758802,1.078506,0.0001056008,-1.790371,0.0934149,-0.5138034,0.0009604837,0.8528065,9.225277,297.4204,354.5146,0.6219423,0.004095811,-0.783052,0.0,0.0,0.0,-0.4269531,-0.2275894,-0.3714702,0.5545998,0.1479329,2.000517,0.4720104,-0.09435555,0.8765291,-0.09763199,0.9825455,0.1583427,-0.8761702,-0.1603167,0.4545596,moving,21.12428703677852,6.447025369849227,15.49487593287458,4.22917272244232,-1.5054591,-0.2276950008,1.4189007999999999,0.3584067454448113,0.10482496942372042,0.9276617989633419,20.742920157762605,5.7867242501963405,5.9337699885625,6.050548714155337,5.474297667097527
05/05/2023 11:40:56.344167,4132,True,True,True,True,Eyes,1.282331,0.008700732,-1.743633,-0.6566081,-0.0797814,0.7500005,0.0,0.0,0.0,0.0,0.0,0.0,0.0,1.058727,0.3958811,1.758255,1.068568,0.001060884,-1.796454,0.0953829,-0.5111474,0.0003066916,0.8541841,9.396323,297.743,354.3585,0.6193496,0.004094429,-0.7851043,0.0,0.0,0.0,-0.4294422,-0.2357851,-0.3722527,0.5514718,0.1459445,2.000765,0.4774565,-0.0969855,0.8732865,-0.09803338,0.981804,0.1626356,-0.8731694,-0.1632626,0.4592609,moving,20.564166950419086,6.61938645410228,15.409829420818838,4.172014202039055,-1.4980102,-0.236845984,1.4242013,0.3492010004234163,0.10801655992008803,0.9308013229782901,20.19225880258619,5.958143279390323,5.57661061356283,5.705858945786744,5.105084511793251
05/05/2023 11:40:56.363509,4133,True,True,True,True,Eyes,1.043908,0.00468339,-1.795905,-0.7179564,-0.06006403,0.6934918,0.0,0.0,0.0,0.0,0.0,0.0,0.0,1.056203,0.3966878,1.758593,1.057805,0.006828588,-1.801826,0.09696446,-0.5085438,-0.005138567,0.8555437,9.246847,298.0389,353.7522,0.6166922,0.004087186,-0.7871935,0.0,0.0,0.0,-0.4336696,-0.2324058,-0.372259,0.5482737,0.1439118,2.001019,0.4827136,-0.1074139,0.8691663,-0.08982882,0.9811429,0.171141,-0.8711593,-0.1606883,0.4639622,moving,15.348821566563442,7.398363361649708,15.322823566448875,4.113587310858324,-1.4914746,-0.239234388,1.429567,0.26264382202270786,0.1242466156828008,0.9568599468640722,15.087245417617199,6.750660846184278,3.169522546567744,3.284878932299119,2.647575097126328
05/05/2023 11:40:56.382984,4134,True,True,True,True,Eyes,1.043536,0.004685839,-1.796165,-0.7178158,-0.06034782,0.6936128,0.0,0.0,0.0,0.0,0.0,0.0,0.0,1.050479,0.3631221,1.768375,1.046559,0.007186171,-1.807533,0.08887605,-0.5049689,-0.01577532,0.8584048,7.854109,298.6009,353.2263,0.600772,0.003805258,-0.7994111,-0.7152675,-0.01205203,-0.1568152,-0.4361811,-0.1904958,-0.3637262,0.5449126,0.1417753,2.001286,0.489515,-0.1168425,0.8641315,-0.06267607,0.9837043,0.1685153,-0.8697396,-0.1366511,0.4742148,moving,14.856116362933165,6.085691818242475,15.231328567769506,4.052183539148758,-1.4827401,-0.19768197099999998,1.4438068,0.25504189159272445,0.10250982188205084,0.9614808726036872,14.642327797080362,5.476719454672738,2.0085177795296185,2.0678346451785843,1.5415007241289729
05/05/2023 11:40:56.392919,4135,True,True,True,True,Eyes,1.042774,0.004814566,-1.796661,-0.7178487,-0.06116908,0.6935067,0.0,0.0,0.0,0.0,0.0,0.0,0.0,1.050762,0.3767674,1.767016,1.03751,0.0063028,-1.814368,0.09187602,-0.5026549,-0.01457118,0.8594676,8.237713,298.8668,353.1867,0.5875725,0.003577571,-0.8091633,-0.6723515,-0.0113289,-0.1474063,-0.4388672,-0.2067197,-0.3672535,0.5417876,0.1397889,2.001533,0.4942513,-0.1174108,0.8613539,-0.06731696,0.982693,0.1725775,-0.8667088,-0.1432804,0.4777936,moving,14.548841005768335,6.397603292693875,15.146220086983599,3.9951024968613007,-1.4763772,-0.2130225,1.4471145,0.24973868640954572,0.10789659103283349,0.9622831545540813,14.334382937658878,5.7822420888878945,2.4118839691055567,2.475655840509691,1.9628926303831977
05/05/2023 11:40:56.414103,4136,True,True,True,True,Eyes,1.041617,0.005127542,-1.79737,-0.7178904,-0.06173896,0.6934131,0.0,0.0,0.0,0.0,0.0,0.0,0.0,1.056487,0.3981533,1.759343,1.027294,0.009613596,-1.820591,0.09780902,-0.5015349,-0.01137687,0.8595155,9.016849,298.9319,353.1576,0.5766157,0.003399969,-0.8170083,-0.6320104,-0.01064917,-0.1385619,-0.4462913,-0.2323652,-0.3761982,0.5386668,0.1378055,2.001781,0.4966667,-0.1176664,0.8599284,-0.07855207,0.980608,0.1795485,-0.8643795,-0.1567249,0.4777924,moving,14.406892439629193,7.134532357487022,15.06116905316105,3.9381111007039946,-1.4735852999999999,-0.241978796,1.4443928000000001,0.24699792444221844,0.12035134208115256,0.961513199402979,14.176146166660276,6.500203789514622,3.1766346553299236,3.262696237443674,2.710642812265576
05/05/2023 11:40:56.431491,4137,True,True,True,True,Eyes,1.040111,0.005545614,-1.798287,-0.7181923,-0.06233213,0.6930473,0.0,0.0,0.0,0.0,0.0,0.0,0.0,1.067358,0.3869035,1.75518,1.016669,0.0143344,-1.826413,0.09607577,-0.5017295,-0.01527891,0.8595371,8.617048,298.9164,352.8727,0.5674951,0.003272351,-0.82337,-0.5940897,-0.01001022,-0.1302482,-0.4598554,-0.2180929,-0.3844716,0.535511,0.1357996,2.002031,0.4960682,-0.1226736,0.8595741,-0.07014252,0.981072,0.1804931,-0.8654459,-0.1498296,0.478074,moving,14.402366706531215,6.775074816559003,14.975122052143995,3.8804811815360547,-1.4765244000000002,-0.2324273,1.4419414000000002,0.24709940206823197,0.1143136975951597,0.9622236217670826,14.18142293917813,6.150487274650932,2.872171315416101,2.9507153366333694,2.404763178506663
05/05/2023 11:40:56.452916,4138,True,True,True,True,Eyes,1.03825,0.006043431,-1.799375,-0.7185245,-0.06288242,0.6926532,0.0,0.0,0.0,0.0,0.0,0.0,0.0,1.08087,0.3871735,1.747418,1.006732,0.01735398,-1.832442,0.09670147,-0.5026395,-0.01714103,0.8588998,8.562153,298.7749,352.6411,0.5598698,0.003191445,-0.8285741,-0.5584444,-0.009409606,-0.1224333,-0.4748084,-0.2170079,-0.397009,0.5322682,0.1337384,2.002289,0.4941196,-0.1266568,0.8601186,-0.06776706,0.98071,0.1833452,-0.8667489,-0.1488822,0.476005,moving,14.496668500342471,6.760294654791099,14.88664535102394,3.8212671767710753,-1.4815404,-0.23436188,1.435433,0.24869129757224995,0.11401753075716073,0.9618486120525505,14.27374848664455,6.13548105236044,2.87989774013682,2.9647874225016837,2.39399841861611
05/05/2023 11:40:56.463294,4139,True,True,True,True,Eyes,1.036085,0.006605849,-1.800621,-0.7190549,-0.06336107,0.6920589,0.0,0.0,0.0,0.0,0.0,0.0,0.0,1.093997,0.3828244,1.739746,0.9963669,0.01974493,-1.837652,0.09617829,-0.5033215,-0.01607808,0.8585795,8.567159,298.698,352.7713,0.5534549,0.003153675,-0.832873,-0.5249377,-0.00884503,-0.1150873,-0.488922,-0.2151532,-0.4071772,0.5291616,0.1317637,2.002535,0.4928179,-0.1244258,0.8611903,-0.06920858,0.9809825,0.1813383,-0.8673757,-0.1489685,0.4748344,moving,14.544179470248215,6.707440319995962,14.80184618209475,3.764546979637855,-1.4852889,-0.23489812999999998,1.4304748,0.24951497723487093,0.11310544807784194,0.9617429642193167,14.321487674983954,6.0837395502675715,2.865912643126276,2.9541518828790614,2.368416871038075
05/05/2023 11:40:56.483371,4140,True,True,True,True,Eyes,1.03362,0.007224447,-1.802014,-0.7196497,-0.06391098,0.6913897,0.0,0.0,0.0,0.0,0.0,0.0,0.0,1.108286,0.375052,1.732558,0.9867033,0.02187907,-1.843002,0.09481309,-0.5042117,-0.01362581,0.8582515,8.569345,298.6141,353.088,0.5480142,0.003155573,-0.8364629,-0.4934414,-0.008314328,-0.1081821,-0.5030125,-0.2119232,-0.4180535,0.5257033,0.1295654,2.00281,0.4911698,-0.1190005,0.8628971,-0.07222299,0.9816496,0.1764875,-0.8680647,-0.1490064,0.4735621,moving,14.613629438380373,6.599586526447925,14.7073852379235,3.7014098142084264,-1.4897158,-0.23380227,1.4249485,0.25073314413689557,0.1112586877438555,0.9616415216563201,14.392095827460048,5.978338953501028,2.8089773059051,2.89969281223293,2.2986547626188103
05/05/2023 11:40:56.492941,4141,True,True,True,True,Eyes,1.030862,0.007862354,-1.80355,-0.7203627,-0.06434377,0.6906065,0.0,0.0,0.0,0.0,0.0,0.0,0.0,1.123672,0.3743388,1.722611,0.9771121,0.02383181,-1.847929,0.09518109,-0.5055526,-0.01070329,0.8574628,8.766405,298.4426,353.3417,0.5430514,0.003188292,-0.8396932,-0.4638349,-0.007815468,-0.1016911,-0.5181338,-0.2160324,-0.4307451,0.5226935,0.1276524,2.003048,0.488604,-0.1145934,0.8649476,-0.07788274,0.981652,0.1740506,-0.8690226,-0.1524063,0.4707142,moving,14.73644590630302,6.715397349239695,14.62513860396223,3.6464758797958043,-1.4952459,-0.23986421000000002,1.4171839,0.2527398081159963,0.11314116064580249,0.9608962198346722,14.508698169979233,6.0902066091686535,2.969864159732223,3.070939319030585,2.4465032704550604
05/05/2023 11:40:56.512872,4142,True,True,True,True,Eyes,1.027832,0.008496862,-1.805204,-0.7211412,-0.06477913,0.6897529,0.0,0.0,0.0,0.0,0.0,0.0,0.0,1.138835,0.3670273,1.713803,0.9675003,0.024876,-1.852593,0.09370133,-0.5069457,-0.009419299,0.8568182,8.686034,298.2869,353.5444,0.5384405,0.003248396,-0.842657,-0.4360048,-0.00734654,-0.09558966,-0.5338631,-0.2120106,-0.4423939,0.5194935,0.1256185,2.003301,0.4858347,-0.1111442,0.8669553,-0.07886171,0.9822627,0.1701201,-0.8704857,-0.1510199,0.4684523,moving,14.856669381440986,6.566512687164793,14.53764862429667,3.5880771979926105,-1.5013634,-0.2368866,1.4101990999999998,0.2548294016257019,0.11058117836882536,0.960642393472751,14.629907213099075,5.944546921455528,2.8928466353268947,2.9954719505696046,2.3582750485906447
05/05/2023 11:40:56.531589,4143,True,True,True,True,Eyes,1.024533,0.009157639,-1.80696,-0.7219975,-0.06530316,0.6888071,0.0,0.0,0.0,0.0,0.0,0.0,0.0,1.153756,0.3658499,1.703571,0.9579799,0.02541713,-1.85709,0.0936145,-0.5084232,-0.008078098,0.8559656,8.745594,298.0966,353.6672,0.5341364,0.003333002,-0.8453916,-0.4098445,-0.006905748,-0.08985428,-0.5496494,-0.2140889,-0.4550279,0.5163195,0.123601,2.003553,0.4828811,-0.1090207,0.8688731,-0.08136243,0.9823422,0.1684757,-0.871898,-0.1520474,0.4654842,moving,14.984251223853418,6.573924093468747,14.450815557772176,3.5301547734809744,-1.5076293,-0.23950603,1.4020621,0.25696615137058,0.1106406894915981,0.9600662209458583,14.754076647634824,5.950912050475955,2.9812611044093815,3.0901594268170647,2.439678889269822
05/05/2023 11:40:56.543647,4144,True,True,True,True,Eyes,1.020973,0.009821448,-1.808789,-0.7228269,-0.06562708,0.6879058,0.0,0.0,0.0,0.0,0.0,0.0,0.0,1.165678,0.3659896,1.694412,0.9483827,0.02671621,-1.861087,0.09396247,-0.5093828,-0.00837088,0.8553538,8.755274,297.9606,353.6072,0.5300981,0.003440941,-0.8479291,-0.3852539,-0.006491403,-0.08446302,-0.56398,-0.2153081,-0.4655318,0.5132094,0.121624,2.0038,0.4809181,-0.1100459,0.8698319,-0.08140561,0.982202,0.1692703,-0.8729781,-0.1522143,0.4634004,moving,15.044119677058436,6.586751095767327,14.365685503666484,3.473402127737823,-1.5123627000000002,-0.24202431,1.3955552,0.25796384102594117,0.11082512218778245,0.9597773073384172,14.81209182031772,5.9629955070754255,3.0730865834119228,3.1864109471875093,2.529299071677319
05/05/2023 11:40:56.563020,4145,True,True,True,True,Eyes,1.017175,0.01043518,-1.810684,-0.7235339,-0.06605241,0.6871215,0.0,0.0,0.0,0.0,0.0,0.0,0.0,1.173866,0.3590252,1.688704,0.9385776,0.02742917,-1.864646,0.09232821,-0.5095333,-0.01064698,0.8554168,8.459381,297.9566,353.4806,0.5262899,0.003570044,-0.8502975,-0.3621386,-0.006101918,-0.07939524,-0.5763537,-0.207138,-0.4715914,0.5100047,0.119587,2.004054,0.4805247,-0.1123038,0.8697608,-0.07587338,0.9827242,0.1688082,-0.8736928,-0.1471082,0.4637025,moving,15.000694077941821,6.296408878764853,14.277923703784808,3.4149354366611457,-1.5149313,-0.23456717,1.3930546000000001,0.2573731744414375,0.10597740153205762,0.9604832224045969,14.77758538539846,5.680785076566029,2.86578327263705,2.9707383276397903,2.320287996506053
05/05/2023 11:40:56.583277,4146,True,True,True,True,Eyes,1.013151,0.01099219,-1.812634,-0.7241321,-0.06659977,0.6864381,0.0,0.0,0.0,0.0,0.0,0.0,0.0,1.178527,0.3596791,1.683931,0.9290385,0.02687303,-1.868176,0.09228689,-0.5088873,-0.01199955,0.8557878,8.380317,298.0377,353.356,0.5226792,0.003715821,-0.8525212,-0.3404103,-0.005735803,-0.07463153,-0.5856973,-0.2078255,-0.4759599,0.5066323,0.1174437,2.004322,0.4817794,-0.1144654,0.8687843,-0.07338911,0.9826782,0.1701688,-0.8732139,-0.1457431,0.4650337,moving,14.86383789825623,6.204887582877976,14.185514684841086,3.3534247573850946,-1.5147358,-0.23469853,1.3922161000000002,0.2551181301566063,0.10450764943191306,0.9612455376342124,14.646642184716946,5.592643851742309,2.829362355365284,2.931034395401339,2.286206623137048
05/05/2023 11:40:56.593386,4147,True,True,True,True,Eyes,1.008906,0.01151169,-1.814639,-0.7244937,-0.06741312,0.685977,0.0,0.0,0.0,0.0,0.0,0.0,0.0,1.180451,0.3673473,1.679311,0.9195417,0.0261087,-1.871431,0.09401837,-0.5076131,-0.01189641,0.8563573,8.566031,298.1802,353.2734,0.5192379,0.003873881,-0.8546208,-0.3199857,-0.005391655,-0.07015364,-0.5924481,-0.2173626,-0.4786548,0.5035898,0.1155097,2.004563,0.4843747,-0.1158251,0.8671595,-0.07507478,0.982038,0.1731042,-0.8716335,-0.1489491,0.4669789,moving,14.666057799535944,6.343717015799406,14.102107242589923,3.2979296228020707,-1.5119898,-0.2434713,1.3927762000000001,0.2517331558952547,0.10693445172727961,0.961870851972148,14.450100497236713,5.729034272697045,2.9931183592886184,3.097557275341528,2.4558845909408347
05/05/2023 11:40:56.613130,4148,True,True,True,True,Eyes,0.8975906,0.02449571,-1.865748,-0.7299925,-0.09175134,0.6772686,0.0,0.0,0.0,0.0,0.0,0.0,0.0,1.180405,0.3746785,1.676071,0.9100723,0.02577619,-1.874582,0.0957868,-0.5058423,-0.01172132,0.8572112,8.763762,298.3885,353.2012,0.5159402,0.004041225,-0.8566148,-0.3007866,-0.005068156,-0.06594442,-0.5976349,-0.2268976,-0.4797781,0.5003236,0.1134336,2.004822,0.4879723,-0.1170013,0.8649818,-0.07681073,0.981375,0.1760773,-0.8694729,-0.1523607,0.4698969,moving,13.958717477547914,5.0402573176391865,14.012519783121427,3.2383644894194252,-1.5077072,-0.25267379,1.3948038999999999,0.24034395604325437,0.08528043144489747,0.9669344061517596,13.795704209944372,4.465479203608084,1.7507774242686875,1.8026958846335774,1.2461217896138441
05/05/2023 11:40:56.633117,4149,True,True,True,True,Eyes,0.8972163,0.02450898,-1.865843,-0.7298436,-0.09187881,0.6774117,0.0,0.0,0.0,0.0,0.0,0.0,0.0,1.179869,0.3835032,1.672682,0.9005762,0.02634501,-1.877578,0.09815296,-0.5039689,-0.01146372,0.8580502,9.026172,298.5999,353.1026,0.504783,0.005019632,-0.8632314,-0.6166866,0.03418798,-0.2153168,-0.6025622,-0.2381156,-0.4810604,0.4968224,0.1112083,2.0051,0.4917679,-0.118605,0.8626108,-0.07925918,0.9804692,0.179995,-0.8671116,-0.1568856,0.4727627,moving,13.726206492064811,5.296393710469615,13.916432194236085,3.1745273771557394,-1.5031384,-0.26446061,1.3965176,0.23632611817018892,0.08969318226579379,0.9675252484615121,13.562144394558489,4.716237765490116,2.073126568301621,2.1303761532221075,1.5818946761711183
05/05/2023 11:40:56.643372,4150,True,True,True,True,Eyes,0.8964824,0.02448925,-1.866041,-0.7296084,-0.09198678,0.6776503,0.0,0.0,0.0,0.0,0.0,0.0,0.0,1.179444,0.3836845,1.670826,0.8909793,0.02676791,-1.880266,0.09831112,-0.5021163,-0.01217135,0.8591078,9.01522,298.8414,353.0423,0.495654,0.005837316,-0.8685002,-0.5796854,0.0321367,-0.2023978,-0.607706,-0.2393449,-0.4801298,0.4939042,0.1093533,2.005332,0.4954622,-0.1196402,0.8603508,-0.07781421,0.9803736,0.1811425,-0.8651372,-0.1566968,0.4764283,moving,13.501008233700864,5.270722084809718,13.836301928295597,3.1213201368807235,-1.4986853,-0.26611281,1.4001362,0.2325288125162531,0.08934378386242575,0.9684771312583196,13.343308801217416,4.692753068956128,2.121461916878534,2.175396652428228,1.6469498120335742
05/05/2023 11:40:56.665938,4151,True,True,True,True,Eyes,0.895404,0.02446016,-1.866336,-0.7293551,-0.09234273,0.6778746,0.0,0.0,0.0,0.0,0.0,0.0,0.0,1.181129,0.381775,1.668133,0.8815745,0.02593588,-1.882987,0.09778966,-0.5006791,-0.01126909,0.8600177,9.028012,299.0472,353.1785,0.4881695,0.006521207,-0.8727242,-0.5449043,0.0302085,-0.1902539,-0.6139259,-0.2411281,-0.4805645,0.4906461,0.1072824,2.00559,0.4983868,-0.1173057,0.8589818,-0.07853925,0.9806204,0.1794861,-0.8633899,-0.1569173,0.4795151,moving,13.3274435517839,5.211105257147757,13.746801831696473,3.0619299136460127,-1.4955004,-0.26706398000000003,1.4024225,0.2296134117083287,0.08839891835717775,0.9692591642083996,13.17572152887722,4.63589781992051,2.1384341211340177,2.1897068351829825,1.6743678455614985
05/05/2023 11:40:56.683414,4152,True,True,True,True,Eyes,0.8939894,0.02442648,-1.866712,-0.7290425,-0.09285712,0.6781405,0.0,0.0,0.0,0.0,0.0,0.0,0.0,1.183622,0.3890958,1.662606,0.8722553,0.0257365,-1.885503,0.09984066,-0.4994933,-0.008729925,0.8605011,9.387164,299.1833,353.3202,0.4820103,0.007094339,-0.8761365,-0.51221,0.02839599,-0.1788387,-0.6202601,-0.2541966,-0.4832969,0.4875168,0.1052934,2.005838,0.5008605,-0.1147637,0.8578858,-0.08471526,0.9799113,0.1805471,-0.8613722,-0.1631049,0.4810765,moving,13.195172052030047,5.492199947429457,13.660795814032625,3.0048963354523215,-1.4925153999999998,-0.2799331,1.4022061,0.22727514625088696,0.09320555823103413,0.9693599337153738,13.039204355527598,4.910275679073868,2.4720169636280778,2.530510767788973,2.004207171024513
05/05/2023 11:40:56.692934,4153,True,True,True,True,Eyes,0.8922575,0.0243752,-1.867169,-0.7287654,-0.0935881,0.6783379,0.0,0.0,0.0,0.0,0.0,0.0,0.0,1.186549,0.3946159,1.65682,0.8625953,0.0255885,-1.887842,0.1014391,-0.4984209,-0.006818457,0.8609532,9.664098,299.3091,353.4261,0.4769118,0.007575823,-0.8789182,-0.4814774,0.02669223,-0.1681083,-0.6274797,-0.2647279,-0.4860575,0.4842876,0.1032408,2.006094,0.5030602,-0.1128595,0.8568507,-0.08937801,0.9793272,0.1814656,-0.8596174,-0.1678717,0.4825734,moving,13.075874731648913,5.688670003215331,13.572000075023922,2.9460474951116757,-1.490075,-0.29031640000000003,1.4017845,0.22518362132981742,0.0965771416086413,0.9695180450505673,12.9176155654001,5.102229063803712,2.723494562244442,2.787134474383279,2.253294930452483
05/05/2023 11:40:56.713883,4154,True,True,True,True,Eyes,0.8902178,0.0243211,-1.867694,-0.7284553,-0.09454986,0.6785376,0.0,0.0,0.0,0.0,0.0,0.0,0.0,1.190163,0.4025081,1.650115,0.85327,0.02518505,-1.890152,0.1036811,-0.4975077,-0.00381268,0.8612328,10.06664,299.4084,353.6013,0.4723893,0.007997125,-0.8813534,-0.4525888,0.02509069,-0.1580218,-0.6344794,-0.2792628,-0.4897766,0.4811091,0.1012204,2.006346,0.5049431,-0.1097315,0.8561493,-0.09659709,0.9784714,0.1823808,-0.8577304,-0.1747935,0.4834726,moving,12.981620565287256,5.9834293150734235,13.484555564478786,2.8881304097701155,-1.4877494,-0.30444784999999996,1.4003754000000002,0.2234759576482142,0.10160452546308069,0.9693993457272936,12.81779010281555,5.389650274532373,3.064239418789782,3.1358920463854685,2.5888564685333897
05/05/2023 11:40:56.731367,4155,True,True,True,True,Eyes,0.8878824,0.02426537,-1.868281,-0.7283115,-0.09541868,0.6785703,0.0,0.0,0.0,0.0,0.0,0.0,0.0,1.195509,0.40951,1.642174,0.8439721,0.02511287,-1.892288,0.1059278,-0.4969632,0.000184692,0.8612822,10.52421,299.4648,353.8713,0.4682201,0.008373776,-0.8835719,-0.4254334,0.02358525,-0.1485405,-0.6422732,-0.2945414,-0.4945543,0.4780167,0.09925492,2.006592,0.5060552,-0.1049663,0.8560902,-0.1056026,0.9775586,0.1822839,-0.8560119,-0.182651,0.4836138,moving,12.924043278317127,6.320086773821818,13.3994340810381,2.8317947629408025,-1.4862453,-0.31965427,1.3977336999999999,0.22236724521973586,0.10732662381692222,0.9690375749374884,12.752588666267915,5.717594501534295,3.439205415995485,3.520536545540752,2.957405809468069
05/05/2023 11:40:56.743579,4156,True,True,True,True,Eyes,0.8852869,0.02418153,-1.868919,-0.7281592,-0.09636113,0.6786005,0.0,0.0,0.0,0.0,0.0,0.0,0.0,1.2018,0.4086517,1.635244,0.8346366,0.02500777,-1.894228,0.1061714,-0.4966728,0.003183383,0.8614138,10.72394,299.5177,354.1596,0.4643577,0.008710218,-0.8856046,-0.3999074,0.02217014,-0.1396281,-0.6514668,-0.3008661,-0.4986503,0.4748164,0.0972207,2.006846,0.5066119,-0.0999805,0.8563576,-0.1109493,0.977435,0.1797529,-0.8550057,-0.1860773,0.4840875,moving,12.896126883038383,6.3935852899449275,13.311304785740521,2.7734984625192594,-1.4861034,-0.32587387,1.3955777,0.22186462845041716,0.1085823531317984,0.9690128408595454,12.7233942128926,5.789292526538858,3.5586513423449637,3.6438168627131886,3.072564511648571
05/05/2023 11:40:56.763417,4157,True,True,True,True,Eyes,0.8824242,0.0240687,-1.869611,-0.7281708,-0.09726682,0.6784589,0.0,0.0,0.0,0.0,0.0,0.0,0.0,1.208401,0.409156,1.627892,0.8257937,0.02423758,-1.896088,0.10663,-0.4965495,0.006356656,0.8614107,10.95379,299.546,354.4506,0.4607617,0.009009155,-0.8874778,-0.375913,0.02083993,-0.1312504,-0.6606085,-0.3089175,-0.5034164,0.4715989,0.0951755,2.007101,0.5067964,-0.09494274,0.8568217,-0.1168455,0.9771793,0.1773916,-0.8541104,-0.1900172,0.4841373,moving,12.878291535296922,6.499910482300426,13.222661962202668,2.714897083247011,-1.4864022000000001,-0.33315508,1.3926716,0.2215186290589991,0.11038929676154698,0.968887881736104,12.703142170501192,5.892863538641601,3.710643050341502,3.800646974127054,3.2201508668978223
05/05/2023 11:40:56.783168,4158,True,True,True,True,Eyes,0.8793234,0.02391379,-1.870335,-0.7281606,-0.09828251,0.6783235,0.0,0.0,0.0,0.0,0.0,0.0,0.0,1.215201,0.4119638,1.619505,0.8167135,0.02340093,-1.897802,0.1077095,-0.4964813,0.009723224,0.8612843,11.25593,299.5576,354.723,0.4573947,0.00927301,-0.8892151,-0.3533582,0.01958953,-0.1233754,-0.6699635,-0.3197275,-0.5087122,0.4683598,0.09311663,2.007358,0.5068235,-0.09020258,0.8573177,-0.1237004,0.9766082,0.1758821,-0.8531285,-0.1951918,0.4838099,moving,12.873069366115054,6.677445534227062,13.13337986432832,2.6559129238102956,-1.486677,-0.34312843,1.3890898,0.22135491762910858,0.1133952560144844,0.9685781321975682,12.693266357480633,6.065636979120645,3.9331004254514803,4.029948646338503,3.438010766747513
05/05/2023 11:40:56.793361,4159,True,True,True,True,Eyes,0.8760086,0.02371912,-1.871054,-0.728309,-0.09931001,0.6780145,0.0,0.0,0.0,0.0,0.0,0.0,0.0,1.220875,0.4149314,1.611739,0.8078859,0.02224061,-1.899272,0.1087245,-0.4962448,0.01263015,0.8612553,11.5261,299.5905,354.9557,0.4542246,0.009503293,-0.8908361,-0.3321567,0.01841416,-0.1159729,-0.6785442,-0.3300446,-0.5130367,0.4652302,0.09112744,2.007607,0.5071631,-0.08615233,0.8575333,-0.1296635,0.976039,0.1747437,-0.8520406,-0.1998143,0.4838402,moving,12.832590863369525,6.829377185408141,13.047071710548632,2.59893310364273,-1.4864301000000002,-0.35228521,1.3862353,0.22060421757157916,0.11598347025810642,0.9684429531954728,12.649712097306923,6.213732514457419,4.133952423171602,4.2358776142318675,3.63657386047112
05/05/2023 11:40:56.813235,4160,True,True,True,True,Eyes,0.8724796,0.02349557,-1.8718,-0.7284284,-0.100501,0.6777106,0.0,0.0,0.0,0.0,0.0,0.0,0.0,1.226362,0.4208835,1.603238,0.7989154,0.02118847,-1.900728,0.1105606,-0.4959457,0.01570572,0.8611432,11.88778,299.6189,355.157,0.4512239,0.009701487,-0.8923577,-0.3122273,0.01730931,-0.1090145,-0.6868494,-0.3437669,-0.5179181,0.4619462,0.0890402,2.007867,0.5075824,-0.08261439,0.8576334,-0.1367139,0.9750594,0.1748387,-0.8506877,-0.2059955,0.4836284,moving,12.790957391939154,7.0705737216828135,12.956471734153553,2.539155942888729,-1.4857648,-0.36495537,1.3828098999999998,0.21979258705032906,0.12008180569396704,0.9681278949079608,12.60262597454496,6.448689036475871,4.425305643223904,4.5344395556066,3.9255134481295606
05/05/2023 11:40:56.833414,4161,True,True,True,True,Eyes,0.8687307,0.02325121,-1.872555,-0.7286797,-0.1014548,0.6772982,0.0,0.0,0.0,0.0,0.0,0.0,0.0,1.2316,0.4273254,1.594862,0.7902336,0.02029843,-1.902143,0.1124912,-0.4956891,0.01808186,0.8609943,12.21816,299.6353,355.2822,0.448367,0.009869445,-0.8937947,-0.2934936,0.01627075,-0.1024736,-0.6950846,-0.3568332,-0.5229588,0.458719,0.08698884,2.008123,0.5079308,-0.08038455,0.8576391,-0.1426581,0.9740375,0.1757826,-0.8495029,-0.2116345,0.4832761,moving,12.74555792024158,7.312191030395743,12.867394306156008,2.48041547593766,-1.4853182,-0.37713163,1.3791842,0.21891390930990173,0.12418848120624364,0.9678088420781824,12.551857342231312,6.684079937493393,4.717253354705745,4.833311402505679,4.2154903013705844
05/05/2023 11:40:56.843524,4162,True,True,True,True,Eyes,0.8647752,0.0229722,-1.873326,-0.7289101,-0.1024525,0.6768999,0.0,0.0,0.0,0.0,0.0,0.0,0.0,1.236474,0.4305387,1.587097,0.7810912,0.01957326,-1.903319,0.1134884,-0.4954543,0.01884835,0.8609822,12.36273,299.6542,355.3022,0.4456306,0.01000923,-0.8951606,-0.275884,0.01529451,-0.0963252,-0.7045201,-0.36415,-0.527087,0.4555288,0.08496109,2.008376,0.5083397,-0.08000039,0.8574327,-0.1449127,0.9735303,0.1767459,-0.8488764,-0.2140999,0.483291,moving,12.697108503229977,7.3899887251272895,12.77929866624734,2.422360733921265,-1.4856113,-0.38372325999999995,1.376232,0.21805841172545287,0.12552711158161659,0.9678292187116582,12.502531033691202,6.760097159292688,4.849462267383003,4.968307869074784,4.3465569843756535
05/05/2023 11:40:56.862899,4163,True,True,True,True,Eyes,0.8605942,0.02266091,-1.874149,-0.7290019,-0.1036948,0.6766118,0.0,0.0,0.0,0.0,0.0,0.0,0.0,1.241441,0.4339864,1.579241,0.7721764,0.01848116,-1.904448,0.1144185,-0.4953232,0.01930297,0.8609244,12.48206,299.6581,355.2935,0.4429943,0.01012202,-0.8964669,-0.259331,0.01437684,-0.09054568,-0.7141708,-0.3711937,-0.5314965,0.4523301,0.08292782,2.00863,0.5085647,-0.08011151,0.8572888,-0.1465851,0.9730716,0.177889,-0.8484544,-0.2161338,0.4831267,moving,12.67212204788085,7.436174637105043,12.690926882018887,2.3641572764952734,-1.4863472,-0.38967486,1.3729514999999999,0.21761424281818859,0.12632006375840793,0.9678260135296156,12.476928904223577,6.805201020798337,4.950567433608139,5.072052220562585,4.4461966525687835
05/05/2023 11:40:56.872921,4164,True,True,True,True,Eyes,0.8562004,0.02231475,-1.874978,-0.7291206,-0.1049421,0.6762916,0.0,0.0,0.0,0.0,0.0,0.0,0.0,1.247221,0.4360304,1.57111,0.763132,0.01732409,-1.905623,0.114948,-0.495406,0.01940603,0.8608038,12.54011,299.6379,355.2706,0.4404382,0.01020895,-0.8977244,-0.2437711,0.01351423,-0.08511294,-0.7248933,-0.3763487,-0.5364559,0.4490469,0.08084117,2.00889,0.5083926,-0.0804823,0.8573562,-0.1473014,0.9728208,0.1786676,-0.8484335,-0.2171231,0.4827197,moving,12.67034850146596,7.425595274297381,12.600184273552628,2.3044367829396766,-1.4880252999999999,-0.39367279,1.3691671,0.21758926438622517,0.1261420847850516,0.9678549004872953,12.475485165624526,6.794919228561378,4.998208684250105,5.121639123609139,4.492213536994287
05/05/2023 11:40:56.898668,4165,True,True,True,True,Eyes,0.8516114,0.0219436,-1.875802,-0.7292218,-0.1064888,0.6759407,0.0,0.0,0.0,0.0,0.0,0.0,0.0,1.254595,0.4387345,1.561064,0.7536479,0.01615854,-1.906613,0.1156741,-0.4959236,0.01941685,0.8604081,12.60994,299.5548,355.2201,0.4379456,0.01027095,-0.8989424,-0.2291448,0.01270337,-0.08000617,-0.7374244,-0.3821253,-0.5429168,0.445764,0.0787544,2.009151,0.5073654,-0.08131824,0.8578855,-0.1481439,0.9724849,0.1797954,-0.8489015,-0.2183125,0.4813584,moving,12.727428533865666,7.418954826593778,12.509403004934917,2.2447222046486255,-1.4910723,-0.39828384,1.3636962,0.21855730100393733,0.12600198821691072,0.9676550693198636,12.53130684361952,6.788079654130839,5.051808442153471,5.178824032274792,4.5434102491316635
05/05/2023 11:40:56.913068,4166,True,True,True,True,Eyes,0.8468108,0.02153934,-1.876625,-0.7293874,-0.1080181,0.6755191,0.0,0.0,0.0,0.0,0.0,0.0,0.0,1.262966,0.4431427,1.54962,0.7442403,0.01524046,-1.907526,0.1168839,-0.496785,0.01925713,0.8597512,12.71581,299.415,355.1178,0.4355022,0.01030933,-0.9001282,-0.2153962,0.01194117,-0.0752058,-0.7507249,-0.3890867,-0.5506061,0.4428319,0.07689062,2.009383,0.5056676,-0.08301962,0.8587247,-0.149245,0.9719347,0.1818488,-0.8497213,-0.2201154,0.4790857,moving,12.827375065364773,7.463955524508521,12.428294929814294,2.1913988584368393,-1.4949652,-0.40432716,1.3569199,0.2202248067389389,0.12671323359777134,0.967183919737696,12.627523700835921,6.831201834161864,5.154965596751719,5.287638296208234,4.64407835385554
05/05/2023 11:40:56.932957,4167,True,True,True,True,Eyes,0.7220232,0.01062914,-1.896887,-0.7350116,-0.1488576,0.6615129,0.0,0.0,0.0,0.0,0.0,0.0,0.0,1.272234,0.446105,1.537409,0.7343934,0.01406476,-1.90832,0.1176483,-0.4978964,0.01876288,0.8590145,12.75644,299.247,355.0051,0.4330941,0.01032486,-0.9012892,-0.2024724,0.0112247,-0.07069345,-0.7656791,-0.3943589,-0.5590999,0.439485,0.07476324,2.009648,0.5034943,-0.0849181,0.8598153,-0.1493884,0.9716136,0.1834392,-0.8509857,-0.220807,0.4765161,moving,12.247853387995905,5.078304821742955,12.335672580649758,2.130544044342896,-1.5000725,-0.40842366,1.3492201000000001,0.21134559309347883,0.08651765677674281,0.9735746963764809,12.126895994975659,4.513844335628884,2.883234835123855,2.949068634565254,2.3924272070785375
05/05/2023 11:40:56.943589,4168,True,True,True,True,Eyes,0.7216135,0.01058188,-1.896919,-0.7351264,-0.1489327,0.6613684,0.0,0.0,0.0,0.0,0.0,0.0,0.0,1.282841,0.4491162,1.524124,0.724627,0.01290892,-1.909212,0.1184882,-0.499348,0.01856733,0.8580603,12.81967,299.0336,354.9123,0.4240589,0.0097598,-0.9055817,-0.5646868,-0.0221794,-0.1272364,-0.7813629,-0.4000875,-0.5687519,0.4363861,0.07279369,2.009894,0.5006137,-0.08646995,0.8613414,-0.1501975,0.9712316,0.184797,-0.8525414,-0.2218832,0.4732242,moving,12.436824406932514,5.168330559475423,12.249873000332133,2.074213375430372,-1.5059898999999999,-0.41299642,1.3404601,0.21452777279770163,0.08798480057929983,0.9727468546288334,12.308682037942425,4.600184808968229,3.0264146511376118,3.0997599870042745,2.526655929475548
05/05/2023 11:40:56.963047,4169,True,True,True,True,Eyes,0.7208042,0.01050165,-1.89699,-0.7354162,-0.1491072,0.6610068,0.0,0.0,0.0,0.0,0.0,0.0,0.0,1.295248,0.4523217,1.508772,0.7144375,0.01175359,-1.909999,0.1194817,-0.5012551,0.01869356,0.8568069,12.91386,298.7575,354.835,0.4165695,0.009276803,-0.9090561,-0.5308056,-0.02084864,-0.1196022,-0.7987795,-0.406835,-0.5802325,0.4331356,0.0707276,2.010152,0.4967877,-0.08774803,0.8634248,-0.1518151,0.9707494,0.1860049,-0.8544906,-0.2234859,0.4689349,moving,12.671148456534707,5.2830695674311325,12.159838859117512,2.0151321546666856,-1.513217,-0.41858859,1.3297664999999999,0.21846766853264044,0.08985217263911262,0.9716987181418237,12.53401297148552,4.710270148726374,3.225758762748562,3.3076959410073536,2.720987885564812
05/05/2023 11:40:56.983168,4170,True,True,True,True,Eyes,0.7196018,0.01038344,-1.897085,-0.7358743,-0.1493191,0.660449,0.0,0.0,0.0,0.0,0.0,0.0,0.0,1.309699,0.4534792,1.492096,0.7042184,0.0108768,-1.910828,0.120021,-0.503745,0.01861649,0.8552716,12.94743,298.4094,354.7559,0.4103296,0.008860728,-0.9118938,-0.4989572,-0.01959772,-0.1124261,-0.8181835,-0.4112081,-0.5934744,0.4299183,0.06868245,2.010407,0.4917888,-0.08907564,0.8661462,-0.1527642,0.9704968,0.1865451,-0.8572088,-0.224057,0.4636719,moving,12.96619940367867,5.339561763993361,12.070689133662958,1.956660814724019,-1.5224019,-0.42208490000000004,1.3173536000000001,0.22345128512165474,0.09070513447843322,0.9704855291981586,12.820111574564827,4.763279550812212,3.4099279245159284,3.4994224489579744,2.904951415202774
05/05/2023 11:40:56.993311,4171,True,True,True,True,Eyes,0.7180148,0.01022169,-1.89721,-0.7365244,-0.1495557,0.6596702,0.0,0.0,0.0,0.0,0.0,0.0,0.0,1.325512,0.4550421,1.473393,0.6936683,0.009867832,-1.911455,0.120688,-0.5066699,0.01857013,0.8534489,12.99229,297.9991,354.6649,0.4048264,0.008487634,-0.9143538,-0.4690198,-0.01842185,-0.1056805,-0.8391042,-0.4161311,-0.6082042,0.4267871,0.06669225,2.010655,0.4858814,-0.09060059,0.8693162,-0.1539952,0.9701791,0.1871841,-0.8603514,-0.2248199,0.4574399,moving,13.30414504115412,5.411891290608997,11.983890939304377,1.8997709736503616,-1.5327725,-0.425998932,1.3032507999999998,0.22914832223821102,0.0918053489571212,0.9690524734420547,13.147597866794392,4.831413971659766,3.6548111283806066,3.7520740949832936,3.154163039677217
05/05/2023 11:40:57.013002,4172,True,True,True,True,Eyes,0.71605,0.01002122,-1.897354,-0.7373738,-0.149792,0.6586671,0.0,0.0,0.0,0.0,0.0,0.0,0.0,1.342466,0.4570191,1.453154,0.6830605,0.008663926,-1.912091,0.1213817,-0.5100074,0.01821601,0.8513678,13.01826,297.529,354.5348,0.3997918,0.008143747,-0.9165694,-0.4408786,-0.01731654,-0.09933971,-0.8613971,-0.4209124,-0.6246603,0.4235879,0.0646589,2.010909,0.4791211,-0.09279412,0.87283,-0.1548282,0.9698693,0.1881003,-0.8639856,-0.2252615,0.4503177,moving,13.682005194318169,5.47828436005084,11.895168671924221,1.8416577439727595,-1.5444575999999999,-0.429576326,1.2874307,0.2355126932414281,0.09278307981360367,0.9674322633835,13.51415359145888,4.893507622042376,3.947289894573293,4.051893125753493,3.454692438981245
05/05/2023 11:40:57.033208,4173,True,True,True,True,Eyes,0.7137048,0.009775869,-1.897529,-0.7383914,-0.1500793,0.6574606,0.0,0.0,0.0,0.0,0.0,0.0,0.0,1.360156,0.4579313,1.431882,0.6721273,0.007553648,-1.912642,0.121799,-0.5136149,0.01757625,0.8491501,12.99735,297.0244,354.3892,0.3951649,0.007824322,-0.9185765,-0.4144259,-0.01627755,-0.09337933,-0.884927,-0.4241019,-0.6419468,0.4203648,0.06261018,2.011165,0.4717816,-0.09526577,0.8765538,-0.1549653,0.9697122,0.1887963,-0.8679907,-0.224906,0.4427295,moving,14.080933562420281,5.5015624637889315,11.805747127388575,1.7831161817511958,-1.5570543,-0.431655548,1.2706952,0.2422374634089099,0.09301751856782245,0.9657478185300302,13.902409098711434,4.913511376901873,4.249244250817523,4.359279305866114,3.767673751774947
05/05/2023 11:40:57.043637,4174,True,True,True,True,Eyes,0.7109924,0.00948723,-1.897714,-0.7396136,-0.1503015,0.6560345,0.0,0.0,0.0,0.0,0.0,0.0,0.0,1.378114,0.4574459,1.410244,0.6609731,0.006199047,-1.913196,0.1217101,-0.5173725,0.01650298,0.8469002,12.89876,296.5057,354.2307,0.3908896,0.007524752,-0.9204064,-0.3895603,-0.0153009,-0.08777656,-0.909316,-0.4249331,-0.6594726,0.4171697,0.06057923,2.011418,0.4641066,-0.09798612,0.880343,-0.1538916,0.9698287,0.1890762,-0.8723086,-0.2232289,0.4350246,moving,14.481412261465838,5.456458630493444,11.717071676283119,1.725094093294852,-1.5702891,-0.431132147,1.2537234,0.24900321164063718,0.09209422779102569,0.9641141722833882,14.294019012204506,4.866970302878561,4.5314791491587085,4.643776499827656,4.063501407463818
05/05/2023 11:40:57.063298,4175,True,True,True,True,Eyes,0.70792,0.009156891,-1.897891,-0.7410038,-0.1503968,0.6544418,0.0,0.0,0.0,0.0,0.0,0.0,0.0,1.39644,0.4555694,1.387834,0.6495567,0.004872385,-1.913563,0.1213534,-0.5212652,0.01574227,0.8445757,12.79104,295.9751,354.1188,0.3869161,0.007240962,-0.9220861,-0.3661867,-0.01438284,-0.08250997,-0.9341868,-0.4250717,-0.6772228,0.4139806,0.05855185,2.011672,0.4560694,-0.0999235,0.8843168,-0.1531057,0.9700511,0.1885724,-0.8766752,-0.221396,0.4271118,moving,14.884880464180773,5.399526446066611,11.628519911088896,1.6671838263530907,-1.5837435,-0.429944085,1.2363402,0.25581267169641275,0.09096902870341932,0.9624367051750569,14.688861962787913,4.808900604718407,4.839895692302049,4.9532075953530175,4.385895323518278
05/05/2023 11:40:57.073127,4176,True,True,True,True,Eyes,0.7044953,0.008786614,-1.898079,-0.7425822,-0.1503528,0.6526605,0.0,0.0,0.0,0.0,0.0,0.0,0.0,1.414712,0.4508486,1.36559,0.6380008,0.003609374,-1.913754,0.1201388,-0.5252683,0.01440826,0.84229,12.5634,295.4426,354.0052,0.3831999,0.006969382,-0.9236388,-0.3442155,-0.01351987,-0.07755937,-0.9599598,-0.4211509,-0.6948377,0.4105638,0.05638024,2.011943,0.4477713,-0.1019383,0.8883184,-0.1504821,0.9707181,0.187247,-0.8813944,-0.2175198,0.4193199,moving,15.284538727031451,5.232899078109836,11.533614233578009,1.6051670577781147,-1.5979606,-0.424760274,1.2189163,0.2625899754953645,0.08800381069188797,0.9608859716730076,15.082947551682816,4.644124485751481,5.108891392576773,5.218225193198262,4.672582717517517
05/05/2023 11:40:57.092964,4177,True,True,True,True,Eyes,0.7007246,0.008362867,-1.89828,-0.7442858,-0.1502866,0.6507323,0.0,0.0,0.0,0.0,0.0,0.0,0.0,1.432769,0.4444962,1.343572,0.6261349,0.002181295,-1.914038,0.1183719,-0.5292175,0.01284355,0.8400906,12.26774,294.9267,353.9076,0.3797005,0.006706835,-0.9250848,-0.3235626,-0.01270868,-0.07290581,-0.9859694,-0.4149162,-0.7120084,0.4071693,0.05422263,2.012213,0.4395277,-0.1037095,0.8922219,-0.1468685,0.9716463,0.1852922,-0.8861406,-0.2124803,0.4118338,moving,15.664289153534693,4.995237155774626,11.439285473364391,1.5435623463925654,-1.6121043,-0.41709749500000004,1.2020296,0.2690492520701098,0.08386223802086298,0.95946837648728,15.459541215620616,4.4103648817585945,5.354074668628181,5.4557048203852885,4.937713338168311
05/05/2023 11:40:57.112881,4178,True,True,True,True,Eyes,0.6966154,0.007884319,-1.898484,-0.746186,-0.1501047,0.6485946,0.0,0.0,0.0,0.0,0.0,0.0,0.0,1.451168,0.4412736,1.319626,0.6142702,0.0004582629,-1.91434,0.1175078,-0.5333317,0.01196451,0.8376194,12.09983,294.3724,353.8178,0.3763814,0.006449789,-0.926442,-0.3041488,-0.01194616,-0.06853146,-1.011455,-0.4129114,-0.7301212,0.4044977,0.0525244,2.012425,0.4308283,-0.1052978,0.8962697,-0.1453847,0.9720975,0.1840915,-0.890646,-0.2096157,0.4034985,moving,16.055831292915872,4.891652074002625,11.365021485631503,1.495083477579161,-1.6257252,-0.4133696629,1.1842188,0.2756432165950741,0.08196832598057527,0.957758807523227,15.84401586024285,4.306981736205507,5.6925713789501575,5.7914052593757654,5.288493398375946
05/05/2023 11:40:57.132962,4179,True,True,True,True,Eyes,0.6921527,0.007382188,-1.898753,-0.7482257,-0.1500254,0.6462591,0.0,0.0,0.0,0.0,0.0,0.0,0.0,1.469913,0.4361768,1.295112,0.602154,-0.001358658,-1.91458,0.1162268,-0.5375531,0.01144812,0.8351029,11.91326,293.813,353.7904,0.3732099,0.006194986,-0.927726,-0.2858999,-0.01122939,-0.06441958,-1.037552,-0.4102313,-0.7489846,0.4012293,0.05044721,2.012683,0.4218111,-0.1058354,0.9004856,-0.1440769,0.9727206,0.1818147,-0.8951633,-0.2064306,0.3950559,moving,16.445794772912077,4.745596040320648,11.274143984383674,1.435798464659646,-1.6397059999999999,-0.408872642,1.1655954,0.2822150249762505,0.07936867130490524,0.9560624649108489,16.22809632726393,4.162285492024065,6.045883821217445,6.140092171159803,5.654677296355226
05/05/2023 11:40:57.143329,4180,True,True,True,True,Eyes,0.6873687,0.007064813,-1.899027,-0.7504748,-0.150231,0.643598,0.0,0.0,0.0,0.0,0.0,0.0,0.0,1.489698,0.4319975,1.268622,0.5899787,-0.002557799,-1.914978,0.1159393,-0.5419202,0.0129868,0.8322932,11.9505,293.2227,353.8952,0.370155,0.005941034,-0.9289507,-0.2687459,-0.01055563,-0.0605544,-1.06281,-0.4137058,-0.7695906,0.3979921,0.04838949,2.01294,0.4123075,-0.104042,0.9050844,-0.1472773,0.9727789,0.1789153,-0.8990617,-0.2070665,0.385761,moving,16.835912187394506,4.765259277672046,11.184092371332671,1.3770801272991924,-1.6527886999999999,-0.411148001,1.1453874000000002,0.28871424422485065,0.07953595793488144,0.9541060113934374,16.607860182418065,4.178830468209997,6.493061749704546,6.5895997745121475,6.104675441115592
05/05/2023 11:40:57.163506,4181,True,True,True,True,Eyes,0.6822309,0.006897783,-1.899257,-0.7529347,-0.1500213,0.6407675,0.0,0.0,0.0,0.0,0.0,0.0,0.0,1.511549,0.4334553,1.236652,0.5775982,0.001622431,-1.915294,0.1189328,-0.5470163,0.01543319,0.8284867,12.3541,292.4641,353.8563,0.3671907,0.005696969,-0.9301279,-0.2526211,-0.009922289,-0.05692114,-1.088607,-0.4253246,-0.7961579,0.3948534,0.04639466,2.013189,0.40107,-0.104544,0.9100624,-0.1556888,0.9712336,0.1801841,-0.9027203,-0.2139529,0.3732564,moving,17.33581730413303,5.225685654208916,11.096750271856406,1.3201680402595724,-1.6662052,-0.426947031,1.1191361,0.29684253841943853,0.08697377145657652,0.950957471413603,17.08276717711811,4.62350298658104,7.24163126798516,7.3606402755541325,6.836989114929727
05/05/2023 11:40:57.183133,4182,True,True,True,True,Eyes,0.6768074,0.006621186,-1.899506,-0.7555193,-0.1494806,0.6378449,0.0,0.0,0.0,0.0,0.0,0.0,0.0,1.528361,0.417088,1.214159,0.5639706,0.00504566,-1.914666,0.1140908,-0.5514662,0.0084559,0.8263153,11.41279,291.9078,353.4473,0.3642933,0.005469299,-0.9312679,-0.2374638,-0.009326952,-0.05350587,-1.119993,-0.3940296,-0.8127273,0.3915547,0.04429759,2.013451,0.391627,-0.11186,0.9132994,-0.1398089,0.9738236,0.1792237,-0.9094404,-0.1978762,0.3657367,moving,17.71154103930298,4.476853263244208,11.004921127555402,1.2603512889917823,-1.6839636,-0.39907526,1.1019386999999998,0.3033822909362899,0.07437746736296194,0.9499616606999355,17.469213242820153,3.8924092686853413,7.350844012801356,7.438053212435283,6.979598968418069
05/05/2023 11:40:57.193081,4183,True,True,True,True,Eyes,0.6712673,0.006395028,-1.899504,-0.7590148,-0.1514506,0.6332135,0.0,0.0,0.0,0.0,0.0,0.0,0.0,1.544389,0.4036323,1.193727,0.5517784,0.00205297,-1.915353,0.1099906,-0.5549462,0.00751798,0.8245485,10.93699,291.5018,353.5862,0.3614429,0.005250941,-0.9323791,-0.223216,-0.008767335,-0.05029552,-1.144308,-0.3813386,-0.8272629,0.3884033,0.04229467,2.0137,0.3839564,-0.1096799,0.9168139,-0.1344756,0.975691,0.173041,-0.9135062,-0.1897293,0.3598736,moving,17.839221253897072,3.846507091106686,10.917168234082558,1.2032327743731712,-1.6960864,-0.38339157,1.0880901,0.30572148926735365,0.06387189283950187,0.9499762311483906,17.610668201008668,3.2782456641385425,7.346776313795692,7.409569294002606,7.007754297914009
05/05/2023 11:40:57.212974,4184,True,True,True,True,Eyes,0.6653951,0.006357263,-1.899486,-0.7626213,-0.153145,0.6284547,0.0,0.0,0.0,0.0,0.0,0.0,0.0,1.565151,0.417468,1.157234,0.5403654,0.004423354,-1.916026,0.1184404,-0.5595153,0.01755896,0.8201258,12.35224,290.7337,353.9039,0.3586327,0.005043471,-0.9334648,-0.2098231,-0.008241295,-0.04727779,-1.162267,-0.4272579,-0.8573909,0.385203,0.0402603,2.013954,0.3732687,-0.1037373,0.921905,-0.1613396,0.9713271,0.1746231,-0.9135863,-0.2139211,0.3458291,moving,18.161842957677276,5.071682965197,10.828016859627558,1.1452287720018257,-1.7026324,-0.431681254,1.0586351,0.31059977894613405,0.08402972005469922,0.9468192708521103,17.89214349631834,4.468183047400437,8.202275034791509,8.318776819202155,7.806658072158286
05/05/2023 11:40:57.233366,4185,True,True,True,True,Eyes,0.6592144,0.006397152,-1.899669,-0.7663113,-0.1546124,0.623588,0.0,0.0,0.0,0.0,0.0,0.0,0.0,1.581119,0.4089119,1.131282,0.5267029,0.008922946,-1.915581,0.1171669,-0.5636508,0.014604,0.8175307,12.00741,290.1623,353.6487,0.3558438,0.004855165,-0.9345326,-0.1972337,-0.007746817,-0.04444112,-1.189588,-0.4143356,-0.8765565,0.3819032,0.03816278,2.014216,0.3641688,-0.108204,0.9250259,-0.1559609,0.9721173,0.1751119,-0.9181815,-0.2080382,0.3371392,moving,18.389138711343495,4.738161489766696,10.73606113045559,1.0854370344165467,-1.7162909000000002,-0.423258546,1.0390245,0.3144978668202029,0.0784109034729541,0.9460141745595291,18.122705183131924,4.142164603260947,8.377598368432142,8.480093891331753,7.9941287074372305
05/05/2023 11:40:57.243525,4186,True,True,True,True,Eyes,0.6527817,0.006558689,-1.899864,-0.7699869,-0.1564709,0.6185766,0.0,0.0,0.0,0.0,0.0,0.0,0.0,1.59543,0.4085783,1.106956,0.5150324,0.01041426,-1.916329,0.1172305,-0.56735,0.01197865,0.8150015,11.81067,289.6244,353.3415,0.3530569,0.004687959,-0.9355898,-0.1853997,-0.007282008,-0.04177465,-1.212942,-0.409714,-0.8963049,0.3787916,0.03618492,2.014463,0.3559409,-0.1134963,0.9275908,-0.1525467,0.972227,0.1774939,-0.9219738,-0.2046783,0.3287419,moving,18.564661297249614,4.54407244526236,10.649320902481403,1.0290684223616746,-1.7279744,-0.42012826000000003,1.0200241,0.3174749416339898,0.07512728877731385,0.9452859518164041,18.299039250833204,3.952155049978268,8.565718930488847,8.660708218503693,8.189177384918533
05/05/2023 11:40:57.267708,4187,True,True,True,True,Eyes,0.6460868,0.006845314,-1.90009,-0.7737226,-0.1579017,0.6135311,0.0,0.0,0.0,0.0,0.0,0.0,0.0,1.607997,0.4221585,1.078403,0.5026284,0.0136377,-1.916769,0.1230244,-0.5703928,0.01322012,0.811999,12.40805,289.0664,353.0087,0.3502596,0.004545812,-0.9366414,-0.1742757,-0.006845087,-0.03926817,-1.231548,-0.4308164,-0.9185669,0.3755841,0.03414664,2.014718,0.3489545,-0.118875,0.9295695,-0.1618139,0.9693805,0.18471,-0.9230639,-0.2148726,0.3190341,moving,18.6791248113512,5.173476936318722,10.55987590672444,0.9709900118835302,-1.7341764,-0.44445409999999996,0.9982021,0.31909626377223893,0.08545760078220058,0.9438615323213503,18.3936559660042,4.563796649633897,9.017132534702258,9.142379292357742,8.618373950661013
05/05/2023 11:40:57.283289,4188,True,True,True,True,Eyes,0.6391985,0.007161955,-1.900362,-0.7774309,-0.1593646,0.608444,0.0,0.0,0.0,0.0,0.0,0.0,0.0,1.619028,0.414931,1.059741,0.4898886,0.01684875,-1.91734,0.1208183,-0.573023,0.008600791,0.8105393,11.87123,288.721,352.6898,0.3474402,0.004432487,-0.9376914,-0.1638191,-0.006434382,-0.03691208,-1.254813,-0.4129168,-0.931909,0.3722652,0.03203671,2.014982,0.3431415,-0.1245208,0.9309934,-0.1524059,0.970658,0.1859991,-0.9268368,-0.2057129,0.3140953,moving,18.692153032279027,4.658961646807304,10.467292680162899,0.9108833861153666,-1.7447016,-0.42976555,0.9854310000000001,0.3195326038049832,0.07696646203075903,0.944444312795649,18.420223972931936,4.063094978885251,8.93651774470243,9.038607108403559,8.55485558458457
05/05/2023 11:40:57.293020,4189,True,True,True,True,Eyes,0.6321168,0.007489329,-1.900683,-0.7811821,-0.1609894,0.6031889,0.0,0.0,0.0,0.0,0.0,0.0,0.0,1.631119,0.415483,1.037998,0.478432,0.01791709,-1.918697,0.1220212,-0.5756391,0.009001805,0.8084983,11.98593,288.3218,352.6037,0.3445907,0.004346621,-0.9387427,-0.15399,-0.006048319,-0.03469736,-1.273133,-0.4179029,-0.9489481,0.3691764,0.03007358,2.015226,0.3371171,-0.1259245,0.9330032,-0.1550362,0.9700596,0.1869443,-0.9286096,-0.2076714,0.3075009,moving,18.703407315862428,4.704043052728291,10.38110892864609,0.85497175728072,-1.751565,-0.43581999000000005,0.9697489000000001,0.3196997297785319,0.07770491862753305,0.9443272408209995,18.429979772045982,4.1068838447421525,9.064353370751753,9.169296607881224,8.680970802756491
05/05/2023 11:40:57.312890,4190,True,True,True,True,Eyes,0.6248692,0.007804086,-1.901074,-0.7849677,-0.162572,0.5978261,0.0,0.0,0.0,0.0,0.0,0.0,0.0,1.645968,0.4116675,1.013269,0.4667538,0.01852072,-1.920206,0.1233115,-0.5787867,0.01271923,0.8060015,12.32765,287.8588,352.8121,0.3417035,0.004286029,-0.9397977,-0.1447506,-0.00568542,-0.03261552,-1.291319,-0.4293827,-0.9686731,0.365906,0.02799469,2.015485,0.3296883,-0.1222386,0.9361428,-0.1632455,0.969265,0.184055,-0.9298691,-0.2135019,0.2996005,moving,18.770326008612464,4.881520208509625,10.289825874744183,0.7957759287304963,-1.7580728,-0.44790342,0.9515329000000001,0.3207284835127349,0.08060006541288472,0.9437355881747598,18.490429797797333,4.279122554665244,9.299344149825671,9.41340474219014,8.909747943640477
05/05/2023 11:40:57.332354,4191,True,True,True,True,Eyes,0.6174889,0.008109003,-1.901511,-0.7889178,-0.1644807,0.5920767,0.0,0.0,0.0,0.0,0.0,0.0,0.0,1.66384,0.3984309,0.9878395,0.4556395,0.01848143,-1.922235,0.1219548,-0.5828367,0.01657646,0.8032146,12.42929,287.3278,353.2058,0.3387733,0.004247589,-0.9408582,-0.1360655,-0.005344294,-0.03065859,-1.311764,-0.4320113,-0.9901115,0.3628863,0.02607532,2.015725,0.3200531,-0.1155306,0.9403291,-0.1687884,0.9697044,0.1765891,-0.9322428,-0.2152346,0.2908567,moving,18.91996665819335,4.741146581148842,10.205510019703125,0.7411340628106015,-1.7674035,-0.45049273,0.9321234999999999,0.32325372676676456,0.07821670438071401,0.943074328883698,18.64008585971164,4.141548891186643,9.479947672335356,9.58863153171447,9.094222924796545
05/05/2023 11:40:57.343566,4192,True,True,True,True,Eyes,0.6099483,0.008443924,-1.902023,-0.7929761,-0.1664339,0.586079,0.0,0.0,0.0,0.0,0.0,0.0,0.0,1.684315,0.3929211,0.9541972,0.4449561,0.01867523,-1.924438,0.1241152,-0.5879917,0.02294238,0.7989586,13.02085,286.562,353.5589,0.3357963,0.004228615,-0.9419249,-0.1279016,-0.005023637,-0.02881907,-1.33149,-0.4515659,-1.020425,0.3597008,0.02405061,2.015977,0.307479,-0.1092974,0.9452569,-0.1826174,0.9681382,0.1713459,-0.9338669,-0.2253056,0.2777226,moving,19.240264454075998,5.108359489913027,10.116543831297886,0.6835063489197866,-1.7764461,-0.47024113,0.9040130000000002,0.32836272191955085,0.084102520665331,0.9407999900896793,18.9424206412771,4.496717230190028,10.01244760721932,10.140098782648241,9.614399549112083
05/05/2023 11:40:57.363434,4193,True,True,True,True,Eyes,0.6022553,0.008800245,-1.902631,-0.7972833,-0.1680703,0.5797342,0.0,0.0,0.0,0.0,0.0,0.0,0.0,1.705187,0.3826777,0.9200753,0.4337391,0.01971726,-1.926688,0.1241727,-0.593666,0.02653271,0.7946309,13.22914,285.7529,353.7921,0.3327682,0.004228685,-0.9429988,-0.1202275,-0.004722218,-0.02708993,-1.354746,-0.4579334,-1.05152,0.3564571,0.02198891,2.016235,0.2937136,-0.1052668,0.9500797,-0.1896016,0.9677543,0.1658398,-0.9369012,-0.2288461,0.2642838,moving,19.60399744635952,5.1536427497830175,10.025917595076356,0.6248387679352001,-1.7884851,-0.47765066,0.875168,0.3343128052814073,0.08465835673355615,0.938652193152858,19.29577391961603,4.538365051830936,10.463020118512965,10.594794908045987,10.062103371181939
05/05/2023 11:40:57.383091,4194,True,True,True,True,Eyes,0.5944328,0.009155075,-1.903358,-0.8017282,-0.1695936,0.5731229,0.0,0.0,0.0,0.0,0.0,0.0,0.0,1.726131,0.3664649,0.88755,0.4226547,0.02049465,-1.929382,0.1213246,-0.5996493,0.02750967,0.7905341,12.99198,284.9518,353.9907,0.3296847,0.004246983,-0.9440812,-0.1130138,-0.004438885,-0.02546453,-1.380875,-0.4497395,-1.082375,0.3528821,0.01971665,2.016519,0.2793278,-0.1020097,0.9547617,-0.188999,0.9690472,0.1588301,-0.9414113,-0.2248147,0.2514021,moving,19.97422854208914,4.7715556043954015,9.926004967710067,0.5601954822791865,-1.8035297000000001,-0.47023415,0.8470069999999998,0.3405510602349914,0.07821093757646322,0.9369674375114877,19.66698068633897,4.164145107001326,10.7799462022737,10.895060857051604,10.386291968188296
05/05/2023 11:40:57.393400,4195,True,True,True,True,Eyes,0.5864683,0.009499608,-1.904202,-0.8063757,-0.1710094,0.5661395,0.0,0.0,0.0,0.0,0.0,0.0,0.0,1.748154,0.3521531,0.8520774,0.4119156,0.02076642,-1.932869,0.1195509,-0.6059893,0.02984197,0.7858716,12.94826,284.0726,354.2294,0.3265426,0.004281622,-0.9451724,-0.106233,-0.004172552,-0.02393666,-1.405669,-0.4480733,-1.116372,0.3500178,0.01789597,2.016745,0.2637729,-0.09798919,0.9595948,-0.191797,0.9696341,0.1517354,-0.9453242,-0.2240711,0.2369691,moving,20.383112725884455,4.5718724813526235,9.845938337684421,0.5084116432058514,-1.8175846,-0.46883972,0.816497,0.3473214087159849,0.07474734644808362,0.934762317996192,20.0709508371421,3.9671450776229245,11.1861244267688,11.29352726434444,10.794152008584106
05/05/2023 11:40:57.413160,4196,True,True,True,True,Eyes,0.578402,0.009829613,-1.905189,-0.8111814,-0.1723896,0.558808,0.0,0.0,0.0,0.0,0.0,0.0,0.0,1.771234,0.3329157,0.8143018,0.4007494,0.0207836,-1.936533,0.1168871,-0.6127871,0.03308987,0.780855,12.89105,283.1435,354.6094,0.3233387,0.004330458,-0.946273,-0.09985904,-0.003922199,-0.02250046,-1.431405,-0.4455661,-1.152598,0.3468277,0.01586818,2.016999,0.2467942,-0.091577,0.9647313,-0.1949306,0.970485,0.1419896,-0.9492601,-0.2230978,0.2216588,moving,20.828263605408004,4.303911279657739,9.756729053880363,0.45074934886206364,-1.8321544,-0.46634970000000003,0.783935,0.35469163399252956,0.07016749964965185,0.9323466016062619,20.51211476465416,3.703471052094499,11.626004670645008,11.722872267094075,11.23648166759491
05/05/2023 11:40:57.433113,4197,True,True,True,True,Eyes,0.3743232,0.01766425,-1.934333,-0.9132316,-0.2055118,0.3518139,0.0,0.0,0.0,0.0,0.0,0.0,0.0,1.795929,0.3111154,0.7731339,0.3904711,0.02068868,-1.940875,0.1144897,-0.6202892,0.03811274,0.775036,12.98813,282.1006,355.1163,0.3200712,0.00439134,-0.947383,0.0,0.0,0.0,-1.456082,-0.4477709,-1.193639,0.3436105,0.01382353,2.017254,0.2275775,-0.08295594,0.9702199,-0.2011109,0.9708791,0.1301854,-0.9527659,-0.2247491,0.2042669,moving,8.662968432654207,1.7351788844661578,9.666741745402895,0.3926216181685795,-1.8465531000000002,-0.46845958000000004,0.747236,0.15055440750211602,0.029934817465328806,0.9881484465888788,8.72239030869993,1.2848084273200373,1.6648377404614016,1.6763116884025184,1.299152392303079
05/05/2023 11:40:57.442950,4198,True,True,True,True,Eyes,0.3739215,0.01766432,-1.934524,-0.9134706,-0.2056986,0.3510833,0.0,0.0,0.0,0.0,0.0,0.0,0.0,1.820292,0.2910821,0.7290599,0.3804,0.02050065,-1.945404,0.1134285,-0.6279864,0.0443555,0.7686349,13.30176,280.9907,355.6227,0.304713,0.004959995,-0.952431,-0.6122365,0.02350392,-0.08743143,-1.478876,-0.4575324,-1.237639,0.3404085,0.01178832,2.017507,0.2073313,-0.0742768,0.9754469,-0.2106495,0.9703331,0.118661,-0.9553222,-0.2300796,0.185534,moving,9.697762668724883,2.0049106560298835,9.577158067961648,0.3347761852799083,-1.8592760000000002,-0.47803305,0.707765,0.16835068669066916,0.03448581306947555,0.9851237027058722,9.723857181795092,1.5403910074258214,1.6505830982288696,1.6744833890225843,1.2145071960994875
05/05/2023 11:40:57.462990,4199,True,True,True,True,Eyes,0.3731559,0.0176949,-1.934892,-0.9138492,-0.2062474,0.3497735,0.0,0.0,0.0,0.0,0.0,0.0,0.0,1.843451,0.2718813,0.6842993,0.370572,0.02047739,-1.950065,0.1127969,-0.6356294,0.05048585,0.762039,13.65599,279.8662,356.0789,0.2917598,0.005431315,-0.956476,-0.5755023,0.02209369,-0.08218554,-1.500289,-0.468841,-1.282519,0.337226,0.009765118,2.01776,0.186853,-0.06644968,0.980138,-0.2203384,0.9694561,0.1077307,-0.9573594,-0.2360919,0.1665043,moving,10.714658426447414,2.2799498934451354,9.488088253869021,0.2772855442598366,-1.870861,-0.48931839,0.667546,0.18577588959844954,0.03908960694684928,0.9818142253615473,10.707733225904109,1.8012563610939147,2.317692993589047,2.348433282798718,1.9519274854287998
05/05/2023 11:40:57.483063,4200,True,True,True,True,Eyes,0.3720409,0.01772322,-1.935438,-0.9144098,-0.2069288,0.3479012,0.0,0.0,0.0,0.0,0.0,0.0,0.0,1.86467,0.2554453,0.6403666,0.3611719,0.02148761,-1.954842,0.1135946,-0.6427847,0.05693172,0.7554356,14.17099,278.7712,356.4511,0.28079,0.005824516,-0.9597512,-0.5409722,0.02076807,-0.07725441,-1.518507,-0.4851302,-1.327023,0.3340108,0.007721379,2.018016,0.1671732,-0.06001723,0.9840992,-0.2320502,0.9677101,0.09843712,-0.9582306,-0.2448165,0.1478482,moving,11.662093108973234,2.7030561818351817,9.39807709608521,0.2192253529301923,-1.8796789,-0.5066178100000001,0.6278189999999999,0.2019236696783509,0.046188302231388624,0.9783115699650753,11.61990641286445,2.2066492514327822,3.321418353684394,3.360830863526493,2.981003063607775
05/05/2023 11:40:57.493530,4201,True,True,True,True,Eyes,0.3706124,0.01774718,-1.93618,-0.9150073,-0.2077198,0.3458527,0.0,0.0,0.0,0.0,0.0,0.0,0.0,1.882972,0.2392313,0.6011165,0.3518163,0.02165592,-1.959569,0.1131859,-0.6490817,0.06154748,0.7497292,14.4548,277.8206,356.765,0.2714504,0.006153739,-0.9624325,-0.5085139,0.01952198,-0.07261915,-1.536195,-0.4947616,-1.366629,0.330731,0.005636975,2.018276,0.1498096,-0.05464588,0.9872036,-0.2392216,0.9668017,0.08981881,-0.9593384,-0.2496162,0.1317637,moving,12.47196132133838,2.8840105320931375,9.306237902583613,0.16002471263564777,-1.8880113,-0.5164175200000001,0.5929399999999998,0.21570102186754325,0.04912980145442337,0.9752226905876251,12.40450397733017,2.37734438424155,4.1326736622933335,4.176350501174185,3.8099552748051977
05/05/2023 11:40:57.513413,4202,True,True,True,True,Eyes,0.3688727,0.01779386,-1.937112,-0.9156982,-0.2087872,0.3433724,0.0,0.0,0.0,0.0,0.0,0.0,0.0,1.89956,0.2226432,0.5659759,0.3431073,0.02113723,-1.964702,0.112957,-0.6544937,0.06704108,0.74457,14.83075,276.9969,357.1523,0.2631846,0.006440979,-0.9647237,-0.478003,0.01835066,-0.068262,-1.550547,-0.5077023,-1.402384,0.3276746,0.003694154,2.018518,0.134287,-0.04802572,0.9897781,-0.2476928,0.9654924,0.08045282,-0.9594871,-0.2559647,0.1177575,moving,13.13467321183776,3.1109945491350772,9.220633392110635,0.10485871157075795,-1.8936543,-0.5288395300000001,0.5623179999999999,0.22692303336797054,0.05285465022777175,0.9724773603149941,13.044410124330282,2.593801517803061,4.885477915605743,4.935236608745124,4.562466963229421
05/05/2023 11:40:57.533198,4203,True,True,True,True,Eyes,0.3668491,0.01785768,-1.938257,-0.9164515,-0.2099814,0.3406238,0.0,0.0,0.0,0.0,0.0,0.0,0.0,1.915122,0.2078085,0.5315351,0.3340351,0.02174781,-1.970115,0.1139092,-0.6594394,0.07286434,0.7394967,15.34141,276.2106,357.4761,0.2556365,0.006701239,-0.9667495,-0.4493228,0.01724962,-0.06416628,-1.562979,-0.5245831,-1.437607,0.3243998,0.00161273,2.018779,0.1196609,-0.04246654,0.9919063,-0.2579983,0.963431,0.07237168,-0.9587066,-0.2645701,0.1043287,moving,13.740879577763312,3.469533074334607,9.128880979910402,0.045771529641195,-1.8970140999999998,-0.54633091,0.532508,0.23712041694737251,0.05879182729698706,0.9696997175592224,13.625687796670963,2.9386338298069536,5.683581708874009,5.743924980491879,5.346954631842744
05/05/2023 11:40:57.547664,4204,True,True,True,True,Eyes,0.3645733,0.01790493,-1.939605,-0.9173363,-0.2112304,0.3374548,0.0,0.0,0.0,0.0,0.0,0.0,0.0,1.930373,0.1925964,0.4971968,0.325387,0.02219788,-1.975922,0.1130622,-0.6647552,0.07591373,0.7345438,15.48739,275.3966,357.6929,0.2487217,0.006938071,-0.9685499,-0.4223635,0.01621465,-0.0603163,-1.577975,-0.5297325,-1.47364,0.3213187,-0.0003457256,2.019023,0.1046752,-0.03879347,0.9937496,-0.2618413,0.9629081,0.06517019,-0.9594177,-0.2670264,0.09063485,moving,14.356022955457814,3.4789160997840867,9.042541010738624,-0.0098109915320551,-1.903362,-0.55193038,0.5022819999999999,0.24751747313471217,0.0587930435024973,0.9670979214917228,14.225088306842855,2.943684073270362,6.294959765327069,6.356438239654343,5.965059058732739
05/05/2023 11:40:57.563465,4205,True,True,True,True,Eyes,0.3620619,0.01793926,-1.941135,-0.9182628,-0.2126402,0.3340324,0.0,0.0,0.0,0.0,0.0,0.0,0.0,1.945246,0.1778681,0.462556,0.3172058,0.02183868,-1.982039,0.1123698,-0.6700552,0.07924844,0.7294648,15.67267,274.575,357.9185,0.2423651,0.007152958,-0.9701585,-0.3970217,0.01524177,-0.05669732,-1.591698,-0.5370909,-1.510496,0.3180762,-0.002406769,2.019279,0.08949161,-0.03497003,0.9953734,-0.2662058,0.9621854,0.05773795,-0.9597529,-0.2701413,0.07679828,moving,14.96316899375438,3.508795696412395,8.951659440696186,-0.06829053373167494,-1.9089038,-0.55892958,0.47154300000000005,0.25774625034296195,0.05913392255901067,0.9644014301143315,14.816140410272599,2.968730191692755,6.93192483136245,6.9952693303686475,6.604213195315657
05/05/2023 11:40:57.582946,4206,True,True,True,True,Eyes,0.359325,0.01797403,-1.942865,-0.919336,-0.2139644,0.3302129,0.0,0.0,0.0,0.0,0.0,0.0,0.0,1.959791,0.1599366,0.4277385,0.309134,0.02153771,-1.988289,0.1112508,-0.6753916,0.08321013,0.7242552,15.87543,273.7518,358.2279,0.2365,0.007347411,-0.9716035,-0.3732004,0.01432726,-0.05329549,-1.604753,-0.5445606,-1.547565,0.3148334,-0.004468068,2.019537,0.07384461,-0.02974504,0.9968261,-0.2708065,0.9613987,0.04874917,-0.9597973,-0.2735468,0.06293894,moving,15.552063435633961,3.5317655958701524,8.86073854635462,-0.12676223376239526,-1.9138870000000001,-0.56609831,0.4407239999999999,0.2676412014770363,0.0593545895154281,0.9616887358522788,15.389586750577097,2.987174318122353,7.561077849781411,7.626182180756308,7.233426554748651
05/05/2023 11:40:57.592986,4207,True,True,True,True,Eyes,0.3563728,0.01800633,-1.944782,-0.9205184,-0.2151149,0.3261464,0.0,0.0,0.0,0.0,0.0,0.0,0.0,1.973862,0.1391627,0.3931537,0.3011483,0.02152891,-1.994721,0.1087278,-0.6808938,0.08612999,0.7191269,15.88271,272.9276,358.559,0.231066,0.007523455,-0.9729087,-0.3508084,0.01346763,-0.05009776,-1.61918,-0.5449884,-1.584693,0.3116765,-0.006474771,2.019788,0.05793048,-0.02418741,0.9980276,-0.2719409,0.9615198,0.03908747,-0.9605687,-0.273669,0.04912379,moving,16.130123783694525,3.355699545405202,8.77220589669645,-0.18367065299080046,-1.9203283,-0.56651731,0.41002800000000006,0.2773800816487908,0.05623764939869394,0.9591129423942466,15.95783647339725,2.8120314451970496,8.10441575506702,8.164930926413279,7.785083033976232
05/05/2023 11:40:57.613288,4208,True,True,True,True,Eyes,0.3532199,0.01801222,-1.946897,-0.921863,-0.216042,0.3217057,0.0,0.0,0.0,0.0,0.0,0.0,0.0,1.987226,0.1187323,0.357994,0.2931815,0.0214289,-2.001227,0.105869,-0.6864682,0.0883674,0.7139639,15.81285,272.091,358.8584,0.2260089,0.007682771,-0.9740946,-0.3297598,0.01265957,-0.04709189,-1.633885,-0.543104,-1.622385,0.3085073,-0.008489326,2.020039,0.04190518,-0.01916911,0.9989377,-0.2715336,0.9619659,0.02985045,-0.9615163,-0.2724961,0.03510634,moving,16.694249389928604,3.117314110195692,8.683312103059436,-0.24078727549941653,-1.9270665,-0.5645329,0.3788420000000001,0.286874333689151,0.05209484779197074,0.9565507500647454,16.514182054909444,2.5763451997863736,8.63230090078892,8.68630883233829,8.322184784423932
05/05/2023 11:40:57.633173,4209,True,True,True,True,Eyes,0.3498752,0.0179906,-1.949207,-0.9234462,-0.2171268,0.3163908,0.0,0.0,0.0,0.0,0.0,0.0,0.0,1.999864,0.1001177,0.323125,0.2853819,0.0207279,-2.007988,0.1023521,-0.6920148,0.08918986,0.7090029,15.57962,271.2658,359.0966,0.2212808,0.00782564,-0.9751785,-0.3099743,0.01189999,-0.04426638,-1.649347,-0.5366692,-1.660093,0.3052741,-0.01054429,2.020296,0.02632157,-0.01518653,0.9995384,-0.26813,0.9631384,0.02169441,-0.9630232,-0.2685772,0.02127935,moving,17.18988257848239,2.72027425914798,8.59259860288305,-0.2990343145068918,-1.9347288999999999,-0.5573971,0.34789500000000007,0.29523538327367,0.04534436245335939,0.9543479591607391,17.008036180113198,2.186744910098546,9.068980275822074,9.112053337203585,8.774889627211115
05/05/2023 11:40:57.643352,4210,True,True,True,True,Eyes,0.3463549,0.01793266,-1.95172,-0.9251425,-0.2180352,0.3107606,0.0,0.0,0.0,0.0,0.0,0.0,0.0,2.011918,0.08257823,0.2882353,0.2776019,0.01997636,-2.015006,0.09914866,-0.6974074,0.09004119,0.7040491,15.37894,270.4507,359.3162,0.2168385,0.007952259,-0.9761748,-0.2913758,0.01118599,-0.04161039,-1.663868,-0.5315021,-1.697856,0.3020383,-0.01260086,2.020552,0.01103114,-0.01150718,0.999873,-0.2650808,0.9641243,0.01402029,-0.9641631,-0.2652018,0.007585064,moving,17.65351098546305,2.3683895218183904,8.501796801835967,-0.3573116340261546,-1.9414699,-0.55147846,0.31715000000000004,0.30302475211974145,0.039381464087528836,0.9521687057169765,17.46947436189151,1.8412920731208433,9.514735575117463,9.5489957215287,9.233260479495002
05/05/2023 11:40:57.663354,4211,True,True,True,True,Eyes,0.3426696,0.0178189,-1.954455,-0.926932,-0.2191946,0.3045503,0.0,0.0,0.0,0.0,0.0,0.0,0.0,2.023334,0.0687616,0.2534659,0.2700257,0.01899793,-2.02227,0.09656616,-0.7026142,0.0903434,0.6991755,15.18797,269.6448,359.4439,0.2126438,0.008062367,-0.9770963,-0.2738932,0.01051483,-0.03911377,-1.677413,-0.5273721,-1.735696,0.2987993,-0.0146596,2.020809,-0.003657547,-0.009365743,0.9999495,-0.2620293,0.9650261,0.00808025,-0.9650531,-0.2619865,-0.005983733,moving,18.068584032107744,2.038302750403591,8.410882090181731,-0.4156347660430185,-1.9474387,-0.5463700300000001,0.2865739999999999,0.30997783588290406,0.033815667456699935,0.9501422695675943,17.88299233330776,1.517370306175091,9.937780132294652,9.964588106575485,9.667335779166564
05/05/2023 11:40:57.673308,4212,True,True,True,True,Eyes,0.3388425,0.01764916,-1.957395,-0.9287575,-0.2203377,0.2980953,0.0,0.0,0.0,0.0,0.0,0.0,0.0,2.034091,0.05839593,0.219162,0.2625334,0.01751198,-2.029714,0.09476575,-0.7075254,0.09054401,0.6944273,15.05465,268.864,359.5048,0.2086629,0.00815473,-0.9779534,-0.2574596,0.009883945,-0.03676695,-1.689636,-0.5260419,-1.772948,0.2955745,-0.0167095,2.021065,-0.01758066,-0.008345893,0.9998107,-0.2598508,0.9656425,0.003491494,-0.9654888,-0.2597402,-0.01914527,moving,18.44200397466546,1.7886761837479592,8.320346025158337,-0.473691848048364,-1.9521693999999998,-0.5435538799999999,0.2567659999999998,0.316205856818102,0.0296116867049269,0.9482283521673713,18.253737407465998,1.272011271950355,10.34957426984868,10.371415947599186,10.085620642145797
05/05/2023 11:40:57.693322,4213,True,True,True,True,Eyes,0.3348788,0.0174359,-1.960549,-0.9305578,-0.2217925,0.291325,0.0,0.0,0.0,0.0,0.0,0.0,0.0,2.044396,0.05187014,0.1859324,0.2554262,0.01600658,-2.037478,0.09445728,-0.7120125,0.09122423,0.6897784,15.0828,268.1146,359.4861,0.2048664,0.008228244,-0.9787551,-0.2420121,0.009290908,-0.03456093,-1.699267,-0.530563,-1.809413,0.2924327,-0.01870638,2.021314,-0.03056717,-0.008660507,0.9994953,-0.2603585,0.9655119,0.0004035884,-0.965028,-0.2602148,-0.03176786,moving,18.764056574644503,1.7098132942807935,8.232123636522596,-0.5302323275027232,-1.9546932000000001,-0.54656958,0.22806500000000018,0.32154335809881696,0.028252920693106972,0.9464732585535287,18.569805990203943,1.1931432466212726,10.74682354480276,10.767516696098903,10.480348267834515
05/05/2023 11:40:57.712950,4214,True,True,True,True,Eyes,0.3307964,0.01717016,-1.963915,-0.932366,-0.2231876,0.2843958,0.0,0.0,0.0,0.0,0.0,0.0,0.0,2.054178,0.04810938,0.1542537,0.2482739,0.01478948,-2.045457,0.09465797,-0.7161052,0.09142496,0.6854741,15.11225,267.4155,359.3928,0.2012281,0.00828255,-0.9795091,-0.2274913,0.008733454,-0.03248727,-1.708244,-0.5351622,-1.844361,0.2893519,-0.02066475,2.021558,-0.04233028,-0.01023126,0.9990513,-0.260909,0.9653627,-0.001168597,-0.9644349,-0.260711,-0.04353355,moving,19.026162266168235,1.6652298463570474,8.145597728534103,-0.5856679463090829,-1.9565179000000001,-0.54995168,0.20109599999999994,0.32587681338533675,0.027473351286871655,0.9450129900029347,18.82651324964031,1.1480261130498517,11.090706946730155,11.110950703276957,10.820704758030502
05/05/2023 11:40:57.732014,4215,True,True,True,True,Eyes,0.3266053,0.01683719,-1.967497,-0.9341025,-0.2248701,0.2772831,0.0,0.0,0.0,0.0,0.0,0.0,0.0,2.063775,0.04554979,0.124481,0.2414415,0.0132779,-2.053842,0.0946399,-0.7198911,0.09112649,0.6815395,15.08216,266.7702,359.285,0.1977254,0.008316884,-0.980222,-0.2138419,0.008209446,-0.03053804,-1.716901,-0.5381921,-1.878089,0.2861135,-0.02272303,2.021815,-0.05309449,-0.01204823,0.9985167,-0.2604734,0.9654785,-0.002200647,-0.96402,-0.260204,-0.05439982,moving,19.22536045448296,1.5530133260707255,8.054625697679747,-0.6439159387231189,-1.9583425,-0.5514699999999999,0.17575300000000005,0.32917676549329705,0.025591443240069883,0.9439214453640365,19.023720013676254,1.0375202330320734,11.366247111426771,11.384718406766106,11.097218467386934
05/05/2023 11:40:57.743522,4216,True,True,True,True,Eyes,0.3223208,0.01645534,-1.971287,-0.9358051,-0.2265505,0.2700808,0.0,0.0,0.0,0.0,0.0,0.0,0.0,2.072972,0.0415443,0.09624767,0.2347068,0.01137653,-2.062277,0.0945446,-0.7233683,0.09150287,0.6778103,15.10253,266.1753,359.244,0.1943382,0.008329829,-0.980899,-0.2010114,0.00771688,-0.02870576,-1.724619,-0.5429591,-1.910051,0.2829338,-0.02474448,2.022067,-0.0632689,-0.01273796,0.9979152,-0.2608243,0.9653771,-0.004213942,-0.9633108,-0.2605472,-0.06440069,moving,19.372502311899403,1.4720662361881407,7.965286693666614,-0.7011060994716438,-1.9593257999999998,-0.5543356300000001,0.15222599999999997,0.3316109754310472,0.024235962121022154,0.9431048361018183,19.169338468362092,0.9577842253604523,11.595030084026549,11.612374699488951,11.326195004496366
05/05/2023 11:40:57.763205,4217,True,True,True,True,Eyes,0.3179368,0.01606395,-1.975245,-0.9373819,-0.2285247,0.2628531,0.0,0.0,0.0,0.0,0.0,0.0,0.0,2.082098,0.03632922,0.06948233,0.2282622,0.009835124,-2.071009,0.09466242,-0.7265766,0.09251057,0.6742162,15.19339,265.6172,359.2392,0.1910497,0.008321048,-0.9815448,-0.1889507,0.007253867,-0.02698341,-1.731047,-0.5495883,-1.940995,0.2797448,-0.02677125,2.02232,-0.07294342,-0.01281475,0.9972539,-0.2623032,0.9649617,-0.006786151,-0.9622247,-0.2620779,-0.07374894,moving,19.483059593551282,1.4330060862628504,7.875668585573104,-0.758430934174368,-1.9593092,-0.559423424,0.13001400000000007,0.3334354449692982,0.0235769302240208,0.942478142736821,19.278164597369614,0.9190461594689237,11.795431356140206,11.812447766091305,11.525226448913411
05/05/2023 11:40:57.783232,4218,True,True,True,True,Eyes,0.3134529,0.01563128,-1.979408,-0.938951,-0.230259,0.25564,0.0,0.0,0.0,0.0,0.0,0.0,0.0,2.090872,0.03180271,0.04491496,0.22161,0.009277627,-2.079803,0.09524816,-0.7293261,0.09351805,0.6710184,15.32161,265.1241,359.2022,0.1878444,0.008292242,-0.9821635,-0.1776136,0.006818635,-0.0253644,-1.736868,-0.5567353,-1.969888,0.2764129,-0.02888909,2.022585,-0.08132417,-0.01342927,0.9965972,-0.2644386,0.9643643,-0.008583754,-0.9609675,-0.2642368,-0.08197728,moving,19.531102038190763,1.4620118830613407,7.782014673336694,-0.8183143765885638,-1.9584780000000002,-0.566012927,0.10991499999999998,0.3342218316630137,0.0240469464124976,0.9421876186248972,19.32421548214613,0.946949751937844,11.950366975345256,11.968330784091092,11.676410276893465
05/05/2023 11:40:57.793364,4219,True,True,True,True,Eyes,0.3089112,0.01511901,-1.983778,-0.940491,-0.2319311,0.248364,0.0,0.0,0.0,0.0,0.0,0.0,0.0,2.099495,0.0286779,0.02344942,0.2148026,0.007825896,-2.088792,0.09371239,-0.7317997,0.09207428,0.6687374,15.07586,264.7337,359.1686,0.1847084,0.008243342,-0.9827585,-0.1669568,0.006409517,-0.02384254,-1.746176,-0.5519643,-1.995603,0.2732599,-0.03089326,2.022835,-0.08801686,-0.01401038,0.9960206,-0.2603044,0.9654806,-0.009421913,-0.9615065,-0.2600978,-0.08862558,moving,19.479002245168555,1.1273428730537531,7.693376281856593,-0.8749679611957766,-1.9609786,-0.559790196,0.09318900000000019,0.3334040126378889,0.018548876223297088,0.9426015787553175,19.28244802913008,0.62166757232032,11.942028583010849,11.954506598937742,11.685311372985982
05/05/2023 11:40:57.813015,4220,True,True,True,True,Eyes,0.3043106,0.01456845,-1.988368,-0.9419805,-0.2335611,0.2410851,0.0,0.0,0.0,0.0,0.0,0.0,0.0,2.108441,0.02307477,0.003025055,0.2089626,0.005383559,-2.098181,0.09197753,-0.7341904,0.09176171,0.6663966,14.91158,264.3586,359.2435,0.1816315,0.0081724,-0.9833325,-0.1569394,0.006024946,-0.02241199,-1.75369,-0.5504609,-2.021115,0.2700827,-0.03291236,2.023087,-0.09491146,-0.01275862,0.9954041,-0.2573574,0.9662398,-0.01215409,-0.961644,-0.2573282,-0.09499082,moving,19.414113113359125,0.8395510310053865,7.604041951872083,-0.9320276330509362,-1.9626526,-0.555844459,0.07706599999999986,0.33236172791481317,0.013819445924210826,0.943050783355434,19.22694979525424,0.34208095082485773,11.933592703824264,11.942205483173007,11.692533490191952
05/05/2023 11:40:57.832995,4221,True,True,True,True,Eyes,0.2996355,0.01399492,-1.99306,-0.9440681,-0.234296,0.2320363,0.0,0.0,0.0,0.0,0.0,0.0,0.0,2.117529,0.01947516,-0.01934576,0.2030168,0.003923066,-2.10795,0.09195464,-0.7366398,0.09220579,0.6636297,14.94505,263.9287,359.2235,0.1786038,0.008079731,-0.9838876,-0.147523,0.005663449,-0.02106727,-1.759198,-0.555153,-2.048793,0.2668576,-0.03496256,2.023343,-0.1022801,-0.01309387,0.9946696,-0.2578559,0.9660848,-0.01379725,-0.9607546,-0.2578926,-0.1021877,moving,19.296603428213526,0.8427568468871768,7.513344789058095,-0.9899496966522899,-1.9622148,-0.559076066,0.05915700000000035,0.3304266047349191,0.013882208447545764,0.9437296120940956,19.112312721887374,0.3459794187972381,11.915995399724288,11.924931757958344,11.675648320684708
05/05/2023 11:40:57.843385,4222,True,True,True,True,Eyes,0.2949293,0.01336779,-1.997969,-0.9460664,-0.2349794,0.2230314,0.0,0.0,0.0,0.0,0.0,0.0,0.0,2.126603,0.02061814,-0.04283047,0.196982,0.00279443,-2.117992,0.09163295,-0.7392945,0.09052487,0.6609482,14.7723,263.4735,359.0624,0.1756171,0.007966449,-0.9844261,-0.1386717,0.005323642,-0.01980323,-1.766482,-0.5531086,-2.07787,0.263675,-0.03698515,2.023595,-0.1095021,-0.01582299,0.9938606,-0.255152,0.9668173,-0.01271983,-0.9606804,-0.2549783,-0.1099058,moving,19.207945674940916,0.6899642155997731,7.423830462930269,-1.0470756688243719,-1.963464,-0.55590303,0.04012200000000021,0.3289763284003378,0.011371584185747977,0.9442696751694506,19.03000572054451,0.19790252399852554,11.904172858714931,11.911451586184656,11.672757806579453
05/05/2023 11:40:57.868344,4223,True,True,True,True,Eyes,0.2901932,0.01270622,-2.003128,-0.9479057,-0.235847,0.2141288,0.0,0.0,0.0,0.0,0.0,0.0,0.0,2.13549,0.02318186,-0.0658493,0.1916173,0.0009131953,-2.128021,0.09211869,-0.7417967,0.0895661,0.6582019,14.72293,263.0222,358.8885,0.172665,0.007831989,-0.9849492,-0.1303513,0.005004224,-0.01861504,-1.771711,-0.5560597,-2.106716,0.2604689,-0.03902322,2.023849,-0.1165688,-0.0187615,0.9930054,-0.2545718,0.9669841,-0.0116143,-0.9600025,-0.2541451,-0.1174963,moving,19.121417915108996,0.6526846700375842,7.33364036236964,-1.1046223235403805,-1.9633283000000001,-0.5569728953,0.021304999999999907,0.3275521644688779,0.010762831103705718,0.9447718812016559,18.946661626031446,0.16220391771025383,11.910951527810353,11.91804629553619,11.681913866990396
05/05/2023 11:40:57.873021,4224,True,True,True,True,Eyes,0.2854311,0.01201029,-2.008499,-0.9496648,-0.2366342,0.2052828,0.0,0.0,0.0,0.0,0.0,0.0,0.0,2.144431,0.02351338,-0.08774853,0.1862733,-0.0005696639,-2.138255,0.09369611,-0.7439387,0.09043521,0.655437,14.91468,262.6005,358.7631,0.169742,0.007676835,-0.9854583,-0.1225303,0.004703971,-0.01749814,-1.774444,-0.5666286,-2.13452,0.2571658,-0.0411231,2.024111,-0.1232467,-0.02085916,0.9921569,-0.2579575,0.966085,-0.01173272,-0.958263,-0.2573803,-0.1244476,moving,19.006989242480433,0.8457439312490282,7.240705918774675,-1.163896628068635,-1.9607173,-0.5660589361,0.003734999999999822,0.3256517745108538,0.013955883192223496,0.9453867780050538,18.829910817867507,0.3508063668339954,11.926851110738205,11.936669486559927,11.68777118855106
05/05/2023 11:40:57.893076,4225,True,True,True,True,Eyes,0.2806533,0.01139179,-2.014093,-0.9513027,-0.2375929,0.1963993,0.0,0.0,0.0,0.0,0.0,0.0,0.0,2.153324,0.0230163,-0.109632,0.1808395,-0.001995903,-2.148638,0.09360594,-0.7462777,0.08980525,0.6528725,14.84854,262.188,358.6692,0.1668436,0.007501441,-0.9859545,-0.1151785,0.004421732,-0.01644825,-1.779699,-0.568145,-2.162304,0.2540157,-0.04312549,2.024361,-0.1299909,-0.02244929,0.9912611,-0.2569748,0.9663459,-0.01181382,-0.9576359,-0.2562648,-0.1313851,moving,18.887007055190825,0.7596134014191901,7.152062453899293,-1.2204023285697858,-1.9605385,-0.566149097,-0.013665999999999734,0.3236773825577858,0.012543688720300178,0.9460843017892322,18.715271405929172,0.26779837346001883,11.891880281580441,11.900814555583372,11.658582357981004
05/05/2023 11:40:57.913071,4226,True,True,True,True,Eyes,0.2758172,0.01096218,-2.019913,-0.9528915,-0.2384317,0.1874785,0.0,0.0,0.0,0.0,0.0,0.0,0.0,2.1626,0.02110145,-0.1345742,0.1758081,-0.0006610975,-2.159742,0.09551554,-0.748919,0.09067895,0.6494417,15.06329,261.6635,358.4995,0.1639661,0.007311738,-0.9864386,-0.1082677,0.004156428,-0.01546135,-1.781509,-0.5766521,-2.194157,0.2510009,-0.04504168,2.024601,-0.1382044,-0.02528543,0.990081,-0.2608482,0.9653082,-0.01175878,-0.9554359,-0.2598859,-0.1400055,moving,18.867705044235525,0.9806513358569704,7.067212030448461,-1.2744597731737288,-1.9573171,-0.5759910025,-0.034415000000000084,0.3233417015272193,0.016195393742331227,0.9461437140172757,18.690497753202447,0.48299280336017786,12.001731751894791,12.014040181492277,11.755399208514456
05/05/2023 11:40:57.923481,4227,True,True,True,True,Eyes,0.2709489,0.01051626,-2.026002,-0.9545597,-0.2385881,0.1785821,0.0,0.0,0.0,0.0,0.0,0.0,0.0,2.171288,0.02897606,-0.161783,0.1696656,0.003522992,-2.170877,0.09728341,-0.7518768,0.08715403,0.6462364,14.87993,261.0974,358.0049,0.1611046,0.007118532,-0.9869114,-0.1017717,0.003907043,-0.01453367,-1.787653,-0.5702683,-2.228487,0.2477785,-0.04708964,2.024856,-0.145829,-0.03364608,0.9887375,-0.2589345,0.9658803,-0.005322017,-0.9548229,-0.2567943,-0.1495656,moving,18.89537852028988,0.9550771348440963,6.976511789635793,-1.332218880479523,-1.9573186,-0.5737912919999999,-0.05760999999999994,0.32380084365540035,0.015770459905365283,0.9459938556928023,18.718163689087984,0.4579259932125493,12.124131776510778,12.136354774181916,11.877331686734829
05/05/2023 11:40:57.943488,4228,True,True,True,True,Eyes,0.266123,0.01014742,-2.032283,-0.9560251,-0.2392762,0.1695963,0.0,0.0,0.0,0.0,0.0,0.0,0.0,2.180157,0.03631413,-0.1868312,0.1640352,0.002548814,-2.182291,0.09309894,-0.7551656,0.07973156,0.6439724,13.90586,260.6391,357.7611,0.1582552,0.0069214,-0.9873738,0.0,0.0,0.0,-1.801078,-0.5410646,-2.260493,0.2445751,-0.04912593,2.02511,-0.1532646,-0.03792041,0.9874575,-0.2433001,0.9699509,-0.0005147887,-0.9577657,-0.2403274,-0.1578851,moving,18.848514335772194,0.02588139384013196,6.886332451899982,-1.3896314396168559,-1.9651132,-0.543613414,-0.07820199999999966,0.323067110514591,0.00042749275415239485,0.9463759591430028,18.69752442386937,-0.445856053479059,12.043174491772154,12.045641203544209,11.848838245929164
05/05/2023 11:40:57.963475,4229,True,True,True,True,Eyes,0.2612449,0.009978525,-2.03879,-0.9573668,-0.2401201,0.1605968,0.0,0.0,0.0,0.0,0.0,0.0,0.0,2.188133,0.02377799,-0.2162173,0.1603092,0.004139535,-2.193063,0.09690915,-0.7582577,0.08567575,0.6389943,14.70115,259.9562,357.7798,0.155419,0.006724573,-0.9878255,0.0,0.0,0.0,-1.795335,-0.5683425,-2.296499,0.2413788,-0.05115764,2.025364,-0.16459,-0.03747157,0.9856502,-0.2564568,0.9665366,-0.006079802,-0.9524391,-0.2537774,-0.1686922,moving,18.958794092160097,0.75498899763403,6.796339489272969,-1.446897327045896,-1.9556441999999998,-0.572482035,-0.10343599999999986,0.32486287471013464,0.01246197648013591,0.9456791190006079,18.785375411571668,0.26282284925066574,12.35021574194731,12.360162027825636,12.11033135085098
05/05/2023 11:40:57.983048,4230,True,True,True,True,Eyes,0.2563617,0.009900832,-2.04548,-0.9587458,-0.2405107,0.1515296,0.0,0.0,0.0,0.0,0.0,0.0,0.0,2.195807,0.01970256,-0.2474937,0.1541641,0.008832749,-2.204396,0.0988878,-0.7616302,0.08591337,0.6346335,14.85558,259.2845,357.5342,0.1525924,0.006537813,-0.9882673,0.0,0.0,0.0,-1.797415,-0.5718679,-2.334015,0.2380181,-0.05329339,2.025631,-0.1749233,-0.04158485,0.9837037,-0.2596789,0.9656802,-0.005353394,-0.9497205,-0.2563834,-0.1797187,moving,19.075265635728435,0.9638646185518558,6.701706010211417,-1.5070770951683423,-1.9515791,-0.580700649,-0.12961899999999993,0.32676865368407887,0.015898374312176076,0.9449706948747216,18.893284204496855,0.46528316407577014,12.604585870770238,12.617865538942288,12.350092463606162
05/05/2023 11:40:57.993351,4231,True,True,True,True,Eyes,0.2514994,0.009865057,-2.052337,-0.9599452,-0.2412516,0.1424883,0.0,0.0,0.0,0.0,0.0,0.0,0.0,2.203033,0.02227087,-0.2765136,0.1492755,0.01089355,-2.21538,0.09635819,-0.7653453,0.0807747,0.6312189,14.19881,258.693,357.3086,0.1497741,0.006364529,-0.9886995,0.0,0.0,0.0,-1.806163,-0.5502344,-2.369699,0.2349257,-0.05525938,2.025876,-0.184556,-0.04552153,0.9817673,-0.2494676,0.9683811,-0.001994879,-0.9506341,-0.2452873,-0.1900766,moving,19.14991355595373,0.3376791199045785,6.614619341392927,-1.5624571191160301,-1.9554385,-0.56112795,-0.1543190000000001,0.3280358944990789,0.005567458824889862,0.9446488725790723,18.982930134303675,-0.14448048967404487,12.672892441950768,12.678490398010362,12.449328077919553
05/05/2023 11:40:58.013019,4232,True,True,True,True,Eyes,0.2466291,0.009897773,-2.059341,-0.9610624,-0.2420068,0.1333855,0.0,0.0,0.0,0.0,0.0,0.0,0.0,2.209746,0.009409079,-0.3057327,0.1449834,0.0119239,-2.226067,0.09780591,-0.7685105,0.08449002,0.6266475,14.6221,258.0502,357.3677,0.146965,0.006205391,-0.989122,0.0,0.0,0.0,-1.803658,-0.5652379,-2.404568,0.2317192,-0.05729724,2.02613,-0.195494,-0.04443882,0.9796975,-0.2562206,0.9665909,-0.007283302,-0.946643,-0.2524426,-0.2003489,moving,19.228416171369098,0.6887998565715263,6.524309398004842,-1.619844397391196,-1.9486414,-0.5771618,-0.1785009999999998,0.32931374469029495,0.01135098071129119,0.9441522823915627,19.049992131335863,0.19663387192554144,12.902265219935625,12.912171281407115,12.656710522049826
05/05/2023 11:40:58.032829,4233,True,True,True,True,Eyes,0.2417848,0.009960696,-2.066466,-0.9620717,-0.242836,0.124293,0.0,0.0,0.0,0.0,0.0,0.0,0.0,2.215669,-0.008209832,-0.335182,0.1400267,0.01357358,-2.236473,0.09642392,-0.7719857,0.08671642,0.6222708,14.7079,257.4289,357.5733,0.1441645,0.00606227,-0.9895349,0.0,0.0,0.0,-1.805025,-0.5676124,-2.438883,0.2285014,-0.05934256,2.026386,-0.2069633,-0.04095358,0.9774913,-0.2567979,0.9663653,-0.01388408,-0.9440452,-0.2538913,-0.2105189,moving,19.303524703807483,0.6474085196639896,6.433667744996083,-1.6774231348973427,-1.9450517,-0.58118598,-0.20240999999999998,0.3305536602060399,0.010664012020908262,0.9437269654184406,19.124324981371966,0.1558626744165687,13.068511523137717,13.078152023979404,12.822391272684333
05/05/2023 11:40:58.043427,4234,True,True,True,True,Eyes,0.2369541,0.0100659,-2.073702,-0.9629225,-0.2439706,0.1151462,0.0,0.0,0.0,0.0,0.0,0.0,0.0,2.220766,-0.02270876,-0.3641264,0.1358886,0.01437117,-2.246382,0.09545989,-0.7753855,0.08865354,0.6179041,14.80033,256.8063,357.7191,0.1413739,0.005934992,-0.9899382,0.0,0.0,0.0,-1.805137,-0.5712917,-2.472687,0.2253139,-0.06136869,2.026639,-0.218164,-0.03847764,0.9751533,-0.2575952,0.9660559,-0.01951122,-0.9413019,-0.2554514,-0.2206703,moving,19.375914088654184,0.6139415300677294,6.343872129615846,-1.7344444755247757,-1.9410256,-0.58566287,-0.22630499999999998,0.33174764919116295,0.010108280765349191,0.9433140314662749,19.195793568066247,0.12281977395005833,13.232461063703692,13.241942246264275,12.985427030039418
05/05/2023 11:40:58.063232,4235,True,True,True,True,Eyes,0.2321209,0.01020885,-2.081057,-0.9636906,-0.2450665,0.1060325,0.0,0.0,0.0,0.0,0.0,0.0,0.0,2.225256,-0.03751328,-0.3932538,0.131464,0.01555099,-2.256168,0.09725086,-0.7783881,0.09295923,0.6131987,15.30665,256.1621,357.7782,0.138594,0.005823958,-0.9903319,0.0,0.0,0.0,-1.800832,-0.5889392,-2.506106,0.2221,-0.06341142,2.026893,-0.2290591,-0.03739288,0.9726939,-0.2654028,0.9638017,-0.02544851,-0.9365325,-0.2639849,-0.2306918,moving,19.456460628036396,1.025297529873012,6.253327164744716,-1.7919160491673312,-1.932296,-0.60449019,-0.24993799999999977,0.3330430386663222,0.01687233164269886,0.9427606864033423,19.263224485805317,0.5225285438942888,13.484511538808272,13.500349091761363,13.21416217846943
05/05/2023 11:40:58.073194,4236,True,True,True,True,Eyes,0.2272983,0.01037322,-2.088509,-0.9643905,-0.2461088,0.0968581,0.0,0.0,0.0,0.0,0.0,0.0,0.0,2.229482,-0.04479051,-0.4220273,0.1265751,0.01659629,-2.265922,0.09643968,-0.7815924,0.09273008,0.6092733,15.2167,255.5753,357.7575,0.1358243,0.005729289,-0.9907162,0.0,0.0,0.0,-1.802876,-0.5868539,-2.539031,0.2188724,-0.06546281,2.027149,-0.2389712,-0.03775715,0.9702925,-0.263749,0.964201,-0.02743801,-0.934521,-0.2624705,-0.2403748,moving,19.49769592254359,0.8753347481766245,6.162384741939273,-1.8496123049102557,-1.9294510999999999,-0.60345019,-0.2731089999999998,0.33373435159170894,0.014401012884410192,0.9425571934152666,19.307463413521145,0.37634366893611,13.597123933135482,13.610872886250805,13.332215617802577
05/05/2023 11:40:58.093038,4237,True,True,True,True,Eyes,0.2224645,0.01055426,-2.096025,-0.9650146,-0.2470932,0.08770156,0.0,0.0,0.0,0.0,0.0,0.0,0.0,2.233114,-0.05045883,-0.4518242,0.1220931,0.01728301,-2.275584,0.09626544,-0.7848608,0.09267532,0.6050932,15.1872,254.9528,357.6866,0.1330655,0.00565031,-0.9910909,0.0,0.0,0.0,-1.803385,-0.5873415,-2.572905,0.2156551,-0.06750783,2.027405,-0.2491904,-0.03895554,0.9676708,-0.2632644,0.9642885,-0.02897532,-0.931985,-0.2619736,-0.2505471,moving,19.57215122386502,0.805353768323064,6.071721944343434,-1.9071104183833887,-1.9254781,-0.60462451,-0.29732100000000017,0.33496422631152306,0.01324362968020179,0.9421376569749507,19.381930064801466,0.30775953090398406,13.75722430113793,13.770223407611399,13.493231232813109
05/05/2023 11:40:58.112942,4238,True,True,True,True,Eyes,0.2176298,0.01073944,-2.103613,-0.9656171,-0.2478299,0.07851086,0.0,0.0,0.0,0.0,0.0,0.0,0.0,2.23618,-0.05326386,-0.4818459,0.1172125,0.01790271,-2.285049,0.09639486,-0.7880384,0.09206016,0.6010229,15.12733,254.3389,357.55,0.1303174,0.005586185,-0.9914563,0.0,0.0,0.0,-1.804324,-0.5869964,-2.60625,0.2126006,-0.06944929,2.027647,-0.2589593,-0.04126517,0.9650065,-0.2625862,0.9644659,-0.02922287,-0.92951,-0.2609649,-0.2605931,moving,19.637660599341693,0.7446188210576472,5.985642816257192,-1.9616808368793635,-1.9215365,-0.60489911,-0.3212010000000003,0.33604553738012666,0.012239929848189841,0.9417662019888864,19.447426847696295,0.24823096144506368,13.905277184662191,13.917673921607928,13.64196977952533
05/05/2023 11:40:58.133076,4239,True,True,True,True,Eyes,0.212812,0.01090879,-2.111254,-0.9661349,-0.2485398,0.06936312,0.0,0.0,0.0,0.0,0.0,0.0,0.0,2.23893,-0.05565754,-0.5106878,0.1124515,0.01815358,-2.294282,0.09470752,-0.7912566,0.08997197,0.597368,14.80513,253.7763,357.4874,0.1275803,0.005535558,-0.9918125,0.0,0.0,0.0,-1.807786,-0.5780622,-2.638598,0.209227,-0.07159375,2.027915,-0.2683637,-0.04238312,0.9623847,-0.2573686,0.965871,-0.02923137,-0.9283006,-0.2555323,-0.2701129,moving,19.66809386197003,0.39962761661055646,5.890561407519325,-2.021937192504886,-1.9202374999999998,-0.59621578,-0.34431600000000007,0.3365636592554927,0.006567858268310037,0.9416377679896363,19.48639239670069,-0.08764186465232116,13.980508573956692,13.988723196138693,13.732738936633748
05/05/2023 11:40:58.143423,4240,True,True,True,True,Eyes,0.2080115,0.01108753,-2.118958,-0.9665581,-0.2492935,0.06015162,0.0,0.0,0.0,0.0,0.0,0.0,0.0,2.241218,-0.06351864,-0.5387406,0.1082035,0.01795573,-2.303325,0.09429275,-0.7942243,0.09068074,0.5933747,14.8295,253.2023,357.5002,0.1248553,0.005496272,-0.9921595,0.0,0.0,0.0,-1.807133,-0.5808545,-2.669717,0.2061632,-0.07354118,2.028156,-0.2780306,-0.04216389,0.9596462,-0.2573945,0.9657718,-0.03213984,-0.9254441,-0.2559436,-0.2793668,moving,19.69264814653733,0.37078372271680926,5.804211729928538,-2.076642040821873,-1.9153365,-0.59881023,-0.36639199999999983,0.33696820149115747,0.006092881353183845,0.9414963277608229,19.511105814453018,-0.11586934972365573,14.09429951806533,14.102430959455827,13.846428239460483
05/05/2023 11:40:58.163026,4241,True,True,True,True,Eyes,0.2032376,0.01126501,-2.126731,-0.9668897,-0.2501077,0.05069879,0.0,0.0,0.0,0.0,0.0,0.0,0.0,2.242547,-0.07442443,-0.5690801,0.1039103,0.01836791,-2.312417,0.09408304,-0.7974533,0.09212721,0.5888372,14.93562,252.5609,357.5349,0.1221432,0.005467569,-0.9924971,0.0,0.0,0.0,-1.804954,-0.5858392,-2.702963,0.2029152,-0.07560594,2.028415,-0.2888385,-0.04155783,0.9564756,-0.2585495,0.965322,-0.03613511,-0.9218051,-0.2577335,-0.2895669,moving,19.765329300764407,0.4092798718894813,5.712654291162732,-2.1346207877658605,-1.9088642999999998,-0.60420711,-0.39054600000000006,0.3381608600113547,0.006722401177726767,0.9410642714244499,19.580919184220114,-0.07889518420731051,14.2722261523427,14.281075081788426,14.019799531417489
05/05/2023 11:40:58.183292,4242,True,True,True,True,Eyes,0.1984941,0.01139824,-2.134547,-0.9671057,-0.2510256,0.04114419,0.0,0.0,0.0,0.0,0.0,0.0,0.0,2.242924,-0.08402364,-0.601167,0.09977503,0.01852832,-2.321394,0.09355891,-0.8009326,0.09294509,0.5840504,14.96161,251.8783,357.5499,0.1194456,0.00544827,-0.9928256,0.0,0.0,0.0,-1.802798,-0.5884182,-2.737622,0.1996914,-0.07765491,2.028671,-0.3002635,-0.04129954,0.9529617,-0.258438,0.9652159,-0.03959925,-0.9181783,-0.2581717,-0.3004925,moving,19.87498121993915,0.36638384917666733,5.621776142409103,-2.192138293512085,-1.9025730299999999,-0.60694652,-0.4162279999999998,0.33996280632078907,0.006013694161415468,0.9404197238465559,19.688966137913685,-0.12135949005259411,14.472385153877179,14.481018283834773,14.21878895062731
05/05/2023 11:40:58.193323,4243,True,True,True,True,Eyes,0.1938112,0.01149923,-2.142423,-0.9670275,-0.2529958,0.02917309,0.0,0.0,0.0,0.0,0.0,0.0,0.0,2.241963,-0.09917063,-0.6344891,0.09585895,0.01760596,-2.330088,0.09317233,-0.8045166,0.09560906,0.5787322,15.16988,251.1486,357.6691,0.1167639,0.005435308,-0.9931446,0.0,0.0,0.0,-1.798044,-0.5978497,-2.772621,0.1965554,-0.07964803,2.02892,-0.3127762,-0.03925328,0.9490156,-0.2605814,0.9643557,-0.04599452,-0.9133831,-0.2616818,-0.3118562,moving,19.882183594938585,0.4063685274900741,5.533367903920049,-2.2480698696734045,-1.89390295,-0.6154556600000001,-0.44253300000000007,0.34007960419167504,0.0066696784665584985,0.94037306849783,19.694909433098974,-0.08250278987184784,14.582915611064694,14.59227723623546,14.326162754198336
05/05/2023 11:40:58.213216,4244,True,True,True,True,Eyes,0.1891579,0.01161539,-2.150336,-0.96675,-0.2551483,0.0171393,0.0,0.0,0.0,0.0,0.0,0.0,0.0,2.239748,-0.1199724,-0.6688032,0.09240665,0.0171557,-2.33866,0.09358005,-0.8081697,0.1001963,0.5727699,15.61374,250.3546,357.8293,0.1141006,0.005426502,-0.9934542,0.0,0.0,0.0,-1.789488,-0.6146834,-2.808615,0.1933209,-0.08170411,2.029177,-0.326355,-0.03647833,0.9445432,-0.2660359,0.962407,-0.05475149,-0.9070378,-0.2691508,-0.323791,moving,19.93898843860527,0.6518824490224537,5.442177382360379,-2.3057492219358555,-1.88189465,-0.6318391,-0.4699550000000001,0.34099980566872284,0.0106953354026278,0.9400025082051104,19.74366647644869,0.15600169125376656,14.782566858178113,14.795442403034787,14.511816146400038
05/05/2023 11:40:58.233323,4245,True,True,True,True,Eyes,0.1845619,0.01173377,-2.15832,-0.9662814,-0.2574388,0.005051637,0.0,0.0,0.0,0.0,0.0,0.0,0.0,2.236465,-0.1355726,-0.7055314,0.08854838,0.01768972,-2.347291,0.0947361,-0.8119935,0.1035052,0.5665495,15.98803,249.5028,357.8199,0.1114567,0.005422105,-0.9937543,0.0,0.0,0.0,-1.780834,-0.6286666,-2.846667,0.1901472,-0.08372099,2.029429,-0.3400937,-0.0365686,0.9396803,-0.2711318,0.9606236,-0.06074568,-0.9004577,-0.2754364,-0.3366169,moving,20.048933193755225,0.8771472286065736,5.352697012047264,-2.3623102766123694,-1.86938238,-0.64635632,-0.49937600000000026,0.34278710637938425,0.014381014272304957,0.9393030314527513,19.844771091619545,0.3744516814562599,15.032380523092463,15.04903461477385,14.748222846937947
05/05/2023 11:40:58.243599,4246,True,True,True,True,Eyes,0.1800045,0.01182983,-2.166333,-0.9656364,-0.2598003,-0.007083631,0.0,0.0,0.0,0.0,0.0,0.0,0.0,2.23262,-0.1460182,-0.742722,0.08506007,0.01788146,-2.355843,0.09571601,-0.8158903,0.1053341,0.5604162,16.2103,248.6444,357.7245,0.1088344,0.005421733,-0.9940448,0.0,0.0,0.0,-1.772677,-0.6381511,-2.885323,0.1869304,-0.08576633,2.029684,-0.3535446,-0.03812562,0.9346405,-0.2742494,0.9594864,-0.06460059,-0.894312,-0.2791638,-0.3496771,moving,20.164939765370384,0.9771083977057113,5.261998509988092,-2.419651074100365,-1.85773707,-0.65603256,-0.52948,0.34467968902787377,0.016007934794343884,0.938583874093553,19.95516221767317,0.47094303314823355,15.266439537695776,15.28514419201467,14.97479863082286
05/05/2023 11:40:58.263438,4247,True,True,True,True,Eyes,0.175493,0.0119048,-2.17436,-0.9647916,-0.2623059,-0.01930733,0.0,0.0,0.0,0.0,0.0,0.0,0.0,2.228257,-0.1588563,-0.7789986,0.08149771,0.01747703,-2.364372,0.09620661,-0.8196543,0.1075584,0.5543846,16.43887,247.814,357.7022,0.1062348,0.005423919,-0.9943261,0.0,0.0,0.0,-1.764346,-0.6482421,-2.922761,0.1836396,-0.08785764,2.029945,-0.3668042,-0.03845495,0.9295031,-0.2769698,0.958351,-0.06965045,-0.8881119,-0.2829923,-0.362178,moving,20.247811400408374,1.049321014820525,5.169209439505501,-2.4782603973089756,-1.84584371,-0.66571913,-0.558389,0.346030130136319,0.017181762768881663,0.9380660561298946,20.03400069328831,0.5406552133837417,15.465381420545148,15.485737557977195,15.168252057604464
05/05/2023 11:40:58.283395,4248,True,True,True,True,Eyes,0.1710305,0.01196811,-2.18241,-0.9637622,-0.2648828,-0.03161504,0.0,0.0,0.0,0.0,0.0,0.0,0.0,2.22272,-0.1754286,-0.8159657,0.07831385,0.01706709,-2.372895,0.0963321,-0.8235483,0.1104099,0.5479946,16.70444,246.9492,357.7466,0.1036591,0.005427416,-0.9945979,0.0,0.0,0.0,-1.754508,-0.6593425,-2.960757,0.1803845,-0.0899271,2.030203,-0.3808444,-0.03766028,0.9238719,-0.2796763,0.9570596,-0.07627682,-0.881328,-0.2874347,-0.3750235,moving,20.357069931511308,1.127228964694138,5.077424127733379,-2.536237771340403,-1.83282185,-0.67640959,-0.5878619999999999,0.34781049248391177,0.01844432675455245,0.9373834086261348,20.13840810722392,0.6157338793289171,15.690495310826257,15.71268800730607,15.387272783605734
05/05/2023 11:40:58.293372,4249,True,True,True,True,Eyes,0.1666135,0.01201375,-2.190467,-0.9625689,-0.2674362,-0.04403377,0.0,0.0,0.0,0.0,0.0,0.0,0.0,2.215685,-0.1925286,-0.854569,0.07510991,0.01687749,-2.381321,0.09629611,-0.8276336,0.113097,0.5412566,16.94464,246.0379,357.7853,0.1011089,0.00543154,-0.9948602,0.0,0.0,0.0,-1.74405,-0.669247,-2.999772,0.1773522,-0.09185392,2.030443,-0.3955365,-0.0369668,0.9177058,-0.2818248,0.9558722,-0.08296392,-0.8741427,-0.2914476,-0.3885005,moving,20.503996701605114,1.1802978991288122,4.991919498010427,-2.5902013489070903,-1.8191599100000002,-0.6861244900000001,-0.6184510000000003,0.35020751211047935,0.019294160337094367,0.9364733926045832,20.28020472559018,0.6663947793425313,15.94011963704994,15.963746544897326,15.631285409151857
05/05/2023 11:40:58.313075,4250,True,True,True,True,Eyes,0.1622444,0.0120315,-2.198541,-0.9612024,-0.2699847,-0.05655169,0.0,0.0,0.0,0.0,0.0,0.0,0.0,2.207273,-0.2092667,-0.894506,0.07203479,0.01649518,-2.389671,0.09557484,-0.8319302,0.1151634,0.5343172,17.08262,245.0984,357.8443,0.09858501,0.005435412,-0.9951135,0.0,0.0,0.0,-1.733661,-0.6759635,-3.039929,0.1741582,-0.09388456,2.030696,-0.4107411,-0.03595563,0.9110427,-0.2820908,0.9552057,-0.08948125,-0.8670159,-0.2937504,-0.402485,moving,20.67404353683254,1.1216892762310804,4.90185253591279,-2.6470536959001643,-1.80569579,-0.6924586800000001,-0.650258,0.35299178372162826,0.01831574728222568,0.9354470694102488,20.447549292474225,0.6082418550740976,16.193235960306506,16.21620894535719,15.882872434517553
05/05/2023 11:40:58.333099,4251,True,True,True,True,Eyes,0.1579364,0.0120331,-2.206654,-0.9596958,-0.2724228,-0.06906333,0.0,0.0,0.0,0.0,0.0,0.0,0.0,2.197867,-0.2259062,-0.9346364,0.06890838,0.01585095,-2.397957,0.09476922,-0.8362,0.1171666,0.5273144,17.21126,244.1546,357.9047,0.0960885,0.005437782,-0.9953577,0.0,0.0,0.0,-1.722792,-0.6826448,-3.079942,0.1709356,-0.09593277,2.030952,-0.425917,-0.03492474,0.9040882,-0.2820593,0.9545816,-0.09600315,-0.859673,-0.2958958,-0.4164234,moving,20.84729801253139,1.0589525709218757,4.810975490060771,-2.70437724572058,-1.7917003800000002,-0.6984957500000001,-0.6819850000000001,0.35582545264089366,0.017271609545777233,0.9343927936391474,20.618131993197213,0.5460511003157884,16.449714316028963,16.47198504593568,16.137889612565996
05/05/2023 11:40:58.343550,4252,True,True,True,True,Eyes,0.05153278,0.01097533,-2.40977,-0.8687184,-0.3189123,-0.3789767,0.0,0.0,0.0,0.0,0.0,0.0,0.0,2.188261,-0.2384944,-0.9738724,0.065806,0.01543092,-2.40608,0.09458703,-0.8402626,0.1185334,0.5205401,17.31778,243.2311,357.8658,0.09362089,0.005438064,-0.9955928,0.0,0.0,0.0,-1.711692,-0.6886122,-3.119071,0.1677566,-0.09795325,2.031205,-0.4401827,-0.03555306,0.8972042,-0.2823586,0.9540063,-0.1007257,-0.8523573,-0.2976711,-0.4299757,moving,3.0797125810718526,-1.1925001259619665,4.721325559775287,-2.7609046169735403,-1.777498,-0.70404312,-0.7129909999999997,0.053713644458989906,-0.020781507498988314,0.9983401354637318,3.358637193452237,-1.5267520664392427,2.2644089975005626,2.2704153406971237,1.8384918008254738
05/05/2023 11:40:58.363245,4253,True,True,True,True,Eyes,0.05143056,0.01092862,-2.410112,-0.8684984,-0.3189595,-0.3794406,0.0,0.0,0.0,0.0,0.0,0.0,0.0,2.178967,-0.2489094,-1.011522,0.06285614,0.01435922,-2.414305,0.09462433,-0.844052,0.1197094,0.5140936,17.41997,242.3521,357.7985,0.08451449,0.005317467,-0.9964079,-0.3192109,-0.003173302,-0.6093493,-1.700452,-0.695174,-3.156738,0.1645458,-0.09999419,2.031459,-0.4535082,-0.03665208,0.8904982,-0.2828194,0.9534318,-0.1047903,-0.8451886,-0.2993734,-0.4427551,moving,3.8808735332628213,-1.0748891136018885,4.630781473854152,-2.8179868117729625,-1.7633081400000001,-0.70953322,-0.7424329999999997,0.06767037789114666,-0.01871625061055593,0.9975320667980165,4.136454063561095,-1.4176312621932552,1.8912116924212843,1.897564624652143,1.4850438558526562
05/05/2023 11:40:58.383248,4254,True,True,True,True,Eyes,0.05121396,0.01085749,-2.410783,-0.8680146,-0.3191649,-0.3803739,0.0,0.0,0.0,0.0,0.0,0.0,0.0,2.169659,-0.2623615,-1.047078,0.06030495,0.01320788,-2.422564,0.09508288,-0.8475366,0.1219717,0.5077047,17.65586,241.4976,357.7554,0.07684353,0.005216016,-0.9970292,-0.3000583,-0.002982904,-0.5727883,-1.687212,-0.706191,-3.192599,0.161324,-0.1020419,2.031716,-0.4663908,-0.03732121,0.8837914,-0.2850237,0.9521643,-0.110203,-0.8374017,-0.3032991,-0.4547181,moving,4.622065157962277,-0.8378102011521144,4.539921910422974,-2.875235338267209,-1.7475169499999998,-0.71939888,-0.770035,0.08057422385638363,-0.01457448268240076,0.9966419928494192,4.852591651498178,-1.191872388794372,2.032801604058004,2.0390803570396057,1.712154545197928
05/05/2023 11:40:58.393295,4255,True,True,True,True,Eyes,0.05089603,0.01076047,-2.411775,-0.8673419,-0.319344,-0.3817557,0.0,0.0,0.0,0.0,0.0,0.0,0.0,2.160079,-0.2747891,-1.08245,0.05738788,0.01259675,-2.430987,0.09585615,-0.850902,0.1239976,0.5013998,17.88721,240.6504,357.6643,0.07036668,0.005129167,-0.9975078,-0.2820548,-0.00280393,-0.538421,-1.673989,-0.7165667,-3.228092,0.1581906,-0.1040336,2.031963,-0.4788195,-0.03878366,0.8770561,-0.2874731,0.9508724,-0.1148952,-0.8295123,-0.3071442,-0.4664456,moving,5.328706185772852,-0.6016945064922596,4.451561888700933,-2.9309028498462433,-1.73137688,-0.72916345,-0.7971050000000002,0.0928643734586197,-0.010455978277065701,0.9956238531566566,5.535074625165123,-0.9668215905820878,2.4829008520359848,2.488894056531053,2.2431261763603016
05/05/2023 11:40:58.413276,4256,True,True,True,True,Eyes,0.05047489,0.01063535,-2.413078,-0.866438,-0.3196044,-0.383586,0.0,0.0,0.0,0.0,0.0,0.0,0.0,2.150063,-0.2844425,-1.118527,0.05473915,0.01190256,-2.439599,-0.09626666,0.8543723,-0.1250938,-0.4951085,18.00369,239.7967,357.5518,0.06488179,0.005052989,-0.9978799,-0.2651315,-0.002635694,-0.5061157,-1.661132,-0.7233013,-3.264487,0.1549714,-0.1060802,2.032218,-0.491201,-0.04062515,0.8700987,-0.2883651,0.9501686,-0.1184284,-0.8219292,-0.3090782,-0.4784385,moving,6.0170840573175255,-0.48396109433389456,4.360779994283369,-2.9880831895551525,-1.7158711500000001,-0.73520386,-0.8248880000000001,0.10482129986588573,-0.008400082328622424,0.9944555965203568,6.202945113508899,-0.8568337779005661,2.9968611829929754,3.00232753326461,2.8170545577196813
05/05/2023 11:40:58.433233,4257,True,True,True,True,Eyes,0.04996109,0.01049021,-2.4147,-0.8653662,-0.3198616,-0.3857848,0.0,0.0,0.0,0.0,0.0,0.0,0.0,2.138919,-0.2962062,-1.154872,0.05189046,0.01112942,-2.448189,-0.09630758,0.857859,-0.1264334,-0.4886894,18.12271,238.9362,357.4875,0.06021884,0.004984043,-0.9981725,-0.2492236,-0.002477552,-0.4757488,-1.647915,-0.7301189,-3.300771,0.1516577,-0.1081861,2.032481,-0.5038148,-0.04166334,0.8628061,-0.28881,0.9494789,-0.1227951,-0.8141001,-0.311053,-0.4903944,moving,6.687602734358328,-0.36937826176831734,4.267332997593837,-3.0468982135865987,-1.69980546,-0.74124832,-0.852582,0.11645345259120832,-0.0064029590369901745,0.9931755185581235,6.853491039171109,-0.7497929971962087,3.6040155791379886,3.60926844264638,3.4590324935135737
05/05/2023 11:40:58.443561,4258,True,True,True,True,Eyes,0.04934297,0.01032518,-2.416615,-0.8640863,-0.3201572,-0.3883995,0.0,0.0,0.0,0.0,0.0,0.0,0.0,2.12691,-0.3100483,-1.191211,0.04898096,0.01049197,-2.456899,-0.095917,0.8613509,-0.1279369,-0.4821895,18.23393,238.0753,357.4742,0.05623614,0.004919742,-0.9984051,-0.2342702,-0.002328899,-0.4472038,-1.634621,-0.7362677,-3.336676,0.1485869,-0.1101384,2.032723,-0.5165862,-0.0418567,0.8552113,-0.2886161,0.9488641,-0.1278968,-0.806126,-0.3128975,-0.5022507,moving,7.331722038182597,-0.27275148174466396,4.1807406316287485,-3.101406827994781,-1.68360196,-0.74675967,-0.8797770000000003,0.1276123290796567,-0.0047214728830224165,0.9918128549885104,7.478786329585843,-0.6600481067424527,4.2291208249337,4.234380107207835,4.103332527549785
05/05/2023 11:40:58.463423,4259,True,True,True,True,Eyes,0.04863773,0.01012751,-2.418816,-0.8626046,-0.3204293,-0.3914568,0.0,0.0,0.0,0.0,0.0,0.0,0.0,2.114074,-0.3240107,-1.227804,0.04590457,0.009855524,-2.465682,-0.09508929,0.8648669,-0.1291715,-0.4756871,18.29429,237.2183,357.4895,0.05265657,0.004855207,-0.9986007,-0.220214,-0.002189165,-0.4203716,-1.621585,-0.740788,-3.372737,0.1453023,-0.1122257,2.032985,-0.5293598,-0.04158871,0.8473777,-0.2873696,0.9485455,-0.1329668,-0.7982463,-0.3138978,-0.5140732,moving,7.946234581071149,-0.23168020234588402,4.088114737314058,-3.15965903491435,-1.66748957,-0.750643524,-0.9070549999999997,0.1382426839845582,-0.004004746626453115,0.9903903174178824,8.076717789152328,-0.6241615078237897,4.838184888411297,4.843361309334793,4.726277818221852
05/05/2023 11:40:58.483418,4260,True,True,True,True,Eyes,0.04783646,0.00991138,-2.421291,-0.860899,-0.3207928,-0.3948987,0.0,0.0,0.0,0.0,0.0,0.0,0.0,2.099977,-0.3401448,-1.264508,0.04305018,0.008856192,-2.474398,-0.09379757,0.868422,-0.1307091,-0.4689995,18.36102,236.3499,357.566,0.0494034,0.004788518,-0.9987671,-0.2070011,-0.002057815,-0.3951493,-1.607647,-0.7458234,-3.408749,0.1418812,-0.1144002,2.033257,-0.5424832,-0.04030675,0.8390992,-0.2855167,0.9482343,-0.1390393,-0.7900584,-0.3150033,-0.5259094,moving,8.545508587639342,-0.2015854027809817,3.9916439064987532,-3.220323388305253,-1.65069718,-0.754679592,-0.9343509999999999,0.14859402213475692,-0.003479262499525293,0.9888922101588244,8.660090286572153,-0.5988537973480978,5.458366354026233,5.4635576833586015,5.354110049292366
05/05/2023 11:40:58.492874,4261,True,True,True,True,Eyes,0.04693849,0.009689621,-2.424043,-0.8589494,-0.3211891,-0.3988026,0.0,0.0,0.0,0.0,0.0,0.0,0.0,2.08503,-0.3571912,-1.301334,0.03998019,0.008211214,-2.483292,-0.09305137,0.8718786,-0.1326428,-0.4621419,18.49988,235.4615,357.6031,0.04643984,0.004719106,-0.9989097,-0.1945811,-0.001934346,-0.3714404,-1.592592,-0.7527056,-3.444345,0.1389235,-0.1162802,2.033492,-0.5555329,-0.03965946,0.8305484,-0.2848586,0.9474947,-0.1452909,-0.7811779,-0.3173027,-0.5376617,moving,9.130750584379548,-0.09885380990990614,3.908243201052753,-3.272753121459859,-1.63257219,-0.760916814,-0.9610530000000002,0.15868776002270613,-0.0017034617361749993,0.987327360363836,9.22782631868713,-0.5027785782071712,6.105534108376123,6.1113190236445805,5.997559796758063
05/05/2023 11:40:58.512907,4262,True,True,True,True,Eyes,0.04594592,0.009448675,-2.427058,-0.8568007,-0.321564,-0.4030994,0.0,0.0,0.0,0.0,0.0,0.0,0.0,2.068813,-0.3710062,-1.340224,0.03679264,0.007863034,-2.492471,-0.09251707,0.875497,-0.1337793,-0.455026,18.56874,234.527,357.5664,0.0437332,0.004646997,-0.9990322,-0.1829062,-0.001818285,-0.3491539,-1.576854,-0.7573007,-3.482025,0.1356953,-0.1183323,2.033748,-0.5687842,-0.04025074,0.8215016,-0.283743,0.9470874,-0.1500514,-0.7719941,-0.3184421,-0.5501092,moving,9.737290048279108,-0.05536627309076179,3.817218986743335,-3.329963149080881,-1.61364664,-0.765163734,-0.989554,0.1691307942021288,-0.0009524023661283132,0.9855931408442027,9.817920343926325,-0.4644881257920911,6.759233706305254,6.765369618422747,6.649764197863686
05/05/2023 11:40:58.533588,4263,True,True,True,True,Eyes,0.0448566,0.009193057,-2.430341,-0.8544114,-0.3219441,-0.4078397,0.0,0.0,0.0,0.0,0.0,0.0,0.0,2.052022,-0.3800061,-1.379872,0.03356399,0.007169511,-2.501612,-0.0919816,0.8791533,-0.1338705,-0.448004,18.53003,233.5934,357.4743,0.04125373,0.004571657,-0.999138,-0.1719318,-0.001709188,-0.3282047,-1.561756,-0.7587841,-3.520177,0.1325064,-0.120359,2.034001,-0.5816638,-0.04178285,0.8123558,-0.2816809,0.9472362,-0.1529691,-0.7631012,-0.3178016,-0.5627424,moving,10.318576703047784,-0.11058453043534656,3.727306236464336,-3.3864441201642395,-1.59531999,-0.7659536109999999,-1.0185649999999997,0.17912088836514206,-0.0018988482536800647,0.9838252723921317,10.386057892898123,-0.522069394062362,7.354516926275012,7.36044172691245,7.248697551532337
05/05/2023 11:40:58.543001,4264,True,True,True,True,Eyes,0.04367162,0.008907562,-2.433874,-0.8518273,-0.3222905,-0.4129398,0.0,0.0,0.0,0.0,0.0,0.0,0.0,2.034541,-0.3904131,-1.419349,0.03013425,0.006549742,-2.511053,-0.0914075,0.8827247,-0.1342287,-0.4409356,18.51686,232.662,357.4007,0.03897448,0.004492786,-0.9992298,-0.1616159,-0.001606637,-0.3085124,-1.546105,-0.7610203,-3.55805,0.1292617,-0.122422,2.034257,-0.5944406,-0.04300291,0.8029886,-0.2797477,0.9472547,-0.1563642,-0.7539107,-0.3175835,-0.5751166,moving,10.87312974802956,-0.14149883506783287,3.6358268108712437,-3.443918108708661,-1.57623925,-0.767570042,-1.0469970000000002,0.18863437225283125,-0.0024252822000630572,0.9820444926023515,10.927479942717753,-0.5558260164555333,7.9492199232858205,7.955157249427243,7.842785304246321
05/05/2023 11:40:58.563311,4265,True,True,True,True,Eyes,0.04238654,0.008594415,-2.437646,-0.8489212,-0.3231243,-0.4182386,0.0,0.0,0.0,0.0,0.0,0.0,0.0,2.015738,-0.3997484,-1.459481,0.02668275,0.00554806,-2.520385,-0.09057587,0.8863527,-0.1342745,-0.4337569,18.45774,231.7189,357.3365,0.03687206,0.004409528,-0.9993101,-0.151919,-0.001510239,-0.2900017,-1.530274,-0.7620829,-3.596138,0.1260408,-0.124469,2.034512,-0.6073017,-0.04407933,0.7932474,-0.2770494,0.9475327,-0.1594534,-0.7445993,-0.316605,-0.5876504,moving,11.421761647228822,-0.25066153244653006,3.5450212776867636,-3.500923504149742,-1.55695675,-0.76763096,-1.0757529999999997,0.198027828798977,-0.0042882173028607334,0.9801870402139667,11.46523899466357,-0.6656778270510606,8.515470918978265,8.520988307342853,8.412399582391464
05/05/2023 11:40:58.583403,4266,True,True,True,True,Eyes,0.04100646,0.008244233,-2.44165,-0.8458084,-0.3239459,-0.4238718,0.0,0.0,0.0,0.0,0.0,0.0,0.0,1.995759,-0.4097606,-1.499938,0.02313712,0.004587281,-2.529864,-0.08984109,0.8899558,-0.1344895,-0.4264033,18.42099,230.7578,357.2684,0.03492401,0.004321164,-0.9993804,-0.1428038,-0.001419625,-0.2726016,-1.513568,-0.7637368,-3.634194,0.1230025,-0.1264003,2.034753,-0.6202176,-0.04521561,0.7831256,-0.2746028,0.9476823,-0.1627624,-0.7347949,-0.3159966,-0.6001855,moving,11.963658795132137,-0.3365396513931897,3.45936745061634,-3.5546866788264957,-1.53670512,-0.768324081,-1.10433,0.20728782378427635,-0.005746114927593891,0.9782631745837248,11.995805288848647,-0.7528294483221306,9.087513686767327,9.092823629796419,8.984496363521655
05/05/2023 11:40:58.593382,4267,True,True,True,True,Eyes,0.0395464,0.007868917,-2.445901,-0.8424088,-0.3251337,-0.4296922,0.0,0.0,0.0,0.0,0.0,0.0,0.0,1.974976,-0.4186598,-1.540192,0.01949799,0.003364563,-2.539213,-0.0896081,0.8934444,-0.1347658,-0.4190058,18.4154,229.7889,357.1494,0.03311165,0.004226729,-0.9994425,-0.1342356,-0.001334447,-0.2562455,-1.495735,-0.7668647,-3.671874,0.1197982,-0.1284371,2.035008,-0.6328093,-0.04718443,0.7728688,-0.273055,0.9476172,-0.1657189,-0.7245644,-0.3159041,-0.6125449,moving,12.493838213661435,-0.4031882095047583,3.369037699282901,-3.611364679473986,-1.5152329900000001,-0.7702292629999999,-1.1326609999999997,0.21632950155318176,-0.006870272328664318,0.9762961856167685,12.51443061971788,-0.821193304167307,9.667072161659426,9.67235135267878,9.561551546308946
05/05/2023 11:40:58.613160,4268,True,True,True,True,Eyes,0.03798405,0.007473107,-2.450373,-0.838807,-0.326298,-0.4358124,0.0,0.0,0.0,0.0,0.0,0.0,0.0,1.953247,-0.4286983,-1.580209,0.01569194,0.002392169,-2.548678,-0.08950933,0.89685,-0.1352837,-0.4115175,18.44098,228.813,357.0266,0.03141775,0.004125798,-0.9994977,-0.1261815,-0.00125438,-0.2408708,-1.477051,-0.7707875,-3.70921,0.1165499,-0.1305012,2.035267,-0.645283,-0.04920969,0.7623572,-0.2718961,0.9473728,-0.168989,-0.7139206,-0.3163276,-0.6247036,moving,13.007954980180081,-0.4357482199331001,3.277472774508973,-3.6687796040477982,-1.4927429399999999,-0.773179669,-1.160532,0.22508015645021295,-0.007410021192491154,0.9743120808062655,13.016478976674682,-0.8562830212268617,10.24804494825215,10.253525046809644,10.136980755343357
05/05/2023 11:40:58.634032,4269,True,True,True,True,Eyes,0.03633841,0.007058402,-2.455071,-0.8349657,-0.3276088,-0.4421591,0.0,0.0,0.0,0.0,0.0,0.0,0.0,1.931269,-0.4366086,-1.62001,0.01167842,0.001525208,-2.558264,-0.08962611,0.9001609,-0.1354109,-0.4041555,18.43501,227.8493,356.8638,0.0298264,0.004018215,-0.9995468,-0.1186106,-0.001179117,-0.2264185,-1.458607,-0.7735781,-3.746215,0.1133774,-0.1325176,2.035519,-0.6572514,-0.05190172,0.7518826,-0.2708099,0.947262,-0.1713374,-0.7033372,-0.3162289,-0.6366448,moving,13.493923604462127,-0.49825588930475684,3.188052352209673,-3.7248483304970734,-1.47028542,-0.775103308,-1.187951,0.23333388715647313,-0.008456054649259859,0.9723598654669774,13.491895177789212,-0.920324675862489,10.79361188131856,10.79916112712293,10.678695140495954
05/05/2023 11:40:58.643397,4270,True,True,True,True,Eyes,0.03458102,0.006627355,-2.459976,-0.8309485,-0.3288134,-0.4487833,0.0,0.0,0.0,0.0,0.0,0.0,0.0,1.908505,-0.4414487,-1.660218,0.007650251,0.0006534606,-2.567787,-0.08925094,0.9035401,-0.1346486,-0.3968872,18.31047,226.8982,356.7149,0.02832362,0.003903874,-0.9995909,-0.1114939,-0.00110837,-0.2128334,-1.441136,-0.772428,-3.783504,0.1101991,-0.1345385,2.035771,-0.6690298,-0.05440299,0.741242,-0.2681642,0.9478081,-0.1724757,-0.6931719,-0.3141659,-0.6487008,moving,13.955980059759108,-0.6740649339910358,3.0984757632577975,-3.781022134952085,-1.448786251,-0.7730814606,-1.2157170000000002,0.24116064710902518,-0.011417158525594797,0.9704181072135135,13.947055182136122,-1.0944482121984624,11.288149267955403,11.29329812752449,11.176285377983607
05/05/2023 11:40:58.663276,4271,True,True,True,True,Eyes,0.03271085,0.006192963,-2.465084,-0.8267477,-0.3300189,-0.4556047,0.0,0.0,0.0,0.0,0.0,0.0,0.0,1.884256,-0.4488907,-1.700417,0.003211059,-0.0001768135,-2.577466,-0.08834809,0.9069021,-0.1341819,-0.3895106,18.19215,225.9482,356.6378,0.02689695,0.003782887,-0.9996307,-0.1048043,-0.001041868,-0.2000634,-1.423512,-0.7714224,-3.820521,0.1068149,-0.1366895,2.036039,-0.6809523,-0.05571558,0.7302054,-0.2647767,0.9483796,-0.1745546,-0.6827866,-0.3122047,-0.6605535,moving,14.400850854022941,-0.860830549102209,3.0031043298785525,-3.8407894018728785,-1.4267230590000002,-0.7712455865,-1.243055,0.24867792183699927,-0.014551808230450564,0.9684768518362455,14.385757593672302,-1.2791183531758146,11.775948825729339,11.780865018870719,11.667345622954999
05/05/2023 11:40:58.683324,4272,True,True,True,True,Eyes,0.03072707,0.005823164,-2.4704,-0.8223829,-0.3310503,-0.4627008,0.0,0.0,0.0,0.0,0.0,0.0,0.0,1.858434,-0.4540052,-1.741862,-0.001334598,-0.0007027052,-2.587273,-0.08622341,0.9104787,-0.1326194,-0.3821075,17.90187,225.0051,356.6468,0.02553396,0.003655801,-0.999667,-0.09851604,-0.000979356,-0.1880596,-1.407761,-0.7640648,-3.858355,0.1038187,-0.1385936,2.036276,-0.6931188,-0.05565938,0.7186713,-0.2583589,0.9499552,-0.1756011,-0.6729317,-0.3073875,-0.6728119,moving,14.830505882308834,-1.2306612043831866,2.9186747005005067,-3.8936767025425447,-1.4064264020000001,-0.7633620948,-1.2710819999999998,0.25590530656068305,-0.020762279195307865,0.966478850001302,14.814561583080241,-1.6418069929685495,12.201240875771845,12.205874554792791,12.10714838068938
05/05/2023 11:40:58.693605,4273,True,True,True,True,Eyes,0.02857625,0.005668266,-2.475942,-0.8178393,-0.3319551,-0.4700474,0.0,0.0,0.0,0.0,0.0,0.0,0.0,1.831674,-0.4614627,-1.782859,-0.006045477,0.0004497766,-2.597407,-0.08458561,0.9139477,-0.1314449,-0.3745227,17.67552,224.0407,356.6212,0.02422469,0.00352597,-0.9997001,-0.09260508,-0.0009205946,-0.176776,-1.390211,-0.7573671,-3.896325,0.1005011,-0.1407023,2.03654,-0.7051563,-0.05615545,0.706825,-0.2530718,0.951135,-0.1769091,-0.6623516,-0.303626,-0.6849102,moving,15.259462454636017,-1.5208972221320354,2.825194330877496,-3.952221781185032,-1.384165523,-0.7578168766,-1.298918,0.2631042293072411,-0.025606417766983955,0.9644274691116201,15.240539371585328,-1.927046672023294,12.664576572761149,12.66974202124777,12.579432686039414
05/05/2023 11:40:58.713099,4274,True,True,True,True,Eyes,0.02627956,0.0056137,-2.4817,-0.8133255,-0.332161,-0.4776722,0.0,0.0,0.0,0.0,0.0,0.0,0.0,1.801731,-0.4574314,-1.827757,-0.01374579,0.00443171,-2.606907,-0.08364574,0.9176576,-0.1274631,-0.366962,17.177,223.0483,356.4013,0.02295638,0.003402307,-0.9997304,-0.08704877,-0.0008653589,-0.1661694,-1.376667,-0.7389353,-3.936635,0.09744942,-0.1426424,2.036782,-0.7166846,-0.05996809,0.6948144,-0.2470645,0.9535131,-0.1725453,-0.6521674,-0.2953245,-0.6981841,moving,15.728198195494528,-1.9858007734572405,2.73921604134535,-4.006066967973386,-1.36292121,-0.7433670099999999,-1.3297279999999998,0.2709233647133517,-0.03335587755091253,0.9620228403781768,15.71000250156428,-2.382498904369386,13.138195369062538,13.145156252304897,13.072003467477872
05/05/2023 11:40:58.724730,4275,True,True,True,True,Eyes,0.02382278,0.0055466,-2.487583,-0.8086237,-0.3324654,-0.4853808,0.0,0.0,0.0,0.0,0.0,0.0,0.0,1.779689,-0.4305334,-1.870805,-0.01951671,0.006669786,-2.617658,-0.08132723,0.9212346,-0.1188888,-0.3613563,16.13044,222.2946,356.1847,0.0217204,0.003288349,-0.9997585,-0.08182584,-0.0008134374,-0.1561993,-1.370482,-0.7040734,-3.977484,0.09406143,-0.1447956,2.037051,-0.7256154,-0.06392051,0.6851256,-0.2357653,0.9585027,-0.1602727,-0.64645,-0.2778251,-0.7105746,moving,16.009830555985463,-2.9951643649419744,2.6437715849436794,-4.06580238427506,-1.35096529,-0.710743186,-1.359826,0.2754541324064996,-0.050230278366369105,0.9600010372301218,16.011748671640362,-3.366461415606636,13.393483108693815,13.408870130842795,13.386257474772613
05/05/2023 11:40:58.743542,4276,True,True,True,True,Eyes,-0.04000679,0.006075878,-2.639518,-0.6668787,-0.332185,-0.6670278,0.0,0.0,0.0,0.0,0.0,0.0,0.0,1.760475,-0.4289171,-1.903325,-0.02417154,0.007302847,-2.627784,-0.08016513,0.9236704,-0.1166654,-0.3560841,15.81974,221.6258,356.1258,0.02050653,0.003182531,-0.9997844,-0.07691629,-0.0007646311,-0.1468273,-1.359026,-0.6948761,-4.008182,0.09097874,-0.1467552,2.037295,-0.7335554,-0.06500696,0.6765135,-0.2311777,0.9599255,-0.1584296,-0.6391036,-0.2726117,-0.7191867,moving,3.41900008792303,-3.3900642787468387,2.5569379433895056,-4.120147069259345,-1.33485446,-0.7021789469999999,-1.3803979999999996,0.05953341603592455,-0.05902838773453378,0.9964795946370829,3.7486125385070928,-3.6671973507490536,1.129516475549055,1.1296778399350265,1.2748536340094958
05/05/2023 11:40:58.763215,4277,True,True,True,True,Eyes,-0.04021173,0.006190324,-2.639973,-0.666428,-0.3320726,-0.6675339,0.0,0.0,0.0,0.0,0.0,0.0,0.0,1.73884,-0.4415896,-1.934789,-0.02905517,0.009453271,-2.638379,-0.07986125,0.9259093,-0.1173507,-0.3500615,15.85626,220.8747,356.082,0.01589668,0.003092623,-0.9998686,-0.26379,0.0008690809,-0.5938202,-1.342705,-0.6957629,-4.037809,0.08787769,-0.1487266,2.03754,-0.7421582,-0.06572857,0.6669939,-0.2300485,0.959702,-0.1613996,-0.6295068,-0.2732249,-0.7273714,moving,4.088614849183434,-3.3127939285109123,2.469596811326208,-4.174799332970638,-1.3136498300000001,-0.705216171,-1.3994300000000002,0.07118070175248564,-0.05764037113400902,0.9957966126762671,4.399283001978612,-3.596455033528974,1.8332881454498942,1.834195388780824,2.014490239016128
05/05/2023 11:40:58.773047,4278,True,True,True,True,Eyes,-0.04060453,0.006416643,-2.640845,-0.6656799,-0.3316593,-0.6684852,0.0,0.0,0.0,0.0,0.0,0.0,0.0,1.715395,-0.4269547,-1.973923,-0.03429187,0.01229205,-2.649512,-0.07869139,0.9289241,-0.1119251,-0.3440649,15.1941,220.0998,355.8893,0.01207322,0.003016512,-0.9999223,-0.2479626,0.0008169361,-0.5581909,-1.330866,-0.6728055,-4.075018,0.08460867,-0.1508041,2.037801,-0.7508544,-0.06917769,0.6568353,-0.2232157,0.9625608,-0.15379,-0.6216052,-0.2620898,-0.7381846,moving,4.811650239685492,-3.903984324138777,2.377531935291452,-4.232364682313818,-1.2965741300000002,-0.6850975499999999,-1.425506,0.08368719104546796,-0.06784583591876886,0.9941798025321893,5.1200460846291875,-4.176468752184188,2.4514845102944562,2.456168882512211,2.743083705307357
05/05/2023 11:40:58.793033,4279,True,True,True,True,Eyes,-0.04116505,0.006716484,-2.642135,-0.6644533,-0.3315023,-0.6697821,0.0,0.0,0.0,0.0,0.0,0.0,0.0,1.691824,-0.413563,-2.011268,-0.0392084,0.01517536,-2.660212,-0.0792023,0.9316456,-0.1074707,-0.3379553,14.70147,219.3031,355.5567,0.008890241,0.00295693,-0.9999559,-0.2330849,0.0007679199,-0.5246995,-1.316087,-0.6554996,-4.110525,0.08147776,-0.1527939,2.03805,-0.7590267,-0.07493639,0.6467329,-0.2202175,0.9643541,-0.1467154,-0.6126853,-0.2537828,-0.7484728,moving,5.525054271572453,-4.326645935102779,2.289368307483208,-4.287480171250452,-1.2768786,-0.6706749599999999,-1.450313,0.09600915784863445,-0.07509395963550242,0.9925437839722978,5.82687794092617,-4.5924427472684055,3.2266740084788452,3.235922992789273,3.5506304481701934
05/05/2023 11:40:58.813288,4280,True,True,True,True,Eyes,-0.04185924,0.007054519,-2.643802,-0.6629727,-0.3313271,-0.6713341,0.0,0.0,0.0,0.0,0.0,0.0,0.0,1.673354,-0.4040209,-2.043229,-0.04395764,0.01728697,-2.671311,-0.08042556,0.9337014,-0.1043875,-0.3329217,14.38785,218.6451,355.2221,0.006227312,0.002914951,-0.999976,-0.2190998,0.0007218447,-0.4932175,-1.302847,-0.6449623,-4.14148,0.07828397,-0.1548239,2.038303,-0.7653899,-0.08068117,0.6384896,-0.2196927,0.9652699,-0.1413827,-0.6049079,-0.2484844,-0.7565329,moving,6.076573756013428,-4.571315803646119,2.199446137037982,-4.343689282820245,-1.2588893600000002,-0.66224927,-1.4701689999999994,0.10552452104021232,-0.07925490177949489,0.9912533268371237,6.37110422199835,-4.834160050487265,3.8709139961920838,3.8838038579214453,4.200391975964991
05/05/2023 11:40:58.834365,4281,True,True,True,True,Eyes,-0.04265491,0.007390668,-2.645816,-0.6609152,-0.3319694,-0.6730434,0.0,0.0,0.0,0.0,0.0,0.0,0.0,1.65501,-0.4069668,-2.071367,-0.04788492,0.01855515,-2.681903,-0.08111851,0.9354811,-0.1038694,-0.3278812,14.33141,218.0075,355.0468,0.003984791,0.002890214,-0.9999876,-0.2059538,0.000678534,-0.4636245,-1.287499,-0.6437731,-4.168729,0.0750224,-0.1568971,2.038561,-0.7718273,-0.08365598,0.6303049,-0.2198833,0.9652619,-0.1411413,-0.5966019,-0.2475302,-0.7634101,moving,6.547553755518879,-4.625445474636665,2.107627834296994,-4.401072351468479,-1.23961408,-0.66232825,-1.4868259999999998,0.11366124471985989,-0.08011900050256454,0.9902838328571069,6.831683413711198,-4.889950648308635,4.430644889013746,4.44559169114059,4.749284483637067
05/05/2023 11:40:58.843055,4282,True,True,True,True,Eyes,-0.04353783,0.007704097,-2.648166,-0.6585205,-0.33288,-0.6749382,0.0,0.0,0.0,0.0,0.0,0.0,0.0,1.63494,-0.430694,-2.095859,-0.05107992,0.0190027,-2.692245,-0.08180682,0.9369548,-0.1076223,-0.3222438,14.73791,217.3146,355.0209,0.001974519,0.002880543,-0.9999937,-0.1935966,0.000637822,-0.435807,-1.266902,-0.6588079,-4.192086,0.07184064,-0.1589192,2.038814,-0.7789332,-0.08393733,0.621464,-0.2226598,0.9634502,-0.1489509,-0.5862471,-0.2543979,-0.7691529,moving,6.993951328800014,-4.2496850654951235,2.0180669645215707,-4.457015582378167,-1.21582208,-0.6778106,-1.4998409999999995,0.12143471846836962,-0.07355460034926652,0.9898703183030881,7.256712263363929,-4.527301950401162,4.967242103194687,4.980201918587405,5.239116790129135
05/05/2023 11:40:58.863045,4283,True,True,True,True,Eyes,-0.04445517,0.007958706,-2.650837,-0.655539,-0.334392,-0.6770897,0.0,0.0,0.0,0.0,0.0,0.0,0.0,1.611478,-0.4583103,-2.121357,-0.05409746,0.0188247,-2.702552,-0.08179036,0.9385851,-0.1119162,-0.3159802,15.17535,216.5562,355.078,0.0001332166,0.002883414,-0.9999956,-0.1819808,0.0005995526,-0.4096586,-1.244093,-0.675442,-4.215941,0.06856793,-0.1609998,2.039074,-0.786934,-0.08280784,0.6114557,-0.224261,0.9615702,-0.1583974,-0.5748411,-0.2617739,-0.7752629,moving,7.46034022282321,-3.8906274632305187,1.9259591341977256,-4.51455459763944,-1.18999554,-0.6942667,-1.513389,0.12954567684182278,-0.06728032324544479,0.9892881924629812,7.701679225680218,-4.18103739201386,5.558219447531414,5.5694397476934006,5.785341502591081
05/05/2023 11:40:58.882881,4284,True,True,True,True,Eyes,-0.04542178,0.008171022,-2.653808,-0.6521644,-0.3362013,-0.6794485,0.0,0.0,0.0,0.0,0.0,0.0,0.0,1.584736,-0.48789,-2.147516,-0.05631217,0.017781,-2.712519,-0.08136934,0.9403607,-0.1165504,-0.3090578,15.63419,215.7244,355.1755,-0.001556806,0.002895299,-0.9999943,-0.1710619,0.0005635795,-0.3850791,-1.218247,-0.6935872,-4.240132,0.06529331,-0.163081,2.039334,-0.7957247,-0.08099147,0.6002188,-0.2250747,0.9595901,-0.1689032,-0.5622844,-0.2694945,-0.7817987,moving,7.967626758394598,-3.535199461947083,1.833811227189005,-4.572086571515833,-1.16193483,-0.7113682,-1.527613,0.13835484340332332,-0.0610687101229484,0.9884981198019859,8.186611812903632,-3.8385755888915303,6.211117731400161,6.2208381950384135,6.395006930683232
05/05/2023 11:40:58.893308,4285,True,True,True,True,Eyes,-0.0464299,0.008396839,-2.657079,-0.648132,-0.3381008,-0.6823581,0.0,0.0,0.0,0.0,0.0,0.0,0.0,1.553532,-0.5224425,-2.17478,-0.05851621,0.01703783,-2.722565,-0.08078574,0.9422603,-0.1219025,-0.3012626,16.16493,214.792,355.2944,-0.003111944,0.002913646,-0.9999907,-0.1607982,0.0005297647,-0.3619743,-1.189058,-0.713722,-4.264929,0.0621168,-0.1651002,2.039585,-0.8054292,-0.07879301,0.5874316,-0.2256917,0.9572269,-0.1810524,-0.5480396,-0.2784033,-0.7887614,moving,8.513376328201566,-3.1193787094873136,1.744438551486113,-4.627884629072669,-1.1305417899999999,-0.73075983,-1.5423640000000005,0.1478257389673529,-0.05381868073016671,0.9875479317600083,8.707411114350966,-3.437607655551992,6.926905746877915,6.934991617476521,7.06397523954482
05/05/2023 11:40:58.913199,4286,True,True,True,True,Eyes,-0.04748073,0.008640036,-2.66065,-0.643838,-0.3397553,-0.6855938,0.0,0.0,0.0,0.0,0.0,0.0,0.0,1.519275,-0.5479411,-2.20542,-0.06065951,0.01765861,-2.732823,-0.0795859,0.9445429,-0.1249351,-0.2930804,16.41922,213.8114,355.389,-0.004547397,0.002938268,-0.9999851,-0.1511503,0.0004979789,-0.3402559,-1.16031,-0.7231698,-4.293018,0.05910146,-0.1670175,2.039824,-0.8155401,-0.07711254,0.5735402,-0.2235767,0.9561146,-0.189363,-0.5337679,-0.2826633,-0.7969904,moving,9.106263287227684,-2.964773495676899,1.6596123634010493,-4.680844437915244,-1.09965049,-0.74082841,-1.5601950000000002,0.15805945726492188,-0.05107180164249242,0.9861078905305638,9.281201438678693,-3.291110917262903,7.633570895375732,7.64182631706079,7.747256242749189
05/05/2023 11:40:58.923246,4287,True,True,True,True,Eyes,-0.04858185,0.008833803,-2.664492,-0.6391545,-0.3408158,-0.6894389,0.0,0.0,0.0,0.0,0.0,0.0,0.0,1.484421,-0.5521918,-2.241058,-0.06276968,0.01827106,-2.743444,-0.07715376,0.9473371,-0.1234805,-0.2852236,16.13893,212.8704,355.4776,-0.005876643,0.002969137,-0.9999781,-0.1420813,0.0004681002,-0.3198405,-1.135876,-0.7149287,-4.326002,0.05588806,-0.1690594,2.04008,-0.8253898,-0.07574215,0.5594596,-0.2166203,0.9575998,-0.1899431,-0.5213517,-0.2779674,-0.8068003,moving,9.667194847925076,-3.3120987757443268,1.5692273172938263,-4.737220107515798,-1.0731063200000002,-0.73319976,-1.5825579999999997,0.16765236473373218,-0.05695710067075975,0.9841993977418744,9.837369685136391,-3.63277273511903,8.210694243746572,8.222411382157187,8.341581517512573
05/05/2023 11:40:58.943555,4288,True,True,True,True,Eyes,-0.04966676,0.008975959,-2.668573,-0.6341779,-0.3419587,-0.693457,0.0,0.0,0.0,0.0,0.0,0.0,0.0,1.450174,-0.5544835,-2.275551,-0.06459419,0.01725199,-2.753927,-0.07367309,0.9500489,-0.1217773,-0.2777589,15.80209,211.9953,355.6886,-0.007111405,0.003003708,-0.99997,-0.1335564,0.0004400141,-0.3006501,-1.113291,-0.7063219,-4.357571,0.05271125,-0.1710785,2.040332,-0.8348448,-0.07233661,0.5457124,-0.2076355,0.9594852,-0.190462,-0.5098255,-0.2723154,-0.8160408,moving,10.143440895642657,-3.747907583287709,1.4798868610916942,-4.792946005678163,-1.04869681,-0.7235738899999999,-1.603644,0.17574810504025784,-0.06434926549848569,0.982329755126894,10.313369807050869,-4.059966044137303,8.70963762347604,8.726355127649606,8.863841186560824
05/05/2023 11:40:58.962969,4289,True,True,True,True,Eyes,-0.05072619,0.009118111,-2.672897,-0.6287706,-0.3430651,-0.6978208,0.0,0.0,0.0,0.0,0.0,0.0,0.0,1.413242,-0.5801012,-2.303981,-0.06532797,0.01613544,-2.763616,-0.07018249,0.9522909,-0.1246467,-0.2695919,15.97639,211.0569,356.0359,-0.008261128,0.003039652,-0.999961,-0.125543,0.0004136133,-0.282611,-1.084451,-0.7148275,-4.383332,0.04952669,-0.1731033,2.040583,-0.8447891,-0.06646079,0.5309557,-0.2008757,0.9590752,-0.1995586,-0.4959637,-0.2752411,-0.8235667,moving,10.593372083632355,-3.701603019778817,1.3903444787857804,-4.848810322807874,-1.01912303,-0.73096294,-1.6197160000000004,0.1834670469259094,-0.06346437355190201,0.9809750838614408,10.75072319139388,-4.017896129162142,9.2568285950571,9.274254778239127,9.397186176757849
05/05/2023 11:40:58.982991,4290,True,True,True,True,Eyes,-0.05176091,0.009276628,-2.677438,-0.6230113,-0.3443485,-0.7023396,0.0,0.0,0.0,0.0,0.0,0.0,0.0,1.373094,-0.6127339,-2.331408,-0.06616166,0.01627978,-2.773382,-0.06759176,0.9543825,-0.1288169,-0.2607521,16.3277,210.0321,356.3055,-0.009332445,0.00307677,-0.9999515,-0.1180104,0.0003887965,-0.2656544,-1.051519,-0.7281113,-4.408262,0.04622048,-0.1752046,2.040845,-0.8548796,-0.06183822,0.5151284,-0.1961953,0.9576752,-0.2106318,-0.4803005,-0.2811306,-0.8308293,moving,11.09524662503036,-3.482188581504946,1.2973968101527154,-4.906757351615158,-0.9853573400000001,-0.74439108,-1.6348799999999999,0.1920983698171941,-0.059607036052151834,0.9795637297668559,11.234046069464853,-3.8077374917083877,9.884358862835164,9.90087153616646,9.997241777363293
05/05/2023 11:40:58.993495,4291,True,True,True,True,Eyes,-0.05276258,0.009430255,-2.682188,-0.6168758,-0.3457061,-0.7070726,0.0,0.0,0.0,0.0,0.0,0.0,0.0,1.332667,-0.6411836,-2.358534,-0.06666858,0.01685496,-2.782996,-0.06578219,0.9564085,-0.1323329,-0.2518801,16.6346,208.9911,356.4598,-0.01033233,0.003115523,-0.9999415,-0.1109298,0.0003654687,-0.2497151,-1.017614,-0.7394825,-4.433149,0.04302752,-0.1772335,2.0411,-0.8644584,-0.05916526,0.4992109,-0.1924933,0.9563214,-0.2199901,-0.4643903,-0.286267,-0.8380892,moving,11.598830161009321,-3.2953348249479344,1.207647940934048,-4.962679261084887,-0.95094542,-0.75633746,-1.6501530000000004,0.20073889066209397,-0.05631266897435154,0.9780250011949323,11.719912523455005,-3.629271217952456,10.508135473194281,10.524101168248304,10.596493932542723
05/05/2023 11:40:59.013346,4292,True,True,True,True,Eyes,-0.05371318,0.009537299,-2.687104,-0.6104776,-0.3473709,-0.7117938,0.0,0.0,0.0,0.0,0.0,0.0,0.0,1.295575,-0.6709588,-2.382021,-0.06720912,0.01693698,-2.792476,-0.06457414,0.958028,-0.1364175,-0.2437271,17.02929,208.0332,356.5685,-0.01126619,0.003155513,-0.9999313,-0.104274,0.0003435406,-0.2347322,-0.985239,-0.7542558,-4.454797,0.03986019,-0.1792471,2.04135,-0.8728547,-0.05723041,0.4846127,-0.1902249,0.954441,-0.2299066,-0.4493766,-0.2928604,-0.8439748,moving,12.009448094856502,-3.033858232941583,1.118637404538687,-5.018163807096018,-0.91802988,-0.77119278,-1.662321,0.20779394218832614,-0.05177083349407102,0.9768015736966098,12.113143021405241,-3.3775816036296726,11.055373871896014,11.070105062914317,11.116234242118178
05/05/2023 11:40:59.034856,4293,True,True,True,True,Eyes,-0.05460235,0.009661828,-2.692183,-0.6037545,-0.3493509,-0.7165434,0.0,0.0,0.0,0.0,0.0,0.0,0.0,1.261549,-0.7071085,-2.400047,-0.06699799,0.01597273,-2.801246,-0.06271672,0.9592225,-0.141863,-0.2362918,17.56547,207.182,356.7965,-0.01213735,0.003194793,-0.999921,-0.09801759,0.0003229281,-0.2206483,-0.9543416,-0.7747601,-4.47151,0.03653002,-0.1813633,2.041615,-0.8804659,-0.05327643,0.4711071,-0.1873607,0.951883,-0.2425176,-0.4355184,-0.3017954,-0.8480824,moving,12.289446214305286,-2.677563592029913,1.0250672411039965,-5.076445081431713,-0.8873436100000001,-0.7907328299999999,-1.6702640000000004,0.21262854269558903,-0.045647058690137444,0.9760663095039751,12.376487197878024,-3.032769322030648,11.504009783025836,11.516981638089641,11.533921520654246
05/05/2023 11:40:59.043024,4294,True,True,True,True,Eyes,-0.05543777,0.009811632,-2.69743,-0.5968345,-0.3514618,-0.7212927,0.0,0.0,0.0,0.0,0.0,0.0,0.0,1.228417,-0.7524532,-2.413712,-0.06672317,0.01661013,-2.810066,-0.06166268,0.9600011,-0.1489427,-0.2289364,18.31276,206.3376,356.9692,-0.01295046,0.003234086,-0.9999106,-0.09213653,0.0003035524,-0.2074094,-0.9221728,-0.8004492,-4.484747,0.03340465,-0.1833506,2.041862,-0.8875717,-0.05019568,0.4579267,-0.1865892,0.9480276,-0.2577365,-0.4211899,-0.3142038,-0.8508084,moving,12.545586745056195,-2.109346104793267,0.9372693821222686,-5.131157670574115,-0.8554496300000001,-0.81705933,-1.6746809999999996,0.2170760745619125,-0.03592905087833817,0.9754932380486052,12.610862539268783,-2.4816012376462644,11.984270134012553,11.995181413287593,11.970502349101615
05/05/2023 11:40:59.063293,4295,True,True,True,True,Eyes,-0.05618603,0.009965012,-2.70283,-0.5897336,-0.3534212,-0.7261596,0.0,0.0,0.0,0.0,0.0,0.0,0.0,1.1981,-0.7762918,-2.431995,-0.0663331,0.01740291,-2.819215,-0.06081254,0.961147,-0.1520087,-0.2222421,18.61671,205.5497,357.0159,-0.0137097,0.00327432,-0.9999003,-0.08660834,0.0002853393,-0.1949648,-0.8937867,-0.8114574,-4.502614,0.03019059,-0.1853935,2.042116,-0.8938206,-0.04933413,0.4457027,-0.1844651,0.9463904,-0.2651752,-0.4087266,-0.3192356,-0.8550035,moving,12.769050821075618,-1.9466431972892586,0.8469976142021198,-5.187377191757127,-0.8274536,-0.82886031,-1.6833990000000005,0.22090039974410472,-0.03312964507916058,0.9747335370553243,12.824314182758512,-2.324775761531238,12.343585818261605,12.354663471354543,12.314649777064176
05/05/2023 11:40:59.082834,4296,True,True,True,True,Eyes,-0.0728327,0.01351202,-2.840909,-0.3942694,-0.3978638,-0.8284057,0.0,0.0,0.0,0.0,0.0,0.0,0.0,1.169895,-0.7922052,-2.450655,-0.06557715,0.01764204,-2.827957,-0.06019027,0.9623237,-0.1537999,-0.2159999,18.78468,204.8066,357.0088,-0.01441602,0.003315439,-0.9998903,-0.08141184,0.0002682189,-0.1832669,-0.8669888,-0.8185324,-4.520783,0.02704394,-0.1873935,2.042367,-0.8994427,-0.04940354,0.4342382,-0.1822865,0.9454455,-0.2700083,-0.3972092,-0.3220127,-0.8593796,moving,0.8365864917446602,-4.6242381948812525,0.7586359706222356,-5.242386927581703,-0.80141165,-0.8361744400000001,-1.6928259999999997,0.014553152597324398,-0.08061205151962232,0.9966392877157547,1.2644918409835233,-4.8509039903042135,0.6230416989043995,0.6230442516245778,0.6396475996659304
05/05/2023 11:40:59.093557,4297,True,True,True,True,Eyes,-0.07279292,0.01351866,-2.841243,-0.3937956,-0.3978553,-0.8286351,0.0,0.0,0.0,0.0,0.0,0.0,0.0,1.143822,-0.8158585,-2.464824,-0.06433019,0.01755467,-2.836347,-0.05981573,0.9631034,-0.1572143,-0.2100902,19.14503,204.1082,357.0172,-0.015813,0.003479389,-0.9998686,-0.1264671,0.01089314,-0.586507,-0.8396749,-0.8322654,-4.535004,0.02377319,-0.1894723,2.042628,-0.9045687,-0.04915909,0.423485,-0.1812758,0.9434115,-0.2776937,-0.3858694,-0.3279606,-0.8622918,moving,1.4283563812691165,-4.236394940573453,0.6668086191575333,-5.299539165063718,-0.77534471,-0.84982007,-1.6986569999999999,0.02485887453662483,-0.07384885734635757,0.9969595407512131,1.8309067055660408,-4.477462903560789,1.3069961927966463,1.3077578659844364,1.4251083237798385
05/05/2023 11:40:59.113369,4298,True,True,True,True,Eyes,-0.07268067,0.01352765,-2.841898,-0.3929442,-0.3979343,-0.8290013,0.0,0.0,0.0,0.0,0.0,0.0,0.0,1.118654,-0.8368911,-2.479034,-0.0629386,0.017744,-2.844839,-0.05918425,0.9638944,-0.1600438,-0.2044282,19.43447,203.4418,357.0422,-0.01695571,0.003618923,-0.9998494,-0.1188791,0.01023955,-0.5513166,-0.8137272,-0.8432938,-4.549348,0.02064681,-0.1914598,2.042875,-0.9094128,-0.04865979,0.4130386,-0.1795297,0.9417664,-0.2843328,-0.3751503,-0.3327285,-0.8651903,moving,1.9703982509542028,-3.930371611964645,0.5790539299090517,-5.354164373172836,-0.7507886,-0.8610378,-1.7045090000000003,0.03430238791773413,-0.0685038001882557,0.9970609722452931,2.3510510662689614,-4.18330154724816,1.9889888383865044,1.990734750430965,2.1238864396196044
05/05/2023 11:40:59.133199,4299,True,True,True,True,Eyes,-0.07250778,0.01354607,-2.842863,-0.3917077,-0.3977889,-0.8296559,0.0,0.0,0.0,0.0,0.0,0.0,0.0,1.093271,-0.850919,-2.494995,-0.06114147,0.01782421,-2.853111,-0.05825442,0.9648753,-0.1615448,-0.1988098,19.56672,202.7798,357.0688,-0.01788659,0.003737893,-0.9998327,-0.1117464,0.009625175,-0.5182376,-0.7882241,-0.8493986,-4.565255,0.01736218,-0.1935471,2.043135,-0.9141624,-0.04818312,0.4024748,-0.1766499,0.9410195,-0.2885781,-0.364832,-0.3349043,-0.8687561,moving,2.4891043596790947,-3.7712514609147134,0.48687712407584677,-5.411506225919889,-0.72708263,-0.86722281,-1.7121439999999994,0.04333553398578552,-0.06571144433778388,0.9968971266808422,2.8524068008658245,-4.031919919521487,2.585423391832973,2.5883101817814667,2.7384282040207086
05/05/2023 11:40:59.143040,4300,True,True,True,True,Eyes,-0.07225499,0.01357001,-2.844145,-0.3901296,-0.3974952,-0.8305398,0.0,0.0,0.0,0.0,0.0,0.0,0.0,1.066352,-0.8607984,-2.512827,-0.05919383,0.01803345,-2.861564,-0.05704345,0.9660244,-0.1621734,-0.1929844,19.59345,202.0944,357.1028,-0.01864698,0.003840358,-0.9998184,-0.1050416,0.009047665,-0.4871433,-0.7626025,-0.8518365,-4.582719,0.01427114,-0.1955115,2.043381,-0.9190063,-0.04761684,0.3913571,-0.1728046,0.9408917,-0.29131,-0.3543533,-0.3353439,-0.872914,moving,3.011204660349412,-3.711255089453656,0.4001519034019122,-5.46544506446629,-0.70340867,-0.86986995,-1.721155,0.052421383726285936,-0.06463933465864558,0.9965308089298341,3.3597429643678063,-3.977006676871966,3.141359212627578,3.1455967586450053,3.312797621620376
05/05/2023 11:40:59.162880,4301,True,True,True,True,Eyes,-0.07192487,0.01358328,-2.845731,-0.3881004,-0.3967132,-0.8318634,0.0,0.0,0.0,0.0,0.0,0.0,0.0,1.037856,-0.8580171,-2.535536,-0.05707391,0.01815696,-2.870312,-0.05561426,0.9675837,-0.1604152,-0.1869657,19.34322,201.3796,357.106,-0.01932233,0.003933343,-0.9998053,-0.09873908,0.008504805,-0.4579147,-0.7371658,-0.8454152,-4.604466,0.01110148,-0.1975264,2.043633,-0.923902,-0.04763859,0.3796526,-0.1676072,0.9423481,-0.2896344,-0.3439671,-0.3312262,-0.8786219,moving,3.542499396895951,-3.8983584505525357,0.31124066496397185,-5.520747829961987,-0.68009189,-0.86357216,-1.7341540000000002,0.06164647202033524,-0.06785739904977534,0.9957886752095578,3.8827021747268464,-4.162578555428276,3.6091636256499404,3.615685314170365,3.820989543823058
05/05/2023 11:40:59.182902,4302,True,True,True,True,Eyes,-0.07149681,0.01355908,-2.847604,-0.3857458,-0.3958074,-0.8333886,0.0,0.0,0.0,0.0,0.0,0.0,0.0,1.008931,-0.8471246,-2.560702,-0.05465969,0.01779275,-2.87914,-0.05450714,0.9693123,-0.1573384,-0.1808522,18.94955,200.6439,357.0449,-0.01991535,0.004016981,-0.9997934,-0.09281474,0.007994517,-0.4304399,-0.7109653,-0.8348819,-4.628321,0.007776141,-0.1996404,2.043897,-0.9286433,-0.04875887,0.3677566,-0.1625789,0.9445472,-0.2853046,-0.3334523,-0.3247356,-0.8850746,moving,4.084471333405557,-4.218542382306802,0.2179845219831319,-5.578745905515196,-0.65630561,-0.85267465,-1.7491809999999997,0.07103510576644512,-0.07337511684409678,0.994771322817071,4.419656673419337,-4.477706538963953,4.0889339086452745,4.098764922199379,4.343539634313253
05/05/2023 11:40:59.193585,4303,True,True,True,True,Eyes,-0.07097933,0.01350018,-2.849748,-0.3829798,-0.3948296,-0.8351264,0.0,0.0,0.0,0.0,0.0,0.0,0.0,0.9814047,-0.8405474,-2.583077,-0.05193665,0.01684497,-2.88773,-0.05402844,0.9707542,-0.1553391,-0.1748914,18.69259,199.922,356.9402,-0.02043357,0.004091259,-0.9997826,-0.08724585,0.007514846,-0.4046135,-0.6839907,-0.8292168,-4.649509,0.004687309,-0.2016038,2.044141,-0.9329878,-0.05056173,0.3563385,-0.1592316,0.9459014,-0.282694,-0.3227675,-0.3204904,-0.8905655,moving,4.584233483694266,-4.395801358567539,0.1313816181312417,-5.632591818869078,-0.6320540499999999,-0.8460617699999999,-1.7617790000000002,0.07969101853272001,-0.0764022016787952,0.9938873625139876,4.911611983589548,-4.653490879320905,4.608733750601217,4.621421900166766,4.879471384963106
05/05/2023 11:40:59.213517,4304,True,True,True,True,Eyes,-0.07034167,0.01339911,-2.852146,-0.3799239,-0.393908,-0.8369554,0.0,0.0,0.0,0.0,0.0,0.0,0.0,0.9562296,-0.83961,-2.602422,-0.048871,0.01588199,-2.896426,-0.05399738,0.9718901,-0.1544993,-0.1692451,18.57769,199.2358,356.8152,-0.02087903,0.004155553,-0.9997731,-0.0820111,0.007063955,-0.3803366,-0.6566036,-0.828295,-4.668173,0.001406968,-0.2036892,2.044399,-0.9368806,-0.05266254,0.3456603,-0.1572555,0.9464285,-0.2820351,-0.3122901,-0.3185902,-0.8949721,moving,5.028171166819279,-4.433705578234533,0.03943130258969189,-5.689761769785805,-0.6077326,-0.84417699,-1.7717470000000004,0.0873852638482236,-0.07700982990562028,0.993193498571378,5.345392484847059,-4.693315038733785,5.129710877358609,5.144434136937485,5.39871560238602
05/05/2023 11:40:59.235898,4305,True,True,True,True,Eyes,-0.06957681,0.01326472,-2.854799,-0.3763081,-0.3936745,-0.8386971,0.0,0.0,0.0,0.0,0.0,0.0,0.0,0.9326233,-0.8439282,-2.618798,-0.0454044,0.01478305,-2.904793,-0.0541865,0.9727729,-0.1547264,-0.1638189,18.58921,198.5764,356.6899,-0.02125662,0.00420964,-0.9997643,-0.07709043,0.006640117,-0.3575164,-0.6288808,-0.8316373,-4.684154,-0.001893401,-0.2057862,2.044663,-0.9404544,-0.0547281,0.3354852,-0.1561165,0.9462472,-0.2832737,-0.3019489,-0.3187808,-0.8984463,moving,5.413870716473786,-4.388792764209018,-0.053057083351638945,-5.747210978410182,-0.5834764,-0.84642035,-1.7793610000000002,0.09407513157482128,-0.07618463234291944,0.9926459565415175,5.72016916398707,-4.652173325192929,5.617115252216959,5.633169588533399,5.876159354963423
05/05/2023 11:40:59.243082,4306,True,True,True,True,Eyes,-0.06867682,0.01309225,-2.857687,-0.3724645,-0.3935004,-0.8404924,0.0,0.0,0.0,0.0,0.0,0.0,0.0,0.9106369,-0.8513021,-2.633614,-0.04179419,0.01384104,-2.913411,-0.05451874,0.9734863,-0.1555113,-0.1586458,18.66744,197.9467,356.5626,-0.02156739,0.00425318,-0.9997571,-0.07246501,0.00624171,-0.3360654,-0.6017428,-0.8368659,-4.698793,-0.004983604,-0.2077503,2.044909,-0.9437185,-0.05680405,0.3258355,-0.1554889,0.9456879,-0.2854779,-0.2919224,-0.3200746,-0.9012956,moving,5.754642941744971,-4.280917326743854,-0.1396340427178058,-5.800998884965907,-0.5599486100000001,-0.85070694,-1.7853820000000002,0.09999173659116814,-0.07427249000448741,0.9922122216845476,6.049452790308596,-4.549472037196824,6.0703743532348895,6.087129792703159,6.314357867386644
05/05/2023 11:40:59.263174,4307,True,True,True,True,Eyes,-0.06764004,0.012882,-2.860812,-0.3682216,-0.3937782,-0.8422301,0.0,0.0,0.0,0.0,0.0,0.0,0.0,0.8898059,-0.8579392,-2.647845,-0.03771027,0.0127768,-2.921868,-0.05471325,0.9741638,-0.1561925,-0.1536727,18.73128,197.3436,356.4528,-0.02181317,0.004285866,-0.9997514,-0.06811711,0.005867207,-0.3159015,-0.5748959,-0.8418042,-4.712925,-0.008192182,-0.2097902,2.045161,-0.9467821,-0.05859424,0.3164964,-0.1546044,0.9452207,-0.2874983,-0.2823132,-0.3211301,-0.903977,moving,6.0512753801851655,-4.217715093228974,-0.2295051309967083,-5.8568479950941486,-0.53718563,-0.854581,-1.7910570000000003,0.10513610506315973,-0.07313894187227749,0.9917646159456192,6.336912203861681,-4.489944362397747,6.473507066591607,6.491144775740177,6.707179895947877
05/05/2023 11:40:59.282913,4308,True,True,True,True,Eyes,-0.06645575,0.01263106,-2.864149,-0.3638204,-0.3941205,-0.8439809,0.0,0.0,0.0,0.0,0.0,0.0,0.0,0.8706072,-0.8631219,-2.662073,-0.03349745,0.0116959,-2.930582,-0.05457097,0.9748277,-0.156576,-0.1490538,18.75592,196.7893,356.3841,-0.02199553,0.00430744,-0.9997473,-0.06403009,0.005515175,-0.2969474,-0.549666,-0.8454994,-4.727115,-0.01143068,-0.2118493,2.045417,-0.9496098,-0.05971808,0.3076925,-0.1530711,0.9450119,-0.2890012,-0.2735145,-0.3215372,-0.9065337,moving,6.293886280849771,-4.202751203446181,-0.32019040769762896,-5.9131928192468886,-0.51616855,-0.8571953,-1.7965330000000006,0.10933698498246752,-0.07284671695817128,0.9913318269301049,6.573010578746006,-4.476993595326823,6.812942333689536,6.831663118381136,7.041227737425917
05/05/2023 11:40:59.293591,4309,True,True,True,True,Eyes,-0.06514753,0.01236081,-2.867686,-0.3591591,-0.3948255,-0.8456463,0.0,0.0,0.0,0.0,0.0,0.0,0.0,0.8527065,-0.8721282,-2.674049,-0.02882491,0.01048735,-2.938929,-0.05429681,0.9753281,-0.1576911,-0.1446396,18.8631,196.2637,356.3466,-0.02211559,0.004317579,-0.9997447,-0.06018828,0.005184264,-0.2791306,-0.5246508,-0.8519819,-4.739213,-0.0146035,-0.2138652,2.045671,-0.9522626,-0.06029763,0.2992665,-0.1515312,0.9443707,-0.2918942,-0.265018,-0.3233081,-0.9084261,moving,6.490439304777348,-4.132207786687176,-0.40901235001421893,-5.968320989385879,-0.49582589,-0.86246925,-1.8002840000000004,0.11274731681296823,-0.07159866514911344,0.9910407524249902,6.762712815288093,-4.409659393198434,7.120333866674304,7.139589962310901,7.339146259481416
05/05/2023 11:40:59.317869,4310,True,True,True,True,Eyes,-0.06368461,0.01207565,-2.871428,-0.3544257,-0.3954762,-0.8473376,0.0,0.0,0.0,0.0,0.0,0.0,0.0,0.8358976,-0.88041,-2.68584,-0.0240915,0.009814288,-2.947355,-0.05386792,0.9758196,-0.1585733,-0.1404602,18.94198,195.769,356.3275,-0.02217521,0.004316743,-0.9997435,-0.05657699,0.004873209,-0.2623827,-0.5007628,-0.8569738,-4.751281,-0.01771402,-0.2158421,2.045919,-0.9547385,-0.06058425,0.2912116,-0.1496772,0.9439055,-0.2943453,-0.2570435,-0.3246105,-0.910251,moving,6.65438325809818,-4.089287296819724,-0.496067157983675,-6.022361754704766,-0.47667129999999996,-0.866788088,-1.8039259999999997,0.11558890736456467,-0.07083296255140789,0.9907683411732264,6.921371639495171,-4.3689856185433165,7.387235788992311,7.407139664713548,7.599477018977858
05/05/2023 11:40:59.323017,4311,True,True,True,True,Eyes,-0.06210004,0.0117705,-2.875355,-0.3495435,-0.3962562,-0.8489996,0.0,0.0,0.0,0.0,0.0,0.0,0.0,0.8217285,-0.8827785,-2.698812,-0.01895412,0.009164307,-2.955956,-0.05313731,0.9764119,-0.158391,-0.1367796,18.89567,195.339,356.3374,-0.02217499,0.004305507,-0.9997436,-0.05318237,0.004580816,-0.2466398,-0.4787979,-0.8580379,-4.764644,-0.02110469,-0.2179976,2.046187,-0.9569356,-0.06043847,0.2839395,-0.1470972,0.9441774,-0.2947735,-0.2502736,-0.323846,-0.9124075,moving,6.758495701641338,-4.1840812669706375,-0.5909365998174272,-6.081264664494052,-0.45984378,-0.8672022070000001,-1.8086879999999996,0.117375315941219,-0.07245677011738749,0.9904408144370394,7.025417424914293,-4.461909075266449,7.568843917152559,7.590353087805861,7.786601386639086
05/05/2023 11:40:59.343328,4312,True,True,True,True,Eyes,-0.06034993,0.01141723,-2.879457,-0.3446585,-0.3968939,-0.8506972,0.0,0.0,0.0,0.0,0.0,0.0,0.0,0.808463,-0.8824434,-2.712147,-0.01384311,0.008404989,-2.964422,-0.05216986,0.9770438,-0.1577413,-0.1333471,18.79322,194.9431,356.3737,-0.02211671,0.004284216,-0.999745,-0.04999143,0.004305967,-0.2318414,-0.4581944,-0.8574108,-4.77825,-0.02451435,-0.220165,2.046457,-0.9589937,-0.0598758,0.2770305,-0.1440131,0.944792,-0.2943268,-0.2441131,-0.3221536,-0.9146725,moving,6.831810178817062,-4.329766245155834,-0.6863088819444609,-6.140462655713178,-0.44435129,-0.865815789,-1.813828,0.1186205263610349,-0.07496373956318834,0.9901058448690389,7.1008124467179865,-4.6041444462653605,7.709577494140923,7.733093540297504,7.937224466272234
05/05/2023 11:40:59.363018,4313,True,True,True,True,Eyes,-0.0584378,0.01104034,-2.883725,-0.3395939,-0.3974468,-0.8524741,0.0,0.0,0.0,0.0,0.0,0.0,0.0,0.7964031,-0.8784376,-2.726002,-0.008145025,0.006857414,-2.97269,-0.05054653,0.9777495,-0.1565326,-0.1301874,18.61819,194.5925,356.4859,-0.02200044,0.00425221,-0.9997478,-0.04699194,0.004047609,-0.2179309,-0.4396587,-0.8548651,-4.792049,-0.02722922,-0.2218909,2.046671,-0.9609925,-0.05808653,0.2704057,-0.1396008,0.9458852,-0.2929382,-0.2387569,-0.3192602,-0.9170976,moving,6.851172151313519,-4.552495053294632,-0.7622267320630827,-6.187584430123518,-0.43151367500000004,-0.861722514,-1.8193589999999995,0.11891973678935001,-0.07880921531372588,0.9897713224284924,7.12569012560325,-4.8209844672828135,7.76099055508878,7.7869994110452305,8.005424898897806
05/05/2023 11:40:59.383054,4314,True,True,True,True,Eyes,-0.05636325,0.01065287,-2.888172,-0.3345257,-0.3978141,-0.8543047,0.0,0.0,0.0,0.0,0.0,0.0,0.0,0.7840366,-0.8826585,-2.737103,-0.00233677,0.005892664,-2.980853,-0.04907828,0.9782277,-0.1567066,-0.1269061,18.60524,194.226,356.5977,-0.02182643,0.004209757,-0.9997517,-0.04417242,0.003804752,-0.204855,-0.419352,-0.8573145,-4.803475,-0.03044134,-0.2239326,2.046927,-0.9629725,-0.05624542,0.2636679,-0.1357935,0.9460688,-0.2941327,-0.2329044,-0.319046,-0.9186761,moving,6.8714235710764,-4.6015953641903105,-0.8520243943614848,-6.243296231266679,-0.41701523,-0.863207164,-1.8226219999999995,0.11926153108924462,-0.07965409198641683,0.9896625361169632,7.1467550051909035,-4.868892592891604,7.868873418279186,7.896000899935732,8.116000076631487
05/05/2023 11:40:59.393562,4315,True,True,True,True,Eyes,-0.05414539,0.01024039,-2.89278,-0.3291494,-0.3979724,-0.8563169,0.0,0.0,0.0,0.0,0.0,0.0,0.0,0.7722724,-0.874643,-2.752415,0.003608134,0.005210318,-2.989507,-0.04790746,0.9790109,-0.1547138,-0.123718,18.34796,193.8629,356.6465,-0.02159492,0.004157553,-0.9997568,-0.04152208,0.003576467,-0.1925637,-0.3995796,-0.8515012,-4.8189,-0.03371453,-0.2260128,2.047187,-0.9647973,-0.05552209,0.2570664,-0.1320856,0.9475371,-0.2910789,-0.2274187,-0.314787,-0.9215149,moving,6.889566119895784,-4.874358253675979,-0.9435023122517985,-6.300034592738,-0.40318773399999996,-0.856711518,-1.829393,0.11952842871006074,-0.08436184090855776,0.9892401257714697,7.171792547035292,-5.134406900638464,7.931329038746327,7.961753204318021,8.198579057968567
05/05/2023 11:40:59.413399,4316,True,True,True,True,Eyes,0.005687479,-0.0009903274,-3.011907,-0.1912201,-0.3947132,-0.8986859,0.0,0.0,0.0,0.0,0.0,0.0,0.0,0.7619619,-0.8633515,-2.768157,0.009919696,0.004204392,-2.998088,-0.04726204,0.9797983,-0.1523126,-0.120676,18.05187,193.5077,356.6322,-0.02130683,0.004095732,-0.999763,-0.03903075,0.003361879,-0.1810099,-0.379602,-0.8446341,-4.834694,-0.03690812,-0.2280431,2.04744,-0.9664075,-0.05585359,0.2508734,-0.1293755,0.9491343,-0.2870644,-0.222079,-0.309878,-0.9244766,moving,-1.0710878016099719,-5.274756075099135,-1.0327289164867683,-6.355388408128907,-0.389521696,-0.8488384920000001,-1.8366059999999997,-0.018613788323128946,-0.09191594445557,0.99559277307349,-0.5776116242699229,-5.4711969975398915,1.0811985328408835,1.0813129256867615,0.9944476860218373
05/05/2023 11:40:59.433026,4317,True,True,True,True,Eyes,0.005975965,-0.001048805,-3.012247,-0.1907359,-0.3945835,-0.8988457,0.0,0.0,0.0,0.0,0.0,0.0,0.0,0.7508785,-0.8566742,-2.782434,0.01649236,0.002849303,-3.006553,-0.04669286,0.9804522,-0.1507976,-0.1174466,17.85851,193.1302,356.6187,-0.01883516,0.003620694,-0.9998145,0.1428097,-0.03053197,-0.5275326,-0.3581993,-0.8414792,-4.848923,-0.04012442,-0.230087,2.047697,-0.9680524,-0.05613891,0.2443838,-0.1269815,0.9501598,-0.2847317,-0.2162192,-0.3066674,-0.9269331,moving,-0.7407256986334559,-5.438391367705448,-1.1225614692252937,-6.4110800127592045,-0.37469166,-0.844328503,-1.8423700000000003,-0.012869559420908866,-0.09476752118951749,0.9954161972750174,-0.25115789032893077,-5.6326023402874545,1.0434897284418854,1.0449505997510007,1.168491199731698
05/05/2023 11:40:59.453221,4318,True,True,True,True,Eyes,0.006527836,-0.001143744,-3.012901,-0.1899983,-0.3944645,-0.8990542,0.0,0.0,0.0,0.0,0.0,0.0,0.0,0.7392315,-0.848128,-2.797121,0.02313714,0.00136362,-3.014818,-0.04629709,0.9811356,-0.1490185,-0.1141197,17.63676,192.7384,356.5809,-0.01671056,0.003214656,-0.9998538,0.1342411,-0.02870005,-0.4958806,-0.3362571,-0.8374592,-4.863343,-0.04328585,-0.2320961,2.047948,-0.9696667,-0.05683555,0.237732,-0.1248593,0.9513001,-0.2818478,-0.2101355,-0.3029814,-0.9295407,moving,-0.40758656106953683,-5.631905677312985,-1.2108350885035064,-6.465803010358564,-0.35939424,-0.83882282,-1.8485250000000004,-0.007079331038967643,-0.09813462932681322,0.9951479929637147,0.07880828562030673,-5.823097911845912,1.1538062370063147,1.1578397811810448,1.4409198020971223
05/05/2023 11:40:59.463410,4319,True,True,True,True,Eyes,0.007369162,-0.001096526,-3.013888,-0.1886796,-0.3947416,-0.8992103,0.0,0.0,0.0,0.0,0.0,0.0,0.0,0.7253922,-0.8519955,-2.808408,0.02996881,0.0003925189,-3.022969,-0.04563522,0.9815577,-0.1492561,-0.1103855,17.6428,192.3041,356.5928,-0.01482326,0.002855308,-0.9998847,0.1261867,-0.02697805,-0.4661278,-0.3119448,-0.8405697,-4.874482,-0.04665855,-0.2342407,2.048214,-0.9714652,-0.05663579,0.230322,-0.1225386,0.9512801,-0.282932,-0.2030767,-0.3030818,-0.9310757,moving,-0.08381714463744264,-5.622523846601811,-1.3049787321049904,-6.524194921385534,-0.34191361000000003,-0.8409622189,-1.8515130000000006,-0.001455846705353564,-0.09797403168831606,0.9951879498255177,0.3941719730456842,-5.816116598991108,1.5114610242404227,1.5179744233049168,1.8407846233220602
05/05/2023 11:40:59.483320,4320,True,True,True,True,Eyes,0.008437242,-0.0009989224,-3.015233,-0.1872096,-0.3946069,-0.8995765,0.0,0.0,0.0,0.0,0.0,0.0,0.0,0.7096388,-0.8818778,-2.812692,0.0368449,0.003935579,-3.031692,-0.04635282,0.9813828,-0.1533436,-0.1059493,18.10742,191.7612,356.4721,-0.01309704,0.00253351,-0.9999098,0.1186155,-0.02535937,-0.4381601,-0.2820469,-0.8541101,-4.880149,-0.05012435,-0.2364431,2.04849,-0.9732526,-0.05848641,0.2221694,-0.123473,0.9486743,-0.2911554,-0.1937378,-0.3107996,-0.9305211,moving,0.3119610211216154,-5.124655660494868,-1.401686484327959,-6.5841216159812275,-0.3188918,-0.858045679,-1.8484570000000002,0.00542295640623984,-0.08932159041681985,0.9959880341857755,0.7665648663481919,-5.3343232768268525,2.242865662392296,2.250917290385691,2.5026605459514455
05/05/2023 11:40:59.493350,4321,True,True,True,True,Eyes,0.009793478,-0.0009649959,-3.016816,-0.1853758,-0.3945288,-0.8999904,0.0,0.0,0.0,0.0,0.0,0.0,0.0,0.7042597,-0.8525217,-2.833745,0.04331493,0.005209345,-3.041543,-0.04855691,0.9823871,-0.1478547,-0.1034255,17.49034,191.4202,356.1031,-0.01150773,0.002247071,-0.99993,0.1114985,-0.0238378,-0.4118705,-0.2616877,-0.8339581,-4.90159,-0.05325046,-0.2384306,2.048736,-0.9738909,-0.06481948,0.2175666,-0.1259873,0.9515625,-0.280457,-0.1888491,-0.3005451,-0.9348844,moving,0.5931779014954681,-5.7196175400342195,-1.488888673744472,-6.638184527951851,-0.30500263000000005,-0.8391674450000001,-1.8600469999999998,0.010301186389691963,-0.09965514789421874,0.9949686519706972,1.0567365526551415,-5.915076692584085,2.263834963597598,2.275690342516627,2.646335718470417
05/05/2023 11:40:59.513155,4322,True,True,True,True,Eyes,0.01137969,-0.0008397067,-3.018672,-0.1832322,-0.3951632,-0.9001511,0.0,0.0,0.0,0.0,0.0,0.0,0.0,0.6957113,-0.8545174,-2.842992,0.05073636,0.003735736,-3.048642,-0.04841119,0.9826683,-0.1480358,-0.1005234,17.49803,191.0765,356.069,-0.01003253,0.001990414,-0.9999465,0.1048086,-0.02240754,-0.3871583,-0.240058,-0.837209,-4.910714,-0.05602732,-0.2401951,2.048958,-0.975103,-0.06538215,0.2118956,-0.1249064,0.9514835,-0.2812072,-0.1832292,-0.300673,-0.9359612,moving,0.7928988704756267,-5.738301106649319,-1.5663226135431012,-6.686149046980895,-0.29079436,-0.840944736,-1.8620719999999995,0.01376892325455846,-0.09997542431491215,0.9948946315403222,1.2519319176929622,-5.9345799483132575,2.5289137351935773,2.5425069771086846,2.916747283002881
05/05/2023 11:40:59.532859,4323,True,True,True,True,Eyes,0.01318774,-0.0006031106,-3.020824,-0.1807201,-0.3957217,-0.9004136,0.0,0.0,0.0,0.0,0.0,0.0,0.0,0.6818572,-0.9161126,-2.836322,0.05777197,0.006202463,-3.057047,-0.04877561,0.9815726,-0.1576719,-0.09631138,18.59812,190.5598,356.0443,-0.008652451,0.001763583,-0.9999599,0.0985201,-0.02106309,-0.3639288,-0.2097362,-0.872523,-4.905763,-0.0592522,-0.2422447,2.049214,-0.9766902,-0.06538241,0.2044543,-0.1261248,0.945521,-0.3001375,-0.1736921,-0.3189282,-0.9317275,moving,1.0513119464290177,-4.653842196914194,-1.6562229978538787,-6.741844689650467,-0.26750817,-0.8787254630000001,-1.8487160000000005,0.01828735479868404,-0.08112202013322345,0.9965364318296804,1.4746082038533523,-4.881132159230221,3.407206277687831,3.4191373011603194,3.642026240219373
05/05/2023 11:40:59.543364,4324,True,True,True,True,Eyes,0.01520396,-0.0002798901,-3.023202,-0.1779761,-0.3963454,-0.9006857,0.0,0.0,0.0,0.0,0.0,0.0,0.0,0.669597,-0.9089692,-2.851566,0.06461364,0.009149019,-3.066228,-0.0496747,0.9822189,-0.1555127,-0.09270666,18.34302,190.1129,355.8465,-0.007350658,0.001567265,-0.9999708,0.09260889,-0.0197993,-0.3420931,-0.1849552,-0.8628238,-4.921303,-0.06250644,-0.2443135,2.049471,-0.9778759,-0.06874873,0.1975665,-0.126417,0.9466964,-0.2962846,-0.1666663,-0.3147053,-0.9344427,moving,1.3424452789672923,-4.926842818952286,-1.7469119550052006,-6.798039582420684,-0.24956884,-0.871972819,-1.8550749999999998,0.023341430241856448,-0.08586029387633165,0.9960336771548413,1.7657687387305918,-5.148688101737461,3.597005383152346,3.6118562328410553,3.8806295833248643
05/05/2023 11:40:59.563096,4325,True,True,True,True,Eyes,0.01741499,0.0001298929,-3.025841,-0.1749223,-0.3968913,-0.9010435,0.0,0.0,0.0,0.0,0.0,0.0,0.0,0.6554512,-0.9208702,-2.859539,0.07156415,0.01158978,-3.073974,-0.05068066,0.9823408,-0.1567485,-0.08870267,18.47868,189.6131,355.6606,-0.00611258,0.00140127,-0.9999795,0.08705236,-0.01861134,-0.3215675,-0.1573641,-0.8663361,-4.929564,-0.06570755,-0.2463484,2.049725,-0.979127,-0.07176334,0.1901607,-0.1273794,0.9457228,-0.2989698,-0.1583842,-0.3169518,-0.9351238,moving,1.6337391722580081,-4.802231156496798,-1.8360884942118554,-6.85328307872276,-0.22892825,-0.87792588,-1.8555899999999999,0.028410261031760073,-0.08368285123141826,0.9960873161641592,2.0463688547357917,-5.029374617282659,4.014328322347136,4.030696964876734,4.289535772331359
05/05/2023 11:40:59.572927,4326,True,True,True,True,Eyes,0.01981324,0.0005592068,-3.028692,-0.1717943,-0.39718,-0.901518,0.0,0.0,0.0,0.0,0.0,0.0,0.0,0.6430973,-0.9279594,-2.869724,0.07826135,0.01408821,-3.082803,-0.05123541,0.9825783,-0.1570609,-0.08512844,18.5041,189.1744,355.5277,-0.004925796,0.001265441,-0.9999862,0.08182922,-0.01749466,-0.3022734,-0.1325542,-0.8662137,-4.940068,-0.06884718,-0.2483439,2.049974,-0.9802562,-0.0739449,0.1833849,-0.1274263,0.9454136,-0.299926,-0.1511966,-0.3173724,-0.9361702,moving,1.8658837865978928,-4.776170907397245,-1.923522334014,-6.907431496327434,-0.21081555000000002,-0.88030191,-1.857265,0.032447115510395405,-0.08321955398467205,0.9960028256818033,2.2719654127615554,-5.005557860673719,4.329647420922514,4.347628140130884,4.606434712371218
05/05/2023 11:40:59.592929,4327,True,True,True,True,Eyes,0.02241694,0.000984936,-3.03171,-0.168397,-0.3977043,-0.9019278,0.0,0.0,0.0,0.0,0.0,0.0,0.0,0.6321781,-0.9140326,-2.885213,0.08511908,0.01493739,-3.090646,-0.05055225,0.9833478,-0.1540171,-0.08216189,18.13226,188.8382,355.5273,-0.003779016,0.001157362,-0.9999914,0.07691947,-0.01644498,-0.284137,-0.112229,-0.8550401,-4.954933,-0.07212473,-0.2504271,2.050234,-0.9813879,-0.07411218,0.1771592,-0.1247295,0.9474465,-0.2945977,-0.1460156,-0.3112116,-0.9390565,moving,2.0112319935625655,-5.172157808149579,-2.0147647514891376,-6.963932231628344,-0.19734807999999998,-0.86997749,-1.8642869999999996,0.034952689910244014,-0.09009354856366525,0.9953197869205528,2.4243267244379205,-5.391810748966482,4.385528629739285,4.406711401464767,4.7092567447417
05/05/2023 11:40:59.613031,4328,True,True,True,True,Eyes,0.02518133,0.001420537,-3.034909,-0.16484,-0.3983911,-0.9022818,0.0,0.0,0.0,0.0,0.0,0.0,0.0,0.6167953,-0.9425201,-2.887028,0.09204307,0.0152871,-3.09758,-0.04945657,0.9830607,-0.1581696,-0.07828307,18.58577,188.388,355.6148,-0.002662254,0.001074157,-0.999995,0.0723043,-0.01545828,-0.2670888,-0.08677454,-0.8713173,-4.956549,-0.07519832,-0.252381,2.050477,-0.9828516,-0.07247361,0.169559,-0.1220016,0.9450728,-0.3032374,-0.1382689,-0.3187239,-0.9377084,moving,2.1792896770111283,-4.752507651248992,-2.100299747373703,-7.016903619619123,-0.17881761000000002,-0.8866044,-1.858969,0.03789606028894149,-0.08279231612402783,0.9958461034596892,2.5768416081912617,-4.984612220550085,4.820991358108167,4.841732617862886,5.099594061360773
05/05/2023 11:40:59.633302,4329,True,True,True,True,Eyes,0.02809159,0.001864423,-3.03824,-0.1610056,-0.3990948,-0.9026631,0.0,0.0,0.0,0.0,0.0,0.0,0.0,0.5972723,-0.9635877,-2.892444,0.09861243,0.01597513,-3.105074,-0.04727271,0.9830703,-0.1608109,-0.07401581,18.85502,187.9154,355.8102,-0.001566651,0.001013569,-0.9999974,0.06796604,-0.01453079,-0.2510635,-0.06169226,-0.8814986,-4.961215,-0.07845366,-0.2544495,2.050737,-0.9845742,-0.0691397,0.1607294,-0.1167499,0.9438103,-0.3091789,-0.1303215,-0.3231746,-0.9373233,moving,2.358884886623923,-4.522723298355355,-2.190857539350666,-7.072945690536808,-0.16030469,-0.89747373,-1.856141,0.04103073481044574,-0.07878806412170425,0.9960467129973769,2.7457209881737716,-4.762226640191663,5.194482186657697,5.215725298776464,5.450617404298646
05/05/2023 11:40:59.643324,4330,True,True,True,True,Eyes,0.03113695,0.002323606,-3.041736,-0.1570082,-0.3997709,-0.9030679,0.0,0.0,0.0,0.0,0.0,0.0,0.0,0.5740572,-0.9705204,-2.901987,0.1050175,0.01660028,-3.111538,-0.04482923,0.9834821,-0.1610712,-0.0693504,18.84682,187.4048,356.0109,-0.0004854274,0.0009735797,-0.9999986,0.06388808,-0.01365894,-0.2359997,-0.03628571,-0.8827007,-4.969031,-0.08162177,-0.2564632,2.050989,-0.9863619,-0.06583679,0.1508511,-0.1105182,0.9440928,-0.3106035,-0.1219683,-0.3230391,-0.9384934,moving,2.5849567737117978,-4.56862939845183,-2.278957342973221,-7.12748017698302,-0.14130321,-0.89930098,-1.8574930000000003,0.0449576914686033,-0.07957261689918965,0.9958147337643123,2.9673374624555775,-4.80839173712756,5.472766979165787,5.495941943041018,5.736007355063313
05/05/2023 11:40:59.663190,4331,True,True,True,True,Eyes,0.03429494,0.002802634,-3.045393,-0.1527312,-0.4002551,-0.9035867,0.0,0.0,0.0,0.0,0.0,0.0,0.0,0.5529529,-0.9762594,-2.912301,0.1112484,0.01741821,-3.118919,-0.04353377,0.9838239,-0.1612022,-0.06487922,18.83464,186.8951,356.0776,0.0005869246,0.0009526093,-0.9999985,0.06005479,-0.0128394,-0.2218397,-0.01039272,-0.883442,-4.977773,-0.08491077,-0.258554,2.051249,-0.9877912,-0.06474178,0.1416949,-0.1065765,0.9442374,-0.3115403,-0.113624,-0.322838,-0.9396093,moving,2.803078717283047,-4.602938251954733,-2.3703864510678203,-7.184080470669384,-0.12164111999999999,-0.9008602099999999,-1.858854,0.04874608689438924,-0.0801546357294942,0.995589745994753,3.180891597966614,-4.84322017609394,5.756518117387314,5.781611972570527,6.024642304436952
05/05/2023 11:40:59.683146,4332,True,True,True,True,Eyes,0.03757167,0.003275452,-3.049187,-0.1483613,-0.400567,-0.9041764,0.0,0.0,0.0,0.0,0.0,0.0,0.0,0.5338149,-0.9710161,-2.92586,0.1173213,0.01835389,-3.126401,-0.04275966,0.9843907,-0.1595493,-0.06075206,18.62139,186.42,356.0792,0.001653904,0.0009493772,-0.9999974,0.05645151,-0.01206904,-0.2085293,0.01408185,-0.8773855,-4.989553,-0.08812639,-0.2605985,2.051503,-0.9889618,-0.0647985,0.1332521,-0.1035703,0.9454313,-0.3089222,-0.105963,-0.3193131,-0.9417065,moving,3.0026217821584877,-4.826419550749758,-2.4597418741419625,-7.239400722895281,-0.10323945000000001,-0.89573939,-1.863152,0.05219642157494226,-0.08402263084385062,0.995095819619648,3.381433499700597,-5.061987220574157,5.943589187376829,5.971590646620112,6.233815790354661
05/05/2023 11:40:59.693344,4333,True,True,True,True,Eyes,0.0409322,0.003717227,-3.053101,-0.1437857,-0.4008607,-0.9047853,0.0,0.0,0.0,0.0,0.0,0.0,0.0,0.5168168,-0.962955,-2.939324,0.1233987,0.01864458,-3.133437,-0.04202326,0.9849612,-0.1575911,-0.05701713,18.37495,185.9924,356.084,0.002720255,0.0009618523,-0.999995,0.05306442,-0.0113449,-0.1960175,0.03698611,-0.8708761,-5.001137,-0.09131937,-0.2626278,2.051757,-0.9899664,-0.06481177,0.1255643,-0.1007533,0.9467983,-0.30565,-0.09907432,-0.3152342,-0.9438285,moving,3.148859760751577,-5.084936777471147,-2.5484322302238884,-7.294276096144855,-0.08641259,-0.8895206800000001,-1.8677000000000001,0.05471477571135819,-0.08849966558180085,0.9945723553044471,3.530956925459362,-5.3144901812108944,6.079610587026046,6.110672324341306,6.393631579564934
05/05/2023 11:40:59.713337,4334,True,True,True,True,Eyes,0.04439236,0.004122722,-3.057101,-0.1391139,-0.4012509,-0.9053425,0.0,0.0,0.0,0.0,0.0,0.0,0.0,0.4991761,-0.9659578,-2.948884,0.1293044,0.01836609,-3.140241,-0.04049306,0.9852471,-0.1575039,-0.05330105,18.34133,185.5787,356.1943,0.003789161,0.0009874221,-0.9999915,0.04988055,-0.0106642,-0.1842565,0.05914792,-0.8720393,-5.008916,-0.09447768,-0.2646356,2.052007,-0.9910386,-0.06300109,0.117785,-0.09658158,0.9471056,-0.3060438,-0.09227378,-0.3146771,-0.9447029,moving,3.2526221112783227,-5.144042513136787,-2.6361275475760855,-7.348548109558271,-0.07015648000000002,-0.89040539,-1.868675,0.056510692059324005,-0.08951663732396581,0.994380871475038,3.6336995202784497,-5.372687226129087,6.255033059753349,6.287862710755663,6.573793249826691
05/05/2023 11:40:59.733252,4335,True,True,True,True,Eyes,0.04796039,0.004520705,-3.061209,-0.1342108,-0.4018602,-0.9058123,0.0,0.0,0.0,0.0,0.0,0.0,0.0,0.478153,-0.9789639,-2.954728,0.1351074,0.0178968,-3.146242,-0.03820122,0.9853054,-0.1590521,-0.04915995,18.4928,185.1254,356.3943,0.004862211,0.001023528,-0.9999868,0.04688772,-0.01002435,-0.1732011,0.08244939,-0.8796514,-5.012817,-0.09772614,-0.2667003,2.052265,-0.9922481,-0.05964174,0.1090271,-0.09091771,0.9464862,-0.3096737,-0.08472315,-0.3171856,-0.9445717,moving,3.35977340115797,-5.036851437855399,-2.726289691347707,-7.404327287591298,-0.05265800999999999,-0.8975482,-1.866575,0.05837997444670503,-0.0876467171383739,0.9944394971894657,3.7352634806654286,-5.269102566211289,6.496701280954426,6.53032203379301,6.805207859099188
05/05/2023 11:40:59.743056,4336,True,True,True,True,Eyes,0.1391436,0.0149471,-3.166558,-0.0077957,-0.417345,-0.9087147,0.0,0.0,0.0,0.0,0.0,0.0,0.0,0.4565705,-0.9968703,-2.959492,0.140695,0.01812755,-3.152884,-0.03626542,0.9852166,-0.1613012,-0.04489194,18.72881,184.6488,356.5509,0.005942658,0.001068844,-0.9999809,0.04407445,-0.009422889,-0.162809,0.1063965,-0.8891514,-5.015899,-0.1008284,-0.2686717,2.052512,-0.9933394,-0.05697633,0.1001559,-0.08594083,0.9453335,-0.3145771,-0.07675727,-0.3210893,-0.9439335,moving,-3.4306602946159863,-6.211046693986192,-2.8123594057928925,-7.457557292651005,-0.03429849999999998,-0.90727895,-1.8630150000000003,-0.05949053722993552,-0.10799940826928028,0.9923694028703017,-2.8525315125689437,-6.366545639197713,1.3914263639118238,1.3914325933020038,1.0917509909011822
05/05/2023 11:40:59.763076,4337,True,True,True,True,Eyes,0.1393327,0.01497822,-3.166826,-0.007377836,-0.4175102,-0.9086423,0.0,0.0,0.0,0.0,0.0,0.0,0.0,0.4354152,-1.01491,-2.963955,0.1461872,0.01902508,-3.159577,-0.03494769,0.9850825,-0.1635257,-0.04062686,18.96631,184.1605,356.6316,0.01016003,0.001462532,-0.9999464,0.3149797,0.02242167,-0.4690877,0.1310399,-0.8979516,-5.01885,-0.1040575,-0.2707244,2.052767,-0.9942562,-0.05556563,0.09147129,-0.08213976,0.944076,-0.3193329,-0.06861192,-0.3250121,-0.9432176,moving,-3.0302590617308387,-5.943006664675137,-2.901915664818884,-7.51296303414639,-0.015147300000000002,-0.91697668,-1.8592729999999995,-0.05258001338505898,-0.10339591684526607,0.9932495434126952,-2.4694373540365224,-6.108402152188725,1.5738520496230213,1.5751936482776514,1.4696355876280551
05/05/2023 11:40:59.783325,4338,True,True,True,True,Eyes,0.139726,0.01500811,-3.167329,-0.006714401,-0.4177768,-0.9085249,0.0,0.0,0.0,0.0,0.0,0.0,0.0,0.4145211,-1.02718,-2.970159,0.1513863,0.01985934,-3.1663,-0.03367731,0.9850746,-0.1648092,-0.03649431,19.09629,183.6889,356.7046,0.01372734,0.001801732,-0.9999033,0.2960809,0.02107637,-0.4409424,0.1547745,-0.9033525,-5.023328,-0.1073556,-0.2728209,2.053029,-0.9950683,-0.05432013,0.08299991,-0.07837851,0.9434075,-0.3222406,-0.06079859,-0.3271568,-0.9430124,moving,-2.6519284435377877,-5.793929085680798,-2.993345710757745,-7.569516542348104,0.003388200000000008,-0.92321184,-1.8570280000000001,-0.046032495532090933,-0.10084386949494803,0.9938367849196429,-2.104651626001564,-5.96586089588881,1.803702637413978,1.8081140911541553,1.8334362843309833
05/05/2023 11:40:59.803376,4339,True,True,True,True,Eyes,0.14028,0.01507028,-3.168056,-0.005646554,-0.4183044,-0.9082893,0.0,0.0,0.0,0.0,0.0,0.0,0.0,0.3944678,-1.04024,-2.975106,0.1566343,0.01986207,-3.172385,-0.03176935,0.9850157,-0.1663436,-0.03262974,19.25514,183.2616,356.8588,0.01676266,0.002095042,-0.9998565,0.278316,0.01981178,-0.4144859,0.1765426,-0.9105815,-5.026445,-0.1104708,-0.274801,2.053275,-0.9958521,-0.05173112,0.07485086,-0.07344212,0.942641,-0.3256289,-0.05371235,-0.3297754,-0.9425302,moving,-2.3452702572586177,-5.636247362351087,-3.079672172210245,-7.622908604315029,0.01990829999999999,-0.93044357,-1.85406,-0.04072375024531559,-0.09813101935966552,0.9943398746562034,-1.8099654513051195,-5.814472650489843,2.1105422532325706,2.118057851666552,2.2096596471400876
05/05/2023 11:40:59.813548,4340,True,True,True,True,Eyes,0.1410143,0.01516258,-3.169018,-0.004320654,-0.4188991,-0.9080225,0.0,0.0,0.0,0.0,0.0,0.0,0.0,0.3713526,-1.065896,-2.975814,0.1617081,0.02076571,-3.178509,-0.02974071,0.9846259,-0.1697856,-0.0282896,19.63539,182.7757,357.0202,0.01951073,0.002360852,-0.999806,0.2616171,0.01862308,-0.3896167,0.2002426,-0.9241275,-5.02574,-0.1137055,-0.2768571,2.053532,-0.9966306,-0.04896061,0.06580842,-0.06817327,0.9405767,-0.3326679,-0.04561025,-0.3360333,-0.9407454,moving,-2.0107801833648526,-5.26131491183122,-3.1692710378295743,-7.678316574109446,0.0385345,-0.94489321,-1.8472309999999998,-0.0349398822961019,-0.09164228067565915,0.9951788188841972,-1.4940038349942097,-5.451887434297738,2.6695213023552387,2.6802981355315887,2.7863070389852096
05/05/2023 11:40:59.833060,4341,True,True,True,True,Eyes,0.1419106,0.01524976,-3.170175,-0.002570927,-0.4195193,-0.9077428,0.0,0.0,0.0,0.0,0.0,0.0,0.0,0.3485546,-1.080841,-2.980723,0.1665967,0.02178952,-3.185307,-0.02813975,0.9844989,-0.1714444,-0.02402024,19.81142,182.2933,357.1261,0.02200547,0.002602812,-0.9997537,0.24592,0.01750569,-0.3662397,0.223817,-0.9309443,-5.028861,-0.1171028,-0.2790162,2.053802,-0.9972624,-0.04717083,0.0569446,-0.06364337,0.93963,-0.3362218,-0.037647,-0.3389255,-0.9400598,moving,-1.687863657657891,-5.098293716183243,-3.2633328305470317,-7.736469260197161,0.0572203,-0.95273382,-1.8435540000000001,-0.029338088112291855,-0.08882638422799138,0.9956149826819936,-1.1836126391940078,-5.295411782777275,3.0589228568786204,3.072795684024098,3.2068672692191362
05/05/2023 11:40:59.843542,4342,True,True,True,True,Eyes,0.1429622,0.01534761,-3.171546,-0.000535965,-0.4201976,-0.9074324,0.0,0.0,0.0,0.0,0.0,0.0,0.0,0.3230529,-1.084522,-2.9887,0.1716087,0.0217177,-3.191074,-0.02661505,0.9846395,-0.1714698,-0.01936563,19.79786,181.7668,357.2117,0.02427718,0.002823129,-0.9997004,0.2311648,0.01645535,-0.3442653,0.2485035,-0.9325266,-5.03389,-0.1201495,-0.2809529,2.054043,-0.9978333,-0.04577121,0.04726368,-0.05905369,0.9397795,-0.3366411,-0.02900897,-0.3387027,-0.9404461,moving,-1.3301693899410139,-5.129460331136581,-3.3476533449596357,-7.788609689486728,0.07689479999999999,-0.9542442999999999,-1.8428160000000005,-0.023120832544363666,-0.08938252317044718,0.9957289101598592,-0.8340854526267225,-5.328108440002737,3.3206639972750875,3.3378611143622465,3.5173981787791964
05/05/2023 11:40:59.863332,4343,True,True,True,True,Eyes,0.1441564,0.01544661,-3.173124,0.00190247,-0.4207759,-0.9071625,0.0,0.0,0.0,0.0,0.0,0.0,0.0,0.2957885,-1.095356,-2.994475,0.1764711,0.02191293,-3.197272,-0.02523155,0.9845607,-0.1726146,-0.01441996,19.91506,181.1996,357.2746,0.02635275,0.00302427,-0.9996473,0.2172949,0.01546803,-0.3236094,0.2746444,-0.9380844,-5.036891,-0.1233498,-0.2829872,2.054297,-0.9983111,-0.04470579,0.03710533,-0.05466218,0.9391351,-0.3391714,-0.01968399,-0.3406267,-0.9399927,moving,-0.9633767616184055,-5.0254465060528695,-3.436186539847401,-7.8433473679672225,0.09817330000000002,-0.9599973300000001,-1.839619,-0.016748688328032234,-0.08758587241349673,0.9960160516839165,-0.4793325617454768,-5.229336993047552,3.7286919957251676,3.749047007825134,3.9466486653874897
05/05/2023 11:40:59.873129,4344,True,True,True,True,Eyes,0.1454923,0.01554362,-3.174899,0.004603562,-0.4212703,-0.9069235,0.0,0.0,0.0,0.0,0.0,0.0,0.0,0.2686509,-1.096072,-3.003953,0.1813555,0.02202047,-3.203734,-0.02414895,0.9847327,-0.1721287,-0.009498204,19.84399,180.6331,357.3011,0.02825623,0.003208182,-0.9995947,0.2042572,0.01453995,-0.3041928,0.3007756,-0.9375591,-5.043106,-0.1264584,-0.2849631,2.054543,-0.9986532,-0.0442907,0.02701983,-0.05083035,0.939577,-0.3385427,-0.01039292,-0.3394602,-0.9405629,moving,-0.6007893642527776,-5.1073704654286844,-3.522147502715109,-7.896489602981869,0.11942009999999997,-0.9595795699999999,-1.839372,-0.010443933763128821,-0.08901757467333662,0.995975345550409,-0.12366738521046955,-5.311452195677647,4.01524789137034,4.038999744568637,4.269904624957856
05/05/2023 11:40:59.893281,4345,True,True,True,True,Eyes,0.1469541,0.01560623,-3.176853,0.007650991,-0.4216875,-0.9067089,0.0,0.0,0.0,0.0,0.0,0.0,0.0,0.2420534,-1.094601,-3.013855,0.1860187,0.02206139,-3.210136,-0.02359761,0.9849172,-0.1713474,-0.004633516,19.73952,180.0633,357.2661,0.03000864,0.003376459,-0.9995431,0.1920018,0.01366755,-0.2859413,0.3272814,-0.9359932,-5.049602,-0.1297516,-0.2870563,2.054805,-0.9988434,-0.04489549,0.01721403,-0.04807126,0.9401665,-0.3373072,-0.001040479,-0.3377446,-0.9412373,moving,-0.24845689176467603,-5.220309078756736,-3.613170931539925,-7.95275252440868,0.1412627,-0.9580545899999999,-1.8394660000000003,-0.004318390991650551,-0.09098472371314206,0.9958428822905896,0.22283704155813555,-5.4236761632019,4.307197391454331,4.334460491589114,4.594690893899917
05/05/2023 11:40:59.913080,4346,True,True,True,True,Eyes,0.1485477,0.01564105,-3.178968,0.01093923,-0.4221708,-0.9064503,0.0,0.0,0.0,0.0,0.0,0.0,0.0,0.2170998,-1.09629,-3.022018,0.1908213,0.02131351,-3.21632,-0.02335765,0.9849504,-0.1712518,3.550527e-05,19.71535,179.5088,357.1977,0.03162891,0.003529571,-0.9994926,0.1804817,0.0128475,-0.2687848,0.3533252,-0.9375504,-5.054394,-0.1327716,-0.2889758,2.055044,-0.9989087,-0.0460244,0.007930138,-0.04600009,0.9402544,-0.3373507,0.008070022,-0.3373474,-0.9413455,moving,0.07563913130931847,-5.259091617201199,-3.6966089988876303,-8.004325251564934,0.1625039,-0.95886391,-1.8380740000000002,0.0013145941937568778,-0.09165955118086556,0.9957895339955883,0.5398172967852113,-5.463560188979062,4.635089734983953,4.665422131277757,4.939918507619868
05/05/2023 11:40:59.933178,4347,True,True,True,True,Eyes,0.1502432,0.01565839,-3.181252,0.01452648,-0.422716,-0.9061458,0.0,0.0,0.0,0.0,0.0,0.0,0.0,0.1913102,-1.105892,-3.026837,0.1955012,0.02070639,-3.222218,-0.02305233,0.9847398,-0.1724329,0.004816378,19.83916,178.9379,357.1322,0.03313385,0.003668109,-0.9994434,0.1696528,0.01207665,-0.2526577,0.3800068,-0.9438862,-5.056081,-0.1360888,-0.2910842,2.055307,-0.9988909,-0.0470621,-0.0015358,-0.04374009,0.9394709,-0.3398251,0.01743572,-0.3393809,-0.9404875,moving,0.389768562858062,-5.1541609662750885,-3.788216913279286,-8.060942585657621,0.18450559999999996,-0.96459259,-1.833863,0.006775187619864948,-0.0898337420418413,0.9959337536996657,0.8432083947909645,-5.3635474515604455,5.056724882594946,5.089689776557581,5.359667983530764
05/05/2023 11:40:59.942977,4348,True,True,True,True,Eyes,0.152061,0.01564941,-3.183697,0.01832685,-0.4232718,-0.9058174,0.0,0.0,0.0,0.0,0.0,0.0,0.0,0.1655577,-1.117507,-3.031066,0.2001444,0.02035702,-3.228485,-0.02286895,0.9844533,-0.1738872,0.009596654,19.99443,178.3628,357.0499,0.03453803,0.003792969,-0.9993954,0.1594736,0.01135205,-0.2374983,0.4065273,-0.9507678,-5.057375,-0.1391502,-0.2930301,2.055551,-0.99877,-0.04836429,-0.01094168,-0.04168935,0.9384805,-0.3428066,0.02684815,-0.3419288,-0.9393424,moving,0.6947040562994081,-5.018800695772952,-3.872720250092479,-8.113164418120746,0.20638289999999998,-0.97112482,-1.8288900000000003,0.01207809806620918,-0.08747624449398787,0.9960934084940293,1.1368168912060672,-5.233866204321058,5.481662953384031,5.516924110480541,5.778046432319464
05/05/2023 11:40:59.963022,4349,True,True,True,True,Eyes,0.1539964,0.01561404,-3.186304,0.02235834,-0.4239064,-0.90543,0.0,0.0,0.0,0.0,0.0,0.0,0.0,0.1400635,-1.123003,-3.037282,0.204818,0.01973408,-3.234731,-0.02266658,0.9843121,-0.1743904,0.01429218,20.03909,177.8014,356.9732,0.03585536,0.003904694,-0.9993485,0.1499052,0.01067093,-0.2232484,0.4327886,-0.954482,-5.060279,-0.1423842,-0.2950854,2.055808,-0.9985642,-0.0496068,-0.02023026,-0.03963713,0.9381485,-0.343957,0.0360416,-0.3426611,-0.9387678,moving,0.9789163900719131,-5.0000744948903195,-3.961949178883891,-8.16829682618928,0.22797060000000002,-0.97421608,-1.8255480000000004,0.01701948835213973,-0.08714441469035049,0.9960503020596015,1.4133677244086644,-5.217530645617379,5.831483639490159,5.86939394750722,6.131969737631583
05/05/2023 11:40:59.982969,4350,True,True,True,True,Eyes,0.1560422,0.01556439,-3.189069,0.0265934,-0.4245956,-0.9049925,0.0,0.0,0.0,0.0,0.0,0.0,0.0,0.1149136,-1.131646,-3.042252,0.2094115,0.01908591,-3.241127,-0.02257063,0.9840554,-0.1754058,0.01893313,20.14293,177.2416,356.8821,0.03709738,0.004003705,-0.9993028,0.1409109,0.01003067,-0.2098535,0.4588628,-0.9600464,-5.0621,-0.1455849,-0.2971195,2.056064,-0.9982646,-0.05106347,-0.02934446,-0.03777955,0.9374468,-0.3460727,0.04518054,-0.3443633,-0.937749,moving,1.2474828195405308,-4.925910117315078,-4.050215196077448,-8.222825487727148,0.24945130000000001,-0.97913231,-1.820973,0.02169059132323843,-0.08584727907897399,0.9960721964004189,1.6731723957305786,-5.14715085893071,6.199587916493853,6.2398121145064955,6.497456421422479
05/05/2023 11:40:59.993466,4351,True,True,True,True,Eyes,0.158231,0.01549605,-3.191998,0.03095436,-0.4257635,-0.9043049,0.0,0.0,0.0,0.0,0.0,0.0,0.0,0.08895395,-1.141571,-3.046647,0.2140288,0.01872431,-3.247613,-0.02250015,0.9837447,-0.1765755,0.02369596,20.26386,176.6654,356.7834,0.03827481,0.004090811,-0.999258,0.1324563,0.009428833,-0.1972622,0.4854967,-0.9658625,-5.06338,-0.1488366,-0.2991869,2.05632,-0.9978647,-0.05263704,-0.03867561,-0.03590054,0.9366297,-0.3484766,0.05456749,-0.346344,-0.9365194,moving,1.523840927020171,-4.864216203081088,-4.139853614151405,-8.278234197470843,0.2714679,-0.9845868099999999,-1.8157670000000006,0.026497198855168904,-0.08476487501814642,0.996048641841982,1.940908661625886,-5.088956306828941,6.570463423309804,6.613089650209934,6.86637920000443
05/05/2023 11:41:00.013437,4352,True,True,True,True,Eyes,0.1605226,0.01540981,-3.195075,0.03550613,-0.4268698,-0.9036158,0.0,0.0,0.0,0.0,0.0,0.0,0.0,0.06301497,-1.143531,-3.054171,0.2186603,0.018203,-3.254451,-0.02237949,0.9836437,-0.176461,0.02838949,20.23545,176.1042,356.6978,0.03939816,0.004166593,-0.9992141,0.1245089,0.008863103,-0.1854265,0.5116434,-0.9670634,-5.06739,-0.1520333,-0.3012191,2.056573,-0.9973864,-0.05404616,-0.04795206,-0.03400761,0.9367213,-0.3484202,0.06374849,-0.3458788,-0.9361112,moving,1.7823824476901853,-4.94900414542712,-4.227931615328971,-8.332665448464537,0.29298309999999994,-0.9852664,-1.8129389999999996,0.030987579554177372,-0.08622762174924214,0.995793448758376,2.1952251409266927,-5.173168144762511,6.851703305917507,6.8973211430089805,7.158167777269065
05/05/2023 11:41:00.038012,4353,True,True,True,True,Eyes,0.1629464,0.01529766,-3.19831,0.04030738,-0.4282146,-0.9027777,0.0,0.0,0.0,0.0,0.0,0.0,0.0,0.03478515,-1.145191,-3.06132,0.2233365,0.01768858,-3.261005,-0.02184059,0.9835306,-0.1762912,0.03334914,20.20126,175.5204,356.6574,0.04047564,0.004231606,-0.9991708,0.1170383,0.008331317,-0.1743009,0.5383368,-0.9682098,-5.070814,-0.1552643,-0.3032721,2.05683,-0.996822,-0.0547201,-0.05789918,-0.03120346,0.9368888,-0.3482323,0.07330041,-0.3453189,-0.9356188,moving,2.0436771129408378,-5.05583625857762,-4.316909640254525,-8.387619176719681,0.31500029999999996,-0.98589838,-1.8098090000000004,0.03552275911732542,-0.08807090007833553,0.9954806147268759,2.4528195993699744,-5.278846871105477,7.131552279550111,7.1803789077281674,7.449409320609304
05/05/2023 11:41:00.048766,4354,True,True,True,True,Eyes,0.1654557,0.01516367,-3.20169,0.04530443,-0.4295359,-0.9019126,0.0,0.0,0.0,0.0,0.0,0.0,0.0,0.004133418,-1.147554,-3.068432,0.2279305,0.0169308,-3.268016,-0.02075802,0.9833758,-0.1762256,0.03854669,20.18129,174.9189,356.6767,0.04151659,0.004286157,-0.9991279,0.110016,0.007831438,-0.1638429,0.5650455,-0.9701707,-5.074072,-0.1584061,-0.3052692,2.057079,-0.9961668,-0.0544117,-0.06849556,-0.02724005,0.9370273,-0.3481923,0.08312794,-0.3449917,-0.9349175,moving,2.302760720175688,-5.14944929324571,-4.403391818700888,-8.441052574971543,0.33711499999999994,-0.9871015000000001,-1.8060560000000003,0.040018028655430124,-0.08968199955944586,0.99516612439469,2.707902379688532,-5.371648979721869,7.418413890836831,7.470417260029658,7.745433726175613
05/05/2023 11:41:00.066851,4355,True,True,True,True,Eyes,0.1680447,0.01500106,-3.205219,0.0506003,-0.4310518,-0.9009073,0.0,0.0,0.0,0.0,0.0,0.0,0.0,-0.0294193,-1.152488,-3.074009,0.2324009,0.01627021,-3.274806,-0.01933142,0.9831113,-0.1765609,0.04410149,20.20945,174.2795,356.7267,0.04252547,0.004330518,-0.9990852,0.1034151,0.007361551,-0.1540123,0.5928938,-0.9738636,-5.075681,-0.1619003,-0.3074908,2.057355,-0.9953628,-0.05358306,-0.079887,-0.02243667,0.9369051,-0.3488631,0.09353968,-0.3454529,-0.9337628,moving,2.5727108690988705,-5.208908789347425,-4.499528091847256,-8.500464049774985,0.3604929,-0.99013381,-1.8008750000000004,0.044702188610254025,-0.09069667227053697,0.9948747839849613,2.972657522334094,-5.431292294048058,7.745424731498305,7.800698683654733,8.077955998823628
05/05/2023 11:41:00.082536,4356,True,True,True,True,Eyes,0.1707132,0.01482994,-3.208899,0.05610535,-0.4325968,-0.8998401,0.0,0.0,0.0,0.0,0.0,0.0,0.0,-0.06311725,-1.161603,-3.077922,0.2368703,0.01544746,-3.281854,-0.01809585,0.9826816,-0.1775928,0.04970173,20.31832,173.6261,356.7468,0.04350782,0.004364827,-0.9990428,0.09721018,0.006919858,-0.1447715,0.6205393,-0.9798886,-5.075912,-0.1648362,-0.309357,2.057588,-0.9944046,-0.05321825,-0.09125457,-0.01791157,0.9362667,-0.3508331,0.1041093,-0.3472355,-0.931981,moving,2.8400388157032763,-5.1893446632005755,-4.580261833569676,-8.550339930344869,0.38366900000000004,-0.99533606,-1.7940579999999997,0.049345143941264234,-0.09033718940687324,0.9946880195399734,3.2327265504045672,-5.414029479287749,8.088152334734081,8.145989866883394,8.418980385624293
05/05/2023 11:41:00.093335,4357,True,True,True,True,Eyes,0.1734753,0.01464257,-3.212734,0.06193509,-0.4341499,-0.898709,0.0,0.0,0.0,0.0,0.0,0.0,0.0,-0.09769817,-1.172313,-3.081018,0.2413499,0.01509412,-3.289082,-0.01734568,0.9821626,-0.1788149,0.05550882,20.44603,172.9354,356.7008,0.0444696,0.004389854,-0.9990004,0.09137757,0.006504667,-0.1360853,0.6498088,-0.9859813,-5.075392,-0.1680204,-0.311381,2.05784,-0.9932359,-0.05392417,-0.102834,-0.01422094,0.9354487,-0.3531763,0.1152407,-0.349325,-0.9298881,moving,3.12601711007077,-5.148394833734508,-4.667783853050773,-8.60440853034383,0.40845889999999996,-1.00107542,-1.7863099999999998,0.054312872879412846,-0.08960311573493214,0.9944955259901853,3.5103998767971585,-5.376082390801593,8.465213663927655,8.525688483864839,8.792313619429253
05/05/2023 11:41:00.112964,4358,True,True,True,True,Eyes,0.1763074,0.01443228,-3.216713,0.06796367,-0.4356564,-0.8975436,0.0,0.0,0.0,0.0,0.0,0.0,0.0,-0.1322742,-1.17583,-3.086779,0.2457701,0.01451018,-3.296613,-0.01691285,0.9818068,-0.1789191,0.06129947,20.44172,172.2462,356.6261,0.04541406,0.004405977,-0.9989578,0.08589492,0.006114386,-0.1279201,0.6792375,-0.9879665,-5.077162,-0.1711338,-0.3133593,2.058089,-0.9919129,-0.05514558,-0.1143164,-0.011275,0.9354038,-0.3534015,0.1264205,-0.3492544,-0.9284609,moving,3.408910499282913,-5.235404020974627,-4.753312037735916,-8.657217461676215,0.43346740000000006,-1.00247668,-1.7805490000000006,0.05921442877560762,-0.09108782582382811,0.994080848127181,3.7885148884153197,-5.46261695323817,8.786501792047225,8.850462358927025,9.119664448039462
05/05/2023 11:41:00.133342,4359,True,True,True,True,Eyes,0.1792161,0.01420225,-3.220848,0.0743431,-0.4372217,-0.8962757,0.0,0.0,0.0,0.0,0.0,0.0,0.0,-0.1669459,-1.180132,-3.091704,0.2501817,0.01376297,-3.304003,-0.01666107,0.9813814,-0.1791889,0.06711578,20.45483,171.5486,356.5273,0.04634591,0.004413388,-0.998915,0.08074123,0.005747523,-0.1202449,0.7090557,-0.9906557,-5.078053,-0.1743729,-0.3154181,2.058345,-0.990436,-0.05675453,-0.1257614,-0.008648915,0.9352275,-0.3539417,0.1377033,-0.3494689,-0.9267737,moving,3.6793783574268994,-5.307704885940277,-4.842255984656287,-8.71215902490242,0.45887399999999995,-1.00441867,-1.77405,0.06389910232609924,-0.0923154344990319,0.9936773154068497,4.054120820219343,-5.534758150422003,9.109094037048521,9.17652220857488,9.446766461148387
05/05/2023 11:41:00.143313,4360,True,True,True,True,Eyes,0.2534337,0.00802407,-3.327981,0.2375871,-0.4676382,-0.8513911,0.0,0.0,0.0,0.0,0.0,0.0,0.0,-0.2018336,-1.184685,-3.096627,0.254636,0.01307965,-3.311842,-0.01660185,0.9809132,-0.1794687,0.07297254,20.46673,170.8415,356.4039,0.04726684,0.004412328,-0.9988719,0.07589675,0.005402672,-0.1130302,0.7392663,-0.9931564,-5.078989,-0.1776196,-0.3174821,2.058603,-0.988799,-0.05876251,-0.1372004,-0.006377382,0.9350308,-0.3545093,0.1491185,-0.3496634,-0.9249321,moving,-5.249739400501075,-7.903856491746588,-4.931359626988805,-8.767203768613085,0.48463030000000007,-1.00623605,-1.767147,-0.0906350569190963,-0.13694523763656405,0.9864234434008539,-4.580177574550949,-8.001559784051473,0.9197698300633101,0.9201816128648299,0.8423417032593404
05/05/2023 11:41:00.163184,4361,True,True,True,True,Eyes,0.2536058,0.007985095,-3.32831,0.2381944,-0.4677034,-0.8511856,0.0,0.0,0.0,0.0,0.0,0.0,0.0,-0.2382934,-1.184881,-3.102681,0.2589355,0.01242728,-3.319661,-0.01656001,0.9805223,-0.179056,0.07900102,20.39683,170.1183,356.2829,0.05023602,0.004206046,-0.9987279,0.2939957,-0.01345603,-0.4276457,0.7698718,-0.9929677,-5.080841,-0.1807791,-0.3194901,2.058853,-0.9869694,-0.06076611,-0.1489941,-0.004183703,0.9353295,-0.3537532,0.1608548,-0.3485201,-0.9233958,moving,-4.623761772013784,-7.919615476883438,-5.018028337210712,-8.820730385866128,0.5109363,-1.00539498,-1.7611800000000004,-0.079848375013383,-0.1373437010176075,0.987299809079688,-3.9695379730783573,-8.02104416777604,0.974745492268839,0.9835924987631133,1.3186470684309828
05/05/2023 11:41:00.183127,4362,True,True,True,True,Eyes,0.253944,0.00791009,-3.32896,0.239198,-0.4677413,-0.8508833,0.0,0.0,0.0,0.0,0.0,0.0,0.0,-0.2748528,-1.183938,-3.109114,0.2632586,0.01153837,-3.327822,-0.01636205,0.9801295,-0.1784876,0.08497511,20.31011,169.4063,356.1844,0.05281169,0.004024777,-0.9985957,0.276356,-0.01264867,-0.401987,0.8000916,-0.9925816,-5.083025,-0.1840101,-0.3215438,2.05911,-0.985023,-0.06240785,-0.1607324,-0.001739843,0.9357489,-0.3526626,0.172414,-0.3471012,-0.9218429,moving,-4.0331460286998775,-7.953304126702267,-5.10660949991242,-8.875440167684248,0.536833,-1.0041199699999999,-1.7552030000000003,-0.0696603319356372,-0.13802986636578354,0.9879752989291992,-3.392886544462661,-8.057739332329165,1.3965196377605043,1.4151532433293585,1.8988104234430188
05/05/2023 11:41:00.193669,4363,True,True,True,True,Eyes,0.2544426,0.007789133,-3.329915,0.240696,-0.4678101,-0.850423,0.0,0.0,0.0,0.0,0.0,0.0,0.0,-0.3107593,-1.185558,-3.114367,0.2674805,0.01064204,-3.336127,-0.01601046,0.9796431,-0.1783283,0.09078691,20.27272,168.7137,356.1033,0.05513811,0.003859317,-0.9984706,0.2597746,-0.01188975,-0.3778677,0.8292199,-0.9937824,-5.084345,-0.1871745,-0.3235552,2.059361,-0.9830029,-0.06374881,-0.1721673,0.001010686,0.9358854,-0.3523032,0.1835877,-0.3464891,-0.9199136,moving,-3.4943647617385936,-7.944783123253347,-5.193321380348351,-8.928997068170814,0.5617394,-1.00442444,-1.748218,-0.060367497513564156,-0.13796662764385895,0.9885955229048639,-2.8679020315604333,-8.053021431179683,1.9368688795806992,1.9634486703980583,2.484936309912035
05/05/2023 11:41:00.213448,4364,True,True,True,True,Eyes,0.2550922,0.0076306,-3.331169,0.2425105,-0.4678663,-0.8498763,0.0,0.0,0.0,0.0,0.0,0.0,0.0,-0.3449537,-1.185654,-3.119926,0.2715602,0.009384569,-3.344378,-0.0157623,0.9791809,-0.1779965,0.09630043,20.2151,168.0563,356.0189,0.05724422,0.003706702,-0.9983526,0.2441881,-0.01117636,-0.3551957,0.8573883,-0.9948166,-5.085896,-0.1905847,-0.3257229,2.059632,-0.9809558,-0.06515054,-0.1829798,0.003413985,0.9361376,-0.3516173,0.1942023,-0.3455456,-0.9180873,moving,-3.003897594940473,-7.961911971489735,-5.286717104479394,-8.986681374542961,0.5858281000000001,-1.0042011690000001,-1.7415180000000001,-0.05190010030428854,-0.13832809527407347,0.989025611515638,-2.389323671953781,-8.072940039279189,2.468705756384891,2.502282406637106,3.038060554138475
05/05/2023 11:41:00.233245,4365,True,True,True,True,Eyes,0.2558946,0.007421463,-3.332706,0.244726,-0.4679843,-0.849176,0.0,0.0,0.0,0.0,0.0,0.0,0.0,-0.3778507,-1.187622,-3.124688,0.2757377,0.008289121,-3.35273,-0.01528804,0.9786653,-0.177943,0.1015725,20.19325,167.4302,355.9631,0.05915595,0.003564502,-0.9982417,0.2295368,-0.01050578,-0.3338839,0.8840781,-0.9967737,-5.087036,-0.1937339,-0.3277248,2.059881,-0.9788985,-0.06607196,-0.1933701,0.006224488,0.9362051,-0.3513989,0.2042517,-0.3451876,-0.9160385,moving,-2.5715295266019256,-7.9519827521610535,-5.372921222133017,-9.039929312798197,0.6083404,-1.0050628209999999,-1.7343060000000001,-0.04443602539953287,-0.13820649804357457,0.9894060858129554,-1.9681107160992273,-8.066146292448408,2.9654628841758686,3.005232628365523,3.5413257337781885
05/05/2023 11:41:00.243090,4366,True,True,True,True,Eyes,0.2568295,0.00717494,-3.334518,0.2472018,-0.4681492,-0.8483676,0.0,0.0,0.0,0.0,0.0,0.0,0.0,-0.4097625,-1.191594,-3.128502,0.2798383,0.006890878,-3.361096,-0.01466502,0.9780781,-0.1782585,0.1066413,20.21682,166.828,355.9236,0.060897,0.003430124,-0.9981375,0.2157646,-0.009875433,-0.3138509,0.909488,-1.000464,-5.087438,-0.1967595,-0.329648,2.060121,-0.9768253,-0.06670652,-0.2033787,0.009332364,0.9360177,-0.3518293,0.2138353,-0.3455737,-0.9137033,moving,-2.1815229885055745,-7.903571004239744,-5.455697373699481,-9.091053568347686,0.6296497,-1.0073548780000001,-1.7263419999999998,-0.0377044876375105,-0.1374085030504848,0.9897965765828136,-1.5892298106486193,-8.021628732902233,3.4373757233114066,3.4828627226349687,4.011638180942046
05/05/2023 11:41:00.263085,4367,True,True,True,True,Eyes,0.2578994,0.006897004,-3.336594,0.2500764,-0.4684232,-0.8473733,0.0,0.0,0.0,0.0,0.0,0.0,0.0,-0.4420341,-1.19834,-3.130869,0.2838638,0.005758658,-3.369443,-0.01381969,0.9773927,-0.1789812,0.1117066,20.29064,166.2265,355.9036,0.06248717,0.003301705,-0.9980397,0.2028188,-0.009282907,-0.2950199,0.9346778,-1.005719,-5.086602,-0.2000848,-0.3317612,2.060384,-0.9746613,-0.06700128,-0.2134154,0.01297224,0.9355495,-0.3529574,0.2233093,-0.3467824,-0.9109747,moving,-1.8227348219654536,-7.814712628562577,-5.546626374026703,-9.147201119388386,0.650814,-1.011477658,-1.717159,-0.031512256894117074,-0.13590244924165087,0.9902209408226273,-1.2418713323283246,-7.937550218382587,3.9040775313817937,3.955109842936904,4.471484235836212
05/05/2023 11:41:00.283179,4368,True,True,True,True,Eyes,0.2591032,0.00667036,-3.338921,0.2532185,-0.4688325,-0.846213,0.0,0.0,0.0,0.0,0.0,0.0,0.0,-0.4748578,-1.206219,-3.132496,0.2880166,0.004766703,-3.377871,-0.0128215,0.9766449,-0.1798665,0.1168266,20.38555,165.6193,355.8969,0.06394509,0.003177691,-0.9979478,0.1906496,-0.008725932,-0.2773187,0.9597267,-1.011466,-5.085213,-0.2032601,-0.3337801,2.060635,-0.9723743,-0.06707048,-0.2235839,0.01698227,0.9349673,-0.3543271,0.2328085,-0.3483355,-0.9079992,moving,-1.4790986580637122,-7.715282790148422,-5.633406255887736,-9.200814359643156,0.6717101000000001,-1.016232703,-1.7073420000000006,-0.025578759922849567,-0.13420658266086805,0.990623179306239,-0.9095682481989185,-7.843085357338219,4.355694553095034,4.41192425833716,4.915086323411361
05/05/2023 11:41:00.295649,4369,True,True,True,True,Eyes,0.2604234,0.006573848,-3.341536,0.2568857,-0.4691652,-0.8449222,0.0,0.0,0.0,0.0,0.0,0.0,0.0,-0.5110059,-1.223179,-3.129597,0.2923351,0.005802486,-3.386174,-0.01175539,0.9755898,-0.1818802,0.1224995,20.60975,164.9341,355.8647,0.06528762,0.003059151,-0.9978612,0.1792106,-0.008202376,-0.2606796,0.9866083,-1.019158,-5.080286,-0.2063831,-0.335765,2.060884,-0.9697115,-0.06749731,-0.2347423,0.02162356,0.9335628,-0.3577609,0.2432945,-0.3520008,-0.9038271,moving,-1.1037248679157414,-7.480225372475406,-5.718705020821079,-9.253486316279943,0.6942732,-1.0249604860000001,-1.694112,-0.01909857321270926,-0.1301602450620423,0.9913088958114912,-0.5499823267555828,-7.616867463849308,4.882456469130959,4.943935293522027,5.42164325239858
05/05/2023 11:41:00.295649,4370,True,True,True,True,Eyes,0.2618761,0.006463894,-3.344387,0.2607916,-0.4692095,-0.8437002,0.0,0.0,0.0,0.0,0.0,0.0,0.0,-0.5452032,-1.221621,-3.13505,0.2966436,0.008882672,-3.395595,-0.01348057,0.975076,-0.1805582,0.1282343,20.40528,164.2159,355.5576,0.0665293,0.00294939,-0.9977795,0.168458,-0.007710233,-0.2450388,1.017959,-1.01018,-5.083056,-0.2095709,-0.3377907,2.061138,-0.9667486,-0.07259665,-0.2452082,0.02001831,0.9344341,-0.3555731,0.2549443,-0.3486585,-0.9019096,moving,-0.6460290898896126,-7.656620824948439,-5.805726668277943,-9.307212100919484,0.7213154,-1.019062672,-1.6874609999999999,-0.011174582774279407,-0.13322753484126643,0.9910223981630233,-0.09905738760118304,-7.791532648114528,5.3495457803397635,5.417280744131517,5.9045201737884625
05/05/2023 11:41:00.332856,4371,True,True,True,True,Eyes,0.2634165,0.006381534,-3.34742,0.2650906,-0.4695238,-0.8421842,0.0,0.0,0.0,0.0,0.0,0.0,0.0,-0.5769269,-1.200807,-3.146991,0.3011757,0.008404393,-3.40405,-0.01396931,0.9750652,-0.1768907,0.1332764,19.95222,163.6347,355.4607,0.06768284,0.002847185,-0.9977023,0.1583505,-0.007247619,-0.2303365,1.046281,-0.9980572,-5.090139,-0.2135786,-0.3403383,2.061455,-0.9640845,-0.07439268,-0.2549642,0.01990874,0.937029,-0.3486835,0.2648484,-0.3412364,-0.9018942,moving,-0.3422567641630802,-8.10725851130874,-5.915068277268551,-9.374748431315687,0.7451053000000001,-1.006461593,-1.686089,-0.005913773482055712,-0.14102417535443953,0.9899884145550613,0.20921177034822508,-8.232010471852835,5.641472404038582,5.715134194218024,6.229980428992876
05/05/2023 11:41:00.343263,4372,True,True,True,True,Eyes,0.2650867,0.006408356,-3.350696,0.2696154,-0.4698919,-0.8405409,0.0,0.0,0.0,0.0,0.0,0.0,0.0,-0.618032,-1.228867,-3.13654,0.30527,0.009062976,-3.411258,-0.01121444,0.9735224,-0.180824,0.1393961,20.42286,162.9059,355.5785,0.06875928,0.002752588,-0.9976289,0.1488495,-0.006812762,-0.2165163,1.070995,-1.014187,-5.078767,-0.2160315,-0.3418977,2.06165,-0.9608862,-0.07224736,-0.2673548,0.02857733,0.9343538,-0.355199,0.2754662,-0.348946,-0.8957431,moving,-0.023044620659336802,-7.630341831107712,-5.981949780772643,-9.416060278135717,0.765725,-1.023249976,-1.667509,-0.00039864309360235217,-0.13278126516519123,0.9911452178567958,0.507531366107881,-7.770094891269356,6.14337686075149,6.220718694755543,6.694965840874761
05/05/2023 11:41:00.363574,4373,True,True,True,True,Eyes,0.266866,0.006475329,-3.354177,0.2745917,-0.469791,-0.838985,0.0,0.0,0.0,0.0,0.0,0.0,0.0,-0.656959,-1.239665,-3.134727,0.3099491,0.01172257,-3.420331,-0.01006198,0.9725078,-0.1816447,0.1453713,20.51033,162.1944,355.5677,0.06976939,0.002668084,-0.997559,0.1399185,-0.006403996,-0.2035253,1.098883,-1.015963,-5.075364,-0.2191334,-0.3438687,2.061897,-0.9575322,-0.07238254,-0.2790939,0.03324112,0.933808,-0.3562272,0.2864048,-0.3503763,-0.8917452,moving,0.30225093324337976,-7.510009747177386,-6.066484376353195,-9.468248588143855,0.7889339000000001,-1.02768557,-1.6550330000000004,0.00522999990544562,-0.13069761216852266,0.991408491434951,0.8213922932162315,-7.655170849642079,6.581135637706497,6.662993981835183,7.122506293507189
05/05/2023 11:41:00.383143,4374,True,True,True,True,Eyes,0.2687662,0.006598614,-3.357833,0.2797937,-0.4697359,-0.8372954,0.0,0.0,0.0,0.0,0.0,0.0,0.0,-0.6964513,-1.204835,-3.149147,0.3145552,0.01269111,-3.428511,-0.01019722,0.9726803,-0.1756979,0.1513915,19.79819,161.5292,355.548,0.07072349,0.002593763,-0.997492,0.1315234,-0.006019756,-0.1913138,1.129945,-0.9940816,-5.084785,-0.2224579,-0.3459822,2.06216,-0.9539532,-0.07303558,-0.2909277,0.03336106,0.9380526,-0.3448833,0.2980942,-0.3387082,-0.8924217,moving,0.63617847268514,-8.194976935319048,-6.1570385907877565,-9.524186951260742,0.8153897999999999,-1.00677271,-1.6562740000000002,0.010989816576741557,-0.14253354644353056,0.9897289170472383,1.165373262172038,-8.323847561478265,6.832581385823359,6.92203708007542,7.420143529274178
05/05/2023 11:41:00.393523,4375,True,True,True,True,Eyes,0.2707805,0.006808869,-3.361691,0.2853094,-0.4694816,-0.835575,0.0,0.0,0.0,0.0,0.0,0.0,0.0,-0.736517,-1.212481,-3.146096,0.3192368,0.01417902,-3.436332,-0.00949418,0.9715961,-0.1762729,0.1576033,19.84882,160.7825,355.487,0.07162986,0.002530295,-0.9974275,0.123632,-0.005658571,-0.1798349,1.159201,-0.9956874,-5.079544,-0.2256044,-0.3479824,2.062408,-0.9501421,-0.07401139,-0.3029063,0.03711336,0.9376754,-0.3455248,0.3096006,-0.3395395,-0.8881782,moving,0.9702045821205193,-8.102275836562997,-6.242697431620923,-9.57710068632699,0.8399641999999999,-1.00986642,-1.6432120000000001,0.016763484207489687,-0.14092075234423168,0.9898789492902051,1.4884896445174758,-8.23586592956987,7.2675914457209645,7.362137175937211,7.846665806505508
05/05/2023 11:41:00.413314,4376,True,True,True,True,Eyes,0.272916,0.007073407,-3.365704,0.2909743,-0.4689937,-0.8338939,0.0,0.0,0.0,0.0,0.0,0.0,0.0,-0.7726397,-1.196506,-3.15339,0.3242031,0.01645176,-3.444864,-0.009568622,0.9712486,-0.1730511,0.1632119,19.45265,160.1387,355.4333,0.07249616,0.002479153,-0.9973651,0.1162141,-0.005319057,-0.1690449,1.188293,-0.9822884,-5.083557,-0.2288136,-0.3500229,2.062662,-0.9465408,-0.075075,-0.3137269,0.03790095,0.9399236,-0.3392746,0.3203503,-0.3330277,-0.8868305,moving,1.239994631067031,-8.447586354247385,-6.330009906460124,-9.631045837559252,0.8640899,-0.99874016,-1.638693,0.021405626741518635,-0.14687095965533606,0.9889241076599931,1.7607933278522605,-8.57363672497761,7.560927410888816,7.661954388197734,8.159608508239256
05/05/2023 11:41:00.432879,4377,True,True,True,True,Eyes,0.2751406,0.007382674,-3.369853,0.296834,-0.4687849,-0.8319437,0.0,0.0,0.0,0.0,0.0,0.0,0.0,-0.8056593,-1.178071,-3.160944,0.329142,0.0179688,-3.452513,-0.009435887,0.9709796,-0.1696449,0.1683166,19.04236,159.5633,355.423,0.07332888,0.002440722,-0.9973043,0.1092412,-0.004999913,-0.1589022,1.215207,-0.969319,-5.087611,-0.2320092,-0.3520535,2.062917,-0.9431611,-0.07543223,-0.3236624,0.03878401,0.9422632,-0.3326199,0.3300655,-0.3262671,-0.8857805,moving,1.4304745310503193,-8.831672663728359,-6.416895286446996,-9.684688690421261,0.8860649999999999,-0.9872878,-1.6350979999999997,0.02466809789217486,-0.15348537947787286,0.9878429780216164,1.956829109096101,-8.948609813924213,7.786420269180015,7.89359546685557,8.406014059287479
05/05/2023 11:41:00.443026,4378,True,True,True,True,Eyes,0.2774782,0.007748719,-3.374138,0.3027462,-0.4685938,-0.8299184,0.0,0.0,0.0,0.0,0.0,0.0,0.0,-0.8385892,-1.192398,-3.15541,0.3339106,0.01940894,-3.459738,-0.007578349,0.9698153,-0.1713882,0.1732828,19.25685,158.9749,355.4984,0.07413378,0.002415013,-0.997245,0.1026868,-0.004699918,-0.149368,1.237891,-0.9768194,-5.080743,-0.2351559,-0.3540537,2.063166,-0.9398311,-0.07409646,-0.333507,0.04469808,0.9411373,-0.3350562,0.3387023,-0.3298034,-0.8811982,moving,1.5632545722121722,-8.595867446204196,-6.502407752362244,-9.737508851464563,0.9039804,-0.99622834,-1.6210049999999998,0.026974340093117,-0.14940963845323516,0.9884073586256095,2.0799098946051027,-8.720055574640886,8.036439244381157,8.14605756377059,8.642417911902106
05/05/2023 11:41:00.463020,4379,True,True,True,True,Eyes,0.2799385,0.008160034,-3.378517,0.3087528,-0.4686236,-0.8276857,0.0,0.0,0.0,0.0,0.0,0.0,0.0,-0.8734108,-1.191896,-3.154891,0.3388731,0.02110527,-3.467206,-0.005006346,0.9690039,-0.1709163,0.1783091,19.2355,158.4194,355.7084,0.07491656,0.002402396,-0.9971865,0.09652556,-0.004417923,-0.1404059,1.260394,-0.9771214,-5.078313,-0.2383642,-0.3560935,2.06342,-0.9363616,-0.07065421,-0.3438531,0.05124953,0.9415251,-0.3330224,0.3472758,-0.3294517,-0.877987,moving,1.658056852170845,-8.616546246952268,-6.589542636112268,-9.791344090077928,0.9215209,-0.99822667,-1.6111069999999996,0.028608201683711976,-0.1497595543458567,0.9883084714034602,2.172882312835932,-8.740804398723572,8.217846575062946,8.330849133872283,8.825175614630044
05/05/2023 11:41:00.473200,4380,True,True,True,True,Eyes,0.2825055,0.008586694,-3.382996,0.3148073,-0.4687125,-0.8253514,0.0,0.0,0.0,0.0,0.0,0.0,0.0,-0.9100417,-1.19232,-3.152346,0.3437667,0.02255958,-3.473961,-0.002013219,0.9680707,-0.1707242,0.1835443,19.25707,157.8423,355.9565,0.07568255,0.002402864,-0.9971287,0.09073403,-0.004152848,-0.1319816,1.282782,-0.979219,-5.073975,-0.2415594,-0.3581241,2.063673,-0.9326147,-0.06656876,-0.3546802,0.05877301,0.9416984,-0.3312851,0.3560551,-0.329807,-0.8743294,moving,1.7585778265143486,-8.599448255936164,-6.676269891020051,-9.844905345950336,0.9390153000000001,-1.0017785799999999,-1.6000139999999998,0.030343471742362266,-0.1494569682306179,0.9883025172696024,2.270411215974213,-8.724834922517084,8.410045866264502,8.526301623861416,9.016521534588493
05/05/2023 11:41:00.493107,4381,True,True,True,True,Eyes,0.2851928,0.009000221,-3.387549,0.3209775,-0.4689178,-0.8228546,0.0,0.0,0.0,0.0,0.0,0.0,0.0,-0.948832,-1.192418,-3.148942,0.3487971,0.02332111,-3.480772,0.00143783,0.9670306,-0.1706582,0.1890125,19.30561,157.2431,356.2496,0.07643591,0.002415516,-0.9970712,0.08528998,-0.003903677,-0.1240627,1.305338,-0.9831123,-5.068718,-0.2447893,-0.3601772,2.063929,-0.9285444,-0.06173221,-0.3660525,0.0672939,0.9417474,-0.3295197,0.365071,-0.3306068,-0.8703001,moving,1.8610183388207167,-8.565052412208965,-6.763885363953118,-9.899028154844931,0.9565409,-1.00643341,-1.5879459999999996,0.03211338196369937,-0.14885542009889824,0.988337465651426,2.3693450880134863,-8.692047637327601,8.607989038519973,8.72745410552602,9.212638083545695
05/05/2023 11:41:00.513312,4382,True,True,True,True,Eyes,0.2879929,0.009419114,-3.392167,0.3272512,-0.469243,-0.8201936,0.0,0.0,0.0,0.0,0.0,0.0,0.0,-0.9909375,-1.181938,-3.14762,0.3539709,0.02335692,-3.487205,0.00507492,0.9661049,-0.1691896,0.1949119,19.20131,156.6106,356.5914,0.07718106,0.0024387,-0.9970137,0.08017258,-0.003669456,-0.1166189,1.329439,-0.9830136,-5.064902,-0.2479077,-0.3621586,2.064178,-0.9239674,-0.05614832,-0.3783278,0.07575994,0.9426982,-0.3249315,0.3748934,-0.3288882,-0.8667687,moving,1.9872916681064534,-8.693240899388757,-6.848419460241751,-9.95122204003681,0.9754681000000001,-1.00637052,-1.5776970000000001,0.03427990911183737,-0.15105536730078034,0.9879306890021742,2.4958938146942637,-8.817610392070428,8.800859645612869,8.924814154582855,9.412824546784588
05/05/2023 11:41:00.533320,4383,True,True,True,True,Eyes,0.3611327,0.02072513,-3.509362,0.4851804,-0.4725982,-0.7356976,0.0,0.0,0.0,0.0,0.0,0.0,0.0,-1.035691,-1.187254,-3.138582,0.3593622,0.02389394,-3.493309,0.008408099,0.9646012,-0.170067,0.2013735,19.35862,155.8743,356.8239,0.07792263,0.002471512,-0.996956,0.07536223,-0.003449289,-0.1096218,1.355382,-0.9904094,-5.054331,-0.2511725,-0.3642342,2.064438,-0.9187562,-0.05227302,-0.39135,0.08471487,0.942013,-0.3247072,0.3856303,-0.3314799,-0.8610521,moving,-7.758503736023136,-9.595388672405369,-6.936870553301657,-10.005869929599355,0.9960198,-1.0143033399999999,-1.5610220000000004,-0.13314301276156992,-0.1652053305923332,0.9772308707413058,-6.980176294298588,-9.630757214473425,0.9145441732987266,0.9184639075415989,0.3776042058193211
05/05/2023 11:41:00.543337,4384,True,True,True,True,Eyes,0.3613692,0.02075632,-3.509613,0.48562,-0.4724535,-0.7355005,0.0,0.0,0.0,0.0,0.0,0.0,0.0,-1.081062,-1.183911,-3.132331,0.3649984,0.02513496,-3.499712,0.01013923,0.9632559,-0.1693985,0.2081813,19.30336,155.0824,356.9025,0.08055714,0.002833628,-0.9967456,0.2902599,0.03067573,-0.4546277,1.385201,-0.9895492,-5.046101,-0.2543029,-0.3662241,2.064685,-0.9131153,-0.05099783,-0.4044988,0.09006451,0.9424028,-0.3221265,0.3976285,-0.3305697,-0.8559293,moving,-7.094608786884704,-9.544586198868855,-7.0216360732798675,-10.058242077665781,1.0202026,-1.01468416,-1.546389,-0.12182391878915738,-0.16458003055123493,0.9788117418161203,-6.33436821714818,-9.585729793850895,0.5165231934438215,0.5188134334744009,0.8340293546559412
05/05/2023 11:41:00.562900,4385,True,True,True,True,Eyes,0.3618422,0.02078044,-3.510076,0.4865635,-0.4724042,-0.7349083,0.0,0.0,0.0,0.0,0.0,0.0,0.0,-1.1242,-1.172041,-3.12925,0.3707702,0.02588894,-3.505933,0.01060342,0.9621323,-0.1674014,0.2148633,19.06745,154.2975,356.8744,0.08277924,0.003142523,-0.9965626,0.2728443,0.02883518,-0.42735,1.416958,-0.9830166,-5.040091,-0.2576139,-0.3683283,2.064948,-0.907443,-0.05153301,-0.4170037,0.09234057,0.9437287,-0.3175679,0.4099036,-0.326681,-0.8516214,moving,-6.448580052832983,-9.703230064603781,-7.1112302804740715,-10.113581701022083,1.0461878,-1.00890554,-1.5341580000000001,-0.11072459650625355,-0.16750858525745482,0.9796330510514398,-5.700331208806007,-9.744371884329308,0.762766441197411,0.7794188794890486,1.458407377647315
05/05/2023 11:41:00.583072,4386,True,True,True,True,Eyes,0.3625425,0.02080753,-3.510735,0.4878651,-0.4724789,-0.7339969,0.0,0.0,0.0,0.0,0.0,0.0,0.0,-1.167022,-1.172327,-3.120405,0.3766626,0.02574947,-3.511507,0.0115528,0.9606038,-0.1674536,0.2215091,19.07656,153.4999,356.8465,0.08475704,0.00341723,-0.9963954,0.2564737,0.02710507,-0.401709,1.446936,-0.9851117,-5.029014,-0.2607359,-0.3703124,2.065197,-0.9016005,-0.05198966,-0.4294339,0.09638029,0.9436517,-0.316595,0.4216957,-0.3268312,-0.8457862,moving,-5.826031355797606,-9.630598237050746,-7.1956538477003456,-10.165727505407,1.0702734,-1.01086117,-1.5175070000000002,-0.10009215994792325,-0.1664551655489387,0.9809558365858604,-5.0954166128100535,-9.677830660386837,1.4410731105015817,1.4704520067575717,2.156163206763405
05/05/2023 11:41:00.594225,4387,True,True,True,True,Eyes,0.3634879,0.02084261,-3.51156,0.4896167,-0.4727365,-0.7326633,0.0,0.0,0.0,0.0,0.0,0.0,0.0,-1.211906,-1.181393,-3.10657,0.3826871,0.02586971,-3.516825,0.01322579,0.9587109,-0.1689133,0.2284006,19.2639,152.6656,356.8544,0.08655419,0.003665055,-0.9962401,0.2410853,0.02547877,-0.3776065,1.476135,-0.9928594,-5.013805,-0.263935,-0.3723463,2.065449,-0.8953165,-0.05180039,-0.4424083,0.1025192,0.9425867,-0.3178365,0.4334722,-0.3299197,-0.838603,moving,-5.21808837759132,-9.392182235014884,-7.282119620702099,-10.219167181133953,1.0934479,-1.01872911,-1.4969799999999998,-0.08973765891487553,-0.16253292691390187,0.9826138726678489,-4.509208367582069,-9.449887188139838,2.1802544816500946,2.2235397621011836,2.8776428766093827
05/05/2023 11:41:00.613325,4388,True,True,True,True,Eyes,0.3646531,0.0208847,-3.512554,0.4917107,-0.4730925,-0.7310295,0.0,0.0,0.0,0.0,0.0,0.0,0.0,-1.259652,-1.190491,-3.09057,0.3888822,0.02610343,-3.521889,0.01528538,0.9566399,-0.1704676,0.2356849,19.47267,151.7863,356.8925,0.08819571,0.003888958,-0.9960952,0.2266201,0.02395004,-0.3549501,1.505891,-1.001297,-4.996801,-0.267115,-0.3743677,2.065701,-0.8884379,-0.05110808,-0.4561425,0.1095985,0.9414143,-0.3189471,0.4457199,-0.3333572,-0.8307869,moving,-4.60201855585662,-9.138686764172308,-7.368009915598541,-10.272240176847376,1.1170088,-1.0274004300000001,-1.4749119999999998,-0.07922204865945545,-0.15832556159347125,0.9842037083212505,-3.9154843618269526,-9.20732552295292,2.9327056712204507,2.989256018067749,3.6130286353037615
05/05/2023 11:41:00.633524,4389,True,True,True,True,Eyes,0.3660643,0.02092671,-3.513667,0.4941056,-0.4736609,-0.729044,0.0,0.0,0.0,0.0,0.0,0.0,0.0,-1.307533,-1.196122,-3.074965,0.3951847,0.02632817,-3.526881,0.01725684,0.9545827,-0.1715292,0.2430062,19.62512,150.9046,356.9316,0.08970277,0.004091482,-0.9959598,0.2130229,0.02251304,-0.3336531,1.535953,-1.008001,-4.980101,-0.2704011,-0.3764559,2.065963,-0.8813006,-0.05041914,-0.4698591,0.1163115,0.9405599,-0.3190905,0.4580189,-0.3358645,-0.8230516,moving,-4.0068016139821525,-8.961851783942121,-7.456703264780116,-10.327026568769812,1.1407683,-1.03432917,-1.4532200000000004,-0.06902597561034102,-0.1554052780343214,0.985436329920044,-3.340021890170762,-9.039215023148614,3.6419828464159094,3.7101918539757275,4.313412120014829
05/05/2023 11:41:00.643441,4390,True,True,True,True,Eyes,0.3676792,0.02097172,-3.5149,0.4967388,-0.4744685,-0.7267257,0.0,0.0,0.0,0.0,0.0,0.0,0.0,-1.353325,-1.207685,-3.056494,0.4015103,0.0263726,-3.531322,0.01938788,0.95235,-0.1735745,0.2500512,19.89535,150.0433,356.9594,0.09109556,0.004274765,-0.9958326,0.2002416,0.02116226,-0.3136339,1.563972,-1.018477,-4.961089,-0.2735254,-0.3784418,2.066211,-0.8741972,-0.04987692,-0.483003,0.1237331,0.938992,-0.3209114,0.4695421,-0.3403032,-0.8146927,moving,-3.4548194759950235,-8.691427309675154,-7.540979369004548,-10.379104135706212,1.1624617,-1.0448496,-1.4297670000000005,-0.059571901825944545,-0.15084454722416152,0.9867609371290279,-2.8092280634819105,-8.77975670993663,4.341839259542477,4.420967737991522,4.994735489055549
05/05/2023 11:41:00.663155,4391,True,True,True,True,Eyes,0.369505,0.02099667,-3.516222,0.4995579,-0.4754782,-0.7241286,0.0,0.0,0.0,0.0,0.0,0.0,0.0,-1.395786,-1.226801,-3.03533,0.4079017,0.0265384,-3.535449,0.02163148,0.9499572,-0.1767778,0.2566386,20.30183,149.2207,356.9662,0.09239012,0.004440697,-0.9957126,0.1882271,0.01989252,-0.2948159,1.589648,-1.033131,-4.939858,-0.2768548,-0.380558,2.066475,-0.8673377,-0.04963802,-0.4952391,0.1318339,0.9365634,-0.3247597,0.4799432,-0.3469656,-0.8057728,moving,-2.9581604097908674,-8.307028601877919,-7.630730578148995,-10.434567160021604,1.1817463,-1.0596694,-1.4044090000000002,-0.051066666218514134,-0.1442890683197175,0.9882169315643019,-2.3354361888431985,-8.409036390039082,5.045001889657199,5.134134035513527,5.669472424270131
05/05/2023 11:41:00.673554,4392,True,True,True,True,Eyes,0.3715288,0.02102583,-3.51762,0.5025617,-0.4767538,-0.7212057,0.0,0.0,0.0,0.0,0.0,0.0,0.0,-1.436048,-1.242805,-3.015054,0.4145002,0.02614021,-3.539046,0.0238063,0.9476403,-0.179625,0.2629567,20.66846,148.4314,356.9767,0.09360215,0.004590462,-0.9955987,0.1769334,0.01869897,-0.2771269,1.614512,-1.047034,-4.919108,-0.2801468,-0.3826506,2.066737,-0.8605742,-0.04934759,-0.5069292,0.1395868,0.9343362,-0.3279197,0.4898244,-0.3529598,-0.7971774,moving,-2.509710058017689,-7.985966970444004,-7.719410474078195,-10.48937360805437,1.2000118,-1.0731742100000001,-1.3800619999999997,-0.04336484548777467,-0.1387998738148227,0.989370605505657,-1.9069319429461529,-8.09962235441129,5.682523404877886,5.779967406338263,6.284569812577434
05/05/2023 11:41:00.692977,4393,True,True,True,True,Eyes,0.3737876,0.02107464,-3.519073,0.5056843,-0.4781443,-0.7180957,0.0,0.0,0.0,0.0,0.0,0.0,0.0,-1.477142,-1.263715,-2.991132,0.421172,0.02632436,-3.542276,0.02650242,0.9450677,-0.183274,0.2693611,21.14258,147.625,357.0106,0.09474555,0.004725824,-0.99549,0.1663174,0.01757703,-0.2604993,1.637954,-1.063679,-4.895754,-0.2832429,-0.3846191,2.06698,-0.8534842,-0.04864058,-0.5188432,0.1488269,0.9314165,-0.3321351,0.4994144,-0.36069,-0.7877104,moving,-2.0671623182740815,-7.566187471379923,-7.802771491177922,-10.54091667544787,1.2167819999999998,-1.09000336,-1.353478,-0.035757310775948764,-0.13158720901724172,0.9906594966973234,-1.4868424407125607,-7.694118245188032,6.356255299370111,6.461131976815936,6.927858332345008
05/05/2023 11:41:00.713057,4394,True,True,True,True,Eyes,0.376249,0.02113448,-3.520591,0.5090365,-0.4795408,-0.7147884,0.0,0.0,0.0,0.0,0.0,0.0,0.0,-1.518684,-1.274583,-2.970545,0.4281686,0.02684753,-3.545568,0.02890885,0.9427074,-0.1853521,0.2758837,21.43321,146.8189,357.0586,0.09583362,0.004848771,-0.9953852,0.1563384,0.01652241,-0.2448694,1.662899,-1.074208,-4.875182,-0.2862634,-0.386539,2.06722,-0.8461051,-0.04776606,-0.5308719,0.1567764,0.9296178,-0.3335145,0.5094386,-0.3654165,-0.7790657,moving,-1.6368783910957871,-7.333448093744297,-7.884035075342543,-10.591143901446243,1.2347304,-1.10105553,-1.3296139999999999,-0.028331560316817828,-0.12759239543041143,0.9914219572360672,-1.0736665992306373,-7.470519901981662,6.934136284675111,7.045533948044516,7.491289136487332
05/05/2023 11:41:00.733261,4395,True,True,True,True,Eyes,0.3789313,0.02120034,-3.522154,0.5126476,-0.4807803,-0.7113668,0.0,0.0,0.0,0.0,0.0,0.0,0.0,-1.56155,-1.272003,-2.954101,0.4353784,0.02717298,-3.54864,0.03109263,0.9406148,-0.1854482,0.2826417,21.49664,146.0084,357.1453,0.09687678,0.004960781,-0.9952837,0.1469581,0.01553106,-0.2301772,1.690008,-1.078109,-4.857624,-0.2894317,-0.3885521,2.067472,-0.8382941,-0.04633838,-0.543246,0.1633231,0.9292845,-0.3312944,0.5201817,-0.3664467,-0.7714456,moving,-1.2145513944711657,-7.319997053444058,-7.969219542203234,-10.643777412445397,1.2546296,-1.10528198,-1.3089840000000006,-0.02102366035830383,-0.12738262469363987,0.9916308060096702,-0.6623367946834766,-7.460232891937843,7.410281786847539,7.528151012092494,7.970288024911995
05/05/2023 11:41:00.743564,4396,True,True,True,True,Eyes,0.3818144,0.02125928,-3.523765,0.5164988,-0.4819253,-0.7077973,0.0,0.0,0.0,0.0,0.0,0.0,0.0,-1.60663,-1.26642,-2.936903,0.4428326,0.02736051,-3.551567,0.03382052,0.9384162,-0.1852693,0.2896665,21.54997,145.1772,357.2973,0.09788574,0.005063135,-0.9951845,0.1381406,0.0145992,-0.2163666,1.717272,-1.082249,-4.839358,-0.2927395,-0.3906546,2.067735,-0.8298991,-0.04385712,-0.5561872,0.170808,0.929063,-0.328126,0.5311236,-0.3673127,-0.7635375,moving,-0.7993959966136529,-7.312572669033365,-8.058095075689819,-10.698716211501171,1.2744394,-1.10960951,-1.287791,-0.013838186344008685,-0.12727007527304032,0.9917715743090859,-0.25783556255698914,-7.4557621650757495,7.885290288104626,8.009661691406048,8.44753214965449
05/05/2023 11:41:00.763382,4397,True,True,True,True,Eyes,0.3848923,0.02129776,-3.525408,0.5206187,-0.4828597,-0.7041326,0.0,0.0,0.0,0.0,0.0,0.0,0.0,-1.653496,-1.24886,-2.922852,0.4504125,0.02722259,-3.554314,0.03654252,0.9363993,-0.1833987,0.2969613,21.41818,144.3376,357.5074,0.0988694,0.005156599,-0.9950868,0.1298522,0.01372325,-0.2033846,1.746098,-1.081183,-4.823557,-0.2959256,-0.3926798,2.067988,-0.8209574,-0.04048786,-0.5695524,0.1773614,0.9300591,-0.3217654,0.5427451,-0.3651722,-0.756358,moving,-0.3938475514473366,-7.480453334108327,-8.143643727474771,-10.751604804313702,1.2956854999999998,-1.10840559,-1.269243,-0.006815383929646868,-0.13018492849775845,0.9914663251923714,0.14202566800595512,-7.621796782852787,8.280736546111463,8.41188282794026,8.857088437088512
05/05/2023 11:41:00.783339,4398,True,True,True,True,Eyes,0.3881625,0.02131344,-3.527065,0.5249612,-0.4838383,-0.7002259,0.0,0.0,0.0,0.0,0.0,0.0,0.0,-1.700218,-1.235605,-2.905712,0.458047,0.02673855,-3.556698,0.03890735,0.934149,-0.1822217,0.3043799,21.35403,143.4613,357.6469,0.09983559,0.005241479,-0.9949899,0.122061,0.01289985,-0.1911815,1.775174,-1.082226,-4.804994,-0.2991064,-0.3947016,2.06824,-0.8116782,-0.03823869,-0.5828518,0.1836197,0.9305629,-0.3167592,0.5544928,-0.3641296,-0.7482963,moving,0.030622516932851757,-7.5878245266792135,-8.228995029913616,-10.804376152347933,1.3171270000000002,-1.1089645499999998,-1.2482959999999999,0.0005297837749347889,-0.1320457381856942,0.9912435197464279,0.5587011292720321,-7.729082114508749,8.725692658966539,8.863830231946354,9.310265152257235
05/05/2023 11:41:00.793445,4399,True,True,True,True,Eyes,0.3916238,0.02130882,-3.528737,0.5295495,-0.4847228,-0.6961474,0.0,0.0,0.0,0.0,0.0,0.0,0.0,-1.745942,-1.232427,-2.883569,0.4658101,0.02621532,-3.558721,0.04094128,0.9315417,-0.182551,0.3118159,21.44698,142.5479,357.6868,0.1007907,0.005317939,-0.9948931,0.1147374,0.01212586,-0.1797106,1.803628,-1.087708,-4.78218,-0.3022933,-0.3967279,2.068491,-0.8021893,-0.03756759,-0.5958866,0.1901216,0.9299979,-0.3145754,0.5659912,-0.36564,-0.7388919,moving,0.47599520480653706,-7.534663170225997,-8.314458186326515,-10.857241452949191,1.3378179000000001,-1.1139233199999998,-1.2234590000000005,0.008235863057161064,-0.13112153630620077,0.9913321247660923,0.9914259886437466,-7.68031041850538,9.252582609915203,9.397425033832747,9.833227907232404
05/05/2023 11:41:00.812943,4400,True,True,True,True,Eyes,0.3952882,0.02127867,-3.530411,0.5343603,-0.4856092,-0.6918402,0.0,0.0,0.0,0.0,0.0,0.0,0.0,-1.790036,-1.227798,-2.862067,0.4739564,0.02571595,-3.560596,0.04210826,0.9289793,-0.1824986,0.3192474,21.46672,141.622,357.642,0.1017426,0.005386363,-0.9947959,0.1078531,0.01139831,-0.168928,1.833758,-1.090491,-4.759413,-0.3055613,-0.398805,2.06875,-0.7926161,-0.038289,-0.6085178,0.1947598,0.9298424,-0.3121889,0.5777789,-0.3659607,-0.7295509,moving,0.9275716029032797,-7.556294171573284,-8.40202954440555,-10.91139059335095,1.3598016,-1.11620695,-1.1988170000000005,0.016047929980808562,-0.13148331377074324,0.9911885238540473,1.4322142380593164,-7.704351648499755,9.762558362669804,9.914541319057152,10.343957152209262
05/05/2023 11:41:00.832916,4401,True,True,True,True,Eyes,0.3991669,0.02121795,-3.532059,0.5393676,-0.4865007,-0.6873133,0.0,0.0,0.0,0.0,0.0,0.0,0.0,-1.832226,-1.225229,-2.839916,0.4823647,0.02508381,-3.562311,0.04292218,0.9263678,-0.1827044,0.3265263,21.50199,140.7014,357.5488,0.1026956,0.005446714,-0.9946976,0.1013819,0.01071441,-0.1587923,1.863632,-1.093555,-4.735957,-0.3087,-0.4008,2.069,-0.7830764,-0.03979215,-0.6206511,0.1988391,0.9295536,-0.3104725,0.5892828,-0.3665335,-0.7199992,moving,1.3626990359799513,-7.563552113918324,-8.48607322893318,-10.963361697755134,1.3812673,-1.11863881,-1.1736460000000002,0.02357454695253136,-0.13158922897975445,0.991023928540394,1.8565803244850314,-7.714299037924907,10.260239584508142,10.419070032036004,10.840981998580084
05/05/2023 11:41:00.843615,4402,True,True,True,True,Eyes,0.4032462,0.02112199,-3.533684,0.5445477,-0.4874194,-0.6825615,0.0,0.0,0.0,0.0,0.0,0.0,0.0,-1.871855,-1.225832,-2.816832,0.4909336,0.02427872,-3.563627,0.04335712,0.9237098,-0.1833346,0.3335701,21.56898,139.7931,357.3985,0.1036558,0.005498964,-0.9945977,0.09529903,0.01007155,-0.1492648,1.890767,-1.095649,-4.713814,-0.3087004,-0.4007999,2.069,-0.7737024,-0.0422111,-0.6321415,0.2024086,0.9290171,-0.3097706,0.6003461,-0.3676212,-0.7102389,static,1.7764503621228107,-7.540348346281778,-8.486084064712776,-10.963359028665995,1.3998334000000001,-1.1199277200000002,-1.1501870000000003,0.03073213003030023,-0.1311623683169217,0.9908844734252309,2.2592875355241797,-7.694465908626636,10.655836578869746,10.818346222676647,11.231592632277026
05/05/2023 11:41:00.863012,4403,True,True,True,True,Eyes,0.407525,0.02099289,-3.535273,0.5498678,-0.4887742,-0.6773072,0.0,0.0,0.0,0.0,0.0,0.0,0.0,-1.910736,-1.22608,-2.79346,0.4997068,0.02335441,-3.564736,0.04408186,0.9210103,-0.1840024,0.3404999,21.65124,138.9008,357.2801,0.1046279,0.005542937,-0.9944957,0.08958109,0.009467254,-0.1403089,1.916988,-1.098503,-4.691436,-0.3087003,-0.4007997,2.069001,-0.7642335,-0.04410591,-0.6434301,0.2065053,0.9283998,-0.3089165,0.6109854,-0.3689559,-0.7004061,static,2.146404786952035,-7.532375989856715,-8.4860773139521,-10.963348520020304,1.4172812,-1.12185741,-1.1267000000000005,0.03713032934249383,-0.13099600246237153,0.9906872590359264,2.619711233591537,-7.689162265631131,11.006489973438708,11.172343000856353,11.578377904144535
05/05/2023 11:41:00.883339,4404,True,True,True,True,Eyes,0.5193065,0.01670494,-3.573763,0.6754611,-0.5137414,-0.5289822,0.0,0.0,0.0,0.0,0.0,0.0,0.0,-1.949887,-1.226578,-2.769215,0.5080655,0.02320226,-3.566011,0.04512056,0.9182544,-0.1846912,0.3473649,21.74853,138.019,357.1955,0.1056164,0.005578545,-0.9943911,0.08420622,0.008899219,-0.1318903,1.941785,-1.101227,-4.669101,-0.3087006,-0.4007999,2.069001,-0.7546039,-0.04544617,-0.6546053,0.2111748,0.9277066,-0.3078404,0.6212718,-0.3705336,-0.6904538,static,-8.174032663521734,-9.951993705111947,-8.486085440782752,-10.963353858196337,1.4337195,-1.1244292599999999,-1.1030900000000003,-0.140083238446009,-0.17111890488951217,0.9752410462546693,-7.375630102831843,-9.974972736625336,1.0396576244895224,1.0584074333843247,1.4866096660057129
05/05/2023 11:41:00.893578,4405,True,True,True,True,Eyes,0.5196376,0.01668356,-3.573811,0.6757495,-0.5141002,-0.5282648,0.0,0.0,0.0,0.0,0.0,0.0,0.0,-1.986088,-1.224341,-2.746552,0.5170451,0.02202399,-3.56641,0.04624069,0.9156039,-0.185139,0.353914,21.82411,137.1813,357.1369,0.1094424,0.005483615,-0.9939778,0.4144984,-0.004498569,-0.2394464,1.966104,-1.10444,-4.647154,-0.3087004,-0.4007998,2.069001,-0.7452137,-0.04637027,-0.6652118,0.2157229,0.9271706,-0.3062976,0.630968,-0.3717585,-0.6809371,static,-7.481454049606662,-9.81616945478664,-8.48608002289569,-10.963351189108344,1.4490589,-1.1264639900000002,-1.0807439999999997,-0.12833066774193985,-0.16907790564896466,0.977212363228995,-6.704152257855043,-9.84741068029217,1.4877895582658174,1.5248932020860604,2.1025198641248695
05/05/2023 11:41:00.913372,4406,True,True,True,True,Eyes,0.5203367,0.01662719,-3.573864,0.6762928,-0.5144874,-0.5271914,0.0,0.0,0.0,0.0,0.0,0.0,0.0,-2.020361,-1.224071,-2.72367,0.5263336,0.02078892,-3.566669,0.04762891,0.9129225,-0.1859457,0.3601783,21.95127,136.375,357.0963,0.1128934,0.005397502,-0.9935923,0.3896285,-0.004228655,-0.2250796,1.988986,-1.109402,-4.624977,-0.3086999,-0.4007997,2.069001,-0.7360063,-0.04698421,-0.6753424,0.2209102,0.9263113,-0.3051982,0.6399168,-0.3738178,-0.6713917,static,-6.846380375426078,-9.638924316567572,-8.486066478177362,-10.963348520020304,1.4626524,-1.13019092,-1.0583080000000002,-0.11754823038317486,-0.16627773044483757,0.9790475668814353,-6.089847743896391,-9.67916541115045,2.0564253636792875,2.1077642150504166,2.718637614619819
05/05/2023 11:41:00.933290,4407,True,True,True,True,Eyes,0.5213792,0.01653711,-3.573932,0.677073,-0.5149938,-0.5256933,0.0,0.0,0.0,0.0,0.0,0.0,0.0,-2.052603,-1.221658,-2.702658,0.5357533,0.0199041,-3.56687,0.04878232,0.9103917,-0.1863079,0.3661921,22.02146,135.6034,357.0551,0.1160169,0.005318368,-0.9932328,0.3662508,-0.003974936,-0.2115748,2.011815,-1.112241,-4.604265,-0.3087,-0.4007999,2.069,-0.7270473,-0.04762695,-0.6849335,0.225271,0.9258193,-0.3034989,0.6485794,-0.3749537,-0.6623855,static,-6.267048455762826,-9.536864177358144,-8.48607322893318,-10.963359028665995,1.4760616999999998,-1.1321451,-1.0373949999999996,-0.10767154546759028,-0.16471895160349456,0.980446027230258,-5.527854868983348,-9.583704313468514,2.5757482291482834,2.637983795392145,3.2641236187238545
05/05/2023 11:41:00.942937,4408,True,True,True,True,Eyes,0.522783,0.01640734,-3.573981,0.6780856,-0.5154417,-0.5239463,0.0,0.0,0.0,0.0,0.0,0.0,0.0,-2.081613,-1.214802,-2.685443,0.5453979,0.01902996,-3.56688,0.04937027,0.9081685,-0.1858198,0.3718383,21.97654,134.8855,357.001,0.1188551,0.005244583,-0.9928975,0.3442757,-0.00373644,-0.1988803,2.035309,-1.111436,-4.58615,-0.3087002,-0.4007998,2.069001,-0.7185978,-0.04851682,-0.6937316,0.2278629,0.9260671,-0.3007959,0.6570356,-0.3742269,-0.6544147,static,-5.748485410149683,-9.557329049420934,-8.486074605008472,-10.963351189108344,1.4899110999999998,-1.13046596,-1.0192700000000001,-0.09878517014407534,-0.16522226722942673,0.9812966141188474,-5.021798198051803,-9.607055136634923,3.0074845686248786,3.077546564570349,3.720315847579557
05/05/2023 11:41:00.963235,4409,True,True,True,True,Eyes,0.5245157,0.01624155,-3.574028,0.6792521,-0.516024,-0.521858,0.0,0.0,0.0,0.0,0.0,0.0,0.0,-2.108361,-1.206454,-2.669784,0.5553678,0.01794231,-3.566469,0.04989645,0.9060653,-0.1851045,0.3772168,21.90552,134.205,356.9584,0.1214467,0.005174522,-0.9925842,0.3236192,-0.003512254,-0.1869475,2.058548,-1.110095,-4.568807,-0.3087003,-0.4007998,2.069001,-0.7104357,-0.04923016,-0.7020381,0.2300679,0.9264933,-0.29779,0.665094,-0.3730771,-0.6468878,static,-5.283325002898399,-9.619533721581531,-8.4860773139521,-10.963351189108344,1.5031802,-1.12803731,-1.0023379999999995,-0.09079680490353942,-0.16641464986528612,0.9818666205875074,-4.566674407681435,-9.670663991104755,3.3969557004544697,3.473250315193248,4.127076366335532
05/05/2023 11:41:00.983089,4410,True,True,True,True,Eyes,0.526603,0.01605007,-3.574043,0.6806201,-0.5165316,-0.5195685,0.0,0.0,0.0,0.0,0.0,0.0,0.0,-2.133061,-1.200049,-2.654401,0.5654616,0.01694059,-3.565933,0.05059494,0.9039899,-0.1846896,0.3822726,21.87588,133.5619,356.9282,0.1238255,0.005106807,-0.9922906,0.304202,-0.003301518,-0.1757307,2.080406,-1.110017,-4.551637,-0.3086999,-0.4007995,2.069001,-0.7026156,-0.04972889,-0.7098298,0.2326781,0.9266598,-0.2952328,0.6724523,-0.3725971,-0.6395149,static,-4.871050458099697,-9.641213778909696,-8.486066478177362,-10.963343181844076,1.5149444,-1.12695759,-0.9857040000000006,-0.08372262895560367,-0.16688995103418755,0.9824145286789019,-4.164197026870511,-9.694492323521331,3.7671195535534228,3.8492034219461275,4.50427997073958
05/05/2023 11:41:00.993616,4411,True,True,True,True,Eyes,0.5290304,0.01579684,-3.574017,0.6821781,-0.5170046,-0.5170487,0.0,0.0,0.0,0.0,0.0,0.0,0.0,-2.156466,-1.19169,-2.64047,0.5759512,0.01612613,-3.565188,0.05090098,0.9020205,-0.1838374,0.3872623,21.78189,132.929,356.8789,0.1260224,0.005040509,-0.9920143,0.2859499,-0.003103427,-0.1651868,2.103345,-1.107651,-4.535185,-0.3087,-0.4007997,2.069,-0.694874,-0.05055917,-0.717352,0.234214,0.9272258,-0.2922262,0.679922,-0.3710743,-0.6324635,static,-4.479332195165627,-9.730308051140913,-8.48607322893318,-10.963353690487567,1.5273938,-1.12377713,-0.9699970000000002,-0.07698266774615786,-0.1685092239869714,0.9826893634361031,-3.7799412678392246,-9.783777307528865,4.1053195281185,4.19218025141912,4.85170882045326
05/05/2023 11:41:01.013418,4412,True,True,True,True,Eyes,0.5317907,0.01549909,-3.573933,0.683892,-0.5174682,-0.5143137,0.0,0.0,0.0,0.0,0.0,0.0,0.0,-2.178344,-1.176445,-2.630246,0.5864413,0.01436587,-3.564164,0.05083237,0.9003236,-0.1819652,0.3920744,21.56246,132.3349,356.8468,0.128065,0.004973775,-0.991753,0.2687929,-0.002917222,-0.1552756,2.127176,-1.102418,-4.52105,-0.3087001,-0.4007998,2.069001,-0.6873878,-0.05115665,-0.7244871,0.234219,0.9286095,-0.287795,0.6874882,-0.3675153,-0.626333,static,-4.134144951030247,-9.94860427782261,-8.486071896064805,-10.963351189108344,1.5407346999999998,-1.11678387,-0.9568859999999999,-0.07101332690921719,-0.1723285598979656,0.9824765455356721,-3.43756241667477,-9.99846519058215,4.378926860897957,4.468666403848218,5.139888418403938
05/05/2023 11:41:01.033243,4413,True,True,True,True,Eyes,0.5348378,0.01516128,-3.573838,0.6859515,-0.5178794,-0.5111471,0.0,0.0,0.0,0.0,0.0,0.0,0.0,-2.200295,-1.173014,-2.613889,0.5970916,0.01300752,-3.562723,0.05132639,0.8981615,-0.1820026,0.3969217,21.57264,131.702,356.7771,0.1299782,0.004905426,-0.9915044,0.2526653,-0.002742188,-0.1459591,2.148575,-1.103719,-4.502147,-0.3087003,-0.4008,2.069,-0.6796376,-0.05228281,-0.7316825,0.2366803,0.9284813,-0.2861903,0.6943163,-0.3676805,-0.6186564,static,-3.7907349811147992,-9.9373476147432,-8.486081355767933,-10.963361697755134,1.5514834000000002,-1.1167265199999998,-0.9394239999999998,-0.06512490165535373,-0.17220483892784186,0.9829059628312549,-3.103103278590342,-9.989789940703792,4.711126844147096,4.80614008082444,5.470310315284006
05/05/2023 11:41:01.043363,4414,True,True,True,True,Eyes,0.5382103,0.01477992,-3.573682,0.6881824,-0.5181393,-0.5078748,0.0,0.0,0.0,0.0,0.0,0.0,0.0,-2.219869,-1.1638,-2.602001,0.607903,0.01177964,-3.561316,0.0506714,0.8963639,-0.1807971,0.4015929,21.39641,131.1003,356.6521,0.1317826,0.004834513,-0.9912666,0.2375054,-0.002577657,-0.1372015,2.172496,-1.098784,-4.486192,-0.3087005,-0.4007996,2.069001,-0.6723114,-0.05437362,-0.7382692,0.2360536,0.9294897,-0.2834213,0.7016242,-0.3648184,-0.6120715,static,-3.467772284470569,-10.109275660986242,-8.48608273183924,-10.963345850932214,1.5645930000000003,-1.11056364,-0.9248759999999998,-0.059551384888088754,-0.17521460363163588,0.9827276517842616,-2.7836391095378605,-10.15921493336295,4.992114094439346,5.090469097786952,5.7588618491952435
05/05/2023 11:41:01.062959,4415,True,True,True,True,Eyes,0.5418749,0.01435875,-3.573475,0.6905939,-0.5184856,-0.5042348,0.0,0.0,0.0,0.0,0.0,0.0,0.0,-2.237342,-1.152135,-2.592563,0.6189746,0.0103397,-3.559672,0.04988088,0.8947532,-0.1791789,0.4059847,21.17045,130.5425,356.5432,0.1334983,0.004760094,-0.9910374,0.2232551,-0.002422997,-0.1289694,2.196459,-1.09258,-4.471709,-0.3087001,-0.4007999,2.069,-0.6653767,-0.05622567,-0.7443874,0.23475,0.9308137,-0.2801401,0.7086371,-0.3611436,-0.6061428,static,-3.20521258988058,-10.341338712057574,-8.486075937878136,-10.963359028665995,1.5774844,-1.1029197000000002,-0.9120369999999998,-0.055006857603437154,-0.1792402515569141,0.9822663404057066,-2.521436097895493,-10.38674977930193,5.216953742564183,5.31737030631661,5.992445798433254
05/05/2023 11:41:01.083132,4416,True,True,True,True,Eyes,0.5458454,0.01400955,-3.573202,0.6930317,-0.5189482,-0.5003995,0.0,0.0,0.0,0.0,0.0,0.0,0.0,-2.253796,-1.149903,-2.579237,0.6300707,0.009039626,-3.557705,0.05002635,0.8928496,-0.1792177,0.4101197,21.16546,129.9951,356.4545,0.1351424,0.004681417,-0.9908149,0.2098598,-0.002277618,-0.1212313,2.216791,-1.093243,-4.45436,-0.3086998,-0.4007998,2.069,-0.6585984,-0.0576694,-0.7502816,0.2363334,0.9307568,-0.2789952,0.7144191,-0.3610624,-0.5993657,static,-2.975325368937572,-10.36123064185151,-8.486067811043153,-10.963356359576805,1.5867203,-1.102282626,-0.8966550000000004,-0.05106169997296506,-0.17961893334791926,0.9824100837568834,-2.296801529916422,-10.407628799367647,5.439570865233448,5.543540172414193,6.214165287459639
05/05/2023 11:41:01.093677,4417,True,True,True,True,Eyes,0.550135,0.0137423,-3.572871,0.6956116,-0.5193982,-0.4963366,0.0,0.0,0.0,0.0,0.0,0.0,0.0,-2.26897,-1.161964,-2.560719,0.641297,0.01046116,-3.555882,0.05077429,0.89061,-0.1811764,0.4140182,21.39269,129.4422,356.3312,0.1367302,0.004600918,-0.9905974,0.1972682,-0.00214096,-0.1139574,2.233933,-1.098252,-4.433928,-0.3087,-0.4008,2.069,-0.6520219,-0.05958047,-0.7558556,0.2404608,0.9291942,-0.2806721,0.7190591,-0.364758,-0.5915283,static,-2.762842837914895,-10.151127989017947,-8.48607322893318,-10.963361697755134,1.592636,-1.10871316,-0.8780459999999999,-0.04744919147897608,-0.17604666678992276,0.9832375877973287,-2.095332480816421,-10.204611293872233,5.671597762612838,5.780578665348675,6.435625026757884
05/05/2023 11:41:01.113147,4418,True,True,True,True,Eyes,0.5546843,0.01338213,-3.572442,0.6982685,-0.5196075,-0.4923708,0.0,0.0,0.0,0.0,0.0,0.0,0.0,-2.278455,-1.16346,-2.552506,0.6529869,0.01219797,-3.554397,0.04905383,0.889224,-0.1806915,0.4174028,21.24157,128.9752,356.0872,0.1382767,0.00452103,-0.9903831,0.1854321,-0.002012503,-0.10712,2.256413,-1.090468,-4.420338,-0.3087004,-0.4007995,2.069001,-0.6467376,-0.06360257,-0.7600564,0.238082,0.9298886,-0.2804,0.7246019,-0.3623009,-0.5862513,static,-2.5817522362250966,-10.3142638630815,-8.48608002289569,-10.963343181844076,1.6034260999999996,-1.1026659699999999,-0.8659410000000003,-0.04431836617748919,-0.17887121502556702,0.9828737597961275,-1.9144048939061733,-10.36454082374596,5.82920047598382,5.939898195633975,6.598899776860022
05/05/2023 11:41:01.123053,4419,True,True,True,True,Eyes,0.5594641,0.01307004,-3.571917,0.7006921,-0.5204472,-0.4880218,0.0,0.0,0.0,0.0,0.0,0.0,0.0,-2.287446,-1.13781,-2.55485,0.6636886,0.009547804,-3.551577,0.04881196,0.8885958,-0.1771621,0.4202721,20.84736,128.6734,356.1859,0.1397929,0.00443915,-0.9901705,0.1743062,-0.001891753,-0.1006928,2.276975,-1.081308,-4.414155,-0.3087004,-0.4007997,2.069001,-0.6419778,-0.0621644,-0.7641993,0.2356608,0.932462,-0.2738225,0.7296087,-0.3558797,-0.5839702,static,-2.5978242160586573,-10.761752279616822,-8.48608002289569,-10.963348520020304,1.6132864000000002,-1.090855804,-0.8625780000000001,-0.044529475380079064,-0.18654032838736925,0.9814376271434662,-1.9180109046495728,-10.79983342601791,5.784679977465339,5.891705821822306,6.570104194609469
05/05/2023 11:41:01.143311,4420,True,True,True,True,Eyes,0.5645351,0.0128544,-3.571356,0.7032001,-0.5211694,-0.4836239,0.0,0.0,0.0,0.0,0.0,0.0,0.0,-2.305419,-1.16463,-2.525224,0.6740574,0.01050276,-3.548748,0.054464,0.8854318,-0.1828706,0.4237953,21.71575,128.1523,356.3866,0.141289,0.00435679,-0.9899586,0.1638478,-0.001778248,-0.0946512,2.280796,-1.108572,-4.387056,-0.3086999,-0.4007998,2.069,-0.6348623,-0.05855106,-0.7704033,0.2514477,0.927184,-0.2776757,0.7305639,-0.3700021,-0.5739118,static,-2.5213234762878645,-9.920006849899448,-8.486070519988186,-10.963356359576805,1.6067386,-1.11907476,-0.8383080000000005,-0.04333473726166459,-0.17211124388746288,0.9841238850173046,-1.8661242955540462,-9.981335688484407,5.9411329641415165,6.055310520086951,6.692387661578831
05/05/2023 11:41:01.162970,4421,True,True,True,True,Eyes,0.5698212,0.01266506,-3.570732,0.7058964,-0.5214827,-0.4793392,0.0,0.0,0.0,0.0,0.0,0.0,0.0,-2.318373,-1.160467,-2.516469,0.6860195,0.01259739,-3.547306,0.05408739,0.8838895,-0.18188,0.4274734,21.57788,127.6768,356.3078,0.1427747,0.004276678,-0.9897457,0.1540169,-0.001671553,-0.08897213,2.30224,-1.101761,-4.373583,-0.3087004,-0.4008,2.069,-0.6286818,-0.0598832,-0.7753534,0.2511123,0.9279884,-0.2752818,0.7360037,-0.3677655,-0.5683721,static,-2.3806377277598747,-10.070720282373946,-8.486084064712776,-10.963361697755134,1.6162204999999998,-1.11435839,-0.8262770000000002,-0.040899101398494286,-0.17471728369686473,0.983768843210271,-1.7249189495816806,-10.128910435541856,6.054921967974405,6.170355230443813,6.812463770404581
05/05/2023 11:41:01.182922,4422,True,True,True,True,Eyes,0.5753335,0.01253348,-3.570041,0.7084831,-0.5220827,-0.4748488,0.0,0.0,0.0,0.0,0.0,0.0,0.0,-2.331637,-1.144075,-2.511083,0.6967015,0.01304762,-3.544772,0.05288576,0.8826693,-0.1791304,0.4312894,21.21348,127.2133,356.2388,0.1442571,0.00419932,-0.989531,0.1447759,-0.001571259,-0.0836338,2.325561,-1.089566,-4.361938,-0.3087007,-0.4007998,2.069001,-0.6223853,-0.06115281,-0.7803186,0.2478753,0.9302308,-0.2706077,0.7424248,-0.3618439,-0.5638038,static,-2.2431095131526355,-10.467564710089524,-8.486088149726228,-10.963351189108344,1.6288595,-1.10261362,-0.8171660000000003,-0.038489254853817545,-0.18154425453785455,0.9826292751548941,-1.580157601412116,-10.515945826178344,6.147423375081982,6.262634149420846,6.920408101905305
05/05/2023 11:41:01.193881,4423,True,True,True,True,Eyes,0.7189478,0.01131357,-3.551783,0.7687264,-0.5297486,-0.358366,0.0,0.0,0.0,0.0,0.0,0.0,0.0,-2.346477,-1.162263,-2.488622,0.7075813,0.01435737,-3.542482,0.05570495,0.8800596,-0.1826399,0.434781,21.70988,126.6986,356.2497,0.1457429,0.004126039,-0.9893137,0.1360894,-0.001476984,-0.07861578,2.335942,-1.103794,-4.339275,-0.3087,-0.4007999,2.069,-0.6157246,-0.06076938,-0.7856144,0.2568641,0.9270792,-0.2730291,0.7449186,-0.369907,-0.555216,static,-9.366235590387495,-11.440999114484049,-8.48607322893318,-10.963359028665995,1.6283607000000002,-1.1181513699999999,-0.7967929999999996,-0.15959391207790002,-0.19581633319921524,0.9675669455365894,-8.497678582024841,-11.415845518865268,0.9722342767908659,1.0014119202911036,0.4526352925184242
05/05/2023 11:41:01.213381,4424,True,True,True,True,Eyes,0.7193685,0.01136474,-3.551689,0.7688184,-0.5297889,-0.3581089,0.0,0.0,0.0,0.0,0.0,0.0,0.0,-2.361211,-1.154145,-2.479221,0.7188529,0.0162643,-3.540747,0.05695909,0.8784212,-0.1815767,0.4383626,21.65021,126.2608,356.3528,0.151637,0.004020063,-0.9884279,0.5587668,-0.005048085,-0.01912455,2.353608,-1.10059,-4.326185,-0.3087001,-0.4007996,2.069001,-0.609188,-0.05912474,-0.790819,0.2592611,0.9275711,-0.2690643,0.7494491,-0.3689392,-0.5497364,static,-9.025049558907533,-11.425634871076149,-8.486071896064805,-10.963345850932214,1.6347551,-1.1168543,-0.7854379999999996,-0.15383187959932343,-0.19573797763509046,0.9685155610165717,-8.165498093809743,-11.403158910071795,0.689096240331956,0.7100760939427886,0.5442454314755286
05/05/2023 11:41:01.233877,4425,True,True,True,True,Eyes,0.7202131,0.01145964,-3.551483,0.7689811,-0.529906,-0.3575861,0.0,0.0,0.0,0.0,0.0,0.0,0.0,-2.378531,-1.147306,-2.46549,0.7292782,0.01752849,-3.53839,0.05895977,0.87644,-0.1811198,0.4422356,21.69277,125.7784,356.4925,0.156583,0.003929633,-0.9876568,0.5252408,-0.0047452,-0.01797707,2.369128,-1.101404,-4.310129,-0.3087001,-0.4007993,2.069001,-0.6019029,-0.05684587,-0.7965436,0.2635447,0.9274387,-0.2653331,0.7538285,-0.3696295,-0.5432466,static,-8.670839906863701,-11.307312420823825,-8.486071896064805,-10.96333784366766,1.6398498,-1.11893249,-0.7717389999999997,-0.14789609089957145,-0.19391509165014575,0.9698060648569696,-7.823396990186149,-11.290381952763898,0.38110351953404076,0.3904583557107518,0.7389830039830677
05/05/2023 11:41:01.242982,4426,True,True,True,True,Eyes,0.7214301,0.01156639,-3.551204,0.769267,-0.5300004,-0.3568301,0.0,0.0,0.0,0.0,0.0,0.0,0.0,-2.398161,-1.148591,-2.445874,0.7397218,0.01884205,-3.536268,0.06230241,0.8739223,-0.1823156,0.4462502,21.97885,125.2533,356.6727,0.1608133,0.003853207,-0.986977,0.4937264,-0.004460488,-0.01689845,2.380984,-1.10994,-4.290464,-0.3087001,-0.4007993,2.069002,-0.5939586,-0.05382181,-0.8026935,0.2716117,0.9257588,-0.2630545,0.7572588,-0.3742643,-0.5352437,static,-8.310336246015758,-10.939179954539215,-8.486067854255301,-10.963332673210001,1.6412622000000003,-1.1287820499999999,-0.7541959999999999,-0.1419617942534384,-0.18784493484284254,0.9718852766563566,-7.481893555155068,-10.934585521956063,0.17365379778594853,0.17738362932820595,1.0045856965329847
05/05/2023 11:41:01.262984,4427,True,True,True,True,Eyes,0.723016,0.01168853,-3.550831,0.7697812,-0.5299007,-0.3558682,0.0,0.0,0.0,0.0,0.0,0.0,0.0,-2.420057,-1.131682,-2.432233,0.7497708,0.01919569,-3.534206,0.06449474,0.8718139,-0.1806112,0.4507336,21.90437,124.7192,356.8885,0.1646521,0.003787316,-0.9863442,0.4641028,-0.004192859,-0.01588454,2.397993,-1.108434,-4.274824,-0.3087003,-0.4007998,2.069001,-0.5853596,-0.05036028,-0.8092085,0.2752699,0.92644,-0.2567788,0.7626146,-0.3730586,-0.5284379,static,-7.95524753654993,-10.917919309411953,-8.4860773139521,-10.963351189108344,1.6482222000000002,-1.12762969,-0.7406179999999996,-0.1359411984574997,-0.1876443031600365,0.9727844723055016,-7.1363194002649255,-10.916254002052602,0.522285311994829,0.5327704085904027,1.350579346276892
05/05/2023 11:41:01.283116,4428,True,True,True,True,Eyes,0.724939,0.01181569,-3.5504,0.7703911,-0.5298738,-0.3545861,0.0,0.0,0.0,0.0,0.0,0.0,0.0,-2.443846,-1.120512,-2.413587,0.7595959,0.01937076,-3.532134,0.06693109,0.8692766,-0.1799487,0.4555182,21.95185,124.1188,357.0597,0.1681491,0.003731346,-0.9857542,0.4362566,-0.003941287,-0.01493147,2.413767,-1.110643,-4.255658,-0.3086997,-0.4007998,2.069001,-0.5760468,-0.04757658,-0.8160309,0.2803031,0.9262773,-0.2518738,0.7678543,-0.3738272,-0.5202433,static,-7.556407351942673,-10.78505045822642,-8.486061060289764,-10.963351189108344,1.6541711000000001,-1.13001376,-0.7235240000000003,-0.12921848753547593,-0.18555618179717429,0.9741003434322144,-6.7511036808998375,-10.789619590839964,0.9259429290609403,0.9465976801558967,1.7436340718558028
05/05/2023 11:41:01.293465,4429,True,True,True,True,Eyes,0.7272134,0.01196447,-3.549881,0.7712705,-0.5296428,-0.353016,0.0,0.0,0.0,0.0,0.0,0.0,0.0,-2.466544,-1.116411,-2.392827,0.7695083,0.01962512,-3.53034,0.06869213,0.8665884,-0.180146,0.4602754,22.05271,123.4875,357.107,0.1713483,0.003684452,-0.9852034,0.4100812,-0.00370481,-0.01403558,2.429629,-1.113764,-4.234704,-0.3087007,-0.4007998,2.069,-0.5668559,-0.04677794,-0.8224879,0.2848892,0.9256576,-0.2489902,0.7729895,-0.3754595,-0.5113879,static,-7.132295761177225,-10.604003170837665,-8.486092191547069,-10.963356359576805,1.6601206999999998,-1.13338912,-0.704364,-0.1220723110785033,-0.182643776904418,0.9755714108378392,-6.342551480882734,-10.616275905921333,1.3688291195205304,1.4006782246965646,2.171458408440063
05/05/2023 11:41:01.313373,4430,True,True,True,True,Eyes,0.7297977,0.0121267,-3.549328,0.7723078,-0.5293294,-0.3512136,0.0,0.0,0.0,0.0,0.0,0.0,0.0,-2.485866,-1.108654,-2.377101,0.7794467,0.0201803,-3.528642,0.0682449,0.8643925,-0.179033,0.4648822,21.89836,122.8765,357.0051,0.1742894,0.003646329,-0.9846874,0.3854763,-0.003482522,-0.01319345,2.450097,-1.107884,-4.216462,-0.3087,-0.4007997,2.069,-0.5584543,-0.04847774,-0.8281175,0.2844392,0.9265797,-0.2460578,0.7792451,-0.3729612,-0.5036634,static,-6.707116377972583,-10.696069587923603,-8.48607322893318,-10.963353690487567,1.6706503,-1.1280643000000001,-0.6878199999999999,-0.11479182643392521,-0.18437231317631833,0.976129925362468,-5.925597079273198,-10.708674635816639,1.7618158114681044,1.798924197697909,2.5731108669984826
05/05/2023 11:41:01.333306,4431,True,True,True,True,Eyes,0.7326778,0.01227938,-3.548741,0.7735215,-0.5288964,-0.3491892,0.0,0.0,0.0,0.0,0.0,0.0,0.0,-2.501022,-1.107063,-2.363161,0.789377,0.0206702,-3.527277,0.06704148,0.8624121,-0.1785384,0.4689084,21.7662,122.3177,356.8025,0.1770068,0.003616477,-0.9842026,0.3623478,-0.00327357,-0.01240184,2.469942,-1.102211,-4.199244,-0.3087004,-0.4007996,2.069001,-0.5512611,-0.05180155,-0.8327233,0.2830711,0.927259,-0.2450747,0.7848455,-0.37082,-0.4964982,static,-6.324326583365884,-10.77679610595102,-8.48608002289569,-10.963345850932214,1.680565,-1.1228812000000001,-0.671967,-0.10823645824217926,-0.18588499448328852,0.9765918534500414,-5.550270498266974,-10.78975871805756,2.127791632497245,2.1697877178819813,2.9409369353320605
05/05/2023 11:41:01.343348,4432,True,True,True,True,Eyes,0.7358204,0.01241185,-3.548122,0.7747906,-0.5284691,-0.3470157,0.0,0.0,0.0,0.0,0.0,0.0,0.0,-2.513832,-1.099759,-2.35425,0.7992082,0.02050652,-3.525927,0.06595185,0.860832,-0.177229,0.4724497,21.55823,121.8486,356.6766,0.1795311,0.003593806,-0.9837454,0.3406069,-0.003077156,-0.01165773,2.489341,-1.095232,-4.185683,-0.3087002,-0.4008,2.069,-0.5448835,-0.05391666,-0.8367767,0.2810105,0.9284804,-0.2428109,0.7900223,-0.3674467,-0.4907625,static,-6.038240511142093,-10.935553816874672,-8.486078646823053,-10.963361697755134,1.6901328,-1.11573852,-0.6597560000000002,-0.10330260919458756,-0.18868981338192314,0.9765882882817842,-5.267109344118059,-10.946124636350174,2.4041707711829967,2.447996081845945,3.219015453215929
05/05/2023 11:41:01.363331,4433,True,True,True,True,Eyes,0.7392352,0.01254701,-3.547452,0.7760476,-0.5281682,-0.344657,0.0,0.0,0.0,0.0,0.0,0.0,0.0,-2.527204,-1.094035,-2.343736,0.8085846,0.02014949,-3.524564,0.06657315,0.8590957,-0.1767095,0.4757062,21.52821,121.4211,356.6883,0.1818888,0.003577043,-0.9833123,0.3201705,-0.002892527,-0.01095827,2.50403,-1.094716,-4.17205,-0.3087003,-0.4007999,2.069,-0.5385433,-0.05373814,-0.8408825,0.282509,0.9286836,-0.2402821,0.793826,-0.3669592,-0.4849548,static,-5.828772762872673,-10.917190219584837,-8.486081355767933,-10.963359028665995,1.6954454,-1.1148654900000001,-0.6474859999999998,-0.09973637619880016,-0.18844572666401121,0.9770060572846027,-5.063411174901736,-10.929646220251557,2.609808800526547,2.6577096374146962,3.422836209993378
05/05/2023 11:41:01.383182,4434,True,True,True,True,Eyes,0.7428897,0.01270362,-3.546766,0.777326,-0.527936,-0.3421226,0.0,0.0,0.0,0.0,0.0,0.0,0.0,-2.541107,-1.094998,-2.329541,0.8180591,0.02025835,-3.523262,0.06813597,0.8570418,-0.177436,0.4789084,21.67874,120.9796,356.7205,0.1841042,0.003565671,-0.9829,0.3009603,-0.002718975,-0.01030077,2.515756,-1.099465,-4.156304,-0.3086998,-0.4007998,2.069,-0.5320085,-0.05316046,-0.8450687,0.286742,0.9277479,-0.2388784,0.7967095,-0.369402,-0.4783264,static,-5.627320095891382,-10.721750207469027,-8.486067811043153,-10.963356359576805,1.6976969,-1.11972335,-0.6330420000000005,-0.0963616114410662,-0.1851738592249177,0.9779698796501817,-4.87229904056162,-10.740822089293834,2.81392718952809,2.868939182280063,3.6206140678009286
05/05/2023 11:41:01.393596,4435,True,True,True,True,Eyes,0.7468003,0.01287288,-3.546045,0.7785674,-0.5278407,-0.3394362,0.0,0.0,0.0,0.0,0.0,0.0,0.0,-2.55572,-1.094606,-2.315437,0.8274095,0.0209396,-3.522225,0.06927674,0.8549991,-0.1777622,0.4822635,21.76449,120.5205,356.7289,0.1861981,0.003559742,-0.9825056,0.2829027,-0.002555836,-0.009682723,2.528636,-1.101493,-4.140829,-0.3087001,-0.4007998,2.069001,-0.5252456,-0.05299336,-0.8492993,0.2899195,0.9272027,-0.2371538,0.8000401,-0.3707923,-0.4716453,static,-5.409856667880631,-10.602070352797188,-8.486071896064805,-10.963351189108344,1.7012265000000002,-1.1224326,-0.6186039999999999,-0.09268404682233994,-0.1831949036625553,0.9786977212226419,-4.6635373320142275,-10.625817573114242,3.036607636447266,3.0973575790983348,3.8374079057727752
05/05/2023 11:41:01.413581,4436,True,True,True,True,Eyes,0.750919,0.01302739,-3.545317,0.7798072,-0.5278115,-0.336624,0.0,0.0,0.0,0.0,0.0,0.0,0.0,-2.569303,-1.090611,-2.304405,0.8369238,0.02130241,-3.521382,0.07018544,0.8531835,-0.1774703,0.4854445,21.77556,120.0979,356.7565,0.1881897,0.00355906,-0.9821261,0.2659285,-0.002402486,-0.00910176,2.542335,-1.101623,-4.127445,-0.3087004,-0.4007999,2.069001,-0.5188356,-0.05254181,-0.853258,0.292066,0.9271566,-0.2346871,0.8034347,-0.3709716,-0.4656962,static,-5.230637751181913,-10.56467920612307,-8.48608002289569,-10.963353858196337,1.7054112,-1.1229254100000001,-0.6060629999999998,-0.08963223675312093,-0.18260739030698162,0.9790917062359357,-4.489839150581683,-10.59062505747284,3.2154070203993976,3.279763080264594,4.013585413124005
05/05/2023 11:41:01.436882,4437,True,True,True,True,Eyes,0.7552421,0.0131921,-3.544572,0.7808875,-0.5281334,-0.3336011,0.0,0.0,0.0,0.0,0.0,0.0,0.0,-2.584041,-1.084879,-2.292571,0.8459861,0.02110436,-3.520508,0.0720089,0.8512661,-0.177309,0.4885922,21.85384,119.6876,356.8707,0.1900946,0.00356269,-0.9817591,0.2499728,-0.002258337,-0.008555654,2.553769,-1.104862,-4.114121,-0.3087001,-0.4007997,2.069,-0.5121849,-0.0506661,-0.8573797,0.2958611,0.9267524,-0.2315082,0.8063084,-0.3722402,-0.4596784,static,-5.085637478796297,-10.479037852498998,-8.486075937878136,-10.963353690487567,1.7077829,-1.12596636,-0.593613,-0.08717748029709665,-0.18118333106818915,0.9795777443598359,-4.350798450664542,-10.508258931024338,3.3666742522212503,3.4347552379943234,4.160244119801922
05/05/2023 11:41:01.443393,4438,True,True,True,True,Eyes,0.7597649,0.01337128,-3.543838,0.7819603,-0.5285302,-0.3304452,0.0,0.0,0.0,0.0,0.0,0.0,0.0,-2.598896,-1.088411,-2.275922,0.85505,0.02146177,-3.519539,0.07486188,0.8489575,-0.1788196,0.4916202,22.16207,119.2602,356.9849,0.1919272,0.003570481,-0.9814024,0.2349744,-0.002122837,-0.008042315,2.561316,-1.11466,-4.09797,-0.3087001,-0.4008,2.068999,-0.5054104,-0.04871355,-0.8615027,0.3029318,0.9248384,-0.2300133,0.8079556,-0.3772277,-0.4526661,static,-4.940898466421858,-10.169069103847324,-8.486079979695285,-10.963366868230807,1.7062660000000003,-1.13612177,-0.5784310000000001,-0.08478493218866778,-0.1759176902989972,0.9807469575812098,-4.218058780492301,-10.207624049107771,3.5582944602462834,3.633073203303267,4.334414858490372
05/05/2023 11:41:01.463353,4439,True,True,True,True,Eyes,0.7644728,0.0135519,-3.543117,0.7830844,-0.5289294,-0.3271279,0.0,0.0,0.0,0.0,0.0,0.0,0.0,-2.613334,-1.087533,-2.262592,0.8643187,0.0220003,-3.519095,0.0765504,0.8469135,-0.1792387,0.4947234,22.29292,118.8353,357.0459,0.1936996,0.003582409,-0.9810541,0.220876,-0.001995467,-0.007559776,2.572237,-1.118488,-4.083896,-0.3087004,-0.4007999,2.069,-0.4987778,-0.04768396,-0.8654174,0.3070102,0.9240271,-0.2278567,0.8105342,-0.3793418,-0.4462447,static,-4.791647211593795,-10.042746485487466,-8.486084064712776,-10.963359028665995,1.7079182999999998,-1.1404883,-0.5648010000000001,-0.08226141190083608,-0.17379185421600807,0.9813407166659157,-4.075970633998648,-10.08570388284637,3.728717065828917,3.807412653803277,4.496596382459604
05/05/2023 11:41:01.483241,4440,True,True,True,True,Eyes,0.769356,0.01372626,-3.54241,0.7841905,-0.5294172,-0.3236708,0.0,0.0,0.0,0.0,0.0,0.0,0.0,-2.627606,-1.082068,-2.251281,0.8734657,0.02214458,-3.518524,0.07765348,0.8450339,-0.1788425,0.4978988,22.30786,118.4139,357.0972,0.1954228,0.003598093,-0.9807122,0.2076234,-0.001875739,-0.00710619,2.584968,-1.119077,-4.070858,-0.3086997,-0.4007998,2.069001,-0.4921338,-0.04685129,-0.8692581,0.3093306,0.9239706,-0.2249288,0.8137071,-0.3795831,-0.4402246,static,-4.64614854454427,-10.040518838319661,-8.486061060289764,-10.963351189108344,1.7115022999999998,-1.14122158,-0.5523340000000001,-0.07976914097041388,-0.17378901362001156,0.9815469227767746,-3.9341958204628,-10.084501284364668,3.868296625328133,3.949246469421863,4.635930792905881
05/05/2023 11:41:01.493595,4441,True,True,True,True,Eyes,0.7744045,0.01390885,-3.541733,0.7853924,-0.52988,-0.3199781,0.0,0.0,0.0,0.0,0.0,0.0,0.0,-2.641918,-1.083754,-2.236669,0.8825094,0.02218822,-3.518185,0.07920162,0.8428831,-0.1796959,0.5009837,22.47515,117.9745,357.1134,0.1971066,0.003616985,-0.9803751,0.195166,-0.001763194,-0.006679818,2.595165,-1.124277,-4.055889,-0.3086998,-0.4007998,2.069,-0.485485,-0.04653399,-0.8730057,0.3135648,0.922873,-0.2235678,0.8160769,-0.3822827,-0.4334496,static,-4.499726811980025,-9.88769045975439,-8.486067811043153,-10.963356359576805,1.7126556000000002,-1.14646522,-0.5377039999999997,-0.07729601601656211,-0.17120370881825286,0.982198878462103,-3.795580361782007,-9.936772666967478,4.044015377421614,4.128918949174515,4.8015150306551915
05/05/2023 11:41:01.513226,4442,True,True,True,True,Eyes,0.7796226,0.01407618,-3.54108,0.7866379,-0.5303026,-0.316196,0.0,0.0,0.0,0.0,0.0,0.0,0.0,-2.655003,-1.084073,-2.223854,0.8917621,0.02253626,-3.517673,0.07986839,0.8409122,-0.180002,0.5040707,22.53516,117.5373,357.0743,0.1987586,0.003638976,-0.9800414,0.183456,-0.001657403,-0.006279029,2.607603,-1.12557,-4.041544,-0.3087003,-0.4007997,2.069001,-0.479068,-0.04714284,-0.8765112,0.315792,0.9224406,-0.2222131,0.8190054,-0.3832503,-0.4270244,static,-4.347968576783615,-9.844430748529431,-8.4860773139521,-10.963348520020304,1.7158409000000001,-1.14810626,-0.5238710000000002,-0.07470351904484968,-0.17049585388628352,0.9825225146270558,-3.6488095494658523,-9.895688026292786,4.199093980293105,4.286714464480722,4.953691386754353
05/05/2023 11:41:01.533075,4443,True,True,True,True,Eyes,0.7850015,0.01422061,-3.540459,0.7879735,-0.5306291,-0.3122987,0.0,0.0,0.0,0.0,0.0,0.0,0.0,-2.667768,-1.08132,-2.213524,0.9009913,0.02233814,-3.51762,0.07995947,0.8391296,-0.1797012,0.5071245,22.50004,117.1136,357.0176,0.2003862,0.003663329,-0.9797098,0.1724487,-0.001557959,-0.005902287,2.621569,-1.124386,-4.028829,-0.3087,-0.4008,2.069,-0.4728621,-0.04806907,-0.8798241,0.3164546,0.9226279,-0.2204864,0.8223489,-0.3826841,-0.4210641,static,-4.210104646114612,-9.892943965782584,-8.48607322893318,-10.963361697755134,1.7205777,-1.1467241400000001,-0.511209,-0.0723282024571944,-0.17135779378046875,0.982550301068984,-3.5131095911868724,-9.943804860516668,4.318742112176374,4.4079135021201,5.076402612747209
05/05/2023 11:41:01.543356,4444,True,True,True,True,Eyes,0.7905425,0.01433458,-3.539872,0.789327,-0.5309358,-0.3083342,0.0,0.0,0.0,0.0,0.0,0.0,0.0,-2.680255,-1.07896,-2.203202,0.9102707,0.02188114,-3.51752,0.0803344,0.8373284,-0.1795775,0.510078,22.50005,116.702,356.9806,0.2019963,0.003689172,-0.979379,0.1621018,-0.001464481,-0.00554815,2.634661,-1.124646,-4.01617,-0.3086994,-0.4007997,2.069,-0.4667339,-0.04866443,-0.883058,0.3177295,0.9225966,-0.2187771,0.825353,-0.3826842,-0.415145,static,-4.091474330395783,-9.905058845667645,-8.486056975262642,-10.963353690487567,1.7243903,-1.1465271400000001,-0.4986499999999996,-0.07029079616134626,-0.17159059671583815,0.9826575123785427,-3.39713997783917,-9.95637913888107,4.429395197432911,4.52021510562688,5.187588452667446
05/05/2023 11:41:01.563000,4445,True,True,True,True,Eyes,0.7962331,0.01442863,-3.539322,0.7907047,-0.5312487,-0.3042381,0.0,0.0,0.0,0.0,0.0,0.0,0.0,-2.692127,-1.076474,-2.194197,0.9196501,0.02126624,-3.51776,0.08062637,0.8356239,-0.1793896,0.5128856,22.48916,116.311,356.9435,0.2035944,0.003715505,-0.979048,0.1523757,-0.001376612,-0.005215261,2.647782,-1.124729,-4.00454,-0.3087004,-0.4007999,2.069001,-0.4608957,-0.04926598,-0.8860859,0.3187593,0.9226376,-0.2171002,0.8282318,-0.3825086,-0.4095357,static,-3.997814485501834,-9.931030584249333,-8.48608002289569,-10.963353858196337,1.7281318999999997,-1.1459952400000002,-0.48678000000000043,-0.06867872817766124,-0.1720553761183331,0.9826902386764957,-3.3051385651562892,-9.982270332128316,4.513490022456765,4.605455338627226,5.273014249330731
05/05/2023 11:41:01.582914,4446,True,True,True,True,Eyes,0.8020765,0.01448152,-3.538809,0.7920931,-0.5315353,-0.3000979,0.0,0.0,0.0,0.0,0.0,0.0,0.0,-2.702662,-1.074651,-2.185872,0.9291025,0.02084991,-3.517618,0.0808215,0.8340055,-0.1792268,0.5155391,22.47532,115.9393,356.8991,0.2051852,0.003741718,-0.9787157,0.1432331,-0.001294015,-0.004902345,2.660822,-1.124483,-3.993073,-0.3087001,-0.4008002,2.069,-0.4553746,-0.04998567,-0.8888955,0.3196079,0.9226913,-0.2156189,0.8309541,-0.3822854,-0.4041944,static,-3.9221272479092963,-9.96054353612208,-8.486075937878136,-10.963367035933274,1.7317195,-1.1453329099999998,-0.47545499999999974,-0.0673743052932127,-0.17257692621622014,0.9826891224197649,-3.2305617432565485,-10.011487885698639,4.580009141747963,4.672823837514299,5.341020816896373
05/05/2023 11:41:01.593438,4447,True,True,True,True,Eyes,0.9516774,0.01499131,-3.527724,0.822577,-0.5347243,-0.1934866,0.0,0.0,0.0,0.0,0.0,0.0,0.0,-2.712593,-1.073912,-2.178583,0.9385612,0.01991999,-3.518009,0.08080325,0.8324638,-0.1791875,0.5180411,22.46091,115.5823,356.8289,0.2067734,0.003766684,-0.9783814,0.1346391,-0.001216374,-0.004608205,2.673812,-1.124595,-3.982433,-0.3087003,-0.4007997,2.069,-0.4502084,-0.05112138,-0.8914589,0.3201845,0.9227254,-0.2146153,0.8335431,-0.382053,-0.3990504,static,-9.998503206323488,-11.028860726515141,-8.486081355767933,-10.963353690487567,1.7352507999999998,-1.14451499,-0.4644239999999997,-0.1705098932097241,-0.18850198296056137,0.9671574024204099,-9.12513348875805,-11.010648506133633,1.4854784874396987,1.5138398283196959,0.6407998347894721
05/05/2023 11:41:01.613397,4448,True,True,True,True,Eyes,0.9520695,0.01495873,-3.527754,0.8226374,-0.5346963,-0.1933066,0.0,0.0,0.0,0.0,0.0,0.0,0.0,-2.72263,-1.073168,-2.171384,0.9482353,0.01916778,-3.518493,0.08118704,0.8308976,-0.1792348,0.5204734,22.48013,115.237,356.7952,0.212976,0.003800825,-0.9770498,0.5753635,0.0003859869,0.02892267,2.686069,-1.125759,-3.972114,-0.3087005,-0.4008002,2.068999,-0.4450322,-0.05165759,-0.8940234,0.32149,0.9225671,-0.2133401,0.8358172,-0.3823629,-0.3939646,static,-9.709457000351986,-10.965122811052845,-8.486090815479736,-10.96337220641134,1.7378337,-1.14492678,-0.45362100000000005,-0.1656582680967834,-0.1875832994854834,0.9681785530992326,-8.84508371663004,-10.950549313513726,1.202072967465175,1.2233674374060697,0.35922183906128985
05/05/2023 11:41:01.633645,4449,True,True,True,True,Eyes,0.9528355,0.01489758,-3.52783,0.8228011,-0.5345727,-0.192952,0.0,0.0,0.0,0.0,0.0,0.0,0.0,-2.732939,-1.068465,-2.166262,0.9579797,0.01834723,-3.519261,0.08148167,0.829472,-0.1786415,0.5228997,22.43095,114.91,356.7968,0.2181608,0.00383053,-0.9759051,0.5408417,0.0003628276,0.02718731,2.699257,-1.125073,-3.963379,-0.3087002,-0.4007999,2.069,-0.4398733,-0.05164963,-0.8965735,0.3219967,0.9228959,-0.2111427,0.8383495,-0.3815697,-0.3893262,static,-9.45311253799514,-10.962477705512569,-8.486078646823053,-10.963359028665995,1.7412772999999997,-1.14342023,-0.444118,-0.16132207406933635,-0.18767527717268545,0.9688928087289239,-8.595265574685373,-10.949675602957575,0.9502483485116564,0.9670342927765956,0.11004099851932117
05/05/2023 11:41:01.643006,4450,True,True,True,True,Eyes,0.9539691,0.01479508,-3.527944,0.8230121,-0.534436,-0.19243,0.0,0.0,0.0,0.0,0.0,0.0,0.0,-2.743524,-1.060813,-2.162102,0.9679021,0.01759437,-3.519913,0.08167011,0.8281009,-0.1775612,0.5254054,22.32731,114.5844,356.8196,0.2225198,0.003855489,-0.9749203,0.5083912,0.000341058,0.02555607,2.713445,-1.12275,-3.955105,-0.3087003,-0.4007997,2.069001,-0.4345584,-0.0513211,-0.8991805,0.3218455,0.923604,-0.2082574,0.8411747,-0.3798971,-0.3848423,static,-9.210591015912645,-11.012567889683114,-8.4860773139521,-10.963348520020304,1.7455429000000002,-1.14034437,-0.43519200000000025,-0.15718963169828132,-0.18864958694119838,0.9693826967590683,-8.357500910124754,-11.000020832743678,0.7120806873588467,0.7261836204973073,0.1337039645696924
05/05/2023 11:41:01.663367,4451,True,True,True,True,Eyes,0.9554684,0.01465434,-3.528097,0.8232182,-0.5343235,-0.1918602,2.137158,2.714815,-1.127279,-3.938133,-0.7708813,-0.298211,0.5628607,-0.3111359,-0.4104107,2.057719,0.977796,0.01648634,-3.520979,0.08244044,0.826563,-0.1767013,0.5279904,22.28197,114.247,356.8834,0.2263873,0.003875044,-0.9740295,0.4778877,0.0003205945,0.02402271,2.726391,-1.122799,-3.946587,-0.3087003,-0.4008003,2.068999,-0.4288593,-0.05030873,-0.9019693,0.3228775,0.9239604,-0.2050539,0.8436999,-0.3791649,-0.3800054,static,-8.969476531890026,-10.999657718624565,-8.486085397587589,-10.963374875501533,1.748595,-1.13928534,-0.425608,-0.15311174307493708,-0.18855336281073126,0.9700538991792413,-8.122805916160234,-10.989058378239928,0.4752552022412622,0.484750898325405,0.364186248970278
05/05/2023 11:41:01.683003,4452,True,True,True,True,Eyes,0.9573145,0.01445792,-3.528297,0.8234962,-0.5341645,-0.1911076,0.0,0.0,0.0,0.0,0.0,0.0,0.0,-2.768646,-1.043435,-2.151075,0.9880136,0.0154092,-3.522055,0.08299689,0.8249621,-0.1755414,0.5307865,22.19359,113.8848,356.9409,0.2299025,0.003888686,-0.9732057,0.4492145,0.0003013588,0.02258134,2.740598,-1.121453,-3.937615,-0.3087002,-0.4007998,2.069,-0.4227546,-0.04941139,-0.9048963,0.3232886,0.9245934,-0.2015227,0.8466188,-0.3777373,-0.374902,static,-8.716521678030347,-11.02721807596195,-8.486078646823053,-10.963356359576805,1.7525844,-1.1368622,-0.41556000000000015,-0.14881029448941746,-0.18914556895808357,0.9706076803992152,-7.8754778938870675,-11.017551629406752,0.23330870964381828,0.23912822805278008,0.6130011474360656
05/05/2023 11:41:01.693097,4453,True,True,True,True,Eyes,0.9595178,0.01421923,-3.528514,0.8237524,-0.5340969,-0.1901904,0.0,0.0,0.0,0.0,0.0,0.0,0.0,-2.782976,-1.033085,-2.144454,0.9981076,0.01385901,-3.523419,0.08346197,0.8232433,-0.1743228,0.5337754,22.09356,113.4947,356.9885,0.2331096,0.003895478,-0.9724424,0.4222616,0.0002832773,0.02122646,2.755078,-1.120163,-3.928077,-0.3087003,-0.4007999,2.069,-0.4162359,-0.04867947,-0.9079528,0.3235175,0.9252914,-0.1979203,0.8497554,-0.37612,-0.3693908,static,-8.445511852902444,-11.073117039513223,-8.486081355767933,-10.963359028665995,1.7569704000000002,-1.13402201,-0.40465799999999996,-0.14419188970322533,-0.19005442538867012,0.9711271377536135,-7.610055259003893,-11.064007786285382,0.11677476964449608,0.11701583443232468,0.8817890306768197
05/05/2023 11:41:01.713400,4454,True,True,True,True,Eyes,0.9620589,0.01394608,-3.528801,0.8241037,-0.5339617,-0.1890452,0.0,0.0,0.0,0.0,0.0,0.0,0.0,-2.799698,-1.027423,-2.132513,1.008472,0.01257442,-3.524818,0.08436532,0.8210215,-0.1739919,0.5371525,22.10694,113.0257,357.0062,0.2360485,0.003894946,-0.9717332,0.3969259,0.0002662806,0.01995288,2.768371,-1.121956,-3.915071,-0.3086995,-0.4008,2.069,-0.4086989,-0.04838895,-0.9113854,0.3254519,0.9252186,-0.1950682,0.8526698,-0.3763364,-0.3623876,static,-8.118654384042514,-10.999010216323965,-8.486059684207827,-10.963361697755134,1.759899,-1.13453042,-0.3902530000000004,-0.1386797038758935,-0.1889484777946221,0.9721453109158166,-7.2934258273968995,-10.994070553222658,0.36363838483595695,0.36913069699730455,1.193029148938044
05/05/2023 11:41:01.733208,4455,True,True,True,True,Eyes,0.9649203,0.01362144,-3.529155,0.8244592,-0.5338715,-0.1877451,0.0,0.0,0.0,0.0,0.0,0.0,0.0,-2.817207,-1.018361,-2.122094,1.019036,0.01146111,-3.526815,0.08438744,0.8189047,-0.1728296,0.5407439,21.98265,112.5395,356.9894,0.2387552,0.003886875,-0.9710718,0.3731104,0.0002503038,0.0187557,2.784528,-1.119132,-3.902973,-0.3087006,-0.4007997,2.069001,-0.4009498,-0.04870253,-0.9148048,0.3251236,0.9260174,-0.1917978,0.8564662,-0.3743258,-0.3554522,static,-7.7752923051963405,-11.070409715616703,-8.486085440782752,-10.963348520020304,1.7654919999999998,-1.13059311,-0.37615799999999977,-0.1328156881862601,-0.19031404217601006,0.9726975541622059,-6.956785523633218,-11.065818130179585,0.7090419168763554,0.7188108104357452,1.5327290228868788
05/05/2023 11:41:01.743339,4456,True,True,True,True,Eyes,0.9680909,0.01325022,-3.529585,0.8248645,-0.5337889,-0.1861936,0.0,0.0,0.0,0.0,0.0,0.0,0.0,-2.835539,-1.005747,-2.112048,1.029491,0.009882975,-3.528825,0.08427427,0.8167873,-0.1711814,0.5444753,21.80248,112.045,356.9909,0.2412601,0.003870605,-0.9704525,0.3507237,0.0002352856,0.01763036,2.801444,-1.115132,-3.891071,-0.3087003,-0.4007997,2.069,-0.3928892,-0.04873979,-0.9182934,0.3240764,0.9271895,-0.1878671,0.8605886,-0.3714081,-0.3484873,static,-7.4411906047275185,-11.197952745932705,-8.486081355767933,-10.963353690487567,1.7719530000000001,-1.125014975,-0.3622460000000003,-0.1270831219204162,-0.19262475488407726,0.9730085681705116,-6.627659162396797,-11.192131069008118,1.0581671290317571,1.0709030761117235,1.8724508372016393
05/05/2023 11:41:01.763293,4457,True,True,True,True,Eyes,0.9715745,0.01283294,-3.530096,0.8253086,-0.533703,-0.1844634,0.0,0.0,0.0,0.0,0.0,0.0,0.0,-2.854289,-1.000817,-2.098035,1.040006,0.008394826,-3.5311,0.08489776,0.8143231,-0.1709287,0.5481364,21.80529,111.5253,356.9676,0.2435912,0.003845676,-0.9698702,0.3296803,0.0002211684,0.01657254,2.815224,-1.116583,-3.87711,-0.3086999,-0.4007999,2.069,-0.3846776,-0.04911607,-0.9217432,0.3256529,0.9271516,-0.1853113,0.8636974,-0.3714535,-0.3406597,static,-7.095976560809193,-11.14555280280236,-8.486070519988186,-10.963359028665995,1.7752180000000002,-1.124977826,-0.34601000000000015,-0.12123646038853136,-0.19187620852726686,0.9739020303173112,-6.2925503232242725,-11.143436019139509,1.3817672900991111,1.4019828054152375,2.2008994925050973
05/05/2023 11:41:01.783261,4458,True,True,True,True,Eyes,0.9753459,0.01238671,-3.530696,0.8258514,-0.5335321,-0.1825181,0.0,0.0,0.0,0.0,0.0,0.0,0.0,-2.874151,-0.9886041,-2.086409,1.05088,0.006856941,-3.533665,0.08492313,0.8119939,-0.1693947,0.5520503,21.64524,110.9996,356.971,0.2457732,0.003811694,-0.9693196,0.3098995,0.0002078983,0.01557819,2.83211,-1.113167,-3.864516,-0.3087,-0.4008,2.069,-0.376057,-0.04911465,-0.925294,0.3249429,0.928187,-0.1813312,0.8677518,-0.3688585,-0.3330918,static,-6.760021847051885,-11.248923044542103,-8.48607322893318,-10.963361697755134,1.78123,-1.120023941,-0.330851,-0.11548018521589754,-0.19376680319328998,0.974227204630796,-5.9622691443471645,-11.246241503491058,1.7254522359455613,1.7495138340902348,2.5396078519854686
05/05/2023 11:41:01.793577,4459,True,True,True,True,Eyes,0.9794184,0.01190451,-3.531354,0.8264505,-0.5333292,-0.180387,0.0,0.0,0.0,0.0,0.0,0.0,0.0,-2.897374,-0.9694934,-2.073281,1.061456,0.005680446,-3.536448,0.08567065,0.8094535,-0.1671108,0.5563451,21.46062,110.4462,357.0899,0.2478283,0.003768758,-0.9687963,0.2913055,0.0001954244,0.01464349,2.84866,-1.109232,-3.851996,-0.3087,-0.4007996,2.069001,-0.3662817,-0.04724968,-0.9293038,0.3246353,0.9294691,-0.1752118,0.8720379,-0.3658617,-0.3251086,static,-6.433428426299455,-11.361871654988656,-8.486069187121103,-10.963345850932214,1.7872040000000002,-1.114912446,-0.31554800000000016,-0.10987960775922306,-0.1958120698509626,0.9744660278281901,-5.640855363155164,-11.358304510819776,2.0632231753774977,2.0909703272608406,2.8724961352640777
05/05/2023 11:41:01.813510,4460,True,True,True,True,Eyes,0.9837506,0.01137722,-3.532111,0.8271549,-0.533021,-0.1780543,0.0,0.0,0.0,0.0,0.0,0.0,0.0,-2.920691,-0.9482242,-2.061064,1.072304,0.004273847,-3.539449,0.08647542,0.8069413,-0.1645479,0.5606174,21.25505,109.9025,357.2364,0.2497756,0.003716802,-0.9682963,0.2738272,0.000183699,0.01376489,2.86555,-1.10501,-3.840206,-0.3087001,-0.4007998,2.069,-0.3564605,-0.04493559,-0.9332291,0.3240579,0.9308921,-0.1686017,0.8763117,-0.3625202,-0.3172644,static,-6.133691986923592,-11.491008404622795,-8.486075937878136,-10.963356359576805,1.793246,-1.1092838470000002,-0.30075699999999994,-0.1047308068281188,-0.198118587542626,0.974566792043904,-5.34518595329089,-11.485940221938579,2.380017919862037,2.410835318587672,3.184067177130756
05/05/2023 11:41:01.833464,4461,True,True,True,True,Eyes,0.9883499,0.01082046,-3.532907,0.8278145,-0.5328405,-0.1755109,0.0,0.0,0.0,0.0,0.0,0.0,0.0,-2.944523,-0.9267164,-2.047771,1.082775,0.002625212,-3.542594,0.08698722,0.8043566,-0.1619299,0.5649977,21.02615,109.3393,357.357,0.2516328,0.003655472,-0.9678156,0.2573976,0.000172677,0.01293899,2.882557,-1.100148,-3.827857,-0.3087,-0.4007998,2.069001,-0.3464217,-0.04304259,-0.9370911,0.3229176,0.9324238,-0.1622036,0.8807477,-0.358794,-0.3091127,static,-5.822078579683834,-11.656798163768409,-8.486069187121103,-10.963351189108344,1.7997819999999998,-1.102773212,-0.28526300000000004,-0.09936838162035072,-0.2010488841495801,0.9745281893232598,-5.036950733144229,-11.64931749566486,2.7191134052218553,2.7527649124433395,3.516669999203026
05/05/2023 11:41:01.843550,4462,True,True,True,True,Eyes,0.9932023,0.01042927,-3.533802,0.828373,-0.5329214,-0.1726067,0.0,0.0,0.0,0.0,0.0,0.0,0.0,-2.968371,-0.9144351,-2.029464,1.093303,0.001343459,-3.545537,0.08879244,0.8013356,-0.1611093,0.5692284,21.0567,108.7545,357.4752,0.2534144,0.003584929,-0.9673509,0.2419537,0.0001623164,0.01216265,2.89486,-1.103014,-3.812903,-0.3086999,-0.4008001,2.068999,-0.3361896,-0.04111093,-0.9408965,0.3257211,0.9323194,-0.1571189,0.8836753,-0.3592916,-0.3000453,static,-5.51561202878884,-11.584161840189315,-8.486074561802832,-10.963369537321098,1.801557,-1.104357459,-0.267366,-0.0941766984289023,-0.19991465565492655,0.9752768830025932,-4.740159119776993,-11.580675814214478,2.993574420197177,3.0346384864329936,3.7964390602641847
05/05/2023 11:41:01.863167,4463,True,True,True,True,Eyes,0.9983588,0.01016229,-3.53479,0.8291701,-0.5325683,-0.1698463,0.0,0.0,0.0,0.0,0.0,0.0,0.0,-2.995556,-0.921609,-1.997735,1.104176,0.004974809,-3.548863,0.09216563,0.79722,-0.1631774,0.5738634,21.46651,108.0341,357.5162,0.2551335,0.00351062,-0.9668992,0.2274365,0.0001525774,0.01143289,2.901231,-1.112388,-3.791335,-0.3086998,-0.4007998,2.069001,-0.3243729,-0.04033051,-0.9450693,0.3342356,0.9297573,-0.1543956,0.884912,-0.3659575,-0.2881083,static,-5.083650593057794,-11.100297131250098,-8.486063769233581,-10.963351189108344,1.797055,-1.1173628089999998,-0.24247200000000024,-0.08696497300918182,-0.19179762370266368,0.977573823061007,-4.332116650750423,-11.112747602370572,3.347115324553217,3.4051680740432917,4.15663276600786
05/05/2023 11:41:01.883212,4464,True,True,True,True,Eyes,1.003705,0.009868113,-3.535851,0.8301342,-0.5319801,-0.1669565,0.0,0.0,0.0,0.0,0.0,0.0,0.0,-3.015494,-0.9068514,-1.988164,1.116331,0.007629577,-3.552763,0.08832713,0.7951714,-0.1593205,0.5783753,20.82694,107.4448,357.3126,0.2568042,0.003436263,-0.9664571,0.2137903,0.0001434228,0.01074692,2.928383,-1.088667,-3.779256,-0.3087,-0.4007999,2.069,-0.3153608,-0.04382361,-0.9479594,0.3247644,0.9336306,-0.1512017,0.8916702,-0.3555466,-0.2801983,static,-4.69754998007705,-11.682204425155335,-8.48607322893318,-10.963359028665995,1.8120520000000002,-1.0962965770000002,-0.22649300000000006,-0.08021051176595662,-0.20183074491543812,0.9761304799600422,-3.940054179088828,-11.681494643100764,3.8004231395258747,3.856118140199716,4.6023915481266195
05/05/2023 11:41:01.893631,4465,True,True,True,True,Eyes,1.003705,0.009868113,-3.535851,0.8301342,-0.5319801,-0.1669565,0.0,0.0,0.0,0.0,0.0,0.0,0.0,-3.034982,-0.8844882,-1.979218,1.126161,0.006625146,-3.555622,0.08690494,0.7931566,-0.1557712,0.5823105,20.38418,106.9512,357.3368,0.2584347,0.003361157,-0.9660227,0.2009629,0.0001348174,0.0101021,2.948056,-1.075885,-3.769094,-0.3086999,-0.4007998,2.069,-0.306724,-0.04355601,-0.9508014,0.3192729,0.9363657,-0.1458906,0.8966523,-0.3483133,-0.2732996,static,-4.263667932920486,-12.080464451121975,-8.486070519988186,-10.963356359576805,1.8218949999999998,-1.082510146,-0.21347199999999988,-0.0727087612123623,-0.20873124272934065,0.9752665246226433,-3.506363348191011,-12.071872644164825,4.309270962645292,4.367678341575957,5.101596992123648
05/05/2023 11:41:01.913372,4466,True,True,True,True,Eyes,1.003705,0.009868113,-3.535851,0.8301342,-0.5319801,-0.1669565,0.0,0.0,0.0,0.0,0.0,0.0,0.0,-3.061416,-0.9062907,-1.937784,1.136108,0.008743282,-3.557783,0.09448934,0.7881524,-0.1618259,0.5862593,21.46159,106.2371,357.4874,0.2599013,0.00329356,-0.9656293,0.1889051,0.0001267284,0.009495978,2.940088,-1.108313,-3.743637,-0.3086998,-0.4007996,2.069001,-0.2947435,-0.0407999,-0.9547051,0.3386879,0.9297683,-0.1442964,0.8935418,-0.3658774,-0.2602248,static,-3.712466133810492,-10.938457712467818,-8.486063769233581,-10.963345850932214,1.80398,-1.117056282,-0.18585399999999996,-0.06357783453562099,-0.1893706174493182,0.9798452520171358,-2.9998221704369143,-10.964373337510315,4.68824512707671,4.7736625147106,5.486241695012686
05/05/2023 11:41:01.933257,4467,True,True,True,True,Eyes,1.010109,0.009889778,-3.537186,0.8309649,-0.5318302,-0.1632608,0.0,0.0,0.0,0.0,0.0,0.0,0.0,-3.084196,-0.8880468,-1.923251,1.148038,0.01165204,-3.561132,0.09363386,0.785512,-0.1585791,0.5908099,21.08615,105.6433,357.5258,0.2612209,0.003232711,-0.9652734,0.1775708,0.0001191247,0.008926219,2.960712,-1.093894,-3.730474,-0.3087003,-0.4008,2.069,-0.2843527,-0.04027915,-0.9578731,0.3344812,0.9321707,-0.1384919,0.8984796,-0.3597712,-0.2515926,static,-3.418544575505267,-11.27619801367482,-8.486081355767933,-10.963361697755134,1.8126740000000001,-1.10554604,-0.16934199999999988,-0.05848235487836717,-0.19520409289122354,0.9790175135139747,-2.7041986766289483,-11.294938458389366,4.990398721175736,5.077183823722862,5.7913824311229956
05/05/2023 11:41:01.943315,4468,True,True,True,True,Eyes,1.016712,0.01006428,-3.538585,0.8317024,-0.5318956,-0.159242,0.0,0.0,0.0,0.0,0.0,0.0,0.0,-3.10779,-0.8858826,-1.896778,1.157797,0.01435554,-3.563736,0.09421522,0.7820233,-0.1584601,0.5953602,21.1016,104.9625,357.4612,0.2625599,0.003178325,-0.9649102,0.1669165,0.0001119772,0.008390646,2.972308,-1.091331,-3.711063,-0.3087001,-0.4007996,2.069001,-0.2733397,-0.04132464,-0.9610295,0.3360386,0.9320278,-0.135655,0.9013122,-0.3600229,-0.2408736,static,-3.0576612875659546,-11.240192624726152,-8.486071896064805,-10.963345850932214,1.814511,-1.10568654,-0.14732699999999976,-0.05232060274343131,-0.1946554425874834,0.979475185611537,-2.353373275430905,-11.262298961386781,5.3413724965621725,5.435465561534079,6.139980890342852
05/05/2023 11:41:01.963324,4469,True,True,True,True,Eyes,1.023504,0.0103009,-3.539999,0.8326887,-0.5315134,-0.1553157,0.0,0.0,0.0,0.0,0.0,0.0,0.0,-3.125198,-0.9147367,-1.866907,1.169175,0.01827025,-3.566741,0.09469931,0.7783982,-0.1625136,0.5989305,21.49606,104.2952,357.0897,0.2639208,0.003133882,-0.9645389,0.1569016,0.0001052586,0.007887208,2.979233,-1.097746,-3.688805,-0.3087001,-0.4007996,2.069001,-0.2646288,-0.04724118,-0.9631926,0.3420962,0.9292427,-0.139564,0.901633,-0.3664373,-0.2297434,static,-2.6633824698636053,-10.81067690076971,-8.486071896064805,-10.963345850932214,1.8100579999999997,-1.1160162500000002,-0.12206399999999995,-0.04564508597405598,-0.1873688567157053,0.9812285003062287,-1.9805996551698906,-10.847001565714452,5.719225680128837,5.824690546487339,6.506512512072588
05/05/2023 11:41:01.983272,4470,True,True,True,True,Eyes,1.030409,0.01053986,-3.541428,0.8336035,-0.5312746,-0.1511708,0.0,0.0,0.0,0.0,0.0,0.0,0.0,-3.139835,-0.9065837,-1.857927,1.180252,0.01994089,-3.569168,0.09006296,0.7765955,-0.1593944,0.6028114,20.86406,103.7704,356.7924,0.2653053,0.003100074,-0.9641591,0.1474875,9.894303e-05,0.007413975,3.004268,-1.074729,-3.675763,-0.3087004,-0.4007998,2.069,-0.2570142,-0.05228456,-0.9649923,0.3320545,0.9329642,-0.138988,0.9075701,-0.3561519,-0.2224238,static,-2.3733203898180046,-11.420651846534565,-8.486084064712776,-10.963356359576805,1.824016,-1.09466989,-0.106595,-0.04059184575573849,-0.1978474715698502,0.9793920495090868,-1.6814008500571185,-11.442421115001448,6.024234122858024,6.129844933397986,6.821525979698863
05/05/2023 11:41:01.993471,4471,True,True,True,True,Eyes,1.037464,0.0107938,-3.542881,0.8344052,-0.5311918,-0.1469802,0.0,0.0,0.0,0.0,0.0,0.0,0.0,-3.155435,-0.9193544,-1.834759,1.189857,0.02027548,-3.571016,0.09069124,0.7735475,-0.161631,0.6060321,21.0991,103.21,356.5835,0.2667145,0.003075862,-0.9637703,0.1386382,9.300645e-05,0.006969137,3.011184,-1.080629,-3.657479,-0.3087004,-0.4007998,2.069001,-0.2490004,-0.05559925,-0.9669062,0.3362151,0.931301,-0.1401349,0.9082721,-0.3599821,-0.213201,static,-2.1097424450288105,-11.168160354471889,-8.48608002289569,-10.963351189108344,1.8213270000000001,-1.10090448,-0.08646299999999973,-0.036117406989303436,-0.19356282084508755,0.9804228234109922,-1.4312655403244106,-11.198498773103577,6.2668870923797755,6.379625984423709,7.058732306140832
05/05/2023 11:41:02.013427,4472,True,True,True,True,Eyes,1.04467,0.01106252,-3.544342,0.8353668,-0.5308663,-0.1426296,0.0,0.0,0.0,0.0,0.0,0.0,0.0,-3.17298,-0.9306426,-1.809413,1.200551,0.020972,-3.572969,0.09178796,0.7701657,-0.1638015,0.6095809,21.35916,102.6,356.4099,0.2681481,0.003060693,-0.9633725,0.1303199,8.742606e-05,0.006550989,3.018411,-1.087121,-3.637896,-0.3087,-0.4007999,2.069001,-0.2399724,-0.05831667,-0.9690267,0.3410844,0.9294881,-0.1404043,0.9088866,-0.364213,-0.2031606,static,-1.826080710616811,-10.869336387654483,-8.486069187121103,-10.963353858196337,1.81786,-1.108093,-0.06492699999999996,-0.03129461085999419,-0.18847752208583968,0.9815787247152379,-1.1628009821430583,-10.909628847501589,6.540712647106954,6.660652054561704,7.323465271223488
05/05/2023 11:41:02.033485,4473,True,True,True,True,Eyes,1.228399,0.0181937,-3.580801,0.8510897,-0.5240529,-0.03185894,0.0,0.0,0.0,0.0,0.0,0.0,0.0,-3.190077,-0.9218796,-1.794348,1.211285,0.02155402,-3.574698,0.08916295,0.7676947,-0.1615948,0.6136627,20.94938,102.0277,356.2285,0.2696079,0.003054038,-0.962965,0.1225007,8.218049e-05,0.00615793,3.038029,-1.072734,-3.622008,-0.3086999,-0.4007999,2.069,-0.2309361,-0.0614296,-0.9710278,0.3352293,0.9318741,-0.1386791,0.9133947,-0.357543,-0.1946105,static,-7.824046021063489,-11.561215477718529,-8.486070519988186,-10.963359028665995,1.826744,-1.09428802,-0.04730999999999996,-0.13341908119271984,-0.19862302837776263,0.9709522917600846,-6.991082767022913,-11.543041100282364,0.8912303974756977,0.8920250954150343,1.603439953870927
05/05/2023 11:41:02.053660,4474,True,True,True,True,Eyes,1.228851,0.01823633,-3.580859,0.8512615,-0.5237942,-0.03151789,0.0,0.0,0.0,0.0,0.0,0.0,0.0,-3.207872,-0.9221591,-1.77272,1.222001,0.0222541,-3.576252,0.08777391,0.7646413,-0.1612295,0.6177577,20.79415,101.3987,356.0149,0.2771134,0.003298935,-0.9608312,0.6663378,0.0214708,-0.1035877,3.052768,-1.065995,-3.60279,-0.3087004,-0.4007998,2.069,-0.2213424,-0.06497041,-0.9730294,0.3334326,0.9326016,-0.1381194,0.9164225,-0.3550115,-0.184761,static,-7.25470529178193,-11.645195311000803,-8.486084064712776,-10.963356359576805,1.830767,-1.0882491,-0.02653799999999995,-0.12372131249061902,-0.20029972541912888,0.9718914237498768,-6.433815114969455,-11.628527710231308,1.4002674993879392,1.4075503678745045,2.1573735809571986
05/05/2023 11:41:02.063076,4475,True,True,True,True,Eyes,1.229711,0.01825282,-3.580993,0.8516256,-0.5232321,-0.0310158,0.0,0.0,0.0,0.0,0.0,0.0,0.0,-3.225032,-0.9138424,-1.75666,1.233236,0.02327693,-3.577762,0.08513375,0.7620308,-0.1590064,0.6219149,20.37894,100.814,355.8384,0.2832791,0.003499743,-0.9590308,0.6263576,0.02018255,-0.09737247,3.072451,-1.050929,-3.586011,-0.3087002,-0.4008,2.069,-0.2119481,-0.06802785,-0.9749103,0.327526,0.9349384,-0.1364437,0.9207631,-0.3482275,-0.1758775,static,-6.729524077703135,-11.96981593530799,-8.486078646823053,-10.963361697755134,1.839215,-1.07420593,-0.008249000000000173,-0.11466846301543804,-0.20602833557533737,0.9718042196991858,-5.913108947246698,-11.947861178921386,2.013558488660107,2.0244589614472703,2.754888800542529
05/05/2023 11:41:02.083177,4476,True,True,True,True,Eyes,1.230939,0.01825314,-3.581152,0.8518618,-0.5228952,-0.03020399,0.0,0.0,0.0,0.0,0.0,0.0,0.0,-3.241104,-0.8968043,-1.745964,1.243961,0.02267464,-3.579029,0.08279829,0.7598512,-0.1557877,0.6257004,19.8991,100.3206,355.7842,0.2883632,0.003664075,-0.9575139,0.5887761,0.0189716,-0.09153012,3.092138,-1.036051,-3.572709,-0.3087002,-0.4007997,2.069,-0.2032871,-0.0691241,-0.9766762,0.3207816,0.9377493,-0.1331371,0.9250804,-0.3403647,-0.1684585,static,-6.3185045310700145,-12.374714865379806,-8.486078646823053,-10.963353690487567,1.8481769999999997,-1.05872564,0.006319999999999659,-0.10752832100541299,-0.21306178182451516,0.9711037713868276,-5.501525974858592,-12.344547117609745,2.5744673823075943,2.586564886732163,3.2886547302591236
05/05/2023 11:41:02.103276,4477,True,True,True,True,Eyes,1.232535,0.0182602,-3.581342,0.8519636,-0.5227851,-0.02921863,0.0,0.0,0.0,0.0,0.0,0.0,0.0,-3.257696,-0.8980016,-1.723159,1.253971,0.02232492,-3.57985,0.08569209,0.7566172,-0.1573173,0.628839,20.23254,99.79495,355.8329,0.2925759,0.003798341,-0.9562345,0.5534496,0.0178333,-0.08603831,3.095758,-1.047227,-3.555821,-0.3087001,-0.4008001,2.069,-0.1944367,-0.06818232,-0.9785424,0.3275267,0.9358163,-0.130285,0.9246191,-0.3458311,-0.1596255,static,-5.94928077682324,-11.973121989464948,-8.486075937878136,-10.963364366844228,1.841787,-1.0695519199999999,0.024029000000000078,-0.10141663901413583,-0.20638318744620773,0.9732012176917304,-5.152423893872954,-11.956252061987541,2.7050539196428365,2.7303736274715553,3.4783705848668465
05/05/2023 11:41:02.113448,4478,True,True,True,True,Eyes,1.234467,0.01826106,-3.581538,0.8519713,-0.5228414,-0.02795984,0.0,0.0,0.0,0.0,0.0,0.0,0.0,-3.275039,-0.8919851,-1.70269,1.264452,0.02255921,-3.580687,0.08905704,0.753486,-0.1578833,0.6319814,20.51732,99.29951,355.9987,0.2960894,0.003908331,-0.955152,0.5202426,0.0167633,-0.08087602,3.100181,-1.056892,-3.540895,-0.3087003,-0.4007998,2.069,-0.1853366,-0.0653522,-0.9804996,0.3337651,0.9342834,-0.1253609,0.9242572,-0.3504905,-0.1513447,static,-5.642259979437182,-11.627952657435394,-8.486081355767933,-10.963356359576805,1.8357290000000002,-1.07945121,0.03979200000000027,-0.09631808605634823,-0.2006186837805003,0.9749230473463519,-4.862437636198489,-11.622443730280782,2.8827020713463525,2.9204465856445774,3.6830951614907472
05/05/2023 11:41:02.133448,4479,True,True,True,True,Eyes,1.236713,0.01825238,-3.581741,0.8517634,-0.5232614,-0.02639568,0.0,0.0,0.0,0.0,0.0,0.0,0.0,-3.291808,-0.8877407,-1.680619,1.274412,0.02243657,-3.581053,0.09183766,0.7502722,-0.1585972,0.6352199,20.77239,98.77792,356.0946,0.2990797,0.003999713,-0.9542196,0.489028,0.0157575,-0.07602345,3.104641,-1.065565,-3.52441,-0.3087002,-0.4007999,2.069,-0.1761229,-0.06368175,-0.9823061,0.3392947,0.9328256,-0.121308,0.9240453,-0.3546564,-0.1426851,static,-5.310778186539765,-11.345380018180844,-8.486078646823053,-10.963359028665995,1.8302289999999999,-1.08800157,0.05664299999999978,-0.09076428939086995,-0.19591077872787022,0.9764122719332198,-4.546919153658482,-11.349703206818365,3.148746535391556,3.1981984068386318,3.9580600471166156
05/05/2023 11:41:02.143406,4480,True,True,True,True,Eyes,1.239267,0.01823731,-3.581931,0.8514488,-0.5238621,-0.02456317,0.0,0.0,0.0,0.0,0.0,0.0,0.0,-3.308779,-0.8908011,-1.653573,1.284229,0.02229767,-3.581355,0.09610162,0.746604,-0.161032,0.6382914,21.2929,98.22569,356.1802,0.3018202,0.004081582,-0.9533559,0.4596863,0.01481205,-0.07146204,3.103712,-1.082479,-3.506185,-0.3087003,-0.4007996,2.069001,-0.1666977,-0.0620709,-0.9840525,0.3490703,0.9296663,-0.1177726,0.9221508,-0.3631358,-0.1333061,static,-4.978126191059796,-10.812259026754635,-8.4860773139521,-10.963345850932214,1.8194829999999997,-1.10477667,0.07516999999999996,-0.08524619823426904,-0.18690862378177994,0.9786716304261116,-4.237013023587058,-10.833190842154067,3.4464788059687286,3.511203256583338,4.251057241435996
05/05/2023 11:41:02.163248,4481,True,True,True,True,Eyes,1.242105,0.01822875,-3.582139,0.8510781,-0.5245733,-0.02211232,0.0,0.0,0.0,0.0,0.0,0.0,0.0,-3.32517,-0.8890513,-1.629096,1.294138,0.02216403,-3.581318,0.09907252,0.7431656,-0.1622635,0.6415294,21.6104,97.67841,356.2418,0.3043437,0.004154718,-0.952553,0.4321052,0.01392333,-0.06717432,3.106539,-1.092849,-3.488337,-0.3087001,-0.4007998,2.069,-0.1572491,-0.06093912,-0.985677,0.3554483,0.9277103,-0.1140615,0.9213736,-0.3682933,-0.1242209,static,-4.670357420064523,-10.49797115504869,-8.486075937878136,-10.963356359576805,1.8124010000000002,-1.11501303,0.09298099999999998,-0.0800687813926868,-0.18161572705958978,0.9801044597384452,-3.9454652718801473,-10.529434645209255,3.7693348907529285,3.843994172183328,4.561297323610288
05/05/2023 11:41:02.173353,4482,True,True,True,True,Eyes,1.24523,0.01823923,-3.582327,0.8505992,-0.5254542,-0.01946237,0.0,0.0,0.0,0.0,0.0,0.0,0.0,-3.34114,-0.8918524,-1.602287,1.30393,0.02242505,-3.581229,0.1025895,0.7395404,-0.164362,0.6446244,22.04707,97.12031,356.2782,0.3066785,0.004220146,-0.9518036,0.4061788,0.01308793,-0.06314386,3.106747,-1.106347,-3.469769,-0.3087001,-0.4007999,2.069,-0.1478696,-0.0601653,-0.9871752,0.3636417,0.9249211,-0.1108412,0.9197279,-0.3753681,-0.1148891,static,-4.365533100033769,-10.080139307165775,-8.486075937878136,-10.963359028665995,1.802817,-1.12877205,0.11146000000000011,-0.07495089133573724,-0.17453313693983274,0.9817945035404388,-3.6595786716421848,-10.12491226394561,4.1293406959362295,4.2141369644278805,4.898782383230876
05/05/2023 11:41:02.193569,4483,True,True,True,True,Eyes,1.248617,0.01824847,-3.58255,0.8501708,-0.5262563,-0.01624627,0.0,0.0,0.0,0.0,0.0,0.0,0.0,-3.355257,-0.891735,-1.58036,1.313918,0.02292727,-3.581,0.1054611,0.7363653,-0.1656621,0.6474568,22.36705,96.62631,356.3295,0.3088509,0.004279146,-0.9511006,0.3818081,0.01230265,-0.05935523,3.109266,-1.116017,-3.453595,-0.3087005,-0.4007996,2.069001,-0.1393557,-0.05920225,-0.9884713,0.3698339,0.9228681,-0.1074126,0.9185876,-0.3805386,-0.1067119,static,-4.146539071199969,-9.783758226474772,-8.48608273183924,-10.963345850932214,1.795348,-1.13894427,0.127405,-0.07126134845803095,-0.16949814128264395,0.982950773980526,-3.4540875737389465,-9.837990387421492,4.405810432900885,4.4970063538278024,5.1562971394595
05/05/2023 11:41:02.213354,4484,True,True,True,True,Eyes,1.252248,0.01824759,-3.582734,0.8496435,-0.5271996,-0.01290367,0.0,0.0,0.0,0.0,0.0,0.0,0.0,-3.36893,-0.8837776,-1.56312,1.323738,0.02299102,-3.580682,0.1074577,0.7335944,-0.1654885,0.6503121,22.49265,96.17704,356.4271,0.3108831,0.004332314,-0.950438,0.3588996,0.0115645,-0.05579392,3.11526,-1.120352,-3.439555,-0.3087001,-0.4007998,2.069001,-0.1310942,-0.05757755,-0.9896966,0.3728991,0.9221328,-0.1030407,0.9185645,-0.3825649,-0.09941572,static,-3.9704337440211823,-9.693637960092083,-8.486071896064805,-10.963351189108344,1.791522,-1.14334302,0.141127,-0.06825771129111302,-0.16798721876333944,0.9834231943641233,-3.2848457985775,-9.751472621002502,4.5961596913503415,4.690752562663143,5.340543285192743
05/05/2023 11:41:02.233090,4485,True,True,True,True,Eyes,1.256114,0.01824136,-3.582894,0.8491567,-0.5280586,-0.009330177,0.0,0.0,0.0,0.0,0.0,0.0,0.0,-3.382684,-0.876371,-1.543927,1.33319,0.02276357,-3.579997,0.1105353,0.7306139,-0.1659273,0.6530341,22.75704,95.72756,356.5685,0.3127951,0.004379957,-0.9498103,0.3373657,0.01087063,-0.05244628,3.117871,-1.129473,-3.425195,-0.3087001,-0.4007996,2.069001,-0.1226571,-0.05519519,-0.9909132,0.3782296,0.9205002,-0.09809099,0.9175498,-0.3868242,-0.09202938,static,-3.8225036614181787,-9.459035478850128,-8.486071896064805,-10.963345850932214,1.784681,-1.15223657,0.1548020000000001,-0.06576331177980577,-0.16398664629156764,0.9842680554876795,-3.1469640481565313,-9.52418909192477,4.80154774089587,4.900185544931825,5.529669500846549
05/05/2023 11:41:02.242950,4486,True,True,True,True,Eyes,1.260209,0.01823015,-3.583014,0.8486099,-0.5289885,-0.005677938,0.0,0.0,0.0,0.0,0.0,0.0,0.0,-3.396659,-0.8665205,-1.525455,1.342681,0.02264933,-3.579366,0.1137566,0.7276557,-0.1660589,0.6557446,23.0079,95.28901,356.7469,0.3146049,0.004422485,-0.9492122,0.3171237,0.01021839,-0.0492995,3.120573,-1.138234,-3.41159,-0.3087002,-0.4007999,2.069,-0.1141168,-0.0522333,-0.9920932,0.3833357,0.9189677,-0.09247697,0.916532,-0.390858,-0.08484674,static,-3.692964485006618,-9.242927394499961,-8.486078646823053,-10.963359028665995,1.7778919999999998,-1.1608833299999999,0.16777599999999993,-0.06357688446034943,-0.1602957711694436,0.9850193297584064,-3.0265116175565225,-9.31477836142147,4.990555134743391,5.0925267182455185,5.703042202497416
05/05/2023 11:41:02.263045,4487,True,True,True,True,Eyes,1.264529,0.01820561,-3.583061,0.8482871,-0.5295333,-0.001881862,0.0,0.0,0.0,0.0,0.0,0.0,0.0,-3.41046,-0.8518218,-1.509507,1.35224,0.02251185,-3.578602,0.1165131,0.724893,-0.1652815,0.658511,23.14587,94.87179,356.9602,0.3163279,0.004460265,-0.9486391,0.2980963,0.009605284,-0.04634153,3.12547,-1.143724,-3.399027,-0.3087003,-0.4007997,2.069,-0.1055755,-0.04876039,-0.9932151,0.3865986,0.9182134,-0.08617248,0.9161852,-0.3930733,-0.07809021,static,-3.5923627244015095,-9.115164872829707,-8.486081355767933,-10.963353690487567,1.7732299999999999,-1.16623585,0.17957500000000026,-0.06186929202316843,-0.15811592191352478,0.9854803941133864,-2.9318867293163926,-9.191134575224792,5.126956455765278,5.231088218401447,5.830080491811922
05/05/2023 11:41:02.283183,4488,True,True,True,True,Eyes,1.269065,0.01815699,-3.583059,0.8479546,-0.5300654,0.001971507,0.0,0.0,0.0,0.0,0.0,0.0,0.0,-3.422946,-0.8368695,-1.496042,1.361777,0.02209677,-3.577726,0.1185483,0.7223927,-0.1641648,0.6611695,23.20012,94.48095,357.1435,0.3179788,0.004493426,-0.9480869,0.2802105,0.009028967,-0.04356104,3.132131,-1.146765,-3.387167,-0.3087002,-0.4007998,2.069001,-0.09760249,-0.04580462,-0.9941709,0.3883584,0.9179924,-0.0804218,0.9163252,-0.3939439,-0.07180972,static,-3.509060940318885,-9.075319940325608,-8.486074605008472,-10.963351189108344,1.7703540000000002,-1.1688617700000001,0.19055900000000037,-0.060443019246478435,-0.15744435231838505,0.9856764865439298,-2.8517565225232944,-9.152918494941682,5.217631929197067,5.323093744702133,5.918040790221627
05/05/2023 11:41:02.293567,4489,True,True,True,True,Eyes,1.273814,0.01808472,-3.582988,0.8478943,-0.5301318,0.005954361,0.0,0.0,0.0,0.0,0.0,0.0,0.0,-3.434276,-0.8229908,-1.483889,1.371481,0.02145573,-3.5766,0.1198729,0.7200449,-0.162912,0.6637964,23.18806,94.09665,357.278,0.3195707,0.004521803,-0.9475514,0.2633979,0.008487228,-0.04094738,3.140395,-1.147745,-3.37507,-0.3086998,-0.4007998,2.069,-0.09000973,-0.04365301,-0.9949839,0.3889086,0.9181803,-0.07546544,0.9168689,-0.3937503,-0.0656682,static,-3.431083779779277,-9.075068013525986,-8.486067811043153,-10.963356359576805,1.7689139999999999,-1.16920073,0.20153,-0.05910141092494714,-0.15745266607531333,0.9857563618517026,-2.775749700081403,-9.153190475773279,5.289676242658126,5.3961557088508965,5.990361713224334
05/05/2023 11:41:02.313196,4490,True,True,True,True,Eyes,1.278754,0.01796085,-3.582857,0.8478532,-0.5301366,0.01000865,0.0,0.0,0.0,0.0,0.0,0.0,0.0,-3.445051,-0.8096892,-1.472249,1.381196,0.0207555,-3.575381,0.1200341,0.7178114,-0.1612715,0.666581,23.05097,93.69643,357.3416,0.3211151,0.004545252,-0.9470291,0.247594,0.007977994,-0.03849053,3.151276,-1.144589,-3.362098,-0.3086997,-0.4007998,2.069001,-0.08252333,-0.04267725,-0.9956751,0.3873247,0.9191667,-0.07150006,0.9182426,-0.3915499,-0.05932285,static,-3.3280252698367185,-9.199220864351428,-8.486061060289764,-10.963351189108344,1.77008,-1.1653445,0.2132830000000001,-0.057308167594039505,-0.15960503020431172,0.9855161311440401,-2.6719399923431926,-9.274672671977926,5.344261714612316,5.451374965852332,6.05439005408125
05/05/2023 11:41:02.333302,4491,True,True,True,True,Eyes,1.283868,0.01777499,-3.582636,0.8479379,-0.5299054,0.01420002,0.0,0.0,0.0,0.0,0.0,0.0,0.0,-3.454852,-0.7990133,-1.46035,1.390688,0.01937763,-3.573885,0.1200648,0.7155914,-0.160051,0.6692511,22.94014,93.29762,357.3615,0.3226205,0.004562897,-0.9465172,0.2327384,0.007499314,-0.0361811,3.161437,-1.142678,-3.348547,-0.3087003,-0.4007997,2.069001,-0.07537501,-0.04239381,-0.9962538,0.3860633,0.9199363,-0.06835514,0.9193879,-0.3897693,-0.05297346,static,-3.2292320118469546,-9.284778726963003,-8.4860773139521,-10.963348520020304,1.770749,-1.16205563,0.22533800000000026,-0.05559518190148244,-0.16109211820668312,0.9853722956195772,-2.57332839268478,-9.358574267590928,5.410407875310668,5.518334810468586,6.1266548953901525
05/05/2023 11:41:02.343340,4492,True,True,True,True,Eyes,1.28915,0.01754644,-3.582346,0.8479406,-0.5297696,0.01846228,0.0,0.0,0.0,0.0,0.0,0.0,0.0,-3.46405,-0.7923195,-1.446898,1.399858,0.01766144,-3.572256,0.1208035,0.7132441,-0.1597643,0.671688,22.9661,92.9024,357.3669,0.3240965,0.004573708,-0.9460127,0.2187741,0.007049356,-0.03401024,3.168469,-1.145218,-3.334717,-0.3087001,-0.4007999,2.069,-0.0684836,-0.0422988,-0.9967552,0.3869483,0.9197637,-0.06561743,0.9195548,-0.3901865,-0.04662131,static,-3.139811011078465,-9.24172734170547,-8.486075937878136,-10.963359028665995,1.768611,-1.16287944,0.23753899999999994,-0.05406373420281496,-0.160365172297662,0.98557600932313,-2.4873194818597644,-9.317278938549364,5.507263147056175,5.6166328287573535,6.220503089115901
05/05/2023 11:41:02.362963,4493,True,True,True,True,Eyes,1.2946,0.01727656,-3.581975,0.8479338,-0.5296064,0.0229207,0.0,0.0,0.0,0.0,0.0,0.0,0.0,-3.471709,-0.7931693,-1.432341,1.409153,0.01642958,-3.570364,0.121886,0.7108552,-0.1606223,0.673817,23.11738,92.51408,357.3094,0.3255503,0.004577251,-0.9455134,0.2056476,0.006626394,-0.03196963,3.173186,-1.150776,-3.320327,-0.3087,-0.4008,2.069,-0.06222919,-0.04317351,-0.9971278,0.3897467,0.9186885,-0.06410071,0.9188173,-0.3926161,-0.04034258,moving,-3.062376936982498,-9.076493397154895,-8.48607322893318,-10.963361697755134,1.7640329999999997,-1.16720558,0.2500370000000003,-0.05275605855427584,-0.15753327004569134,0.986103490363166,-2.4162888691266877,-9.157022412588605,5.631280669896351,5.742538937711229,6.332862211329679
05/05/2023 11:41:02.383311,4494,True,True,True,True,Eyes,1.300195,0.01695316,-3.581529,0.8478531,-0.5295244,0.0273721,0.0,0.0,0.0,0.0,0.0,0.0,0.0,-3.478329,-0.7940252,-1.420165,1.418591,0.01517004,-3.568401,0.122711,0.708697,-0.1613138,0.6757724,23.23447,92.15909,357.2496,0.3269882,0.004573172,-0.9450172,0.1933088,0.006228811,-0.03005145,3.179929,-1.152932,-3.30816,-0.3076648,-0.3981115,2.069141,-0.05654719,-0.04409308,-0.9974258,0.3919528,0.9178397,-0.06279585,0.9182459,-0.3944947,-0.03461888,moving,-3.011446615740777,-8.953265082690404,-8.45746015514191,-10.890861411253388,1.761338,-1.1681020400000002,0.26024100000000017,-0.05189708993265252,-0.15541907352251613,0.9864845690000958,-2.3699624290222077,-9.037460944937978,5.670126033478652,5.780427579669276,6.363389179835751
05/05/2023 11:41:02.403291,4495,True,True,True,True,Eyes,1.305939,0.01659399,-3.581006,0.8477566,-0.5294294,0.03183205,0.0,0.0,0.0,0.0,0.0,0.0,0.0,-3.4838,-0.7919743,-1.411417,1.427672,0.01357661,-3.566196,0.1239289,0.7068413,-0.1617276,0.677393,23.36134,91.87057,357.2584,0.328416,0.004560837,-0.9445219,0.1817102,0.005855082,-0.02824836,3.186228,-1.156023,-3.298292,-0.3066047,-0.3953582,2.069286,-0.05156092,-0.04391013,-0.9977041,0.3943023,0.9169717,-0.06073434,0.9175333,-0.3965286,-0.02996602,moving,-3.0292591647285323,-8.820640441323139,-8.428156036743202,-10.816584248024212,1.7585559999999998,-1.1695996100000001,0.26790400000000014,-0.052222635707443954,-0.15313259107696325,0.9868248211840568,-2.3909011019328648,-8.908301134266324,5.647560161215237,5.756029804835808,6.331665783199968
05/05/2023 11:41:02.413430,4496,True,True,True,True,Eyes,1.311816,0.01619254,-3.580396,0.847621,-0.5293623,0.03625288,0.0,0.0,0.0,0.0,0.0,0.0,0.0,-3.488022,-0.7924191,-1.404003,1.436845,0.01223542,-3.563815,0.1254875,0.7051219,-0.1625506,0.6786998,23.55146,91.61826,357.269,0.3298389,0.004540135,-0.944026,0.1708076,0.005503777,-0.02655346,3.191402,-1.160931,-3.289286,-0.3056018,-0.3927552,2.069423,-0.04723904,-0.04367813,-0.9979283,0.397614,0.9156604,-0.05889925,0.9163361,-0.3995726,-0.02588791,moving,-3.078447433409293,-8.629070290651947,-8.400433482547687,-10.746337954335369,1.7545570000000001,-1.17316642,0.2745289999999998,-0.05309702242977399,-0.1498253489812073,0.9872857471990241,-2.444014192581104,-8.72158020472581,5.621019768290012,5.72768346427272,6.2911505070606895
05/05/2023 11:41:02.433130,4497,True,True,True,True,Eyes,1.317827,0.01575771,-3.579688,0.8474967,-0.5292399,0.04067533,0.0,0.0,0.0,0.0,0.0,0.0,0.0,-3.490327,-0.7921249,-1.40109,1.446056,0.01097687,-3.561136,0.1259057,0.7039012,-0.1626763,0.6798584,23.59144,91.41676,357.2516,0.3312606,0.004510813,-0.9435283,0.1605592,0.00517355,-0.02496025,3.200171,-1.160642,-3.281657,-0.3044279,-0.3897063,2.069582,-0.04388085,-0.04394329,-0.99807,0.398444,0.9153684,-0.0578199,0.9161425,-0.4002121,-0.02265823,moving,-3.1612169710445515,-8.588886127389758,-8.367989128653988,-10.664035958084094,1.754115,-1.1716188699999999,0.2794789999999998,-0.054529067486489946,-0.14912135295100157,0.9873142425928159,-2.5257825983208066,-8.681932764591856,5.501582184014874,5.605062276289852,6.1692876584513225
05/05/2023 11:41:02.443094,4498,True,True,True,True,Eyes,1.323975,0.01530482,-3.578883,0.8473684,-0.5290942,0.04501481,0.0,0.0,0.0,0.0,0.0,0.0,0.0,-3.491834,-0.79261,-1.399117,1.455224,0.009733547,-3.558215,0.1263491,0.7027845,-0.1628936,0.6808786,23.64164,91.23474,357.2326,0.3326847,0.004472876,-0.9430273,0.1509256,0.004863137,-0.02346264,3.208368,-1.161474,-3.273949,-0.3036181,-0.3876041,2.069692,-0.04088064,-0.04422911,-0.9981847,0.3994138,0.9150032,-0.05690134,0.9158589,-0.4010149,-0.01974028,moving,-3.25616094410431,-8.53815550348939,-8.345606301708,-10.607268728777438,1.753144,-1.1712075469999998,0.28426600000000013,-0.056172642442390175,-0.14823359789177298,0.98735588599483,-2.6197031354601643,-8.631943050169697,5.392989211277811,5.4939679273814175,6.057051973180859
05/05/2023 11:41:02.463232,4499,True,True,True,True,Eyes,1.330265,0.01483865,-3.577961,0.8472206,-0.5289663,0.04911156,0.0,0.0,0.0,0.0,0.0,0.0,0.0,-3.491755,-0.7949384,-1.399976,1.464669,0.008847993,-3.55512,0.1260084,0.7019987,-0.1629159,0.6817464,23.61226,91.08564,357.1712,0.3341152,0.004426712,-0.9425216,0.1418701,0.004571349,-0.02205488,3.218972,-1.158794,-3.267095,-0.3025838,-0.3849194,2.069832,-0.03868747,-0.04521926,-0.9982277,0.3990502,0.9151605,-0.05692204,0.9161125,-0.4005451,-0.01736053,moving,-3.3556450094435184,-8.57193782236258,-8.317019999259832,-10.534752368532574,1.754303,-1.1676419930000002,0.2880250000000002,-0.05788193263600827,-0.14880116405246424,0.9871716833340771,-2.7157715434903564,-8.664152990867466,5.237944647948821,5.335530220346554,5.9053472628610955
05/05/2023 11:41:02.473402,4500,True,True,True,True,Eyes,1.336686,0.01434519,-3.576931,0.8471453,-0.5287044,0.05307059,0.0,0.0,0.0,0.0,0.0,0.0,0.0,-3.489646,-0.7958892,-1.406124,1.474303,0.008021645,-3.551707,0.1244978,0.701769,-0.1621287,0.6824479,23.42076,90.99651,357.0921,0.3355555,0.004372819,-0.94201,0.1333579,0.004297068,-0.02073159,3.233401,-1.150978,-3.261717,-0.3015386,-0.3822038,2.069975,-0.03753071,-0.04655146,-0.9982107,0.3960261,0.9164292,-0.05762735,0.917472,-0.3974803,-0.01595865,moving,-3.489499882820908,-8.76387830989688,-8.288126111866186,-10.46136974906835,1.7590980000000003,-1.158999645,0.28998999999999997,-0.060157576860721595,-0.15208683870024514,0.986534666828698,-2.8410823920826687,-8.850020410901326,4.997204218778574,5.090018749684694,5.680381323013831
05/05/2023 11:41:02.493561,4501,True,True,True,True,Eyes,1.343228,0.01382818,-3.575775,0.8470492,-0.5284634,0.05686793,0.0,0.0,0.0,0.0,0.0,0.0,0.0,-3.486404,-0.7951838,-1.415484,1.483849,0.006849464,-3.548108,0.1229377,0.7018358,-0.161067,0.6829132,23.20341,90.95844,357.0423,0.3370086,0.004311252,-0.9414914,0.1253564,0.004039244,-0.01948769,3.248465,-1.142737,-3.257965,-0.3004448,-0.3793629,2.070125,-0.03703206,-0.04742542,-0.9981882,0.3925537,0.9178875,-0.05817357,0.9189835,-0.3939967,-0.01537416,moving,-3.6608577644736324,-8.985056311613041,-8.257887057871033,-10.384572921636147,1.764616,-1.149586464,0.29014300000000004,-0.06307018498894224,-0.15586591093815155,0.9857625694839327,-3.002163837774441,-9.06408677251452,4.718335378599063,4.805343386906326,5.419069130052185
05/05/2023 11:41:02.513319,4502,True,True,True,True,Eyes,1.50973,0.0002305731,-3.54388,0.8424486,-0.518155,0.147634,0.0,0.0,0.0,0.0,0.0,0.0,0.0,-3.482825,-0.7939726,-1.424831,1.493262,0.005738657,-3.544113,0.122061,0.7018709,-0.1602124,0.6832353,23.05967,90.93681,357.0356,0.3384762,0.004242212,-0.9409652,0.117835,0.003796889,-0.01831843,3.261719,-1.137202,-3.254414,-0.2994853,-0.3768706,2.070256,-0.03658158,-0.04758342,-0.9981973,0.3902676,0.9188662,-0.05810413,0.9199746,-0.3916896,-0.0150434,moving,-8.941794360338315,-9.078268368705217,-8.231362922262411,-10.317180623652044,1.7684569999999997,-1.142940657,0.2896989999999997,-0.15353022047854087,-0.15591285569440066,0.9757662109603855,-8.14760846590296,-9.119760369334575,1.4271372658106756,1.4281513938179067,1.2003458145092105
05/05/2023 11:41:02.523069,4503,True,True,True,True,Eyes,1.510101,0.0001725787,-3.543657,0.8423914,-0.5182385,0.147667,0.0,0.0,0.0,0.0,0.0,0.0,0.0,-3.479331,-0.7892891,-1.435567,1.502733,0.004526246,-3.539963,0.1213957,0.7019818,-0.1589458,0.6835356,22.89917,90.93491,357.0845,0.3450848,0.003743487,-0.9385638,0.6102706,-0.03722373,0.07846616,3.275422,-1.131299,-3.251779,-0.2984272,-0.3741251,2.070398,-0.03608439,-0.04685506,-0.9982498,0.3877254,0.9199986,-0.05719754,0.9210684,-0.3891107,-0.01503079,moving,-8.945325673419369,-9.236573437484676,-8.202122510688602,-10.242929390185221,1.7726889999999997,-1.135825246,0.2881840000000002,-0.15352360851301822,-0.1586084028694958,0.975332677978924,-8.14678402336551,-9.273765290741194,1.25119270170508,1.2510408644919784,0.9707427052676525
05/05/2023 11:41:02.543471,4504,True,True,True,True,Eyes,1.510825,6.576779e-05,-3.543257,0.8423498,-0.5183002,0.1476879,0.0,0.0,0.0,0.0,0.0,0.0,0.0,-3.476447,-0.7796701,-1.446486,1.511906,0.002939921,-3.535537,0.1211737,0.7020467,-0.1572356,0.6839038,22.73788,90.93844,357.2077,0.3505762,0.003323283,-0.936528,0.5736544,-0.0349903,0.07375819,3.288615,-1.126243,-3.249423,-0.2974291,-0.3715332,2.070534,-0.03518513,-0.04492886,-0.9983704,0.3852073,0.9211877,-0.05503117,0.9221591,-0.3865159,-0.01510517,moving,-8.965184372087581,-9.383384848970902,-8.174531929328648,-10.172800291231768,1.776709,-1.1291829210000002,0.286114,-0.1537987753293591,-0.16110004272916434,0.97488087047923,-8.162185616699398,-9.416478790348185,1.1174887541745797,1.1172770586209078,0.7564222657579133
05/05/2023 11:41:02.563133,4505,True,True,True,True,Eyes,1.511869,-9.92046e-05,-3.54268,0.8422515,-0.5184366,0.1477701,0.0,0.0,0.0,0.0,0.0,0.0,0.0,-3.474307,-0.7695928,-1.455319,1.521122,0.001646701,-3.530895,0.1218622,0.7018534,-0.1558306,0.6843014,22.67612,90.92509,357.3779,0.3551638,0.00296671,-0.9347991,0.5392351,-0.03289089,0.0693327,3.299731,-1.124107,-3.246617,-0.2963935,-0.3688442,2.070674,-0.03376257,-0.04221147,-0.9985381,0.384329,0.9217328,-0.0519596,0.9225786,-0.3855214,-0.01489692,moving,-8.984388400536888,-9.42713224908525,-8.145908835120709,-10.100026359545042,1.7786089999999999,-1.125753701,0.28427800000000003,-0.1541067116548685,-0.16183650215929518,0.974710299482666,-8.179726933415814,-9.458916971225955,1.0746090492344795,1.075097421405139,0.6420007099397723
05/05/2023 11:41:02.583138,4506,True,True,True,True,Eyes,1.51322,-0.0002873992,-3.541927,0.842078,-0.5187021,0.1478269,0.0,0.0,0.0,0.0,0.0,0.0,0.0,-3.471676,-0.7585107,-1.464854,1.529842,0.000171084,-3.526081,0.1224182,0.7017674,-0.1542584,0.6846465,22.58995,90.92638,357.5538,0.3590215,0.002661144,-0.9333252,0.506881,-0.03091743,0.06517274,3.310888,-1.121417,-3.244122,-0.2953594,-0.3661585,2.070816,-0.03254627,-0.03940675,-0.9986932,0.3830432,0.9224362,-0.0488807,0.923157,-0.3841335,-0.01492741,moving,-9.015350742177734,-9.504708843189611,-8.11731845748631,-10.027308378944195,1.781046,-1.121588084,0.28195900000000007,-0.1545996877911433,-0.16314335476832123,0.9744142862878392,-8.207818670342236,-9.53419245049037,1.0367099762815215,1.0390246672331733,0.5013517801123741
05/05/2023 11:41:02.593488,4507,True,True,True,True,Eyes,1.514904,-0.0002536138,-3.541024,0.8416005,-0.519415,0.1480427,0.0,0.0,0.0,0.0,0.0,0.0,0.0,-3.469125,-0.752849,-1.471035,1.538589,-0.0005598627,-3.521122,0.1248863,0.7013202,-0.1541375,0.6846862,22.78133,90.92555,357.7684,0.3624293,0.002387686,-0.932008,0.4764681,-0.02906239,0.06126238,3.316529,-1.126785,-3.24154,-0.2943342,-0.3634971,2.070955,-0.03121664,-0.03590109,-0.9988677,0.3862421,0.9212902,-0.04518364,0.9218692,-0.3872152,-0.0148931,moving,-9.063731518435715,-9.330643409282075,-8.088980848981686,-9.955234057686734,1.77794,-1.1262251372999998,0.279582,-0.15549942890068252,-0.16015942353776536,0.9747660598893212,-8.259672793377002,-9.364508689564186,1.1559390204843007,1.1576926818787572,0.6148920233870121
05/05/2023 11:41:02.613468,4508,True,True,True,True,Eyes,1.516957,-0.0001944304,-3.539965,0.8415191,-0.5195202,0.1481364,0.0,0.0,0.0,0.0,0.0,0.0,0.0,-3.466042,-0.7760274,-1.464959,1.548324,0.004940219,-3.51631,0.1292986,0.6999646,-0.1581308,0.6843438,23.47452,90.83312,357.7867,0.3655385,0.0021424,-0.9307935,0.4478801,-0.02731864,0.05758663,3.313216,-1.140305,-3.23496,-0.2932695,-0.3607312,2.0711,-0.0299113,-0.03542275,-0.9989248,0.3974404,0.9165531,-0.04440249,0.9171405,-0.3983411,-0.01333689,moving,-9.0023610846215,-8.632710517101517,-8.059548753683512,-9.880303719595718,1.7648920000000001,-1.145245219,0.28134999999999977,-0.15474512482542568,-0.14829176981903985,0.97676175407543,-8.218659280210556,-8.685837950607212,1.5638275533979884,1.5637723268680959,1.205016445089865
05/05/2023 11:41:02.633582,4509,True,True,True,True,Eyes,1.519202,-0.0001744148,-3.538738,0.8413233,-0.5198293,0.1481641,0.0,0.0,0.0,0.0,0.0,0.0,0.0,-3.453741,-0.7693899,-1.497143,1.559196,0.005497616,-3.511495,0.1223203,0.7024633,-0.1534045,0.6841421,22.51287,91.04412,357.6394,0.3683885,0.001923188,-0.9296696,0.4210072,-0.02567952,0.05413143,3.345536,-1.106889,-3.237282,-0.2922211,-0.3580086,2.071242,-0.03397494,-0.03804988,-0.9986981,0.3817519,0.9230096,-0.04815309,0.9236401,-0.3828909,-0.01683359,moving,-9.147409621430088,-9.66229862596495,-8.03057007662573,-9.806526699448616,1.78634,-1.112386616,0.27421300000000004,-0.1567756704336975,-0.16576525853891955,0.9736237800155558,-8.332304612400094,-9.686649085750805,1.1142342121933952,1.1261138068683878,0.324675795748393
05/05/2023 11:41:02.642993,4510,True,True,True,True,Eyes,1.521738,-3.617446e-06,-3.537356,0.8406982,-0.520834,0.148184,0.0,0.0,0.0,0.0,0.0,0.0,0.0,-3.446744,-0.7658274,-1.510035,1.566073,0.004628479,-3.506299,0.124518,0.7029133,-0.1533459,0.683296,22.68987,91.19143,357.8563,0.371012,0.001726401,-0.9286262,0.3957468,-0.02413875,0.05088355,3.350271,-1.112041,-3.239017,-0.2912315,-0.3554397,2.071376,-0.03520407,-0.03451056,-0.9987842,0.3846119,0.9219606,-0.04541247,0.9224069,-0.385743,-0.01918359,moving,-9.31166811466278,-9.53789872379743,-8.003216669776064,-9.736893718214288,1.7841980000000002,-1.116669479,0.2672819999999998,-0.15962541678714487,-0.1635752954641942,0.9735311324886182,-8.495779881575848,-9.564520667851896,1.31062160251621,1.3234969555798382,0.5218534143892843
05/05/2023 11:41:02.663069,4511,True,True,True,True,Eyes,1.524571,0.0002791817,-3.535869,0.8403745,-0.521341,0.1482378,0.0,0.0,0.0,0.0,0.0,0.0,0.0,-3.442576,-0.7932578,-1.503542,1.575705,0.008554325,-3.501187,0.1326818,0.701337,-0.1594575,0.6819791,23.86852,91.18775,358.0333,0.37344,0.001553706,-0.9276527,0.372002,-0.02269043,0.04783053,3.337335,-1.142921,-3.235527,-0.2901847,-0.3527204,2.07152,-0.03460041,-0.031384,-0.9989085,0.4036026,0.9139377,-0.0426944,0.9142801,-0.4046392,-0.01895597,moving,-9.350636331575455,-8.367289562907294,-7.9742734929607115,-9.663152279361325,1.76163,-1.151475325,0.26566,-0.16079141114110918,-0.14362481456415901,0.9764825746651865,-8.56531853875662,-8.425277971809082,1.8907305407751633,1.8904059996242226,1.3717386950355492
05/05/2023 11:41:02.683091,4512,True,True,True,True,Eyes,1.527589,0.0006294112,-3.53425,0.839973,-0.5219736,0.1482865,0.0,0.0,0.0,0.0,0.0,0.0,0.0,-3.43591,-0.7804463,-1.524167,1.585659,0.01149511,-3.496171,0.1277336,0.7026477,-0.154699,0.6826704,23.06639,91.24927,358.0247,0.3756999,0.001405615,-0.9267401,0.3496819,-0.021329,0.0449607,3.364671,-1.112881,-3.233843,-0.2891576,-0.350053,2.07166,-0.03529088,-0.03171334,-0.9988739,0.3907201,0.9195048,-0.0429978,0.9198329,-0.3917976,-0.02005903,moving,-9.396380112278143,-9.220515304015494,-7.945879819609408,-9.590802491818508,1.779012,-1.12437611,0.2623280000000001,-0.16120926473037878,-0.15813879881087917,0.9741681883452941,-8.58691325022579,-9.255149834784266,1.486681000690787,1.4970182699229662,0.7235928173648174
05/05/2023 11:41:02.693487,4513,True,True,True,True,Eyes,1.53086,0.001051388,-3.532508,0.8396171,-0.5225787,0.1481708,0.0,0.0,0.0,0.0,0.0,0.0,0.0,-3.434389,-0.777505,-1.5259,1.593134,0.01347676,-3.491368,0.1303154,0.701977,-0.1547205,0.6828673,23.27824,91.21684,358.2314,0.377814,0.001281419,-0.9258804,0.3287009,-0.02004926,0.04226306,3.368514,-1.11609,-3.230293,-0.2881347,-0.3473991,2.071798,-0.03342023,-0.02835033,-0.9990392,0.3942639,0.9181589,-0.03924422,0.9183894,-0.3951967,-0.01950766,moving,-9.394765888147294,-9.012207291934782,-7.917607549588193,-9.51880375558617,1.7753799999999997,-1.1295667600000001,0.26107499999999995,-0.16127341529102995,-0.1545943741260562,0.9747263325096331,-8.590954248354002,-9.052480123849667,1.553839644914102,1.5616135034504457,0.8190564731779698
05/05/2023 11:41:02.713185,4514,True,True,True,True,Eyes,1.534353,0.001487763,-3.530663,0.8394412,-0.522918,0.1479706,0.0,0.0,0.0,0.0,0.0,0.0,0.0,-3.434499,-0.7659659,-1.531103,1.602507,0.01561767,-3.486902,0.1339851,0.7012895,-0.1537804,0.683076,23.499,91.21951,358.6152,0.3798035,0.001180612,-0.9250661,0.3089789,-0.01884631,0.03972727,3.37385,-1.120218,-3.229189,-0.2871075,-0.3447302,2.071938,-0.03091072,-0.02216277,-0.9992766,0.398012,0.9167992,-0.0326452,0.9168594,-0.3987331,-0.01951789,moving,-9.44388539612766,-8.751481926436744,-7.889210977353851,-9.446371682835464,1.7713430000000001,-1.1358356699999999,0.2577130000000003,-0.16222183129130618,-0.150133637233137,0.9752661328424383,-8.645864266385445,-8.798472715235375,1.69760940018938,1.7029046720053225,0.9961411908055956
05/05/2023 11:41:02.733252,4515,True,True,True,True,Eyes,1.53802,0.001903891,-3.528732,0.8392969,-0.5232173,0.1477307,0.0,0.0,0.0,0.0,0.0,0.0,0.0,-3.435075,-0.7280796,-1.547495,1.611267,0.01630998,-3.482546,0.1339246,0.7016125,-0.1478396,0.684067,22.99676,91.26933,359.1075,0.3816872,0.001101221,-0.9242907,0.2904401,-0.01771553,0.03734364,3.39283,-1.103903,-3.230596,-0.2860613,-0.3420146,2.072081,-0.02823332,-0.01433802,-0.9994987,0.3901908,0.9204153,-0.02422543,0.9203012,-0.3906791,-0.02039193,moving,-9.55104172987771,-9.19704664082946,-7.860287554934851,-9.372648526162104,1.781563,-1.12021298,0.25195000000000034,-0.16385073436844266,-0.15767022007230852,0.9738033824343912,-8.738312880108428,-9.231289564276608,1.6828198322304087,1.6998487292165398,0.8893316747712909
05/05/2023 11:41:02.743275,4516,True,True,True,True,Eyes,1.541904,0.002347274,-3.526714,0.8391191,-0.5235683,0.1474973,0.0,0.0,0.0,0.0,0.0,0.0,0.0,-3.437819,-0.706885,-1.550246,1.619134,0.01624142,-3.47846,0.1385931,0.7005467,-0.1463369,0.6845524,23.25226,91.24403,359.6153,0.3834804,0.001040573,-0.9235481,0.2730137,-0.0166526,0.03510302,3.395604,-1.111947,-3.229621,-0.2850766,-0.3394572,2.072215,-0.02436046,-0.006168657,-0.9996843,0.3945324,0.9187549,-0.01528324,0.9185592,-0.3947801,-0.01994754,moving,-9.590408044730825,-8.878067162807321,-7.8330665527641195,-9.303203799512618,1.77647,-1.12818842,0.24883900000000025,-0.16466204838647502,-0.15222556267518883,0.9745326419091267,-8.785285437457262,-8.920666499301552,1.7961870270258546,1.808034922023593,1.0261849689110742
05/05/2023 11:41:02.763196,4517,True,True,True,True,Eyes,1.546017,0.002862049,-3.524608,0.839204,-0.5234963,0.1472694,0.0,0.0,0.0,0.0,0.0,0.0,0.0,-3.441083,-0.6843172,-1.553469,1.628221,0.01731667,-3.474364,0.1415455,0.6995153,-0.1438352,0.6855324,23.28456,91.16737,0.05109055,0.3851977,0.0009975147,-0.9228333,0.2566329,-0.01565344,0.03299684,3.403987,-1.111436,-3.226757,-0.2840337,-0.336749,2.072356,-0.02002043,0.0008190646,-0.9997993,0.3952338,0.9185526,-0.007161863,0.9183624,-0.3952978,-0.01871354,moving,-9.576125330493491,-8.760578112888332,-7.804240053296259,-9.229647856739923,1.775766,-1.1287526700000001,0.2476069999999999,-0.16446984850394014,-0.15023177395654314,0.9748743964906508,-8.774529086892022,-8.8064462189058,1.822032495902816,1.8329222187930698,1.0585652719514675
05/05/2023 11:41:02.783062,4518,True,True,True,True,Eyes,1.550349,0.003417078,-3.522422,0.83947,-0.5231012,0.1471569,0.0,0.0,0.0,0.0,0.0,0.0,0.0,-3.442461,-0.6608451,-1.561684,1.637771,0.01946408,-3.470366,0.1392247,0.6993178,-0.1390659,0.6871914,22.69655,91.047,0.2232598,0.3868525,0.0009721408,-0.9221407,0.2412349,-0.01471423,0.03101703,3.425311,-1.089402,-3.2213,-0.2829922,-0.3340446,2.072498,-0.01676933,0.003594831,-0.999853,0.3858543,0.9225544,-0.003154526,0.9224074,-0.3858504,-0.0168577,moving,-9.508750599342207,-9.282365006919422,-7.775447790724003,-9.156169277646276,1.7875400000000001,-1.10886608,0.249066,-0.16309293585692508,-0.15914036888913435,0.9736913971184349,-8.694787079432466,-9.31458344251274,1.7134537250576751,1.737890672180081,0.9328878686065764
05/05/2023 11:41:02.793266,4519,True,True,True,True,Eyes,1.55488,0.003937874,-3.520177,0.8399685,-0.5223079,0.1471308,0.0,0.0,0.0,0.0,0.0,0.0,0.0,-3.441501,-0.6551464,-1.567122,1.64731,0.02092681,-3.466258,0.1354325,0.6991498,-0.1363708,0.6886585,22.16164,90.88503,0.09585147,0.3884566,0.0009637314,-0.9214662,0.2267608,-0.01383138,0.02915601,3.445785,-1.068241,-3.2126,-0.2819623,-0.3313696,2.072638,-0.01481521,0.001549345,-0.9998891,0.3772011,0.9261221,-0.004153834,0.9260129,-0.3772207,-0.01430508,moving,-9.361663271817434,-9.769869183037798,-7.746977749335382,-9.083471477884965,1.7984749999999998,-1.08916781,0.2536579999999997,-0.1603678236196749,-0.16749501657155505,0.9727423483505195,-8.5382637536585,-9.789892731528406,1.7171832788743389,1.7545230537534162,1.0607377282989492
05/05/2023 11:41:02.813342,4520,True,True,True,True,Eyes,1.559564,0.004408429,-3.517874,0.8404684,-0.5215051,0.1471233,0.0,0.0,0.0,0.0,0.0,0.0,0.0,-3.438494,-0.6508569,-1.577066,1.656573,0.02055443,-3.462562,0.1314876,0.6994314,-0.133969,0.689608,21.6388,90.8005,359.9483,0.3900205,0.0009696989,-0.9208053,0.2131552,-0.0130015,0.02740664,3.465918,-1.04908,-3.206589,-0.2809297,-0.3286888,2.072778,-0.01430387,-0.0008390504,-0.9998974,0.3687052,0.9295266,-0.006054429,0.9294363,-0.368754,-0.01298647,moving,-9.276664622643498,-10.254121062218507,-7.7184344178100535,-9.010597607005812,1.8093449999999998,-1.06963443,0.255973,-0.1586924991414203,-0.1757585326884315,0.9715583333135073,-8.442353307180394,-10.26162584887129,1.945142344255174,1.993597741501379,1.4453823785878315
05/05/2023 11:41:02.833320,4521,True,True,True,True,Eyes,1.564409,0.004859258,-3.515501,0.8407465,-0.5210344,0.1472023,0.0,0.0,0.0,0.0,0.0,0.0,0.0,-3.436664,-0.6461936,-1.583644,1.664914,0.01980556,-3.458876,0.1314416,0.6992013,-0.1330392,0.6900299,21.5578,90.75892,0.01270314,0.3915515,0.0009873011,-0.9201553,0.2003659,-0.01222141,0.02576225,3.476552,-1.045151,-3.203015,-0.2799069,-0.3260332,2.072917,-0.01316375,0.0002062019,-0.9999133,0.3674105,0.9300473,-0.004645092,0.9299658,-0.3674397,-0.01231861,moving,-9.258353053915952,-10.289716366638197,-7.690160776286495,-8.938388138978253,1.8116379999999999,-1.06495656,0.2558609999999999,-0.15836435100163576,-0.17637150243316954,0.9715008316168325,-8.423543434701104,-10.296380951813719,2.019881703385211,2.070100238753484,1.5433711813352158
05/05/2023 11:41:02.842950,4522,True,True,True,True,Eyes,1.569425,0.005330579,-3.513082,0.8409387,-0.5206894,0.147325,0.0,0.0,0.0,0.0,0.0,0.0,0.0,-3.436082,-0.646745,-1.586491,1.673634,0.0198225,-3.455496,0.1337536,0.6984933,-0.1336051,0.6901934,21.79434,90.7137,0.1496603,0.3930575,0.001014866,-0.9195132,0.1883439,-0.01148812,0.02421651,3.481512,-1.050777,-3.199963,-0.2788775,-0.3233599,2.073058,-0.01148614,0.002425367,-0.999931,0.3712786,0.9285193,-0.002012703,0.9284505,-0.3712762,-0.01156555,moving,-9.242758831455914,-10.00493253767333,-7.661700684351362,-8.865673726523472,1.8078779999999999,-1.0705995000000001,0.25553300000000023,-0.1582368974091718,-0.17154412772438232,0.9723855719809144,-8.416017736238961,-10.019394182955894,1.903071620974986,1.9487574254658449,1.3784284915653173
05/05/2023 11:41:02.869217,4523,True,True,True,True,Eyes,1.574595,0.005780698,-3.510611,0.8410452,-0.5204593,0.1475303,0.0,0.0,0.0,0.0,0.0,0.0,0.0,-3.435911,-0.6501328,-1.587604,1.682794,0.02080411,-3.452017,0.1352669,0.6976749,-0.1341778,0.6906148,21.96621,90.62369,0.2109314,0.3945447,0.001051924,-0.9188759,0.1770433,-0.01079884,0.02276352,3.488067,-1.053021,-3.194998,-0.2778358,-0.3206564,2.073199,-0.009507964,0.00341416,-0.9999489,0.374075,0.9273984,-0.0003904502,0.9273497,-0.3740596,-0.01009486,moving,-9.181795636200716,-9.801532559063514,-7.632906730021587,-8.792125292023497,1.8052730000000001,-1.07382511,0.2570190000000001,-0.15729644070974108,-0.16811667294677465,0.9731365345289295,-8.362071946102775,-9.821893481036982,1.8069065264067017,1.8487725318269885,1.261786208296333
05/05/2023 11:41:02.883271,4524,True,True,True,True,Eyes,1.579896,0.006196536,-3.508113,0.8409926,-0.5204662,0.1478046,0.0,0.0,0.0,0.0,0.0,0.0,0.0,-3.436036,-0.6541133,-1.588177,1.69165,0.02077787,-3.448825,0.1357216,0.6968798,-0.1346256,0.6912411,22.0409,90.50214,0.1882685,0.3960191,0.001096982,-0.9182414,0.1664207,-0.01015091,0.02139771,3.496114,-1.052922,-3.188846,-0.2768305,-0.3180443,2.073336,-0.007530838,0.003045741,-0.9999671,0.3752807,0.9269112,-3.0175e-06,0.9268807,-0.3752683,-0.008123432,moving,-9.086846316135603,-9.722598954466092,-7.605115595162413,-8.721041962282198,1.8044639999999998,-1.07369987,0.25997899999999996,-0.15571837986864023,-0.16681807652987868,0.973613544427314,-8.271641066759347,-9.74572197837885,1.7483779906151402,1.7884748636948116,1.2223851028523491
05/05/2023 11:41:02.893438,4525,True,True,True,True,Eyes,1.585341,0.006628202,-3.505568,0.8407243,-0.5207964,0.1481676,0.0,0.0,0.0,0.0,0.0,0.0,0.0,-3.437325,-0.6626483,-1.584126,1.700121,0.02041684,-3.445712,0.1383806,0.695563,-0.1366063,0.6916513,22.42408,90.36658,0.219229,0.3974847,0.001148342,-0.9176078,0.1564355,-0.009541851,0.02011385,3.497977,-1.062717,-3.182748,-0.2756687,-0.3150287,2.073494,-0.004938358,0.003536948,-0.9999816,0.3814727,0.9243791,0.001385624,0.924367,-0.3814588,-0.005914169,moving,-8.985439729451512,-9.348337431124435,-7.57299935146194,-8.638956858003377,1.7978560000000001,-1.08313384,0.26296399999999975,-0.15415880501011336,-0.16049456128345077,0.974923809940806,-8.182875563834923,-9.382243882276935,1.5483164381786498,1.5805722441245404,0.9614700176666231
05/05/2023 11:41:02.913379,4526,True,True,True,True,Eyes,1.590937,0.007065109,-3.502991,0.8404157,-0.5211583,0.1486456,0.0,0.0,0.0,0.0,0.0,0.0,0.0,-3.4393,-0.6759861,-1.577015,1.709073,0.02130242,-3.442576,0.1412711,0.6939692,-0.1392068,0.6921492,22.87811,90.19289,0.2096857,0.3989461,0.001205785,-0.9169734,0.1470493,-0.00896934,0.01890702,3.498522,-1.07388,-3.174976,-0.2747695,-0.3126922,2.073617,-0.00194393,0.003371833,-0.9999925,0.3887795,0.9213278,0.002350842,0.9213288,-0.388772,-0.00310189,moving,-8.850012175907617,-8.909388968997483,-7.548139805823406,-8.575338604596034,1.7894489999999998,-1.09518242,0.26759999999999984,-0.15203528785052006,-0.15307190251738645,0.9764498454977893,-8.062689300319294,-8.956052021686112,1.3222049343822795,1.3440466189628324,0.6400811575404928
05/05/2023 11:41:02.933214,4527,True,True,True,True,Eyes,1.596668,0.007487082,-3.500352,0.8400387,-0.5216145,0.1491758,0.0,0.0,0.0,0.0,0.0,0.0,0.0,-3.440732,-0.6845865,-1.573029,1.71829,0.02187988,-3.439289,0.1414284,0.6927727,-0.1401961,0.6931157,22.97319,89.99202,0.1002741,0.4004073,0.001268845,-0.9163362,0.1382264,-0.00843118,0.01777259,3.506453,-1.073162,-3.165936,-0.2736473,-0.309778,2.07377,0.0008221538,0.001611306,-0.9999985,0.3902996,0.9206861,0.001804447,0.9206877,-0.3903004,0.0001280407,moving,-8.68970145246887,-8.849065322774129,-7.517117070670743,-8.49597312330932,1.788163,-1.09504188,0.2733530000000002,-0.1493251458763034,-0.15210731822339701,0.9770186732941633,-7.908041288728366,-8.898421156357513,1.2041439670286729,1.2245930890543986,0.5610580750406539
05/05/2023 11:41:02.943473,4528,True,True,True,True,Eyes,1.602539,0.007878382,-3.497683,0.8396056,-0.5221137,0.1498654,0.0,0.0,0.0,0.0,0.0,0.0,0.0,-3.443119,-0.696472,-1.565411,1.727261,0.02197653,-3.436093,0.1420263,0.6912345,-0.1419436,0.6941724,23.1671,89.7478,359.9551,0.4018718,0.001336571,-0.9156947,0.1299328,-0.007925309,0.01670624,3.511875,-1.076286,-3.155285,-0.2727092,-0.3073425,2.073897,0.004093803,-0.0007196701,-0.9999913,0.3934136,0.9193611,0.0009488998,0.9193524,-0.3934141,0.004046796,moving,-8.494389974452792,-8.695175907271619,-7.491187024610032,-8.42963183004196,1.784614,-1.0982625300000002,0.28080799999999995,-0.14605126952316616,-0.14955651190675076,0.9779068431160339,-7.721795778771828,-8.749984376630332,1.0214430480568863,1.0377522900600924,0.3947228795011898
05/05/2023 11:41:02.963269,4529,True,True,True,True,Eyes,1.608538,0.008232059,-3.495,0.8393826,-0.522341,0.1503217,0.0,0.0,0.0,0.0,0.0,0.0,0.0,-3.445876,-0.7077786,-1.557159,1.736509,0.02165053,-3.432757,0.142098,0.6896173,-0.1435021,0.6954449,23.30126,89.47144,359.7748,0.4033422,0.001407692,-0.9150478,0.1221368,-0.007449791,0.01570386,3.518693,-1.077609,-3.143428,-0.2716813,-0.3046743,2.074037,0.00767054,-0.003609092,-0.9999642,0.3955821,0.9184306,-0.0002803457,0.9183987,-0.3955657,0.008472551,moving,-8.254356077285033,-8.583100625661709,-7.462771919044771,-8.356931708703252,1.7821839999999998,-1.09925953,0.28932899999999995,-0.14199255605291933,-0.14773151652998812,0.9787815874871976,-7.49082698166236,-8.642528665230218,0.8103533796441574,0.8232605046855496,0.286971615523108
05/05/2023 11:41:02.983028,4530,True,True,True,True,Eyes,1.614663,0.008553911,-3.492289,0.8390854,-0.5226311,0.1509719,0.0,0.0,0.0,0.0,0.0,0.0,0.0,-3.450671,-0.711736,-1.547816,1.745578,0.02108933,-3.429569,0.142068,0.6877985,-0.1441048,0.6971254,23.34761,89.1575,359.6574,0.4048211,0.001480895,-0.9143945,0.1148086,-0.007002803,0.01476163,3.526691,-1.076674,-3.130908,-0.2706385,-0.3019652,2.074179,0.01233405,-0.005489855,-0.9999089,0.3963465,0.918101,-0.000151662,0.9180183,-0.3963085,0.01349977,moving,-8.004923526531057,-8.55158535552967,-7.433945171793811,-8.28310007429551,1.781113,-1.0977633299999998,0.29866100000000007,-0.13773951806646306,-0.14728246881354018,0.9794568848668058,-7.248524846305373,-8.613518903141287,0.6198386150018291,0.6309521596902883,0.37888956116532624
05/05/2023 11:41:02.993436,4531,True,True,True,True,Eyes,1.620915,0.008832253,-3.489576,0.838914,-0.5227481,0.151518,0.0,0.0,0.0,0.0,0.0,0.0,0.0,-3.456427,-0.7167281,-1.535586,1.754712,0.02066585,-3.426247,0.1427161,0.6856517,-0.1451315,0.6988927,23.4848,88.81123,359.553,0.4063102,0.001555141,-0.9137337,0.1079201,-0.006582635,0.01387593,3.532752,-1.078528,-3.117356,-0.2696096,-0.2992952,2.074319,0.01763732,-0.007155595,-0.9998189,0.3985697,0.9171379,0.0004671167,0.9169685,-0.3985057,0.0190278,moving,-7.722403304701484,-8.412244919410156,-7.40550320803501,-8.210316627051903,1.7780399999999998,-1.09919385,0.308891,-0.13295363740094018,-0.14499568088376796,0.9804588530889613,-6.976874459448187,-8.479816371678107,0.3689245654873814,0.37576682466915723,0.5063128642141097
05/05/2023 11:41:03.013296,4532,True,True,True,True,Eyes,1.627278,0.00905882,-3.486848,0.8386623,-0.5229477,0.1522212,0.0,0.0,0.0,0.0,0.0,0.0,0.0,-3.461832,-0.7202396,-1.525819,1.764008,0.01988329,-3.423307,0.1427079,0.6837478,-0.1457146,0.700636,23.53047,88.48458,359.4355,0.4078112,0.001629189,-0.9130646,0.1014449,-0.006187677,0.01304338,3.540785,-1.077878,-3.104699,-0.2685991,-0.2966699,2.074457,0.02251229,-0.009033334,-0.9997058,0.3993383,0.9168034,0.0007084651,0.9165273,-0.3992367,0.02424674,moving,-7.465791237392792,-8.373835264330086,-7.3775682699649785,-8.138733917068475,1.776777,-1.09776129,0.3186079999999998,-0.1285720080054596,-0.1444225409244576,0.981127622960636,-6.7277594213646985,-8.444146092203866,0.24750799735217843,0.2511094093537595,0.7180028805235759
05/05/2023 11:41:03.033215,4533,True,True,True,True,Eyes,1.633757,0.009239153,-3.484134,0.8384652,-0.5231006,0.1527807,0.0,0.0,0.0,0.0,0.0,0.0,0.0,-3.466302,-0.7263151,-1.516394,1.773017,0.01888927,-3.420275,0.1434772,0.6818894,-0.1469278,0.7020352,23.69258,88.19255,359.3351,0.4093253,0.001701713,-0.9123867,0.0,0.0,0.0,3.546453,-1.081077,-3.093224,-0.26756,-0.2939707,2.074598,0.02687817,-0.01062581,-0.9995824,0.4019682,0.915653,0.001075101,0.9152592,-0.4018291,0.0288823,moving,-7.2323740451468685,-8.215232485963202,-7.348846065808345,-8.065122864571089,1.773436,-1.0999662700000001,0.327051,-0.12462207523780855,-0.1417781266104414,0.982022592816553,-6.50449477996755,-8.291375980768084,0.19001054915281854,0.18999639478540406,0.874139328991583
05/05/2023 11:41:03.043039,4534,True,True,True,True,Eyes,1.640363,0.009378343,-3.48141,0.8382353,-0.5232721,0.1534536,0.0,0.0,0.0,0.0,0.0,0.0,0.0,-3.469969,-0.7337993,-1.508797,1.782235,0.01799536,-3.417444,0.1447033,0.6801926,-0.1484104,0.7031169,23.91507,87.94389,359.2574,0.4108527,0.001771628,-0.9116998,0.0,0.0,0.0,3.551328,-1.086181,-3.083472,-0.2665329,-0.2913049,2.074738,0.03062471,-0.0118474,-0.9994608,0.4055519,0.9140706,0.0015914,0.9135589,-0.4053819,0.03279785,moving,-7.046585023287157,-7.998454238342842,-7.32045355278232,-7.9924033548904045,1.7690929999999998,-1.10417636,0.33397200000000016,-0.12150059782722505,-0.13811550727683242,0.9829353119787436,-6.329226997934193,-8.081686209992899,0.2714592434926418,0.2739353658044133,0.9952394240841443
05/05/2023 11:41:03.063148,4535,True,True,True,True,Eyes,1.647083,0.009468619,-3.478668,0.8380682,-0.5233795,0.1539984,0.0,0.0,0.0,0.0,0.0,0.0,0.0,-3.472738,-0.737887,-1.505216,1.791916,0.01715614,-3.414499,0.1448341,0.6788777,-0.1489372,0.7042484,23.96752,87.72354,359.1768,0.4123959,0.001838172,-0.9110026,0.0,0.0,0.0,3.560117,-1.085877,-3.074397,-0.2654801,-0.288572,2.074881,0.03388538,-0.01312826,-0.9993395,0.406427,0.9136816,0.001778083,0.9130548,-0.4062188,0.03629609,moving,-6.878349563226078,-7.948992012887043,-7.291352578909657,-7.917838700031805,1.768201,-1.10303314,0.34010200000000035,-0.11862724041628542,-0.1373149512467423,0.98339823981405,-6.166561052615288,-8.034675888533704,0.410860354756452,0.4141763149500303,1.1308434490417516
05/05/2023 11:41:03.083161,4536,True,True,True,True,Eyes,1.653921,0.009507608,-3.475923,0.8378766,-0.5234964,0.1546423,0.0,0.0,0.0,0.0,0.0,0.0,0.0,-3.475729,-0.7405429,-1.502105,1.801338,0.01607642,-3.411793,0.1451485,0.6775973,-0.1493584,0.7053269,24.0268,87.51585,359.1225,0.4139553,0.001900387,-0.910295,0.0,0.0,0.0,3.568496,-1.086202,-3.066073,-0.2644539,-0.2859077,2.075021,0.03710779,-0.01398844,-0.9992135,0.4073974,0.9132479,0.002344593,0.9124969,-0.407164,0.03958745,moving,-6.730569617762856,-7.891597875347839,-7.262984966382655,-7.845127435131171,1.767158,-1.10227842,0.34572,-0.11610570979787171,-0.13637071188288769,0.9838304791389099,-6.02404932094994,-7.979812291797052,0.5303289938245961,0.5344395244177521,1.2462349474071441
05/05/2023 11:41:03.093514,4537,True,True,True,True,Eyes,1.660877,0.009500807,-3.473173,0.8377515,-0.5235127,0.155264,0.0,0.0,0.0,0.0,0.0,0.0,0.0,-3.479268,-0.739366,-1.499766,1.811019,0.01488773,-3.408996,0.1455223,0.676304,-0.1492708,0.7065086,24.0498,87.3091,359.1161,0.4155312,0.001957358,-0.9095766,0.0,0.0,0.0,3.577746,-1.085709,-3.057902,-0.2634252,-0.2832351,2.07516,0.04066218,-0.01408758,-0.9990736,0.4077569,0.913083,0.003720588,0.9121847,-0.4075305,0.04287225,moving,-6.588845244219847,-7.858106058894142,-7.234553120062094,-7.772179274654586,1.766727,-1.1005967300000001,0.35109400000000024,-0.1136802641062975,-0.13583395915330349,0.9841879726977978,-5.886796430633185,-7.948165119870464,0.6469279084988894,0.6514000868701642,1.3591979663083371
05/05/2023 11:41:03.113101,4538,True,True,True,True,Eyes,1.667949,0.009443241,-3.470425,0.8376096,-0.5235107,0.1560339,0.0,0.0,0.0,0.0,0.0,0.0,0.0,-3.484054,-0.734899,-1.496705,1.82079,0.01376824,-3.406372,0.1454864,0.6749036,-0.1486161,0.7079918,23.99202,87.07136,359.1183,0.4171247,0.002008426,-0.9088468,0.0,0.0,0.0,3.588417,-1.082657,-3.048917,-0.2623899,-0.2805467,2.075301,0.0448369,-0.01405929,-0.9988955,0.4068165,0.9134938,0.005403353,0.912409,-0.4066094,0.04667779,moving,-6.430366647290794,-7.901827139683221,-7.20593528053443,-7.698779814339991,1.7676270000000003,-1.09642524,0.3574550000000003,-0.11094536614458289,-0.1366274161715828,0.9843901400649955,-5.731130068891381,-7.9917559859037555,0.7977430789122506,0.8017075035201062,1.5036241050853296
05/05/2023 11:41:03.133039,4539,True,True,True,True,Eyes,1.675137,0.009338574,-3.467708,0.8374962,-0.5234255,0.1569263,0.0,0.0,0.0,0.0,0.0,0.0,0.0,-3.490341,-0.7302693,-1.490311,1.830637,0.01248875,-3.403735,0.1456279,0.6731328,-0.1481107,0.709752,23.96107,86.77749,359.1103,0.4187361,0.002052855,-0.9081053,0.0,0.0,0.0,3.598281,-1.080562,-3.03815,-0.2613575,-0.2778667,2.075442,0.04991082,-0.01418997,-0.9986528,0.4062976,0.9137115,0.007322959,0.9123766,-0.4061158,0.0513694,moving,-6.229320638167519,-7.911040707546528,-7.17739652446763,-7.62559271272817,1.767644,-1.09305075,0.36558500000000027,-0.10748740201984891,-0.13683801346480454,0.9847445451356455,-5.534898276713393,-8.002053868906543,0.9857361024747104,0.9901153689997757,1.6850885721489235
05/05/2023 11:41:03.143336,4540,True,True,True,True,Eyes,1.682437,0.009195488,-3.465003,0.8373534,-0.5233237,0.1580236,0.0,0.0,0.0,0.0,0.0,0.0,0.0,-3.498797,-0.7249375,-1.47972,1.840576,0.01125932,-3.401299,0.1459699,0.6708984,-0.1476855,0.7118828,23.95324,86.41298,359.0967,0.4203658,0.002090086,-0.907352,0.0,0.0,0.0,3.607261,-1.079188,-3.025365,-0.2603587,-0.2752723,2.075577,0.05616873,-0.01440757,-0.9983174,0.4061315,0.9137636,0.009663011,0.9120867,-0.4059909,0.05717632,moving,-5.978836557600626,-7.893061493948962,-7.149791670719206,-7.554734233520097,1.7666849999999998,-1.09044732,0.375934,-0.10318484565952657,-0.13659157402594496,0.9852388031140189,-5.2912062496976064,-7.986221449844181,1.2132603668052109,1.2188524160405338,1.908014933139975
05/05/2023 11:41:03.163062,4541,True,True,True,True,Eyes,1.689863,0.008998595,-3.462362,0.8372256,-0.5231062,0.1594146,0.0,0.0,0.0,0.0,0.0,0.0,0.0,-3.508868,-0.716805,-1.466821,1.850561,0.01018971,-3.398947,0.1462766,0.668384,-0.1469165,0.7143402,23.91468,86.00224,359.1,0.4220137,0.002119833,-0.9065867,0.0,0.0,0.0,3.616504,-1.076708,-3.011304,-0.2593335,-0.2726102,2.075717,0.063357,-0.01435884,-0.9978878,0.4054346,0.9140374,0.01258924,0.9119259,-0.4053758,0.06373219,moving,-5.707845456584174,-7.895105912620346,-7.121452576298802,-7.482006879283676,1.765943,-1.08689771,0.3876430000000002,-0.09852246229684936,-0.13669164576521647,0.985702051772199,-5.0269838891975835,-7.990007700953043,1.465999448350765,1.4727307629881228,2.1551946353088978
05/05/2023 11:41:03.183150,4542,True,True,True,True,Eyes,1.697409,0.00877916,-3.459744,0.8370584,-0.5228738,0.161048,0.0,0.0,0.0,0.0,0.0,0.0,0.0,-3.520451,-0.7031511,-1.453752,1.860865,0.008669026,-3.396836,0.1461117,0.6657525,-0.1453098,0.7171543,23.76899,85.5599,359.1316,0.4236798,0.002141443,-0.9058092,0.0,0.0,0.0,3.627754,-1.071418,-2.99649,-0.2582971,-0.2699186,2.075859,0.07131738,-0.01387066,-0.9973574,0.4029675,0.9150728,0.0160885,0.9124315,-0.40305,0.07085001,moving,-5.427451720022225,-8.000473041639614,-7.092802620119637,-7.408457333815774,1.766889,-1.080087026,0.40034599999999987,-0.0936728209767475,-0.13856931784951126,0.9859128667392365,-4.750810780435165,-8.09438767534134,1.7605339667026265,1.7674490710528044,2.4403741947853073
05/05/2023 11:41:03.203326,4543,True,True,True,True,Eyes,1.889834,0.002928793,-3.396125,0.8331013,-0.5121745,0.2088527,0.0,0.0,0.0,0.0,0.0,0.0,0.0,-3.533846,-0.6914562,-1.435399,1.871264,0.00790152,-3.394828,0.1465695,0.662578,-0.1442152,0.7202152,23.71771,85.04892,359.1548,0.4253647,0.002155144,-0.9050192,0.0,0.0,0.0,3.636732,-1.06829,-2.979734,-0.2572627,-0.2672328,2.075999,0.08038471,-0.01350445,-0.9966726,0.4019594,0.9154387,0.02001552,0.9121223,-0.4022309,0.07901551,moving,-7.782797503221336,-7.5272370537204525,-7.064214118661868,-7.3350577492493905,1.7654679999999998,-1.07619152,0.41509399999999985,-0.134272290454729,-0.12981123211120885,0.9824051816043323,-7.059601690981089,-7.618317153248741,0.7347128506278413,0.7438379968998102,0.2832969545250667
05/05/2023 11:41:03.213128,4544,True,True,True,True,Eyes,1.890277,0.002883123,-3.396054,0.8331752,-0.5119195,0.2091832,0.0,0.0,0.0,0.0,0.0,0.0,0.0,-3.548016,-0.6756356,-1.418112,1.882417,0.007273983,-3.392992,0.1455681,0.6594701,-0.1420095,0.7237005,23.45305,84.50687,359.1537,0.4326234,0.001980205,-0.9015723,0.5772765,-0.0175511,0.190856,3.650138,-1.058146,-2.961718,-0.2561973,-0.2644663,2.076144,0.08986489,-0.01354909,-0.9958618,0.3975403,0.9172865,0.02339335,0.9131736,-0.3979975,0.0878182,moving,-7.333828798367099,-7.732227679334629,-7.03476648367088,-7.259435028082689,1.767721,-1.065419983,0.43127400000000016,-0.12650825310354796,-0.13346259534308666,0.9829463347907177,-6.61641333564872,-7.820747117550056,0.5509759713221442,0.5594382532052127,0.7000647243235959
05/05/2023 11:41:03.233083,4545,True,True,True,True,Eyes,1.891158,0.002812479,-3.395943,0.8332196,-0.5115792,0.2098376,0.0,0.0,0.0,0.0,0.0,0.0,0.0,-3.562704,-0.6531251,-1.402296,1.893425,0.006076694,-3.391278,0.1436478,0.6564725,-0.1386351,0.7274542,23.01764,83.96168,359.1845,0.4387216,0.00183526,-0.8986209,0.5426399,-0.01649803,0.1794046,3.666277,-1.043213,-2.943501,-0.2551027,-0.2616246,2.076293,0.09964845,-0.01309974,-0.9949366,0.390303,0.9202912,0.02697412,0.9152781,-0.3910146,0.09681842,moving,-6.905228225291496,-8.101999920655725,-7.004512068588474,-7.181741023528063,1.772852,-1.049289694,0.44777699999999987,-0.11904449644876003,-0.13993358304844639,0.9829786357144517,-6.188638823592195,-8.18337192891266,0.9205845538000419,0.925599113700116,1.2918643978848263
05/05/2023 11:41:03.243322,4546,True,True,True,True,Eyes,1.892466,0.002710254,-3.39578,0.8333284,-0.5110005,0.2108137,0.0,0.0,0.0,0.0,0.0,0.0,0.0,-3.577954,-0.6362404,-1.382667,1.904647,0.005328398,-3.389781,0.1427824,0.6530927,-0.1364002,0.7310802,22.7639,83.38861,359.196,0.4438737,0.001714037,-0.8960874,0.5100815,-0.01550815,0.1686403,3.678629,-1.033887,-2.924625,-0.2542029,-0.2592871,2.076416,0.10973,-0.01293869,-0.9938773,0.3859392,0.9220163,0.03060684,0.9159752,-0.3869347,0.1061664,moving,-6.466891264495615,-8.27831647796222,-6.979640458480184,-7.1178191474609624,1.773982,-1.039215398,0.46515600000000035,-0.11147016390123449,-0.14308439107010157,0.9834131425532355,-5.756587352535706,-8.357831972394822,1.267126228265725,1.268726050033012,1.7416919090243501
05/05/2023 11:41:03.262904,4547,True,True,True,True,Eyes,1.894173,0.002555358,-3.395607,0.833441,-0.5103269,0.2119964,0.0,0.0,0.0,0.0,0.0,0.0,0.0,-3.592493,-0.6180637,-1.365631,1.916139,0.004416917,-3.388414,0.1405609,0.6500157,-0.1334674,0.7347849,22.33838,82.83015,359.1696,0.4482554,0.001611182,-0.8939038,0.4794766,-0.01457766,0.1585219,3.694398,-1.018782,-2.905823,-0.2531783,-0.2566287,2.076554,0.1193323,-0.01340602,-0.9927638,0.3788731,0.9248582,0.0330523,0.9177227,-0.3800757,0.1154446,moving,-6.046968421119771,-8.628127411752182,-6.951326415893605,-7.04511575539379,1.778259,-1.023198917,0.4825910000000002,-0.10416450543196099,-0.14920461507427052,0.9833044582458802,-5.337810077485748,-8.700977199924726,1.8224534696474504,1.823126239972945,2.311993100723524
05/05/2023 11:41:03.273069,4548,True,True,True,True,Eyes,1.896264,0.002363865,-3.395395,0.8334707,-0.5096711,0.2134522,0.0,0.0,0.0,0.0,0.0,0.0,0.0,-3.606979,-0.600274,-1.347791,1.927224,0.002946511,-3.387177,0.139115,0.6468433,-0.1309526,0.7383038,22.01379,82.28353,359.1722,0.4521863,0.001515893,-0.8919219,0.450708,-0.013703,0.1490106,3.707786,-1.007464,-2.8878,-0.2521348,-0.253917,2.076696,0.1288906,-0.01339443,-0.9915684,0.3733367,0.9269969,0.0360066,0.9186985,-0.3748298,0.1244818,moving,-5.656777681960601,-8.878897311101372,-6.9224856463140725,-6.970937048178645,1.780562,-1.010410511,0.49937699999999996,-0.09739917157159134,-0.15361263335658687,0.9833190936155785,-4.950685696713136,-8.947559893555507,2.289492636410579,2.289613289601537,2.791958616117362
05/05/2023 11:41:03.293331,4549,True,True,True,True,Eyes,1.898737,0.00224254,-3.395149,0.8333033,-0.5092779,0.2150385,0.0,0.0,0.0,0.0,0.0,0.0,0.0,-3.621913,-0.587424,-1.326623,1.938475,0.001869839,-3.386084,0.1397918,0.6432642,-0.129861,0.7414889,21.98587,81.73241,359.2131,0.4557607,0.001425174,-0.890101,0.4236655,-0.01288082,0.14007,3.715921,-1.005298,-2.870651,-0.2510603,-0.2511255,2.076843,0.1386948,-0.01273488,-0.9902533,0.372427,0.9271888,0.04023822,0.9176393,-0.3743778,0.1333391,moving,-5.276824988305096,-8.849291316133288,-6.892785952613998,-6.894558771538343,1.7774459999999999,-1.007167839,0.5154329999999998,-0.09088217369998641,-0.15319931586907856,0.9840072793543562,-4.581098593364438,-8.921273363936773,2.536215247756348,2.536199747470373,3.074324395042745
05/05/2023 11:41:03.313458,4550,True,True,True,True,Eyes,1.901605,0.002296945,-3.394867,0.8330987,-0.5088034,0.2169463,0.0,0.0,0.0,0.0,0.0,0.0,0.0,-3.638087,-0.5759415,-1.301003,1.950032,0.003457393,-3.384872,0.1414128,0.6392207,-0.1290381,0.7448144,22.06265,81.13647,359.2933,0.4590234,0.001340373,-0.8884229,0.3982456,-0.01210797,0.1316658,3.721838,-1.004173,-2.852395,-0.250069,-0.2485525,2.076977,0.1494921,-0.01143087,-0.9886969,0.3730068,0.9267032,0.04568496,0.9157063,-0.3756202,0.1427986,moving,-4.8823644380810975,-8.707128201153157,-6.865391669884379,-6.824151498244177,1.771806,-1.007630393,0.5324770000000001,-0.08413634053404584,-0.1508470324697303,0.9849701974544993,-4.200402734986998,-8.785566737080009,2.733539575752116,2.734592888488405,3.308975031979374
05/05/2023 11:41:03.333016,4551,True,True,True,True,Eyes,1.904837,0.002293008,-3.394543,0.8332108,-0.5077348,0.2190098,0.0,0.0,0.0,0.0,0.0,0.0,0.0,-3.653561,-0.5715714,-1.2751,1.962336,0.00771689,-3.383824,0.1405737,0.6353945,-0.1279291,0.7484298,21.90014,80.50696,359.2063,0.4620148,0.001265422,-0.8868711,0.3743508,-0.01138149,0.1237658,3.732359,-0.9919384,-2.831918,-0.2490389,-0.2458777,2.077117,0.1598162,-0.01285243,-0.9870631,0.3701313,0.9277464,0.04784823,0.9151292,-0.3729899,0.153026,moving,-4.43865690875419,-8.778764993287972,-6.836923102140534,-6.7509440114340356,1.7700230000000001,-0.99965529,0.5519060000000002,-0.07649041141205193,-0.1521724528540359,0.9853897292026751,-3.7659373901258615,-8.858210632072428,3.1380471449675085,3.1406589545486923,3.7244497383982798
05/05/2023 11:41:03.343772,4552,True,True,True,True,Eyes,1.90833,0.00228851,-3.394194,0.8330359,-0.507041,0.2212702,0.0,0.0,0.0,0.0,0.0,0.0,0.0,-3.664408,-0.5468494,-1.270564,1.974222,0.006194379,-3.38285,0.1341943,0.6337199,-0.1223698,0.7519419,20.91049,80.08903,359.1445,0.4647699,0.001197841,-0.8854305,0.3518898,-0.0106986,0.1163399,3.758166,-0.9589834,-2.815689,-0.2480442,-0.2432964,2.077252,0.1668495,-0.0139467,-0.9858837,0.3541131,0.9340351,0.04671634,0.9201983,-0.3569089,0.160782,moving,-4.193567078706299,-9.712653190068561,-6.809433909698249,-6.680284249798301,1.7839440000000002,-0.965177779,0.567161,-0.07208353020121633,-0.16826817378636216,0.9831020670012767,-3.501847876598246,-9.768494442791209,4.003424727484929,4.00474976339342,4.525170445680859
05/05/2023 11:41:03.363055,4553,True,True,True,True,Eyes,1.912175,0.002433115,-3.393798,0.8326794,-0.506537,0.2237528,0.0,0.0,0.0,0.0,0.0,0.0,0.0,-3.67946,-0.5417493,-1.241783,1.983993,0.006234311,-3.381962,0.1389508,0.6293997,-0.1238475,0.7544605,21.44235,79.53284,359.2635,0.467319,0.001136866,-0.8840877,0.3307764,-0.01005669,0.1093595,3.754661,-0.9741392,-2.800538,-0.2469969,-0.2405758,2.077395,0.1770356,-0.01196497,-0.9841318,0.3617873,0.9307089,0.05376659,0.915297,-0.365565,0.1690974,moving,-3.8748898137302823,-9.120340731030378,-6.780488754592702,-6.605796925420022,1.7706680000000001,-0.980373511,0.5814240000000002,-0.06672752401928178,-0.15815532580535951,0.9851570237880132,-3.207159979866216,-9.194297039486976,3.8386389268846215,3.8425819126564145,4.412370266966829
05/05/2023 11:41:03.382890,4554,True,True,True,True,Eyes,1.916331,0.002668466,-3.393352,0.8324881,-0.5056205,0.2265206,0.0,0.0,0.0,0.0,0.0,0.0,0.0,-3.692011,-0.5522022,-1.215131,1.996265,0.01001271,-3.38042,0.1406215,0.6255281,-0.1256896,0.7570617,21.72568,78.96072,359.1128,0.4696904,0.001085673,-0.8828303,0.3109298,-0.009453287,0.1027979,3.757718,-0.9763778,-2.782481,-0.2459353,-0.2378191,2.07754,0.1858336,-0.01438416,-0.9824759,0.366235,0.9288554,0.05567358,0.9117772,-0.3701631,0.1778806,moving,-3.513715153092217,-8.767823066142915,-6.751148743245708,-6.530308480435781,1.7614530000000002,-0.98639051,0.5979389999999998,-0.060573915867316586,-0.15215093138756744,0.9864993683123244,-2.864581572153783,-8.853698014257807,3.9282148308889933,3.935409479572144,4.528083844330096
05/05/2023 11:41:03.398391,4555,True,True,True,True,Eyes,1.920744,0.002978487,-3.392873,0.8321542,-0.5048584,0.2294284,0.0,0.0,0.0,0.0,0.0,0.0,0.0,-3.702251,-0.550423,-1.199303,2.007795,0.01236143,-3.37884,0.134971,0.6230675,-0.1231834,0.7605233,21.02654,78.43443,358.8229,0.4719084,0.001045608,-0.8816467,0.292274,-0.00888609,0.09663004,3.776783,-0.9479344,-2.761932,-0.2449391,-0.2352317,2.077675,0.1932255,-0.01917557,-0.980967,0.3555597,0.9332174,0.05179407,0.9144623,-0.3588003,0.1871395,moving,-3.171835276467849,-9.417253294825233,-6.7236201385019045,-6.4594483225711326,1.7689879999999998,-0.96029583,0.616908,-0.054587239505152374,-0.16337907764026363,0.985052038030166,-2.5138063502726715,-9.487850559657867,4.615144221698489,4.622097571456639,5.185918649685599
05/05/2023 11:41:03.413233,4556,True,True,True,True,Eyes,1.925443,0.003364101,-3.392332,0.831796,-0.5040389,0.2325086,0.0,0.0,0.0,0.0,0.0,0.0,0.0,-3.711926,-0.5654624,-1.175427,2.018323,0.01452538,-3.377267,0.1355281,0.6197423,-0.1254136,0.7627733,21.23553,77.91773,358.5652,0.4739943,0.001017465,-0.880527,0.2747376,-0.008352925,0.09083223,3.779736,-0.9490348,-2.744928,-0.2438935,-0.2325175,2.077817,0.2003818,-0.02333931,-0.9794399,0.3593092,0.9318071,0.05130615,0.9114516,-0.3622026,0.1951032,moving,-2.861476281895701,-9.152293762974073,-6.694725951512134,-6.385102941056876,1.7614130000000001,-0.96356018,0.632339,-0.04928743162490645,-0.15886590113164076,0.9860691770583956,-2.2184040413381716,-9.232107237569044,4.717978008394274,4.727700082970288,5.304987399406546
05/05/2023 11:41:03.423099,4557,True,True,True,True,Eyes,1.930367,0.003789757,-3.391753,0.8316455,-0.502751,0.2358117,0.0,0.0,0.0,0.0,0.0,0.0,0.0,-3.719785,-0.5752282,-1.159908,2.029831,0.01673095,-3.375289,0.1338407,0.6172241,-0.1258826,0.7650325,21.11129,77.47927,358.3176,0.4759673,0.001001986,-0.8794621,0.2582533,-0.00785175,0.0853823,3.7899,-0.939295,-2.728878,-0.242827,-0.2297476,2.077962,0.206376,-0.02738919,-0.9780894,0.3578281,0.9324805,0.04938942,0.9106964,-0.3601806,0.2022423,moving,-2.626818106329464,-9.191600107250961,-6.665254243258403,-6.309219823142911,1.7600689999999997,-0.95602595,0.6464110000000001,-0.04524329865352111,-0.1595728926579511,0.9861488221277062,-1.9885953752122694,-9.27190781555982,4.95064513796882,4.961560493863633,5.536123039500285
05/05/2023 11:41:03.453376,4558,True,True,True,True,Eyes,1.935501,0.004216168,-3.391098,0.8313032,-0.5016919,0.2392495,0.0,0.0,0.0,0.0,0.0,0.0,0.0,-3.72744,-0.5830604,-1.143051,2.040014,0.01812308,-3.373182,0.1318821,0.6146559,-0.1261634,0.7673904,20.94701,77.02985,358.0666,0.4778441,0.0009989163,-0.8784438,0.2427581,-0.007380645,0.08025936,3.799007,-0.929275,-2.712135,-0.2418572,-0.2272294,2.078094,0.2125619,-0.03150897,-0.9766394,0.3557574,0.9333798,0.04731591,0.9100846,-0.3575042,0.2096105,moving,-2.389624439596474,-9.284867068584537,-6.638454775472976,-6.240221552477835,1.7589929999999998,-0.9473980799999999,0.6610469999999999,-0.04114938821595743,-0.16120651859193877,0.9860625144071848,-1.7548606512020029,-9.3642280382255,5.214989215754863,5.227085759944357,5.797319043627618
05/05/2023 11:41:03.463162,4559,True,True,True,True,Eyes,1.940842,0.004632435,-3.390349,0.8309391,-0.500563,0.2428516,0.0,0.0,0.0,0.0,0.0,0.0,0.0,-3.735321,-0.5961862,-1.121466,2.050169,0.01862893,-3.370787,0.1334109,0.6114758,-0.1286614,0.7692497,21.25991,76.56072,357.8606,0.4796387,0.001007024,-0.8774652,0.2281927,-0.006937806,0.0754438,3.80008,-0.9356949,-2.696574,-0.2408312,-0.2245654,2.078233,0.2190871,-0.03479054,-0.9750848,0.3611006,0.9312956,0.04790578,0.9064254,-0.3625992,0.2165977,moving,-2.1658215557974354,-8.89320869372621,-6.610104853514047,-6.167220041576447,1.749911,-0.95432383,0.674213,-0.03733802834770017,-0.15448548300733103,0.9872892745692459,-1.5472498215233237,-8.984634744465136,5.19907180178555,5.2137000452665205,5.79399056635469
05/05/2023 11:41:03.483010,4560,True,True,True,True,Eyes,1.94637,0.005042004,-3.389509,0.8304716,-0.4994956,0.2466194,0.0,0.0,0.0,0.0,0.0,0.0,0.0,-3.744315,-0.5970281,-1.101452,2.06051,0.0188086,-3.368007,0.1333444,0.6083274,-0.1289357,0.7717078,21.26462,76.072,357.7389,0.4813643,0.001024917,-0.8765198,0.2145011,-0.006521537,0.07091717,3.80598,-0.9326866,-2.679292,-0.2397636,-0.2217943,2.078379,0.2266268,-0.03676723,-0.9732876,0.3612354,0.9311897,0.04893556,0.9045162,-0.3626759,0.2243141,moving,-1.94030219511805,-8.809329245577555,-6.580601754563266,-6.091268599537992,1.74547,-0.9514952,0.6887150000000002,-0.033459230701199716,-0.15306099883983804,0.9876501768325233,-1.3296701005646683,-8.904516882607323,5.361586935227575,5.377753590202555,5.957067159026914
05/05/2023 11:41:03.493665,4561,True,True,True,True,Eyes,1.952092,0.005483258,-3.388554,0.8299823,-0.4983417,0.250569,0.0,0.0,0.0,0.0,0.0,0.0,0.0,-3.754103,-0.5950509,-1.078579,2.07047,0.01906937,-3.36504,0.1336604,0.6048573,-0.1290439,0.7743581,21.2912,75.54609,357.6527,0.4830327,0.001051437,-0.8756015,0.201631,-0.006130245,0.06666214,3.810485,-0.9305767,-2.660918,-0.2387499,-0.2191598,2.078518,0.2349908,-0.03816137,-0.9712482,0.3615432,0.9309651,0.05089578,0.9022561,-0.3631082,0.2325652,moving,-1.6990400229376823,-8.695103568073291,-6.552587613023347,-6.019050542729525,1.740015,-0.94964607,0.7041219999999999,-0.029309022232950344,-0.15111139036099053,0.9880820922130391,-1.0975619178355802,-8.794977015108062,5.524435045666399,5.542398758992165,6.120708546827786
05/05/2023 11:41:03.513233,4562,True,True,True,True,Eyes,1.958015,0.005933042,-3.387493,0.829587,-0.496892,0.254723,0.0,0.0,0.0,0.0,0.0,0.0,0.0,-3.764732,-0.5903305,-1.053555,2.080891,0.02025472,-3.36172,0.1334808,0.6011124,-0.1285175,0.7773866,21.22549,74.97251,357.5811,0.4846545,0.001086524,-0.8747048,0.1895332,-0.00576243,0.06266242,3.816207,-0.9245605,-2.640477,-0.2377161,-0.2164766,2.078658,0.244294,-0.03934167,-0.9689028,0.3602895,0.9313322,0.05302534,0.9002843,-0.3620393,0.2416933,moving,-1.4252533032218744,-8.651192621556714,-6.524024079776761,-5.945492154091148,1.735316,-0.94481522,0.7212429999999999,-0.024589977036889088,-0.15037323828479182,0.9883234689103919,-0.8318529809530133,-8.754067958542098,5.752350880045373,5.77219875363743,6.347354556634729
05/05/2023 11:41:03.533190,4563,True,True,True,True,Eyes,1.964069,0.006354983,-3.386276,0.829126,-0.495459,0.2589799,0.0,0.0,0.0,0.0,0.0,0.0,0.0,-3.774587,-0.5769589,-1.035516,2.091574,0.02084344,-3.358208,0.1297938,0.598079,-0.1254165,0.7808494,20.65358,74.44617,357.5127,0.486239,0.00112952,-0.8738249,0.1781612,-0.005416684,0.05890267,3.830577,-0.9025906,-2.619123,-0.236663,-0.2137425,2.078801,0.2531444,-0.04060893,-0.9665758,0.3511167,0.9348485,0.05268084,0.9014626,-0.3527168,0.2509102,moving,-1.178934924539105,-9.116856017780469,-6.494926704925594,-5.870527364616919,1.7390029999999999,-0.9234340400000001,0.7390849999999998,-0.02031503632055426,-0.1584158619087403,0.987163536176259,-0.5791860270817657,-9.208784558394871,6.208366502198574,6.22883763903727,6.7926393146777935
05/05/2023 11:41:03.542911,4564,True,True,True,True,Eyes,1.970264,0.006773305,-3.384952,0.8284639,-0.4942654,0.2633426,0.0,0.0,0.0,0.0,0.0,0.0,0.0,-3.784202,-0.5656559,-1.013862,2.10105,0.02052561,-3.354585,0.1294145,0.5946422,-0.1240674,0.7837473,20.51227,73.92719,357.5177,0.4877942,0.00117892,-0.8729575,0.1674715,-0.005091683,0.05536851,3.836781,-0.8959204,-2.59997,-0.2356445,-0.2110977,2.078939,0.2620158,-0.04056427,-0.9642106,0.3483856,0.9357184,0.05530512,0.8999861,-0.3504079,0.259305,moving,-0.9749227424869119,-9.167810168002987,-6.466786873176568,-5.79800257227899,1.7357310000000004,-0.9164460099999999,0.7546150000000003,-0.016797504755307557,-0.15930409546934354,0.9870866695563365,-0.37893770972423413,-9.259715040782272,6.421609995513487,6.443304653836787,7.003239297035221
05/05/2023 11:41:03.563311,4565,True,True,True,True,Eyes,1.97658,0.007180681,-3.383481,0.8277025,-0.4931313,0.2678248,0.0,0.0,0.0,0.0,0.0,0.0,0.0,-3.794373,-0.5566548,-0.9876698,2.110607,0.02088637,-3.35075,0.1323729,0.5906137,-0.1243119,0.7862567,20.79337,73.3856,357.6017,0.4893267,0.001233974,-0.8720995,0.1574232,-0.004786183,0.0520464,3.836096,-0.9027011,-2.582155,-0.2346221,-0.2084428,2.079078,0.2714441,-0.03911958,-0.9616588,0.3518446,0.9340479,0.06131756,0.8958367,-0.3549988,0.2673058,moving,-0.7879456008570709,-8.799512217866003,-6.438538447686254,-5.725190459347327,1.725489,-0.9235874700000001,0.7685949999999999,-0.01358997869807499,-0.15296329830244626,0.9881384381210979,-0.2065956718813079,-8.902606864357507,6.409465533149776,6.432779632129371,6.9952187794046345
05/05/2023 11:41:03.583149,4566,True,True,True,True,Eyes,1.982982,0.007546279,-3.381892,0.826691,-0.4923106,0.2724192,0.0,0.0,0.0,0.0,0.0,0.0,0.0,-3.803802,-0.5460465,-0.9630241,2.120049,0.02101976,-3.346557,0.1341965,0.5867611,-0.1239144,0.7888904,20.92521,72.85136,357.6667,0.4908423,0.001293831,-0.8712473,0.1479778,-0.004499012,0.04892362,3.837577,-0.904752,-2.563543,-0.2336032,-0.2057971,2.079217,0.2807134,-0.03802712,-0.959038,0.3529923,0.933273,0.0663164,0.8925224,-0.3571489,0.2754054,moving,-0.6070702619200395,-8.602995263341006,-6.41038590127447,-5.65262058661762,1.7175280000000002,-0.9257717599999999,0.7830139999999997,-0.010475978582607903,-0.1495788209125142,0.9886942839367276,-0.03557173365438415,-8.712598427872098,6.485717581017452,6.510236796233017,7.071189437475012
05/05/2023 11:41:03.593382,4567,True,True,True,True,Eyes,1.989478,0.007924955,-3.380174,0.8254128,-0.4917837,0.2772048,0.0,0.0,0.0,0.0,0.0,0.0,0.0,-3.813228,-0.5401339,-0.9321284,2.12851,0.02043494,-3.342205,0.1379428,0.5822931,-0.1251684,0.7913531,21.35173,72.25814,357.695,0.492346,0.001356962,-0.8703983,0.1390992,-0.004229071,0.0459882,3.832612,-0.9169333,-2.544431,-0.2325624,-0.2030942,2.079359,0.2905353,-0.0374586,-0.9561309,0.358751,0.9306093,0.07255339,0.8870665,-0.3640922,0.2838131,moving,-0.39419860069470475,-8.130716133882443,-6.381628890174984,-5.578472998274244,1.7041020000000002,-0.93736824,0.797774,-0.006810854432537317,-0.14142868058671493,0.9899250172118943,0.15921014328324254,-8.254489919544397,6.482591426614779,6.508706975632339,7.0670815634556625
05/05/2023 11:41:03.613123,4568,True,True,True,True,Eyes,2.15441,0.01723643,-3.333983,0.7840314,-0.4759511,0.3984536,0.0,0.0,0.0,0.0,0.0,0.0,0.0,-3.822542,-0.5407524,-0.8964344,2.137356,0.02119426,-3.337529,0.1423022,0.5773568,-0.1274872,0.793824,21.90921,71.60215,357.6473,0.4938416,0.001423344,-0.8695505,0.1307532,-0.003975327,0.04322891,3.824892,-0.9317414,-2.523747,-0.2315447,-0.2004508,2.079498,0.3008124,-0.03808654,-0.9529225,0.3667231,0.9269941,0.07871456,0.8803557,-0.373137,0.2928186,moving,-7.277369332247618,-7.082349725166117,-6.35351034207594,-5.50594898059836,1.6875360000000001,-0.9529356600000001,0.8137819999999998,-0.12572163456454222,-0.12231749175049426,0.984496043132941,-6.578891890846688,-7.188800509733225,1.804664497558925,1.827171240249477,1.6978769424307094
05/05/2023 11:41:03.633123,4569,True,True,True,True,Eyes,2.154753,0.01722848,-3.333814,0.7837364,-0.4761569,0.398788,0.0,0.0,0.0,0.0,0.0,0.0,0.0,-3.83096,-0.5344703,-0.8671708,2.146353,0.02142638,-3.332657,0.1429529,0.5731359,-0.1273536,0.7967817,21.94932,70.98756,357.585,0.500223,0.001777927,-0.8658944,0.6177033,0.02419762,0.179206,3.825902,-0.9301468,-2.501539,-0.2304993,-0.1977371,2.07964,0.3105928,-0.03908315,-0.9497393,0.3668088,0.9266911,0.08182263,0.876917,-0.3737862,0.3021596,moving,-6.752336973001324,-7.005962921240288,-6.324629534078183,-5.431489704998686,1.6795490000000002,-0.95157318,0.831118,-0.11671200600610304,-0.12113905471505329,0.985750295015601,-6.069139276267482,-7.117959078191276,1.6161565019222126,1.6315328871868828,1.7057122320464213
05/05/2023 11:41:03.643328,4570,True,True,True,True,Eyes,2.155435,0.01724837,-3.33344,0.7832096,-0.476509,0.399402,0.0,0.0,0.0,0.0,0.0,0.0,0.0,-3.839352,-0.5258982,-0.83605,2.154632,0.02126525,-3.327654,0.1453766,0.5686398,-0.1277404,0.7994979,22.19334,70.3718,357.5908,0.5054849,0.002076159,-0.8628325,0.5806411,0.02274576,0.1684536,3.822736,-0.9358903,-2.48061,-0.2294844,-0.1951005,2.079777,0.3206624,-0.03892251,-0.9463935,0.3695902,0.925096,0.08718005,0.8721116,-0.3777331,0.311029,moving,-6.2600678718740035,-6.731664499092976,-6.296594596026207,-5.359140505848588,1.668104,-0.95715555,0.8470439999999999,-0.10829866637238617,-0.11653016001290373,0.9872650013479103,-5.596659264066143,-6.85433549067601,1.3653753876979229,1.373009946653269,1.6509141442180206
05/05/2023 11:41:03.663267,4571,True,True,True,True,Eyes,2.156428,0.01727168,-3.33284,0.7826675,-0.4767024,0.400233,0.0,0.0,0.0,0.0,0.0,0.0,0.0,-3.847272,-0.5174994,-0.8065025,2.163456,0.02198207,-3.322459,0.147891,0.5642565,-0.1280274,0.8020921,22.44058,69.77789,357.6138,0.5098451,0.002328337,-0.8602627,0.5458027,0.02138101,0.1583464,3.820268,-0.9408495,-2.460373,-0.2284393,-0.1923877,2.079919,0.3304473,-0.03848259,-0.9430395,0.3722765,0.9234745,0.09276391,0.8673031,-0.381725,0.3194858,moving,-5.802146624896691,-6.447613899594278,-6.267723368949654,-5.284689783213855,1.656812,-0.96283157,0.8620859999999997,-0.10046062441648473,-0.11172664152967565,0.9886480003142468,-5.157925043215478,-6.58099541208579,1.2505128262067835,1.2526588542225474,1.70647607872113
05/05/2023 11:41:03.683039,4572,True,True,True,True,Eyes,2.157702,0.01727992,-3.332039,0.7819548,-0.4769852,0.4012877,0.0,0.0,0.0,0.0,0.0,0.0,0.0,-3.854495,-0.5005849,-0.7826961,2.172046,0.02204483,-3.316935,0.148566,0.5604307,-0.1263878,0.8049049,22.38486,69.24356,357.7105,0.5134801,0.002542378,-0.8580973,0.5130545,0.02009815,0.1488456,3.823009,-0.9370395,-2.440091,-0.2274377,-0.1897872,2.080056,0.3398873,-0.03693841,-0.9397405,0.3699821,0.9239087,0.09749981,0.8646328,-0.3808261,0.3276913,moving,-5.411426158926699,-6.473986687742716,-6.240051834177228,-5.213311597007532,1.650963,-0.95908433,0.8768440000000002,-0.09371076814948154,-0.1122559334069422,0.989250678938933,-4.776332502331668,-6.609246762899384,1.5080350569708665,1.5086159862882798,2.0226490723286443
05/05/2023 11:41:03.697582,4573,True,True,True,True,Eyes,2.159259,0.01727278,-3.331039,0.7812033,-0.4771439,0.4025607,0.0,0.0,0.0,0.0,0.0,0.0,0.0,-3.861901,-0.4797643,-0.7575153,2.18003,0.02169513,-3.311387,0.1509638,0.5563388,-0.1250321,0.8075048,22.5152,68.71129,357.8936,0.5165334,0.002724385,-0.8562623,0.4822712,0.01889226,0.1399148,3.822161,-0.9399024,-2.421321,-0.2264014,-0.1870956,2.080198,0.3497081,-0.03395396,-0.9362431,0.3699021,0.9231539,0.1046876,0.8607419,-0.3829284,0.3353941,moving,-5.050203695560815,-6.3030057817152,-6.211421640131915,-5.1394252312598026,1.642131,-0.96159753,0.890066,-0.08750056618432439,-0.10936536644729414,0.9901428593702333,-4.428814493061589,-6.445280462429129,1.643901460965067,1.6438816296169307,2.2097389270134387
05/05/2023 11:41:03.713558,4574,True,True,True,True,Eyes,2.161075,0.01725427,-3.329844,0.7803371,-0.4773215,0.4040275,0.0,0.0,0.0,0.0,0.0,0.0,0.0,-3.868992,-0.4554638,-0.7343848,2.188276,0.0212945,-3.305581,0.1532781,0.5523617,-0.1231286,0.8100876,22.60403,68.20238,358.1278,0.5192983,0.002887211,-0.8545878,0.453335,0.01775873,0.1315199,3.822506,-0.9415957,-2.402966,-0.2253391,-0.1843364,2.080342,0.359472,-0.03016014,-0.9326684,0.3688198,0.9226903,0.1123142,0.8571767,-0.3843604,0.342805,moving,-4.726158290758555,-6.176972427167517,-6.182078568472293,-5.063679670456997,1.63423,-0.9628902,0.902615,-0.08191838065305473,-0.10723815369565945,0.9908528559064849,-4.116325902644562,-6.3248008839663825,1.8324298594736146,1.8327914821938027,2.420281138946003
05/05/2023 11:41:03.732977,4575,True,True,True,True,Eyes,2.163138,0.01720637,-3.328445,0.7797439,-0.476968,0.4055873,0.0,0.0,0.0,0.0,0.0,0.0,0.0,-3.875878,-0.4275425,-0.7122847,2.196302,0.02098341,-3.299756,0.1551237,0.5484732,-0.1205195,0.8127662,22.60414,67.70535,358.4019,0.5218288,0.003033273,-0.8530445,0.4261349,0.0166932,0.1236287,3.824097,-0.9404617,-2.384553,-0.2242742,-0.1815723,2.080487,0.3693044,-0.02574581,-0.9289518,0.3660707,0.9228234,0.1199553,0.85417,-0.384362,0.3502274,moving,-4.413977979401058,-6.1064193652433225,-6.1526625884354464,-4.987790539340287,1.6277949999999999,-0.96144511,0.915203,-0.07652815493803217,-0.10606352514018787,0.9914101324220552,-3.8139082567449654,-6.258224073818395,2.0664207339170813,2.067451237595283,2.661535870419095
05/05/2023 11:41:03.743351,4576,True,True,True,True,Eyes,2.165431,0.01711168,-3.326851,0.7790332,-0.4766561,0.4073159,0.0,0.0,0.0,0.0,0.0,0.0,0.0,-3.88224,-0.3974901,-0.6919183,2.204334,0.02014642,-3.293788,0.1572287,0.5446834,-0.1177578,0.8153113,22.62275,67.23372,358.7126,0.5241556,0.003163505,-0.8516161,0.4005668,0.01569161,0.116211,3.825571,-0.9408017,-2.366927,-0.2233082,-0.1790638,2.080619,0.3789063,-0.02073874,-0.9252027,0.3632981,0.9228245,0.1280992,0.8511431,-0.384662,0.3571984,moving,-4.139227182059932,-6.023853280335059,-6.125977912846227,-4.918911978168087,1.6212370000000003,-0.96094812,0.9268610000000002,-0.07178381987001964,-0.10467176302106393,0.9919127542244786,-3.5483013996876767,-6.1797105695225225,2.2715185322981784,2.2733397782809157,2.8694998334989585
05/05/2023 11:41:03.763146,4577,True,True,True,True,Eyes,2.167936,0.01698721,-3.325049,0.7783963,-0.4761489,0.4091228,0.0,0.0,0.0,0.0,0.0,0.0,0.0,-3.887627,-0.3701873,-0.6720454,2.212153,0.01891165,-3.287605,0.1590037,0.540997,-0.1152743,0.8177727,22.63032,66.7683,358.976,0.5263063,0.003278324,-0.8502883,0.3765328,0.01475012,0.1092384,3.827095,-0.9408905,-2.349078,-0.2222969,-0.1764381,2.080756,0.3880684,-0.01649518,-0.921483,0.3605773,0.9228594,0.1353318,0.8481669,-0.3847839,0.3640803,moving,-3.8667233800831795,-5.947232968031938,-6.098046106242405,-4.846812134670842,1.614942,-0.9598021499999999,0.9385270000000001,-0.06707451906261452,-0.10337916920969616,0.9923778496977713,-3.2847246984669045,-6.106967307507492,2.485262611234761,2.4879162202071368,3.08265606305259
05/05/2023 11:41:03.783060,4578,True,True,True,True,Eyes,2.170647,0.01681853,-3.323053,0.7776496,-0.4756681,0.4110971,0.0,0.0,0.0,0.0,0.0,0.0,0.0,-3.89226,-0.3493682,-0.6508013,2.219859,0.01804081,-3.281339,0.1609443,0.5372565,-0.1137221,0.8200731,22.71627,66.29073,359.1562,0.5283049,0.003378524,-0.8490476,0.3539408,0.01386511,0.1026841,3.827081,-0.9427578,-2.331093,-0.2212505,-0.1737214,2.080898,0.3968457,-0.0135841,-0.9177848,0.3594575,0.9223285,0.1417763,0.8445731,-0.3861679,0.370905,moving,-3.586168633649895,-5.802652776674977,-6.069144948024238,-4.772206720720755,1.6072220000000002,-0.96079861,0.9502459999999999,-0.06223032911311249,-0.10090639792399725,0.9929477087755718,-3.0151315225882156,-5.96815354275557,2.6845255919796656,2.688306242223086,3.2798303010794085
05/05/2023 11:41:03.794500,4579,True,True,True,True,Eyes,2.173532,0.01659423,-3.320833,0.7769614,-0.4749674,0.4132033,0.0,0.0,0.0,0.0,0.0,0.0,0.0,-3.895773,-0.3318459,-0.6315932,2.227535,0.01680231,-3.274734,0.1618744,0.5338239,-0.1121828,0.8223405,22.70606,65.83372,359.2745,0.5301731,0.003464478,-0.8478819,0.3327043,0.0130332,0.09652302,3.828747,-0.9417068,-2.312517,-0.2202278,-0.1710643,2.081037,0.4048942,-0.01168011,-0.9142889,0.3573298,0.9224234,0.14646,0.8416508,-0.3860035,0.3776576,moving,-3.321729640280938,-5.747143360640765,-6.040898567464097,-4.699231926395702,1.6012119999999999,-0.9585091099999999,0.9622169999999999,-0.05765237061939055,-0.09997189694413089,0.9933185990743185,-2.758847542609747,-5.915897369007295,2.9095572508581533,2.914103297513655,3.5003048051552246
05/05/2023 11:41:03.813579,4580,True,True,True,True,Eyes,2.176586,0.01631671,-3.318421,0.7761417,-0.4743596,0.415436,0.0,0.0,0.0,0.0,0.0,0.0,0.0,-3.897692,-0.3145821,-0.6144961,2.234592,0.0150531,-3.267253,0.1626339,0.5306308,-0.1106243,0.8244657,22.67934,65.4089,359.3905,0.5319298,0.003536204,-0.8467807,0.3127421,0.01225121,0.09073164,3.830507,-0.9406025,-2.293868,-0.2191979,-0.1683895,2.081177,0.4123866,-0.009814772,-0.9109561,0.355009,0.9226249,0.1507709,0.838991,-0.3855734,0.3839625,moving,-3.094651511960757,-5.717693848119952,-6.012454100527768,-4.625765266535802,1.5959149999999998,-0.9556556,0.9733850000000004,-0.05371779222004652,-0.0994831901313141,0.9935882106624204,-2.538281242702461,-5.888749314310666,3.110369592543673,3.115426130263519,3.6966208557253806
05/05/2023 11:41:03.823248,4581,True,True,True,True,Eyes,2.179793,0.01599521,-3.315765,0.7752914,-0.4737139,0.4177541,0.0,0.0,0.0,0.0,0.0,0.0,0.0,-3.899857,-0.3011384,-0.5964737,2.241787,0.01347023,-3.2603,0.164111,0.527347,-0.1098868,0.8263763,22.77615,64.98073,359.47,0.5335914,0.003593792,-0.8457344,0.2939776,0.01151614,0.08528773,3.830553,-0.9429631,-2.276469,-0.2180663,-0.1654513,2.081331,0.4196603,-0.008528748,-0.9076413,0.3547025,0.9219849,0.155338,0.8355067,-0.3871318,0.3899456,moving,-2.866378175403873,-5.5656617867510905,-5.981201297952834,-4.5450573694116105,1.5887660000000001,-0.9564333300000001,0.9838309999999999,-0.04977171208594389,-0.09686622962492127,0.9940522180792447,-2.319853827169971,-5.742338295824785,3.2718627889978436,3.27776699316143,3.852135371266288
05/05/2023 11:41:03.843311,4582,True,True,True,True,Eyes,2.183145,0.01563575,-3.312919,0.774339,-0.4731269,0.4201786,0.0,0.0,0.0,0.0,0.0,0.0,0.0,-3.901193,-0.2902518,-0.579587,2.249004,0.01223478,-3.252892,0.1646836,0.5242716,-0.1090273,0.8283308,22.77696,64.56209,359.5064,0.5351731,0.003637557,-0.8447343,0.2763389,0.01082517,0.08017047,3.832087,-0.9418504,-2.258073,-0.2169934,-0.1626661,2.081478,0.4265047,-0.00794347,-0.9044506,0.3532992,0.9219847,0.1585051,0.8326305,-0.3871449,0.3960371,moving,-2.6495452071228422,-5.5171601037969005,-5.951567851948835,-4.468544304407556,1.5830830000000002,-0.95408518,0.9948190000000001,-0.04601311437598854,-0.09604203784178189,0.9943131934130164,-2.10978822086124,-5.696584839039712,3.4581580437431634,3.4645271887622124,4.033280834325719
05/05/2023 11:41:03.863126,4583,True,True,True,True,Eyes,2.18665,0.01524584,-3.309888,0.7733446,-0.472557,0.422644,0.0,0.0,0.0,0.0,0.0,0.0,0.0,-3.901726,-0.2839908,-0.5643139,2.255853,0.01097108,-3.245547,0.1653432,0.5214638,-0.1087976,0.8300002,22.82625,64.17735,359.4926,0.5366878,0.003667937,-0.8437726,0.2597586,0.01017566,0.07536024,3.832743,-0.9426502,-2.240804,-0.2161306,-0.1604258,2.081594,0.4324772,-0.008163081,-0.9016079,0.3530451,0.9216494,0.1610017,0.8296521,-0.3879378,0.4014742,moving,-2.461020878914195,-5.425215750430228,-5.927744334622721,-4.407001316115686,1.5768899999999997,-0.95362128,1.0047430000000004,-0.042747711292202284,-0.09446002099612301,0.9946104146583477,-1.9284893333688662,-5.608374620693016,3.6062214669216175,3.6131609641152367,4.1758039204451425
05/05/2023 11:41:03.883090,4584,True,True,True,True,Eyes,2.190278,0.01479715,-3.30667,0.7723345,-0.4719693,0.4251404,0.0,0.0,0.0,0.0,0.0,0.0,0.0,-3.901114,-0.2805572,-0.5536343,2.262845,0.009828713,-3.2378,0.165724,0.5191805,-0.1086811,0.8313698,22.85535,63.86014,359.4636,0.5381474,0.00368551,-0.8428425,0.244173,0.009565119,0.07083862,3.835251,-0.9421951,-2.224907,-0.2150843,-0.1577087,2.081737,0.43728,-0.008627109,-0.8992841,0.3527897,0.9214479,0.1627056,0.8272398,-0.3884061,0.4059743,moving,-2.33264325267425,-5.355062852716226,-5.898848289949293,-4.332350968755999,1.572406,-0.9520238129999999,1.012893,-0.04052370969742142,-0.09325080083867907,0.9948176098361974,-1.805235239723535,-5.540968285705592,3.7028731223297644,3.709953903417045,4.268304537378872
05/05/2023 11:41:03.893537,4585,True,True,True,True,Eyes,2.194016,0.01431871,-3.303278,0.7713233,-0.4713844,0.4276179,0.0,0.0,0.0,0.0,0.0,0.0,0.0,-3.899547,-0.2758566,-0.5489348,2.269422,0.007960204,-3.230101,0.1654421,0.5175899,-0.1080571,0.8324983,22.78779,63.63262,359.4623,0.5395616,0.003690077,-0.8419378,0.2295227,0.008991212,0.0665883,3.840328,-0.9394301,-2.210905,-0.2140394,-0.1549952,2.081879,0.4408488,-0.008652436,-0.8975397,0.3511771,0.9219052,0.163602,0.826031,-0.3873191,0.4094593,moving,-2.284645556429628,-5.383149262714131,-5.869994130331234,-4.257796707710494,1.570906,-0.947390304,1.019196,-0.03968848170849981,-0.09374159440769292,0.9948051527732646,-1.7576891569793878,-5.568614214686348,3.7511620226525877,3.757810901233788,4.3161666708375295
05/05/2023 11:41:03.913296,4586,True,True,True,True,Eyes,2.197873,0.01385921,-3.299679,0.7703217,-0.4707798,0.4300821,0.0,0.0,0.0,0.0,0.0,0.0,0.0,-3.896927,-0.275596,-0.5462098,2.275563,0.006747101,-3.222128,0.1665129,0.5162178,-0.1084729,0.8330823,22.91899,63.45747,359.4513,0.5409389,0.003682191,-0.8410537,0.2157513,0.008451739,0.06259301,3.84293,-0.9424422,-2.199499,-0.2130002,-0.152298,2.08202,0.4435055,-0.0088199,-0.8962282,0.3526476,0.9210142,0.1654465,0.8239797,-0.3894292,0.4115852,moving,-2.282237158664032,-5.2130040246704725,-5.841298940586581,-4.1836863514344005,1.567367,-0.949189301,1.0226290000000002,-0.03965756327618325,-0.09078711985505625,0.9950802635279022,-1.7599273694706024,-5.403081548473041,3.698366602802914,3.7049177642665474,4.259638311884545
05/05/2023 11:41:03.933354,4587,True,True,True,True,Eyes,2.201815,0.01340928,-3.295856,0.7694092,-0.4700195,0.4325403,0.0,0.0,0.0,0.0,0.0,0.0,0.0,-3.893281,-0.2810113,-0.5468168,2.28226,0.006738961,-3.213542,0.1658189,0.5153853,-0.1086315,0.8337154,22.85906,63.31856,359.3649,0.5422874,0.003663582,-0.8401849,0.2028062,0.007944635,0.05883742,3.849539,-0.9378365,-2.186832,-0.2119831,-0.1496556,2.082159,0.4451543,-0.01021434,-0.8953957,0.3520567,0.9214066,0.1645173,0.8233431,-0.3884656,0.4137641,moving,-2.301308626592543,-5.227805274761596,-5.8132121403472965,-4.111076153254291,1.567279,-0.944575461,1.02671,-0.03998784955016699,-0.09104298637505796,0.9950437704288413,-1.77811965600619,-5.417356460254346,3.679239230000481,3.6851798084687077,4.241266272900376
05/05/2023 11:41:03.943318,4588,True,True,True,True,Eyes,2.205833,0.01290026,-3.291828,0.7686133,-0.4690827,0.4349656,0.0,0.0,0.0,0.0,0.0,0.0,0.0,-3.888912,-0.285688,-0.5501628,2.288407,0.006440252,-3.204853,0.1634266,0.5150037,-0.1079566,0.8345108,22.57911,63.21336,359.2646,0.5436144,0.003635569,-0.839327,0.1906378,0.007467957,0.05530718,3.859413,-0.9262866,-2.173332,-0.2109559,-0.146988,2.082298,0.4462329,-0.01185125,-0.8948384,0.3485126,0.9232743,0.1615664,0.8242665,-0.3839587,0.4161257,moving,-2.342248296144605,-5.452669260434478,-5.784851202094915,-4.037772465812097,1.5710060000000001,-0.9327268519999999,1.0315210000000001,-0.04068393854046892,-0.09494477534372754,0.994650875603749,-1.8119676097351132,-5.63587408806671,3.7171977383296686,3.722021991806363,4.282257913005071
05/05/2023 11:41:03.963049,4589,True,True,True,True,Eyes,2.209892,0.01238963,-3.287561,0.7677874,-0.4682166,0.4373508,0.0,0.0,0.0,0.0,0.0,0.0,0.0,-3.884138,-0.2812036,-0.5584264,2.294222,0.004467871,-3.19593,0.1611354,0.5149712,-0.1061973,0.835202,22.24317,63.17542,359.2923,0.5449256,0.003597606,-0.8384765,0.1791996,0.00701988,0.05198875,3.870888,-0.9149778,-2.161431,-0.2099254,-0.1443117,2.082439,0.4470537,-0.01143225,-0.894434,0.3433526,0.9255151,0.1597841,0.8259856,-0.3785383,0.4176802,moving,-2.453028334568598,-5.735067119644312,-5.756395832237462,-3.9642233029881826,1.576666,-0.919445671,1.0344990000000003,-0.042586499339754724,-0.09983808454504772,0.9940919199567619,-1.9123465536533866,-5.909908125945676,3.744585549255174,3.748082796263218,4.308410877164559
05/05/2023 11:41:03.973473,4590,True,True,True,True,Eyes,2.214028,0.01187598,-3.283083,0.7670984,-0.4670812,0.4397672,0.0,0.0,0.0,0.0,0.0,0.0,0.0,-3.880051,-0.2771145,-0.5599914,2.299707,0.00386522,-3.186928,0.1611801,0.5141036,-0.1054729,0.8358194,22.2026,63.06192,359.3449,0.5462259,0.003550658,-0.8376302,0.1684476,0.006598687,0.04886942,3.876371,-0.9120486,-2.149587,-0.2089071,-0.1416677,2.082578,0.449146,-0.01058603,-0.8933957,0.342039,0.9257929,0.1609869,0.8253952,-0.3778828,0.419437,moving,-2.4999055836508335,-5.701147536555623,-5.728279232985351,-3.8915592828018837,1.5766639999999996,-0.91591382,1.037341,-0.043402396694715795,-0.0992460680699678,0.9941159101461187,-1.9589576261598936,-5.8765940415904065,3.6978922113447306,3.7009466448249393,4.260064362105326
05/05/2023 11:41:03.993462,4591,True,True,True,True,Eyes,2.218199,0.01132039,-3.278406,0.7664522,-0.4658079,0.4422376,0.0,0.0,0.0,0.0,0.0,0.0,0.0,-3.875254,-0.2748596,-0.5647403,2.305679,0.003212716,-3.177405,0.1575523,0.513808,-0.1033804,0.8369536,21.71334,62.95991,359.3126,0.5475205,0.003495541,-0.8367848,0.1583407,0.006202766,0.04593726,3.888879,-0.8941188,-2.134085,-0.207876,-0.1389909,2.082718,0.4506277,-0.01114598,-0.8926425,0.3349524,0.9289795,0.1574925,0.8274913,-0.3699631,0.4223573,moving,-2.546805321298306,-6.111051005041701,-5.699812244278515,-3.8179922667763924,1.5832000000000002,-0.8973315159999999,1.04332,-0.04418349019042528,-0.10635189610510969,0.9933464465283252,-1.993628154841057,-6.275112648516772,3.8965519517767593,3.8986627237420803,4.446711265099562
05/05/2023 11:41:04.013344,4592,True,True,True,True,Eyes,2.222411,0.01083191,-3.273531,0.7657539,-0.4646435,0.4446655,0.0,0.0,0.0,0.0,0.0,0.0,0.0,-3.870513,-0.2686954,-0.5686095,2.310709,0.001554981,-3.168124,0.154013,0.5134163,-0.1009931,0.8381433,21.21527,62.85195,359.3148,0.5488129,0.003432012,-0.835938,0.1488403,0.0058306,0.04318102,3.900259,-0.8769657,-2.118742,-0.2068585,-0.1363472,2.082856,0.4524082,-0.01114784,-0.8917414,0.327439,0.9321608,0.1544669,0.8295243,-0.3618729,0.4253674,moving,-2.59103013477219,-6.535198237974793,-5.671722128397368,-3.7453327582654734,1.58955,-0.8785206809999999,1.049382,-0.044913443263957964,-0.11369871862430339,0.9924995759923916,-2.025307201283512,-6.687507952583032,4.1546906373371035,4.1562016980002285,4.685374765665636
05/05/2023 11:41:04.023116,4593,True,True,True,True,Eyes,2.226701,0.01053651,-3.26845,0.7649924,-0.4634717,0.4471921,0.0,0.0,0.0,0.0,0.0,0.0,0.0,-3.865816,-0.2702788,-0.567579,2.315943,0.002690364,-3.158502,0.1548579,0.5123254,-0.1012062,0.8386294,21.31147,62.71404,359.3189,0.550106,0.003362624,-0.8350878,0.1399099,0.005480764,0.04059016,3.903135,-0.8765547,-2.106433,-0.2058119,-0.1336307,2.082999,0.45456,-0.01107374,-0.8906472,0.3284242,0.9315526,0.1560357,0.827957,-0.3634377,0.4270835,moving,-2.6195621430510947,-6.363899458253682,-5.642826843809039,-3.67066776925249,1.587192,-0.879245064,1.052069,-0.04542301394840853,-0.11072836530072047,0.9928122390375398,-2.0577377991575934,-6.520647728726688,4.047525679111045,4.048904343336507,4.579874368089628
05/05/2023 11:41:04.043100,4594,True,True,True,True,Eyes,2.231017,0.01019327,-3.263187,0.7645088,-0.4618084,0.4497325,0.0,0.0,0.0,0.0,0.0,0.0,0.0,-3.860735,-0.278644,-0.5676492,2.322061,0.006990571,-3.148511,0.1531857,0.5116087,-0.1008253,0.8394196,21.12109,62.57942,359.2305,0.5514038,0.003292821,-0.8342317,0.1315153,0.005151918,0.03815475,3.910774,-0.8633195,-2.091571,-0.2048196,-0.1310544,2.083133,0.4561816,-0.01252725,-0.8897986,0.3260117,0.9327368,0.1540078,0.8280187,-0.3603402,0.4295814,moving,-2.6320240580810066,-6.451470339677005,-5.615435951110624,-3.599857004528267,1.5887129999999998,-0.870310071,1.05694,-0.04563113668439844,-0.11224457630086204,0.9926323486569333,-2.0675255915418234,-6.605770176828844,4.125828345524079,4.127038300848282,4.650073324039711
05/05/2023 11:41:04.063309,4595,True,True,True,True,Eyes,2.23528,0.009876243,-3.257804,0.7636083,-0.4608578,0.4522306,0.0,0.0,0.0,0.0,0.0,0.0,0.0,-3.854527,-0.269251,-0.5809206,2.326961,0.005381081,-3.138879,0.1469334,0.5123529,-0.09668396,0.8405698,20.24823,62.59656,359.2686,0.5527081,0.003221456,-0.8333682,0.1236244,0.004842803,0.03586547,3.929025,-0.8335453,-2.076984,-0.2037621,-0.1283077,2.083278,0.4562935,-0.01197569,-0.8897488,0.3131028,0.9381256,0.147943,0.8329245,-0.3460882,0.4318102,moving,-2.797954606264633,-7.267317763946658,-5.586240509328554,-3.524357023784656,1.6020640000000004,-0.838926381,1.0618950000000003,-0.048422902778170684,-0.12635041004285416,0.9908031386681352,-2.207288106311368,-7.398476513568781,4.666252727401404,4.66736471465634,5.1406343152358955
05/05/2023 11:41:04.073339,4596,True,True,True,True,Eyes,2.343016,0.006258491,-3.118273,0.7343794,-0.4451361,0.5123873,0.0,0.0,0.0,0.0,0.0,0.0,0.0,-3.851148,-0.2598558,-0.5713743,2.329762,0.005846687,-3.130096,0.1560704,0.5098448,-0.09913586,0.8401623,21.30525,62.41614,359.5426,0.5540195,0.003149322,-0.8324974,0.1162069,0.004552235,0.03371354,3.915897,-0.8666652,-2.071602,-0.2027296,-0.1256268,2.083418,0.4604608,-0.007437077,-0.8876489,0.3257237,0.9316282,0.1611611,0.8257602,-0.3633366,0.4314007,moving,-6.537244969550233,-5.366287558491097,-5.55774054790611,-3.4506665591315087,1.586135,-0.872511887,1.058494,-0.11335650236971007,-0.09291970435420821,0.9891997916407447,-5.903658070322395,-5.524007141652078,2.133723734519223,2.151518702035336,2.10199907313047
05/05/2023 11:41:04.093525,4597,True,True,True,True,Eyes,2.34322,0.006344109,-3.117912,0.7343453,-0.4448031,0.5127252,0.0,0.0,0.0,0.0,0.0,0.0,0.0,-3.84725,-0.2647631,-0.5611973,2.335223,0.009906355,-3.119777,0.1602329,0.507567,-0.1009606,0.8405405,21.82994,62.16793,359.5639,0.5599586,0.002980517,-0.8285148,0.4324414,-0.006574153,0.4502834,3.91107,-0.877627,-2.05864,-0.2017208,-0.1230065,2.083555,0.4643655,-0.007065064,-0.8856155,0.3323807,0.9282648,0.1668759,0.8209066,-0.3718529,0.4334024,moving,-6.333365468029727,-4.80466439142302,-5.529895245828902,-3.3786400764894715,1.575847,-0.8875333550000001,1.061137,-0.10993016726289767,-0.08325132748121691,0.9904466279991598,-5.720050031601969,-4.978908660550779,1.6240402561125005,1.63679862681551,1.6115267244715439
05/05/2023 11:41:04.113147,4598,True,True,True,True,Eyes,2.343565,0.00649753,-3.117208,0.7340884,-0.4448284,0.5130711,0.0,0.0,0.0,0.0,0.0,0.0,0.0,-3.843352,-0.2542314,-0.5589981,2.339952,0.0119662,-3.110137,0.1549489,0.506641,-0.0969416,0.8425604,21.05948,61.96545,359.61,0.5648611,0.002835992,-0.8251808,0.4064949,-0.006179704,0.4232664,3.923861,-0.8478165,-2.038432,-0.2006974,-0.1203505,2.083694,0.4678344,-0.006351312,-0.8837932,0.3203653,0.9331863,0.1628785,0.8237092,-0.3593369,0.4386115,moving,-6.182337147382115,-5.561928178813726,-5.501647967738012,-3.305630822329129,1.5839090000000002,-0.8597827,1.0717050000000001,-0.10719170435820569,-0.09636314665494405,0.9895575377914468,-5.5524140574571765,-5.716715937997179,2.3399159300093206,2.3567383223777605,2.4116195037487547
05/05/2023 11:41:04.123329,4599,True,True,True,True,Eyes,2.344102,0.006726745,-3.116181,0.7337524,-0.4448642,0.5135204,0.0,0.0,0.0,0.0,0.0,0.0,0.0,-3.841011,-0.23729,-0.548821,2.343717,0.01380114,-3.101237,0.1603217,0.5040944,-0.09663083,0.8431183,21.57768,61.73444,359.9194,0.568929,0.00271408,-0.8223819,0.3821052,-0.005808922,0.3978704,3.917903,-0.8615487,-2.028043,-0.1995939,-0.1174849,2.083844,0.4731028,-0.001307889,-0.8810063,0.3245769,0.9299189,0.1729182,0.8190382,-0.3677624,0.4403717,moving,-6.032271220725807,-5.00316541257744,-5.471190719418874,-3.226858825613332,1.574186,-0.8753498399999999,1.073194,-0.10469259408271281,-0.08673152129181202,0.9907154213608469,-5.4211874134879565,-5.17404371983263,1.850082704662737,1.8628141130662816,1.94782682569058
05/05/2023 11:41:04.143308,4600,True,True,True,True,Eyes,2.344773,0.006996226,-3.11485,0.7333288,-0.4449503,0.5140507,0.0,0.0,0.0,0.0,0.0,0.0,0.0,-3.839185,-0.2062759,-0.5421776,2.34857,0.01583317,-3.091895,0.1628949,0.5017683,-0.09311084,0.8444075,21.62558,61.51297,0.3836137,0.5723264,0.002613651,-0.8200214,0.3591789,-0.005460387,0.3739982,3.919312,-0.8602244,-2.014443,-0.1985916,-0.114881,2.08398,0.4791179,0.006223986,-0.8777285,0.320718,0.9295912,0.1816592,0.8170593,-0.3685395,0.4433876,moving,-5.9112940051613165,-4.90474342101397,-5.443528395199276,-3.1552803481545117,1.570742,-0.87605757,1.077452,-0.10261546603916788,-0.08504806661926143,0.9910786613805738,-5.305909323776822,-5.0790829262226,1.7992644775437698,1.8109184711526964,1.9287185819088797
05/05/2023 11:41:04.163214,4601,True,True,True,True,Eyes,2.345585,0.007290822,-3.113247,0.7326562,-0.4452701,0.5147324,0.0,0.0,0.0,0.0,0.0,0.0,0.0,-3.83795,-0.1686513,-0.5318379,2.35245,0.01704047,-3.083318,0.1655385,0.49901,-0.08894853,0.8459754,21.64503,61.24301,0.9070551,0.5752691,0.002531872,-0.81796,0.3376282,-0.005132764,0.3515583,3.919169,-0.8589868,-2.000191,-0.1976032,-0.1123157,2.084115,0.4861544,0.01471417,-0.8737489,0.3157072,0.9293703,0.1913105,0.8148514,-0.3688552,0.4471721,moving,-5.766240564351808,-4.845353592117435,-5.416248448936056,-3.0847609370151736,1.566719,-0.87602727,1.0831269999999997,-0.10011463958067779,-0.08404224298858963,0.9914201799929676,-5.16610923081158,-5.022259472541647,1.7844289687650052,1.795043447399874,1.9535788194007304
05/05/2023 11:41:04.183112,4602,True,True,True,True,Eyes,2.346539,0.007598801,-3.111357,0.7319011,-0.4454841,0.5156206,0.0,0.0,0.0,0.0,0.0,0.0,0.0,-3.83768,-0.1327044,-0.5123482,2.356467,0.01796135,-3.074839,0.1712637,0.4949546,-0.08654983,0.8474656,22.08345,60.84897,1.412352,0.5779449,0.00246584,-0.8160718,0.3173705,-0.004824798,0.3304648,3.911225,-0.8716458,-1.985755,-0.1965572,-0.1095988,2.084258,0.4950583,0.02283946,-0.8685596,0.3162314,0.9263558,0.2046036,0.8092682,-0.3759566,0.4513775,moving,-5.506792961128913,-4.363153326640746,-5.387379562277358,-3.010073816371384,1.554758,-0.88960715,1.089084,-0.0956881970885301,-0.07572871438838155,0.992526492056212,-4.926191650334658,-4.554806721124083,1.3515558611761822,1.3583385884734547,1.6121085686602434
05/05/2023 11:41:04.193557,4603,True,True,True,True,Eyes,2.34762,0.007922512,-3.109212,0.7311727,-0.4453259,0.5167894,0.0,0.0,0.0,0.0,0.0,0.0,0.0,-3.837104,-0.09665698,-0.4921331,2.360798,0.01853725,-3.066136,0.1718135,0.491181,-0.08206803,0.849992,21.88227,60.39371,1.80748,0.5803874,0.002414341,-0.8143366,0.2983283,-0.00453531,0.3106369,3.910995,-0.8631805,-1.964394,-0.1955133,-0.1068889,2.084399,0.5040121,0.02926874,-0.8632005,0.3082973,0.9274899,0.2114596,0.8067989,-0.3727006,0.4584427,moving,-5.214595445125469,-4.511555469633423,-5.358574226309949,-2.9355814276939496,1.5501970000000003,-0.88171775,1.1017420000000002,-0.09060696900082071,-0.07833660124284864,0.9928009430206355,-4.637352061096868,-4.701137362620155,1.5767448946688807,1.582537225564824,1.907183570332912
05/05/2023 11:41:04.212920,4604,True,True,True,True,Eyes,2.348852,0.008297896,-3.1068,0.7303427,-0.4449562,0.5182794,0.0,0.0,0.0,0.0,0.0,0.0,0.0,-3.836929,-0.06703705,-0.4655023,2.364845,0.01918004,-3.057834,0.1719174,0.4868733,-0.0784419,0.8527872,21.69097,59.84306,2.073249,0.5826261,0.00237634,-0.8127365,0.2804286,-0.004263191,0.2919987,3.908302,-0.8546489,-1.940622,-0.1945142,-0.1042937,2.084536,0.5136026,0.03361545,-0.8573696,0.3011924,0.9285826,0.2168353,0.8034275,-0.3696003,0.4667976,moving,-4.84639602520273,-4.65247152501227,-5.331000989676218,-2.8642394581450854,1.543457,-0.87382894,1.117212,-0.08420834112386993,-0.08082364705785394,0.9931648952653953,-4.274626150996219,-4.840688161574594,1.8484098306771644,1.8527320088357178,2.241043791871185
05/05/2023 11:41:04.232970,4605,True,True,True,True,Eyes,2.348852,0.008297896,-3.1068,0.7303427,-0.4449562,0.5182794,0.0,0.0,0.0,0.0,0.0,0.0,0.0,-3.836709,-0.0520972,-0.4358231,2.369694,0.02074579,-3.049117,0.1697426,0.4825833,-0.07579605,0.8558948,21.3288,59.22654,2.096865,0.584688,0.002351825,-0.8112544,0.2636029,-0.0040074,0.2744787,3.907223,-0.838621,-1.912843,-0.1934589,-0.1015538,2.084679,0.5227367,0.03408299,-0.8518125,0.2935767,0.9308848,0.2174078,0.8003494,-0.3637194,0.4766017,moving,-4.3099051542334745,-5.011663799043646,-5.301882303033566,-2.788922413494509,1.5375290000000001,-0.8593667899999999,1.1362739999999998,-0.07486542300465959,-0.08711337973159691,0.993381318193654,-3.7419632978459134,-5.193734300479413,2.431097085070061,2.4340496976796624,2.866438123268934
05/05/2023 11:41:04.243346,4606,True,True,True,True,Eyes,2.348852,0.008297896,-3.1068,0.7303427,-0.4449562,0.5182794,0.0,0.0,0.0,0.0,0.0,0.0,0.0,-3.835986,-0.04500699,-0.407362,2.374519,0.02105844,-3.04039,0.1629719,0.4789151,-0.07240871,0.8595566,20.4581,58.5991,1.934054,0.5865404,0.00232975,-0.8099162,0.2477867,-0.003766956,0.25801,3.911889,-0.8062955,-1.880539,-0.1924237,-0.0988667,2.08482,0.5307946,0.0316206,-0.8469104,0.2805781,0.9363943,0.2108118,0.7997081,-0.3495224,0.488161,moving,-3.7664620606574846,-5.894454618445629,-5.273317624317722,-2.71505646951615,1.5373700000000001,-0.8273539400000001,1.159851,-0.06534399814416525,-0.10247678189339815,0.9925868661761539,-3.188410612876214,-6.056279682373132,3.515458594295981,3.5184067813642597,3.9383511530197883
05/05/2023 11:41:04.263215,4607,True,True,True,True,Eyes,2.350541,0.008607201,-3.103479,0.7294928,-0.4433271,0.5208658,0.0,0.0,0.0,0.0,0.0,0.0,0.0,-3.835019,-0.04638606,-0.3784053,2.378536,0.02019152,-3.032305,0.1595653,0.4750785,-0.07178819,0.8623722,20.08535,58.00086,1.695961,0.588205,0.002309871,-0.8087081,0.2329195,-0.003540939,0.2425294,3.909612,-0.7915006,-1.85336,-0.1914165,-0.09625009,2.084957,0.5382939,0.02779583,-0.8422987,0.2754284,0.9387707,0.2069994,0.796479,-0.3434195,0.4976788,moving,-3.365521529030608,-6.178375008238319,-5.245527211735818,-2.6431295330909363,1.531076,-0.81169212,1.1789450000000001,-0.05836583694688707,-0.10744064891906228,0.9924967407972836,-2.7899136179542214,-6.335188567904257,4.001729432213382,4.0040456961121125,4.434110738187719
05/05/2023 11:41:04.283082,4608,True,True,True,True,Eyes,2.352303,0.00887806,-3.099969,0.7283998,-0.4418949,0.5236053,0.0,0.0,0.0,0.0,0.0,0.0,0.0,-3.833526,-0.05360484,-0.3490287,2.382188,0.01933288,-3.02414,0.1598949,0.4709765,-0.07358155,0.8644078,20.22692,57.42287,1.429266,0.5897706,0.002300008,-0.8075672,0.2189443,-0.003328482,0.2279776,3.901015,-0.7938005,-1.83057,-0.1903868,-0.09357584,2.085097,0.5455338,0.0234046,-0.837762,0.2778224,0.9380387,0.2071185,0.7907007,-0.3457392,0.5052295,moving,-2.9756747638989,-5.960284105235101,-5.217117352177562,-2.569619330667997,1.518827,-0.81313338,1.19357,-0.051632094709655796,-0.10370055293778196,0.9932674381003493,-2.4157618640113605,-6.1255748028315,4.063189838148045,4.064563013417253,4.5268545250635635
05/05/2023 11:41:04.293532,4609,True,True,True,True,Eyes,2.354129,0.009149622,-3.096279,0.7272282,-0.4405854,0.5263303,0.0,0.0,0.0,0.0,0.0,0.0,0.0,-3.831888,-0.05807006,-0.3203315,2.385741,0.01872681,-3.016163,0.1610979,0.4668472,-0.07533013,0.8662719,20.45334,56.86142,1.217206,0.5912509,0.002298187,-0.8064842,0.2058077,-0.003128774,0.214299,3.89152,-0.7988921,-1.80932,-0.189367,-0.09092718,2.085237,0.5527583,0.01990346,-0.833104,0.2809289,0.9367457,0.2087738,0.7845618,-0.3494444,0.5122025,moving,-2.6076822798386923,-5.660533901979322,-5.188978531280518,-2.496812333454776,1.505779,-0.81761891,1.206843,-0.04527553060862516,-0.09853316961984968,0.9941032517194895,-2.0651150592371255,-5.836362898909225,4.0822496722364,4.083163540792242,4.572867915345262
05/05/2023 11:41:04.313258,4610,True,True,True,True,Eyes,2.356034,0.009426028,-3.092407,0.7258091,-0.4394789,0.5292065,0.0,0.0,0.0,0.0,0.0,0.0,0.0,-3.830206,-0.06087273,-0.2882997,2.389113,0.0190921,-3.008168,0.1646863,0.4621357,-0.07785198,0.8678988,20.96627,56.26244,1.048028,0.5926578,0.002303633,-0.8054508,0.1934592,-0.002941047,0.201441,3.877488,-0.8127367,-1.789621,-0.1883496,-0.0882858,2.085375,0.5607393,0.01707952,-0.8278161,0.2873501,0.933635,0.2139056,0.7765315,-0.3578183,0.518618,moving,-2.221010952379212,-5.084070740796485,-5.160911308242201,-2.4242090266790424,1.488375,-0.8318288,1.218547,-0.03860200631248428,-0.08855132964816217,0.9953233745655043,-1.7037180730309256,-5.27803751206846,3.963763734154804,3.9645779650085218,4.482914463784767
05/05/2023 11:41:04.323149,4611,True,True,True,True,Eyes,2.357987,0.009680278,-3.088371,0.7243243,-0.4384541,0.5320831,0.0,0.0,0.0,0.0,0.0,0.0,0.0,-3.828339,-0.06155747,-0.2580158,2.392925,0.01952905,-3.000011,0.1663276,0.4576862,-0.07918433,0.869821,21.21284,55.67217,0.8911637,0.5940022,0.002315758,-0.8044598,0.1818516,-0.002764584,0.1893546,3.8672,-0.8175596,-1.76811,-0.1873037,-0.08557093,2.085516,0.5685064,0.01449927,-0.8225511,0.290004,0.9321299,0.2168672,0.769869,-0.3618335,0.525717,moving,-1.8539568477911688,-4.777765717057518,-5.132061252324281,-2.3495885517360713,1.474275,-0.8370886500000001,1.2319010000000001,-0.03223970894707162,-0.08324784375300685,0.9960072852948384,-1.3541626919390108,-4.982441648216593,4.078313585672851,4.079462321582083,4.604827136843268
05/05/2023 11:41:04.343498,4612,True,True,True,True,Eyes,2.359986,0.009940338,-3.084176,0.7225364,-0.4377455,0.5350888,0.0,0.0,0.0,0.0,0.0,0.0,0.0,-3.826265,-0.05333203,-0.2264596,2.396081,0.01928093,-2.992132,0.1682168,0.4529626,-0.0795394,0.8718955,21.43168,55.06458,0.8427822,0.5952934,0.002333338,-0.8035047,0.1709405,-0.002598709,0.1779933,3.856077,-0.8224799,-1.746588,-0.1862628,-0.08286706,2.085658,0.5769967,0.01369173,-0.8166317,0.2910918,0.9307532,0.2212781,0.7631122,-0.3653916,0.533056,moving,-1.4980994929205134,-4.515677210379424,-5.103346324035013,-2.2752708105102686,1.4599959999999998,-0.84176083,1.2455439999999998,-0.026062689907067005,-0.07870512369532204,0.9965571913741639,-1.0143303364100142,-4.729793508512878,4.243067120740477,4.244670252191072,4.769143887749965
05/05/2023 11:41:04.363238,4613,True,True,True,True,Eyes,2.362035,0.0102136,-3.079824,0.7206594,-0.4370643,0.538168,0.0,0.0,0.0,0.0,0.0,0.0,0.0,-3.82401,-0.04576707,-0.1922485,2.399218,0.01974145,-2.984203,0.1717384,0.4477958,-0.08070192,0.873769,21.86342,54.42152,0.7888801,0.5965397,0.002355992,-0.8025798,0.1606841,-0.002442787,0.1673137,3.841415,-0.833832,-1.726117,-0.1852525,-0.08024436,2.085796,0.5859323,0.01277782,-0.8102593,0.2948371,0.9279862,0.2278435,0.7548208,-0.3723954,0.5399698,moving,-1.1133846754132084,-4.043153672093343,-5.075476405482759,-2.2031861533464445,1.4421970000000002,-0.8535734500000001,1.258086,-0.019382664040860198,-0.07049454607849967,0.9973238193659647,-0.6520390842837309,-4.27258676354192,4.366328760010803,4.368483872870443,4.883565973758708
05/05/2023 11:41:04.383091,4614,True,True,True,True,Eyes,2.364117,0.01047792,-3.075322,0.7185461,-0.4365317,0.5414162,0.0,0.0,0.0,0.0,0.0,0.0,0.0,-3.8211,-0.03814214,-0.1581563,2.402267,0.02034658,-2.975899,0.1736458,0.4427432,-0.081126,0.8759249,22.08844,53.76984,0.7197947,0.597748,0.002383556,-0.8016803,0.1510431,-0.00229622,0.1572749,3.828886,-0.8380228,-1.703483,-0.1842074,-0.0775305,2.085938,0.5947942,0.01164044,-0.8037937,0.2958815,0.9265314,0.2323654,0.7474449,-0.3760373,0.5476514,moving,-0.7396823510646362,-3.7874296045596347,-5.046649661880488,-2.128599482832379,1.4266189999999996,-0.85836938,1.272416,-0.012881343417256275,-0.06604950342584132,0.9977331600390491,-0.29463957238114036,-4.02624946092918,4.6127498195821754,4.6153748265104095,5.116900949801001
05/05/2023 11:41:04.394874,4615,True,True,True,True,Eyes,2.366221,0.01072956,-3.070662,0.7163342,-0.4360204,0.544749,0.0,0.0,0.0,0.0,0.0,0.0,0.0,-3.818084,-0.02672309,-0.1234745,2.405188,0.02042218,-2.967892,0.1753767,0.4375622,-0.08104707,0.8781879,22.26888,53.10569,0.6889497,0.5989252,0.002415341,-0.800801,0.1419805,-0.002158446,0.1478384,3.816329,-0.8413849,-1.680707,-0.1831664,-0.07482776,2.086079,0.6039415,0.01112733,-0.796951,0.2958255,0.9253488,0.2371011,0.740096,-0.3789536,0.5555648,moving,-0.36546134247913625,-3.5776819406120044,-5.017938422780471,-2.054321760430895,1.4111410000000002,-0.86180708,1.287185,-0.006366029892164726,-0.06240049370941386,0.9980308614241512,0.06450477545428024,-3.8246499146555273,4.89249999797973,4.895525428520482,5.381941158812783
05/05/2023 11:41:04.417482,4616,True,True,True,True,Eyes,2.368355,0.01097478,-3.065853,0.7138949,-0.4355709,0.5482993,0.0,0.0,0.0,0.0,0.0,0.0,0.0,-3.814631,-0.01202101,-0.08666265,2.407993,0.02037406,-2.959766,0.1774661,0.4320122,-0.08075745,0.8805394,22.47673,52.40414,0.6892011,0.6000766,0.002450601,-0.7999386,0.1334616,-0.00202894,0.1389681,3.802316,-0.8458803,-1.6574,-0.1821299,-0.07213575,2.08622,0.6136875,0.0111148,-0.7894708,0.2955552,0.923968,0.2427553,0.7321439,-0.3823082,0.5637425,moving,0.02300074506053733,-3.3454327104886836,-4.989351191266233,-1.9803415070459263,1.394323,-0.86625436,1.3023660000000001,0.0004007546241284188,-0.05835564135986279,0.9982958068981961,0.4369251067706502,-3.6012511378222833,5.19156566762235,5.194915391737918,5.663198962934326
05/05/2023 11:41:04.433241,4617,True,True,True,True,Eyes,2.370493,0.01120062,-3.06088,0.7114417,-0.4348516,0.5520461,0.0,0.0,0.0,0.0,0.0,0.0,0.0,-3.810748,0.002412021,-0.04751027,2.410842,0.02047291,-2.951521,0.1782636,0.4262731,-0.0799581,0.8832442,22.52388,51.65853,0.6657462,0.6012068,0.002488835,-0.7990892,0.1254539,-0.001907203,0.13063,3.789234,-0.8445908,-1.631594,-0.1809909,-0.06917781,2.086375,0.6237959,0.0107329,-0.7815136,0.2932229,0.9236576,0.2467325,0.7244992,-0.3830684,0.5730267,moving,0.4416543655602251,-3.2582711258639225,-4.9579384056319284,-1.8990569783620448,1.3783919999999998,-0.8650637099999999,1.319927,0.007695787069435744,-0.0568352329920595,0.9983539623794662,0.842687297238314,-3.5192205690418437,5.564339192869351,5.568039618526418,6.022639670888783
05/05/2023 11:41:04.449777,4618,True,True,True,True,Eyes,2.372657,0.01140158,-3.055768,0.7087634,-0.43413,0.5560445,0.0,0.0,0.0,0.0,0.0,0.0,0.0,-3.806301,0.01745075,-0.005857587,2.413517,0.02020464,-2.943263,0.1785179,0.4202529,-0.07894287,0.8861642,22.50377,50.86921,0.6284169,0.602321,0.002529283,-0.7982497,0.1179267,-0.001792771,0.1227922,3.775179,-0.8419517,-1.604256,-0.1800861,-0.06682864,2.086499,0.6343111,0.01013258,-0.7730114,0.2899579,0.9237989,0.2500403,0.7166406,-0.3827442,0.5830379,moving,0.8808638354666463,-3.239523649029658,-4.9329838315080945,-1.8345038682386337,1.361662,-0.86215634,1.339007,0.015348807257123287,-0.056503574153631886,0.9982843584287291,1.270331700342349,-3.5038921649293604,5.977051116854113,5.981212693024861,6.42401594587256
05/05/2023 11:41:04.463519,4619,True,True,True,True,Eyes,2.37482,0.01156934,-3.050501,0.7059846,-0.4331547,0.5603238,0.0,0.0,0.0,0.0,0.0,0.0,0.0,-3.801376,0.03262419,0.0369097,2.416324,0.01980165,-2.93494,0.1783687,0.4140821,-0.07775671,0.8891988,22.43319,50.0569,0.5849285,0.6034226,0.002571087,-0.797417,0.1108511,-0.001685205,0.1154247,3.76119,-0.837496,-1.576037,-0.1790723,-0.06419656,2.086637,0.6449799,0.009436199,-0.7641413,0.2860009,0.924277,0.2528151,0.7086638,-0.3816057,0.5934413,moving,1.3253241232041257,-3.256123069339265,-4.905026504173098,-1.7621810176036357,1.3448660000000001,-0.85729765,1.3589030000000002,0.023091887308079317,-0.056784337614235736,0.9981193887296017,1.7040474132518637,-3.5229905556751184,6.402293179009069,6.406959637300974,6.839613167084118
05/05/2023 11:41:04.483308,4620,True,True,True,True,Eyes,2.376999,0.01170325,-3.045104,0.7029576,-0.4322163,0.564836,0.0,0.0,0.0,0.0,0.0,0.0,0.0,-3.795612,0.04824692,0.08057666,2.418813,0.01910954,-2.926511,0.1779525,0.4077978,-0.07643779,0.8922956,22.3284,49.22948,0.5405633,0.6045144,0.002613251,-0.7965895,0.1042,-0.001584093,0.1084992,3.746646,-0.8321267,-1.547245,-0.1780335,-0.06149852,2.086778,0.6557164,0.008727096,-0.754957,0.2815475,0.9249803,0.2552301,0.7005478,-0.3799148,0.6040676,moving,1.7646187398113455,-3.3100920795128634,-4.876382102141079,-1.688050225401351,1.327833,-0.85123624,1.379266,0.03074221328331117,-0.05771258375457097,0.997859808930225,2.133734763386951,-3.5784147130193302,6.830959007195659,6.836220590304435,7.26052452405525
05/05/2023 11:41:04.493377,4621,True,True,True,True,Eyes,2.379203,0.01180159,-3.039577,0.699708,-0.4312478,0.5695912,0.0,0.0,0.0,0.0,0.0,0.0,0.0,-3.789379,0.0621683,0.1253493,2.42142,0.0184319,-2.918108,0.1780534,0.401318,-0.07563258,0.8952769,22.30393,48.38111,0.4637234,0.6055999,0.002654895,-0.7957644,0.09794803,-0.001489047,0.1019892,3.730469,-0.8293855,-1.51896,-0.1770221,-0.05887276,2.086916,0.6664473,0.007487867,-0.7455146,0.2783363,0.9251534,0.2581088,0.6916481,-0.3795196,0.6144818,moving,2.207224297309383,-3.281528103993276,-4.8484929503361975,-1.6159089706945566,1.309049,-0.8478174,1.399148,0.03845074850836433,-0.05719983482763849,0.9976220748465412,2.5644251506082503,-3.5535575312489693,7.2439204148345855,7.249650541642272,7.661973421745107
05/05/2023 11:41:04.513263,4622,True,True,True,True,Eyes,2.381424,0.0118634,-3.03392,0.6962104,-0.430327,0.5745518,0.0,0.0,0.0,0.0,0.0,0.0,0.0,-3.782453,0.07426441,0.1701194,2.424066,0.01763264,-2.909467,0.1778455,0.3948359,-0.07494438,0.8982534,22.25207,47.52734,0.3591498,0.6066816,0.002695152,-0.7949399,0.09207115,-0.001399704,0.09586988,3.714241,-0.8257147,-1.490261,-0.1759855,-0.05618042,2.087057,0.676976,0.005801491,-0.7359824,0.2750776,0.9255087,0.2603191,0.6826683,-0.378682,0.6249512,moving,2.6386362842539364,-3.2821592022772172,-4.819911359003562,-1.5419434245659256,1.290175,-0.84334734,1.4192059999999997,0.045961259841711455,-0.05719265655203051,0.9973046583219615,2.984990734916212,-3.5570324669586806,7.652617956553811,7.65886962284496,8.060836218683805
05/05/2023 11:41:04.533232,4623,True,True,True,True,Eyes,2.383663,0.01188762,-3.02814,0.6925039,-0.4294402,0.5796719,0.0,0.0,0.0,0.0,0.0,0.0,0.0,-3.774964,0.08575976,0.2148206,2.426732,0.01682347,-2.900784,0.1779735,0.3882943,-0.07450479,0.9011117,22.24746,46.67092,0.2437737,0.6077618,0.002733227,-0.7941142,0.08654688,-0.001315722,0.09011769,3.697167,-0.8235895,-1.462186,-0.1749438,-0.05347639,2.087198,0.6873531,0.003937915,-0.7263128,0.2724865,0.9255489,0.2628884,0.6732733,-0.3786075,0.6351059,moving,3.059074975260854,-3.236712416422544,-4.791192201467851,-1.4676620396859437,1.270435,-0.8404129699999999,1.4385979999999998,0.05328068198664748,-0.05638104939176761,0.9969866572514304,3.3936173946061032,-3.515601578114999,8.040499454691313,8.047125821152294,8.437130109050429
05/05/2023 11:41:04.543525,4624,True,True,True,True,Eyes,2.385915,0.01186851,-3.022233,0.6885444,-0.4286191,0.5849721,0.0,0.0,0.0,0.0,0.0,0.0,0.0,-3.766756,0.09855694,0.2596233,2.429272,0.01591358,-2.892049,0.178333,0.3816552,-0.07401126,0.9039133,22.26485,45.80973,0.1438767,0.608843,0.002768387,-0.7932854,0.08135406,-0.001236779,0.08471063,3.679303,-0.8223831,-1.434486,-0.1739181,-0.05081248,2.087338,0.6977233,0.002323906,-0.7163637,0.2699229,0.9254394,0.2659015,0.6635692,-0.3788886,0.6450734,moving,3.4660531770843046,-3.1736944163056,-4.7629129418188185,-1.3944870340400732,1.250031,-0.83829668,1.4575630000000002,0.06036476684223341,-0.05526213722185638,0.9966455099724956,3.788648913518196,-3.456984911922694,8.412210063858364,8.419112916166625,8.796766886869595
05/05/2023 11:41:04.563393,4625,True,True,True,True,Eyes,2.44255,0.01053052,-2.871406,0.5734378,-0.4057977,0.7116863,0.0,0.0,0.0,0.0,0.0,0.0,0.0,-3.75792,0.1120589,0.3045986,2.431898,0.01486367,-2.883218,0.1787868,0.3749091,-0.0734853,0.9066854,22.29078,44.9394,0.04963079,0.609927,0.002799802,-0.7924522,0.07647282,-0.001162572,0.07962799,3.660951,-0.8215779,-1.406882,-0.1728736,-0.04810113,2.08748,0.7080861,0.0008014936,-0.7061256,0.2673136,0.9252704,0.2691061,0.6535729,-0.3793073,0.6549569,moving,-5.558805320687055,-1.7655872424541885,-4.734118139257354,-1.3200146184601829,1.229053,-0.83644157,1.4763359999999999,-0.09682176983624885,-0.030665679463870693,0.9948292488616401,-5.046907087157911,-2.0270709070622965,0.9352984470271054,0.9373600751404814,0.7731529739841483
05/05/2023 11:41:04.583185,4626,True,True,True,True,Eyes,2.44266,0.01048799,-2.871038,0.5729892,-0.4057969,0.7120479,0.0,0.0,0.0,0.0,0.0,0.0,0.0,-3.748154,0.1265463,0.3503099,2.434395,0.0139838,-2.87418,0.1797418,0.3679567,-0.07307367,0.9093741,22.37587,44.05141,359.9611,0.6144182,0.002792912,-0.7889751,0.2417892,-0.005106774,0.5273311,3.641121,-0.8226176,-1.379636,-0.1718376,-0.04541087,2.087621,0.7185363,-0.0006281596,-0.6954893,0.265177,0.9247062,0.2731293,0.6429517,-0.380681,0.6646016,moving,-4.777571299356727,-1.6571563155350908,-4.705558817937968,-1.2461270219366625,1.2067260000000002,-0.8366013999999999,1.4945439999999999,-0.08325316099800861,-0.028818407379515215,0.9961116251909758,-4.2882679336104355,-1.9267500369484225,0.41575365192412855,0.4172899204103906,0.7983604265659419
05/05/2023 11:41:04.593524,4627,True,True,True,True,Eyes,2.442869,0.01039896,-2.870322,0.5721369,-0.4059062,0.7126707,0.0,0.0,0.0,0.0,0.0,0.0,0.0,-3.737842,0.1426741,0.3965024,2.437192,0.01292455,-2.865129,0.1801271,0.3608897,-0.0721569,0.9121987,22.37734,43.15012,359.899,0.6181507,0.002788683,-0.7860543,0.2272818,-0.004800368,0.4956912,3.621777,-0.8211672,-1.351591,-0.170821,-0.04277131,2.087759,0.729104,-0.001630823,-0.684401,0.2616549,0.9246953,0.276542,0.6324113,-0.3807046,0.6746258,moving,-4.012360979132995,-1.640251421389197,-4.677536568921287,-1.1736377561651943,1.1845849999999998,-0.83409175,1.513538,-0.06994315603766471,-0.02855377724805494,0.9971422360460414,-3.5427820648456194,-1.9153762951131268,0.8122907403232156,0.8125188476730735,1.355670994261007
05/05/2023 11:41:04.613625,4628,True,True,True,True,Eyes,2.44318,0.01027733,-2.869266,0.5708216,-0.4060906,0.7136198,0.0,0.0,0.0,0.0,0.0,0.0,0.0,-3.726664,0.1618224,0.4431946,2.439831,0.01173303,-2.856172,0.1808065,0.3536395,-0.07098771,0.9149912,22.40065,42.23769,359.8745,0.6212722,0.002785027,-0.7835895,0.2136449,-0.004512345,0.4659498,3.601483,-0.8206443,-1.324027,-0.169788,-0.040088,2.087899,0.7397997,-0.002025604,-0.6728241,0.2577869,0.9245395,0.2806646,0.621484,-0.3810808,0.6844962,moving,-3.270313431813836,-1.6076052401849403,-4.649064258250559,-1.0999531236792441,1.1616520000000001,-0.83237733,1.5321449999999999,-0.05702437214047318,-0.028008674147734614,0.9979798738158155,-2.8202999842998953,-1.888532926073909,1.4692221243513688,1.4692394334459782,1.9915413313368884
05/05/2023 11:41:04.633315,4629,True,True,True,True,Eyes,2.44361,0.01012927,-2.867882,0.5691876,-0.4061399,0.7148957,0.0,0.0,0.0,0.0,0.0,0.0,0.0,-3.714643,0.1799918,0.491464,2.442649,0.01084879,-2.847079,0.1821561,0.3460701,-0.07032447,0.9176651,22.51907,41.28802,359.8145,0.6240104,0.002779391,-0.7814106,0.2008262,-0.004241605,0.4379928,3.579182,-0.8228819,-1.296925,-0.1687471,-0.03738517,2.088041,0.7505799,-0.002991028,-0.6607729,0.2551462,0.9237472,0.2856422,0.6095328,-0.382991,0.6941093,moving,-2.51968781989694,-1.4763967885432299,-4.620373689064812,-1.025738294527072,1.136533,-0.8337306900000001,1.5501539999999998,-0.043948108742194625,-0.02574023968273162,0.998702161829702,-2.0921124157852318,-1.7658469049404806,2.1483893426344327,2.1484818358902853,2.6343625075477655
05/05/2023 11:41:04.643334,4630,True,True,True,True,Eyes,2.444142,0.009950761,-2.866178,0.5671226,-0.4061832,0.7165104,0.0,0.0,0.0,0.0,0.0,0.0,0.0,-3.701838,0.1944064,0.540888,2.445632,0.01004396,-2.837735,0.1822327,0.3384711,-0.06953934,0.9205396,22.49352,40.31817,359.7106,0.6264938,0.002770417,-0.7794211,0.1887766,-0.003987108,0.4117132,3.557586,-0.8201122,-1.267946,-0.1677068,-0.03468317,2.088183,0.7612031,-0.004666389,-0.6484967,0.2513884,0.9239111,0.2884306,0.5978074,-0.3825788,0.7044571,moving,-1.7807006730867447,-1.4931920120060274,-4.591701057424387,-0.9515528844193164,1.1119540000000003,-0.8301561599999999,1.5697889999999999,-0.031063544841245738,-0.02604559151945232,0.9991779981792321,-1.371281065909807,-1.787088949208141,2.86251349255045,2.8627078274387805,3.327044549943622
05/05/2023 11:41:04.663115,4631,True,True,True,True,Eyes,2.444776,0.009733725,-2.864153,0.5647915,-0.4061143,0.7183884,0.0,0.0,0.0,0.0,0.0,0.0,0.0,-3.68817,0.2105004,0.5911352,2.448679,0.009138025,-2.828469,0.1824216,0.3306637,-0.06860102,0.9234056,22.47411,39.32946,359.6247,0.6287546,0.002757648,-0.7775987,0.17745,-0.003747882,0.3870104,3.535083,-0.817781,-1.239182,-0.1667008,-0.03207099,2.08832,0.7719108,-0.00605276,-0.6357019,0.2473335,0.9240326,0.2915304,0.5856447,-0.3822659,0.7147679,moving,-1.0462996042365122,-1.4980656831406007,-4.563976007433302,-0.8798402224367449,1.0864040000000004,-0.826919025,1.5892870000000001,-0.0182541203786446,-0.026138845719663434,0.9994917229396876,-0.6552416360497686,-1.7967010984394456,3.5712686710068167,3.5715892818001906,4.014827300392816
05/05/2023 11:41:04.683108,4632,True,True,True,True,Eyes,2.445519,0.009495828,-2.86182,0.5620444,-0.4059903,0.7206095,0.0,0.0,0.0,0.0,0.0,0.0,0.0,-3.673505,0.2269076,0.6418817,2.451841,0.007964134,-2.818963,0.1821639,0.3227323,-0.06740332,0.9263462,22.39564,38.32642,359.5478,0.6308216,0.002740456,-0.7759228,0.166803,-0.003523009,0.3637898,3.512511,-0.813711,-1.209677,-0.1656713,-0.0293988,2.08846,0.7826012,-0.007297224,-0.6224806,0.2424579,0.9245462,0.2939872,0.5733668,-0.3810001,0.7253203,moving,-0.329342010514983,-1.5606571456428364,-4.535605286632094,-0.8064870365150717,1.06067,-0.8216751339999999,1.6092860000000002,-0.005745938868606526,-0.027234789095047424,0.9996125915599334,0.04534924501900356,-1.862356074271096,4.272868636748329,4.273338659820122,4.70106411846792
05/05/2023 11:41:04.693730,4633,True,True,True,True,Eyes,2.44637,0.009216323,-2.859188,0.5590065,-0.4057407,0.7231088,0.0,0.0,0.0,0.0,0.0,0.0,0.0,-3.658036,0.2406964,0.6941014,2.455263,0.00721829,-2.809372,0.1815687,0.3146218,-0.06636812,0.929323,22.28622,37.29597,359.4363,0.6327211,0.002718737,-0.7743747,0.1567949,-0.003311628,0.3419624,3.48935,-0.8080485,-1.179624,-0.1646295,-0.02669281,2.088602,0.7932168,-0.009103883,-0.6088713,0.2376058,0.9252562,0.2957102,0.5606698,-0.3792336,0.7360919,moving,0.3913226784388314,-1.6481067104100646,-4.506896505136294,-0.7322132687368585,1.034087,-0.8152667899999999,1.6297480000000002,0.006826991252324555,-0.028760253382927398,0.9995630842182851,0.7502238789398628,-1.952222175589011,4.982433372700289,4.983112678521664,5.396826518007376
05/05/2023 11:41:04.713483,4634,True,True,True,True,Eyes,2.447325,0.008886635,-2.856277,0.5555906,-0.4053667,0.7259456,0.0,0.0,0.0,0.0,0.0,0.0,0.0,-3.641878,0.2509253,0.7470262,2.458774,0.005893055,-2.799764,0.1796344,0.3065436,-0.06518131,0.9324775,22.02257,36.25818,359.2936,0.6344757,0.002691849,-0.7729378,0.1473872,-0.003112931,0.3214447,3.466928,-0.797748,-1.148108,-0.1636112,-0.02404863,2.08874,0.8035649,-0.01142863,-0.5951074,0.2316917,0.9269658,0.2950482,0.5482723,-0.3749719,0.747525,moving,1.0933044264173564,-1.8826441882479725,-4.478838593626502,-0.6596436717111549,1.0081539999999998,-0.803641055,1.6516560000000002,0.019070309153587595,-0.032846454462546776,0.9992785018074972,1.4408505230018764,-2.1850786051799327,5.703696429073274,5.704779408467326,6.113073774605978
05/05/2023 11:41:04.732882,4635,True,True,True,True,Eyes,2.448369,0.008545911,-2.853076,0.5517797,-0.4047922,0.7291656,0.0,0.0,0.0,0.0,0.0,0.0,0.0,-3.624816,0.2651979,0.7994083,2.462277,0.004332233,-2.790314,0.1780688,0.2983553,-0.0635873,0.9355385,21.78494,35.22526,359.2151,0.6361058,0.00265898,-0.771597,0.1385439,-0.002926155,0.302158,3.443985,-0.7886137,-1.117652,-0.1625535,-0.02130276,2.088884,0.8138815,-0.01272115,-0.5808915,0.2252323,0.9284963,0.2952373,0.5355999,-0.3711237,0.7585512,moving,1.7585016694880384,-2.0808514460123346,-4.449695312380858,-0.5842909079601735,0.9817080000000002,-0.7929459329999999,1.6726619999999999,0.030666609991022775,-0.03629264884465361,0.9988705809101536,2.094639718236361,-2.3823423681172775,6.384412731064663,6.3860318829255025,6.786848314669835
05/05/2023 11:41:04.743288,4636,True,True,True,True,Eyes,2.449518,0.008155999,-2.849616,0.5476252,-0.4040722,0.7326884,0.0,0.0,0.0,0.0,0.0,0.0,0.0,-3.606716,0.2815347,0.851854,2.466007,0.003691658,-2.780668,0.1777335,0.2899048,-0.06224225,0.9383454,21.69338,34.17485,359.1516,0.6376294,0.002620437,-0.7703385,0.1302313,-0.002750586,0.2840285,3.419079,-0.7836563,-1.088867,-0.1615565,-0.01871395,2.089019,0.8241622,-0.01375787,-0.5661867,0.219861,0.9290735,0.2974621,0.5219366,-0.3696394,0.7687321,moving,2.411817282204,-2.1259943394250103,-4.422227643555013,-0.5132560652462549,0.9530720000000001,-0.787347958,1.6918009999999999,0.042052807246241886,-0.03706427044385524,0.998427661496623,2.732720895737266,-2.430598122368568,7.019696018431938,7.0217586677622,7.407394222257294
05/05/2023 11:41:04.763092,4637,True,True,True,True,Eyes,2.450759,0.00771207,-2.845937,0.5431518,-0.4034527,0.7363505,0.0,0.0,0.0,0.0,0.0,0.0,0.0,-3.588481,0.2940142,0.9029731,2.469773,0.002085164,-2.77114,0.17568,0.2818029,-0.06053687,0.9413072,21.39875,33.15879,359.0798,0.6390626,0.002575482,-0.7691501,0.1224174,-0.00258555,0.2669868,3.396378,-0.7727545,-1.058939,-0.1605545,-0.01611108,2.089156,0.8338448,-0.01495334,-0.5517963,0.2129818,0.9309437,0.2966187,0.5092558,-0.3648565,0.7794474,moving,3.0190051185987654,-2.381471585981316,-4.394620975945716,-0.44184282494345284,0.9266049999999999,-0.774839664,1.7122009999999999,0.05262183952275906,-0.041494983150448306,0.9977520364345869,3.331505034217305,-2.6831999961051016,7.660137524854839,7.663159374589317,8.044669358875808
05/05/2023 11:41:04.783307,4638,True,True,True,True,Eyes,2.452097,0.00729427,-2.84202,0.5382243,-0.4030966,0.7401538,0.0,0.0,0.0,0.0,0.0,0.0,0.0,-3.568729,0.3218771,0.9522098,2.473124,0.0003699623,-2.762208,0.1779243,0.2731875,-0.05906131,0.9435166,21.59347,32.12858,359.1227,0.6404191,0.0025233,-0.7680212,0.1150724,-0.002430417,0.2509676,3.368881,-0.7787349,-1.035533,-0.1595179,-0.01341891,2.089297,0.8437607,-0.01423725,-0.5365307,0.208664,0.9297094,0.3034794,0.494497,-0.3680186,0.787423,moving,3.60061990840224,-2.1724895157957422,-4.3660642043049,-0.36798805389329003,0.8957570000000001,-0.7791048623,1.7266750000000002,0.06275635323986811,-0.037833287088049034,0.9973114840473037,3.8928414024571496,-2.4837206819950266,8.165558199762632,8.168493207297686,8.525599473058763
05/05/2023 11:41:04.793823,4639,True,True,True,True,Eyes,2.453525,0.007051614,-2.83785,0.5329679,-0.4028455,0.7440838,0.0,0.0,0.0,0.0,0.0,0.0,0.0,-3.547163,0.3524045,1.002856,2.476869,0.0006203055,-2.752706,0.18133,0.2640724,-0.05763475,0.9455494,21.92252,31.0497,359.1832,0.6417109,0.00246533,-0.7669423,0.108168,-0.002284592,0.2359095,3.339148,-0.7872744,-1.012969,-0.1584569,-0.0106647,2.089441,0.853888,-0.01322455,-0.5202887,0.2047614,0.9275954,0.3124733,0.4784851,-0.3733523,0.7947705,moving,4.2047917391145875,-1.8410201851571162,-4.336837649767588,-0.2924404152181123,0.8622789999999996,-0.7878947055000001,1.7397369999999999,0.0732839590750704,-0.032039950675122025,0.9967963099982459,4.472865373652861,-2.1652127781286423,8.678432230190197,8.680871610666754,9.00656114641681
05/05/2023 11:41:04.813097,4640,True,True,True,True,Eyes,2.455068,0.006886836,-2.833431,0.5274293,-0.4023036,0.7483115,0.0,0.0,0.0,0.0,0.0,0.0,0.0,-3.524418,0.3717149,1.057216,2.480845,0.004621569,-2.742769,0.183648,0.2547738,-0.05681777,0.9477001,22.15032,29.92363,359.1268,0.64295,0.002406787,-0.7659041,0.1016779,-0.002147517,0.221755,3.308732,-0.7883739,-0.9886422,-0.1574128,-0.007953227,2.089583,0.8637242,-0.014115,-0.5037673,0.2012698,0.9260902,0.3191351,0.4620293,-0.3770378,0.8027275,moving,4.835153249912007,-1.5872910461749006,-4.308077748560621,-0.21807419957704216,0.827887,-0.792995469,1.7541267999999999,0.08425710031508932,-0.027601411241471863,0.9960616734156941,5.080514890424518,-1.9225185321426803,9.243109768109663,9.245184036266567,9.542054402675614
05/05/2023 11:41:04.833249,4641,True,True,True,True,Eyes,2.456652,0.006720674,-2.828828,0.5217484,-0.401764,0.7525718,0.0,0.0,0.0,0.0,0.0,0.0,0.0,-3.50371,0.3702365,1.109107,2.485234,0.006266303,-2.732535,0.1796388,0.2467788,-0.0554659,0.9506596,21.64942,28.9061,358.9645,0.6441464,0.002349822,-0.7648983,0.09557727,-0.002018666,0.2084497,3.286697,-0.7669734,-0.9573781,-0.156386,-0.005286336,2.089723,0.8720475,-0.01679628,-0.4891329,0.1941205,0.9293069,0.314175,0.4492777,-0.3689263,0.8136603,moving,5.37589278344089,-2.0515099846341935,-4.279795349566381,-0.144939829732307,0.801463,-0.773239703,1.7751568999999998,0.09362989904734068,-0.03564069615712051,0.9949689450106575,5.620150228445312,-2.3777821365009606,9.838291862868012,9.842119846733224,10.148620951365226
05/05/2023 11:41:04.843334,4642,True,True,True,True,Eyes,2.458298,0.006678788,-2.824028,0.5155771,-0.4017297,0.7568312,0.0,0.0,0.0,0.0,0.0,0.0,0.0,-3.482042,0.386792,1.155904,2.488209,0.00604926,-2.723807,0.1794335,0.2387875,-0.05390738,0.9528265,21.57277,27.93824,358.9503,0.6453073,0.002294256,-0.7639194,0.08984263,-0.001897546,0.1959427,3.261484,-0.7622214,-0.9339837,-0.1553912,-0.002702653,2.089858,0.8801491,-0.01703582,-0.4743916,0.1884217,0.9297952,0.3161932,0.4357004,-0.3676828,0.8215684,moving,5.835000680803425,-2.1358213240433708,-4.252397277910312,-0.07409619412564837,0.7732749999999999,-0.76827066,1.7898233,0.10159412836577025,-0.03707565127979548,0.9941347958721283,6.06996976371715,-2.4628602931789403,10.291416200179464,10.295936484302743,10.595161879981012
05/05/2023 11:41:04.863179,4643,True,True,True,True,Eyes,2.459994,0.00673942,-2.818999,0.5092511,-0.4014069,0.7612725,0.0,0.0,0.0,0.0,0.0,0.0,0.0,-3.456911,0.4170667,1.204668,2.491488,0.009091336,-2.71437,0.1857935,0.2293604,-0.05406731,0.9539137,22.28809,26.82063,358.89,0.6464404,0.002243239,-0.7629608,0.08445208,-0.001783693,0.1841861,3.226776,-0.7808943,-0.9179332,-0.154389,-0.0001014471,2.089995,0.8889411,-0.01792376,-0.4576707,0.1883784,0.925115,0.3296601,0.4174893,-0.3792637,0.8257492,moving,6.402375207474212,-1.4100666214291584,-4.224795004360285,-0.0027811026673636675,0.7352880000000002,-0.789985636,1.7964368000000002,0.1114767814178951,-0.024454441438352292,0.9934661086185652,6.603495760646976,-1.7604749116102993,10.717739543672451,10.719943994378847,10.97002134991258
05/05/2023 11:41:04.883073,4644,True,True,True,True,Eyes,2.461728,0.006873858,-2.813805,0.5025531,-0.4011151,0.7658636,0.0,0.0,0.0,0.0,0.0,0.0,0.0,-3.431807,0.4155171,1.259949,2.494914,0.01154149,-2.7042,0.1820522,0.2207327,-0.0528285,0.9567358,21.81887,25.73681,358.7214,0.6475522,0.002199075,-0.7620175,0.07938495,-0.001676671,0.173135,3.200482,-0.7596392,-0.887704,-0.1533154,0.002686441,2.090141,0.8969724,-0.02071607,-0.4416008,0.1814556,0.9281323,0.3250297,0.4031306,-0.3716736,0.8362682,moving,6.946498147234445,-1.8570545611772968,-4.195229610783054,0.07364175261511516,0.705568,-0.77118069,1.816496,0.12087987469351641,-0.03216841296553724,0.9921457779348448,7.1459648760083905,-2.198995462444009,11.30359295749538,11.307771031015319,11.566657784273742
05/05/2023 11:41:04.893671,4645,True,True,True,True,Eyes,2.463536,0.00709803,-2.80842,0.4954402,-0.4004107,0.7708503,0.0,0.0,0.0,0.0,0.0,0.0,0.0,-3.405381,0.4271152,1.312818,2.49769,0.01345171,-2.695162,0.1822165,0.2117495,-0.05216237,0.9587693,21.80802,24.63658,358.5894,0.6486478,0.002163055,-0.7610853,0.07462186,-0.001576071,0.1627469,3.169818,-0.7546583,-0.8646592,-0.1522993,0.005325973,2.090279,0.9048824,-0.02285485,-0.4250475,0.1771919,0.9281525,0.3273164,0.3870281,-0.3714979,0.8439186,moving,7.462841080539497,-1.822971212767921,-4.167249785489072,0.14598774342063395,0.6721279999999998,-0.76811001,1.8305027999999999,0.12981853409724775,-0.0315422843953552,0.9910358913584234,7.6483870885273175,-2.1692570034842187,11.79118804899475,11.795584467216377,12.04033359075596
05/05/2023 11:41:04.913293,4646,True,True,True,True,Eyes,2.465369,0.007364478,-2.802857,0.4880744,-0.3994195,0.7760461,0.0,0.0,0.0,0.0,0.0,0.0,0.0,-3.379331,0.4325063,1.362437,2.500728,0.01581683,-2.68501,0.1827856,0.2030898,-0.05258386,0.9605098,21.86946,23.55812,358.347,0.6497327,0.002136771,-0.7601594,0.07014454,-0.001481507,0.1529821,3.139544,-0.7513821,-0.8421546,-0.1512703,0.007996619,2.090419,0.911979,-0.02677088,-0.4093625,0.1752584,0.9276488,0.3297761,0.3709162,-0.3724931,0.850688,moving,7.942574064854011,-1.6813905722680933,-4.138915986167936,0.2191762915546222,0.6388159999999998,-0.7671989300000001,1.8428554000000001,0.13812216161074573,-0.02906035800178708,0.9899888233235781,8.112223829960778,-2.0346825950070384,12.22599173328133,12.230067712682672,12.456737400895438
05/05/2023 11:41:04.933009,4647,True,True,True,True,Eyes,2.467175,0.00759356,-2.797146,0.4805256,-0.3981913,0.7813699,0.0,0.0,0.0,0.0,0.0,0.0,0.0,-3.353431,0.423972,1.413697,2.503255,0.01703947,-2.675297,0.1784823,0.1950426,-0.0520968,0.9630101,21.35114,22.54266,358.11,0.6508106,0.002120402,-0.7592368,0.06593587,-0.001392616,0.1438031,3.113561,-0.7294933,-0.8142903,-0.1502172,0.01073271,2.090562,0.9184887,-0.03071619,-0.3942526,0.1699628,0.93086,0.3234383,0.3570592,-0.3640827,0.8602049,moving,8.37357881157467,-2.1005992589496794,-4.109920963120838,0.294147498718182,0.610306,-0.74653277,1.8610067,0.1455310429492251,-0.036263930570069935,0.9886888930066827,8.54367444804116,-2.4454242323995548,12.704412629990127,12.711120275498285,12.946765236896798
05/05/2023 11:41:04.943552,4648,True,True,True,True,Eyes,2.468972,0.007777455,-2.79128,0.4726197,-0.3970962,0.7867308,0.0,0.0,0.0,0.0,0.0,0.0,0.0,-3.32579,0.4350313,1.461073,2.505042,0.0163311,-2.666339,0.1788952,0.1865469,-0.05196165,0.9646226,21.378,21.50125,357.9382,0.6518841,0.002111974,-0.7583153,0.06197972,-0.001309059,0.1351749,3.082761,-0.7284378,-0.7941713,-0.1492482,0.01324862,2.090694,0.9250005,-0.03350207,-0.378486,0.1669914,0.9305931,0.3257461,0.3413033,-0.3645192,0.8663936,moving,8.789250636723525,-1.9911134262829133,-4.083242290721364,0.3630755384159871,0.5777190000000001,-0.7447689000000001,1.8721676999999999,0.15271033528062208,-0.03433697457210688,0.987674364467806,8.945928217278757,-2.3416527481817515,13.07952598353932,13.0859955619979,13.30694702893425
05/05/2023 11:41:04.963097,4649,True,True,True,True,Eyes,2.470752,0.007960012,-2.785255,0.4644177,-0.3956939,0.7923021,0.0,0.0,0.0,0.0,0.0,0.0,0.0,-3.295663,0.451803,1.509124,2.506738,0.01544936,-2.656879,0.1800003,0.1775723,-0.05143589,0.9661379,21.4739,20.41484,357.8161,0.652955,0.0021095,-0.7573934,0.05826094,-0.001230516,0.1270645,3.049934,-0.7299041,-0.7745415,-0.1482221,0.01591241,2.090834,0.9316449,-0.0354622,-0.3616355,0.1633144,0.9299085,0.329543,0.3246016,-0.3660773,0.872136,moving,9.22181431035199,-1.8005927394171208,-4.054992842200693,0.43604434075769194,0.543196,-0.7453534599999999,1.8823375,0.16017991794153008,-0.03101538608360027,0.9866004864935145,9.362464328977818,-2.1591476443120112,13.458142690047659,13.46388330291402,13.666132531911861
05/05/2023 11:41:04.973263,4650,True,True,True,True,Eyes,2.472519,0.008209769,-2.779048,0.4558669,-0.3942052,0.7979897,0.0,0.0,0.0,0.0,0.0,0.0,0.0,-3.263456,0.460758,1.561023,2.508312,0.01555971,-2.647143,0.1791812,0.1683314,-0.05075728,0.9679787,21.34453,19.29014,357.6655,0.6540262,0.002112364,-0.7564687,0.05476528,-0.001156685,0.1194406,3.01656,-0.7225953,-0.7521507,-0.1471808,0.01861537,2.090976,0.9381765,-0.03794027,-0.3440717,0.1585875,0.9306356,0.3297991,0.3076928,-0.3639752,0.8791173,moving,9.680680930709418,-1.8248033195120847,-4.026326914665174,0.5100747009466338,0.508248,-0.7381550100000001,1.8949922999999997,0.16807413535908847,-0.03139044759132528,0.9852744066259161,9.810428753089012,-2.1857471085522526,13.898128166514557,13.904449627496295,14.096923871458534
05/05/2023 11:41:04.993672,4651,True,True,True,True,Eyes,2.474284,0.008468461,-2.772663,0.4471328,-0.392195,0.8039001,0.0,0.0,0.0,0.0,0.0,0.0,0.0,-3.230119,0.4570697,1.615419,2.509906,0.01739958,-2.636708,0.1771377,0.1590029,-0.05104806,0.9699147,21.09101,18.13161,357.3773,0.6550993,0.002121851,-0.7555396,0.05147936,-0.001087284,0.1122741,2.982381,-0.7090015,-0.7278625,-0.1461483,0.02129585,2.091116,0.9442244,-0.04269371,-0.3265236,0.1553553,0.9320327,0.3273833,0.2903534,-0.3598505,0.8866807,moving,10.168355961717284,-1.914888569663819,-3.9979066173110867,0.5834779832811489,0.4724750000000002,-0.7264010799999999,1.9088455,0.17644563561528775,-0.03289062278588151,0.9837607301808322,10.288251696752088,-2.2766326309806058,14.377462890981317,14.384882025614727,14.56964488586764
05/05/2023 11:41:05.013602,4652,True,True,True,True,Eyes,2.476001,0.008671892,-2.766139,0.4381424,-0.3901083,0.8098437,0.0,0.0,0.0,0.0,0.0,0.0,0.0,-3.19806,0.4389283,1.669836,2.511671,0.01759415,-2.626747,0.1704748,0.1504052,-0.05052596,0.9725039,20.2901,17.06917,357.1282,0.6561772,0.002137569,-0.7546034,0.0483906,-0.001022047,0.1055377,2.953175,-0.6783522,-0.6991291,-0.1451311,0.02393907,2.091254,0.9496508,-0.04699278,-0.3097661,0.149554,0.9367709,0.3163762,0.2753124,-0.3467736,0.8966332,moving,10.58698012574424,-2.548000988553912,-3.969909116534635,0.655849442370754,0.4415039999999997,-0.6959463499999999,1.9276179,0.1835524662091054,-0.043701034207070916,0.9820380739024979,10.713398885508118,-2.8954171303092817,14.892035672441047,14.905290402931122,15.106655094794723
05/05/2023 11:41:05.033224,4653,True,True,True,True,Eyes,2.47768,0.008832024,-2.75954,0.4287636,-0.3885179,0.8156075,0.0,0.0,0.0,0.0,0.0,0.0,0.0,-3.165733,0.4452463,1.714821,2.512332,0.01643956,-2.61699,0.168533,0.1420529,-0.04936522,0.9741565,20.02194,16.07271,357.0534,0.6572598,0.002157412,-0.7536607,0.04548717,-0.000960724,0.09920543,2.922687,-0.6675412,-0.6781219,-0.1440411,0.02676785,2.091403,0.9547681,-0.04829768,-0.2934029,0.1440601,0.9383194,0.31433,0.2601242,-0.3423799,0.9028352,moving,10.896564357687438,-2.709186829849979,-3.9399077464052885,0.7332881770858892,0.410355,-0.68398076,1.9388680999999999,0.1888328126138732,-0.046416250223125594,0.9809116565507708,11.019531936680508,-3.0543014080901747,15.215098680738823,15.230611894106547,15.431483094557576
05/05/2023 11:41:05.043486,4654,True,True,True,True,Eyes,2.479285,0.008975398,-2.75282,0.4190699,-0.387201,0.8212526,0.0,0.0,0.0,0.0,0.0,0.0,0.0,-3.130958,0.4794653,1.754695,2.512189,0.01581005,-2.607757,0.1729834,0.1331299,-0.04818042,0.9746959,20.48982,15.02588,357.0711,0.6583481,0.002179836,-0.7527101,0.04275794,-0.0009030805,0.09325311,2.886901,-0.6820459,-0.6665109,-0.1430623,0.02930987,2.091536,0.9599102,-0.047864,-0.276191,0.139981,0.9355108,0.3243839,0.2428533,-0.3500409,0.9047064,moving,11.192965507523285,-2.1713127761169413,-3.912970355599404,0.8028654218744344,0.37471200000000016,-0.69785595,1.9412460999999999,0.19397979023223433,-0.037167834480691414,0.9803011892042386,11.293971945569822,-2.5329239929765555,15.385045040697259,15.395942135971525,15.5685126191079
05/05/2023 11:41:05.063427,4655,True,True,True,True,Eyes,2.48079,0.009093043,-2.746015,0.4091115,-0.3864101,0.8266288,0.0,0.0,0.0,0.0,0.0,0.0,0.0,-3.094768,0.5101036,1.795547,2.512148,0.01558791,-2.598202,0.1759626,0.1241186,-0.04643496,0.9754362,20.78164,13.97572,357.1241,0.6594418,0.002204142,-0.7517521,0.0,0.0,0.0,2.851723,-0.6899758,-0.6531613,-0.1420112,0.03204024,2.091679,0.9648768,-0.04690823,-0.2584811,0.1342691,0.933762,0.3317537,0.2257979,-0.3548075,0.9072635,moving,11.496019219117024,-1.850638670212421,-3.884044769033902,0.8775854063952852,0.33957499999999996,-0.7055637100000001,1.9450407000000003,0.1992000396176392,-0.03164691330922409,0.9794477907974624,11.580751238428775,-2.222922823038309,15.611477863880632,15.620165648667076,15.772541546409666
05/05/2023 11:41:05.083073,4656,True,True,True,True,Eyes,2.482206,0.009249177,-2.739093,0.3987948,-0.3860814,0.8318076,0.0,0.0,0.0,0.0,0.0,0.0,0.0,-3.056189,0.5499523,1.835616,2.511365,0.01518453,-2.58941,0.1814244,0.1146681,-0.04516003,0.9756522,21.36888,12.86614,357.137,0.6605399,0.00222946,-0.7507873,0.0,0.0,0.0,2.812918,-0.7082097,-0.6445339,-0.1409985,0.03466821,2.091816,0.9696236,-0.04651375,-0.2401386,0.1297281,0.9300915,0.3436573,0.2073661,-0.364371,0.9078728,moving,11.825824442848623,-1.2586239373417694,-3.8561792164344753,0.949490911929962,0.30155299999999974,-0.72339423,1.9448761,0.20488986126108133,-0.021499370880223773,0.9785488976821392,11.886294904759538,-1.6490888971088629,15.831714992948655,15.836698202508716,15.955504018375835
05/05/2023 11:41:05.094232,4657,True,True,True,True,Eyes,2.483517,0.009416651,-2.732058,0.3883764,-0.3857527,0.8368744,0.0,0.0,0.0,0.0,0.0,0.0,0.0,-3.016955,0.5857224,1.874706,2.510825,0.01635505,-2.579749,0.1871812,0.1051615,-0.04456863,0.9756629,22.00116,11.73155,357.0573,0.6616421,0.002256738,-0.7498161,0.0,0.0,0.0,2.773601,-0.7261029,-0.6363054,-0.1399682,0.03734475,2.091957,0.9739094,-0.0475994,-0.2218892,0.1263364,0.9259537,0.3558777,0.1885195,-0.3746253,0.9078085,moving,12.176439979665073,-0.6036318793727409,-3.827828297736225,1.0227118976236538,0.2627760000000001,-0.74245795,1.9434436000000002,0.21091169474457844,-0.010298182226562813,0.977450939675444,12.210427415838339,-1.0141170280971623,16.084456392833847,16.08669006278198,16.167075134564698
05/05/2023 11:41:05.113580,4658,True,True,True,True,Eyes,2.484725,0.009572403,-2.724936,0.3777423,-0.3856502,0.8417746,0.0,0.0,0.0,0.0,0.0,0.0,0.0,-2.980092,0.6012303,1.913909,2.509929,0.01679543,-2.570106,0.1880788,0.0966836,-0.0436982,0.9764063,22.06958,10.71919,356.9712,0.6627489,0.002286131,-0.7488379,0.0,0.0,0.0,2.739609,-0.7254187,-0.6222493,-0.1389311,0.04003745,2.092098,0.9774855,-0.04896611,-0.2052423,0.1217027,0.9254336,0.3588328,0.1723675,-0.3757325,0.9105573,moving,12.436772775051226,-0.5201449428013426,-3.7992939113161484,1.0963620816796702,0.2296800000000001,-0.74221413,1.9478567,0.21535363256316425,-0.00886510844843108,0.976495786969169,12.461954511638625,-0.9346119373745332,16.314159106348452,16.31634016574688,16.38758846624854
05/05/2023 11:41:05.133364,4659,True,True,True,True,Eyes,2.48583,0.009720824,-2.717735,0.3670182,-0.3855637,0.8465449,0.0,0.0,0.0,0.0,0.0,0.0,0.0,-2.944337,0.6281625,1.946613,2.508798,0.0167123,-2.560989,0.1910594,0.0886107,-0.04243496,0.9766493,22.37807,9.767091,356.9607,0.6638588,0.002317108,-0.7478541,0.0,0.0,0.0,2.7068,-0.7335495,-0.6125991,-0.1378635,0.04281002,2.092243,0.9806948,-0.04902832,-0.1892983,0.116748,0.9233911,0.3656757,0.156868,-0.3807165,0.9112889,moving,12.626130255971573,-0.21235494073019434,-3.7699226688957834,1.1721827950624206,0.1980019999999998,-0.7502618,1.9483899000000002,0.21858686402501842,-0.0036166571585324603,0.9758107891756711,12.638247834116958,-0.6363928267155095,16.452788928896346,16.45440659084627,16.50754388258977
05/05/2023 11:41:05.143345,4660,True,True,True,True,Eyes,2.486827,0.009865332,-2.710453,0.3561381,-0.3855663,0.8511782,0.0,0.0,0.0,0.0,0.0,0.0,0.0,-2.908061,0.6591061,1.97697,2.507421,0.016703,-2.551903,0.1941778,0.08066807,-0.04048992,0.9768052,22.69839,8.846041,357.0316,0.6649713,0.00234934,-0.7468649,0.0,0.0,0.0,2.674774,-0.7421059,-0.6038011,-0.1367646,0.0456633,2.092393,0.9837065,-0.04777364,-0.1733185,0.1104294,0.9213111,0.3728152,0.1418695,-0.3858801,0.9115753,moving,12.781322193190855,0.08423701036605143,-3.7396911625687297,1.2501949370277872,0.1673530000000003,-0.7588089,1.9481018999999997,0.2212303753762207,0.0014337831345782037,0.975220545004749,12.78153776130727,-0.3488426762277146,16.560663356538875,16.562105548146103,16.598431445281893
05/05/2023 11:41:05.163023,4661,True,True,True,True,Eyes,2.487712,0.009993399,-2.703114,0.3452221,-0.3854999,0.8556935,0.0,0.0,0.0,0.0,0.0,0.0,0.0,-2.871308,0.6857656,2.007734,2.505949,0.01675913,-2.542758,0.1955133,0.07291018,-0.03777659,0.9772573,22.80787,7.964926,357.1816,0.6660859,0.002382614,-0.7458708,0.0,0.0,0.0,2.644154,-0.7439581,-0.5929863,-0.1358306,0.04808891,2.09252,0.9865141,-0.04532507,-0.1572756,0.1023447,0.9206949,0.376625,0.1277324,-0.3876421,0.9129173,moving,12.912358257915173,0.1574962659751448,-3.7139988072740557,1.3165019576311539,0.1382049999999997,-0.7607172299999999,1.9497717,0.22345953901520285,0.0026793157402338896,0.974709440223571,12.907299624739819,-0.27843153322525926,16.66513630995455,16.666704636863845,16.69764577436958
05/05/2023 11:41:05.183119,4662,True,True,True,True,Eyes,2.488495,0.0100955,-2.695708,0.3341923,-0.385543,0.8600419,0.0,0.0,0.0,0.0,0.0,0.0,0.0,-2.83364,0.7203417,2.03602,2.504341,0.01648225,-2.534124,0.1979647,0.06510416,-0.03456939,0.9774337,23.04761,7.090422,357.3963,0.667202,0.00241641,-0.7448725,0.0,0.0,0.0,2.613441,-0.750477,-0.5848045,-0.1347961,0.05077529,2.09266,0.9891328,-0.04180191,-0.140957,0.09335521,0.9192299,0.3824935,0.113583,-0.3914959,0.9131428,moving,13.029447965654768,0.3385293569787359,-3.6855449739562736,1.3899243644530992,0.10909999999999975,-0.76695925,1.9493194999999999,0.22544807688610866,0.005756306301211989,0.974238162643007,13.016561461999943,-0.10306566090224972,16.746272329770353,16.74802735945308,16.768702353307507
05/05/2023 11:41:05.193578,4663,True,True,True,True,Eyes,2.489219,0.01018258,-2.688259,0.3229019,-0.3852909,0.8644567,0.0,0.0,0.0,0.0,0.0,0.0,0.0,-2.796363,0.7545332,2.06191,2.502746,0.01596203,-2.525162,0.1995791,0.05765518,-0.03060267,0.9777054,23.1904,6.278446,357.7039,0.6683184,0.002449969,-0.7438709,0.0,0.0,0.0,2.584914,-0.7541604,-0.575619,-0.1337753,0.05342644,2.092799,0.9914787,-0.03682724,-0.1249548,0.08285432,0.9184633,0.3867304,0.1005242,-0.393788,0.9136881,moving,13.080944057631632,0.42292020446433026,-3.657468416847696,1.4623691985797302,0.0821679999999998,-0.7701224299999999,1.9495429999999998,0.22632152288198687,0.007189758674056662,0.9740261682685414,13.06448622142585,-0.021296188938703164,16.76867700579793,16.770656110515556,16.78764515667991
05/05/2023 11:41:05.213400,4664,True,True,True,True,Eyes,2.489836,0.0102614,-2.68075,0.311536,-0.3851821,0.8686657,0.0,0.0,0.0,0.0,0.0,0.0,0.0,-2.759134,0.7893696,2.086408,2.501061,0.01566047,-2.516639,0.2010227,0.05041738,-0.02624405,0.9779363,23.31719,5.502561,358.0618,0.669435,0.002482921,-0.742866,0.0,0.0,0.0,2.557499,-0.7571429,-0.5670853,-0.1327394,0.0561164,2.092941,0.9935387,-0.03105995,-0.1091613,0.07160009,0.9178023,0.3905284,0.08805867,-0.395821,0.9140959,moving,13.101067623920548,0.4720099532789426,-3.628976924799418,1.5358592247535967,0.05643799999999999,-0.77280337,1.9495537,0.22666216273467588,0.00802362702955775,0.9739404053670992,13.082779927471753,0.02633391523061701,16.76163541392026,16.763835058678303,16.779793912605808
05/05/2023 11:41:05.233431,4665,True,True,True,True,Eyes,2.490322,0.01030884,-2.673182,0.300059,-0.3847807,0.8728736,0.0,0.0,0.0,0.0,0.0,0.0,0.0,-2.722807,0.8220096,2.108472,2.499198,0.01554434,-2.507747,0.2029372,0.04343489,-0.0225395,0.9779683,23.50882,4.742016,358.3467,0.6705514,0.00251512,-0.7418584,0.0,0.0,0.0,2.530422,-0.7619855,-0.5593473,-0.1317064,0.05879778,2.093081,0.9952108,-0.02645673,-0.0941041,0.06171494,0.916617,0.3949742,0.07580769,-0.3988902,0.9138598,moving,13.101318252374588,0.6226476322725784,-3.6005700042768227,1.6091010802643404,0.031224000000000363,-0.77752984,1.9483997000000002,0.22666100953746976,0.01058420820392772,0.9739161531890724,13.07896407237939,0.17290034280811112,16.728426246755582,16.730994045265966,16.741252329876808
05/05/2023 11:41:05.243340,4666,True,True,True,True,Eyes,2.490695,0.01030207,-2.665576,0.2885183,-0.3844157,0.8769161,0.0,0.0,0.0,0.0,0.0,0.0,0.0,-2.68778,0.8399489,2.133324,2.497195,0.01478738,-2.498909,0.2025397,0.03675143,-0.01966229,0.9783867,23.43882,3.996799,358.5268,0.6716665,0.002545799,-0.7408488,0.0,0.0,0.0,2.5041,-0.7583945,-0.5483799,-0.1306877,0.06144279,2.093219,0.9965255,-0.02358741,-0.07987899,0.0533619,0.9171821,0.394879,0.06394942,-0.3977695,0.915254,moving,13.093768152950867,0.534870326078443,-3.572558416868444,1.6813348209142558,0.006905000000000161,-0.77318188,1.9505290999999998,0.22653601545975804,0.009092426195347697,0.9739603933251542,13.07396997467404,0.08754447419491357,16.703079521713022,16.705712261672183,16.72265155888042
05/05/2023 11:41:05.263087,4667,True,True,True,True,Eyes,2.490991,0.01025952,-2.657912,0.2768607,-0.3838548,0.8809107,0.0,0.0,0.0,0.0,0.0,0.0,0.0,-2.651746,0.8616123,2.157095,2.494942,0.013471,-2.490436,0.2029011,0.02994506,-0.01683329,0.9785964,23.461,3.235687,358.7011,0.6727796,0.002573637,-0.7398381,0.0,0.0,0.0,2.476874,-0.7584418,-0.5393078,-0.1296548,0.06412572,2.09336,0.9976399,-0.02079422,-0.06543924,0.04509776,0.9170956,0.3961084,0.05177727,-0.3981247,0.9158689,moving,13.094221959863598,0.5524049007447059,-3.5441565740098895,1.7545880890086087,-0.018067999999999973,-0.7719128000000001,1.9511281999999999,0.2265430976297665,0.009390476538555265,0.9739558819211007,13.073939740770006,0.10460232983484802,16.678904433952336,16.68175304500718,16.699807727419422
05/05/2023 11:41:05.283073,4668,True,True,True,True,Eyes,2.49117,0.01018596,-2.650193,0.2651908,-0.3831157,0.8848141,0.0,0.0,0.0,0.0,0.0,0.0,0.0,-2.617516,0.8779768,2.179305,2.492746,0.01253436,-2.481464,0.2029476,0.0235044,-0.01453148,0.9787997,23.45152,2.506103,358.8191,0.6738906,0.002597943,-0.7388261,0.0,0.0,0.0,2.450842,-0.7569042,-0.5295516,-0.1286175,0.06681907,2.093501,0.9984728,-0.01890649,-0.05191044,0.03798713,0.9172023,0.3966069,0.04011393,-0.3979731,0.9165196,moving,13.06807144795886,0.5648267964901991,-3.5156368450586575,1.8281106420492592,-0.04190399999999972,-0.76943856,1.9519123999999999,0.22609806738111146,0.009602651052276812,0.9740571053943573,13.04811291632455,0.11686205460272686,16.62869080311522,16.631754772793776,16.651912139023555
05/05/2023 11:41:05.293784,4669,True,True,True,True,Eyes,2.491278,0.01007164,-2.642421,0.2535231,-0.3821324,0.8886512,0.0,0.0,0.0,0.0,0.0,0.0,0.0,-2.585987,0.8750958,2.204851,2.490226,0.01167907,-2.472474,0.2004512,0.01754279,-0.0135971,0.9794523,23.15014,1.801997,358.7784,0.674999,0.002618222,-0.7378135,0.0,0.0,0.0,2.425641,-0.7450293,-0.5160319,-0.1275856,0.06949955,2.093642,0.9990147,-0.01960246,-0.03981576,0.03366836,0.9192688,0.3921877,0.02891354,-0.3931419,0.9190231,moving,13.02554660947529,0.3394073135409857,-3.4872664461396083,1.9012654514466083,-0.06458499999999967,-0.75670837,1.9564421,0.2253817330986796,0.005771326074442251,0.9742534859088712,13.012734682351647,-0.10218555134373611,16.58336078061261,16.58651246804547,16.62118687581589
05/05/2023 11:41:05.313224,4670,True,True,True,True,Eyes,2.491264,0.009892824,-2.634606,0.2419473,-0.3811129,0.8923084,0.0,0.0,0.0,0.0,0.0,0.0,0.0,-2.559386,0.8694773,2.225118,2.487714,0.01053133,-2.463485,0.1985941,0.0124818,-0.01363197,0.9799076,22.92638,1.185033,358.6463,0.6761048,0.002633755,-0.7368003,0.0,0.0,0.0,2.403403,-0.7359103,-0.5036749,-0.1265644,0.07215065,2.093781,0.9993168,-0.02175852,-0.02987648,0.03167377,0.9207491,0.3888674,0.01904756,-0.3895481,0.9208091,moving,12.909809305334566,0.2200576700071408,-3.459193189188742,1.9736030709280572,-0.08431100000000002,-0.74644163,1.9598100999999999,0.2234154106363372,0.003743640407660759,0.9747160400244548,12.903128625399289,-0.21754336898909046,16.459253887638464,16.46265969212755,16.508382655042404
05/05/2023 11:41:05.333246,4671,True,True,True,True,Eyes,2.491108,0.009667319,-2.626765,0.2305534,-0.3801345,0.8957359,0.0,0.0,0.0,0.0,0.0,0.0,0.0,-2.535906,0.868944,2.239223,2.484828,0.008805536,-2.4547,0.1979571,0.008149114,-0.01372905,0.9800808,22.84575,0.6551971,358.5273,0.6772073,0.002643239,-0.735787,0.0,0.0,0.0,2.383727,-0.7321531,-0.4934117,-0.1254899,0.07494128,2.093927,0.9994902,-0.0236848,-0.0214091,0.0301375,0.921249,0.387804,0.01053806,-0.3882516,0.9214932,moving,12.724554449830055,0.24198891742828668,-3.429657336409581,2.049731021613024,-0.10110099999999989,-0.740958636,1.9612882999999999,0.22026237629433257,0.004119764475946586,0.9754319166504942,12.721947566213105,-0.19497610228412482,16.251424405594946,16.25504506145479,16.306840619890163
05/05/2023 11:41:05.343340,4672,True,True,True,True,Eyes,2.49082,0.009399286,-2.618892,0.2193268,-0.3792399,0.8989288,0.0,0.0,0.0,0.0,0.0,0.0,0.0,-2.515062,0.8758218,2.247509,2.481851,0.007424552,-2.446274,0.1986808,0.004452286,-0.01341156,0.9799625,22.92456,0.2113191,358.4747,0.6783051,0.002645982,-0.7347751,0.0,0.0,0.0,2.366686,-0.7338411,-0.4856964,-0.1245024,0.07750499,2.094061,0.9996006,-0.02451648,-0.01405538,0.02805482,0.9206922,0.38928,0.003396907,-0.3895188,0.9210123,moving,12.468756487919965,0.40635600891495305,-3.4025152514108026,2.11965303102831,-0.11516499999999974,-0.741265652,1.9605776,0.2159020430507796,0.0069249222034745705,0.9763905405516099,12.468160644598008,-0.03335319912207363,15.959696744732568,15.963478734588586,16.016047865288783
05/05/2023 11:41:05.363501,4673,True,True,True,True,Eyes,2.490366,0.009093537,-2.610989,0.2082803,-0.3784258,0.9018942,0.0,0.0,0.0,0.0,0.0,0.0,0.0,-2.496229,0.8824149,2.252807,2.478455,0.006216582,-2.437659,0.199714,0.001230707,-0.01328789,0.9797633,23.04025,359.8197,358.4092,0.6793976,0.002641472,-0.7337651,0.0,0.0,0.0,2.351047,-0.7365878,-0.4782379,-0.1235119,0.08007783,2.094196,0.9996438,-0.0255464,-0.007719159,0.02652956,0.9198756,0.3913122,-0.002895954,-0.3913776,0.9202256,moving,12.176445551111042,0.6062706326491034,-3.375291709665236,2.1898081590591714,-0.12740799999999997,-0.742804382,1.9594211000000001,0.21091166885072038,0.010343197534687404,0.977450358675433,12.17782206271722,0.16309902712590624,15.628074502233,15.632150297568348,15.684607037542717
05/05/2023 11:41:05.383402,4674,True,True,True,True,Eyes,2.489775,0.008757245,-2.60306,0.1974589,-0.3776536,0.9046478,0.0,0.0,0.0,0.0,0.0,0.0,0.0,-2.479996,0.8840319,2.256965,2.474942,0.004944485,-2.429078,0.2000874,-0.001468783,-0.01346163,0.9796845,23.07934,359.4853,358.3204,0.6804836,0.002629375,-0.7327581,0.0,0.0,0.0,2.337351,-0.7366014,-0.4696683,-0.1224617,0.08280438,2.094339,0.9996333,-0.02696408,-0.002509118,0.02578853,0.9195676,0.3920845,-0.008264894,-0.3920054,0.9199257,moving,11.847984935402105,0.7325418625101258,-3.3464297199828,2.2641376146707,-0.13759100000000002,-0.741545885,1.9594097000000001,0.20529969325403852,0.01251258886451484,0.978619114822879,11.854229016859284,0.28813711556697946,15.267004476255732,15.271411927775763,15.32855518326472
05/05/2023 11:41:05.393877,4675,True,True,True,True,Eyes,2.489067,0.008422527,-2.595084,0.1867703,-0.3769322,0.9072149,0.0,0.0,0.0,0.0,0.0,0.0,0.0,-2.464822,0.8875945,2.258772,2.471048,0.003827393,-2.420564,0.2006456,-0.003816575,-0.01330696,0.979566,23.14066,359.2014,358.2799,0.6815625,0.002609578,-0.7317548,0.0,0.0,0.0,2.324927,-0.7373379,-0.4614253,-0.1214208,0.08550733,2.09448,0.9996167,-0.02760165,0.002137208,0.02453853,0.9191285,0.3931928,-0.01281714,-0.3929896,0.9194536,moving,11.4822013862215,0.8679170272730566,-3.317826687335968,2.3378070106619306,-0.14612099999999995,-0.741165293,1.9591387000000002,0.19904157353818328,0.014844345476701881,0.979878564186273,11.49400748822104,0.4222806944771155,14.868046708602419,14.872841273319505,14.935182379609401
05/05/2023 11:41:05.413505,4676,True,True,True,True,Eyes,2.488209,0.008091475,-2.587064,0.176369,-0.3760904,0.9096428,0.0,0.0,0.0,0.0,0.0,0.0,0.0,-2.452257,0.8867368,2.259003,2.467365,0.003827281,-2.411443,0.2007124,-0.00566896,-0.01322648,0.9795446,23.14526,358.9771,358.2433,0.6826339,0.002582874,-0.7307557,0.0,0.0,0.0,2.314722,-0.7350568,-0.4517354,-0.1203931,0.08817637,2.09462,0.9995858,-0.02818751,0.005796562,0.02363619,0.9190792,0.3933634,-0.01641543,-0.3930635,0.9193648,moving,11.080935269136551,0.9535709692682788,-3.2895872982085987,2.4105339814394164,-0.15264299999999986,-0.7388840809999999,1.9597075999999998,0.19216980753270052,0.016332002859560046,0.9812257984176936,11.100537028185915,0.5082816074563614,14.43908400342968,14.444191222682251,14.515310614086607
05/05/2023 11:41:05.434630,4677,True,True,True,True,Eyes,2.487209,0.00771865,-2.579008,0.1661022,-0.3751172,0.9119743,0.0,0.0,0.0,0.0,0.0,0.0,0.0,-2.440903,0.87848,2.25999,2.462918,0.003561817,-2.402355,0.199212,-0.007096258,-0.01315976,0.9798424,22.96732,358.8083,358.219,0.6836969,0.002550042,-0.7297614,0.0,0.0,0.0,2.305643,-0.7266665,-0.4395506,-0.1193041,0.09100324,2.094769,0.9995529,-0.02861631,0.008663263,0.02296167,0.9202828,0.3905795,-0.01914959,-0.3902059,0.9205285,moving,10.642668999965231,0.8627619155305082,-3.2596648583158054,2.487541627941691,-0.15727500000000028,-0.730228317,1.9628044,0.1846630802468823,0.01479850683654188,0.9826904545330194,10.675754367489223,0.4228321689636008,13.991883193772837,13.996956662823894,14.0875453557009
05/05/2023 11:41:05.443591,4678,True,True,True,True,Eyes,2.48605,0.007317917,-2.57093,0.1560992,-0.3741463,0.9141377,0.0,0.0,0.0,0.0,0.0,0.0,0.0,-2.429414,0.8688633,2.261786,2.458383,0.002057314,-2.393533,0.1962283,-0.008372173,-0.01219653,0.9804467,22.61758,358.6838,358.3113,0.6847513,0.002510492,-0.7287721,0.0,0.0,0.0,2.29758,-0.7141525,-0.4256608,-0.1183632,0.09344697,2.094897,0.9995623,-0.02720181,0.01163033,0.02063038,0.9226913,0.384987,-0.02120355,-0.3845786,0.9228488,moving,10.186262433965185,0.5780612663786989,-3.2338148887000124,2.5540969560615654,-0.16080300000000003,-0.716209814,1.9678722000000002,0.17684005285533383,0.009929896888424383,0.9841895861364963,10.238514207277209,0.14884955776591724,13.559910879985853,13.564777638915174,13.685352254046018
05/05/2023 11:41:05.463049,4679,True,True,True,True,Eyes,2.484744,0.006919623,-2.562798,0.146145,-0.3730804,0.9162165,0.0,0.0,0.0,0.0,0.0,0.0,0.0,-2.415106,0.8743665,2.260558,2.453445,0.0009743087,-2.384949,0.1960738,-0.01012348,-0.0108062,0.9804773,22.59862,358.5048,358.4383,0.6857961,0.002464099,-0.7277892,0.0,0.0,0.0,2.28736,-0.7124097,-0.4162716,-0.1173244,0.09614563,2.095038,0.9995615,-0.02516036,0.01561407,0.01722056,0.9228766,0.3847106,-0.02408932,-0.3842731,0.9229051,moving,9.775220381876895,0.6213970978496134,-3.205277872156063,2.6275783121059275,-0.16608499999999982,-0.7133840087000001,1.9686774000000002,0.16977361265434218,0.010687773844853199,0.9854251431224721,9.836654590573579,0.19374044420164055,13.129570058982235,13.134614497098408,13.267085932097002
05/05/2023 11:41:05.483106,4680,True,True,True,True,Eyes,2.483273,0.006503381,-2.554641,0.1364466,-0.3717794,0.9182388,0.0,0.0,0.0,0.0,0.0,0.0,0.0,-2.402646,0.862323,2.263107,2.448371,0.0005317032,-2.375593,0.1934633,-0.01162194,-0.01050763,0.9809824,22.29181,358.336,358.4448,0.6868315,0.002411563,-0.7268123,0.0,0.0,0.0,2.277442,-0.6998796,-0.4024551,-0.1162868,0.09884036,2.095179,0.999509,-0.02511244,0.01873617,0.01611876,0.9249231,0.3798123,-0.02686752,-0.3793239,0.9248738,moving,9.376671141326026,0.4117609794646218,-3.17677581986083,2.7009338980353474,-0.17092899999999966,-0.7004113032,1.9731378999999998,0.16292016248077468,0.0070905059960564565,0.9866138231969579,9.453791615020986,-0.007589238542382859,12.755333359031258,12.760460150733168,12.917713857663587
05/05/2023 11:41:05.503421,4681,True,True,True,True,Eyes,2.481663,0.006042481,-2.546469,0.126929,-0.3703234,0.92019,0.0,0.0,0.0,0.0,0.0,0.0,0.0,-2.388937,0.8489091,2.267725,2.442971,-0.0003715381,-2.366884,0.1901376,-0.01327521,-0.009990772,0.981617,21.90194,358.1556,358.4768,0.6878561,0.002352981,-0.7258428,0.0,0.0,0.0,2.266704,-0.6849318,-0.3884318,-0.1152406,0.1015559,2.095321,0.9994479,-0.02466245,0.02226311,0.01456599,0.9274958,0.3735497,-0.02986159,-0.3730192,0.927343,moving,9.002561967718139,0.12252983333020681,-3.1480400758149263,2.7748371395979863,-0.17626700000000017,-0.6845602619,1.9784522000000002,0.15647828225470878,0.002112203512776911,0.9876791551447746,9.096898622851763,-0.286525703005641,12.431290681242086,12.436714359797419,12.621824994357164
05/05/2023 11:41:05.513187,4682,True,True,True,True,Eyes,2.479887,0.005554227,-2.538286,0.1176536,-0.3688946,0.9219948,0.0,0.0,0.0,0.0,0.0,0.0,0.0,-2.375051,0.8500431,2.267273,2.437594,-0.001991384,-2.35841,0.1891525,-0.01489562,-0.008798973,0.9817954,21.78693,357.9894,358.5861,0.6888697,0.002287659,-0.7248812,0.0,0.0,0.0,2.256385,-0.6803967,-0.3780605,-0.1142257,0.1041914,2.095459,0.9994014,-0.02291267,0.0259202,0.01164249,0.9282878,0.3716802,-0.03257759,-0.3711559,0.9279989,moving,8.623102833087788,0.09368347695166579,-3.120165879701098,2.8465434380122563,-0.18120899999999995,-0.678405316,1.9803495,0.14993382270842548,0.0016166014670264128,0.9886947163492354,8.727772175471035,-0.31207638925057707,12.056034139138436,12.061616725214613,12.261750094190221
05/05/2023 11:41:05.533097,4683,True,True,True,True,Eyes,2.477934,0.005173004,-2.53008,0.108411,-0.3677348,0.9235898,0.0,0.0,0.0,0.0,0.0,0.0,0.0,-2.360402,0.8549153,2.265801,2.431854,-0.003148671,-2.34996,0.1890059,-0.01660003,-0.007540542,0.9818066,21.77016,357.8126,358.6992,0.6898717,0.002215424,-0.7239279,0.0,0.0,0.0,2.24553,-0.6783868,-0.3687346,-0.1130325,0.1072897,2.095622,0.9993351,-0.02108172,0.02974562,0.008531704,0.9284398,0.3713849,-0.03544645,-0.3708843,0.9280024,moving,8.25416842399247,0.14546795421089617,-3.0873963740518766,2.9308169580330543,-0.18632399999999993,-0.6752381289999999,1.9812253999999998,0.14356416444919579,0.0025125916065950327,0.9896377944912486,8.366732168196714,-0.259244338230271,11.672875964704193,11.678581298314096,11.890061048466952
05/05/2023 11:41:05.543039,4684,True,True,True,True,Eyes,2.475825,0.004939599,-2.521809,0.09942362,-0.3663844,0.9251364,0.0,0.0,0.0,0.0,0.0,0.0,0.0,-2.345004,0.86659,2.262153,2.426099,-0.0009720735,-2.341238,0.1912908,-0.01851712,-0.00652332,0.9813371,22.03667,357.5986,358.7706,0.6908607,0.002139986,-0.7229843,0.0,0.0,0.0,2.233206,-0.683652,-0.3630057,-0.11221,0.1094251,2.095733,0.9992291,-0.01988746,0.03384737,0.00571884,0.9267305,0.3756831,-0.03883878,-0.3751999,0.9261299,moving,7.929351911854031,0.49675669551363666,-3.0648113798599717,2.988886588478065,-0.19289299999999976,-0.6826799265000001,1.9782323000000002,0.13794686349745694,0.008587043308526637,0.9904023772793841,8.040626514097482,0.08470807985942641,11.267389329059412,11.273080230721263,11.4788938328773
05/05/2023 11:41:05.563005,4685,True,True,True,True,Eyes,2.473559,0.004654912,-2.513535,0.09064575,-0.3645195,0.9267734,0.0,0.0,0.0,0.0,0.0,0.0,0.0,-2.333572,0.8475578,2.264778,2.420268,0.00230043,-2.331401,0.1885237,-0.01976047,-0.006743695,0.9818467,21.71169,357.4493,358.7237,0.6918371,0.002065801,-0.7220504,0.0,0.0,0.0,2.223193,-0.6665816,-0.3486289,-0.1111649,0.1121393,2.095876,0.9991281,-0.02069319,0.03626082,0.005791913,0.9288267,0.3704694,-0.04134621,-0.3699363,0.9281366,moving,7.568832665093594,0.30579502017743204,-3.0361132654137752,3.0626754359701747,-0.1970749999999999,-0.66888203,1.9827721,0.13171533665880844,0.005290605655982716,0.9912734902142408,7.69433256002064,-0.09870385786183722,10.951600364508371,10.957429799727963,11.18645549993619
05/05/2023 11:41:05.583308,4686,True,True,True,True,Eyes,2.471138,0.004453323,-2.505309,0.0820363,-0.3632765,0.9280626,0.0,0.0,0.0,0.0,0.0,0.0,0.0,-2.324683,0.8169056,2.270238,2.414213,0.000623446,-2.323153,0.1813344,-0.02025673,-0.006151274,0.9831937,20.87464,357.4198,358.8077,0.6928003,0.001991249,-0.7211264,0.0,0.0,0.0,2.21657,-0.6368107,-0.3298586,-0.1101216,0.1148485,2.096017,0.9991036,-0.01944227,0.0376017,0.004749303,0.93416,0.3568228,-0.04206345,-0.3563244,0.9334151,moving,7.1187494789870405,-0.45124061727739173,-3.007469475151998,3.136310767649309,-0.19764300000000024,-0.6374341459999999,1.9932944,0.12392241419166727,-0.00781484744504185,0.9922611162940023,7.275987505246987,-0.8323029081168547,10.736162903006894,10.74294350942302,11.022675808314187
05/05/2023 11:41:05.593566,4687,True,True,True,True,Eyes,2.468597,0.004388094,-2.497006,0.07334666,-0.3619509,0.9293072,0.0,0.0,0.0,0.0,0.0,0.0,0.0,-2.305824,0.8578173,2.260615,2.408101,0.002521127,-2.316052,0.1886597,-0.02268462,-0.003983096,0.9817724,21.73171,357.1588,358.9896,0.6937491,0.001918694,-0.7202138,0.0,0.0,0.0,2.202504,-0.6627033,-0.3324243,-0.1091084,0.1174793,2.096155,0.9989391,-0.01638033,0.04303937,-0.0007383556,0.9287834,0.3706224,-0.04604517,-0.370261,0.9277859,moving,6.845848933955279,0.4728601724778751,-2.9796528129459827,3.207794158722909,-0.20559700000000003,-0.665224427,1.9836277,0.11919451785476289,0.008194038087427413,0.9928371382905646,6.985051382386054,0.06864233505174416,10.1930054332819,10.199036645069862,10.44746877825083
05/05/2023 11:41:05.613538,4688,True,True,True,True,Eyes,2.465914,0.004423393,-2.48871,0.06479795,-0.3601761,0.9306312,0.0,0.0,0.0,0.0,0.0,0.0,0.0,-2.289614,0.8398919,2.266878,2.401881,0.005659834,-2.305954,0.1856245,-0.02482584,-0.003888944,0.9822995,21.37587,356.9088,358.9628,0.6946844,0.001851809,-0.719312,0.0,0.0,0.0,2.188524,-0.6446116,-0.317929,-0.1080344,0.1202691,2.096302,0.9987371,-0.01685678,0.04732905,-0.001576354,0.9310569,0.3648709,-0.05021658,-0.3644847,0.9298545,moving,6.594072522944776,0.23725678752014304,-2.950168385577311,3.283575620019338,-0.2133569999999998,-0.650271434,1.988025,0.11483341153706833,0.004113507302371339,0.9933762602364141,6.745965242171644,-0.15892640584682338,10.01241024244704,10.01861232652236,10.289112086339458
05/05/2023 11:41:05.633031,4689,True,True,True,True,Eyes,2.463068,0.004551395,-2.480418,0.05637894,-0.3585984,0.9317878,0.0,0.0,0.0,0.0,0.0,0.0,0.0,-2.271036,0.8098565,2.28188,2.39584,0.008000795,-2.297899,0.1791566,-0.0274069,-0.003469208,0.9834326,20.62113,356.6219,358.981,0.6956055,0.001792904,-0.7184213,0.0,0.0,0.0,2.173004,-0.6135343,-0.3014871,-0.107015,0.1229158,2.09644,0.9984736,-0.01664372,0.05266261,-0.00299679,0.9357818,0.3525671,-0.05514874,-0.3521868,0.9343035,moving,6.3922545802873785,-0.41633074762466576,-2.922187389904696,3.3554518312278687,-0.22283600000000003,-0.6215350949999999,1.9964119,0.11133168233179612,-0.007221105780884446,0.9937570194606915,6.566845587106331,-0.7935184400717518,10.04213450319202,10.049137925126269,10.356432839106853
05/05/2023 11:41:05.644609,4690,True,True,True,True,Eyes,2.460097,0.004714994,-2.47212,0.04810488,-0.3568044,0.9329397,0.0,0.0,0.0,0.0,0.0,0.0,0.0,-2.252217,0.8170655,2.283506,2.389915,0.01034603,-2.28969,0.1805995,-0.0300755,-0.002691513,0.9830931,20.78918,356.3138,359.0099,0.696512,0.001743828,-0.7175426,0.0,0.0,0.0,2.157373,-0.6147656,-0.2952519,-0.1060186,0.1255027,2.096576,0.9981765,-0.01615525,0.05816186,-0.005571226,0.9347531,0.3552541,-0.0601062,-0.3549303,0.9329585,moving,6.202529063545746,-0.13609213388634545,-2.8948383863079394,3.425682880330349,-0.23254199999999958,-0.62511163,1.9944380999999998,0.10804293361421494,-0.0023613493302870325,0.9941433959447901,6.374344224067883,-0.5195925264742137,9.763032730767845,9.7697664132545,10.073874344065963
05/05/2023 11:41:05.663391,4691,True,True,True,True,Eyes,2.45704,0.004872427,-2.463874,0.0403842,-0.3549748,0.9340032,0.0,0.0,0.0,0.0,0.0,0.0,0.0,-2.234005,0.8037484,2.291468,2.383971,0.01129839,-2.281265,0.1770117,-0.03254875,-0.001665488,0.983669,20.37319,356.0471,359.0954,0.6974033,0.001704666,-0.7166764,0.0,0.0,0.0,2.142647,-0.5969486,-0.2823991,-0.1049921,0.1281686,2.096715,0.9978756,-0.0147996,0.06344476,-0.008246443,0.9373281,0.3483504,-0.06462401,-0.3481335,0.9352148,moving,6.016370802569558,-0.4436631806793213,-2.8666670462627817,3.4980402840314375,-0.24132399999999965,-0.60824699,1.9988658999999998,0.10480950884773853,-0.007700658092506252,0.9944624862582595,6.2011636602195015,-0.8176198125624805,9.711054726344575,9.71830168432225,10.042433758345435
05/05/2023 11:41:05.682929,4692,True,True,True,True,Eyes,2.453875,0.00503728,-2.455654,0.03271208,-0.3534138,0.9348949,0.0,0.0,0.0,0.0,0.0,0.0,0.0,-2.212907,0.818252,2.293973,2.378234,0.01127956,-2.274354,0.178011,-0.03549099,0.0005530349,0.9833882,20.49631,355.7384,359.2936,0.6982795,0.001674256,-0.7158228,0.0,0.0,0.0,2.126857,-0.5989985,-0.2770602,-0.1038867,0.1310383,2.096866,0.9974802,-0.01154787,0.06999973,-0.01372327,0.9366236,0.3500685,-0.06960594,-0.350147,0.934105,moving,5.863227499013874,-0.2411794764683109,-2.8363312176800908,3.575903647379396,-0.25137699999999974,-0.61027806,1.9972938000000002,0.10215321187246104,-0.0041873427039840205,0.9947597980013041,6.046419077512822,-0.6195907946655352,9.49302068020329,9.500128706473872,9.823717545816335
05/05/2023 11:41:05.693123,4693,True,True,True,True,Eyes,2.450609,0.005248017,-2.447442,0.02533333,-0.3516382,0.9357931,0.0,0.0,0.0,0.0,0.0,0.0,0.0,-2.188329,0.8408512,2.295976,2.37252,0.01164157,-2.266788,0.1804469,-0.03909658,0.003178146,0.9828023,20.78951,355.3555,359.5181,0.6991407,0.001651951,-0.7149817,0.0,0.0,0.0,2.108435,-0.607043,-0.2734759,-0.1029387,0.1335012,2.096995,0.9969227,-0.007862736,0.07799538,-0.02035669,0.9348576,0.3544388,-0.07570143,-0.3549358,0.9318208,moving,5.797221692817762,0.1401718438353079,-2.810317844450634,3.6427108927592893,-0.2640850000000001,-0.61868457,1.9933121,0.10100775183197193,0.0024339455948581,0.9948826248831721,5.971796716757108,-0.24810425084951182,9.28591476874794,9.292874510875304,9.605414027927823
05/05/2023 11:41:05.712947,4694,True,True,True,True,Eyes,2.447244,0.005485798,-2.439244,0.01792409,-0.3496824,0.9366968,0.0,0.0,0.0,0.0,0.0,0.0,0.0,-2.162457,0.8387106,2.307503,2.36681,0.01287288,-2.258821,0.1782252,-0.04306245,0.005144503,0.9830336,20.53906,354.9254,359.6797,0.6999875,0.00163829,-0.7141529,0.0,0.0,0.0,2.088122,-0.5948218,-0.2638384,-0.1018977,0.1362034,2.097136,0.9962383,-0.005235192,0.08649743,-0.02546407,0.9364186,0.3499597,-0.08282991,-0.3508458,0.9327628,moving,5.780009565304366,-0.0057294940146950645,-2.781755745413672,3.715989330104543,-0.27868800000000027,-0.6076946799999999,1.9949826000000002,0.10070917518352066,-9.949013045071342e-05,0.9949158764126226,5.958950521674152,-0.38994981374341775,9.328437921372483,9.335685097603614,9.657053499929017
05/05/2023 11:41:05.732954,4695,True,True,True,True,Eyes,2.443774,0.005723015,-2.43107,0.0107199,-0.3475559,0.937598,0.0,0.0,0.0,0.0,0.0,0.0,0.0,-2.137315,0.824885,2.322416,2.361131,0.01370949,-2.251008,0.1749434,-0.04715732,0.005471078,0.9834334,20.15777,354.4471,359.6497,0.7008187,0.001633239,-0.7133371,0.0,0.0,0.0,2.066411,-0.5781006,-0.2532789,-0.1008774,0.1388531,2.097275,0.9954925,-0.005738843,0.09466642,-0.02726061,0.9387298,0.3435743,-0.09083791,-0.3446063,0.934342,moving,5.821301644426593,-0.25448739995931563,-2.7537629263223393,3.7878213543050863,-0.29471999999999987,-0.59181009,1.9977291000000001,0.10142518206329133,-0.004418723771953265,0.9948333713785819,6.005907652107723,-0.6322611654577445,9.472368799171536,9.480083989992714,9.811674583073279
05/05/2023 11:41:05.743366,4696,True,True,True,True,Eyes,2.440217,0.005939411,-2.422925,0.003504086,-0.3454167,0.9384429,0.0,0.0,0.0,0.0,0.0,0.0,0.0,-2.113299,0.8146835,2.3349,2.355472,0.01388648,-2.243448,0.1730107,-0.05113193,0.005115615,0.9835786,19.92942,353.9666,359.535,0.7016355,0.001635951,-0.7125338,0.0,0.0,0.0,2.044958,-0.567261,-0.2447012,-0.09985898,0.1414983,2.097414,0.9947187,-0.007629519,0.1023546,-0.02775596,0.9400823,0.339816,-0.09881441,-0.3408623,0.9349056,moving,5.864529081765186,-0.3409448660695991,-2.7258237425277625,3.859509566272441,-0.31051399999999996,-0.58114748,1.9987468,0.10217492473082108,-0.005919432867937446,0.9947488612151151,6.050376884813631,-0.7166695791482742,9.554257593390382,9.56232080009972,9.897631687546822
05/05/2023 11:41:05.762971,4697,True,True,True,True,Eyes,2.436572,0.006128426,-2.414825,-0.003561115,-0.3434341,0.93917,0.0,0.0,0.0,0.0,0.0,0.0,0.0,-2.090616,0.8083925,2.344775,2.349884,0.01359482,-2.236069,0.1718534,-0.0548386,0.004787575,0.9835834,19.79096,353.5175,359.4258,0.7024371,0.001645079,-0.7117435,0.0,0.0,0.0,2.024765,-0.5600019,-0.2371726,-0.09881558,0.1442062,2.097556,0.9939396,-0.009430445,0.1095222,-0.02826636,0.940887,0.3375393,-0.1062312,-0.3385894,0.9349182,moving,5.8866644011978595,-0.3470585924116549,-2.69720228197487,3.9328752023100138,-0.32511899999999994,-0.5735967200000001,1.9988964,0.10255915259022516,-0.006025337357158378,0.9947086342304265,6.072119598045395,-0.7227649278716642,9.583391294213401,9.591694350931093,9.928544266767421
05/05/2023 11:41:05.783111,4698,True,True,True,True,Eyes,2.432847,0.006301107,-2.406771,-0.01066594,-0.3416682,0.9397601,0.0,0.0,0.0,0.0,0.0,0.0,0.0,-2.066566,0.8136904,2.351942,2.344273,0.01312996,-2.229043,0.1724346,-0.05869315,0.005227235,0.9832569,19.85913,353.0616,359.3931,0.7032238,0.00165922,-0.7109662,0.0,0.0,0.0,2.004379,-0.5602803,-0.2322511,-0.09775047,0.146971,2.097701,0.9930556,-0.009962034,0.1172236,-0.03052089,0.940478,0.3384815,-0.1136182,-0.3397087,0.9336429,moving,5.910471939385061,-0.16788491660715976,-2.6679878452830863,4.007758838116285,-0.3398939999999997,-0.57341026,1.9967918999999998,0.10297389764390971,-0.002914563862776609,0.9946797718064068,6.090498327268868,-0.5485896412151459,9.532428834594409,9.5407532744291,9.872760075069667
05/05/2023 11:41:05.793596,4699,True,True,True,True,Eyes,2.429034,0.006518735,-2.398749,-0.01776481,-0.3401311,0.9402102,0.0,0.0,0.0,0.0,0.0,0.0,0.0,-2.040235,0.8269576,2.358182,2.338663,0.0129379,-2.222146,0.1741919,-0.06290985,0.006278383,0.9826801,20.06829,352.5706,359.4158,0.7039952,0.001677423,-0.7102023,0.0,0.0,0.0,1.98279,-0.5654617,-0.2292885,-0.09673128,0.1496176,2.097839,0.9920059,-0.009577498,0.1258278,-0.03425606,0.9392354,0.34156,-0.1214532,-0.3431399,0.931399,moving,5.96607891933695,0.13154196034269694,-2.640036350299218,4.079420084563724,-0.3558729999999999,-0.5783995999999999,1.9928575,0.10393938134031291,0.0022834031649685838,0.9945809996788424,6.136634541939209,-0.25762075984861466,9.460088048165767,9.468419177347808,9.789784228304837
05/05/2023 11:41:05.813766,4700,True,True,True,True,Eyes,2.425143,0.006746446,-2.390751,-0.02495658,-0.3385394,0.9406212,0.0,0.0,0.0,0.0,0.0,0.0,0.0,-2.011049,0.8360504,2.367489,2.332876,0.01426361,-2.214901,0.1758135,-0.06775713,0.006772253,0.9820656,20.25741,351.9915,359.3573,0.7047521,0.001700639,-0.7094514,0.0,0.0,0.0,1.958184,-0.5683001,-0.2264148,-0.09571579,0.1522561,2.097978,0.9907262,-0.01052363,0.1354652,-0.03712682,0.9380875,0.3444029,-0.1307026,-0.3462384,0.9289973,moving,6.099868203275324,0.4206295522445613,-2.612186868957717,4.150837100177468,-0.37469200000000025,-0.58256371,1.9884861999999999,0.10625895279133213,0.00729974180488327,0.9943116950173967,6.259263024168406,0.022769697937203404,9.468503982252535,9.477043417241324,9.784864009463094
05/05/2023 11:41:05.833165,4701,True,True,True,True,Eyes,2.421167,0.006949944,-2.382803,-0.03214054,-0.3367272,0.9410536,0.0,0.0,0.0,0.0,0.0,0.0,0.0,-1.982861,0.8293412,2.381085,2.327176,0.0147173,-2.207521,0.1743215,-0.07249253,0.00672094,0.9819939,20.08047,351.4255,359.2634,0.7054935,0.001728674,-0.7087139,0.0,0.0,0.0,1.93376,-0.5589272,-0.2197431,-0.09465268,0.1550164,2.098122,0.9893994,-0.01207416,0.1447176,-0.03847384,0.9391338,0.3413907,-0.1400312,-0.3433396,0.9287137,moving,6.226261926305837,0.36147626975738856,-2.583035921929408,4.225529797644205,-0.3934160000000002,-0.5736445,1.9877778999999998,0.10845289286567347,0.006271697001758836,0.9940818555079238,6.384068390996483,-0.03562368810463057,9.610639656270063,9.619492618911702,9.928060676083904
05/05/2023 11:41:05.842950,4702,True,True,True,True,Eyes,2.417109,0.007166258,-2.374898,-0.03944981,-0.3351955,0.9413223,0.0,0.0,0.0,0.0,0.0,0.0,0.0,-1.952925,0.8346751,2.392201,2.32154,0.01433228,-2.200789,0.1744152,-0.07742938,0.007554982,0.9815942,20.09512,350.8479,359.257,0.7062203,0.001760396,-0.7079896,0.0,0.0,0.0,1.90899,-0.5574749,-0.2160671,-0.09366706,0.1575755,2.098256,0.9878952,-0.01217787,0.1546439,-0.04184157,0.9390445,0.3412398,-0.149373,-0.3435797,0.9271681,moving,6.354689665176071,0.46719107572439383,-2.5560115601903988,4.29475508419139,-0.4125500000000002,-0.57180718,1.9847218999999998,0.11067937593993146,0.008103835663483605,0.9938231164526528,6.506412826984919,0.06638349130923149,9.688844362510725,9.697981365555382,10.000333099490373
05/05/2023 11:41:05.863065,4703,True,True,True,True,Eyes,2.412932,0.007412523,-2.367021,-0.04674041,-0.3333905,0.9416295,0.0,0.0,0.0,0.0,0.0,0.0,0.0,-1.920453,0.8508602,2.400716,2.315584,0.01490326,-2.193944,0.1770642,-0.08281182,0.008376121,0.9806734,20.40608,350.2044,359.2115,0.7069317,0.001795827,-0.7072791,0.0,0.0,0.0,1.882295,-0.5653757,-0.2157972,-0.09263784,0.1602479,2.098396,0.9861441,-0.01289754,0.1653889,-0.0457545,0.9371563,0.345897,-0.1594565,-0.3486715,0.9235809,moving,6.543397889800126,0.8885460183195982,-2.527794128208414,4.367022224439662,-0.4332889999999998,-0.58027896,1.9781468000000002,0.11394222378550614,0.015406437973721127,0.9933679167333941,6.679012299832525,0.4751038063305609,9.705619760831848,9.715262289003077,9.995614717296421
05/05/2023 11:41:05.882995,4704,True,True,True,True,Eyes,2.408676,0.007659094,-2.35918,-0.05418107,-0.3316655,0.9418399,0.0,0.0,0.0,0.0,0.0,0.0,0.0,-1.888517,0.8509343,2.413571,2.309611,0.01584202,-2.186632,0.1770527,-0.08820642,0.008370379,0.9802051,20.40004,349.5528,359.0937,0.7076279,0.001835546,-0.7065825,0.0,0.0,0.0,1.855018,-0.5616082,-0.2121229,-0.09160829,0.1629211,2.098536,0.9842991,-0.01482499,0.1758848,-0.04764375,0.9371646,0.3456193,-0.1699567,-0.3485726,0.9217439,moving,6.733956368646971,0.99666322721701,-2.499570241603844,4.4392875174072035,-0.4545929999999998,-0.57745022,1.9745091,0.11724182266368419,0.017274216757938915,0.9929531438705964,6.8618582051432195,0.5790364690705867,9.844332520907122,9.85442416712501,10.126098988245625
05/05/2023 11:41:05.893953,4705,True,True,True,True,Eyes,2.404325,0.007890581,-2.351379,-0.06175505,-0.3297803,0.9420357,0.0,0.0,0.0,0.0,0.0,0.0,0.0,-1.854844,0.853633,2.426638,2.303563,0.01610303,-2.179689,0.1771195,-0.09385095,0.008700515,0.9796659,20.40592,348.8774,359.0097,0.7083085,0.001879155,-0.7059,0.0,0.0,0.0,1.826834,-0.5589488,-0.2093752,-0.0905602,0.1656432,2.098679,0.9822326,-0.01619846,0.1869672,-0.05029285,0.937106,0.3454027,-0.1808031,-0.3486689,0.9196414,moving,6.94039359038479,1.1226045548353265,-2.470840161207923,4.512849350092434,-0.47672899999999996,-0.57505183,1.9703138000000002,0.12081384875779917,0.019448384950092573,0.9924846431125486,7.05970259208249,0.7002064195647741,9.99264263082778,10.00325349568258,10.264866842195225
05/05/2023 11:41:05.913442,4706,True,True,True,True,Eyes,2.399894,0.008111155,-2.343612,-0.06950407,-0.3280494,0.9421002,0.0,0.0,0.0,0.0,0.0,0.0,0.0,-1.819912,0.8611978,2.438407,2.29746,0.0159594,-2.172784,0.1779534,-0.09968495,0.009253699,0.978933,20.50285,348.1791,358.938,0.7089739,0.001925885,-0.7052316,0.0,0.0,0.0,1.797975,-0.5600194,-0.208063,-0.08954796,0.1682715,2.098817,0.9799545,-0.01736105,0.1984632,-0.05359606,0.9364939,0.3465641,-0.1918763,-0.3502539,0.916791,moving,7.157061275012249,1.328664012890292,-2.4430954579870447,4.583852845303006,-0.49948499999999996,-0.5759787999999999,1.964721,0.12455670829737997,0.023006910734817088,0.9919457242730202,7.265360385338051,0.8992622065709361,10.12571615639956,10.137024397367114,10.384138049776938
05/05/2023 11:41:05.933655,4707,True,True,True,True,Eyes,2.395337,0.008320851,-2.335889,-0.07737526,-0.3262037,0.9421275,0.0,0.0,0.0,0.0,0.0,0.0,0.0,-1.78346,0.8684646,2.450739,2.291239,0.01594154,-2.165884,0.1789531,-0.1058188,0.009542316,0.9781039,20.61513,347.4368,358.8242,0.7096238,0.001975115,-0.7045777,0.0,0.0,0.0,1.767747,-0.561364,-0.2074718,-0.08849791,0.1709985,2.098959,0.9774227,-0.01920645,0.2104189,-0.05653996,0.9357695,0.3480499,-0.2035884,-0.3520889,0.9135564,moving,7.4074950419257615,1.5619632694204313,-2.414318383074314,4.657500552043932,-0.5234920000000001,-0.57730554,1.9584122000000002,0.12887821099229468,0.02703070518389633,0.9912919644174941,7.503199794372455,1.1245979704691667,10.28585702907369,10.298076035047702,10.527989715557512
05/05/2023 11:41:05.943493,4708,True,True,True,True,Eyes,2.390704,0.008502871,-2.328193,-0.08540382,-0.3244395,0.9420431,0.0,0.0,0.0,0.0,0.0,0.0,0.0,-1.747604,0.8737717,2.462702,2.284962,0.01585992,-2.158979,0.1796945,-0.1118367,0.009657285,0.977297,20.69479,346.7051,358.6943,0.7102572,0.002026307,-0.7039389,0.0,0.0,0.0,1.737856,-0.561699,-0.2067735,-0.08748806,0.1736205,2.099097,0.9747986,-0.02131681,0.2220661,-0.05906895,0.9352333,0.3490696,-0.2151246,-0.3533898,0.9104049,moving,7.638470892946522,1.760928046845461,-2.3866438984000484,4.728285315272399,-0.5471060000000001,-0.57755892,1.9522055,0.13286024180830144,0.030456733504223843,0.9906667186391921,7.722996683750065,1.3166558610506258,10.441891445755472,10.455053119815412,10.669772642056158
05/05/2023 11:41:05.963168,4709,True,True,True,True,Eyes,2.385994,0.008662298,-2.320524,-0.09362058,-0.3225925,0.9418966,0.0,0.0,0.0,0.0,0.0,0.0,0.0,-1.711046,0.8776331,2.47493,2.278629,0.01538165,-2.15193,0.1797414,-0.1179076,0.01013937,0.9765695,20.69853,345.9786,358.6167,0.7108745,0.002078457,-0.7033154,0.0,0.0,0.0,1.70784,-0.5597973,-0.2054701,-0.08646709,0.1762711,2.099236,0.97199,-0.02258216,0.2339349,-0.06218935,0.9351804,0.3486689,-0.2266451,-0.3534509,0.9075817,moving,7.8570190146660925,1.8829764953793011,-2.3586678246420796,4.799819169645969,-0.570789,-0.5751789500000001,1.9464599000000002,0.13662902562444434,0.03255008796718395,0.9900873397219004,7.932751931002608,1.433957788668214,10.609984301030895,10.623946008204172,10.827850360197598
05/05/2023 11:41:05.982959,4710,True,True,True,True,Eyes,2.381207,0.008795898,-2.312883,-0.1019629,-0.3208248,0.9416342,0.0,0.0,0.0,0.0,0.0,0.0,0.0,-1.674971,0.8823199,2.48591,2.272174,0.01497241,-2.144939,0.1799314,-0.1238314,0.01072624,0.9757948,20.72045,345.2706,358.5524,0.7114763,0.00213085,-0.7027066,0.0,0.0,0.0,1.678427,-0.5584118,-0.2044687,-0.08541289,0.1790082,2.099379,0.9691015,-0.02362908,0.245528,-0.06549553,0.9350193,0.3484957,-0.237808,-0.3538087,0.904581,moving,8.050803270180701,2.017386838502129,-2.32978448810027,4.873663029089276,-0.5937470000000002,-0.5733842100000001,1.9404702999999999,0.13996599401624588,0.03485624186296335,0.9895425785701821,8.118033699520755,1.56345186540161,10.751531709948468,10.766378958790545,10.959671657024545
05/05/2023 11:41:05.993629,4711,True,True,True,True,Eyes,2.376316,0.008894978,-2.305277,-0.1103293,-0.3190757,0.9412853,0.0,0.0,0.0,0.0,0.0,0.0,0.0,-1.639124,0.8859004,2.496542,2.265614,0.01449001,-2.138001,0.1799654,-0.1296908,0.01122806,0.9750214,20.72314,344.5691,358.4815,0.7120627,0.002182718,-0.7021122,0.0,0.0,0.0,1.649119,-0.5565468,-0.2035977,-0.08441544,0.1815985,2.099515,0.9661084,-0.02478452,0.256944,-0.06857491,0.9349728,0.3480279,-0.2488613,-0.3538526,0.9015855,moving,8.237275327486142,2.1327930650086406,-2.302457774685129,4.943520620146117,-0.6164949999999998,-0.5710368100000001,1.9344033,0.14317560425488482,0.03683224102494037,0.9890116304333327,8.296699621141963,1.6745037263970781,10.892374870395656,10.90807788999574,11.09182622263497
05/05/2023 11:41:06.013380,4712,True,True,True,True,Eyes,2.371352,0.00896528,-2.297699,-0.1187957,-0.3175065,0.9407854,0.0,0.0,0.0,0.0,0.0,0.0,0.0,-1.60307,0.8913034,2.506089,2.258965,0.01373076,-2.131109,0.1801377,-0.1355204,0.01199844,0.9741873,20.74612,343.8752,358.4407,0.7126333,0.002233097,-0.7015327,0.0,0.0,0.0,1.620042,-0.5556206,-0.2031336,-0.08337611,0.1842973,2.099656,0.9629805,-0.0254472,0.2683672,-0.07220212,0.9348129,0.3477236,-0.2597217,-0.3542278,0.8983693,moving,8.410733902084427,2.2536614843870724,-2.2739871126138986,5.016280699035135,-0.6389229999999999,-0.56935136,1.9279754,0.14615763844661475,0.03890138605566576,0.9884961262547045,8.462532529637597,1.7909565133049496,11.019460733333444,11.036092065902617,11.210511590980506
05/05/2023 11:41:06.033204,4713,True,True,True,True,Eyes,2.366313,0.009006205,-2.290143,-0.1272898,-0.3160244,0.9401733,0.0,0.0,0.0,0.0,0.0,0.0,0.0,-1.567253,0.9029511,2.512725,2.252343,0.01313353,-2.124186,0.1814381,-0.1412558,0.01312812,0.9731159,20.90561,343.1905,358.423,0.7131885,0.002281279,-0.700968,0.0,0.0,0.0,1.591681,-0.5594349,-0.2041425,-0.08235162,0.1869572,2.099796,0.9597488,-0.02570803,0.2796806,-0.07680875,0.9338157,0.3494118,-0.2701527,-0.3568295,0.894254,moving,8.571597934346766,2.502491807878168,-2.2459245267913337,5.087964114348515,-0.6606620000000003,-0.5725684299999999,1.9200434999999998,0.14890619756675935,0.04317605230838378,0.9879082555812371,8.612639052759356,2.031997738008522,11.103961436006651,11.12220568254123,11.280395981722684
05/05/2023 11:41:06.043114,4714,True,True,True,True,Eyes,2.361192,0.009013952,-2.282602,-0.1359035,-0.3146447,0.9394301,0.0,0.0,0.0,0.0,0.0,0.0,0.0,-1.530882,0.911556,2.520008,2.245509,0.01245907,-2.117193,0.1821419,-0.1470567,0.01419754,0.9721096,20.99579,342.5002,358.4062,0.713729,0.002326646,-0.7004175,0.0,0.0,0.0,1.562804,-0.5608892,-0.2047408,-0.0813334,0.1896017,2.099934,0.9563455,-0.02596723,0.2910824,-0.08117349,0.9332455,0.349948,-0.2807385,-0.3582994,0.8903974,moving,8.73200859414822,2.6756949160210395,-2.218037533022705,5.1592101114421896,-0.6827050000000001,-0.57334827,1.9124522,0.15165131812568158,0.04614278297141508,0.9873564111437907,8.764342017774919,2.199457879577617,11.208526369744133,11.228150244499702,11.374216187140332
05/05/2023 11:41:06.063221,4715,True,True,True,True,Eyes,2.355996,0.009001253,-2.275072,-0.1446728,-0.3133135,0.9385651,0.0,0.0,0.0,0.0,0.0,0.0,0.0,-1.49271,0.9195623,2.527748,2.238551,0.01167743,-2.109985,0.1824913,-0.153129,0.01553559,0.9710855,21.05029,341.7844,358.421,0.7142544,0.002368435,-0.6998816,0.0,0.0,0.0,1.532865,-0.561132,-0.2053413,-0.08027428,0.1923524,2.100078,0.9526203,-0.02571666,0.303073,-0.0860622,0.9329112,0.3496715,-0.2917325,-0.3591872,0.8864969,moving,8.909483452351692,2.8049267736339396,-2.1890326685486667,5.233289223196599,-0.7056860000000003,-0.57280943,1.9046437,0.15469280344682912,0.04834659862861962,0.9867789814557787,8.933864653882832,2.32402152640681,11.34019993385457,11.361074080927871,11.497072817762719
05/05/2023 11:41:06.082978,4716,True,True,True,True,Eyes,2.350717,0.008962352,-2.267556,-0.1536132,-0.3120207,0.9375746,0.0,0.0,0.0,0.0,0.0,0.0,0.0,-1.451701,0.9266813,2.536788,2.231501,0.01116357,-2.102795,0.1826833,-0.1597005,0.01686183,0.9699682,21.08666,341.0077,358.4254,0.7147656,0.002406416,-0.6993595,0.0,0.0,0.0,1.50084,-0.5605821,-0.2068945,-0.07926989,0.1949604,2.100215,0.9484228,-0.02563834,0.3159696,-0.09106011,0.9326851,0.3490082,-0.3036481,-0.3597796,0.8822451,moving,9.134612357360277,2.9139074188857608,-2.1615288134338795,5.303498525423676,-0.7306610000000002,-0.57174567,1.8959005,0.1585544409825755,0.05019230434228371,0.9860736711003922,9.150387192846617,2.4285650470710847,11.523996919605576,11.54612276943892,11.671533157134817
05/05/2023 11:41:06.093590,4717,True,True,True,True,Eyes,2.345392,0.00888142,-2.26002,-0.1630654,-0.3106107,0.9364458,0.0,0.0,0.0,0.0,0.0,0.0,0.0,-1.4096,0.9294399,2.547274,2.224326,0.01049303,-2.095638,0.1823335,-0.1665228,0.0176438,0.9688723,21.05058,340.1926,358.3706,0.7152627,0.002440177,-0.6988511,0.0,0.0,0.0,1.467494,-0.5574747,-0.2084977,-0.07823288,0.1976525,2.100356,0.9439177,-0.02653622,0.3291129,-0.09491457,0.9328864,0.3474396,-0.3162446,-0.359192,0.8780493,moving,9.365429760246096,2.966906567111315,-2.1331348792196048,5.375946569803502,-0.756832,-0.56796773,1.8871403,0.16251831566368702,0.05107104091210507,0.9853829782492096,9.373963869590662,2.478601729666011,11.725149057087066,11.748211034133758,11.866251671759796
05/05/2023 11:41:06.113259,4718,True,True,True,True,Eyes,2.339985,0.008785916,-2.252476,-0.1727129,-0.3091975,0.9351829,0.0,0.0,0.0,0.0,0.0,0.0,0.0,-1.365612,0.9290451,2.559181,2.217786,0.009125695,-2.087767,0.1813782,-0.1738752,0.01815587,0.9677499,20.93883,339.312,358.2861,0.715747,0.002468859,-0.698355,0.0,0.0,0.0,1.432564,-0.5523813,-0.209923,-0.07721198,0.2003036,2.100495,0.9388756,-0.02793365,0.3431215,-0.098215,0.9335447,0.3447436,-0.3299492,-0.3573711,0.8737388,moving,9.647034584007542,2.9484389009735446,-2.105184555239085,5.447264522600581,-0.7852219999999999,-0.561506995,1.8778439999999998,0.16736247660190262,0.05071175448617153,0.9845902780688432,9.64897534762089,2.4587655330134512,11.991349916644642,12.014940040806467,12.128124390554563
05/05/2023 11:41:06.123317,4719,True,True,True,True,Eyes,2.334531,0.008656077,-2.244904,-0.1827405,-0.3075767,0.9338107,0.0,0.0,0.0,0.0,0.0,0.0,0.0,-1.319871,0.9283648,2.57083,2.210536,0.008670799,-2.080034,0.1804453,-0.1813743,0.01882237,0.9665344,20.83273,338.4159,358.2175,0.7162178,0.002492449,-0.697872,0.0,0.0,0.0,1.396538,-0.5464884,-0.2121666,-0.07614732,0.2030685,2.10064,0.9334982,-0.02907132,0.3574017,-0.1018412,0.9341705,0.3419853,-0.3438161,-0.3556409,0.8690857,moving,9.922756330408337,2.946180510804094,-2.0760389961075782,5.52161566635275,-0.8139979999999998,-0.555159199,1.8678674,0.17209932695971353,0.05063101471719479,0.9837775470940321,9.91781499804556,2.454739719968031,12.247839586994484,12.272080326010585,12.379752085707386
05/05/2023 11:41:06.143316,4720,True,True,True,True,Eyes,2.328996,0.008496804,-2.237313,-0.1929607,-0.3058415,0.9323236,0.0,0.0,0.0,0.0,0.0,0.0,0.0,-1.274054,0.9190848,2.584513,2.203111,0.007905204,-2.072167,0.1779482,-0.1889005,0.01909807,0.9655499,20.53937,337.5244,358.1428,0.7166771,0.002510441,-0.6974002,0.0,0.0,0.0,1.35991,-0.5344061,-0.213108,-0.07515699,0.20564,2.100775,0.9279038,-0.03034872,0.3715826,-0.1041093,0.9359394,0.3364204,-0.3579887,-0.350851,0.8653021,moving,10.187363638885829,2.7656805155699233,-2.0489307816739633,5.5907397568085075,-0.8432009999999999,-0.542311304,1.8590589999999998,0.17666811017756137,0.04749251913023343,0.9831240966717547,10.180624271423056,2.277361336759174,12.534549865820438,12.558179042485827,12.670457503625489
05/05/2023 11:41:06.163380,4721,True,True,True,True,Eyes,2.323367,0.008306296,-2.229693,-0.203069,-0.303688,0.9308795,0.0,0.0,0.0,0.0,0.0,0.0,0.0,-1.227378,0.9100993,2.597567,2.195783,0.007004183,-2.064117,0.1755369,-0.196605,0.01933914,0.9644477,20.25486,336.6099,358.0624,0.7171255,0.002522474,-0.6969392,0.0,0.0,0.0,1.322823,-0.5226633,-0.2147605,-0.07413131,0.2083032,2.100914,0.9219449,-0.03171967,0.38602,-0.106326,0.9376256,0.3309879,-0.3724411,-0.3461966,0.8610666,moving,10.482570134432562,2.6203171152992373,-2.020858427317015,5.662304431032491,-0.87296,-0.5296674830000001,1.8493565,0.18175246665807276,0.04495577061748633,0.9823161828948681,10.472315166957717,2.1339673901839227,12.84476710925078,12.868154981498206,12.981854595184291
05/05/2023 11:41:06.173231,4722,True,True,True,True,Eyes,2.317654,0.008076126,-2.222031,-0.2133767,-0.3013185,0.9293426,0.0,0.0,0.0,0.0,0.0,0.0,0.0,-1.180732,0.8971991,2.610721,2.188385,0.005978722,-2.055697,0.1725569,-0.2043512,0.01925653,0.9633763,19.89787,335.6906,357.9631,0.7175638,0.00252817,-0.696488,0.0,0.0,0.0,1.285458,-0.5083426,-0.2159908,-0.07307559,0.2110448,2.101058,0.9157396,-0.03342183,0.4003799,-0.107627,0.9397066,0.3246042,-0.3870885,-0.3403446,0.8569294,moving,10.77333366189811,2.4200702954627062,-1.991965878731907,5.735944982119807,-0.9029269999999998,-0.514321322,1.8397062,0.1867632342401726,0.041482677257756576,0.981528809838804,10.7611542586675,1.9372022039270114,13.16601205493114,13.188930862644716,13.306859882549835
05/05/2023 11:41:06.193766,4723,True,True,True,True,Eyes,2.311908,0.007810277,-2.214305,-0.223684,-0.2987513,0.9277463,0.0,0.0,0.0,0.0,0.0,0.0,0.0,-1.13375,0.8797541,2.624291,2.180788,0.004733037,-2.047047,0.1685859,-0.2121131,0.01922149,0.962402,19.42964,334.7823,357.9022,0.7179918,0.002526892,-0.6960467,0.0,0.0,0.0,1.247839,-0.4903163,-0.2166271,-0.07204062,0.2137322,2.101199,0.9092772,-0.03452094,0.414757,-0.1085161,0.9424187,0.3163405,-0.4017951,-0.332649,0.8531737,moving,11.060036400758081,2.1142662269883425,-1.9636442272620993,5.808101878342657,-0.9329490000000003,-0.495049337,1.8304199,0.19171168409576667,0.036208225279826145,0.9807831885154998,11.048879925862476,1.6377584058452248,13.515252941713905,13.53738079984028,13.664463015949524
05/05/2023 11:41:06.213583,4724,True,True,True,True,Eyes,2.306095,0.007492037,-2.206537,-0.2341706,-0.2960864,0.9260114,0.0,0.0,0.0,0.0,0.0,0.0,0.0,-1.085432,0.8658679,2.636409,2.173465,0.003564354,-2.038279,0.1650073,-0.2200812,0.01974887,0.9612215,19.02071,333.8556,357.8987,0.7184114,0.0025182,-0.6956136,0.0,0.0,0.0,1.210076,-0.4744128,-0.2186935,-0.07102984,0.2163572,2.101336,0.9023485,-0.0346639,0.4296109,-0.1105961,0.9447652,0.3085244,-0.4165761,-0.3259098,0.8486738,moving,11.35484242001885,1.8623747820250847,-1.9359879186380464,5.87855815960734,-0.9633890000000003,-0.477977154,1.8195855,0.19678472206005368,0.03186339164885202,0.9799288936120107,11.343051704736052,1.3907170049926156,13.862480380098143,13.884376111778685,14.016904492368953
05/05/2023 11:41:06.233136,4725,True,True,True,True,Eyes,2.300246,0.007128582,-2.198714,-0.2446048,-0.2935764,0.9241112,0.0,0.0,0.0,0.0,0.0,0.0,0.0,-1.037723,0.8571224,2.645695,2.16617,0.001939401,-2.029515,0.1620965,-0.2278725,0.0208368,0.9598776,18.70416,332.9531,357.9506,0.7188243,0.002501117,-0.695187,0.0,0.0,0.0,1.17346,-0.462189,-0.2216884,-0.069969,0.2191128,2.10148,0.8952799,-0.0338731,0.4442145,-0.1138762,0.9465811,0.3016892,-0.4307042,-0.3206818,0.8435977,moving,11.62711142731508,1.68227871072997,-1.906964613792172,5.952490218456795,-0.9927100000000002,-0.464128401,1.8078265999999998,0.20145808926157202,0.028755181451416187,0.9790750219448009,11.61331886014934,1.2136808252434057,14.16965356565195,14.191755374413553,14.326701632997853
05/05/2023 11:41:06.243370,4726,True,True,True,True,Eyes,2.152774,-0.003259279,-2.002359,-0.4991585,-0.2243669,0.836959,0.0,0.0,0.0,0.0,0.0,0.0,0.0,-0.9904535,0.8591141,2.650607,2.159093,0.0004907176,-2.02067,0.1611425,-0.235567,0.02250535,0.9581414,18.6265,332.0494,358.0168,0.7192311,0.002475013,-0.694766,0.0,0.0,0.0,1.138,-0.4585354,-0.2269685,-0.06897175,0.2217018,2.101616,0.8880034,-0.0327931,0.4586661,-0.1190463,0.9470532,0.2981916,-0.4441598,-0.3193977,0.8370826,moving,-2.9954130326124435,5.54574589222693,-1.8796832240433055,6.021923088459134,-1.021093,-0.4590261176,1.7937015,-0.052012081709621294,0.09650965936999543,0.9939721880532568,-2.7451278091511475,5.069742095510263,1.2095856106456429,1.2130942782575842,1.2867179074006798
05/05/2023 11:41:06.263393,4727,True,True,True,True,Eyes,2.15251,-0.003299972,-2.002001,-0.4995504,-0.2247812,0.8366138,0.0,0.0,0.0,0.0,0.0,0.0,0.0,-0.9440946,0.86909,2.652082,2.152146,-0.001166739,-2.012073,0.1616044,-0.2430608,0.0245805,0.9561388,18.7223,331.1591,358.0907,0.7211469,0.001902348,-0.6927791,-0.442415,-0.03116358,0.5890646,1.103944,-0.4612508,-0.2338866,-0.06793696,0.2243889,2.101757,0.8806345,-0.03155464,0.4727443,-0.1255641,0.9465596,0.2970833,-0.4568551,-0.3209815,0.8296109,moving,-2.1494643452863538,5.656801029550151,-1.8513778034061432,6.093959014636322,-1.048202,-0.460084061,1.7781864,-0.03732403299560494,0.09850079568070277,0.9944366999338126,-1.9234743046967675,5.172187128953303,0.5288950365821891,0.5291150067562849,0.9245871050009176
05/05/2023 11:41:06.283189,4728,True,True,True,True,Eyes,2.151963,-0.003221295,-2.001297,-0.5004767,-0.225571,0.8358474,0.0,0.0,0.0,0.0,0.0,0.0,0.0,-0.8959154,0.886536,2.650788,2.14513,-0.002118871,-2.003422,0.1634473,-0.2507939,0.02722687,0.9537537,18.99185,330.23,358.179,0.7227053,0.001443432,-0.6911544,-0.4158701,-0.02929377,0.5537207,1.069514,-0.4695165,-0.2431349,-0.06689644,0.2270907,2.101898,0.8727223,-0.03004772,0.4872915,-0.1339186,0.9450874,0.2981202,-0.4694908,-0.3254336,0.8207747,moving,-1.3075640012056886,5.914740513196152,-1.822919240110915,6.166362031841248,-1.075616,-0.467397629,1.7602871,-0.022697897465841887,0.10302189673562565,0.9944201192726715,-1.1097262099036191,5.4175751648037105,0.5702444676053936,0.5735018839658048,1.0340822358904325
05/05/2023 11:41:06.293564,4729,True,True,True,True,Eyes,2.151112,-0.003027339,-2.000221,-0.5017179,-0.2262114,0.8349298,0.0,0.0,0.0,0.0,0.0,0.0,0.0,-0.844667,0.9132217,2.64597,2.137956,0.0008997135,-1.994426,0.167889,-0.2590283,0.03016563,0.9506881,19.56327,329.2073,358.1986,0.7239795,0.001078862,-0.6898202,-0.3909179,-0.02753614,0.5204974,1.033924,-0.4844971,-0.2562425,-0.06581533,0.2298973,2.102046,0.8639888,-0.02961981,0.5026392,-0.1443322,0.9418067,0.3035927,-0.4823813,-0.3348476,0.8094353,moving,-0.4099918260173663,6.479515052974918,-1.7933523398228466,6.2415377631728095,-1.104032,-0.4853968135,1.7381835,-0.0071099409354011545,0.11284513507173913,0.9935872602992385,-0.2499783566848226,5.961139693653708,1.3957842962823968,1.4036806978859968,1.568638367890244
05/05/2023 11:41:06.313475,4730,True,True,True,True,Eyes,2.150015,-0.002857271,-1.99886,-0.503413,-0.2266107,0.8338003,0.0,0.0,0.0,0.0,0.0,0.0,0.0,-0.7998252,0.8939441,2.652723,2.130463,0.003820311,-1.984165,0.1649874,-0.2666591,0.02970339,0.9490995,19.20933,328.2889,358.0819,0.7250277,0.000793634,-0.6887189,-0.3674628,-0.02588398,0.4892676,0.9979479,-0.4663915,-0.2597185,-0.06482643,0.2324653,2.10218,0.8560213,-0.03160783,0.5159733,-0.1443737,0.9437937,0.2973377,-0.4963706,-0.3290204,0.8033442,moving,0.3716363791339231,6.126744454776365,-1.766311223525806,6.310298574659208,-1.1325151000000002,-0.47021181100000004,1.7244465,0.006449186649237132,0.10672597596878756,0.9942675556653013,0.5214759268662335,5.612716128241036,2.1330402605330883,2.1458126820960977,2.3917757660469947
05/05/2023 11:41:06.333187,4731,True,True,True,True,Eyes,2.148681,-0.002579412,-1.997235,-0.5054668,-0.2273868,0.8323453,0.0,0.0,0.0,0.0,0.0,0.0,0.0,-0.7571499,0.8811952,2.657889,2.12361,0.003368855,-1.975962,0.1620136,-0.2736805,0.03035943,0.9475911,18.88458,327.467,358.1138,0.7258946,0.0005715001,-0.6878053,-0.3454151,-0.02433094,0.4599115,0.9653667,-0.4527296,-0.2643673,-0.06379855,0.2351347,2.10232,0.8483545,-0.03114329,0.5285118,-0.1462166,0.9456598,0.2904277,-0.5088373,-0.3236628,0.7977011,moving,1.046473253316965,5.775439693850982,-1.7382064394569265,6.381743709126187,-1.1582433,-0.456098455,1.7115947,0.018170714197854404,0.10061321714292729,0.994759743269831,1.1887884897159884,5.26642698078384,2.8342001432413504,2.849920270864806,3.132288415827035
05/05/2023 11:41:06.343648,4732,True,True,True,True,Eyes,2.147082,-0.002182556,-1.995295,-0.507991,-0.2278343,0.8306845,0.0,0.0,0.0,0.0,0.0,0.0,0.0,-0.7078929,0.9222258,2.646169,2.116941,0.006345987,-1.967828,0.168928,-0.2814493,0.03437539,0.9439639,19.77174,326.4749,358.1615,0.7266158,0.0004039903,-0.6870434,-0.3246902,-0.02287108,0.4323168,0.9334673,-0.4793841,-0.2813456,-0.06280762,0.2377077,2.102455,0.8392092,-0.03019112,0.5429701,-0.1599876,0.9405633,0.2995741,-0.5197422,-0.3382739,0.7844992,moving,1.8233862884255823,6.654908478464738,-1.7111146846391199,6.4505807206715655,-1.1834737000000002,-0.485730087,1.6864824,0.03160454921711697,0.11583119162640325,0.9927660098900094,1.9224335010678484,6.1169841995014345,3.51733504599781,3.540402090328175,3.648829820201432
05/05/2023 11:41:06.363067,4733,True,True,True,True,Eyes,2.145247,-0.001670784,-1.993112,-0.5109557,-0.2276376,0.8289182,0.0,0.0,0.0,0.0,0.0,0.0,0.0,-0.6634274,0.8979739,2.652749,2.109146,0.009544246,-1.958311,0.1653058,-0.2889981,0.03353125,0.9423534,19.32547,325.5663,358.0355,0.7272218,0.0002847259,-0.686402,-0.3052088,-0.02149882,0.4063778,0.8977533,-0.4574968,-0.2858997,-0.06174588,0.2404654,2.1026,0.8307115,-0.03234953,0.5557624,-0.1587427,0.9430993,0.292172,-0.5335908,-0.3309338,0.7783082,moving,2.5131193660275284,6.2412812199699585,-1.682089733260934,6.5243275986548,-1.2113927,-0.46704104599999996,1.6724112999999998,0.04358874674816418,0.10861227811973534,0.9931280787421409,2.6059469578835346,5.709957459857711,4.1790366318817265,4.2047466795562505,4.36468296529835
05/05/2023 11:41:06.383379,4734,True,True,True,True,Eyes,2.143168,-0.001017703,-1.990655,-0.514305,-0.2273414,0.8269258,0.0,0.0,0.0,0.0,0.0,0.0,0.0,-0.6186608,0.8831697,2.656953,2.102164,0.01275456,-1.950096,0.1636548,-0.29664,0.03251648,0.9403002,19.09048,324.6152,357.8203,0.7277614,0.0001993334,-0.6858298,-0.2868963,-0.02020889,0.3819951,0.8631198,-0.4432471,-0.2944679,-0.06074184,0.243072,2.102736,0.8218948,-0.03594264,0.5685042,-0.1582437,0.9443195,0.2884781,-0.5472183,-0.3270608,0.7704436,moving,3.2038119782393775,6.051095319219036,-1.6546459046155684,6.594007718646742,-1.2390442000000002,-0.45600166000000003,1.6556281,0.055577506173300206,0.1052523866736573,0.9928912829668997,3.2843733202374623,5.520329279718697,4.860099648144405,4.888697870898519,5.054373976437319
05/05/2023 11:41:06.393806,4735,True,True,True,True,Eyes,2.140832,-0.0002974067,-1.987971,-0.5181133,-0.2261167,0.8248817,0.0,0.0,0.0,0.0,0.0,0.0,0.0,-0.5792108,0.8683276,2.657938,2.094342,0.01680818,-1.941022,0.1631522,-0.3035596,0.02998185,0.9382612,18.92689,323.7114,357.4072,0.728256,0.0001446769,-0.6853047,-0.2696825,-0.01899636,0.3590754,0.8302709,-0.4305166,-0.3014907,-0.05971599,0.2457353,2.102875,0.8139054,-0.04279123,0.5794195,-0.1553144,0.9449649,0.2879562,-0.559853,-0.3243613,0.7624659,moving,3.80121179464562,6.001553400085898,-1.6266087812108336,6.665173886169823,-1.2640711000000002,-0.44732478000000003,1.6395313,0.06593322784631545,0.10432791651462603,0.9923550110480388,3.868065288629096,5.468164145518703,5.436668439870358,5.468238139770519,5.6235465191447425
05/05/2023 11:41:06.413284,4736,True,True,True,True,Eyes,2.138283,0.0004214693,-1.985111,-0.5222558,-0.2248906,0.8226015,0.0,0.0,0.0,0.0,0.0,0.0,0.0,-0.5420719,0.8209748,2.668447,2.08635,0.0189862,-1.932676,0.1567223,-0.3102037,0.02519278,0.9373245,18.02483,322.8983,356.9857,0.7287094,0.0001200722,-0.6848225,-0.2535015,-0.01785658,0.3375309,0.7968106,-0.3928656,-0.3031564,-0.05866253,0.2484712,2.103019,0.806278,-0.05000407,0.5894196,-0.1444593,0.9496069,0.2781695,-0.5736265,-0.3094291,0.7584236,moving,4.320184902308122,5.2191826620218915,-1.597819149751189,6.738244859065778,-1.2895393999999998,-0.4118518,1.6295196,0.07501947138945353,0.0907096678685302,0.9930478163068877,4.395057522115528,4.703488192965209,6.081616364536393,6.109854492430914,6.328886592003763
05/05/2023 11:41:06.423309,4737,True,True,True,True,Eyes,2.135469,0.001114242,-1.982103,-0.5267655,-0.2236127,0.8200704,0.0,0.0,0.0,0.0,0.0,0.0,0.0,-0.5019209,0.8146839,2.667171,2.07878,0.01968913,-1.925545,0.156936,-0.3170537,0.02302396,0.9350496,17.9439,322.0015,356.5978,0.7291256,0.0001225052,-0.6843795,-0.2382914,-0.01678518,0.317279,0.7651815,-0.3864808,-0.3133494,-0.05762398,0.2511683,2.10316,0.7978937,-0.0564572,0.6001486,-0.1425714,0.949682,0.2788863,-0.5856953,-0.3080856,0.749696,moving,4.866896413191838,5.265744093106049,-1.5694407749350117,6.810251289353894,-1.3135985000000001,-0.40616993,1.6121956000000002,0.0844857630821059,0.09144712308930004,0.992219518081974,4.926747274453714,4.745166242174838,6.588085280472548,6.619058760769994,6.8165266393599175
05/05/2023 11:41:06.443599,4738,True,True,True,True,Eyes,2.132436,0.001763902,-1.978949,-0.5316473,-0.2222398,0.8172886,0.0,0.0,0.0,0.0,0.0,0.0,0.0,-0.4589245,0.8144625,2.663412,2.070557,0.01970571,-1.918366,0.1577989,-0.3242344,0.02167957,0.9324707,17.95947,321.0636,356.2693,0.7295076,0.0001484926,-0.6839723,-0.223994,-0.01577807,0.2982423,0.7322352,-0.3844607,-0.3255741,-0.05663276,0.2537422,2.103295,0.7888041,-0.06189654,0.6115202,-0.1427588,0.949259,0.2802271,-0.5978361,-0.3083442,0.7399431,moving,5.428139541536012,5.415644422047669,-1.5423582103401277,6.878937986865711,-1.3383218000000001,-0.40416641,1.5927919,0.09417874504614637,0.09396065537620191,0.9911113939482773,5.469817405277329,4.887295046053925,7.087647266003269,7.122434061874368,7.289530058100143
05/05/2023 11:41:06.462972,4739,True,True,True,True,Eyes,2.129176,0.002378262,-1.975684,-0.5369258,-0.2208901,0.8141979,0.0,0.0,0.0,0.0,0.0,0.0,0.0,-0.4118135,0.8044999,2.662992,2.062418,0.01930272,-1.911648,0.1565215,-0.3320702,0.02023725,0.9299574,17.73152,320.0757,356.0078,0.7298557,0.0001940805,-0.683601,-0.2105543,-0.01483138,0.2803478,0.6970109,-0.3740076,-0.3386788,-0.05561304,0.2563901,2.103434,0.7786397,-0.06631272,0.6239575,-0.1415918,0.9501829,0.2776763,-0.6112871,-0.3045571,0.7304607,moving,6.029968066912988,5.3207079246415345,-1.5144997791124803,6.949569123503851,-1.3654071,-0.39331032,1.5729692,0.10460095815089879,0.09222176239138323,0.9902291439073087,6.059050093680033,4.790932333249128,7.681709713462503,7.718301878319567,7.875174313494064
05/05/2023 11:41:06.483023,4740,True,True,True,True,Eyes,2.125685,0.003001425,-1.972291,-0.542609,-0.21956,0.8107829,0.0,0.0,0.0,0.0,0.0,0.0,0.0,-0.3600775,0.8089745,2.658274,2.05419,0.01905708,-1.905376,0.1575264,-0.3405423,0.02007208,0.9267219,17.7965,318.9851,355.7787,0.7301729,0.0002562794,-0.683262,-0.1979211,-0.0139415,0.2635269,0.6604648,-0.3739789,-0.3567565,-0.05455315,0.259142,2.103578,0.7672561,-0.07008635,0.6374999,-0.1444913,0.9495651,0.2782956,-0.6248524,-0.3056372,0.7184328,moving,6.688705719895089,5.520495442294583,-1.4855473950500975,7.022943539927737,-1.3937252000000002,-0.39303598,1.5486195,0.11594201083882227,0.09555302746728507,0.9886491291038983,6.6958151122753,4.980954056118963,8.269482587294487,8.311183085053088,8.43234329995259
05/05/2023 11:41:06.503452,4741,True,True,True,True,Eyes,2.12197,0.003614127,-1.968789,-0.5486056,-0.218019,0.8071553,0.0,0.0,0.0,0.0,0.0,0.0,0.0,-0.3051419,0.8063216,2.654446,2.045326,0.01989228,-1.89884,0.1574425,-0.3495224,0.01958871,0.9233971,17.72552,317.8409,355.5514,0.7304618,0.0003341582,-0.6829519,-0.1860458,-0.01310501,0.2477153,0.621673,-0.3679743,-0.3757373,-0.05350804,0.261856,2.10372,0.7549006,-0.07388306,0.6516643,-0.1462357,0.9496563,0.2770705,-0.6393279,-0.3044573,0.7060919,moving,7.386580217935152,5.6023696844854065,-1.45700187998411,7.0952749768639585,-1.4236530000000003,-0.38786657999999996,1.5231027000000001,0.1279593071799098,0.09682153786841283,0.9870420824571174,7.373909612518703,5.0559884846836125,8.922725910096228,8.968707294512958,9.063315463207019
05/05/2023 11:41:06.513574,4742,True,True,True,True,Eyes,2.118049,0.004180956,-1.96521,-0.5549343,-0.2165507,0.8032147,0.0,0.0,0.0,0.0,0.0,0.0,0.0,-0.2514241,0.7898999,2.653739,2.03648,0.02020407,-1.892572,0.1545767,-0.3582605,0.01878703,0.9205447,17.34057,316.7714,355.4232,0.7307226,0.0004255986,-0.6826719,-0.1748831,-0.01231871,0.2328524,0.5835923,-0.3511904,-0.392534,-0.05249393,0.2644901,2.103858,0.742593,-0.07616884,0.6653976,-0.1453461,0.9515061,0.2711283,-0.6537814,-0.2980509,0.695511,moving,8.016465349419894,5.352682861552069,-1.429305928584655,7.165445310499239,-1.4528877000000002,-0.37139447000000003,1.500038,0.1388613069489918,0.09238234216636249,0.9859934977327917,7.994663433415653,4.808870085974565,9.572352720564275,9.61814445372332,9.714146659628112
05/05/2023 11:41:06.533227,4743,True,True,True,True,Eyes,2.113904,0.004713496,-1.961597,-0.5614659,-0.2153271,0.7989933,0.0,0.0,0.0,0.0,0.0,0.0,0.0,-0.1970326,0.7923738,2.646997,2.027771,0.01966985,-1.887069,0.1543255,-0.3668736,0.02024884,0.9171574,17.33386,315.6987,355.4279,0.7309564,0.0005277423,-0.6824209,-0.1643901,-0.01157959,0.2188812,0.5472878,-0.3488626,-0.4128428,-0.05138075,0.2673798,2.10401,0.7299876,-0.07609314,0.6792113,-0.1503786,0.9515473,0.268224,-0.6667117,-0.297939,0.6831749,moving,8.619305122497336,5.446145447168568,-1.3989073857903296,7.2423871137809925,-1.4804832,-0.36853245,1.4742262000000002,0.1492070509018565,0.09384767281813222,0.9843423594308545,8.579803940850733,4.8958100082397475,10.128233264815174,10.17796963967205,10.25090746483866
05/05/2023 11:41:06.543631,4744,True,True,True,True,Eyes,2.109565,0.005227048,-1.957944,-0.5683323,-0.2142207,0.794423,0.0,0.0,0.0,0.0,0.0,0.0,0.0,-0.1401038,0.8043811,2.63666,2.019002,0.01935256,-1.881991,0.1554213,-0.3757364,0.02317035,0.9133071,17.53609,314.584,355.5206,0.7311627,0.0006384137,-0.6821994,-0.1545267,-0.01088481,0.2057483,0.5109647,-0.3542932,-0.4366438,-0.05040133,0.2699229,2.104143,0.7165706,-0.07447156,0.6935277,-0.1591181,0.9506147,0.2664827,-0.679123,-0.3013065,0.6693327,moving,9.232283056540012,5.725952773302198,-1.3721649995206133,7.310072007766749,-1.5080372999999998,-0.37364576,1.4453472,0.15965731071603018,0.09849065630494894,0.9822469894157606,9.169804726369701,5.163993197997373,10.665428310357527,10.722115104898311,10.758195943527383
05/05/2023 11:41:06.563264,4745,True,True,True,True,Eyes,2.105014,0.005740963,-1.954296,-0.5754032,-0.2132854,0.7895699,0.0,0.0,0.0,0.0,0.0,0.0,0.0,-0.08114624,0.8096469,2.627352,2.010144,0.01941905,-1.877241,0.1554796,-0.3849343,0.02561789,0.909393,17.60821,313.4337,355.6012,0.7313418,0.0007561827,-0.6820069,-0.1452551,-0.01023172,0.1934035,0.4736588,-0.3545465,-0.4615943,-0.04940343,0.2725138,2.104279,0.7023386,-0.07310539,0.7080792,-0.1662923,0.9503397,0.2630616,-0.6921469,-0.3025064,0.6553034,moving,9.870017217225188,5.865536584428335,-1.3449205781758706,7.3789974840097114,-1.5364852,-0.37396555,1.4156467,0.17054230900058368,0.10069710234428453,0.9801915862879177,9.78771782747541,5.295576946037807,11.254473779895992,11.31659814826332,11.325911840069436
05/05/2023 11:41:06.583360,4746,True,True,True,True,Eyes,2.100269,0.00626233,-1.95062,-0.5827727,-0.2124182,0.7843816,0.0,0.0,0.0,0.0,0.0,0.0,0.0,-0.02107859,0.8195806,2.615581,2.001217,0.01990505,-1.873007,0.1567461,-0.3943213,0.02780608,0.9050791,17.79814,312.2253,355.5858,0.7314931,0.0008804345,-0.6818444,-0.1365398,-0.00961782,0.1817992,0.4363347,-0.358584,-0.4893481,-0.0483855,0.2751566,2.104417,0.6874751,-0.07328326,0.7225009,-0.1739501,0.949315,0.2618062,-0.7050669,-0.3056643,0.6398827,moving,10.52430427360028,6.134055903134391,-1.3171327608827588,7.449274892523214,-1.5648823,-0.37848905,1.3836589000000001,0.1816414375132602,0.10507752266670461,0.9777346819988717,10.418291775974938,5.552503142938845,11.843924484854336,11.914253314063595,11.88772190666921
05/05/2023 11:41:06.593556,4747,True,True,True,True,Eyes,2.095309,0.006765964,-1.946979,-0.5901933,-0.2113969,0.7790912,0.0,0.0,0.0,0.0,0.0,0.0,0.0,0.03634691,0.8208064,2.604768,1.991968,0.02060927,-1.868555,0.1568571,-0.4033819,0.02887242,0.9010248,17.81578,311.0606,355.5108,0.7316165,0.001010867,-0.6817119,-0.1283474,-0.009040751,0.1708913,0.3997222,-0.3559885,-0.5151933,-0.0473212,0.2779219,2.104562,0.6728988,-0.07451712,0.7359717,-0.1785762,0.9491245,0.2593711,-0.7178564,-0.3059575,0.6253578,moving,11.134114195125445,6.2491008204330285,-1.2880819167038637,7.522773701222299,-1.5922458,-0.37659777,1.3533617,0.19200118031190952,0.10682605654507066,0.9755632316840374,11.009645202491079,5.6603961118883905,12.411382726698934,12.487321524170234,12.437947683739303
05/05/2023 11:41:06.613479,4748,True,True,True,True,Eyes,2.090181,0.007262446,-1.943348,-0.5977889,-0.2105653,0.7735054,0.0,0.0,0.0,0.0,0.0,0.0,0.0,0.08991134,0.8163629,2.595099,1.982764,0.02055215,-1.864751,0.1559751,-0.4118124,0.02925496,0.8973441,17.69932,309.9846,355.4266,0.7317107,0.001146331,-0.6816106,-0.1206465,-0.008498306,0.1606378,0.3651453,-0.349445,-0.5392411,-0.04633427,0.2804843,2.104697,0.6591094,-0.0759614,0.748201,-0.1809685,0.9496319,0.2558315,-0.7299488,-0.3040217,0.6121647,moving,11.645963060592576,6.218074034695263,-1.2611456038616369,7.590846108818168,-1.6176187,-0.36999715,1.3255099000000001,0.20072405915491057,0.10610854739838371,0.9738843599739349,11.509441441195207,5.626813237781876,12.901734489111913,12.979905902722129,12.920732122982999
05/05/2023 11:41:06.633183,4749,True,True,True,True,Eyes,2.084878,0.007764226,-1.939737,-0.605546,-0.2093256,0.767787,0.0,0.0,0.0,0.0,0.0,0.0,0.0,0.1398591,0.8254043,2.58056,1.973687,0.02090622,-1.861254,0.1575068,-0.4195418,0.03081428,0.8934354,17.89659,308.96,355.3528,0.7317756,0.00128616,-0.6815408,-0.1134077,-0.007988408,0.1509996,0.3339091,-0.3538177,-0.5638328,-0.04529274,0.2831894,2.104838,0.6460703,-0.07710021,0.759374,-0.1872225,0.9484842,0.2555885,-0.7399601,-0.3073,0.5983526,moving,12.078155417890539,6.519978228004086,-1.2327230942316316,7.662682071750832,-1.6397779,-0.37472392,1.2974212,0.2079511338898233,0.11106736938986088,0.9718129489110097,11.922613441106302,5.917695201858588,13.272651554237376,13.359837530411413,13.270563610265143
05/05/2023 11:41:06.644115,4750,True,True,True,True,Eyes,2.079421,0.008255267,-1.936163,-0.61338,-0.2081454,0.7618664,0.0,0.0,0.0,0.0,0.0,0.0,0.0,0.1850026,0.8291047,2.566954,1.96429,0.0214857,-1.857956,0.1582306,-0.4264569,0.03195544,0.8899868,17.99304,308.0492,355.2912,0.7318109,0.001430194,-0.6815028,-0.1066033,-0.007509104,0.1419396,0.3048138,-0.3543379,-0.5853626,-0.04426849,0.2858479,2.104977,0.6342267,-0.07807722,0.7691947,-0.1918369,0.9478838,0.254391,-0.7489694,-0.3089015,0.5861951,moving,12.395397995941124,6.711589628021723,-1.2047750693702965,7.733246004469078,-1.6594762,-0.3758236,1.2725933999999999,0.21325295505904318,0.11418323129775647,0.9703016594024296,12.226702966849262,6.102026298528187,13.544913879298276,13.638492921065648,13.530169251214055
05/05/2023 11:41:06.662998,4751,True,True,True,True,Eyes,2.073802,0.008719921,-1.932651,-0.6212149,-0.2068108,0.755858,0.0,0.0,0.0,0.0,0.0,0.0,0.0,0.2278472,0.8285754,2.554699,1.955199,0.0217203,-1.855172,0.1580156,-0.4329539,0.03314153,0.8868392,17.99695,307.2111,355.2931,0.7318163,0.001577723,-0.6814969,-0.1002071,-0.007058557,0.1334232,0.2773131,-0.3518587,-0.6054718,-0.04324853,0.2884963,2.105116,0.6229051,-0.07804454,0.7783947,-0.1956093,0.9478654,0.2515713,-0.7574472,-0.3089664,0.575164,moving,12.650747542086027,6.804162417138428,-1.1769468753852557,7.803507200725081,-1.6778859,-0.37357900000000005,1.2497002,0.21753828444337533,0.1156388125706936,0.9691773495967202,12.473127403825124,6.190404826872927,13.766321119361999,13.863759335023394,13.745058279123018
05/05/2023 11:41:06.682935,4752,True,True,True,True,Eyes,2.068039,0.009156385,-1.929185,-0.6290695,-0.2056081,0.7496645,0.0,0.0,0.0,0.0,0.0,0.0,0.0,0.2697483,0.8346362,2.53984,1.94603,0.02151033,-1.852747,0.158566,-0.4391005,0.03578449,0.8836102,18.15852,306.4172,355.4116,0.7317908,0.001727558,-0.6815241,-0.09419464,-0.006635044,0.1254178,0.2514787,-0.3555467,-0.6259502,-0.04219836,0.2912235,2.105259,0.6118205,-0.07601374,0.7873357,-0.2024919,0.9471526,0.2487951,-0.764639,-0.3116471,0.5640951,moving,12.860308979623603,7.017510214890671,-1.1482977668156737,7.875825071892341,-1.6945512999999999,-0.37705703,1.2267967999999998,0.22098918603443482,0.11915210438319235,0.9679703222997101,12.671661448534495,6.396599178359111,13.93067070063047,14.034876820625602,13.89889858794722
05/05/2023 11:41:06.693523,4753,True,True,True,True,Eyes,2.062146,0.009560399,-1.925786,-0.6369737,-0.2043326,0.7433121,0.0,0.0,0.0,0.0,0.0,0.0,0.0,0.3105901,0.8373975,2.52541,1.93686,0.02128842,-1.850274,0.158379,-0.4450315,0.03879711,0.8805441,18.26734,305.6698,355.6127,0.7317342,0.001878557,-0.6815845,-0.08854297,-0.006236941,0.1178927,0.2263973,-0.3571897,-0.6452757,-0.0410825,0.2941219,2.105411,0.6008835,-0.07264214,0.7960289,-0.2092924,0.9468217,0.2443875,-0.7714504,-0.3134512,0.5537262,moving,13.030197366539852,7.161429776721422,-1.1178602119784187,7.952644172994563,-1.7104627000000001,-0.37847812,1.2049983,0.22379411613916478,0.12150339128166601,0.9670332483474413,12.833392767659321,6.535504039413681,14.06101681827693,14.17016420038731,14.023043387940314
05/05/2023 11:41:06.713086,4754,True,True,True,True,Eyes,2.056116,0.009941844,-1.922451,-0.6448826,-0.2031995,0.7367743,0.0,0.0,0.0,0.0,0.0,0.0,0.0,0.3519971,0.8426417,2.509962,1.92784,0.02093415,-1.848473,0.1584526,-0.4509116,0.04255603,0.8773601,18.44643,304.929,355.8759,0.7316461,0.002029535,-0.6816787,-0.08323039,-0.005862725,0.1108192,0.2020895,-0.3620242,-0.6661333,-0.04016942,0.2964923,2.105535,0.5897355,-0.06822229,0.8047097,-0.2175701,0.9461635,0.2396619,-0.7777373,-0.3164179,0.5431432,moving,13.192368401262398,7.350997929065932,-1.0929569262793508,8.015440733301062,-1.7257505,-0.38295835,1.1823397,0.22644198622750297,0.12462394496629747,0.9660190851830418,12.986370688633881,6.718875437456521,14.185286963987277,14.30076934831849,14.13890192534225
05/05/2023 11:41:06.733195,4755,True,True,True,True,Eyes,2.049958,0.01027858,-1.919191,-0.6529214,-0.2019113,0.7300175,0.0,0.0,0.0,0.0,0.0,0.0,0.0,0.3932049,0.8449073,2.494558,1.918592,0.02079518,-1.846584,0.1581897,-0.4568104,0.04592667,0.8741804,18.57418,304.185,356.1147,0.7315261,0.002179771,-0.6818069,-0.07823656,-0.005510961,0.10417,0.1775449,-0.3643394,-0.6866469,-0.0390774,0.299327,2.105684,0.5784301,-0.06422903,0.8131995,-0.2248218,0.9457335,0.2346131,-0.784139,-0.3185322,0.5326006,moving,13.345419091877009,7.502909839826244,-1.0631761995735702,8.09049965591276,-1.7410471,-0.38513458,1.1599371,0.2289489011981676,0.12710823265742785,0.9651041269120944,13.13147288291957,6.865668386507062,14.299670676829914,14.420571419495845,14.24739534840096
05/05/2023 11:41:06.744705,4756,True,True,True,True,Eyes,2.043671,0.01056114,-1.91602,-0.6609637,-0.2006646,0.7230911,0.0,0.0,0.0,0.0,0.0,0.0,0.0,0.4341741,0.8383788,2.481747,1.909272,0.02005091,-1.84519,0.1564364,-0.4627568,0.04814019,0.8712442,18.49023,303.451,356.3182,0.7313737,0.00232782,-0.6819697,-0.07354237,-0.005180303,0.09791982,0.1523323,-0.3597237,-0.7067614,-0.03807533,0.3019297,2.10582,0.5670774,-0.06090025,0.8214101,-0.2286677,0.9464204,0.2280341,-0.7912866,-0.317143,0.5227676,moving,13.486685725689373,7.448478289957956,-1.0358520794496846,8.159384668648853,-1.7569397,-0.37977460999999996,1.1384286000000001,0.23135722032148756,0.12611747775403356,0.9646596558994966,13.270649378854644,6.811770542987401,14.419595716614499,14.539927516358413,14.369831168393947
05/05/2023 11:41:06.763341,4757,True,True,True,True,Eyes,2.037249,0.01079891,-1.912945,-0.669205,-0.1992163,0.7158753,0.0,0.0,0.0,0.0,0.0,0.0,0.0,0.4753778,0.8346912,2.467414,1.899966,0.01903218,-1.844069,0.1552372,-0.4687402,0.05042581,0.8681251,18.46975,302.6968,356.4954,0.7311881,0.002472033,-0.6821678,-0.06912983,-0.004869485,0.09204463,0.1274279,-0.3576771,-0.7281058,-0.03706855,0.3045437,2.105957,0.5554799,-0.05798004,0.8295061,-0.2330837,0.9467173,0.2222575,-0.7981942,-0.3168039,0.5123681,moving,13.62319771300926,7.4747011274956945,-1.0084024354536594,8.228534331331142,-1.7725381,-0.37670928000000004,1.1159632,0.23364382229445219,0.12648784845461336,0.9640598009759254,13.403017058860556,6.836379678570101,14.528947545314045,14.651006361465582,14.478504978702187
05/05/2023 11:41:06.783161,4758,True,True,True,True,Eyes,2.0307,0.01097899,-1.909966,-0.6774135,-0.1977064,0.708536,0.0,0.0,0.0,0.0,0.0,0.0,0.0,0.5153785,0.828686,2.453296,1.890558,0.01813694,-1.842948,0.1538861,-0.4746446,0.05193718,0.8650631,18.39377,301.9443,356.6031,0.7309685,0.002611249,-0.6824021,-0.06498204,-0.004577316,0.08652195,0.1026113,-0.3533329,-0.7490385,-0.03601176,0.307288,2.1061,0.5440302,-0.05622454,0.8371797,-0.2359403,0.9472432,0.216939,-0.8052102,-0.3155458,0.5020633,moving,13.748274111653094,7.465221588997885,-0.9795929977692096,8.301098476675515,-1.7879467,-0.37146984,1.0939095,0.23575466185988095,0.1262621429908932,0.9635755001752017,13.525199404937391,6.826326799000887,14.628918580712327,14.75156804425065,14.579573181231552
05/05/2023 11:41:06.803537,4759,True,True,True,True,Eyes,2.024014,0.01109824,-1.907114,-0.6856852,-0.196125,0.7009786,0.0,0.0,0.0,0.0,0.0,0.0,0.0,0.5528494,0.8191746,2.440381,1.881015,0.01690807,-1.842185,0.1520724,-0.4802188,0.05245599,0.8622717,18.21817,301.233,356.6447,0.730714,0.002743947,-0.6826735,-0.06108312,-0.004302677,0.08133063,0.07835586,-0.3457702,-0.7686929,-0.03500581,0.3099006,2.106238,0.5332766,-0.05559344,0.8441123,-0.2365187,0.9482447,0.2118748,-0.8122038,-0.3126361,0.4925279,moving,13.81647153606093,7.3758939053283,-0.952171847416342,8.370138888074933,-1.80265914,-0.36267827,1.0734921,0.236947928710002,0.12472245853032837,0.9634833647760559,13.59408721551712,6.738960121601203,14.681602922744904,14.802072506039277,14.63743136257754
05/05/2023 11:41:06.813301,4760,True,True,True,True,Eyes,2.017205,0.01116341,-1.904366,-0.6938588,-0.1945889,0.6933218,0.0,0.0,0.0,0.0,0.0,0.0,0.0,0.5881172,0.8166304,2.425193,1.87154,0.01548124,-1.841582,0.1515726,-0.4854094,0.05328608,0.8593975,18.19508,300.5452,356.6471,0.7304232,0.002868629,-0.6829832,0.0,0.0,0.0,0.0557787,-0.3439225,-0.788245,-0.03397828,0.3125687,2.106377,0.5230766,-0.05556166,0.8504727,-0.2387374,0.9483727,0.2087911,-0.8181659,-0.3122533,0.4828069,moving,13.852648426491026,7.4450217598510475,-0.924166567961711,8.440618977090944,-1.8157613,-0.35940374,1.053337,0.2375216076553571,0.12586665131297098,0.9631931606276926,13.627489914193152,6.805980530273339,14.687638731071695,14.810316512460464,14.643180980458238
05/05/2023 11:41:06.833302,4761,True,True,True,True,Eyes,2.010278,0.01117713,-1.901723,-0.702006,-0.1929511,0.6855346,0.0,0.0,0.0,0.0,0.0,0.0,0.0,0.6215594,0.8140247,2.409945,1.861816,0.0142456,-1.841261,0.1511647,-0.4902755,0.0539525,0.8566612,18.17359,299.8956,356.6339,0.7300974,0.002983803,-0.6833315,0.0,0.0,0.0,0.03390335,-0.3417794,-0.8068528,-0.0328837,0.3154107,2.106527,0.5134382,-0.05578665,0.8563114,-0.2406627,0.9484767,0.2060907,-0.8236886,-0.311897,0.4735584,moving,13.845397993324788,7.52518070712088,-0.8943366050369447,8.515646531176476,-1.82791265,-0.35602500000000004,1.0344082,0.23735845588276516,0.12721931034742284,0.9630557872314803,13.618261511867152,6.884022004609271,14.648081359899153,14.772975278486186,14.60403035803692
05/05/2023 11:41:06.845187,4762,True,True,True,True,Eyes,2.003235,0.0111378,-1.899192,-0.7100033,-0.1913178,0.6777115,0.0,0.0,0.0,0.0,0.0,0.0,0.0,0.6523166,0.8086938,2.395909,1.852067,0.01297347,-1.841075,0.1502795,-0.4947186,0.05431626,0.8542361,18.08882,299.3099,356.629,0.7297329,0.003089355,-0.6837209,0.0,0.0,0.0,0.01299706,-0.3375861,-0.8236801,-0.03188771,0.3179971,2.106662,0.5046066,-0.05589428,0.8615382,-0.24149,0.9489316,0.2030059,-0.8288878,-0.3104909,0.4653392,moving,13.782671529660444,7.539295171698046,-0.8671973415763634,8.583897580625578,-1.83906994,-0.35055957,1.0173949,0.23629565882021453,0.1274905290287379,0.9632811585776363,13.556734136835566,6.8981711237929035,14.562334760425008,14.687064108839804,14.522102911809576
05/05/2023 11:41:06.868617,4763,True,True,True,True,Eyes,1.996065,0.01104869,-1.896788,-0.7178734,-0.1896152,0.6698537,0.0,0.0,0.0,0.0,0.0,0.0,0.0,0.6807165,0.8037139,2.382173,1.842272,0.01165009,-1.841188,0.1494614,-0.4987377,0.05464714,0.8520187,18.01085,298.7792,356.6264,0.7293304,0.003183875,-0.6841502,0.0,0.0,0.0,-0.006806074,-0.3336092,-0.8391383,-0.03085732,0.3206729,2.106802,0.4965489,-0.05596333,0.8662028,-0.2422048,0.9493499,0.2001787,-0.8335323,-0.309197,0.4578441,moving,13.669674122736183,7.563089787942153,-0.8391238453541578,8.654471381197538,-1.849078074,-0.34525929,1.0020497000000002,0.23438141581053556,0.1279515739055816,0.9636876405558098,13.445940782991526,6.922072247363839,14.425345149897309,14.54978804866102,14.38972821824376
05/05/2023 11:41:06.883381,4764,True,True,True,True,Eyes,1.988773,0.0109312,-1.894502,-0.7255318,-0.1879095,0.6620375,0.0,0.0,0.0,0.0,0.0,0.0,0.0,0.7060354,0.7978567,2.369232,1.832265,0.01029008,-1.841473,0.1485684,-0.5022607,0.05454952,0.8501095,17.90231,298.313,356.5964,0.7288893,0.003266578,-0.6846199,0.0,0.0,0.0,-0.02566006,-0.328544,-0.8525594,-0.02982944,0.3233425,2.106942,0.4895171,-0.05649405,0.8701618,-0.2419863,0.9499035,0.1978027,-0.8377444,-0.307395,0.4513232,moving,13.500643676202149,7.562153273989132,-0.8111219198554832,8.724844633446246,-1.8579250600000001,-0.33883408,0.9889136,0.2315351486041095,0.12802554436860603,0.9643655735029815,13.281191944997824,6.922281950987837,14.235943746366868,14.35891659122843,14.207129980743064
05/05/2023 11:41:06.893414,4765,True,True,True,True,Eyes,1.981353,0.01079386,-1.892337,-0.7329606,-0.1861321,0.6543115,0.0,0.0,0.0,0.0,0.0,0.0,0.0,0.7274857,0.7931725,2.356795,1.822073,0.0094769,-1.841956,0.1481026,-0.5051364,0.05409681,0.8485143,17.81754,297.9218,356.5181,0.7284078,0.003337844,-0.6851323,0.0,0.0,0.0,-0.04305474,-0.3238593,-0.8636755,-0.02882808,0.3259414,2.107078,0.4838216,-0.05782015,0.8732545,-0.2414278,0.9502783,0.1966817,-0.841207,-0.3059868,0.4458058,moving,13.263556623102458,7.599002978492221,-0.7838458128793482,8.793320913603708,-1.8651277400000001,-0.3333362,0.9782804999999999,0.22752053013930013,0.1287709392030955,0.9652214214453101,13.049081777442781,6.959708364142685,13.976043099638797,14.098081803158772,13.95392492099037
05/05/2023 11:41:06.913350,4766,True,True,True,True,Eyes,1.973801,0.0106246,-1.890302,-0.7401666,-0.1841941,0.6467039,0.0,0.0,0.0,0.0,0.0,0.0,0.0,0.7458229,0.7850411,2.346251,1.811599,0.008792579,-1.84268,0.1470375,-0.5074664,0.05323367,0.8473632,17.65092,297.6157,356.4492,0.7278855,0.003397941,-0.685687,0.0,0.0,0.0,-0.05966561,-0.3159727,-0.8721015,-0.02780068,0.3286098,2.107218,0.4792882,-0.0590167,0.8756711,-0.2394497,0.9510923,0.1951598,-0.8443617,-0.3032169,0.4417158,moving,12.959926320410823,7.5593260902864,-0.7558635247601169,8.863591362119314,-1.8712646099999999,-0.324765279,0.9705785000000001,0.22241724285849923,0.12825751098207763,0.9664784412812766,12.75416662919186,6.923116885868518,13.659303085526123,13.777663044805662,13.648675978045361
05/05/2023 11:41:06.933092,4767,True,True,True,True,Eyes,1.966134,0.01041518,-1.888398,-0.7471811,-0.1821206,0.6391811,0.0,0.0,0.0,0.0,0.0,0.0,0.0,0.7631506,0.7711529,2.337852,1.800916,0.007809334,-1.84371,0.1448622,-0.5096379,0.05171017,0.8465283,17.33553,297.3508,356.3899,0.7273211,0.003446856,-0.6862858,0.0,0.0,0.0,-0.07647909,-0.3028744,-0.8791875,-0.02676177,0.3313078,2.107359,0.4751906,-0.06010632,0.8778275,-0.2352028,0.952682,0.192553,-0.8478641,-0.2979669,0.4385683,moving,12.633159263062016,7.375451781874335,-0.7275713603620657,8.93460680668649,-1.87739509,-0.310683734,0.9645225,0.21698400446685828,0.12531229358882182,0.9680985273306717,12.44058392103921,6.746377018605288,13.340729179516051,13.451397220478587,13.348732640986643
05/05/2023 11:41:06.945785,4768,True,True,True,True,Eyes,1.958334,0.01017303,-1.886633,-0.753976,-0.1799552,0.6317724,0.0,0.0,0.0,0.0,0.0,0.0,0.0,0.7805707,0.758908,2.32915,1.790394,0.006575745,-1.84516,0.1428558,-0.5117434,0.05052611,0.8456702,17.05746,297.0943,356.3564,0.726713,0.003484229,-0.6869296,0.0,0.0,0.0,-0.09278502,-0.2914223,-0.8867356,-0.02573705,0.3339681,2.107498,0.4711315,-0.06075418,0.8799682,-0.2316679,0.9540787,0.1899049,-0.8510963,-0.2933305,0.4354217,moving,12.313989717125402,7.227385845865991,-0.6996690113265597,9.004593669169777,-1.88317902,-0.29799804500000004,0.9584244,0.21165065396575888,0.12295730773487273,0.9695800890773584,12.133442259475501,6.604427751308546,13.030153846228886,13.134450165417132,13.055632551586672
05/05/2023 11:41:06.963622,4769,True,True,True,True,Eyes,1.95041,0.009899894,-1.885001,-0.7606022,-0.1776046,0.6244525,0.0,0.0,0.0,0.0,0.0,0.0,0.0,0.797709,0.7486022,2.319469,1.779421,0.005512353,-1.846704,0.1412774,-0.5137603,0.04937762,0.8447796,16.82402,296.8404,356.3019,0.7260609,0.003509928,-0.687619,0.0,0.0,0.0,-0.1091641,-0.2813961,-0.8943227,-0.02469718,0.3366684,2.107639,0.4672242,-0.06173903,0.8819805,-0.2285919,0.9552051,0.18796,-0.8540767,-0.2894331,0.4321819,moving,11.998778722943158,7.138324147091471,-0.6713575800319997,9.075596094281382,-1.8885851,-0.286908453,0.9523812999999999,0.20634835782408922,0.12159084205672976,0.9708944575459719,11.828569114169687,6.519862426777586,12.717767793114936,12.817385713683503,12.758524285340696
05/05/2023 11:41:06.983206,4770,True,True,True,True,Eyes,1.94237,0.009575292,-1.88352,-0.7670386,-0.1750705,0.6172536,0.0,0.0,0.0,0.0,0.0,0.0,0.0,0.8151685,0.7329677,2.311466,1.768368,0.004465912,-1.84864,0.1387294,-0.5158482,0.04751558,0.8440362,16.4517,296.5921,356.2385,0.7253639,0.003523925,-0.6883542,0.0,0.0,0.0,-0.1260433,-0.2660726,-0.9017413,-0.02359992,0.3395185,2.107789,0.4632859,-0.06291685,0.8839727,-0.2233363,0.9569929,0.1851636,-0.8576055,-0.2832069,0.4293096,moving,11.695462304276312,6.922478815874626,-0.6414870336451662,9.150491591678286,-1.8944113,-0.270538512,0.9468987000000001,0.2012920914667718,0.11805928973174477,0.9723905586718428,11.53870825509555,6.311859746027188,12.444285270636726,12.536521044356185,12.506597779852283
05/05/2023 11:41:06.993078,4771,True,True,True,True,Eyes,1.934248,0.009164864,-1.882156,-0.7733418,-0.1725502,0.6100564,0.0,0.0,0.0,0.0,0.0,0.0,0.0,0.8330767,0.7166848,2.303585,1.757525,0.002849445,-1.850744,0.1358162,-0.5179625,0.04603358,0.8432971,16.06658,296.3514,356.2376,0.7246207,0.003525451,-0.6891367,0.0,0.0,0.0,-0.1426505,-0.2511384,-0.9096543,-0.02263314,0.3420288,2.107921,0.4591917,-0.06305546,0.8860966,-0.2183354,0.9588698,0.1813795,-0.8610882,-0.2767542,0.4265378,moving,11.39819126251692,6.679197677733715,-0.6151718059714452,9.216423328996088,-1.9001755,-0.253987845,0.9410896999999999,0.19633696012441598,0.1140463311482841,0.9738814890780907,11.255480027602774,6.077122367549711,12.193612649282093,12.278371480809007,12.278745273051197
05/05/2023 11:41:07.013246,4772,True,True,True,True,Eyes,1.926036,0.008676078,-1.880956,-0.7794237,-0.1701554,0.6029477,0.0,0.0,0.0,0.0,0.0,0.0,0.0,0.8510302,0.7081602,2.293624,1.746896,0.0004434064,-1.853324,0.1340087,-0.5198885,0.04599181,0.8424028,15.87859,296.1241,356.313,0.723832,0.003512513,-0.6899653,0.0,0.0,0.0,-0.1581613,-0.2441885,-0.9184141,-0.0216313,0.3446301,2.108057,0.4552013,-0.06185191,0.8882377,-0.2168264,0.9598529,0.1779573,-0.8635845,-0.2735998,0.4235151,moving,11.100058520623005,6.609390747066629,-0.5879056868963809,9.284713857549747,-1.9050573,-0.24463190640000002,0.9349099,0.19129042476405944,0.11297447197522531,0.9750101718862452,10.966736107773993,6.01117837561135,11.909065617088425,11.990240242035993,12.009403880070527
05/05/2023 11:41:07.033267,4773,True,True,True,True,Eyes,1.917748,0.008134803,-1.879923,-0.7851763,-0.1681762,0.595999,0.0,0.0,0.0,0.0,0.0,0.0,0.0,0.8688365,0.708271,2.281182,1.736508,-0.001918148,-1.856031,0.1336774,-0.5216389,0.0474785,0.8412901,15.92961,295.9012,356.4479,0.7229966,0.003483577,-0.6908408,0.0,0.0,0.0,-0.1725747,-0.2459568,-0.9279112,-0.02059489,0.3473215,2.108199,0.4512773,-0.0595763,0.890393,-0.2193491,0.9597523,0.1753897,-0.8650058,-0.2744562,0.4200464,moving,10.813497239719677,6.742597281163579,-0.5597017842912789,9.355326840509141,-1.9090827,-0.244038652,0.9281197999999999,0.18636031462522018,0.11535224710768369,0.9756861977855003,10.68380039802718,6.142686552522064,11.58772522258557,11.669447792849576,11.693476768856971
05/05/2023 11:41:07.046475,4774,True,True,True,True,Eyes,1.909383,0.007822446,-1.879045,-0.7906908,-0.1669163,0.5890222,0.0,0.0,0.0,0.0,0.0,0.0,0.0,0.8880576,0.7142984,2.266724,1.726274,-0.003622938,-1.859266,0.1345322,-0.5234856,0.04986151,0.8398678,16.15174,295.6461,356.5921,0.7221135,0.003438171,-0.6917642,0.0,0.0,0.0,-0.1866989,-0.2533813,-0.939393,-0.01954824,0.3500394,2.108341,0.4469534,-0.05709721,0.8927333,-0.2246055,0.9588298,0.173775,-0.8659015,-0.2781821,0.4157278,moving,10.561484754809722,7.004212403726543,-0.5312231537376081,9.426602495408785,-1.9129729000000002,-0.24975836199999998,0.919873,0.1819681705940741,0.11990642681414515,0.9759662792343188,10.431082482237251,6.398905155379898,11.269065217229224,11.354124470897295,11.372734765189248
05/05/2023 11:41:07.073017,4775,True,True,True,True,Eyes,1.900864,0.007657109,-1.878286,-0.7957909,-0.1649275,0.5826799,0.0,0.0,0.0,0.0,0.0,0.0,0.0,0.9078482,0.744607,2.243547,1.716052,0.001698487,-1.862067,0.1415416,-0.5253202,0.05415276,0.8373005,17.09284,295.2687,356.5196,0.7211826,0.003386392,-0.6927351,0.0,0.0,0.0,-0.1990789,-0.2804976,-0.9548612,-0.01854187,0.3526519,2.108478,0.4422122,-0.05802511,0.8950316,-0.2393936,0.9540669,0.1801307,-0.8643721,-0.2939208,0.4080092,moving,10.42288720895283,8.070170168120848,-0.5038437730211973,9.495075062969201,-1.9151308999999999,-0.28219608700000004,0.9072058,0.1791782384810362,0.13811387020238672,0.9740738269533893,10.267243962072603,7.436984377463804,10.911306823876926,11.019246975714532,10.965950404176201
05/05/2023 11:41:07.083507,4776,True,True,True,True,Eyes,1.892307,0.007545065,-1.877708,-0.8006991,-0.1630009,0.5764649,0.0,0.0,0.0,0.0,0.0,0.0,0.0,0.9127151,0.7108293,2.244964,1.703812,0.004965853,-1.864186,0.1369657,-0.5256879,0.04703582,0.8382603,16.20519,295.2609,356.11,0.7202024,0.003334317,-0.6937545,0.0,0.0,0.0,-0.2143476,-0.2418934,-0.9517167,-0.01749235,0.355377,2.10862,0.4428799,-0.06514592,0.894211,-0.222859,0.958056,0.1801735,-0.8684418,-0.2790782,0.4097854,moving,9.954587595190791,7.356308108476474,-0.4752941920179521,9.5664642258418,-1.9181596,-0.246859253,0.9124692999999999,0.17148673302302436,0.12614263126963737,0.9770775097437726,9.829977521170136,6.745513339904017,10.57427275823968,10.661483206302771,10.684399327220397
05/05/2023 11:41:07.093479,4777,True,True,True,True,Eyes,1.883701,0.007531615,-1.877258,-0.8052944,-0.1615684,0.5704354,0.0,0.0,0.0,0.0,0.0,0.0,0.0,0.9263101,0.7081896,2.236202,1.694376,0.006132659,-1.867949,0.1370048,-0.5268034,0.04687239,0.8375623,16.19368,295.1031,356.0692,0.719173,0.003283946,-0.694822,0.0,0.0,0.0,-0.226532,-0.2374581,-0.9588236,-0.01629865,0.358477,2.108782,0.4405622,-0.06583212,0.895305,-0.2228663,0.9580653,0.180115,-0.869618,-0.2788852,0.4074156,moving,9.66788068139423,7.425058008490524,-0.44282683680323315,9.647624389239041,-1.920908,-0.24359075900000002,0.9091254000000001,0.1665678137538666,0.1274239511079134,0.9777618647852783,9.548637160395884,6.814307192591556,10.266156818249094,10.352111274294161,10.38542436033042
05/05/2023 11:41:07.113077,4778,True,True,True,True,Eyes,1.875016,0.007565133,-1.876949,-0.8097747,-0.1598574,0.5645446,0.0,0.0,0.0,0.0,0.0,0.0,0.0,0.9418182,0.7380256,2.215052,1.684199,0.008696359,-1.871244,0.1433747,-0.5278279,0.05129697,0.8355898,17.083,294.8487,356.0631,0.7180948,0.003238787,-0.6959366,0.0,0.0,0.0,-0.2373077,-0.2657671,-0.9710589,-0.01541984,0.360759,2.108902,0.4375328,-0.06562783,0.8968044,-0.2370807,0.9536247,0.1854528,-0.8673857,-0.2937567,0.401683,moving,9.450240444794051,8.40542535082343,-0.4189270097885394,9.707332457660826,-1.9215067000000001,-0.27446345899999997,0.9001851,0.16247413555718154,0.1442344280039125,0.9761140525252877,9.31005326711345,7.76963244943121,9.849147477747485,9.954668671604592,9.920067467020623
05/05/2023 11:41:07.133108,4779,True,True,True,True,Eyes,1.658143,0.009326119,-1.872315,-0.903783,-0.120014,0.4108199,0.0,0.0,0.0,0.0,0.0,0.0,0.0,0.9570533,0.716482,2.210184,1.673642,0.00978642,-1.874309,0.1398918,-0.5294632,0.04918446,0.8352725,16.60537,294.6841,356.0526,0.7169677,0.003200097,-0.6970978,0.0,0.0,0.0,-0.2527156,-0.2445506,-0.9772073,-0.01439798,0.3634132,2.109042,0.4344992,-0.06597022,0.8982531,-0.2302999,0.9560224,0.1816127,-0.8707311,-0.2857781,0.400198,moving,-0.9157877996694834,9.673651982820607,-0.3911399926460634,9.776741799458485,-1.9263576,-0.25433702,0.8971017,-0.015755626769561548,0.16801522376833428,0.9856585140545301,-0.8291301664389128,9.072338789836163,0.5274792152498043,0.5346801209217666,0.8294691026819957
05/05/2023 11:41:07.146770,4780,True,True,True,True,Eyes,1.65775,0.009393938,-1.872417,-0.9038535,-0.1202817,0.4105864,2.129063,-0.2666115,-0.2466934,-0.9982532,-0.130738,0.8584991,-0.4958699,-0.02174819,0.3774354,2.104158,1.664827,0.01089824,-1.877799,0.1425411,-0.5312842,0.05321728,0.833419,17.10597,294.4006,356.2353,0.7102128,0.003285946,-0.7039782,-0.6506206,0.005282957,0.013901,-0.2646496,-0.2595779,-0.9908106,-0.01339251,0.3660237,2.109179,0.4298102,-0.06275503,0.9007359,-0.2401642,0.9536999,0.1810459,-0.8703933,-0.2941398,0.3948385,moving,-0.646584448898724,10.177980801528225,-0.3638022130506069,9.844974298327582,-1.9294766,-0.27047614,0.8869884,-0.011107228194108809,0.17669559549873826,0.9842028879734555,-0.5802989345661579,9.56125758034272,0.4337620382488195,0.436874265762107,0.35688374366323156
05/05/2023 11:41:07.163450,4781,True,True,True,True,Eyes,1.657004,0.009495661,-1.872599,-0.9040122,-0.1200892,0.4102932,0.0,0.0,0.0,0.0,0.0,0.0,0.0,0.9983323,0.7329787,2.177385,1.65506,0.01237264,-1.880307,0.1433342,-0.5334454,0.05817476,0.831569,17.48467,294.1209,356.6239,0.7045726,0.003355242,-0.7096229,-0.6115834,0.00496598,0.01306694,-0.2784579,-0.2694612,-1.0042,-0.01229316,0.3688784,2.109328,0.4241034,-0.05616929,0.9038702,-0.2496746,0.9521421,0.1763184,-0.8705165,-0.3004507,0.3897826,moving,-0.3379273298781004,10.586063254615304,-0.3339159251365213,9.91955097134364,-1.9335179,-0.28183384,0.876107,-0.005797531648701337,0.18370916498422316,0.9829635369632498,-0.290413271585091,9.956268536976431,0.6665091235542565,0.6665243544837718,0.05692679941832432
05/05/2023 11:41:07.173100,4782,True,True,True,True,Eyes,1.655927,0.0096099,-1.872873,-0.9042277,-0.1202362,0.4097748,0.0,0.0,0.0,0.0,0.0,0.0,0.0,1.019426,0.7105563,2.17003,1.645661,0.01328167,-1.882757,0.1389054,-0.5357078,0.06116386,0.8306513,17.23525,293.9325,357.1665,0.6998447,0.003413222,-0.7142857,-0.5748883,0.004668021,0.01228292,-0.2936035,-0.2569515,-1.014378,-0.01133579,0.3713645,2.109458,0.4185523,-0.04721373,0.9069647,-0.2504371,0.9539286,0.165232,-0.8729808,-0.2962958,0.3874449,moving,-0.0663138046232048,10.338505886234964,-0.30789267793539754,9.984460951441614,-1.9392645000000002,-0.27023317,0.868379,-0.0011386032237541976,0.17946327051388133,0.9837639463163559,-0.018966792421526546,9.713597924255579,0.4265990710281631,0.42861190823822914,0.39603654732405347
05/05/2023 11:41:07.193312,4783,True,True,True,True,Eyes,1.654521,0.009816459,-1.873176,-0.9045154,-0.1201952,0.4091514,0.0,0.0,0.0,0.0,0.0,0.0,0.0,1.041338,0.7153792,2.15332,1.636638,0.01400291,-1.885248,0.139677,-0.5377392,0.06776407,0.8286948,17.72075,293.6854,357.7192,0.6958609,0.003463263,-0.718167,-0.540395,0.004387939,0.01154594,-0.306023,-0.2718186,-1.028113,-0.01035029,0.373924,2.109592,0.4124894,-0.03790812,0.9101734,-0.2625311,0.9517967,0.1586204,-0.8723131,-0.304378,0.382654,moving,0.22472093986928843,10.833937674961808,-0.28110799405464465,10.051251195400983,-1.942661,-0.28582151,0.857135,0.003852203678190891,0.1879617066479042,0.9821687331731697,0.25138589917616433,10.193715270894403,0.9274209033420573,0.9319125686897565,0.5512220597311931
05/05/2023 11:41:07.213280,4784,True,True,True,True,Eyes,1.652773,0.01009455,-1.873537,-0.9049077,-0.1197367,0.4084178,0.0,0.0,0.0,0.0,0.0,0.0,0.0,1.061321,0.7037495,2.141592,1.626963,0.01645933,-1.887008,0.1378612,-0.5398613,0.07150125,0.8273039,17.77668,293.4592,358.1618,0.6924819,0.003511262,-0.7214255,-0.5079713,0.004124663,0.01085319,-0.3203887,-0.2689224,-1.038902,-0.009312391,0.3766184,2.109734,0.4068747,-0.03054531,0.9129732,-0.2671584,0.9517637,0.1509047,-0.8735443,-0.3053077,0.3790882,moving,0.4871167101996751,10.919601388356767,-0.252902610616288,10.121518282415385,-1.9473517,-0.28538173,0.848106,0.008347766647872346,0.18942476083389423,0.981859713491716,0.5048653508441165,10.275324650674028,1.0797401149454262,1.0883773422714949,0.7732196856862674
05/05/2023 11:41:07.223266,4785,True,True,True,True,Eyes,1.650741,0.01039073,-1.873925,-0.905383,-0.1188542,0.4076216,0.0,0.0,0.0,0.0,0.0,0.0,0.0,1.0786,0.6704628,2.137698,1.617089,0.01834737,-1.888739,0.1319524,-0.5420758,0.07103462,0.8268595,17.171,293.2719,358.4655,0.6894417,0.003564474,-0.7243313,-0.4774931,0.003877183,0.010202,-0.3368879,-0.2420371,-1.046299,-0.008269072,0.379328,2.109875,0.4022161,-0.02558501,0.9151872,-0.2605276,0.9550853,0.1411998,-0.8776945,-0.2952244,0.377485,moving,0.6949851434468619,10.36570228889304,-0.2245538244180269,10.192149740483083,-1.9539769,-0.26038447,0.8424399999999999,0.011931549408646602,0.17991753710925307,0.9836093657049274,0.7224288072749513,9.735011079884293,0.9211504851329795,0.9357736908471062,1.0515473644787547
05/05/2023 11:41:07.253360,4786,True,True,True,True,Eyes,1.64841,0.01068643,-1.874365,-0.9059277,-0.1177356,0.4067351,0.0,0.0,0.0,0.0,0.0,0.0,0.0,1.094272,0.647599,2.131367,1.607961,0.01902751,-1.890408,0.1278648,-0.5440199,0.07112236,0.8262172,16.77847,293.0838,358.7075,0.6866434,0.003624351,-0.7269843,-0.4488435,0.003644552,0.009589876,-0.3513955,-0.224275,-1.053827,-0.007240295,0.3819992,2.110015,0.397968,-0.02159696,0.9171451,-0.256647,0.9571844,0.1339042,-0.880769,-0.2886721,0.3753859,moving,0.8755885545495772,10.03746855038929,-0.19660368185709196,10.261735604157737,-1.9593565,-0.24330251,0.836581,0.015047466636814721,0.17427243146947327,0.9845825532093242,0.9073313927777562,9.414447158444387,1.0792055613135252,1.0953957746936558,1.3916071138250161
05/05/2023 11:41:07.263782,4787,True,True,True,True,Eyes,1.645829,0.01101745,-1.874819,-0.9065021,-0.1165382,0.4057987,0.0,0.0,0.0,0.0,0.0,0.0,0.0,1.108703,0.6263682,2.124627,1.598512,0.01924187,-1.892086,0.1240834,-0.5457919,0.07073355,0.8256581,16.38632,292.9072,358.8865,0.6840566,0.003690252,-0.7294186,-0.4219129,0.003425879,0.009014484,-0.3657549,-0.2069977,-1.060698,-0.006224036,0.3846382,2.110153,0.3942159,-0.01864393,0.9188288,-0.2522509,0.9592001,0.1276893,-0.8837214,-0.2821124,0.373429,moving,1.027462918628853,9.713697969850108,-0.16899720550027936,10.330445044276455,-1.9642669,-0.22623957,0.831388,0.017674645636062913,0.1686986578003143,0.9855090887675018,1.0641080626873054,9.098416334662433,1.3305516627561609,1.3460660394068926,1.7431131184593753
05/05/2023 11:41:07.283103,4788,True,True,True,True,Eyes,1.642969,0.01138594,-1.875315,-0.907131,-0.1152394,0.4047633,0.0,0.0,0.0,0.0,0.0,0.0,0.0,1.123343,0.6138965,2.115314,1.589597,0.02042171,-1.893697,0.1222761,-0.5476393,0.07061569,0.8247139,16.2023,292.6806,358.9587,0.6816552,0.003763042,-0.7316629,-0.3965981,0.003220326,0.008473614,-0.3792371,-0.1960931,-1.068729,-0.005046248,0.3876969,2.110314,0.3902093,-0.01745096,0.9205608,-0.2504019,0.9601239,0.1243418,-0.8860223,-0.2790295,0.3702795,moving,1.2000320478548492,9.605755324114824,-0.137007176041258,10.41002796790484,-1.9688341,-0.21651481,0.8249679999999999,0.020649470584812868,0.16683221678554194,0.9857690958369709,1.235241120934443,8.99224545655687,1.5439558944942193,1.5602975266870376,1.9731124240744293
05/05/2023 11:41:07.293320,4789,True,True,True,True,Eyes,1.639879,0.01171761,-1.875826,-0.9077897,-0.1138447,0.4036796,0.0,0.0,0.0,0.0,0.0,0.0,0.0,1.136881,0.6031034,2.105361,1.58008,0.02166507,-1.895166,0.120989,-0.5494398,0.06922234,0.823824,15.9867,292.4401,358.8736,0.6794149,0.003843576,-0.7337434,-0.3728022,0.003027107,0.007965198,-0.3930527,-0.1846443,-1.076481,-0.004154265,0.390012,2.110435,0.3866482,-0.01889836,0.9220336,-0.2470064,0.9611399,0.1232803,-0.8885331,-0.2754143,0.366955,moving,1.357182349231258,9.475148662894414,-0.11278316747686896,10.470232626201458,-1.9731326999999999,-0.20630937000000002,0.8186849999999999,0.023362129435584023,0.16457486907555086,0.9860878753829903,1.3919544823093986,8.86412509745458,1.7582102863184474,1.7751030151351344,2.2008672810012193
05/05/2023 11:41:07.313321,4790,True,True,True,True,Eyes,1.636563,0.01203619,-1.87638,-0.9084557,-0.1127159,0.4024966,0.0,0.0,0.0,0.0,0.0,0.0,0.0,1.148269,0.5917108,2.09705,1.571268,0.02112416,-1.896558,0.1192051,-0.5509833,0.06722994,0.823218,15.68502,292.2414,358.7698,0.6773145,0.003929654,-0.7356822,-0.3504341,0.00284548,0.007487286,-0.405784,-0.1713854,-1.082317,-0.003107965,0.3927296,2.110578,0.3837951,-0.02067027,0.923187,-0.2420498,0.9625406,0.1221784,-0.8911304,-0.2703487,0.3644151,moving,1.4658112820329663,9.243202294871233,-0.08437174492494849,10.540861046937733,-1.977052,-0.19250956,0.814241,0.025248506407070048,0.1605742701553746,0.9867008476104302,1.5040997275144503,8.637724566433034,2.0059080534391747,2.0216294551384015,2.478945356836573
05/05/2023 11:41:07.333098,4791,True,True,True,True,Eyes,1.548038,0.02061341,-1.890844,-0.9245179,-0.0904551,0.3702494,0.0,0.0,0.0,0.0,0.0,0.0,0.0,1.160556,0.6005505,2.082617,1.562549,0.02117663,-1.898114,0.1214397,-0.5522615,0.06863284,0.8219181,15.98785,292.0259,358.7297,0.6753346,0.004020233,-0.7374995,-0.329408,0.002674751,0.007038049,-0.4168766,-0.1800934,-1.090105,-0.002064645,0.3954378,2.11072,0.3805935,-0.02131181,0.9244969,-0.2469541,0.9610839,0.1238204,-0.8911579,-0.2754335,0.3605193,moving,-0.4458289990970168,10.79107979198833,-0.05604504953936226,10.611205919553855,-1.9794256,-0.20127003,0.808009,-0.007643516007422191,0.1872229221216123,0.9822877607056235,-0.4011237204788056,10.156461944020498,0.4230068063454088,0.42928561275372146,0.5708514451424431
05/05/2023 11:41:07.347499,4792,True,True,True,True,Eyes,1.547676,0.02064213,-1.8909,-0.92457,-0.09037083,0.3701398,2.126155,-0.4181031,-0.1715002,-1.103925,0.7126281,0.5266643,-0.4634499,-0.003620505,0.4021659,2.09667,1.553584,0.02216901,-1.899359,0.1222985,-0.553652,0.06854538,0.8208619,16.06222,291.8099,358.6351,0.6704625,0.004532221,-0.7419285,-0.5752195,0.02824593,-0.03677558,-0.4287801,-0.1793927,-1.096979,-0.001040339,0.3980986,2.110859,0.377542,-0.02288909,0.9257097,-0.2479542,0.9606892,0.1248798,-0.8921776,-0.2766809,0.357025,moving,-0.2540094210982368,10.874444458497921,-0.02823828078362232,10.680281420496645,-1.9823641,-0.20156170999999998,0.8023800000000001,-0.004353679112959641,0.18865565890482996,0.9820336711133151,-0.21638131079293454,10.236302409873208,0.2947024236717371,0.29777826167275284,0.4821982596559748
05/05/2023 11:41:07.363524,4793,True,True,True,True,Eyes,1.546984,0.02069711,-1.890992,-0.9246777,-0.09045637,0.3698497,2.133785,-0.4260795,-0.1723174,-1.101812,0.9963714,-0.04363213,0.073076,0.006624699,0.3966039,2.098201,1.544553,0.02287811,-1.900745,0.1217495,-0.5550176,0.06752184,0.8201059,15.94095,291.619,358.5461,0.6664304,0.004959495,-0.7455499,-0.5407063,0.02655117,-0.03456905,-0.4410311,-0.1716626,-1.102907,-1.0252e-05,0.4007733,2.110999,0.3747926,-0.02439612,0.9267877,-0.2458963,0.9612358,0.1247433,-0.8939047,-0.2746466,0.3542651,moving,-0.09235581744806141,10.752179003563079,-0.0002782551443953796,10.749675603664077,-1.9855841,-0.19454071,0.7978379999999998,-0.001583612617837904,0.18656116570799144,0.982442073590962,-0.05550286756239453,10.116268049716096,0.09049561757925376,0.09211158716925805,0.6358104176679418
05/05/2023 11:41:07.383503,4794,True,True,True,True,Eyes,1.545954,0.02075545,-1.891138,-0.9248358,-0.09047653,0.3694493,0.0,0.0,0.0,0.0,0.0,0.0,0.0,1.194736,0.5962756,2.047994,1.535856,0.02360551,-1.902053,0.122698,-0.5563893,0.06754236,0.8190325,16.03038,291.4041,358.456,0.6630765,0.005318712,-0.748532,-0.5082639,0.0249581,-0.0324949,-0.4521918,-0.1742655,-1.111183,-1.192093e-07,0.4008,2.111001,0.371738,-0.02589688,0.9279764,-0.2471744,0.9607665,0.1258275,-0.8948272,-0.2761469,0.3507523,moving,0.08089685206610307,10.845194547657904,-3.2355218063415778e-06,10.750365122656772,-1.9880478000000001,-0.19787100999999999,0.79087,0.001386698000639952,0.18815590146853828,0.9821382176273296,0.11088004579446231,10.205621793014437,0.1237163457329914,0.12464928406443701,0.5559140196696614
05/05/2023 11:41:07.393644,4795,True,True,True,True,Eyes,1.544627,0.02080845,-1.891313,-0.9250637,-0.09070469,0.3688222,0.0,0.0,0.0,0.0,0.0,0.0,0.0,1.206254,0.5923225,2.036857,1.526721,0.02374454,-1.903481,0.1225078,-0.5578611,0.06649702,0.8181449,15.94118,291.1903,358.3387,0.6601039,0.005636985,-0.7511523,-0.4777681,0.02346061,-0.03054521,-0.4642469,-0.1708177,-1.119162,-2.384186e-07,0.4008,2.111,0.3687383,-0.02787626,0.9291152,-0.2454931,0.96114,0.126266,-0.8965297,-0.2746505,0.3475657,static,0.2391280702886488,10.747903606965455,-6.471046678075655e-06,10.750370096520475,-1.9909679,-0.19456224,0.784319,0.004100345458238008,0.18648652181328482,0.9824489652941941,0.26774913900266295,10.10990993732566,0.23495245116727873,0.2391472609719421,0.6941774140871642
05/05/2023 11:41:07.413110,4796,True,True,True,True,Eyes,1.542992,0.02085393,-1.891543,-0.9253474,-0.09097584,0.3680428,0.0,0.0,0.0,0.0,0.0,0.0,0.0,1.218798,0.5951052,2.023387,1.518093,0.02374005,-1.904873,0.1236133,-0.5594481,0.06662087,0.816884,16.05126,290.9412,358.2429,0.6573845,0.005925774,-0.7535312,-0.449102,0.02205298,-0.0287125,-0.4756683,-0.1749524,-1.12873,2.980232e-07,0.4008,2.111,0.3651591,-0.02946744,0.9304787,-0.2471535,0.9605628,0.1274137,-0.8975378,-0.2764973,0.3434753,static,0.42224194340745563,10.84853698173717,8.08880699051782e-06,10.750370096520475,-1.9937612999999998,-0.19869245000000002,0.776143,0.007237746571964909,0.188208434714989,0.9821023963462256,0.4435396152019321,10.206610315838011,0.42614871275287963,0.43349528869863696,0.7017085677074695
05/05/2023 11:41:07.433152,4797,True,True,True,True,Eyes,1.541059,0.02088068,-1.891822,-0.9257243,-0.09122455,0.3670322,0.0,0.0,0.0,0.0,0.0,0.0,0.0,1.233021,0.5963704,2.009056,1.509112,0.0236266,-1.906391,0.1244249,-0.5613449,0.06664827,0.815456,16.12605,290.6525,358.1512,0.6548858,0.006187807,-0.7557017,-0.4221559,0.0207298,-0.02698975,-0.4880595,-0.1778775,-1.139797,0.0,0.4008,2.111,0.3609,-0.03099314,0.9320894,-0.2483881,0.9601529,0.1281008,-0.8989186,-0.2777514,0.3388208,static,0.6325640618535012,10.916457916669792,0.0,10.750370096520475,-1.9971714999999999,-0.2015041,0.766594,0.010840347456532284,0.18936637347056437,0.9818466771526302,0.6467349101782989,10.271301575383156,0.6429401539253149,0.6540049360291953,0.8048432716920921
05/05/2023 11:41:07.447837,4798,True,True,True,True,Eyes,1.538846,0.02089091,-1.892155,-0.9261657,-0.09148496,0.3658519,0.0,0.0,0.0,0.0,0.0,0.0,0.0,1.247264,0.5924013,1.995947,1.500132,0.02323467,-1.907741,0.1241346,-0.5634017,0.06579477,0.81415,16.03748,290.3575,358.0477,0.6525789,0.006425031,-0.7576926,-0.3968265,0.01948601,-0.02537036,-0.5009898,-0.1749853,-1.150654,5.960464e-08,0.4007999,2.111,0.3564991,-0.03274162,0.9337218,-0.2470088,0.9605234,0.1279905,-0.9010522,-0.2762661,0.3343383,static,0.8413026672652132,10.821089411114768,1.6177613981035745e-06,10.750367476802118,-2.0011218,-0.19821997000000002,0.7570869999999998,0.014421939300354403,0.18772333765026034,0.9821160678171217,0.8527877449933889,10.177125281598643,0.8293639158431855,0.8442683506380797,1.027546005374473
05/05/2023 11:41:07.473174,4799,True,True,True,True,Eyes,1.53635,0.02087843,-1.892526,-0.9266222,-0.09139667,0.3647164,0.0,0.0,0.0,0.0,0.0,0.0,0.0,1.263208,0.5923016,1.980768,1.491241,0.02286419,-1.909356,0.1246376,-0.5656921,0.06562553,0.812497,16.0683,290.0164,357.9501,0.6504375,0.006639313,-0.7595298,-0.3730169,0.01831685,-0.02384814,-0.5140143,-0.1765295,-1.163596,5.960464e-08,0.4007999,2.111,0.3513717,-0.03437188,0.9356049,-0.247654,0.9603176,0.1282877,-0.9028873,-0.276783,0.328916,static,1.095911592226628,10.867230017443564,1.6177613981035745e-06,10.750367476802118,-2.0052553,-0.19939369,0.74576,0.018783228430133414,0.18850053532601696,0.9818934991945076,1.0997417078548335,10.220330938638874,1.082586608196646,1.1021231898193389,1.2208058803703372
05/05/2023 11:41:07.473174,4800,True,True,True,True,Eyes,1.533596,0.02083834,-1.892937,-0.9271356,-0.09129475,0.3634347,0.0,0.0,0.0,0.0,0.0,0.0,0.0,1.279424,0.5867407,1.966319,1.482009,0.02229853,-1.910695,0.1239855,-0.5681125,0.06517027,0.8109431,15.97027,289.6789,357.9031,0.6484383,0.006832063,-0.7612357,-0.3506359,0.01721784,-0.02241725,-0.5278084,-0.173446,-1.176337,-5.960464e-08,0.4008,2.111,0.3460022,-0.03517669,0.9375741,-0.2465742,0.9607608,0.1270423,-0.9052534,-0.2751385,0.3237517,static,1.3513802324062505,10.784586709164396,-1.6177613981035745e-06,10.750370096520475,-2.0098173999999998,-0.19574453,0.7343580000000001,0.023167525744896167,0.18706683104244554,0.9820739278708144,1.3510048802433563,10.138226173534658,1.3279626640062818,1.3518149583220926,1.4832190465671402
05/05/2023 11:41:07.493398,4801,True,True,True,True,Eyes,1.530591,0.02076535,-1.89339,-0.9276519,-0.09103711,0.3621798,0.0,0.0,0.0,0.0,0.0,0.0,0.0,1.294191,0.5838237,1.952082,1.4731,0.02159585,-1.912044,0.1238123,-0.5702356,0.06511761,0.8094823,15.94488,289.3761,357.8674,0.64656,0.007004373,-0.7628302,-0.3295978,0.01618477,-0.02107222,-0.5405657,-0.1732094,-1.188053,0.0,0.4007999,2.111,0.3411822,-0.03578124,0.939316,-0.2466275,0.9608604,0.126183,-0.9070665,-0.2747125,0.3190039,static,1.5726583502132514,10.7823903059605,0.0,10.750367476802118,-2.0136657000000002,-0.19480525,0.723991,0.026960434927566668,0.18701140044494952,0.9819877196538341,1.5667701798112847,10.134621713031008,1.5452380906918837,1.5729843445129301,1.6834225975517718
05/05/2023 11:41:07.513095,4802,True,True,True,True,Eyes,1.527342,0.02065773,-1.893875,-0.9282249,-0.0908259,0.3607619,0.0,0.0,0.0,0.0,0.0,0.0,0.0,1.309665,0.582441,1.936764,1.464133,0.02074344,-1.913478,0.1239201,-0.5724007,0.06587431,0.8078749,15.99997,289.066,357.8879,0.6447837,0.007156987,-0.7643307,-0.3098219,0.01521368,-0.01980788,-0.5532922,-0.1761139,-1.200595,0.0,0.4007999,2.111,0.3360361,-0.03542744,0.9411826,-0.2483002,0.9606088,0.1248108,-0.90853,-0.2756368,0.3140026,static,1.7996731716579286,10.856331892218018,0.0,10.750367476802118,-2.0174252,-0.19685734,0.7128829999999999,0.030843526042316716,0.1882573713578053,0.9816352665899676,1.7860755617489936,10.205060274684449,1.7706567624576934,1.8027900549203564,1.8674650885514257
05/05/2023 11:41:07.533038,4803,True,True,True,True,Eyes,1.523858,0.02052608,-1.894402,-0.9288363,-0.09051692,0.3592629,0.0,0.0,0.0,0.0,0.0,0.0,0.0,1.325463,0.5794135,1.921231,1.4551,0.01980212,-1.914677,0.123676,-0.5746319,0.06707124,0.8062283,16.0517,288.7562,357.9733,0.6430929,0.007290491,-0.7657527,-0.2912326,0.01430086,-0.01861941,-0.5661796,-0.1789663,-1.213334,1.788139e-07,0.4008001,2.111001,0.3305994,-0.03398683,0.9431592,-0.2502857,0.9604114,0.1223396,-0.9099788,-0.2765047,0.309005,static,2.0337799092691426,10.929923086798203,4.853281352436274e-06,10.750367742373928,-2.0212796,-0.19876842,0.701343,0.034845719913519924,0.18949310450822449,0.9812635504633449,2.0123037220481566,10.275110881065972,2.0049651444611483,2.0416858475459585,2.067659503269445
05/05/2023 11:41:07.548254,4804,True,True,True,True,Eyes,1.430992,0.01656305,-1.908135,-0.9448732,-0.08229689,0.3169258,0.0,0.0,0.0,0.0,0.0,0.0,0.0,1.342131,0.5770686,1.904764,1.446125,0.01910155,-1.915935,0.1236495,-0.5770171,0.06857783,0.8043998,16.14496,288.4203,358.0689,0.6414726,0.007405821,-0.7671093,-0.2737586,0.01344281,-0.01750224,-0.5791378,-0.1831267,-1.227185,0.0,0.4007999,2.111,0.3246965,-0.0323678,0.9452642,-0.2530237,0.9600158,0.1197861,-0.9113458,-0.2780685,0.303524,static,-0.26624173306018806,11.422040656810047,0.0,10.750367476802118,-2.0252628,-0.20222825,0.68875,-0.004554751162634263,0.19803237463921247,0.9801849507741653,-0.24306508803088012,10.769186005937774,0.7205876153040789,0.7225161044328742,0.2437924815458611
05/05/2023 11:41:07.563138,4805,True,True,True,True,Eyes,1.430625,0.01651878,-1.908165,-0.9449669,-0.08210504,0.316696,0.0,0.0,0.0,0.0,0.0,0.0,0.0,1.358932,0.5717086,1.88848,1.436937,0.01828929,-1.916971,0.1230198,-0.579635,0.06892306,0.8025828,16.10315,288.0556,358.0925,0.636999,0.007363742,-0.7708285,-0.5359306,0.0007471433,-0.0576512,-0.5928618,-0.1823728,-1.241239,-1.192093e-07,0.4008,2.111,0.3185458,-0.03198018,0.9473679,-0.253246,0.9602315,0.1175666,-0.9134524,-0.2773675,0.2977789,static,0.09574323288345973,11.402637030318393,-3.235523339037838e-06,10.750370096520475,-2.0297988,-0.20066209000000002,0.675732,0.0016380512527363056,0.1977021953448957,0.9802607790016464,0.11032770184891899,10.74790609770602,0.6589847052376238,0.6592568081851804,0.11035844793942494
05/05/2023 11:41:07.573379,4806,True,True,True,True,Eyes,1.429896,0.01644203,-1.908228,-0.9451519,-0.08188263,0.3162011,0.0,0.0,0.0,0.0,0.0,0.0,0.0,1.37628,0.5663146,1.871539,1.427714,0.01720925,-1.918033,0.122353,-0.5824661,0.06870154,0.8006518,16.01905,287.6561,358.061,0.6332839,0.007321209,-0.7738841,-0.5037748,0.0007023147,-0.05419213,-0.6069573,-0.1803196,-1.256173,0.0,0.4008,2.111001,0.3120267,-0.03252097,0.9495167,-0.252545,0.9606197,0.1158917,-0.9158934,-0.275957,0.291526,static,0.46681993053780313,11.343265706875835,0.0,10.750365122656772,-2.0346713,-0.19752885,0.6618600000000001,0.007988315972464854,0.19668030466711844,0.9804351377702198,0.47366054260999363,10.687677958338027,0.7490089654274513,0.7546204014699213,0.4777907389181157
05/05/2023 11:41:07.593595,4807,True,True,True,True,Eyes,1.428812,0.0163504,-1.908305,-0.9454249,-0.08138432,0.315513,0.0,0.0,0.0,0.0,0.0,0.0,0.0,1.394058,0.5611207,1.853546,1.418357,0.01634656,-1.918823,0.1218005,-0.5854289,0.06874909,0.7985684,15.96365,287.2356,358.0444,0.6299709,0.007279193,-0.7765839,-0.4735483,0.0006601758,-0.0509406,-0.6212617,-0.1791171,-1.271745,-5.960464e-08,0.4008,2.111,0.3050933,-0.03280939,0.9517571,-0.2524127,0.9608764,0.1140367,-0.9182625,-0.2750275,0.2848755,static,0.8484395182740615,11.328722592709864,-1.6177613981035745e-06,10.750370096520475,-2.0396187,-0.19546366,0.647078,0.014519078871594149,0.19641700952763397,0.9804130032633258,0.8460625270969295,10.67099704604939,1.0131864957657994,1.026812529708144,0.8497791585794151
05/05/2023 11:41:07.613243,4808,True,True,True,True,Eyes,1.42737,0.01624138,-1.908401,-0.9457965,-0.08069479,0.3145749,0.0,0.0,0.0,0.0,0.0,0.0,0.0,1.412322,0.5527791,1.835555,1.408715,0.01589913,-1.91957,0.1206814,-0.5886065,0.06807014,0.7964578,15.80524,286.7908,357.9966,0.6269495,0.007237599,-0.7790255,-0.4451354,0.0006205653,-0.04788416,-0.6362758,-0.1736591,-1.287873,0.0,0.4007999,2.111,0.2978178,-0.03363768,0.9540299,-0.2504976,0.961605,0.1121022,-0.9211707,-0.2723683,0.2779569,static,1.2357033889221747,11.223190996956447,0.0,10.750367476802118,-2.0449908,-0.18955823000000002,0.631697,0.02115320026357359,0.1945878399580279,0.9806569996254972,1.2264190991889123,10.5657483441688,1.3010247486327875,1.3230740518220732,1.240237086604663
05/05/2023 11:41:07.633242,4809,True,True,True,True,Eyes,1.425577,0.0161135,-1.908518,-0.9462432,-0.07968071,0.313488,0.0,0.0,0.0,0.0,0.0,0.0,0.0,1.430017,0.5410422,1.818203,1.398771,0.01533965,-1.920089,0.1187984,-0.5918618,0.06629495,0.7944757,15.50009,286.3442,357.9016,0.6241826,0.007195737,-0.7812445,-0.4184272,0.0005833313,-0.04501111,-0.6518277,-0.1628398,-1.303438,0.0,0.4008,2.111,0.2906092,-0.03528507,0.956191,-0.245964,0.9629838,0.11029,-0.9246882,-0.2672398,0.2711731,static,1.6098707826132437,10.991159883383304,0.0,10.750370096520475,-2.0505987,-0.17817945000000002,0.6166509999999998,0.027578907142996212,0.1905850120303702,0.9812831866013632,1.5974185485197414,10.337504452037383,1.5985894555592601,1.6277787497596914,1.6499103186383666
05/05/2023 11:41:07.648467,4810,True,True,True,True,Eyes,1.42344,0.01596721,-1.908639,-0.9467899,-0.07842503,0.3121512,0.0,0.0,0.0,0.0,0.0,0.0,0.0,1.447899,0.5277414,1.800585,1.388678,0.014694,-1.920518,0.1165396,-0.5952436,0.06413838,0.7924581,15.13305,285.8845,357.7983,0.621636,0.007152906,-0.7832729,-0.3933216,0.0005483315,-0.04231045,-0.667655,-0.1497911,-1.31935,-1.192093e-07,0.4008,2.111,0.2831427,-0.03708493,0.9583604,-0.2403928,0.9646096,0.1083496,-0.9284619,-0.2610614,0.2642072,static,1.9820994848251094,10.71249093538458,-3.235523339037838e-06,10.750370096520475,-2.056333,-0.16448510000000002,0.6011679999999999,0.03398518772815823,0.1857734492035743,0.9820046865061487,1.9677851651015135,10.063895537739599,1.9479542439002193,1.9824646339496397,2.0840917708889677
05/05/2023 11:41:07.663508,4811,True,True,True,True,Eyes,1.420959,0.01579982,-1.908767,-0.9474036,-0.07688946,0.310668,0.0,0.0,0.0,0.0,0.0,0.0,0.0,1.465919,0.5126868,1.78253,1.378392,0.01405504,-1.920682,0.113888,-0.5987322,0.06192905,0.7903886,14.72555,285.4163,357.7197,0.6192797,0.007108498,-0.7851377,-0.3697223,0.0005154316,-0.03977182,-0.683708,-0.13521,-1.335512,-5.960464e-08,0.4008,2.111,0.2753693,-0.03848074,0.9605681,-0.2342728,0.9663887,0.1058737,-0.9323561,-0.2541893,0.2570987,static,2.3593776849551715,10.409694763625133,-1.6177613981035745e-06,10.750370096520475,-2.0621,-0.14926504,0.58517,0.04049082001060095,0.18053740603611998,0.9827344071989492,2.343724434554983,9.766777729154967,2.3454485613422817,2.383847809011867,2.5417524964965046
05/05/2023 11:41:07.673220,4812,True,True,True,True,Eyes,1.418149,0.0156067,-1.908886,-0.9481076,-0.07510832,0.3089508,0.0,0.0,0.0,0.0,0.0,0.0,0.0,1.483829,0.4956431,1.76431,1.367814,0.01327435,-1.920706,0.1107399,-0.6022861,0.05931655,0.7883335,14.24395,284.9458,357.6424,0.6170862,0.00706185,-0.7868634,-0.347539,0.0004845057,-0.03738551,-0.7000157,-0.1179899,-1.351664,5.960464e-08,0.4008,2.111,0.2674661,-0.03987174,0.962742,-0.2269166,0.9684365,0.1031488,-0.9364671,-0.246051,0.2499763,static,2.726937593329061,10.04742439484176,1.6177613981035745e-06,10.750370096520475,-2.0678297,-0.13126425,0.569042,0.046848042564954395,0.17427168862121536,0.983582491296264,2.711793151065033,9.411856909756908,2.7755979094919287,2.816081048967473,3.024141344454197
05/05/2023 11:41:07.693371,4813,True,True,True,True,Eyes,1.415015,0.01538133,-1.908994,-0.9488735,-0.07316856,0.3070591,0.0,0.0,0.0,0.0,0.0,0.0,0.0,1.501087,0.4810231,1.745293,1.357212,0.01241112,-1.920551,0.1080509,-0.6057837,0.05664428,0.7862204,13.79992,284.4725,357.5307,0.6150308,0.007012154,-0.7884715,-0.3266867,0.0004554353,-0.03514238,-0.7159681,-0.1022607,-1.367616,-5.960464e-08,0.4008,2.111,0.2596351,-0.04184119,0.9647999,-0.2199807,0.9702328,0.1012753,-0.940318,-0.238532,0.2427022,static,3.079556363067543,9.734219468695581,-1.6177613981035745e-06,10.750370096520475,-2.0731801,-0.11467182,0.552935,0.052951242135097165,0.1688408407354427,0.9842198862671048,3.0639744903992274,9.104775074837457,3.200729083808859,3.2428751834932146,3.4779207246237034
05/05/2023 11:41:07.716392,4814,True,True,True,True,Eyes,1.411571,0.01513327,-1.909085,-0.9497179,-0.07100957,0.3049486,0.0,0.0,0.0,0.0,0.0,0.0,0.0,1.517615,0.4663976,1.726181,1.34643,0.01132682,-1.920256,0.1052733,-0.6091625,0.05408014,0.7841645,13.35538,284.0181,357.4409,0.6130913,0.006958404,-0.7899809,-0.3070855,0.0004281092,-0.03303384,-0.7317125,-0.0867218,-1.382975,1.192093e-07,0.4008,2.111,0.2519928,-0.04344158,0.9667535,-0.2130725,0.9719858,0.09921591,-0.9439808,-0.2309903,0.2356772,static,3.4038081989642768,9.431923720967818,3.235523339037838e-06,10.750370096520475,-2.0781425000000002,-0.09804862,0.5372809999999999,0.058572838076504874,0.16359428532070902,0.9847874033028778,3.3882091678357265,8.80849581263825,3.6071829463379275,3.650231372715037,3.9052292089146263
05/05/2023 11:41:07.733154,4815,True,True,True,True,Eyes,1.407811,0.01487583,-1.909201,-0.9506062,-0.06868831,0.3027042,0.0,0.0,0.0,0.0,0.0,0.0,0.0,1.534321,0.4507427,1.706612,1.335608,0.01047386,-1.919863,0.1023085,-0.6125771,0.05199257,0.7820352,12.92742,283.5627,357.4112,0.6112489,0.00690011,-0.7914079,-0.2886603,0.0004024227,-0.03105181,-0.7473427,-0.07154927,-1.398759,-5.960464e-08,0.4008,2.111,0.2440921,-0.04402365,0.9687523,-0.2066637,0.9736595,0.09631879,-0.9474751,-0.2237166,0.2285646,static,3.730218777804899,9.152418932017056,-1.6177613981035745e-06,10.750370096520475,-2.0829507,-0.08202313,0.521104,0.0642337776137199,0.15873289306184707,0.9852298993536602,3.713933938750849,8.534377478849752,4.014149715449308,4.058077392514418,4.324805267234247
05/05/2023 11:41:07.748515,4816,True,True,True,True,Eyes,1.403762,0.01458942,-1.909287,-0.9515632,-0.0661326,0.3002566,0.0,0.0,0.0,0.0,0.0,0.0,0.0,1.550473,0.433855,1.687137,1.324662,0.009855658,-1.919323,0.09908503,-0.6159241,0.04992035,0.7799537,12.47759,283.1206,357.4062,0.6094844,0.006837345,-0.7927681,-0.2713407,0.0003782773,-0.0291887,-0.7628021,-0.05530999,-1.41414,1.490116e-07,0.4008,2.111001,0.2362911,-0.04418657,0.9706773,-0.1999288,0.9753802,0.0930692,-0.9508917,-0.2160578,0.2216395,static,4.034921085489838,8.862162598249457,4.044401579388927e-06,10.750365122656772,-2.0874641,-0.065165648,0.5051829999999999,0.06952852799758541,0.15368509617935766,0.985670708313578,4.018786864763854,8.249942018570886,4.410776997523046,4.45486972891942,4.733152338208169
05/05/2023 11:41:07.763524,4817,True,True,True,True,Eyes,1.399432,0.01426954,-1.909377,-0.9525791,-0.0636071,0.2975689,0.0,0.0,0.0,0.0,0.0,0.0,0.0,1.566427,0.4147459,1.667772,1.313747,0.008795511,-1.918636,0.09527054,-0.6192458,0.0483111,0.7778973,12.00835,282.6928,357.4903,0.607783,0.006769381,-0.7940739,-0.2550603,0.0003555807,-0.02743738,-0.7780146,-0.03875368,-1.429521,0.0,0.4008,2.111,0.2284014,-0.04282963,0.9726245,-0.1931539,0.9771792,0.0883885,-0.954214,-0.2080543,0.2149163,static,4.3247082139406325,8.54314928990764,0.0,10.750370096520475,-2.0917616,-0.047549191,0.48911499999999997,0.07457671198149368,0.14814051642686607,0.9861504736079791,4.30987528505797,7.937625384125289,4.811928601213474,4.8554016131387305,5.146509282014422
05/05/2023 11:41:07.783193,4818,True,True,True,True,Eyes,1.394847,0.01406901,-1.909437,-0.953652,-0.06126925,0.294608,0.0,0.0,0.0,0.0,0.0,0.0,0.0,1.583059,0.3973132,1.646871,1.302966,0.007571697,-1.9179,0.09191754,-0.6225981,0.04868763,0.7755979,11.72461,282.2557,357.7213,0.6061302,0.006695329,-0.7953368,-0.2397566,0.0003342458,-0.02579113,-0.7930276,-0.02927273,-1.44629,-2.980232e-08,0.4008,2.111,0.2200022,-0.03893131,0.9747221,-0.1899794,0.9783613,0.08195645,-0.9568211,-0.2032078,0.2078455,static,4.6228847469730985,8.38594002998861,-8.088806990517875e-07,10.750370096520475,-2.0959936,-0.036844427,0.47160999999999986,0.07974082019622292,0.14537584963723782,0.9861577945239026,4.604780713589669,7.78268590699088,5.1475332385375765,5.1924561049701285,5.478244455888078
05/05/2023 11:41:07.793444,4819,True,True,True,True,Eyes,1.389973,0.01405494,-1.909472,-0.9548014,-0.05863005,0.2914045,0.0,0.0,0.0,0.0,0.0,0.0,0.0,1.601278,0.3884904,1.621922,1.292304,0.01023937,-1.917157,0.09150394,-0.6262071,0.05110089,0.7725804,11.8522,281.7311,357.9129,0.6045153,0.006620897,-0.7965657,-0.2253712,0.0003141911,-0.02424366,-0.8081169,-0.03133931,-1.466085,2.980232e-08,0.4008,2.111001,0.2105069,-0.03564173,0.9769425,-0.1935599,0.9780315,0.07738884,-0.9582388,-0.2053878,0.1989835,static,4.977518924884832,8.660293612971657,8.088803158777868e-07,10.750365122656772,-2.1004209,-0.04157868,0.4510719999999999,0.08578292035955276,0.15002068931187895,0.9849542436977402,4.943090109597821,8.047275884241108,5.345498628052142,5.398526235071064,5.633899472453024
05/05/2023 11:41:07.813176,4820,True,True,True,True,Eyes,1.384851,0.01409496,-1.909471,-0.9559914,-0.05542032,0.2881127,0.0,0.0,0.0,0.0,0.0,0.0,0.0,1.61701,0.363456,1.60137,1.280684,0.01460589,-1.915944,0.08734115,-0.6298848,0.04753228,0.7702969,11.21183,281.242,357.8499,0.6029254,0.006553998,-0.7977702,-0.211849,0.0002953396,-0.02278904,-0.8237458,-0.002976678,-1.48232,-1.192093e-07,0.4007999,2.111,0.2019718,-0.03680178,0.9786997,-0.1832577,0.9802244,0.07467753,-0.9620936,-0.194437,0.1912334,static,5.271095463976928,8.220108147669697,-3.235523339037838e-06,10.750367476802118,-2.1044298,-0.017582568,0.433624,0.0909322490262805,0.1423839436450496,0.9856257075194713,5.241138500517529,7.617035519853287,5.79690818821118,5.846938837762463,6.106335713806299
05/05/2023 11:41:07.833083,4821,True,True,True,True,Eyes,1.379513,0.0142595,-1.909436,-0.9572314,-0.05241183,0.2845364,0.0,0.0,0.0,0.0,0.0,0.0,0.0,1.62886,0.3323993,1.586182,1.269667,0.01579838,-1.91503,0.08080936,-0.6327665,0.04226943,0.7689537,10.23993,280.9041,357.83,0.6013526,0.006496255,-0.7989569,-0.199138,0.0002776192,-0.0214217,-0.8372458,0.03465766,-1.493692,-1.192093e-07,0.4008,2.111,0.1956397,-0.03726044,0.9799678,-0.1672734,0.9833663,0.07078394,-0.9663047,-0.1777707,0.1861527,static,5.411108664816846,7.428362590650258,-3.235523339037838e-06,10.750370096520475,-2.1069128,0.01885928,0.421338,0.0935168361925679,0.12871990062551822,0.9872617203793318,5.398966122459351,6.845751069749951,6.308487467182639,6.349477605839808,6.662951288479785
05/05/2023 11:41:07.853537,4822,True,True,True,True,Eyes,1.373927,0.01452921,-1.909369,-0.9584947,-0.04904758,0.2808601,0.0,0.0,0.0,0.0,0.0,0.0,0.0,1.642906,0.320653,1.564757,1.259163,0.01894437,-1.914308,0.07956906,-0.6357302,0.04297676,0.7665957,10.17398,280.48,357.946,0.5997889,0.006452064,-0.8001319,-0.1871897,0.0002609621,-0.0201364,-0.8509411,0.04030619,-1.509377,-1.490116e-07,0.4008,2.111,0.1880003,-0.0352773,0.9815352,-0.1670605,0.9836435,0.06735134,-0.9678567,-0.1766378,0.1790318,static,5.626856490426163,7.551652825165238,-4.044403495258931e-06,10.750370096520475,-2.1101041,0.02136182,0.40493099999999993,0.09720706075835422,0.130797567107111,0.9866321171447537,5.605958117889862,6.964279805596716,6.4278776106608495,6.472507370446928,6.764709266191118
05/05/2023 11:41:07.863432,4823,True,True,True,True,Eyes,1.368163,0.01486989,-1.909291,-0.9597853,-0.04575386,0.2769817,0.0,0.0,0.0,0.0,0.0,0.0,0.0,1.654956,0.291834,1.547337,1.247684,0.02162394,-1.913404,0.07404845,-0.6384771,0.04043065,0.7650028,9.49274,280.145,358.1002,0.598227,0.006424617,-0.8013006,-0.1759584,0.0002453044,-0.01892821,-0.8645467,0.06856662,-1.521949,-1.490116e-07,0.4007999,2.111,0.1814248,-0.03269736,0.982861,-0.1564156,0.9857644,0.06166645,-0.9708857,-0.1649226,0.1737277,static,5.759475702114556,7.048734212990621,-4.044403495258931e-06,10.750367476802118,-2.1122307,0.046942679999999994,0.3914550000000001,0.09960171629359044,0.12210333074441168,0.9875071517049239,5.748793119261727,6.4740684576121765,6.8067599501698,6.846436720682329,7.164872792345316
05/05/2023 11:41:07.883598,4824,True,True,True,True,Eyes,1.362192,0.01533166,-1.909193,-0.9610953,-0.04246862,0.2729325,0.0,0.0,0.0,0.0,0.0,0.0,0.0,1.669077,0.2728445,1.526833,1.237699,0.02360567,-1.912857,0.07078412,-0.641611,0.04027693,0.7626945,9.18702,279.719,358.2937,0.5966609,0.006415315,-0.8024676,-0.1654008,0.0002305861,-0.01779252,-0.8773429,0.08205186,-1.538499,5.960464e-08,0.4008,2.111,0.1734263,-0.02939377,0.9844081,-0.1522697,0.9867347,0.05628909,-0.9730043,-0.1596576,0.16665,static,5.969269701758178,6.917914431178278,1.6177613981035745e-06,10.750370096520475,-2.1150419,0.05844619000000001,0.37435799999999997,0.1032460248139015,0.11980354053656167,0.9874144413355906,5.956830298867109,6.345391631477464,7.053665245675365,7.093650533077881,7.408619521445023
05/05/2023 11:41:07.893379,4825,True,True,True,True,Eyes,1.356023,0.01587562,-1.909107,-0.9624006,-0.03853867,0.2688863,0.0,0.0,0.0,0.0,0.0,0.0,0.0,1.683366,0.2615736,1.503392,1.226801,0.02694755,-1.912213,0.0694893,-0.6448905,0.03953054,0.7600822,9.010814,279.2392,358.2865,0.5950847,0.006427591,-0.8036369,-0.1554768,0.000216751,-0.01672497,-0.8911057,0.0919974,-1.555558,0.0,0.4008,2.111001,0.1651071,-0.02953307,0.9858336,-0.1497189,0.9872172,0.05464942,-0.9748457,-0.1566209,0.1585749,static,6.2061909005098155,6.975175782584495,0.0,10.750365122656772,-2.1179067,0.06504984999999999,0.35665499999999994,0.10731590920275413,0.1207379810019179,0.9868665674086774,6.18624219124846,6.399534893634302,7.22151087984194,7.264217786311627,7.5630229492285865
05/05/2023 11:41:07.913437,4826,True,True,True,True,Eyes,1.349691,0.01641536,-1.909019,-0.9637023,-0.03450534,0.2647402,0.0,0.0,0.0,0.0,0.0,0.0,0.0,1.695732,0.2372654,1.483932,1.216017,0.0292963,-1.911622,0.0642321,-0.6480687,0.03338254,0.7581339,8.086121,278.8174,358.1109,0.5934935,0.006462883,-0.8048124,-0.1461482,0.0002037459,-0.01572147,-0.9029506,0.1289595,-1.569559,0.0,0.4008,2.111001,0.1577852,-0.03263674,0.986934,-0.1338705,0.9895197,0.05412468,-0.9783571,-0.1406614,0.1517625,static,6.373714136478839,6.307678542388584,0.0,10.750365122656772,-2.1189676,0.09966320000000001,0.342063,0.11034917312946413,0.10919654904256335,0.9878761504746861,6.367538222540206,5.748959667871358,7.732708077649028,7.76927898482512,8.096888262701158
05/05/2023 11:41:07.933090,4827,True,True,True,True,Eyes,1.343195,0.01696477,-1.908955,-0.9649965,-0.03062839,0.2604684,0.0,0.0,0.0,0.0,0.0,0.0,0.0,1.707604,0.2300564,1.462738,1.205823,0.02968907,-1.911426,0.06269198,-0.6509248,0.0302522,0.7559441,7.710459,278.3983,357.9252,0.5918831,0.006518815,-0.805997,-0.1373793,0.0001915211,-0.01477818,-0.9147013,0.1433782,-1.58369,-2.980232e-08,0.4007999,2.111,0.1507636,-0.03587759,0.9879186,-0.1273535,0.9903091,0.05539945,-0.9803322,-0.1341671,0.1447334,static,6.522088699686969,6.181755147127705,-8.088806990517875e-07,10.750367476802118,-2.1205243,0.11368913000000001,0.327736,0.11293423362988853,0.10699388275667095,0.987825034412412,6.515570599011313,5.625454248670297,7.926638184289003,7.963031469021175,8.289596272872426
05/05/2023 11:41:07.949257,4828,True,True,True,True,Eyes,1.176872,0.03187118,-1.907398,-0.9864888,0.06749472,0.149279,0.0,0.0,0.0,0.0,0.0,0.0,0.0,1.718795,0.2309327,1.440598,1.195478,0.03046476,-1.911233,0.06338087,-0.6535218,0.02949231,0.7536726,7.705689,277.9923,357.78,0.5902498,0.006593824,-0.8071934,-0.1291365,0.0001800299,-0.01389149,-0.9271613,0.1442948,-1.59753,-2.980232e-08,0.4008,2.111001,0.1440788,-0.03838646,0.9888215,-0.1272966,0.9902261,0.0569891,-0.9813445,-0.1340846,0.1377842,static,0.16886171794216037,11.590755911667003,-8.088803158777868e-07,10.750365122656772,-2.1226393,0.11383004,0.31370300000000007,0.0028870890491079493,0.2009190276305477,0.979603551773439,0.17653457363477473,10.930457925420868,0.8565151358258354,0.8571879789276734,0.25218675398834234
05/05/2023 11:41:07.963440,4829,True,True,True,True,Eyes,1.176471,0.03190265,-1.907419,-0.9865271,0.06762196,0.1489679,0.0,0.0,0.0,0.0,0.0,0.0,0.0,1.729321,0.2250216,1.42015,1.18509,0.03215164,-1.911161,0.06244066,-0.6560304,0.02701421,0.751662,7.429885,277.6178,357.6121,0.582157,0.007558235,-0.813041,-0.6203565,0.04488848,-0.008388456,-0.9388241,0.156262,-1.610252,8.940697e-08,0.4008,2.111,0.1377889,-0.04131482,0.9895996,-0.122537,0.9907428,0.05842423,-0.9828524,-0.1293128,0.1314508,static,0.50794961989384,11.337787763873468,2.426642368570707e-06,10.750370096520475,-2.1239141,0.12411036,0.3009090000000001,0.00869228588800497,0.19658539900263566,0.980448116324407,0.513902190907403,10.682075256578369,0.7701233004307546,0.7765757316903992,0.5184179326319411
05/05/2023 11:41:07.983306,4830,True,True,True,True,Eyes,1.17568,0.03197134,-1.907446,-0.9865907,0.06792813,0.1484071,0.0,0.0,0.0,0.0,0.0,0.0,0.0,1.739378,0.2166294,1.400803,1.17514,0.03290669,-1.911172,0.06072464,-0.6584248,0.02484928,0.7497813,7.11049,277.2704,357.5336,0.575451,0.008353926,-0.8177933,-0.5831351,0.04219517,-0.007885149,-0.9497685,0.1689495,-1.622693,-1.192093e-07,0.4008,2.111001,0.1317187,-0.04270215,0.9903671,-0.1172283,0.99139,0.05833763,-0.9843312,-0.1237831,0.1255788,static,0.8245775574786506,11.050633133320675,-3.2355218063415778e-06,10.750365122656772,-2.1249085,0.13604281000000001,0.28847900000000015,0.014124313893426277,0.19165728930227494,0.9813603286849033,0.8302968458433471,10.40057862046748,0.8631981494262899,0.8775502050671061,0.9009710440568002
05/05/2023 11:41:07.992995,4831,True,True,True,True,Eyes,1.17452,0.03207859,-1.907468,-0.9866847,0.06844203,0.1475427,0.0,0.0,0.0,0.0,0.0,0.0,0.0,1.750313,0.2045574,1.380588,1.164997,0.033826,-1.911308,0.05843232,-0.660962,0.02409175,0.747753,6.847859,276.9087,357.621,0.5698712,0.009014448,-0.8216843,-0.548147,0.03966346,-0.00741204,-0.9611248,0.1797222,-1.636932,5.960464e-08,0.4008,2.111,0.1250977,-0.04121372,0.991288,-0.1132724,0.9920105,0.05553842,-0.985657,-0.1192333,0.1194299,static,1.1670339129546503,10.829747971575896,1.6177613981035745e-06,10.750370096520475,-2.1261218,0.1458962,0.27437599999999995,0.020004578058764433,0.18785368023393856,0.9819932121390438,1.170083355199924,10.183389854116694,1.1489976481614625,1.1697286972081793,1.300214546743502
05/05/2023 11:41:08.013306,4832,True,True,True,True,Eyes,1.173011,0.03221257,-1.907493,-0.9868011,0.06912339,0.1464428,0.0,0.0,0.0,0.0,0.0,0.0,0.0,1.761105,0.1874161,1.360817,1.154976,0.03483305,-1.911349,0.05500777,-0.6635152,0.02350704,0.7457676,6.502154,276.5562,357.8119,0.5652024,0.009567088,-0.8248966,-0.5152582,0.03728365,-0.006967317,-0.9720389,0.1937137,-1.651488,0.0,0.4008,2.111,0.1183902,-0.0379354,0.9922422,-0.1080585,0.9928432,0.05085146,-0.98707,-0.1132406,0.1134437,static,1.507034398513015,10.53108297062248,0.0,10.750370096520475,-2.1270149,0.15888064999999998,0.2598609999999999,0.02585698306293105,0.18270780146674678,0.9828271584506674,1.5095722541822085,9.890538814973814,1.4977970340653612,1.522904961540965,1.7372732149327947
05/05/2023 11:41:08.033193,4833,True,True,True,True,Eyes,1.171172,0.03235418,-1.907532,-0.9869345,0.06994304,0.1451495,0.0,0.0,0.0,0.0,0.0,0.0,0.0,1.771479,0.171424,1.34106,1.145114,0.03555883,-1.911391,0.0518796,-0.6659893,0.02360614,0.7437807,6.235596,276.2101,358.0407,0.5611205,0.01004999,-0.8276729,-0.4843427,0.03504663,-0.006549278,-0.9828539,0.2044642,-1.666059,-2.980232e-08,0.4008,2.111001,0.1118021,-0.03398693,0.9931492,-0.1042181,0.9935025,0.04573122,-0.9882505,-0.108617,0.1075336,static,1.8310527365968128,10.315673781379601,-8.088803158777868e-07,10.750365122656772,-2.1279679,0.16890537,0.2453320000000001,0.03143649914654206,0.1789828634668728,0.9833498841163046,1.831237439876681,9.678800354428912,1.8531623936226072,1.8819441140973632,2.1217173648292134
05/05/2023 11:41:08.049105,4834,True,True,True,True,Eyes,1.169025,0.03250325,-1.907578,-0.9870946,0.07080004,0.1436369,0.0,0.0,0.0,0.0,0.0,0.0,0.0,1.781174,0.1556424,1.321799,1.135401,0.03584668,-1.911423,0.04877153,-0.6683232,0.02420063,0.7418759,6.010604,275.8828,358.3127,0.5573761,0.01049134,-0.8301936,-0.4552821,0.03294383,-0.006156322,-0.9934578,0.2132223,-1.680208,1.639128e-07,0.4008,2.111,0.1055169,-0.02928256,0.9939863,-0.101098,0.9940713,0.04001715,-0.9892651,-0.1047125,0.1019309,static,2.1275189964523182,10.139134433674027,4.448844930446206e-06,10.750370096520475,-2.1288588,0.17737562,0.23121500000000017,0.036544704386402393,0.17592153033687247,0.9837255988333411,2.124996670088793,9.505064347855221,2.181654451692432,2.213577915009184,2.463001897686166
05/05/2023 11:41:08.063611,4835,True,True,True,True,Eyes,1.166603,0.03268734,-1.907596,-0.9872877,0.07164337,0.141881,0.0,0.0,0.0,0.0,0.0,0.0,0.0,1.790883,0.1425323,1.302093,1.12589,0.03615049,-1.911568,0.04643251,-0.6706651,0.02559044,0.739863,5.913831,275.5445,358.5935,0.5539272,0.01089578,-0.8324935,-0.4279652,0.0309672,-0.005786942,-1.004191,0.2171954,-1.694911,-4.470348e-08,0.4007999,2.111,0.0991067,-0.02441449,0.9947772,-0.1001482,0.9943783,0.03438216,-0.9900242,-0.1030326,0.0961045,static,2.418319647339099,10.087100519294033,-1.2133210485776811e-06,10.750367476802118,-2.130081,0.18104491,0.21665699999999988,0.04154401851208506,0.17499386438256737,0.9836926527892593,2.4098771334432936,9.452507738554447,2.471588864038903,2.5076281307295285,2.737143318565536
05/05/2023 11:41:08.083430,4836,True,True,True,True,Eyes,1.163895,0.03291947,-1.907622,-0.9874932,0.07262742,0.1399379,0.0,0.0,0.0,0.0,0.0,0.0,0.0,1.800714,0.132536,1.28177,1.116804,0.0371929,-1.911658,0.0450119,-0.6731207,0.02710797,0.7376636,5.906256,275.1776,358.8131,0.5507376,0.0112687,-0.8346019,-0.4022873,0.02910917,-0.005439726,-1.014739,0.2185554,-1.710175,-1.043081e-07,0.4008,2.111,0.09234743,-0.02060376,0.9955136,-0.10059,0.9944782,0.02991342,-0.9906329,-0.1029012,0.08976496,static,2.714452436041538,10.13311152648647,-2.831081903850562e-06,10.750370096520475,-2.1315429999999997,0.1813625,0.20148300000000008,0.04662132212658121,0.1757443556529105,0.9833313540296675,2.6973128380985902,9.49531193424991,2.7424910624137153,2.783752061426201,2.975009715931796
05/05/2023 11:41:08.093135,4837,True,True,True,True,Eyes,1.160921,0.03316783,-1.907607,-0.9876757,0.07406817,0.1378792,0.0,0.0,0.0,0.0,0.0,0.0,0.0,1.80991,0.1202561,1.261826,1.107229,0.03853466,-1.911805,0.04267411,-0.6755054,0.02649672,0.7356421,5.657585,274.8273,358.925,0.5477733,0.01161549,-0.8365458,-0.37815,0.02736262,-0.005113342,-1.024769,0.2292031,-1.724207,-3.427267e-07,0.4008,2.111,0.08598091,-0.01866898,0.9961219,-0.09663739,0.9949537,0.0269884,-0.991599,-0.0985831,0.08374285,static,2.9704383848587925,9.967383825173814,-9.302128581926165e-06,10.750370096520475,-2.1319980000000003,0.19066844,0.18759799999999993,0.051040604753699204,0.17286193715143622,0.9836227240771273,2.9513196857441604,9.332363932526574,3.0285649285496152,3.071909334965144,3.274306686274614
05/05/2023 11:41:08.113692,4838,True,True,True,True,Eyes,1.157694,0.03340783,-1.907601,-0.9878656,0.07554524,0.1357006,0.0,0.0,0.0,0.0,0.0,0.0,0.0,1.818018,0.1078652,1.243051,1.097812,0.03910775,-1.911879,0.03994057,-0.6776771,0.02520792,0.7338414,5.323889,274.5114,359.0139,0.5450041,0.01193969,-0.8383481,-0.355461,0.02572086,-0.004806542,-1.034095,0.2422489,-1.73675,-1.788139e-07,0.4008,2.111001,0.0802367,-0.0171364,0.9966286,-0.09113085,0.9955387,0.02445444,-0.9926013,-0.09278575,0.07831706,static,3.180353417712005,9.718304714367742,-4.853281352436274e-06,10.750365122656772,-2.131907,0.20314115,0.1751290000000001,0.05468539352238311,0.1685517033383768,0.9841747867261241,3.162662322058878,9.088621838854891,3.300170067409828,3.343624891974813,3.572653692038344
05/05/2023 11:41:08.132892,4839,True,True,True,True,Eyes,1.154237,0.03363921,-1.907586,-0.988032,0.07714069,0.1335741,0.0,0.0,0.0,0.0,0.0,0.0,0.0,1.824976,0.09990478,1.225492,1.088558,0.03911929,-1.912031,0.03836687,-0.6794859,0.02522552,0.7322504,5.190594,274.2413,359.1257,0.5424029,0.01224329,-0.840029,-0.3341334,0.02417761,-0.004518149,-1.043732,0.247249,-1.747767,-1.341105e-07,0.4008,2.111,0.07532512,-0.0151967,0.9970432,-0.08908229,0.9957833,0.02190753,-0.9931719,-0.09046908,0.07365371,static,3.348604121159543,9.673685924793817,-3.639964774225114e-06,10.750370096520475,-2.1322900000000002,0.20812971,0.16426399999999997,0.0575831146560144,0.16775783649127562,0.984145036298393,3.327878914435288,9.044092713074248,3.4720629443774436,3.5174454855063115,3.739810798040509
05/05/2023 11:41:08.149192,4840,True,True,True,True,Eyes,1.150563,0.03386946,-1.907584,-0.9882159,0.07857068,0.1313616,0.0,0.0,0.0,0.0,0.0,0.0,0.0,1.83129,0.09535015,1.208695,1.079519,0.03912245,-1.912267,0.03776933,-0.6810864,0.02608384,0.730763,5.205695,273.9955,359.2333,0.5399461,0.01252804,-0.8416061,-0.3140854,0.02272696,-0.004247061,-1.053564,0.2466992,-1.757901,2.980232e-08,0.4008,2.111,0.07088207,-0.01332614,0.9973958,-0.08957056,0.9957862,0.01967017,-0.9934551,-0.09073155,0.06938982,static,3.4859537760829906,9.767088205647164,8.088806990517875e-07,10.750370096520475,-2.133083,0.20757675,0.154366,0.05992570597274771,0.1693385479038353,0.983734340500788,3.459252465497194,9.134060834194589,3.573327952961454,3.62197616867724,3.8182296493642727
05/05/2023 11:41:08.163235,4841,True,True,True,True,Eyes,1.146683,0.03409752,-1.907595,-0.9883813,0.08002235,0.1292244,0.0,0.0,0.0,0.0,0.0,0.0,0.0,1.837184,0.09488697,1.192242,1.070678,0.03934288,-1.912536,0.03829924,-0.6825623,0.02741753,0.7293081,5.353034,273.7596,359.2926,0.5376121,0.01279588,-0.8430949,-0.2952403,0.02136334,-0.003992237,-1.063577,0.2414245,-1.767332,-8.940697e-08,0.4008,2.111001,0.06671407,-0.01229157,0.9976965,-0.09227488,0.9955629,0.01843554,-0.9934962,-0.09329223,0.06528383,static,3.609511196703167,9.996403108703689,-2.426641219048576e-06,10.750365122656772,-2.134255,0.20208162,0.1452040000000001,0.062004139187368135,0.17325236472514666,0.9829238124520896,3.573517800818826,9.35636125904915,3.6338332415208803,3.687417431698357,3.8357911293263967
05/05/2023 11:41:08.173324,4842,True,True,True,True,Eyes,1.044896,0.0396642,-1.908234,-0.9907594,0.1134561,0.07432095,0.0,0.0,0.0,0.0,0.0,0.0,0.0,1.842324,0.09235806,1.176735,1.06189,0.03951468,-1.912647,0.0382086,-0.6839046,0.02823376,0.7280231,5.408262,273.5492,359.3582,0.5353816,0.01304851,-0.8445092,-0.2775258,0.02008154,-0.003752702,-1.073106,0.2395397,-1.775728,-1.788139e-07,0.4008,2.111001,0.06295467,-0.01115242,0.9979542,-0.09337173,0.9954859,0.01701509,-0.9936391,-0.09425188,0.06162917,static,0.6166820109043915,11.930725238419003,-4.853281352436274e-06,10.750365122656772,-2.134996,0.20002502,0.136919,0.0105304523874577,0.20671743331144982,0.9783440556686152,0.6039150027552513,11.258273029061979,1.3256128701231709,1.3317479834193375,0.78910685835582
05/05/2023 11:41:08.193312,4843,True,True,True,True,Eyes,1.044543,0.03966583,-1.908236,-0.9907559,0.1135233,0.07426451,0.0,0.0,0.0,0.0,0.0,0.0,0.0,1.84703,0.09085016,1.162174,1.053236,0.03961534,-1.912994,0.03833394,-0.6850659,0.0290365,0.7268921,5.480854,273.3651,359.4066,0.5290381,0.01365818,-0.8484878,-0.5662341,0.03557669,-0.005444426,-1.082459,0.2369333,-1.783256,-1.490116e-07,0.4008,2.111,0.05968315,-0.01030975,0.9981642,-0.09473536,0.9953748,0.01594545,-0.9937118,-0.09551311,0.0584304,static,0.8099354626901428,12.008799210407913,-4.044403495258931e-06,10.750370096520475,-2.135695,0.19731796000000001,0.12973800000000013,0.013826282005448165,0.2080420205221855,0.9780221685095853,0.7901977810827209,11.332956223794978,1.4869937443569936,1.4965446334241446,0.981746158991443
05/05/2023 11:41:08.213123,4844,True,True,True,True,Eyes,1.043856,0.03964195,-1.908261,-0.9907588,0.1135903,0.07412334,0.0,0.0,0.0,0.0,0.0,0.0,0.0,1.85092,0.09164917,1.148594,1.044431,0.03966317,-1.913417,0.03891911,-0.6859705,0.02955998,0.7259863,5.570128,273.2174,359.397,0.5237977,0.01415787,-0.8517248,-0.5322601,0.03344209,-0.00511776,-1.091892,0.2336463,-1.789102,8.195639e-08,0.4008,2.111,0.05714134,-0.01047445,0.9983112,-0.09631502,0.995223,0.01595493,-0.9937094,-0.09706404,0.05585952,static,0.9490360292124024,12.10376044646451,2.22442219380776e-06,10.750370096520475,-2.136323,0.19398313,0.12431499999999995,0.016194938732809194,0.20965523998840582,0.9776412582686609,0.9232361350439506,11.424429572696901,1.6409076572627854,1.6529762859630546,1.1431172429568106
05/05/2023 11:41:08.223136,4845,True,True,True,True,Eyes,1.042856,0.03958533,-1.90832,-0.9907588,0.1136994,0.07395583,0.0,0.0,0.0,0.0,0.0,0.0,0.0,1.854494,0.09109999,1.135837,1.035717,0.03902702,-1.913985,0.03888031,-0.6867712,0.02956353,0.7252309,5.566509,273.091,359.3942,0.5194449,0.01456761,-0.8543796,-0.5003244,0.03143556,-0.004810695,-1.100863,0.2331452,-1.794366,5.960464e-08,0.4008,2.111,0.05494283,-0.01052299,0.9984341,-0.0962845,0.9952286,0.01578764,-0.9938363,-0.09700115,0.05366745,static,1.0670577343108316,12.10793521084258,1.6177613981035745e-06,10.750370096520475,-2.13658,0.19411818,0.11961900000000014,0.018208458716155784,0.20971920679217687,0.9775921053601192,1.0381734046573747,11.427708897662532,1.7121051587151686,1.7267286397954797,1.2395920742886926
05/05/2023 11:41:08.248907,4846,True,True,True,True,Eyes,1.041551,0.03952918,-1.908415,-0.9907807,0.113683,0.07368863,0.0,0.0,0.0,0.0,0.0,0.0,0.0,1.858466,0.09346863,1.122764,1.027258,0.03821506,-1.914814,0.03977761,-0.6875919,0.03060737,0.7243608,5.722899,272.9536,359.4034,0.5154955,0.01493236,-0.856762,-0.470305,0.02954943,-0.004522053,-1.110127,0.2264922,-1.800355,-9.685755e-08,0.4007999,2.111,0.05256138,-0.01035996,0.9985641,-0.09904306,0.9949619,0.01553592,-0.993694,-0.09971743,0.05127046,static,1.192001396490869,12.264729566334104,-2.6288625433336536e-06,10.750367476802118,-2.137385,0.18827714,0.11445900000000009,0.020328255969477738,0.21238501965624362,0.9769747179981799,1.15574473771499,11.5794387789074,1.9104317532931536,1.92721719966132,1.4223611353399148
05/05/2023 11:41:08.263352,4847,True,True,True,True,Eyes,1.039947,0.03947151,-1.908555,-0.9907899,0.1138684,0.07327583,0.0,0.0,0.0,0.0,0.0,0.0,0.0,1.862835,0.09592026,1.108944,1.018655,0.03819792,-1.915723,0.04090572,-0.688523,0.0316394,0.7233685,5.897475,272.7962,359.392,0.5118847,0.01525828,-0.8589185,-0.4420867,0.02777646,-0.00425073,-1.119595,0.2199516,-1.807028,3.72529e-08,0.4008,2.111001,0.04987012,-0.01055517,0.9987,-0.1021029,0.9946514,0.01561091,-0.9935231,-0.1027487,0.04852564,static,1.324283744783701,12.451946221657495,1.0111003948472334e-06,10.750365122656772,-2.13825,0.18175368,0.10869499999999999,0.022567696875325005,0.21556580526936303,0.9762284918906401,1.2796499816273275,11.760720412706492,2.137078451109516,2.156177867247561,1.6304353099409041
05/05/2023 11:41:08.282880,4848,True,True,True,True,Eyes,1.038068,0.03939077,-1.908736,-0.9907972,0.1141165,0.07279079,0.0,0.0,0.0,0.0,0.0,0.0,0.0,1.867028,0.09411797,1.095849,1.009942,0.03807162,-1.916795,0.04048251,-0.6894391,0.03085502,0.7225532,5.799455,272.6541,359.3531,0.5085688,0.01554928,-0.8608809,-0.4155615,0.02610988,-0.003995686,-1.128244,0.2234848,-1.813147,-2.011657e-07,0.4007999,2.111,0.04744359,-0.01123166,0.9988109,-0.1004092,0.9948183,0.01595622,-0.9938145,-0.1010468,0.04606995,static,1.4322841688453039,12.370688783906779,-5.4599458042609325e-06,10.750367476802118,-2.138186,0.18541318,0.10364799999999996,0.02441547843554459,0.21417180947548703,0.9764909045391427,1.3871209907680035,11.68094200590404,2.1406202359498088,2.1626129378601076,1.6703558736039301
05/05/2023 11:41:08.293622,4849,True,True,True,True,Eyes,1.035918,0.03928307,-1.908955,-0.9908015,0.1144827,0.07215405,0.0,0.0,0.0,0.0,0.0,0.0,0.0,1.871053,0.09221429,1.083247,1.00146,0.03742373,-1.917926,0.03992141,-0.6902983,0.03017431,0.7217924,5.6982,272.5222,359.3346,0.5055091,0.01580792,-0.8626763,-0.3906278,0.02454328,-0.003755945,-1.136623,0.2266183,-1.819085,-1.192093e-07,0.4008,2.111001,0.04515575,-0.01155618,0.9989132,-0.09867454,0.9949916,0.01597138,-0.9940948,-0.09928849,0.04378926,static,1.5255192342098212,12.292389868620047,-3.2355218063415778e-06,10.750365122656772,-2.138083,0.18919457,0.09884099999999996,0.026012262979080214,0.21282858239805535,0.9767432951508208,1.4801187069060546,11.604140110609746,2.144547784597935,2.1691148247197947,1.7087108282300212
05/05/2023 11:41:08.313410,4850,True,True,True,True,Eyes,1.033505,0.0391561,-1.909229,-0.9908049,0.1148777,0.07147632,0.0,0.0,0.0,0.0,0.0,0.0,0.0,1.875011,0.09066184,1.071023,0.9928013,0.03662089,-1.919369,0.03954143,-0.6910242,0.02999003,0.7211261,5.65144,272.4099,359.3439,0.5026705,0.01603632,-0.8643292,-0.3671901,0.02307069,-0.003530588,-1.145319,0.2275629,-1.824791,-1.490116e-08,0.4008,2.111,0.04317247,-0.01139498,0.9990028,-0.09790134,0.9950742,0.01558104,-0.9942594,-0.09847637,0.04184424,static,1.6021159831511038,12.269247241867722,-4.0444034952589373e-07,10.750370096520475,-2.1381202999999998,0.19094201,0.09457800000000005,0.02732045906136038,0.21242662704610335,0.976795076144702,1.5554104368341863,11.581114751690679,2.1811317500598673,2.2076604589581454,1.7633603055666813
05/05/2023 11:41:08.333071,4851,True,True,True,True,Eyes,1.030841,0.03901068,-1.909594,-0.9907988,0.1153705,0.07076351,0.0,0.0,0.0,0.0,0.0,0.0,0.0,1.878781,0.08945391,1.059244,0.9841239,0.03602341,-1.920942,0.03921004,-0.6916631,0.02955395,0.7205494,5.588797,272.3109,359.3293,0.5000215,0.01623668,-0.8658606,-0.3451587,0.02168644,-0.003318753,-1.153943,0.2293041,-1.829967,1.862645e-07,0.4008,2.111001,0.04145735,-0.01165012,0.9990725,-0.09683045,0.9951782,0.01562279,-0.9944372,-0.0973883,0.04012939,static,1.6580545457668565,12.236297123328972,5.0555019742361535e-06,10.750365122656772,-2.1380669,0.19328069,0.09097500000000003,0.028277666662464784,0.21185920565569138,0.9768910580235012,1.6108285191559697,11.54868385142903,2.198432975154919,2.2264595264206632,1.7977944887463666
05/05/2023 11:41:08.348987,4852,True,True,True,True,Eyes,1.027938,0.03884451,-1.910034,-0.99079,0.1158826,0.0700448,0.0,0.0,0.0,0.0,0.0,0.0,0.0,1.882396,0.09012245,1.04809,0.9754729,0.03538972,-1.922817,0.03929421,-0.6921567,0.0290646,0.7200906,5.556386,272.2313,359.2783,0.4975328,0.01641102,-0.8672898,-0.3244492,0.02038526,-0.003119628,-1.162594,0.2298767,-1.83446,-2.011657e-07,0.4007999,2.111,0.0401487,-0.01253723,0.9991152,-0.09625379,0.9952224,0.01635628,-0.9945468,-0.09682528,0.0387501,static,1.6858034361213998,12.235452047838608,-5.4599458042609325e-06,10.750367476802118,-2.1380669,0.19448697999999998,0.08835700000000002,0.02875088800568859,0.21184191363222984,0.9768808858593347,1.6379014404481458,11.547677590905389,2.217937456070059,2.246648129367383,1.8216592525523227
05/05/2023 11:41:08.363408,4853,True,True,True,True,Eyes,1.024812,0.03865451,-1.910555,-0.9907655,0.1165583,0.0692673,0.0,0.0,0.0,0.0,0.0,0.0,0.0,1.886004,0.09063356,1.037547,0.9668338,0.03472143,-1.925034,0.03926171,-0.6925468,0.028387,0.7197443,5.499404,272.1691,359.2219,0.4951788,0.01656101,-0.868633,-0.3049822,0.01916214,-0.00293245,-1.171118,0.2313312,-1.838609,1.713634e-07,0.4008,2.111001,0.0391463,-0.01351838,0.9991422,-0.09524389,0.9953054,0.01719813,-0.9946841,-0.09583542,0.03767498,static,1.6913519769697232,12.219345603072687,4.651063444788567e-06,10.750365122656772,-2.1379518,0.19660977,0.08642499999999997,0.028847251681643926,0.21156672703621832,0.9769377811406557,1.6437443838932864,11.53196947890108,2.211307461738662,2.240214147954006,1.820105952680667
05/05/2023 11:41:08.373108,4854,True,True,True,True,Eyes,1.021458,0.03844288,-1.911163,-0.9907359,0.1172524,0.06851432,0.0,0.0,0.0,0.0,0.0,0.0,0.0,1.889582,0.09114186,1.02748,0.9583684,0.03390909,-1.927413,0.0390221,-0.6928984,0.02720803,0.7194644,5.385412,272.1147,359.141,0.4929372,0.01668802,-0.8699046,-0.2866833,0.01801241,-0.002756503,-1.179248,0.2347675,-1.842466,-1.564622e-07,0.4008,2.111,0.0383031,-0.01492629,0.9991548,-0.09322711,0.995474,0.01844522,-0.9949079,-0.09385481,0.03673822,static,1.685654644774146,12.147901229157652,-4.246624212852569e-06,10.750370096520475,-2.1376164,0.20085841,0.0849470000000001,0.028757837088359384,0.21034891097562927,0.9772032968410401,1.640116173437537,11.462493009671693,2.1606113568094316,2.1896436159431274,1.7880475485116463
05/05/2023 11:41:08.393405,4855,True,True,True,True,Eyes,1.017887,0.03822809,-1.911847,-0.9907213,0.1177011,0.06795354,0.0,0.0,0.0,0.0,0.0,0.0,0.0,1.893006,0.09313502,1.017776,0.9495697,0.03317549,-1.930086,0.03920039,-0.6930872,0.02618177,0.7193108,5.318209,272.0828,359.0405,0.490786,0.01679343,-0.871118,-0.2694823,0.01693167,-0.002591113,-1.18783,0.2365319,-1.845638,5.215406e-08,0.4008,2.111001,0.03788919,-0.01667291,0.999143,-0.09200424,0.9955556,0.02010203,-0.9950376,-0.09268702,0.03618686,static,1.6641468496583152,12.109410280901136,1.4155405527861264e-06,10.750365122656772,-2.1373997,0.20335641,0.08444800000000008,0.028395092270932842,0.2096945563381472,0.9773545101909056,1.6201874229785536,11.425184550993023,2.1199244715478485,2.1485771496603148,1.755102264700822
05/05/2023 11:41:08.413136,4856,True,True,True,True,Eyes,1.014098,0.03800226,-1.912629,-0.9906839,0.1183013,0.06745546,0.0,0.0,0.0,0.0,0.0,0.0,0.0,1.896237,0.09512165,1.008778,0.9407806,0.03285753,-1.932938,0.03932161,-0.6931612,0.02472074,0.7192845,5.211806,272.0695,358.9097,0.4887079,0.01687922,-0.8722839,-0.2533133,0.01591577,-0.002435646,-1.196223,0.2401697,-1.848085,-7.450581e-09,0.4008,2.111,0.03783277,-0.01894995,0.9991044,-0.09007492,0.9956854,0.02229594,-0.9952161,-0.09083777,0.03596264,static,1.621395828009802,12.04093782423328,-2.0222020190448148e-07,10.750370096520475,-2.1370036,0.20731217000000002,0.08485300000000007,0.02767287904369431,0.20853063568674934,0.9776242694052888,1.5803584716108057,11.358845430135727,2.0444355645145174,2.0723151658614594,1.6934508465175753
05/05/2023 11:41:08.433293,4857,True,True,True,True,Eyes,1.010105,0.03774714,-1.913524,-0.9906577,0.1187923,0.06697595,0.0,0.0,0.0,0.0,0.0,0.0,0.0,1.899004,0.09398833,1.001344,0.9317567,0.03233618,-1.93611,0.03838363,-0.6929744,0.02258875,0.7195852,4.965014,272.1069,358.8101,0.4866856,0.01694687,-0.8734126,-0.2381145,0.01496082,-0.002289507,-1.204252,0.2488445,-1.8492,8.940697e-08,0.4008,2.111,0.03855231,-0.02068868,0.9990425,-0.0857068,0.9960329,0.02393373,-0.9955743,-0.08654743,0.03662623,static,1.5374765460969322,11.823692038932931,2.426642368570707e-06,10.750370096520475,-2.1360087,0.21650832,0.08691000000000004,0.026261929314443266,0.2048301357830586,0.9784451918890296,1.5044078427534417,11.148025208474,1.8483461923164426,1.875059108416754,1.5560736628087697
05/05/2023 11:41:08.449212,4858,True,True,True,True,Eyes,1.005916,0.03746061,-1.914537,-0.9906267,0.1193079,0.06651641,0.0,0.0,0.0,0.0,0.0,0.0,0.0,1.902123,0.09164006,0.9940051,0.9228845,0.03135078,-1.93954,0.03717035,-0.6928011,0.02093877,0.7198657,4.733897,272.1444,358.772,0.4847038,0.01699682,-0.874513,-0.2238277,0.01406317,-0.002152137,-1.212166,0.2564749,-1.851,7.450581e-09,0.4007999,2.111001,0.03917648,-0.02135712,0.9990041,-0.08164952,0.9963599,0.02450253,-0.9958909,-0.08252813,0.03729009,static,1.4679469525077489,11.621824790400819,2.0222010611096842e-07,10.75036250293957,-2.1350505,0.22512412,0.08854000000000006,0.02509284052070615,0.20138761574796324,0.9791901981395346,1.442070053275562,10.952072636427342,1.681291613026868,1.7071362511959152,1.4561086612182343
05/05/2023 11:41:08.468921,4859,True,True,True,True,Eyes,1.001536,0.03714847,-1.915672,-0.9906119,0.1196937,0.06604064,0.0,0.0,0.0,0.0,0.0,0.0,0.0,1.906362,0.0916325,0.985166,0.913992,0.03030259,-1.943416,0.03689202,-0.6928333,0.02042043,0.719864,4.669639,272.1414,358.7513,0.4827489,0.01702938,-0.8755929,-0.210398,0.01321938,-0.002023009,-1.220804,0.25782,-1.85485,1.043081e-07,0.4008,2.111,0.03913018,-0.02172017,0.9989981,-0.08051989,0.996444,0.02481857,-0.9959847,-0.08141038,0.03724213,static,1.4395862626736116,11.579760521241862,2.831081903850562e-06,10.750370096520475,-2.134796,0.22751741,0.08856599999999992,0.024611842635963832,0.20067106125378376,0.9793494099402176,1.4155572838282653,10.911332837407395,1.6360561965374218,1.6614117289621138,1.4246765993178523
05/05/2023 11:41:08.483075,4860,True,True,True,True,Eyes,0.8873548,0.02829479,-1.947162,-0.9899864,0.1303926,0.05408014,0.0,0.0,0.0,0.0,0.0,0.0,0.0,1.911021,0.09097794,0.9756705,0.9050329,0.02937672,-1.947374,0.03650616,-0.6929851,0.01996428,0.7197503,4.601243,272.1203,358.7435,0.4808089,0.01704506,-0.8766594,-0.1977741,0.01242622,-0.001901628,-1.22952,0.2594433,-1.859552,-2.235174e-07,0.4008,2.111,0.03874637,-0.02185786,0.99901,-0.07933505,0.9965374,0.02488075,-0.9960947,-0.08022054,0.03687809,static,0.7511731677185078,12.113240418154184,-6.066605242888384e-06,10.750370096520475,-2.1345529,0.23006658,0.08782199999999984,0.012818219019079868,0.2098272682148272,0.9776544249563959,0.7301001550073448,11.434965553543433,1.548140594202745,1.5561766466790286,1.0008626452285458
05/05/2023 11:41:08.498833,4861,True,True,True,True,Eyes,0.8869907,0.02824451,-1.947323,-0.9900159,0.1302216,0.05395303,0.0,0.0,0.0,0.0,0.0,0.0,0.0,1.916075,0.0892981,0.9659687,0.8959917,0.02799985,-1.951622,0.03580148,-0.6931732,0.01965028,0.7196133,4.517784,272.0959,358.7727,0.4737582,0.01665154,-0.8804972,-0.5284499,-0.01488041,-0.09625743,-1.23827,0.2611824,-1.864925,-2.160668e-07,0.4008,2.111001,0.03824953,-0.02135204,0.9990402,-0.07791446,0.9966642,0.02428433,-0.9962262,-0.07876854,0.03645829,static,0.7763722630486657,12.019948652713001,-5.864381747283499e-06,10.750365122656772,-2.1342616999999997,0.23318255,0.08669700000000002,0.013252812711339268,0.20823395832874936,0.9779892935812382,0.7571792249975106,11.344027028270373,1.479314988599964,1.4881550109254045,0.9621661591196433
05/05/2023 11:41:08.513408,4862,True,True,True,True,Eyes,0.8862762,0.02816713,-1.947664,-0.9900398,0.1301075,0.05378886,0.0,0.0,0.0,0.0,0.0,0.0,0.0,1.921655,0.08872989,0.955695,0.8868865,0.02676192,-1.956196,0.03554264,-0.6934271,0.01972795,0.7193792,4.502182,272.0575,358.7982,0.467851,0.01630737,-0.8836567,-0.4967429,-0.01398758,-0.09048199,-1.247376,0.2605299,-1.87111,2.086163e-07,0.4008,2.111,0.03753935,-0.0209087,0.9990764,-0.07767621,0.9966951,0.02377747,-0.9962717,-0.07849706,0.03579115,static,0.8114874087377344,11.998082327380855,5.66216652185457e-06,10.750370096520475,-2.1342625,0.23376798,0.085086,0.013853324302678938,0.2078590048278664,0.9780606975633583,0.791999502122737,11.32251857371308,1.4787616877317578,1.488384505447719,0.9770404917312314
05/05/2023 11:41:08.533063,4863,True,True,True,True,Eyes,0.8852196,0.02803029,-1.94818,-0.9900644,0.1300095,0.05357251,0.0,0.0,0.0,0.0,0.0,0.0,0.0,1.927704,0.08737989,0.9448578,0.8778671,0.02600446,-1.960894,0.03504503,-0.6938286,0.01934185,0.7190269,4.429738,271.9973,358.8037,0.462553,0.01599531,-0.8864471,-0.4669383,-0.01314833,-0.08505307,-1.256188,0.2624738,-1.878101,1.266599e-07,0.4008,2.111,0.03645563,-0.02081586,0.9991185,-0.07644511,0.9967955,0.02355678,-0.9964072,-0.0772365,0.03474756,static,0.8623420869376943,11.921002141442717,3.4377440566314765e-06,10.750370096520475,-2.1340551000000003,0.23646933999999997,0.0827929999999999,0.014725630282780566,0.20654045319777742,0.9783272443671096,0.8436511656340535,11.247183526302054,1.442977323215851,1.4539626303629458,0.9790633650511543
05/05/2023 11:41:08.549044,4864,True,True,True,True,Eyes,0.8838465,0.02781121,-1.948879,-0.9900879,0.1299313,0.05332779,0.0,0.0,0.0,0.0,0.0,0.0,0.0,1.933532,0.08330656,0.9345493,0.8686182,0.02447557,-1.965647,0.03340588,-0.6941516,0.01822441,0.7188225,4.205089,271.958,358.8407,0.4577216,0.01570756,-0.8889565,-0.438922,-0.01235943,-0.07994989,-1.264559,0.2693219,-1.884606,2.980232e-08,0.4008,2.111001,0.03564314,-0.02017726,0.9991611,-0.07257771,0.9971039,0.0227248,-0.9967258,-0.07332679,0.03407551,static,0.8994169842800719,11.69191412033488,8.088803158777868e-07,10.750365122656772,-2.1331772,0.24484633,0.08104099999999992,0.015371527705151322,0.20262516215358595,0.9791357441287838,0.8859671404228989,11.024038628827318,1.2892550247118493,1.302099831656304,0.9272720898456407
05/05/2023 11:41:08.563873,4865,True,True,True,True,Eyes,0.8821713,0.02752955,-1.949732,-0.9901407,0.1296573,0.05301243,0.0,0.0,0.0,0.0,0.0,0.0,0.0,1.939608,0.08239277,0.924186,0.8595515,0.0222918,-1.970701,0.03288534,-0.6944274,0.01849518,0.718573,4.183336,271.9179,358.9031,0.4532977,0.01543797,-0.8912252,-0.4125867,-0.01161786,-0.07515289,-1.273604,0.2679571,-1.891593,-8.940697e-08,0.4008,2.111,0.03485705,-0.01909268,0.9992099,-0.07225324,0.997153,0.0215739,-0.9967771,-0.07294815,0.03337828,static,0.9349875059962613,11.653851113555714,-2.426642368570707e-06,10.750370096520475,-2.1331555,0.2456653,0.07910799999999996,0.015981592806901035,0.20197271047139703,0.9792607170158906,0.9216678796507559,10.986768038463751,1.2863709115608928,1.300186187543391,0.951504146316493
05/05/2023 11:41:08.582957,4866,True,True,True,True,Eyes,0.8802004,0.02724315,-1.950765,-0.9902209,0.1291757,0.05268986,0.0,0.0,0.0,0.0,0.0,0.0,0.0,1.945697,0.08665612,0.9136376,0.8506187,0.0205168,-1.975856,0.03407604,-0.6946558,0.01961845,0.7182669,4.370607,271.8727,358.899,0.4492283,0.01518185,-0.8932877,-0.3878315,-0.01092079,-0.07064372,-1.283389,0.2592034,-1.898375,-1.043081e-07,0.4008,2.111,0.03413685,-0.01915967,0.9992335,-0.0755248,0.9969079,0.02169524,-0.9965594,-0.07620752,0.03258429,static,0.9583496082066085,11.813873261525018,-2.831081903850562e-06,10.750370096520475,-2.1340076999999997,0.23868659999999997,0.07748100000000013,0.016371388476222548,0.20470562604650555,0.9786866699400727,0.9401285850405241,11.142312143997275,1.4180575637096702,1.4315999370860983,1.018560576578864
05/05/2023 11:41:08.593344,4867,True,True,True,True,Eyes,0.8779383,0.02704159,-1.95195,-0.9903282,0.1284667,0.05240594,0.0,0.0,0.0,0.0,0.0,0.0,0.0,1.951914,0.09601204,0.9025036,0.8415588,0.02017833,-1.981179,0.03688131,-0.6948806,0.02066286,0.7178814,4.684522,271.8147,358.7588,0.4454651,0.01493766,-0.8951744,-0.3645616,-0.01026554,-0.0664051,-1.293768,0.2471419,-1.904839,2.458692e-07,0.4008,2.111,0.03342785,-0.02158926,0.9992079,-0.0809232,0.9964256,0.02423638,-0.9961596,-0.08166927,0.03156134,static,0.9660616497934528,12.089924598253091,6.673267395669291e-06,10.750370096520475,-2.1353268,0.22696357,0.07634000000000007,0.01648630372372295,0.20941815400006564,0.9776871983595509,0.9402059532267049,11.410854605705318,1.639076875560808,1.6515654636686001,1.1490058628697877
05/05/2023 11:41:08.613224,4868,True,True,True,True,Eyes,0.8753666,0.02699295,-1.953303,-0.9903988,0.1279682,0.05229113,0.0,0.0,0.0,0.0,0.0,0.0,0.0,1.95728,0.110567,0.8923641,0.8322871,0.02215273,-1.986527,0.04154695,-0.6947706,0.02164963,0.717704,5.147491,271.7914,358.4664,0.4419646,0.01470822,-0.8969116,-0.3426879,-0.00964961,-0.06242079,-1.304766,0.2317947,-1.908955,-5.215406e-08,0.4008,2.111,0.0336504,-0.02665514,0.9990782,-0.08880723,0.9956103,0.02955377,-0.9954802,-0.08971986,0.03113554,static,0.9100582688746879,12.52892878341439,-1.4155412233406277e-06,10.750370096520475,-2.1370531,0.20964196999999998,0.07757199999999997,0.015504712875409665,0.21690644480679466,0.9760692616865284,0.8737802149414404,11.83837014859983,1.9880284478877626,1.9978687724485293,1.3954348609281704
05/05/2023 11:41:08.623665,4869,True,True,True,True,Eyes,0.8725281,0.02697377,-1.954816,-0.9904245,0.1276615,0.05255449,0.0,0.0,0.0,0.0,0.0,0.0,0.0,1.96046,0.124983,0.8863841,0.8222709,0.02579978,-1.991961,0.04387791,-0.6940275,0.01578636,0.7184368,4.873688,271.8865,357.8015,0.4386866,0.01449921,-0.8985229,-0.3221266,-0.009070634,-0.05867554,-1.313459,0.2455075,-1.906231,-8.195639e-08,0.4008,2.111,0.0361532,-0.03822194,0.9986151,-0.08358797,0.995651,0.04113466,-0.9958444,-0.08495935,0.03280105,static,0.6915532006283589,12.243711162019316,-2.22442219380776e-06,10.750370096520475,-2.1357299,0.21970772,0.08573000000000008,0.011795096478233125,0.21205566956236446,0.9771864673168509,0.6684648737588099,11.562306899664812,1.6391175451615896,1.6456963401010722,1.0517079602488402
05/05/2023 11:41:08.648244,4870,True,True,True,True,Eyes,0.8694348,0.0270417,-1.956497,-0.9904987,0.1269394,0.05290368,0.0,0.0,0.0,0.0,0.0,0.0,0.0,1.962365,0.1346379,0.8849988,0.8129889,0.02653728,-1.997642,0.04556349,-0.6925324,0.01333381,0.7198229,4.822174,272.1076,357.4742,0.4355966,0.01430997,-0.900028,-0.302799,-0.008526396,-0.05515501,-1.322104,0.2480725,-1.901394,7.450581e-08,0.4008,2.111001,0.04044212,-0.04391243,0.9982165,-0.08230436,0.9954923,0.0471271,-0.9957864,-0.08406349,0.03664562,static,0.420643367641197,12.14510062675387,2.0222010611096834e-06,10.750365122656772,-2.1350929,0.22153522,0.09624799999999989,0.0071772356790503755,0.2103827543655375,0.9775927931839359,0.4070347112952432,11.468156926656249,1.454084328811781,1.4567862807847525,0.8251670642240058
05/05/2023 11:41:08.663477,4871,True,True,True,True,Eyes,0.8660914,0.02716362,-1.958325,-0.9905529,0.1263174,0.05337456,0.0,0.0,0.0,0.0,0.0,0.0,0.0,1.966146,0.1466203,0.8793032,0.8037624,0.02880681,-2.003381,0.05032456,-0.6915517,0.01608205,0.7203923,5.436931,272.2134,357.3266,0.4326634,0.01414259,-0.9014444,-0.2846311,-0.008014812,-0.05184571,-1.333357,0.2273521,-1.902074,1.862645e-07,0.4008,2.111001,0.04299506,-0.0464333,0.9979957,-0.09277485,0.9944176,0.05026371,-0.9947584,-0.09474999,0.03844721,static,0.28271525992873253,12.720544666419725,5.0555019742361535e-06,10.750365122656772,-2.1371194,0.19854529,0.10130700000000004,0.00481318590391161,0.22019343648342793,0.9754443401175881,0.2570697028058008,12.028969579228779,1.9893786186731148,1.9903598906602336,1.304190012712579
05/05/2023 11:41:08.673477,4872,True,True,True,True,Eyes,0.8625321,0.02734272,-1.960325,-0.9906631,0.1252555,0.05383115,0.0,0.0,0.0,0.0,0.0,0.0,0.0,1.970343,0.1535067,0.8737837,0.7943602,0.03030537,-2.009325,0.05218507,-0.6907674,0.01523928,0.7210305,5.526588,272.3167,357.1137,0.4298594,0.01399739,-0.9027871,-0.2675532,-0.007533923,-0.04873496,-1.342814,0.2254307,-1.902667,2.235174e-08,0.4007999,2.111,0.04521634,-0.05011951,0.9977193,-0.09407145,0.9940889,0.05420045,-0.9945382,-0.09630764,0.04023425,static,0.15487005131246878,12.745842066435493,6.066605242888407e-07,10.750367476802118,-2.1371742,0.19512533,0.10665799999999992,0.0026363834785273488,0.22062589968312887,0.9753549982254391,0.13176192583064714,12.05443135019999,2.0011813226191077,2.0014753015611477,1.3107034871132786
05/05/2023 11:41:08.693598,4873,True,True,True,True,Eyes,0.8587356,0.0276293,-1.962462,-0.9907813,0.1241627,0.054185,0.0,0.0,0.0,0.0,0.0,0.0,0.0,1.976427,0.1682687,0.8634888,0.7856163,0.0319832,-2.015434,0.05758131,-0.6906018,0.01801103,0.7207144,6.192906,272.2775,356.9112,0.4271605,0.01387478,-0.9040691,-0.2515,-0.007081888,-0.04581086,-1.353689,0.2021386,-1.908739,-9.685755e-08,0.4008,2.111001,0.04548943,-0.05356991,0.9975275,-0.1054931,0.99272,0.05812246,-0.9933791,-0.1078762,0.039507,static,0.1371720425335144,13.35179554376177,-2.6288612980180223e-06,10.750365122656772,-2.1393053,0.1701554,0.10669499999999998,0.0023293904798664666,0.23092877003306528,0.9729678575559361,0.09817716649955932,12.644131905303192,2.604849596526709,2.6050445536156968,1.8963100746639703
05/05/2023 11:41:08.713075,4874,True,True,True,True,Eyes,0.8547193,0.02798389,-1.96475,-0.9908813,0.1231975,0.05455825,0.0,0.0,0.0,0.0,0.0,0.0,0.0,1.982669,0.1792089,0.8524163,0.7760812,0.0349801,-2.02143,0.06138511,-0.6906119,0.01832717,0.7203827,6.531847,272.2251,356.6312,0.4245451,0.01377752,-0.9053017,-0.23641,-0.006656975,-0.04306221,-1.3642,0.1923525,-1.914698,1.713634e-07,0.4008,2.111,0.04543871,-0.05838142,0.9972597,-0.1111917,0.991792,0.06312761,-0.9927597,-0.1137555,0.0385742,static,0.129234577760988,13.63930297769131,4.651065648039843e-06,10.750370096520475,-2.1402812,0.15737240000000002,0.10673200000000005,0.002191959083065853,0.23580822111730412,0.9717971267234091,0.082690320687998,12.923924748110826,2.8916589615096537,2.8918218419992097,2.1751268338676133
05/05/2023 11:41:08.723192,4875,True,True,True,True,Eyes,0.8505069,0.02833553,-1.967164,-0.9909685,0.1224493,0.05465803,0.0,0.0,0.0,0.0,0.0,0.0,0.0,1.988493,0.1802684,0.8443133,0.7667881,0.03696787,-2.027347,0.06155483,-0.6904953,0.01656779,0.7205226,6.406591,272.2408,356.4732,0.4219934,0.0137062,-0.906495,-0.2222254,-0.006257556,-0.04047848,-1.373065,0.1989583,-1.918943,4.470348e-08,0.4008,2.111001,0.04588344,-0.06113172,0.9970745,-0.1088816,0.991873,0.06582334,-0.9929953,-0.1115832,0.03885445,static,0.09093391077311465,13.470838062474863,1.2133204738166799e-06,10.750365122656772,-2.1398531,0.16199043000000002,0.10840399999999972,0.0015434323060001809,0.23295013555217503,0.9724874042727552,0.04989477934622166,12.76026502733721,2.721908738563724,2.7219922431462766,2.010519085899261
05/05/2023 11:41:08.749015,4876,True,True,True,True,Eyes,0.8461037,0.02866773,-1.969712,-0.9910806,0.1214994,0.05474508,0.0,0.0,0.0,0.0,0.0,0.0,0.0,1.99422,0.1819263,0.8364246,0.7578284,0.03728987,-2.033205,0.06286433,-0.6902065,0.01813301,0.7206486,6.64038,272.269,356.4997,0.4194897,0.01365808,-0.9076571,-0.2088919,-0.005882103,-0.03804977,-1.382622,0.1905482,-1.923905,7.450581e-09,0.4008,2.111001,0.04657237,-0.06064369,0.9970725,-0.1129138,0.9914386,0.06557513,-0.9925128,-0.1156372,0.03932612,static,0.062470747267484465,13.647976787115445,2.0222010611096842e-07,10.750365122656772,-2.1404503999999998,0.15325833,0.10930000000000017,0.001059533449118688,0.23595575876710667,0.9717631609473758,0.01737388726486483,12.9328069690994,2.8982469715708294,2.8982849975469067,2.1825109983768556
05/05/2023 11:41:08.763150,4877,True,True,True,True,Eyes,0.8415363,0.02899547,-1.972382,-0.9912128,0.1205515,0.05444694,0.0,0.0,0.0,0.0,0.0,0.0,0.0,2.000316,0.1796669,0.8283319,0.7488428,0.0371813,-2.039002,0.06383051,-0.6899526,0.0213644,0.7207183,6.978013,272.297,356.6915,0.4170194,0.01362987,-0.9087952,-0.1963584,-0.005529176,-0.03576678,-1.392483,0.1778872,-1.929961,-1.639128e-07,0.4007999,2.111,0.04701796,-0.05728463,0.9972502,-0.1188755,0.9909385,0.06252677,-0.9917954,-0.1214885,0.03978217,static,0.04642603003854017,13.92753161209612,-4.448844930446206e-06,10.750367476802118,-2.1413257999999997,0.1407059,0.10904099999999994,0.000786465309397022,0.24069438010953792,0.9706006105332181,-0.005801713239927286,13.204915811466734,3.1774834007759143,3.177503380323588,2.4545551807770183
05/05/2023 11:41:08.783129,4878,True,True,True,True,Eyes,0.7227473,0.03865439,-2.042032,-0.9946618,0.09327585,0.04413042,0.0,0.0,0.0,0.0,0.0,0.0,0.0,2.007776,0.1761679,0.8176216,0.7402933,0.03744073,-2.044815,0.06545948,-0.6901532,0.02645426,0.720211,7.516069,272.2433,356.979,0.4145708,0.01361935,-0.9099149,-0.1845769,-0.005197426,-0.03362078,-1.402452,0.1581171,-1.939737,-1.266599e-07,0.4008,2.111001,0.04597744,-0.05224884,0.9975752,-0.1284594,0.9900305,0.05777429,-0.9906485,-0.1308042,0.03880722,static,-0.3868511038681862,12.866141274871502,-3.437742428141459e-06,10.750365122656772,-2.1427453,0.12067637,0.10507799999999978,-0.006582264420502859,0.22266921890887398,0.9748718209526062,-0.39956056695968656,12.17507298243711,2.1491103088314,2.1508509578925996,1.4796750944812873
05/05/2023 11:41:08.794061,4879,True,True,True,True,Eyes,0.7223641,0.03871778,-2.042223,-0.9946257,0.09381114,0.04380971,0.0,0.0,0.0,0.0,0.0,0.0,0.0,2.016205,0.169358,0.8039842,0.7311456,0.03924439,-2.050376,0.06580493,-0.6909727,0.02940539,0.7192788,7.776015,272.1085,357.1863,0.4051861,0.01411087,-0.914125,-0.5298693,0.02409117,-0.2405526,-1.412429,0.1502601,-1.951769,2.458692e-07,0.4008,2.111,0.04338426,-0.04863744,0.9978738,-0.1332401,0.9896101,0.05402752,-0.9901338,-0.1353008,0.03645307,static,-0.23521117736482983,13.16342004216131,6.673267395669291e-06,10.750370096520475,-2.1435746,0.11101571000000002,0.09860699999999989,-0.0039973337482892,0.2277274436170519,0.97371676401581,-0.25975171899364435,12.46331494924755,2.423888859523454,2.4244870544948838,1.7325283521011197
05/05/2023 11:41:08.813663,4880,True,True,True,True,Eyes,0.7216104,0.03881539,-2.042619,-0.9945678,0.09462112,0.04337918,0.0,0.0,0.0,0.0,0.0,0.0,0.0,2.024889,0.1571808,0.7897562,0.7215562,0.04075031,-2.055795,0.06299706,-0.6922022,0.02844274,0.7183862,7.46316,271.9521,357.3208,0.3973573,0.01452478,-0.9175488,-0.4980772,0.0226457,-0.2261195,-1.42168,0.1635255,-1.964,-1.117587e-07,0.4008,2.111001,0.04009438,-0.04634766,0.9981205,-0.1280791,0.9904447,0.05113618,-0.9909533,-0.1298887,0.03377514,static,-0.05669346258573528,12.904031877607059,-3.0333011845416974e-06,10.750365122656772,-2.1432362,0.12277518999999999,0.09179499999999985,-0.0009644984292213055,0.22331860713736146,0.9747450373576548,-0.07873792055553663,12.209750518357618,2.1543752177237185,2.1544127497187175,1.4615077542236543
05/05/2023 11:41:08.833251,4881,True,True,True,True,Eyes,0.720487,0.03893118,-2.043206,-0.9944604,0.09598494,0.04284129,0.0,0.0,0.0,0.0,0.0,0.0,0.0,2.033257,0.1471225,0.7751806,0.7119404,0.04159627,-2.06109,0.05998111,-0.6934786,0.0262752,0.7174953,7.037267,271.7888,357.3731,0.3907927,0.0148767,-0.9203582,-0.4681925,0.02128696,-0.2125523,-1.430591,0.1803299,-1.975801,1.117587e-07,0.4008,2.111,0.0367942,-0.04548657,0.9982872,-0.1208959,0.9914238,0.04962975,-0.9919831,-0.1225149,0.03097955,static,0.10633335710015727,12.563087767679605,3.0333026214442e-06,10.750370096520475,-2.1425314,0.13873363,0.08528900000000017,0.0018114314186293834,0.21751411165870244,0.9760554809791133,0.08937325640270027,11.87693616395644,1.815685262840155,1.815833553245304,1.130105367244618
05/05/2023 11:41:08.849535,4882,True,True,True,True,Eyes,0.7190103,0.03904914,-2.043981,-0.9943253,0.09764256,0.04222703,0.0,0.0,0.0,0.0,0.0,0.0,0.0,2.041244,0.1390887,0.7605362,0.7019709,0.04201416,-2.066376,0.05683731,-0.6946841,0.02305616,0.7166952,6.51732,271.6361,357.351,0.3850288,0.01518851,-0.9227793,-0.440101,0.02000974,-0.1997992,-1.439428,0.2001925,-1.986679,-1.341105e-07,0.4007999,2.111,0.03376494,-0.04591945,0.9983744,-0.1120164,0.9924759,0.04943655,-0.9931326,-0.1135035,0.02836714,static,0.24037261196120313,12.144503458145916,-3.639964774225114e-06,10.750367476802118,-2.1413989,0.15817834,0.0796969999999999,0.004101392917112201,0.21037620491223558,0.9776118988580944,0.23131946064339104,11.468771347505404,1.4137990323173766,1.4147069933266798,0.7547280956188387
05/05/2023 11:41:08.865265,4883,True,True,True,True,Eyes,0.7171952,0.03915479,-2.044909,-0.9941748,0.09950353,0.04141809,0.0,0.0,0.0,0.0,0.0,0.0,0.0,2.049028,0.1326149,0.7458212,0.692042,0.0421144,-2.071631,0.0539386,-0.6958451,0.01981047,0.7158896,6.015539,271.4855,357.3084,0.379758,0.01547394,-0.9249563,-0.4136949,0.01880916,-0.1878112,-1.448083,0.2190386,-1.997305,2.682209e-07,0.4008,2.111001,0.03081432,-0.0467016,0.9984335,-0.10343,0.9933963,0.04965812,-0.9941593,-0.1047982,0.02578053,static,0.3553144333006552,11.755426282876279,7.279923385730476e-06,10.750365122656772,-2.1401250000000003,0.1769242,0.07432599999999989,0.006071305323889276,0.2037307115182331,0.9790081103099646,0.353853812390815,11.08944315172731,1.0635500646231673,1.0660164675195403,0.4900829300614178
05/05/2023 11:41:08.883324,4884,True,True,True,True,Eyes,0.7150522,0.03924758,-2.046003,-0.9940075,0.1015197,0.04053131,0.0,0.0,0.0,0.0,0.0,0.0,0.0,2.057,0.1290168,0.7299592,0.6821095,0.04186664,-2.076946,0.05205985,-0.6970801,0.01743014,0.7148884,5.666295,271.3093,357.2549,0.3749171,0.01573511,-0.9269245,-0.3888732,0.01768061,-0.1765425,-1.457106,0.2318223,-2.008852,1.192093e-07,0.4008,2.111001,0.02755104,-0.04765857,0.9984838,-0.09750098,0.9939719,0.05013356,-0.9948541,-0.09873437,0.02273825,static,0.4821652499590438,11.528959659567233,3.2355218063415778e-06,10.750365122656772,-2.1392155,0.18995566000000003,0.06809399999999988,0.008245495148176296,0.19985640383655298,0.9797904757089337,0.48361439819637214,10.868253488512924,0.9107084293496787,0.9158000115052357,0.49777246154008875
05/05/2023 11:41:08.899136,4885,True,True,True,True,Eyes,0.7125972,0.03936761,-2.047268,-0.9939043,0.1028522,0.03969391,0.0,0.0,0.0,0.0,0.0,0.0,0.0,2.064609,0.1262913,0.7139893,0.6721292,0.04161134,-2.082031,0.0503775,-0.6982893,0.0150766,0.7138817,5.335229,271.1342,357.1889,0.3704495,0.01597388,-0.9287149,-0.3655408,0.01661977,-0.16595,-1.46614,0.243908,-2.020037,-6.705523e-08,0.4007999,2.111,0.02432981,-0.0488303,0.9985107,-0.09188195,0.9944696,0.05087148,-0.9954726,-0.09298281,0.01970859,static,0.6094431888129516,11.281831152199763,-1.819981844281867e-06,10.750367476802118,-2.1382692,0.20229666000000002,0.06199400000000033,0.010431078404494365,0.19562452586820858,0.9806233612231434,0.6143482553807187,10.626957305027647,0.7997825461444447,0.80862652504853,0.6266227617916472
