Time,Frame,EyeTrackingEnabled,EyeCalibrationValid,EyeTrackingEnabledAndValid,EyeTrackingDataValid,GazeInputSource,EyeGazeOrigin.x,EyeGazeOrigin.y,EyeGazeOrigin.z,EyeGazeDirection.x,EyeGazeDirection.y,EyeGazeDirection.z,EyeHitInfo.distance,EyeHitPosition.x,EyeHitPosition.y,EyeHitPosition.z,EyeHitNormal.x,EyeHitNormal.y,EyeHitNormal.z,LocalEyeHitPosition.x,LocalEyeHitPosition.y,LocalEyeHitPosition.z,HeadGazeOrigin.x,HeadGazeOrigin.y,HeadGazeOrigin.z,HeadRotation.x,HeadRotation.y,HeadRotation.z,HeadRotation.w,HeadEulerAngles.x,HeadEulerAngles.y,HeadEulerAngles.z,HeadMovementDirection.x,HeadMovementDirection.y,HeadMovementDirection.z,HeadVelocity.x,HeadVelocity.y,HeadVelocity.z,transform.position.x,transform.position.y,transform.position.z,localTransform.position.x,localTransform.position.y,localTransform.position.z,localXAxis.x,localXAxis.y,localXAxis.z,localYAxis.x,localYAxis.y,localYAxis.z,localZAxis.x,localZAxis.y,localZAxis.z,Movement,GazeAngleX,GazeAngleY,TargetAngleX,TargetAngleY,globalTargetVector.x,globalTargetVector.y,globalTargetVector.z,localEyeGazeX,localEyeGazeY,localEyeGazeZ,CalibratedGazeAngleX,CalibratedGazeAngleY,cosineError,euclideanError,recalibratedEuclideanError
05/17/2023 16:15:09.966871,182,True,True,True,True,Eyes,1.081206,-0.2559576,-3.485108,-0.5709591,0.446146,0.6891731,1.153183,0.4227856,0.2585305,-2.690365,0.491718,-0.8702616,-0.02929343,-0.171969,0.1851118,1.133036,1.071429,-0.2622102,-3.500119,-0.1697885,-0.2313202,0.01019575,0.957893,341.3031,331.868,5.943539,0.2941986,-0.07020756,-0.9531604,0,0,0,0.4154097,0.2715845,-2.689925,-0.1770803,0.1968301,1.140882,0.892774,0.09808391,0.4396978,0.05901814,0.9421358,-0.3299953,-0.4466223,0.3205614,0.8353256,moving,-9.500440680616643,9.286193832627129,-8.822678827777368,9.788567007809734,-0.6560193,0.5337947000000001,0.8101940000000001,-0.16294989837337548,0.15920926696337487,0.9737041896210118,-9.626990746708863,9.509919302631307,0.8433258283248418,0.8436468077976584,0.851212198301027
05/17/2023 16:15:09.977233,183,True,True,True,True,Eyes,1.081175,-0.255971,-3.485103,-0.5708737,0.4461862,0.6892177,1.153186,0.4228508,0.2585648,-2.690306,0.4960412,-0.8679276,-0.02539797,-0.1724095,0.1855194,1.132951,1.071458,-0.2622724,-3.500095,-0.1696563,-0.2311055,0.01019974,0.9579682,341.3167,331.8964,5.935469,0.2943365,-0.07018413,-0.9531196,0,0,0,0.4195783,0.2684595,-2.690084,-0.1742648,0.1945764,1.137767,0.8929724,0.09795908,0.4393226,0.05887495,0.9422255,-0.3297651,-0.4462444,0.3203362,0.835614,moving,-9.520214046483298,9.304871252242947,-8.707970381714842,9.704615121009597,-0.6518797000000001,0.5307319,0.8100109999999998,-0.16327767016198086,0.15951789367817076,0.9735986793532412,-9.646902541805977,9.528896767041278,0.9028733580608695,0.90528168631262,0.9552332391488161
05/17/2023 16:15:09.996781,184,True,True,True,True,Eyes,1.08114,-0.2559871,-3.485099,-0.5707802,0.4462461,0.6892564,1.142416,0.4290718,0.2538116,-2.697682,0.3748996,-0.7829101,-0.4964898,-0.1711606,0.1836394,1.122439,1.071467,-0.2622312,-3.500126,-0.1697224,-0.2308496,0.01013745,0.9580188,341.306,331.9278,5.925228,0.2944599,-0.07016342,-0.953083,0,0,0,0.423446,0.26556,-2.690231,-0.171767,0.1919193,1.13494,0.8932114,0.09778444,0.4388753,0.05893696,0.9421831,-0.329875,-0.4457575,0.3205141,0.8358055,moving,-9.54457489716649,9.300769648568444,-8.606093367987352,9.597966507678281,-0.648021,0.5277912,0.809895,-0.16369377749430783,0.15943705722829798,0.9735420768565854,-9.67124059763566,9.524836680832475,0.9790220765215736,0.9844153359609775,1.0676547159086411
05/17/2023 16:15:10.017195,185,True,True,True,True,Eyes,1.081106,-0.2560069,-3.485095,-0.5706867,0.4462969,0.6893008,1.138491,0.4313844,0.2520982,-2.700332,0.2660035,-0.6998152,-0.6629487,-0.1706232,0.182946,1.118647,1.071466,-0.2623007,-3.500107,-0.1698084,-0.2307523,0.0101434,0.958027,341.2959,331.9382,5.926688,0.2945701,-0.07014525,-0.9530504,0,0,0,0.4273918,0.262602,-2.690382,-0.1687974,0.1893225,1.132111,0.893301,0.09780264,0.438689,0.05893205,0.9421244,-0.3300432,-0.4455787,0.3206807,0.8358369,moving,-9.548158015458302,9.294947534000332,-8.480310137569528,9.493702815276736,-0.6440742,0.5249026999999999,0.8097249999999998,-0.1637573402079316,0.15933641141434277,0.9735477733078963,-9.674783147150517,9.518957509524675,1.0772848254972052,1.0861872546420435,1.1947399592375831
05/17/2023 16:15:10.027398,186,True,True,True,True,Eyes,1.081072,-0.2560244,-3.485092,-0.5705955,0.4463544,0.6893392,1.135127,0.4333734,0.2506444,-2.702605,0.1144109,-0.5838243,-0.8037781,-0.1701294,0.1827926,1.115328,1.071438,-0.2624082,-3.500079,-0.1697243,-0.2306654,0.01019494,0.9580622,341.3062,331.9493,5.928222,0.2946685,-0.07012946,-0.9530212,0,0,0,0.4316567,0.2594048,-2.690544,-0.165517,0.1869664,1.128984,0.893379,0.09783383,0.438523,0.05876429,0.9421794,-0.3299161,-0.4454443,0.3205097,0.8359742,moving,-9.550979020594538,9.310006851862536,-8.340547019535789,9.403176672572144,-0.6397812999999999,0.521813,0.8095349999999999,-0.16379845995057696,0.1595911985769529,0.9734992149615945,-9.677712289167163,9.53420964614859,1.200954229688003,1.2140124565580648,1.3435700943652438
05/17/2023 16:15:10.046973,187,True,True,True,True,Eyes,1.081039,-0.2560362,-3.485093,-0.5705009,0.4464169,0.6893771,1.132974,0.4346767,0.2497423,-2.704047,-0.05618415,-0.4512419,-0.8906313,-0.1698397,0.182022,1.113311,1.071483,-0.2623647,-3.500076,-0.1699349,-0.2305993,0.01020102,0.9580408,341.2824,331.9539,5.934285,0.2947562,-0.07011576,-0.9529952,0,0,0,0.4355192,0.2565092,-2.690691,-0.1625693,0.1840346,1.126271,0.8934398,0.09791972,0.4383799,0.05882775,0.9420362,-0.3303139,-0.445314,0.3209045,0.8358921,moving,-9.549741397266619,9.291013419254226,-8.213513878124283,9.280213701474677,-0.6359638,0.5188739,0.8093849999999998,-0.1637860779478953,0.15926881724454858,0.9735541464319271,-9.676338893892078,9.514981705368855,1.3193156218822395,1.3362711614105118,1.481544141228504
05/17/2023 16:15:10.066992,188,True,True,True,True,Eyes,1.081008,-0.2560437,-3.485093,-0.5704118,0.4465064,0.6893929,1.132076,0.4352584,0.2494355,-2.704648,-0.2818285,-0.2730098,-0.9198034,-0.1698176,0.1816216,1.112487,1.071497,-0.2622406,-3.50016,-0.170037,-0.2304938,0.01020033,0.958048,341.2702,331.9652,5.935322,0.2948343,-0.07010376,-0.952972,0,0,0,0.4394887,0.2535334,-2.690842,-0.1595869,0.1811674,1.12346,0.8935371,0.09792974,0.4381794,0.0588401,0.9419668,-0.3305093,-0.4451172,0.3211049,0.8359201,moving,-9.55513474759793,9.285946566510626,-8.084746635698158,9.16056626828989,-0.6320082999999999,0.515774,0.8093180000000002,-0.16388009572423806,0.1591802062695257,0.9735528406553062,-9.681697540890921,9.509873710740797,1.4544998181053503,1.4757240320595497,1.634707277449874
05/17/2023 16:15:10.077657,189,True,True,True,True,Eyes,1.080974,-0.2560582,-3.485091,-0.5703284,0.4466116,0.6893937,1.132021,0.435351,0.2495154,-2.704683,-0.2759447,-0.2679619,-0.9230661,-0.1697067,0.1802361,1.112642,1.071454,-0.2621617,-3.500181,-0.1706313,-0.2305051,0.01003625,0.9579414,341.199,331.9572,5.935483,0.2949038,-0.07009319,-0.9529514,0,0,0,0.4436132,0.2504414,-2.690999,-0.156237,0.1770622,1.120697,0.8935333,0.09789101,0.4381956,0.05943444,0.9415685,-0.3315363,-0.4450457,0.3222827,0.8355048,moving,-9.548592929032871,9.21984928794558,-7.936484690118513,8.97811560212928,-0.6278408,0.5126031,0.8091819999999998,-0.1637988073570481,0.15805915203418727,0.9737491123833965,-9.674682642895851,9.442951979103642,1.6048913307452344,1.630131328707564,1.7992790168281239
05/17/2023 16:15:10.098658,190,True,True,True,True,Eyes,1.080925,-0.2560818,-3.48509,-0.570277,0.4466666,0.6894005,0.0,0.0,0.0,0.0,0.0,0.0,0.0,0.602039,-0.9795873,3.485017,1.07135,-0.2623545,-3.500109,-0.1709909,-0.2305162,0.0101644,0.9578732,341.1623,331.9478,5.961967,0.2949655,-0.0700841,-0.952933,0,0,0,0.4477753,0.2473212,-2.691157,-0.1526416,0.1739678,1.11779,0.893518,0.09830474,0.4381345,0.05935992,0.9413176,-0.3322613,-0.4450865,0.3228891,0.8352488,moving,-9.535684842442828,9.189124720150408,-7.776019809852442,8.846286489951483,-0.6235747,0.5096757,0.8089520000000001,-0.1635930985051512,0.15754240258551877,0.9738673663255567,-9.661552036530994,9.41180725032631,1.7637704511620866,1.7927518174603134,1.9685135275781829
05/17/2023 16:15:10.117015,191,True,True,True,True,Eyes,1.080884,-0.2561014,-3.485094,-0.5702602,0.4466621,0.6894172,0.0,0.0,0.0,0.0,0.0,0.0,0.0,0.6027132,-0.9788716,3.484973,1.071321,-0.2625608,-3.499974,-0.1709559,-0.2306585,0.01072478,0.9578391,341.1829,331.9208,6.028509,0.2950198,-0.07007658,-0.9529168,0,0,0,0.4517018,0.2443776,-2.691307,-0.1487914,0.1722176,1.114926,0.8933634,0.09941009,0.4382005,0.05831963,0.9413181,-0.3324441,-0.4455343,0.3225491,0.8351415,moving,-9.498200378945576,9.215103481178826,-7.601439500727224,8.780824365849423,-0.6196192,0.5069384,0.8086669999999998,-0.16294382511932717,0.15800114662266604,0.9739018176683392,-9.624242899139794,9.437960163507585,1.9132803732049843,1.9458417662160874,2.1268664850416146
05/17/2023 16:15:10.126834,192,True,True,True,True,Eyes,1.080826,-0.2561122,-3.485105,-0.5702195,0.4466984,0.6894274,0.0,0.0,0.0,0.0,0.0,0.0,0.0,0.6051499,-0.9738302,3.486138,1.0715,-0.2624766,-3.5001,-0.1702445,-0.2310059,0.01101408,0.9578789,341.273,331.8846,6.046269,0.2950676,-0.07007036,-0.9529026,0,0,0,0.4559861,0.2411659,-2.69147,-0.1446035,0.1710529,1.111858,0.89303,0.09975525,0.4388012,0.05755465,0.9417911,-0.3312358,-0.4463015,0.3210585,0.8353062,moving,-9.453328523474005,9.302902049352944,-7.410051938540427,8.746052676039284,-0.6155138999999998,0.5036425,0.8086300000000004,-0.16214108535641306,0.15951472540102243,0.9737890939178006,-9.579985255767875,9.526653443263854,2.0806363546648394,2.117796125007702,2.3060676830928672
05/17/2023 16:15:10.147538,193,True,True,True,True,Eyes,1.080769,-0.2561264,-3.485118,-0.5701563,0.4467465,0.6894485,0.0,0.0,0.0,0.0,0.0,0.0,0.0,0.6061342,-0.9751722,3.485519,1.071569,-0.262194,-3.500028,-0.1703509,-0.2310937,0.01028471,0.9578469,341.2411,331.8851,5.967172,0.2951091,-0.07006507,-0.9528902,0,0,0,0.4597044,0.2383784,-2.691612,-0.1420516,0.167633,1.109148,0.8929799,0.09843637,0.4392007,0.05903168,0.9417496,-0.3310936,-0.4462087,0.3215866,0.8351526,moving,-9.464835296785767,9.260838470484982,-7.298295592606102,8.594451529057427,-0.6118646,0.5005724,0.8084159999999998,-0.1623557525595978,0.15879409665139188,0.9738711004664143,-9.591195118089129,9.484123828858277,2.2263404326474587,2.266708151812244,2.459452181887914
05/17/2023 16:15:10.167347,194,True,True,True,True,Eyes,1.080703,-0.2561471,-3.485131,-0.5701025,0.4467759,0.689474,0.0,0.0,0.0,0.0,0.0,0.0,0.0,0.6050795,-0.9749792,3.485809,1.071525,-0.2622773,-3.500088,-0.1703073,-0.2308964,0.009802549,0.9579073,341.2312,331.9187,5.906085,0.2951449,-0.0700607,-0.9528794,0,0,0,0.4637441,0.23535,-2.691765,-0.1395106,0.1648826,1.10624,0.8931815,0.09742653,0.4390157,0.0598668,0.9417987,-0.330804,-0.4456935,0.3217505,0.8353646,moving,-9.501629845987717,9.24817111182792,-7.187763956591741,8.4773997124077,-0.6077809000000001,0.4976273,0.8083229999999997,-0.1629872886931533,0.15856205623263772,0.9738034606894723,-9.627909083334075,9.471440843872687,2.3949987274774838,2.4388652903090886,2.634848384747887
05/17/2023 16:15:10.177348,195,True,True,True,True,Eyes,1.080636,-0.2561738,-3.485143,-0.5700693,0.4467612,0.6895111,0.0,0.0,0.0,0.0,0.0,0.0,0.0,0.6050912,-0.9770858,3.48517,1.071368,-0.2624465,-3.500077,-0.1706268,-0.2308896,0.009826487,0.9578518,341.196,331.9139,5.918886,0.2951754,-0.07005735,-0.9528702,0,0,0,0.4679964,0.2321622,-2.691927,-0.1358935,0.1617039,1.103261,0.8931868,0.09761652,0.4389628,0.05996725,0.9415799,-0.3314079,-0.4456694,0.3223326,0.835153,moving,-9.495420667375278,9.212983958294462,-7.022002757484921,8.338415415268228,-0.6033716000000001,0.4946087,0.8081499999999999,-0.16289752147177639,0.15796637029413205,0.9739153746633172,-9.621447336592883,9.435804586334966,2.5763939267249314,2.6234836179052867,2.8215908832834558
05/17/2023 16:15:10.196813,196,True,True,True,True,Eyes,1.080576,-0.2562007,-3.485151,-0.5700379,0.4466383,0.6896166,0.0,0.0,0.0,0.0,0.0,0.0,0.0,0.6064829,-0.9728892,3.486055,1.071261,-0.2626102,-3.50005,-0.170073,-0.2310638,0.01001622,0.9579062,341.2645,331.8981,5.926697,0.2952011,-0.07005507,-0.9528626,0,0,0,0.4719751,0.2291795,-2.692079,-0.1321685,0.1606403,1.100248,0.8930184,0.09778465,0.439268,0.05940623,0.9419497,-0.3304568,-0.4460819,0.3211992,0.8353694,moving,-9.470840882834462,9.270664881728056,-6.849895675746878,8.306703829353923,-0.5992859,0.4917897,0.8079709999999998,-0.16245348910240906,0.15895853772131788,0.9738280549577601,-9.597272368354421,9.494091641950432,2.7420626608705327,2.7925928255027848,2.9929865533586817
05/17/2023 16:15:10.216771,197,True,True,True,True,Eyes,1.080519,-0.2562322,-3.485159,-0.5699948,0.4464831,0.6897526,0.0,0.0,0.0,0.0,0.0,0.0,0.0,0.6068,-0.9682823,3.487265,1.07132,-0.2626315,-3.500013,-0.1694469,-0.2311151,0.01023366,0.9580025,341.3412,331.8979,5.932913,0.2952226,-0.07005378,-0.9528561,0,0,0,0.4757986,0.2263132,-2.692224,-0.128994,0.1597198,1.097309,0.8929622,0.09793119,0.4393495,0.0587157,0.9423661,-0.3293913,-0.4462857,0.3199307,0.8357472,moving,-9.458665308023448,9.336532086987633,-6.704625963600981,8.281579662780283,-0.5955214,0.4889447,0.8077890000000001,-0.1622166368367171,0.1600842537681792,0.9736830460926592,-9.585563273368457,9.56071047465024,2.8952632249766856,2.9491790939120497,3.152138229311233
05/17/2023 16:15:10.232120,198,True,True,True,True,Eyes,1.080479,-0.2562659,-3.485158,-0.5699533,0.4462234,0.689955,0.0,0.0,0.0,0.0,0.0,0.0,0.0,0.6052054,-0.9637,3.48885,1.07134,-0.2627571,-3.500036,-0.1688253,-0.2308742,0.0101804,0.958171,341.4081,331.9384,5.902176,0.2952404,-0.07005349,-0.9528506,0,0,0,0.4799919,0.2231696,-2.692384,-0.126268,0.1584706,1.094104,0.8931869,0.09746394,0.4389964,0.05844568,0.9427887,-0.3282278,-0.4458712,0.3188262,0.8363903,moving,-9.488215938958538,9.386515509743617,-6.583248570840281,8.241438051130553,-0.5913480999999999,0.48592670000000004,0.807652,-0.16269638468097836,0.1609207364369984,0.9734651467360111,-9.61547817011169,9.611409424646725,3.065072129251644,3.1225050514059487,3.3273469772404916
05/17/2023 16:15:10.247681,199,True,True,True,True,Eyes,1.080448,-0.2562977,-3.485162,-0.5699102,0.4459448,0.6901707,0.0,0.0,0.0,0.0,0.0,0.0,0.0,0.6035201,-0.9589321,3.490412,1.071326,-0.262865,-3.49999,-0.1681906,-0.2306375,0.01031419,0.9583381,341.4816,331.9751,5.892769,0.2952555,-0.07005417,-0.9528459,0,0,0,0.4839837,0.2201771,-2.692536,-0.1235678,0.1575166,1.090964,0.8934,0.09735107,0.4385878,0.05781312,0.9432111,-0.3271245,-0.4455268,0.3176092,0.8370366,moving,-9.51023441877991,9.444709561452346,-6.462054195690338,8.215757822495917,-0.5873423,0.48304210000000003,0.8074539999999999,-0.1630440091494076,0.1618999643342081,0.9732445984841841,-9.63791747100678,9.670390191051569,3.225787293910601,3.286597792416716,3.493145125979381
05/17/2023 16:15:10.267168,200,True,True,True,True,Eyes,1.080423,-0.2563245,-3.485159,-0.5695857,0.445551,0.6906927,0.0,0.0,0.0,0.0,0.0,0.0,0.0,0.6022031,-0.9561671,3.491579,1.071541,-0.2628421,-3.500106,-0.1678095,-0.230482,0.0104901,0.9584404,341.5284,331.9971,5.897916,0.2952682,-0.07005566,-0.9528419,0,0,0,0.4879314,0.2172177,-2.692686,-0.1208081,0.1558802,1.08816,0.893536,0.0974624,0.4382858,0.05724584,0.9434599,-0.3265064,-0.4453272,0.3168352,0.8374361,moving,-9.496410413124044,9.46419121023304,-6.335065075147009,8.152226056672276,-0.5836096000000001,0.48005980000000004,0.80742,-0.16280003688310152,0.16223749870425427,0.9732292181617999,-9.624228728433865,9.690055895790639,3.359451579777589,3.4227703560284106,3.6309114767763404
05/17/2023 16:15:10.277313,201,True,True,True,True,Eyes,1.080403,-0.2563542,-3.485152,-0.5692368,0.4451717,0.6912248,0.0,0.0,0.0,0.0,0.0,0.0,0.0,0.5985699,-0.9560127,3.492093,1.071637,-0.2627242,-3.499933,-0.1677776,-0.2299955,0.0102881,0.9585651,341.5233,332.0607,5.863924,0.2952791,-0.07005775,-0.9528384,0,0,0,0.4921586,0.2140487,-2.692847,-0.1187668,0.1531179,1.084871,0.8939925,0.09689981,0.437479,0.05745256,0.9434897,-0.3263839,-0.4443835,0.3169191,0.8379055,moving,-9.528527868072173,9.433804029765348,-6.247604693290419,8.03362086320176,-0.5794784,0.47677290000000005,0.807086,-0.16336000846258036,0.1617061573741233,0.9732238834885685,-9.656137998479979,9.65942112469043,3.5016387979789036,3.567207560368196,3.776417056264191
05/17/2023 16:15:10.297192,202,True,True,True,True,Eyes,1.08037,-0.2563879,-3.485158,-0.5685875,0.4447029,0.6920604,0.0,0.0,0.0,0.0,0.0,0.0,0.0,0.5953756,-0.954248,3.493084,1.071753,-0.2628049,-3.499854,-0.1675292,-0.2295379,0.009878729,0.9587225,341.537,332.1279,5.799743,0.2952884,-0.07006046,-0.9528354,0,0,0,0.4960024,0.2111672,-2.692993,-0.1170879,0.1510545,1.081959,0.8944296,0.09585051,0.4368162,0.05796668,0.9436727,-0.3257632,-0.4434361,0.316693,0.8384927,moving,-9.54387826389894,9.407218938990104,-6.176422752702836,7.947807900715118,-0.5757505999999999,0.4739721,0.806861,-0.16363318861889994,0.16124715933660383,0.973254100870429,-9.671302880270352,9.632571717009725,3.603097905701194,3.670100434391937,3.8797701249896113
05/17/2023 16:15:10.317069,203,True,True,True,True,Eyes,1.08034,-0.2564185,-3.485162,-0.5679389,0.444264,0.6928743,0.0,0.0,0.0,0.0,0.0,0.0,0.0,0.5916622,-0.9527117,3.494251,1.071796,-0.2628598,-3.499953,-0.1673175,-0.2290124,0.009699923,0.958887,341.5526,332.1987,5.762019,0.2952958,-0.07006382,-0.9528328,0,0,0,0.5002738,0.207965,-2.693156,-0.1149035,0.14874,1.078846,0.8949184,0.09523782,0.4359481,0.05803331,0.9438215,-0.3253199,-0.44244,0.3164343,0.8391163,moving,-9.55857476543757,9.38959427735215,-6.0794222533204225,7.8498555882446865,-0.5715222,0.4708248,0.806797,-0.1638911194941916,0.16094077514282076,0.9732613519898283,-9.685877592242251,9.614788739379671,3.7356327150072635,3.8046415643665337,4.015159914575387
05/17/2023 16:15:10.327733,204,True,True,True,True,Eyes,1.080313,-0.2564467,-3.485164,-0.567075,0.4437565,0.6939065,0.0,0.0,0.0,0.0,0.0,0.0,0.0,0.5891166,-0.9534308,3.494435,1.071824,-0.2628135,-3.499898,-0.1674145,-0.2286694,0.009595111,0.958953,341.5367,332.241,5.74615,0.2953018,-0.07006769,-0.9528307,0,0,0,0.5039771,0.2051889,-2.693297,-0.1127554,0.1461278,1.07611,0.8952364,0.09496766,0.4353537,0.05816262,0.9437606,-0.3254735,-0.4417791,0.316697,0.8393654,moving,-9.529833141886389,9.331672212241356,-5.981656342082668,7.733044196181268,-0.5678469000000002,0.4680024,0.8066010000000001,-0.1634290426601382,0.15996924173820193,0.9734993104118743,-9.656715305971522,9.55605809320786,3.8220612184751293,3.8916796035128054,4.1023698098552615
05/17/2023 16:15:10.350862,205,True,True,True,True,Eyes,1.080297,-0.2564775,-3.485156,-0.5661911,0.443266,0.6949409,0.0,0.0,0.0,0.0,0.0,0.0,0.0,0.5870078,-0.954475,3.494467,1.072003,-0.2627439,-3.49981,-0.167537,-0.2283854,0.00924484,0.9590027,341.5115,332.2801,5.703887,0.2953064,-0.07007195,-0.9528289,0,0,0,0.508235,0.2019968,-2.693459,-0.1103341,0.1429102,1.073044,0.8955094,0.09425763,0.4349467,0.05879433,0.9436918,-0.3255596,-0.4411421,0.317114,0.839543,moving,-9.501881757234132,9.260579205111911,-5.87071876105088,7.586126725487147,-0.563768,0.4647407,0.8063510000000003,-0.16298597479437654,0.15877297642485985,0.973769314029528,-9.628249544667092,9.48400005459827,3.9282873260356115,3.998641745814703,4.209627152513011
05/17/2023 16:15:10.367014,206,True,True,True,True,Eyes,1.080275,-0.2565096,-3.485148,-0.5650945,0.4426711,0.6962115,0.0,0.0,0.0,0.0,0.0,0.0,0.0,0.5814419,-0.9525532,3.495735,1.072206,-0.2628227,-3.499556,-0.1672839,-0.2276355,0.008918645,0.9592281,341.5265,332.3816,5.643407,0.2953102,-0.07007664,-0.9528275,0,0,0,0.5120521,0.1991353,-2.693604,-0.1093645,0.1410288,1.069994,0.8962051,0.09326956,0.4337249,0.05904951,0.9438731,-0.3249873,-0.4396927,0.3168665,0.8403963,moving,-9.512903381029368,9.227003129386544,-5.835957384457315,7.508496118244117,-0.5601539,0.461958,0.805952,-0.16318856964634254,0.15819693670788382,0.9738291274092866,-9.639034654165956,9.450058851887603,3.987765181451796,4.058718789107337,4.270019036028726
05/17/2023 16:15:10.376990,207,True,True,True,True,Eyes,1.080255,-0.2565423,-3.485139,-0.5639868,0.4420976,0.697473,0.0,0.0,0.0,0.0,0.0,0.0,0.0,0.5746524,-0.950515,3.497321,1.072303,-0.2628141,-3.499436,-0.1670051,-0.2267054,0.008651501,0.9594994,341.545,332.5044,5.585415,0.2953131,-0.07008177,-0.9528261,0,0,0,0.5164335,0.1958507,-2.693771,-0.1081279,0.1387863,1.06654,0.8970596,0.09232412,0.4321576,0.05911969,0.944069,-0.3244053,-0.4379371,0.3165598,0.841428,moving,-9.542035297671388,9.202318197597892,-5.788978043096889,7.414101952755845,-0.5558695,0.4586648,0.8056650000000003,-0.16369517645356763,0.15776394472805713,0.9738143617644369,-9.667998258228378,9.425184171635534,4.085007674716462,4.157301539993373,4.36935344421721
05/17/2023 16:15:10.396900,208,True,True,True,True,Eyes,1.080219,-0.2565796,-3.485135,-0.5627246,0.441458,0.6988962,0.0,0.0,0.0,0.0,0.0,0.0,0.0,0.5692602,-0.9489222,3.498575,1.072309,-0.262846,-3.499372,-0.1667858,-0.2259484,0.00835271,0.9597188,341.557,332.6057,5.529091,0.2953153,-0.0700873,-0.9528251,0,0,0,0.520331,0.1929289,-2.693919,-0.1068061,0.1367074,1.063517,0.8977551,0.09140246,0.4309076,0.05933746,0.9442254,-0.3239095,-0.43648,0.3163604,0.8422596,moving,-9.539991288392226,9.161239204902675,-5.734830019443393,7.324790221807075,-0.551978,0.4557749,0.805453,-0.16367887530991257,0.15706614981695693,0.9739299204473384,-9.665660769037338,9.383600352374586,4.152350758036199,4.2251387137254035,4.437356142533604
05/17/2023 16:15:10.417572,209,True,True,True,True,Eyes,1.080163,-0.2566229,-3.485139,-0.5613326,0.4407445,0.7004642,0.0,0.0,0.0,0.0,0.0,0.0,0.0,0.5653774,-0.9482872,3.499304,1.07231,-0.2629183,-3.499294,-0.166719,-0.2254229,0.008322214,0.9598542,341.5607,332.6715,5.513096,0.2953164,-0.07009332,-0.9528244,0,0,0,0.52421,0.190021,-2.694067,-0.1048143,0.1345207,1.060601,0.8982304,0.09114081,0.4299714,0.05918836,0.944271,-0.3238039,-0.4355213,0.3162999,0.8427785,moving,-9.490215122067282,9.105779778088417,-5.643951161187011,7.228479733525767,-0.5481000000000001,0.4529393,0.8052269999999999,-0.1628567939489874,0.15614489611456722,0.9742158557869391,-9.615475928483324,9.327283437831131,4.207309365518273,4.279953494383007,4.491991314156111
05/17/2023 16:15:10.427375,210,True,True,True,True,Eyes,1.080114,-0.2566677,-3.485137,-0.5599707,0.4400361,0.7019979,0.0,0.0,0.0,0.0,0.0,0.0,0.0,0.5632043,-0.9478634,3.499762,1.072393,-0.2629901,-3.499255,-0.1666637,-0.2251227,0.0081312,0.9599359,341.56,332.7125,5.483365,0.295316,-0.07009994,-0.9528241,0,0,0,0.5284218,0.1868635,-2.694227,-0.1022262,0.1319413,1.057584,0.8985073,0.09065041,0.4294963,0.05942869,0.9443142,-0.3236339,-0.434917,0.3163119,0.843086,moving,-9.42306462050735,9.04050240484284,-5.521064986570603,7.111322888430604,-0.5439711999999999,0.44985359999999996,0.8050279999999996,-0.16174278184499516,0.15506365055861868,0.9745740313401478,-9.547842136839254,9.26096473524761,4.2803680606311385,4.352853632938634,4.564635175730098
05/17/2023 16:15:10.446954,211,True,True,True,True,Eyes,1.080074,-0.2567118,-3.485127,-0.5586362,0.4393286,0.7035027,0.0,0.0,0.0,0.0,0.0,0.0,0.0,0.5607166,-0.9446806,3.500896,1.07251,-0.2630681,-3.499088,-0.166242,-0.2247953,0.008106459,0.9600859,341.6049,332.7593,5.461078,0.2953143,-0.07010715,-0.9528241,0,0,0,0.5328354,0.1835548,-2.694395,-0.0995554,0.1301416,1.054231,0.8988027,0.09030663,0.4289504,0.05917504,0.9445958,-0.3228578,-0.4343409,0.3155686,0.8436614,moving,-9.359117860108666,9.023331897557219,-5.394679502159678,7.037385346401924,-0.5396746000000001,0.44662290000000004,0.8046929999999999,-0.1606617249762507,0.15479928058798884,0.9747948832922682,-9.483755989986648,9.243347123082101,4.361062377902965,4.434045015335645,4.646161198610452
05/17/2023 16:15:10.467193,212,True,True,True,True,Eyes,1.080026,-0.2567518,-3.485122,-0.5571904,0.4385176,0.7051533,0.0,0.0,0.0,0.0,0.0,0.0,0.0,0.5572588,-0.9415985,3.502106,1.072655,-0.2630874,-3.49887,-0.1658363,-0.224351,0.008158723,0.9602597,341.6494,332.8188,5.445924,0.2953118,-0.07011488,-0.9528242,0,0,0,0.5362971,0.1809597,-2.694527,-0.09790233,0.1289358,1.051483,0.8992001,0.09008005,0.4281644,0.05874209,0.9448635,-0.3221526,-0.4335764,0.314831,0.84433,moving,-9.29633729611969,9.00074236795889,-5.319405424846203,6.990869814859503,-0.5363578999999999,0.44404710000000003,0.8043430000000003,-0.1596025507419384,0.15444182051513125,0.9750255144022896,-9.420797704925771,9.220249266281707,4.383283450395313,4.455959468897028,4.668142175803973
05/17/2023 16:15:10.477468,213,True,True,True,True,Eyes,1.07999,-0.2567929,-3.485102,-0.5557454,0.4377338,0.7067786,0.0,0.0,0.0,0.0,0.0,0.0,0.0,0.5534159,-0.9393016,3.503316,1.072853,-0.2629362,-3.498805,-0.1655001,-0.223842,0.008041858,0.9604374,341.6812,332.8881,5.412126,0.2953084,-0.07012296,-0.9528247,0,0,0,0.5404332,0.177859,-2.694685,-0.09591946,0.1268391,1.048376,0.8996602,0.08953912,0.4273105,0.05864432,0.9450901,-0.321505,-0.4326342,0.3143046,0.845009,moving,-9.246803305709602,8.966131912844144,-5.227629846466412,6.898473728251935,-0.5324198000000001,0.4407952,0.8041199999999997,-0.15877378133390013,0.15387362460600976,0.9752505384326144,-9.371003780536581,9.185034564148491,4.447003517645766,4.519841331705796,4.732431511790537
05/17/2023 16:15:10.497166,214,True,True,True,True,Eyes,1.079926,-0.2568414,-3.485086,-0.5541549,0.4368343,0.7085817,0.0,0.0,0.0,0.0,0.0,0.0,0.0,0.5470141,-0.9378709,3.504372,1.073056,-0.2629967,-3.498405,-0.1653352,-0.2230114,0.007946743,0.9606598,341.6925,332.9937,5.379786,0.2953046,-0.07013141,-0.9528253,0,0,0,0.5444552,0.1748439,-2.694838,-0.09478483,0.1248273,1.045121,0.9004055,0.08901149,0.4258485,0.05847503,0.9452022,-0.3212061,-0.4311039,0.3141173,0.8458604,moving,-9.21944703350124,8.90780768452114,-5.182131174636554,6.811035637473082,-0.5286008,0.4378406,0.8035670000000001,-0.1583325458956595,0.15289176573179894,0.9754767025957115,-9.343224344773626,9.12590207142246,4.476959207339178,4.549326583300258,4.761649186740546
05/17/2023 16:15:10.517446,215,True,True,True,True,Eyes,1.07987,-0.25689,-3.485063,-0.5525472,0.4359356,0.7103885,0.0,0.0,0.0,0.0,0.0,0.0,0.0,0.5391133,-0.9329137,3.506661,1.073238,-0.2630694,-3.498085,-0.1646809,-0.2219564,0.007839502,0.9610173,341.7573,333.1342,5.326887,0.2952997,-0.07014039,-0.9528262,0,0,0,0.5483519,0.1719227,-2.694986,-0.09421605,0.1238889,1.041857,0.9013478,0.08817174,0.4240259,0.05803615,0.9456375,-0.3200023,-0.4291899,0.3130423,0.8472311,moving,-9.221984808730786,8.905025586618796,-5.167253110964053,6.78129097095649,-0.5248860999999999,0.4349921,0.803099,-0.15837696881875332,0.15284331176419252,0.9754771828721507,-9.34574295293708,9.123095798305343,4.504511362700429,4.5772369240226825,4.789971524849199
05/17/2023 16:15:10.527197,216,True,True,True,True,Eyes,1.079787,-0.2569455,-3.48505,-0.5508367,0.434921,0.712336,0.0,0.0,0.0,0.0,0.0,0.0,0.0,0.529989,-0.9280639,3.509158,1.073327,-0.2631008,-3.497875,-0.1640363,-0.2207206,0.007741847,0.9614128,341.8205,333.2962,5.272067,0.295294,-0.07014988,-0.9528273,0,0,0,0.552606,0.1687335,-2.695148,-0.09357914,0.1226541,1.038364,0.902445,0.08729857,0.4218673,0.05752613,0.9460644,-0.3188307,-0.426947,0.3119956,0.8487491,moving,-9.236025570877736,8.894678100387567,-5.149681960038653,6.736701401124219,-0.5207209999999999,0.4318343,0.802727,-0.158620520391521,0.1526610832308838,0.9754660667503438,-9.359713646048538,9.112675617721377,4.547928112222078,4.62115435150233,4.8342135115385325
05/17/2023 16:15:10.547235,217,True,True,True,True,Eyes,1.079714,-0.257,-3.485027,-0.549137,0.4339002,0.7142683,0.0,0.0,0.0,0.0,0.0,0.0,0.0,0.5223996,-0.9214524,3.511949,1.073424,-0.2631713,-3.497751,-0.1631501,-0.2196891,0.007735213,0.9617999,341.9145,333.435,5.22477,0.2952869,-0.07015999,-0.9528288,0,0,0,0.5563647,0.1659158,-2.695291,-0.09285471,0.1222535,1.035297,0.9033537,0.08656405,0.42007,0.05680514,0.9466444,-0.3172341,-0.425118,0.3104367,0.8502375,moving,-9.227170692669967,8.912304651002453,-5.125085913737203,6.734609940766559,-0.5170592999999999,0.4290871,0.80246,-0.15846223385011682,0.152965115862712,0.9754442200793789,-9.350982118539926,9.13048236672472,4.570612725311686,4.6442926032433896,4.85781879193046
05/17/2023 16:15:10.567147,218,True,True,True,True,Eyes,1.07961,-0.2570641,-3.485013,-0.547358,0.4327799,0.7163104,0.0,0.0,0.0,0.0,0.0,0.0,0.0,0.5160593,-0.9156343,3.514185,1.073591,-0.2631816,-3.497476,-0.1623576,-0.2188342,0.007573276,0.9621301,341.9948,333.5534,5.165977,0.2952788,-0.07017066,-0.9528305,0,0,0,0.5605,0.1628157,-2.695448,-0.09165418,0.121281,1.031928,0.9041085,0.08563174,0.4186347,0.05648583,0.9471653,-0.3157328,-0.4235531,0.3091036,0.8515032,moving,-9.19624171933578,8.903808551197116,-5.075600015594196,6.703139272682528,-0.513091,0.4259973,0.802028,-0.157938892083664,0.1528334309521357,0.9755496193976776,-9.319984364445634,9.121767701708272,4.59775434238093,4.671470145897571,4.885136843371595
05/17/2023 16:15:10.576734,219,True,True,True,True,Eyes,1.07952,-0.2571262,-3.484986,-0.5455679,0.4316441,0.7183586,0.0,0.0,0.0,0.0,0.0,0.0,0.0,0.5087082,-0.9088731,3.516805,1.073823,-0.2632963,-3.497189,-0.1614422,-0.2178389,0.007303362,0.962512,342.0854,333.6924,5.088607,0.295269,-0.0701821,-0.9528326,0,0,0,0.5646544,0.1597013,-2.695606,-0.09084213,0.1205817,1.028553,0.9049858,0.08439591,0.4169869,0.05627763,0.9477662,-0.313962,-0.4217032,0.3075981,0.8529653,moving,-9.185534547644151,8.904931558708146,-5.047285017157616,6.686509707358602,-0.5091686,0.4229976,0.8015829999999999,-0.15775601740381526,0.15285709496725663,0.9755756189349125,-9.309282364306588,9.122864234379923,4.621428777023456,4.695370559084465,4.909220382957171
05/17/2023 16:15:10.617022,220,True,True,True,True,Eyes,1.079413,-0.257195,-3.484962,-0.5436726,0.4304218,0.7205256,0.0,0.0,0.0,0.0,0.0,0.0,0.0,0.5003364,-0.9007592,3.519832,1.074034,-0.2632781,-3.496864,-0.1603088,-0.2166845,0.006815901,0.9629654,342.1943,333.8572,4.97698,0.2952581,-0.07019418,-0.9528351,0,0,0,0.5685224,0.1568016,-2.695754,-0.09072819,0.120262,1.025228,0.9060028,0.0825998,0.415134,0.05634589,0.9485093,-0.3116974,-0.4195046,0.3057898,0.8546979,moving,-9.194335235439887,8.915845266815076,-5.057251216810242,6.690374389371986,-0.5055116,0.42007970000000006,0.80111,-0.15790135236580485,0.15303931366463433,0.9755234971826501,-9.318163210466654,9.133942963214047,4.6234899498497715,4.697678661163206,4.911863026668556
05/17/2023 16:15:10.626860,221,True,True,True,True,Eyes,1.079284,-0.2572682,-3.484941,-0.541679,0.4291465,0.7227843,0.0,0.0,0.0,0.0,0.0,0.0,0.0,0.4896863,-0.8922589,3.523299,1.074125,-0.2633814,-3.496633,-0.1591431,-0.2152053,0.006368581,0.9634935,342.3065,334.0609,4.863345,0.2952458,-0.07020703,-0.9528381,0,0,0,0.5724091,0.1538879,-2.695902,-0.09106201,0.1201383,1.021899,0.9072922,0.08076908,0.4126708,0.05622473,0.9492658,-0.3094078,-0.4167249,0.3039256,0.8567203,moving,-9.231468169731997,8.931090937321416,-5.092209859849051,6.705129867648639,-0.5017159,0.41726929999999995,0.8007310000000003,-0.15852748458579838,0.1532833102466789,0.9753836502938013,-9.35541470103671,9.149512104196521,4.625187349111542,4.699825745666939,4.914256814237196
05/17/2023 16:15:10.647143,222,True,True,True,True,Eyes,1.079166,-0.2573412,-3.484913,-0.5396918,0.4278832,0.7250164,0.0,0.0,0.0,0.0,0.0,0.0,0.0,0.4815431,-0.8857918,3.525825,1.074229,-0.2634357,-3.496368,-0.1582727,-0.2141023,0.006242845,0.9638833,342.3958,334.2089,4.802941,0.2952316,-0.07022069,-0.9528415,0,0,0,0.5805044,0.1478191,-2.69621,-0.08692476,0.1168219,1.015846,0.9082424,0.07980783,0.4107631,0.05573834,0.9498216,-0.307786,-0.4147154,0.3024395,0.85822,moving,-9.21282197212599,8.924634680610135,-4.890819489583378,6.56017469088808,-0.49372460000000007,0.41125480000000003,0.8001579999999997,-0.15821258781657113,0.1531812396368757,0.9754508378068747,-9.33671752315567,9.142907932958547,4.849617043600845,4.9264973867953,5.14164568252401
05/17/2023 16:15:10.666998,223,True,True,True,True,Eyes,1.07902,-0.2574248,-3.484889,-0.5376545,0.4265524,0.7273105,0.0,0.0,0.0,0.0,0.0,0.0,0.0,0.4743657,-0.8804283,3.527958,1.074353,-0.2634797,-3.496142,-0.1575292,-0.2131134,0.005857229,0.9642267,342.4648,334.3456,4.718541,0.295216,-0.0702351,-0.9528452,0,0,0,0.5845316,0.1448001,-2.696363,-0.08605376,0.1156734,1.012659,0.9090968,0.07843854,0.4091337,0.05584775,0.9503005,-0.3062842,-0.4128245,0.3012912,0.8595345,moving,-9.185019537149921,8.887627002460938,-4.857212771372754,6.516503384466306,-0.48982139999999985,0.40827979999999997,0.799779,-0.15775450197428523,0.15256246762009373,0.9756218966929622,-9.30864381685717,9.10534831442083,4.85848185541178,4.934788608817867,5.149500599480859
05/17/2023 16:15:10.676915,224,True,True,True,True,Eyes,1.078888,-0.25751,-3.48485,-0.5356267,0.425198,0.7295963,0.0,0.0,0.0,0.0,0.0,0.0,0.0,0.4658809,-0.8744542,3.530305,1.074499,-0.2636847,-3.49581,-0.1567618,-0.2119864,0.005878471,0.9646001,342.5464,334.4922,4.678145,0.2951985,-0.07025047,-0.9528495,0,0,0,0.5885905,0.1417573,-2.696518,-0.08524948,0.1149848,1.009391,0.9100545,0.07780347,0.4071211,0.05512197,0.9507824,-0.3049171,-0.4108072,0.2999325,0.8609751,moving,-9.159894110178657,8.870405962373745,-4.8275361122503355,6.498835718125795,-0.4859085000000001,0.40544199999999997,0.7992919999999999,-0.1573336155935572,0.15227959269891955,0.9757341446225449,-9.283388928283744,9.087824828480144,4.863047351833887,4.93899496310897,5.153395864057627
05/17/2023 16:15:10.697225,225,True,True,True,True,Eyes,1.078753,-0.2575913,-3.484807,-0.5336275,0.4237533,0.7318981,0.0,0.0,0.0,0.0,0.0,0.0,0.0,0.4570215,-0.8660181,3.533225,1.074667,-0.2637824,-3.495432,-0.1556527,-0.2108186,0.006044107,0.9650344,342.6702,334.6457,4.644329,0.2951798,-0.07026676,-0.9528541,0,0,0,0.5926178,0.1387381,-2.696671,-0.08454394,0.1149741,1.006005,0.9110379,0.07729451,0.4050128,0.05396343,0.9514714,-0.3029688,-0.408776,0.297872,0.8626555,moving,-9.139255955755743,8.891666604986861,-4.8038083851621565,6.519919812530679,-0.48204920000000007,0.40252049999999995,0.7987610000000003,-0.15697304841852694,0.1526505096550552,0.9757342265048391,-9.262896917805671,9.109265559406582,4.8656870520662014,4.941790008174368,5.156372944116554
05/17/2023 16:15:10.716716,226,True,True,True,True,Eyes,1.078631,-0.2576672,-3.484752,-0.5316141,0.4223555,0.7341679,0.0,0.0,0.0,0.0,0.0,0.0,0.0,0.4490336,-0.857784,3.535995,1.074853,-0.2636783,-3.495118,-0.1545312,-0.2097607,0.006099257,0.9654447,342.7931,334.7876,4.599803,0.2951598,-0.07028379,-0.952859,0,0,0,0.5966318,0.1357291,-2.696824,-0.08368117,0.1146915,1.002666,0.9119264,0.07660615,0.4031397,0.05305218,0.9521658,-0.3009415,-0.4069098,0.295824,0.8642411,moving,-9.10998390513637,8.911907890648987,-4.770773306582623,6.525504403596005,-0.4782212,0.39940739999999997,0.7982940000000003,-0.15646580417741676,0.1530076916712525,0.9757598697948275,-9.233761454557202,9.129642287830288,4.875831352932754,4.952137944526565,5.167184661792703
05/17/2023 16:15:10.727094,227,True,True,True,True,Eyes,1.07849,-0.2577446,-3.484695,-0.5295361,0.42092,0.7364904,0.0,0.0,0.0,0.0,0.0,0.0,0.0,0.4401797,-0.8550062,3.537491,1.075024,-0.2636128,-3.494778,-0.1541237,-0.2085544,0.005521904,0.9657747,342.8188,334.9486,4.499654,0.2951391,-0.07030136,-0.9528641,0,0,0,0.6008675,0.1325537,-2.696985,-0.08316785,0.1125584,0.9993292,0.9129491,0.07495216,0.4011309,0.05362051,0.9524308,-0.3000007,-0.4045352,0.2953942,0.8655019,moving,-9.107659287946234,8.826643845967862,-4.757402087253818,6.4263657420572615,-0.4741565,0.3961665,0.797793,-0.15646163247114048,0.1515555594614033,0.9759871448211687,-9.230828195116116,9.043337596177132,4.893132560945307,4.9685080948197,5.182671398782642
05/17/2023 16:15:10.747082,228,True,True,True,True,Eyes,1.078356,-0.2578263,-3.484629,-0.5274657,0.4195059,0.7387792,0.0,0.0,0.0,0.0,0.0,0.0,0.0,0.4308484,-0.8477119,3.540024,1.075067,-0.26362,-3.494388,-0.1531086,-0.2072639,0.00503194,0.9662164,342.9152,335.1259,4.391472,0.2951173,-0.07031946,-0.9528695,0,0,0,0.6048542,0.129565,-2.697137,-0.08292291,0.1119124,0.9959437,0.9140328,0.07319165,0.3989827,0.05374388,0.9530649,-0.2979579,-0.4020644,0.2937862,0.8671988,moving,-9.118795641199137,8.81445308543757,-4.759505376592303,6.411329368136039,-0.4702128,0.393185,0.7972509999999997,-0.15665646486813226,0.15134314324423737,0.9759887172359698,-9.241880565276091,9.031040963812996,4.902416565853617,4.977792202548541,5.191779673354055
05/17/2023 16:15:10.767112,229,True,True,True,True,Eyes,1.078228,-0.257915,-3.48456,-0.5254366,0.4180268,0.74106,0.0,0.0,0.0,0.0,0.0,0.0,0.0,0.4229398,-0.8431421,3.541812,1.075086,-0.2637896,-3.49411,-0.1525172,-0.2061918,0.004915578,0.96654,342.9743,335.265,4.342372,0.2950949,-0.07033817,-0.9528751,0,0,0,0.6088465,0.1265721,-2.697289,-0.08190465,0.1107476,0.9928302,0.9149216,0.07239779,0.3970857,0.05339338,0.9534286,-0.2968551,-0.4000845,0.2928008,0.8684469,moving,-9.091107458191711,8.765292319273943,-4.716001041735198,6.3648816615528006,-0.46623950000000003,0.39036170000000003,0.796821,-0.1562047385487646,0.1505165733286311,0.9761889113005324,-9.213834476337716,8.981181596334418,4.915708497552917,4.990343423154383,5.203415316325095
05/17/2023 16:15:10.777418,230,True,True,True,True,Eyes,1.07811,-0.2580034,-3.484481,-0.523442,0.41653,0.743311,0.0,0.0,0.0,0.0,0.0,0.0,0.0,0.4173365,-0.8346285,3.544384,1.075231,-0.2639942,-3.49394,-0.1513832,-0.2054395,0.004939986,0.9668782,343.0996,335.3695,4.300744,0.295072,-0.07035762,-0.9528807,0,0,0,0.6129213,0.1235174,-2.697444,-0.08022541,0.1106105,0.9897632,0.9155405,0.07175291,0.3957742,0.05264746,0.9541174,-0.294768,-0.3987656,0.2907085,0.8697554,moving,-9.030231446575407,8.777896861436663,-4.633987694226326,6.376603567237262,-0.46230970000000005,0.3875116,0.7964959999999999,-0.15516173153897936,0.15075641256578165,0.9763182637445239,-9.153032220658229,8.993710890986689,4.934784306471272,5.0093081972299665,5.222165659560891
05/17/2023 16:15:10.796876,231,True,True,True,True,Eyes,1.07798,-0.258096,-3.484405,-0.5214601,0.4149822,0.7455664,0.0,0.0,0.0,0.0,0.0,0.0,0.0,0.4120971,-0.8263358,3.546652,1.075301,-0.2640483,-3.493623,-0.1502606,-0.2047326,0.004904797,0.9672034,343.2224,335.4691,4.253628,0.295049,-0.07037774,-0.9528864,0,0,0,0.6168817,0.1205484,-2.697595,-0.07857284,0.1103793,0.9865935,0.9161209,0.07101436,0.3945622,0.05203861,0.9547954,-0.2926734,-0.3975102,0.2886567,0.8710126,moving,-8.966846805705412,8.783604802536066,-4.553456160239953,6.383660125980505,-0.4584193000000001,0.3845967,0.7960279999999997,-0.15407864457371054,0.15087956732442617,0.9764708118874481,-9.08967149074905,8.999250727851408,4.949451631244926,5.0237188854482495,5.2362738394149275
05/17/2023 16:15:10.817092,232,True,True,True,True,Eyes,1.07786,-0.2581916,-3.484321,-0.5195059,0.4134193,0.7477955,0.0,0.0,0.0,0.0,0.0,0.0,0.0,0.4070611,-0.8179266,3.549014,1.075441,-0.264154,-3.493401,-0.1491216,-0.2040548,0.004845466,0.9675232,343.3467,335.5656,4.204069,0.2950255,-0.07039859,-0.9528921,0,0,0,0.6209928,0.1174665,-2.697751,-0.07676256,0.1100704,0.9834677,0.9166763,0.07023418,0.3934104,0.05148177,0.9554785,-0.2905347,-0.3963006,0.2865798,0.8722488,moving,-8.903280457715447,8.789611081437629,-4.463056198065344,6.386008387354506,-0.4544482000000001,0.38162050000000003,0.7956500000000002,-0.15299217505104523,0.1510077164436804,0.9766217648174574,-9.026131133055475,9.00509183333815,4.974935591549106,5.049049156721387,5.26129745969193
05/17/2023 16:15:10.827313,233,True,True,True,True,Eyes,1.077756,-0.2582874,-3.484232,-0.5175785,0.4118196,0.7500113,0.0,0.0,0.0,0.0,0.0,0.0,0.0,0.4013715,-0.8094716,3.551371,1.07555,-0.2642991,-3.493124,-0.1479843,-0.2032867,0.004768531,0.9678599,343.47,335.6731,4.151201,0.295002,-0.07042018,-0.9528978,0,0,0,0.6250455,0.1144283,-2.697905,-0.07516575,0.1098386,0.9803305,0.9173036,0.06939701,0.3920948,0.05093593,0.9561558,-0.2883947,-0.3949174,0.2845173,0.8735503,moving,-8.852373291502847,8.793881255662004,-4.384511540581323,6.392895586528287,-0.4505045,0.3787274,0.7952189999999999,-0.15212218124288854,0.15110102024577018,0.9767431394121453,-8.975240930689502,9.009223193172181,4.998146857034072,5.072131781483308,5.283934753428546
05/17/2023 16:15:10.847156,234,True,True,True,True,Eyes,1.077663,-0.2583813,-3.484139,-0.5156654,0.4102283,0.752198,0.0,0.0,0.0,0.0,0.0,0.0,0.0,0.3956352,-0.8024364,3.553524,1.075732,-0.2643668,-3.492975,-0.1470207,-0.2025138,0.004609398,0.9681695,343.5717,335.7802,4.093666,0.2949789,-0.07044243,-0.9529033,0,0,0,0.6292234,0.1112963,-2.698064,-0.07350776,0.1090232,0.9772859,0.9179338,0.06847276,0.3907799,0.05062205,0.9567274,-0.2865487,-0.3934906,0.2828149,0.8747463,moving,-8.804564058793526,8.776942049185598,-4.301472837612192,6.3654332718969835,-0.4465085999999999,0.3756631,0.7949109999999999,-0.1513134178596065,0.15083119134612924,0.9769104848320554,-8.927298236382892,8.991900068367482,5.034408862928885,5.108150852238061,5.319453773920224
05/17/2023 16:15:10.867273,235,True,True,True,True,Eyes,1.077587,-0.2584715,-3.484034,-0.51375,0.4086693,0.7543543,0.0,0.0,0.0,0.0,0.0,0.0,0.0,0.3890212,-0.7961194,3.555525,1.075896,-0.2643985,-3.49277,-0.1461567,-0.201626,0.004453205,0.9684862,343.6618,335.8997,4.037357,0.2949565,-0.07046524,-0.9529085,0,0,0,0.6330814,0.1084041,-2.698211,-0.07232961,0.1082137,0.9743965,0.9186543,0.06756372,0.3892423,0.05031225,0.9572368,-0.2848973,-0.3918457,0.2813058,0.8759704,moving,-8.769269316573661,8.752718120347396,-4.245289070176997,6.33713778916383,-0.44281459999999995,0.3728026,0.794559,-0.15072089107093853,0.1504319404279212,0.9770637202786996,-8.891821400037918,8.967250884032298,5.055140779727026,5.128491552707104,5.339265640913678
05/17/2023 16:15:10.877153,236,True,True,True,True,Eyes,1.07752,-0.2585616,-3.483926,-0.5118231,0.4071295,0.7564937,0.0,0.0,0.0,0.0,0.0,0.0,0.0,0.3810668,-0.7929202,3.556841,1.076083,-0.2643865,-3.492448,-0.1457001,-0.2005556,0.004008019,0.9687791,343.6983,336.0411,3.955459,0.2949351,-0.07048845,-0.9529134,0,0,0,0.6373158,0.1052297,-2.698372,-0.07134399,0.1062303,0.9712439,0.9195228,0.06620772,0.3874203,0.05067619,0.9575108,-0.2839101,-0.3897561,0.2806948,0.8770978,moving,-8.760224097978499,8.675479443821109,-4.201190903834199,6.241943403722771,-0.4387671999999999,0.3696162,0.794076,-0.15059696383008822,0.1491175006698437,0.9772842775173907,-8.882222988353739,8.88904354262766,5.095246486892971,5.167870095481027,5.377657531090245
05/17/2023 16:15:10.896861,237,True,True,True,True,Eyes,1.077473,-0.2586452,-3.483809,-0.5098481,0.4056287,0.7586305,0.0,0.0,0.0,0.0,0.0,0.0,0.0,0.3719662,-0.7874604,3.558871,1.076232,-0.2644564,-3.492248,-0.1449566,-0.1993271,0.003757319,0.9691451,343.7714,336.2015,3.885953,0.294915,-0.07051204,-0.9529179,0,0,0,0.6411006,0.1023924,-2.698517,-0.07087496,0.1052434,0.9684154,0.9205092,0.06507033,0.3852645,0.05050478,0.957947,-0.2824658,-0.3874432,0.27947,0.8785126,moving,-8.762672593713264,8.641335683717198,-4.185816318777693,6.20232851094387,-0.43513140000000006,0.3668488,0.7937310000000002,-0.15065210423757971,0.14853382230432222,0.9773646248908374,-8.884428650239913,8.854495703962579,5.113830280601327,5.186170971946148,5.395456297765146
05/17/2023 16:15:10.917200,238,True,True,True,True,Eyes,1.077435,-0.2587309,-3.483689,-0.5078568,0.4041671,0.7607433,0.0,0.0,0.0,0.0,0.0,0.0,0.0,0.3623883,-0.7854766,3.560127,1.076351,-0.2643882,-3.492044,-0.1446782,-0.1980404,0.003505098,0.9694514,343.7918,336.3636,3.827539,0.2948966,-0.07053579,-0.9529219,0,0,0,0.6451075,0.09938858,-2.698669,-0.07025179,0.1031009,0.9654964,0.9215354,0.06410028,0.3829668,0.05050819,0.9581119,-0.2819053,-0.3849952,0.2791286,0.8796965,moving,-8.767200821585677,8.55912564278798,-4.161641672254401,6.09525332667616,-0.4312435000000001,0.36377678,0.7933749999999997,-0.15076135536777496,0.14712883173458413,0.9775602606098655,-8.888371829837517,8.77130762213435,5.1515666081535185,5.223202261840072,5.431688924712638
05/17/2023 16:15:10.927760,239,True,True,True,True,Eyes,1.077432,-0.2588175,-3.483555,-0.5058489,0.402661,0.7628768,0.0,0.0,0.0,0.0,0.0,0.0,0.0,0.3531057,-0.7819605,3.561684,1.076525,-0.2645116,-3.491828,-0.1441932,-0.1967837,0.003067932,0.9697809,343.8315,336.5272,3.743063,0.2948799,-0.07055973,-0.9529253,0,0,0,0.6492482,0.09628445,-2.698827,-0.06958869,0.1013433,0.962537,0.9225336,0.06270017,0.3807894,0.05079928,0.9583979,-0.280879,-0.3825589,0.2784641,0.880969,moving,-8.774932666025952,8.48945843844419,-4.135127460625996,6.01039629710601,-0.4272767999999999,0.36079605000000003,0.7930009999999998,-0.150920220646307,0.14593651202779465,0.9777144900162219,-8.895608918973299,8.700826170499367,5.189486908996483,5.260564745792297,5.468143800131435
05/17/2023 16:15:10.947306,240,True,True,True,True,Eyes,1.077439,-0.2589031,-3.483418,-0.5038019,0.4011728,0.7650125,0.0,0.0,0.0,0.0,0.0,0.0,0.0,0.3417253,-0.7741119,3.56437,1.076788,-0.2646271,-3.491598,-0.1431269,-0.1952588,0.0028084,0.9702479,343.9402,336.7263,3.659934,0.2948658,-0.07058389,-0.9529278,0,0,0,0.6533838,0.09318415,-2.698984,-0.06947929,0.1007801,0.9594545,0.9237322,0.06134325,0.378095,0.05044388,0.9590136,-0.2788337,-0.3797028,0.2766403,0.8827774,moving,-8.810260340739955,8.494273261312467,-4.141867429535048,5.996300673452123,-0.4234042000000001,0.35781125,0.7926140000000004,-0.1515214925346506,0.14600509337678594,0.9776112954890649,-8.930980288274403,8.705831464269886,5.22303417985364,5.294691626817366,5.502468453351839
05/17/2023 16:15:10.967350,241,True,True,True,True,Eyes,1.077488,-0.2589867,-3.483264,-0.5017027,0.3996618,0.7671798,0.0,0.0,0.0,0.0,0.0,0.0,0.0,0.3290846,-0.7685609,3.566623,1.076991,-0.2646693,-3.491393,-0.1423758,-0.1935642,0.002588163,0.9706984,344.0138,336.9417,3.586866,0.2948544,-0.07060822,-0.9529296,0,0,0,0.6571975,0.09032519,-2.699129,-0.06984392,0.09978727,0.9566051,0.9250524,0.06014236,0.375048,0.05009306,0.9594448,-0.2774099,-0.3765219,0.2754059,0.884524,moving,-8.857297423663729,8.465657932506895,-4.175885789728663,5.9552118532568885,-0.41979350000000004,0.35499449,0.7922639999999999,-0.1523354998301233,0.14549839772468692,0.9775602850185888,-8.977825774307334,8.67704581920612,5.240303257822312,5.312057454806406,5.519692722760056
05/17/2023 16:15:10.977431,242,True,True,True,True,Eyes,1.077543,-0.2590713,-3.48311,-0.4995669,0.3981683,0.7693471,0.0,0.0,0.0,0.0,0.0,0.0,0.0,0.316203,-0.7633417,3.568727,1.077206,-0.2647372,-3.491135,-0.1416756,-0.191842,0.002362737,0.9711433,344.0816,337.1595,3.514338,0.2948464,-0.07063264,-0.9529302,0,0,0,0.6614258,0.08715541,-2.69929,-0.06990716,0.09845568,0.9534883,0.9263821,0.05894774,0.3719426,0.04976952,0.9598449,-0.2760811,-0.3732815,0.274268,0.8862494,moving,-8.905186376374507,8.432533467519827,-4.193267400960144,5.895377230867275,-0.41578020000000016,0.35189261,0.7918449999999999,-0.1531657819826465,0.14491439958074148,0.977517315960545,-9.025491200720953,8.643699651743432,5.279588890602366,5.351573805905594,5.5591063112757055
05/17/2023 16:15:10.997110,243,True,True,True,True,Eyes,1.077626,-0.2591567,-3.482946,-0.4973883,0.3966368,0.7715467,0.0,0.0,0.0,0.0,0.0,0.0,0.0,0.303576,-0.7577313,3.57093,1.077378,-0.264823,-3.490986,-0.1409171,-0.1901417,0.002123031,0.9715884,344.156,337.3754,3.439416,0.2948417,-0.07065718,-0.9529299,0,0,0,0.6654016,0.08417483,-2.699442,-0.07005587,0.09737152,0.9506193,0.9276832,0.05771387,0.3688807,0.04946301,0.9602757,-0.2746342,-0.3700773,0.2730195,0.8879769,moving,-8.948617567476223,8.402521944843262,-4.214792217516297,5.848385208363439,-0.4119763999999999,0.34899782999999995,0.791544,-0.15391875589457957,0.14438526966143217,0.977477412967011,-9.068719883200583,8.613487421357929,5.306798841261563,5.378914101615587,5.58626924091583
05/17/2023 16:15:11.016909,244,True,True,True,True,Eyes,1.077715,-0.259245,-3.48278,-0.4951856,0.3950979,0.7737499,0.0,0.0,0.0,0.0,0.0,0.0,0.0,0.2913762,-0.7507875,3.572365,1.077415,-0.2649282,-3.489895,-0.1400123,-0.1885281,0.001899795,0.972034,344.2478,337.5817,3.364621,0.2948407,-0.07068184,-0.9529284,0,0,0,0.6694086,0.08117095,-2.699594,-0.07021648,0.09681354,0.9468504,0.9289071,0.05648586,0.3659795,0.04909919,0.9607858,-0.2729098,-0.3670435,0.2714772,0.8897074,moving,-8.981607954192876,8.388165411001799,-4.241174002966894,5.838089025528013,-0.4080064,0.34609915,0.7903010000000004,-0.15448741068431554,0.14412738234555017,0.9774256873952387,-9.101616632420908,8.599080581858203,5.310646306006425,5.382806295761257,5.589899545460585
05/17/2023 16:15:11.027601,245,True,True,True,True,Eyes,1.077837,-0.2593292,-3.482601,-0.4930328,0.3934847,0.7759436,0.0,0.0,0.0,0.0,0.0,0.0,0.0,0.2793649,-0.7427705,3.574837,1.077621,-0.2650615,-3.489655,-0.1389378,-0.1869222,0.001765965,0.9724985,344.3611,337.7871,3.296597,0.2948433,-0.0707067,-0.9529257,0,0,0,0.6736377,0.07800054,-2.699755,-0.06996232,0.09624055,0.9437578,0.930114,0.0553759,0.3630723,0.04850631,0.9613863,-0.2708937,-0.3640538,0.2695733,0.8915128,moving,-9.015441951265027,8.391864485242099,-4.239675464779981,5.822660840435683,-0.40398329999999993,0.34306204,0.7898999999999998,-0.15506342687027563,0.14417731457167032,0.9773270982639528,-9.135485971835426,8.602951033740805,5.350232638666939,5.422983763752229,5.630184195919626
05/17/2023 16:15:11.047213,246,True,True,True,True,Eyes,1.077964,-0.2594132,-3.48242,-0.4908578,0.391881,0.778131,0.0,0.0,0.0,0.0,0.0,0.0,0.0,0.268023,-0.7349927,3.577176,1.077819,-0.2650548,-3.489454,-0.1378744,-0.1854053,0.001630621,0.9729403,344.4736,337.9814,3.230605,0.2948501,-0.07073162,-0.9529217,0,0,0,0.677359,0.07521082,-2.699897,-0.06995198,0.09581906,0.9409967,0.9312444,0.05429828,0.3603269,0.04795229,0.961976,-0.2688918,-0.3612262,0.2676824,0.8932311,moving,-9.03806417056371,8.39425906226211,-4.2514439592592534,5.814228630955657,-0.40046000000000004,0.34026562,0.7895569999999998,-0.15544855681810335,0.14420931886769514,0.9772611573564789,-9.158131260562833,8.605459245295098,5.364605635226008,5.437673222411924,5.6450463784808305
05/17/2023 16:15:11.067234,247,True,True,True,True,Eyes,1.078126,-0.2594996,-3.482223,-0.4886383,0.3902566,0.7803411,0.0,0.0,0.0,0.0,0.0,0.0,0.0,0.257074,-0.7281758,3.579201,1.078048,-0.2651078,-3.489203,-0.1369226,-0.1839333,0.001226393,0.9733546,344.5678,338.173,3.137359,0.2948607,-0.07075661,-0.9529166,0,0,0,0.6814101,0.07217389,-2.700051,-0.06970245,0.09489948,0.9380708,0.9323341,0.05275667,0.3577288,0.04798181,0.9625014,-0.2669996,-0.3584004,0.2660973,0.8948416,moving,-9.060206105422733,8.372304222734794,-4.249498736678035,5.776646825290468,-0.3966378999999999,0.33728169,0.7891519999999996,-0.15583498378823185,0.14382596329758246,0.9772560486018514,-9.180122499496871,8.583321542802597,5.393135194736972,5.466291495392647,5.673488667512748
05/17/2023 16:15:11.076759,248,True,True,True,True,Eyes,1.078293,-0.2595891,-3.482022,-0.4863788,0.3886156,0.7825686,0.0,0.0,0.0,0.0,0.0,0.0,0.0,0.2447505,-0.7207285,3.58133,1.078333,-0.2652555,-3.488856,-0.1358936,-0.1822833,0.0007582756,0.9738096,344.6691,338.3872,3.032453,0.2948757,-0.07078172,-0.9529101,0,0,0,0.6857132,0.06894803,-2.700215,-0.06965759,0.09404141,0.9349335,0.9335445,0.05101908,0.3548124,0.04806542,0.9630648,-0.2649454,-0.3552245,0.2643925,0.8966115,moving,-9.102595068919465,8.356871667770816,-4.26097204380194,5.743845567595625,-0.39261979999999996,0.33420352999999997,0.7886410000000001,-0.15656438858234512,0.14354598544759767,0.9771807292658171,-9.222412642314136,8.567860828892192,5.428229679704458,5.501746896899651,5.708848833924487
05/17/2023 16:15:11.104219,249,True,True,True,True,Eyes,1.078473,-0.2596808,-3.481814,-0.4840512,0.386919,0.784849,0.0,0.0,0.0,0.0,0.0,0.0,0.0,0.2315592,-0.7109091,3.583973,1.078589,-0.2653821,-3.488566,-0.1345278,-0.1805058,0.0002635233,0.9743305,344.808,338.6198,2.915145,0.2948949,-0.07080702,-0.9529023,0,0,0,0.6896653,0.06598528,-2.700365,-0.07012644,0.09398344,0.9319741,0.9348352,0.04907963,0.3516738,0.0480526,0.9638044,-0.2622443,-0.3518156,0.262054,0.8986398,moving,-9.158287238863553,8.374937608039726,-4.303115006401852,5.758434129012997,-0.3889237,0.33136738,0.7882009999999999,-0.1575075138932214,0.14383223564576098,0.9769869500867239,-9.278248397187586,8.586353822508313,5.441081354773589,5.5153230061915774,5.722681368813905
05/17/2023 16:15:11.117348,250,True,True,True,True,Eyes,1.078656,-0.2597744,-3.481603,-0.4816874,0.385212,0.7871397,0.0,0.0,0.0,0.0,0.0,0.0,0.0,0.2180805,-0.7003868,3.586672,1.078785,-0.2654883,-3.488274,-0.1330695,-0.1786868,-0.0001617995,0.9748659,344.9591,338.8564,2.803792,0.2949182,-0.07083258,-0.9528932,0,0,0,0.6935449,0.06307687,-2.700513,-0.07063493,0.09414837,0.9290203,0.936142,0.04724006,0.3484344,0.04787098,0.964585,-0.259392,-0.3483483,0.2595076,0.9007271,moving,-9.215059455912408,8.405623482595042,-4.347926348561708,5.786687879732826,-0.3852401000000001,0.32856517,0.7877610000000002,-0.1584638264051832,0.14433310156329282,0.9767584732639889,-9.33525447931544,8.617623530667595,5.45187354513014,5.527007180799439,5.734774498054913
05/17/2023 16:15:11.126888,251,True,True,True,True,Eyes,1.078851,-0.2598714,-3.481386,-0.4792567,0.3834661,0.7894724,0.0,0.0,0.0,0.0,0.0,0.0,0.0,0.2045465,-0.6912787,3.589047,1.078993,-0.2655927,-3.488007,-0.1318197,-0.1768708,-0.0004635739,0.9753667,345.0895,339.0886,2.712195,0.2949453,-0.07085841,-0.9528829,0,0,0,0.6980081,0.05973093,-2.700683,-0.07052714,0.09358016,0.9258152,0.937433,0.04572579,0.34515,0.04753441,0.9652467,-0.256981,-0.3449056,0.257309,0.9026806,moving,-9.26140321803568,8.415253208711366,-4.356288275574303,5.771777348643385,-0.38098490000000007,0.32532363000000003,0.7873239999999999,-0.15925040306994764,0.14447873919461968,0.976608984060997,-9.381679190148,8.627543224854005,5.49612755943172,5.57208374143103,5.780134305014795
05/17/2023 16:15:11.146699,252,True,True,True,True,Eyes,1.07905,-0.2599706,-3.481165,-0.4768067,0.3817025,0.7918072,0.0,0.0,0.0,0.0,0.0,0.0,0.0,0.1920756,-0.6817393,3.591354,1.07925,-0.2657405,-3.487705,-0.130515,-0.1752069,-0.0007519863,0.9758422,345.2271,339.3024,2.623912,0.2949762,-0.07088459,-0.9528713,0,0,0,0.70165,0.05700073,-2.700821,-0.07090163,0.09369127,0.9231055,0.938604,0.04426662,0.3421448,0.04720189,0.9659305,-0.2544606,-0.3417522,0.2549876,0.9045368,moving,-9.289463216345585,8.42937431400128,-4.392134787058257,5.7954312323745745,-0.37760000000000005,0.32274123,0.7868840000000001,-0.15972326760383138,0.1447082433486511,0.9764978605895059,-9.409847321593457,8.64194023883544,5.484465154191209,5.560708758922289,5.768886599951023
05/17/2023 16:15:11.166912,253,True,True,True,True,Eyes,1.07927,-0.2600702,-3.480932,-0.4743898,0.3799058,0.7941195,0.0,0.0,0.0,0.0,0.0,0.0,0.0,0.1797364,-0.6719621,3.59359,1.079481,-0.2658567,-3.487372,-0.1291814,-0.1735632,-0.0009735203,0.9763131,345.3697,339.5126,2.543643,0.2950107,-0.07091115,-0.9528587,0,0,0,0.7056119,0.05403069,-2.700972,-0.07089481,0.09363633,0.9201831,0.9397497,0.04294137,0.3391556,0.04674321,0.9666225,-0.251905,-0.3386526,0.2525809,0.9063759,moving,-9.315744587542472,8.447597888375121,-4.405606736418201,5.810325211474762,-0.37386909999999995,0.31988739,0.7864,-0.16016403993961956,0.14500831645456808,0.976381046501396,-9.436265609816463,8.660482718284102,5.496798060359023,5.573568057301217,5.781948332017704
05/17/2023 16:15:11.177270,254,True,True,True,True,Eyes,1.07949,-0.2601722,-3.480694,-0.4719552,0.3780835,0.7964366,0.0,0.0,0.0,0.0,0.0,0.0,0.0,0.167739,-0.6625284,3.595654,1.079668,-0.2659487,-3.487032,-0.1278967,-0.1719639,-0.001152896,0.9767649,345.5079,339.7161,2.47059,0.2950489,-0.07093807,-0.9528449,0,0,0,0.7098787,0.050832,-2.701135,-0.07045346,0.09327251,0.9170963,0.9408542,0.04173502,0.3362315,0.04623945,0.9672822,-0.2494536,-0.3356417,0.2502466,0.9081417,moving,-9.334263063907985,8.460256995576623,-4.392965985641557,5.807251240415669,-0.3697893000000001,0.31678069999999997,0.7858970000000003,-0.16047466888561243,0.14521663139215807,0.9762991919550159,-9.454879265762052,8.67336433498948,5.531115565069866,5.608462922459369,5.81700699039873
05/17/2023 16:15:11.197010,255,True,True,True,True,Eyes,1.079725,-0.2602794,-3.48045,-0.469566,0.3762481,0.7987147,0.0,0.0,0.0,0.0,0.0,0.0,0.0,0.1554937,-0.6518599,3.597886,1.079865,-0.2660732,-3.486686,-0.1264472,-0.1703326,-0.001315468,0.9772391,345.6653,339.924,2.396047,0.2950905,-0.0709654,-0.9528299,0,0,0,0.7139856,0.04775325,-2.701291,-0.07020795,0.09333931,0.9140891,0.9419702,0.0405051,0.333244,0.0456472,0.9680188,-0.2466901,-0.3325787,0.2475864,0.9099958,moving,-9.360573222298058,8.49192814177987,-4.392063073278066,5.8303688068756845,-0.3658794000000001,0.31382645,0.7853950000000003,-0.160910306059189,0.14574579529015802,0.9761485899517947,-9.481422244775818,8.70551724954982,5.558310544787379,5.636487487268137,5.84534475834572
05/17/2023 16:15:11.216953,256,True,True,True,True,Eyes,1.079956,-0.260388,-3.480205,-0.4671797,0.3743922,0.8009828,0.0,0.0,0.0,0.0,0.0,0.0,0.0,0.1445136,-0.6422466,3.599854,1.080025,-0.2662744,-3.486396,-0.1251552,-0.1688682,-0.001435765,0.9776593,345.8062,340.1099,2.332853,0.2951357,-0.07099323,-0.9528138,0,0,0,0.7177956,0.04489699,-2.701436,-0.06982091,0.09338032,0.9113755,0.942963,0.03946207,0.3305504,0.04507683,0.9686682,-0.2442333,-0.3298316,0.2452031,0.9116394,moving,-9.365786587638091,8.505566210390484,-4.38089951914082,5.850159893926818,-0.36222940000000003,0.31117139000000005,0.7849599999999999,-0.16099358313632425,0.14597611970883645,0.9761003411906222,-9.486734245751292,8.719339887870397,5.5695894361563605,5.648033444588164,5.856768912387402
05/17/2023 16:15:11.227273,257,True,True,True,True,Eyes,1.080188,-0.2604966,-3.479954,-0.4648359,0.3725327,0.8032104,0.0,0.0,0.0,0.0,0.0,0.0,0.0,0.1342767,-0.6324406,3.601772,1.08016,-0.2663887,-3.486124,-0.1238465,-0.1675095,-0.001371827,0.9780597,345.953,340.2803,2.292655,0.295184,-0.07102156,-0.9527967,0,0,0,0.7218818,0.04183375,-2.701591,-0.0688763,0.0932404,0.9085255,0.9438775,0.03880746,0.3280083,0.04417437,0.9693203,-0.2417989,-0.3273287,0.2427181,0.9132052,moving,-9.356794076825825,8.52753188877793,-4.335362084613488,5.85965179307424,-0.3582782,0.30822245,0.7845329999999997,-0.1608313109626399,0.14635425316113537,0.9760705380052946,-9.477895991925473,8.741537765954536,5.60719182088764,5.6861554197423665,5.894991242447921
05/17/2023 16:15:11.246720,258,True,True,True,True,Eyes,1.080417,-0.2606076,-3.4797,-0.462519,0.3706618,0.8054105,0.0,0.0,0.0,0.0,0.0,0.0,0.0,0.1259646,-0.6244735,3.603144,1.080245,-0.2664676,-3.485764,-0.1227827,-0.166408,-0.001347065,0.9783819,346.0718,340.4187,2.257246,0.2952351,-0.07105035,-0.9527787,0,0,0,0.7257357,0.03894458,-2.701738,-0.06764424,0.09276566,0.9057968,0.9446131,0.03822817,0.325952,0.04349994,0.9698452,-0.2398084,-0.3252904,0.240705,0.9144655,moving,-9.319945085364045,8.518816753061806,-4.270878967885705,5.8474643376755875,-0.3545092999999999,0.30541218000000003,0.7840259999999999,-0.16020673436684774,0.14622083721281964,0.9761932891998297,-9.440975089305121,8.732579261152356,5.633459179509099,5.712196809096969,5.920623449129699
05/17/2023 16:15:11.267079,259,True,True,True,True,Eyes,1.08066,-0.2607232,-3.479435,-0.4602727,0.3687827,0.807557,0.0,0.0,0.0,0.0,0.0,0.0,0.0,0.1184751,-0.61573,3.604654,1.080397,-0.266607,-3.485449,-0.1216266,-0.165427,-0.00123867,0.9786928,346.2032,340.5421,2.231638,0.2952887,-0.07107961,-0.9527599,0,0,0,0.7298272,0.0358774,-2.701894,-0.06598726,0.09235705,0.903034,0.9452648,0.03781609,0.3241057,0.0426652,0.9704109,-0.2376603,-0.323503,0.23848,0.9156818,moving,-9.27271379069911,8.522849879385916,-4.1793372362890375,5.839573940205657,-0.35056980000000004,0.3024844,0.7835550000000002,-0.15939985522840755,0.14630890167743707,0.9763121108931737,-9.393760041948928,8.73648445932683,5.678189152405865,5.7569483661743845,5.965089752215039
05/17/2023 16:15:11.277203,260,True,True,True,True,Eyes,1.080904,-0.2608387,-3.479169,-0.4580579,0.3668607,0.8096889,0.0,0.0,0.0,0.0,0.0,0.0,0.0,0.1108763,-0.6074122,3.60595,1.08061,-0.2668205,-3.484998,-0.1205634,-0.1644514,-0.0009849329,0.9789889,346.3268,340.662,2.225096,0.295345,-0.07110945,-0.9527402,0,0,0,0.7339306,0.0328012,-2.70205,-0.0643352,0.0919257,0.9002097,0.9459096,0.03772517,0.3222297,0.04158212,0.970927,-0.2357366,-0.3217548,0.2363845,0.9168404,moving,-9.221954260041644,8.519633520064577,-4.087801906595232,5.830598149724089,-0.3466794000000001,0.2996217,0.7829480000000002,-0.15853566630641588,0.14627470821480015,0.976457925353451,-9.342964127037675,8.733039228780308,5.717134552097162,5.795725287773872,6.003406881143288
05/17/2023 16:15:11.296917,261,True,True,True,True,Eyes,1.081114,-0.2609478,-3.478911,-0.455615,0.3648977,0.8119512,0.0,0.0,0.0,0.0,0.0,0.0,0.0,0.1036294,-0.5957084,3.60793,1.080852,-0.2669002,-3.484723,-0.1190118,-0.1635181,-0.0006896207,0.9793352,346.5068,340.7797,2.214283,0.2954037,-0.07113981,-0.9527197,0,0,0,0.7379363,0.02979827,-2.702203,-0.0626778,0.09225084,0.8975074,0.9465227,0.03757042,0.3204423,0.0402719,0.9716715,-0.2328793,-0.320114,0.2333304,0.918196,moving,-9.153983590481628,8.567909050469353,-3.994788678320076,5.86857227454705,-0.34291569999999993,0.29669847,0.7825199999999999,-0.15735711315157333,0.14712548637426986,0.976520834939771,-9.275319707138552,8.781644688150442,5.743704619074329,5.822689341835117,6.030754416589338
05/17/2023 16:15:11.317146,262,True,True,True,True,Eyes,1.081322,-0.2610588,-3.478651,-0.4531828,0.3629473,0.8141834,0.0,0.0,0.0,0.0,0.0,0.0,0.0,0.09572506,-0.5881834,3.6091,1.081004,-0.266775,-3.484392,-0.1179359,-0.1624663,-0.0009888323,0.9796402,346.621,340.9158,2.143292,0.2954638,-0.07117046,-0.9526988,0,0,0,0.7419738,0.02677155,-2.702356,-0.06133422,0.09127806,0.8947607,0.9472075,0.03638382,0.3185503,0.04025862,0.9721802,-0.2307482,-0.3180838,0.2313907,0.9193916,moving,-9.114562117930513,8.544043383552255,-3.921387235431846,5.8248177174758355,-0.33903020000000006,0.29354654999999996,0.7820360000000002,-0.15669439041815345,0.146734365859368,0.9766861806721863,-9.235717601940276,8.75734265941789,5.783365253974854,5.8620178764026125,6.069745446022089
05/17/2023 16:15:11.327153,263,True,True,True,True,Eyes,1.081511,-0.26117,-3.478391,-0.4505553,0.3610092,0.8165001,0.0,0.0,0.0,0.0,0.0,0.0,0.0,0.08743322,-0.580904,3.610263,1.081164,-0.2669003,-3.484098,-0.116905,-0.1613548,-0.001445998,0.9799469,346.7272,341.0605,2.054492,0.295525,-0.07120144,-0.9526774,0,0,0,0.7460084,0.02374691,-2.70251,-0.06012842,0.09039365,0.8921317,0.9479252,0.03489235,0.3165762,0.04056035,0.9726622,-0.2286547,-0.3159001,0.229588,0.9205958,moving,-9.073735549974948,8.509924941666297,-3.855823443439709,5.785647126403341,-0.3351556,0.29064721,0.7815879999999997,-0.1560116216996546,0.14616874763759052,0.9768803433642435,-9.19463691551889,8.722658508777423,5.808259305245682,5.886280350634085,6.09335417892716
05/17/2023 16:15:11.347102,264,True,True,True,True,Eyes,1.081698,-0.2612866,-3.478129,-0.4479403,0.3590927,0.8187808,0.0,0.0,0.0,0.0,0.0,0.0,0.0,0.07784402,-0.574846,3.611075,1.081279,-0.2669627,-3.483668,-0.1160688,-0.1600779,-0.001703397,0.9802553,346.8148,341.2206,1.990643,0.2955867,-0.07123273,-0.9526559,0,0,0,0.7501653,0.02063066,-2.702668,-0.0590024,0.08913922,0.8893137,0.9487443,0.03382057,0.3142299,0.04049962,0.9730503,-0.2270086,-0.3134391,0.2280994,0.9218062,moving,-9.045669681132996,8.464415670929737,-3.7957824624045724,5.723851388824312,-0.33111370000000007,0.28759336,0.7810000000000001,-0.15555081181718342,0.14540347152196487,0.9770679881248779,-9.16623907985973,8.676493417353862,5.844744051430293,5.922162476133197,6.128613157036997
05/17/2023 16:15:11.366894,265,True,True,True,True,Eyes,1.081852,-0.2614076,-3.477874,-0.445184,0.3571049,0.82115,0.0,0.0,0.0,0.0,0.0,0.0,0.0,0.06834424,-0.5688524,3.611981,1.08141,-0.2671908,-3.483365,-0.1152881,-0.1588176,-0.00175187,0.9805523,346.9002,341.3755,1.95248,0.2956489,-0.07126444,-0.9526342,0,0,0,0.7540293,0.01773397,-2.702815,-0.05798551,0.08819401,0.8868356,0.9495478,0.03318398,0.3118619,0.04005518,0.9734111,-0.2255356,-0.311054,0.2266485,0.9229712,moving,-8.999835802052843,8.415073116328914,-3.740944329751669,5.679276228604974,-0.32738069999999997,0.28492477,0.7805499999999999,-0.15478803859362825,0.14457950605686865,0.977311340104421,-9.120041191031607,8.626382159505411,5.851547096360128,5.927944342545906,6.1335239798161885
05/17/2023 16:15:11.377305,266,True,True,True,True,Eyes,1.08201,-0.2615294,-3.477617,-0.4424414,0.3550925,0.8235017,0.0,0.0,0.0,0.0,0.0,0.0,0.0,0.05968654,-0.5577565,3.61356,1.081631,-0.2673344,-3.482969,-0.1138022,-0.1576875,-0.001700476,0.9809082,347.068,341.5179,1.914123,0.2957106,-0.07129666,-0.9526127,0,0,0,0.758131,0.01465906,-2.702971,-0.05663326,0.0882747,0.8840641,0.9502635,0.03255435,0.309741,0.03922639,0.9740923,-0.2227227,-0.3089669,0.2237953,0.9243675,moving,-8.942873504905219,8.44572885849876,-3.6653666278360526,5.702141465069883,-0.3235,0.28199346000000003,0.7799980000000004,-0.15380393384850521,0.1451249689133497,0.977385911103554,-9.063282411609135,8.657195772538573,5.871494090137004,5.948054356081004,6.15384763938756
05/17/2023 16:15:11.396796,267,True,True,True,True,Eyes,1.082153,-0.2616553,-3.477368,-0.4395709,0.353012,0.8259298,0.0,0.0,0.0,0.0,0.0,0.0,0.0,0.04966211,-0.5470382,3.615167,1.081859,-0.2674426,-3.4827,-0.1123321,-0.156361,-0.001863273,0.9812897,347.2297,341.686,1.849262,0.295772,-0.07132937,-0.9525912,0,0,0,0.7621992,0.01160932,-2.703126,-0.05569023,0.08819814,0.881424,0.9510955,0.03147189,0.3072894,0.03878552,0.9747561,-0.2198779,-0.3064522,0.2210433,0.9258655,moving,-8.905819929615646,8.463800723368845,-3.6152627913296658,5.7141805443377045,-0.31965979999999994,0.27905191999999995,0.7795739999999998,-0.15316447588337131,0.1454478581267073,0.9774383083819538,-9.026347891721745,8.675347705030678,5.88576673934422,5.962416117850546,6.168334695625038
05/17/2023 16:15:11.417234,268,True,True,True,True,Eyes,1.082303,-0.2617841,-3.47712,-0.4367018,0.3509038,0.8283466,0.0,0.0,0.0,0.0,0.0,0.0,0.0,0.03885031,-0.5355181,3.61688,1.082125,-0.2675988,-3.482457,-0.1107575,-0.1549319,-0.00202314,0.9816949,347.4033,341.8663,1.781958,0.2958327,-0.07136262,-0.9525698,0,0,0,0.7661358,0.008658146,-2.703276,-0.05506361,0.0884247,0.8788851,0.951984,0.03034753,0.3046399,0.03829195,0.9754573,-0.2168333,-0.3037435,0.2180871,0.9274578,moving,-8.881423452844436,8.493042641988689,-3.584989929781607,5.745199948552267,-0.31598919999999997,0.276256946,0.7791810000000003,-0.1527367011543384,0.1459564662460447,0.9774294034817541,-9.002153478449038,8.70485224535089,5.889898511339973,5.966812175030789,6.172941165356794
05/17/2023 16:15:11.427620,269,True,True,True,True,Eyes,1.082442,-0.2619129,-3.476874,-0.4337102,0.3487685,0.8308164,0.0,0.0,0.0,0.0,0.0,0.0,0.0,0.02707005,-0.5240996,3.618557,1.082383,-0.2677621,-3.482258,-0.1092,-0.1533701,-0.002169336,0.9821143,347.5751,342.0616,1.715469,0.2958929,-0.07139643,-0.9525486,0,0,0,0.770138,0.005657862,-2.703429,-0.0545644,0.08857121,0.8763607,0.9529458,0.02923497,0.3017278,0.03775711,0.9761413,-0.2138284,-0.3007802,0.2151592,0.9291059,moving,-8.8638188828941,8.519778887714445,-3.5627788491577825,5.77112011069395,-0.3122450000000001,0.273419962,0.778829,-0.15242581389071747,0.14641965444905927,0.9774085894527533,-8.98473490322202,8.731846202217072,5.894077698621547,5.971277125688184,6.177661891138881
05/17/2023 16:15:11.447388,270,True,True,True,True,Eyes,1.082588,-0.26204,-3.476627,-0.4307091,0.3466324,0.833268,0.0,0.0,0.0,0.0,0.0,0.0,0.0,0.01472986,-0.5140923,3.619809,1.082619,-0.2678338,-3.481914,-0.1078263,-0.1517363,-0.002346028,0.9825193,347.7256,342.2644,1.648624,0.2959524,-0.07143075,-0.9525275,0,0,0,0.7742459,0.002578335,-2.703585,-0.05410209,0.08824876,0.8736688,0.9539412,0.02811228,0.2986735,0.03733234,0.976736,-0.2111708,-0.2976617,0.2125947,0.9306992,moving,-8.853736985908126,8.525839084807533,-3.5435260922787406,5.767849055124774,-0.30837309999999996,0.270412135,0.7783290000000003,-0.15225137872421993,0.14652702176920876,0.9774196943711488,-8.974693551036449,8.737942018925827,5.906406414581882,5.9837152955876585,6.190236843505196
05/17/2023 16:15:11.467279,271,True,True,True,True,Eyes,1.082742,-0.2621717,-3.476379,-0.4276041,0.344504,0.8357462,0.0,0.0,0.0,0.0,0.0,0.0,0.0,0.001934648,-0.5050747,3.620965,1.082892,-0.2678916,-3.481677,-0.106553,-0.1500354,-0.002733427,0.9829184,347.8609,342.4766,1.559116,0.2960114,-0.07146548,-0.9525066,0,0,0,0.7781908,-0.0003790286,-2.703735,-0.05395952,0.08774047,0.8711997,0.9549638,0.02659998,0.2955275,0.03734692,0.9772779,-0.2086456,-0.2943625,0.2102861,0.9322717,moving,-8.850266018668533,8.51431978320293,-3.5442028281019478,5.750994371532748,-0.3047012,0.2675125714,0.7779419999999999,-0.15219661911755578,0.1463317630719125,0.9774575118196706,-8.971139518925108,8.726270311092241,5.905373589196336,5.98249729737238,6.189015169049455
05/17/2023 16:15:11.477365,272,True,True,True,True,Eyes,1.082904,-0.2623031,-3.476132,-0.4244748,0.342371,0.8382143,0.0,0.0,0.0,0.0,0.0,0.0,0.0,-0.01231205,-0.4972741,3.621844,1.083176,-0.2680965,-3.481385,-0.1054715,-0.1481422,-0.003119118,0.9833209,347.9744,342.7101,1.471455,0.2960702,-0.0715007,-0.9524857,0,0,0,0.7825646,-0.00365791,-2.703902,-0.05374406,0.08676144,0.8685387,0.9560883,0.02511537,0.2920006,0.03738374,0.9777321,-0.2065004,-0.2906847,0.2083487,0.9338593,moving,-8.866007963401595,8.482761721184062,-3.540874595847811,5.704556020233539,-0.30061139999999986,0.26443859000000003,0.7774830000000001,-0.1524775644041533,0.1457869762471773,0.977495125364118,-8.98666059060553,8.694389209633709,5.929331098867739,6.006286065367574,6.2125427645319355
05/17/2023 16:15:11.496840,273,True,True,True,True,Eyes,1.08304,-0.2624321,-3.475892,-0.4212612,0.3402542,0.8406938,0.0,0.0,0.0,0.0,0.0,0.0,0.0,-0.02740169,-0.4879217,3.622899,1.083501,-0.2681894,-3.481138,-0.1041797,-0.1461431,-0.003360599,0.9837569,348.1145,342.955,1.395893,0.296129,-0.07153635,-0.9524648,0,0,0,0.7862536,-0.006423433,-2.704042,-0.05431409,0.08653952,0.8662075,0.9572618,0.02383827,0.2882388,0.03706231,0.9782706,-0.2039927,-0.2868384,0.2059572,0.9355776,moving,-8.886366540438809,8.481197437418034,-3.5879385371931622,5.705273282400491,-0.29724740000000005,0.26176596700000004,0.7770960000000002,-0.15282567147567513,0.14575235963716165,0.9774459311899192,-9.00701340631937,8.692882175809308,5.904626482091,5.981562857647448,6.1880674961712145
05/17/2023 16:15:11.517021,274,True,True,True,True,Eyes,1.083186,-0.2625615,-3.475651,-0.4180224,0.3381505,0.8431557,0.0,0.0,0.0,0.0,0.0,0.0,0.0,-0.04184699,-0.481215,3.623462,1.083755,-0.2682034,-3.480853,-0.1032119,-0.1442186,-0.003805447,0.9841412,348.2145,343.1915,1.30415,0.2961872,-0.07157231,-0.952444,0,0,0,0.7903346,-0.009482798,-2.704197,-0.05436811,0.08534263,0.8637057,0.9583731,0.02227996,0.2846484,0.03726035,0.9786656,-0.2020526,-0.2830773,0.2042478,0.9370966,moving,-8.900532148046015,8.437377414019142,-3.6018734564229855,5.643069750789153,-0.2934204,0.25872060199999997,0.776656,-0.15308445941902682,0.14499888851449488,0.9775175152438165,-9.020870281979091,8.648584808116858,5.9138122152930235,5.990320462804816,6.196664211913593
05/17/2023 16:15:11.527326,275,True,True,True,True,Eyes,1.083313,-0.2626886,-3.475414,-0.4147309,0.3360469,0.8456185,0.0,0.0,0.0,0.0,0.0,0.0,0.0,-0.05680984,-0.4735813,3.624113,1.084087,-0.2683143,-3.480584,-0.1021136,-0.1422311,-0.004331567,0.9845428,348.3284,343.4367,1.200516,0.2962449,-0.07160857,-0.9524233,0,0,0,0.7944428,-0.0125626,-2.704354,-0.05458476,0.08440414,0.8612392,0.9595031,0.02051821,0.2809497,0.03757666,0.9791082,-0.1998382,-0.2791805,0.2023025,0.9386863,moving,-8.92206609155214,8.406012702738717,-3.6265172445700253,5.597291634664876,-0.2896442,0.2557517,0.77623,-0.1534641612001657,0.14445513698436352,0.9775384138654751,-9.042186265750471,8.616921071352479,5.918031522106307,5.994309937683858,6.200615524436575
05/17/2023 16:15:11.546942,276,True,True,True,True,Eyes,1.083449,-0.2628155,-3.475176,-0.4114102,0.3339651,0.8480619,0.0,0.0,0.0,0.0,0.0,0.0,0.0,-0.07244051,-0.4670343,3.624458,1.084385,-0.2683349,-3.480254,-0.1011616,-0.1401528,-0.004813195,0.9849367,348.4265,343.6909,1.103957,0.2963018,-0.07164505,-0.9524029,0,0,0,0.7982941,-0.01544969,-2.7045,-0.0551374,0.08333044,0.8588413,0.960668,0.01887478,0.2770571,0.03783754,0.9794863,-0.1979264,-0.2751094,0.2006247,0.9402471,moving,-8.950325264842537,8.362045108867894,-3.6733337913554966,5.541866701754175,-0.2860908999999999,0.25288520999999997,0.775754,-0.153963539027353,0.14369366469500688,0.9775721898102216,-9.07013938866018,8.572527085703232,5.907479889106899,5.983313902780415,6.189540614450916
05/17/2023 16:15:11.567122,277,True,True,True,True,Eyes,1.083558,-0.2629422,-3.474944,-0.4080169,0.3318774,0.8505173,0.0,0.0,0.0,0.0,0.0,0.0,0.0,-0.0879643,-0.4603872,3.624828,1.084676,-0.2684322,-3.480013,-0.1001918,-0.138083,-0.005353374,0.9853254,348.5261,343.9445,1.000954,0.2963582,-0.0716817,-0.9523826,0,0,0,0.8022372,-0.0184057,-2.70465,-0.05555366,0.08225428,0.8565162,0.9618089,0.01711994,0.2731861,0.0382192,0.9798659,-0.1959646,-0.2710407,0.1989214,0.9417894,moving,-8.975075674453853,8.317869003042173,-3.711007523077975,5.485494407671403,-0.2824388,0.2500265,0.775363,-0.1544030685492858,0.14292997716959233,0.9776148479664803,-9.09458133137015,8.527908934583554,5.902290855656923,5.977688462175959,6.1837814565923654
05/17/2023 16:15:11.587748,278,True,True,True,True,Eyes,1.083676,-0.2630685,-3.474713,-0.4046028,0.3298162,0.8529466,0.0,0.0,0.0,0.0,0.0,0.0,0.0,-0.1035686,-0.4532883,3.625076,1.084889,-0.2685007,-3.479698,-0.0991763,-0.1359982,-0.005766741,0.9857157,348.6333,344.1983,0.9121364,0.2964133,-0.07171851,-0.9523627,0,0,0,0.80657,-0.02165385,-2.704815,-0.05551127,0.08101356,0.8539279,0.9629425,0.01560687,0.269255,0.03834434,0.9802616,-0.1939507,-0.2669674,0.1970878,0.9433371,moving,-8.997692349261435,8.285129430454182,-3.71939195325207,5.419525013870254,-0.278319,0.24684684999999998,0.774883,-0.154801748238441,0.14236234011393994,0.9776346131666191,-9.116970529025949,8.49485774822014,5.930661274684254,6.006008969595194,6.212207812735913
05/17/2023 16:15:11.596921,279,True,True,True,True,Eyes,1.083761,-0.2631915,-3.474482,-0.4012055,0.3277221,0.8553551,0.0,0.0,0.0,0.0,0.0,0.0,0.0,-0.1191207,-0.4473903,3.625212,1.085181,-0.2686001,-3.479475,-0.09836745,-0.1339327,-0.005939421,0.9860784,348.721,344.446,0.855114,0.2964677,-0.07175545,-0.952343,0,0,0,0.810509,-0.02460676,-2.704965,-0.0557469,0.07977997,0.8516867,0.9640535,0.01463576,0.2653048,0.0380627,0.9805772,-0.1924051,-0.2629678,0.195587,0.9447718,moving,-9.011550530376313,8.23558552779871,-3.7449361618876713,5.351446455795367,-0.2746719999999999,0.24399334,0.7745099999999998,-0.15505731551203805,0.141511175458568,0.9777176439449198,-9.130479079193034,8.444766074932248,5.929817471251431,6.004621977529253,6.21069229476675
05/17/2023 16:15:11.617023,280,True,True,True,True,Eyes,1.083857,-0.2633157,-3.474252,-0.3977914,0.325638,0.8577424,0.0,0.0,0.0,0.0,0.0,0.0,0.0,-0.1347731,-0.4407741,3.625093,1.085448,-0.2685917,-3.478996,-0.0974511,-0.1318592,-0.00610641,0.9864478,348.8212,344.6947,0.7973757,0.2965204,-0.07179244,-0.9523238,0,0,0,0.8149572,-0.02794142,-2.705135,-0.05554257,0.07831433,0.8489526,0.9651517,0.01365235,0.2613347,0.03774696,0.980932,-0.1906504,-0.2589543,0.1938712,0.9462329,moving,-9.026450463125185,8.199205408585911,-3.7432312226832387,5.270514792371814,-0.2704907999999999,0.24065028,0.7738610000000001,-0.15532560729311196,0.14088434267773536,0.9777656607914846,-9.145123529240228,8.40800140423103,5.965945177668156,6.040665051803194,6.246940269542796
05/17/2023 16:15:11.627359,281,True,True,True,True,Eyes,1.083976,-0.263437,-3.474015,-0.3943995,0.3235306,0.8601028,0.0,0.0,0.0,0.0,0.0,0.0,0.0,-0.150211,-0.4332983,3.625293,1.085756,-0.2687242,-3.47879,-0.09644958,-0.129813,-0.006134516,0.9868175,348.9335,344.9387,0.7550981,0.2965719,-0.07182949,-0.9523049,0,0,0,0.8185105,-0.03060521,-2.70527,-0.05604458,0.07773067,0.8469189,0.9662219,0.01293352,0.2573867,0.0371481,0.9813197,-0.1887636,-0.25502,0.1919489,0.9476922,moving,-9.036962419048363,8.175744261024603,-3.7860094050207675,5.243945827557268,-0.2672454999999999,0.23811899000000003,0.77352,-0.15551400145541852,0.14047972508418044,0.9777937837274523,-9.155470966394871,8.384295643164664,5.9396224982576635,6.013979515263335,6.220362885190818
05/17/2023 16:15:11.646962,282,True,True,True,True,Eyes,1.084104,-0.2635579,-3.473779,-0.3909988,0.3214439,0.8624347,0.0,0.0,0.0,0.0,0.0,0.0,0.0,-0.1654553,-0.4274231,3.625127,1.086009,-0.2687615,-3.4785,-0.09564816,-0.1277861,-0.0062296,0.9871593,349.022,345.1802,0.7088931,0.2966231,-0.07186652,-0.9522862,0,0,0,0.8224531,-0.03356082,-2.70542,-0.05610947,0.07643718,0.8446557,0.9672638,0.0121458,0.2534822,0.03674423,0.9816253,-0.1872478,-0.2510988,0.190432,0.9490443,moving,-9.045825439905546,8.129193935368805,-3.8005065355817793,5.170901042005022,-0.26355589999999995,0.23520068,0.7730799999999998,-0.15568300969653198,0.13968150040889235,0.9778812469559329,-9.16400438039668,8.337215086006076,5.948130129057526,6.022031820821187,6.228374888891354
05/17/2023 16:15:11.667144,283,True,True,True,True,Eyes,1.087978,-0.2664887,-3.467653,-0.3048095,0.2661559,0.9144683,0.8264866,0.8360567,-0.04651441,-2.711857,0.6289338,-0.6551813,-0.4185449,-0.04833178,0.06697902,0.8322539,1.086324,-0.2688502,-3.478278,-0.0947582,-0.1259002,-0.006447029,0.987486,349.1191,345.4066,0.6492419,0.2966741,-0.07190351,-0.9522675,0,0,0,0.8266225,-0.03668651,-2.705579,-0.05578806,0.07511969,0.8424096,0.9682152,0.01112745,0.2498712,0.03659286,0.9819586,-0.1855214,-0.2474276,0.1887681,0.9503401,moving,-3.661848273181048,4.629406797528885,-3.788845507442764,5.095724387709137,-0.25970150000000003,0.23216368999999998,0.7726989999999998,-0.06366029331248461,0.08054679756836075,0.9947158622223735,-3.753643469313972,4.774923120987773,0.48157206786655143,0.483301554333982,0.3227268755750797
05/17/2023 16:15:11.676769,284,True,True,True,True,Eyes,1.087993,-0.2664961,-3.467643,-0.3046505,0.2660817,0.9145429,0.8266284,0.8361597,-0.0465454,-2.711656,0.6356876,-0.6571288,-0.4050717,-0.05201992,0.06835443,0.8318387,1.08668,-0.2688607,-3.477913,-0.09387863,-0.1239342,-0.006802404,0.9878163,349.2132,345.6436,0.5733865,0.2968627,-0.07202607,-0.9521993,0,0,0,0.8306688,-0.03971985,-2.705733,-0.05581664,0.07376891,0.8400905,0.9691881,0.009830494,0.2461256,0.03670859,0.9822811,-0.1837836,-0.2435712,0.1871558,0.9516543,moving,-3.8867383665769917,4.720424726913641,-3.801214809178512,5.018308976536112,-0.2560112000000001,0.22914085,0.7721800000000001,-0.0675555037582121,0.08210578945193366,0.9943314374070644,-3.9792422023057568,4.867884183294587,0.30966464965961227,0.30991822315448575,0.23306945558231795
05/17/2023 16:15:11.697224,285,True,True,True,True,Eyes,1.088043,-0.2665046,-3.467614,-0.3044184,0.2658724,0.914681,0.8186433,0.8388332,-0.04884994,-2.718817,0.2875874,-0.4162417,-0.8625754,-0.05514327,0.06936854,0.8234533,1.087007,-0.269022,-3.477673,-0.09281474,-0.1218522,-0.007116297,0.9881735,349.329,345.894,0.498802,0.2970329,-0.0721366,-0.9521376,0,0,0,0.8345197,-0.04260673,-2.705879,-0.05614205,0.07299455,0.8379731,0.9702028,0.008555081,0.2421431,0.03668362,0.9826696,-0.1816999,-0.2395011,0.1851684,0.953075,moving,-4.119822869025323,4.8251913028504525,-3.832942307914858,4.978380957983215,-0.2524873000000001,0.22641526999999997,0.7717939999999999,-0.07158922520413528,0.08390014079957152,0.9938992787550474,-4.213135558316323,4.974790955342173,0.3249286756226237,0.3252191980537893,0.38021019945524065
05/17/2023 16:15:11.717399,286,True,True,True,True,Eyes,1.088106,-0.2665189,-3.467578,-0.30404,0.2656058,0.9148843,0.8166643,0.8398069,-0.04960807,-2.720425,0.08726496,-0.267904,-0.9594854,-0.05845149,0.07065353,0.820889,1.087182,-0.2690349,-3.477343,-0.09178115,-0.1197196,-0.007369345,0.9885289,349.4426,346.1493,0.4316655,0.2971876,-0.07223632,-0.9520817,0,0,0,0.8384978,-0.04558893,-2.706031,-0.05626667,0.07197008,0.8356728,0.9712259,0.00740638,0.2380452,0.03654562,0.9830438,-0.1796921,-0.2353397,0.1832211,0.9544869,moving,-4.34826482452696,4.924249955778691,-3.8519671875220096,4.922299760301152,-0.24868420000000013,0.22344597000000002,0.771312,-0.07554046787326424,0.08559334866430612,0.9934623603126839,-4.442344433631828,5.075903349006279,0.49447708600810997,0.4963014686247645,0.6100322574973447
05/17/2023 16:15:11.727391,287,True,True,True,True,Eyes,1.088208,-0.2665367,-3.467526,-0.3036056,0.2652098,0.9151434,0.8157898,0.8405297,-0.05018133,-2.720962,-0.1445417,-0.0962631,-0.9848052,-0.06167565,0.07184717,0.8195984,1.087477,-0.2691664,-3.477116,-0.09083933,-0.117677,-0.007641323,0.988859,349.5456,346.3937,0.3651378,0.2973286,-0.0723265,-0.9520308,0,0,0,0.8426977,-0.04873746,-2.706191,-0.05610074,0.07071905,0.833477,0.9721875,0.006267025,0.2341202,0.03649179,0.9833797,-0.1778561,-0.2313437,0.181453,0.9558007,moving,-4.562545698132555,5.004460020384446,-3.850729602987303,4.849829527556239,-0.24477930000000003,0.22042893999999996,0.7709250000000001,-0.07924598012176375,0.08695894944433594,0.9930550119087255,-4.657254064101248,5.1578860392431976,0.7248371941900007,0.728417972471938,0.8633542267041241
05/17/2023 16:15:11.747164,288,True,True,True,True,Eyes,1.08832,-0.2665624,-3.467468,-0.3030326,0.2647533,0.9154655,0.8162957,0.8409556,-0.05044541,-2.720177,-0.3777276,0.0822911,-0.9222527,-0.06479141,0.07312466,0.8196377,1.087774,-0.2692482,-3.476852,-0.08985613,-0.1156898,-0.007896862,0.9891813,349.6538,346.6313,0.3010013,0.2974585,-0.07240818,-0.951984,0,0,0,0.8466229,-0.05168009,-2.70634,-0.05609623,0.06968194,0.8313702,0.973107,0.005168022,0.2302955,0.03641373,0.983727,-0.1759408,-0.2274572,0.1795951,0.9570835,moving,-4.761710895854817,5.0857328349675575,-3.8601489739886428,4.7910919929547955,-0.24115110000000006,0.21756810999999998,0.7705120000000001,-0.08268733868884834,0.08834271177239222,0.9926522641444765,-4.857051592561746,5.240887778564728,0.9432740465059566,0.9484867551742717,1.0936777768933434
05/17/2023 16:15:11.766992,289,True,True,True,True,Eyes,1.088462,-0.2665906,-3.467391,-0.302384,0.2641482,0.9158546,0.8198419,0.8405548,-0.05003078,-2.716536,-0.6741585,0.3120816,-0.6694142,-0.0681635,0.07479469,0.8227266,1.088064,-0.2694351,-3.476615,-0.08878957,-0.1136258,-0.008099166,0.9895151,349.7725,346.8773,0.2415635,0.2975786,-0.07248244,-0.9519408,0,0,0,0.8506677,-0.05471224,-2.706494,-0.05606008,0.06880784,0.8292598,0.9740471,0.004149075,0.226307,0.03620606,0.9841017,-0.1738767,-0.2234305,0.1775578,0.9584112,moving,-4.963731650604593,5.168781048350239,-3.8674566018592644,4.743252247758298,-0.2373962999999999,0.21472286,0.7701209999999996,-0.08617590745793322,0.08975479567761052,0.9922286999412344,-5.0597180951375975,5.325697089866609,1.1690969438022318,1.1759650261103811,1.3269248141672745
05/17/2023 16:15:11.777117,290,True,True,True,True,Eyes,1.088609,-0.2666209,-3.46731,-0.3016216,0.2634869,0.9162964,0.0,0.0,0.0,0.0,0.0,0.0,0.0,-0.2866083,-0.3699611,3.622462,1.088249,-0.2694914,-3.476253,-0.08756214,-0.1116638,-0.008277826,0.9898464,349.91,347.1111,0.1843356,0.2976908,-0.0725501,-0.9519005,0,0,0,0.8547868,-0.05780023,-2.706651,-0.05569412,0.06803991,0.8269671,0.9749253,0.003167497,0.2225097,0.0359426,0.9845287,-0.1714975,-0.2196104,0.1751948,0.9597281,moving,-5.147209173924443,5.266820468583359,-3.852906118788054,4.7034986190452885,-0.23346220000000006,0.21169116999999998,0.7696019999999999,-0.08933921640080053,0.0914268966232546,0.9917961764888299,-5.243943357281582,5.425609656804951,1.4029284517811555,1.411577806818449,1.5672998914470826
05/17/2023 16:15:11.796913,291,True,True,True,True,Eyes,1.088781,-0.2666543,-3.467215,-0.3008107,0.2626637,0.9167992,0.0,0.0,0.0,0.0,0.0,0.0,0.0,-0.3004299,-0.3620453,3.622015,1.088487,-0.2695478,-3.476042,-0.08643922,-0.1098197,-0.008510724,0.9901493,350.0351,347.3313,0.1240078,0.2977961,-0.0726119,-0.9518629,0,0,0,0.8588428,-0.06084083,-2.706805,-0.05520442,0.06709102,0.8249072,0.9757344,0.002131692,0.2189472,0.03583924,0.9849117,-0.1693062,-0.2160046,0.1730448,0.9609358,moving,-5.314336552193981,5.341783226873218,-3.8286380191744227,4.649722901294377,-0.22964419999999997,0.20870697,0.769237,-0.09222092550568645,0.09269997815481947,0.9914141841842847,-5.411649580648405,5.502105082905102,1.628634579324876,1.6389776158498202,1.7979101721965294
05/17/2023 16:15:11.817052,292,True,True,True,True,Eyes,1.088958,-0.2666925,-3.467113,-0.2999044,0.2617802,0.9173487,0.0,0.0,0.0,0.0,0.0,0.0,0.0,-0.3131937,-0.3543099,3.621433,1.088729,-0.2696191,-3.475684,-0.08534018,-0.1081242,-0.008765168,0.990429,350.1574,347.534,0.06350851,0.2978959,-0.0726685,-0.9518274,0,0,0,0.8630942,-0.06402798,-2.706967,-0.05430673,0.06599128,0.8226786,0.9764647,0.001092116,0.2156746,0.03581722,0.9852805,-0.1671513,-0.2126825,0.1709422,0.9620525,moving,-5.458866896749748,5.409473657245893,-3.776734423567237,4.586169339692978,-0.22563480000000002,0.20559112000000002,0.7687170000000001,-0.09471126448519591,0.09384915519507912,0.9910712749807027,-5.556700923819053,5.5711556055257745,1.860753331989277,1.8728052906365844,2.0343251180423283
05/17/2023 16:15:11.827780,293,True,True,True,True,Eyes,1.089162,-0.2667355,-3.466996,-0.2989645,0.2607588,0.9179462,0.0,0.0,0.0,0.0,0.0,0.0,0.0,-0.3258836,-0.3451971,3.621033,1.089004,-0.2697389,-3.475422,-0.08404717,-0.1064413,-0.009041097,0.9907193,350.3018,347.7356,-0.001290458,0.2979909,-0.07272057,-0.9517937,0,0,0,0.8669029,-0.06688321,-2.707112,-0.05382706,0.0655328,0.8207237,0.977177,-2.220228e-05,0.2124266,0.03580656,0.9857087,-0.1646096,-0.2093871,0.168459,0.9632127,moving,-5.6006559014235675,5.490295190668567,-3.7523624988849402,4.56524357829218,-0.22210110000000005,0.20285569,0.76831,-0.0971508136487659,0.09522457295166728,0.9907038660698185,-5.699103840025965,5.653485898365857,2.053261498281433,2.0668596922452114,2.2302630330315067
05/17/2023 16:15:11.847183,294,True,True,True,True,Eyes,1.08937,-0.2667847,-3.466875,-0.2979278,0.259681,0.9185885,0.0,0.0,0.0,0.0,0.0,0.0,0.0,-0.3387807,-0.3360071,3.620447,1.089222,-0.2698587,-3.475065,-0.0827407,-0.1047249,-0.009335387,0.9910094,350.4476,347.941,359.9319,0.2980824,-0.07276871,-0.9517614,0,0,0,0.871075,-0.0700109,-2.707271,-0.05300385,0.06484762,0.8185486,0.9778911,-0.001172884,0.2091116,0.03583295,0.9861336,-0.1620383,-0.206022,0.1659489,0.9643733,moving,-5.740636214812213,5.568753676428261,-3.7049271967071977,4.52966503501599,-0.21814699999999987,0.19984780000000002,0.7677939999999999,-0.09955807192923455,0.09655801883564309,0.9903356842093287,-5.839680734630864,5.733417775469356,2.2702615317400876,2.2855669780398222,2.450753624464646
05/17/2023 16:15:11.867294,295,True,True,True,True,Eyes,1.089593,-0.2668441,-3.46674,-0.2968636,0.2584738,0.9192733,0.0,0.0,0.0,0.0,0.0,0.0,0.0,-0.351981,-0.3265313,3.619905,1.089456,-0.2700215,-3.474824,-0.081388,-0.1029658,-0.009669827,0.9913025,350.5985,348.1515,359.86,0.2981709,-0.07281349,-0.9517303,0,0,0,0.8749434,-0.07291086,-2.707418,-0.05253282,0.06445404,0.8166184,0.9786091,-0.002411089,0.2057145,0.03593181,0.9865649,-0.159369,-0.2025665,0.1633516,0.965548,moving,-5.884333350199875,5.643817096657773,-3.6807487700074053,4.512884410676285,-0.21451259999999994,0.19711064000000003,0.7674059999999998,-0.10202876766802428,0.09783076587910688,0.9899592790614878,-5.983951225408705,5.809927405128294,2.459964405037548,2.47685157857376,2.6433051431916845
05/17/2023 16:15:11.877002,296,True,True,True,True,Eyes,1.089819,-0.2669073,-3.466603,-0.2957218,0.2571912,0.9200007,0.0,0.0,0.0,0.0,0.0,0.0,0.0,-0.3652549,-0.3162708,3.61916,1.08958,-0.2702851,-3.474409,-0.08002619,-0.1011899,-0.009592634,0.9915969,350.7554,348.3598,359.8358,0.2982571,-0.07285553,-0.9517,0,0,0,0.879222,-0.07611839,-2.707581,-0.05149683,0.06402259,0.814387,0.9793372,-0.002828366,0.2022145,0.03521974,0.9870076,-0.1567661,-0.1991439,0.1606488,0.9667128,moving,-6.016704714556757,5.72498151188637,-3.618215679167082,4.495031567311975,-0.21035800000000004,0.19416671000000002,0.7668280000000003,-0.10430129849075973,0.09920951179244596,0.9895851131945228,-6.116936451341878,5.892569488562898,2.6768283924432623,2.695464063763984,2.862991047599024
05/17/2023 16:15:11.897151,297,True,True,True,True,Eyes,1.090084,-0.2669744,-3.466449,-0.2945566,0.2558022,0.9207615,0.0,0.0,0.0,0.0,0.0,0.0,0.0,-0.3775938,-0.3043833,3.618813,1.089829,-0.2704029,-3.474217,-0.07839836,-0.09955347,-0.009570825,0.9918928,350.9422,348.5527,359.8041,0.2983413,-0.07289522,-0.9516706,0,0,0,0.8830261,-0.07897016,-2.707726,-0.05078554,0.06414151,0.8125454,0.979995,-0.003376809,0.1989934,0.03459612,0.9875242,-0.1536199,-0.1959921,0.1574311,0.9678856,moving,-6.13367254370368,5.82834349031188,-3.576436397960055,4.51351115837182,-0.2068028999999999,0.19143274,0.7664909999999998,-0.10630234216767755,0.10097305613599972,0.9891937878873241,-6.234672354127821,5.997620151135596,2.8551241193031593,2.8754548798777293,3.0444700525814783
05/17/2023 16:15:11.917109,298,True,True,True,True,Eyes,1.090351,-0.2670466,-3.466294,-0.2933021,0.254353,0.921563,0.0,0.0,0.0,0.0,0.0,0.0,0.0,-0.3903986,-0.2942804,3.618004,1.09015,-0.2705196,-3.47381,-0.07699388,-0.09786522,-0.009693039,0.9921695,351.1018,348.7522,359.7585,0.298425,-0.07293291,-0.9516415,0,0,0,0.8871192,-0.08203866,-2.707881,-0.05000378,0.06367902,0.810456,0.9806569,-0.004164229,0.1956904,0.03430432,0.987956,-0.1508847,-0.1927052,0.1546792,0.9689887,moving,-6.252885879115612,5.899468497613315,-3.5305783960085138,4.49260496748774,-0.20303079999999996,0.18848094000000004,0.7659289999999999,-0.10834688018838581,0.10217823601437516,0.9888480647100666,-6.35442447305243,6.070052082240214,3.0423831021582908,3.064347079718337,3.2345704609232464
05/17/2023 16:15:11.927698,299,True,True,True,True,Eyes,1.090632,-0.2671221,-3.466128,-0.2919391,0.252794,0.9224244,0.0,0.0,0.0,0.0,0.0,0.0,0.0,-0.4035712,-0.2832378,3.617347,1.090409,-0.2706721,-3.47362,-0.07537115,-0.09611253,-0.01022707,0.9924601,351.282,348.9628,359.6631,0.2985081,-0.07296894,-0.9516127,0,0,0,0.8913673,-0.08522321,-2.708043,-0.04916705,0.06334911,0.8085095,0.9813156,-0.0058117,0.1923174,0.03478815,0.9884292,-0.1476398,-0.189234,0.1515716,0.9701632,moving,-6.381761878941771,5.979056358548675,-3.4799832908007624,4.480140564969741,-0.1990417,0.18544889000000003,0.765577,-0.1105553406442056,0.10352639005385868,0.9884633637508426,-6.483902165838313,6.151085450630564,3.2422886264473294,3.2660476926759645,3.437380604286195
05/17/2023 16:15:11.947268,300,True,True,True,True,Eyes,1.09091,-0.2672056,-3.465958,-0.2904955,0.2511966,0.9233161,0.0,0.0,0.0,0.0,0.0,0.0,0.0,-0.4179891,-0.2726792,3.616191,1.090559,-0.2707729,-3.473222,-0.07385658,-0.0941795,-0.01055018,0.9927558,351.4525,349.192,359.5923,0.2985911,-0.07300358,-0.951584,0,0,0,0.8952084,-0.08810282,-2.708189,-0.0488777,0.06316046,0.80649,0.9820378,-0.007035946,0.1885529,0.03485905,0.9888678,-0.1446559,-0.1854361,0.1486303,0.9713508,moving,-6.521463572667149,6.049356134670643,-3.4681951541912395,4.477992873643015,-0.19535060000000004,0.18267007999999998,0.7650329999999999,-0.11295105149601149,0.1047107252907206,0.9880676656312851,-6.624142186394272,6.222758830874223,3.408486311530961,3.4338943684059013,3.606135038456556
05/17/2023 16:15:11.967013,301,True,True,True,True,Eyes,1.091195,-0.2672966,-3.465783,-0.2889357,0.2494833,0.9242696,0.0,0.0,0.0,0.0,0.0,0.0,0.0,-0.4313362,-0.2629372,3.615168,1.090743,-0.271012,-3.472961,-0.07250258,-0.0923928,-0.01071918,0.9930217,351.6063,349.4023,359.543,0.2986741,-0.07303718,-0.9515554,0,0,0,0.8992382,-0.09112377,-2.708343,-0.0481181,0.0627277,0.8046275,0.9826974,-0.007891323,0.1850504,0.03468619,0.989257,-0.1420125,-0.1819418,0.145974,0.9724138,moving,-6.633245575018717,6.097823757857161,-3.4223097725059644,4.457687471602533,-0.19150480000000003,0.17988822999999998,0.764618,-0.11486860339060499,0.10552316198898316,0.9877601507635743,-6.73629943136648,6.272231347944716,3.5787067770936916,3.605572876166468,3.7782399259715302
05/17/2023 16:15:11.977348,302,True,True,True,True,Eyes,1.09148,-0.2673936,-3.465606,-0.2873097,0.2477072,0.9252536,0.0,0.0,0.0,0.0,0.0,0.0,0.0,-0.4440518,-0.2504949,3.614307,1.090961,-0.2712336,-3.472661,-0.07078328,-0.09070165,-0.01081057,0.9933006,351.8029,349.601,359.5001,0.2987573,-0.07307007,-0.9515269,0,0,0,0.9033404,-0.09419903,-2.708499,-0.04715624,0.06282413,0.8026935,0.9833127,-0.008635961,0.1817184,0.0343166,0.9897457,-0.1386571,-0.1786576,0.1425792,0.9735259,moving,-6.730062477263752,6.185549739811934,-3.362119757638063,4.475225597796504,-0.18762060000000003,0.17703457,0.7641619999999998,-0.11651884257042286,0.10701468806164714,0.9874062795141662,-6.833767566680825,6.361381366660896,3.748756946230374,3.7773332965784876,3.950939393922898
05/17/2023 16:15:11.997272,303,True,True,True,True,Eyes,1.091763,-0.2674981,-3.465424,-0.285554,0.2458425,0.926294,0.0,0.0,0.0,0.0,0.0,0.0,0.0,-0.4568874,-0.2380448,3.613398,1.091206,-0.2714298,-3.472413,-0.06903587,-0.08899628,-0.01099837,0.9935759,352.0018,349.8018,359.4464,0.2988405,-0.0731025,-0.9514982,0,0,0,0.9073888,-0.097234,-2.708653,-0.04629765,0.06293613,0.8008481,0.9839174,-0.009567555,0.1783676,0.03414329,0.9902261,-0.1352271,-0.1753305,0.1391424,0.9746274,moving,-6.822458827270584,6.2688528218270045,-3.3086308364982915,4.493459675346139,-0.1838171999999999,0.1741958,0.76376,-0.11809280113513919,0.10842989000227919,0.9870649651529529,-6.926782438450377,6.446038413369264,3.906648514867466,3.93687794747387,4.111396933268353
05/17/2023 16:15:12.017196,304,True,True,True,True,Eyes,1.092048,-0.267608,-3.465241,-0.2837238,0.2439168,0.9273647,0.0,0.0,0.0,0.0,0.0,0.0,0.0,-0.4706746,-0.2255715,3.612226,1.091481,-0.2716621,-3.472098,-0.06730598,-0.0871648,-0.01111343,0.9938555,352.1996,350.0164,359.401,0.2989239,-0.07313471,-0.9514696,0,0,0,0.9113204,-0.1001814,-2.708803,-0.04576498,0.06315248,0.7989995,0.9845576,-0.01035686,0.1747545,0.03382371,0.9906928,-0.1318474,-0.1717624,0.1357222,0.9757444,moving,-6.923042153854902,6.348511413528773,-3.278197675256229,4.519231553264465,-0.1801605999999999,0.1714807,0.7632949999999998,-0.1198075484559091,0.10977937322250234,0.9867089375102618,-7.027960466607611,6.5270374965251445,4.046294317997971,4.078131444710904,4.253469842046163
05/17/2023 16:15:12.028010,305,True,True,True,True,Eyes,1.092314,-0.2677188,-3.465056,-0.2817561,0.2419336,0.9284835,0.0,0.0,0.0,0.0,0.0,0.0,0.0,-0.4851282,-0.2127653,3.610963,1.091765,-0.2718606,-3.47186,-0.06552279,-0.08524083,-0.01122454,0.9941402,352.4038,350.2413,359.3557,0.2990074,-0.07316687,-0.9514409,0,0,0,0.9156126,-0.1033991,-2.708966,-0.04500674,0.06314541,0.797122,0.985216,-0.01114709,0.1709536,0.03348796,0.9911615,-0.1283641,-0.1680117,0.1321913,0.9768815,moving,-7.025909335954544,6.430995517474165,-3.231577182938621,4.529326659364554,-0.1761524000000001,0.16846150000000001,0.7628939999999997,-0.12155988063381316,0.11117588783445458,0.9863382248767072,-7.131443104366449,6.610904835272402,4.210553784032769,4.24420792767206,4.4206246060404135
05/17/2023 16:15:12.047120,306,True,True,True,True,Eyes,1.092582,-0.2678337,-3.464867,-0.279717,0.2399271,0.9296201,0.0,0.0,0.0,0.0,0.0,0.0,0.0,-0.4993817,-0.2011518,3.609448,1.092023,-0.2719441,-3.471526,-0.06387153,-0.08334097,-0.01142195,0.9944065,352.5921,350.4637,359.3026,0.2990906,-0.07319904,-0.9514123,0,0,0,0.9194034,-0.1062409,-2.70911,-0.04469456,0.06315198,0.7953279,0.9858477,-0.01206988,0.1672087,0.03336234,0.9915799,-0.1251247,-0.1642905,0.1289324,0.9779494,moving,-7.122863001495486,6.495108432350488,-3.216433175556801,4.539971594913092,-0.17261959999999998,0.16570320000000002,0.762416,-0.12321369616531072,0.11225645254055926,0.986010657988904,-7.228879652082966,6.676156510437867,4.333236100203697,4.368381169047414,4.54565866737735
05/17/2023 16:15:12.067116,307,True,True,True,True,Eyes,1.092831,-0.2679549,-3.464675,-0.277556,0.237896,0.930789,0.0,0.0,0.0,0.0,0.0,0.0,0.0,-0.5138781,-0.1916315,3.607719,1.092282,-0.2721216,-3.47121,-0.06248015,-0.08140514,-0.01181685,0.9946506,352.749,350.6912,359.2298,0.2991735,-0.07323133,-0.9513838,0,0,0,0.9233676,-0.1092127,-2.709261,-0.04428662,0.06266444,0.7935674,0.9864671,-0.01333487,0.163416,0.03367969,0.9919132,-0.1223679,-0.1604627,0.1262158,0.9789388,moving,-7.219297181722456,6.523726920032735,-3.194192592369989,4.515020416514741,-0.16891440000000002,0.16290890000000002,0.761949,-0.12486638809584368,0.11272545749450551,0.9857491358502692,-7.325543462567821,6.70548222648834,4.462108303878444,4.49848516419714,4.676129056563473
05/17/2023 16:15:12.076850,308,True,True,True,True,Eyes,1.09308,-0.2680795,-3.464478,-0.2753263,0.2358241,0.9319777,0.0,0.0,0.0,0.0,0.0,0.0,0.0,-0.5284989,-0.1806895,3.605932,1.092518,-0.2723458,-3.47087,-0.06088883,-0.07945184,-0.01223156,0.9949021,352.9289,350.9205,359.1534,0.2992558,-0.07326391,-0.9513554,0,0,0,0.9275736,-0.1123658,-2.709421,-0.04364408,0.06236079,0.7917135,0.9870756,-0.01466295,0.1595831,0.03401386,0.9922859,-0.1192132,-0.1566041,0.1231005,0.9799599,moving,-7.314814534731876,6.572212733104122,-3.1552994329652315,4.503710261207481,-0.1649444000000001,0.15998,0.7614490000000003,-0.12649779960597524,0.11353593956669106,0.985448074751453,-7.4214318788049525,6.754912290777382,4.60758796961707,4.645456743751607,4.823670451366474
05/17/2023 16:15:12.097610,309,True,True,True,True,Eyes,1.093327,-0.2682081,-3.464273,-0.273021,0.2337548,0.9331764,0.0,0.0,0.0,0.0,0.0,0.0,0.0,-0.5435838,-0.1694091,3.603976,1.092749,-0.2725106,-3.470513,-0.05926872,-0.07743255,-0.0125176,0.9951557,353.1136,351.1563,359.0919,0.2993376,-0.07329687,-0.9513271,0,0,0,0.9316114,-0.1153928,-2.709575,-0.04322651,0.06218361,0.7899002,0.987695,-0.01573526,0.1555987,0.03409258,0.9926611,-0.1160247,-0.1526311,0.1199017,0.9809828,moving,-7.41102337408178,6.627346004972259,-3.132330746611689,4.501233875189781,-0.1611376,0.15711779999999997,0.7609379999999999,-0.1281386694089997,0.11445982999482435,0.9851291261558794,-7.51805936827199,6.8110728554213535,4.738424728509238,4.77781994101652,4.956810633607823
05/17/2023 16:15:12.117470,310,True,True,True,True,Eyes,1.093579,-0.2683416,-3.464066,-0.2706686,0.231645,0.934387,0.0,0.0,0.0,0.0,0.0,0.0,0.0,-0.5580683,-0.1591728,3.601918,1.093016,-0.2726991,-3.470092,-0.05782459,-0.0754977,-0.01268481,0.9953871,353.2792,351.3811,359.0468,0.2994189,-0.07333029,-0.951299,0,0,0,0.93549,-0.1183004,-2.709723,-0.04283258,0.06188904,0.7881311,0.9882784,-0.01652135,0.1517659,0.03398384,0.9929909,-0.1132004,-0.1488319,0.117031,0.9819129,moving,-7.491593925189476,6.662881935538793,-3.110794846632386,4.490013161845078,-0.15752599999999994,0.15439870000000003,0.7603690000000003,-0.12951496204435498,0.11505005861372986,0.9848803589470077,-7.598904675748328,6.847340373772533,4.849473791107402,4.890067410003658,5.069528717967854
05/17/2023 16:15:12.127789,311,True,True,True,True,Eyes,1.093829,-0.2684798,-3.46385,-0.2682129,0.2295022,0.935623,0.0,0.0,0.0,0.0,0.0,0.0,0.0,-0.5716269,-0.1479048,3.600093,1.093342,-0.2729067,-3.469789,-0.05618481,-0.07370098,-0.01306003,0.9956109,353.4655,351.5911,358.9778,0.2995,-0.07336426,-0.9512709,0,0,0,0.9396694,-0.1214336,-2.709882,-0.04199959,0.06164348,0.7864182,0.9887952,-0.01772366,0.1482226,0.03428716,0.9933454,-0.1099513,-0.1452875,0.1138015,0.9828228,moving,-7.555182907070932,6.713626306522814,-3.0570443254607493,4.48197176601459,-0.15367260000000005,0.1514731,0.7599070000000001,-0.13059485021767914,0.11590571075119276,0.9846373286505711,-7.662872367852678,6.898936854286575,4.979339731627947,5.021307866237744,5.20147788556382
05/17/2023 16:15:12.146963,312,True,True,True,True,Eyes,1.094078,-0.2686234,-3.463626,-0.2657044,0.2273212,0.9368705,0.0,0.0,0.0,0.0,0.0,0.0,0.0,-0.587017,-0.135278,3.597775,1.093601,-0.2731092,-3.46934,-0.05435626,-0.07164666,-0.01341972,0.9958575,353.674,351.8303,358.9081,0.2995807,-0.07339887,-0.9512428,0,0,0,0.943538,-0.1243336,-2.710029,-0.04182503,0.06191848,0.7846166,0.9893733,-0.01893936,0.1441586,0.03451714,0.9937306,-0.1063392,-0.1412408,0.1101851,0.9838243,moving,-7.645501196764597,6.784441695819039,-3.051339621753109,4.51217882326272,-0.15006300000000006,0.1487756,0.7593109999999998,-0.13212822358956294,0.1170986087981101,0.9842916936902719,-7.753719577776596,6.970947293938966,5.081816628779783,5.125377950874446,5.306403644956069
05/17/2023 16:15:12.167405,313,True,True,True,True,Eyes,1.094322,-0.2687725,-3.463398,-0.263139,0.2250894,0.9381325,0.0,0.0,0.0,0.0,0.0,0.0,0.0,-0.6014682,-0.1240811,3.595476,1.093818,-0.2733412,-3.468927,-0.05270176,-0.06971467,-0.01389547,0.9960769,353.8618,352.0557,358.8282,0.2996613,-0.07343421,-0.9512147,0,0,0,0.9475466,-0.1273388,-2.710182,-0.04127445,0.06182042,0.782867,0.9898936,-0.02033374,0.140347,0.03503008,0.9940589,-0.1030526,-0.1374177,0.1069274,0.9847248,moving,-7.719800111179908,6.8297831346067,-3.017963840651332,4.515088956871965,-0.14627139999999994,0.1460024,0.7587449999999998,-0.13339243707437307,0.11785735319923324,0.9840305182756481,-7.828361511025509,7.017115527626701,5.195828181746066,5.240713067064171,5.422182467227013
05/17/2023 16:15:12.177613,314,True,True,True,True,Eyes,1.094568,-0.2689291,-3.463163,-0.2605353,0.2227881,0.9394077,0.0,0.0,0.0,0.0,0.0,0.0,0.0,-0.6143808,-0.1101252,3.593455,1.093973,-0.2735719,-3.468558,-0.05068267,-0.06798997,-0.01425593,0.9962959,354.0922,352.256,358.7607,0.2997416,-0.07347038,-0.9511865,0,0,0,0.9516219,-0.1303939,-2.710337,-0.0402412,0.06225668,0.7811325,0.9903483,-0.02151442,0.1369213,0.03529806,0.9944561,-0.09905135,-0.1340312,0.1029284,0.9856173,moving,-7.7675406162627665,6.914950557057841,-2.949070063897862,4.55687202173583,-0.14235110000000006,0.14317799999999997,0.7582209999999998,-0.1341889183859958,0.11930699345172788,0.983747519622233,-7.876722001684021,7.10349237528288,5.317981616697316,5.364530999328287,5.5468034799393955
05/17/2023 16:15:12.197711,315,True,True,True,True,Eyes,1.094819,-0.2690926,-3.462924,-0.2578658,0.2204341,0.9406987,0.0,0.0,0.0,0.0,0.0,0.0,0.0,-0.6281965,-0.09566888,3.591164,1.094237,-0.2738582,-3.468125,-0.04861446,-0.06615543,-0.01454734,0.9965183,354.329,352.4681,358.7009,0.2998218,-0.07350753,-0.9511584,0,0,0,0.9556082,-0.1333823,-2.710489,-0.03956029,0.06289197,0.7793868,0.9908237,-0.02256116,0.1332646,0.0354256,0.99485,-0.09496562,-0.1304357,0.09881517,0.9865202,moving,-7.822706554387531,7.004540886734341,-2.905738293866004,4.613439087466545,-0.13862879999999989,0.1404759,0.7576360000000002,-0.13511096748665222,0.12082980064511487,0.9834354036615838,-7.9325414328469765,7.194373446677066,5.419291567089464,5.467535522466935,5.650661197118651
05/17/2023 16:15:12.217177,316,True,True,True,True,Eyes,1.095073,-0.2692625,-3.462679,-0.2551703,0.2180025,0.9419994,0.0,0.0,0.0,0.0,0.0,0.0,0.0,-0.6420165,-0.0810402,3.588857,1.094482,-0.2741354,-3.467795,-0.04651716,-0.06431553,-0.01483465,0.9967345,354.5695,352.6805,358.6422,0.299902,-0.07354572,-0.9511302,0,0,0,0.9596356,-0.1364014,-2.710642,-0.03879999,0.06351621,0.7777506,0.9912869,-0.02358886,0.1295911,0.03555596,0.9952322,-0.09082231,-0.1268309,0.09463869,0.9873993,moving,-7.87683166168688,7.093175078196597,-2.8559723250087767,4.668787788212356,-0.13484639999999992,0.13773399999999997,0.7571530000000002,-0.1360146297050338,0.12233571084150438,0.9831245271926675,-7.987312939113356,7.284282912923841,5.525562186699874,5.575543221117097,5.759467965476387
05/17/2023 16:15:12.227411,317,True,True,True,True,Eyes,1.095321,-0.2694368,-3.462431,-0.2523842,0.2155565,0.943312,0.0,0.0,0.0,0.0,0.0,0.0,0.0,-0.6551421,-0.06544743,3.586521,1.094743,-0.2744081,-3.467401,-0.04430188,-0.06257497,-0.01503793,0.9969432,354.824,352.8804,358.5938,0.2999823,-0.07358506,-0.9511018,0,0,0,0.9636869,-0.1394386,-2.710796,-0.03786084,0.06431328,0.7760628,0.9917164,-0.02443955,0.1260998,0.0355283,0.9956224,-0.08645091,-0.123435,0.0902149,0.9882435,moving,-7.913298040189301,7.196368704649415,-2.793005674470037,4.737346801798491,-0.1310561,0.1349695,0.756605,-0.13661023630227806,0.12409592463740216,0.9828213282543855,-8.02452486291028,7.388861947061343,5.62833272364755,5.680156919411959,5.865093825726638
05/17/2023 16:15:12.246856,318,True,True,True,True,Eyes,1.095569,-0.2696148,-3.462178,-0.2495755,0.2130354,0.9446311,0.0,0.0,0.0,0.0,0.0,0.0,0.0,-0.6682382,-0.05171075,3.584044,1.094908,-0.2746416,-3.467036,-0.04231783,-0.06082246,-0.01533075,0.9971333,355.0516,353.0821,358.5376,0.3000626,-0.07362554,-0.9510733,0,0,0,0.9677021,-0.1424486,-2.710949,-0.03687417,0.06471492,0.7744523,0.9921312,-0.02542586,0.1225937,0.03572135,0.9959484,-0.08252813,-0.1199987,0.08625796,0.9890196,moving,-7.950205660210096,7.267101775657278,-2.725978018128982,4.776662781585119,-0.12720589999999998,0.13219299999999998,0.756087,-0.13722239896376617,0.12529844480132782,0.9825834518724692,-8.061946665680805,7.460589207761375,5.734144407194433,5.787472750646827,5.97294085595892
05/17/2023 16:15:12.267541,319,True,True,True,True,Eyes,1.095823,-0.2697976,-3.461922,-0.2467341,0.2105184,0.945941,0.0,0.0,0.0,0.0,0.0,0.0,0.0,-0.6813322,-0.03625028,3.58147,1.095113,-0.2748589,-3.466647,-0.04008617,-0.05907973,-0.01561835,0.9973259,355.3078,353.282,358.4812,0.300143,-0.07366718,-0.9510447,0,0,0,0.9719405,-0.145626,-2.71111,-0.03568541,0.06531698,0.7727666,0.9925313,-0.02641661,0.1190956,0.03588973,0.9962983,-0.07811248,-0.1165913,0.0818034,0.9898054,moving,-7.985346121548427,7.366583479187193,-2.643970207847946,4.831359342992079,-0.12317250000000002,0.1292329,0.7555369999999999,-0.1377950647080429,0.1269941152387985,0.9822856525263876,-8.097805850938014,7.561406432061042,5.85720270494153,5.91250015409775,6.098973711238111
05/17/2023 16:15:12.286794,320,True,True,True,True,Eyes,1.096076,-0.2699847,-3.461662,-0.2438814,0.2079494,0.9472481,0.0,0.0,0.0,0.0,0.0,0.0,0.0,-0.6938776,-0.02295214,3.578918,1.09523,-0.2751108,-3.466329,-0.03821982,-0.05738629,-0.01567758,0.9974971,355.5237,353.4752,358.4544,0.3002236,-0.07370999,-0.9510159,0,0,0,0.9757933,-0.1485143,-2.711257,-0.03464576,0.06569067,0.7713038,0.992922,-0.02689008,0.1156837,0.03566325,0.9965869,-0.07444895,-0.1132869,0.07804766,0.9904921,moving,-8.008046617772468,7.426840576922142,-2.571907956550384,4.868039189661121,-0.11943669999999995,0.1265965,0.7550720000000002,-0.13816585080720822,0.12802042039506062,0.9821003119908487,-8.120942060713311,7.622477765602817,5.9516578152666115,6.008250001746129,6.195055395862008
05/17/2023 16:15:12.297497,321,True,True,True,True,Eyes,1.096339,-0.2701792,-3.461404,-0.2409669,0.2053866,0.9485523,0.0,0.0,0.0,0.0,0.0,0.0,0.0,-0.7060802,-0.009154946,3.576317,1.095409,-0.2753621,-3.465968,-0.0362866,-0.05574925,-0.01571536,0.9976615,355.7473,353.6616,358.4307,0.3003044,-0.07375397,-0.950987,0,0,0,0.9798086,-0.1515244,-2.71141,-0.03341123,0.06604728,0.7697913,0.9932901,-0.02731133,0.1123783,0.03540313,0.9968726,-0.07065125,-0.1100972,0.07415573,0.9911506,moving,-8.02077587463871,7.4956908647948355,-2.4852472947803603,4.903907557373059,-0.11560040000000005,0.1238377,0.7545580000000003,-0.13836275735186088,0.12919690404797776,0.9819185686974594,-8.134165668273576,7.692208979721324,6.0542282881548495,6.112235055285322,6.299595511797452
05/17/2023 16:15:12.316916,322,True,True,True,True,Eyes,1.096604,-0.2703758,-3.461141,-0.2380468,0.2027844,0.9498485,0.0,0.0,0.0,0.0,0.0,0.0,0.0,-0.7176032,0.0051734,3.573902,1.09561,-0.2756943,-3.465745,-0.03432886,-0.05420158,-0.0155898,0.997818,355.9746,353.8368,358.4266,0.3003856,-0.07379921,-0.9509579,0,0,0,0.9841391,-0.1547709,-2.711575,-0.03169012,0.06630476,0.7683883,0.9936383,-0.02739021,0.109237,0.03483292,0.997157,-0.06681792,-0.1070963,0.07019788,0.9917675,moving,-8.020091870639598,7.56872809624695,-2.36167275415379,4.931875760298704,-0.11147089999999993,0.12092340000000001,0.7541700000000002,-0.138328145980318,0.13044911307414145,0.9817577693879826,-8.134002318810536,7.766127619037589,6.1831114444227815,6.242651451058897,6.43061211719189
05/17/2023 16:15:12.327455,323,True,True,True,True,Eyes,1.096882,-0.270575,-3.460877,-0.235008,0.2002039,0.9511517,0.0,0.0,0.0,0.0,0.0,0.0,0.0,-0.7295706,0.01794089,3.571154,1.095888,-0.2759034,-3.465349,-0.03254428,-0.0526041,-0.01557922,0.9979635,356.1815,354.0183,358.4108,0.3004672,-0.07384564,-0.9509285,0,0,0,0.9878958,-0.1575871,-2.711718,-0.03072487,0.06656286,0.7669722,0.9939802,-0.02767105,0.106008,0.0345189,0.9973963,-0.06331693,-0.1039799,0.06659506,0.9923474,moving,-8.019618652449955,7.621071096945147,-2.2940395797809576,4.960074179542392,-0.10799219999999998,0.11831630000000001,0.7536309999999999,-0.1383035057438548,0.13134640413090629,0.9816415743401153,-8.13390223838636,7.819102354710947,6.253176402154079,6.31372792507027,6.502156409821391
05/17/2023 16:15:12.346926,324,True,True,True,True,Eyes,1.09716,-0.2707719,-3.460612,-0.2319551,0.1975957,0.9524457,0.0,0.0,0.0,0.0,0.0,0.0,0.0,-0.7423297,0.0305291,3.568257,1.096229,-0.2761296,-3.465036,-0.03076127,-0.05090508,-0.01565495,0.998107,356.388,354.2116,358.3855,0.3005495,-0.07389321,-0.9508988,0,0,0,0.9920443,-0.1606971,-2.711875,-0.02958012,0.06652713,0.7655908,0.9943272,-0.02811882,0.1025806,0.03438244,0.9976174,-0.05981223,-0.1006543,0.0629999,0.9929249,moving,-8.031585636807396,7.6700403370785315,-2.212635572735075,4.966325227614644,-0.10418469999999991,0.11543249999999997,0.753161,-0.13849302511431277,0.132181813535223,0.9815027716151469,-8.146221597756972,7.868709048916716,6.354653807166741,6.416405164990019,6.605397411397075
05/17/2023 16:15:12.367106,325,True,True,True,True,Eyes,1.097456,-0.2709675,-3.460344,-0.2287911,0.1950366,0.9537376,0.0,0.0,0.0,0.0,0.0,0.0,0.0,-0.7552601,0.04181093,3.565239,1.096498,-0.2762308,-3.46475,-0.0290886,-0.04917584,-0.01593868,0.9982392,356.5807,354.4091,358.3375,0.3006326,-0.07394175,-0.9508687,0,0,0,0.9959794,-0.163647,-2.712025,-0.0286419,0.06631557,0.7643,0.9946554,-0.02896031,0.09910578,0.03468214,0.9977996,-0.05650717,-0.09725124,0.05964236,0.9934711,moving,-8.044070692889466,7.705152223656983,-2.1461368904201152,4.958929907249524,-0.10051860000000001,0.11258380000000001,0.7527249999999999,-0.1386957191055203,0.13277946889610895,0.9813934799936262,-8.158960347943578,7.904292613072191,6.4432321886862605,6.50594805923356,6.695461701794391
05/17/2023 16:15:12.377427,326,True,True,True,True,Eyes,1.097755,-0.2711637,-3.460075,-0.2256083,0.1924886,0.9550126,0.0,0.0,0.0,0.0,0.0,0.0,0.0,-0.7687217,0.05065379,3.562006,1.096795,-0.2763587,-3.464398,-0.02772469,-0.04737641,-0.01636516,0.9983582,356.7376,354.6153,358.2752,0.3007167,-0.07399111,-0.9508383,0,0,0,1.000119,-0.1667501,-2.712183,-0.02764379,0.06549348,0.7629772,0.9949753,-0.03004959,0.09550469,0.03530358,0.997927,-0.05380769,-0.09368981,0.05690899,0.9939736,moving,-8.064751035218913,7.70310778103823,-2.075003003793709,4.906206747715919,-0.09667599999999998,0.1096086,0.7522150000000001,-0.13905071632355426,0.13273777634371625,0.9813488744268483,-8.179631590136683,7.902300813102447,6.547298363545663,6.610577650263366,6.800225718742003
05/17/2023 16:15:12.396865,327,True,True,True,True,Eyes,1.098055,-0.2713558,-3.459806,-0.2218584,0.1899515,0.9563981,0.0,0.0,0.0,0.0,0.0,0.0,0.0,-0.7822757,0.05807672,3.558744,1.097116,-0.2765383,-3.464081,-0.02654243,-0.04556654,-0.01687974,0.9984661,356.8734,354.8231,358.2043,0.3008018,-0.07404124,-0.9508075,0,0,0,1.003977,-0.1696429,-2.71233,-0.02696582,0.06463023,0.7617914,0.9952775,-0.03128881,0.09188934,0.03612659,0.9980212,-0.05146512,-0.09009723,0.05454172,0.9944384,moving,-8.053837959894118,7.679658075319697,-2.027304127131292,4.84934985171963,-0.09313900000000008,0.1068954,0.7517510000000001,-0.13887125991021027,0.1323394902803901,0.9814280820160471,-8.168548401353554,7.87852645923342,6.594968596437262,6.658059377777668,6.847685167644353
05/17/2023 16:15:12.417119,328,True,True,True,True,Eyes,1.098362,-0.2715483,-3.459536,-0.2180991,0.1874605,0.9577533,0.0,0.0,0.0,0.0,0.0,0.0,0.0,-0.796737,0.0637839,3.555264,1.097517,-0.2766066,-3.46377,-0.02552897,-0.04364385,-0.01759464,0.9985661,356.9894,355.0444,358.1114,0.300888,-0.07409194,-0.9507763,0,0,0,1.007931,-0.1726065,-2.71248,-0.02645311,0.06330207,0.7606385,0.9955713,-0.03291045,0.08806088,0.03736718,0.9980774,-0.04944893,-0.08626418,0.05252052,0.9948869,moving,-8.058321520289711,7.636031873819657,-1.991801563453654,4.757322610466108,-0.08958600000000017,0.10400009999999998,0.75129,-0.1389620367237064,0.13159047959917908,0.9815159388264705,-8.172722046832694,7.834389028742093,6.652125524272142,6.714881339949923,6.904499675163755
05/17/2023 16:15:12.426777,329,True,True,True,True,Eyes,1.098664,-0.2717344,-3.459268,-0.2140123,0.1849825,0.9591559,0.0,0.0,0.0,0.0,0.0,0.0,0.0,-0.8108844,0.06687658,3.552041,1.097888,-0.2765343,-3.463694,-0.02485686,-0.04175058,-0.01832885,0.9986507,357.0665,355.2628,358.0184,0.3009752,-0.07414317,-0.9507447,0,0,0,1.012028,-0.1756781,-2.712636,-0.02567224,0.06120428,0.7597542,0.9958419,-0.03453265,0.08429967,0.0386838,0.9980924,-0.04811616,-0.08247728,0.05117713,0.9952781,moving,-8.038831906775446,7.554535237896626,-1.9352990327287087,4.605687665747895,-0.08586000000000005,0.10085620000000001,0.751058,-0.13865381849331515,0.1301999195219188,0.9817448395260644,-8.152646109191638,7.751833110738526,6.716790917759881,6.778555565040143,6.968043902720291
05/17/2023 16:15:12.446672,330,True,True,True,True,Eyes,1.098972,-0.2719083,-3.45901,-0.2098938,0.1825555,0.9605301,0.0,0.0,0.0,0.0,0.0,0.0,0.0,-0.8267263,0.07038011,3.548203,1.09833,-0.2765421,-3.463433,-0.02400693,-0.03965289,-0.01951795,0.9987344,357.1627,355.5054,357.8722,0.3010632,-0.07419469,-0.9507128,0,0,0,1.016039,-0.1786852,-2.712789,-0.02543991,0.05947071,0.7587034,0.9960934,-0.0370826,0.08014253,0.04089037,0.9980854,-0.0464052,-0.07826827,0.04950097,0.9957026,moving,-8.049877182206798,7.487638701720947,-1.9204521511033448,4.481946077682796,-0.08229100000000011,0.09785690000000002,0.7506440000000003,-0.1388641400508476,0.12904975068217353,0.9818670497177854,-8.163217265078824,7.684168259546286,6.765606553438366,6.826715122378764,7.016148742029907
05/17/2023 16:15:12.466941,331,True,True,True,True,Eyes,1.106687,-0.2762502,-3.452608,-0.09823053,0.1207177,0.9878148,0.7441395,1.03359,-0.1864194,-2.717536,0.8991946,-0.312623,-0.3061304,-0.01231697,0.0536554,0.7518077,1.098785,-0.2766368,-3.463094,-0.02331549,-0.03726434,-0.02073265,0.9988184,357.2418,355.7816,357.7234,0.301152,-0.07424612,-0.9506806,0,0,0,1.0201,-0.1817291,-2.712944,-0.02559841,0.05754757,0.7575997,0.9963631,-0.03967862,0.07540738,0.04315397,0.9980531,-0.04503069,-0.07347381,0.04812105,0.9961355,moving,-1.6186768974346062,4.116814026843186,-1.93522129779692,4.343867994859184,-0.0786849999999999,0.09490770000000001,0.7501500000000001,-0.02817465721053377,0.0717616536216625,0.9970238377175162,-1.7062754319719469,4.248480845214557,0.38837143699879206,0.3895559803064851,0.24802201070806823
05/17/2023 16:15:12.477185,332,True,True,True,True,Eyes,1.10671,-0.2762601,-3.452595,-0.09801032,0.1206566,0.9878441,0.744572,1.033734,-0.1864226,-2.717074,0.9089933,-0.312905,-0.2753572,-0.01667609,0.05480999,0.7518947,1.099283,-0.2767798,-3.46284,-0.02250429,-0.03472374,-0.02194422,0.9989026,357.3358,356.0746,357.5743,0.3014725,-0.07441884,-0.9505649,0,0,0,1.024145,-0.1847617,-2.713098,-0.02602375,0.05585956,0.7565905,0.9966254,-0.04227741,0.07035894,0.04540314,0.998024,-0.0434352,-0.06838359,0.04648314,0.9965756,moving,-1.912093662618562,4.192145485013431,-1.9699737744791113,4.222522855992923,-0.07513799999999993,0.09201810000000002,0.7497419999999999,-0.03327696405179878,0.07306099168054024,0.9967721600310794,-2.0003071302153295,4.325822012327765,0.06515476602737605,0.06536736201358731,0.1076607085696079
05/17/2023 16:15:12.498087,333,True,True,True,True,Eyes,1.106737,-0.2762744,-3.452576,-0.0973747,0.1204499,0.9879322,0.7349768,1.035169,-0.1877466,-2.726469,0.4724297,-0.002239968,-0.8813655,-0.02057119,0.05515273,0.7418708,1.099797,-0.2769959,-3.462468,-0.02172679,-0.03202036,-0.02291878,0.9989883,357.4279,356.3855,357.4527,0.3017616,-0.07457456,-0.9504604,0,0,0,1.028082,-0.187713,-2.713247,-0.0267788,0.05429732,0.7555005,0.9968989,-0.04439978,0.06497183,0.04718257,0.9980053,-0.04194188,-0.06298002,0.04487735,0.9970053,moving,-2.1971756415993653,4.257199780309087,-2.0300054823356506,4.1107418025509395,-0.07171499999999997,0.08928290000000003,0.7492209999999999,-0.038232925425231434,0.07417952979790618,0.9965117576723971,-2.2859285465930785,4.392730443345188,0.2215563160154415,0.22225166230483331,0.3808073113214865
05/17/2023 16:15:12.517102,334,True,True,True,True,Eyes,1.10679,-0.2762932,-3.45255,-0.09650674,0.1201915,0.9880489,0.7336463,1.035988,-0.1881151,-2.727672,0.2511504,0.1800338,-0.9510579,-0.02486527,0.05618449,0.7401927,1.100392,-0.2770991,-3.462243,-0.02076739,-0.02914708,-0.02399605,0.9990714,357.5415,356.7154,357.3187,0.3020226,-0.07471513,-0.9503662,0,0,0,1.032221,-0.1908159,-2.713405,-0.02765084,0.05273183,0.754523,0.9971492,-0.0467369,0.05923669,0.04915814,0.9979858,-0.04009737,-0.05724335,0.04289502,0.9974384,moving,-2.489973040218522,4.339040541452714,-2.098766746982585,3.9977663922869873,-0.06817099999999998,0.08628319999999998,0.7488380000000001,-0.04332026741356571,0.07558715889456355,0.9961978278285659,-2.5793871326647926,4.476657377642281,0.5174394418658941,0.5191439191170326,0.6784780991217612
05/17/2023 16:15:12.527518,335,True,True,True,True,Eyes,1.106845,-0.2763142,-3.452518,-0.09530569,0.1198088,0.9882118,0.7336465,1.036924,-0.1884169,-2.72752,0.04220121,0.3633824,-0.9306837,-0.02942199,0.05687752,0.7398368,1.101021,-0.2771887,-3.462006,-0.02001729,-0.0259866,-0.02518267,0.9991446,357.6325,357.0787,357.1728,0.3022591,-0.07484217,-0.9502808,0,0,0,1.036291,-0.1938674,-2.71356,-0.02904566,0.05086558,0.7535737,0.997381,-0.0492819,0.05293691,0.05136262,0.9979303,-0.03869151,-0.05092055,0.04130916,0.997848,moving,-2.7965901938247986,4.388613554676363,-2.207309436248164,3.8615586103275636,-0.06472999999999995,0.08332130000000001,0.748446,-0.04864761039025378,0.07643027653585352,0.995887397045985,-2.8864390305712035,4.527977742379359,0.7878905925257345,0.7905939068906417,0.9514890779457453
05/17/2023 16:15:12.547272,336,True,True,True,True,Eyes,1.106921,-0.276343,-3.45248,-0.09387531,0.1193748,0.9884013,0.7350008,1.037923,-0.1886025,-2.726004,-0.1580981,0.5510239,-0.8193765,-0.03418935,0.05745453,0.7407789,1.101623,-0.2772551,-3.461739,-0.01935068,-0.02260099,-0.0265782,0.9992038,357.7149,357.4683,357.0031,0.3024735,-0.07495711,-0.9502035,0,0,0,1.040295,-0.1968685,-2.713712,-0.03082381,0.04887386,0.7526144,0.9975656,-0.0522394,0.04619459,0.05398877,0.9978383,-0.03746915,-0.04413737,0.03987193,0.9982295,moving,-3.1176011375687604,4.423469474948345,-2.3452750355541805,3.7155009974123194,-0.06132800000000005,0.08038659999999997,0.748027,-0.05422403562873282,0.07701396555247439,0.995554443320074,-3.207783583010311,4.564456755634161,1.0439709985345407,1.0477151201723272,1.21022595983267
05/17/2023 16:15:12.567086,337,True,True,True,True,Eyes,1.106993,-0.2763785,-3.452436,-0.09219077,0.1187821,0.9886312,0.7386186,1.038899,-0.1886438,-2.722214,-0.3603225,0.7486172,-0.5565428,-0.03885901,0.05843379,0.743991,1.102148,-0.2774345,-3.461513,-0.01853575,-0.01919185,-0.02781779,0.999257,357.8158,357.8594,356.8516,0.3026686,-0.07506137,-0.9501331,0,0,0,1.044305,-0.1998748,-2.713865,-0.03252045,0.04723191,0.7516986,0.9977157,-0.05488276,0.03938644,0.0563057,0.9977651,-0.0359762,-0.03732394,0.0381117,0.9985762,moving,-3.424975820212781,4.467688614907073,-2.477220739546374,3.5953720237474234,-0.05784299999999987,0.07755969999999998,0.7476479999999999,-0.05956062587354341,0.07775858957973328,0.9951914934117781,-3.515555031649729,4.610361284035247,1.28325095118152,1.2880900310697925,1.4520128445221823
05/17/2023 16:15:12.577071,338,True,True,True,True,Eyes,1.107085,-0.2764227,-3.452388,-0.09032936,0.1181227,0.9888819,0.7366478,1.040544,-0.1894079,-2.723931,-0.2506793,0.6977701,-0.6710266,-0.04288161,0.05884884,0.7416239,1.102648,-0.2776246,-3.46127,-0.01779837,-0.01585228,-0.02880523,0.9993009,357.9091,358.242,356.7299,0.3028463,-0.07515621,-0.950069,0,0,0,1.048549,-0.2030564,-2.714026,-0.03379255,0.0453538,0.7507735,0.9978379,-0.05700589,0.03270776,0.05813447,0.9977069,-0.0346586,-0.03065701,0.03648512,0.9988638,moving,-3.710919408192818,4.5018281103259055,-2.5771615099362406,3.457004313233482,-0.05409900000000012,0.0745682,0.7472439999999998,-0.0645236350090439,0.0783273341463808,0.9948373268688957,-3.8018178287893574,4.645983978444788,1.5357531595378144,1.541772920643569,1.7068848067731037
05/17/2023 16:15:12.597501,339,True,True,True,True,Eyes,1.107175,-0.276473,-3.452339,-0.08837292,0.1172523,0.9891623,0.0,0.0,0.0,0.0,0.0,0.0,0.0,-1.025202,0.0987026,3.494663,1.103185,-0.2778456,-3.461103,-0.01671215,-0.0128006,-0.02949631,0.9993432,358.0425,358.5896,356.6428,0.303009,-0.07524282,-0.9500102,0,0,0,1.052638,-0.2061221,-2.714182,-0.03479365,0.04417222,0.7499527,0.9979322,-0.05852602,0.02657028,0.05938172,0.9977013,-0.03264719,-0.02459849,0.03415747,0.9991137,moving,-3.9558757834372003,4.567308849042776,-2.6563019533681977,3.3708274319167435,-0.05054700000000012,0.07172350000000002,0.746921,-0.06877017776741501,0.07944165602936984,0.9944644873111638,-4.047306051685488,4.7131738628724165,1.7592912171389172,1.7664823580574294,1.9330769105845038
05/17/2023 16:15:12.617046,340,True,True,True,True,Eyes,1.107286,-0.2765301,-3.452285,-0.08626205,0.1163095,0.9894599,0.0,0.0,0.0,0.0,0.0,0.0,0.0,-1.046589,0.1060976,3.48814,1.103717,-0.2780236,-3.460959,-0.01539912,-0.00988176,-0.03013949,0.9993783,358.2021,358.9209,356.5621,0.3031579,-0.07532218,-0.9499565,0,0,0,1.056482,-0.2090034,-2.714328,-0.03583714,0.04346634,0.7491854,0.9979879,-0.05993716,0.02067947,0.06054584,0.9977089,-0.03018343,-0.01882298,0.03137475,0.9993304,moving,-4.176969180114778,4.655769891089964,-2.7386450757076273,3.3204719491194656,-0.04723500000000014,0.06902019999999998,0.7466309999999998,-0.0725982353721443,0.08095493275365293,0.9940702841611173,-4.269088848655967,4.803532884554813,1.9542346423247072,1.9625995065599298,2.131133003913814
05/17/2023 16:15:12.627371,341,True,True,True,True,Eyes,1.107391,-0.276594,-3.452229,-0.08408269,0.1151503,0.9897831,0.0,0.0,0.0,0.0,0.0,0.0,0.0,-1.067981,0.1133827,3.481436,1.104285,-0.2782109,-3.460779,-0.01410635,-0.006960922,-0.0307515,0.9994034,358.3597,359.2522,356.4858,0.3032952,-0.0753952,-0.9499069,0,0,0,1.060778,-0.212224,-2.714492,-0.03643271,0.04243039,0.7483745,0.9980118,-0.06126992,0.01478112,0.0616627,0.9977108,-0.02776775,-0.01304595,0.02862399,0.9995051,moving,-4.393159996131062,4.729894962781134,-2.787098965746108,3.2450095001232917,-0.04350699999999996,0.06598689999999999,0.7462870000000001,-0.07634066315627165,0.08221788065879213,0.9936862677133933,-4.485865534861377,4.879364082453097,2.177646772224588,2.1873081334219404,2.3573126133642295
05/17/2023 16:15:12.647161,342,True,True,True,True,Eyes,1.107512,-0.2766629,-3.45217,-0.08179878,0.1139355,0.990115,0.0,0.0,0.0,0.0,0.0,0.0,0.0,-1.087855,0.121787,3.475007,1.104747,-0.278417,-3.460629,-0.01269378,-0.004236809,-0.0312414,0.9994224,358.5309,359.5601,356.4247,0.3034217,-0.07546271,-0.9498612,0,0,0,1.064499,-0.2150138,-2.714633,-0.03721103,0.04201074,0.7476625,0.998012,-0.06233914,0.009261866,0.06255426,0.9977257,-0.02510818,-0.007675579,0.02563763,0.9996418,moving,-4.579868001314795,4.816554923625615,-2.849249770809478,3.2160362119627415,-0.04024799999999984,0.06340320000000002,0.7459959999999999,-0.07956849750883457,0.08369954480601963,0.9933092631190905,-4.673240986687807,4.967771553308581,2.3464252880074814,2.3572652812401786,2.5289366662139505
05/17/2023 16:15:12.666951,343,True,True,True,True,Eyes,1.107634,-0.2767388,-3.452105,-0.07951789,0.1125375,0.9904606,0.0,0.0,0.0,0.0,0.0,0.0,0.0,-1.105487,0.1288228,3.469176,1.105199,-0.278573,-3.460464,-0.01146608,-0.001825602,-0.03175879,0.9994283,358.6801,359.8326,356.3618,0.303539,-0.0755254,-0.9498188,0,0,0,1.068621,-0.2181036,-2.714791,-0.03707654,0.04100422,0.746972,0.9979761,-0.06343938,0.004377415,0.06352311,0.9977198,-0.02280309,-0.002920819,0.023035,0.9997304,moving,-4.729780890347431,4.872071994310672,-2.8415887845222247,3.142036365803532,-0.036578,0.060469400000000006,0.745673,-0.08216060759491228,0.08464411418377454,0.9930181228871613,-4.8235894909329105,5.024521524080309,2.5489350725153557,2.5609163798149917,2.7335100459564434
05/17/2023 16:15:12.677077,344,True,True,True,True,Eyes,1.107775,-0.2768201,-3.452037,-0.07714755,0.1110772,0.9908129,0.0,0.0,0.0,0.0,0.0,0.0,0.0,-1.1217,0.1359237,3.463644,1.105659,-0.278783,-3.460248,-0.01021721,0.0003784343,-0.03234066,0.9994247,358.8312,0.08122197,356.2924,0.3036481,-0.07558394,-0.9497795,0,0,0,1.07281,-0.221244,-2.71495,-0.03657158,0.04004412,0.7462694,0.9979078,-0.06465183,-9.556994e-05,0.06463636,0.9976994,-0.02044713,0.001417294,0.02039818,0.9997909,moving,-4.8514378694038855,4.9267021535360165,-2.8055849256680574,3.071492440653225,-0.032848999999999906,0.05753900000000001,0.745298,-0.0842621846313152,0.0855758285313286,0.9927621837326335,-4.94566827451311,5.0802681146454916,2.748701137043214,2.761759827748822,2.9351552681973985
05/17/2023 16:15:12.697413,345,True,True,True,True,Eyes,1.107909,-0.2769083,-3.451962,-0.07488711,0.1093869,0.9911743,0.0,0.0,0.0,0.0,0.0,0.0,0.0,-1.138508,0.1438379,3.457848,1.106208,-0.2789567,-3.460071,-0.008778928,0.002643113,-0.03310315,0.9994099,359.0046,0.3360539,356.2029,0.3037503,-0.0756389,-0.9497425,0,0,0,1.076703,-0.2241628,-2.715098,-0.03657053,0.03951175,0.7456261,0.9977944,-0.06621364,-0.004701887,0.06612083,0.9976542,-0.01772249,0.005864328,0.0173725,0.9998319,moving,-4.988281259762284,4.987559457101797,-2.8079211223756793,3.033344789121821,-0.029505000000000114,0.054793900000000006,0.7449730000000003,-0.08662523157469262,0.08661263338132234,0.992468834326618,-5.082981899221932,5.142374044510897,2.9138147871165625,2.927955822284999,3.102242082499571
05/17/2023 16:15:12.717201,346,True,True,True,True,Eyes,1.108056,-0.2769987,-3.451881,-0.07254455,0.1076429,0.9915394,0.0,0.0,0.0,0.0,0.0,0.0,0.0,-1.155307,0.1520019,3.451851,1.106665,-0.2791812,-3.459836,-0.007371326,0.004933164,-0.03366705,0.9993939,359.1748,0.5934667,356.1369,0.3038462,-0.07569084,-0.9497078,0,0,0,1.080647,-0.2271189,-2.715248,-0.03643763,0.03897183,0.7449512,0.9976844,-0.06736601,-0.009364005,0.06722055,0.9976245,-0.01506588,0.01035669,0.01440154,0.9998426,moving,-5.120790441221458,5.043985973700275,-2.8002637889669786,2.9946762741956614,-0.026018000000000097,0.052062300000000006,0.7445880000000002,-0.08891281454526886,0.08757228277284593,0.9921822887489294,-5.215928570357304,5.1999793429838626,3.080657401550816,3.0958866562435827,3.270901704615446
05/17/2023 16:15:12.727557,347,True,True,True,True,Eyes,1.10822,-0.2770979,-3.451792,-0.07045196,0.1057309,0.9918959,0.0,0.0,0.0,0.0,0.0,0.0,0.0,-1.171265,0.1605969,3.445937,1.107045,-0.2792861,-3.459565,-0.00590519,0.00711769,-0.03416413,0.9993734,359.3516,0.838318,356.0794,0.3039367,-0.07574012,-0.949675,0,0,0,1.08477,-0.2302103,-2.715405,-0.03586208,0.03829335,0.7442617,0.9975643,-0.06836951,-0.01382297,0.06820139,0.9975958,-0.01228932,0.01462995,0.01131664,0.9998289,moving,-5.254468063559329,5.097596355198656,-2.7586503818637804,2.945354224109063,-0.022275000000000045,0.049075799999999975,0.7441599999999999,-0.09122007772400494,0.08848206271463979,0.9918920305745231,-5.350023909795358,5.254738795099524,3.2792276358660892,3.2956413778051172,3.471091162443497
05/17/2023 16:15:12.746824,348,True,True,True,True,Eyes,1.108397,-0.2772044,-3.451701,-0.06829544,0.1037669,0.9922541,0.0,0.0,0.0,0.0,0.0,0.0,0.0,-1.185643,0.168044,3.440532,1.107436,-0.2795307,-3.459291,-0.004649984,0.009083197,-0.03459544,0.9993492,359.5035,1.058715,356.0301,0.3040229,-0.07578726,-0.9496437,0,0,0,1.088768,-0.2332074,-2.715557,-0.0350897,0.03754162,0.7436357,0.9974413,-0.06923033,-0.01783283,0.06906138,0.9975631,-0.009922391,0.01847631,0.008665442,0.9997917,moving,-5.35747263223233,5.125586713066571,-2.7015937094836264,2.89006005074453,-0.01866800000000013,0.04632330000000001,0.7437339999999999,-0.09299921725121923,0.0889519146387296,0.9916847977558081,-5.453255370208895,5.2834533656949,3.4541654098416883,3.4714942474752197,3.6469128664055663
05/17/2023 16:15:12.767838,349,True,True,True,True,Eyes,1.108576,-0.2773184,-3.451603,-0.06623083,0.1016273,0.9926154,0.0,0.0,0.0,0.0,0.0,0.0,0.0,-1.199574,0.1773164,3.435223,1.107892,-0.2797775,-3.459115,-0.00308278,0.01095769,-0.03516296,0.9993169,359.6911,1.267344,355.9661,0.3041056,-0.07583266,-0.9496137,0,0,0,1.092764,-0.2362025,-2.715709,-0.03427243,0.03725093,0.7431125,0.9972869,-0.07034545,-0.02168361,0.07021032,0.9975082,-0.006931957,0.02211721,0.005390737,0.9997409,moving,-5.457551268935713,5.177932115972838,-2.6406164419394362,2.8697351014711434,-0.01512800000000003,0.043575,0.7434060000000002,-0.094723639977371,0.08984320478162405,0.9914411701401871,-5.553733801711218,5.336806800783012,3.6234914924539394,3.6418258164414015,3.817420008506958
05/17/2023 16:15:12.776717,350,True,True,True,True,Eyes,1.108762,-0.2774394,-3.451501,-0.06412246,0.09945066,0.9929743,0.0,0.0,0.0,0.0,0.0,0.0,0.0,-1.212604,0.1860188,3.430035,1.10825,-0.280016,-3.458833,-0.001619818,0.01272464,-0.03566401,0.9992816,359.8665,1.463872,355.9103,0.3041852,-0.07587673,-0.9495848,0,0,0,1.096841,-0.2392594,-2.715865,-0.03309146,0.03676045,0.7425267,0.9971323,-0.07131797,-0.02531546,0.07123552,0.9974509,-0.004144931,0.02554654,0.002329685,0.9996709,moving,-5.541411581177363,5.217400329072993,-2.551756394373658,2.8342420636658137,-0.011409000000000002,0.040756599999999976,0.7429679999999999,-0.09616879413940521,0.09051354284132589,0.9912411138100867,-5.6378977833982695,5.377066504353045,3.8040358495556097,3.8232815033634204,3.998777914464254
05/17/2023 16:15:12.796720,351,True,True,True,True,Eyes,1.108963,-0.2775699,-3.451392,-0.06212664,0.09711108,0.9933327,0.0,0.0,0.0,0.0,0.0,0.0,0.0,-1.22454,0.1948683,3.425228,1.108574,-0.2802724,-3.458637,-0.0001217849,0.0143335,-0.03621809,0.9992412,0.04554323,1.641983,355.849,0.3042622,-0.07591978,-0.9495568,0,0,0,1.100826,-0.2422468,-2.716016,-0.03174243,0.03641324,0.7420638,0.9969656,-0.07238471,-0.02863643,0.07237772,0.9973764,-0.001281649,0.02865408,-0.0007948794,0.9995891,moving,-5.613627330114887,5.251166144329783,-2.449384016974978,2.8092636244802165,-0.007747999999999866,0.038025599999999965,0.7426209999999998,-0.09741297155702755,0.09108661869280808,0.9910671395083616,-5.710373452340377,5.411511219815202,3.9768579493471687,3.9969142674316007,4.172019252711025
05/17/2023 16:15:12.817461,352,True,True,True,True,Eyes,1.109172,-0.2777041,-3.451277,-0.06010374,0.09472766,0.9936872,0.0,0.0,0.0,0.0,0.0,0.0,0.0,-1.235494,0.2051784,3.420492,1.10889,-0.2805493,-3.458318,0.001548343,0.01580106,-0.03666698,0.9992015,0.2436779,1.80303,355.8006,0.3043373,-0.07596219,-0.9495294,0,0,0,1.104811,-0.2452344,-2.716168,-0.03017062,0.03635716,0.7414969,0.9968117,-0.07322647,-0.03169043,0.07332433,0.9973063,0.001935459,0.03146334,-0.004252968,0.9994959,moving,-5.667642423376292,5.303804572793152,-2.3300113139954868,2.8070850427043132,-0.004078999999999944,0.03531490000000001,0.7421499999999996,-0.09833905441917909,0.09198866391933452,0.9908923032606423,-5.764778226059765,5.464988855744024,4.147249827826391,4.168139853008003,4.34304920759397
05/17/2023 16:15:12.833717,353,True,True,True,True,Eyes,1.109398,-0.2778496,-3.451152,-0.05808505,0.09223057,0.9940421,0.0,0.0,0.0,0.0,0.0,0.0,0.0,-1.24591,0.2152123,3.415941,1.109255,-0.2807313,-3.458035,0.003236077,0.01717648,-0.03724075,0.9991534,0.443818,1.953241,355.7385,0.3044109,-0.07600412,-0.9495025,0,0,0,1.108859,-0.2482685,-2.716322,-0.028444,0.03619006,0.7409943,0.9966362,-0.07430729,-0.03456491,0.07452962,0.9972053,0.005187346,0.03408286,-0.007746006,0.9993891,moving,-5.712195174354603,5.35113932784537,-2.1982913930849124,2.7960962207614997,-0.00039600000000006297,0.032462800000000014,0.7417130000000003,-0.09910204003933464,0.0928001968012785,0.9907406102417141,-5.809680329549795,5.513063219685226,4.322954190454529,4.3446248472196345,4.519296374842168
05/17/2023 16:15:12.847393,354,True,True,True,True,Eyes,1.10963,-0.2779996,-3.45102,-0.05603766,0.08969413,0.9943916,0.0,0.0,0.0,0.0,0.0,0.0,0.0,-1.257079,0.2252113,3.410939,1.109581,-0.2810645,-3.457644,0.004872781,0.01867473,-0.0377207,0.9991019,0.6386123,2.117596,355.6875,0.3044837,-0.07604593,-0.9494759,0,0,0,1.112951,-0.2513365,-2.716478,-0.02680678,0.03606907,0.7404075,0.9964569,-0.07519167,-0.03768353,0.07555566,0.9971068,0.008327961,0.03694832,-0.01114566,0.9992551,moving,-5.767711094177352,5.391084502877352,-2.0735132662368,2.788968245122276,0.003370000000000095,0.029727999999999977,0.7411660000000002,-0.10005554129046733,0.09348192183018213,0.9905806021688995,-5.8654958106036155,5.553699592255104,4.496192714485816,4.518639907188222,4.692853187411846
05/17/2023 16:15:12.867339,355,True,True,True,True,Eyes,1.10987,-0.2781569,-3.45088,-0.05396781,0.08705846,0.9947403,0.0,0.0,0.0,0.0,0.0,0.0,0.0,-1.267704,0.2354786,3.40614,1.109919,-0.2812865,-3.45735,0.006576131,0.02008853,-0.03823118,0.9990454,0.840887,2.271808,355.6337,0.304556,-0.07608778,-0.9494494,0,0,0,1.116954,-0.2543375,-2.71663,-0.02514619,0.03600214,0.7399411,0.9962696,-0.07612514,-0.04064152,0.07665357,0.9969903,0.01160369,0.03963587,-0.01467572,0.9991064,moving,-5.81241948062443,5.433174636941482,-1.946393146622007,2.785553089881697,0.0070349999999999024,0.026949,0.74072,-0.10082159579315625,0.09420226872879983,0.9904347039587852,-5.91051619088266,5.596466442109943,4.662546325405896,4.685729342552285,4.859578724928055
05/17/2023 16:15:12.877129,356,True,True,True,True,Eyes,1.110111,-0.2783163,-3.450729,-0.05188114,0.0843993,0.9950805,0.0,0.0,0.0,0.0,0.0,0.0,0.0,-1.277902,0.2457966,3.401304,1.110209,-0.2815491,-3.456947,0.008239536,0.02145715,-0.03861845,0.9989898,1.038239,2.420979,355.5943,0.304628,-0.07612988,-0.949423,0,0,0,1.121374,-0.257651,-2.716799,-0.02291534,0.03564702,0.7394048,0.9960964,-0.07680529,-0.04350735,0.07751247,0.9968815,0.01480514,0.04223455,-0.0181197,0.9989434,moving,-5.84937819372558,5.470825288374838,-1.7751198742918024,2.7601168354946504,0.011165000000000092,0.023898099999999978,0.740148,-0.1014542241125808,0.09484696537880073,0.9903086334959353,-5.947753186249135,5.634711078892537,4.869695568886691,4.893620456266653,5.066967615865754
05/17/2023 16:15:12.897219,357,True,True,True,True,Eyes,1.110366,-0.2784846,-3.450569,-0.04974694,0.08163171,0.9954203,0.0,0.0,0.0,0.0,0.0,0.0,0.0,-1.287518,0.2553613,3.396678,1.110471,-0.281725,-3.456562,0.00981034,0.02274855,-0.03901942,0.9989313,1.22479,2.561579,355.5536,0.3047,-0.07617227,-0.9493965,0,0,0,1.124981,-0.260355,-2.716936,-0.02138605,0.03562191,0.7389092,0.99592,-0.07750908,-0.04621407,0.07840177,0.9967625,0.01782444,0.04468289,-0.02137498,0.9987726,moving,-5.873847034584087,5.49206625023469,-1.6578335087925975,2.760022693599348,0.014510000000000023,0.02137,0.7396259999999999,-0.10187358995394452,0.09520998768739897,0.9902307295188524,-5.972379981217428,5.65630068263346,4.999455628904582,5.023826434602362,5.196512046794179
05/17/2023 16:15:12.917026,358,True,True,True,True,Eyes,1.110624,-0.2786562,-3.450399,-0.0476011,0.0788146,0.9957522,0.0,0.0,0.0,0.0,0.0,0.0,0.0,-1.29702,0.26623,3.391889,1.110745,-0.2820241,-3.456119,0.01158952,0.0240069,-0.03951435,0.9988634,1.435405,2.697225,355.503,0.3047722,-0.07621518,-0.9493699,0,0,0,1.129179,-0.2635016,-2.717096,-0.01921716,0.03563327,0.7383761,0.9957246,-0.07838241,-0.04887512,0.07949532,0.9966086,0.02125546,0.04704331,-0.02504993,0.9985787,moving,-5.8956190265792845,5.533847904481759,-1.4908576482896911,2.7628917717035386,0.01843399999999984,0.018522499999999997,0.739023,-0.10224277748172778,0.09592841228356704,0.9901233276055998,-5.994455690545673,5.698669490455939,5.17883021718264,5.20385632867135,5.375982341873433
05/17/2023 16:15:12.927740,359,True,True,True,True,Eyes,1.110881,-0.278837,-3.45022,-0.04532345,0.07589518,0.9960852,0.0,0.0,0.0,0.0,0.0,0.0,0.0,-1.306718,0.2783554,3.386892,1.111075,-0.2822328,-3.455704,0.0135514,0.02528412,-0.03995353,0.9987897,1.666991,2.834151,355.4598,0.304845,-0.07625866,-0.9493431,0,0,0,1.133132,-0.2664654,-2.717246,-0.01738601,0.03598478,0.7378737,0.9955289,-0.07912508,-0.05158988,0.08049562,0.9964402,0.02504962,0.04942418,-0.02909038,0.9983541,moving,-5.911887875107238,5.591864241526952,-1.3497712542463234,2.792000603308945,0.022056999999999993,0.015767399999999987,0.7384580000000001,-0.1025139357470244,0.09692821731678544,0.989997895347066,-6.011142569556568,5.757448876024895,5.327029770567521,5.352769792822291,5.524696009496918
05/17/2023 16:15:12.947486,360,True,True,True,True,Eyes,1.111143,-0.2790262,-3.450033,-0.04301675,0.07289635,0.9964114,0.0,0.0,0.0,0.0,0.0,0.0,0.0,-1.317582,0.2905641,3.381372,1.111395,-0.2825832,-3.455296,0.01551611,0.02673383,-0.04039063,0.9987058,1.899798,2.990692,355.4177,0.3049181,-0.07630293,-0.949316,0,0,0,1.137286,-0.2695792,-2.717404,-0.01559624,0.03634083,0.7374011,0.9953078,-0.0798471,-0.05465188,0.08150632,0.9962557,0.02883247,0.05214505,-0.03315166,0.9980891,moving,-5.94583714386737,5.64533787366928,-1.21164115190516,2.8213857326362253,0.02589100000000011,0.01300399999999996,0.737892,-0.10309121093377208,0.09784626100626202,0.9898476186308411,-6.045482158516489,5.811696737145548,5.48593759775369,5.51246926387406,5.684010800560356
05/17/2023 16:15:12.966901,361,True,True,True,True,Eyes,1.111404,-0.27923,-3.44984,-0.04053438,0.06974744,0.9967408,0.0,0.0,0.0,0.0,0.0,0.0,0.0,-1.329564,0.3054067,3.375091,1.111752,-0.2829219,-3.454883,0.01791419,0.02832113,-0.04092058,0.9986004,2.183271,3.160713,355.3672,0.3049919,-0.07634816,-0.9492887,0,0,0,1.141072,-0.2724178,-2.717548,-0.01445918,0.03755965,0.7368938,0.9950469,-0.0807119,-0.05802909,0.0827413,0.9960092,0.03346039,0.05509685,-0.03809606,0.997754,moving,-5.988010404198527,5.739562745001173,-1.1241018609663693,2.9178542547594977,0.029320000000000013,0.010504100000000016,0.7373350000000003,-0.10380301300296735,0.09946656099779112,0.9896116922651818,-6.088338519022242,5.9072198229143815,5.595495809134096,5.623134812613755,5.7948211445441276
05/17/2023 16:15:12.976961,362,True,True,True,True,Eyes,1.111672,-0.2794351,-3.44964,-0.03802686,0.06650058,0.9970616,0.0,0.0,0.0,0.0,0.0,0.0,0.0,-1.34178,0.323351,3.368366,1.112031,-0.2834072,-3.454546,0.02073912,0.02993909,-0.04141242,0.9984781,2.515796,3.332216,355.3232,0.3050662,-0.07639465,-0.9492611,0,0,0,1.145391,-0.2756556,-2.717713,-0.01276425,0.03920762,0.7364752,0.9947773,-0.08145697,-0.06150476,0.08394061,0.9957098,0.03893542,0.05806933,-0.04389482,0.9973471,moving,-6.033837781686909,5.8777186699225705,-0.9929247310441297,3.047370097776704,0.033360000000000056,0.007751600000000025,0.7368330000000003,-0.10456923610751588,0.10184428879730047,0.9892892494693444,-6.135163241503789,6.047219332319353,5.751896213449258,5.781148451993673,5.9532942417152945
05/17/2023 16:15:12.997793,363,True,True,True,True,Eyes,1.111953,-0.2796475,-3.449431,-0.03538198,0.06322378,0.997372,0.0,0.0,0.0,0.0,0.0,0.0,0.0,-1.354426,0.3397974,3.361396,1.112422,-0.2835825,-3.45413,0.02347616,0.03159708,-0.04211075,0.9983372,2.839331,3.507948,355.2563,0.3051412,-0.07644232,-0.9492332,0,0,0,1.149137,-0.2784639,-2.717855,-0.01181762,0.04078929,0.7359827,0.9944566,-0.08259789,-0.06506627,0.08556501,0.9953511,0.04421308,0.06111187,-0.04953539,0.996901,moving,-6.07772040283492,6.003012534462521,-0.9199150575616807,3.1721748029162264,0.03671500000000005,0.005118600000000029,0.736275,-0.10530328064322228,0.10399930276824178,0.9889870582367106,-6.179950971776651,6.174193834872686,5.852858263296157,5.883587191677827,6.05640950457118
05/17/2023 16:15:13.016826,364,True,True,True,True,Eyes,1.112237,-0.2798639,-3.449214,-0.03268319,0.05990201,0.997669,0.0,0.0,0.0,0.0,0.0,0.0,0.0,-1.368662,0.3533615,3.353907,1.112782,-0.2838944,-3.453681,0.0258115,0.03350636,-0.04286739,0.9981852,3.118542,3.713882,355.183,0.3052173,-0.07649128,-0.9492049,0,0,0,1.153224,-0.2815273,-2.718011,-0.01083424,0.04168139,0.7355247,0.9940794,-0.08384947,-0.06910405,0.08730887,0.9949923,0.04865665,0.06467816,-0.05440196,0.9964222,moving,-6.145314692613866,6.078646218090467,-0.8439027766678844,3.243420946314478,0.04044200000000009,0.002367100000000011,0.7356699999999998,-0.10645539067033241,0.10529173184814977,0.9887268461376277,-6.248102521093914,6.250995850622597,5.9799698636826815,6.01194399876207,6.1847297178355625
05/17/2023 16:15:13.027634,365,True,True,True,True,Eyes,1.112536,-0.280085,-3.44899,-0.02982948,0.05663885,0.997949,0.0,0.0,0.0,0.0,0.0,0.0,0.0,-1.383896,0.3654078,3.346023,1.113129,-0.2841586,-3.453224,0.02792178,0.0355834,-0.04355516,0.9980267,3.372832,3.940076,355.1183,0.3052944,-0.07654151,-0.949176,0,0,0,1.157248,-0.2845441,-2.718164,-0.01012418,0.04222876,0.7351012,0.9936736,-0.08495131,-0.07345865,0.08892553,0.9946467,0.05263368,0.06859409,-0.05883304,0.9959084,moving,-6.22154924563143,6.132660004350166,-0.7890561364956878,3.2878105016194956,0.04411900000000002,-0.0003855000000000386,0.7350600000000003,-0.1077602765013651,0.10620876323515765,0.9884874228981367,-6.324742449138749,6.305948636163653,6.09922974045934,6.132303814554059,6.304996490972332
05/17/2023 16:15:13.046960,366,True,True,True,True,Eyes,1.112841,-0.2803043,-3.44876,-0.02694109,0.05336462,0.9982116,0.0,0.0,0.0,0.0,0.0,0.0,0.0,-1.398756,0.3758469,3.338343,1.113442,-0.2844283,-3.452776,0.02977736,0.03762757,-0.04418353,0.9978704,3.597843,4.163718,355.0603,0.305373,-0.07659303,-0.9491466,0,0,0,1.16127,-0.2875595,-2.718317,-0.009311389,0.04241641,0.7347387,0.9932639,-0.08593798,-0.07772622,0.09041977,0.9943223,0.05610285,0.07246354,-0.06275292,0.9953949,moving,-6.289805519190357,6.1577634026475385,-0.7260740893212697,3.304013829260077,0.04782799999999998,-0.0031312000000000006,0.7344590000000002,-0.10893286634503474,0.10662813954257286,0.9883137527426382,-6.393195821134895,6.3316112772143605,6.219041915798219,6.252918842534439,6.42515486428565
05/17/2023 16:15:13.067074,367,True,True,True,True,Eyes,1.113149,-0.2805264,-3.448524,-0.02390667,0.05015804,0.9984552,0.0,0.0,0.0,0.0,0.0,0.0,0.0,-1.412765,0.3852452,3.331092,1.113845,-0.284568,-3.45237,0.03145399,0.03955266,-0.04469195,0.997722,3.8015,4.374855,355.0157,0.3054529,-0.07664566,-0.9491166,0,0,0,1.165331,-0.2906034,-2.718472,-0.008344099,0.04218851,0.7344694,0.9928764,-0.0866921,-0.08173657,0.09166846,0.9940265,0.0592293,0.07611361,-0.06630004,0.9948925,moving,-6.334110344709462,6.168522382995296,-0.6508931347178465,3.287502948880675,0.05148599999999992,-0.006035400000000024,0.7338979999999999,-0.10969497904750924,0.10680472462590021,0.9882104566455077,-6.437589107997737,6.34266626319893,6.337342597805539,6.371752571756927,6.5436895681511205
05/17/2023 16:15:13.077239,368,True,True,True,True,Eyes,1.113461,-0.2807525,-3.448282,-0.02083988,0.04695363,0.9986796,0.0,0.0,0.0,0.0,0.0,0.0,0.0,-1.426623,0.3925508,3.324037,1.114168,-0.2848233,-3.451967,0.03282648,0.04147691,-0.04524822,0.9975745,3.970752,4.587065,354.965,0.3055343,-0.07669937,-0.9490861,0,0,0,1.169335,-0.2936057,-2.718624,-0.00734343,0.04167977,0.734248,0.9924645,-0.08755384,-0.08572328,0.09300001,0.99375,0.06174021,0.07978192,-0.06924723,0.9944042,moving,-6.374923037707849,6.144428216582633,-0.5730128218857697,3.2489224810056694,0.055166999999999966,-0.008782400000000024,0.7333429999999996,-0.11040390165448878,0.10638073506421959,0.9881771122280731,-6.478240795892534,6.318433208162821,6.449726585801666,6.484297619420295,6.655344734055845
05/17/2023 16:15:13.094783,369,True,True,True,True,Eyes,1.113781,-0.2809811,-3.448035,-0.01757184,0.04377293,0.9988869,0.0,0.0,0.0,0.0,0.0,0.0,0.0,-1.440911,0.4005187,3.316652,1.114545,-0.2851103,-3.451567,0.03430041,0.04345604,-0.0458011,0.9974154,4.152087,4.805029,354.916,0.3056171,-0.07675418,-0.949055,0,0,0,1.173552,-0.2967665,-2.718785,-0.00625835,0.04120987,0.7340645,0.9920276,-0.08838432,-0.08982944,0.09434656,0.9934515,0.06444285,0.08354545,-0.07240418,0.9938701,moving,-6.411102536620681,6.134354776449614,-0.4884698200789073,3.2131724391004677,0.05900700000000003,-0.011656200000000005,0.7327819999999998,-0.11103002759998361,0.10619954317702797,0.9881264433024337,-6.514358045389517,6.308373234282508,6.569008207284644,6.6038537645144455,6.774333684314095
05/17/2023 16:15:13.117145,370,True,True,True,True,Eyes,1.114103,-0.281206,-3.44778,-0.01428246,0.04060237,0.9990733,0.0,0.0,0.0,0.0,0.0,0.0,0.0,-1.455376,0.4088303,3.308975,1.114872,-0.2853645,-3.451116,0.03586083,0.04546455,-0.04641462,0.9972426,4.34399,5.025614,354.8611,0.3057015,-0.07681005,-0.9490234,0,0,0,1.177499,-0.2997258,-2.718935,-0.005449217,0.04101768,0.7338293,0.9915573,-0.08931246,-0.09400729,0.09583405,0.9931194,0.06730345,0.08734941,-0.07574432,0.9932939,moving,-6.4504328093104615,6.134581093563901,-0.4254550714176939,3.199241317804629,0.06262699999999999,-0.014361299999999966,0.7321809999999997,-0.11170835107329197,0.10619532929019779,0.9880505028709773,-6.553700352012137,6.308749465595814,6.66677759039027,6.701983015590082,6.872003429881844
05/17/2023 16:15:13.127347,371,True,True,True,True,Eyes,1.114394,-0.2814338,-3.447516,-0.01063801,0.03744398,0.9992421,0.0,0.0,0.0,0.0,0.0,0.0,0.0,-1.469451,0.415531,3.30158,1.115248,-0.285464,-3.450669,0.03721483,0.04741938,-0.04704521,0.9970724,4.51232,5.240854,354.8038,0.3057873,-0.07686678,-0.9489911,0,0,0,1.181511,-0.3027332,-2.719088,-0.004509956,0.04033332,0.7336574,0.9910763,-0.09028555,-0.09806266,0.09734437,0.9928036,0.06975005,0.09105954,-0.07867346,0.9927329,moving,-6.461995901508643,6.11389436341271,-0.3522055250968474,3.1467072987453113,0.06626299999999996,-0.017269199999999985,0.7315809999999998,-0.111912060773346,0.10583614369838101,0.9880659869907119,-6.565118988572837,6.287855634014776,6.757002490671522,6.792182088285305,6.961832127307247
05/17/2023 16:15:13.148762,372,True,True,True,True,Eyes,1.114686,-0.2816591,-3.447249,-0.00699538,0.03429479,0.9993873,0.0,0.0,0.0,0.0,0.0,0.0,0.0,-1.483457,0.4238926,3.2939,1.115523,-0.2858105,-3.450221,0.03864501,0.04940847,-0.04731528,0.9969086,4.68782,5.461267,354.789,0.3058738,-0.07692442,-0.9489586,0,0,0,1.185563,-0.3057712,-2.719242,-0.003491446,0.0399683,0.7335021,0.9906402,-0.09051922,-0.1021684,0.09815679,0.9925357,0.07237553,0.09485445,-0.08172663,0.9921308,moving,-6.475112359453605,6.105191990529586,-0.27272397637539203,3.1189446980223843,0.07003999999999988,-0.019960699999999998,0.730979,-0.11214008679392992,0.10568333868326743,0.9880565146905244,-6.578176864066691,6.279097018761826,6.848550869086208,6.883843007110938,7.053034723377549
05/17/2023 16:15:13.167292,373,True,True,True,True,Eyes,1.114944,-0.2818761,-3.446972,-0.002990294,0.03117175,0.9995095,0.0,0.0,0.0,0.0,0.0,0.0,0.0,-1.496423,0.4322072,3.286683,1.115798,-0.28591,-3.449873,0.04002208,0.05126666,-0.0473881,0.996757,4.855522,5.667889,354.7967,0.3059609,-0.07698281,-0.9489257,0,0,0,1.189457,-0.30869,-2.71939,-0.002427116,0.03938796,0.7334794,0.9902522,-0.09036525,-0.1059939,0.09857244,0.9923052,0.07492571,0.09840764,-0.08464343,0.99154,moving,-6.450640128315422,6.095782140640372,-0.18959359406769716,3.0738400223953772,0.07365899999999992,-0.022780000000000022,0.730483,-0.11171992279965956,0.10552608176220699,0.9881208252860948,-6.553631046755442,6.269481705899393,6.91702885143126,6.952182237976684,7.121312973641919
05/17/2023 16:15:13.187312,374,True,True,True,True,Eyes,1.115207,-0.2820921,-3.446692,0.001013303,0.02806856,0.9996055,0.0,0.0,0.0,0.0,0.0,0.0,0.0,-1.509427,0.438453,3.279589,1.11621,-0.2860037,-3.449434,0.04108074,0.05313323,-0.04741708,0.9966146,4.986567,5.8773,354.8082,0.3060477,-0.07704169,-0.9488929,0,0,0,1.19399,-0.3120883,-2.719563,-0.0007988811,0.03789815,0.7334884,0.989857,-0.09014761,-0.1098026,0.09887862,0.992128,0.07684447,0.1020109,-0.08692217,0.9909784,moving,-6.424987428432361,6.0511802927355784,-0.06240384614603414,2.957749380418406,0.07778000000000018,-0.026084599999999958,0.7298710000000002,-0.11128655586942822,0.10476198280267363,0.9882511097467416,-6.5276534903152,6.224244049971443,7.040044410307399,7.074728592028034,7.243579252527574
05/17/2023 16:15:13.197148,375,True,True,True,True,Eyes,1.115448,-0.2823063,-3.446406,0.005268669,0.02496226,0.9996745,0.0,0.0,0.0,0.0,0.0,0.0,0.0,-1.523627,0.4450773,3.271847,1.116571,-0.2862057,-3.449039,0.04227067,0.05516639,-0.04764403,0.9964437,5.134692,6.104331,354.799,0.3061346,-0.07710098,-0.9488601,0,0,0,1.197586,-0.3147844,-2.7197,-0.0003870726,0.03732947,0.7334319,0.9893734,-0.09028534,-0.1139683,0.09961303,0.9918865,0.07898397,0.1059125,-0.08949737,0.9903398,moving,-6.406411120315395,6.0208682374122775,-0.030238150653309342,2.9136680226142384,0.08101500000000006,-0.028578700000000012,0.729339,-0.11097222577082026,0.10424282300460935,0.9883413267728357,-6.508856102369442,6.193495615632853,7.058684767919665,7.092973629860075,7.261525983168057
05/17/2023 16:15:13.217163,376,True,True,True,True,Eyes,1.115696,-0.282519,-3.446115,0.009524977,0.02188001,0.9997152,0.0,0.0,0.0,0.0,0.0,0.0,0.0,-1.538789,0.4519504,3.263615,1.117021,-0.2864289,-3.448701,0.04355735,0.05731954,-0.04799662,0.9962497,5.295379,6.344112,354.7772,0.3062209,-0.07716062,-0.9488274,0,0,0,1.201556,-0.3177605,-2.719851,0.0001413077,0.03668318,0.7334877,0.9888216,-0.09063987,-0.1183904,0.1006266,0.9915982,0.08128571,0.1100279,-0.0922903,0.9896345,moving,-6.403241672634617,6.001957715335931,0.011038132912844254,2.8630905265344486,0.08453500000000003,-0.031331600000000015,0.72885,-0.1109213513419282,0.1039172062633781,0.9883813075905402,-6.50555096217306,6.1743443599026415,7.106995433520206,7.141111443801202,7.309605692729812
05/17/2023 16:15:13.226968,377,True,True,True,True,Eyes,1.121048,-0.2879053,-3.438776,0.1205287,-0.05613238,0.9911216,0.7118701,1.206849,-0.3278643,-2.733226,0.0768066,-0.4666468,-0.8811025,0.004302926,0.02769368,0.7212507,1.117393,-0.2865813,-3.448265,0.04468558,0.05950928,-0.04824504,0.9960595,5.437566,6.589449,354.7672,0.306307,-0.07722054,-0.9487948,0,0,0,1.205696,-0.3208642,-2.720008,0.000904873,0.03561711,0.7335266,0.9882621,-0.09079143,-0.1228613,0.1014283,0.9913512,0.08327693,0.1142378,-0.09476104,0.9889237,moving,0.1399002880585627,2.2417407932442703,0.07067961488618307,2.7798699639653695,0.08830300000000002,-0.034282900000000005,0.7282570000000002,0.002439849598690598,0.03911566044449164,0.9992317297987696,0.06613899914499088,2.344133006440088,0.5425589251173594,0.5425629050860511,0.4357606147240687
05/17/2023 16:15:13.247181,378,True,True,True,True,Eyes,1.121068,-0.2879172,-3.438765,0.1206979,-0.05627578,0.9910929,0.7107813,1.206858,-0.327917,-2.734315,-0.182021,-0.27566,-0.9438643,0.001114257,0.02994545,0.7197922,1.117703,-0.2869253,-3.448016,0.04623693,0.0615356,-0.04833435,0.9958612,5.626298,6.814993,354.7779,0.3065733,-0.0774334,-0.9486908,0,0,0,1.209589,-0.323782,-2.720156,0.001637913,0.03554144,0.7336999,0.9877543,-0.09057815,-0.1270315,0.101959,0.9910519,0.08614255,0.1180922,-0.09803968,0.988151,moving,-0.09076511628600409,2.4019315609121437,0.12790699060115485,2.773319061846223,0.09188600000000013,-0.03685670000000002,0.7278600000000002,-0.00158275772617196,0.041909285475087994,0.9991202077720058,-0.16572985327114703,2.507125715214356,0.43086615590367044,0.430982791049167,0.3963350777692532
05/17/2023 16:15:13.276965,379,True,True,True,True,Eyes,1.12109,-0.2879403,-3.438747,0.1211397,-0.05659059,0.991021,0.7113017,1.207257,-0.3281932,-2.733832,-0.4222853,-0.09406151,-0.9015695,-0.002297744,0.03223709,0.7198777,1.118179,-0.28719,-3.447731,0.04792811,0.06374864,-0.04842851,0.9956374,5.832035,7.06153,354.7907,0.3068136,-0.0776253,-0.9485971,0,0,0,1.213591,-0.3267823,-2.720309,0.002048224,0.03549159,0.7338601,0.9871815,-0.09032375,-0.1315832,0.1025452,0.9907152,0.08926352,0.1222989,-0.1016125,0.987278,moving,-0.3271097560935363,2.5688510488317684,0.15991370286307227,2.76883167709156,0.09541200000000005,-0.039592300000000025,0.7274220000000002,-0.005703374094511653,0.044819159130421234,0.9989788079496074,-0.40332742896228724,2.6769498336140964,0.5260057213522938,0.5264827644408129,0.5706862936331388
05/17/2023 16:15:13.287314,380,True,True,True,True,Eyes,1.12113,-0.2879715,-3.438721,0.1217353,-0.05705202,0.9909216,0.7133662,1.207972,-0.3286704,-2.731831,-0.647886,0.07906277,-0.7576231,-0.0054418,0.03480967,0.7216243,1.118509,-0.2874834,-3.44757,0.04978584,0.06593873,-0.0486338,0.9953935,6.057514,7.304199,354.7926,0.3070305,-0.07779868,-0.9485125,0,0,0,1.217692,-0.3298565,-2.720465,0.002707474,0.03569356,0.7341889,0.9865736,-0.0902539,-0.1361125,0.1033852,0.9903123,0.0926993,0.1264274,-0.1055267,0.9863469,moving,-0.5522197386388367,2.7481725127826184,0.21128912483900372,2.7833183026896147,0.09918300000000002,-0.0423731,0.7271049999999999,-0.009626820211688772,0.04794404858720825,0.9988036474384789,-0.6297758106384798,2.859283988357173,0.7634339557074611,0.7643173497686745,0.8444886092119217
05/17/2023 16:15:13.307427,381,True,True,True,True,Eyes,1.121198,-0.2880113,-3.438694,0.1224308,-0.05764363,0.9908016,0.7129686,1.208488,-0.3291094,-2.732283,-0.6136817,0.04981807,-0.7879803,-0.008657098,0.03707685,0.7207989,1.118971,-0.2876731,-3.447315,0.05166373,0.06819006,-0.04886052,0.995135,6.285824,7.553871,354.7935,0.3072269,-0.0779556,-0.9484358,0,0,0,1.221648,-0.3328227,-2.720616,0.003010951,0.03589559,0.7344217,0.9859256,-0.09019972,-0.1407653,0.1042915,0.989887,0.09616118,0.130668,-0.1094884,0.9853619,moving,-0.7781588008099076,2.9227300575825783,0.234897495657961,2.7981614051639747,0.10267700000000013,-0.04514960000000001,0.726699,-0.013563352142148627,0.05098444950320083,0.9986072905893992,-0.8570195196135026,3.03679966881979,1.0194033843638721,1.0206862441409608,1.117690023718564
05/17/2023 16:15:13.326981,382,True,True,True,True,Eyes,1.121284,-0.2880591,-3.43866,0.1232678,-0.05834192,0.990657,0.0,0.0,0.0,0.0,0.0,0.0,0.0,-1.629589,0.5085789,3.210088,1.119323,-0.2878734,-3.447191,0.05328162,0.07037447,-0.04915927,0.9948828,6.484653,7.796674,354.7848,0.3074056,-0.07809792,-0.9483661,0,0,0,1.226156,-0.3362017,-2.720787,0.004100874,0.0354165,0.7349423,0.9852616,-0.0903161,-0.1452673,0.1053148,0.9894888,0.09909884,0.1347902,-0.1129371,0.984417,moving,-0.9863606960543205,3.0630060789959086,0.31969902134165684,2.7589205206430165,0.10683299999999996,-0.04832829999999999,0.726404,-0.0171898060585106,0.05342618625033838,0.9984238453610478,-1.0662768974814532,3.1795525446193573,1.3392565210332064,1.3409921745495945,1.4483993051475814
05/17/2023 16:15:13.368951,383,True,True,True,True,Eyes,1.121388,-0.2881146,-3.43862,0.124254,-0.05913807,0.9904865,0.0,0.0,0.0,0.0,0.0,0.0,0.0,-1.645654,0.5150209,3.200818,1.119789,-0.2880957,-3.44699,0.05463462,0.07267118,-0.04971968,0.9946166,6.655962,8.051963,354.7455,0.3075687,-0.07822733,-0.9483025,0,0,0,1.229721,-0.3388742,-2.720923,0.003941476,0.03518414,0.7352434,0.9844937,-0.0909633,-0.1499927,0.1068447,0.989086,0.1014546,0.1391271,-0.1159074,0.9834679,moving,-1.197054477887207,3.1691950566445883,0.3071469619370957,2.7397267987654352,0.10993200000000014,-0.050778500000000004,0.726067,-0.020859084618021606,0.055272655582480255,0.9982533278959472,-1.2777837440349777,3.2878151468991708,1.5622054625006436,1.5643097379020754,1.6770230111996383
05/17/2023 16:15:13.377124,384,True,True,True,True,Eyes,1.121542,-0.2881927,-3.438564,0.125763,-0.06026851,0.9902279,0.0,0.0,0.0,0.0,0.0,0.0,0.0,-1.662289,0.5218426,3.191057,1.120299,-0.2883048,-3.446763,0.05605904,0.07505286,-0.05027536,0.9943324,6.836082,8.31681,354.7086,0.3077185,-0.07834533,-0.9482442,0,0,0,1.237398,-0.3446298,-2.721215,0.007963933,0.03241738,0.7363358,0.9836789,-0.09156605,-0.1548918,0.1083956,0.9886596,0.103936,0.1436182,-0.1190292,0.9824489,moving,-1.3860312199963702,3.266716817459162,0.619665590296655,2.5208341694738645,0.11709900000000006,-0.05632499999999996,0.7255479999999999,-0.0241491668485539,0.056967458627185295,0.9980838871573428,-1.467505990433858,3.3872243674483067,2.137206398209346,2.1398973385153726,2.2598489291444466
05/17/2023 16:15:13.397045,385,True,True,True,True,Eyes,1.121711,-0.288276,-3.438507,0.1273861,-0.06147858,0.9899461,0.0,0.0,0.0,0.0,0.0,0.0,0.0,-1.710776,0.5404937,3.162121,1.121544,-0.2888498,-3.446244,0.05997643,0.08209834,-0.05166936,0.9934751,7.334055,9.103704,354.6303,0.3078575,-0.07845369,-0.9481902,0,0,0,1.241876,-0.3479865,-2.721385,0.0008210912,0.03537526,0.7363049,0.9811803,-0.09281652,-0.1693232,0.1125124,0.9874662,0.1106863,0.1569274,-0.1276541,0.9793254,moving,-2.1204208025791393,3.6258652830160916,0.06389342357248774,2.7506210472208443,0.12033199999999988,-0.059136699999999986,0.7248589999999999,-0.036925917100320386,0.06319793027229324,0.9973177093749191,-2.204651263353173,3.753467704543267,2.3490666732252383,2.353142815653395,2.480321836915807
05/17/2023 16:15:13.417014,386,True,True,True,True,Eyes,1.121916,-0.288368,-3.438444,0.1292931,-0.06282087,0.9896145,0.0,0.0,0.0,0.0,0.0,0.0,0.0,-1.725612,0.5449681,3.15331,1.121902,-0.2890271,-3.446141,0.06107945,0.08424839,-0.05228819,0.9931957,7.477571,9.342939,354.5846,0.3079872,-0.07855349,-0.9481398,0,0,0,1.249382,-0.3536137,-2.721671,0.005148664,0.03231651,0.7377049,0.9803364,-0.09357312,-0.1737377,0.1141565,0.9870704,0.1125173,0.1609628,-0.1301381,0.978343,moving,-2.257194193496113,3.678010379269778,0.3998779561385654,2.508342514058245,0.12748000000000004,-0.0645866,0.7244699999999997,-0.03930428556594269,0.06409974408798019,0.9971692042825145,-2.341832742459196,3.806755721571949,2.898424030460692,2.9031285406045586,3.03362067705431
05/17/2023 16:15:13.426842,387,True,True,True,True,Eyes,1.122141,-0.2884666,-3.438382,0.1313334,-0.06420621,0.9892569,0.0,0.0,0.0,0.0,0.0,0.0,0.0,-1.756848,0.5515694,3.134928,1.122865,-0.2892781,-3.445868,0.06300814,0.08878068,-0.05357839,0.9926114,7.735413,9.84912,354.4882,0.3081095,-0.07864583,-0.9480925,0,0,0,1.254236,-0.3572526,-2.721856,0.002520546,0.03207389,0.7382662,0.9784946,-0.09517722,-0.1830012,0.1175528,0.9863187,0.1155717,0.1694977,-0.1345986,0.9762959,moving,-2.666244283217699,3.8137096095320224,0.1956151950989097,2.487644218609178,0.1313709999999999,-0.0679745,0.7240120000000001,-0.046415162811839265,0.06644096907620059,0.9967102607303185,-2.7519588893626246,3.945627993573515,3.1484516377082534,3.1541542598030885,3.288450953176664
05/17/2023 16:15:13.447084,388,True,True,True,True,Eyes,1.122376,-0.2885691,-3.438316,0.1334774,-0.06562129,0.9888769,0.0,0.0,0.0,0.0,0.0,0.0,0.0,-1.773278,0.5533742,3.125396,1.123284,-0.2894954,-3.44576,0.06377458,0.09119282,-0.05427965,0.9923057,7.84349,10.11956,354.4336,0.3082257,-0.0787316,-0.9480477,0,0,0,1.257967,-0.3600497,-2.721998,0.002430797,0.03095041,0.738908,0.9774752,-0.09609243,-0.1879056,0.1193556,0.9859731,0.1166679,0.174059,-0.1364676,0.9752334,moving,-2.8171120325807895,3.8233694391850377,0.18848612619779445,2.3985284493227197,0.1346830000000001,-0.07055429999999996,0.7237619999999998,-0.049038946879492104,0.06660064229945101,0.9965738454825539,-2.9029354943740855,3.9559692876130295,3.3201934364336254,3.326227914386662,3.4615761729180092
05/17/2023 16:15:13.466931,389,True,True,True,True,Eyes,1.122639,-0.2886771,-3.438251,0.1357583,-0.06710185,0.988467,0.0,0.0,0.0,0.0,0.0,0.0,0.0,-1.789645,0.5559219,3.115566,1.123693,-0.2896681,-3.445582,0.06465841,0.093603,-0.05495869,0.9919867,7.965057,10.38948,354.3831,0.3083365,-0.07881159,-0.9480051,0,0,0,1.261836,-0.3629497,-2.722145,0.002503276,0.02986832,0.7395375,0.976436,-0.09693213,-0.1928129,0.121141,0.9855977,0.117992,0.1785987,-0.1385691,0.9741156,moving,-2.9601504858338936,3.843454530613149,0.1939409454948275,2.31279562324505,0.1381429999999999,-0.0732816,0.7234370000000001,-0.05152555412992767,0.06694159957808006,0.9964255736876911,-3.046155072583132,3.976832722592363,3.4994838997219384,3.505882121219503,3.642422500804769
05/17/2023 16:15:13.477167,390,True,True,True,True,Eyes,1.122917,-0.2887891,-3.438184,0.1381222,-0.06860524,0.9880363,0.0,0.0,0.0,0.0,0.0,0.0,0.0,-1.805064,0.5580832,3.106248,1.124097,-0.2898412,-3.445415,0.06547245,0.09587369,-0.05562802,0.991679,8.078044,10.64366,354.3325,0.3084432,-0.07888649,-0.9479643,0,0,0,1.265903,-0.365999,-2.7223,0.002999216,0.02857931,0.7402552,0.9754276,-0.0977761,-0.197436,0.1228844,0.9852378,0.1191888,0.1828676,-0.1405218,0.9730432,moving,-3.081656873160657,3.855489387514677,0.2321381577159797,2.210941582818988,0.1418060000000001,-0.0761578,0.723115,-0.05363781842143857,0.06714342231448757,0.9963006054805319,-3.1677794732034474,3.9894679176445984,3.6927131440132706,3.6994290084541563,3.8370034950081804
05/17/2023 16:15:13.496822,391,True,True,True,True,Eyes,1.123245,-0.2889117,-3.438128,0.1405014,-0.07019365,0.9875891,0.0,0.0,0.0,0.0,0.0,0.0,0.0,-1.820724,0.5602484,3.096746,1.124695,-0.2900254,-3.445243,0.06631525,0.09815226,-0.05634015,0.9913598,8.195106,10.89832,354.2777,0.3085467,-0.07895692,-0.9479248,0,0,0,1.27,-0.3690698,-2.722456,0.003321752,0.02731703,0.7409616,0.9743839,-0.09868874,-0.2020808,0.1247247,0.9848561,0.1204247,0.187136,-0.1425443,0.9719369,moving,-3.2027805348319305,3.8662918454787496,0.25685689406898865,2.1113671758010284,0.14530500000000002,-0.07904440000000001,0.7227869999999998,-0.05574320164588387,0.06732348210884113,0.9961728095908357,-3.2890122584108337,4.00085436590072,3.872261791054625,3.879284951598119,4.017878779662074
05/17/2023 16:15:13.526773,392,True,True,True,True,Eyes,1.123579,-0.2890349,-3.438069,0.1429358,-0.07182519,0.9871224,0.0,0.0,0.0,0.0,0.0,0.0,0.0,-1.835154,0.5645363,3.087511,1.125024,-0.2902672,-3.445182,0.0674238,0.1002747,-0.05697236,0.9910365,8.341023,11.13445,354.2341,0.3086484,-0.07902356,-0.9478862,0,0,0,1.273981,-0.3720546,-2.722608,0.003959924,0.0266301,0.7417993,0.9733983,-0.09940157,-0.2064344,0.1264452,0.9844164,0.1222131,0.1910692,-0.1450647,0.970798,moving,-3.304152554866409,3.9059929837249463,0.30585736225674637,2.0559973341470488,0.148957,-0.08178740000000001,0.7225739999999998,-0.0575029492785611,0.06800693483089455,0.9960264058051419,-3.390694248401757,4.041415343051891,4.049017676751081,4.056433840848964,4.195995529114115
05/17/2023 16:15:13.537095,393,True,True,True,True,Eyes,1.123968,-0.2891618,-3.438019,0.1453073,-0.07353915,0.9866498,0.0,0.0,0.0,0.0,0.0,0.0,0.0,-1.848885,0.5690351,3.07847,1.125465,-0.2903747,-3.44502,0.06859387,0.1022733,-0.05762558,0.9907141,8.493717,11.35581,354.1882,0.3087486,-0.0790868,-0.9478484,0,0,0,1.278202,-0.3752192,-2.722768,0.004953042,0.0257508,0.7426221,0.9724389,-0.1001503,-0.2105526,0.1282116,0.9839483,0.1241267,0.1947416,-0.1477009,0.9696701,moving,-3.394721605156064,3.948580799672657,0.38213809473997246,1.9859646576254146,0.15273700000000012,-0.08484449999999999,0.7222520000000001,-0.05907434238876796,0.06874093896023241,0.9958840049113417,-3.4815909917273493,4.084857510233514,4.248540859513757,4.2563518785132395,4.397016449860401
05/17/2023 16:15:13.547007,394,True,True,True,True,Eyes,1.124354,-0.2892871,-3.437968,0.147707,-0.07525481,0.986164,0.0,0.0,0.0,0.0,0.0,0.0,0.0,-1.861486,0.571795,3.070308,1.125835,-0.2904429,-3.444852,0.0694737,0.1041252,-0.05823755,0.9904242,8.612139,11.56175,354.1432,0.3088488,-0.07914704,-0.9478108,0,0,0,1.282115,-0.3781526,-2.722917,0.005935416,0.02461617,0.7434145,0.9715326,-0.1008918,-0.2143481,0.1298277,0.9835636,0.1254888,0.1981642,-0.1497448,0.9686627,moving,-3.4645681950204716,3.958660168552047,0.4574393703867577,1.8965025846669983,0.15627999999999997,-0.0877097,0.7219350000000002,-0.06028762502156386,0.06891112527520545,0.9957995472260973,-3.5515279635160746,4.095320237499989,4.423063890798625,4.431098875435547,4.572375548301995
05/17/2023 16:15:13.567090,395,True,True,True,True,Eyes,1.124816,-0.2894203,-3.437932,0.1499375,-0.0769754,0.9856944,0.0,0.0,0.0,0.0,0.0,0.0,0.0,-1.872635,0.5737308,3.063197,1.126157,-0.2905087,-3.444776,0.07020817,0.1057586,-0.05884931,0.9901631,8.71286,11.74298,354.0951,0.3089489,-0.07920452,-0.9477734,0,0,0,1.286541,-0.3814699,-2.723086,0.007822603,0.02299537,0.7444749,0.9707037,-0.1016906,-0.2176999,0.131391,0.9832152,0.1265874,0.2011731,-0.1514827,0.9677719,moving,-3.5177837273874135,3.9521192804768845,0.6020157868214887,1.7691917899361793,0.16038399999999986,-0.09096119999999996,0.7216900000000002,-0.06121297667495556,0.06879355700158714,0.9957511407497512,-3.604710950921835,4.088899319410468,4.65421970700576,4.662394284724775,4.803914327748186
05/17/2023 16:15:13.576808,396,True,True,True,True,Eyes,1.125277,-0.289558,-3.437894,0.1521802,-0.07869711,0.9852147,0.0,0.0,0.0,0.0,0.0,0.0,0.0,-1.882427,0.5739411,3.05706,1.126468,-0.2906252,-3.444585,0.07069466,0.1071833,-0.05954601,0.9899336,8.785208,11.90027,354.0328,0.3090507,-0.07925967,-0.9477357,0,0,0,1.290769,-0.3846397,-2.723247,0.009872347,0.02120688,0.7453959,0.969932,-0.1027386,-0.2206278,0.1330477,0.982913,0.1272013,0.2037895,-0.1527307,0.967028,moving,-3.544289981489135,3.918966345320932,0.7588058189280965,1.6296535075589529,0.16430100000000003,-0.0940145,0.7213379999999998,-0.06167608424817961,0.06821543236409777,0.995762405852758,-3.630987810635557,4.055444322489611,4.866039472312807,4.874175493015225,5.015451045315823
05/17/2023 16:15:13.597562,397,True,True,True,True,Eyes,1.125792,-0.2897035,-3.437865,0.1543135,-0.08046935,0.9847396,0.0,0.0,0.0,0.0,0.0,0.0,0.0,-1.891993,0.5761902,3.050796,1.126913,-0.2908485,-3.444483,0.07143945,0.1085457,-0.06016025,0.9896945,8.88587,12.04993,353.9826,0.3091541,-0.07931283,-0.9476976,0,0,0,1.294214,-0.3872226,-2.723378,0.01099873,0.02037535,0.7461461,0.9691972,-0.1035716,-0.2234497,0.1345894,0.9825543,0.1283462,0.2062584,-0.1544667,0.9662285,moving,-3.571256434113471,3.911920897781701,0.844519821534214,1.564213107778634,0.16730099999999992,-0.09637409999999996,0.7211050000000001,-0.06214526578603845,0.06809100113298397,0.9957417505984788,-3.6579111658835672,4.048414513404399,4.992893848031041,5.001081063848393,5.142289511508749
05/17/2023 16:15:13.617394,398,True,True,True,True,Eyes,1.126302,-0.2898535,-3.437833,0.1564558,-0.08224926,0.9842544,0.0,0.0,0.0,0.0,0.0,0.0,0.0,-1.901081,0.5792128,3.044473,1.127204,-0.2910091,-3.44429,0.07227545,0.109866,-0.06069897,0.9894553,8.99592,12.19498,353.942,0.30926,-0.07936437,-0.9476587,0,0,0,1.298359,-0.39033,-2.723536,0.01308838,0.01919959,0.7470649,0.9684902,-0.1042366,-0.226189,0.135999,0.9821838,0.1296891,0.2086409,-0.1563641,0.9654114,moving,-3.5933040454330722,3.91489189261233,1.0037042602568174,1.4721791625852574,0.17115499999999995,-0.09932089999999999,0.7207539999999999,-0.06252821297325796,0.06814100188694834,0.9957143709356419,-3.679985804889676,4.0515039689361085,5.19742745640384,5.205701762876754,5.346949511918811
05/17/2023 16:15:13.627314,399,True,True,True,True,Eyes,1.126827,-0.2900074,-3.437806,0.1586111,-0.0841436,0.9837491,0.0,0.0,0.0,0.0,0.0,0.0,0.0,-1.909968,0.5827046,3.038207,1.127587,-0.2912422,-3.444118,0.07314657,0.1111449,-0.06118066,0.9892187,9.109148,12.33558,353.9083,0.3093683,-0.07941458,-0.9476192,0,0,0,1.302411,-0.3933674,-2.72369,0.01503113,0.01819529,0.7479656,0.9678075,-0.1047824,-0.2288435,0.1373018,0.981813,0.131116,0.2109429,-0.1583157,0.9645928,moving,-3.60910582099247,3.915453857009558,1.151262041742167,1.393523650634296,0.1748240000000001,-0.10212519999999997,0.7204280000000001,-0.06280277958256796,0.06814958516942478,0.9956964211710911,-3.695795774347455,4.052131865501655,5.378803040503509,5.3871359881095175,5.528305989421687
05/17/2023 16:15:13.647222,400,True,True,True,True,Eyes,1.127347,-0.2901589,-3.437776,0.1607565,-0.08604387,0.9832364,0.0,0.0,0.0,0.0,0.0,0.0,0.0,-1.917636,0.5893347,3.032125,1.127828,-0.2913957,-3.444056,0.07440204,0.1122535,-0.06146341,0.9889823,9.262827,12.4566,353.9006,0.3094788,-0.07946368,-0.947579,0,0,0,1.306517,-0.3964455,-2.723846,0.01735444,0.01766659,0.7490349,0.9672428,-0.1048687,-0.2311794,0.1382762,0.9813731,0.1333656,0.2128873,-0.1609635,0.9637269,moving,-3.608568543907554,3.9596438583165914,1.3272523127152644,1.3511164991368692,0.17868899999999988,-0.10504980000000003,0.7202099999999998,-0.06279012535419956,0.0689175650992729,0.9956444081701952,-3.695573478207747,4.096854686565671,5.57418134665755,5.582718201043462,5.724321542319769
05/17/2023 16:15:13.667019,401,True,True,True,True,Eyes,1.127792,-0.2903059,-3.437727,0.1633308,-0.08809096,0.9826306,0.0,0.0,0.0,0.0,0.0,0.0,0.0,-1.925049,0.5933783,3.026585,1.128182,-0.2914651,-3.44389,0.07533234,0.1133094,-0.06187367,0.9887657,9.380711,12.57172,353.8742,0.3095915,-0.07951173,-0.9475382,0,0,0,1.310547,-0.3994665,-2.724,0.01963705,0.01662768,0.7500011,0.9666652,-0.1052854,-0.2333951,0.1394288,0.9809934,0.1349503,0.2147508,-0.1629938,0.962972,moving,-3.5734846471994177,3.9620903408276007,1.4998152539750869,1.2700512626175822,0.1823649999999999,-0.10800140000000003,0.7198899999999999,-0.062180251883188084,0.06896271116496916,0.99567947867938,-3.6604977325884103,4.09919949376109,5.734830099446753,5.743295768621627,5.88497322280045
05/17/2023 16:15:13.676892,402,True,True,True,True,Eyes,1.128235,-0.2904575,-3.437675,0.1658881,-0.09014164,0.9820161,0.0,0.0,0.0,0.0,0.0,0.0,0.0,-1.932208,0.5983061,3.021053,1.128488,-0.2916325,-3.44378,0.07636867,0.1143275,-0.06225713,0.9885451,9.510196,12.68225,353.852,0.3097042,-0.0795588,-0.9474974,0,0,0,1.314794,-0.4026505,-2.724161,0.02221492,0.01573242,0.7510962,0.9661065,-0.1056259,-0.2355447,0.14055,0.9805837,0.1367523,0.2165267,-0.1652231,0.9621941,moving,-3.5356582571840036,3.9765663468282497,1.6941241443330195,1.199938806110147,0.18630600000000008,-0.111018,0.7196189999999998,-0.061521813353631646,0.06921710563265532,0.9957027952216607,-3.622764550801131,4.11370915491493,5.9127285941078975,5.921172558462675,6.062950027999512
05/17/2023 16:15:13.706969,403,True,True,True,True,Eyes,1.128634,-0.2906094,-3.437609,0.1687119,-0.09237017,0.9813277,0.0,0.0,0.0,0.0,0.0,0.0,0.0,-1.940466,0.602666,3.014881,1.128853,-0.2918703,-3.443635,0.07733741,0.1155173,-0.06266008,0.9883059,9.633351,12.8129,353.8286,0.309817,-0.07960511,-0.9474567,0,0,0,1.318621,-0.4055193,-2.724307,0.02404083,0.01504469,0.7520354,0.9654589,-0.105987,-0.2380248,0.1417222,0.9801853,0.1383893,0.2186409,-0.1673427,0.9613494,moving,-3.5002036008152273,3.9740313149080815,1.8309898258620425,1.1460660959016005,0.18976799999999994,-0.113649,0.719328,-0.06090583603461237,0.06917566953119866,0.9957435483981627,-3.5872824236188747,4.111010769164929,6.0264613790434085,6.034816536777014,6.176452953354991
05/17/2023 16:15:13.717056,404,True,True,True,True,Eyes,1.128985,-0.2907628,-3.437529,0.171744,-0.09473062,0.9805764,0.0,0.0,0.0,0.0,0.0,0.0,0.0,-1.948634,0.6073224,3.008584,1.129133,-0.2920885,-3.443448,0.07834503,0.1167108,-0.06303724,0.9880623,9.760712,12.9441,353.809,0.3099289,-0.07965081,-0.9474162,0,0,0,1.322633,-0.408527,-2.72446,0.02614009,0.01429306,0.7530318,0.9648098,-0.106282,-0.2405123,0.1428568,0.9797767,0.1401053,0.2207577,-0.1695338,0.9604813,moving,-3.4522245284511976,3.969698522578995,1.9881174793345497,1.087382619177348,0.1935,-0.1164385,0.718988,-0.06007228476505046,0.0691038653034639,0.9957991486950427,-3.539259742252533,4.10644599801578,6.148477704139947,6.156709033946652,6.298145968073705
05/17/2023 16:15:13.727156,405,True,True,True,True,Eyes,1.129336,-0.2909204,-3.437445,0.174739,-0.09709326,0.9798158,0.0,0.0,0.0,0.0,0.0,0.0,0.0,-1.9564,0.6142483,3.002135,1.12953,-0.2923575,-3.443299,0.0796443,0.1178186,-0.0633117,0.9878094,9.919558,13.06517,353.8042,0.3100389,-0.07969607,-0.9473765,0,0,0,1.326576,-0.4114831,-2.72461,0.02812763,0.01404677,0.7540189,0.9642209,-0.1063126,-0.2428493,0.1438469,0.9792968,0.1424282,0.2226797,-0.1722654,0.9595512,moving,-3.398616544058691,3.9983613633059596,2.136349058315402,1.067251169173943,0.19704600000000005,-0.1191256,0.7186889999999999,-0.05913847977364539,0.06960589888209698,0.9958200039359251,-3.4858419526884212,4.135255141520962,6.254932136165718,6.263166227205616,6.404816948090653
05/17/2023 16:15:13.747189,406,True,True,True,True,Eyes,1.129686,-0.2910816,-3.437361,0.1776981,-0.09949205,0.9790427,0.0,0.0,0.0,0.0,0.0,0.0,0.0,-1.964721,0.6189942,2.995619,1.129837,-0.2925915,-3.443091,0.08073711,0.1190152,-0.0638236,0.9875442,10.05858,13.19514,353.7707,0.3101471,-0.07974105,-0.9473373,0,0,0,1.331683,-0.4153114,-2.724804,0.03134757,0.01283081,0.7553746,0.9635238,-0.1068393,-0.2453715,0.1452751,0.9788162,0.144271,0.2247598,-0.1746549,0.9586338,moving,-3.3551688906053276,4.002337884442123,2.376375182371101,0.9731338197077084,0.20184599999999997,-0.12271989999999999,0.7182870000000001,-0.058383034932321304,0.06967811813771445,0.9958595645295476,-3.4424111453129953,4.139117207918347,6.474638800510872,6.4827983715579744,6.624328278525233
05/17/2023 16:15:13.766875,407,True,True,True,True,Eyes,1.129984,-0.2912455,-3.437259,0.1808928,-0.1020298,0.9781961,0.0,0.0,0.0,0.0,0.0,0.0,0.0,-1.973377,0.6264733,2.988393,1.13018,-0.2928044,-3.442984,0.08226071,0.1202391,-0.06432592,0.9872377,10.24692,13.32666,353.7443,0.3102539,-0.07978588,-0.9472986,0,0,0,1.334532,-0.4174474,-2.724913,0.03204148,0.01359513,0.7561157,0.9628094,-0.107228,-0.2479921,0.1467918,0.9781907,0.1469527,0.2268261,-0.1778907,0.9575514,moving,-3.3033539939695227,4.049271191609363,2.4265384844419295,1.0300799812137993,0.2043520000000001,-0.124643,0.7180710000000001,-0.05747909757828852,0.07049754796605814,0.9958544794835482,-3.390917207072237,4.1864246545622885,6.468413808133907,6.476664525748262,6.6185574273935215
05/17/2023 16:15:13.777394,408,True,True,True,True,Eyes,1.130288,-0.291414,-3.437161,0.1840663,-0.104603,0.977332,0.0,0.0,0.0,0.0,0.0,0.0,0.0,-1.98252,0.6339346,2.980677,1.130517,-0.2931214,-3.442775,0.08374222,0.1215606,-0.06474624,0.9869236,10.43008,13.47065,353.7282,0.3103581,-0.07983073,-0.9472607,0,0,0,1.338655,-0.4205386,-2.72507,0.03394103,0.01361093,0.7571802,0.9620619,-0.1074396,-0.2507861,0.1481587,0.9775903,0.1495531,0.2290981,-0.1810355,0.9564205,moving,-3.2632632658065734,4.08809772123534,2.5665975401457537,1.029827329141431,0.20813799999999993,-0.1274172,0.717705,-0.05677953335247943,0.07117523187446585,0.9958464739047788,-3.351092733233841,4.225571079777738,6.574994691615658,6.5833346267630475,6.72546179019571
05/17/2023 16:15:13.797038,409,True,True,True,True,Eyes,1.130561,-0.2915836,-3.437049,0.1874941,-0.1072884,0.9763888,0.0,0.0,0.0,0.0,0.0,0.0,0.0,-1.99314,0.6414046,2.972132,1.130933,-0.2933637,-3.442747,0.08532041,0.1230882,-0.0652852,0.9865636,10.6273,13.63715,353.7023,0.3104601,-0.07987569,-0.9472235,0,0,0,1.342627,-0.4235157,-2.725221,0.03524832,0.01383056,0.7583956,0.9611743,-0.1078121,-0.2540089,0.1498199,0.9769166,0.1522763,0.2317283,-0.1844197,0.9551395,moving,-3.2318291371241243,4.133088201212749,2.6610487320970617,1.044764614136937,0.21169400000000005,-0.130152,0.7175259999999999,-0.05622999958320819,0.07195941826579651,0.9958212471847196,-3.3199711080714915,4.270988450712828,6.644633890825682,6.653100943172712,6.7956691040824175
05/17/2023 16:15:13.817478,410,True,True,True,True,Eyes,1.130843,-0.2917485,-3.436934,0.1909308,-0.1099727,0.9754237,0.0,0.0,0.0,0.0,0.0,0.0,0.0,-2.004756,0.6481089,2.962775,1.131386,-0.2936156,-3.442512,0.08665766,0.1248393,-0.06551421,0.9862118,10.79427,13.83414,353.7122,0.3105595,-0.07992085,-0.9471871,0,0,0,1.346724,-0.4265872,-2.725377,0.03635558,0.01349867,0.7594935,0.9602461,-0.1075852,-0.2575905,0.1508583,0.9763967,0.1545681,0.2348813,-0.1872831,0.9538112,moving,-3.223710292368606,4.146660569955004,2.7405533990997237,1.0182251693279396,0.21533800000000003,-0.13297160000000002,0.7171349999999999,-0.05608793052357873,0.07219588790429518,0.9958121597344115,-3.3119468982438667,4.284694704461383,6.726443243332892,6.734949846677706,6.877687334656843
05/17/2023 16:15:13.827458,411,True,True,True,True,Eyes,1.13111,-0.2919204,-3.436809,0.1944771,-0.1127041,0.9744108,0.0,0.0,0.0,0.0,0.0,0.0,0.0,-2.017973,0.6528053,2.952685,1.131827,-0.2936411,-3.442305,0.08783761,0.1268478,-0.06592419,0.9858236,10.9475,14.06007,353.7025,0.3106568,-0.07996605,-0.9471514,0,0,0,1.350829,-0.4296645,-2.725533,0.03713453,0.01274988,0.760713,0.9591272,-0.1076952,-0.2616804,0.1522633,0.9758771,0.1564601,0.2385179,-0.1899094,0.9523884,moving,-3.236931936341527,4.140206663088121,2.794699484579355,0.9602122237653504,0.21900200000000014,-0.13602340000000002,0.7167720000000002,-0.05631818589783051,0.07208278160666703,0.9958073600204422,-3.3251260216679035,4.278212161950981,6.810077014657444,6.818573328194382,6.961421393416315
05/17/2023 16:15:13.852005,412,True,True,True,True,Eyes,1.131386,-0.2920967,-3.436688,0.1980361,-0.1154654,0.9733702,0.0,0.0,0.0,0.0,0.0,0.0,0.0,-2.031573,0.6563711,2.942458,1.132239,-0.2940012,-3.442058,0.08878808,0.1289411,-0.06630442,0.9854414,11.07476,14.29726,353.6947,0.3107519,-0.08001152,-0.9471163,0,0,0,1.355025,-0.4328101,-2.725693,0.03789674,0.01192299,0.7619075,0.9579558,-0.1077814,-0.2659019,0.1535751,0.9754409,0.1578922,0.2423537,-0.1920896,0.9509818,moving,-3.2568042220613553,4.105102881544563,2.8475048437016706,0.8965409194176902,0.22278599999999993,-0.13880889999999996,0.7163649999999997,-0.05666606918404429,0.07147125611648432,0.9958317718875868,-3.3447532437368803,4.242757883093358,6.887790259984761,6.896191632717591,7.038552989744337
05/17/2023 16:15:13.867097,413,True,True,True,True,Eyes,1.131615,-0.2922719,-3.43655,0.2018467,-0.1183117,0.9722449,0.0,0.0,0.0,0.0,0.0,0.0,0.0,-2.04633,0.6618352,2.931118,1.132714,-0.2942459,-3.441995,0.09030383,0.1311256,-0.06714481,0.9849584,11.27392,14.53808,353.6429,0.3108452,-0.08005733,-0.9470819,0,0,0,1.358847,-0.4356754,-2.725838,0.03800263,0.01220549,0.7631678,0.9565953,-0.1085874,-0.2704334,0.155952,0.9746736,0.1602822,0.2461796,-0.1954998,0.9493026,moving,-3.2758353233371698,4.135410032979919,2.850740392015044,0.9162643500351495,0.22613299999999992,-0.14142949999999999,0.7161569999999999,-0.05699467180875471,0.07199664447561657,0.9957750673738791,-3.364005510362893,4.273503056042379,6.91224880866172,6.920825740037487,7.063576881455772
05/17/2023 16:15:13.877090,414,True,True,True,True,Eyes,1.131853,-0.2924512,-3.436409,0.2056805,-0.1211665,0.9710892,0.0,0.0,0.0,0.0,0.0,0.0,0.0,-2.061949,0.6663323,2.919107,1.133138,-0.2944968,-3.441815,0.09154578,0.1335291,-0.0676819,0.984484,11.43907,14.80913,353.6259,0.3109359,-0.08010348,-0.9470482,0,0,0,1.363243,-0.4389706,-2.726006,0.03844503,0.01164847,0.7645848,0.9551782,-0.1088154,-0.2753066,0.1577115,0.974077,0.1621757,0.2505226,-0.1983257,0.9475787,moving,-3.316441522926405,4.13000044987368,2.878535352912666,0.8728352165574471,0.230105,-0.14447379999999999,0.7158090000000001,-0.05770078330126066,0.07189971150037297,0.9957414695852151,-3.4045838917607445,4.268179950561018,6.990414014120431,6.999061640627607,7.141845231136779
05/17/2023 16:15:13.897059,415,True,True,True,True,Eyes,1.132013,-0.2926266,-3.436248,0.209728,-0.1241129,0.9698507,0.0,0.0,0.0,0.0,0.0,0.0,0.0,-2.077541,0.6719362,2.906672,1.133557,-0.2947481,-3.441597,0.09290407,0.1359522,-0.0680851,0.9839972,11.61576,15.08382,353.6268,0.3110244,-0.08015006,-0.9470152,0,0,0,1.366826,-0.4416571,-2.726142,0.03798385,0.0117025,0.7656974,0.9537629,-0.10873,-0.2802038,0.1592521,0.9734665,0.164322,0.2549023,-0.2013473,0.9457717,moving,-3.346924480971021,4.132888127616125,2.839936165105738,0.8756091646115475,0.23326900000000017,-0.146909,0.715455,-0.05823034140342728,0.07194768759995374,0.995707278174645,-3.4350955181845797,4.271216645947135,6.9832057588637,6.9919318429748385,7.134856185908692
05/17/2023 16:15:13.917028,416,True,True,True,True,Eyes,1.132191,-0.2928088,-3.436088,0.2137753,-0.1270728,0.9685828,0.0,0.0,0.0,0.0,0.0,0.0,0.0,-2.09152,0.6796352,2.894953,1.133927,-0.2949989,-3.441555,0.09444979,0.1381349,-0.06826317,0.9835336,11.8089,15.33262,353.6545,0.3111093,-0.08019701,-0.9469834,0,0,0,1.37093,-0.4447339,-2.726298,0.03837548,0.01173844,0.7671853,0.9525178,-0.1081846,-0.2846155,0.1603719,0.9728388,0.16693,0.2588257,-0.2046481,0.943996,moving,-3.3511190073552983,4.155924868635935,2.8636131914522966,0.8765947324945874,0.23700300000000007,-0.149735,0.7152570000000003,-0.05830153764686172,0.07234771401157467,0.9956740203656419,-3.4394554331429408,4.294547896001319,7.0180372862644465,7.026870031863455,7.170151875259169
05/17/2023 16:15:13.937450,417,True,True,True,True,Eyes,1.132343,-0.2929884,-3.435918,0.2178008,-0.1300627,0.9672882,0.0,0.0,0.0,0.0,0.0,0.0,0.0,-2.106158,0.6866052,2.882748,1.134476,-0.2953108,-3.441412,0.09595702,0.1403958,-0.0685628,0.9830466,12.00004,15.58964,353.6693,0.3111913,-0.08024446,-0.9469525,0,0,0,1.375144,-0.4478929,-2.726459,0.03861777,0.01170822,0.7685908,0.9511763,-0.1078569,-0.2891893,0.1617447,0.9721828,0.1694086,0.262873,-0.2079123,0.9421625,moving,-3.364587819350877,4.173394985063976,2.8764019565402026,0.8727397060155522,0.24066799999999988,-0.1525821,0.714953,-0.058534301550119835,0.07265030922744045,0.9956382999776411,-3.4530523946606406,4.312279853434694,7.0511110836813256,7.060048063142859,7.203639969462895
05/17/2023 16:15:13.947078,418,True,True,True,True,Eyes,1.132512,-0.2931679,-3.435741,0.2218514,-0.1330436,0.9659613,0.0,0.0,0.0,0.0,0.0,0.0,0.0,-2.121872,0.6917266,2.87003,1.134976,-0.295495,-3.441281,0.09731258,0.1428377,-0.06904269,0.9825279,12.17794,15.86661,353.6642,0.3112701,-0.08029234,-0.9469225,0,0,0,1.379217,-0.4509457,-2.726614,0.03851615,0.0114681,0.770034,0.949661,-0.1078729,-0.2941214,0.1634725,0.9715267,0.1715008,0.2672465,-0.2109484,0.9402553,moving,-3.395679340996956,4.174910211618569,2.8634777223814027,0.8532417473360978,0.24424099999999993,-0.1554507,0.7146669999999999,-0.05907446946459599,0.07267432013714364,0.995604603510194,-3.4841629588311522,4.313929764160982,7.076930034503768,7.085938789648685,7.229723630096792
05/17/2023 16:15:13.967273,419,True,True,True,True,Eyes,1.13267,-0.2933455,-3.435559,0.2258606,-0.1360131,0.9646177,0.0,0.0,0.0,0.0,0.0,0.0,0.0,-2.138137,0.6960567,2.856731,1.135511,-0.2956415,-3.440966,0.09852137,0.1454089,-0.06941755,0.9820037,12.33836,16.16083,353.6714,0.3113465,-0.08034059,-0.9468933,0,0,0,1.383094,-0.4538524,-2.726761,0.03802907,0.0110115,0.7712644,0.9480749,-0.1076848,-0.2992623,0.1649883,0.9709495,0.1733088,0.2719058,-0.2136845,0.9382996,moving,-3.442792137910743,4.158132582707278,2.822821822862231,0.8179680188122446,0.2475830000000001,-0.1582109,0.7142049999999998,-0.05989439734808032,0.07237923664712456,0.9955771132493706,-3.5311685947275975,4.2971253736434,7.091291077853539,7.100325177013606,7.244151442819172
05/17/2023 16:15:13.977081,420,True,True,True,True,Eyes,1.132847,-0.2935254,-3.435376,0.2298861,-0.1389548,0.9632465,0.0,0.0,0.0,0.0,0.0,0.0,0.0,-2.153402,0.6984491,2.84465,1.13594,-0.2958005,-3.440806,0.09944051,0.1478317,-0.06986885,0.9815171,12.46615,16.43781,353.6642,0.3114206,-0.08038916,-0.9468648,0,0,0,1.387262,-0.4569774,-2.72692,0.03816257,0.01005057,0.7727984,0.9465283,-0.107754,-0.3040943,0.1665559,0.9704599,0.1745474,0.2763031,-0.2158628,0.9365147,moving,-3.4688718373547753,4.111734971754556,2.8271013582816438,0.7451138344489994,0.25132200000000005,-0.16117689999999996,0.713886,-0.06035108321950762,0.07157103102946444,0.995607959716128,-3.556924337674518,4.2502638048300305,7.130681593990409,7.139566959019631,7.282984306003322
05/17/2023 16:15:13.997030,421,True,True,True,True,Eyes,1.133103,-0.2937153,-3.435221,0.2338536,-0.1418985,0.9618614,0.0,0.0,0.0,0.0,0.0,0.0,0.0,-2.168845,0.7011306,2.832211,1.136499,-0.296017,-3.440587,0.1003964,0.1502771,-0.07029294,0.9810181,12.59794,16.71793,353.6616,0.3114931,-0.08043806,-0.9468369,0,0,0,1.391141,-0.4598852,-2.727067,0.0378287,0.009333372,0.7741364,0.9449514,-0.1077427,-0.3089634,0.1680918,0.969959,0.1758545,0.2807347,-0.2181082,0.9346747,moving,-3.5009121726654033,4.068700023538492,2.797571793387946,0.6907528383980505,0.25464200000000003,-0.16386820000000002,0.7135199999999999,-0.06091110212991317,0.07082080061370663,0.9956275886007389,-3.5886662751628693,4.206827901842557,7.138361007074744,7.147127217017293,7.290186590203569
05/17/2023 16:15:14.017204,422,True,True,True,True,Eyes,1.133372,-0.2939031,-3.435064,0.237838,-0.14483,0.9604465,0.0,0.0,0.0,0.0,0.0,0.0,0.0,-2.183085,0.7039632,2.820639,1.136892,-0.2962341,-3.440516,0.1013912,0.1525307,-0.07079416,0.9805318,12.73436,16.9746,353.6488,0.3115658,-0.08048741,-0.9468088,0,0,0,1.395251,-0.462966,-2.727224,0.0381366,0.008649647,0.7757618,0.9434451,-0.1079013,-0.3134781,0.1697624,0.969416,0.1772381,0.2847665,-0.2204312,0.9329084,moving,-3.5095879529702954,4.033186978491667,2.814405837654296,0.6388143007040628,0.258359,-0.1667319,0.713292,-0.061064535971264586,0.070203020994009,0.9956619811945108,-3.5970911069500624,4.170917508510186,7.168737229098568,7.177371617769933,7.320044135199277
05/17/2023 16:15:14.036957,423,True,True,True,True,Eyes,1.133694,-0.2940944,-3.434922,0.2418043,-0.1477544,0.9590095,0.0,0.0,0.0,0.0,0.0,0.0,0.0,-2.198612,0.7072142,2.807694,1.137433,-0.2963465,-3.440293,0.1025151,0.1549925,-0.07130177,0.9799919,12.88708,17.25564,353.6407,0.311639,-0.08053711,-0.9467805,0,0,0,1.399274,-0.4659819,-2.727377,0.03792013,0.008055538,0.7772277,0.9417868,-0.1079722,-0.3184018,0.1715284,0.9688134,0.1788254,0.2891637,-0.2230304,0.930936,moving,-3.5442716879355443,4.011593392640532,2.793186548437183,0.5938180064646675,0.261841,-0.1696354,0.7129159999999999,-0.06166887680826265,0.06982516467179507,0.9956511936013859,-3.631630044912618,4.149192363737947,7.191702660723053,7.200317040805779,7.342952749305917
05/17/2023 16:15:14.047274,424,True,True,True,True,Eyes,1.134023,-0.2942879,-3.434778,0.2457941,-0.1506197,0.9575484,0.0,0.0,0.0,0.0,0.0,0.0,0.0,-2.214325,0.707979,2.795074,1.137902,-0.296491,-3.440084,0.1031554,0.1575566,-0.07163633,0.9794914,12.98248,17.55253,353.6468,0.311714,-0.08058716,-0.9467516,0,0,0,1.403212,-0.4689345,-2.727527,0.03754707,0.006760955,0.7787226,0.9400883,-0.1078287,-0.32343,0.1728399,0.9684544,0.179506,0.2938713,-0.2246532,0.9290698,moving,-3.5854697189259843,3.9355418566004694,2.7604487871850916,0.49743574171534394,0.26530999999999993,-0.17244349999999997,0.7125570000000003,-0.062390520764374485,0.06850045036775114,0.9956982892340557,-3.6722966597247666,4.072374542530193,7.209044612279325,7.217427196959697,7.3593750695497935
05/17/2023 16:15:14.067085,425,True,True,True,True,Eyes,1.134404,-0.2944897,-3.434652,0.2497977,-0.1535092,0.9560523,0.0,0.0,0.0,0.0,0.0,0.0,0.0,-2.229578,0.7083119,2.782831,1.138375,-0.2967252,-3.439903,0.1037019,0.1600533,-0.07196186,0.9790049,13.06668,17.84204,353.6519,0.3117907,-0.08063757,-0.946722,0,0,0,1.407272,-0.4719778,-2.727682,0.03738154,0.005355939,0.7802896,0.9384089,-0.1077064,-0.328311,0.1740977,0.9681348,0.1800139,0.2984607,-0.2260848,0.9272577,moving,-3.616494623775634,3.847854518757341,2.7427869989955957,0.39327434419916935,0.26889700000000016,-0.17525259999999998,0.712221,-0.06293620498258505,0.06697422204144415,0.9957677708329155,-3.702704477100259,3.9837420236072827,7.228935967730584,7.237028875178422,7.378063331613426
05/17/2023 16:15:14.076716,426,True,True,True,True,Eyes,1.134791,-0.2946987,-3.434529,0.2538181,-0.1563643,0.9545295,0.0,0.0,0.0,0.0,0.0,0.0,0.0,-2.244978,0.7115068,2.769641,1.138828,-0.2969763,-3.439761,0.1048423,0.1625202,-0.07252696,0.978435,13.22273,18.12374,353.6394,0.3118701,-0.08068847,-0.9466916,0,0,0,1.41149,-0.47514,-2.727842,0.0373652,0.004893303,0.7819817,0.936654,-0.1078478,-0.3332388,0.1760039,0.9674959,0.1815887,0.3028233,-0.2287371,0.9251905,moving,-3.647888602527547,3.833520707170799,2.735666518832655,0.35852750828513824,0.27266199999999996,-0.17816369999999998,0.711919,-0.06348287735341084,0.06672279240309828,0.9957499594924496,-3.734004557443025,3.9693522075615575,7.259999759805156,7.2681052358744545,7.409095683287048
05/17/2023 16:15:14.097354,427,True,True,True,True,Eyes,1.135235,-0.2949153,-3.43443,0.257812,-0.159271,0.9529773,0.0,0.0,0.0,0.0,0.0,0.0,0.0,-2.260176,0.7134691,2.756886,1.139334,-0.2973392,-3.439675,0.1056753,0.1649895,-0.07291906,0.9779029,13.34077,18.40898,353.6424,0.3119521,-0.08073998,-0.9466602,0,0,0,1.415408,-0.4780768,-2.727991,0.03696129,0.004187122,0.783577,0.9349225,-0.1077449,-0.338099,0.1774862,0.967031,0.1826187,0.307276,-0.2307422,0.9232223,moving,-3.677737159806312,3.7787917319082447,2.700637417890056,0.30616280918202593,0.27607399999999993,-0.1807376,0.711684,-0.06400567112900858,0.06576942099362273,0.9957799307205278,-3.763470744947782,3.9140725433671606,7.254472878500235,7.262424793989813,7.4028175035519155
05/17/2023 16:15:14.120760,428,True,True,True,True,Eyes,1.135678,-0.29513,-3.43433,0.261796,-0.1621451,0.9514052,0.0,0.0,0.0,0.0,0.0,0.0,0.0,-2.274476,0.7177073,2.744151,1.139772,-0.2975684,-3.439634,0.1068951,0.1672989,-0.07333832,0.9773465,13.50239,18.67435,353.6475,0.3120375,-0.08079217,-0.9466276,0,0,0,1.419425,-0.4810883,-2.728144,0.03690918,0.003944412,0.7853186,0.9332651,-0.107587,-0.3426971,0.1791208,0.9663898,0.1844083,0.311339,-0.233486,0.921169,moving,-3.6931381890467234,3.771678439002224,2.6908635717950906,0.28777652769159506,0.27965299999999993,-0.1835199,0.71149,-0.0642738629717017,0.06564466082766929,0.9957708987013859,-3.7788251288916657,3.906930789614792,7.264804785548111,7.272760893227911,7.41317404728843
05/17/2023 16:15:14.126963,429,True,True,True,True,Eyes,1.136163,-0.2953512,-3.434249,0.265726,-0.16503,0.9498183,0.0,0.0,0.0,0.0,0.0,0.0,0.0,-2.287347,0.7206356,2.732638,1.14018,-0.2977215,-3.439467,0.107812,0.1694173,-0.07360958,0.9768603,13.62557,18.92001,353.6623,0.312126,-0.08084493,-0.9465939,0,0,0,1.423766,-0.4843427,-2.728309,0.03757827,0.002939329,0.7871298,0.9317588,-0.1072821,-0.3468661,0.1803429,0.9659165,0.1856929,0.3151221,-0.2355759,0.9193488,moving,-3.6865424725610287,3.728303939929956,2.7332756907834495,0.2139550090754313,0.2835860000000001,-0.18662120000000004,0.7111580000000002,-0.06416240007156086,0.06489128148777762,0.9958274544291403,-3.7719183570945667,3.863006648903432,7.311011740842932,7.318791816837395,7.458761792058986
05/17/2023 16:15:14.157360,430,True,True,True,True,Eyes,1.136648,-0.2955815,-3.434168,0.2696279,-0.1679157,0.9482116,0.0,0.0,0.0,0.0,0.0,0.0,0.0,-2.299603,0.7218377,2.722098,1.140556,-0.2979617,-3.439388,0.1085321,0.1714104,-0.07408027,0.9763972,13.72943,19.14874,353.6491,0.3122183,-0.08089829,-0.9465589,0,0,0,1.427364,-0.4870399,-2.728446,0.03771876,0.002235711,0.788682,0.9302611,-0.1074564,-0.3508094,0.1818706,0.9654658,0.1865447,0.318649,-0.2373372,0.9176785,moving,-3.6639118464821787,3.665671964263201,2.7380875255389823,0.16241839092794091,0.2868080000000002,-0.18907820000000003,0.7109420000000002,-0.06377354701864452,0.0638042671274627,0.9959227255848961,-3.7488351004851586,3.7995319558094924,7.290339261935345,7.2978340319882316,7.436985964748712
05/17/2023 16:15:14.167035,431,True,True,True,True,Eyes,1.137156,-0.2958149,-3.434095,0.2734392,-0.1708599,0.9465928,0.0,0.0,0.0,0.0,0.0,0.0,0.0,-2.311784,0.7263123,2.710661,1.14105,-0.2983853,-3.439263,0.1098172,0.1733334,-0.07465354,0.9758703,13.8992,19.36683,353.6339,0.3123139,-0.08095246,-0.9465227,0,0,0,1.431324,-0.4900087,-2.728597,0.03814988,0.002407521,0.7902929,0.9287648,-0.1076343,-0.3546983,0.1837743,0.964734,0.1884548,0.3219053,-0.2402146,0.9157914,moving,-3.6426348572072684,3.6657204976976656,2.7636988915004457,0.1745433442194523,0.29027400000000014,-0.1916234,0.7106659999999998,-0.06340369067610001,0.06380661443195575,0.99594614236909,-3.727552820246065,3.7995014574945603,7.288395619897694,7.295850191499253,7.434828182833214
05/17/2023 16:15:14.177419,432,True,True,True,True,Eyes,1.137659,-0.296053,-3.434025,0.2772171,-0.1737958,0.944958,0.0,0.0,0.0,0.0,0.0,0.0,0.0,-2.323591,0.728828,2.699995,1.141581,-0.298609,-3.439166,0.1108285,0.1752008,-0.07525416,0.9753762,14.03816,19.57866,353.6102,0.312413,-0.08100738,-0.9464853,0,0,0,1.435386,-0.4930537,-2.728752,0.03878319,0.001933143,0.7920299,0.927283,-0.1079677,-0.358454,0.1856367,0.9641078,0.1898297,0.3250927,-0.2425681,0.9140435,moving,-3.613587746047919,3.63559304686598,2.8033532949410596,0.1398441083512543,0.2938050000000001,-0.19444469999999997,0.7104140000000001,-0.06290086022530351,0.06328492822043949,0.9960112559791181,-3.6982831715881335,3.7689006798432807,7.300061961538194,7.307351980345244,7.445893387766956
05/17/2023 16:15:14.197799,433,True,True,True,True,Eyes,1.138187,-0.2962972,-3.433965,0.2809902,-0.1768287,0.9432794,0.0,0.0,0.0,0.0,0.0,0.0,0.0,-2.334658,0.733435,2.689289,1.141919,-0.2989353,-3.439111,0.1120647,0.1769824,-0.07570466,0.9748783,14.19931,19.78217,353.6074,0.3125151,-0.08106314,-0.9464468,0,0,0,1.439619,-0.4962269,-2.728913,0.03981251,0.00182268,0.7939413,0.9258921,-0.1079387,-0.3620403,0.1872726,0.9634207,0.1917021,0.328105,-0.2452956,0.9122374,moving,-3.5762062798576806,3.62422969973552,2.8707156242847423,0.13153577970734875,0.2977000000000001,-0.1972916,0.7101980000000001,-0.06225178912236687,0.06308996229615765,0.9960643952639926,-3.66081076850838,3.7572599198664025,7.325052024179302,7.332237916019441,7.470389050128865
05/17/2023 16:15:14.217007,434,True,True,True,True,Eyes,1.138705,-0.2965413,-3.433906,0.2847092,-0.1798402,0.9415935,0.0,0.0,0.0,0.0,0.0,0.0,0.0,-2.345703,0.7391172,2.678156,1.142357,-0.2992154,-3.438986,0.1135361,0.1787311,-0.07623135,0.9743479,14.3886,19.98052,353.6003,0.3126204,-0.08111975,-0.9464071,0,0,0,1.443604,-0.4992145,-2.729064,0.04054315,0.002181441,0.7956692,0.924488,-0.1079668,-0.3656025,0.1891366,0.9625967,0.1939976,0.3309824,-0.2484972,0.9103295,moving,-3.54004363307621,3.6420387207849214,2.9169711234857014,0.15708418699368035,0.30124700000000004,-0.19999909999999999,0.7099219999999997,-0.061621889618209955,0.06340205260210191,0.99608386584095,-3.6247655388035853,3.775149161228797,7.330251144765773,7.337434679031248,7.475607849300733
05/17/2023 16:15:14.227659,435,True,True,True,True,Eyes,1.139252,-0.2967933,-3.433864,0.288412,-0.1829068,0.9398743,0.0,0.0,0.0,0.0,0.0,0.0,0.0,-2.354969,0.7432941,2.668898,1.142626,-0.2994357,-3.438913,0.1146739,0.1802235,-0.0766614,0.9739058,14.53644,20.15048,353.5948,0.3127283,-0.08117715,-0.9463665,0,0,0,1.447644,-0.5022436,-2.729218,0.04190971,0.001972616,0.7975428,0.923285,-0.1079881,-0.3686235,0.1906558,0.9619458,0.1957308,0.3334593,-0.2509956,0.9087387,moving,-3.47091209311165,3.618835995526881,3.008042864859434,0.14171319824754802,0.305018,-0.20280789999999999,0.709695,-0.06042152400361761,0.06300329922725642,0.9961826653552508,-3.555450222399665,3.751406921732576,7.34606400085582,7.3530429275761575,7.490616148479722
05/17/2023 16:15:14.247128,436,True,True,True,True,Eyes,1.139791,-0.2970509,-3.433817,0.2920561,-0.1859566,0.9381489,0.0,0.0,0.0,0.0,0.0,0.0,0.0,-2.363943,0.7480266,2.659788,1.143025,-0.2997528,-3.438878,0.1159914,0.1816008,-0.07728129,0.9734449,14.70789,20.30387,353.5694,0.3128392,-0.0812354,-0.9463248,0,0,0,1.451619,-0.5052234,-2.72937,0.04324065,0.00225158,0.79936,0.9220976,-0.1083299,-0.3714846,0.1925864,0.9611472,0.1977537,0.3356287,-0.2538911,0.9071343,moving,-3.392556700740005,3.62046759137523,3.0963451344704387,0.16138622155413315,0.30859400000000003,-0.2054706,0.709508,-0.059059000642473616,0.06303681333084188,0.9962622023394166,-3.477085705860408,3.7527650564491175,7.346459720705837,7.353304763848759,7.490527014058781
05/17/2023 16:15:14.267460,437,True,True,True,True,Eyes,1.140327,-0.2973048,-3.433772,0.2956504,-0.189045,0.9364042,0.0,0.0,0.0,0.0,0.0,0.0,0.0,-2.37285,0.7526788,2.650501,1.143364,-0.3001215,-3.438713,0.1172055,0.1830189,-0.0777405,0.9729972,14.86469,20.46475,353.5617,0.3129526,-0.0812946,-0.9462822,0,0,0,1.455585,-0.5081963,-2.729521,0.04457662,0.002357885,0.8010855,0.920921,-0.1083809,-0.3743769,0.1941842,0.9604386,0.1996252,0.3379305,-0.2565371,0.9055339,moving,-3.3205916447929567,3.6051138499139435,3.184954612773069,0.16864176039549245,0.31222099999999986,-0.20807480000000006,0.7091919999999998,-0.057808580333263276,0.06277444212750652,0.9963521136015281,-3.4049920946541605,3.7369561936618925,7.350738101762302,7.357409362769658,7.494015312326783
05/17/2023 16:15:14.286966,438,True,True,True,True,Eyes,1.140854,-0.2975515,-3.433722,0.2991768,-0.1920854,0.9346638,0.0,0.0,0.0,0.0,0.0,0.0,0.0,-2.381442,0.7576796,2.641423,1.143764,-0.3002423,-3.438622,0.1185868,0.1843426,-0.07833323,0.9725323,15.04273,20.61234,353.5407,0.3130682,-0.08135453,-0.9462388,0,0,0,1.459734,-0.5113065,-2.729679,0.04617923,0.002468705,0.8030234,0.9197634,-0.108642,-0.3771369,0.1960844,0.9596021,0.2017787,0.3399797,-0.2595393,0.9039099,moving,-3.242827151452521,3.6139811447215298,3.291266604372805,0.17614173106013412,0.3159700000000001,-0.21106419999999998,0.7089430000000001,-0.056455664865648764,0.06293351988340354,0.9964196443073083,-3.3272702321852807,3.7456398119481418,7.37672526086988,7.38330014587239,7.519730474314853
05/17/2023 16:15:14.296928,439,True,True,True,True,Eyes,1.141366,-0.297804,-3.433671,0.3026219,-0.1950899,0.9329308,0.0,0.0,0.0,0.0,0.0,0.0,0.0,-2.389029,0.7598197,2.633826,1.14405,-0.3002994,-3.438429,0.1194218,0.185561,-0.07880738,0.97216,15.1556,20.74992,353.5215,0.3131855,-0.08141496,-0.9461948,0,0,0,1.463706,-0.5142843,-2.72983,0.04798344,0.001731783,0.804846,0.9187131,-0.1089067,-0.3796126,0.1975468,0.9590557,0.2029471,0.3419673,-0.2614414,0.9026111,moving,-3.152216686469481,3.5608782642324637,3.411830693044748,0.12328284392835917,0.31965599999999994,-0.21398490000000003,0.708599,-0.05488296582865668,0.06201543687143221,0.9965650539135696,-3.2362570792240635,3.6915551617384077,7.4034459373033314,7.409708514793505,7.545173183024998
05/17/2023 16:15:14.317048,440,True,True,True,True,Eyes,1.141868,-0.2980597,-3.433615,0.3059863,-0.1980642,0.9312051,0.0,0.0,0.0,0.0,0.0,0.0,0.0,-2.396037,0.7620444,2.62687,1.144289,-0.3006753,-3.438365,0.1201879,0.1866766,-0.07925898,0.9718152,15.25958,20.87571,353.502,0.3133041,-0.081476,-0.9461502,0,0,0,1.467763,-0.5173255,-2.729984,0.04999989,0.001193374,0.8067677,0.9177397,-0.1091776,-0.3818823,0.1989227,0.9585457,0.2040093,0.3437785,-0.2631925,0.9014134,moving,-3.0535850839004657,3.5015112939774258,3.5464028285412694,0.08475208379229475,0.32347400000000004,-0.21665020000000001,0.7083810000000001,-0.05317072368764772,0.06098847252792441,0.9967212557864822,-3.137175993734554,3.631100592328102,7.4260251486688444,7.431963666808519,7.566162410202945
05/17/2023 16:15:14.337243,441,True,True,True,True,Eyes,1.142354,-0.2983124,-3.433551,0.3093128,-0.2010194,0.9294712,0.0,0.0,0.0,0.0,0.0,0.0,0.0,-2.402569,0.7651395,2.619842,1.144517,-0.3009827,-3.438144,0.1211934,0.1876837,-0.07986393,0.9714468,15.39335,20.98597,353.4681,0.3134235,-0.08153769,-0.9461054,0,0,0,1.471843,-0.5203842,-2.730139,0.05227406,0.001009315,0.8085889,0.9167932,-0.109675,-0.3840075,0.2006592,0.9578679,0.2054875,0.3452916,-0.2654442,0.900174,moving,-2.9460313792024246,3.473733849030865,3.698938817617055,0.07151898778772157,0.327326,-0.21940149999999997,0.708005,-0.05130111099583165,0.06051117063949882,0.9968482900060928,-3.02939571036489,3.6025844885259155,7.459585208034092,7.465299383057776,7.598612313504189
05/17/2023 16:15:14.347206,442,True,True,True,True,Eyes,1.142832,-0.2985667,-3.433482,0.3125688,-0.2039299,0.9277464,0.0,0.0,0.0,0.0,0.0,0.0,0.0,-2.408969,0.7685378,2.612883,1.144859,-0.3011611,-3.437956,0.1222027,0.1886694,-0.08035418,0.9710889,15.52508,21.09546,353.4475,0.3135434,-0.08159991,-0.9460602,0,0,0,1.476006,-0.5235056,-2.730298,0.05453831,0.0006153584,0.8104941,0.9158942,-0.1099502,-0.3860686,0.2021739,0.9572194,0.2070187,0.3467906,-0.2676602,0.8989406,moving,-2.8407998203456453,3.446814088220507,3.849641101132131,0.04350115865530416,0.33114699999999986,-0.2223445,0.7076579999999999,-0.049471565089339975,0.06004835934238987,0.9969688061059423,-2.923944304289545,3.5749451389265245,7.500789677663365,7.506299928748523,7.63888446242875
05/17/2023 16:15:14.367756,443,True,True,True,True,Eyes,1.143281,-0.2988122,-3.4334,0.3158771,-0.2068122,0.9259862,0.0,0.0,0.0,0.0,0.0,0.0,0.0,-2.41535,0.7716206,2.605956,1.145141,-0.3014362,-3.437748,0.1230544,0.1896988,-0.08068301,0.9707536,15.63582,21.21291,353.4434,0.3136635,-0.08166268,-0.946015,0,0,0,1.479952,-0.526463,-2.730448,0.05655469,0.0001266003,0.8122874,0.9150093,-0.1099601,-0.3881583,0.2033331,0.9566957,0.2083,0.3484447,-0.2695219,0.897744,moving,-2.736427955873905,3.4009113498112042,3.982733656922649,0.008929921621776407,0.33481099999999997,-0.22502680000000003,0.7073,-0.047657637595953734,0.05925484759285523,0.9971046502645602,-2.8192174508647687,3.5280962783208016,7.521534692910476,7.526796847800582,7.658398704615265
05/17/2023 16:15:14.376908,444,True,True,True,True,Eyes,1.143721,-0.2990546,-3.433316,0.3191077,-0.2096418,0.9242406,0.0,0.0,0.0,0.0,0.0,0.0,0.0,-2.421397,0.774124,2.599487,1.145428,-0.3015127,-3.437564,0.1238713,0.1906608,-0.08107542,0.9704283,15.74356,21.32142,353.4302,0.3137833,-0.08172574,-0.9459698,0,0,0,1.484128,-0.5295936,-2.730607,0.05893263,-0.0006804317,0.8142806,0.9141505,-0.1101209,-0.3901311,0.2045905,0.9561654,0.2095006,0.3499594,-0.2713322,0.8966087,moving,-2.6282222315948616,3.355126349788884,4.139499250620837,-0.04787766721047702,0.3387,-0.22808089999999998,0.7069570000000001,-0.045776616501409656,0.05846319266152532,0.9972395157034213,-2.7106565615056497,3.481352234664954,7.570080551256002,7.57512312774899,7.705848321288315
05/17/2023 16:15:14.396869,445,True,True,True,True,Eyes,1.144143,-0.299291,-3.433224,0.3223831,-0.2124257,0.9224665,0.0,0.0,0.0,0.0,0.0,0.0,0.0,-2.427027,0.7764971,2.593434,1.145651,-0.3016626,-3.437411,0.1245955,0.1915742,-0.08138584,0.9701298,15.83872,21.42553,353.4241,0.3139025,-0.08178899,-0.9459248,0,0,0,1.48791,-0.532429,-2.730751,0.06102717,-0.001361832,0.8161103,0.9133514,-0.1101711,-0.3919842,0.2056482,0.9557046,0.2105648,0.351423,-0.2729305,0.8955506,moving,-2.5110833729335034,3.300645733864631,4.276509769861127,-0.09560858818146953,0.3422590000000001,-0.23076640000000004,0.7066599999999998,-0.04374010479011359,0.05752017522562901,0.9973856914370255,-2.5930981617457807,3.4257739042644078,7.585063696967552,7.589859293302446,7.719562668448315
05/17/2023 16:15:14.417466,446,True,True,True,True,Eyes,1.144568,-0.2995086,-3.433133,0.3256266,-0.2151161,0.9207021,0.0,0.0,0.0,0.0,0.0,0.0,0.0,-2.433676,0.7770607,2.587035,1.146034,-0.3017887,-3.437279,0.1250181,0.1926753,-0.08163008,0.9698368,15.89948,21.55357,353.4228,0.3140209,-0.08185228,-0.9458801,0,0,0,1.491933,-0.5354447,-2.730904,0.06293741,-0.002734169,0.8180698,0.9124255,-0.1101599,-0.3941377,0.2065115,0.955414,0.2110381,0.3533168,-0.2739505,0.8944934,moving,-2.415291708839628,3.214463388997878,4.399329469226481,-0.1914943698851136,0.34589899999999996,-0.23365599999999997,0.706375,-0.042076120793480914,0.05602388440771491,0.9975424304188886,-2.4966665440355196,3.33819004170245,7.613829250982078,7.618373189588599,7.746833744203476
05/17/2023 16:15:14.437436,447,True,True,True,True,Eyes,1.144978,-0.2997156,-3.433028,0.3293478,-0.2177897,0.9187478,0.0,0.0,0.0,0.0,0.0,0.0,0.0,-2.44226,0.7746304,2.579701,1.146486,-0.3015476,-3.437176,0.1251143,0.1941299,-0.08196196,0.9695063,15.92749,21.72302,353.4106,0.3141385,-0.08191508,-0.9458355,0,0,0,1.496091,-0.5385624,-2.731062,0.06443438,-0.00503464,0.820256,0.9111916,-0.1103484,-0.3969295,0.2075021,0.9552574,0.2107756,0.355911,-0.2744207,0.89332,moving,-2.3271624341524126,3.0948574311699857,4.491588339871192,-0.3516706990920925,0.34960500000000017,-0.23701479999999997,0.7061139999999999,-0.04054635204953502,0.05394478766216114,0.997720301495028,-2.4076609986773088,3.2168067140879564,7.635985418058315,7.640282604127632,7.7674752966352
05/17/2023 16:15:14.447304,448,True,True,True,True,Eyes,1.14539,-0.2999189,-3.432924,0.3331208,-0.2203064,0.9167855,0.0,0.0,0.0,0.0,0.0,0.0,0.0,-2.455467,0.7644603,2.570158,1.14713,-0.301578,-3.436941,0.1239573,0.1964997,-0.08216761,0.96916,15.8167,22.00547,353.402,0.3142553,-0.0819772,-0.9457914,0,0,0,1.500501,-0.5418685,-2.73123,0.06470895,-0.009394869,0.822413,0.9092727,-0.110552,-0.4012498,0.2079823,0.9557661,0.2079771,0.3605087,-0.2725607,0.8920449,moving,-2.3300963883835135,2.8334530499412653,4.498867468289146,-0.6544922437268478,0.3533710000000001,-0.24029049999999996,0.705711,-0.04060702252919285,0.04939215845340551,0.9979536635979038,-2.4087316296072587,2.9522495423972486,7.66413014278664,7.668149041806834,7.792529217720833
05/17/2023 16:15:14.467227,449,True,True,True,True,Eyes,1.145798,-0.3001147,-3.432811,0.3371761,-0.2228177,0.9146937,0.0,0.0,0.0,0.0,0.0,0.0,0.0,-2.470268,0.7564317,2.558404,1.147527,-0.3017049,-3.436858,0.1231256,0.199204,-0.08228072,0.9687042,15.74318,22.32934,353.4161,0.3143713,-0.08203859,-0.9457475,0,0,0,1.504213,-0.544651,-2.731372,0.06378952,-0.01277028,0.8244558,0.9070953,-0.1103571,-0.4062013,0.2084656,0.9561399,0.2057633,0.3656778,-0.2713259,0.8903157,moving,-2.358492026291111,2.60748629226769,4.424255631537941,-0.8874031094592049,0.35668600000000006,-0.2429461,0.7054860000000001,-0.0411092926085902,0.045455056337284416,0.9981201724135151,-2.4355233991692957,2.723654173163068,7.626363850306576,7.630197751047378,7.752180535082376
05/17/2023 16:15:14.477087,450,True,True,True,True,Eyes,1.146207,-0.3003125,-3.432705,0.3412918,-0.2252202,0.9125765,0.0,0.0,0.0,0.0,0.0,0.0,0.0,-2.486304,0.7506438,2.544408,1.148071,-0.3017542,-3.436578,0.1226556,0.2021464,-0.08227175,0.968155,15.70955,22.68353,353.4557,0.3144867,-0.08209915,-0.9457039,0,0,0,1.508144,-0.5475983,-2.731521,0.06254327,-0.01590346,0.8264576,0.9047364,-0.1097148,-0.4116001,0.2088923,0.956374,0.2042373,0.3712358,-0.270761,0.888185,moving,-2.416605549705617,2.425381826687394,4.327684923466243,-1.1024022200937504,0.36007299999999987,-0.2458441,0.705057,-0.04212751603154821,0.04228069121182554,0.998217268499795,-2.492353713967387,2.539563165273056,7.607427735309312,7.611222915355999,7.731548285065388
05/17/2023 16:15:14.496955,451,True,True,True,True,Eyes,1.146589,-0.3005144,-3.432594,0.3456543,-0.2277129,0.9103131,0.0,0.0,0.0,0.0,0.0,0.0,0.0,-2.502325,0.748262,2.529583,1.148464,-0.3020085,-3.436588,0.1224868,0.2051481,-0.08189809,0.9675764,15.70194,23.05044,353.5449,0.3146014,-0.082159,-0.9456606,0,0,0,1.511944,-0.5504469,-2.731666,0.0609062,-0.01837671,0.8286781,0.902414,-0.1082295,-0.4170558,0.2087412,0.9565794,0.2034281,0.37693,-0.2706331,0.8858225,moving,-2.4711575570545152,2.2664592038473104,4.203568083781869,-1.2703791476633384,0.36348,-0.24843839999999995,0.7049219999999998,-0.043082798736735095,0.03951014090645184,0.9982899484543921,-2.5457868811464057,2.3789212419700787,7.550143757195541,7.553885616366934,7.672756074343857
05/17/2023 16:15:14.517026,452,True,True,True,True,Eyes,1.146973,-0.3007156,-3.432487,0.3500351,-0.2302058,0.9080092,0.0,0.0,0.0,0.0,0.0,0.0,0.0,-2.518488,0.7479594,2.513905,1.148877,-0.3023748,-3.436655,0.1228142,0.2081114,-0.08179507,0.9669106,15.75626,23.40867,353.6133,0.3147148,-0.08221834,-0.9456177,0,0,0,1.516006,-0.5534917,-2.731821,0.05947831,-0.01994072,0.8310829,0.8999984,-0.107059,-0.4225414,0.2092951,0.9564525,0.2034556,0.382359,-0.2715456,0.8832127,moving,-2.5233356396953996,2.169507193163203,4.093521538952259,-1.37447169756476,0.36712900000000004,-0.25111690000000003,0.704834,-0.04399478287424721,0.03781934220416547,0.9983156541422068,-2.5972874132693105,2.2809910759895713,7.502455518633656,7.506169815594799,7.624259473809232
05/17/2023 16:15:14.527444,453,True,True,True,True,Eyes,1.147341,-0.3009197,-3.432378,0.3545511,-0.2328274,0.9055854,0.0,0.0,0.0,0.0,0.0,0.0,0.0,-2.534812,0.749562,2.497111,1.149291,-0.3025378,-3.436609,0.1238583,0.2110007,-0.08226293,0.9661112,15.90462,23.74954,353.6312,0.3148271,-0.08227721,-0.9455751,0,0,0,1.520087,-0.5565513,-2.731976,0.058222,-0.02029046,0.8334979,0.897423,-0.1066819,-0.4280781,0.2112186,0.9557839,0.2046066,0.3873222,-0.2740368,0.8802757,moving,-2.56037648432216,2.159501531774739,3.9957689512633494,-1.3945183943024961,0.3707959999999999,-0.25401349999999995,0.7046329999999998,-0.044640465504629384,0.03764392487348535,0.9982936247190898,-2.634266720019501,2.271002924360078,7.453795601393654,7.457486212357536,7.575844477023856
05/17/2023 16:15:14.548424,454,True,True,True,True,Eyes,1.147706,-0.3011208,-3.432277,0.3590593,-0.2354253,0.9031342,0.0,0.0,0.0,0.0,0.0,0.0,0.0,-2.550421,0.7510352,2.481002,1.14976,-0.3028452,-3.436628,0.1245774,0.2138441,-0.08229992,0.9653902,16.00554,24.09209,353.6915,0.3149381,-0.08233575,-0.9455331,0,0,0,1.524052,-0.5595238,-2.732127,0.05677658,-0.02115862,0.8358403,0.8949948,-0.1056228,-0.4333914,0.2121833,0.9554144,0.2053328,0.3923806,-0.2757302,0.8775023,moving,-2.591709187634187,2.1054224480922668,3.8859921535635626,-1.4500865480189438,0.37429200000000007,-0.25667860000000003,0.7045009999999996,-0.04518797180972206,0.036700757127720585,0.9983041308319804,-2.66522208120409,2.216386571084214,7.385694535199507,7.389334130162397,7.507425196625562
05/17/2023 16:15:14.567272,455,True,True,True,True,Eyes,1.148064,-0.3013151,-3.432179,0.3635739,-0.2381201,0.9006181,0.0,0.0,0.0,0.0,0.0,0.0,0.0,-2.564224,0.7545092,2.465926,1.150028,-0.3029568,-3.43671,0.125558,0.2163935,-0.08225381,0.9646986,16.13191,24.40101,353.7632,0.3150477,-0.08239388,-0.9454915,0,0,0,1.528078,-0.562542,-2.73228,0.05596444,-0.02177563,0.8384044,0.8928164,-0.1043604,-0.4381642,0.2130401,0.9549389,0.2066529,0.3968537,-0.2778497,0.8748181,moving,-2.590262621452216,2.075588365961358,3.8188927119185334,-1.4877918832421027,0.37805,-0.25958519999999996,0.7044300000000003,-0.04516362586699138,0.03618097374255347,0.9983242503667921,-2.663562381969461,2.186185994854305,7.329533135302724,7.333140588294216,7.45119705101242
05/17/2023 16:15:14.576812,456,True,True,True,True,Eyes,1.148425,-0.3015157,-3.432092,0.3680819,-0.2407716,0.8980783,0.0,0.0,0.0,0.0,0.0,0.0,0.0,-2.577717,0.7569498,2.451471,1.150573,-0.303004,-3.436812,0.1263616,0.2188599,-0.08219037,0.9640425,16.23706,24.70062,353.832,0.3151559,-0.08245148,-0.9454504,0,0,0,1.532119,-0.5655707,-2.732434,0.05505991,-0.0227965,0.8409016,0.8906901,-0.1031591,-0.4427518,0.213781,0.954555,0.2076595,0.401209,-0.2796122,0.8722662,moving,-2.5774172254945937,2.028089715327211,3.746221527283625,-1.5528849083700118,0.38154599999999994,-0.2625667,0.7043780000000002,-0.04494113197190486,0.03535369355874997,0.9983638076442367,-2.6503748651947956,2.1380644016052894,7.2635877223442415,7.267171824802406,7.385089858429286
05/17/2023 16:15:14.597014,457,True,True,True,True,Eyes,1.148762,-0.3017179,-3.432,0.3725417,-0.2435574,0.8954846,0.0,0.0,0.0,0.0,0.0,0.0,0.0,-2.59174,0.7586999,2.43652,1.150971,-0.3033394,-3.43695,0.1270951,0.22144,-0.08224434,0.963352,16.33775,25.01256,353.888,0.3152628,-0.08250872,-0.9454098,0,0,0,1.536165,-0.5686041,-2.732588,0.05406886,-0.02356215,0.8434375,0.8884004,-0.1021726,-0.4475551,0.2147484,0.9541654,0.2084502,0.4057437,-0.281299,0.8696223,moving,-2.5765394419565775,1.9660496833803323,3.6679472835504017,-1.6001905619356722,0.38519400000000004,-0.26526469999999996,0.7043620000000002,-0.04492753667471605,0.03427266824263002,0.9984022710464368,-2.6490544354677446,2.0752702163140224,7.187574218886807,7.191083642424445,7.3084555584972986
05/17/2023 16:15:14.617019,458,True,True,True,True,Eyes,1.149098,-0.3019158,-3.431914,0.3769673,-0.2463011,0.8928782,0.0,0.0,0.0,0.0,0.0,0.0,0.0,-2.605852,0.7622528,2.420647,1.151338,-0.3036105,-3.437043,0.1282923,0.2240022,-0.08251314,0.9625777,16.49603,25.31981,353.931,0.3153679,-0.08256572,-0.9453697,0,0,0,1.540157,-0.5715966,-2.73274,0.05303779,-0.02348864,0.8459758,0.8860292,-0.1013751,-0.4524105,0.2163261,0.9534653,0.2100163,0.4100673,-0.2839488,0.8667282,moving,-2.5792427568221052,1.9634509578540862,3.5874187305879612,-1.5904169731589177,0.388819,-0.2679861,0.7043029999999999,-0.044974709853857875,0.034227309282699916,0.9984016345832811,-2.651739934771383,2.0726501543777944,7.113992168677215,7.117421665981944,7.234995620756702
05/17/2023 16:15:14.626932,459,True,True,True,True,Eyes,1.149416,-0.3021191,-3.431827,0.3812173,-0.2491177,0.8902885,0.0,0.0,0.0,0.0,0.0,0.0,0.0,-2.617975,0.7635454,2.407305,1.151634,-0.3036883,-3.437066,0.1290666,0.2262343,-0.08275717,0.961931,16.60376,25.58752,353.9612,0.3154715,-0.08262237,-0.9453302,0,0,0,1.544208,-0.5746335,-2.732894,0.05279726,-0.02429573,0.8485317,0.8839386,-0.1008148,-0.4566059,0.2176119,0.9529862,0.2108612,0.4138811,-0.2857513,0.8643197,moving,-2.547530990102842,1.9089887383960502,3.5604625084260006,-1.6400831735924077,0.392574,-0.2709452,0.7041720000000002,-0.04442353217762415,0.03327908667174574,0.998458273381511,-2.6196313909349582,2.0174101139001506,7.060848093498911,7.06424065378127,7.181282458793253
05/17/2023 16:15:14.647097,460,True,True,True,True,Eyes,1.149734,-0.3023204,-3.431745,0.38539,-0.2519135,0.8877016,0.0,0.0,0.0,0.0,0.0,0.0,0.0,-2.628526,0.7654957,2.395509,1.151984,-0.3040367,-3.437163,0.1298529,0.2281478,-0.08299531,0.9613525,16.71069,25.81699,353.9874,0.3155731,-0.08267888,-0.9452913,0,0,0,1.548248,-0.5776627,-2.733048,0.05295995,-0.02478504,0.851032,0.8821207,-0.1003242,-0.4602152,0.2188268,0.9525,0.2117984,0.4171065,-0.2875392,0.8621736,moving,-2.483004679490435,1.858442686745768,3.560939783699207,-1.6681827449589797,0.39626400000000017,-0.273626,0.7041149999999998,-0.043300298200366266,0.03239984019336453,0.9985365935988598,-2.554727536001502,1.966010845459881,6.994266816498641,6.997596130791447,7.113982697329027
05/17/2023 16:15:14.666898,461,True,True,True,True,Eyes,1.150046,-0.3025214,-3.431667,0.3893252,-0.2547686,0.885166,0.0,0.0,0.0,0.0,0.0,0.0,0.0,-2.637543,0.7686011,2.384789,1.152275,-0.3041693,-3.4372,0.1309297,0.2297444,-0.08339421,0.9607916,16.85263,26.00604,353.9971,0.315673,-0.08273519,-0.9452531,0,0,0,1.552501,-0.5808509,-2.73321,0.05393571,-0.02499102,0.853699,0.8805258,-0.1000882,-0.4633105,0.2204096,0.9518057,0.2132735,0.4196354,-0.2899109,0.8601499,moving,-2.396693508980407,1.8413113089230675,3.6150758885548453,-1.676786739385382,0.40022599999999997,-0.27668159999999997,0.7039899999999997,-0.04179644022026066,0.03210333527357073,0.9986102502509311,-2.46827133291474,1.9483491480297017,6.9621992891956035,6.96551399156251,7.081576351292591
05/17/2023 16:15:14.677315,462,True,True,True,True,Eyes,1.150355,-0.3027222,-3.431593,0.3931631,-0.2575891,0.8826498,0.0,0.0,0.0,0.0,0.0,0.0,0.0,-2.645668,0.7700142,2.375618,1.152606,-0.3043449,-3.437283,0.1317568,0.231147,-0.08390867,0.9602972,16.96825,26.16949,353.984,0.3157711,-0.08279131,-0.9452154,0,0,0,1.556613,-0.5839331,-2.733366,0.0551126,-0.02540664,0.8562749,0.8790608,-0.1002442,-0.4660507,0.2220649,0.951199,0.2142608,0.4218285,-0.2918417,0.8584225,moving,-2.2891817032961437,1.801194030324642,3.682660522820763,-1.6995316381109533,0.404007,-0.2795882,0.7039169999999997,-0.03992342555769471,0.03140653005388122,0.9987090602583786,-2.36044496307967,1.907344018725372,6.91898080380596,6.922281399890991,7.0376612533993415
05/17/2023 16:15:14.697785,463,True,True,True,True,Eyes,1.150667,-0.3029198,-3.431519,0.3968203,-0.2604459,0.8801714,0.0,0.0,0.0,0.0,0.0,0.0,0.0,-2.652662,0.7713207,2.367506,1.152838,-0.30452,-3.437276,0.132621,0.2323283,-0.08455752,0.9598361,17.09033,26.30399,353.9526,0.3158675,-0.08284724,-0.9451783,0,0,0,1.560477,-0.5868304,-2.733513,0.05657491,-0.02553427,0.8586611,0.8777472,-0.1006995,-0.4684224,0.2239459,0.9505234,0.2152986,0.423566,-0.293879,0.8568705,moving,-2.164875131928949,1.766596227193861,3.769618931338154,-1.7033203013141454,0.40763899999999986,-0.28231039999999996,0.7037630000000004,-0.03775728243455373,0.030806055088656997,0.9988120370169215,-2.2358587379353905,1.8718623204056164,6.871208985916658,6.874484744456528,6.989112448286276
05/17/2023 16:15:14.717021,464,True,True,True,True,Eyes,1.150975,-0.3031127,-3.431449,0.4003763,-0.2632262,0.8777305,0.0,0.0,0.0,0.0,0.0,0.0,0.0,-2.659395,0.7718624,2.359839,1.153238,-0.3046054,-3.437186,0.1333046,0.2334677,-0.0851054,0.9594165,17.18919,26.43485,353.9277,0.3159624,-0.08290292,-0.9451417,0,0,0,1.564412,-0.5897797,-2.733663,0.05808178,-0.02617253,0.8609728,0.8764998,-0.1010584,-0.4706753,0.2255476,0.9499739,0.2160504,0.4252956,-0.2955278,0.8554454,moving,-2.040790857214752,1.7133392234242917,3.859362727993764,-1.741186076616076,0.41117399999999993,-0.2851743,0.7035230000000001,-0.03559508910423187,0.029880007698200622,0.9989195259729372,-2.11136180772509,1.81749642154064,6.833761468366082,6.8370722811498705,6.950810931403764
05/17/2023 16:15:14.727220,465,True,True,True,True,Eyes,1.151282,-0.3033045,-3.43138,0.4037449,-0.2660047,0.8753465,0.0,0.0,0.0,0.0,0.0,0.0,0.0,-2.664576,0.7713034,2.354323,1.153437,-0.3046754,-3.437217,0.1336845,0.2343546,-0.08556638,0.9591064,17.24997,26.53595,353.9005,0.316056,-0.08295823,-0.9451056,0,0,0,1.568599,-0.5929184,-2.733823,0.06043082,-0.02739865,0.8635994,0.8755126,-0.1014753,-0.4724198,0.2267936,0.9496137,0.2163296,0.4266642,-0.2965411,0.8544127,moving,-1.894971280766231,1.624198352789483,4.002777369220976,-1.8171627100928476,0.41516200000000003,-0.28824299999999997,0.7033939999999999,-0.03305418692990211,0.028328323469286598,0.9990519839208432,-1.964867925875812,1.7267310202754125,6.824903837730137,6.828353030090676,6.940603225962011
05/17/2023 16:15:14.747002,466,True,True,True,True,Eyes,1.151586,-0.3035021,-3.43131,0.4070174,-0.2687239,0.8729973,0.0,0.0,0.0,0.0,0.0,0.0,0.0,-2.669933,0.7694308,2.349007,1.153792,-0.3048188,-3.437186,0.1340413,0.2351978,-0.0863367,0.958781,17.3162,26.62657,353.8363,0.3161482,-0.08301318,-0.9450699,0,0,0,1.572482,-0.5958298,-2.73397,0.06252506,-0.02830912,0.8659047,0.8744559,-0.1025035,-0.4741517,0.2286084,0.9491578,0.2164201,0.427861,-0.2976449,0.8534299,moving,-1.746660099361416,1.5433252424356538,4.130033305944018,-1.872510432786608,0.41869,-0.29101099999999996,0.7032160000000003,-0.03046920124612426,0.026920344790344566,0.9991731116043165,-1.8159407371719865,1.644324120084245,6.793741308885708,6.7973126116195,6.908164198517261
05/17/2023 16:15:14.767197,467,True,True,True,True,Eyes,1.151878,-0.3037034,-3.431237,0.4101753,-0.2714935,0.8706592,0.0,0.0,0.0,0.0,0.0,0.0,0.0,-2.675054,0.7692434,2.343258,1.154038,-0.3051433,-3.43709,0.1345572,0.2360384,-0.08695874,0.958446,17.39652,26.7196,353.7934,0.3162391,-0.08306796,-0.9450347,0,0,0,1.576621,-0.5989325,-2.734128,0.0649015,-0.02896513,0.8683277,0.8734482,-0.1031692,-0.4758619,0.2302119,0.9486651,0.2168805,0.4290582,-0.2989829,0.8523605,moving,-1.6071353238932578,1.473222639113618,4.27451582585342,-1.910528210349953,0.42258300000000015,-0.2937892,0.7029619999999999,-0.02803686063695074,0.025699644967975305,0.9992764394856529,-1.6758790878042598,1.5728509610505776,6.78183238162747,6.785542723950815,6.8950076200269885
05/17/2023 16:15:14.777036,468,True,True,True,True,Eyes,1.152163,-0.3039091,-3.431166,0.4132089,-0.2742328,0.8683633,0.0,0.0,0.0,0.0,0.0,0.0,0.0,-2.679176,0.7696937,2.338459,1.15422,-0.3054186,-3.437048,0.1352641,0.2366467,-0.08775127,0.958124,17.50155,26.78174,353.7315,0.3163287,-0.08312272,-0.9449999,0,0,0,1.580869,-0.6021168,-2.73429,0.06782302,-0.02924818,0.8709031,0.8725961,-0.1041336,-0.4772129,0.2321728,0.9480067,0.2176674,0.4297346,-0.3007316,0.851404,moving,-1.4486383710763096,1.4316142883135332,4.45301597255855,-1.9234834194257044,0.42664900000000006,-0.2966982,0.7027579999999998,-0.025272929922323106,0.02497580356448653,0.9993685669818665,-1.5170434300024371,1.5301459251540326,6.784813609451246,6.78868209744876,6.897040301451711
05/17/2023 16:15:14.797023,469,True,True,True,True,Eyes,1.152439,-0.304108,-3.431092,0.4160894,-0.2769926,0.866109,0.0,0.0,0.0,0.0,0.0,0.0,0.0,-2.682178,0.7717562,2.334351,1.15433,-0.3057096,-3.436996,0.1361645,0.2370474,-0.08848137,0.9578303,17.62547,26.81985,353.6781,0.3164168,-0.08317757,-0.9449657,0,0,0,1.584697,-0.6049868,-2.734435,0.07070634,-0.02897583,0.8732325,0.8719591,-0.1049454,-0.4781984,0.2340552,0.9472606,0.2188965,0.4300063,-0.3027936,0.8505356,moving,-1.2776066042023078,1.4095005438379458,4.629186382872224,-1.900506272681747,0.43036699999999994,-0.2992772,0.7025610000000002,-0.022289851910002684,0.024591833835788737,0.9994490949210688,-1.3458086551825539,1.5071245325597316,6.76703531489963,6.770993170692147,6.878409220859858
05/17/2023 16:15:14.817224,470,True,True,True,True,Eyes,1.152715,-0.3043037,-3.431015,0.4188662,-0.2796881,0.8639014,0.0,0.0,0.0,0.0,0.0,0.0,0.0,-2.684178,0.7739748,2.331357,1.154587,-0.3057273,-3.436936,0.1370316,0.2372504,-0.08910298,0.9575987,17.74144,26.83553,353.6327,0.3165034,-0.08323233,-0.9449319,0,0,0,1.588851,-0.6081007,-2.734593,0.07413712,-0.02924269,0.8757561,0.8715459,-0.1056282,-0.4788012,0.2356714,0.946566,0.2201632,0.4299615,-0.304722,0.8498692,moving,-1.09089423212712,1.3852687680858362,4.838836275476056,-1.9124736021905016,0.434264,-0.30237340000000007,0.7023430000000004,-0.019032983175389873,0.024170765888528456,0.9995266256252594,-1.1588740168980929,1.4819007969128886,6.780846969642267,6.785043008965795,6.891611300163358
05/17/2023 16:15:14.837424,471,True,True,True,True,Eyes,1.152996,-0.3044942,-3.430946,0.421629,-0.2823443,0.8616906,0.0,0.0,0.0,0.0,0.0,0.0,0.0,-2.686738,0.7756929,2.327807,1.15486,-0.3058361,-3.436817,0.1376013,0.2376455,-0.08938526,0.9573928,17.81598,26.87997,353.6224,0.3165886,-0.08328693,-0.9448985,0,0,0,1.592951,-0.6111743,-2.73475,0.07715911,-0.03011224,0.878176,0.8710698,-0.105753,-0.4796391,0.2365542,0.9461523,0.2209929,0.430441,-0.305961,0.8491811,moving,-0.9269600701058341,1.3195209500335405,5.021279891078016,-1.9638757519465648,0.438091,-0.30533819999999995,0.702067,-0.01617351067621381,0.023024937442201618,0.9996040602758871,-0.9944275684349126,1.4147437883098202,6.789770942466004,6.794280869849161,6.899551161941026
05/17/2023 16:15:14.847369,472,True,True,True,True,Eyes,1.153277,-0.3046875,-3.430875,0.424316,-0.284921,0.8595208,0.0,0.0,0.0,0.0,0.0,0.0,0.0,-2.689773,0.774001,2.325015,1.155159,-0.3058749,-3.436815,0.1376352,0.2381383,-0.08970866,0.9572352,17.83185,26.93477,353.5953,0.3166727,-0.08334123,-0.9448655,0,0,0,1.596792,-0.6140541,-2.734896,0.07981688,-0.03178035,0.8805252,0.8704849,-0.1061922,-0.4806029,0.237297,0.9460179,0.2207723,0.4312146,-0.3062246,0.8486934,moving,-0.7720231109026829,1.198077282062804,5.179529274029248,-2.0670502973374707,0.44163299999999994,-0.30817920000000004,0.7019190000000002,-0.013470992735333615,0.020906972764964046,0.9996906924515048,-0.838583533842094,1.2912505123918816,6.783420063009824,6.78837490864708,6.891724464667309
05/17/2023 16:15:14.868690,473,True,True,True,True,Eyes,1.153561,-0.3048795,-3.430804,0.427073,-0.2874747,0.8573021,0.0,0.0,0.0,0.0,0.0,0.0,0.0,-2.69413,0.7724808,2.320495,1.155409,-0.3061261,-3.436725,0.1378443,0.2388662,-0.0902212,0.9569756,17.87424,27.01538,353.5553,0.3167558,-0.08339532,-0.9448329,0,0,0,1.601053,-0.6172482,-2.735058,0.08253115,-0.03305785,0.8830785,0.8696062,-0.1068263,-0.482051,0.2385316,0.9457181,0.2207257,0.4323051,-0.3069288,0.8478839,moving,-0.6400241008100007,1.1018705724490898,5.339265687654628,-2.1438538767925586,0.44564400000000015,-0.3111221,0.701667,-0.011168229913593036,0.019228884139552385,0.9997527003158557,-0.705863492727759,1.1933854714941505,6.798053588361824,6.803428075231073,6.905125145517909
05/17/2023 16:15:14.876742,474,True,True,True,True,Eyes,1.153852,-0.3050671,-3.430738,0.4298038,-0.2899688,0.8550946,0.0,0.0,0.0,0.0,0.0,0.0,0.0,-2.699659,0.7720543,2.314243,1.15576,-0.3062674,-3.436622,0.1383559,0.2397903,-0.09080402,0.9566154,17.95408,27.11935,353.5191,0.3168381,-0.08344921,-0.9448006,0,0,0,1.605134,-0.6203074,-2.735213,0.08459431,-0.03382908,0.8855682,0.8685104,-0.1073762,-0.4839007,0.2400819,0.9452245,0.221159,0.4336476,-0.3082547,0.8467165,moving,-0.5361546995144708,1.0437015118542694,5.456648399364929,-2.1876593077130964,0.44937400000000016,-0.31403999999999993,0.701409,-0.009355975829079266,0.018214223027879076,0.9997903251246318,-0.6015517632380497,1.134123710004968,6.802807753424243,6.808478664736611,6.909126690614587
05/17/2023 16:15:14.895934,475,True,True,True,True,Eyes,1.15414,-0.3052495,-3.430669,0.4327182,-0.2924598,0.8527733,0.0,0.0,0.0,0.0,0.0,0.0,0.0,-2.707883,0.7700566,2.305563,1.156195,-0.3063395,-3.436657,0.1387031,0.2412451,-0.09137575,0.9561448,18.01876,27.28827,353.4901,0.3169197,-0.08350275,-0.9447684,0,0,0,1.608866,-0.6231055,-2.735355,0.08526549,-0.03480096,0.8880283,0.8669025,-0.107814,-0.4866787,0.2416598,0.9448239,0.2211526,0.4359823,-0.3093284,0.8451245,moving,-0.4796825408222974,0.9649730464494791,5.484534908856826,-2.2442171220763307,0.4526709999999998,-0.316766,0.7013019999999996,-0.008370754975314504,0.016840571264093246,0.9998231853887029,-0.5445032224748644,1.0542310757834294,6.766919116426731,6.772797894874737,6.872340307567417
05/17/2023 16:15:14.917175,476,True,True,True,True,Eyes,1.154432,-0.305416,-3.430603,0.4356679,-0.2948477,0.8504459,0.0,0.0,0.0,0.0,0.0,0.0,0.0,-2.717964,0.7699587,2.293769,1.156525,-0.3063983,-3.436585,0.1391018,0.2432152,-0.09140068,0.9555852,18.07775,27.53008,353.5362,0.3170008,-0.08355588,-0.9447365,0,0,0,1.612942,-0.6261606,-2.735511,0.08531013,-0.03622591,0.8907744,0.8649846,-0.1070189,-0.4902535,0.2423455,0.9445933,0.2213871,0.4393975,-0.3103072,0.8429942,moving,-0.48902002888792206,0.8794911116571896,5.4705748996839425,-2.328814825035199,0.4564170000000001,-0.31976229999999994,0.7010740000000002,-0.008533900205069306,0.0153488532461252,0.9998457377834984,-0.5532336042162583,0.9677494968580693,6.762180970338368,6.768308407281328,6.8668482741385795
05/17/2023 16:15:14.927728,477,True,True,True,True,Eyes,1.154753,-0.3055759,-3.430556,0.4387465,-0.2971655,0.8480532,0.0,0.0,0.0,0.0,0.0,0.0,0.0,-2.728313,0.7693173,2.281827,1.156909,-0.3061852,-3.436581,0.1391221,0.2453549,-0.09091575,0.9550813,18.08087,27.80101,353.6345,0.3170814,-0.08360817,-0.9447049,0,0,0,1.617105,-0.6292816,-2.735669,0.08500856,-0.03891733,0.8937051,0.8630706,-0.1053953,-0.4939645,0.2419324,0.9447588,0.2211325,0.443371,-0.310359,0.840892,moving,-0.5110807775610055,0.7408570775852616,5.43358390638561,-2.4934298071951733,0.46019600000000005,-0.3230964,0.7009119999999998,-0.008919178656304455,0.01292952102340815,0.9998766581038594,-0.5743115845263104,0.8275201312173722,6.760895607603156,6.767543857089131,6.864657072510037
05/17/2023 16:15:14.946859,478,True,True,True,True,Eyes,1.155079,-0.3057326,-3.43051,0.4419127,-0.2993143,0.8456502,0.0,0.0,0.0,0.0,0.0,0.0,0.0,-2.739928,0.7650379,2.269752,1.15744,-0.3061568,-3.436693,0.1383137,0.2478201,-0.09011576,0.954638,17.98356,28.11556,353.7528,0.3171622,-0.08365948,-0.9446732,0,0,0,1.62124,-0.632382,-2.735826,0.08397263,-0.04307,0.8965725,0.8609287,-0.103502,-0.4980854,0.2406097,0.9454969,0.2194141,0.4482285,-0.3087441,0.838909,moving,-0.5598729144417739,0.508544189945157,5.350691112403457,-2.750289117710598,0.4638,-0.3262252,0.7008670000000001,-0.009771086098407489,0.008875230906438977,0.9999129469702027,-0.6214600019647136,0.5925781493217737,6.741970173301428,6.749426763994366,6.8440741154553155
05/17/2023 16:15:14.967108,479,True,True,True,True,Eyes,1.155414,-0.3058977,-3.430475,0.4451705,-0.3014738,0.8431708,0.0,0.0,0.0,0.0,0.0,0.0,0.0,-2.753193,0.7589753,2.25589,1.157868,-0.306253,-3.436671,0.137349,0.250642,-0.08947067,0.9541011,17.87491,28.47071,353.855,0.3172432,-0.08370979,-0.9446416,0,0,0,1.624994,-0.6351961,-2.735969,0.08211866,-0.04713197,0.899127,0.8583471,-0.1018772,-0.502853,0.239579,0.9462605,0.2172395,0.4536982,-0.3069399,0.8366276,moving,-0.6398298078177441,0.26075220209590494,5.218434550629957,-3.0006812879520925,0.46712600000000015,-0.32894310000000004,0.7007020000000002,-0.011166790325315423,0.004550685503471291,0.9999274064573931,-0.6996710495927663,0.34208634360716117,6.696761415388922,6.704939202070762,6.796916163525031
05/17/2023 16:15:14.977045,480,True,True,True,True,Eyes,1.155747,-0.3060649,-3.430446,0.448466,-0.3035921,0.8406605,0.0,0.0,0.0,0.0,0.0,0.0,0.0,-2.766356,0.7557979,2.241173,1.158239,-0.3066089,-3.436756,0.1370154,0.2533707,-0.08909936,0.9534628,17.84413,28.81133,353.941,0.3173245,-0.08375942,-0.9446099,0,0,0,1.625138,-0.6353041,-2.735975,0.07686609,-0.04793014,0.8994022,0.8557291,-0.1004744,-0.5075752,0.2393372,0.9465762,0.2161279,0.4587432,-0.3064285,0.8340601,moving,-0.7121838736339557,0.09464382750466716,4.884829886996869,-3.0504700523806014,0.46689899999999995,-0.3286952,0.7007810000000001,-0.012429616396833876,0.0016517180431524225,0.9999213814407577,-0.770859749352739,0.1742383154646412,6.412510869260181,6.420148312472055,6.510420057136367
05/17/2023 16:15:14.997176,481,True,True,True,True,Eyes,1.156068,-0.3062235,-3.430414,0.4518117,-0.3057737,0.8380744,0.0,0.0,0.0,0.0,0.0,0.0,0.0,-2.778965,0.7563789,2.225645,1.158472,-0.3068174,-3.436867,0.1375431,0.2559299,-0.089027,0.9527099,17.91747,29.12863,354.0138,0.3174061,-0.08380847,-0.9445781,0,0,0,1.625138,-0.6353041,-2.735975,0.07177418,-0.04708509,0.8997571,0.8531482,-0.09923096,-0.512144,0.2400366,0.9463122,0.2165081,0.4631638,-0.3076468,0.8311635,static,-0.7683671479597455,0.03115597582000102,4.5608619846414395,-2.995606628650499,0.466666,-0.3284867,0.7008920000000001,-0.01341013310797895,0.0005437254552477233,0.9999099661952546,-0.8266051705264899,0.11019231174966615,6.122030760842319,6.12878250646784,6.218584196278443
05/17/2023 16:15:15.017209,482,True,True,True,True,Eyes,1.156389,-0.3063748,-3.430389,0.4551539,-0.3078993,0.8354837,0.0,0.0,0.0,0.0,0.0,0.0,0.0,-2.790311,0.7576224,2.211294,1.158848,-0.3067893,-3.436946,0.1380655,0.2582569,-0.08878383,0.9520289,17.98348,29.42068,354.1021,0.3174876,-0.08385678,-0.9445465,0,0,0,1.625138,-0.6353041,-2.735975,0.06696945,-0.04660319,0.9000293,0.8508416,-0.09773677,-0.516252,0.2403623,0.9461107,0.2170267,0.4672201,-0.3087428,0.8284825,static,-0.8000495969705826,-0.03340001802375904,4.255426891580542,-2.964107474689461,0.46628999999999987,-0.32851480000000005,0.700971,-0.013963043964149574,-0.0005828834408440065,0.9999023743553864,-0.8578356581831705,0.044973555341294616,5.837483382740719,5.843533924163456,5.932960689917561
05/17/2023 16:15:15.036857,483,True,True,True,True,Eyes,1.156708,-0.3065293,-3.430362,0.4584925,-0.310063,0.8328539,0.0,0.0,0.0,0.0,0.0,0.0,0.0,-2.800267,0.7574493,2.198997,1.159112,-0.3067589,-3.43703,0.1384339,0.2602863,-0.08875611,0.9514249,18.03651,29.6723,354.1555,0.317569,-0.08390422,-0.9445149,0,0,0,1.625138,-0.6353041,-2.735975,0.06289968,-0.04620579,0.9002826,0.8487467,-0.09682465,-0.5198595,0.2409545,0.9459168,0.2172149,0.4707121,-0.3096229,0.8261741,static,-0.7907791579202582,-0.10942677618105706,3.996566610022753,-2.938050680156136,0.46602600000000005,-0.32854520000000004,0.7010550000000002,-0.013801237007905753,-0.001909674528144889,0.999902962427209,-0.8480206086849046,-0.03200804266444415,5.555067592424882,5.560556868873932,5.649345902897543
05/17/2023 16:15:15.047453,484,True,True,True,True,Eyes,1.157027,-0.306689,-3.430339,0.4618162,-0.3121718,0.8302256,0.0,0.0,0.0,0.0,0.0,0.0,0.0,-2.810216,0.7562656,2.187076,1.159607,-0.3069993,-3.437094,0.1385601,0.2622955,-0.08869304,0.9508606,18.06105,29.92146,354.2057,0.3176503,-0.08395096,-0.9444835,0,0,0,1.625138,-0.6353041,-2.735975,0.05870226,-0.0460491,0.9002803,0.8466692,-0.09598205,-0.5233915,0.2413568,0.9458693,0.216975,0.4742343,-0.3100302,0.8240044,static,-0.7772190660081917,-0.21046674969664686,3.7306572748241797,-2.928112193821757,0.4655309999999999,-0.32830480000000006,0.7011190000000003,-0.013564524077546714,-0.003672991499410694,0.9999012426300083,-0.8337363981134147,-0.13432164223886628,5.258710490551505,5.263700776469937,5.351537652644011
05/17/2023 16:15:15.076966,485,True,True,True,True,Eyes,1.157344,-0.3068571,-3.430323,0.465011,-0.3144078,0.8275944,0.0,0.0,0.0,0.0,0.0,0.0,0.0,-2.81959,0.7560234,2.17527,1.159874,-0.3071957,-3.437118,0.1389311,0.2642026,-0.08876239,0.9502718,18.11631,30.15683,354.2462,0.3177314,-0.0839972,-0.944452,0,0,0,1.625138,-0.6353041,-2.735975,0.05488622,-0.04537992,0.9003645,0.8446365,-0.0952849,-0.5267922,0.2421087,0.9456388,0.217142,0.4774649,-0.310947,0.8217903,static,-0.7590135218434653,-0.28807769994930654,3.4884338498638456,-2.8853642631446412,0.4652639999999999,-0.3281084,0.7011430000000001,-0.013246730060112483,-0.005027441990347575,0.9998996123126302,-0.8149725792299036,-0.2129400412076024,4.974159964980704,4.978624977519233,5.065684367976474
05/17/2023 16:15:15.077266,486,True,True,True,True,Eyes,1.157666,-0.307028,-3.43031,0.4681483,-0.3166388,0.824971,0.0,0.0,0.0,0.0,0.0,0.0,0.0,-2.828373,0.7578644,2.163355,1.160034,-0.3073915,-3.437149,0.1397939,0.2659502,-0.08904135,0.9496315,18.23207,30.37099,354.2744,0.3178121,-0.0840432,-0.9444208,0,0,0,1.625138,-0.6353041,-2.735975,0.05138251,-0.04370089,0.9005242,0.8426842,-0.09475648,-0.5300043,0.2434694,0.9450586,0.2181442,0.4802146,-0.3128665,0.8194563,static,-0.729591606512161,-0.30368379439280724,3.265667147566079,-2.778286016734174,0.46510399999999996,-0.32791260000000005,0.701174,-0.0127332534810157,-0.005299827877327301,0.9999049391715139,-0.7854315803356953,-0.22884511345731617,4.695700843563273,4.699547709179645,4.786548842590922
05/17/2023 16:15:15.097549,487,True,True,True,True,Eyes,1.158001,-0.3071902,-3.430309,0.4711378,-0.3189872,0.8223602,0.0,0.0,0.0,0.0,0.0,0.0,0.0,-2.836174,0.7589019,2.153147,1.160488,-0.3076858,-3.437216,0.1406986,0.2673652,-0.08965805,0.9490423,18.36085,30.53867,354.2588,0.3178928,-0.08408907,-0.9443896,0,0,0,1.625138,-0.6353041,-2.735975,0.04829565,-0.04169574,0.9005009,0.8409546,-0.09494279,-0.5327113,0.2454144,0.9443307,0.2191149,0.4822522,-0.3150007,0.8174395,static,-0.6640547354295699,-0.3102225056095185,3.0699451404281466,-2.651063230743771,0.46465,-0.32761830000000003,0.701241,-0.011589511980071188,-0.005414013937736245,0.9999181619321982,-0.719830717914164,-0.2357082034871022,4.403792867395687,4.407072766968171,4.494033930019695
05/17/2023 16:15:15.117105,488,True,True,True,True,Eyes,1.158333,-0.3073494,-3.430307,0.4740776,-0.3212734,0.8197767,0.0,0.0,0.0,0.0,0.0,0.0,0.0,-2.843536,0.7608523,2.142988,1.160708,-0.3076835,-3.437307,0.1416937,0.2687643,-0.09012501,0.9484547,18.49518,30.70756,354.2633,0.3179736,-0.08413453,-0.9443583,0,0,0,1.625138,-0.6353041,-2.735975,0.04538059,-0.03984334,0.9006944,0.8392864,-0.09479457,-0.5353618,0.2471233,0.9436008,0.2203353,0.4842812,-0.3172248,0.8153774,static,-0.6036405675509731,-0.3078365936509126,2.8843517298610672,-2.532898955023628,0.4644299999999999,-0.32762060000000004,0.7013320000000003,-0.010535168492310953,-0.005372438117572265,0.9999300742380548,-0.6594175582646165,-0.2335194865812586,4.13446861143814,4.137268758348102,4.224387139853203
05/17/2023 16:15:15.126888,489,True,True,True,True,Eyes,1.158678,-0.3075027,-3.430313,0.47686,-0.3235902,0.8172477,0.0,0.0,0.0,0.0,0.0,0.0,0.0,-2.849294,0.7605076,2.135794,1.161173,-0.3078039,-3.437353,0.1420688,0.2698413,-0.09040774,0.9480657,18.55244,30.83751,354.2639,0.3180544,-0.08417957,-0.9443271,0,0,0,1.625138,-0.6353041,-2.735975,0.04296502,-0.03910135,0.9005976,0.8380242,-0.09475289,-0.5373429,0.248097,0.9432858,0.2205895,0.4859664,-0.3181725,0.8140042,static,-0.507705817971875,-0.38127140208895854,2.731352220623481,-2.4860561500900076,0.46396499999999996,-0.3275002,0.7013780000000001,-0.008860825488871543,-0.006654130563044924,0.9999385424162007,-0.5629337211092886,-0.3082020650926021,3.8603209818295063,3.862850736542513,3.94909714763236
05/17/2023 16:15:15.147143,490,True,True,True,True,Eyes,1.159016,-0.3076553,-3.430319,0.4795853,-0.3258259,0.814761,0.0,0.0,0.0,0.0,0.0,0.0,0.0,-2.855148,0.7597848,2.128419,1.161572,-0.3077627,-3.437345,0.1425265,0.2709284,-0.09084839,0.9476448,18.62397,30.96636,354.2492,0.3181355,-0.08422402,-0.9442959,0,0,0,1.625138,-0.6353041,-2.735975,0.04065493,-0.03827377,0.9005437,0.8366888,-0.09495504,-0.5393843,0.2494129,0.9428656,0.2209022,0.4875911,-0.3193558,0.8125681,static,-0.4163769456447522,-0.4361955873622696,2.584855551584589,-2.433648191195046,0.4635659999999999,-0.32754140000000004,0.7013700000000003,-0.007266874316997546,-0.00761277487297779,0.9999446496703173,-0.4711889825659581,-0.36413275158629166,3.6028924768330577,3.605164823830362,3.6908403310750857
05/17/2023 16:15:15.166995,491,True,True,True,True,Eyes,1.159363,-0.3078116,-3.430324,0.4821957,-0.3280686,0.8123167,0.0,0.0,0.0,0.0,0.0,0.0,0.0,-2.86052,0.7565285,2.122435,1.161719,-0.3078953,-3.437331,0.1425134,0.2719657,-0.09132966,0.9473033,18.64381,31.0865,354.2144,0.3182167,-0.08426792,-0.9442646,0,0,0,1.625138,-0.6353041,-2.735975,0.03876343,-0.03800763,0.9005041,0.8353871,-0.0955162,-0.5412995,0.2505513,0.9426976,0.2203298,0.4892366,-0.3196839,0.8114491,static,-0.31803992589027497,-0.543021166322878,2.4648534563427713,-2.4168518924109805,0.463419,-0.32740880000000006,0.7013560000000001,-0.00555056640245144,-0.00947721995458542,0.9999397451936215,-0.37206412588298776,-0.4726192174861721,3.3528427752493384,3.354957103586922,3.4392066036495863
05/17/2023 16:15:15.177315,492,True,True,True,True,Eyes,1.159698,-0.3079696,-3.43033,0.4847047,-0.3302632,0.8099305,0.0,0.0,0.0,0.0,0.0,0.0,0.0,-2.865111,0.75533,2.116617,1.162056,-0.3080908,-3.437173,0.1429067,0.272781,-0.09191567,0.9469529,18.71117,31.17897,354.1757,0.3182982,-0.08431144,-0.9442333,0,0,0,1.625138,-0.6353041,-2.735975,0.03711751,-0.03698365,0.9002486,0.8342841,-0.09611512,-0.5428922,0.2520441,0.9422584,0.2205062,0.4903508,-0.3207976,0.8103364,static,-0.20514423910283885,-0.597706940463333,2.360984315599356,-2.352479282524389,0.463082,-0.32721330000000004,0.7011980000000002,-0.0035802396642692913,-0.010431697182895633,0.9999391000878057,-0.25874855916648853,-0.5283893110470523,3.1068288839912355,3.1087363560971877,3.1922256435241394
05/17/2023 16:15:15.197177,493,True,True,True,True,Eyes,1.160041,-0.3081165,-3.43034,0.4870842,-0.3324603,0.8076009,0.0,0.0,0.0,0.0,0.0,0.0,0.0,-2.867311,0.7555946,2.113596,1.162103,-0.3082805,-3.437174,0.1433606,0.273132,-0.09238891,0.9467371,18.77898,31.21608,354.1424,0.3183796,-0.08435466,-0.9442019,0,0,0,1.625138,-0.6353041,-2.735975,0.03643027,-0.03578402,0.9002323,0.8337264,-0.09662327,-0.5436582,0.2532488,0.9418241,0.2209809,0.4906785,-0.3219184,0.8096933,static,-0.04815655883303527,-0.6475343803802766,2.3173601163905557,-2.2762952430796077,0.46303499999999986,-0.3270236,0.7011990000000003,-0.0008404367680751035,-0.01130136284932895,0.9999358256959929,-0.10136396263280556,-0.5794072637059735,2.8702722930908573,2.872025607236458,2.954598955017439
05/17/2023 16:15:15.217198,494,True,True,True,True,Eyes,1.160378,-0.3082612,-3.430349,0.4893888,-0.3345666,0.8053346,0.0,0.0,0.0,0.0,0.0,0.0,0.0,-2.869715,0.7540312,2.111036,1.162462,-0.3081119,-3.437157,0.1438987,0.2733811,-0.09332896,0.9464914,18.87026,31.23263,354.0559,0.3184612,-0.0843973,-0.9441707,0,0,0,1.625138,-0.6353041,-2.735975,0.03582084,-0.03457853,0.9001676,0.833105,-0.09799176,-0.5443655,0.2553484,0.9411657,0.2213689,0.4906458,-0.3234264,0.809112,static,0.12037214813346696,-0.6670488009248066,2.278798576920791,-2.1998461283934696,0.46267599999999987,-0.32719220000000004,0.7011820000000002,0.0021007464179944035,-0.0116419093095185,0.9999300366377022,0.06734855308928223,-0.5997885063022707,2.6457063438545156,2.647314166392549,2.7295962342288873
05/17/2023 16:15:15.227031,495,True,True,True,True,Eyes,1.160729,-0.3084098,-3.430371,0.4915779,-0.336596,0.8031527,0.0,0.0,0.0,0.0,0.0,0.0,0.0,-2.872515,0.7507821,2.108483,1.162668,-0.3082034,-3.43714,0.1437362,0.2738751,-0.09374551,0.946332,18.86827,31.28595,354.0131,0.3185428,-0.08443935,-0.9441394,0,0,0,1.625138,-0.6353041,-2.735975,0.03490067,-0.03462528,0.9000497,0.8324084,-0.09869722,-0.5453027,0.2561603,0.9411034,0.2206952,0.4914043,-0.3233934,0.8086647,static,0.25518159379620564,-0.7790817096748781,2.2206104408534943,-2.203105650236063,0.46246999999999994,-0.3271007,0.701165,0.004453332466908544,-0.013596986851451998,0.9998976188991557,0.2029926325603746,-0.7136818070875575,2.425543340786232,2.42708770672515,2.507820768093445
05/17/2023 16:15:15.247236,496,True,True,True,True,Eyes,1.161067,-0.3085634,-3.430394,0.4936769,-0.3385812,0.8010281,0.0,0.0,0.0,0.0,0.0,0.0,0.0,-2.874953,0.7487197,2.1061,1.16292,-0.3083824,-3.437166,0.1437992,0.2742528,-0.0942292,0.9461651,18.89293,31.32455,353.967,0.3186246,-0.08448095,-0.9441081,0,0,0,1.625138,-0.6353041,-2.735975,0.03408352,-0.03415523,0.8999249,0.8318126,-0.09943809,-0.5460769,0.2571874,0.9408854,0.2204303,0.4918765,-0.3238007,0.8082144,static,0.39490865163075517,-0.8610828079849522,2.1689686749624557,-2.1735277029927933,0.462218,-0.32692170000000004,0.7011910000000001,0.006891623766482502,-0.015027808476703985,0.9998633897042678,0.3433414672364895,-0.7971982251851237,2.2053187985520832,2.206762463160867,2.2863065264901907
05/17/2023 16:15:15.267539,497,True,True,True,True,Eyes,1.161354,-0.3087071,-3.430386,0.49552,-0.340476,0.7990845,0.0,0.0,0.0,0.0,0.0,0.0,0.0,-2.876379,0.7497144,2.103941,1.162934,-0.3086487,-3.437225,0.1442342,0.2744626,-0.09456456,0.9460046,18.95354,31.34643,353.9463,0.3187063,-0.08452228,-0.9440768,0,0,0,1.625138,-0.6353041,-2.735975,0.03360581,-0.03296652,0.8999292,0.8314557,-0.09974322,-0.5465644,0.2580908,0.9405081,0.2209836,0.4920066,-0.3248013,0.8077336,static,0.5278773198155803,-0.9023040318027058,2.1385869226282623,-2.0979408640116723,0.46220400000000006,-0.32665540000000004,0.7012500000000004,0.009211924683900197,-0.01574685722001351,0.9998335821763341,0.47663931637900714,-0.8394159210869966,2.0046607919816504,2.005974291741467,2.0846953921091655
05/17/2023 16:15:15.287341,498,True,True,True,True,Eyes,1.161631,-0.3088443,-3.430379,0.4972785,-0.3423308,0.7971975,0.0,0.0,0.0,0.0,0.0,0.0,0.0,-2.877429,0.7522971,2.101714,1.163165,-0.3086577,-3.437227,0.1449188,0.274572,-0.09480859,0.9458436,19.03857,31.35849,353.9417,0.3187868,-0.08456321,-0.944046,0,0,0,1.625138,-0.6353041,-2.735975,0.03309709,-0.03170337,0.8998729,0.8312431,-0.09976691,-0.5468835,0.2589295,0.9400197,0.2220774,0.4919252,-0.3262046,0.8072175,static,0.6612073358708032,-0.9167207805989366,2.106374334802882,-2.017749741075116,0.46197299999999997,-0.32664640000000006,0.7012520000000002,0.01153851284009244,-0.015998049334028874,0.9998055122553011,0.6101074637518236,-0.8545060803825684,1.8156201513956383,1.8168028034460997,1.895244143519859
05/17/2023 16:15:15.297652,499,True,True,True,True,Eyes,1.161862,-0.3089715,-3.430345,0.4987635,-0.3440236,0.7955394,0.0,0.0,0.0,0.0,0.0,0.0,0.0,-2.877801,0.754362,2.100533,1.163194,-0.3086284,-3.437262,0.1454088,0.2745956,-0.09495007,0.9457475,19.09804,31.36091,353.9412,0.3188661,-0.0846036,-0.9440156,0,0,0,1.625138,-0.6353041,-2.735975,0.03292343,-0.03080463,0.8999338,0.8311634,-0.09974037,-0.5470093,0.2594548,0.9396816,0.2228942,0.491783,-0.3271857,0.8069071,static,0.7850667987903713,-0.9480882305637864,2.0951904252801277,-1.9604624706616671,0.4619439999999999,-0.3266757,0.7012870000000002,0.013699697705080949,-0.016544954964130443,0.9997693663988682,0.7342234260235477,-0.8867166555750673,1.6546015810032395,1.655694874878953,1.7335400913972097
05/17/2023 16:15:15.316990,500,True,True,True,True,Eyes,1.162084,-0.3090959,-3.430312,0.5001824,-0.3456317,0.7939498,0.0,0.0,0.0,0.0,0.0,0.0,0.0,-2.877899,0.7547793,2.100466,1.163449,-0.3086316,-3.437309,0.1454786,0.2745644,-0.09493983,0.9457468,19.10534,31.35751,353.9438,0.3189434,-0.08464332,-0.9439859,0,0,0,1.625138,-0.6353041,-2.735975,0.03272206,-0.0307402,0.8998477,0.8312016,-0.09969158,-0.5469602,0.2594645,0.9396448,0.2230376,0.4917134,-0.3273059,0.8069007,static,0.9140611472233078,-1.0263985941179379,2.0825859749516176,-1.9565522635295818,0.461689,-0.32667250000000003,0.7013340000000001,0.01595014080622098,-0.017910797942109508,0.9997123519093023,0.8638103888103797,-0.9664575079357324,1.4924891864934196,1.4935314264311352,1.5702552513614982
05/17/2023 16:15:15.327181,501,True,True,True,True,Eyes,1.162271,-0.3092097,-3.430262,0.5013797,-0.3470949,0.7925552,0.0,0.0,0.0,0.0,0.0,0.0,0.0,-2.877482,0.7539407,2.101339,1.163445,-0.3086929,-3.437305,0.1452873,0.2744842,-0.09492347,0.9458012,19.08289,31.34703,353.9381,0.3190186,-0.08468238,-0.943957,0,0,0,1.625138,-0.6353041,-2.735975,0.03291455,-0.03101519,0.899808,0.831296,-0.09979929,-0.5467972,0.2593155,0.9397623,0.2227158,0.4916325,-0.3269357,0.8071001,static,1.035467552548856,-1.126499243704001,2.0949184045124687,-1.9741280677010336,0.4616929999999999,-0.32661120000000005,0.70133,0.018067844742646777,-0.019656647082159057,0.9996436302187808,0.9859627868578613,-1.0682239791921075,1.3557829972079984,1.3568016549949433,1.4319374216441512
05/17/2023 16:15:15.357079,502,True,True,True,True,Eyes,1.162435,-0.3093148,-3.4302,0.5023883,-0.3484334,0.7913281,0.0,0.0,0.0,0.0,0.0,0.0,0.0,-2.87681,0.7529721,2.102881,1.163639,-0.3086497,-3.43741,0.1452387,0.2742476,-0.09513794,0.9458557,19.08269,31.31358,353.907,0.3190912,-0.0847206,-0.943929,0,0,0,1.625138,-0.6353041,-2.735975,0.03320456,-0.03102186,0.8997953,0.8314741,-0.1003108,-0.5464327,0.2596362,0.9397089,0.222567,0.4911619,-0.3269324,0.8073879,static,1.161546876216681,-1.195771150002407,2.1133898615249427,-1.974580126989008,0.4614989999999999,-0.3266544,0.701435,0.020267016023520157,-0.020864342303131556,0.9995768741541693,1.1125694984450765,-1.1388060740068444,1.2288756477592169,1.2298571019900888,1.3039017090231717
05/17/2023 16:15:15.366983,503,True,True,True,True,Eyes,1.16259,-0.3094166,-3.430141,0.503341,-0.3497283,0.7901506,0.0,0.0,0.0,0.0,0.0,0.0,0.0,-2.875801,0.7526267,2.104563,1.163859,-0.3086166,-3.437448,0.1452166,0.2739604,-0.09525295,0.9459307,19.08198,31.27573,353.887,0.3191611,-0.08475789,-0.9439021,0,0,0,1.625138,-0.6353041,-2.735975,0.03356788,-0.03104845,0.8997097,0.8317451,-0.1006381,-0.5459597,0.2597726,0.939678,0.2225387,0.4906304,-0.3269208,0.8077157,static,1.2871199685291543,-1.2631542296359815,2.136696067442854,-1.9764591490727443,0.461279,-0.3266875,0.701473,0.022457136266087974,-0.022038855172135163,0.9995048687603669,1.2386563751469328,-1.2074745874108115,1.1083748336727548,1.1093166617058032,1.1822912268190726
05/17/2023 16:15:15.382836,504,True,True,True,True,Eyes,1.162737,-0.3095109,-3.430084,0.5042405,-0.3509616,0.7890295,0.0,0.0,0.0,0.0,0.0,0.0,0.0,-2.875175,0.7532179,2.105232,1.163803,-0.3086381,-3.437481,0.1453515,0.2738051,-0.09534427,0.9459457,19.09896,31.25534,353.8774,0.3192282,-0.08479425,-0.9438761,0,0,0,1.625138,-0.6353041,-2.735975,0.03386828,-0.03070736,0.8997568,0.8318805,-0.100785,-0.5457263,0.259977,0.9395648,0.2227778,0.4902926,-0.3272007,0.8078074,static,1.3896554238560415,-1.3115456369595437,2.155686720925087,-1.9546609861716668,0.46133500000000005,-0.326666,0.7015060000000002,0.02424533590114547,-0.02288206310058663,0.9994441721578858,1.3415640798394801,-1.2568353653167548,0.9993188519185078,1.0002006301145363,1.0722668846186323
05/17/2023 16:15:15.397165,505,True,True,True,True,Eyes,1.162844,-0.3096007,-3.43,0.5050414,-0.3520741,0.7880209,0.0,0.0,0.0,0.0,0.0,0.0,0.0,-2.874198,0.7526021,2.106728,1.163773,-0.3085545,-3.437464,0.1452352,0.273599,-0.09537809,0.9460198,19.08566,31.22865,353.8656,0.3192926,-0.08482957,-0.9438512,0,0,0,1.625138,-0.6353041,-2.735975,0.03432947,-0.03094545,0.8997633,0.8320932,-0.1009867,-0.5453646,0.2599315,0.9396195,0.2226,0.4899556,-0.3269814,0.8081007,static,1.4924499817056749,-1.3829243153086472,2.1849970344439327,-1.9697903686703893,0.461365,-0.32674960000000003,0.701489,0.02603763847072804,-0.024126055833520538,0.9993697520209249,1.4448948802141663,-1.3294625980716535,0.9069127294560334,0.9077627359860253,0.9786576789130549
05/17/2023 16:15:15.417142,506,True,True,True,True,Eyes,1.162943,-0.3096873,-3.42992,0.5057746,-0.353161,0.7870638,0.0,0.0,0.0,0.0,0.0,0.0,0.0,-2.872782,0.7518295,2.10907,1.163971,-0.3086698,-3.437469,0.1449381,0.2732841,-0.09527495,0.9461668,19.0471,31.19018,353.8618,0.3193539,-0.08486392,-0.9438274,0,0,0,1.625138,-0.6353041,-2.735975,0.03477743,-0.03143379,0.8995895,0.832477,-0.1010734,-0.5447626,0.2595105,0.9398313,0.2221969,0.4895267,-0.3263454,0.8086176,static,1.6037660344813585,-1.4775274149896878,2.213907765817908,-2.001236163257904,0.4611669999999999,-0.32663430000000004,0.7014940000000003,0.02797804554141542,-0.025774767127398346,0.9992762148394263,1.556915048829845,-1.4256272243313997,0.8032696096008048,0.8040794645624425,0.8734787236947751
05/17/2023 16:15:15.426985,507,True,True,True,True,Eyes,1.163026,-0.3097631,-3.429827,0.5063608,-0.3541669,0.7862344,0.0,0.0,0.0,0.0,0.0,0.0,0.0,-2.871397,0.7515982,2.11104,1.163915,-0.3086754,-3.437489,0.145105,0.2729037,-0.09566069,0.9462121,19.07543,31.13666,353.8145,0.3194121,-0.08489729,-0.9438047,0,0,0,1.625138,-0.6353041,-2.735975,0.03557065,-0.03086366,0.8996212,0.8327453,-0.1018312,-0.5442111,0.2602299,0.9395871,0.222388,0.4886877,-0.3268126,0.8089362,static,1.7115348482410062,-1.4992069564290793,2.2642719338154698,-1.9648982970198374,0.46122299999999994,-0.32662870000000005,0.701514,0.029857260819906695,-0.026151447393182564,0.9992120047073014,1.664867013495697,-1.4479724268273455,0.7220124164666583,0.7227632464857142,0.7915166541380023
05/17/2023 16:15:15.446970,508,True,True,True,True,Eyes,1.1631,-0.3098322,-3.429735,0.5068935,-0.3551139,0.7854636,0.8913192,1.614904,-0.626352,-2.729636,-0.6821831,0.5967394,0.4225263,0.02327707,-0.02397266,0.8966858,1.164122,-0.3085686,-3.437429,0.1449914,0.2725434,-0.09577678,0.9463215,19.06397,31.08938,353.7901,0.3194672,-0.08492955,-0.9437831,0,0,0,1.625138,-0.6353041,-2.735975,0.03616381,-0.03112856,0.8994741,0.8330938,-0.1022383,-0.5436009,0.2603042,0.9396086,0.2222103,0.4880537,-0.3266236,0.8093952,static,1.8125103221302818,-1.558470329342283,2.302365678923532,-1.9820732880234524,0.46101599999999987,-0.3267355,0.701454,0.03161730825584386,-0.02718348690504882,0.9991303083676113,1.7662918525206797,-1.508330915898838,0.6468959749875384,0.6476092472953756,0.7154068650079143
05/17/2023 16:15:15.467030,509,True,True,True,True,Eyes,1.163137,-0.309884,-3.429616,0.5073481,-0.3559843,0.7847759,0.8882942,1.613812,-0.6261029,-2.732505,-0.7551144,0.6134177,0.2313464,0.02495021,-0.02506985,0.89374,1.164015,-0.3084794,-3.437359,0.1447673,0.2720757,-0.09578712,0.9464895,19.03612,31.03023,353.7723,0.3195194,-0.08496061,-0.9437627,0,0,0,1.625138,-0.6353041,-2.735975,0.03721917,-0.03154065,0.8994496,0.8335993,-0.1025477,-0.5427672,0.2600983,0.9397345,0.2219187,0.4872998,-0.3261641,0.8100345,static,1.9193874792705632,-1.6291313480837286,2.369544048582534,-2.008345931390024,0.46112299999999995,-0.3268247,0.701384,0.03347984477300153,-0.028413938652950166,0.9990354737070709,1.8737012161155078,-1.5802470804453876,0.5879049608899679,0.5885954783099258,0.6550791865790283
05/17/2023 16:15:15.477025,510,True,True,True,True,Eyes,1.163172,-0.3099324,-3.429502,0.5077661,-0.3567698,0.7841485,0.88652,1.613316,-0.6262159,-2.734339,-0.7880772,0.605841,0.1090461,0.02677235,-0.02666785,0.8919311,1.164145,-0.3082514,-3.43727,0.1443556,0.2714288,-0.09571815,0.946745,18.98358,30.94958,353.7542,0.3195682,-0.08499021,-0.9437435,0,0,0,1.625138,-0.6353041,-2.735975,0.03845677,-0.03250366,0.8993099,0.8343289,-0.1028768,-0.5415826,0.2596059,0.939999,0.2213745,0.4863127,-0.3252972,0.8109758,static,2.0448718835186557,-1.7175712679475763,2.4486208913908407,-2.069934122908697,0.460993,-0.32705270000000003,0.701295,0.03566615939802198,-0.029953713892420575,0.9989147474391126,1.999849539675997,-1.6702269525137843,0.5351960438530647,0.5358851023438937,0.6009671772942976
05/17/2023 16:15:15.496925,511,True,True,True,True,Eyes,1.163189,-0.309973,-3.429377,0.5081497,-0.3574755,0.7835785,0.8852748,1.613041,-0.626437,-2.735694,-0.8064012,0.5910735,0.01868995,0.02819353,-0.02834807,0.8907167,1.164088,-0.3082624,-3.437251,0.1437494,0.2710232,-0.09550541,0.9469749,18.90636,30.90079,353.7518,0.3196139,-0.0850184,-0.9437255,0,0,0,1.625138,-0.6353041,-2.735975,0.03935757,-0.03361806,0.8992398,0.8348503,-0.1029636,-0.540762,0.2588013,0.9404297,0.2204857,0.4858467,-0.3240225,0.8117651,static,2.1390897592438494,-1.8294860628218417,2.5060994811476607,-2.14100437049993,0.46104999999999996,-0.32704170000000005,0.701276,0.037306489408839044,-0.03190290767561904,0.9987945467924918,2.094890452720487,-1.7838488149917207,0.480726333263259,0.4813935936326251,0.5446585681786323
05/17/2023 16:15:15.517044,512,True,True,True,True,Eyes,1.163201,-0.3100125,-3.429254,0.5085252,-0.3581061,0.7830467,0.8842956,1.612888,-0.6266842,-2.736809,-0.8165704,0.5745615,-0.05560555,0.02884901,-0.03001608,0.889685,1.164398,-0.3082176,-3.437315,0.1431912,0.2708309,-0.09531946,0.9471332,18.83677,30.8782,353.7523,0.3196564,-0.08504514,-0.9437087,0,0,0,1.625138,-0.6353041,-2.735975,0.03951702,-0.03478047,0.8990963,0.8351296,-0.1029992,-0.5403237,0.2581216,0.940821,0.2196113,0.4857281,-0.3228731,0.8122938,static,2.2059962350440565,-1.9318881749549144,2.516640549176801,-2.2153144347547684,0.4607399999999999,-0.32708650000000006,0.7013400000000001,0.03847053927903529,-0.03368646536415326,0.9986917602203343,2.162544894154882,-1.8877406629154119,0.41988750849960743,0.4205119910860303,0.48237776576295954
05/17/2023 16:15:15.527426,513,True,True,True,True,Eyes,1.163198,-0.3100484,-3.42912,0.5088913,-0.3587227,0.7825264,0.8834856,1.612797,-0.6269747,-2.737769,-0.822933,0.5553943,-0.1196603,0.02958408,-0.031602,0.8889235,1.164321,-0.308207,-3.43728,0.1425887,0.2708044,-0.09522345,0.9472413,18.76611,30.87443,353.7444,0.319696,-0.08507056,-0.943693,0,0,0,1.625138,-0.6353041,-2.735975,0.03978187,-0.03586984,0.899058,0.8351949,-0.1031719,-0.5401899,0.2576264,0.9412019,0.2185579,0.4858787,-0.3217057,0.8126669,static,2.2549202869626943,-2.0359631166729666,2.5335933978673424,-2.284725804909588,0.46081700000000003,-0.32709710000000003,0.7013050000000001,0.03932082308867235,-0.035499305310450174,0.9985957989106726,2.2122240766129044,-1.993258295847427,0.37296842158726384,0.3735526439472553,0.4338566001370029
05/17/2023 16:15:15.557189,514,True,True,True,True,Eyes,1.16319,-0.310084,-3.42899,0.5092193,-0.3593182,0.7820397,0.8828062,1.612732,-0.6272923,-2.738601,-0.8270859,0.5341135,-0.1750762,0.0304209,-0.03258871,0.8881624,1.164378,-0.3082155,-3.437163,0.1423425,0.2706076,-0.0951272,0.9473442,18.73424,30.85085,353.744,0.3197327,-0.08509471,-0.9436784,0,0,0,1.625138,-0.6353041,-2.735975,0.04019511,-0.03636591,0.8988959,0.8354447,-0.1031985,-0.5397984,0.2572743,0.9413789,0.2182104,0.4856358,-0.3211789,0.8130203,static,2.3147481973820128,-2.0989951206043718,2.5603376549695076,-2.316705998506257,0.46076000000000006,-0.32708860000000006,0.7011880000000001,0.04036193218053288,-0.036596335480001824,0.9985146866120244,2.2725173251396367,-2.0572770521179047,0.32766190941986195,0.3281953808860349,0.3874840906250814
05/17/2023 16:15:15.567197,515,True,True,True,True,Eyes,1.163164,-0.3101167,-3.428856,0.5094978,-0.3599754,0.781556,0.8822274,1.612657,-0.6276969,-2.739346,-0.8320645,0.5071188,-0.2247204,0.03152031,-0.03294566,0.8876662,1.164237,-0.3082431,-3.437128,0.1424188,0.2702712,-0.09511348,0.9474302,18.74014,30.80966,353.741,0.3197665,-0.08511771,-0.9436649,0,0,0,1.625138,-0.6353041,-2.735975,0.04092032,-0.03615981,0.8989062,0.8358138,-0.1032433,-0.5392181,0.2572102,0.9413406,0.2184509,0.4850343,-0.3212766,0.8133408,static,2.3847624481302843,-2.126850476384009,2.606438925936352,-2.3035641268150644,0.460901,-0.32706100000000005,0.7011530000000001,0.04158132668014081,-0.03707992325209833,0.9984468691468453,2.342748764560489,-2.0857315359146877,0.2830268752035291,0.2834928130679388,0.3420285643989394
05/17/2023 16:15:15.576843,516,True,True,True,True,Eyes,1.163136,-0.3101535,-3.428727,0.5097408,-0.3606255,0.7810976,0.8817387,1.612594,-0.6281309,-2.740003,-0.836205,0.4781669,-0.2685474,0.03261369,-0.03312089,0.8872471,1.164353,-0.3082763,-3.437242,0.1425614,0.2697692,-0.09525608,0.9475374,18.75723,30.74542,353.7186,0.3197974,-0.08513962,-0.9436525,0,0,0,1.625138,-0.6353041,-2.735975,0.04167861,-0.03576165,0.8989044,0.8363018,-0.1036,-0.5383924,0.2574348,0.941205,0.2187703,0.4840731,-0.3215589,0.8138017,static,2.473132732544775,-2.140576555642634,2.6546754033067033,-2.278230739056021,0.460785,-0.32702780000000004,0.7012670000000001,0.04312084933202445,-0.037316674451955745,0.9983726525307981,2.43124034356471,-2.0999544258216485,0.2274504688606363,0.22782979506328893,0.2858420364158293
05/17/2023 16:15:15.596915,517,True,True,True,True,Eyes,1.163151,-0.3101934,-3.428622,0.5099488,-0.3613284,0.780637,0.8812727,1.612555,-0.6286223,-2.740668,-0.8388613,0.445437,-0.3128862,0.03349954,-0.0330916,0.8868429,1.164292,-0.3084077,-3.437253,0.1427813,0.2695013,-0.09544679,0.9475614,18.78599,30.70962,353.6978,0.3198255,-0.08516065,-0.9436411,0,0,0,1.625138,-0.6353041,-2.735975,0.0421952,-0.03510614,0.898899,0.836518,-0.1039239,-0.537994,0.2578429,0.9410068,0.2191421,0.4834819,-0.3220342,0.8139651,static,2.5324350983661366,-2.1486401315900645,2.6875472362845287,-2.236527059907353,0.46084599999999987,-0.32689640000000003,0.7012780000000003,0.0441539386781985,-0.037455493365285336,0.9983224092210718,2.490615922936015,-2.108337506264,0.17800396564101148,0.178280362066781,0.23497766668441591
05/17/2023 16:15:15.616917,518,True,True,True,True,Eyes,1.163157,-0.3102317,-3.428523,0.5101267,-0.3620408,0.7801905,0.8808882,1.612522,-0.6291492,-2.741262,-0.8410712,0.410304,-0.3524907,0.03381446,-0.03317219,0.8863545,1.164516,-0.3084255,-3.437176,0.1431049,0.2694049,-0.0955405,0.9475306,18.82452,30.69713,353.6949,0.3198521,-0.08518089,-0.9436303,0,0,0,1.625138,-0.6353041,-2.735975,0.04216504,-0.03454371,0.8987405,0.8365861,-0.1039488,-0.5378832,0.2581614,0.940786,0.2197144,0.483194,-0.3226708,0.813884,static,2.5664848957828608,-2.1506135248935516,2.6861020012302004,-2.2011192606763594,0.46062199999999986,-0.3268786,0.7012010000000002,0.04474715643040847,-0.037488885201771766,0.998294687297043,2.524688813866379,-2.1104621988765415,0.12966192775614307,0.12984252486209114,0.1851294679653245
05/17/2023 16:15:15.637188,519,True,True,True,True,Eyes,1.163195,-0.3102736,-3.428446,0.5103055,-0.3627685,0.7797354,0.8805292,1.612534,-0.6297017,-2.741867,-0.8403556,0.3735051,-0.392806,0.03461689,-0.0328394,0.8861984,1.164318,-0.3084176,-3.437211,0.1435668,0.2692271,-0.09576989,0.9474881,18.88219,30.67265,353.6788,0.3198769,-0.08520037,-0.9436201,0,0,0,1.625138,-0.6353041,-2.735975,0.04257888,-0.03354706,0.8988903,0.8366898,-0.1041775,-0.5376776,0.2587858,0.9404334,0.2204879,0.4826801,-0.3236233,0.8138106,static,2.6104382233266445,-2.132821421946806,2.711974931941207,-2.1373167725678384,0.46082,-0.3268865,0.7012360000000002,0.04551349437052313,-0.03717759326653505,0.9982716716028518,2.568526909017461,-2.092619233343058,0.10155808071128068,0.10163617158022323,0.15025047518554563
05/17/2023 16:15:15.647350,520,True,True,True,True,Eyes,1.163233,-0.3103146,-3.428374,0.5104615,-0.3634837,0.7793002,0.8802321,1.612557,-0.6302646,-2.742409,-0.8385881,0.3359088,-0.4288769,0.03525722,-0.0327941,0.8858966,1.1645,-0.3084708,-3.437265,0.1438708,0.2689651,-0.0960054,0.9474925,18.92179,30.63703,353.6554,0.3199008,-0.08521919,-0.9436104,0,0,0,1.625138,-0.6353041,-2.735975,0.04285562,-0.03284766,0.8988324,0.8368815,-0.1045363,-0.5373096,0.2593212,0.9401683,0.2209888,0.4820601,-0.3242773,0.8139179,static,2.6651980283458254,-2.1310880850410583,2.7297503150486593,-2.0929320338439323,0.4606379999999999,-0.32683330000000005,0.7012900000000002,0.046467619335393534,-0.03714576265767355,0.9982289805139202,2.6232888613354053,-2.0910698307867395,0.07498372979510674,0.07498587841402245,0.10647773911464097
05/17/2023 16:15:15.667274,521,True,True,True,True,Eyes,1.163296,-0.3103631,-3.428324,0.5105071,-0.364192,0.7789395,0.8800281,1.612556,-0.6308623,-2.742835,-0.8386183,0.2960514,-0.4572447,0.03574762,-0.03301395,0.8857462,1.164548,-0.3084913,-3.437299,0.1440101,0.2688465,-0.0963132,0.9474739,18.94609,30.61731,353.6216,0.3199238,-0.08523738,-0.9436009,0,0,0,1.625138,-0.6353041,-2.735975,0.04305899,-0.03240153,0.8988333,0.8368908,-0.1050753,-0.5371901,0.2599417,0.9399697,0.2211046,0.4817098,-0.3246785,0.8139654,static,2.699665913647412,-2.1457589546008253,2.7426817844297573,-2.0645289737740264,0.46059000000000005,-0.3268128,0.7013240000000001,0.04706767430198361,-0.03740030939760053,0.998191318118639,2.6578704978822922,-2.1060472413287044,0.09188863609022078,0.09191667380995436,0.0944283901513631
05/17/2023 16:15:15.676893,522,True,True,True,True,Eyes,1.163356,-0.3104127,-3.428277,0.5105137,-0.3649008,0.7786033,0.8798906,1.612552,-0.6314855,-2.743191,-0.8389522,0.2545343,-0.4810109,0.03636581,-0.03274988,0.8856614,1.164402,-0.3086218,-3.437246,0.1443382,0.2687286,-0.09668609,0.9474193,18.99358,30.59715,353.586,0.3199464,-0.08525513,-0.9435916,0,0,0,1.625138,-0.6353041,-2.735975,0.04342622,-0.03145711,0.8988352,0.8368735,-0.105629,-0.5371083,0.2607802,0.9396365,0.2215329,0.4812863,-0.3254622,0.8139029,static,2.729357432112414,-2.137530839221444,2.766030824006881,-2.0043989318129265,0.46073600000000003,-0.32668230000000004,0.7012710000000002,0.047585199034919756,-0.03725604413562575,0.9981721126676459,2.687511207219767,-2.0978306478900075,0.13799837933026707,0.13809070368158458,0.12204431895628554
05/17/2023 16:15:15.697103,523,True,True,True,True,Eyes,1.163431,-0.3104672,-3.428246,0.5104018,-0.3654931,0.7783989,0.8798434,1.612504,-0.6320438,-2.743377,-0.842178,0.2173288,-0.4934618,0.03717601,-0.03249072,0.885668,1.164417,-0.3086961,-3.437286,0.1446098,0.268353,-0.09715591,0.9474363,19.03595,30.54307,353.5322,0.3199687,-0.08527253,-0.9435825,0,0,0,1.625138,-0.6353041,-2.735975,0.04412684,-0.03060412,0.8988276,0.8370948,-0.1064852,-0.5365941,0.261711,0.9392975,0.2218729,0.4803953,-0.3261613,0.8141494,static,2.7812730197048383,-2.124265126852758,2.8106095174753354,-1.9501067384611661,0.46072099999999994,-0.32660800000000006,0.701311,0.04849004367882098,-0.03702332519491827,0.9981372852306425,2.7393459500574138,-2.084598650726322,0.17645505990446642,0.17661193150122934,0.15220568486711333
05/17/2023 16:15:15.716788,524,True,True,True,True,Eyes,1.163505,-0.3105147,-3.428217,0.5102509,-0.3660863,0.778219,0.8798409,1.612444,-0.6326124,-2.743508,-0.846011,0.1793898,-0.5020802,0.03808659,-0.03177245,0.8857532,1.164245,-0.3087996,-3.437253,0.1451281,0.2679653,-0.09758863,0.9474223,19.10473,30.48894,353.4897,0.3199907,-0.08528968,-0.9435735,0,0,0,1.625138,-0.6353041,-2.735975,0.04496571,-0.02928719,0.8988546,0.8373421,-0.1071367,-0.5360783,0.2626939,0.9388286,0.2226945,0.4794269,-0.327296,0.8142649,static,2.8270992213644663,-2.0855517547554414,2.8638663877994,-1.8661960874404375,0.460893,-0.32650450000000003,0.7012780000000003,0.04928957811176968,-0.03634747391479795,0.9981229235866074,2.7849082238689995,-2.045588214899901,0.22220798453181098,0.22241567685499322,0.19599981389198398
05/17/2023 16:15:15.737225,525,True,True,True,True,Eyes,1.163592,-0.3105644,-3.4282,0.5100591,-0.3665271,0.7781373,0.8798735,1.61238,-0.6330619,-2.743537,-0.850566,0.1494805,-0.5041757,0.0389964,-0.03166506,0.8858336,1.164309,-0.3086781,-3.437247,0.1453991,0.2674526,-0.09790218,0.9474934,19.14123,30.42056,353.4509,0.3200126,-0.08530643,-0.9435646,0,0,0,1.625138,-0.6353041,-2.735975,0.0458785,-0.02872249,0.8988328,0.8377686,-0.1077486,-0.5352888,0.263298,0.9385485,0.223161,0.4783493,-0.3278978,0.8146564,static,2.8837023307651104,-2.068929200269288,2.921972990739704,-1.8302821614840181,0.46082899999999993,-0.326626,0.7012720000000003,0.05027614328481658,-0.036056124910216425,0.9980843268238279,2.8414077924380052,-2.0289762887097247,0.24145609157511885,0.24169619884447724,0.21440640702035302
05/17/2023 16:15:15.747326,526,True,True,True,True,Eyes,1.163677,-0.3106129,-3.428174,0.5098404,-0.3669558,0.7780786,0.8799257,1.612299,-0.6335068,-2.743522,-0.8558733,0.1198076,-0.5031174,0.03995997,-0.03224061,0.8858795,1.164165,-0.3087267,-3.437145,0.1452496,0.2670222,-0.09792864,0.9476349,19.12229,30.3662,353.4344,0.3200346,-0.08532283,-0.9435557,0,0,0,1.625138,-0.6353041,-2.735975,0.04688197,-0.02886574,0.8987537,0.8382182,-0.1080314,-0.5345272,0.2631709,0.938625,0.222989,0.4776309,-0.3275855,0.8152033,static,2.9308509655776587,-2.1091883898759267,2.986031265349091,-1.8395659968518705,0.4609730000000001,-0.3265774,0.7011700000000003,0.05109614629941592,-0.03675589443987848,0.9980171784398468,2.8888560109476744,-2.0698991657254755,0.2749492771765625,0.27521101050445596,0.24999279739891833
05/17/2023 16:15:15.767164,527,True,True,True,True,Eyes,1.163743,-0.3106624,-3.428141,0.5096678,-0.3672879,0.7780349,0.879974,1.612237,-0.6338662,-2.743491,-0.8600759,0.09586069,-0.5010791,0.0408968,-0.03240301,0.8857557,1.164186,-0.3087501,-3.436914,0.1452935,0.2665639,-0.09811074,0.9477383,19.12959,30.30621,353.4051,0.3200566,-0.08533891,-0.9435467,0,0,0,1.625138,-0.6353041,-2.735975,0.04786018,-0.02867725,0.8985081,0.8386359,-0.1085066,-0.5337753,0.2634266,0.9385281,0.2230948,0.4767559,-0.3277059,0.815667,static,2.9817855049430038,-2.1160901233915514,3.0490512684394204,-1.8280612232771842,0.46095200000000003,-0.326554,0.700939,0.05198310828384403,-0.03687442075892311,0.9979669368311274,2.9398532617026185,-2.0770750293279168,0.2955011678319553,0.29577919169516975,0.27190454258647917
05/17/2023 16:15:15.776796,528,True,True,True,True,Eyes,1.16381,-0.3107097,-3.428117,0.5094371,-0.3676288,0.7780249,0.8800629,1.612147,-0.6342463,-2.743406,-0.8658694,0.0705025,-0.4952774,0.04236573,-0.03202629,0.8858697,1.163944,-0.3088475,-3.436814,0.1455404,0.2658364,-0.0983224,0.9478828,19.1587,30.21295,353.3728,0.3200783,-0.08535475,-0.9435379,0,0,0,1.625138,-0.6353041,-2.735975,0.04942733,-0.02793038,0.8984581,0.8393274,-0.1090163,-0.5325832,0.2637761,0.9383014,0.2236351,0.4753437,-0.3281858,0.816298,static,3.0573081526328645,-2.0990809255625167,3.1488675972181897,-1.7805812913268912,0.4611939999999999,-0.32645660000000004,0.7008390000000002,0.05329908386129595,-0.03657561282185112,0.9979084480412582,3.015274623853769,-2.0601425777560687,0.3310975484191888,0.3313987762515131,0.30984124225526116
05/17/2023 16:15:15.797142,529,True,True,True,True,Eyes,1.163902,-0.3107534,-3.428106,0.5092118,-0.3678736,0.7780569,0.8801322,1.612075,-0.6345308,-2.743313,-0.8706977,0.05154422,-0.48911,0.04362878,-0.03161126,0.8860321,1.164071,-0.3088408,-3.43698,0.1458261,0.2649729,-0.09853366,0.9480587,19.19116,30.10293,353.3388,0.3200997,-0.08537032,-0.9435292,0,0,0,1.625138,-0.6353041,-2.735975,0.05079091,-0.02724092,0.8984696,0.840161,-0.1095514,-0.5311572,0.2641113,0.9380517,0.224286,0.4736821,-0.328721,0.8170482,static,3.146326022487956,-2.071298360751521,3.2355137847492017,-1.7366327744727768,0.4610669999999999,-0.3264633,0.7010050000000003,0.05485040534806129,-0.03608869533267747,0.9978422829165682,3.104117957603006,-2.0323568690001457,0.34599220262557107,0.34634594205283276,0.32360099424362904
05/17/2023 16:15:15.817524,530,True,True,True,True,Eyes,1.163997,-0.3107941,-3.428096,0.5090231,-0.3680493,0.7780972,0.8801704,1.612024,-0.6347401,-2.743238,-0.8741645,0.03759429,-0.4841725,0.04411429,-0.0316236,0.8860608,1.164163,-0.3087399,-3.436919,0.146013,0.2646149,-0.09847284,0.9481363,19.2078,30.06023,353.3439,0.3201213,-0.08538547,-0.9435205,0,0,0,1.625138,-0.6353041,-2.735975,0.0513458,-0.02705793,0.898386,0.8405642,-0.1094569,-0.5305385,0.2640057,0.9379666,0.2247657,0.4730252,-0.3289952,0.8173184,static,3.1745121447344946,-2.063012913651939,3.2710891018376107,-1.7251344934836448,0.4609749999999999,-0.3265642,0.7009440000000002,0.05534156429522624,-0.03594342073615445,0.9978203435383954,3.1322524630487205,-2.024076616718215,0.35105509990711725,0.35140992509990315,0.3296088671655995
05/17/2023 16:15:15.837300,531,True,True,True,True,Eyes,1.164097,-0.3108385,-3.428096,0.5089477,-0.3681325,0.7781072,0.8801243,1.612035,-0.6348408,-2.743265,-0.8734561,0.03088269,-0.4859226,0.04372072,-0.03322749,0.8859751,1.164349,-0.3087202,-3.436944,0.1452833,0.2648171,-0.09814952,0.9482255,19.11746,30.0889,353.364,0.320143,-0.08540016,-0.9435118,0,0,0,1.625138,-0.6353041,-2.735975,0.05091578,-0.02858546,0.8982939,0.8404772,-0.1091887,-0.5307315,0.2630827,0.9385189,0.2235392,0.4736936,-0.3275059,0.8175293,static,3.154460105456824,-2.161912647785331,3.244084409552214,-1.8226481426203867,0.4607889999999999,-0.32658390000000004,0.7009690000000002,0.05498885915975149,-0.03766646615437125,0.9977763157537519,3.112900375074831,-2.1240982960287633,0.3505471181778527,0.3509030070395488,0.32875742712780953
05/17/2023 16:15:15.847150,532,True,True,True,True,Eyes,1.164194,-0.3108834,-3.428087,0.5088841,-0.368227,0.778104,0.880075,1.61205,-0.6349508,-2.743297,-0.8724809,0.02355372,-0.4880801,0.04312569,-0.03337784,0.8860434,1.164207,-0.3088306,-3.436931,0.1452805,0.265197,-0.09790023,0.9481455,19.11223,30.1405,353.4006,0.3201651,-0.08541453,-0.943503,0,0,0,1.625138,-0.6353041,-2.735975,0.05027011,-0.02863422,0.8983518,0.8401722,-0.1085914,-0.5313365,0.2627032,0.9386183,0.2235683,0.4744446,-0.3274197,0.8171283,static,3.1035414628239897,-2.179792844116929,3.202825925205751,-1.8256374519518204,0.460931,-0.3264735,0.7009560000000001,0.054101470466805024,-0.03797967999540364,0.9978128884608506,3.0620957476679505,-2.142004356715465,0.36746113218146215,0.36780898068162693,0.3462556877504685
05/17/2023 16:15:15.867024,533,True,True,True,True,Eyes,1.164309,-0.3109214,-3.428089,0.5088505,-0.3682341,0.7781227,0.8799772,1.612085,-0.634959,-2.743358,-0.8701658,0.02300262,-0.4922219,0.04294571,-0.03307202,0.8858484,1.164212,-0.3088818,-3.436718,0.1455716,0.2653039,-0.09761324,0.9481006,19.13696,30.15987,353.4447,0.3201874,-0.08542863,-0.9434942,0,0,0,1.625138,-0.6353041,-2.735975,0.0500254,-0.02831602,0.8981884,0.840171,-0.1078529,-0.5314888,0.2623357,0.9385611,0.2242387,0.47465,-0.3278274,0.8168455,static,3.078900742896083,-2.159974853172101,3.187845740780775,-1.8056916320470775,0.46092599999999995,-0.32642230000000005,0.7007430000000001,0.05367304757565469,-0.03763541896420816,0.9978491364989399,3.0373071754401115,-2.121854302887236,0.3703281107411902,0.37065565331560496,0.35017237767649195
05/17/2023 16:15:15.877081,534,True,True,True,True,Eyes,1.164425,-0.3109659,-3.4281,0.5088205,-0.3682061,0.7781554,0.8798687,1.61212,-0.634939,-2.743425,-0.8676651,0.02433664,-0.4965532,0.04321605,-0.03339626,0.8857828,1.16414,-0.308698,-3.436588,0.1455503,0.2652422,-0.0974,0.9481429,19.12767,30.15603,353.4675,0.3202102,-0.08544227,-0.9434852,0,0,0,1.625138,-0.6353041,-2.735975,0.05023617,-0.02865814,0.8981674,0.8403196,-0.107486,-0.5313282,0.2619104,0.9386567,0.2243359,0.4746218,-0.3276742,0.8169234,static,3.0800629884349995,-2.16860360405834,3.2013237787264126,-1.8275363652244192,0.460998,-0.32660610000000007,0.7006130000000002,0.05369297733229039,-0.03778564925713074,0.9978422564423857,3.0385312613807014,-2.1305918364459595,0.36169384706140756,0.3619820999274587,0.34401166018183676
05/17/2023 16:15:15.897026,535,True,True,True,True,Eyes,1.164543,-0.3110092,-3.428115,0.5088794,-0.368171,0.7781336,0.8797154,1.612212,-0.6348949,-2.743579,-0.8616131,0.027278,-0.5068322,0.04331568,-0.03396964,0.8856873,1.164292,-0.3089084,-3.436812,0.145166,0.265134,-0.09710795,0.948262,19.07491,30.14665,353.4876,0.3202335,-0.08545566,-0.9434761,0,0,0,1.625138,-0.6353041,-2.735975,0.0501869,-0.02927619,0.8981709,0.840548,-0.1071907,-0.5310265,0.2611444,0.9389938,0.2238176,0.4746394,-0.3268041,0.8172616,static,3.097363059877865,-2.2188031528744148,3.198178108654895,-1.8669146930041716,0.46084599999999987,-0.3263957,0.7008370000000004,0.05399246554919154,-0.03865926961080185,0.9977927154331198,3.056193894222085,-2.1814636862994714,0.36570803019991777,0.36604530081639713,0.34510952802145095
05/17/2023 16:15:15.927003,536,True,True,True,True,Eyes,1.16466,-0.3110531,-3.428128,0.5089548,-0.3681546,0.7780921,0.879559,1.612316,-0.6348668,-2.74375,-0.8547319,0.0291506,-0.5182505,0.04349825,-0.0331517,0.8856286,1.164289,-0.3089162,-3.436828,0.1454665,0.2651564,-0.09759653,0.9481596,19.12363,30.14155,353.4405,0.3202572,-0.08546875,-0.9434668,0,0,0,1.625138,-0.6353041,-2.735975,0.05019069,-0.02845743,0.898208,0.8403341,-0.1079314,-0.5312151,0.2622169,0.9386289,0.2240943,0.474427,-0.3276076,0.8170632,static,3.1030358842710664,-2.165917360463058,3.1982872916170546,-1.8146636559786795,0.46084900000000006,-0.32638790000000006,0.7008530000000004,0.05409316476548709,-0.03773805510497652,0.9978225707755652,3.061491087716062,-2.127959046607375,0.363588583877512,0.3639395492597506,0.3418584549062796
05/17/2023 16:15:15.936891,537,True,True,True,True,Eyes,1.164768,-0.3110965,-3.428139,0.5090801,-0.368133,0.7780203,0.8793881,1.612447,-0.6348283,-2.743958,-0.8460538,0.03171589,-0.5321531,0.04301721,-0.03276107,0.8854496,1.164385,-0.3089706,-3.43678,0.1456327,0.2655123,-0.09776945,0.9480166,19.15001,30.18308,353.4328,0.3202814,-0.08548164,-0.9434575,0,0,0,1.625138,-0.6353041,-2.735975,0.04948211,-0.02808364,0.8981522,0.8398888,-0.1080396,-0.5318969,0.2627087,0.9384645,0.2242065,0.4749432,-0.3280425,0.8165887,static,3.0698968653966046,-2.140859948969479,3.1534219195765396,-1.7909547557405534,0.46075299999999997,-0.32633350000000005,0.7008050000000003,0.05351690334946391,-0.03730282802092824,0.9978699720878593,3.0281646021996624,-2.1024743587842054,0.35937521284094254,0.35973612401916594,0.33575863151514995
05/17/2023 16:15:15.947027,538,True,True,True,True,Eyes,1.164879,-0.3111408,-3.42816,0.509195,-0.368125,0.7779489,0.879231,1.612579,-0.6348077,-2.744164,-0.8372164,0.03308879,-0.5458698,0.04288054,-0.03218287,0.8854116,1.164215,-0.3090071,-3.436733,0.1459764,0.2657344,-0.09766196,0.9479126,19.18686,30.21371,353.4601,0.3203056,-0.0854943,-0.9434481,0,0,0,1.625138,-0.6353041,-2.735975,0.04912123,-0.02750765,0.8982276,0.8396947,-0.1075681,-0.5322987,0.2627319,0.9383061,0.2248415,0.4752733,-0.3286501,0.8161522,static,3.0439257787325373,-2.107172210192678,3.1302072205101052,-1.7540986482959497,0.46092299999999997,-0.32629700000000006,0.700758,0.05306573486758662,-0.03671699757619365,0.9979158003224335,3.0019464042225374,-2.0682817137075227,0.3631067737195629,0.36346310308703794,0.3393550288210946
05/17/2023 16:15:15.967063,539,True,True,True,True,Eyes,1.165001,-0.3111857,-3.428194,0.5093284,-0.3681009,0.7778729,0.8790635,1.612733,-0.6347698,-2.744395,-0.8269001,0.03560964,-0.5612203,0.04288232,-0.03177923,0.8853883,1.164392,-0.3090698,-3.436977,0.1462458,0.2656338,-0.09739681,0.9479266,19.20835,30.20694,353.4967,0.3203299,-0.08550678,-0.9434387,0,0,0,1.625138,-0.6353041,-2.735975,0.04887906,-0.02712722,0.8983295,0.8399051,-0.1069544,-0.5320902,0.2623457,0.9382521,0.2255168,0.4751148,-0.3290043,0.8161017,static,3.054970428779162,-2.0848561525159166,3.1144529870295106,-1.7296582546191677,0.4607459999999999,-0.32623430000000003,0.7010020000000003,0.05325885234945413,-0.03632794178306448,0.9979196939002687,3.0128348423807263,-2.0457368948721233,0.35973708401560905,0.3601440286972358,0.33201197891946393
05/17/2023 16:15:15.976829,540,True,True,True,True,Eyes,1.165125,-0.3112289,-3.428226,0.5094573,-0.368098,0.7777898,0.8789121,1.612893,-0.6347547,-2.744618,-0.8164429,0.03662945,-0.5762631,0.0430705,-0.03142509,0.8853513,1.164342,-0.309092,-3.43703,0.1464542,0.2656318,-0.09730799,0.9479041,19.22904,30.20901,353.5132,0.3203546,-0.08551908,-0.9434292,0,0,0,1.625138,-0.6353041,-2.735975,0.04881561,-0.02677597,0.8984022,0.8399419,-0.1066715,-0.5320891,0.2622831,0.9381646,0.225953,0.4750845,-0.3293453,0.8159819,static,3.0588145503739255,-2.064352526665103,3.1101668479812665,-1.7071374767646932,0.460796,-0.32621210000000006,0.7010550000000002,0.05332649242146989,-0.035970696494075804,0.9979289780896654,3.016533769032335,-2.0249994990719893,0.36046213859488346,0.3608873097587462,0.3313659890494811
05/17/2023 16:15:15.997255,541,True,True,True,True,Eyes,1.165253,-0.3112694,-3.428266,0.5095685,-0.3680584,0.7777359,0.8787603,1.613041,-0.6347045,-2.744823,-0.8065072,0.03997646,-0.5898713,0.0429695,-0.03096886,0.8851746,1.164518,-0.3090902,-3.437023,0.1467096,0.2657078,-0.09737585,0.9478363,19.26031,30.21807,353.5146,0.3203794,-0.08553115,-0.9434197,0,0,0,1.625138,-0.6353041,-2.735975,0.04848364,-0.0263523,0.8983375,0.8398346,-0.1066289,-0.5322669,0.2625565,0.9379885,0.2263664,0.475123,-0.3298604,0.8157513,static,3.0535474598104306,-2.0310490009905164,3.0892793450109193,-1.680262378216677,0.46062000000000003,-0.32621390000000006,0.7010480000000001,0.053235865940163524,-0.03539081514327749,0.9979547108625295,3.011027792271442,-1.9912731922072329,0.35216126917450674,0.3526017900366599,0.32070396306439264
05/17/2023 16:15:16.017368,542,True,True,True,True,Eyes,1.165383,-0.3113031,-3.428304,0.5096527,-0.3679985,0.7777089,0.8786176,1.613173,-0.6346331,-2.744995,-0.7977136,0.04473554,-0.6013747,0.04346785,-0.03086293,0.8851426,1.164367,-0.3090397,-3.437008,0.146765,0.2655965,-0.09729158,0.9478677,19.2632,30.20599,353.5236,0.3204046,-0.08554294,-0.9434101,0,0,0,1.625138,-0.6353041,-2.735975,0.04879078,-0.02630901,0.8984063,0.8399857,-0.1064785,-0.5320587,0.2623996,0.9379888,0.226547,0.4749427,-0.3299082,0.815837,static,3.0685998823531735,-2.023467169068666,3.108573810253864,-1.6773753310286514,0.46077100000000004,-0.32626440000000007,0.7010330000000002,0.05349828473866611,-0.035258257618315386,0.9979452352501572,3.0260301359605846,-1.9836559242283553,0.34796097870287174,0.3483927026642854,0.3172085432906836
05/17/2023 16:15:16.027519,543,True,True,True,True,Eyes,1.165502,-0.3113359,-3.428338,0.509775,-0.367891,0.7776797,0.8784585,1.613318,-0.6345128,-2.745179,-0.7879196,0.05274332,-0.613515,0.04427719,-0.03136083,0.8849248,1.164563,-0.3089152,-3.437017,0.1465891,0.2651535,-0.09698183,0.9480507,19.23101,30.15608,353.545,0.3204302,-0.08555429,-0.9434004,0,0,0,1.625138,-0.6353041,-2.735975,0.04940802,-0.0269258,0.8983063,0.8405763,-0.1061502,-0.5311908,0.2616245,0.9382123,0.2265175,0.4743249,-0.3293778,0.8164105,static,3.1238732108368126,-2.045038411248063,3.1481707220107493,-1.716867544520505,0.46057499999999996,-0.32638890000000004,0.7010420000000002,0.05446026054048134,-0.03563211768767227,0.9978799960461401,3.08147193506319,-2.0056950770015396,0.32862258817012857,0.32906912164158497,0.2964288644841439
05/17/2023 16:15:16.047131,544,True,True,True,True,Eyes,1.165617,-0.3113725,-3.428372,0.5098478,-0.3677902,0.7776797,0.8783293,1.613431,-0.6344135,-2.745313,-0.7803789,0.05937234,-0.6224818,0.0454202,-0.03167757,0.8847814,1.164497,-0.3089482,-3.437003,0.1462991,0.2646788,-0.09697818,0.9482283,19.19511,30.09631,353.5268,0.3204558,-0.08556523,-0.9433907,0,0,0,1.625138,-0.6353041,-2.735975,0.05040926,-0.02734207,0.8982484,0.8410807,-0.1064704,-0.5303275,0.2613594,0.9383836,0.2261137,0.4735762,-0.328786,0.8170834,static,3.186891246365725,-2.0680473985170824,3.2120418934613393,-1.7435061860167609,0.4606410000000001,-0.32635590000000003,0.701028,0.05555697544107088,-0.0360306669816024,0.9978052614060877,3.144670745773314,-2.029218356782073,0.32505648604416765,0.3255142910234618,0.293547808822053
05/17/2023 16:15:16.067091,545,True,True,True,True,Eyes,1.165741,-0.3114122,-3.428417,0.5098535,-0.3677258,0.7777064,0.8782304,1.61351,-0.6343602,-2.745412,-0.7749256,0.06290416,-0.6289145,0.0466221,-0.03134169,0.8846391,1.164534,-0.3090775,-3.437043,0.1462181,0.2641143,-0.09741866,0.9483532,19.19547,30.01802,353.4616,0.3204814,-0.08557592,-0.943381,0,0,0,1.625138,-0.6353041,-2.735975,0.05151245,-0.02704903,0.8981602,0.8415065,-0.107538,-0.5294359,0.2620111,0.9382598,0.2258734,0.4724584,-0.328792,0.8177279,static,3.2607594087213214,-2.0533341561136407,3.2825059343213017,-1.7250006974049659,0.460604,-0.32622660000000003,0.7010680000000002,0.05684387015092546,-0.035771838945130474,0.9977420758961696,3.218453556942132,-2.014603457380681,0.3285600661443823,0.32905283995624723,0.2966015266877014
05/17/2023 16:15:16.087218,546,True,True,True,True,Eyes,1.16587,-0.3114383,-3.428464,0.5098037,-0.3676702,0.7777653,0.8781604,1.61356,-0.6343117,-2.745461,-0.7718456,0.06615547,-0.6323589,0.0480977,-0.03004046,0.8846436,1.16435,-0.3091224,-3.437033,0.1466884,0.2634263,-0.09795047,0.9484171,19.25962,29.92453,353.3995,0.3205071,-0.08558643,-0.9433714,0,0,0,1.625138,-0.6353041,-2.735975,0.05294234,-0.02577507,0.8981851,0.8420246,-0.1085126,-0.5284124,0.2630789,0.9377764,0.2266382,0.4709396,-0.3298491,0.8181782,static,3.3375224683535523,-1.9748609973519913,3.3733213088666107,-1.6437564388165613,0.460788,-0.3261817,0.7010580000000002,0.05818335895106194,-0.03440262321788559,0.9977129881096666,3.2946773540545338,-1.935467790054708,0.33253480888505754,0.33303421095290103,0.3021264372240029
05/17/2023 16:15:16.107478,547,True,True,True,True,Eyes,1.166032,-0.3114654,-3.428529,0.5097733,-0.3675066,0.7778626,0.8780423,1.613635,-0.6341518,-2.745533,-0.7668754,0.07681867,-0.6371821,0.0493668,-0.0299346,0.8845457,1.1646,-0.3088195,-3.437112,0.1466771,0.2627079,-0.0983653,0.9485751,19.26582,29.82785,353.336,0.320533,-0.0855964,-0.9433616,0,0,0,1.625138,-0.6353041,-2.735975,0.05414662,-0.02581593,0.8981552,0.8426176,-0.1095472,-0.5272524,0.2636802,0.9376202,0.2265858,0.4695406,-0.3299512,0.8189407,static,3.423047590181411,-1.9468503801152164,3.449985583949784,-1.6464155531754119,0.4605379999999999,-0.3264846,0.7011370000000001,0.05967357894903835,-0.03391187274460325,0.9976418153714172,3.380025388153976,-1.907438198790802,0.3011522767648178,0.30164008478087784,0.2702355463662124
05/17/2023 16:15:16.117163,548,True,True,True,True,Eyes,1.166193,-0.3114879,-3.428593,0.509742,-0.3673287,0.7779671,0.8779242,1.613708,-0.6339747,-2.745597,-0.7620068,0.08862411,-0.6414759,0.05009061,-0.03152156,0.8843394,1.164713,-0.308686,-3.437081,0.1457483,0.2624347,-0.09828618,0.9488021,19.15714,29.79262,353.3122,0.3205598,-0.08560584,-0.9433517,0,0,0,1.625138,-0.6353041,-2.735975,0.05480456,-0.02759767,0.8980289,0.8429357,-0.1100094,-0.5266472,0.2630071,0.9381945,0.2249852,0.469347,-0.32816,0.819771,static,3.4635366085164248,-2.0398123931404717,3.492293414811842,-1.7602245502688179,0.46042499999999986,-0.3266181,0.7011060000000002,0.06037516851618807,-0.035528991850807934,0.9975432917196161,3.4211880548775713,-2.001676839431339,0.2806076129897891,0.28106283245910824,0.2517045493295738
05/17/2023 16:15:16.136976,549,True,True,True,True,Eyes,1.166357,-0.3115158,-3.42866,0.5097748,-0.3671656,0.7780226,0.8777902,1.613832,-0.6338102,-2.74572,-0.7536975,0.09959128,-0.649632,0.05019897,-0.03218462,0.8841816,1.164856,-0.3087124,-3.437142,0.1452452,0.2624529,-0.09833664,0.948869,19.10224,29.79247,353.292,0.3205873,-0.08561469,-0.9433416,0,0,0,1.625138,-0.6353041,-2.735975,0.05476156,-0.02843171,0.8979701,0.8428968,-0.1103771,-0.5266327,0.2628572,0.9384675,0.2240199,0.4695009,-0.3272548,0.8200446,static,3.469775552442167,-2.083106947826193,3.4897880483906945,-1.8135046524183887,0.4602820000000001,-0.32659170000000004,0.7011670000000003,0.060482152262406885,-0.03628252240031499,0.9975096884116654,3.427737389501116,-2.0455187331377434,0.2698897741074749,0.2703440357826427,0.2401683116497222
05/17/2023 16:15:16.147350,550,True,True,True,True,Eyes,1.166522,-0.3115422,-3.428726,0.5098213,-0.3669943,0.7780728,0.8776513,1.613967,-0.6336352,-2.74585,-0.7445893,0.1112331,-0.6581899,0.05007726,-0.03217126,0.8840266,1.164852,-0.3088449,-3.437119,0.1450261,0.2626719,-0.09852792,0.9488221,19.0849,29.81549,353.268,0.3206155,-0.08562315,-0.9433312,0,0,0,1.625138,-0.6353041,-2.735975,0.05447072,-0.02859122,0.8979186,0.8425915,-0.1107824,-0.5270361,0.2631595,0.9385194,0.2234469,0.4698796,-0.3269689,0.8199418,static,3.451015345007979,-2.0903335581816305,3.4714977489418914,-1.823776605337072,0.460286,-0.32645920000000006,0.7011440000000002,0.06015525296469515,-0.03640905240846756,0.9975247278686835,3.4090237454709764,-2.0527626056691397,0.2669002187417059,0.26734273504377876,0.2373554074752913
05/17/2023 16:15:16.177069,551,True,True,True,True,Eyes,1.166689,-0.3115744,-3.428799,0.5098708,-0.3668367,0.7781148,0.8775238,1.614113,-0.6334823,-2.745985,-0.7348729,0.1214286,-0.6672457,0.04980645,-0.03243949,0.8839021,1.165023,-0.3088379,-3.437173,0.1448067,0.2628598,-0.0985399,0.9488023,19.06194,29.8379,353.2641,0.3206443,-0.0856312,-0.9433207,0,0,0,1.625138,-0.6353041,-2.735975,0.05401707,-0.02901635,0.8978893,0.8423893,-0.1108621,-0.5273423,0.2631175,0.9386418,0.2229815,0.4702654,-0.3265902,0.8198715,static,3.4332305650378063,-2.1051210337726505,3.442767876497545,-1.8509364276931508,0.46011500000000005,-0.32646620000000004,0.7011980000000002,0.05984505570637477,-0.03666719075638303,0.9975340222609482,3.3913397046128377,-2.0676625024415265,0.25392691824560604,0.2543634688347965,0.22274435647001595
05/17/2023 16:15:16.187435,552,True,True,True,True,Eyes,1.166857,-0.3115982,-3.428869,0.5099047,-0.3666957,0.778159,0.8774077,1.614251,-0.6333398,-2.746106,-0.7257722,0.1309418,-0.6753583,0.05002579,-0.03223377,0.883836,1.164889,-0.3089647,-3.437165,0.1447348,0.2629058,-0.09860047,0.9487942,19.05601,29.8423,353.2559,0.3206739,-0.08563904,-0.94331,0,0,0,1.625138,-0.6353041,-2.735975,0.05407119,-0.02895476,0.8979043,0.8423169,-0.1109999,-0.5274289,0.2632064,0.9386595,0.2228018,0.4703453,-0.3264923,0.8198647,static,3.4295517453979776,-2.102234836661371,3.446151463442692,-1.8469795268710614,0.4602489999999999,-0.32633940000000006,0.70119,0.05978111420991772,-0.03661708054055959,0.9975396616466369,3.3876393285593496,-2.064727607516708,0.2553707663063924,0.2557944952795329,0.22547260710221434
05/17/2023 16:15:16.196723,553,True,True,True,True,Eyes,1.167028,-0.3116219,-3.428942,0.5099275,-0.3665625,0.7782069,0.8772971,1.614386,-0.6332061,-2.746223,-0.7167548,0.1398568,-0.6831564,0.05036649,-0.03204039,0.8837247,1.165042,-0.3087839,-3.437145,0.1448174,0.2627704,-0.09880727,0.9487977,19.07054,29.82202,353.2316,0.320704,-0.08564647,-0.9432991,0,0,0,1.625138,-0.6353041,-2.735975,0.05425423,-0.02889098,0.897867,0.8423777,-0.1113888,-0.5272498,0.2636036,0.9385301,0.2228775,0.4700138,-0.326732,0.8199593,static,3.4462658835475866,-2.076385976355945,3.4579323020398736,-1.842990414729886,0.46009600000000006,-0.32652020000000004,0.7011700000000003,0.06007310120241888,-0.036166406358925623,0.9975386280405963,3.404173564110942,-2.0386284440468847,0.2332886105433255,0.233686956219599,0.20288972477370662
05/17/2023 16:15:16.217307,554,True,True,True,True,Eyes,1.167201,-0.3116439,-3.429012,0.5099543,-0.3664243,0.7782543,0.8771865,1.614526,-0.6330664,-2.746338,-0.7074657,0.1491754,-0.6908249,0.05052385,-0.03226243,0.8836407,1.165037,-0.3087725,-3.43714,0.1446145,0.2628049,-0.09879372,0.9488204,19.04759,29.82596,353.2279,0.3207346,-0.08565351,-0.943288,0,0,0,1.625138,-0.6353041,-2.735975,0.05424845,-0.02926093,0.8978584,0.8423468,-0.1114642,-0.5272832,0.2634858,0.9386529,0.2224994,0.4701352,-0.3263533,0.8200405,static,3.444459654513935,-2.090857148397062,3.457597840765212,-1.8665912481223936,0.46010099999999987,-0.32653160000000003,0.701165,0.06004109854734249,-0.03641841991626554,0.9975312909194886,3.4024700519060476,-2.0532680012858844,0.22427217587025822,0.22465040833254835,0.19464655988782195
05/17/2023 16:15:16.227238,555,True,True,True,True,Eyes,1.167377,-0.3116689,-3.429089,0.5100128,-0.3663204,0.778265,0.8770779,1.614698,-0.6329604,-2.74649,-0.6959127,0.1562281,-0.7009268,0.05052966,-0.03246704,0.8834696,1.16523,-0.3087553,-3.437138,0.1444521,0.2628637,-0.09884682,0.9488234,19.03135,29.83182,353.2182,0.3207659,-0.08566016,-0.9432767,0,0,0,1.625138,-0.6353041,-2.735975,0.05403909,-0.02958,0.8977666,0.8422639,-0.1116339,-0.5273797,0.2635188,0.9387258,0.2221525,0.4702652,-0.3260855,0.8200725,static,3.443160811949178,-2.100305279119324,3.444637529013809,-1.8871232932519242,0.459908,-0.32654880000000003,0.7011630000000002,0.060018130188377206,-0.03658296743939063,0.9975267477050526,3.401238240788774,-2.062825622142925,0.21280613158652126,0.21318710043447117,0.18098289034094087
05/17/2023 16:15:16.247053,556,True,True,True,True,Eyes,1.167555,-0.311691,-3.429163,0.5100636,-0.3662209,0.7782785,0.8769755,1.614869,-0.6328577,-2.746632,-0.6845952,0.1630808,-0.7104463,0.05087334,-0.03205374,0.8834468,1.165121,-0.3087989,-3.437144,0.144569,0.2628253,-0.09890068,0.9488106,19.04583,29.82642,353.2146,0.3207977,-0.08566652,-0.9432653,0,0,0,1.625138,-0.6353041,-2.735975,0.05417651,-0.02927263,0.897813,0.8422831,-0.1116832,-0.5273387,0.2636687,0.9386369,0.2223501,0.4701468,-0.3263244,0.8200454,static,3.4479488949664647,-2.078919446472068,3.453197937622805,-1.8674314368117306,0.4600169999999999,-0.32650520000000005,0.7011690000000002,0.06010230543044595,-0.03621045013502103,0.997535244182873,3.405875087848863,-2.0411988745565415,0.21118154674133213,0.21155313913742596,0.18009601475636214
05/17/2023 16:15:16.267322,557,True,True,True,True,Eyes,1.167723,-0.3117148,-3.429232,0.5101737,-0.3661342,0.7782472,0.8768696,1.615079,-0.6327667,-2.746811,-0.6705514,0.1691457,-0.722323,0.0510968,-0.03203078,0.8832765,1.165334,-0.3087533,-3.437143,0.144574,0.2627503,-0.09891132,0.9488295,19.04617,29.81696,353.2119,0.3208301,-0.08567255,-0.9432538,0,0,0,1.625138,-0.6353041,-2.735975,0.05414081,-0.02935047,0.8977193,0.8423576,-0.1117263,-0.5272104,0.2636736,0.9386298,0.2223741,0.4700104,-0.32633,0.8201213,static,3.4624780746192165,-2.0716354296599,3.451287251162117,-1.872588960176993,0.4598039999999999,-0.32655080000000003,0.701168,0.060355542170116155,-0.03608308281637179,0.99752462653961,3.420356173770768,-2.0338810681437294,0.19897651759302362,0.1993608074403239,0.1642311652547804
05/17/2023 16:15:16.277453,558,True,True,True,True,Eyes,1.16789,-0.3117358,-3.429296,0.5102728,-0.3660579,0.778218,0.8767753,1.615284,-0.6326863,-2.746974,-0.6570213,0.1745404,-0.7333884,0.05135813,-0.03160056,0.8831922,1.16531,-0.3088181,-3.437117,0.1447255,0.2627415,-0.09894352,0.9488055,19.0641,29.81572,353.2125,0.3208629,-0.08567835,-0.9432421,0,0,0,1.625138,-0.6353041,-2.735975,0.05415201,-0.02900894,0.8976982,0.8423541,-0.1117055,-0.5272204,0.263807,0.9385294,0.2226394,0.4699418,-0.3266256,0.8200429,static,3.466634500963528,-2.048520844396109,3.452080427183672,-1.8508577254109677,0.4598279999999999,-0.32648600000000005,0.7011420000000004,0.06042877410819267,-0.03568049114174676,0.9975345798055896,3.4243488689020145,-2.0105022812208975,0.19780944128209554,0.198198208040647,0.16203525395567084
05/17/2023 16:15:16.297056,559,True,True,True,True,Eyes,1.168042,-0.3117527,-3.429357,0.5103586,-0.3659702,0.778203,0.8766861,1.615467,-0.6325937,-2.747117,-0.6447328,0.1806805,-0.7427476,0.05160436,-0.03140274,0.8830619,1.165439,-0.3087727,-3.43709,0.1448224,0.2626636,-0.09895527,0.948811,19.07479,29.80614,353.2123,0.3208959,-0.08568386,-0.9432303,0,0,0,1.625138,-0.6353041,-2.735975,0.05418187,-0.0289115,0.8976284,0.8424312,-0.1117005,-0.5270982,0.2638588,0.9384686,0.2228342,0.4697744,-0.326802,0.8200685,static,3.478264889827602,-2.031210672898542,3.454247267077466,-1.8447884037090954,0.4596990000000001,-0.3265314,0.7011150000000002,0.06063191273806931,-0.035378678706002364,0.997533015665016,3.435858898533214,-1.993026126508088,0.18757514600823505,0.18796305129548826,0.14937387508647623
05/17/2023 16:15:16.317040,560,True,True,True,True,Eyes,1.168192,-0.3117712,-3.429419,0.5104316,-0.3658781,0.7781984,0.8766084,1.615641,-0.632503,-2.747243,-0.6331251,0.1867247,-0.7511899,0.05245486,-0.03148578,0.883051,1.165327,-0.3086959,-3.43709,0.144729,0.2623712,-0.09893653,0.948908,19.06164,29.77,353.2057,0.3209288,-0.08568904,-0.9432186,0,0,0,1.625138,-0.6353041,-2.735975,0.05483833,-0.02909997,0.8976679,0.8427458,-0.1118179,-0.5265703,0.2637087,0.9385301,0.2227528,0.4692943,-0.3265852,0.8204298,static,3.5166284078498595,-2.034611533155634,3.4958418147344315,-1.8567242809847726,0.45981099999999997,-0.3266082,0.7011150000000002,0.061299690074505586,-0.03543643953611844,0.997490129700792,3.474256832341819,-1.9966117047392324,0.17872341971117744,0.1790976184605645,0.14154293620505828
05/17/2023 16:15:16.327117,561,True,True,True,True,Eyes,1.168322,-0.3117879,-3.429472,0.5105108,-0.3658194,0.778174,0.8765426,1.615806,-0.6324442,-2.747369,-0.6219881,0.1906185,-0.7594705,0.05282938,-0.03151572,0.8830182,1.165408,-0.3087541,-3.437203,0.1445968,0.2622311,-0.09902446,0.9489578,19.04842,29.7507,353.1888,0.3209617,-0.08569396,-0.943207,0,0,0,1.625138,-0.6353041,-2.735975,0.05501804,-0.02920303,0.8976797,0.842858,-0.1121045,-0.5263297,0.2637755,0.9385719,0.2224978,0.4690552,-0.326367,0.8206533,static,3.5409039554628157,-2.0409246637834095,3.507223455709903,-1.863270923839508,0.45972999999999997,-0.32655000000000006,0.701228,0.06172206827529947,-0.03554541946241033,0.9974601716620372,3.4985838310063824,-2.003092082843813,0.18041605388064663,0.1808182163933196,0.1400878282375909
05/17/2023 16:15:16.347354,562,True,True,True,True,Eyes,1.168452,-0.3117985,-3.42952,0.5105915,-0.3657406,0.7781582,0.8764755,1.615973,-0.6323612,-2.747483,-0.61088,0.19615,-0.7670403,0.05317283,-0.03146429,0.8830094,1.165367,-0.3087633,-3.437238,0.1445708,0.2621491,-0.0989646,0.9489906,19.04312,29.74156,353.1932,0.3209939,-0.08569862,-0.9431956,0,0,0,1.625138,-0.6353041,-2.735975,0.05517325,-0.02924974,0.8977131,0.8429677,-0.1120347,-0.5261689,0.2636312,0.9386106,0.2225057,0.4689393,-0.3262796,0.8207543,static,3.5537200537387696,-2.0403852774365254,3.5169622665330023,-1.8661797182177342,0.45977099999999993,-0.3265408,0.701263,0.06194520864969366,-0.035535540073935334,0.9974467740711028,3.5113994783228653,-2.0025941265539267,0.17763775120945077,0.17804132043712845,0.13652778257330736
05/17/2023 16:15:16.367027,563,True,True,True,True,Eyes,1.168587,-0.3118117,-3.429574,0.5106754,-0.3656613,0.7781404,0.8764154,1.616151,-0.6322828,-2.7476,-0.5990959,0.2014019,-0.7749332,0.0533787,-0.03207952,0.8828617,1.1655,-0.3086337,-3.437156,0.144261,0.2621593,-0.09894583,0.9490371,19.00782,29.7423,353.1866,0.3210258,-0.0857029,-0.9431844,0,0,0,1.625138,-0.6353041,-2.735975,0.05517694,-0.0299684,0.8976041,0.8429645,-0.1121678,-0.5261457,0.2634452,0.9387969,0.221939,0.4690496,-0.3256972,0.8209226,static,3.561613236813323,-2.0697938618397864,3.5176229276131097,-1.9122297487397757,0.459638,-0.3266704,0.701181,0.06208147944066042,-0.03604719536195994,0.9974199327324502,3.5195044681306085,-2.0323881787085507,0.1632029758342687,0.16358972168361724,0.1201731604281089
05/17/2023 16:15:16.386707,564,True,True,True,True,Eyes,1.168725,-0.3118186,-3.429624,0.5107601,-0.3655646,0.7781302,0.8763488,1.616329,-0.6321807,-2.747711,-0.5871487,0.2081845,-0.7822504,0.05363831,-0.03196904,0.8828438,1.165442,-0.3086645,-3.437167,0.1442384,0.2621458,-0.0989167,0.9490471,19.00431,29.74109,353.189,0.3210573,-0.0857069,-0.9431733,0,0,0,1.625138,-0.6353041,-2.735975,0.05523989,-0.02997687,0.8976272,0.8429902,-0.1121303,-0.5261126,0.2633762,0.9388215,0.2219169,0.4690422,-0.3256392,0.8209497,static,3.5668350141334226,-2.0669602722504647,3.521535602965398,-1.9127206151684792,0.4596959999999999,-0.32663960000000003,0.7011920000000003,0.06217249021497767,-0.035997661893046845,0.9974160187584278,3.524707422283645,-2.029539834320459,0.16037092810284456,0.16075418647406425,0.1168622710761087
05/17/2023 16:15:16.397481,565,True,True,True,True,Eyes,1.168841,-0.3118218,-3.429662,0.5108788,-0.3654452,0.7781084,0.876288,1.616518,-0.6320571,-2.747815,-0.5746025,0.2164464,-0.7892927,0.0537715,-0.03250097,0.882701,1.165636,-0.3085279,-3.437121,0.14397,0.262145,-0.09886228,0.9490938,18.97251,29.74125,353.1875,0.3210887,-0.08571046,-0.9431623,0,0,0,1.625138,-0.6353041,-2.735975,0.05517346,-0.03065956,0.8975229,0.8430125,-0.1121771,-0.5260667,0.2631411,0.9389978,0.2214494,0.469134,-0.3251145,0.8211053,static,3.5762165906698766,-2.090510776377494,3.517719053363441,-1.9564743952884591,0.4595020000000001,-0.3267762,0.701146,0.06233488199715223,-0.03640726217767748,0.9973910458742684,3.5342594253312605,-2.053410475642549,0.14587909813577044,0.14624538736781692,0.09833711191228049
05/17/2023 16:15:16.417370,566,True,True,True,True,Eyes,1.168956,-0.3118255,-3.429699,0.5109794,-0.3653186,0.7781018,0.8762303,1.616691,-0.6319287,-2.747902,-0.563114,0.2250215,-0.7951528,0.05443728,-0.03306234,0.8826526,1.165545,-0.3084842,-3.437093,0.1435805,0.2619719,-0.0987909,0.9492081,18.92537,29.72006,353.1808,0.3211195,-0.08571358,-0.9431516,0,0,0,1.625138,-0.6353041,-2.735975,0.05566862,-0.03137925,0.8975073,0.8432221,-0.1123181,-0.5257006,0.2627743,0.9392501,0.2208147,0.4689628,-0.3243365,0.8215107,static,3.606042059624875,-2.1267570587831663,3.5492703826641376,-2.002397695769179,0.4595929999999999,-0.32681990000000005,0.7011180000000001,0.06285261297653802,-0.03703701660871289,0.9973353730497618,3.564351271996475,-2.0902070535421817,0.13635392674339855,0.13670506382054395,0.08909498602930141
05/17/2023 16:15:16.426789,567,True,True,True,True,Eyes,1.169053,-0.3118247,-3.429724,0.5110786,-0.3651816,0.7781009,0.876173,1.616846,-0.6317871,-2.747972,-0.5527098,0.2344356,-0.7997199,0.05497625,-0.03315151,0.8825309,1.165624,-0.3085033,-3.437079,0.1434709,0.2617175,-0.09865854,0.9493086,18.90728,29.69067,353.1877,0.3211497,-0.08571633,-0.943141,0,0,0,1.625138,-0.6353041,-2.735975,0.0560641,-0.03163071,0.8974164,0.8435408,-0.1122171,-0.5252106,0.2624125,0.9393652,0.220755,0.4685921,-0.3240377,0.82184,static,3.6391485062170443,-2.133665413318788,3.5747810197791146,-2.018635120833395,0.459514,-0.32680080000000006,0.7011040000000004,0.06342859625485667,-0.03715591017435227,0.997294439197163,3.5975157538726346,-2.097322905027282,0.13146803970016793,0.13181480000217,0.08190626054000275
05/17/2023 16:15:16.447391,568,True,True,True,True,Eyes,1.169151,-0.311823,-3.429751,0.5111569,-0.3650154,0.7781274,0.8761175,1.616984,-0.6316195,-2.74802,-0.5434276,0.2455637,-0.8027358,0.05578583,-0.03328827,0.8824433,1.165576,-0.3084255,-3.437006,0.1433558,0.26138,-0.09852692,0.9494325,18.888,29.65099,353.1927,0.3211791,-0.08571865,-0.9431309,0,0,0,1.625138,-0.6353041,-2.735975,0.05676195,-0.03195494,0.8973569,0.8439459,-0.1121486,-0.5245741,0.26203,0.9394831,0.2207074,0.4680765,-0.3237193,0.8222592,static,3.6799893894428046,-2.1391059997715454,3.6193993954856523,-2.039444823609732,0.459562,-0.3268786,0.701031,0.06413923469979493,-0.03724891246294168,0.9972454794973917,3.6384062547205125,-2.102982166576009,0.11632094389273981,0.11663403191900619,0.06631933842544033
05/17/2023 16:15:16.467462,569,True,True,True,True,Eyes,1.169235,-0.3118244,-3.42977,0.5112403,-0.3648597,0.7781457,0.8760706,1.617118,-0.6314673,-2.748059,-0.5346082,0.2557388,-0.805476,0.05647749,-0.03389907,0.8823842,1.165689,-0.3084088,-3.437106,0.1429281,0.2610228,-0.0984161,0.9496068,18.83407,29.60767,353.1857,0.3212077,-0.08572055,-0.943121,0,0,0,1.625138,-0.6353041,-2.735975,0.05735001,-0.03274781,0.897317,0.8443627,-0.1122982,-0.5238708,0.2615281,0.9397717,0.2200732,0.4676051,-0.3228286,0.8228774,static,3.7293988486343608,-2.1784747475006507,3.6569577045592827,-2.0900963032643207,0.459449,-0.32689530000000006,0.7011310000000002,0.06499752515988111,-0.037932016245519035,0.9971642088058067,3.688109546755637,-2.143012284797154,0.11396621052038314,0.11427365733422691,0.06140470970381439
05/17/2023 16:15:16.477546,570,True,True,True,True,Eyes,1.169324,-0.311826,-3.429788,0.5113121,-0.3647203,0.7781639,0.8760214,1.617244,-0.6313288,-2.7481,-0.5261124,0.2649471,-0.8080897,0.0570991,-0.03375416,0.8822693,1.165674,-0.3085117,-3.437064,0.142792,0.2607984,-0.09860028,0.9496698,18.82266,29.57629,353.1559,0.3212354,-0.0857222,-0.9431114,0,0,0,1.625138,-0.6353041,-2.735975,0.05786657,-0.03275885,0.8972208,0.8445244,-0.1127956,-0.5235032,0.2617552,0.939777,0.2197808,0.467186,-0.3226399,0.8231893,static,3.763032096415559,-2.1762318453974663,3.690200399260506,-2.0910242715863663,0.4594639999999999,-0.32679240000000004,0.7010890000000001,0.06558296234897121,-0.037891527404195824,0.9971274358386798,3.721735710869629,-2.140868093564257,0.1117897862788438,0.1120927595576959,0.058982052080681004
05/17/2023 16:15:16.507056,571,True,True,True,True,Eyes,1.16941,-0.3118294,-3.429808,0.5113422,-0.3646072,0.7781971,0.8759854,1.617338,-0.6312199,-2.748119,-0.520024,0.2722787,-0.809592,0.05714461,-0.03343002,0.8821722,1.165874,-0.3085122,-3.437068,0.1428565,0.2607464,-0.09883365,0.9496501,18.83649,29.56584,353.1297,0.3212624,-0.08572362,-0.943102,0,0,0,1.625138,-0.6353041,-2.735975,0.05783731,-0.03255339,0.8971305,0.8444865,-0.1132161,-0.5234737,0.2622134,0.9396479,0.2197864,0.4669976,-0.3228685,0.8232067,static,3.7717249843422866,-2.1528668580194914,3.6887098382511434,-2.0781300921610275,0.4592639999999999,-0.3267919,0.7010930000000002,0.06573525392398516,-0.03748452264322183,0.9971327741052589,3.7302642838172924,-2.1172528494966723,0.11142032573680831,0.11170093397781734,0.05707330451142444
05/17/2023 16:15:16.517162,572,True,True,True,True,Eyes,1.169499,-0.3118293,-3.429827,0.5113891,-0.3645101,0.7782118,0.8759474,1.617449,-0.631121,-2.748155,-0.5126716,0.2788873,-0.8120282,0.05710623,-0.0330456,0.8822124,1.165853,-0.3085514,-3.437112,0.142934,0.2608315,-0.0989931,0.9495984,18.85056,29.57371,353.1152,0.3212886,-0.08572488,-0.9430929,0,0,0,1.625138,-0.6353041,-2.735975,0.05769527,-0.03227946,0.8971804,0.8443347,-0.113444,-0.5236692,0.2625707,0.9395405,0.2198188,0.4670713,-0.3231009,0.8230736,moving,3.7644396085858984,-2.132512816063063,3.6794717273822775,-2.060543687376444,0.45928499999999994,-0.32675270000000006,0.7011370000000001,0.06560933325404825,-0.037130603080544666,0.9971543330723157,3.722831831200131,-2.0966252010790205,0.11108006203077216,0.11135122954033222,0.05640899072102117
05/17/2023 16:15:16.527020,573,True,True,True,True,Eyes,1.169597,-0.3118335,-3.429854,0.5113598,-0.3644225,0.778272,0.8752985,1.61719,-0.6308119,-2.748633,-0.5306586,0.08034721,-0.8437688,0.0564101,-0.03283449,0.8815934,1.166019,-0.3084669,-3.437114,0.1430402,0.2611458,-0.0991015,0.9494848,18.86799,29.6109,353.1122,0.3213142,-0.0857259,-0.9430841,0,0,0,1.625152,-0.6320175,-2.735973,0.05662957,-0.02909032,0.8961216,0.8439635,-0.113482,-0.524259,0.2628994,0.9394368,0.2198691,0.467557,-0.3233889,0.8226847,moving,3.724121752630963,-2.113291568571641,3.615945131005591,-1.8593095505801216,0.459133,-0.3235506,0.7011409999999998,0.06490843589936116,-0.03679776964130496,0.9972124791862635,3.6823662249293068,-2.0770204487473065,0.27533573065017347,0.27605986113400033,0.22761765506828652
05/17/2023 16:15:16.546706,574,True,True,True,True,Eyes,1.169694,-0.3118412,-3.429884,0.5113473,-0.3643525,0.7783131,0.8752924,1.617273,-0.6307563,-2.748633,-0.526056,-0.1043839,-0.8440196,0.05582914,-0.03282925,0.8816134,1.16599,-0.3085269,-3.437072,0.1429799,0.2615398,-0.09912133,0.9493834,18.86466,29.65911,353.1162,0.3213394,-0.08572679,-0.9430754,0,0,0,1.625164,-0.6291903,-2.735972,0.05566192,-0.02650192,0.8952135,0.8435437,-0.1134184,-0.5249478,0.2629982,0.9394634,0.2196371,0.4682584,-0.3233338,0.8223073,moving,3.6773641688442877,-2.1171026587609787,3.5579141552888434,-1.695690256834551,0.45917399999999997,-0.3206634,0.7011000000000003,0.06409445970605465,-0.036866047103698424,0.9972626945349389,3.635623430593159,-2.080702696130982,0.43694913107888017,0.4380145182933972,0.39277641207347175
05/17/2023 16:15:16.566938,575,True,True,True,True,Eyes,1.169803,-0.3118521,-3.429922,0.5113026,-0.3643264,0.7783545,0.8759506,1.617679,-0.6309841,-2.748122,-0.4997257,-0.3069065,-0.8099893,0.05529016,-0.03243735,0.882396,1.166035,-0.3086185,-3.437201,0.1431435,0.2618161,-0.09917588,0.9492769,18.88667,29.69272,353.1203,0.3213643,-0.08572767,-0.9430669,0,0,0,1.625176,-0.6263797,-2.73597,0.05470484,-0.02346718,0.8944077,0.8432329,-0.1133362,-0.5254647,0.2632453,0.9393482,0.2198339,0.4686791,-0.3236973,0.8219245,moving,3.639767046239434,-2.097286714278441,3.5000332882349,-1.5029633100739288,0.459141,-0.31776119999999997,0.7012309999999999,0.06344083997471914,-0.036522661352983044,0.9973169793024518,3.597875037651919,-2.060506230276107,0.6091265896147189,0.6105291409190141,0.5660628196556942
05/17/2023 16:15:16.577500,576,True,True,True,True,Eyes,1.169913,-0.3118585,-3.429954,0.5112662,-0.3642989,0.7783914,0.8758944,1.617728,-0.6309458,-2.748165,-0.4964846,-0.3043905,-0.8129264,0.05522582,-0.03221488,0.8823429,1.165993,-0.3086474,-3.437132,0.1432378,0.2619124,-0.09919172,0.9492344,18.89843,29.7046,353.1232,0.321389,-0.08572859,-0.9430584,0,0,0,1.625189,-0.6232841,-2.735969,0.05423716,-0.02037062,0.8933817,0.8431257,-0.1132808,-0.5256485,0.2633439,0.9392878,0.2199734,0.4688166,-0.3238916,0.8217695,moving,3.624155686603544,-2.085454361795933,3.474159967902878,-1.3062147357202778,0.45919599999999994,-0.3146367,0.7011630000000002,0.06316957791322725,-0.03631733067967777,0.997341788614203,3.5821751643086714,-2.0484722529975556,0.7917967695081758,0.7935446493267133,0.7500756659225858
05/17/2023 16:15:16.597301,577,True,True,True,True,Eyes,1.170028,-0.311869,-3.429994,0.5112439,-0.3642696,0.7784197,0.0,0.0,0.0,0.0,0.0,0.0,0.0,-2.825576,0.737159,2.177342,1.166143,-0.3085457,-3.437006,0.1431301,0.262041,-0.09939195,0.9491943,18.89325,29.71663,353.0995,0.3214137,-0.08572944,-0.9430498,0,0,0,1.625201,-0.6203668,-2.735967,0.05370957,-0.01786518,0.8923109,0.8429115,-0.1136726,-0.5259076,0.2636964,0.93927,0.2196269,0.4690037,-0.323806,0.8216966,moving,3.612361169869748,-2.088591614539707,3.44456548170009,-1.1469799114018435,0.45905799999999997,-0.3118211,0.7010389999999997,0.06296414153324403,-0.03637241192508192,0.9973527262965665,3.570399894832443,-2.0516033403731893,0.9543912486120092,0.9564454989462376,0.9133333716514683
05/17/2023 16:15:16.617123,578,True,True,True,True,Eyes,1.170145,-0.3118729,-3.430033,0.5111997,-0.3642741,0.7784467,0.0,0.0,0.0,0.0,0.0,0.0,0.0,-2.824888,0.7350582,2.178992,1.166041,-0.3086169,-3.437064,0.1428336,0.2618865,-0.09956489,0.9492635,18.86399,29.69367,353.0677,0.3214384,-0.08573031,-0.9430414,0,0,0,1.625215,-0.6172061,-2.735965,0.05380476,-0.01517418,0.8913376,0.8430046,-0.1142142,-0.5256411,0.263839,0.9393708,0.219024,0.4687562,-0.3233228,0.822028,moving,3.6354845655705206,-2.11410511694111,3.454414419968118,-0.9753122668672534,0.45917399999999997,-0.30858919999999995,0.7010989999999997,0.06336562223787284,-0.03681558898374801,0.9973110990448151,3.5937113560959424,-2.077512160388919,1.1506395541340568,1.1530982408311152,1.1109672550051917
05/17/2023 16:15:16.627160,579,True,True,True,True,Eyes,1.170283,-0.3118842,-3.430088,0.5110669,-0.3642396,0.77855,0.0,0.0,0.0,0.0,0.0,0.0,0.0,-2.825235,0.7329347,2.179304,1.1662,-0.3084514,-3.437055,0.1430408,0.2617788,-0.100329,0.9491814,18.90932,29.66715,352.983,0.3214632,-0.08573103,-0.9430329,0,0,0,1.625228,-0.6140677,-2.735964,0.05366325,-0.01160446,0.8902935,0.8428119,-0.1155707,-0.5256534,0.2653508,0.9389469,0.2190153,0.4682489,-0.3240712,0.8220224,moving,3.6477483182172175,-2.0601074957462058,3.449381817973104,-0.7467750033919042,0.459028,-0.3056163,0.7010909999999999,0.06358126244385148,-0.035875176630505684,0.9973316197491917,3.6055932954624113,-2.0229068989389427,1.3254335227437632,1.3282287091810128,1.285657279577987
05/17/2023 16:15:16.646755,580,True,True,True,True,Eyes,1.170409,-0.3118962,-3.430139,0.5109174,-0.3642087,0.7786626,0.0,0.0,0.0,0.0,0.0,0.0,0.0,-2.825201,0.7310077,2.179934,1.166121,-0.308548,-3.437034,0.1427531,0.2617821,-0.1004267,0.9492135,18.87994,29.66511,352.9634,0.3214885,-0.08573175,-0.9430242,0,0,0,1.625239,-0.6113401,-2.735963,0.05351269,-0.009364232,0.8893943,0.8427693,-0.1159123,-0.5256466,0.2653931,0.9390721,0.2184265,0.4683017,-0.3235861,0.8221834,moving,3.6431646981633117,-2.0870132771601395,3.443196636385442,-0.6032320508123964,0.45911800000000014,-0.30279210000000006,0.7010710000000002,0.06350040219903727,-0.03634370240957835,0.9973198311639725,3.601200328838583,-2.0501211681735527,1.4940903421814231,1.4971953624671734,1.4554907367506578
05/17/2023 16:15:16.667017,581,True,True,True,True,Eyes,1.170542,-0.311913,-3.430197,0.5107124,-0.3641839,0.7788087,0.0,0.0,0.0,0.0,0.0,0.0,0.0,-2.823529,0.7318119,2.181684,1.165956,-0.3085758,-3.436996,0.1428056,0.2614594,-0.1004147,0.9492959,18.88309,29.62554,352.9597,0.3215139,-0.08573253,-0.9430155,0,0,0,1.625252,-0.6083233,-2.735961,0.05389774,-0.006354585,0.8884294,0.8431116,-0.1159707,-0.5250843,0.2653222,0.9390469,0.2186207,0.4677252,-0.3236382,0.822491,moving,3.6650862975966887,-2.0798825588263856,3.4716690736366553,-0.4098071183964812,0.4592959999999999,-0.2997475,0.7010350000000001,0.06388226783907619,-0.036218697560055246,0.9973000158084078,3.6230768862530423,-2.0429861782681806,1.6777574249664218,1.6812382934169516,1.6401823579482517
05/17/2023 16:15:16.677234,582,True,True,True,True,Eyes,1.170679,-0.3119308,-3.430262,0.5104684,-0.3641612,0.7789792,0.0,0.0,0.0,0.0,0.0,0.0,0.0,-2.819623,0.7334968,2.186012,1.165812,-0.3086475,-3.43694,0.1429029,0.2606579,-0.1004007,0.9495031,18.88768,29.52691,352.9477,0.3215396,-0.08573345,-0.9430066,0,0,0,1.625265,-0.6052742,-2.73596,0.05512086,-0.003165439,0.8873618,0.8439543,-0.116164,-0.5236861,0.2651591,0.938997,0.219033,0.4662959,-0.323714,0.8232724,moving,3.7392655802609047,-2.0656995214197487,3.5545140046020127,-0.20438734876946138,0.4594529999999999,-0.29662669999999997,0.7009799999999999,0.06517397643109218,-0.03596881160690821,0.9972254300830812,3.69717468110226,-2.0289090651405766,1.866473473884886,1.8704588070215757,1.8300905885035603
05/17/2023 16:15:16.697323,583,True,True,True,True,Eyes,1.170837,-0.3119517,-3.430339,0.510168,-0.3641448,0.7791837,0.0,0.0,0.0,0.0,0.0,0.0,0.0,-2.816674,0.7346904,2.189897,1.166035,-0.3086895,-3.437171,0.1429567,0.2599638,-0.100399,0.9496855,18.88852,29.44126,352.9352,0.3215654,-0.08573452,-0.9429977,0,0,0,1.625278,-0.6023123,-2.735958,0.05571532,-0.0001972169,0.8864055,0.8446777,-0.1163679,-0.522473,0.2650221,0.9389669,0.2193275,0.4650622,-0.3237279,0.8239644,moving,3.798189959023196,-2.0571575877519215,3.5966142472397897,-0.012747772697936583,0.45924300000000007,-0.2936228,0.7012130000000001,0.0661998755940145,-0.035817717569972846,0.9971633414421857,3.756053757732864,-2.020484245542173,2.0498513110567553,2.054323309381962,2.0140572737375884
05/17/2023 16:15:16.717116,584,True,True,True,True,Eyes,1.170992,-0.3119707,-3.43041,0.5098773,-0.3641193,0.7793859,0.0,0.0,0.0,0.0,0.0,0.0,0.0,-2.815494,0.7358719,2.191053,1.166109,-0.3087008,-3.437168,0.1430824,0.2597014,-0.1003609,0.9497423,18.89959,29.4098,352.9379,0.321592,-0.08573577,-0.9429885,0,0,0,1.62529,-0.5993061,-2.735956,0.05574933,0.002833202,0.8853703,0.8449658,-0.1163165,-0.5220186,0.2649513,0.9389102,0.2196552,0.464579,-0.3239106,0.8241652,moving,3.805526981988364,-2.0438959801770533,3.6030006864197883,0.18334697133684977,0.45918099999999984,-0.29060529999999996,0.701212,0.06632811646850217,-0.03558661152637407,0.9971631164721253,3.763298154705408,-2.0070895884929416,2.231583232830706,2.236431994375213,2.1962940606798877
05/17/2023 16:15:16.726973,585,True,True,True,True,Eyes,1.17116,-0.3119895,-3.430491,0.5096345,-0.3640666,0.7795692,0.0,0.0,0.0,0.0,0.0,0.0,0.0,-2.814946,0.7360883,2.191624,1.166183,-0.3086771,-3.437106,0.1430005,0.2596124,-0.1002124,0.9497945,18.88532,29.40129,352.951,0.3216191,-0.08573713,-0.9429791,0,0,0,1.625303,-0.5963378,-2.735955,0.05553806,0.005349815,0.8843305,0.8451178,-0.1161129,-0.5218177,0.2646117,0.9390167,0.2196095,0.464496,-0.323675,0.8243045,moving,3.7971010404845904,-2.056627287602761,3.593591727700379,0.34661032439092737,0.45912,-0.28766070000000005,0.7011509999999999,0.06618094238502348,-0.03580853140653123,0.9971648722041844,3.754960769076437,-2.0199434524195117,2.406662020446154,2.4118389374274205,2.372049060633102
05/17/2023 16:15:16.747134,586,True,True,True,True,Eyes,1.171326,-0.3120044,-3.43057,0.5093932,-0.3640011,0.7797576,0.0,0.0,0.0,0.0,0.0,0.0,0.0,-2.813851,0.7358111,2.193072,1.16613,-0.3086245,-3.437097,0.1428432,0.2594196,-0.1001148,0.9498813,18.86331,29.37885,352.9538,0.321647,-0.08573855,-0.9429694,0,0,0,1.625315,-0.5933358,-2.735953,0.05562341,0.007828772,0.8833795,0.8453571,-0.1160816,-0.521437,0.2643069,0.9391457,0.2194247,0.4642342,-0.3233116,0.8245946,moving,3.802749015160911,-2.0742994950153033,3.602964197943397,0.5077589548891505,0.45918499999999995,-0.28471129999999994,0.7011440000000002,0.06627851140824467,-0.03611586261296995,0.9971474069356236,3.7607362623768776,-2.037850680924801,2.584223322395428,2.589776015780829,2.5504941564850605
05/17/2023 16:15:16.767111,587,True,True,True,True,Eyes,1.17151,-0.3120201,-3.430659,0.5091804,-0.3638911,0.7799478,0.0,0.0,0.0,0.0,0.0,0.0,0.0,-2.812915,0.7355525,2.194414,1.166234,-0.3085503,-3.437103,0.1426847,0.2592356,-0.09999441,0.9499681,18.84057,29.35791,352.9594,0.3216755,-0.08573995,-0.9429596,0,0,0,1.625328,-0.5902957,-2.735952,0.05554551,0.01026934,0.8823662,0.8455961,-0.1160051,-0.5210663,0.2639608,0.9392844,0.2192475,0.4639957,-0.322936,0.824876,moving,3.8080245806386563,-2.0901745013054898,3.602052502744953,0.6668016932572527,0.4590940000000001,-0.2817454,0.7011509999999999,0.06636965387820298,-0.03639191801191666,0.9971312253037267,3.766126431794018,-2.053937563269623,2.758745546726973,2.764659515068268,2.7256819983629805
05/17/2023 16:15:16.777500,588,True,True,True,True,Eyes,1.171693,-0.3120262,-3.430753,0.5089743,-0.3637671,0.7801402,0.0,0.0,0.0,0.0,0.0,0.0,0.0,-2.812273,0.7351258,2.195316,1.166241,-0.3085119,-3.437064,0.1424938,0.2591405,-0.09985643,0.9500372,18.81433,29.34819,352.968,0.3217049,-0.0857413,-0.9429495,0,0,0,1.625341,-0.5872888,-2.73595,0.05541837,0.01265642,0.8813729,0.8457498,-0.1158828,-0.520844,0.2635865,0.9394484,0.2189951,0.4639283,-0.3225024,0.8250834,moving,3.8033793539406613,-2.1098691971228702,3.5978688588940653,0.8227046823329027,0.45909999999999984,-0.27877690000000005,0.701114,0.06628798238712463,-0.03673486856910502,0.9971241274691907,3.7616204192363862,-2.07385324082039,2.9335149299222376,2.939765997837341,2.9011829269621487
05/17/2023 16:15:16.797565,589,True,True,True,True,Eyes,1.171887,-0.3120196,-3.430853,0.5088992,-0.3635099,0.7803091,0.0,0.0,0.0,0.0,0.0,0.0,0.0,-2.811914,0.7342578,2.196478,1.166392,-0.3082949,-3.437295,0.1422777,0.2590486,-0.09975366,0.9501054,18.78633,29.33819,352.9718,0.3217351,-0.08574233,-0.9429391,0,0,0,1.625354,-0.5842837,-2.735949,0.0550558,0.01487391,0.8805961,0.8458862,-0.1158393,-0.5206322,0.2632666,0.9396126,0.2186756,0.4638613,-0.3220397,0.8253018,moving,3.8055571255732974,-2.1221107107405732,3.5775362234562147,0.9676754612834152,0.45896199999999987,-0.2759888,0.701346,0.06632536331929981,-0.03694781716916931,0.9971138047828123,3.7638860632910744,-2.086251062399749,3.0916431775836006,3.0981885224487136,3.0596067516695693
05/17/2023 16:15:16.817103,590,True,True,True,True,Eyes,1.172078,-0.3120056,-3.430947,0.5088829,-0.36312,0.7805012,0.0,0.0,0.0,0.0,0.0,0.0,0.0,-2.811686,0.7314116,2.197728,1.16648,-0.3079598,-3.437301,0.1414424,0.2591416,-0.09920189,0.9502625,18.6768,29.35763,353.0136,0.3217662,-0.08574271,-0.9429284,0,0,0,1.625366,-0.5812293,-2.735947,0.05460885,0.01567356,0.8797287,0.8460093,-0.1152285,-0.5205677,0.2618428,0.9403061,0.2174001,0.4644422,-0.3202294,0.8256794,moving,3.79039995013918,-2.212158260057952,3.5520577271814155,1.0206940365084503,0.4588860000000001,-0.27326949999999994,0.7013540000000003,0.066057666352902,-0.03851554517964295,0.9970722145408393,3.7493670101816794,-2.1773317358971847,3.234846854645177,3.2416262873223234,3.204106707668884
05/17/2023 16:15:16.826798,591,True,True,True,True,Eyes,1.172278,-0.3119917,-3.431051,0.5089124,-0.3625943,0.7807264,0.0,0.0,0.0,0.0,0.0,0.0,0.0,-2.812308,0.7236875,2.199458,1.166615,-0.3078081,-3.437249,0.1396644,0.259483,-0.09850703,0.9505046,18.45894,29.40808,353.0497,0.3217981,-0.08574232,-0.9429176,0,0,0,1.625379,-0.5781803,-2.735945,0.05388117,0.01493061,0.8787868,0.8459299,-0.1147817,-0.5207953,0.2597438,0.9415804,0.2143814,0.4657637,-0.316625,0.8263249,moving,3.760282194745849,-2.403789151721791,3.508591405642882,0.9733630956719137,0.45876399999999995,-0.2703722,0.7013039999999999,0.06552474701051991,-0.0418515972499717,0.99697297870105,3.7206078144094157,-2.371169228945513,3.3795404407198752,3.3865182053837573,3.3512456531858574
05/17/2023 16:15:16.847142,592,True,True,True,True,Eyes,1.172474,-0.311969,-3.43115,0.508972,-0.3620366,0.7809462,0.0,0.0,0.0,0.0,0.0,0.0,0.0,-2.813021,0.7189747,2.200221,1.166577,-0.3077669,-3.437348,0.1388112,0.2596913,-0.09841973,0.9505817,18.36204,29.43345,353.0394,0.3218309,-0.0857412,-0.9429064,0,0,0,1.625392,-0.5752019,-2.735944,0.05334219,0.0162292,0.8780043,0.845748,-0.1150159,-0.5210391,0.2592081,0.9420901,0.2127852,0.4663921,-0.3150201,0.8265838,moving,3.7417128356195186,-2.4678734978798826,3.4766690538421097,1.0589455948361153,0.458815,-0.26743500000000003,0.7014040000000001,0.0651985300819933,-0.04296758366085909,0.9969467900783345,3.7024905274129485,-2.435959698915937,3.5295773114643616,3.5367642159189754,3.5021933627687982
05/17/2023 16:15:16.866990,593,True,True,True,True,Eyes,1.172662,-0.3119362,-3.431247,0.5091763,-0.3608034,0.7813837,0.0,0.0,0.0,0.0,0.0,0.0,0.0,-2.814549,0.7138734,2.199943,1.166702,-0.3075429,-3.437336,0.1380466,0.2600332,-0.09844913,0.9505964,18.27953,29.47349,353.0208,0.3218644,-0.0857392,-0.9428952,0,0,0,1.625405,-0.5721765,-2.735942,0.05249599,0.01754136,0.8771133,0.845381,-0.1153774,-0.5215545,0.2589642,0.9425018,0.2112531,0.4671923,-0.3136533,0.8266516,moving,3.7040293088466734,-2.4770818695055454,3.4251161504870113,1.145703679088561,0.4587030000000001,-0.26463359999999997,0.7013940000000001,0.06454237527035914,-0.043129654957769936,0.9969825470973018,3.664862682693904,-2.44513850627212,3.626308583750448,3.6335062516814887,3.5988367564910613
05/17/2023 16:15:16.877485,594,True,True,True,True,Eyes,1.172844,-0.3118899,-3.431346,0.5094235,-0.3595143,0.7818166,0.0,0.0,0.0,0.0,0.0,0.0,0.0,-2.816607,0.7090741,2.198973,1.166728,-0.3073372,-3.437416,0.1372016,0.260538,-0.09826712,0.9505996,18.18294,29.5371,353.0274,0.3218985,-0.08573616,-0.9428838,0,0,0,1.625418,-0.5691168,-2.735941,0.05137098,0.01867881,0.8763589,0.8449271,-0.1153329,-0.5222993,0.2583178,0.9430386,0.2096428,0.4683698,-0.3120521,0.8265913,moving,3.646910343974969,-2.5005312586107746,3.3547625603559568,1.2210236697215056,0.45869000000000004,-0.2617796,0.7014749999999998,0.0635473023208945,-0.04354047038835865,0.9970285843938465,3.6078958048205974,-2.468657961709581,3.725871884199746,3.7330043412870264,3.698354631558899
05/17/2023 16:15:16.897804,595,True,True,True,True,Eyes,1.173044,-0.3118345,-3.431456,0.5096928,-0.3577194,0.7824641,0.0,0.0,0.0,0.0,0.0,0.0,0.0,-2.817963,0.7026168,2.199512,1.166768,-0.3069921,-3.437564,0.1358705,0.2609625,-0.0978194,0.9507204,18.02332,29.59437,353.0489,0.3219328,-0.0857318,-0.9428725,0,0,0,1.62543,-0.5660754,-2.735939,0.05043006,0.01872008,0.8757166,0.8446598,-0.1150835,-0.5227863,0.256912,0.9439411,0.2072953,0.4696232,-0.3094041,0.8268756,moving,3.593965097517333,-2.556601300309646,3.295862933253964,1.2246179203658054,0.4586619999999999,-0.2590833,0.7016249999999999,0.06262324819573675,-0.044518752894054214,0.997043828887769,3.5553363722482745,-2.525208494706174,3.7859215957788463,3.7929518445590595,3.7587929723137323
05/17/2023 16:15:16.918206,596,True,True,True,True,Eyes,1.17324,-0.3117708,-3.431571,0.5100027,-0.3558772,0.783102,0.0,0.0,0.0,0.0,0.0,0.0,0.0,-2.819129,0.6939337,2.200859,1.16684,-0.3067329,-3.437617,0.1341098,0.2613772,-0.09733731,0.9509059,17.81443,29.65011,353.0616,0.3219678,-0.08572596,-0.9428611,0,0,0,1.625443,-0.5631414,-2.735938,0.04962355,0.01798026,0.8750025,0.8444149,-0.1150108,-0.523198,0.2552238,0.94508,0.2041681,0.4709824,-0.3059351,0.8273931,moving,3.55074451055534,-2.6578753993328976,3.2459080157805373,1.1771944061587611,0.45860299999999987,-0.25640850000000004,0.7016789999999999,0.06186615523961908,-0.04628321531162363,0.997010792673487,3.512826530217327,-2.6275465783560064,3.840198464992066,3.8471659311161015,3.8140922186800283
05/17/2023 16:15:16.926874,597,True,True,True,True,Eyes,1.17345,-0.3117037,-3.431704,0.5103518,-0.3536906,0.7838647,0.0,0.0,0.0,0.0,0.0,0.0,0.0,-2.820852,0.6849245,2.201837,1.166932,-0.3064902,-3.43784,0.1325095,0.2618245,-0.09714921,0.9510264,17.6326,29.70529,353.0454,0.3220031,-0.08571856,-0.9428498,0,0,0,1.625456,-0.5599825,-2.735936,0.04863235,0.01793897,0.8743483,0.8440198,-0.1153944,-0.5237504,0.2541714,0.9460065,0.201168,0.4722577,-0.3029122,0.8277783,moving,3.5017841105632344,-2.7097477952638167,3.183582840750827,1.1753703717458002,0.45852399999999993,-0.25349230000000006,0.7019039999999999,0.06101157397021317,-0.04718831601477563,0.9970209219826114,3.4642230660146325,-2.679863573021447,3.8912775230253085,3.898127142582499,3.865434995562821
05/17/2023 16:15:16.946782,598,True,True,True,True,Eyes,1.173658,-0.3116228,-3.431838,0.5107287,-0.3514651,0.7846199,0.0,0.0,0.0,0.0,0.0,0.0,0.0,-2.821841,0.6776866,2.203023,1.166877,-0.3063388,-3.43801,0.1311834,0.2621299,-0.09697466,0.9511439,17.48094,29.74335,353.0328,0.322039,-0.08570963,-0.9428383,0,0,0,1.625468,-0.5570757,-2.735935,0.04800481,0.0182544,0.873754,0.8437677,-0.1156996,-0.5240895,0.2532479,0.9467737,0.1987086,0.4732036,-0.3003884,0.8281577,moving,3.4660992409237883,-2.727909366539175,3.1447187383841833,1.1968448196493684,0.45859099999999997,-0.25073689999999993,0.7020749999999998,0.06038968954325466,-0.04750614941910397,0.9970437102564508,3.428658254103375,-2.698111419371396,3.9311213586480416,3.93789040596829,3.905292018847455
05/17/2023 16:15:16.966959,599,True,True,True,True,Eyes,1.173868,-0.3115379,-3.43198,0.5110573,-0.3489664,0.7855209,0.0,0.0,0.0,0.0,0.0,0.0,0.0,-2.823032,0.6673872,2.204957,1.167012,-0.3059491,-3.438201,0.1294567,0.262448,-0.09691842,0.9512985,17.28807,29.78045,352.9951,0.3220755,-0.08569893,-0.9428268,0,0,0,1.625481,-0.5541371,-2.735933,0.04731044,0.01773246,0.8731657,0.8434558,-0.1164454,-0.5244262,0.252348,0.9476956,0.1954318,0.4742392,-0.2971759,0.8287241,moving,3.4289970172864868,-2.769618179405123,3.101405102641626,1.1634166105216226,0.458469,-0.24818800000000008,0.7022679999999997,0.059741958062288825,-0.048233831159116086,0.9970479389315531,3.391843630404091,-2.740186195090504,3.940014847366603,3.9466541679395735,3.9143925968650226
05/17/2023 16:15:16.977463,600,True,True,True,True,Eyes,1.17407,-0.3114498,-3.432126,0.5113989,-0.3464657,0.786405,0.0,0.0,0.0,0.0,0.0,0.0,0.0,-2.823834,0.6573176,2.207151,1.166963,-0.3058037,-3.438357,0.1276649,0.262731,-0.09679171,0.9514754,17.08562,29.81447,352.9628,0.3221123,-0.0856865,-0.9428154,0,0,0,1.625494,-0.5510024,-2.735932,0.04680374,0.01752636,0.872512,0.8432075,-0.1171068,-0.524678,0.2512729,0.9486661,0.1920795,0.4752504,-0.2938003,0.8293482,moving,3.3968254231382193,-2.8208597556676027,3.0705469103638303,1.1507594494278173,0.458531,-0.2451987,0.7024249999999999,0.05917952461201487,-0.04912715319944079,0.9970378362469072,3.3600289215827415,-2.791927559523621,3.97841338218132,3.9849989684040126,3.9532999741195685
05/17/2023 16:15:16.998689,601,True,True,True,True,Eyes,1.174268,-0.311352,-3.432278,0.5117935,-0.3438176,0.7873099,0.0,0.0,0.0,0.0,0.0,0.0,0.0,-2.824438,0.6491251,2.209165,1.166989,-0.305656,-3.438595,0.126279,0.2629061,-0.09679357,0.9516118,16.93176,29.83396,352.9255,0.3221492,-0.08567245,-0.942804,0,0,0,1.625506,-0.5481399,-2.73593,0.04634061,0.01782036,0.8719566,0.8430227,-0.1178207,-0.5248151,0.2506189,0.9493693,0.189442,0.4759232,-0.2912325,0.8298679,moving,3.3732890071760075,-2.8132119661149253,3.04215353041057,1.1708028798359489,0.45851699999999984,-0.24248390000000003,0.7026649999999997,0.05877032581699104,-0.04899525226330695,0.9970684637521333,3.3364317328068207,-2.7840991350104476,3.9912506549465174,3.997752493180342,3.9658352975686797
05/17/2023 16:15:17.017316,602,True,True,True,True,Eyes,1.174457,-0.3112533,-3.432434,0.5121785,-0.3411819,0.7882056,0.0,0.0,0.0,0.0,0.0,0.0,0.0,-2.824354,0.641567,2.211738,1.16691,-0.3053773,-3.438813,0.12497,0.2629636,-0.09675455,0.9517727,16.78444,29.8399,352.893,0.3221861,-0.08565664,-0.9427928,0,0,0,1.625519,-0.5451248,-2.735929,0.04615951,0.01827647,0.8714258,0.8429775,-0.1184516,-0.5247459,0.2499018,0.9500421,0.1870002,0.4763803,-0.2887718,0.8304654,moving,3.361204683000773,-2.7989834241419977,3.0321292917879004,1.2014919656183287,0.45860900000000004,-0.23974749999999995,0.7028840000000001,0.058560739157434705,-0.048748244454239587,0.9970928848974826,3.324242741900967,-2.769653165506875,4.007512219330965,4.013987289115393,3.981874422956652
05/17/2023 16:15:17.037487,603,True,True,True,True,Eyes,1.174633,-0.3111452,-3.432592,0.5125413,-0.3384608,0.7891424,0.0,0.0,0.0,0.0,0.0,0.0,0.0,-2.823711,0.6345336,2.214968,1.166883,-0.3052714,-3.439078,0.123722,0.2628756,-0.09674875,0.9519606,16.64391,29.82771,352.8559,0.3222228,-0.08563924,-0.9427819,0,0,0,1.625532,-0.5420077,-2.735927,0.04612601,0.01912655,0.8708221,0.8430722,-0.119155,-0.5244343,0.2492489,0.9506651,0.1846911,0.4765545,-0.2864226,0.8311787,moving,3.362534780205665,-2.771210045178907,3.032029435068512,1.2582299229237628,0.4586490000000001,-0.23673629999999996,0.7031509999999996,0.05858526470206615,-0.04826484271581545,0.9971149866176399,3.325375136772995,-2.7415486234333724,4.036461354339588,4.042971708991725,4.010521178177132
05/17/2023 16:15:17.046984,604,True,True,True,True,Eyes,1.174807,-0.3110363,-3.432752,0.5128965,-0.3357577,0.7900658,0.0,0.0,0.0,0.0,0.0,0.0,0.0,-2.822637,0.627937,2.218524,1.16681,-0.3050102,-3.439325,0.1225554,0.2627079,-0.09673572,0.9521592,16.51169,29.80612,352.8206,0.3222589,-0.08562014,-0.9427713,0,0,0,1.625545,-0.5389464,-2.735925,0.04628614,0.01992567,0.8702844,0.8432536,-0.1198231,-0.5239904,0.2486081,0.9512448,0.182558,0.4765685,-0.2842109,0.8319295,moving,3.3716962360928666,-2.735602332774453,3.0444118938551785,1.3115912099880531,0.4587350000000001,-0.23393620000000004,0.7034000000000002,0.058746451150621576,-0.04764470238823171,0.9971353258022323,3.3342850977335785,-2.7055442344001372,4.053840567421334,4.060405227714653,4.027580371995899
05/17/2023 16:15:17.067346,605,True,True,True,True,Eyes,1.174984,-0.3109252,-3.432926,0.5131979,-0.3330091,0.7910328,0.0,0.0,0.0,0.0,0.0,0.0,0.0,-2.822175,0.6211761,2.221392,1.166923,-0.3048981,-3.43954,0.1213544,0.2626411,-0.09670777,0.9523342,16.37595,29.7972,352.7878,0.3222944,-0.0855995,-0.9427611,0,0,0,1.625558,-0.5358428,-2.735924,0.04610476,0.02078266,0.8695976,0.8433346,-0.1204509,-0.5237161,0.2479416,0.9518414,0.1803411,0.4767724,-0.2819388,0.8325856,moving,3.365041540255459,-2.702742139575273,3.0348947339135406,1.3690609013373138,0.4586350000000001,-0.23094469999999995,0.7036160000000002,0.058632228205388215,-0.047073135964748006,0.9971692020962014,3.327394309518774,-2.672261433188878,4.078607078696303,4.085165470054151,4.051893657695063
05/17/2023 16:15:17.077498,606,True,True,True,True,Eyes,1.175152,-0.3108098,-3.433097,0.5134839,-0.330299,0.7919828,0.0,0.0,0.0,0.0,0.0,0.0,0.0,-2.820947,0.6156793,2.224828,1.166776,-0.3047422,-3.43983,0.1204347,0.2624158,-0.0968104,0.9525027,16.2744,29.76728,352.7455,0.3223293,-0.08557738,-0.9427511,0,0,0,1.62557,-0.5330915,-2.735923,0.04638705,0.02189898,0.8691888,0.8435314,-0.1212164,-0.5232222,0.2476323,0.9522465,0.1786195,0.4765849,-0.2802379,0.8332669,moving,3.3741864732710716,-2.635781236349227,3.054875102186638,1.4432465567572224,0.4587939999999999,-0.22834930000000003,0.7039070000000001,0.05879457436645644,-0.04590728195237426,0.997213928876278,3.3360641605114405,-2.604524324774034,4.084907451424638,4.091506750408545,4.057525895899361
05/17/2023 16:15:17.099868,607,True,True,True,True,Eyes,1.175324,-0.3106896,-3.433277,0.5137154,-0.3275367,0.7929793,0.0,0.0,0.0,0.0,0.0,0.0,0.0,-2.820042,0.6097958,2.227727,1.166742,-0.3045345,-3.439945,0.1194713,0.2622645,-0.09689894,0.9526567,16.16811,29.74672,352.705,0.3223636,-0.08555382,-0.9427416,0,0,0,1.625582,-0.5300308,-2.735921,0.04650548,0.02311601,0.8685255,0.8436559,-0.1219567,-0.5228493,0.247289,0.9526744,0.176804,0.4765427,-0.2784566,0.8338878,moving,3.3706334391815975,-2.5720302324823656,3.064994143510034,1.5245806959185833,0.45884000000000014,-0.22549630000000004,0.704024,0.058735698343113596,-0.044797845954042334,0.9972678892908186,3.332055570349422,-2.539988448850978,4.101385992532603,4.107996650163276,4.073333295756469
05/17/2023 16:15:17.117044,608,True,True,True,True,Eyes,1.175492,-0.3105636,-3.433457,0.5139214,-0.3248126,0.7939658,0.0,0.0,0.0,0.0,0.0,0.0,0.0,-2.818779,0.6036236,2.231157,1.166627,-0.304316,-3.440104,0.1183513,0.262079,-0.09685474,0.9528518,16.04008,29.72398,352.6745,0.3223972,-0.08552882,-0.9427323,0,0,0,1.625595,-0.5270665,-2.735919,0.04675958,0.02392956,0.867978,0.8438675,-0.1225417,-0.5223707,0.2466112,0.9532242,0.1747754,0.4765191,-0.2763098,0.8346152,moving,3.3707848135663006,-2.5327886513747306,3.083648806502341,1.5792054468118957,0.4589679999999998,-0.22275050000000002,0.7041849999999998,0.058740124695323165,-0.0441148037210977,0.9972981519634873,3.331927149225114,-2.5002724945082857,4.1153567098064805,4.122007102137777,4.087026108209136
05/17/2023 16:15:17.126834,609,True,True,True,True,Eyes,1.175632,-0.3104339,-3.433627,0.5142519,-0.3221125,0.7948512,0.0,0.0,0.0,0.0,0.0,0.0,0.0,-2.817073,0.598031,2.235153,1.166688,-0.3040595,-3.440325,0.1173974,0.2617363,-0.09692209,0.9530573,15.93275,29.6806,352.6335,0.3224302,-0.08550235,-0.9427235,0,0,0,1.625607,-0.5240971,-2.735918,0.04709005,0.0250354,0.8673919,0.8442004,-0.1232903,-0.5216562,0.2461989,0.9536479,0.1730367,0.4761426,-0.2745088,0.8354239,moving,3.397392730246387,-2.4708312371583623,3.107493988292948,1.6532603491382067,0.4589190000000001,-0.2200376,0.7044070000000002,0.05920604370578186,-0.043035147740064866,0.9973176674956679,3.35810029084936,-2.437664779202812,4.127513200444874,4.1342680963803415,4.098593896029829
05/17/2023 16:15:17.147549,610,True,True,True,True,Eyes,1.175762,-0.310303,-3.433794,0.514573,-0.3194457,0.7957191,0.0,0.0,0.0,0.0,0.0,0.0,0.0,-2.815625,0.5928277,2.238624,1.166607,-0.3039616,-3.440533,0.1163562,0.261508,-0.09678999,0.9532611,15.8106,29.65423,352.6148,0.322462,-0.08547451,-0.9427151,0,0,0,1.62562,-0.5210422,-2.735916,0.04730862,0.02614088,0.8668221,0.8444906,-0.1236761,-0.5210949,0.2453884,0.9541859,0.1712129,0.4760464,-0.2724583,0.8361497,moving,3.4092707669214444,-2.4287976914596383,3.123937148460063,1.727353624320162,0.4590130000000001,-0.2170806,0.7046169999999998,0.059414653946896545,-0.04230295299144789,0.9973365393621525,3.3696817290648116,-2.3951669507359443,4.159087222923858,4.165934352997228,4.129838530821457
05/17/2023 16:15:17.166974,611,True,True,True,True,Eyes,1.175851,-0.3101653,-3.43394,0.5150048,-0.3167749,0.7965072,0.0,0.0,0.0,0.0,0.0,0.0,0.0,-2.815,0.5870578,2.241015,1.166501,-0.3038153,-3.440637,0.115367,0.2614438,-0.0968059,0.9533972,15.69996,29.64582,352.5835,0.3224926,-0.08544543,-0.9427073,0,0,0,1.625633,-0.5181333,-2.735915,0.04733428,0.02720491,0.866249,0.8445516,-0.124265,-0.520856,0.2449129,0.9546381,0.1693626,0.4761831,-0.2705998,0.8366752,moving,3.4109712002468795,-2.375527090961382,3.1276919743436693,1.7988065448682633,0.4591320000000001,-0.214318,0.7047220000000003,0.05944656915139748,-0.04137558894418876,0.9973736346026696,3.3710027349530955,-2.3412579808266587,4.177064636847419,4.183934562471917,4.147208025062868
05/17/2023 16:15:17.177105,612,True,True,True,True,Eyes,1.175939,-0.3100253,-3.43409,0.5154191,-0.3141392,0.7972827,0.0,0.0,0.0,0.0,0.0,0.0,0.0,-2.814051,0.5819175,2.243756,1.166409,-0.3036835,-3.440817,0.1143812,0.2613201,-0.09669622,0.9535609,15.58552,29.63209,352.5657,0.3225211,-0.08541511,-0.9427003,0,0,0,1.625646,-0.5149344,-2.735913,0.04736176,0.02851221,0.8656555,0.8447232,-0.1246313,-0.5204899,0.2441917,0.9551336,0.1676016,0.4762489,-0.2686763,0.8372575,moving,3.417403915586243,-2.3285741464884944,3.1316454958332596,1.886476700808512,0.4592369999999999,-0.21125090000000002,0.704904,0.05956054394490648,-0.040557967656433505,0.997400412174221,3.3771023284445345,-2.2937608376895002,4.217786316125072,4.224726206484739,4.1874377529634375
05/17/2023 16:15:17.200495,613,True,True,True,True,Eyes,1.175999,-0.3098826,-3.434228,0.5158663,-0.3115045,0.7980269,0.0,0.0,0.0,0.0,0.0,0.0,0.0,-2.813397,0.5763618,2.246389,1.166453,-0.3034958,-3.441066,0.1134334,0.2612064,-0.09671576,0.9537034,15.47924,29.61778,352.5345,0.3225478,-0.08538362,-0.9426939,0,0,0,1.625659,-0.5119685,-2.735912,0.04725823,0.02965826,0.8651358,0.8448346,-0.1252172,-0.5201685,0.2437353,0.9555578,0.1658381,0.4762853,-0.2668892,0.8378081,moving,3.426372265996821,-2.272559040268297,3.126686884385092,1.9634234395450636,0.459206,-0.20847270000000007,0.7051540000000003,0.05971900268737723,-0.0395824671983028,0.9974301454879283,3.385673605614863,-2.2371013421568042,4.239604148855313,4.2465702510658545,4.208501225313457
05/17/2023 16:15:17.227564,614,True,True,True,True,Eyes,1.176054,-0.3097362,-3.434365,0.5163053,-0.3088941,0.7987573,0.0,0.0,0.0,0.0,0.0,0.0,0.0,-2.812899,0.5722476,2.248391,1.166417,-0.3033912,-3.441301,0.1127038,0.2611314,-0.09670292,0.9538117,15.39671,29.60876,352.5138,0.3225723,-0.08535103,-0.9426885,0,0,0,1.625671,-0.5090303,-2.73591,0.04710323,0.03121436,0.8646303,0.8449178,-0.1256118,-0.5199379,0.2433338,0.9558928,0.164492,0.4763428,-0.2655007,0.8382165,moving,3.426943951045496,-2.1957852586676485,3.1182704789903295,2.067559656487509,0.45925400000000005,-0.20563910000000002,0.7053910000000001,0.05973206402321385,-0.03824588892314777,0.9974814708224884,3.3856979606596735,-2.1594005090363284,4.267536423246055,4.274504553504409,4.2354113966505444
05/17/2023 16:15:17.237248,615,True,True,True,True,Eyes,1.176073,-0.3095831,-3.43449,0.5167519,-0.3062317,0.7994933,0.0,0.0,0.0,0.0,0.0,0.0,0.0,-2.812562,0.5659876,2.250513,1.166358,-0.3031681,-3.441417,0.1116324,0.2611324,-0.09668203,0.9539396,15.27635,29.60917,352.4855,0.3225946,-0.08531737,-0.9426839,0,0,0,1.625684,-0.5060456,-2.735909,0.04697016,0.03211351,0.8640856,0.844925,-0.126156,-0.5197947,0.2427593,0.9563816,0.1624876,0.4766233,-0.2634748,0.8386962,moving,3.423693483208339,-2.1541048703040317,3.111434747752968,2.128402738731919,0.4593259999999999,-0.2028775,0.705508,0.059677116938259694,-0.037520373853714054,0.9975122957854728,3.3821494046629104,-2.11720350082817,4.2869142156884745,4.293876679565798,4.254228339764737
05/17/2023 16:15:17.247490,616,True,True,True,True,Eyes,1.176091,-0.3094313,-3.434608,0.5171921,-0.3035869,0.800217,0.0,0.0,0.0,0.0,0.0,0.0,0.0,-2.81208,0.5617108,2.252686,1.166338,-0.3029867,-3.441767,0.110876,0.2610515,-0.09665705,0.9540524,15.19043,29.59973,352.4654,0.3226143,-0.08528261,-0.9426803,0,0,0,1.625696,-0.5030539,-2.735907,0.04675603,0.03361502,0.8636898,0.8450191,-0.126543,-0.5195475,0.2423205,0.9567278,0.1610982,0.4766797,-0.262028,0.8391172,moving,3.425027232704704,-2.0788645708861453,3.098694471276006,2.228840916529637,0.45935799999999993,-0.20006720000000006,0.7058599999999999,0.059703224628901486,-0.03621036120080767,0.9975591491002616,3.382946961468254,-2.0410575612480524,4.3130972183317855,4.320048568881341,4.279349540375117
05/17/2023 16:15:17.267014,617,True,True,True,True,Eyes,1.176065,-0.3092642,-3.4347,0.5177134,-0.3008674,0.8009068,0.0,0.0,0.0,0.0,0.0,0.0,0.0,-2.811415,0.5566529,2.254688,1.166295,-0.3028886,-3.441736,0.109793,0.2610357,-0.0963576,0.9542123,15.0604,29.60218,352.4684,0.3226316,-0.08524692,-0.9426777,0,0,0,1.625712,-0.4993837,-2.735905,0.04659125,0.03509416,0.8628259,0.8451512,-0.1265714,-0.5193257,0.241211,0.9573214,0.1592261,0.4770082,-0.2598372,0.8396118,moving,3.4245283007360543,-2.0451496053542617,3.0908807104013105,2.3291367778919496,0.45941699999999996,-0.19649509999999998,0.7058310000000003,0.059695802166240014,-0.035623372405229045,0.9975807966028456,3.3822074725451636,-2.006932677477786,4.37997315712288,4.386992372593028,4.3458450966563005
05/17/2023 16:15:17.287147,618,True,True,True,True,Eyes,1.176038,-0.3091019,-3.434805,0.5182157,-0.2981589,0.8015946,0.0,0.0,0.0,0.0,0.0,0.0,0.0,-2.810858,0.5496088,2.257225,1.166256,-0.30253,-3.441857,0.108518,0.2610216,-0.09621218,0.9543766,14.91353,29.60278,352.4483,0.3226458,-0.08521006,-0.9426761,0,0,0,1.625722,-0.4969958,-2.735904,0.04658154,0.03489174,0.8625011,0.8452219,-0.1269942,-0.5191073,0.2402964,0.9579341,0.1569072,0.4773443,-0.257361,0.8401832,moving,3.428065229050933,-2.027460903801536,3.091399256655731,2.3165882924757852,0.45946599999999993,-0.19446579999999997,0.705953,0.05975804018165792,-0.03531526125883551,0.9975880678319723,3.3856191980348767,-1.9890431253936423,4.350097900392728,4.357075555535668,4.315672286034871
05/17/2023 16:15:17.300904,619,True,True,True,True,Eyes,1.175933,-0.3089172,-3.434864,0.518842,-0.2953997,0.8022107,0.0,0.0,0.0,0.0,0.0,0.0,0.0,-2.809752,0.5437219,2.260648,1.166219,-0.3025017,-3.442281,0.107298,0.2608587,-0.09598876,0.9545816,14.76934,29.58645,352.4363,0.3226572,-0.08517226,-0.9426757,0,0,0,1.625734,-0.4940078,-2.735903,0.04654276,0.03569227,0.8621831,0.8454778,-0.127279,-0.5186206,0.2392374,0.9585466,0.1547704,0.477423,-0.2549284,0.8408797,moving,3.4548045095423534,-2.0019144717694806,3.0899676446017392,2.370551465647269,0.4595150000000001,-0.1915061,0.706378,0.06022453577795445,-0.03486948210358995,0.9975756289258161,3.4121833886051136,-1.9632875648684402,4.380599698045948,4.387660459959206,4.345800700458431
05/17/2023 16:15:17.317136,620,True,True,True,True,Eyes,1.175831,-0.3087351,-3.434926,0.519466,-0.2926495,0.8028146,0.0,0.0,0.0,0.0,0.0,0.0,0.0,-2.809488,0.5353248,2.263163,1.166162,-0.3020764,-3.442459,0.1061113,0.2608391,-0.09627375,0.9546909,14.6451,29.58067,352.3697,0.3226646,-0.08513315,-0.9426767,0,0,0,1.625748,-0.4908867,-2.735901,0.04645383,0.03653251,0.8617426,0.8453887,-0.1284674,-0.5184729,0.2391793,0.9589435,0.1523831,0.47761,-0.2528309,0.8414067,moving,3.47104340883433,-1.955081408909415,3.0856484539465137,2.427530013362994,0.45958600000000005,-0.1888103,0.7065579999999998,0.0605089698196149,-0.03405347294190733,0.9975865689409484,3.428092618957455,-1.915948449309555,4.392443868156356,4.399524082203161,4.356956869404415
05/17/2023 16:15:17.326939,621,True,True,True,True,Eyes,1.175697,-0.3085514,-3.434974,0.5200798,-0.2898315,0.8034393,0.0,0.0,0.0,0.0,0.0,0.0,0.0,-2.809854,0.5271006,2.264814,1.166128,-0.3019784,-3.442593,0.104743,0.2609924,-0.09629433,0.954798,14.49414,29.59976,352.3306,0.3226683,-0.08509293,-0.942679,0,0,0,1.62576,-0.4879813,-2.735899,0.04605839,0.03700569,0.8612686,0.8452207,-0.129209,-0.5185624,0.2385575,0.9595126,0.1497526,0.4782178,-0.2502809,0.8418238,moving,3.464610760904856,-1.9353908564957172,3.0611124274928403,2.4602853757923437,0.45963200000000004,-0.18600290000000003,0.7066940000000002,0.06039767350125744,-0.0337108641839087,0.9976049840575124,3.421517851496178,-1.895995511562477,4.407136156969553,4.41415682142903,4.3711640599712025
05/17/2023 16:15:17.346859,622,True,True,True,True,Eyes,1.175563,-0.3083642,-3.435031,0.5206615,-0.2870418,0.8040638,0.0,0.0,0.0,0.0,0.0,0.0,0.0,-2.80921,0.5219439,2.266978,1.165935,-0.3018912,-3.44278,0.1036346,0.2609856,-0.09599365,0.9549512,14.36143,29.60368,352.3331,0.3226681,-0.08505173,-0.9426829,0,0,0,1.625772,-0.4850375,-2.735898,0.04597655,0.03783903,0.8608887,0.8453435,-0.1292442,-0.5183536,0.2374327,0.9600902,0.147826,0.4785605,-0.2480378,0.8422928,moving,3.4673763660908032,-1.900449529623408,3.057029410368639,2.516727425015556,0.45983700000000005,-0.18314629999999998,0.7068819999999998,0.06044705627744243,-0.033102377891623735,0.9976223598963901,3.4240350193196836,-1.8606416398355674,4.429163303522442,4.436196216654984,4.39272729029667
05/17/2023 16:15:17.367042,623,True,True,True,True,Eyes,1.175406,-0.3081707,-3.435079,0.5212012,-0.284182,0.8047296,0.0,0.0,0.0,0.0,0.0,0.0,0.0,-2.80734,0.51817,2.270453,1.165803,-0.3016391,-3.443041,0.1026707,0.2607132,-0.09558792,0.9551703,14.23964,29.5767,352.3477,0.3226642,-0.08500952,-0.942688,0,0,0,1.625785,-0.4821132,-2.735896,0.04626447,0.03870019,0.8605639,0.8457831,-0.1290703,-0.5176792,0.2361407,0.9606434,0.1462939,0.4784229,-0.245978,0.8429747,moving,3.493912256241442,-1.8483134018270642,3.07729564835253,2.5748983827406016,0.4599820000000001,-0.18047410000000003,0.7071450000000001,0.06091089142010564,-0.03219366874545994,0.9976238069135659,3.4502061519012357,-1.8079738081604741,4.4356687115874776,4.442788751348317,4.398707865434
05/17/2023 16:15:17.377308,624,True,True,True,True,Eyes,1.175255,-0.3079795,-3.435141,0.5217192,-0.2813547,0.8053873,0.0,0.0,0.0,0.0,0.0,0.0,0.0,-2.805733,0.513678,2.273764,1.165716,-0.3014185,-3.443292,0.1015263,0.260512,-0.0950886,0.9553974,14.09553,29.55972,352.3688,0.3226567,-0.08496627,-0.9426945,0,0,0,1.625798,-0.479066,-2.735895,0.04640391,0.03934416,0.8601992,0.8461834,-0.1287972,-0.5170928,0.2345924,0.9613011,0.1444525,0.4784769,-0.2435394,0.8436519,moving,3.5132052421590743,-1.8220113693476396,3.087858715340717,2.61879378298507,0.4600820000000001,-0.1776475,0.7073969999999998,0.06124772085052299,-0.03173504798090471,0.9976180117070295,3.4693166868371503,-1.7814256379150257,4.453931884282293,4.461128788643204,4.416722895551016
05/17/2023 16:15:17.401272,625,True,True,True,True,Eyes,1.175076,-0.3077779,-3.435191,0.5222002,-0.2784711,0.8060774,0.0,0.0,0.0,0.0,0.0,0.0,0.0,-2.80474,0.5092125,2.276559,1.165693,-0.3012988,-3.443685,0.1005448,0.2603681,-0.0948172,0.9555674,13.97682,29.54662,352.3696,0.3226458,-0.08492212,-0.9427022,0,0,0,1.62581,-0.4760906,-2.735893,0.04629046,0.04041118,0.8599144,0.8464363,-0.1288511,-0.5166653,0.2335657,0.9618009,0.1427799,0.4785317,-0.2415294,0.8441983,moving,3.5229010945787156,-1.7668373967044508,3.0813421844626694,2.690602483197421,0.4601169999999999,-0.1747918,0.707792,0.06141838438561395,-0.030774034567247727,0.9976375684896421,3.478621656965823,-1.7256201785087546,4.472059048458381,4.479257143103361,4.434056108918736
05/17/2023 16:15:17.417194,626,True,True,True,True,Eyes,1.174902,-0.3075737,-3.435244,0.5226563,-0.2756012,0.8067679,0.0,0.0,0.0,0.0,0.0,0.0,0.0,-2.803614,0.5036374,2.279436,1.165571,-0.3009811,-3.44392,0.09953851,0.2602131,-0.09473255,0.9557232,13.8608,29.52983,352.3483,0.3226313,-0.08487691,-0.9427112,0,0,0,1.625823,-0.4730791,-2.735892,0.0463964,0.04138864,0.8595861,0.8466298,-0.1292738,-0.5162426,0.2328787,0.9622356,0.1409612,0.4785244,-0.2395639,0.8447624,moving,3.535316659269764,-1.708324431260701,3.0895577393794125,2.7566340864813914,0.4602520000000001,-0.17209799999999997,0.7080279999999997,0.06163646949175605,-0.029754788080438438,0.9976550867190623,3.4906232492288103,-1.6664454918188545,4.479927753532296,4.487154508128673,4.441225787906695
05/17/2023 16:15:17.427251,627,True,True,True,True,Eyes,1.174698,-0.307361,-3.435284,0.5230767,-0.2726339,0.8075032,0.0,0.0,0.0,0.0,0.0,0.0,0.0,-2.801714,0.4980027,2.283158,1.165515,-0.3007383,-3.44406,0.09831725,0.2599402,-0.09440043,0.9559568,13.71256,29.50222,352.3473,0.3226137,-0.08483067,-0.9427214,0,0,0,1.625837,-0.46968,-2.73589,0.04667339,0.04230826,0.8590543,0.8470393,-0.1293722,-0.5155456,0.2315987,0.9628446,0.1388972,0.4784208,-0.237051,0.8455296,moving,3.5580371569431426,-1.6765219742685271,3.10988679798231,2.819528027650391,0.4603219999999999,-0.16894169999999997,0.70817,0.06203309151257225,-0.029200305992805445,0.9976467978245904,3.513122979921339,-1.6343431514416453,4.5109773358376755,4.518329820187081,4.472087644307908
05/17/2023 16:15:17.447149,628,True,True,True,True,Eyes,1.174502,-0.3071497,-3.435335,0.5234645,-0.2696803,0.8082435,0.0,0.0,0.0,0.0,0.0,0.0,0.0,-2.799553,0.4903199,2.28773,1.165393,-0.3004772,-3.444298,0.09684622,0.2596103,-0.09422452,0.956214,13.54062,29.46609,352.3207,0.3225927,-0.08478333,-0.9427328,0,0,0,1.625848,-0.4669965,-2.735889,0.04720113,0.04223581,0.858825,0.8474485,-0.1299131,-0.5147366,0.2304822,0.9634851,0.1362881,0.4782354,-0.2341347,0.8464466,moving,3.5912529837907283,-1.6667888373396358,3.145818358682481,2.81545784727967,0.46045500000000006,-0.16651929999999998,0.7084090000000001,0.06261175998316315,-0.029029782017764322,0.9976157283886428,3.5462781989027574,-1.624616509292966,4.496841816915746,4.50432540421161,4.458096945505241
05/17/2023 16:15:17.467019,629,True,True,True,True,Eyes,1.174313,-0.306936,-3.435399,0.5238649,-0.2666838,0.8089779,0.0,0.0,0.0,0.0,0.0,0.0,0.0,-2.797343,0.4828621,2.29248,1.165403,-0.3003224,-3.444617,0.09549235,0.2592109,-0.09419141,0.9564616,13.38543,29.41983,352.2804,0.3225687,-0.08473499,-0.9427453,0,0,0,1.625861,-0.4640329,-2.735887,0.04763019,0.04279647,0.8584993,0.8478753,-0.1306756,-0.5138398,0.2296863,0.9640184,0.1338386,0.4778616,-0.2315004,0.8473818,moving,3.6328066246689183,-1.6359195391365722,3.1755575774886617,2.853850861183636,0.46045800000000003,-0.16371050000000004,0.7087300000000001,0.06333623877294497,-0.028490983925571145,0.997585439957856,3.5876227168439057,-1.593529095898751,4.5053587297771465,4.512994010492229,4.4664287928646065
05/17/2023 16:15:17.477590,630,True,True,True,True,Eyes,1.174127,-0.3067202,-3.435467,0.5242319,-0.2637118,0.8097141,0.0,0.0,0.0,0.0,0.0,0.0,0.0,-2.795088,0.4756303,2.297098,1.165243,-0.3000678,-3.444933,0.09432061,0.2588015,-0.09434464,0.9566737,13.25593,29.37,352.2241,0.322542,-0.08468567,-0.9427589,0,0,0,1.625874,-0.460925,-2.735886,0.04818723,0.04384258,0.8582307,0.8482417,-0.1316935,-0.5129745,0.2293347,0.9644055,0.1316351,0.4773799,-0.2293012,0.8482508,moving,3.673234495970533,-1.5798678577671799,3.213622052936293,2.9244037301244177,0.460631,-0.16085719999999998,0.709047,0.06404187235120332,-0.02751380457830878,0.9975678179046473,3.6276615888741786,-1.536950305043431,4.519850732197768,4.527660117022854,4.4805254786049495
05/17/2023 16:15:17.501944,631,True,True,True,True,Eyes,1.173945,-0.306506,-3.435544,0.5246013,-0.2606759,0.8104577,0.0,0.0,0.0,0.0,0.0,0.0,0.0,-2.792816,0.4681661,2.30155,1.165129,-0.2998233,-3.4451,0.09306202,0.2584135,-0.09441983,0.9568945,13.11461,29.32405,352.1747,0.322513,-0.08463538,-0.9427733,0,0,0,1.625887,-0.4578676,-2.735884,0.04875785,0.04463437,0.8578427,0.8486148,-0.1326027,-0.5121226,0.2287966,0.9648488,0.1293024,0.476975,-0.2268998,0.849124,moving,3.710781262077675,-1.5327202954171246,3.2530632372834436,2.978467945495576,0.460758,-0.15804429999999997,0.7092160000000001,0.06469702862626711,-0.02669178901395962,0.9975479813913497,3.6648820885561038,-1.4893726183094418,4.526372173791956,4.534349472104081,4.486779922154091
05/17/2023 16:15:17.517418,632,True,True,True,True,Eyes,1.17377,-0.3062872,-3.435632,0.524924,-0.2576921,0.8112025,0.0,0.0,0.0,0.0,0.0,0.0,0.0,-2.790453,0.4603357,2.306256,1.164993,-0.2996744,-3.445336,0.09164778,0.2580251,-0.09438765,0.9571389,12.95279,29.27982,352.1331,0.322482,-0.08458427,-0.9427885,0,0,0,1.625899,-0.4549162,-2.735883,0.04933426,0.0451184,0.8575481,0.8490281,-0.1333893,-0.5112326,0.227979,0.9653834,0.1267305,0.4766309,-0.224148,0.8500474,moving,3.7474157744345673,-1.5100443696518722,3.2925647814888066,3.0117407277735184,0.46090600000000004,-0.15524179999999999,0.7094530000000003,0.06533551925810147,-0.026295888742724247,0.9975167749683032,3.701364602469879,-1.4665593339644536,4.536440378669968,4.54460448147934,4.496919916631436
05/17/2023 16:15:17.527163,633,True,True,True,True,Eyes,1.173611,-0.3060667,-3.43573,0.5252255,-0.2546582,0.8119651,0.0,0.0,0.0,0.0,0.0,0.0,0.0,-2.787832,0.4543954,2.311121,1.164956,-0.2993636,-3.445725,0.09071968,0.2574975,-0.09457614,0.9573507,12.85047,29.21551,352.0785,0.3224493,-0.08453223,-0.9428043,0,0,0,1.625913,-0.4517263,-2.735881,0.04989907,0.04660614,0.8572701,0.8495008,-0.1343649,-0.5101907,0.2278053,0.9656506,0.1249949,0.4758711,-0.2224074,0.8509299,moving,3.7934539343629523,-1.4224918275363947,3.331253293221104,3.1118651298334514,0.46095699999999984,-0.15236270000000002,0.7098439999999999,0.0661395992042694,-0.0247702583927642,0.9975028501271336,3.746790613732043,-1.3781194222599948,4.549515456638141,4.557852833245087,4.5091720462602884
05/17/2023 16:15:17.547472,634,True,True,True,True,Eyes,1.173455,-0.3058468,-3.435838,0.5255207,-0.2516366,0.8127158,0.0,0.0,0.0,0.0,0.0,0.0,0.0,-2.786677,0.4453146,2.314583,1.164978,-0.2991082,-3.445943,0.08920879,0.2573364,-0.09461667,0.957532,12.68185,29.19842,352.0293,0.3224152,-0.08447929,-0.9428207,0,0,0,1.625925,-0.4488814,-2.735879,0.04998848,0.04670816,0.8569797,0.8496513,-0.1352836,-0.509697,0.2271103,0.966179,0.1221439,0.4759344,-0.2195372,0.8516395,moving,3.8033859574624294,-1.4073604400472528,3.3383371150250456,3.119718231912046,0.460947,-0.1497732,0.710064,0.06631294323480691,-0.02450654200099997,0.9974978592039087,3.756617364764012,-1.3628420659763965,4.542546719544477,4.550902298221872,4.502033450733947
05/17/2023 16:15:17.567127,635,True,True,True,True,Eyes,1.173303,-0.305625,-3.435953,0.5258262,-0.2485488,0.8134681,0.0,0.0,0.0,0.0,0.0,0.0,0.0,-2.785976,0.4359004,2.317668,1.164896,-0.2989287,-3.44629,0.0877221,0.2572576,-0.09477712,0.9576747,12.52014,29.19003,351.9684,0.3223799,-0.08442554,-0.9428376,0,0,0,1.625938,-0.4457296,-2.735878,0.04989743,0.04731792,0.8567777,0.8496717,-0.1363969,-0.5093663,0.2266656,0.9666442,0.1192542,0.4761101,-0.2167827,0.8522467,moving,3.8041960959786048,-1.3818322580705236,3.3330541855460774,3.1611067214410853,0.4610420000000002,-0.1468009,0.7104119999999998,0.06632776681396732,-0.02406208094006218,0.9975077402786383,3.7572456739138262,-1.3370079487398394,4.558950679203177,4.567304376908987,4.518071934453955
05/17/2023 16:15:17.577918,636,True,True,True,True,Eyes,1.173158,-0.3053984,-3.436068,0.5261267,-0.2454608,0.8142111,0.0,0.0,0.0,0.0,0.0,0.0,0.0,-2.784868,0.427142,2.320934,1.164797,-0.2986939,-3.44655,0.08627972,0.2571184,-0.09483955,0.9578369,12.36002,29.17565,351.9191,0.3223437,-0.08437098,-0.9428549,0,0,0,1.62595,-0.4428411,-2.735876,0.05000147,0.0476388,0.8565793,0.8497912,-0.1373134,-0.5089204,0.2260498,0.9671226,0.1165138,0.4761895,-0.2140538,0.8528919,moving,3.8102714350788407,-1.3548985866950054,3.340759996745915,3.183235029051063,0.4611529999999999,-0.14414719999999998,0.7106739999999996,0.06643427899808263,-0.023593000781423762,0.997511845062941,3.7631305559094117,-1.3097710340508129,4.5539902306002045,4.562356595564395,4.512815127203673
05/17/2023 16:15:17.601875,637,True,True,True,True,Eyes,1.173037,-0.3051745,-3.436204,0.5264384,-0.2423249,0.8149487,0.0,0.0,0.0,0.0,0.0,0.0,0.0,-2.783846,0.4180094,2.324003,1.164809,-0.2983806,-3.446695,0.08468439,0.2570217,-0.0947365,0.9580153,12.17842,29.16881,351.8848,0.3223067,-0.08431556,-0.9428725,0,0,0,1.625963,-0.4398317,-2.735875,0.05001044,0.04761947,0.8562528,0.8499297,-0.1379866,-0.5085067,0.2250495,0.9677071,0.1135592,0.4764159,-0.2109565,0.8535368,moving,3.812093155638426,-1.348404302030994,3.342629167191023,3.183156870463509,0.46115400000000006,-0.1414511,0.71082,0.0664661754379017,-0.02347988726282578,0.9975124421294419,3.764906447720939,-1.3032049661880682,4.547453484773565,4.55581420785667,4.506191366444112
05/17/2023 16:15:17.617185,638,True,True,True,True,Eyes,1.172919,-0.3049475,-3.43634,0.5267416,-0.2392111,0.8156723,0.0,0.0,0.0,0.0,0.0,0.0,0.0,-2.782803,0.4094545,2.327097,1.16469,-0.2981684,-3.446973,0.08323862,0.2569056,-0.09474223,0.9581727,12.01651,29.15825,351.8422,0.3222695,-0.08425937,-0.9428902,0,0,0,1.625976,-0.4368184,-2.735873,0.05005401,0.04805388,0.8560705,0.8500469,-0.1387899,-0.5080922,0.2243278,0.9681905,0.1108343,0.4765473,-0.2081935,0.8541417,moving,3.815053093881012,-1.3228374314229019,3.346245526342558,3.212817369342803,0.4612860000000001,-0.13865,0.7110999999999996,0.06651839111991756,-0.02303468663938292,0.9975192586488258,3.7676848502661007,-1.2773397366894796,4.551447332676329,4.55981852786822,4.50989156639063
05/17/2023 16:15:17.627034,639,True,True,True,True,Eyes,1.172866,-0.3047247,-3.436517,0.5269943,-0.2360363,0.8164336,0.0,0.0,0.0,0.0,0.0,0.0,0.0,-2.781871,0.4015503,2.329747,1.164638,-0.2978908,-3.447122,0.08189656,0.2568134,-0.09470829,0.9583165,11.86523,29.15093,351.8074,0.3222321,-0.08420241,-0.942908,0,0,0,1.625989,-0.4337099,-2.735872,0.05003726,0.04863379,0.8557449,0.8501545,-0.1394567,-0.5077294,0.2235853,0.9686465,0.1083209,0.4767044,-0.2056103,0.8546797,moving,3.8091173371591056,-1.2846964623299888,3.3463981735950235,3.2527411719963517,0.46135099999999984,-0.13581909999999997,0.7112499999999997,0.06641605032974773,-0.022370800176327865,0.9975411800608567,3.7614755339027797,-1.238714936804039,4.552622801730464,4.560970215834615,4.510594993160037
05/17/2023 16:15:17.646856,640,True,True,True,True,Eyes,1.172816,-0.3045019,-3.436702,0.5272452,-0.2328377,0.8171897,0.0,0.0,0.0,0.0,0.0,0.0,0.0,-2.780852,0.3933675,2.332635,1.164613,-0.2975686,-3.447346,0.08038873,0.2567238,-0.09449411,0.9584893,11.69028,29.14647,351.7883,0.3221959,-0.08414473,-0.9429256,0,0,0,1.626001,-0.430903,-2.73587,0.0500299,0.04851297,0.855569,0.8503276,-0.1398678,-0.5073264,0.2224185,0.9692171,0.1055857,0.4769414,-0.2026212,0.8552611,moving,3.803332705415424,-1.2701480995182435,3.3465934046203825,3.245343396905996,0.46138800000000013,-0.13333439999999996,0.7114760000000002,0.06631570934675449,-0.02211765435370261,0.9975534759150244,3.755585623775684,-1.223968849322386,4.530236764249005,4.538532168352491,4.4879869195015
05/17/2023 16:15:17.667018,641,True,True,True,True,Eyes,1.172802,-0.3042872,-3.436916,0.5274544,-0.229592,0.8179728,0.0,0.0,0.0,0.0,0.0,0.0,0.0,-2.779625,0.3824573,2.336456,1.164608,-0.2973788,-3.447734,0.07844564,0.2565901,-0.09436049,0.958699,11.46887,29.13724,351.7475,0.3221607,-0.08408637,-0.9429428,0,0,0,1.626014,-0.4278368,-2.735869,0.05001807,0.04812738,0.8554815,0.8505152,-0.1406699,-0.5067897,0.2211834,0.9698848,0.1019876,0.477181,-0.1988355,0.8560156,moving,3.806171799461983,-1.297313785438525,3.3461453083368378,3.219931906454574,0.461406,-0.13045800000000002,0.711865,0.06636444533243768,-0.02259055179799463,0.9975397533173204,3.758619191208511,-1.2514739447042142,4.532295177507835,4.540609321827158,4.490390293708141
05/17/2023 16:15:17.687225,642,True,True,True,True,Eyes,1.172787,-0.3040666,-3.437132,0.5276557,-0.2263672,0.8187413,0.0,0.0,0.0,0.0,0.0,0.0,0.0,-2.778484,0.3743561,2.339494,1.164467,-0.2972362,-3.448044,0.07706901,0.2564506,-0.09436931,0.9588472,11.31465,29.12439,351.7064,0.322127,-0.08402756,-0.9429595,0,0,0,1.626027,-0.4246934,-2.735867,0.05005226,0.04888628,0.8553271,0.8506551,-0.1414427,-0.5063397,0.2205003,0.9703096,0.09939267,0.4772479,-0.1961969,0.8565869,moving,3.8029717793054982,-1.2588616164519209,3.349030441446604,3.2711853721684117,0.46155999999999997,-0.1274572,0.7121770000000001,0.06630971450788867,-0.021921159003119695,0.9975582428379121,3.755144117010989,-1.212544415692423,4.544411544914252,4.552734173804272,4.5020840871790675
05/17/2023 16:15:17.707208,643,True,True,True,True,Eyes,1.172779,-0.3038484,-3.437355,0.5278686,-0.2231274,0.8194931,0.0,0.0,0.0,0.0,0.0,0.0,0.0,-2.777307,0.3664205,2.342501,1.164442,-0.2968987,-3.448323,0.07568292,0.2563047,-0.0942715,0.9590063,11.15625,29.11209,351.677,0.3220947,-0.08396816,-0.9429759,0,0,0,1.626039,-0.421898,-2.735866,0.05009004,0.04901724,0.8552079,0.8508416,-0.1420182,-0.5058651,0.2196097,0.9707699,0.09683633,0.4773261,-0.1934852,0.85716,moving,3.8005150249695223,-1.2245394066125832,3.3520186449797547,3.2803855090941303,0.46159700000000004,-0.12499929999999998,0.7124569999999997,0.06626779967595753,-0.021323642528875947,0.9975740160207354,3.7524419567015714,-1.1777976119235096,4.518925468505034,4.52719532370971,4.476129529973061
05/17/2023 16:15:17.717175,644,True,True,True,True,Eyes,1.172765,-0.303624,-3.43758,0.5280643,-0.2199055,0.8202375,0.0,0.0,0.0,0.0,0.0,0.0,0.0,-2.776009,0.3587308,2.345493,1.164287,-0.2966473,-3.448578,0.07426619,0.2561671,-0.09409313,0.9591714,10.99218,29.10184,351.656,0.3220637,-0.08390827,-0.9429918,0,0,0,1.626051,-0.4189559,-2.735864,0.0502075,0.04930664,0.8550987,0.8510498,-0.1424537,-0.5053921,0.2185519,0.9712621,0.09426086,0.4774403,-0.1906751,0.8577259,moving,3.796234653953918,-1.1979111497776291,3.3602891521061573,3.300130839429699,0.46176399999999984,-0.12230859999999999,0.7127140000000001,0.0661939167572882,-0.020860117958333133,0.9975886482584312,3.747970562912358,-1.150831056812422,4.51085007567409,4.519118300869486,4.467813635111019
05/17/2023 16:15:17.727044,645,True,True,True,True,Eyes,1.172765,-0.3033998,-3.437814,0.5282493,-0.2166334,0.8209888,0.0,0.0,0.0,0.0,0.0,0.0,0.0,-2.773782,0.3517161,2.349429,1.16412,-0.2963725,-3.448822,0.07294205,0.2558369,-0.09391823,0.9593782,10.83688,29.0683,351.635,0.3220337,-0.08384779,-0.9430074,0,0,0,1.626065,-0.4156165,-2.735862,0.05061024,0.05013759,0.8548971,0.8514537,-0.1428837,-0.5045899,0.2175287,0.9717176,0.09190249,0.4771875,-0.1880135,0.8584539,moving,3.8120738101227425,-1.156928885104504,3.38797813572439,3.356410419256003,0.46194500000000005,-0.11924400000000002,0.7129599999999998,0.0664706688336413,-0.020146191269101915,0.9975849556973319,3.7635216668579896,-1.1094120556249125,4.524828166893431,4.533220578940404,4.481584911716814
05/17/2023 16:15:17.746949,646,True,True,True,True,Eyes,1.172762,-0.3031809,-3.438049,0.528416,-0.2133867,0.8217316,0.0,0.0,0.0,0.0,0.0,0.0,0.0,-2.771661,0.3432199,2.353436,1.164033,-0.2961228,-3.449044,0.07129754,0.2555504,-0.09363221,0.9596061,10.6431,29.04231,351.6183,0.322005,-0.08378674,-0.9430227,0,0,0,1.626076,-0.4129508,-2.735861,0.05102354,0.04973301,0.8548013,0.851854,-0.1432598,-0.5038069,0.2161403,0.9722993,0.08897959,0.477104,-0.1846906,0.8592213,moving,3.825764566581502,-1.1569609797966942,3.415962138594518,3.329759687980379,0.462043,-0.11682799999999999,0.7131830000000003,0.06670904540955461,-0.020146431004576,0.9975691453777897,3.777216279374629,-1.109495769989842,4.4969354888719195,4.505396806125069,4.453930126904684
05/17/2023 16:15:17.767030,647,True,True,True,True,Eyes,1.172754,-0.3029592,-3.438287,0.528603,-0.2101347,0.8224489,0.0,0.0,0.0,0.0,0.0,0.0,0.0,-2.769654,0.3367852,2.35702,1.163953,-0.2960553,-3.449278,0.070011,0.2552484,-0.09340336,0.9598035,10.49069,29.0128,351.6049,0.3219773,-0.08372533,-0.9430376,0,0,0,1.626089,-0.4099488,-2.735859,0.05131632,0.05044881,0.8545931,0.8522482,-0.1435574,-0.503055,0.2150381,0.9727486,0.0867115,0.476898,-0.1820757,0.8598935,moving,3.8384157095654743,-1.1154099525635588,3.4363515496472745,3.378395224337964,0.4621359999999999,-0.11389349999999998,0.713419,0.06693026121749243,-0.01942269549076961,0.997568551979026,3.7895744696105513,-1.0674891928827024,4.503212023755748,4.511755817488093,4.459894021439627
05/17/2023 16:15:17.777543,648,True,True,True,True,Eyes,1.172745,-0.3027312,-3.438521,0.5287682,-0.2068933,0.8231642,0.0,0.0,0.0,0.0,0.0,0.0,0.0,-2.767075,0.3314091,2.361094,1.163748,-0.2957832,-3.449566,0.06889709,0.2548422,-0.09314486,0.9600171,10.35574,28.9706,351.5987,0.3219503,-0.08366352,-0.9430522,0,0,0,1.626102,-0.4068962,-2.735858,0.05186462,0.0513234,0.8545008,0.8527589,-0.1437255,-0.5021406,0.2139571,0.9731545,0.08481026,0.4764709,-0.1797592,0.8606173,moving,3.8597846396937388,-1.056277047236632,3.473352793874801,3.437194862202709,0.46235399999999993,-0.11111299999999996,0.713708,0.06730362015428068,-0.018392668136056722,0.9975629702182893,3.8105273785353044,-1.007720566964526,4.501379918947859,4.510057579719295,4.457685483857057
05/17/2023 16:15:17.802249,649,True,True,True,True,Eyes,1.172752,-0.3025048,-3.438769,0.5289035,-0.2036178,0.8238937,0.0,0.0,0.0,0.0,0.0,0.0,0.0,-2.764553,0.3243051,2.365184,1.163716,-0.2954299,-3.449712,0.06746338,0.2544657,-0.09280556,0.9602516,10.18315,28.93396,351.5931,0.3219241,-0.08360118,-0.9430668,0,0,0,1.626115,-0.4038155,-2.735856,0.05234596,0.05153231,0.8542566,0.8532686,-0.1438991,-0.5012241,0.2125676,0.9736716,0.08233196,0.4761803,-0.1767953,0.8613918,moving,3.879183196530995,-1.0335380792074407,3.506507518226806,3.4521362585033346,0.462399,-0.10838559999999997,0.7138559999999998,0.06764184787446981,-0.017996351464171112,0.9975473229069813,3.8297689209270804,-0.9847789798814292,4.49232979112645,4.501128905640949,4.448675619449756
05/17/2023 16:15:17.817237,650,True,True,True,True,Eyes,1.172757,-0.3022782,-3.439013,0.5290205,-0.2003615,0.8246166,0.0,0.0,0.0,0.0,0.0,0.0,0.0,-2.761659,0.3177306,2.369749,1.16353,-0.2951855,-3.449998,0.0661068,0.2540149,-0.09249758,0.9604951,10.01942,28.88796,351.5854,0.3218987,-0.08353837,-0.943081,0,0,0,1.626128,-0.400813,-2.735855,0.05299962,0.05196765,0.854193,0.8538413,-0.1441027,-0.5001894,0.2112712,0.9741482,0.07999899,0.4757306,-0.173982,0.8622127,moving,3.9059017942866197,-1.0019927582690877,3.5504467052876754,3.4814867138463126,0.46259800000000006,-0.10562749999999999,0.714143,0.06810768827433517,-0.017446575283065202,0.997525396622501,3.8562696446090974,-0.9529518486814547,4.488569637019253,4.497547831560598,4.4449716573954134
05/17/2023 16:15:17.837292,651,True,True,True,True,Eyes,1.172779,-0.3020544,-3.439273,0.5291061,-0.1971103,0.8253449,0.0,0.0,0.0,0.0,0.0,0.0,0.0,-2.759471,0.3103159,2.373442,1.163517,-0.2949753,-3.450134,0.06472304,0.2536828,-0.09232295,0.9606938,9.85757,28.85515,351.5634,0.3218741,-0.08347514,-0.9430949,0,0,0,1.626141,-0.3977024,-2.735853,0.05334976,0.0525091,0.8539127,0.854243,-0.1445499,-0.4993738,0.2102264,0.9745748,0.07751655,0.4754721,-0.1711995,0.8629119,moving,3.9181677695482575,-0.9699687085253894,3.5750120894735717,3.518821432780656,0.46262400000000015,-0.10272710000000002,0.7142809999999997,0.06832189243438527,-0.016888782514161788,0.9975203393508743,3.8683105029005374,-0.92058611247795,4.4928039438335565,4.501887687787632,4.449085671485527
05/17/2023 16:15:17.847497,652,True,True,True,True,Eyes,1.172794,-0.30183,-3.439526,0.5291694,-0.1938934,0.826066,0.0,0.0,0.0,0.0,0.0,0.0,0.0,-2.756376,0.303709,2.378193,1.163302,-0.2947471,-3.450435,0.06349291,0.2531693,-0.09221803,0.9609215,9.713225,28.79957,351.5359,0.3218506,-0.08341157,-0.9431086,0,0,0,1.626154,-0.3946669,-2.735852,0.05409309,0.05332538,0.8538588,0.8548024,-0.1450796,-0.4982619,0.2093774,0.974929,0.07532984,0.4748411,-0.1687169,0.863748,moving,3.9494804627859437,-0.9194568270874514,3.624919567167026,3.573607585298729,0.46285200000000004,-0.0999198,0.7145830000000002,0.06886803383661685,-0.016008760923862497,0.9974972953873513,3.8992712867829984,-0.8695800603103983,4.4954693189720585,4.504771646689333,4.451649730173053
05/17/2023 16:15:17.867394,653,True,True,True,True,Eyes,1.172813,-0.3016054,-3.439782,0.5292374,-0.1906674,0.826773,0.0,0.0,0.0,0.0,0.0,0.0,0.0,-2.753809,0.2986373,2.381745,1.163084,-0.2945739,-3.450481,0.06236694,0.2528007,-0.09186684,0.9611259,9.574676,28.7632,351.5406,0.3218278,-0.08334769,-0.943122,0,0,0,1.626166,-0.3917699,-2.73585,0.05471417,0.05405953,0.8536239,0.8553045,-0.1450584,-0.4974054,0.208124,0.9753417,0.07343694,0.4744876,-0.1663329,0.8644043,moving,3.9613581970161165,-0.8674558409000837,3.6674330519377105,3.6236708459262834,0.463082,-0.097196,0.7146309999999998,0.0690757901507382,-0.015103219513986008,0.9974970197879707,3.910781343665008,-0.8169941545889625,4.491271080735691,4.500734485396061,4.447327741227046
05/17/2023 16:15:17.887207,654,True,True,True,True,Eyes,1.172824,-0.3013815,-3.440034,0.5292959,-0.1874771,0.8274649,0.0,0.0,0.0,0.0,0.0,0.0,0.0,-2.751733,0.2909424,2.385412,1.163027,-0.2943383,-3.45074,0.06108311,0.2524655,-0.09189706,0.9612935,9.429811,28.7282,351.4985,0.3218057,-0.08328351,-0.9431352,0,0,0,1.626178,-0.3888094,-2.735849,0.05504027,0.05472711,0.8535099,0.8556322,-0.1458373,-0.4966137,0.2075228,0.9756476,0.07103589,0.4741603,-0.1638393,0.86506,moving,3.9738192174701306,-0.820808981377138,3.6897223984189513,3.668786660698558,0.46315099999999987,-0.09447110000000003,0.7148910000000002,0.06929356080336654,-0.014290895440461485,0.9974939329399101,3.922913022114137,-0.7698293590418424,4.489027195758311,4.498575333585077,4.444737341809464
05/17/2023 16:15:17.902130,655,True,True,True,True,Eyes,1.17283,-0.3011576,-3.440281,0.5294232,-0.1842863,0.8281,0.0,0.0,0.0,0.0,0.0,0.0,0.0,-2.750127,0.2847574,2.388194,1.16292,-0.2941073,-3.450923,0.05994737,0.2522447,-0.09175181,0.9614368,9.297398,28.70789,351.4814,0.3217843,-0.08321911,-0.9431482,0,0,0,1.626192,-0.3855086,-2.735847,0.05517659,0.05586734,0.8533131,0.8559084,-0.1461843,-0.4960353,0.2066699,0.9759758,0.06898339,0.4740342,-0.161559,0.8655578,moving,3.97475939581614,-0.7649269237731771,3.6996862094158103,3.7458711436035785,0.46327200000000013,-0.09140129999999996,0.7150759999999998,0.06931085997715677,-0.013317991098422619,0.9975061959046969,3.923454949043271,-0.7132744807420861,4.509561299548827,4.519177409941582,4.464756672872055
05/17/2023 16:15:17.917400,656,True,True,True,True,Eyes,1.172825,-0.300936,-3.440532,0.5295371,-0.1811523,0.8287185,0.0,0.0,0.0,0.0,0.0,0.0,0.0,-2.74935,0.2774338,2.390123,1.162821,-0.2939136,-3.451093,0.05866717,0.2521985,-0.09164571,0.9615379,9.1516,28.7088,351.4576,0.3217632,-0.08315452,-0.9431611,0,0,0,1.626204,-0.3826888,-2.735846,0.05508816,0.0563393,0.8532148,0.8559939,-0.1466501,-0.4957501,0.2058332,0.9763185,0.06659558,0.4742437,-0.1590472,0.8659081,moving,3.957407644713986,-0.7280950329861061,3.6941976389630033,3.777858480856671,0.4633829999999999,-0.0887752,0.7152470000000002,0.06900934439355208,-0.012677019824503838,0.997535489027178,3.9058359489482797,-0.6759318838960806,4.504078420571788,4.51363451954625,4.458815917642023
05/17/2023 16:15:17.927047,657,True,True,True,True,Eyes,1.172817,-0.3007184,-3.440775,0.5296897,-0.1780297,0.8292974,0.0,0.0,0.0,0.0,0.0,0.0,0.0,-2.748036,0.2722268,2.39257,1.16257,-0.2937613,-3.451425,0.05776929,0.2520179,-0.09162571,0.9616417,9.049594,28.69136,351.4334,0.3217422,-0.08308983,-0.943174,0,0,0,1.626217,-0.379719,-2.735844,0.05519301,0.05772302,0.8532498,0.8561835,-0.1471044,-0.495288,0.20534,0.9765348,0.06492408,0.4741154,-0.1572893,0.8662995,moving,3.9544756849370244,-0.6458086890640141,3.701057926570592,3.8702075642578366,0.4636469999999999,-0.08595769999999997,0.7155809999999998,0.06895947576410638,-0.011244417262529068,0.9975560554664117,3.9023164202928244,-0.592638659330564,4.513542194671026,4.52312097566742,4.467381939871785
05/17/2023 16:15:17.947134,658,True,True,True,True,Eyes,1.172805,-0.3004924,-3.441017,0.529827,-0.1749394,0.8298672,0.0,0.0,0.0,0.0,0.0,0.0,0.0,-2.747171,0.2675221,2.394125,1.162468,-0.2936626,-3.451489,0.05686948,0.2519382,-0.09146041,0.9617319,8.94412,28.68724,351.4265,0.3217213,-0.08302516,-0.9431868,0,0,0,1.626229,-0.3768224,-2.735842,0.05513388,0.05894534,0.8530101,0.8563243,-0.1472656,-0.4949965,0.204576,0.9768017,0.06330164,0.4741913,-0.1554711,0.8665861,moving,3.9386532023199945,-0.5719868382837168,3.698139891834252,3.9530115459999786,0.46376099999999987,-0.0831598,0.7156470000000001,0.06868493238278148,-0.009959312279155322,0.9975886955051663,3.8859633147628982,-0.5178641366813815,4.521834273066208,4.531385773722081,4.474819215140668
05/17/2023 16:15:17.966918,659,True,True,True,True,Eyes,1.172777,-0.3002657,-3.441246,0.5300013,-0.1717886,0.8304139,0.0,0.0,0.0,0.0,0.0,0.0,0.0,-2.745487,0.2610969,2.397022,1.162381,-0.293255,-3.451732,0.05572348,0.2516997,-0.09131449,0.9618752,8.810431,28.66521,351.4091,0.3217002,-0.08296031,-0.9431997,0,0,0,1.626241,-0.3738521,-2.735841,0.05532351,0.05957827,0.8529665,0.8566179,-0.1476151,-0.4943842,0.2037175,0.9771131,0.06123039,0.4740307,-0.1531657,0.8670843,moving,3.9465923413553576,-0.5191811853619014,3.71101311662477,3.995524131290958,0.46385999999999994,-0.08059710000000003,0.7158909999999996,0.0688237606362265,-0.009039811009854112,0.997587849862684,3.893527994812218,-0.4644490870237489,4.511269803652487,4.520847450129042,4.463706171876038
05/17/2023 16:15:17.977342,660,True,True,True,True,Eyes,1.172741,-0.3000428,-3.44148,0.5301542,-0.1686943,0.8309506,0.0,0.0,0.0,0.0,0.0,0.0,0.0,-2.744079,0.2534658,2.399582,1.162305,-0.2931004,-3.451862,0.05431407,0.2515429,-0.09111876,0.9620155,8.646773,28.65461,351.3909,0.3216789,-0.08289529,-0.9432127,0,0,0,1.626255,-0.3707129,-2.735839,0.05539513,0.06015185,0.8528041,0.856847,-0.1479907,-0.4938744,0.20264,0.9774947,0.05866138,0.4740783,-0.1503425,0.8675523,moving,3.947580932415491,-0.5009677710241711,3.7165094415957802,4.034629633978881,0.4639500000000001,-0.07761250000000003,0.7160230000000003,0.06884117382286944,-0.00872268364786867,0.9975895698367934,3.8943869661194492,-0.44601893561509054,4.531838097732787,4.541479698747982,4.484177964570002
05/17/2023 16:15:18.002200,661,True,True,True,True,Eyes,1.172679,-0.2998197,-3.441694,0.5303547,-0.165595,0.8314459,0.0,0.0,0.0,0.0,0.0,0.0,0.0,-2.742472,0.2463662,2.402546,1.162099,-0.2929788,-3.452212,0.0533252,0.2512778,-0.09144477,0.962109,8.543798,28.62515,351.3247,0.321657,-0.08283024,-0.9432259,0,0,0,1.626267,-0.3678264,-2.735838,0.05559078,0.06152885,0.8528596,0.8569946,-0.1491608,-0.4932659,0.2027585,0.9775885,0.05665322,0.4737607,-0.1485654,0.8680317,moving,3.9616825516941927,-0.41614768545871234,3.729356774924381,4.1264074866508755,0.4641679999999999,-0.07484760000000001,0.7163739999999996,0.06908751133359406,-0.0072457293902402214,0.9975843381124394,3.907887460980971,-0.36022504378345066,4.538793481046761,4.54849236101494,4.490183144262087
05/17/2023 16:15:18.017452,662,True,True,True,True,Eyes,1.172612,-0.2995957,-3.441905,0.5305442,-0.1625489,0.831926,0.0,0.0,0.0,0.0,0.0,0.0,0.0,-2.742004,0.2393951,2.403922,1.162011,-0.2928719,-3.452347,0.052378,0.2512422,-0.09174961,0.9621413,8.446904,28.62313,351.2641,0.3216342,-0.08276521,-0.9432393,0,0,0,1.626279,-0.3648561,-2.735836,0.05536348,0.06299356,0.8526905,0.8569187,-0.1502331,-0.4930723,0.2028713,0.9776772,0.05468731,0.4738497,-0.1468928,0.8682679,moving,3.948221203803068,-0.3326674263811162,3.7148854261873074,4.225120896895704,0.4642680000000001,-0.0719842,0.7165110000000001,0.06885378680540566,-0.005792330475577659,0.9976100277518604,3.893827240659646,-0.27568405284891945,4.554124635987171,4.563757222389692,4.50436070587296
05/17/2023 16:15:18.027590,663,True,True,True,True,Eyes,1.172533,-0.2993739,-3.442113,0.5307488,-0.1594828,0.8323887,0.0,0.0,0.0,0.0,0.0,0.0,0.0,-2.741003,0.234725,2.405606,1.161861,-0.2926438,-3.452473,0.05151599,0.2511381,-0.09160347,0.962229,8.346001,28.61612,351.2559,0.3216104,-0.08270018,-0.9432532,0,0,0,1.626293,-0.3616339,-2.735835,0.05531242,0.06449959,0.8525301,0.8570769,-0.1504118,-0.4927428,0.2021623,0.9779099,0.0531301,0.4738666,-0.1451506,0.8685514,moving,3.940919781643469,-0.25485400402890845,3.7121652296950463,4.3265655614202725,0.46443199999999996,-0.0689901,0.7166380000000001,0.06872712764763067,-0.00443750943560637,0.99762562643523,3.885968988837576,-0.1969015348266981,4.577482937552227,4.5871269744490055,4.526804868505056
05/17/2023 16:15:18.047374,664,True,True,True,True,Eyes,1.172453,-0.2991584,-3.44232,0.5309299,-0.1564817,0.8328426,0.0,0.0,0.0,0.0,0.0,0.0,0.0,-2.739465,0.2309119,2.407964,1.16164,-0.2925303,-3.452723,0.05065947,0.2509322,-0.091307,0.9623564,8.240506,28.59814,351.2639,0.3215855,-0.08263523,-0.9432673,0,0,0,1.626305,-0.3587644,-2.735833,0.05548617,0.06573377,0.8525442,0.8573921,-0.1503156,-0.4922236,0.2011639,0.9781933,0.0516812,0.4737213,-0.1433287,0.8689332,moving,3.944632418827617,-0.1851102280209122,3.723731887656245,4.408957050864514,0.4646649999999999,-0.06623409999999996,0.7168900000000002,0.0687920871656578,-0.0032231234870278083,0.9976257503402963,3.8891852598405188,-0.12632754478580677,4.589666171718661,4.59937508881343,4.538301574588256
05/17/2023 16:15:18.067029,665,True,True,True,True,Eyes,1.172344,-0.2989404,-3.442507,0.5311791,-0.1534929,0.8332399,0.0,0.0,0.0,0.0,0.0,0.0,0.0,-2.737868,0.2283083,2.410259,1.161558,-0.292482,-3.452916,0.05001852,0.2506751,-0.09104762,0.9624814,8.159575,28.57272,351.2733,0.3215595,-0.08257053,-0.9432819,0,0,0,1.626318,-0.3557827,-2.735832,0.05559841,0.06748656,0.8523922,0.8577446,-0.1501865,-0.4916484,0.2003401,0.9784169,0.05063706,0.4734321,-0.1419306,0.8693203,moving,3.95699005293254,-0.09021426031668531,3.7319066495425286,4.526843396913214,0.46475999999999984,-0.06330069999999999,0.7170840000000003,0.06900753371927904,-0.0015707817803332982,0.9976149209558823,3.900869455365516,-0.030329296669038747,4.61276697495133,4.622540854191218,4.560303870235327
05/17/2023 16:15:18.077488,666,True,True,True,True,Eyes,1.172233,-0.2987238,-3.442696,0.5314091,-0.1505645,0.8336275,0.0,0.0,0.0,0.0,0.0,0.0,0.0,-2.736949,0.2260455,2.411597,1.161425,-0.2923357,-3.453031,0.04950374,0.2505603,-0.0908402,0.9625576,8.095431,28.56321,351.2814,0.3215321,-0.08250605,-0.9432968,0,0,0,1.62633,-0.352748,-2.73583,0.05552742,0.06941669,0.8522096,0.8579352,-0.1500705,-0.4913512,0.1996852,0.9785949,0.04977851,0.4733635,-0.1408223,0.8695378,moving,3.9511523235763573,0.015483114487185132,3.727951412882526,4.656743966650964,0.4649050000000001,-0.06041230000000003,0.7172010000000002,0.06890597373691354,0.00026958904076775786,0.9976231768981846,3.894276440897877,0.07666917526404501,4.6368505784742196,4.646624682967477,4.58309383600666
05/17/2023 16:15:18.102346,667,True,True,True,True,Eyes,1.172107,-0.2985077,-3.442874,0.5316733,-0.1475996,0.8339891,0.0,0.0,0.0,0.0,0.0,0.0,0.0,-2.735736,0.2221013,2.413576,1.161263,-0.2921663,-3.453264,0.04878162,0.2503894,-0.09074724,0.9626478,8.011004,28.54725,351.2706,0.3215033,-0.0824418,-0.9433123,0,0,0,1.626344,-0.3496025,-2.735829,0.05552784,0.07117879,0.8521523,0.8581402,-0.1502865,-0.4909271,0.1991441,0.9787706,0.04847473,0.4732199,-0.1393633,0.869851,moving,3.9568271046923624,0.10572163015370405,3.728229498936266,4.774732370488644,0.4650810000000001,-0.05743619999999999,0.717435,0.06900466201762492,0.0018407911423662798,0.9976146184171839,3.899309225652396,0.16797860978174228,4.66479589752089,4.6746035295755775,4.609929336191657
05/17/2023 16:15:18.117014,668,True,True,True,True,Eyes,1.171981,-0.2982897,-3.443052,0.5319078,-0.144682,0.8343508,0.0,0.0,0.0,0.0,0.0,0.0,0.0,-2.733819,0.2182269,2.416293,1.161175,-0.2920586,-3.453438,0.04797427,0.2500824,-0.09054708,0.9627869,7.912838,28.51637,351.2684,0.3214729,-0.08237781,-0.9433282,0,0,0,1.626356,-0.3467093,-2.735827,0.05578321,0.0725576,0.8520384,0.8585201,-0.15036,-0.4902399,0.1983501,0.9789994,0.04708955,0.4728642,-0.1376665,0.8703145,moving,3.9781578821986794,0.18089275055355927,3.7458260135754102,4.867431497211783,0.46518099999999984,-0.054650699999999997,0.7176109999999998,0.06937583794635038,0.0031495620166457974,0.9975856452725373,3.920109601742018,0.24397970357854964,4.682379174812035,4.692294057399516,4.626735485972219
05/17/2023 16:15:18.127139,669,True,True,True,True,Eyes,1.171816,-0.2980668,-3.44321,0.532204,-0.1417136,0.8346713,0.0,0.0,0.0,0.0,0.0,0.0,0.0,-2.731726,0.2135398,2.419268,1.161059,-0.2918101,-3.453632,0.04710897,0.2497468,-0.09043267,0.9629274,7.810411,28.4818,351.2548,0.3214412,-0.08231399,-0.9433446,0,0,0,1.626369,-0.3436222,-2.735826,0.05609381,0.07395221,0.8519559,0.858897,-0.1506296,-0.4894965,0.1976908,0.9792053,0.0455545,0.4724557,-0.1358956,0.8708146,moving,4.007478635428947,0.25663534145735895,3.7669865318892564,4.961002601581999,0.4653099999999999,-0.05181209999999997,0.7178059999999999,0.06988598511150199,0.004468165250251906,0.9975449892956915,3.9488979951825547,0.32052928563488225,4.7004698226625266,4.710510351331112,4.644037508084397
05/17/2023 16:15:18.147075,670,True,True,True,True,Eyes,1.171655,-0.2978473,-3.443368,0.5324773,-0.1387863,0.8349888,0.0,0.0,0.0,0.0,0.0,0.0,0.0,-2.729021,0.2082586,2.423005,1.160891,-0.2916583,-3.453859,0.04611244,0.2493028,-0.0903154,0.9631017,7.692341,28.43513,351.2372,0.3214074,-0.08225027,-0.9433616,0,0,0,1.626381,-0.3407035,-2.735824,0.05665192,0.07508829,0.8519471,0.8593825,-0.1509739,-0.4885372,0.1969578,0.9794335,0.04379018,0.4718785,-0.1338537,0.8714435,moving,4.050330083810797,0.316369998619649,3.804396133149266,5.0368779360448555,0.4654900000000002,-0.04904520000000001,0.718035,0.07063166149124378,0.005507879532270138,0.997487263009641,3.9913348227219183,0.3808265581290293,4.7166541251583975,4.726910057890076,4.659802625374921
05/17/2023 16:15:18.166954,671,True,True,True,True,Eyes,1.17148,-0.2976258,-3.443515,0.532719,-0.135838,0.8353193,0.0,0.0,0.0,0.0,0.0,0.0,0.0,-2.727463,0.2031375,2.42536,1.160833,-0.2915365,-3.454007,0.04515978,0.2490737,-0.09018312,0.9632186,7.580668,28.41394,351.2242,0.3213719,-0.08218674,-0.9433792,0,0,0,1.626394,-0.3376995,-2.735822,0.05675277,0.07634882,0.8518317,0.8596586,-0.1512359,-0.4879701,0.1962283,0.9796552,0.04207299,0.4716795,-0.1319219,0.8718458,moving,4.065153768716239,0.3793684611666533,3.81166344541409,5.12167769281988,0.4655609999999999,-0.04616300000000001,0.7181849999999996,0.07088925392143042,0.006604522158309124,0.9974622409510115,4.0057131866738604,0.4445320184996017,4.738759736396777,4.749079299467555,4.681169401003971
05/17/2023 16:15:18.177294,672,True,True,True,True,Eyes,1.171309,-0.2974017,-3.44366,0.5329463,-0.1329198,0.8356439,0.0,0.0,0.0,0.0,0.0,0.0,0.0,-2.725815,0.2003633,2.427641,1.160767,-0.2913714,-3.454182,0.04459852,0.248796,-0.09005118,0.9633288,7.512057,28.3849,351.2215,0.3213346,-0.08212334,-0.9433975,0,0,0,1.626406,-0.3347453,-2.735821,0.05689183,0.07815996,0.8517032,0.8599827,-0.1513059,-0.4873769,0.1956897,0.9798035,0.04111735,0.4713123,-0.1307348,0.8722231,moving,4.080907311519846,0.4834457131402174,3.8215502216349497,5.243291026612768,0.4656389999999999,-0.04337390000000002,0.7183609999999998,0.07116254811869091,0.008416228377688809,0.9974293049475186,4.02072871794896,0.5498099640998906,4.756531676073412,4.766906072942928,4.697705456662957
05/17/2023 16:15:18.203096,673,True,True,True,True,Eyes,1.171109,-0.2971822,-3.443791,0.5332125,-0.1299602,0.8359394,0.0,0.0,0.0,0.0,0.0,0.0,0.0,-2.724506,0.1947082,2.429653,1.16071,-0.2911053,-3.454282,0.04353341,0.2486395,-0.08983295,0.9634384,7.38613,28.37363,351.2156,0.3212957,-0.08206,-0.9434162,0,0,0,1.626419,-0.3316918,-2.735819,0.05692452,0.07908907,0.8516021,0.8602169,-0.1514488,-0.4869191,0.1947453,0.9800698,0.03921147,0.4712762,-0.1285556,0.8725665,moving,4.090322989006051,0.5312857571032289,3.824192166630298,5.3058921958071,0.46570900000000015,-0.04058649999999997,0.7184630000000003,0.07132592552849493,0.009248935793533829,0.9974101331683175,4.029805737889572,0.5981937809296988,4.771616558147464,4.78201759293406,4.712186467673493
05/17/2023 16:15:18.216949,674,True,True,True,True,Eyes,1.170916,-0.2969629,-3.44392,0.5334604,-0.1270594,0.8362272,0.0,0.0,0.0,0.0,0.0,0.0,0.0,-2.722673,0.1916655,2.432122,1.16048,-0.2911436,-3.454479,0.04284162,0.2483595,-0.0896294,0.9635605,7.300982,28.34558,351.2175,0.3212549,-0.08199689,-0.9434355,0,0,0,1.626432,-0.3286506,-2.735818,0.05718017,0.0809693,0.8515666,0.8605683,-0.1514464,-0.4862986,0.1940069,0.9802623,0.03804037,0.4709391,-0.1270816,0.8729643,moving,4.109906816358528,0.6177503957846804,3.841475099455158,5.431511671869649,0.46595200000000014,-0.03750700000000001,0.718661,0.07166576375980235,0.010753846964270189,0.9973707397936604,4.048778165792765,0.6856316152633333,4.810688894945522,4.821239800069571,4.75040546406373
05/17/2023 16:15:18.237334,675,True,True,True,True,Eyes,1.170723,-0.2967417,-3.444052,0.533702,-0.1241034,0.836517,0.0,0.0,0.0,0.0,0.0,0.0,0.0,-2.72161,0.1866283,2.433815,1.160449,-0.29094,-3.454585,0.04205965,0.2482076,-0.08968998,0.9636285,7.214436,28.33149,351.1882,0.3212125,-0.08193398,-0.9434555,0,0,0,1.626445,-0.3255334,-2.735816,0.05708626,0.08262625,0.851405,0.8606975,-0.1519766,-0.4859044,0.1937347,0.9803734,0.0365363,0.4708151,-0.1255832,0.873248,moving,4.11478745826976,0.7061241334785107,3.835910646705146,5.5430219754424614,0.46599599999999985,-0.034593399999999996,0.718769,0.07174945622716775,0.012292117631454609,0.9973470255431658,4.053029898862677,0.775056674149626,4.834398790922706,4.844930650651665,4.772906230378921
05/17/2023 16:15:18.246790,676,True,True,True,True,Eyes,1.170538,-0.2965221,-3.444181,0.533929,-0.121192,0.8367988,0.0,0.0,0.0,0.0,0.0,0.0,0.0,-2.720481,0.180986,2.435717,1.160312,-0.2907331,-3.4548,0.04099756,0.2480873,-0.08948244,0.9637245,7.0895,28.32459,351.1816,0.3211687,-0.0818712,-0.9434758,0,0,0,1.626458,-0.3226247,-2.735815,0.05707592,0.08349876,0.8514804,0.8608911,-0.1521309,-0.4855129,0.1928148,0.9806242,0.03462178,0.4708386,-0.1234196,0.8735437,moving,4.118616703431845,0.7512213917619154,3.8348793227424642,5.600691602301678,0.46614599999999995,-0.031891599999999964,0.718985,0.07181538718646863,0.013077057317111625,0.9973321664930006,4.056538565503942,0.8206854140482993,4.8472303466249915,4.857763706080509,4.785142837956061
05/17/2023 16:15:18.267055,677,True,True,True,True,Eyes,1.170365,-0.2963027,-3.444314,0.5340937,-0.1182055,0.8371209,0.0,0.0,0.0,0.0,0.0,0.0,0.0,-2.719441,0.1758277,2.437286,1.160308,-0.2905698,-3.454836,0.04008242,0.2479608,-0.08937681,0.9638053,6.983714,28.31548,351.1676,0.3211238,-0.0818086,-0.9434966,0,0,0,1.62647,-0.3196804,-2.735813,0.05700287,0.08471055,0.8513066,0.8610545,-0.1524059,-0.4851368,0.1921614,0.9808104,0.03293941,0.470807,-0.1215872,0.8738177,moving,4.116701693239868,0.8197123682454912,3.830765366317141,5.682596913271667,0.4661620000000002,-0.029110599999999986,0.719023,0.07178088673975605,0.014269287961813718,0.9973183611799529,4.054134631996834,0.8900125007991133,4.860771000718017,4.871283781644065,4.797786904347167
05/17/2023 16:15:18.287123,678,True,True,True,True,Eyes,1.170198,-0.296088,-3.444437,0.5342422,-0.11526,0.8374368,0.0,0.0,0.0,0.0,0.0,0.0,0.0,-2.717583,0.1694259,2.439925,1.160208,-0.2903444,-3.454969,0.03893658,0.2477006,-0.08924776,0.9639312,6.850425,28.29207,351.1489,0.3210782,-0.08174612,-0.9435175,0,0,0,1.626483,-0.3165636,-2.735812,0.05721623,0.08568481,0.8512768,0.8613585,-0.1527682,-0.4844826,0.1913466,0.9810376,0.03085091,0.4705826,-0.1192778,0.8742567,moving,4.132698372155154,0.8609468194932328,3.845195070037122,5.7477174828654185,0.466275,-0.026219199999999998,0.719157,0.07205857240072458,0.01498673012931278,0.9972877969366116,4.069841502055004,0.9316861513128498,4.884591761971242,4.895220696263224,4.821267862908509
05/17/2023 16:15:18.302752,679,True,True,True,True,Eyes,1.170042,-0.2958737,-3.444561,0.5343825,-0.1122506,0.837756,0.0,0.0,0.0,0.0,0.0,0.0,0.0,-2.716044,0.1645753,2.441765,1.160166,-0.2902598,-3.454846,0.03799305,0.2475014,-0.08905472,0.9640378,6.73837,28.27518,351.1435,0.3210321,-0.0816839,-0.9435385,0,0,0,1.626495,-0.3137329,-2.73581,0.05739874,0.0867828,0.8509994,0.8616246,-0.1528976,-0.4839684,0.1905109,0.9812515,0.02917114,0.4704346,-0.1173358,0.8745992,moving,4.13817267753287,0.9247923421471138,3.8586772195272045,5.822752211293943,0.466329,-0.02347309999999997,0.719036,0.0721526104348934,0.016097903036591955,0.9972636699328142,4.074861969013219,0.9962839093991143,4.895214161076594,4.905927903141119,4.8313074953997575
05/17/2023 16:15:18.317244,680,True,True,True,True,Eyes,1.169887,-0.2956612,-3.444688,0.5345001,-0.1092812,0.8380736,0.0,0.0,0.0,0.0,0.0,0.0,0.0,-2.71428,0.1595754,2.444078,1.160086,-0.2900582,-3.454905,0.0370746,0.2472456,-0.08891971,0.9641518,6.630219,28.25111,351.1318,0.320986,-0.08162193,-0.9435596,0,0,0,1.626509,-0.3105031,-2.735809,0.05757195,0.08825053,0.850861,0.8619258,-0.1531311,-0.4833578,0.1897972,0.9814376,0.02752106,0.4701712,-0.1154611,0.8749902,moving,4.149273393809691,0.9914937934688896,3.8709136900680043,5.921492993419703,0.46642300000000003,-0.020444899999999988,0.719096,0.0723444266858782,0.01725862695354207,0.9972304248836276,4.085489971603679,1.0637511071699484,4.927020390833962,4.937851378502883,4.862478710906918
05/17/2023 16:15:18.337056,681,True,True,True,True,Eyes,1.169762,-0.2954538,-3.44483,0.5345841,-0.1062613,0.8384083,0.0,0.0,0.0,0.0,0.0,0.0,0.0,-2.712243,0.1547959,2.446813,1.159951,-0.2899081,-3.455081,0.03612146,0.246939,-0.08870219,0.9642864,6.515439,28.2218,351.1281,0.3209397,-0.08156022,-0.9435807,0,0,0,1.62652,-0.3077778,-2.735807,0.05790737,0.08919368,0.8509132,0.8623061,-0.153229,-0.482648,0.1889082,0.9816543,0.0258548,0.4698318,-0.1134709,0.8754327,moving,4.164118736477297,1.0543542440070144,3.8931587547801554,5.98395581217365,0.466569,-0.01786969999999999,0.719274,0.07260139260885243,0.0183523560760354,0.9971922232835071,4.099890983233076,1.127316804132413,4.9261006243048575,4.937042731489395,4.8610369952006005
05/17/2023 16:15:18.347198,682,True,True,True,True,Eyes,1.169639,-0.2952445,-3.444973,0.534648,-0.1032706,0.8387411,0.0,0.0,0.0,0.0,0.0,0.0,0.0,-2.710117,0.1499835,2.449758,1.160007,-0.2897658,-3.455281,0.03520398,0.2465742,-0.08854775,0.964428,6.40586,28.18503,351.118,0.3208941,-0.08149882,-0.9436015,0,0,0,1.626534,-0.3046253,-2.735806,0.05808973,0.09062769,0.8508372,0.8627209,-0.1534351,-0.4818405,0.1881566,0.98184,0.02423622,0.4693716,-0.1115706,0.8759238,moving,4.184699304849991,1.1220635914642203,3.905728847452098,6.079986896237051,0.4665269999999999,-0.01485949999999997,0.7194749999999996,0.07295794354685883,0.019530264784807575,0.9971437412872923,4.119994162075154,1.1957686226774302,4.954722429178124,4.965765601809084,4.888915807090998
05/17/2023 16:15:18.367251,683,True,True,True,True,Eyes,1.169493,-0.2950277,-3.445101,0.5348348,-0.1002703,0.838986,0.0,0.0,0.0,0.0,0.0,0.0,0.0,-2.707985,0.1439213,2.452676,1.159905,-0.2895283,-3.455475,0.03408674,0.2462558,-0.08837813,0.964565,6.274101,28.15514,351.1046,0.3208489,-0.08143765,-0.9436222,0,0,0,1.626546,-0.3015788,-2.735804,0.05838576,0.09155741,0.850902,0.8630947,-0.1537048,-0.4810845,0.187281,0.9820548,0.02223047,0.4690344,-0.109285,0.8763924,moving,4.210287278797105,1.168889995080521,3.925272671829442,6.141421019063011,0.4666410000000001,-0.012050499999999964,0.719671,0.07340206187398324,0.020344533666114654,0.997094850960372,4.145254991485811,1.2430660138710925,4.969529272168016,4.980692533238051,4.903292157097119
05/17/2023 16:15:18.376933,684,True,True,True,True,Eyes,1.169349,-0.2948124,-3.44523,0.5349948,-0.09729803,0.839234,0.0,0.0,0.0,0.0,0.0,0.0,0.0,-2.705893,0.1388453,2.455353,1.159858,-0.2892793,-3.455567,0.03312193,0.2459351,-0.08818585,0.964698,6.158618,28.12422,351.0979,0.3208037,-0.08137655,-0.9436428,0,0,0,1.626559,-0.2985488,-2.735802,0.05867565,0.0926818,0.8508373,0.8634784,-0.1538537,-0.4803479,0.1864371,0.9822524,0.02052934,0.4686643,-0.1072813,0.8768377,moving,4.2333511052705095,1.2296092199798454,3.944999608245151,6.216724106189256,0.46670100000000003,-0.009269499999999986,0.7197649999999998,0.07380180406963935,0.02140056218183094,0.9970433085274123,4.167891933593917,1.304433816185774,4.984161077941216,4.995444071760614,4.91734449494459
05/17/2023 16:15:18.402765,685,True,True,True,True,Eyes,1.169212,-0.2945964,-3.445358,0.5352257,-0.0942768,0.8394316,0.0,0.0,0.0,0.0,0.0,0.0,0.0,-2.703652,0.1347876,2.458241,1.159758,-0.2891195,-3.455753,0.03210796,0.2455992,-0.08769335,0.9648628,6.029147,28.09354,351.1234,0.3207586,-0.08131552,-0.9436634,0,0,0,1.626571,-0.2957213,-2.735801,0.05906349,0.09346765,0.8509194,0.8639818,-0.1534527,-0.4795703,0.1849955,0.9825579,0.01888473,0.4683077,-0.1050344,0.8773002,moving,4.263546230376149,1.2775721422170996,3.970610587411851,6.268417785582035,0.4668129999999999,-0.0066018000000000465,0.7199520000000001,0.07432588826467976,0.02223432289896701,0.9969861449670105,4.197753030140533,1.352864241149974,4.988019817153353,4.999435120772512,4.920798749945719
05/17/2023 16:15:18.417116,686,True,True,True,True,Eyes,1.169075,-0.2943798,-3.445491,0.5354344,-0.09129517,0.839628,0.0,0.0,0.0,0.0,0.0,0.0,0.0,-2.701757,0.1286271,2.460897,1.159867,-0.2889455,-3.455903,0.0308184,0.245318,-0.08728341,0.9650136,5.871901,28.07061,351.1326,0.3207137,-0.08125454,-0.9436839,0,0,0,1.626584,-0.292774,-2.7358,0.05919576,0.09391089,0.8509202,0.8644015,-0.1533387,-0.4788502,0.18358,0.9828637,0.01665596,0.4680904,-0.1023047,0.8777387,moving,4.289293216301403,1.2957059306616172,3.9794703226795485,6.297899546768528,0.46671700000000005,-0.003828499999999957,0.7201030000000004,0.07477336530589174,0.0225491047354346,0.9969455676561036,4.223377523546993,1.3711211562807462,5.000318255047132,5.011779244782531,4.93281218288436
05/17/2023 16:15:18.427025,687,True,True,True,True,Eyes,1.168931,-0.2941566,-3.445611,0.535733,-0.08828719,0.8397592,0.0,0.0,0.0,0.0,0.0,0.0,0.0,-2.700056,0.1232747,2.463322,1.159723,-0.2887323,-3.456172,0.02982904,0.2450741,-0.08711887,0.9651214,5.755204,28.04892,351.1228,0.320669,-0.08119359,-0.9437044,0,0,0,1.626597,-0.2896602,-2.735798,0.05932844,0.09514008,0.8510817,0.8646981,-0.1535399,-0.4782498,0.1827812,0.983041,0.01487614,0.4678551,-0.1002784,0.8780978,moving,4.313240516565751,1.3575453366713282,3.9876066778814043,6.378456183358293,0.466874,-0.0009278999999999815,0.7203740000000001,0.07518817410318412,0.02362435710750159,0.996889471013724,4.246890185388112,1.4336193912382038,5.019957570849675,5.031459343696928,4.951629917306974
05/17/2023 16:15:18.447033,688,True,True,True,True,Eyes,1.168788,-0.2939344,-3.445735,0.5360128,-0.08528045,0.8398914,0.0,0.0,0.0,0.0,0.0,0.0,0.0,-2.698237,0.1169002,2.465528,1.159723,-0.2884425,-3.456128,0.02867402,0.2448287,-0.08693103,0.9652357,5.619453,28.0283,351.1111,0.3206244,-0.08113251,-0.9437248,0,0,0,1.626609,-0.2867358,-2.735796,0.05955052,0.09579671,0.8509642,0.8650038,-0.1537774,-0.47762,0.1818583,0.9832416,0.01278796,0.4676494,-0.0979208,0.8784735,moving,4.338045356140228,1.4003067815312826,4.003035645269827,6.42299128875866,0.4668859999999999,0.0017067000000000054,0.720332,0.07561839912207355,0.024367562594936797,0.9968390644017712,4.27139666056965,1.4768055561141535,5.0222820198974585,5.033844571052963,4.953460501139464
05/17/2023 16:15:18.466949,689,True,True,True,True,Eyes,1.168676,-0.2937157,-3.445872,0.5362704,-0.08226985,0.8400272,0.0,0.0,0.0,0.0,0.0,0.0,0.0,-2.696516,0.109145,2.468031,1.159608,-0.2882753,-3.456369,0.02721547,0.2446193,-0.08665691,0.9653556,5.447931,28.01444,351.101,0.3205799,-0.08107133,-0.9437451,0,0,0,1.626622,-0.2837268,-2.735795,0.05968961,0.09614079,0.8512016,0.8653039,-0.1539946,-0.477006,0.1806243,0.9834998,0.0101493,0.4675723,-0.09494112,0.8788415,moving,4.360452388226251,1.406626059443062,4.011239497112383,6.444084762784165,0.46701400000000004,0.004548500000000011,0.720574,0.0760080279842055,0.024476777906533867,0.9968067184265407,4.293764565708076,1.4831174682544774,5.037928433766928,5.049548477951977,4.969005626056204
05/17/2023 16:15:18.477135,690,True,True,True,True,Eyes,1.168562,-0.2934893,-3.446013,0.5365078,-0.07927339,0.8401638,0.0,0.0,0.0,0.0,0.0,0.0,0.0,-2.694942,0.1032648,2.470159,1.159617,-0.2880694,-3.456496,0.02621142,0.2443859,-0.08658977,0.9654486,5.33243,27.9938,351.08,0.320536,-0.08101012,-0.9437653,0,0,0,1.626635,-0.2806762,-2.735793,0.05972916,0.09731265,0.8511961,0.8655555,-0.1543845,-0.4764234,0.1800074,0.9836304,0.008288903,0.4673448,-0.09293421,0.879177,moving,4.379788630326281,1.4691373185154712,4.0139144881745725,6.522000761473074,0.46701800000000016,0.007393199999999989,0.7207029999999999,0.07634235480433263,0.025563653327696525,0.996753954165642,4.31266015669419,1.5463129424135946,5.054477917606849,5.066092464718011,4.984648257118662
05/17/2023 16:15:18.503025,691,True,True,True,True,Eyes,1.168433,-0.2932582,-3.446146,0.5367681,-0.07604318,0.840296,0.0,0.0,0.0,0.0,0.0,0.0,0.0,-2.693075,0.09505908,2.47275,1.159486,-0.287684,-3.456734,0.02485305,0.2441428,-0.08652817,0.9655515,5.177658,27.97445,351.0487,0.3204928,-0.08094864,-0.9437853,0,0,0,1.626647,-0.2777357,-2.735792,0.05993316,0.09765702,0.8514506,0.8658143,-0.1549594,-0.4757659,0.1792302,0.9837905,0.005743343,0.4671639,-0.09024426,0.8795532,moving,4.402782956007403,1.5069460492324787,4.026378750833043,6.542941606438206,0.46716099999999994,0.009948300000000021,0.720942,0.07674105970442152,0.02622058530898392,0.9967061837269895,4.335390956606945,1.5844932255940911,5.038432272974,5.050042710499464,4.968067923127951
05/17/2023 16:15:18.516844,692,True,True,True,True,Eyes,1.168304,-0.2930219,-3.446281,0.5370106,-0.0727931,0.8404289,0.0,0.0,0.0,0.0,0.0,0.0,0.0,-2.691177,0.08654349,2.475409,1.159516,-0.2874845,-3.456942,0.02330187,0.2438855,-0.08629066,0.9656764,4.99646,27.9557,351.0319,0.3204498,-0.08088684,-0.9438052,0,0,0,1.62666,-0.2746032,-2.73579,0.06003231,0.0979397,0.8516186,0.8661476,-0.1552917,-0.4750503,0.1780237,0.9840218,0.00291405,0.4670074,-0.0870942,0.8799538,moving,4.42853036390919,1.5184415721948823,4.032224825324926,6.5604328527744356,0.467144,0.012881299999999984,0.721152,0.07718854527953242,0.02641964370027201,0.9966663869016356,4.361063210232424,1.5960315309350817,5.045924067305446,5.057542303664183,4.975280410958652
05/17/2023 16:15:18.527535,693,True,True,True,True,Eyes,1.168182,-0.2927893,-3.446423,0.5373009,-0.0693075,0.840538,0.0,0.0,0.0,0.0,0.0,0.0,0.0,-2.689019,0.07630065,2.478293,1.159388,-0.2871569,-3.457159,0.02145329,0.243633,-0.08600489,0.9658085,4.780966,27.93993,351.0125,0.3204069,-0.0808246,-0.943825,0,0,0,1.626673,-0.2715663,-2.735789,0.06032929,0.09752236,0.8519524,0.8664923,-0.155675,-0.4742957,0.1765819,0.9842859,-0.0004676981,0.4669153,-0.08334678,0.8803655,moving,4.457508870132522,1.5096744837474123,4.050523614192331,6.530182293311763,0.46728499999999995,0.01559060000000001,0.7213699999999998,0.07769293260001009,0.026266106230986574,0.9966312337211454,4.390111912911959,1.58704989621697,5.025316948062251,5.036976837791627,4.954783356296762
05/17/2023 16:15:18.547228,694,True,True,True,True,Eyes,1.168058,-0.2925592,-3.44657,0.5375606,-0.06585926,0.8406492,0.0,0.0,0.0,0.0,0.0,0.0,0.0,-2.687256,0.0677623,2.480745,1.159346,-0.2870627,-3.457391,0.01989775,0.2434093,-0.08578523,0.9659178,4.600119,27.92539,350.9938,0.3203644,-0.08076204,-0.9438448,0,0,0,1.626686,-0.2685854,-2.735787,0.06042001,0.09776898,0.8522031,0.8667857,-0.1560363,-0.4736404,0.1754095,0.98449,-0.003322665,0.4668127,-0.08020101,0.880712,moving,4.478703065487328,1.5324936409451957,4.05540487685284,6.5446438638146445,0.4673400000000001,0.01847730000000003,0.7216039999999997,0.07806077074954249,0.026662263474007436,0.9965919716901082,4.411148997715372,1.6100659236612227,5.018366810640314,5.029993162332481,4.94738449354576
05/17/2023 16:15:18.567169,695,True,True,True,True,Eyes,1.167918,-0.2923188,-3.446699,0.5378847,-0.06228755,0.8407142,0.0,0.0,0.0,0.0,0.0,0.0,0.0,-2.684985,0.06103392,2.483692,1.15918,-0.2869162,-3.457684,0.01865091,0.2430771,-0.08559053,0.9660435,4.453235,27.89585,350.9803,0.3203219,-0.08069927,-0.9438646,0,0,0,1.626698,-0.2655406,-2.735785,0.06073761,0.09857464,0.8525032,0.8671755,-0.1563011,-0.4728387,0.1744356,0.9846528,-0.005575007,0.4664534,-0.07764538,0.8811314,moving,4.512942190615824,1.5984171212033638,4.075220340142636,6.595798817347681,0.4675179999999999,0.021375599999999995,0.7218990000000001,0.07865385571435601,0.02780760775747589,0.9965141059678003,4.444927087166232,1.676659149970536,5.004872853257263,5.016515148520926,4.933013089984467
05/17/2023 16:15:18.577117,696,True,True,True,True,Eyes,1.167779,-0.2920724,-3.446833,0.5381899,-0.05873454,0.8407747,0.0,0.0,0.0,0.0,0.0,0.0,0.0,-2.683681,0.05424052,2.485203,1.159167,-0.2865703,-3.457676,0.01747094,0.2429363,-0.08542754,0.9661155,4.316436,27.88839,350.9659,0.3202794,-0.08063605,-0.9438844,0,0,0,1.626712,-0.2623515,-2.735784,0.06072354,0.09940092,0.8524939,0.8673681,-0.1565771,-0.472394,0.1735544,0.9847938,-0.007749017,0.4664241,-0.07526479,0.8813534,moving,4.523140550056193,1.6697944143890462,4.074323783304027,6.6506652945309135,0.4675449999999999,0.024218799999999985,0.721892,0.07882845175360814,0.029048612436787014,0.9964649838909233,4.454619149959666,1.7488621578265566,4.989518365859913,5.001051011013893,4.91653318476591
05/17/2023 16:15:18.602944,697,True,True,True,True,Eyes,1.167613,-0.2918189,-3.446956,0.5385239,-0.05505838,0.8408095,0.0,0.0,0.0,0.0,0.0,0.0,0.0,-2.682148,0.0461373,2.48726,1.159057,-0.2862099,-3.457915,0.01596337,0.2427761,-0.08509463,0.9662111,4.138396,27.88176,350.9615,0.3202368,-0.08057228,-0.9439043,0,0,0,1.626723,-0.2596223,-2.735782,0.06085137,0.0991558,0.8528541,0.8676373,-0.1566877,-0.4718626,0.1721898,0.9850082,-0.0104699,0.466429,-0.07216585,0.8816099,moving,4.540208319832958,1.706838524323983,4.0811531666384235,6.631634256366615,0.4676659999999999,0.026587600000000045,0.7221329999999999,0.07912378003358994,0.02969216290009514,0.9964225179436657,4.471427276391104,1.78629074339695,4.934753774073729,4.9461444212659,4.861035655024602
05/17/2023 16:15:18.617155,698,True,True,True,True,Eyes,1.167446,-0.2915661,-3.447082,0.5388343,-0.05139931,0.8408422,0.0,0.0,0.0,0.0,0.0,0.0,0.0,-2.680579,0.03722782,2.489452,1.158998,-0.2859796,-3.458208,0.01431633,0.2426021,-0.08478007,0.9663083,3.945274,27.87456,350.9513,0.3201935,-0.08050784,-0.9439245,0,0,0,1.626736,-0.2565781,-2.735781,0.0608747,0.0991242,0.853237,0.8679131,-0.156901,-0.4712844,0.1707937,0.9852148,-0.01346768,0.4664294,-0.06880362,0.8818785,moving,4.559033831301551,1.728377542741018,4.080886589651982,6.62659101670867,0.467738,0.029401500000000025,0.7224270000000002,0.07945027398982277,0.030065957438029756,0.9963852615289344,4.490104178553221,1.8080200022670079,4.910224607043241,4.921495709767037,4.835916216838697
05/17/2023 16:15:18.627068,699,True,True,True,True,Eyes,1.167258,-0.2913004,-3.44719,0.5391555,-0.04768549,0.8408552,0.0,0.0,0.0,0.0,0.0,0.0,0.0,-2.678656,0.02887784,2.491784,1.158836,-0.2857781,-3.458388,0.01273699,0.2423806,-0.08444569,0.9664152,3.758688,27.86142,350.9449,0.3201496,-0.08044282,-0.943945,0,0,0,1.62675,-0.2534249,-2.735779,0.06109875,0.09935178,0.8535513,0.8682411,-0.1570448,-0.4706317,0.1693936,0.9854134,-0.01631755,0.4663294,-0.06555443,0.8821789,moving,4.583395294494519,1.760231760213312,4.0943522416065194,6.639245487437236,0.46791399999999994,0.03235319999999997,0.7226089999999998,0.07987258152064775,0.0306188694122688,0.9963347239060636,4.514244940408634,1.8401685890364488,4.892204146437181,4.903461844250193,4.817411022039893
05/17/2023 16:15:18.647092,700,True,True,True,True,Eyes,1.16707,-0.2910376,-3.4473,0.5394393,-0.04396887,0.8408757,0.0,0.0,0.0,0.0,0.0,0.0,0.0,-2.676553,0.02150897,2.494258,1.158862,-0.2853847,-3.458513,0.01140784,0.2420805,-0.08420254,0.9665283,3.601668,27.83691,350.9349,0.3201047,-0.08037698,-0.9439658,0,0,0,1.626761,-0.2506175,-2.735778,0.06136057,0.09948222,0.8537115,0.868614,-0.157245,-0.4698763,0.1682915,0.9855596,-0.01871558,0.4660341,-0.06281957,0.8825338,moving,4.61220151663503,1.8231464996593736,4.111068338859994,6.646647930985686,0.46789899999999984,0.0347672,0.7227350000000001,0.08037074969254263,0.03171162039657231,0.9962604471169872,4.542610143124351,1.903736989923615,4.838317133559259,4.849463941496408,4.762502758390177
05/17/2023 16:15:18.666996,701,True,True,True,True,Eyes,1.166844,-0.2907687,-3.447389,0.5397249,-0.04026974,0.8408777,0.0,0.0,0.0,0.0,0.0,0.0,0.0,-2.673331,0.01172393,2.497891,1.158705,-0.2852308,-3.458661,0.009563793,0.2416283,-0.08386245,0.9666911,3.383422,27.79883,350.9213,0.320059,-0.08031049,-0.943987,0,0,0,1.626774,-0.247634,-2.735776,0.06204489,0.09918632,0.8540359,0.8691657,-0.1575164,-0.4687639,0.1667599,0.9857512,-0.02203662,0.4655557,-0.05901754,0.8830486,moving,4.664534578061253,1.827123673637251,4.155183563326138,6.624559379678218,0.46806899999999985,0.037596800000000014,0.7228850000000002,0.08128051058476543,0.03177842274831829,0.9961844891603546,4.594928707890165,1.907566467594191,4.813089387913118,4.824399217499365,4.737446350600562
05/17/2023 16:15:18.677409,702,True,True,True,True,Eyes,1.166622,-0.2904987,-3.447482,0.5399743,-0.03662194,0.8408844,0.0,0.0,0.0,0.0,0.0,0.0,0.0,-2.670198,0.004805416,2.501391,1.158593,-0.2850364,-3.458809,0.008561006,0.2411099,-0.08408803,0.9668102,3.273521,27.74484,350.8671,0.3200118,-0.0802433,-0.9440086,0,0,0,1.626787,-0.2445593,-2.735775,0.06259292,0.1006079,0.854156,0.8695905,-0.158466,-0.4676548,0.1667226,0.9857118,-0.02399517,0.4647753,-0.05710265,0.8835855,moving,4.71290820179702,1.940660823288561,4.191167921546316,6.717707361667253,0.468194,0.040477100000000016,0.7230340000000002,0.0821162310379106,0.033750076432932596,0.9960511243174787,4.642505502892389,2.0222967383850614,4.79409835186952,4.805453833913289,4.7170527380522875
05/17/2023 16:15:18.703369,703,True,True,True,True,Eyes,1.166406,-0.2902286,-3.447579,0.5402285,-0.03295867,0.8408726,0.0,0.0,0.0,0.0,0.0,0.0,0.0,-2.66752,-0.002781466,2.504434,1.158458,-0.2847663,-3.459009,0.007323055,0.2407055,-0.08408485,0.9669213,3.13226,27.70697,350.8326,0.3199632,-0.08017544,-0.9440309,0,0,0,1.6268,-0.2414137,-2.735773,0.06300524,0.1015078,0.8544125,0.8699812,-0.1590815,-0.4667182,0.1661323,0.9857522,-0.02631774,0.4642552,-0.05464102,0.8840144,moving,4.751389541917996,2.0201775848402796,4.217415258506581,6.7752226230985935,0.46834200000000004,0.04335260000000002,0.723236,0.08278123995302175,0.03513045036271372,0.9959482684057099,4.680429996215839,2.1026318905659824,4.773571647578919,4.784932794847776,4.695475141142333
05/17/2023 16:15:18.717141,704,True,True,True,True,Eyes,1.16619,-0.2899629,-3.447682,0.5404466,-0.02933788,0.8408667,0.0,0.0,0.0,0.0,0.0,0.0,0.0,-2.665312,-0.01008768,2.506871,1.15831,-0.284529,-3.459155,0.005884959,0.2404207,-0.08369415,0.967036,2.959241,27.68598,350.8365,0.3199135,-0.08010696,-0.9440535,0,0,0,1.626813,-0.2384657,-2.735772,0.06337336,0.1016993,0.8547169,0.8703864,-0.1590408,-0.465976,0.1647002,0.9859213,-0.02886168,0.4640059,-0.05162555,0.8843265,moving,4.77787460487444,2.059811707462927,4.240461388702746,6.785490395631725,0.4685030000000001,0.046063299999999974,0.7233830000000001,0.08323958561576622,0.03581801659448409,0.9958856796325055,4.7066394411782095,2.1426465958695466,4.7447620529474195,4.75613835256385,4.6661890794951635
05/17/2023 16:15:18.726796,705,True,True,True,True,Eyes,1.165984,-0.2897009,-3.447792,0.5406594,-0.02574877,0.8408474,0.0,0.0,0.0,0.0,0.0,0.0,0.0,-2.662712,-0.01545853,2.509816,1.158092,-0.2843928,-3.459392,0.004700448,0.2400392,-0.08324606,0.967176,2.811885,27.65176,350.8534,0.3198629,-0.08003804,-0.9440765,0,0,0,1.626825,-0.2354379,-2.73577,0.06388938,0.1024708,0.8550755,0.8709026,-0.1587706,-0.4651028,0.1632838,0.986096,-0.03087231,0.4635376,-0.04905695,0.8847182,moving,4.814303173386822,2.123971321948639,4.273075882788686,6.833640405749329,0.46873300000000007,0.048954899999999996,0.7236219999999998,0.08386934607384416,0.0369312241717394,0.9957921236492862,4.742620132379507,2.2074464154272424,4.729204295722723,4.7406655502151,4.649961573864455
05/17/2023 16:15:18.747249,706,True,True,True,True,Eyes,1.165779,-0.2894405,-3.447908,0.5408388,-0.02222209,0.8408326,0.0,0.0,0.0,0.0,0.0,0.0,0.0,-2.660521,-0.02020885,2.512419,1.158092,-0.2842515,-3.459632,0.00366349,0.2396873,-0.082853,0.9673015,2.68271,27.6197,350.8682,0.3198115,-0.0799688,-0.9440998,0,0,0,1.626838,-0.2324556,-2.735769,0.0641458,0.103421,0.8553203,0.8713709,-0.1585315,-0.4643068,0.1620438,0.9862439,-0.03263023,0.4630926,-0.04680502,0.8850732,moving,4.844497755321212,2.20205755122907,4.2889386689601885,6.894445660762999,0.4687460000000001,0.05179589999999998,0.7238630000000001,0.08438980180598624,0.03828662722025722,0.9956969346238901,4.772265873315576,2.2863647309515143,4.713753586303131,4.725161591832993,4.633358937332858
05/17/2023 16:15:18.767040,707,True,True,True,True,Eyes,1.165585,-0.2891816,-3.448029,0.5410261,-0.01872959,0.8407972,0.0,0.0,0.0,0.0,0.0,0.0,0.0,-2.65828,-0.02439015,2.51505,1.157902,-0.2840514,-3.459928,0.00274831,0.2393441,-0.08249442,0.96742,2.568092,27.5876,350.8827,0.3197594,-0.0798993,-0.9441233,0,0,0,1.626851,-0.2294552,-2.735767,0.06451386,0.1045741,0.85569,0.8718182,-0.1582979,-0.463546,0.1609291,0.9863742,-0.03417156,0.4626391,-0.04480664,0.8854137,moving,4.873757007075015,2.2927590930578985,4.311598812445643,6.967581616219456,0.46894900000000006,0.05459620000000001,0.724161,0.08489303617923569,0.03986109865534049,0.9955924041357879,4.800886075220357,2.3780545418090027,4.6971009301176645,4.708501615041408,4.615534724412779
05/17/2023 16:15:18.786755,708,True,True,True,True,Eyes,1.165392,-0.2889193,-3.448154,0.5411728,-0.01525773,0.840773,0.0,0.0,0.0,0.0,0.0,0.0,0.0,-2.65575,-0.02992073,2.51762,1.157703,-0.28382,-3.459983,0.001644601,0.2389843,-0.08217932,0.9675384,2.433599,27.55499,350.8871,0.319707,-0.07982959,-0.9441469,0,0,0,1.626863,-0.2265103,-2.735765,0.06505194,0.1053696,0.8558931,0.8722662,-0.1582372,-0.4627232,0.1598093,0.9864877,-0.0360967,0.4621826,-0.04246155,0.8857676,moving,4.904091335311056,2.3632309203541233,4.3463948738220015,7.018408222040663,0.46916,0.05730970000000002,0.724218,0.08541589361943405,0.04108377117200898,0.9954980081231064,4.830725898539106,2.4492657755345983,4.676963670384651,4.688464679753382,4.5947403885276215
05/17/2023 16:15:18.797011,709,True,True,True,True,Eyes,1.165188,-0.2886523,-3.448268,0.5413032,-0.01176962,0.8407451,0.0,0.0,0.0,0.0,0.0,0.0,0.0,-2.65233,-0.03744383,2.521319,1.15752,-0.2835049,-3.460213,0.0002211594,0.2384631,-0.08186759,0.9676948,2.262214,27.50607,350.8823,0.3196542,-0.07975959,-0.9441707,0,0,0,1.626876,-0.2234646,-2.735764,0.06580472,0.1056765,0.8562879,0.872866,-0.1583402,-0.4615552,0.1585511,0.9865953,-0.03861677,0.4614828,-0.03947283,0.8862706,moving,4.955035661457694,2.4015022031473086,4.394476102665853,7.0354326112405925,0.4693559999999999,0.06004029999999999,0.7244489999999999,0.08629863234466512,0.04174552649740701,0.9953943231363584,4.881410805400813,2.4878096192840555,4.656038043646752,4.667712292548084,4.573617854794967
05/17/2023 16:15:18.817156,710,True,True,True,True,Eyes,1.164987,-0.2883877,-3.448385,0.5413951,-0.008315265,0.8407272,0.0,0.0,0.0,0.0,0.0,0.0,0.0,-2.649292,-0.04617393,2.524516,1.157547,-0.2832583,-3.460334,-0.001394574,0.2380047,-0.08156081,0.9678325,2.070219,27.46624,350.8719,0.3196009,-0.07968923,-0.9441947,0,0,0,1.62689,-0.2202162,-2.735762,0.0662871,0.1059023,0.856535,0.8734032,-0.1585382,-0.4604699,0.1572106,0.9866918,-0.04152314,0.4609249,-0.03612429,0.8867036,moving,4.998050996852704,2.416238073180606,4.4252902043216125,7.048300689926003,0.46934299999999984,0.06304210000000002,0.7245720000000002,0.08704498563711183,0.041998793021470096,0.9953186899762532,4.924332454194884,2.5025628724039954,4.655544543620053,4.667339607411385,4.573048815922296
05/17/2023 16:15:18.837514,711,True,True,True,True,Eyes,1.164806,-0.2881259,-3.448513,0.5414531,-0.004864412,0.840717,0.0,0.0,0.0,0.0,0.0,0.0,0.0,-2.645982,-0.05312817,2.528012,1.157388,-0.2830774,-3.460521,-0.002677685,0.2374895,-0.08134966,0.9679742,1.917217,27.41684,350.8599,0.3195472,-0.07961861,-0.9442188,0,0,0,1.626902,-0.2174009,-2.735761,0.06700438,0.1063908,0.8568692,0.873962,-0.1587605,-0.4593317,0.1562169,0.9867501,-0.04382323,0.460203,-0.03345551,0.8871832,moving,5.042510250696167,2.470656903672896,4.4712446319912065,7.077749885839683,0.469514,0.06567649999999997,0.7247599999999998,0.08781377370816085,0.04294121059257229,0.9952110277085421,4.968415420851089,2.5574739644794455,4.6304307161155185,4.642375486046429,4.547534848522296
05/17/2023 16:15:18.847421,712,True,True,True,True,Eyes,1.164627,-0.2878616,-3.448646,0.5414853,-0.0014615,0.8407089,0.0,0.0,0.0,0.0,0.0,0.0,0.0,-2.643262,-0.0609763,2.530802,1.157279,-0.2828488,-3.460667,-0.004098905,0.237097,-0.08111829,0.9680849,1.74949,27.38318,350.8467,0.3194935,-0.07954779,-0.9442429,0,0,0,1.626914,-0.2144003,-2.735759,0.06747586,0.1067557,0.8571947,0.8744097,-0.1590024,-0.4583949,0.1551151,0.9868061,-0.04640197,0.4597249,-0.03052962,0.8875365,moving,5.072692364100363,2.505233125036497,4.500875144045724,7.09910853585618,0.469635,0.06844850000000002,0.7249080000000001,0.08833571327007148,0.04353975839962149,0.9951386897498862,4.998358964142932,2.592355718419824,4.617281670206052,4.629326757022529,4.534127381175901
05/17/2023 16:15:18.866861,713,True,True,True,True,Eyes,1.164469,-0.2875996,-3.448783,0.5414805,0.001958686,0.840711,0.0,0.0,0.0,0.0,0.0,0.0,0.0,-2.640979,-0.06660308,2.533305,1.157142,-0.2825442,-3.460929,-0.005167739,0.2367561,-0.08084596,0.9681858,1.620248,27.35273,350.8477,0.3194399,-0.0794767,-0.944267,0,0,0,1.626927,-0.2114723,-2.735758,0.06782976,0.1075159,0.8575903,0.8748209,-0.1589948,-0.4576123,0.1541008,0.9868745,-0.04828821,0.4592835,-0.02827489,0.8878396,moving,5.092071916830262,2.576669818144652,4.522305346948164,7.14587580438638,0.4697850000000001,0.07107190000000002,0.725171,0.08866743997409396,0.04477914433987079,0.9950542031330383,5.0172342290766165,2.664584488806205,4.592550766491992,4.604593064415406,4.508539281569942
05/17/2023 16:15:18.877341,714,True,True,True,True,Eyes,1.16431,-0.2873392,-3.448924,0.5414565,0.005339703,0.8407118,0.0,0.0,0.0,0.0,0.0,0.0,0.0,-2.639322,-0.07452621,2.534678,1.15701,-0.2822801,-3.460897,-0.006739299,0.2366011,-0.08036003,0.9682546,1.431158,27.34882,350.8595,0.3193868,-0.07940543,-0.9442909,0,0,0,1.626939,-0.2084511,-2.735756,0.06806207,0.1074614,0.8578653,0.8751245,-0.158807,-0.457097,0.1524289,0.9869937,-0.05107725,0.4592633,-0.02497582,0.887949,moving,5.094368362538587,2.5814845356372933,4.536280648924808,7.140025043461782,0.4699289999999998,0.07382899999999998,0.7251410000000003,0.08870699107729399,0.044862603327043005,0.9950469340872073,5.019496948969492,2.6694488853102265,4.580451107024757,4.592575906565226,4.496615302476074
05/17/2023 16:15:18.903482,715,True,True,True,True,Eyes,1.164166,-0.2870795,-3.449064,0.5414817,0.008705663,0.8406675,0.0,0.0,0.0,0.0,0.0,0.0,0.0,-2.637158,-0.0809385,2.536925,1.156813,-0.2820812,-3.461121,-0.007925816,0.2363033,-0.08012351,0.9683379,1.290247,27.32448,350.8535,0.3193341,-0.07933401,-0.9443147,0,0,0,1.626952,-0.2054627,-2.735755,0.06838447,0.1082155,0.8582945,0.875482,-0.158919,-0.4563727,0.1514274,0.9870348,-0.05321663,0.4589128,-0.02251715,0.8881959,moving,5.112405512591271,2.638442627457212,4.555408500320481,7.186049321735389,0.47013899999999986,0.07661849999999998,0.7253659999999997,0.08901624178961853,0.04585049519270237,0.9949743244665389,5.0371327039181635,2.7270288436420453,4.569431404686314,4.581590588160653,4.4849662019225525
05/17/2023 16:15:18.917130,716,True,True,True,True,Eyes,1.164023,-0.2868205,-3.449207,0.5414972,0.01205071,0.8406161,0.0,0.0,0.0,0.0,0.0,0.0,0.0,-2.635222,-0.08927022,2.538628,1.156772,-0.2818154,-3.461135,-0.009346514,0.2360634,-0.07997926,0.9683957,1.126399,27.30901,350.831,0.3192822,-0.07926249,-0.9443383,0,0,0,1.626964,-0.2024824,-2.735753,0.06857032,0.1085421,0.8585277,0.8757547,-0.1593159,-0.4557106,0.1504904,0.9870319,-0.0558626,0.4587007,-0.01965811,0.8883734,moving,5.124356304175395,2.6716077986620714,4.566501040422069,7.205572274925075,0.47019200000000017,0.07933299999999999,0.7253820000000002,0.08922139094529083,0.04642555956161923,0.9949291812062467,5.0488501575777684,2.760550691692644,4.556003465778555,4.5681545910041335,4.471115917332387
05/17/2023 16:15:18.946855,717,True,True,True,True,Eyes,1.163884,-0.2865597,-3.449351,0.5415596,0.01538428,0.8405216,0.0,0.0,0.0,0.0,0.0,0.0,0.0,-2.633787,-0.09637968,2.540003,1.15662,-0.2816027,-3.46131,-0.010715,0.2359173,-0.07960937,0.9684475,0.9631078,27.3044,350.8353,0.319231,-0.07919087,-0.9443616,0,0,0,1.626979,-0.1991278,-2.735752,0.06860095,0.1092475,0.8589722,0.8760108,-0.1592507,-0.4552409,0.1491393,0.9870951,-0.05831628,0.458653,-0.01680861,0.8884565,moving,5.130282769759671,2.701111667174601,4.566178120184115,7.248190562254885,0.47035899999999997,0.08247489999999999,0.7255579999999999,0.0893221708267033,0.046937460246268825,0.9948962062015684,5.054567798284155,2.7903894676270458,4.569792007855296,4.58193633017279,4.484474894225612
05/17/2023 16:15:18.961708,718,True,True,True,True,Eyes,1.163753,-0.2863065,-3.449499,0.5416473,0.01874731,0.8403968,0.0,0.0,0.0,0.0,0.0,0.0,0.0,-2.632125,-0.1033077,2.541565,1.156515,-0.2813037,-3.461452,-0.01206076,0.2357227,-0.07921042,0.9685119,0.801102,27.29396,350.8434,0.3191804,-0.07911912,-0.9443848,0,0,0,1.62699,-0.1963674,-2.73575,0.06880373,0.1093029,0.8593737,0.8763211,-0.1591184,-0.4546897,0.1477465,0.9871605,-0.06070536,0.4585111,-0.01398141,0.8885787,moving,5.143782938256577,2.734515030796448,4.577487613763521,7.248475024103762,0.470475,0.08493629999999999,0.7257020000000001,0.08955413395041179,0.04751648175523683,0.9948478686380958,5.067833340769965,2.8241465931142833,4.537271919155896,4.549343382920403,4.451417863698632
05/17/2023 16:15:18.977410,719,True,True,True,True,Eyes,1.163621,-0.2860495,-3.449647,0.5417235,0.02208834,0.8402665,0.0,0.0,0.0,0.0,0.0,0.0,0.0,-2.631196,-0.1122107,2.542221,1.15635,-0.2812327,-3.461565,-0.01394972,0.2357161,-0.07849856,0.9685461,0.5720999,27.31077,350.8719,0.3191307,-0.07904745,-0.9444076,0,0,0,1.627003,-0.1934269,-2.735749,0.06880158,0.1086882,0.8599344,0.8765518,-0.1586353,-0.4544137,0.1454826,0.9872867,-0.06402864,0.4587938,-0.009984865,0.8884866,moving,5.141426361800413,2.694264183511181,4.574373303079635,7.203490332777233,0.470653,0.08780579999999999,0.7258159999999996,0.08951617233487252,0.04681774000820131,0.9948844105470211,5.065763172760659,2.7834174094095503,4.5326719648870215,4.544740876730964,4.4473035259484215
05/17/2023 16:15:19.006763,720,True,True,True,True,Eyes,1.163505,-0.2857925,-3.449798,0.5418267,0.02541381,0.8401059,0.0,0.0,0.0,0.0,0.0,0.0,0.0,-2.629905,-0.1189195,2.543366,1.156199,-0.2809758,-3.461721,-0.01528898,0.2355951,-0.07805473,0.9685911,0.4103031,27.309,350.8851,0.3190816,-0.07897574,-0.9444302,0,0,0,1.627024,-0.1884306,-2.735746,0.06856585,0.1109721,0.860386,0.8768049,-0.1584102,-0.4540038,0.1440022,0.9873474,-0.06639616,0.4587773,-0.007161079,0.8885224,moving,5.148634930325852,2.7241817376776263,4.5563838954780795,7.34940235527755,0.47082500000000005,0.0925452,0.725975,0.08963914288782465,0.047336694745208914,0.9948487418594605,5.072760306051168,2.813670080154338,4.650773741629531,4.662984779060476,4.565031420372782
05/17/2023 16:15:19.017162,721,True,True,True,True,Eyes,1.163386,-0.2855331,-3.449951,0.5419167,0.02874907,0.8399404,0.0,0.0,0.0,0.0,0.0,0.0,0.0,-2.628357,-0.1265027,2.544589,1.156114,-0.280623,-3.461769,-0.01679353,0.2354386,-0.07755172,0.9686447,0.2282333,27.3046,350.9005,0.3190335,-0.07890397,-0.9444525,0,0,0,1.62704,-0.1846959,-2.735744,0.06862456,0.1116143,0.8607664,0.8771088,-0.1581478,-0.4535079,0.1423324,0.9874074,-0.06905124,0.4587173,-0.003983413,0.8885733,moving,5.161037692180332,2.734815812118167,4.558262050220287,7.388234232673407,0.47092599999999996,0.09592710000000002,0.7260249999999999,0.08985371614620855,0.047520418190720226,0.994820694329692,5.085090521214338,2.8243864469636035,4.680033343735506,4.692295970130526,4.594154421542468
05/17/2023 16:15:19.026851,722,True,True,True,True,Eyes,1.163286,-0.2852772,-3.450107,0.5419998,0.03209544,0.8397654,0.0,0.0,0.0,0.0,0.0,0.0,0.0,-2.626857,-0.1341462,2.545883,1.155919,-0.2803387,-3.461959,-0.01843951,0.2353035,-0.07685655,0.968703,0.02546337,27.30407,350.9335,0.3189862,-0.0788321,-0.9444745,0,0,0,1.627048,-0.1827164,-2.735743,0.06900108,0.1102558,0.8613734,0.8774507,-0.1575801,-0.4530439,0.1402246,0.9875061,-0.07189403,0.4587127,-0.0004444209,0.8885845,moving,5.173439068336676,2.7234419598846165,4.579949490035856,7.294196622674603,0.47112900000000013,0.0976223,0.726216,0.09006987520249746,0.047322000127258554,0.9948104710903259,5.097576291023936,2.8128285310056946,4.596950015536355,4.6091244360472725,4.511163650116163
05/17/2023 16:15:19.036908,723,True,True,True,True,Eyes,1.163182,-0.2850156,-3.450266,0.5420656,0.03543878,0.8395885,0.0,0.0,0.0,0.0,0.0,0.0,0.0,-2.625262,-0.1415105,2.547002,1.155787,-0.2801114,-3.461927,-0.02000125,0.2351497,-0.07623903,0.9687582,359.834,27.30054,350.9601,0.3189401,-0.07876021,-0.944496,0,0,0,1.627066,-0.1785355,-2.735741,0.06908065,0.1113161,0.8617443,0.8777844,-0.157121,-0.4525566,0.1383078,0.9875752,-0.07460792,0.4586562,0.002897575,0.8886091,moving,5.185966483318715,2.72397961716997,4.5832433524238585,7.360442102095224,0.471279,0.1015759,0.7261860000000002,0.09028734902355803,0.047330400519443386,0.9947903794048601,5.110103190893738,2.8133258175690323,4.663109615764203,4.6754742590067755,4.577537306718077
05/17/2023 16:15:19.046841,724,True,True,True,True,Eyes,1.163074,-0.2847537,-3.450422,0.5421087,0.03877664,0.8394133,0.0,0.0,0.0,0.0,0.0,0.0,0.0,-2.623458,-0.1490367,2.548614,1.155589,-0.2797436,-3.462158,-0.02153089,0.2349461,-0.07567866,0.9688187,359.6472,27.29086,350.9812,0.3188949,-0.07868813,-0.9445173,0,0,0,1.627074,-0.1765653,-2.73574,0.06953165,0.1101307,0.8623593,0.8781462,-0.156755,-0.4519813,0.1365206,0.9876183,-0.07727984,0.4584991,0.006158242,0.8886735,moving,5.202446478762349,2.7301195697433847,4.609761144632838,7.2777689254533025,0.47148499999999993,0.10317829999999997,0.7264180000000002,0.09057303682047868,0.047435775620946,0.994759534176288,5.126543767885489,2.8194784131551467,4.573838168064551,4.586108433931871,4.488141995496983
05/17/2023 16:15:19.066832,725,True,True,True,True,Eyes,1.162961,-0.2844929,-3.45058,0.5421282,0.04220545,0.8392352,0.0,0.0,0.0,0.0,0.0,0.0,0.0,-2.621174,-0.1564009,2.550548,1.1554,-0.2795072,-3.462259,-0.02303402,0.2346539,-0.07516076,0.9688953,359.4636,27.27054,350.9984,0.3188504,-0.0786159,-0.9445384,0,0,0,1.62708,-0.1749963,-2.735739,0.0702163,0.1087634,0.8628302,0.8785768,-0.1564558,-0.4512476,0.1348358,0.9876406,-0.07990862,0.4581726,0.009361553,0.888814,moving,5.226834797509787,2.7465935749068726,4.652423746620518,7.184482495531129,0.4716800000000001,0.10451090000000002,0.7265199999999998,0.0909952144034761,0.047719944652461974,0.9947073358541262,5.15082107023246,2.83606054087183,4.462691820566101,4.4749085048951835,4.37689083573563
05/17/2023 16:15:19.087159,726,True,True,True,True,Eyes,1.162844,-0.2842246,-3.450739,0.5421175,0.04564622,0.8390619,0.0,0.0,0.0,0.0,0.0,0.0,0.0,-2.618152,-0.1624413,2.553422,1.15516,-0.2793062,-3.462465,-0.02438445,0.2342048,-0.07456754,0.9690167,359.2935,27.23028,351.0282,0.3188065,-0.07854354,-0.9445592,0,0,0,1.627091,-0.1724968,-2.735738,0.07103893,0.1085783,0.863379,0.8791756,-0.1559363,-0.45026,0.1330924,0.9876902,-0.08218601,0.4575331,0.01232973,0.889107,moving,5.267718903528002,2.778857224251553,4.703708129812946,7.167871325802457,0.4719310000000001,0.1068094,0.7267269999999999,0.0917025116092143,0.04827691386100484,0.9946154142133367,5.191485932672575,2.868561686617865,4.412744688623748,4.425104850337373,4.326891558445637
05/17/2023 16:15:19.103923,727,True,True,True,True,Eyes,1.162736,-0.2839655,-3.4509,0.5420573,0.0491508,0.838903,0.0,0.0,0.0,0.0,0.0,0.0,0.0,-2.615021,-0.1713835,2.556154,1.154977,-0.2788928,-3.462639,-0.02614235,0.2337676,-0.07401222,0.9691191,359.0794,27.19535,351.0428,0.318763,-0.07847088,-0.94458,0,0,0,1.627104,-0.1694548,-2.735736,0.07177195,0.1080617,0.8639676,0.8797499,-0.1556758,-0.4492275,0.1312308,0.9876775,-0.08527341,0.4569669,0.01606679,0.8893386,moving,5.305848319143695,2.7713505769524613,4.748799890088392,7.129309572246398,0.4721270000000002,0.10943800000000001,0.7269029999999996,0.09236500171152023,0.04814365060428604,0.9945607353994292,5.229678980827557,2.8608215051453354,4.3808711038149175,4.393416615457304,4.295490085996508
05/17/2023 16:15:19.117329,728,True,True,True,True,Eyes,1.162623,-0.2837085,-3.451061,0.5419667,0.05261141,0.8387515,0.0,0.0,0.0,0.0,0.0,0.0,0.0,-2.611649,-0.1797891,2.559032,1.154791,-0.2788483,-3.462713,-0.02787971,0.2332806,-0.07344894,0.9692307,358.8669,27.15442,351.0591,0.31872,-0.07839818,-0.9446005,0,0,0,1.627118,-0.1662133,-2.735735,0.07255495,0.1081488,0.8644748,0.8803709,-0.1553855,-0.44811,0.1293703,0.9876559,-0.08831217,0.4563009,0.01977532,0.8896058,moving,5.348371293874185,2.7635215064034697,4.797563083577742,7.130853645013264,0.47232700000000016,0.11263499999999999,0.7269779999999999,0.09310371970279419,0.048004427896853885,0.9944984743091002,5.272269051345775,2.85273855731065,4.389042464085468,4.401929087736873,4.304371552208677
05/17/2023 16:15:19.136954,729,True,True,True,True,Eyes,1.162526,-0.2834541,-3.451233,0.5418491,0.05606012,0.8386041,0.0,0.0,0.0,0.0,0.0,0.0,0.0,-2.60859,-0.1862583,2.561771,1.154593,-0.2786662,-3.462854,-0.02905363,0.2328153,-0.07324255,0.9693238,358.7267,27.11097,351.0508,0.3186774,-0.07832551,-0.9446208,0,0,0,1.627129,-0.1634912,-2.735733,0.07323921,0.1086957,0.864917,0.8808651,-0.1555197,-0.4470909,0.1284632,0.9875828,-0.09042872,0.4556028,0.02222078,0.8899058,moving,5.379873880296819,2.8289645365055383,4.84013027928605,7.162913890229424,0.47253600000000007,0.11517499999999997,0.7271209999999999,0.09364534078405715,0.04913780378789737,0.9943923004279418,5.303313303218316,2.9188557588019743,4.354422891670521,4.367429467716195,4.269258476198705
05/17/2023 16:15:19.152547,730,True,True,True,True,Eyes,1.162427,-0.2831996,-3.451404,0.5417078,0.05948243,0.8384597,0.0,0.0,0.0,0.0,0.0,0.0,0.0,-2.605114,-0.1928969,2.564992,1.154416,-0.2784198,-3.463065,-0.03029183,0.2322675,-0.07296433,0.9694382,358.5768,27.05842,351.0491,0.3186354,-0.07825291,-0.9446411,0,0,0,1.627142,-0.1603846,-2.735732,0.07399774,0.1094153,0.8654296,0.8814561,-0.1555404,-0.4459174,0.1273972,0.9875172,-0.09262658,0.4547583,0.02483764,0.8902685,moving,5.421068266248132,2.883927302600016,4.887134750600166,7.205611718413204,0.472726,0.1180352,0.7273329999999998,0.09435580868849225,0.05008831158895673,0.9942777836160998,5.3441266581393645,2.9743295869519817,4.341328512753247,4.354542592398744,4.255888870680171
05/17/2023 16:15:19.166926,731,True,True,True,True,Eyes,1.162329,-0.2829494,-3.451574,0.5415403,0.06285621,0.8383217,0.0,0.0,0.0,0.0,0.0,0.0,0.0,-2.602405,-0.1997573,2.567321,1.154248,-0.2781877,-3.463218,-0.03161888,0.2318733,-0.07259054,0.9695183,358.4158,27.02473,351.0555,0.3185939,-0.07818037,-0.9446611,0,0,0,1.627155,-0.1573908,-2.73573,0.07454985,0.10982,0.8659402,0.8819308,-0.1554189,-0.4450204,0.1260926,0.9874617,-0.09497379,0.4542013,0.02764655,0.89047,moving,5.444644978702088,2.9212336791365403,4.920531110146636,7.227762605134353,0.47290699999999997,0.12079689999999998,0.7274879999999997,0.09476184165652168,0.05073372623810231,0.99420639443649,5.367443581458308,3.01199925666516,4.324940049588,4.338304592541657,4.239385729950754
05/17/2023 16:15:19.177327,732,True,True,True,True,Eyes,1.162225,-0.2827004,-3.451744,0.5413469,0.06618423,0.8381904,0.0,0.0,0.0,0.0,0.0,0.0,0.0,-2.599023,-0.2055098,2.570165,1.153968,-0.2780274,-3.46323,-0.03271269,0.2313643,-0.07233696,0.9696226,358.2828,26.97543,351.055,0.318553,-0.078108,-0.9446809,0,0,0,1.627168,-0.154309,-2.735729,0.07539302,0.1108736,0.8663175,0.8824759,-0.1554162,-0.4439393,0.125142,0.9873945,-0.09691028,0.4534047,0.02996554,0.8908009,moving,5.477926319563355,2.986646170200422,4.97374896060058,7.293217638010703,0.47319999999999984,0.12371839999999998,0.7275009999999997,0.09533377240533719,0.05186589386402303,0.9940932380743347,5.400267276804198,3.0780788933514276,4.3222745231445865,4.33598346591039,4.236662897940424
05/17/2023 16:15:19.207020,733,True,True,True,True,Eyes,1.162114,-0.2824542,-3.45191,0.5411437,0.06944527,0.8380578,0.0,0.0,0.0,0.0,0.0,0.0,0.0,-2.596088,-0.2111604,2.572802,1.15374,-0.2778272,-3.463419,-0.03377836,0.2309155,-0.07207894,0.9697122,358.1535,26.93297,351.0558,0.3185124,-0.07803582,-0.9447005,0,0,0,1.62718,-0.1513785,-2.735727,0.07603347,0.1117485,0.8668338,0.8829653,-0.1553915,-0.4429738,0.1241917,0.9873273,-0.09879886,0.4527126,0.03222229,0.8910741,moving,5.504101628081106,3.0505111738190145,5.012813166111091,7.345811248651454,0.4734400000000001,0.1264487,0.7276920000000002,0.09578234500008706,0.05297164203576579,0.9939918376134798,5.425994092442662,3.142618904389661,4.30940046784682,4.323305111337902,4.223451711662531
05/17/2023 16:15:19.216950,734,True,True,True,True,Eyes,1.161999,-0.2822124,-3.452074,0.5409237,0.07266626,0.8379267,0.0,0.0,0.0,0.0,0.0,0.0,0.0,-2.593645,-0.2149103,2.575103,1.153622,-0.277698,-3.463578,-0.03460809,0.2305201,-0.07171793,0.9698038,358.0481,26.89424,351.0745,0.3184718,-0.0779639,-0.9447201,0,0,0,1.627193,-0.1483474,-2.735726,0.07648849,0.1131056,0.867253,0.883434,-0.1550604,-0.4421545,0.1231489,0.9873176,-0.100191,0.4520826,0.03406126,0.8913255,moving,5.523401996533195,3.133303037478259,5.040233089721287,7.4304753605176215,0.47357099999999996,0.1293506,0.7278519999999999,0.09610974500570474,0.054406169152681275,0.9938827268898661,5.444709177270314,3.226340572926748,4.310203990251539,4.324250474522183,4.223547113224941
05/17/2023 16:15:19.227174,735,True,True,True,True,Eyes,1.161887,-0.2819734,-3.452245,0.5407112,0.07580969,0.8377854,0.0,0.0,0.0,0.0,0.0,0.0,0.0,-2.591408,-0.220151,2.577007,1.15343,-0.2775846,-3.463723,-0.03566997,0.2301957,-0.07136892,0.9698681,357.9178,26.86622,351.0854,0.3184314,-0.07789234,-0.9447397,0,0,0,1.627209,-0.144578,-2.735723,0.07678515,0.1148303,0.8677891,0.8838328,-0.154859,-0.4414275,0.1220147,0.9872682,-0.102048,0.4516104,0.0363327,0.8914751,moving,5.536785221590808,3.186340027603978,5.056570773041417,7.537878748488425,0.47377899999999995,0.1330066,0.7279999999999998,0.09633702858909565,0.055324934703413396,0.9938100502003304,5.457717735992916,3.279969387718252,4.363634390931925,4.377955590906816,4.276764081688335
05/17/2023 16:15:19.247124,736,True,True,True,True,Eyes,1.161771,-0.2817305,-3.452419,0.5404884,0.0789144,0.8376425,0.0,0.0,0.0,0.0,0.0,0.0,0.0,-2.58948,-0.2236313,2.578834,1.153243,-0.2773993,-3.46394,-0.03638214,0.2298991,-0.07110234,0.9699315,357.8289,26.83808,351.0966,0.3183909,-0.07782117,-0.9447591,0,0,0,1.627218,-0.1422842,-2.735723,0.07718658,0.1156348,0.8682632,0.8841817,-0.1546573,-0.4407992,0.1212004,0.9872416,-0.1032691,0.4511466,0.03788364,0.8916455,moving,5.543981187349371,3.2779015329406094,5.080107335541638,7.58597933431858,0.47397500000000004,0.13511510000000002,0.7282169999999999,0.09645322668279757,0.056912379642811886,0.9937091661920197,5.464262674037252,3.372612131690769,4.318674078335062,4.332979724521752,4.23084371116145
05/17/2023 16:15:19.267008,737,True,True,True,True,Eyes,1.161653,-0.2814907,-3.452592,0.5403236,0.08202298,0.8374501,0.0,0.0,0.0,0.0,0.0,0.0,0.0,-2.587743,-0.2287455,2.580347,1.153015,-0.2770848,-3.464204,-0.03739919,0.2296667,-0.0707294,0.9699752,357.7039,26.82036,351.1114,0.3183504,-0.07775024,-0.9447786,0,0,0,1.627231,-0.1393756,-2.735721,0.07746819,0.1163471,0.868904,0.8845011,-0.1543902,-0.4402516,0.1200328,0.9871973,-0.105041,0.4508325,0.0400642,0.891709,moving,5.550706749087729,3.332744042892379,5.0948039672540215,7.626596832952159,0.4742160000000002,0.13770920000000003,0.7284830000000002,0.09656458014355868,0.05786288316808563,0.9936433970837952,5.470598930238232,3.4280932316416406,4.303650751465798,4.317987856535481,4.215288168609792
05/17/2023 16:15:19.277270,738,True,True,True,True,Eyes,1.161529,-0.2812576,-3.452762,0.5401522,0.08511879,0.8372518,0.0,0.0,0.0,0.0,0.0,0.0,0.0,-2.586581,-0.2360765,2.580871,1.152763,-0.2769382,-3.464314,-0.03888113,0.2295869,-0.07021735,0.9699731,357.5249,26.82503,351.1287,0.3183098,-0.07767961,-0.9447981,0,0,0,1.627244,-0.136317,-2.735719,0.07758847,0.1165239,0.869574,0.8847187,-0.154071,-0.4399259,0.1183647,0.9871155,-0.1076693,0.4508464,0.04318532,0.8915563,moving,5.543488949384478,3.3296967742791574,5.0987617835226295,7.632233763957523,0.47448099999999993,0.14062120000000003,0.7285949999999999,0.09643970493798101,0.05781074393806415,0.9936586362408102,5.463400948648284,3.4250360912559454,4.31100865201439,4.3254602991596265,4.222969805472105
05/17/2023 16:15:19.297350,739,True,True,True,True,Eyes,1.1614,-0.2810209,-3.452931,0.5400138,0.08814913,0.8370274,0.0,0.0,0.0,0.0,0.0,0.0,0.0,-2.585078,-0.2424825,2.581785,1.15252,-0.2768928,-3.464401,-0.04020284,0.2294284,-0.0697547,0.9699901,357.3643,26.81893,351.1451,0.3182689,-0.07760945,-0.9448176,0,0,0,1.627256,-0.1333296,-2.735718,0.07782331,0.1170318,0.8701785,0.8849938,-0.1537701,-0.4394778,0.1168754,0.987036,-0.1100001,0.4506952,0.0459853,0.8914927,moving,5.54699684709417,3.343372312542049,5.110578808951413,7.659844594818598,0.47473600000000005,0.1435632,0.7286830000000002,0.0964992056164252,0.05804757138283066,0.9936389809346808,5.466812254107674,3.438864017488385,4.32387026515877,4.338478266360002,4.235986225384449
05/17/2023 16:15:19.316976,740,True,True,True,True,Eyes,1.161273,-0.2807764,-3.453098,0.5398748,0.09120733,0.8367893,0.0,0.0,0.0,0.0,0.0,0.0,0.0,-2.583447,-0.2463409,2.583321,1.152428,-0.2766187,-3.464653,-0.04108011,0.229177,-0.06928591,0.9700463,357.2521,26.79731,351.1744,0.3182277,-0.07753961,-0.9448372,0,0,0,1.627269,-0.1302991,-2.735716,0.0780251,0.1180638,0.8707501,0.8853547,-0.1532503,-0.438932,0.1155918,0.9870238,-0.1114567,0.4503171,0.04794174,0.8915806,moving,5.559490669987591,3.407772548776157,5.120414127990856,7.721566692694172,0.47484100000000007,0.1463196,0.7289370000000002,0.09670952333085239,0.059163163538095684,0.9935526646799062,5.478850142593594,3.503996935586366,4.321485482707107,4.336082117053731,4.2327734445201175
05/17/2023 16:15:19.326947,741,True,True,True,True,Eyes,1.161123,-0.2805311,-3.453264,0.5398184,0.09425197,0.8364884,0.0,0.0,0.0,0.0,0.0,0.0,0.0,-2.582311,-0.255613,2.583611,1.152343,-0.2762199,-3.464754,-0.04287112,0.229102,-0.06870583,0.9700278,357.037,26.80558,351.191,0.3181863,-0.07746986,-0.9448569,0,0,0,1.627283,-0.1271227,-2.735715,0.07805422,0.1175312,0.8714296,0.8855835,-0.1529369,-0.4385797,0.1136494,0.9868831,-0.1146536,0.4503617,0.05169106,0.8913487,moving,5.562916965785876,3.367202892051763,5.1183420521562955,7.681228717095012,0.47494000000000014,0.1490972,0.7290390000000002,0.0967729708231351,0.05845928570753655,0.9935882880723939,5.482566652397137,3.462923444215607,4.322285260688493,4.3368727987997095,4.234000346554402
05/17/2023 16:15:19.346756,742,True,True,True,True,Eyes,1.160969,-0.2802882,-3.453427,0.539762,0.09728871,0.836177,0.0,0.0,0.0,0.0,0.0,0.0,0.0,-2.581126,-0.2642186,2.584207,1.152028,-0.2760563,-3.465079,-0.04442647,0.2290211,-0.06839193,0.9699991,356.8551,26.81149,351.1841,0.3181442,-0.07740018,-0.9448768,0,0,0,1.627294,-0.1242713,-2.735713,0.07811129,0.1174426,0.8723518,0.8857439,-0.1530294,-0.4382236,0.112331,0.9866977,-0.1175137,0.4503773,0.05486089,0.8911512,moving,5.562729244879128,3.3617272421505997,5.11667847806067,7.667489810470842,0.47526599999999997,0.15178499999999998,0.7293659999999997,0.09677024927107297,0.05836434273292826,0.9935940858418149,5.482417929159654,3.4573822251448396,4.314262676622034,4.3288049830556075,4.225963940464912
05/17/2023 16:15:19.366943,743,True,True,True,True,Eyes,1.160789,-0.2800406,-3.453575,0.539784,0.1003055,0.8358063,0.0,0.0,0.0,0.0,0.0,0.0,0.0,-2.580359,-0.2716479,2.584229,1.151797,-0.2758983,-3.465188,-0.04582806,0.2290077,-0.06802144,0.9699631,356.6894,26.82364,351.1875,0.3181013,-0.07733063,-0.9448969,0,0,0,1.627307,-0.1212631,-2.735712,0.07805601,0.1177412,0.8730417,0.885857,-0.1529465,-0.4380235,0.1109666,0.9865457,-0.1200579,0.4504927,0.05774818,0.8909105,moving,5.560304589279346,3.3700434706411198,5.109057471851372,7.680750027441655,0.4755100000000001,0.15463519999999997,0.729476,0.09672738492446675,0.058508804188172156,0.9935897865538293,5.479933327327365,3.4658081778359002,4.319777875596202,4.334260603589749,4.231227209183292
05/17/2023 16:15:19.377106,744,True,True,True,True,Eyes,1.160605,-0.2797995,-3.453723,0.5397853,0.1032853,0.8354424,0.0,0.0,0.0,0.0,0.0,0.0,0.0,-2.579459,-0.2791337,2.584336,1.151577,-0.2756737,-3.465284,-0.04731895,0.2289711,-0.06750566,0.9699362,356.5097,26.83358,351.2047,0.3180572,-0.07726114,-0.9449174,0,0,0,1.62732,-0.1182351,-2.73571,0.07809708,0.1177659,0.8737435,0.8860305,-0.1526217,-0.4377861,0.109283,0.9864078,-0.1227064,0.4505633,0.06087904,0.8906664,moving,5.561996378085479,3.3612799884921425,5.107647348287937,7.676245135941541,0.475743,0.15743860000000004,0.729574,0.09675758099118015,0.058356657188662356,0.9935957417845753,5.481688057612777,3.456932300798806,4.324338104768711,4.338819800888369,4.235859682878136
05/17/2023 16:15:19.401277,745,True,True,True,True,Eyes,1.160419,-0.2795576,-3.453871,0.5397806,0.1062412,0.8350746,0.0,0.0,0.0,0.0,0.0,0.0,0.0,-2.578231,-0.2813784,2.585384,1.151314,-0.2756086,-3.465426,-0.04815707,0.2288083,-0.06673218,0.9699869,356.3945,26.82085,351.269,0.318012,-0.07719187,-0.9449383,0,0,0,1.627333,-0.1152434,-2.735709,0.07842359,0.1188709,0.8743667,0.8863872,-0.1514962,-0.4374548,0.1074212,0.9864555,-0.1239612,0.4503093,0.0628857,0.8906553,moving,5.579280163988644,3.4140043505693187,5.125251745718418,7.741945833599237,0.47601899999999997,0.16036519999999999,0.729717,0.09705206913820966,0.059269240826560154,0.9935129235429179,5.498600439965352,3.510230107795224,4.337091254869079,4.351691542966732,4.248153390770263
05/17/2023 16:15:19.417308,746,True,True,True,True,Eyes,1.160231,-0.2793218,-3.454021,0.5397511,0.1091668,0.8347163,0.0,0.0,0.0,0.0,0.0,0.0,0.0,-2.57682,-0.2852837,2.586573,1.151168,-0.2753823,-3.465649,-0.04928063,0.2286079,-0.06588238,0.9700359,356.2453,26.80639,351.3341,0.3179656,-0.07712276,-0.9449595,0,0,0,1.627346,-0.1121751,-2.735707,0.07873392,0.1193559,0.8750727,0.8867959,-0.1503484,-0.4370223,0.1052846,0.9864619,-0.1257304,0.4500091,0.06548548,0.8906196,moving,5.60212666553427,3.4313193777445155,5.1412952050999206,7.766953291413603,0.476178,0.16320720000000002,0.7299419999999999,0.09744649337561856,0.059567177187303276,0.9934565284852036,5.521329519214619,3.5276692059152506,4.345375515897439,4.360055856096752,4.256284252427724
05/17/2023 16:15:19.427136,747,True,True,True,True,Eyes,1.160036,-0.2790885,-3.454173,0.5396873,0.1120725,0.8343724,0.0,0.0,0.0,0.0,0.0,0.0,0.0,-2.575207,-0.2879111,2.588014,1.150951,-0.27531,-3.465822,-0.05017385,0.2283659,-0.06511688,0.9700987,356.1235,26.78477,351.3964,0.3179182,-0.07705399,-0.9449811,0,0,0,1.627359,-0.1090795,-2.735705,0.0791409,0.1204666,0.8757226,0.8872177,-0.1492556,-0.4365405,0.1034236,0.9864848,-0.1270881,0.4496092,0.06760623,0.8906632,moving,5.625962275798948,3.4757666936914724,5.163912935794528,7.832591651553859,0.47640799999999994,0.1662305,0.7301170000000003,0.09785524883837177,0.06033540315166937,0.9933699805815583,5.544854486187468,3.5725652728114343,4.366395763300392,4.381257046333975,4.277024808485107
05/17/2023 16:15:19.446826,748,True,True,True,True,Eyes,1.15984,-0.2788521,-3.454326,0.5395983,0.1149942,0.8340324,0.0,0.0,0.0,0.0,0.0,0.0,0.0,-2.573068,-0.2913642,2.589967,1.150674,-0.275177,-3.466082,-0.05117885,0.2280382,-0.06437113,0.9701731,355.9891,26.75424,351.4537,0.3178695,-0.07698558,-0.945003,0,0,0,1.627371,-0.1062325,-2.735704,0.07976329,0.1211006,0.8764746,0.8877099,-0.1482437,-0.4358842,0.1015608,0.9864742,-0.1286628,0.4490619,0.06994653,0.8907586,moving,5.6586346087036015,3.5103669413787633,5.199860787663914,7.866627373602374,0.4766969999999999,0.1689445,0.730378,0.09841812459956906,0.06093188122289296,0.9932780145796207,5.5772887373968585,3.6074620253874374,4.365279282166418,4.380351398258865,4.275855624395483
05/17/2023 16:15:19.466779,749,True,True,True,True,Eyes,1.159626,-0.2786063,-3.454475,0.5395063,0.1179093,0.8336847,0.0,0.0,0.0,0.0,0.0,0.0,0.0,-2.571447,-0.2978035,2.591545,1.150982,-0.2753151,-3.466493,-0.05270882,0.2277283,-0.06359726,0.970215,355.7958,26.7312,351.4999,0.3178199,-0.07691739,-0.9450253,0,0,0,1.627383,-0.1032154,-2.735703,0.07973552,0.1211939,0.8772604,0.8881904,-0.1474126,-0.4351865,0.09939944,0.9863544,-0.1312436,0.4485951,0.07331197,0.8907232,moving,5.6917491122950565,3.486303841313127,5.193429694206323,7.865648590398855,0.4764010000000001,0.17209969999999997,0.7307899999999998,0.09899470788144926,0.0605112345208553,0.9932463280015177,5.610583610601665,3.582983774850632,4.392669323308901,4.407605095036196,4.3029333381193196
05/17/2023 16:15:19.477246,750,True,True,True,True,Eyes,1.159434,-0.2783768,-3.45463,0.5393921,0.1208258,0.8333411,0.0,0.0,0.0,0.0,0.0,0.0,0.0,-2.568456,-0.304421,2.59393,1.150732,-0.2749342,-3.466747,-0.05412773,0.2272771,-0.06294096,0.9702854,355.6167,26.69076,351.5367,0.3177689,-0.07684919,-0.945048,0,0,0,1.627396,-0.1001631,-2.735701,0.08055183,0.1211515,0.8780755,0.8887671,-0.1467454,-0.4342337,0.09753739,0.9862173,-0.1336488,0.4478611,0.0764286,0.8908306,moving,5.738084612456231,3.4799591445462106,5.241460479077594,7.85572336927023,0.476664,0.1747711,0.7310459999999996,0.09979862975424175,0.06039637997378096,0.9931730016580688,5.656976631412561,3.5763888995421267,4.388620555653092,4.403856046719588,4.299460102926222
05/17/2023 16:15:19.507018,751,True,True,True,True,Eyes,1.15923,-0.2781497,-3.454783,0.5393459,0.1237328,0.8329442,0.0,0.0,0.0,0.0,0.0,0.0,0.0,-2.566213,-0.3106518,2.595432,1.150568,-0.2747036,-3.466836,-0.05544616,0.226957,-0.0623803,0.9703221,355.4525,26.66499,351.565,0.3177172,-0.07678138,-0.9450709,0,0,0,1.627409,-0.09713627,-2.735699,0.08107552,0.1214445,0.8787186,0.8891984,-0.1462258,-0.4335253,0.09589019,0.9860688,-0.1359166,0.4473603,0.07928598,0.8908325,moving,5.772258769430063,3.4870765367755947,5.271505979200089,7.868793252360967,0.47684100000000007,0.17756733,0.7311369999999999,0.10039024930008861,0.06051612558508536,0.9931059572603147,5.691109087552635,3.5834645526106224,4.394816657105438,4.410237491628242,4.305822666279128
05/17/2023 16:15:19.517264,752,True,True,True,True,Eyes,1.159026,-0.2779159,-3.454937,0.5392671,0.1266168,0.8325619,0.0,0.0,0.0,0.0,0.0,0.0,0.0,-2.563037,-0.3154624,2.598099,1.15031,-0.2745925,-3.467013,-0.05647554,0.2264515,-0.06195585,0.970408,355.3224,26.61485,351.5869,0.3176645,-0.07671402,-0.945094,0,0,0,1.627421,-0.09421985,-2.735698,0.08191752,0.1223249,0.8793849,0.8897623,-0.1458228,-0.4325028,0.09466696,0.985944,-0.1376686,0.4464988,0.08154863,0.8910604,moving,5.823323951464043,3.530899231286717,5.3219271250273374,7.919186487437399,0.47711100000000006,0.18037265000000002,0.7313149999999999,0.1012706677322262,0.06127019894627353,0.9929704683898777,5.741875294652361,3.627626544401582,4.401112065627096,4.416838668103611,4.312057885724749
05/17/2023 16:15:19.526830,753,True,True,True,True,Eyes,1.158833,-0.277685,-3.455095,0.5391905,0.1295857,0.8321546,0.0,0.0,0.0,0.0,0.0,0.0,0.0,-2.560268,-0.3206035,2.600352,1.150095,-0.274219,-3.467229,-0.05753601,0.2260196,-0.06149174,0.970476,355.1885,26.5735,351.612,0.3176109,-0.07664686,-0.9451175,0,0,0,1.627437,-0.09051302,-2.735696,0.08251661,0.1236296,0.8801427,0.8902678,-0.145361,-0.4316172,0.09334395,0.9858168,-0.1394713,0.4457692,0.08387796,0.8912095,moving,5.866549235355099,3.574222616477723,5.356033599284752,7.995761810104,0.47734199999999993,0.18370598,0.7315330000000002,0.10201504900880845,0.06201626012471855,0.9928479442954866,5.784803087154725,3.6713125208865707,4.4349174207244335,4.450913957317712,4.345653567501833
05/17/2023 16:15:19.547008,754,True,True,True,True,Eyes,1.158641,-0.2774592,-3.455257,0.5390896,0.1325369,0.831755,0.0,0.0,0.0,0.0,0.0,0.0,0.0,-2.558105,-0.3297731,2.601333,1.149901,-0.2740567,-3.467305,-0.0594352,0.2257517,-0.06076252,0.9704698,354.9557,26.55937,351.6433,0.3175568,-0.07657995,-0.9451411,0,0,0,1.627447,-0.08818157,-2.735695,0.08314943,0.1222243,0.8809094,0.8906882,-0.1447716,-0.4309475,0.09110121,0.9855507,-0.1427946,0.4453933,0.08792566,0.8910072,moving,5.895906868763488,3.513653916460643,5.3921979482012885,7.899235488068401,0.477546,0.18587513,0.7316099999999999,0.1025304148750033,0.06096341201760273,0.9928600017804633,5.814600419902914,3.6099009025375217,4.398244595045041,4.414413709415952,4.310082949866627
05/17/2023 16:15:19.567141,755,True,True,True,True,Eyes,1.158454,-0.277239,-3.455419,0.5390526,0.1354773,0.8313051,0.0,0.0,0.0,0.0,0.0,0.0,0.0,-2.555865,-0.3358676,2.603042,1.149737,-0.2739762,-3.467582,-0.06064107,0.2254105,-0.06037438,0.9704987,354.8084,26.53061,351.6558,0.3175023,-0.0765134,-0.9451649,0,0,0,1.627459,-0.08525209,-2.735693,0.08356091,0.1228159,0.8817199,0.8910901,-0.1445248,-0.4301988,0.08984826,0.9853552,-0.1449222,0.4448435,0.09048611,0.8910255,moving,5.931154931439108,3.542052478384924,5.413772346680687,7.929780867035032,0.477722,0.18872411,0.7318890000000002,0.10313810230031845,0.06145163161680221,0.9927669426877495,5.849655308126633,3.638511272073179,4.401909802730237,4.418126882693318,4.31335005450786
05/17/2023 16:15:19.577136,756,True,True,True,True,Eyes,1.158266,-0.277015,-3.455585,0.5390038,0.1384017,0.8308549,0.0,0.0,0.0,0.0,0.0,0.0,0.0,-2.554629,-0.3420208,2.603473,1.14953,-0.273893,-3.467671,-0.06170824,0.2252806,-0.06022597,0.970471,354.6847,26.52637,351.644,0.3174473,-0.07644732,-0.9451886,0,0,0,1.627472,-0.08215458,-2.735692,0.08359617,0.1239345,0.8824052,0.8912429,-0.1446984,-0.4298236,0.08909178,0.9851299,-0.1469076,0.4446894,0.09263661,0.8908815,moving,5.937113672536399,3.5913746551381847,5.411861937918225,7.994940211031479,0.4779420000000001,0.19173842,0.7319790000000004,0.10323587387266048,0.06230558187457949,0.9927035613134256,5.855263906571919,3.6884080958643377,4.4185967663089,4.43478060221351,4.3292983455488425
05/17/2023 16:15:19.603758,757,True,True,True,True,Eyes,1.158076,-0.2768007,-3.455753,0.5390321,0.1413129,0.8303464,0.0,0.0,0.0,0.0,0.0,0.0,0.0,-2.553208,-0.3493873,2.604099,1.149341,-0.2736024,-3.467914,-0.06299178,0.2251174,-0.05998252,0.9704413,354.5341,26.52022,351.6371,0.3173921,-0.07638156,-0.9452125,0,0,0,1.627485,-0.07918452,-2.73569,0.08369792,0.1242844,0.8832434,0.8914484,-0.1447801,-0.4293697,0.08805792,0.9848683,-0.1492658,0.4444833,0.09525342,0.8907084,moving,5.954499278118178,3.614152596095422,5.413298342255225,8.009709401772719,0.4781440000000001,0.19441788000000004,0.732224,0.10353454485070054,0.0626982722904785,0.9926477770106208,5.872491686483203,3.711396660089157,4.41270093765352,4.428749042891789,4.322771212162694
05/17/2023 16:15:19.617196,758,True,True,True,True,Eyes,1.157887,-0.2765875,-3.455923,0.5390462,0.1441696,0.8298459,0.0,0.0,0.0,0.0,0.0,0.0,0.0,-2.551725,-0.3558614,2.604843,1.149071,-0.2736422,-3.468126,-0.06417278,0.2249434,-0.05976074,0.970418,354.3954,26.5118,351.6307,0.3173364,-0.07631633,-0.9452364,0,0,0,1.627498,-0.07615339,-2.735689,0.08383733,0.1252137,0.8841109,0.8916582,-0.1448563,-0.4289081,0.08711533,0.984621,-0.1514344,0.4442482,0.09766328,0.8905647,moving,5.971959103221564,3.6457892750882954,5.416972491768681,8.061000700614077,0.47842699999999994,0.19748881000000001,0.732437,0.10383343622846739,0.06324438000030022,0.9925818167611054,5.889730533038507,3.7433509016594124,4.433906795689404,4.44995528865014,4.343454840561662
05/17/2023 16:15:19.626927,759,True,True,True,True,Eyes,1.157714,-0.2763799,-3.456102,0.5390927,0.1469974,0.8293195,0.0,0.0,0.0,0.0,0.0,0.0,0.0,-2.550574,-0.3605591,2.605551,1.148922,-0.2734701,-3.468359,-0.0649686,0.2247922,-0.0596441,0.9704072,354.3025,26.50233,351.623,0.3172804,-0.07625162,-0.9452605,0,0,0,1.627511,-0.07299315,-2.735687,0.08378121,0.1267489,0.8848515,0.8918222,-0.144967,-0.4285299,0.08654926,0.9844433,-0.1529071,0.4440298,0.09927695,0.8904951,moving,5.986512114394414,3.7218237354149704,5.408863983774375,8.151774406208723,0.47858899999999993,0.20047695,0.732672,0.10407676711946384,0.06455988397118215,0.9924716901795679,5.903745190551039,3.820251146970382,4.451596990282769,4.467453447824034,4.359701957031406
05/17/2023 16:15:19.646961,760,True,True,True,True,Eyes,1.157538,-0.2761686,-3.456287,0.5391228,0.1497972,0.8287988,0.0,0.0,0.0,0.0,0.0,0.0,0.0,-2.549692,-0.3667257,2.605752,1.148774,-0.2733674,-3.468566,-0.06603917,0.224709,-0.05947887,0.9703644,354.1783,26.50377,351.6127,0.3172244,-0.0761875,-0.9452844,0,0,0,1.627522,-0.07025981,-2.735686,0.0836888,0.1274337,0.8856202,0.8919362,-0.1451115,-0.4282433,0.08575317,0.9842021,-0.154895,0.443955,0.1014333,0.8902894,moving,5.993814907947835,3.7637596400265405,5.398271455543715,8.188203424735,0.47874799999999995,0.20310758999999998,0.7328800000000002,0.10419833732133604,0.06528544176551242,0.9924114887898419,5.9107508697821265,3.8626672733033818,4.44872414393496,4.46434483521902,4.355789038436091
05/17/2023 16:15:19.666967,761,True,True,True,True,Eyes,1.157377,-0.2759572,-3.456473,0.5391924,0.152624,0.8282375,0.0,0.0,0.0,0.0,0.0,0.0,0.0,-2.548354,-0.3727445,2.606529,1.148562,-0.2730839,-3.4689,-0.06710137,0.2245414,-0.05924036,0.970345,354.0524,26.49481,351.6114,0.3171683,-0.07612379,-0.9453084,0,0,0,1.627535,-0.0671903,-2.735684,0.08375692,0.1282393,0.8865401,0.8921435,-0.1451012,-0.4278149,0.08483312,0.9839759,-0.1568268,0.4437153,0.1036191,0.8901572,moving,6.014918346180754,3.806887220470839,5.397066668469912,8.230826356867645,0.47897299999999987,0.2058936,0.7332160000000001,0.10455871820583579,0.06602991295303046,0.9923242469286833,5.931552352034847,3.9062378558493367,4.451437412265562,4.466875661823756,4.35749247263557
05/17/2023 16:15:19.676886,762,True,True,True,True,Eyes,1.157214,-0.2757496,-3.456665,0.5392488,0.155449,0.8276752,0.0,0.0,0.0,0.0,0.0,0.0,0.0,-2.547513,-0.3815716,2.606087,1.148429,-0.2728548,-3.468972,-0.06869465,0.2245051,-0.05888671,0.9702634,353.8655,26.5068,351.6076,0.3171125,-0.07606045,-0.9453322,0,0,0,1.627548,-0.06427357,-2.735682,0.08369833,0.1279983,0.8873477,0.8922597,-0.1451158,-0.4275676,0.08342664,0.9836268,-0.1597445,0.4437484,0.1068631,0.889757,moving,6.0232042240977695,3.7864502407842027,5.388433858373507,8.208194229127772,0.4791190000000001,0.20858123,0.7332899999999998,0.10470468167324068,0.06567494028679564,0.9923324183213564,5.939986163319834,3.8855225219987592,4.451775706661417,4.467074357524643,4.3577173649406475
05/17/2023 16:15:19.696968,763,True,True,True,True,Eyes,1.157065,-0.2755395,-3.456859,0.5393649,0.1582623,0.8270662,0.0,0.0,0.0,0.0,0.0,0.0,0.0,-2.546643,-0.3882573,2.606246,1.148224,-0.2727662,-3.46927,-0.07003572,0.2244273,-0.05841373,0.9702141,353.7031,26.51039,351.6244,0.3170568,-0.07599753,-0.945356,0,0,0,1.62756,-0.06125383,-2.735681,0.08369035,0.1283288,0.8883586,0.8924404,-0.1447835,-0.427303,0.08191178,0.9833657,-0.1621186,0.4436671,0.10968,0.8894548,moving,6.041980933121868,3.789603806191677,5.381828014936656,8.219862228266948,0.479336,0.21151237,0.7335889999999998,0.10502951862787768,0.06572729612488044,0.9922946502408688,5.958745358599963,3.8886439918915308,4.464028000777056,4.4791730890597785,4.369471939780653
05/17/2023 16:15:19.716893,764,True,True,True,True,Eyes,1.156916,-0.2753329,-3.457051,0.5394948,0.1610851,0.8264363,0.0,0.0,0.0,0.0,0.0,0.0,0.0,-2.54708,-0.3959285,2.604744,1.148134,-0.2724783,-3.469382,-0.07137087,0.2246058,-0.05815623,0.9700909,353.5493,26.5454,351.6154,0.3170016,-0.0759349,-0.9453796,0,0,0,1.627573,-0.05826646,-2.735679,0.08314535,0.1285411,0.8891746,0.8923402,-0.1448943,-0.4274747,0.08077304,0.9830481,-0.1645969,0.4440774,0.112348,0.8889169,moving,6.028333022122687,3.7996054981269674,5.342106245245375,8.225822160343247,0.47943899999999995,0.21421184000000001,0.7337029999999998,0.10479194169242911,0.06590217522402053,0.9923081975292825,5.945022508705789,3.8988178049078344,4.4643731613071544,4.479096017075817,4.368807012526658
05/17/2023 16:15:19.727188,765,True,True,True,True,Eyes,1.156771,-0.2751314,-3.457249,0.5396589,0.1639243,0.8257706,0.0,0.0,0.0,0.0,0.0,0.0,0.0,-2.54832,-0.4039429,2.602411,1.147965,-0.2723884,-3.469529,-0.07290477,0.2249418,-0.05771134,0.9699255,353.3698,26.60025,351.6208,0.3169468,-0.07587264,-0.945403,0,0,0,1.627586,-0.05515638,-2.735678,0.0824022,0.1286013,0.8901885,0.8921412,-0.1447501,-0.4279386,0.07915274,0.9827086,-0.1673878,0.4447684,0.115461,0.8881722,moving,6.002380284086511,3.7809047680569745,5.288635048640823,8.220376687933207,0.4796210000000001,0.21723201999999997,0.733851,0.10434466338178619,0.06558139347535556,0.9923765718504406,5.919196251594128,3.8799878564047736,4.4821632231339805,4.496481200726963,4.3859528770298795
05/17/2023 16:15:19.747149,766,True,True,True,True,Eyes,1.156626,-0.2749297,-3.457448,0.5398326,0.1667534,0.8250903,0.0,0.0,0.0,0.0,0.0,0.0,0.0,-2.550176,-0.4080713,2.600183,1.147782,-0.272306,-3.469772,-0.07382831,0.2253396,-0.05724491,0.969791,353.2581,26.65514,351.6448,0.3168924,-0.07581083,-0.9454262,0,0,0,1.627599,-0.05219464,-2.735676,0.08153841,0.1295204,0.8911488,0.8918901,-0.1443041,-0.4286121,0.0777583,0.9825448,-0.1689952,0.4455173,0.117397,0.8875429,moving,5.969209548939196,3.826948568263856,5.227897474456695,8.269518202126562,0.47981699999999994,0.22011135999999998,0.7340959999999996,0.10376460631349488,0.06638291049901594,0.9923840744684969,5.885688385379068,3.926713049259531,4.490233159915103,4.503994731734549,4.392339408363216
05/17/2023 16:15:19.767132,767,True,True,True,True,Eyes,1.156471,-0.2747284,-3.457641,0.5399493,0.1698838,0.824375,0.0,0.0,0.0,0.0,0.0,0.0,0.0,-2.551594,-0.4141113,2.598034,1.147608,-0.2721255,-3.469992,-0.07508156,0.2256786,-0.05671776,0.9696469,353.1076,26.7066,351.6669,0.3168383,-0.07574943,-0.9454493,0,0,0,1.627612,-0.04906741,-2.735675,0.08080268,0.1299194,0.8921726,0.8917044,-0.143881,-0.4291403,0.07610379,0.9822917,-0.1712052,0.4461741,0.1200052,0.8868638,moving,5.940242280868205,3.8525803837510173,5.175070399206184,8.285253144123503,0.4800040000000001,0.22305809000000001,0.7343169999999999,0.10325977566604697,0.06683038493805912,0.9924066762554341,5.856530659785181,3.9527634822508584,4.48497774298367,4.4982302974652635,4.3857558934557375
05/17/2023 16:15:19.777032,768,True,True,True,True,Eyes,1.15631,-0.2745236,-3.457837,0.5400655,0.1729761,0.8236556,0.0,0.0,0.0,0.0,0.0,0.0,0.0,-2.553158,-0.4183891,2.595943,1.147462,-0.2720151,-3.470147,-0.0760397,0.2260239,-0.05623305,0.96952,352.9911,26.75558,351.6922,0.3167844,-0.07568842,-0.9454722,0,0,0,1.627624,-0.0461605,-2.735673,0.08005896,0.1307014,0.8930427,0.8915021,-0.1434117,-0.4297175,0.07466456,0.9821116,-0.172864,0.4468212,0.122024,0.8862624,moving,5.909680861006766,3.9097953957540152,5.1227240067512,8.326418176521521,0.480162,0.22585460000000002,0.7344740000000001,0.10272350907655223,0.06782514974065282,0.9923949075939869,5.825553137138846,4.010785327606002,4.473479316464735,4.486185225562394,4.372488498916851
05/17/2023 16:15:19.803958,769,True,True,True,True,Eyes,1.156162,-0.274319,-3.458037,0.5400847,0.1763147,0.8229348,0.0,0.0,0.0,0.0,0.0,0.0,0.0,-2.553849,-0.4228228,2.594705,1.147161,-0.2717484,-3.470387,-0.07704934,0.2262272,-0.05566686,0.9694256,352.8654,26.78787,351.7261,0.3167305,-0.07562767,-0.9454951,0,0,0,1.627637,-0.04315824,-2.735672,0.07971773,0.1313047,0.8940477,0.8914449,-0.1427911,-0.4300426,0.07306844,0.9819292,-0.1745739,0.447199,0.1242005,0.8857694,moving,5.890444601935793,3.9733740507235913,5.095301352124397,8.355039755802322,0.4804759999999999,0.22859016,0.734715,0.10238255896286383,0.06892876193185982,0.9923541097108316,5.805858395966437,4.075205455808339,4.440927586465623,4.453228844196502,4.338418254151912
05/17/2023 16:15:19.817335,770,True,True,True,True,Eyes,1.156017,-0.2741132,-3.458236,0.5401042,0.1796417,0.8222021,0.0,0.0,0.0,0.0,0.0,0.0,0.0,-2.554533,-0.4288139,2.593178,1.147013,-0.2715544,-3.470549,-0.07841659,0.2264228,-0.05494415,0.9693115,352.6957,26.82245,351.7676,0.3166768,-0.07556713,-0.945518,0,0,0,1.627649,-0.04015061,-2.73567,0.07934576,0.1312874,0.8950279,0.8914277,-0.1420266,-0.4303314,0.07100537,0.9816639,-0.1769014,0.4475656,0.127139,0.8851671,moving,5.8760302198290155,3.9917818048381966,5.066125151545875,8.344934453432955,0.48063599999999984,0.23140378999999997,0.7348790000000003,0.10213062451816576,0.06924937853257662,0.9923577175541701,5.791308927433564,4.09388993748159,4.415919952939723,4.427853227196931,4.312455331410507
05/17/2023 16:15:19.827115,771,True,True,True,True,Eyes,1.155839,-0.2739027,-3.458415,0.5401715,0.1830709,0.8214011,0.0,0.0,0.0,0.0,0.0,0.0,0.0,-2.554945,-0.4361869,2.591669,1.146954,-0.2713528,-3.47068,-0.07990497,0.226574,-0.05438447,0.9691862,352.5164,26.85431,351.7876,0.3166235,-0.07550675,-0.9455407,0,0,0,1.627663,-0.03689002,-2.735668,0.07888708,0.1313946,0.8959957,0.8914132,-0.1416261,-0.4304935,0.06920858,0.981315,-0.1795298,0.4478759,0.1302414,0.8845589,moving,5.867491892122985,4.010160548373861,5.031577408602135,8.342758355694203,0.48070900000000005,0.23446278,0.7350120000000002,0.10198046809001682,0.0695687701084243,0.9923508156262139,5.782637276962768,4.112523069085483,4.400988248810235,4.412500060482375,4.296391684417454
05/17/2023 16:15:19.847251,772,True,True,True,True,Eyes,1.155658,-0.2736913,-3.458595,0.5402247,0.1864551,0.8206045,0.0,0.0,0.0,0.0,0.0,0.0,0.0,-2.555005,-0.4419133,2.590708,1.146789,-0.2711961,-3.470796,-0.0810331,0.2266617,-0.05399742,0.9690937,352.3813,26.87557,351.7987,0.3165697,-0.07544646,-0.9455635,0,0,0,1.627675,-0.03408303,-2.735667,0.07862583,0.1318274,0.8968437,0.8914175,-0.1413913,-0.4305617,0.06792291,0.9810359,-0.1815356,0.448064,0.132579,0.8841162,moving,5.862243492480919,4.072193460468891,5.010281745299704,8.362047807319804,0.4808859999999999,0.23711306999999998,0.7351290000000001,0.10188184975874101,0.07064384385047476,0.9922849954736377,5.776945123966279,4.175326403333398,4.362549397955944,4.373635688515419,4.256337492585186
05/17/2023 16:15:19.867068,773,True,True,True,True,Eyes,1.155439,-0.2734769,-3.458755,0.5402361,0.1899372,0.8197981,0.0,0.0,0.0,0.0,0.0,0.0,0.0,-2.554341,-0.4476106,2.59052,1.146523,-0.2709902,-3.471002,-0.08216095,0.2266234,-0.05358898,0.9690304,352.2446,26.8818,351.8132,0.3165156,-0.07538622,-0.9455864,0,0,0,1.627688,-0.03110179,-2.735666,0.07863757,0.1323764,0.8978189,0.8915401,-0.1410979,-0.430404,0.06661951,0.9807556,-0.1835219,0.4480158,0.1349439,0.8837828,moving,5.869451381097326,4.140235021936564,5.005610798190189,8.387386192227583,0.48116500000000006,0.23988841000000002,0.7353359999999998,0.10199808746605746,0.07182132591405886,0.9921885888014804,5.783669711083791,4.244164497643955,4.323345512315783,4.33411047574721,4.2156448714759645
05/17/2023 16:15:19.877128,774,True,True,True,True,Eyes,1.155219,-0.2732642,-3.458914,0.540224,0.1933687,0.8190035,0.0,0.0,0.0,0.0,0.0,0.0,0.0,-2.55366,-0.4539369,2.590173,1.146327,-0.2708923,-3.471136,-0.08349435,0.2265772,-0.05303901,0.9689574,352.0812,26.88857,351.8379,0.3164603,-0.075326,-0.9456097,0,0,0,1.627701,-0.02796461,-2.735664,0.07865772,0.1327587,0.8988004,0.8916993,-0.1406209,-0.4302303,0.06494926,0.9804311,-0.1858398,0.4479442,0.1377701,0.883383,moving,5.879396624169814,4.1776747600042174,5.00144708253695,8.402208732068557,0.48137399999999997,0.24292768999999997,0.7354720000000001,0.10216551530283802,0.07246840304832151,0.9921243346327475,5.793350602526836,4.282020152336458,4.3042545181441145,4.3147981040576,4.195600686138658
05/17/2023 16:15:19.904206,775,True,True,True,True,Eyes,1.154976,-0.2730494,-3.459063,0.5401347,0.1968187,0.8182402,0.0,0.0,0.0,0.0,0.0,0.0,0.0,-2.552211,-0.4590057,2.590747,1.146096,-0.2707396,-3.471253,-0.08455105,0.2263834,-0.052599,0.9689351,351.9502,26.87531,351.8591,0.3164039,-0.07526586,-0.9456334,0,0,0,1.627714,-0.02491113,-2.735662,0.07895738,0.1335636,0.8996704,0.8919678,-0.1402119,-0.429807,0.06364812,0.9801689,-0.187664,0.4475962,0.1400339,0.8832033,moving,5.899331597928678,4.2512557838022875,5.015573694946682,8.44436083961821,0.4816180000000001,0.24582847000000002,0.7355909999999999,0.10250111862521477,0.07373989917064905,0.991996001837055,5.812766144205847,4.356417127780402,4.274842766776326,4.285225553012604,4.164948930336373
05/17/2023 16:15:19.916880,776,True,True,True,True,Eyes,1.154728,-0.2728396,-3.459205,0.5400282,0.200231,0.8174822,0.0,0.0,0.0,0.0,0.0,0.0,0.0,-2.550183,-0.4633698,2.592124,1.14586,-0.2706016,-3.471459,-0.08545633,0.2260684,-0.05222069,0.9689497,351.8367,26.8463,351.8788,0.3163461,-0.07520576,-0.9456574,0,0,0,1.627726,-0.02206964,-2.735661,0.07944614,0.1344671,0.900538,0.8923322,-0.1398364,-0.4291725,0.06256049,0.9799405,-0.1892166,0.4470229,0.1419948,0.8831806,moving,5.931395319246595,4.3426347969292545,5.041624330394793,8.492581209875224,0.4818659999999999,0.24853196,0.735798,0.10304405248628262,0.07531765409046201,0.9918211692147904,5.844186727567257,4.448782114939548,4.234046693585193,4.244260553138254,4.122671163403384
05/17/2023 16:15:19.927215,777,True,True,True,True,Eyes,1.154455,-0.2726262,-3.459333,0.5399083,0.2036494,0.8167166,0.0,0.0,0.0,0.0,0.0,0.0,0.0,-2.548708,-0.4692239,2.592307,1.145508,-0.2705361,-3.471421,-0.08666998,0.2259089,-0.05176011,0.9689038,351.688,26.83885,351.8977,0.316287,-0.07514585,-0.945682,0,0,0,1.627739,-0.01883033,-2.735659,0.07983208,0.1352827,0.9014285,0.8925721,-0.1394602,-0.4287959,0.06114209,0.9796184,-0.1913359,0.44674,0.1445636,0.882907,moving,5.946687548193791,4.39619081914159,5.0610102393421865,8.535019027316357,0.4822310000000001,0.25170577,0.7357619999999998,0.10330148231462177,0.07624265809831329,0.991723709549447,5.859101094675758,4.502929100096238,4.222304540432968,4.2325315394215055,4.11031606990959
05/17/2023 16:15:19.947245,778,True,True,True,True,Eyes,1.154182,-0.2724167,-3.459463,0.5397487,0.2070151,0.8159755,0.0,0.0,0.0,0.0,0.0,0.0,0.0,-2.54706,-0.473714,2.593104,1.145246,-0.2703683,-3.471516,-0.08771376,0.2256728,-0.05118408,0.9688956,351.5545,26.81931,351.9351,0.3162261,-0.07508606,-0.9457071,0,0,0,1.627751,-0.01604808,-2.735658,0.0803495,0.1357552,0.9022697,0.8929039,-0.1387733,-0.4283275,0.05959484,0.9793729,-0.1930726,0.4462858,0.1468692,0.8827562,moving,5.970862225390625,4.461442643504551,5.088916499909713,8.556521394738677,0.48250499999999996,0.25432022,0.7358579999999999,0.10371087876372828,0.07736872297899809,0.9915936978977852,5.882816859395604,4.568880202952758,4.178827955471234,4.1889734114104025,4.065902120713146
05/17/2023 16:15:19.967183,779,True,True,True,True,Eyes,1.153879,-0.2721931,-3.459579,0.5395392,0.2103691,0.8152559,0.0,0.0,0.0,0.0,0.0,0.0,0.0,-2.544313,-0.4771793,2.59527,1.144961,-0.2702712,-3.471696,-0.08862371,0.2252143,-0.05056989,0.9689517,351.433,26.77144,351.9826,0.3161637,-0.07502647,-0.9457327,0,0,0,1.627764,-0.01304517,-2.735656,0.08123767,0.1367352,0.9031739,0.8934425,-0.1379182,-0.4274802,0.0580809,0.979177,-0.1945223,0.4454069,0.148966,0.8828487,moving,6.018723176915229,4.541078816018496,5.139745169406953,8.608867987687045,0.4828030000000001,0.25722603,0.73604,0.10452789150201605,0.07874010378267327,0.99139992183311,5.930122597597007,4.649301112528928,4.151458847035378,4.161671669272711,4.037680809306469
05/17/2023 16:15:19.987174,780,True,True,True,True,Eyes,1.153582,-0.2719719,-3.459695,0.5393054,0.2137243,0.8145376,0.0,0.0,0.0,0.0,0.0,0.0,0.0,-2.541376,-0.4818593,2.597355,1.144778,-0.2698719,-3.471841,-0.08970631,0.2247223,-0.04991181,0.9690003,351.2909,26.72131,352.0305,0.3160993,-0.07496674,-0.9457589,0,0,0,1.627777,-0.009987922,-2.735655,0.08216709,0.1371518,0.9040104,0.8940174,-0.1370471,-0.4265571,0.0564111,0.9789232,-0.1962835,0.4444667,0.1514183,0.8829054,moving,6.070278099424768,4.600584772222621,5.193443660576652,8.626832820426834,0.48299899999999996,0.259883978,0.736186,0.1054113209336276,0.07976222494263244,0.9912246635272138,5.981266836025321,4.709334347436248,4.1103634022723865,4.120620339077397,3.995930384986405
05/17/2023 16:15:19.997129,781,True,True,True,True,Eyes,1.153262,-0.2717542,-3.459798,0.5390418,0.2170346,0.8138366,0.0,0.0,0.0,0.0,0.0,0.0,0.0,-2.539319,-0.4896567,2.598,1.144616,-0.2697385,-3.471974,-0.09132273,0.2244217,-0.04926552,0.9689521,351.0912,26.70048,352.0605,0.3160332,-0.07490692,-0.9457858,0,0,0,1.627789,-0.007029253,-2.735653,0.08270165,0.1367844,0.9050365,0.8944156,-0.1364615,-0.4259097,0.05448226,0.9784662,-0.1990872,0.4439059,0.1548622,0.8825901,moving,6.097906819929374,4.597500036029223,5.221150964950221,8.594460462391899,0.48317299999999985,0.262709247,0.7363209999999998,0.10588978781349012,0.0797047917944985,0.9911783846744082,6.008924873959512,4.706108889251277,4.081708914018327,4.091991383073714,3.9673499578510754
05/17/2023 16:15:20.016920,782,True,True,True,True,Eyes,1.152944,-0.2715412,-3.459898,0.5387741,0.220269,0.8131445,0.0,0.0,0.0,0.0,0.0,0.0,0.0,-2.537778,-0.4945951,2.598576,1.144377,-0.2697336,-3.472058,-0.09229008,0.2242124,-0.04897049,0.9689239,350.9739,26.68528,352.0684,0.3159651,-0.07484718,-0.9458132,0,0,0,1.627802,-0.00391003,-2.735651,0.08297059,0.1380164,0.9059381,0.8946614,-0.1362825,-0.4254504,0.05351219,0.9781688,-0.2008037,0.4435284,0.1568845,0.8824227,moving,6.107753814176459,4.67296748622189,5.2328514912539825,8.66220013882136,0.483425,0.26582357,0.7364070000000003,0.10604893873891744,0.08100887041774019,0.9910555618016842,6.018236311154045,4.782452871981581,4.073817220640624,4.08404593892147,3.9584426445106144
05/17/2023 16:15:20.027406,783,True,True,True,True,Eyes,1.152606,-0.2713278,-3.459988,0.5385035,0.2234403,0.8124583,0.0,0.0,0.0,0.0,0.0,0.0,0.0,-2.536978,-0.4977489,2.598638,1.144081,-0.269645,-3.472075,-0.09297068,0.2241362,-0.04866087,0.9688919,350.8892,26.68215,352.0848,0.3158953,-0.07478763,-0.9458412,0,0,0,1.627815,-0.0008732072,-2.73565,0.08310914,0.1395698,0.9067369,0.8947902,-0.1359704,-0.4252794,0.05261805,0.9779772,-0.2019704,0.4433756,0.1583437,0.8822388,moving,6.102603689358372,4.774273351142505,5.236949127457575,8.750595227167775,0.4837340000000001,0.2687717928,0.7364249999999997,0.10594455031147726,0.08276198073625055,0.9909219359864537,6.012362399689651,4.885004110681294,4.059326057518522,4.069458622752759,3.942595645334791
05/17/2023 16:15:20.057457,784,True,True,True,True,Eyes,1.152271,-0.2711185,-3.460084,0.5382127,0.2265517,0.811789,0.0,0.0,0.0,0.0,0.0,0.0,0.0,-2.535995,-0.4996581,2.599218,1.143785,-0.2695314,-3.472171,-0.09370875,0.2239895,-0.04791568,0.9688919,350.786,26.66764,352.1493,0.3158236,-0.07472828,-0.9458698,0,0,0,1.627827,0.001982152,-2.735649,0.08357263,0.140569,0.9075999,0.8950656,-0.1348298,-0.4250629,0.05087067,0.9778455,-0.2030525,0.4430234,0.1601221,0.8820947,moving,6.113906842792147,4.850352109082192,5.261012132194378,8.804014208450191,0.48404199999999986,0.271513552,0.7365219999999999,0.10612831309029891,0.08407601642403367,0.9907915867416583,6.023126022564987,4.961961350805549,4.0344625933918365,4.0446104118128146,3.9169104844036435
05/17/2023 16:15:20.067199,785,True,True,True,True,Eyes,1.151908,-0.2709048,-3.460165,0.53796,0.2296078,0.8110976,0.0,0.0,0.0,0.0,0.0,0.0,0.0,-2.53488,-0.5007316,2.600286,1.143516,-0.269429,-3.472407,-0.09434066,0.2237907,-0.04711803,0.9689156,350.6928,26.6451,352.2233,0.3157502,-0.0746692,-0.945899,0,0,0,1.62784,0.00497619,-2.735647,0.08405954,0.1418443,0.9085687,0.8953952,-0.1335319,-0.4247784,0.04908165,0.9777594,-0.2039054,0.442559,0.1617271,0.8820351,moving,6.135591450286281,4.933935040690671,5.285879994111709,8.873299085008314,0.484324,0.27440518999999997,0.7367599999999999,0.10649017522889925,0.08551796555095467,0.9906293657540866,6.044220336923593,5.046474739667796,4.019831245387152,4.029962609307557,3.9012388603656314
05/17/2023 16:15:20.087159,786,True,True,True,True,Eyes,1.15155,-0.2706998,-3.460248,0.5377032,0.2326136,0.8104112,0.0,0.0,0.0,0.0,0.0,0.0,0.0,-2.534335,-0.5027374,2.600508,1.143335,-0.2692624,-3.472539,-0.09508806,0.2237038,-0.04636509,0.968899,350.5889,26.63754,352.2879,0.3156746,-0.0746103,-0.9459289,0,0,0,1.627853,0.00802602,-2.735646,0.08429033,0.1429339,0.9094627,0.8956138,-0.1323893,-0.4246753,0.04730304,0.9776171,-0.2050056,0.4423104,0.1635174,0.8818297,moving,6.143579154840236,5.002561872195315,5.295129556081849,8.93171722627047,0.484518,0.27728842000000004,0.7368929999999998,0.10661732161128654,0.08670326100486081,0.9905127069069829,6.051720772961936,5.115902269425862,4.009655620102862,4.019717467446029,3.8900994915733333
05/17/2023 16:15:20.104069,787,True,True,True,True,Eyes,1.151175,-0.2704923,-3.460329,0.537439,0.2355635,0.809734,0.0,0.0,0.0,0.0,0.0,0.0,0.0,-2.534064,-0.5055257,2.600315,1.143084,-0.269276,-3.472683,-0.0958856,0.2236901,-0.045784,0.9688512,350.4845,26.64072,352.3311,0.3155972,-0.07455178,-0.9459593,0,0,0,1.627867,0.01135939,-2.735644,0.08430657,0.1444737,0.9105037,0.8957332,-0.1316131,-0.4246648,0.04581846,0.9774196,-0.2062806,0.4422249,0.1653149,0.8815373,moving,6.139328682280443,5.068076150088943,5.29012312398402,9.016210580088863,0.48478299999999996,0.28063539000000004,0.7370389999999998,0.10653321483040304,0.08783658598122948,0.9904218294798997,6.047001985470095,5.182225370064702,4.028399381631642,4.038429838141593,3.9079800666902673
05/17/2023 16:15:20.117054,788,True,True,True,True,Eyes,1.15081,-0.2702808,-3.460409,0.5371718,0.2385013,0.809051,0.0,0.0,0.0,0.0,0.0,0.0,0.0,-2.532913,-0.5077324,2.601154,1.142741,-0.269081,-3.472921,-0.09648942,0.2235212,-0.0453072,0.9688528,350.4032,26.62395,352.3694,0.3155178,-0.07449355,-0.9459903,0,0,0,1.627878,0.0140543,-2.735642,0.08471593,0.145585,0.9114445,0.8959712,-0.1309269,-0.4243748,0.04465716,0.9772741,-0.2072223,0.4418615,0.1667138,0.8814562,moving,6.151200344471332,5.159577333515867,5.310207632972925,9.075190730446776,0.48513699999999993,0.28313530000000003,0.737279,0.10672336292174794,0.08941633746223036,0.9902599536583527,6.0582242888731015,5.274789565453423,3.9949658555101633,4.004909114451695,3.8733161415493726
05/17/2023 16:15:20.126969,789,True,True,True,True,Eyes,1.150416,-0.2700676,-3.460474,0.5368961,0.2414391,0.8083624,0.0,0.0,0.0,0.0,0.0,0.0,0.0,-2.532773,-0.5128881,2.600243,1.142621,-0.2687952,-3.472956,-0.09770598,0.2235406,-0.04458713,0.9687597,350.2486,26.63493,352.4161,0.3154368,-0.07443547,-0.9460219,0,0,0,1.627892,0.01724308,-2.735641,0.0847196,0.1458869,0.9124023,0.8960832,-0.1300709,-0.4244013,0.04270592,0.9769311,-0.2092413,0.441827,0.1693732,0.8809664,moving,6.145892044900133,5.173347005010345,5.3048935202023415,9.084308938340023,0.4852709999999998,0.28603828000000003,0.7373149999999997,0.10662932354993088,0.08965523436622277,0.99024853307026,6.052816390041637,5.288745754690446,3.990478978977129,4.000362703867947,3.868551214641569
05/17/2023 16:15:20.146779,790,True,True,True,True,Eyes,1.150029,-0.2698671,-3.460546,0.5366125,0.2443382,0.8076794,0.0,0.0,0.0,0.0,0.0,0.0,0.0,-2.531766,-0.5178292,2.600282,1.142334,-0.2686688,-3.473089,-0.09885015,0.2234175,-0.04396376,0.9687004,350.1036,26.62891,352.4554,0.3153538,-0.07437753,-0.9460541,0,0,0,1.627903,0.01996078,-2.735639,0.08508912,0.1460667,0.9134223,0.8963035,-0.1293451,-0.4241576,0.04100572,0.9765916,-0.2111569,0.4415409,0.1718678,0.8806265,moving,6.154869614381591,5.197763168284313,5.321983539223602,9.085330902625513,0.48556900000000014,0.28862958,0.7374499999999999,0.10678042041147584,0.09007574929573024,0.9901941453701952,6.0616222239269435,5.313423831717327,3.96589025448757,3.9757869791127955,3.8437414501338223
05/17/2023 16:15:20.167015,791,True,True,True,True,Eyes,1.149645,-0.2696663,-3.460619,0.5363346,0.2471607,0.8070048,0.0,0.0,0.0,0.0,0.0,0.0,0.0,-2.530941,-0.5217312,2.600468,1.142089,-0.268791,-3.473281,-0.09977669,0.2233074,-0.04348528,0.9686525,349.9867,26.62301,352.4843,0.3152691,-0.07432003,-0.9460868,0,0,0,1.627916,0.0229545,-2.735638,0.08524379,0.1472014,0.9145086,0.8964856,-0.128806,-0.423937,0.03968249,0.9763073,-0.212719,0.4412922,0.1738767,0.8803568,moving,6.1600382656272625,5.246814944388898,5.32530511246423,9.144027855717312,0.485827,0.2917455,0.7376430000000003,0.10686147750499955,0.09092263150351942,0.9901079040744062,6.066442451450497,5.363049938749365,3.9757241358260775,3.9856050874634312,3.852931165209018
05/17/2023 16:15:20.176776,792,True,True,True,True,Eyes,1.149265,-0.269461,-3.460695,0.5360444,0.2499439,0.8063402,0.0,0.0,0.0,0.0,0.0,0.0,0.0,-2.529856,-0.523898,2.601166,1.141812,-0.2685944,-3.473446,-0.1002677,0.223151,-0.04318509,0.9686512,349.9228,26.60779,352.5059,0.315183,-0.07426293,-0.94612,0,0,0,1.627929,0.02603824,-2.735636,0.08548176,0.1489868,0.9154106,0.8966773,-0.1284123,-0.4236508,0.03891288,0.9761629,-0.2135225,0.440971,0.1749753,0.8803,moving,6.166531707436025,5.348184794296101,5.33485414459583,9.244068248520875,0.4861169999999999,0.29463264,0.7378100000000001,0.10695635749181576,0.09267327861968558,0.9899353873241277,6.0722147351408395,5.465622366259703,3.973843145046684,3.9836660825719528,3.849721278958425
05/17/2023 16:15:20.196889,793,True,True,True,True,Eyes,1.148877,-0.269255,-3.460768,0.535738,0.2527258,0.8056763,0.0,0.0,0.0,0.0,0.0,0.0,0.0,-2.528323,-0.5284722,2.601711,1.141551,-0.2682971,-3.47354,-0.10116,0.2229379,-0.04283435,0.9686231,349.8123,26.59037,352.5225,0.3150956,-0.07420605,-0.9461536,0,0,0,1.627941,0.02899718,-2.735635,0.08588183,0.1498395,0.9163159,0.8969278,-0.1280855,-0.4232192,0.03787588,0.9758638,-0.2150706,0.4405517,0.176873,0.8801308,moving,6.179465654518957,5.404278054521351,5.354412703717545,9.28702981677583,0.4863900000000001,0.29729428,0.737905,0.10717007156908218,0.09364021417875705,0.9898211560982945,6.084752102292687,5.522346122308353,3.9596001091340085,3.969442482127229,3.8348714393706063
05/17/2023 16:15:20.216961,794,True,True,True,True,Eyes,1.148496,-0.2690554,-3.460846,0.5354263,0.255466,0.8050191,0.0,0.0,0.0,0.0,0.0,0.0,0.0,-2.52667,-0.534232,2.602275,1.141288,-0.2681423,-3.473739,-0.1023904,0.2226942,-0.0422671,0.9685747,349.6582,26.57151,352.5543,0.3150069,-0.07414936,-0.9461876,0,0,0,1.627954,0.03201229,-2.735633,0.08636844,0.1501469,0.9174603,0.8972416,-0.1274812,-0.4227364,0.03627419,0.9754595,-0.2171708,0.4400474,0.1795202,0.879847,moving,6.2003141163621835,5.413288979036683,5.377896130466315,9.294344557488625,0.4866659999999998,0.30015459,0.7381060000000002,0.107528695727731,0.0937922350180315,0.9897679260806117,6.105541829866095,5.531388090188354,3.9572830120349805,3.967236285697885,3.8326635175360653
05/17/2023 16:15:20.226814,795,True,True,True,True,Eyes,1.148107,-0.2688518,-3.460921,0.5351121,0.2581919,0.8043581,0.0,0.0,0.0,0.0,0.0,0.0,0.0,-2.525612,-0.5387483,2.602502,1.141089,-0.26811,-3.473904,-0.1032648,0.2225513,-0.04199541,0.9685266,349.5523,26.56295,352.5618,0.3149172,-0.07409301,-0.9462219,0,0,0,1.627967,0.03501654,-2.735632,0.08647805,0.1513438,0.9184759,0.8974146,-0.1273108,-0.4224205,0.03538388,0.9751456,-0.2187217,0.4397671,0.1813372,0.8796146,moving,6.203264062853561,5.470408994954065,5.378761971383854,9.356952194016428,0.4868779999999999,0.30312654,0.7382720000000003,0.1075695629382904,0.09477849934805498,0.9896695382895375,6.108085229398736,5.589188389159781,3.9631385118932827,3.9730368406315875,3.8377019821592815
05/17/2023 16:15:20.246918,796,True,True,True,True,Eyes,1.14772,-0.2686496,-3.461002,0.5347852,0.2609205,0.8036947,0.0,0.0,0.0,0.0,0.0,0.0,0.0,-2.524152,-0.5442208,2.602865,1.14083,-0.2678801,-3.474072,-0.1043112,0.2223523,-0.04163925,0.9684755,349.4247,26.54908,352.5746,0.3148264,-0.07403684,-0.9462565,0,0,0,1.627979,0.03800106,-2.73563,0.08680981,0.1519837,0.9195315,0.8976513,-0.1270409,-0.4219986,0.03426551,0.9747707,-0.2205629,0.4393723,0.1835286,0.8793572,moving,6.2137901236344755,5.506332100583577,5.3931133959398725,9.385216349748694,0.48714900000000005,0.30588116,0.738442,0.10774497697009133,0.09539715357801587,0.9895909717122054,6.118357907686887,5.625506882219374,3.9548315273209877,3.9647513553564435,3.829020094234133
05/17/2023 16:15:20.267022,797,True,True,True,True,Eyes,1.147327,-0.268448,-3.461079,0.5344828,0.2636498,0.803005,0.0,0.0,0.0,0.0,0.0,0.0,0.0,-2.522582,-0.5511593,2.60307,1.140503,-0.2677368,-3.474297,-0.1056828,0.2221459,-0.04115161,0.9683951,349.2571,26.53718,352.5931,0.3147346,-0.07398089,-0.9462914,0,0,0,1.627992,0.04100719,-2.735629,0.08723244,0.1520661,0.9207962,0.8979155,-0.126656,-0.421552,0.03274803,0.9742754,-0.2229687,0.438948,0.1864021,0.8789647,moving,6.229628705688375,5.502365022986942,5.411814622455031,9.377545994739728,0.48748900000000006,0.30874398999999997,0.7386680000000001,0.10801928477833467,0.09532579198103412,0.9895680563053993,6.134228975591104,5.62143252274016,3.950518751861112,3.9605362564392292,3.82495371372696
05/17/2023 16:15:20.277116,798,True,True,True,True,Eyes,1.146944,-0.2682512,-3.461165,0.5341669,0.2663623,0.8023196,0.0,0.0,0.0,0.0,0.0,0.0,0.0,-2.521774,-0.5579562,2.602438,1.140287,-0.2676203,-3.474402,-0.1071028,0.2220639,-0.04056317,0.9682826,349.0824,26.53966,352.6202,0.3146418,-0.07392515,-0.9463267,0,0,0,1.628005,0.04409653,-2.735627,0.0874137,0.1521124,0.921979,0.8980845,-0.1261206,-0.4213523,0.0309859,0.9737673,-0.2254268,0.4387301,0.1893964,0.8784332,moving,6.232637529359616,5.487135746808721,5.41607712289204,9.368529964986607,0.4877179999999999,0.31171683,0.738775,0.10807397558250259,0.09506218156260335,0.9895873331340753,6.137347197892466,5.606007667977078,3.956267858334292,3.9663575197295584,3.8310317874673108
05/17/2023 16:15:20.297360,799,True,True,True,True,Eyes,1.146563,-0.2680517,-3.461249,0.5338473,0.269052,0.8016347,0.0,0.0,0.0,0.0,0.0,0.0,0.0,-2.520691,-0.5627624,2.602803,1.140146,-0.2675568,-3.474716,-0.1081845,0.2218818,-0.04000303,0.9682273,348.9455,26.52615,352.6549,0.3145483,-0.07386971,-0.9463621,0,0,0,1.628017,0.04707224,-2.735626,0.0876317,0.1526724,0.9231884,0.8983364,-0.1254724,-0.4210086,0.02945574,0.9733918,-0.2272462,0.4383195,0.1917424,0.8781292,moving,6.247153907849967,5.5096994178195144,5.422433232690582,9.390307451859336,0.48787099999999994,0.31462903999999997,0.73909,0.10832067332436313,0.09544931650276173,0.9895232035556782,6.151706518528286,5.628790105688699,3.9572448712966413,3.967276509885561,3.8315600309768225
05/17/2023 16:15:20.317247,800,True,True,True,True,Eyes,1.146186,-0.2678541,-3.461334,0.5335174,0.2717505,0.8009437,0.0,0.0,0.0,0.0,0.0,0.0,0.0,-2.520111,-0.5681417,2.602215,1.139958,-0.267333,-3.474808,-0.1092975,0.2218293,-0.03952068,0.9681344,348.8081,26.52922,352.6785,0.3144541,-0.07381447,-0.9463977,0,0,0,1.62803,0.05013819,-2.735624,0.08771589,0.1531824,0.9242498,0.8984597,-0.1250134,-0.420882,0.02803191,0.9729844,-0.2291629,0.4381601,0.1940955,0.8776917,moving,6.244366778183074,5.531007327401963,5.421415746132409,9.41048870993145,0.48807200000000006,0.31747119,0.7391839999999998,0.10826867898207956,0.09581784548787133,0.9894932008660988,6.148766701627468,5.6503663337885435,3.9557969578677987,3.9658068786245946,3.8298250215943486
05/17/2023 16:15:20.337012,801,True,True,True,True,Eyes,1.145795,-0.2676518,-3.461412,0.5331913,0.2745681,0.8001996,0.0,0.0,0.0,0.0,0.0,0.0,0.0,-2.518986,-0.5747863,2.60182,1.139683,-0.2672041,-3.47489,-0.1107018,0.2216949,-0.0389128,0.9680302,348.6342,26.525,352.7089,0.3143596,-0.07375945,-0.9464334,0,0,0,1.628044,0.0532614,-2.735622,0.08806863,0.1532628,0.9254538,0.8986742,-0.1244216,-0.4205994,0.02625346,0.9724618,-0.231579,0.4378302,0.1970719,0.8771929,moving,6.254203682332088,5.524044485196481,5.436047790607617,9.403309234504066,0.48836100000000005,0.3204655,0.7392679999999996,0.10843984121053554,0.09569580327633846,0.98948628987318,6.1586558646555485,5.643282410514271,3.9544819916665617,3.964602635622378,3.8288332616871745
05/17/2023 16:15:20.346833,802,True,True,True,True,Eyes,1.145406,-0.2674579,-3.461503,0.5328265,0.2773788,0.7994729,0.0,0.0,0.0,0.0,0.0,0.0,0.0,-2.516806,-0.5822735,2.602192,1.139283,-0.2669704,-3.474984,-0.1121181,0.2214032,-0.03847434,0.9679514,348.4623,26.50397,352.7217,0.3142643,-0.07370453,-0.9464693,0,0,0,1.628055,0.05608961,-2.735621,0.08878234,0.1530458,0.9266174,0.8990007,-0.1241292,-0.4199877,0.02483598,0.9718986,-0.2340863,0.4372424,0.200013,0.8768203,moving,6.275726873677312,5.522867061411256,5.4729950506092875,9.378650523873791,0.488772,0.32306001,0.739363,0.10881178894592519,0.09567155733081047,0.9894477971729406,6.180193154615721,5.642010195960362,3.928145169424134,3.938457120391904,3.8029738493052085
05/17/2023 16:15:20.367252,803,True,True,True,True,Eyes,1.145017,-0.2672611,-3.461592,0.5324485,0.2802393,0.7987269,0.0,0.0,0.0,0.0,0.0,0.0,0.0,-2.51383,-0.5871657,2.604302,1.138969,-0.2669932,-3.475335,-0.1133075,0.2208846,-0.0377581,0.9679596,348.3066,26.44991,352.7752,0.3141684,-0.07364988,-0.9465054,0,0,0,1.628069,0.05920652,-2.735619,0.08982202,0.1535645,0.9279836,0.8995687,-0.1231524,-0.4190582,0.02304086,0.9714714,-0.2360345,0.4361713,0.2026738,0.8767428,moving,6.330182126222277,5.541619124917683,5.528589539881138,9.396262711201505,0.4891000000000001,0.32619971999999997,0.739716,0.1097488097629942,0.09598544243514591,0.9893139667448779,6.234529111541976,5.660785441901201,3.9265493709606183,3.9371090728802622,3.801597178594274
05/17/2023 16:15:20.387090,804,True,True,True,True,Eyes,1.144629,-0.2670725,-3.461683,0.5320396,0.2830705,0.7980006,0.0,0.0,0.0,0.0,0.0,0.0,0.0,-2.510953,-0.5932829,2.605673,1.138687,-0.2667757,-3.475432,-0.1146526,0.2204149,-0.03706297,0.9679352,348.1346,26.40383,352.8215,0.3140718,-0.07359543,-0.9465417,0,0,0,1.628081,0.06222415,-2.735618,0.090877,0.153534,0.9291077,0.9000872,-0.1222914,-0.4181958,0.02120682,0.9709623,-0.238291,0.4351933,0.2056141,0.8765442,moving,6.376256335082642,5.541639631978293,5.586390594003155,9.383265972127871,0.4893939999999999,0.32899985,0.739814,0.11054440792133799,0.09597727583126418,0.9892261106239058,6.280615380925436,5.660633786051881,3.9111150447656597,3.9219868467732133,3.786811118551623
05/17/2023 16:15:20.405805,805,True,True,True,True,Eyes,1.144255,-0.2668836,-3.461779,0.5316173,0.2859099,0.7972695,0.0,0.0,0.0,0.0,0.0,0.0,0.0,-2.508403,-0.5966886,2.607402,1.138379,-0.2667972,-3.475569,-0.1155821,0.2199781,-0.03639591,0.9679494,348.0099,26.35644,352.8761,0.3139747,-0.07354137,-0.946578,0,0,0,1.628094,0.06512096,-2.735616,0.09187028,0.1543558,0.9301904,0.90057,-0.1213098,-0.4174418,0.01960775,0.9706323,-0.2397678,0.4342687,0.2077426,0.8765008,moving,6.418281446838496,5.58844904196487,5.6405264476885,9.42180807715808,0.4897149999999999,0.33191816,0.7399530000000003,0.11126129360909201,0.09677763345521882,0.9890677906062804,6.322317824133471,5.70785246966733,3.9003248368362957,3.9114631957108106,3.7760171789077854
05/17/2023 16:15:20.417423,806,True,True,True,True,Eyes,1.143884,-0.2666969,-3.461878,0.5311648,0.2887308,0.7965541,0.0,0.0,0.0,0.0,0.0,0.0,0.0,-2.505776,-0.599013,2.609376,1.138084,-0.2665904,-3.475668,-0.1163791,0.2195128,-0.03560038,0.9679891,347.8965,26.30237,352.9496,0.3138774,-0.07348762,-0.9466144,0,0,0,1.628108,0.06845631,-2.735615,0.09297681,0.1555517,0.9312451,0.9010935,-0.1200149,-0.4166857,0.01782816,0.9703771,-0.2409368,0.4332582,0.2096778,0.8765401,moving,6.465419823743841,5.644032583583353,5.701595581263528,9.482924863385804,0.490024,0.33504671,0.7400530000000001,0.11206451502217538,0.09772821549228722,0.9888835594871762,6.369072317979525,5.763932343972027,3.9026330481357414,3.9141437645195767,3.7784164081679337
05/17/2023 16:15:20.426986,807,True,True,True,True,Eyes,1.143506,-0.2665101,-3.461969,0.5307341,0.2915692,0.795807,0.0,0.0,0.0,0.0,0.0,0.0,0.0,-2.503491,-0.6025479,2.61084,1.137842,-0.2664661,-3.475821,-0.1173958,0.2191056,-0.03478051,0.9679883,347.7584,26.25768,353.0189,0.3137801,-0.07343422,-0.9466509,0,0,0,1.628121,0.07163525,-2.735613,0.09392059,0.156242,0.9323951,0.901566,-0.1187784,-0.4160172,0.01589011,0.9700171,-0.2425166,0.4323495,0.2120342,0.8764219,moving,6.507826821266212,5.675548440901439,5.752028192474662,9.512706223240965,0.4902789999999999,0.33810134999999997,0.740208,0.11279042466132422,0.09826402446405808,0.9887479790832927,6.411265807973285,5.7956709484800975,3.899099193715249,3.9108837126475615,3.7750424457885114
05/17/2023 16:15:20.446756,808,True,True,True,True,Eyes,1.143132,-0.2663305,-3.462062,0.5302828,0.2943627,0.7950791,0.0,0.0,0.0,0.0,0.0,0.0,0.0,-2.501562,-0.6058545,2.611877,1.137607,-0.2663412,-3.475872,-0.1183542,0.2187703,-0.03400579,0.967975,347.6285,26.22119,353.084,0.3136825,-0.07338113,-0.9466873,0,0,0,1.628132,0.0741437,-2.735612,0.09482658,0.1564215,0.9333108,0.9019663,-0.1176183,-0.4154789,0.01404876,0.9696718,-0.2440067,0.4315778,0.2142489,0.8762637,moving,6.539861146688624,5.711624948783849,5.801478119430918,9.514262076748995,0.4905249999999999,0.3404849,0.7402599999999997,0.11333626429252155,0.09888039023829923,0.9886240852854423,6.443051355310545,5.832064215827832,3.86168737427909,3.8736621718886726,3.737672712259521
05/17/2023 16:15:20.467030,809,True,True,True,True,Eyes,1.142742,-0.2661481,-3.462144,0.5298771,0.2971281,0.7943206,0.0,0.0,0.0,0.0,0.0,0.0,0.0,-2.499642,-0.6084603,2.613156,1.137355,-0.266345,-3.47599,-0.1191003,0.2184379,-0.03342705,0.9679788,347.5276,26.18447,353.1329,0.3135848,-0.07332852,-0.9467238,0,0,0,1.628144,0.07702035,-2.73561,0.0955683,0.1575571,0.9343328,0.902335,-0.1167454,-0.4149242,0.01268133,0.9693955,-0.2451765,0.4308489,0.2159695,0.8762,moving,6.570708816081745,5.777176217954353,5.840192428205284,9.571771051038235,0.49078900000000014,0.34336535,0.74038,0.11385565324854766,0.10000542018712702,0.9884512484968201,6.473439744778294,5.898293417121462,3.8521501288957127,3.864272782843231,3.7276587948514943
05/17/2023 16:15:20.476914,810,True,True,True,True,Eyes,1.142359,-0.2659716,-3.462237,0.5294539,0.299841,0.7935829,0.0,0.0,0.0,0.0,0.0,0.0,0.0,-2.497739,-0.6115555,2.614264,1.137134,-0.2661853,-3.476082,-0.1198048,0.2181214,-0.03300817,0.9679776,347.4356,26.15092,353.1646,0.3134867,-0.0732763,-0.9467603,0,0,0,1.628156,0.08002654,-2.735609,0.0961864,0.1588282,0.9353011,0.902667,-0.1161663,-0.4143642,0.01163833,0.9691145,-0.2463363,0.4301824,0.2175372,0.8761397,moving,6.594812101386824,5.849829620874142,5.871658462754585,9.637745611851845,0.49102199999999985,0.34621184,0.7404729999999997,0.11425695178857806,0.10125403096483761,0.9882777174762034,6.497031317299971,5.971735946769398,3.8440983072159414,3.8563271048721526,3.718967339421006
05/17/2023 16:15:20.501904,811,True,True,True,True,Eyes,1.141957,-0.2657896,-3.462317,0.529127,0.3025434,0.7927749,0.0,0.0,0.0,0.0,0.0,0.0,0.0,-2.496109,-0.6140155,2.615629,1.136946,-0.2661573,-3.476436,-0.1204474,0.2178185,-0.0325394,0.9679819,347.3493,26.11754,353.2037,0.3133883,-0.07322456,-0.9467968,0,0,0,1.628169,0.08301154,-2.735607,0.09666148,0.1602184,0.9365004,0.9029926,-0.1154665,-0.4138501,0.01052373,0.9688672,-0.2473572,0.4295273,0.2190065,0.876095,moving,6.625720654182499,5.92789332425054,5.892952384928652,9.708289546256685,0.49122299999999997,0.34916884,0.7408290000000002,0.11477422650241464,0.10259427869027743,0.9880795635946348,6.527391378889055,6.050628792058379,3.838633335158411,3.8507590072326794,3.7122762599057753
05/17/2023 16:15:20.517078,812,True,True,True,True,Eyes,1.141564,-0.2656128,-3.462405,0.5287923,0.3051967,0.7919809,0.0,0.0,0.0,0.0,0.0,0.0,0.0,-2.495184,-0.6183083,2.615493,1.136752,-0.2659477,-3.47651,-0.1213691,0.2176862,-0.03207681,0.9679118,347.2332,26.10822,353.232,0.3132892,-0.07317314,-0.9468336,0,0,0,1.628182,0.08610534,-2.735605,0.09693015,0.1610827,0.9375716,0.9031675,-0.1149358,-0.4136159,0.009254267,0.9684813,-0.2489146,0.4291884,0.2209838,0.8757645,moving,6.635509478706707,5.970976222470082,5.902512325266165,9.74871988861663,0.49143000000000003,0.35205304000000004,0.7409050000000001,0.11493417953991861,0.10333530788455991,0.9879838139933664,6.536875568407051,6.094196491224352,3.8360904788851315,3.8481985440024147,3.7091721429903766
05/17/2023 16:15:20.526965,813,True,True,True,True,Eyes,1.141148,-0.2654367,-3.462477,0.5285572,0.3078338,0.7911168,0.0,0.0,0.0,0.0,0.0,0.0,0.0,-2.494081,-0.6222329,2.615921,1.136585,-0.2659124,-3.476798,-0.1221198,0.2175081,-0.03182992,0.9678656,347.1415,26.09377,353.2412,0.3131898,-0.07312213,-0.9468704,0,0,0,1.628195,0.08926015,-2.735604,0.09703809,0.1625585,0.9388055,0.9033542,-0.1147382,-0.4132631,0.008490095,0.9681473,-0.2502376,0.4288113,0.2225445,0.875554,moving,6.652626923962878,6.041548210561553,5.9013272142681865,9.823622243768375,0.4916100000000001,0.35517255,0.7411940000000001,0.11521465411155588,0.1045487270583674,0.9878235168717888,6.553494292848509,6.165558555970813,3.844096216271839,3.8559739685901206,3.71574378050574
05/17/2023 16:15:20.547017,814,True,True,True,True,Eyes,1.140742,-0.2652611,-3.462558,0.5283357,0.3104177,0.7902545,0.0,0.0,0.0,0.0,0.0,0.0,0.0,-2.494332,-0.6265501,2.614687,1.136461,-0.2658801,-3.476868,-0.1229905,0.2175873,-0.03152028,0.9677478,347.0365,26.11087,353.2507,0.3130896,-0.07307155,-0.9469075,0,0,0,1.628207,0.09210303,-2.735602,0.0967778,0.1634981,0.9398633,0.9033245,-0.1145297,-0.4133858,0.007485031,0.9677596,-0.2517644,0.4288926,0.2243308,0.8750582,moving,6.642326045027438,6.091164847182139,5.879031335962747,9.868387598999066,0.491746,0.35798313000000004,0.741266,0.11502657176145861,0.1054064181587585,0.9877541748521117,6.54283686366414,6.215814247466388,3.8419963993974404,3.8535737348245447,3.712402169341784
05/17/2023 16:15:20.566939,815,True,True,True,True,Eyes,1.140314,-0.2650821,-3.462628,0.5281669,0.3130272,0.7893375,0.0,0.0,0.0,0.0,0.0,0.0,0.0,-2.495249,-0.6302221,2.613223,1.136284,-0.2657276,-3.477158,-0.1236861,0.2177815,-0.03129424,0.9676228,346.954,26.14047,353.2541,0.3129888,-0.07302135,-0.9469447,0,0,0,1.62822,0.09513465,-2.735601,0.0962168,0.1647957,0.941124,0.9031838,-0.1144351,-0.4137192,0.006688972,0.9674448,-0.2529935,0.4292019,0.2257323,0.8745461,moving,6.621174517599478,6.164316174530986,5.83741258463355,9.932093441784009,0.49193599999999993,0.36086225,0.7415570000000002,0.1146463605000313,0.10667215148541548,0.987662520916568,6.521158083031542,6.289930072808624,3.8373708330897727,3.848431927836992,3.7057876238237992
05/17/2023 16:15:20.586951,816,True,True,True,True,Eyes,1.139894,-0.2649018,-3.462706,0.528005,0.3156389,0.7884052,0.0,0.0,0.0,0.0,0.0,0.0,0.0,-2.496497,-0.6355904,2.610797,1.136038,-0.2655891,-3.4773,-0.124907,0.2180466,-0.03066143,0.9674264,346.8027,26.18046,353.2877,0.3128871,-0.07297144,-0.9469821,0,0,0,1.628233,0.09810551,-2.735599,0.09584624,0.1648822,0.9424843,0.9030312,-0.1137965,-0.4142283,0.004854263,0.9669163,-0.2550479,0.4295476,0.2283055,0.8737079,moving,6.6014656714292,6.16443303782322,5.806749708948777,9.923145623473548,0.49219499999999994,0.36369461000000003,0.7417009999999999,0.11430653456772971,0.10667836903153606,0.98770121815311,6.501443181895663,6.290122101602176,3.831031745238441,3.841808657721954,3.698845621518378
05/17/2023 16:15:20.597041,817,True,True,True,True,Eyes,1.139463,-0.2647237,-3.462779,0.527901,0.3182747,0.7874147,0.0,0.0,0.0,0.0,0.0,0.0,0.0,-2.498335,-0.6402705,2.608152,1.135847,-0.2653916,-3.477571,-0.1261379,0.2183797,-0.02980919,0.9672183,346.6448,26.22596,353.345,0.3127846,-0.07292172,-0.9470198,0,0,0,1.628245,0.1011213,-2.735598,0.09537169,0.1647591,0.9439659,0.9028434,-0.1127559,-0.4149215,0.002572059,0.9664013,-0.2570253,0.4299617,0.2309864,0.8727991,moving,6.584139551470994,6.156976998958423,5.769186651189737,9.900628907992662,0.4923979999999999,0.36651290000000003,0.7419730000000002,0.11400939762481993,0.10655350928612256,0.9877491418114308,6.48416564136178,6.282640657395602,3.8209600935091745,3.831328470086131,3.6879579631343153
05/17/2023 16:15:20.617306,818,True,True,True,True,Eyes,1.139052,-0.264536,-3.462862,0.5278139,0.3209269,0.7863958,0.0,0.0,0.0,0.0,0.0,0.0,0.0,-2.500515,-0.6432962,2.605483,1.135625,-0.2653429,-3.477772,-0.1274034,0.2187376,-0.02850177,0.9670109,346.4713,26.269,353.4527,0.3126813,-0.07287226,-0.9470577,0,0,0,1.628259,0.1043409,-2.735596,0.0951274,0.1646533,0.945526,0.902683,-0.1108589,-0.4157808,-0.000612788,0.965912,-0.2588698,0.4303057,0.2339321,0.8718445,moving,6.577628901663902,6.1299966793747895,5.745077194227584,9.878393202459582,0.4926339999999998,0.3696838,0.7421759999999997,0.11390282555678152,0.10608966460067354,0.9878112531397678,6.477845665982448,6.255358158862642,3.8295770699819522,3.839742027770784,3.6963945352639835
05/17/2023 16:15:20.627244,819,True,True,True,True,Eyes,1.138638,-0.2643477,-3.46294,0.5277673,0.3236425,0.7853134,0.0,0.0,0.0,0.0,0.0,0.0,0.0,-2.503973,-0.6487832,2.601234,1.135708,-0.2649427,-3.478101,-0.1288216,0.2193156,-0.0275209,0.9667205,346.2906,26.34448,353.5156,0.3125776,-0.07282273,-0.9470958,0,0,0,1.628272,0.1073742,-2.735595,0.09400207,0.1638739,0.9470293,0.9022865,-0.1097152,-0.4169431,-0.003295158,0.9652952,-0.2611406,0.4311242,0.2369975,0.8706114,moving,6.539871802126102,6.100817195199874,5.668607489265295,9.817243677296352,0.492564,0.37231689999999995,0.7425060000000001,0.1132578503630208,0.10559441570989757,0.9879384624950752,6.4402866449941,6.225966804490791,3.8077873514471547,3.81718840243612,3.6732490109621496
05/17/2023 16:15:20.646909,820,True,True,True,True,Eyes,1.138234,-0.2641627,-3.463021,0.5277832,0.3263278,0.7841907,0.0,0.0,0.0,0.0,0.0,0.0,0.0,-2.508815,-0.6573938,2.594637,1.135694,-0.2648413,-3.478293,-0.1307855,0.2201999,-0.02658459,0.9662818,346.0519,26.46455,353.5529,0.3124735,-0.07277314,-0.9471339,0,0,0,1.628284,0.1101951,-2.735593,0.09236377,0.1621981,0.9487153,0.9016106,-0.1089743,-0.4185964,-0.00622148,0.9643769,-0.2644591,0.432504,0.2410434,0.8688143,moving,6.467827399341901,6.009426829833885,5.560602548978806,9.701832166548709,0.4925900000000001,0.3750364,0.7426999999999997,0.11203405674146327,0.10403298649006054,0.9882436445905329,6.368874868760014,6.133739936636206,3.793557249065912,3.8022248881038654,3.6584950873393924
05/17/2023 16:15:20.667388,821,True,True,True,True,Eyes,1.137838,-0.2639799,-3.463104,0.5278073,0.3289566,0.7830753,0.0,0.0,0.0,0.0,0.0,0.0,0.0,-2.514299,-0.6633805,2.587903,1.135503,-0.2647601,-3.478441,-0.1319222,0.2212653,-0.02635654,0.9658901,345.9256,26.60476,353.5303,0.3123693,-0.07272357,-0.9471721,0,0,0,1.628296,0.113217,-2.735592,0.09019074,0.1626418,0.9502369,0.900694,-0.1092946,-0.4204819,-0.007464581,0.9638037,-0.2665083,0.4343899,0.2431811,0.8672764,moving,6.360065363938999,6.030233598686429,5.421926397698051,9.712585376022002,0.49279300000000004,0.3779771,0.7428490000000001,0.11017074443077263,0.10441373633925778,0.9884129171668008,6.260935908074775,6.1552017780399675,3.7921702564389803,3.7999762278238114,3.6549849550571607
05/17/2023 16:15:20.677023,822,True,True,True,True,Eyes,1.137446,-0.2637991,-3.463193,0.5278484,0.3315746,0.7819427,0.0,0.0,0.0,0.0,0.0,0.0,0.0,-2.519189,-0.6675636,2.582198,1.13527,-0.2646495,-3.478623,-0.1329286,0.222191,-0.02584383,0.9655534,345.8055,26.72279,353.5457,0.3122652,-0.07267407,-0.9472103,0,0,0,1.628309,0.1162638,-2.73559,0.08847612,0.1631554,0.9517526,0.8999265,-0.1089782,-0.4222037,-0.009163867,0.9633242,-0.2681838,0.4359452,0.2452147,0.8659223,moving,6.2780916466200445,6.055859931640401,5.311023971122815,9.727450560100412,0.493039,0.3809133,0.7430329999999996,0.10875122874433013,0.10487230513312831,0.9885216258098114,6.178757728961716,6.181445013906126,3.7897124383092455,3.7968141424076833,3.6506324394731733
05/17/2023 16:15:20.704456,823,True,True,True,True,Eyes,1.13706,-0.2636181,-3.463289,0.527813,0.3341509,0.7808691,0.0,0.0,0.0,0.0,0.0,0.0,0.0,-2.522546,-0.6712018,2.578112,1.134981,-0.2645278,-3.478829,-0.1340228,0.2228122,-0.02500967,0.9652809,345.6648,26.80116,353.5995,0.3121612,-0.07262468,-0.9472483,0,0,0,1.628322,0.1192402,-2.735589,0.08756524,0.1632681,0.9532812,0.8994585,-0.1080066,-0.423449,-0.01144114,0.9628248,-0.2698843,0.4368564,0.2475944,0.8647852,moving,6.234438235564703,6.059616047618949,5.248271757967533,9.71873055360053,0.49334100000000003,0.383768,0.7432400000000001,0.10799719980867994,0.10494578133757491,0.9885964424817387,6.135065967267985,6.185409942450486,3.7829858520393382,3.789675881842831,3.642905229459934
05/17/2023 16:15:20.717426,824,True,True,True,True,Eyes,1.136687,-0.2634371,-3.4634,0.5277829,0.3367102,0.7797893,0.0,0.0,0.0,0.0,0.0,0.0,0.0,-2.524323,-0.675202,2.575764,1.134911,-0.2644018,-3.479186,-0.1351602,0.223093,-0.02415914,0.9650791,345.5165,26.83892,353.6589,0.3120574,-0.07257535,-0.9472863,0,0,0,1.628335,0.1222394,-2.735587,0.08704391,0.1633095,0.9548036,0.8992917,-0.1069375,-0.4240741,-0.0136756,0.9622961,-0.27166,0.4371355,0.250101,0.8639225,moving,6.230867683992896,6.0603752174737,5.208925656557797,9.70594296380624,0.4934240000000001,0.3866412,0.7435989999999997,0.10793543218580015,0.10495958646002394,0.9886017036197872,6.131489056009427,6.186191661629057,3.779827593444099,3.7860968952918093,3.6386498121124164
05/17/2023 16:15:20.727064,825,True,True,True,True,Eyes,1.136316,-0.263264,-3.463509,0.527695,0.3392331,0.7787547,0.0,0.0,0.0,0.0,0.0,0.0,0.0,-2.526212,-0.6783324,2.573698,1.134864,-0.2642888,-3.47966,-0.1360622,0.223385,-0.02346407,0.964902,345.3987,26.87687,353.7072,0.311954,-0.07252605,-0.9473242,0,0,0,1.628349,0.1255678,-2.735585,0.08632746,0.1641656,0.9564303,0.8990971,-0.1060696,-0.424704,-0.01550745,0.961873,-0.2730564,0.4374744,0.2520903,0.8631725,moving,6.219100547022691,6.089936584506965,5.157545053827321,9.739573402173608,0.49348499999999995,0.3898566,0.744075,0.10772652688021586,0.10547204348323119,0.9885699951862272,6.119507996444336,6.216154841991884,3.795062622927306,3.8008879181056057,3.6523760832095924
05/17/2023 16:15:20.746762,826,True,True,True,True,Eyes,1.135958,-0.2630964,-3.463629,0.5276058,0.3417068,0.777733,0.0,0.0,0.0,0.0,0.0,0.0,0.0,-2.528214,-0.6815512,2.571062,1.13474,-0.2642591,-3.479838,-0.1369869,0.2237368,-0.02280525,0.9647053,345.2798,26.9228,353.7497,0.311851,-0.07247699,-0.9473618,0,0,0,1.62836,0.1282568,-2.735584,0.08572623,0.1645337,0.9577178,0.8988435,-0.1052987,-0.4254321,-0.0172973,0.961429,-0.2745086,0.4379282,0.2540991,0.8623529,moving,6.199372948381774,6.114866950484899,5.114967981353487,9.748122115896793,0.49361999999999995,0.39251590000000003,0.7442540000000002,0.10738116430303249,0.10590615931827847,0.9885611805145177,6.099597390316626,6.2414607607244355,3.7861699703775225,3.791632528279584,3.642275241226881
05/17/2023 16:15:20.767027,827,True,True,True,True,Eyes,1.135598,-0.2629308,-3.463747,0.5274019,0.3442554,0.7767466,0.0,0.0,0.0,0.0,0.0,0.0,0.0,-2.52895,-0.6843425,2.570097,1.134669,-0.2642292,-3.480232,-0.1376296,0.223848,-0.02245975,0.9645962,345.1992,26.94022,353.7684,0.3117486,-0.07242827,-0.9473992,0,0,0,1.628373,0.1312402,-2.735582,0.08525556,0.1658576,0.9590966,0.8987753,-0.1049454,-0.4256635,-0.01828705,0.9611073,-0.2755692,0.438028,0.255459,0.8619003,moving,6.192913599945145,6.188293720836697,5.079757749770048,9.81118665181708,0.49370400000000014,0.39546939999999997,0.74465,0.10725504517857448,0.10717440763189506,0.9884380743358806,6.092612716965226,6.315800384162501,3.7849836587270076,3.790048698384583,3.6391757782058494
05/17/2023 16:15:20.777528,828,True,True,True,True,Eyes,1.13525,-0.2627649,-3.463875,0.5272022,0.3467671,0.7757643,0.0,0.0,0.0,0.0,0.0,0.0,0.0,-2.529875,-0.6865541,2.568841,1.134564,-0.2641602,-3.480453,-0.1382742,0.2239976,-0.02196356,0.9644808,345.1146,26.96017,353.8037,0.3116467,-0.07237992,-0.9474365,0,0,0,1.628386,0.1343091,-2.735581,0.08490252,0.1671732,0.9603734,0.8986853,-0.104313,-0.4260088,-0.01957933,0.9607957,-0.2765652,0.4381568,0.256886,0.8614106,moving,6.186676011134485,6.2535048731190335,5.052141244672568,9.874593681224702,0.493822,0.3984693,0.744872,0.10713428294371782,0.10830074663103095,0.9883283989540304,6.085908448380823,6.381824126319953,3.7898818691025298,3.7946611564801054,3.64254221597119
05/17/2023 16:15:20.796999,829,True,True,True,True,Eyes,1.1349,-0.2625976,-3.464002,0.5269723,0.349344,0.7747638,0.0,0.0,0.0,0.0,0.0,0.0,0.0,-2.530334,-0.691412,2.567512,1.134499,-0.2640027,-3.480801,-0.1391563,0.2240873,-0.02174225,0.9643381,345.0104,26.98005,353.8015,0.3115454,-0.07233185,-0.9474734,0,0,0,1.628398,0.1372744,-2.735579,0.08440733,0.1679953,0.9617525,0.8986244,-0.1043001,-0.4261405,-0.02043255,0.9603255,-0.2781318,0.4382429,0.2586431,0.8608409,moving,6.176930925619327,6.3072692028544015,5.015660351479275,9.908245043795052,0.4938990000000001,0.40127709999999994,0.745222,0.10695524805971154,0.10923023710661696,0.9882455723694625,6.075777382255266,6.436275630539976,3.7791910174224053,3.7835930480697564,3.630209322548784
05/17/2023 16:15:20.817284,830,True,True,True,True,Eyes,1.13456,-0.2624355,-3.464139,0.5267318,0.3518595,0.7737884,0.0,0.0,0.0,0.0,0.0,0.0,0.0,-2.530042,-0.6965306,2.566619,1.134322,-0.2638578,-3.481019,-0.1399616,0.2240846,-0.02172036,0.9642226,344.9196,26.9906,353.7801,0.3114447,-0.07228402,-0.9475102,0,0,0,1.628411,0.140391,-2.735578,0.08411407,0.1692757,0.963065,0.8986287,-0.104613,-0.4260548,-0.02083994,0.959878,-0.2796426,0.4382148,0.2601738,0.8603938,moving,6.1716776796884005,6.373913114825935,4.991545200493622,9.968917709594601,0.494089,0.40424879999999996,0.745441,0.10685097302172603,0.11038089129662584,0.9881289962585463,6.070047500187716,6.5037457895929744,3.7796093647889673,3.7837508777479303,3.6291298744483105
05/17/2023 16:15:20.827021,831,True,True,True,True,Eyes,1.134224,-0.2622648,-3.464282,0.5264527,0.3544286,0.7728053,0.0,0.0,0.0,0.0,0.0,0.0,0.0,-2.529066,-0.699667,2.567185,1.134219,-0.2638307,-3.481392,-0.1405202,0.2239034,-0.02157744,0.9641867,344.852,26.9745,353.7828,0.3113446,-0.07223651,-0.9475467,0,0,0,1.628424,0.1433398,-2.735576,0.08413139,0.1708725,0.9643607,0.8988034,-0.1045352,-0.4257052,-0.02131653,0.959577,-0.2806379,0.4378335,0.2613128,0.8602427,moving,6.189570528462899,6.468061867790523,4.985893718640971,10.047801070643336,0.494205,0.4071705,0.745816,0.10714001343703938,0.11200094392299463,0.9879154395110996,6.087273705327802,6.598967066508961,3.772830834688773,3.7766877846791083,3.620427303944637
05/17/2023 16:15:20.847128,832,True,True,True,True,Eyes,1.133896,-0.2621005,-3.464428,0.5261505,0.3569916,0.7718307,0.0,0.0,0.0,0.0,0.0,0.0,0.0,-2.527394,-0.7058465,2.567409,1.134065,-0.2634933,-3.481665,-0.1415095,0.2236386,-0.02145177,0.9641063,344.7361,26.9546,353.772,0.3112452,-0.07218905,-0.9475829,0,0,0,1.628436,0.1463057,-2.735575,0.08437502,0.1714303,0.9656513,0.8990512,-0.1046576,-0.4251515,-0.02193042,0.9590297,-0.2824553,0.437294,0.2632656,0.8599216,moving,6.212742019360314,6.515802594063252,4.993609844075423,10.06673360008216,0.4943709999999999,0.409799,0.7460900000000001,0.10752951049300494,0.11281928953528453,0.9877799313942295,6.110110891347373,6.647198888932696,3.750718296919652,3.754383340885866,3.5971922702734984
05/17/2023 16:15:20.867221,833,True,True,True,True,Eyes,1.133583,-0.2619351,-3.46458,0.5257984,0.3595739,0.7708713,0.0,0.0,0.0,0.0,0.0,0.0,0.0,-2.525424,-0.712945,2.567652,1.133941,-0.2635044,-3.481901,-0.1427938,0.2233062,-0.02116729,0.9640002,344.5824,26.92842,353.7718,0.3111466,-0.07214179,-0.9476189,0,0,0,1.628449,0.1492763,-2.735573,0.08476797,0.171698,0.9670908,0.8993725,-0.104584,-0.4244893,-0.02296293,0.9583237,-0.28476,0.4365796,0.2658529,0.8594885,moving,6.243435710210272,6.526719848284008,5.0093182665594735,10.067431335405926,0.49450799999999995,0.4127807,0.7463280000000001,0.10805640499435806,0.11300100335431709,0.9877016223273468,6.140734862066058,6.658133417619869,3.746034861929221,3.7496244744987846,3.5921324870900926
05/17/2023 16:15:20.877055,834,True,True,True,True,Eyes,1.133283,-0.2617674,-3.464743,0.5254469,0.3621503,0.7699044,0.0,0.0,0.0,0.0,0.0,0.0,0.0,-2.523818,-0.7191263,2.567758,1.133873,-0.2633347,-3.482121,-0.1437237,0.2230545,-0.02118895,0.9639198,344.4771,26.9115,353.7458,0.3110489,-0.07209466,-0.9476545,0,0,0,1.628461,0.1522738,-2.735572,0.08482563,0.1726495,0.968339,0.8995954,-0.1049653,-0.4239225,-0.02326754,0.9577891,-0.2865288,0.4361039,0.2676236,0.8591804,moving,6.258118627548399,6.587050882166197,5.006279718592653,10.109293380240612,0.494588,0.41560849999999994,0.7465489999999999,0.10829660838615651,0.11403797679927122,0.9875562030125902,6.154991442854982,6.719139692272827,3.7347089072281148,3.7380867926276147,3.579480500505528
05/17/2023 16:15:20.897501,835,True,True,True,True,Eyes,1.132987,-0.2615977,-3.46491,0.5250631,0.364775,0.7689266,0.0,0.0,0.0,0.0,0.0,0.0,0.0,-2.52336,-0.7275207,2.566412,1.133919,-0.2631418,-3.48254,-0.1451025,0.2229853,-0.02105792,0.9637321,344.3185,26.92085,353.7209,0.3109524,-0.07204755,-0.9476898,0,0,0,1.628474,0.1552996,-2.73557,0.08439359,0.1725923,0.9699131,0.8996682,-0.1052998,-0.4236851,-0.02412308,0.9570036,-0.2890711,0.4359072,0.2702887,0.8584456,moving,6.2519684267255125,6.593499553895052,4.972866878677333,10.089949068016045,0.4945550000000001,0.41844139999999996,0.7469700000000001,0.10818920108294075,0.11415047505248122,0.9875550321923827,6.148793626497767,6.725689426323363,3.7199828028170825,3.723071309418633,3.563852782167315
05/17/2023 16:15:20.917475,836,True,True,True,True,Eyes,1.132701,-0.2614285,-3.465078,0.5246801,0.3674027,0.7679362,0.0,0.0,0.0,0.0,0.0,0.0,0.0,-2.523197,-0.7352828,2.564641,1.133748,-0.2629683,-3.482816,-0.1464778,0.223001,-0.02078858,0.9635261,344.1572,26.93847,353.7105,0.310857,-0.07200041,-0.9477246,0,0,0,1.628487,0.1583541,-2.735569,0.08413452,0.1725231,0.9715012,0.8996768,-0.1053901,-0.4236444,-0.02526871,0.9562241,-0.2915422,0.4358247,0.2729987,0.8576297,moving,6.240428241748751,6.594812788752247,4.949613498999698,10.069836894209026,0.49473900000000004,0.4213224,0.7472470000000002,0.10798996571574387,0.1141755853468221,0.9875738258931142,6.137241019291201,6.727061738949791,3.7040976587909165,3.707019723929722,3.5474786631595325
05/17/2023 16:15:20.926985,837,True,True,True,True,Eyes,1.132432,-0.2612609,-3.465256,0.5242342,0.3700514,0.7669684,0.0,0.0,0.0,0.0,0.0,0.0,0.0,-2.522672,-0.7440475,2.562823,1.133698,-0.2628433,-3.482985,-0.1479852,0.2229511,-0.02058315,0.9633118,343.9823,26.95115,353.6899,0.3107628,-0.07195324,-0.9477592,0,0,0,1.6285,0.1614781,-2.735567,0.0838708,0.1723907,0.973015,0.8997383,-0.1056429,-0.4234508,-0.02633093,0.9553535,-0.2942899,0.4356348,0.2759337,0.8567864,moving,6.22969101189624,6.58538128401102,4.926536931645312,10.046931418678714,0.49480199999999996,0.4243214,0.7474180000000001,0.10780689560481135,0.11401530306706323,0.9876123964474822,6.126568201746984,6.717556264032984,3.695932367451318,3.6987213860593195,3.5390413913366583
05/17/2023 16:15:20.947062,838,True,True,True,True,Eyes,1.132172,-0.2610941,-3.46544,0.5237945,0.3727033,0.7659839,0.0,0.0,0.0,0.0,0.0,0.0,0.0,-2.52214,-0.750613,2.561754,1.133571,-0.2627113,-3.483273,-0.1492238,0.222871,-0.02022001,0.963147,343.8331,26.95396,353.6958,0.31067,-0.07190605,-0.9477932,0,0,0,1.628512,0.1643018,-2.735565,0.08384255,0.1723366,0.9744968,0.8998394,-0.105465,-0.4232804,-0.02756561,0.9546468,-0.2964617,0.4353497,0.2784359,0.8561216,moving,6.229354153323785,6.600521584439848,4.917433767855732,10.028880480757772,0.49494099999999985,0.4270131,0.7477080000000003,0.10779781804129726,0.11427636965837712,0.987583062270505,6.126123286941636,6.732881067600281,3.6681696511673967,3.670800977956841,3.5106327755951123
05/17/2023 16:15:20.966949,839,True,True,True,True,Eyes,1.131913,-0.2609258,-3.465626,0.5233369,0.3753541,0.7650019,0.0,0.0,0.0,0.0,0.0,0.0,0.0,-2.522091,-0.7592379,2.559663,1.133538,-0.2625956,-3.48359,-0.1507377,0.2228885,-0.01996653,0.9629124,343.6566,26.97439,353.6791,0.3105787,-0.07185886,-0.9478267,0,0,0,1.628525,0.1673426,-2.735564,0.08340597,0.1720244,0.9761413,0.8998441,-0.1056474,-0.4232248,-0.02874337,0.953759,-0.299195,0.4352636,0.2813938,0.8551977,moving,6.21185092450965,6.588340381477898,4.8837510263908825,9.994555013326755,0.49498700000000007,0.4299382,0.7480259999999999,0.10749870116154206,0.11407014133326368,0.9876396865237953,6.108702286243784,6.720617933523571,3.653525300293216,3.655974214570492,3.495592881261405
05/17/2023 16:15:20.977406,840,True,True,True,True,Eyes,1.131666,-0.2607563,-3.465819,0.5228818,0.3779848,0.7640171,0.0,0.0,0.0,0.0,0.0,0.0,0.0,-2.521669,-0.7679577,2.557788,1.133406,-0.2624435,-3.483873,-0.1521986,0.2228666,-0.01981497,0.9626908,343.4885,26.991,353.653,0.3104887,-0.07181162,-0.9478598,0,0,0,1.628538,0.1703517,-2.735562,0.08309522,0.1718104,0.9777583,0.8998757,-0.1059913,-0.4230716,-0.0296886,0.9528859,-0.3018726,0.4351349,0.2842082,0.8543321,moving,6.1963181839568575,6.585065664054646,4.857634713966425,9.966194495519993,0.4951320000000001,0.4327952,0.7483110000000002,0.10723160347848668,0.11401699477673702,0.9876748063063083,6.093188782829179,6.717361706286031,3.63420048451874,3.6364963368319025,3.4758464220222725
05/17/2023 16:15:21.005004,841,True,True,True,True,Eyes,1.131397,-0.2605782,-3.466002,0.5224314,0.3805974,0.7630276,0.0,0.0,0.0,0.0,0.0,0.0,0.0,-2.520864,-0.7758014,2.556663,1.133446,-0.2622724,-3.484202,-0.1534483,0.2227442,-0.01975964,0.9625217,343.3459,26.99394,353.6238,0.3104002,-0.07176428,-0.9478924,0,0,0,1.62855,0.1733172,-2.735561,0.08277109,0.1719894,0.9792339,0.8999891,-0.1063976,-0.4227282,-0.03032131,0.9521263,-0.3041975,0.4348565,0.2865921,0.8536773,moving,6.190988632418744,6.6086664735365925,4.8315196797771796,9.961637280892104,0.495104,0.4355896,0.7486409999999997,0.10713467487737852,0.11442502562770065,0.9876381634503086,6.087689519578617,6.741268099005107,3.616011970258107,3.6180891459684377,3.4566950015982454
05/17/2023 16:15:21.017349,842,True,True,True,True,Eyes,1.131137,-0.2604066,-3.46619,0.5219843,0.3831953,0.7620326,0.0,0.0,0.0,0.0,0.0,0.0,0.0,-2.519701,-0.7848887,2.555326,1.133341,-0.2620078,-3.484468,-0.1549042,0.2225929,-0.01967273,0.9623255,343.1793,26.99609,353.5925,0.3103125,-0.07171665,-0.9479247,0,0,0,1.628563,0.176321,-2.735559,0.08266196,0.1717174,0.9807756,0.9001308,-0.1068243,-0.4223188,-0.03109804,0.9512353,-0.3068946,0.4345084,0.2893786,0.8529142,moving,6.188907020442608,6.607924577647719,4.817630566660655,9.930874736243556,0.49522200000000005,0.4383288,0.7489090000000003,0.10709893894370567,0.11441267232850863,0.9876434015063947,6.085612646639819,6.740525013428497,3.5928327385209373,3.594773549086077,3.4330904312316637
05/17/2023 16:15:21.027006,843,True,True,True,True,Eyes,1.130885,-0.260237,-3.466381,0.5214434,0.3857291,0.7611241,0.0,0.0,0.0,0.0,0.0,0.0,0.0,-2.519124,-0.7924447,2.55393,1.133323,-0.2620211,-3.484744,-0.1561858,0.2225157,-0.019545,0.9621388,343.0315,27.00411,353.5698,0.3102257,-0.07166892,-0.9479567,0,0,0,1.628577,0.1795888,-2.735558,0.08231369,0.1722493,0.9824103,0.9002095,-0.1071176,-0.4220766,-0.03189758,0.950448,-0.3092429,0.4342872,0.2918466,0.8521855,moving,6.173873064147135,6.619210614156737,4.789482336423404,9.944777086439357,0.49525399999999986,0.4416099,0.7491859999999999,0.10683734013011059,0.11461046592483962,0.9876488634355808,6.070494225445963,6.752003902026614,3.60037225811265,3.6022118272774732,3.440173261177733
05/17/2023 16:15:21.047260,844,True,True,True,True,Eyes,1.130638,-0.2600709,-3.466574,0.5209114,0.3882174,0.7602227,0.0,0.0,0.0,0.0,0.0,0.0,0.0,-2.51843,-0.7987073,2.552908,1.133188,-0.261923,-3.484974,-0.1572107,0.2224361,-0.01947021,0.9619917,342.9139,27.00887,353.5487,0.31014,-0.07162115,-0.9479883,0,0,0,1.628588,0.1823563,-2.735556,0.08215156,0.1727234,0.983794,0.9002862,-0.107399,-0.4218415,-0.03247829,0.9498115,-0.3111325,0.4340852,0.2938089,0.851614,moving,6.159530749988579,6.658160347960957,4.77340035800758,9.95785642338687,0.49539999999999984,0.44427930000000004,0.7494179999999999,0.1065817293005705,0.11528502116136657,0.9875979388309463,6.0558703570566825,6.791478712674894,3.577297724207256,3.5790154587196987,3.416237272988312
05/17/2023 16:15:21.067582,845,True,True,True,True,Eyes,1.130401,-0.2599106,-3.466773,0.5202901,0.3906361,0.7594088,0.0,0.0,0.0,0.0,0.0,0.0,0.0,-2.517706,-0.8038156,2.552297,1.133085,-0.2618616,-3.485216,-0.1580325,0.2223382,-0.01942884,0.9618805,342.8199,27.00892,353.5303,0.3100553,-0.07157343,-0.9480197,0,0,0,1.628601,0.1853371,-2.735555,0.08196416,0.1738369,0.9851788,0.9003766,-0.1076498,-0.4215848,-0.03289689,0.9492965,-0.3126563,0.4338663,0.2953772,0.8511829,moving,6.141001848811902,6.715625874342341,4.755897975736966,10.006954289766862,0.49551600000000007,0.44719870000000006,0.7496609999999997,0.10624994605583737,0.1162796443632188,0.9875171236837136,6.036926754511148,6.849709078321554,3.5692768365525276,3.57090401402615,3.40723231630043
05/17/2023 16:15:21.077212,846,True,True,True,True,Eyes,1.130176,-0.2597534,-3.466977,0.5196764,0.3929985,0.7586096,0.0,0.0,0.0,0.0,0.0,0.0,0.0,-2.516963,-0.8071107,2.552274,1.132921,-0.2618368,-3.485479,-0.1586569,0.2222138,-0.0192317,0.9618104,342.7436,27.00018,353.5363,0.3099716,-0.07152589,-0.9480507,0,0,0,1.628614,0.1883971,-2.735553,0.08198637,0.1753364,0.9865824,0.9005024,-0.107506,-0.4213525,-0.03351702,0.9489163,-0.3137428,0.4335575,0.2966486,0.850898,moving,6.131914890659223,6.786101068524647,4.750443784205491,10.077443891664785,0.49569299999999994,0.45023389999999996,0.7499260000000003,0.10607802126319651,0.11749638496676681,0.9873914926998288,6.027334823275674,6.921071235348365,3.5679368279876718,3.5695097698987452,3.404869905179889
05/17/2023 16:15:21.097083,847,True,True,True,True,Eyes,1.129969,-0.2595966,-3.467191,0.5190065,0.3952704,0.7578876,0.0,0.0,0.0,0.0,0.0,0.0,0.0,-2.516265,-0.8103453,2.552383,1.133013,-0.2618066,-3.485778,-0.159229,0.2220585,-0.01909873,0.9617544,342.6747,26.98793,353.5371,0.3098893,-0.07147859,-0.9480812,0,0,0,1.628627,0.1914379,-2.735552,0.08179,0.1769484,0.987878,0.9006505,-0.1074529,-0.4210493,-0.03397971,0.9485627,-0.3147603,0.4332136,0.2977962,0.8506724,moving,6.120332176625798,6.858694546198061,4.732930535365828,10.15511103008648,0.495614,0.4532445,0.7502259999999996,0.10586251914935263,0.11875006186339396,0.987264706266239,6.015231369251436,6.994586652583279,3.5750076608352126,3.5764849991887497,3.4107491507549663
05/17/2023 16:15:21.117252,848,True,True,True,True,Eyes,1.12977,-0.2594467,-3.467409,0.5183413,0.3974842,0.7571846,0.0,0.0,0.0,0.0,0.0,0.0,0.0,-2.5153,-0.8140089,2.552408,1.13282,-0.2616241,-3.48603,-0.1597541,0.2219267,-0.01912433,0.9616972,342.6155,26.98046,353.5206,0.3098084,-0.07143148,-0.9481112,0,0,0,1.628639,0.1943463,-2.73555,0.08175415,0.1784734,0.9891552,0.9007655,-0.107691,-0.4207422,-0.03412379,0.9482258,-0.3157586,0.432963,0.2987818,0.8504543,moving,6.10142357769522,6.938502552372109,4.724784592347569,10.22784306245149,0.495819,0.4559704,0.75048,0.10551905283114388,0.12012952111196476,0.9871345088991254,5.995748641912817,7.07543132922807,3.5643714213709035,3.565795267149853,3.39897769204977
05/17/2023 16:15:21.126937,849,True,True,True,True,Eyes,1.129589,-0.2593019,-3.467633,0.5176635,0.3996137,0.7565272,0.0,0.0,0.0,0.0,0.0,0.0,0.0,-2.514058,-0.8166702,2.553159,1.132751,-0.2616059,-3.48633,-0.1601975,0.2216978,-0.01904221,0.9616778,342.562,26.95814,353.5208,0.309729,-0.07138472,-0.9481406,0,0,0,1.628652,0.1974434,-2.735548,0.08181968,0.1804258,0.9904891,0.9009749,-0.1076558,-0.4203027,-0.03440592,0.9479483,-0.31656,0.4325047,0.2996735,0.8503737,moving,6.09617384986411,7.018912906011896,4.722215408596066,10.323708485696063,0.4959009999999999,0.4590493,0.7507820000000001,0.10541068788583105,0.12151618265793332,0.9869764014562149,5.989924109013874,7.1568345316163215,3.5776312860591277,3.5790271893116046,3.411183957241776
05/17/2023 16:15:21.146826,850,True,True,True,True,Eyes,1.129411,-0.2591601,-3.467864,0.5170042,0.4016749,0.7558862,0.0,0.0,0.0,0.0,0.0,0.0,0.0,-2.512601,-0.8198628,2.553798,1.132658,-0.2615473,-3.486531,-0.1606293,0.2214627,-0.01911883,0.9616585,342.514,26.93754,353.5033,0.3096514,-0.07133839,-0.9481695,0,0,0,1.628664,0.2003257,-2.735547,0.08188096,0.1822814,0.9916623,0.9011774,-0.1079184,-0.419801,-0.03437526,0.9476653,-0.3174093,0.4320852,0.3004729,0.850305,moving,6.087518758763893,7.102376867136125,4.720170594146113,10.41549937517943,0.49600599999999995,0.461873,0.7509839999999999,0.10524278918706403,0.12295600131786197,0.9868159871638376,5.980671535060861,7.241341042183147,3.582824322432529,3.584190530173691,3.4152809174322254
05/17/2023 16:15:21.167234,851,True,True,True,True,Eyes,1.129262,-0.2590227,-3.468108,0.516336,0.4037035,0.755262,0.0,0.0,0.0,0.0,0.0,0.0,0.0,-2.512168,-0.8217018,2.554091,1.132565,-0.2614869,-3.486902,-0.160895,0.2213838,-0.01911348,0.9616324,342.4835,26.93199,353.4973,0.3095754,-0.07129251,-0.9481977,0,0,0,1.628677,0.2033766,-2.735545,0.0816237,0.1844893,0.9930072,0.9012477,-0.1079994,-0.4196291,-0.03447884,0.9474949,-0.3179066,0.4319302,0.3009809,0.850204,moving,6.064060787331565,7.197611647174229,4.699062780863949,10.52489364383201,0.4961119999999999,0.4648635,0.751357,0.10481707601434365,0.12460171392918654,0.9866548854153421,5.9565282200664225,7.3378162263665345,3.595093376042088,3.596390557620732,3.4261759726708543
05/17/2023 16:15:21.177095,852,True,True,True,True,Eyes,1.129122,-0.2588869,-3.468354,0.5156841,0.4057008,0.7546369,0.0,0.0,0.0,0.0,0.0,0.0,0.0,-2.512002,-0.8244003,2.55362,1.132385,-0.2613767,-3.487141,-0.1614959,0.2213532,-0.01878648,0.9615451,342.407,26.93214,353.5172,0.3095014,-0.07124713,-0.9482253,0,0,0,1.62869,0.2064062,-2.735544,0.08159414,0.185824,0.994409,0.9012997,-0.1076234,-0.4196142,-0.03536716,0.9471323,-0.3188881,0.43175,0.3022543,0.8498437,moving,6.044301280085879,7.241920915054056,4.690776409445878,10.584713517395985,0.496305,0.4677829,0.7515969999999998,0.10446662183832486,0.1253693479707709,0.9865948167642745,5.936447504005343,7.382735708674169,3.605105430783514,3.6064237074577017,3.4357471332110476
05/17/2023 16:15:21.197369,853,True,True,True,True,Eyes,1.129002,-0.2587523,-3.468606,0.5150507,0.4076878,0.7539983,0.0,0.0,0.0,0.0,0.0,0.0,0.0,-2.511846,-0.8284077,2.552852,1.132464,-0.2612917,-3.487396,-0.1621951,0.2213106,-0.0186542,0.9614398,342.3246,26.93567,353.512,0.3094295,-0.07120222,-0.9482522,0,0,0,1.628702,0.2093917,-2.735543,0.08120444,0.1870683,0.9957363,0.9013472,-0.1076608,-0.4195025,-0.03592121,0.9466895,-0.3201384,0.431605,0.3036249,0.8494287,moving,6.020269988092348,7.28221413200636,4.662276612554674,10.64009563964705,0.4962380000000002,0.4706834,0.7518530000000001,0.1040435100376261,0.1260687560836988,0.9865503631344827,5.9121225103009145,7.42360651905988,3.620827248009627,3.6220869988667475,3.4507849876468306
05/17/2023 16:15:21.217345,854,True,True,True,True,Eyes,1.128884,-0.2586119,-3.468859,0.5144452,0.4096531,0.7533463,0.0,0.0,0.0,0.0,0.0,0.0,0.0,-2.51246,-0.8317527,2.551375,1.132352,-0.2611409,-3.487601,-0.1627584,0.221448,-0.01857985,0.9613145,342.2602,26.95997,353.5008,0.3093598,-0.07115775,-0.9482782,0,0,0,1.628715,0.2124749,-2.735541,0.08062851,0.1886207,0.9970981,0.9012311,-0.1078072,-0.4197142,-0.03636289,0.946329,-0.3211529,0.4318104,0.3046951,0.848941,moving,5.976685952637916,7.3369058018708895,4.62305918791793,10.712042269505002,0.4963629999999999,0.47361580000000003,0.7520600000000002,0.10328039189507204,0.1270205777614096,0.9865085439779515,5.868136916092849,7.479123213370087,3.6352526001382097,3.636461410948832,3.4643879939633617
05/17/2023 16:15:21.226802,855,True,True,True,True,Eyes,1.128789,-0.2584729,-3.469126,0.5138112,0.4116536,0.7526881,0.0,0.0,0.0,0.0,0.0,0.0,0.0,-2.513316,-0.8363732,2.549302,1.132274,-0.2608803,-3.487852,-0.1635727,0.2216219,-0.01840584,0.9611395,342.1652,26.99103,353.4927,0.3092923,-0.07111351,-0.9483036,0,0,0,1.628728,0.2155073,-2.735539,0.07998565,0.1894543,0.9985469,0.9010899,-0.1078837,-0.4199978,-0.03712143,0.9458104,-0.3225906,0.4320405,0.3062741,0.8482554,moving,5.928924825700604,7.361952038808927,4.5797308524178675,10.743035308057637,0.49645399999999995,0.4763876,0.752313,0.10245214550208723,0.1274627721294345,0.9865377900126834,5.8201845282635585,7.5046513077703825,3.6391813518077902,3.6403363101691584,3.467831635941337
05/17/2023 16:15:21.246979,856,True,True,True,True,Eyes,1.128697,-0.2583436,-3.469383,0.513181,0.4136482,0.7520243,0.0,0.0,0.0,0.0,0.0,0.0,0.0,-2.513028,-0.8422718,2.547863,1.132057,-0.2607127,-3.488096,-0.1646539,0.2216062,-0.01812952,0.9609637,342.0361,27.0015,353.4918,0.3092271,-0.07106948,-0.9483282,0,0,0,1.62874,0.2184269,-2.735538,0.07988238,0.1897085,1.000121,0.901124,-0.1078203,-0.4199409,-0.03813303,0.9451209,-0.324488,0.4318813,0.3084176,0.8475595,moving,5.904581422664605,7.355402661965098,4.566674693877487,10.740577060304808,0.496683,0.4791396,0.7525580000000001,0.10203440655347629,0.12735550574828763,0.9865949903327138,5.795881380017262,7.498113757777151,3.6387886097125826,3.6399725441421213,3.4676385834583865
05/17/2023 16:15:21.267223,857,True,True,True,True,Eyes,1.128604,-0.2582068,-3.469644,0.5124968,0.4157721,0.7513192,0.0,0.0,0.0,0.0,0.0,0.0,0.0,-2.512798,-0.846017,2.546911,1.132028,-0.2608284,-3.488142,-0.1655692,0.22154,-0.01763378,0.960831,341.9194,26.99942,353.5222,0.3091641,-0.07102592,-0.948352,0,0,0,1.628753,0.2214103,-2.735536,0.07993114,0.1905561,1.001502,0.9012181,-0.1072466,-0.4198858,-0.03947428,0.9445518,-0.3259813,0.4315642,0.3103549,0.8470137,moving,5.891899476392347,7.3678071494401935,4.563176061151632,10.772914567040049,0.49672499999999986,0.4822387,0.7526059999999997,0.10181316466902288,0.12757199563880817,0.9865897905746343,5.783107616196052,7.510715832626114,3.6539355068713655,3.6551692764634724,3.482839873121498
05/17/2023 16:15:21.277401,858,True,True,True,True,Eyes,1.128514,-0.2580647,-3.469899,0.5118234,0.4179328,0.7505791,0.0,0.0,0.0,0.0,0.0,0.0,0.0,-2.511693,-0.8506709,2.546765,1.131897,-0.2605265,-3.488436,-0.1664403,0.2213395,-0.01730786,0.9607326,341.8113,26.98316,353.5371,0.3091032,-0.07098257,-0.9483751,0,0,0,1.628766,0.2244339,-2.735535,0.08015841,0.1911623,1.002974,0.9014185,-0.1069361,-0.4195347,-0.04042317,0.9439961,-0.327471,0.4310575,0.3121473,0.8466129,moving,5.890401567717692,7.3952264689169525,4.569408036631303,10.790892612862336,0.496869,0.48496039999999996,0.752901,0.10178112514500454,0.12804454634978715,0.9865319052998255,5.7814137807786175,7.538472612526867,3.64233393485196,3.6435659003658767,3.4709067665997972
05/17/2023 16:15:21.307344,859,True,True,True,True,Eyes,1.128434,-0.25793,-3.470157,0.5111076,0.420173,0.7498158,0.0,0.0,0.0,0.0,0.0,0.0,0.0,-2.511004,-0.8609473,2.544104,1.131864,-0.2602933,-3.488548,-0.168174,0.2212752,-0.01711817,0.9604488,341.6108,26.99977,353.507,0.3090442,-0.07093927,-0.9483976,0,0,0,1.628778,0.2274407,-2.735533,0.07989419,0.1902539,1.004619,0.9014885,-0.1073077,-0.4192893,-0.0415432,0.942849,-0.3306206,0.4308046,0.3154693,0.8455096,moving,5.860524321748833,7.335466133767466,4.546983458640564,10.723630932375185,0.4969140000000001,0.487734,0.753015,0.1012801058271065,0.12702204208696793,0.9867156650343127,5.751954776110311,7.478100801401246,3.63262182292495,3.6338753833310937,3.4619967803255522
05/17/2023 16:15:21.316972,860,True,True,True,True,Eyes,1.128349,-0.2577959,-3.47041,0.5103986,0.42238,0.7490584,0.0,0.0,0.0,0.0,0.0,0.0,0.0,-2.509063,-0.8679667,2.543773,1.131682,-0.260331,-3.488706,-0.1691378,0.2210198,-0.01736517,0.9603339,341.5074,26.98855,353.4538,0.3089871,-0.07089622,-0.9484195,0,0,0,1.628791,0.2304377,-2.735532,0.07987827,0.1913508,1.006105,0.9016974,-0.1081183,-0.4186314,-0.04141288,0.9421817,-0.3325336,0.4303798,0.3171814,0.8450853,moving,5.843566198351794,7.376613562093265,4.539394807236095,10.768456586374821,0.497109,0.49076869999999995,0.753174,0.10097874276322136,0.12773456145158257,0.9866545784687014,5.734698733480009,7.519809693640782,3.63268157754177,3.633932046526477,3.461568735380629
05/17/2023 16:15:21.337039,861,True,True,True,True,Eyes,1.128296,-0.2576638,-3.470678,0.5096129,0.4246585,0.7483047,0.0,0.0,0.0,0.0,0.0,0.0,0.0,-2.507704,-0.8725787,2.543557,1.131483,-0.2602288,-3.488793,-0.1699292,0.2208187,-0.01722858,0.9602429,341.4134,26.9744,353.4492,0.3089317,-0.07085342,-0.9484407,0,0,0,1.628807,0.2341137,-2.73553,0.08004013,0.1930758,1.007684,0.9018846,-0.1081343,-0.4182238,-0.04195981,0.9416545,-0.3339553,0.4299344,0.3187377,0.8447264,moving,5.8299519421073045,7.426565907723186,4.541457012161914,10.846614675120582,0.4973239999999999,0.4943425,0.753263,0.10073296356099945,0.12859793061411964,0.9865675424443753,5.720724655176167,7.570417555981564,3.6533969234537373,3.6547165082768633,3.481973540582294
05/17/2023 16:15:21.346939,862,True,True,True,True,Eyes,1.128242,-0.257539,-3.470946,0.5088169,0.4269001,0.7475705,0.0,0.0,0.0,0.0,0.0,0.0,0.0,-2.50626,-0.8777093,2.543308,1.131214,-0.2600512,-3.488963,-0.1709927,0.2205723,-0.01674549,0.9601194,341.279,26.95295,353.4772,0.3088784,-0.07081084,-0.9484613,0,0,0,1.628817,0.2365123,-2.735528,0.08067769,0.1927592,1.00905,0.902135,-0.1075878,-0.4178247,-0.04327719,0.9409622,-0.335734,0.4292781,0.3209597,0.8442187,moving,5.830367348785159,7.432031104370814,4.571308402654485,10.8149355012998,0.497603,0.4965635,0.7534350000000001,0.10073887290281339,0.1286919513309039,0.9865546344348016,5.721101199050323,7.5759473432762245,3.6082112145557805,3.609608232009833,3.4370143675086253
05/17/2023 16:15:21.366992,863,True,True,True,True,Eyes,1.1282,-0.2574238,-3.471219,0.5079786,0.4291522,0.7468508,0.0,0.0,0.0,0.0,0.0,0.0,0.0,-2.504682,-0.8796675,2.544516,1.131169,-0.2601077,-3.489213,-0.1715949,0.2202213,-0.01621152,0.9601015,341.1945,26.9102,353.5276,0.308827,-0.07076868,-0.9484812,0,0,0,1.628829,0.2394781,-2.735527,0.08130074,0.1940637,1.010457,0.9024795,-0.1067071,-0.417306,-0.04444831,0.9405847,-0.3366373,0.4284333,0.3223568,0.8441155,moving,5.845194812375651,7.488290105764518,4.600073247577132,10.871585366807919,0.49766,0.49958579999999997,0.7536860000000001,0.10098137022250481,0.12965738809078403,0.986403421965324,5.735531402455505,7.6328317608567415,3.603685191280571,3.6051372421206165,3.4320242046846863
05/17/2023 16:15:21.377074,864,True,True,True,True,Eyes,1.128153,-0.2573101,-3.471488,0.5071584,0.4313236,0.746157,0.0,0.0,0.0,0.0,0.0,0.0,0.0,-2.503725,-0.8806659,2.545451,1.131134,-0.260204,-3.489464,-0.171992,0.2199876,-0.01578654,0.9600912,341.1368,26.88037,353.5694,0.3087777,-0.07072712,-0.9485004,0,0,0,1.628842,0.2425781,-2.735525,0.08161753,0.1959806,1.011858,0.9027125,-0.1059853,-0.4169861,-0.04535919,0.9403391,-0.3372017,0.4278467,0.3233103,0.8440484,moving,5.845406824723375,7.565155757763241,4.611553862540165,10.961546213902771,0.4977079999999998,0.5027821,0.7539389999999999,0.10096730335221982,0.13098077529008795,0.9862299931632118,5.735195334371834,7.710626922186279,3.6120859902907254,3.61356628040001,3.4396288169618683
05/17/2023 16:15:21.397334,865,True,True,True,True,Eyes,1.12809,-0.2572024,-3.47175,0.5063809,0.4334704,0.7454407,0.0,0.0,0.0,0.0,0.0,0.0,0.0,-2.50321,-0.8807051,2.546101,1.130976,-0.2601281,-3.489635,-0.1720839,0.2198836,-0.0155916,0.9601017,341.1205,26.86559,353.5912,0.30873,-0.07068615,-0.948519,0,0,0,1.628855,0.2454666,-2.735524,0.08173856,0.1982765,1.013014,0.9028162,-0.1056159,-0.4168551,-0.04573781,0.9402881,-0.3372928,0.4275873,0.3235794,0.8440767,moving,5.828367095257743,7.681910733952227,4.6131152585521145,11.074457443731939,0.49787899999999996,0.5055947,0.754111,0.10064676965973898,0.1329945476040384,0.9859932651099176,5.717318499116763,7.828858743552228,3.6021777533965698,3.6036384675288327,3.428290495142105
05/17/2023 16:15:21.417424,866,True,True,True,True,Eyes,1.128021,-0.2570955,-3.47201,0.505603,0.435554,0.7447538,0.0,0.0,0.0,0.0,0.0,0.0,0.0,-2.502745,-0.8805705,2.546884,1.130813,-0.2602087,-3.489887,-0.1722205,0.2197696,-0.01530611,0.9601078,341.0966,26.84866,353.6224,0.3086835,-0.07064592,-0.9485371,0,0,0,1.628867,0.2483759,-2.735523,0.08189484,0.2005704,1.01432,0.9029341,-0.1050887,-0.4167329,-0.04630661,0.9402117,-0.3374281,0.427277,0.3239729,0.8440829,moving,5.814932656468483,7.78659114215836,4.6159718788748645,11.185303163260675,0.498054,0.5085846,0.7543639999999998,0.10039086418660417,0.13479924532630752,0.9857741835667867,5.703134014656766,7.93485636769154,3.602526944759636,3.6039908918577024,3.4274372175582624
05/17/2023 16:15:21.426983,867,True,True,True,True,Eyes,1.127938,-0.256988,-3.472268,0.5048612,0.4376249,0.7440428,0.0,0.0,0.0,0.0,0.0,0.0,0.0,-2.501314,-0.8808062,2.548351,1.130582,-0.260119,-3.490072,-0.1724269,0.2194893,-0.01494045,0.9601408,341.0617,26.81103,353.6642,0.308638,-0.07060637,-0.9485549,0,0,0,1.628879,0.2513662,-2.735521,0.08253208,0.202635,1.015576,0.9032025,-0.1043816,-0.416329,-0.04700184,0.9400915,-0.3376667,0.4266336,0.3245496,0.8441868,moving,5.82523711259489,7.882066166777756,4.646004882078864,11.283880629241715,0.498297,0.5114852,0.7545510000000002,0.10054537034491445,0.1364395778305577,0.9855328217268633,5.712760358928115,8.031448364087133,3.598878956187712,3.6004069617915078,3.4229056204935646
05/17/2023 16:15:21.446939,868,True,True,True,True,Eyes,1.127857,-0.256884,-3.472521,0.5041393,0.4396208,0.7433554,0.0,0.0,0.0,0.0,0.0,0.0,0.0,-2.499131,-0.8832368,2.550176,1.130562,-0.260061,-3.490467,-0.1727747,0.2190746,-0.01490328,0.9601735,341.0188,26.76523,353.6663,0.3085929,-0.07056744,-0.9485725,0,0,0,1.628893,0.2544759,-2.735519,0.08288154,0.2047157,1.01698,0.9035684,-0.1043206,-0.4155494,-0.04708159,0.9398536,-0.3383172,0.425849,0.3252575,0.8443105,moving,5.839069342714307,7.97026982080242,4.659177739020583,11.381405720179135,0.49833099999999986,0.5145369,0.7549480000000002,0.10076196251638106,0.13795355416874283,0.9852999422045803,5.725967264696353,8.120667783668376,3.60793070864628,3.6094310244806644,3.4308092023153924
05/17/2023 16:15:21.466942,869,True,True,True,True,Eyes,1.127762,-0.2567866,-3.472764,0.5034823,0.4415925,0.7426316,0.0,0.0,0.0,0.0,0.0,0.0,0.0,-2.498395,-0.8844547,2.550591,1.130521,-0.2600438,-3.490566,-0.1729265,0.2189529,-0.01494678,0.9601733,341.0021,26.7536,353.6591,0.3085484,-0.07052916,-0.9485898,0,0,0,1.628905,0.2573314,-2.735518,0.08277872,0.2070888,1.018048,0.9036725,-0.1044285,-0.4152961,-0.04702254,0.939746,-0.3386242,0.4256349,0.3255336,0.8443121,moving,5.822853391921717,8.07954850076734,4.64856277831738,11.49808651073477,0.49838399999999994,0.5173752,0.7550479999999999,0.10045629494142985,0.13983687675955395,0.9850656000961935,5.708967740574915,8.231329740815507,3.613162837311188,3.6146037916750067,3.434553606772464
05/17/2023 16:15:21.476971,870,True,True,True,True,Eyes,1.12766,-0.2566835,-3.473013,0.5028421,0.4434752,0.7419431,0.0,0.0,0.0,0.0,0.0,0.0,0.0,-2.497954,-0.8838661,2.551401,1.130356,-0.2601485,-3.490739,-0.172784,0.2188885,-0.01502397,0.9602125,341.0198,26.74482,353.6558,0.3085041,-0.07049167,-0.948607,0,0,0,1.628917,0.2603577,-2.735516,0.08262861,0.2103014,1.019214,0.9037242,-0.1044933,-0.4151671,-0.04678847,0.93984,-0.3383959,0.4255507,0.3252416,0.844467,moving,5.801787596115342,8.216579601107048,4.634884669973516,11.658613263019244,0.49856100000000003,0.5205062,0.755223,0.10006010918025227,0.14219810174039826,0.9847678247167317,5.686919181269479,8.370098153320477,3.633058789518696,3.6344543151310953,3.45269579309774
05/17/2023 16:15:21.497234,871,True,True,True,True,Eyes,1.127538,-0.2565789,-3.473255,0.5022376,0.4454374,0.7411768,0.0,0.0,0.0,0.0,0.0,0.0,0.0,-2.497236,-0.8834907,2.552595,1.130089,-0.2599071,-3.491108,-0.1726525,0.2187715,-0.01502538,0.9602627,341.0339,26.72839,353.662,0.3084598,-0.07045474,-0.9486241,0,0,0,1.62893,0.2633599,-2.735515,0.08269051,0.2130362,1.020465,0.9038265,-0.1043995,-0.4149679,-0.04668624,0.9399307,-0.3381577,0.4253445,0.3250092,0.8446603,moving,5.792633435142066,8.356072470741628,4.632680248696695,11.79192749615444,0.4988410000000001,0.5232669999999999,0.7555930000000002,0.09986768173313873,0.14459802304438266,0.9844379060700906,5.676767857508075,8.511313556136669,3.625062883640154,3.6263743808932967,3.442752787859214
05/17/2023 16:15:21.517226,872,True,True,True,True,Eyes,1.127414,-0.256472,-3.473497,0.5016471,0.4473812,0.7404054,0.0,0.0,0.0,0.0,0.0,0.0,0.0,-2.497144,-0.8886269,2.551358,1.130069,-0.2598715,-3.49145,-0.1736921,0.2187258,-0.01463262,0.9600917,340.9059,26.73244,353.6767,0.308415,-0.07041828,-0.9486414,0,0,0,1.628943,0.2664738,-2.735513,0.0824998,0.2135136,1.022233,0.9038899,-0.1040792,-0.4149104,-0.04788456,0.9392339,-0.3399218,0.4250766,0.3271196,0.8439802,moving,5.780964076097638,8.34988295699121,4.614082703234307,11.797744339746302,0.49887400000000004,0.5263453,0.7559369999999999,0.0996686913610838,0.14449455692332772,0.9844731496505679,5.665139544856606,8.505092797986782,3.6386863211854497,3.639967067574824,3.456338331207231
05/17/2023 16:15:21.527103,873,True,True,True,True,Eyes,1.127283,-0.2563614,-3.473737,0.5010784,0.4494107,0.739561,0.0,0.0,0.0,0.0,0.0,0.0,0.0,-2.496443,-0.8945428,2.550209,1.129909,-0.2597269,-3.491683,-0.1746078,0.218654,-0.01463454,0.9599418,340.8024,26.73861,353.6498,0.3083698,-0.07038221,-0.9486588,0,0,0,1.628943,0.2664877,-2.735513,0.08256993,0.2114913,1.022831,0.9039525,-0.104454,-0.4146797,-0.04826078,0.9385959,-0.3416265,0.4249009,0.3288269,0.843405,moving,5.761516005671883,8.37778665287794,4.615299757717211,11.682444456308417,0.499034,0.5262146,0.75617,0.09932741510562909,0.1449789692013612,0.9844364763862596,5.645487337890422,8.533406986747924,3.496701671946655,3.4977957179985837,3.313264769836406
05/17/2023 16:15:21.546885,874,True,True,True,True,Eyes,1.127147,-0.2562511,-3.473978,0.5005155,0.451454,0.7386973,0.0,0.0,0.0,0.0,0.0,0.0,0.0,-2.496502,-0.9006316,2.548369,1.129844,-0.2596006,-3.491977,-0.1755903,0.2186974,-0.01459055,0.9597535,340.6909,26.75921,353.6238,0.308324,-0.07034637,-0.9486763,0,0,0,1.628943,0.2664877,-2.735513,0.08232439,0.2092783,1.02349,0.9039171,-0.104809,-0.4146673,-0.04879561,0.9379103,-0.3434286,0.4249151,0.330665,0.842679,static,5.730787754155588,8.396639690965774,4.598684003331126,11.556265895936354,0.49909899999999996,0.5260883000000001,0.7564639999999998,0.0987945884640786,0.14531064575777078,0.9844412762593879,5.614616502436756,8.552603188653974,3.3554502599734617,3.3563218942419106,3.1708214238360903
05/17/2023 16:15:21.567157,875,True,True,True,True,Eyes,1.126999,-0.2561359,-3.474203,0.499926,0.4535854,0.7377901,0.0,0.0,0.0,0.0,0.0,0.0,0.0,-2.49672,-0.9067026,2.546214,1.129577,-0.2595175,-3.492224,-0.1768509,0.2187515,-0.01409283,0.9595172,340.5358,26.77728,353.6417,0.3082775,-0.07031076,-0.9486941,0,0,0,1.628943,0.2664877,-2.735513,0.08256325,0.2062806,1.024349,0.9038984,-0.1044174,-0.4148069,-0.05032816,0.9370503,-0.3455485,0.4247762,0.3332172,0.8417432,static,5.712138274595283,8.374206711316715,4.608118523570715,11.385788752290068,0.499366,0.5260052,0.7567110000000001,0.09847970203025894,0.14492972583857644,0.9845288594467695,5.59612205374665,8.52996849024902,3.20680798814167,3.2075669907525826,3.021896812388588
05/17/2023 16:15:21.577266,876,True,True,True,True,Eyes,1.126851,-0.2560196,-3.474426,0.4993272,0.4557124,0.7368844,0.0,0.0,0.0,0.0,0.0,0.0,0.0,-2.495586,-0.9118015,2.545472,1.129497,-0.2593601,-3.492239,-0.1778868,0.2185458,-0.01367093,0.9593786,340.4064,26.76121,353.6631,0.3082303,-0.07027527,-0.948712,0,0,0,1.628943,0.2664877,-2.735513,0.08322862,0.2038309,1.024755,0.9041017,-0.103984,-0.4144726,-0.05152164,0.9363388,-0.347297,0.4242001,0.3353461,0.841188,static,5.72142676009017,8.381765224725864,4.643260780450188,11.24970187495074,0.49944600000000006,0.5258478,0.756726,0.09863744862526691,0.1450573352915888,0.9844943302750716,5.6053590995945894,8.537583726321602,3.0632454944247307,3.063903149473906,2.877710553169659
05/17/2023 16:15:21.597198,877,True,True,True,True,Eyes,1.126704,-0.2559064,-3.47465,0.498731,0.4578834,0.7359417,0.0,0.0,0.0,0.0,0.0,0.0,0.0,-2.493881,-0.9179958,2.545058,1.129374,-0.2592366,-3.49239,-0.1789996,0.2182574,-0.01339923,0.9592412,340.2718,26.7391,353.6664,0.3081825,-0.07023984,-0.9487302,0,0,0,1.628943,0.2664877,-2.735513,0.08391055,0.2013097,1.025306,0.9043683,-0.1038422,-0.4139261,-0.05242978,0.9355592,-0.3492565,0.4235199,0.3375585,0.8406457,static,5.734708213142336,8.390045433079303,4.6786322651168515,11.1082144786701,0.49956899999999993,0.5257243,0.7568769999999998,0.09886361658601245,0.14519633070306162,0.9844511237341091,5.618585024406157,8.545914450183421,2.9155829173314136,2.9161171732984097,2.7292659499723384
05/17/2023 16:15:21.617753,878,True,True,True,True,Eyes,1.126555,-0.2557933,-3.474872,0.4981273,0.4600241,0.735015,0.0,0.0,0.0,0.0,0.0,0.0,0.0,-2.491898,-0.9236296,2.545322,1.129323,-0.2592434,-3.492669,-0.1799768,0.2179005,-0.01321233,0.9591419,340.1543,26.70796,353.6656,0.3081341,-0.07020457,-0.9487485,0,0,0,1.628943,0.2664877,-2.735513,0.08455497,0.1991995,1.025899,0.9046896,-0.103779,-0.4132391,-0.05308906,0.9348676,-0.3510045,0.4227507,0.3394886,0.8402555,static,5.753065494891708,8.415135593471858,4.71168929880759,10.988425626625864,0.49961999999999995,0.5257311,0.7571559999999997,0.09917274133548479,0.1456229140458226,0.9843570308033095,5.636768249251446,8.571239582524141,2.7756310936969193,2.7760198083768013,2.5881575370047396
05/17/2023 16:15:21.627316,879,True,True,True,True,Eyes,1.126397,-0.25568,-3.475093,0.4975141,0.4621795,0.7340776,0.0,0.0,0.0,0.0,0.0,0.0,0.0,-2.490039,-0.9281378,2.545666,1.129178,-0.2591449,-3.492843,-0.1807615,0.2175829,-0.01302932,0.959069,340.0588,26.67851,353.6694,0.3080852,-0.07016943,-0.9487671,0,0,0,1.628943,0.2664877,-2.735513,0.0852845,0.1974029,1.026334,0.9049759,-0.1036533,-0.4126436,-0.05366918,0.934311,-0.3523954,0.4220644,0.3410556,0.8399659,static,5.768124306622453,8.46248335388237,4.750150865226629,10.887194679824818,0.499765,0.5256326,0.7573300000000001,0.09941944231068198,0.1464326934043716,0.9842120368771121,5.651493409034371,8.619104040926475,2.6294677710153347,2.629732865053187,2.440625642644956
05/17/2023 16:15:21.646899,880,True,True,True,True,Eyes,1.126238,-0.2555635,-3.475316,0.4968952,0.4643059,0.7331543,0.0,0.0,0.0,0.0,0.0,0.0,0.0,-2.488354,-0.9328675,2.545902,1.129021,-0.2590812,-3.49313,-0.1816358,0.2172803,-0.01275664,0.9589761,339.9509,26.65068,353.6807,0.3080355,-0.07013442,-0.9487858,0,0,0,1.628943,0.2664877,-2.735513,0.08600023,0.1953609,1.026921,0.9052531,-0.1033984,-0.4120992,-0.05446516,0.9336914,-0.3539123,0.4213674,0.3428253,0.8395954,static,5.78349623986759,8.494722895542392,4.787105479807328,10.771208705782083,0.499922,0.5255689,0.7576169999999998,0.09967527104146628,0.14698268774457032,0.984104143885459,5.666639511498122,8.651676254548244,2.4848410268695127,2.48499138649536,2.2947762254162365
05/17/2023 16:15:21.667080,881,True,True,True,True,Eyes,1.126067,-0.2554468,-3.475528,0.4962668,0.4664455,0.7322212,0.0,0.0,0.0,0.0,0.0,0.0,0.0,-2.486583,-0.9376004,2.546145,1.128843,-0.2589014,-3.493383,-0.1824385,0.2169814,-0.01257822,0.9588937,339.8536,26.62391,353.6832,0.3079852,-0.07009944,-0.9488047,0,0,0,1.628943,0.2664877,-2.735513,0.08669224,0.1934198,1.027411,0.9055217,-0.1032939,-0.4115346,-0.05504914,0.933116,-0.3553366,0.4207136,0.3444197,0.8392706,static,5.795209541319306,8.539191196086419,4.823153739182924,10.661683353117358,0.5001,0.5253890999999999,0.75787,0.09986500736702567,0.14774359897195533,0.9839709529494904,5.678038808367078,8.69663892206977,2.3344518802958847,2.3344946860348283,2.142948458900758
05/17/2023 16:15:21.677022,882,True,True,True,True,Eyes,1.125896,-0.2553306,-3.475741,0.4956445,0.4685413,0.7313041,0.0,0.0,0.0,0.0,0.0,0.0,0.0,-2.485377,-0.9432262,2.54554,1.128881,-0.2588684,-3.493589,-0.183409,0.216762,-0.0124202,0.9587601,339.7385,26.61019,353.6764,0.307934,-0.07006449,-0.9488239,0,0,0,1.628943,0.2664877,-2.735513,0.08699474,0.1913079,1.027897,0.9057199,-0.1033282,-0.4110897,-0.05569623,0.9324138,-0.3570749,0.4202015,0.346306,0.8387507,static,5.795849263342651,8.562185916605904,4.837626134986229,10.543022279867092,0.500062,0.5253561,0.758076,0.09987003360955632,0.14813841851955628,0.9839111200754368,5.678514722239795,8.719909553144584,2.2004880875156174,2.2004327441971454,2.007693609720088
05/17/2023 16:15:21.697010,883,True,True,True,True,Eyes,1.125713,-0.2552169,-3.475943,0.495027,0.4706122,0.730392,0.0,0.0,0.0,0.0,0.0,0.0,0.0,-2.483856,-0.9476826,2.545562,1.128731,-0.2587793,-3.493784,-0.1840649,0.216533,-0.01245271,0.9586858,339.6638,26.59374,353.6573,0.3078822,-0.0700296,-0.9488432,0,0,0,1.628943,0.2664877,-2.735513,0.08740041,0.1898835,1.028299,0.9059168,-0.1035887,-0.4105901,-0.05583578,0.9319301,-0.3583136,0.4197585,0.3475279,0.8384671,static,5.793402360063687,8.62558992157873,4.858186045794583,10.462262912176568,0.5002120000000001,0.5252669999999999,0.7582709999999997,0.09981147429913978,0.14922800890696544,0.9837523662679216,5.675615030426813,8.78409009128086,2.0611885541158794,2.0610670122212658,1.8666692695038236
05/17/2023 16:15:21.717130,884,True,True,True,True,Eyes,1.125529,-0.2551051,-3.476145,0.4944112,0.4726306,0.7295052,0.0,0.0,0.0,0.0,0.0,0.0,0.0,-2.482774,-0.9499683,2.545942,1.128701,-0.2587993,-3.493922,-0.1844522,0.2163378,-0.01238449,0.9586564,339.617,26.57492,353.6576,0.3078294,-0.06999485,-0.9488629,0,0,0,1.628943,0.2664877,-2.735513,0.08775565,0.1890604,1.028546,0.9060892,-0.1035529,-0.4102185,-0.05606303,0.931648,-0.3590111,0.4193559,0.3482942,0.8383507,static,5.792995792021571,8.71170197168636,4.876671380981216,10.415459505116054,0.5002420000000001,0.5252870000000001,0.7584089999999999,0.09978184854595643,0.1507068024924739,0.9835298663243972,5.6745942810849135,8.87124587434595,1.9346965434815577,1.9345387457962404,1.738182007721309
05/17/2023 16:15:21.727257,885,True,True,True,True,Eyes,1.125352,-0.2549975,-3.476347,0.4937915,0.4745994,0.7286463,0.0,0.0,0.0,0.0,0.0,0.0,0.0,-2.481174,-0.9527988,2.546653,1.1285,-0.2587413,-3.494142,-0.1848978,0.2160756,-0.01232518,0.9586304,339.5634,26.54902,353.6565,0.3077759,-0.06996029,-0.9488829,0,0,0,1.628943,0.2664877,-2.735513,0.08835933,0.1880231,1.028915,0.9063188,-0.1035344,-0.4097154,-0.05627321,0.9313218,-0.3598235,0.418831,0.3491709,0.8382483,static,5.798599483246594,8.789056010130704,4.908302759258785,10.35591976256463,0.500443,0.525229,0.758629,0.09985752194138714,0.15203335989770034,0.9833180559952319,5.679647837601304,8.949515157219508,1.8022911658261178,1.8021349215402132,1.6040408797219585
05/17/2023 16:15:21.746931,886,True,True,True,True,Eyes,1.125176,-0.2548876,-3.476552,0.4931729,0.4765068,0.7278199,0.0,0.0,0.0,0.0,0.0,0.0,0.0,-2.47922,-0.9552819,2.547876,1.128486,-0.2587525,-3.494329,-0.1852634,0.2157231,-0.01231298,0.9586394,339.5195,26.51158,353.6544,0.3077217,-0.06992599,-0.948903,0,0,0,1.628943,0.2664877,-2.735513,0.08895811,0.1872744,1.029151,0.9066238,-0.1035386,-0.409039,-0.05632379,0.9310517,-0.360514,0.4181636,0.3498892,0.838282,static,5.812815663385061,8.873902075504061,4.940272926478173,10.313255251244668,0.5004569999999999,0.5252402,0.7588159999999999,0.10007875825578194,0.15348590209409982,0.9830698686161636,5.693262738409405,9.035334914601625,1.683286014728558,1.6831721219897664,1.483264657327916
05/17/2023 16:15:21.766810,887,True,True,True,True,Eyes,1.125027,-0.2547877,-3.476765,0.4925191,0.4783382,0.7270609,0.0,0.0,0.0,0.0,0.0,0.0,0.0,-2.477069,-0.9579419,2.549232,1.128339,-0.2585966,-3.49458,-0.1855629,0.2153693,-0.01240897,0.9586598,339.4859,26.47502,353.6418,0.307667,-0.06989188,-0.9489232,0,0,0,1.628943,0.2664877,-2.735513,0.08960047,0.1865386,1.029405,0.9069242,-0.1037211,-0.4083265,-0.05613714,0.9308248,-0.3611284,0.417537,0.3504384,0.8383649,static,5.820472038414522,8.964480636980863,4.974546240119649,10.271118154429427,0.500604,0.5250843000000001,0.7590669999999999,0.10018554634554944,0.15503816467151785,0.982815381214392,5.700275217174395,9.126981095308524,1.556592103733107,1.5565641837794435,1.354891935982629
05/17/2023 16:15:21.777165,888,True,True,True,True,Eyes,1.124879,-0.2546816,-3.476981,0.4918714,0.4801194,0.7263249,0.0,0.0,0.0,0.0,0.0,0.0,0.0,-2.475289,-0.9593497,2.550561,1.128243,-0.2586775,-3.4947,-0.1858211,0.2150473,-0.01231158,0.9586833,339.452,26.4378,353.6524,0.3076125,-0.06985816,-0.9489434,0,0,0,1.628943,0.2664877,-2.735513,0.09031191,0.1860332,1.029611,0.9072061,-0.1035265,-0.4077491,-0.05631484,0.9306379,-0.3615823,0.4169001,0.350992,0.8384503,static,5.832319266679055,9.049379009621404,5.012846233092821,10.241873869227305,0.5006999999999999,0.5251652,0.7591869999999998,0.10036547294423201,0.15649142841018612,0.9825666274757915,5.711520165477328,9.21286265772187,1.4468407250153963,1.4469208834492375,1.2437883007962067
05/17/2023 16:15:21.797174,889,True,True,True,True,Eyes,1.124759,-0.2545817,-3.477205,0.4912278,0.4818327,0.7256256,0.0,0.0,0.0,0.0,0.0,0.0,0.0,-2.473124,-0.9632033,2.551512,1.128125,-0.2584382,-3.494977,-0.1862419,0.2147085,-0.0125089,0.958675,339.4075,26.4072,353.6238,0.3075581,-0.06982462,-0.9489635,0,0,0,1.628943,0.2664877,-2.735513,0.09080473,0.1850279,1.029888,0.9074876,-0.1039594,-0.407012,-0.05599149,0.930315,-0.3624624,0.4163307,0.3517193,0.8384285,static,5.83281464748122,9.122157292906413,5.038711547905578,10.185007574016208,0.500818,0.5249259,0.7594639999999999,0.10035379062112401,0.15773956834498276,0.9823682399913993,5.71149668835527,9.28651992066291,1.3264649116120826,1.3267443057389807,1.1224615398481268
05/17/2023 16:15:21.817049,890,True,True,True,True,Eyes,1.124638,-0.2544816,-3.477425,0.4905947,0.4835057,0.7249408,0.0,0.0,0.0,0.0,0.0,0.0,0.0,-2.471302,-0.9677188,2.551822,1.12817,-0.2584479,-3.495146,-0.1868262,0.2144156,-0.01269664,0.9586244,339.3445,26.38488,353.5904,0.3075045,-0.0697914,-0.9489833,0,0,0,1.628943,0.2664877,-2.735513,0.09105951,0.1839607,1.030165,0.9077294,-0.1044595,-0.4063439,-0.0557743,0.9298695,-0.363637,0.4158322,0.3527476,0.8382438,static,5.827317050186127,9.173371005201364,5.051424480449726,10.124815258553836,0.5007730000000001,0.5249356000000001,0.759633,0.10024522505640979,0.1586193434882389,0.9822376921244519,5.70563242447279,9.338374043164386,1.2271646553333013,1.2277033220650657,1.0229749846824798
05/17/2023 16:15:21.827024,891,True,True,True,True,Eyes,1.124536,-0.2543953,-3.477643,0.4900117,0.4850656,0.7242927,0.0,0.0,0.0,0.0,0.0,0.0,0.0,-2.469863,-0.9711059,2.552006,1.128047,-0.2583521,-3.495249,-0.1872889,0.2142033,-0.01277163,0.9585807,339.2928,26.36816,353.5721,0.3074515,-0.06975845,-0.9490028,0,0,0,1.628943,0.2664877,-2.735513,0.09144533,0.1829738,1.030393,0.9079077,-0.104721,-0.4058782,-0.05575048,0.9295195,-0.3645343,0.4154461,0.3535915,0.8380796,static,5.820540857965646,9.226368379036034,5.071599367318002,10.06943026709948,0.500896,0.5248398,0.7597359999999997,0.10011417539020298,0.15952993459455542,0.9821035432008872,5.698476507450211,9.392038199349381,1.1268642198360828,1.1276820046088438,0.9229490572458989
05/17/2023 16:15:21.847159,892,True,True,True,True,Eyes,1.124434,-0.2543133,-3.477854,0.4894499,0.4865417,0.7236823,0.0,0.0,0.0,0.0,0.0,0.0,0.0,-2.469241,-0.9713107,2.552458,1.127931,-0.2585519,-3.49522,-0.1874117,0.2140946,-0.0126542,0.9585825,339.2751,26.35451,353.5845,0.3073997,-0.06972612,-0.949022,0,0,0,1.628943,0.2664877,-2.735513,0.09182966,0.1828608,1.030516,0.9080067,-0.1045078,-0.4057117,-0.05598748,0.9294335,-0.3647175,0.4151978,0.3538807,0.8380808,static,5.813419686448846,9.304156409911402,5.092197953545713,10.062162193448716,0.501012,0.5250395999999999,0.7597070000000001,0.09997016057510352,0.16086549508465484,0.9819003825582036,5.690798735095141,9.47079434407903,1.0452295257985806,1.0462951571558645,0.8414504316593541
05/17/2023 16:15:21.866798,893,True,True,True,True,Eyes,1.124351,-0.2542337,-3.47807,0.4889339,0.487859,0.723144,0.0,0.0,0.0,0.0,0.0,0.0,0.0,-2.468783,-0.9699839,2.553423,1.127833,-0.2585658,-3.495263,-0.1871346,0.2140247,-0.01274304,0.9586511,339.3083,26.34293,353.5842,0.3073489,-0.06969447,-0.9490408,0,0,0,1.628943,0.2664877,-2.735513,0.09201232,0.1834742,1.030478,0.9080621,-0.1045351,-0.4055807,-0.05567062,0.9296365,-0.3642482,0.4151193,0.353339,0.8383481,static,5.799094220673926,9.423120116636015,5.102460681046836,10.095586848380346,0.5011099999999999,0.5250535000000001,0.7597499999999999,0.099690787719977,0.16290845624942174,0.9815918647342233,5.675621131962665,9.59125147132204,0.9668232385347486,0.9682508940539489,0.763457317108547
05/17/2023 16:15:21.877105,894,True,True,True,True,Eyes,1.124266,-0.2541513,-3.478282,0.4884425,0.4891325,0.7226156,0.0,0.0,0.0,0.0,0.0,0.0,0.0,-2.468513,-0.9683356,2.554582,1.12786,-0.258495,-3.495459,-0.1866989,0.2139749,-0.01297983,0.9587438,339.3635,26.3341,353.571,0.3072994,-0.06966349,-0.9490591,0,0,0,1.628943,0.2664877,-2.735513,0.09190106,0.1843671,1.030423,0.9080926,-0.1047864,-0.4054476,-0.0550091,0.9299501,-0.3635476,0.4151409,0.3524382,0.8387165,static,5.779420596856728,9.562078458223871,5.09659395747153,10.144230636046963,0.501083,0.5249827,0.7599459999999998,0.09931375475820009,0.16529487156918563,0.9812310468358686,5.654951370135406,9.73196524086796,0.8952691079145608,0.8973033921691435,0.6940646629376813
05/17/2023 16:15:21.906037,895,True,True,True,True,Eyes,1.124187,-0.2540869,-3.478487,0.4880014,0.4902956,0.7221252,1.031554,1.627586,0.2516793,-2.733576,-0.09048712,-0.9874845,0.1291765,0.09131718,0.1694612,1.026422,1.127748,-0.258354,-3.495564,-0.1868795,0.2140346,-0.01304651,0.9586945,339.3453,26.3459,353.5563,0.3072512,-0.06963303,-0.949077,0,0,0,1.628943,0.2664877,-2.735513,0.09177974,0.1838605,1.030585,0.908038,-0.1050125,-0.4055112,-0.05498209,0.9298117,-0.3639054,0.4152637,0.3527358,0.8385305,static,5.750767028920514,9.618292188908963,5.089105339162982,10.11537561630958,0.5011950000000001,0.5248417,0.7600509999999998,0.09880667079915789,0.1662659233027313,0.9811181533384434,5.62588934511135,9.788966547186783,0.8249945805828406,0.827579679238885,0.628235584353185
05/17/2023 16:15:21.917315,896,True,True,True,True,Eyes,1.124106,-0.2540247,-3.478685,0.4875726,0.4913957,0.721667,1.029345,1.625986,0.2517911,-2.735841,-0.1972097,-0.9801175,-0.02186272,0.09062713,0.1710243,1.024011,1.127687,-0.2587,-3.495551,-0.1867679,0.2141184,-0.01306788,0.9586972,339.359,26.35475,353.5554,0.3072042,-0.06960355,-0.9490944,0,0,0,1.628943,0.2664877,-2.735513,0.09163544,0.1844089,1.030695,0.9079651,-0.1050372,-0.4056682,-0.0549246,0.9298939,-0.3637039,0.4154308,0.3525116,0.8385421,static,5.724152298703598,9.701178435381122,5.080606507745697,10.143860731042148,0.5012559999999999,0.5251877,0.7600379999999998,0.09832681373805771,0.16769308805879868,0.9809234929675581,5.598676493609971,9.87295555656019,0.7781128097931502,0.781101017763609,0.5846247718105254
05/17/2023 16:15:21.927192,897,True,True,True,True,Eyes,1.12403,-0.2539515,-3.478884,0.4872025,0.4923831,0.7212438,1.027953,1.624852,0.252195,-2.737479,-0.2728435,-0.9530862,-0.1310838,0.09050551,0.1725187,1.022296,1.127573,-0.258683,-3.495609,-0.186511,0.2140446,-0.01303602,0.958764,339.3867,26.34061,353.5687,0.3071584,-0.06957502,-0.9491113,0,0,0,1.628943,0.2664877,-2.735513,0.09192511,0.1848738,1.030676,0.90803,-0.1048403,-0.4055738,-0.05484641,0.9300874,-0.3632207,0.4152992,0.3520595,0.8387971,static,5.7215369779453065,9.793071384479298,5.0966758860570796,10.169084234006055,0.5013700000000001,0.5251707,0.7600959999999999,0.09825521258290634,0.1692673117572187,0.9806602380952705,5.595405182206602,9.965970469884011,0.7257095619358245,0.729271586697973,0.5385035858874326
05/17/2023 16:15:21.946797,898,True,True,True,True,Eyes,1.123958,-0.2538758,-3.479072,0.4868461,0.4933881,0.7207976,1.026876,1.623889,0.2527728,-2.738902,-0.3368751,-0.9140661,-0.2258281,0.09022802,0.1734552,1.020875,1.127535,-0.258328,-3.495752,-0.1864668,0.2139473,-0.01322081,0.9587918,339.3959,26.33159,353.5506,0.3071137,-0.06954704,-0.9491278,0,0,0,1.628943,0.2664877,-2.735513,0.0920026,0.1847056,1.030643,0.9081035,-0.1051402,-0.4053315,-0.05443617,0.9301107,-0.3632229,0.4151924,0.3519087,0.8389133,static,5.712035275112964,9.870371634256959,5.101112033084147,10.160343653309464,0.5014080000000001,0.5248157,0.7602389999999999,0.09806982975208536,0.1705933531260637,0.9804490495860471,5.585349726260723,10.044241837937296,0.6717193917894714,0.6762477205021747,0.4979616200327941
05/17/2023 16:15:21.967172,899,True,True,True,True,Eyes,1.123902,-0.2538083,-3.479259,0.4865777,0.4941944,0.7204263,1.026219,1.623237,0.2533433,-2.739944,-0.3804174,-0.8763552,-0.2954386,0.08982393,0.1725487,1.020163,1.127523,-0.2582125,-3.49569,-0.1873491,0.2140017,-0.01321838,0.9586077,339.2966,26.3534,353.5225,0.3070703,-0.06951951,-0.9491438,0,0,0,1.628943,0.2664877,-2.735513,0.09182182,0.1828361,1.030894,0.9080572,-0.1055285,-0.4053344,-0.05484355,0.9294512,-0.364846,0.4152403,0.353531,0.8382072,static,5.688172386689861,9.82357619807039,5.089908291171689,10.05721710920942,0.50142,0.5247002000000001,0.7601770000000001,0.09767506844893226,0.16979914448654654,0.9806262531645137,5.56181421858118,9.996969333648167,0.6371945090809257,0.6422678594979303,0.4757362702005081
05/17/2023 16:15:21.977397,900,True,True,True,True,Eyes,1.123843,-0.2537431,-3.479436,0.4863261,0.4949753,0.72006,1.025702,1.622669,0.2539542,-2.740869,-0.4181661,-0.8353014,-0.3569436,0.08942655,0.1738332,1.019396,1.127423,-0.258278,-3.495675,-0.187319,0.2140076,-0.01359716,0.9586071,339.3101,26.36127,353.4789,0.3070284,-0.0694926,-0.9491594,0,0,0,1.628943,0.2664877,-2.735513,0.09162205,0.1831883,1.03092,0.9080317,-0.106244,-0.4052044,-0.05410669,0.9294535,-0.3649503,0.4153924,0.3533108,0.8382247,static,5.663902194086203,9.89079478230935,5.078765110825626,10.075944948653287,0.50152,0.5247657,0.7601619999999998,0.09723991705028093,0.17095680426735121,0.9804683556127902,5.537058253503761,10.065092282209052,0.6080434196668585,0.6137312036257273,0.45842162361166117
05/17/2023 16:15:21.996938,901,True,True,True,True,Eyes,1.123796,-0.2536885,-3.479609,0.4861255,0.4955982,0.7197669,1.025392,1.622266,0.254494,-2.741565,-0.4450966,-0.7994677,-0.403411,0.08923393,0.1743766,1.018873,1.127276,-0.2582674,-3.495576,-0.1874356,0.2141163,-0.01358971,0.95856,339.2974,26.37653,353.4738,0.3069879,-0.06946632,-0.9491744,0,0,0,1.628943,0.2664877,-2.735513,0.09156778,0.1829512,1.03096,0.9079391,-0.1063191,-0.4053922,-0.05421292,0.9293664,-0.3651561,0.415581,0.3535171,0.8380442,static,5.64406986409551,9.91698115363561,5.075576647081786,10.062787941371072,0.5016670000000001,0.5247550999999999,0.7600629999999997,0.09689277299331508,0.1714107236894367,0.9804234402925245,5.517033931580141,10.091669799593033,0.5808127853448762,0.5868936506219389,0.44240105760612114
05/17/2023 16:15:22.022415,902,True,True,True,True,Eyes,1.123747,-0.2536349,-3.479774,0.4859186,0.4961784,0.7195068,1.025163,1.621893,0.2550287,-2.742162,-0.4697959,-0.7635474,-0.443043,0.08954579,0.1753732,1.018378,1.127186,-0.2584015,-3.495504,-0.1872487,0.2140999,-0.01316014,0.9586062,339.307,26.36259,353.5302,0.3069489,-0.06944092,-0.9491889,0,0,0,1.628943,0.2664877,-2.735513,0.09204286,0.1832127,1.03093,0.9079761,-0.1054107,-0.4055465,-0.05494907,0.9295294,-0.3646308,0.4154034,0.3533604,0.8381983,static,5.6573070073553495,9.960828246864823,5.101919261411697,10.077163776266532,0.501757,0.5248892000000001,0.7599909999999999,0.09710644271881674,0.17215736238181883,0.9802714456001422,5.529961903870323,10.135998039083288,0.5610418891371693,0.5674411896800821,0.43206709460933695
05/17/2023 16:15:22.027334,903,True,True,True,True,Eyes,1.123702,-0.2535904,-3.479934,0.4857774,0.4966282,0.7192919,1.025042,1.621644,0.2554742,-2.74263,-0.4863538,-0.7338898,-0.4742001,0.09007639,0.1765409,1.017911,1.12707,-0.2583563,-3.49549,-0.1868501,0.2139941,-0.01283708,0.958712,339.3427,26.33618,353.5826,0.3069113,-0.06941632,-0.9492028,0,0,0,1.628943,0.2664877,-2.735513,0.09266648,0.183789,1.030794,0.9080835,-0.1045838,-0.4055201,-0.05535551,0.9298445,-0.3637651,0.4151146,0.3527768,0.8385872,static,5.68139732038922,10.024697413232166,5.136976169658984,10.109515231577644,0.501873,0.524844,0.7599770000000001,0.09749975319397994,0.17324331116152059,0.9800411430427375,5.553603141947559,10.200550065369109,0.5441694408737471,0.5509886130142074,0.4264567680337418
05/17/2023 16:15:22.047144,904,True,True,True,True,Eyes,1.123657,-0.2535441,-3.480086,0.4856296,0.497041,0.7191065,1.024977,1.621416,0.2559118,-2.743018,-0.5020106,-0.7053263,-0.5005,0.09048972,0.1779521,1.017532,1.127054,-0.2584848,-3.4955,-0.1863813,0.2138955,-0.01248942,0.9588299,339.3858,26.30901,353.64,0.3068751,-0.06939272,-0.9492163,0,0,0,1.628943,0.2664877,-2.735513,0.09318602,0.1846476,1.030675,0.9081854,-0.1036827,-0.4055232,-0.05578179,0.930212,-0.3627588,0.4148344,0.3520731,0.8390214,static,5.705566691155804,10.092843286909131,5.166214728179967,10.156910815413587,0.501889,0.5249725000000001,0.7599869999999997,0.09789282336495558,0.17440205194259295,0.9797963777394061,5.5772929610780935,10.26943026398876,0.5359716863086432,0.5431438006408226,0.42619941326837496
05/17/2023 16:15:22.067030,905,True,True,True,True,Eyes,1.123623,-0.2535042,-3.480236,0.4854974,0.4973568,0.7189774,1.024947,1.621233,0.2562603,-2.743322,-0.5139922,-0.6817747,-0.5205721,0.09094787,0.1789489,1.017138,1.126983,-0.2583819,-3.495469,-0.1859853,0.2137931,-0.01222424,0.9589331,339.4229,26.28432,353.6855,0.3068402,-0.06936997,-0.9492292,0,0,0,1.628943,0.2664877,-2.735513,0.09373152,0.185207,1.030485,0.9082862,-0.1029692,-0.4054795,-0.05608029,0.9305201,-0.3619218,0.4145736,0.351468,0.839404,static,5.726136170406752,10.149210718695029,5.197244901953218,10.188877208686481,0.50196,0.5248695999999999,0.7599559999999999,0.09822759081538421,0.1753600750197388,0.979591852822101,5.597465928188024,10.326402937492103,0.5228872958218397,0.5303766626414006,0.4231904960227232
05/17/2023 16:15:22.087120,906,True,True,True,True,Eyes,1.123573,-0.2534603,-3.48037,0.4854144,0.497602,0.7188638,1.024952,1.621099,0.2565578,-2.743569,-0.5228865,-0.6619502,-0.5370396,0.09165463,0.1800142,1.016811,1.126994,-0.2584335,-3.49547,-0.185602,0.2135237,-0.01196673,0.9590706,339.4576,26.23949,353.7334,0.3068069,-0.06934816,-0.9492416,0,0,0,1.628943,0.2664877,-2.735513,0.09450212,0.1859062,1.03031,0.9085289,-0.1022147,-0.4051265,-0.05630696,0.9308174,-0.3611211,0.4140107,0.3509004,0.8399191,static,5.76756699554763,10.20182727630265,5.240621443290677,10.22823267052678,0.501949,0.5249212,0.759957,0.0989199888756081,0.1762474474279461,0.9793629185127358,5.6385325159859425,10.379501276301381,0.5198554561840787,0.5276067284327565,0.42569403668185063
05/17/2023 16:15:22.097000,907,True,True,True,True,Eyes,1.123524,-0.2534188,-3.480494,0.4853282,0.4978197,0.7187713,1.024973,1.620972,0.2568329,-2.743773,-0.5314462,-0.6436818,-0.5506713,0.09234056,0.1803533,1.016534,1.127001,-0.2583292,-3.495435,-0.185556,0.2131902,-0.0118811,0.9591547,339.4584,26.19592,353.7522,0.3067746,-0.06932714,-0.9492536,0,0,0,1.628943,0.2664877,-2.735513,0.09525955,0.1859096,1.030157,0.9088176,-0.1019091,-0.4045556,-0.05632582,0.9308556,-0.3610197,0.413374,0.350888,0.8402378,static,5.805326450698256,10.221428345993125,5.283168205306817,10.229902840920603,0.5019420000000001,0.5248169,0.759922,0.09955952770562165,0.1765711658356451,0.9792398179023843,5.676162197836547,10.399198280109946,0.5142296093874077,0.5222270103073393,0.42790796194365205
05/17/2023 16:15:22.117402,908,True,True,True,True,Eyes,1.12347,-0.2533825,-3.480611,0.4852382,0.4979962,0.7187098,1.025015,1.620847,0.257071,-2.743922,-0.5398334,-0.627859,-0.5606898,0.09260473,0.1812581,1.016222,1.126989,-0.258337,-3.495319,-0.1852865,0.2130534,-0.01191365,0.9592369,339.4888,26.1752,353.7597,0.3067433,-0.0693069,-0.9492652,0,0,0,1.628943,0.2664877,-2.735513,0.09560502,0.1865394,1.029935,0.9089326,-0.1018079,-0.4043226,-0.05609581,0.9310539,-0.3605438,0.4131523,0.3503908,0.8405542,static,5.817758753603161,10.265173799823545,5.303355596273198,10.26598819861351,0.501954,0.5248246999999999,0.7598059999999998,0.09975844654494859,0.17731521614007087,0.97908511838239,5.688285841340486,10.44342666180016,0.5063344678768777,0.5144038020042463,0.423858115158366
05/17/2023 16:15:22.126947,909,True,True,True,True,Eyes,1.123412,-0.2533469,-3.480718,0.4851743,0.4980894,0.7186882,1.025077,1.620753,0.2572329,-2.744007,-0.54617,-0.617147,-0.5664168,0.09305224,0.182555,1.015997,1.12684,-0.2584153,-3.495268,-0.1848145,0.2128609,-0.01202066,0.9593694,339.5437,26.14573,353.7658,0.306713,-0.06928751,-0.9492764,0,0,0,1.628943,0.2664877,-2.735513,0.09612507,0.1876638,1.029758,0.9090916,-0.101744,-0.4039811,-0.05561504,0.9313982,-0.3597282,0.4128675,0.3494933,0.8410677,static,5.836210165501462,10.329222960058889,5.332948949152266,10.328277551536411,0.502103,0.524903,0.7597549999999997,0.1000537172236298,0.17840425781341257,0.9788570146123845,5.706285400774655,10.508181961355819,0.49524131421536816,0.5032621043537316,0.4144221311446401
05/17/2023 16:15:22.147260,910,True,True,True,True,Eyes,1.123356,-0.2532996,-3.480822,0.4851016,0.4981883,0.7186688,1.025125,1.620646,0.2574058,-2.744097,-0.5531437,-0.605467,-0.5722253,0.09366396,0.1841228,1.015596,1.12682,-0.2583827,-3.495234,-0.184105,0.2126116,-0.01193315,0.959562,339.6199,26.10148,353.8032,0.3066834,-0.06926894,-0.9492873,0,0,0,1.628943,0.2664877,-2.735513,0.09682497,0.1890507,1.029406,0.9093077,-0.1011869,-0.4036342,-0.05538456,0.9319258,-0.3583947,0.412422,0.3482462,0.8418033,static,5.870763811870502,10.41390028555929,5.373378604555701,10.406426006536266,0.5021230000000001,0.5248704,0.7597209999999999,0.10061728289876573,0.17984045031875334,0.978536439527986,5.740244359260672,10.59375483318736,0.489276257746362,0.4974413626775532,0.4119254438241498
05/17/2023 16:15:22.166885,911,True,True,True,True,Eyes,1.123303,-0.253264,-3.480927,0.4850466,0.4983218,0.7186134,1.025177,1.620562,0.2576039,-2.744221,-0.5587586,-0.59225,-0.5805418,0.09392783,0.1838094,1.01544,1.126837,-0.2580537,-3.49526,-0.1842235,0.2124618,-0.01190211,0.9595729,339.6048,26.08438,353.8065,0.3066545,-0.06925079,-0.949298,0,0,0,1.628943,0.2664877,-2.735513,0.09713927,0.1885003,1.029321,0.9094366,-0.1011228,-0.4033598,-0.055439,0.9318401,-0.3586092,0.4121304,0.3484942,0.8418434,static,5.885342670444773,10.409712292331099,5.39116088067687,10.377626246557353,0.5021059999999999,0.5245413999999999,0.759747,0.10086769629326228,0.17976434749836578,0.9785246682630626,5.754856945309266,10.589461598265302,0.4867085457888937,0.4952223295365452,0.4208907740285143
05/17/2023 16:15:22.177227,912,True,True,True,True,Eyes,1.123252,-0.2532331,-3.481026,0.4849998,0.498426,0.7185727,1.025228,1.620487,0.257767,-2.744326,-0.5634767,-0.5810993,-0.5872117,0.09410885,0.1836661,1.015634,1.126785,-0.2582852,-3.495358,-0.1845341,0.2122743,-0.01202394,0.9595532,339.5717,26.06892,353.787,0.3066265,-0.06923334,-0.9493083,0,0,0,1.628943,0.2664877,-2.735513,0.0973652,0.1881571,1.029578,0.9095901,-0.1014189,-0.4029393,-0.05526847,0.9316052,-0.3592453,0.4118146,0.3490358,0.8417736,static,5.896191660247168,10.38783660602818,5.402284846202803,10.356611424699265,0.5021580000000001,0.5247729,0.7598449999999999,0.101060049229239,0.17938720848953016,0.9785740158728146,5.765864807102533,10.567280553931804,0.4864314952135825,0.49489287013300043,0.4202045573044697
05/17/2023 16:15:22.197015,913,True,True,True,True,Eyes,1.123235,-0.2532023,-3.481137,0.4848042,0.4984837,0.7186646,1.025314,1.620312,0.2579003,-2.74428,-0.5752978,-0.5723698,-0.584316,0.09387091,0.1845714,1.015531,1.126761,-0.2583665,-3.495317,-0.1842451,0.2122572,-0.01222871,0.95961,339.6096,26.06609,353.7722,0.3065992,-0.06921663,-0.9493183,0,0,0,1.628943,0.2664877,-2.735513,0.0973168,0.1889552,1.02946,0.9095947,-0.1016843,-0.402862,-0.05474511,0.9318085,-0.358798,0.4118744,0.3484155,0.8420013,static,5.879677300273535,10.42897546892627,5.400230522348126,10.400750218820454,0.5021820000000001,0.5248542,0.7598039999999999,0.10076473418595575,0.18009520072326013,0.9784743766790074,5.749052706545887,10.608979116500139,0.4720342126887345,0.480276875985709,0.406246464621409
05/17/2023 16:15:22.217230,914,True,True,True,True,Eyes,1.123219,-0.2531667,-3.481246,0.4846151,0.4985513,0.7187454,1.025392,1.620139,0.2580436,-2.74425,-0.5867363,-0.5627533,-0.5822793,0.09355593,0.1845971,1.015402,1.126831,-0.2582597,-3.495215,-0.1842844,0.2122931,-0.01228707,0.9595937,339.6069,26.07233,353.7634,0.3065734,-0.06920058,-0.9493279,0,0,0,1.628943,0.2664877,-2.735513,0.09718344,0.1888482,1.029328,0.9095613,-0.1018258,-0.4029016,-0.05466345,0.9317766,-0.3588932,0.4119589,0.3484594,0.8419418,static,5.860552781670801,10.428606510230328,5.393561368007766,10.396292973120872,0.5021120000000001,0.5247474,0.7597019999999999,0.10043814505668111,0.18009489774351464,0.9785081250174605,5.729925752232389,10.608677256844794,0.4600011836868076,0.46810804854811516,0.397804076082352
05/17/2023 16:15:22.227050,915,True,True,True,True,Eyes,1.123219,-0.2531667,-3.481246,0.4846151,0.4985513,0.7187454,1.025392,1.620139,0.2580436,-2.74425,-0.5867363,-0.5627533,-0.5822793,0.09359431,0.1838597,1.01558,1.126786,-0.2580858,-3.49537,-0.1845601,0.21224,-0.01232194,0.959552,339.5763,26.07108,353.7521,0.3065489,-0.06918497,-0.9493369,0,0,0,1.628943,0.2664877,-2.735513,0.09722209,0.1881041,1.029508,0.9096047,-0.1019891,-0.4027623,-0.05469498,0.9315715,-0.3594204,0.4118588,0.3489596,0.8417835,static,5.862332085614736,10.399578315586506,5.394755917215016,10.354446045185828,0.502157,0.5245735,0.7598569999999998,0.10047780372326598,0.1795984028489135,0.9785953037665407,5.731912530519776,10.579291076619194,0.46146997827321473,0.46974928960764106,0.4052528470663803
05/17/2023 16:15:22.247170,916,True,True,True,True,Eyes,1.123219,-0.2531667,-3.481246,0.4846151,0.4985513,0.7187454,1.025392,1.620139,0.2580436,-2.74425,-0.5867363,-0.5627533,-0.5822793,0.09337199,0.1834818,1.015594,1.126888,-0.2581282,-3.495306,-0.184773,0.2123103,-0.01229822,0.9594957,339.5521,26.08282,353.7468,0.3065268,-0.06917094,-0.9493451,0,0,0,1.628943,0.2664877,-2.735513,0.09699765,0.1877201,1.029524,0.9095462,-0.1020586,-0.4028768,-0.05485822,0.9314154,-0.3597998,0.4119664,0.3493556,0.8415666,static,5.853353886396835,10.374266149642267,5.382292033710724,10.333606976586518,0.5020550000000001,0.5246158999999999,0.7597929999999997,0.1003324480111861,0.17916870236046317,0.9786889801522292,5.723112456215247,10.553706154985012,0.4645886520545767,0.4728133219460396,0.4057119775503972
05/17/2023 16:15:22.267068,917,True,True,True,True,Eyes,1.123219,-0.2531667,-3.481246,0.4846151,0.4985513,0.7187454,1.025392,1.620139,0.2580436,-2.74425,-0.5867363,-0.5627533,-0.5822793,0.09288135,0.1830359,1.015672,1.12694,-0.2580535,-3.495328,-0.1849652,0.2124983,-0.01235822,0.9594163,339.5332,26.11038,353.7298,0.306507,-0.0691583,-0.9493524,0,0,0,1.628943,0.2664877,-2.735513,0.09650069,0.1872694,1.029605,0.9093835,-0.1023229,-0.4031769,-0.05489621,0.9312703,-0.3601694,0.4123203,0.349665,0.8412647,static,5.828011696452777,10.352953029619776,5.354458157816908,10.308535864084037,0.502003,0.5245412,0.7598150000000001,0.09990614274108922,0.1788123422830953,0.9787977588811134,5.697915538164764,10.532229914162246,0.46734250731681504,0.4756320411292566,0.4098804705713654
05/17/2023 16:15:22.277177,918,True,True,True,True,Eyes,1.123219,-0.2531667,-3.481246,0.4846151,0.4985513,0.7187454,1.025392,1.620139,0.2580436,-2.74425,-0.5867363,-0.5627533,-0.5822793,0.09251896,0.1827512,1.015781,1.127006,-0.2581217,-3.495357,-0.1851359,0.2126212,-0.01238191,0.9593558,339.5153,26.12885,353.7191,0.3064891,-0.06914693,-0.9493591,0,0,0,1.628943,0.2664877,-2.735513,0.09613431,0.1869803,1.029716,0.9092779,-0.102485,-0.4033741,-0.05497032,0.9311427,-0.3604877,0.4125434,0.3499571,0.8410338,static,5.811638414910329,10.333450554928577,5.333674907833538,10.29187651338659,0.5019370000000001,0.5246094,0.7598439999999997,0.09963246497845751,0.17848408877771446,0.9788855632178692,5.681676992819494,10.512552670926048,0.47148464373635063,0.47976818884465416,0.4120721025026467
05/17/2023 16:15:22.297398,919,True,True,True,True,Eyes,1.123258,-0.2531351,-3.481373,0.4843415,0.4984649,0.7189897,1.025501,1.619951,0.2580414,-2.744048,-0.5994102,-0.5630292,-0.5689514,0.09210417,0.1825822,1.015939,1.126982,-0.2581318,-3.495379,-0.1852235,0.2126576,-0.01250507,0.9593294,339.5089,26.13726,353.7012,0.3064731,-0.06913669,-0.949365,0,0,0,1.628943,0.2664877,-2.735513,0.09596923,0.1868751,1.029784,0.9092408,-0.1027713,-0.4033848,-0.05478541,0.9310718,-0.3606993,0.4126497,0.3500621,0.840938,static,5.781704759774938,10.31820924515434,5.324219131116441,10.285544955895949,0.5019610000000001,0.5246195,0.7598659999999997,0.09912563056480311,0.1782327538686933,0.9789828030531804,5.651844094446694,10.497238908693326,0.45085676636281385,0.45865025479314414,0.3900672329844278
05/17/2023 16:15:22.317293,920,True,True,True,True,Eyes,1.123296,-0.2531018,-3.481496,0.4840803,0.4983765,0.7192268,1.025602,1.619769,0.2580339,-2.743855,-0.6112978,-0.5633079,-0.5558769,0.09172022,0.1821546,1.016046,1.12699,-0.2580389,-3.495374,-0.1854043,0.212668,-0.01264239,0.9592903,339.4922,26.14435,353.6794,0.3064586,-0.06912638,-0.9493704,0,0,0,1.628943,0.2664877,-2.735513,0.09582508,0.1865113,1.029808,0.909225,-0.1031145,-0.4033327,-0.05460367,0.9309308,-0.3610903,0.4127086,0.3503357,0.8407952,static,5.7540306146562035,10.293316705425388,5.316144588125288,10.265713564876075,0.5019530000000001,0.5245266,0.7598609999999999,0.09866032698987537,0.1778156677872737,0.9791056074837878,5.624340128597967,10.472148652802398,0.431388232088974,0.43875517729050123,0.3709446544895825
05/17/2023 16:15:22.327222,921,True,True,True,True,Eyes,1.12333,-0.2530704,-3.481612,0.4839476,0.498249,0.7194045,1.025696,1.619714,0.2579817,-2.743722,-0.615421,-0.5671723,-0.5473323,0.09160927,0.1821509,1.016065,1.126991,-0.2579679,-3.495373,-0.1854007,0.212593,-0.0128714,0.9593045,339.4981,26.13965,353.6544,0.3064455,-0.06911594,-0.9493754,0,0,0,1.628943,0.2664877,-2.735513,0.09581199,0.1866049,1.029755,0.9092771,-0.103525,-0.4031101,-0.05413461,0.9309218,-0.3611842,0.4126556,0.3502388,0.8408616,static,5.742404266852026,10.291902610168057,5.315694556294257,10.271273112749252,0.501952,0.5244556,0.7598599999999998,0.0984620259850211,0.17779502238732994,0.9791293783868524,5.6127207845982845,10.47076094894343,0.4201310678423881,0.4272080912717456,0.3577987941426743
05/17/2023 16:15:22.346799,922,True,True,True,True,Eyes,1.123364,-0.2530422,-3.481726,0.4838172,0.4981109,0.7195877,1.025778,1.619653,0.2579089,-2.743589,-0.6191817,-0.5717483,-0.5382544,0.09151557,0.1822773,1.016048,1.127172,-0.2580048,-3.49542,-0.1853708,0.2124185,-0.01308263,0.9593461,339.5059,26.12189,353.6345,0.3064337,-0.06910548,-0.94938,0,0,0,1.628943,0.2664877,-2.735513,0.09582105,0.1868478,1.029675,0.9094145,-0.1038539,-0.4027154,-0.05365083,0.9309329,-0.3612276,0.4124159,0.3501116,0.8410321,static,5.742924127971438,10.293130680472162,5.316605001405387,10.28513986276536,0.501771,0.5244925,0.7599070000000001,0.09847052479016805,0.17781584331346886,0.9791246556594357,5.613232025956772,10.47200193720941,0.41952630899836224,0.42639400892093243,0.35057813189036924
05/17/2023 16:15:22.367226,923,True,True,True,True,Eyes,1.123401,-0.253012,-3.481836,0.4837236,0.4979816,0.7197401,1.025849,1.619628,0.2578421,-2.743491,-0.620764,-0.5761718,-0.5316749,0.09158507,0.1826895,1.016055,1.127179,-0.2580463,-3.495478,-0.1851666,0.2123096,-0.013199,0.9594081,339.5313,26.10737,353.6295,0.306423,-0.06909507,-0.9493842,0,0,0,1.628943,0.2664877,-2.735513,0.09594694,0.1873635,1.02963,0.9095008,-0.1039518,-0.402495,-0.05329885,0.9310782,-0.3609053,0.4122711,0.3496962,0.841276,static,5.744337855940611,10.310949639822041,5.3237811979697724,10.313359555847423,0.5017640000000001,0.5245340000000001,0.7599649999999998,0.09848917776333294,0.17812001132483246,0.9790674900703598,5.614519059705232,10.490031268677908,0.4139352211874444,0.4205635626856539,0.34020787521890905
05/17/2023 16:15:22.377222,924,True,True,True,True,Eyes,1.123436,-0.2529823,-3.481946,0.4836284,0.4978451,0.7198985,1.025929,1.619604,0.2577716,-2.743382,-0.6224628,-0.5809512,-0.5244384,0.09160274,0.183401,1.015852,1.127222,-0.2579586,-3.495421,-0.1848096,0.2121989,-0.01344917,0.959498,339.5775,26.09272,353.6136,0.3064135,-0.06908466,-0.949388,0,0,0,1.628943,0.2664877,-2.735513,0.09602383,0.1881917,1.029365,0.9095815,-0.1042417,-0.4022377,-0.05262387,0.9313291,-0.3603566,0.4121798,0.348941,0.8416341,static,5.741756101610402,10.349929228861843,5.329386779659668,10.360571665779508,0.5017210000000001,0.5244462999999999,0.7599079999999998,0.0984329584077871,0.17878705220817565,0.978951564606044,5.6116586540506574,10.529492287522295,0.40609671165714295,0.4125066292190406,0.32895529714867383
05/17/2023 16:15:22.397266,925,True,True,True,True,Eyes,1.123476,-0.2529516,-3.48205,0.4835692,0.4977671,0.7199922,1.025979,1.619608,0.2577468,-2.743353,-0.6223366,-0.582703,-0.5226417,0.09178782,0.1837081,1.015882,1.127198,-0.2579376,-3.495545,-0.184644,0.2120646,-0.01354645,0.9595581,339.5978,26.07535,353.6102,0.3064049,-0.06907427,-0.9493915,0,0,0,1.628943,0.2664877,-2.735513,0.09621713,0.1885383,1.029376,0.9096902,-0.1043101,-0.4019741,-0.05231569,0.9314462,-0.3600988,0.4119792,0.3486079,0.8418704,static,5.749374148296431,10.367014352424729,5.339996366495929,10.37913027974473,0.5017450000000001,0.5244253,0.7600319999999998,0.09855784131807291,0.1790767353126788,0.978886050506577,5.61915688332524,10.546755684859804,0.4031992571897652,0.4095570337898286,0.32562074656938006
05/17/2023 16:15:22.417169,926,True,True,True,True,Eyes,1.123515,-0.2529213,-3.482152,0.4835056,0.497687,0.7200902,1.026024,1.619603,0.2577175,-2.743322,-0.6224898,-0.5845197,-0.5204259,0.09178156,0.184072,1.015653,1.127319,-0.2578746,-3.495438,-0.184491,0.2119784,-0.01371351,0.9596043,339.6189,26.0655,353.5973,0.3063973,-0.06906387,-0.9493947,0,0,0,1.628943,0.2664877,-2.735513,0.09622455,0.1889471,1.02913,0.9097542,-0.1045353,-0.4017707,-0.05189715,0.93155,-0.3598907,0.4118908,0.3482628,0.8420565,static,5.7483151689331295,10.384397928721683,5.341674961950156,10.40357624322857,0.5016240000000001,0.5243623,0.759925,0.09853431665431117,0.17937413133376479,0.9788339086822265,5.617973659389464,10.564353616794177,0.4008767804661057,0.4070922078380775,0.3196722290992959
05/17/2023 16:15:22.431042,927,True,True,True,True,Eyes,1.123548,-0.2528891,-3.482249,0.4835056,0.4976534,0.7201135,1.026046,1.619647,0.2577263,-2.74338,-0.6196498,-0.5840228,-0.5243582,0.09204596,0.1842457,1.015613,1.127327,-0.2578555,-3.495499,-0.1844542,0.2118089,-0.01386144,0.9596467,339.6258,26.04698,353.5848,0.3063907,-0.06905349,-0.9493976,0,0,0,1.628943,0.2664877,-2.735513,0.09642869,0.1890974,1.029115,0.9098897,-0.1047423,-0.4014097,-0.0515339,0.931569,-0.3598936,0.4116369,0.3481497,0.8422273,static,5.761146543489686,10.393007277448838,5.353019114534668,10.411819404176702,0.5016160000000001,0.5243432,0.759986,0.09875090722913571,0.17951734748491754,0.9787858830809586,5.630747039330284,10.573019148813387,0.4023057574785081,0.40856075971323885,0.3211201611269713
05/17/2023 16:15:22.456863,928,True,True,True,True,Eyes,1.123557,-0.2528547,-3.482335,0.483545,0.4976908,0.7200611,1.026046,1.619697,0.2577992,-2.743519,-0.616325,-0.5791267,-0.533625,0.09218571,0.1843748,1.015517,1.127417,-0.2578039,-3.49557,-0.1844785,0.2116629,-0.01404361,0.9596716,339.6269,26.03307,353.566,0.3063848,-0.06904308,-0.9494003,0,0,0,1.628943,0.2664877,-2.735513,0.09647638,0.1891132,1.02909,0.9100032,-0.105049,-0.4010722,-0.05114003,0.9315409,-0.3600226,0.4114352,0.3481326,0.842333,static,5.7728970227767835,10.401139291275209,5.355780476053106,10.412917758576087,0.5015260000000001,0.5242916,0.7600569999999998,0.09894914666319066,0.17965269744837184,0.978740957473938,5.642442641555139,10.581205613505116,0.41075341591790293,0.4172828127812648,0.332409385016321
05/17/2023 16:15:22.467237,929,True,True,True,True,Eyes,1.123564,-0.2528217,-3.482417,0.4835773,0.4977344,0.7200093,1.02605,1.619739,0.2578788,-2.743651,-0.6135598,-0.5738485,-0.5424411,0.09233665,0.1841711,1.015545,1.127426,-0.2577936,-3.49564,-0.1846164,0.2116152,-0.01400587,0.9596559,339.61,26.02878,353.5673,0.3063791,-0.06903262,-0.9494029,0,0,0,1.628943,0.2664877,-2.735513,0.09654608,0.1887863,1.029185,0.9100457,-0.1050169,-0.4009842,-0.05125366,0.9314412,-0.3602642,0.411327,0.3484088,0.8422716,static,5.781170533010315,10.388352294243864,5.3591354253736805,10.394372156431373,0.501517,0.5242813,0.7601269999999998,0.09909454159924605,0.17943165723114646,0.9787668171294219,5.650809529093616,10.568232896101392,0.41538865938931413,0.42207803877792854,0.3395605094521942
05/17/2023 16:15:22.477182,930,True,True,True,True,Eyes,1.123571,-0.2527879,-3.482497,0.4836016,0.4977798,0.7199617,1.026057,1.619774,0.2579624,-2.743775,-0.6112851,-0.568332,-0.5507534,0.09264117,0.1839869,1.015498,1.127393,-0.2577956,-3.495589,-0.1848337,0.2114569,-0.01414603,0.9596471,339.588,26.01577,353.5477,0.3063734,-0.06902216,-0.9494055,0,0,0,1.628943,0.2664877,-2.735513,0.09677932,0.1884781,1.029199,0.9101717,-0.1053191,-0.4006186,-0.05101833,0.9312728,-0.3607328,0.4110773,0.3487677,0.842245,static,5.793207111965981,10.373987032631227,5.371933947293976,10.377633892439366,0.5015499999999999,0.5242833,0.7600759999999998,0.09930474860670166,0.1791824946499776,0.9787912375949535,5.6629517370917615,10.553648730908478,0.41459113970085193,0.4212889493675648,0.3401067146354147
05/17/2023 16:15:22.497009,931,True,True,True,True,Eyes,1.123566,-0.2527521,-3.482569,0.4836629,0.4978527,0.7198701,1.026052,1.61983,0.2580708,-2.743944,-0.6076049,-0.561151,-0.5620729,0.09291479,0.1840058,1.015431,1.127405,-0.2577473,-3.495636,-0.1849309,0.2112978,-0.01429665,0.9596611,339.5799,26.00085,353.5307,0.3063679,-0.06901169,-0.9494081,0,0,0,1.628943,0.2664877,-2.735513,0.09694758,0.188338,1.029214,0.9102977,-0.1055909,-0.4002608,-0.05071109,0.9311924,-0.3609836,0.4108363,0.3489002,0.8423077,static,5.808924300924991,10.375773255254048,5.3811408167463535,10.369939529915975,0.501538,0.524235,0.7601230000000001,0.09957276936661874,0.17920818364095145,0.978759297848293,5.678660352384094,10.555397757925922,0.4208600541775625,0.42782325987180103,0.35058897361823366
05/17/2023 16:15:22.517115,932,True,True,True,True,Eyes,1.123562,-0.2527186,-3.482638,0.4837196,0.4979339,0.7197758,1.026051,1.619883,0.2581868,-2.744112,-0.6041124,-0.5534915,-0.5733194,0.09312713,0.1840032,1.015342,1.127422,-0.2577036,-3.495636,-0.1850564,0.2111661,-0.01446433,0.9596635,339.5692,25.99013,353.5102,0.3063623,-0.06900116,-0.9494106,0,0,0,1.628943,0.2664877,-2.735513,0.09705731,0.188169,1.029203,0.9103993,-0.1059171,-0.3999434,-0.05039353,0.9310898,-0.3612925,0.4106503,0.349075,0.842326,static,5.820388651098053,10.375229079324047,5.387252880376422,10.360944299082963,0.5015210000000001,0.5241913,0.7601230000000001,0.09976884251399226,0.17919534602322024,0.9787416556405711,5.6901316204599,10.554804095900055,0.42618250423698306,0.43337126211270377,0.3596069410015881
05/17/2023 16:15:22.527266,933,True,True,True,True,Eyes,1.123545,-0.2526785,-3.482698,0.4838135,0.4980267,0.7196485,1.026034,1.619955,0.2583139,-2.744314,-0.5991554,-0.5448455,-0.5866482,0.0932532,0.1838801,1.015303,1.127447,-0.2577299,-3.495636,-0.1852714,0.2110937,-0.01459457,0.9596359,339.5479,25.98747,353.49,0.3063566,-0.06899066,-0.9494132,0,0,0,1.628943,0.2664877,-2.735513,0.09705049,0.1878542,1.029262,0.9104529,-0.1062302,-0.3997382,-0.0502083,0.930923,-0.3617478,0.4105541,0.3494245,0.8422279,static,5.8286134575910475,10.364052300424603,5.386569583537236,10.343405159228539,0.5014959999999999,0.5242176000000001,0.7601230000000001,0.09991291944876296,0.17900182049465335,0.9787623904882202,5.698438308728938,10.543461267301026,0.4351049226682314,0.44252580831864735,0.3705192952193019
05/17/2023 16:15:22.547413,934,True,True,True,True,Eyes,1.123526,-0.2526363,-3.482756,0.4838962,0.498146,0.7195103,1.026021,1.620014,0.258472,-2.744524,-0.5950524,-0.5341799,-0.6004703,0.09334347,0.1842833,1.015086,1.127458,-0.257577,-3.495626,-0.1851814,0.2110373,-0.01481868,0.9596622,339.5635,25.98348,353.4677,0.3063506,-0.06898002,-0.949416,0,0,0,1.628943,0.2664877,-2.735513,0.09701863,0.1880429,1.029141,0.9104874,-0.1066022,-0.3995607,-0.04971849,0.9309765,-0.3616777,0.4105372,0.3491685,0.8423422,static,5.833625882107088,10.391703242364544,5.385441052325614,10.354761510665725,0.501485,0.5240647,0.760113,0.09998982290085578,0.17947275517730008,0.9786682823928925,5.703254879607308,10.571428111117724,0.4418815119487883,0.4497047177728476,0.38464274926594505
05/17/2023 16:15:22.567188,935,True,True,True,True,Eyes,1.123487,-0.2526034,-3.482797,0.483972,0.4982888,0.7193604,1.02602,1.620052,0.2586509,-2.744719,-0.5924746,-0.5222043,-0.6134137,0.09359995,0.1835382,1.015153,1.127393,-0.2574941,-3.495628,-0.1856641,0.2109308,-0.01488734,0.9595913,339.5101,25.97998,353.4474,0.3063444,-0.0689692,-0.9494188,0,0,0,1.628943,0.2664877,-2.735513,0.09718278,0.1870508,1.029297,0.9105732,-0.1068961,-0.3992866,-0.04975301,0.9306145,-0.3626037,0.4103428,0.3500428,0.8420741,static,5.844947580843834,10.35212427391987,5.393686437117111,10.299775442636003,0.5015499999999999,0.5239818,0.7601149999999999,0.10019581039551292,0.1787929381804572,0.9787716255151584,5.7148618194368375,10.53132775345674,0.4462272376142104,0.4542873759794967,0.3959420397667385
05/17/2023 16:15:22.576979,936,True,True,True,True,Eyes,1.123449,-0.2525681,-3.482837,0.4840318,0.498415,0.7192327,1.026032,1.620081,0.2588216,-2.744881,-0.5907167,-0.510998,-0.6244476,0.09394869,0.1842256,1.014998,1.127378,-0.2577428,-3.495474,-0.185555,0.2108504,-0.01481517,0.9596313,339.52,25.96678,353.4609,0.3063374,-0.06895853,-0.9494218,0,0,0,1.628943,0.2664877,-2.735513,0.09746128,0.187524,1.029205,0.9106452,-0.1066829,-0.3991792,-0.04981449,0.9306998,-0.3623762,0.4101753,0.3498811,0.842223,static,5.8634873107167715,10.37219020869474,5.4095324058558,10.3261750725545,0.501565,0.5242305,0.7599610000000001,0.1005062487416308,0.17913006863638753,0.9786781313893445,5.733263368995,10.551567169400881,0.4482464329458292,0.456281106776665,0.3944658842230115
05/17/2023 16:15:22.596966,937,True,True,True,True,Eyes,1.123362,-0.2525188,-3.482852,0.4841243,0.4985487,0.7190778,1.026042,1.620094,0.2590131,-2.745048,-0.5898275,-0.4982018,-0.6355301,0.09443498,0.1847615,1.014805,1.127388,-0.2576421,-3.495509,-0.1853188,0.2106963,-0.01467159,0.9597128,339.5418,25.94094,353.4883,0.3063299,-0.06894791,-0.9494249,0,0,0,1.628943,0.2664877,-2.735513,0.09789634,0.187827,1.029078,0.9107836,-0.106253,-0.3989781,-0.04993094,0.9308833,-0.3618881,0.4098538,0.3495231,0.842528,static,5.896752535155672,10.40569540998813,5.4342025073963285,10.343749059366212,0.501555,0.5241298,0.7599960000000001,0.10106391196752426,0.1796921470842052,0.9785176771776322,5.766298477702152,10.585353403650874,0.45820227290982396,0.46667963158417686,0.41068283707818626
05/17/2023 16:15:22.617086,938,True,True,True,True,Eyes,1.123281,-0.2524723,-3.482867,0.4842268,0.4986873,0.7189127,1.02605,1.620122,0.259206,-2.745226,-0.5878539,-0.4852456,-0.6472748,0.09426928,0.1842108,1.014768,1.127584,-0.2574416,-3.495598,-0.1856451,0.2106642,-0.01476594,0.9596555,339.5072,25.94442,353.4681,0.306321,-0.06893704,-0.9494286,0,0,0,1.628943,0.2664877,-2.735513,0.09765378,0.187026,1.029115,0.9108051,-0.106558,-0.3988477,-0.04987715,0.9306357,-0.362532,0.4098126,0.3500894,0.8423129,static,5.901998240837075,10.38375109250354,5.420624628776619,10.300221383287088,0.5013590000000001,0.5239293,0.7600850000000001,0.10116056783306171,0.17931559598141258,0.9785767950418317,5.771702060273124,10.563123865156037,0.4794912055932068,0.4885670544663389,0.4386035543392639
05/17/2023 16:15:22.637183,939,True,True,True,True,Eyes,1.123137,-0.2524212,-3.482837,0.4843773,0.4987876,0.7187416,1.026071,1.620143,0.2593704,-2.745357,-0.5866833,-0.4744922,-0.6562468,0.09380817,0.1840488,1.014837,1.127637,-0.2574759,-3.495608,-0.1859468,0.210742,-0.01512575,0.9595742,339.4831,25.96637,353.415,0.3063108,-0.06892602,-0.9494327,0,0,0,1.628943,0.2664877,-2.735513,0.0971325,0.1866608,1.029229,0.910718,-0.1074022,-0.3988201,-0.04934505,0.9303901,-0.3632348,0.4100704,0.3504842,0.8420231,static,5.887184109650071,10.370475506039487,5.391266392805206,10.279423357010517,0.501306,0.5239636,0.7600949999999997,0.10091169140497852,0.17909338750812212,0.9786430990551467,5.756978673801245,10.549743039600418,0.49481224006525243,0.5042071753985827,0.4547726940646625
05/17/2023 16:15:22.647385,940,True,True,True,True,Eyes,1.122997,-0.2523729,-3.482806,0.4845316,0.4988714,0.7185795,1.026088,1.620169,0.259513,-2.745481,-0.5849615,-0.4649933,-0.6645309,0.09320825,0.1855055,1.014395,1.127637,-0.2575004,-3.495285,-0.1854845,0.2110059,-0.01556476,0.9595987,339.5486,25.99973,353.3719,0.3062983,-0.06891485,-0.9494376,0,0,0,1.628943,0.2664877,-2.735513,0.09646356,0.1879584,1.02883,0.9104685,-0.1081485,-0.399188,-0.04840481,0.9307064,-0.3625499,0.4107361,0.3494129,0.842144,static,5.855663076470661,10.44217686575679,5.356418358336094,10.353270090627076,0.501306,0.5239881,0.7597719999999999,0.10035027044040765,0.1803282476507315,0.9784741127278347,5.724937980015075,10.622430151405595,0.49757149032685244,0.5070993031440971,0.45634838652143356
05/17/2023 16:15:22.657044,941,True,True,True,True,Eyes,1.122842,-0.2523304,-3.482771,0.4846973,0.498922,0.7184327,1.026113,1.620196,0.2596197,-2.745579,-0.5831506,-0.4578753,-0.6710333,0.0930942,0.185996,1.014334,1.127563,-0.2575136,-3.495258,-0.1852878,0.2111596,-0.01551826,0.9596037,339.5706,26.01433,353.38,0.306284,-0.06890363,-0.949443,0,0,0,1.628943,0.2664877,-2.735513,0.0962939,0.1883199,1.028803,0.9103416,-0.1080333,-0.3995083,-0.04846782,0.9308552,-0.3621593,0.4110097,0.349052,0.8421601,static,5.8543486008255545,10.46653596155586,5.3471916628441765,10.373016984768128,0.5013799999999999,0.5240013,0.7597450000000001,0.10032003069096027,0.18074479251955022,0.9784004244478893,5.72344944898447,10.647088983420964,0.5059426592231856,0.5157072413318157,0.46549477126682615
05/17/2023 16:15:22.676951,942,True,True,True,True,Eyes,1.122695,-0.2522874,-3.482736,0.4848585,0.498943,0.7183092,1.026134,1.620225,0.2596949,-2.745655,-0.5812293,-0.4528556,-0.6760876,0.09345537,0.1870893,1.01426,1.127444,-0.2576353,-3.495319,-0.1847605,0.2111547,-0.01529758,0.9597101,339.6244,26.00033,353.422,0.3062675,-0.06889252,-0.9494492,0,0,0,1.628943,0.2664877,-2.735513,0.09660983,0.1893288,1.028753,0.9103594,-0.1073885,-0.3996418,-0.04866358,0.9312592,-0.3610932,0.4109473,0.3481726,0.8425545,static,5.880461500745149,10.521398499225205,5.364892253938054,10.427868953310517,0.5014990000000001,0.524123,0.7598059999999998,0.1007483875344895,0.1816736379689158,0.978184257056016,5.749178036969546,10.702517805468672,0.5139810281073364,0.5239841831699149,0.4723426246189509
05/17/2023 16:15:22.696872,943,True,True,True,True,Eyes,1.122519,-0.2522425,-3.482682,0.485053,0.4989261,0.7181897,1.026151,1.620256,0.2597309,-2.745711,-0.5789801,-0.4503523,-0.6796799,0.09353435,0.1879261,1.014006,1.127486,-0.2575617,-3.495283,-0.1842604,0.2112496,-0.01506946,0.9597889,339.6756,25.99898,353.4618,0.3062493,-0.0688815,-0.9494558,0,0,0,1.628943,0.2664877,-2.735513,0.09664184,0.1901242,1.028519,0.910293,-0.1067769,-0.3999567,-0.04892292,0.931642,-0.3600691,0.4110636,0.3473355,0.8428434,static,5.897395030345318,10.569664644708295,5.367873287635354,10.47304062761693,0.501457,0.5240494,0.7597700000000001,0.10102190720554965,0.18249252261625606,0.9780036629328179,5.765771862208758,10.751304748878741,0.527896544839169,0.5382652475141502,0.48554525724092334
05/17/2023 16:15:22.717145,944,True,True,True,True,Eyes,1.122349,-0.2521986,-3.482631,0.4852384,0.4988905,0.7180892,1.026176,1.620289,0.2597508,-2.745745,-0.5769581,-0.4491565,-0.6821861,0.09358007,0.1888133,1.013767,1.127575,-0.2575652,-3.495245,-0.1837704,0.2113232,-0.01486694,0.9598698,339.7261,25.9957,353.4987,0.3062291,-0.06887056,-0.9494631,0,0,0,1.628943,0.2664877,-2.735513,0.09664649,0.1909929,1.028287,0.910243,-0.1062105,-0.4002212,-0.04912921,0.9320148,-0.3590747,0.4111496,0.3465078,0.843142,static,5.91474528931607,10.616477487777145,5.369334127214977,10.52214778465064,0.501368,0.5240529,0.7597320000000001,0.10130284611272947,0.18328626719498614,0.9778261668664011,5.782792890869474,10.798619241184792,0.5428198331544124,0.5535082913890264,0.497377739269482
05/17/2023 16:15:22.727037,945,True,True,True,True,Eyes,1.122159,-0.2521548,-3.482571,0.4853922,0.4988703,0.7179993,1.026208,1.620272,0.2597898,-2.745754,-0.5781522,-0.4466022,-0.6828517,0.09368438,0.1894108,1.013675,1.127559,-0.2575342,-3.495288,-0.1834407,0.2113161,-0.01478297,0.9599357,339.7611,25.98763,353.5187,0.3062071,-0.06885972,-0.9494709,0,0,0,1.628943,0.2664877,-2.735513,0.09676841,0.1915581,1.028194,0.9102539,-0.1059094,-0.4002762,-0.04914657,0.9322619,-0.3584304,0.4111234,0.3459349,0.84339,static,5.932651499263612,10.65099388530381,5.376551321258155,10.55352032141833,0.501384,0.5240218999999999,0.7597749999999999,0.1015971721053755,0.18386975542083028,0.9776860879163081,5.800457704973803,10.833486384050326,0.5535941551123381,0.5645781643264615,0.5080134037410234
05/17/2023 16:15:22.747466,946,True,True,True,True,Eyes,1.121976,-0.2521044,-3.482514,0.4855247,0.4988693,0.7179103,1.026231,1.620237,0.2598507,-2.745772,-0.5803092,-0.4423709,-0.6837757,0.09387952,0.1896926,1.013644,1.127562,-0.2575676,-3.495319,-0.1833323,0.2112186,-0.01473013,0.9599787,339.7713,25.97277,353.5303,0.3061831,-0.06884899,-0.9494795,0,0,0,1.628943,0.2664877,-2.735513,0.09699881,0.1917776,1.02817,0.9103395,-0.1057276,-0.4001296,-0.04916515,0.9323446,-0.3582127,0.4109316,0.3457676,0.843552,static,5.955965264162621,10.663904815153005,5.389402354788539,10.565582189397432,0.5013810000000001,0.5240553,0.7598059999999998,0.1019908446464356,0.1840825928924924,0.9776049704461169,5.823685577427382,10.846466333672279,0.563827403705614,0.5750311896009597,0.5172019141211601
05/17/2023 16:15:22.767335,947,True,True,True,True,Eyes,1.121798,-0.2520517,-3.482454,0.4856125,0.4989218,0.7178146,1.02626,1.620162,0.2599721,-2.745789,-0.5851956,-0.4342391,-0.684823,0.0941954,0.1891242,1.01365,1.12756,-0.2573646,-3.495344,-0.1835882,0.2110206,-0.014704,0.9599738,339.7404,25.95222,353.5299,0.3061575,-0.06883817,-0.9494885,0,0,0,1.628943,0.2664877,-2.735513,0.09739375,0.1910796,1.028179,0.9105083,-0.1057127,-0.3997494,-0.04925085,0.9321584,-0.3586854,0.4105473,0.346274,0.8435314,static,5.9833519471610135,10.641289322062546,5.411168750441699,10.527898521739028,0.5013830000000001,0.5238522999999999,0.7598309999999997,0.10246582993040382,0.1836877129605499,0.9776297051791373,5.851240789498567,10.823474644135363,0.5718222336986032,0.5833104526801673,0.5301213480803454
05/17/2023 16:15:22.787239,948,True,True,True,True,Eyes,1.121628,-0.2520036,-3.482391,0.4856887,0.4989787,0.7177233,1.026292,1.620087,0.2600945,-2.745797,-0.5903354,-0.4261446,-0.685496,0.09453306,0.1885313,1.01361,1.127633,-0.2572829,-3.495261,-0.1839994,0.210709,-0.01486431,0.959961,339.696,25.92402,353.5056,0.3061306,-0.06882721,-0.9494979,0,0,0,1.628943,0.2664877,-2.735513,0.09781682,0.1903573,1.028135,0.9107616,-0.106079,-0.3990747,-0.04900235,0.9318464,-0.3595287,0.4100148,0.3470005,0.8434919,static,6.013446615531829,10.609173064333538,5.434765155447097,10.489425762057424,0.5013099999999999,0.5237706,0.7597480000000001,0.10299020930020092,0.18312969353963043,0.9776791517960541,5.8815724552841715,10.790857069125058,0.5793035028118928,0.5909413242008082,0.5389782890508673
05/17/2023 16:15:22.797135,949,True,True,True,True,Eyes,1.12146,-0.2519519,-3.482328,0.4857678,0.4990042,0.7176521,1.026322,1.620014,0.2601869,-2.745787,-0.5953147,-0.4200798,-0.6849331,0.09465685,0.1885574,1.013537,1.127686,-0.2573546,-3.495143,-0.1841628,0.2105133,-0.01506806,0.9599695,339.6816,25.90677,353.4811,0.3061026,-0.06881625,-0.9495077,0,0,0,1.628943,0.2664877,-2.735513,0.09802461,0.1902964,1.028049,0.9109142,-0.1064672,-0.3986227,-0.04860768,0.9317141,-0.3599253,0.4097225,0.3472372,0.8435364,static,6.031053417513345,10.602850482763298,5.446693614951866,10.48700212748136,0.5012570000000001,0.5238423,0.75963,0.10329287061327791,0.18301603944960795,0.9776685511734219,5.899229008915688,10.784392080344748,0.5840643778770704,0.5957325073144999,0.5415062943808502
05/17/2023 16:15:22.816871,950,True,True,True,True,Eyes,1.121302,-0.2518988,-3.482265,0.485836,0.4990746,0.7175569,1.02634,1.619935,0.2603218,-2.745807,-0.6003619,-0.4109404,-0.6860712,0.09477141,0.1894089,1.01331,1.127706,-0.2572314,-3.495143,-0.1838384,0.2103345,-0.01533486,0.9600667,339.724,25.88461,353.4636,0.3060738,-0.06880519,-0.9495178,0,0,0,1.628943,0.2664877,-2.735513,0.09822035,0.1910235,1.027823,0.9110485,-0.1067801,-0.3982319,-0.04789012,0.9319366,-0.3594451,0.4095084,0.3465433,0.8439257,static,6.048622023137113,10.655967383648692,5.4586969798526885,10.52844059239542,0.5012369999999999,0.5237191,0.75963,0.10357492649264105,0.18391688941377668,0.9774695864266952,5.916423487214896,10.83808611123069,0.5915047661114853,0.6035516872493071,0.552624558698551
05/17/2023 16:15:22.827579,951,True,True,True,True,Eyes,1.121147,-0.2518547,-3.482203,0.4859094,0.4991468,0.7174571,1.02637,1.61987,0.2604546,-2.745826,-0.6047712,-0.4021439,-0.6874098,0.09470245,0.1881345,1.013439,1.127787,-0.2571585,-3.49506,-0.1845156,0.210299,-0.01526851,0.9599455,339.6455,25.89039,353.4516,0.3060445,-0.068794,-0.949528,0,0,0,1.628943,0.2664877,-2.735513,0.09821793,0.1895962,1.02795,0.9110823,-0.1069208,-0.3981166,-0.04829304,0.9314418,-0.3606718,0.4093858,0.347828,0.8434566,static,6.054708432302374,10.584417956288128,5.457892982332012,10.450250596127471,0.5011559999999999,0.5236462,0.759547,0.1037028283159998,0.18269367751763368,0.9776854846490026,5.923021734970138,10.76564794776016,0.5995944194709966,0.6117103578130787,0.5619788661040668
05/17/2023 16:15:22.847337,952,True,True,True,True,Eyes,1.121,-0.2518141,-3.482141,0.4859896,0.4992028,0.7173638,1.026397,1.619818,0.2605662,-2.745842,-0.6083228,-0.3947681,-0.6885504,0.09441799,0.1885135,1.013501,1.127802,-0.25735,-3.495054,-0.1845493,0.2103026,-0.01552198,0.9599341,339.6483,25.89645,353.4209,0.3060149,-0.06878293,-0.9495384,0,0,0,1.628943,0.2664877,-2.735513,0.09798437,0.1898655,1.028008,0.9110637,-0.1074226,-0.3980242,-0.04782225,0.9314013,-0.360839,0.4094825,0.3477817,0.8434287,static,6.049686214487681,10.594311731470453,5.444686972116736,10.464188931533327,0.5011410000000001,0.5238377000000001,0.759541,0.10361378764328322,0.18286420524527777,0.977663036959394,5.917927633090499,10.77568026030114,0.6066229076289851,0.6188344094609597,0.5665541201830778
05/17/2023 16:15:22.867329,953,True,True,True,True,Eyes,1.120854,-0.2517693,-3.482078,0.486056,0.4992507,0.7172854,1.026415,1.619749,0.2606693,-2.745845,-0.6127692,-0.3877795,-0.6885789,0.09408593,0.1890106,1.013452,1.127829,-0.2573912,-3.495038,-0.184423,0.2103616,-0.0157052,0.9599426,339.6678,25.9052,353.402,0.3059851,-0.06877206,-0.9495488,0,0,0,1.628943,0.2664877,-2.735513,0.0977222,0.1902676,1.027955,0.9110027,-0.1077432,-0.3980773,-0.04743885,0.931483,-0.3606784,0.4096629,0.3474634,0.8434723,static,6.041880234636037,10.618302430022759,5.430484495454608,10.48638775739396,0.5011140000000001,0.5238788999999999,0.759525,0.10347250781153272,0.18327625323859278,0.9776007859886702,5.909948505091312,10.799990527777231,0.6130736358873469,0.625464811755201,0.5729157303905769
05/17/2023 16:15:22.876782,954,True,True,True,True,Eyes,1.120713,-0.2517264,-3.482014,0.486121,0.4993139,0.7171973,1.026441,1.619687,0.2607896,-2.745854,-0.6169768,-0.3798021,-0.6892678,0.0937326,0.1889587,1.013416,1.127812,-0.2572645,-3.494975,-0.1844668,0.2105106,-0.01576271,0.9599005,339.6653,25.92541,353.3907,0.3059552,-0.06876126,-0.9495593,0,0,0,1.628943,0.2664877,-2.735513,0.09742987,0.1900965,1.027912,0.9108736,-0.1079257,-0.3983231,-0.04740319,0.931447,-0.360776,0.4099539,0.3475031,0.8433145,static,6.027677462484997,10.61902852503442,5.414561361999054,10.477595253259008,0.501131,0.5237522,0.7594620000000001,0.10322983442513889,0.18329328164397238,0.9776232089564164,5.8957367922452795,10.800778557905208,0.6166645166647299,0.6292175482614788,0.5796354398021906
05/17/2023 16:15:22.897023,955,True,True,True,True,Eyes,1.120578,-0.2516866,-3.481948,0.486181,0.4993722,0.7171161,1.02646,1.619624,0.2608991,-2.745857,-0.6211756,-0.3725059,-0.6894782,0.09358412,0.1885584,1.013492,1.127799,-0.2572665,-3.494916,-0.1846721,0.2106224,-0.01558561,0.9598394,339.6383,25.93912,353.4027,0.3059253,-0.06875057,-0.9495697,0,0,0,1.628943,0.2664877,-2.735513,0.09734726,0.1895819,1.027979,0.9107906,-0.1077115,-0.3985709,-0.04787279,0.9313066,-0.3610764,0.4100838,0.3479457,0.8430688,static,6.025396551425218,10.593606645745306,5.4096471368449475,10.449191470704985,0.501144,0.5237542,0.7594029999999998,0.10319938885141408,0.18286008621760813,0.9777075916562341,5.893636562834824,10.775057533610598,0.619873137192203,0.632457970412163,0.5834676130031682
05/17/2023 16:15:22.917163,956,True,True,True,True,Eyes,1.120449,-0.2516454,-3.481885,0.486228,0.4994287,0.7170448,1.026482,1.619554,0.2610094,-2.745851,-0.6258907,-0.3651863,-0.6891298,0.09365788,0.1891507,1.013303,1.127848,-0.2572947,-3.494796,-0.1844509,0.2105776,-0.01553969,0.9598925,339.6618,25.92893,353.4158,0.3058956,-0.06874005,-0.94958,0,0,0,1.628943,0.2664877,-2.735513,0.09750077,0.1900758,1.027774,0.9108312,-0.1075153,-0.398531,-0.04784959,0.9314728,-0.3606507,0.4099963,0.3475614,0.8432699,static,6.038332162199288,10.621721674209489,5.419201323862445,10.47785512239083,0.5010950000000001,0.5237824,0.7592829999999999,0.10341079633064484,0.1833357667896754,0.9775961044279142,5.906375109669017,10.80346443197026,0.6229275454155161,0.6356261320240648,0.5859690436037567
05/17/2023 16:15:22.927457,957,True,True,True,True,Eyes,1.120347,-0.2516069,-3.481829,0.4862613,0.4994973,0.7169745,1.0265,1.619494,0.2611271,-2.745855,-0.6299825,-0.3574052,-0.6894805,0.09391963,0.1892273,1.013252,1.127848,-0.2572173,-3.494794,-0.1844292,0.2104361,-0.01549035,0.9599285,339.662,25.91019,353.4253,0.3058662,-0.06872966,-0.9495903,0,0,0,1.628943,0.2664877,-2.735513,0.09783277,0.1900391,1.027708,0.9109534,-0.1073604,-0.3982934,-0.04788188,0.9314918,-0.3605972,0.4097209,0.3475583,0.843405,static,6.05946205636018,10.629150680486042,5.437890949099889,10.476534711879948,0.5010950000000001,0.523705,0.7592810000000001,0.1037689576673601,0.18345564960043623,0.9775357110047396,5.927457624938043,10.810904282573956,0.6271442411809021,0.6400330266903117,0.5928562556786559
05/17/2023 16:15:22.947082,958,True,True,True,True,Eyes,1.120247,-0.2515705,-3.481772,0.4862768,0.4995562,0.7169229,1.026514,1.619417,0.2612312,-2.745841,-0.6350338,-0.3504121,-0.6884354,0.09397274,0.1892965,1.013145,1.127993,-0.2572018,-3.494745,-0.1844801,0.2102795,-0.01555842,0.959952,339.6569,25.89316,353.4193,0.3058377,-0.06871942,-0.9496002,0,0,0,1.628943,0.2664877,-2.735513,0.09797707,0.1900128,1.027585,0.9110809,-0.1074554,-0.397976,-0.04771408,0.9314501,-0.3607273,0.4094568,0.3476408,0.8434993,static,6.0753649608498606,10.631810591889264,5.446511408321469,10.476343025398888,0.50095,0.5236894999999999,0.7592319999999999,0.1040394794502835,0.1834958100564562,0.9774993821627352,5.943345774602458,10.813536877647758,0.6347218605778825,0.6477861952511939,0.6004532300789662
05/17/2023 16:15:22.967473,959,True,True,True,True,Eyes,1.120154,-0.2515333,-3.481712,0.4862808,0.4996115,0.7168817,1.02652,1.619331,0.261328,-2.745818,-0.6404996,-0.3438244,-0.6866915,0.09447351,0.1897101,1.013009,1.127954,-0.2572107,-3.494664,-0.1843525,0.2100175,-0.01556012,0.9600338,339.6696,25.85883,353.4287,0.3058101,-0.06870938,-0.9496099,0,0,0,1.628943,0.2664877,-2.735513,0.09858283,0.1903444,1.027429,0.9113011,-0.107311,-0.3975106,-0.04755802,0.931544,-0.3605051,0.4089848,0.3474335,0.8438136,static,6.106653252264992,10.65282857695767,5.48080802447146,10.49577794422548,0.5009890000000001,0.5236984,0.7591510000000001,0.10456633996825182,0.18384416920765367,0.9773777371977385,5.974492474102762,10.834692161012377,0.632153263579084,0.6452496806613071,0.5988214943938112
05/17/2023 16:15:22.977098,960,True,True,True,True,Eyes,1.120063,-0.2514962,-3.481655,0.4862638,0.4996629,0.7168573,1.026543,1.619234,0.2614295,-2.74577,-0.6472235,-0.3371681,-0.683681,0.09504879,0.1899475,1.012782,1.127918,-0.2571362,-3.494462,-0.1842861,0.2097419,-0.01553079,0.9601073,339.6744,25.82325,353.4402,0.3057834,-0.06869949,-0.9496192,0,0,0,1.628943,0.2664877,-2.735513,0.09928539,0.1905023,1.027163,0.9115342,-0.1071275,-0.3970252,-0.04748259,0.9315948,-0.3603838,0.4084736,0.347354,0.844094,static,6.138658463231991,10.665554802851567,5.521047722870215,10.506950674627484,0.501025,0.5236239,0.7589489999999999,0.10510814239823488,0.18405066941194836,0.9772806735430444,6.006415412451915,10.84745264755415,0.6246284211908693,0.6376506066020347,0.592894077940427
05/17/2023 16:15:22.997191,961,True,True,True,True,Eyes,1.119994,-0.2514705,-3.48161,0.4862331,0.4997086,0.7168464,1.026557,1.61914,0.2615087,-2.745727,-0.6532338,-0.3317842,-0.6805916,0.09562582,0.1901168,1.012741,1.127865,-0.2570949,-3.494481,-0.184211,0.2094441,-0.01546772,0.9601877,339.6793,25.78413,353.4564,0.3057576,-0.06868973,-0.9496282,0,0,0,1.628943,0.2664877,-2.735513,0.09998226,0.1906109,1.027094,0.9117878,-0.1068677,-0.3965127,-0.04745998,0.9316542,-0.3602335,0.40791,0.347275,0.844399,static,6.173599186294336,10.67774125610125,5.5599283768631675,10.513497399443123,0.5010780000000001,0.5235826,0.7589679999999999,0.10570015479391065,0.18424691761289083,0.977179934438495,6.041278489794428,10.859655843823012,0.6221909499318264,0.6352699479731749,0.5928942568742269
05/17/2023 16:15:23.016995,962,True,True,True,True,Eyes,1.119933,-0.2514425,-3.481563,0.4861951,0.4997348,0.7168539,1.026577,1.619049,0.2615738,-2.745658,-0.6596634,-0.327636,-0.6763867,0.0959416,0.1904767,1.012799,1.127865,-0.257284,-3.494505,-0.1841626,0.2091996,-0.01550197,0.9602497,339.684,25.75395,353.4592,0.305733,-0.06868038,-0.9496368,0,0,0,1.628943,0.2664877,-2.735513,0.1004219,0.1909334,1.027105,0.9119905,-0.106825,-0.3960578,-0.04728194,0.9316876,-0.3601701,0.4074774,0.3471981,0.8446394,static,6.197569802506909,10.68830854938301,5.5841627624961445,10.530777635931923,0.5010780000000001,0.5237717,0.7589920000000001,0.10610547695377784,0.1844191323164205,0.9771035108607121,6.065180100290974,10.870261333956426,0.6202996106787375,0.6333120758579461,0.5887502530645892
05/17/2023 16:15:23.027211,963,True,True,True,True,Eyes,1.119889,-0.2514144,-3.481523,0.4861818,0.4997498,0.7168524,1.026567,1.618987,0.2616124,-2.745626,-0.6635162,-0.324904,-0.6739315,0.0961602,0.1910435,1.012514,1.127969,-0.2571973,-3.494402,-0.1839065,0.209017,-0.01557692,0.9603373,339.7136,25.7287,353.4621,0.3057098,-0.06867131,-0.9496449,0,0,0,1.628943,0.2664877,-2.735513,0.1007191,0.1914812,1.026803,0.9121385,-0.1067974,-0.3957242,-0.04696096,0.9318715,-0.3597362,0.4071831,0.3467128,0.8449806,static,6.216542230190202,10.722341685169123,5.60222100148334,10.563348489750544,0.500974,0.523685,0.7588889999999999,0.10641733101914153,0.1849932807947042,0.9769610055455715,6.08391486079903,10.904635376359463,0.6214311211478896,0.634562375365353,0.5903437245145018
05/17/2023 16:15:23.052200,964,True,True,True,True,Eyes,1.119846,-0.2513908,-3.481483,0.486169,0.4997619,0.7168527,1.026574,1.618934,0.2616518,-2.745581,-0.6673727,-0.3224452,-0.6712993,0.09618193,0.191149,1.012442,1.128008,-0.2571255,-3.494373,-0.1838518,0.2089531,-0.01560987,0.9603612,339.7202,25.72058,353.4613,0.3056881,-0.06866248,-0.9496526,0,0,0,1.628943,0.2664877,-2.735513,0.1008126,0.1915657,1.026701,0.9121899,-0.106815,-0.395601,-0.04685058,0.9319097,-0.3596518,0.4070807,0.3466049,0.8450742,moving,6.222074766127349,10.730959207012313,5.607942078853176,10.568931314463436,0.5009350000000001,0.5236132,0.7588599999999999,0.1065087091177101,0.18513840322958494,0.9769235964401609,6.089387410105001,10.913336492892228,0.6219538892317313,0.6351472235178456,0.5919497731334538
05/17/2023 16:15:23.067297,965,True,True,True,True,Eyes,1.119797,-0.2513686,-3.48144,0.4862031,0.4997618,0.7168297,1.023357,1.617356,0.260066,-2.747868,-0.5023966,-0.2291504,-0.8337192,0.09584412,0.1907306,1.009315,1.127992,-0.2572128,-3.494343,-0.1838542,0.2089036,-0.01572505,0.9603696,339.7226,25.71683,353.4489,0.3056679,-0.06865399,-0.9496596,0,0,0,1.624891,0.2635029,-2.735363,0.09740493,0.1890842,1.024141,0.912224,-0.1070193,-0.3954671,-0.04661189,0.9319007,-0.359706,0.4070317,0.3465659,0.8451138,moving,6.225145822482747,10.735664334060276,5.432996472784895,10.460559139266612,0.496899,0.5207157,0.7589800000000002,0.10655945799635921,0.1852176224534027,0.9769030884561534,6.092425727368291,10.918087073964836,0.8207817907436031,0.8385603499028498,0.8026074712022283
05/17/2023 16:15:23.087125,966,True,True,True,True,Eyes,1.119747,-0.2513435,-3.481397,0.4862411,0.4997544,0.716809,1.023334,1.617334,0.2600723,-2.747861,-0.5037101,-0.2286655,-0.8330596,0.09569225,0.1911304,1.00923,1.128035,-0.2572529,-3.494316,-0.1837084,0.208923,-0.01582799,0.9603916,339.7419,25.7188,353.4408,0.3056489,-0.06864586,-0.9496663,0,0,0,1.620516,0.2602803,-2.735201,0.09356582,0.1866255,1.021299,0.9122013,-0.1071639,-0.3954803,-0.04635966,0.9320014,-0.3594776,0.4071112,0.3462503,0.8452048,moving,6.222666091674914,10.75527992318751,5.234513295440239,10.355601727738925,0.49248100000000017,0.5175332,0.759115,0.10651031269142258,0.18555303222713768,0.9768447346693642,6.089805458873158,10.937949349209621,1.0432730310611997,1.065921483329539,1.0347238457976795
05/17/2023 16:15:23.097128,967,True,True,True,True,Eyes,1.119701,-0.2513168,-3.481351,0.4862915,0.4997588,0.7167718,1.020344,1.615886,0.2586092,-2.749997,-0.05599452,0.0746971,-0.9956329,0.09533006,0.1907184,1.006267,1.127968,-0.2571595,-3.494277,-0.1836324,0.2089625,-0.0159111,0.9603962,339.7529,25.72402,353.4325,0.3056308,-0.06863796,-0.9496727,0,0,0,1.616726,0.2574885,-2.73506,0.09030846,0.1842671,1.018846,0.912163,-0.1073065,-0.39553,-0.04618264,0.932052,-0.3593693,0.4072172,0.34607,0.8452276,moving,6.219085554408605,10.76717701024824,5.065344703635063,10.251618979840215,0.488758,0.514648,0.759217,0.10644509358038315,0.18575717620518592,0.9768130875279413,6.086139133680327,10.950003824839822,1.236991402265404,1.2636922226008431,1.2368357450108571
05/17/2023 16:15:23.117155,968,True,True,True,True,Eyes,1.119656,-0.2512947,-3.481306,0.4863391,0.4997713,0.7167307,1.023042,1.617201,0.2599925,-2.74806,0.3072644,0.3699177,-0.8767835,0.0953711,0.1908531,1.008894,1.12802,-0.257099,-3.494188,-0.1838592,0.2090194,-0.01604248,0.9603381,339.731,25.73743,353.4091,0.3056138,-0.06863023,-0.9496787,0,0,0,1.612592,0.2544433,-2.734907,0.08656168,0.1811612,1.016209,0.9121071,-0.1076727,-0.3955594,-0.04604784,0.9318769,-0.3598403,0.4073577,0.3464275,0.8450134,moving,6.208529356333583,10.747302635767312,4.868757854122664,10.108022510520867,0.484572,0.5115423,0.7592809999999997,0.10627196724983473,0.18542177619606587,0.9768955945770952,6.075721865017262,10.92992841301666,1.4536154791930962,1.4844752462306716,1.4602367740035174
05/17/2023 16:15:23.127180,969,True,True,True,True,Eyes,1.119612,-0.2512703,-3.481261,0.4863971,0.4998161,0.7166601,0.0,0.0,0.0,0.0,0.0,0.0,0.0,-2.438297,-0.967097,2.582022,1.127975,-0.2571966,-3.494128,-0.1840222,0.2089776,-0.01614011,0.9603145,339.7148,25.73698,353.3936,0.3055978,-0.06862279,-0.9496844,0,0,0,1.608665,0.2515511,-2.734761,0.08328044,0.1784438,1.013779,0.9121358,-0.1079122,-0.395428,-0.04591385,0.9317507,-0.3601842,0.4073086,0.3466925,0.8449284,moving,6.212094595944228,10.736835542100414,4.696218228097081,9.982854179768694,0.48069000000000006,0.5087477,0.7593669999999997,0.1063364230832487,0.18524202517755783,0.9769226831605495,6.079362691076549,10.919321295191871,1.6583621730673048,1.693035456610716,1.6703470488912675
05/17/2023 16:15:23.147152,970,True,True,True,True,Eyes,1.119572,-0.2512493,-3.481214,0.4864449,0.4998562,0.7165997,0.0,0.0,0.0,0.0,0.0,0.0,0.0,-2.437786,-0.9686991,2.581802,1.127923,-0.2571162,-3.494075,-0.1842261,0.208921,-0.01620962,0.9602864,339.6932,25.73487,353.3806,0.3055826,-0.06861553,-0.9496898,0,0,0,1.604643,0.2485882,-2.734612,0.07998571,0.1754,1.011247,0.9121786,-0.1081091,-0.3952755,-0.04584564,0.931596,-0.3605927,0.4072205,0.3470466,0.8448255,moving,6.217319731201076,10.720524290225482,4.522458176913539,9.84000979873454,0.47672000000000003,0.5057044,0.7594630000000002,0.10643122687987022,0.18496201743027435,0.9769654228822577,6.08470552782257,10.902793076106477,1.8715031960262776,1.909937553410456,1.8894774621793506
05/17/2023 16:15:23.167665,971,True,True,True,True,Eyes,1.119535,-0.2512318,-3.481165,0.4864936,0.4998856,0.7165462,0.0,0.0,0.0,0.0,0.0,0.0,0.0,-2.437258,-0.9680988,2.582428,1.127992,-0.2571768,-3.493977,-0.1841559,0.2088106,-0.01617184,0.9603247,339.6994,25.71936,353.3896,0.3055684,-0.06860853,-0.9496949,0,0,0,1.600493,0.2455309,-2.734458,0.07669124,0.1729148,1.008493,0.9122732,-0.1079678,-0.3950955,-0.04584692,0.9316502,-0.3604525,0.4070081,0.3469451,0.8449695,moving,6.235594245496312,10.730934431642716,4.348709868494785,9.729250051456782,0.47250099999999984,0.5027077,0.759519,0.10673932580145812,0.1851333803935133,0.9768994013992851,6.102910647959394,10.913260827359569,2.0938607529040016,2.1362828112590617,2.1163888801749455
05/17/2023 16:15:23.177042,972,True,True,True,True,Eyes,1.119498,-0.2512163,-3.48113,0.4865342,0.4998902,0.7165154,0.0,0.0,0.0,0.0,0.0,0.0,0.0,-2.436693,-0.967518,2.583075,1.127994,-0.2572379,-3.493894,-0.1840358,0.2087152,-0.01622464,0.9603675,339.7137,25.70666,353.3891,0.3055551,-0.06860186,-0.9496997,0,0,0,1.596229,0.2423902,-2.734301,0.07326674,0.1704935,1.005693,0.9123495,-0.1079854,-0.3949147,-0.04565889,0.9317352,-0.3602566,0.4068584,0.3467113,0.8451376,moving,6.248059306586599,10.748063196276927,4.1667506111364725,9.621780151186712,0.46823499999999996,0.4996281,0.7595930000000002,0.10694594455079531,0.18542127561371466,0.9768221812370769,6.115256864582699,10.930550256278044,2.320137596873159,2.3665078456269684,2.347244300813153
05/17/2023 16:15:23.196864,973,True,True,True,True,Eyes,1.119456,-0.2511936,-3.481088,0.4866065,0.4999151,0.716449,0.0,0.0,0.0,0.0,0.0,0.0,0.0,-2.43556,-0.966588,2.584863,1.127978,-0.2572652,-3.494173,-0.1837344,0.2085101,-0.01642798,0.9604661,339.7516,25.68043,353.3789,0.3055424,-0.06859552,-0.9497042,0,0,0,1.592431,0.2395926,-2.73416,0.07024455,0.1686668,1.003404,0.9125073,-0.108178,-0.3944971,-0.04506394,0.9319436,-0.3597921,0.4065706,0.3460905,0.8455304,moving,6.270647105020843,10.793680889688487,4.004529220599744,9.54190740986789,0.464453,0.4968578,0.7600129999999998,0.10731512750267197,0.18619150218639388,0.9766352187863795,6.137525343055656,10.976635535032523,2.5385563544103564,2.5888659893620067,2.570625848222642
05/17/2023 16:15:23.216897,974,True,True,True,True,Eyes,1.119411,-0.2511759,-3.48104,0.4866665,0.4999354,0.716394,0.0,0.0,0.0,0.0,0.0,0.0,0.0,-2.435171,-0.9688137,2.584242,1.128015,-0.2571048,-3.494059,-0.1840757,0.2084623,-0.01642307,0.9604114,339.7126,25.68021,353.3702,0.3055304,-0.0685893,-0.9497085,0,0,0,1.588305,0.2365533,-2.734007,0.06683367,0.1651919,1.000744,0.9125475,-0.1082915,-0.3943729,-0.04519987,0.9316928,-0.360424,0.4064652,0.3467296,0.8453192,moving,6.277305128015065,10.758159719017948,3.8207667545989197,9.37323862531311,0.4602900000000001,0.4936581,0.760052,0.10744118797198376,0.18558343831047416,0.9767370312338122,6.144438435003488,10.940659538168822,2.766478704005403,2.8200331941051062,2.8029017814350228
05/17/2023 16:15:23.227289,975,True,True,True,True,Eyes,1.119368,-0.2511598,-3.480989,0.4866959,0.4999543,0.7163608,0.0,0.0,0.0,0.0,0.0,0.0,0.0,-2.434485,-0.9678347,2.58497,1.127928,-0.2572056,-3.493868,-0.1839789,0.2083465,-0.01634279,0.9604564,339.7206,25.66276,353.385,0.3055188,-0.06858333,-0.9497126,0,0,0,1.584294,0.2335993,-2.733858,0.06387061,0.1628888,0.9980794,0.9126493,-0.1080558,-0.394202,-0.04526965,0.9317694,-0.3602174,0.4062289,0.3465976,0.845487,moving,6.29674785907614,10.769139718547486,3.661565581973171,9.269082484239343,0.45636600000000005,0.4908049,0.7600099999999999,0.1077688827574893,0.18576398185598875,0.9766665796965464,6.163808017695137,10.95169967300685,2.9753727784080533,3.032219869956297,3.0153636283313605
05/17/2023 16:15:23.247215,976,True,True,True,True,Eyes,1.119333,-0.2511407,-3.480945,0.4867144,0.4999731,0.7163351,0.0,0.0,0.0,0.0,0.0,0.0,0.0,-2.433499,-0.9655185,2.586627,1.127963,-0.2572213,-3.493754,-0.1836997,0.2081271,-0.01615951,0.9605605,339.746,25.62748,353.4197,0.3055077,-0.06857764,-0.9497166,0,0,0,1.580194,0.2305788,-2.733706,0.0609895,0.1607417,0.9952775,0.912844,-0.1075101,-0.3939004,-0.04542138,0.9319866,-0.3596357,0.4057743,0.3461828,0.8458751,moving,6.333038269486306,10.797866327484869,3.5066368713445106,9.174301632684198,0.45223100000000005,0.48780009999999996,0.7600479999999998,0.10837750241354072,0.18624123706192722,0.9765083215063892,6.199903190474003,10.980638159401527,3.199021646767187,3.2595256068362297,3.242920768922754
05/17/2023 16:15:23.267381,977,True,True,True,True,Eyes,1.119289,-0.2511227,-3.480895,0.4867145,0.4999985,0.7163174,0.0,0.0,0.0,0.0,0.0,0.0,0.0,-2.432124,-0.9671195,2.587557,1.128165,-0.2571354,-3.49387,-0.1837787,0.2078818,-0.01639639,0.9605946,339.7415,25.60338,353.395,0.3054973,-0.0685721,-0.9497204,0,0,0,1.576087,0.2275537,-2.733554,0.05759254,0.1579422,0.992661,0.9130327,-0.107909,-0.3933536,-0.0449079,0.9319131,-0.3598906,0.4054068,0.3462566,0.8460211,moving,6.3500337191985015,10.80177380449374,3.320483435002705,9.040544464659703,0.44792199999999993,0.4846891,0.760316,0.10866589074199162,0.18630194578985546,0.9764647619035839,6.216875278302261,10.984529330992379,3.440362497026767,3.5042978914417464,3.4882893902975813
05/17/2023 16:15:23.277046,978,True,True,True,True,Eyes,1.119241,-0.2511047,-3.480832,0.4867177,0.4999858,0.716324,0.0,0.0,0.0,0.0,0.0,0.0,0.0,-2.430711,-0.9701498,2.587676,1.128171,-0.2571928,-3.493808,-0.1840596,0.2077002,-0.01674625,0.960574,339.7175,25.59276,353.3496,0.3054872,-0.06856673,-0.949724,0,0,0,1.572062,0.2245893,-2.733405,0.05427736,0.1550374,0.9901435,0.9131604,-0.1086304,-0.3928581,-0.04428639,0.9316832,-0.3605621,0.4051874,0.3466493,0.8459654,moving,6.353061122948776,10.783784833216684,3.137680783168971,8.899156492766224,0.44389100000000004,0.4817821,0.7604030000000002,0.1087239305225218,0.18599415954083887,0.9765169083120684,6.220031765265142,10.96631131109598,3.660345678683716,3.726995399926266,3.7113362310323157
05/17/2023 16:15:23.296852,979,True,True,True,True,Eyes,1.11918,-0.2510862,-3.480764,0.486663,0.4999558,0.7163821,0.0,0.0,0.0,0.0,0.0,0.0,0.0,-2.428816,-0.9698775,2.588989,1.128029,-0.2571795,-3.493434,-0.1836875,0.2074793,-0.017304,0.960683,339.7724,25.57043,353.3003,0.3054774,-0.06856155,-0.9497275,0,0,0,1.568092,0.2216649,-2.733258,0.0512864,0.1535839,0.9872176,0.9133059,-0.10947,-0.3922865,-0.04297537,0.9319189,-0.3601114,0.4050006,0.3457505,0.8464226,moving,6.353802156913844,10.844346570068447,2.973868193824549,8.842761894900839,0.4400630000000001,0.4788444,0.760176,0.10871487306073527,0.18702642167564118,0.9763207386374846,6.220341123794967,11.027603251865928,3.858380035375419,3.928141393421363,3.9131979556541427
05/17/2023 16:15:23.316991,980,True,True,True,True,Eyes,1.119113,-0.251073,-3.480702,0.4865509,0.4999238,0.7164807,0.0,0.0,0.0,0.0,0.0,0.0,0.0,-2.426101,-0.9684338,2.591829,1.127837,-0.2571603,-3.493317,-0.183361,0.2070285,-0.01739554,0.9608411,339.8085,25.51139,353.3092,0.3054677,-0.06855654,-0.949731,0,0,0,1.563985,0.2186393,-2.733105,0.04887307,0.1516395,0.9844536,0.9136733,-0.1093506,-0.3914635,-0.04249318,0.9321523,-0.3595642,0.4042222,0.3451588,0.8470359,moving,6.395183925241044,10.885256980397317,2.842108101394259,8.75668580905185,0.436148,0.4757996,0.7602119999999997,0.10940549459104229,0.18770919669188305,0.9761126332551572,6.26144211948154,11.06885394781811,4.068885224859431,4.141879167900425,4.12770718791616
05/17/2023 16:15:23.327047,981,True,True,True,True,Eyes,1.11905,-0.2510605,-3.480637,0.4862064,0.4998731,0.7167498,0.0,0.0,0.0,0.0,0.0,0.0,0.0,-2.42154,-0.9668039,2.596734,1.127653,-0.25726,-3.493395,-0.1831512,0.2061866,-0.0171845,0.9610658,339.821,25.40038,353.3585,0.3054577,-0.06855182,-0.9497345,0,0,0,1.559915,0.2156416,-2.732955,0.04732746,0.1494318,0.9819301,0.9143835,-0.1085576,-0.3900232,-0.04249581,0.9323207,-0.3591272,0.4026126,0.3449544,0.8478854,moving,6.475342009300997,10.902591860874255,2.759429439939849,8.652978314497346,0.4322619999999999,0.4729016,0.76044,0.1107652288453935,0.18797601518201668,0.9759078527708073,6.3414978236258985,11.086098677819779,4.267793658990374,4.3438194404439345,4.330275811979818
05/17/2023 16:15:23.347116,982,True,True,True,True,Eyes,1.118986,-0.2510542,-3.480571,0.4858237,0.4997887,0.7170681,0.0,0.0,0.0,0.0,0.0,0.0,0.0,-2.417341,-0.9643435,2.601308,1.127657,-0.2572373,-3.49321,-0.1827676,0.2054041,-0.01704815,0.9613088,339.8555,25.29528,353.4029,0.3054477,-0.06854739,-0.9497381,0,0,0,1.555892,0.2126783,-2.732805,0.04561076,0.1476058,0.9790576,0.915037,-0.1078595,-0.3886819,-0.04230539,0.9326107,-0.3583958,0.4011453,0.3443888,0.8488103,moving,6.544387534002462,10.938404880453493,2.6672751044153618,8.573523472606496,0.42823500000000014,0.4699156,0.760405,0.11192840182492292,0.18856124638287972,0.9756622168529655,6.410306254838225,11.122086770827545,4.462291310425555,4.541438633829503,4.5282951624287096
05/17/2023 16:15:23.367228,983,True,True,True,True,Eyes,1.118958,-0.2510566,-3.480519,0.4849581,0.499538,0.7178283,0.0,0.0,0.0,0.0,0.0,0.0,0.0,-2.412678,-0.960879,2.606748,1.127591,-0.2573615,-3.4931,-0.182145,0.2045552,-0.01706437,0.9616076,339.9205,25.18117,353.4378,0.3054377,-0.06854338,-0.9497417,0,0,0,1.551831,0.2096868,-2.732655,0.04392511,0.1463997,0.9762319,0.915732,-0.1073359,-0.3871872,-0.04169894,0.933064,-0.3572853,0.39962,0.3433229,0.8499607,moving,6.58136178481668,10.988979255847555,2.576259904268953,8.528751746167018,0.42423999999999995,0.4670483,0.7604450000000003,0.11253928877025043,0.1894092240026088,0.9754276471508873,6.446929650602479,11.173134887591168,4.6186209380913965,4.70037875845722,4.687733619120214
05/17/2023 16:15:23.376955,984,True,True,True,True,Eyes,1.118923,-0.2510641,-3.480457,0.4840607,0.4992531,0.7186317,0.0,0.0,0.0,0.0,0.0,0.0,0.0,-2.407627,-0.9571844,2.61256,1.127507,-0.2574266,-3.492964,-0.1814674,0.2036424,-0.01709008,0.9619289,339.9916,25.05865,353.4744,0.3054284,-0.06853995,-0.9497449,0,0,0,1.54747,0.2064745,-2.732493,0.04212758,0.1450589,0.9731768,0.9164754,-0.1067878,-0.3855765,-0.04103006,0.933555,-0.3560781,0.3979816,0.342157,0.8511987,moving,6.623031318099133,11.043965832340401,2.478713548655498,8.477922253614366,0.41996299999999986,0.4639011,0.7604710000000003,0.11322810964403199,0.19033025063055162,0.9751685650544426,6.488218108944443,11.22863103630016,4.7898182914939404,4.874417854682483,4.862358031461957
05/17/2023 16:15:23.397470,985,True,True,True,True,Eyes,1.118945,-0.2510813,-3.480417,0.4827524,0.4988112,0.7198176,0.0,0.0,0.0,0.0,0.0,0.0,0.0,-2.401388,-0.953278,2.619286,1.127359,-0.2575356,-3.492678,-0.1807205,0.202545,-0.01717552,0.9622997,340.0709,24.91369,353.5098,0.3054196,-0.06853719,-0.9497479,0,0,0,1.543813,0.2037809,-2.732358,0.04135162,0.144449,0.9704432,0.9173611,-0.1062641,-0.38361,-0.04015209,0.9340902,-0.3547722,0.3960259,0.340857,0.8526312,moving,6.653251867995793,11.094531102442286,2.4399582547870846,8.46622959567704,0.4164540000000001,0.46131649999999996,0.7603200000000001,0.11372331122199131,0.1911799021624334,0.9749446772585755,6.51808607941687,11.279695210127025,4.87947676915757,4.965864666054619,4.95446418068716
05/17/2023 16:15:23.417016,986,True,True,True,True,Eyes,1.118964,-0.2511008,-3.480376,0.4814048,0.498324,0.7210566,0.0,0.0,0.0,0.0,0.0,0.0,0.0,-2.39338,-0.9504373,2.627292,1.127235,-0.2575719,-3.492458,-0.1800996,0.201135,-0.01726914,0.9627101,340.1341,24.73284,353.5471,0.3054126,-0.06853523,-0.9497503,0,0,0,1.539721,0.2007662,-2.732206,0.04072636,0.1432509,0.967482,0.918493,-0.105699,-0.381049,-0.03919829,0.9345318,-0.3537143,0.3934896,0.3398206,0.8542177,moving,6.71361475380904,11.131204033456632,2.4104548827387706,8.422346513943177,0.4124859999999999,0.4583381,0.7602519999999999,0.11473667204556379,0.19178140830228332,0.9747078528257076,6.578203439275119,11.316586112753981,4.996283220180433,5.084790451632602,5.074125627715118
05/17/2023 16:15:23.437290,987,True,True,True,True,Eyes,1.119012,-0.2511299,-3.480344,0.4797631,0.4976891,0.7225877,0.0,0.0,0.0,0.0,0.0,0.0,0.0,-2.384375,-0.9464363,2.636849,1.127209,-0.2576279,-3.492418,-0.1791218,0.1995447,-0.01762446,0.9632169,340.243,24.52954,353.5675,0.305407,-0.06853406,-0.9497522,0,0,0,1.53551,0.1976646,-2.73205,0.04003435,0.1427434,0.9644596,0.9197425,-0.105438,-0.3780958,-0.03753326,0.9352095,-0.3521,0.3907235,0.3380325,0.8561946,moving,6.764621257627557,11.204744082698774,2.3769613662083673,8.418859323337786,0.408301,0.4552925,0.7603679999999997,0.11557589295204113,0.19301340284854568,0.9743654837179287,6.628699035204232,11.390825347107285,5.106373323332321,5.197375608440137,5.187470988101877
05/17/2023 16:15:23.447057,988,True,True,True,True,Eyes,1.11905,-0.2511689,-3.48031,0.4780772,0.4970044,0.7241746,0.0,0.0,0.0,0.0,0.0,0.0,0.0,-2.374356,-0.9422715,2.646927,1.127026,-0.2577291,-3.492141,-0.1781025,0.1978245,-0.01802734,0.9637532,340.3568,24.3109,353.5858,0.3054034,-0.06853383,-0.9497533,0,0,0,1.531617,0.1947968,-2.731905,0.04004651,0.1426651,0.9614965,0.9210809,-0.1052139,-0.3748866,-0.03571829,0.935909,-0.3504262,0.3877294,0.3361612,0.8582899,moving,6.825028663356482,11.282052789122137,2.385001508825791,8.43986534468268,0.4045909999999999,0.4525259,0.7602360000000004,0.11657280700267372,0.1943051349105036,0.9739899020417447,6.688571149021368,11.468843672122961,5.178542814355295,5.271799560140654,5.262643951106327
05/17/2023 16:15:23.467321,989,True,True,True,True,Eyes,1.119122,-0.2512073,-3.480282,0.4761855,0.496226,0.7259526,0.0,0.0,0.0,0.0,0.0,0.0,0.0,-2.363931,-0.9365538,2.658123,1.126865,-0.2579789,-3.492069,-0.1769038,0.1959916,-0.0183186,0.9643428,340.4876,24.07388,353.6241,0.3054014,-0.06853472,-0.9497539,0,0,0,1.527271,0.1915955,-2.731744,0.03983736,0.142639,0.9584374,0.9225034,-0.1046741,-0.3715249,-0.03401249,0.936739,-0.3483723,0.3844875,0.3340112,0.8605847,moving,6.889310588540678,11.367696231459515,2.3801236276985245,8.464887084483236,0.40040600000000004,0.44957440000000004,0.7603249999999999,0.11763135183254969,0.19573619824686944,0.9735760148519065,6.752259372967301,11.555283109541241,5.266828344515754,5.362748175292035,5.354074949676301
05/17/2023 16:15:23.477266,990,True,True,True,True,Eyes,1.119185,-0.2512596,-3.480245,0.4742762,0.4954149,0.7277542,0.0,0.0,0.0,0.0,0.0,0.0,0.0,-2.35444,-0.933615,2.667165,1.12686,-0.2578562,-3.491775,-0.1761196,0.1943469,-0.0186244,0.9648131,340.573,23.86691,353.6445,0.3054016,-0.06853658,-0.9497538,0,0,0,1.523138,0.188551,-2.731591,0.03937036,0.1416701,0.9552878,0.9237648,-0.1043947,-0.3684567,-0.03251845,0.9372701,-0.3470841,0.3815771,0.3326057,0.8624223,moving,6.926853755513575,11.403085029007071,2.3600004295504102,8.435536396926683,0.39627800000000013,0.4464072,0.7601840000000002,0.11825511814722794,0.19632283972002418,0.9733822898955686,6.789560125481524,11.590959728962034,5.348848640485911,5.446328505022718,5.438537993263485
05/17/2023 16:15:23.496850,991,True,True,True,True,Eyes,1.119254,-0.2513213,-3.480203,0.4722838,0.494451,0.7297028,0.0,0.0,0.0,0.0,0.0,0.0,0.0,-2.345339,-0.929175,2.676358,1.126717,-0.2582223,-3.491519,-0.1751508,0.1927832,-0.01897477,0.9652963,340.6809,23.66806,353.6628,0.3054035,-0.0685397,-0.9497529,0,0,0,1.519289,0.185716,-2.731448,0.03903124,0.1416755,0.9525262,0.9249492,-0.1041648,-0.3655388,-0.03089972,0.9379243,-0.3454609,0.3788326,0.3308288,0.8643137,moving,6.948201980061146,11.448164116781019,2.3464708118715425,8.459957419097305,0.3925719999999999,0.4439383,0.7600709999999999,0.11859939845529746,0.19708045955885461,0.9731872536246003,6.810592542509181,11.636504521874572,5.388045239135156,5.486830506983924,5.478944635795642
05/17/2023 16:15:23.517110,992,True,True,True,True,Eyes,1.119314,-0.2513829,-3.480145,0.4702869,0.493444,0.7316715,0.0,0.0,0.0,0.0,0.0,0.0,0.0,-2.336454,-0.9216172,2.686308,1.126608,-0.258409,-3.491221,-0.1735593,0.1912585,-0.01951783,0.965876,340.8642,23.46845,353.6743,0.3054073,-0.06854422,-0.9497513,0,0,0,1.515406,0.1828555,-2.731304,0.03851074,0.1427378,0.94947,0.9260785,-0.104093,-0.3626889,-0.02868577,0.9389925,-0.3427394,0.3762389,0.3278076,0.8665947,moving,6.9622639156486805,11.566001063151521,2.322657970639208,8.549490825882485,0.388798,0.4412645,0.7599169999999997,0.11878933391963445,0.19907698533761994,0.972757616991856,6.823817896651105,11.755715025087833,5.43285550770189,5.534010962811344,5.526329188087279
05/17/2023 16:15:23.537008,993,True,True,True,True,Eyes,1.119388,-0.2514495,-3.480086,0.4682273,0.4923194,0.7337471,0.0,0.0,0.0,0.0,0.0,0.0,0.0,-2.328169,-0.9155771,2.694916,1.126477,-0.2584455,-3.490771,-0.1723369,0.1898428,-0.01983285,0.9663677,341.001,23.28376,353.6995,0.3054126,-0.06855002,-0.9497492,0,0,0,1.51132,0.1798465,-2.731153,0.03779793,0.1427478,0.9462652,0.9271327,-0.1037655,-0.3600801,-0.02710219,0.9398133,-0.3406118,0.3737518,0.3255513,0.8685194,moving,6.965255688766453,11.624851577691759,2.287425510098855,8.57860813105856,0.38484300000000005,0.438292,0.7596180000000001,0.11881547176075069,0.20007541065463222,0.9725495959393077,6.82639079353395,11.815266610338675,5.479707561975037,5.582266055698979,5.574779274170853
05/17/2023 16:15:23.547130,994,True,True,True,True,Eyes,1.11945,-0.2515265,-3.480015,0.4661603,0.4911402,0.7358504,0.0,0.0,0.0,0.0,0.0,0.0,0.0,-2.319813,-0.9089125,2.70389,1.126343,-0.2585106,-3.490444,-0.1709892,0.1884104,-0.0201946,0.9668798,341.153,23.09635,353.7224,0.3054196,-0.06855712,-0.9497464,0,0,0,1.507247,0.1768461,-2.731002,0.03704795,0.1429865,0.943164,0.9281875,-0.1034837,-0.3574342,-0.02538075,0.9407098,-0.3382616,0.3712464,0.3230422,0.8705285,moving,6.9685187631635195,11.695795995268055,2.2494501947991754,8.620568992401646,0.3809039999999999,0.4353567,0.759442,0.11884094662419753,0.20127885597640258,0.9722980942460935,6.8291488207497,11.887057455554636,5.528436416299718,5.632639636270282,5.625263228013842
05/17/2023 16:15:23.567278,995,True,True,True,True,Eyes,1.119521,-0.2516095,-3.47994,0.464017,0.4898894,0.7380356,0.0,0.0,0.0,0.0,0.0,0.0,0.0,-2.311323,-0.9005146,2.713453,1.126148,-0.2588057,-3.490097,-0.1694757,0.1869376,-0.02042395,0.9674273,341.3205,22.89954,353.7654,0.305428,-0.06856569,-0.9497432,0,0,0,1.502925,0.1736621,-2.730842,0.03627202,0.1435142,0.9399708,0.9292744,-0.1028801,-0.3547743,-0.02384542,0.9417217,-0.3355469,0.3686198,0.3202749,0.8726646,moving,6.977720489942339,11.775569250447623,2.2098591113355623,8.680847757627179,0.37677700000000014,0.43246780000000007,0.759255,0.11896326582629393,0.2026294090757068,0.9720025778516703,6.837784114397604,11.967761770911544,5.577988535182056,5.684171289091744,5.676397939247383
05/17/2023 16:15:23.576901,996,True,True,True,True,Eyes,1.119586,-0.2516996,-3.479856,0.4618642,0.4885861,0.7402466,0.0,0.0,0.0,0.0,0.0,0.0,0.0,-2.302034,-0.8929426,2.723353,1.126018,-0.2589245,-3.489757,-0.168033,0.1853323,-0.02070519,0.9679816,341.4803,22.68906,353.8023,0.3054378,-0.06857575,-0.9497393,0,0,0,1.49886,0.1706681,-2.730691,0.03586447,0.1439342,0.9368769,0.9304464,-0.1023683,-0.3518381,-0.0221994,0.9426724,-0.3329803,0.3657547,0.317631,0.8748337,moving,6.998024607011607,11.847158143434397,2.1922622789023967,8.734171171602181,0.3728420000000001,0.4295926,0.7590659999999998,0.1192771973487251,0.20383599810634936,0.9717117788907532,6.857583103269469,12.04014112349894,5.617894478452636,5.725909485930665,5.717924074095188
05/17/2023 16:15:23.597059,997,True,True,True,True,Eyes,1.119662,-0.2517941,-3.479769,0.4596281,0.4872362,0.7425246,0.0,0.0,0.0,0.0,0.0,0.0,0.0,-2.292949,-0.884935,2.733232,1.125976,-0.2591534,-3.489456,-0.1665094,0.1837517,-0.02104673,0.9685386,341.6508,22.48196,353.8332,0.3054489,-0.06858736,-0.9497349,0,0,0,1.495153,0.1679376,-2.730554,0.03556776,0.1448426,0.9340165,0.9315847,-0.1019619,-0.3489323,-0.02042364,0.9436633,-0.3302764,0.3629501,0.3148069,0.8770199,moving,7.0079766604296765,11.925517142539254,2.1807948070150616,8.814928780714057,0.36917699999999987,0.427091,0.758902,0.11941219164238284,0.2051613827743301,0.9714161940231889,6.8669790075464645,12.1194112583368,5.6329245293987995,5.7425991156146114,5.734102092413937
05/17/2023 16:15:23.617436,998,True,True,True,True,Eyes,1.119727,-0.2518985,-3.479668,0.457388,0.4858197,0.7448325,0.0,0.0,0.0,0.0,0.0,0.0,0.0,-2.283788,-0.8777285,2.742701,1.125863,-0.2592441,-3.489086,-0.1651202,0.1821809,-0.02135336,0.9690664,341.8055,22.27774,353.8637,0.3054614,-0.0686005,-0.94973,0,0,0,1.49117,0.1650035,-2.730406,0.03511003,0.1451676,0.9309807,0.9327083,-0.1015492,-0.346039,-0.01877785,0.9445587,-0.3278053,0.3601425,0.3122446,0.8790909,moving,7.0166352209613,11.983218466280215,2.1597694200982374,8.862747332198765,0.36530700000000005,0.42424759999999995,0.75868,0.1195339666143051,0.2061365416259598,0.9711948175007317,6.875228388178376,12.177778538873742,5.661806626632565,5.772909622212075,5.764111829317363
05/17/2023 16:15:23.627087,999,True,True,True,True,Eyes,1.119814,-0.2520111,-3.479564,0.455046,0.4843472,0.7472221,0.0,0.0,0.0,0.0,0.0,0.0,0.0,-2.274543,-0.8682682,2.752841,1.125701,-0.2595502,-3.488696,-0.1633578,0.1806002,-0.02175925,0.9696518,342.0046,22.06929,353.8917,0.3054749,-0.06861529,-0.9497245,0,0,0,1.487033,0.1619566,-2.730253,0.03451809,0.146302,0.9278312,0.9338202,-0.1012027,-0.3431294,-0.01680711,0.9456815,-0.3246599,0.3573476,0.3089409,0.8813956,moving,7.01834598209824,12.081191419514651,2.1305914180452135,8.960716961717967,0.361332,0.4215068,0.7584430000000002,0.1195200327300055,0.2077972775510745,0.9708425166888963,6.876240947695671,12.276930854110597,5.685750726314031,5.798922789637977,5.789513281647214
05/17/2023 16:15:23.647743,1000,True,True,True,True,Eyes,1.119896,-0.252131,-3.47945,0.4527008,0.4828047,0.7496411,0.0,0.0,0.0,0.0,0.0,0.0,0.0,-2.265145,-0.858606,2.762975,1.125597,-0.259714,-3.488223,-0.1615918,0.1789838,-0.02208851,0.9702398,342.2022,21.85565,353.9285,0.3054901,-0.06863181,-0.9497184,0,0,0,1.482945,0.158945,-2.730101,0.0340476,0.1473175,0.9245861,0.9349537,-0.1007069,-0.3401758,-0.01498233,0.9468004,-0.3214724,0.3544531,0.3056585,0.8837058,moving,7.026804444172143,12.17288954351181,2.1089465948933865,9.053036239619876,0.357348,0.418659,0.7581220000000002,0.11962290729540562,0.20934819246791211,0.9704967108818825,6.884047742296045,12.369707145935173,5.7087601316431416,5.823985788402826,5.813939874880417
05/17/2023 16:15:23.667472,1001,True,True,True,True,Eyes,1.119975,-0.2522538,-3.479323,0.4502264,0.4810563,0.7522507,0.0,0.0,0.0,0.0,0.0,0.0,0.0,-2.256243,-0.8476138,2.773213,1.125597,-0.2599696,-3.48787,-0.1596747,0.1774139,-0.02233968,0.9708395,342.4156,21.64472,353.9765,0.3055066,-0.06865008,-0.9497118,0,0,0,1.478839,0.1559207,-2.729949,0.0333671,0.1485855,0.9214108,0.9360505,-0.1000335,-0.3373466,-0.01328051,0.9480098,-0.3179637,0.3516149,0.3021103,0.8860566,moving,7.024499951239253,12.26312776562591,2.0739489508670355,9.160580664540403,0.35324200000000006,0.41589030000000005,0.7579210000000001,0.11954364948720458,0.21087843898557246,0.9701750824028768,6.881099141090384,12.46104614203644,5.725155738586202,5.842409924144355,5.831103267779393
05/17/2023 16:15:23.677218,1002,True,True,True,True,Eyes,1.12004,-0.2523876,-3.479188,0.4477495,0.4792674,0.7548664,0.0,0.0,0.0,0.0,0.0,0.0,0.0,-2.248021,-0.8365744,2.782599,1.125495,-0.2600737,-3.487397,-0.1577504,0.1759893,-0.02258695,0.9714074,342.6307,21.45174,354.0214,0.3055243,-0.06867004,-0.9497046,0,0,0,1.474851,0.1529831,-2.729801,0.03266451,0.1497992,0.9182103,0.9370352,-0.09940704,-0.3347883,-0.0116425,0.9492093,-0.31443,0.3490407,0.2985298,0.8882852,moving,7.006157545972213,12.350079626897916,2.0373869404940463,9.265752684497745,0.349356,0.4130568,0.7575959999999999,0.11919394250919349,0.21235952739710476,0.9698950316888748,6.86213181388046,12.549119016929708,5.729356985597137,5.848226570292866,5.8359795721212215
05/17/2023 16:15:23.696854,1003,True,True,True,True,Eyes,1.12007,-0.2525211,-3.479032,0.4451199,0.4774147,0.7575906,0.0,0.0,0.0,0.0,0.0,0.0,0.0,-2.23905,-0.8266572,2.792309,1.125266,-0.2604352,-3.487067,-0.156096,0.1744445,-0.0227131,0.9719503,342.8118,21.24628,354.0753,0.3055429,-0.06869184,-0.9496971,0,0,0,1.470743,0.149957,-2.729649,0.03215209,0.1505788,0.9152875,0.9381065,-0.0986122,-0.3320119,-0.01030817,0.9502363,-0.3113595,0.3461936,0.2955108,0.8904063,moving,6.993742560103711,12.398521985824125,2.0118508020496844,9.342347906597393,0.3454769999999998,0.4103922,0.7574179999999999,0.11896187565669,0.21318544207864254,0.9697422738988107,6.8493680915488655,12.598194129536237,5.724755516229054,5.844608241063211,5.831132664725494
05/17/2023 16:15:23.717200,1004,True,True,True,True,Eyes,1.120094,-0.2526567,-3.478869,0.4424862,0.4755424,0.7603061,0.0,0.0,0.0,0.0,0.0,0.0,0.0,-2.229783,-0.8155099,2.802403,1.125093,-0.2605634,-3.48665,-0.1542811,0.1728322,-0.02272193,0.9725277,343.0084,21.0292,354.147,0.3055615,-0.06871536,-0.9496894,0,0,0,1.466702,0.1469806,-2.729499,0.0318813,0.1514452,0.9122027,0.9392256,-0.09752488,-0.3291571,-0.009134072,0.9513621,-0.3079394,0.3431793,0.2922311,0.8926528,moving,6.995118145791723,12.461011995178254,2.0016611773000528,9.426348483676199,0.34160900000000005,0.407544,0.7571509999999999,0.11895697524976961,0.2142430907309627,0.969509728264178,6.8502984192150445,12.661435306120927,5.722083880603766,5.843269215449517,5.828813760315262
05/17/2023 16:15:23.727657,1005,True,True,True,True,Eyes,1.120074,-0.2527918,-3.47868,0.4397312,0.4736565,0.7630766,0.0,0.0,0.0,0.0,0.0,0.0,0.0,-2.22076,-0.8067167,2.811688,1.125044,-0.2607186,-3.486325,-0.1528514,0.1712552,-0.02271178,0.9730325,343.1612,20.82148,354.2103,0.30558,-0.06874048,-0.9496816,0,0,0,1.46262,0.1439738,-2.729348,0.03132799,0.1515541,0.9092838,0.9403117,-0.09655178,-0.3263306,-0.00815459,0.9522413,-0.3052378,0.3402167,0.2896798,0.8946162,moving,6.982550370349859,12.47760895426621,1.9732583834928408,9.462739108454079,0.3375760000000001,0.40469240000000006,0.756977,0.11873666176113762,0.21452961093953346,0.9694733399620659,6.837608959540691,12.678280166710548,5.7249175938335854,5.8465756128504145,5.831090020230368
05/17/2023 16:15:23.747158,1006,True,True,True,True,Eyes,1.120043,-0.2529292,-3.478481,0.4369681,0.4717475,0.7658415,0.0,0.0,0.0,0.0,0.0,0.0,0.0,-2.211648,-0.7967559,2.821056,1.124891,-0.2608765,-3.485847,-0.1513329,0.1696703,-0.02254361,0.9735514,343.3209,20.60958,354.2936,0.3055977,-0.06876711,-0.949674,0,0,0,1.458545,0.1409718,-2.729197,0.03102058,0.1518019,0.9062673,0.9414076,-0.0952481,-0.3235423,-0.007458652,0.9531804,-0.3023106,0.3371887,0.2870106,0.8966208,moving,6.977975289789927,12.49813717829527,1.9604091125142875,9.508902776389945,0.3336539999999999,0.40184830000000005,0.75665,0.11864991982433284,0.21487920219354087,0.9694065980209011,6.8328862780677,12.699073963313287,5.718329254994646,5.840504486161684,5.8239356049595274
05/17/2023 16:15:23.767476,1007,True,True,True,True,Eyes,1.119981,-0.2530622,-3.478261,0.4341032,0.4698951,0.7686046,0.0,0.0,0.0,0.0,0.0,0.0,0.0,-2.202002,-0.7868637,2.830726,1.12468,-0.2610338,-3.485388,-0.1498047,0.1680114,-0.02241,0.9740782,343.4822,20.38978,354.3736,0.3056143,-0.06879518,-0.9496666,0,0,0,1.454459,0.1379625,-2.729045,0.03084376,0.1520559,0.9032908,0.9425399,-0.09399595,-0.3205982,-0.006679588,0.9541127,-0.2993732,0.3340267,0.2843127,0.8986615,moving,6.974443437124407,12.524881107958903,1.9556613707895565,9.555329294982231,0.32977900000000004,0.39899629999999997,0.7563429999999998,0.118578011457762,0.21533353086191717,0.969314577462174,6.829162776064315,12.726154790259157,5.708820409149792,5.831501641885849,5.814219661202457
05/17/2023 16:15:23.776897,1008,True,True,True,True,Eyes,1.119911,-0.2532012,-3.478036,0.4312115,0.4680401,0.7713593,0.0,0.0,0.0,0.0,0.0,0.0,0.0,-2.191938,-0.779374,2.839921,1.124525,-0.2610783,-3.48489,-0.1486596,0.1662933,-0.02223193,0.9745526,343.5989,20.16725,354.4503,0.3056293,-0.06882449,-0.9496596,0,0,0,1.450218,0.134838,-2.728888,0.0305866,0.1513919,0.9002828,0.9437046,-0.09277455,-0.3175131,-0.00610982,0.9548121,-0.2971472,0.330733,0.2823592,0.9004937,moving,6.975136721988938,12.508062581795684,1.945843329680238,9.545572526221996,0.325693,0.3959163,0.7560020000000001,0.11859737006167223,0.21504849373283147,0.9693755060833986,6.829976179186688,12.70913011568345,5.714376102615714,5.83696319632846,5.819179522361135
05/17/2023 16:15:23.796957,1009,True,True,True,True,Eyes,1.119818,-0.2533371,-3.477799,0.4282123,0.4662479,0.7741106,0.0,0.0,0.0,0.0,0.0,0.0,0.0,-2.18047,-0.7713034,2.850452,1.124325,-0.2613315,-3.484542,-0.147425,0.1643379,-0.0220771,0.9750752,343.7252,19.91606,354.5298,0.3056428,-0.06885509,-0.949653,0,0,0,1.446348,0.1319874,-2.728745,0.03102225,0.1513227,0.8976453,0.9450113,-0.09150868,-0.3139742,-0.005401335,0.9555569,-0.2947571,0.326993,0.2802446,0.9025179,moving,6.995906433286739,12.508033606120298,1.979330659577344,9.568806540214053,0.32202299999999995,0.3933189,0.7557969999999998,0.11894902038193925,0.2150388973244479,0.9693345667754364,6.850751599777149,12.709023068418016,5.691570376007327,5.814214326830741,5.795834868301762
05/17/2023 16:15:23.817324,1010,True,True,True,True,Eyes,1.119717,-0.2534806,-3.477553,0.4251911,0.464465,0.7768428,0.0,0.0,0.0,0.0,0.0,0.0,0.0,-2.167566,-0.7643731,2.861525,1.124081,-0.2613873,-3.484114,-0.1462838,0.1621758,-0.02201894,0.9756103,343.8418,19.64322,354.5988,0.3056545,-0.0688868,-0.9496469,0,0,0,1.442263,0.1289782,-2.728593,0.03163192,0.1508082,0.8948141,0.9464283,-0.09041119,-0.3099988,-0.004483567,0.9562325,-0.2925737,0.3228828,0.27829,0.9046001,moving,7.034231309692172,12.503561643024058,2.024578221885311,9.566488918808416,0.31818199999999996,0.3903655,0.7555209999999999,0.11959986374253373,0.21494629514878807,0.9692749385239603,6.889118519872101,12.70435356842021,5.684318298763975,5.807152507684322,5.788777666314432
05/17/2023 16:15:23.836840,1011,True,True,True,True,Eyes,1.119612,-0.2536267,-3.477303,0.4221517,0.4626612,0.779572,0.0,0.0,0.0,0.0,0.0,0.0,0.0,-2.155554,-0.7583979,2.871525,1.12384,-0.2616857,-3.483639,-0.1453051,0.1601822,-0.02203183,0.9760855,343.9425,19.39393,354.6525,0.3056644,-0.06891974,-0.9496413,0,0,0,1.43822,0.1260003,-2.728443,0.03190374,0.1502762,0.8921073,0.9477125,-0.08956046,-0.3063004,-0.003540694,0.9568021,-0.2907186,0.3191057,0.2766021,0.9064561,moving,7.048918388609771,12.480207741262584,2.048151576497965,9.561754584922,0.3143800000000001,0.38768600000000003,0.7551960000000002,0.11985916487208553,0.21454444107369808,0.9693319402469263,6.903976028933549,12.680662055583179,5.667612457201119,5.79008096099469,5.771188345862354
05/17/2023 16:15:23.847504,1012,True,True,True,True,Eyes,1.119504,-0.2537713,-3.477041,0.4191132,0.4608453,0.7822824,0.0,0.0,0.0,0.0,0.0,0.0,0.0,-2.144363,-0.7488775,2.881868,1.123683,-0.2618509,-3.483252,-0.1436851,0.1583055,-0.02219452,0.9766275,344.1198,19.15417,354.7001,0.3056726,-0.06895386,-0.9496362,0,0,0,1.434131,0.1229881,-2.728292,0.03176433,0.1507176,0.8892239,0.9488935,-0.08884383,-0.3028331,-0.002140728,0.957724,-0.2876806,0.3155891,0.2736266,0.9085879,moving,7.049748521615448,12.531823372012909,2.0458160628893425,9.61983332228953,0.31044800000000006,0.384839,0.7549599999999996,0.11984961713090186,0.21541784678600878,0.9691394321023914,6.904438305681052,12.73289928238572,5.666113012890538,5.789561822899955,5.770389048414323
05/17/2023 16:15:23.867617,1013,True,True,True,True,Eyes,1.119376,-0.2539163,-3.476771,0.4160993,0.4590547,0.7849396,0.0,0.0,0.0,0.0,0.0,0.0,0.0,-2.134243,-0.741046,2.890681,1.123533,-0.2619271,-3.482707,-0.14242,0.1566171,-0.02219063,0.9770851,344.2547,18.93864,354.7556,0.3056793,-0.06898904,-0.9496315,0,0,0,1.429975,0.1199272,-2.728137,0.03134179,0.1503544,0.8862873,0.9499573,-0.08797508,-0.2997358,-0.00124655,0.9584482,-0.2852637,0.3123773,0.271362,0.9103753,moving,7.03619118517526,12.539078719428584,2.0253074770968755,9.628287472222539,0.3064420000000001,0.38185430000000004,0.7545700000000002,0.11961681400820895,0.2155466626633324,0.969139553790869,6.890825638798049,12.74029317302403,5.671406217058054,5.794968612572177,5.775625201107231
05/17/2023 16:15:23.877116,1014,True,True,True,True,Eyes,1.119241,-0.2540633,-3.47649,0.4130594,0.45726,0.7875882,0.0,0.0,0.0,0.0,0.0,0.0,0.0,-2.123617,-0.7329295,2.899984,1.123261,-0.2620693,-3.482305,-0.1412086,0.1548432,-0.02199807,0.9775479,344.3795,18.71094,354.8326,0.3056842,-0.0690252,-0.9496273,0,0,0,1.42595,0.116962,-2.727988,0.03133327,0.1499427,0.8836366,0.9510794,-0.08673871,-0.2965206,-0.0007220401,0.9591525,-0.2828888,0.3089459,0.2692638,0.9121675,moving,7.038287939011339,12.535426145616114,2.03082608591542,9.63068113075546,0.302689,0.3790313,0.7543170000000003,0.11965397258809649,0.21548390036782017,0.9691488863088884,6.892948995008476,12.736588546102608,5.6654973401723625,5.788973813342796,5.769480050735587
05/17/2023 16:15:23.897257,1015,True,True,True,True,Eyes,1.1191,-0.2542019,-3.476199,0.4100159,0.4555098,0.7901884,0.0,0.0,0.0,0.0,0.0,0.0,0.0,-2.112151,-0.723845,2.909898,1.123024,-0.262229,-3.481766,-0.1399534,0.1529146,-0.02160162,0.9780408,344.505,18.46163,354.9362,0.3056874,-0.06906232,-0.9496235,0,0,0,1.422022,0.1140689,-2.727843,0.03178003,0.1496671,0.8809028,0.952301,-0.08505636,-0.2930669,-0.0005473176,0.9598927,-0.2803667,0.3051597,0.2671539,0.9140604,moving,7.066798049846675,12.535574280303319,2.0661442355435495,9.642584952058437,0.2989979999999999,0.37629789999999996,0.7539229999999999,0.12013647552690362,0.2154737560617068,0.9690914360059341,6.921465602862827,12.736631787948111,5.653518190597784,5.7771901322219925,5.757366707326018
05/17/2023 16:15:23.917070,1016,True,True,True,True,Eyes,1.118956,-0.2543478,-3.475912,0.4069515,0.453773,0.7927676,0.0,0.0,0.0,0.0,0.0,0.0,0.0,-2.1001,-0.7169006,2.919685,1.122965,-0.2621473,-3.481257,-0.1388028,0.1509082,-0.0215776,0.9785168,344.6254,18.21033,354.995,0.305689,-0.0691001,-0.9496202,0,0,0,1.417937,0.1110596,-2.727691,0.03182864,0.1489702,0.8780366,0.9535223,-0.08412105,-0.2893423,0.0003351376,0.9605364,-0.2781542,0.3013224,0.2651292,0.915921,moving,7.087387539972098,12.537090800242208,2.0760507966809874,9.629270097099365,0.294972,0.3732069,0.7535659999999997,0.12048426594289985,0.21549025712787545,0.9690445899101715,6.942049733450884,12.738089615777325,5.669824964693831,5.793868931576351,5.77431419757869
05/17/2023 16:15:23.927503,1017,True,True,True,True,Eyes,1.118794,-0.2544928,-3.47562,0.4038854,0.4520423,0.7953203,0.0,0.0,0.0,0.0,0.0,0.0,0.0,-2.0883,-0.7112136,2.929249,1.122805,-0.2624418,-3.481056,-0.137907,0.1489518,-0.02152791,0.9789441,344.7166,17.96755,355.0501,0.3056892,-0.06913868,-0.9496174,0,0,0,1.413751,0.1079768,-2.727536,0.03166002,0.1480082,0.8756387,0.9546999,-0.08323222,-0.2856932,0.001066246,0.9610364,-0.2764197,0.2975686,0.2635933,0.9175901,moving,7.102169786362312,12.509550028259744,2.0707121274925537,9.593956608140298,0.2909459999999999,0.3704186,0.75352,0.12074716445320671,0.21501752780024752,0.9691169289253592,6.957032292185856,12.710160203034619,5.691154217609953,5.815174216172974,5.795416257415913
05/17/2023 16:15:23.947204,1018,True,True,True,True,Eyes,1.118605,-0.2546399,-3.475319,0.4007767,0.4503055,0.7978741,0.0,0.0,0.0,0.0,0.0,0.0,0.0,-2.074966,-0.7039067,2.939863,1.122439,-0.2625498,-3.480656,-0.136604,0.1468023,-0.02174385,0.9794467,344.8582,17.70204,355.0851,0.3056875,-0.06917796,-0.9496151,0,0,0,1.409813,0.1050761,-2.72739,0.03217185,0.1478953,0.87306,0.9559526,-0.08270143,-0.2816294,0.002486325,0.961733,-0.2739768,0.2935106,0.2612085,0.9195769,moving,7.128364257165713,12.537049197465718,2.110367634091287,9.614562263830711,0.287374,0.3676259,0.753266,0.12117780577500373,0.21547124589145572,0.9689624180666088,6.983037603565049,12.737894173347964,5.682473679701052,5.8069975018466895,5.787755596811265
05/17/2023 16:15:23.967467,1019,True,True,True,True,Eyes,1.118409,-0.2547909,-3.475013,0.3976223,0.4485454,0.8004397,0.0,0.0,0.0,0.0,0.0,0.0,0.0,-2.060853,-0.6944485,2.951264,1.121995,-0.2627655,-3.480146,-0.1350884,0.1445204,-0.02175924,0.9799958,345.0199,17.41612,355.1488,0.3056836,-0.06921796,-0.9496134,0,0,0,1.405746,0.1020799,-2.727239,0.03298219,0.148122,0.8703258,0.9572808,-0.08169398,-0.2773798,0.003601854,0.9625553,-0.2710615,0.2891375,0.2584829,0.92173,moving,7.176237866308003,12.582197629711542,2.170263623229487,9.658705516187414,0.28375099999999986,0.3648454,0.752907,0.12196688666794794,0.21621366739982995,0.968698049569928,7.030601938239951,12.78340989120168,5.6715271104579745,5.797118617054794,5.778119587512191
05/17/2023 16:15:23.977045,1020,True,True,True,True,Eyes,1.118209,-0.2549481,-3.474708,0.3944159,0.4467531,0.8030242,0.0,0.0,0.0,0.0,0.0,0.0,0.0,-2.046114,-0.6843396,2.963288,1.121675,-0.2629315,-3.479755,-0.1335997,0.142095,-0.02148754,0.9805604,345.1732,17.10973,355.2466,0.3056775,-0.06925873,-0.9496124,0,0,0,1.401463,0.09892545,-2.727081,0.03382178,0.1479719,0.8675838,0.9586946,-0.08010733,-0.2729239,0.004171978,0.9633788,-0.2681116,0.2844068,0.2558985,0.9239203,moving,7.248371256447954,12.615125969588094,2.232481137183123,9.679021932733319,0.2797879999999999,0.36185694999999996,0.7526739999999998,0.12317167692606498,0.2167378447265984,0.9684283891876312,7.10251962391802,12.816466836427166,5.68500951817979,5.812044442687398,5.793171444553805
05/17/2023 16:15:23.996931,1021,True,True,True,True,Eyes,1.118003,-0.2551086,-3.474399,0.3912063,0.4449635,0.8055837,0.0,0.0,0.0,0.0,0.0,0.0,0.0,-2.03195,-0.6723988,2.975338,1.12142,-0.2631892,-3.479472,-0.1319317,0.1397349,-0.021039,0.9811348,345.3445,16.80749,355.3664,0.3056695,-0.06930038,-0.9496119,0,0,0,1.397622,0.09609605,-2.726938,0.03492652,0.1484338,0.8651178,0.960063,-0.07815514,-0.2686462,0.004413251,0.9643027,-0.2647654,0.2797491,0.2530059,0.9261363,moving,7.321737501313551,12.66310401841739,2.311888661390466,9.735806643241071,0.27620199999999984,0.35928525,0.7525339999999998,0.12438958247791426,0.21751538943662535,0.9680982751388588,7.175563169980734,12.864751023402508,5.673844472775148,5.802383589663205,5.783219056862244
05/17/2023 16:15:24.017250,1022,True,True,True,True,Eyes,1.117794,-0.2552732,-3.474096,0.3879502,0.4431311,0.8081643,0.0,0.0,0.0,0.0,0.0,0.0,0.0,-2.018504,-0.6608057,2.986519,1.121238,-0.2633933,-3.479047,-0.1303606,0.1374936,-0.02051303,0.9816725,345.5046,16.51982,355.4905,0.3056594,-0.0693429,-0.949612,0,0,0,1.393604,0.09313587,-2.726789,0.03565243,0.1485389,0.862469,0.9613494,-0.07612167,-0.2645992,0.004426653,0.9651707,-0.2615836,0.2752956,0.250302,0.9282032,moving,7.381450979105933,12.69411917400397,2.3671244051708884,9.771913308173362,0.2723660000000001,0.35652917,0.7522579999999999,0.12538423652300204,0.21801190218786293,0.9678582897292937,7.235071295924626,12.895918104819668,5.673905102482266,5.803684873626925,5.784143229612153
05/17/2023 16:15:24.027592,1023,True,True,True,True,Eyes,1.117575,-0.255437,-3.473791,0.3846666,0.4412949,0.8107345,0.0,0.0,0.0,0.0,0.0,0.0,0.0,-2.004023,-0.6489464,2.998554,1.121009,-0.2636098,-3.478852,-0.128586,0.1351092,-0.02030281,0.9822419,345.6929,16.21865,355.5827,0.3056476,-0.06938631,-0.9496127,0,0,0,1.389516,0.09012511,-2.726638,0.03635857,0.1489854,0.8599606,0.9626666,-0.07463082,-0.2601984,0.005138223,0.9661068,-0.2580913,0.270641,0.2471189,0.9304223,moving,7.444567903708971,12.758546436320724,2.4209861176410103,9.828749086669905,0.26850700000000005,0.35373491,0.7522139999999999,0.12641961366252488,0.2190710645586224,0.9674843468327488,7.297745505325322,12.960888942892982,5.683776132667839,5.815503973976351,5.795953951189413
05/17/2023 16:15:24.047561,1024,True,True,True,True,Eyes,1.117347,-0.2556024,-3.473493,0.3813152,0.4394471,0.8133172,0.0,0.0,0.0,0.0,0.0,0.0,0.0,-1.988958,-0.6388557,3.010261,1.120749,-0.2637314,-3.478524,-0.127012,0.1326668,-0.02022428,0.9827811,345.8605,15.91492,355.6558,0.3056338,-0.06943052,-0.9496139,0,0,0,1.385371,0.08707152,-2.726484,0.03708087,0.1490166,0.8573627,0.963981,-0.07345263,-0.2556274,0.006051532,0.9669178,-0.2550162,0.2659022,0.2442839,0.9325349,moving,7.50367476360385,12.803821597075176,2.476494630557397,9.859971718683012,0.2646219999999999,0.35080292,0.75204,0.12739596488185798,0.2198078075266555,0.9671890710442477,7.3565451631425685,13.006490887876955,5.692507014908874,5.8257010047381,5.806502913345499
05/17/2023 16:15:24.072046,1025,True,True,True,True,Eyes,1.117125,-0.2557622,-3.473199,0.3779002,0.4376422,0.8158804,0.0,0.0,0.0,0.0,0.0,0.0,0.0,-1.972016,-0.6301287,3.022891,1.120382,-0.2638964,-3.478345,-0.1256566,0.1299438,-0.02011094,0.9833212,346.0016,15.57999,355.7322,0.305618,-0.06947549,-0.9496157,0,0,0,1.381412,0.08415523,-2.726337,0.03849444,0.1488108,0.8550824,0.9654203,-0.07220761,-0.2504989,0.006894438,0.967612,-0.2523481,0.2606072,0.2418949,0.9346501,moving,7.590745614894182,12.82878027159969,2.5776238398293683,9.872363874555871,0.2610300000000001,0.34805162999999995,0.752008,0.12885433546510605,0.22018729154053845,0.9669096133356666,7.443461099932057,13.03142581469004,5.685668457359344,5.819947409069823,5.801382988857735
05/17/2023 16:15:24.077229,1026,True,True,True,True,Eyes,1.116899,-0.2559307,-3.472911,0.3744306,0.4358794,0.8184198,0.0,0.0,0.0,0.0,0.0,0.0,0.0,-1.954591,-0.6239126,3.035025,1.120097,-0.2638803,-3.478049,-0.1246079,0.1271646,-0.02011463,0.9838179,346.1095,15.2431,355.7897,0.3056006,-0.06952097,-0.949618,0,0,0,1.377169,0.08103047,-2.72618,0.03961009,0.1477566,0.8526165,0.9668491,-0.07126969,-0.2452008,0.007886848,0.9681366,-0.2502986,0.2552266,0.2400671,0.9366041,moving,7.674820812052754,12.825724042243062,2.6598832832327055,9.83158979464046,0.2570720000000002,0.34491077000000003,0.7518690000000001,0.13027582667952442,0.22009448426888517,0.966740255482381,7.527580365993242,13.028017983907947,5.705671259515962,5.840756655659825,5.823369132955533
05/17/2023 16:15:24.096988,1027,True,True,True,True,Eyes,1.116686,-0.2561033,-3.472629,0.3709646,0.4341227,0.820928,0.0,0.0,0.0,0.0,0.0,0.0,0.0,-1.93819,-0.6208052,3.045853,1.119837,-0.2642418,-3.477836,-0.1240846,0.124564,-0.02013972,0.9842162,346.1586,14.93223,355.8328,0.3055814,-0.06956713,-0.9496208,0,0,0,1.373239,0.07813542,-2.726034,0.04059532,0.1463675,0.8506289,0.9681564,-0.07055664,-0.2401977,0.008730721,0.9683948,-0.2492695,0.2501939,0.2392348,0.9381736,moving,7.73574097586727,12.763213628536128,2.732304395758998,9.76326262962956,0.2534020000000001,0.34237722000000004,0.7518020000000001,0.13133653260179062,0.21900870308921605,0.9668432848542561,7.588962437781757,12.96452304340704,5.699497279161123,5.833873807943234,5.816802865317261
05/17/2023 16:15:24.117187,1028,True,True,True,True,Eyes,1.116475,-0.256268,-3.472346,0.3674751,0.4323666,0.8234204,0.0,0.0,0.0,0.0,0.0,0.0,0.0,-1.922932,-0.6130742,3.056694,1.119621,-0.2644626,-3.477558,-0.1227969,0.122137,-0.02028092,0.9846788,346.2977,14.6376,355.872,0.305561,-0.06961402,-0.9496239,0,0,0,1.369241,0.07519055,-2.725886,0.04115707,0.1461112,0.848318,0.9693425,-0.06993648,-0.2355506,0.009944288,0.9690192,-0.2467851,0.2455123,0.2368769,0.9400069,moving,7.776623704759008,12.78864883123303,2.7775890908188443,9.7725337598145,0.24961999999999995,0.33965314999999996,0.7516720000000001,0.13201393282658827,0.21941796677092884,0.9666581911148835,7.6296746170620215,12.990113103172968,5.703252279322901,5.838432768766793,5.821988559314217
05/17/2023 16:15:24.127261,1029,True,True,True,True,Eyes,1.116275,-0.2564343,-3.472072,0.3639925,0.4306731,0.8258511,0.0,0.0,0.0,0.0,0.0,0.0,0.0,-1.909158,-0.6066167,3.066211,1.1195,-0.2644106,-3.477258,-0.1217436,0.1199385,-0.02027503,0.9850799,346.4089,14.3701,355.9205,0.3055396,-0.06966133,-0.9496273,0,0,0,1.365256,0.07225478,-2.725739,0.04133046,0.1451384,0.8460189,0.9704074,-0.06914851,-0.2313612,0.01074157,0.9695349,-0.2447177,0.2412346,0.2349907,0.9415866,moving,7.797666898782462,12.785953619108136,2.796840285597828,9.734590925818365,0.24575600000000009,0.33666538,0.751519,0.13237065445542248,0.21936195696420527,0.9666220772188826,7.65074260603084,12.987306526697243,5.722887031620073,5.858248979100863,5.842989518774256
05/17/2023 16:15:24.147325,1030,True,True,True,True,Eyes,1.116069,-0.2565991,-3.471799,0.360505,0.4289653,0.8282661,0.0,0.0,0.0,0.0,0.0,0.0,0.0,-1.895512,-0.6026957,3.075099,1.119246,-0.2645739,-3.477029,-0.121132,0.1177908,-0.02021665,0.9854156,346.4692,14.11156,355.9669,0.3055174,-0.06970906,-0.9496309,0,0,0,1.361201,0.06926777,-2.725588,0.04145114,0.1435367,0.8439996,0.9714332,-0.06838007,-0.227248,0.01130713,0.9698367,-0.2434934,0.2370435,0.233968,0.9429047,moving,7.812656002939313,12.73093059014463,2.8116939954299385,9.65179078323809,0.24195500000000014,0.33384167,0.7514409999999998,0.13265208523971445,0.2184252762572237,0.9667955518163142,7.6661280560417175,12.93156146597096,5.738372653068618,5.872880294287349,5.85853443961387
05/17/2023 16:15:24.167203,1031,True,True,True,True,Eyes,1.115894,-0.2567647,-3.471537,0.3570486,0.4272881,0.830627,0.0,0.0,0.0,0.0,0.0,0.0,0.0,-1.882741,-0.5956991,3.083928,1.118934,-0.2646783,-3.476796,-0.1199557,0.1157951,-0.02037451,0.9857926,346.5979,13.86979,355.9944,0.3054944,-0.06975713,-0.9496347,0,0,0,1.357037,0.06620108,-2.725434,0.04117395,0.1427877,0.8418055,0.9723527,-0.06795064,-0.2234119,0.01238951,0.970391,-0.2412214,0.233188,0.2317843,0.9444042,moving,7.808324495438714,12.746782896660312,2.800189605775134,9.62692621644698,0.23810299999999995,0.33087937999999995,0.7513620000000003,0.1325707984026533,0.2186951801381552,0.9667457979674868,7.661682356591923,12.947621841112607,5.765573830909817,5.900417000360008,5.887370482474975
05/17/2023 16:15:24.176828,1032,True,True,True,True,Eyes,1.115712,-0.2569369,-3.471286,0.353571,0.4256399,0.8329576,0.0,0.0,0.0,0.0,0.0,0.0,0.0,-1.870008,-0.5909913,3.092187,1.118683,-0.2647869,-3.47653,-0.1192488,0.1137977,-0.02027052,0.9861131,346.6693,13.62805,356.0448,0.3054714,-0.06980547,-0.9496386,0,0,0,1.352986,0.06321719,-2.725284,0.04105406,0.1412657,0.8397701,0.9732784,-0.06711852,-0.2196003,0.01283756,0.9707376,-0.2397991,0.2292692,0.2305722,0.9456596,moving,7.8109578672273905,12.704587705008118,2.7988054608089774,9.54886610910693,0.23430299999999993,0.32800408999999997,0.7512460000000001,0.1326369470608409,0.2179812309937102,0.9668980107124102,7.664617324162052,12.904906108159452,5.788707723372795,5.9228583079458375,5.910933053654724
05/17/2023 16:15:24.197139,1033,True,True,True,True,Eyes,1.115577,-0.2571145,-3.471045,0.3501425,0.4239721,0.8352531,0.0,0.0,0.0,0.0,0.0,0.0,0.0,-1.856406,-0.5870311,3.101033,1.118382,-0.2650999,-3.476521,-0.1186431,0.1116711,-0.02023218,0.98643,346.7296,13.37293,356.0874,0.305448,-0.06985423,-0.9496425,0,0,0,1.349047,0.06031555,-2.725138,0.04118046,0.1398141,0.8381137,0.9742405,-0.06641326,-0.2155107,0.01341726,0.971029,-0.2385848,0.2251123,0.2295474,0.9469068,moving,7.828515490355475,12.653431710154516,2.812948346306198,9.470868081628952,0.23066500000000012,0.32541545,0.7513830000000001,0.1329597147212263,0.21710835358525993,0.9670499108158884,7.682544397435336,12.853065272664296,5.806627344261381,5.940086281029966,5.928931062191554
05/17/2023 16:15:24.217092,1034,True,True,True,True,Eyes,1.115438,-0.2572888,-3.470812,0.3467022,0.4223129,0.8375258,0.0,0.0,0.0,0.0,0.0,0.0,0.0,-1.84394,-0.5796091,3.109483,1.118185,-0.2652997,-3.476237,-0.1176126,0.1096978,-0.01997733,0.98678,346.8364,13.13013,356.1588,0.3054254,-0.06990346,-0.9496462,0,0,0,1.344882,0.05724725,-2.724983,0.04090744,0.138784,0.8359875,0.9751346,-0.06523016,-0.2117961,0.01362276,0.9715363,-0.2364985,0.2211944,0.2277326,0.9482673,moving,7.839441613507681,12.643896067609056,2.8014242150906203,9.425825353094307,0.22669699999999993,0.32254695,0.7512539999999999,0.13314918935062986,0.21694186180867933,0.9670613158570367,7.693541414935825,12.843373334633466,5.844340157687818,5.978093210244423,5.967616350197426
05/17/2023 16:15:24.227395,1035,True,True,True,True,Eyes,1.11533,-0.2574641,-3.470587,0.34337,0.4206334,0.8397409,0.0,0.0,0.0,0.0,0.0,0.0,0.0,-1.831412,-0.5737764,3.117785,1.117989,-0.2653758,-3.47614,-0.116727,0.1077287,-0.01988249,0.9871039,346.9289,12.89123,356.2091,0.3054034,-0.06995303,-0.9496496,0,0,0,1.340757,0.05420856,-2.72483,0.04053885,0.1374117,0.8340866,0.9759984,-0.06440185,-0.2080371,0.01410248,0.9719591,-0.2347271,0.2173204,0.2261595,0.9495387,moving,7.850179301644202,12.622245678954457,2.782539228896382,9.355168210900208,0.22276800000000008,0.31958436,0.7513100000000001,0.13334168439779123,0.21657078095493854,0.9671180306802777,7.704436338955379,12.82142073121324,5.895562736323122,6.029491777022942,6.019964924863229
05/17/2023 16:15:24.247441,1036,True,True,True,True,Eyes,1.115219,-0.257634,-3.470363,0.3400374,0.4189653,0.8419279,0.0,0.0,0.0,0.0,0.0,0.0,0.0,-1.819455,-0.5683895,3.125488,1.117835,-0.2655006,-3.475933,-0.1159006,0.1058548,-0.01984082,0.9874049,347.0159,12.66485,356.2507,0.3053826,-0.07000289,-0.9496527,0,0,0,1.336766,0.05126885,-2.724682,0.04007867,0.1361127,0.8321769,0.9768022,-0.06371909,-0.2044439,0.01464457,0.9723468,-0.2330821,0.2136421,0.2246811,0.9507236,moving,7.848454237995708,12.595573358247334,2.7573051476135984,9.289171137602557,0.218931,0.31676944999999995,0.7512509999999999,0.13332615985420015,0.2161209730224294,0.9672206598908186,7.702901021242721,12.79443205144743,5.936817215975583,6.070592615649916,6.061829147987099
05/17/2023 16:15:24.267567,1037,True,True,True,True,Eyes,1.115139,-0.2578062,-3.470142,0.3367605,0.4172691,0.8440846,0.0,0.0,0.0,0.0,0.0,0.0,0.0,-1.808191,-0.5629471,3.132692,1.117684,-0.2655211,-3.475702,-0.1150702,0.1040929,-0.01976873,0.9876907,347.1034,12.45141,356.294,0.3053628,-0.07005287,-0.9496554,0,0,0,1.332725,0.0482922,-2.724533,0.03940006,0.1346655,0.8302349,0.9775477,-0.06300676,-0.2010736,0.01509479,0.9727361,-0.2314231,0.2101728,0.223192,0.951847,moving,7.839260747697421,12.56656791945653,2.717019903275911,9.21323301471067,0.21504100000000004,0.3138133,0.751169,0.13318560378563343,0.2156354113442219,0.9673483924889132,7.693911935914851,12.765109963021706,5.988670940424255,6.122271331103098,6.114350673660145
05/17/2023 16:15:24.277025,1038,True,True,True,True,Eyes,1.115047,-0.2579807,-3.469925,0.3334768,0.4155813,0.8462183,0.0,0.0,0.0,0.0,0.0,0.0,0.0,-1.798058,-0.5588066,3.138868,1.117531,-0.2656793,-3.475386,-0.1144694,0.1025183,-0.01968795,0.9879268,347.1654,12.26154,356.3323,0.3053446,-0.07010299,-0.9496575,0,0,0,1.328485,0.04516929,-2.724375,0.03822838,0.1328252,0.8282762,0.9782048,-0.06237091,-0.1980537,0.0154301,0.9730183,-0.2302115,0.2070684,0.222138,0.9527735,moving,7.808356780223926,12.5105930153014,2.642562391691123,9.110578173480322,0.21095399999999986,0.31084859,0.7510109999999997,0.13269168638616524,0.21470461802743487,0.9676232984299773,7.663398943440914,12.708573239872006,6.051426664618307,6.184297259123352,6.176922225280616
05/17/2023 16:15:24.297007,1039,True,True,True,True,Eyes,1.114973,-0.2581552,-3.469715,0.3302181,0.4138388,0.8483475,0.0,0.0,0.0,0.0,0.0,0.0,0.0,-1.786298,-0.5527602,3.14636,1.117199,-0.265889,-3.47522,-0.1135848,0.1007065,-0.01959433,0.9882171,347.2589,12.04196,356.3788,0.3053276,-0.0701533,-0.9496593,0,0,0,1.32462,0.04232254,-2.724232,0.03793356,0.1317542,0.8265612,0.9789486,-0.06160434,-0.1945884,0.01584944,0.9734291,-0.2284394,0.2034909,0.2205463,0.9539134,moving,7.8077212654633446,12.485486574117381,2.627644424948147,9.056777718313732,0.20742099999999986,0.30821154,0.750988,0.1326936066917953,0.21428054137911423,0.9677170469918864,7.662942296835486,12.6831653142969,6.079426754018264,6.212023864370474,6.205232602806582
05/17/2023 16:15:24.317325,1040,True,True,True,True,Eyes,1.114889,-0.2583306,-3.469504,0.3269388,0.4121041,0.8504594,0.0,0.0,0.0,0.0,0.0,0.0,0.0,-1.774006,-0.546165,3.154168,1.116917,-0.2659965,-3.475041,-0.1125846,0.09880864,-0.01954205,0.9885241,347.3659,11.8123,356.4227,0.305312,-0.07020376,-0.9496606,0,0,0,1.320552,0.03932578,-2.724081,0.03751829,0.1306333,0.8247163,0.9797099,-0.06088423,-0.1909492,0.01638693,0.9738857,-0.2264469,0.1997497,0.2187232,0.9551232,moving,7.814918038307675,12.475951224333947,2.604724288728816,9.000750274595722,0.203635,0.30532228,0.7509600000000001,0.1328200648663041,0.2141158213062037,0.9677361234685261,7.670208973897639,12.67348762791491,6.129924188158159,6.262838058676918,6.256847030425622
05/17/2023 16:15:24.337245,1041,True,True,True,True,Eyes,1.11483,-0.2585087,-3.469303,0.3236603,0.4103189,0.852574,0.0,0.0,0.0,0.0,0.0,0.0,0.0,-1.761506,-0.5391101,3.162038,1.11664,-0.2661701,-3.474809,-0.1116253,0.09687142,-0.01926418,0.98883,347.4657,11.57567,356.4923,0.3052975,-0.07025439,-0.9496616,0,0,0,1.316482,0.03632761,-2.72393,0.03725272,0.1294625,0.822868,0.9804896,-0.0597246,-0.187278,0.01647139,0.9743373,-0.2244892,0.1958795,0.2170246,0.9563115,moving,7.835014887497038,12.45350667453414,2.59211347261162,8.941099935244585,0.19984199999999985,0.30249771000000003,0.7508789999999999,0.13317112064334186,0.21372655985590838,0.9677739535697659,7.690471201799773,12.650696229372445,6.177513723279111,6.310706485680838,6.305105566140803
05/17/2023 16:15:24.347075,1042,True,True,True,True,Eyes,1.114764,-0.2586891,-3.469102,0.3203694,0.4085216,0.8546774,0.0,0.0,0.0,0.0,0.0,0.0,0.0,-1.748894,-0.5309828,3.170205,1.116437,-0.2663375,-3.47468,-0.1105356,0.0948998,-0.01890654,0.9891504,347.5795,11.3335,356.5727,0.3052844,-0.07030521,-0.949662,0,0,0,1.312356,0.03328892,-2.723778,0.03692102,0.1284116,0.8210744,0.9812731,-0.05838243,-0.1835606,0.01642321,0.9748489,-0.222261,0.19192,0.2150841,0.9575518,moving,7.862117722529697,12.443658126782536,2.5746686932294507,8.888746331952305,0.19591900000000018,0.29962642,0.7509020000000004,0.13363426642589088,0.21354676138239168,0.9677497464394328,7.717651448347749,12.640627065299851,6.237432253517158,6.3713825113919516,6.366072624209429
05/17/2023 16:15:24.367377,1043,True,True,True,True,Eyes,1.11471,-0.2588739,-3.468904,0.3171397,0.4066405,0.8567765,0.0,0.0,0.0,0.0,0.0,0.0,0.0,-1.736594,-0.5229633,3.178028,1.116266,-0.2665454,-3.474481,-0.1093311,0.09299275,-0.01888129,0.9894659,347.7108,11.10266,356.6146,0.3052725,-0.07035626,-0.949662,0,0,0,1.308129,0.03017522,-2.723621,0.0362099,0.1275913,0.819179,0.9819917,-0.05769879,-0.1798977,0.01703078,0.9753804,-0.2198704,0.1881549,0.2128472,0.9587981,moving,7.874115726889227,12.450144936057448,2.5309789551295214,8.852976678379767,0.19186300000000012,0.29672062,0.7508599999999999,0.13383381680237083,0.21365053554409608,0.9676993410406047,7.729606373340691,12.6471474873322,6.306186171320673,6.44117458510283,6.435950525049403
05/17/2023 16:15:24.387322,1044,True,True,True,True,Eyes,1.114635,-0.2590565,-3.468702,0.3139293,0.4046856,0.8588818,0.0,0.0,0.0,0.0,0.0,0.0,0.0,-1.725119,-0.5140951,3.185408,1.116082,-0.2667765,-3.47424,-0.1080625,0.09121238,-0.0187344,0.9897736,347.8485,10.88505,356.6692,0.3052619,-0.07040765,-0.9496616,0,0,0,1.304178,0.02726433,-2.723474,0.03561506,0.1270691,0.8173586,0.9826586,-0.05679891,-0.1765103,0.01737237,0.975943,-0.2173323,0.1846082,0.2104971,0.9600056,moving,7.878088670014132,12.455606893428278,2.4949913607683496,8.836642206956174,0.18809600000000004,0.29404083000000003,0.750766,0.13389820333352198,0.21374090102017085,0.9676704423470992,7.733541419284405,12.65266068373442,6.350796010784569,6.486496900696193,6.481080444701449
05/17/2023 16:15:24.397317,1045,True,True,True,True,Eyes,1.114551,-0.2592418,-3.468497,0.310689,0.4027301,0.8609766,0.0,0.0,0.0,0.0,0.0,0.0,0.0,-1.712178,-0.5046831,3.19343,1.115593,-0.2668673,-3.473973,-0.1066496,0.08925903,-0.01868627,0.9901059,348.0034,10.6479,356.7155,0.305252,-0.07045929,-0.9496609,0,0,0,1.300325,0.02442663,-2.723331,0.03564964,0.1267514,0.8155395,0.9833673,-0.05604165,-0.172766,0.01796389,0.9765533,-0.2145246,0.1807375,0.207853,0.9613174,moving,7.89697295821246,12.481425130429166,2.5029742938693267,8.834248351107547,0.1847319999999999,0.29129393,0.750642,0.13420427548437902,0.21416796615906805,0.9675335594322152,7.752246598215508,12.678720732498554,6.374778506416294,6.51130709232473,6.50652192929941
05/17/2023 16:15:24.417189,1046,True,True,True,True,Eyes,1.114454,-0.2594281,-3.468296,0.3074118,0.4007799,0.8630606,0.0,0.0,0.0,0.0,0.0,0.0,0.0,-1.698777,-0.4964142,3.201503,1.115342,-0.2670892,-3.473696,-0.1054806,0.08720157,-0.01850792,0.9904177,348.1288,10.39869,356.7748,0.3052425,-0.07051124,-0.9496601,0,0,0,1.295392,0.020793,-2.723149,0.03462504,0.1253258,0.8134553,0.9841067,-0.05505729,-0.1688275,0.01826501,0.9770626,-0.2121675,0.1766364,0.2057118,0.9625395,moving,7.929253858829848,12.477667389120136,2.437345759231711,8.758466577248312,0.18005000000000004,0.28788220000000003,0.7505470000000001,0.13475179144645327,0.21408848311860154,0.9674751771459347,7.784562848063298,12.674796715236132,6.494573031609716,6.6327603042368155,6.627999120760673
05/17/2023 16:15:24.427289,1047,True,True,True,True,Eyes,1.114345,-0.2596164,-3.468092,0.3040951,0.3987758,0.8651613,0.0,0.0,0.0,0.0,0.0,0.0,0.0,-1.684497,-0.4887766,3.209967,1.114946,-0.267277,-3.473583,-0.104389,0.08503424,-0.01834353,0.9907249,348.2453,10.13755,356.8323,0.305233,-0.0705635,-0.9496593,0,0,0,1.291859,0.01819025,-2.723018,0.03520206,0.1247534,0.8119944,0.9848654,-0.05410007,-0.1646613,0.0185935,0.9775329,-0.2099613,0.1723208,0.203722,0.9637442,moving,7.970736123445581,12.46302532920036,2.4823660365725995,8.734525403175896,0.1769130000000001,0.28546725,0.7505649999999999,0.13546034605690827,0.21382037437830725,0.9674354684805617,7.826160516848281,12.659822214993294,6.496694860275037,6.635052215984933,6.630542550069992
05/17/2023 16:15:24.449093,1048,True,True,True,True,Eyes,1.114225,-0.2598058,-3.467885,0.3007424,0.3967703,0.8672527,0.0,0.0,0.0,0.0,0.0,0.0,0.0,-1.669966,-0.4806437,3.218433,1.114714,-0.2674777,-3.473324,-0.103205,0.08281298,-0.01824083,0.9910389,348.373,9.870647,356.8837,0.3052233,-0.0706161,-0.9496585,0,0,0,1.288208,0.01550105,-2.722882,0.03557707,0.1242915,0.8103247,0.9856185,-0.05324816,-0.1603767,0.01906132,0.9780321,-0.2075814,0.1679068,0.2015391,0.9649815,moving,8.014609445661481,12.460810877991895,2.513940035472304,8.72033857723008,0.17349400000000004,0.28297875,0.750442,0.13620290640906127,0.2137610015498113,0.9673442563427387,7.870061254200521,12.657416787027302,6.5129321004205245,6.6519543739383336,6.647452093830442
05/17/2023 16:15:24.467244,1049,True,True,True,True,Eyes,1.114092,-0.2599971,-3.467674,0.2973307,0.394697,0.8693727,0.0,0.0,0.0,0.0,0.0,0.0,0.0,-1.655296,-0.4726598,3.226778,1.114389,-0.2676699,-3.473039,-0.1020197,0.0805928,-0.01820018,0.9913454,348.5016,9.604883,356.9272,0.3052131,-0.07066905,-0.9496579,0,0,0,1.284129,0.01249655,-2.722731,0.0355999,0.1235142,0.808544,0.9863471,-0.05252943,-0.156077,0.01964121,0.9785214,-0.2052072,0.1635041,0.19934,0.9661936,moving,8.052689291438211,12.455844953579541,2.521084166456984,8.685429751878877,0.16974,0.28016645,0.750308,0.13684896636878285,0.2136579823592562,0.9672759613754226,7.908186601236321,12.652248264226492,6.5545669679994205,6.694377196717709,6.69003152105498
05/17/2023 16:15:24.477056,1050,True,True,True,True,Eyes,1.113952,-0.2601935,-3.467456,0.2938862,0.3926105,0.871486,0.0,0.0,0.0,0.0,0.0,0.0,0.0,-1.639699,-0.4632444,3.235729,1.114143,-0.2678683,-3.472763,-0.1006162,0.07821926,-0.01817321,0.9916794,348.6551,9.320589,356.9724,0.3052022,-0.0707224,-0.9496574,0,0,0,1.280143,0.00956032,-2.722583,0.03585506,0.1231614,0.8067452,0.9871029,-0.05178425,-0.1514798,0.02030374,0.9790922,-0.2024011,0.1587939,0.1967151,0.9675162,moving,8.106794478909695,12.476480194548444,2.5447843756476964,8.680015462153559,0.16599999999999993,0.27742862,0.7501799999999998,0.13775238556468872,0.21397925947161373,0.9670765782728415,7.962158971218331,12.672930789624589,6.592883975138688,6.734174103266614,6.729882637987618
05/17/2023 16:15:24.497270,1051,True,True,True,True,Eyes,1.113784,-0.2603969,-3.467234,0.2903499,0.3903774,0.8736718,0.0,0.0,0.0,0.0,0.0,0.0,0.0,-1.625151,-0.4536437,3.243908,1.113905,-0.2681589,-3.472342,-0.09923603,0.07601047,-0.0180823,0.9919918,348.8059,9.055239,357.0222,0.3051905,-0.07077625,-0.9496571,0,0,0,1.276103,0.00658478,-2.722434,0.0358192,0.1228196,0.8048519,0.9877909,-0.05096094,-0.1472147,0.02078903,0.9796505,-0.1996315,0.1543924,0.1941337,0.9687492,moving,8.139007605844881,12.482055598405793,2.548214973138377,8.676345077802685,0.16219800000000006,0.27474368,0.749908,0.13829366812119648,0.21405706511183253,0.9669821235210622,7.994340873842701,12.6784531299166,6.620954870746025,6.763164557258275,6.7584877145051845
05/17/2023 16:15:24.517314,1052,True,True,True,True,Eyes,1.113601,-0.2606026,-3.467011,0.2867731,0.3881065,0.8758622,0.0,0.0,0.0,0.0,0.0,0.0,0.0,-1.609599,-0.4398064,3.253234,1.113597,-0.2684933,-3.472115,-0.09729066,0.0736425,-0.01783925,0.9923675,349.0199,8.767332,357.096,0.3051775,-0.07083077,-0.9496573,0,0,0,1.272035,0.003587836,-2.722283,0.03609266,0.1233367,0.803034,0.9885171,-0.04973564,-0.1426896,0.02107674,0.9804326,-0.1957236,0.149632,0.1904687,0.9702227,moving,8.194758657488146,12.547249338115366,2.5734480617676225,8.731734455624265,0.15843800000000008,0.272081136,0.749832,0.13920093023210411,0.2151295959031241,0.966613892722309,8.049641792965168,12.7442272853588,6.649299040336599,6.7939154124901275,6.788872991173009
05/17/2023 16:15:24.526937,1053,True,True,True,True,Eyes,1.113407,-0.2608157,-3.466786,0.2830067,0.3856073,0.878188,0.0,0.0,0.0,0.0,0.0,0.0,0.0,-1.594002,-0.4268374,3.26221,1.113098,-0.2687129,-3.471865,-0.09546538,0.07130657,-0.01758907,0.9927197,349.2204,8.484198,357.1679,0.3051628,-0.07088596,-0.9496579,0,0,0,1.267986,0.0006056427,-2.722133,0.03651946,0.1235576,0.8012626,0.989212,-0.04853666,-0.1382166,0.02130742,0.981154,-0.1920491,0.1449332,0.1870323,0.9716035,moving,8.23476971812218,12.583147683142698,2.609586266815401,8.766169387393855,0.15488800000000014,0.2693185427,0.7497320000000003,0.1398574009342195,0.21571501545427452,0.9663885786337022,8.089407459343077,12.780410384363314,6.652054993436988,6.797941759905964,6.792832331496619
05/17/2023 16:15:24.547297,1054,True,True,True,True,Eyes,1.113213,-0.261039,-3.466554,0.279218,0.3830544,0.880515,0.0,0.0,0.0,0.0,0.0,0.0,0.0,-1.578636,-0.4123255,3.271226,1.112885,-0.2690405,-3.471617,-0.09347799,0.06896137,-0.0172186,0.9930809,349.4387,8.198521,357.2543,0.3051465,-0.07094198,-0.9496589,0,0,0,1.263804,-0.00247484,-2.721978,0.03657772,0.1240043,0.7994238,0.9898957,-0.04709166,-0.1337493,0.02130618,0.9819308,-0.1880372,0.1401875,0.1832875,0.9730124,moving,8.279698056016322,12.631769103634,2.619747260890452,8.817284688722914,0.15091900000000003,0.26656566000000004,0.7496390000000002,0.1405897404049696,0.2165123470691217,0.966104010222421,8.134000976234377,12.82945214523096,6.677403785658598,6.825344998961263,6.819419457420588
05/17/2023 16:15:24.567136,1055,True,True,True,True,Eyes,1.113006,-0.2612584,-3.466324,0.2753667,0.3803356,0.8829031,0.0,0.0,0.0,0.0,0.0,0.0,0.0,-1.564454,-0.3963404,3.27955,1.11271,-0.2694599,-3.471213,-0.09130807,0.06679457,-0.01682079,0.9934378,349.6785,7.933149,357.3423,0.3051286,-0.07099903,-0.9496604,0,0,0,1.259722,-0.005482099,-2.721826,0.03642361,0.1249108,0.7974635,0.9905111,-0.04561858,-0.1296407,0.02122305,0.9827598,-0.1836648,0.1357842,0.1791707,0.9744027,moving,8.302474894552489,12.688895880816188,2.615128763345324,8.902198388938164,0.14701199999999992,0.26397780099999996,0.749387,0.1409432138831299,0.2174644366555299,0.9658385482761842,8.156376472473127,12.8871850944589,6.682823770667146,6.832641064123918,6.82536044594651
05/17/2023 16:15:24.577074,1056,True,True,True,True,Eyes,1.11279,-0.2614715,-3.466091,0.2714904,0.3776188,0.8852666,0.0,0.0,0.0,0.0,0.0,0.0,0.0,-1.549337,-0.3818795,3.28817,1.11248,-0.2695253,-3.471035,-0.08923376,0.06450555,-0.0166069,0.993781,349.9088,7.656494,357.4083,0.3051091,-0.0710569,-0.9496623,0,0,0,1.255707,-0.008439546,-2.721678,0.03647911,0.1253529,0.7957212,0.9911265,-0.04451939,-0.125245,0.0214951,0.9835231,-0.1795001,0.1311726,0.1752151,0.9757527,moving,8.330918759831603,12.740917780638293,2.624834737587446,8.952442438487184,0.143227,0.261085754,0.7493570000000003,0.14139477686399154,0.21832709074209378,0.9655779341952856,8.184456900247325,12.9397301759604,6.697717035381021,6.849229174658782,6.841627152435537
05/17/2023 16:15:24.597552,1057,True,True,True,True,Eyes,1.11256,-0.2616854,-3.465851,0.2675921,0.3748134,0.8876427,0.0,0.0,0.0,0.0,0.0,0.0,0.0,-1.533447,-0.3725874,3.296227,1.112068,-0.2695584,-3.47074,-0.08778301,0.06215491,-0.01674725,0.9940576,350.0702,7.379185,357.4277,0.305088,-0.07111536,-0.9496647,0,0,0,1.251626,-0.0114452,-2.721526,0.03661292,0.1247996,0.7940436,0.9917126,-0.04420776,-0.1206309,0.02238317,0.9840274,-0.1766046,0.1265114,0.1724409,0.9768618,moving,8.350147567912034,12.725360160333945,2.640007439314106,8.932091407570569,0.13955799999999985,0.2581132,0.7492140000000003,0.14172769251147502,0.21805443654507023,0.9655908572183375,8.203801745685876,12.923912307451651,6.703757707386715,6.855259887044063,6.847659540335102
05/17/2023 16:15:24.617401,1058,True,True,True,True,Eyes,1.112322,-0.2619081,-3.465612,0.2636789,0.3719972,0.8899952,0.0,0.0,0.0,0.0,0.0,0.0,0.0,-1.518515,-0.3627546,3.303733,1.111804,-0.2697491,-3.47034,-0.08619048,0.05993383,-0.01712897,0.9943268,350.25,7.11899,357.4182,0.3050649,-0.07117439,-0.9496677,0,0,0,1.2476,-0.01441077,-2.721377,0.03634918,0.1247053,0.7922817,0.992229,-0.04439504,-0.1162349,0.02373214,0.9845556,-0.1734562,0.1221403,0.1693498,0.9779583,moving,8.346673091286727,12.72999193900474,2.6268373869495214,8.944979002055966,0.13579600000000003,0.25533833,0.7489630000000003,0.14166652572859795,0.21813439611011465,0.9655816463964891,8.200293318869395,12.928613145999558,6.707070985956619,6.85877856600432,6.8507482816000485
05/17/2023 16:15:24.626957,1059,True,True,True,True,Eyes,1.112055,-0.262136,-3.465365,0.2597992,0.3691244,0.8923293,0.0,0.0,0.0,0.0,0.0,0.0,0.0,-1.503876,-0.3507528,3.311364,1.111393,-0.2701477,-3.470104,-0.08450646,0.0577655,-0.01700435,0.9946018,350.4368,6.859852,357.4666,0.3050401,-0.07123417,-0.9496712,0,0,0,1.243349,-0.01754238,-2.72122,0.03608795,0.1246673,0.7906998,0.992748,-0.04358822,-0.1120334,0.02406199,0.985139,-0.1700651,0.1177813,0.166136,0.9790436,moving,8.357859445793794,12.730444947588659,2.6131956964100054,8.959897649821935,0.13195599999999996,0.25260531999999997,0.7488839999999999,0.14185499363151916,0.21813609302796555,0.9655536403197839,8.211479406606037,12.929029777650289,6.719294886836631,6.871549208015624,6.862564414852911
05/17/2023 16:15:24.647277,1060,True,True,True,True,Eyes,1.11178,-0.2623639,-3.465117,0.2558852,0.3662271,0.8946511,0.0,0.0,0.0,0.0,0.0,0.0,0.0,-1.489474,-0.3386318,3.318645,1.111028,-0.2704621,-3.469737,-0.08289708,0.05562976,-0.01662347,0.9948655,350.6135,6.602694,357.5428,0.3050129,-0.07129482,-0.9496754,0,0,0,1.239242,-0.02056754,-2.721067,0.03597366,0.1245078,0.7890482,0.993258,-0.04229931,-0.1079322,0.02385313,0.9857035,-0.1667924,0.1134443,0.1630933,0.9800668,moving,8.372322105341077,12.715366102469606,2.6103761522939224,8.967046728563414,0.12821400000000005,0.24989456,0.7486699999999997,0.14210724561739757,0.21787402140907156,0.9655757643099456,8.226053426589106,12.913714314002949,6.721438364336383,6.873857671979905,6.8638193652655595
05/17/2023 16:15:24.667475,1061,True,True,True,True,Eyes,1.111489,-0.262594,-3.464867,0.2519705,0.3632997,0.8969527,0.0,0.0,0.0,0.0,0.0,0.0,0.0,-1.47387,-0.3237318,3.326669,1.110624,-0.2706453,-3.469451,-0.0809342,0.05331588,-0.01604326,0.9951631,350.8294,6.322259,357.6452,0.3049834,-0.07135624,-0.9496803,0,0,0,1.235343,-0.02343972,-2.720923,0.03643153,0.1248883,0.7874234,0.9938,-0.04056148,-0.1035191,0.02330117,0.9863845,-0.1627962,0.1087129,0.1593747,0.9812142,moving,8.415293641146844,12.736287281044488,2.649001034196767,9.012257313708256,0.12471900000000002,0.24720557999999998,0.7485279999999999,0.14282058346596044,0.21820392674452083,0.965395917859271,8.26888715614006,12.934727900168197,6.71080614073568,6.86429381849185,6.853385697978352
05/17/2023 16:15:24.677615,1062,True,True,True,True,Eyes,1.111201,-0.2628293,-3.464613,0.2480568,0.3603607,0.8992263,0.0,0.0,0.0,0.0,0.0,0.0,0.0,-1.459382,-0.3096417,3.334037,1.110396,-0.2708779,-3.469167,-0.07910535,0.05115108,-0.01544828,0.9954333,351.0305,6.060007,357.746,0.3049515,-0.07141843,-0.9496859,0,0,0,1.231238,-0.02646346,-2.720771,0.03627266,0.1249311,0.7858214,0.9942898,-0.03884811,-0.09939088,0.02266281,0.9870074,-0.1590686,0.104279,0.1559078,0.9822518,moving,8.441850495214307,12.740559335454101,2.642834866761796,9.033371259476752,0.12084200000000012,0.24441444,0.7483960000000001,0.14326613651094294,0.2182617055801288,0.9653168343859446,8.295420581655353,12.938952282560072,6.728291628600034,6.88271935282161,6.870610481761229
05/17/2023 16:15:24.697522,1063,True,True,True,True,Eyes,1.110907,-0.2630629,-3.464357,0.2441876,0.3574235,0.9014548,0.0,0.0,0.0,0.0,0.0,0.0,0.0,-1.446765,-0.2962454,3.340365,1.110221,-0.2711999,-3.468831,-0.07734262,0.04926623,-0.01499784,0.9956738,351.226,5.832191,357.8262,0.3049174,-0.07148148,-0.949692,0,0,0,1.227181,-0.02945138,-2.72062,0.03560879,0.1250072,0.7842488,0.9946958,-0.03748667,-0.09578623,0.02224516,0.9875864,-0.1554938,0.1004261,0.1525383,0.9831819,moving,8.434742326838386,12.739517963517203,2.5997273524733275,9.056607735539957,0.11696000000000017,0.24174852,0.7482110000000004,0.14314682439608736,0.218247962076297,0.9653376158131977,8.288317956189635,12.937924905914391,6.745201709494563,6.900088948586379,6.886558359132148
05/17/2023 16:15:24.717554,1064,True,True,True,True,Eyes,1.110611,-0.263297,-3.464097,0.240319,0.3544923,0.9036492,0.0,0.0,0.0,0.0,0.0,0.0,0.0,-1.434742,-0.283048,3.346234,1.109894,-0.2713389,-3.468486,-0.0755808,0.04749826,-0.01456112,0.9959015,351.4218,5.618454,357.903,0.3048814,-0.07154525,-0.9496988,0,0,0,1.222952,-0.03256655,-2.720463,0.03473917,0.1247668,0.7826613,0.9950638,-0.03618278,-0.09240608,0.02182296,0.9881511,-0.1519253,0.09680823,0.1491588,0.9840629,moving,8.414371150026051,12.738946207400783,2.5414598348060995,9.057510371742215,0.1130580000000001,0.23877235,0.7480229999999999,0.1428035519710161,0.21824926267828398,0.9653881572019498,8.26794545954925,12.937422459420809,6.776185446183223,6.931382050392956,6.917106000236256
05/17/2023 16:15:24.728899,1065,True,True,True,True,Eyes,1.110301,-0.2635253,-3.463838,0.2364842,0.3515823,0.9057953,0.0,0.0,0.0,0.0,0.0,0.0,0.0,-1.422096,-0.2713071,3.352174,1.109589,-0.2715452,-3.468157,-0.07405514,0.04564119,-0.0140854,0.9961097,351.5904,5.395171,357.9828,0.3048435,-0.07160969,-0.9497061,0,0,0,1.218995,-0.0354815,-2.720317,0.03424745,0.1244179,0.781222,0.995437,-0.03482113,-0.08884106,0.02130127,0.9886349,-0.1488198,0.09301345,0.1462483,0.9848654,moving,8.406854634477762,12.713474778041116,2.510142809663923,9.048966235469857,0.10940600000000011,0.2360637,0.7478400000000001,0.14269081444325205,0.21782366028588027,0.9655010101072934,8.260608591891605,12.911670877145607,6.787662501690526,6.942609970571375,6.927361969855106
05/17/2023 16:15:24.747313,1066,True,True,True,True,Eyes,1.109989,-0.263753,-3.463577,0.232639,0.3487116,0.9078983,0.0,0.0,0.0,0.0,0.0,0.0,0.0,-1.408442,-0.2615153,3.358339,1.109246,-0.2716013,-3.467902,-0.07280315,0.0436481,-0.01357252,0.9962984,351.7274,5.156966,358.0658,0.3048036,-0.07167459,-0.9497139,0,0,0,1.215035,-0.0383982,-2.72017,0.03400354,0.1234764,0.7799204,0.9958212,-0.03339999,-0.0849968,0.02068912,0.989031,-0.1462521,0.0889493,0.1438825,0.9855891,moving,8.41463469817596,12.66001412899558,2.496442312983645,8.996355321530933,0.10578900000000013,0.2332031,0.7477320000000001,0.1428514422505848,0.21691761193413364,0.9656812219972853,8.268771950016117,12.857534082225785,6.806170832111922,6.960416436224315,6.944673560406167
05/17/2023 16:15:24.767335,1067,True,True,True,True,Eyes,1.109684,-0.2639793,-3.46331,0.2287373,0.3458866,0.909968,0.0,0.0,0.0,0.0,0.0,0.0,0.0,-1.394704,-0.2532538,3.364257,1.108919,-0.2717846,-3.467563,-0.07174458,0.04164773,-0.01319555,0.9964659,351.8432,4.91985,358.1316,0.3047619,-0.0717399,-0.9497224,0,0,0,1.210976,-0.04138803,-2.720019,0.03360003,0.1223115,0.778608,0.9961827,-0.03227382,-0.08110766,0.02032183,0.9893571,-0.1440812,0.08489451,0.1418829,0.9862364,moving,8.415002963119438,12.590503859670138,2.471007494730985,8.9276323620556,0.10205700000000006,0.23039657,0.747544,0.14289569154714143,0.21574451718338583,0.9659374607796418,8.269635997163265,12.787181154130598,6.82878255710584,6.981956010765137,6.965644936947877
05/17/2023 16:15:24.777204,1068,True,True,True,True,Eyes,1.109377,-0.2641957,-3.463044,0.2248211,0.3430998,0.9119967,0.0,0.0,0.0,0.0,0.0,0.0,0.0,-1.381259,-0.2442524,3.369924,1.108618,-0.271933,-3.467123,-0.07062965,0.03969132,-0.0126708,0.9966322,351.965,4.686707,358.2139,0.3047187,-0.07180553,-0.9497313,0,0,0,1.206674,-0.04455694,-2.71986,0.03291521,0.1210073,0.7771676,0.9965281,-0.03086302,-0.07732543,0.01964948,0.9897018,-0.1417894,0.08090515,0.1397777,0.9868721,moving,8.415043249322611,12.526999658751311,2.4251862907175816,8.850060799317273,0.09805599999999992,0.22737606,0.7472629999999998,0.14293093224951461,0.21467266925325362,0.9661709860361717,8.270129148805882,12.72290821301488,6.875898003840203,7.028389983528602,7.011583566078471
05/17/2023 16:15:24.796874,1069,True,True,True,True,Eyes,1.109051,-0.2644107,-3.462774,0.2209291,0.3403893,0.9139614,0.0,0.0,0.0,0.0,0.0,0.0,0.0,-1.367141,-0.2359724,3.37591,1.108332,-0.2718852,-3.466872,-0.06958869,0.03763703,-0.01213829,0.9967917,352.0784,4.442644,358.2969,0.3046742,-0.07187118,-0.9497406,0,0,0,1.20286,-0.04736629,-2.719719,0.03282457,0.1197347,0.7759951,0.9968722,-0.02943691,-0.07334317,0.01896046,0.9900202,-0.1396445,0.07672193,0.1378172,0.9874818,moving,8.427988798293988,12.460989401492913,2.4221658334212464,8.771465839405309,0.09452799999999995,0.22451891,0.747153,0.14318524813574798,0.21355147340475533,0.9663817756943793,8.283548853234574,12.656050592944556,6.897100450957062,7.048580963611925,7.031771441989961
05/17/2023 16:15:24.817526,1070,True,True,True,True,Eyes,1.108721,-0.2646286,-3.462502,0.2170105,0.3377094,0.9158923,0.0,0.0,0.0,0.0,0.0,0.0,0.0,-1.352038,-0.2309984,3.381823,1.107881,-0.2720467,-3.466509,-0.06906453,0.03547257,-0.01159218,0.996914,352.1326,4.187158,358.3795,0.3046281,-0.07193685,-0.9497504,0,0,0,1.19881,-0.05034936,-2.719568,0.03283345,0.1177087,0.774858,0.9972146,-0.02801261,-0.06912498,0.01821303,0.9901914,-0.1385252,0.07232741,0.1368804,0.9879435,moving,8.450714427533914,12.33874502650716,2.426371548649003,8.637763874292794,0.09092900000000004,0.22169733999999996,0.7469409999999996,0.14363489217532902,0.21147521645529305,0.9667715095785913,8.307152240117173,12.53224165794057,6.920908688955145,7.070358449995114,7.0534061805960775
05/17/2023 16:15:24.827681,1071,True,True,True,True,Eyes,1.108376,-0.2648426,-3.462225,0.21307,0.3350443,0.9177943,0.0,0.0,0.0,0.0,0.0,0.0,0.0,-1.336299,-0.2230389,3.388132,1.107508,-0.2723088,-3.466144,-0.06800582,0.03319979,-0.01136117,0.9970678,352.2496,3.920642,358.4286,0.3045804,-0.07200261,-0.9497607,0,0,0,1.194598,-0.05345229,-2.719412,0.03264578,0.1165258,0.773593,0.9975374,-0.02717127,-0.06465961,0.01814015,0.9904922,-0.1363672,0.06775011,0.1348584,0.988546,moving,8.476418366562525,12.285767418968941,2.4164596293452334,8.566027193366873,0.08709000000000011,0.21885651,0.7467319999999997,0.14409749186079054,0.21056690453023028,0.9669009135019813,8.33324077765222,12.478526679072363,6.961396189264407,7.110525103164908,7.093373765889308
05/17/2023 16:15:24.847066,1072,True,True,True,True,Eyes,1.108028,-0.265059,-3.461946,0.2090928,0.3324183,0.919662,0.0,0.0,0.0,0.0,0.0,0.0,0.0,-1.319627,-0.2152345,3.394644,1.107094,-0.2724011,-3.465759,-0.06698509,0.0308017,-0.01101653,0.9972176,352.3617,3.639071,358.4911,0.3045309,-0.07206837,-0.9497716,0,0,0,1.190639,-0.05636837,-2.719265,0.03297156,0.1152963,0.7723485,0.9978598,-0.02609826,-0.05995611,0.01784525,0.9907833,-0.1342761,0.06290788,0.1329188,0.9891285,moving,8.518021879405127,12.229654565211183,2.4444727710799015,8.490424572327754,0.08354499999999998,0.21603273,0.7464939999999998,0.1448304042622452,0.20959720278584942,0.9670021127258782,8.37525545913835,12.42157901149928,6.983672257613253,7.132309563592788,7.115346689908495
05/17/2023 16:15:24.867384,1073,True,True,True,True,Eyes,1.107661,-0.2652726,-3.461666,0.205004,0.3297709,0.9215338,0.0,0.0,0.0,0.0,0.0,0.0,0.0,-1.302887,-0.2079509,3.401062,1.106699,-0.272649,-3.465381,-0.06605338,0.02839571,-0.0106976,0.9973546,352.464,3.357174,358.5498,0.3044798,-0.0721342,-0.949783,0,0,0,1.18664,-0.05931422,-2.719117,0.03322677,0.1140514,0.7711675,0.9981585,-0.02508986,-0.05522796,0.01758733,0.991045,-0.1323648,0.05805441,0.1311498,0.9896613,moving,8.553046305122297,12.162521020280678,2.467138378952395,8.412745333739931,0.07994099999999982,0.21333477999999997,0.746264,0.14545814474778737,0.20844463170581687,0.9671570682597571,8.410767900099387,12.353501888804068,7.0005379670670465,7.148362958411511,7.1313599061420945
05/17/2023 16:15:24.877281,1074,True,True,True,True,Eyes,1.107296,-0.265488,-3.461383,0.2008691,0.3271432,0.9233791,0.0,0.0,0.0,0.0,0.0,0.0,0.0,-1.284755,-0.1979217,3.408082,1.106242,-0.2727705,-3.465056,-0.06472865,0.02579585,-0.01030284,0.9975163,352.6111,3.051837,358.6194,0.3044267,-0.07220002,-0.949795,0,0,0,1.182511,-0.06235588,-2.718964,0.03372229,0.113176,0.769934,0.9984568,-0.02389395,-0.05012977,0.01721503,0.9914081,-0.1296673,0.05279732,0.1286042,0.9902896,moving,8.611293058983298,12.141466421602718,2.5078913318054634,8.362274024162135,0.07626900000000014,0.21041462000000002,0.746092,0.14645359465137198,0.20805832496937304,0.9670900211368593,8.469180228113505,12.331974505803977,7.030384628175388,7.17870516320249,7.162086792213078
05/17/2023 16:15:24.897355,1075,True,True,True,True,Eyes,1.106926,-0.2657054,-3.4611,0.1966635,0.3244874,0.9252197,0.0,0.0,0.0,0.0,0.0,0.0,0.0,-1.266863,-0.1885687,3.414856,1.105932,-0.2729967,-3.464698,-0.06353728,0.02321699,-0.009852354,0.9976608,352.743,2.749048,358.694,0.304372,-0.0722659,-0.9498075,0,0,0,1.178514,-0.06529967,-2.718816,0.03417479,0.1122904,0.7687449,0.9987278,-0.0226089,-0.04507339,0.01670833,0.9917319,-0.1272348,0.04757735,0.1263198,0.9908479,moving,8.66453618171825,12.102405117559265,2.545425491400598,8.310409915702996,0.07258200000000015,0.20769702999999998,0.7458819999999999,0.1473742316576926,0.20737030330404715,0.9670979740491613,8.522716006959735,12.292241206563359,7.05043780958726,7.198801514923211,7.182129373400894
05/17/2023 16:15:24.916979,1076,True,True,True,True,Eyes,1.106554,-0.265924,-3.460816,0.192409,0.3218232,0.927043,0.0,0.0,0.0,0.0,0.0,0.0,0.0,-1.248331,-0.1787032,3.42173,1.105472,-0.2732286,-3.464358,-0.06228113,0.02057173,-0.009374397,0.9978027,352.8826,2.438592,358.7718,0.3043156,-0.07233189,-0.9498206,0,0,0,1.174485,-0.06826761,-2.718667,0.03484046,0.1114806,0.7675844,0.9989779,-0.02127006,-0.03988536,0.01614513,0.9920664,-0.1246742,0.04222075,0.1239028,0.9913957,moving,8.723732225621653,12.07038998294054,2.5988570407447624,8.26360909960651,0.06901299999999999,0.20496098999999998,0.7456909999999999,0.14839169816117193,0.2067980740843653,0.9670649304261224,8.58215603718904,12.259617080311253,7.062992578773138,7.211496150178418,7.19499455612769
05/17/2023 16:15:24.927650,1077,True,True,True,True,Eyes,1.106189,-0.2661401,-3.460534,0.188066,0.3191231,0.9288658,0.0,0.0,0.0,0.0,0.0,0.0,0.0,-1.229372,-0.1674392,3.428718,1.105111,-0.2734385,-3.464023,-0.06073279,0.01785014,-0.009149555,0.9979525,353.0565,2.121,358.8207,0.3042577,-0.07239802,-0.949834,0,0,0,1.170393,-0.07128158,-2.718515,0.03536745,0.1110706,0.7663707,0.9991953,-0.02042982,-0.03451583,0.01609347,0.9924556,-0.1215435,0.03673854,0.1208902,0.9919858,moving,8.779681882126381,12.074901909865531,2.6422837798094885,8.246495279676004,0.06528200000000006,0.20215691999999996,0.7455080000000001,0.14933446715017787,0.20684453099940625,0.9669098223908257,8.63808834182668,12.26397424961788,7.084100229231753,7.233557409214509,7.217327041213484
05/17/2023 16:15:24.947545,1078,True,True,True,True,Eyes,1.105823,-0.2663611,-3.460248,0.1836956,0.3164082,0.9306674,0.0,0.0,0.0,0.0,0.0,0.0,0.0,-1.210323,-0.1574376,3.435532,1.10468,-0.2735547,-3.463726,-0.05934886,0.01513244,-0.008942907,0.9980826,353.2118,1.80449,358.8662,0.3041986,-0.0724642,-0.9498479,0,0,0,1.166322,-0.07428011,-2.718364,0.03596533,0.1103238,0.765251,0.9993821,-0.01964771,-0.02914534,0.01605533,0.9927955,-0.1187408,0.03126834,0.1181995,0.9924974,moving,8.832862155959699,12.060320363585475,2.6908117928769713,8.203626793398195,0.061641999999999975,0.19927458999999997,0.7453620000000001,0.15024077285877918,0.20656975980685058,0.9668281524725563,8.691386687535509,12.249017221099347,7.102623037052783,7.252507701269167,7.236855862799979
05/17/2023 16:15:24.967191,1079,True,True,True,True,Eyes,1.105484,-0.2665855,-3.459964,0.1792496,0.3136176,0.9324771,0.0,0.0,0.0,0.0,0.0,0.0,0.0,-1.192881,-0.1453173,3.441674,1.104349,-0.2738564,-3.463326,-0.05771193,0.01263714,-0.008673419,0.9982157,353.3965,1.513099,358.9171,0.3041385,-0.07253056,-0.9498621,0,0,0,1.162186,-0.07732726,-2.718211,0.03606722,0.1100936,0.764031,0.9995302,-0.01877451,-0.02422807,0.01585726,0.9931883,-0.1154371,0.02623031,0.1149987,0.9930192,moving,8.85941889564848,12.067766410707586,2.702726070000287,8.199636417739624,0.057836999999999916,0.19652914,0.7451149999999997,0.15068525206879738,0.20668125454267625,0.9667351105571568,8.717897364584436,12.256454011370613,7.1204273379264595,7.270990042070355,7.255346627914002
05/17/2023 16:15:24.977350,1080,True,True,True,True,Eyes,1.105146,-0.2668127,-3.459679,0.1747917,0.3108042,0.9342637,0.0,0.0,0.0,0.0,0.0,0.0,0.0,-1.175756,-0.132497,3.447679,1.103892,-0.2741071,-3.463053,-0.05598704,0.01021084,-0.008343156,0.9983445,353.5914,1.229441,358.9735,0.304078,-0.07259716,-0.9498764,0,0,0,1.158148,-0.08030125,-2.718061,0.03629473,0.109997,0.7629552,0.9996523,-0.01780204,-0.01945364,0.01551534,0.9935917,-0.1119591,0.02132208,0.1116183,0.9935224,moving,8.879915787394564,12.082859545634971,2.7235783901279644,8.203934173739402,0.05425599999999986,0.19380585,0.7449919999999999,0.15102313053362526,0.20692512606501887,0.966630258429261,8.73829205607005,12.271653118059513,7.125297545507607,7.276438152675969,7.261068646779976
05/17/2023 16:15:24.997011,1081,True,True,True,True,Eyes,1.104812,-0.2670426,-3.459392,0.1703607,0.3079207,0.9360353,0.0,0.0,0.0,0.0,0.0,0.0,0.0,-1.159612,-0.1189033,3.453205,1.103581,-0.2743587,-3.462702,-0.05420503,0.007912768,-0.007857265,0.9984676,353.7931,0.959823,359.0462,0.3040172,-0.07266406,-0.9498907,0,0,0,1.154181,-0.08322358,-2.717914,0.03629029,0.1100276,0.7618256,0.9997513,-0.01654827,-0.01494948,0.01483262,0.9940002,-0.1083683,0.01665309,0.1081196,0.9939984,moving,8.892613170339356,12.097387151025739,2.7272775230646187,8.218187014251647,0.05059999999999998,0.19113512,0.7447880000000002,0.1512295381759165,0.20716359514326618,0.9665468845687133,8.750889205223507,12.286309036626484,7.132477251557187,7.284199156029764,7.26866662369187
05/17/2023 16:15:25.017077,1082,True,True,True,True,Eyes,1.104476,-0.2672763,-3.459107,0.1659056,0.3050233,0.9377826,0.0,0.0,0.0,0.0,0.0,0.0,0.0,-1.142985,-0.1053451,3.458681,1.103127,-0.2746006,-3.462325,-0.05243261,0.00557088,-0.007355139,0.9985818,353.9939,0.6854415,359.12,0.3039563,-0.0727313,-0.949905,0,0,0,1.150086,-0.08623993,-2.717762,0.03636395,0.1099379,0.7606903,0.9998298,-0.01527361,-0.01035466,0.01410522,0.9943934,-0.1047984,0.01189726,0.1046345,0.9944395,moving,8.90953893558024,12.110457456014572,2.736877220756037,8.223666496000696,0.04695899999999997,0.18836066999999995,0.7445629999999999,0.1515081243009916,0.207375136460026,0.9664579285028349,8.767726249081774,12.299474194391768,7.142133735089381,7.294442858265603,7.278966162630612
05/17/2023 16:15:25.027352,1083,True,True,True,True,Eyes,1.104154,-0.2675118,-3.458824,0.1614151,0.3020687,0.939521,0.0,0.0,0.0,0.0,0.0,0.0,0.0,-1.125579,-0.09245211,3.464401,1.102762,-0.2748848,-3.462066,-0.05072704,0.003106612,-0.006953238,0.9986836,354.1873,0.3979908,359.182,0.3038953,-0.07279895,-0.9499193,0,0,0,1.146032,-0.08922619,-2.717612,0.03653332,0.1098119,0.7597109,0.999884,-0.01420335,-0.00549961,0.01357299,0.9947569,-0.1013637,0.006910479,0.1012773,0.9948342,moving,8.935215118780178,12.115271671602187,2.7531443488311873,8.224815000432407,0.04326999999999992,0.18565861,0.7444540000000002,0.1519389914084128,0.20744245566653471,0.9663758140317527,8.79337490420205,12.304250595219635,7.1514986595149805,7.3043584328062074,7.288770810915434
05/17/2023 16:15:25.047436,1084,True,True,True,True,Eyes,1.103831,-0.2677524,-3.458541,0.1569064,0.2990926,0.9412354,0.0,0.0,0.0,0.0,0.0,0.0,0.0,-1.107708,-0.0789105,3.470137,1.102421,-0.2751133,-3.461802,-0.04888074,0.0005727892,-0.006675828,0.9987822,354.397,0.1034446,359.229,0.3038344,-0.07286701,-0.9499336,0,0,0,1.142023,-0.09217943,-2.717463,0.03678272,0.1098846,0.7587132,0.9999102,-0.01339139,-0.0004915448,0.0132794,0.9951322,-0.09765007,0.001796822,0.09763478,0.9952207,moving,8.964712884503335,12.137913006871502,2.775549210682463,8.240859658860865,0.039601999999999915,0.18293387,0.7443390000000001,0.15242438627032492,0.2078086070805159,0.9662207145586615,8.822719027362373,12.327055576346297,7.160062221028278,7.313875291429626,7.298305273680948
05/17/2023 16:15:25.067222,1085,True,True,True,True,Eyes,1.103528,-0.2679931,-3.458261,0.1524288,0.2960832,0.942921,0.0,0.0,0.0,0.0,0.0,0.0,0.0,-1.09044,-0.0655587,3.475503,1.102121,-0.2754348,-3.461494,-0.04705815,-0.001877494,-0.006460817,0.9988695,354.6043,359.8191,359.2673,0.3037736,-0.07293557,-0.9499478,0,0,0,1.137954,-0.09517644,-2.717313,0.03677859,0.1099714,0.7577185,0.9999095,-0.01273032,0.004358811,0.01308373,0.9954876,-0.09398565,-0.003142674,0.09403416,0.995564,moving,8.984979990993065,12.157046321050823,2.778875561869991,8.257957218766853,0.035833000000000004,0.18025835999999998,0.7441810000000002,0.15275577969650264,0.208120450841923,0.9661011139333958,8.842855061793369,12.346344620319295,7.174602067035249,7.3292992852475765,7.3134642216027625
05/17/2023 16:15:25.088232,1086,True,True,True,True,Eyes,1.103226,-0.2682362,-3.457983,0.1479478,0.2930573,0.9445786,0.0,0.0,0.0,0.0,0.0,0.0,0.0,-1.073979,-0.05198747,3.480535,1.101793,-0.2756285,-3.461263,-0.04521354,-0.004201047,-0.006162676,0.9989496,354.8143,359.5492,359.3135,0.3037135,-0.07300458,-0.9499617,0,0,0,1.133547,-0.09842268,-2.717149,0.03629614,0.1096921,0.756813,0.9998888,-0.01193252,0.008950538,0.01269229,0.9958355,-0.09028031,-0.007835993,0.09038386,0.9958762,moving,8.993502322160928,12.176126528050892,2.745755425866361,8.246992347385396,0.03175400000000006,0.17720582000000001,0.7441140000000002,0.15288891762745843,0.2084378260499482,0.96601165403134,8.851243587989963,12.365623863668828,7.224793558774868,7.380544471096446,7.364788609644855
05/17/2023 16:15:25.096951,1087,True,True,True,True,Eyes,1.102936,-0.2684741,-3.457702,0.1434689,0.2900246,0.9462042,0.0,0.0,0.0,0.0,0.0,0.0,0.0,-1.058158,-0.0389435,3.485249,1.101555,-0.2758878,-3.461017,-0.04344247,-0.006442907,-0.0059078,0.9990178,355.0161,359.2891,359.3533,0.3036539,-0.07307405,-0.9499754,0,0,0,1.129795,-0.1011863,-2.71701,0.03623132,0.1098562,0.7559648,0.9998472,-0.0112442,0.01338646,0.01236378,0.9961557,-0.08672346,-0.01235986,0.08687572,0.9961425,moving,8.991694557246879,12.187178995004363,2.7439299358976452,8.268298627676218,0.028240000000000043,0.1747015,0.7440069999999999,0.1528521978129086,0.2086253793844402,0.9659770383764161,8.849356527892217,12.376816863011218,7.2191428299091385,7.375105836339781,7.3590866254117895
05/17/2023 16:15:25.117119,1088,True,True,True,True,Eyes,1.095607,-0.2744054,-3.450732,0.03026861,0.2117541,0.9768541,0.7462419,1.118195,-0.1163855,-2.721762,-0.4924982,-0.8064463,-0.3272459,0.028133,0.09727423,0.7492818,1.101269,-0.2759618,-3.46063,-0.04199634,-0.008492594,-0.005612461,0.999066,355.1809,359.0513,359.3962,0.303595,-0.0731438,-0.9499888,0,0,0,1.125582,-0.1042898,-2.716854,0.03547694,0.1090032,0.7550663,0.9997928,-0.01050112,0.01744073,0.01192775,0.9964097,-0.08381888,-0.01649791,0.08400954,0.9963284,moving,2.6054707283921825,7.446927858301482,2.690075194059752,8.214605715749993,0.02431300000000003,0.171672,0.743776,0.045075726519251125,0.12947603519667067,0.9905574468416581,2.4952439541075107,7.603092054488585,0.7709308316383842,0.7723258434285568,0.6418007245015074
05/17/2023 16:15:25.127310,1089,True,True,True,True,Eyes,1.095618,-0.2744113,-3.450719,0.03013346,0.2116477,0.9768814,0.7411141,1.117951,-0.1175561,-2.726738,-0.2562478,-0.6983966,-0.6682659,0.03134783,0.09884068,0.7435988,1.100947,-0.2761514,-3.460393,-0.04058843,-0.01063251,-0.005341073,0.9991052,355.3414,358.8035,359.4361,0.3034103,-0.07338698,-0.9500287,0,0,0,1.121795,-0.1070794,-2.716713,0.03530543,0.1085148,0.7543588,0.9997168,-0.009809472,0.02167957,0.0115357,0.9966481,-0.08099063,-0.02081243,0.08121779,0.9964791,moving,2.8466401361277067,7.604144010990225,2.679596376093252,8.185864710323287,0.0208480000000002,0.169072,0.7436799999999999,0.0492271336373907,0.13216765083050874,0.9900042653345557,2.735356132528703,7.761308526232553,0.6052223094866456,0.6052293695773484,0.42820217641603103
05/17/2023 16:15:25.147594,1090,True,True,True,True,Eyes,1.09562,-0.2744274,-3.450693,0.02985028,0.2114505,0.9769328,0.7385155,1.117665,-0.118268,-2.729213,0.008406971,-0.5368229,-0.843653,0.03438278,0.100331,0.7403565,1.100746,-0.2762612,-3.460053,-0.03933689,-0.01275085,-0.005071754,0.9991319,355.4842,358.5583,359.4752,0.3032444,-0.07360603,-0.9500644,0,0,0,1.117539,-0.1102144,-2.716556,0.03451073,0.1073646,0.7536071,0.9996234,-0.009131544,0.02587857,0.01113786,0.9968538,-0.07847614,-0.02508054,0.07873482,0.99658,moving,3.0769542083532215,7.737941544643034,2.621974639114714,8.108228765405332,0.016793000000000058,0.1660468,0.7434969999999996,0.053189792126375465,0.13445179626692838,0.9894915913621087,2.9647770999593357,7.895863565093973,0.5849445929442468,0.586616599052844,0.4032524091241271
05/17/2023 16:15:25.167580,1091,True,True,True,True,Eyes,1.095626,-0.2744485,-3.450655,0.02947325,0.2111224,0.9770152,0.737794,1.117371,-0.1186837,-2.729819,0.2508563,-0.3715808,-0.8938673,0.03709095,0.1020684,0.7389947,1.100556,-0.2764986,-3.459694,-0.03810071,-0.01466426,-0.004929001,0.9991542,355.6252,358.3375,359.4982,0.3030954,-0.07380366,-0.9500964,0,0,0,1.113608,-0.1131098,-2.71641,0.03367922,0.1065657,0.7528923,0.9995213,-0.008732227,0.02967931,0.0109671,0.9970481,-0.07599241,-0.02892812,0.07628153,0.9966666,moving,3.276136395083499,7.8624912901503,2.561311330244641,8.056230130879431,0.013051999999999842,0.1633888,0.7432839999999996,0.05661270802201246,0.13657669040164913,0.9890105409992904,3.1631238808035955,8.021175386579255,0.7352539273415462,0.7406143475041147,0.6028326310911056
05/17/2023 16:15:25.177373,1092,True,True,True,True,Eyes,1.095623,-0.2744741,-3.450607,0.02897806,0.2106995,0.9771212,0.7377186,1.117,-0.1190371,-2.729767,0.226127,-0.3951203,-0.8903632,0.03960488,0.1037363,0.7382943,1.100261,-0.2765986,-3.459358,-0.0368191,-0.01640285,-0.004709899,0.9991763,355.7716,358.1364,359.5287,0.3029617,-0.07398219,-0.950125,0,0,0,1.109329,-0.1162618,-2.716251,0.03236296,0.1054301,0.7522194,0.9994175,-0.008204162,0.0331255,0.01061991,0.9972444,-0.07342304,-0.03243185,0.07373206,0.9967506,moving,3.4502452979114415,7.985959104834845,2.463534186732891,7.978528752986036,0.009068000000000076,0.16033679999999997,0.7431069999999997,0.059600197759824225,0.13868343847482237,0.988541636488238,3.336398450262015,8.145486007664752,0.9771766468237267,0.9867390876274269,0.8886882172258694
05/17/2023 16:15:25.197323,1093,True,True,True,True,Eyes,1.095613,-0.2745066,-3.450556,0.02836239,0.2101953,0.9772479,0.7413017,1.116638,-0.1186884,-2.72612,0.7442325,0.0275704,-0.6673514,0.04200555,0.1060223,0.7412688,1.10007,-0.276706,-3.459087,-0.03541926,-0.01804394,-0.004484031,0.9991997,355.9318,357.9466,359.5587,0.3028416,-0.07414366,-0.9501507,0,0,0,1.105473,-0.119102,-2.716109,0.03121582,0.1047885,0.7516186,0.9993086,-0.007682678,0.03637664,0.01023909,0.9974508,-0.07062001,-0.03574135,0.07094364,0.9968398,moving,3.606559805784439,8.11791209945815,2.378210807336219,7.93685316071833,0.005402999999999825,0.15760400000000002,0.7429779999999999,0.0622769051823663,0.14093662478833105,0.9880578941728021,3.4918134017113482,8.27845109174114,1.228438891552007,1.2416213598703654,1.1648175327827457
05/17/2023 16:15:25.216991,1094,True,True,True,True,Eyes,1.095595,-0.2745663,-3.450493,0.02764136,0.2095821,0.9774003,0.0,0.0,0.0,0.0,0.0,0.0,0.0,-0.9637355,0.02827834,3.510083,1.099786,-0.2768736,-3.458913,-0.0343737,-0.01969455,-0.004287691,0.9992059,356.0514,357.756,359.5856,0.3027337,-0.07428997,-0.9501736,0,0,0,1.101289,-0.1221837,-2.715953,0.02984583,0.1034231,0.7512206,0.9991875,-0.007214624,0.03965258,0.00992252,0.9976001,-0.06852391,-0.03906304,0.06886168,0.9968612,moving,3.757336056393862,8.202873550184785,2.275152206277222,7.838827457803408,0.001503000000000032,0.1546899,0.7429600000000001,0.06486328811501912,0.1423781188098269,0.9876848044807779,3.6420237299763634,8.36387661899929,1.5095193105888318,1.5262367191640807,1.4642453291617878
05/17/2023 16:15:25.227244,1095,True,True,True,True,Eyes,1.095603,-0.2746156,-3.450422,0.0266169,0.2087939,0.9775974,0.0,0.0,0.0,0.0,0.0,0.0,0.0,-0.9526907,0.04193978,3.51263,1.099619,-0.2775479,-3.458576,-0.03268931,-0.0212288,-0.003675626,0.9992333,356.2453,357.5771,359.6579,0.3026366,-0.07442343,-0.9501941,0,0,0,1.097298,-0.1251237,-2.715806,0.02846321,0.1036658,0.7505933,0.9990717,-0.005957706,0.04266536,0.008733525,0.9978358,-0.06517244,-0.04218474,0.06548455,0.9969615,moving,3.886066981138514,8.34821723445509,2.171669760181128,7.863477409025977,-0.0023209999999997954,0.1524242,0.7427699999999997,0.06705779986078057,0.14486208003472578,0.9871769131090049,3.7697523000483106,8.510497678455257,1.7615581325390512,1.7816089721326211,1.7240948446302726
05/17/2023 16:15:25.247256,1096,True,True,True,True,Eyes,1.095605,-0.2746638,-3.450341,0.02550905,0.2079897,0.9777983,0.0,0.0,0.0,0.0,0.0,0.0,0.0,-0.9416622,0.05556503,3.515093,1.09945,-0.277302,-3.458324,-0.03083283,-0.02276386,-0.0032153,0.9992602,356.4588,357.3989,359.7117,0.30255,-0.07454503,-0.9502122,0,0,0,1.093228,-0.1281214,-2.715655,0.02696963,0.1031906,0.7499837,0.998943,-0.005022095,0.04569231,0.007829591,0.998078,-0.06147365,-0.04529576,0.06176642,0.9970623,moving,4.007189611043486,8.513060172590915,2.059485314180356,7.834163081170432,-0.00622199999999995,0.1491806,0.7426690000000002,0.06911540044571537,0.1476808423212224,0.9866171357995994,3.889731508445408,8.676882461136405,2.0389066376107126,2.062632611193349,2.01493848168919
05/17/2023 16:15:25.267509,1097,True,True,True,True,Eyes,1.09562,-0.2747112,-3.450255,0.02404468,0.2070126,0.9780428,0.0,0.0,0.0,0.0,0.0,0.0,0.0,-0.9307685,0.06049161,3.517542,1.099327,-0.2773089,-3.457987,-0.03020741,-0.02428775,-0.002926389,0.9992443,356.5308,357.2229,359.7485,0.3024726,-0.07465594,-0.9502282,0,0,0,1.089136,-0.1311362,-2.715503,0.02535067,0.1011113,0.7495912,0.9988031,-0.004381014,0.04871558,0.007315693,0.9981579,-0.06022701,-0.04836199,0.06051131,0.9969952,moving,4.102543208805866,8.526926205924214,1.9369664686597658,7.682178604978683,-0.010190999999999839,0.14617270000000002,0.7424840000000001,0.0707549005599737,0.14790257487407193,0.9864677664370339,3.9850114888390715,8.690559498561674,2.2981645620158413,2.3245044905882715,2.2828316694895583
05/17/2023 16:15:25.277090,1098,True,True,True,True,Eyes,1.095626,-0.2747626,-3.450157,0.02252446,0.2060281,0.9782869,0.0,0.0,0.0,0.0,0.0,0.0,0.0,-0.9204314,0.06692748,3.519887,1.099088,-0.2773089,-3.457801,-0.02924712,-0.02573448,-0.00304204,0.9992364,356.6402,357.0571,359.7375,0.302404,-0.07475723,-0.950242,0,0,0,1.084986,-0.1341929,-2.715349,0.02357827,0.09948175,0.7493082,0.998657,-0.004574114,0.0516076,0.007584752,0.9982707,-0.05829299,-0.05125171,0.05860613,0.9969647,moving,4.177699258068931,8.580744135744029,1.8023154501026273,7.5626351665843705,-0.014102000000000059,0.14311600000000002,0.7424520000000001,0.07203883712095704,0.1488153943802129,0.9862375841252619,4.059803668713037,8.744747548929437,2.5554038516642414,2.5843749937328835,2.548262690865746
05/17/2023 16:15:25.297272,1099,True,True,True,True,Eyes,1.095616,-0.274825,-3.450052,0.02081044,0.2049139,0.9785587,0.0,0.0,0.0,0.0,0.0,0.0,0.0,-0.910201,0.07147186,3.522015,1.098892,-0.2774447,-3.457401,-0.02864326,-0.02716092,-0.002935777,0.9992164,356.7094,356.893,359.7526,0.3023432,-0.07484998,-0.9502542,0,0,0,1.081143,-0.1370236,-2.715207,0.02208291,0.09769051,0.7489023,0.9985073,-0.004310997,0.05444745,0.007422907,0.9983419,-0.05708215,-0.05411109,0.05740111,0.9968837,moving,4.2438028500871345,8.584657485574146,1.688993378599859,7.431979789960391,-0.017749000000000015,0.1404211,0.742194,0.07317601338700729,0.1488703765899824,0.9861454214316647,4.125896867529727,8.748460900241604,2.7719142928598712,2.8028052564469275,2.7697691470745025
05/17/2023 16:15:25.317033,1100,True,True,True,True,Eyes,1.095598,-0.2749029,-3.449938,0.01903348,0.2037254,0.978843,0.0,0.0,0.0,0.0,0.0,0.0,0.0,-0.8989908,0.07693473,3.524417,1.098528,-0.2777449,-3.457125,-0.02797007,-0.02869424,-0.002690334,0.9991933,356.7869,356.7162,359.7836,0.302289,-0.07493538,-0.9502648,0,0,0,1.077087,-0.1400114,-2.715056,0.02073888,0.09600303,0.7486317,0.9983388,-0.003771167,0.05749268,0.006981487,0.9984209,-0.05574062,-0.05719169,0.05604941,0.9967886,moving,4.321374472687881,8.591609040847713,1.586823631198541,7.307612338058654,-0.021441000000000043,0.1377335,0.7420689999999999,0.07450987915694487,0.14897526886808932,0.9860297043136017,4.203439469489284,8.755206314583779,2.9881941126740372,3.020995835393229,2.9903522812648333
05/17/2023 16:15:25.327213,1101,True,True,True,True,Eyes,1.095589,-0.2749871,-3.449816,0.01700455,0.202339,0.9791678,0.0,0.0,0.0,0.0,0.0,0.0,0.0,-0.8875456,0.08886963,3.526668,1.098347,-0.2781621,-3.456773,-0.02644226,-0.03028005,-0.002256396,0.9991892,356.9631,356.5328,359.8332,0.3022406,-0.07501461,-0.9502741,0,0,0,1.073007,-0.1430163,-2.714905,0.01929357,0.09570041,0.7481601,0.9981561,-0.002907787,0.06063033,0.00611048,0.9985914,-0.05270499,-0.06039167,0.05297829,0.9967679,moving,4.394622548083254,8.683996712171025,1.4772174873848392,7.289367761880698,-0.025339999999999918,0.1351458,0.7418680000000002,0.07575208588966728,0.15055087639481474,0.9856956230493572,4.27604812534404,8.848438054579944,3.198297363190633,3.23361132438279,3.2037717018471246
05/17/2023 16:15:25.347065,1102,True,True,True,True,Eyes,1.095572,-0.2750822,-3.449693,0.01490787,0.2008589,0.9795068,0.0,0.0,0.0,0.0,0.0,0.0,0.0,-0.875145,0.1007,3.529099,1.098034,-0.2783549,-3.456501,-0.02490173,-0.03197845,-0.00180172,0.9991767,357.141,356.3366,359.8848,0.3021978,-0.07508847,-0.9502819,0,0,0,1.068964,-0.1459947,-2.714755,0.01819075,0.09521867,0.7477663,0.9979482,-0.002007835,0.06399398,0.00519311,0.9987533,-0.04964722,-0.06381452,0.04987769,0.9967146,moving,4.477308042274757,8.772456088340894,1.3935472552748165,7.256845029413927,-0.02906999999999993,0.1323602,0.741746,0.0771565235479899,0.15205611863719737,0.9853557333280025,4.358124713379034,8.937658640272572,3.3983786526148463,3.436081703536779,3.407910488781556
05/17/2023 16:15:25.367255,1103,True,True,True,True,Eyes,1.095559,-0.2751821,-3.449563,0.01256224,0.1992022,0.9798778,0.0,0.0,0.0,0.0,0.0,0.0,0.0,-0.8620332,0.1149039,3.531692,1.097861,-0.2786754,-3.456326,-0.02299214,-0.03380442,-0.001512812,0.9991629,357.3607,356.1265,359.9158,0.3021597,-0.07515781,-0.9502886,0,0,0,1.064918,-0.1489752,-2.714605,0.01709797,0.09540857,0.7474377,0.9977099,-0.00146862,0.0676218,0.004577564,0.9989381,-0.0458435,-0.06748267,0.04604807,0.9966573,moving,4.557032266396674,8.893846661476415,1.3104379071501542,7.274325455616092,-0.032942999999999945,0.12970020000000002,0.7417209999999996,0.07850201921143041,0.1541271533890617,0.9849274505563395,4.437004411157139,9.060220069386602,3.5877454918881377,3.6281157464615976,3.60067183668173
05/17/2023 16:15:25.387198,1104,True,True,True,True,Eyes,1.095538,-0.2752922,-3.449427,0.01014932,0.1974865,0.980253,0.0,0.0,0.0,0.0,0.0,0.0,0.0,-0.848614,0.1286742,3.534097,1.097497,-0.2788381,-3.456052,-0.02115437,-0.03563901,-0.001111273,0.9991403,357.5727,355.9152,359.9591,0.302126,-0.07522321,-0.9502942,0,0,0,1.060532,-0.1522056,-2.714442,0.0158888,0.09509026,0.7470556,0.9974573,-0.0007127941,0.07126374,0.003728477,0.9991025,-0.04219315,-0.0711697,0.04235157,0.9965646,moving,4.636199049118446,9.003029840604091,1.2184152704625222,7.253983783764777,-0.036964999999999915,0.12663249999999998,0.7416100000000001,0.07983924375062523,0.15598714001125497,0.9845270832720395,4.515413571987789,9.170428444731023,3.79629069100386,3.8393239074853684,3.813523035043387
05/17/2023 16:15:25.396899,1105,True,True,True,True,Eyes,1.09554,-0.2754012,-3.449284,0.007439219,0.1956599,0.9806436,0.0,0.0,0.0,0.0,0.0,0.0,0.0,-0.834395,0.1409082,3.536721,1.097292,-0.2791615,-3.455791,-0.01955707,-0.03760586,-0.0007122852,0.9991011,357.7573,355.6888,0.002731173,0.3020962,-0.07528538,-0.9502988,0,0,0,1.056801,-0.1549537,-2.714304,0.01536921,0.09505861,0.7467241,0.9971706,4.76314e-05,0.07517198,0.002894211,0.999234,-0.03902542,-0.07511625,0.03913256,0.9964066,moving,4.713123887759004,9.078170759816164,1.1791055785431215,7.254780036402306,-0.04049099999999983,0.12420780000000001,0.7414870000000002,0.08114438929440153,0.15726155132562147,0.9842176594783276,4.5918229535010555,9.246190937129777,3.931683245853168,3.9766869552561954,3.951247557022461
05/17/2023 16:15:25.416939,1106,True,True,True,True,Eyes,1.095532,-0.2755141,-3.449135,0.00466497,0.1938001,0.98103,0.0,0.0,0.0,0.0,0.0,0.0,0.0,-0.8195538,0.1519234,3.539359,1.096969,-0.2792064,-3.455505,-0.01804177,-0.03965307,-0.0005022075,0.9990506,357.9318,355.4537,0.02450197,0.3020705,-0.0753446,-0.9503024,0,0,0,1.052737,-0.1579477,-2.714154,0.01471052,0.09437639,0.7464177,0.9968548,0.0004273615,0.07924896,0.002434284,0.9993485,-0.03600944,-0.07921272,0.0360891,0.9962042,moving,4.791658209544462,9.143067872255111,1.129048268196287,7.2061883336506325,-0.04423200000000005,0.12125870000000002,0.7413509999999999,0.08247871805352229,0.15835884529417077,0.9839308099609719,4.669915294174662,9.311579619532942,4.096248807953138,4.143212995915993,4.1195159621404684
05/17/2023 16:15:25.430036,1107,True,True,True,True,Eyes,1.095519,-0.275636,-3.448979,0.001725233,0.1918502,0.9814227,0.0,0.0,0.0,0.0,0.0,0.0,0.0,-0.8041191,0.1617482,3.542156,1.096764,-0.2793844,-3.455241,-0.01668873,-0.04180403,-0.0003888886,0.9989864,358.0873,355.2069,0.03544708,0.3020483,-0.07540129,-0.950305,0,0,0,1.048634,-0.1609697,-2.714001,0.0140322,0.09355259,0.7462075,0.9965045,0.0006183236,0.0835363,0.002172301,0.9994427,-0.03331111,-0.08351033,0.03337614,0.9959478,moving,4.870451325075039,9.184635913077082,1.0773023453639032,7.145930700430721,-0.048130000000000006,0.11841469999999998,0.7412399999999999,0.08382223849526557,0.15905474232675176,0.9837049420538906,4.748432859084947,9.353355910848837,4.257554375377529,4.30630910715372,4.283681279969741
05/17/2023 16:15:25.447467,1108,True,True,True,True,Eyes,1.095498,-0.2757612,-3.448814,-0.001275778,0.1898653,0.9818093,0.0,0.0,0.0,0.0,0.0,0.0,0.0,-0.7888694,0.1734576,3.544613,1.096408,-0.2796818,-3.454903,-0.01514538,-0.04389306,-5.267176e-05,0.9989215,358.2658,354.967,0.07018078,0.3020291,-0.07545597,-0.9503068,0,0,0,1.044551,-0.1639775,-2.71385,0.01347006,0.09315738,0.7459056,0.9961468,0.001224324,0.08769304,0.001434784,0.9995412,-0.03025347,-0.08768984,0.03026272,0.9956881,moving,4.943341229536959,9.244944157249076,1.0345728843048683,7.118903692025051,-0.05185700000000004,0.11570429999999998,0.741053,0.08505942203384814,0.16007323354397823,0.9834334832341879,4.820912010695763,9.414121307632824,4.398947090168928,4.449552565872035,4.427684257378206
05/17/2023 16:15:25.467635,1109,True,True,True,True,Eyes,1.095474,-0.2758901,-3.448643,-0.004402923,0.1878609,0.9821857,0.0,0.0,0.0,0.0,0.0,0.0,0.0,-0.7730551,0.1844628,3.547149,1.096235,-0.2798564,-3.454541,-0.01371961,-0.0460765,0.0004157812,0.9988437,358.4317,354.716,0.1200742,0.3020126,-0.07550895,-0.9503079,0,0,0,1.040548,-0.1669261,-2.713702,0.012969,0.09253056,0.7456321,0.9957536,0.002094904,0.09203502,0.0004337022,0.9996232,-0.0274458,-0.09205784,0.02736917,0.9953775,moving,5.022357977759904,9.290203827270876,0.996461988903695,7.0740574789951784,-0.05568700000000004,0.11293030000000001,0.7408389999999998,0.08640480286311804,0.16083132947829037,0.9831924258580697,4.899626942172382,9.459633070985946,4.5431944255624535,4.595556892267163,4.574458170923313
05/17/2023 16:15:25.476999,1110,True,True,True,True,Eyes,1.095443,-0.2760258,-3.448462,-0.007573748,0.1858177,0.982555,0.0,0.0,0.0,0.0,0.0,0.0,0.0,-0.7566434,0.1915671,3.549918,1.095856,-0.2800431,-3.454244,-0.01283168,-0.04831475,0.00081506,0.9987494,358.5358,354.4588,0.1643782,0.3019983,-0.07556053,-0.9503084,0,0,0,1.036364,-0.1700082,-2.713547,0.01256876,0.09097822,0.7455494,0.9953301,0.002868,0.09648774,-0.0003881624,0.9996694,-0.02571003,-0.09652957,0.02555251,0.995002,moving,5.1033318138910815,9.271905701442286,0.9658229100942433,6.9573162255036545,-0.05949199999999988,0.11003489999999999,0.7406969999999999,0.08779905610943337,0.16049768945750054,0.9831234534595102,4.980752717019083,9.440810476903014,4.687518872933166,4.740918093694932,4.72095382854643
05/17/2023 16:15:25.503230,1111,True,True,True,True,Eyes,1.095407,-0.2761631,-3.44827,-0.01083418,0.1836867,0.9829251,0.0,0.0,0.0,0.0,0.0,0.0,0.0,-0.7416018,0.202662,3.552039,1.095705,-0.2803142,-3.453821,-0.01133055,-0.05040761,0.0009970414,0.998664,358.709,354.2189,0.1795943,0.3019861,-0.07561104,-0.9503083,0,0,0,1.03243,-0.1729056,-2.713401,0.01191255,0.09060378,0.7452595,0.9949161,0.003133711,0.1006579,-0.0008491265,0.9997413,-0.02273135,-0.1007031,0.02253031,0.9946613,moving,5.158612317346569,9.319751401314756,0.9157625191205886,6.931629952424298,-0.06327499999999997,0.10740860000000002,0.7404199999999999,0.0887357241165716,0.16130516611855408,0.9829071930106861,5.03570667388384,9.48902839050653,4.813779813313067,4.868767653622106,4.8491469981300135
05/17/2023 16:15:25.519336,1112,True,True,True,True,Eyes,1.095361,-0.2763023,-3.448072,-0.01414645,0.181537,0.9832824,0.0,0.0,0.0,0.0,0.0,0.0,0.0,-0.7263275,0.2125798,3.554111,1.095343,-0.2804184,-3.45341,-0.01000609,-0.05249288,0.001304431,0.9985704,358.8628,353.9796,0.2094938,0.3019756,-0.07566067,-0.9503077,0,0,0,1.028384,-0.1758859,-2.713251,0.0113681,0.08972292,0.7450278,0.9944856,0.003655628,0.1048096,-0.001554635,0.9997964,-0.02012051,-0.1048618,0.01984661,0.9942887,moving,5.2124346059239555,9.345752484654156,0.8741869877461803,6.8670006491185624,-0.06695899999999999,0.1045325,0.7401589999999998,0.08965257709461147,0.16173787600087683,0.9827529483310555,5.089357805666317,9.515142759521234,4.94025159081658,4.996459052048381,4.9779836943418605
05/17/2023 16:15:25.527015,1113,True,True,True,True,Eyes,1.095304,-0.2764467,-3.447869,-0.0175663,0.1793352,0.9836313,0.0,0.0,0.0,0.0,0.0,0.0,0.0,-0.7098984,0.2214504,3.556482,1.095077,-0.2806099,-3.45306,-0.008784046,-0.05476654,0.001387168,0.9984596,359.0036,353.719,0.2138725,0.3019665,-0.07570957,-0.9503068,0,0,0,1.024355,-0.1788538,-2.713101,0.01098981,0.08877572,0.7449113,0.9939975,0.003732206,0.10934,-0.001807919,0.9998418,-0.01769297,-0.1093887,0.01738909,0.9938469,moving,5.277098825821287,9.358208047055573,0.8452335905689436,6.796240323115421,-0.07072200000000017,0.10175610000000002,0.7399589999999998,0.0907586879545989,0.16193523402963547,0.9826189819736575,5.153950335652709,9.527507095722736,5.061747828206877,5.119092505703467,5.10145647560714
05/17/2023 16:15:25.547438,1114,True,True,True,True,Eyes,1.095238,-0.276594,-3.447666,-0.02106341,0.1771186,0.9839641,0.0,0.0,0.0,0.0,0.0,0.0,0.0,-0.6913373,0.229784,3.559181,1.094612,-0.2808412,-3.452748,-0.00764194,-0.05730981,0.001463066,0.9983262,359.1353,353.4273,0.2175859,0.3019584,-0.07575797,-0.9503055,0,0,0,1.020166,-0.1819393,-2.712946,0.01105625,0.08763006,0.7448683,0.9934269,0.00379715,0.1144054,-0.002045317,0.9998789,-0.01542599,-0.1144501,0.0150906,0.9933144,moving,5.368074501552339,9.361107061687417,0.8503918687100704,6.709722644833003,-0.07444600000000001,0.09890190000000001,0.7398020000000001,0.09231838509563037,0.1619616140644194,0.9824692194356939,5.244929441041655,9.530100763266022,5.179789378779498,5.238253115020605,5.2217327780699145
05/17/2023 16:15:25.567254,1115,True,True,True,True,Eyes,1.095129,-0.2767409,-3.447465,-0.02463934,0.174852,0.9842864,0.0,0.0,0.0,0.0,0.0,0.0,0.0,-0.6719833,0.2389158,3.562035,1.094393,-0.281034,-3.452544,-0.006334845,-0.06000856,0.001355843,0.9981769,359.2847,353.118,0.1986621,0.301951,-0.07580602,-0.9503041,0,0,0,1.016235,-0.1848351,-2.712801,0.0113458,0.08686735,0.7449223,0.9927943,0.003467031,0.1197811,-0.001946452,0.9999161,-0.01280931,-0.1198155,0.01248387,0.9927176,moving,5.468968023159769,9.381049336186267,0.8725959673686734,6.651370639315114,-0.07815799999999995,0.0961989,0.7397430000000003,0.0940433535606967,0.16227724844192826,0.9822535204791939,5.34570748273152,9.549906851856594,5.2859921929897755,5.345819101261233,5.3301255899168085
05/17/2023 16:15:25.577187,1116,True,True,True,True,Eyes,1.095013,-0.2768939,-3.447266,-0.02829766,0.1725846,0.9845881,0.0,0.0,0.0,0.0,0.0,0.0,0.0,-0.6522447,0.2471226,3.564777,1.093937,-0.2811299,-3.452303,-0.005161761,-0.06272211,0.001306092,0.998017,359.4191,352.8068,0.18648,0.301943,-0.07585377,-0.9503028,0,0,0,1.012041,-0.187924,-2.712645,0.01164464,0.0856192,0.7449981,0.9921285,0.003254517,0.125182,-0.001959491,0.9999433,-0.01046689,-0.1252089,0.01013921,0.9920786,moving,5.567953389081819,9.38535502309222,0.8954847001845371,6.555977536721506,-0.08189599999999997,0.09320589999999998,0.7396579999999999,0.09573941131823421,0.16232468966879907,0.982081762698306,5.444688369254715,9.553894244079478,5.401419360875484,5.4623566900292175,5.4481885619843995
05/17/2023 16:15:25.597315,1117,True,True,True,True,Eyes,1.094864,-0.2770396,-3.447067,-0.03209715,0.1703077,0.984868,0.0,0.0,0.0,0.0,0.0,0.0,0.0,-0.6318839,0.2557509,3.567639,1.093692,-0.2814036,-3.452156,-0.004013291,-0.06553031,0.001492357,0.9978415,359.5523,352.4845,0.2007856,0.3019344,-0.0759014,-0.9503018,0,0,0,1.008175,-0.190772,-2.712502,0.01225726,0.08476917,0.7451709,0.9914071,0.003504256,0.1307657,-0.002452287,0.9999633,-0.008204846,-0.1307897,0.007813667,0.9913794,moving,5.674296265910959,9.385568458609027,0.9423689758679309,6.48995542492982,-0.08551700000000007,0.09063159999999998,0.7396539999999998,0.09756243133317685,0.16229947829551702,0.9819064968105541,5.551057898212832,9.553712324484978,5.485571183177796,5.547586026288088,5.534132264638825
05/17/2023 16:15:25.617482,1118,True,True,True,True,Eyes,1.094708,-0.2771832,-3.446874,-0.03597538,0.1680797,0.9851168,0.0,0.0,0.0,0.0,0.0,0.0,0.0,-0.6106969,0.2613569,3.570522,1.093208,-0.2813471,-3.451901,-0.003263729,-0.06841357,0.001746625,0.9976503,359.6406,352.1535,0.2252696,0.3019245,-0.07594875,-0.9503012,0,0,0,1.004036,-0.1938206,-2.712348,0.01295281,0.08280227,0.7453373,0.9906331,0.003931609,0.1364942,-0.003038475,0.9999726,-0.006751106,-0.136517,0.006273135,0.9906179,moving,5.7857613996845965,9.342693522873477,0.9956118496102767,6.339205688256846,-0.08917200000000003,0.08752650000000001,0.7395529999999999,0.09948515530825514,0.16153377753397405,0.981839938966312,5.662858308647044,9.50990136872639,5.591366936224524,5.653889978127211,5.642384301652934
05/17/2023 16:15:25.627532,1119,True,True,True,True,Eyes,1.094526,-0.277326,-3.446681,-0.03992004,0.1658753,0.9853384,0.0,0.0,0.0,0.0,0.0,0.0,0.0,-0.5897307,0.2654171,3.573626,1.092934,-0.2814291,-3.451858,-0.002749137,-0.0712882,0.001986628,0.9974501,359.702,351.8233,0.2495322,0.301913,-0.0759958,-0.9503011,0,0,0,0.9993876,-0.1972448,-2.712176,0.01295574,0.08025029,0.7458952,0.9898281,0.004355086,0.1422019,-0.003571163,0.999977,-0.005767499,-0.1422237,0.005201006,0.9898208,moving,5.891985994021767,9.274264881032213,0.9950923206502482,6.140787370890696,-0.09354640000000003,0.08418429999999999,0.7396820000000002,0.10132540780097293,0.16033110609239531,0.9818488098538425,5.769599017249283,9.44024704138096,5.750619584739581,5.813626145089542,5.803649568423368
05/17/2023 16:15:25.647435,1120,True,True,True,True,Eyes,1.094338,-0.2774676,-3.446487,-0.0439458,0.1637408,0.9855241,0.0,0.0,0.0,0.0,0.0,0.0,0.0,-0.5686794,0.2687721,3.576381,1.092423,-0.2815329,-3.451591,-0.002382199,-0.07412797,0.00241793,0.9972431,359.7483,351.4971,0.2965501,0.3018996,-0.07604255,-0.9503016,0,0,0,0.9959654,-0.1997657,-2.712049,0.01435736,0.07841759,0.7460278,0.9889984,0.005175702,0.1478357,-0.004469351,0.9999769,-0.005109736,-0.1478587,0.00439279,0.9889988,moving,5.993015734115959,9.192307262609832,1.1025253982252563,6.0005247900305045,-0.09645759999999992,0.08176719999999998,0.7395420000000001,0.10308074577357684,0.15889767013639547,0.9818991419077007,5.8712399717757915,9.356919435959739,5.7772667897654895,5.839894783102258,5.831468400258695
05/17/2023 16:15:25.667682,1121,True,True,True,True,Eyes,1.094128,-0.2776083,-3.446299,-0.04805724,0.161569,0.9856906,0.0,0.0,0.0,0.0,0.0,0.0,0.0,-0.5469788,0.2709922,3.579324,1.092154,-0.2816401,-3.451386,-0.002188568,-0.07708202,0.002910691,0.9970182,359.7757,351.1575,0.3518824,0.3018842,-0.07608902,-0.9503028,0,0,0,0.9919286,-0.2027392,-2.7119,0.01510432,0.07588776,0.746407,0.9880998,0.006141421,0.1536916,-0.005466625,0.9999735,-0.004812809,-0.1537171,0.003915361,0.9881071,moving,6.103175615275848,9.088311198799582,1.1592813160283302,5.805356545893079,-0.10022540000000002,0.0789009,0.7394859999999999,0.1049992643679945,0.15708348659768592,0.9819877452016762,5.982170644623512,9.251252489236553,5.872202698265274,5.934634116369144,5.927432861553835
05/17/2023 16:15:25.678983,1122,True,True,True,True,Eyes,1.093913,-0.2777544,-3.44611,-0.05224212,0.159437,0.9858249,0.0,0.0,0.0,0.0,0.0,0.0,0.0,-0.5244846,0.2746092,3.582176,1.091717,-0.2817389,-3.451269,-0.001804167,-0.08011474,0.003454259,0.9967781,359.8256,350.809,0.4111221,0.3018665,-0.0761352,-0.9503047,0,0,0,0.9879357,-0.2056803,-2.711751,0.01620118,0.0736718,0.7468274,0.9871393,0.00717534,0.1597008,-0.006597179,0.9999697,-0.004150182,-0.1597257,0.003043234,0.9871567,moving,6.2191514991937815,9.008707967299788,1.2427418503984606,5.633792584715928,-0.10378130000000008,0.0760586,0.7395179999999999,0.10701073602536741,0.15568545522735852,0.9819933151183178,6.0987449133926575,9.170251836882674,5.950418274363835,6.012878414887859,6.007271409720456
05/17/2023 16:15:25.697455,1123,True,True,True,True,Eyes,1.093675,-0.2778991,-3.445927,-0.05647698,0.1572098,0.985949,0.0,0.0,0.0,0.0,0.0,0.0,0.0,-0.5028046,0.2794485,3.584639,1.091425,-0.2820025,-3.451059,-0.001250911,-0.08305902,0.003924094,0.9965362,359.8945,350.4706,0.4600221,0.3018466,-0.07618129,-0.9503073,0,0,0,0.9837128,-0.208791,-2.711595,0.01677067,0.07170347,0.7472262,0.9861716,0.008028801,0.1655328,-0.007613203,0.9999661,-0.003145019,-0.1655525,0.001841294,0.9861993,moving,6.320828086306581,8.943243204844963,1.2857248808748896,5.481292473448431,-0.10771220000000004,0.07321149999999998,0.7394639999999999,0.10877310708324346,0.1545336093127491,0.9819815557612025,6.200915274116925,9.103614279450145,6.047697053151839,6.1104310122908245,6.105760547880527
05/17/2023 16:15:25.717415,1124,True,True,True,True,Eyes,1.093434,-0.2780496,-3.445747,-0.06079227,0.1549929,0.9860433,0.0,0.0,0.0,0.0,0.0,0.0,0.0,-0.4801456,0.2853394,3.587045,1.090912,-0.2820826,-3.45097,-0.0005134994,-0.08610594,0.004365677,0.9962764,359.9845,350.1206,0.50348,0.3018241,-0.07622726,-0.9503108,0,0,0,0.9798092,-0.2116664,-2.71145,0.01804412,0.07005751,0.7476345,0.9851334,0.008787272,0.1715661,-0.00861041,0.9999614,-0.001774996,-0.1715751,0.0002713533,0.985171,moving,6.4292757656876,8.899981365502514,1.382562272134791,5.353301030090812,-0.11110280000000006,0.07041620000000001,0.7395199999999997,0.1106450814239512,0.15376013389516935,0.9818937701188859,6.309700189771376,9.059423028808993,6.105249596102222,6.168327041232822,6.165389552071712
05/17/2023 16:15:25.729969,1125,True,True,True,True,Eyes,1.093167,-0.2782013,-3.44557,-0.06514352,0.1526242,0.986135,0.0,0.0,0.0,0.0,0.0,0.0,0.0,-0.4573423,0.2928537,3.589214,1.090649,-0.2823544,-3.450818,0.0004449054,-0.0892116,0.004732043,0.9960014,0.09915379,349.7639,0.5355443,0.3017991,-0.07627328,-0.9503151,0,0,0,0.9758143,-0.214609,-2.711302,0.01905373,0.06886493,0.748034,0.9840378,0.00934686,0.1777139,-0.009505624,0.9999548,4.194648e-05,-0.1777055,-0.001730559,0.9840822,moving,6.541277524335812,8.873790834565884,1.4591078792721244,5.2598936889743095,-0.11483469999999996,0.06774540000000001,0.7395160000000001,0.11257281910108866,0.15327789911739267,0.98175012548531,6.421918389103646,9.03249640063489,6.172238440141966,6.236080570368034,6.2339409185941905
05/17/2023 16:15:25.747130,1126,True,True,True,True,Eyes,1.092898,-0.2783602,-3.445395,-0.06956391,0.1502515,0.9861974,0.0,0.0,0.0,0.0,0.0,0.0,0.0,-0.4349174,0.3012556,3.591031,1.090218,-0.2824875,-3.450658,0.001564641,-0.09224518,0.005029125,0.9957224,0.2316889,349.4154,0.5573043,0.3017713,-0.07631937,-0.9503202,0,0,0,0.9716815,-0.2176532,-2.711149,0.01997749,0.06767014,0.7484313,0.9829311,0.009726562,0.1837169,-0.01030388,0.9999445,0.002188072,-0.1836855,-0.004043722,0.9829767,moving,6.639938625167818,8.866187248272626,1.5290035760119203,5.166405355782166,-0.11853649999999993,0.06483430000000001,0.739509,0.11426605066266679,0.15311781258491378,0.9815794250740315,6.520659850837403,9.024431595491107,6.244830937458697,6.309520039487195,6.308803280519003
05/17/2023 16:15:25.776965,1127,True,True,True,True,Eyes,1.085341,-0.2823984,-3.441102,-0.1785233,0.08502438,0.9802552,0.7407954,0.9530917,-0.2194128,-2.714933,-0.9609044,0.08775989,-0.2626041,0.005818486,0.06821912,0.7477261,1.089946,-0.2827971,-3.450484,0.002779734,-0.09528161,0.005262204,0.9954326,0.374537,349.0666,0.5699211,0.3017407,-0.07636574,-0.9503262,0,0,0,0.9675056,-0.2207292,-2.710994,0.02070406,0.06676205,0.7488683,0.9817875,0.009946624,0.1897221,-0.01100605,0.9999292,0.004531292,-0.1896636,-0.006536857,0.9818274,moving,0.6645545380161435,5.245943577163165,1.5836605071654457,5.094484281215173,-0.12244040000000012,0.06206790000000004,0.73949,0.011549829975568485,0.09142501758110796,0.995744966621546,0.5695089808750772,5.382732294478927,0.928073620089512,0.9315018523089148,1.054319797512873
05/17/2023 16:15:25.796762,1128,True,True,True,True,Eyes,1.085295,-0.282415,-3.441103,-0.1785401,0.0847109,0.9802793,0.733115,0.9544048,-0.2203122,-2.722446,-0.5859306,0.2395646,-0.774141,0.01063839,0.06960942,0.7395533,1.089431,-0.2829637,-3.450279,0.004261847,-0.09829927,0.005389341,0.9951333,0.5467101,348.7199,0.5665959,0.3015547,-0.07653186,-0.9503716,0,0,0,0.9631935,-0.2239055,-2.710834,0.02149339,0.066001,0.7492554,0.9806164,0.009888351,0.1956877,-0.0115641,0.9999056,0.007422674,-0.1955958,-0.009541747,0.9806381,moving,1.0121903063217486,5.397127227183601,1.6431551960282647,5.034121621220098,-0.1262375,0.05905819999999998,0.7394449999999999,0.017586843820478773,0.09404384972316254,0.995412711968755,0.9161587451164913,5.534444851960253,0.72628448068522,0.7279352732237159,0.8825231865829819
05/17/2023 16:15:25.807353,1129,True,True,True,True,Eyes,1.085231,-0.2824427,-3.441098,-0.178776,0.08428206,0.9802732,0.7332097,0.9541507,-0.2206462,-2.722352,-0.6027733,0.2172589,-0.7677649,0.01497591,0.07249553,0.7391368,1.089174,-0.2833053,-3.45012,0.006222821,-0.1012224,0.005475383,0.9948294,0.7729293,348.3842,0.5520673,0.3013861,-0.07668185,-0.9504128,0,0,0,0.9594221,-0.2266835,-2.710695,0.02242945,0.06652647,0.7495749,0.9794481,0.009634365,0.2014661,-0.01215392,0.9998626,0.01127283,-0.2013298,-0.01348975,0.9794306,moving,1.335863931897603,5.596379747116175,1.7139440943640314,5.0718411477479135,-0.12975190000000003,0.05662179999999997,0.7394250000000002,0.02320204967066826,0.09749375671384813,0.9949655786734453,1.2384972342836555,5.7348977225237,0.646245226936962,0.6465951990835211,0.8159005687666152
05/17/2023 16:15:25.817198,1130,True,True,True,True,Eyes,1.085157,-0.2824811,-3.441087,-0.179222,0.0837355,0.9802386,0.733297,0.9537344,-0.2210781,-2.722281,-0.04732397,0.6181122,-0.784664,0.01911435,0.07465531,0.7386918,1.088718,-0.283567,-3.449933,0.007815341,-0.1039988,0.005522723,0.9945314,0.9565355,348.0649,0.5363408,0.3012329,-0.07681765,-0.9504503,0,0,0,0.9544443,-0.2303502,-2.71051,0.02215788,0.0655454,0.7502142,0.9783075,0.009359471,0.2069465,-0.01261061,0.9998168,0.01439649,-0.2067738,-0.01669392,0.9782463,moving,1.6302431669849817,5.746794030659066,1.691762218548788,4.993190910847033,-0.13427370000000005,0.05321680000000001,0.7394229999999999,0.028306402346632994,0.1000922581695728,0.9945753664830612,1.5318818421114484,5.886030889492874,0.755943422094473,0.7561099496076876,0.9070418745780437
05/17/2023 16:15:25.827360,1131,True,True,True,True,Eyes,1.085048,-0.2825279,-3.441067,-0.1797003,0.0829263,0.98022,0.7363282,0.9527292,-0.2214669,-2.719304,0.1523063,0.7884402,-0.5959569,0.02308126,0.07705467,0.7412063,1.08847,-0.2838328,-3.449743,0.009497313,-0.10677,0.005568278,0.9942228,1.150229,347.7462,0.5183038,0.3010931,-0.07694101,-0.9504845,0,0,0,0.950444,-0.2332969,-2.710362,0.02264068,0.06541578,0.7506652,0.9771383,0.009044162,0.2124121,-0.01310027,0.9997576,0.01769584,-0.2122006,-0.02007394,0.9770199,moving,1.922381200820287,5.892555762517167,1.7275641332757987,4.980387399791039,-0.1380260000000001,0.050535899999999995,0.7393809999999998,0.03336853887329978,0.10260613725294042,0.9941623301369209,1.8230578327184273,6.032463581727345,0.9315396381372114,0.9327404846821541,1.056401126102635
05/17/2023 16:15:25.857203,1132,True,True,True,True,Eyes,1.084918,-0.2825854,-3.441044,-0.1802137,0.08192005,0.9802102,0.7406415,0.951444,-0.221912,-2.71506,0.2690585,0.9081438,-0.3207528,0.02701744,0.07980186,0.7447647,1.088037,-0.2840127,-3.449402,0.0114753,-0.109398,0.005661125,0.9939157,1.378073,347.4438,0.501066,0.3009647,-0.07705343,-0.950516,0,0,0,0.9474086,-0.2355328,-2.710249,0.02400656,0.06634489,0.7506638,0.9760001,0.008742612,0.2175947,-0.01376411,0.9996725,0.02157233,-0.2173349,-0.02404959,0.9758008,moving,2.1966931530540106,6.06149778936686,1.8317200517462209,5.050770601446189,-0.14062839999999988,0.04847990000000002,0.739153,0.03811614778555618,0.10551912219303461,0.9936864608986745,2.096237717949261,6.202423825115984,1.07227808330457,1.0746044914666297,1.181640699757136
05/17/2023 16:15:25.867306,1133,True,True,True,True,Eyes,1.084772,-0.2826527,-3.441012,-0.1809078,0.08082023,0.9801737,0.0,0.0,0.0,0.0,0.0,0.0,0.0,-0.2912581,0.3857255,3.595493,1.087842,-0.284289,-3.449197,0.01320693,-0.1118204,0.00562038,0.9936247,1.575971,347.1646,0.4708963,0.300846,-0.07715631,-0.9505452,0,0,0,0.9432538,-0.2385932,-2.710095,0.02376118,0.06618802,0.7512128,0.9749292,0.008215491,0.2223635,-0.01412271,0.999588,0.02498852,-0.2220666,-0.02750242,0.9746435,moving,2.435479398904047,6.196077027471375,1.8116858205199229,5.035226224306464,-0.14458819999999994,0.04569580000000001,0.7391019999999999,0.0422465428989795,0.10783492913389614,0.9932707996923876,2.3341275291842574,6.337738326240503,1.313730693926492,1.3178364904804731,1.403382739895549
05/17/2023 16:15:25.887273,1134,True,True,True,True,Eyes,1.084623,-0.2827246,-3.44097,-0.1817726,0.07962093,0.9801119,0.0,0.0,0.0,0.0,0.0,0.0,0.0,-0.273057,0.3982836,3.595121,1.087349,-0.2845446,-3.448883,0.01493176,-0.1142728,0.005733502,0.9933207,1.774988,346.882,0.4573198,0.3007357,-0.07725091,-0.9505724,0,0,0,0.9386216,-0.2420053,-2.709924,0.02339037,0.0656714,0.7517513,0.9738177,0.007977824,0.2271903,-0.014803,0.9994884,0.02835369,-0.2268478,-0.03097443,0.9734375,moving,2.6696124604898035,6.325626880290173,1.78215488956534,4.992563502849856,-0.14872739999999995,0.042539299999999974,0.7389589999999999,0.04629371306045969,0.11006075241423748,0.9928462267821351,2.567398788400626,6.467979983938187,1.5953768383651283,1.6014490027670987,1.6713652423468408
05/17/2023 16:15:25.914024,1135,True,True,True,True,Eyes,1.084456,-0.2828012,-3.440922,-0.1826997,0.07830589,0.9800454,0.0,0.0,0.0,0.0,0.0,0.0,0.0,-0.2548453,0.4112911,3.594681,1.087153,-0.2846846,-3.448606,0.01671407,-0.1167545,0.005960169,0.9930023,1.982026,346.5961,0.4548638,0.300633,-0.07733821,-0.9505978,0,0,0,0.935132,-0.2445757,-2.709794,0.02391188,0.0659725,0.7520896,0.9726658,0.007934039,0.2320742,-0.01573981,0.9993703,0.03180248,-0.2316757,-0.03458599,0.972178,moving,2.9049587113266977,6.456149369998128,1.8210442533287807,5.013093197032027,-0.15202100000000007,0.0401089,0.7388119999999998,0.050358793734558066,0.11230009293920758,0.9923974304024509,2.801876622316517,6.599201510528729,1.7969614439890413,1.8047940798308513,1.8648784727690566
05/17/2023 16:15:25.927377,1136,True,True,True,True,Eyes,1.084266,-0.2828772,-3.440866,-0.1836885,0.07689621,0.9799722,0.0,0.0,0.0,0.0,0.0,0.0,0.0,-0.2367598,0.4204261,3.594467,1.086834,-0.2848233,-3.448286,0.01798039,-0.1192156,0.00602887,0.9926872,2.128184,346.312,0.4404818,0.3005367,-0.07741909,-0.9506217,0,0,0,0.9307215,-0.2478245,-2.70963,0.02361104,0.06481662,0.7527238,0.9715026,0.007682479,0.2369045,-0.01625665,0.9992807,0.03426033,-0.2364708,-0.03713528,0.9709287,moving,3.132728340571213,6.521080836349708,1.7966344600235733,4.921566873643431,-0.1561125000000001,0.0369988,0.7386559999999998,0.0542966587356838,0.11340124011772146,0.9920645324309086,3.029243563417188,6.664066519519628,2.0742752834715716,2.084128540788497,2.1343922361289374
05/17/2023 16:15:25.937104,1137,True,True,True,True,Eyes,1.084078,-0.2829626,-3.4408,-0.1847648,0.07543974,0.9798831,0.0,0.0,0.0,0.0,0.0,0.0,0.0,-0.2227058,0.4297101,3.593857,1.086501,-0.2848415,-3.447961,0.0194176,-0.1211919,0.005374205,0.9924247,2.283476,346.0822,0.3417835,0.3004456,-0.07749421,-0.9506444,0,0,0,0.9269708,-0.2505873,-2.709491,0.02316082,0.06417841,0.7531965,0.9705673,0.005960477,0.2407564,-0.0153735,0.9991882,0.03723839,-0.240339,-0.03984363,0.9698709,moving,3.291448933366959,6.597584437710444,1.7612923227265043,4.870297966205934,-0.15953019999999996,0.03425420000000001,0.73847,0.0570360480037905,0.11470823885595323,0.9917605479764723,3.187460652382569,6.740902104341191,2.2961086988977484,2.3075740091553265,2.3522576274980422
05/17/2023 16:15:25.947304,1138,True,True,True,True,Eyes,1.083893,-0.28306,-3.440727,-0.1859344,0.07393585,0.9797765,0.0,0.0,0.0,0.0,0.0,0.0,0.0,-0.2112738,0.4388098,3.593106,1.086416,-0.2851331,-3.447608,0.02075185,-0.1228231,0.00490876,0.9921996,2.429253,345.8923,0.2662832,0.3003594,-0.07756442,-0.950666,0,0,0,0.9217655,-0.2544215,-2.709299,0.02056611,0.06264006,0.7541928,0.9697807,0.004643326,0.2439337,-0.01483855,0.9990906,0.03997414,-0.2435262,-0.04238578,0.9689677,moving,3.4069796024093355,6.661051083092459,1.5620135330443528,4.747847516463526,-0.16465050000000003,0.03071159999999995,0.7383089999999997,0.05902822642301529,0.11579331188106698,0.9915178658903732,3.3025693428156924,6.804704565318393,2.644342873469753,2.657865249494365,2.6944749852898457
05/17/2023 16:15:25.967176,1139,True,True,True,True,Eyes,1.083674,-0.2831613,-3.440661,-0.187166,0.07220687,0.9796709,0.0,0.0,0.0,0.0,0.0,0.0,0.0,-0.1988856,0.4484102,3.592363,1.086308,-0.2854982,-3.447335,0.02209445,-0.1245538,0.004717743,0.9919557,2.579678,345.6913,0.2211394,0.3002777,-0.07763055,-0.9506864,0,0,0,0.918012,-0.2571863,-2.709159,0.01960252,0.06227366,0.7548288,0.9689282,0.00385569,0.2473121,-0.01486348,0.9989792,0.0426582,-0.2468952,-0.04500865,0.9679964,moving,3.5335884139040017,6.714688961552889,1.4876078897264886,4.716242645813677,-0.168296,0.0283119,0.7381759999999997,0.06121249058369062,0.11670609066999332,0.9912783339380903,3.428829200623969,6.858517847352186,2.844972170378955,2.8600391574601427,2.8909657931233625
05/17/2023 16:15:25.977002,1140,True,True,True,True,Eyes,1.08346,-0.2832678,-3.440587,-0.1884609,0.07046318,0.9795496,0.0,0.0,0.0,0.0,0.0,0.0,0.0,-0.1874066,0.4586205,3.591519,1.085996,-0.2856306,-3.447244,0.02353718,-0.1261179,0.004622126,0.9917252,2.742691,345.5096,0.185326,0.300199,-0.07769313,-0.9507062,0,0,0,0.9146701,-0.259648,-2.709036,0.01903777,0.06214307,0.7554833,0.9681459,0.003230839,0.2503662,-0.01510468,0.9988493,0.04551897,-0.249931,-0.0478507,0.9670806,moving,3.638325431019029,6.779659438788622,1.4435171142302525,4.702337983474755,-0.17132589999999992,0.025982600000000022,0.7382079999999998,0.063016126419081,0.1178168215660477,0.991033881253255,3.533130655518019,6.923882731192463,3.0056458668439183,3.021994039728157,3.0498763611079935
05/17/2023 16:15:25.997300,1141,True,True,True,True,Eyes,1.083239,-0.2833788,-3.440512,-0.1899431,0.06853443,0.9794002,0.0,0.0,0.0,0.0,0.0,0.0,0.0,-0.1771765,0.4662033,3.590782,1.085931,-0.2858424,-3.446956,0.02459538,-0.1275454,0.004540525,0.9915174,2.862068,345.3438,0.1566111,0.3001234,-0.07775266,-0.9507252,0,0,0,0.9108692,-0.2624477,-2.708895,0.01754564,0.06118289,0.7562253,0.9674231,0.002729965,0.2531503,-0.01527807,0.9987489,0.04761524,-0.2527035,-0.04993173,0.9662545,moving,3.716514134791776,6.789973307021844,1.3291155314744403,4.625476762697581,-0.17506179999999993,0.02339469999999999,0.7380610000000001,0.0643671911465614,0.11798502863734969,0.9909270905643971,3.611266525149413,6.934028843330779,3.2050104379335402,3.222532758795982,3.2461709546675963
05/17/2023 16:15:26.017080,1142,True,True,True,True,Eyes,1.083024,-0.2834935,-3.440431,-0.1914542,0.06661221,0.9792385,0.0,0.0,0.0,0.0,0.0,0.0,0.0,-0.1675979,0.4753207,3.589845,1.085728,-0.2860104,-3.446796,0.02583847,-0.1288406,0.004668049,0.9913176,3.005461,345.1936,0.1489997,0.3000503,-0.07780959,-0.9507436,0,0,0,0.9067196,-0.2655044,-2.708741,0.01570517,0.06024781,0.7571743,0.9667566,0.002596956,0.255685,-0.01591313,0.9986212,0.0500254,-0.2552026,-0.05243113,0.9654649,moving,3.77996917484614,6.823349561649567,1.188248131121234,4.549398629073987,-0.17900840000000007,0.020506000000000024,0.7380550000000001,0.06546013119029993,0.1185537922569981,0.9907875184251197,3.674500367401584,6.9675715990591405,3.4291332025531807,3.4478791759932466,3.4682864205794566
05/17/2023 16:15:26.037283,1143,True,True,True,True,Eyes,1.082795,-0.2836067,-3.440349,-0.1931048,0.06458372,0.9790503,0.0,0.0,0.0,0.0,0.0,0.0,0.0,-0.1595116,0.4817751,3.589118,1.085672,-0.2861968,-3.446553,0.02671692,-0.1299575,0.004718696,0.9911484,3.106226,345.0639,0.1382704,0.2999796,-0.07786429,-0.9507615,0,0,0,0.9026226,-0.2685222,-2.708589,0.01348056,0.05881006,0.7581359,0.9661776,0.002409726,0.2578665,-0.01629799,0.9985279,0.05173441,-0.2573623,-0.05418733,0.9647945,moving,3.813744961868943,6.808153771752881,1.0186799064192682,4.435661000460978,-0.18304939999999992,0.017674599999999985,0.7379640000000003,0.06604631091277104,0.11828644016867998,0.9907806081515743,3.708393465566347,6.952065504938156,3.646622172378496,3.666212025241888,3.6833206024472913
05/17/2023 16:15:26.047207,1144,True,True,True,True,Eyes,1.082573,-0.2837206,-3.44026,-0.1947705,0.06258894,0.9788499,0.0,0.0,0.0,0.0,0.0,0.0,0.0,-0.150645,0.4879019,3.588399,1.085417,-0.2862329,-3.446345,0.02755959,-0.1311474,0.004832165,0.990968,3.203861,344.926,0.1347587,0.2999108,-0.07791694,-0.950779,0,0,0,0.8985559,-0.2715178,-2.708438,0.01160757,0.05720259,0.7590999,0.965554,0.002348305,0.2601921,-0.01680578,0.9984342,0.05335389,-0.2596594,-0.05588878,0.9640816,moving,3.8557203045749224,6.791322715804816,0.8760545787920018,4.309425331662441,-0.1868611000000001,0.014715100000000036,0.7379069999999999,0.06677452249083181,0.11798965681853192,0.9907672046654301,3.750499953024351,6.934873670200185,3.857602817426779,3.877914705459395,3.8929956573025293
05/17/2023 16:15:26.067409,1145,True,True,True,True,Eyes,1.082338,-0.2838337,-3.440171,-0.1965849,0.0605294,0.9786166,0.0,0.0,0.0,0.0,0.0,0.0,0.0,-0.1431448,0.4922388,3.587857,1.085362,-0.2863508,-3.446084,0.02813945,-0.1321761,0.004937308,0.9908144,3.271483,344.8069,0.1345888,0.299844,-0.07796779,-0.9507959,0,0,0,0.8944145,-0.2745683,-2.708285,0.00921312,0.05523014,0.7601401,0.9650102,0.002345188,0.2622018,-0.01722264,0.9983675,0.05445676,-0.2616461,-0.05706713,0.9634753,moving,3.870123164626772,6.740490843881234,0.694407578273315,4.1556851703298605,-0.19094749999999994,0.011782500000000029,0.7377989999999999,0.0670306102046328,0.11710859277098334,0.9908543564836987,3.765269116055235,6.883372685705614,4.0739482782472525,4.094678235885166,4.107367741725239
05/17/2023 16:15:26.087665,1146,True,True,True,True,Eyes,1.082109,-0.2839532,-3.440078,-0.1984039,0.05849487,0.9783732,0.0,0.0,0.0,0.0,0.0,0.0,0.0,-0.1356699,0.4962331,3.58734,1.08515,-0.2864128,-3.445879,0.02870928,-0.133197,0.004867428,0.9906619,3.335296,344.688,0.1145547,0.2997785,-0.07801699,-0.9508125,0,0,0,0.8903179,-0.2775859,-2.708133,0.007010356,0.05318918,0.7612023,0.9644697,0.001995967,0.2641859,-0.01729193,0.9983042,0.05558572,-0.2636269,-0.05817902,0.9628686,moving,3.881498499301967,6.68862657982062,0.5276553373077287,3.9970585091694684,-0.19483210000000006,0.008826900000000026,0.737746,0.06723447481929883,0.11621002344311321,0.9909463313807114,3.777017313696986,6.830838143155902,4.279338410524621,4.300325875349945,4.311456861386947
05/17/2023 16:15:26.097087,1147,True,True,True,True,Eyes,1.081882,-0.2840724,-3.439983,-0.2002916,0.0563617,0.9781138,0.0,0.0,0.0,0.0,0.0,0.0,0.0,-0.1285773,0.501542,3.586663,1.0851,-0.2866753,-3.445663,0.02942851,-0.1341842,0.004841651,0.9905075,3.41672,344.5731,0.09721473,0.2997145,-0.07806489,-0.9508288,0,0,0,0.8863143,-0.280535,-2.707984,0.004692942,0.05165295,0.7622557,0.9639423,0.001693701,0.2661058,-0.01748906,0.998221,0.05699898,-0.2655359,-0.05959767,0.9622571,moving,3.885417554554345,6.648523299003359,0.3527456375384545,3.876623825040527,-0.19878569999999995,0.006140300000000043,0.737679,0.06730774616382777,0.11551583132342205,0.9910225688791826,3.781223387731885,6.7902348283049045,4.46908319264004,4.490344927400138,4.49928758381976
05/17/2023 16:15:26.117052,1148,True,True,True,True,Eyes,1.08166,-0.2841982,-3.439883,-0.2021792,0.05425907,0.9778444,0.0,0.0,0.0,0.0,0.0,0.0,0.0,-0.1216719,0.5093618,3.585598,1.084864,-0.2867497,-3.445521,0.03047135,-0.1350849,0.0051525,0.9903521,3.540081,344.469,0.113269,0.2996518,-0.07811163,-0.9508448,0,0,0,0.8822155,-0.2835542,-2.707833,0.00237374,0.05042197,0.7633563,0.9634511,0.001973143,0.2678771,-0.01843801,0.99809,0.05896266,-0.2672491,-0.06174676,0.9616472,moving,3.8826377208061476,6.649870737473072,0.17816692583590152,3.7790682049803164,-0.2026485,0.0031955000000000178,0.7376879999999999,0.06725948373691246,0.11553952440738877,0.9910231714487926,3.778433208785375,6.791608977005485,4.664991338518332,4.686641766910962,4.694392315439434
05/17/2023 16:15:26.127428,1149,True,True,True,True,Eyes,1.08146,-0.2843309,-3.439776,-0.2041937,0.05199832,0.9775485,0.0,0.0,0.0,0.0,0.0,0.0,0.0,-0.1146269,0.5144912,3.584878,1.084786,-0.2870195,-3.445294,0.03114427,-0.1360486,0.005246358,0.9901987,3.618085,344.3571,0.1099753,0.2995906,-0.07815749,-0.9508603,0,0,0,0.8783116,-0.2864298,-2.707688,0.0001558959,0.04892463,0.7643964,0.9629265,0.001915604,0.2697571,-0.01886414,0.998005,0.06025051,-0.2691035,-0.06310555,0.9610416,moving,3.877444403016143,6.598080388462905,0.011685268258133433,3.662178963725369,-0.20647440000000006,0.0005896999999999708,0.737606,0.0671766642585454,0.11464431000510845,0.9911326552068142,3.773607837217888,6.73921124450485,4.832541687439903,4.854236383175101,4.860060603717585
05/17/2023 16:15:26.147616,1150,True,True,True,True,Eyes,1.081264,-0.2844705,-3.439669,-0.2062162,0.0497356,0.9772416,0.0,0.0,0.0,0.0,0.0,0.0,0.0,-0.1075817,0.5270947,3.583071,1.084576,-0.2872771,-3.445136,0.0328781,-0.1370049,0.005324575,0.9900104,3.816331,344.245,0.08807828,0.2995311,-0.07820277,-0.9508753,0,0,0,0.8742344,-0.2894331,-2.707537,-0.002088413,0.04890242,0.7654448,0.9624026,0.001533847,0.2716226,-0.01955169,0.9977814,0.06364034,-0.2709224,-0.0665583,0.9602974,moving,3.870909755042022,6.667677008906447,-0.15632342642209324,3.6555209195218707,-0.21034160000000002,-0.0021559999999999913,0.7375990000000003,0.06705418546056638,0.11584909697448714,0.991000816731639,3.766575157558901,6.8096746436180435,5.006644352527003,5.029084549369017,5.033668544454416
05/17/2023 16:15:26.167208,1151,True,True,True,True,Eyes,1.081079,-0.2846079,-3.439555,-0.2084372,0.04735172,0.9768888,0.0,0.0,0.0,0.0,0.0,0.0,0.0,-0.09925663,0.5356404,3.581931,1.084487,-0.2875586,-3.445024,0.03400848,-0.1381282,0.005557727,0.9898148,3.948486,344.1146,0.09230357,0.2994735,-0.0782477,-0.9508899,0,0,0,0.8702049,-0.2924012,-2.707387,-0.004120141,0.04806804,0.7666293,0.9617794,0.001607176,0.2738207,-0.0203973,0.9976251,0.06578882,-0.2730647,-0.06885954,0.959528,moving,3.8733905559149413,6.6624979228910055,-0.30792511779691906,3.5877773045623784,-0.21428210000000003,-0.004842599999999975,0.7376369999999999,0.06709780487857007,0.11575918248532062,0.9910084134592633,3.7690935482646086,6.804423592046286,5.167369918607272,5.190116342048957,5.19315843607704
05/17/2023 16:15:26.182938,1152,True,True,True,True,Eyes,1.080895,-0.2847581,-3.439439,-0.2106858,0.04493798,0.9765204,0.0,0.0,0.0,0.0,0.0,0.0,0.0,-0.09020877,0.5444297,3.58056,1.08411,-0.2876078,-3.444842,0.03523995,-0.1393382,0.005600309,0.9896019,4.089102,343.9732,0.07258441,0.2994177,-0.07829228,-0.9509038,0,0,0,0.8658086,-0.2956395,-2.707224,-0.006110623,0.04684769,0.767833,0.961107,0.001263612,0.2761733,-0.02090469,0.9974535,0.06818637,-0.2753839,-0.07130773,0.958686,moving,3.8824499482073893,6.665693302836747,-0.4559657074094711,3.491451475146316,-0.21830139999999987,-0.008031699999999975,0.7376179999999999,0.06725407332590334,0.11581323184854203,0.9909915261666723,3.7781325541530735,6.807623745055433,5.35260522403535,5.3756545258750545,5.378158291858017
05/17/2023 16:15:26.196868,1153,True,True,True,True,Eyes,1.080748,-0.2849067,-3.439314,-0.2132695,0.04238988,0.9760734,0.0,0.0,0.0,0.0,0.0,0.0,0.0,-0.07932287,0.5560281,3.578867,1.083977,-0.2880352,-3.444674,0.03678384,-0.1408148,0.005829998,0.9893354,4.268185,343.8012,0.06758006,0.2993637,-0.07833689,-0.9509171,0,0,0,0.8620943,-0.2983755,-2.707087,-0.007253006,0.04701939,0.768837,0.9602744,0.001176222,0.2790551,-0.02189507,0.9972259,0.0711412,-0.2781973,-0.074425,0.9576362,moving,3.9044869139948797,6.698683802549869,-0.5404972775799985,3.4996513911108114,-0.2218827,-0.010340300000000024,0.737587,0.06763070480028693,0.11638085127716702,0.9908994141528407,3.7999400998161716,6.840931064796449,5.452842902449489,5.476467185402298,5.47754931377916
05/17/2023 16:15:26.217154,1154,True,True,True,True,Eyes,1.080599,-0.285059,-3.439191,-0.215883,0.03979962,0.9756078,0.0,0.0,0.0,0.0,0.0,0.0,0.0,-0.06750429,0.5661333,3.577343,1.083647,-0.2881116,-3.444582,0.03816357,-0.1423868,0.006078604,0.9890564,4.428954,343.6183,0.06644299,0.2993123,-0.07838146,-0.9509296,0,0,0,0.8580119,-0.3013826,-2.706935,-0.00837858,0.04634334,0.7700599,0.9593781,0.001156186,0.2821212,-0.02289214,0.9970132,0.07376081,-0.2811933,-0.07722286,0.9565391,moving,3.935890357781291,6.710702788798081,-0.6233779086663988,3.4439906578962525,-0.22563509999999998,-0.013270999999999977,0.7376469999999999,0.06817216132547425,0.11658440403620614,0.9908383783532614,3.8312661549505482,6.852978003823547,5.584745581520543,5.608773062945058,5.609371485131835
05/17/2023 16:15:26.237332,1155,True,True,True,True,Eyes,1.0805,-0.2852103,-3.439053,-0.2188738,0.03708265,0.9750482,0.0,0.0,0.0,0.0,0.0,0.0,0.0,-0.05499715,0.5792902,3.575313,1.083504,-0.2881783,-3.444479,0.03998049,-0.144086,0.006305097,0.9887372,4.638997,343.4198,0.05443244,0.2992631,-0.07842613,-0.9509414,0,0,0,0.853991,-0.3043444,-2.706786,-0.00942044,0.04637469,0.7712911,0.9583989,0.0009469133,0.2854304,-0.02398942,0.9967236,0.07724342,-0.2844221,-0.08087733,0.9552816,moving,3.9596390648209727,6.765451278810568,-0.6997677217052215,3.440826738831192,-0.22951300000000008,-0.016166100000000017,0.7376929999999997,0.06857516509322055,0.117527872049913,0.9906989964689373,3.854630736978802,6.9083002447814685,5.699237948684673,5.723914738547337,5.724152149876042
05/17/2023 16:15:26.247427,1156,True,True,True,True,Eyes,1.080398,-0.2853634,-3.438911,-0.2218792,0.03438076,0.9744679,0.0,0.0,0.0,0.0,0.0,0.0,0.0,-0.04137242,0.588369,3.573773,1.083138,-0.28825,-3.444338,0.04119893,-0.145887,0.00667415,0.9884206,4.783512,343.2108,0.0674403,0.2992174,-0.07847083,-0.9509522,0,0,0,0.849899,-0.3073586,-2.706635,-0.01015602,0.04548376,0.7725286,0.9573449,0.001172956,0.2889454,-0.02521451,0.9965162,0.07949638,-0.2878456,-0.08339107,0.9540393,moving,3.9952927150927193,6.753848004293294,-0.7531935557149846,3.3694836927719773,-0.23323899999999997,-0.019108599999999976,0.7377030000000002,0.06919334048173792,0.11732223273970915,0.9906805133438205,3.8903765773237944,6.896423119124084,5.8062507821409115,5.83112713436677,5.8311272750306795
05/17/2023 16:15:26.267250,1157,True,True,True,True,Eyes,1.080338,-0.2855167,-3.438756,-0.2252628,0.03161296,0.973785,0.0,0.0,0.0,0.0,0.0,0.0,0.0,-0.02766609,0.5966601,3.572338,1.083012,-0.2885905,-3.44415,0.04226613,-0.1477284,0.007061949,0.9880993,4.911261,342.9973,0.08441997,0.2991747,-0.07851563,-0.9509619,0,0,0,0.8454531,-0.3106335,-2.70647,-0.01139942,0.04439644,0.7739456,0.9562529,0.001467997,0.2925377,-0.02644363,0.9963275,0.08143975,-0.2913437,-0.08561275,0.9527798,moving,4.013158299424985,6.721389792361778,-0.8438466862096692,3.2831041354267962,-0.23755890000000013,-0.02204299999999998,0.7376800000000001,0.06950688861140929,0.11675842967556264,0.9907250860173367,3.9084783576438524,6.863505212858284,5.92593597566229,5.950823950442889,5.950114721390667
05/17/2023 16:15:26.296957,1158,True,True,True,True,Eyes,1.080343,-0.2856736,-3.438573,-0.2289206,0.02879629,0.9730191,0.0,0.0,0.0,0.0,0.0,0.0,0.0,-0.01318097,0.6042312,3.570928,1.082567,-0.2887233,-3.444051,0.04327741,-0.149642,0.007353611,0.9877654,5.031111,342.7749,0.09059259,0.2991358,-0.07856053,-0.9509705,0,0,0,0.8419052,-0.3132469,-2.706338,-0.01134196,0.04363208,0.775053,0.9551064,0.001575046,0.2962589,-0.02747952,0.996146,0.08329501,-0.2949859,-0.08769665,0.9514686,moving,4.022085755666206,6.678968654299491,-0.8383943519452959,3.2220998038073305,-0.24066180000000004,-0.02452359999999998,0.7377129999999998,0.06966729991082413,0.11602358075762462,0.9908001980309896,3.917710688448445,6.820537246214837,5.939822206785807,5.964411884334457,5.963999260746016
05/17/2023 16:15:26.317286,1159,True,True,True,True,Eyes,1.08034,-0.2858388,-3.438388,-0.2325704,0.02598888,0.9722322,0.0,0.0,0.0,0.0,0.0,0.0,0.0,0.002156615,0.6116863,3.569367,1.082238,-0.2889427,-3.443809,0.04428303,-0.1517102,0.007512144,0.9874041,5.148064,342.5338,0.08046263,0.2991023,-0.07860562,-0.9509773,0,0,0,0.8378406,-0.3162409,-2.706187,-0.01167746,0.04254538,0.7762818,0.9538552,0.001398672,0.3002638,-0.02827141,0.9959651,0.08517115,-0.2989331,-0.08972981,0.9500461,moving,4.048135727058238,6.635331154219983,-0.8618245503826308,3.1370494205930193,-0.2443974,-0.027298199999999995,0.737622,0.07012399446625943,0.11526522835171688,0.9908564053836343,3.9440787447894126,6.776274122982861,6.004305456844243,6.0287382605214574,6.028321733038967
05/17/2023 16:15:26.337258,1160,True,True,True,True,Eyes,1.080343,-0.2860058,-3.438199,-0.2363137,0.02309839,0.9714023,0.0,0.0,0.0,0.0,0.0,0.0,0.0,0.01560771,0.6211093,3.567437,1.082077,-0.2892922,-3.443551,0.04554972,-0.1535452,0.007665746,0.9870615,5.29449,342.3192,0.06589895,0.2990734,-0.07865113,-0.9509826,0,0,0,0.831733,-0.3207397,-2.705961,-0.01445529,0.0405652,0.7783608,0.9527302,0.001145246,0.3038154,-0.029121,0.9957329,0.08756667,-0.3024187,-0.09227483,0.9486982,moving,4.041406929156512,6.616701419457613,-1.0639434952962126,2.983338720534783,-0.250344,-0.03144750000000002,0.73759,0.07001026102129172,0.11494398092030825,0.9909018990169987,3.9374810146699306,6.757444092466417,6.24184539457713,6.266253063704291,6.265629935396224
05/17/2023 16:15:26.367482,1161,True,True,True,True,Eyes,1.080342,-0.2861655,-3.438007,-0.2400581,0.02019971,0.9705483,0.0,0.0,0.0,0.0,0.0,0.0,0.0,0.0298146,0.632841,3.565016,1.081653,-0.2895041,-3.443389,0.04715144,-0.1554398,0.007900331,0.9866879,5.480303,342.0973,0.05363929,0.2990489,-0.07869707,-0.9509866,0,0,0,0.8285279,-0.3231007,-2.705842,-0.01410788,0.04102921,0.779291,0.9515521,0.0009318999,0.3074861,-0.03024874,0.9954287,0.09059145,-0.3059961,-0.09550356,0.9472305,moving,4.042200844294894,6.636841812063944,-1.0371397768281974,3.013806224744535,-0.2531251,-0.03359660000000003,0.7375469999999997,0.07002113947476145,0.1152921916321207,0.9908605718605933,3.938131517005077,6.7778252727873225,6.214552367011767,6.2390774969040095,6.2386828610909815
05/17/2023 16:15:26.377224,1162,True,True,True,True,Eyes,1.080334,-0.2863263,-3.437818,-0.2437895,0.01735212,0.969673,0.0,0.0,0.0,0.0,0.0,0.0,0.0,0.04420006,0.6414875,3.563087,1.081274,-0.2894228,-3.443273,0.04832598,-0.1573301,0.008352329,0.9863275,5.621633,341.8777,0.07311736,0.2990282,-0.07874321,-0.9509893,0,0,0,0.8209264,-0.3286999,-2.70556,-0.01792237,0.03754801,0.7821841,0.9503549,0.001269998,0.3111653,-0.03168253,0.9951897,0.09270234,-0.3095508,-0.09795864,0.9458237,moving,4.0444908407839275,6.613228754164605,-1.3126021195038131,2.748320085819604,-0.2603476000000001,-0.03927710000000001,0.7377129999999998,0.07006408970582342,0.1148834882825603,0.990905116931722,3.9405905072607545,6.75391785751708,6.581344503817637,6.605752341695289,6.606121879175512
05/17/2023 16:15:26.387548,1163,True,True,True,True,Eyes,1.080309,-0.2864822,-3.437631,-0.2475084,0.01454227,0.9687766,0.0,0.0,0.0,0.0,0.0,0.0,0.0,0.05745053,0.6461728,3.561866,1.081116,-0.2895938,-3.443116,0.04892435,-0.1591046,0.008671246,0.9860108,5.695358,341.6717,0.08819564,0.2990107,-0.07878955,-0.950991,0,0,0,0.8150854,-0.3330024,-2.705344,-0.02048106,0.03464082,0.7844393,0.9492211,0.001531703,0.3146061,-0.03266806,0.9950624,0.09372059,-0.3129092,-0.09923913,0.9445843,moving,4.032267981209139,6.5244986463508035,-1.495605533724822,2.5285374172738044,-0.2660306,-0.043408599999999964,0.7377719999999997,0.06986507695319213,0.11335038032921389,0.9910956304496656,3.9289971526131655,6.66415959017817,6.79720666410931,6.820930416108561,6.821267115547048
05/17/2023 16:15:26.407047,1164,True,True,True,True,Eyes,1.079802,-0.2905666,-3.432712,-0.3433922,-0.05775359,0.9374148,0.7618142,0.8182009,-0.3345641,-2.718576,0.448228,0.07309758,-0.8909255,-0.01855072,0.03319913,0.7708866,1.080736,-0.2896149,-3.442984,0.04982791,-0.1609009,0.008968952,0.9856713,5.803328,341.4624,0.09480444,0.2989957,-0.07883595,-0.9509919,0,0,0,0.8114765,-0.3356607,-2.70521,-0.02067614,0.0336092,0.7857319,0.9480609,0.001646167,0.3180845,-0.03371558,0.9948735,0.09534165,-0.3162969,-0.1011141,0.9432561,moving,-1.57587197424438,2.4937970954786315,-1.5073617767465446,2.449298762614585,-0.2692594999999999,-0.04604579999999997,0.7377739999999999,-0.027474664343666355,0.04349480764063876,0.9986758893481283,-1.6518852731848088,2.605660411125875,0.08158762012670895,0.08169301554522213,0.2129225355567352
05/17/2023 16:15:26.427179,1165,True,True,True,True,Eyes,1.079808,-0.2905667,-3.432699,-0.3435776,-0.0578414,0.9373413,0.7630944,0.8176255,-0.3347051,-2.717419,0.5490649,0.1661854,-0.8190911,-0.01309493,0.03577921,0.7717718,1.080431,-0.2899233,-3.442685,0.05121575,-0.1643633,0.009722816,0.9850215,5.974933,341.0605,0.1335596,0.2990055,-0.07900073,-0.950975,0,0,0,0.8093898,-0.3371978,-2.705133,-0.01689951,0.03479682,0.7862474,0.9457804,0.002318387,0.3247986,-0.03599034,0.9945648,0.09770106,-0.3228068,-0.1040934,0.9407233,moving,-1.183709382554554,2.661060797358356,-1.2313192141206537,2.534076146954927,-0.27104119999999987,-0.0472745,0.737552,-0.020635888478113984,0.046417688490646855,0.9987088994112923,-1.2608115572052252,2.7734810161110444,0.13561542777535288,0.13561636147542633,0.24121461331411018
05/17/2023 16:15:26.437255,1166,True,True,True,True,Eyes,1.079807,-0.290574,-3.432679,-0.3438731,-0.05797514,0.9372247,0.7671608,0.8160013,-0.3350502,-2.713677,0.7317281,0.3575224,-0.5803032,-0.01050454,0.03597285,0.7756285,1.080032,-0.2899468,-3.442551,0.05123453,-0.1660018,0.01004151,0.9847425,5.98335,340.8711,0.1593807,0.2990145,-0.07914906,-0.9509597,0,0,0,0.805024,-0.3404137,-2.704971,-0.01803429,0.03189183,0.7879454,0.9446851,0.002766561,0.327967,-0.03678665,0.9945484,0.09757181,-0.3259091,-0.1042394,0.9396369,moving,-1.0114683161571056,2.662047536004425,-1.3111420299322276,2.317762665398188,-0.27500800000000014,-0.05046689999999998,0.7375799999999999,-0.017633491510920085,0.046437558142592344,0.9987655266490766,-1.0885318943140145,2.7738351658588196,0.4563977898435145,0.4564388314507509,0.507501131187283
05/17/2023 16:15:26.447426,1167,True,True,True,True,Eyes,1.079792,-0.290581,-3.432651,-0.3442643,-0.05813036,0.9370715,0.7748553,0.8130372,-0.3356236,-2.706556,0.8336015,0.5398811,-0.116777,-0.008538261,0.03718769,0.7830961,1.079918,-0.2900889,-3.442353,0.05175468,-0.1674993,0.01026431,0.9844593,6.046714,340.6967,0.1654648,0.2990228,-0.0792828,-0.950946,0,0,0,0.8005314,-0.3437229,-2.704804,-0.01978324,0.02977553,0.7897046,0.9436772,0.002871837,0.330855,-0.03754734,0.9944322,0.09846222,-0.3287302,-0.1053393,0.9385309,moving,-0.8608145997257922,2.716320596435047,-1.435041822551316,2.159294051897785,-0.27938659999999993,-0.053634000000000015,0.737549,-0.015006607795804705,0.047385645259149296,0.9987639588342715,-0.938225290730731,2.8282013406775777,0.7998933835283766,0.8000096716621846,0.8332248359674401
05/17/2023 16:15:26.476975,1168,True,True,True,True,Eyes,1.079807,-0.2906013,-3.432607,-0.3450872,-0.05855087,0.9367426,0.0,0.0,0.0,0.0,0.0,0.0,0.0,0.1313509,0.6702234,3.554078,1.079576,-0.2900856,-3.442134,0.05206141,-0.1689155,0.01043918,0.9841993,6.085031,340.5318,0.1705863,0.2990301,-0.07940342,-0.9509336,0,0,0,0.7966439,-0.3465865,-2.70466,-0.02088547,0.02758138,0.7911469,0.9427171,0.002960511,0.3335798,-0.03813642,0.9943613,0.09895092,-0.3314059,-0.1060043,0.9375144,moving,-0.7465386482432088,2.730331961674584,-1.512198829671643,1.9966669969758137,-0.28293210000000013,-0.05650090000000002,0.7374739999999997,-0.013014400984972307,0.047631216592676655,0.9987802416994745,-0.824018979762192,2.841954660927345,1.0602713422662366,1.0604243461235088,1.0900012571781887
05/17/2023 16:15:26.487081,1169,True,True,True,True,Eyes,1.079843,-0.2906239,-3.432546,-0.3463067,-0.05930988,0.9362446,0.0,0.0,0.0,0.0,0.0,0.0,0.0,0.1416168,0.6753924,3.552557,1.079462,-0.2904036,-3.441991,0.05270932,-0.1702793,0.01079346,0.9839259,6.165455,340.3734,0.1895607,0.2990373,-0.07951263,-0.9509222,0,0,0,0.7932001,-0.3491232,-2.704533,-0.02183801,0.02662062,0.7924979,0.9417769,0.003289315,0.3362222,-0.03919053,0.9942105,0.1000483,-0.3339465,-0.1073999,0.9364534,moving,-0.6626951368625233,2.767222662232179,-1.5784385711345126,1.923886354008369,-0.28626189999999996,-0.05871960000000004,0.7374579999999997,-0.01155246883452879,0.04827514926576057,0.9987672370411738,-0.7404163263871198,2.8789781035329525,1.244709540781,1.2449105052897667,1.2706224981092489
05/17/2023 16:15:26.496897,1170,True,True,True,True,Eyes,1.079873,-0.2906546,-3.432481,-0.347577,-0.0601023,0.9357232,0.0,0.0,0.0,0.0,0.0,0.0,0.0,0.1514864,0.6805742,3.550902,1.079069,-0.2904539,-3.441843,0.05343116,-0.1715861,0.0109045,0.9836589,6.249498,340.22,0.1796319,0.2990452,-0.07961164,-0.9509114,0,0,0,0.7891597,-0.3520994,-2.704383,-0.02316213,0.02501541,0.7940611,0.9408786,0.003116534,0.3387296,-0.0397887,0.9940525,0.1013739,-0.336399,-0.1088582,0.9354066,moving,-0.5884559209187107,2.805479531183731,-1.670798510858493,1.804399620147786,-0.28990930000000004,-0.06164550000000002,0.73746,-0.010258004506344204,0.04894271514322411,0.9987488915590779,-0.6664302552643395,2.917420188796577,1.4740902065419819,1.4743223766453832,1.4991899076102801
05/17/2023 16:15:26.517206,1171,True,True,True,True,Eyes,1.079887,-0.2906933,-3.432408,-0.3488828,-0.06096234,0.9351815,0.0,0.0,0.0,0.0,0.0,0.0,0.0,0.1611764,0.6864353,3.549186,1.078977,-0.2906614,-3.441688,0.05423056,-0.1729133,0.01098049,0.9833817,6.341604,340.0637,0.1638177,0.2990536,-0.07970171,-0.9509012,0,0,0,0.7837765,-0.3560646,-2.704183,-0.02597448,0.02276932,0.7963293,0.9399608,0.002841654,0.3412705,-0.0403504,0.9938769,0.1028613,-0.3388886,-0.110456,0.93432,moving,-0.5139874084867473,2.847884312936726,-1.8681977810871495,1.6378030934315004,-0.2952005000000001,-0.0654032,0.7375050000000001,-0.008959574310924562,0.04968250089221432,0.9987249011162321,-0.5922444060825913,2.960059530891732,1.8158016602485376,1.816089835624266,1.8375034970281134
05/17/2023 16:15:26.527391,1172,True,True,True,True,Eyes,1.07992,-0.2907399,-3.432327,-0.3505375,-0.06211618,0.9344865,0.0,0.0,0.0,0.0,0.0,0.0,0.0,0.1699469,0.695407,3.546701,1.078644,-0.2908671,-3.441437,0.05545669,-0.1740753,0.01118815,0.983106,6.48452,339.9266,0.1551756,0.299062,-0.07978398,-0.9508917,0,0,0,0.7808108,-0.3582491,-2.704073,-0.02659789,0.02288109,0.7973199,0.9391453,0.002690993,0.3435098,-0.04130555,0.9935988,0.1051444,-0.341028,-0.1129348,0.9332447,moving,-0.4800549131433313,2.924409364006403,-1.9106282431181174,1.6437946403560981,-0.2978331999999999,-0.067382,0.7373639999999999,-0.008367530329650652,0.05101662700944703,0.9986627386715967,-0.5588486285091392,3.037383785925139,1.9197022397940506,1.9200297192661093,1.941493969375194
05/17/2023 16:15:26.547446,1173,True,True,True,True,Eyes,1.079938,-0.2907862,-3.432244,-0.3521984,-0.06331443,0.9337813,0.0,0.0,0.0,0.0,0.0,0.0,0.0,0.1781738,0.7037801,3.544546,1.07861,-0.2910627,-3.441328,0.05656931,-0.1751644,0.01160628,0.9828442,6.618833,339.7995,0.1728379,0.299071,-0.07985947,-0.9508825,0,0,0,0.7769246,-0.3611118,-2.703929,-0.02843282,0.02227835,0.7989824,0.9383654,0.002996482,0.3456317,-0.0426322,0.9933304,0.1071316,-0.3430055,-0.1152637,0.9322346,moving,-0.45532948082726127,2.9900182494348444,-2.0380842270432766,1.5971875922875167,-0.3016854000000001,-0.07004909999999998,0.7373989999999999,-0.00793609680830551,0.052160335740546473,0.9986071619918204,-0.5345845089926013,3.1036942104039453,2.107962695474417,2.108338166935935,2.1283969537205834
05/17/2023 16:15:26.577185,1174,True,True,True,True,Eyes,1.079963,-0.2908331,-3.432156,-0.3541222,-0.06470067,0.9329583,0.0,0.0,0.0,0.0,0.0,0.0,0.0,0.1859798,0.7116387,3.542354,1.078281,-0.2910817,-3.441202,0.05763692,-0.1761575,0.01202333,0.9825996,6.748075,339.6836,0.1916578,0.2990802,-0.07992884,-0.9508739,0,0,0,0.7729411,-0.364046,-2.703782,-0.03023803,0.02135889,0.800609,0.9376479,0.003321881,0.3475706,-0.04393459,0.9930669,0.109032,-0.3447987,-0.117504,0.931293,moving,-0.45833161684611656,3.0398298604364573,-2.1629639509334067,1.5281917177460327,-0.3053399,-0.07296429999999998,0.7374200000000002,-0.007988055042748299,0.0530284584385968,0.9985610008118879,-0.5379426519352849,3.1541199239292306,2.277945693749516,2.2783373913563456,2.298768529856726
05/17/2023 16:15:26.587541,1175,True,True,True,True,Eyes,1.079971,-0.2908771,-3.432067,-0.356047,-0.06609453,0.9321278,0.0,0.0,0.0,0.0,0.0,0.0,0.0,0.1933119,0.7170849,3.540746,1.078204,-0.2911017,-3.441104,0.0584175,-0.1771751,0.01199161,0.9823711,6.835809,339.5626,0.1650487,0.2990898,-0.07999273,-0.9508655,0,0,0,0.7688516,-0.3670584,-2.70363,-0.03230843,0.01978578,0.8024346,0.9369304,0.002860158,0.3495045,-0.04426067,0.9928872,0.1105261,-0.3467024,-0.1190245,0.9303927,moving,-0.45888395043823504,3.047312442949934,-2.305655009088611,1.41246654805579,-0.30935239999999997,-0.07595669999999999,0.7374740000000002,-0.007997626840264976,0.05315886939810749,0.9985541353411943,-0.538548490900315,3.1616951347643925,2.4660313553727895,2.4664315200550093,2.486456533941854
05/17/2023 16:15:26.596937,1176,True,True,True,True,Eyes,1.079975,-0.2909335,-3.431974,-0.3581401,-0.067588,0.9312183,0.0,0.0,0.0,0.0,0.0,0.0,0.0,0.201092,0.722799,3.538921,1.077832,-0.291057,-3.440989,0.05925702,-0.1782291,0.01188336,0.9821314,6.928593,339.4365,0.1280973,0.2990993,-0.08005163,-0.9508576,0,0,0,0.7648113,-0.3700345,-2.70348,-0.03398904,0.01823714,0.8041458,0.9361864,0.002219396,0.3514971,-0.04446469,0.9926948,0.1121604,-0.3486804,-0.1206323,0.9294459,moving,-0.46564565132039143,3.054045113442656,-2.4202950207452547,1.2991823917651926,-0.31302069999999993,-0.07897749999999998,0.7375090000000002,-0.00811541849653541,0.05327615057788596,0.9985468356512521,-0.5453599945491701,3.1685345930593667,2.6264239766276973,2.6268226680395177,2.647613832291312
05/17/2023 16:15:26.627439,1177,True,True,True,True,Eyes,1.079954,-0.2909983,-3.431885,-0.3603083,-0.0692029,0.9302627,0.0,0.0,0.0,0.0,0.0,0.0,0.0,0.2082767,0.7257403,3.537711,1.077757,-0.2913746,-3.440787,0.05962541,-0.1792083,0.01198486,0.9819296,6.972416,339.3216,0.1250184,0.2991086,-0.08010639,-0.95085,0,0,0,0.7600574,-0.3735362,-2.703304,-0.03677636,0.01590165,0.806201,0.9354815,0.002165844,0.353369,-0.04490731,0.9926023,0.1128003,-0.3505106,-0.1213915,0.9286584,moving,-0.4868659072083334,3.0051280106375726,-2.611843028650062,1.1299654897602964,-0.3176996000000001,-0.0821616,0.7374829999999997,-0.00848562573863268,0.052423441393312877,0.9985887944378787,-0.5662370397470613,3.1191048548718823,2.833633599095556,2.83403638761989,2.8532751840073796
05/17/2023 16:15:26.647094,1178,True,True,True,True,Eyes,1.079931,-0.2910727,-3.431799,-0.3624619,-0.07084163,0.9293024,0.0,0.0,0.0,0.0,0.0,0.0,0.0,0.2156636,0.7329077,3.535645,1.077423,-0.29159,-3.440725,0.06059401,-0.1801677,0.01219799,0.9816921,7.086327,339.2083,0.1221236,0.2991171,-0.08015766,-0.950843,0,0,0,0.7565584,-0.3761135,-2.703174,-0.03812742,0.01531669,0.8077071,0.9347816,0.00211518,0.3552166,-0.0457835,0.9923592,0.1145739,-0.3522601,-0.1233647,0.9277359,moving,-0.5088682083426107,3.0249225224207534,-2.7026131584928867,1.0863796077029062,-0.32086460000000006,-0.08452349999999997,0.7375509999999998,-0.00886893587493448,0.05276826284563719,0.9985674581875413,-0.5883863267343732,3.13922127232662,2.9271213021225853,2.9275357450443886,2.9468820804610933
05/17/2023 16:15:26.657318,1179,True,True,True,True,Eyes,1.079934,-0.291156,-3.431695,-0.3648538,-0.0727728,0.9282165,0.0,0.0,0.0,0.0,0.0,0.0,0.0,0.2230756,0.7410456,3.533456,1.077367,-0.2918709,-3.440685,0.06169427,-0.1811721,0.01237499,0.9814364,7.214369,339.0891,0.1118083,0.2991248,-0.08020605,-0.9508365,0,0,0,0.7511603,-0.3800898,-2.702974,-0.04139397,0.01372305,0.8102524,0.9340471,0.001935973,0.3571447,-0.04664508,0.9920813,0.116614,-0.3540908,-0.125582,0.9267409,moving,-0.5407198489751864,3.0419719299282506,-2.924569748722051,0.9703120634926787,-0.32620669999999996,-0.08821889999999999,0.737711,-0.009423905316106623,0.05306513129810958,0.9985466080836878,-0.6203679870627541,3.15659621812197,3.1577855697738735,3.1582455488329257,3.176347613725066
05/17/2023 16:15:26.667427,1180,True,True,True,True,Eyes,1.079936,-0.2912364,-3.431596,-0.3671393,-0.07462547,0.9271676,0.0,0.0,0.0,0.0,0.0,0.0,0.0,0.2364534,0.761004,3.528104,1.077068,-0.2920965,-3.440517,0.06445468,-0.1829531,0.01284955,0.9809223,7.536156,338.8763,0.09388588,0.2991326,-0.08025211,-0.9508303,0,0,0,0.7480052,-0.3824139,-2.702857,-0.04108575,0.01632781,0.8115584,0.9327261,0.00162446,0.360582,-0.0487932,0.991361,0.1217483,-0.3572691,-0.1311518,0.9247475,moving,-0.47298256682275014,3.257080854476816,-2.8981673428764467,1.1525829900393127,-0.3290627999999999,-0.09031739999999999,0.73766,-0.008241675505476526,0.05681424250239847,0.9983507407222734,-0.5541467219133399,3.374055124559061,3.2104216214821992,3.210986212898559,3.229453686917959
05/17/2023 16:15:26.687393,1181,True,True,True,True,Eyes,1.079968,-0.2913125,-3.431484,-0.3695587,-0.0765632,0.9260477,0.0,0.0,0.0,0.0,0.0,0.0,0.0,0.2359173,0.7608514,3.52817,1.07705,-0.2921063,-3.440519,0.06441956,-0.182862,0.01294827,0.9809405,7.534259,338.8878,0.1065265,0.2991404,-0.08029599,-0.9508241,0,0,0,0.7413601,-0.3873087,-2.702611,-0.04734462,0.01182096,0.814787,0.9327877,0.001843189,0.3604217,-0.04896274,0.991365,0.121648,-0.3570852,-0.131119,0.9248232,moving,-0.6365714410458566,3.1441217931639303,-3.3255318145759674,0.8311909791634542,-0.3356899000000001,-0.09520240000000002,0.737908,-0.011093316888570764,0.05484436286872805,0.9984332392289196,-0.7169734145868695,3.2603410777025106,3.546273818356214,3.5468516801197225,3.5644560773540177
05/17/2023 16:15:26.707476,1182,True,True,True,True,Eyes,1.079996,-0.2913911,-3.431373,-0.3719483,-0.07848396,0.9249296,0.0,0.0,0.0,0.0,0.0,0.0,0.0,0.2431372,0.7661366,3.526431,1.076764,-0.2920505,-3.440506,0.0651539,-0.1837906,0.01321957,0.9807149,7.622985,338.7789,0.1144517,0.299149,-0.08033779,-0.9508179,0,0,0,0.739041,-0.3890169,-2.702525,-0.0476732,0.01145986,0.815886,0.9320926,0.001979905,0.3622148,-0.04987859,0.9911605,0.1229355,-0.3587696,-0.132654,0.923952,moving,-0.6783990434426652,3.1225913410681447,-3.344058980007105,0.8047183517656475,-0.3377230000000001,-0.09696640000000001,0.737981,-0.011822443727513732,0.05446871907168194,0.9984455034068368,-0.75865856286861,3.238706563363166,3.5318986068959908,3.532460628505692,3.550858196427392
05/17/2023 16:15:26.727028,1183,True,True,True,True,Eyes,1.080029,-0.2914718,-3.431255,-0.3744071,-0.08048964,0.9237644,0.0,0.0,0.0,0.0,0.0,0.0,0.0,0.2501596,0.7715964,3.524647,1.076724,-0.2921746,-3.440403,0.06590076,-0.1847437,0.01338434,0.9804834,7.710891,338.6661,0.1096676,0.2991583,-0.08037779,-0.9508116,0,0,0,0.7348652,-0.3920928,-2.70237,-0.04991639,0.01000761,0.8178949,0.9313813,0.001896752,0.3640404,-0.05059575,0.9909559,0.1242839,-0.3605122,-0.1341746,0.9230537,moving,-0.7219050871740327,3.095191069698465,-3.4924481262312908,0.7010255270407139,-0.3418588,-0.09991820000000001,0.7380329999999997,-0.012580909968679888,0.053990728617559686,0.9984621411514831,-0.8019807389016282,3.21113746828187,3.661073821827582,3.6616850461117365,3.67957561681316
05/17/2023 16:15:26.737040,1184,True,True,True,True,Eyes,1.080057,-0.2915581,-3.431137,-0.3768273,-0.08246644,0.9226053,0.0,0.0,0.0,0.0,0.0,0.0,0.0,0.2578707,0.7754143,3.523077,1.076435,-0.2922658,-3.440305,0.06642825,-0.1857652,0.01349024,0.9802534,7.772791,338.5455,0.1022149,0.2991684,-0.08041624,-0.9508052,0,0,0,0.7316753,-0.3944425,-2.702252,-0.05090296,0.008808918,0.8193616,0.9306186,0.001767596,0.3659863,-0.05112783,0.9908106,0.125221,-0.3624018,-0.1352451,0.9221571,moving,-0.7555295605976609,3.0433714345629563,-3.5549399626043736,0.6159604982478272,-0.3447597,-0.10217669999999995,0.7380529999999998,-0.013167502698177791,0.05308727707395208,0.9985030922461986,-0.8352445897245055,3.158816485465393,3.7046369816762432,3.7052695519497196,3.7232861148443033
05/17/2023 16:15:26.747222,1185,True,True,True,True,Eyes,1.080072,-0.2916379,-3.431022,-0.3792192,-0.08442847,0.921447,0.0,0.0,0.0,0.0,0.0,0.0,0.0,0.2640764,0.7802401,3.521428,1.076362,-0.2924725,-3.440185,0.06708685,-0.1866179,0.01354444,0.9800458,7.848352,338.4439,0.08728494,0.2991791,-0.08045346,-0.9507987,0,0,0,0.7270316,-0.3978631,-2.70208,-0.05369809,0.006944522,0.8215871,0.9299806,0.001509141,0.3676055,-0.05158756,0.9906318,0.1264411,-0.3639708,-0.1365516,0.9213462,moving,-0.8070011125941957,3.005935718520405,-3.739474665072456,0.484285020815641,-0.34933040000000004,-0.1053906,0.738105,-0.014064985651853573,0.052434223156585795,0.9985252978391482,-0.8864628206272397,3.1211202942013077,3.8668411505121276,3.86757331891968,3.8849165812814515
05/17/2023 16:15:26.767200,1186,True,True,True,True,Eyes,1.080092,-0.291721,-3.430904,-0.3816571,-0.086434,0.9202538,0.0,0.0,0.0,0.0,0.0,0.0,0.0,0.271749,0.7856953,3.519523,1.076066,-0.2923841,-3.440174,0.06785058,-0.1876052,0.0138342,0.9798006,7.940856,338.3279,0.0955262,0.2991899,-0.08048938,-0.9507923,0,0,0,0.7232541,-0.4006456,-2.70194,-0.05523679,0.005646907,0.8234702,0.9292257,0.00165126,0.3695088,-0.05256776,0.9904098,0.1277693,-0.3657542,-0.1381508,0.9204012,moving,-0.8460938502673181,2.983229471634813,-3.837541448402732,0.39289687354001124,-0.35281189999999996,-0.10826150000000001,0.7382339999999998,-0.014746579859283099,0.05203799605248886,0.9985362387515765,-0.9254039949090732,3.0982855205150877,3.956282891439753,3.9570925818260436,3.974880159101928
05/17/2023 16:15:26.776972,1187,True,True,True,True,Eyes,1.0801,-0.291805,-3.430791,-0.3840677,-0.08842301,0.9190611,0.0,0.0,0.0,0.0,0.0,0.0,0.0,0.2799412,0.7876372,3.518337,1.076002,-0.2925149,-3.440071,0.06808636,-0.1886923,0.01411346,0.9795715,7.973619,338.2015,0.1131381,0.2992011,-0.08052424,-0.9507858,0,0,0,0.7201757,-0.4029132,-2.701826,-0.05623209,0.004193887,0.8250007,0.928392,0.001955545,0.3715971,-0.05334503,0.9903302,0.1280647,-0.3677534,-0.1387171,0.9195189,moving,-0.8730758904170086,2.901855695607035,-3.8992523585756915,0.291260304406532,-0.35582629999999993,-0.1103983,0.738245,-0.015217924501364472,0.05061942248634426,0.9986020334722835,-0.9518128991168918,3.016027847733357,3.9957506517240304,3.996617609053269,4.0139453823317135
05/17/2023 16:15:26.797067,1188,True,True,True,True,Eyes,1.080085,-0.2918911,-3.430681,-0.3864703,-0.09050138,0.9178509,0.0,0.0,0.0,0.0,0.0,0.0,0.0,0.2876865,0.7933019,3.516367,1.075718,-0.2926043,-3.440079,0.06886524,-0.1897027,0.0143208,0.9793189,8.066101,338.082,0.1111896,0.2992121,-0.08055817,-0.9507795,0,0,0,0.7160609,-0.4059442,-2.701673,-0.05802351,0.002852373,0.8270831,0.9276156,0.001921423,0.3735313,-0.05417711,0.990105,0.1294487,-0.3695864,-0.1403154,0.918541,moving,-0.9078163041990144,2.87475062812675,-4.012975583033305,0.19759596899117543,-0.35965709999999995,-0.1133399,0.7384059999999999,-0.01582378766700751,0.05014653721860514,0.9986165428950476,-0.9863692279894334,2.9887247281285014,4.098920828496168,4.099898927517849,4.1171283412683914
05/17/2023 16:15:26.816960,1189,True,True,True,True,Eyes,1.080055,-0.2919732,-3.430573,-0.3888551,-0.09251323,0.9166422,0.0,0.0,0.0,0.0,0.0,0.0,0.0,0.2955886,0.7985184,3.514305,1.075602,-0.2926961,-3.439877,0.06958196,-0.1907638,0.01454356,0.9790587,8.151926,337.9568,0.111742,0.2992225,-0.08059131,-0.9507734,0,0,0,0.7120621,-0.4088897,-2.701525,-0.05985469,0.001487896,0.8289995,0.9267953,0.00193056,0.3755619,-0.05502543,0.9898937,0.1307009,-0.371514,-0.1417984,0.9175351,moving,-0.935792767098738,2.8448279230011955,-4.129653273415831,0.10283488664908183,-0.3635398999999999,-0.11619360000000001,0.7383519999999999,-0.016311816103835308,0.04962461003490186,0.998634683994183,-1.0141397211050946,2.9585445581820315,4.208320467378118,4.209426415227561,4.226287072918579
05/17/2023 16:15:26.827079,1190,True,True,True,True,Eyes,1.079996,-0.2920628,-3.430477,-0.3912972,-0.09461808,0.9153873,0.0,0.0,0.0,0.0,0.0,0.0,0.0,0.3040444,0.7998888,3.513113,1.075253,-0.2926798,-3.439825,0.0697809,-0.191876,0.01463541,0.9788259,8.176507,337.826,0.108387,0.2992319,-0.08062365,-0.9507678,0,0,0,0.7079276,-0.4119352,-2.701372,-0.0614534,-0.0009518191,0.8310754,0.9259388,0.00187248,0.3776689,-0.05542959,0.9898329,0.1309903,-0.3735838,-0.1422231,0.9166285,moving,-0.9626396410241964,2.748213703996778,-4.2290074288915225,-0.06562003092102543,-0.3673254,-0.11925540000000001,0.7384529999999998,-0.016781123669180747,0.04794023582845923,0.9987092251847522,-1.040304742165089,2.860861482001901,4.309946807554666,4.3112433025032075,4.328061791358349
05/17/2023 16:15:26.847455,1191,True,True,True,True,Eyes,1.079924,-0.292153,-3.430381,-0.3937301,-0.09670079,0.9141256,0.0,0.0,0.0,0.0,0.0,0.0,0.0,0.3128734,0.8046383,3.511187,1.075127,-0.2929092,-3.439778,0.0704141,-0.1930587,0.01482969,0.9785451,8.25232,337.6864,0.1062337,0.2992395,-0.08065546,-0.9507627,0,0,0,0.7037616,-0.4150039,-2.701217,-0.06314814,-0.002405696,0.8332452,0.9250168,0.001834929,0.3799218,-0.05621115,0.9896438,0.1320807,-0.3757449,-0.1435327,0.9155404,moving,-0.9802277216755219,2.704099447557108,-4.3339209191363794,-0.16542050840708303,-0.37136539999999996,-0.1220947,0.7385609999999998,-0.017088323555279478,0.04717103239318319,0.998740672001008,-1.0575828994034995,2.816279127174346,4.412317760190878,4.413774217194618,4.430002656474779
05/17/2023 16:15:26.867380,1192,True,True,True,True,Eyes,1.079843,-0.2922503,-3.430289,-0.3963922,-0.09892245,0.9127363,0.0,0.0,0.0,0.0,0.0,0.0,0.0,0.3227676,0.8099266,3.508891,1.074781,-0.2930047,-3.439691,0.07112919,-0.1943383,0.01519085,0.9782344,8.341123,337.5363,0.1201114,0.2992452,-0.08068683,-0.9507583,0,0,0,0.6998034,-0.4179195,-2.701071,-0.06430769,-0.003655061,0.8352381,0.9240037,0.002074162,0.3823778,-0.05736666,0.9894198,0.1332577,-0.3780558,-0.1450664,0.9143466,moving,-1.0016861804704604,2.6652213622000347,-4.40270190552629,-0.2507287830663584,-0.3749776,-0.12491479999999999,0.7386199999999996,-0.017462926584077332,0.04649302299409119,0.9987659514022904,-1.0787697998479788,2.7770107997254385,4.478320366298971,4.479918884506295,4.496190790476233
05/17/2023 16:15:26.877223,1193,True,True,True,True,Eyes,1.07975,-0.292352,-3.430194,-0.3990416,-0.1011332,0.9113385,0.0,0.0,0.0,0.0,0.0,0.0,0.0,0.3333712,0.8151482,3.506603,1.074645,-0.2932387,-3.439624,0.07182463,-0.1957544,0.01546447,0.9778969,8.42581,337.3695,0.1231022,0.2992491,-0.08071799,-0.9507545,0,0,0,0.6956495,-0.4209793,-2.700917,-0.06558096,-0.004944451,0.8374479,0.9228821,0.002125344,0.3850767,-0.0583653,0.9892042,0.1344197,-0.3806338,-0.1465286,0.9130428,moving,-1.0065379401066488,2.6226373258075664,-4.477722542776193,-0.33828120236287734,-0.37899550000000004,-0.12774059999999998,0.7387069999999998,-0.017548103363578232,0.04575062760527427,0.9987987426889939,-1.083319173900229,2.733929525447695,4.56072173383236,4.562473131567258,4.578258728677406
05/17/2023 16:15:26.896870,1194,True,True,True,True,Eyes,1.07964,-0.2924576,-3.430107,-0.401854,-0.1034908,0.9098368,0.0,0.0,0.0,0.0,0.0,0.0,0.0,0.3438851,0.8219773,3.503766,1.074275,-0.2934283,-3.439493,0.07275114,-0.1971233,0.01581611,0.9775478,8.538321,337.208,0.1297874,0.2992508,-0.0807491,-0.9507512,0,0,0,0.6916527,-0.4239233,-2.700768,-0.06658718,-0.005776167,0.8394492,0.9217845,0.002240111,0.3876961,-0.05960388,0.9889143,0.136,-0.3830935,-0.1484709,0.9116994,moving,-1.0275339763135152,2.599460553797696,-4.535346174053846,-0.39424037555813396,-0.3826223000000001,-0.13049500000000003,0.7387250000000001,-0.017914442551329596,0.04534630419694939,0.9988106782962591,-1.1041554968692648,2.710550813472354,4.60974447960431,4.611614865645418,4.627396437596387
05/17/2023 16:15:26.917236,1195,True,True,True,True,Eyes,1.079517,-0.2925633,-3.430018,-0.4046555,-0.1058337,0.9083244,0.0,0.0,0.0,0.0,0.0,0.0,0.0,0.3544607,0.8296036,3.500811,1.074134,-0.2935873,-3.439419,0.07378455,-0.1985138,0.01626233,0.9771816,8.665084,337.0443,0.1441978,0.2992503,-0.08078028,-0.9507488,0,0,0,0.6874341,-0.4270307,-2.700612,-0.06794336,-0.00653436,0.8417369,0.9206557,0.002488002,0.3903678,-0.06107699,0.9885828,0.1377452,-0.3855681,-0.1506584,0.9102962,moving,-1.0456914808235749,2.5914888363518074,-4.614798444879697,-0.4447752372490355,-0.3866998999999999,-0.1334434,0.738807,-0.018231088827907388,0.0452070794374183,0.9988112978637097,-1.122260964864303,2.702550560508799,4.6838658327758536,4.6858749498373395,4.7014335820624185
05/17/2023 16:15:26.937135,1196,True,True,True,True,Eyes,1.079376,-0.2926719,-3.429938,-0.4076003,-0.1082887,0.9067169,0.0,0.0,0.0,0.0,0.0,0.0,0.0,0.366004,0.8363503,3.49781,1.073753,-0.293675,-3.43932,0.07470927,-0.2000086,0.01669618,0.9767991,8.779408,336.8684,0.1584242,0.2992473,-0.08081151,-0.9507471,0,0,0,0.6834131,-0.4299926,-2.700463,-0.0687229,-0.007419616,0.8438483,0.9194356,0.00273263,0.3932312,-0.06250262,0.9882795,0.1392731,-0.3882418,-0.1526306,0.9088302,moving,-1.0616032584125203,2.5645862429111084,-4.655885943842956,-0.5037655794314794,-0.39033989999999996,-0.13631759999999998,0.7388569999999999,-0.018508861550893152,0.04473786368512605,0.9988272770856688,-1.1379851130045813,2.675381908145188,4.72371538094448,4.725849228282479,4.741582542082165
05/17/2023 16:15:26.967482,1197,True,True,True,True,Eyes,1.079221,-0.2927809,-3.429856,-0.4105482,-0.1107162,0.9050924,0.0,0.0,0.0,0.0,0.0,0.0,0.0,0.3782,0.8428903,3.494837,1.073538,-0.2938128,-3.439269,0.07561697,-0.2016422,0.01693735,0.9763892,8.887434,336.6745,0.1496044,0.2992416,-0.08084287,-0.9507462,0,0,0,0.6794139,-0.4329385,-2.700315,-0.06934178,-0.008331455,0.8460886,0.9181071,0.002579731,0.396324,-0.06357002,0.9879904,0.1408326,-0.391201,-0.1544937,0.907245,moving,-1.0612440054315653,2.5325001380839876,-4.685244354633016,-0.5641746984856806,-0.3941241000000001,-0.13912570000000002,0.7389540000000001,-0.01850306136734542,0.044178513763735605,0.9988523662909871,-1.1373969556428318,2.642906121815151,4.764592425169154,4.766841047743885,4.7825295142281
05/17/2023 16:15:26.976982,1198,True,True,True,True,Eyes,1.079027,-0.2929007,-3.429774,-0.4137251,-0.1133307,0.9033204,0.0,0.0,0.0,0.0,0.0,0.0,0.0,0.3913565,0.8491211,3.491652,1.07312,-0.2939138,-3.439161,0.0764945,-0.2033913,0.01714349,0.9759544,8.991267,336.4665,0.1360827,0.2992331,-0.08087439,-0.9507462,0,0,0,0.6751249,-0.4360977,-2.700156,-0.06984237,-0.009546749,0.8483962,0.9166762,0.002345902,0.3996239,-0.06457915,0.9877093,0.1423366,-0.3943784,-0.1562839,0.9055611,moving,-1.0627155266452637,2.485306762814152,-4.706138206396394,-0.6447050804415693,-0.39799510000000005,-0.14218389999999997,0.7390050000000001,-0.018529382339759426,0.043355740998216444,0.9988878779428962,-1.1385323260689992,2.595147073013331,4.800885496496168,4.803280437601576,4.819175623858603
05/17/2023 16:15:26.987623,1199,True,True,True,True,Eyes,1.078803,-0.293028,-3.429707,-0.416995,-0.1160308,0.9014722,0.0,0.0,0.0,0.0,0.0,0.0,0.0,0.4181985,0.8637187,3.484528,1.072329,-0.2942284,-3.43895,0.07853235,-0.2069565,0.0176646,0.9750332,9.233302,336.0421,0.1127047,0.2992212,-0.08090636,-0.9507473,0,0,0,0.6711946,-0.4389928,-2.70001,-0.06653199,-0.008270621,0.8505309,0.9137139,0.001941582,0.4063534,-0.06695269,0.9870413,0.1458317,-0.4008044,-0.1604549,0.9020034,moving,-0.8559280543037843,2.571148423205326,-4.472800965481415,-0.5571305428844122,-0.4011344000000001,-0.14476440000000002,0.7389400000000004,-0.014923172697736242,0.04485495263887613,0.9988820931856159,-0.932302213491502,2.681253867373284,4.779979029288254,4.782039203654653,4.798152248672631
05/17/2023 16:15:26.997095,1200,True,True,True,True,Eyes,1.078588,-0.293149,-3.429641,-0.420142,-0.1186245,0.8996716,0.0,0.0,0.0,0.0,0.0,0.0,0.0,0.4330564,0.8703732,3.481016,1.072058,-0.2944896,-3.438972,0.07944076,-0.2089367,0.01797758,0.9745315,9.343173,335.807,0.1070311,0.2992052,-0.08093893,-0.9507495,0,0,0,0.6642869,-0.4440811,-2.699754,-0.06903726,-0.01087867,0.8545249,0.9120446,0.001843258,0.410087,-0.06823561,0.9867319,0.1473227,-0.4043745,-0.1623474,0.9000692,moving,-0.829520722321109,2.5312737451098304,-4.618907125634213,-0.7293739576003084,-0.40777109999999994,-0.1495915,0.7392180000000002,-0.014463239349273321,0.04416007293484666,0.9989197979200956,-0.9056035349392809,2.6407977701929517,4.996666380225158,4.999127199302207,5.014646650710785
05/17/2023 16:15:27.016968,1201,True,True,True,True,Eyes,1.078358,-0.2932742,-3.429572,-0.4233025,-0.1212157,0.8978428,0.0,0.0,0.0,0.0,0.0,0.0,0.0,0.4346272,0.8705879,3.480713,1.072044,-0.2944608,-3.438924,0.07947718,-0.209152,0.01799794,0.974482,9.34778,335.7816,0.1063624,0.2991858,-0.08097186,-0.9507527,0,0,0,0.6609682,-0.4465256,-2.699631,-0.07165071,-0.01300993,0.8563639,0.9118631,0.001831722,0.4104904,-0.06832293,0.9867189,0.1473695,-0.4047687,-0.1624268,0.8998777,moving,-1.012776593901021,2.38629115514049,-4.782714153692724,-0.8703738467401408,-0.4110758,-0.1520648,0.739293,-0.01766004226593279,0.041630103546608455,0.9989769783786033,-1.0878740725196623,2.4947462093790946,4.978938570737502,4.981796477095626,4.997587039516058
05/17/2023 16:15:27.047416,1202,True,True,True,True,Eyes,1.078089,-0.2934027,-3.429524,-0.4263949,-0.1240018,0.8959972,0.0,0.0,0.0,0.0,0.0,0.0,0.0,0.4505921,0.8791037,3.476264,1.071537,-0.2946616,-3.438786,0.08064644,-0.2112275,0.01856831,0.9739274,9.493273,335.5363,0.1219269,0.2991631,-0.08100525,-0.950757,0,0,0,0.6592283,-0.4478073,-2.699567,-0.06919563,-0.01176473,0.8573045,0.9100763,0.00209888,0.4144354,-0.07023785,0.9863027,0.1492433,-0.4084455,-0.1649318,0.8977582,moving,-0.9737217745592689,2.371188379446753,-4.6145118435304076,-0.7862166448152395,-0.4123087,-0.1531457,0.7392189999999998,-0.016979286670209842,0.04136726842225931,0.9989997459882266,-1.0487012067186814,2.479314500907917,4.816681684496953,4.819186530271861,4.835152444472421
05/17/2023 16:15:27.057318,1203,True,True,True,True,Eyes,1.077775,-0.2935324,-3.429485,-0.4294047,-0.1269076,0.894151,0.0,0.0,0.0,0.0,0.0,0.0,0.0,0.4673956,0.8867234,3.472083,1.071258,-0.2948135,-3.438835,0.08169243,-0.213433,0.01915094,0.9733478,9.625362,335.276,0.1400158,0.2991361,-0.08103912,-0.9507626,0,0,0,0.6550844,-0.4508596,-2.699413,-0.0687927,-0.01227496,0.8598915,0.9081591,0.002409337,0.4186181,-0.07215277,0.9859192,0.1508554,-0.4123601,-0.1672052,0.8955454,moving,-0.9155743078602387,2.335725712714546,-4.574012626483061,-0.8178422922346219,-0.41617360000000003,-0.15604610000000002,0.7394220000000002,-0.015965833298591026,0.040749617895620795,0.9990417943856466,-0.9902854468065815,2.443205040972394,4.827539265160342,4.8300271317050445,4.8453617210450375
05/17/2023 16:15:27.067157,1204,True,True,True,True,Eyes,1.077461,-0.2936665,-3.429448,-0.4324466,-0.1297725,0.8922718,0.0,0.0,0.0,0.0,0.0,0.0,0.0,0.4863864,0.8912307,3.467944,1.070709,-0.2949263,-3.438619,0.08232626,-0.2159378,0.01960118,0.9727328,9.708067,334.9804,0.1498972,0.2991041,-0.08107347,-0.9507698,0,0,0,0.6511377,-0.4537668,-2.699267,-0.06754264,-0.01348998,0.8620718,0.9059734,0.002578728,0.4233269,-0.07368812,0.9856763,0.1516976,-0.4168721,-0.1686282,0.8931866,moving,-0.8255571333169395,2.25299696688282,-4.479926896939868,-0.8965098275369746,-0.41957129999999987,-0.15884050000000005,0.7393520000000002,-0.014397055574112833,0.039308006495120444,0.9991233828207734,-0.8996544764804696,2.359138184568763,4.821811033110449,4.824293877592653,4.83917292348912
05/17/2023 16:15:27.087525,1205,True,True,True,True,Eyes,1.077135,-0.2938004,-3.429408,-0.435531,-0.1326015,0.8903537,0.0,0.0,0.0,0.0,0.0,0.0,0.0,0.5033418,0.8976267,3.463834,1.070414,-0.2951449,-3.438654,0.08321131,-0.2181935,0.01998907,0.972146,9.817476,334.7125,0.1484063,0.2990676,-0.08110837,-0.9507783,0,0,0,0.6450408,-0.4582578,-2.699041,-0.06871906,-0.01553733,0.8658014,0.903984,0.002552246,0.4275586,-0.07517692,0.9853526,0.1530641,-0.4209054,-0.1705101,0.8909349,moving,-0.7668145848112106,2.1988231263106823,-4.538079169141125,-1.02809707681002,-0.4253732,-0.1631129,0.7396130000000003,-0.013373188430342714,0.038363855219933254,0.9991744058525571,-0.8405100458628243,2.304088863201448,4.960660255544656,4.963411182073236,4.9774974194097945
05/17/2023 16:15:27.097295,1206,True,True,True,True,Eyes,1.076779,-0.2939404,-3.429382,-0.4385251,-0.1355141,0.8884434,0.0,0.0,0.0,0.0,0.0,0.0,0.0,0.5214913,0.9042832,3.459122,1.069882,-0.2952557,-3.438514,0.08416515,-0.2206085,0.02030855,0.9715121,9.932938,334.4245,0.1352341,0.2990267,-0.08114377,-0.9507881,0,0,0,0.6428748,-0.4598532,-2.69896,-0.06593794,-0.0151071,0.8670591,0.9018389,0.002324898,0.4320662,-0.0765951,0.9850076,0.1545744,-0.4252292,-0.1724954,0.8884962,moving,-0.6839040005380094,2.1456413100709604,-4.348847550379833,-0.9981851272792784,-0.42700720000000003,-0.1645975,0.739554,-0.011927725829979752,0.037437089932907695,0.9992278034994123,-0.757198250695778,2.2499531350744046,4.826149614551647,4.82860806979708,4.842555819325883
05/17/2023 16:15:27.117263,1207,True,True,True,True,Eyes,1.076425,-0.2940851,-3.429356,-0.4415552,-0.1383897,0.8864972,0.0,0.0,0.0,0.0,0.0,0.0,0.0,0.5390141,0.9094464,3.454946,1.069591,-0.2954946,-3.438451,0.08488142,-0.2229519,0.02067328,0.9709069,10.02292,334.1462,0.1335151,0.298981,-0.08117979,-0.9507994,0,0,0,0.6388199,-0.4628401,-2.69881,-0.06515247,-0.01610191,0.8695587,0.8997301,0.002294716,0.4364406,-0.07799259,0.9847355,0.1556056,-0.4294215,-0.1740422,0.8861752,moving,-0.613171780027648,2.0692169749695397,-4.284931554166753,-1.0608439193561185,-0.43077109999999996,-0.16734549999999998,0.7396410000000002,-0.010694684744932265,0.03610473400125164,0.9992907791138051,-0.6859023010790479,2.172339156386595,4.822386684273229,4.824842074220957,4.8380248413841525
05/17/2023 16:15:27.137107,1208,True,True,True,True,Eyes,1.076075,-0.2942329,-3.429326,-0.4445874,-0.1413155,0.884518,0.0,0.0,0.0,0.0,0.0,0.0,0.0,0.5562837,0.9162588,3.450313,1.069311,-0.2957298,-3.438424,0.08583551,-0.2252656,0.02103069,0.9702812,10.13943,333.87,0.1245471,0.2989311,-0.08121648,-0.950812,0,0,0,0.6348168,-0.4657888,-2.698662,-0.06432551,-0.01665545,0.8720888,0.8976263,0.002139811,0.4407521,-0.07948293,0.9843799,0.1570942,-0.4335315,-0.1760441,0.8837754,moving,-0.5459420147238009,2.0162623723075,-4.218513156339132,-1.0941213692290124,-0.43449419999999994,-0.17005900000000002,0.7397619999999998,-0.009522443423984311,0.035181561240084945,0.9993356292672435,-0.6182770995925122,2.1184920699031156,4.810310280287747,4.812719170057651,4.825203081072424
05/17/2023 16:15:27.147270,1209,True,True,True,True,Eyes,1.075725,-0.2943826,-3.429291,-0.4476382,-0.1441886,0.8825132,0.0,0.0,0.0,0.0,0.0,0.0,0.0,0.5731081,0.9221723,3.4458,1.068992,-0.2959201,-3.438325,0.08666468,-0.2275005,0.02147926,0.9696759,10.24435,333.6043,0.1294515,0.2988774,-0.08125389,-0.9508256,0,0,0,0.6307672,-0.4687718,-2.698511,-0.06368041,-0.01744813,0.8745758,0.8955644,0.002223328,0.4449264,-0.08108835,0.9840558,0.1583002,-0.4374804,-0.1778464,0.8814656,moving,-0.4905061733743186,1.954848124043932,-4.164523166036704,-1.1429216399439206,-0.43822479999999997,-0.1728517,0.739814,-0.008555860669194948,0.03411066612955718,0.9993813678210371,-0.5623886201334559,2.056127084206454,4.803278856085045,4.805681884295851,4.817601688213518
05/17/2023 16:15:27.167342,1210,True,True,True,True,Eyes,1.075336,-0.294545,-3.429267,-0.450546,-0.1471249,0.8805467,0.0,0.0,0.0,0.0,0.0,0.0,0.0,0.5886702,0.9276867,3.441476,1.068678,-0.2960981,-3.438189,0.08745235,-0.2295963,0.02173522,0.9691054,10.33957,333.3533,0.114734,0.2988205,-0.08129198,-0.9508403,0,0,0,0.6263654,-0.4720141,-2.698348,-0.06356218,-0.01864362,0.8772478,0.8936262,0.001969969,0.4488076,-0.08228491,0.9837593,0.1595204,-0.4412043,-0.1794817,0.8792752,moving,-0.4421945423244989,1.8798566835711568,-4.144201347941511,-1.2174894729261057,-0.44231260000000006,-0.17591600000000002,0.7398409999999997,-0.007713520469022489,0.03280282531055416,0.9994320394356584,-0.5135294181341147,1.9800472409632919,4.824371884958582,4.826842404927163,4.837976818729289
05/17/2023 16:15:27.177271,1211,True,True,True,True,Eyes,1.074942,-0.2947045,-3.42924,-0.4534535,-0.1500519,0.8785582,0.0,0.0,0.0,0.0,0.0,0.0,0.0,0.6042464,0.9353834,3.436371,1.068168,-0.2965132,-3.437993,0.08850697,-0.2316342,0.02225568,0.9685128,10.47174,333.1103,0.1227871,0.2987595,-0.08133105,-0.9508561,0,0,0,0.6223711,-0.4749564,-2.6982,-0.06304747,-0.01877104,0.879513,0.8917006,0.002107344,0.4526209,-0.08411229,0.9833423,0.1611299,-0.4447418,-0.1817506,0.8770242,moving,-0.40169519860792685,1.8424554276959786,-4.100207025681975,-1.222651757636171,-0.44579690000000005,-0.17844320000000002,0.7397930000000001,-0.007007222579773764,0.03215058498324116,0.999458552847517,-0.4727526325727986,1.9420417690172265,4.80112136015587,4.803527015910433,4.813908026928743
05/17/2023 16:15:27.202034,1212,True,True,True,True,Eyes,1.074494,-0.2948734,-3.429238,-0.4562402,-0.1530203,0.8766012,0.0,0.0,0.0,0.0,0.0,0.0,0.0,0.6186683,0.9439859,3.431205,1.067678,-0.2965783,-3.437896,0.08972663,-0.2334796,0.02296362,0.9679408,10.6275,332.891,0.1490138,0.2986947,-0.08137093,-0.950873,0,0,0,0.6185308,-0.4777851,-2.698058,-0.06272069,-0.01873583,0.881842,0.8899199,0.002556166,0.4561098,-0.08635353,0.9828436,0.162977,-0.447868,-0.1844232,0.8748728,moving,-0.37732421884262574,1.8262938418577692,-4.068290504584672,-1.2171369744516343,-0.44914719999999986,-0.1812068,0.7398379999999998,-0.006582157326789018,0.031868752984058606,0.9994703867237571,-0.4482599461597981,1.925593383033262,4.781550314880126,4.78390042289199,4.793889375422324
05/17/2023 16:15:27.217487,1213,True,True,True,True,Eyes,1.074031,-0.2950221,-3.429223,-0.4590278,-0.1559758,0.8746227,0.0,0.0,0.0,0.0,0.0,0.0,0.0,0.6334122,0.9512785,3.426293,1.067392,-0.2969162,-3.437752,0.09072616,-0.2353995,0.02364025,0.967366,10.75797,332.6635,0.1763487,0.298625,-0.08141179,-0.9508914,0,0,0,0.6145229,-0.4807374,-2.697909,-0.06260562,-0.01890173,0.8842916,0.8880564,0.003023766,0.4597245,-0.08845134,0.9824198,0.164401,-0.4511454,-0.1866606,0.8727117,moving,-0.34559000750546465,1.7854719179368514,-4.049640045516703,-1.2245106295850465,-0.4528690999999999,-0.18382119999999996,0.739843,-0.0060287181322075944,0.03115675159193805,0.9994962481678911,-0.41622622206175763,1.8841586421932708,4.770525605575631,4.7728379000839185,4.781790528010634
05/17/2023 16:15:27.227015,1214,True,True,True,True,Eyes,1.073528,-0.2951771,-3.429228,-0.4617189,-0.158959,0.872667,0.0,0.0,0.0,0.0,0.0,0.0,0.0,0.6463243,0.9603226,3.420738,1.06658,-0.2965512,-3.437421,0.0921185,-0.2371209,0.02374344,0.9668114,10.91675,332.4516,0.1297984,0.2985506,-0.081453,-0.9509112,0,0,0,0.61042,-0.4837595,-2.697757,-0.06239268,-0.01952721,0.8865427,0.8864198,0.002224413,0.4628768,-0.08959731,0.9819009,0.1668623,-0.4541279,-0.1893826,0.8705757,moving,-0.3263518352614815,1.7708635267163833,-4.025697423318065,-1.2618070582369274,-0.4561600000000001,-0.1872083,0.7396639999999999,-0.005693163002993329,0.030901977751166952,0.9995062055101497,-0.39687877902564794,1.86930145621863,4.781186556869407,4.783539344116944,4.792928674877224
05/17/2023 16:15:27.247004,1215,True,True,True,True,Eyes,1.073024,-0.2953311,-3.429224,-0.4643825,-0.161886,0.8707134,0.0,0.0,0.0,0.0,0.0,0.0,0.0,0.6574788,0.968536,3.416069,1.066324,-0.2968079,-3.437255,0.09328767,-0.2386428,0.02390653,0.9663206,11.05212,332.2651,0.09795273,0.2984707,-0.0814947,-0.9509327,0,0,0,0.6064239,-0.4867031,-2.697609,-0.06287789,-0.01973483,0.8889894,0.8849562,0.001677894,0.4656711,-0.09072758,0.9814517,0.1688813,-0.4567504,-0.1917018,0.8686941,moving,-0.3303817371519612,1.7361427033988956,-4.0457716087855715,-1.2717100811907593,-0.45990010000000003,-0.1898952,0.739646,-0.005763570262896506,0.03029626658188539,0.9995243497438339,-0.40066215094537216,1.8341754878316157,4.777937312454386,4.780303366105686,4.788877543589678
05/17/2023 16:15:27.267379,1216,True,True,True,True,Eyes,1.0725,-0.2954899,-3.429224,-0.4670184,-0.1648283,0.8687493,0.0,0.0,0.0,0.0,0.0,0.0,0.0,0.6669567,0.9742154,3.412226,1.065817,-0.2969221,-3.437017,0.09411784,-0.2399103,0.02401262,0.9659236,11.14794,332.11,0.07177354,0.2983861,-0.08153681,-0.9509556,0,0,0,0.6023052,-0.4897369,-2.697456,-0.06375071,-0.02079591,0.8913328,0.8837329,0.001229042,0.46799,-0.09154838,0.9811305,0.1702995,-0.4589499,-0.193343,0.8671698,moving,-0.36433365319541855,1.6609441214948037,-4.090994147975282,-1.336539780505037,-0.46351180000000003,-0.19281479999999995,0.7395610000000001,-0.0063561071227000165,0.028984296654888678,0.9995596085875048,-0.43408681354753664,1.7581938288532943,4.780066523868729,4.78256293069951,4.790652081448149
05/17/2023 16:15:27.277308,1217,True,True,True,True,Eyes,1.071987,-0.2956527,-3.429219,-0.4696124,-0.1677441,0.8667907,0.0,0.0,0.0,0.0,0.0,0.0,0.0,0.6762919,0.9842013,3.407189,1.065356,-0.2971494,-3.436812,0.09553076,-0.2411116,0.02446497,0.9654744,11.31849,331.963,0.06856759,0.2982965,-0.08157944,-0.95098,0,0,0,0.5981807,-0.4927751,-2.697304,-0.06477472,-0.02054086,0.8937435,0.8825334,0.001173455,0.4702484,-0.09330774,0.9805506,0.1726674,-0.4608998,-0.1962626,0.8654782,moving,-0.4034530027079506,1.662044033791172,-4.14530599815449,-1.3165941137717192,-0.46717529999999996,-0.1956257,0.7395080000000003,-0.007038562837943602,0.02900335425731787,0.999554536281068,-0.4732243708056001,1.759453439164032,4.780138926067318,4.782650839612812,4.790224632085149
05/17/2023 16:15:27.297490,1218,True,True,True,True,Eyes,1.071482,-0.2958153,-3.429207,-0.4722094,-0.1706726,0.8648059,0.0,0.0,0.0,0.0,0.0,0.0,0.0,0.6845489,0.9921699,3.40306,1.065141,-0.2973871,-3.436693,0.09665132,-0.2421975,0.02483199,0.9650815,11.45401,331.8304,0.06502953,0.2982029,-0.08162265,-0.9510056,0,0,0,0.5942137,-0.4956971,-2.697156,-0.06604943,-0.0206743,0.8962277,0.8814475,0.001112372,0.4722807,-0.09474721,0.9800838,0.1745243,-0.4626805,-0.1985813,0.8639978,moving,-0.45778130538169387,1.6272826580806148,-4.214916071222649,-1.3214723071272385,-0.47092729999999994,-0.19831,0.7395369999999999,-0.007986484426300816,0.02839671782828794,0.9995648758319886,-0.5273191802310054,1.7244746457418803,4.773535619943402,4.776109032835069,4.782903267905792
05/17/2023 16:15:27.317687,1219,True,True,True,True,Eyes,1.070985,-0.2959803,-3.429186,-0.474736,-0.1735932,0.862839,0.0,0.0,0.0,0.0,0.0,0.0,0.0,0.6910989,1.001458,3.398677,1.064817,-0.2975105,-3.436451,0.0979796,-0.2430472,0.02518694,0.9647248,11.6124,331.7248,0.05671507,0.2981058,-0.08166639,-0.9510323,0,0,0,0.5901574,-0.4986851,-2.697006,-0.06776428,-0.02064662,0.8986287,0.8805874,0.0009696061,0.4738828,-0.09622425,0.9795313,0.1768034,-0.4640116,-0.2012899,0.8626562,moving,-0.5348059331757147,1.6156837869921694,-4.312429414478298,-1.3161788597501956,-0.47465959999999985,-0.20117459999999998,0.7394449999999999,-0.009330278344805515,0.02819403751097843,0.9995589281568538,-0.6042815019938876,1.7130236223891049,4.779206122241258,4.781867600200971,4.788155032855702
05/17/2023 16:15:27.331019,1220,True,True,True,True,Eyes,1.070486,-0.2961535,-3.429174,-0.4771891,-0.1765106,0.8608917,0.0,0.0,0.0,0.0,0.0,0.0,0.0,0.6966235,1.010951,3.394427,1.064505,-0.297709,-3.436224,0.09932067,-0.2437398,0.025624,0.9644014,11.77454,331.6386,0.0589273,0.2980059,-0.08171068,-0.9510598,0,0,0,0.5856474,-0.5020071,-2.696839,-0.07017019,-0.02073944,0.9013206,0.8798686,0.001006833,0.4752159,-0.09784044,0.9789577,0.1790788,-0.465036,-0.2040611,0.8614526,moving,-0.6266220974834822,1.6079916030373878,-4.451648437218223,-1.3181466516510751,-0.4788576,-0.20429810000000004,0.739385,-0.010932094342609694,0.028059386280527066,0.9995464513242517,-0.6960671380693774,1.7055819190719985,4.813110628914833,4.815922713791802,4.821548025678426
05/17/2023 16:15:27.347363,1221,True,True,True,True,Eyes,1.069999,-0.2963347,-3.429153,-0.4795544,-0.1794385,0.85897,0.0,0.0,0.0,0.0,0.0,0.0,0.0,0.70147,1.01893,3.390983,1.064393,-0.2980415,-3.436173,0.1004228,-0.244365,0.02595812,0.96412,11.90712,331.5607,0.05702408,0.2979034,-0.08175568,-0.951088,0,0,0,0.5819981,-0.5046952,-2.696704,-0.07204592,-0.02057689,0.9036655,0.8792239,0.0009738388,0.4764078,-0.09913313,0.9784828,0.1809528,-0.4659807,-0.2063258,0.8604021,moving,-0.7216649186149693,1.5699482837913679,-4.5583396266619065,-1.3044265305463827,-0.48239489999999996,-0.2066537,0.7394690000000002,-0.012590369098866655,0.027395167249824118,0.9995454197578609,-0.7908638488679831,1.6674338158298982,4.791089101792033,4.79396530949758,4.79852348693092
05/17/2023 16:15:27.367249,1222,True,True,True,True,Eyes,1.069538,-0.2965241,-3.429121,-0.4818574,-0.1824099,0.8570531,0.0,0.0,0.0,0.0,0.0,0.0,0.0,0.7045435,1.030285,3.38662,1.064205,-0.298387,-3.435913,0.1020067,-0.2447378,0.02639607,0.9638472,12.09645,331.5113,0.05588886,0.2977988,-0.08180156,-0.9511167,0,0,0,0.5779941,-0.5076446,-2.696555,-0.07469285,-0.01976182,0.9060188,0.8788133,0.000953788,0.4771648,-0.1008133,0.9777958,0.1837175,-0.4663945,-0.2095579,0.859396,moving,-0.8415195567792746,1.5859576842724739,-4.7128481748395865,-1.2495208416068868,-0.4862109000000001,-0.2092576,0.7393580000000002,-0.014681133645312705,0.027673665178886753,0.9995091667127596,-0.9108644055815854,1.6840854773476446,4.7957315603726505,4.798658535438395,4.802200184947649
05/17/2023 16:15:27.376920,1223,True,True,True,True,Eyes,1.069086,-0.296715,-3.429086,-0.4840537,-0.1854094,0.8551698,0.0,0.0,0.0,0.0,0.0,0.0,0.0,0.7051594,1.042912,3.382439,1.064178,-0.2987393,-3.435708,0.1037678,-0.2448024,0.02675215,0.9636328,12.30327,331.4968,0.04417407,0.2976932,-0.08184844,-0.9511458,0,0,0,0.5736311,-0.5108584,-2.696393,-0.07829598,-0.01886244,0.9086974,0.8787121,0.0007532733,0.4773514,-0.1023637,0.9770331,0.1868902,-0.4662473,-0.2130861,0.858608,moving,-0.9897750232493535,1.6174138271025589,-4.924606264636705,-1.1891560604351008,-0.4905469000000001,-0.21211910000000006,0.7393149999999999,-0.017267093778577047,0.028221239731342093,0.999452563168737,-1.0593834672845512,1.7164771094479017,4.8301613987312075,4.833190605783211,4.835561124739833
05/17/2023 16:15:27.396835,1224,True,True,True,True,Eyes,1.06863,-0.2969101,-3.429061,-0.4861039,-0.1884307,0.8533446,0.0,0.0,0.0,0.0,0.0,0.0,0.0,0.7049657,1.056799,3.377973,1.063912,-0.2989336,-3.435583,0.1057473,-0.2447779,0.02682532,0.9634219,12.5265,331.4883,-0.004756034,0.2975868,-0.08189628,-0.9511749,0,0,0,0.5697721,-0.513701,-2.69625,-0.08129784,-0.01759644,0.9110396,0.8787283,-8.103337e-05,0.4773221,-0.1034574,0.9761958,0.1906261,-0.4659753,-0.2168911,0.8578026,moving,-1.1360254833330996,1.6630240405845826,-5.099358706912863,-1.1065121673008353,-0.49413989999999997,-0.21476739999999994,0.7393329999999998,-0.01981773981924881,0.02901547225721801,0.9993825574848739,-1.2059979254849613,1.763186615698384,4.83206751997839,4.835115412057865,4.83667543665151
05/17/2023 16:15:27.417113,1225,True,True,True,True,Eyes,1.068181,-0.2971119,-3.429036,-0.4880726,-0.1914604,0.8515445,0.0,0.0,0.0,0.0,0.0,0.0,0.0,0.7059401,1.071357,3.373165,1.063822,-0.2991861,-3.435574,0.1078116,-0.2449155,0.02698668,0.9631536,12.76174,331.4604,359.9515,0.2974796,-0.08194507,-0.9512042,0,0,0,0.5657526,-0.5166617,-2.696101,-0.08423904,-0.01611117,0.9136914,0.8785762,-0.0008248565,0.4776015,-0.1047941,0.9752968,0.1944594,-0.4659636,-0.2208972,0.8567861,moving,-1.2584373307708459,1.7199582327992515,-5.267572081156828,-1.010194897478716,-0.4980694,-0.2174756,0.7394729999999998,-0.02195221885494611,0.030007192737043498,0.9993085867691501,-1.328848207727152,1.8212679496359545,4.8474437054205985,4.850453335670704,4.85084813261718
05/17/2023 16:15:27.439078,1226,True,True,True,True,Eyes,1.067736,-0.2973159,-3.42902,-0.4899584,-0.1944849,0.8497744,0.0,0.0,0.0,0.0,0.0,0.0,0.0,0.7077849,1.08329,3.368837,1.06353,-0.2995181,-3.435511,0.109489,-0.2451255,0.02725281,0.9629034,12.95674,331.4273,359.9298,0.2973719,-0.08199491,-0.9512336,0,0,0,0.5617113,-0.5196385,-2.695952,-0.08697218,-0.01518413,0.9162028,0.8783415,-0.001193435,0.4780321,-0.1061607,0.9745389,0.1974939,-0.4660966,-0.2242153,0.8558513,moving,-1.3700868007359084,1.7371989405821215,-5.422654694865296,-0.9494698415185557,-0.5018187000000001,-0.2201204,0.7395589999999999,-0.023899265422976684,0.030306539281515735,0.9992549623309108,-1.4406502029638693,1.8391351169392185,4.859242728859871,4.862252120287741,4.861345224097793
05/17/2023 16:15:27.447306,1227,True,True,True,True,Eyes,1.0673,-0.2975182,-3.428994,-0.4917744,-0.1975023,0.8480276,0.0,0.0,0.0,0.0,0.0,0.0,0.0,0.7101926,1.097195,3.363849,1.063507,-0.2997405,-3.43552,0.1114719,-0.2454743,0.02739015,0.9625831,13.18224,331.3736,359.8825,0.2972636,-0.08204572,-0.9512631,0,0,0,0.557653,-0.5226279,-2.695801,-0.08959422,-0.01385796,0.9189844,0.8779843,-0.001996374,0.4786854,-0.1074576,0.9736476,0.2011548,-0.4664724,-0.2280491,0.8546327,moving,-1.4583314386481618,1.784599856119624,-5.568319643576178,-0.8639346267460469,-0.505854,-0.2228874,0.739719,-0.025437601373159008,0.03113203059990162,0.9991915504394123,-1.529256240780679,1.8874399384884475,4.886513171312285,4.8894517025507005,4.887135681564535
05/17/2023 16:15:27.467182,1228,True,True,True,True,Eyes,1.066866,-0.297727,-3.42897,-0.4936143,-0.2004147,0.8462735,0.0,0.0,0.0,0.0,0.0,0.0,0.0,0.7121711,1.107578,3.359674,1.063298,-0.299875,-3.435229,0.1129661,-0.245738,0.02759009,0.9623359,13.35492,331.334,359.8576,0.2971551,-0.08209737,-0.9512925,0,0,0,0.5532156,-0.5258965,-2.695637,-0.09274322,-0.01372731,0.9216705,0.8777032,-0.002418276,0.4791985,-0.108622,0.9729549,0.2038628,-0.4667315,-0.2309826,0.853703,moving,-1.5610734802276773,1.7855178723326435,-5.74605399864505,-0.8532971134771857,-0.5100824,-0.2260215,0.739592,-0.027229283517096414,0.031146568472875377,0.9991438451666204,-1.6320320489895153,1.8887535293029982,4.944396609443393,4.947464650593016,4.944089231579336
05/17/2023 16:15:27.477199,1229,True,True,True,True,Eyes,1.066443,-0.297938,-3.428942,-0.4953776,-0.2033369,0.8445443,0.0,0.0,0.0,0.0,0.0,0.0,0.0,0.7137489,1.114793,3.356806,1.063266,-0.3002251,-3.435066,0.1139576,-0.2459202,0.02792786,0.9621627,13.47538,331.3093,359.8641,0.2970466,-0.08214996,-0.9513218,0,0,0,0.5496493,-0.5285234,-2.695504,-0.09547451,-0.01360117,0.9238904,0.8774865,-0.002306649,0.4795957,-0.1097912,0.9724674,0.2055554,-0.4668653,-0.2330275,0.8530738,moving,-1.6728037800447566,1.734216382878483,-5.899983105738516,-0.843426176133032,-0.5136167,-0.22829829999999995,0.7395619999999998,-0.029178425707745176,0.03025027800822469,0.9991163477290835,-1.7434261142746366,1.8372492376735599,4.947967713026622,4.951089396647992,4.946007146929167
05/17/2023 16:15:27.507111,1230,True,True,True,True,Eyes,1.066045,-0.2981512,-3.428904,-0.4971742,-0.2061777,0.8427981,0.0,0.0,0.0,0.0,0.0,0.0,0.0,0.7155576,1.125914,3.352551,1.06312,-0.3004586,-3.434939,0.1155291,-0.2461075,0.02838088,0.9619142,13.664,331.2813,359.8664,0.2969383,-0.08220346,-0.951351,0,0,0,0.5455014,-0.5315788,-2.695351,-0.09853563,-0.01283412,0.9265325,0.8772513,-0.002265242,0.4800263,-0.1114651,0.9716951,0.2082887,-0.466911,-0.2362277,0.8521683,moving,-1.7838587846098335,1.7555750243388148,-6.07052065818102,-0.7935975098692956,-0.5176186,-0.2311202,0.7395879999999999,-0.031114583094048243,0.03062093813163276,0.9990466992855548,-1.854662852009697,1.8592819533746345,4.984218470578498,4.987359083471916,4.9810868782181545
05/17/2023 16:15:27.517355,1231,True,True,True,True,Eyes,1.065704,-0.2983561,-3.428836,-0.499226,-0.2088979,0.8409132,0.0,0.0,0.0,0.0,0.0,0.0,0.0,0.7168924,1.135425,3.348891,1.063048,-0.300708,-3.434777,0.1168576,-0.2462037,0.02898335,0.961711,13.82978,331.2679,359.8941,0.2968309,-0.08225784,-0.9513798,0,0,0,0.5413143,-0.534663,-2.695195,-0.1019445,-0.0123876,0.9291801,0.8770875,-0.001794339,0.4803274,-0.1132888,0.9710085,0.2104949,-0.4667797,-0.2390382,0.8514561,moving,-1.9250523125250072,1.7615659836884745,-6.261133775407649,-0.763807956133531,-0.5217337,-0.23395500000000002,0.739582,-0.03357632160692364,0.030722949320584433,0.9989637994677504,-1.995936509435739,1.8658737716491007,5.014643809614234,5.017879630749087,5.010701917604768
05/17/2023 16:15:27.531025,1232,True,True,True,True,Eyes,1.065373,-0.2985626,-3.428764,-0.5012169,-0.2115708,0.8390586,0.0,0.0,0.0,0.0,0.0,0.0,0.0,0.7199905,1.142757,3.34552,1.062794,-0.3007247,-3.434649,0.1179304,-0.2465979,0.02918179,0.961473,13.95538,331.215,359.8791,0.296726,-0.08231281,-0.9514078,0,0,0,0.5360588,-0.5385342,-2.695001,-0.1054606,-0.01350808,0.9326192,0.8766758,-0.002047765,0.4810773,-0.1142778,0.9704817,0.2123814,-0.4673116,-0.2411661,0.8505638,moving,-2.024997502507647,1.728972284207193,-6.45160209970435,-0.8298154897227289,-0.5267352000000001,-0.23780949999999995,0.7396479999999999,-0.035319447792138525,0.0301528533243057,0.9989210481996419,-2.0956757496841965,1.833259589571767,5.109343549738615,5.1129466193122175,5.105493437931272
05/17/2023 16:15:27.547524,1233,True,True,True,True,Eyes,1.065048,-0.298771,-3.428687,-0.503154,-0.2141986,0.8372306,0.0,0.0,0.0,0.0,0.0,0.0,0.0,0.7234043,1.148436,3.342665,1.062723,-0.3009539,-3.434484,0.1187345,-0.247061,0.02935426,0.96125,14.05018,331.1553,359.868,0.2966236,-0.08236836,-0.9514349,0,0,0,0.5322512,-0.5413389,-2.69486,-0.1078028,-0.01403023,0.9350992,0.8761984,-0.002235767,0.4819454,-0.1151029,0.9700809,0.2137625,-0.468004,-0.2427717,0.849726,moving,-2.1146965924574466,1.6682738716884484,-6.576305311305526,-0.8596014734042006,-0.5304718,-0.24038499999999996,0.7396240000000001,-0.036884420969310244,0.029092948719923142,0.9988959932639927,-2.1849657578282047,1.7721622027341501,5.124217493852257,5.127972905586425,5.119574505852576
05/17/2023 16:15:27.567046,1234,True,True,True,True,Eyes,1.064773,-0.298982,-3.428587,-0.5052763,-0.216745,0.8352948,0.0,0.0,0.0,0.0,0.0,0.0,0.0,0.7274413,1.154041,3.339612,1.062538,-0.3011952,-3.434281,0.1195305,-0.2475933,0.02955838,0.961008,14.14498,331.0877,359.8595,0.2965237,-0.08242448,-0.9514611,0,0,0,0.5293906,-0.543446,-2.694753,-0.1091229,-0.01398501,0.9368722,0.8756477,-0.002378221,0.4829445,-0.1160015,0.9696776,0.2151026,-0.4688119,-0.2443764,0.8488201,moving,-2.2088853018404677,1.612233570710335,-6.643633452251814,-0.8552100724629025,-0.5331473999999999,-0.2422508,0.739528,-0.038527535630157594,0.028114180847469528,0.9988619319541977,-2.27877979232777,1.7157961047158117,5.071210971458468,5.074964954540364,5.06576946135959
05/17/2023 16:15:27.576947,1235,True,True,True,True,Eyes,1.064495,-0.2991932,-3.428491,-0.5073605,-0.2192723,0.8333696,0.0,0.0,0.0,0.0,0.0,0.0,0.0,0.7318869,1.16301,3.335402,1.062449,-0.3014696,-3.434162,0.1208063,-0.2481832,0.0298426,0.9606873,14.29574,331.0104,359.8448,0.2964274,-0.08248122,-0.9514862,0,0,0,0.525432,-0.546362,-2.694607,-0.1112708,-0.01360807,0.9395404,0.875029,-0.002625352,0.4840634,-0.117303,0.9690306,0.2173012,-0.4696426,-0.246927,0.8476219,moving,-2.2919612539616616,1.6129872027936518,-6.754141560943107,-0.8297998304816945,-0.537017,-0.2448924,0.7395550000000002,-0.03997577982657197,0.02812571748672016,0.9988046804830335,-2.361883128564703,1.7168697307529972,5.083299961724994,5.087068073257049,5.077150774885308
05/17/2023 16:15:27.597025,1236,True,True,True,True,Eyes,1.06421,-0.2994011,-3.428403,-0.5096944,-0.2217544,0.8312861,0.0,0.0,0.0,0.0,0.0,0.0,0.0,0.7387294,1.170183,3.331269,1.062125,-0.3016645,-3.434136,0.1218399,-0.249058,0.03017843,0.9603201,14.42088,330.901,359.8386,0.2963343,-0.08253851,-0.9515103,0,0,0,0.5212621,-0.5494335,-2.694452,-0.1128343,-0.01381207,0.9424078,0.8741187,-0.002728507,0.4857046,-0.1186523,0.9684886,0.2189782,-0.4709969,-0.249043,0.8462504,moving,-2.360383418741965,1.591128172821129,-6.827511526995913,-0.8396754160897111,-0.5408629,-0.24776900000000002,0.739684,-0.041168957144468776,0.02774331505736645,0.9987669401823402,-2.430167541991052,1.6950021794388817,5.081805165378568,5.0856700269890025,5.075551658266621
05/17/2023 16:15:27.617257,1237,True,True,True,True,Eyes,1.063926,-0.2996053,-3.428316,-0.5119995,-0.2241787,0.8292168,0.0,0.0,0.0,0.0,0.0,0.0,0.0,0.7461995,1.175696,3.327537,1.062007,-0.3017916,-3.434041,0.1226554,-0.2501007,0.03025375,0.9599428,14.51404,330.7693,359.8065,0.2962439,-0.08259618,-0.9515334,0,0,0,0.5173441,-0.5523195,-2.694307,-0.1140251,-0.01447746,0.9452074,0.8730687,-0.003268657,0.4875862,-0.1194361,0.9680808,0.2203513,-0.4727431,-0.2506173,0.8448106,moving,-2.4058938821471707,1.539771416031887,-6.878637375281296,-0.8775137584936562,-0.5446629,-0.25052789999999997,0.7397340000000003,-0.041963301437310335,0.026847178188104753,0.9987584238903806,-2.475323832665074,1.6431941549114422,5.080161665428554,5.084161874916518,5.073769657689488
05/17/2023 16:15:27.627545,1238,True,True,True,True,Eyes,1.063666,-0.2998108,-3.428222,-0.5146417,-0.2265912,0.8269222,0.0,0.0,0.0,0.0,0.0,0.0,0.0,0.7538465,1.179712,3.324229,1.061762,-0.3018952,-3.433951,0.123262,-0.2511641,0.03025266,0.9595872,14.58157,330.6355,359.7716,0.2961558,-0.0826541,-0.9515558,0,0,0,0.5132184,-0.5553585,-2.694154,-0.1152335,-0.01571932,0.9481124,0.8720027,-0.003857822,0.4894858,-0.1199781,0.9677826,0.2213645,-0.4745698,-0.251758,0.8434461,moving,-2.4726292968463834,1.4629078538710256,-6.9297356190877215,-0.9498538168121896,-0.5485436000000001,-0.2534633,0.7397969999999998,-0.04312809217388944,0.025506030163876342,0.9987439042316554,-2.54152880634394,1.5656500413301075,5.0639820579945525,5.0682556809302515,5.058074603220056
05/17/2023 16:15:27.647039,1239,True,True,True,True,Eyes,1.063398,-0.3000151,-3.428133,-0.5172837,-0.2289546,0.8246195,0.0,0.0,0.0,0.0,0.0,0.0,0.0,0.763403,1.184811,3.320235,1.061566,-0.3021412,-3.433994,0.1240067,-0.2524849,0.03030773,0.9591429,14.66605,330.4699,359.7346,0.2960706,-0.08271228,-0.9515772,0,0,0,0.5091803,-0.558333,-2.694004,-0.1158284,-0.01643291,0.9511376,0.8706657,-0.004480741,0.4918548,-0.1207585,0.9674075,0.2225758,-0.4768214,-0.2531848,0.8417475,moving,-2.508937320546368,1.4060578475237566,-6.9432233867638935,-0.9898070715234664,-0.5523857,-0.25619179999999997,0.7399900000000001,-0.04376206762376758,0.0245143675547691,0.9987411487206195,-2.5774410463379374,1.5082478467971727,5.035751411094805,5.04014500062965,5.029943719259796
05/17/2023 16:15:27.667190,1240,True,True,True,True,Eyes,1.063148,-0.3002189,-3.428042,-0.5201958,-0.2312932,0.8221313,0.0,0.0,0.0,0.0,0.0,0.0,0.0,0.775926,1.189087,3.315655,1.061144,-0.3023008,-3.43397,0.124659,-0.2541851,0.03042213,0.9586056,14.74178,330.2596,359.701,0.2959877,-0.08277065,-0.951598,0,0,0,0.5049798,-0.5614272,-2.693849,-0.1156649,-0.01746823,0.9542329,0.8689288,-0.005047245,0.4949113,-0.1216986,0.9670693,0.2235318,-0.4797417,-0.2544633,0.8397002,moving,-2.5204390683056643,1.342319389342858,-6.911245229976089,-1.048741955637279,-0.5561642000000001,-0.25912640000000003,0.7401209999999998,-0.04396373152561836,0.02340310122383274,0.9987590171342735,-2.5884913160574077,1.4437810038567322,4.995085743297878,4.999635297181304,4.989876962802196
05/17/2023 16:15:27.677093,1241,True,True,True,True,Eyes,1.062889,-0.3004197,-3.427957,-0.5231522,-0.2335892,0.8196022,0.0,0.0,0.0,0.0,0.0,0.0,0.0,0.7925184,1.193553,3.310184,1.060862,-0.3025002,-3.434099,0.1253404,-0.256449,0.03061493,0.9579074,14.82285,329.9813,359.6661,0.2959072,-0.08282917,-0.9516179,0,0,0,0.5007176,-0.5645667,-2.693691,-0.1144893,-0.01830985,0.9577066,0.8665932,-0.005634313,0.4989834,-0.1229394,0.9667051,0.2244266,-0.4836343,-0.2558313,0.8370473,moving,-2.4694756117069723,1.2872892700232244,-6.81708812543129,-1.0952721208219578,-0.5601444,-0.2620665,0.740408,-0.043076280889763896,0.022444692130659014,0.9988195907100473,-2.537121932106963,1.3878941498269586,4.9530867791814055,4.957654016834819,4.9481537308058225
05/17/2023 16:15:27.696955,1242,True,True,True,True,Eyes,1.062652,-0.3006231,-3.42786,-0.5263386,-0.2358538,0.8169092,0.0,0.0,0.0,0.0,0.0,0.0,0.0,0.8108426,1.19808,3.303983,1.060443,-0.3026166,-3.434101,0.1260617,-0.2589765,0.03069101,0.9571299,14.90466,329.6686,359.612,0.2958288,-0.08288774,-0.9516372,0,0,0,0.4969579,-0.5673361,-2.693551,-0.1122503,-0.01897629,0.9607531,0.8639784,-0.006543488,0.5034864,-0.1240446,0.966333,0.2254184,-0.4880105,-0.2572114,0.8340792,moving,-2.401916680636939,1.2343263896704078,-6.663982001086348,-1.1315289778136666,-0.5634851000000001,-0.2647195,0.7405500000000003,-0.041899368664065156,0.021522476097276616,0.998889985832892,-2.469167418617028,1.3340374537196396,4.870182353253301,4.874676647289616,4.865746315787654
05/17/2023 16:15:27.717146,1243,True,True,True,True,Eyes,1.062403,-0.3008174,-3.42777,-0.5295616,-0.2380771,0.8141767,0.0,0.0,0.0,0.0,0.0,0.0,0.0,0.8291532,1.203454,3.29739,1.060207,-0.3028824,-3.434065,0.126882,-0.2615028,0.03090402,0.9563275,15.00151,329.3566,359.5699,0.2957529,-0.08294643,-0.9516557,0,0,0,0.4928224,-0.5703823,-2.693398,-0.1104969,-0.01941225,0.9640964,0.8613224,-0.007251272,0.508007,-0.1254687,0.9658918,0.2265185,-0.4923224,-0.2588444,0.8310345,moving,-2.3382294472912895,1.199299233193921,-6.538247997899297,-1.153504693445657,-0.5673845999999999,-0.2674999,0.7406669999999997,-0.04078955110018723,0.02091277180688192,0.9989488280478928,-2.4052135300362587,1.2983480450303069,4.809725412194027,4.814129427286101,4.805575487256025
05/17/2023 16:15:27.727515,1244,True,True,True,True,Eyes,1.0622,-0.3010073,-3.42766,-0.5329546,-0.2402026,0.8113335,0.0,0.0,0.0,0.0,0.0,0.0,0.0,0.8482227,1.20759,3.2909,1.05969,-0.3028452,-3.434111,0.1275738,-0.2641153,0.03102264,0.9555133,15.08098,329.0335,359.5191,0.2956788,-0.083005,-0.9516736,0,0,0,0.4887535,-0.5733795,-2.693247,-0.1081906,-0.02040538,0.9674277,0.8585613,-0.008103289,0.5126468,-0.1266735,0.965525,0.2274098,-0.4968161,-0.260184,0.8279361,moving,-2.2757221793630804,1.152332162119977,-6.381060376776373,-1.2083268029901797,-0.5709365,-0.27053430000000006,0.7408640000000002,-0.03970038332214923,0.0200947792610274,0.999009520645672,-2.342354774772114,1.2505786287810716,4.731235506725034,4.735663888484441,4.7283568881858695
05/17/2023 16:15:27.747387,1245,True,True,True,True,Eyes,1.061979,-0.3011925,-3.427554,-0.5364403,-0.2422546,0.808421,0.0,0.0,0.0,0.0,0.0,0.0,0.0,0.8711474,1.207982,3.284842,1.059229,-0.3029472,-3.434321,0.1277097,-0.2672495,0.03115975,0.9546188,15.09873,328.6514,359.4796,0.2956076,-0.08306332,-0.9516906,0,0,0,0.4847134,-0.5763555,-2.693097,-0.1048324,-0.02217714,0.9709535,0.8552135,-0.008769365,0.5182016,-0.1277521,0.9654385,0.2271733,-0.5022841,-0.260483,0.8245358,moving,-2.162161833809879,1.0493799282631926,-6.162268838814292,-1.3084412683106197,-0.5745156,-0.2734083,0.7412240000000003,-0.03772156833213397,0.018301076552530188,0.9991206903101508,-2.2280301802774787,1.145955420811744,4.63883216890472,4.643293749753308,4.637056925453942
05/17/2023 16:15:27.767187,1246,True,True,True,True,Eyes,1.061813,-0.3013851,-3.427418,-0.5400114,-0.2442838,0.8054274,0.0,0.0,0.0,0.0,0.0,0.0,0.0,0.8966396,1.208744,3.277485,1.058648,-0.3030103,-3.434294,0.1279324,-0.2707861,0.03114949,0.9535922,15.12112,328.2169,359.4138,0.2955387,-0.0831213,-0.951707,0,0,0,0.4805828,-0.579398,-2.692944,-0.1006695,-0.02403563,0.974391,0.8514093,-0.009876785,0.5244091,-0.1286924,0.9653261,0.2271209,-0.5084689,-0.2608603,0.8206165,moving,-2.0051542233493698,0.9523838240463207,-5.898602815135415,-1.4130476772568321,-0.5780652000000001,-0.27638769999999996,0.7413500000000002,-0.03498457540880184,0.016611294768686252,0.9992498827183987,-2.070289283841334,1.047197848340025,4.55123696499693,4.555678667798907,4.550691435387452
05/17/2023 16:15:27.777306,1247,True,True,True,True,Eyes,1.061635,-0.3015744,-3.427287,-0.5436236,-0.2462993,0.8023778,0.0,0.0,0.0,0.0,0.0,0.0,0.0,0.9209265,1.212074,3.269511,1.05839,-0.303383,-3.434342,0.128474,-0.2741676,0.03128746,0.9525481,15.18351,327.7999,359.3564,0.2954734,-0.08317921,-0.9517222,0,0,0,0.4762728,-0.5825728,-2.692785,-0.0971497,-0.02494307,0.9780872,0.8477064,-0.01084123,0.5303549,-0.1300525,0.9650311,0.2275994,-0.5142764,-0.2619115,0.8166531,moving,-1.8694433114191886,0.8962571686373813,-5.672367812470714,-1.4608339108912536,-0.5821171999999999,-0.2791898,0.7415569999999998,-0.032618166809928184,0.015633678043208254,0.999345656364749,-1.9341421723181411,0.9898840592937372,4.469882124650059,4.474160604838796,4.469938423074948
05/17/2023 16:15:27.797302,1248,True,True,True,True,Eyes,1.061491,-0.3017614,-3.42713,-0.547206,-0.2482841,0.7993251,0.0,0.0,0.0,0.0,0.0,0.0,0.0,0.9428555,1.217426,3.261095,1.057986,-0.303474,-3.434299,0.1293471,-0.277181,0.03159914,0.951547,15.28836,327.4266,359.3128,0.295411,-0.08323696,-0.9517366,0,0,0,0.4725592,-0.5853082,-2.692647,-0.09375644,-0.02508435,0.9812152,0.8443444,-0.01156898,0.5356759,-0.1318412,0.9645416,0.2286423,-0.5193269,-0.263677,0.81288,moving,-1.7754453620684243,0.8841593789044775,-5.458118521986194,-1.4644233097386468,-0.5854268,-0.2818341999999999,0.7416520000000002,-0.030978723326178403,0.01542347381354181,0.9994010463249589,-1.8400330488955736,0.9772881071567009,4.363780022728795,4.367828092790843,4.364916623944433
05/17/2023 16:15:27.817235,1249,True,True,True,True,Eyes,1.061333,-0.3019422,-3.426983,-0.5508098,-0.2502384,0.7962344,0.0,0.0,0.0,0.0,0.0,0.0,0.0,0.9623531,1.221355,3.25374,1.057593,-0.3035956,-3.434237,0.1300034,-0.2799054,0.03165729,0.9506577,15.36099,327.0868,359.2521,0.2953523,-0.08329454,-0.9517498,0,0,0,0.4683939,-0.5883765,-2.692492,-0.09125602,-0.02604219,0.9845983,0.8413016,-0.01258683,0.5404195,-0.1329678,0.9641938,0.2294554,-0.5239573,-0.2648996,0.8095042,moving,-1.7162713329787962,0.8404695994407213,-5.295245696922038,-1.5150948088682314,-0.5891991000000001,-0.28478089999999995,0.7417449999999999,-0.029946885551368818,0.014661856142731744,0.9994439085682512,-1.7805317862602692,0.9328481205622328,4.280576401287842,4.284593467232899,4.28318088102148
05/17/2023 16:15:27.827325,1250,True,True,True,True,Eyes,1.061178,-0.3021292,-3.426835,-0.5541917,-0.252149,0.7932795,0.0,0.0,0.0,0.0,0.0,0.0,0.0,0.9820755,1.225303,3.246294,1.057134,-0.3036109,-3.434319,0.1306755,-0.2826186,0.03184385,0.9497561,15.43941,326.7494,359.205,0.2952965,-0.08335178,-0.9517621,0,0,0,0.4643157,-0.5913805,-2.692341,-0.08856958,-0.02689393,0.9880329,0.8382255,-0.01337489,0.5451598,-0.1343504,0.9638197,0.2302205,-0.5285149,-0.2662191,0.8061013,moving,-1.6448313548404732,0.8058685754570204,-5.122436089611778,-1.559187243816645,-0.5928183,-0.28776959999999996,0.741978,-0.02870094189376543,0.01405880170149909,0.9994891343577819,-1.7088261376913085,0.8975609908251035,4.201670281603944,4.20561811385485,4.205751394491337
05/17/2023 16:15:27.847193,1251,True,True,True,True,Eyes,1.061015,-0.3023144,-3.426689,-0.5575607,-0.2540464,0.7903079,0.0,0.0,0.0,0.0,0.0,0.0,0.0,1.00093,1.227734,3.239549,1.056866,-0.3039408,-3.434316,0.1310785,-0.285171,0.03231369,0.9489214,15.49749,326.438,359.2013,0.2952433,-0.08340888,-0.9517736,0,0,0,0.4602312,-0.5943891,-2.69219,-0.08651492,-0.0277286,0.9913785,0.8352666,-0.01343327,0.549681,-0.1360858,0.9635485,0.2303365,-0.5327384,-0.2671962,0.8029919,moving,-1.5978653154941331,0.7524284356928812,-4.987412620389862,-1.602130421909945,-0.5966348000000001,-0.2904483,0.7421259999999998,-0.027881994583267844,0.013126871252446784,0.99952506920489,-1.6614665683589847,0.8432983182841102,4.123209773968973,4.12710289986109,4.128200438979055
05/17/2023 16:15:27.867521,1252,True,True,True,True,Eyes,1.060825,-0.3024984,-3.426561,-0.5606949,-0.2558969,0.7874885,0.0,0.0,0.0,0.0,0.0,0.0,0.0,1.017319,1.231772,3.23269,1.056557,-0.3040689,-3.434197,0.1317419,-0.2873499,0.03295618,0.9481499,15.59061,326.1721,359.2137,0.2951924,-0.08346583,-0.9517844,0,0,0,0.4562318,-0.597335,-2.692042,-0.08516124,-0.02812974,0.9945585,0.8326879,-0.01321726,0.553585,-0.1382068,0.963116,0.2308822,-0.5362182,-0.268762,0.8001481,moving,-1.5793963149842805,0.7365810465138194,-4.89413804403582,-1.620101598059543,-0.6003251999999999,-0.2932661,0.7421550000000003,-0.02755990095779154,0.012850528128404426,0.9995376169679095,-1.642879665421487,0.8271900170599146,4.0632711658557,4.067120088901837,4.069387827910226
05/17/2023 16:15:27.877254,1253,True,True,True,True,Eyes,1.060633,-0.3026757,-3.426436,-0.5637859,-0.2577577,0.7846696,0.0,0.0,0.0,0.0,0.0,0.0,0.0,1.030081,1.236163,3.226835,1.056336,-0.3042088,-3.434129,0.1324377,-0.2891105,0.03320245,0.9475089,15.67439,325.9514,359.1871,0.2951426,-0.08352257,-0.9517949,0,0,0,0.4519328,-0.6005018,-2.691882,-0.08480373,-0.02890013,0.9979961,0.8306255,-0.01365902,0.5566639,-0.1394975,0.9627157,0.2317735,-0.5390749,-0.2701702,0.7977508,moving,-1.603290275794164,0.708750441560632,-4.856984447042558,-1.6587167586397074,-0.6044031999999999,-0.296293,0.7422469999999999,-0.027976902851621244,0.012364871147842973,0.9995320690105886,-1.6665814938157892,0.7991119910632841,4.019918846361681,4.02385719230196,4.027355604714421
05/17/2023 16:15:27.896888,1254,True,True,True,True,Eyes,1.060416,-0.3028446,-3.426322,-0.5666081,-0.2595767,0.7820327,0.0,0.0,0.0,0.0,0.0,0.0,0.0,1.039791,1.244756,3.220292,1.056327,-0.3044184,-3.434001,0.1337246,-0.2906117,0.0328921,0.9468796,15.80473,325.7484,359.0809,0.2950937,-0.08357894,-0.9518052,0,0,0,0.448128,-0.6033043,-2.691741,-0.0845075,-0.0286123,1.001114,0.8289259,-0.01543412,0.5591455,-0.1400135,0.9620717,0.2341244,-0.5415515,-0.2723597,0.7953252,moving,-1.627541071413874,0.7276485324173745,-4.825096261808216,-1.6370941603538436,-0.6081989999999999,-0.29888590000000004,0.7422599999999999,-0.028399841115862523,0.012694398523129202,0.9995160065294202,-1.6909734785311457,0.8183295521714196,3.973098469661163,3.976979657809764,3.981435825011846
05/17/2023 16:15:27.917431,1255,True,True,True,True,Eyes,1.060204,-0.3030284,-3.426206,-0.5693602,-0.2613749,0.7794306,0.0,0.0,0.0,0.0,0.0,0.0,0.0,1.048091,1.247162,3.216416,1.055827,-0.3043764,-3.433923,0.1341389,-0.291706,0.03310617,0.946477,15.85675,325.6119,359.0714,0.295045,-0.08363473,-0.9518154,0,0,0,0.4438979,-0.6064202,-2.691584,-0.08523539,-0.03011943,1.004282,0.8276232,-0.01558976,0.5610675,-0.1409266,0.9618215,0.2346041,-0.5433043,-0.2732332,0.7938288,moving,-1.709377205961328,0.6706559894644812,-4.851179780540945,-1.7178432898472193,-0.6119291,-0.3020438,0.7423389999999999,-0.02982779215407333,0.011699679440904526,0.9994865462959486,-1.7724248750093472,0.7609534635072988,3.9424423411430145,3.9466254224219988,3.9526149714810037
05/17/2023 16:15:27.927555,1256,True,True,True,True,Eyes,1.060011,-0.3032199,-3.426082,-0.5717832,-0.2632172,0.7770333,0.0,0.0,0.0,0.0,0.0,0.0,0.0,1.053799,1.252702,3.212266,1.055575,-0.3046775,-3.433852,0.1349483,-0.2924825,0.03328541,0.9461158,15.95154,325.5098,359.0491,0.2949966,-0.08369041,-0.9518255,0,0,0,0.4400622,-0.6092457,-2.691442,-0.08642712,-0.03032286,1.007175,0.8266922,-0.01595631,0.5624282,-0.1419237,0.9613621,0.2358826,-0.5444609,-0.2748241,0.792486,moving,-1.8031266833742157,0.6530060411146122,-4.904617375288568,-1.7244741533010812,-0.6155127999999999,-0.3045682,0.74241,-0.031463262615971654,0.011391216643836868,0.9994400306050892,-1.8660733265888167,0.7434407117874957,3.9035819809871333,3.907896696033591,3.914505552073448
05/17/2023 16:15:27.947676,1257,True,True,True,True,Eyes,1.059816,-0.3034109,-3.425959,-0.5741226,-0.2650654,0.7746764,0.0,0.0,0.0,0.0,0.0,0.0,0.0,1.058421,1.260816,3.20751,1.055438,-0.3050286,-3.433808,0.1361232,-0.2930638,0.03375459,0.9457509,16.09685,325.4319,359.0495,0.2949489,-0.08374622,-0.9518353,0,0,0,0.4360168,-0.6122255,-2.691292,-0.08829141,-0.02965298,1.010301,0.8259485,-0.01593872,0.5635203,-0.1436324,0.9606622,0.2376928,-0.5451411,-0.2772618,0.7911682,moving,-1.9156088801266613,0.685616149465868,-4.994457743102289,-1.6811850974873226,-0.6194212000000001,-0.3071969,0.7425160000000002,-0.03342506234927134,0.011959287074108038,0.9993696470698449,-1.9788178699554861,0.776866411143859,3.8790520091040532,3.883433849523575,3.8905142415363154
05/17/2023 16:15:27.967193,1258,True,True,True,True,Eyes,1.059613,-0.303602,-3.425847,-0.5762532,-0.2669208,0.7724542,0.0,0.0,0.0,0.0,0.0,0.0,0.0,1.06201,1.267717,3.203393,1.055209,-0.305187,-3.43367,0.1371473,-0.2935219,0.03407722,0.9454494,16.2206,325.3686,359.0407,0.2949019,-0.08380213,-0.951845,0,0,0,0.4317525,-0.6153666,-2.691134,-0.09053111,-0.02971323,1.013504,0.8253673,-0.01607487,0.5643672,-0.144948,0.9600587,0.2393267,-0.5456728,-0.2793364,0.7900711,moving,-2.0278121979742267,0.6957984935985451,-5.104390787805489,-1.6792782001688147,-0.6234565000000001,-0.3101796,0.7425360000000003,-0.0353820046086229,0.012136072250886004,0.9993001473935229,-2.0911235259170176,0.7875918601485522,3.8820939644268853,3.8866856215399017,3.8942557037332635
05/17/2023 16:15:27.987261,1259,True,True,True,True,Eyes,1.059399,-0.3037861,-3.425742,-0.5781565,-0.2687215,0.7704051,0.0,0.0,0.0,0.0,0.0,0.0,0.0,1.063336,1.277473,3.198996,1.055145,-0.3053491,-3.433602,0.1385747,-0.2936979,0.03434303,0.9451768,16.38726,325.3348,359.0159,0.2948552,-0.08385812,-0.9518546,0,0,0,0.4275915,-0.6184316,-2.69098,-0.0932838,-0.02894413,1.016756,0.8251243,-0.01647774,0.564711,-0.1463187,0.9592352,0.2417823,-0.5456747,-0.2821282,0.7890772,moving,-2.153107796687954,0.7510241260618497,-5.242011788659136,-1.6306062987514154,-0.6275535,-0.3130825,0.7426219999999999,-0.03756675705385537,0.013098217432394435,0.999208374977442,-2.216846139538156,0.8439547467731268,3.895719883824465,3.9004475835488055,3.908334629052261
05/17/2023 16:15:27.997288,1260,True,True,True,True,Eyes,1.059188,-0.3039737,-3.42564,-0.5799916,-0.2705126,0.7683961,0.0,0.0,0.0,0.0,0.0,0.0,0.0,1.063533,1.283678,3.196132,1.05494,-0.3054271,-3.433367,0.1394946,-0.2936849,0.03464046,0.9450347,16.49916,325.3304,359.0162,0.2948084,-0.08391396,-0.9518642,0,0,0,0.4237402,-0.6212685,-2.690837,-0.0962598,-0.02908479,1.019513,0.8250985,-0.01646201,0.5647491,-0.1474078,0.9586827,0.2433077,-0.5454205,-0.2840012,0.7885809,moving,-2.301011813222069,0.7521324443791363,-5.39373058448998,-1.6340977087828634,-0.6311998,-0.3158414,0.7425299999999999,-0.04014598183869211,0.013116227317213527,0.9991076789053822,-2.3647972448413053,0.845629940411566,3.901246894935033,3.9062774788809405,3.9145224983661295
05/17/2023 16:15:28.016967,1261,True,True,True,True,Eyes,1.058976,-0.3041598,-3.425536,-0.5817646,-0.2722952,0.7664236,0.0,0.0,0.0,0.0,0.0,0.0,0.0,1.065378,1.288468,3.193633,1.054839,-0.3056095,-3.433423,0.1401878,-0.2938794,0.03497419,0.9448593,16.58706,325.3034,359.0252,0.2947616,-0.08396977,-0.9518738,0,0,0,0.4192085,-0.6246065,-2.690669,-0.09931055,-0.02979636,1.023092,0.8248234,-0.01630523,0.5651553,-0.148488,0.9582484,0.244359,-0.5455435,-0.2854718,0.7879646,moving,-2.422518095950515,0.7306900617772686,-5.544275933019477,-1.668201135142525,-0.6356305000000001,-0.318997,0.7427539999999997,-0.04226488668572603,0.012741205607505773,0.9990251255230118,-2.4861828113145994,0.8243827215403938,3.931604228283516,3.9370104099380745,3.9452386269546458
05/17/2023 16:15:28.027079,1262,True,True,True,True,Eyes,1.058754,-0.3043468,-3.425444,-0.5834406,-0.2740502,0.7645218,0.0,0.0,0.0,0.0,0.0,0.0,0.0,1.068521,1.293682,3.190251,1.054612,-0.3057449,-3.433274,0.1409683,-0.2942653,0.03530044,0.944611,16.68416,325.2515,359.0266,0.2947148,-0.08402552,-0.9518833,0,0,0,0.4156409,-0.6272345,-2.690537,-0.1011831,-0.02991071,1.025751,0.8243236,-0.0162738,0.5658849,-0.1496545,0.9577636,0.245545,-0.54598,-0.2870958,0.7870718,moving,-2.51358173002936,0.7205579934009407,-5.633599180535365,-1.6702610671192109,-0.6389711000000001,-0.32148960000000004,0.742737,-0.04385274565373898,0.012563680287858786,0.9989590177579324,-2.577198318729871,0.8144687879622942,3.925133412555981,3.9307155419348843,3.938967971535021
05/17/2023 16:15:28.047536,1263,True,True,True,True,Eyes,1.058499,-0.3045357,-3.425369,-0.5850004,-0.2758072,0.7626958,0.0,0.0,0.0,0.0,0.0,0.0,0.0,1.070912,1.299625,3.18694,1.054541,-0.3059385,-3.433192,0.1418378,-0.2946178,0.03537721,0.9443681,16.78251,325.199,358.9971,0.2946676,-0.0840812,-0.951893,0,0,0,0.4116643,-0.6301636,-2.690389,-0.10344,-0.03017485,1.028862,0.8238977,-0.01675767,0.5664909,-0.1503941,0.957261,0.2470486,-0.5464196,-0.2887397,0.7861648,moving,-2.596495869124401,0.7103009633382553,-5.741126448210554,-1.6799105264305907,-0.6428767,-0.32422510000000004,0.7428029999999999,-0.04529841755439229,0.01238404742609904,0.998896717206567,-2.6600612809446846,0.8043978846294695,3.9441134914583453,3.9499129667306243,3.9578720098308917
05/17/2023 16:15:28.067809,1264,True,True,True,True,Eyes,1.058249,-0.3047273,-3.425293,-0.5865055,-0.2775671,0.7608994,0.0,0.0,0.0,0.0,0.0,0.0,0.0,1.072275,1.306787,3.183254,1.054303,-0.3061579,-3.432971,0.1428891,-0.2947696,0.03567881,0.9441507,16.90895,325.1725,358.9899,0.2946191,-0.08413687,-0.951903,0,0,0,0.4116049,-0.6302074,-2.690387,-0.1030056,-0.0278094,1.028647,0.8236758,-0.01686638,0.5668101,-0.1516111,0.9566194,0.2487836,-0.5464177,-0.2908517,0.7853872,moving,-2.701187590654506,0.7281396035821299,-5.718363477018896,-1.5486101954158296,-0.6426981,-0.3240495,0.7425840000000004,-0.04712336014212465,0.012693974310073075,0.998808462818648,-2.7649079482974894,0.8228441850438485,3.7744677481644264,3.779806870264139,3.7877031877823315
05/17/2023 16:15:28.077025,1265,True,True,True,True,Eyes,1.058001,-0.3049179,-3.425216,-0.5879712,-0.2793494,0.7591139,0.0,0.0,0.0,0.0,0.0,0.0,0.0,1.075268,1.312758,3.179671,1.054189,-0.3063969,-3.432878,0.1437656,-0.2951227,0.0361071,0.9438911,17.02028,325.1249,358.9996,0.2945696,-0.08419261,-0.9519134,0,0,0,0.4116049,-0.6302074,-2.690387,-0.1021981,-0.02556644,1.028573,0.8231978,-0.01669461,0.5675091,-0.1530193,0.9560555,0.250086,-0.5467454,-0.2927101,0.7844682,static,-2.782959636679965,0.7309008701155211,-5.674234228945804,-1.423863492581653,-0.6425841000000001,-0.32381049999999995,0.7424910000000002,-0.04854877431374832,0.012741239513613833,0.9987396106149485,-2.846721349626496,0.8259448646141175,3.6010404555858146,3.6058949272866716,3.6133733168362907
05/17/2023 16:15:28.096969,1266,True,True,True,True,Eyes,1.057743,-0.3051068,-3.425149,-0.5894355,-0.281131,0.7573184,0.0,0.0,0.0,0.0,0.0,0.0,0.0,1.079161,1.321074,3.174727,1.053963,-0.3065381,-3.43277,0.1450105,-0.2956551,0.03632141,0.9435258,17.1647,325.0474,358.9682,0.2945192,-0.08424838,-0.9519241,0,0,0,0.4116049,-0.6302074,-2.690387,-0.1007872,-0.02289261,1.028512,0.8225376,-0.01720579,0.5684503,-0.1542866,0.9553055,0.252165,-0.5473825,-0.2951194,0.78312,static,-2.8374349370558423,0.7655855541179403,-5.596728906908181,-1.2750783601463789,-0.6423581,-0.3236693,0.7423830000000002,-0.04949793412348896,0.013345212768859888,0.9986850687846848,-2.9014584224507067,0.8612531845588439,3.4276062885027203,3.4319108996365353,3.4392434419927636
05/17/2023 16:15:28.117206,1267,True,True,True,True,Eyes,1.057486,-0.3052895,-3.425075,-0.5908676,-0.2828825,0.7555481,0.0,0.0,0.0,0.0,0.0,0.0,0.0,1.082769,1.330893,3.169271,1.053885,-0.3066623,-3.432671,0.146476,-0.2962112,0.03637023,0.943123,17.32769,324.9614,358.9092,0.2944677,-0.08430411,-0.9519351,0,0,0,0.4116049,-0.6302074,-2.690387,-0.09934968,-0.01991735,1.028553,0.8218723,-0.01817244,0.5693818,-0.1553789,0.9544439,0.2547432,-0.5480725,-0.2978363,0.7816074,static,-2.882435058777555,0.8194532185612192,-5.517180720768246,-1.1093618760737975,-0.6422801,-0.3235451,0.7422840000000002,-0.05028163323662266,0.014283578380559298,0.9986329143871255,-2.946854602035121,0.9159411995731833,3.2615543408096737,3.265304330789192,3.2723735888291863
05/17/2023 16:15:28.127759,1268,True,True,True,True,Eyes,1.057182,-0.3054768,-3.42504,-0.5923187,-0.2846255,0.7537552,0.0,0.0,0.0,0.0,0.0,0.0,0.0,1.08628,1.334824,3.166041,1.053651,-0.3066849,-3.432395,0.1470926,-0.2967335,0.03635978,0.9428633,17.39483,324.8888,358.8753,0.2944152,-0.08435965,-0.9519464,0,0,0,0.4116049,-0.6302074,-2.690387,-0.09808987,-0.0187946,1.028344,0.8212544,-0.01873001,0.5702548,-0.1558592,0.9540834,0.255798,-0.5488617,-0.2989547,0.780626,static,-2.939741371995684,0.7786045598752391,-5.448743818946884,-1.047053690580343,-0.6420461,-0.3235225,0.7420080000000002,-0.05128093500490638,0.01357091580697542,0.9985920664095836,-3.00388480197029,0.8748125927788184,3.099448332552998,3.10292141799686,3.10980797220737
05/17/2023 16:15:28.151343,1269,True,True,True,True,Eyes,1.056882,-0.3056671,-3.424995,-0.5937445,-0.2863588,0.7519748,0.0,0.0,0.0,0.0,0.0,0.0,0.0,1.091218,1.339267,3.162447,1.053562,-0.3069799,-3.43238,0.1477452,-0.297394,0.03661968,0.942543,17.47522,324.8026,358.8679,0.2943604,-0.0844151,-0.9519585,0,0,0,0.4116049,-0.6302074,-2.690387,-0.09659052,-0.01702814,1.028358,0.8204317,-0.01884579,0.5714339,-0.1569083,0.9536607,0.2567314,-0.5497924,-0.3002933,0.7794564,static,-2.982484168184835,0.7533275263151684,-5.365874457180529,-0.9486495953070451,-0.6419571000000002,-0.32322749999999995,0.7419930000000003,-0.052026178597751827,0.013129861216018418,0.9985594008058278,-3.0464586692683775,0.8493895768950765,2.925619579660311,2.9286985833650436,2.934729027012449
05/17/2023 16:15:28.167349,1270,True,True,True,True,Eyes,1.05663,-0.3058653,-3.42492,-0.5954026,-0.2882058,0.7499555,0.0,0.0,0.0,0.0,0.0,0.0,0.0,1.096322,1.344317,3.158201,1.053399,-0.30723,-3.432099,0.1485089,-0.2980929,0.03689073,0.9421916,17.56823,324.7104,358.8567,0.2943037,-0.08447056,-0.9519711,0,0,0,0.4116049,-0.6302074,-2.690387,-0.0950824,-0.01515974,1.028144,0.8195593,-0.01902262,0.5726784,-0.1580552,0.9531684,0.2578539,-0.550764,-0.3018414,0.7781714,static,-3.038469395580476,0.7331031967221228,-5.283665163793606,-0.8447514965191896,-0.6417941,-0.32297739999999997,0.7417120000000001,-0.053002117581912034,0.012776731752624365,0.9985127049157688,-3.10231450751646,0.8291299712881356,2.741468986163089,2.7441810200104846,2.749576304434838
05/17/2023 16:15:28.177244,1271,True,True,True,True,Eyes,1.056377,-0.3060548,-3.424843,-0.597014,-0.2900627,0.7479559,0.0,0.0,0.0,0.0,0.0,0.0,0.0,1.099414,1.351604,3.153836,1.053333,-0.3075881,-3.431925,0.1495737,-0.2984941,0.03725971,0.9418815,17.69831,324.653,358.8509,0.2942467,-0.08452629,-0.9519837,0,0,0,0.4116049,-0.6302074,-2.690387,-0.09420204,-0.01250184,1.027981,0.819026,-0.01910524,0.5734383,-0.1594822,0.9524789,0.2595177,-0.551146,-0.3040049,0.7770579,static,-3.12568078454205,0.7484068586980827,-5.2358426890991865,-0.6967710072320932,-0.6417281000000001,-0.3226193,0.7415380000000003,-0.05452173126429177,0.013042364819728453,0.9984274595642656,-3.1896581339326175,0.8449452007264638,2.555285271682457,2.557600892950012,2.5619836259594484
05/17/2023 16:15:28.197180,1272,True,True,True,True,Eyes,1.056139,-0.3062416,-3.424759,-0.5987386,-0.2919601,0.745836,0.0,0.0,0.0,0.0,0.0,0.0,0.0,1.103736,1.358509,3.149109,1.053085,-0.3075471,-3.431777,0.1506492,-0.299053,0.03760598,0.9415191,17.82859,324.5752,358.8389,0.2941895,-0.08458203,-0.9519964,0,0,0,0.4116049,-0.6302074,-2.690387,-0.09280515,-0.01023613,1.027885,0.8183061,-0.01929069,0.5744588,-0.1609177,0.9517813,0.2611857,-0.5517976,-0.3061705,0.7757443,static,-3.2029197649474335,0.7613659441437397,-5.159103382703401,-0.5705576609202572,-0.6414801000000001,-0.32266029999999996,0.74139,-0.0558674660738136,0.013267197923687774,0.9983500176349552,-3.2670099903247647,0.8583501602354013,2.3645676710490156,2.366574494095527,2.371032468534058
05/17/2023 16:15:28.217167,1273,True,True,True,True,Eyes,1.055902,-0.306435,-3.424671,-0.6004356,-0.293837,0.7437317,0.0,0.0,0.0,0.0,0.0,0.0,0.0,1.108845,1.363114,3.145217,1.052949,-0.3076523,-3.431713,0.1513572,-0.2998063,0.03758943,0.9411665,17.90524,324.472,358.7957,0.2941324,-0.0846377,-0.9520091,0,0,0,0.4116049,-0.6302074,-2.690387,-0.09099576,-0.00878191,1.027896,0.8174065,-0.01999988,0.5757141,-0.1615115,0.9513561,0.2623656,-0.5529563,-0.3074438,0.7744144,static,-3.2533365974874577,0.7209979037418142,-5.0589913956313275,-0.4894990710187118,-0.6413441,-0.3225551,0.7413259999999999,-0.05674644776904453,0.012563178093566496,0.9983095417369474,-3.317152311640474,0.8176822079852715,2.172127612463544,2.1738657216958837,2.1777801290985703
05/17/2023 16:15:28.227505,1274,True,True,True,True,Eyes,1.055679,-0.306636,-3.42458,-0.6022338,-0.2957432,0.741519,0.0,0.0,0.0,0.0,0.0,0.0,0.0,1.114381,1.368654,3.1406,1.052734,-0.3079897,-3.431519,0.1521828,-0.3006178,0.03761502,0.9407734,17.99624,324.3604,358.7515,0.2940756,-0.08469351,-0.9520217,0,0,0,0.4116049,-0.6302074,-2.690387,-0.08906952,-0.006889716,1.027699,0.8164281,-0.02072334,0.5770752,-0.1622722,0.950851,0.2637236,-0.5541778,-0.3089546,0.7729385,static,-3.3045836333662364,0.6929604205114954,-4.953383274728286,-0.3841063726928957,-0.6411291000000001,-0.3222177,0.7411320000000003,-0.057639692235538775,0.012074039067496184,0.9982644444380803,-3.3682129866747683,0.7894971559178828,1.9679808003928647,1.9694194917231864,1.9723361996615443
05/17/2023 16:15:28.247525,1275,True,True,True,True,Eyes,1.055454,-0.3068412,-3.424487,-0.6039986,-0.2976783,0.739306,0.0,0.0,0.0,0.0,0.0,0.0,0.0,1.120511,1.377542,3.134483,1.052647,-0.3083439,-3.431473,0.1535026,-0.3015174,0.03772382,0.9402666,18.14455,324.2325,358.696,0.2940194,-0.08474965,-0.9520341,0,0,0,0.4116049,-0.6302074,-2.690387,-0.08691087,-0.003895387,1.027702,0.8153283,-0.0216265,0.5785949,-0.1635083,0.9500277,0.265918,-0.5554321,-0.3114155,0.7710484,static,-3.3402551643179383,0.72035281804593,-4.83389705563987,-0.21717206527214056,-0.6410421000000002,-0.32186349999999997,0.7410860000000001,-0.05826084475186194,0.012550842284734992,0.9982225158027607,-3.404089306241915,0.8173545667861987,1.7624096302289374,1.7634962450632887,1.7648216773023886
05/17/2023 16:15:28.267210,1276,True,True,True,True,Eyes,1.05526,-0.3070467,-3.42438,-0.605836,-0.2996588,0.7369988,0.0,0.0,0.0,0.0,0.0,0.0,0.0,1.126598,1.387311,3.127769,1.05239,-0.308623,-3.431329,0.1549752,-0.302388,0.03790543,0.939738,18.31231,324.1071,358.643,0.2939637,-0.0848062,-0.9520463,0,0,0,0.4116049,-0.6302074,-2.690387,-0.08472306,-0.0006741881,1.02754,0.8142494,-0.02248292,0.5800796,-0.1649676,0.9490917,0.2683478,-0.556582,-0.3141964,0.7690885,static,-3.3853749272284523,0.7640573539469273,-4.713508001102674,-0.03759282089740188,-0.6407851,-0.3215844,0.740942,-0.059046329711696766,0.01331165431587128,0.998166427667166,-3.449532684433122,0.8617568969184363,1.5505295697976702,1.5513157205245274,1.551278026688099
05/17/2023 16:15:28.277353,1277,True,True,True,True,Eyes,1.055054,-0.3072428,-3.424272,-0.6076444,-0.3016169,0.7347078,0.0,0.0,0.0,0.0,0.0,0.0,0.0,1.133703,1.397777,3.12051,1.052292,-0.3088003,-3.431322,0.156571,-0.3033559,0.03833827,0.9391438,18.50247,323.9715,358.6112,0.2939093,-0.08486315,-0.952058,0,0,0,0.4116049,-0.6302074,-2.690387,-0.08242711,0.002956703,1.027601,0.8130108,-0.02298317,0.5817949,-0.1670038,0.9480314,0.270825,-0.5577844,-0.3173456,0.7669215,static,-3.4195171748520643,0.833095252912683,-4.586055811267679,0.16485594669782422,-0.6406871000000001,-0.32140709999999995,0.7409350000000003,-0.05964012752749642,0.014513861401613787,0.9981144351293236,-3.4841762937168457,0.9317581208512863,1.343860936832852,1.3443794704698957,1.3424892610070904
05/17/2023 16:15:28.297019,1278,True,True,True,True,Eyes,1.054869,-0.3074308,-3.42415,-0.6095332,-0.3034858,0.7323699,0.0,0.0,0.0,0.0,0.0,0.0,0.0,1.140311,1.402621,3.115674,1.051921,-0.308963,-3.431192,0.1573316,-0.3042805,0.03843999,0.9387133,18.58865,323.8469,358.5746,0.2938558,-0.0849202,-0.9520694,0,0,0,0.4116049,-0.6302074,-2.690387,-0.08012468,0.004614785,1.027402,0.8118714,-0.02357761,0.58336,-0.1679141,0.9475383,0.2719854,-0.5591687,-0.3187715,0.7653202,static,-3.467242664421627,0.8024176073558638,-4.4593378315409895,0.2573539137599842,-0.6403161000000002,-0.3212444,0.7408049999999999,-0.06047196417229922,0.0139787421300471,0.9980720211725684,-3.531695662194278,0.9008877749171398,1.131593922301872,1.1319660996240029,1.129006565439772
05/17/2023 16:15:28.317429,1279,True,True,True,True,Eyes,1.054682,-0.3076252,-3.424028,-0.6113963,-0.3053079,0.7300559,0.0,0.0,0.0,0.0,0.0,0.0,0.0,1.147167,1.405465,3.111666,1.051726,-0.3089471,-3.431066,0.1578189,-0.3052275,0.03863396,0.938316,18.64795,323.7246,358.5583,0.2938037,-0.08497714,-0.9520804,0,0,0,0.4116049,-0.6302074,-2.690387,-0.07798713,0.005678713,1.027353,0.8106873,-0.02383962,0.584994,-0.1688431,0.9472012,0.2725838,-0.5606053,-0.3197524,0.7638587,static,-3.514415385392994,0.7487555709426741,-4.341039664813849,0.316700271803149,-0.6401211,-0.3212603,0.7406790000000001,-0.06129444862474542,0.013043306655099784,0.9980344830216037,-3.5784982116498965,0.8467527902543256,0.9324624088334181,0.932726905821094,0.9286684769657183
05/17/2023 16:15:28.327360,1280,True,True,True,True,Eyes,1.054549,-0.3078214,-3.423872,-0.6133228,-0.3070614,0.7277008,0.0,0.0,0.0,0.0,0.0,0.0,0.0,1.153844,1.40838,3.107654,1.051465,-0.3090742,-3.430933,0.1582962,-0.3061637,0.03874289,0.9379261,18.70306,323.6023,358.5328,0.2937529,-0.08503415,-0.952091,0,0,0,0.4116049,-0.6302074,-2.690387,-0.07580313,0.006777644,1.027212,0.8095255,-0.02425318,0.5865835,-0.169605,0.9468826,0.2732169,-0.5620522,-0.3206636,0.7624121,static,-3.566136617130008,0.6941605903884663,-4.220493097506012,0.37803760186193025,-0.6398601000000002,-0.32113319999999995,0.7405460000000001,-0.06219610051277108,0.01209163610085226,0.9979907074256004,-3.62984382402243,0.7916905907225986,0.7265509204277052,0.7267160018088362,0.7210931697499623
05/17/2023 16:15:28.347060,1281,True,True,True,True,Eyes,1.054414,-0.3080141,-3.42372,-0.6151841,-0.3087969,0.7253916,0.0,0.0,0.0,0.0,0.0,0.0,0.0,1.158482,1.413344,3.103545,1.051443,-0.30929,-3.430804,0.1590558,-0.3067802,0.03911084,0.9375808,18.79918,323.5204,358.532,0.2937049,-0.08509134,-0.9521007,0,0,0,0.4116049,-0.6302074,-2.690387,-0.07451588,0.008734763,1.027117,0.8087125,-0.02425121,0.5877041,-0.1709295,0.9463432,0.2742585,-0.5628208,-0.3222522,0.7611743,static,-3.6526397651450524,0.6814991159513341,-4.149457699996297,0.48724049043600426,-0.6398381,-0.32091739999999996,0.7404170000000003,-0.06370292820694573,0.011869964731967081,0.9978982997120011,-3.7162795996866462,0.7791995722787015,0.5333826741472102,0.5334458491514964,0.5223824002187564
05/17/2023 16:15:28.367444,1282,True,True,True,True,Eyes,1.054261,-0.3081985,-3.423583,-0.6165769,-0.3102504,0.7235866,1.021561,0.4243901,-0.625138,-2.684395,0.8522172,0.3379055,0.3994318,-0.05967212,0.01452227,1.022707,1.05126,-0.3093896,-3.430745,0.159585,-0.3072779,0.03968996,0.9373035,18.8778,323.4601,358.5665,0.2936594,-0.08514856,-0.9521097,0,0,0,0.4116049,-0.6302074,-2.690387,-0.07341045,0.01028568,1.026994,0.80801,-0.02367082,0.5886932,-0.172477,0.9459147,0.2747675,-0.5633575,-0.3235509,0.7602258,static,-3.720566580599451,0.6713833840437466,-4.088599455304916,0.5738167410379121,-0.6396551000000001,-0.3208178,0.7403580000000001,-0.06488607269402175,0.011692889440929694,0.9978241457893261,-3.7841522751759866,0.769215594202419,0.38073659298181084,0.3807459083055212,0.3617579263906476
05/17/2023 16:15:28.377186,1283,True,True,True,True,Eyes,1.054109,-0.3083712,-3.423439,-0.6179138,-0.3116485,0.7218432,1.016925,0.4257364,-0.6252944,-2.689378,0.9424044,0.3276376,0.06728762,-0.06118411,0.01372753,1.018069,1.051242,-0.3093967,-3.430558,0.1599115,-0.3075131,0.04017033,0.9371502,18.93092,323.434,358.6031,0.2936154,-0.08520556,-0.9521182,0,0,0,0.4116049,-0.6302074,-2.690387,-0.07307851,0.01125816,1.02686,0.8076441,-0.02305844,0.5892192,-0.173641,0.9456294,0.2750162,-0.5635244,-0.3244279,0.7597281,static,-3.8157685788742137,0.6379770263177263,-4.07070366258821,0.628147176510984,-0.6396371000000001,-0.32081069999999995,0.7401710000000001,-0.06654439453227268,0.01110988861652537,0.9977215398597905,-3.8791412719230762,0.7357611691326952,0.2551156704733573,0.25512452421412846,0.2197200967716132
05/17/2023 16:15:28.397316,1284,True,True,True,True,Eyes,1.053968,-0.308543,-3.423294,-0.6189044,-0.3128568,0.7204705,1.0148,0.4259033,-0.6260302,-2.69216,0.9531508,0.2784602,-0.1181674,-0.0625535,0.0121561,1.015846,1.051101,-0.3092907,-3.43027,0.159921,-0.3076105,0.04030102,0.937111,18.93659,323.4238,358.6155,0.2935729,-0.08526207,-0.9521261,0,0,0,0.4116049,-0.6302074,-2.690387,-0.07295915,0.01118027,1.026607,0.8075032,-0.02285372,0.5894203,-0.1739198,0.9456022,0.2749335,-0.5636404,-0.3245216,0.7596021,static,-3.8968711389503525,0.5675775654702158,-4.065075436303576,0.6239553807815099,-0.6394961000000001,-0.3209167,0.7398830000000003,-0.06795748135516944,0.009883033785411971,0.9976391538962914,-3.9597632935154348,0.6648131539893729,0.17731083306827292,0.17740108147180478,0.11296019232515034
05/17/2023 16:15:28.417215,1285,True,True,True,True,Eyes,1.053829,-0.3087106,-3.423149,-0.619839,-0.3140275,0.7191567,1.013389,0.4256909,-0.6269424,-2.694364,0.9392996,0.2177198,-0.2651684,-0.06440431,0.01067498,1.014446,1.051152,-0.3094627,-3.430141,0.1598268,-0.3074862,0.04030262,0.9371678,18.92645,323.4408,358.622,0.2935321,-0.0853181,-0.9521337,0,0,0,0.4116049,-0.6302074,-2.690387,-0.07336366,0.01112871,1.026464,0.8076559,-0.02274843,0.5892151,-0.1738297,0.9456622,0.274784,-0.5634493,-0.324354,0.7598153,static,-3.9989074111290486,0.4821918461021252,-4.088104910264505,0.6211646321420569,-0.6395471000000001,-0.3207447,0.739754,-0.06973499386423831,0.008395248392888993,0.9975302332597829,-4.061217704826012,0.5787758366811159,0.16479102225352305,0.16513518435427502,0.050196930154355356
05/17/2023 16:15:28.427249,1286,True,True,True,True,Eyes,1.05369,-0.3088729,-3.423013,-0.6205229,-0.3150376,0.7181244,1.01256,0.4253737,-0.6278673,-2.69587,0.9176887,0.155967,-0.3654062,-0.0659284,0.009757251,1.013581,1.051057,-0.3095275,-3.430014,0.1599908,-0.3072812,0.04030427,0.9372069,18.94488,323.4643,358.6201,0.2934929,-0.08537358,-0.9521408,0,0,0,0.4116049,-0.6302074,-2.690387,-0.07377067,0.01144685,1.02626,0.8079076,-0.02277742,0.5888687,-0.1738712,0.9455571,0.2751194,-0.5630755,-0.3246583,0.7599625,static,-4.086962622126681,0.43512965506425433,-4.111521859464281,0.6390476071119549,-0.6394521,-0.32067989999999996,0.739627,-0.07126843526990873,0.007575061018646634,0.9974284141221726,-4.148960639743746,0.5314735586595902,0.20485724083375298,0.20539154633512274,0.11390275751379218
05/17/2023 16:15:28.447307,1287,True,True,True,True,Eyes,1.053555,-0.3090293,-3.422881,-0.6211501,-0.3160173,0.717151,1.012008,0.4249459,-0.6288414,-2.697118,0.8891069,0.09103767,-0.4485546,-0.0677352,0.008496925,1.013115,1.051159,-0.3095855,-3.429918,0.1600473,-0.3069513,0.04003094,0.9373171,18.94166,323.5004,358.5939,0.293455,-0.0854284,-0.9521475,0,0,0,0.4116049,-0.6302074,-2.690387,-0.07452875,0.01137121,1.026182,0.8083569,-0.02321004,0.588235,-0.1732968,0.9455648,0.275455,-0.5626076,-0.3246052,0.7603316,static,-4.181965587377607,0.3660286776599299,-4.153940044265779,0.6348734201294578,-0.6395541,-0.32062189999999996,0.7395309999999999,-0.07292279647484673,0.006371353480166042,0.9973172058274231,-4.24349600885647,0.4618917582093179,0.26961205493057305,0.2703015475727427,0.19478944056191194
05/17/2023 16:15:28.467313,1288,True,True,True,True,Eyes,1.053442,-0.3091754,-3.422737,-0.6215988,-0.3168441,0.716397,1.011725,0.4245552,-0.6297344,-2.697941,0.8633789,0.03153569,-0.5035696,-0.06937739,0.007728696,1.012856,1.0511,-0.3095964,-3.429858,0.1602021,-0.3065177,0.03999995,0.9374338,18.95826,323.5522,358.5934,0.2934183,-0.08548246,-0.952154,0,0,0,0.4116049,-0.6302074,-2.690387,-0.07540432,0.01160808,1.026032,0.8088937,-0.02321498,0.5874963,-0.1732042,0.9454706,0.2758365,-0.561864,-0.3248792,0.7607643,static,-4.276661185375903,0.3277911884112547,-4.203179234038287,0.6481918866118446,-0.6394951,-0.320611,0.739471,-0.07457131123880134,0.0057050749538855305,0.997199320665205,-4.337944019884062,0.4235458356111858,0.3279089534498924,0.328719035925529,0.2619683105534868
05/17/2023 16:15:28.477636,1289,True,True,True,True,Eyes,1.053327,-0.3093098,-3.422594,-0.6220129,-0.3175918,0.7157062,1.011546,0.4241323,-0.6305686,-2.698624,0.8353159,-0.02408073,-0.5492426,-0.07078716,0.005954146,1.01276,1.051135,-0.3095192,-3.429735,0.1599299,-0.3062212,0.03969446,0.9375903,18.91759,323.5882,358.5757,0.2933835,-0.08553555,-0.9521599,0,0,0,0.4116049,-0.6302074,-2.690387,-0.07609975,0.01072533,1.025948,0.809306,-0.02351355,0.5869166,-0.1723821,0.9456936,0.2755868,-0.5615233,-0.324208,0.7613021,static,-4.351315191487186,0.23665881038981632,-4.242149001314917,0.5989521477061138,-0.6395301,-0.3206882,0.7393480000000001,-0.0758711497749534,0.004118558102067016,0.9971091063785731,-4.411967930558997,0.3315898427301598,0.3774643418405778,0.3783830325748085,0.31673501677531796
05/17/2023 16:15:28.497309,1290,True,True,True,True,Eyes,1.053185,-0.3094494,-3.422481,-0.6222792,-0.3182583,0.7151785,1.011478,0.4237638,-0.6313608,-2.699094,0.8106422,-0.07689046,-0.5804715,-0.07209367,0.003695935,1.012666,1.050962,-0.309379,-3.42961,0.159506,-0.3057931,0.03915478,0.9378249,18.85195,323.6388,358.5401,0.2933502,-0.08558745,-0.9521655,0,0,0,0.4116049,-0.6302074,-2.690387,-0.07686663,0.009262413,1.025751,0.8099149,-0.02411101,0.5860516,-0.1709923,0.9460495,0.2752308,-0.5610699,-0.3231238,0.7620968,static,-4.426978466968833,0.12389941624606901,-4.285559831034572,0.5173602068860196,-0.6393571,-0.32082839999999996,0.739223,-0.07718831688710937,0.002155999502524125,0.997014217820418,-4.486847153596361,0.21774885931445165,0.4170895793323469,0.4181036048164641,0.36094812067351834
05/17/2023 16:15:28.517198,1291,True,True,True,True,Eyes,1.053049,-0.3095719,-3.422368,-0.6225067,-0.3188688,0.7147084,1.011469,0.4234033,-0.6320977,-2.699462,0.7863275,-0.1259821,-0.6048285,-0.07350552,0.002761781,1.012711,1.051109,-0.3096889,-3.429553,0.1592636,-0.3054483,0.03913026,0.9379794,18.82486,323.6851,358.5539,0.2933175,-0.08563837,-0.9521711,0,0,0,0.4116049,-0.6302074,-2.690387,-0.07779816,0.009058848,1.025636,0.8103403,-0.02388682,0.5854725,-0.1707003,0.9462079,0.2748673,-0.5605444,-0.3226765,0.7626728,static,-4.495655295464801,0.057240617984012934,-4.3377830603371335,0.5060472344866217,-0.6395041000000001,-0.3205185,0.739166,-0.07838346099132204,0.0009959633296564019,0.9969227860215443,-4.555066826609505,0.15054028241434825,0.4745617968229774,0.47576361950103474,0.4166502466784635
05/17/2023 16:15:28.527306,1292,True,True,True,True,Eyes,1.052907,-0.3096915,-3.422267,-0.6226395,-0.3193922,0.714359,1.011514,0.4230981,-0.6327611,-2.699683,0.7661774,-0.1702391,-0.6196698,-0.07501709,0.0009875894,1.012846,1.051096,-0.3094069,-3.42944,0.1589025,-0.3049338,0.03897281,0.9382147,18.78014,323.7521,358.5608,0.2932854,-0.08568794,-0.9521766,0,0,0,0.4116049,-0.6302074,-2.690387,-0.07896489,0.007909551,1.025555,0.810993,-0.02377975,0.5845724,-0.1700392,0.9464623,0.274401,-0.5598009,-0.3219375,0.7635307,static,-4.57515906719011,-0.02292007466336025,-4.402928763309732,0.4418825953091236,-0.6394911000000001,-0.3208005,0.7390530000000002,-0.07976675513134945,-0.00039875610239495374,0.9968135287161162,-4.634020027959122,0.06970691285942168,0.4943946036430597,0.49568619063705716,0.4380843653957027
05/17/2023 16:15:28.547380,1293,True,True,True,True,Eyes,1.052772,-0.3097945,-3.422167,-0.6227316,-0.3198849,0.7140581,1.011598,0.4228176,-0.6333894,-2.699827,0.7475704,-0.2121479,-0.6293899,-0.07645208,-0.0007635206,1.012995,1.051253,-0.3095012,-3.429327,0.158383,-0.3044879,0.03867026,0.9384598,18.7126,323.8102,358.5558,0.2932535,-0.08573618,-0.9521821,0,0,0,0.4116049,-0.6302074,-2.690387,-0.08011752,0.006728679,1.02546,0.8115835,-0.0238704,0.5837485,-0.1690323,0.9468389,0.2737228,-0.5592497,-0.3208213,0.7644041,static,-4.6421783873413025,-0.12437733911112474,-4.467351071154397,0.37594774602068914,-0.6396481,-0.3207062,0.7389399999999999,-0.08093249217386689,-0.0021636712401538194,0.9967172193252567,-4.700333602172529,-0.03272749746920926,0.5285269013193024,0.5299903596267324,0.4704214221324777
05/17/2023 16:15:28.567460,1294,True,True,True,True,Eyes,1.052638,-0.3098926,-3.42207,-0.6227868,-0.3202832,0.7138314,1.011666,0.4225851,-0.6339124,-2.699911,0.7320385,-0.2470037,-0.6349084,-0.07799444,-0.001841545,1.013197,1.051292,-0.3092018,-3.429256,0.1585155,-0.3037854,0.0380002,0.9386925,18.70419,323.8853,358.4895,0.2932221,-0.08578276,-0.9521875,0,0,0,0.4116049,-0.6302074,-2.690387,-0.08146274,0.006121591,1.025426,0.8125408,-0.02496836,0.5823693,-0.1676504,0.9468576,0.2745067,-0.5582748,-0.3206823,0.7651746,static,-4.722491321943116,-0.16676284646756073,-4.542199191227386,0.3420404413945484,-0.6396871,-0.32100559999999995,0.7388690000000002,-0.08232938333991324,-0.0029006757891884283,0.9966009496289252,-4.780365559375227,-0.07532546188289282,0.5382557000262289,0.5398018508094524,0.48053877693202585
05/17/2023 16:15:28.577103,1295,True,True,True,True,Eyes,1.052513,-0.3099934,-3.421977,-0.6227827,-0.3206238,0.7136821,1.011744,0.4224166,-0.6343827,-2.699913,0.7206659,-0.27831,-0.6349679,-0.08014405,-0.004375875,1.013211,1.051427,-0.3092237,-3.429061,0.157687,-0.302912,0.0373859,0.9391386,18.59213,323.9961,358.4698,0.2931911,-0.08582771,-0.952193,0,0,0,0.4116049,-0.6302074,-2.690387,-0.08351511,0.003977761,1.025208,0.8136932,-0.02530949,0.5807433,-0.1657517,0.9474742,0.2735306,-0.5571622,-0.3188291,0.7667582,static,-4.8285468394918105,-0.30714116521714185,-4.657123938681265,0.22230393595368692,-0.6398221,-0.3209837,0.738674,-0.08417312322925685,-0.005341575082629307,0.996436854651417,-4.885448123212549,-0.21700591221868698,0.554769916852253,0.556505099775457,0.4951010764915687
05/17/2023 16:15:28.597333,1296,True,True,True,True,Eyes,1.052374,-0.3100895,-3.421896,-0.6226716,-0.3209602,0.7136279,1.011855,0.4223208,-0.6348547,-2.699807,0.7141325,-0.3097004,-0.6277741,-0.08238435,-0.00583145,1.013312,1.051515,-0.3094037,-3.429067,0.15713,-0.3019071,0.03722995,0.9395618,18.52671,324.1271,358.4941,0.2931608,-0.08587125,-0.9521984,0,0,0,0.4116049,-0.6302074,-2.690387,-0.08577859,0.002909675,1.025027,0.8149321,-0.02491765,0.5790205,-0.164837,0.9478481,0.2727867,-0.5556208,-0.3177467,0.7683246,static,-4.9470084589062315,-0.39763113632589037,-4.783607063710514,0.16264122747730977,-0.6399101,-0.32080369999999997,0.73868,-0.08623229347355832,-0.006914066568744881,0.9962511421999894,-5.003295834514179,-0.30814779371936935,0.5816480704338228,0.5836138600080815,0.5195242617015613
05/17/2023 16:15:28.617001,1297,True,True,True,True,Eyes,1.052247,-0.3101799,-3.421818,-0.6225101,-0.3212847,0.7136227,1.012009,0.4222611,-0.6353229,-2.699625,0.710304,-0.3409861,-0.6157894,-0.08427981,-0.006099552,1.013362,1.051499,-0.3094147,-3.428931,0.1571458,-0.3010322,0.03743925,0.9398315,18.5373,324.2399,358.5351,0.2931304,-0.08591338,-0.952204,0,0,0,0.4116049,-0.6302074,-2.690387,-0.08776259,0.003027692,1.024747,0.8159559,-0.0242387,0.5776059,-0.164985,0.947807,0.2728402,-0.5540721,-0.3179219,0.7693697,static,-5.046419590471915,-0.40873292673099676,-4.895047986996141,0.16928419257338292,-0.6398941,-0.3207927,0.7385440000000001,-0.08796058669654805,-0.007106024534189126,0.9960986299632728,-5.1026541357927915,-0.3190119492506941,0.5953792397869145,0.5975091234012755,0.5305972438097056
05/17/2023 16:15:28.627145,1298,True,True,True,True,Eyes,1.05209,-0.3102622,-3.42177,-0.62229,-0.3215657,0.713688,1.012144,0.4222423,-0.6357331,-2.699414,0.7088774,-0.3682347,-0.6015779,-0.08609399,-0.006495923,1.013626,1.051642,-0.3093689,-3.428959,0.1571509,-0.3001558,0.03741627,0.9401118,18.53841,324.3492,358.5502,0.2931004,-0.08595405,-0.9522095,0,0,0,0.4116049,-0.6302074,-2.690387,-0.08971664,0.002957985,1.024703,0.817013,-0.02398858,0.5761201,-0.1646905,0.9478073,0.2730174,-0.5526001,-0.3179403,0.7704201,static,-5.137013823263641,-0.4284549695546392,-5.003703590609592,0.16539386106235304,-0.6400371,-0.32083849999999997,0.738572,-0.08953524619225928,-0.007447846112277362,0.9959557591269148,-5.193131730498608,-0.33863368096411395,0.6063339547430828,0.6086280076988289,0.5384484964256607
05/17/2023 16:15:28.647535,1299,True,True,True,True,Eyes,1.051943,-0.3103439,-3.421725,-0.6220328,-0.321835,0.713791,1.012323,0.4222444,-0.636145,-2.699137,0.7092704,-0.3958201,-0.5833197,-0.08753443,-0.006593481,1.013889,1.051685,-0.3092898,-3.428963,0.1572545,-0.299417,0.0375784,0.9403237,18.55673,324.443,358.5797,0.2930697,-0.08599315,-0.9522154,0,0,0,0.4116049,-0.6302074,-2.690387,-0.09134495,0.003178552,1.024613,0.8178747,-0.02349762,0.5749164,-0.164841,0.9477178,0.273237,-0.551279,-0.3182434,0.771241,static,-5.210490275615545,-0.4279473122645167,-5.094489695464089,0.17774226010737032,-0.6400801,-0.32091759999999997,0.7385760000000001,-0.09081241015445468,-0.007438158920872656,0.9958403200993856,-5.266631269633244,-0.3378449283689964,0.6142713209908308,0.6166976509404861,0.5435649643588144
05/17/2023 16:15:28.657245,1300,True,True,True,True,Eyes,1.051754,-0.3104258,-3.42171,-0.6218073,-0.3220727,0.7138801,1.012465,0.4221958,-0.6365131,-2.698931,0.7061633,-0.4204471,-0.5696998,-0.08904326,-0.006883994,1.014123,1.051785,-0.3093606,-3.429008,0.157057,-0.2987589,0.03797464,0.94055,18.5499,324.5346,358.6455,0.2930387,-0.0860308,-0.9522216,0,0,0,0.4116049,-0.6302074,-2.690387,-0.09295052,0.003173381,1.02454,0.8186021,-0.02241025,0.5739238,-0.1652784,0.947782,0.2727494,-0.550067,-0.3181304,0.7721524,static,-5.283576277627268,-0.447268300182103,-5.183919218692744,0.1774657472068192,-0.6401801,-0.3208468,0.7386210000000002,-0.09208237639471167,-0.007773059371741997,0.9957210227267956,-5.339598854943944,-0.3571262675587564,0.6300393523827962,0.6326327207491115,0.5567986812075107
05/17/2023 16:15:28.676940,1301,True,True,True,True,Eyes,1.05158,-0.3105031,-3.421698,-0.6215717,-0.3223182,0.7139746,1.012639,0.4221522,-0.6368949,-2.6987,0.7030491,-0.4457633,-0.5540912,-0.08981156,-0.006993592,1.014241,1.051639,-0.309476,-3.429003,0.1569066,-0.2983769,0.03849005,0.9406753,18.55202,324.593,358.7173,0.293006,-0.08606713,-0.9522284,0,0,0,0.4116049,-0.6302074,-2.690387,-0.09382463,0.003359303,1.024329,0.8189796,-0.02122134,0.5734301,-0.1660479,0.9477976,0.2722273,-0.5492727,-0.3181655,0.7727032,static,-5.324865042984803,-0.4556631593662718,-5.233471467824432,0.1879017327215263,-0.6400341,-0.3207314,0.7386159999999999,-0.09279979676639694,-0.007918421346539528,0.9956533664186467,-5.3808386946466875,-0.36546822564305326,0.647299665139239,0.65002196571237,0.5726564505545175
05/17/2023 16:15:28.697007,1302,True,True,True,True,Eyes,1.051416,-0.31057,-3.421684,-0.621339,-0.3225525,0.7140713,1.012834,0.4221026,-0.637262,-2.698449,0.6999111,-0.4703496,-0.5374901,-0.09034011,-0.006814659,1.014679,1.051804,-0.3094416,-3.429058,0.1570183,-0.2981551,0.0387929,0.9407145,18.57535,324.6244,358.752,0.2929721,-0.0861021,-0.9522356,0,0,0,0.4116049,-0.6302074,-2.690387,-0.09446514,0.003815219,1.024423,0.8191973,-0.02064556,0.5731401,-0.1666177,0.9476807,0.2722863,-0.5487754,-0.3185515,0.7728975,static,-5.340811088935371,-0.4441944781594782,-5.268517494028186,0.21338347145238346,-0.6401991,-0.3207658,0.7386710000000001,-0.09307703778274512,-0.00771892421072784,0.995629033780935,-5.396870749599389,-0.35380106873631056,0.6587271264909302,0.6615399637817387,0.5815263199931597
05/17/2023 16:15:28.717313,1303,True,True,True,True,Eyes,1.051261,-0.3106341,-3.421671,-0.6211081,-0.3227664,0.7141755,1.013021,0.4220652,-0.6376035,-2.698196,0.6972103,-0.4929608,-0.5204684,-0.09068301,-0.007227987,1.015012,1.051739,-0.309259,-3.429103,0.1569852,-0.2979128,0.0388982,0.9407926,18.57571,324.6569,358.7701,0.2929376,-0.08613557,-0.9522432,0,0,0,0.4116049,-0.6302074,-2.690387,-0.09493268,0.003650904,1.024429,0.8194698,-0.0203455,0.5727612,-0.1667261,0.9476851,0.2722044,-0.5483354,-0.3185575,0.7732072,static,-5.357135273036363,-0.45602480982299004,-5.294414518729861,0.20419229152197524,-0.6401341,-0.32094839999999997,0.7387160000000002,-0.09336054833318158,-0.007924288412725577,0.9956008634603021,-5.413114895309663,-0.3657134969513192,0.6603395625858497,0.6631896515546097,0.5821360555192869
05/17/2023 16:15:28.727334,1304,True,True,True,True,Eyes,1.051103,-0.3106916,-3.421663,-0.6209004,-0.3229373,0.7142788,1.013168,0.4220269,-0.6378813,-2.697979,0.694586,-0.5114389,-0.505945,-0.09095538,-0.0077236,1.015309,1.051813,-0.3092589,-3.429116,0.1568281,-0.2977737,0.03889029,0.9408631,18.55825,324.6762,358.778,0.2929026,-0.08616761,-0.9522511,0,0,0,0.4116049,-0.6302074,-2.690387,-0.09530652,0.003350273,1.024451,0.8196367,-0.02021767,0.5725268,-0.1665794,0.947785,0.2719465,-0.5481303,-0.3182685,0.7734716,static,-5.36173098461441,-0.48341983195270605,-5.315030985463474,0.18737432908012588,-0.6402081000000002,-0.32094849999999997,0.7387290000000002,-0.09344003986601668,-0.008400254299380655,0.9955894762694273,-5.417516467836972,-0.39342288292060984,0.6695041740659953,0.6724177989884254,0.5897700192152499
05/17/2023 16:15:28.747390,1305,True,True,True,True,Eyes,1.050958,-0.3107443,-3.421655,-0.6206959,-0.3230771,0.7143933,1.013314,0.421998,-0.6381227,-2.69775,0.6930583,-0.5278281,-0.4909866,-0.0909749,-0.008323818,1.015558,1.051796,-0.3091621,-3.429079,0.1565624,-0.2977696,0.03911101,0.9408996,18.53664,324.6839,358.813,0.2928671,-0.08619816,-0.9522593,0,0,0,0.4116049,-0.6302074,-2.690387,-0.09543276,0.002910942,1.024434,0.8196071,-0.01963996,0.5725892,-0.1668381,0.9479171,0.2713268,-0.5480959,-0.3179111,0.773643,static,-5.355294223739939,-0.5099047912059727,-5.322118518343184,0.16280623458964302,-0.6401911,-0.3210453,0.7386920000000003,-0.0933278208148321,-0.00886055798578858,0.9955960065610172,-5.4108891347508035,-0.4202524754008218,0.6706047038127918,0.6735285826567139,0.5897776544030248
05/17/2023 16:15:28.767471,1306,True,True,True,True,Eyes,1.050791,-0.3107808,-3.421666,-0.6204934,-0.3231982,0.7145145,1.013403,0.4219803,-0.638311,-2.697574,0.6917473,-0.5402721,-0.4791574,-0.09133384,-0.009155616,1.015819,1.051945,-0.3091082,-3.429068,0.1561947,-0.2976555,0.03915402,0.9409949,18.49765,324.7037,358.834,0.2928315,-0.08622723,-0.9522676,0,0,0,0.4116049,-0.6302074,-2.690387,-0.09588146,0.002202213,1.024496,0.8197364,-0.01929698,0.5724158,-0.1666719,0.9481403,0.2706481,-0.5479532,-0.3172657,0.7740089,static,-5.359761524880785,-0.5545652822183385,-5.346675324760086,0.12316037949479432,-0.6403401,-0.3210992,0.7386810000000001,-0.09340478086849663,-0.009636525703509757,0.995581634483242,-5.415039141046246,-0.46543677422214413,0.6748921730945827,0.6778519906130708,0.5925539812885313
05/17/2023 16:15:28.777147,1307,True,True,True,True,Eyes,1.050635,-0.3108148,-3.421674,-0.620302,-0.3232407,0.7146614,1.013397,0.422022,-0.6383861,-2.697438,0.694284,-0.5450868,-0.4699469,-0.09136471,-0.01025595,1.016022,1.051961,-0.3087662,-3.429068,0.1558857,-0.2975906,0.03897284,0.9410742,18.45718,324.7129,358.8264,0.2927951,-0.08625449,-0.9522764,0,0,0,0.4116049,-0.6302074,-2.690387,-0.09602883,0.001136407,1.024601,0.819842,-0.01942756,0.5722601,-0.1661329,0.9483615,0.2702041,-0.547959,-0.3165959,0.774279,static,-5.3536271381535565,-0.598038894012142,-5.354299872474204,0.06354795497001592,-0.6403561,-0.3214412,0.7386810000000001,-0.09329747898914348,-0.010392032701079829,0.9955840617753279,-5.408593114448254,-0.5094595009032032,0.6587013411201847,0.6615871910168809,0.5755738880546546
05/17/2023 16:15:28.797535,1308,True,True,True,True,Eyes,1.050478,-0.3108474,-3.421684,-0.6201652,-0.3232726,0.7147657,1.013363,0.4220259,-0.6384398,-2.697367,0.6946042,-0.5487182,-0.4652241,-0.09177554,-0.01229508,1.016078,1.052074,-0.3087577,-3.429034,0.1549543,-0.2974669,0.03869231,0.9412788,18.3445,324.7358,358.8321,0.2927583,-0.08628006,-0.9522854,0,0,0,0.4116049,-0.6302074,-2.690387,-0.09648809,-0.0008873791,1.024607,0.8200327,-0.01934704,0.5719896,-0.165028,0.9489841,0.268691,-0.5480074,-0.3147297,0.7750052,static,-5.363270739930771,-0.7127385455174364,-5.379725726556738,-0.049622015608043045,-0.6404691,-0.32144969999999995,0.7386470000000003,-0.09346292634485026,-0.01238486399101038,0.9955457556743794,-5.4174213365613015,-0.6255112722062935,0.6604201340260847,0.6633206606340075,0.5771216465173541
05/17/2023 16:15:28.817753,1309,True,True,True,True,Eyes,1.050331,-0.3108791,-3.421691,-0.620031,-0.3232777,0.7148798,1.013306,0.4220502,-0.6384584,-2.697299,0.6964241,-0.550118,-0.4608293,-0.09210378,-0.01330075,1.016004,1.052,-0.3087627,-3.429002,0.1544684,-0.297296,0.03863076,0.9414151,18.28883,324.7625,358.8467,0.292721,-0.08630406,-0.9522947,0,0,0,0.4116049,-0.6302074,-2.690387,-0.09687769,-0.001897439,1.024497,0.8202456,-0.01911053,0.5716923,-0.1645809,0.9492943,0.2678683,-0.5478234,-0.3138074,0.7755092,static,-5.3774646953271805,-0.7681255758095549,-5.4018963002752685,-0.10611560822554739,-0.6403951000000001,-0.32144469999999997,0.7386150000000002,-0.09370839049525803,-0.013346928826066334,0.9955102399111875,-5.431224082045223,-0.6815155358521986,0.6595536779317785,0.6624606407183132,0.5761468523703844
05/17/2023 16:15:28.828160,1310,True,True,True,True,Eyes,1.050176,-0.3109023,-3.421711,-0.6198595,-0.3231916,0.7150674,1.013129,0.4221782,-0.638337,-2.697256,0.704799,-0.5418957,-0.4578288,-0.09231305,-0.01387691,1.015906,1.052075,-0.3087792,-3.428967,0.1541284,-0.2971962,0.03857266,0.9415047,18.24932,324.7783,358.8549,0.2926837,-0.08632662,-0.9523041,0,0,0,0.4116049,-0.6302074,-2.690387,-0.09721616,-0.002585113,1.024481,0.8203731,-0.01898011,0.5715135,-0.1642455,0.9495131,0.267298,-0.5477329,-0.3131526,0.7758376,static,-5.3776719800596595,-0.8016602030825893,-5.420741304999175,-0.14457637584501273,-0.6404701000000002,-0.3214282,0.7385800000000002,-0.09371124517536827,-0.013929584286465346,0.9955019667498696,-5.431192282936211,-0.7154552560504515,0.6556184824702908,0.6584938289520464,0.5709745342871747
05/17/2023 16:15:28.847432,1311,True,True,True,True,Eyes,1.05003,-0.3109235,-3.421728,-0.6196948,-0.3230723,0.715264,1.012931,0.4223226,-0.6381733,-2.697215,0.7146095,-0.5311291,-0.4552308,-0.09231874,-0.01452708,1.015901,1.052097,-0.308607,-3.429033,0.1538316,-0.2971271,0.03847141,0.9415792,18.21304,324.7891,358.8559,0.292646,-0.08634762,-0.9523138,0,0,0,0.4116049,-0.6302074,-2.690387,-0.0973624,-0.003383487,1.02458,0.8204709,-0.01896734,0.5713736,-0.1638629,0.9497116,0.2668275,-0.5477011,-0.3125511,0.7761027,static,-5.373079746220751,-0.8303694061007564,-5.428325489727821,-0.18920808569734437,-0.6404921000000001,-0.32160039999999995,0.7386460000000001,-0.09363079090983101,-0.014428508134717716,0.9955024053295579,-5.4263941042657216,-0.7445291099744525,0.6407476710120112,0.643537047074289,0.5553243829096466
05/17/2023 16:15:28.867390,1312,True,True,True,True,Eyes,1.049866,-0.3109436,-3.421758,-0.6194935,-0.3229212,0.7155066,1.012696,0.4225077,-0.6379647,-2.697167,0.7268391,-0.5171372,-0.451967,-0.09248513,-0.01535892,1.015754,1.052202,-0.3085902,-3.428974,0.1534058,-0.2970248,0.03824424,0.9416902,18.15812,324.8036,358.8481,0.2926082,-0.08636719,-0.9523236,0,0,0,0.4116049,-0.6302074,-2.690387,-0.09770808,-0.004405826,1.024572,0.8206273,-0.01910218,0.5711444,-0.1631591,0.9500081,0.2662025,-0.5476769,-0.3116404,0.7764859,static,-5.368332834107921,-0.8766151710526798,-5.447525015194842,-0.24637963864544435,-0.6405971000000001,-0.3216172,0.7385870000000003,-0.09354720099995956,-0.015232134592558871,0.9954983153456749,-5.421316151375845,-0.7913523491277356,0.632480726380579,0.6351914891227174,0.5456025657134486
05/17/2023 16:15:28.877147,1313,True,True,True,True,Eyes,1.049714,-0.3109564,-3.421787,-0.6192974,-0.32276,0.715749,1.012457,0.4227027,-0.6377369,-2.697122,0.7394992,-0.5017254,-0.4487901,-0.0927732,-0.01569416,1.015505,1.052159,-0.3085965,-3.42894,0.1531627,-0.2968062,0.03818635,0.941801,18.12948,324.8331,358.8549,0.2925698,-0.0863854,-0.9523338,0,0,0,0.4116049,-0.6302074,-2.690387,-0.09818208,-0.004942149,1.02447,0.8208957,-0.0189914,0.5707622,-0.1628472,0.950166,0.2658297,-0.5473673,-0.3111655,0.7768946,static,-5.378679942684894,-0.8953532104530828,-5.474333525254817,-0.276398608898694,-0.6405541000000001,-0.3216109,0.738553,-0.0937265046445312,-0.015557437925331957,0.9954763817891804,-5.431532378463682,-0.810278455260203,0.623651871020188,0.6263021688001833,0.535592782361399
05/17/2023 16:15:28.897058,1314,True,True,True,True,Eyes,1.049531,-0.3109635,-3.42184,-0.6190793,-0.3225743,0.7160214,1.012208,0.4228933,-0.6374758,-2.697077,0.752543,-0.4845482,-0.4459732,-0.09288666,-0.01603325,1.015471,1.052294,-0.3084342,-3.42896,0.1529972,-0.2967051,0.03803411,0.9418659,18.10597,324.8453,358.8459,0.2925311,-0.08640218,-0.9523442,0,0,0,0.4116049,-0.6302074,-2.690387,-0.09847713,-0.005515471,1.024589,0.821039,-0.01914404,0.5705511,-0.1624362,0.9502906,0.2656359,-0.5472747,-0.3107755,0.7771158,static,-5.370617796928593,-0.9080060642197512,-5.490050414683337,-0.30842626450316585,-0.6406891000000001,-0.3217732,0.7385730000000001,-0.0935861105421249,-0.015777482505144658,0.9954861701331348,-5.423377867989648,-0.8231146149349557,0.6088369137888221,0.611359212257353,0.5189887537826027
05/17/2023 16:15:28.917495,1315,True,True,True,True,Eyes,1.049358,-0.3109684,-3.42189,-0.6188673,-0.3223612,0.7163005,1.011943,0.4230993,-0.6371796,-2.697034,0.7664405,-0.4648923,-0.4432201,-0.09313428,-0.01664461,1.015256,1.052235,-0.3083213,-3.428974,0.152691,-0.2964659,0.03783082,0.9419991,18.0653,324.8758,358.8391,0.2924911,-0.08641748,-0.952355,0,0,0,0.4116049,-0.6302074,-2.690387,-0.09892005,-0.006394371,1.02455,0.8213537,-0.01926213,0.570094,-0.1618085,0.9505086,0.2652385,-0.5469884,-0.3101006,0.7775869,static,-5.37956867628857,-0.9368637849769765,-5.514799727689988,-0.3575869543725381,-0.6406301000000001,-0.32188609999999995,0.7385870000000003,-0.09374086779385465,-0.016278630247982706,0.9954634802329436,-5.432125331494575,-0.8522881053577488,0.5924443848850413,0.5948521528398938,0.5015618452119025
05/17/2023 16:15:28.927515,1316,True,True,True,True,Eyes,1.049148,-0.3109713,-3.421968,-0.6186107,-0.3221332,0.7166247,1.011666,0.4233202,-0.6368625,-2.696983,0.7809571,-0.4436343,-0.439653,-0.09330645,-0.01734294,1.015082,1.052326,-0.3082819,-3.428957,0.1523054,-0.2963201,0.03756914,0.942118,18.01369,324.8947,358.8267,0.2924504,-0.0864314,-0.9523663,0,0,0,0.4116049,-0.6302074,-2.690387,-0.09930301,-0.007382691,1.024563,0.8215659,-0.01947314,0.5697808,-0.1610513,0.9507833,0.2647142,-0.5468929,-0.3092442,0.777995,static,-5.373682279530895,-0.9754949582096765,-5.535947589905706,-0.41284890730574636,-0.6407211000000002,-0.3219255,0.7385700000000002,-0.09363755505053273,-0.016949975093391356,0.9954620354264203,-5.42596189247834,-0.8914088576025169,0.5833056370831082,0.5855771593469316,0.491036128677546
05/17/2023 16:15:28.947267,1317,True,True,True,True,Eyes,1.048926,-0.3109734,-3.42206,-0.6183683,-0.3219128,0.716933,1.0114,0.4235077,-0.6365561,-2.696954,0.7933455,-0.4231552,-0.4376558,-0.09351647,-0.0180001,1.014857,1.052285,-0.3082549,-3.428979,0.1519383,-0.2961149,0.0373298,0.9422513,17.965,324.921,358.8173,0.2924078,-0.08644397,-0.9523782,0,0,0,0.4116049,-0.6302074,-2.690387,-0.09968475,-0.008318841,1.024518,0.821845,-0.01963427,0.5693728,-0.1603305,0.9510425,0.2642204,-0.5466855,-0.308436,0.7784615,static,-5.376195798162694,-1.0118358405315937,-5.557338443080651,-0.46521779533009966,-0.6406801,-0.3219525,0.7385920000000001,-0.09368021179793734,-0.017581292089617367,0.9954471597346004,-5.428216926591688,-0.9281801668724258,0.5736974170399106,0.575850627461476,0.48063138004556505
05/17/2023 16:15:28.967315,1318,True,True,True,True,Eyes,1.048712,-0.3109721,-3.422151,-0.6181242,-0.3216806,0.7172476,1.011156,0.4236921,-0.6362413,-2.696902,0.8059154,-0.4023069,-0.4343382,-0.09374365,-0.0182627,1.014704,1.052394,-0.3082682,-3.428962,0.1517062,-0.2959673,0.03717605,0.9423411,17.93415,324.9399,358.8114,0.2923631,-0.08645529,-0.9523909,0,0,0,0.4116049,-0.6302074,-2.690387,-0.1000917,-0.008871675,1.024525,0.8220426,-0.01973511,0.5690839,-0.1598652,0.9512063,0.2639122,-0.5465246,-0.3079238,0.7787772,static,-5.371723837791125,-1.0288929971369076,-5.579844781957189,-0.4961292602214464,-0.6407891000000001,-0.3219392,0.738575,-0.09360202065863016,-0.01787777081578537,0.9954491959849281,-5.423622145154071,-0.9454604999472705,0.5699468300664099,0.571971613607442,0.4757142789987127
05/17/2023 16:15:28.977205,1319,True,True,True,True,Eyes,1.04851,-0.3109718,-3.422235,-0.6178746,-0.321444,0.7175686,1.010923,0.4238865,-0.6359268,-2.696829,0.8186958,-0.3812561,-0.4293959,-0.09392676,-0.01853339,1.01462,1.052388,-0.3081678,-3.429071,0.1515478,-0.2957336,0.03695325,0.9424486,17.90916,324.9674,358.7967,0.2923168,-0.08646538,-0.9524043,0,0,0,0.4116049,-0.6302074,-2.690387,-0.1004781,-0.009436741,1.024589,0.8223522,-0.01998247,0.5686277,-0.1592886,0.9513354,0.2637954,-0.5462269,-0.3075087,0.7791499,static,-5.374956883087566,-1.0410785886264318,-5.600901175736725,-0.5276946598318919,-0.6407831000000002,-0.3220396,0.7386840000000001,-0.09365783013005463,-0.018089385037662525,0.9954400771374483,-5.426769150340118,-0.957781475131282,0.5590131895797241,0.5609045210419025,0.46400067991663135
05/17/2023 16:15:28.997134,1320,True,True,True,True,Eyes,1.048283,-0.3109674,-3.422338,-0.6176527,-0.3212405,0.7178507,1.010693,0.4240252,-0.635643,-2.696812,0.8278679,-0.3623081,-0.4282145,-0.0944933,-0.01865789,1.014391,1.052462,-0.3081945,-3.429008,0.1513737,-0.2954587,0.03688883,0.9425652,17.88801,325.0028,358.8013,0.2922692,-0.0864744,-0.952418,0,0,0,0.4116049,-0.6302074,-2.690387,-0.1011694,-0.009818196,1.024509,0.8226867,-0.01990909,0.5681462,-0.1589896,0.9514505,0.2635609,-0.5458102,-0.3071574,0.7795803,static,-5.388614132086484,-1.050151257099309,-5.639625939540416,-0.5490668924543104,-0.6408571000000001,-0.3220129,0.7386210000000002,-0.09389483538010918,-0.01824660138467718,0.9954148710838515,-5.440365319548829,-0.9669128439936817,0.558656500201158,0.5604395310584108,0.4629255165761271
05/17/2023 16:15:29.017031,1321,True,True,True,True,Eyes,1.048066,-0.3109604,-3.422436,-0.6174264,-0.3210203,0.7181439,1.010468,0.4241761,-0.635341,-2.696775,0.8377234,-0.3420951,-0.4256647,-0.0950121,-0.01881418,1.01419,1.052414,-0.3081007,-3.429027,0.1511898,-0.2951412,0.03692611,0.9426928,17.86938,325.0453,358.8185,0.2922198,-0.08648233,-0.9524325,0,0,0,0.4116049,-0.6302074,-2.690387,-0.1018337,-0.01025042,1.024453,0.8230562,-0.01962474,0.5676207,-0.1588647,0.9515562,0.2632543,-0.5452893,-0.306848,0.7800666,static,-5.408684254939968,-1.054825154119756,-5.676724141894334,-0.57326808163579,-0.6408091,-0.32210669999999997,0.7386400000000002,-0.09424337942374617,-0.01832719692292742,0.9953805065521427,-5.4604074296956915,-0.9715682060331537,0.5494694844413526,0.5511284741853181,0.45325038231796966
05/17/2023 16:15:29.027531,1322,True,True,True,True,Eyes,1.047835,-0.3109532,-3.422546,-0.6172122,-0.3208255,0.718415,1.010261,0.4242901,-0.6350706,-2.69676,0.8453497,-0.3240834,-0.4246808,-0.09554288,-0.01933537,1.014004,1.052442,-0.308034,-3.429002,0.1508637,-0.2948742,0.03684601,0.9428318,17.83086,325.0814,358.8267,0.2921691,-0.0864892,-0.9524474,0,0,0,0.4116049,-0.6302074,-2.690387,-0.1024682,-0.01102252,1.024401,0.8233832,-0.01949243,0.567151,-0.1584508,0.9517651,0.2627482,-0.5449161,-0.306208,0.7805787,static,-5.423428847592483,-1.0815153494125247,-5.712149233567116,-0.6164768528800045,-0.6408371000000002,-0.3221734,0.7386150000000002,-0.094498714636439,-0.018790417564336553,0.9953476411002887,-5.474965598301401,-0.9985262572423229,0.5458477725865281,0.5473757982726017,0.44968636204744056
05/17/2023 16:15:29.047508,1323,True,True,True,True,Eyes,1.047619,-0.3109455,-3.422652,-0.616992,-0.3206364,0.7186885,1.010089,0.4244021,-0.6348168,-2.696712,0.8531045,-0.3072698,-0.421661,-0.09595227,-0.01960759,1.013882,1.052459,-0.3080278,-3.429038,0.1505665,-0.2946589,0.03692539,0.9429436,17.80102,325.1132,358.8509,0.2921168,-0.08649509,-0.9524629,0,0,0,0.4116049,-0.6302074,-2.690387,-0.1029951,-0.01153465,1.024382,0.8236253,-0.0190944,0.5668128,-0.1583686,0.9519324,0.2621907,-0.5445739,-0.3057122,0.7810118,static,-5.434244161094346,-1.0981295322363864,-5.741431628592074,-0.6451292916217112,-0.6408541000000001,-0.32217959999999995,0.738651,-0.09468607940577206,-0.01907869848041291,0.9953243384607188,-5.485665299791182,-1.0153010497883899,0.5459079467251259,0.5473329500264177,0.4499372683969355
05/17/2023 16:15:29.067674,1324,True,True,True,True,Eyes,1.047388,-0.3109364,-3.422763,-0.6167735,-0.3204769,0.7189471,1.009916,0.4244983,-0.6345913,-2.696686,0.8593016,-0.2921688,-0.4198071,-0.09645626,-0.0194834,1.01379,1.052569,-0.3080064,-3.429027,0.1504599,-0.294457,0.0370992,0.9430169,17.7955,325.1425,358.8784,0.2920633,-0.08650008,-0.9524788,0,0,0,0.4116049,-0.6302074,-2.690387,-0.1035914,-0.01161538,1.024388,0.8238375,-0.01863758,0.5665196,-0.1585782,0.9519709,0.2619241,-0.5441918,-0.3056206,0.7813138,static,-5.4437056925095,-1.0917888955881287,-5.774414611945892,-0.6496403043766368,-0.6409641000000001,-0.32220099999999996,0.7386400000000002,-0.09485063725771858,-0.018968251718292167,0.9953107496519998,-5.495174553625642,-1.008848267262906,0.5508196923175296,0.5521446967101045,0.4549784289080091
05/17/2023 16:15:29.087214,1325,True,True,True,True,Eyes,1.04717,-0.3109292,-3.422867,-0.6165414,-0.3203203,0.719216,1.009785,0.4245953,-0.6343839,-2.696613,0.8661192,-0.2784666,-0.4150829,-0.09695908,-0.01985383,1.013565,1.05247,-0.3079655,-3.42896,0.1501809,-0.2941722,0.03715742,0.9431479,17.76701,325.1823,358.9008,0.2920085,-0.08650423,-0.9524952,0,0,0,0.4116049,-0.6302074,-2.690387,-0.1042176,-0.01219144,1.024221,0.8241641,-0.01826822,0.5660564,-0.158448,0.95213,0.2614243,-0.543735,-0.305147,0.7818168,static,-5.4617111362533555,-1.1095617093157806,-5.810023078753289,-0.6819671450202727,-0.6408651000000001,-0.32224189999999997,0.7385730000000001,-0.09516285799830726,-0.01927641450035464,0.9952750863272196,-5.513058027976596,-1.0267688078994919,0.5502904358880931,0.5515055037831831,0.45505651089406324
05/17/2023 16:15:29.097414,1326,True,True,True,True,Eyes,1.046969,-0.3109149,-3.422961,-0.6163647,-0.3201937,0.7194238,1.009639,0.4246637,-0.6341949,-2.696602,0.8704731,-0.2657926,-0.4142834,-0.09776214,-0.01978011,1.013395,1.052549,-0.3080011,-3.428911,0.1500725,-0.2938319,0.03727397,0.9432667,17.75944,325.2279,358.9246,0.2919528,-0.08650769,-0.9525119,0,0,0,0.4116049,-0.6302074,-2.690387,-0.1050862,-0.01228988,1.024133,0.824547,-0.01787355,0.5655111,-0.1585107,0.9521778,0.2612121,-0.5431359,-0.3050212,0.7822822,static,-5.490128804798624,-1.1085951397241607,-5.858611103724367,-0.6875322409141215,-0.6409441,-0.32220629999999995,0.738524,-0.09565651760403732,-0.01925870900206697,0.9952281073701962,-5.541490118116462,-1.0256842001555113,0.5583763060772386,0.5595294177931255,0.4635865259600622
05/17/2023 16:15:29.116965,1327,True,True,True,True,Eyes,1.046779,-0.3109009,-3.423048,-0.6161844,-0.3200497,0.7196422,1.009502,0.4247397,-0.6339917,-2.696568,0.875571,-0.2522587,-0.411996,-0.09833106,-0.01982974,1.013312,1.052518,-0.3078122,-3.428937,0.1499997,-0.2935255,0.03739015,0.9433691,17.75576,325.2688,358.9464,0.2918969,-0.08651032,-0.9525288,0,0,0,0.4116049,-0.6302074,-2.690387,-0.1057398,-0.01252943,1.024122,0.8248896,-0.01751202,0.5650226,-0.1586029,0.9522042,0.2610602,-0.5425887,-0.30496,0.7826859,static,-5.513651790978204,-1.102620731474985,-5.8948567108474235,-0.7009395801441831,-0.6409131000000001,-0.3223952,0.73855,-0.09606529059147739,-0.01915417457116428,0.995190684660162,-5.565061940503374,-1.0195494600843742,0.5527302515907601,0.5537733636307695,0.4585595339122145
05/17/2023 16:15:29.127435,1328,True,True,True,True,Eyes,1.046599,-0.3108881,-3.423135,-0.6160879,-0.31992,0.7197825,1.009324,0.4247659,-0.6337911,-2.69664,0.8770934,-0.2388301,-0.4167342,-0.09891295,-0.02029888,1.013104,1.052568,-0.3078091,-3.42888,0.1497251,-0.2932989,0.03727255,0.9434876,17.72157,325.2985,358.9475,0.291841,-0.08651225,-0.9525458,0,0,0,0.4116049,-0.6302074,-2.690387,-0.106305,-0.01317415,1.024047,0.825173,-0.01749606,0.5646091,-0.1581608,0.9523863,0.2606636,-0.5422866,-0.3043915,0.7831163,static,-5.53217030909757,-1.1297854146060011,-5.926573160605583,-0.7370575335066643,-0.6409631,-0.32239829999999997,0.7384930000000001,-0.09638606085520457,-0.019625394293161347,0.9951505038959256,-5.5833916508083705,-1.0469736196987682,0.5556175272490607,0.556586738856063,0.4624084008182876
05/17/2023 16:15:29.147273,1329,True,True,True,True,Eyes,1.046425,-0.3108737,-3.423213,-0.6159842,-0.3197749,0.7199358,1.009164,0.4247954,-0.6335791,-2.69668,0.8794519,-0.2247977,-0.4195598,-0.09944293,-0.02034312,1.012997,1.052543,-0.3078212,-3.428992,0.1495893,-0.293019,0.0372786,0.9435959,17.70706,325.3351,358.9586,0.2917855,-0.08651355,-0.9525627,0,0,0,0.4116049,-0.6302074,-2.690387,-0.10684,-0.01340839,1.024049,0.8255004,-0.01731314,0.564136,-0.1580168,0.9524667,0.260457,-0.5418301,-0.3041503,0.7835258,static,-5.557001663253921,-1.1356661113054407,-5.956174321798232,-0.7501596691419663,-0.6409381000000001,-0.32238619999999996,0.7386050000000002,-0.09681715185500428,-0.019726705939437678,0.9951067146898134,-5.6081876478758526,-1.0528325706037234,0.554003946214098,0.5549360578290744,0.461200184851263
05/17/2023 16:15:29.168688,1330,True,True,True,True,Eyes,1.046273,-0.3108574,-3.423279,-0.6159399,-0.3196497,0.7200293,1.008986,0.4247985,-0.6333796,-2.696779,0.8795967,-0.2114823,-0.4261277,-0.100033,-0.02083057,1.012729,1.052529,-0.3077744,-3.428897,0.1493174,-0.292797,0.03721401,0.9437104,17.67498,325.365,358.9656,0.2917305,-0.08651427,-0.9525795,0,0,0,0.4116049,-0.6302074,-2.690387,-0.107379,-0.01406623,1.023921,0.82577,-0.01720089,0.5637447,-0.1576779,0.9526389,0.2600324,-0.5415179,-0.3036171,0.7839484,static,-5.579892596624123,-1.1606381450240306,-5.9867480232351635,-0.7870577116206977,-0.6409241000000001,-0.32243299999999997,0.7385100000000002,-0.09721387194104364,-0.020159632326486238,0.9950593632076837,-5.630906567846914,-1.0780211815231082,0.5514944235482152,0.5523528567724387,0.45965517748686197
05/17/2023 16:15:29.177039,1331,True,True,True,True,Eyes,1.04613,-0.3108493,-3.423339,-0.6158843,-0.3195208,0.720134,1.008826,0.4248105,-0.63319,-2.696849,0.8802959,-0.1988238,-0.4307531,-0.1005372,-0.0211543,1.012567,1.052504,-0.3077044,-3.428906,0.1491265,-0.2925667,0.03716208,0.9438142,17.65231,325.3951,358.9711,0.2916766,-0.08651443,-0.9525959,0,0,0,0.4116049,-0.6302074,-2.690387,-0.1078564,-0.01455538,1.023877,0.8260474,-0.01711068,0.563341,-0.1574071,0.9527606,0.2597505,-0.5411735,-0.30324,0.784332,static,-5.602248855573395,-1.1760814342886345,-6.013426640474029,-0.8144588370518907,-0.6408991000000002,-0.322503,0.7385190000000001,-0.09760159261271989,-0.020427056318758074,0.9950159069405579,-5.653158622165446,-1.0935677226474527,0.5467792439366382,0.5475747196758091,0.4557354660703843
05/17/2023 16:15:29.197243,1332,True,True,True,True,Eyes,1.046017,-0.3108332,-3.423377,-0.6158839,-0.3194234,0.7201776,1.008662,0.4247984,-0.6330234,-2.696961,0.8791419,-0.1876399,-0.4380647,-0.1011811,-0.02110618,1.012313,1.05256,-0.3078893,-3.428852,0.1488724,-0.2924007,0.03745986,0.9438939,17.63464,325.4236,359.0173,0.291624,-0.0865143,-0.9526121,0,0,0,0.4116049,-0.6302074,-2.690387,-0.1084253,-0.01463762,1.023755,0.8261973,-0.01634452,0.5631439,-0.1577771,0.9528675,0.259133,-0.5408369,-0.3029462,0.7846777,static,-5.628496110876367,-1.1846043703522602,-6.045625888071779,-0.8191576153827924,-0.6409551,-0.3223181,0.7384650000000001,-0.09805710787684463,-0.02057414301208718,0.994968125380244,-5.679352053432677,-1.102095593514977,0.5537625181184073,0.5545706282709248,0.46282871714140755
05/17/2023 16:15:29.217527,1333,True,True,True,True,Eyes,1.045907,-0.310815,-3.423409,-0.6158862,-0.3193005,0.7202302,1.008501,0.4247852,-0.6328298,-2.697057,0.8785397,-0.1747898,-0.4445409,-0.1017027,-0.02116664,1.012137,1.052469,-0.3076661,-3.428831,0.1487414,-0.2922137,0.03779731,0.9439591,17.63195,325.4537,359.0639,0.2915735,-0.08651373,-0.9526277,0,0,0,0.4116049,-0.6302074,-2.690387,-0.108881,-0.01485601,1.023701,0.8263651,-0.01557033,0.5629196,-0.1582868,0.9528947,0.2587218,-0.5404314,-0.3029014,0.7849743,static,-5.656497636960289,-1.1765871950087237,-6.071163499344839,-0.8314214088724602,-0.6408641000000002,-0.3225413,0.7384440000000003,-0.09854364411355482,-0.02043393497335974,0.9949229950850749,-5.707418169429798,-1.0938766039663927,0.5387952744123463,0.5395249737928609,0.4485458666254724
05/17/2023 16:15:29.227654,1334,True,True,True,True,Eyes,1.045833,-0.3107922,-3.423424,-0.6159596,-0.3192122,0.7202064,1.008343,0.4247339,-0.6326676,-2.697208,0.8753623,-0.1640293,-0.4547915,-0.1019558,-0.02192807,1.011885,1.052436,-0.3076052,-3.42872,0.1484067,-0.2921709,0.03760258,0.9440327,17.58824,325.46,359.0548,0.291525,-0.08651271,-0.9526426,0,0,0,0.4116049,-0.6302074,-2.690387,-0.109006,-0.01575108,1.023593,0.8264445,-0.01572408,0.5627987,-0.1577163,0.953123,0.2582287,-0.5404768,-0.3021742,0.7852233,static,-5.665921058675318,-1.2163219688283897,-6.078717809730354,-0.8815996049788017,-0.6408311,-0.32260219999999995,0.7383330000000004,-0.09870585032910062,-0.021123567852131653,0.9948923891828534,-5.716560735137649,-1.1340570238315495,0.5307778737219797,0.5314510499967512,0.4414663011050084
05/17/2023 16:15:29.247314,1335,True,True,True,True,Eyes,1.04576,-0.3107778,-3.423436,-0.6160411,-0.3190864,0.7201925,1.008159,0.4246927,-0.6324677,-2.697367,0.8722886,-0.1506524,-0.4652058,-0.1017204,-0.02197303,1.011865,1.052396,-0.3074637,-3.428846,0.1484924,-0.2922366,0.03727816,0.9440118,17.5865,325.4456,359.0138,0.2914794,-0.08651119,-0.9526567,0,0,0,0.4116049,-0.6302074,-2.690387,-0.108645,-0.01595667,1.023739,0.8264163,-0.01640775,0.5628206,-0.1571718,0.9531207,0.258569,-0.5406784,-0.3021451,0.7850956,static,-5.655888723058899,-1.2140255875182318,-6.057878994040185,-0.8929774285505049,-0.6407911000000002,-0.32274369999999997,0.7384590000000002,-0.09853173241157576,-0.021084059666316796,0.9949105310259717,-5.706542117307974,-1.1317703907954222,0.5138307339950058,0.5144590346569633,0.42480546108736345
05/17/2023 16:15:29.267507,1336,True,True,True,True,Eyes,1.045722,-0.3107703,-3.423433,-0.616154,-0.3190116,0.7201291,1.00802,0.4246262,-0.6323404,-2.697528,0.8679002,-0.1421746,-0.4759575,-0.1017545,-0.0228025,1.011629,1.052379,-0.3076622,-3.428814,0.1479798,-0.2923141,0.03711669,0.9440745,17.52413,325.4396,359.0127,0.2914364,-0.08650945,-0.95267,0,0,0,0.4116049,-0.6302074,-2.690387,-0.1085299,-0.0168895,1.023639,0.8263496,-0.01643131,0.5629176,-0.156595,0.9534486,0.2577084,-0.5409476,-0.3011073,0.7853089,static,-5.6566853143583815,-1.2720249146848013,-6.052095629843157,-0.9452641698581995,-0.6407741,-0.3225452,0.7384270000000002,-0.09854342474562156,-0.02209115101591022,0.9948875553566675,-5.706925320689455,-1.1904687012151314,0.5123085732065737,0.5129540934151955,0.42340028875667396
05/17/2023 16:15:29.277275,1337,True,True,True,True,Eyes,1.045686,-0.3107705,-3.423429,-0.6162586,-0.3189783,0.7200543,1.007912,0.4245523,-0.6322724,-2.697678,0.863045,-0.1376457,-0.4860113,-0.1015152,-0.0219744,1.011639,1.052333,-0.3078012,-3.428986,0.1483032,-0.292408,0.03711889,0.9439948,17.5599,325.4241,358.9994,0.2913968,-0.08650772,-0.9526824,0,0,0,0.4116049,-0.6302074,-2.690387,-0.1081417,-0.01609246,1.023745,0.8262396,-0.01665002,0.5630729,-0.1568101,0.9532567,0.2582872,-0.5410534,-0.3017026,0.7850075,static,-5.649685068411218,-1.2351945326930431,-6.029987915894372,-0.9005700723347964,-0.6407281,-0.3224062,0.7385990000000002,-0.09842323881102166,-0.021451877145083564,0.9949134112686595,-5.700185861231612,-1.1532187573470898,0.5058404639229932,0.5065607419390523,0.41545246815757336
05/17/2023 16:15:29.297014,1338,True,True,True,True,Eyes,1.045686,-0.3107649,-3.423404,-0.6164303,-0.3189873,0.7199033,1.007813,0.4244402,-0.6322443,-2.697876,0.8557209,-0.1358005,-0.4992993,-0.1016592,-0.02077712,1.011514,1.052364,-0.3079753,-3.428963,0.1487651,-0.2924478,0.03732033,0.9439017,17.61791,325.4167,359.0045,0.2913602,-0.08650619,-0.9526937,0,0,0,0.4116049,-0.6302074,-2.690387,-0.1080791,-0.01487517,1.023718,0.8261629,-0.01655863,0.5631879,-0.1574655,0.9529522,0.2590108,-0.5409801,-0.3026678,0.7846864,static,-5.656813153718174,-1.1775398203743934,-6.026680808012482,-0.832479731105631,-0.6407591000000001,-0.32223209999999997,0.7385760000000001,-0.09854908038147137,-0.020450464002972596,0.9949220225466414,-5.707726976513605,-1.094839578254966,0.5050210193597447,0.5058345054455458,0.4129942324343478
05/17/2023 16:15:29.317380,1339,True,True,True,True,Eyes,1.045686,-0.3107599,-3.423378,-0.6165907,-0.3189956,0.7197623,1.007719,0.4243353,-0.6322179,-2.698059,0.8487589,-0.1340408,-0.5115089,-0.1018068,-0.02054565,1.01149,1.052315,-0.3078167,-3.42902,0.1489767,-0.2924102,0.03729695,0.9438809,17.64056,325.4185,358.9949,0.2913275,-0.08650471,-0.9527038,0,0,0,0.4116049,-0.6302074,-2.690387,-0.1080381,-0.0146343,1.023786,0.8262104,-0.01671685,0.5631135,-0.1575324,0.9528298,0.2594205,-0.5408881,-0.3030445,0.7846044,static,-5.670827532787255,-1.1570632332193274,-6.024014192527991,-0.818947050337357,-0.6407101,-0.3223907,0.7386330000000001,-0.09879314972903341,-0.020094405738456417,0.9949051115919422,-5.7218910890871495,-1.074062721340499,0.48811579282179607,0.4889410698085121,0.3954268266368745
05/17/2023 16:15:29.327596,1340,True,True,True,True,Eyes,1.045694,-0.3107557,-3.423347,-0.6167353,-0.3190035,0.7196348,1.00764,0.4242469,-0.6321962,-2.698215,0.8427068,-0.1325742,-0.5217943,-0.1021249,-0.02057867,1.011349,1.052299,-0.3078228,-3.428977,0.1490036,-0.2923255,0.03721418,0.9439062,17.64077,325.4274,358.9862,0.2912983,-0.08650331,-0.9527129,0,0,0,0.4116049,-0.6302074,-2.690387,-0.1081981,-0.01466267,1.023725,0.8263218,-0.01686169,0.5629457,-0.1573685,0.9528261,0.2595335,-0.5407655,-0.303048,0.7846875,static,-5.690089795055235,-1.1591981760079948,-6.0332265913658105,-0.8205833271550882,-0.6406941000000002,-0.32238459999999997,0.7385900000000003,-0.09912754145176694,-0.020130803438625305,0.994871041858202,-5.741143230151261,-1.076151423300201,0.4812273052002812,0.48208181551056445,0.3881078995145895
05/17/2023 16:15:29.347561,1341,True,True,True,True,Eyes,1.045703,-0.3107535,-3.42332,-0.6168777,-0.3190126,0.7195088,1.007577,0.4241509,-0.6321834,-2.698359,0.8366689,-0.1317762,-0.5316204,-0.1023395,-0.02091558,1.01127,1.05221,-0.3078335,-3.429055,0.1487778,-0.2922794,0.03732406,0.9439518,17.61962,325.4376,359.0077,0.2912724,-0.086502,-0.9527209,0,0,0,0.4116049,-0.6302074,-2.690387,-0.1082523,-0.01499213,1.023712,0.8263594,-0.01650516,0.5629013,-0.1574336,0.9529441,0.2590601,-0.5406893,-0.3026963,0.7848759,static,-5.710713958335735,-1.1798113632868499,-6.036302613558816,-0.8390293102726242,-0.6406051000000001,-0.3223739,0.7386680000000001,-0.09948493335089387,-0.020487991932702565,0.9948281455689838,-5.761625862848465,-1.0969369151151138,0.4704141073030189,0.4713177060821764,0.37678063912094284
05/17/2023 16:15:29.367226,1342,True,True,True,True,Eyes,1.045734,-0.3107474,-3.423279,-0.6170134,-0.3190239,0.7193874,1.007522,0.4240795,-0.6321708,-2.698481,0.8316765,-0.1309009,-0.5396102,-0.1023534,-0.02082153,1.011256,1.052248,-0.307878,-3.429088,0.1487048,-0.2923812,0.03754872,0.9439227,17.61917,325.4294,359.0338,0.2912496,-0.08650082,-0.952728,0,0,0,0.4116049,-0.6302074,-2.690387,-0.1081334,-0.01488687,1.02376,0.8262067,-0.0160708,0.5631379,-0.1578432,0.9529539,0.2587746,-0.5408032,-0.3026887,0.7848002,static,-5.713840002392816,-1.1784659741055794,-6.029440823745998,-0.8331002474224389,-0.6406431000000001,-0.3223294,0.7387010000000003,-0.09953925699846822,-0.020464519821032146,0.9948231780443284,-5.764762329214086,-1.0955635449758323,0.46689607581668335,0.4678475858719126,0.37274882700054224
05/17/2023 16:15:29.377284,1343,True,True,True,True,Eyes,1.045764,-0.3107394,-3.423238,-0.6171385,-0.3190283,0.7192781,1.007475,0.4240119,-0.6321526,-2.698582,0.8273611,-0.12971,-0.5464878,-0.1025264,-0.02108535,1.011244,1.052245,-0.3077691,-3.429109,0.1486152,-0.2923534,0.03755454,0.9439453,17.60948,325.434,359.0383,0.2912301,-0.08649965,-0.9527341,0,0,0,0.4116049,-0.6302074,-2.690387,-0.1081941,-0.01515441,1.023797,0.8262383,-0.01599743,0.5630935,-0.1577951,0.9530064,0.2586108,-0.5407689,-0.3025275,0.7848861,static,-5.727666975907647,-1.1886829905140897,-6.0325840416385645,-0.8480395308105061,-0.6406401000000002,-0.32243829999999996,0.7387220000000001,-0.09977896576757639,-0.020641418395328154,0.9947954861979077,-5.778520107446184,-1.105852476668352,0.45622540953446244,0.45717872174104895,0.36196132073636117
05/17/2023 16:15:29.396990,1344,True,True,True,True,Eyes,1.045805,-0.3107282,-3.423188,-0.6172193,-0.3190387,0.7192042,1.007447,0.4239901,-0.6321427,-2.698629,0.8255704,-0.1289995,-0.5493565,-0.1028287,-0.0213342,1.011159,1.052255,-0.3077178,-3.429041,0.1486057,-0.2922217,0.03735328,0.9439956,17.60164,325.4473,359.0184,0.2912138,-0.08649845,-0.9527392,0,0,0,0.4116049,-0.6302074,-2.690387,-0.1084574,-0.01540844,1.023739,0.8264225,-0.01632899,0.5628138,-0.1573743,0.9530421,0.2587354,-0.5406101,-0.3023972,0.7850456,static,-5.745968213380692,-1.2001217834244333,-6.047496287156263,-0.8623017436914779,-0.6406501,-0.3224896,0.7386539999999999,-0.1000963074221009,-0.020839356660461966,0.994759512717651,-5.796744622424776,-1.117361229153862,0.45186564324171874,0.4528151482889918,0.35767546531730143
05/17/2023 16:15:29.416966,1345,True,True,True,True,Eyes,1.045846,-0.3107214,-3.423139,-0.6172873,-0.31904,0.7191452,1.007428,0.423973,-0.6321314,-2.698651,0.8246006,-0.1282751,-0.5509803,-0.103284,-0.02140801,1.011111,1.052192,-0.3076228,-3.429066,0.1486094,-0.2919869,0.03737504,0.9440668,17.60304,325.4768,359.0253,0.2912005,-0.08649714,-0.9527434,0,0,0,0.4116049,-0.6302074,-2.690387,-0.1088919,-0.01548961,1.0237,0.8266935,-0.01621496,0.5624188,-0.1573531,0.9530367,0.2587684,-0.5402016,-0.3024205,0.7853178,static,-5.779210584552892,-1.1998141643601694,-6.071772626260222,-0.8668765841320789,-0.6405871000000001,-0.3225846,0.7386790000000003,-0.1006734483029268,-0.020832795622890476,0.9947013634542095,-5.829997994391958,-1.1169254930101817,0.4422577103518816,0.4432155012813714,0.3478209732695317
05/17/2023 16:15:29.427626,1346,True,True,True,True,Eyes,1.045885,-0.310712,-3.423096,-0.6173229,-0.3190353,0.7191167,1.007426,0.4239777,-0.6321164,-2.698639,0.8251762,-0.1273134,-0.5503414,-0.1036867,-0.02156027,1.010995,1.052203,-0.3077245,-3.429001,0.148356,-0.2918781,0.0376701,0.9441285,17.58524,325.498,359.07,0.2911899,-0.08649588,-0.9527467,0,0,0,0.4116049,-0.6302074,-2.690387,-0.1093055,-0.0156588,1.023581,0.8267763,-0.01547289,0.5623181,-0.1577346,0.9531429,0.2581441,-0.5399637,-0.3021244,0.7855954,static,-5.802614433696547,-1.2139505215447401,-6.095364786175955,-0.8764457064446612,-0.6405981000000001,-0.32248289999999996,0.7386140000000001,-0.10107922966874627,-0.021077341592654647,0.9946550400668313,-5.853307236312749,-1.131145364179892,0.44579379443538547,0.4467798888631354,0.35137412126709333
05/17/2023 16:15:29.447704,1347,True,True,True,True,Eyes,1.045923,-0.3107036,-3.423049,-0.6173388,-0.3190288,0.719106,1.007412,0.4240081,-0.632097,-2.698613,0.8267481,-0.1259524,-0.5482916,-0.1040049,-0.02199104,1.01108,1.052264,-0.3076482,-3.429099,0.1481831,-0.2917042,0.03757425,0.9442133,17.56298,325.5202,359.0688,0.2911817,-0.08649454,-0.9527494,0,0,0,0.4116049,-0.6302074,-2.690387,-0.1096687,-0.01611584,1.023668,0.8269936,-0.01549504,0.5619977,-0.1574075,0.9532599,0.2579117,-0.5397262,-0.301754,0.7859009,static,-5.8243715862825685,-1.2370635566982071,-6.114949416960667,-0.9019460813040074,-0.6406591000000001,-0.3225592,0.738712,-0.10145606668232093,-0.021477755179378444,0.9946081545094466,-5.874905331822657,-1.1544567197726683,0.4425737563750768,0.443552925811759,0.3484003234062718
05/17/2023 16:15:29.467204,1348,True,True,True,True,Eyes,1.045947,-0.3106939,-3.423013,-0.6173242,-0.3190165,0.719124,1.007412,0.4240474,-0.6320748,-2.698559,0.8293592,-0.1244722,-0.5446742,-0.1046512,-0.02206722,1.010907,1.05227,-0.3076651,-3.428947,0.1481886,-0.2913922,0.0374769,0.9443127,17.56055,325.5574,359.0635,0.2911757,-0.08649319,-0.9527513,0,0,0,0.4116049,-0.6302074,-2.690387,-0.110387,-0.01622325,1.023478,0.8273721,-0.01558217,0.5614379,-0.1571418,0.9532713,0.2580318,-0.5392233,-0.3017136,0.7862615,static,-5.8581611382449115,-1.2410132464638195,-6.155828056549466,-0.908124959053086,-0.6406651000000001,-0.32254229999999995,0.7385600000000001,-0.10204246115956084,-0.021545019710230984,0.9945467162481991,-5.9086756702561525,-1.1583277709729796,0.44560377404157037,0.446564895785799,0.35168984793863606
05/17/2023 16:15:29.477085,1349,True,True,True,True,Eyes,1.045973,-0.3106877,-3.422978,-0.6172882,-0.3190101,0.7191578,1.007425,0.4241017,-0.6320663,-2.698481,0.8328683,-0.1238889,-0.5394272,-0.1052857,-0.02281441,1.01088,1.052227,-0.3076255,-3.429016,0.1478532,-0.2910219,0.0373695,0.9444837,17.52011,325.6057,359.0706,0.2911711,-0.08649178,-0.9527528,0,0,0,0.4116049,-0.6302074,-2.690387,-0.1111207,-0.01699981,1.023422,0.8278196,-0.01546728,0.5607811,-0.1566468,0.9534859,0.2575392,-0.5386803,-0.3010406,0.7868915,static,-5.900683231052898,-1.2825413551927483,-6.196762654524716,-0.9516385202440248,-0.6406221000000001,-0.3225819,0.738629,-0.10277892087232149,-0.022264167559633397,0.9944550805990624,-5.950912887668957,-1.2001993741812123,0.4430705198211223,0.4440267009769867,0.34960635859923217
05/17/2023 16:15:29.497221,1350,True,True,True,True,Eyes,1.045999,-0.3106783,-3.422943,-0.617251,-0.3189825,0.719202,1.007429,0.4241623,-0.6320304,-2.698398,0.8368175,-0.1214791,-0.5338346,-0.1059294,-0.02257532,1.010848,1.052281,-0.3077026,-3.429029,0.14786,-0.2907061,0.03750808,0.9445744,17.52591,325.6471,359.0921,0.291168,-0.08649039,-0.952754,0,0,0,0.4116049,-0.6302074,-2.690387,-0.1118682,-0.01680474,1.023362,0.8281663,-0.01510924,0.5602788,-0.1568259,0.9534612,0.2575218,-0.538095,-0.3011371,0.7872548,static,-5.937211174096322,-1.2746801951878795,-6.238483079637832,-0.9407757446225039,-0.6406761000000001,-0.3225048,0.738642,-0.10341321660912084,-0.022126262971949223,0.9943924196355789,-5.987506567027717,-1.192106382105837,0.4487536086636698,0.4497298557756399,0.3551848803365844
05/17/2023 16:15:29.517129,1351,True,True,True,True,Eyes,1.046027,-0.310675,-3.422903,-0.6171855,-0.3189668,0.7192651,1.007462,0.4242356,-0.632022,-2.698271,0.8420874,-0.1209837,-0.5255966,-0.1063649,-0.02313684,1.010824,1.05227,-0.3076177,-3.428988,0.147581,-0.2904719,0.03756153,0.9446878,17.49708,325.6803,359.1127,0.2911661,-0.08648895,-0.9527547,0,0,0,0.4116049,-0.6302074,-2.690387,-0.1124414,-0.01740105,1.02328,0.8284304,-0.01476844,0.5598973,-0.1567041,0.953618,0.2570148,-0.5377238,-0.3006571,0.7876918,static,-5.96359633746874,-1.301761496131156,-6.270692854879938,-0.9742305501555553,-0.6406651000000001,-0.3225897,0.7386010000000001,-0.1038700361826509,-0.02259518527132598,0.9943342084915258,-6.013705601357536,-1.2194167131319422,0.44805517517010907,0.44898195016922243,0.3551882641474386
05/17/2023 16:15:29.537212,1352,True,True,True,True,Eyes,1.04604,-0.3106679,-3.422871,-0.6170787,-0.3189641,0.7193579,1.007507,0.4243289,-0.6320266,-2.698113,0.8484703,-0.1213043,-0.5151538,-0.1067796,-0.02357185,1.010275,1.051419,-0.3069351,-3.428651,0.1478089,-0.2899222,0.03757377,0.9448206,17.52324,325.7461,359.1164,0.2911654,-0.08648763,-0.952755,0,0,0,0.4116049,-0.6302074,-2.690387,-0.1130373,-0.01785389,1.022645,0.8290667,-0.01470522,0.5589564,-0.1567071,0.9534816,0.2575189,-0.5367414,-0.3010927,0.7881953,static,-6.0182405895371875,-1.277825089521261,-6.307541150413619,-1.0001991225580638,-0.6398141000000002,-0.32327229999999996,0.738264,-0.10481928580712874,-0.022177559816265374,0.9942439743535731,-6.068535023601898,-1.194986124437175,0.4002388803526115,0.4009625818647772,0.30832759324230663
05/17/2023 16:15:29.547370,1353,True,True,True,True,Eyes,1.045965,-0.3105778,-3.422817,-0.6169401,-0.318968,0.719475,1.007448,0.4244301,-0.6319214,-2.697984,0.8547668,-0.114229,-0.506286,-0.1074086,-0.02361844,1.010065,1.051201,-0.3066613,-3.428525,0.1479054,-0.2894828,0.03757665,0.9449401,17.53444,325.7996,359.1217,0.2911654,-0.0864863,-0.9527552,0,0,0,0.4116049,-0.6302074,-2.690387,-0.1138325,-0.0180172,1.022414,0.8295754,-0.01461678,0.5582034,-0.1566475,0.9534239,0.2577679,-0.5359722,-0.3012791,0.7886474,static,-6.0587570124821895,-1.2683838765363984,-6.352975657442615,-1.0095740863240148,-0.6395961000000001,-0.32354609999999995,0.7381380000000002,-0.10552271702842547,-0.02201208033659574,0.9941732103346999,-6.109129507072773,-1.185279031033407,0.3912240523246916,0.3918508881604415,0.3005547747841013
05/17/2023 16:15:29.567510,1354,True,True,True,True,Eyes,1.045867,-0.3104824,-3.422779,-0.6168273,-0.3189543,0.7195778,1.00737,0.4244934,-0.6317874,-2.697897,0.8592098,-0.1053263,-0.5006645,-0.1074014,-0.0250296,1.009362,1.049914,-0.3053955,-3.428165,0.1479542,-0.2889859,0.03742962,0.9450904,17.53531,325.8584,359.1128,0.291164,-0.0864828,-0.9527559,0,0,0,0.4116049,-0.6302074,-2.690387,-0.113939,-0.01957132,1.02171,0.8301724,-0.01476461,0.5573112,-0.1562621,0.9534171,0.258027,-0.5351598,-0.3012935,0.7891935,static,-6.10557205647399,-1.270066817209757,-6.363216337652291,-1.0973925207056587,-0.6383091000000001,-0.3248119,0.737778,-0.10633493489361301,-0.02203936451518121,0.9940860736372672,-6.155944952883017,-1.1868071569532974,0.30986478892682384,0.3101563932874328,0.22573525227458435
05/17/2023 16:15:29.577023,1355,True,True,True,True,Eyes,1.045777,-0.3103949,-3.422742,-0.6167299,-0.318921,0.7196761,1.007285,0.4245537,-0.6316393,-2.697823,0.8632339,-0.09546123,-0.4956959,-0.1072644,-0.02594084,1.009402,1.049895,-0.3053544,-3.428273,0.1474884,-0.2889803,0.03722202,0.9451731,17.47664,325.8613,359.1061,0.2911606,-0.08647717,-0.9527575,0,0,0,0.4116049,-0.6302074,-2.690387,-0.1138924,-0.02064715,1.021774,0.8302098,-0.01487995,0.5572525,-0.155605,0.9537234,0.2572913,-0.5352932,-0.300317,0.7894751,static,-6.099572155339442,-1.327138613623935,-6.36024003404761,-1.1576273973530877,-0.6382901000000001,-0.32485299999999995,0.737886,-0.10622846810828518,-0.023029817972595068,0.9940750488538259,-6.149536477502349,-1.244592143427326,0.3106750689895409,0.31093696375927743,0.227944852542405
05/17/2023 16:15:29.597625,1356,True,True,True,True,Eyes,1.045673,-0.3103163,-3.42272,-0.6166317,-0.3189124,0.719764,1.007205,0.4245988,-0.6315266,-2.69777,0.8660958,-0.08793216,-0.4920832,-0.1070399,-0.02623402,1.009427,1.050001,-0.3054639,-3.428279,0.1473108,-0.2890749,0.03697378,0.9451817,17.44843,325.8477,359.0826,0.2911555,-0.08646983,-0.9527597,0,0,0,0.4116049,-0.6302074,-2.690387,-0.1137321,-0.02106293,1.021818,0.8301373,-0.01527383,0.5573497,-0.1550616,0.9538649,0.2570945,-0.5355632,-0.2998472,0.7894705,moving,-6.078275239685824,-1.3562676772547047,-6.351090142169516,-1.1808816342609625,-0.6383961,-0.32474349999999996,0.737892,-0.10585770923930005,-0.023536135782310924,0.9941027028037366,-6.128026197261735,-1.2741534489573638,0.3240681959803591,0.3243273579181834,0.24177914495378103
05/17/2023 16:15:29.617272,1357,True,True,True,True,Eyes,1.045576,-0.3102437,-3.422698,-0.6165441,-0.3189091,0.7198405,1.007108,0.4246501,-0.6314195,-2.697741,0.8029711,-0.2858633,-0.5229911,-0.1068469,-0.02582267,1.009413,1.050013,-0.3055955,-3.428329,0.1474666,-0.2890946,0.03681523,0.9451575,17.46027,325.8409,359.0587,0.2911485,-0.08646117,-0.9527626,0,0,0,0.4126063,-0.6271318,-2.689896,-0.1125401,-0.01784821,1.02077,0.830138,-0.01567117,0.5573378,-0.154856,0.9537965,0.257472,-0.5356218,-0.3000444,0.7893559,moving,-6.064816052201907,-1.3460821629889907,-6.291462309112676,-1.0017172420149498,-0.6374067000000001,-0.3215363,0.7384330000000001,-0.10562462091987529,-0.02335999526112864,0.9941316496444534,-6.114636077855757,-1.263895024410496,0.4109790811144375,0.4122568672188732,0.3162352062031862
05/17/2023 16:15:29.627128,1358,True,True,True,True,Eyes,1.045452,-0.3101784,-3.422704,-0.616439,-0.3189352,0.719919,1.008033,0.4240608,-0.6316756,-2.697002,0.6970587,-0.5076032,-0.506407,-0.1067297,-0.02557638,1.010398,1.05006,-0.3056658,-3.428297,0.1476196,-0.2891717,0.03662596,0.9451174,17.4707,325.8266,359.0303,0.29114,-0.0864515,-0.9527661,0,0,0,0.4136057,-0.6240621,-2.689407,-0.1112971,-0.01474009,1.019708,0.8300765,-0.01614317,0.5574158,-0.1546065,0.953734,0.2578533,-0.535789,-0.3002181,0.7891764,moving,-6.043137672278294,-1.3391367668924472,-6.228951211029453,-0.8281646614675071,-0.6364543,-0.31839629999999997,0.73889,-0.10524877233981805,-0.023240418700674115,0.9941743548998931,-6.0930014828376144,-1.256946689556945,0.5413010666138187,0.5437087121847731,0.4498181368152315
05/17/2023 16:15:29.647254,1359,True,True,True,True,Eyes,1.045338,-0.3101212,-3.42271,-0.6163337,-0.3189696,0.7199939,1.010923,0.4222721,-0.6325748,-2.694852,0.5145213,-0.7615971,-0.3940022,-0.1071857,-0.02525054,1.013426,1.050266,-0.3057795,-3.428329,0.1477615,-0.2891329,0.03654625,0.9451101,17.48374,325.8285,359.0169,0.2911292,-0.08644106,-0.9527703,0,0,0,0.4145538,-0.6211501,-2.688942,-0.1104857,-0.01163676,1.018793,0.8301331,-0.01636492,0.5573249,-0.1545258,0.9536619,0.2581683,-0.5357245,-0.3004352,0.7891375,moving,-6.03732925893923,-1.3293016158814657,-6.189403599312317,-0.6544099167378328,-0.6357122,-0.31537060000000006,0.7393870000000002,-0.1051484006430829,-0.02307000871221615,0.9941889357950426,-6.087261666074179,-1.247014239268704,0.6883394239926772,0.6918131326976161,0.6013425459818199
05/17/2023 16:15:29.667407,1360,True,True,True,True,Eyes,1.04524,-0.3100956,-3.42274,-0.6162331,-0.3190235,0.7200561,0.0,0.0,0.0,0.0,0.0,0.0,0.0,1.033285,1.340027,3.176012,1.050423,-0.3059154,-3.428327,0.1478906,-0.2890782,0.03654762,0.9451067,17.49815,325.8337,359.0134,0.2911165,-0.08643015,-0.9527751,0,0,0,0.4155473,-0.6180986,-2.688455,-0.1096662,-0.008356199,1.017762,0.8301961,-0.01642111,0.5572295,-0.1545867,0.9535853,0.2584145,-0.5356092,-0.300675,0.7891244,moving,-6.035619118508499,-1.3184492263049685,-6.150023739372801,-0.47040877711584345,-0.6348757,-0.31218320000000005,0.7398720000000001,-0.10511917937597509,-0.02288176969327052,0.994196357355073,-6.08562846203233,-1.2360369029437703,0.8511632368740569,0.8557225138653288,0.7683314251041279
05/17/2023 16:15:29.677266,1361,True,True,True,True,Eyes,1.045148,-0.3100726,-3.422767,-0.6161457,-0.3190734,0.7201088,0.0,0.0,0.0,0.0,0.0,0.0,0.0,1.033985,1.339769,3.176507,1.051167,-0.3066507,-3.428602,0.1477273,-0.2892277,0.03660331,0.9450842,17.4818,325.818,359.0228,0.2911024,-0.08641963,-0.9527804,0,0,0,0.4165608,-0.6149857,-2.687958,-0.1088056,-0.004787877,1.017097,0.8300151,-0.01626721,0.5575037,-0.15464,0.9536737,0.258056,-0.5358744,-0.3004028,0.789048,moving,-6.014757356048015,-1.3357356541869314,-6.106086852992959,-0.2697118550601446,-0.6346061999999999,-0.30833499999999997,0.7406440000000001,-0.10475645431554798,-0.02318261528865298,0.9942276870421096,-6.0646379012851535,-1.2536106133020484,1.064128855704451,1.0699288842333983,0.9847714364600734
05/17/2023 16:15:29.697374,1362,True,True,True,True,Eyes,1.045052,-0.3100564,-3.422807,-0.6160793,-0.3191563,0.7201288,0.0,0.0,0.0,0.0,0.0,0.0,0.0,1.03477,1.339783,3.176248,1.051215,-0.3066892,-3.428586,0.1477281,-0.2893608,0.03654565,0.9450457,17.47979,325.8005,359.0137,0.2910872,-0.08640952,-0.9527859,0,0,0,0.4174882,-0.6121373,-2.687504,-0.1075823,-0.002095118,1.016137,0.8298695,-0.01641884,0.5577158,-0.1545681,0.9536816,0.2580699,-0.5361205,-0.3003694,0.7888935,moving,-5.994118023102352,-1.3426716849116855,-6.043608355363515,-0.11813490589878595,-0.6337268,-0.3054481,0.741082,-0.10439800266290877,-0.023303854877627178,0.9942625024084223,-6.043943638693076,-1.2607078236177598,1.2188600977247184,1.2255364605521157,1.1425729669127307
05/17/2023 16:15:29.717224,1363,True,True,True,True,Eyes,1.044961,-0.3100428,-3.422842,-0.6160156,-0.3192592,0.7201378,0.0,0.0,0.0,0.0,0.0,0.0,0.0,1.035692,1.341697,3.175294,1.051355,-0.3068321,-3.428674,0.1479918,-0.2894877,0.03664586,0.9449617,17.51228,325.7832,359.0131,0.2910707,-0.08639995,-0.9527918,0,0,0,0.4184595,-0.609154,-2.687028,-0.1063464,0.0014925,1.015226,0.8297079,-0.01642578,0.5579561,-0.1549415,0.9535111,0.2584761,-0.536263,-0.3009102,0.7885906,moving,-5.9747906984633214,-1.315459704303754,-5.980007260099398,0.08423138229116832,-0.6328955,-0.3023219,0.7416459999999998,-0.10406374782422889,-0.022832444739199764,0.9943085653220769,-6.024805244868677,-1.2332388206653677,1.3920991356699524,1.399700807461572,1.3182316166431924
05/17/2023 16:15:29.757133,1364,True,True,True,True,Eyes,1.044866,-0.3100273,-3.422878,-0.6159687,-0.319393,0.7201185,0.0,0.0,0.0,0.0,0.0,0.0,0.0,1.036545,1.343254,3.17432,1.05139,-0.3068749,-3.428625,0.1482244,-0.2895687,0.03688449,0.9448911,17.5461,325.7742,359.0302,0.2910533,-0.08639095,-0.9527979,0,0,0,0.4194329,-0.606164,-2.68655,-0.1052347,0.004986867,1.014159,0.829579,-0.01613866,0.5581561,-0.1555459,0.9533381,0.2587506,-0.5362873,-0.3014731,0.788359,moving,-5.965385016638187,-1.2874654554965346,-5.924122807648926,0.2817350427688655,-0.6319571,-0.29928910000000003,0.7420749999999998,-0.10390165404141533,-0.022347010364028586,0.9943364819245988,-6.0155967009003435,-1.2049409546525793,1.56127170083163,1.5697429004926422,1.4894874938903044
05/17/2023 16:15:29.767499,1365,True,True,True,True,Eyes,1.044767,-0.3100132,-3.422915,-0.6158932,-0.3195291,0.7201226,0.0,0.0,0.0,0.0,0.0,0.0,0.0,1.037259,1.342525,3.174299,1.051349,-0.3068081,-3.428555,0.148134,-0.2896184,0.03709391,0.9448818,17.54317,325.7724,359.0562,0.291035,-0.0863824,-0.9528043,0,0,0,0.42043,-0.6031015,-2.686062,-0.1041541,0.007786721,1.013033,0.8294904,-0.01570595,0.5583,-0.1559033,0.9533607,0.258452,-0.5363206,-0.3014244,0.788355,moving,-5.960386953845249,-1.2956639068366145,-5.870189248253586,0.4403977593172666,-0.630919,-0.2962934,0.7424929999999996,-0.10381457582189973,-0.022489493689703904,0.9943422927263579,-6.010538849964773,-1.213257334508715,1.7291041468086183,1.7384032140970604,1.659600307314115
05/17/2023 16:15:29.767499,1366,True,True,True,True,Eyes,1.044675,-0.310005,-3.422948,-0.6158092,-0.3196746,0.72013,0.0,0.0,0.0,0.0,0.0,0.0,0.0,1.035101,1.341316,3.175441,1.051423,-0.3068313,-3.428462,0.1479405,-0.2893387,0.03701261,0.9450011,17.51925,325.8082,359.0593,0.2910157,-0.08637431,-0.9528109,0,0,0,0.4214977,-0.5998223,-2.685539,-0.1037376,0.01044509,1.011787,0.8298264,-0.01565592,0.5578021,-0.1555637,0.9534873,0.2581895,-0.5358994,-0.3010262,0.7887934,moving,-5.9895929477730006,-1.3296558654616044,-5.854028367701754,0.5914666972056526,-0.6299253,-0.29299100000000006,0.7429230000000002,-0.10432002955801584,-0.023078179795246068,0.9942760012391693,-6.039510181605678,-1.247551407065123,1.9155843633157237,1.9258997004410958,1.8483482061356207
05/17/2023 16:15:29.777070,1367,True,True,True,True,Eyes,1.04459,-0.3100029,-3.422976,-0.6157141,-0.3198311,0.7201418,0.0,0.0,0.0,0.0,0.0,0.0,0.0,1.033947,1.342738,3.17517,1.051492,-0.3069614,-3.428386,0.1481287,-0.2891852,0.03705168,0.945017,17.54158,325.8256,359.0599,0.2909957,-0.08636678,-0.9528177,0,0,0,0.4232492,-0.5944425,-2.68468,-0.102292,0.01601967,1.009808,0.8299982,-0.01564433,0.5575467,-0.1557022,0.9533701,0.2585387,-0.535593,-0.3013979,0.7888596,moving,-6.0014006834282005,-1.3173947838614888,-5.784243573698398,0.9088683125187539,-0.6282428000000001,-0.2874811,0.743706,-0.10452544183909973,-0.022864911618379835,0.9942593350822935,-6.051408480557582,-1.2350977450511662,2.225039493360186,2.236829136212855,2.1605479729617167
05/17/2023 16:15:29.797429,1368,True,True,True,True,Eyes,1.044492,-0.3100024,-3.423018,-0.6155751,-0.3200383,0.7201686,0.0,0.0,0.0,0.0,0.0,0.0,0.0,1.032334,1.344527,3.174882,1.051576,-0.3071025,-3.428296,0.1483674,-0.2889822,0.03704316,0.945042,17.56794,325.8479,359.0542,0.2909754,-0.08635994,-0.9528246,0,0,0,0.4239141,-0.5924004,-2.684354,-0.102098,0.01850772,1.008979,0.8302342,-0.01573641,0.5571926,-0.1557658,0.9532298,0.2590173,-0.5352086,-0.3018365,0.7889528,moving,-6.015043301277829,-1.304957436371006,-5.7780591783493565,1.0508596682299374,-0.6276619000000001,-0.28529790000000005,0.7439420000000001,-0.10476269841647323,-0.022648516387277745,0.9942393330374807,-6.065143404801607,-1.2224588176204505,2.355248362856967,2.36770684520921,2.291373887253407
05/17/2023 16:15:29.817107,1369,True,True,True,True,Eyes,1.044401,-0.3099979,-3.423056,-0.6154321,-0.3202493,0.720197,0.0,0.0,0.0,0.0,0.0,0.0,0.0,1.030303,1.348488,3.173978,1.051602,-0.3071326,-3.428394,0.1489356,-0.2887359,0.03692063,0.9450327,17.62697,325.8698,359.0246,0.2909542,-0.08635375,-0.9528316,0,0,0,0.4242946,-0.5912318,-2.684168,-0.1020623,0.02063695,1.008591,0.8305368,-0.0162237,0.5567273,-0.1557885,0.9529101,0.2601773,-0.5347322,-0.3028186,0.7888995,moving,-6.028053044548582,-1.262579583652264,-5.7782594481543486,1.1721750138758662,-0.6273073999999998,-0.2840992,0.7442259999999998,-0.10499017142411804,-0.021912609100851493,0.9942318160955358,-6.0784587955123754,-1.1795193841581781,2.434667552224766,2.4475348395853187,2.3707775496446075
05/17/2023 16:15:29.827488,1370,True,True,True,True,Eyes,1.044316,-0.3099892,-3.423088,-0.6153475,-0.3204132,0.7201964,0.0,0.0,0.0,0.0,0.0,0.0,0.0,1.02843,1.350333,3.173757,1.051665,-0.307031,-3.428342,0.1492141,-0.2885513,0.0366607,0.9450552,17.64919,325.8853,358.9887,0.2909326,-0.08634803,-0.9528387,0,0,0,0.4252903,-0.5881734,-2.68368,-0.1013747,0.02373722,1.007506,0.8307883,-0.0168191,0.5563344,-0.1554046,0.9527823,0.2608742,-0.5344532,-0.3031882,0.7889466,moving,-6.0380768932709215,-1.254705982644224,-5.745731466949224,1.349660406877864,-0.6263747000000001,-0.28114239999999996,0.7446619999999999,-0.10516442564379114,-0.021775578309065013,0.9942164185084492,-6.088541447353817,-1.1715129796424533,2.6070697206201947,2.6207232091854973,2.5443729930109154
05/17/2023 16:15:29.847274,1371,True,True,True,True,Eyes,1.044239,-0.309966,-3.423119,-0.6152622,-0.3205434,0.7202113,0.0,0.0,0.0,0.0,0.0,0.0,0.0,1.026461,1.349654,3.17462,1.051675,-0.3069294,-3.42829,0.1491175,-0.2883548,0.03631364,0.9451439,17.6269,325.9053,358.9566,0.2909108,-0.08634262,-0.9528459,0,0,0,0.4262739,-0.5851524,-2.683197,-0.1007217,0.02601513,1.006417,0.8310657,-0.01735424,0.5559035,-0.1546407,0.9528906,0.2609325,-0.5342435,-0.3028173,0.789231,moving,-6.051304544807136,-1.2890897139758908,-5.715102445111433,1.4807234940432,-0.6254010999999999,-0.278223,0.7450930000000002,-0.10539256327744012,-0.022371668902891717,0.9941789973221121,-6.101527409579579,-1.2062633579674316,2.775707901226917,2.7901428384863753,2.7146312081095307
05/17/2023 16:15:29.867345,1372,True,True,True,True,Eyes,1.044175,-0.3098968,-3.42314,-0.6152084,-0.3204342,0.7203059,0.0,0.0,0.0,0.0,0.0,0.0,0.0,1.024886,1.347519,3.176008,1.051782,-0.3065651,-3.428264,0.1488411,-0.2881968,0.0360513,0.9452456,17.58754,325.924,358.9399,0.2908889,-0.0863371,-0.9528531,0,0,0,0.4272572,-0.5821322,-2.682715,-0.100098,0.02779409,1.005495,0.8312858,-0.01763638,0.5555654,-0.1539457,0.9530932,0.2606031,-0.5341017,-0.3021626,0.7895779,moving,-6.0625205921867185,-1.3242373018561824,-5.685119065150991,1.5833779753658912,-0.6245248,-0.2755671,0.745549,-0.10558572304425307,-0.02298106231931879,0.9941446410854449,-6.112495787563472,-1.2417943652586083,2.916939875573361,2.9320058855575466,2.8573151063699203
05/17/2023 16:15:29.877458,1373,True,True,True,True,Eyes,1.044118,-0.3098048,-3.423153,-0.6151928,-0.3199988,0.7205127,0.0,0.0,0.0,0.0,0.0,0.0,0.0,1.023483,1.331057,3.183202,1.051932,-0.3054351,-3.428141,0.1465487,-0.288033,0.03566755,0.9456683,17.32069,325.9654,358.9819,0.2908675,-0.08633021,-0.9528602,0,0,0,0.4282883,-0.5789653,-2.68221,-0.09978205,0.02505969,1.004778,0.8315297,-0.01696236,0.5552214,-0.151881,0.9545026,0.256626,-0.5343132,-0.2977197,0.7911209,moving,-6.091589943240843,-1.5617938578942887,-5.6713092857199765,1.428690593871324,-0.6236437000000001,-0.2735302,0.7459310000000001,-0.10607913823205506,-0.02710128754130131,0.9939882799510859,-6.139878800759921,-1.482117282785032,3.004216397227608,3.019873025035664,2.9482808355428847
05/17/2023 16:15:29.897336,1374,True,True,True,True,Eyes,1.044074,-0.3097067,-3.42316,-0.6152179,-0.3190832,0.7208973,0.0,0.0,0.0,0.0,0.0,0.0,0.0,1.022172,1.301198,3.195774,1.052063,-0.3048708,-3.427994,0.1421972,-0.2879153,0.03484818,0.9463987,16.81109,326.0173,359.047,0.2908467,-0.08632148,-0.9528673,0,0,0,0.4292015,-0.5761602,-2.681762,-0.09969881,0.01829961,1.004062,0.8317807,-0.01592094,0.5548759,-0.147842,0.9571312,0.2490838,-0.5350547,-0.2892171,0.7937695,moving,-6.125278378919615,-2.010670886682732,-5.670623531361513,1.0441330813488299,-0.6228615,-0.2712894,0.746232,-0.10663780908381332,-0.034885565370428695,0.9936857879392909,-6.170375175060586,-1.9363009936674351,3.072045617670767,3.088452413994662,3.0220421871472913
05/17/2023 16:15:29.917166,1375,True,True,True,True,Eyes,1.044039,-0.3095912,-3.423165,-0.6152477,-0.3179871,0.721356,0.0,0.0,0.0,0.0,0.0,0.0,0.0,1.019386,1.277452,3.206234,1.052223,-0.3047109,-3.427965,0.1386918,-0.2876236,0.03396794,0.9470393,16.39353,326.0792,359.0776,0.2908269,-0.08631092,-0.9528744,0,0,0,0.4301897,-0.5731251,-2.681278,-0.09971762,0.01373804,1.003186,0.8322377,-0.0154441,0.5542039,-0.14412,0.9592215,0.2431531,-0.5353595,-0.282233,0.7960746,moving,-6.1673681741197255,-2.3605963682546207,-5.67660670929992,0.7845828300196869,-0.6220332999999999,-0.26841420000000005,0.7466870000000001,-0.10734301939053997,-0.04095053875260726,0.993378345053733,-6.209980768027688,-2.2903041115707254,3.1659367789910142,3.183237189499001,3.1208039973838426
05/17/2023 16:15:29.927629,1376,True,True,True,True,Eyes,1.044039,-0.3095912,-3.423165,-0.6152477,-0.3179871,0.721356,0.0,0.0,0.0,0.0,0.0,0.0,0.0,1.015647,1.258531,3.214855,1.052417,-0.3042285,-3.427914,0.1359478,-0.2872119,0.03314503,0.9475912,16.06246,326.1477,359.0892,0.2908082,-0.08629825,-0.9528812,0,0,0,0.4311734,-0.5701036,-2.680796,-0.09992063,0.01034188,1.002361,0.8328215,-0.01527577,0.5533308,-0.1409075,0.9608393,0.2386066,-0.5353069,-0.2766851,0.7980551,moving,-6.229083470448912,-2.6937826981681723,-5.692738596787972,0.5911293953191724,-0.6212435999999999,-0.26587510000000003,0.747118,-0.10838548576323764,-0.04672119033146241,0.9930104348432491,-6.269336430198113,-2.627292045135048,3.309834833254249,3.3284100236361778,3.2696638404993084
05/17/2023 16:15:29.947635,1377,True,True,True,True,Eyes,1.044039,-0.3095912,-3.423165,-0.6152477,-0.3179871,0.721356,0.0,0.0,0.0,0.0,0.0,0.0,0.0,1.010546,1.233051,3.226295,1.052566,-0.3037759,-3.427889,0.1322349,-0.2866387,0.03199017,0.9483296,15.61332,326.241,359.0997,0.2907914,-0.08628684,-0.9528874,0,0,0,0.4321631,-0.5670638,-2.680311,-0.1004524,0.004918069,1.001488,0.8336297,-0.0151328,0.5521164,-0.1364817,0.9629812,0.2324652,-0.5351955,-0.2691437,0.8007044,moving,-6.313481400644846,-3.1463868284858614,-5.727789802374285,0.28136366282349634,-0.6204028999999999,-0.2632879,0.7475779999999999,-0.10980441212891079,-0.05455532228510665,0.9924548930531263,-6.35052915550412,-3.085058210057323,3.457227706137375,3.4774283715062007,3.423536260673599
05/17/2023 16:15:29.967223,1378,True,True,True,True,Eyes,1.044055,-0.3094417,-3.423158,-0.6153086,-0.3159559,0.7221962,0.0,0.0,0.0,0.0,0.0,0.0,0.0,1.00529,1.217628,3.234035,1.052794,-0.3037356,-3.428057,0.1299405,-0.2859744,0.03133013,0.9488692,15.33798,326.3371,359.1169,0.2907763,-0.08627658,-0.9528929,0,0,0,0.4331372,-0.564072,-2.679833,-0.1010615,0.00296025,1.000683,0.8344741,-0.01486294,0.5508467,-0.1337757,0.9642678,0.2286739,-0.5345625,-0.2645124,0.8026682,moving,-6.38021508515651,-3.299812799416938,-5.766891871907409,0.16949357243745256,-0.6196568,-0.2603364,0.748224,-0.11094379794360992,-0.057205428695127195,0.9921789999283716,-6.416186424393336,-3.2400913714271002,3.5021223174432206,3.5231026192405577,3.4708576613447786
05/17/2023 16:15:29.976979,1379,True,True,True,True,Eyes,1.044082,-0.3092929,-3.42316,-0.6153268,-0.3138902,0.7230808,0.0,0.0,0.0,0.0,0.0,0.0,0.0,0.9998642,1.203579,3.241138,1.052991,-0.3034432,-3.428183,0.1278896,-0.285292,0.03067281,0.9493746,15.08974,326.4326,359.1258,0.2907633,-0.08626321,-0.9528981,0,0,0,0.4341506,-0.5609593,-2.679337,-0.1016224,0.001327828,0.9998597,0.8353353,-0.01473178,0.5495434,-0.1312117,0.9654068,0.2253288,-0.5338525,-0.2603316,0.8045055,moving,-6.442944187639577,-3.424815161313404,-5.803423250108397,0.07608957096131842,-0.6188404000000001,-0.2575161,0.7488460000000003,-0.11201585418800064,-0.059362740694858,0.9919316938230409,-6.478040741872174,-3.36637189894119,3.5371605355707656,3.5588370254908144,3.5079409533167727
05/17/2023 16:15:29.997452,1380,True,True,True,True,Eyes,1.044143,-0.3091398,-3.423149,-0.6152755,-0.3116644,0.7240865,0.0,0.0,0.0,0.0,0.0,0.0,0.0,0.993121,1.193989,3.24707,1.05328,-0.3033372,-3.428403,0.126458,-0.2844147,0.0301623,0.9498457,14.91516,326.5476,359.1323,0.2907523,-0.08624705,-0.9529029,0,0,0,0.4350893,-0.5580763,-2.678877,-0.1026382,0.0009617656,0.9991525,0.836397,-0.01463398,0.5479287,-0.1292321,0.9661972,0.223074,-0.5326717,-0.2573884,0.8062333,moving,-6.5177528315736435,-3.4673973002210947,-5.8651509362103615,0.05515183392067395,-0.6181907,-0.2547391,0.7495259999999999,-0.11330593017331092,-0.0600910775418438,0.9917412602071572,-6.5525655479179425,-3.4091894719568403,3.560156023233439,3.5824909820227977,3.531883284028254
05/17/2023 16:15:30.016994,1381,True,True,True,True,Eyes,1.044211,-0.3089826,-3.423152,-0.6151794,-0.3094339,0.7251241,0.0,0.0,0.0,0.0,0.0,0.0,0.0,0.9853061,1.187454,3.252048,1.053419,-0.3031192,-3.428574,0.1254898,-0.2833297,0.02991726,0.9503061,14.80087,326.6869,359.1555,0.2907442,-0.08622825,-0.9529071,0,0,0,0.4360659,-0.5550768,-2.678398,-0.1039384,0.001637176,0.9982814,0.8376585,-0.01424889,0.5460085,-0.1279711,0.9667145,0.2215546,-0.5309911,-0.2554604,0.8079532,moving,-6.614187202280701,-3.448623377267541,-5.9440669434274245,0.0939646787198955,-0.6173531000000001,-0.25195760000000006,0.7501759999999997,-0.1149772981863032,-0.059754565388103184,0.9915692642833565,-6.649159346364173,-3.3898274683947975,3.582345659847469,3.605411390639136,3.5544286490204193
05/17/2023 16:15:30.027668,1382,True,True,True,True,Eyes,1.04431,-0.3088203,-3.423149,-0.6150858,-0.3071214,0.7261859,0.0,0.0,0.0,0.0,0.0,0.0,0.0,0.9790326,1.179044,3.257411,1.053653,-0.3028862,-3.428913,0.1242507,-0.2824469,0.02970493,0.9507381,14.65747,326.8042,359.1883,0.2907387,-0.08620694,-0.9529107,0,0,0,0.4370579,-0.5520298,-2.677912,-0.104832,0.001923636,0.9976335,0.8386827,-0.01370521,0.5444478,-0.1266717,0.9673588,0.2194796,-0.5296844,-0.2530399,0.809571,moving,-6.689616256257463,-3.451752911456459,-5.998664752361488,0.11047753260778256,-0.6165951,-0.24914360000000002,0.751001,-0.11628227428499588,-0.0597995810343961,0.991414393608258,-6.724586067266208,-3.392712621403104,3.604939625321146,3.628622289155243,3.5776113554425972
05/17/2023 16:15:30.047492,1383,True,True,True,True,Eyes,1.044413,-0.308654,-3.423159,-0.6149732,-0.3048125,0.7272533,0.0,0.0,0.0,0.0,0.0,0.0,0.0,0.9743986,1.17308,3.261334,1.053809,-0.3026361,-3.429251,0.1233812,-0.2817942,0.02951838,0.9510509,14.55563,326.8899,359.2074,0.2907364,-0.08618321,-0.9529136,0,0,0,0.4380268,-0.5490538,-2.677437,-0.1051642,0.00283885,0.997029,0.8394414,-0.01338927,0.5432853,-0.1256832,0.9678115,0.2180475,-0.5287172,-0.2513199,0.8107382,moving,-6.733530089541243,-3.413573363423807,-6.021156185073889,0.16313836820989533,-0.6157822,-0.24641770000000002,0.751814,-0.1170467527525006,-0.059133583154787756,0.9913643811680702,-6.76878379709793,-3.3539066605279064,3.622967514112414,3.646963585089961,3.595629677877027
05/17/2023 16:15:30.067502,1384,True,True,True,True,Eyes,1.044544,-0.3084834,-3.423164,-0.6148966,-0.3024967,0.7282842,0.0,0.0,0.0,0.0,0.0,0.0,0.0,0.970804,1.165279,3.265584,1.054005,-0.3023962,-3.429578,0.122248,-0.2813025,0.02925573,0.9513507,14.42196,326.9573,359.2242,0.290737,-0.08615717,-0.9529157,0,0,0,0.4390164,-0.5460142,-2.676952,-0.1051972,0.003285363,0.9964586,0.840026,-0.01311245,0.5423877,-0.1244423,0.968399,0.2161421,-0.528082,-0.2490609,0.8118486,moving,-6.7625787101648624,-3.406376022915373,-6.026454089188398,0.1889057427941434,-0.6149886000000001,-0.243618,0.7526259999999998,-0.11755023997131131,-0.05900551367239294,0.9913123869956605,-6.7978914387251335,-3.346513509990953,3.6456030106730655,3.6698679039511872,3.61860537738281
05/17/2023 16:15:30.086973,1385,True,True,True,True,Eyes,1.044675,-0.3083088,-3.423179,-0.614799,-0.3002115,0.7293115,0.0,0.0,0.0,0.0,0.0,0.0,0.0,0.9679484,1.159191,3.268949,1.054143,-0.3021585,-3.429892,0.1213707,-0.2809268,0.02894983,0.9515837,14.31509,327.0074,359.2256,0.290741,-0.08612891,-0.952917,0,0,0,0.440017,-0.5429411,-2.676461,-0.1048936,0.004208803,0.9958737,0.8404841,-0.01309617,0.5416778,-0.1232889,0.9688621,0.2147231,-0.5276232,-0.2472542,0.8126987,moving,-6.773635282408651,-3.3752505743422625,-6.012692627083089,0.24214437332870134,-0.6141260000000001,-0.24078259999999996,0.753431,-0.1177452851473767,-0.058465624279658374,0.991321258608254,-6.809172898929805,-3.314969977011233,3.6721769811877953,3.696563259587117,3.6451945523984466
05/17/2023 16:15:30.097073,1386,True,True,True,True,Eyes,1.044828,-0.3081275,-3.423195,-0.614733,-0.2978829,0.7303212,0.0,0.0,0.0,0.0,0.0,0.0,0.0,0.9654025,1.152919,3.272216,1.054292,-0.3019039,-3.430152,0.120469,-0.2805152,0.02905004,0.9518166,14.21887,327.0673,359.2738,0.2907479,-0.08609853,-0.9529176,0,0,0,0.440966,-0.5400261,-2.675996,-0.1048454,0.005219802,0.9952902,0.8409347,-0.01228615,0.5409972,-0.1228874,0.9692866,0.2130308,-0.5269987,-0.2456267,0.8135968,moving,-6.798929057168111,-3.3259825244101857,-6.0134475315258085,0.30048510731936845,-0.613326,-0.23812219999999995,0.754156,-0.11818878519459114,-0.057610116802109645,0.9913185280560047,-6.834824710304176,-3.2650109872612507,3.6860534296878096,3.7105590833602853,3.658882735246862
05/17/2023 16:15:30.117309,1387,True,True,True,True,Eyes,1.044982,-0.3079291,-3.423226,-0.6146731,-0.2955672,0.7313118,0.0,0.0,0.0,0.0,0.0,0.0,0.0,0.9647689,1.143219,3.276252,1.054414,-0.3016059,-3.430568,0.1190784,-0.2803529,0.02911181,0.9520373,14.06706,327.1004,359.3304,0.2907581,-0.08606604,-0.9529175,0,0,0,0.4419537,-0.5369925,-2.675512,-0.1041842,0.005402014,0.9948571,0.8411095,-0.01133689,0.540746,-0.122199,0.9699457,0.210411,-0.5268795,-0.2430573,0.8144451,moving,-6.799761465240346,-3.330930157646921,-5.9783820983652065,0.311109566599376,-0.6124603,-0.2353866,0.7550560000000002,-0.11820260265552968,-0.05769562384407796,0.9913119075817618,-6.8356220568479005,-3.2700153866584936,3.7089690034836305,3.733512745031982,3.682297689930241
05/17/2023 16:15:30.137129,1388,True,True,True,True,Eyes,1.045178,-0.3077257,-3.423232,-0.6146783,-0.2932267,0.7322491,0.0,0.0,0.0,0.0,0.0,0.0,0.0,0.9644223,1.135702,3.279357,1.054592,-0.3010153,-3.430939,0.1180528,-0.2803041,0.02892152,0.9521853,13.94733,327.1131,359.3445,0.290771,-0.08603113,-0.9529166,0,0,0,0.4429183,-0.5340298,-2.67504,-0.1032813,0.005723238,0.9945474,0.8411863,-0.01110404,0.5406314,-0.1212586,0.9704542,0.2086025,-0.5269743,-0.2410298,0.8149863,moving,-6.783620132925553,-3.3067375225621745,-5.928774068142125,0.3297115480808234,-0.6116737,-0.2330145,0.7558989999999999,-0.11792616715132842,-0.05727894523834055,0.9913690513970919,-6.819648968181962,-3.245590350196621,3.711279225483791,3.7355754092048574,3.6846223349683056
05/17/2023 16:15:30.147575,1389,True,True,True,True,Eyes,1.045372,-0.3075264,-3.423249,-0.6146801,-0.290841,0.7331984,0.0,0.0,0.0,0.0,0.0,0.0,0.0,0.9633831,1.122669,3.284315,1.054679,-0.3007526,-3.431095,0.116184,-0.2801279,0.02878418,0.9524711,13.73611,327.1492,359.3948,0.2907877,-0.08599395,-0.9529149,0,0,0,0.4438958,-0.5310276,-2.67456,-0.1027823,0.004810616,0.9939018,0.8413996,-0.01026061,0.540316,-0.119925,0.9713455,0.2051974,-0.526939,-0.2374504,0.8160592,moving,-6.791120629122439,-3.368187197582019,-5.904137536461765,0.2773169757017274,-0.6107832,-0.23027500000000006,0.756535,-0.11804866731440006,-0.05834129799025267,0.9912924954188225,-6.826713247799704,-3.3077556817082323,3.727413175550873,3.751858164176133,3.701876808060908
05/17/2023 16:15:30.167299,1390,True,True,True,True,Eyes,1.045594,-0.3073231,-3.423257,-0.6146662,-0.2884921,0.7341375,0.0,0.0,0.0,0.0,0.0,0.0,0.0,0.9621038,1.109537,3.289495,1.054833,-0.3006834,-3.431386,0.114269,-0.2798964,0.02874027,0.9527721,13.52286,327.1932,359.4578,0.2908078,-0.0859548,-0.9529123,0,0,0,0.4448681,-0.5280412,-2.674084,-0.1024081,0.004092529,0.9933532,0.841664,-0.009201108,0.5399233,-0.1187328,0.9722332,0.201656,-0.5267867,-0.2338332,0.8172011,moving,-6.806684159431542,-3.4328009932308836,-5.886019428881305,0.23605230501993724,-0.6099648999999999,-0.2273578,0.7573019999999997,-0.11831013389560324,-0.059457303958814406,0.9911950561391302,-6.841820134066864,-3.3730932569846424,3.7578671459442243,3.7826059892837196,3.733562196585262
05/17/2023 16:15:30.177408,1391,True,True,True,True,Eyes,1.045811,-0.3071222,-3.423274,-0.6146402,-0.2861384,0.7350797,0.0,0.0,0.0,0.0,0.0,0.0,0.0,0.9617728,1.10003,3.293607,1.055202,-0.299856,-3.432135,0.1129738,-0.2797643,0.02891189,0.9529602,13.38516,327.2222,359.5225,0.2908315,-0.08591378,-0.9529088,0,0,0,0.4459098,-0.5248416,-2.673573,-0.1016459,0.00428395,0.9934393,0.841792,-0.008108304,0.5397412,-0.1183158,0.972802,0.199142,-0.5266759,-0.2314961,0.8179377,moving,-6.807548725303428,-3.42077430874361,-5.842012451016286,0.24707169651166605,-0.6092922,-0.2249856,0.758562,-0.11832654747226212,-0.05924912370708352,0.9912054753006196,-6.842770692476182,-3.36091777866259,3.768164922024108,3.792803002428597,3.7442095441919525
05/17/2023 16:15:30.203009,1392,True,True,True,True,Eyes,1.046042,-0.3069142,-3.423287,-0.6146164,-0.2838373,0.7359912,0.0,0.0,0.0,0.0,0.0,0.0,0.0,0.9602079,1.090242,3.297602,1.055324,-0.2997389,-3.432383,0.1115534,-0.2794754,0.02903353,0.9532085,13.23206,327.2705,359.5878,0.2908584,-0.08587112,-0.9529044,0,0,0,0.4470753,-0.5212618,-2.673002,-0.1011404,0.005128562,0.9926947,0.8421011,-0.007002844,0.5392743,-0.1177029,0.9734258,0.196439,-0.5263192,-0.2288956,0.8188987,moving,-6.828055684854285,-3.4282008125744547,-5.817489162746023,0.2960047467814004,-0.6082486999999999,-0.22152290000000002,0.7593810000000003,-0.11868041962825454,-0.059375076434871,0.9911556571966404,-6.86323012594196,-3.368357427574018,3.8338590678793625,3.858879596974107,3.8106593008235117
05/17/2023 16:15:30.217142,1393,True,True,True,True,Eyes,1.046269,-0.306704,-3.423308,-0.6145713,-0.2815228,0.7369173,0.0,0.0,0.0,0.0,0.0,0.0,0.0,0.9583452,1.08167,3.301181,1.055415,-0.2994081,-3.432591,0.11034,-0.2791347,0.02923577,0.9534434,13.10447,327.3241,359.6559,0.2908885,-0.08582679,-0.9528992,0,0,0,0.4478023,-0.5190287,-2.672646,-0.1011978,0.004898787,0.9923102,0.8424582,-0.005850127,0.53873,-0.1173487,0.9739407,0.1940844,-0.5258266,-0.2267272,0.8198178,moving,-6.85242146357796,-3.409189460609321,-5.823008020216562,0.2828526197464474,-0.6076127,-0.2196206,0.7599450000000001,-0.11910426539652219,-0.05904318203257326,0.9911246911275307,-6.887737931900771,-3.3490248042913726,3.807914320728484,3.8328666504968467,3.784730295287982
05/17/2023 16:15:30.227282,1394,True,True,True,True,Eyes,1.04652,-0.3064876,-3.423315,-0.6145319,-0.2791773,0.7378418,0.0,0.0,0.0,0.0,0.0,0.0,0.0,0.9558052,1.070863,3.305702,1.055559,-0.2991742,-3.432822,0.1087859,-0.2786935,0.02944752,0.9537445,12.93947,327.3925,359.7375,0.2909214,-0.08578088,-0.9528933,0,0,0,0.4487758,-0.5160387,-2.672168,-0.1012639,0.004877374,0.9917316,0.8429255,-0.004465023,0.5380117,-0.1168067,0.974597,0.1910942,-0.5251979,-0.2239215,0.8209912,moving,-6.892210632279291,-3.4247050009319424,-5.830161385055188,0.28178056672526236,-0.6067832,-0.21686449999999996,0.7606539999999997,-0.11979064299117964,-0.05930663678752211,0.9910261689102122,-6.9274269993640605,-3.364579236441801,3.8303542893145366,3.85564311973767,3.8078775771415194
05/17/2023 16:15:30.247182,1395,True,True,True,True,Eyes,1.046763,-0.3062668,-3.423332,-0.6144784,-0.2768267,0.7387714,0.0,0.0,0.0,0.0,0.0,0.0,0.0,0.9537323,1.060181,3.309892,1.055638,-0.2988606,-3.43297,0.107268,-0.2783241,0.02963528,0.9540185,12.77763,327.4512,359.814,0.2909575,-0.08573339,-0.9528865,0,0,0,0.4497301,-0.5131078,-2.671701,-0.1011792,0.004751503,0.9911092,0.8433149,-0.003165335,0.5374104,-0.1162557,0.9752306,0.1881749,-0.5246947,-0.2211677,0.8220586,moving,-6.921697555622936,-3.436968808061121,-5.828951443942647,0.27468111745375406,-0.6059079,-0.21424720000000003,0.761269,-0.12029915555605092,-0.05951507108437672,0.9909520557745127,-6.956834280456538,-3.3768811310880937,3.8436672338352347,3.869165185691478,3.821783163377877
05/17/2023 16:15:30.267766,1396,True,True,True,True,Eyes,1.047034,-0.3060393,-3.423333,-0.6144463,-0.2744696,0.7396771,0.0,0.0,0.0,0.0,0.0,0.0,0.0,0.9518987,1.050149,3.313886,1.0557,-0.2985635,-3.433238,0.1058415,-0.2779912,0.02977015,0.9542706,12.62415,327.5038,359.8809,0.2909962,-0.08568434,-0.9528791,0,0,0,0.4507283,-0.5100418,-2.671211,-0.1008662,0.004926652,0.9905552,0.8436693,-0.002028488,0.5368595,-0.1156636,0.9758226,0.1854513,-0.5242558,-0.2185546,0.823037,moving,-6.946647135035203,-3.441519369197982,-5.81427080391675,0.28496548118744847,-0.6049717000000001,-0.2114783,0.7620269999999998,-0.12073011863138916,-0.0595906375695143,0.9908951627400195,-6.981758019431028,-3.38139340543699,3.869044579685775,3.894735613033241,3.847754394958087
05/17/2023 16:15:30.277340,1397,True,True,True,True,Eyes,1.047301,-0.3058031,-3.423342,-0.614409,-0.2720667,0.7405952,0.0,0.0,0.0,0.0,0.0,0.0,0.0,0.9499532,1.040198,3.317742,1.055816,-0.2982116,-3.433389,0.1044397,-0.2776884,0.02975437,0.9545137,12.46852,327.5506,359.9295,0.2910381,-0.08563372,-0.9528708,0,0,0,0.4517022,-0.5070505,-2.670734,-0.1005917,0.004896328,0.9899833,0.8440077,-0.001201484,0.5363297,-0.1148053,0.976414,0.1828534,-0.5238996,-0.2159031,0.823963,moving,-6.9643669005279225,-3.4475139333963125,-5.801882559387943,0.28337512568760004,-0.6041138000000001,-0.20883889999999994,0.7626550000000001,-0.12103582617045117,-0.05969206873638934,0.990851726801814,-6.999439731711726,-3.38739421375922,3.882004073149461,3.9078002782368104,3.861177375413745
05/17/2023 16:15:30.297501,1398,True,True,True,True,Eyes,1.047589,-0.3055675,-3.423337,-0.614423,-0.2696069,0.7414826,0.0,0.0,0.0,0.0,0.0,0.0,0.0,0.9477718,1.027126,3.322649,1.055966,-0.2978044,-3.433585,0.1025971,-0.2773868,0.02950792,0.9548089,12.25667,327.5976,359.9666,0.2910827,-0.08558144,-0.952862,0,0,0,0.4526801,-0.5040467,-2.670255,-0.1003199,0.003847718,0.9894866,0.8443718,-0.0005693081,0.5357574,-0.113267,0.9772062,0.179551,-0.5236477,-0.2122914,0.8250608,moving,-6.9854694943375755,-3.5079077548222304,-5.789197193687768,0.22279926880173856,-0.6032858999999999,-0.20624229999999993,0.7633299999999998,-0.12139311536392519,-0.060733793620649595,0.9907447034499123,-7.020117242037553,-3.44844001324492,3.891790425343438,3.9178109083286796,3.872100467636642
05/17/2023 16:15:30.317374,1399,True,True,True,True,Eyes,1.047874,-0.3053316,-3.423339,-0.6144228,-0.2671238,0.742381,0.0,0.0,0.0,0.0,0.0,0.0,0.0,0.9453887,1.013971,3.327541,1.056026,-0.2976597,-3.433749,0.1007081,-0.2770359,0.0293266,0.9551173,12.04179,327.6513,0.01295856,0.2911303,-0.08552768,-0.9528522,0,0,0,0.453671,-0.5010036,-2.669769,-0.1000903,0.003043532,0.9888472,0.8447821,0.0002211833,0.5351104,-0.1118202,0.9779957,0.176127,-0.5232967,-0.2086251,0.826218,moving,-7.012737896146159,-3.5690613381737575,-5.7797468457603705,0.17634775905206007,-0.602355,-0.20334389999999997,0.7639800000000001,-0.12185672919486662,-0.061787678478183936,0.9906226684189522,-7.04695677597498,-3.510231697388974,3.9167663002750746,3.9431404027644468,3.8982931003052586
05/17/2023 16:15:30.337378,1400,True,True,True,True,Eyes,1.048181,-0.3050985,-3.423331,-0.6143998,-0.2646601,0.7432818,0.0,0.0,0.0,0.0,0.0,0.0,0.0,0.9424896,1.003,3.331894,1.056203,-0.2974483,-3.433914,0.09914295,-0.276654,0.02903899,0.9554005,11.85935,327.7051,0.03695072,0.2911806,-0.08547258,-0.9528418,0,0,0,0.4546339,-0.4980459,-2.669297,-0.0999929,0.002629355,0.9883111,0.8452386,0.0006311488,0.5343887,-0.1103443,0.9786549,0.173375,-0.5228727,-0.20551,0.8272665,moving,-7.037473016151173,-3.6017139874582353,-5.777271431441802,0.15243235546670206,-0.6015691000000001,-0.2005976,0.7646170000000003,-0.12228009420633745,-0.0623489453242107,0.9905352616444999,-7.071465599941361,-3.5431869811316647,3.9333832400396695,3.9600155047929664,3.9156788462306276
05/17/2023 16:15:30.347019,1401,True,True,True,True,Eyes,1.048482,-0.304857,-3.42333,-0.6143546,-0.2621786,0.744198,0.0,0.0,0.0,0.0,0.0,0.0,0.0,0.938927,0.9949179,3.335546,1.056328,-0.2972808,-3.434109,0.09798384,-0.276152,0.02890494,0.9556695,11.72676,327.7722,0.06614007,0.2912339,-0.08541636,-0.9528306,0,0,0,0.4555928,-0.4951009,-2.668827,-0.1000654,0.003112867,0.9877496,0.8458092,0.001130272,0.5334843,-0.109364,0.9791273,0.171316,-0.5221554,-0.2032446,0.8282786,moving,-7.073488130823564,-3.583255705475977,-5.784696138749423,0.18056555105728123,-0.6007351999999999,-0.1978201,0.765282,-0.1229051847032133,-0.062025005738530314,0.990478202828979,-7.107621884191582,-3.5243705294480385,3.951507015766685,3.9783583611793985,3.934041673468116
05/17/2023 16:15:30.366995,1402,True,True,True,True,Eyes,1.048797,-0.3046106,-3.423326,-0.614287,-0.2596756,0.7451308,0.0,0.0,0.0,0.0,0.0,0.0,0.0,0.9349395,0.9845196,3.339971,1.05646,-0.2968677,-3.43432,0.09652886,-0.2756275,0.02852928,0.9559801,11.5537,327.8413,0.07806195,0.2912897,-0.08535888,-0.9528186,0,0,0,0.4566357,-0.4918976,-2.668316,-0.1000757,0.002884865,0.9872006,0.8464311,0.00133483,0.5324966,-0.1077589,0.9797365,0.1688324,-0.521481,-0.2002862,0.8294233,moving,-7.109156309480572,-3.606185369880031,-5.788482995432989,0.16743316247922466,-0.5998243,-0.19502989999999998,0.7660040000000001,-0.12351873844470451,-0.062416596497210125,0.9903772687454684,-7.1431359989525145,-3.547444239473404,3.970879526483163,3.998046376694829,3.9541622211895637
05/17/2023 16:15:30.377775,1403,True,True,True,True,Eyes,1.049103,-0.3043578,-3.423326,-0.6142014,-0.2571425,0.7460793,0.0,0.0,0.0,0.0,0.0,0.0,0.0,0.9314646,0.9738123,3.344326,1.056569,-0.2965424,-3.434556,0.09501902,-0.275151,0.02825457,0.9562768,11.3778,327.9058,0.1022315,0.2913482,-0.08530013,-0.952806,0,0,0,0.4576324,-0.4888363,-2.667828,-0.1000269,0.00258404,0.9866922,0.8469872,0.00174921,0.5316105,-0.1063275,0.9803461,0.1661804,-0.5208717,-0.1972775,0.8305266,moving,-7.139897236354506,-3.6285164026708188,-5.788640378030422,0.1500510976090578,-0.5989366,-0.19229390000000002,0.7667280000000001,-0.12404711742958727,-0.06279842325683822,0.9902871389907905,-7.173725825420757,-3.569930510592667,3.9854905489418773,4.0129125895463,3.9694741291424958
05/17/2023 16:15:30.397416,1404,True,True,True,True,Eyes,1.049408,-0.3041014,-3.423329,-0.6140494,-0.2545567,0.7470905,0.0,0.0,0.0,0.0,0.0,0.0,0.0,0.9279178,0.9617575,3.348924,1.056631,-0.296176,-3.434692,0.09332579,-0.2746593,0.02799871,0.9565923,11.1822,327.9732,0.1343951,0.2914088,-0.08524007,-0.9527928,0,0,0,0.4585606,-0.4859851,-2.667372,-0.1001187,0.001694798,0.9861378,0.8475567,0.002301111,0.5306999,-0.1048323,0.9810128,0.1631692,-0.5202479,-0.1939297,0.8317052,moving,-7.169096342064288,-3.6663893499893394,-5.797151916268943,0.09846968336729113,-0.5980704000000001,-0.1898091,0.7673200000000002,-0.12454663964401877,-0.06344899693620655,0.9901829900006729,-7.202662591302785,-3.60815256910863,3.979414672612594,4.00704318026621,3.964152971340001
05/17/2023 16:15:30.418162,1405,True,True,True,True,Eyes,1.049707,-0.3038446,-3.423335,-0.6138709,-0.2519468,0.7481213,0.0,0.0,0.0,0.0,0.0,0.0,0.0,0.9234923,0.9476396,3.354324,1.056814,-0.2958778,-3.434814,0.09132423,-0.2740497,0.02776473,0.956967,10.95316,328.0567,0.1800446,0.2914712,-0.0851787,-0.9527792,0,0,0,0.459516,-0.4830508,-2.666904,-0.1005631,0.0004115701,0.9855818,0.8482518,0.003085112,0.5295842,-0.1031946,0.981778,0.1595707,-0.5194418,-0.1900064,0.8331133,moving,-7.213307325380106,-3.7350534335566175,-5.825969696348974,0.023926201085553128,-0.5972979999999999,-0.18717299999999998,0.7679099999999996,-0.12530115324421745,-0.06462941710415601,0.9900115205648802,-7.2463956373403065,-3.677482253166991,3.978730695863199,4.0068233790099,3.964597633941346
05/17/2023 16:15:30.427480,1406,True,True,True,True,Eyes,1.050014,-0.3035857,-3.423339,-0.6136579,-0.2493242,0.7491739,0.0,0.0,0.0,0.0,0.0,0.0,0.0,0.9185616,0.9357685,3.359126,1.05696,-0.2956457,-3.434905,0.08963505,-0.2733569,0.02763348,0.9573287,10.76189,328.149,0.2276836,0.2915352,-0.08511617,-0.9527652,0,0,0,0.4605673,-0.4798217,-2.666389,-0.1010346,0.0001279116,0.9848927,0.8490248,0.003903935,0.5283386,-0.1019134,0.9824039,0.1565128,-0.5184308,-0.186728,0.8344832,moving,-7.2636474205759205,-3.765128356329797,-5.857162897476775,0.0074412114025824904,-0.5963926999999999,-0.184176,0.768516,-0.12616671357899298,-0.06514186644216187,0.9898679735198871,-7.2965346022257185,-3.7077327976470227,3.997620025125574,4.026224019735849,3.9842576249471615
05/17/2023 16:15:30.452510,1407,True,True,True,True,Eyes,1.050314,-0.3033299,-3.423351,-0.6134204,-0.2466913,0.7502391,0.0,0.0,0.0,0.0,0.0,0.0,0.0,0.9134017,0.924733,3.363791,1.057118,-0.2953764,-3.43508,0.08807338,-0.2726665,0.02729495,0.9576801,10.57819,328.238,0.2477375,0.2916007,-0.08505251,-0.9527509,0,0,0,0.4614597,-0.4770807,-2.665951,-0.1015934,-0.0005670413,0.98441,0.8498159,0.004250338,0.5270625,-0.100309,0.9829961,0.1538074,-0.5174467,-0.1835771,0.8357921,moving,-7.307467720510724,-3.7904350191551703,-5.892197982145486,-0.03300359576427786,-0.5956583,-0.18170430000000004,0.769129,-0.12692013303402527,-0.06557270855071416,0.9897430936988689,-7.3401860474507945,-3.733181769346031,3.986217619236188,4.015131297207816,3.973410116451284
05/17/2023 16:15:30.468233,1408,True,True,True,True,Eyes,1.050613,-0.3030734,-3.423365,-0.6131758,-0.2440796,0.7512926,0.0,0.0,0.0,0.0,0.0,0.0,0.0,0.908681,0.9144486,3.368095,1.057218,-0.2952256,-3.435275,0.08660503,-0.2720211,0.02701629,0.9580054,10.4067,328.3214,0.2706902,0.2916673,-0.08498792,-0.9527362,0,0,0,0.4624617,-0.4740033,-2.665461,-0.1018739,-0.0005999804,0.9838356,0.8505493,0.00464671,0.5258749,-0.09888028,0.9835393,0.1512382,-0.5165159,-0.1806342,0.8370082,moving,-7.34604769805789,-3.8043138139952672,-5.911776541905115,-0.03494114306193306,-0.5947563,-0.17877770000000004,0.7698139999999998,-0.12758458082893198,-0.06580679986532366,0.9896421694141526,-7.378677275195139,-3.747084171362785,4.003740742946776,4.033026665142559,3.9914663500885776
05/17/2023 16:15:30.477349,1409,True,True,True,True,Eyes,1.050905,-0.3028136,-3.423383,-0.6129033,-0.2414904,0.7523509,0.0,0.0,0.0,0.0,0.0,0.0,0.0,0.9034076,0.9062564,3.371905,1.057377,-0.2949741,-3.435423,0.08545223,-0.2713351,0.02662398,0.9583144,10.26658,328.4067,0.2711064,0.291735,-0.08492246,-0.9527213,0,0,0,0.4634208,-0.4710575,-2.66499,-0.1023089,-0.0003600642,0.9833053,0.8513369,0.004655915,0.5245987,-0.09740066,0.9839782,0.1493322,-0.5154984,-0.1782282,0.8381504,moving,-7.383255732243703,-3.7911499713568446,-5.9400186927644825,-0.020980419907920028,-0.5939562,-0.1760834,0.7704330000000001,-0.12822919777412833,-0.0655739273995159,0.9895742913280773,-7.4159890398342725,-3.7336217735225476,4.007442269241884,4.036968119616172,3.9952714909000577
05/17/2023 16:15:30.497207,1410,True,True,True,True,Eyes,1.051243,-0.3025601,-3.423376,-0.6127065,-0.2388956,0.753339,0.0,0.0,0.0,0.0,0.0,0.0,0.0,0.8982365,0.8992858,3.375278,1.0575,-0.294655,-3.435537,0.08448606,-0.2706622,0.02624957,0.9586006,10.1477,328.4895,0.2672451,0.2918034,-0.08485613,-0.9527063,0,0,0,0.4644003,-0.4680489,-2.66451,-0.1026639,0.000225991,0.9827386,0.8521059,0.004591333,0.5233493,-0.09606006,0.9843461,0.1477672,-0.5144786,-0.1761863,0.8392081,moving,-7.423439934563188,-3.7571360774990428,-5.9638941054996835,0.013175762384521483,-0.5930997000000001,-0.1733939,0.7710270000000001,-0.12892822057974582,-0.0649805140432946,0.989522641729546,-7.456426444890803,-3.6990458400038566,4.013252562705822,4.042959979656349,4.001030118527885
05/17/2023 16:15:30.517333,1411,True,True,True,True,Eyes,1.051572,-0.3023051,-3.423376,-0.6124713,-0.236335,0.7543373,0.0,0.0,0.0,0.0,0.0,0.0,0.0,0.8925542,0.8909365,3.379212,1.057683,-0.2945945,-3.435697,0.08328386,-0.2699131,0.02589543,0.9589266,10.00332,328.5829,0.2737283,0.2918738,-0.08478922,-0.9526907,0,0,0,0.4653587,-0.4651051,-2.664041,-0.1032469,0.0005974844,0.9821992,0.8529526,0.004704813,0.5219672,-0.09462246,0.9847865,0.1457472,-0.5133404,-0.1737053,0.8404214,moving,-7.472798733021297,-3.7496212742089567,-6.00078491803991,0.03485375494328222,-0.5923242999999999,-0.1705106,0.7716559999999997,-0.12978178472307816,-0.06484345032597534,0.9894200842028098,-7.505851909127973,-3.6912553831327335,4.0305422198536505,4.06067431811182,4.01859626692163
05/17/2023 16:15:30.537122,1412,True,True,True,True,Eyes,1.051932,-0.3020518,-3.423359,-0.612295,-0.2338032,0.7552688,0.0,0.0,0.0,0.0,0.0,0.0,0.0,0.8869051,0.8847646,3.382468,1.05777,-0.2943217,-3.43584,0.0824219,-0.269142,0.02568478,0.9592235,9.901083,328.6783,0.2854893,0.2919456,-0.08472172,-0.9526746,0,0,0,0.4663148,-0.4621685,-2.663572,-0.1037929,0.001475178,0.9816386,0.8538058,0.004908503,0.5205686,-0.09364127,0.9850938,0.1442963,-0.5121006,-0.1719477,0.8415385,moving,-7.529005219007362,-3.7012321019856746,-6.035704989332196,0.08610236985903705,-0.5914552000000002,-0.16784679999999996,0.772268,-0.1307594684790936,-0.06399951895206549,0.989346292551627,-7.562418354284526,-3.6420702318062435,4.04069971153495,4.071099111735204,4.028662885689461
05/17/2023 16:15:30.557284,1413,True,True,True,True,Eyes,1.052287,-0.3017989,-3.423349,-0.6120694,-0.2312907,0.7562246,0.0,0.0,0.0,0.0,0.0,0.0,0.0,0.8819667,0.8763875,3.386121,1.057902,-0.2941519,-3.435993,0.08123476,-0.2684772,0.02542135,0.9595179,9.761223,328.7619,0.3002881,0.2920198,-0.08465377,-0.9526579,0,0,0,0.4673179,-0.4590875,-2.66308,-0.1041237,0.001967758,0.9810927,0.8545475,0.005165125,0.5193477,-0.09240386,0.9855093,0.1422424,-0.5110872,-0.1695426,0.8426418,moving,-7.571432302235147,-3.6908757682399034,-6.058142775983535,0.11491684457826426,-0.5905840999999998,-0.16493559999999996,0.772913,-0.13149359228032667,-0.06381443812551639,0.9892609042330288,-7.604930530059786,-3.631429792212836,4.064849485422653,4.095619928905045,4.053105658523626
05/17/2023 16:15:30.567635,1414,True,True,True,True,Eyes,1.052636,-0.3015478,-3.423345,-0.6118147,-0.2287973,0.7571886,0.0,0.0,0.0,0.0,0.0,0.0,0.0,0.8772089,0.8698025,3.389299,1.058028,-0.2939568,-3.436214,0.08030186,-0.2678024,0.02537044,0.9597864,9.656083,328.8473,0.3307196,0.2920958,-0.08458541,-0.9526407,0,0,0,0.4682931,-0.4560922,-2.662602,-0.1044689,0.002985559,0.9806263,0.8552765,0.00569034,0.5181408,-0.09171045,0.9858159,0.1405567,-0.5099916,-0.1677338,0.843667,moving,-7.614412287777451,-3.644899352930529,-6.080946331470424,0.1744389291397224,-0.5897349,-0.16213539999999999,0.773612,-0.13224238043210737,-0.06301426354151621,0.9892123952929979,-7.648249764974447,-3.584736093296387,4.084682189267037,4.115684967540636,4.072816826470474
05/17/2023 16:15:30.577136,1415,True,True,True,True,Eyes,1.052979,-0.3012972,-3.423348,-0.6115351,-0.2263351,0.7581538,0.0,0.0,0.0,0.0,0.0,0.0,0.0,0.873245,0.8619072,3.392521,1.058208,-0.2937505,-3.436357,0.07918286,-0.2672126,0.02553354,0.9600394,9.536919,328.925,0.3897927,0.2921733,-0.08451671,-0.952623,0,0,0,0.4692651,-0.4531068,-2.662126,-0.1047748,0.003792904,0.9801475,0.8558909,0.006709082,0.5171129,-0.09134372,0.9861562,0.1383916,-0.5090256,-0.1656831,0.844655,moving,-7.650756249437348,-3.6107771012722645,-6.101574921824723,0.22171796239550648,-0.5889429,-0.15935629999999995,0.7742309999999999,-0.1328748017098268,-0.06241980248642144,0.9891653025690853,-7.684846684659932,-3.550064860824645,4.102534353848419,4.133761144389145,4.090610607296896
05/17/2023 16:15:30.597315,1416,True,True,True,True,Eyes,1.053287,-0.3010455,-3.423374,-0.6111433,-0.2238605,0.7592037,0.0,0.0,0.0,0.0,0.0,0.0,0.0,0.8698075,0.8543925,3.395525,1.058386,-0.2935433,-3.436538,0.07811531,-0.2666682,0.02586509,0.9602694,9.428592,328.9983,0.4654127,0.2922519,-0.08444773,-0.9526049,0,0,0,0.4702478,-0.4500885,-2.661644,-0.1049683,0.004855976,0.9797096,0.8564382,0.008013157,0.5161875,-0.09133664,0.986458,0.1362287,-0.5081056,-0.1638183,0.8455722,moving,-7.675499170194382,-3.5625708217051844,-6.115469701058619,0.28398685877681756,-0.5881382,-0.1565452,0.7748940000000002,-0.1333088895266591,-0.061583915059371774,0.9891592774007423,-7.709939924500327,-3.5011825533272507,4.119538243569111,4.150867130353258,4.107291415491542
05/17/2023 16:15:30.627380,1417,True,True,True,True,Eyes,1.053573,-0.3007822,-3.423411,-0.6107405,-0.2213635,0.7602593,0.0,0.0,0.0,0.0,0.0,0.0,0.0,0.8652999,0.8468999,3.39874,1.058563,-0.2932717,-3.436692,0.0770661,-0.266033,0.02585485,0.9605305,9.31169,329.0793,0.5030743,0.2923305,-0.08437841,-0.952587,0,0,0,0.471216,-0.4471149,-2.66117,-0.1053247,0.00559295,0.9792622,0.8571159,0.008664492,0.5150506,-0.09067298,0.9867847,0.1342922,-0.5070806,-0.1618052,0.8465745,moving,-7.704889163334327,-3.5268843758968207,-6.138857500977563,0.32723508138098145,-0.5873469999999998,-0.15384319999999996,0.775522,-0.13382137223856894,-0.060963561815488454,0.9891285281357248,-7.7395921877264495,-3.464954217274413,4.128648944514052,4.1601312429382835,4.1161937775325335
05/17/2023 16:15:30.647634,1418,True,True,True,True,Eyes,1.053855,-0.3005204,-3.423456,-0.6103237,-0.2188288,0.7613271,0.0,0.0,0.0,0.0,0.0,0.0,0.0,0.8603573,0.8373007,3.402445,1.058726,-0.2927463,-3.43676,0.07576425,-0.2653989,0.02546401,0.9608198,9.155116,329.1579,0.5059068,0.2924083,-0.08430848,-0.9525693,0,0,0,0.4721878,-0.4441299,-2.660693,-0.1056803,0.005338661,0.9787881,0.85783,0.008717156,0.5138596,-0.08914814,0.9872227,0.1320754,-0.5061426,-0.1591078,0.8476464,moving,-7.7295549062201365,-3.533311966551188,-6.16238513945033,0.31250861168574795,-0.5865382000000001,-0.1513836,0.7760669999999998,-0.1342462985786284,-0.06107098416971363,0.989064346691367,-7.764218629691714,-3.471367300897944,4.121223979346349,4.152873342382116,4.108964279753471
05/17/2023 16:15:30.677028,1419,True,True,True,True,Eyes,1.054103,-0.3002625,-3.423522,-0.6098632,-0.216265,0.762428,0.0,0.0,0.0,0.0,0.0,0.0,0.0,0.8557609,0.8248811,3.406919,1.058909,-0.2925583,-3.437001,0.07401086,-0.2647827,0.02515104,0.9611347,8.950896,329.2369,0.5309298,0.2924854,-0.08423802,-0.9525519,0,0,0,0.4735827,-0.4398456,-2.66001,-0.1054916,0.00594528,0.9781882,0.8585151,0.009153509,0.5127065,-0.08754067,0.9877796,0.1289497,-0.5052607,-0.1555879,0.8488251,moving,-7.753608988244646,-3.582665923484814,-6.15520978149539,0.3482307982057178,-0.5853263000000001,-0.1472873,0.7769909999999998,-0.13465447336428557,-0.061919473398788324,0.9889561566319529,-7.7879271365612714,-3.521228576181886,4.210987531220099,4.243445423324544,4.199819259393126
05/17/2023 16:15:30.677028,1420,True,True,True,True,Eyes,1.054348,-0.300004,-3.423594,-0.6093978,-0.2136913,0.763525,0.0,0.0,0.0,0.0,0.0,0.0,0.0,0.8525175,0.8146683,3.410391,1.058924,-0.2923406,-3.437216,0.07258111,-0.2643281,0.02492929,0.9613747,8.785418,329.2956,0.5543943,0.2925608,-0.08416716,-0.952535,0,0,0,0.4744439,-0.4372004,-2.659588,-0.1054312,0.005562805,0.9778351,0.8590184,0.009562338,0.5118553,-0.08630321,0.988221,0.1263763,-0.5046178,-0.1527343,0.8497254,moving,-7.757076939801109,-3.5925642161093836,-6.1539169651121925,0.32594637936262894,-0.5844801,-0.14485979999999998,0.777628,-0.13471289991084018,-0.06208982309158326,0.9889374926817152,-7.791325421198148,-3.5312336903647323,4.201347462582587,4.233774579647692,4.190339430447581
05/17/2023 16:15:30.687566,1421,True,True,True,True,Eyes,1.054575,-0.29974,-3.42368,-0.608916,-0.2111174,0.7646246,0.0,0.0,0.0,0.0,0.0,0.0,0.0,0.8494159,0.8036313,3.414053,1.05912,-0.2921698,-3.437439,0.07102688,-0.2639084,0.02473408,0.9616112,8.606963,329.3507,0.5841269,0.2926345,-0.08409592,-0.9525187,0,0,0,0.4757892,-0.4330684,-2.658928,-0.1049105,0.00649403,0.9773224,0.8594812,0.01007996,0.5110679,-0.0850583,0.9886868,0.1235454,-0.5040408,-0.1496555,0.8506151,moving,-7.756792791598457,-3.6145751117855336,-6.1269437783709515,0.38070859228443465,-0.5833308,-0.14089860000000004,0.778511,-0.13470479216077513,-0.06246979934512613,0.9889146442957663,-7.790884235830201,-3.5535120465443453,4.282036756429642,4.314939128414875,4.271626140119946
05/17/2023 16:15:30.697136,1422,True,True,True,True,Eyes,1.0548,-0.2994686,-3.42377,-0.6084204,-0.2085226,0.7657304,0.0,0.0,0.0,0.0,0.0,0.0,0.0,0.8447401,0.794469,3.417557,1.059306,-0.2917925,-3.437614,0.06976804,-0.2632937,0.0244321,0.9618794,8.457892,329.427,0.5944741,0.292706,-0.08402416,-0.952503,0,0,0,0.4770983,-0.4290474,-2.658287,-0.104803,0.007571816,0.9767879,0.8601591,0.01026251,0.5099226,-0.08374043,0.989071,0.1213512,-0.5031043,-0.1470825,0.8516178,moving,-7.774714049172609,-3.6090588262628693,-6.1240371039557635,0.4441336862780469,-0.5822077000000001,-0.1372549,0.7793269999999999,-0.13501493612321844,-0.06237193414265013,0.988878562911558,-7.808849578588039,-3.5478619356860652,4.343090705476781,4.376425930047048,4.33296920372822
05/17/2023 16:15:30.717589,1423,True,True,True,True,Eyes,1.055023,-0.2991875,-3.423866,-0.6079261,-0.2058139,0.7668549,0.0,0.0,0.0,0.0,0.0,0.0,0.0,0.8399928,0.783196,3.421546,1.059464,-0.291374,-3.437819,0.06821738,-0.2626638,0.02409945,0.9621711,8.275537,329.5058,0.6102119,0.2927756,-0.08395174,-0.9524879,0,0,0,0.477681,-0.4272578,-2.658001,-0.1055359,0.005865186,0.9766673,0.860854,0.01053912,0.508743,-0.08221205,0.9895312,0.1186135,-0.502167,-0.1439337,0.8527083,moving,-7.7956045898415525,-3.629467788604552,-6.167289997510306,0.34407455251782204,-0.5817829999999999,-0.1358838,0.7798180000000001,-0.13537250205601603,-0.06272107861995826,0.9888075111629527,-7.8296001155952215,-3.5684397340431198,4.261083428580765,4.294234174831544,4.251004936627451
05/17/2023 16:15:30.727719,1424,True,True,True,True,Eyes,1.055219,-0.2989084,-3.423983,-0.6073716,-0.2029882,0.7680466,0.0,0.0,0.0,0.0,0.0,0.0,0.0,0.8359663,0.7630766,3.427323,1.059615,-0.2909237,-3.438059,0.06542505,-0.2621283,0.02365164,0.9625223,7.952126,329.5768,0.6497476,0.2928434,-0.08387844,-0.9524736,0,0,0,0.4780779,-0.4260387,-2.657806,-0.1063512,0.001212023,0.9766904,0.8614587,0.01123095,0.5077034,-0.07982997,0.9903204,0.1135466,-0.5015137,-0.1383456,0.8540167,moving,-7.8081033885768685,-3.780627512829861,-6.214417148256552,0.07110110524896372,-0.5815371,-0.13511499999999999,0.7802530000000001,-0.1355654893887452,-0.06532782749041507,0.9886123217113637,-7.841024290712567,-3.721382169001237,4.135321391326323,4.168410869853608,4.126594259356794
05/17/2023 16:15:30.747569,1425,True,True,True,True,Eyes,1.055413,-0.2986292,-3.424101,-0.6068144,-0.2001222,0.7692382,0.0,0.0,0.0,0.0,0.0,0.0,0.0,0.8327954,0.7434848,3.432711,1.059844,-0.2907347,-3.438317,0.06267159,-0.261698,0.02335584,0.9628298,7.637694,329.6356,0.7037409,0.2929086,-0.08380435,-0.95246,0,0,0,0.479031,-0.4231115,-2.657339,-0.1063826,-0.001313582,0.9764605,0.8619373,0.01217333,0.5068687,-0.07777745,0.9910536,0.1084598,-0.5010138,-0.1329085,0.8551729,moving,-7.809580942410707,-3.918351181893017,-6.217689684133593,-0.07707701360535812,-0.580813,-0.13237679999999996,0.7809780000000002,-0.13556945803144604,-0.06770395688255149,0.9884518782373503,-7.841520114837564,-3.860767174460676,4.124556715945849,4.1580650565056265,4.117418669631932
05/17/2023 16:15:30.767423,1426,True,True,True,True,Eyes,1.055596,-0.2983462,-3.424229,-0.6062641,-0.1972756,0.7704065,0.0,0.0,0.0,0.0,0.0,0.0,0.0,0.829016,0.7292605,3.436857,1.059977,-0.2904938,-3.438479,0.06068602,-0.2611821,0.02312303,0.9631025,7.410213,329.702,0.741865,0.2929716,-0.08372958,-0.9524472,0,0,0,0.4800234,-0.4200631,-2.656853,-0.1064509,-0.002334557,0.9760823,0.8624985,0.01283949,0.5058966,-0.07623988,0.9915651,0.1048151,-0.5002837,-0.1289724,0.8562022,moving,-7.816992570026374,-3.972668493268869,-6.224042052942796,-0.1370376330703232,-0.5799536,-0.1295693,0.7816260000000002,-0.1356886208341783,-0.06863986349139733,0.9883709647002085,-7.8485463639232895,-3.915714152093362,4.119540624022417,4.1532584130516454,4.113077982704714
05/17/2023 16:15:30.777346,1427,True,True,True,True,Eyes,1.05578,-0.2980571,-3.424362,-0.6056972,-0.1944261,0.7715759,0.0,0.0,0.0,0.0,0.0,0.0,0.0,0.8246003,0.7173778,3.44065,1.060177,-0.2901478,-3.438678,0.05905047,-0.2606132,0.02271933,0.9633678,7.216364,329.7723,0.7505523,0.293032,-0.08365405,-0.9524353,0,0,0,0.4809967,-0.417074,-2.656376,-0.1066383,-0.002988234,0.9757949,0.8631292,0.01299548,0.5048159,-0.0745528,0.9919938,0.1019327,-0.4994495,-0.1256166,0.8571876,moving,-7.824709447758764,-3.997339094251726,-6.2367347542828195,-0.17545968029319198,-0.5791803,-0.1269262,0.782302,-0.1358177498042925,-0.06906419892355789,0.9883236570956936,-7.856089357635104,-3.940654463828405,4.104860981944934,4.138650248808185,4.098658449951522
05/17/2023 16:15:30.796985,1428,True,True,True,True,Eyes,1.055941,-0.2977689,-3.424509,-0.6051322,-0.1915843,0.7727292,0.0,0.0,0.0,0.0,0.0,0.0,0.0,0.8192318,0.7072133,3.4443,1.060374,-0.2897416,-3.438917,0.05766713,-0.2599245,0.02223091,0.9636491,7.047866,329.8555,0.7428812,0.2930903,-0.08357769,-0.952424,0,0,0,0.4819826,-0.4140457,-2.655893,-0.1070004,-0.003256388,0.9755281,0.8638901,0.01286739,0.503516,-0.0728238,0.9923605,0.09958503,-0.498388,-0.1226985,0.8582275,moving,-7.84407227677727,-3.9996243175485184,-6.259442287567253,-0.19125701849741397,-0.5783913999999999,-0.12430410000000003,0.7830240000000002,-0.13615139640423235,-0.06910042228713417,0.9882751989769283,-7.875441020428355,-3.9428948888128548,4.0910102750982045,4.124889536361616,4.08487926560794
05/17/2023 16:15:30.818149,1429,True,True,True,True,Eyes,1.056104,-0.2974759,-3.42466,-0.6045648,-0.1886961,0.7738832,0.0,0.0,0.0,0.0,0.0,0.0,0.0,0.8141798,0.694428,3.44831,1.060508,-0.2894973,-3.43911,0.05588022,-0.2592097,0.02217238,0.9639483,6.847427,329.9455,0.7950404,0.2931459,-0.08350056,-0.9524136,0,0,0,0.482968,-0.4110191,-2.65541,-0.1074571,-0.003804252,0.9751636,0.8646374,0.01377665,0.5022075,-0.07171544,0.9927716,0.09623668,-0.4972515,-0.1192259,0.8593754,moving,-7.87488807313195,-4.023059901234593,-6.288276238236653,-0.2235178569741297,-0.5775399999999999,-0.12152180000000001,0.7837000000000001,-0.13667911463411547,-0.0694995535026895,0.9881744048912883,-7.9060978595508615,-3.9664987990099596,4.08334887567717,4.1175061458038895,4.077652894844676
05/17/2023 16:15:30.827532,1430,True,True,True,True,Eyes,1.056228,-0.2971825,-3.424839,-0.6040183,-0.1858193,0.7750052,0.0,0.0,0.0,0.0,0.0,0.0,0.0,0.8102176,0.6796334,3.452484,1.060743,-0.2891347,-3.439364,0.05383865,-0.2586866,0.02185654,0.9642122,6.611223,330.0114,0.8244969,0.2931991,-0.08342262,-0.9524041,0,0,0,0.4839546,-0.4079887,-2.654926,-0.1075714,-0.005101368,0.9749652,0.8652071,0.014294,0.501211,-0.07000335,0.9932474,0.09251579,-0.496504,-0.1151318,0.8603653,moving,-7.883427849633793,-4.085846663182003,-6.2961819795165415,-0.2997893553717066,-0.5767884,-0.11885399999999996,0.7844379999999997,-0.136815979768089,-0.07058104061627456,0.9880787840046167,-7.914192159917604,-4.0300135111533795,4.070955144586881,4.105311119784713,4.066021298057669
05/17/2023 16:15:30.847556,1431,True,True,True,True,Eyes,1.056354,-0.2968863,-3.425019,-0.6034574,-0.1829,0.7761358,0.0,0.0,0.0,0.0,0.0,0.0,0.0,0.8057597,0.6699097,3.455706,1.060972,-0.2888294,-3.4396,0.05250292,-0.2580992,0.02158565,0.9644493,6.454565,330.0832,0.8381134,0.2932489,-0.08334389,-0.9523956,0,0,0,0.4849441,-0.4049496,-2.654441,-0.1077655,-0.005009934,0.9747447,0.8658378,0.01453461,0.5001137,-0.06873845,0.9935549,0.09013032,-0.4955805,-0.1124153,0.8612566,moving,-7.893840672369737,-4.068907027548927,-6.30886654466605,-0.2944827976359229,-0.5760279,-0.1161202,0.7851590000000002,-0.136998402316785,-0.0702871222830149,0.988074481939606,-7.924728539619901,-4.012829890513946,4.05939270136232,4.093705076436801,4.05427121562565
05/17/2023 16:15:30.867423,1432,True,True,True,True,Eyes,1.056432,-0.2965938,-3.425231,-0.6029054,-0.1799727,0.7772484,0.0,0.0,0.0,0.0,0.0,0.0,0.0,0.8007308,0.6553301,3.459916,1.061116,-0.2885096,-3.439831,0.0504861,-0.2574154,0.02130389,0.9647459,6.221962,330.1679,0.8711265,0.2932958,-0.08326437,-0.9523882,0,0,0,0.4859232,-0.4019423,-2.653961,-0.10814,-0.006223254,0.9744598,0.8665668,0.01511388,0.4988321,-0.06709748,0.9939946,0.0864446,-0.4945298,-0.1083804,0.8623769,moving,-7.921246182494754,-4.124983327953533,-6.332448862178094,-0.3659066711259401,-0.5751928,-0.1134327,0.7858700000000001,-0.13746159930767227,-0.07124952211766764,0.9879412855584034,-7.951741424807966,-4.0694823284438675,4.04641735013138,4.081045728358299,4.042101069105811
05/17/2023 16:15:30.877177,1433,True,True,True,True,Eyes,1.056517,-0.296296,-3.425449,-0.6023468,-0.1770416,0.7783538,0.0,0.0,0.0,0.0,0.0,0.0,0.0,0.7958432,0.6440669,3.463504,1.061299,-0.288302,-3.440141,0.04891782,-0.2567444,0.02111548,0.9650095,6.041853,330.2503,0.9008331,0.2933385,-0.08318421,-0.952382,0,0,0,0.4869451,-0.3988036,-2.65346,-0.1084063,-0.006297559,0.9742529,0.8672729,0.01563453,0.4975875,-0.06587204,0.9943224,0.08356977,-0.4934558,-0.1052549,0.8633787,moving,-7.944845665034926,-4.128828857568802,-6.349252767920784,-0.3703540698863701,-0.5743539,-0.11050159999999998,0.7866810000000002,-0.1378678853024234,-0.07131175910552219,0.9878801105350556,-7.975319736869622,-4.073286090399758,4.048318088964844,4.083142101735574,4.044230376233508
05/17/2023 16:15:30.896961,1434,True,True,True,True,Eyes,1.056587,-0.2959982,-3.425677,-0.6017694,-0.1741091,0.779461,0.0,0.0,0.0,0.0,0.0,0.0,0.0,0.7921803,0.6326308,3.466834,1.061513,-0.2879088,-3.440495,0.0473538,-0.25624,0.02096245,0.965225,5.863393,330.3128,0.9330609,0.2933776,-0.08310331,-0.952377,0,0,0,0.4878632,-0.3959836,-2.65301,-0.1084662,-0.006832436,0.9742052,0.8678033,0.01619906,0.4966439,-0.06473483,0.9946364,0.08067132,-0.4926733,-0.102157,0.8641974,moving,-7.948082483733003,-4.1304803072929275,-6.3530408845992214,-0.40182841189548685,-0.5736497999999999,-0.10807479999999997,0.7874849999999998,-0.13792340414849905,-0.07133966918624214,0.9878702476482715,-7.978545636468556,-4.074945415295414,4.02083412386403,4.055490433969506,4.016721824948231
05/17/2023 16:15:30.918333,1435,True,True,True,True,Eyes,1.05666,-0.2956973,-3.425905,-0.6011816,-0.1711632,0.7805664,0.0,0.0,0.0,0.0,0.0,0.0,0.0,0.788031,0.6204144,3.470219,1.061724,-0.2876289,-3.440689,0.04566415,-0.255671,0.02086292,0.9654596,5.672483,330.3834,0.9751031,0.293413,-0.08302175,-0.9523732,0,0,0,0.488845,-0.3929683,-2.652529,-0.108668,-0.007266596,0.9739717,0.8683942,0.01693461,0.4955853,-0.0636346,0.994959,0.0775057,-0.4917745,-0.09884187,0.8650943,moving,-7.9598360889152335,-4.142570615964332,-6.366277089712017,-0.42746371113930076,-0.5728789999999999,-0.10533939999999997,0.78816,-0.13812401983780648,-0.07154611222463439,0.9878273993928015,-7.990216138422896,-4.08713807025912,4.007747419371415,4.042455886985062,4.003797503461813
05/17/2023 16:15:30.937025,1436,True,True,True,True,Eyes,1.056753,-0.2954021,-3.426125,-0.6006179,-0.1682486,0.7816333,0.0,0.0,0.0,0.0,0.0,0.0,0.0,0.783883,0.6078233,3.473624,1.061851,-0.2872859,-3.44092,0.04393033,-0.2550848,0.02080599,0.9656962,5.47787,330.4559,1.023022,0.2934451,-0.08293948,-0.9523705,0,0,0,0.4898254,-0.3899569,-2.652049,-0.1088198,-0.007819463,0.9737401,0.8689978,0.01777261,0.4944968,-0.06259645,0.9952745,0.07423212,-0.4908408,-0.09546129,0.8660038,moving,-7.976628641377325,-4.159478122019679,-6.376600874530579,-0.4600946370525193,-0.5720256000000001,-0.10267100000000001,0.7888710000000003,-0.13841065363503127,-0.07183470646554825,0.987766336123373,-8.006892570747336,-4.10418736910699,3.9957843640795625,4.030574031515654,3.992150154311023
05/17/2023 16:15:30.947231,1437,True,True,True,True,Eyes,1.056852,-0.2951061,-3.426345,-0.6000424,-0.1653553,0.782692,0.0,0.0,0.0,0.0,0.0,0.0,0.0,0.7797183,0.5967773,3.476771,1.062054,-0.2871663,-3.441166,0.0423875,-0.2545215,0.02062999,0.9659174,5.300957,330.5247,1.051732,0.2934749,-0.08285674,-0.9523686,0,0,0,0.4907991,-0.3869661,-2.651571,-0.1089599,-0.007899143,0.9735584,0.8695863,0.01827666,0.4934425,-0.06143079,0.9955554,0.0713841,-0.4899447,-0.09238721,0.8668442,moving,-7.987492468999789,-4.162651319871736,-6.3859244483071995,-0.4648695183634862,-0.5712549,-0.0997998,0.7895949999999998,-0.13859740927269398,-0.07188751405828733,0.9877362843215121,-8.017736648210148,-4.107358319300749,3.994837726800671,4.029715917589077,3.9913075201875237
05/17/2023 16:15:30.967265,1438,True,True,True,True,Eyes,1.056939,-0.294811,-3.426574,-0.599453,-0.1625301,0.7837347,0.0,0.0,0.0,0.0,0.0,0.0,0.0,0.7755944,0.5878109,3.479513,1.062302,-0.2868783,-3.441408,0.0411584,-0.2539662,0.02051808,0.9661193,5.160709,330.592,1.078164,0.2935027,-0.08277357,-0.9523672,0,0,0,0.4918405,-0.3837675,-2.651061,-0.1090323,-0.007319219,0.9734071,0.8701603,0.01874013,0.4924123,-0.06055149,0.99577,0.06910603,-0.4890343,-0.08994962,0.8676143,moving,-7.995799256626156,-4.133533050375977,-6.3911176038238775,-0.430808913387137,-0.5704615000000001,-0.09688920000000001,0.7903470000000001,-0.13874563973294216,-0.0713840311404394,0.9877519831173903,-8.02625328188439,-4.077856548005321,4.000616444200709,4.035488723993663,3.996826883271341
05/17/2023 16:15:30.977230,1439,True,True,True,True,Eyes,1.057028,-0.294518,-3.426803,-0.5988473,-0.1597085,0.7847771,0.0,0.0,0.0,0.0,0.0,0.0,0.0,0.7712007,0.5784978,3.482307,1.062492,-0.2866088,-3.441633,0.03987656,-0.2533615,0.02045738,0.966333,5.01602,330.6655,1.111908,0.2935283,-0.08269001,-0.9523666,0,0,0,0.4927905,-0.3808498,-2.650595,-0.1092729,-0.007062696,0.9732382,0.870779,0.01933093,0.4912945,-0.05974365,0.9959827,0.06670184,-0.4880315,-0.08743427,0.8684357,moving,-8.009960478415623,-4.108125455775025,-6.406206042061628,-0.41578266191334323,-0.5697015,-0.09424100000000002,0.7910379999999999,-0.13899414610522814,-0.07094351203659696,0.987748771612672,-8.040599439586396,-4.052088454319333,3.990765304139615,4.025596055183308,3.9867231649260404
05/17/2023 16:15:31.018726,1440,True,True,True,True,Eyes,1.057115,-0.2942271,-3.427035,-0.5982053,-0.1569567,0.7858211,0.0,0.0,0.0,0.0,0.0,0.0,0.0,0.7664306,0.5683087,3.485269,1.06259,-0.2863962,-3.441856,0.0384676,-0.2527028,0.0203164,0.9665655,4.854801,330.745,1.140487,0.2935521,-0.08260616,-0.9523666,0,0,0,0.4937318,-0.3779586,-2.650134,-0.1095521,-0.007069398,0.9730136,0.8714571,0.01983253,0.4900707,-0.05871601,0.996215,0.06409487,-0.4869446,-0.08463092,0.869323,moving,-8.028546836640885,-4.104123457033051,-6.423907854367198,-0.4162732589315609,-0.5688582,-0.09156239999999999,0.791722,-0.13931526065829775,-0.07087128275098963,0.9877086145504302,-8.059219260675608,-4.04796846878228,3.9868893073537564,4.021828607371221,3.9828951144682487
05/17/2023 16:15:31.047225,1441,True,True,True,True,Eyes,1.057203,-0.2939402,-3.427266,-0.5975578,-0.1542751,0.7868444,0.0,0.0,0.0,0.0,0.0,0.0,0.0,0.7614802,0.5602145,3.487934,1.062781,-0.2861614,-3.44209,0.03735239,-0.2520255,0.02023965,0.9667878,4.727995,330.8264,1.167581,0.293574,-0.08252211,-0.9523671,0,0,0,0.4947025,-0.3749771,-2.649658,-0.1098933,-0.006419789,0.9728477,0.872147,0.02030738,0.4888223,-0.0579624,0.9963903,0.06202184,-0.4857983,-0.08242548,0.8701759,moving,-8.04844752315241,-4.070072980743226,-6.44483670280378,-0.3780874190603658,-0.5680784999999999,-0.0888157,0.7924319999999998,-0.1396641966074134,-0.07028080951548371,0.9877017569246619,-8.079368036944052,-4.013431411615326,3.990195605100753,4.025211180896465,3.985902485823231
05/17/2023 16:15:31.047225,1442,True,True,True,True,Eyes,1.057322,-0.293654,-3.427481,-0.596935,-0.1516672,0.7878234,0.0,0.0,0.0,0.0,0.0,0.0,0.0,0.7560807,0.5534716,3.490425,1.062919,-0.2859809,-3.442306,0.03641594,-0.2512757,0.02022769,0.9670189,4.622781,330.9164,1.196892,0.2935944,-0.08243798,-0.9523681,0,0,0,0.4956693,-0.3720076,-2.649184,-0.1103378,-0.005358666,0.972631,0.8729028,0.02082023,0.4874498,-0.05742199,0.9965294,0.06026434,-0.4845034,-0.08059525,0.8710688,moving,-8.07899839821772,-4.018474822844354,-6.472113760862199,-0.3156652822592908,-0.5672497,-0.08602670000000001,0.7931219999999999,-0.1401996221060342,-0.06938598904727292,0.9876890673960389,-8.110294957655881,-3.961094440440513,4.001286587562264,4.03644357468514,3.996597475459123
05/17/2023 16:15:31.087290,1443,True,True,True,True,Eyes,1.057445,-0.2933692,-3.427697,-0.5962963,-0.1490725,0.7888017,0.0,0.0,0.0,0.0,0.0,0.0,0.0,0.7514206,0.546814,3.492717,1.063079,-0.2857444,-3.442516,0.03550185,-0.2506327,0.02020807,0.96722,4.519927,330.9936,1.224038,0.2936144,-0.08235382,-0.9523693,0,0,0,0.4973239,-0.3669255,-2.648373,-0.1097772,-0.002231538,0.9722537,0.8735498,0.02129544,0.4862688,-0.05688714,0.9966625,0.0585466,-0.4833991,-0.0788058,0.8718458,moving,-8.095875307092008,-3.965610754855861,-6.4419853675186145,-0.1315062978971198,-0.5657551000000001,-0.0811811,0.794143,-0.14049944112138793,-0.06847172591574313,0.9877102507150197,-8.127553316768232,-3.9075274063060634,4.139688691248816,4.1756088081970715,4.135151112436819
05/17/2023 16:15:31.097198,1444,True,True,True,True,Eyes,1.057562,-0.2930875,-3.427917,-0.5956257,-0.1464987,0.7897899,0.0,0.0,0.0,0.0,0.0,0.0,0.0,0.746575,0.5384125,3.495358,1.063259,-0.2855176,-3.442782,0.03434798,-0.2499777,0.02004541,0.9674346,4.386302,331.0718,1.242057,0.2936339,-0.08226967,-0.9523705,0,0,0,0.4989294,-0.3619943,-2.647586,-0.10929,0.0002223738,0.9719616,0.8742186,0.02161279,0.4850511,-0.05595771,0.9968368,0.05643704,-0.482297,-0.07648066,0.8726628,moving,-8.112244018181348,-3.9460693181257107,-6.4155454732386,0.01310862485923191,-0.5643296,-0.07647670000000001,0.7951959999999998,-0.1407848880845923,-0.06813205785174753,0.9876930533946691,-8.14406571646102,-3.887688207931328,4.270672149879293,4.3074210308059415,4.266614367614978
05/17/2023 16:15:31.107112,1445,True,True,True,True,Eyes,1.057681,-0.2928078,-3.428135,-0.5949414,-0.1439403,0.7907755,0.0,0.0,0.0,0.0,0.0,0.0,0.0,0.7424852,0.530976,3.497607,1.063455,-0.2853185,-3.442983,0.0333252,-0.249426,0.01995571,0.9676145,4.26944,331.1377,1.263803,0.2936529,-0.0821856,-0.9523719,0,0,0,0.4995683,-0.360032,-2.647273,-0.1097733,5.849451e-05,0.9719331,0.8747768,0.02199453,0.4840266,-0.05524321,0.9969825,0.05453693,-0.4813664,-0.07444683,0.8733522,moving,-8.115709538860907,-3.9101948238220667,-6.443865426485257,0.0034482708157992986,-0.5638867000000001,-0.07471350000000004,0.7957099999999997,-0.1408505721895706,-0.06751298653539767,0.9877262190309833,-8.147787979868252,-3.851366557610981,4.219382013473575,4.255780187966923,4.2146114209243795
05/17/2023 16:15:31.119198,1446,True,True,True,True,Eyes,1.057801,-0.2925319,-3.428351,-0.5942494,-0.1413931,0.7917548,0.0,0.0,0.0,0.0,0.0,0.0,0.0,0.7377559,0.5228076,3.500016,1.063581,-0.2851101,-3.443142,0.03220194,-0.2487829,0.01984292,0.9678205,4.140619,331.2144,1.286098,0.2936716,-0.08210168,-0.9523734,0,0,0,0.5016149,-0.3537459,-2.64627,-0.1087411,0.003951721,0.971433,0.8754266,0.02238617,0.4828324,-0.05443135,0.9971386,0.05245824,-0.4802765,-0.07220456,0.8741402,moving,-8.130085850664768,-3.8868823432335753,-6.387035474684933,0.23307390855156418,-0.5619661000000001,-0.06863580000000002,0.796872,-0.14110226318430888,-0.06710866758847313,0.9877178744508862,-8.162334344103767,-3.827718130166246,4.435847622005334,4.473506916260094,4.4318977941141355
05/17/2023 16:15:31.127366,1447,True,True,True,True,Eyes,1.057984,-0.292249,-3.428542,-0.593681,-0.1387779,0.7926434,0.0,0.0,0.0,0.0,0.0,0.0,0.0,0.733564,0.5144292,3.502379,1.063733,-0.2849481,-3.443354,0.03104607,-0.2482176,0.01969143,0.9680065,4.007159,331.2816,1.304517,0.2936899,-0.082018,-0.9523749,0,0,0,0.5021372,-0.3521418,-2.646014,-0.1093449,0.003183313,0.9714369,0.8760005,0.0227105,0.4817752,-0.05353523,0.9972968,0.05033007,-0.4793299,-0.06988111,0.8748484,moving,-8.143709649959625,-3.8648245273690227,-6.42217930717518,0.18775254154761561,-0.5615958000000001,-0.06719370000000002,0.7973399999999997,-0.1413407514787832,-0.06672611551313075,0.9877096801858889,-8.176119049323097,-3.8053423685400323,4.365770998367656,4.403072520483452,4.361319935530273
05/17/2023 16:15:31.147184,1448,True,True,True,True,Eyes,1.058165,-0.2919692,-3.428729,-0.5931056,-0.1361782,0.7935246,0.0,0.0,0.0,0.0,0.0,0.0,0.0,0.7253231,0.500689,3.506461,1.064013,-0.2845814,-3.443681,0.0291648,-0.2471142,0.0193952,0.9683532,3.788252,331.4124,1.329348,0.2937098,-0.08193433,-0.9523761,0,0,0,0.5025634,-0.3508329,-2.645805,-0.1112346,0.0005122684,0.9715188,0.8771168,0.02314872,0.479719,-0.05197687,0.9975464,0.04689799,-0.4774564,-0.06606931,0.876168,moving,-8.223543429040733,-3.9279928897148566,-6.53167036735215,0.030211267736432266,-0.5614496000000001,-0.06625150000000002,0.797876,-0.1427064840519279,-0.06780159908936115,0.9874400479432777,-8.255523519455291,-3.868976515230248,4.266940904411572,4.304627116131218,4.263254045544619
05/17/2023 16:15:31.167220,1449,True,True,True,True,Eyes,1.058388,-0.2916932,-3.42889,-0.5926426,-0.133635,0.7943025,0.0,0.0,0.0,0.0,0.0,0.0,0.0,0.721681,0.4925328,3.508463,1.064119,-0.2844029,-3.443761,0.02804838,-0.2466328,0.01920872,0.9685127,3.658266,331.4693,1.342001,0.2937309,-0.0818508,-0.9523767,0,0,0,0.5034728,-0.3480396,-2.64536,-0.111231,0.0009401478,0.9713114,0.8776066,0.02337247,0.4788115,-0.05104308,0.9976887,0.04485542,-0.4766563,-0.06380542,0.8767712,moving,-8.235114536592864,-3.907536897557465,-6.532843383274142,0.05545748174756889,-0.5606462,-0.06363669999999999,0.7984009999999997,-0.14290933914789467,-0.06744705929202986,0.9874349806661596,-8.267243566333976,-3.8482296453712403,4.275408668433887,4.313125494328254,4.271641040798149
05/17/2023 16:15:31.177132,1450,True,True,True,True,Eyes,1.058609,-0.29142,-3.429049,-0.5921651,-0.1311266,0.7950763,0.0,0.0,0.0,0.0,0.0,0.0,0.0,0.7190235,0.4847817,3.510276,1.064279,-0.2842742,-3.443914,0.02698544,-0.2462922,0.01899014,0.9686338,3.533508,331.5093,1.348932,0.2937546,-0.08176751,-0.9523766,0,0,0,0.5044358,-0.3450818,-2.644887,-0.1108871,0.001659807,0.9712193,0.8779591,0.02349637,0.4781589,-0.05008159,0.9978223,0.04292377,-0.4761091,-0.06163226,0.8772238,moving,-8.228843466650792,-3.884834059439862,-6.513431472768254,0.09791799166435877,-0.5598432,-0.06080760000000002,0.7990269999999997,-0.1428050267084191,-0.06705681314017578,0.9874766437063467,-8.261132731147908,-3.8252755020193585,4.298791974444573,4.336467711090553,4.294869832419148
05/17/2023 16:15:31.197271,1451,True,True,True,True,Eyes,1.058873,-0.2911482,-3.429183,-0.5917327,-0.128638,0.7958044,0.0,0.0,0.0,0.0,0.0,0.0,0.0,0.7150738,0.4788232,3.512023,1.064453,-0.2840838,-3.444001,0.02617886,-0.2457814,0.01877804,0.9687898,3.437185,331.5694,1.349885,0.2937805,-0.08168451,-0.9523758,0,0,0,0.5054212,-0.3420551,-2.644404,-0.1108893,0.002860503,0.9710444,0.8784777,0.02351539,0.4772042,-0.0492525,0.9979241,0.04149304,-0.4752378,-0.05995421,0.8778123,moving,-8.244781533994045,-3.835645884175982,-6.514722696083275,0.16878144306099646,-0.5590318000000001,-0.0579713,0.7995969999999999,-0.14308785065466462,-0.06620631004373521,0.9874930672455738,-8.277425786839165,-3.7754323630031204,4.324430678163481,4.362171684121964,4.320178784970265
05/17/2023 16:15:31.216982,1452,True,True,True,True,Eyes,1.059132,-0.2908778,-3.429317,-0.5912808,-0.1261816,0.7965333,0.0,0.0,0.0,0.0,0.0,0.0,0.0,0.7111906,0.4719647,3.513884,1.064609,-0.2839052,-3.444115,0.02524603,-0.2452759,0.01855542,0.9689469,3.326544,331.6288,1.353093,0.2938096,-0.08160187,-0.9523739,0,0,0,0.5064028,-0.3390401,-2.643923,-0.1108617,0.003823536,0.9708942,0.8789909,0.02357394,0.4762555,-0.04834291,0.9980367,0.03982174,-0.4743817,-0.05802652,0.8784047,moving,-8.259768802035513,-3.8023717474166596,-6.514114073403678,0.22563873910051663,-0.5582061999999999,-0.05513489999999999,0.800192,-0.14335162622073255,-0.0656302914049872,0.9874933188361622,-8.292654306737061,-3.7416994275437867,4.352141816609607,4.390008987586133,4.3477554542658154
05/17/2023 16:15:31.227479,1453,True,True,True,True,Eyes,1.059442,-0.2906092,-3.429418,-0.5908934,-0.1237373,0.7972039,0.0,0.0,0.0,0.0,0.0,0.0,0.0,0.7069587,0.4657258,3.515743,1.064742,-0.2836889,-3.444269,0.0243995,-0.2447079,0.01842923,0.9691146,3.228112,331.6958,1.364706,0.2938415,-0.08151957,-0.9523711,0,0,0,0.5074248,-0.3359013,-2.643422,-0.1108721,0.005098103,0.9707548,0.8795568,0.02377857,0.4751993,-0.04766157,0.9981301,0.03827227,-0.4734007,-0.05631138,0.8790454,moving,-8.28743056577339,-3.756334465448335,-6.515647380200583,0.3008968897942965,-0.5573172000000001,-0.05221239999999999,0.8008469999999996,-0.14383587356603128,-0.06483221111756694,0.9874755762180472,-8.32065169553032,-3.6950014465580394,4.3891659706797235,4.427227340745275,4.3846600886297145
05/17/2023 16:15:31.247317,1454,True,True,True,True,Eyes,1.059743,-0.2903425,-3.429516,-0.5904891,-0.1212932,0.7978787,0.0,0.0,0.0,0.0,0.0,0.0,0.0,0.7030694,0.4590872,3.517475,1.064834,-0.2835349,-3.444334,0.0234898,-0.2441859,0.0183162,0.9692708,3.123082,331.7573,1.379283,0.2938774,-0.08143767,-0.9523669,0,0,0,0.5083776,-0.3329746,-2.642955,-0.1108781,0.006112708,0.9705486,0.8800756,0.02403496,0.474225,-0.04697846,0.9982255,0.03659085,-0.4725039,-0.05448107,0.879643,moving,-8.309125458103768,-3.7165327353041144,-6.517369412094934,0.3608554367921421,-0.5564564000000001,-0.04943970000000003,0.8013789999999998,-0.14421619714733885,-0.06414263169078774,0.9874650620547948,-8.342636165731705,-3.654636814309934,4.4155269831038595,4.453704529305875,4.410870292877873
05/17/2023 16:15:31.267281,1455,True,True,True,True,Eyes,1.060081,-0.2900811,-3.429593,-0.5901173,-0.1188891,0.7985154,0.0,0.0,0.0,0.0,0.0,0.0,0.0,0.6988678,0.4505331,3.519461,1.064914,-0.2833347,-3.444369,0.02233282,-0.2436471,0.01794031,0.9694409,2.983186,331.8201,1.371444,0.2939168,-0.08135619,-0.9523618,0,0,0,0.5093579,-0.3299636,-2.642475,-0.1108936,0.0065304,0.9703154,0.8806285,0.02390149,0.4732041,-0.04566679,0.9983588,0.03455849,-0.4716015,-0.0520429,0.8802747,moving,-8.334586304555183,-3.7171857207562073,-6.51982573272067,0.3856052468945828,-0.5555560999999999,-0.04662890000000003,0.8018939999999999,-0.14465492589034978,-0.06414973550385455,0.9874004525751968,-8.368099101198323,-3.655202427555122,4.4477142517259365,4.486228890429247,4.443449235280557
05/17/2023 16:15:31.277424,1456,True,True,True,True,Eyes,1.060411,-0.289824,-3.429673,-0.589729,-0.1165064,0.7991534,0.0,0.0,0.0,0.0,0.0,0.0,0.0,0.6950939,0.4444919,3.521116,1.065044,-0.283265,-3.444478,0.02149012,-0.2431327,0.01792773,0.9695894,2.888404,331.8809,1.395067,0.2939605,-0.08127526,-0.9523552,0,0,0,0.5103438,-0.3269354,-2.641992,-0.1108524,0.007925175,0.9701716,0.8811302,0.02431517,0.4722483,-0.04521497,0.9984335,0.03295553,-0.4707072,-0.05039081,0.8808493,moving,-8.357772811912204,-3.6694229939162466,-6.518381991419926,0.46802955228403076,-0.5547002000000001,-0.0436704,0.802486,-0.14506219475212934,-0.06332279341013229,0.9873942347927461,-8.391632352268699,-3.60677486523704,4.489204726026223,4.527899310118371,4.484762865020768
05/17/2023 16:15:31.297168,1457,True,True,True,True,Eyes,1.060792,-0.2895702,-3.429724,-0.5893766,-0.1140953,0.7997609,0.0,0.0,0.0,0.0,0.0,0.0,0.0,0.6915978,0.4370998,3.522932,1.065197,-0.2831351,-3.444649,0.02046293,-0.2426452,0.01800713,0.9697322,2.77568,331.9387,1.433866,0.2940076,-0.08119494,-0.9523475,0,0,0,0.5113165,-0.3239478,-2.641515,-0.1107715,0.008947715,0.9701146,0.8815981,0.02499371,0.4713387,-0.04485464,0.998514,0.03094843,-0.4698648,-0.0484258,0.8814091,moving,-8.382100962777214,-3.6357273633481553,-6.5140452052905,0.5284445455836386,-0.5538805,-0.040812700000000035,0.803134,-0.1454868049975325,-0.0627381369050505,0.98736899233658,-8.416207235449495,-3.5725803807712304,4.525120415594726,4.563985100788117,4.5206886461647136
05/17/2023 16:15:31.319687,1458,True,True,True,True,Eyes,1.061165,-0.2893108,-3.429777,-0.5890054,-0.1117355,0.8003674,0.0,0.0,0.0,0.0,0.0,0.0,0.0,0.6893036,0.4306554,3.52429,1.065303,-0.2830445,-3.444741,0.01957004,-0.2423309,0.01801368,0.969829,2.676098,331.9757,1.460245,0.2940595,-0.08111531,-0.9523383,0,0,0,0.5123301,-0.3208348,-2.641018,-0.1102821,0.0103209,0.9700044,0.8819025,0.02545553,0.4707441,-0.04442523,0.998585,0.02922865,-0.469334,-0.04668973,0.8817855,moving,-8.383725072602246,-3.593902692618606,-6.4862417416907014,0.6096072314613243,-0.5529729000000001,-0.0377903,0.8037230000000002,-0.14552137463034995,-0.0620170483594043,0.98740952669632,-8.418130031443667,-3.5302434298336687,4.5730631462514495,4.611934374308207,4.5684303499023855
05/17/2023 16:15:31.327572,1459,True,True,True,True,Eyes,1.061587,-0.2890533,-3.429802,-0.5886213,-0.1093496,0.8009791,0.0,0.0,0.0,0.0,0.0,0.0,0.0,0.6852569,0.4271698,3.525649,1.065481,-0.2826578,-3.444866,0.01915125,-0.2418323,0.01756397,0.9699702,2.616309,332.0334,1.423153,0.2941154,-0.08103611,-0.9523277,0,0,0,0.5132986,-0.31786,-2.640543,-0.1102472,0.0118242,0.9699413,0.8824173,0.02481027,0.469813,-0.04333583,0.9986494,0.0286572,-0.4684675,-0.04564734,0.8823007,moving,-8.39994539524169,-3.5199395211034448,-6.48462482266382,0.6984373165833335,-0.5521823999999999,-0.03520219999999996,0.8043230000000001,-0.14581235736466933,-0.06073971043961888,0.9874458630659854,-8.434882090170737,-3.4553243873193975,4.594088808867295,4.632834557856811,4.588816808532725
05/17/2023 16:15:31.347335,1460,True,True,True,True,Eyes,1.061997,-0.2888046,-3.429831,-0.5881995,-0.1069523,0.8016125,0.0,0.0,0.0,0.0,0.0,0.0,0.0,0.679904,0.4193187,3.527734,1.065643,-0.2825206,-3.444937,0.01808875,-0.2411534,0.0170849,0.970168,2.483886,332.1123,1.400969,0.2941764,-0.08095741,-0.9523156,0,0,0,0.5142321,-0.3149929,-2.640086,-0.1106458,0.01227488,0.9697942,0.8831063,0.02442612,0.4685367,-0.04187476,0.9987618,0.02685808,-0.4673005,-0.04333841,0.8830357,moving,-8.438077216721188,-3.515623441373519,-6.508847939642011,0.725165467449214,-0.5514108999999999,-0.03247230000000001,0.8048509999999998,-0.14647022427347878,-0.06065937161280932,0.987353513422931,-8.473054792572594,-3.450813379757095,4.619804050787574,4.658993042786537,4.614857299355419
05/17/2023 16:15:31.366935,1461,True,True,True,True,Eyes,1.062445,-0.2885672,-3.429843,-0.5877455,-0.1045809,0.8022581,0.0,0.0,0.0,0.0,0.0,0.0,0.0,0.6734989,0.4099388,3.530199,1.065759,-0.2825131,-3.44504,0.01678471,-0.240304,0.01676844,0.9704078,2.328858,332.2116,1.403762,0.2942416,-0.08087938,-0.952302,0,0,0,0.5152156,-0.311972,-2.639604,-0.1112741,0.01267947,0.9696136,0.8839456,0.02447758,0.4669486,-0.04061131,0.9988741,0.02451697,-0.4658228,-0.04063506,0.8839446,moving,-8.496916089240559,-3.531581402686066,-6.546697038366477,0.7492043340928245,-0.5505433999999999,-0.02945890000000001,0.8054360000000003,-0.14748169676546896,-0.06092510644343638,0.9871865461779266,-8.531795455876567,-3.466744302928022,4.66407375019939,4.70409192837489,4.659918307996289
05/17/2023 16:15:31.377983,1462,True,True,True,True,Eyes,1.06288,-0.2883323,-3.42986,-0.5872698,-0.1022597,0.8029054,0.0,0.0,0.0,0.0,0.0,0.0,0.0,0.6685086,0.4071946,3.531734,1.065863,-0.2826103,-3.445275,0.01638112,-0.2396225,0.01668108,0.9705846,2.280565,332.2917,1.406735,0.2943118,-0.08080229,-0.9522869,0,0,0,0.5161892,-0.3089818,-2.639127,-0.1114731,0.01496121,0.9695679,0.8846056,0.02453024,0.4656942,-0.04023137,0.9989068,0.0238042,-0.4646012,-0.03979285,0.8846254,moving,-8.532139943592064,-3.4438986078960405,-6.5586095190978115,0.8840496494776282,-0.5496738,-0.026371499999999992,0.8061480000000003,-0.14810212072114065,-0.05940872048806133,0.9871860571103919,-8.56765391705035,-3.3778684771486676,4.716456455657064,4.756675147086275,4.711709404346821
05/17/2023 16:15:31.397573,1463,True,True,True,True,Eyes,1.063347,-0.2881002,-3.429863,-0.5867867,-0.09996074,0.8035479,0.0,0.0,0.0,0.0,0.0,0.0,0.0,0.6640982,0.4032047,3.533159,1.065985,-0.2824469,-3.44539,0.0158449,-0.2390349,0.0165473,0.9707408,2.216372,332.3607,1.407881,0.2943859,-0.08072611,-0.9522704,0,0,0,0.5171533,-0.3060206,-2.638654,-0.111578,0.01667568,0.9694675,0.885177,0.02455131,0.4646062,-0.03970125,0.9989502,0.02285182,-0.4635574,-0.03867335,0.8852226,moving,-8.556416437772658,-3.373800303675594,-6.565401467731496,0.9854398131243,-0.5488316999999999,-0.023573699999999975,0.8067360000000003,-0.14853100602066788,-0.058197123803030236,0.9871938226428438,-8.592436720943525,-3.306830931860781,4.752106440179652,4.792401799395118,4.746836848472795
05/17/2023 16:15:31.420073,1464,True,True,True,True,Eyes,1.063799,-0.2878686,-3.429874,-0.5862756,-0.0976849,0.8042005,0.0,0.0,0.0,0.0,0.0,0.0,0.0,0.6589391,0.4001682,3.534701,1.066168,-0.2823379,-3.445579,0.01542816,-0.2383418,0.01647913,0.970919,2.167118,332.4422,1.413234,0.2944646,-0.08065083,-0.9522524,0,0,0,0.5181831,-0.3028576,-2.638149,-0.1118287,0.01891389,0.9694266,0.8858433,0.02464545,0.4633296,-0.03935416,0.9989808,0.02210366,-0.4623127,-0.03781432,0.8859103,moving,-8.591376877794445,-3.289379560501745,-6.580298953019942,1.117721134291345,-0.5479849,-0.02051970000000003,0.8074300000000001,-0.14914588220656297,-0.056737195577849286,0.9871860308484959,-8.628008435985226,-3.2212576239152857,4.803752173949361,4.844271973533387,4.797900664956946
05/17/2023 16:15:31.437415,1465,True,True,True,True,Eyes,1.064292,-0.2876366,-3.429868,-0.5857252,-0.0953526,0.8048812,0.0,0.0,0.0,0.0,0.0,0.0,0.0,0.6535687,0.3940699,3.536571,1.066231,-0.2821389,-3.445769,0.01460769,-0.2376191,0.01624039,0.9711129,2.068224,332.5267,1.410558,0.294547,-0.08057638,-0.9522332,0,0,0,0.5192227,-0.2996644,-2.63764,-0.1120361,0.02023315,0.9693482,0.8865469,0.02460037,0.4619843,-0.03848464,0.9990457,0.02065338,-0.4610354,-0.03608949,0.8866476,moving,-8.62763855212232,-3.252518660886718,-6.592924089311147,1.1957579204563926,-0.5470082999999999,-0.01752549999999997,0.8081289999999997,-0.14977605846401715,-0.05609667938219343,0.9871272305171783,-8.664542576108408,-3.1838149056341845,4.850650070888218,4.8915465334900485,4.844817983564623
05/17/2023 16:15:31.447142,1466,True,True,True,True,Eyes,1.064773,-0.2874064,-3.429868,-0.5851623,-0.09302656,0.8055626,0.0,0.0,0.0,0.0,0.0,0.0,0.0,0.6490019,0.3871752,3.538434,1.066374,-0.281981,-3.446006,0.01365896,-0.2369914,0.01622733,0.9712802,1.961321,332.6002,1.436162,0.2946338,-0.08050266,-0.9522125,0,0,0,0.520113,-0.29693,-2.637203,-0.1122794,0.02106,0.9693994,0.8871436,0.02504845,0.4608133,-0.03799668,0.9991002,0.01884189,-0.4599267,-0.03422483,0.887297,moving,-8.6542375457299,-3.2198748472640664,-6.606769093909969,1.2445431032880374,-0.5462609999999999,-0.014949000000000046,0.8088030000000002,-0.15023907668340225,-0.05553031903582853,0.9870889343066216,-8.691381403050812,-3.1506764706594836,4.87046684914481,4.91153282574898,4.864520899598742
05/17/2023 16:15:31.467071,1467,True,True,True,True,Eyes,1.065222,-0.2871719,-3.429886,-0.584551,-0.09062634,0.8062797,0.0,0.0,0.0,0.0,0.0,0.0,0.0,0.6448975,0.3791142,3.540231,1.066559,-0.2818183,-3.446141,0.01255833,-0.2364508,0.01607657,0.9714294,1.833875,332.6631,1.450232,0.2947243,-0.08042964,-0.9521907,0,0,0,0.5211264,-0.2938171,-2.636707,-0.1122917,0.02188236,0.9694,0.8876652,0.02529566,0.4597943,-0.03717337,0.9991677,0.01679643,-0.4589867,-0.0320017,0.8878667,moving,-8.666664683337464,-3.2053690873891076,-6.607482400156874,1.2931235700220043,-0.5454326,-0.011998799999999976,0.809434,-0.15045527216575108,-0.05527857431621406,0.9870701343035266,-8.703915275081348,-3.135948645275497,4.906073375662741,4.947390005259997,4.900174638457736
05/17/2023 16:15:31.477611,1468,True,True,True,True,Eyes,1.065658,-0.2869418,-3.429913,-0.5839238,-0.08822242,0.8070005,0.0,0.0,0.0,0.0,0.0,0.0,0.0,0.6409071,0.3696212,3.542183,1.066738,-0.281501,-3.446342,0.01129,-0.2359351,0.0157692,0.9715753,1.683546,332.7226,1.451197,0.2948171,-0.08035713,-0.9521681,0,0,0,0.522149,-0.2906765,-2.636206,-0.11222,0.02216455,0.9694833,0.8881719,0.02531452,0.4588135,-0.03596935,0.9992477,0.01449716,-0.4581014,-0.02937919,0.8884143,moving,-8.67487971856967,-3.215591591250774,-6.602738332002713,1.3096811280200684,-0.544589,-0.009175500000000003,0.810136,-0.1505953367966927,-0.05545348795746466,0.9870389869735586,-8.71205958908936,-3.1462641308812667,4.935558944160717,4.977134025691949,4.929978125298618
05/17/2023 16:15:31.497502,1469,True,True,True,True,Eyes,1.066056,-0.286712,-3.429963,-0.5832231,-0.0857622,0.807772,0.0,0.0,0.0,0.0,0.0,0.0,0.0,0.6361559,0.3607504,3.544168,1.066819,-0.2814029,-3.446545,0.01007634,-0.2353012,0.01547573,0.9717472,1.539507,332.796,1.45227,0.2949116,-0.08028518,-0.9521449,0,0,0,0.5230474,-0.287917,-2.635765,-0.1124351,0.02239694,0.9695106,0.8887877,0.02533503,0.4576184,-0.03481894,0.9993179,0.0123004,-0.4569946,-0.02686623,0.8890636,moving,-8.691586304549542,-3.21614667021798,-6.615097571901443,1.3233707109461406,-0.5437715999999999,-0.006514099999999967,0.8107799999999998,-0.1508830717118447,-0.055460587076667456,0.9869946125781844,-8.728766642938123,-3.146763411394174,4.950066724870822,4.991895783237633,4.944663387286163
05/17/2023 16:15:31.517549,1470,True,True,True,True,Eyes,1.06644,-0.286481,-3.430016,-0.5825139,-0.08328701,0.8085424,0.0,0.0,0.0,0.0,0.0,0.0,0.0,0.6315071,0.3532173,3.546056,1.066975,-0.2811958,-3.44682,0.009042121,-0.2346553,0.0155422,0.9719124,1.425117,332.8714,1.488471,0.2950065,-0.08021373,-0.9521216,0,0,0,0.5240428,-0.2848598,-2.635277,-0.1125778,0.02338945,0.9696238,0.8893906,0.02596776,0.4564099,-0.03445489,0.9993533,0.01028218,-0.4558477,-0.02487042,0.8897102,moving,-8.71076364559311,-3.1808170308976784,-6.6226523576631156,1.3818317287193738,-0.5429322,-0.0036640000000000006,0.8115430000000003,-0.1512185362119125,-0.05484913420600408,0.9869774612971101,-8.748201003936318,-3.1109344163058212,4.975795194829407,5.0177656834905795,4.970201674133394
05/17/2023 16:15:31.527382,1471,True,True,True,True,Eyes,1.066792,-0.2862498,-3.430092,-0.5817744,-0.08073346,0.8093335,0.0,0.0,0.0,0.0,0.0,0.0,0.0,0.6274578,0.3420075,3.547975,1.066997,-0.2809804,-3.446936,0.007498179,-0.2340807,0.01563693,0.9720626,1.254763,332.9378,1.541227,0.2951013,-0.08014268,-0.9520981,0,0,0,0.5250621,-0.281729,-2.634778,-0.112511,0.02352291,0.9695786,0.8899234,0.02688979,0.4553166,-0.03391051,0.9993985,0.007256788,-0.4548476,-0.021898,0.8903,moving,-8.72156318526169,-3.1945121363175324,-6.6190633851073954,1.3897781258591055,-0.5419349,-0.0007485999999999882,0.8121580000000002,-0.15140261610149763,-0.05508347652581694,0.9869362272875759,-8.758905743644734,-3.1247548609675215,5.001208746876818,5.0434336138722395,4.995991734234193
05/17/2023 16:15:31.547439,1472,True,True,True,True,Eyes,1.067106,-0.2860182,-3.430187,-0.5810102,-0.07807186,0.8101432,0.0,0.0,0.0,0.0,0.0,0.0,0.0,0.6238335,0.3325779,3.549844,1.067188,-0.2807678,-3.447238,0.006212675,-0.2335905,0.01556031,0.9721907,1.108702,332.9942,1.567686,0.2951952,-0.08007198,-0.9520749,0,0,0,0.5259729,-0.2789315,-2.634331,-0.1124701,0.02369095,0.9698061,0.8903868,0.02735274,0.4543823,-0.03315763,0.9994386,0.00481033,-0.4539956,-0.01934929,0.8907938,moving,-8.718081325364414,-3.1818613334534738,-6.615140161123355,1.3993740963579588,-0.5412151000000001,0.001836300000000013,0.812907,-0.1513444552905952,-0.054866056240311614,0.986957265569066,-8.755513175406199,-3.1119639750415087,4.998735867059379,5.040841160324245,4.993332337700797
05/17/2023 16:15:31.567318,1473,True,True,True,True,Eyes,1.067415,-0.2857851,-3.430289,-0.5802312,-0.0754049,0.8109536,0.0,0.0,0.0,0.0,0.0,0.0,0.0,0.6192271,0.3234882,3.551667,1.067326,-0.2805331,-3.447396,0.004981425,-0.2329759,0.01540278,0.9723477,0.9662995,333.0651,1.583659,0.295287,-0.08000156,-0.9520524,0,0,0,0.5269371,-0.2759702,-2.633859,-0.1126327,0.02404376,0.9698557,0.8909699,0.02763262,0.4532206,-0.03227482,0.9994759,0.002510402,-0.4529137,-0.01686431,0.8913949,moving,-8.72763897599886,-3.166655102325894,-6.624283057897402,1.4201327593679514,-0.5403889,0.004562899999999981,0.8135369999999997,-0.15151126631431502,-0.054602700180825754,0.9869461824553583,-8.765181795360549,-3.0965379383307634,5.003888772666403,5.046060741449158,4.998375895780698
05/17/2023 16:15:31.577492,1474,True,True,True,True,Eyes,1.067715,-0.285553,-3.430394,-0.5794425,-0.07273521,0.8117611,0.0,0.0,0.0,0.0,0.0,0.0,0.0,0.6140856,0.3118193,3.553885,1.06749,-0.2803041,-3.447655,0.003395644,-0.2322907,0.01516192,0.9725224,0.7820327,333.1437,1.599657,0.2953768,-0.07993133,-0.9520305,0,0,0,0.5278873,-0.2730516,-2.633393,-0.1129397,0.02365582,0.9700164,0.8916223,0.02791305,0.4519187,-0.03106816,0.9995171,-0.0004392652,-0.4517128,-0.01364862,0.8920591,moving,-8.746019018025258,-3.1930364758430088,-6.641087011865075,1.3969970499550408,-0.5396027000000001,0.007252499999999995,0.8142620000000003,-0.1518241079435767,-0.05505445807034371,0.986873118464031,-8.783378578743825,-3.123169826140221,5.007170601237935,5.049667961213649,5.002131720103801
05/17/2023 16:15:31.597120,1475,True,True,True,True,Eyes,1.067996,-0.2853223,-3.430514,-0.5786806,-0.06993791,0.8125499,0.0,0.0,0.0,0.0,0.0,0.0,0.0,0.6094611,0.30157,3.555755,1.06758,-0.2801305,-3.447838,0.001994024,-0.231663,0.01503618,0.972678,0.6214274,333.2157,1.623321,0.2954646,-0.07986132,-0.9520091,0,0,0,0.5291517,-0.2691681,-2.632773,-0.11271,0.02468762,0.9700729,0.8922123,0.02832684,0.450727,-0.03017461,0.9995399,-0.003087569,-0.4506071,-0.01084574,0.8926566,moving,-8.75903116460297,-3.1872624988258766,-6.627317881584272,1.4578194876567712,-0.5384283,0.010962399999999983,0.8150650000000002,-0.1520490615504262,-0.054953076997798826,0.986844025300679,-8.796435347523913,-3.1172772749993185,5.06800252770976,5.11086961114681,5.063257940171589
05/17/2023 16:15:31.617259,1476,True,True,True,True,Eyes,1.068275,-0.285092,-3.430633,-0.5779021,-0.06715447,0.8133384,0.0,0.0,0.0,0.0,0.0,0.0,0.0,0.6053014,0.2908632,3.557683,1.067772,-0.2799717,-3.448127,0.0005280245,-0.2311051,0.01491155,0.9728144,0.453765,333.2792,1.64858,0.2955499,-0.07979151,-0.9519885,0,0,0,0.5298932,-0.2668906,-2.63241,-0.1130126,0.02402757,0.9703245,0.8927361,0.02876829,0.4496605,-0.02925641,0.9995548,-0.005864931,-0.449629,-0.00791961,0.8931803,moving,-8.76316081972226,-3.189290907386193,-6.6432441732825716,1.418491519102499,-0.5378788,0.013081100000000012,0.8157169999999998,-0.1521199029537414,-0.05498740786017825,0.9868312079794159,-8.800551631958516,-3.1193147800313454,5.029347329616415,5.07205140724245,5.024506093111806
05/17/2023 16:15:31.627100,1477,True,True,True,True,Eyes,1.068527,-0.2848611,-3.430767,-0.5771094,-0.06431597,0.8141303,0.0,0.0,0.0,0.0,0.0,0.0,0.0,0.5999762,0.2816952,3.559448,1.067977,-0.2797787,-3.448209,-0.0007219708,-0.2304026,0.0147948,0.9729828,0.3101202,333.36,1.668877,0.2956329,-0.0797219,-0.9519685,0,0,0,0.5308182,-0.2640494,-2.631957,-0.1134813,0.02429706,0.9703543,0.8933915,0.02912286,0.4483342,-0.02845748,0.9995611,-0.008222453,-0.4483769,-0.005412593,0.8938282,moving,-8.782431602631991,-3.164572587681905,-6.670345074054538,1.434350487249907,-0.5371587999999999,0.0157293,0.816252,-0.15245539620609094,-0.054558815179339755,0.986803241176964,-8.820003789204623,-3.09422518338066,5.017966996989805,5.060731464258762,5.012886413659081
05/17/2023 16:15:31.647288,1478,True,True,True,True,Eyes,1.068775,-0.284626,-3.430905,-0.5762963,-0.06149253,0.8149241,0.0,0.0,0.0,0.0,0.0,0.0,0.0,0.594461,0.2730781,3.561262,1.068163,-0.2795537,-3.448394,-0.00188881,-0.2296689,0.01464638,0.9731569,0.1748335,333.4445,1.683259,0.2957131,-0.07965244,-0.9519494,0,0,0,0.5318089,-0.2610067,-2.631471,-0.1138707,0.02486413,0.970463,0.8940755,0.02937404,0.4469523,-0.02763884,0.9995639,-0.01040385,-0.4470629,-0.003051416,0.8944973,moving,-8.803711213982567,-3.1332316876804063,-6.692283531524265,1.4676480340016351,-0.5363541,0.018547000000000036,0.8169230000000001,-0.1528264087025418,-0.05401589439313107,0.9867757685291504,-8.84151253338256,-3.0624253364436753,5.019378988531373,5.062234790251856,5.014055249401081
05/17/2023 16:15:31.667015,1479,True,True,True,True,Eyes,1.06901,-0.2843822,-3.43105,-0.5755386,-0.05855761,0.8156754,0.0,0.0,0.0,0.0,0.0,0.0,0.0,0.5886372,0.2642796,3.563132,1.068303,-0.2792386,-3.448622,-0.003054322,-0.228901,0.01429316,0.97334,0.03424284,333.5329,1.674564,0.2957907,-0.079583,-0.9519312,0,0,0,0.5327754,-0.258038,-2.630997,-0.1143103,0.02513173,0.9705933,0.8948001,0.02922248,0.4455096,-0.02642594,0.9995728,-0.01248922,-0.4456843,-0.0005976502,0.8951901,moving,-8.831659725255433,-3.1041293388695643,-6.716989915109301,1.4832375047190376,-0.5355276,0.021200600000000014,0.817625,-0.15331190924355925,-0.05351060006624613,0.9867279797941665,-8.86967598098993,-3.0328661785868984,5.008430558625735,5.051312994024379,5.002924122611301
05/17/2023 16:15:31.677589,1480,True,True,True,True,Eyes,1.06924,-0.2841385,-3.431194,-0.5747628,-0.05557113,0.816431,0.0,0.0,0.0,0.0,0.0,0.0,0.0,0.5828637,0.2509142,3.565225,1.068451,-0.2788244,-3.448794,-0.004812433,-0.2281712,0.01355786,0.9735148,359.8176,333.6158,1.638528,0.2958654,-0.07951333,-0.9519138,0,0,0,0.5337918,-0.254916,-2.630499,-0.1146822,0.02410777,0.9707246,0.8955082,0.02859367,0.4441256,-0.02420144,0.999586,-0.01555698,-0.4443865,0.003182923,0.8958295,moving,-8.854359190666267,-3.1524370334717124,-6.737739406968422,1.4226378978208378,-0.5346592,0.023908399999999996,0.818295,-0.15369592941461327,-0.054339237872067854,0.9866229335582963,-8.892036973358435,-3.081673597674673,4.997736151974488,5.040971130217138,4.9929770731505405
05/17/2023 16:15:31.697406,1481,True,True,True,True,Eyes,1.069444,-0.2838995,-3.43135,-0.5739864,-0.05252129,0.8171787,0.0,0.0,0.0,0.0,0.0,0.0,0.0,0.5769607,0.2362473,3.567335,1.068559,-0.2786194,-3.448931,-0.00677856,-0.2274178,0.01282111,0.9736894,359.5778,333.7011,1.60744,0.2959376,-0.07944346,-0.9518971,0,0,0,0.5347248,-0.2520503,-2.630042,-0.1151767,0.02265553,0.9708173,0.8962336,0.02805069,0.4426947,-0.02188443,0.9995793,-0.01903192,-0.4430424,0.007368924,0.8964704,moving,-8.880627213197693,-3.2195101433552638,-6.76588303896275,1.3368433881258668,-0.5338342,0.026569100000000012,0.818889,-0.15413846279666424,-0.05549031273392244,0.9864897670535095,-8.917833650249431,-3.149460195653365,4.979510041496595,5.023196236093231,4.9757221867029005
05/17/2023 16:15:31.717113,1482,True,True,True,True,Eyes,1.069645,-0.2836597,-3.431513,-0.5731913,-0.0494622,0.8179275,0.0,0.0,0.0,0.0,0.0,0.0,0.0,0.5709913,0.224823,3.569185,1.068688,-0.2785093,-3.449058,-0.008314428,-0.2266503,0.01219508,0.9738643,359.3889,333.7888,1.577163,0.2960066,-0.07937353,-0.9518815,0,0,0,0.5357791,-0.2488123,-2.629525,-0.1155622,0.02253155,0.9708993,0.8969618,0.02752164,0.4412506,-0.01998377,0.9995643,-0.02172229,-0.4416562,0.01066621,0.897121,moving,-8.906464578351889,-3.2350156202469003,-6.787749704742851,1.3294180377890263,-0.5329089000000001,0.02969700000000003,0.8195329999999998,-0.15458105379770082,-0.0557533817874316,0.9864058136014999,-8.943567289580447,-3.1650566506532747,4.98812881340933,5.032197068305591,4.984761998746131
05/17/2023 16:15:31.728284,1483,True,True,True,True,Eyes,1.069835,-0.2834196,-3.431684,-0.572435,-0.04639141,0.8186366,0.0,0.0,0.0,0.0,0.0,0.0,0.0,0.5653458,0.2134115,3.571126,1.068837,-0.278279,-3.449384,-0.009832467,-0.2259139,0.0116112,0.9740285,359.2031,333.8729,1.55087,0.2960727,-0.07930351,-0.9518668,0,0,0,0.5366963,-0.2459953,-2.629076,-0.1159805,0.02192542,0.9711797,0.8976562,0.02706186,0.4398648,-0.0181767,0.999537,-0.02440047,-0.4403215,0.01390794,0.8977325,moving,-8.931816634564,-3.2460840664446846,-6.810140500325984,1.2932937848379538,-0.5321407,0.0322837,0.8203079999999998,-0.15501585614463836,-0.05594006924572202,0.9863268565758904,-8.968847132299816,-3.176164189750514,4.966568502764943,5.010734566439392,4.963473472230939
05/17/2023 16:15:31.746968,1484,True,True,True,True,Eyes,1.070018,-0.2831766,-3.431859,-0.5716698,-0.04331001,0.8193399,0.0,0.0,0.0,0.0,0.0,0.0,0.0,0.5596257,0.2026613,3.572906,1.068934,-0.2780688,-3.449633,-0.01128351,-0.2251438,0.01134358,0.9741943,359.033,333.9608,1.557857,0.2961358,-0.0792334,-0.951853,0,0,0,0.5376741,-0.2429918,-2.628596,-0.1163593,0.02185763,0.9713662,0.8983632,0.02718252,0.4384115,-0.01702087,0.999488,-0.02709253,-0.4389235,0.01687679,0.8983659,moving,-8.96195950624897,-3.2356309122944036,-6.830873596860024,1.2890490144029847,-0.5312599,0.035077,0.821037,-0.15553635076322855,-0.05575550646413892,0.986255421288236,-8.99907253242648,-3.165471725835451,4.9571712523379174,5.001425356061449,4.954174164218078
05/17/2023 16:15:31.767081,1485,True,True,True,True,Eyes,1.070185,-0.2829359,-3.432046,-0.5709259,-0.04024367,0.8200147,0.0,0.0,0.0,0.0,0.0,0.0,0.0,0.5553648,0.1903205,3.574492,1.068933,-0.2777925,-3.449907,-0.01294027,-0.2245604,0.01104562,0.9743118,358.8394,334.0262,1.566724,0.296196,-0.07916312,-0.9518402,0,0,0,0.5386721,-0.2399264,-2.628107,-0.1162459,0.02137657,0.9715947,0.8989013,0.02733549,0.4372977,-0.015712,0.9994211,-0.03017652,-0.4378695,0.02025489,0.8988103,moving,-8.972492184290042,-3.249647209423919,-6.822689454750268,1.2603914701781163,-0.5302608999999999,0.037866099999999986,0.8218000000000001,-0.1557155639079139,-0.055995174074435786,0.9862135915303456,-9.009508049355883,-3.179618248184885,4.952006315202381,4.996208629295131,4.949329435880256
05/17/2023 16:15:31.777603,1486,True,True,True,True,Eyes,1.070352,-0.2826914,-3.432235,-0.5701764,-0.03718365,0.8206803,0.0,0.0,0.0,0.0,0.0,0.0,0.0,0.5522657,0.1803486,3.575795,1.06906,-0.2776358,-3.450197,-0.01429804,-0.2241374,0.01095616,0.974391,358.6848,334.0732,1.59119,0.2962531,-0.07909274,-0.9518282,0,0,0,0.5396408,-0.2369512,-2.627632,-0.1159346,0.02160904,0.9719291,0.8992848,0.02776062,0.4364817,-0.01494172,0.999351,-0.03277513,-0.4371082,0.02295239,0.8991159,moving,-8.963878744013428,-3.223014062864666,-6.802270985242681,1.273655504130074,-0.5294191999999999,0.04068459999999999,0.822565,-0.15557126947327546,-0.055538014666654804,0.9862621430399386,-9.00108225067478,-3.152694993207633,4.94543974164892,4.989246966979541,4.942403231857238
05/17/2023 16:15:31.797442,1487,True,True,True,True,Eyes,1.070528,-0.2824423,-3.432419,-0.5694555,-0.03415779,0.8213121,0.0,0.0,0.0,0.0,0.0,0.0,0.0,0.548494,0.1688551,3.577186,1.069193,-0.2773407,-3.450438,-0.01585923,-0.2236173,0.01101404,0.9744858,358.5111,334.1306,1.637077,0.2963073,-0.07902217,-0.9518172,0,0,0,0.5406382,-0.2338877,-2.627143,-0.1158013,0.02151489,0.9722139,0.899748,0.02855886,0.4354745,-0.01437326,0.9992543,-0.03583506,-0.4361731,0.02598333,0.8994876,moving,-8.970207197692341,-3.2138415769673463,-6.792551203293233,1.2677366798498901,-0.5285548000000001,0.04345299999999999,0.8232950000000003,-0.15568157786994655,-0.05537914833639118,0.9862536605487477,-9.007477790903248,-3.1433878117195366,4.939031549368432,4.98264280296304,4.935982077421411
05/17/2023 16:15:31.817381,1488,True,True,True,True,Eyes,1.070702,-0.2821931,-3.432607,-0.5687208,-0.03113,0.8219414,0.0,0.0,0.0,0.0,0.0,0.0,0.0,0.5436143,0.1571768,3.578669,1.069304,-0.2770388,-3.450642,-0.01745297,-0.2229416,0.01115376,0.9746119,358.3355,334.2061,1.692512,0.2963593,-0.07895129,-0.9518069,0,0,0,0.541608,-0.2309091,-2.626668,-0.1159985,0.02132707,0.9724267,0.9003453,0.02952316,0.4341736,-0.01395919,0.9991419,-0.038993,-0.4349523,0.02904646,0.899985,moving,-8.994368397354611,-3.2044829105395434,-6.802535009268643,1.2563982825683169,-0.527696,0.04612969999999997,0.8239740000000002,-0.15609890232991394,-0.05521437747495865,0.9861970368532087,-9.031712129340502,-3.1338254656797626,4.926710898331827,4.970271081153604,4.923748083760305
05/17/2023 16:15:31.827358,1489,True,True,True,True,Eyes,1.0709,-0.2819376,-3.432785,-0.5680068,-0.0281341,0.8225428,0.0,0.0,0.0,0.0,0.0,0.0,0.0,0.5390408,0.1447649,3.580155,1.069431,-0.2768511,-3.450898,-0.01916961,-0.222302,0.01137861,0.974723,358.1484,334.2765,1.760455,0.2964092,-0.07888013,-0.9517973,0,0,0,0.5426393,-0.2277416,-2.626163,-0.116029,0.02126346,0.9727259,0.9009047,0.03070487,0.4329295,-0.0136591,0.9990061,-0.0424291,-0.433802,0.03231115,0.9004287,moving,-9.01657553855623,-3.20659935697406,-6.802233544892474,1.252266972259479,-0.5267917,0.04910950000000003,0.824735,-0.15648082788416695,-0.05524742097843301,0.9861345664972948,-9.053910061444874,-3.1358844275969724,4.934786574150271,4.9784334289890175,4.93213136922119
05/17/2023 16:15:31.846971,1490,True,True,True,True,Eyes,1.071093,-0.2816795,-3.432967,-0.5672902,-0.02510757,0.8231352,0.0,0.0,0.0,0.0,0.0,0.0,0.0,0.5346888,0.1332975,3.581477,1.069568,-0.2765187,-3.451116,-0.02072805,-0.221704,0.01150951,0.9748258,357.9765,334.3424,1.813729,0.2964579,-0.07880855,-0.9517881,0,0,0,0.543574,-0.2248706,-2.625704,-0.1161264,0.02098931,0.9729932,0.9014297,0.03163052,0.4317684,-0.01324855,0.9988757,-0.04551588,-0.4327227,0.03530906,0.9008353,moving,-9.03284151010813,-3.1940702380004726,-6.806037364959408,1.235787041594693,-0.5259940000000001,0.0516481,0.825412,-0.1567626875466176,-0.05502929273769594,0.9861021018638664,-9.070269688846096,-3.1231428013054185,4.9146144452735845,4.958053269019385,4.911926036888025
05/17/2023 16:15:31.867308,1491,True,True,True,True,Eyes,1.071304,-0.2814199,-3.433143,-0.5666038,-0.02209783,0.8236941,0.0,0.0,0.0,0.0,0.0,0.0,0.0,0.5312261,0.1187273,3.582756,1.069632,-0.2762294,-3.451379,-0.02270775,-0.2212251,0.01148217,0.9748908,357.7537,334.3931,1.860132,0.2965054,-0.07873652,-0.9517792,0,0,0,0.5445581,-0.2218479,-2.625222,-0.1158524,0.02001549,0.9733312,0.9018552,0.03243477,0.430819,-0.01234068,0.998705,-0.04935545,-0.431862,0.03919487,0.9010877,moving,-9.038163778395434,-3.2348709257577846,-6.787792704473807,1.1780589091876268,-0.5250738999999999,0.05438150000000003,0.8261570000000003,-0.15684817784139138,-0.05573072327212439,0.9860491297249646,-9.075302413440896,-3.164417382474964,4.910175091747838,4.953596642692511,4.908136205554037
05/17/2023 16:15:31.877624,1492,True,True,True,True,Eyes,1.071515,-0.2811631,-3.433321,-0.5659165,-0.01909647,0.8242413,0.0,0.0,0.0,0.0,0.0,0.0,0.0,0.5281572,0.1061968,3.583872,1.06975,-0.2759973,-3.451641,-0.02439941,-0.2208161,0.01129318,0.9749449,357.5591,334.4366,1.881118,0.2965522,-0.07866404,-0.9517707,0,0,0,0.5455465,-0.2188122,-2.624738,-0.1154921,0.01953204,0.9737091,0.9022254,0.03279603,0.430016,-0.01124489,0.9985543,-0.05256359,-0.4311182,0.04258873,0.9012899,moving,-9.033990158692347,-3.2522380960202595,-6.764276872765031,1.1491660001597757,-0.5242034999999999,0.05718509999999999,0.8269030000000002,-0.15677369658333679,-0.056030269448134946,0.9860438619704327,-9.071003840975042,-3.182010364893037,4.908904554924306,4.95216684070573,4.907145607281228
05/17/2023 16:15:31.897604,1493,True,True,True,True,Eyes,1.071753,-0.2809065,-3.433486,-0.5652755,-0.01616219,0.8247439,0.0,0.0,0.0,0.0,0.0,0.0,0.0,0.525044,0.0957271,3.584891,1.069945,-0.275839,-3.45187,-0.02581678,-0.2204119,0.01111614,0.9750019,357.3954,334.4802,1.896341,0.2965985,-0.07859123,-0.9517623,0,0,0,0.5465018,-0.2158779,-2.624269,-0.1152406,0.01953624,0.974089,0.9025901,0.03305717,0.4292301,-0.01029587,0.9984199,-0.05524308,-0.430378,0.04544256,0.9015042,moving,-9.032040881081366,-3.243375169975926,-6.747074635818325,1.148964883399466,-0.5234431999999999,0.05996109999999999,0.827601,-0.156741507167758,-0.05587803593833086,0.9860577330478729,-9.069117249334559,-3.173047465376585,4.908097027446935,4.951133394130805,4.906289090744448
05/17/2023 16:15:31.917589,1494,True,True,True,True,Eyes,1.071989,-0.2806503,-3.433656,-0.564623,-0.01324941,0.8252426,0.0,0.0,0.0,0.0,0.0,0.0,0.0,0.5207126,0.08578552,3.585957,1.070091,-0.2756509,-3.452029,-0.02715406,-0.2198437,0.01087191,0.9750966,357.2387,334.5434,1.901431,0.296645,-0.07851814,-0.9517539,0,0,0,0.547482,-0.2128675,-2.623789,-0.1152789,0.01969768,0.9743544,0.9031011,0.03314162,0.4281473,-0.009263026,0.9982889,-0.0577359,-0.4293281,0.04817541,0.9018628,moving,-9.048421710920925,-3.229851108054556,-6.747474873055014,1.1581414511442072,-0.5226089999999999,0.06278339999999999,0.8282400000000001,-0.15702547438221182,-0.05564274213717015,0.9860258178625982,-9.08559886049066,-3.1592984245692604,4.911676041836238,4.95467809754265,4.909899271983355
05/17/2023 16:15:31.927422,1495,True,True,True,True,Eyes,1.072247,-0.2803932,-3.433816,-0.5639095,-0.01014154,0.8257743,0.0,0.0,0.0,0.0,0.0,0.0,0.0,0.5167646,0.07696362,3.587078,1.07026,-0.2754303,-3.452358,-0.02832981,-0.2193207,0.01063142,0.9751835,357.1002,334.6017,1.902816,0.2966916,-0.07844481,-0.9517454,0,0,0,0.5485018,-0.2097349,-2.623289,-0.1151276,0.02023487,0.9748024,0.9035708,0.03316179,0.4271535,-0.008308535,0.9981688,-0.05991689,-0.4283582,0.05059014,0.9021918,moving,-9.054483140607914,-3.187653012921889,-6.735632001660423,1.1891704122435824,-0.5217582,0.06569540000000001,0.8290689999999996,-0.15713611840016722,-0.05491554310829312,0.9860489303191609,-9.091962814883358,-3.116566925096832,4.910496141607068,4.953145858913837,4.908326488683407
05/17/2023 16:15:31.947142,1496,True,True,True,True,Eyes,1.072497,-0.2801361,-3.433984,-0.5631919,-0.007032728,0.8262962,0.0,0.0,0.0,0.0,0.0,0.0,0.0,0.5124203,0.0657865,3.588111,1.070328,-0.2752166,-3.452549,-0.02982199,-0.2187462,0.01024385,0.9752722,356.9225,334.6655,1.895443,0.296739,-0.07837123,-0.9517367,0,0,0,0.5494269,-0.2068939,-2.622836,-0.1151752,0.0198168,0.9750755,0.9040903,0.03302797,0.4260632,-0.006934184,0.9980114,-0.06265073,-0.4272851,0.05368751,0.9025216,moving,-9.067141049254783,-3.1857878497062577,-6.7365213273819355,1.1642818615101909,-0.5209010999999999,0.06832269999999999,0.8297129999999999,-0.1573542507599392,-0.05488151423434788,0.9860160469212942,-9.104637377742307,-3.114631821583209,4.892589421296816,4.935067859758914,4.890508760378447
05/17/2023 16:15:31.967391,1497,True,True,True,True,Eyes,1.072739,-0.2798816,-3.434157,-0.5623625,-0.003751436,0.8268822,0.0,0.0,0.0,0.0,0.0,0.0,0.0,0.509046,0.05433011,3.589122,1.070378,-0.2749943,-3.452904,-0.03135099,-0.2182896,0.009894433,0.9753302,356.7418,334.7151,1.89347,0.2967869,-0.07829742,-0.9517278,0,0,0,0.5504185,-0.203848,-2.62235,-0.1148158,0.01953088,0.9755383,0.9045035,0.03298787,0.4251885,-0.005613486,0.9978384,-0.06547484,-0.4264293,0.05683544,0.9027335,moving,-9.058209560969745,-3.176701401921924,-6.712535680351547,1.146943710355628,-0.5199595,0.07114630000000002,0.8305540000000002,-0.15720187202222097,-0.05472648318206018,0.9860488886593732,-9.095768319537807,-3.1054688226968574,4.876910018929389,4.918952430257484,4.874711290296541
05/17/2023 16:15:31.977364,1498,True,True,True,True,Eyes,1.072976,-0.2796249,-3.43433,-0.5615354,-0.0004950613,0.8274527,0.0,0.0,0.0,0.0,0.0,0.0,0.0,0.5060498,0.04166171,3.589971,1.070495,-0.2748443,-3.453146,-0.03306697,-0.217893,0.009667081,0.9753644,356.5434,334.7565,1.909943,0.2968349,-0.07822348,-0.9517189,0,0,0,0.5513875,-0.2008717,-2.621875,-0.1144576,0.01898299,0.9759589,0.9048583,0.03326798,0.4244109,-0.004447727,0.9976262,-0.06871746,-0.4256896,0.0602919,0.9028584,moving,-9.043438888665133,-3.184141171082568,-6.6889265027971945,1.1142970049058278,-0.5191074999999999,0.0739726,0.8312709999999996,-0.1569465735951617,-0.05485678613669361,0.9860825154760793,-9.080940680203076,-3.1130539074711128,4.859366777922068,4.9010508391568415,4.85718308912531
05/17/2023 16:15:31.997295,1499,True,True,True,True,Eyes,1.073221,-0.2793677,-3.434496,-0.5606972,0.002810767,0.8280161,0.0,0.0,0.0,0.0,0.0,0.0,0.0,0.5028987,0.03132688,3.590687,1.070584,-0.2745693,-3.453315,-0.03445918,-0.2174681,0.009634012,0.9754115,356.386,334.8017,1.939781,0.2968828,-0.07814936,-0.95171,0,0,0,0.5523701,-0.197854,-2.621393,-0.1141274,0.01908083,0.9762863,0.9052296,0.0337818,0.4235778,-0.003806705,0.9974395,-0.07141393,-0.4249057,0.06303357,0.9030403,moving,-9.03085205093378,-3.1455189773181758,-6.667587060465716,1.1196632183085407,-0.5182139,0.07671530000000001,0.831922,-0.15673560303644235,-0.05419390066324835,0.9861525664063766,-9.068625926454155,-3.0740113707843713,4.835100971666005,4.876146078314631,4.832379765207889
05/17/2023 16:15:32.017566,1500,True,True,True,True,Eyes,1.073465,-0.2791085,-3.434663,-0.5598534,0.006081459,0.8285694,0.0,0.0,0.0,0.0,0.0,0.0,0.0,0.4994937,0.02025267,3.591399,1.07073,-0.2743487,-3.45345,-0.03593223,-0.2170334,0.009237764,0.975459,356.2105,334.8489,1.930819,0.296931,-0.07807507,-0.9517011,0,0,0,0.5533932,-0.1947114,-2.620892,-0.1138699,0.01897118,0.9766307,0.9056224,0.0336191,0.4227504,-0.002425136,0.9972471,-0.07411063,-0.4240781,0.06609102,0.9032108,moving,-9.018990901061475,-3.1331844489680085,-6.650353322207167,1.1128381075532385,-0.5173367999999999,0.0796373,0.8325580000000001,-0.1565332499194778,-0.05398336056416096,0.9861963307087158,-9.05684959287197,-3.0615719427939707,4.821326497753662,4.862011058239998,4.81839429365877
05/17/2023 16:15:32.027576,1501,True,True,True,True,Eyes,1.073724,-0.2788523,-3.434823,-0.5589849,0.009331904,0.8291253,0.0,0.0,0.0,0.0,0.0,0.0,0.0,0.4955003,0.01211193,3.5922,1.070925,-0.2740519,-3.453633,-0.03696703,-0.2165329,0.008569633,0.9755376,356.0771,334.9063,1.879984,0.2969795,-0.07800057,-0.9516921,0,0,0,0.5543614,-0.1917376,-2.620417,-0.1138717,0.01925618,0.9769979,0.9060802,0.03272915,0.4218383,-0.0007108414,0.99712,-0.07583666,-0.4231055,0.06841423,0.9034939,moving,-9.012183129206608,-3.0862087041893633,-6.647980341007652,1.1291273116014073,-0.5165635999999999,0.0823143,0.8332159999999997,-0.15642285144727847,-0.05317571744470491,0.9862576745352649,-9.05037500608994,-3.0140531268726494,4.792907635977984,4.833064509165021,4.789305197267127
05/17/2023 16:15:32.047322,1502,True,True,True,True,Eyes,1.07397,-0.278604,-3.434988,-0.5581143,0.01254504,0.8296692,0.0,0.0,0.0,0.0,0.0,0.0,0.0,0.490828,0.001583159,3.59307,1.071012,-0.2739165,-3.453834,-0.03836582,-0.2159181,0.008041018,0.9756244,355.9063,334.9755,1.853285,0.2970285,-0.07792597,-0.9516829,0,0,0,0.5553002,-0.1888541,-2.619957,-0.1140097,0.01902767,0.9773361,0.9066294,0.03225777,0.4206929,0.0008777205,0.9969268,-0.07833365,-0.4219269,0.07138885,0.903815,moving,-9.020186066544202,-3.0745821893591008,-6.653682125930225,1.1153455531155467,-0.5157118,0.08506240000000001,0.8338770000000002,-0.15656228290329066,-0.05297439811979933,0.9862463668058233,-9.058462973533842,-3.0022559494434815,4.772097032511191,4.81205105834302,4.768397326028687
05/17/2023 16:15:32.067485,1503,True,True,True,True,Eyes,1.074214,-0.2783609,-3.435157,-0.5572498,0.01566859,0.830197,0.0,0.0,0.0,0.0,0.0,0.0,0.0,0.4873991,-0.006401718,3.593796,1.07096,-0.2738755,-3.454129,-0.03943077,-0.2154449,0.007610855,0.9756899,355.7755,335.0288,1.829693,0.2970777,-0.0778515,-0.9516737,0,0,0,0.5562737,-0.185864,-2.61948,-0.1136467,0.01966822,0.9777441,0.9070511,0.03184199,0.4198147,0.002138651,0.9967746,-0.08022384,-0.4210151,0.07366496,0.9040574,moving,-9.011903907690789,-3.0280940859194425,-6.629943169789865,1.1524017711121777,-0.5146862999999999,0.08801149999999999,0.8346490000000002,-0.15642630609177924,-0.052175306970889124,0.9863105247469492,-9.050510131714812,-2.955236193971174,4.772001301263312,4.811474053505854,4.767791319820601
05/17/2023 16:15:32.077216,1504,True,True,True,True,Eyes,1.074455,-0.278122,-3.435324,-0.5563852,0.01873945,0.8307132,0.0,0.0,0.0,0.0,0.0,0.0,0.0,0.4852306,-0.01164591,3.594372,1.071048,-0.2737763,-3.454418,-0.04012771,-0.2151509,0.007438217,0.9757277,355.6927,335.0615,1.826463,0.297127,-0.0777773,-0.9516643,0,0,0,0.5572643,-0.1828214,-2.618994,-0.1130097,0.02114439,0.9782434,0.9073095,0.03178238,0.4192606,0.00275168,0.9966689,-0.08150811,-0.4204545,0.07510675,0.9041997,moving,-8.982486656996452,-2.9342535694076495,-6.589774280564963,1.238235488757708,-0.5137837,0.09095489999999998,0.8354240000000002,-0.15593284174593908,-0.05056383142851209,0.9864726687728798,-9.021754273350071,-2.8603700087508956,4.771264204078189,4.809858361411285,4.765825606284268
05/17/2023 16:15:32.097665,1505,True,True,True,True,Eyes,1.074711,-0.2778846,-3.435487,-0.555522,0.02173094,0.8312178,0.0,0.0,0.0,0.0,0.0,0.0,0.0,0.4817682,-0.01840308,3.594965,1.071195,-0.2736589,-3.454543,-0.04104049,-0.2146951,0.007335637,0.975791,355.5871,335.1121,1.835695,0.2971763,-0.07770344,-0.951655,0,0,0,0.5582315,-0.1798506,-2.61852,-0.1128375,0.02219258,0.9785912,0.9077044,0.03193849,0.418393,0.00330629,0.9965237,-0.08324372,-0.4195973,0.07694401,0.9044433,moving,-8.97307713459513,-2.865135422966102,-6.577503112192326,1.2991362021096358,-0.5129634999999999,0.09380829999999998,0.836023,-0.1557801018209906,-0.04937497582662385,0.9865569567505392,-9.012835146387888,-2.79045053817204,4.766085215352433,4.804157893348435,4.759785900969369
05/17/2023 16:15:32.117520,1506,True,True,True,True,Eyes,1.074959,-0.2776548,-3.435651,-0.5546625,0.02466381,0.8317097,0.0,0.0,0.0,0.0,0.0,0.0,0.0,0.4786674,-0.02480391,3.595616,1.071311,-0.2734995,-3.454806,-0.04189465,-0.2142777,0.007215819,0.9758473,355.4877,335.1584,1.841623,0.297226,-0.07762993,-0.9516455,0,0,0,0.5592287,-0.1767881,-2.618032,-0.1124697,0.02337255,0.9790696,0.908066,0.03203725,0.4175999,0.003871098,0.9963856,-0.08485793,-0.4188091,0.07867318,0.9046598,moving,-8.959641164951908,-2.793876473466875,-6.553074653583384,1.3675168474196024,-0.5120822999999999,0.0967114,0.8367740000000001,-0.15555805353786992,-0.048149656021779445,0.9866524819350274,-8.9999037717084,-2.7183794215495034,4.7696568556544845,4.8071568254800106,4.762512052906543
05/17/2023 16:15:32.127041,1507,True,True,True,True,Eyes,1.075203,-0.2774331,-3.435813,-0.553794,0.02750627,0.8321993,0.0,0.0,0.0,0.0,0.0,0.0,0.0,0.4757002,-0.03059918,3.596153,1.071376,-0.2734739,-3.454984,-0.04269351,-0.2138724,0.007206026,0.9759017,355.3972,335.203,1.8585,0.2972758,-0.07755695,-0.9516358,0,0,0,0.5602206,-0.1737413,-2.617545,-0.1120539,0.0248487,0.979467,0.9084133,0.03232667,0.4168215,0.00419718,0.9962507,-0.08641167,-0.4180521,0.08024698,0.9048718,moving,-8.944445377957708,-2.7173076090866704,-6.526431351483993,1.4532600990699327,-0.5111554000000001,0.0997326,0.8374390000000003,-0.15530612395588844,-0.046832957138007184,0.9867556669375205,-8.985249978967845,-2.640940709595613,4.783855346028105,4.820832587898303,4.775800383657088
05/17/2023 16:15:32.147285,1508,True,True,True,True,Eyes,1.075446,-0.2772084,-3.43598,-0.5529328,0.03028814,0.8326752,0.0,0.0,0.0,0.0,0.0,0.0,0.0,0.4726768,-0.03504932,3.596668,1.071462,-0.2734736,-3.45512,-0.04333586,-0.2134543,0.007495784,0.9759626,355.3316,335.2484,1.904974,0.2973256,-0.07748469,-0.9516262,0,0,0,0.5611555,-0.1708699,-2.617087,-0.1117284,0.02666285,0.9798189,0.9087622,0.03313166,0.4159972,0.003869244,0.9961316,-0.08778837,-0.4172966,0.08138834,0.9051185,moving,-8.93118528320103,-2.6147206569224246,-6.505318726974539,1.5587491379692173,-0.5103064999999999,0.10260369999999999,0.8380329999999998,-0.15509035727967285,-0.04506766250027857,0.9868717891961264,-8.972717928870225,-2.5371617702994067,4.790970665095536,4.827284814208817,4.781688508256196
05/17/2023 16:15:32.167306,1509,True,True,True,True,Eyes,1.075682,-0.2769814,-3.436152,-0.5520529,0.03299554,0.8331559,0.0,0.0,0.0,0.0,0.0,0.0,0.0,0.4699911,-0.04035497,3.597263,1.07166,-0.2731954,-3.455391,-0.04403048,-0.2131003,0.007485514,0.976009,355.2529,335.2873,1.919341,0.2973755,-0.07741298,-0.9516165,0,0,0,0.5621176,-0.1679148,-2.616616,-0.1113357,0.02797665,0.9803486,0.9090645,0.03337767,0.4153164,0.004153955,0.9960106,-0.08913862,-0.4166348,0.08275796,0.9052992,moving,-8.909544191985283,-2.5349216556187395,-6.479176081212342,1.6346318482866056,-0.5095424000000001,0.10528059999999997,0.838775,-0.15472702267586882,-0.043695664078114614,0.9869904260719781,-8.951640158736122,-2.4564779456980257,4.790499764947853,4.826164685937621,4.780194343442795
05/17/2023 16:15:32.178968,1510,True,True,True,True,Eyes,1.075913,-0.2767583,-3.436325,-0.5511796,0.03568055,0.8336233,0.0,0.0,0.0,0.0,0.0,0.0,0.0,0.467556,-0.04711795,3.597767,1.071805,-0.2729317,-3.455647,-0.04492453,-0.2127763,0.007431161,0.9760394,355.1508,335.322,1.933799,0.2974251,-0.07734168,-0.9516068,0,0,0,0.5630945,-0.1649143,-2.616137,-0.110825,0.02894682,0.980873,0.9093421,0.03362396,0.4146883,0.004611537,0.9958531,-0.09085856,-0.4160237,0.08453388,0.9054161,moving,-8.885386430482349,-2.479923926549019,-6.4462877742238485,1.690381310936634,-0.5087104999999998,0.10801739999999999,0.8395099999999998,-0.1543171739603751,-0.04275101391206405,0.987095952801817,-8.927868191219448,-2.4009049798443947,4.796084670545753,4.831215998976065,4.78506686255781
05/17/2023 16:15:32.197491,1511,True,True,True,True,Eyes,1.076138,-0.2765388,-3.436499,-0.550294,0.03835723,0.8340895,0.0,0.0,0.0,0.0,0.0,0.0,0.0,0.4646946,-0.05528259,3.598226,1.071898,-0.2728334,-3.455839,-0.04603559,-0.2123913,0.007367073,0.976072,355.024,335.363,1.952163,0.2974744,-0.07727089,-0.9515971,0,0,0,0.5640978,-0.1618328,-2.615645,-0.1103743,0.02975497,0.9813467,0.9096713,0.03393671,0.4139401,0.005173534,0.995653,-0.09299751,-0.4152967,0.0867387,0.9055413,moving,-8.868047793951805,-2.4492602538181893,-6.417218289078204,1.7367073738995802,-0.5078002,0.1110006,0.8401939999999999,-0.15402192125387903,-0.04222470483910505,0.9871648188696946,-8.910743626739992,-2.3699350673105095,4.815785421184364,4.850658743125526,4.804391818899589
05/17/2023 16:15:32.217307,1512,True,True,True,True,Eyes,1.076359,-0.2763246,-3.436673,-0.5494235,0.04099611,0.8345377,0.0,0.0,0.0,0.0,0.0,0.0,0.0,0.4625034,-0.06307107,3.598595,1.07197,-0.2727352,-3.456049,-0.04711105,-0.2120877,0.007508067,0.9760855,354.9063,335.3936,1.993019,0.2975231,-0.07720064,-0.9515876,0,0,0,0.5651082,-0.1587294,-2.61515,-0.1096931,0.03077278,0.981854,0.9099249,0.03464038,0.413324,0.005326312,0.9954484,-0.09515355,-0.4147389,0.08878408,0.9055987,moving,-8.842107305314249,-2.408547471170307,-6.374672143692463,1.7951482090716557,-0.5068618000000001,0.11400580000000002,0.8408990000000003,-0.15357946845190612,-0.041526136196928756,0.9872633706317966,-8.885086592406186,-2.328826609177835,4.839875432111299,4.874350587400589,4.827975663346549
05/17/2023 16:15:32.234085,1513,True,True,True,True,Eyes,1.076566,-0.2761111,-3.436853,-0.5485291,0.04360792,0.8349935,0.0,0.0,0.0,0.0,0.0,0.0,0.0,0.4605188,-0.06989568,3.598922,1.072091,-0.2726733,-3.456223,-0.04805221,-0.2118226,0.007578671,0.9760967,354.8021,335.4204,2.022805,0.2975714,-0.07713102,-0.9515781,0,0,0,0.5660736,-0.1557642,-2.614676,-0.1090591,0.03189625,0.9823493,0.9101475,0.03515211,0.4127903,0.005562055,0.9952671,-0.09701788,-0.414247,0.09059655,0.9056444,moving,-8.810033643253346,-2.3580049690403326,-6.334959063356194,1.8597037596526553,-0.5060174,0.11690910000000002,0.8415470000000003,-0.15303224202436658,-0.040658714018401695,0.9873844090075313,-8.853364856450936,-2.277792413285662,4.85629757687341,4.8903027611944525,4.843680658318876
05/17/2023 16:15:32.247505,1514,True,True,True,True,Eyes,1.076772,-0.2758978,-3.437034,-0.547639,0.04620006,0.8354383,0.0,0.0,0.0,0.0,0.0,0.0,0.0,0.4581349,-0.0755572,3.599316,1.072226,-0.2724896,-3.456407,-0.0488033,-0.2115094,0.007497783,0.9761279,354.7153,335.4543,2.030582,0.2976188,-0.077062,-0.9515689,0,0,0,0.5670551,-0.1527495,-2.614195,-0.1085406,0.03320737,0.982839,0.9104151,0.03528231,0.4121887,0.00600712,0.995124,-0.09844823,-0.4136524,0.09210482,0.905764,moving,-8.7840149331571,-2.294229489629585,-6.301967654286544,1.9351273634230557,-0.5051708999999999,0.11974009999999999,0.842212,-0.15259057171790272,-0.039562375277042684,0.9874973462532118,-8.827794042316665,-2.213342423967975,4.870368397521492,4.90387786195905,4.856912653050852
05/17/2023 16:15:32.267787,1515,True,True,True,True,Eyes,1.076974,-0.2756841,-3.437218,-0.5467488,0.04881138,0.8358728,0.0,0.0,0.0,0.0,0.0,0.0,0.0,0.4549344,-0.08356717,3.599784,1.072371,-0.2723032,-3.456626,-0.04987485,-0.2110866,0.00736716,0.9761662,354.5912,335.5,2.040016,0.2976654,-0.07699351,-0.9515599,0,0,0,0.5680273,-0.1497634,-2.613719,-0.1082495,0.03385408,0.9833655,0.9107764,0.03543897,0.4113764,0.006672679,0.9949164,-0.1004825,-0.4128461,0.09426209,0.9059099,moving,-8.771492629986957,-2.2659136974182035,-6.281863336707788,1.971728861526942,-0.5043437,0.12253980000000003,0.8429069999999999,-0.15237767085833323,-0.03907564556675942,0.9875496333076706,-8.81547034425309,-2.184730785413724,4.881586609806287,4.914861999622867,4.867784019996037
05/17/2023 16:15:32.277150,1516,True,True,True,True,Eyes,1.077175,-0.2754772,-3.437402,-0.545856,0.05141327,0.8363001,0.0,0.0,0.0,0.0,0.0,0.0,0.0,0.4514986,-0.09199938,3.600252,1.0725,-0.2721061,-3.456853,-0.05100825,-0.2106282,0.007291745,0.9762073,354.4613,335.5493,2.05688,0.297711,-0.07692549,-0.9515511,0,0,0,0.5690147,-0.1467305,-2.613235,-0.1079826,0.03445239,0.9839009,0.9111652,0.03572406,0.4104896,0.007251039,0.99469,-0.1026609,-0.4119774,0.09651756,0.9060679,moving,-8.76311803172175,-2.2425109632579585,-6.263115269963201,2.0054563942097174,-0.5034853,0.1253756,0.8436180000000002,-0.1522356963757808,-0.03867312541593876,0.9875872804201393,-8.807260414469697,-2.161076146665992,4.895923286219056,4.929020235189878,4.881871355381271
05/17/2023 16:15:32.297323,1517,True,True,True,True,Eyes,1.077403,-0.2752741,-3.437577,-0.5449496,0.05400765,0.8367276,0.0,0.0,0.0,0.0,0.0,0.0,0.0,0.4475092,-0.1009992,3.600732,1.072649,-0.2720952,-3.45704,-0.05225169,-0.2100975,0.007270011,0.9762561,354.3203,335.6062,2.081958,0.2977559,-0.07685809,-0.9515425,0,0,0,0.5699524,-0.1438507,-2.612775,-0.1079378,0.03491642,0.9844104,0.9116124,0.03615068,0.4094582,0.007761112,0.9944339,-0.1050769,-0.4109777,0.09896722,0.9062576,moving,-8.762443649706503,-2.229162849698218,-6.257322907070819,2.0313937972200855,-0.5026965999999999,0.12824449999999998,0.844265,-0.15222542551654414,-0.0384431094408423,0.9875978516396583,-8.806681040509709,-2.1475690048452387,4.909383577144355,4.942466274723915,4.89519733959487
05/17/2023 16:15:32.317193,1518,True,True,True,True,Eyes,1.077633,-0.2750693,-3.437754,-0.5440239,0.05658152,0.8371598,0.0,0.0,0.0,0.0,0.0,0.0,0.0,0.4430434,-0.1075723,3.601371,1.072832,-0.272034,-3.457277,-0.05316113,-0.209501,0.007340561,0.9763348,354.2188,335.6719,2.1087,0.2978007,-0.07679135,-0.9515339,0,0,0,0.5709282,-0.1408534,-2.612297,-0.1079792,0.03612644,0.9849577,0.9121109,0.03660831,0.4083057,0.00794093,0.99424,-0.1068818,-0.4098666,0.1007304,0.9065665,moving,-8.767726635028955,-2.176894440684158,-6.256253213130267,2.1005623784645353,-0.5019038,0.1311806,0.8449800000000001,-0.15232171397406283,-0.03754158880127966,0.9876177030992511,-8.812338156707996,-2.0946482237464035,4.927306459805125,4.960255597102347,4.912571855524133
05/17/2023 16:15:32.327521,1519,True,True,True,True,Eyes,1.077853,-0.2748639,-3.437937,-0.5430212,0.05919407,0.83763,0.0,0.0,0.0,0.0,0.0,0.0,0.0,0.4371211,-0.1156941,3.602098,1.073068,-0.2718206,-3.457486,-0.05426402,-0.2087174,0.007384443,0.9764416,354.0945,335.7587,2.135933,0.2978457,-0.07672514,-0.9515252,0,0,0,0.5719151,-0.1378223,-2.611813,-0.108448,0.0368459,0.9854717,0.912765,0.03707264,0.4067993,0.008230738,0.9940018,-0.1090538,-0.4084021,0.1028888,0.9069849,moving,-8.790014812304292,-2.1442806854232446,-6.279947454589353,2.1412402265057895,-0.5011528999999999,0.13399830000000001,0.8456729999999997,-0.15270910176099683,-0.03697717629099924,0.9875791599388369,-8.834864810874407,-2.0615563421361607,4.9334570896192975,4.966500541311469,4.9184450484716375
05/17/2023 16:15:32.347763,1520,True,True,True,True,Eyes,1.07807,-0.2746605,-3.438122,-0.5419985,0.06180065,0.8381041,0.0,0.0,0.0,0.0,0.0,0.0,0.0,0.4310935,-0.1254257,3.602748,1.07322,-0.2716241,-3.457714,-0.05558939,-0.2079097,0.007400624,0.9765391,353.9444,335.8473,2.165148,0.2978903,-0.0766594,-0.9515164,0,0,0,0.5729071,-0.1347752,-2.611327,-0.1088724,0.03715772,0.9859903,0.9134376,0.03756914,0.4052412,0.00866115,0.99371,-0.1116477,-0.4068867,0.1054931,0.9073668,moving,-8.814147805509672,-2.137322195558015,-6.301036679521435,2.1582093892755383,-0.5003129000000001,0.13684889999999997,0.846387,-0.153125764446768,-0.036854835186311816,0.9875193153379155,-8.859053819484302,-2.0544233274735513,4.943412360556165,4.976677518974734,4.928460824087843
05/17/2023 16:15:32.367259,1521,True,True,True,True,Eyes,1.078268,-0.2744588,-3.438318,-0.540863,0.06448998,0.8386347,0.0,0.0,0.0,0.0,0.0,0.0,0.0,0.4247864,-0.1347868,3.603381,1.073344,-0.2714994,-3.457916,-0.05687177,-0.2070628,0.007386908,0.9766454,353.7983,335.9408,2.189484,0.2979347,-0.07659413,-0.9515078,0,0,0,0.5738671,-0.1318268,-2.610857,-0.1094021,0.03750841,0.9864681,0.9141409,0.03798083,0.4036136,0.009123274,0.993422,-0.1141462,-0.405294,0.108028,0.9077812,moving,-8.83527035434319,-2.12240519433164,-6.328403150828732,2.1775045914372253,-0.4994769000000001,0.1396726,0.8470589999999998,-0.15349125298228264,-0.03659562740756617,0.9874720743626454,-8.880288339079572,-2.039246745000192,4.943864544498097,4.977309247154254,4.928804099105661
05/17/2023 16:15:32.387411,1522,True,True,True,True,Eyes,1.078469,-0.2742496,-3.438518,-0.5397275,0.06718677,0.8391544,0.0,0.0,0.0,0.0,0.0,0.0,0.0,0.419632,-0.1439936,3.603871,1.073434,-0.2713761,-3.45815,-0.05813159,-0.2063665,0.007383286,0.9767187,353.6553,336.0166,2.215168,0.2979782,-0.07652932,-0.9514994,0,0,0,0.574854,-0.1287957,-2.610373,-0.1095509,0.03797576,0.9870128,0.9147167,0.03841561,0.4022657,0.009570041,0.9931324,-0.1166037,-0.4039825,0.1105091,0.9080671,moving,-8.838805126112893,-2.104597880188712,-6.333471841300601,2.203393961606337,-0.49858,0.1425804,0.8477769999999998,-0.15355389801099645,-0.03628836635043761,0.9874736949569278,-8.883951033067351,-2.021210682242053,4.950065503258937,4.983521704273099,4.934797716670923
05/17/2023 16:15:32.397173,1523,True,True,True,True,Eyes,1.078642,-0.2740465,-3.438727,-0.53853,0.07031169,0.8396676,0.0,0.0,0.0,0.0,0.0,0.0,0.0,0.4149137,-0.1546805,3.604296,1.073709,-0.2710475,-3.458426,-0.05953548,-0.2057583,0.007052741,0.9767647,353.4885,336.0832,2.207929,0.298021,-0.07646472,-0.9514912,0,0,0,0.5758372,-0.1257758,-2.609891,-0.1097454,0.03773829,0.9876865,0.9152275,0.03827757,0.4011151,0.0107221,0.9928116,-0.1192066,-0.4027947,0.113402,0.9082381,moving,-8.828802456927312,-2.091399269877582,-6.340332455703804,2.1881370616284785,-0.4978718,0.1452717,0.8485349999999996,-0.1533827637151094,-0.036061862232450385,0.9875086040272554,-8.874039834406434,-2.00788975984068,4.917233016703118,4.950445854634679,4.901664428271353
05/17/2023 16:15:32.417563,1524,True,True,True,True,Eyes,1.078818,-0.2738456,-3.438939,-0.5373327,0.07340339,0.8401699,0.0,0.0,0.0,0.0,0.0,0.0,0.0,0.4104322,-0.1645095,3.604594,1.073855,-0.2709923,-3.458615,-0.06087118,-0.2051666,0.006849466,0.9768083,353.3324,336.1474,2.213308,0.2980623,-0.07640047,-0.9514834,0,0,0,0.5768322,-0.1227197,-2.609403,-0.1097758,0.03802225,0.9882709,0.9157195,0.0383587,0.399983,0.01159623,0.9924956,-0.1217295,-0.4016507,0.1161084,0.9084027,moving,-8.816715710314792,-2.067550278300357,-6.338354684760157,2.2032830464203235,-0.4970228,0.14827260000000003,0.8492120000000001,-0.15317669423717353,-0.03565196790358953,0.9875554599848886,-8.862119955096396,-1.983797353609054,4.904843643922983,4.937842713223349,4.888868316498771
05/17/2023 16:15:32.427220,1525,True,True,True,True,Eyes,1.078953,-0.2736462,-3.439171,-0.5360826,0.07678459,0.8406662,0.0,0.0,0.0,0.0,0.0,0.0,0.0,0.4058212,-0.1727662,3.605064,1.074051,-0.2708301,-3.458915,-0.06196303,-0.2045589,0.00653966,0.9768692,353.2011,336.2153,2.200525,0.2981024,-0.07633657,-0.951476,0,0,0,0.5778112,-0.1197126,-2.608923,-0.1098914,0.03853101,0.9889466,0.9162258,0.03812696,0.3988441,0.01257339,0.9922356,-0.1237351,-0.400465,0.1183841,0.9086325,moving,-8.803245179449148,-2.0048137809787945,-6.340675017909327,2.231210646807086,-0.4962398000000001,0.15111750000000002,0.8499920000000003,-0.15295032896520358,-0.034571843576027814,0.9876290151711111,-8.849093235584725,-1.9203519654771886,4.867376865384352,4.8998117059030895,4.850529257563802
05/17/2023 16:15:32.447341,1526,True,True,True,True,Eyes,1.079091,-0.2734484,-3.439406,-0.534833,0.08013179,0.8411495,0.0,0.0,0.0,0.0,0.0,0.0,0.0,0.4013741,-0.1813133,3.605419,1.07419,-0.2706695,-3.459173,-0.0631002,-0.2039678,0.006280146,0.9769219,353.066,336.2807,2.194467,0.2981402,-0.07627303,-0.9514692,0,0,0,0.5787533,-0.116819,-2.608462,-0.1099741,0.03887768,0.9895614,0.9167154,0.03801124,0.3977287,0.0134704,0.9919579,-0.1258498,-0.3993138,0.120726,0.9088309,moving,-8.78810922175301,-1.9469377559553194,-6.341497674017676,2.2498674223688053,-0.49543669999999995,0.1538505,0.850711,-0.15269459645887254,-0.033575535900630976,0.987702873646271,-8.834365987498566,-1.8618321078726954,4.826034321260978,4.857888612382963,4.808374512800062
05/17/2023 16:15:32.467237,1527,True,True,True,True,Eyes,1.079203,-0.2732558,-3.439654,-0.5335808,0.08362954,0.8416042,0.0,0.0,0.0,0.0,0.0,0.0,0.0,0.3966585,-0.1904716,3.605788,1.074399,-0.2705294,-3.459451,-0.06431692,-0.2033488,0.00594415,0.9769737,352.92,336.3495,2.181337,0.298176,-0.07620985,-0.9514631,0,0,0,0.5797035,-0.1139006,-2.607996,-0.1101718,0.03906522,0.9902366,0.9172279,0.03777209,0.3965683,0.01454298,0.991656,-0.1280893,-0.3980975,0.1232544,0.9090252,moving,-8.776714212034998,-1.8919518446060166,-6.348508310682028,2.2591693227642757,-0.49469550000000007,0.15662879999999996,0.8514550000000001,-0.1525029498847869,-0.032628614998468156,0.9877642549245297,-8.823360068818177,-1.8062233441593838,4.777864701423616,4.809156978676729,4.759444165133808
05/17/2023 16:15:32.477653,1528,True,True,True,True,Eyes,1.079318,-0.2730643,-3.439907,-0.5323409,0.08707438,0.8420399,0.0,0.0,0.0,0.0,0.0,0.0,0.0,0.3929009,-0.1980823,3.606102,1.074501,-0.2704798,-3.459749,-0.06534457,-0.2028421,0.005757626,0.9770119,352.7991,336.4051,2.181203,0.2982092,-0.07614712,-0.9514577,0,0,0,0.5806855,-0.1108844,-2.607515,-0.1099719,0.03987876,0.990931,0.9176438,0.0377598,0.3956059,0.01525873,0.9913939,-0.1300206,-0.3971108,0.1253491,0.9091703,moving,-8.752708594746665,-1.8136321116054626,-6.332678472032092,2.3045523215289023,-0.49381549999999996,0.1595954,0.8522340000000002,-0.15209564332158151,-0.03128035923445311,0.9878706540159811,-8.799906597351892,-1.7270455395304394,4.7460608786503045,4.776608506059097,4.726626274169274
05/17/2023 16:15:32.497245,1529,True,True,True,True,Eyes,1.079429,-0.2728679,-3.440165,-0.5311269,0.09062771,0.8424315,0.0,0.0,0.0,0.0,0.0,0.0,0.0,0.3895087,-0.2062118,3.606396,1.07467,-0.2703391,-3.460105,-0.06642919,-0.2023908,0.005569045,0.9770333,352.6718,336.4538,2.182504,0.2982401,-0.07608483,-0.951453,0,0,0,0.581665,-0.1078759,-2.607035,-0.1097038,0.04047013,0.9917186,0.918014,0.0377716,0.3947452,0.01600702,0.9911123,-0.1320613,-0.396225,0.1275528,0.9092503,moving,-8.724348145165008,-1.7353076036659496,-6.312388443634981,2.336834040002184,-0.493005,0.1624632,0.8530699999999998,-0.1516129089715402,-0.029932137191506225,0.987986634986547,-8.772097173886804,-1.647879198087939,4.703169301700354,4.732851906398618,4.682745629167541
05/17/2023 16:15:32.522738,1530,True,True,True,True,Eyes,1.079544,-0.2726756,-3.440427,-0.5299258,0.094142,0.8428024,0.0,0.0,0.0,0.0,0.0,0.0,0.0,0.385806,-0.2159909,3.606525,1.074816,-0.2700706,-3.460398,-0.06771703,-0.2018999,0.005291018,0.977048,352.5195,336.5067,2.178151,0.2982688,-0.07602278,-0.951449,0,0,0,0.5826579,-0.1048262,-2.606548,-0.1095196,0.04054001,0.9924451,0.9184169,0.03768328,0.3938152,0.01700497,0.9907728,-0.1344621,-0.3952484,0.1301891,0.9093016,moving,-8.702312479214676,-1.6848074086235225,-6.297298777202251,2.339152899687608,-0.49215810000000004,0.1652444,0.85385,-0.15123680047889276,-0.029063012876919467,0.9880702032643346,-8.750415791782288,-1.5968502588346296,4.65891252401277,4.687893713570191,4.637877095301158
05/17/2023 16:15:32.537497,1531,True,True,True,True,Eyes,1.079642,-0.2724827,-3.440696,-0.5287349,0.09771691,0.8431433,0.0,0.0,0.0,0.0,0.0,0.0,0.0,0.3825456,-0.2256956,3.60667,1.075033,-0.270008,-3.460744,-0.06903373,-0.2014728,0.005148543,0.9770448,352.3672,336.551,2.190158,0.2982956,-0.07596106,-0.9514455,0,0,0,0.5836645,-0.1017346,-2.606055,-0.1091979,0.04086673,0.9933068,0.9187644,0.03787755,0.392985,0.01775612,0.9904156,-0.1369727,-0.3944067,0.1328235,0.9092861,moving,-8.673195050636977,-1.6285803259890923,-6.273545636919487,2.3559401442354893,-0.4913684999999999,0.16827340000000002,0.854689,-0.15073880926162775,-0.028095518277252242,0.9881742086028997,-8.721691609834126,-1.5400516198135539,4.6230545288339995,4.651313866682554,4.601322693556293
05/17/2023 16:15:32.547272,1532,True,True,True,True,Eyes,1.079745,-0.2722914,-3.440964,-0.5275545,0.101247,0.8434662,0.0,0.0,0.0,0.0,0.0,0.0,0.0,0.3792475,-0.2358494,3.606637,1.075165,-0.2698302,-3.460997,-0.07039601,-0.2010358,0.004978721,0.9770385,352.2091,336.5963,2.199975,0.2983202,-0.07589962,-0.9514427,0,0,0,0.5846446,-0.09872436,-2.605574,-0.1088948,0.04090624,0.9940339,0.9191196,0.03803303,0.3921384,0.01857543,0.9900392,-0.139561,-0.3935404,0.1355574,0.909258,moving,-8.646362140105076,-1.5809554340749972,-6.251730477578463,2.356492295258015,-0.49052039999999997,0.17110584,0.855423,-0.15027942965014487,-0.027276058470739835,0.9882671934654201,-8.69519120810835,-1.4919507348330874,4.580898844163393,4.608443926143039,4.558619757941918
05/17/2023 16:15:32.567306,1533,True,True,True,True,Eyes,1.079821,-0.2720987,-3.441246,-0.5263566,0.104796,0.8437811,0.0,0.0,0.0,0.0,0.0,0.0,0.0,0.3758289,-0.2450963,3.606639,1.075363,-0.2697065,-3.461216,-0.07164135,-0.2005919,0.004814306,0.9770401,352.0643,336.643,2.20745,0.2983429,-0.07583846,-0.9514405,0,0,0,0.5856401,-0.09566634,-2.605086,-0.1086621,0.04127166,0.9947691,0.9194794,0.03814889,0.3912828,0.0193338,0.9896887,-0.1419244,-0.3926624,0.1380615,0.9092608,moving,-8.619432705126219,-1.5192833129432999,-6.233902116204819,2.3757639246223996,-0.48972290000000007,0.17404016,0.8561299999999998,-0.14981918431994035,-0.02621414333147397,0.9883658469392166,-8.66869442854992,-1.4296329686373173,4.540673995346598,4.5675101722435025,4.517660801729752
05/17/2023 16:15:32.587332,1534,True,True,True,True,Eyes,1.079897,-0.271905,-3.441527,-0.5251727,0.108317,0.8440741,0.0,0.0,0.0,0.0,0.0,0.0,0.0,0.3725005,-0.2540075,3.606686,1.075486,-0.2694955,-3.461526,-0.07282387,-0.2001463,0.004621138,0.9770449,351.9258,336.6904,2.21006,0.2983631,-0.07577752,-0.951439,0,0,0,0.5865559,-0.09285367,-2.604637,-0.1084377,0.04139897,0.9955102,0.9198402,0.03818098,0.3904308,0.02012074,0.9893507,-0.1441542,-0.3917769,0.1404546,0.9092762,moving,-8.594115162664586,-1.4534526335363112,-6.216534425403755,2.3813119421652518,-0.4889300999999999,0.17664183,0.8568890000000002,-0.14938678394863755,-0.025080190948067474,0.9884607207211584,-8.643839623650852,-1.3631002815084452,4.486022072291141,4.512018341413224,4.462334974677986
05/17/2023 16:15:32.597521,1535,True,True,True,True,Eyes,1.079947,-0.2717088,-3.441824,-0.5239961,0.111833,0.8443468,0.0,0.0,0.0,0.0,0.0,0.0,0.0,0.3697392,-0.2645278,3.606476,1.075554,-0.2693058,-3.461793,-0.07421467,-0.199774,0.004256472,0.9770182,351.7601,336.7293,2.198731,0.2983812,-0.07571674,-0.9514382,0,0,0,0.5875258,-0.08987456,-2.604162,-0.107995,0.04120544,0.9962617,0.9201444,0.03796963,0.389734,0.02133502,0.9889481,-0.1467188,-0.3909975,0.1433175,0.909165,moving,-8.562021088512909,-1.4176156315106863,-6.1867187206171845,2.3684067734648333,-0.4880281999999999,0.17943124,0.857631,-0.14883535233761222,-0.02446398746187267,0.9885593571386868,-8.611992603814619,-1.3269496423313005,4.444162383968846,4.469454887333314,4.42013715265547
05/17/2023 16:15:32.617003,1536,True,True,True,True,Eyes,1.08,-0.2715146,-3.442118,-0.5228275,0.1153243,0.8446015,0.0,0.0,0.0,0.0,0.0,0.0,0.0,0.3669268,-0.2742807,3.606402,1.075801,-0.2690561,-3.462118,-0.07549107,-0.1994136,0.003911209,0.9769955,351.6078,336.7673,2.186878,0.2983966,-0.07565603,-0.9514382,0,0,0,0.5886261,-0.08649515,-2.603623,-0.1075152,0.04155521,0.9971939,0.9204378,0.03775036,0.3890619,0.02246543,0.9885716,-0.1490687,-0.390243,0.1459489,0.9090706,moving,-8.529347911921834,-1.3699096963358872,-6.1537303310029134,2.3862574408785946,-0.48717489999999997,0.18256095,0.858495,-0.14827452275779612,-0.02364289252793666,0.9886635738525266,-8.579650966654857,-1.2787885876811425,4.4197052569309,4.44436164746537,4.395185243188668
05/17/2023 16:15:32.637242,1537,True,True,True,True,Eyes,1.080042,-0.2713181,-3.442419,-0.5217057,0.1188032,0.844813,0.0,0.0,0.0,0.0,0.0,0.0,0.0,0.3633531,-0.2853116,3.606142,1.075886,-0.2689427,-3.462343,-0.07698856,-0.1989345,0.003787903,0.9769766,351.4354,336.8162,2.204234,0.2984095,-0.07559545,-0.951439,0,0,0,0.5894758,-0.08388558,-2.603206,-0.1074059,0.04102208,0.9978674,0.9208215,0.03803274,0.3881254,0.02322997,0.9881168,-0.1519392,-0.3892919,0.148925,0.9089956,moving,-8.512508842463228,-1.3376910884946434,-6.143404906024949,2.3540896601721495,-0.4864101999999999,0.18505711999999996,0.859137,-0.14798587521815382,-0.023087952754447805,0.9887199653517953,-8.563037189997882,-1.2462430513083564,4.3625522987050065,4.386558851522922,4.337858460461872
05/17/2023 16:15:32.647301,1538,True,True,True,True,Eyes,1.080084,-0.2711301,-3.442714,-0.5205917,0.1222377,0.8450102,0.0,0.0,0.0,0.0,0.0,0.0,0.0,0.3602711,-0.2956633,3.605938,1.076008,-0.2687266,-3.462657,-0.07836559,-0.198522,0.003566401,0.9769519,351.2744,336.8587,2.208091,0.29842,-0.0755349,-0.9514405,0,0,0,0.590466,-0.08084394,-2.602721,-0.1070205,0.04095623,0.9987042,0.9211527,0.03808299,0.3873339,0.02414617,0.9876923,-0.1545348,-0.3884519,0.1517028,0.9088957,moving,-8.489326399573072,-1.298941205484377,-6.1164382128870844,2.348347948875405,-0.48554200000000003,0.18788265999999998,0.8599360000000003,-0.1475880571226565,-0.022420610511159823,0.9887947679540414,-8.540124934487402,-1.2071109290369204,4.327879683015563,4.351243100772973,4.302969341860021
05/17/2023 16:15:32.667509,1539,True,True,True,True,Eyes,1.080115,-0.2709441,-3.443023,-0.5194712,0.1255906,0.845208,0.0,0.0,0.0,0.0,0.0,0.0,0.0,0.3567067,-0.3048632,3.60569,1.076073,-0.2687717,-3.462803,-0.07965483,-0.1980447,0.003656357,0.9769443,351.1303,336.9066,2.244442,0.2984282,-0.07547463,-0.9514427,0,0,0,0.5914697,-0.07776113,-2.602229,-0.1066812,0.04157101,0.9994024,0.9215298,0.03869455,0.3863749,0.02440633,0.9872835,-0.1570849,-0.3875399,0.1541884,0.9088668,moving,-8.4713848467785,-1.242889108437211,-6.0929652751861205,2.3818945662431457,-0.48460330000000007,0.19101057,0.8605740000000002,-0.14728153428070861,-0.021454258046641077,0.9888618478702618,-8.522578341385351,-1.1504475729776167,4.312601935881855,4.335428046544298,4.287243944536016
05/17/2023 16:15:32.677309,1540,True,True,True,True,Eyes,1.080149,-0.2707523,-3.443328,-0.5183703,0.1289098,0.8453842,0.0,0.0,0.0,0.0,0.0,0.0,0.0,0.3540457,-0.3121098,3.605792,1.076271,-0.268658,-3.46323,-0.08066733,-0.1976927,0.003972393,0.9769313,351.0228,336.9395,2.300929,0.2984342,-0.07541464,-0.9514456,0,0,0,0.5924931,-0.07461799,-2.601727,-0.1060381,0.04269651,1.000406,0.9218037,0.03965619,0.3856234,0.02413317,0.986954,-0.1591835,-0.3869052,0.1560422,0.9088208,moving,-8.4387780325647,-1.1500197674192654,-6.050478471372452,2.443853899288554,-0.4837779,0.19404001,0.8615029999999999,-0.14672361149879662,-0.01985307312976415,0.9889782542522482,-8.490625148918937,-1.0565762528039095,4.293111494702611,4.3150785307160975,4.267004459526521
05/17/2023 16:15:32.697333,1541,True,True,True,True,Eyes,1.080194,-0.2705583,-3.443634,-0.5172751,0.1321476,0.8455551,0.0,0.0,0.0,0.0,0.0,0.0,0.0,0.3518585,-0.3219835,3.605367,1.076376,-0.268358,-3.463459,-0.08198206,-0.1974052,0.003897923,0.9768803,350.8724,336.9661,2.320871,0.2984381,-0.07535477,-0.9514491,0,0,0,0.5933631,-0.07194567,-2.601301,-0.1055321,0.0423892,1.00113,0.922032,0.03998298,0.3850434,0.02475176,0.9865276,-0.1617122,-0.3863217,0.1586343,0.9086202,moving,-8.401681892658123,-1.1105043286998149,-6.01749611480511,2.4245326976680825,-0.48301289999999997,0.19641232999999997,0.862158,-0.14608520642802003,-0.019172826471382257,0.9890861739958559,-8.453800969393225,-1.0167213748074952,4.242683491671697,4.263898286909359,4.216374145616037
05/17/2023 16:15:32.717189,1542,True,True,True,True,Eyes,1.080242,-0.2703637,-3.443937,-0.5161809,0.1353669,0.8457144,0.0,0.0,0.0,0.0,0.0,0.0,0.0,0.3491538,-0.3302048,3.605269,1.076624,-0.2681458,-3.463797,-0.08304184,-0.1970564,0.003466538,0.9768627,350.7423,337.0045,2.293693,0.2984405,-0.07529492,-0.9514531,0,0,0,0.5943298,-0.06897644,-2.600827,-0.1052178,0.04271159,1.002047,0.9223136,0.03950051,0.3844182,0.02595518,0.9861841,-0.1636071,-0.3855697,0.1608747,0.9085457,moving,-8.374903995740304,-1.0578921363965752,-5.994254979746793,2.440717260070052,-0.4822942,0.19916936,0.8629699999999998,-0.14562538902132982,-0.018265834166224487,0.9891710523879976,-8.42739116079125,-0.96357262242778,4.21113034557922,4.231755834921889,4.184416480177936
05/17/2023 16:15:32.727479,1543,True,True,True,True,Eyes,1.080288,-0.2701761,-3.444234,-0.5150513,0.1385326,0.8458906,0.0,0.0,0.0,0.0,0.0,0.0,0.0,0.3452839,-0.3405938,3.604882,1.07671,-0.2679673,-3.463999,-0.08442881,-0.1965383,0.003206024,0.9768491,350.5789,337.0595,2.291867,0.2984415,-0.07523508,-0.9514575,0,0,0,0.5953175,-0.0659429,-2.600343,-0.1050664,0.04263225,1.002795,0.9227248,0.03945058,0.3834352,0.02692338,0.985723,-0.1662086,-0.3845178,0.1636882,0.908489,moving,-8.36418082767375,-1.0370485386222523,-5.981259951689092,2.4343739079631357,-0.4813925,0.20202440000000002,0.8636559999999998,-0.1454412234038329,-0.01790647574438914,0.9892048517491319,-8.416813789527732,-0.9425168816375312,4.190304358545486,4.210592084714496,4.1635698507291
05/17/2023 16:15:32.747026,1544,True,True,True,True,Eyes,1.080334,-0.2699929,-3.444535,-0.5139486,0.1416317,0.846048,0.0,0.0,0.0,0.0,0.0,0.0,0.0,0.3417633,-0.3510827,3.604381,1.076699,-0.2679681,-3.464179,-0.08585394,-0.1960556,0.002940351,0.9768228,350.4113,337.11,2.290555,0.2984414,-0.07517547,-0.9514623,0,0,0,0.5962922,-0.06294919,-2.599865,-0.1047718,0.04261382,1.003528,0.9231071,0.03940869,0.3825183,0.02791989,0.9852409,-0.1688811,-0.383528,0.1665752,0.9083826,moving,-8.351295499323884,-1.0244504771556964,-5.960284610314415,2.431547567851796,-0.4804068,0.20501891,0.8643140000000002,-0.14521930891690002,-0.017689553084261747,0.9892413013113771,-8.404014885406086,-0.9298145635046701,4.182468638985264,4.202482071164309,4.155787895876894
05/17/2023 16:15:32.767463,1545,True,True,True,True,Eyes,1.080405,-0.26981,-3.444828,-0.5128716,0.1446486,0.8461912,0.0,0.0,0.0,0.0,0.0,0.0,0.0,0.3404843,-0.3569267,3.604305,1.076753,-0.2679069,-3.464559,-0.0866405,-0.1958729,0.002877488,0.9767901,350.3208,337.1273,2.300114,0.2984402,-0.07511616,-0.9514673,0,0,0,0.5972794,-0.05991683,-2.599381,-0.1038137,0.04387103,1.004482,0.923251,0.03956246,0.3821549,0.02831966,0.9849703,-0.1703864,-0.3831521,0.1681319,0.9082544,moving,-8.30424757113988,-0.9397603921098787,-5.900597274798771,2.500819743074272,-0.47947360000000006,0.20799007,0.8651779999999998,-0.1444105394620335,-0.016229258536803376,0.9893847834819325,-8.35755842589761,-0.8442755316860473,4.177801739048239,4.197037814188061,4.1504602751059725
05/17/2023 16:15:32.777558,1546,True,True,True,True,Eyes,1.080476,-0.2696287,-3.445123,-0.5118107,0.1476198,0.8463203,0.0,0.0,0.0,0.0,0.0,0.0,0.0,0.3388555,-0.3649983,3.603988,1.07696,-0.2677692,-3.464857,-0.0877152,-0.1956671,0.002707639,0.976736,350.1953,337.1464,2.304052,0.2984388,-0.07505715,-0.9514724,0,0,0,0.5982548,-0.05692102,-2.598903,-0.1031075,0.04440257,1.00543,0.9234141,0.03961526,0.3817553,0.02903667,0.9845974,-0.1724088,-0.3827052,0.1702896,0.9080409,moving,-8.26172884396103,-0.8932765201340352,-5.855250831261268,2.528697019843418,-0.47870519999999994,0.21084818,0.8659539999999999,-0.14367809366378895,-0.015428229377357064,0.9895041300156554,-8.31535991504571,-0.7973881731822325,4.164739975647066,4.183424354988772,4.137025430835929
05/17/2023 16:15:32.797551,1547,True,True,True,True,Eyes,1.080549,-0.2694549,-3.445414,-0.5107264,0.1505001,0.8464681,0.0,0.0,0.0,0.0,0.0,0.0,0.0,0.3368816,-0.3718615,3.603794,1.07703,-0.2676424,-3.465181,-0.08860797,-0.1953932,0.002373954,0.9767112,350.0865,337.1762,2.284374,0.2984371,-0.07499843,-0.9514776,0,0,0,0.5992597,-0.05383462,-2.598411,-0.1024196,0.04528764,1.006343,0.9236317,0.03926414,0.3812648,0.02998946,0.984286,-0.1740165,-0.3821062,0.1721611,0.9079402,moving,-8.227299296133642,-0.8383353245032621,-5.8112143880890805,2.5766971174379334,-0.4777703,0.21380778,0.8667699999999998,-0.14308550334784423,-0.014480639328215417,0.989604380492993,-8.281313036683136,-0.7419108623303381,4.165105443788762,4.183289717721156,4.136973079096337
05/17/2023 16:15:32.817494,1548,True,True,True,True,Eyes,1.080622,-0.2692851,-3.445706,-0.5096713,0.1533276,0.8465965,0.0,0.0,0.0,0.0,0.0,0.0,0.0,0.3342794,-0.3770763,3.603726,1.07708,-0.2676584,-3.465405,-0.08932927,-0.195039,0.002365954,0.9767163,350.0042,337.2136,2.296768,0.2984352,-0.0749402,-0.9514828,0,0,0,0.6002594,-0.05076394,-2.597921,-0.1018377,0.04684396,1.007156,0.9239084,0.03946711,0.3805729,0.03022365,0.9840294,-0.1754216,-0.3814183,0.1735758,0.9079601,moving,-8.201727834390294,-0.7546784586801333,-5.773788905537168,2.6629720926960534,-0.47682060000000004,0.21689446,0.8674840000000001,-0.14264664588378434,-0.01303654848004486,0.9896877303470694,-8.256331365536184,-0.657337189157968,4.174608273888365,4.192281328055456,4.145777465429607
05/17/2023 16:15:32.827299,1549,True,True,True,True,Eyes,1.080683,-0.2691164,-3.446002,-0.5086046,0.1560958,0.8467323,0.0,0.0,0.0,0.0,0.0,0.0,0.0,0.3330812,-0.3834967,3.603474,1.077136,-0.2676073,-3.465718,-0.09022076,-0.1948743,0.002521634,0.9766668,349.9069,337.2258,2.333682,0.2984331,-0.07488251,-0.951488,0,0,0,0.6012029,-0.04786609,-2.597458,-0.1008574,0.04790218,1.008071,0.9240353,0.04008901,0.3801995,0.03023782,0.9837078,-0.177214,-0.3811096,0.1752484,0.9077685,moving,-8.151655074899194,-0.687595229068847,-5.713423721037461,2.720572016686183,-0.4759331000000001,0.21974121,0.8682599999999998,-0.1417837352957313,-0.011879280087011168,0.9898264397823965,-8.206723717095576,-0.5896294270304429,4.173495547643894,4.190534107961877,4.144149909007519
05/17/2023 16:15:32.847302,1550,True,True,True,True,Eyes,1.080746,-0.2689444,-3.446301,-0.5075592,0.158818,0.8468533,0.0,0.0,0.0,0.0,0.0,0.0,0.0,0.3315394,-0.3880511,3.603406,1.077374,-0.2674475,-3.465945,-0.09083016,-0.1946885,0.002573568,0.9766471,349.8389,337.2433,2.351951,0.2984306,-0.07482534,-0.9514933,0,0,0,0.6022065,-0.04478371,-2.596967,-0.1000933,0.04952694,1.008967,0.9241795,0.04039411,0.3798164,0.03034024,0.9834865,-0.1784201,-0.3807514,0.176416,0.9076926,moving,-8.10682629777663,-0.596100993330581,-5.66541895791633,2.8102096288461484,-0.4751675000000001,0.22266379,0.8689780000000003,-0.14101170419881434,-0.01029978249071363,0.9899543545583906,-8.162535517658286,-0.49719558995550595,4.174435880690586,4.190873638500421,4.144215292946774
05/17/2023 16:15:32.867326,1551,True,True,True,True,Eyes,1.080794,-0.2687699,-3.446603,-0.506449,0.161544,0.8470023,0.0,0.0,0.0,0.0,0.0,0.0,0.0,0.3298259,-0.3944175,3.603199,1.077463,-0.2672119,-3.466275,-0.09166174,-0.194455,0.002464108,0.9766163,349.7422,337.2666,2.356574,0.2984277,-0.07476854,-0.9514987,0,0,0,0.6031764,-0.04180454,-2.596491,-0.09932765,0.05043539,1.009887,0.9243624,0.04046115,0.3793642,0.03083519,0.9831841,-0.179995,-0.3802676,0.1780783,0.9075708,moving,-8.064621409766298,-0.5350053961387077,-5.617271676524687,2.8590684719685164,-0.4742866000000001,0.22540736,0.8697840000000001,-0.14028389323372384,-0.009245134512707573,0.990068132266321,-8.120755126786749,-0.4355184865665044,4.168510778631213,4.184406545612665,4.137841540354715
05/17/2023 16:15:32.878176,1552,True,True,True,True,Eyes,1.080843,-0.268598,-3.446908,-0.5053607,0.1642246,0.8471368,0.0,0.0,0.0,0.0,0.0,0.0,0.0,0.327709,-0.4033622,3.602649,1.07761,-0.2669646,-3.466505,-0.09281993,-0.1941765,0.002056166,0.9765632,349.6017,337.2959,2.334406,0.298424,-0.07471202,-0.9515043,0,0,0,0.6041773,-0.03873048,-2.596,-0.09877616,0.0506268,1.010786,0.9245825,0.04006284,0.3788695,0.03203094,0.9827605,-0.1820876,-0.3796329,0.1804905,0.90736,moving,-8.031629261467081,-0.5234867083261795,-5.581344020802228,2.867352719356987,-0.47343269999999993,0.22823411999999998,0.8705050000000001,-0.13971401831997113,-0.009046828001310625,0.990150525047526,-8.087836378555167,-0.42398384605323347,4.167847701657155,4.183502095726824,4.137076301723264
05/17/2023 16:15:32.897257,1553,True,True,True,True,Eyes,1.080883,-0.2684248,-3.44721,-0.5042434,0.1669233,0.8472751,0.0,0.0,0.0,0.0,0.0,0.0,0.0,0.3255441,-0.4099442,3.602461,1.077675,-0.2668795,-3.466865,-0.09373289,-0.1938816,0.002242863,0.9765342,349.5022,337.3229,2.373865,0.2984197,-0.07465579,-0.9515101,0,0,0,0.6051193,-0.03583714,-2.595539,-0.09804097,0.051606,1.011743,0.9248098,0.04072663,0.3782435,0.0319657,0.9824182,-0.1839365,-0.3790845,0.1821971,0.9072481,moving,-7.993403199532381,-0.46140834486724763,-5.534853788468046,2.919956684630198,-0.4725556999999999,0.23104236,0.8713259999999998,-0.13905465503070655,-0.00797476999995654,0.9902525413066097,-8.05004287610125,-0.36129719311691383,4.165537017404352,4.180681125050444,4.134344344243668
05/17/2023 16:15:32.917502,1554,True,True,True,True,Eyes,1.080924,-0.2682537,-3.447512,-0.5031556,0.1695954,0.8473912,0.0,0.0,0.0,0.0,0.0,0.0,0.0,0.3233893,-0.4203914,3.601581,1.077699,-0.2666897,-3.467007,-0.0951644,-0.193597,0.002354713,0.9764521,349.3427,337.3458,2.417055,0.2984145,-0.07459983,-0.9515161,0,0,0,0.6061491,-0.03267398,-2.595034,-0.09721687,0.05171928,1.012587,0.9250293,0.04144561,0.3776281,0.03224855,0.9818764,-0.1867587,-0.3785245,0.1849352,0.9069279,moving,-7.955871028480928,-0.4606234947433314,-5.484068021511639,2.9239202261998627,-0.47154989999999997,0.23401571999999998,0.8719730000000001,-0.138405972478969,-0.00796193630217193,0.990343575584974,-8.012506358234585,-0.3606432905135518,4.176152994515411,4.191055511949038,4.145040158784362
05/17/2023 16:15:32.927794,1555,True,True,True,True,Eyes,1.080969,-0.2680877,-3.447813,-0.5020665,0.1722293,0.8475059,0.0,0.0,0.0,0.0,0.0,0.0,0.0,0.3223699,-0.4282258,3.60106,1.077768,-0.2665901,-3.467315,-0.09621492,-0.1934564,0.002225055,0.9763771,349.2209,337.3566,2.425393,0.2984086,-0.07454415,-0.9515224,0,0,0,0.607169,-0.02954141,-2.594534,-0.096176,0.05245025,1.013609,0.9251393,0.04157177,0.3773447,0.0328818,0.9814755,-0.188745,-0.378201,0.1870232,0.9066346,moving,-7.9045701111309175,-0.42994148585173614,-5.420266102772829,2.962187575723891,-0.4705990000000001,0.23704869,0.8727810000000003,-0.13751975021257154,-0.007432530272102791,0.9904711144353359,-7.961410645829099,-0.3297819077960126,4.1900375639520355,4.204557762277742,4.158663086754078
05/17/2023 16:15:32.947542,1556,True,True,True,True,Eyes,1.081013,-0.2679195,-3.44811,-0.5009878,0.1748368,0.8476104,0.0,0.0,0.0,0.0,0.0,0.0,0.0,0.3195324,-0.4350048,3.600767,1.077957,-0.2665568,-3.467537,-0.09715378,-0.193092,0.002292329,0.9763561,349.1156,337.3926,2.450992,0.2984021,-0.07448888,-0.9515287,0,0,0,0.6080578,-0.02681156,-2.594099,-0.09584212,0.05321375,1.014475,0.9254205,0.0419955,0.3766077,0.03304298,0.9811118,-0.1905986,-0.3774986,0.1888281,0.9065532,moving,-7.878237420502525,-0.3802015133121927,-5.396977083502839,3.002667934169286,-0.4698992000000001,0.23974523999999997,0.8734380000000002,-0.13706535613031473,-0.00657309189258197,0.9905402340052026,-7.935425679383655,-0.27953847159427775,4.181099924161847,4.195290044641901,4.149289115494925
05/17/2023 16:15:32.967238,1557,True,True,True,True,Eyes,1.081032,-0.2677582,-3.448418,-0.4998789,0.1773978,0.8477329,0.0,0.0,0.0,0.0,0.0,0.0,0.0,0.3165079,-0.4427344,3.600299,1.077944,-0.2663593,-3.46777,-0.09819262,-0.1926764,0.002258268,0.9763344,348.9966,337.435,2.466755,0.2983952,-0.07443391,-0.9515351,0,0,0,0.6090549,-0.02374898,-2.59361,-0.09531987,0.05388474,1.015324,0.9257415,0.04224844,0.3757896,0.03342914,0.9807062,-0.1926079,-0.3766766,0.1908675,0.906468,moving,-7.8567592542935225,-0.3479285910792359,-5.363278594029313,3.037921356215089,-0.46888910000000006,0.24261032000000002,0.8741599999999998,-0.13669450029212218,-0.0060154613681807495,0.9905949685249137,-7.914171964229402,-0.24695532310700596,4.191001565011954,4.2049287352706255,4.159022936277813
05/17/2023 16:15:32.977782,1558,True,True,True,True,Eyes,1.081051,-0.2675925,-3.448723,-0.4987954,0.179939,0.8478355,0.0,0.0,0.0,0.0,0.0,0.0,0.0,0.3147162,-0.4501758,3.599841,1.078021,-0.2663453,-3.468067,-0.0992225,-0.1924367,0.002321485,0.9762774,348.8812,337.4555,2.495342,0.2983871,-0.0743794,-0.9515419,0,0,0,0.6100869,-0.02057944,-2.593104,-0.09441453,0.05488086,1.016365,0.9259255,0.04272092,0.3752825,0.03365527,0.9802991,-0.1946308,-0.3762038,0.1928439,0.9062461,moving,-7.815542690577827,-0.31276369883515825,-5.307221172735417,3.0908098069395353,-0.4679340999999999,0.24576586,0.8749630000000002,-0.13598233538591822,-0.005408024316106541,0.9906964659159726,-7.873195245062838,-0.21151906487244743,4.214373769366813,4.228000644049464,4.182056780755084
05/17/2023 16:15:32.997566,1559,True,True,True,True,Eyes,1.081065,-0.2674294,-3.449022,-0.4976834,0.1824751,0.8479469,0.0,0.0,0.0,0.0,0.0,0.0,0.0,0.3131058,-0.4584269,3.599138,1.078039,-0.2660994,-3.468287,-0.1003285,-0.1922189,0.002321887,0.9762074,348.7559,337.4735,2.518782,0.2983781,-0.07432519,-0.951549,0,0,0,0.6109998,-0.01777535,-2.592657,-0.09361035,0.05512327,1.01721,0.926093,0.04310334,0.3748251,0.03403676,0.9798576,-0.1967754,-0.3757568,0.1949902,0.9059722,moving,-7.770519998210711,-0.28884823182070274,-5.257924662127865,3.1018615108107346,-0.4670392,0.24832405,0.8756300000000001,-0.13520409659610974,-0.004995040342192877,0.9908051149498521,-7.828331168091702,-0.18748262597510712,4.206942505674581,4.220195242128144,4.174538831548776
05/17/2023 16:15:33.017420,1560,True,True,True,True,Eyes,1.081079,-0.2672704,-3.44932,-0.4966062,0.1849876,0.8480342,0.0,0.0,0.0,0.0,0.0,0.0,0.0,0.3116394,-0.4669523,3.598269,1.078155,-0.266004,-3.46836,-0.1014955,-0.1920399,0.002317647,0.9761219,348.6236,337.4864,2.543561,0.298368,-0.07427134,-0.9515563,0,0,0,0.6119798,-0.01476543,-2.592176,-0.09277853,0.05560572,1.018057,0.9262306,0.04350699,0.3744383,0.03445777,0.9793866,-0.1990342,-0.3753792,0.1972538,0.9056387,moving,-7.72327086451584,-0.273219539056467,-5.207149270688324,3.126357865851438,-0.4661752,0.25123857,0.8761840000000003,-0.13438717403180908,-0.004725306687592093,0.9909177026041528,-7.781180966115705,-0.17184158732083626,4.216407097284271,4.2294201029083744,4.183749371314042
05/17/2023 16:15:33.027337,1561,True,True,True,True,Eyes,1.081085,-0.2671099,-3.449617,-0.4955168,0.1874738,0.8481253,0.0,0.0,0.0,0.0,0.0,0.0,0.0,0.3110652,-0.4745664,3.597564,1.078171,-0.2659651,-3.46861,-0.1025359,-0.1919586,0.002289132,0.9760293,348.5053,337.4889,2.563751,0.2983571,-0.07421792,-0.9515639,0,0,0,0.6130148,-0.0115866,-2.591669,-0.0915302,0.05649874,1.019085,0.9262933,0.04383381,0.374245,0.03489676,0.9789622,-0.2010348,-0.3751839,0.1992772,0.9052766,moving,-7.66442343945527,-0.24656610288055178,-5.132310108116553,3.17326702315703,-0.4651562,0.2543785,0.876941,-0.13336960725415486,-0.004264931927018295,0.991057116156935,-7.722508018498535,-0.14508577427798086,4.242538276451537,4.255215215789589,4.209583174518819
05/17/2023 16:15:33.047252,1562,True,True,True,True,Eyes,1.081094,-0.2669511,-3.449911,-0.4944545,0.1899414,0.8481963,0.0,0.0,0.0,0.0,0.0,0.0,0.0,0.3099854,-0.4806445,3.597024,1.078286,-0.2657674,-3.46877,-0.1033427,-0.1918247,0.00224171,0.9759706,348.4128,337.4994,2.575677,0.2983451,-0.07416487,-0.9515718,0,0,0,0.6139283,-0.008780801,-2.591221,-0.09069186,0.05734339,1.019926,0.9263965,0.04402306,0.3739672,0.03527168,0.9786305,-0.2025789,-0.3748939,0.2008588,0.9050472,moving,-7.614215431004764,-0.19564026839959409,-5.081378650592168,3.217957855850745,-0.4643577000000001,0.256986599,0.8775490000000001,-0.13250155068020097,-0.0033844532470415772,0.9911769952341815,-7.672649865276099,-0.09373146585663833,4.23838012569728,4.250636929931358,4.204993777826579
05/17/2023 16:15:33.067516,1563,True,True,True,True,Eyes,1.081102,-0.2667951,-3.450199,-0.4933791,0.1924014,0.8482682,0.0,0.0,0.0,0.0,0.0,0.0,0.0,0.3087723,-0.4884036,3.596319,1.078364,-0.2656686,-3.468997,-0.1043843,-0.1916634,0.002098916,0.9758918,348.2916,337.5125,2.581889,0.2983325,-0.07411218,-0.9515799,0,0,0,0.6149105,-0.00576374,-2.59074,-0.08977672,0.05795421,1.020909,0.9265215,0.04410992,0.3736472,0.03591667,0.978199,-0.2045402,-0.3745236,0.202931,0.9047382,moving,-7.567091026637006,-0.17446896602303769,-5.025549878825332,3.249037563327015,-0.4634535000000001,0.25990485999999996,0.8782570000000001,-0.13168645559338024,-0.003018535368999875,0.9912869110542561,-7.6256639505724495,-0.07248026881067865,4.251794538317514,4.263780993733417,4.2181837199565
05/17/2023 16:15:33.087712,1564,True,True,True,True,Eyes,1.081111,-0.2666383,-3.450483,-0.4923174,0.1948253,0.8483317,0.0,0.0,0.0,0.0,0.0,0.0,0.0,0.30653,-0.4929022,3.596028,1.078454,-0.2655847,-3.469111,-0.1049832,-0.1913671,0.00197481,0.975886,348.2204,337.5446,2.578169,0.298319,-0.07405993,-0.9515882,0,0,0,0.6159207,-0.002661071,-2.590245,-0.08917797,0.05957697,1.021748,0.9267495,0.04403504,0.3730902,0.03632629,0.9779493,-0.2056591,-0.3739195,0.2041475,0.9047143,moving,-7.537306498291145,-0.10529654512588124,-4.9881241849091245,3.337073576421597,-0.46253330000000004,0.262923629,0.8788659999999999,-0.1311714971488661,-0.001821891459967362,0.9913580141074029,-7.59636480661006,-0.002582110792847203,4.27179960017164,4.2834848570506825,4.2374779350262886
05/17/2023 16:15:33.097732,1565,True,True,True,True,Eyes,1.081109,-0.2664856,-3.450766,-0.4912249,0.1972728,0.8483993,0.0,0.0,0.0,0.0,0.0,0.0,0.0,0.3039989,-0.4988897,3.595572,1.078462,-0.2654249,-3.469282,-0.1057785,-0.1910207,0.001858189,0.9758682,348.1271,337.5812,2.579248,0.2983051,-0.07400805,-0.9515966,0,0,0,0.616874,0.0002669447,-2.589777,-0.08864576,0.06056534,1.022574,0.9270152,0.04403844,0.3724289,0.03678505,0.9776149,-0.2071615,-0.3732151,0.2057417,0.904644,moving,-7.511032004849254,-0.055981352685324406,-4.95451878326647,3.3895729255471445,-0.461588,0.2656918447,0.879505,-0.1307170150669913,-0.0009686752485237732,0.9914191625546579,-7.570435023620612,0.047231621984727065,4.2790121296631165,4.290408388064434,4.244321284498603
05/17/2023 16:15:33.117936,1566,True,True,True,True,Eyes,1.081108,-0.266337,-3.451044,-0.4901491,0.1996753,0.8484595,0.0,0.0,0.0,0.0,0.0,0.0,0.0,0.3013476,-0.5054337,3.595011,1.078557,-0.2653662,-3.46939,-0.1066614,-0.1906708,0.001699919,0.9758409,348.0229,337.618,2.577524,0.2982904,-0.07395662,-0.9516052,0,0,0,0.6178852,0.003372674,-2.589282,-0.08815622,0.06163143,1.023455,0.9272835,0.04399212,0.371766,0.03735673,0.9772409,-0.2088174,-0.3724912,0.2075209,0.9045361,moving,-7.486622466199514,-0.020370280106696722,-4.92307226475729,3.4461325936528935,-0.46067179999999996,0.268738874,0.8801080000000003,-0.13029468878559464,-0.0003524976608361985,0.9914751931444445,-7.546272964078483,0.08318235306567019,4.30019056577079,4.311430366954564,4.2650458648864324
05/17/2023 16:15:33.127455,1567,True,True,True,True,Eyes,1.081107,-0.2661901,-3.45132,-0.4890581,0.2020737,0.8485214,0.0,0.0,0.0,0.0,0.0,0.0,0.0,0.2990247,-0.5104492,3.594671,1.078565,-0.2653328,-3.469572,-0.1073409,-0.1903509,0.001605899,0.9758288,347.9432,337.6519,2.578694,0.298275,-0.07390573,-0.951614,0,0,0,0.6188872,0.0064506,-2.588791,-0.08749932,0.06311923,1.024356,0.9275278,0.04399904,0.3711551,0.03773071,0.9769507,-0.210104,-0.3718447,0.2088813,0.9044889,moving,-7.457516021108095,0.03962532204945415,-4.882288739916096,3.5260191230066504,-0.4596778,0.27178339999999995,0.8807809999999998,-0.1297909952280157,0.0006857424216259039,0.9915412240448263,-7.517586642213659,0.14379516298808684,4.323405685531657,4.3343669993608405,4.287683984341382
05/17/2023 16:15:33.147144,1568,True,True,True,True,Eyes,1.081106,-0.2660433,-3.451593,-0.4879852,0.2044375,0.8485727,0.0,0.0,0.0,0.0,0.0,0.0,0.0,0.2970281,-0.5145183,3.59445,1.078646,-0.2652323,-3.469755,-0.1078777,-0.1900832,0.001499695,0.975822,347.8795,337.6809,2.575748,0.298259,-0.07385536,-0.9516228,0,0,0,0.6197792,0.009190166,-2.588353,-0.08695519,0.06448661,1.02519,0.9277322,0.04393835,0.3706512,0.0380846,0.9767203,-0.2111089,-0.3712984,0.2099687,0.9044616,moving,-7.4241037845825515,0.11279900942652601,-4.848144386085612,3.599283127376654,-0.4588668,0.274422466,0.881402,-0.12921251734659056,0.0019522088427423173,0.9916149395063444,-7.484687362386407,0.21772943969883057,4.324276287538188,4.334874661097273,4.287920732537921
05/17/2023 16:15:33.167310,1569,True,True,True,True,Eyes,1.081117,-0.2659007,-3.451857,-0.4868862,0.2068312,0.8486241,0.0,0.0,0.0,0.0,0.0,0.0,0.0,0.2949673,-0.5203829,3.593955,1.078647,-0.2651035,-3.469951,-0.1086554,-0.1897969,0.001353154,0.9757916,347.7876,337.7108,2.573551,0.2982426,-0.07380548,-0.9516318,0,0,0,0.6207621,0.01220911,-2.587872,-0.08625844,0.06558949,1.0261,0.9279506,0.0438857,0.3701103,0.03860411,0.9763843,-0.2125637,-0.3706985,0.2115364,0.9043423,moving,-7.391315063041745,0.15970638440306262,-4.805235060800783,3.6574360979534957,-0.45788489999999993,0.27731261,0.8820790000000001,-0.12864479694122583,0.0027642376573210753,0.9916869744807655,-7.452224455052672,0.26508183682777225,4.339610702064434,4.349933669269476,4.302861871622169
05/17/2023 16:15:33.177663,1570,True,True,True,True,Eyes,1.081128,-0.2657589,-3.452118,-0.4858162,0.2091804,0.8486614,0.0,0.0,0.0,0.0,0.0,0.0,0.0,0.2930331,-0.5260057,3.593457,1.078722,-0.2650939,-3.470096,-0.1094285,-0.189542,0.001316744,0.975755,347.6988,337.7357,2.584192,0.2982262,-0.07375616,-0.9516408,0,0,0,0.6217536,0.0152545,-2.587386,-0.08552796,0.06690718,1.027035,0.9281442,0.04405222,0.3696048,0.03891294,0.9760473,-0.2140499,-0.3701812,0.2130516,0.9041985,moving,-7.3554294079634595,0.2085283254152655,-4.760412245128135,3.727321544697583,-0.45696839999999994,0.2803484,0.8827099999999999,-0.12802329860574135,0.003609548969177409,0.9917645879677817,-7.416677446649911,0.31436038310733294,4.3621089005497105,4.372187072333149,4.324817766257786
05/17/2023 16:15:33.197643,1571,True,True,True,True,Eyes,1.08116,-0.2656159,-3.452365,-0.4846073,0.2116449,0.8487415,0.0,0.0,0.0,0.0,0.0,0.0,0.0,0.2918239,-0.531158,3.592957,1.078737,-0.2649865,-3.470265,-0.1101267,-0.1893783,0.001327147,0.9757081,347.6197,337.7497,2.599583,0.2982097,-0.07370737,-0.9516497,0,0,0,0.6227127,0.01820013,-2.586916,-0.08457905,0.06819811,1.027937,0.9282682,0.04430101,0.3692635,0.03912137,0.9757408,-0.2154056,-0.3698481,0.2144002,0.904016,moving,-7.299825846541384,0.27312607387969756,-4.703722944030703,3.795705302454274,-0.45602430000000005,0.28318663,0.8833489999999999,-0.1270601690614433,0.004728295123166512,0.9918837075962362,-7.36151980675146,0.37953188595311993,4.366196478110161,4.375878734838231,4.328293540773021
05/17/2023 16:15:33.217290,1572,True,True,True,True,Eyes,1.081193,-0.2654769,-3.45261,-0.4834344,0.2140625,0.8488042,0.0,0.0,0.0,0.0,0.0,0.0,0.0,0.2900444,-0.5377647,3.592202,1.078877,-0.2648611,-3.470318,-0.1110245,-0.1891596,0.001307845,0.9756487,347.5172,337.769,2.615511,0.2981938,-0.07365905,-0.9516584,0,0,0,0.6237515,0.02139098,-2.586406,-0.0837993,0.06930955,1.02886,0.9284338,0.04455468,0.3688163,0.03945069,0.9753437,-0.2171365,-0.3693971,0.216147,0.9037844,moving,-7.252855793149544,0.31225236188936645,-4.656387727459377,3.853929450678745,-0.45512550000000007,0.28625208,0.8839119999999996,-0.12624657755350502,0.005406200750260506,0.9919842325343305,-7.314816322703454,0.41895595487247894,4.3820211466697,4.391483008893971,4.343533758692675
05/17/2023 16:15:33.229473,1573,True,True,True,True,Eyes,1.081248,-0.2653354,-3.452844,-0.4821237,0.2165522,0.8489181,0.0,0.0,0.0,0.0,0.0,0.0,0.0,0.2892722,-0.5427219,3.591731,1.078954,-0.2648329,-3.470516,-0.1116907,-0.1890565,0.001193972,0.975593,347.4391,337.7776,2.616696,0.2981785,-0.07361126,-0.951667,0,0,0,0.6247413,0.02443085,-2.585921,-0.08277518,0.07074341,1.029871,0.9285124,0.04456137,0.3686176,0.03990205,0.9750475,-0.2183808,-0.3691511,0.2174779,0.9035656,moving,-7.185637069583975,0.37673764857961134,-4.5952311208231995,3.9295616747147735,-0.4542126999999999,0.28926375,0.884595,-0.12508186783352176,0.006523625851222958,0.9921250055205595,-7.248039641399637,0.48397017052869873,4.387807454127456,4.396903630972423,4.348504784470427
05/17/2023 16:15:33.252159,1574,True,True,True,True,Eyes,1.081303,-0.2651936,-3.453075,-0.4808403,0.2190143,0.8490144,0.0,0.0,0.0,0.0,0.0,0.0,0.0,0.2870407,-0.5476174,3.591303,1.079081,-0.2646728,-3.470629,-0.1123236,-0.1887631,0.0009724623,0.9755772,347.3618,337.8102,2.602272,0.2981643,-0.07356389,-0.9516751,0,0,0,0.6257063,0.02739504,-2.585448,-0.08230144,0.07201035,1.030746,0.9287351,0.04430254,0.3680875,0.0405077,0.9747649,-0.2195279,-0.3685244,0.2187937,0.9035037,moving,-7.143935194642933,0.44044338931093685,-4.565181048904408,3.996325232299519,-0.4533746999999999,0.29206783999999997,0.8851810000000002,-0.12435876332088625,0.007627439433179686,0.9922080574501163,-7.206781010057051,0.5482908902367286,4.383693559026565,4.392524174715434,4.343614989706849
05/17/2023 16:15:33.267678,1575,True,True,True,True,Eyes,1.081339,-0.2650543,-3.453312,-0.4793901,0.221589,0.8491663,0.0,0.0,0.0,0.0,0.0,0.0,0.0,0.2852497,-0.5543714,3.590577,1.079129,-0.2645405,-3.470798,-0.1132101,-0.1885162,0.0006947093,0.9755228,347.2548,337.8362,2.587886,0.2981513,-0.07351689,-0.9516828,0,0,0,0.6266557,0.03031098,-2.584983,-0.0816609,0.07270433,1.031689,0.9289223,0.04403928,0.3676465,0.04132846,0.9743659,-0.2211399,-0.367961,0.2206161,0.9032903,moving,-7.086571772625072,0.4798975449364752,-4.525676172912558,4.03103642376763,-0.45247329999999997,0.29485148,0.885815,-0.12336463959274083,0.008311715617205867,0.9923265788218879,-7.149683741852045,0.588007902638928,4.3696377387305425,4.378215802056028,4.32895612349645
05/17/2023 16:15:33.277186,1576,True,True,True,True,Eyes,1.081374,-0.2649166,-3.45355,-0.4779692,0.2241237,0.8493021,0.0,0.0,0.0,0.0,0.0,0.0,0.0,0.2830124,-0.5610157,3.589926,1.079191,-0.2644584,-3.470995,-0.1140839,-0.1882072,0.0003808803,0.975481,347.1482,337.87,2.568192,0.2981386,-0.07347029,-0.9516904,0,0,0,0.6276479,0.03335831,-2.584497,-0.08111155,0.07357141,1.032702,0.9291558,0.0436859,0.3670981,0.04219974,0.9739695,-0.2227167,-0.3672719,0.22243,0.9031258,moving,-7.038982530139483,0.5176084703308087,-4.490964663011266,4.074962053131723,-0.4515431,0.29781671,0.886498,-0.12253969460041889,0.008965766789942889,0.992423137773321,-7.102350811572781,0.6259971618269156,4.367360590962868,4.375746743616583,4.3260485940812226
05/17/2023 16:15:33.297398,1577,True,True,True,True,Eyes,1.081417,-0.2647765,-3.453779,-0.4764693,0.2267323,0.8494525,0.0,0.0,0.0,0.0,0.0,0.0,0.0,0.2805358,-0.5671692,3.589376,1.07922,-0.2643782,-3.471223,-0.1149205,-0.18787,0.0003460182,0.9754476,347.0519,337.9041,2.579149,0.2981264,-0.07342411,-0.9516978,0,0,0,0.628598,0.03627672,-2.584031,-0.08052814,0.07453783,1.033694,0.9294095,0.04385525,0.3664352,0.04250517,0.9735864,-0.2243278,-0.3665942,0.2240677,0.9029963,moving,-6.986092762917561,0.573511103921636,-4.454531567708152,4.124357986858661,-0.4506220000000001,0.30065492,0.8871920000000002,-0.1216224238336526,0.009935184246521608,0.9925267540962536,-7.04984567913082,0.6823784681851447,4.352781442107626,4.360884734908008,4.310786279081532
05/17/2023 16:15:33.317339,1578,True,True,True,True,Eyes,1.081461,-0.2646414,-3.454006,-0.4749906,0.2293039,0.8495903,0.0,0.0,0.0,0.0,0.0,0.0,0.0,0.2775996,-0.5754386,3.58838,1.079386,-0.2642131,-3.471279,-0.1160108,-0.1874873,9.018279e-06,0.9753923,346.9202,337.9453,2.560704,0.2981147,-0.07337824,-0.951705,0,0,0,0.6295748,0.03927704,-2.583552,-0.08029899,0.07485528,1.034623,0.929697,0.04351869,0.3657452,0.04348351,0.973083,-0.2263155,-0.3657494,0.2263087,0.90278,moving,-6.943531248692937,0.5888643475793448,-4.4379341027686126,4.138156159346931,-0.44981119999999997,0.30349013999999996,0.8877269999999999,-0.12088477512714219,0.010202071773031882,0.9926141321639835,-7.007382374293791,0.6977582651967845,4.336569093519529,4.344593125109019,4.293996051478913
05/17/2023 16:15:33.337503,1579,True,True,True,True,Eyes,1.081502,-0.2645102,-3.454228,-0.4734392,0.2318876,0.8497549,0.0,0.0,0.0,0.0,0.0,0.0,0.0,0.2741476,-0.5817906,3.587779,1.079436,-0.2642185,-3.471427,-0.1168844,-0.1870222,-8.35827e-05,0.9753771,346.8181,337.995,2.564019,0.2981036,-0.07333279,-0.951712,0,0,0,0.6305537,0.04228347,-2.583072,-0.08001101,0.07590054,1.035591,0.9300454,0.04355689,0.3648539,0.04388299,0.9726761,-0.2279814,-0.3648148,0.228044,0.9027215,moving,-6.903097853769992,0.6375900361159218,-4.41796428728622,4.19182746708148,-0.44888230000000007,0.30650197,0.8883549999999998,-0.12018317608682894,0.011047157944697433,0.9926902284657773,-6.96728573479602,0.7469223762775501,4.329008524332571,4.3368758984943305,4.285605082993566
05/17/2023 16:15:33.357584,1580,True,True,True,True,Eyes,1.081562,-0.2643747,-3.454445,-0.4719228,0.2344419,0.8498976,0.0,0.0,0.0,0.0,0.0,0.0,0.0,0.2704272,-0.58647,3.58739,1.079507,-0.2642017,-3.471499,-0.1175511,-0.1865351,5.30564e-05,0.9753904,346.7443,338.046,2.588447,0.298093,-0.07328784,-0.9517188,0,0,0,0.6315272,0.04527342,-2.582595,-0.07974976,0.07746485,1.03646,0.9304093,0.0439583,0.3638766,0.0437513,0.9723635,-0.2293362,-0.3639016,0.2292966,0.9027728,moving,-6.864807228211433,0.7158004295400229,-4.399918084887253,4.274330098158377,-0.44797980000000004,0.30947512,0.8889040000000001,-0.11951784461926515,0.012403202339582767,0.9927546068946236,-6.929542690721414,0.825936063056227,4.321189070790049,4.328834934634775,4.276730301032522
05/17/2023 16:15:33.367635,1581,True,True,True,True,Eyes,1.081624,-0.2642331,-3.45466,-0.4704258,0.2369595,0.8500293,0.0,0.0,0.0,0.0,0.0,0.0,0.0,0.2676479,-0.5900978,3.587239,1.079614,-0.2641011,-3.471717,-0.1180768,-0.1861805,0.0003917046,0.9753946,346.6913,338.0797,2.634573,0.2980834,-0.07324322,-0.9517252,0,0,0,0.6326047,0.04858295,-2.582067,-0.07899556,0.07959852,1.03754,0.9306734,0.04473132,0.3631063,0.04320306,0.9721155,-0.2304888,-0.3632914,0.2301971,0.9027894,moving,-6.809809869623995,0.8139790882227157,-4.353949417164166,4.387053140257102,-0.44700930000000005,0.31268405,0.88965,-0.11856218222066017,0.014105936453834914,0.9928464535406344,-6.875230883070298,0.9250971733020847,4.328368973319617,4.3356785793319155,4.282756045755725
05/17/2023 16:15:33.377395,1582,True,True,True,True,Eyes,1.081694,-0.264092,-3.454875,-0.4689363,0.2394523,0.8501537,0.0,0.0,0.0,0.0,0.0,0.0,0.0,0.2643496,-0.5965177,3.586573,1.079784,-0.2638018,-3.471843,-0.1188879,-0.1857427,2.717561e-05,0.9753796,346.5904,338.13,2.605417,0.2980747,-0.07319873,-0.9517314,0,0,0,0.6335895,0.05160774,-2.581584,-0.07888994,0.08033134,1.038488,0.9309993,0.04421813,0.3623329,0.04411209,0.9717314,-0.2319317,-0.3623458,0.2319115,0.9027306,moving,-6.774707184607757,0.8551187571334204,-4.344196289873376,4.423257019508421,-0.44619450000000005,0.31540954,0.8902589999999999,-0.11795266242176514,0.014819901772591265,0.9929086116031713,-6.840412269121676,0.9666033990686821,4.31010004026721,4.317290107098087,4.26374817112288
05/17/2023 16:15:33.403028,1583,True,True,True,True,Eyes,1.081751,-0.2639569,-3.455085,-0.4673736,0.2419664,0.8503024,0.0,0.0,0.0,0.0,0.0,0.0,0.0,0.2597957,-0.6034276,3.585999,1.080041,-0.2636879,-3.47203,-0.1197897,-0.1851415,-0.0003550357,0.9753836,346.4783,338.1994,2.57392,0.298067,-0.07315437,-0.9517372,0,0,0,0.6344473,0.05424254,-2.581164,-0.07933611,0.08067071,1.039458,0.931445,0.04366348,0.3612529,0.04504867,0.9713007,-0.2335503,-0.3610828,0.2338132,0.9027461,moving,-6.75403783175598,0.8873536052931975,-4.364609491469956,4.437740514588456,-0.4455937,0.31793044,0.8908660000000004,-0.1175934726612663,0.015379173871384072,0.9929427215857811,-6.819967310099205,0.9991510392778575,4.272387605571413,4.2795578041495315,4.225243140603935
05/17/2023 16:15:33.417311,1584,True,True,True,True,Eyes,1.081807,-0.2638227,-3.455295,-0.4658369,0.2444372,0.850439,0.0,0.0,0.0,0.0,0.0,0.0,0.0,0.2551614,-0.6109372,3.585071,1.079953,-0.2636499,-3.472071,-0.1208118,-0.1845004,-0.0005667908,0.9753788,346.3563,338.2704,2.564062,0.2980599,-0.0731103,-0.9517428,0,0,0,0.635433,0.0572699,-2.580681,-0.07935783,0.08135207,1.040311,0.9319186,0.04347399,0.3600525,0.04568533,0.9708084,-0.2354654,-0.3597786,0.2358837,0.9027282,moving,-6.736724113960203,0.9099204252397005,-4.362233878038602,4.471416454989226,-0.4445199999999999,0.3209198,0.8913900000000003,-0.11729270651768703,0.015770823714713472,0.992972183388621,-6.802809931494751,1.0219261963069683,4.273311984351767,4.280474021695338,4.225564402236391
05/17/2023 16:15:33.427798,1585,True,True,True,True,Eyes,1.081876,-0.2636881,-3.455504,-0.4642902,0.2469,0.8505734,0.0,0.0,0.0,0.0,0.0,0.0,0.0,0.2520511,-0.6164357,3.584539,1.079956,-0.2635525,-3.472272,-0.1215486,-0.1840713,-0.0006848554,0.9753683,346.2691,338.3173,2.561308,0.2980534,-0.07306655,-0.9517482,0,0,0,0.6363853,0.06019502,-2.580214,-0.07899418,0.08244963,1.041296,0.9322346,0.04341125,0.359241,0.04608319,0.9704509,-0.2368572,-0.3589081,0.2373615,0.9026874,moving,-6.693875739616063,0.9659873534966856,-4.338229099034681,4.527224223335403,-0.4435706999999999,0.32374752,0.892058,-0.1165482430368526,0.016743969457603855,0.9930439341415997,-6.7603500238682965,1.0785113609856936,4.262859005160137,4.269833619519737,4.214295929506276
05/17/2023 16:15:33.447097,1586,True,True,True,True,Eyes,1.081944,-0.2635591,-3.455713,-0.4627706,0.2493055,0.8506998,0.0,0.0,0.0,0.0,0.0,0.0,0.0,0.2493426,-0.6213028,3.584165,1.080183,-0.2634396,-3.472497,-0.1221831,-0.1837191,-0.0008822498,0.9753553,346.192,338.3568,2.548126,0.2980478,-0.07302304,-0.9517533,0,0,0,0.6374047,0.06332608,-2.579715,-0.07862955,0.0838685,1.042436,0.932493,0.04317373,0.3585984,0.04661576,0.970141,-0.2380197,-0.3581673,0.2386681,0.9026371,moving,-6.645486089230596,1.0271521110960449,-4.313575542222164,4.599786524315463,-0.44277829999999985,0.32676568,0.892782,-0.11570738884419118,0.01780582180845547,0.9931237401005147,-6.7123837252391985,1.1402353182575444,4.259505062489509,4.2663243488709135,4.209842662884955
05/17/2023 16:15:33.467087,1587,True,True,True,True,Eyes,1.082021,-0.2634329,-3.45592,-0.4612536,0.2516783,0.850825,0.0,0.0,0.0,0.0,0.0,0.0,0.0,0.2463243,-0.6251918,3.583917,1.080228,-0.2634581,-3.472707,-0.1227143,-0.1833061,-0.0009720855,0.9753661,346.1288,338.403,2.544007,0.2980428,-0.0729799,-0.9517582,0,0,0,0.6383779,0.06631512,-2.579237,-0.07824406,0.08556175,1.043469,0.9327958,0.04309228,0.3578198,0.04688483,0.9698805,-0.2390263,-0.3573426,0.239739,0.9026802,moving,-6.602994250737538,1.1018636718514183,-4.288273419677487,4.687618147316856,-0.4418500999999999,0.32977322,0.8934700000000002,-0.11496808342297535,0.0191024535926122,0.9931855148408276,-6.670413404650114,1.215692105032352,4.261336163697346,4.267969972254227,4.21056544315591
05/17/2023 16:15:33.477380,1588,True,True,True,True,Eyes,1.082097,-0.2633136,-3.456128,-0.4597672,0.2539779,0.8509461,0.0,0.0,0.0,0.0,0.0,0.0,0.0,0.2431562,-0.6283276,3.583823,1.080363,-0.2634223,-3.472914,-0.1231368,-0.1828854,-0.00102893,0.9753919,346.0786,338.4505,2.541034,0.2980387,-0.07293718,-0.9517627,0,0,0,0.639347,0.06929166,-2.578763,-0.07796311,0.08742452,1.0445,0.9331038,0.04303262,0.3570232,0.04704705,0.9696725,-0.2398369,-0.3565164,0.2405896,0.9027805,moving,-6.563125373562799,1.1856482405630324,-4.268730591171523,4.784497541825013,-0.44101599999999996,0.33271396,0.8941509999999999,-0.1142736517183971,0.020556441051188076,0.9932365691232433,-6.631131440819928,1.3003415253092787,4.261560827762229,4.268016367196611,4.209546403336385
05/17/2023 16:15:33.497233,1589,True,True,True,True,Eyes,1.082172,-0.2631925,-3.45634,-0.4582847,0.2562679,0.8510593,0.0,0.0,0.0,0.0,0.0,0.0,0.0,0.2397943,-0.6308031,3.583835,1.080413,-0.2634816,-3.473121,-0.1235277,-0.1824456,-0.0006878654,0.975425,346.0406,338.4951,2.582801,0.2980354,-0.07289503,-0.951767,0,0,0,0.6402591,0.07209327,-2.578315,-0.07754099,0.0894939,1.045467,0.9334263,0.04373225,0.356094,0.04641609,0.9694809,-0.240733,-0.3557541,0.241235,0.902909,moving,-6.519359993326872,1.285939267379209,-4.241790205309547,4.892696778470404,-0.4401539000000001,0.33557486999999997,0.894806,-0.11351070621220591,0.02229694269997909,0.993286565328672,-6.588069650793591,1.4016826000253295,4.2594744929554516,4.265679767997362,4.2062105546923645
05/17/2023 16:15:33.507489,1590,True,True,True,True,Eyes,1.082247,-0.2630656,-3.456553,-0.4568326,0.2585136,0.8511608,0.0,0.0,0.0,0.0,0.0,0.0,0.0,0.2366682,-0.6347983,3.583617,1.080552,-0.2633378,-3.473378,-0.124083,-0.1820425,-0.00049272,0.97543,345.9807,338.536,2.612042,0.2980327,-0.07285332,-0.9517711,0,0,0,0.6412469,0.07512718,-2.577831,-0.07706919,0.09115061,1.046568,0.9337206,0.04421552,0.3552617,0.04613798,0.9692064,-0.2418891,-0.3550171,0.2422479,0.9029279,moving,-6.475031162599112,1.360355620347612,-4.211654895682828,4.977602815295587,-0.4393051,0.33846498,0.8955469999999996,-0.11273883705359822,0.023589100520335443,0.9933446140291919,-6.5442597461266026,1.4768337320407214,4.2609989630159895,4.267007076980174,4.20671244115722
05/17/2023 16:15:33.527865,1591,True,True,True,True,Eyes,1.082329,-0.2629392,-3.456765,-0.4553949,0.2607838,0.8512386,0.0,0.0,0.0,0.0,0.0,0.0,0.0,0.2343405,-0.6395205,3.583189,1.080615,-0.2630831,-3.473644,-0.1246839,-0.1817226,-0.0006352379,0.975413,345.9087,338.5712,2.604645,0.2980306,-0.07281186,-0.951775,0,0,0,0.6422188,0.07811236,-2.577355,-0.07651824,0.09237356,1.047642,0.933953,0.04407652,0.3546675,0.046555,0.9689071,-0.2430058,-0.3543507,0.2434675,0.9028617,moving,-6.427749500953961,1.4196004439515137,-4.177382245343929,5.038899769628475,-0.4383962000000001,0.34119546,0.8962890000000003,-0.11191628300182699,0.024618524862170615,0.9934125695052765,-6.497388038544917,1.536618664541317,4.256056068656097,4.261863488424698,4.200999859502101
05/17/2023 16:15:33.547440,1592,True,True,True,True,Eyes,1.082407,-0.262811,-3.45698,-0.4539928,0.2630298,0.8512966,0.0,0.0,0.0,0.0,0.0,0.0,0.0,0.2320287,-0.6445503,3.582657,1.080744,-0.2629999,-3.473837,-0.1253585,-0.1814185,-0.000727211,0.9753831,345.8294,338.6033,2.604936,0.2980292,-0.07277063,-0.9517785,0,0,0,0.6432093,0.08115465,-2.576869,-0.0759629,0.09370342,1.048751,0.9341736,0.0440661,0.3540874,0.04690333,0.9685694,-0.2442813,-0.3537227,0.244809,0.9027451,moving,-6.379894888583061,1.471056669365256,-4.142800433777337,5.105684885297668,-0.43753469999999994,0.34415455,0.8969680000000002,-0.11108404306949807,0.025513078823575938,0.9934834963378687,-6.449887687174136,1.5885185896815361,4.2622551148840655,4.2679168065667055,4.206317908314121
05/17/2023 16:15:33.567525,1593,True,True,True,True,Eyes,1.082484,-0.2626845,-3.457197,-0.4525532,0.265502,0.8512957,0.0,0.0,0.0,0.0,0.0,0.0,0.0,0.2304144,-0.651131,3.581841,1.080718,-0.2628464,-3.474134,-0.1262369,-0.1811867,-0.0008106915,0.9753128,345.7274,338.6249,2.611879,0.2980283,-0.07272957,-0.9517819,0,0,0,0.6442367,0.08431035,-2.576366,-0.07501078,0.09463131,1.049971,0.9343414,0.04416354,0.3536321,0.04732625,0.9681272,-0.2459471,-0.3532227,0.2465347,0.9024712,moving,-6.321436721671784,1.5132874983303826,-4.086314508056472,5.1500136264343865,-0.43648130000000007,0.34715675,0.8977679999999997,-0.11006825300316903,0.026248320868440853,0.9935774177210088,-6.391715184770784,1.6310417848486658,4.263249025434817,4.268670547211503,4.206903267495939
05/17/2023 16:15:33.577408,1594,True,True,True,True,Eyes,1.082563,-0.2625587,-3.457416,-0.4511681,0.2679333,0.8512691,0.0,0.0,0.0,0.0,0.0,0.0,0.0,0.2296174,-0.6571803,3.581031,1.080772,-0.2628043,-3.474372,-0.1271046,-0.1810985,-0.0004813023,0.9752166,345.6359,338.6236,2.668284,0.2980278,-0.07268868,-0.9517853,0,0,0,0.6451706,0.08717879,-2.575908,-0.07377857,0.09563106,1.051135,0.9344062,0.04509818,0.353343,0.04697568,0.9676884,-0.2477348,-0.3530982,0.2480835,0.9020954,moving,-6.242760766235571,1.5675326561437923,-4.014973604235773,5.198393374479725,-0.4356014,0.34998309,0.8984639999999997,-0.10870106325572512,0.02719309934663318,0.9937024718276136,-6.313405212775687,1.6856490623405236,4.25472477249467,4.259833939853293,4.19787570821263
05/17/2023 16:15:33.597752,1595,True,True,True,True,Eyes,1.082654,-0.2624298,-3.457631,-0.4497257,0.2705421,0.8512071,0.0,0.0,0.0,0.0,0.0,0.0,0.0,0.229822,-0.6630602,3.580235,1.080875,-0.2627115,-3.474657,-0.1278939,-0.1811309,-0.0005281227,0.9751074,345.5454,338.6138,2.681387,0.2980276,-0.07264798,-0.9517884,0,0,0,0.6461757,0.09026573,-2.575416,-0.0724121,0.09672485,1.052422,0.9343826,0.04530112,0.3533793,0.04736102,0.9672858,-0.2492292,-0.3531091,0.2496119,0.9016695,moving,-6.154156281151005,1.627987662247387,-3.936043773218378,5.251125779781787,-0.4346993,0.35297723,0.899241,-0.10716108937861132,0.02824632468498578,0.9938402317617706,-6.225208363742873,1.7465041928674903,4.243419551500691,4.248194077084742,4.1860060905326995
05/17/2023 16:15:33.617679,1596,True,True,True,True,Eyes,1.082744,-0.2622978,-3.457853,-0.4483029,0.2731415,0.8511276,0.0,0.0,0.0,0.0,0.0,0.0,0.0,0.2267257,-0.6672178,3.579872,1.081117,-0.2625523,-3.474812,-0.1284344,-0.1807343,-0.0006601039,0.97511,345.4803,338.6585,2.672491,0.2980282,-0.07260735,-0.9517913,0,0,0,0.6471448,0.09324221,-2.574941,-0.0722295,0.09816967,1.053487,0.9346693,0.04513766,0.3526413,0.04771235,0.9670084,-0.2502367,-0.3523021,0.2507139,0.9016794,moving,-6.118817597673371,1.7149777589134523,-3.92219275649021,5.323759378875939,-0.43397220000000014,0.35579451,0.8998710000000001,-0.1065434300048374,0.02975719255798101,0.993862650302491,-6.1904806527638785,1.8344148896319536,4.2201649570391675,4.224744427001712,4.161809095213162
05/17/2023 16:15:33.627151,1597,True,True,True,True,Eyes,1.082816,-0.2621657,-3.458078,-0.4468008,0.2759171,0.8510222,0.0,0.0,0.0,0.0,0.0,0.0,0.0,0.2235069,-0.6765406,3.578678,1.081151,-0.2623725,-3.47518,-0.1296902,-0.1802931,-0.0007553585,0.9750253,345.3345,338.702,2.683383,0.2980293,-0.0725667,-0.9517941,0,0,0,0.6481857,0.09643924,-2.57443,-0.07170352,0.09829968,1.05487,0.9349877,0.0452915,0.3517765,0.04823747,0.9663598,-0.25263,-0.3513847,0.2531748,0.9013497,moving,-6.081028460832806,1.7339750565240377,-3.8886300312730233,5.323820469835429,-0.4329653,0.35881174,0.9007499999999999,-0.10588685944296775,0.030088843955172057,0.9939228442452848,-6.152816975800869,1.8535007028554045,4.2019565241960795,4.206376227277944,4.143629062170338
05/17/2023 16:15:33.647811,1598,True,True,True,True,Eyes,1.082886,-0.262035,-3.458304,-0.445327,0.2786733,0.8508965,0.0,0.0,0.0,0.0,0.0,0.0,0.0,0.2206717,-0.6863781,3.577131,1.081231,-0.2622685,-3.475317,-0.1310439,-0.1799251,-0.0007744888,0.9749122,345.1795,338.7348,2.706335,0.2980304,-0.07252604,-0.9517968,0,0,0,0.6491309,0.09934246,-2.573967,-0.0712201,0.098107,1.056034,0.9352527,0.04564608,0.3510254,0.04866632,0.9656538,-0.255234,-0.3506195,0.2557914,0.9009089,moving,-6.034934853572269,1.7432244904151617,-3.85824827309913,5.3076216731825845,-0.4321001000000001,0.36161096000000004,0.9013499999999999,-0.10508670183505334,0.030251874787385502,0.9940027202897478,-6.106777115272043,1.8626895986726364,4.172183394008467,4.176468813020419,4.113810757931248
05/17/2023 16:15:33.667540,1599,True,True,True,True,Eyes,1.082946,-0.2619024,-3.458532,-0.4437917,0.2815253,0.8507599,0.0,0.0,0.0,0.0,0.0,0.0,0.0,0.2178313,-0.695443,3.575782,1.081274,-0.2621987,-3.475544,-0.1322988,-0.1795496,-0.0007395821,0.974812,345.0368,338.7684,2.73309,0.2980315,-0.07248539,-0.9517996,0,0,0,0.6500962,0.1023075,-2.573494,-0.07064202,0.09821074,1.057279,0.9355228,0.04606649,0.3502499,0.0489503,0.9649929,-0.2576674,-0.3498585,0.2581986,0.9005179,moving,-5.985631798081115,1.7708062143474652,-3.822531898213371,5.306981116319746,-0.43117780000000006,0.3645062,0.90205,-0.10422980115203606,0.030733165457029366,0.9940782645595809,-6.057657685592798,1.89042064983524,4.14119957312567,4.145302656519366,4.082728585952455
05/17/2023 16:15:33.677599,1600,True,True,True,True,Eyes,1.083007,-0.2617692,-3.45876,-0.4422775,0.2843402,0.8506123,0.0,0.0,0.0,0.0,0.0,0.0,0.0,0.2146465,-0.7036871,3.574521,1.081509,-0.2620417,-3.475647,-0.1334134,-0.1791487,-0.0008551918,0.9747338,344.9067,338.8085,2.7388,0.2980323,-0.0724447,-0.9518025,0,0,0,0.6510711,0.1053016,-2.573016,-0.07041585,0.09848852,1.058443,0.93581,0.04613452,0.3494728,0.04946886,0.9644002,-0.2597787,-0.3490165,0.2603916,0.9002132,moving,-5.943918920515567,1.8072523091934296,-3.806151649061784,5.316086254466451,-0.43043790000000004,0.3673433,0.902631,-0.10350401822660277,0.031367887804256644,0.9941342942878627,-6.016193657467546,1.9271517598067756,4.104792623271499,4.108766793382071,4.045882189092065
05/17/2023 16:15:33.697611,1601,True,True,True,True,Eyes,1.083036,-0.2616402,-3.459,-0.4407453,0.2871883,0.8504507,0.0,0.0,0.0,0.0,0.0,0.0,0.0,0.2112244,-0.7112255,3.573484,1.081571,-0.2619175,-3.475896,-0.1344328,-0.1786866,-0.0009579934,0.9746784,344.7875,338.8564,2.742763,0.2980328,-0.07240397,-0.9518054,0,0,0,0.6520519,0.1083143,-2.572536,-0.07010019,0.09898897,1.059672,0.9361404,0.04617518,0.3485814,0.04991012,0.9638538,-0.2617151,-0.3480663,0.2623998,0.8999979,moving,-5.908527817333355,1.8570538185697936,-3.784757421596623,5.336782055252595,-0.42951910000000004,0.3702318,0.9033600000000002,-0.10288708894191853,0.03223405041729713,0.9941705815312695,-5.981148317385264,1.9774235807655178,4.072829782319581,4.076629648983993,4.013654485280387
05/17/2023 16:15:33.717441,1602,True,True,True,True,Eyes,1.083067,-0.2615124,-3.459239,-0.439234,0.2899705,0.8502885,0.0,0.0,0.0,0.0,0.0,0.0,0.0,0.2079272,-0.71705,3.572728,1.081703,-0.2618823,-3.476078,-0.1352336,-0.1782539,-0.001004544,0.9746469,344.6944,338.9019,2.748647,0.2980323,-0.07236331,-0.9518087,0,0,0,0.6530725,0.111449,-2.572035,-0.06975043,0.1001801,1.060892,0.9364491,0.04625367,0.3477408,0.05016997,0.9634218,-0.2632519,-0.3471974,0.2639681,0.8998749,moving,-5.870788933451805,1.9291622808642244,-3.761609829693549,5.394447941757384,-0.42863050000000014,0.37333130000000003,0.9040429999999997,-0.10222802310643184,0.03348750559908953,0.9941971379555475,-5.943913647687296,2.0502635495588555,4.053077708031031,4.05670324319172,3.993246699498332
05/17/2023 16:15:33.727603,1603,True,True,True,True,Eyes,1.083107,-0.2613788,-3.459475,-0.4377289,0.2927543,0.8501108,0.0,0.0,0.0,0.0,0.0,0.0,0.0,0.2043638,-0.7218165,3.572197,1.081754,-0.2617979,-3.476297,-0.1358797,-0.1777715,-0.001056837,0.974645,344.6185,338.9548,2.749489,0.2980307,-0.07232276,-0.9518123,0,0,0,0.6540376,0.1144131,-2.571562,-0.06950456,0.101477,1.062023,0.9367924,0.04625102,0.3468155,0.05037118,0.9630712,-0.2644933,-0.3462411,0.2652448,0.899868,moving,-5.84006056178505,2.018857234172105,-3.7444075590699453,5.458079247654183,-0.4277164000000001,0.37621099999999996,0.9047350000000001,-0.10168937849642956,0.03504579880405634,0.9941987249174762,-5.913816758562642,2.140929091692741,4.023987180077485,4.027407300709546,3.9635617103860716
05/17/2023 16:15:33.747408,1604,True,True,True,True,Eyes,1.083146,-0.2612471,-3.45971,-0.4362392,0.2955008,0.8499262,0.0,0.0,0.0,0.0,0.0,0.0,0.0,0.2011554,-0.727392,3.571456,1.081957,-0.2615623,-3.476465,-0.136599,-0.1773513,-0.001267311,0.9746209,344.5312,339.002,2.734618,0.2980286,-0.07228213,-0.951816,0,0,0,0.6549869,0.1173289,-2.571097,-0.06938791,0.1023475,1.063139,0.9370899,0.04598172,0.3460468,0.05092231,0.9626782,-0.2658149,-0.3453543,0.266714,0.8997745,moving,-5.805991714193399,2.0930190122771197,-3.734228226890844,5.498871036537062,-0.4269701,0.37889120000000004,0.9053680000000002,-0.10109353271226382,0.03633484270017642,0.9942131485317561,-5.880267739881893,2.2158609609051605,3.983225798741154,3.9864811498959316,3.922198458520354
05/17/2023 16:15:33.767130,1605,True,True,True,True,Eyes,1.08317,-0.2611153,-3.459949,-0.4347564,0.298251,0.8497254,0.0,0.0,0.0,0.0,0.0,0.0,0.0,0.197386,-0.7345323,3.570393,1.081983,-0.2614976,-3.476656,-0.1375688,-0.1768363,-0.001418363,0.9745778,344.4164,339.0575,2.730662,0.2980258,-0.07224149,-0.95182,0,0,0,0.6559532,0.1202967,-2.570623,-0.06921688,0.1029439,1.064319,0.9374539,0.04588968,0.3450716,0.0514189,0.9621456,-0.2676412,-0.3442911,0.2686445,0.8996076,moving,-5.781261349651242,2.1418941527729767,-3.720931586260904,5.524622090623757,-0.4260297999999999,0.38179430000000003,0.9060330000000003,-0.10066125301123482,0.037184565797317354,0.9942256594736391,-5.855879356834863,2.26523509398033,3.9576549334668782,3.960783639057842,3.8963579888104456
05/17/2023 16:15:33.777486,1606,True,True,True,True,Eyes,1.083195,-0.2609847,-3.460187,-0.433294,0.3009501,0.8495207,0.0,0.0,0.0,0.0,0.0,0.0,0.0,0.1943507,-0.7398459,3.569645,1.082103,-0.2613717,-3.476816,-0.1382627,-0.1764256,-0.00166413,0.9745536,344.3312,339.1044,2.71112,0.2980222,-0.07220086,-0.9518242,0,0,0,0.6569398,0.1233271,-2.57014,-0.06897506,0.1040605,1.065473,0.9377425,0.04554259,0.3443325,0.05202972,0.9617613,-0.2689016,-0.3434123,0.270076,0.8995149,moving,-5.748880035210144,2.2152990430116586,-3.703963392640127,5.578159207543293,-0.4251632000000001,0.3846988,0.906676,-0.10009450387610874,0.038460504910261734,0.9942343550241779,-5.824012920952001,2.3394072295361434,3.9328218367854246,3.9357988466451843,3.8709332695799117
05/17/2023 16:15:33.797506,1607,True,True,True,True,Eyes,1.083198,-0.2608563,-3.460429,-0.4318281,0.3036271,0.8493145,0.0,0.0,0.0,0.0,0.0,0.0,0.0,0.1910602,-0.7456259,3.568846,1.082153,-0.2612853,-3.477039,-0.1390429,-0.1759776,-0.001771041,0.9745234,344.239,339.1529,2.708917,0.2980178,-0.07216024,-0.9518287,0,0,0,0.6579114,0.1263114,-2.569664,-0.06866649,0.1050478,1.066673,0.9380575,0.04548503,0.343481,0.05238871,0.9613279,-0.2703778,-0.342496,0.2716245,0.899398,moving,-5.717513134340656,2.2823685712637367,-3.683302073225331,5.624450954909619,-0.4242415999999999,0.3875967,0.907375,-0.09954564937587101,0.03962650542867047,0.9942436559878657,-5.793115989300631,2.4071711223754595,3.9096600526519967,3.912483776354872,3.847363289487493
05/17/2023 16:15:33.817415,1608,True,True,True,True,Eyes,1.083205,-0.2607319,-3.46067,-0.4303795,0.3062366,0.8491129,0.0,0.0,0.0,0.0,0.0,0.0,0.0,0.1872319,-0.7509453,3.568053,1.082235,-0.2612172,-3.477141,-0.1397631,-0.175464,-0.001907462,0.9745127,344.1529,339.2102,2.700774,0.298012,-0.07211972,-0.9518335,0,0,0,0.6588917,0.1293224,-2.569183,-0.06857923,0.1062201,1.067775,0.9384174,0.04532909,0.342517,0.05276448,0.9609253,-0.2717324,-0.3414507,0.2730711,0.8993574,moving,-5.695487776350541,2.3516450854154067,-3.6748481318602364,5.6809781957292715,-0.4233433000000001,0.3905396,0.9079579999999998,-0.09915863249794943,0.040830205877848774,0.9942336476077085,-5.771578813684359,2.477203668539405,3.8918260512248772,3.894540220914158,3.8288968088959123
05/17/2023 16:15:33.827514,1609,True,True,True,True,Eyes,1.083198,-0.26061,-3.460911,-0.4289405,0.3088067,0.8489102,0.0,0.0,0.0,0.0,0.0,0.0,0.0,0.1835084,-0.7548074,3.567669,1.082308,-0.2611973,-3.477364,-0.1402917,-0.1749606,-0.001963355,0.9745272,344.0902,339.2668,2.697752,0.2980053,-0.07207939,-0.9518387,0,0,0,0.6599339,0.1325234,-2.568672,-0.06831887,0.1080235,1.069018,0.9387699,0.04526433,0.3415585,0.0529177,0.9606288,-0.2727491,-0.3404568,0.2741231,0.8994141,moving,-5.672079498613118,2.4426192473056654,-3.6566894472275453,5.7701110496810495,-0.4223741000000001,0.39372070000000003,0.9086920000000003,-0.09874592074993926,0.042410545084319684,0.9942085530561874,-5.748813080015989,2.569191293495453,3.8876698297205277,3.890244048141366,3.8239859545258756
05/17/2023 16:15:33.847423,1610,True,True,True,True,Eyes,1.083194,-0.2604909,-3.461154,-0.4275188,0.3112949,0.8487185,0.0,0.0,0.0,0.0,0.0,0.0,0.0,0.1785991,-0.7578412,3.567394,1.082391,-0.2611443,-3.477463,-0.1407164,-0.1743077,-0.001946794,0.974583,344.0405,339.341,2.698238,0.2979972,-0.07203931,-0.9518442,0,0,0,0.6608343,0.1352887,-2.568231,-0.06857997,0.1096843,1.069971,0.9392262,0.04526125,0.3403024,0.0528505,0.9603902,-0.2736008,-0.3392067,0.2749582,0.8996315,moving,-5.665610019542545,2.5434030683789137,-3.667365970718813,5.853029334441744,-0.4215567000000001,0.39643300000000004,0.9092320000000003,-0.09862617200354734,0.04415982503304616,0.9941442145939781,-5.7430605863826125,2.671170689151687,3.8636188986155244,3.8660839747310787,3.799043639668116
05/17/2023 16:15:33.867260,1611,True,True,True,True,Eyes,1.083158,-0.2603706,-3.461406,-0.4260984,0.3137419,0.8485317,0.0,0.0,0.0,0.0,0.0,0.0,0.0,0.1746551,-0.7600421,3.567382,1.082421,-0.2610991,-3.477726,-0.1410269,-0.1737745,-0.001859977,0.9746335,344.0055,339.4008,2.706285,0.297988,-0.07199953,-0.9518501,0,0,0,0.6618242,0.1383294,-2.567746,-0.06834489,0.1118332,1.071136,0.9395979,0.04538818,0.3392576,0.05263937,0.9602159,-0.2742527,-0.3382083,0.2755455,0.8998277,moving,-5.6444482008550345,2.656186532945104,-3.65086467504671,5.9604375614428315,-0.4205968000000001,0.39942849999999996,0.90998,-0.09825027759256813,0.046118376012696416,0.9940924758542309,-5.722697431238414,2.7852399804406045,3.8567678714430937,3.859073740381575,3.7913547246375283
05/17/2023 16:15:33.877951,1612,True,True,True,True,Eyes,1.083126,-0.2602487,-3.461654,-0.4247021,0.3161332,0.8483442,0.0,0.0,0.0,0.0,0.0,0.0,0.0,0.1711924,-0.7636262,3.566982,1.082458,-0.2609351,-3.477929,-0.1415202,-0.173315,-0.001739608,0.9746441,343.9506,339.4496,2.723501,0.2979769,-0.07195997,-0.9518566,0,0,0,0.6627942,0.1413088,-2.56727,-0.06797531,0.1134511,1.072252,0.9399178,0.04566415,0.3383331,0.05244614,0.959938,-0.2752607,-0.3373483,0.2764667,0.8998679,moving,-5.614650233036615,2.7459705337792277,-3.627406089159221,6.03978732338562,-0.4196637999999999,0.4022439,0.9106589999999999,-0.0977261014199253,0.04767856253722402,0.9940705806611201,-5.693531827467223,2.875999129440089,3.8447053118178336,3.8468647403915774,3.778681159167562
05/17/2023 16:15:33.897551,1613,True,True,True,True,Eyes,1.083068,-0.2601339,-3.461906,-0.4233164,0.3185122,0.8481469,0.0,0.0,0.0,0.0,0.0,0.0,0.0,0.1682049,-0.7679356,3.566349,1.082489,-0.2607891,-3.478084,-0.1421033,-0.1729143,-0.001738205,0.9746304,343.8831,339.4925,2.72986,0.2979643,-0.07192059,-0.9518635,0,0,0,0.6637765,0.1443259,-2.566789,-0.06752872,0.114878,1.073378,0.9401953,0.04575516,0.3375489,0.05253159,0.9596072,-0.2763952,-0.3365609,0.2775975,0.8998147,moving,-5.580955082387635,2.8211304529457046,-3.5998670943252473,6.1088126041578015,-0.41871250000000004,0.405115,0.911295,-0.09713533076904321,0.0489853776641814,0.9940649477417943,-5.660363722578357,2.9519426185708393,3.836398337126108,3.838432433148157,3.7698109317235344
05/17/2023 16:15:33.917686,1614,True,True,True,True,Eyes,1.083015,-0.2600211,-3.462156,-0.4219455,0.3208446,0.8479509,0.0,0.0,0.0,0.0,0.0,0.0,0.0,0.1646532,-0.7719535,3.565732,1.082646,-0.2608204,-3.47812,-0.1426753,-0.172458,-0.001727893,0.9746277,343.817,339.542,2.736014,0.2979496,-0.07188157,-0.951871,0,0,0,0.6647558,0.1473337,-2.566309,-0.06735051,0.1165215,1.074481,0.9405105,0.04584289,0.3366578,0.05257911,0.9592816,-0.2775146,-0.3356716,0.2787066,0.899804,moving,-5.5542934172231035,2.895391849446095,-3.5867157751400294,6.189222698731686,-0.4178902,0.4081541,0.9118110000000001,-0.09666654202694805,0.05027605580630537,0.9940462207540116,-5.634224559149821,3.027003029761497,3.8347901671854623,3.8367542847217395,3.767217203111494
05/17/2023 16:15:33.927540,1615,True,True,True,True,Eyes,1.082951,-0.2599079,-3.462403,-0.4205808,0.3232152,0.8477286,0.0,0.0,0.0,0.0,0.0,0.0,0.0,0.1607426,-0.7767806,3.565068,1.082683,-0.2607696,-3.478323,-0.1433498,-0.1719345,-0.001680732,0.9746212,343.7397,339.598,2.747516,0.2979331,-0.07184293,-0.9518791,0,0,0,0.6657447,0.150371,-2.565824,-0.06710908,0.1178764,1.075699,0.9408715,0.0460174,0.3356238,0.05256971,0.958896,-0.2788456,-0.3346601,0.2800016,0.8997788,moving,-5.534701631388899,2.9620707297942563,-3.5698557309927073,6.253589483924379,-0.4169383000000001,0.41114059999999997,0.912499,-0.09632094420090564,0.0514345916655794,0.9940205292578626,-5.615103076447938,3.0944156095395265,3.8314957335102457,3.8333686388206956,3.7634314491813807
05/17/2023 16:15:33.947144,1616,True,True,True,True,Eyes,1.082891,-0.2597946,-3.462648,-0.4192285,0.3255187,0.847517,0.0,0.0,0.0,0.0,0.0,0.0,0.0,0.1569194,-0.7810181,3.56439,1.082738,-0.2606484,-3.478395,-0.1439302,-0.1714267,-0.001689948,0.9746252,343.672,339.6539,2.750582,0.2979148,-0.07180464,-0.9518877,0,0,0,0.6667012,0.1533089,-2.565355,-0.06697825,0.1192735,1.076743,0.9412201,0.04605283,0.33464,0.05264109,0.9585624,-0.2799766,-0.333667,0.2811354,0.8997939,moving,-5.515532469873884,3.0335565692641513,-3.559468514292821,6.321025909976167,-0.4160368,0.4139573,0.9130400000000001,-0.09598215086805839,0.052676485373346765,0.9939882490021662,-5.596438608937136,3.1666949083949896,3.82360073847729,3.8253942103324374,3.75487033517955
05/17/2023 16:15:33.967626,1617,True,True,True,True,Eyes,1.082848,-0.2596828,-3.462882,-0.41791,0.3278355,0.8472751,0.0,0.0,0.0,0.0,0.0,0.0,0.0,0.1526482,-0.7839029,3.564114,1.082773,-0.2605383,-3.478568,-0.1443351,-0.1708572,-0.001585392,0.9746655,343.6264,339.7169,2.761872,0.297895,-0.07176664,-0.9518968,0,0,0,0.6676965,0.1563658,-2.564867,-0.06683424,0.1211959,1.077864,0.9416107,0.04623091,0.3335148,0.05241182,0.9583297,-0.2808151,-0.3325995,0.2818986,0.8999504,moving,-5.504001520735165,3.1295852940571116,-3.5481503734686153,6.415437691647347,-0.41507649999999996,0.4169041,0.9137010000000001,-0.09577353572109693,0.054343447990936655,0.9939186072089585,-5.585589395201092,3.263842716806225,3.822208368180944,3.823895878422081,3.7528267549571224
05/17/2023 16:15:33.987188,1618,True,True,True,True,Eyes,1.082811,-0.2595713,-3.463111,-0.416586,0.3300968,0.8470491,0.0,0.0,0.0,0.0,0.0,0.0,0.0,0.1476287,-0.7890164,3.56326,1.082915,-0.2604959,-3.478592,-0.1450546,-0.1702028,-0.001580617,0.9746733,343.5428,339.7889,2.766968,0.2978744,-0.07172898,-0.9519061,0,0,0,0.6686804,0.1593877,-2.564385,-0.06705546,0.1224713,1.078967,0.942057,0.04629621,0.3322427,0.05245855,0.9579133,-0.2822236,-0.3313255,0.2832997,0.8999804,moving,-5.502338235763684,3.1843399200567903,-3.5562347156261294,6.47580813471513,-0.4142346000000001,0.4198836,0.9142069999999998,-0.0957396810490943,0.0552934405573261,0.9938694680293794,-5.584316130242028,3.3192538123434803,3.8220836266455818,3.823752334971231,3.75192609394076
05/17/2023 16:15:33.997645,1619,True,True,True,True,Eyes,1.082797,-0.2594662,-3.46332,-0.4152734,0.3323506,0.8468122,0.0,0.0,0.0,0.0,0.0,0.0,0.0,0.1416454,-0.7926972,3.562843,1.083009,-0.2604033,-3.478731,-0.145578,-0.1694115,-0.001480419,0.9747332,343.4829,339.8776,2.776375,0.2978531,-0.07169164,-0.9519155,0,0,0,0.6696424,0.1623426,-2.563914,-0.06748191,0.1240775,1.080059,0.9425951,0.04643913,0.3306929,0.05221118,0.9576097,-0.2832978,-0.3298309,0.284301,0.9002137,moving,-5.515802163213886,3.264363038367586,-3.5751835996178194,6.553427419596525,-0.41336660000000014,0.4227459,0.9148169999999998,-0.0959657456291452,0.05668024685274972,0.9937694629134634,-5.598354277591563,3.4002958304926825,3.8172660285934032,3.8188931528968655,3.7463927197261713
05/17/2023 16:15:34.017754,1620,True,True,True,True,Eyes,1.08279,-0.2593582,-3.463529,-0.4139637,0.3345247,0.8465975,0.0,0.0,0.0,0.0,0.0,0.0,0.0,0.1347569,-0.7959591,3.562261,1.083137,-0.260493,-3.478559,-0.1461046,-0.1685269,-0.001204087,0.9748082,343.426,339.9745,2.804635,0.2978321,-0.07165477,-0.9519248,0,0,0,0.6706632,0.1654779,-2.563413,-0.06806114,0.1261975,1.08098,0.9431944,0.0468976,0.3289147,0.05159262,0.957304,-0.284442,-0.328211,0.2852537,0.9005042,moving,-5.535614867560215,3.344976015726446,-3.602726461784779,6.658773942382544,-0.4124738,0.4259709,0.915146,-0.09630165228156132,0.05807649975416482,0.9936564591337268,-5.618747090206371,3.4819586040547295,3.834675947345604,3.8363151966296196,3.762511776467451
05/17/2023 16:15:34.027130,1621,True,True,True,True,Eyes,1.082795,-0.2592454,-3.46373,-0.4126363,0.336736,0.8463688,0.0,0.0,0.0,0.0,0.0,0.0,0.0,0.1291329,-0.7973253,3.562437,1.083269,-0.2603209,-3.478811,-0.146313,-0.1677943,-0.0009187898,0.9749035,343.4059,340.0558,2.829585,0.2978114,-0.07161825,-0.951934,0,0,0,0.6716356,0.1684646,-2.562937,-0.06827819,0.1284773,1.082107,0.9436885,0.04730951,0.3274353,0.05089244,0.9571833,-0.2849738,-0.3268976,0.2855905,0.9008752,moving,-5.5384005206507965,3.463122920017912,-3.610431147499948,6.770963980248576,-0.41163340000000004,0.42878550000000004,0.9158740000000001,-0.09633825424580153,0.0601251310789061,0.9935310285888137,-5.622375998632276,3.6015458607952713,3.827146106452272,3.828691471450213,3.7540822180550077
05/17/2023 16:15:34.047267,1622,True,True,True,True,Eyes,1.082807,-0.259129,-3.46393,-0.4112839,0.3389051,0.8461612,0.0,0.0,0.0,0.0,0.0,0.0,0.0,0.1235168,-0.8033333,3.561336,1.083431,-0.2601227,-3.478826,-0.1471075,-0.1670469,-0.00116197,0.974912,343.3083,340.1425,2.805427,0.2977915,-0.07158192,-0.951943,0,0,0,0.6725719,0.1713404,-2.562478,-0.06892177,0.1291804,1.083153,0.944188,0.04688206,0.3260538,0.05141333,0.9567161,-0.2864456,-0.3253701,0.2872219,0.9009095,moving,-5.550612275404044,3.4970039022991086,-3.640861347777414,6.801159123496394,-0.41085910000000003,0.4314631,0.9163480000000002,-0.09654657111739179,0.060711395466944235,0.9934751006726793,-5.634832597381597,3.6358826003536158,3.814785120462297,3.816358255108665,3.7409753824646987
05/17/2023 16:15:34.067707,1623,True,True,True,True,Eyes,1.082829,-0.2590131,-3.464123,-0.4099262,0.3411718,0.8459092,0.0,0.0,0.0,0.0,0.0,0.0,0.0,0.1164997,-0.807524,3.560825,1.083577,-0.2599318,-3.478999,-0.1476346,-0.166091,-0.001491827,0.9749951,343.2389,340.258,2.761545,0.2977723,-0.07154565,-0.9519517,0,0,0,0.6735442,0.174327,-2.562001,-0.06997707,0.1304887,1.084283,0.9448231,0.04613252,0.3243164,0.05195061,0.9564036,-0.2873904,-0.3234354,0.2883816,0.9012356,moving,-5.590231292053321,3.5655475318245573,-3.6926135787786234,6.862293556905083,-0.4100328,0.4342588,0.916998,-0.09722644077398651,0.06189574744571372,0.9933357926043332,-5.674950902005055,3.705404066956,3.802289009751742,3.8038779343740963,3.7276819224294764
05/17/2023 16:15:34.077645,1624,True,True,True,True,Eyes,1.08285,-0.2589018,-3.464317,-0.4085582,0.3434128,0.8456642,0.0,0.0,0.0,0.0,0.0,0.0,0.0,0.1087068,-0.8160192,3.55923,1.083662,-0.2598743,-3.479076,-0.1488033,-0.1650401,-0.001711031,0.9749957,343.0983,340.3774,2.742495,0.2977542,-0.07150947,-0.9519601,0,0,0,0.6745293,0.1773524,-2.561518,-0.07106391,0.1306764,1.085514,0.9455177,0.04578053,0.3223359,0.05245352,0.9557093,-0.2896004,-0.3213175,0.29073,0.9012386,moving,-5.634232741325816,3.5642081753765122,-3.745562300483661,6.864351517263757,-0.4091326999999999,0.43722669999999997,0.9175580000000001,-0.09798943550778608,0.061867875965832125,0.9932625683096397,-5.7189544578039975,3.7042131550930746,3.800689839577568,3.8023705909752685,3.72568800017342
05/17/2023 16:15:34.097599,1625,True,True,True,True,Eyes,1.082883,-0.2587915,-3.4645,-0.4071977,0.3456616,0.8454041,0.0,0.0,0.0,0.0,0.0,0.0,0.0,0.1029906,-0.8220583,3.558222,1.083625,-0.2598877,-3.479302,-0.1496322,-0.1642463,-0.001896027,0.9750025,342.9979,340.4684,2.724484,0.2977369,-0.0714735,-0.9519682,0,0,0,0.6755036,0.1803449,-2.561041,-0.07146519,0.1315848,1.086807,0.9460391,0.04545583,0.3208486,0.05285035,0.9552132,-0.2911608,-0.3197137,0.2924065,0.9012666,moving,-5.650414807496276,3.6014391515948336,-3.7621834345162304,6.903465708119509,-0.4081214000000001,0.4402326,0.9182610000000002,-0.09826600545809766,0.06251157203091948,0.9931948934777061,-5.735406308992382,3.7419552904923896,3.802112249987939,3.8037872046028434,3.726762218484127
05/17/2023 16:15:34.117293,1626,True,True,True,True,Eyes,1.082919,-0.2586817,-3.464684,-0.4058346,0.347859,0.8451582,0.0,0.0,0.0,0.0,0.0,0.0,0.0,0.09847832,-0.825434,3.557564,1.083718,-0.2598324,-3.479274,-0.1500961,-0.1636459,-0.001997034,0.975032,342.9413,340.5382,2.711812,0.2977209,-0.07143775,-0.9519759,0,0,0,0.67651,0.1834359,-2.560548,-0.07161063,0.1333944,1.08786,0.9464321,0.04523086,0.3197194,0.05301955,0.9549344,-0.2920433,-0.3185204,0.2933505,0.9013824,moving,-5.644053038990182,3.678179712712494,-3.766179352424895,6.990763446503451,-0.407208,0.44326830000000006,0.9187260000000004,-0.09814743984950627,0.06384252667631668,0.9931219468443797,-5.72959009958446,3.819600834393031,3.806193831013491,3.80783673180334,3.7297793600303843
05/17/2023 16:15:34.127575,1627,True,True,True,True,Eyes,1.08296,-0.2585742,-3.464863,-0.4044529,0.3500563,0.8449133,0.0,0.0,0.0,0.0,0.0,0.0,0.0,0.09306014,-0.8291233,3.557064,1.083851,-0.2597458,-3.479455,-0.1505961,-0.1629208,-0.002077068,0.9750761,342.8807,340.6222,2.700031,0.297706,-0.07140221,-0.9519832,0,0,0,0.6775328,0.1865776,-2.560046,-0.0719614,0.1350963,1.08912,0.946905,0.04501987,0.318346,0.05312107,0.954633,-0.2930085,-0.3170948,0.294362,0.9015552,moving,-5.650109933121656,3.7521244997964893,-3.780208067187593,7.070948349965372,-0.40631819999999985,0.44632340000000004,0.9194090000000004,-0.09824427809381991,0.0651235530333115,0.993029219442777,-5.736175906034468,3.8944632381079285,3.8077285002309784,3.8093470223482524,3.7303978142358103
05/17/2023 16:15:34.147304,1628,True,True,True,True,Eyes,1.083002,-0.2584685,-3.465045,-0.403077,0.3522075,0.8446768,0.0,0.0,0.0,0.0,0.0,0.0,0.0,0.08752966,-0.8320769,3.55663,1.084047,-0.2597082,-3.479515,-0.1509928,-0.1621861,-0.002240149,0.9751369,342.8302,340.7098,2.676098,0.2976923,-0.07136692,-0.9519902,0,0,0,0.6784407,0.1893661,-2.559601,-0.0726335,0.13673,1.090162,0.9473812,0.04460899,0.3169839,0.05334679,0.9543923,-0.2937507,-0.3156309,0.295204,0.9017936,moving,-5.660032609438417,3.8325863728188176,-3.8117742911863,7.148806509930744,-0.4056063,0.44907430000000004,0.9199140000000003,-0.0984071898387959,0.06651694921194595,0.9929207460311505,-5.74667499284568,3.975936069733187,3.7948759504634664,3.7964950689780683,3.7163083235331
05/17/2023 16:15:34.167473,1629,True,True,True,True,Eyes,1.083041,-0.2583611,-3.465225,-0.4017226,0.3543389,0.8444306,0.0,0.0,0.0,0.0,0.0,0.0,0.0,0.08314228,-0.8360854,3.556041,1.08409,-0.2596573,-3.479756,-0.1515302,-0.1615822,-0.002378976,0.9751535,342.7645,340.78,2.660261,0.2976796,-0.07133191,-0.9519967,0,0,0,0.6793955,0.1922988,-2.559133,-0.07273909,0.1381363,1.091429,0.9477711,0.04432944,0.3158559,0.05360891,0.9540659,-0.2947616,-0.3144139,0.2962992,0.9018596,moving,-5.655141643435881,3.8962664259110844,-3.812880952570308,7.213266409871864,-0.40469449999999996,0.45195609999999997,0.920623,-0.09831511926365266,0.06762108664210123,0.9928553104988886,-5.742236839830922,4.0403685384585595,3.7926848745193764,3.7942605797051305,3.7134478644685824
05/17/2023 16:15:34.177717,1630,True,True,True,True,Eyes,1.083083,-0.2582445,-3.465406,-0.4003672,0.3564642,0.8441796,0.0,0.0,0.0,0.0,0.0,0.0,0.0,0.07927608,-0.8391478,3.555515,1.084208,-0.2595216,-3.47984,-0.1519361,-0.1610687,-0.002458917,0.9751751,342.7153,340.8395,2.650106,0.2976679,-0.07129711,-0.952003,0,0,0,0.6803694,0.1952901,-2.558656,-0.07273185,0.1398625,1.092551,0.9481016,0.04414854,0.3148876,0.05374004,0.9538188,-0.2955363,-0.3133932,0.2971206,0.9019446,moving,-5.639215205516206,3.9757714048891315,-3.8085988242002067,7.295020411731786,-0.40383860000000005,0.45481170000000004,0.9211839999999998,-0.09802983459472989,0.06900067061911158,0.992788435043984,-5.7268731403133675,4.120776166599239,3.7890670076776285,3.790589704118401,3.708854658734487
05/17/2023 16:15:34.197579,1631,True,True,True,True,Eyes,1.083133,-0.258128,-3.465582,-0.399021,0.3586246,0.843902,0.0,0.0,0.0,0.0,0.0,0.0,0.0,0.07475257,-0.8469142,3.553962,1.084309,-0.2592035,-3.480026,-0.1529437,-0.1604491,-0.002765426,0.9751189,342.5926,340.9104,2.624083,0.297657,-0.07126224,-0.952009,0,0,0,0.6813787,0.1983901,-2.558161,-0.07294297,0.1400774,1.093909,0.9484969,0.04368611,0.3137597,0.05447258,0.9532012,-0.2973891,-0.3120679,0.299164,0.9017286,moving,-5.638746770351531,3.983717475826688,-3.814893689189318,7.297136131572437,-0.40293029999999996,0.4575936,0.9218649999999999,-0.09802078713492532,0.06913842136880771,0.9927798103055074,-5.726461245264231,4.128816655696943,3.7806939211490214,3.7822193550756498,3.7003160436171094
05/17/2023 16:15:34.218326,1632,True,True,True,True,Eyes,1.083184,-0.258014,-3.465749,-0.3976684,0.360751,0.8436341,0.0,0.0,0.0,0.0,0.0,0.0,0.0,0.07003534,-0.8547325,3.552285,1.084414,-0.259133,-3.4801,-0.1539857,-0.1598005,-0.003153893,0.9750602,342.4644,340.986,2.588484,0.2976472,-0.07122732,-0.9520147,0,0,0,0.6823707,0.2014371,-2.557675,-0.07331663,0.1403945,1.095238,0.9489077,0.04306351,0.3126016,0.05536445,0.952557,-0.2992826,-0.310659,0.3012986,0.9015044,moving,-5.642978496079599,3.9834994549773266,-3.8297389243329083,7.304697846734133,-0.4020433,0.4605701,0.922425,-0.09809413968921724,0.06913414112126978,0.9927728568672829,-5.730692537404526,4.128611831395554,3.782366195160888,3.783939283597996,3.7015060469867294
05/17/2023 16:15:34.227201,1633,True,True,True,True,Eyes,1.08326,-0.2578964,-3.465913,-0.3963748,0.3628648,0.8433363,0.0,0.0,0.0,0.0,0.0,0.0,0.0,0.06448996,-0.859623,3.551193,1.084472,-0.2590899,-3.480068,-0.154662,-0.1590534,-0.00329409,0.9750748,342.3824,341.0724,2.5723,0.2976384,-0.07119244,-0.9520201,0,0,0,0.6833499,0.2044445,-2.557195,-0.07379541,0.1416528,1.096333,0.9493824,0.04277505,0.3111968,0.05562299,0.9521376,-0.3005662,-0.3091589,0.3026619,0.9015634,moving,-5.657849934749582,4.031918128885172,-3.8508347402675933,7.362170716933622,-0.40112210000000015,0.4635344,0.922873,-0.09834606278578215,0.06997132683895779,0.9926892894590437,-5.745913194442528,4.177672164446565,3.7873313104894257,3.788916232023635,3.7057190096215087
05/17/2023 16:15:34.247382,1634,True,True,True,True,Eyes,1.083341,-0.2577796,-3.466079,-0.3950896,0.3649781,0.8430274,0.0,0.0,0.0,0.0,0.0,0.0,0.0,0.05919981,-0.8640473,3.550476,1.084553,-0.2589431,-3.480324,-0.1553034,-0.1583639,-0.003027854,0.975086,342.3124,341.1451,2.603944,0.2976311,-0.07115748,-0.952025,0,0,0,0.6842959,0.2073501,-2.556731,-0.0738821,0.1428985,1.097625,0.9498234,0.04328406,0.3097772,0.05509373,0.9517434,-0.3019094,-0.3078963,0.3038274,0.9016035,moving,-5.656612508207497,4.095940567735911,-3.850820399340716,7.417550482701823,-0.40025710000000014,0.46629319999999996,0.9235929999999999,-0.09831689438540928,0.07108072366437446,0.9926133797507907,-5.745131990432733,4.242464834472009,3.779217714426004,3.780737701513474,3.697240224510778
05/17/2023 16:15:34.267561,1635,True,True,True,True,Eyes,1.083429,-0.2576616,-3.46624,-0.3937132,0.3672417,0.8426883,0.0,0.0,0.0,0.0,0.0,0.0,0.0,0.05528116,-0.8722778,3.548771,1.084768,-0.2588691,-3.480512,-0.1564353,-0.1578555,-0.003132959,0.9749871,342.1796,341.1981,2.605583,0.2976254,-0.07112247,-0.9520294,0,0,0,0.6852804,0.210374,-2.556249,-0.07385468,0.1430691,1.099145,0.9501436,0.04327917,0.3087944,0.05549755,0.9510364,-0.3040557,-0.306834,0.3060339,0.9012192,moving,-5.636792978834228,4.101873175106412,-3.8440882036624546,7.416151779367684,-0.39948759999999994,0.4692431,0.9242629999999998,-0.0979727964912124,0.07118593362394512,0.9926399221428679,-5.7253495161461245,4.248395078723769,3.7665403283281784,3.7680542827283845,3.684267449619015
05/17/2023 16:15:34.287360,1636,True,True,True,True,Eyes,1.083517,-0.2575445,-3.466402,-0.3923532,0.3694774,0.8423452,0.0,0.0,0.0,0.0,0.0,0.0,0.0,0.05081439,-0.877077,3.54777,1.084828,-0.2587649,-3.480618,-0.1570823,-0.1572485,-0.003276821,0.9749807,342.1013,341.268,2.590644,0.2976213,-0.07108738,-0.9520333,0,0,0,0.686262,0.2133889,-2.555768,-0.07400092,0.1442734,1.100383,0.9505243,0.04301225,0.307658,0.0557916,0.9506288,-0.3052739,-0.3055991,0.307335,0.9011961,moving,-5.632716841521188,4.160369806500248,-3.847356655009089,7.469556437669705,-0.39856599999999986,0.4721538,0.9248500000000002,-0.09789501942279633,0.07219989236838437,0.992574309227397,-5.721689444203978,4.307584440066911,3.758609514162417,3.760083397411974,3.6757571081717697
05/17/2023 16:15:34.297820,1637,True,True,True,True,Eyes,1.083589,-0.2574247,-3.466573,-0.3909557,0.3717922,0.8419763,0.0,0.0,0.0,0.0,0.0,0.0,0.0,0.04748046,-0.8832528,3.546439,1.084902,-0.2586864,-3.48076,-0.1579279,-0.1568005,-0.003377386,0.974916,342.0015,341.3163,2.587811,0.2976186,-0.07105226,-0.9520367,0,0,0,0.687224,0.2163435,-2.555296,-0.07378241,0.1450086,1.101732,0.9508044,0.04294101,0.3068014,0.05611168,0.9500948,-0.3068737,-0.3046679,0.308992,0.9009448,moving,-5.606622063252595,4.201766611687582,-3.8313471698385,7.498099919117641,-0.3976780000000001,0.4750299,0.9254640000000003,-0.09743782464174744,0.07292030146758094,0.9925665665676945,-5.695882957194796,4.349384622086834,3.742568504207796,3.7439837367247235,3.6593581027399007
05/17/2023 16:15:34.317555,1638,True,True,True,True,Eyes,1.083664,-0.257304,-3.466739,-0.389585,0.3740889,0.8415943,0.0,0.0,0.0,0.0,0.0,0.0,0.0,0.0448842,-0.8912308,3.54477,1.084939,-0.2585253,-3.481059,-0.1590114,-0.1564461,-0.003452956,0.9747965,341.8752,341.3507,2.594534,0.2976167,-0.07101701,-0.95204,0,0,0,0.6882558,0.2195129,-2.55479,-0.07315555,0.1452967,1.103353,0.9510254,0.04302156,0.3061043,0.05648528,0.9494069,-0.3089271,-0.3039081,0.3110878,0.90048,moving,-5.5696577412640025,4.215655609559167,-3.793326659739578,7.501915258411234,-0.3966832000000001,0.4780382,0.926269,-0.09679571055839484,0.07316551403418195,0.9926113746549099,-5.659007885814734,4.36330339645484,3.734280216150687,3.735619706402546,3.651253326919769
05/17/2023 16:15:34.327413,1639,True,True,True,True,Eyes,1.083713,-0.2571837,-3.466912,-0.3881817,0.3764438,0.8411926,0.0,0.0,0.0,0.0,0.0,0.0,0.0,0.04274178,-0.8986145,3.542999,1.085049,-0.2584056,-3.481101,-0.1600109,-0.1561631,-0.003635353,0.9746776,341.7567,341.3792,2.588294,0.2976157,-0.07098164,-0.9520429,0,0,0,0.6892217,0.2224794,-2.554317,-0.07267889,0.1456324,1.104703,0.9511997,0.042889,0.3055807,0.05706219,0.9487666,-0.3107826,-0.3032539,0.3130535,0.9000192,moving,-5.5262523224535345,4.239196162276238,-3.764089659575951,7.509966231150531,-0.3958272999999999,0.480885,0.9267839999999996,-0.09604078575657804,0.07357873857283259,0.9926541662479332,-5.615758837324686,4.386966435365645,3.713976342566335,3.715259626713019,3.6306757591799785
05/17/2023 16:15:34.347117,1640,True,True,True,True,Eyes,1.083762,-0.2570694,-3.467083,-0.3868084,0.3787417,0.8407937,0.0,0.0,0.0,0.0,0.0,0.0,0.0,0.04025912,-0.9057309,3.541351,1.085074,-0.2583031,-3.48124,-0.1609755,-0.1558198,-0.003800929,0.974573,341.6422,341.415,2.582075,0.2976147,-0.07094617,-0.9520459,0,0,0,0.6901491,0.2253278,-2.553863,-0.07226348,0.1459347,1.106062,0.9514115,0.04275778,0.3049393,0.05757491,0.9481449,-0.3125802,-0.3024918,0.3149492,0.8996142,moving,-5.491106435538712,4.264183948803809,-3.7380511426750065,7.516236216773593,-0.39492490000000013,0.4836309,0.9273769999999999,-0.09542877074323172,0.07401602754671027,0.9926807326476023,-5.580781829353674,4.4121251313368,3.693241077406888,3.6944616405431616,3.609870082753508
05/17/2023 16:15:34.367498,1641,True,True,True,True,Eyes,1.083818,-0.2569516,-3.467255,-0.3855078,0.3810098,0.8403662,0.0,0.0,0.0,0.0,0.0,0.0,0.0,0.03758383,-0.9095305,3.540533,1.085129,-0.2583468,-3.481348,-0.161535,-0.1554747,-0.003683839,0.9745361,341.5795,341.4494,2.600631,0.2976138,-0.07091078,-0.9520488,0,0,0,0.6911554,0.2284189,-2.553369,-0.07165042,0.147627,1.107417,0.951628,0.04304915,0.3042216,0.05740929,0.9477857,-0.3136979,-0.3018413,0.3159888,0.8994681,moving,-5.455394345756027,4.341662584343856,-3.701905051624479,7.593189497221203,-0.39397360000000003,0.48676569999999997,0.9279790000000001,-0.09480043140858524,0.07536286504802422,0.9926396115589075,-5.545612785966207,4.490407852747795,3.6930814524211093,3.6942051878312934,3.6092259756009475
05/17/2023 16:15:34.377706,1642,True,True,True,True,Eyes,1.083874,-0.2568403,-3.467425,-0.3842397,0.3832352,0.8399349,0.0,0.0,0.0,0.0,0.0,0.0,0.0,0.03534544,-0.9137936,3.539707,1.085162,-0.2581805,-3.481602,-0.1621114,-0.1551738,-0.003658406,0.9744885,341.5132,341.48,2.609593,0.2976131,-0.07087536,-0.9520517,0,0,0,0.6921131,0.2313603,-2.5529,-0.07100219,0.1488497,1.108796,0.9518154,0.04318073,0.3036163,0.05744103,0.947413,-0.314816,-0.301244,0.3170868,0.899282,moving,-5.418881528078206,4.4119963976406185,-3.663955290861708,7.645928061813055,-0.3930488999999999,0.4895408,0.9287019999999999,-0.09415902888685868,0.07658600893425943,0.9926070029612654,-5.509591852103904,4.561456281997149,3.678399363155237,3.679413011148376,3.5944875123826234
05/17/2023 16:15:34.397392,1643,True,True,True,True,Eyes,1.083917,-0.2567245,-3.4676,-0.3830224,0.3854446,0.8394797,0.0,0.0,0.0,0.0,0.0,0.0,0.0,0.03338242,-0.9186746,3.538599,1.085242,-0.2582414,-3.481712,-0.1628208,-0.1549286,-0.003560652,0.9744096,341.4331,341.5014,2.630868,0.2976126,-0.07084011,-0.9520545,0,0,0,0.6930926,0.2343689,-2.55242,-0.07022327,0.1501267,1.110207,0.9519689,0.04351214,0.3030873,0.05739027,0.9469534,-0.316205,-0.3007683,0.3184116,0.898973,moving,-5.376537904611557,4.468409081656669,-3.619274614993286,7.701055410667052,-0.3921494000000001,0.4926103,0.9292919999999998,-0.09341830642182825,0.07756871077718816,0.9926006147573416,-5.467639294700775,4.618393275899856,3.6784685279563103,3.679398939705279,3.5943369105187695
05/17/2023 16:15:34.417618,1644,True,True,True,True,Eyes,1.083959,-0.2566117,-3.467777,-0.3818412,0.3876047,0.8390232,0.0,0.0,0.0,0.0,0.0,0.0,0.0,0.03208828,-0.9231679,3.537627,1.085223,-0.2580317,-3.481922,-0.1634129,-0.1547447,-0.003612521,0.9743395,341.3639,341.5192,2.633318,0.297612,-0.07080486,-0.9520573,0,0,0,0.6940886,0.2374278,-2.551932,-0.06928828,0.1513446,1.111595,0.952082,0.04353491,0.3027284,0.0576142,0.9465663,-0.3173212,-0.3003671,0.3195573,0.8987006,moving,-5.334015386258105,4.5307552770558575,-3.566763518562261,7.753196276916697,-0.3911344000000001,0.49545949999999994,0.9299900000000001,-0.09267371550190687,0.07865426283043997,0.9925850719265533,-5.425550107474165,4.681334924866367,3.674402524869501,3.6752285862866505,3.5904623308620343
05/17/2023 16:15:34.427504,1645,True,True,True,True,Eyes,1.084018,-0.2565022,-3.467951,-0.3807608,0.3897439,0.8385231,0.0,0.0,0.0,0.0,0.0,0.0,0.0,0.03130913,-0.9272309,3.536793,1.085259,-0.2579997,-3.482138,-0.1639659,-0.1546361,-0.003663772,0.9742636,341.2993,341.5282,2.636515,0.2976111,-0.07076971,-0.9520602,0,0,0,0.6951182,0.2405902,-2.551427,-0.06819487,0.1528979,1.113103,0.9521486,0.04357113,0.302514,0.05784905,0.9462035,-0.318359,-0.3001111,0.3206252,0.8984058,moving,-5.289504834443615,4.596510306528678,-3.505875557876928,7.82130846783115,-0.39014079999999995,0.49858990000000003,0.9307110000000001,-0.09189420624087336,0.07979913434317418,0.9925661875436317,-5.38149666881743,4.747719225641025,3.684463607267368,3.6851942387567043,3.6006812385314744
05/17/2023 16:15:34.453277,1646,True,True,True,True,Eyes,1.084078,-0.2563971,-3.468125,-0.379716,0.3918208,0.8380288,0.0,0.0,0.0,0.0,0.0,0.0,0.0,0.03055084,-0.9305919,3.536139,1.085238,-0.2580216,-3.482369,-0.1644415,-0.15453,-0.00361621,0.9742004,341.2454,341.5357,2.649793,0.2976106,-0.07073473,-0.952063,0,0,0,0.6960241,0.2433727,-2.550983,-0.06713089,0.1543684,1.114463,0.9522148,0.04377645,0.3022757,0.05786811,0.9458919,-0.3192803,-0.2998971,0.3215155,0.898159,moving,-5.24437669439567,4.670141813976348,-3.44710842731247,7.886072033499796,-0.3892138999999999,0.5013943000000001,0.9313859999999998,-0.09110294453301246,0.08108054518137678,0.9925352629950158,-5.336881646252286,4.822073022133763,3.6834334662845873,3.6840711720470853,3.599907326678589
05/17/2023 16:15:34.470794,1647,True,True,True,True,Eyes,1.084165,-0.2562878,-3.468294,-0.3786986,0.3938674,0.8375295,0.0,0.0,0.0,0.0,0.0,0.0,0.0,0.02981448,-0.9331579,3.535685,1.085325,-0.2580296,-3.482561,-0.1648065,-0.1544432,-0.003548896,0.9741527,341.2046,341.5416,2.663502,0.2976102,-0.07070002,-0.9520657,0,0,0,0.6969985,0.2463656,-2.550505,-0.06605387,0.1562739,1.115865,0.9522694,0.04399213,0.3020722,0.0578208,0.9456524,-0.3199972,-0.2997327,0.3221896,0.8979723,moving,-5.198751904762823,4.755081635943463,-3.387682853389096,7.97226935705382,-0.38832650000000013,0.5043952,0.9320560000000002,-0.09030155716196522,0.08255790980158431,0.99248659542499,-5.291850483235769,4.907870138860391,3.6913579697235153,3.6919192761634134,3.607824404127839
05/17/2023 16:15:34.487220,1648,True,True,True,True,Eyes,1.084251,-0.2561805,-3.468465,-0.377712,0.3958545,0.8370382,0.0,0.0,0.0,0.0,0.0,0.0,0.0,0.02917206,-0.936879,3.534923,1.085353,-0.2578809,-3.482784,-0.1652922,-0.1543499,-0.003622225,0.974085,341.1473,341.5498,2.663006,0.2976109,-0.07066543,-0.952068,0,0,0,0.6979756,0.2493665,-2.550027,-0.06500962,0.1576959,1.117275,0.9523259,0.04396895,0.3018973,0.05808238,0.9453308,-0.320899,-0.2995024,0.3231354,0.8977092,moving,-5.158739325671116,4.818990018269549,-3.3300502047772236,8.033848286314415,-0.3873774,0.5072474,0.9327570000000001,-0.0896001015358224,0.08367022280479217,0.9924571547397179,-5.252283040356776,4.972402274125354,3.6980672021431436,3.6985696673838806,3.614890144904615
05/17/2023 16:15:34.497459,1649,True,True,True,True,Eyes,1.084356,-0.2560691,-3.468633,-0.376729,0.3978376,0.8365408,0.0,0.0,0.0,0.0,0.0,0.0,0.0,0.02859116,-0.9393142,3.534539,1.08544,-0.2578306,-3.483021,-0.1656096,-0.1542705,-0.00368628,0.9740435,341.1096,341.5577,2.660404,0.2976123,-0.07063101,-0.9520702,0,0,0,0.6989795,0.2524501,-2.549535,-0.06396273,0.1596526,1.118729,0.952374,0.04391614,0.3017533,0.05827852,0.9451197,-0.3214844,-0.2993113,0.3237592,0.8975481,moving,-5.118175395017805,4.902036583413374,-3.272292917631166,8.12177911869237,-0.3864605,0.5102807,0.9334859999999998,-0.0888865320785168,0.08511409749497031,0.9923984987403351,-5.212300576125895,5.056302157887893,3.7108820463875265,3.7113372406462677,3.6277787573446725
05/17/2023 16:15:34.517256,1650,True,True,True,True,Eyes,1.084461,-0.2559619,-3.468801,-0.3757796,0.3997841,0.8360397,0.0,0.0,0.0,0.0,0.0,0.0,0.0,0.02841282,-0.9437077,3.533615,1.085398,-0.2576752,-3.483294,-0.1661894,-0.154232,-0.003738551,0.9739507,341.0421,341.558,2.665421,0.297615,-0.07059661,-0.9520719,0,0,0,0.6999994,0.2555827,-2.549035,-0.06263974,0.1609672,1.120256,0.952397,0.04398112,0.3016713,0.05854578,0.9447343,-0.3225673,-0.2991861,0.3248737,0.8971871,moving,-5.073119840813182,4.953438112259901,-3.2003928966504755,8.176742211021685,-0.38539860000000004,0.5132578999999999,0.934259,-0.0880993084147659,0.0860104088105452,0.9923914226746131,-5.167599634448708,5.108157198631703,3.7274163062269396,3.727840597515873,3.645012527756686
05/17/2023 16:15:34.537077,1651,True,True,True,True,Eyes,1.084589,-0.2558475,-3.468968,-0.374823,0.4017443,0.8355293,0.0,0.0,0.0,0.0,0.0,0.0,0.0,0.02774537,-0.9481929,3.532594,1.0855,-0.2576843,-3.483439,-0.1668332,-0.1541655,-0.003628344,0.9738515,340.9702,341.5579,2.690344,0.2976188,-0.07056236,-0.9520732,0,0,0,0.700893,0.2583273,-2.548597,-0.06158236,0.162048,1.121637,0.9524397,0.0443729,0.3014792,0.05850677,0.944307,-0.3238228,-0.2990578,0.3260603,0.8967994,moving,-5.025912579716282,5.003102888259166,-3.1426123739917324,8.220898867464204,-0.3846069999999999,0.5160115999999999,0.9348420000000002,-0.08727503685488835,0.08687692103362252,0.9923887562864038,-5.120734030855446,5.158246414907126,3.7280026400767743,3.728408591969265,3.6459299684041007
05/17/2023 16:15:34.547100,1652,True,True,True,True,Eyes,1.084716,-0.2557332,-3.469133,-0.3738801,0.4037035,0.8350073,0.0,0.0,0.0,0.0,0.0,0.0,0.0,0.0268954,-0.9538555,3.531383,1.085514,-0.2574619,-3.483762,-0.1675828,-0.1540437,-0.003677089,0.9737419,340.8831,341.5666,2.697598,0.2976242,-0.07052804,-0.9520741,0,0,0,0.7018729,0.261337,-2.548116,-0.06050843,0.1627884,1.123212,0.9525141,0.04446907,0.30123,0.05879121,0.943805,-0.3252319,-0.2987651,0.3274976,0.8963731,moving,-4.989768521623018,5.036809543466161,-3.0835939974633164,8.246523266114533,-0.38364110000000007,0.5187989,0.9356460000000002,-0.08664451074074006,0.08746555531706704,0.9923923324638924,-5.084820762372358,5.1922257685773605,3.7326615196793433,3.733063553961108,3.6515259506198423
05/17/2023 16:15:34.567484,1653,True,True,True,True,Eyes,1.084845,-0.255614,-3.469302,-0.3729048,0.4056901,0.8344804,0.0,0.0,0.0,0.0,0.0,0.0,0.0,0.02473748,-0.9616601,3.529454,1.085639,-0.2573731,-3.483905,-0.1686672,-0.1537715,-0.003698861,0.9735976,340.7576,341.5897,2.711863,0.2976311,-0.07049364,-0.9520745,0,0,0,0.7029079,0.2645158,-2.547609,-0.05979121,0.1631302,1.124862,0.9526813,0.04467001,0.3006709,0.05907482,0.9430754,-0.3272903,-0.2981754,0.3295654,0.8958114,moving,-4.966024574670835,5.0357147762192715,-3.042651514482499,8.251644875079752,-0.3827311,0.5218889,0.936296,-0.08623336406523044,0.08744972234369358,0.99242951289712,-5.061062717876965,5.191028900815634,3.746798101962945,3.747208338138543,3.6662452083717736
05/17/2023 16:15:34.577500,1654,True,True,True,True,Eyes,1.084969,-0.2554949,-3.46947,-0.3719512,0.4076784,0.8339368,0.0,0.0,0.0,0.0,0.0,0.0,0.0,0.02235687,-0.9683812,3.527886,1.08565,-0.2571765,-3.484174,-0.1695775,-0.1534458,-0.003743901,0.9734907,340.6515,341.6215,2.718645,0.2976392,-0.07045905,-0.9520745,0,0,0,0.7038432,0.2673889,-2.547151,-0.05920923,0.1634333,1.126384,0.9528807,0.04475262,0.3000259,0.05933123,0.9424589,-0.3290153,-0.2974863,0.3313132,0.8953957,moving,-4.951419808971441,5.054323211814175,-3.009026709508908,8.255748735904737,-0.3818068,0.5245654,0.9370229999999999,-0.08597792716301711,0.08777398127784564,0.9924230366399336,-5.046586781438345,5.209807902267751,3.744179236720323,3.7445982880862125,3.6646154789743313
05/17/2023 16:15:34.597350,1655,True,True,True,True,Eyes,1.085086,-0.2553775,-3.469644,-0.3709186,0.4096754,0.833418,0.0,0.0,0.0,0.0,0.0,0.0,0.0,0.02161574,-0.9765317,3.525776,1.08567,-0.2570802,-3.484309,-0.170682,-0.1533361,-0.003944092,0.9733142,340.5208,341.6282,2.715545,0.2976483,-0.07042428,-0.9520742,0,0,0,0.7047879,0.2702902,-2.546688,-0.05827266,0.1633712,1.127936,0.952945,0.04466572,0.2998346,0.06002107,0.9417043,-0.3310448,-0.2971419,0.3334638,0.8947114,moving,-4.911005546408718,5.045789641957359,-2.9574477138486124,8.241455727916184,-0.3808820999999999,0.5273703999999999,0.937621,-0.08527896880024338,0.08763145968408098,0.9924960093970778,-5.0061009579091325,5.201019819456958,3.745054630019501,3.7454866089874534,3.666228392755691
05/17/2023 16:15:34.617312,1656,True,True,True,True,Eyes,1.085201,-0.2552598,-3.469818,-0.3699024,0.4116596,0.8328918,0.0,0.0,0.0,0.0,0.0,0.0,0.0,0.02058911,-0.9832437,3.524151,1.085679,-0.2570791,-3.484543,-0.1716144,-0.1531938,-0.003994942,0.9731722,340.4126,341.6375,2.725847,0.2976582,-0.0703894,-0.9520737,0,0,0,0.7047879,0.2702902,-2.546688,-0.05844802,0.1611845,1.128438,0.9530314,0.04480499,0.2995391,0.06035605,0.941065,-0.3327967,-0.2967967,0.3352447,0.8941603,static,-4.871952754506882,5.06035906033495,-2.9650144393899067,8.129060968196852,-0.38089110000000004,0.5273692999999999,0.9378549999999999,-0.08460053993564098,0.08788893691498587,0.9925313323596953,-4.9671417154491815,5.215619434321375,3.6125447796576164,3.6129413414801577,3.5350608482530004
05/17/2023 16:15:34.627142,1657,True,True,True,True,Eyes,1.085309,-0.2551408,-3.469998,-0.3687821,0.413684,0.8323854,0.0,0.0,0.0,0.0,0.0,0.0,0.0,0.01870263,-0.9897149,3.522589,1.085783,-0.256916,-3.484766,-0.1724863,-0.152943,-0.00409579,0.9730572,340.31,341.6616,2.726694,0.2976687,-0.0703544,-0.952073,0,0,0,0.7047879,0.2702902,-2.546688,-0.05900514,0.1589627,1.128868,0.9531834,0.04479027,0.2990575,0.06073203,0.9404634,-0.3344252,-0.2962317,0.3369309,0.8937138,static,-4.840741033607028,5.083112381918077,-2.992087389004287,8.015461033292297,-0.3809950999999999,0.5272062,0.938078,-0.08405687612803212,0.08828716009564044,0.992542171500745,-4.936083981607612,5.238531343455881,3.4660827357537225,3.4664374956025394,3.3897582884843445
05/17/2023 16:15:34.647123,1658,True,True,True,True,Eyes,1.085414,-0.2550283,-3.470173,-0.3676784,0.4156894,0.8318744,0.0,0.0,0.0,0.0,0.0,0.0,0.0,0.01639581,-0.9983327,3.520435,1.085764,-0.2567922,-3.48505,-0.1736422,-0.152603,-0.004365338,0.9729038,340.1714,341.6972,2.711519,0.2976795,-0.07031927,-0.9520722,0,0,0,0.7047879,0.2702902,-2.546688,-0.05970457,0.1560528,1.129409,0.9533865,0.04450252,0.298452,0.06149073,0.9396586,-0.3365419,-0.29542,0.3392065,0.8931214,static,-4.823830608028538,5.068530181432122,-3.02604163290256,7.866866367006329,-0.38097609999999993,0.5270824000000001,0.9383620000000001,-0.08376579320207533,0.0880367115354464,0.9925890034578924,-4.919065088711859,5.223709375701027,3.3257507044639785,3.3260683406356097,3.2511254489684456
05/17/2023 16:15:34.667670,1659,True,True,True,True,Eyes,1.085562,-0.2549136,-3.470335,-0.3665296,0.4177774,0.8313352,0.0,0.0,0.0,0.0,0.0,0.0,0.0,0.0135994,-1.004497,3.518754,1.085815,-0.2568549,-3.485091,-0.1745382,-0.1522449,-0.004294401,0.9728,340.0689,341.7306,2.730811,0.2976905,-0.0702842,-0.9520714,0,0,0,0.7047879,0.2702902,-2.546688,-0.06037024,0.1541375,1.129718,0.9536061,0.04478992,0.2977067,0.06150028,0.939036,-0.3382739,-0.2947085,0.3408891,0.8927158,static,-4.798239003923972,5.097818875512662,-3.058881117444994,7.769400475700948,-0.38102709999999995,0.5271451,0.9384030000000001,-0.08331865141743372,0.08854742746428129,0.9925812177355553,-4.893675565032849,5.2532567854007075,3.187618095797591,3.1879012067065724,3.1140728532160153
05/17/2023 16:15:34.677663,1660,True,True,True,True,Eyes,1.085712,-0.2547995,-3.4705,-0.3654156,0.4198292,0.8307917,0.0,0.0,0.0,0.0,0.0,0.0,0.0,0.01060617,-1.009174,3.517626,1.085772,-0.2567799,-3.485312,-0.1752288,-0.1518594,-0.00402089,0.9727373,339.9937,341.7652,2.769222,0.297703,-0.07024913,-0.9520701,0,0,0,0.7047879,0.2702902,-2.546688,-0.06084329,0.1525955,1.130035,0.9538451,0.04539776,0.2968478,0.06104283,0.9385574,-0.339682,-0.2940294,0.3421244,0.8924672,static,-4.772879360590212,5.153942234351237,-3.081940760889122,7.690478157134047,-0.38098409999999994,0.5270701,0.9386239999999999,-0.08287205519968147,0.08952299365637262,0.992531018537291,-4.868709424240143,5.309964507007858,3.048222853255929,3.0484894350361005,2.9764723238710467
05/17/2023 16:15:34.697407,1661,True,True,True,True,Eyes,1.085887,-0.254672,-3.470662,-0.3642244,0.4219548,0.8302377,0.0,0.0,0.0,0.0,0.0,0.0,0.0,0.008550882,-1.014337,3.516392,1.08596,-0.2566994,-3.485507,-0.175995,-0.1516413,-0.003670222,0.9726343,339.9115,341.777,2.821913,0.2977167,-0.07021406,-0.9520683,0,0,0,0.7047879,0.2702902,-2.546688,-0.06111619,0.1508954,1.130437,0.9539829,0.04623668,0.296275,0.06051581,0.9380246,-0.3412444,-0.2936913,0.3434707,0.8920614,static,-4.721524677533509,5.206996963576639,-3.0946385917709147,7.603132322796023,-0.3811721,0.5269896000000001,0.9388190000000001,-0.081975520724231,0.09044874518235252,0.992521507976839,-4.817719473974959,5.3634691852314385,2.8959930422160363,2.896242910349431,2.825791693735175
05/17/2023 16:15:34.724091,1662,True,True,True,True,Eyes,1.086058,-0.2545506,-3.470822,-0.363033,0.4240519,0.8296909,0.0,0.0,0.0,0.0,0.0,0.0,0.0,0.006319404,-1.022098,3.514449,1.086038,-0.2563169,-3.485814,-0.1769877,-0.1513186,-0.00398476,0.9725031,339.7909,341.813,2.798177,0.2977323,-0.07017862,-0.9520661,0,0,0,0.7047879,0.2702902,-2.546688,-0.06192979,0.1480686,1.13087,0.9541737,0.04581266,0.2957261,0.06131342,0.937319,-0.3430361,-0.292905,0.345448,0.8915561,static,-4.700391642057002,5.21551689115388,-3.134555564017918,7.459494237485377,-0.38125010000000004,0.5266071,0.9391259999999999,-0.08160831509072042,0.09059907490110217,0.9925380864533802,-4.796641596026249,5.3720131487688025,2.736058687757973,2.7362889018043712,2.668352913980183
05/17/2023 16:15:34.727491,1663,True,True,True,True,Eyes,1.086253,-0.2544307,-3.470977,-0.3617452,0.4261796,0.8291631,0.0,0.0,0.0,0.0,0.0,0.0,0.0,0.00223279,-1.02754,3.512987,1.08612,-0.2563543,-3.485907,-0.1777457,-0.1507621,-0.004152376,0.9724506,339.6991,341.8767,2.781849,0.2977494,-0.07014302,-0.9520633,0,0,0,0.7047879,0.2702902,-2.546688,-0.06323087,0.1463223,1.131147,0.9545071,0.04551864,0.2946934,0.06167056,0.9367785,-0.3444457,-0.2917411,0.3469498,0.8913546,static,-4.696777408165717,5.257401880804479,-3.199491745560252,7.370706019982678,-0.38133209999999995,0.5266445,0.939219,-0.0815402800764154,0.09132514270339359,0.9924771980333222,-4.793325090613446,5.414391546622254,2.5897638566657286,2.5899650075071663,2.5233848399487
05/17/2023 16:15:34.747155,1664,True,True,True,True,Eyes,1.086441,-0.2543203,-3.471131,-0.360472,0.428242,0.8286548,0.0,0.0,0.0,0.0,0.0,0.0,0.0,-0.001491189,-1.033359,3.5115,1.086094,-0.256338,-3.486138,-0.1785543,-0.1502432,-0.004247964,0.9723823,339.603,341.9339,2.775823,0.2977685,-0.07010732,-0.9520599,0,0,0,0.7047879,0.2702902,-2.546688,-0.06425202,0.1443998,1.131512,0.9548178,0.04539186,0.2937046,0.06191444,0.9362006,-0.3459696,-0.2906706,0.3485226,0.8910906,static,-4.6870095581547755,5.291243362614891,-3.250005669396913,7.272586443040793,-0.38130609999999987,0.5266282,0.9394499999999999,-0.08136666195035994,0.09191263549883114,0.9924371943200005,-4.783795979707056,5.448606059279929,2.4474025611787433,2.4475907702589543,2.3831527765432314
05/17/2023 16:15:34.767469,1665,True,True,True,True,Eyes,1.086636,-0.2542108,-3.471287,-0.3591355,0.4302641,0.8281876,0.0,0.0,0.0,0.0,0.0,0.0,0.0,-0.005130291,-1.035261,3.511083,1.086133,-0.2564619,-3.486264,-0.1788497,-0.1497549,-0.004217116,0.9724035,339.5683,341.9897,2.774852,0.2977893,-0.07007179,-0.9520561,0,0,0,0.7047879,0.2702902,-2.546688,-0.06526724,0.1438549,1.131699,0.9551114,0.04536576,0.2927527,0.06176871,0.93599,-0.3465651,-0.2897358,0.3490913,0.8911725,static,-4.66890509665401,5.383827359948799,-3.3007007033152944,7.244250643795982,-0.3813451,0.5267521,0.9395759999999997,-0.08104089835708367,0.0935186871480011,0.9923138776871013,-4.766346947348804,5.5422428505133015,2.309183725317498,2.309363128014323,2.2460964897004123
05/17/2023 16:15:34.777375,1666,True,True,True,True,Eyes,1.086826,-0.2541066,-3.471441,-0.3578102,0.4322148,0.8277453,0.0,0.0,0.0,0.0,0.0,0.0,0.0,-0.008756638,-1.036999,3.510846,1.086159,-0.2564016,-3.486546,-0.1790859,-0.1492577,-0.004215481,0.9724366,339.5397,342.0479,2.768973,0.2978117,-0.07003642,-0.9520516,0,0,0,0.7047879,0.2702902,-2.546688,-0.0662784,0.1432052,1.131937,0.9554088,0.04526131,0.2917971,0.06165846,0.9358209,-0.3470409,-0.2887774,0.3495576,0.8913008,static,-4.653338757965379,5.478027202148353,-3.351018357469484,7.210377873521615,-0.3813711000000001,0.5266918,0.9398580000000001,-0.0807587361065511,0.09515219983113599,0.9921815053935132,-4.751448232995514,5.637524540868016,2.1670903989454455,2.167274157589478,2.105960930859209
05/17/2023 16:15:34.797655,1667,True,True,True,True,Eyes,1.087021,-0.2540025,-3.471597,-0.3564493,0.4341101,0.8273405,0.0,0.0,0.0,0.0,0.0,0.0,0.0,-0.01279342,-1.037904,3.510709,1.086249,-0.2564274,-3.486659,-0.1792174,-0.1487133,-0.004259417,0.9724956,339.5223,342.1138,2.754479,0.2978355,-0.07000136,-0.9520468,0,0,0,0.7047879,0.2702902,-2.546688,-0.06754383,0.142909,1.132036,0.9557325,0.04501946,0.2907727,0.06158852,0.9357259,-0.3473093,-0.2877192,0.349843,0.8915311,static,-4.642583012487993,5.579562008999019,-3.4145502388639395,7.194998006917345,-0.3814611,0.5267176,0.9399709999999999,-0.0805587352476296,0.09691188113214691,0.9920274002281798,-4.74141369271911,5.740247972119384,2.0290363692857833,2.029211166060635,1.9689754414215381
05/17/2023 16:15:34.817097,1668,True,True,True,True,Eyes,1.087211,-0.2539059,-3.471751,-0.3551113,0.4359509,0.8269479,0.0,0.0,0.0,0.0,0.0,0.0,0.0,-0.01669312,-1.039608,3.510455,1.086209,-0.2563561,-3.486945,-0.1794541,-0.1481741,-0.004222978,0.9725344,339.4942,342.1764,2.751765,0.2978607,-0.06996657,-0.9520414,0,0,0,0.7047879,0.2702902,-2.546688,-0.06856191,0.1422695,1.132246,0.9560532,0.04496691,0.2897244,0.06139487,0.9355568,-0.347799,-0.2866931,0.350302,0.8916814,static,-4.629204522084394,5.667898543761342,-3.465251550716628,7.161821704235933,-0.38142109999999996,0.5266462999999999,0.9402569999999999,-0.08031496898298532,0.09844318296669641,0.991896414651025,-4.728661594464856,5.829603578597846,1.8936419042141162,1.8938302270684781,1.8360310653479035
05/17/2023 16:15:34.827196,1669,True,True,True,True,Eyes,1.087421,-0.2537993,-3.471904,-0.3537963,0.4377471,0.8265626,0.0,0.0,0.0,0.0,0.0,0.0,0.0,-0.02039468,-1.041761,3.509929,1.086256,-0.2564503,-3.487057,-0.1798097,-0.1476986,-0.004011011,0.9725419,339.4558,342.2263,2.773689,0.2978868,-0.06993223,-0.9520358,0,0,0,0.7047879,0.2702902,-2.546688,-0.06943268,0.1416498,1.132423,0.9563381,0.04531353,0.2887285,0.06091703,0.9353047,-0.3485602,-0.2858437,0.3509298,0.8917072,static,-4.603583017316402,5.744223320961752,-3.5086055444813677,7.129844844079076,-0.3814681000000001,0.5267405000000001,0.940369,-0.07986081536169723,0.09976807236755009,0.9918007154044044,-4.703577581182572,5.90675623583562,1.7658571686075368,1.7660471883112783,1.7099426633991972
05/17/2023 16:15:34.847365,1670,True,True,True,True,Eyes,1.087623,-0.2536934,-3.472059,-0.3525112,0.4395379,0.8261612,0.0,0.0,0.0,0.0,0.0,0.0,0.0,-0.0233742,-1.046157,3.508862,1.086241,-0.2561621,-3.487344,-0.1804145,-0.147306,-0.00385323,0.9724901,339.388,342.2649,2.796024,0.2979145,-0.06989802,-0.9520296,0,0,0,0.7047879,0.2702902,-2.546688,-0.07003832,0.1400205,1.132688,0.9565722,0.04565783,0.2878976,0.06064674,0.9348716,-0.3497673,-0.2851169,0.3520378,0.8915031,static,-4.570650628861792,5.7902053235823345,-3.538306683077544,7.0470323257637935,-0.3814531,0.5264523,0.9406560000000002,-0.0792843122614861,0.10056863814446612,0.9917660948521484,-4.6709643699501475,5.953171523248646,1.6262286490243436,1.6264526232908916,1.5746253176266025
05/17/2023 16:15:34.867475,1671,True,True,True,True,Eyes,1.087791,-0.2535935,-3.472219,-0.3513061,0.4412439,0.825765,0.0,0.0,0.0,0.0,0.0,0.0,0.0,-0.02513683,-1.052953,3.507029,1.08626,-0.25609,-3.487556,-0.1813562,-0.1470672,-0.003902901,0.9723509,339.2781,342.2858,2.803892,0.2979434,-0.06986395,-0.9520231,0,0,0,0.7047879,0.2702902,-2.546688,-0.07045346,0.1377456,1.13309,0.956712,0.0457531,0.2874174,0.06093305,0.9341893,-0.3515358,-0.2845861,0.3538317,0.8909624,static,-4.529433476642422,5.786685754675259,-3.557966122663331,6.931227436914331,-0.3814721,0.5263802,0.940868,-0.07857127886403276,0.10051340518012547,0.9918284125423038,-4.629711199388074,5.949455121253366,1.5009991010465091,1.5012409807322014,1.453449135429933
05/17/2023 16:15:34.878160,1672,True,True,True,True,Eyes,1.087951,-0.2535054,-3.472375,-0.350144,0.4428673,0.8253895,0.0,0.0,0.0,0.0,0.0,0.0,0.0,-0.02649689,-1.059757,3.505046,1.086156,-0.2561281,-3.487663,-0.1823065,-0.1468616,-0.004036859,0.9722037,339.1659,342.3043,2.80262,0.2979723,-0.06983018,-0.9520166,0,0,0,0.7047879,0.2702902,-2.546688,-0.07075989,0.1355551,1.133407,0.9568307,0.04569837,0.2870307,0.06139696,0.9334961,-0.3532924,-0.2840869,0.3556638,0.890392,static,-4.4893068084768295,5.774815680549524,-3.572404267391991,6.820160572451694,-0.3813680999999999,0.5264183,0.9409749999999999,-0.07787822406509903,0.10031340097033892,0.9919033706252693,-4.589489253506945,5.9372912287493405,1.3902269857999878,1.3904877607781356,1.346818527875927
05/17/2023 16:15:34.897650,1673,True,True,True,True,Eyes,1.088078,-0.2534155,-3.472537,-0.3491206,0.444262,0.8250734,0.0,0.0,0.0,0.0,0.0,0.0,0.0,-0.02787662,-1.058411,3.505503,1.086112,-0.2563255,-3.487725,-0.1821908,-0.1466962,-0.00372851,0.9722515,339.1842,342.319,2.833266,0.2980012,-0.069797,-0.95201,0,0,0,0.7047879,0.2702902,-2.546688,-0.07085937,0.1361408,1.133458,0.9569326,0.04620329,0.2866098,0.06070348,0.9335852,-0.3531765,-0.2838925,0.3553644,0.8905735,static,-4.444301272967603,5.881530814975719,-3.577253061793994,6.849044183957393,-0.38132409999999994,0.5266157,0.9410370000000001,-0.0770844461624994,0.10216699441888427,0.9917761475187595,-4.545232790593961,6.0451295211585405,1.2988699174995486,1.2991746301624054,1.258278006018801
05/17/2023 16:15:34.917226,1674,True,True,True,True,Eyes,1.088199,-0.2533236,-3.472702,-0.3481449,0.4456196,0.8247535,0.0,0.0,0.0,0.0,0.0,0.0,0.0,-0.0282892,-1.059854,3.505182,1.086014,-0.2561648,-3.487886,-0.1824377,-0.1466738,-0.003273596,0.9722102,339.1639,342.3096,2.891907,0.2980292,-0.06976432,-0.9520036,0,0,0,0.7047879,0.2702902,-2.546688,-0.07044166,0.1355975,1.133576,0.9569522,0.04715241,0.2863899,0.0598829,0.9334115,-0.3537753,-0.284001,0.3556959,0.8904066,static,-4.378995226916747,5.947689584652628,-3.5558504978250016,6.821266213728061,-0.3812261,0.526455,0.941198,-0.0759448618543079,0.103321180254691,0.9917444966981807,-4.4803812273172765,6.111844631214041,1.1998994061937476,1.2002930358451303,1.1653480387902209
05/17/2023 16:15:34.927410,1675,True,True,True,True,Eyes,1.088308,-0.2532333,-3.472876,-0.3472598,0.4467761,0.8245009,0.0,0.0,0.0,0.0,0.0,0.0,0.0,-0.02791631,-1.062027,3.504398,1.086587,-0.2570476,-3.487512,-0.182901,-0.1468334,-0.003090162,0.9720998,339.1144,342.2816,2.926734,0.2980562,-0.06973204,-0.9519975,0,0,0,0.7047879,0.2702902,-2.546688,-0.07052889,0.1355454,1.133869,0.9568608,0.04770407,0.2866037,0.05971985,0.9330754,-0.3546886,-0.284343,0.3565035,0.8899744,static,-4.3050108835142975,5.968794065688229,-3.5593248671731925,6.816924580689205,-0.38179909999999995,0.5273378,0.9408240000000001,-0.07466125436678764,0.10369655246293744,0.991802756817977,-4.406527780878632,6.132927687464582,1.1290611722178066,1.1293241365712892,1.088854685865806
05/17/2023 16:15:34.947084,1676,True,True,True,True,Eyes,1.08843,-0.2531818,-3.473025,-0.3464175,0.4479045,0.8242429,0.0,0.0,0.0,0.0,0.0,0.0,0.0,-0.02787113,-1.060976,3.505082,1.086506,-0.2569826,-3.487909,-0.1827487,-0.146829,-0.00293045,0.9721295,339.1348,342.2802,2.942547,0.2980819,-0.06970014,-0.9519918,0,0,0,0.7047879,0.2702902,-2.546688,-0.07025859,0.1357687,1.134132,0.9568653,0.04796807,0.2865447,0.05936318,0.9331886,-0.3544503,-0.2844026,0.3561714,0.8900883,static,-4.256392091286504,6.0588442198444215,-3.544898582351354,6.826480518159671,-0.38171809999999995,0.5272728,0.9412210000000001,-0.07380741630190382,0.10526191531099086,0.9917017082322735,-4.358538264331783,6.22388578292818,1.0463033282462042,1.0466558650043434,1.012487010791706
05/17/2023 16:15:34.967146,1677,True,True,True,True,Eyes,1.088546,-0.2531317,-3.473168,-0.3456848,0.4488799,0.8240199,0.0,0.0,0.0,0.0,0.0,0.0,0.0,-0.02743137,-1.0621,3.504789,1.086366,-0.2568516,-3.488007,-0.1828815,-0.1468661,-0.00296125,0.9720988,339.119,342.275,2.942415,0.2981069,-0.06966969,-0.9519861,0,0,0,0.7047879,0.2702902,-2.546688,-0.07002759,0.1353022,1.134175,0.9568432,0.04796091,0.2866197,0.05947541,0.9330912,-0.3546879,-0.2844535,0.3564275,0.8899694,static,-4.213379543685258,6.10208712347758,-3.533139429405039,6.802989499910489,-0.3815780999999999,0.5271418,0.941319,-0.07305702924757232,0.10601622967383698,0.9916769487561581,-4.315822690558951,6.267491099855173,0.976303225669086,0.9767245027976237,0.9483415121950146
05/17/2023 16:15:34.977664,1678,True,True,True,True,Eyes,1.088651,-0.2530858,-3.473309,-0.3449987,0.4498309,0.8237888,0.0,0.0,0.0,0.0,0.0,0.0,0.0,-0.02643633,-1.062014,3.504841,1.086216,-0.2568323,-3.488073,-0.1828782,-0.146991,-0.002852119,0.972081,339.1218,342.2574,2.958142,0.2981313,-0.0696406,-0.9519807,0,0,0,0.7047879,0.2702902,-2.546688,-0.06951725,0.135318,1.1342,0.9567711,0.04821791,0.2868174,0.05930787,0.9330948,-0.3547064,-0.284731,0.3563833,0.8898984,static,-4.159596124242074,6.1625935958000335,-3.5073783690210436,6.803627913762823,-0.38142810000000005,0.5271224999999999,0.9413849999999999,-0.072117915666395,0.10707075459451906,0.9916323856916104,-4.262456499565627,6.328528620993432,0.913995642687185,0.9145015019296464,0.8921111596750032
05/17/2023 16:15:34.997267,1679,True,True,True,True,Eyes,1.088716,-0.2530432,-3.473452,-0.3444346,0.4506449,0.82358,0.0,0.0,0.0,0.0,0.0,0.0,0.0,-0.02456808,-1.063649,3.504401,1.08605,-0.2568946,-3.488163,-0.1831187,-0.1472292,-0.002790293,0.9719998,339.0959,342.2246,2.975761,0.2981547,-0.06961285,-0.9519753,0,0,0,0.7047879,0.2702902,-2.546688,-0.06873617,0.1348196,1.134355,0.9566315,0.04849649,0.2872353,0.05934515,0.9329196,-0.355161,-0.2851915,0.3568042,0.8895822,static,-4.099866710192445,6.185282283672249,-3.4675942672834106,6.777884925341325,-0.38126209999999994,0.5271847999999999,0.9414750000000001,-0.07108103770471866,0.107471450272011,0.9916639599322046,-4.202873056273847,6.351268400072514,0.8659827385067387,0.8665715971432048,0.850080323952788
05/17/2023 16:15:35.017612,1680,True,True,True,True,Eyes,1.088774,-0.2530065,-3.473589,-0.3439319,0.4513906,0.8233817,1.127191,0.7010969,0.2557968,-2.545481,-0.2459932,-0.9659298,0.08041801,-0.07173973,0.1212021,1.131234,1.08587,-0.2568705,-3.488162,-0.1828916,-0.1475169,-0.002633785,0.9719994,339.1258,342.1885,2.996208,0.2981764,-0.06958641,-0.9519705,0,0,0,0.7047879,0.2702902,-2.546688,-0.06784883,0.1353717,1.13427,0.9564636,0.04883913,0.2877361,0.05907928,0.9330874,-0.354764,-0.2858093,0.3563181,0.8895789,static,-4.037767563981141,6.259345314993053,-3.423192869292576,6.805886459719204,-0.38108209999999987,0.5271607,0.9414739999999999,-0.06999631730860081,0.10876159224621659,0.9916004644594321,-4.141285608538119,6.42599543713202,0.8217349163746509,0.8224410484831812,0.8123880668741414
05/17/2023 16:15:35.027461,1681,True,True,True,True,Eyes,1.088802,-0.2529686,-3.47373,-0.3435244,0.4520044,0.823215,1.124951,0.7023534,0.2555143,-2.547654,-0.1622281,-0.9846509,-0.06437805,-0.06996572,0.1229078,1.128827,1.085755,-0.256973,-3.488192,-0.1824888,-0.1479304,-0.002294616,0.9720131,339.1795,342.1349,3.037574,0.2981963,-0.06956134,-0.9519661,0,0,0,0.7047879,0.2702902,-2.546688,-0.06662726,0.1364996,1.134241,0.9562227,0.04953046,0.2884179,0.05845204,0.9333851,-0.354084,-0.2867429,0.3554418,0.8896289,static,-3.9616986131427043,6.349227199203417,-3.3617891060480662,6.862227529332936,-0.3809671,0.5272631999999999,0.9415040000000001,-0.06866782877171629,0.11032721968808412,0.9915203281463247,-4.065837460869263,6.516680506746096,0.7885207528999706,0.7893419762153323,0.7842747163749854
05/17/2023 16:15:35.047016,1682,True,True,True,True,Eyes,1.088829,-0.2529368,-3.473865,-0.3431578,0.4525737,0.8230551,1.123569,0.7032677,0.2555607,-2.549106,-0.1013134,-0.9817089,-0.1611926,-0.06851861,0.1242353,1.127238,1.085674,-0.256846,-3.488255,-0.1821323,-0.1483049,-0.002119715,0.9720233,339.2248,342.0892,3.059424,0.2982138,-0.06953747,-0.9519624,0,0,0,0.7047879,0.2702902,-2.546688,-0.06563115,0.137221,1.134177,0.9560023,0.04990141,0.2890838,0.05814306,0.9336467,-0.3534449,-0.2875395,0.3547024,0.889667,static,-3.8973450614834024,6.427319700731994,-3.3118278848567453,6.8985313434750095,-0.3808861,0.5271361999999999,0.941567,-0.06754380420991249,0.1116871199745571,0.9914452829143838,-4.0020237449625995,6.595477346516296,0.7506131147776667,0.7515788557306701,0.7537984149491903
05/17/2023 16:15:35.067664,1683,True,True,True,True,Eyes,1.08882,-0.2529069,-3.474,-0.3428183,0.45304,0.8229401,1.122685,0.7039424,0.2557144,-2.550097,-0.05639238,-0.9721713,-0.2273824,-0.06747809,0.1254491,1.126239,1.085703,-0.2569589,-3.488249,-0.1818797,-0.1486136,-0.002048102,0.9720235,339.2561,342.0526,3.069626,0.2982292,-0.06951486,-0.9519593,0,0,0,0.7047879,0.2702902,-2.546688,-0.06495261,0.1379062,1.134191,0.9558195,0.050078,0.2896568,0.05804121,0.9338311,-0.352974,-0.2881669,0.3541915,0.8896675,static,-3.8441044832444944,6.484808909673288,-3.2776225993155137,6.932559351845463,-0.38091510000000006,0.5272490999999999,0.9415610000000001,-0.0666149220503838,0.11268891518876648,0.9913948240518005,-3.9491790225873045,6.653463117753401,0.7210589022633763,0.7220679907634084,0.7272432450851447
05/17/2023 16:15:35.087136,1684,True,True,True,True,Eyes,1.088808,-0.2528826,-3.47413,-0.3425027,0.4534684,0.8228356,1.121984,0.7045261,0.2559015,-2.550922,-0.01745081,-0.9591685,-0.2822962,-0.06679446,0.1267496,1.125198,1.085601,-0.256899,-3.488161,-0.1814978,-0.1487782,-0.002100141,0.9720697,339.2996,342.0376,3.059227,0.2982418,-0.06949346,-0.9519569,0,0,0,0.7047879,0.2702902,-2.546688,-0.06459787,0.1387138,1.133977,0.9557213,0.04992284,0.2900077,0.05808877,0.9341083,-0.352232,-0.2884831,0.3534818,0.8898473,static,-3.8131233576338897,6.552486025055904,-3.2603743490428188,6.974061889573395,-0.3808131,0.5271892,0.9414729999999998,-0.06606993584306042,0.11386399984120879,0.9912970629690502,-3.918672301165137,6.721843394915007,0.694078519294592,0.6951673726823504,0.7049612491592581
05/17/2023 16:15:35.097251,1685,True,True,True,True,Eyes,1.088775,-0.2528573,-3.474262,-0.3422432,0.4538245,0.8227471,1.121494,0.7049512,0.2561043,-2.551556,0.01088462,-0.9457973,-0.3245754,-0.06623706,0.1278543,1.124599,1.085551,-0.2570022,-3.488211,-0.1812288,-0.1489126,-0.00211404,0.9720992,339.3307,342.0243,3.055016,0.2982518,-0.0694733,-0.9519552,0,0,0,0.7047879,0.2702902,-2.546688,-0.06427264,0.1393865,1.133986,0.9556411,0.04986441,0.290282,0.05808463,0.9343033,-0.3517151,-0.2887495,0.3529743,0.8899623,static,-3.786555307395655,6.603963912815662,-3.2439688424478064,7.0074924449178635,-0.3807630999999999,0.5272924,0.9415230000000001,-0.0656034621136326,0.11475811905258965,0.9912248156574357,-3.8924643060004938,6.773844899549999,0.675044795348636,0.676191798356916,0.6893022136224741
05/17/2023 16:15:35.117525,1686,True,True,True,True,Eyes,1.08874,-0.2528329,-3.47439,-0.3419974,0.4541621,0.8226631,1.12107,0.705337,0.2563145,-2.552127,0.03659597,-0.9312849,-0.3624487,-0.06579894,0.1289721,1.123936,1.085462,-0.2569006,-3.488242,-0.1808516,-0.1490177,-0.002196663,0.9721532,339.3728,342.0171,3.039747,0.298259,-0.06945425,-0.9519544,0,0,0,0.7047879,0.2702902,-2.546688,-0.06404987,0.1400925,1.13386,0.9555778,0.04962918,0.2905306,0.05817115,0.9345758,-0.3509761,-0.2889414,0.3522855,0.8901728,static,-3.7669780880361667,6.665158673918137,-3.2331075596779844,7.043404975202852,-0.3806740999999999,0.5271908,0.941554,-0.0652566819084743,0.11581937820007529,0.9911243352296543,-3.8733182858333155,6.835707040459306,0.6530332183522221,0.6542843460491866,0.6730588428815644
05/17/2023 16:15:35.127180,1687,True,True,True,True,Eyes,1.088674,-0.25281,-3.474519,-0.3417434,0.454491,0.822587,1.120717,0.7056761,0.2565458,-2.552632,0.05921423,-0.9162174,-0.396282,-0.06544369,0.1295037,1.123463,1.085391,-0.2568967,-3.48827,-0.1807841,-0.1490746,-0.002237605,0.972157,339.38,342.0117,3.03475,0.2982637,-0.06943623,-0.9519542,0,0,0,0.7047879,0.2702902,-2.546688,-0.06388348,0.1402121,1.133852,0.9555436,0.04955002,0.2906568,0.05825123,0.9346242,-0.3508339,-0.2890387,0.3521682,0.8901877,static,-3.7488850644443614,6.691649385507956,-3.22474898291708,7.049406846107222,-0.38060309999999997,0.5271869,0.9415819999999999,-0.06494017903206922,0.11628001723150996,0.9910911783652818,-3.8554093766270845,6.8624506636887,0.6332827336126957,0.6345935963852835,0.6577880709916875
05/17/2023 16:15:35.152318,1688,True,True,True,True,Eyes,1.088608,-0.2527928,-3.474644,-0.3414934,0.4547931,0.8225239,1.120429,0.7059891,0.2567706,-2.553064,0.08010512,-0.9015363,-0.4252241,-0.06535608,0.1298348,1.123,1.085305,-0.256847,-3.488251,-0.1807807,-0.1490135,-0.002294683,0.9721668,339.3792,342.0204,3.026546,0.2982652,-0.06941919,-0.951955,0,0,0,0.7047879,0.2702902,-2.546688,-0.06398308,0.1401634,1.133785,0.9555794,0.04941591,0.2905616,0.05833916,0.9346262,-0.350814,-0.2889023,0.3521818,0.8902266,static,-3.7441679022590626,6.709311699583865,-3.2299564724980407,7.047395238909046,-0.38051709999999994,0.5271372,0.9415629999999999,-0.06485624113585789,0.11658617335772783,0.9910607470230621,-3.850816916407655,6.88030909245775,0.6140401389164286,0.6153973302343093,0.6429505977503926
05/17/2023 16:15:35.167446,1689,True,True,True,True,Eyes,1.088499,-0.2527764,-3.474776,-0.3412154,0.4550693,0.8224865,1.120174,0.7062782,0.2569803,-2.553448,0.09934017,-0.8871824,-0.4505985,-0.06535313,0.1307447,1.122608,1.085255,-0.2569662,-3.488247,-0.18059,-0.1489123,-0.002269703,0.9722179,339.4012,342.0341,3.023345,0.298264,-0.06940319,-0.9519565,0,0,0,0.7047879,0.2702902,-2.546688,-0.0641574,0.1407303,1.13374,0.95564,0.04937084,0.2903701,0.05819742,0.9347642,-0.3504696,-0.2887306,0.3518215,0.8904247,static,-3.7404372550995437,6.748711303335675,-3.2388659620323392,7.075888543301683,-0.38046710000000006,0.5272564,0.9415589999999998,-0.06478647231110224,0.11726818329678351,0.9909848363490004,-3.8473662433506637,6.920171588239174,0.5974915926025788,0.5988478173800771,0.6281085594532362
05/17/2023 16:15:35.187457,1690,True,True,True,True,Eyes,1.088395,-0.2527626,-3.474901,-0.34094,0.4553451,0.8224481,1.119948,0.7065601,0.2572003,-2.553802,0.1181268,-0.8724696,-0.4741759,-0.06522736,0.1311772,1.122213,1.085174,-0.2568883,-3.488247,-0.1805588,-0.1488068,-0.002104102,0.9722401,339.4075,342.0438,3.040047,0.2982591,-0.06938818,-0.9519591,0,0,0,0.7047879,0.2702902,-2.546688,-0.0642074,0.1408176,1.133664,0.9557042,0.04964537,0.2901116,0.05782813,0.9347882,-0.3504668,-0.288592,0.3517193,0.8905101,static,-3.731594738610068,6.773296788783124,-3.2416015747224587,7.080703268307165,-0.38038610000000006,0.5271785,0.9415589999999998,-0.06463025072323181,0.11769460014091984,0.9909445154380443,-3.8386967056911097,6.945021542113187,0.5770382567917091,0.5784393177421067,0.6123170145026579
05/17/2023 16:15:35.197498,1691,True,True,True,True,Eyes,1.088292,-0.252749,-3.475023,-0.3406079,0.4556294,0.8224281,1.11973,0.7069027,0.2574332,-2.554125,0.1409685,-0.8569586,-0.4957316,-0.06525108,0.1312618,1.121944,1.085215,-0.2569401,-3.488226,-0.1807104,-0.1486894,-0.00208257,0.97223,339.3901,342.0561,3.04313,0.2982512,-0.06937412,-0.9519626,0,0,0,0.7047879,0.2702902,-2.546688,-0.06447771,0.1405479,1.133702,0.9557742,0.04968999,0.2898733,0.05778894,0.9346788,-0.3507649,-0.288368,0.3520035,0.8904704,static,-3.7243120178553815,6.77384554109727,-3.2551103958441883,7.067044771661207,-0.3804271,0.5272303,0.941538,-0.06450420524451969,0.11770503813192945,0.9909513625100445,-3.831415968681775,6.945549683795184,0.5519344338025194,0.5532774628531506,0.5889729787173872
05/17/2023 16:15:35.217536,1692,True,True,True,True,Eyes,1.088194,-0.2527363,-3.475135,-0.3402847,0.455898,0.8224131,1.119541,0.7072312,0.2576602,-2.55441,0.1628502,-0.8417851,-0.5146626,-0.0650593,0.1314401,1.12168,1.085142,-0.256916,-3.488256,-0.1807792,-0.1486116,-0.002030955,0.9722292,339.3829,342.0638,3.048954,0.2982405,-0.06936093,-0.9519669,0,0,0,0.7047879,0.2702902,-2.546688,-0.06452891,0.1403939,1.133707,0.9558209,0.04978264,0.2897032,0.05768085,0.9346295,-0.3509139,-0.2882346,0.3521212,0.890467,static,-3.712558136596578,6.783387618986606,-3.2576752893197303,7.059348678136588,-0.38035410000000003,0.5272062,0.9415679999999997,-0.06429963993567331,0.11787163542262685,0.9909449048139044,-3.819727018890835,6.955163265782782,0.5306954054747967,0.5320459669181523,0.571626404971991
05/17/2023 16:15:35.227185,1693,True,True,True,True,Eyes,1.088101,-0.2527253,-3.475237,-0.3399738,0.4561233,0.8224168,1.119406,0.7075325,0.2578621,-2.554618,0.1830233,-0.828748,-0.528847,-0.06503469,0.1319234,1.121339,1.085173,-0.2569239,-3.488116,-0.1806972,-0.1485746,-0.002111431,0.9722499,339.3907,342.0708,3.036886,0.2982277,-0.06934857,-0.9519719,0,0,0,0.7047879,0.2702902,-2.546688,-0.06474462,0.1405996,1.133568,0.9558423,0.04958835,0.2896663,0.0577997,0.9346882,-0.3507382,-0.2881402,0.3519931,0.8905482,static,-3.7021290274840495,6.804009230052489,-3.268941538776748,7.070445303956695,-0.3803850999999999,0.5272140999999999,0.9414280000000002,-0.0641165187184562,0.11822968386875626,0.9909141518271349,-3.809442201479156,6.975995433543744,0.5072924098479898,0.5085662020327599,0.5486909370517844
05/17/2023 16:15:35.247262,1694,True,True,True,True,Eyes,1.088008,-0.2527128,-3.475337,-0.3396802,0.4563236,0.822427,1.119285,0.7078087,0.2580434,-2.554806,0.2013769,-0.8164068,-0.5412275,-0.06472582,0.1331455,1.120967,1.085062,-0.2569504,-3.488051,-0.1803086,-0.1485633,-0.002010035,0.972324,339.4372,342.074,3.040698,0.298213,-0.06933702,-0.9519774,0,0,0,0.7047879,0.2702902,-2.546688,-0.06465364,0.1415803,1.133371,0.9558498,0.04966566,0.2896281,0.05748328,0.9349695,-0.3500394,-0.2881784,0.3512339,0.8908356,static,-3.68553026376799,6.862349401317287,-3.2649240956936856,7.120482984520561,-0.38027409999999995,0.5272406000000001,0.941363,-0.06382167236242567,0.11924085688883096,0.9908120148157673,-3.793255069694654,7.034979581072534,0.4922286909987195,0.4935002486316615,0.5352050542455741
05/17/2023 16:15:35.267727,1695,True,True,True,True,Eyes,1.087937,-0.252705,-3.475427,-0.3394074,0.4564908,0.8224467,1.119207,0.7080704,0.2582026,-2.554939,0.2188442,-0.8058861,-0.5501406,-0.06429073,0.1338098,1.120761,1.084968,-0.256924,-3.488072,-0.1800778,-0.1486485,-0.002071588,0.9723535,339.4629,342.0673,3.030524,0.2981966,-0.06932615,-0.9519833,0,0,0,0.7047879,0.2702902,-2.546688,-0.06443837,0.1420399,1.1333,0.9557986,0.04950795,0.2898239,0.0575652,0.9351354,-0.3495826,-0.2883317,0.3508143,0.8909513,static,-3.6637523566615453,6.896223388265081,-3.254280069451424,7.143802094716041,-0.3801800999999999,0.5272142,0.9413839999999998,-0.06344052761010491,0.1198295207830554,0.9907653573908127,-3.771712951582069,7.069182050273354,0.4772212301506702,0.4785005432400456,0.5227857482206788
05/17/2023 16:15:35.277263,1696,True,True,True,True,Eyes,1.087875,-0.2526987,-3.475513,-0.3391514,0.4566364,0.8224716,1.119143,0.7083163,0.2583429,-2.555049,0.2351718,-0.7962955,-0.5573218,-0.06400892,0.1350484,1.120587,1.085009,-0.2570415,-3.488072,-0.1796462,-0.1487254,-0.002096353,0.9724215,339.5122,342.0628,3.020414,0.2981795,-0.06931603,-0.9519894,0,0,0,0.7047879,0.2702902,-2.546688,-0.06436667,0.1431053,1.133238,0.9557527,0.04935884,0.2900009,0.057513,0.9354457,-0.3487602,-0.2884944,0.3500073,0.891216,static,-3.643826819522951,6.952635711485037,-3.25084429476724,7.197215514979544,-0.38022109999999987,0.5273317,0.9413839999999998,-0.06308844108364811,0.12080766484631747,0.9906691493377063,-3.752184417313837,7.126202568181625,0.4616580770208363,0.4628763820295706,0.5063445043524826
05/17/2023 16:15:35.297322,1697,True,True,True,True,Eyes,1.08781,-0.2526908,-3.475597,-0.3389229,0.4567522,0.8225015,1.119111,0.7085177,0.2584654,-2.555127,0.2486781,-0.7883896,-0.5626733,-0.06382379,0.1356672,1.120479,1.085114,-0.2570384,-3.48807,-0.1794194,-0.1488047,-0.002153911,0.9724511,339.5375,342.0566,3.010665,0.2981618,-0.06930663,-0.9519956,0,0,0,0.7047879,0.2702902,-2.546688,-0.06435755,0.1435763,1.133212,0.955705,0.04920776,0.2901835,0.05758605,0.935608,-0.3483122,-0.2886377,0.3495943,0.8913317,static,-3.624963157519598,6.9830770144496945,-3.250459091771333,7.2208178932926055,-0.3803260999999999,0.5273285999999999,0.9413819999999999,-0.06275819884299297,0.12133652352861676,0.9906254985550659,-3.7335328375850585,7.156941712922496,0.44244240778258626,0.4435921783969826,0.48727857567635646
05/17/2023 16:15:35.317187,1698,True,True,True,True,Eyes,1.087746,-0.2526943,-3.475668,-0.3386992,0.4568487,0.8225401,1.119086,0.7087125,0.2585587,-2.555175,0.2616068,-0.7819895,-0.5657334,-0.06369987,0.1357187,1.120392,1.085038,-0.2569856,-3.488099,-0.1793695,-0.1488256,-0.002412476,0.9724566,339.5386,342.06,2.979396,0.2981437,-0.06929785,-0.9520019,0,0,0,0.7047879,0.2702902,-2.546688,-0.0644154,0.1435126,1.13319,0.9556901,0.0486975,0.2903184,0.05808162,0.9356415,-0.3481401,-0.2885875,0.3495762,0.891355,static,-3.618492081566802,6.98758508072165,-3.2534376314668654,7.2177866972861775,-0.3802500999999999,0.5272758,0.941411,-0.06264570989467,0.12141533060859269,0.9906230016536761,-3.727092194673529,7.161480125220539,0.4304452190734947,0.4315756432037018,0.4769895966415603
05/17/2023 16:15:35.327381,1699,True,True,True,True,Eyes,1.087672,-0.2526976,-3.475742,-0.3384905,0.45688,0.8226086,1.119099,0.7088675,0.2585964,-2.555162,0.2718562,-0.7792415,-0.5646918,-0.06375906,0.1365794,1.120172,1.085008,-0.257258,-3.487855,-0.179199,-0.1486909,-0.002220491,0.9725091,339.5612,342.0741,2.995741,0.2981252,-0.06928995,-0.9520082,0,0,0,0.7047879,0.2702902,-2.546688,-0.06462809,0.144339,1.132988,0.9557721,0.04897165,0.2900024,0.05760944,0.9357656,-0.347885,-0.2884107,0.3492057,0.8915574,static,-3.6153108570074677,7.0132329509190985,-3.264737511095962,7.260187760529376,-0.38022009999999995,0.5275482,0.9411670000000001,-0.0625872763730044,0.12185920604866327,0.9905721722931695,-3.7240930248008137,7.18742650658389,0.4278666330300643,0.4288220480027074,0.4650824529551373
05/17/2023 16:15:35.347469,1700,True,True,True,True,Eyes,1.087612,-0.2526985,-3.475811,-0.3382938,0.4568984,0.8226793,1.119127,0.7090183,0.2586286,-2.555128,0.2819523,-0.7772032,-0.5625461,-0.06347004,0.1380769,1.120031,1.084968,-0.2572259,-3.48793,-0.1785769,-0.1486673,-0.001930741,0.9726278,339.6379,342.0771,3.016873,0.2981061,-0.06928283,-0.9520147,0,0,0,0.7047879,0.2702902,-2.546688,-0.06449136,0.1458268,1.132839,0.9557886,0.04934132,0.2898855,0.05685289,0.9362131,-0.3468036,-0.2885064,0.3479518,0.8920166,static,-3.5999199942592255,7.091432959321718,-3.2582729582825194,7.335166866310753,-0.3801800999999999,0.5275160999999999,0.9412419999999999,-0.06231068905183715,0.12321320946423239,0.9904221103816789,-3.7092557364735237,7.266515374268051,0.4187288442959359,0.41967715521315685,0.4561781379949786
05/17/2023 16:15:35.367291,1701,True,True,True,True,Eyes,1.087536,-0.252692,-3.475884,-0.3380855,0.456941,0.8227412,1.119135,0.7091727,0.2586866,-2.555126,0.292274,-0.7734505,-0.5624502,-0.06353968,0.1384602,1.119966,1.08525,-0.2571667,-3.48786,-0.1784351,-0.1486722,-0.001817443,0.9726533,339.6563,342.0756,3.027519,0.2980869,-0.06927636,-0.9520212,0,0,0,0.7047879,0.2702902,-2.546688,-0.0647102,0.1461522,1.132793,0.9557865,0.04952117,0.2898615,0.05659214,0.9363153,-0.3465705,-0.2885643,0.3476513,0.8921151,static,-3.58374435060713,7.111949388365176,-3.269437858093716,7.351651069786886,-0.3804621,0.5274569,0.9411719999999999,-0.06202829567216958,0.12357002223315466,0.9903953276899048,-3.693222111989415,7.287219583282773,0.39447997956943204,0.3952789740328718,0.42865430162668855
05/17/2023 16:15:35.377451,1702,True,True,True,True,Eyes,1.087463,-0.2526886,-3.475949,-0.3378477,0.4569983,0.8228071,1.119135,0.7093663,0.258754,-2.555117,0.3051662,-0.7689185,-0.5618167,-0.06408888,0.1378775,1.119941,1.085266,-0.2569568,-3.487923,-0.1785324,-0.1484865,-0.002324057,0.9726626,339.6353,342.1078,2.965329,0.2980672,-0.06927027,-0.9520279,0,0,0,0.7047879,0.2702902,-2.546688,-0.06546423,0.1454932,1.132794,0.9558926,0.04849826,0.2896844,0.05754035,0.9362416,-0.3466133,-0.2880248,0.3479937,0.8921559,static,-3.606722085778825,7.09216548304739,-3.307447695144224,7.318856314353298,-0.38047810000000004,0.527247,0.9412349999999998,-0.06242817750238219,0.1232249632863874,0.9904132316792773,-3.716064853818061,7.267282217342091,0.37468633186351147,0.3754382690774547,0.4118590412327996
05/17/2023 16:15:35.397729,1703,True,True,True,True,Eyes,1.087368,-0.2526886,-3.476018,-0.3376043,0.4570823,0.8228604,1.11912,0.709548,0.2588415,-2.555138,0.3172413,-0.7630065,-0.5631865,-0.06505677,0.1376655,1.119773,1.085265,-0.2570267,-3.487764,-0.1786599,-0.1480956,-0.002712662,0.9726979,339.6125,342.1622,2.913254,0.2980471,-0.06926462,-0.9520345,0,0,0,0.7047879,0.2702902,-2.546688,-0.06661993,0.1451759,1.132668,0.9561207,0.04764027,0.2890738,0.05819467,0.9361466,-0.3467606,-0.2871352,0.3483676,0.8922967,static,-3.6481972337631934,7.074477285465913,-3.366077574154563,7.303871066641991,-0.3804770999999999,0.5273169,0.9410759999999998,-0.0631475589529785,0.12291363148424572,0.9904063586395108,-3.757424853807844,7.2495351413132925,0.36299563833033893,0.3636110685608285,0.39510136177106364
05/17/2023 16:15:35.418115,1704,True,True,True,True,Eyes,1.087274,-0.2526979,-3.476077,-0.3373893,0.4571377,0.8229178,1.119128,0.7096925,0.258898,-2.555127,0.3269308,-0.7593885,-0.5625347,-0.06491646,0.1371409,1.119834,1.08503,-0.2570921,-3.487825,-0.1789487,-0.1479673,-0.002713865,0.9726643,339.5789,342.1749,2.916187,0.2980261,-0.06925946,-0.9520415,0,0,0,0.7047879,0.2702902,-2.546688,-0.06662583,0.1445868,1.132745,0.9561966,0.04767778,0.2888164,0.0582365,0.93594,-0.347311,-0.2868738,0.3489172,0.892166,static,-3.647708746369733,7.044578948657064,-3.366146687402325,7.274062074348117,-0.3802420999999999,0.5273823,0.9411369999999999,-0.06314317831747801,0.12239683004183011,0.9904706341433344,-3.756723028985718,7.219273117893284,0.36263176096440386,0.36323504515244925,0.3944004416251037
05/17/2023 16:15:35.427383,1705,True,True,True,True,Eyes,1.087158,-0.2527066,-3.476141,-0.3372186,0.4571576,0.8229767,1.119139,0.7097632,0.2589163,-2.555116,0.3315738,-0.7579885,-0.5617048,-0.06436372,0.1381911,1.119671,1.08499,-0.2573182,-3.487645,-0.1786757,-0.1480984,-0.002372676,0.9726954,339.6168,342.1546,2.954002,0.2980044,-0.06925502,-0.9520486,0,0,0,0.7047879,0.2702902,-2.546688,-0.06613585,0.1456286,1.132582,0.9561225,0.04830737,0.2889571,0.05753894,0.9361387,-0.3468912,-0.2872613,0.3482968,0.8922837,static,-3.612731764721336,7.083613357857467,-3.341927462626081,7.326949819575623,-0.3802020999999999,0.5276084,0.940957,-0.06253322468243755,0.12307632321120496,0.9904251201591352,-3.7220151388922456,7.258649074440129,0.36357093431827864,0.36407087721322884,0.38617565101320983
05/17/2023 16:15:35.447191,1706,True,True,True,True,Eyes,1.087053,-0.2527227,-3.476202,-0.3370639,0.45713,0.8230554,1.119185,0.709816,0.2588903,-2.555051,0.335073,-0.7596745,-0.5573335,-0.06381291,0.1392881,1.119552,1.08491,-0.2572702,-3.487657,-0.178172,-0.1482597,-0.00221182,0.9727635,339.6781,342.1366,2.966346,0.2979815,-0.06925121,-0.9520561,0,0,0,0.7047879,0.2702902,-2.546688,-0.06564781,0.1467832,1.132422,0.9560283,0.0485283,0.2892314,0.05713461,0.9364997,-0.3459826,-0.2876551,0.3472943,0.8925476,static,-3.582649941703148,7.141513414312832,-3.317789126923529,7.3854338713826895,-0.3801221,0.5275604,0.9409689999999999,-0.06200539618041917,0.12408122481248737,0.9903329145019426,-3.692338237142394,7.3171373264406165,0.35958253921101313,0.36006727230184626,0.38072490595805286
05/17/2023 16:15:35.467717,1707,True,True,True,True,Eyes,1.08693,-0.2527369,-3.476269,-0.3369226,0.4570827,0.8231395,1.119243,0.7098321,0.2588497,-2.554976,0.3362668,-0.7626628,-0.5525125,-0.06381696,0.1408513,1.119535,1.085095,-0.2574534,-3.487648,-0.1775504,-0.1482979,-0.002041256,0.9728718,339.7527,342.1346,2.97474,0.2979577,-0.06924817,-0.9520637,0,0,0,0.7047879,0.2702902,-2.546688,-0.06568474,0.1484267,1.132347,0.9560071,0.04868893,0.2892745,0.05663245,0.9369434,-0.344862,-0.2878248,0.3460729,0.8929672,static,-3.567404227029208,7.212501556695274,-3.319870749760605,7.4676878699315745,-0.3803070999999999,0.5277436,0.94096,-0.06173226644750443,0.1253102524350591,0.9901952016669318,-3.67759470681138,7.38892758625438,0.3551507681282767,0.35551775881356634,0.3662917030632511
05/17/2023 16:15:35.477275,1708,True,True,True,True,Eyes,1.086817,-0.2527582,-3.476328,-0.3367904,0.4570118,0.8232328,1.11931,0.7098445,0.2587796,-2.554876,0.3370283,-0.7671908,-0.5457383,-0.06379825,0.1415959,1.119491,1.085025,-0.2573826,-3.487718,-0.1771463,-0.1482542,-0.001986632,0.9729522,339.8,342.1428,2.97204,0.2979328,-0.06924577,-0.9520717,0,0,0,0.7047879,0.2702902,-2.546688,-0.06570458,0.1492812,1.132234,0.9560335,0.04865956,0.2891923,0.05639115,0.9372305,-0.3441207,-0.2877847,0.3452987,0.8932797,static,-3.5642677557135327,7.254815596393534,-3.32120195897324,7.510931336272706,-0.3802370999999999,0.5276727999999999,0.94103,-0.06167229049361592,0.1260419477644412,0.9901059326437031,-3.6747591501496704,7.431742014737638,0.35274586461394963,0.35309524743169324,0.3623170380726681
05/17/2023 16:15:35.497245,1709,True,True,True,True,Eyes,1.086715,-0.2527722,-3.476385,-0.3367038,0.456962,0.8232959,1.11936,0.7098224,0.2587327,-2.554821,0.3355847,-0.7703848,-0.5421165,-0.06391406,0.1425381,1.119426,1.085139,-0.2575691,-3.487605,-0.1768336,-0.1482141,-0.001771694,0.9730156,339.8396,342.1464,2.990298,0.297907,-0.06924415,-0.9520799,0,0,0,0.7047879,0.2702902,-2.546688,-0.06581065,0.1502971,1.132125,0.9560589,0.04897068,0.2890558,0.05586622,0.9374535,-0.3435985,-0.2878026,0.3446488,0.8935249,static,-3.5576263100956926,7.292090650927535,-3.326871058886034,7.562175429542615,-0.38035110000000005,0.5278593,0.9409169999999998,-0.061552424728305744,0.12668699936792605,0.9900310906918363,-3.6683817570846986,7.4694433556482664,0.354983686245729,0.3552376297640627,0.3538768069722658
05/17/2023 16:15:35.517546,1710,True,True,True,True,Eyes,1.086624,-0.2527809,-3.476438,-0.3366053,0.456922,0.8233584,1.1194,0.7098277,0.2586977,-2.55477,0.3359016,-0.7726436,-0.5386947,-0.06410849,0.1429071,1.119352,1.085108,-0.2574131,-3.487655,-0.176583,-0.1481039,-0.001744007,0.9730781,339.8686,342.1617,2.986104,0.2978809,-0.06924302,-0.9520882,0,0,0,0.7047879,0.2702902,-2.546688,-0.06602561,0.1507225,1.132015,0.9561244,0.04891114,0.2888491,0.05569936,0.9376308,-0.3431414,-0.2876173,0.3441746,0.8937674,static,-3.5641561710769425,7.318768750096564,-3.338036823592593,7.584058930049641,-0.38032009999999994,0.5277033,0.9409670000000001,-0.06166159717734185,0.1271471086573911,0.9899653312698655,-3.675103592243234,7.496468773994328,0.3483321847189589,0.3485811797648918,0.34826145633184663
05/17/2023 16:15:35.537179,1711,True,True,True,True,Eyes,1.086539,-0.252788,-3.476485,-0.3364997,0.4569368,0.8233935,1.119409,0.7098579,0.2587112,-2.554771,0.3379197,-0.7717276,-0.5387456,-0.06469205,0.1426085,1.11932,1.085266,-0.2572949,-3.48762,-0.1766279,-0.1479749,-0.0019967,0.9730889,339.8585,342.1821,2.954273,0.2978546,-0.0692422,-0.9520965,0,0,0,0.7047879,0.2702902,-2.546688,-0.06664616,0.1504062,1.131989,0.9561988,0.04838709,0.2886909,0.05615895,0.9375972,-0.3431585,-0.2872802,0.3443403,0.893812,static,-3.5804573615249518,7.308693990841744,-3.3694150496022637,7.568499834749818,-0.38047810000000004,0.5275851,0.9409320000000001,-0.06194466717486191,0.1269708192948464,0.9899704098571689,-3.6913372573699257,7.486333079785418,0.3345274481844854,0.3347206804941394,0.3322428080115285
05/17/2023 16:15:35.547491,1712,True,True,True,True,Eyes,1.086455,-0.2528026,-3.476527,-0.3363988,0.4569324,0.8234371,1.119436,0.7098776,0.258704,-2.554742,0.3393103,-0.7723914,-0.5369171,-0.06517243,0.1415003,1.119368,1.085136,-0.2572826,-3.487583,-0.1770575,-0.1477752,-0.002341716,0.9730404,339.8023,342.2092,2.917754,0.2978285,-0.06924162,-0.9521047,0,0,0,0.7047879,0.2702902,-2.546688,-0.0671635,0.1493008,1.132025,0.956314,0.04777226,0.2884118,0.0568866,0.9372903,-0.3438762,-0.2867533,0.3452604,0.8936262,static,-3.6055000359660037,7.251633628988744,-3.3954014019780048,7.513277271216088,-0.3803481000000001,0.5275728,0.9408949999999998,-0.06238528433877144,0.1259813822504409,0.9900690865246977,-3.7159796634315563,7.428675828537037,0.3353835969342976,0.3355574936156452,0.3315536545115411
05/17/2023 16:15:35.567464,1713,True,True,True,True,Eyes,1.086374,-0.2528117,-3.476565,-0.3363367,0.456947,0.8234544,1.119434,0.7098672,0.2587104,-2.554762,0.3385582,-0.771826,-0.5382034,-0.06518176,0.1423182,1.119243,1.085066,-0.2574723,-3.487495,-0.1768233,-0.1477217,-0.002196703,0.9730915,339.8317,342.2151,2.929049,0.2978025,-0.06924147,-0.9521128,0,0,0,0.7047879,0.2702902,-2.546688,-0.06715629,0.1501131,1.131909,0.956347,0.04796607,0.2882702,0.05651645,0.9374574,-0.3434815,-0.2867166,0.3447795,0.8938236,static,-3.604237548976042,7.282703113171996,-3.3953848737623775,7.554449129549968,-0.38027810000000006,0.5277624999999999,0.940807,-0.0623591734849431,0.1265184537833336,0.9900022726185023,-3.7149384015407088,7.460116621493117,0.342582466629041,0.3427321656355024,0.3331862530055414
05/17/2023 16:15:35.577469,1714,True,True,True,True,Eyes,1.086304,-0.2528247,-3.476599,-0.3362788,0.4569585,0.8234717,1.119441,0.70986,0.2587131,-2.554772,0.3380614,-0.7716137,-0.5388198,-0.06466818,0.142225,1.119188,1.084972,-0.2573569,-3.487485,-0.176848,-0.1478775,-0.002047699,0.9730636,339.832,342.1928,2.950589,0.2977768,-0.06924156,-0.9521208,0,0,0,0.7047879,0.2702902,-2.546688,-0.06662664,0.1500148,1.13186,0.9562561,0.0483186,0.2885128,0.05628877,0.9374412,-0.3435631,-0.2870643,0.3447743,0.893714,static,-3.578073714084312,7.283077735093195,-3.3688134755976695,7.549882318370919,-0.3801841,0.5276471,0.9407969999999999,-0.06190700919005038,0.1265284989000856,0.9900293954887472,-3.688770306348155,7.460397871577561,0.3389125379816719,0.3390789481366937,0.3322346155381891
05/17/2023 16:15:35.607323,1715,True,True,True,True,Eyes,1.086241,-0.2528375,-3.476628,-0.33624,0.4569734,0.8234793,1.119434,0.7098428,0.2587141,-2.554797,0.3367602,-0.7711923,-0.5402362,-0.06484032,0.1424266,1.119191,1.08516,-0.2574634,-3.487415,-0.1767818,-0.1479439,-0.002184334,0.9730654,339.8373,342.1882,2.934472,0.2977517,-0.06924197,-0.9521286,0,0,0,0.7047879,0.2702902,-2.546688,-0.06677654,0.1502085,1.13188,0.9562157,0.04805656,0.2886904,0.05655856,0.9374869,-0.3433941,-0.2871458,0.3446868,0.8937216,static,-3.573470347497685,7.287837208404576,-3.376315766829884,7.5593860734746325,-0.3803720999999999,0.5277536,0.9407269999999999,-0.061826808364669555,0.12661137191529387,0.9900238328975802,-3.6841996604366196,7.465197722712787,0.3354584994111093,0.33557221994547215,0.321968845327743
05/17/2023 16:15:35.617628,1716,True,True,True,True,Eyes,1.086177,-0.252847,-3.476656,-0.3361915,0.4569866,0.8234917,1.119437,0.7098317,0.2587205,-2.55481,0.3360632,-0.7708589,-0.5411451,-0.0653114,0.1429323,1.119039,1.085245,-0.2574676,-3.48731,-0.1765665,-0.1478157,-0.002248571,0.9731237,339.8605,342.2072,2.919724,0.2977273,-0.06924268,-0.9521362,0,0,0,0.7047879,0.2702902,-2.546688,-0.06723845,0.1507094,1.13173,0.9562909,0.04782232,0.28848,0.05657488,0.9376385,-0.3429774,-0.2868918,0.3443069,0.8939496,static,-3.5884248971135997,7.31213656996987,-3.4000655265922526,7.585294908019481,-0.3804571,0.5277578,0.9406219999999998,-0.062081860954583484,0.1270292103866549,0.989954281504787,-3.699331453227054,7.489847139108948,0.33172196098363005,0.33180525931519483,0.3141184035273721
05/17/2023 16:15:35.627506,1717,True,True,True,True,Eyes,1.086132,-0.2528542,-3.47668,-0.3361669,0.4570164,0.8234851,1.119433,0.7098153,0.258745,-2.554843,0.3350967,-0.7695345,-0.5436238,-0.06556937,0.1429536,1.11897,1.085138,-0.2573969,-3.487345,-0.1765309,-0.1476806,-0.00231449,0.9731505,339.863,342.2253,2.908271,0.2977036,-0.06924356,-0.9521435,0,0,0,0.7047879,0.2702902,-2.546688,-0.0674766,0.1506977,1.131677,0.9563702,0.04763566,0.288248,0.05664505,0.937663,-0.3428986,-0.2866137,0.3442658,0.8940546,static,-3.6046617981336455,7.317127609398236,-3.4122391431402317,7.585063976076753,-0.3803500999999999,0.5276871,0.9406569999999999,-0.06236171694787271,0.12711321180614046,0.9899258215089759,-3.7156082476003918,7.49495934392114,0.329769839438982,0.32987327073225997,0.3164674679597537
05/17/2023 16:15:35.647103,1718,True,True,True,True,Eyes,1.086094,-0.2528648,-3.476697,-0.3361348,0.45704,0.8234852,1.11943,0.7098142,0.2587596,-2.554863,0.3350503,-0.7686195,-0.5449454,-0.06558228,0.1428092,1.118976,1.085064,-0.2573785,-3.487382,-0.1765959,-0.1476352,-0.002309205,0.9731456,339.8555,342.2301,2.909236,0.2976808,-0.06924453,-0.9521506,0,0,0,0.7047879,0.2702902,-2.546688,-0.06748435,0.1505315,1.131696,0.956397,0.04764917,0.2881567,0.05663794,0.9376172,-0.3430252,-0.2865256,0.3443889,0.8940355,static,-3.6072929484327125,7.311426413599734,-3.4125729693162605,7.576670144097692,-0.3802761,0.5276687,0.9406940000000001,-0.06240797822862104,0.1270143508867381,0.989935674128535,-3.718199439194754,7.489198992565702,0.3289288891642899,0.32904423233903507,0.31789737564302445
05/17/2023 16:15:35.667060,1719,True,True,True,True,Eyes,1.086065,-0.252873,-3.476709,-0.3361025,0.4570611,0.8234867,1.119424,0.7098234,0.2587724,-2.554878,0.3356344,-0.7676836,-0.5459044,-0.06601381,0.1431322,1.118878,1.085198,-0.2574705,-3.487251,-0.1765302,-0.1474958,-0.002255729,0.9731787,339.8636,342.2466,2.911243,0.2976593,-0.06924567,-0.9521573,0,0,0,0.7047879,0.2702902,-2.546688,-0.06792328,0.1508391,1.131608,0.9564798,0.04768448,0.287876,0.05646538,0.937664,-0.3429254,-0.2862832,0.3442562,0.8941641,static,-3.6195609295645434,7.322093683214509,-3.4349824354798475,7.592555610169521,-0.3804101000000001,0.5277607,0.940563,-0.06261846251021402,0.12719697650974973,0.9898989554676705,-3.730546739927709,7.500041274988246,0.3273690789041855,0.32744293305978156,0.30970495681822946
05/17/2023 16:15:35.677235,1720,True,True,True,True,Eyes,1.086039,-0.2528845,-3.476717,-0.3360747,0.4570726,0.8234917,1.11943,0.7098274,0.2587761,-2.554875,0.3359636,-0.7675864,-0.5458385,-0.06626052,0.1435722,1.118736,1.085075,-0.2574356,-3.487231,-0.1763445,-0.1473195,-0.002193742,0.9732394,339.8855,342.2685,2.911043,0.2976391,-0.06924693,-0.9521635,0,0,0,0.7047879,0.2702902,-2.546688,-0.06817809,0.1512816,1.13146,0.9565843,0.04768789,0.2875279,0.05622804,0.9377956,-0.3426045,-0.2859805,0.3438973,0.8943992,static,-3.6366357297544445,7.346249979151672,-3.4482874366275587,7.6155524164637125,-0.3802871,0.5277258,0.9405429999999999,-0.06291008175343746,0.12761197234791594,0.9898270817405385,-3.7477983248096702,7.524553828280099,0.3285452190001799,0.32863183392059997,0.31302957558519656
05/17/2023 16:15:35.697296,1721,True,True,True,True,Eyes,1.086032,-0.2528912,-3.476718,-0.3360779,0.457077,0.8234879,1.119426,0.7098173,0.2587728,-2.554884,0.3352051,-0.7676118,-0.546269,-0.066286,0.1439606,1.118651,1.085132,-0.2575282,-3.487123,-0.1762674,-0.1472911,-0.001988641,0.973258,339.8979,342.2685,2.933197,0.2976202,-0.06924837,-0.9521693,0,0,0,0.7047879,0.2702902,-2.546688,-0.06818804,0.1516743,1.131379,0.9566028,0.04805432,0.2874056,0.05579615,0.9378517,-0.3425214,-0.2860034,0.3436931,0.8944703,static,-3.633477133362381,7.360364679978944,-3.4490357863836256,7.635628305589588,-0.38034409999999996,0.5278183999999999,0.9404349999999999,-0.06285351798776839,0.12785626148557214,0.9897991068491192,-3.7447395449226195,7.538827539344574,0.3312766105179826,0.3313437400339027,0.3111448234499643
05/17/2023 16:15:35.707090,1722,True,True,True,True,Eyes,1.086036,-0.252899,-3.476715,-0.3360788,0.4570688,0.8234921,1.11944,0.7098157,0.2587622,-2.554865,0.3351637,-0.768468,-0.5450891,-0.06615099,0.1442507,1.118572,1.085084,-0.2574398,-3.487119,-0.1760876,-0.147349,-0.002011944,0.9732818,339.9184,342.2637,2.928049,0.297603,-0.06924985,-0.9521746,0,0,0,0.7047879,0.2702902,-2.546688,-0.06805632,0.1519852,1.131284,0.9565684,0.04797631,0.2875328,0.05580907,0.9379782,-0.3421728,-0.2861157,0.3433587,0.8945628,static,-3.6289719032746355,7.379517391749447,-3.442677643052304,7.651729392241979,-0.3802960999999999,0.52773,0.9404309999999998,-0.06277298104003248,0.1281877750156582,0.9897613518890158,-3.7403697011234267,7.558195197103371,0.32977689768286045,0.32985591491427274,0.3120403933769597
05/17/2023 16:15:35.727187,1723,True,True,True,True,Eyes,1.086061,-0.2529077,-3.476705,-0.3360736,0.4570356,0.8235127,1.119471,0.7098365,0.2587307,-2.554806,0.3365571,-0.7705962,-0.5412123,-0.06652793,0.1446588,1.118547,1.085374,-0.2574716,-3.487011,-0.175864,-0.1473725,-0.002209131,0.9733183,339.9406,342.2671,2.900659,0.2975876,-0.0692514,-0.9521793,0,0,0,0.7047879,0.2702902,-2.546688,-0.06847236,0.1524456,1.13122,0.956553,0.04753464,0.2876576,0.05613539,0.938134,-0.3416921,-0.2861036,0.3429944,0.8947064,static,-3.6340118752295827,7.398048396271172,-3.4638677262228774,7.675061511960367,-0.38058610000000004,0.5277618,0.9403229999999998,-0.06285742673147648,0.12850720500027668,0.9897146121551019,-3.74554315478761,7.576969341548696,0.3250603275547533,0.3250927524646642,0.29826686197631475
05/17/2023 16:15:35.747407,1724,True,True,True,True,Eyes,1.086084,-0.2529154,-3.47669,-0.3360599,0.4570006,0.8235375,1.119501,0.7098641,0.2586974,-2.554739,0.3384302,-0.7728747,-0.5367771,-0.06683522,0.145464,1.118462,1.085297,-0.2575249,-3.48702,-0.1754733,-0.1472441,-0.002370521,0.9734079,339.9822,342.2898,2.870901,0.2975745,-0.06925303,-0.9521833,0,0,0,0.7047879,0.2702902,-2.546688,-0.06883103,0.1533121,1.131088,0.9566271,0.04705986,0.2874891,0.0562898,0.9384071,-0.3409161,-0.2858253,0.3423122,0.8950565,static,-3.6553058961538913,7.437097486415977,-3.4823728880732125,7.71905200770248,-0.38050909999999993,0.5278151,0.9403319999999997,-0.06321967693914474,0.1291787158797679,0.9896039361815333,-3.7671212802266583,7.616570724544854,0.3307302937865454,0.33076302296014437,0.3026285846241331
05/17/2023 16:15:35.767197,1725,True,True,True,True,Eyes,1.086108,-0.2529249,-3.476675,-0.3360497,0.4569443,0.823573,1.119544,0.7098852,0.2586442,-2.554649,0.3398253,-0.7763947,-0.5307823,-0.06705591,0.1455365,1.118346,1.08525,-0.2575062,-3.486887,-0.1753826,-0.1471821,-0.002556455,0.9734331,339.9891,342.302,2.845708,0.2975633,-0.06925473,-0.9521866,0,0,0,0.7047879,0.2702902,-2.546688,-0.06910062,0.1534649,1.130915,0.9566618,0.04664928,0.2874405,0.05660343,0.9384688,-0.340694,-0.2856471,0.342199,0.8951567,static,-3.6681706736634907,7.439600946740028,-3.4965119762662455,7.727820078412083,-0.3804621,0.5277963999999999,0.9401989999999998,-0.06344153370700253,0.12922014272761323,0.9895844112636063,-3.7800073185156435,7.619152624567357,0.3354425768170198,0.33546531304132254,0.303608670169676
05/17/2023 16:15:35.777430,1726,True,True,True,True,Eyes,1.086133,-0.2529386,-3.476656,-0.3360535,0.4568747,0.8236101,1.11959,0.7098908,0.2585738,-2.55455,0.3401007,-0.7808663,-0.5240031,-0.0665001,0.1461722,1.118356,1.085115,-0.2575675,-3.48692,-0.1750887,-0.1473467,-0.002471347,0.9734613,340.0249,342.2831,2.853406,0.297554,-0.06925653,-0.9521894,0,0,0,0.7047879,0.2702902,-2.546688,-0.06857094,0.1542078,1.130857,0.9565656,0.04678598,0.2877381,0.05640903,0.9386757,-0.3401559,-0.2860073,0.3416125,0.8952657,static,-3.64853346097255,7.469824291761157,-3.4699532680042755,7.765167374994533,-0.38032710000000003,0.5278577,0.940232,-0.06309800666512158,0.12974496279304815,0.9895377351920787,-3.7605804288773563,7.649668278775767,0.3451035427420278,0.3451353678404798,0.3127366110075688
05/17/2023 16:15:35.797317,1727,True,True,True,True,Eyes,1.086177,-0.2529485,-3.476628,-0.336081,0.4568167,0.8236311,1.119627,0.7098914,0.2585159,-2.554468,0.3400832,-0.7845864,-0.5184278,-0.06620836,0.1466943,1.118318,1.08518,-0.2576779,-3.486798,-0.1749026,-0.1474824,-0.002342993,0.9734746,340.0489,342.2658,2.867766,0.2975464,-0.06925854,-0.9521917,0,0,0,0.7047879,0.2702902,-2.546688,-0.06829578,0.1548176,1.130762,0.9564869,0.04702843,0.2879603,0.0561518,0.9388072,-0.3398354,-0.2863211,0.3412176,0.895316,static,-3.6314855364030234,7.489797006692593,-3.456352586274673,7.796144043828264,-0.3803921,0.5279681,0.9401099999999998,-0.06280069400725663,0.13009234725968064,0.989511080718035,-3.7436704150970064,7.669818929020813,0.3528570555247499,0.35287399646681666,0.3138623414656417
05/17/2023 16:15:35.817631,1728,True,True,True,True,Eyes,1.086223,-0.2529609,-3.476595,-0.3361194,0.4567409,0.8236574,1.119688,0.7098747,0.2584463,-2.554356,0.3391548,-0.7896616,-0.5112815,-0.0659219,0.1468445,1.118269,1.085068,-0.2576298,-3.486735,-0.1747921,-0.1475528,-0.002275561,0.9734839,340.063,342.2569,2.875031,0.2975409,-0.06926065,-0.9521932,0,0,0,0.7047879,0.2702902,-2.546688,-0.06801975,0.1550751,1.130631,0.9564461,0.04715168,0.288076,0.05601256,0.938885,-0.3396431,-0.286485,0.3409861,0.8953518,static,-3.6238802386596154,7.498912311638705,-3.442814655511035,7.809844724888071,-0.3802800999999999,0.52792,0.9400469999999999,-0.06266802938496929,0.1302508500115044,0.989498583893992,-3.7361281045743215,7.679016096972095,0.3597864621154872,0.3598106599449359,0.32116803901350166
05/17/2023 16:15:35.827131,1729,True,True,True,True,Eyes,1.086262,-0.2529745,-3.476568,-0.3361653,0.4566664,0.82368,1.119729,0.709848,0.2583679,-2.55427,0.3371669,-0.7944024,-0.5052161,-0.06576845,0.1474499,1.118208,1.085178,-0.2576955,-3.486612,-0.174528,-0.147679,-0.002201783,0.9735123,340.0951,342.2427,2.881137,0.2975374,-0.06926291,-0.9521942,0,0,0,0.7047879,0.2702902,-2.546688,-0.06785843,0.1557917,1.130508,0.9563721,0.0472613,0.2883031,0.05583515,0.9390703,-0.3391599,-0.2867661,0.3404605,0.8954619,static,-3.6112999881473997,7.525552798520761,-3.435041825489366,7.846328471191226,-0.38039009999999995,0.5279857,0.939924,-0.062446939252371464,0.13071273484949014,0.989451672866961,-3.7237344970475283,7.705931937185982,0.36600100851306583,0.3660108906587007,0.32102125377001856
05/17/2023 16:15:35.847261,1730,True,True,True,True,Eyes,1.086302,-0.2529921,-3.476533,-0.3362063,0.4565744,0.8237143,1.119808,0.7098158,0.2582837,-2.554131,0.3353133,-0.8007092,-0.496417,-0.06560603,0.1480079,1.118273,1.08513,-0.2577311,-3.486661,-0.1742655,-0.1476803,-0.002024143,0.9735594,340.1284,342.2414,2.896915,0.2975353,-0.06926535,-0.9521946,0,0,0,0.7047879,0.2702902,-2.546688,-0.06769827,0.1564851,1.130463,0.9563729,0.0475299,0.2882566,0.0554124,0.9392549,-0.3387178,-0.2868456,0.3399135,0.8956441,static,-3.6086190818908985,7.5539209801906955,-3.4270898480930483,7.88112294431361,-0.3803420999999999,0.5280213,0.9399729999999997,-0.06239656742465957,0.13120303206969036,0.9893899836105476,-3.7212551768418414,7.734633426076696,0.3741703396123018,0.3741844305274173,0.3286220010759605
05/17/2023 16:15:35.867590,1731,True,True,True,True,Eyes,1.08634,-0.2530113,-3.476505,-0.3362083,0.4565013,0.823754,1.119862,0.7098327,0.2582072,-2.554014,0.3362348,-0.8053145,-0.4882772,-0.06585163,0.1487172,1.118143,1.085219,-0.2578394,-3.486472,-0.1739991,-0.1475817,-0.001897703,0.9736223,340.1609,342.2534,2.90443,0.2975347,-0.06926806,-0.9521946,0,0,0,0.7047879,0.2702902,-2.546688,-0.06799069,0.1573125,1.130254,0.9564321,0.04766287,0.288038,0.05505345,0.9394414,-0.3382587,-0.2867173,0.3393789,0.8958879,static,-3.616574218133223,7.583047436379972,-3.4424924342792425,7.923712232246828,-0.3804310999999999,0.5281296,0.939784,-0.06252973941419757,0.13170487439463716,0.9893148983797148,-3.7294201243467158,7.764142167258657,0.38256976126041886,0.38256629570937223,0.3283140340707127
05/17/2023 16:15:35.877686,1732,True,True,True,True,Eyes,1.086374,-0.2530286,-3.476475,-0.3362039,0.4564353,0.8237923,1.119925,0.7098504,0.2581449,-2.553889,0.3375132,-0.8097026,-0.4800693,-0.0657897,0.1490124,1.118286,1.085353,-0.2578853,-3.486523,-0.1738341,-0.1476375,-0.001868614,0.9736434,340.1806,342.2476,2.905734,0.2975353,-0.06927106,-0.9521942,0,0,0,0.7047879,0.2702902,-2.546688,-0.06797752,0.1577118,1.130307,0.9563994,0.04769015,0.2881422,0.05496761,0.9395564,-0.3379531,-0.2868429,0.3390566,0.8959697,static,-3.6096735275229084,7.597955081109395,-3.4416662173214982,7.943200534441842,-0.3805651,0.5281754999999999,0.939835,-0.06240841892433213,0.13196327394353358,0.9892880685513492,-3.7226239133840835,7.779204416169991,0.3839635929739409,0.38395426723483533,0.32531823463346005
05/17/2023 16:15:35.897530,1733,True,True,True,True,Eyes,1.086412,-0.2530447,-3.476441,-0.336181,0.4563908,0.8238263,1.119967,0.7098999,0.2580981,-2.553782,0.3407197,-0.8126069,-0.4728426,-0.06586954,0.1488132,1.118282,1.08531,-0.2578572,-3.486465,-0.1738696,-0.1475828,-0.001961759,0.9736451,340.1747,342.2558,2.894259,0.297537,-0.06927426,-0.9521935,0,0,0,0.7047879,0.2702902,-2.546688,-0.06813607,0.1575883,1.130239,0.9564309,0.04750021,0.2880687,0.05514043,0.939531,-0.3379955,-0.2867043,0.3391536,0.8959774,static,-3.617023884579583,7.5889386023748395,-3.449881203680649,7.937531163603472,-0.3805221,0.5281473999999999,0.9397769999999999,-0.06253664778256765,0.13180653080524157,0.9893008671675851,-3.7299119204163578,7.770106316525059,0.38660302225736254,0.386592097076519,0.326264128789459
05/17/2023 16:15:35.917470,1734,True,True,True,True,Eyes,1.086444,-0.2530595,-3.476404,-0.3361486,0.4563576,0.8238579,1.120001,0.7099569,0.2580615,-2.553682,0.3444569,-0.8149099,-0.4661236,-0.0662356,0.1489731,1.118214,1.085362,-0.257849,-3.486362,-0.1737671,-0.1474447,-0.002045415,0.9736842,340.1845,342.2752,2.879363,0.2975396,-0.06927763,-0.9521924,0,0,0,0.7047879,0.2702902,-2.546688,-0.06858855,0.157815,1.130109,0.9565117,0.04725888,0.2878399,0.05522523,0.9396017,-0.3377853,-0.2864182,0.3389917,0.8961301,static,-3.6337262485345154,7.596998245013417,-3.4731338935631735,7.949706604976062,-0.3805740999999999,0.5281392,0.9396740000000001,-0.06282388358066518,0.13194330556401535,0.9892644254802728,-3.746676183557289,7.778326005536966,0.3875607180524821,0.387547534713847,0.3227951274095204
05/17/2023 16:15:35.927203,1735,True,True,True,True,Eyes,1.086473,-0.2530788,-3.476371,-0.3361012,0.4563173,0.8238996,1.12006,0.7100193,0.2580242,-2.553554,0.3487876,-0.8177924,-0.4577805,-0.06634688,0.1486442,1.118183,1.085243,-0.2578307,-3.486255,-0.1738577,-0.1473641,-0.002226894,0.9736799,340.1707,342.2878,2.857985,0.2975431,-0.06928111,-0.9521911,0,0,0,0.7047879,0.2702902,-2.546688,-0.06880006,0.1575578,1.129994,0.9565578,0.04690419,0.2877452,0.05557732,0.939537,-0.3379072,-0.2861965,0.3392198,0.8961146,static,-3.64516242616241,7.579869468047615,-3.484171511190557,7.937713210498363,-0.38045509999999994,0.5281209,0.9395669999999998,-0.06302385454518294,0.1316458968318272,0.9892913612311096,-3.757993244041002,7.761032714024099,0.39240361185364503,0.39239039070118875,0.3258747293295587
05/17/2023 16:15:35.947493,1736,True,True,True,True,Eyes,1.086497,-0.2530914,-3.476341,-0.3360565,0.4562864,0.8239349,1.120094,0.7100824,0.2579922,-2.553456,0.3529053,-0.8197098,-0.4511473,-0.06636351,0.1494445,1.11823,1.085366,-0.2579448,-3.486273,-0.1734949,-0.1474106,-0.002312442,0.9737374,340.2109,342.2874,2.841552,0.2975472,-0.0692848,-0.9521896,0,0,0,0.7047879,0.2702902,-2.546688,-0.06890574,0.1584249,1.129977,0.9565296,0.04664654,0.2878808,0.05565338,0.9397883,-0.3371951,-0.286276,0.3385586,0.8963393,static,-3.6422854947000656,7.6167516455056266,-3.489562510186986,7.980954611196889,-0.38057810000000003,0.528235,0.9395850000000001,-0.06296878838695535,0.13228314727223064,0.989209821065305,-3.755378560845012,7.79835050980696,0.3949377174166505,0.39492798105084104,0.3224940784446341
05/17/2023 16:15:35.967521,1737,True,True,True,True,Eyes,1.086506,-0.2531098,-3.47631,-0.3359866,0.4562811,0.8239664,1.120116,0.710162,0.2579781,-2.553372,0.3581547,-0.8205287,-0.4454858,-0.06612164,0.1490144,1.118265,1.085273,-0.2577967,-3.486304,-0.1735691,-0.1474829,-0.002481661,0.9737127,340.1996,342.2813,2.824533,0.2975517,-0.06928852,-0.9521879,0,0,0,0.7047879,0.2702902,-2.546688,-0.06876555,0.1580288,1.129965,0.9564853,0.04636409,0.2880734,0.05602979,0.9397352,-0.3372808,-0.2863505,0.3387448,0.8962451,static,-3.6351955941108685,7.603192743264797,-3.4825173132040184,7.9613399501089805,-0.3804850999999999,0.5280868999999999,0.939616,-0.06284835459722038,0.1320500603711357,0.989248670358536,-3.7481900920000744,7.784600973951769,0.3893437233841653,0.3893328643088858,0.31909041208773015
05/17/2023 16:15:35.978036,1738,True,True,True,True,Eyes,1.08651,-0.253134,-3.476277,-0.335932,0.4562598,0.8240005,1.120155,0.7102135,0.257948,-2.553268,0.3616573,-0.8226811,-0.438634,-0.06626436,0.14876,1.118298,1.085308,-0.2579357,-3.486156,-0.173701,-0.1474614,-0.002656158,0.973692,340.1812,342.2862,2.806063,0.2975563,-0.06929242,-0.9521862,0,0,0,0.7047879,0.2702902,-2.546688,-0.06898981,0.1578304,1.129933,0.9564961,0.04605584,0.2880868,0.05640096,0.9396418,-0.3374792,-0.2862413,0.3390459,0.8961662,static,-3.6392075852340846,7.582426218700416,-3.493945202911396,7.951694976882021,-0.3805200999999999,0.5282259,0.9394679999999997,-0.06292065905206323,0.1316909078264966,0.9892919858063027,-3.752055057898133,7.7635981257557365,0.3968140241021434,0.3968130233334686,0.31937614601735365
05/17/2023 16:15:35.997765,1739,True,True,True,True,Eyes,1.086502,-0.2531643,-3.476248,-0.3358795,0.4562176,0.8240452,1.120221,0.710243,0.2579005,-2.553135,0.363816,-0.8262889,-0.4299821,-0.06578147,0.1493506,1.118276,1.085193,-0.2580963,-3.486051,-0.1735392,-0.1475331,-0.002371659,0.9737107,340.2051,342.2733,2.838022,0.2975607,-0.06929664,-0.9521844,0,0,0,0.7047879,0.2702902,-2.546688,-0.0685643,0.158515,1.129812,0.9564567,0.04658693,0.2881323,0.05582418,0.939757,-0.3372541,-0.2864861,0.3386537,0.8962363,static,-3.618876690804908,7.604261031677921,-3.4728193918139385,7.986586197524807,-0.38040510000000005,0.5283865,0.9393629999999997,-0.06256641965585652,0.132070846701818,0.9892637480955027,-3.7318744832842405,7.785621125989658,0.40927175502383145,0.4092740732423526,0.32786658932226426
05/17/2023 16:15:36.017705,1740,True,True,True,True,Eyes,1.086497,-0.2531846,-3.476218,-0.3358267,0.4561771,0.8240892,1.120257,0.7102848,0.2578509,-2.553026,0.3663574,-0.8290472,-0.4224487,-0.06562567,0.1509456,1.11822,1.085408,-0.2582397,-3.486,-0.1729416,-0.1475601,-0.001920878,0.973814,340.2819,342.2667,2.879951,0.2975647,-0.06930131,-0.9521828,0,0,0,0.7047879,0.2702902,-2.546688,-0.06846902,0.1602083,1.129676,0.9564446,0.04729738,0.2880566,0.0547797,0.940175,-0.3362589,-0.2867277,0.3373927,0.8966345,static,-3.600574747860695,7.680074718475119,-3.468421683022065,8.071741631826193,-0.3806200999999999,0.5285299,0.9393120000000001,-0.06223938963464243,0.13338246227886394,0.9891084398023678,-3.7141083264117745,7.862283897137763,0.4133341943943892,0.4133611055242144,0.32285363457906263
05/17/2023 16:15:36.027242,1741,True,True,True,True,Eyes,1.086475,-0.2532031,-3.476193,-0.3357234,0.4561562,0.8241428,1.1203,0.7103642,0.2578286,-2.552906,0.3717122,-0.8306688,-0.414511,-0.06565681,0.1507126,1.118162,1.085447,-0.2580208,-3.485925,-0.1729184,-0.1475591,-0.002019718,0.9738179,340.2828,342.269,2.867766,0.2975683,-0.06930614,-0.9521813,0,0,0,0.7047879,0.2702902,-2.546688,-0.06861195,0.1600318,1.12954,0.9564444,0.04709769,0.28809,0.05496504,0.9401903,-0.336186,-0.286693,0.3373781,0.8966511,static,-3.597679868068555,7.678474799644721,-3.476061781216935,8.063924107796641,-0.38065910000000003,0.528311,0.9392369999999999,-0.06218964148951278,0.13335525058598385,0.989115190728762,-3.7112012704788357,7.860653781808409,0.40413550610415,0.4041808112766392,0.310820534774827
05/17/2023 16:15:36.047180,1742,True,True,True,True,Eyes,1.08645,-0.2532208,-3.476166,-0.3355875,0.4561491,0.8242021,1.120335,0.7104792,0.2578191,-2.552784,0.3793526,-0.8312496,-0.4063442,-0.06658018,0.1508737,1.118147,1.08571,-0.2579518,-3.485859,-0.1726615,-0.1474241,-0.002715709,0.9738823,340.2994,342.3018,2.777389,0.2975713,-0.06931105,-0.95218,0,0,0,0.7047879,0.2702902,-2.546688,-0.0696989,0.1602359,1.129447,0.9565176,0.04561936,0.2880852,0.05619849,0.9403613,-0.3355033,-0.2862096,0.3371047,0.8969083,static,-3.6299887099752235,7.690775839432842,-3.531281294935116,8.074729137741306,-0.38092209999999993,0.528242,0.939171,-0.06274561973535656,0.13356294984669387,0.9890520708555974,-3.743606392128851,7.873224601393098,0.3963202753173193,0.3964382537872051,0.2927217536624755
05/17/2023 16:15:36.067356,1743,True,True,True,True,Eyes,1.08641,-0.2532451,-3.476144,-0.3354647,0.4561679,0.8242416,1.120352,0.7105715,0.2578236,-2.552703,0.3855322,-0.8310076,-0.4009878,-0.06744909,0.1505602,1.118063,1.085586,-0.2579504,-3.485775,-0.1727649,-0.1470132,-0.002998592,0.9739252,340.2813,342.3563,2.737321,0.2975735,-0.069316,-0.952179,0,0,0,0.7047879,0.2702902,-2.546688,-0.07069349,0.1599359,1.129316,0.9567563,0.04495664,0.2873958,0.05663826,0.9402866,-0.3356386,-0.2853236,0.337402,0.8970788,static,-3.6774058053390064,7.674854675692465,-3.581956135095942,8.060732786260019,-0.3807980999999999,0.5282406,0.9390869999999998,-0.06356655087612703,0.13328116270834003,0.9890375919973344,-3.7909225146334258,7.857288180512938,0.3973659878789288,0.39750793170035564,0.2916447417399955
05/17/2023 16:15:36.087114,1744,True,True,True,True,Eyes,1.086369,-0.2532712,-3.476119,-0.335376,0.456161,0.8242815,1.120377,0.710622,0.257801,-2.552613,0.3888298,-0.8323836,-0.3949038,-0.0675706,0.1502693,1.118181,1.085494,-0.2581252,-3.485761,-0.1729366,-0.1469016,-0.003091367,0.9739114,340.2596,342.3701,2.727407,0.2975746,-0.06932119,-0.9521782,0,0,0,0.7047879,0.2702902,-2.546688,-0.07089171,0.1596892,1.129377,0.9568207,0.04478787,0.2872074,0.05683074,0.9401668,-0.3359415,-0.285069,0.3377581,0.8970258,static,-3.686359207390219,7.65269700196414,-3.591779949103245,8.048033186813479,-0.38070609999999994,0.5284154,0.939073,-0.06372441660765568,0.13289732559899944,0.9890790717207079,-3.7997202801989816,7.834895837027864,0.4063311712985502,0.40649223258181055,0.29776956051591275
05/17/2023 16:15:36.097692,1745,True,True,True,True,Eyes,1.086338,-0.2533003,-3.476092,-0.3352879,0.4561254,0.8243371,1.12044,0.7106684,0.2577609,-2.552472,0.3920172,-0.8352399,-0.3856121,-0.0672746,0.1512682,1.118087,1.085435,-0.2581898,-3.485677,-0.1725113,-0.1469726,-0.002988833,0.9739764,340.3105,342.3634,2.732565,0.2975748,-0.06932663,-0.9521778,0,0,0,0.7047879,0.2702902,-2.546688,-0.07067665,0.1607804,1.129176,0.9567803,0.04488678,0.287327,0.05653099,0.9404618,-0.3351654,-0.2852646,0.3369225,0.8972778,static,-3.6719552510747926,7.700529771647881,-3.581547937647501,8.10372289397619,-0.3806470999999999,0.5284800000000001,0.9389889999999999,-0.06346863506912753,0.13372519212549663,0.9889839817719199,-3.7856536079760943,7.883253625245256,0.41302008993354405,0.41320476305820997,0.3004427118687308
05/17/2023 16:15:36.117374,1746,True,True,True,True,Eyes,1.086308,-0.2533294,-3.476068,-0.3351936,0.456048,0.8244182,1.120543,0.7107092,0.2576918,-2.552272,0.3947859,-0.8399512,-0.3723252,-0.06756476,0.1521584,1.118141,1.085633,-0.2582807,-3.485632,-0.1720746,-0.1469392,-0.003084347,0.9740583,340.3589,342.3734,2.711859,0.2975745,-0.0693324,-0.9521775,0,0,0,0.7047879,0.2702902,-2.546688,-0.07106453,0.1618086,1.129077,0.9567987,0.04456035,0.2873162,0.05657768,0.9407616,-0.334315,-0.2851932,0.3361279,0.8975984,static,-3.6754381497573885,7.742701337218052,-3.601467146619812,8.155557205431574,-0.38084510000000005,0.5285709,0.9389439999999998,-0.06352243999157278,0.13445261142410153,0.9888818388336175,-3.7894381590312793,7.9259486251263835,0.41915077195708206,0.4194301815839203,0.29673759730906557
05/17/2023 16:15:36.127215,1747,True,True,True,True,Eyes,1.086277,-0.2533611,-3.476045,-0.3351324,0.4559731,0.8244846,1.120628,0.7107177,0.2576152,-2.552104,0.3951738,-0.8446952,-0.361009,-0.06791726,0.1534387,1.118072,1.085614,-0.2582985,-3.48566,-0.1714498,-0.1467748,-0.003092748,0.9741933,340.43,342.3993,2.695002,0.2975735,-0.06933844,-0.9521774,0,0,0,0.7047879,0.2702902,-2.546688,-0.07147518,0.1632296,1.128872,0.9568952,0.04430313,0.2870345,0.05635487,0.9411908,-0.3331426,-0.2849135,0.3349583,0.8981243,moving,-3.693840267218027,7.809362691348451,-3.622879192944432,8.227676523931782,-0.38082610000000006,0.5285887,0.9389720000000001,-0.06382997141231664,0.1356003889214231,0.9887053749041678,-3.8083205206324022,7.9934856409217465,0.423983598518373,0.42428992044664243,0.2987203637178043
05/17/2023 16:15:36.147517,1748,True,True,True,True,Eyes,1.086242,-0.2533891,-3.476022,-0.3350839,0.4558879,0.8245515,1.117164,0.7118986,0.2559122,-2.554864,0.2626546,-0.8125606,-0.5203438,-0.06793892,0.1535763,1.114606,1.085591,-0.2583862,-3.48567,-0.1711812,-0.1465996,-0.002951569,0.9742673,340.4629,342.4202,2.702719,0.2975721,-0.0693448,-0.9521774,0,0,0,0.7079575,0.2681046,-2.547056,-0.06893039,0.1622359,1.12682,0.9569997,0.04443895,0.2866649,0.05594142,0.9413765,-0.3326871,-0.2846438,0.3344179,0.8984111,moving,-3.7066162553237336,7.838393475919661,-3.5005636368837187,8.192959190114786,-0.37763349999999996,0.5264908,0.9386139999999998,-0.06404601446384964,0.13609945226130218,0.9886228910374977,-3.821306914978698,8.022915592350817,0.4100526975833819,0.4100908768171826,0.36303040586654434
05/17/2023 16:15:36.167554,1749,True,True,True,True,Eyes,1.086211,-0.2534166,-3.476,-0.3350595,0.4558326,0.8245919,1.114245,0.7128729,0.2544924,-2.557203,0.10312,-0.7526235,-0.6503261,-0.06738922,0.1534284,1.111638,1.085487,-0.2583233,-3.485641,-0.1710277,-0.1466832,-0.00280686,0.9742821,340.4833,342.4086,2.718532,0.29757,-0.06935135,-0.9521775,0,0,0,0.7113261,0.2657818,-2.547448,-0.06556714,0.1607282,1.124614,0.9569524,0.04470441,0.2867816,0.05564311,0.9414833,-0.332435,-0.2848614,0.3340819,0.8984671,moving,-3.6913678670459897,7.855201193108899,-3.336676007876994,8.133550217899183,-0.37416090000000013,0.5241051,0.938193,-0.06378031245450361,0.13639177471914343,0.9885997091041391,-3.806174344340457,8.039869672900773,0.44972452736965873,0.4508708180426638,0.47875331064459314
05/17/2023 16:15:36.177683,1750,True,True,True,True,Eyes,1.08618,-0.2534389,-3.475981,-0.3350481,0.4557882,0.824621,1.114273,0.7128447,0.2544333,-2.557129,0.1012773,-0.7568664,-0.6456749,-0.06703955,0.1532351,1.111752,1.085686,-0.2583372,-3.485581,-0.1710775,-0.146945,-0.002815563,0.9742339,340.4781,342.3766,2.723946,0.2975676,-0.06935805,-0.9521778,0,0,0,0.7146416,0.2634956,-2.547833,-0.06224385,0.158776,1.122618,0.9567985,0.04479194,0.287281,0.05576401,0.941449,-0.3325116,-0.2853543,0.3341666,0.8982793,moving,-3.6611239972839167,7.845087111671242,-3.173530214300767,8.050159480318047,-0.37104439999999994,0.5218328,0.937748,-0.06325995583685373,0.1362217733014257,0.9886565190600749,-3.775850337339766,8.029520007547326,0.5260929567877445,0.5289634898423804,0.6026736417448241
05/17/2023 16:15:36.197587,1751,True,True,True,True,Eyes,1.086151,-0.2534636,-3.475957,-0.3350376,0.4557815,0.824629,1.110763,0.7140032,0.2528017,-2.559989,-0.2642381,-0.5603507,-0.7849748,-0.06637007,0.152295,1.1084,1.085637,-0.2582341,-3.485667,-0.1711726,-0.1471687,-0.002969571,0.974183,340.4651,342.3517,2.712281,0.2975648,-0.06936474,-0.9521782,0,0,0,0.7179653,0.2612038,-2.548219,-0.05881801,0.1565121,1.120648,0.9566651,0.04459669,0.2877551,0.05616832,0.9413822,-0.3326329,-0.2857219,0.334381,0.8980827,moving,-3.6401965052193517,7.829010609905772,-3.0044530598878354,7.950623791381397,-0.36767169999999993,0.5194379,0.9374479999999998,-0.06290123524906052,0.13594745486605328,0.9887171895525003,-3.7548026576776525,8.013170621042947,0.6423101276816747,0.6472708043706358,0.7529519405672924
05/17/2023 16:15:36.217497,1752,True,True,True,True,Eyes,1.086118,-0.2534896,-3.475934,-0.3350469,0.4557563,0.8246392,1.110529,0.7140388,0.2526411,-2.560148,-0.483119,-0.4180175,-0.7693228,-0.06619877,0.1520301,1.108134,1.085618,-0.2583251,-3.485513,-0.1712602,-0.1473321,-0.003191575,0.9741422,340.4515,342.3355,2.691172,0.2975616,-0.0693715,-0.9521787,0,0,0,0.7212875,0.258913,-2.548605,-0.05566147,0.1545043,1.118525,0.9565662,0.04424615,0.288138,0.05668235,0.9413195,-0.3327232,-0.2859516,0.3346041,0.8979264,moving,-3.629492830447542,7.811365563289684,-2.8488756916545954,7.864622787035747,-0.3643305,0.5172380999999999,0.9369080000000003,-0.06271915874536726,0.13564452205686203,0.9887704036469634,-3.74397031852623,7.995271963475206,0.7756049462223398,0.7824317537385764,0.9045792382974415
05/17/2023 16:15:36.228223,1753,True,True,True,True,Eyes,1.08609,-0.2535134,-3.475905,-0.3350921,0.4557413,0.8246291,1.112783,0.7132053,0.253628,-2.558272,-0.760119,-0.1994505,-0.6184162,-0.06577465,0.1528849,1.110349,1.085505,-0.2583805,-3.485533,-0.1710989,-0.1474463,-0.002759445,0.9741546,340.4781,342.3146,2.741449,0.2975582,-0.06937835,-0.9521793,0,0,0,0.7246117,0.2566208,-2.548992,-0.05205476,0.1532534,1.116416,0.956504,0.04507954,0.2882152,0.05583205,0.9414351,-0.3325399,-0.2863266,0.3341674,0.8979695,moving,-3.605536393878021,7.83871103126023,-2.6695779074207646,7.81629249456179,-0.3608933,0.5150013,0.9365410000000001,-0.062301627696633555,0.136119979416689,0.9887314392517617,-3.7202025382601294,8.02285874710459,0.9273930158791504,0.9362269378516396,1.070738871815125
05/17/2023 16:15:36.247282,1754,True,True,True,True,Eyes,1.086065,-0.2535319,-3.475873,-0.3351257,0.4557295,0.824622,0.0,0.0,0.0,0.0,0.0,0.0,0.0,-0.02068925,-0.9768607,3.526793,1.085675,-0.2583533,-3.485329,-0.1711925,-0.147685,-0.002533169,0.9741026,340.4721,342.2803,2.775053,0.2975546,-0.06938523,-0.9521798,0,0,0,0.7279907,0.2542908,-2.549385,-0.0485824,0.1512839,1.11422,0.9563655,0.04562998,0.2885879,0.05550024,0.9413734,-0.3327699,-0.2868533,0.3342663,0.8977646,moving,-3.572451796634418,7.831635317775071,-2.4966384529217445,7.732087036907811,-0.35768429999999996,0.5126440999999999,0.9359440000000001,-0.061731694354343725,0.1360027047315226,0.9887833519394387,-3.687058718067939,8.015573592890522,1.069876833105371,1.0804092792705318,1.2237095386952226
05/17/2023 16:15:36.267622,1755,True,True,True,True,Eyes,1.086042,-0.2535516,-3.475846,-0.335112,0.455728,0.8246284,0.0,0.0,0.0,0.0,0.0,0.0,0.0,-0.02117252,-0.9770494,3.526637,1.085716,-0.2582425,-3.485222,-0.1711814,-0.1476112,-0.002725433,0.9741152,340.4697,342.2932,2.750555,0.297551,-0.069392,-0.9521805,0,0,0,0.7313743,0.2519577,-2.549778,-0.0459317,0.1492843,1.11199,0.956407,0.04522681,0.2885137,0.05584636,0.941379,-0.3326962,-0.2866476,0.3343055,0.8978158,moving,-3.5865654881721283,7.828541194248952,-2.365306682490158,7.646222795747124,-0.35434169999999987,0.5102002,0.9354439999999999,-0.06197573619031288,0.13594724800577865,0.9887757149616307,-3.701154084341948,8.012494835147605,1.2225599273958447,1.2347927230462703,1.3851510704182286
05/17/2023 16:15:36.277604,1756,True,True,True,True,Eyes,1.086014,-0.2535682,-3.475821,-0.3350812,0.4557427,0.8246326,0.0,0.0,0.0,0.0,0.0,0.0,0.0,-0.02407944,-0.9760321,3.526991,1.085781,-0.2582894,-3.485291,-0.1710535,-0.1472228,-0.002699881,0.9741964,340.4837,342.3409,2.742935,0.2975473,-0.06939869,-0.9521812,0,0,0,0.7346408,0.2497053,-2.550158,-0.04389533,0.1478103,1.109981,0.9566363,0.04510553,0.2877716,0.05562639,0.9414669,-0.3324844,-0.2859243,0.3340743,0.8981323,moving,-3.628022219850252,7.846420641476085,-2.264639944379296,7.585150614755921,-0.3511402000000001,0.5079947,0.935133,-0.06268851568332662,0.13624969517115312,0.9886889878757016,-3.7427492995552387,8.030745809154531,1.3742973172895812,1.3881906410614921,1.5438142191111521
05/17/2023 16:15:36.297749,1757,True,True,True,True,Eyes,1.086002,-0.253591,-3.475786,-0.3350514,0.4557478,0.824642,0.0,0.0,0.0,0.0,0.0,0.0,0.0,-0.02561176,-0.9776139,3.526535,1.085652,-0.2582346,-3.485327,-0.1712709,-0.1469972,-0.00272342,0.9741923,340.4577,342.3667,2.739778,0.2975435,-0.06940522,-0.9521819,0,0,0,0.7379819,0.2474015,-2.550546,-0.04126269,0.1454236,1.10793,0.9567688,0.0450464,0.2873399,0.05565894,0.9413177,-0.3329009,-0.2854742,0.3345022,0.8981162,moving,-3.6507465687730845,7.822340672733098,-2.132883687321242,7.4777262110201175,-0.3476701000000001,0.5056361,0.9347809999999996,-0.06308430799443124,0.13583078025445608,0.9887215458515756,-3.7653079523485236,8.006459436482348,1.5410306794260955,1.5564918419673834,1.715916024972538
05/17/2023 16:15:36.317206,1758,True,True,True,True,Eyes,1.085991,-0.2536118,-3.475754,-0.335023,0.4557355,0.8246604,0.0,0.0,0.0,0.0,0.0,0.0,0.0,-0.02645981,-0.9774446,3.526405,1.085808,-0.2584203,-3.485092,-0.1713047,-0.146924,-0.002584258,0.9741979,340.4561,342.3725,2.755385,0.2975401,-0.06941179,-0.9521825,0,0,0,0.7413266,0.2450951,-2.550935,-0.03854987,0.1437986,1.105749,0.9568133,0.04530238,0.2871514,0.05537269,0.941296,-0.33301,-0.2853806,0.3345287,0.8981361,moving,-3.652001844491634,7.82119401122424,-1.9967014574161435,7.409522543836442,-0.34448140000000016,0.5035154,0.9341569999999999,-0.06310614734329631,0.13581081224818958,0.9887229486875396,-3.7665553836788646,8.005303594243875,1.6888924938185002,1.7057235322623334,1.8674415600848542
05/17/2023 16:15:36.327360,1759,True,True,True,True,Eyes,1.085997,-0.2536357,-3.475714,-0.3349788,0.455714,0.8246902,0.0,0.0,0.0,0.0,0.0,0.0,0.0,-0.02639377,-0.9757442,3.526937,1.085845,-0.2583895,-3.485144,-0.1710502,-0.1469284,-0.002631167,0.9742417,340.4845,342.3752,2.744866,0.2975369,-0.06941834,-0.952183,0,0,0,0.7447808,0.2427133,-2.551336,-0.03553668,0.1423756,1.103582,0.9568102,0.04513748,0.2871877,0.05539105,0.9414697,-0.3325154,-0.2853874,0.3340617,0.8983077,moving,-3.6519038947651175,7.8474557052421385,-1.8443563436564834,7.351251912574609,-0.34106419999999993,0.5011028,0.933808,-0.06310049127492875,0.1362640268761089,0.9886609202359774,-3.7666446827510875,8.03188276622825,1.855988006890579,1.8744189375314315,2.039227995483677
05/17/2023 16:15:36.347227,1760,True,True,True,True,Eyes,1.086003,-0.2536645,-3.475669,-0.3349211,0.4556623,0.8247422,0.0,0.0,0.0,0.0,0.0,0.0,0.0,-0.02741587,-0.9746014,3.527162,1.085938,-0.2584998,-3.485023,-0.170867,-0.1467761,-0.002923213,0.974296,340.4999,342.4012,2.703515,0.2975346,-0.06942496,-0.9521833,0,0,0,0.7480742,0.2404424,-2.551719,-0.03325346,0.140986,1.101439,0.9568965,0.04446222,0.2870056,0.05585452,0.9415919,-0.332092,-0.2850077,0.3338082,0.8985225,moving,-3.676273377088749,7.858490144704911,-1.72928718278582,7.2942888428312775,-0.33786380000000005,0.4989422,0.9333040000000001,-0.06351934207557214,0.13645079489233458,0.9886083375548056,-3.7910993091354857,8.043141946534046,2.007276649765432,2.027086172278353,2.1935929921678268
05/17/2023 16:15:36.367530,1761,True,True,True,True,Eyes,1.086021,-0.2536958,-3.475613,-0.3348008,0.4555441,0.8248564,0.0,0.0,0.0,0.0,0.0,0.0,0.0,-0.02854013,-0.9710841,3.527934,1.085921,-0.2586348,-3.484827,-0.1703708,-0.1466037,-0.003121572,0.9744082,340.5529,342.4305,2.666643,0.2975329,-0.06943177,-0.9521833,0,0,0,0.751308,0.2382126,-2.552095,-0.030949,0.1404103,1.099154,0.9569952,0.04387059,0.2867674,0.05603734,0.9419281,-0.3311061,-0.28464,0.3329366,0.8989623,moving,-3.697330214878448,7.902870747500401,-1.6128574152035284,7.279763100396828,-0.33461299999999994,0.4968474,0.9327320000000001,-0.06387587312821222,0.1372133965292242,0.9884798632200011,-3.8124782081477635,8.088138481772482,2.154319747493397,2.1756125556871444,2.343459491855334
05/17/2023 16:15:36.387677,1762,True,True,True,True,Eyes,1.086039,-0.2537359,-3.475547,-0.3345988,0.4553136,0.8250655,0.0,0.0,0.0,0.0,0.0,0.0,0.0,-0.03051209,-0.9645818,3.529526,1.086123,-0.2587122,-3.484582,-0.1694344,-0.1463344,-0.003407136,0.974611,340.6546,342.4773,2.608824,0.2975323,-0.06943886,-0.9521829,0,0,0,0.7546222,0.2359273,-2.55248,-0.02910545,0.1406763,1.096694,0.9571493,0.04294689,0.2863927,0.05622941,0.9425608,-0.3292682,-0.2840836,0.3312624,0.8997564,moving,-3.7292843445091286,7.9880916348917435,-1.520230886374404,7.309589009149093,-0.33150079999999993,0.4946395,0.932102,-0.06441386354134532,0.13867867681272095,0.9882403500048963,-3.8450485222235242,8.174510368351084,2.288006868201404,2.310905232595369,2.480497127101524
05/17/2023 16:15:36.397407,1763,True,True,True,True,Eyes,1.086073,-0.2537865,-3.475462,-0.3343577,0.4549734,0.8253509,0.0,0.0,0.0,0.0,0.0,0.0,0.0,-0.03300357,-0.9568144,3.531457,1.086219,-0.2588699,-3.484378,-0.1683083,-0.1459636,-0.003841177,0.9748601,340.7752,342.5408,2.527795,0.2975326,-0.06944644,-0.9521823,0,0,0,0.7579857,0.233608,-2.552871,-0.02742788,0.1413433,1.094187,0.9573597,0.04164454,0.2858812,0.05662297,0.9433151,-0.3270327,-0.2832952,0.3292754,0.9007339,moving,-3.7758211933828725,8.084502371417319,-1.435927074773662,7.360511050417931,-0.32823330000000006,0.4924779,0.9315069999999999,-0.06520115489759581,0.14033419062479943,0.9879550084540094,-3.8922852149696316,8.272262103457171,2.4246710183129654,2.4493403028538956,2.6201116952575068
05/17/2023 16:15:36.417547,1764,True,True,True,True,Eyes,1.086118,-0.253858,-3.475352,-0.3340128,0.4544299,0.8257899,0.0,0.0,0.0,0.0,0.0,0.0,0.0,-0.03785348,-0.9418839,3.534923,1.086613,-0.2591877,-3.483727,-0.1661735,-0.1452945,-0.004552295,0.975323,341.006,342.6542,2.388638,0.2975345,-0.06945477,-0.9521811,0,0,0,0.7617052,0.2310432,-2.553303,-0.0267503,0.1441999,1.090904,0.9577376,0.03940828,0.2849311,0.05716811,0.9447312,-0.3228229,-0.2819052,0.3254686,0.9025518,moving,-3.8643137700741983,8.276822508933439,-1.4046810777044674,7.529923989050532,-0.3249078000000001,0.4902309,0.9304239999999999,-0.06669505030709102,0.14363537456343928,0.9873807234083594,-3.9821726906238735,8.467241027789473,2.54349155612742,2.570535037764949,2.7426312631814396
05/17/2023 16:15:36.427517,1765,True,True,True,True,Eyes,1.086172,-0.2539557,-3.475227,-0.3331779,0.4535499,0.8266104,0.0,0.0,0.0,0.0,0.0,0.0,0.0,-0.04847431,-0.9182963,3.540443,1.086864,-0.2596872,-3.483051,-0.1628389,-0.1438054,-0.005402165,0.9761016,341.3704,342.8782,2.194655,0.2975381,-0.06946439,-0.9521793,0,0,0,0.7646942,0.2289822,-2.553651,-0.02854094,0.1502316,1.087655,0.9585817,0.0362881,0.2824967,0.05738034,0.9469085,-0.316341,-0.2789779,0.3194484,0.905607,moving,-4.024731265517281,8.581821385332093,-1.5031422842478515,7.86418032870825,-0.32216980000000006,0.48866940000000003,0.9294000000000002,-0.06940502673976967,0.14886177153532643,0.9864192280492085,-4.144807663881469,8.776531583668998,2.5918826183382437,2.6217207472596287,2.7947774133879206
05/17/2023 16:15:36.447354,1766,True,True,True,True,Eyes,1.086229,-0.2540652,-3.475091,-0.3322191,0.452391,0.8276308,0.0,0.0,0.0,0.0,0.0,0.0,0.0,-0.06408393,-0.8859563,3.548119,1.087081,-0.260303,-3.482624,-0.1583607,-0.1416627,-0.005796633,0.977149,341.8729,343.1793,2.022432,0.2975436,-0.0694759,-0.9521767,0,0,0,0.7678872,0.2267805,-2.554022,-0.0312354,0.1588208,1.084083,0.9597961,0.03353925,0.278687,0.05619594,0.9497766,-0.3078416,-0.2750152,0.3111263,0.9097072,moving,-4.240765365908654,9.011935495368219,-1.6503917097442937,8.334679777123178,-0.31919379999999997,0.4870835,0.9286020000000001,-0.07303982268310932,0.15622181981364772,0.9850176727911952,-4.363966186143528,9.21265975816309,2.6436109584280003,2.677444861513664,2.8520756101604707
05/17/2023 16:15:36.467532,1767,True,True,True,True,Eyes,1.086311,-0.2541831,-3.474945,-0.3309625,0.4509942,0.8288957,0.0,0.0,0.0,0.0,0.0,0.0,0.0,-0.08200687,-0.852948,3.55548,1.087132,-0.2605993,-3.482228,-0.1538145,-0.1392207,-0.00581505,0.9782255,342.3892,343.5072,1.890987,0.2975509,-0.06948947,-0.9521735,0,0,0,0.7712007,0.2244957,-2.554407,-0.03402802,0.1672761,1.080205,0.9611676,0.03145146,0.2741673,0.05420518,0.9526146,-0.2993114,-0.2705896,0.3025497,0.9139174,moving,-4.457340914271315,9.443146092397217,-1.8043032618704693,8.802669288341104,-0.3159313,0.48509499999999994,0.9278210000000002,-0.07666991247108312,0.1635859159988431,0.9835453212368382,-4.583674118984141,9.649899716514296,2.6911954679778494,2.729252520671278,2.9056327640972315
05/17/2023 16:15:36.480175,1768,True,True,True,True,Eyes,1.086401,-0.2543044,-3.474789,-0.3296133,0.449423,0.8302855,0.0,0.0,0.0,0.0,0.0,0.0,0.0,-0.09867448,-0.8241615,3.561739,1.087453,-0.2608356,-3.482007,-0.1498829,-0.1370024,-0.005596168,0.9791498,342.8395,343.7973,1.805833,0.2975606,-0.06950512,-0.9521693,0,0,0,0.7746376,0.2221257,-2.554807,-0.03619564,0.1742308,1.076633,0.9623981,0.03010964,0.2699692,0.05202759,0.9550077,-0.2919822,-0.2666141,0.2950489,0.917531,moving,-4.629102463887554,9.7973483609562,-1.9255183592736569,9.19244446246482,-0.31281539999999997,0.48296130000000004,0.9272,-0.07953568806107292,0.16962481611427674,0.9822939825016692,-4.758007026152199,10.00903162153761,2.7287309153624055,2.7704288002276822,2.9478477973528325
05/17/2023 16:15:36.497740,1769,True,True,True,True,Eyes,1.086522,-0.2544363,-3.474607,-0.3280432,0.4477716,0.8317982,0.0,0.0,0.0,0.0,0.0,0.0,0.0,-0.1150783,-0.8000302,3.566411,1.087653,-0.2609665,-3.481591,-0.1465878,-0.1348085,-0.005467796,0.9799536,343.2155,344.08,1.724175,0.2975728,-0.06952274,-0.9521642,0,0,0,0.7779179,0.2198638,-2.555188,-0.03835592,0.1797882,1.073109,0.9635935,0.02880619,0.2658152,0.05023893,0.9569643,-0.2858242,-0.2626091,0.2887726,0.9206774,moving,-4.782473796589466,10.070691839067795,-2.047040134772598,9.510976204372177,-0.30973509999999993,0.4808303,0.9264030000000001,-0.08209719847853406,0.17427282499501104,0.9812690888977775,-4.913368232089393,10.286257287833598,2.747600918955238,2.792110117800435,2.9693261053378484
05/17/2023 16:15:36.517404,1770,True,True,True,True,Eyes,1.086647,-0.254572,-3.474409,-0.326376,0.445978,0.833416,0.0,0.0,0.0,0.0,0.0,0.0,0.0,-0.1328506,-0.7774131,3.570297,1.088026,-0.261294,-3.480943,-0.1435491,-0.1324621,-0.005311966,0.9807239,343.5624,344.3774,1.649605,0.2975881,-0.06954245,-0.952158,0,0,0,0.7812914,0.2175377,-2.55558,-0.04089603,0.1849629,1.069476,0.9648511,0.02761049,0.2613425,0.04844877,0.9587309,-0.2801569,-0.2582924,0.2829714,0.9236949,moving,-4.94295241090302,10.306711363133187,-2.189884412983138,9.812085126461634,-0.30673459999999997,0.4788317,0.9253629999999999,-0.08478355949834324,0.1782732408914413,0.9803215281410754,-5.075572441795256,10.525733865050034,2.750362268833027,2.797148282657616,2.972623407315225
05/17/2023 16:15:36.527410,1771,True,True,True,True,Eyes,1.086808,-0.2547116,-3.474193,-0.324571,0.4442796,0.8350266,0.0,0.0,0.0,0.0,0.0,0.0,0.0,-0.1507252,-0.7554176,3.573837,1.088198,-0.2614576,-3.480394,-0.1405697,-0.1300701,-0.005188118,0.9814761,343.902,344.6792,1.573572,0.2976064,-0.06956419,-0.9521506,0,0,0,0.7847605,0.2151456,-2.555984,-0.04320928,0.1897297,1.065784,0.9661098,0.02638379,0.2567799,0.04675184,0.9604265,-0.2745818,-0.2538627,0.2772812,0.9266438,moving,-5.101503437969485,10.541111361489866,-2.321628300182557,10.093989706189944,-0.3034375,0.4766032,0.92441,-0.08743137646836101,0.18224043872238127,0.9793591254630966,-5.235837004566181,10.763564102395785,2.7663389952353166,2.8156035865021964,2.990140840288246
05/17/2023 16:15:36.547520,1772,True,True,True,True,Eyes,1.086969,-0.2548474,-3.473969,-0.3227007,0.4425171,0.8366857,0.0,0.0,0.0,0.0,0.0,0.0,0.0,-0.1680104,-0.7369354,3.576534,1.088512,-0.2616565,-3.479882,-0.1381016,-0.1277828,-0.004968246,0.9821278,344.1848,344.9627,1.520794,0.2976285,-0.06958786,-0.952142,0,0,0,0.7878795,0.2129949,-2.556346,-0.04560637,0.1936266,1.062554,0.9672938,0.0255351,0.2523703,0.04505292,0.9618065,-0.269997,-0.2496258,0.2725365,0.929199,moving,-5.236702653209451,10.715001933131994,-2.4577100624419526,10.327548703970669,-0.30063249999999997,0.4746514,0.9235359999999999,-0.0896920470008286,0.1851745399705684,0.9786040121565407,-5.37231207001875,10.94006518604705,2.755204646703644,2.8058723820459464,2.9782681718384465
05/17/2023 16:15:36.567243,1773,True,True,True,True,Eyes,1.087168,-0.2549843,-3.473721,-0.3208035,0.4409671,0.8382322,0.0,0.0,0.0,0.0,0.0,0.0,0.0,-0.1829125,-0.7230334,3.578281,1.088623,-0.2616592,-3.479478,-0.1362234,-0.1257841,-0.004856212,0.9826485,344.3987,345.2095,1.471025,0.2976541,-0.06961319,-0.9521321,0,0,0,0.7912396,0.210678,-2.556736,-0.04695484,0.1958469,1.059448,0.9683095,0.02472558,0.2485262,0.04381338,0.9628392,-0.2664977,-0.2458802,0.2689411,0.9312431,moving,-5.339398288624013,10.831698787758926,-2.5376939035019364,10.473323029416584,-0.29738339999999985,0.4723372,0.922742,-0.09141131266421425,0.18713794378560783,0.9780712918413461,-5.4758670901677275,11.058558709441273,2.7724836551322243,2.824531933928119,2.995890931929227
05/17/2023 16:15:36.577791,1774,True,True,True,True,Eyes,1.087369,-0.2551134,-3.473468,-0.318868,0.4394223,0.8397805,0.0,0.0,0.0,0.0,0.0,0.0,0.0,-0.196228,-0.7134075,3.579008,1.088925,-0.2618269,-3.478857,-0.1349872,-0.1240401,-0.004649076,0.9830417,344.541,345.4204,1.447509,0.297684,-0.06964005,-0.9521208,0,0,0,0.7945475,0.208397,-2.557121,-0.0479137,0.1969565,1.05654,0.9691848,0.02434719,0.2451284,0.04262813,0.9635137,-0.2642427,-0.2426181,0.2665494,0.932785,moving,-5.403348867679336,10.876903663354872,-2.59656345937123,10.55967250662376,-0.29437749999999996,0.4702239,0.9217360000000001,-0.09248939281431198,0.18789076880918423,0.9778255563006492,-5.540156972554419,11.104550003327956,2.772308544836778,2.8246557197457283,2.993598880489632
05/17/2023 16:15:36.597359,1775,True,True,True,True,Eyes,1.087602,-0.2552371,-3.473197,-0.3169328,0.4381662,0.8411682,0.0,0.0,0.0,0.0,0.0,0.0,0.0,-0.2081362,-0.7073121,3.579204,1.089114,-0.2617515,-3.478452,-0.1341698,-0.1224555,-0.004630336,0.9833523,344.6327,345.6127,1.411561,0.2977178,-0.06966809,-0.9521081,0,0,0,0.7979224,0.2060698,-2.557513,-0.04839657,0.1967722,1.053905,0.9699664,0.02375314,0.2420762,0.04196615,0.963954,-0.2627383,-0.2395912,0.2650064,0.9340062,moving,-5.45569111026077,10.888004156460132,-2.6292431766703066,10.57579640223526,-0.2911915999999999,0.4678213,0.9209389999999997,-0.09337947550588258,0.18806450823879653,0.9777075091890549,-5.592592241249865,11.115980711650504,2.7908451777506253,2.843638796172246,3.0121813967095292
05/17/2023 16:15:36.617637,1776,True,True,True,True,Eyes,1.087831,-0.2553515,-3.47292,-0.3149718,0.4369541,0.8425342,0.0,0.0,0.0,0.0,0.0,0.0,0.0,-0.2187759,-0.7056603,3.578452,1.089434,-0.2617711,-3.477894,-0.1339278,-0.121046,-0.004956473,0.9835582,344.6537,345.7863,1.347217,0.2977561,-0.06969707,-0.952094,0,0,0,0.8012487,0.2037763,-2.5579,-0.04888806,0.1954001,1.051477,0.9706466,0.0226729,0.2394392,0.04217282,0.9640775,-0.2622517,-0.236784,0.2646515,0.9348224,moving,-5.495834998122839,10.827437633805769,-2.6620303692873457,10.527410565979478,-0.2881853,0.46554739999999994,0.919994,-0.0940836068329767,0.18701843397781714,0.97784067145393,-5.632314858821112,11.05483137384639,2.79734708198772,2.849642945324538,3.0167470323737544
05/17/2023 16:15:36.637616,1777,True,True,True,True,Eyes,1.088071,-0.2554574,-3.472632,-0.3130245,0.4360349,0.8437353,0.0,0.0,0.0,0.0,0.0,0.0,0.0,-0.2278377,-0.704787,3.577668,1.089512,-0.2616476,-3.477477,-0.133735,-0.1198045,-0.005461342,0.9837338,344.6671,345.9424,1.265491,0.2977983,-0.06972664,-0.9520786,0,0,0,0.8046325,0.2014429,-2.558293,-0.04881652,0.1936562,1.049106,0.9712341,0.02129909,0.2371721,0.04278911,0.9641703,-0.2618107,-0.2342506,0.2644278,0.9355237,moving,-5.526441436594745,10.775297201716038,-2.664139300849397,10.458593615917643,-0.28487950000000006,0.46309049999999996,0.919184,-0.09462239104430319,0.18611895595143363,0.9779603087206336,-5.662557587468299,11.002174417900159,2.827348143727758,2.8797699001048582,3.047292619656765
05/17/2023 16:15:36.647323,1778,True,True,True,True,Eyes,1.088302,-0.2555707,-3.472333,-0.311083,0.4351608,0.8449038,0.0,0.0,0.0,0.0,0.0,0.0,0.0,-0.2355434,-0.7103469,3.575604,1.089616,-0.2615902,-3.47697,-0.134421,-0.1187437,-0.006145528,0.9837649,344.5774,346.0754,1.178806,0.2978445,-0.06975653,-0.952062,0,0,0,0.8078501,0.1992243,-2.558667,-0.04859842,0.190195,1.047133,0.9717243,0.01983179,0.235284,0.0440148,0.9637864,-0.2630177,-0.2319797,0.2659367,0.9356619,moving,-5.537834941142674,10.62127653280067,-2.657243827183283,10.294633354354067,-0.2817658999999999,0.4608145,0.9183030000000003,-0.09486465373408486,0.18348511165450188,0.9784344113292046,-5.672855773884142,10.846332276279117,2.84770184716909,2.8990517297639764,3.065662589643258
05/17/2023 16:15:36.667670,1779,True,True,True,True,Eyes,1.08859,-0.2556888,-3.472012,-0.309305,0.4344233,0.8459355,0.0,0.0,0.0,0.0,0.0,0.0,0.0,-0.2413841,-0.7106748,3.574624,1.089597,-0.2618718,-3.476415,-0.1344514,-0.1179321,-0.006628662,0.9838552,344.5662,346.1791,1.109739,0.2978941,-0.06978694,-0.9520442,0,0,0,0.8112233,0.1968983,-2.559059,-0.0475281,0.1884217,1.044865,0.9720962,0.01866898,0.2338386,0.04475556,0.9637578,-0.262998,-0.2302737,0.2661249,0.9360297,moving,-5.530026453683013,10.555074456489457,-2.6044356997436657,10.222350334555934,-0.27837369999999995,0.45877009999999996,0.9173559999999998,-0.09475154871953786,0.18235644275030893,0.9786563894293246,-5.664573124083919,10.779299738617853,2.892969694933233,2.9444501355689203,3.110407319714369
05/17/2023 16:15:36.687222,1780,True,True,True,True,Eyes,1.088872,-0.2558077,-3.471682,-0.307557,0.4336457,0.8469712,0.0,0.0,0.0,0.0,0.0,0.0,0.0,-0.2460806,-0.7067655,3.574602,1.089814,-0.2621499,-3.475836,-0.1339528,-0.1173317,-0.006723314,0.9839944,344.6215,346.2542,1.081713,0.2979484,-0.06981795,-0.9520249,0,0,0,0.8147151,0.1944905,-2.559465,-0.04594035,0.187799,1.04238,0.9723761,0.0182024,0.2327086,0.0446652,0.9640229,-0.2620398,-0.2291061,0.2651952,0.9365798,moving,-5.490148425643559,10.555005093481407,-2.5235383472100863,10.213056426490294,-0.27509890000000004,0.4566404,0.9163710000000003,-0.0940701918778511,0.1823670996740559,0.9787201617231901,-5.624684036246312,10.779080311304277,2.934096706813007,2.9862525426226187,3.1523780900786442
05/17/2023 16:15:36.697242,1781,True,True,True,True,Eyes,1.089216,-0.2559168,-3.471338,-0.3059016,0.4329323,0.847935,0.0,0.0,0.0,0.0,0.0,0.0,0.0,-0.251304,-0.6995234,3.575216,1.089968,-0.2622685,-3.475319,-0.1330207,-0.1166675,-0.006508487,0.9842012,344.7307,346.3343,1.082613,0.2980067,-0.06984954,-0.9520043,0,0,0,0.8178377,0.1923374,-2.559828,-0.04458691,0.1882264,1.039917,0.9726926,0.01822706,0.2313801,0.0438497,0.9645262,-0.2603195,-0.2279171,0.2633568,0.9373884,moving,-5.455636826527626,10.61643182068224,-2.4550787090945394,10.25953760070522,-0.27213030000000005,0.4546059,0.9154909999999998,-0.09346189905236289,0.18342681670694935,0.9785803011654851,-5.590601333826763,10.841121340882435,2.96835699924278,3.0217085399400445,3.1890032576098397
05/17/2023 16:15:36.717659,1782,True,True,True,True,Eyes,1.089553,-0.2560248,-3.47099,-0.3042363,0.4321834,0.8489157,0.0,0.0,0.0,0.0,0.0,0.0,0.0,-0.2557761,-0.6935954,3.575788,1.090307,-0.2621734,-3.474946,-0.1321539,-0.1161006,-0.006731496,0.9843835,344.8265,346.4091,1.035005,0.2980705,-0.06988139,-0.951982,0,0,0,0.8214173,0.1898691,-2.560244,-0.04303035,0.1878397,1.037395,0.9729507,0.01743353,0.2303541,0.04393902,0.9649801,-0.2586171,-0.2267958,0.2617432,0.938112,moving,-5.4247108816001965,10.65743064923056,-2.375223460608833,10.263269571301535,-0.2688896999999999,0.4520425,0.9147020000000001,-0.09292115297159022,0.18413638156169182,0.9784986129246873,-5.559959562193167,10.882500651189794,3.0201297565906158,3.0748555228073284,3.2443783945517453
05/17/2023 16:15:36.727284,1783,True,True,True,True,Eyes,1.089939,-0.2561356,-3.470626,-0.3025926,0.4314674,0.8498667,0.0,0.0,0.0,0.0,0.0,0.0,0.0,-0.2623163,-0.6869176,3.576199,1.090465,-0.2622191,-3.474476,-0.1311395,-0.1152086,-0.007330674,0.9846197,344.9338,346.5287,0.9364087,0.2981389,-0.06991344,-0.9519582,0,0,0,0.8245324,0.1877211,-2.560606,-0.04265468,0.1880829,1.034954,0.9733465,0.01578093,0.2287959,0.04465263,0.9654974,-0.2565559,-0.2249506,0.2599341,0.9390588,moving,-5.446215119152252,10.710166106152117,-2.3600573490041383,10.299993652103781,-0.26593259999999996,0.4499402,0.9138700000000002,-0.09327243974345305,0.1850307907562044,0.9782963073950794,-5.581845558795396,10.935954833287607,3.0573382070501167,3.1132958780536124,3.283955829898247
05/17/2023 16:15:36.747546,1784,True,True,True,True,Eyes,1.090311,-0.2562525,-3.470261,-0.3009394,0.4307006,0.8508423,0.0,0.0,0.0,0.0,0.0,0.0,0.0,-0.2693981,-0.6790563,3.576792,1.090618,-0.262413,-3.474022,-0.1299932,-0.1142467,-0.007849953,0.9848796,345.0575,346.6557,0.8444812,0.2982129,-0.06994575,-0.9519326,0,0,0,0.8277579,0.185497,-2.560981,-0.04225497,0.1886937,1.032459,0.9737721,0.01424007,0.2270794,0.04516511,0.9660804,-0.2542616,-0.2229976,0.2578489,0.9400989,moving,-5.472711191253432,10.776916529501092,-2.3436098419621776,10.357153397343403,-0.26286010000000004,0.44791000000000003,0.9130410000000002,-0.09370446096170568,0.18616284122720234,0.9780403975931167,-5.608824654586271,11.003612284130778,3.09971083618918,3.1571310301055266,3.328593826961494
05/17/2023 16:15:36.767441,1785,True,True,True,True,Eyes,1.090714,-0.256374,-3.469886,-0.2992734,0.429908,0.8518301,0.0,0.0,0.0,0.0,0.0,0.0,0.0,-0.2765642,-0.6706601,3.577472,1.09066,-0.2626386,-3.473623,-0.128813,-0.1132691,-0.008163861,0.985145,345.188,346.7813,0.776154,0.2982916,-0.06997848,-0.9519055,0,0,0,0.8310877,0.183201,-2.561368,-0.04152896,0.1893927,1.029934,0.9742069,0.01309589,0.2252762,0.04526624,0.9666812,-0.2519495,-0.2210698,0.2556484,0.9411547,moving,-5.49295459296309,10.850836957190443,-2.309027422438597,10.419611998174311,-0.2595723,0.4458396,0.912255,-0.09402714349084083,0.187418765889326,0.9777694401836483,-5.629600553435437,11.078503119977578,3.153817359884602,3.2129966063602637,3.3853128996725435
05/17/2023 16:15:36.777287,1786,True,True,True,True,Eyes,1.09111,-0.2564978,-3.469513,-0.2976041,0.4290198,0.8528622,0.0,0.0,0.0,0.0,0.0,0.0,0.0,-0.2831772,-0.6569699,3.579144,1.090852,-0.2628821,-3.473184,-0.1269523,-0.1124086,-0.00814496,0.9854853,345.4011,346.8907,0.7393766,0.2983754,-0.07001171,-0.9518768,0,0,0,0.8343962,0.1809196,-2.561753,-0.04058324,0.1916123,1.027168,0.974596,0.01248757,0.223622,0.04459452,0.9676336,-0.2483881,-0.2194859,0.2520503,0.9424949,moving,-5.492266811235732,11.003336603535475,-2.2625700738554864,10.56674633146377,-0.2564557999999999,0.4438017,0.9114309999999999,-0.0939675382212258,0.1900216386612445,0.977272735687857,-5.63000007961879,11.232845891281578,3.197464185009544,3.259072273072852,3.432677303112618
05/17/2023 16:15:36.797808,1787,True,True,True,True,Eyes,1.091498,-0.2566268,-3.469146,-0.2958216,0.4280916,0.853948,0.0,0.0,0.0,0.0,0.0,0.0,0.0,-0.2908015,-0.6439381,3.580644,1.091055,-0.2630145,-3.472846,-0.1251457,-0.1114023,-0.00824045,0.9858297,345.6064,347.0185,0.688295,0.2984635,-0.07004545,-0.9518467,0,0,0,0.8378308,0.1785512,-2.562152,-0.03985693,0.193463,1.024426,0.9750433,0.01163566,0.2217098,0.04413038,0.9685413,-0.2449086,-0.2175848,0.2485806,0.9438562,moving,-5.504371982609486,11.144765010423637,-2.2280600604202556,10.69436740661202,-0.2532242000000001,0.44156569999999995,0.9106939999999999,-0.09412899093895372,0.19243039138647194,0.9767856987368229,-5.643116998120865,11.376031299872508,3.2430721428807168,3.3071253095397726,3.4824243783766664
05/17/2023 16:15:36.817611,1788,True,True,True,True,Eyes,1.091882,-0.256763,-3.468784,-0.2940034,0.4270753,0.8550841,0.0,0.0,0.0,0.0,0.0,0.0,0.0,-0.3011717,-0.6277503,3.582531,1.091484,-0.2632402,-3.472559,-0.1228888,-0.1100452,-0.008444539,0.9862643,345.8619,347.1907,0.6138833,0.2985553,-0.07007978,-0.9518153,0,0,0,0.8411812,0.176241,-2.562542,-0.04021496,0.1963071,1.021652,0.9756376,0.01038955,0.2191427,0.04370373,0.969654,-0.2405432,-0.2149917,0.2442603,0.9455768,moving,-5.560071751248043,11.330645720880232,-2.2541516634341043,10.876633718968142,-0.25030279999999994,0.4394812,0.9100169999999999,-0.09501814527029338,0.1955817057388427,0.9760735001034183,-5.700157057501212,11.564370149256087,3.27018434437432,3.3369498834852083,3.5139628019495035
05/17/2023 16:15:36.827313,1789,True,True,True,True,Eyes,1.092288,-0.2568999,-3.468419,-0.2921365,0.4260544,0.8562323,0.0,0.0,0.0,0.0,0.0,0.0,0.0,-0.3126314,-0.6146792,3.583617,1.091709,-0.2635082,-3.472264,-0.1211128,-0.1085196,-0.008479668,0.9866526,346.0643,347.3779,0.5639693,0.2986502,-0.07011484,-0.9517829,0,0,0,0.8448131,0.1737367,-2.562964,-0.04028103,0.1980911,1.018874,0.9763032,0.009553247,0.2161962,0.04301919,0.9705196,-0.2371521,-0.2120882,0.240833,0.9471104,moving,-5.622074251259254,11.466099391851845,-2.264000949497235,11.00227892107127,-0.24689590000000006,0.43724490000000005,0.9093,-0.09602936261654439,0.19786938535569926,0.975513149993027,-5.763141917852034,11.70169522721837,3.3205350211122675,3.389953647046222,3.5683568607586618
05/17/2023 16:15:36.847295,1790,True,True,True,True,Eyes,1.092692,-0.2570346,-3.468066,-0.2902068,0.4249579,0.8574327,0.0,0.0,0.0,0.0,0.0,0.0,0.0,-0.3268415,-0.6018462,3.584321,1.092023,-0.2636544,-3.471941,-0.1193712,-0.1066329,-0.008454585,0.9870707,346.2634,347.6063,0.517123,0.2987485,-0.07015057,-0.9517494,0,0,0,0.8477254,0.1717285,-2.563302,-0.04178038,0.2001285,1.016399,0.9771159,0.00876723,0.2125268,0.04214832,0.9713581,-0.2338525,-0.2084899,0.2374587,0.9487599,moving,-5.7176448887833535,11.59553763370805,-2.3538910356805145,11.13902047769862,-0.2442976,0.4353829,0.908639,-0.09761247893536987,0.2000417487654476,0.9749128890700408,-5.859660912533482,11.83305768450929,3.3234514864410567,3.394590976538283,3.5738089028216424
05/17/2023 16:15:36.867535,1791,True,True,True,True,Eyes,1.093093,-0.2571657,-3.467721,-0.288166,0.4239289,0.8586295,0.0,0.0,0.0,0.0,0.0,0.0,0.0,-0.341373,-0.589802,3.58496,1.092309,-0.263693,-3.471839,-0.1177149,-0.10469,-0.008451371,0.9874775,346.4525,347.8408,0.4689009,0.2988498,-0.07018682,-0.9517149,0,0,0,0.8509125,0.1695309,-2.563673,-0.0430461,0.2016519,1.014004,0.9779372,0.007956071,0.2087477,0.04133822,0.9721435,-0.2307121,-0.2047683,0.2342512,0.9503664,moving,-5.813390690373264,11.719064439848305,-2.4308384188004926,11.247497731991237,-0.2413965,0.4332239,0.908166,-0.09919846680098683,0.2021112841269841,0.9743257499903892,-5.956312962652764,11.958437815623888,3.3420711404402987,3.415265001413693,3.596443599149858
05/17/2023 16:15:36.877421,1792,True,True,True,True,Eyes,1.09349,-0.2572967,-3.467388,-0.2860536,0.4228926,0.859846,0.0,0.0,0.0,0.0,0.0,0.0,0.0,-0.3574088,-0.5824729,3.584507,1.092656,-0.2637351,-3.471635,-0.1167178,-0.1025465,-0.008499089,0.9878203,346.5654,348.097,0.4210089,0.2989536,-0.07022341,-0.9516796,0,0,0,0.8542107,0.1672566,-2.564056,-0.04464382,0.2017761,1.011733,0.9788239,0.007146856,0.2045791,0.04072914,0.9726095,-0.2288492,-0.2006111,0.2323355,0.9517224,moving,-5.924269542426017,11.766731453351374,-2.5265996367007997,11.27886355946814,-0.23844530000000008,0.4309917,0.9075790000000001,-0.1010673151850067,0.20288344464847669,0.9739731323874308,-6.067561108821064,12.007096653639687,3.358200257787303,3.4325174245956664,3.6150700666082214
05/17/2023 16:15:36.897406,1793,True,True,True,True,Eyes,1.09388,-0.2574236,-3.467065,-0.283911,0.4219387,0.861024,0.0,0.0,0.0,0.0,0.0,0.0,0.0,-0.37271,-0.5771266,3.583799,1.092876,-0.2638409,-3.471543,-0.1159918,-0.1004788,-0.008605842,0.9881175,346.6466,348.344,0.3711304,0.2990595,-0.07026032,-0.9516436,0,0,0,0.8576351,0.1648954,-2.564454,-0.04582299,0.2012916,1.009626,0.9796599,0.006302285,0.2005662,0.04031661,0.9729437,-0.2274977,-0.1965734,0.2309565,0.9528998,moving,-6.025715676624046,11.787198252164623,-2.5986488331607083,11.275354758360761,-0.23524089999999998,0.42873629999999996,0.907089,-0.10278485694292885,0.2031954087560689,0.973728375933641,-6.169180070625616,12.02819077606042,3.3896430029754816,3.465078774243828,3.6490348569530777
05/17/2023 16:15:36.917422,1794,True,True,True,True,Eyes,1.094269,-0.2575375,-3.466751,-0.2817079,0.4210284,0.8621925,0.0,0.0,0.0,0.0,0.0,0.0,0.0,-0.3881792,-0.5698287,3.583277,1.093186,-0.2638673,-3.471395,-0.115078,-0.09842125,-0.008246369,0.9884344,346.7549,348.5839,0.3737888,0.2991669,-0.07029737,-0.9516072,0,0,0,0.8609347,0.1626201,-2.564838,-0.04690616,0.2013214,1.007446,0.9804905,0.006350256,0.1964638,0.03895423,0.9733781,-0.2258709,-0.1926679,0.2291174,0.9541406,moving,-6.107151179240767,11.842261226631475,-2.665736457360927,11.30075605196574,-0.23225129999999994,0.4264874,0.9065569999999998,-0.1041486736532446,0.20410199403985613,0.9733938521433368,-6.251029808058746,12.084224910215447,3.407044577358832,3.48375704407771,3.6698980724817267
05/17/2023 16:15:36.927272,1795,True,True,True,True,Eyes,1.094631,-0.2576399,-3.466456,-0.2793643,0.4203041,0.8633076,0.0,0.0,0.0,0.0,0.0,0.0,0.0,-0.4030218,-0.5700711,3.581541,1.093511,-0.2636656,-3.471247,-0.1151349,-0.09643419,-0.008172392,0.9886242,346.7485,348.8162,0.3559494,0.2992757,-0.07033417,-0.9515702,0,0,0,0.8642765,0.1603159,-2.565226,-0.04791632,0.1990619,1.005615,0.9812673,0.00604703,0.1925562,0.03836472,0.9733544,-0.2260741,-0.1887925,0.2292264,0.9548889,moving,-6.176952003282898,11.791621784406965,-2.7280102282128067,11.196971803191087,-0.2292344999999999,0.4239815,0.906021,-0.10535426529693998,0.20321563400008358,0.9734494571834459,-6.320488010025508,12.033233777165862,3.4231445255978437,3.4998297055690695,3.68852690134342
05/17/2023 16:15:36.947364,1796,True,True,True,True,Eyes,1.094992,-0.2577308,-3.466167,-0.2769427,0.4196848,0.8643885,0.0,0.0,0.0,0.0,0.0,0.0,0.0,-0.4174028,-0.5737015,3.579422,1.093969,-0.2634896,-3.471229,-0.1155258,-0.09449381,-0.008766488,0.9887609,346.6964,349.051,0.2647666,0.299385,-0.07037042,-0.9515331,0,0,0,0.8676012,0.1580233,-2.565613,-0.04933423,0.1959384,1.004107,0.9819881,0.004497023,0.188889,0.03916887,0.9731538,-0.2267981,-0.184838,0.2301116,0.9554494,moving,-6.259438715066045,11.694185937368873,-2.8128197000658566,11.041769265819934,-0.2263678,0.42151289999999997,0.9056160000000002,-0.10679360839459925,0.20152880557218159,0.9736433305360288,-6.40230175088173,11.934927334796642,3.4318707054661344,3.5078241329741524,3.698933999047229
05/17/2023 16:15:36.967190,1797,True,True,True,True,Eyes,1.095325,-0.2578164,-3.465891,-0.2744421,0.4193019,0.8653712,0.0,0.0,0.0,0.0,0.0,0.0,0.0,-0.4323711,-0.5811437,3.576348,1.094236,-0.2633036,-3.471061,-0.1164374,-0.09244135,-0.009460527,0.9888415,346.5836,349.299,0.1659506,0.2994945,-0.07040585,-0.951496,0,0,0,0.8710222,0.1556644,-2.56601,-0.05072318,0.1917225,1.002569,0.9827302,0.002817337,0.1850228,0.04023719,0.9727057,-0.2285272,-0.1806166,0.2320254,0.9557938,moving,-6.351145382812179,11.550632809351537,-2.896307663750094,10.82603788488754,-0.22321380000000002,0.418968,0.9050510000000003,-0.10840782981334701,0.1990537340757378,0.9739739302317724,-6.493009023495481,11.789979956734296,3.4550255903750386,3.5300058738779874,3.723633304861064
05/17/2023 16:15:36.977425,1798,True,True,True,True,Eyes,1.095659,-0.257901,-3.465619,-0.2718921,0.4189967,0.8663236,0.0,0.0,0.0,0.0,0.0,0.0,0.0,-0.4457688,-0.5921857,3.572829,1.094517,-0.2632819,-3.47091,-0.1178596,-0.09059731,-0.01022218,0.9888361,346.4119,349.5223,0.06716318,0.2996035,-0.07044039,-0.9514591,0,0,0,0.874369,0.1533566,-2.566399,-0.05177124,0.1866696,1.001332,0.9833753,0.001139414,0.1815813,0.04157164,0.9720092,-0.2312354,-0.1767622,0.2349398,0.9558024,moving,-6.415962092423807,11.351434939323726,-2.9596923894809417,10.559936980295008,-0.220148,0.4166385,0.9045109999999998,-0.10958636899432296,0.19564095388149533,0.9745335158244882,-6.556422405647079,11.588613746962768,3.4726000749290358,3.5457395954338478,3.7409414188774055
05/17/2023 16:15:36.997456,1799,True,True,True,True,Eyes,1.095935,-0.257981,-3.465362,-0.2693229,0.418779,0.8672308,0.0,0.0,0.0,0.0,0.0,0.0,0.0,-0.4590751,-0.5980689,3.570073,1.094839,-0.2633431,-3.470712,-0.1186211,-0.08878543,-0.01072643,0.9889041,346.3191,349.7404,359.9911,0.299712,-0.0704741,-0.9514224,0,0,0,0.8776572,0.1510893,-2.566782,-0.05273969,0.1831428,0.9998443,0.9840042,-0.0001511583,0.1781453,0.04227847,0.971628,-0.2327051,-0.1730558,0.2365145,0.9560924,moving,-6.472133518976152,11.238720065439818,-3.019433920925127,10.37987672022913,-0.21718179999999987,0.41443240000000003,0.9039299999999999,-0.11058509505639309,0.1937018517023934,0.974807911935722,-6.611804933122275,11.474744883536232,3.4856466672391124,3.5579132094521917,3.7555113878535673
05/17/2023 16:15:37.017578,1800,True,True,True,True,Eyes,1.096211,-0.2580482,-3.465113,-0.2666872,0.4185997,0.8681315,0.0,0.0,0.0,0.0,0.0,0.0,0.0,-0.4737785,-0.6040664,3.567023,1.095352,-0.2636045,-3.470408,-0.1194829,-0.08681799,-0.01099309,0.9889721,346.2173,349.9733,359.9412,0.2998185,-0.07050692,-0.9513864,0,0,0,0.8811687,0.1486679,-2.56719,-0.05383909,0.1795667,0.9982504,0.9846836,-0.0009971947,0.1743481,0.04249025,0.971206,-0.2344217,-0.1690941,0.2382393,0.9563729,moving,-6.532863573201639,11.122805391051507,-3.0871681546814993,10.19739270331589,-0.21418330000000008,0.4122724,0.9032179999999999,-0.11166286983718675,0.191706094678872,0.9750796118978589,-6.671724477924275,11.357654551040403,3.496476128179304,3.5678012220179447,3.7676586349860393
05/17/2023 16:15:37.027549,1801,True,True,True,True,Eyes,1.096484,-0.2581226,-3.464864,-0.2642291,0.4183447,0.8690056,0.0,0.0,0.0,0.0,0.0,0.0,0.0,-0.488795,-0.6070837,3.564426,1.095578,-0.2633548,-3.470296,-0.1197735,-0.08474899,-0.01160439,0.9891095,346.1781,350.2245,359.8434,0.2999232,-0.07053861,-0.951351,0,0,0,0.8844507,0.1464048,-2.567571,-0.05527194,0.1766455,0.99656,0.9853659,-0.002654653,0.1704318,0.04325738,0.9710392,-0.2349712,-0.1648722,0.2389051,0.9569439,moving,-6.6315405887279955,11.060462423239,-3.174528047376715,10.051574409479668,-0.2111272999999999,0.4097596,0.9027249999999998,-0.1133667180314402,0.19060799038607512,0.9750982613972922,-6.769983062741986,11.294926300579048,3.5296803630990636,3.601220728498503,3.8043686325874995
05/17/2023 16:15:37.047441,1802,True,True,True,True,Eyes,1.096758,-0.2581974,-3.464622,-0.2617393,0.4180984,0.8698772,0.0,0.0,0.0,0.0,0.0,0.0,0.0,-0.5026044,-0.6047332,3.562813,1.095809,-0.2633073,-3.470133,-0.1193799,-0.08286284,-0.01199366,0.9893122,346.2199,350.4525,359.7672,0.3000261,-0.07056946,-0.9513162,0,0,0,0.8876468,0.144201,-2.567943,-0.05635086,0.1754064,0.9946851,0.9859798,-0.003946643,0.166818,0.04351525,0.9712092,-0.2342202,-0.1610908,0.2381955,0.9577644,moving,-6.704943600513178,11.080904576108193,-3.2424523206831215,10.000926214839508,-0.20816220000000007,0.40750830000000005,0.90219,-0.1146085766470245,0.19092849535879847,0.9748903836564697,-6.843551296721324,11.315890540540245,3.5545013160863275,3.62700966688921,3.8336725229326754
05/17/2023 16:15:37.067693,1803,True,True,True,True,Eyes,1.097023,-0.2582688,-3.464379,-0.2594531,0.4177126,0.870747,0.0,0.0,0.0,0.0,0.0,0.0,0.0,-0.5146637,-0.6043866,3.561144,1.096063,-0.2633834,-3.470041,-0.1192944,-0.08121937,-0.0123164,0.9894547,346.2271,350.6504,359.7053,0.3001275,-0.07059955,-0.951282,0,0,0,0.8909737,0.1419069,-2.56833,-0.05676785,0.1735936,0.9929992,0.9865035,-0.004995018,0.1636643,0.04375107,0.9712343,-0.2340721,-0.1577872,0.2380734,0.9583445,moving,-6.758422592918487,11.058558657955775,-3.2719279376745134,9.91609731891063,-0.20508930000000003,0.4052903,0.9017110000000002,-0.11552763454357774,0.1905278423407823,0.9748602834545582,-6.896885106725982,11.293474290442646,3.595757990756413,3.6689048627972927,3.87781920661141
05/17/2023 16:15:37.087175,1804,True,True,True,True,Eyes,1.097291,-0.2583415,-3.464141,-0.2571449,0.4172872,0.8716351,0.0,0.0,0.0,0.0,0.0,0.0,0.0,-0.5259611,-0.6021589,3.559634,1.09636,-0.2633565,-3.469707,-0.1189226,-0.07969151,-0.01268731,0.9896191,346.267,350.8358,359.6368,0.3002272,-0.07062888,-0.9512483,0,0,0,0.8943889,0.139552,-2.568727,-0.05699213,0.1722352,0.9909488,0.9869766,-0.006156961,0.1607461,0.04406545,0.9713929,-0.233354,-0.1547108,0.2373983,0.9590134,moving,-6.801199243956267,11.064879999005163,-3.291608307272212,9.85998580303147,-0.20197109999999996,0.4029085,0.9009800000000001,-0.11625331521993444,0.1906191255005235,0.9747560567268356,-6.93971816899086,11.300032210037221,3.63658908643783,3.7106601254151466,3.9220452849883083
05/17/2023 16:15:37.097551,1805,True,True,True,True,Eyes,1.097549,-0.258411,-3.463906,-0.2549237,0.4167034,0.8725664,0.0,0.0,0.0,0.0,0.0,0.0,0.0,-0.5367907,-0.5966235,3.558925,1.096624,-0.2634349,-3.469592,-0.1181093,-0.078227,-0.01296568,0.9898298,346.3586,351.0132,359.5761,0.3003254,-0.07065754,-0.9512152,0,0,0,0.897677,0.1372847,-2.569109,-0.05711699,0.1719014,0.9890466,0.9874249,-0.007188968,0.1579255,0.0441463,0.9717642,-0.2317876,-0.1518001,0.2358446,0.9598615,moving,-6.841096532991701,11.11362670082797,-3.3051341752330274,9.859806890294472,-0.1989470000000001,0.40071960000000006,0.9004829999999999,-0.1169131758465321,0.19143344751032149,0.9745175643825003,-6.979973645866766,11.349518188616814,3.676201869035882,3.7516788125814466,3.965310188027778
05/17/2023 16:15:37.117489,1806,True,True,True,True,Eyes,1.097809,-0.2584805,-3.463678,-0.2526625,0.4160922,0.8735152,0.0,0.0,0.0,0.0,0.0,0.0,0.0,-0.5486596,-0.590573,3.558001,1.096883,-0.263388,-3.469388,-0.1171868,-0.07661581,-0.01334235,0.9900603,346.4621,351.2092,359.5013,0.3004221,-0.07068552,-0.9511826,0,0,0,0.9012084,0.1348496,-2.569519,-0.05734657,0.1715053,0.9868855,0.987904,-0.008462739,0.1548356,0.04437619,0.9721784,-0.2299995,-0.1485814,0.2340885,0.9607945,moving,-6.899055631753652,11.171500402257006,-3.325639810049121,9.858652194923632,-0.19567460000000003,0.39823759999999997,0.8998689999999998,-0.1178763096432599,0.19239563058295328,0.9742119684111894,-7.038360803251202,11.408309218453308,3.7296485792763265,3.8069503608934436,4.023149769016598
05/17/2023 16:15:37.127361,1807,True,True,True,True,Eyes,1.098096,-0.2585439,-3.463443,-0.2504982,0.4153441,0.8744942,0.0,0.0,0.0,0.0,0.0,0.0,0.0,-0.5612776,-0.5840508,3.557091,1.097142,-0.2634431,-3.469283,-0.1162711,-0.074911,-0.01345057,0.9902973,346.5674,351.4122,359.4568,0.3005174,-0.07071287,-0.9511505,0,0,0,0.9048151,0.1323626,-2.569938,-0.05750097,0.1711929,0.984814,0.9884148,-0.009220154,0.1514961,0.04406009,0.9726002,-0.2282706,-0.1452405,0.232301,0.9617388,moving,-6.963080988740091,11.226468272374326,-3.341571797361793,9.861340004726701,-0.19232690000000008,0.3958057,0.8993449999999998,-0.11894321411481447,0.1933054331262407,0.9739023035097533,-7.102795104264371,11.464181947913419,3.7909911163989793,3.87025890740763,4.088508659551271
05/17/2023 16:15:37.152305,1808,True,True,True,True,Eyes,1.098385,-0.2586108,-3.463212,-0.2482868,0.414562,0.8754953,0.0,0.0,0.0,0.0,0.0,0.0,0.0,-0.5738775,-0.5789154,3.55568,1.097378,-0.26333,-3.46897,-0.1155228,-0.0732047,-0.01360977,0.9905103,346.6531,351.6156,359.4083,0.3006121,-0.07073949,-0.9511186,0,0,0,0.9075671,0.1304651,-2.570258,-0.05850548,0.1709283,0.9829276,0.9889116,-0.0100476,0.1481645,0.04387484,0.9729385,-0.2268604,-0.1418755,0.2308456,0.9625911,moving,-7.0249380366587895,11.259038210174841,-3.406320891066901,9.864922576149342,-0.1898109,0.3937951,0.8987120000000002,-0.11998179892846281,0.19383460350766724,0.973669616260693,-7.164900799863907,11.497377549672484,3.797830015057673,3.877879375045839,4.0977838121834775
05/17/2023 16:15:37.167463,1809,True,True,True,True,Eyes,1.098676,-0.2586791,-3.462984,-0.2461747,0.4136471,0.8765239,0.0,0.0,0.0,0.0,0.0,0.0,0.0,-0.5871446,-0.572338,3.554519,1.097641,-0.263454,-3.468817,-0.1146127,-0.07141024,-0.01370704,0.9907456,346.7582,351.8286,359.3648,0.3007063,-0.07076552,-0.9510869,0,0,0,0.9109961,0.1281006,-2.570657,-0.05898595,0.1707783,0.9809172,0.9894254,-0.01079134,0.1446408,0.04352943,0.9733521,-0.2251464,-0.1383567,0.2290617,0.963529,moving,-7.100869320629526,11.303644173335798,-3.4412498457975884,9.876238851861485,-0.1866449000000001,0.39155460000000003,0.8981599999999998,-0.1212542452545973,0.19456226679162764,0.9733668300688858,-7.241170290393512,11.542807514671066,3.8463707320895466,3.928142137492274,4.14931879868455
05/17/2023 16:15:37.177333,1810,True,True,True,True,Eyes,1.098966,-0.2587494,-3.462764,-0.2440244,0.4127026,0.8775698,0.0,0.0,0.0,0.0,0.0,0.0,0.0,-0.600136,-0.5653659,3.553397,1.097816,-0.263523,-3.468687,-0.1136312,-0.06963987,-0.0138323,0.9909829,346.8713,352.0389,359.3182,0.3008001,-0.07079107,-0.9510553,0,0,0,0.9143287,0.1258027,-2.571044,-0.05943111,0.1707569,0.9789351,0.9899179,-0.01158862,0.1411674,0.04324167,0.9737933,-0.2232866,-0.1348803,0.2271397,0.9644765,moving,-7.173202951167083,11.353822909435449,-3.47416038802448,9.894625327115824,-0.1834872999999999,0.3893257,0.897643,-0.12246255423145636,0.1953854508041426,0.9730506390416322,-7.313880914336064,11.593864237182803,3.892914144274341,3.97645237217649,4.198912548942181
05/17/2023 16:15:37.197445,1811,True,True,True,True,Eyes,1.099275,-0.258822,-3.462543,-0.2417664,0.4115601,0.8787305,0.0,0.0,0.0,0.0,0.0,0.0,0.0,-0.6124288,-0.5586256,3.552371,1.098056,-0.2636173,-3.468609,-0.1127052,-0.06797722,-0.0138609,0.9912037,346.9788,352.2351,359.2852,0.3008935,-0.07081622,-0.951024,0,0,0,0.917622,0.1235317,-2.571427,-0.05969727,0.1706774,0.9770781,0.9903739,-0.01215517,0.1378829,0.04280073,0.9742108,-0.2215432,-0.1316341,0.2253121,0.9653533,moving,-7.222120947559474,11.386585863081928,-3.496296848150141,9.908534227141425,-0.18043399999999987,0.38714899999999997,0.8971819999999999,-0.1232798209025428,0.195921843489455,0.9728395123108181,-7.3630455067914475,11.627206772524174,3.923572283079697,4.008291638372358,4.231498612472508
05/17/2023 16:15:37.217649,1812,True,True,True,True,Eyes,1.099583,-0.2588963,-3.462329,-0.239465,0.410413,0.8798963,0.0,0.0,0.0,0.0,0.0,0.0,0.0,-0.6261357,-0.5531888,3.550736,1.098306,-0.2637022,-3.468425,-0.1119705,-0.0661186,-0.01388096,0.9914123,347.0645,352.4538,359.2524,0.3009869,-0.07084107,-0.9509926,0,0,0,0.9209682,0.1212244,-2.571816,-0.06027989,0.1702022,0.9751527,0.9908713,-0.01271683,0.1342101,0.04233016,0.9745398,-0.2201823,-0.1279931,0.2238534,0.9661819,moving,-7.288774183652863,11.398109210130162,-3.537286157878476,9.900616325398861,-0.1773378,0.3849266,0.8966089999999998,-0.12440719142350748,0.19608967303341887,0.9726620720473538,-7.42979857592349,11.639119004756088,3.953623340949294,4.039325110380381,4.263102683582334
05/17/2023 16:15:37.232399,1813,True,True,True,True,Eyes,1.099904,-0.2589691,-3.462112,-0.2370936,0.4091337,0.8811336,0.0,0.0,0.0,0.0,0.0,0.0,0.0,-0.6394371,-0.5479606,3.549171,1.098554,-0.2637984,-3.468335,-0.1112721,-0.06431415,-0.01386393,0.9916098,347.1464,352.6654,359.2253,0.3010803,-0.07086568,-0.9509612,0,0,0,0.9242246,0.118979,-2.572195,-0.060799,0.1697037,0.9733866,0.991343,-0.01318248,0.1306344,0.04180796,0.9748526,-0.2188938,-0.1244637,0.2224603,0.9669644,moving,-7.342975053214224,11.397593521049828,-3.5741260941706794,9.889748670329029,-0.17432940000000008,0.3827774,0.8961400000000004,-0.12532808992887037,0.19605805174700558,0.972550405328978,-7.484010127868573,11.638799895626732,3.9729974276459354,4.0592879387805,4.283266667589249
05/17/2023 16:15:37.247140,1814,True,True,True,True,Eyes,1.100225,-0.2590408,-3.461897,-0.2346731,0.407867,0.8823679,0.0,0.0,0.0,0.0,0.0,0.0,0.0,-0.6527808,-0.5437343,3.547211,1.098761,-0.2637931,-3.468085,-0.110687,-0.06249487,-0.01392854,0.9917908,347.2148,352.8797,359.1896,0.301174,-0.07089004,-0.9509297,0,0,0,0.9275565,0.1166814,-2.572582,-0.06127797,0.1688508,0.9714586,0.9918008,-0.01379365,0.1270471,0.04146311,0.9751088,-0.2178157,-0.1208802,0.2212975,0.9676856,moving,-7.398222926609625,11.383243117244731,-3.60933916893823,9.860166710566507,-0.1712045000000001,0.3804745,0.8955029999999997,-0.12627268809450076,0.1957908057882341,0.9724819962925809,-7.539170304312477,11.624482548554557,3.9967821071139618,4.083552604011116,4.307712052671618
05/17/2023 16:15:37.267501,1815,True,True,True,True,Eyes,1.100606,-0.2591159,-3.461681,-0.232212,0.4064979,0.8836498,0.0,0.0,0.0,0.0,0.0,0.0,0.0,-0.6665934,-0.5398785,3.54512,1.09905,-0.263817,-3.467879,-0.1101361,-0.06061551,-0.01407676,0.9919666,347.2787,353.1019,359.1438,0.3012681,-0.07091413,-0.9508981,0,0,0,0.9310001,0.114307,-2.572982,-0.06186727,0.1678537,0.9695649,0.9922552,-0.01457545,0.1233578,0.04127927,0.9753438,-0.2167962,-0.1171564,0.2202092,0.9683916,moving,-7.459996243258862,11.356951291964977,-3.651054441162635,9.821847544084267,-0.16804990000000009,0.378124,0.8948969999999998,-0.12733332987591905,0.19531781991859892,0.972438736894724,-7.600772497378375,11.598103671750016,4.0195436288683535,4.106650845703035,4.3307457273161125
05/17/2023 16:15:37.277669,1816,True,True,True,True,Eyes,1.100984,-0.2591982,-3.461467,-0.2296844,0.4051379,0.8849341,0.0,0.0,0.0,0.0,0.0,0.0,0.0,-0.6814902,-0.5356705,3.54291,1.09929,-0.2639108,-3.46778,-0.1095158,-0.05857149,-0.01433453,0.9921544,347.3502,353.3446,359.083,0.3013639,-0.07093803,-0.9508659,0,0,0,0.9342681,0.1120535,-2.573362,-0.06293171,0.1671135,0.9678209,0.9927278,-0.01561513,0.1193636,0.04127314,0.9756016,-0.215634,-0.1130842,0.2189923,0.9691514,moving,-7.540637330767619,11.337432725090274,-3.7203705824980116,9.796654469217517,-0.16502190000000005,0.37596430000000003,0.8944179999999999,-0.1287114323701145,0.19495157102254113,0.9723308362361327,-7.681295760852343,11.578650633673165,4.031817510601112,4.119276108942533,4.343321148459545
05/17/2023 16:15:37.297625,1817,True,True,True,True,Eyes,1.10141,-0.2592827,-3.461252,-0.2271142,0.4036763,0.8862644,0.0,0.0,0.0,0.0,0.0,0.0,0.0,-0.6975998,-0.5307615,3.540418,1.099552,-0.2641464,-3.467582,-0.1088836,-0.05637196,-0.01434036,0.9923512,347.425,353.6021,359.0498,0.3014612,-0.07096197,-0.9508333,0,0,0,0.9375852,0.1097662,-2.573747,-0.06412806,0.1665809,0.9659827,0.9932331,-0.01618539,0.1150044,0.04073731,0.9758775,-0.2144847,-0.1087587,0.2177183,0.9699332,moving,-7.627024556136174,11.318729703505106,-3.798084309831202,9.784259396011093,-0.16196680000000008,0.3739126,0.8938350000000002,-0.13018667079683627,0.194596364492664,0.9722055787763019,-7.7675725002849125,11.56004451363066,4.037233262195806,4.12497061012012,4.348591643062224
05/17/2023 16:15:37.317402,1818,True,True,True,True,Eyes,1.101834,-0.2593681,-3.46104,-0.2244812,0.4022272,0.8875931,0.0,0.0,0.0,0.0,0.0,0.0,0.0,-0.7127399,-0.5239252,3.538447,1.099752,-0.2642331,-3.46754,-0.1079154,-0.05429304,-0.01448223,0.9925709,347.5375,353.8473,359.0006,0.301561,-0.07098597,-0.9507998,0,0,0,0.9409805,0.1074251,-2.574142,-0.06501668,0.1664355,0.9641417,0.993685,-0.01703116,0.1109051,0.04046738,0.9762891,-0.2126548,-0.1046537,0.2157999,0.970813,moving,-7.703388645186871,11.335939701948226,-3.857887308539031,9.794189642479067,-0.15877150000000007,0.3716582,0.8933979999999999,-0.1314754363183228,0.19485495243259138,0.9719803485144589,-7.844079547214245,11.577748560939598,4.054395947712015,4.14305126398811,4.367013966006363
05/17/2023 16:15:37.327142,1819,True,True,True,True,Eyes,1.102281,-0.259461,-3.460829,-0.2217641,0.4007104,0.8889611,0.0,0.0,0.0,0.0,0.0,0.0,0.0,-0.7290892,-0.5189623,3.535679,1.100057,-0.264289,-3.467268,-0.1071946,-0.05205487,-0.01471001,0.9927654,347.6215,354.1118,358.9413,0.3016631,-0.07101004,-0.9507657,0,0,0,0.9446229,0.1049135,-2.574565,-0.06610541,0.1656495,0.9620695,0.9941478,-0.01804718,0.1065102,0.04036717,0.9765858,-0.2113067,-0.1002029,0.2143696,0.9715992,moving,-7.793613456021935,11.319317232378523,-3.9307109248008594,9.769419469357068,-0.15543410000000002,0.3692025,0.8927029999999996,-0.13301454061995682,0.19453264623735284,0.9718354590987791,-7.9342097254546955,11.5612625341342,4.073029262132439,4.162234861409565,4.386194730700702
05/17/2023 16:15:37.347238,1820,True,True,True,True,Eyes,1.102721,-0.2595593,-3.460619,-0.2190169,0.3991341,0.8903502,0.0,0.0,0.0,0.0,0.0,0.0,0.0,-0.7463778,-0.5128468,3.53287,1.100237,-0.2644963,-3.4671,-0.1063407,-0.04966808,-0.01489307,0.9929768,347.7213,354.3929,358.885,0.3017677,-0.07103437,-0.9507307,0,0,0,0.9475674,0.1028831,-2.574908,-0.0680031,0.1656792,0.9603166,0.9946226,-0.01901348,0.101806,0.04014043,0.9769397,-0.2097083,-0.09547102,0.2126672,0.9724494,moving,-7.8978387483638,11.31572168673896,-4.050536547115605,9.788628184837693,-0.15266959999999996,0.3673794,0.8921919999999997,-0.13478509643876768,0.19442471167740752,0.9716130506408449,-8.038436990735825,11.558013485962002,4.05000658131692,4.139293271958183,4.362805782069734
05/17/2023 16:15:37.367243,1821,True,True,True,True,Eyes,1.10316,-0.2596599,-3.460412,-0.2162107,0.3975394,0.8917485,0.0,0.0,0.0,0.0,0.0,0.0,0.0,-0.7641399,-0.5060987,3.529935,1.100552,-0.2646577,-3.466875,-0.1054143,-0.04723636,-0.01498681,0.9931928,347.8302,354.6779,358.8387,0.3018744,-0.07105909,-0.9506949,0,0,0,0.9509773,0.1005318,-2.575304,-0.06960205,0.1655401,0.9583251,0.9950883,-0.0198108,0.09698926,0.03972836,0.9773265,-0.2079777,-0.09066996,0.2108094,0.9733131,moving,-8.001076622741556,11.321303100052942,-4.154032720803616,9.800499995832006,-0.14957469999999995,0.3651895,0.8915709999999999,-0.13653426254826712,0.19447235366204382,0.9713593194130822,-8.14174201825539,11.564048770254749,4.0469075784107185,4.136736499373138,4.360267161625683
05/17/2023 16:15:37.377437,1822,True,True,True,True,Eyes,1.103599,-0.2597544,-3.46021,-0.2133332,0.3959385,0.8931526,0.0,0.0,0.0,0.0,0.0,0.0,0.0,-0.7810727,-0.4975466,3.527334,1.100786,-0.2647977,-3.466679,-0.1042568,-0.04491391,-0.01496222,0.9934232,347.9663,354.9485,358.807,0.301983,-0.07108422,-0.9506586,0,0,0,0.9546664,0.09798799,-2.575733,-0.07056715,0.1656692,0.9562032,0.9955178,-0.02036246,0.09235685,0.03909279,0.9778133,-0.2057983,-0.08611722,0.2084863,0.9742265,moving,-8.085501156909897,11.355001385047924,-4.220738381401276,9.829335479640829,-0.14611960000000002,0.36278569000000005,0.890946,-0.13795051692213328,0.1950049753932625,0.9710523319286349,-8.226429225421795,11.598470823788093,4.063978617420736,4.155002739575361,4.378972368465103
05/17/2023 16:15:37.397562,1823,True,True,True,True,Eyes,1.104038,-0.2598532,-3.460013,-0.2104854,0.3943065,0.8945492,0.0,0.0,0.0,0.0,0.0,0.0,0.0,-0.7980727,-0.4911585,3.5244,1.101188,-0.2647044,-3.466536,-0.1032574,-0.04258418,-0.01536247,0.993624,348.0823,355.2248,358.7271,0.3020932,-0.07110952,-0.9506216,0,0,0,0.9576824,0.09590834,-2.576084,-0.07257505,0.1655556,0.9543926,0.9959012,-0.02173477,0.0877979,0.0393233,0.9782038,-0.2038897,-0.08145274,0.2065065,0.975049,moving,-8.18605144187616,11.360185585958332,-4.34858427350594,9.840997715528044,-0.1435056,0.36061274,0.8904520000000002,-0.13965328445036398,0.1950458342414877,0.9708007382894378,-8.327043118926976,11.604094031185209,4.036110328185131,4.127237096894467,4.351625374844755
05/17/2023 16:15:37.417703,1824,True,True,True,True,Eyes,1.104473,-0.2599577,-3.45982,-0.2075519,0.3926696,0.8959535,0.0,0.0,0.0,0.0,0.0,0.0,0.0,-0.8163434,-0.4856622,3.520943,1.101495,-0.2648438,-3.466394,-0.1023472,-0.04005095,-0.01602231,0.9938131,348.1874,355.5276,358.6156,0.3022048,-0.0711351,-0.9505842,0,0,0,0.960849,0.09372482,-2.576452,-0.07483844,0.1653433,0.9525818,0.9962784,-0.02364816,0.08288599,0.04004456,0.9785367,-0.2021445,-0.07632663,0.2047113,0.9758419,moving,-8.312584431871025,11.350301360364634,-4.492146716684948,9.846942615397673,-0.14064599999999994,0.35856862,0.889942,-0.14180340790627666,0.19481819615789095,0.9705346691756926,-8.45353914679322,11.594563667443994,4.014360230847106,4.10558544566848,4.329758576049549
05/17/2023 16:15:37.427578,1825,True,True,True,True,Eyes,1.104914,-0.2600637,-3.459628,-0.2046916,0.3910308,0.8973272,0.0,0.0,0.0,0.0,0.0,0.0,0.0,-0.8347398,-0.4789627,3.517514,1.101773,-0.2650448,-3.466258,-0.1013498,-0.037505,-0.01639342,0.9940085,348.3042,355.8282,358.5378,0.3023176,-0.07116108,-0.9505464,0,0,0,0.9641128,0.09147428,-2.576831,-0.07683598,0.1653578,0.950731,0.9966493,-0.02498814,0.07788351,0.04019264,0.9789189,-0.2002554,-0.07123764,0.2027148,0.9766432,moving,-8.43586081488304,11.35660701235665,-4.6204762694515304,9.866583662783732,-0.1376601999999999,0.35651908000000004,0.889427,-0.14388987245585655,0.19486570520853513,0.9702179667771862,-8.576893156506639,11.601406940569303,4.004290573668853,4.096013770947321,4.3200516651217855
05/17/2023 16:15:37.447519,1826,True,True,True,True,Eyes,1.105353,-0.260171,-3.459441,-0.2017821,0.3893781,0.8987039,0.0,0.0,0.0,0.0,0.0,0.0,0.0,-0.850975,-0.4726402,3.514346,1.101893,-0.2651296,-3.46608,-0.1003955,-0.03523941,-0.01673144,0.9941826,348.4161,356.0953,358.4679,0.3024316,-0.07118744,-0.9505081,0,0,0,0.9674797,0.0891527,-2.577222,-0.07801613,0.1651311,0.9488396,0.9969565,-0.02619246,0.07342834,0.04034398,0.9792816,-0.1984437,-0.06670929,0.2008022,0.9773579,moving,-8.523591287997117,11.356906013413667,-4.700438737713486,9.872577547588698,-0.13441329999999996,0.35428230000000005,0.8888579999999999,-0.14537641076130364,0.19482799790286856,0.9700040056322191,-8.664649004872096,11.60203785055515,4.008961588016693,4.101185976909428,4.325042887854703
05/17/2023 16:15:37.467681,1827,True,True,True,True,Eyes,1.105801,-0.2602851,-3.45926,-0.1990066,0.3877036,0.9000457,0.0,0.0,0.0,0.0,0.0,0.0,0.0,-0.8659744,-0.4653655,3.511622,1.102211,-0.2652262,-3.465942,-0.09928455,-0.03317432,-0.01712533,0.9943585,348.5458,356.3394,358.3939,0.3025465,-0.07121419,-0.9504696,0,0,0,0.9708452,0.08683199,-2.577614,-0.07904248,0.1651816,0.9469931,0.9972124,-0.02747003,0.06937487,0.04064482,0.9796986,-0.1963126,-0.06257377,0.1985851,0.9780841,moving,-8.599902840628623,11.372451155749673,-4.771235723990084,9.894413000701075,-0.1313658000000001,0.35205819000000005,0.888328,-0.14666150445640724,0.19505375885913595,0.9697651286010007,-8.74109162920909,11.618056695460398,4.011220623301872,4.104057587048302,4.327898276841287
05/17/2023 16:15:37.484518,1828,True,True,True,True,Eyes,1.106247,-0.2604043,-3.459082,-0.1961632,0.386013,0.9013955,0.0,0.0,0.0,0.0,0.0,0.0,0.0,-0.8817754,-0.4581439,3.508689,1.102514,-0.2654456,-3.46588,-0.0981847,-0.030991,-0.0175559,0.9945307,348.6744,356.5974,358.3149,0.3026625,-0.07124146,-0.9504306,0,0,0,0.9741313,0.08456609,-2.577996,-0.0803569,0.1653496,0.9452674,0.9974626,-0.02883408,0.06509043,0.04100544,0.9801031,-0.1942072,-0.05819556,0.1963835,0.9787986,moving,-8.686610922839304,11.38548158458023,-4.8590148157290844,9.921999506247587,-0.12838269999999996,0.35001169,0.8878839999999997,-0.14812358061337477,0.19523128177657847,0.9695071098788482,-8.827915604878376,11.631569295491204,4.00456116382798,4.097837448309307,4.321435217425378
05/17/2023 16:15:37.497495,1829,True,True,True,True,Eyes,1.106684,-0.2605268,-3.458908,-0.1934071,0.3842799,0.9027306,0.0,0.0,0.0,0.0,0.0,0.0,0.0,-0.8980626,-0.4505444,3.505511,1.102848,-0.2656398,-3.465729,-0.09701896,-0.02874232,-0.01801627,0.9947044,348.811,356.8629,358.2321,0.3027793,-0.07126933,-0.9503913,0,0,0,0.9776284,0.08215468,-2.578402,-0.0816178,0.1654906,0.9433671,0.9976986,-0.03026463,0.06067605,0.04141883,0.9805255,-0.1919747,-0.05368438,0.194046,0.9795224,moving,-8.787212647071701,11.403407495421376,-4.944776690686351,9.949896055215683,-0.1252196000000001,0.34779447999999996,0.887327,-0.14981794811328966,0.19548412931242132,0.9691957602367383,-8.928671813677308,11.650088617840636,4.014026221805869,4.108163772992969,4.331521107070395
05/17/2023 16:15:37.517290,1830,True,True,True,True,Eyes,1.107114,-0.260653,-3.458741,-0.1905873,0.3825481,0.904065,0.0,0.0,0.0,0.0,0.0,0.0,0.0,-0.9139417,-0.442322,3.50239,1.103066,-0.2657905,-3.465585,-0.09579149,-0.02653802,-0.01835044,0.9948784,348.9552,357.1215,358.165,0.3028967,-0.07129781,-0.9503518,0,0,0,0.9807318,0.0800148,-2.578763,-0.08300205,0.1659713,0.9415755,0.997918,-0.03142868,0.05631984,0.04159714,0.9809745,-0.1896278,-0.04928858,0.1915757,0.9802395,moving,-8.875408635313237,11.430997383235674,-5.0377328024053165,9.996821066029545,-0.12233420000000006,0.3458053,0.886822,-0.15129668471432053,0.1959061963600569,0.9688808840007583,-9.017087914527309,11.678342457341994,4.00224258976277,4.096903404685109,4.32004413146588
05/17/2023 16:15:37.527294,1831,True,True,True,True,Eyes,1.107536,-0.2607746,-3.458579,-0.1878088,0.3808346,0.9053689,0.0,0.0,0.0,0.0,0.0,0.0,0.0,-0.9300924,-0.4359063,3.498955,1.103287,-0.2659725,-3.465514,-0.09486825,-0.0242924,-0.01852931,0.9950209,349.0652,357.3832,358.1168,0.3030143,-0.07132695,-0.9503121,0,0,0,0.9839932,0.07776588,-2.579142,-0.08419578,0.1658245,0.9399239,0.9981331,-0.03226496,0.05185856,0.04148326,0.9813133,-0.1878915,-0.04482719,0.189692,0.9808198,moving,-8.963837188618587,11.428364844285156,-5.118735382858491,10.005353599665003,-0.1192937999999999,0.34373838,0.8863720000000002,-0.15279464302027396,0.19581600912227898,0.9686639616696496,-9.105521122928229,11.676008959216798,4.00494029607214,4.0999718168513,4.322678552428175
05/17/2023 16:15:37.547650,1832,True,True,True,True,Eyes,1.107954,-0.2608946,-3.458422,-0.1849737,0.3791454,0.9066606,0.0,0.0,0.0,0.0,0.0,0.0,0.0,-0.945731,-0.4305834,3.495419,1.10358,-0.2659552,-3.465421,-0.09404995,-0.02212239,-0.01878184,0.9951445,349.1629,357.6369,358.0617,0.3031318,-0.07135655,-0.9502724,0,0,0,0.9873718,0.07543622,-2.579535,-0.08521813,0.1651937,0.938241,0.9983157,-0.03322006,0.04756281,0.0415425,0.9816037,-0.1863556,-0.04049709,0.1880176,0.9813304,moving,-9.04253165887361,11.41358815463397,-5.189795137267649,9.985577710701564,-0.11620819999999998,0.34139142,0.8858860000000002,-0.15413405928646243,0.195525014395389,0.9685105100817288,-9.184131068215205,11.661347904860083,4.013496375893436,4.108867548716608,4.331619243757323
05/17/2023 16:15:37.567321,1833,True,True,True,True,Eyes,1.108327,-0.2610183,-3.458268,-0.1821186,0.3775015,0.9079237,0.0,0.0,0.0,0.0,0.0,0.0,0.0,-0.9610516,-0.4266983,3.491724,1.103864,-0.2660111,-3.465335,-0.09344718,-0.01999051,-0.01903013,0.9952416,349.2359,357.8863,358.0083,0.3032492,-0.07138651,-0.9502326,0,0,0,0.9907532,0.07310455,-2.579928,-0.08613712,0.1642237,0.9366702,0.9984765,-0.03414303,0.0433474,0.04161526,0.9818109,-0.1852442,-0.03623416,0.1867659,0.981736,moving,-9.114670744059245,11.37702389709349,-5.254198651374839,9.944430834704962,-0.11311079999999996,0.33911565,0.8854069999999998,-0.15537405470338483,0.19486859443080035,0.9684447046783279,-9.256028522357681,11.62461105787895,4.022344212633374,4.117713887680742,4.340235926609928
05/17/2023 16:15:37.587468,1834,True,True,True,True,Eyes,1.108696,-0.261139,-3.458118,-0.1792391,0.3758527,0.9091799,0.0,0.0,0.0,0.0,0.0,0.0,0.0,-0.9757332,-0.4221089,3.488144,1.104099,-0.2662246,-3.46518,-0.09279945,-0.01794538,-0.01916513,0.9953387,349.3143,358.1241,357.9693,0.3033653,-0.07141691,-0.9501933,0,0,0,0.9941565,0.07075788,-2.580323,-0.08676745,0.163516,0.9350667,0.9986213,-0.03482095,0.03928049,0.04148224,0.9820419,-0.1840459,-0.03216643,0.1854216,0.9821324,moving,-9.172397135513435,11.347401412097593,-5.301454083708357,9.919070914911737,-0.10994249999999994,0.33698248,0.8848570000000002,-0.15636650771452595,0.1943370576908234,0.9683917703612246,-9.313558966783111,11.594846066764806,4.030722732116128,4.1260547887187835,4.348011954026858
05/17/2023 16:15:37.597735,1835,True,True,True,True,Eyes,1.109013,-0.2612457,-3.457969,-0.1764136,0.3742716,0.910384,0.0,0.0,0.0,0.0,0.0,0.0,0.0,-0.9891623,-0.4153014,3.485135,1.104336,-0.2662549,-3.465059,-0.09188918,-0.01608822,-0.01901736,0.9954578,349.4231,358.3365,357.9651,0.3034801,-0.07144764,-0.9501543,0,0,0,0.9974087,0.06851528,-2.580701,-0.08706293,0.1632636,0.9334655,0.998759,-0.03490528,0.03552525,0.04081861,0.9823894,-0.1823317,-0.0285353,0.1835555,0.9825951,moving,-9.205257777002513,11.35733261350739,-5.328476446068989,9.920714917542528,-0.10692729999999995,0.33477018000000003,0.8843580000000002,-0.15691710511518084,0.19448771348320454,0.9682724656386066,-9.346499134654715,11.605020430739149,4.038586153562593,4.134404901824941,4.356763866423587
05/17/2023 16:15:37.617564,1836,True,True,True,True,Eyes,1.109333,-0.2613525,-3.457822,-0.1735629,0.3727018,0.9115752,0.0,0.0,0.0,0.0,0.0,0.0,0.0,-1.002385,-0.414292,3.482604,1.106058,-0.2665271,-3.465623,-0.09174456,-0.01444723,-0.01910865,0.9954944,349.4429,358.5277,357.9367,0.3035925,-0.0714783,-0.9501161,0,0,0,1.000925,0.06609088,-2.58111,-0.08824199,0.1614183,0.9328493,0.9988523,-0.03539419,0.03227051,0.04069601,0.9824356,-0.1821103,-0.02525805,0.1832145,0.9827484,moving,-9.215714221569318,11.27474822726758,-5.403760231496254,9.817130756250632,-0.10513299999999992,0.33261798000000004,0.8845130000000001,-0.1571381895837385,0.1930850048416633,0.9685173346483424,-9.356369432056836,11.521475656479383,3.9871469581952663,4.081132430373682,4.304406002143839
05/17/2023 16:15:37.627067,1837,True,True,True,True,Eyes,1.109696,-0.2614841,-3.457708,-0.1707801,0.3711584,0.9127297,0.0,0.0,0.0,0.0,0.0,0.0,0.0,-1.014941,-0.4097796,3.479474,1.106378,-0.2666092,-3.465489,-0.09104522,-0.01270827,-0.01937079,0.9955773,349.5267,358.731,357.887,0.3037027,-0.07150889,-0.9500785,0,0,0,1.00439,0.06370164,-2.581513,-0.0883681,0.1606006,0.9312997,0.9989265,-0.03625618,0.02883136,0.04088429,0.9826711,-0.1807928,-0.02177689,0.1817774,0.9830985,moving,-9.250554642457091,11.254823047807724,-5.420387707200033,9.784300155769152,-0.10198800000000019,0.33031084,0.8839759999999997,-0.15773831970383245,0.1927294931386574,0.9684905114043131,-9.391076995025546,11.501439697094625,4.008448932898076,4.102757161707958,4.326076932376
05/17/2023 16:15:37.647302,1838,True,True,True,True,Eyes,1.110051,-0.2616115,-3.457598,-0.1679648,0.3696311,0.9138713,0.0,0.0,0.0,0.0,0.0,0.0,0.0,-1.029196,-0.4063422,3.47571,1.106789,-0.2668563,-3.46536,-0.09058627,-0.01073972,-0.01942823,0.9956412,349.5836,358.9591,357.8591,0.3038117,-0.07154002,-0.9500414,0,0,0,1.007372,0.06164509,-2.581859,-0.08938421,0.1598227,0.9299669,0.9990144,-0.03674135,0.02490568,0.04063284,0.9828334,-0.1799656,-0.01786596,0.1808002,0.9833575,moving,-9.30130746030507,11.213029239109982,-5.490146164193399,9.751505698491918,-0.09941700000000009,0.32850139,0.8835009999999999,-0.15861941737237872,0.19199555621975284,0.9684924697251159,-9.441545223368765,11.459329977784986,3.9882112739706597,4.081789005419114,4.304674005519449
05/17/2023 16:15:37.667549,1839,True,True,True,True,Eyes,1.110401,-0.2617407,-3.457483,-0.1652403,0.368124,0.9149755,0.0,0.0,0.0,0.0,0.0,0.0,0.0,-1.042015,-0.4025064,3.472299,1.106918,-0.2668622,-3.465283,-0.08997174,-0.00893011,-0.01968906,0.9957097,349.658,359.1706,357.8094,0.3039195,-0.07157151,-0.9500045,0,0,0,1.010619,0.0594062,-2.582237,-0.08964507,0.1588965,0.9285527,0.9990652,-0.03760225,0.02132651,0.04081609,0.9830349,-0.1788198,-0.01424068,0.1795231,0.9836507,moving,-9.347476296234323,11.186281784677341,-5.514404532988512,9.710556154194023,-0.09629900000000013,0.3262684,0.8830459999999998,-0.15941489063121375,0.1915185297856952,0.9684561668522249,-9.487535552374187,11.432431564914875,4.013403842943917,4.107335544931499,4.330199190250924
05/17/2023 16:15:37.677587,1840,True,True,True,True,Eyes,1.110751,-0.2618744,-3.457374,-0.1625051,0.3666293,0.9160649,0.0,0.0,0.0,0.0,0.0,0.0,0.0,-1.053724,-0.399929,3.46891,1.107173,-0.2670184,-3.465037,-0.08960969,-0.007296215,-0.01979103,0.9957536,349.7032,359.3604,357.7804,0.304026,-0.07160339,-0.949968,0,0,0,1.01404,0.05704758,-2.582634,-0.089448,0.1575979,0.9270864,0.9991102,-0.03810637,0.0180774,0.04072161,0.9831569,-0.1781695,-0.01098352,0.1787471,0.9838338,moving,-9.366883480895785,11.133890950287022,-5.511005607883023,9.647637587086903,-0.09313299999999991,0.32406598,0.882403,-0.1597713308147786,0.19062177833777783,0.9685743707271671,-9.50657427447095,11.37947926810438,4.038640350047655,4.13240162994996,4.354749657274073
05/17/2023 16:15:37.697487,1841,True,True,True,True,Eyes,1.111087,-0.2620089,-3.457261,-0.159882,0.3651077,0.9171336,0.0,0.0,0.0,0.0,0.0,0.0,0.0,-1.064776,-0.3955451,3.466124,1.107478,-0.2672436,-3.465009,-0.08898339,-0.005766336,-0.01991511,0.9958174,349.7786,359.5377,357.75,0.3041314,-0.07163572,-0.9499319,0,0,0,1.017377,0.0547463,-2.583022,-0.08920872,0.1568639,0.9258146,0.9991403,-0.03863741,0.01502866,0.04068984,0.9833707,-0.1769927,-0.007940208,0.1774521,0.9840974,moving,-9.383656724962533,11.109766239336427,-5.50385771923855,9.61648949822966,-0.09010099999999999,0.32198990000000005,0.8819869999999996,-0.16006806913696217,0.19020468188587397,0.9686074122180297,-9.523179926679372,11.35512534249363,4.063309379960708,4.157248579330716,4.379247150616925
05/17/2023 16:15:37.717567,1842,True,True,True,True,Eyes,1.11142,-0.2621489,-3.45715,-0.1572681,0.3635867,0.9181892,0.0,0.0,0.0,0.0,0.0,0.0,0.0,-1.075183,-0.3896831,3.463436,1.107696,-0.2673764,-3.464792,-0.08812927,-0.004319441,-0.02005804,0.9958978,349.8801,359.705,357.7185,0.3042355,-0.07166851,-0.949896,0,0,0,1.020705,0.05245162,-2.583409,-0.08875277,0.1564997,0.9242965,0.999158,-0.03919018,0.01213884,0.04071286,0.9836618,-0.1753622,-0.005068041,0.1757088,0.9844291,moving,-9.393808579943297,11.111453243522398,-5.484837686303473,9.610042714086543,-0.08699100000000004,0.31982802,0.881383,-0.16023895666241142,0.19022786027304667,0.9685746169680582,-9.533346501456226,11.356870752994308,4.0928627436885225,4.18739621068083,4.4092892651632525
05/17/2023 16:15:37.727598,1843,True,True,True,True,Eyes,1.111729,-0.262287,-3.457038,-0.1547184,0.3620237,0.9192394,0.0,0.0,0.0,0.0,0.0,0.0,0.0,-1.08426,-0.3839354,3.461242,1.107898,-0.2676317,-3.464701,-0.08735593,-0.003062792,-0.02003494,0.995971,349.9719,359.8487,357.7085,0.3043382,-0.07170184,-0.9498606,0,0,0,1.024012,0.05017113,-2.583794,-0.0878725,0.1561279,0.9230041,0.9991784,-0.03937332,0.009601244,0.04044353,0.9839351,-0.1738852,-0.002600561,0.1741306,0.9847191,moving,-9.380604865784385,11.103976417881878,-5.438323336529075,9.600811204669412,-0.08388600000000013,0.31780283,0.8809069999999997,-0.160019525495473,0.1901083263445412,0.9686343958828278,-9.520085971158888,11.349254026852272,4.1242725605699375,4.21913371607486,4.440477283795389
05/17/2023 16:15:37.747572,1844,True,True,True,True,Eyes,1.112033,-0.2624318,-3.456927,-0.1521956,0.360451,0.920278,0.0,0.0,0.0,0.0,0.0,0.0,0.0,-1.092229,-0.3784783,3.459217,1.108095,-0.2677182,-3.464512,-0.08659597,-0.001962079,-0.02002921,0.9960402,350.0619,359.9744,357.6982,0.3044392,-0.07173564,-0.9498258,0,0,0,1.027404,0.04783245,-2.584188,-0.08661456,0.1555258,0.921609,0.99919,-0.03955998,0.007377516,0.04023961,0.9841999,-0.1724275,-0.0004397212,0.1725847,0.9849946,moving,-9.35208854892398,11.09374921252564,-5.368995587614012,9.578681712019026,-0.08069100000000007,0.31555065000000004,0.8803239999999999,-0.1595423841028002,0.1899502842932346,0.9687441037322879,-9.491489168054581,11.338796333000916,4.1662050836598725,4.2615090131933755,4.482516793026874
05/17/2023 16:15:37.767454,1845,True,True,True,True,Eyes,1.112312,-0.2625759,-3.456815,-0.1497158,0.3588071,0.9213265,0.0,0.0,0.0,0.0,0.0,0.0,0.0,-1.099302,-0.3717332,3.457713,1.108261,-0.268001,-3.464442,-0.08565997,-0.0009885568,-0.02006813,0.9961219,350.1718,0.08539936,357.6844,0.3045385,-0.07177004,-0.9497913,0,0,0,1.030763,0.04551626,-2.584578,-0.08515941,0.1554335,0.9203522,0.9991925,-0.03981124,0.005407516,0.04014996,0.9845192,-0.1706159,0.001468625,0.1706952,0.9853228,moving,-9.314125283877454,11.098376662142348,-5.286477290462177,9.585932544030715,-0.07749799999999984,0.31351726,0.879864,-0.15889738548872542,0.19004853325824753,0.96883076503254,-9.45354884393887,11.343337728796836,4.206473642367472,4.302259356346684,4.522494700410108
05/17/2023 16:15:37.777748,1846,True,True,True,True,Eyes,1.112589,-0.2627209,-3.456696,-0.1472633,0.3571498,0.9223652,0.0,0.0,0.0,0.0,0.0,0.0,0.0,-1.104741,-0.3637641,3.456735,1.108464,-0.2681116,-3.464277,-0.08447692,-0.0002559037,-0.02025168,0.9962197,350.3095,0.1692448,357.6565,0.3046355,-0.07180499,-0.9497575,0,0,0,1.034051,0.04324875,-2.58496,-0.08344439,0.1556619,0.91896,0.9991796,-0.04030701,0.003931472,0.04039349,0.984907,-0.1683048,0.002911727,0.1683255,0.9857271,moving,-9.25681302139451,11.12755628939183,-5.18840413995744,9.614028655314561,-0.07441299999999984,0.31136035,0.8793169999999999,-0.15791187142800042,0.19057244307408738,0.9688890577051898,-9.39642948014017,11.372656051953848,4.244296840482999,4.340819821839139,4.560728843488754
05/17/2023 16:15:37.797271,1847,True,True,True,True,Eyes,1.112834,-0.2628682,-3.456576,-0.1448053,0.3554377,0.9234151,0.0,0.0,0.0,0.0,0.0,0.0,0.0,-1.111219,-0.3568151,3.455157,1.10868,-0.2682503,-3.463972,-0.08342683,0.0006279205,-0.02050257,0.9963028,350.4324,0.2714702,357.6195,0.3047307,-0.07184046,-0.9497243,0,0,0,1.0374,0.04093952,-2.58535,-0.08197765,0.1556395,0.9174488,0.9991585,-0.0409583,0.002169729,0.04074875,0.9852393,-0.1662625,0.004672126,0.166211,0.9860792,moving,-9.217313562460099,11.137491550710399,-5.10604242708939,9.628208594262507,-0.07128000000000001,0.30918982,0.878622,-0.15723800974780935,0.19076121485396808,0.9689614789017033,-9.356990405674626,11.382563751253167,4.2825122844003705,4.379553104045714,4.598730339289055
05/17/2023 16:15:37.817721,1848,True,True,True,True,Eyes,1.113075,-0.2630145,-3.456457,-0.1423705,0.3537083,0.9244572,0.0,0.0,0.0,0.0,0.0,0.0,0.0,-1.118139,-0.348519,3.453716,1.108887,-0.2684376,-3.463836,-0.08217173,0.001573372,-0.02079378,0.9964001,350.5791,0.38058,357.5776,0.3048232,-0.07187647,-0.949692,0,0,0,1.040799,0.03859556,-2.585745,-0.08058324,0.155971,0.91604,0.9991303,-0.04169641,0.0002819047,0.04117927,0.9856309,-0.1638173,0.006552738,0.1636864,0.9864906,moving,-9.188566470659783,11.169681297549433,-5.027318333534162,9.662889678501339,-0.06808799999999993,0.30703316,0.878091,-0.15673443633183856,0.19132107545720622,0.9689327107413699,-9.32846524598999,11.41503551713414,4.327583739332713,4.425653289850553,4.644338467679391
05/17/2023 16:15:37.827459,1849,True,True,True,True,Eyes,1.113277,-0.2631623,-3.456335,-0.139899,0.3519586,0.9255017,0.0,0.0,0.0,0.0,0.0,0.0,0.0,-1.124913,-0.3410214,3.452193,1.109018,-0.2685337,-3.463716,-0.0810434,0.002510387,-0.02100536,0.9964861,350.7112,0.4881395,357.5452,0.3049134,-0.07191297,-0.9496602,0,0,0,1.044181,0.03626368,-2.586138,-0.07906501,0.1560003,0.9146915,0.999105,-0.04227,-0.00159844,0.0414562,0.9859815,-0.1616227,0.008407823,0.1614118,0.9868513,moving,-9.153442433553181,11.187615592807427,-4.940309599667207,9.678649662061833,-0.06483700000000003,0.30479738,0.8775779999999997,-0.15613042961921567,0.19164290993679284,0.9689665974819397,-9.293459794468987,11.433055435404466,4.376261991173514,4.475205744557336,4.693384305172627
05/17/2023 16:15:37.847469,1850,True,True,True,True,Eyes,1.113477,-0.2633132,-3.45621,-0.1374593,0.3501889,0.926538,0.0,0.0,0.0,0.0,0.0,0.0,0.0,-1.13109,-0.3347557,3.450668,1.109188,-0.2687212,-3.463528,-0.08014148,0.003358311,-0.02110614,0.9965544,350.817,0.5848427,357.5265,0.3050005,-0.07194995,-0.9496295,0,0,0,1.047357,0.03407405,-2.586507,-0.07757882,0.1558567,0.9134353,0.9990865,-0.04260512,-0.003310523,0.04152856,0.9862638,-0.1598724,0.01007643,0.1595889,0.9871321,moving,-9.105393311429294,11.180199872523943,-4.854528288684917,9.6829555740855,-0.06183099999999997,0.30279525,0.877021,-0.15532089492958806,0.1915422422906573,0.9691165973711519,-9.245345060118472,11.425370161587724,4.407820636748027,4.506838573856177,4.7239052186768875
05/17/2023 16:15:37.867656,1851,True,True,True,True,Eyes,1.113667,-0.2634656,-3.456083,-0.1350099,0.3483786,0.92758,0.0,0.0,0.0,0.0,0.0,0.0,0.0,-1.137218,-0.3267486,3.449288,1.109354,-0.2689202,-3.463326,-0.07896075,0.004195541,-0.02129602,0.9966415,350.9549,0.680326,357.498,0.3050847,-0.07198748,-0.9495996,0,0,0,1.050704,0.03176592,-2.586896,-0.0759399,0.1561143,0.9120547,0.9990577,-0.04311156,-0.004999801,0.04178642,0.9866234,-0.1575698,0.011726,0.1572124,0.9874952,moving,-9.059885448958124,11.201026810278531,-4.759607807800011,9.713057480860595,-0.05864999999999987,0.30068612,0.87643,-0.1545395442093912,0.1919183035699921,0.9691671024474261,-9.199973659894777,11.446278875326476,4.45069580469562,4.550433003169352,4.76664507832118
05/17/2023 16:15:37.877879,1852,True,True,True,True,Eyes,1.113853,-0.2636169,-3.455957,-0.1325721,0.3465713,0.9286081,0.0,0.0,0.0,0.0,0.0,0.0,0.0,-1.144105,-0.3185554,3.44768,1.109616,-0.2690876,-3.463134,-0.07777333,0.005127427,-0.02140605,0.9967281,351.0938,0.7859116,357.4782,0.3051662,-0.07202554,-0.9495706,0,0,0,1.054057,0.02945371,-2.587286,-0.07451886,0.1563479,0.910673,0.9990309,-0.04346957,-0.006891662,0.04187446,0.9869862,-0.1552572,0.01355094,0.1548182,0.9878501,moving,-9.023345412021751,11.224622039077861,-4.67799601703365,9.741790022022917,-0.055558999999999914,0.29854131,0.875848,-0.1539085935070825,0.19233658036401136,0.9691846138720215,-9.163592202072827,11.470022942532601,4.490855970256313,4.591388913534409,4.807011770608789
05/17/2023 16:15:37.897291,1853,True,True,True,True,Eyes,1.114066,-0.2637727,-3.455827,-0.1301192,0.3447765,0.9296225,0.0,0.0,0.0,0.0,0.0,0.0,0.0,-1.151651,-0.3127338,3.445627,1.109713,-0.2691881,-3.463022,-0.07686203,0.00618758,-0.02168565,0.9967868,351.2014,0.9084962,357.4375,0.3052451,-0.07206406,-0.9495423,0,0,0,1.057364,0.02717359,-2.58767,-0.07326948,0.1560028,0.9094541,0.9989828,-0.04418312,-0.009001787,0.04228076,0.9872439,-0.1534985,0.015669,0.1529617,0.9881079,moving,-9.00413744870798,11.21487462556691,-4.6060429006687675,9.733477233338869,-0.05234899999999998,0.29636169,0.8753519999999999,-0.15358841668746515,0.19218136540524058,0.9692660907705146,-9.144309640085392,11.460085679578079,4.539831575641706,4.640880723224018,4.855619602555351
05/17/2023 16:15:37.917612,1854,True,True,True,True,Eyes,1.114278,-0.2639248,-3.455696,-0.1276826,0.3429815,0.9306239,0.0,0.0,0.0,0.0,0.0,0.0,0.0,-1.159821,-0.3055643,3.443354,1.109913,-0.2693974,-3.462767,-0.07582024,0.007318209,-0.02182201,0.9968559,351.3242,1.037493,357.4132,0.3053223,-0.07210309,-0.9495146,0,0,0,1.060761,0.02483086,-2.588065,-0.07209466,0.1559787,0.9080546,0.9989405,-0.04461653,-0.0112813,0.04239706,0.9875502,-0.1514831,0.0178995,0.1508443,0.9883955,moving,-8.99021990979371,11.222894632280665,-4.53945509623903,9.746713870749419,-0.04915199999999986,0.29422826,0.8747020000000001,-0.15334860810610357,0.19232430204298168,0.9692757946899431,-9.130445605365322,11.468150672334698,4.587351939075915,4.68918085237618,4.903115184934966
05/17/2023 16:15:37.927445,1855,True,True,True,True,Eyes,1.1145,-0.2640775,-3.455563,-0.1251542,0.3411871,0.9316264,0.0,0.0,0.0,0.0,0.0,0.0,0.0,-1.167143,-0.2994913,3.441285,1.110096,-0.2694364,-3.462579,-0.07488481,0.008333591,-0.02203436,0.996914,351.4345,1.154042,357.3812,0.305398,-0.0721425,-0.9494873,0,0,0,1.06435,0.02235657,-2.588482,-0.07051776,0.1554543,0.9067202,0.99889,-0.04518083,-0.01331567,0.0426846,0.9878135,-0.1496746,0.01991582,0.1489401,0.9886456,moving,-8.95975750367096,11.217365217337116,-4.447075684293834,9.728594576666246,-0.045746000000000064,0.29179297000000004,0.8740969999999999,-0.15283563211633258,0.19224621522894814,0.9693722826895533,-9.09993569781787,11.462440343787055,4.649288100843009,4.75191910952411,4.965413119732701
05/17/2023 16:15:37.947677,1856,True,True,True,True,Eyes,1.11472,-0.2642312,-3.45543,-0.122624,0.3394043,0.9326136,0.0,0.0,0.0,0.0,0.0,0.0,0.0,-1.175763,-0.2936068,3.43875,1.110357,-0.2695675,-3.462378,-0.07401012,0.009526,-0.02218252,0.9969653,351.5383,1.290572,357.3553,0.3054727,-0.07218226,-0.9494602,0,0,0,1.067325,0.02030484,-2.588828,-0.06993609,0.155289,0.9055175,0.9988344,-0.04564045,-0.01571072,0.04282036,0.9880609,-0.1479937,0.02227765,0.1471484,0.9888635,moving,-8.946930015522181,11.207188956467135,-4.416373925881056,9.731108514881297,-0.04303199999999996,0.28987234,0.8735500000000003,-0.15262365954148743,0.1920804185727947,0.9694385913963371,-9.087032243266018,11.452092919080997,4.662405771961216,4.764950361904782,4.9776336182222085
05/17/2023 16:15:37.967757,1857,True,True,True,True,Eyes,1.114923,-0.2643817,-3.455298,-0.1199611,0.3376143,0.9336091,0.0,0.0,0.0,0.0,0.0,0.0,0.0,-1.185084,-0.2883355,3.43593,1.110516,-0.2697278,-3.46225,-0.07324511,0.01083744,-0.02227507,0.9970064,351.6298,1.440617,357.3348,0.3055463,-0.07222236,-0.9494335,0,0,0,1.070663,0.01800319,-2.589216,-0.06905878,0.1547218,0.9043553,0.9987727,-0.04600435,-0.01834691,0.04282919,0.9882779,-0.1465345,0.02487307,0.1455689,0.9890354,moving,-8.937451622757376,11.185212207763298,-4.3667709812362245,9.708464932662956,-0.03985300000000014,0.28773099,0.8730340000000001,-0.15247444281454964,0.19171302621341008,0.9695347815055422,-9.077394620946135,11.429814718007622,4.700583210277873,4.803322187954134,5.015278672067981
05/17/2023 16:15:37.987473,1858,True,True,True,True,Eyes,1.115127,-0.2645262,-3.455164,-0.1173021,0.3358373,0.9345874,0.0,0.0,0.0,0.0,0.0,0.0,0.0,-1.194348,-0.2824504,3.433135,1.110713,-0.2697922,-3.462108,-0.0723948,0.0121346,-0.02231399,0.9970527,351.731,1.588251,357.321,0.3056186,-0.07226269,-0.9494072,0,0,0,1.074048,0.01566912,-2.58961,-0.06811449,0.154189,0.9031451,0.9987097,-0.04625342,-0.02096684,0.04273949,0.9885222,-0.1449044,0.0274285,0.1438213,0.9892235,moving,-8.92563913029654,11.174843232556125,-4.3130371961811695,9.688385576969921,-0.03666500000000017,0.28546131999999996,0.8724980000000002,-0.15227969644245132,0.19154338767516355,0.9695989416577228,-9.06550505672702,11.419276044693584,4.742981741014893,4.846199847762748,5.0578584971090175
05/17/2023 16:15:37.997415,1859,True,True,True,True,Eyes,1.115317,-0.2646703,-3.455029,-0.1145667,0.334118,0.9355424,0.0,0.0,0.0,0.0,0.0,0.0,0.0,-1.203677,-0.2774701,3.430155,1.110906,-0.2697738,-3.461921,-0.071656,0.01344628,-0.02237621,0.9970879,351.8195,1.738026,357.3045,0.3056898,-0.07230306,-0.9493813,0,0,0,1.077349,0.01339325,-2.589993,-0.06727666,0.1534243,0.9019439,0.998637,-0.0465491,-0.02360746,0.04269508,0.9887294,-0.1434964,0.03002102,0.1422929,0.9893692,moving,-8.911432316578235,11.154971304507214,-4.265834724053199,9.653838757083914,-0.03355700000000006,0.28316705000000003,0.8719279999999996,-0.1520492143079878,0.19121394141054732,0.9697000638904885,-9.051152770405361,11.399110444959978,4.778664838340217,4.882107732998933,5.093647226619197
05/17/2023 16:15:38.017679,1860,True,True,True,True,Eyes,1.115503,-0.2648191,-3.454891,-0.1118502,0.3324138,0.9364778,0.0,0.0,0.0,0.0,0.0,0.0,0.0,-1.21327,-0.2760069,3.426727,1.110947,-0.2699206,-3.461734,-0.07154031,0.01483048,-0.02217149,0.9970811,351.8361,1.895802,357.317,0.3057595,-0.07234348,-0.9493557,0,0,0,1.080834,0.01098963,-2.590399,-0.06609058,0.1516108,0.9009379,0.9985769,-0.0463355,-0.02640208,0.04209159,0.9887808,-0.1433206,0.0327467,0.1420053,0.989324,moving,-8.895224567621153,11.068667713788278,-4.195561798665018,9.552297499567548,-0.030112999999999834,0.28091023000000004,0.8713349999999997,-0.1518185374911628,0.18975990304747148,0.9700218463688222,-9.034325287936477,11.311701674568445,4.8353728403865235,4.938239440173822,5.148702278838532
05/17/2023 16:15:38.027594,1861,True,True,True,True,Eyes,1.115691,-0.2649684,-3.454753,-0.1091305,0.3307014,0.9374045,0.0,0.0,0.0,0.0,0.0,0.0,0.0,-1.221914,-0.2705354,3.423892,1.110996,-0.2701707,-3.461502,-0.07089307,0.01606379,-0.02186942,0.9971148,351.9131,2.033772,357.3433,0.3058279,-0.07238406,-0.9493306,0,0,0,1.084229,0.008648851,-2.590793,-0.06471633,0.1509338,0.8997893,0.9985273,-0.04589026,-0.0289341,0.04133502,0.9889918,-0.1420797,0.03513566,0.1406744,0.9894322,moving,-8.86205486196176,11.044327286435392,-4.113850334372637,9.522341797725538,-0.026766999999999985,0.278819551,0.8707089999999997,-0.15126872364978017,0.18936394948798665,0.9701851093951805,-9.000973220390224,11.28694253369269,4.8831271350787,4.986169478032331,5.195939362657408
05/17/2023 16:15:38.047300,1862,True,True,True,True,Eyes,1.115881,-0.2651134,-3.454612,-0.1064428,0.3289993,0.9383119,0.0,0.0,0.0,0.0,0.0,0.0,0.0,-1.230125,-0.263821,3.421372,1.111168,-0.2703051,-3.461334,-0.07004572,0.01721407,-0.02157188,0.997162,352.0128,2.161616,357.3705,0.3058952,-0.07242481,-0.9493058,0,0,0,1.087293,0.006536456,-2.591149,-0.06366086,0.150692,0.898706,0.9984766,-0.04543287,-0.03130839,0.04060978,0.9892564,-0.1404365,0.03735247,0.1389512,0.9895946,moving,-8.822873340849581,11.043470008928017,-4.051843589185251,9.518616050345631,-0.02387499999999987,0.27684155600000004,0.8701849999999998,-0.1506050671742731,0.18936881959673807,0.970287274295562,-8.961775205313746,11.285928262124504,4.905595195014344,5.008782734983678,5.218315909271966
05/17/2023 16:15:38.067397,1863,True,True,True,True,Eyes,1.116099,-0.2652566,-3.45447,-0.1038124,0.3273005,0.9392004,0.0,0.0,0.0,0.0,0.0,0.0,0.0,-1.237461,-0.2584383,3.418986,1.11137,-0.2703363,-3.461118,-0.0693287,0.01823846,-0.02141658,0.9971973,352.0975,2.276472,357.382,0.3059615,-0.0724656,-0.9492814,0,0,0,1.09059,0.004262945,-2.591532,-0.0622195,0.1499567,0.8975842,0.9984173,-0.045242,-0.03340512,0.0401842,0.9894697,-0.13905,0.03934425,0.1374875,0.9897218,moving,-8.77661290589736,11.025470476745454,-3.965334096275143,9.484638267031219,-0.02078000000000002,0.274599245,0.869586,-0.14982992644907597,0.18908653617755558,0.97046241453794,-8.915374157810053,11.267537774172164,4.94861979357984,5.051986508534305,5.261333221091776
05/17/2023 16:15:38.087410,1864,True,True,True,True,Eyes,1.116312,-0.2654022,-3.45433,-0.1012067,0.3255927,0.940078,0.0,0.0,0.0,0.0,0.0,0.0,0.0,-1.244608,-0.2540634,3.416556,1.111526,-0.2703854,-3.460904,-0.06861693,0.01924529,-0.02168025,0.9972218,352.1825,2.392616,357.3456,0.3060276,-0.07250636,-0.949257,0,0,0,1.093885,0.001990951,-2.591915,-0.06087817,0.1491908,0.8964804,0.9983191,-0.04588114,-0.03540838,0.04059893,0.9896434,-0.1376871,0.04135891,0.1360181,0.9898427,moving,-8.742361943766507,11.000216906841901,-3.8848760853903177,9.448479366431425,-0.017641000000000018,0.272376351,0.868989,-0.14926179283299096,0.1886751774775106,0.9706300238022165,-8.880934035617281,11.241850392913795,4.995807315862384,5.099319391707469,5.308179978170718
05/17/2023 16:15:38.097801,1865,True,True,True,True,Eyes,1.116552,-0.2655526,-3.454191,-0.09862802,0.3238675,0.9409477,0.0,0.0,0.0,0.0,0.0,0.0,0.0,-1.251474,-0.2474423,3.414516,1.111612,-0.2705618,-3.460845,-0.06759264,0.020213,-0.02194776,0.9972668,352.3033,2.503247,357.3101,0.3060935,-0.07254716,-0.9492326,0,0,0,1.097304,-0.0003667484,-2.592313,-0.05928729,0.149016,0.8954543,0.9982194,-0.04650804,-0.0373485,0.04104305,0.9898991,-0.1357031,0.04328253,0.1339285,0.9900453,moving,-8.707026265794223,11.010022472589384,-3.78797765694699,9.448227949626421,-0.014307999999999987,0.2701950516,0.8685320000000001,-0.14865782704556713,0.188858679877278,0.9706871110269069,-8.845658920381345,11.2516424079368,5.0565936788510655,5.161031035380335,5.369585037126971
05/17/2023 16:15:38.117403,1866,True,True,True,True,Eyes,1.116782,-0.2657043,-3.454054,-0.0961076,0.3221339,0.9418031,0.0,0.0,0.0,0.0,0.0,0.0,0.0,-1.258169,-0.2432269,3.412166,1.111711,-0.2707815,-3.460608,-0.06701098,0.02116389,-0.02196818,0.997286,352.3727,2.611312,357.3021,0.3061597,-0.07258811,-0.9492081,0,0,0,1.101028,-0.002934477,-2.592746,-0.05723931,0.1479413,0.8943585,0.998139,-0.04665353,-0.03926868,0.04098068,0.9900538,-0.1345881,0.04515712,0.1327283,0.9901232,moving,-8.66364223326803,10.972059206363244,-3.6619589271299,9.392592762663934,-0.010682999999999998,0.267847023,0.8678620000000001,-0.14794077941663475,0.18823592127282557,0.9709174852708902,-8.801992673998065,11.213057329051077,5.140293427996609,5.245145388039592,5.452892641196479
05/17/2023 16:15:38.127458,1867,True,True,True,True,Eyes,1.117049,-0.2658555,-3.453915,-0.09363209,0.32038,0.9426504,0.0,0.0,0.0,0.0,0.0,0.0,0.0,-1.262281,-0.2362913,3.411047,1.111677,-0.2709439,-3.460519,-0.06603217,0.02174792,-0.02196367,0.9973387,352.4866,2.675624,357.3011,0.3062261,-0.07262923,-0.9491836,0,0,0,1.104231,-0.005143386,-2.593118,-0.05495218,0.1478448,0.8934268,0.9980893,-0.04668256,-0.04047946,0.04093831,0.9903147,-0.1326682,0.04628069,0.1307575,0.9903336,moving,-8.582850313320591,10.978508703476436,-3.51966892099455,9.396189386511999,-0.007446000000000064,0.26580051400000004,0.8674010000000001,-0.14656732152172325,0.18838416064848645,0.9710970690804507,-8.721225341289394,11.219282558386285,5.1992391995649845,5.3046715480258975,5.511792621901258
05/17/2023 16:15:38.147507,1868,True,True,True,True,Eyes,1.117312,-0.2660126,-3.453779,-0.09120642,0.3186137,0.9434865,0.0,0.0,0.0,0.0,0.0,0.0,0.0,-1.265652,-0.2299174,3.410048,1.111823,-0.2710144,-3.460284,-0.06503921,0.02219911,-0.0222012,0.9973887,352.6024,2.726364,357.2734,0.3062935,-0.07267047,-0.9491587,0,0,0,1.107198,-0.007189436,-2.593463,-0.05294235,0.1478267,0.8923836,0.9980286,-0.04717408,-0.04139438,0.04139883,0.990554,-0.1307244,0.04717018,0.1287531,0.9905542,moving,-8.497172107621807,10.982430352090796,-3.3952012051436227,9.405846274889896,-0.004625000000000101,0.263824964,0.8668210000000003,-0.1451119677334595,0.18849149837247736,0.9712947793646264,-8.635552401932873,11.222931060116348,5.234432882801344,5.34001165188031,5.546447311783642
05/17/2023 16:15:38.167327,1869,True,True,True,True,Eyes,1.117604,-0.2661729,-3.453643,-0.08871918,0.31677,0.944344,0.0,0.0,0.0,0.0,0.0,0.0,0.0,-1.270075,-0.2228132,3.408865,1.111992,-0.2712895,-3.460199,-0.0639796,0.02279679,-0.0223997,0.9974394,352.7263,2.793432,357.2495,0.3063616,-0.07271197,-0.9491335,0,0,0,1.110543,-0.009495515,-2.593852,-0.05082348,0.1478695,0.89143,0.9979571,-0.04760174,-0.04261059,0.04176763,0.9908097,-0.1286528,0.04834308,0.1266102,0.9907739,moving,-8.423359461570028,10.99034987097779,-3.2630962531459375,9.418405299152745,-0.0014490000000000336,0.261793985,0.8663469999999998,-0.14385578268865198,0.18866070357446985,0.971448695943174,-8.561776675058814,11.230670219512447,5.288245766606835,5.394379122485322,5.600028424492967
05/17/2023 16:15:38.177613,1870,True,True,True,True,Eyes,1.117889,-0.2663343,-3.453509,-0.08627999,0.3149118,0.9451912,0.0,0.0,0.0,0.0,0.0,0.0,0.0,-1.274997,-0.2133802,3.407501,1.112172,-0.2714532,-3.459999,-0.06253953,0.02345867,-0.0226777,0.9975091,352.8941,2.867199,357.2172,0.3064313,-0.07275378,-0.9491078,0,0,0,1.113876,-0.0117938,-2.594239,-0.04887196,0.1484934,0.8902402,0.9978708,-0.04817661,-0.04396397,0.04230823,0.9911491,-0.1258315,0.04963698,0.1237035,0.991077,moving,-8.363843613906454,11.040487191259794,-3.142240872451286,9.46983858539168,0.0017040000000001498,0.2596594,0.8657599999999999,-0.14282201405813078,0.18953939735656333,0.9714302713839889,-8.50260259365956,11.28119164015053,5.345139269434971,5.4527123739188355,5.658133762220468
05/17/2023 16:15:38.197646,1871,True,True,True,True,Eyes,1.118185,-0.2664968,-3.453371,-0.08372255,0.3130111,0.9460521,0.0,0.0,0.0,0.0,0.0,0.0,0.0,-1.279531,-0.2059502,3.406211,1.112261,-0.2716103,-3.459912,-0.06140761,0.02408315,-0.02289615,0.9975595,353.0264,2.93711,357.1913,0.306502,-0.07279591,-0.9490818,0,0,0,1.117168,-0.01406424,-2.594622,-0.04677343,0.1485776,0.8892795,0.9977915,-0.04863831,-0.04523674,0.04272276,0.9914098,-0.1236183,0.05086073,0.1214127,0.9912982,moving,-8.289738182663248,11.053572319482743,-3.010811497750985,9.485161099742923,0.004906999999999995,0.25754606,0.8652899999999999,-0.14155830800931513,0.18979604162408437,0.9715650765818473,-8.428570840497853,11.294157832486716,5.398755344103161,5.506993798696755,5.711793542749833
05/17/2023 16:15:38.217629,1872,True,True,True,True,Eyes,1.118477,-0.2666586,-3.453232,-0.08119752,0.3111035,0.946901,0.0,0.0,0.0,0.0,0.0,0.0,0.0,-1.285104,-0.1989139,3.404343,1.112475,-0.2717499,-3.459648,-0.06028353,0.02484288,-0.02325228,0.9976012,353.1585,3.023504,357.1488,0.306574,-0.07283834,-0.9490553,0,0,0,1.120634,-0.01645413,-2.595025,-0.04490073,0.1485245,0.8881102,0.9976844,-0.04938824,-0.04676312,0.04339777,0.9916505,-0.1214331,0.05237004,0.1191225,0.9914975,moving,-8.236763376600775,11.063964364116865,-2.8942734196611473,9.494089581805916,0.008158999999999805,0.25529577,0.8646229999999999,-0.14065438109389974,0.18999697537018467,0.9716570501965569,-8.375656106153908,11.304477418373096,5.459297209476523,5.568366526382459,5.772612950352119
05/17/2023 16:15:38.227185,1873,True,True,True,True,Eyes,1.118771,-0.2668228,-3.453093,-0.07851719,0.3092068,0.947748,0.0,0.0,0.0,0.0,0.0,0.0,0.0,-1.291087,-0.1923656,3.402333,1.11265,-0.2718648,-3.459462,-0.05921796,0.0256693,-0.02362617,0.9976352,353.2843,3.117774,357.1038,0.3066471,-0.07288103,-0.9490284,0,0,0,1.124144,-0.0188742,-2.595433,-0.04306425,0.1483026,0.8870372,0.9975658,-0.05018078,-0.04841901,0.04410045,0.9918701,-0.1193688,0.05401538,0.1169429,0.9916686,moving,-8.182501769784338,11.068488006055151,-2.779436982127519,9.491421893491234,0.011494000000000115,0.2529906,0.8640289999999999,-0.13973132119034232,0.19009879429498397,0.9717703803274368,-8.321412381972241,11.308852761213315,5.518744859529166,5.628520820163543,5.832370555051616
05/17/2023 16:15:38.257755,1874,True,True,True,True,Eyes,1.11906,-0.2669864,-3.452953,-0.07585294,0.3073095,0.9485817,0.0,0.0,0.0,0.0,0.0,0.0,0.0,-1.297979,-0.185499,3.399999,1.112835,-0.2720415,-3.459298,-0.0580956,0.02662525,-0.02404894,0.9976661,353.4172,3.226978,357.0526,0.3067212,-0.07292403,-0.9490011,0,0,0,1.127214,-0.02099098,-2.595789,-0.04194384,0.1485071,0.8860403,0.9974255,-0.05107926,-0.05033195,0.04489202,0.9920931,-0.1172007,0.0559205,0.1146394,0.991832,moving,-8.14553300081192,11.079346090743472,-2.7102743245867784,9.514769374958888,0.01437899999999992,0.25105052,0.8635090000000001,-0.13909875315649772,0.1903000621768055,0.9718217234028036,-8.284511248687139,11.319703922705687,5.545773381036351,5.655964743264932,5.859172809164599
05/17/2023 16:15:38.267773,1875,True,True,True,True,Eyes,1.119346,-0.2671456,-3.452814,-0.07292438,0.3054311,0.9494176,0.0,0.0,0.0,0.0,0.0,0.0,0.0,-1.30601,-0.1792342,3.397139,1.112979,-0.2721648,-3.459124,-0.05713212,0.02776021,-0.02424224,0.9976862,353.5317,3.355703,357.0265,0.3067962,-0.07296728,-0.9489735,0,0,0,1.130571,-0.02330615,-2.59618,-0.04069295,0.1481997,0.8850392,0.9972834,-0.05154428,-0.05262194,0.04520028,0.9922965,-0.1153458,0.05816198,0.1126539,0.9919305,moving,-8.106041861337738,11.076553181910699,-2.632531288672622,9.505978146998348,0.017592000000000052,0.24885865,0.8629440000000002,-0.13842968458149804,0.190270687950268,0.9719229336572694,-8.244989730040016,11.316729434322621,5.583868379683895,5.694385298639945,5.8973307504855645
05/17/2023 16:15:38.277777,1876,True,True,True,True,Eyes,1.119632,-0.2673064,-3.452681,-0.07001203,0.3035712,0.9502331,0.0,0.0,0.0,0.0,0.0,0.0,0.0,-1.314425,-0.172398,3.394155,1.113197,-0.2721903,-3.458963,-0.05607901,0.02894034,-0.02440796,0.9977084,353.6565,3.489074,357.0038,0.3068717,-0.07301065,-0.9489458,0,0,0,1.133879,-0.02558684,-2.596564,-0.03962943,0.1479771,0.8840279,0.9971334,-0.05194995,-0.05501049,0.04545817,0.9925188,-0.1133137,0.06048559,0.1104882,0.9920353,moving,-8.072418409869117,11.085803963442412,-2.5667514982972377,9.50262049606062,0.02068200000000009,0.24660346,0.8623989999999999,-0.13785461874055083,0.1904430509978286,0.9719710132346062,-8.21142333871847,11.325966357797311,5.617739494723663,5.72877282082022,5.9318555543402045
05/17/2023 16:15:38.297579,1877,True,True,True,True,Eyes,1.119925,-0.2674705,-3.452549,-0.06683315,0.3017235,0.9510501,0.0,0.0,0.0,0.0,0.0,0.0,0.0,-1.323328,-0.1679562,3.391004,1.113457,-0.2723698,-3.458951,-0.05538153,0.03019283,-0.02460398,0.9977053,353.741,3.632115,356.976,0.3069478,-0.07305415,-0.9489178,0,0,0,1.137372,-0.02799561,-2.59697,-0.03855536,0.1471362,0.8832698,0.9969661,-0.05243929,-0.05752188,0.0457508,0.992655,-0.1119946,0.06297231,0.1090232,0.9920425,moving,-8.030593426090293,11.054894470715114,-2.49941520828585,9.457561195322102,0.02391500000000013,0.24437419,0.8619810000000001,-0.13715874478509016,0.18993718902228823,0.9721683887354458,-8.169366855291841,11.294526258028498,5.646532929523581,5.7572047097347605,5.960100026089316
05/17/2023 16:15:38.317660,1878,True,True,True,True,Eyes,1.120214,-0.2676305,-3.452424,-0.06366723,0.2998866,0.9518479,0.0,0.0,0.0,0.0,0.0,0.0,0.0,-1.333519,-0.1616526,3.387253,1.113695,-0.2725739,-3.458797,-0.05441553,0.03163414,-0.02480384,0.997709,353.8569,3.795923,356.948,0.3070246,-0.07309786,-0.9488896,0,0,0,1.140653,-0.03025823,-2.597352,-0.03800825,0.146935,0.8823245,0.9967681,-0.05293679,-0.0604239,0.04605124,0.9928474,-0.110151,0.06582275,0.1070124,0.9920765,moving,-8.012488806307914,11.05591698430471,-2.46662852069393,9.454798090754416,0.026957999999999815,0.24231566999999998,0.8614450000000002,-0.13685085082831652,0.18996269327978235,0.9722067339610952,-8.151264730572473,11.295493399025576,5.661538364679456,5.7723606972220765,5.975219498608713
05/17/2023 16:15:38.327443,1879,True,True,True,True,Eyes,1.120516,-0.2677911,-3.452302,-0.06035116,0.2981028,0.952624,0.0,0.0,0.0,0.0,0.0,0.0,0.0,-1.343306,-0.1571097,3.383668,1.113857,-0.2726124,-3.45881,-0.05363709,0.03303175,-0.02511929,0.9976979,353.9517,3.955984,356.9064,0.3071017,-0.07314163,-0.9488612,0,0,0,1.144083,-0.03262335,-2.59775,-0.03719072,0.1461275,0.881587,0.9965559,-0.05366638,-0.06321675,0.04657947,0.9929841,-0.1086867,0.06860606,0.1053678,0.9920639,moving,-7.983275443183225,11.03747821977321,-2.4156533166666923,9.411494762963445,0.030225999999999864,0.23998904999999998,0.8610600000000002,-0.13636319759737447,0.1896626961763911,0.9723338764422985,-8.121912139086234,11.276722153375266,5.689462173757863,5.800192957608868,6.003370966913785
05/17/2023 16:15:38.347385,1880,True,True,True,True,Eyes,1.120813,-0.267947,-3.452182,-0.05706189,0.2963426,0.9533756,0.0,0.0,0.0,0.0,0.0,0.0,0.0,-1.352464,-0.1541988,3.380087,1.114041,-0.2727492,-3.458677,-0.05316626,0.03434412,-0.02528425,0.9976746,354.0104,4.106348,356.8816,0.3071795,-0.07318546,-0.9488327,0,0,0,1.147149,-0.03473728,-2.598107,-0.03654924,0.1451231,0.880869,0.9963624,-0.05410279,-0.06583997,0.046799,0.9930682,-0.107822,0.07121705,0.1043485,0.9919876,moving,-7.940376880273836,10.986920681691378,-2.3759681487582354,9.355435935449403,0.033107999999999915,0.23801192000000002,0.8605699999999996,-0.13565750566805612,0.18882310391610174,0.9725959629383119,-8.07864167993471,11.225392191180434,5.689098610676547,5.798653896257932,6.001434978530417
05/17/2023 16:15:38.367361,1881,True,True,True,True,Eyes,1.121096,-0.2680992,-3.452063,-0.05361141,0.2946115,0.9541122,0.0,0.0,0.0,0.0,0.0,0.0,0.0,-1.361621,-0.1507427,3.37654,1.114191,-0.2727755,-3.458603,-0.05259756,0.0356604,-0.02545143,0.9976543,354.0804,4.256791,356.8571,0.3072578,-0.07322921,-0.948804,0,0,0,1.150507,-0.03705255,-2.598497,-0.03557517,0.1439934,0.8801512,0.9961612,-0.05453475,-0.06847616,0.04703216,0.9931714,-0.1067636,0.07383088,0.1031331,0.9919236,moving,-7.889276156836239,10.94972976634123,-2.3146002312424683,9.291321516771982,0.036316000000000015,0.23572295000000001,0.860106,-0.13480608256874144,0.18821383870890926,0.9728325037868568,-8.027262205914202,11.18755993481559,5.7072830665757,5.8161266834237795,6.019155005058839
05/17/2023 16:15:38.387108,1882,True,True,True,True,Eyes,1.121376,-0.2682528,-3.451951,-0.05019336,0.2929136,0.9548205,0.0,0.0,0.0,0.0,0.0,0.0,0.0,-1.371071,-0.1485241,3.372746,1.114411,-0.2728355,-3.458462,-0.05222206,0.03701653,-0.02559564,0.9976211,354.1283,4.412345,356.8342,0.3073361,-0.07327279,-0.9487752,0,0,0,1.15387,-0.03937184,-2.598888,-0.03471301,0.1425544,0.8794332,0.9959493,-0.05493565,-0.07118361,0.04720334,0.9932354,-0.1060906,0.07653025,0.1023007,0.9918053,moving,-7.84323391251634,10.892737569902895,-2.2604070416547466,9.20744683655418,0.03945899999999991,0.23346366000000002,0.8595739999999998,-0.13404900012117024,0.1872654501728112,0.9731199589009506,-7.9808013462867144,11.129705672034088,5.7238971018635825,5.831651629334978,6.034731976736534
05/17/2023 16:15:38.397379,1883,True,True,True,True,Eyes,1.121616,-0.2684022,-3.451836,-0.04661004,0.2912227,0.9555191,0.0,0.0,0.0,0.0,0.0,0.0,0.0,-1.380293,-0.1458776,3.369235,1.114625,-0.2730142,-3.458512,-0.05181097,0.03833764,-0.02570424,0.9975898,354.1801,4.56351,356.8159,0.3074144,-0.07331626,-0.9487465,0,0,0,1.157161,-0.04164116,-2.599271,-0.03386552,0.1413224,0.878931,0.995739,-0.05525718,-0.07382695,0.04731194,0.9933098,-0.1053431,0.07915398,0.1014013,0.9916916,moving,-7.782925873177015,10.840989011759298,-2.20653499989809,9.13434713804265,0.04253600000000013,0.23137303999999997,0.8592409999999999,-0.1330466275077684,0.18641187127258949,0.9734213457934661,-7.920108305009044,11.077105128101186,5.72522627842734,5.8317031523142155,6.034834589349802
05/17/2023 16:15:38.417472,1884,True,True,True,True,Eyes,1.121856,-0.2685466,-3.451724,-0.0430668,0.2895633,0.9561895,0.0,0.0,0.0,0.0,0.0,0.0,0.0,-1.389632,-0.1438574,3.365424,1.114843,-0.2730897,-3.458381,-0.05145947,0.03968086,-0.02586444,0.9975513,354.2255,4.717716,356.7915,0.3074917,-0.07335953,-0.9487181,0,0,0,1.160778,-0.04413467,-2.599691,-0.03271505,0.1396973,0.8782332,0.995513,-0.05568611,-0.07650543,0.04751828,0.9933659,-0.1047195,0.0818293,0.1006142,0.9915547,moving,-7.72884530727327,10.783890743508103,-2.1333377080638987,9.03810724681118,0.04593500000000006,0.22895503,0.8586900000000002,-0.13215189890123347,0.18546411916679284,0.9737242679515922,-7.865606237740564,11.019113430076311,5.756015476576402,5.8615241456594855,6.064922752554739
05/17/2023 16:15:38.427559,1885,True,True,True,True,Eyes,1.122048,-0.2686885,-3.45161,-0.03945094,0.2878987,0.956848,0.0,0.0,0.0,0.0,0.0,0.0,0.0,-1.398394,-0.1417616,3.361845,1.115041,-0.2730995,-3.45828,-0.05104953,0.04094018,-0.02612593,0.9975146,354.2777,4.862607,356.7563,0.307568,-0.07340249,-0.9486901,0,0,0,1.164049,-0.04639024,-2.600071,-0.03179413,0.1383272,0.8775969,0.9952827,-0.05630194,-0.07900941,0.04794203,0.9934228,-0.1039845,0.08434428,0.0997061,0.9914357,moving,-7.664177025124892,10.7324455681772,-2.074839941708413,8.957291591720944,0.04900799999999994,0.22670926,0.858209,-0.13107409293039401,0.18461640885252267,0.9740310554481548,-7.800553961917331,10.96680362462655,5.760228779156084,5.864457406459961,6.068108408030414
05/17/2023 16:15:38.447408,1886,True,True,True,True,Eyes,1.122238,-0.268827,-3.4515,-0.0359143,0.2862688,0.957476,0.0,0.0,0.0,0.0,0.0,0.0,0.0,-1.404896,-0.1403463,3.359163,1.115133,-0.2732202,-3.458213,-0.05077735,0.04188355,-0.0263321,0.997484,354.313,4.971315,356.7286,0.3076423,-0.07344513,-0.9486627,0,0,0,1.167146,-0.04852572,-2.600431,-0.03038029,0.1369507,0.8770999,0.9951047,-0.05678517,-0.08088218,0.04827823,0.9934566,-0.1035049,0.08623049,0.09909341,0.9913348,moving,-7.566357340930014,10.667867723204624,-1.983772642360869,8.874527224142138,0.05201300000000009,0.22469448000000003,0.8577820000000003,-0.1294370462834133,0.1835582607070297,0.9744497777461725,-7.702247850643817,10.901078151661348,5.761055145579262,5.863558822274748,6.06694876932183
05/17/2023 16:15:38.467566,1887,True,True,True,True,Eyes,1.122404,-0.2689673,-3.451386,-0.03244745,0.284594,0.9580989,0.0,0.0,0.0,0.0,0.0,0.0,0.0,-1.410113,-0.139026,3.357048,1.115267,-0.2732591,-3.458183,-0.050426,0.04262574,-0.02675739,0.9974589,354.3579,5.05779,356.6774,0.3077146,-0.07348739,-0.948636,0,0,0,1.170496,-0.05083566,-2.600821,-0.02847233,0.1354816,0.8765994,0.9949342,-0.05767768,-0.08233632,0.0490799,0.9934825,-0.1028769,0.08773339,0.09831464,0.9912806,moving,-7.456033895375676,10.607781347361852,-1.86033783154869,8.785754975788095,0.05522899999999997,0.22242343999999997,0.8573620000000002,-0.1275841338478644,0.1825804622366845,0.9748778116402288,-7.591466694414887,10.839851718483034,5.783806454302424,5.884861471389031,6.088115592786322
05/17/2023 16:15:38.477627,1888,True,True,True,True,Eyes,1.122571,-0.2691024,-3.451281,-0.02907368,0.2829519,0.9586933,0.0,0.0,0.0,0.0,0.0,0.0,0.0,-1.414699,-0.1364353,3.355119,1.115399,-0.2734529,-3.458022,-0.04999732,0.04327558,-0.02695668,0.9974473,354.4102,5.13203,356.6531,0.3077847,-0.07352936,-0.94861,0,0,0,1.174117,-0.05333307,-2.601242,-0.02603325,0.1341492,0.8759568,0.9948011,-0.05810306,-0.08363469,0.0494484,0.9935472,-0.1020725,0.08902574,0.09740623,0.991255,moving,-7.335042724382499,10.561004343701157,-1.7023173131653775,8.706964699809957,0.05871800000000005,0.22011983,0.8567800000000001,-0.1255428974705217,0.18183221596997368,0.9752824853227897,-7.4701098969277036,10.792055821463704,5.829951934360351,5.930013369233774,6.133109837179093
05/17/2023 16:15:38.497366,1889,True,True,True,True,Eyes,1.122751,-0.2692378,-3.451175,-0.02579828,0.2812862,0.959277,0.0,0.0,0.0,0.0,0.0,0.0,0.0,-1.418522,-0.1344131,3.353711,1.115555,-0.2734503,-3.458094,-0.04961081,0.04380794,-0.02718106,0.9974372,354.4574,5.193031,356.6265,0.3078527,-0.07357093,-0.9485847,0,0,0,1.177143,-0.0554195,-2.601593,-0.02404991,0.1329018,0.875604,0.9946841,-0.05856949,-0.08469438,0.0498761,0.9935999,-0.1013488,0.09008828,0.09658583,0.9912393,moving,-7.206909922629148,10.507899818209518,-1.5733276447578688,8.63064965005214,0.061587999999999976,0.21803079999999997,0.8565010000000002,-0.12338129533656375,0.18097764228885246,0.9757171666231141,-7.341564454411538,10.73782909660403,5.839669345982496,5.93812407039397,6.141071658286871
05/17/2023 16:15:38.517522,1890,True,True,True,True,Eyes,1.122934,-0.2693727,-3.451074,-0.02259976,0.2796351,0.9598403,0.0,0.0,0.0,0.0,0.0,0.0,0.0,-1.422551,-0.1318751,3.352019,1.115745,-0.2735555,-3.457941,-0.04915018,0.0443655,-0.02745032,0.997428,354.5135,5.256863,356.595,0.3079191,-0.07361213,-0.94856,0,0,0,1.180493,-0.05772921,-2.601983,-0.02180961,0.131712,0.8749935,0.9945563,-0.05912058,-0.0858044,0.05039829,0.9936615,-0.1004832,0.09120116,0.09561184,0.9912319,moving,-7.087733970774043,10.46404111067196,-1.4278276575084665,8.56041244119555,0.06474800000000003,0.21582629,0.8559579999999998,-0.12136743567215427,0.180275805478519,0.9760996462070838,-7.222044167640671,10.692993608364374,5.874109901677912,5.971460590692703,6.174208240807217
05/17/2023 16:15:38.527683,1891,True,True,True,True,Eyes,1.123132,-0.2695074,-3.450973,-0.01941525,0.2779194,0.9604082,0.0,0.0,0.0,0.0,0.0,0.0,0.0,-1.42718,-0.1283086,3.350264,1.11596,-0.2736587,-3.457936,-0.04852964,0.04500262,-0.02773402,0.997422,354.5882,5.329257,356.5625,0.3079842,-0.07365298,-0.9485357,0,0,0,1.184085,-0.06020643,-2.6024,-0.01949794,0.1306308,0.8744716,0.9944112,-0.05969297,-0.08708137,0.05095712,0.9937514,-0.09930525,0.09246504,0.09431283,0.9912392,moving,-6.979308300727997,10.434909177316715,-1.277302312254089,8.496163833550254,0.06812499999999999,0.21345226999999997,0.8555360000000003,-0.11953021089367696,0.1798198706116976,0.9764104660812827,-7.113382028915734,10.663103359899655,5.925865284782963,6.022591286196369,6.225387808810375
05/17/2023 16:15:38.547483,1892,True,True,True,True,Eyes,1.12333,-0.2696407,-3.450872,-0.01629174,0.2762385,0.960951,0.0,0.0,0.0,0.0,0.0,0.0,0.0,-1.432504,-0.1247347,3.34805,1.116192,-0.2737487,-3.45778,-0.04794594,0.04574522,-0.0279123,0.9974115,354.6586,5.413324,356.5413,0.3080485,-0.07369349,-0.9485117,0,0,0,1.187089,-0.06227766,-2.602749,-0.01794835,0.1298441,0.8738661,0.9942566,-0.06006669,-0.08857703,0.0512935,0.9938442,-0.09819737,0.09393016,0.09308995,0.9912171,moving,-6.88357416842974,10.404670359728662,-1.1766335084860915,8.45150494390961,0.07089699999999999,0.21147104,0.8550309999999999,-0.11790908733161903,0.17933952480120502,0.976695825753433,-7.01740689709462,10.632140322739854,5.936205438878448,6.031917343404969,6.234565296192164
05/17/2023 16:15:38.567138,1893,True,True,True,True,Eyes,1.123523,-0.2697744,-3.450774,-0.01307374,0.2744929,0.9615003,0.0,0.0,0.0,0.0,0.0,0.0,0.0,-1.438123,-0.1226619,3.345675,1.116346,-0.2738325,-3.457683,-0.04756423,0.04654804,-0.02813172,0.9973865,354.7063,5.505314,356.514,0.3081119,-0.07373367,-0.9484879,0,0,0,1.190529,-0.06464937,-2.603149,-0.01598062,0.1284239,0.8733498,0.9940837,-0.06054443,-0.09017663,0.05168834,0.9938925,-0.09749879,0.09552888,0.09226088,0.9911419,moving,-6.789187308346436,10.34732630247687,-1.0482854763781047,8.365250763663447,0.07418299999999989,0.20918313,0.8545339999999997,-0.11632025277198965,0.17839558328344274,0.9770592184653436,-6.922586104273616,10.57374903354528,5.978886075081051,6.0734320845679886,6.27573680733702
05/17/2023 16:15:38.577463,1894,True,True,True,True,Eyes,1.123717,-0.2699048,-3.450677,-0.009911573,0.2727736,0.9620273,0.0,0.0,0.0,0.0,0.0,0.0,0.0,-1.443113,-0.1196019,3.34366,1.116529,-0.273953,-3.457637,-0.04701803,0.04724684,-0.02841683,0.9973713,354.7729,5.584993,356.4808,0.3081745,-0.07377355,-0.9484645,0,0,0,1.19368,-0.06682247,-2.603515,-0.01419327,0.1275101,0.8728794,0.9939204,-0.06112716,-0.09157308,0.05224136,0.9939636,-0.09647407,0.09691748,0.09110366,0.9911141,moving,-6.688813019894545,10.310242947635505,-0.9315637525438204,8.310975240489078,0.07715099999999997,0.20713053,0.8541220000000003,-0.11462099493892045,0.17779853082409502,0.97736887204248,-6.821920777874803,10.535841256295468,6.001006155336068,6.094504942261429,6.296533544273092
05/17/2023 16:15:38.597740,1895,True,True,True,True,Eyes,1.123905,-0.2700351,-3.450577,-0.006551469,0.2709805,0.9625626,0.0,0.0,0.0,0.0,0.0,0.0,0.0,-1.449219,-0.1170452,3.341052,1.116712,-0.2739844,-3.45752,-0.04651394,0.0481149,-0.02874699,0.9973441,354.8356,5.684501,356.4414,0.3082364,-0.07381307,-0.9484413,0,0,0,1.19708,-0.06916711,-2.603911,-0.01243895,0.1262813,0.8723285,0.9937171,-0.0618173,-0.09329994,0.05286525,0.9940201,-0.0955471,0.09864847,0.09001447,0.9910428,moving,-6.596900854572311,10.264136216372608,-0.8169526014906165,8.237113638387392,0.080368,0.20481729,0.8536090000000001,-0.11306861152509479,0.1770436596840677,0.9776866285771365,-6.7296554699410835,10.488832558494078,6.032689857305974,6.125081414966169,6.326949763175681
05/17/2023 16:15:38.617450,1896,True,True,True,True,Eyes,1.124095,-0.2701648,-3.450477,-0.003237891,0.2692182,0.9630738,0.0,0.0,0.0,0.0,0.0,0.0,0.0,-1.455645,-0.1143331,3.338288,1.116954,-0.274093,-3.457373,-0.04602026,0.0490233,-0.02901544,0.9973149,354.8969,5.788332,356.4089,0.3082974,-0.07385228,-0.9484184,0,0,0,1.200275,-0.07137011,-2.604282,-0.01100662,0.1252342,0.8717787,0.9935097,-0.06238719,-0.09511273,0.05336293,0.9940805,-0.09463825,0.1004539,0.08894852,0.9909577,moving,-6.510740513929327,10.21932620759501,-0.7233479869749382,8.17482162535479,0.08332099999999998,0.20272289,0.853091,-0.1116132243108025,0.176308162681964,0.9779867009967285,-6.643152757614454,10.443157800876262,6.046726941546981,6.1379077255892955,6.3395139819757285
05/17/2023 16:15:38.627480,1897,True,True,True,True,Eyes,1.124256,-0.2702962,-3.450373,0.0003354788,0.2674017,0.9635851,0.0,0.0,0.0,0.0,0.0,0.0,0.0,-1.463003,-0.1121071,3.335104,1.11716,-0.2741921,-3.457259,-0.04555821,0.05007665,-0.02937717,0.9972733,354.9557,5.909397,356.3649,0.3083578,-0.07389119,-0.9483958,0,0,0,1.2036,-0.07366271,-2.604669,-0.009682029,0.1240397,0.8712716,0.9932587,-0.06315694,-0.09720345,0.05403133,0.9941229,-0.09381017,0.1025569,0.08792572,0.9908335,moving,-6.428056089945976,10.16769084404006,-0.636674678613982,8.102538801062291,0.08644000000000007,0.20052938999999997,0.8525900000000002,-0.11021884029242887,0.17545419054079353,0.97829834964452,-6.560078210563218,10.390588088403346,6.058743975279769,6.148573136276172,6.3499510977337925
05/17/2023 16:15:38.647127,1898,True,True,True,True,Eyes,1.124421,-0.2704267,-3.450272,0.003859079,0.2655948,0.964077,0.0,0.0,0.0,0.0,0.0,0.0,0.0,-1.470757,-0.1088629,3.33173,1.117363,-0.2743655,-3.457113,-0.04497615,0.05118746,-0.02968658,0.997234,355.0283,6.036257,356.3275,0.3084169,-0.07392989,-0.9483736,0,0,0,1.206893,-0.07593362,-2.605051,-0.008472294,0.1231458,0.8707252,0.9929971,-0.06381337,-0.09942138,0.05460451,0.9941917,-0.09274264,0.1047621,0.08666433,0.990714,moving,-6.354010388532572,10.130991007358782,-0.5574794096327683,8.049896710077073,0.08952999999999989,0.19843188,0.8520620000000001,-0.10896630925200901,0.1748518073163227,0.9785464430127878,-6.485751181524894,10.353166993404706,6.0699906352864526,6.158792484206914,6.359989009383048
05/17/2023 16:15:38.667564,1899,True,True,True,True,Eyes,1.124533,-0.2705522,-3.450162,0.007618857,0.263707,0.9645727,0.0,0.0,0.0,0.0,0.0,0.0,0.0,-1.478633,-0.1048624,3.328378,1.117574,-0.2744534,-3.457044,-0.04423879,0.05231015,-0.03007224,0.9971973,355.1192,6.164141,356.2824,0.308475,-0.07396839,-0.9483517,0,0,0,1.210471,-0.07840032,-2.605467,-0.007022671,0.1222591,0.8702032,0.9927186,-0.06460418,-0.1016663,0.05534763,0.9942772,-0.09137576,0.1069878,0.08508343,0.9906132,moving,-6.269952801768469,10.107681091772704,-0.4623755399521286,7.997418349431631,0.09289700000000001,0.19605308000000002,0.8515769999999998,-0.10753776753579622,0.1744809835102349,0.978770625510898,-6.401505099475039,10.329260412533037,6.091120999243485,6.179090749752674,6.380497420424823
05/17/2023 16:15:38.677386,1900,True,True,True,True,Eyes,1.124651,-0.2706826,-3.450054,0.01133419,0.261851,0.9650418,0.0,0.0,0.0,0.0,0.0,0.0,0.0,-1.486884,-0.101187,3.324718,1.117773,-0.2744942,-3.456885,-0.04352868,0.05349414,-0.03049053,0.9971529,355.2075,6.299273,356.2333,0.3085308,-0.0740066,-0.9483306,0,0,0,1.213653,-0.08059471,-2.605837,-0.00607387,0.1215327,0.8696347,0.9924174,-0.06546449,-0.1040293,0.05615038,0.9943511,-0.09007165,0.1093381,0.08354738,0.9904872,moving,-6.196254642717967,10.083143642956353,-0.40016970077148173,7.955642141969583,0.09588000000000019,0.19389949,0.851048,-0.10628627669478635,0.17408537456456136,0.9789778320065639,-6.3276124360726795,10.304150206930155,6.087243881705198,6.1742095276205,6.375740546121666
05/17/2023 16:15:38.697620,1901,True,True,True,True,Eyes,1.124732,-0.2708173,-3.449939,0.01522681,0.259932,0.9655069,0.0,0.0,0.0,0.0,0.0,0.0,0.0,-1.495869,-0.0986793,3.320762,1.118024,-0.2747249,-3.456787,-0.04305134,0.05478727,-0.03081091,0.9970937,355.2691,6.44743,356.1935,0.3085848,-0.0740447,-0.9483101,0,0,0,1.216977,-0.08288676,-2.606223,-0.00519295,0.1204815,0.8692002,0.9920981,-0.06616006,-0.1066032,0.0567254,0.9943946,-0.08922851,0.111909,0.08247633,0.9902899,moving,-6.120969686206333,10.029251490368445,-0.3423038539233038,7.891592736572168,0.09895300000000007,0.19183814,0.8505639999999999,-0.10501670821932658,0.17318796519312102,0.9792739626996265,-6.251923223498788,10.249324080608908,6.075951977998548,6.161376773812584,6.3625858095522005
05/17/2023 16:15:38.717691,1902,True,True,True,True,Eyes,1.124819,-0.2709487,-3.449825,0.01907353,0.2580098,0.965954,0.0,0.0,0.0,0.0,0.0,0.0,0.0,-1.505766,-0.09426104,3.316317,1.118232,-0.2749871,-3.456604,-0.04232697,0.05622014,-0.0310507,0.9970375,355.359,6.610151,356.1643,0.3086362,-0.07408284,-0.9482903,0,0,0,1.220261,-0.08515121,-2.606605,-0.00452631,0.1199112,0.8686467,0.9917503,-0.06667668,-0.1094786,0.05715818,0.9944886,-0.0878945,0.1147357,0.08091179,0.9900954,moving,-6.063282888392988,10.00410281575876,-0.29855188837751145,7.859647657005665,0.10202900000000015,0.18983588999999998,0.849999,-0.1040383363022219,0.1727759744183632,0.9794511084285685,-6.19404180462315,10.223655166571268,6.066162108789513,6.150675688933874,6.351797608381156
05/17/2023 16:15:38.727335,1903,True,True,True,True,Eyes,1.124874,-0.2710719,-3.449703,0.0230579,0.2560466,0.9663894,0.0,0.0,0.0,0.0,0.0,0.0,0.0,-1.515476,-0.08806413,3.312021,1.118472,-0.2750167,-3.456486,-0.04137459,0.05761915,-0.03111139,0.9969957,355.4738,6.767114,356.1576,0.3086855,-0.07412092,-0.9482713,0,0,0,1.223621,-0.08746783,-2.606996,-0.00369408,0.1194363,0.8680935,0.9914242,-0.06680379,-0.1123176,0.05726791,0.9946404,-0.0860858,0.1174665,0.07891535,0.9899364,moving,-5.990132173084591,10.004326268683776,-0.24381465316818704,7.833833933258928,0.10514900000000016,0.18754887,0.8494899999999999,-0.10278728332669498,0.17280239197994182,0.9795785360391773,-6.120873302451386,10.223607591714394,6.0587473452795795,6.142572915142011,6.344354695771831
05/17/2023 16:15:38.747214,1904,True,True,True,True,Eyes,1.124939,-0.2711994,-3.44959,0.02698892,0.2541085,0.9667991,0.0,0.0,0.0,0.0,0.0,0.0,0.0,-1.524178,-0.08556759,3.30797,1.11871,-0.2749718,-3.456296,-0.04092053,0.05888356,-0.03126777,0.9969357,355.5317,6.911202,356.1372,0.3087321,-0.07415876,-0.9482531,0,0,0,1.226944,-0.08975943,-2.607382,-0.002662607,0.118067,0.8675984,0.9911101,-0.06716299,-0.1148472,0.05752481,0.9946957,-0.08527259,0.1199652,0.07790795,0.9897164,moving,-5.905202706609899,9.948407116201935,-0.175836728906248,7.749483874615682,0.10823399999999994,0.18521237,0.8489140000000002,-0.10135189649094793,0.1718717140258573,0.9798917992979268,-6.035522569989621,10.166693842727273,6.054687403282393,6.136847556266678,6.338676690456061
05/17/2023 16:15:38.767462,1905,True,True,True,True,Eyes,1.124965,-0.2713253,-3.449467,0.03107222,0.2520914,0.9672045,0.0,0.0,0.0,0.0,0.0,0.0,0.0,-1.533055,-0.08292712,3.304122,1.119,-0.2751821,-3.456367,-0.04033902,0.06015068,-0.0317776,0.9968676,355.6067,7.056569,356.0773,0.3087765,-0.07419648,-0.9482357,0,0,0,1.230283,-0.09206145,-2.60777,-0.001830019,0.1171724,0.867353,0.9907442,-0.06820895,-0.1173608,0.05850327,0.9947259,-0.08424821,0.1224883,0.07660242,0.9895093,moving,-5.820805221689906,9.901507237466285,-0.12088758503291898,7.6936212306565945,0.11128300000000002,0.18312065,0.8485970000000003,-0.09992211758576482,0.17109443365847948,0.98017466138347,-5.950768277361318,10.118910518178119,6.0320037019874695,6.1125953312598265,6.314232892042399
05/17/2023 16:15:38.777572,1906,True,True,True,True,Eyes,1.124994,-0.2714541,-3.449342,0.03511538,0.2501069,0.9675813,0.0,0.0,0.0,0.0,0.0,0.0,0.0,-1.543423,-0.07853654,3.299253,1.119254,-0.2752984,-3.456136,-0.03946894,0.06164689,-0.03232548,0.9967934,355.7161,7.227047,356.0145,0.3088181,-0.07423409,-0.9482192,0,0,0,1.233658,-0.09438898,-2.608162,-0.001293778,0.1166814,0.8667518,0.9903094,-0.06930991,-0.1203467,0.05957736,0.9947945,-0.08267029,0.1254501,0.07469923,0.9892837,moving,-5.76700751761217,9.88962160262235,-0.08552386504725012,7.667016774251031,0.11440399999999995,0.18090942,0.8479739999999998,-0.09900501411811163,0.17090684593032038,0.9803004542707644,-5.896871562640276,10.106679719188238,6.0209012510026305,6.100756405353514,6.302675411856415
05/17/2023 16:15:38.797700,1907,True,True,True,True,Eyes,1.124953,-0.2715849,-3.449209,0.03923467,0.2480237,0.9679591,0.0,0.0,0.0,0.0,0.0,0.0,0.0,-1.553609,-0.07610342,3.294399,1.119344,-0.2754821,-3.455971,-0.03895804,0.063154,-0.03271522,0.9967064,355.7834,7.399656,355.9673,0.3088571,-0.07427169,-0.9482036,0,0,0,1.237002,-0.09669473,-2.608551,-0.0005946234,0.1156442,0.8663458,0.9898825,-0.07013565,-0.1233429,0.06029423,0.9948239,-0.08179165,0.128441,0.07352727,0.9889877,moving,-5.704284783272006,9.83175812445863,-0.039325412404413236,7.603183277787182,0.11765800000000004,0.17878737,0.8474200000000001,-0.0979485062037834,0.1699345816918795,0.9805754751380245,-5.833719580517602,10.04788121067813,6.009158345764079,6.087553738637321,6.2890024454237095
05/17/2023 16:15:38.817735,1908,True,True,True,True,Eyes,1.124922,-0.2717186,-3.449077,0.04328537,0.2459384,0.9683185,0.0,0.0,0.0,0.0,0.0,0.0,0.0,-1.562284,-0.06987089,3.290385,1.11946,-0.2757365,-3.455868,-0.03791946,0.06441185,-0.03305199,0.9966549,355.9098,7.540886,355.9315,0.3088922,-0.07430938,-0.9481893,0,0,0,1.240356,-0.09900782,-2.608941,0.0005059913,0.1155875,0.8658947,0.9895173,-0.07076777,-0.1258861,0.06099793,0.9949393,-0.0798431,0.1308994,0.07132735,0.9888265,moving,-5.618029058162295,9.835341140951485,0.03348116423445221,7.60341179805118,0.12089600000000011,0.17672868,0.846927,-0.09647074514003393,0.17002056602875154,0.9807071121146397,-5.747466553924612,10.05118482073685,5.998471670584,6.076271585894949,6.277814053528205
05/17/2023 16:15:38.827603,1909,True,True,True,True,Eyes,1.124822,-0.2718501,-3.448931,0.04739326,0.2437661,0.9686754,0.0,0.0,0.0,0.0,0.0,0.0,0.0,-1.570855,-0.06303343,3.286422,1.119671,-0.2759154,-3.455769,-0.03690281,0.06564845,-0.03307698,0.9966116,356.0313,7.678462,355.9317,0.308924,-0.07434724,-0.948176,0,0,0,1.24389,-0.1014446,-2.609352,0.001839936,0.1152672,0.8654497,0.9891924,-0.07077501,-0.1284107,0.06108456,0.9950882,-0.07789844,0.1332933,0.06921263,0.9886569,moving,-5.518063807545175,9.832820126311146,0.12180997757241477,7.586441208369971,0.12421899999999986,0.17447079999999998,0.8464170000000002,-0.09475978864371354,0.17000548307917315,0.9808765372599211,-5.647456841211687,10.048259221290117,5.993779710355006,6.070782038174915,6.272558294273663
05/17/2023 16:15:38.847572,1910,True,True,True,True,Eyes,1.124733,-0.2719891,-3.448793,0.05143731,0.2415644,0.9690205,0.0,0.0,0.0,0.0,0.0,0.0,0.0,-1.580252,-0.05631578,3.281932,1.119941,-0.2760864,-3.455569,-0.03584794,0.06700134,-0.03323151,0.9965547,356.1585,7.82973,355.9172,0.3089512,-0.07438525,-0.9481641,0,0,0,1.246961,-0.103562,-2.609709,0.002401441,0.1153004,0.8649146,0.988813,-0.07103775,-0.1311584,0.06143032,0.9952211,-0.07590199,0.1359235,0.06699576,0.9884515,moving,-5.438276860153566,9.832336555898506,0.1590816948692473,7.593240949063941,0.1270199999999999,0.17252440000000002,0.8458600000000001,-0.09339354915144554,0.1700192358534336,0.9810050917525133,-5.56764530691987,10.04747123302876,5.9524526447826105,6.028596182365586,6.230461334423849
05/17/2023 16:15:38.867777,1911,True,True,True,True,Eyes,1.124566,-0.2721271,-3.448641,0.05557084,0.2392634,0.9693631,0.0,0.0,0.0,0.0,0.0,0.0,0.0,-1.58906,-0.04744673,3.277951,1.120084,-0.2763723,-3.455626,-0.03445266,0.06826618,-0.03347893,0.9965099,356.3252,7.969608,355.8955,0.3089745,-0.07442359,-0.9481535,0,0,0,1.250311,-0.1058719,-2.610098,0.00345441,0.1158672,0.8645869,0.9884378,-0.07142806,-0.133749,0.06202026,0.9953844,-0.07323578,0.1383627,0.06409386,0.9883055,moving,-5.346537047682589,9.865574996320248,0.22892095696836243,7.632987434844202,0.13022699999999987,0.1705004,0.8455280000000003,-0.09181311281782256,0.17061349446481305,0.981051120126104,-5.476118215802579,10.08076866410183,5.929921431266123,6.005845417697988,6.207987186613463
05/17/2023 16:15:38.877645,1912,True,True,True,True,Eyes,1.124421,-0.2722625,-3.448489,0.05964378,0.2369571,0.9696876,0.0,0.0,0.0,0.0,0.0,0.0,0.0,-1.597627,-0.03922695,3.27384,1.120297,-0.2765868,-3.455491,-0.03319276,0.06949663,-0.03360351,0.9964635,356.4752,8.105669,355.8873,0.3089924,-0.07446226,-0.9481446,0,0,0,1.25363,-0.1081604,-2.610484,0.00453715,0.1161444,0.8641017,0.9880821,-0.0715829,-0.1362709,0.06235577,0.9955381,-0.07082139,0.1407325,0.06148007,0.9881369,moving,-5.250848955047464,9.883390387670591,0.3008409276711629,7.655277672985256,0.13333299999999992,0.16842640000000003,0.8450069999999998,-0.09016931979092935,0.17094432657401853,0.981146074908041,-5.3805318151805155,10.098441606816023,5.906700607480993,5.982118924195909,6.184419637345887
05/17/2023 16:15:38.897677,1913,True,True,True,True,Eyes,1.124217,-0.2723934,-3.448328,0.06379572,0.2345839,0.9700003,0.0,0.0,0.0,0.0,0.0,0.0,0.0,-1.606857,-0.03233449,3.269351,1.12065,-0.2766386,-3.455331,-0.0320472,0.0708115,-0.03386001,0.9963997,356.6137,8.252393,355.863,0.3090061,-0.07450116,-0.9481371,0,0,0,1.256976,-0.1104678,-2.610873,0.005348489,0.1160489,0.8636034,0.9876785,-0.07201482,-0.1389429,0.06293759,0.995653,-0.06865898,0.1432834,0.05906827,0.9879174,moving,-5.162658997415468,9.884117728157332,0.35484103993575994,7.653418873148353,0.13632600000000017,0.1661708,0.8444579999999999,-0.08865847018784685,0.17098006351391354,0.981277522199682,-5.292323679506228,10.098847740749754,5.876807479112219,5.951371610302046,6.153908653450145
05/17/2023 16:15:38.918219,1914,True,True,True,True,Eyes,1.124026,-0.2725255,-3.448172,0.06789672,0.2322209,0.9702904,0.0,0.0,0.0,0.0,0.0,0.0,0.0,-1.616599,-0.02638622,3.264599,1.120897,-0.2767445,-3.455242,-0.03101595,0.07222173,-0.03418925,0.9963199,356.7401,8.410792,355.8295,0.3090146,-0.0745402,-0.9481313,0,0,0,1.260287,-0.1127511,-2.611258,0.006034195,0.1158372,0.8632371,0.9872302,-0.07260689,-0.141791,0.0636468,0.9957382,-0.06674203,0.1460327,0.0568652,0.9876441,moving,-5.089577244754903,9.872120116195864,0.40050210451645274,7.642825742336303,0.1393899999999999,0.1639934,0.8439840000000003,-0.08740962763152746,0.17079349562349008,0.9814219837387762,-5.219137008625135,10.086431447883882,5.851736225109058,5.925430335985538,6.127932163963261
05/17/2023 16:15:38.927403,1915,True,True,True,True,Eyes,1.123816,-0.272657,-3.448012,0.07199051,0.2298348,0.9705634,0.0,0.0,0.0,0.0,0.0,0.0,0.0,-1.626267,-0.02113509,3.259867,1.12099,-0.2768861,-3.455234,-0.03005332,0.07364302,-0.03461154,0.9962308,356.8596,8.57101,355.785,0.3090186,-0.07457937,-0.9481269,0,0,0,1.263723,-0.11512,-2.611657,0.006946981,0.1154839,0.8630048,0.9867575,-0.07338859,-0.1446505,0.06453572,0.9957977,-0.06497787,0.1488113,0.05478228,0.9873469,moving,-5.019973384942734,9.851021286327908,0.46120727795247773,7.621816599333782,0.142733,0.16176610000000002,0.8435769999999998,-0.08622252425837355,0.1704497811724287,0.98158674127631,-5.149364250325676,10.064816799725342,5.844264556897359,5.917152608798676,6.119376018274957
05/17/2023 16:15:38.947130,1916,True,True,True,True,Eyes,1.123626,-0.2727857,-3.44785,0.07602584,0.2274667,0.9708136,0.0,0.0,0.0,0.0,0.0,0.0,0.0,-1.635107,-0.01573691,3.255433,1.121197,-0.2770323,-3.455117,-0.02910098,0.07492633,-0.03495944,0.9961511,356.9769,8.715109,355.7497,0.3090182,-0.07461865,-0.948124,0,0,0,1.266915,-0.117321,-2.612028,0.007767722,0.1152669,0.8626666,0.9863278,-0.07401062,-0.1472412,0.06528891,0.9958619,-0.06321672,0.1513106,0.05273919,0.9870783,moving,-4.936207082795196,9.830398717491727,0.5158953175335123,7.610610277242484,0.14571800000000001,0.1597113,0.843089,-0.08479230087901242,0.170117430193851,0.9817690153785865,-5.0654286938011195,10.043631180476911,5.814808787175547,5.886669797358624,6.088576880936642
05/17/2023 16:15:38.967593,1917,True,True,True,True,Eyes,1.123435,-0.2729146,-3.447689,0.08005176,0.2251323,0.971034,0.0,0.0,0.0,0.0,0.0,0.0,0.0,-1.644279,-0.01040001,3.250723,1.121475,-0.2770762,-3.454922,-0.02821133,0.07626109,-0.03513364,0.9960694,357.0857,8.864851,355.7338,0.3090144,-0.07465798,-0.9481222,0,0,0,1.270322,-0.1196701,-2.612424,0.008728758,0.1146805,0.8622685,0.9858997,-0.07429393,-0.1499403,0.06568822,0.9959395,-0.06155953,0.153905,0.05084221,0.9867767,moving,-4.854607973795397,9.80488426451531,0.5799862936724866,7.575798519603139,0.14884699999999995,0.1574061,0.842498,-0.08340008507883559,0.16970021167633714,0.9819603504746194,-4.983626020082042,10.01750258046418,5.803178383070247,5.873979750575025,6.075829219010876
05/17/2023 16:15:38.977796,1918,True,True,True,True,Eyes,1.123262,-0.2730488,-3.447534,0.08402574,0.2228115,0.9712335,0.0,0.0,0.0,0.0,0.0,0.0,0.0,-1.652433,-0.007557601,3.246625,1.121722,-0.2772194,-3.45486,-0.02765976,0.07744958,-0.03542392,0.9959828,357.1564,8.99969,355.7022,0.3090074,-0.07469732,-0.9481214,0,0,0,1.273583,-0.1219187,-2.612803,0.009774342,0.1137229,0.8620975,0.9854934,-0.07484771,-0.1523173,0.06627877,0.9959602,-0.06058444,0.1562365,0.04961017,0.986473,moving,-4.760704471540874,9.741659009370377,0.649583775948767,7.514738349718284,0.1518609999999998,0.1553007,0.842057,-0.08180573052718677,0.16863888132072277,0.9822772272616606,-4.889246773742679,9.953160722154093,5.781545058957864,5.850674708553694,6.051821835165898
05/17/2023 16:15:38.997774,1919,True,True,True,True,Eyes,1.123085,-0.2731792,-3.447374,0.08807641,0.2204992,0.9714025,0.0,0.0,0.0,0.0,0.0,0.0,0.0,-1.661619,-0.003101915,3.242037,1.12194,-0.2774664,-3.454859,-0.02677423,0.07878128,-0.03596438,0.9958832,357.2682,9.150045,355.6449,0.308998,-0.07473682,-0.9481214,0,0,0,1.276922,-0.1242211,-2.613191,0.01058438,0.1134231,0.8619348,0.9850001,-0.07585125,-0.1549881,0.06741402,0.9959794,-0.05899464,0.1588397,0.04766136,0.9861532,moving,-4.685718013145411,9.717522857303365,0.7035448889454227,7.496551985253365,0.15498199999999995,0.1532453,0.8416679999999999,-0.08052564072767858,0.16824270326760996,0.9824511093117976,-4.814068331364231,9.928451849327345,5.760777859356083,5.828967853946962,6.029775501444387
05/17/2023 16:15:39.017504,1920,True,True,True,True,Eyes,1.122923,-0.2733119,-3.447213,0.09207322,0.218224,0.9715456,0.0,0.0,0.0,0.0,0.0,0.0,0.0,-1.671128,-0.0004465878,3.237063,1.122175,-0.2775249,-3.4547,-0.02610595,0.08017353,-0.03655184,0.9957685,357.356,9.308438,355.5803,0.3089863,-0.07477636,-0.9481221,0,0,0,1.280345,-0.1265813,-2.613589,0.01140034,0.1125263,0.8616706,0.9844723,-0.07698035,-0.1577601,0.06860833,0.9959649,-0.05785194,0.161577,0.04612998,0.9857814,moving,-4.620990978463592,9.67070361595533,0.758008057946082,7.440200467227331,0.15817000000000014,0.1509436,0.8411109999999997,-0.07942651964871611,0.16745464089199352,0.9826751325421611,-4.748990275436676,9.880823745547326,5.756108287850584,5.823124155484041,6.023593000075446
05/17/2023 16:15:39.027376,1921,True,True,True,True,Eyes,1.122753,-0.2734445,-3.447049,0.09612475,0.2159557,0.97166,0.0,0.0,0.0,0.0,0.0,0.0,0.0,-1.680064,0.001946211,3.232278,1.122324,-0.2777018,-3.454492,-0.02553475,0.08149806,-0.03704453,0.9956576,357.4317,9.4592,355.5259,0.308973,-0.074816,-0.9481233,0,0,0,1.283739,-0.1289217,-2.613984,0.01241852,0.1116001,0.8614146,0.9839715,-0.07792939,-0.1603964,0.06960525,0.9959514,-0.05688585,0.1641801,0.04480962,0.9854121,moving,-4.542674525752305,9.613934807160891,0.8259431600175177,7.38180716619385,0.16141499999999986,0.1487801,0.8405080000000003,-0.07809606982696682,0.16649847197106843,0.9829441745256612,-4.67024824978652,9.823074802983509,5.748482088573326,5.814159411430823,6.013976029852485
05/17/2023 16:15:39.047335,1922,True,True,True,True,Eyes,1.1226,-0.2735756,-3.446888,0.1001177,0.2137257,0.9717499,0.0,0.0,0.0,0.0,0.0,0.0,0.0,-1.688565,0.005760655,3.22783,1.122542,-0.2778544,-3.454398,-0.02481106,0.08274302,-0.03738474,0.9955604,357.5232,9.599621,355.4909,0.308958,-0.07485572,-0.9481251,0,0,0,1.286876,-0.1310848,-2.614348,0.01325576,0.1110394,0.8612349,0.983512,-0.07854343,-0.1628962,0.07033166,0.9959735,-0.05558848,0.1666064,0.04321516,0.985076,moving,-4.455834260672529,9.57726655133309,0.8818025552800394,7.346641431017109,0.16433399999999998,0.1467696,0.8400499999999997,-0.07661417378840364,0.1658885102145822,0.9831639575357191,-4.583123492535182,9.785637793409817,5.72057568765471,5.784985324648365,5.984489950184073
05/17/2023 16:15:39.067660,1923,True,True,True,True,Eyes,1.122452,-0.2737039,-3.446726,0.1041446,0.2114844,0.971817,0.0,0.0,0.0,0.0,0.0,0.0,0.0,-1.697398,0.008619145,3.223182,1.122791,-0.2779383,-3.454306,-0.02425303,0.08404511,-0.03763786,0.9954554,357.5952,9.747188,355.4643,0.3089419,-0.07489548,-0.9481272,0,0,0,1.290221,-0.1333919,-2.614737,0.01422054,0.1099797,0.8611068,0.9830397,-0.07901032,-0.1655007,0.07085692,0.9959904,-0.05461217,0.169152,0.04195906,0.9846964,moving,-4.3708303269372095,9.521093757725437,0.9461112926574712,7.278355206395171,0.16742999999999997,0.14454640000000002,0.839569,-0.07516755626913213,0.16494274316262542,0.9834346753109915,-4.497696464343592,9.728467054827147,5.707675075749622,5.770593071409652,5.9697647328024335
05/17/2023 16:15:39.087630,1924,True,True,True,True,Eyes,1.122324,-0.2738353,-3.446568,0.1081265,0.2092711,0.9718612,0.0,0.0,0.0,0.0,0.0,0.0,0.0,-1.706076,0.01082103,3.218582,1.123033,-0.2780066,-3.454214,-0.02374285,0.08532456,-0.0380016,0.9953452,357.6628,9.892619,355.4248,0.3089249,-0.07493518,-0.9481296,0,0,0,1.293609,-0.135728,-2.615131,0.01525216,0.1088198,0.8610029,0.9825512,-0.0797011,-0.1680502,0.07159771,0.9959843,-0.0537496,0.1716593,0.04077972,0.984312,moving,-4.288144569539678,9.46139299880439,1.0148548921772917,7.203264421748775,0.17057600000000006,0.1422786,0.839083,-0.07376080107555305,0.1639351985073167,0.9837095711021419,-4.4145630683892225,9.667734326759533,5.7023131436928365,5.763761615601888,5.962565832192209
05/17/2023 16:15:39.097662,1925,True,True,True,True,Eyes,1.122212,-0.273964,-3.446409,0.1123477,0.2070016,0.9718684,0.0,0.0,0.0,0.0,0.0,0.0,0.0,-1.715787,0.01314102,3.213449,1.123359,-0.278205,-3.454131,-0.02311257,0.08673845,-0.03863498,0.9952134,357.7476,10.05348,355.3556,0.3089077,-0.0749749,-0.948132,0,0,0,1.296944,-0.1380274,-2.615519,0.01582704,0.1080621,0.8608856,0.9819676,-0.08090959,-0.1708606,0.07289059,0.9959463,-0.05270614,0.1744325,0.03930159,0.9838845,moving,-4.213013568973043,9.413494958956033,1.0532415086811382,7.15459492724401,0.1735850000000001,0.14017759999999999,0.8386119999999999,-0.07248064176372963,0.1631281266651303,0.98393883238576,-4.3390705971624355,9.618975435852951,5.670202190973154,5.730276773087581,5.928760506044988
05/17/2023 16:15:39.117684,1926,True,True,True,True,Eyes,1.122121,-0.2740907,-3.446252,0.1165955,0.2047694,0.971841,0.0,0.0,0.0,0.0,0.0,0.0,0.0,-1.728435,0.01410957,3.206703,1.123774,-0.2782695,-3.454031,-0.02256326,0.08859641,-0.03946386,0.9950299,357.8274,10.26616,355.2624,0.3088906,-0.07501455,-0.9481345,0,0,0,1.30032,-0.1403555,-2.615911,0.01556402,0.1070092,0.860779,0.9811865,-0.08253347,-0.1745313,0.07453737,0.995867,-0.05189494,0.178093,0.03790951,0.9832832,moving,-4.191056689459841,9.358048563677926,1.0358704102470555,7.08646490865748,0.17654599999999987,0.137914,0.83812,-0.0721149953737623,0.16218018830093617,0.9841224319374724,-4.316712506706711,9.562775811192592,5.640376792975829,5.699198119683715,5.8976486474593885
05/17/2023 16:15:39.127335,1927,True,True,True,True,Eyes,1.122038,-0.2742251,-3.446095,0.1210771,0.2024344,0.9717822,0.0,0.0,0.0,0.0,0.0,0.0,0.0,-1.744354,0.01391993,3.19808,1.124132,-0.2783453,-3.453916,-0.02211385,0.09097654,-0.04042049,0.9947867,357.9001,10.5396,355.1527,0.3088741,-0.07505407,-0.9481367,0,0,0,1.303728,-0.142705,-2.616307,0.0144686,0.1057721,0.8607235,0.9801789,-0.08444322,-0.1792168,0.07639585,0.9957544,-0.05135176,0.1827922,0.0366425,0.9824685,moving,-4.217053326220817,9.285118374666895,0.9630405655481256,7.0058064299059435,0.1795960000000001,0.13564030000000002,0.837609,-0.07257665838896014,0.16092199622902012,0.9842950444208124,-4.342195958513953,9.489060230498994,5.601793965640402,5.65938474297974,5.857651749157004
05/17/2023 16:15:39.147403,1928,True,True,True,True,Eyes,1.12197,-0.2743585,-3.44594,0.1255687,0.2001219,0.9716911,0.0,0.0,0.0,0.0,0.0,0.0,0.0,-1.760959,0.01656453,3.189012,1.124417,-0.2786673,-3.453851,-0.02145853,0.09348159,-0.04094007,0.9945474,357.9926,10.82536,355.0953,0.3088583,-0.07509368,-0.9481387,0,0,0,1.306788,-0.1448156,-2.616663,0.01293719,0.1052575,0.8607047,0.9791702,-0.08544564,-0.1841867,0.07742173,0.9957269,-0.05033733,0.1877008,0.03502876,0.9816014,moving,-4.248032453434148,9.2362561575525,0.8611438631160242,6.972209008466678,0.18237100000000006,0.13385170000000002,0.8371879999999998,-0.07311902740836752,0.16007615572219555,0.9843927566264229,-4.372834851918281,9.439722560278641,5.531712486388849,5.588344309979551,5.786463195926147
05/17/2023 16:15:39.167565,1929,True,True,True,True,Eyes,1.121903,-0.2744924,-3.445788,0.1301876,0.1977371,0.9715716,0.0,0.0,0.0,0.0,0.0,0.0,0.0,-1.77669,0.01969461,3.180227,1.124659,-0.2787623,-3.453736,-0.02073172,0.09586655,-0.0413815,0.9943176,358.0921,11.09674,355.0483,0.3088437,-0.07513332,-0.9481403,0,0,0,1.310107,-0.1471042,-2.617049,0.0119731,0.1044847,0.8606447,0.9781944,-0.08626764,-0.1889278,0.07831773,0.9957155,-0.04916202,0.1923594,0.03329362,0.9807596,moving,-4.256081101396472,9.192432449057694,0.797034881756664,6.921995321377449,0.18544799999999984,0.13165810000000003,0.836687,-0.07326638087846891,0.15932147319519868,0.9845043684253578,-4.380573121045623,9.395398573038593,5.4841182152834484,5.539753233669042,5.738061369139425
05/17/2023 16:15:39.177473,1930,True,True,True,True,Eyes,1.121853,-0.2746273,-3.445638,0.1348019,0.1953664,0.9714218,0.0,0.0,0.0,0.0,0.0,0.0,0.0,-1.791549,0.02412885,3.172029,1.12497,-0.2789153,-3.453787,-0.0198401,0.09809937,-0.04177131,0.9941018,358.2092,11.34961,355.0098,0.3088299,-0.07517301,-0.9481416,0,0,0,1.31347,-0.1494225,-2.61744,0.01121925,0.1040151,0.8607161,0.9772633,-0.08694246,-0.193384,0.07915726,0.9957231,-0.04764163,0.196699,0.03125067,0.9799658,moving,-4.246473997863811,9.169034252185694,0.7467959202924248,6.890618510140879,0.1884999999999999,0.12949279999999996,0.836347,-0.07310606940665389,0.15892126701406184,0.9845808395019501,-4.370796617369531,9.37168123841273,5.433760849428094,5.4885264661074205,5.6873038993140765
05/17/2023 16:15:39.197662,1931,True,True,True,True,Eyes,1.12183,-0.2747629,-3.445494,0.1394583,0.1929352,0.9712504,0.0,0.0,0.0,0.0,0.0,0.0,0.0,-1.806633,0.0279423,3.163469,1.125288,-0.2790619,-3.453706,-0.01899146,0.1003742,-0.04226257,0.9938704,358.3229,11.60768,354.9597,0.3088174,-0.07521274,-0.9481425,0,0,0,1.316808,-0.1517243,-2.617827,0.01036277,0.1035034,0.8606789,0.9762778,-0.08781952,-0.1979126,0.08019451,0.9957064,-0.04623424,0.2011231,0.02926596,0.9791287,moving,-4.240869908865288,9.137801463053801,0.6898209035876555,6.857337353466218,0.1915199999999999,0.12733759999999997,0.8358789999999998,-0.07301613480188751,0.1583855840952952,0.9846738542012149,-4.364968319518289,9.340049469094616,5.378676879107132,5.432515848400716,5.6315853486488185
05/17/2023 16:15:39.217749,1932,True,True,True,True,Eyes,1.121823,-0.2749006,-3.445354,0.1441029,0.1905063,0.9710518,0.0,0.0,0.0,0.0,0.0,0.0,0.0,-1.821449,0.03214331,3.154987,1.125604,-0.27917,-3.453655,-0.01807035,0.1026087,-0.0427663,0.9936377,358.4451,11.8607,354.9095,0.3088067,-0.0752525,-0.9481428,0,0,0,1.320135,-0.1540188,-2.618214,0.009557858,0.1030897,0.860667,0.9752849,-0.08869676,-0.2023661,0.08128007,0.995689,-0.04468715,0.2054573,0.02713438,0.9782898,moving,-4.231750699748651,9.115506916749604,0.6362535269941736,6.830281766851771,0.194531,0.12515119999999996,0.8354409999999999,-0.07286391996599886,0.158004181822642,0.9847463745072059,-4.355687709761337,9.31745096820228,5.324711633292198,5.3777057503466645,5.57722941498435
05/17/2023 16:15:39.227619,1933,True,True,True,True,Eyes,1.121854,-0.2750399,-3.445224,0.1486886,0.1880509,0.9708391,0.0,0.0,0.0,0.0,0.0,0.0,0.0,-1.83612,0.03697653,3.146521,1.125926,-0.279341,-3.453629,-0.01705358,0.1048183,-0.04328405,0.9934027,358.5785,12.11031,354.8594,0.3087979,-0.07529235,-0.9481425,0,0,0,1.323775,-0.1565284,-2.618637,0.009101823,0.1027201,0.8607,0.9742792,-0.08957203,-0.2067773,0.08242193,0.9956713,-0.04295606,0.2097299,0.02480822,0.9774446,moving,-4.2236547353942235,9.102875533266662,0.6058749920716615,6.805765270460027,0.19784899999999994,0.1228126,0.8349919999999997,-0.07272731532620072,0.15778866727628874,0.9847910808563386,-4.347499524836105,9.304636412115222,5.295561558911615,5.3479970968548844,5.547997484439623
05/17/2023 16:15:39.247454,1934,True,True,True,True,Eyes,1.121898,-0.2751823,-3.445098,0.1532514,0.1856153,0.9705982,0.0,0.0,0.0,0.0,0.0,0.0,0.0,-1.850391,0.04023214,3.138278,1.126282,-0.2794495,-3.453658,-0.01628074,0.1069747,-0.04376051,0.993165,358.6834,12.35501,354.8116,0.3087917,-0.07533225,-0.9481413,0,0,0,1.326825,-0.1586318,-2.618992,0.00809598,0.1022175,0.8607947,0.9732829,-0.09040606,-0.2110621,0.08343954,0.9956399,-0.04170144,0.213912,0.02297638,0.9765827,moving,-4.2088240745703,9.063686506652134,0.5388646190893494,6.772037185884039,0.20054299999999992,0.12081770000000003,0.8346659999999999,-0.07248025135477146,0.15711788064937598,0.9849164846742523,-4.3323854739795715,9.264917585094668,5.220558639194092,5.271831232245636,5.4720681788508925
05/17/2023 16:15:39.267566,1935,True,True,True,True,Eyes,1.121951,-0.2753214,-3.444974,0.1577646,0.183155,0.9703425,0.0,0.0,0.0,0.0,0.0,0.0,0.0,-1.86383,0.04390678,3.130338,1.126574,-0.2796523,-3.453612,-0.01546607,0.1090134,-0.04422557,0.9929357,358.7926,12.58589,354.7663,0.3087881,-0.07537229,-0.9481393,0,0,0,1.330195,-0.1609554,-2.619384,0.00770238,0.1017065,0.8608621,0.9723204,-0.0911983,-0.2151185,0.08445426,0.9956098,-0.04035598,0.2178545,0.02107127,0.9757538,moving,-4.183060299301652,9.028368053652027,0.5126280858074208,6.737972154286928,0.20362100000000005,0.11869690000000002,0.834228,-0.07204434188447709,0.15651568873366425,0.9850443859679973,-4.306363013537172,9.229075265074815,5.174173563856973,5.224500242690847,5.424782937974523
05/17/2023 16:15:39.277431,1936,True,True,True,True,Eyes,1.122016,-0.2754611,-3.444851,0.1622446,0.1807333,0.9700578,0.0,0.0,0.0,0.0,0.0,0.0,0.0,-1.876173,0.04666272,3.123047,1.126936,-0.2797003,-3.453608,-0.01475167,0.1108745,-0.0447283,0.9927179,358.8901,12.79688,354.7159,0.3087872,-0.07541233,-0.9481364,0,0,0,1.333469,-0.1632127,-2.619764,0.007445678,0.1009439,0.8609734,0.9714124,-0.09207632,-0.2188145,0.08553399,0.9955636,-0.03920695,0.2214538,0.01937004,0.9749784,moving,-4.139133690137964,8.984853627677325,0.49548022106138395,6.687053157356645,0.20653300000000008,0.11648760000000002,0.833844,-0.07129756319283037,0.15577591082651274,0.985215963323689,-4.262114460896094,9.184869810581635,5.123867921760812,5.172961734566423,5.373434208299025
05/17/2023 16:15:39.297856,1937,True,True,True,True,Eyes,1.1221,-0.2755995,-3.444733,0.1666082,0.1782837,0.9697715,0.0,0.0,0.0,0.0,0.0,0.0,0.0,-1.888347,0.04819024,3.115675,1.127234,-0.2798465,-3.453496,-0.01419472,0.1127281,-0.04532098,0.9924904,358.971,13.00794,354.6536,0.3087888,-0.0754524,-0.9481328,0,0,0,1.336802,-0.1655113,-2.620152,0.007329851,0.1000063,0.8610456,0.9704768,-0.09316155,-0.2224765,0.08676098,0.9954891,-0.03839413,0.2250497,0.01795833,0.9741818,moving,-4.101997843997128,8.921945524422691,0.4877318722846756,6.624945768629408,0.20956799999999998,0.1143352,0.8333439999999999,-0.07067107609967119,0.1547010226742116,0.9854305276333017,-4.224520172162481,9.121061368956392,5.084561713374545,5.132428932448519,5.332533396106595
05/17/2023 16:15:39.317702,1938,True,True,True,True,Eyes,1.122194,-0.2757374,-3.444617,0.1709292,0.1758628,0.9694614,0.0,0.0,0.0,0.0,0.0,0.0,0.0,-1.899469,0.05051552,3.108961,1.127555,-0.2799155,-3.453468,-0.01350741,0.1144062,-0.04591563,0.9922805,359.066,13.198,354.5933,0.3087932,-0.07549243,-0.9481281,0,0,0,1.340307,-0.1679277,-2.620559,0.007658467,0.09912583,0.8611951,0.969606,-0.09421301,-0.2258057,0.08803169,0.9954185,-0.03731234,0.2282865,0.01630021,0.9734575,moving,-4.04763142379312,8.876617044461584,0.5095085539932379,6.56600044134875,0.21275199999999983,0.11198779999999997,0.8329089999999999,-0.06974447304707149,0.15393141646921282,0.9856169384855397,-4.169816106390037,9.074980838941736,5.062663429571672,5.109449467772368,5.30952558264643
05/17/2023 16:15:39.327567,1939,True,True,True,True,Eyes,1.122296,-0.2758751,-3.444501,0.175197,0.1734518,0.9691339,0.0,0.0,0.0,0.0,0.0,0.0,0.0,-1.910507,0.05320239,3.102191,1.127842,-0.2800297,-3.453406,-0.01280917,0.1160822,-0.04642556,0.9920713,359.1613,13.38763,354.543,0.3088004,-0.0755324,-0.9481226,0,0,0,1.343435,-0.1700848,-2.620923,0.007647708,0.09852241,0.8612961,0.9687392,-0.09508877,-0.2291344,0.08914111,0.9953611,-0.03619359,0.2315131,0.01463685,0.9727217,moving,-3.994292382745676,8.832839849440255,0.5087331478617385,6.525617640051495,0.21559299999999992,0.10994489999999998,0.8324830000000003,-0.06883494201279648,0.15318801370027008,0.9857967412596323,-4.116150754331904,9.030474213506485,5.0140438510099905,5.059694976260816,5.259644242945578
05/17/2023 16:15:39.347610,1940,True,True,True,True,Eyes,1.122405,-0.2760148,-3.444388,0.179399,0.171053,0.9687915,0.0,0.0,0.0,0.0,0.0,0.0,0.0,-1.920438,0.05394993,3.095987,1.127996,-0.2801386,-3.4533,-0.01241738,0.1176199,-0.04691763,0.9918721,359.221,13.56301,354.491,0.3088103,-0.0755723,-0.9481162,0,0,0,1.346769,-0.1723838,-2.62131,0.008255929,0.09729308,0.861478,0.9679286,-0.09599362,-0.2321626,0.0901515,0.9952891,-0.03566979,0.234493,0.013596,0.9720227,moving,-3.927034667753135,8.755183720359108,0.5490742735714778,6.44353312412003,0.2187730000000001,0.10775480000000001,0.8319900000000002,-0.06769169903497631,0.15186368066563116,0.9860808064548742,-4.0483214467126825,8.951626534179733,4.993502329979308,5.037785201226689,5.237039236292966
05/17/2023 16:15:39.367301,1941,True,True,True,True,Eyes,1.122522,-0.2761449,-3.444272,0.1835931,0.1686327,0.9684299,0.0,0.0,0.0,0.0,0.0,0.0,0.0,-1.92931,0.0576647,3.09044,1.128233,-0.2803107,-3.453245,-0.0115339,0.1189484,-0.04752925,0.9916952,359.3371,13.71151,354.4324,0.3088226,-0.07561219,-0.948109,0,0,0,1.35011,-0.1746874,-2.621698,0.009081036,0.09700032,0.8616053,0.9671845,-0.09701293,-0.2348247,0.09152517,0.9952159,-0.03418327,0.2370175,0.01156916,0.9714365,moving,-3.84030207449312,8.734637490990705,0.6038562805055154,6.4233652917689845,0.22187699999999988,0.10562330000000003,0.831547,-0.06620239483023194,0.1515252215951666,0.9862338643700022,-3.961419357579818,8.930507078380822,4.965849804869163,5.009243721680887,5.208406818775838
05/17/2023 16:15:39.377767,1942,True,True,True,True,Eyes,1.122648,-0.2762706,-3.444157,0.1877561,0.1662811,0.9680384,0.0,0.0,0.0,0.0,0.0,0.0,0.0,-1.939784,0.05884299,3.083824,1.128662,-0.2802034,-3.453086,-0.01093834,0.1205248,-0.04822345,0.991478,359.4232,13.89023,354.3606,0.3088376,-0.0756518,-0.948101,0,0,0,1.353486,-0.1770157,-2.622091,0.009380132,0.09590495,0.8616616,0.9662965,-0.09826165,-0.2379404,0.09298829,0.9951097,-0.0333145,0.2400504,0.01006601,0.9707083,moving,-3.784269676590584,8.684829962808731,0.623702792549396,6.35101435416596,0.2248239999999999,0.1031877,0.8309949999999997,-0.06524643706008967,0.15067735021282957,0.9864275643770221,-3.9050169321919013,8.879887056218848,4.945430169363961,4.987676471448468,5.186954741314905
05/17/2023 16:15:39.402098,1943,True,True,True,True,Eyes,1.122778,-0.2763965,-3.444036,0.1918815,0.1639549,0.9676261,0.0,0.0,0.0,0.0,0.0,0.0,0.0,-1.951139,0.05937482,3.076681,1.128958,-0.2802215,-3.453023,-0.01071578,0.1222981,-0.0483572,0.9912568,359.4605,14.09349,354.3475,0.308855,-0.07569104,-0.9480922,0,0,0,1.356773,-0.1792825,-2.622473,0.009481132,0.09421891,0.8619366,0.9654095,-0.09848984,-0.2414213,0.09324777,0.9950935,-0.03307216,0.243494,0.009416182,0.9698567,moving,-3.7405076970682907,8.589409080752956,0.6302168172869104,6.238274865227921,0.2278150000000001,0.100939,0.8305500000000001,-0.06450916594245744,0.14904148767270078,0.9867244757981768,-3.8605629027132733,8.783147539408045,4.9222159773489675,4.962969361158502,5.161732211317594
05/17/2023 16:15:39.417835,1944,True,True,True,True,Eyes,1.122917,-0.2765196,-3.443918,0.1959654,0.1616932,0.9671882,0.0,0.0,0.0,0.0,0.0,0.0,0.0,-1.962361,0.06050253,3.069356,1.129209,-0.2803387,-3.452791,-0.0106097,0.1240854,-0.04808896,0.9910488,359.4789,14.29888,354.3786,0.3088748,-0.07572995,-0.9480827,0,0,0,1.360058,-0.1815475,-2.622855,0.009720981,0.09235027,0.8621034,0.9645805,-0.09795002,-0.244929,0.09268399,0.9951498,-0.03296374,0.2469698,0.009095189,0.9689805,moving,-3.6928245936132935,8.481452945107092,0.6460333880385839,6.114324044074857,0.23084900000000008,0.0987912,0.829936,-0.06370583269493146,0.14718967052817183,0.9870546646022667,-3.8120973203124984,8.67370638224148,4.903369544604174,4.942568949346714,5.140560997173575
05/17/2023 16:15:39.427414,1945,True,True,True,True,Eyes,1.123058,-0.2766362,-3.443797,0.1999829,0.1594467,0.9667386,0.0,0.0,0.0,0.0,0.0,0.0,0.0,-1.972858,0.06285403,3.062615,1.129506,-0.2803867,-3.452727,-0.01030598,0.1257374,-0.04783343,0.9908562,359.519,14.48758,354.4113,0.3088969,-0.07576849,-0.9480724,0,0,0,1.363641,-0.1840179,-2.623271,0.01041371,0.09057686,0.8624333,0.9638041,-0.09738377,-0.2481894,0.09220038,0.9952115,-0.03245239,0.2501613,0.008394588,0.9681678,moving,-3.6346679787115295,8.397289033364565,0.6918014838875757,5.995496753214532,0.2341350000000002,0.09636879999999998,0.829456,-0.06271743426570778,0.14574871763087957,0.9873316392739273,-3.7533251163571424,8.58830621335079,4.910532877112692,4.948428454346985,5.146048133157641
05/17/2023 16:15:39.447368,1946,True,True,True,True,Eyes,1.123206,-0.2767506,-3.443677,0.2039516,0.1572526,0.9662687,0.0,0.0,0.0,0.0,0.0,0.0,0.0,-1.982234,0.06236658,3.05652,1.129778,-0.2803448,-3.452602,-0.01030898,0.1272227,-0.04782801,0.9906668,359.527,14.65898,354.4111,0.3089212,-0.07580651,-0.9480614,0,0,0,1.366711,-0.1861348,-2.623628,0.0108621,0.08856948,0.862698,0.9630537,-0.09738632,-0.2510844,0.09214018,0.9952124,-0.03259515,0.2530567,0.008255919,0.9674162,moving,-3.563743572169254,8.283373363987153,0.7213643739832839,5.861773109285445,0.23693300000000006,0.09421000000000002,0.8289740000000001,-0.06151295837718754,0.14379620732552068,0.987693597559229,-3.6815695753616833,8.472746424723352,4.885859027129661,4.922021729305042,5.118887478370988
05/17/2023 16:15:39.467778,1947,True,True,True,True,Eyes,1.123384,-0.2768678,-3.443562,0.2077625,0.1550015,0.9658205,0.0,0.0,0.0,0.0,0.0,0.0,0.0,-1.991422,0.06231742,3.050529,1.130044,-0.2804018,-3.452499,-0.01001418,0.128647,-0.04833679,0.9904612,359.576,14.82187,354.3569,0.3089477,-0.075844,-0.9480498,0,0,0,1.370079,-0.1884569,-2.62402,0.0115995,0.08712358,0.8629737,0.962227,-0.09832801,-0.2538717,0.09317484,0.9951265,-0.03227407,0.2558079,0.007400538,0.9666993,moving,-3.505483799031157,8.203821537074894,0.7700841572236541,5.764899767026521,0.240035,0.09194489999999997,0.8284790000000002,-0.06052066879763575,0.14243337920343374,0.9879523980262039,-3.6227270750747183,8.392013774566422,4.887235701309777,4.922278004031145,5.118448840344026
05/17/2023 16:15:39.477686,1948,True,True,True,True,Eyes,1.123564,-0.2769899,-3.443448,0.2115262,0.1527625,0.9653602,0.0,0.0,0.0,0.0,0.0,0.0,0.0,-2.000646,0.06296835,3.044332,1.13024,-0.2805083,-3.4523,-0.009600366,0.1300873,-0.04888362,0.9902504,359.6393,14.98592,354.3004,0.3089769,-0.07588107,-0.9480373,0,0,0,1.373377,-0.1907315,-2.624403,0.0123096,0.08599238,0.863159,0.9613754,-0.09931181,-0.2566994,0.09431627,0.9950365,-0.03173181,0.2585766,0.006295254,0.9659702,moving,-3.4528304437930144,8.138928676762498,0.8170456656438637,5.689329983417345,0.24313700000000016,0.08977679999999999,0.8278970000000001,-0.05962233617343851,0.1413219978198639,0.9881666359466673,-3.569597012582289,8.326138487431916,4.888495746608459,4.92263910401505,5.118143518237709
05/17/2023 16:15:39.497253,1949,True,True,True,True,Eyes,1.12375,-0.2771159,-3.443336,0.2152295,0.150418,0.9649097,0.0,0.0,0.0,0.0,0.0,0.0,0.0,-2.009459,0.06650792,3.03847,1.130423,-0.2807303,-3.452243,-0.008781059,0.1314404,-0.04939561,0.9900538,359.7478,15.13748,354.254,0.3090084,-0.07591788,-0.9480241,0,0,0,1.376801,-0.1930924,-2.624801,0.01325157,0.08559441,0.8634477,0.960567,-0.100117,-0.2593985,0.09550025,0.994966,-0.03037259,0.2611335,0.004402285,0.9652927,moving,-3.3941225484219464,8.114461601472888,0.8792651016066304,5.661290272324941,0.24637799999999999,0.08763789999999999,0.827442,-0.05861327432569531,0.14090844283867596,0.9882860599836162,-3.510699086174912,8.301155601112082,4.893808581484553,4.927462996063011,5.122565228880633
05/17/2023 16:15:39.517600,1950,True,True,True,True,Eyes,1.123939,-0.2772444,-3.443224,0.2188727,0.1480839,0.9644511,0.0,0.0,0.0,0.0,0.0,0.0,0.0,-2.017833,0.07217567,3.032732,1.130581,-0.280903,-3.45213,-0.007843793,0.1327415,-0.04946934,0.9898844,359.8627,15.28224,354.2596,0.3090423,-0.07595456,-0.9480101,0,0,0,1.38005,-0.1953329,-2.625179,0.01421939,0.0853515,0.8636659,0.959865,-0.1000202,-0.2620213,0.09585544,0.9949825,-0.02866216,0.2635734,0.002395633,0.9646363,moving,-3.3254120833002094,8.100527421527296,0.9432321381721291,5.643910866747118,0.24946899999999994,0.08557010000000001,0.8269509999999998,-0.05742995852196689,0.14067777988896216,0.9883883784451271,-3.4418710510895933,8.286795659530068,4.891906419381642,4.925067348446031,5.119958008460295
05/17/2023 16:15:39.527866,1951,True,True,True,True,Eyes,1.124102,-0.277369,-3.443109,0.2225436,0.145625,0.9639853,0.0,0.0,0.0,0.0,0.0,0.0,0.0,-2.025552,0.07822819,3.027409,1.130799,-0.2810688,-3.452025,-0.006864707,0.1339274,-0.04951225,0.9897298,359.9813,15.41352,354.2697,0.3090782,-0.07599118,-0.9479954,0,0,0,1.383377,-0.1976268,-2.625566,0.01541166,0.08512433,0.8638924,0.959224,-0.09984623,-0.264424,0.09616873,0.9950028,-0.0268505,0.2657835,0.0003263237,0.9640326,moving,-3.2407683826968388,8.084650997295125,1.0220363262195664,5.6275193729622295,0.25257799999999997,0.08344200000000002,0.8264589999999998,-0.05597184156418426,0.1404155371578624,0.9885092731070524,-3.35709170888264,8.270410344079858,4.8876800991292075,4.9202642007982345,5.114844575647749
05/17/2023 16:15:39.547548,1952,True,True,True,True,Eyes,1.124272,-0.2774942,-3.442995,0.2261742,0.1431887,0.9635051,0.0,0.0,0.0,0.0,0.0,0.0,0.0,-2.033334,0.08623161,3.022126,1.131104,-0.2811335,-3.452057,-0.005504226,0.1350854,-0.04968785,0.989572,0.1449903,15.53942,354.2708,0.3091155,-0.07602768,-0.9479803,0,0,0,1.386982,-0.2001125,-2.625984,0.0167862,0.08531011,0.8642189,0.9585661,-0.09982651,-0.2668065,0.09685234,0.9950016,-0.02431787,0.2679005,-0.002530554,0.9634432,moving,-3.159209884214982,8.114882026257627,1.1127475804981983,5.63760514118231,0.25587799999999983,0.08102099999999998,0.8260730000000001,-0.05456050426129498,0.14094810554368634,0.9885123333564124,-3.275727183010966,8.300702063872736,4.905861624517524,4.93827108871588,5.13330263763983
05/17/2023 16:15:39.567740,1953,True,True,True,True,Eyes,1.124432,-0.2776122,-3.442882,0.2297535,0.1407009,0.9630247,0.0,0.0,0.0,0.0,0.0,0.0,0.0,-2.042477,0.09080434,3.015851,1.131396,-0.2812551,-3.451978,-0.004659249,0.1364976,-0.04987336,0.9893733,0.2518565,15.69768,354.2632,0.3091542,-0.07606407,-0.9479648,0,0,0,1.390036,-0.2022184,-2.626339,0.01719844,0.08498227,0.8644667,0.9577621,-0.09995868,-0.2696294,0.09741476,0.9949819,-0.02283466,0.2705589,-0.004395713,0.9626934,moving,-3.1076241915254954,8.081904859551265,1.1397408928502242,5.614479469903376,0.25864,0.07903669999999999,0.8256389999999998,-0.05367481901255591,0.14038589201884297,0.9886408862469696,-3.223892659912518,8.267132740255654,4.880267137674879,4.9120564139118965,5.10664930805978
05/17/2023 16:15:39.577564,1954,True,True,True,True,Eyes,1.124597,-0.2777284,-3.442767,0.2332879,0.1382642,0.9625279,0.0,0.0,0.0,0.0,0.0,0.0,0.0,-2.050891,0.09519549,3.01006,1.13156,-0.2811936,-3.451982,-0.003824485,0.1378128,-0.05004717,0.9891858,0.356842,15.84482,354.2569,0.3091937,-0.07610018,-0.9479491,0,0,0,1.393251,-0.204435,-2.626713,0.01806863,0.08437819,0.864868,0.9570059,-0.100066,-0.272262,0.09795775,0.9949613,-0.02136053,0.2730276,-0.006228026,0.9619861,moving,-3.0472782857402665,8.050966821509771,1.196836582964448,5.572251887237264,0.2616910000000001,0.07675859999999998,0.825269,-0.05263748199715805,0.13985978252172876,0.9887713225455286,-3.163310144043177,8.235594443829923,4.883751296609172,4.914930187108053,5.109234096691287
05/17/2023 16:15:39.598322,1955,True,True,True,True,Eyes,1.124755,-0.2778405,-3.442652,0.2367969,0.1357968,0.962022,0.0,0.0,0.0,0.0,0.0,0.0,0.0,-2.059135,0.09696708,3.004298,1.131822,-0.2812559,-3.451829,-0.003348186,0.1391027,-0.05034347,0.9889919,0.4230281,15.99106,354.2313,0.3092343,-0.07613597,-0.9479329,0,0,0,1.396731,-0.206835,-2.627118,0.0191994,0.083162,0.8652046,0.956232,-0.10051,-0.2748057,0.09864707,0.9949086,-0.02062848,0.27548,-0.007383167,0.9612785,moving,-2.985784913419058,7.978673392446334,1.271218484467238,5.490306871247619,0.26490899999999984,0.07442090000000001,0.8247110000000002,-0.05158531558390958,0.13861967975946296,0.9890012188179259,-3.1012849482293614,8.162195939466347,4.900593633451294,4.930927486126525,5.1242343293228
05/17/2023 16:15:39.617561,1956,True,True,True,True,Eyes,1.124919,-0.2779557,-3.442537,0.2402634,0.1333829,0.9615,0.0,0.0,0.0,0.0,0.0,0.0,0.0,-2.066889,0.09870614,2.998992,1.132022,-0.2812795,-3.451831,-0.002832942,0.1403118,-0.05072175,0.9888033,0.4945419,16.12771,354.1971,0.3092757,-0.07617138,-0.9479166,0,0,0,1.400067,-0.2091355,-2.627506,0.02032009,0.0820941,0.8656871,0.9554798,-0.1011026,-0.2771942,0.09951264,0.9948386,-0.01983616,0.2777689,-0.008631276,0.9606091,moving,-2.9190282394156566,7.9151554154672095,1.3446447833464426,5.417224272241181,0.26804499999999987,0.07214400000000001,0.824325,-0.050440696245333594,0.13753123303109774,0.989212133718143,-3.034057634910877,8.097659400784504,4.91200540623802,4.941514711232558,5.133981626961822
05/17/2023 16:15:39.627396,1957,True,True,True,True,Eyes,1.12508,-0.2780654,-3.442427,0.2436922,0.1309547,0.9609709,0.0,0.0,0.0,0.0,0.0,0.0,0.0,-2.075112,0.09939532,2.993258,1.132341,-0.2814606,-3.451688,-0.002446867,0.1415872,-0.05119931,0.9885979,0.5535089,16.2727,354.1497,0.3093178,-0.07620653,-0.9479,0,0,0,1.403272,-0.2113453,-2.627878,0.02108642,0.08105629,0.8660067,0.9546634,-0.1019239,-0.2796951,0.1005382,0.9947453,-0.01933627,0.2801962,-0.0096604,0.9598942,moving,-2.86297356976323,7.836828201847091,1.394820839972833,5.347178386990888,0.27093100000000003,0.07011529999999999,0.8238099999999999,-0.04948218406220348,0.13618534622442674,0.9894468946709105,-2.9774295551620593,8.018174436942813,4.90361608678618,4.93225804639145,5.123552811928067
05/17/2023 16:15:39.657474,1958,True,True,True,True,Eyes,1.125249,-0.2781774,-3.442317,0.2471056,0.1285542,0.9604232,0.0,0.0,0.0,0.0,0.0,0.0,0.0,-2.083679,0.1012287,2.987422,1.132598,-0.2814384,-3.451763,-0.001867759,0.1429175,-0.05164035,0.9883849,0.6341908,16.42292,354.1099,0.3093605,-0.07624128,-0.9478832,0,0,0,1.406715,-0.2137195,-2.628278,0.02202037,0.07999741,0.8665845,0.9538157,-0.1026149,-0.2823221,0.1015472,0.9946595,-0.01845275,0.2827079,-0.01106849,0.9591422,moving,-2.814240859708356,7.781658131810236,1.455602791462296,5.2742233950781925,0.27411699999999994,0.06771889999999997,0.8234850000000002,-0.04864696629911676,0.1352381000688261,0.9896182152461153,-2.9282905107601787,7.962154285898631,4.923670110016731,4.95164556126676,5.1423236925632985
05/17/2023 16:15:39.667613,1959,True,True,True,True,Eyes,1.125421,-0.2782887,-3.442216,0.2504787,0.1261923,0.9598625,0.0,0.0,0.0,0.0,0.0,0.0,0.0,-2.092372,0.1020118,2.981285,1.13288,-0.2815289,-3.451639,-0.001545097,0.1442934,-0.05191969,0.9881707,0.6835378,16.58,354.0844,0.309404,-0.07627573,-0.9478663,0,0,0,1.410049,-0.2160182,-2.628666,0.02282371,0.07863026,0.8670036,0.9529675,-0.1030569,-0.2850126,0.1021651,0.9946039,-0.01803698,0.2853335,-0.0119297,0.9583541,moving,-2.7692760961740075,7.697453508670516,1.5079525666648002,5.182090229061115,0.277169,0.06551070000000003,0.8229730000000002,-0.04787982297517024,0.13378852996081422,0.98985263875085,-2.8827133628642616,7.876762277195373,4.934898706061395,4.962029570913218,5.151621565266939
05/17/2023 16:15:39.687622,1960,True,True,True,True,Eyes,1.125601,-0.2784001,-3.442119,0.2538187,0.1238589,0.9592888,0.0,0.0,0.0,0.0,0.0,0.0,0.0,-2.100311,0.1036035,2.975875,1.133093,-0.2816685,-3.451758,-0.001053976,0.145532,-0.05231274,0.987969,0.7531039,16.72015,354.0487,0.3094482,-0.07630987,-0.9478491,0,0,0,1.414501,-0.2190882,-2.629183,0.02500878,0.07700168,0.8678604,0.9521677,-0.1036735,-0.287452,0.10306,0.9945245,-0.01730895,0.2876725,-0.01314376,0.9576387,moving,-2.7128889698547187,7.636122565073935,1.650612377428,5.07034137253734,0.2814080000000001,0.06258029999999998,0.8225750000000001,-0.04691234718839363,0.13273497983007,0.9900407154229194,-2.8258739404587048,7.814478044661985,5.035339054148936,5.0619538851823425,5.2506395638556445
05/17/2023 16:15:39.717547,1961,True,True,True,True,Eyes,1.125794,-0.2785071,-3.442022,0.2572013,0.1215184,0.958687,0.0,0.0,0.0,0.0,0.0,0.0,0.0,-2.108947,0.1053772,2.969873,1.133437,-0.2817718,-3.451787,-0.0004117864,0.1468566,-0.05292026,0.9877412,0.8439917,16.86919,353.9915,0.3094931,-0.07634372,-0.9478317,0,0,0,1.4167,-0.2206044,-2.629439,0.02451855,0.07695266,0.868166,0.9512652,-0.104664,-0.290069,0.1044221,0.9943986,-0.01635686,0.2901562,-0.0147299,0.956866,moving,-2.6677770817942235,7.594130256396567,1.6177045891952246,5.06535597323205,0.28326300000000004,0.06116740000000001,0.8223479999999999,-0.04613730491074726,0.13201411207055208,0.9901735290033998,-2.780450649266303,7.771808694256192,4.950059354997985,4.975947400001404,5.164170391529075
05/17/2023 16:15:39.727516,1962,True,True,True,True,Eyes,1.125986,-0.2786172,-3.441926,0.2606103,0.1191586,0.9580624,0.0,0.0,0.0,0.0,0.0,0.0,0.0,-2.118644,0.1040425,2.962924,1.133704,-0.2817433,-3.451627,-0.000193203,0.1484026,-0.05357228,0.9874749,0.889207,17.04626,353.9225,0.309539,-0.07637718,-0.947814,0,0,0,1.419852,-0.2227777,-2.629805,0.02481008,0.0755049,0.8685809,0.9502134,-0.1058599,-0.2930671,0.1057452,0.99426,-0.0162821,0.2931084,-0.01551897,0.9559532,moving,-2.645106969182473,7.502554520009689,1.6361474900475885,4.968177704788429,0.28614799999999985,0.05896559999999998,0.8218219999999996,-0.04575517743205537,0.13043365100654422,0.9904007214946253,-2.7571214948291827,7.679039787211852,4.950088089988438,4.975158850349237,5.16232366317739
05/17/2023 16:15:39.757229,1963,True,True,True,True,Eyes,1.126182,-0.2787237,-3.441836,0.2639824,0.1168437,0.957424,0.0,0.0,0.0,0.0,0.0,0.0,0.0,-2.126662,0.1039769,2.957247,1.133935,-0.2819162,-3.451598,0.0001724041,0.1496601,-0.05421568,0.9872501,0.9493342,17.18906,353.8569,0.3095859,-0.07641038,-0.947796,0,0,0,1.423909,-0.2255754,-2.630277,0.02653225,0.07401715,0.8692789,0.949325,-0.1069972,-0.2955224,0.1071005,0.9941213,-0.01588743,0.2954851,-0.01656825,0.9552037,moving,-2.5915857708970638,7.4319476237460265,1.7482468984678692,4.8668680350115,0.2899740000000002,0.056340799999999996,0.8213210000000002,-0.04483719358838707,0.12921843061184646,0.990601886116102,-2.7030826120077047,7.607378059824469,5.016744679535034,5.0412082772515605,5.227306152018561
05/17/2023 16:15:39.767689,1964,True,True,True,True,Eyes,1.126403,-0.2788329,-3.441752,0.2674118,0.1144841,0.9567572,0.0,0.0,0.0,0.0,0.0,0.0,0.0,-2.134935,0.1045737,2.951416,1.134174,-0.2819301,-3.451653,0.0006131391,0.1509609,-0.05474911,0.9870224,1.016498,17.33651,353.8052,0.3096336,-0.07644322,-0.9477778,0,0,0,1.428335,-0.2286274,-2.630791,0.02856512,0.07225454,0.8701432,0.9484267,-0.1078921,-0.2980707,0.1082623,0.9940043,-0.01531958,0.2979364,-0.01774031,0.9544209,moving,-2.537738170087443,7.366448133146096,1.8802344991418685,4.746809745654932,0.2941609999999999,0.05330270000000001,0.820862,-0.04391266695505412,0.12809118309104225,0.9907897588182479,-2.64875366160315,7.54088433147055,5.1123757159581915,5.136242574808404,5.321521074962427
05/17/2023 16:15:39.777226,1965,True,True,True,True,Eyes,1.126627,-0.2789416,-3.441669,0.2708067,0.1121618,0.9560771,0.0,0.0,0.0,0.0,0.0,0.0,0.0,-2.144468,0.104777,2.944477,1.134439,-0.2820262,-3.451547,0.0009633136,0.152485,-0.05522085,0.9867615,1.07389,17.51041,353.7593,0.3096826,-0.07647578,-0.9477592,0,0,0,1.430146,-0.2298758,-2.631002,0.02746777,0.07188652,0.870364,0.947398,-0.1086858,-0.301039,0.1092734,0.9938995,-0.01493958,0.3008262,-0.01874183,0.9534948,moving,-2.5102783894390837,7.290835467641342,1.807594438129418,4.721549388656616,0.29570699999999994,0.05215040000000001,0.8205450000000001,-0.043445155377786884,0.1267861267332465,0.9909781813091149,-2.6207474044137697,7.46425377279279,5.0014637651233365,5.024465813469042,5.208899961909288
05/17/2023 16:15:39.797188,1966,True,True,True,True,Eyes,1.126843,-0.2790489,-3.441585,0.2742862,0.1098152,0.9553574,0.0,0.0,0.0,0.0,0.0,0.0,0.0,-2.153044,0.1060439,2.938217,1.134693,-0.2821139,-3.451499,0.001497129,0.1538391,-0.05574141,0.9865214,1.15197,17.66346,353.7111,0.3097329,-0.07650809,-0.9477401,0,0,0,1.4364,-0.2341883,-2.631729,0.03134003,0.06931044,0.8715284,0.9464529,-0.1095195,-0.3036979,0.1104408,0.9937813,-0.01419652,0.3033641,-0.02010431,0.9526625,moving,-2.4592739954768184,7.237128891021031,2.0594602042792327,4.5470178808131525,0.30170699999999995,0.047925599999999985,0.8197700000000001,-0.0425680270263028,0.12586193406063026,0.9911340958850349,-2.5693465105684195,7.409706327071176,5.236140083478305,5.2588645176774245,5.442502801446949
05/17/2023 16:15:39.817455,1967,True,True,True,True,Eyes,1.12706,-0.2791576,-3.441503,0.2777252,0.107508,0.954626,0.0,0.0,0.0,0.0,0.0,0.0,0.0,-2.161649,0.1067702,2.931953,1.134965,-0.2821931,-3.451477,0.001930503,0.1552033,-0.05622111,0.9862797,1.218168,17.81833,353.666,0.3097841,-0.07654013,-0.9477208,0,0,0,1.439933,-0.2366247,-2.632139,0.03230542,0.068105,0.8721891,0.9455022,-0.1103002,-0.3063648,0.1114987,0.9936709,-0.01364337,0.3059307,-0.02125943,0.9518164,moving,-2.4106146030494884,7.173712879766699,2.1212354727499303,4.464888578256464,0.3049679999999999,0.04556839999999998,0.8193380000000001,-0.04173207975047087,0.12476925578875997,0.9913077841844375,-2.5202220005925446,7.345340708786367,5.257668646097552,5.279715352741624,5.462612191353234
05/17/2023 16:15:39.827801,1968,True,True,True,True,Eyes,1.127294,-0.2792704,-3.441427,0.2811848,0.1051415,0.9538765,0.0,0.0,0.0,0.0,0.0,0.0,0.0,-2.16992,0.1085705,2.925833,1.135176,-0.2823284,-3.451449,0.002461607,0.1565223,-0.05658902,0.986049,1.293242,17.96749,353.6353,0.3098363,-0.07657196,-0.9477012,0,0,0,1.441437,-0.2376617,-2.632314,0.03126621,0.06826009,0.872431,0.9445968,-0.1108285,-0.308956,0.1123697,0.9935833,-0.01286036,0.3083988,-0.02256942,0.9509894,moving,-2.3536851324811012,7.117190896018852,2.0524895591897008,4.473779100143975,0.3062610000000001,0.044666699999999976,0.8191350000000002,-0.04075209306082053,0.12379628394338045,0.9914704993183167,-2.4628743834213207,7.287921609330097,5.117073588871693,5.138287782529384,5.320517793997132
05/17/2023 16:15:39.847526,1969,True,True,True,True,Eyes,1.127532,-0.2793836,-3.441351,0.2845906,0.1027927,0.9531221,0.0,0.0,0.0,0.0,0.0,0.0,0.0,-2.178037,0.1103179,2.919777,1.13541,-0.2824704,-3.451401,0.003024317,0.1578102,-0.05703404,0.9858165,1.373164,18.11275,353.5966,0.3098896,-0.0766037,-0.9476812,0,0,0,1.445461,-0.2404364,-2.632782,0.03291395,0.0670663,0.8731866,0.9436861,-0.1114956,-0.3114886,0.1134047,0.9934759,-0.01203826,0.3107987,-0.02396394,0.9501736,moving,-2.297460549288448,7.066396081149137,2.158688677608766,4.392058267261375,0.3100510000000001,0.042034000000000016,0.818619,-0.03978349363171009,0.12292205518336799,0.9916185396986144,-2.4062726813868385,7.23630163221586,5.176343321341243,5.197051921538462,5.378530703473823
05/17/2023 16:15:39.867433,1970,True,True,True,True,Eyes,1.127797,-0.2795,-3.441284,0.2880479,0.1003669,0.9523419,0.0,0.0,0.0,0.0,0.0,0.0,0.0,-2.185424,0.1140148,2.914137,1.135685,-0.2825766,-3.451325,0.003851376,0.1589615,-0.05740595,0.985607,1.480834,18.24069,353.571,0.3099439,-0.07663536,-0.9476609,0,0,0,1.448581,-0.242588,-2.633145,0.03380868,0.06679334,0.8736803,0.9428716,-0.111935,-0.3137894,0.1143838,0.9933795,-0.01065879,0.312905,-0.02584256,0.9494328,moving,-2.2218579086023493,7.041625603024028,2.216060776576933,4.3717898788999685,0.31289599999999984,0.03998860000000001,0.8181800000000004,-0.038477034929893475,0.12249963206993014,0.9917225215408619,-2.3304733700261475,7.210948450328624,5.158912895206348,5.179106588020027,5.360204673325881
05/17/2023 16:15:39.877146,1971,True,True,True,True,Eyes,1.128061,-0.2796155,-3.441218,0.2914553,0.0979684,0.9515545,0.0,0.0,0.0,0.0,0.0,0.0,0.0,-2.193289,0.11719,2.908144,1.135948,-0.2826707,-3.451271,0.00462843,0.1601975,-0.05781969,0.9853793,1.584238,18.37867,353.54,0.3099999,-0.076667,-0.94764,0,0,0,1.452274,-0.2451341,-2.633574,0.03516009,0.06610871,0.8743532,0.9419873,-0.1124657,-0.3162457,0.1154316,0.9932709,-0.009403612,0.3151752,-0.02764665,0.9486307,moving,-2.1592706288353627,7.012717434481766,2.302776438012181,4.323832690044047,0.3163260000000001,0.0375366,0.8176970000000003,-0.03739599460721932,0.12200424631358192,0.9918248178159749,-2.2676633615533066,7.181456203561615,5.189836633922789,5.20960317064867,5.39026271219323
05/17/2023 16:15:39.887721,1972,True,True,True,True,Eyes,1.128325,-0.2797342,-3.441152,0.2948143,0.09558678,0.9507616,0.0,0.0,0.0,0.0,0.0,0.0,0.0,-2.200884,0.1204858,2.902286,1.136163,-0.2827456,-3.451211,0.005370559,0.1614044,-0.05812738,0.9851605,1.681629,18.51366,353.5207,0.3100574,-0.07669859,-0.9476187,0,0,0,1.455102,-0.2470845,-2.633903,0.03571495,0.0658115,0.8748605,0.9411396,-0.1127959,-0.3186428,0.1162633,0.9931847,-0.008182308,0.3173941,-0.02934575,0.9478396,moving,-2.094289130831903,6.979369409264457,2.337721571017619,4.301980296813913,0.31893899999999986,0.03566109999999997,0.8173079999999997,-0.03627366532132778,0.12143197534331872,0.9919367019110618,-2.2024268394680164,7.147461405428731,5.158710086904401,5.177946631704252,5.358144298982536
05/17/2023 16:15:39.897273,1973,True,True,True,True,Eyes,1.128588,-0.2798558,-3.441087,0.2981885,0.09314369,0.9499515,0.0,0.0,0.0,0.0,0.0,0.0,0.0,-2.20855,0.1241596,2.896368,1.136368,-0.282937,-3.451184,0.006162848,0.1626198,-0.05844827,0.984937,1.785036,18.64933,353.501,0.3101162,-0.07673024,-0.9475968,0,0,0,1.458007,-0.2490871,-2.63424,0.036311,0.06568065,0.875421,0.9402772,-0.1131313,-0.321061,0.1171401,0.9930916,-0.006869661,0.3196201,-0.03114972,0.9470336,moving,-2.0292449520814015,6.948605043965849,2.375171678096898,4.290720206215145,0.321639,0.03384989999999999,0.8169439999999999,-0.03514984305692903,0.12090420977027592,0.992041653089332,-2.1371460443648154,7.116081302619999,5.12546889916645,5.14424315744661,5.32387796192964
05/17/2023 16:15:39.917336,1974,True,True,True,True,Eyes,1.12885,-0.2799778,-3.441022,0.3015043,0.09072953,0.9491382,0.0,0.0,0.0,0.0,0.0,0.0,0.0,-2.215987,0.1285081,2.890507,1.136575,-0.2830782,-3.451117,0.007065488,0.1637954,-0.05876534,0.9847172,1.90062,18.77974,353.4839,0.310176,-0.076762,-0.9475747,0,0,0,1.460324,-0.2506849,-2.63451,0.03636438,0.06602717,0.8758019,0.9394354,-0.1134199,-0.3234147,0.1180491,0.9929934,-0.005335968,0.3217539,-0.033166,0.9462423,moving,-1.9634564675507136,6.9320057099911105,2.3776260290658433,4.31140327900645,0.32374900000000006,0.032393300000000014,0.8166069999999999,-0.034011911153688124,0.12062155139088343,0.9921157414694521,-2.071221758533035,7.09903488487054,5.052403975601619,5.070754810056719,5.250060628910473
05/17/2023 16:15:39.927615,1975,True,True,True,True,Eyes,1.129127,-0.2800993,-3.440964,0.3048115,0.08827138,0.9483134,0.0,0.0,0.0,0.0,0.0,0.0,0.0,-2.222717,0.1323296,2.885181,1.136791,-0.2831938,-3.451051,0.007825601,0.1648634,-0.05897109,0.9845209,1.997351,18.89875,353.4768,0.3102369,-0.07679389,-0.9475521,0,0,0,1.46303,-0.2525511,-2.634824,0.03703764,0.06585557,0.8762931,0.9386849,-0.1135362,-0.325546,0.1186968,0.9929224,-0.004035419,0.3237,-0.03485328,0.9455176,moving,-1.8829026139493454,6.895786405266558,2.4202383212431515,4.297838893530144,0.32623899999999995,0.030642700000000023,0.816227,-0.03261951089773685,0.11999994864578471,0.9922379611326689,-1.9903882797777948,7.062075783986925,5.008775493764457,5.026564749594576,5.205250483905243
05/17/2023 16:15:39.947519,1976,True,True,True,True,Eyes,1.129401,-0.2802212,-3.440905,0.3080552,0.08585375,0.9474868,0.0,0.0,0.0,0.0,0.0,0.0,0.0,-2.228754,0.1345811,2.880406,1.13693,-0.2832239,-3.450995,0.008474817,0.1658225,-0.0594146,0.9843278,2.085371,19.00532,353.4407,0.3102989,-0.07682584,-0.9475293,0,0,0,1.466364,-0.2548496,-2.635212,0.0386197,0.06516449,0.8769817,0.9379456,-0.1141562,-0.3274544,0.1197775,0.9927962,-0.00302056,0.3254403,-0.03638855,0.9448621,moving,-1.7961817674134641,6.853390633012482,2.5215088440835327,4.249577154933627,0.329434,0.028374299999999963,0.8157829999999997,-0.031120408527054638,0.11927141259855753,0.9923739008660982,-1.9033421292200516,7.018842384894791,5.024807316725502,5.042052840384997,5.219974717354246
05/17/2023 16:15:39.967626,1977,True,True,True,True,Eyes,1.129691,-0.28034,-3.440847,0.311253,0.08342933,0.9466578,0.0,0.0,0.0,0.0,0.0,0.0,0.0,-2.23476,0.1369761,2.87561,1.137119,-0.2833448,-3.450902,0.009071596,0.166778,-0.0597409,0.9841412,2.165288,19.11202,353.417,0.3103619,-0.07685788,-0.947506,0,0,0,1.46975,-0.257185,-2.635605,0.04023769,0.06439956,0.8776498,0.9372323,-0.1145611,-0.3293501,0.1206128,0.9926975,-0.002071477,0.3271823,-0.0377824,0.9442056,moving,-1.709562308596247,6.802783525682995,2.625006615035063,4.196687587394713,0.3326309999999999,0.02615980000000001,0.8152970000000002,-0.029623214982668622,0.11840021622845591,0.9925239177698612,-1.8163388373960765,6.967298648580344,5.0410045559204,5.057689570670878,5.234676215411507
05/17/2023 16:15:39.977259,1978,True,True,True,True,Eyes,1.129974,-0.2804596,-3.440787,0.3143619,0.08106623,0.9458355,0.0,0.0,0.0,0.0,0.0,0.0,0.0,-2.240154,0.1401232,2.871049,1.137294,-0.2833003,-3.450674,0.009779833,0.1676393,-0.06001794,0.9839713,2.256253,19.20721,353.4009,0.3104262,-0.07688989,-0.9474823,0,0,0,1.473025,-0.2594427,-2.635986,0.0419763,0.06372153,0.8781676,0.9365898,-0.1148329,-0.3310784,0.1213908,0.9926044,-0.0008765784,0.3287306,-0.03936888,0.9436029,moving,-1.6172782061425368,6.767720785569537,2.7366480121252734,4.150218200254362,0.335731,0.02385759999999998,0.8146879999999999,-0.028026578676711128,0.11779823809001976,0.9926419378954519,-1.723780249589136,6.931466215222831,5.0639837273141906,5.080156818273572,5.256497008338032
05/17/2023 16:15:40.007643,1979,True,True,True,True,Eyes,1.130272,-0.2805828,-3.440734,0.3174384,0.07869989,0.9450075,0.0,0.0,0.0,0.0,0.0,0.0,0.0,-2.243683,0.1425858,2.868113,1.137353,-0.28343,-3.450596,0.01018648,0.1682168,-0.0600223,0.9838683,2.30608,19.27185,353.4094,0.3104916,-0.0769219,-0.9474583,0,0,0,1.476456,-0.261809,-2.636385,0.04448456,0.06255217,0.8789239,0.9362009,-0.114681,-0.332229,0.1215351,0.9925871,-0.0001491978,0.3297834,-0.04023782,0.9431987,moving,-1.4884446121495578,6.695585654219844,2.8974118697385327,4.070821921720594,0.33910299999999993,0.021621,0.8142109999999998,-0.025798294181870962,0.1165554109934536,0.9928490669393183,-1.5943981200264374,6.8579759352653875,5.095882717224358,5.111273983182977,5.2862637542380755
05/17/2023 16:15:40.037576,1980,True,True,True,True,Eyes,1.13059,-0.2807079,-3.440688,0.3205348,0.07633444,0.944156,0.0,0.0,0.0,0.0,0.0,0.0,0.0,-2.246662,0.1444971,2.865688,1.137533,-0.2835272,-3.450532,0.01061587,0.1686693,-0.06022886,0.9837736,2.361526,19.32141,353.3952,0.3105581,-0.07695398,-0.9474338,0,0,0,1.479789,-0.2641068,-2.636772,0.04696819,0.06152274,0.8796193,0.9358463,-0.114922,-0.3331436,0.1220843,0.9925196,0.0005697052,0.3305861,-0.04120475,0.942876,moving,-1.3464465876323972,6.630447692854171,3.0564653131554422,4.00089235268649,0.3422560000000001,0.019420400000000004,0.8137599999999998,-0.023340686130873978,0.11543357198643901,0.9930409658752981,-1.451897969709663,6.791518250127226,5.113785412221121,5.128371524480608,5.302162991624564
05/17/2023 16:15:40.047437,1981,True,True,True,True,Eyes,1.130905,-0.2808256,-3.440638,0.3235459,0.07404566,0.9433109,0.0,0.0,0.0,0.0,0.0,0.0,0.0,-2.250581,0.1470621,2.862402,1.137698,-0.2836369,-3.450403,0.01102773,0.1693027,-0.06019558,0.9836623,2.411586,19.39264,353.4084,0.3106263,-0.07698617,-0.9474089,0,0,0,1.484379,-0.2672719,-2.637306,0.05051681,0.05965964,0.8806087,0.9354261,-0.1146902,-0.3344011,0.1221583,0.9925098,0.001312578,0.3317458,-0.04207768,0.94243,moving,-1.227563937287727,6.56203471172882,3.2832190571695756,3.8757625580117563,0.3466809999999998,0.01636500000000002,0.813097,-0.021283107988871397,0.11425302126222861,0.9932237611320232,-1.3324959631911253,6.721832406204091,5.236154125191584,5.250068695447794,5.422632085064681
05/17/2023 16:15:40.047437,1982,True,True,True,True,Eyes,1.13121,-0.2809378,-3.440586,0.3267005,0.07174531,0.9424008,0.0,0.0,0.0,0.0,0.0,0.0,0.0,-2.254099,0.1479026,2.859509,1.13794,-0.2835695,-3.450263,0.01121062,0.1698702,-0.06019194,0.9835626,2.435937,19.45749,353.4137,0.3106957,-0.07701825,-0.9473835,0,0,0,1.487349,-0.2693199,-2.637651,0.05244353,0.05814811,0.8811905,0.9350421,-0.1145964,-0.3355054,0.1222138,0.9925025,0.001603063,0.3328063,-0.04250231,0.9420369,moving,-1.0912597157512856,6.468999206214989,3.4059069277861056,3.775367621518295,0.3494090000000001,0.014249599999999973,0.8126120000000001,-0.01892370614513425,0.11264542729636819,0.993454968834943,-1.1954921841948922,6.6271608401610305,5.229234909036176,5.242152128069252,5.413464542198112
05/17/2023 16:15:40.067495,1983,True,True,True,True,Eyes,1.131512,-0.2810444,-3.440536,0.3297906,0.06955058,0.9414886,0.0,0.0,0.0,0.0,0.0,0.0,0.0,-2.258465,0.1488598,2.85596,1.138083,-0.283543,-3.450174,0.01142211,0.1705943,-0.06020269,0.9834342,2.464838,19.54036,353.4183,0.3107662,-0.0770501,-0.9473578,0,0,0,1.492215,-0.2726751,-2.638216,0.05615011,0.05566257,0.8823562,0.9345464,-0.1145137,-0.3369119,0.1223079,0.9924904,0.001925309,0.3341613,-0.04300626,0.9415342,moving,-0.9777577739891965,6.384086594031816,3.641196252324419,3.609664439720365,0.3541320000000001,0.010867899999999986,0.8119580000000002,-0.01695847569180728,0.1111769221843246,0.9936558805907043,-1.0813546512991525,6.540795805415752,5.376008948830731,5.388149458537036,5.558238760639841
05/17/2023 16:15:40.077347,1984,True,True,True,True,Eyes,1.13181,-0.2811522,-3.440479,0.3328331,0.06747879,0.9405683,0.0,0.0,0.0,0.0,0.0,0.0,0.0,-2.263577,0.1481422,2.852062,1.138289,-0.2835174,-3.450203,0.01124218,0.1714644,-0.05995699,0.9833,2.445544,19.64309,353.4448,0.3108374,-0.07708158,-0.9473318,0,0,0,1.494143,-0.274005,-2.638441,0.05646449,0.05402924,0.8829343,0.9340103,-0.1140561,-0.3385499,0.1217667,0.9925575,0.001547892,0.3358538,-0.04266984,0.9409472,moving,-0.8793845858344047,6.25612500964406,3.6591368493228873,3.501723891890336,0.3558539999999999,0.009512399999999976,0.8117620000000003,-0.015256175699872171,0.10896045715719371,0.9939289986711699,-0.982042893678877,6.410917390303828,5.297854651528693,5.308945501214452,5.477586714791584
05/17/2023 16:15:40.107786,1985,True,True,True,True,Eyes,1.13208,-0.2812498,-3.440401,0.3360267,0.06537812,0.9395806,0.0,0.0,0.0,0.0,0.0,0.0,0.0,-2.26955,0.1467258,2.84718,1.138495,-0.2836592,-3.449954,0.01082655,0.1725202,-0.05950682,0.9831473,2.396834,19.76925,353.4903,0.3109093,-0.07711277,-0.9473057,0,0,0,1.496319,-0.2755052,-2.638694,0.05682081,0.05191257,0.8833601,0.9333915,-0.1132723,-0.340514,0.1207436,0.9926834,0.0007559351,0.3379369,-0.04182044,0.9402391,moving,-0.7895230745643463,6.095907808855123,3.680394549392149,3.3632424266259195,0.3578239999999999,0.008153999999999995,0.8112599999999999,-0.013701440528165493,0.10618308211233314,0.9942521657932474,-0.8910150499958844,6.24842482098662,5.229034404017257,5.239047972312409,5.405743535731787
05/17/2023 16:15:40.128553,1986,True,True,True,True,Eyes,1.132337,-0.281344,-3.440318,0.3392883,0.0632465,0.9385538,0.0,0.0,0.0,0.0,0.0,0.0,0.0,-2.275517,0.1462565,2.842133,1.138726,-0.2835772,-3.449634,0.01077276,0.1735458,-0.05938726,0.9829746,2.395175,19.88906,353.5052,0.3109813,-0.0771435,-0.9472796,0,0,0,1.499738,-0.2778624,-2.639091,0.05849358,0.04963078,0.884001,0.93271,-0.1130132,-0.3424618,0.1204915,0.9927142,0.0005658838,0.3399028,-0.04179153,0.9395316,moving,-0.6975998247897905,5.981410895408272,3.785693472143478,3.2134036976110463,0.3610120000000001,0.005714799999999964,0.810543,-0.012108837884250823,0.10419814929123045,0.9944827939702906,-0.7982509574891792,6.1321981751930945,5.259767516288828,5.268945115806771,5.4343267969752915
05/17/2023 16:15:40.137141,1987,True,True,True,True,Eyes,1.132592,-0.2814364,-3.440235,0.3424857,0.06119048,0.9375283,0.0,0.0,0.0,0.0,0.0,0.0,0.0,-2.281274,0.1448573,2.837595,1.138976,-0.2836151,-3.449555,0.01064224,0.1745125,-0.05943449,0.982802,2.387779,20.00208,353.4997,0.3110532,-0.07717372,-0.9472535,0,0,0,1.503104,-0.280184,-2.639482,0.06009069,0.04743893,0.8848491,0.9320258,-0.1131102,-0.3442874,0.1205391,0.9927086,0.0001743065,0.3417574,-0.04166254,0.9388643,moving,-0.6044939857105506,5.865655219643707,3.8850293619680056,3.068829245396053,0.364128,0.0034311000000000202,0.810073,-0.010494982725075735,0.10219063799313272,0.9947094911038938,-0.70429498600702,6.014693107033623,5.281046074848724,5.2894286477442165,5.453440369364885
05/17/2023 16:15:40.147475,1988,True,True,True,True,Eyes,1.132846,-0.2815297,-3.440148,0.3456275,0.05917792,0.9365039,0.0,0.0,0.0,0.0,0.0,0.0,0.0,-2.286802,0.1442469,2.833126,1.139162,-0.2836607,-3.449452,0.0106702,0.1754408,-0.05955358,0.9826292,2.399444,20.1096,353.489,0.3111247,-0.07720346,-0.9472276,0,0,0,1.507898,-0.2834896,-2.640039,0.06329858,0.04476595,0.886061,0.9313478,-0.1132942,-0.3460574,0.1207821,0.9926791,7.344817e-05,0.3435156,-0.04186596,0.9382133,moving,-0.5119139720180875,5.7715952342602135,4.0861641804988595,2.8922625208439556,0.36873599999999995,0.0001710999999999796,0.8094130000000002,-0.008889177182056979,0.10055909029403548,0.9948913516436096,-0.6110196933458769,5.91914827920188,5.417460241138132,5.425207790601452,5.587984765446043
05/17/2023 16:15:40.167508,1989,True,True,True,True,Eyes,1.1331,-0.2816257,-3.440063,0.3487708,0.05706019,0.9354694,0.0,0.0,0.0,0.0,0.0,0.0,0.0,-2.292935,0.1443897,2.828047,1.139348,-0.28377,-3.449291,0.01098874,0.1764473,-0.05999206,0.9824188,2.450826,20.22379,353.4482,0.3111961,-0.07723277,-0.9472017,0,0,0,1.510172,-0.2850574,-2.640304,0.06367648,0.04421072,0.8865454,0.9305346,-0.1139968,-0.3480087,0.1217525,0.9925604,0.0004202155,0.3453718,-0.04276195,0.9374912,moving,-0.4326066564806248,5.710109123850305,4.108237459303732,2.854891551329417,0.37082400000000004,-0.001287399999999994,0.8089870000000001,-0.007512876107132971,0.09949250209174787,0.9950099161676522,-0.5312529028068544,5.856621233823047,5.35661344139135,5.363910203413689,5.525871144614243
05/17/2023 16:15:40.177588,1990,True,True,True,True,Eyes,1.133351,-0.2817267,-3.43998,0.3518484,0.05498265,0.9344408,0.0,0.0,0.0,0.0,0.0,0.0,0.0,-2.298624,0.1460149,2.823258,1.139467,-0.2838875,-3.449174,0.01139652,0.1773936,-0.06018073,0.9822322,2.506883,20.33106,353.4374,0.3112673,-0.07726178,-0.947176,0,0,0,1.512945,-0.2869694,-2.640626,0.064744,0.04344317,0.8872235,0.9298196,-0.1141796,-0.349855,0.1222662,0.9924968,0.001036715,0.3471116,-0.0437394,0.9368033,moving,-0.3478302558306498,5.656244286964537,4.17368818533241,2.8032664245102947,0.373478,-0.0030818999999999708,0.808548,-0.006041189303530231,0.0985580168870936,0.9951129676711609,-0.44606992625122166,5.80178723652925,5.339481120030926,5.346364343872535,5.507566801197566
05/17/2023 16:15:40.197271,1991,True,True,True,True,Eyes,1.133628,-0.2818339,-3.439909,0.3549568,0.05281284,0.9333898,0.0,0.0,0.0,0.0,0.0,0.0,0.0,-2.303887,0.1489279,2.818841,1.139591,-0.2840977,-3.449139,0.011903,0.1782617,-0.06021634,0.9820668,2.570442,20.42907,353.4457,0.3113381,-0.07729067,-0.9471503,0,0,0,1.516305,-0.2892867,-2.641017,0.0665262,0.04254791,0.8881248,0.9291935,-0.1140292,-0.3515634,0.1225166,0.9924646,0.001910547,0.3486963,-0.04484763,0.9361622,moving,-0.25010180699450724,5.606003960390748,4.283818382108097,2.7428050590654456,0.376714,-0.005188999999999999,0.808122,-0.00434420915742359,0.09768626837894834,0.9952078001584082,-0.34795731677625036,5.750573149924782,5.355817426777635,5.362307360614703,5.522681867821757
05/17/2023 16:15:40.217598,1992,True,True,True,True,Eyes,1.133902,-0.2819431,-3.439839,0.3580067,0.05065756,0.9323438,0.0,0.0,0.0,0.0,0.0,0.0,0.0,-2.309856,0.1521294,2.81384,1.139854,-0.2842433,-3.449089,0.01250975,0.179226,-0.06031447,0.9818777,2.647202,20.53757,353.4494,0.3114093,-0.07731955,-0.9471245,0,0,0,1.519645,-0.2915893,-2.641405,0.06797761,0.04177599,0.8889784,0.9284804,-0.1139587,-0.3534651,0.122927,0.9924113,0.002946245,0.3504471,-0.04618594,0.935443,moving,-0.16818829805629376,5.568121613966186,4.372733204880474,2.690535866906462,0.379791,-0.007346000000000019,0.8076840000000001,-0.0029215846537641865,0.09702874060519891,0.9952772653226657,-0.26575196314561633,5.7119257917251165,5.369750859359923,5.3759155338895335,5.53573317021275
05/17/2023 16:15:40.267538,1993,True,True,True,True,Eyes,1.134178,-0.2820536,-3.439768,0.361193,0.04833303,0.9312376,0.0,0.0,0.0,0.0,0.0,0.0,0.0,-2.31579,0.1565734,2.80876,1.140022,-0.2843832,-3.449059,0.01334117,0.1801853,-0.06046489,0.9816819,2.750299,20.64411,353.4518,0.3114807,-0.07734849,-0.9470987,0,0,0,1.523059,-0.2939437,-2.641802,0.0695678,0.04138147,0.8898994,0.9277545,-0.1139068,-0.3553827,0.1235223,0.992332,0.004403806,0.352156,-0.04798335,0.9347106,moving,-0.07786722806946089,5.547958073783238,4.4700009825760745,2.662409721448192,0.38303699999999985,-0.009560499999999972,0.8072569999999999,-0.0013526728072754124,0.09667879993345777,0.995314680194884,-0.1752631755604107,5.691180228597176,5.38014073452159,5.3860462822987065,5.5454422622404955
05/17/2023 16:15:40.277169,1994,True,True,True,True,Eyes,1.134435,-0.2821645,-3.439696,0.3644661,0.04586825,0.9300863,0.0,0.0,0.0,0.0,0.0,0.0,0.0,-2.321624,0.1606491,2.803598,1.140199,-0.2844727,-3.448903,0.01417107,0.1811319,-0.06070075,0.9814814,2.854911,20.74899,353.4447,0.3115523,-0.07737753,-0.9470727,0,0,0,1.526378,-0.2962322,-2.642188,0.07111421,0.04103012,0.8906857,0.9270133,-0.1140196,-0.3572757,0.124287,0.9922292,0.005827599,0.3538349,-0.04980698,0.9339808,moving,0.019450194135888225,5.522140442201096,4.564931246115965,2.6375094418192546,0.38617900000000005,-0.011759499999999978,0.8067150000000001,0.00033789446432624937,0.09623038252621718,0.9953590101873553,-0.07773586227685457,5.66468596220579,5.377909001129348,5.383539170682595,5.542396193428622
05/17/2023 16:15:40.317328,1995,True,True,True,True,Eyes,1.134664,-0.2822744,-3.439612,0.3678377,0.04331892,0.9288804,0.0,0.0,0.0,0.0,0.0,0.0,0.0,-2.324281,0.1643864,2.801274,1.140308,-0.2845831,-3.448935,0.01510145,0.1814965,-0.06128981,0.9813638,2.974288,20.78456,353.3982,0.3116237,-0.07740666,-0.9470469,0,0,0,1.529698,-0.2985213,-2.642573,0.07366949,0.04111005,0.8915834,0.9266051,-0.1148135,-0.3580793,0.1257769,0.992031,0.007392255,0.3543771,-0.0518878,0.9336619,moving,0.18730737408023687,5.514993208204855,4.723488641306461,2.6399832438021646,0.3893899999999999,-0.013938200000000012,0.806362,0.003253992060342048,0.09610571173619661,0.9953657637184267,0.09021675687474612,5.656824098721511,5.365236792035746,5.370532821289604,5.528882084018062
05/17/2023 16:15:40.331692,1996,True,True,True,True,Eyes,1.134877,-0.2823855,-3.439524,0.371258,0.04069437,0.9276376,0.0,0.0,0.0,0.0,0.0,0.0,0.0,-2.328982,0.1674231,2.79711,1.140464,-0.2847037,-3.448811,0.01579675,0.1822488,-0.06160644,0.9811935,3.064191,20.86735,353.3789,0.3116942,-0.0774359,-0.9470213,0,0,0,1.538874,-0.3048488,-2.64364,0.08170837,0.03735723,0.8940718,0.92598,-0.1151378,-0.359589,0.1266535,0.9919102,0.008543942,0.3556963,-0.05345474,0.9330717,moving,0.3179394051349848,5.4693596015453,5.221701794201353,2.3926124398112876,0.39841000000000015,-0.02014509999999997,0.8051710000000001,0.005523798734200502,0.09531197331789971,0.9954321506949877,0.2212088149660731,5.61014936080824,5.784047244753113,5.789063712351091,5.946215088050538
05/17/2023 16:15:40.347401,1997,True,True,True,True,Eyes,1.135103,-0.2825142,-3.439425,0.3747236,0.03793134,0.9263603,0.0,0.0,0.0,0.0,0.0,0.0,0.0,-2.333025,0.1724601,2.793381,1.140574,-0.2848351,-3.448722,0.01677078,0.1828791,-0.0618752,0.9810431,3.183678,20.93451,353.3705,0.3117636,-0.0774653,-0.9469961,0,0,0,1.541677,-0.3067817,-2.643966,0.08329558,0.03765814,0.8947856,0.9254534,-0.1152704,-0.3608999,0.1275385,0.9917805,0.01027435,0.3567491,-0.05553707,0.932548,moving,0.465833672007385,5.447412496530744,5.318336268654165,2.4099403530537358,0.401103,-0.021946599999999983,0.8047560000000002,0.008093525839167809,0.09492900185770087,0.9954511277873146,0.36929877148281365,5.587383205743835,5.720059191663138,5.724772351182408,5.8812511619994154
05/17/2023 16:15:40.377203,1998,True,True,True,True,Eyes,1.135318,-0.2826447,-3.439321,0.3782329,0.03510231,0.9250447,0.0,0.0,0.0,0.0,0.0,0.0,0.0,-2.349279,0.1862426,2.778662,1.141057,-0.2853254,-3.448383,0.01954766,0.185486,-0.06270736,0.9804492,3.531291,21.2203,353.3427,0.3118324,-0.07749533,-0.946971,0,0,0,1.548942,-0.3117909,-2.64481,0.08542815,0.03898377,0.8966501,0.9233255,-0.1157111,-0.3661707,0.1302144,0.9913714,0.0150683,0.3612676,-0.06159364,0.9304256,moving,0.3711182940206885,5.623534171996875,5.442415581508666,2.4894880612678927,0.40788500000000005,-0.026465499999999975,0.8035730000000001,0.006446018934308073,0.09798964390368667,0.9951665560776065,0.27330235872538094,5.765990904438148,5.956089228705084,5.961568686365894,6.120065554490063
05/17/2023 16:15:40.387418,1999,True,True,True,True,Eyes,1.135556,-0.2827789,-3.439227,0.3817679,0.03219542,0.9236973,0.0,0.0,0.0,0.0,0.0,0.0,0.0,-2.353055,0.1891279,2.775213,1.141274,-0.2854894,-3.448252,0.02026425,0.1860617,-0.06312424,0.9802988,3.624659,21.28208,353.3125,0.3119004,-0.07752599,-0.9469461,0,0,0,1.553244,-0.3147572,-2.64531,0.08860335,0.03812166,0.8977678,0.9227927,-0.1162204,-0.3673504,0.131302,0.9912094,0.01624003,0.3622338,-0.06322003,0.9299408,moving,0.5313705416558238,5.568994162595598,5.63643643927152,2.431473788808151,0.41197000000000017,-0.02926780000000001,0.8029420000000003,0.009230263323088572,0.09704017905399848,0.9952376512445813,0.4339859933301644,5.710191130095888,5.987060336799303,5.992139176865811,6.149429082974804
05/17/2023 16:15:40.397429,2000,True,True,True,True,Eyes,1.135788,-0.2829165,-3.439133,0.3851938,0.02934395,0.9223691,0.0,0.0,0.0,0.0,0.0,0.0,0.0,-2.356481,0.1920714,2.772022,1.141383,-0.2856017,-3.448141,0.02092126,0.1866035,-0.06341261,0.9801635,3.708397,21.34067,353.2957,0.3119681,-0.0775573,-0.9469212,0,0,0,1.556898,-0.317277,-2.645735,0.09127408,0.0374229,0.8987657,0.9223159,-0.1165015,-0.3684572,0.1321174,0.9910823,0.01734648,0.3631505,-0.06467853,0.9294829,moving,0.6906562921967159,5.507717399142829,5.798787838925564,2.384310364294229,0.41551499999999986,-0.03167529999999996,0.802406,0.011998293287844825,0.09597292094399482,0.9953116732956111,0.5937509152423632,5.647576683631153,5.982694462379918,5.9873766713000585,6.143396165625674
05/17/2023 16:15:40.432059,2001,True,True,True,True,Eyes,1.13602,-0.2830602,-3.439038,0.3885193,0.02654837,0.9210581,0.0,0.0,0.0,0.0,0.0,0.0,0.0,-2.35998,0.1949023,2.76877,1.141477,-0.2858057,-3.448033,0.02156982,0.1871574,-0.06373996,0.9800225,3.792117,21.40057,353.2743,0.3120356,-0.07758926,-0.9468964,0,0,0,1.560534,-0.3197845,-2.646158,0.09390372,0.03683638,0.8997737,0.9218186,-0.1168593,-0.3695866,0.1330071,0.990944,0.018419,0.3640871,-0.06613661,0.9290137,moving,0.842138064041146,5.448954413663292,5.958031297746147,2.344357420344279,0.419057,-0.03397880000000003,0.8018750000000003,0.014631152249762885,0.09494874222308816,0.9953746790690704,0.7456918648952022,5.58753564204753,5.9798738514208685,5.984219754453713,6.138948390480504
05/17/2023 16:15:40.447405,2002,True,True,True,True,Eyes,1.136295,-0.2832143,-3.43895,0.3919215,0.02364055,0.9196949,0.0,0.0,0.0,0.0,0.0,0.0,0.0,-2.363694,0.1984443,2.765302,1.141628,-0.2859839,-3.44793,0.02222458,0.1877522,-0.06386439,0.9798861,3.872501,21.46596,353.2763,0.3121027,-0.077622,-0.9468715,0,0,0,1.563414,-0.3217702,-2.646492,0.09562403,0.03653866,0.9005599,0.9213408,-0.1168142,-0.3707903,0.133505,0.9908549,0.01957374,0.3651129,-0.06753646,0.9285104,moving,0.9966843673940278,5.380172564882078,6.06111878769094,2.3234027719053785,0.421786,-0.03578629999999999,0.8014380000000001,0.01731793778585866,0.09374973021348143,0.9954451888317646,0.9007696034737814,5.517343011588162,5.911452028182577,5.915432153675921,6.0688102588329125
05/17/2023 16:15:40.457357,2003,True,True,True,True,Eyes,1.136581,-0.2833654,-3.438877,0.3953551,0.02074951,0.918294,0.0,0.0,0.0,0.0,0.0,0.0,0.0,-2.371835,0.2058958,2.757538,1.141993,-0.2863151,-3.447591,0.0236495,0.1890594,-0.06418225,0.9795805,4.048547,21.60964,353.2756,0.3121706,-0.07765567,-0.9468464,0,0,0,1.566374,-0.3238112,-2.646837,0.0958975,0.03768121,0.9011641,0.9202744,-0.116801,-0.3734336,0.1346857,0.9906427,0.02206465,0.3673621,-0.07060168,0.9273945,moving,1.06416860759306,5.398482395786667,6.074278242360595,2.3943667582854875,0.4243809999999999,-0.03749610000000003,0.800754,0.01848982931752391,0.09406586338143522,0.9953942973793672,0.9681411535191486,5.535621917726783,5.837788297053766,5.8417385525089705,5.995007918823691
05/17/2023 16:15:40.477411,2004,True,True,True,True,Eyes,1.136863,-0.2835148,-3.4388,0.3986891,0.01790913,0.9169112,0.0,0.0,0.0,0.0,0.0,0.0,0.0,-2.371696,0.2063352,2.757677,1.142012,-0.2863106,-3.447627,0.02370148,0.1890282,-0.06415383,0.9795872,4.053566,21.60583,353.2798,0.3122393,-0.07769007,-0.9468209,0,0,0,1.571036,-0.3270258,-2.647378,0.1007884,0.03518414,0.9026192,0.9203053,-0.116728,-0.3733803,0.134649,0.9906451,0.02218156,0.3672981,-0.0706891,0.9274132,moving,1.2929251912796098,5.266384729344695,6.371377001013416,2.2322621105374743,0.42902400000000007,-0.04071519999999995,0.8002490000000004,0.022468684886974344,0.09176320569053155,0.9955272755492208,1.197900344864121,5.401069463008049,5.9123751822143324,5.9157901289469494,6.066811415298259
05/17/2023 16:15:40.487370,2005,True,True,True,True,Eyes,1.137141,-0.2836642,-3.438721,0.401926,0.01512258,0.9155473,0.0,0.0,0.0,0.0,0.0,0.0,0.0,-2.375682,0.2096912,2.753832,1.142208,-0.2864053,-3.447428,0.0244197,0.1896633,-0.06440482,0.9794303,4.144105,21.67517,353.2693,0.3123087,-0.07772508,-0.9467952,0,0,0,1.573958,-0.3290406,-2.647718,0.1024634,0.03495496,0.9033497,0.9197597,-0.116897,-0.3746694,0.1354231,0.9905114,0.02340432,0.3683785,-0.07226525,0.9268631,moving,1.4315864541189522,5.213373837268506,6.471177686735115,2.2159447240374104,0.4317500000000001,-0.04263530000000004,0.7997100000000001,0.02488001183179439,0.09083690955129613,0.9955549715176784,1.3369763701355968,5.346898106981132,5.860457088928301,5.863621839844981,6.013559033179849
05/17/2023 16:15:40.502966,2006,True,True,True,True,Eyes,1.137399,-0.2838111,-3.438633,0.4052886,0.01232939,0.9141056,0.0,0.0,0.0,0.0,0.0,0.0,0.0,-2.379517,0.2132493,2.750175,1.142343,-0.2865371,-3.447316,0.02511168,0.1902821,-0.06456781,0.979282,4.229693,21.74311,353.2682,0.3123785,-0.07776065,-0.9467692,0,0,0,1.577627,-0.3315707,-2.648145,0.1049719,0.03427266,0.9044228,0.9192474,-0.1169036,-0.3759225,0.1360168,0.9904009,0.02461063,0.3694369,-0.07375503,0.9263242,moving,1.5814462528654196,5.155999642476917,6.620416881380858,2.170157183205078,0.4352839999999998,-0.04503360000000001,0.7991709999999999,0.027486353491092158,0.08983380507633554,0.995577369638524,1.4872850133654683,5.28826873405083,5.854247923542924,5.85717339564331,6.0059688991829505
05/17/2023 16:15:40.517291,2007,True,True,True,True,Eyes,1.137653,-0.2839612,-3.438542,0.4085417,0.00958789,0.9126893,0.0,0.0,0.0,0.0,0.0,0.0,0.0,-2.383049,0.2161531,2.746729,1.142469,-0.2866379,-3.447139,0.02570686,0.1908589,-0.06473929,0.9791428,4.304298,21.80665,353.2639,0.3124484,-0.0777967,-0.9467432,0,0,0,1.579885,-0.3331274,-2.648407,0.10613,0.03417949,0.9050053,0.9187633,-0.1169653,-0.3770849,0.1365908,0.990296,0.02562924,0.3704278,-0.07505353,0.925824,moving,1.7299879976666976,5.090523375274962,6.688528708548371,2.1628715543794685,0.437416,-0.04648950000000002,0.7987319999999998,0.030070432518591844,0.08868942736764433,0.9956053239960985,1.6363330301322714,5.2214441617684555,5.7556583801478896,5.758321905369969,5.905890920739781
05/17/2023 16:15:40.530041,2008,True,True,True,True,Eyes,1.137892,-0.2841131,-3.438443,0.4118587,0.006802333,0.9112223,0.0,0.0,0.0,0.0,0.0,0.0,0.0,-2.386065,0.2190817,2.743754,1.142594,-0.2868502,-3.446981,0.0263591,0.1913286,-0.06504697,0.9790136,4.387559,21.85682,353.2451,0.3125183,-0.07783326,-0.9467171,0,0,0,1.582828,-0.3351568,-2.648749,0.108166,0.03400914,0.905791,0.9183245,-0.1172772,-0.3780558,0.1374502,0.9901481,0.02672114,0.3711975,-0.07650253,0.9253972,moving,1.89435803899436,5.0337116322805,6.8097892598975465,2.1502369803068184,0.4402339999999998,-0.04830659999999998,0.798232,0.032929407274240124,0.08769428086796599,0.9956029870168334,1.8011517493432967,5.1633297501986535,5.696319229372649,5.69876215997865,5.84509860927132
05/17/2023 16:15:40.547462,2009,True,True,True,True,Eyes,1.138129,-0.2842653,-3.43834,0.4150757,0.004041714,0.9097779,0.0,0.0,0.0,0.0,0.0,0.0,0.0,-2.389604,0.2241507,2.740201,1.142844,-0.2870566,-3.446833,0.02734994,0.1918542,-0.06533467,0.9788644,4.508858,21.91184,353.2361,0.3125878,-0.07787035,-0.9466912,0,0,0,1.586518,-0.3377013,-2.649178,0.1107223,0.03398134,0.9067802,0.9178467,-0.1174132,-0.3791722,0.138402,0.9899668,0.02847431,0.3720246,-0.07861322,0.924888,moving,2.044471166856078,5.01456321177834,6.961633166453156,2.146139396120533,0.4436740000000001,-0.05064469999999999,0.7976549999999998,0.0355388080632586,0.08735373219503131,0.9955432276420744,1.9514411970103298,5.143387848995555,5.690340894110277,5.6926564375969875,5.838280727999563
05/17/2023 16:15:40.567282,2010,True,True,True,True,Eyes,1.13836,-0.2844173,-3.438232,0.4183776,0.001259711,0.9082724,0.0,0.0,0.0,0.0,0.0,0.0,0.0,-2.393389,0.2294882,2.736285,1.14301,-0.2871919,-3.446633,0.02836942,0.1924451,-0.06556973,0.9787036,4.632692,21.9746,353.2341,0.3126569,-0.07790796,-0.9466652,0,0,0,1.589496,-0.339755,-2.649524,0.1125173,0.0343009,0.9075567,0.917331,-0.1174275,-0.3804137,0.1392658,0.9897915,0.03029337,0.372973,-0.08076765,0.9243202,moving,2.193170319295829,4.996244939632507,7.06736833380717,2.1644508072758124,0.44648599999999994,-0.052563099999999974,0.7971089999999998,0.038123505529633644,0.0870271488506329,0.9954762826629197,2.1003103747706335,5.124291434549024,5.634922319657797,5.637097151257561,5.782068946950156
05/17/2023 16:15:40.577457,2011,True,True,True,True,Eyes,1.138591,-0.2845703,-3.438122,0.421589,-0.001492453,0.9067858,0.0,0.0,0.0,0.0,0.0,0.0,0.0,-2.396894,0.2341389,2.732593,1.143134,-0.2873197,-3.446401,0.02922295,0.1930107,-0.0657082,0.9785579,4.735583,22.03572,353.2395,0.3127257,-0.07794602,-0.9466393,0,0,0,1.592792,-0.3420276,-2.649907,0.1147612,0.03410646,0.9084349,0.9168586,-0.1173178,-0.3815846,0.1398792,0.9896569,0.03182791,0.3739039,-0.08255745,0.9237858,moving,2.3411684904741294,4.958100905687542,7.199949325492487,2.1501142422314103,0.4496579999999999,-0.054707899999999976,0.796494,0.040697129721366215,0.08635562258319784,0.9954327950692138,2.2486197650307953,5.085131930794613,5.6097823561184565,5.6118214783516756,5.755865985972976
05/17/2023 16:15:40.597192,2012,True,True,True,True,Eyes,1.138825,-0.284727,-3.43801,0.4249303,-0.00427758,0.9052159,0.0,0.0,0.0,0.0,0.0,0.0,0.0,-2.401396,0.2391512,2.728107,1.143358,-0.2874753,-3.446238,0.03018217,0.1937244,-0.06590985,0.9783741,4.852771,22.11338,353.2408,0.3127941,-0.07798453,-0.9466135,0,0,0,1.596139,-0.3443353,-2.650296,0.1166457,0.03410871,0.9093934,0.9162535,-0.1172749,-0.3830485,0.140663,0.9894899,0.03352221,0.3750913,-0.08459561,0.9231197,moving,2.4796098883248097,4.931466302384189,7.309280444553944,2.1479917077301285,0.4527809999999999,-0.05686000000000002,0.7959420000000001,0.043103991762957955,0.08588419285470897,0.9953722090119608,2.3872877751274215,5.057656917716337,5.572435213712027,5.574356330626094,5.717706137262785
05/17/2023 16:15:40.617534,2013,True,True,True,True,Eyes,1.139058,-0.2848846,-3.437896,0.4281803,-0.007034332,0.9036659,0.0,0.0,0.0,0.0,0.0,0.0,0.0,-2.406027,0.2445365,2.723421,1.143572,-0.287686,-3.446051,0.03114669,0.1944702,-0.06602632,0.978188,4.968896,22.19521,353.2522,0.3128623,-0.07802355,-0.9465877,0,0,0,1.599568,-0.3466996,-2.650695,0.1185679,0.03408122,0.9103768,0.9156438,-0.1170581,-0.3845698,0.1412865,0.9893408,0.03525433,0.3763438,-0.08661493,0.9224225,moving,2.6094470212374743,4.903793165518007,7.420460507867735,2.1439458945400776,0.45599600000000007,-0.0590136,0.7953560000000004,0.045361393083785145,0.08539488789986997,0.9953140042698351,2.5173566465842274,5.029162999158545,5.544581534610348,5.546404937223984,5.689016190460018
05/17/2023 16:15:40.630193,2014,True,True,True,True,Eyes,1.13927,-0.2850394,-3.437768,0.431609,-0.009804455,0.9020075,0.0,0.0,0.0,0.0,0.0,0.0,0.0,-2.410632,0.2491495,2.718822,1.143772,-0.2878439,-3.445888,0.03209736,0.1952027,-0.06631596,0.9779918,5.087214,22.2748,353.2438,0.3129303,-0.07806306,-0.9465621,0,0,0,1.602866,-0.348974,-2.651078,0.1203806,0.03415892,0.9113553,0.9149962,-0.1171819,-0.3860703,0.1422439,0.9891439,0.03689181,0.3775561,-0.08867201,0.9217313,moving,2.751526955617405,4.880037262399867,7.5246187054668905,2.1465242020731026,0.4590939999999999,-0.06113010000000002,0.79481,0.047831129340522194,0.08497240747339578,0.9952345750170072,2.659643628895892,5.004587911572168,5.498690962864938,5.500408939656961,5.642385192736539
05/17/2023 16:15:40.647505,2015,True,True,True,True,Eyes,1.139483,-0.2851961,-3.437638,0.4349458,-0.01253289,0.9003693,0.0,0.0,0.0,0.0,0.0,0.0,0.0,-2.415626,0.2541839,2.713694,1.144019,-0.2879697,-3.445619,0.0331092,0.1960059,-0.06656988,0.9777803,5.212118,22.36256,353.2413,0.3129977,-0.07810296,-0.9465365,0,0,0,1.606213,-0.3512822,-2.651468,0.1221054,0.03425017,0.9122643,0.9143003,-0.1172022,-0.3877094,0.1431606,0.9889445,0.03865088,0.3788931,-0.09084321,0.920971,moving,2.8796794953481544,4.863322182582441,7.623654542862487,2.1501103692337886,0.462194,-0.0633125,0.7941510000000003,0.05005830948368867,0.08467280019830334,0.9951504816911338,2.78794931786624,4.9871909788993865,5.463417477343701,5.465054217071712,5.606520436848199
05/17/2023 16:15:40.667835,2016,True,True,True,True,Eyes,1.139716,-0.2853607,-3.437515,0.4382535,-0.01526382,0.8987218,0.0,0.0,0.0,0.0,0.0,0.0,0.0,-2.420381,0.2584333,2.708963,1.144234,-0.288153,-3.445462,0.0339237,0.1967812,-0.06672096,0.9775862,5.31237,22.4486,353.2461,0.3130646,-0.07814329,-0.946511,0,0,0,1.609515,-0.353559,-2.651851,0.1238368,0.03403363,0.9132849,0.9136509,-0.1170999,-0.3892681,0.1438021,0.988795,0.04006781,0.3802144,-0.09258555,0.9202526,moving,3.0117030045091417,4.821631832639997,7.721921859527945,2.134143982662365,0.46528100000000006,-0.06540600000000002,0.7936109999999998,0.05235451288737819,0.08393878453277709,0.9950946053968779,2.920305102962363,4.944502015867495,5.421438228455305,5.422983736463907,5.563599172454103
05/17/2023 16:15:40.677311,2017,True,True,True,True,Eyes,1.139949,-0.285527,-3.437391,0.441481,-0.017973,0.8970906,0.0,0.0,0.0,0.0,0.0,0.0,0.0,-2.425551,0.2642899,2.703638,1.14441,-0.2884183,-3.445278,0.0350589,0.1976135,-0.06699129,0.9773597,5.451727,22.53921,353.2449,0.3131314,-0.07818418,-0.9464856,0,0,0,1.612908,-0.3558984,-2.652246,0.1255467,0.03448239,0.9143271,0.9129221,-0.117093,-0.3909763,0.1448054,0.9885661,0.04205353,0.3815817,-0.09500708,0.9194396,moving,3.129540988035892,4.819189047523751,7.818419461209617,2.159795477088609,0.4684980000000001,-0.06748009999999999,0.7930320000000002,0.054401211671421645,0.0838871701726975,0.9949891946887954,3.038191725869992,4.941588712438334,5.389052436141788,5.39054315432719,5.530727873069483
05/17/2023 16:15:40.697418,2018,True,True,True,True,Eyes,1.140202,-0.2856988,-3.437274,0.4447056,-0.02065362,0.8954387,0.0,0.0,0.0,0.0,0.0,0.0,0.0,-2.430966,0.2697532,2.698114,1.14464,-0.2886034,-3.445097,0.03610148,0.1984955,-0.06717686,0.9771302,5.579125,22.63659,353.2518,0.3131983,-0.07822562,-0.94646,0,0,0,1.616148,-0.3581327,-2.652622,0.1269747,0.0347135,0.9153379,0.9121736,-0.1169491,-0.3927623,0.1456131,0.9883679,0.04388307,0.3830616,-0.0972203,0.9185925,moving,3.2428256124757415,4.8052624741302745,7.897609209375939,2.171858431278256,0.4715079999999998,-0.06952930000000002,0.792475,0.05636958162668612,0.0836361771726099,0.9949007831353528,3.151605675372755,4.927069671595549,5.346639011356181,5.348067612407354,5.48778083778329
05/17/2023 16:15:40.717536,2019,True,True,True,True,Eyes,1.140458,-0.2858713,-3.437155,0.4478607,-0.02332438,0.893799,0.0,0.0,0.0,0.0,0.0,0.0,0.0,-2.436042,0.2739523,2.693049,1.14492,-0.2888284,-3.444938,0.03700937,0.199304,-0.06749461,0.9769098,5.693883,22.72535,353.2406,0.3132656,-0.07826769,-0.9464343,0,0,0,1.619502,-0.3604455,-2.653012,0.1286079,0.03477506,0.9163817,0.9114448,-0.11712,-0.3943999,0.1466245,0.9881496,0.04540573,0.3844081,-0.0992135,0.9178165,moving,3.3606670982705267,4.780881336142555,7.988892927659077,2.173230399494788,0.47458200000000006,-0.07161709999999999,0.7919260000000001,0.05841781444977995,0.08320298517378366,0.9948188317080435,3.2696522460502857,4.9019524829605645,5.310909746644948,5.312279899931791,5.451344496520581
05/17/2023 16:15:40.737217,2020,True,True,True,True,Eyes,1.140727,-0.2860449,-3.437036,0.451047,-0.02596191,0.8921224,0.0,0.0,0.0,0.0,0.0,0.0,0.0,-2.442225,0.2787698,2.686875,1.145213,-0.2889953,-3.44477,0.03809842,0.2002981,-0.06790154,0.9766364,5.832334,22.83458,353.2245,0.3133334,-0.07831034,-0.9464083,0,0,0,1.622866,-0.3627649,-2.653403,0.1298733,0.03513082,0.9174721,0.9105401,-0.1173681,-0.3964107,0.1478923,0.9878758,0.04721551,0.386063,-0.1016177,0.9168584,moving,3.4573566042929933,4.780107728252341,8.057006787900313,2.1928349003129473,0.4776529999999999,-0.07376959999999999,0.7913670000000002,0.060096643884360396,0.08318124458822868,0.9947205977078175,3.366372885371585,4.900807697012594,5.276054585735488,5.277382163322301,5.416194519698974
05/17/2023 16:15:40.757028,2021,True,True,True,True,Eyes,1.140993,-0.2862208,-3.436919,0.4541695,-0.02859384,0.8904563,0.0,0.0,0.0,0.0,0.0,0.0,0.0,-2.449029,0.2819846,2.680172,1.145549,-0.2891508,-3.444516,0.03892943,0.2014229,-0.06827708,0.9763461,5.942039,22.96053,353.2073,0.3134019,-0.07835354,-0.946382,0,0,0,1.626155,-0.3650326,-2.653785,0.130843,0.03502902,0.918503,0.9095341,-0.1176416,-0.3986329,0.1490067,0.9876455,0.04851205,0.388001,-0.1035223,0.9158266,moving,3.5369565175003514,4.748848645286489,8.107377454977282,2.18403514121498,0.4806060000000001,-0.0758818,0.7907310000000001,0.061481357895081246,0.08263156407469929,0.9946818747096133,3.4462167991645662,4.8688724209775796,5.23961600953712,5.24089838256716,5.3791049328024325
05/17/2023 16:15:40.767502,2022,True,True,True,True,Eyes,1.141265,-0.2863989,-3.436799,0.4572974,-0.03120961,0.888766,0.0,0.0,0.0,0.0,0.0,0.0,0.0,-2.455467,0.2875349,2.673711,1.145747,-0.2893552,-3.444453,0.04008385,0.2024779,-0.0685925,0.9760591,6.086242,23.0772,353.2039,0.313471,-0.07839728,-0.9463555,0,0,0,1.629675,-0.36746,-2.654195,0.1321815,0.03541999,0.9198197,0.9085956,-0.1176685,-0.4007596,0.1501328,0.9873767,0.05047147,0.3897618,-0.1060253,0.914792,moving,3.6238407923944678,4.753068128884466,8.177631131230035,2.2052297159392333,0.4839279999999999,-0.07810480000000003,0.7902580000000001,0.06298929528525882,0.08269702425279343,0.9945820757576078,3.53309400335787,4.872817849231145,5.216839005681333,5.218092278654281,5.356094806952435
05/17/2023 16:15:40.777304,2023,True,True,True,True,Eyes,1.141539,-0.2865726,-3.436677,0.4603596,-0.03381456,0.8870883,0.0,0.0,0.0,0.0,0.0,0.0,0.0,-2.461207,0.2921722,2.667713,1.145992,-0.289554,-3.444192,0.04107093,0.2034257,-0.06888082,0.9758005,6.210314,23.1823,353.1995,0.3135408,-0.07844159,-0.9463287,0,0,0,1.633081,-0.3698088,-2.654591,0.1336575,0.03555689,0.9208906,0.9077469,-0.1177181,-0.4026637,0.1511376,0.9871372,0.05212982,0.3913477,-0.1081783,0.9138623,moving,3.720716531553699,4.738877213335294,8.258209078764544,2.211172775401322,0.4870890000000001,-0.08025480000000002,0.7896010000000002,0.06467221938644818,0.08244179605952262,0.9944952951518449,3.6300966053099537,4.858092669460729,5.192827609338949,5.194047395003732,5.331567311074055
05/17/2023 16:15:40.797380,2024,True,True,True,True,Eyes,1.14182,-0.2867482,-3.436553,0.4634728,-0.03641775,0.8853625,0.0,0.0,0.0,0.0,0.0,0.0,0.0,-2.467356,0.2969331,2.661427,1.146317,-0.2895952,-3.444023,0.04214086,0.2044247,-0.06921782,0.9755222,6.345197,23.29281,353.1919,0.3136113,-0.07848628,-0.9463016,0,0,0,1.636134,-0.3719139,-2.654945,0.1345631,0.03589643,0.9219248,0.906839,-0.1178178,-0.4046754,0.1522763,0.986866,0.05391902,0.3930078,-0.1105183,0.9128694,moving,3.8145574902263917,4.7355010118328025,8.304187656341098,2.2297648651953206,0.48981699999999995,-0.08231870000000002,0.789078,0.06630132100445796,0.08237436835758893,0.9943936059387671,3.7239865019496214,4.85432445013959,5.140369472343982,5.141545746665376,5.278878254857925
05/17/2023 16:15:40.817588,2025,True,True,True,True,Eyes,1.142105,-0.2869208,-3.436425,0.4665169,-0.03901233,0.8836516,0.0,0.0,0.0,0.0,0.0,0.0,0.0,-2.473294,0.2993089,2.655554,1.14673,-0.2898016,-3.4438,0.04282429,0.2053906,-0.06959301,0.9752629,6.437387,23.40096,353.1713,0.3136827,-0.07853137,-0.9462742,0,0,0,1.639478,-0.3742199,-2.655334,0.1358012,0.03558441,0.9229831,0.905943,-0.1181515,-0.4065802,0.1533344,0.9866458,0.05494237,0.3946591,-0.1121174,0.9119616,moving,3.9105666026517616,4.690931745538578,8.370041709907463,2.20787059089356,0.49274799999999996,-0.0844183,0.7884660000000001,0.06797190186039653,0.08159163460968204,0.9943453905858867,3.820338878603757,4.808856494297379,5.103025194694292,5.1041660366743855,5.240698762844354
05/17/2023 16:15:40.837662,2026,True,True,True,True,Eyes,1.142399,-0.2870987,-3.436303,0.4696126,-0.04160592,0.8818916,0.0,0.0,0.0,0.0,0.0,0.0,0.0,-2.479308,0.3025117,2.649439,1.147062,-0.2898775,-3.443578,0.04381168,0.2063521,-0.07021551,0.9749714,6.569511,23.50575,353.1298,0.3137549,-0.07857674,-0.9462465,0,0,0,1.6428,-0.3765101,-2.65572,0.1370649,0.03586854,0.9240713,0.9049772,-0.1188349,-0.4085273,0.1549975,0.9863006,0.05645204,0.3962223,-0.1144085,0.9109986,moving,4.007604872985204,4.688354062525579,8.437006833076113,2.2228639372289054,0.495738,-0.0866326,0.787858,0.0696561641282375,0.0815373922384178,0.9942331282321389,3.917421239675532,4.8058844934725835,5.068230599897826,5.069343476426962,5.205636284840835
05/17/2023 16:15:40.847685,2027,True,True,True,True,Eyes,1.142692,-0.2872793,-3.43618,0.4726363,-0.04419019,0.880149,0.0,0.0,0.0,0.0,0.0,0.0,0.0,-2.485232,0.3041994,2.64366,1.147281,-0.290139,-3.44346,0.04450359,0.2073243,-0.07080337,0.9746913,6.667826,23.61329,353.0858,0.313828,-0.0786225,-0.9462184,0,0,0,1.646127,-0.378804,-2.656107,0.138387,0.03582348,0.9253101,0.9040071,-0.1195695,-0.4104562,0.1564762,0.9860126,0.05739601,0.3978522,-0.116113,0.9100721,moving,4.101414400666174,4.652234303896676,8.505964563975,2.2171049963543203,0.4988459999999999,-0.088665,0.787353,0.07128763020255616,0.08090126528831959,0.994169586250645,4.011513194555313,4.768976540348039,5.031803900821534,5.032883555731796,5.16837900014341
05/17/2023 16:15:40.867447,2028,True,True,True,True,Eyes,1.142997,-0.2874659,-3.436067,0.4756257,-0.04678407,0.8784028,0.0,0.0,0.0,0.0,0.0,0.0,0.0,-2.490921,0.3081079,2.637777,1.14755,-0.2903593,-3.443299,0.0455184,0.2082382,-0.07132295,0.9744116,6.800443,23.71301,353.0566,0.313902,-0.07866866,-0.9461901,0,0,0,1.649647,-0.3812316,-2.656516,0.1399521,0.03615922,0.9265487,0.9030998,-0.1200385,-0.4123124,0.1579532,0.9856822,0.059003,0.3993265,-0.1184116,0.9091299,moving,4.198758016553923,4.649317348781908,8.589406988939302,2.234874306671296,0.502097,-0.09087230000000002,0.7867830000000002,0.07297694428967685,0.08084074568825561,0.9940518971325408,4.108903401461785,4.76566001860892,5.009665133107349,5.010721864392908,5.14585160271325
05/17/2023 16:15:40.877401,2029,True,True,True,True,Eyes,1.143305,-0.2876551,-3.435956,0.4785461,-0.04935643,0.8766742,0.0,0.0,0.0,0.0,0.0,0.0,0.0,-2.495548,0.3144137,2.632693,1.14775,-0.2906193,-3.44324,0.04673095,0.2089711,-0.07157093,0.9741791,6.947577,23.79238,353.0616,0.3139769,-0.07871534,-0.9461613,0,0,0,1.65274,-0.3833642,-2.656876,0.1414047,0.03696722,0.9276979,0.9024174,-0.119915,-0.4138396,0.1589766,0.9853877,0.06113612,0.4004613,-0.1209611,0.9082946,moving,4.313384279234377,4.661428692680215,8.666622868546092,2.281934310780957,0.50499,-0.09274489999999996,0.7863639999999998,0.07496429430318005,0.08103889161979091,0.9938878873282727,4.223473665679538,4.77748901074071,4.960104901380287,4.961116782435461,5.0960149233911105
05/17/2023 16:15:40.897380,2030,True,True,True,True,Eyes,1.143623,-0.2878522,-3.435855,0.4814969,-0.05195444,0.8749067,0.0,0.0,0.0,0.0,0.0,0.0,0.0,-2.501042,0.3190593,2.627007,1.148108,-0.290852,-3.443171,0.04769461,0.2098551,-0.07180934,0.9739248,7.067643,23.89073,353.0633,0.3140528,-0.07876254,-0.9461321,0,0,0,1.656093,-0.3856761,-2.657265,0.1427331,0.03713344,0.9289433,0.9016085,-0.1198559,-0.4156161,0.1598917,0.9851373,0.06276281,0.4019164,-0.123041,0.9073721,moving,4.4146914186518975,4.643479713976098,8.735240971323256,2.2891141416963507,0.5079850000000001,-0.09482410000000002,0.7859059999999998,0.07672353165310708,0.08071670814021673,0.9937799429289643,4.324935641053374,4.75894370165334,4.919400324136645,4.920384709047131,5.0547849767763875
05/17/2023 16:15:40.917288,2031,True,True,True,True,Eyes,1.143939,-0.2880458,-3.435748,0.4843733,-0.05455636,0.8731586,0.0,0.0,0.0,0.0,0.0,0.0,0.0,-2.506927,0.3258603,2.620639,1.148326,-0.291172,-3.443135,0.04900941,0.2108116,-0.07206295,0.9736342,7.227991,23.99613,353.0721,0.3141297,-0.07881041,-0.9461026,0,0,0,1.659562,-0.3880684,-2.657669,0.1440929,0.03797438,0.9303246,0.9007308,-0.1196624,-0.4175703,0.1609894,0.98481,0.06505106,0.4034433,-0.1258179,0.9063131,moving,4.500708166021267,4.6633089105945675,8.804272844904009,2.3374255906454966,0.511236,-0.0968964,0.785466,0.0782132350170334,0.08105120708177448,0.9936363633754842,4.41083377346739,4.778691013131962,4.89092172601526,4.891871028895225,5.026140043557668
05/17/2023 16:15:40.931529,2032,True,True,True,True,Eyes,1.144267,-0.2882368,-3.435653,0.4872705,-0.05715351,0.8713788,0.0,0.0,0.0,0.0,0.0,0.0,0.0,-2.512044,0.3312949,2.614845,1.148591,-0.2912562,-3.442883,0.05024487,0.2116301,-0.07250045,0.9733612,7.382885,24.08444,353.0575,0.3142074,-0.07885879,-0.9460728,0,0,0,1.662737,-0.3902577,-2.658038,0.1454919,0.03872271,0.9313767,0.8999128,-0.1198716,-0.4192705,0.1624049,0.9844383,0.06712627,0.4046994,-0.1284993,0.9053763,moving,4.604357578905998,4.681980437655258,8.878514746956327,2.3807454428352184,0.514146,-0.09900149999999996,0.7848450000000002,0.08000858569627534,0.08136338887806883,0.9934680176684947,4.514377498398258,4.797200661836231,4.853369848227906,4.8542869711812875,4.988481707863548
05/17/2023 16:15:40.947751,2033,True,True,True,True,Eyes,1.144592,-0.288426,-3.43556,0.4900801,-0.05972376,0.869629,0.0,0.0,0.0,0.0,0.0,0.0,0.0,-2.516297,0.3354681,2.610268,1.148763,-0.2913177,-3.442857,0.05123854,0.2123032,-0.07290169,0.9731327,7.508791,24.15691,353.0404,0.3142862,-0.07890752,-0.9460425,0,0,0,1.666087,-0.3925676,-2.658427,0.1473682,0.03895867,0.9327223,0.8992254,-0.1201298,-0.4206691,0.1636423,0.9841199,0.06876926,0.4057277,-0.1306783,0.904604,moving,4.721527619737936,4.6748469043273895,8.9783956768511,2.391784372439317,0.5173240000000001,-0.1012499,0.78443,0.0820409809564524,0.08122623051925866,0.9933134482553242,4.631629451839906,4.789542337672217,4.829554758152131,4.83045548371803,4.96423406727925
05/17/2023 16:15:40.967493,2034,True,True,True,True,Eyes,1.14495,-0.2886141,-3.435485,0.492904,-0.06221975,0.8678562,0.0,0.0,0.0,0.0,0.0,0.0,0.0,-2.520011,0.3398846,2.6062,1.149032,-0.2914443,-3.442824,0.05215395,0.2128783,-0.07313924,0.9729407,7.621304,24.21933,353.0395,0.3143658,-0.07895653,-0.946012,0,0,0,1.669379,-0.3948379,-2.65881,0.14929,0.03903747,0.93398,0.898667,-0.1201154,-0.421865,0.1645252,0.9838613,0.07034588,0.4066069,-0.1326249,0.9039255,moving,4.852421783640408,4.6586255232905005,9.08149592551163,2.393392960188389,0.5203469999999999,-0.10339360000000003,0.784014,0.08431206462942883,0.08092960837177748,0.9931474757714565,4.762673970724506,4.772634819759599,4.796645870499579,4.7975354779701185,4.930822943838802
05/17/2023 16:15:40.977354,2035,True,True,True,True,Eyes,1.145302,-0.2888039,-3.435409,0.4956506,-0.06466997,0.866111,0.0,0.0,0.0,0.0,0.0,0.0,0.0,-2.52405,0.3418699,2.602052,1.149322,-0.2914951,-3.442741,0.05266476,0.2135442,-0.07332373,0.9727533,7.687811,24.29447,353.0358,0.3144467,-0.07900569,-0.945981,0,0,0,1.672705,-0.3971314,-2.659196,0.1511388,0.03826383,0.9352673,0.8980451,-0.1201593,-0.4231747,0.1651443,0.9837,0.07114393,0.4077284,-0.1337754,0.9032506,moving,4.970777148739677,4.597537622620998,9.179615910977308,2.342789061902694,0.5233830000000002,-0.10563630000000002,0.7835449999999997,0.08637091590853627,0.07985654627441907,0.9930573918577935,4.881496316423784,4.710364684639622,4.773835978139007,4.774747616217559,4.907060869651312
05/17/2023 16:15:40.997372,2036,True,True,True,True,Eyes,1.145631,-0.2889884,-3.435328,0.4984193,-0.06708567,0.8643366,0.0,0.0,0.0,0.0,0.0,0.0,0.0,-2.528116,0.3434441,2.59784,1.149519,-0.2917157,-3.442615,0.05320632,0.2142111,-0.07371097,0.9725479,7.762715,24.36817,353.01,0.3145289,-0.07905504,-0.9459496,0,0,0,1.676031,-0.3994243,-2.659583,0.1530569,0.03787132,0.9365333,0.8973606,-0.1205801,-0.4245049,0.1661697,0.9834716,0.07191198,0.4088174,-0.1350708,0.9025654,moving,5.089583325550589,4.549033258089977,9.281748873449217,2.315652019945476,0.5265120000000001,-0.10770859999999999,0.783032,0.08843593867997918,0.07900146644477463,0.9929440552623117,5.000679858824967,4.660828696868421,4.749051542878846,4.749973024753306,4.881332354384323
05/17/2023 16:15:41.017296,2037,True,True,True,True,Eyes,1.14596,-0.2891676,-3.435236,0.501106,-0.0694433,0.8625952,0.0,0.0,0.0,0.0,0.0,0.0,0.0,-2.531332,0.3470373,2.594317,1.14968,-0.2918094,-3.442621,0.05410869,0.2146933,-0.07415068,0.9723584,7.878068,24.41827,352.9855,0.3146115,-0.07910445,-0.945918,0,0,0,1.679484,-0.4018057,-2.659984,0.1553985,0.03800078,0.9379339,0.8968169,-0.1209685,-0.4255421,0.1674356,0.9831479,0.07338676,0.4094933,-0.1370654,0.9019581,moving,5.221960920731909,4.5460272571533915,9.407405283476537,2.320093289821496,0.5298039999999999,-0.10999629999999999,0.7826369999999998,0.09073031815044666,0.07893301644269027,0.9927424955634301,5.133113961815696,4.657290953360807,4.739600754308881,4.740540743475654,4.871556139559391
05/17/2023 16:15:41.037597,2038,True,True,True,True,Eyes,1.146254,-0.289343,-3.435133,0.5038654,-0.07175517,0.8607967,0.0,0.0,0.0,0.0,0.0,0.0,0.0,-2.534699,0.3477436,2.590588,1.150023,-0.291851,-3.442244,0.05448169,0.2152473,-0.07445353,0.9721919,7.931273,24.47993,352.9645,0.3146946,-0.07915378,-0.9458863,0,0,0,1.682772,-0.4040726,-2.660367,0.157513,0.03707421,0.9389159,0.8962505,-0.1213122,-0.4266362,0.1682203,0.9829769,0.07388146,0.4104108,-0.1379852,0.9014006,moving,5.3552418692566155,4.482967366528842,9.523289515495586,2.261217226216234,0.5327489999999999,-0.11222159999999998,0.7818770000000002,0.09304752126933916,0.07782364141174854,0.9926156074195222,5.266879907735455,4.592969109358209,4.722204824058742,4.723218697805271,4.853255566479978
05/17/2023 16:15:41.047587,2039,True,True,True,True,Eyes,1.146551,-0.2895134,-3.43503,0.5065464,-0.07403871,0.859028,0.0,0.0,0.0,0.0,0.0,0.0,0.0,-2.537993,0.3494569,2.587271,1.150216,-0.2920316,-3.44227,0.05506147,0.215755,-0.0748811,0.9720138,8.010406,24.53437,352.9341,0.3147774,-0.07920298,-0.9458545,0,0,0,1.686077,-0.4063517,-2.660751,0.1596483,0.03679489,0.9402913,0.8956853,-0.1218114,-0.4276798,0.1693305,0.9827222,0.07472908,0.4111875,-0.1393529,0.900836,moving,5.487084577587999,4.448438765118064,9.636128075702267,2.2409191979320107,0.5358610000000001,-0.11432009999999998,0.7815190000000003,0.0953359416849556,0.07720864594750965,0.9924464589736913,5.399003772960826,4.557529249848559,4.698698538692966,4.699755800970257,4.829068697950252
05/17/2023 16:15:41.067781,2040,True,True,True,True,Eyes,1.146828,-0.2896738,-3.434923,0.5092651,-0.0762464,0.8572255,0.0,0.0,0.0,0.0,0.0,0.0,0.0,-2.542163,0.3500813,2.583102,1.150581,-0.2920672,-3.442154,0.05563811,0.2163946,-0.07551467,0.9717898,8.095241,24.60283,352.8814,0.31486,-0.07925193,-0.945823,0,0,0,1.689556,-0.4087503,-2.661155,0.1616313,0.03638338,0.9416047,0.8949418,-0.1226892,-0.4289832,0.1708484,0.9824039,0.07545515,0.4121772,-0.140819,0.9001555,moving,5.605035845790301,4.42482989877292,9.740189686489737,2.212794373532706,0.538975,-0.11668309999999998,0.780999,0.09738202226082598,0.07678441431711415,0.9922806603474592,5.517154647985479,4.533193268827602,4.688484322153356,4.689626685694294,4.818534628880489
05/17/2023 16:15:41.087347,2041,True,True,True,True,Eyes,1.14711,-0.2898301,-3.434816,0.5119362,-0.07838872,0.8554394,0.0,0.0,0.0,0.0,0.0,0.0,0.0,-2.546814,0.3495654,2.578704,1.150811,-0.2920454,-3.442167,0.05595791,0.2171675,-0.07600317,0.971561,8.148769,24.68909,352.8402,0.314942,-0.0793004,-0.9457916,0,0,0,1.692992,-0.4111199,-2.661554,0.1634231,0.0354051,0.9431515,0.8941236,-0.1233789,-0.4304887,0.1719879,0.9821845,0.07572219,0.4134768,-0.1417438,0.899414,moving,5.706635691225002,4.370511744558623,9.830232103888775,2.1498250631982643,0.542181,-0.11907449999999997,0.7806129999999998,0.09914869268325394,0.07583037430135146,0.9921790778073063,5.61916875912912,4.477837513871524,4.682257558471073,4.683534638636169,4.81172489488625
05/17/2023 16:15:41.097360,2042,True,True,True,True,Eyes,1.147361,-0.2899787,-3.434697,0.514719,-0.08046474,0.8535746,0.0,0.0,0.0,0.0,0.0,0.0,0.0,-2.552817,0.3464354,2.573201,1.151209,-0.2921006,-3.442042,0.0559558,0.2181846,-0.0766229,0.9712844,8.171344,24.80447,352.7786,0.3150236,-0.07934833,-0.9457604,0,0,0,1.696011,-0.4132013,-2.661905,0.1642609,0.03418817,0.9444242,0.8930488,-0.1244279,-0.4324136,0.1732626,0.9819958,0.07526213,0.4152637,-0.1421339,0.8985288,moving,5.788903629131603,4.288963866486644,9.866585009255804,2.073202778181893,0.544802,-0.1211007,0.7801369999999999,0.10058400842347759,0.07440736869228602,0.9921422387153889,5.702040018873992,4.394994815116595,4.639383295993449,4.640806248730608,4.768034525848951
05/17/2023 16:15:41.117717,2043,True,True,True,True,Eyes,1.147616,-0.2901277,-3.434578,0.5174955,-0.0824727,0.8517023,0.0,0.0,0.0,0.0,0.0,0.0,0.0,-2.560217,0.342207,2.566553,1.151509,-0.2921819,-3.442044,0.05568269,0.2195069,-0.0770537,0.9709681,8.16127,24.95844,352.7344,0.3151041,-0.0793956,-0.9457296,0,0,0,1.69946,-0.4155796,-2.662306,0.1650192,0.03215756,0.946152,0.8917589,-0.1251879,-0.4348496,0.1740788,0.9819243,0.07430459,0.4176873,-0.1419599,0.8974323,moving,5.837669655094268,4.172745995522905,9.893490973734904,1.946604242533424,0.5479510000000001,-0.1233977,0.779738,0.10144354103287251,0.07238843279794047,0.9922042478091897,5.751647725944023,4.277187878767344,4.624934451389478,4.626596337821461,4.752524126688073
05/17/2023 16:15:41.137487,2044,True,True,True,True,Eyes,1.147865,-0.290273,-3.434461,0.5203713,-0.08443362,0.8497556,0.0,0.0,0.0,0.0,0.0,0.0,0.0,-2.569265,0.3392197,2.557898,1.151807,-0.2923415,-3.441934,0.05562237,0.2211428,-0.07745788,0.9705682,8.176852,25.14887,352.701,0.3151837,-0.07944229,-0.9456992,0,0,0,1.702766,-0.4178598,-2.662691,0.1650252,0.03059853,0.9478194,0.8901923,-0.1257553,-0.437885,0.1749572,0.9818128,0.07371207,0.4206514,-0.1422291,0.8960041,moving,5.854878808417365,4.080114255309341,9.876781432046917,1.8490420858329994,0.550959,-0.12551830000000003,0.7792429999999997,0.10175330026101514,0.07078195418766207,0.9922883082193007,5.769522004750726,4.183370622191156,4.597425773437543,4.599280785010863,4.724263934071576
05/17/2023 16:15:41.152673,2045,True,True,True,True,Eyes,1.148125,-0.2904136,-3.434341,0.5232953,-0.08633967,0.8477661,0.0,0.0,0.0,0.0,0.0,0.0,0.0,-2.579997,0.337204,2.547595,1.152199,-0.2924414,-3.441983,0.05569053,0.2230802,-0.07773939,0.9700983,8.206126,25.37548,352.6872,0.3152625,-0.07948834,-0.9456691,0,0,0,1.702777,-0.4178672,-2.662692,0.1608865,0.03076566,0.9483315,0.8883837,-0.1259828,-0.441478,0.1756766,0.9817103,0.07336633,0.4241606,-0.1427348,0.8942676,moving,5.839336295609634,3.9983481210013165,9.62867497344519,1.8581313048885597,0.550578,-0.12542579999999998,0.7792910000000002,0.10149422658687093,0.06936764368753418,0.9924146925080167,5.754558456584381,4.100673035365585,4.350231982425916,4.351966869739743,4.476357023199179
05/17/2023 16:15:41.167688,2046,True,True,True,True,Eyes,1.148374,-0.2905548,-3.43422,0.526331,-0.08821271,0.8456916,0.0,0.0,0.0,0.0,0.0,0.0,0.0,-2.593451,0.3352711,2.534118,1.152645,-0.2924624,-3.441805,0.05578973,0.2255641,-0.07791898,0.9695036,8.240476,25.66753,352.6904,0.3153406,-0.07953372,-0.9456391,0,0,0,1.702777,-0.4178672,-2.662692,0.1557271,0.03075632,0.9487851,0.8860989,-0.1259171,-0.4460646,0.1762538,0.9816323,0.07302522,0.4286762,-0.1433281,0.8920167,static,5.767272894457305,3.9149822259527407,9.321028627190564,1.856680145302464,0.5501320000000001,-0.12540479999999998,0.7791130000000002,0.10025588024426055,0.06793217819746997,0.992639946666917,5.683070453653701,4.0165678288451785,4.105171058288154,4.106797689580504,4.2308219624469166
05/17/2023 16:15:41.177421,2047,True,True,True,True,Eyes,1.148624,-0.290697,-3.434108,0.5293838,-0.09006289,0.8435885,0.0,0.0,0.0,0.0,0.0,0.0,0.0,-2.606522,0.336089,2.520711,1.152925,-0.2926554,-3.441804,0.05608108,0.2280152,-0.07775089,0.9689267,8.287114,25.95784,352.7375,0.315418,-0.0795785,-0.9456095,0,0,0,1.702777,-0.4178672,-2.662692,0.1506407,0.03104488,0.9494079,0.8839278,-0.1250951,-0.4505806,0.1762445,0.9816195,0.07322015,0.4331392,-0.1441337,0.889728,static,5.699997895946326,3.8411725164190544,9.015851276802795,1.8728589053828069,0.549852,-0.12521179999999998,0.779112,0.09909879801962107,0.0666611462828655,0.9928422880786064,5.616303975880875,3.942116547717259,3.8545594016215277,3.856052659745174,3.9797925877569362
05/17/2023 16:15:41.197469,2048,True,True,True,True,Eyes,1.148873,-0.2908344,-3.434,0.5324213,-0.09192032,0.8414738,0.0,0.0,0.0,0.0,0.0,0.0,0.0,-2.618276,0.3377184,2.508533,1.153167,-0.2928075,-3.441894,0.05663775,0.2301856,-0.07782915,0.9683747,8.367592,26.21224,352.7614,0.3154947,-0.07962275,-0.9455802,0,0,0,1.702777,-0.4178672,-2.662692,0.146053,0.03198843,0.9500068,0.8819144,-0.1246611,-0.4546278,0.1768099,0.9814696,0.07386284,0.4369955,-0.1455234,0.8876135,static,5.662421349938864,3.8070432833173604,8.740159033458738,1.9285228616467704,0.5496099999999999,-0.1250597,0.7792020000000002,0.09845148265831988,0.066073991878852,0.9929458571184056,5.5789608534095425,3.907714862118524,3.6043825600648294,3.6057326888153725,3.7296615004954172
05/17/2023 16:15:41.217591,2049,True,True,True,True,Eyes,1.14913,-0.2909689,-3.433899,0.5354685,-0.09375443,0.8393353,0.0,0.0,0.0,0.0,0.0,0.0,0.0,-2.629689,0.3395202,2.496573,1.153474,-0.2928292,-3.441971,0.05735298,0.2322668,-0.07808412,0.9678149,8.469728,26.45434,352.7689,0.3155707,-0.07966638,-0.9455512,0,0,0,1.702777,-0.4178672,-2.662692,0.1415744,0.03321131,0.9505255,0.8799101,-0.1244995,-0.4585392,0.1777843,0.981227,0.07474144,0.4406258,-0.1472868,0.8855255,static,5.634489733865857,3.7989358768423935,8.471543997065114,2.0010974156012757,0.5493029999999999,-0.12503799999999998,0.7792790000000003,0.0979683135643982,0.06593665470938476,0.9930028804419693,5.55107965194007,3.8996138529116373,3.3574933633627433,3.35873488460386,3.483314033199459
05/17/2023 16:15:41.237307,2050,True,True,True,True,Eyes,1.149386,-0.291106,-3.433804,0.5385028,-0.09558411,0.8371848,0.0,0.0,0.0,0.0,0.0,0.0,0.0,-2.64109,0.3390927,2.484782,1.153853,-0.2928825,-3.441994,0.05777273,0.2343538,-0.07844889,0.9672572,8.541851,26.6975,352.7568,0.3156462,-0.07970936,-0.9455224,0,0,0,1.702777,-0.4178672,-2.662692,0.1370867,0.03399906,0.9509481,0.8778481,-0.124682,-0.4624253,0.178839,0.9810162,0.07499257,0.4442964,-0.1485318,0.8834811,static,5.607585473679317,3.763091715944677,8.203127468339389,2.047612547492502,0.548924,-0.1249847,0.7793020000000004,0.0975059851683211,0.06531839471156504,0.9930891537077783,5.524423872093154,3.863436547775349,3.1100382593472276,3.1112227537476884,3.2361504533234724
05/17/2023 16:15:41.251301,2051,True,True,True,True,Eyes,1.149644,-0.2912473,-3.433715,0.5415478,-0.09739778,0.8350088,0.0,0.0,0.0,0.0,0.0,0.0,0.0,-2.652959,0.3383944,2.472606,1.154247,-0.2930973,-3.442135,0.05812308,0.2365299,-0.07879671,0.9666781,8.606537,26.95178,352.746,0.3157212,-0.07975181,-0.9454938,0,0,0,1.702777,-0.4178672,-2.662692,0.1323434,0.03480287,0.9514511,0.8756894,-0.1248464,-0.4664563,0.1798378,0.9808256,0.07509706,0.4481367,-0.1496482,0.8813506,static,5.5719072169226465,3.719529341364258,7.918825528070566,2.0948726922372343,0.54853,-0.12476989999999999,0.7794430000000001,0.09689231656217717,0.06456721348797388,0.9931983675202158,5.489046810468705,3.819480448211917,2.853258946388249,2.8543886888008174,2.9796134864238644
05/17/2023 16:15:41.267801,2052,True,True,True,True,Eyes,1.149889,-0.2913849,-3.433627,0.5445515,-0.09923987,0.8328356,0.0,0.0,0.0,0.0,0.0,0.0,0.0,-2.664266,0.3397172,2.460469,1.154479,-0.2933213,-3.442204,0.05870105,0.2386392,-0.07899711,0.9661083,8.692227,27.19871,352.7574,0.3157957,-0.07979389,-0.9454653,0,0,0,1.702777,-0.4178672,-2.662692,0.1278623,0.03594467,0.9519145,0.8736216,-0.1246228,-0.470377,0.1806562,0.9806274,0.07571952,0.4518281,-0.1511267,0.8792111,static,5.540627572977058,3.693605073458783,7.650248211118764,2.162484014744487,0.548298,-0.12454589999999999,0.779512,0.09635285836919097,0.06412119360102721,0.9932797308877761,5.457943747919347,3.7933594690566728,2.6056257996605487,2.6066896503634265,2.732389724552861
05/17/2023 16:15:41.277357,2053,True,True,True,True,Eyes,1.150135,-0.2915211,-3.433537,0.5475222,-0.1010688,0.8306651,0.0,0.0,0.0,0.0,0.0,0.0,0.0,-2.673784,0.3413493,2.450096,1.154674,-0.2933909,-3.442275,0.05940898,0.2403946,-0.07934031,0.9656016,8.793674,27.40219,352.7533,0.3158694,-0.07983553,-0.9454372,0,0,0,1.702777,-0.4178672,-2.662692,0.124099,0.03731088,0.9522969,0.8718311,-0.124659,-0.4736778,0.1817854,0.9803514,0.07658483,0.4548238,-0.1528768,0.877362,static,5.547854676027523,3.6904056183666456,7.424685047125166,2.243694268930248,0.548103,-0.12447629999999998,0.7795830000000001,0.09647849330596994,0.06406494266700859,0.9932711380256514,5.465195581328687,3.7900942470133945,2.3686391915723157,2.3696974428104953,2.496187464671459
05/17/2023 16:15:41.297531,2054,True,True,True,True,Eyes,1.150401,-0.2916559,-3.433466,0.5502651,-0.1028749,0.8286284,0.0,0.0,0.0,0.0,0.0,0.0,0.0,-2.681683,0.3433951,2.441063,1.15493,-0.2934742,-3.442113,0.06006918,0.2418628,-0.07955328,0.9651765,8.884126,27.57287,352.7603,0.3159425,-0.07987674,-0.9454093,0,0,0,1.702777,-0.4178672,-2.662692,0.12096,0.03851263,0.9523623,0.8703474,-0.1245089,-0.4764379,0.1826229,0.9801259,0.07747275,0.4573231,-0.1544367,0.8757882,static,5.574442536121386,3.678561779363374,7.238408399592444,2.31572532795795,0.547847,-0.12439299999999998,0.7794210000000001,0.0969407014089047,0.06385673622488197,0.993239532169172,5.491874945122127,3.7780075697908373,2.1497572582718454,2.1508383454077418,2.277860501076357
05/17/2023 16:15:41.317592,2055,True,True,True,True,Eyes,1.150666,-0.2917898,-3.4334,0.552944,-0.104665,0.8266185,0.0,0.0,0.0,0.0,0.0,0.0,0.0,-2.687685,0.3435485,2.434609,1.155072,-0.2934858,-3.442191,0.06052526,0.2429497,-0.07999267,0.9648386,8.955225,27.69708,352.733,0.3160154,-0.07991749,-0.9453815,0,0,0,1.702777,-0.4178672,-2.662692,0.1185933,0.03951607,0.9525988,0.8691533,-0.1249508,-0.4784975,0.1837692,0.9798757,0.07792581,0.4591312,-0.1556626,0.8746244,static,5.643266003829586,3.656700314462636,7.096496475573077,2.3754036767047206,0.5477049999999999,-0.12438139999999998,0.7794989999999999,0.09813613202230065,0.06347028508915124,0.9931469158214475,5.560872542989093,3.75562397670177,1.93623835712116,1.9374209346276685,2.0647394360666063
05/17/2023 16:15:41.337591,2056,True,True,True,True,Eyes,1.150934,-0.2919254,-3.433346,0.5554425,-0.1064463,0.8247138,0.0,0.0,0.0,0.0,0.0,0.0,0.0,-2.692683,0.3434697,2.429262,1.155266,-0.2935875,-3.442236,0.06099752,0.2438174,-0.08057106,0.9645418,9.030402,27.79403,352.6887,0.316088,-0.07995778,-0.9453539,0,0,0,1.702777,-0.4178672,-2.662692,0.11661,0.04074357,0.9527043,0.8681227,-0.1256838,-0.4801735,0.1851728,0.9795752,0.07838003,0.4605149,-0.1569586,0.8736647,static,5.725631200762383,3.6428844102411997,6.978232895421789,2.4488322081873113,0.5475110000000001,-0.12427969999999999,0.779544,0.09956529918766238,0.06322178437276234,0.9930205409148269,5.643358084092712,3.741332645905163,1.72925395436144,1.7305408595850482,1.858076463287149
05/17/2023 16:15:41.347394,2057,True,True,True,True,Eyes,1.151197,-0.2920593,-3.433292,0.5578675,-0.1081987,0.8228468,0.0,0.0,0.0,0.0,0.0,0.0,0.0,-2.696565,0.3429216,2.425022,1.155229,-0.2936988,-3.442234,0.06130648,0.2445277,-0.08106229,0.9643012,9.083852,27.87349,352.6483,0.3161603,-0.07999767,-0.9453263,0,0,0,1.702777,-0.4178672,-2.662692,0.1151841,0.04168128,0.9528424,0.8672702,-0.1263546,-0.4815359,0.1863192,0.9793408,0.07859187,0.4616573,-0.1578797,0.8728955,static,5.823382822514401,3.610346779131336,6.892740094798165,2.504758274844159,0.5475479999999999,-0.12416840000000001,0.7795420000000002,0.10126300692311771,0.06264705719392927,0.9928852462203319,5.741367632942736,3.708035423244672,1.5367139402561165,1.5381322818919474,1.6653931793369101
05/17/2023 16:15:41.367410,2058,True,True,True,True,Eyes,1.151479,-0.2921955,-3.433251,0.5601405,-0.109923,0.8210722,0.0,0.0,0.0,0.0,0.0,0.0,0.0,-2.699795,0.3427215,2.421459,1.15536,-0.293783,-3.442187,0.06165484,0.2450843,-0.08153776,0.9640975,9.140141,27.93465,352.6094,0.3162323,-0.08003717,-0.9452989,0,0,0,1.702777,-0.4178672,-2.662692,0.1139311,0.04263221,0.9528261,0.8665706,-0.1269994,-0.4826247,0.187442,0.9791005,0.07891531,0.4625159,-0.1588498,0.8722647,static,5.928739571891162,3.583110141788058,6.818584522244121,2.561871110918688,0.547417,-0.12408419999999998,0.7794950000000003,0.10309170039087723,0.06216332560169434,0.9927274679098717,5.846946522383697,3.6800748934983836,1.3529236968741571,1.3545306175349712,1.4813710210977884
05/17/2023 16:15:41.377404,2059,True,True,True,True,Eyes,1.15175,-0.2923335,-3.433212,0.5623114,-0.1116213,0.8193575,0.0,0.0,0.0,0.0,0.0,0.0,0.0,-2.701577,0.3430045,2.419369,1.155477,-0.2938772,-3.442096,0.06198946,0.2453684,-0.08192571,0.9639709,9.190415,27.96411,352.5775,0.3163042,-0.08007632,-0.9452715,0,0,0,1.702777,-0.4178672,-2.662692,0.1132466,0.04353452,0.9527127,0.866165,-0.1275275,-0.483213,0.1883685,0.978891,0.07930812,0.4628989,-0.1597161,0.8719033,static,6.059764308708763,3.553664133677109,6.778799885466474,2.6163294715395002,0.5472999999999999,-0.12398999999999999,0.779404,0.10536505513738731,0.06163836210636666,0.9925215642305412,5.9782159549066,3.649782202637836,1.1795044508338626,1.1813587217640198,1.307271653974531
05/17/2023 16:15:41.397187,2060,True,True,True,True,Eyes,1.152029,-0.29247,-3.433183,0.5642753,-0.1133113,0.8177737,0.0,0.0,0.0,0.0,0.0,0.0,0.0,-2.701874,0.3440108,2.418914,1.155487,-0.2940501,-3.442091,0.06240801,0.2453575,-0.08234021,0.9639114,9.248524,27.95791,352.542,0.316376,-0.08011523,-0.9452442,0,0,0,1.702777,-0.4178672,-2.662692,0.1131666,0.04474083,0.9526342,0.8660396,-0.1281128,-0.4832832,0.1893619,0.9786507,0.07990599,0.4627284,-0.1607171,0.8718099,static,6.2109115704754405,3.5354246232584923,6.774608716639568,2.688942344601727,0.54729,-0.12381710000000001,0.7793990000000002,0.10798518198252341,0.06130505782635889,0.9922604394344147,6.129533328930779,3.630756342268973,1.0149162441177957,1.0169988793865659,1.141549763273421
05/17/2023 16:15:41.417376,2061,True,True,True,True,Eyes,1.152301,-0.292605,-3.433154,0.56615,-0.1149575,0.8162468,0.0,0.0,0.0,0.0,0.0,0.0,0.0,-2.701329,0.3461043,2.419261,1.155538,-0.2940769,-3.442099,0.06305289,0.2451543,-0.08282045,0.96388,9.332198,27.92745,352.5033,0.3164476,-0.08015384,-0.945217,0,0,0,1.702777,-0.4178672,-2.662692,0.1134038,0.04626922,0.9525068,0.8660803,-0.1287426,-0.4830427,0.1905733,0.9783303,0.08094324,0.4621544,-0.1621584,0.8718474,static,6.376390917892846,3.5475961962804647,6.789575602258145,2.7810287582663387,0.547239,-0.12379030000000002,0.779407,0.11084922707911365,0.06149633815575287,0.9919327280949484,6.294969721247463,3.642455998668967,0.8684067820435566,0.8708313386744833,0.9933236471755018
05/17/2023 16:15:41.438271,2062,True,True,True,True,Eyes,1.152591,-0.2927386,-3.433136,0.5676529,-0.11651,0.8149819,0.0,0.0,0.0,0.0,0.0,0.0,0.0,-2.701347,0.3469119,2.419115,1.155665,-0.294171,-3.44204,0.06330589,0.2451045,-0.08302043,0.9638588,9.36558,27.91896,352.4871,0.3165189,-0.08019215,-0.9451898,0,0,0,1.702777,-0.4178672,-2.662692,0.113363,0.0469297,0.9523454,0.8660628,-0.1290068,-0.4830036,0.1910731,0.9782,0.08133852,0.4619809,-0.1627333,0.8718323,static,6.5011867320642684,3.5072271772141246,6.788295194398856,2.82114075856201,0.547112,-0.12369619999999998,0.7793480000000002,0.11301443988604068,0.06078251499055178,0.9917323805113392,6.420086473928702,3.601131404798151,0.7410320458546501,0.7437377514978085,0.8625329385282287
05/17/2023 16:15:41.457215,2063,True,True,True,True,Eyes,1.152905,-0.2928669,-3.43313,0.5686594,-0.1178557,0.8140863,0.0,0.0,0.0,0.0,0.0,0.0,0.0,-2.701095,0.3500251,2.4188,1.155715,-0.2941603,-3.441921,0.06384385,0.2450209,-0.08305468,0.9638417,9.425847,27.90694,352.4969,0.3165903,-0.08023012,-0.9451627,0,0,0,1.702777,-0.4178672,-2.662692,0.1134532,0.04789548,0.952162,0.8661334,-0.128817,-0.4829277,0.1913892,0.9780518,0.08237047,0.4617176,-0.163771,0.8717774,static,6.591108842100073,3.4986387473235947,6.79494232118068,2.8796547612546397,0.5470619999999999,-0.12370690000000001,0.779229,0.11457188034275068,0.060622974099532025,0.9915634736740728,6.510093652602115,3.592102538096759,0.6488547041428635,0.6516818719313254,0.7672813035114692
05/17/2023 16:15:41.467752,2064,True,True,True,True,Eyes,1.153206,-0.2929931,-3.43312,0.5696092,-0.1191613,0.8132318,0.9487305,1.693612,-0.406045,-2.661583,-0.6110184,0.7881555,0.07394242,0.1039934,0.05799626,0.946695,1.155754,-0.2940495,-3.441695,0.06402652,0.2447771,-0.08302936,0.9638937,9.443613,27.8775,352.5023,0.3166623,-0.08026759,-0.9451354,0,0,0,1.702777,-0.4178672,-2.662692,0.1139909,0.0480964,0.9518949,0.8663806,-0.1287185,-0.4825103,0.1914074,0.9780135,0.08278213,0.461246,-0.1640769,0.8719696,static,6.698961182602406,3.452253931574364,6.828740550593573,2.8925243920526817,0.547023,-0.12381769999999998,0.7790030000000003,0.11644391719132507,0.05980710880227197,0.9913949468095061,6.618305341905641,3.544752741535153,0.5715842023519114,0.5745779683988427,0.6853355360144128
05/17/2023 16:15:41.487528,2065,True,True,True,True,Eyes,1.153497,-0.2931211,-3.433108,0.570495,-0.1204355,0.8124228,0.9452775,1.692773,-0.406966,-2.665143,-0.6670641,0.7268522,-0.1634356,0.1054808,0.05708107,0.9431971,1.155762,-0.2941227,-3.441604,0.06421442,0.244581,-0.0830641,0.9639279,9.464005,27.85323,352.5015,0.3167346,-0.08030456,-0.9451081,0,0,0,1.702777,-0.4178672,-2.662692,0.1143717,0.04854037,0.951738,0.866561,-0.1287244,-0.4821847,0.1915469,0.9779537,0.08316433,0.4608491,-0.164428,0.8721133,static,6.796331733468825,3.4098086184114877,6.852455023645262,2.9196592520398976,0.547015,-0.12374449999999998,0.778912,0.11813382230209504,0.05906078727026681,0.9912397712362044,6.716004371575389,3.5014293504210143,0.4902783417154872,0.4933520295435095,0.5975577192377886
05/17/2023 16:15:41.503706,2066,True,True,True,True,Eyes,1.153789,-0.2932416,-3.433096,0.5711412,-0.1215862,0.8117971,0.9432877,1.69254,-0.4079325,-2.667337,-0.6823747,0.6621827,-0.309643,0.1070606,0.05664145,0.9411194,1.155789,-0.2942867,-3.44152,0.06452215,0.2442447,-0.08306862,0.9639924,9.495831,27.81211,352.5059,0.3168068,-0.08034117,-0.9450807,0,0,0,1.702777,-0.4178672,-2.662692,0.114976,0.04927813,0.951522,0.8668883,-0.1286366,-0.4816196,0.1916734,0.977873,0.08381956,0.4601806,-0.1649759,0.8723628,static,6.89124453560586,3.385070520811343,6.889862679235246,2.964627943941535,0.546988,-0.12358049999999998,0.7788280000000003,0.11977879454137016,0.0586211644322568,0.991068416102094,6.811118729453811,3.476036681741361,0.41741734546376563,0.4204448477172169,0.5174355097257941
05/17/2023 16:15:41.519161,2067,True,True,True,True,Eyes,1.15407,-0.2933591,-3.433082,0.5717423,-0.1226972,0.8112066,0.9418353,1.692557,-0.4089196,-2.669059,-0.6812699,0.59644,-0.424418,0.1086779,0.05671693,0.9394805,1.155874,-0.2941889,-3.441367,0.06511544,0.2438638,-0.08338798,0.9640213,9.567877,27.76198,352.482,0.3168791,-0.08037723,-0.9450534,0,0,0,1.702777,-0.4178672,-2.662692,0.115632,0.05047774,0.9512178,0.8671539,-0.129017,-0.4810393,0.1925341,0.9776129,0.08487471,0.45932,-0.1662159,0.8725809,static,6.984908503366784,3.4065180563826614,6.930986271296028,3.037633671822308,0.5469029999999999,-0.12367830000000002,0.7786750000000002,0.12139620395088405,0.058980472719674056,0.9908502782382258,6.904654567754868,3.4973933027469375,0.3697585583356299,0.3728046355451647,0.46051305827232636
05/17/2023 16:15:41.537461,2068,True,True,True,True,Eyes,1.154326,-0.2934742,-3.433059,0.5722075,-0.1236491,0.8107339,0.9408196,1.69267,-0.4098057,-2.670305,-0.6736645,0.537306,-0.5074234,0.1099925,0.05601277,0.9384644,1.155883,-0.2942278,-3.441312,0.06524974,0.2436009,-0.08331343,0.9640852,9.57875,27.73088,352.4914,0.3169511,-0.08041273,-0.9450262,0,0,0,1.702777,-0.4178672,-2.662692,0.11614,0.05072553,0.9510882,0.8674349,-0.1288527,-0.4805764,0.1924322,0.9776027,0.08522213,0.4588317,-0.1664031,0.8728021,static,7.058058422624198,3.3690853756298527,6.962076943310421,3.0529321338250814,0.546894,-0.12363940000000001,0.7786200000000001,0.12266586804766094,0.05832393957925436,0.9907327502835158,6.9780908032952835,3.4592338461312564,0.32748505449260423,0.33040175041141534,0.4066171727000036
05/17/2023 16:15:41.551392,2069,True,True,True,True,Eyes,1.154573,-0.2935858,-3.433037,0.5726444,-0.1245691,0.8102844,0.9400102,1.692865,-0.4106821,-2.671361,-0.6607725,0.4789729,-0.5778968,0.1112947,0.05538842,0.9376716,1.155802,-0.2943344,-3.441237,0.06543202,0.2433714,-0.08305856,0.9641527,9.590257,27.70521,352.5228,0.3170223,-0.08044769,-0.9449993,0,0,0,1.702777,-0.4178672,-2.662692,0.1166556,0.05101065,0.9509805,0.8677432,-0.1283137,-0.4801638,0.1920108,0.9776399,0.08574475,0.458425,-0.1666011,0.872978,static,7.1247069648694294,3.3304685502748748,6.993463623981279,3.0704064601520513,0.546975,-0.1235328,0.7785450000000003,0.1238231057608539,0.0576478293774012,0.9906283080234182,7.045032383621242,3.419900241599384,0.28866183050574856,0.2913024291806279,0.35327785133115885
05/17/2023 16:15:41.567244,2070,True,True,True,True,Eyes,1.154798,-0.2936949,-3.433003,0.5730011,-0.1253744,0.809908,0.9393981,1.693074,-0.4114714,-2.672177,-0.6468639,0.4263652,-0.6322814,0.1121803,0.05479109,0.9370897,1.155852,-0.2943612,-3.441203,0.06565925,0.2432312,-0.08272998,0.9642009,9.605445,27.69071,352.5645,0.3170927,-0.08048208,-0.9449728,0,0,0,1.702777,-0.4178672,-2.662692,0.1168672,0.05121515,0.9508833,0.8679886,-0.1275959,-0.4799114,0.1914774,0.9776892,0.08637239,0.4581834,-0.1668624,0.8730549,static,7.17355803191811,3.2987450193677694,7.006732057405081,3.083006430941602,0.5469249999999999,-0.123506,0.778511,0.12467166776239849,0.05709321791694962,0.9905540414161157,7.094122616774033,3.387609959551381,0.2703617893826214,0.27271605069804183,0.31689181041539505
05/17/2023 16:15:41.577319,2071,True,True,True,True,Eyes,1.155011,-0.2937987,-3.432968,0.5733285,-0.1261752,0.8095519,0.9388911,1.693304,-0.4122635,-2.672887,-0.6314365,0.373514,-0.6795403,0.1131928,0.05462367,0.9365404,1.155726,-0.2944433,-3.441023,0.06606206,0.2431049,-0.08245732,0.9642286,9.64188,27.67684,352.6047,0.3171617,-0.08051593,-0.9449468,0,0,0,1.702777,-0.4178672,-2.662692,0.117238,0.05184577,0.9507177,0.8682016,-0.1268954,-0.4797119,0.1911354,0.9776732,0.0873063,0.4579228,-0.1674894,0.8730716,static,7.217003678299739,3.2881278930007984,7.02995326518403,3.1214359100265567,0.547051,-0.12342389999999998,0.7783310000000001,0.1254240980920296,0.056904225798298735,0.9904699558820537,7.137655485296258,3.3767017594768363,0.24862616148623196,0.2505475488497987,0.27705671280926497
05/17/2023 16:15:41.597279,2072,True,True,True,True,Eyes,1.155214,-0.2938921,-3.43293,0.5735915,-0.1268554,0.8092592,0.9385062,1.693533,-0.4129467,-2.673435,-0.6161497,0.3279669,-0.7160987,0.1141076,0.0546352,0.9361843,1.155681,-0.2944108,-3.440971,0.06655779,0.2429124,-0.08219371,0.9642655,9.68844,27.65475,352.6458,0.3172294,-0.08054915,-0.9449212,0,0,0,1.702777,-0.4178672,-2.662692,0.1176063,0.05253902,0.9506221,0.8684755,-0.1261777,-0.4794053,0.1908485,0.9776285,0.08842701,0.4575227,-0.1682905,0.8731273,static,7.2615507687988305,3.294686789211214,7.052517696234122,3.1634071035049143,0.547096,-0.12345640000000002,0.7782789999999999,0.12619336205938333,0.05701200001038116,0.9903660037546805,7.1821676058257005,3.3831733412295435,0.24524951400234585,0.24683837081172705,0.2551593586383669
05/17/2023 16:15:41.617350,2073,True,True,True,True,Eyes,1.155406,-0.2939806,-3.432893,0.5738074,-0.1274925,0.809006,0.9381986,1.693752,-0.4135939,-2.673885,-0.6017039,0.2848859,-0.7461852,0.115743,0.0535491,0.9358405,1.155645,-0.2942775,-3.44087,0.06650827,0.2423752,-0.08177162,0.9644399,9.667215,27.59466,352.6867,0.3172956,-0.08058154,-0.9448962,0,0,0,1.702777,-0.4178672,-2.662692,0.118769,0.05207757,0.9504582,0.8691353,-0.1254877,-0.4783897,0.1899675,0.9777802,0.08864762,0.4566357,-0.1679253,0.8736618,static,7.348033422403841,3.2403338561396455,7.122744530675235,3.136218248742678,0.547132,-0.12358969999999997,0.778178,0.1276949677829899,0.056061614145810054,0.9902277861730996,7.269060768048241,3.3278389554853836,0.2468737283920837,0.24818369092255607,0.24109528525370966
05/17/2023 16:15:41.637327,2074,True,True,True,True,Eyes,1.155565,-0.2940626,-3.432844,0.5739736,-0.1280352,0.8088024,0.9379559,1.693927,-0.414154,-2.674223,-0.5899032,0.2475047,-0.7686064,0.1173007,0.05272771,0.9355999,1.155597,-0.2942518,-3.440846,0.06637944,0.2418074,-0.08164128,0.9646024,9.644963,27.52854,352.6923,0.3173601,-0.08061305,-0.9448719,0,0,0,1.702777,-0.4178672,-2.662692,0.1199594,0.05179608,0.9503356,0.8697278,-0.1254006,-0.4773345,0.1896048,0.9778569,0.0885766,0.4556573,-0.1675424,0.8742459,static,7.434051173669696,3.195096470496234,7.194308600052328,3.119701526632214,0.54718,-0.12361539999999999,0.7781540000000002,0.1291871660636145,0.05526900083968348,0.9900788058798125,7.355423900887436,3.281732182046159,0.2502987855461155,0.2513183223820691,0.22849961369127042
05/17/2023 16:15:41.647367,2075,True,True,True,True,Eyes,1.155716,-0.2941362,-3.432794,0.5741085,-0.1285443,0.8086259,0.9377573,1.69409,-0.4146796,-2.674499,-0.5790942,0.2124927,-0.7870812,0.1184863,0.05228835,0.935442,1.155589,-0.2942788,-3.440883,0.06642947,0.2413581,-0.08150202,0.9647232,9.643336,27.47611,352.7048,0.3174225,-0.08064365,-0.9448484,0,0,0,1.702777,-0.4178672,-2.662692,0.1208188,0.0518647,0.9502547,0.8702074,-0.1251872,-0.4765157,0.1893203,0.9778891,0.08882975,0.4548592,-0.1675144,0.8746668,static,7.5018886466757895,3.169512382652561,7.245913773400074,3.124091780813651,0.547188,-0.12358839999999999,0.7781910000000001,0.13036256073367802,0.05481839382736706,0.9899497964254024,7.423461789219916,3.255584600842493,0.25922802730168226,0.25997339636956623,0.22093813532457524
05/17/2023 16:15:41.667578,2076,True,True,True,True,Eyes,1.155841,-0.2942011,-3.432733,0.5742427,-0.1289765,0.8084617,0.9375945,1.694247,-0.4151288,-2.674724,-0.5686267,0.1825529,-0.8020837,0.1196228,0.05153327,0.9352871,1.155549,-0.2941551,-3.440815,0.06629621,0.240978,-0.08148699,0.9648288,9.625182,27.43135,352.6992,0.3174827,-0.08067319,-0.9448256,0,0,0,1.702777,-0.4178672,-2.662692,0.1216669,0.05153573,0.9501478,0.8705791,-0.1252901,-0.4758094,0.1891938,0.9779294,0.08865585,0.4542003,-0.1672021,0.8750688,static,7.562219977924273,3.133468929912633,7.297043034155643,3.104663595716564,0.547228,-0.12371209999999999,0.7781230000000003,0.13140940619210817,0.05418807058714002,0.9898460271136671,7.484066133910635,3.218879153575271,0.26613358201333764,0.2667368718130627,0.21914112689986157
05/17/2023 16:15:41.677274,2077,True,True,True,True,Eyes,1.155954,-0.294255,-3.432667,0.5743583,-0.1293766,0.8083156,0.937451,1.694387,-0.4155392,-2.674911,-0.5592126,0.1551594,-0.8143752,0.1203578,0.05127809,0.9351525,1.155589,-0.2940973,-3.440792,0.0664034,0.2407147,-0.08146964,0.9648885,9.634687,27.39983,352.7013,0.3175405,-0.0807016,-0.9448038,0,0,0,1.702777,-0.4178672,-2.662692,0.1221479,0.05167545,0.9500438,0.8708383,-0.1252497,-0.4753454,0.1891868,0.9779066,0.08892186,0.453706,-0.1673656,0.8752941,static,7.604933383252447,3.124032768305121,7.326371741494806,3.113404317591356,0.547188,-0.12376989999999999,0.7781000000000002,0.13214849250485533,0.054019693683476665,0.9897567980230535,7.526858145804651,3.2091689515098913,0.2782880971733951,0.27876433097383,0.22218385049917938
05/17/2023 16:15:41.697471,2078,True,True,True,True,Eyes,1.156036,-0.2943046,-3.432593,0.5745072,-0.1296745,0.8081621,0.9373412,1.694545,-0.4158539,-2.675069,-0.548797,0.1342172,-0.8251106,0.1213091,0.05049089,0.9350443,1.155432,-0.2938881,-3.440612,0.06628204,0.2404919,-0.08130627,0.9649662,9.614998,27.37511,352.7143,0.3175958,-0.08072869,-0.9447829,0,0,0,1.702777,-0.4178672,-2.662692,0.1228539,0.05117528,0.9499497,0.8711058,-0.125035,-0.4749115,0.1887962,0.9779919,0.08881284,0.4533549,-0.1670268,0.8755406,static,7.646170614411815,3.0895767895843598,7.368975121429795,3.083632745022125,0.547345,-0.12397910000000001,0.77792,0.1328651160996633,0.05341931309993917,0.9896934962857206,7.568352011238408,3.1741416421220667,0.27682833808661106,0.27725921624952915,0.2189589108577311
05/17/2023 16:15:41.717405,2079,True,True,True,True,Eyes,1.15612,-0.2943483,-3.432516,0.5746242,-0.1299767,0.8080303,0.9372302,1.694675,-0.4161664,-2.675206,-0.5399886,0.1133553,-0.8340041,0.1224761,0.0492577,0.9350581,1.155318,-0.2939395,-3.440657,0.0658194,0.2400762,-0.08095481,0.9651309,9.550644,27.33013,352.7376,0.3176481,-0.08075453,-0.9447631,0,0,0,1.702777,-0.4178672,-2.662692,0.1238179,0.05021947,0.9499717,0.8716195,-0.1246606,-0.4740667,0.1878673,0.9782283,0.08817802,0.4527532,-0.1659193,0.8760625,static,7.711109882821004,3.011159522526797,7.425984407345737,3.0260772879026385,0.5474589999999999,-0.12392769999999997,0.777965,0.13399640198252638,0.05205672631966426,0.9896135311257807,7.633867685782612,3.0945322884871342,0.2852297409987774,0.2855154575304212,0.2188642148883336
05/17/2023 16:15:41.732520,2080,True,True,True,True,Eyes,1.156174,-0.2943807,-3.432431,0.5747712,-0.1302413,0.8078831,0.9371449,1.694818,-0.4164356,-2.675327,-0.530554,0.09542916,-0.8422622,0.1232923,0.04932655,0.9347907,1.155469,-0.2938386,-3.440533,0.06595951,0.23972,-0.08120197,0.9651891,9.570338,27.2851,352.7099,0.3176979,-0.08077908,-0.9447443,0,0,0,1.702777,-0.4178672,-2.662692,0.1244285,0.05054243,0.9496996,0.8718811,-0.1251269,-0.4734624,0.1883742,0.9781112,0.08839531,0.4520383,-0.1662583,0.8763673,static,7.765070071951711,3.025319630118329,7.464307350455439,3.0463723162149647,0.5473079999999999,-0.12402859999999999,0.777841,0.13492666092979252,0.05229463494784186,0.9894745571093521,7.687741193827869,3.1086618547504767,0.3012255389525011,0.3014986405172131,0.2319540234079652
05/17/2023 16:15:41.747597,2081,True,True,True,True,Eyes,1.156228,-0.2944104,-3.432348,0.5749197,-0.1304807,0.8077389,0.937068,1.694967,-0.4166797,-2.675442,-0.5207087,0.0791677,-0.8500558,0.1239957,0.04866107,0.9348303,1.155475,-0.2937083,-3.440607,0.06567948,0.2394755,-0.08140869,0.9652515,9.542851,27.255,352.6768,0.3177447,-0.0808022,-0.9447266,0,0,0,1.702777,-0.4178672,-2.662692,0.124925,0.05009218,0.9497323,0.8720482,-0.1257025,-0.4730019,0.188617,0.9781177,0.08780367,0.4516144,-0.1657852,0.8766754,static,7.809475722385809,2.9933216079635754,7.493498825556586,3.0191808181517086,0.547302,-0.12415890000000002,0.7779150000000001,0.13569744930915714,0.051736541802968904,0.9893985736734453,7.7323867900352585,3.0761103941811245,0.3167749244231322,0.317033275984366,0.24557775998581868
05/17/2023 16:15:41.767406,2082,True,True,True,True,Eyes,1.156239,-0.2944294,-3.432247,0.5751541,-0.13071,0.8075349,0.9370068,1.695162,-0.4169055,-2.675581,-0.5076154,0.06410552,-0.8591955,0.1240878,0.04806121,0.9348547,1.155514,-0.2936811,-3.440602,0.06539594,0.2395734,-0.08160635,0.9652297,9.517313,27.26579,352.648,0.3177889,-0.08082396,-0.9447098,0,0,0,1.702777,-0.4178672,-2.662692,0.1247501,0.04968209,0.9497538,0.8718899,-0.1262035,-0.4731601,0.188872,0.9781276,0.08714278,0.4518133,-0.1653456,0.8766559,static,7.819451082904821,2.95944491485632,7.482959127576209,2.9944411757463527,0.547263,-0.12418610000000002,0.7779100000000003,0.13587380974859875,0.05115029198760221,0.9894048276710625,7.7426063714603215,3.0417863643644565,0.3380777617908228,0.3383069231883313,0.2639285095284317
05/17/2023 16:15:41.777609,2083,True,True,True,True,Eyes,1.156251,-0.2944462,-3.432146,0.5754009,-0.1308976,0.8073287,0.9369546,1.695375,-0.4170914,-2.675715,-0.4934691,0.05172192,-0.8682241,0.1239149,0.04731952,0.9349719,1.155546,-0.2936021,-3.440634,0.06513471,0.2398095,-0.08156954,0.9651918,9.488945,27.29505,352.6476,0.3178297,-0.08084427,-0.9446944,0,0,0,1.702777,-0.4178672,-2.662692,0.1242977,0.04908536,0.9498625,0.8716757,-0.1262207,-0.4735504,0.1887004,0.9782077,0.08661269,0.4522984,-0.1648573,0.8764977,static,7.8134000744836545,2.9193273931435257,7.455284766927533,2.958201355667153,0.547231,-0.12426510000000002,0.7779420000000004,0.13577410747449528,0.0504582126399227,0.9894540756229914,7.736839841936524,3.001205944545624,0.35999126062456593,0.36021904234549285,0.2848203906463245
05/17/2023 16:15:41.797276,2084,True,True,True,True,Eyes,1.156203,-0.2944599,-3.432019,0.5757041,-0.1310878,0.8070817,0.9369215,1.695592,-0.4172789,-2.675847,-0.4789741,0.03922246,-0.8769524,0.1237409,0.04630195,0.9350032,1.155577,-0.2935754,-3.440547,0.0647292,0.2400864,-0.08144852,0.9651605,9.442488,27.33036,352.6533,0.3178675,-0.08086321,-0.94468,0,0,0,1.702777,-0.4178672,-2.662692,0.1238412,0.04820836,0.9498816,0.8714494,-0.1261406,-0.4739881,0.188303,0.9783525,0.08583877,0.4528997,-0.1640575,0.8763372,static,7.807859887767123,2.860079085381083,7.42806287225799,2.9053807220124344,0.5471999999999999,-0.12429180000000001,0.7778550000000002,0.13568538519614684,0.049435621739842214,0.9895179069061403,7.731720692988949,2.941261287835149,0.38227892103161704,0.38248923026815185,0.3057703175503362
05/17/2023 16:15:41.817242,2085,True,True,True,True,Eyes,1.156151,-0.2944707,-3.431898,0.5759762,-0.1312749,0.8068571,0.9368958,1.695781,-0.4174616,-2.675956,-0.4663649,0.0270406,-0.884179,0.1239694,0.04626606,0.9350819,1.155465,-0.2937001,-3.440567,0.06476676,0.2401268,-0.08132046,0.9651588,9.443494,27.33618,352.6691,0.3179015,-0.08088093,-0.9446672,0,0,0,1.702777,-0.4178672,-2.662692,0.1238294,0.04832537,0.9499413,0.8714522,-0.1258698,-0.4740548,0.1880788,0.9783845,0.08596598,0.4529873,-0.1640749,0.8762888,static,7.8239759826517545,2.8496619314217004,7.426901436010671,2.912237736770218,0.547312,-0.12416709999999997,0.7778750000000003,0.13596493107518023,0.04925380699154622,0.9894885861754145,7.747915343382688,2.9306577484503076,0.4018196966965268,0.40197503281327995,0.3215419499171838
05/17/2023 16:15:41.832648,2086,True,True,True,True,Eyes,1.156082,-0.2944687,-3.431771,0.576224,-0.1314739,0.8066477,0.9368793,1.695934,-0.4176438,-2.67604,-0.4561559,0.01488985,-0.8897753,0.1248015,0.0462461,0.9351249,1.155324,-0.2936414,-3.44059,0.06484679,0.2398519,-0.08131696,0.9652221,9.45025,27.30322,352.6689,0.3179317,-0.08089747,-0.9446555,0,0,0,1.702777,-0.4178672,-2.662692,0.1244738,0.04846489,0.9499574,0.8717173,-0.1258706,-0.4735669,0.188085,0.9783649,0.08617504,0.4524744,-0.1641911,0.876532,static,7.875316020297883,2.8505214924162265,7.4649906402277475,2.9205816978658308,0.547453,-0.1242258,0.777898,0.13685144650338635,0.04926257926535281,0.9893658960902965,7.799262853287633,2.9313355966863437,0.41612395261963336,0.41626355823845784,0.3344451506058885
05/17/2023 16:15:41.847885,2087,True,True,True,True,Eyes,1.156016,-0.2944656,-3.431656,0.5764605,-0.1316427,0.8064511,0.9368722,1.696086,-0.417798,-2.676114,-0.446153,0.00461406,-0.8949448,0.1254133,0.04599513,0.9351456,1.155358,-0.2934087,-3.440629,0.06475296,0.2396283,-0.08167367,0.9652537,9.447786,27.27378,352.624,0.3179583,-0.0809126,-0.9446453,0,0,0,1.702777,-0.4178672,-2.662692,0.1249046,0.04834256,0.9499498,0.8718153,-0.1266383,-0.4731815,0.1887049,0.9782729,0.08586343,0.452027,-0.1641487,0.8767706,static,7.921003251600375,2.8497080012737275,7.490593106782433,2.913245853040063,0.5474189999999999,-0.12445849999999997,0.7779370000000001,0.13764044070644993,0.049243094331150865,0.9892573537546121,7.8449679899126075,2.9303412968605245,0.4348921763946466,0.43507465034092996,0.3547869952421357
05/17/2023 16:15:41.867835,2088,True,True,True,True,Eyes,1.155964,-0.2944614,-3.431552,0.5764234,-0.1316891,0.8064701,0.936797,1.695956,-0.4178274,-2.676053,-0.4547229,0.002656026,-0.890629,0.1253326,0.04541373,0.9352744,1.155374,-0.2933893,-3.440773,0.06440644,0.2395854,-0.08178783,0.9652779,9.411882,27.26878,352.6016,0.3179816,-0.08092644,-0.9446363,0,0,0,1.702777,-0.4178672,-2.662692,0.1249644,0.0478001,0.9500808,0.8718191,-0.1270343,-0.4730682,0.1887577,0.9783251,0.0851499,0.4519976,-0.1635306,0.8769013,static,7.927145378353889,2.8148455051405388,7.493117018942923,2.880214683207218,0.5474030000000001,-0.12447789999999997,0.7780810000000002,0.13775056786068673,0.0486404068763758,0.9892718884074987,7.851360351866181,2.895033876951996,0.43875192316796263,0.4389233944711631,0.3585497093670694
05/17/2023 16:15:41.877199,2089,True,True,True,True,Eyes,1.155912,-0.2944521,-3.43145,0.5764061,-0.1317056,0.8064798,0.9367279,1.695848,-0.4178244,-2.675998,-0.4618802,0.002850695,-0.8869377,0.1247245,0.0446777,0.9354088,1.155409,-0.2933368,-3.440831,0.06402615,0.2398439,-0.08182134,0.9652363,9.372323,27.3005,352.5903,0.3180021,-0.08093903,-0.9446284,0,0,0,1.702777,-0.4178672,-2.662692,0.124469,0.04706554,0.9502174,0.8715603,-0.1272413,-0.4734895,0.1886664,0.9784119,0.084352,0.4525346,-0.1628494,0.8767511,static,7.899121124912635,2.7726065164653213,7.4626865396237125,2.835619258153934,0.5473680000000001,-0.12453039999999999,0.7781390000000004,0.137271509543694,0.047914311450568015,0.989373931545815,7.823629884189171,2.852388538678045,0.44078506322126243,0.44096003543567247,0.36133268154900644
05/17/2023 16:15:41.897606,2090,True,True,True,True,Eyes,1.155857,-0.2944413,-3.431352,0.576392,-0.1316113,0.8065053,0.9366506,1.695735,-0.4177151,-2.675939,-0.4693693,0.01014271,-0.8829437,0.1242729,0.04393638,0.9354569,1.155374,-0.2932162,-3.440767,0.06365517,0.240077,-0.08176365,0.9652077,9.331135,27.32995,352.5893,0.3180201,-0.08095036,-0.9446214,0,0,0,1.702777,-0.4178672,-2.662692,0.124151,0.04622185,0.9502842,0.8713555,-0.1272735,-0.4738576,0.1884021,0.9785255,0.08362176,0.4530389,-0.1621401,0.8766221,static,7.8729712158089225,2.7339554709717238,7.443317168154174,2.7846736555640352,0.5474030000000001,-0.12465100000000001,0.7780750000000003,0.13682428190984,0.04724983327935407,0.9894678569891542,7.797748671453496,2.8133675545006027,0.4324275153368701,0.43263718623628383,0.3555910999549895
05/17/2023 16:15:41.917324,2091,True,True,True,True,Eyes,1.155801,-0.2944305,-3.43126,0.5763744,-0.131505,0.8065352,0.9365792,1.695621,-0.4175954,-2.675876,-0.4769906,0.01811965,-0.8787217,0.123904,0.04321022,0.9356068,1.155274,-0.2931876,-3.440812,0.06322756,0.2402655,-0.08169032,0.9651951,9.28286,27.35443,352.5881,0.3180358,-0.08096051,-0.9446152,0,0,0,1.702777,-0.4178672,-2.662692,0.1239226,0.0453818,0.9504521,0.8711984,-0.1273114,-0.4741362,0.188077,0.9786579,0.08279913,0.453476,-0.1613086,0.8765495,static,7.852227142205521,2.6895209863221115,7.428479032396726,2.733659391438224,0.5475030000000001,-0.1246796,0.7781200000000004,0.13647093603907295,0.046484745511344586,0.9895528762480381,7.777315968703002,2.7684729055733253,0.4258187276518831,0.4260406780727882,0.3505698060272505
05/17/2023 16:15:41.937611,2092,True,True,True,True,Eyes,1.155753,-0.2944158,-3.431177,0.5762981,-0.1313361,0.8066173,0.9365026,1.695458,-0.4174125,-2.675777,-0.4879359,0.03031619,-0.8723529,0.1239578,0.0430297,0.9356512,1.155174,-0.2931848,-3.44084,0.06303694,0.2401821,-0.08164842,0.9652318,9.259809,27.3455,352.587,0.3180492,-0.08096959,-0.9446099,0,0,0,1.702777,-0.4178672,-2.662692,0.1241908,0.04503911,0.9505146,0.8712922,-0.1273386,-0.4739566,0.1879,0.9787198,0.08246952,0.4533691,-0.1609115,0.8766778,static,7.856530189237192,2.67691441902557,7.443892006121388,2.7128696374149754,0.5476030000000001,-0.12468239999999997,0.7781480000000003,0.13654664482406922,0.046266531966099034,0.9895527078904033,7.781710054454789,2.755697659235478,0.4139577354802046,0.4142016995312092,0.3405220598329062
05/17/2023 16:15:41.947455,2093,True,True,True,True,Eyes,1.155704,-0.2944001,-3.4311,0.5762074,-0.1311516,0.806712,0.936433,1.695284,-0.4172148,-2.675669,-0.4995733,0.04349817,-0.8651789,0.1242269,0.04268643,0.9356431,1.155127,-0.293055,-3.440846,0.06278911,0.2399729,-0.08167446,0.9652978,9.231258,27.3212,352.5756,0.3180609,-0.08097756,-0.9446054,0,0,0,1.702777,-0.4178672,-2.662692,0.1246952,0.04451951,0.9505221,0.8714846,-0.127545,-0.4735471,0.1878157,0.9787736,0.08202107,0.453034,-0.1604197,0.8769411,static,7.875014728935499,2.662785868616596,7.47372590744328,2.681597059919335,0.54765,-0.12481219999999998,0.7781540000000002,0.1368674284635907,0.046020456203773735,0.9895197752333605,7.800300243487603,2.741328941687483,0.40141722878702796,0.4017294850678033,0.33199200993752087
05/17/2023 16:15:41.967507,2094,True,True,True,True,Eyes,1.155662,-0.2943821,-3.431035,0.5760809,-0.1309816,0.80683,0.9363658,1.695085,-0.4170288,-2.675547,-0.5127019,0.05588149,-0.8567463,0.1246197,0.04235943,0.9356915,1.155037,-0.29302,-3.440931,0.06251402,0.2396816,-0.08164868,0.9653903,9.197622,27.28769,352.5685,0.3180708,-0.0809845,-0.9446014,0,0,0,1.702777,-0.4178672,-2.662692,0.1253529,0.04403041,0.9505844,0.8717724,-0.1276788,-0.4729809,0.1876126,0.978851,0.08156148,0.4525642,-0.1598402,0.8772895,static,7.901087770354882,2.6429380302540686,7.512209922544159,2.652005239173716,0.5477399999999999,-0.12484719999999999,0.7782390000000001,0.137319891256588,0.04567478786805908,0.9894731391007319,7.826521729526726,2.7211433194080876,0.388637228806904,0.3889835405200229,0.32182601844341435
05/17/2023 16:15:41.977335,2095,True,True,True,True,Eyes,1.155619,-0.2943605,-3.430973,0.5759523,-0.1307914,0.8069526,0.9363114,1.69489,-0.416822,-2.675414,-0.5256646,0.06965655,-0.8478353,0.1248071,0.04229011,0.9357411,1.155059,-0.2930339,-3.441074,0.06229621,0.2394219,-0.0817749,0.9654582,9.17475,27.25645,352.546,0.3180792,-0.08099042,-0.944598,0,0,0,1.702777,-0.4178672,-2.662692,0.1258079,0.04377981,0.9506383,0.8719801,-0.1280703,-0.4724921,0.1877306,0.9788641,0.08113135,0.452115,-0.1594462,0.8775927,static,7.922523206522032,2.6367761791758224,7.538741743586685,2.6367833618672565,0.5477179999999999,-0.12483329999999998,0.7783820000000001,0.13769074074961554,0.045566004584975076,0.9894265712896507,7.848006785505484,2.714826679569261,0.3833898610837152,0.3837814630025619,0.31896022571940297
05/17/2023 16:15:41.997489,2096,True,True,True,True,Eyes,1.155586,-0.2943393,-3.430922,0.5757899,-0.130577,0.8071033,0.9362684,1.69468,-0.4165944,-2.675256,-0.539736,0.08484505,-0.8375479,0.1249078,0.04179104,0.9357928,1.155001,-0.2929339,-3.441096,0.061977,0.2392751,-0.08168264,0.9655228,9.135489,27.24087,352.5466,0.3180863,-0.08099532,-0.9445952,0,0,0,1.702777,-0.4178672,-2.662692,0.1261998,0.04307487,0.9506832,0.8721508,-0.1280738,-0.472176,0.187392,0.9789736,0.08059116,0.4519262,-0.1587697,0.8778126,static,7.9289331715781435,2.6105493722091033,7.5616010694112425,2.594262147657508,0.547776,-0.12493329999999997,0.7784040000000001,0.137804282908466,0.045112380032204975,0.9894316305444321,7.854605474764486,2.6882584640557767,0.3672230542903517,0.3676930064142485,0.3077123479044205
05/17/2023 16:15:42.017471,2097,True,True,True,True,Eyes,1.155557,-0.294321,-3.430868,0.5756212,-0.1303479,0.8072606,0.9362237,1.694467,-0.4163558,-2.675091,-0.5538973,0.10074,-0.8264679,0.1250639,0.04126643,0.9358726,1.154922,-0.2927991,-3.441137,0.06161579,0.2391066,-0.08168132,0.9655879,9.093843,27.22208,352.5357,0.3180923,-0.08099928,-0.9445929,0,0,0,1.702777,-0.4178672,-2.662692,0.1266564,0.04233351,0.9507524,0.8723125,-0.1282755,-0.4718224,0.1872064,0.9790633,0.07992984,0.451691,-0.158052,0.8780631,static,7.937691001412512,2.5847176537778163,7.588095324105191,2.549486502873332,0.547855,-0.12506810000000002,0.778445,0.13795828731596607,0.044665322973886284,0.9894304104487055,7.86354983342231,2.662081333040261,0.35078772609735703,0.3513664349166255,0.29757819557799325
05/17/2023 16:15:42.033026,2098,True,True,True,True,Eyes,1.155536,-0.2943054,-3.430826,0.5754506,-0.1301528,0.8074137,0.9361962,1.694271,-0.416154,-2.674929,-0.5670401,0.1142107,-0.8157336,0.1252742,0.04097359,0.9357193,1.154967,-0.2928571,-3.441017,0.06136143,0.238882,-0.08156401,0.9656695,9.060544,27.19725,352.5402,0.3180974,-0.08100249,-0.9445909,0,0,0,1.702777,-0.4178672,-2.662692,0.127148,0.04185868,0.9505763,0.8725655,-0.1282114,-0.4713718,0.186844,0.9791642,0.07954137,0.4513522,-0.157478,0.8783403,static,7.952328083382782,2.563731919726649,7.618596914901668,2.5213939316441416,0.5478099999999999,-0.1250101,0.7783250000000002,0.13821329093010437,0.04430133107756222,0.9894111913713717,7.878340444651161,2.6407868368666314,0.3357930330981797,0.3364060018053246,0.2858694930631668
05/17/2023 16:15:42.057591,2099,True,True,True,True,Eyes,1.155517,-0.2942913,-3.430786,0.5752669,-0.1299608,0.8075755,0.9361736,1.694067,-0.4159572,-2.674755,-0.5806209,0.1273232,-0.8041568,0.1257994,0.04105442,0.9357722,1.154832,-0.2928618,-3.44108,0.0612935,0.2385121,-0.08150467,0.9657702,9.048507,27.15401,352.5416,0.3181018,-0.08100504,-0.9445892,0,0,0,1.702777,-0.4178672,-2.662692,0.1279695,0.04176918,0.9505987,0.8729379,-0.1281911,-0.4706872,0.186668,0.9792002,0.07951117,0.4507044,-0.1572706,0.8787102,static,7.981493472944125,2.5660136127157083,7.667058254879692,2.51595054538942,0.5479449999999999,-0.1250054,0.7783880000000001,0.13871669011330254,0.04433758089862036,0.9893391040369165,7.907497290222847,2.642987007333174,0.31773308553694996,0.3183956926048841,0.271936007876731
05/17/2023 16:15:42.067677,2100,True,True,True,True,Eyes,1.155507,-0.2942716,-3.430755,0.575093,-0.1298037,0.8077246,0.9361607,1.693887,-0.4157888,-2.674595,-0.5926231,0.1385466,-0.7934751,0.1261199,0.04116593,0.9356988,1.154858,-0.2928857,-3.441064,0.06128608,0.2382049,-0.08140674,0.9658548,9.042665,27.11833,352.5496,0.3181057,-0.08100706,-0.9445877,0,0,0,1.702777,-0.4178672,-2.662692,0.1285535,0.04173584,0.9504907,0.8732627,-0.1280569,-0.4701209,0.1864515,0.9792339,0.07960394,0.4501645,-0.1571699,0.8790049,static,8.003801356889543,2.570741139242325,7.702493131102038,2.514230182497235,0.547919,-0.12498149999999997,0.7783720000000001,0.13910138384044202,0.04441679137797966,0.9892815283250816,7.9297773718899345,2.6476882741843113,0.30585035583168046,0.3065617966405133,0.26357008242076047
05/17/2023 16:15:42.087938,2101,True,True,True,True,Eyes,1.155504,-0.2942508,-3.430721,0.5749193,-0.1296299,0.8078762,0.9361465,1.693713,-0.4156034,-2.674431,-0.6041756,0.150887,-0.7824352,0.1264777,0.04107736,0.9357677,1.154801,-0.2926961,-3.44112,0.06122103,0.2379176,-0.0814129,0.9659292,9.033359,27.08435,352.5445,0.3181092,-0.0810084,-0.9445864,0,0,0,1.702777,-0.4178672,-2.662692,0.1291734,0.04148386,0.9505209,0.8735343,-0.1281471,-0.4695914,0.1864093,0.9792478,0.07953125,0.4496547,-0.1570095,0.8792945,static,8.024113072356943,2.5746396654571715,7.7389434720818056,2.4989905292121093,0.547976,-0.12517109999999998,0.7784280000000003,0.1394516827822597,0.044481892677299226,0.989229324477384,7.950066667903778,2.651557977081519,0.2941509224862296,0.29503303668522596,0.2604799991620625
05/17/2023 16:15:42.097569,2102,True,True,True,True,Eyes,1.155517,-0.2942311,-3.430702,0.5747973,-0.1294932,0.8079848,0.9361349,1.693605,-0.4154542,-2.674319,-0.6112974,0.1608188,-0.7748889,0.1265369,0.04061616,0.9356136,1.154955,-0.2926572,-3.441007,0.06092453,0.2377854,-0.08139405,0.9659821,8.998735,27.06984,352.5376,0.3181126,-0.08100911,-0.9445852,0,0,0,1.702777,-0.4178672,-2.662692,0.1294034,0.04087958,0.9503393,0.8736662,-0.1282765,-0.4693107,0.1862243,0.9793264,0.07899538,0.4494751,-0.1564127,0.8794926,static,8.032323023387137,2.5498031935357,7.754019053450752,2.4631038113640984,0.547822,-0.12521,0.7783150000000001,0.13959607501492063,0.04405216943781854,0.9892280850101357,7.958455905402339,2.626390188193897,0.2905154741227481,0.29149593916775257,0.26164263279151984
05/17/2023 16:15:42.117256,2103,True,True,True,True,Eyes,1.15553,-0.294214,-3.430678,0.5746792,-0.1293377,0.8080938,0.9361264,1.693502,-0.4152904,-2.6742,-0.618175,0.1717475,-0.7670478,0.1263845,0.0406264,0.9357504,1.154896,-0.2925976,-3.441078,0.0608945,0.2377943,-0.08132981,0.9659873,8.993715,27.07154,352.5442,0.3181161,-0.08100925,-0.944584,0,0,0,1.702777,-0.4178672,-2.662692,0.1294169,0.04073749,0.9504439,0.8736787,-0.1281664,-0.4693175,0.1860878,0.9793546,0.07896708,0.4495074,-0.1563261,0.8794915,static,8.021508578858155,2.5517013915882636,7.753975083806349,2.454283196188269,0.5478810000000001,-0.12526959999999998,0.7783860000000002,0.13940915962395914,0.04408611810044358,0.9892530078580225,7.947625059488358,2.6283518280646825,0.28362970823855177,0.28471823926405954,0.26038471860877116
05/17/2023 16:15:42.132943,2104,True,True,True,True,Eyes,1.155545,-0.2941885,-3.430655,0.5746554,-0.1292153,0.8081304,0.9361143,1.693488,-0.4151488,-2.674153,-0.6192505,0.1812111,-0.7639968,0.1265173,0.04024062,0.9356534,1.154904,-0.2926481,-3.440961,0.06065542,0.2377393,-0.08111562,0.9660339,8.960823,27.06763,352.5616,0.3181198,-0.08100895,-0.9445828,0,0,0,1.702777,-0.4178672,-2.662692,0.1296052,0.04020284,0.9503332,0.8738005,-0.1278805,-0.4691686,0.1855612,0.9794824,0.07862162,0.4494882,-0.1557591,0.8796019,static,8.027120857057028,2.5239382426011496,7.76601296563303,2.422392930703583,0.547873,-0.12521909999999997,0.7782690000000003,0.13950901124506893,0.0436061462511453,0.9892602820784614,7.953436806360976,2.600231661198021,0.2790367561591073,0.28015849323599,0.25836855485350346
05/17/2023 16:15:42.147615,2105,True,True,True,True,Eyes,1.15556,-0.2941656,-3.43063,0.5746289,-0.1290435,0.8081766,0.9360981,1.693469,-0.414963,-2.674098,-0.6203269,0.1935398,-0.7600901,0.1265915,0.03983282,0.9356581,1.154946,-0.2924266,-3.440939,0.06048051,0.2376821,-0.08102565,0.9660664,8.938434,27.0622,352.5666,0.3181237,-0.08100802,-0.9445816,0,0,0,1.702777,-0.4178672,-2.662692,0.1297474,0.03960633,0.9503263,0.8738841,-0.127802,-0.4690344,0.1853026,0.9795539,0.07833968,0.4494325,-0.1553731,0.8796986,static,8.03165299154534,2.5112997120040483,7.774485276847631,2.386509830109519,0.547831,-0.1254406,0.7782470000000004,0.13958858181081996,0.04338743553382403,0.9892585974662347,7.958060268196611,2.587423207456436,0.2844730637498,0.28584567183375775,0.2721506249225282
05/17/2023 16:15:42.167542,2106,True,True,True,True,Eyes,1.155571,-0.2941429,-3.430607,0.5746234,-0.1289258,0.8081993,0.9360932,1.693472,-0.4148295,-2.674057,-0.620366,0.20253,-0.7577121,0.1269136,0.03874568,0.9355922,1.154984,-0.2924778,-3.440869,0.05981777,0.2375499,-0.08086924,0.9661533,8.859222,27.05013,352.5657,0.3181278,-0.08100659,-0.9445804,0,0,0,1.702777,-0.4178672,-2.662692,0.1301083,0.0383648,0.9502422,0.8740604,-0.1278447,-0.4686941,0.1846836,0.979764,0.07716531,0.4493444,-0.1540072,0.8799838,static,8.051578871618519,2.4410036408378497,7.796526387130874,2.3119873425279027,0.547793,-0.12538939999999998,0.7781770000000003,0.13993990256287325,0.04217157204330792,0.9892615450101048,7.97849271563962,2.516201781787132,0.28443216988766373,0.28582682707003115,0.27352382330048364
05/17/2023 16:15:42.177382,2107,True,True,True,True,Eyes,1.155588,-0.2941195,-3.430582,0.5746042,-0.1288173,0.8082303,0.9360807,1.693464,-0.414703,-2.674013,-0.6210009,0.2109859,-0.7548793,0.1274832,0.03930427,0.9355618,1.154925,-0.2924651,-3.440895,0.05989156,0.2372453,-0.08125641,0.9661912,8.875547,27.01048,352.5212,0.318132,-0.08100474,-0.9445791,0,0,0,1.702777,-0.4178672,-2.662692,0.1307318,0.03880526,0.9501947,0.8742241,-0.1286004,-0.4681817,0.1854364,0.9796209,0.07717798,0.4487154,-0.1542888,0.8802554,static,8.08423136435208,2.474007435495176,7.8338125668232825,2.338618361538699,0.547852,-0.12540210000000002,0.778203,0.14050027438570223,0.042737980361366876,0.9891578434239874,8.010918505886693,2.5494828337524202,0.2831837626922145,0.2846748592738062,0.27537309108462954
05/17/2023 16:15:42.197142,2108,True,True,True,True,Eyes,1.155574,-0.2940948,-3.430545,0.5746053,-0.1287624,0.8082382,0.9360697,1.693445,-0.4146253,-2.673978,-0.622194,0.2161303,-0.7524377,0.1277243,0.03945957,0.9354093,1.155069,-0.2924276,-3.440842,0.05978863,0.2370559,-0.08169605,0.9662069,8.874426,26.98472,352.4672,0.3181364,-0.08100247,-0.9445779,0,0,0,1.702777,-0.4178672,-2.662692,0.131023,0.0388888,0.9500304,0.8742605,-0.1295241,-0.467859,0.186217,0.9795021,0.0768033,0.448321,-0.1542694,0.8804597,static,8.106943655201187,2.486636950324382,7.852385548252232,2.3440521960335463,0.5477080000000001,-0.12543959999999998,0.7781500000000001,0.14089105813860828,0.04295360427754662,0.9890928631818356,8.033546751736129,2.5621802131312026,0.2901875085455276,0.29177087238038957,0.28354755066952925
05/17/2023 16:15:42.217293,2109,True,True,True,True,Eyes,1.15556,-0.294071,-3.430513,0.5745789,-0.1287362,0.8082612,0.9360655,1.693403,-0.4145765,-2.673928,-0.6250198,0.2194079,-0.7491399,0.1281866,0.0396738,0.9354337,1.154948,-0.2924538,-3.440865,0.05980248,0.2368273,-0.08179857,0.9662535,8.876951,26.95668,352.4539,0.3181403,-0.08099983,-0.9445768,0,0,0,1.702777,-0.4178672,-2.662692,0.1315585,0.03906113,0.9500349,0.8744436,-0.1297506,-0.4674539,0.186402,0.9794653,0.07682441,0.4478869,-0.1543129,0.8806729,static,8.131597953287777,2.495512466739509,7.884039133734623,2.3544167155050784,0.5478289999999999,-0.1254134,0.7781730000000002,0.14131573977762557,0.0431041877045214,0.9890257729880075,8.058144289468212,2.5710708925145633,0.2833644149916214,0.2849445211878259,0.27794178827350596
05/17/2023 16:15:42.237502,2110,True,True,True,True,Eyes,1.155537,-0.2940494,-3.430476,0.5745736,-0.1287424,0.8082639,0.9360561,1.69337,-0.4145595,-2.673896,-0.6272094,0.2205327,-0.7469764,0.1287821,0.04039627,0.935389,1.154932,-0.2924471,-3.440931,0.060169,0.2364542,-0.08183505,0.9663188,8.915948,26.91071,352.4559,0.3181438,-0.08099688,-0.9445759,0,0,0,1.702777,-0.4178672,-2.662692,0.1322104,0.03978153,0.9499778,0.8747848,-0.1297031,-0.4668282,0.1866119,0.9793654,0.07758439,0.4471324,-0.1549853,0.8809382,static,8.171865207396165,2.538689393778738,7.923081478183668,2.3979326884165606,0.5478449999999999,-0.12542009999999998,0.7782390000000001,0.14200619620918162,0.043845105517591854,0.9888942341718252,8.098114312904112,2.614619707307546,0.28423715462254184,0.2858422537437246,0.27854938051651956
05/17/2023 16:15:42.247643,2111,True,True,True,True,Eyes,1.155521,-0.2940316,-3.430443,0.5745658,-0.1287637,0.8082662,0.9360406,1.693338,-0.4145597,-2.673873,-0.6292228,0.2204695,-0.7452999,0.1286791,0.04054341,0.9353663,1.154994,-0.2925028,-3.440946,0.0603494,0.2364371,-0.0815348,0.9663373,8.927898,26.9105,352.4943,0.3181467,-0.08099373,-0.9445752,0,0,0,1.702777,-0.4178672,-2.662692,0.1321454,0.03993388,0.9499497,0.8748992,-0.1290426,-0.466797,0.1861179,0.9794201,0.07808005,0.4471147,-0.1551914,0.8809109,static,8.171936318286862,2.5437620525338853,7.9194668855326595,2.4071763097029746,0.5477829999999999,-0.1253644,0.778254,0.14200689386610013,0.043932657627894535,0.9888903694131228,8.098149269001143,2.619753494200774,0.28549172014841906,0.28704786991005626,0.27769849392999846
05/17/2023 16:15:42.267812,2112,True,True,True,True,Eyes,1.155478,-0.2940086,-3.430398,0.5745953,-0.1288106,0.8082377,0.9360335,1.693319,-0.4145797,-2.67386,-0.6305552,0.2191661,-0.7445579,0.1284982,0.04093495,0.9353265,1.155148,-0.2925731,-3.441004,0.06058624,0.2364124,-0.0814643,0.9663345,8.95226,26.9073,352.5081,0.3181492,-0.08099049,-0.9445746,0,0,0,1.702777,-0.4178672,-2.662692,0.131984,0.04035281,0.9499043,0.8749455,-0.1287968,-0.466778,0.1860902,0.9793857,0.0785748,0.4470355,-0.1556115,0.880877,static,8.175278715779484,2.563812611946023,7.910289961840511,2.4325149531423786,0.5476289999999999,-0.12529410000000002,0.7783120000000001,0.14206240468042336,0.04427835708235309,0.9888669321128317,8.10134956948714,2.6400342175796907,0.2942342371361525,0.2957331819756585,0.28207803669673853
05/17/2023 16:15:42.277234,2113,True,True,True,True,Eyes,1.155438,-0.2939891,-3.430353,0.574615,-0.1288438,0.8082184,0.9360234,1.693291,-0.4145899,-2.673841,-0.6323387,0.2184653,-0.7432501,0.1286025,0.04123672,0.9353442,1.155106,-0.2924971,-3.441017,0.06078601,0.2363463,-0.08149782,0.9663353,8.974954,26.89845,352.5089,0.3181508,-0.08098707,-0.9445743,0,0,0,1.702777,-0.4178672,-2.662692,0.1321212,0.04067413,0.949916,0.8749971,-0.1287753,-0.4666873,0.1862415,0.9793264,0.0789559,0.4468716,-0.1560027,0.880891,static,8.182990170452475,2.585431401591101,7.918312321044053,2.451830794006772,0.547671,-0.12537009999999998,0.7783250000000002,0.1421931366119157,0.04465062542105404,0.988831400528914,8.108908901472644,2.661885802288849,0.2949475370170187,0.296485221072433,0.28363737936924965
05/17/2023 16:15:42.297332,2114,True,True,True,True,Eyes,1.155379,-0.2939625,-3.430297,0.57465,-0.1288629,0.8081905,0.9360201,1.693264,-0.4145808,-2.673814,-0.6342242,0.2190834,-0.7414594,0.1288697,0.04105333,0.9352759,1.155114,-0.2925644,-3.440978,0.06069628,0.2361966,-0.08134283,0.9663905,8.959624,26.88228,352.5227,0.3181516,-0.08098358,-0.9445744,0,0,0,1.702777,-0.4178672,-2.662692,0.132431,0.04048042,0.9498363,0.8751891,-0.1285454,-0.4663906,0.1858904,0.9793986,0.07888681,0.4466417,-0.1557384,0.8810543,static,8.204121363434773,2.5692686609885995,7.937300454924727,2.4403726360065314,0.547663,-0.1253028,0.778286,0.14255960873295317,0.04436931927575116,0.9887913203763341,8.130160950998109,2.645448370946276,0.29484418805720286,0.29632344233000574,0.2815159462743582
05/17/2023 16:15:42.317490,2115,True,True,True,True,Eyes,1.155325,-0.2939366,-3.430244,0.5746755,-0.1288819,0.8081692,0.9360186,1.693232,-0.4145724,-2.673783,-0.6363897,0.2196603,-0.7394305,0.1291602,0.04070723,0.9352401,1.155133,-0.2924363,-3.44095,0.06055514,0.2360413,-0.08135994,0.9664358,8.943123,26.8642,352.5157,0.3181514,-0.08097988,-0.9445748,0,0,0,1.702777,-0.4178672,-2.662692,0.1327702,0.04012639,0.9497871,0.8753302,-0.1286713,-0.466091,0.1858453,0.9794273,0.07863671,0.446384,-0.1554539,0.8812352,static,8.225712143639933,2.5550817346846846,7.957777361852532,2.4191804722177563,0.547644,-0.1254309,0.7782580000000001,0.14293375571846595,0.04412207411101884,0.9887482562962403,8.151858619780011,2.63100894733414,0.2988705982492744,0.30043002584889433,0.2872957318667388
05/17/2023 16:15:42.337895,2116,True,True,True,True,Eyes,1.155261,-0.2939088,-3.430185,0.5746924,-0.1289003,0.8081543,0.9360141,1.693181,-0.4145614,-2.673741,-0.6396055,0.2203436,-0.7364465,0.1292687,0.04073558,0.9352188,1.155184,-0.2924296,-3.440974,0.06051284,0.2359252,-0.08150226,0.9664549,8.941313,26.84938,352.4975,0.3181503,-0.08097598,-0.9445755,0,0,0,1.702777,-0.4178672,-2.662692,0.132948,0.04015098,0.949752,0.8753934,-0.1289835,-0.465886,0.1860895,0.9793912,0.07850897,0.4461582,-0.1554227,0.881355,static,8.24116359264339,2.5566698588505723,7.968587978851823,2.420750570104013,0.547593,-0.12543759999999998,0.7782820000000004,0.1432002381897315,0.044147763782819746,0.9887085927115841,8.167302837372231,2.6325584727220357,0.3030219706863067,0.3045841727457624,0.29043102900384415
05/17/2023 16:15:42.357296,2117,True,True,True,True,Eyes,1.155197,-0.2938708,-3.430128,0.5746992,-0.1288989,0.8081497,0.9360222,1.693129,-0.4145231,-2.673682,-0.6431623,0.2229124,-0.7325656,0.129282,0.04118261,0.9351646,1.155197,-0.292379,-3.440919,0.06077142,0.2358668,-0.08151808,0.9664516,8.970162,26.84137,352.5018,0.3181482,-0.08097189,-0.9445766,0,0,0,1.702777,-0.4178672,-2.662692,0.1330405,0.0405729,0.9496754,0.8754433,-0.1288986,-0.4658155,0.1862344,0.9793233,0.07901044,0.4459997,-0.1559201,0.8813474,static,8.246131879131285,2.5856526331472494,7.974695825510176,2.446354956828237,0.54758,-0.1254882,0.7782270000000002,0.14328278852883072,0.04464735270444817,0.9886742086854631,8.1720657610998,2.6618734331885148,0.3034747157002465,0.3050924021231565,0.29223809663920924
05/17/2023 16:15:42.367710,2118,True,True,True,True,Eyes,1.155139,-0.2938275,-3.430066,0.5746876,-0.1287992,0.8081738,0.9360366,1.693067,-0.4143884,-2.673586,-0.6472231,0.2318881,-0.7261752,0.1296094,0.0406211,0.9352366,1.155144,-0.2920831,-3.440917,0.06059302,0.2356957,-0.08135568,0.9665182,8.944569,26.82305,352.5139,0.3181453,-0.08096733,-0.9445779,0,0,0,1.702777,-0.4178672,-2.662692,0.133489,0.03987636,0.9497092,0.8756576,-0.1287004,-0.4654676,0.1858265,0.9794195,0.07877812,0.4457493,-0.1554789,0.881552,static,8.265982391993697,2.566241330650598,8.000951092656408,2.4043211196468315,0.547633,-0.1257841,0.778225,0.1436274660352314,0.044310157415582155,0.9886393293162803,8.1920599570235,2.6421529150487197,0.3086893416188002,0.3105796908362107,0.3051009028891355
05/17/2023 16:15:42.377229,2119,True,True,True,True,Eyes,1.155086,-0.2937996,-3.430015,0.5746583,-0.1286988,0.8082106,0.936054,1.692998,-0.4142686,-2.673486,-0.6518258,0.2398482,-0.7194414,0.1300204,0.03860503,0.9351321,1.155254,-0.2919469,-3.440778,0.0595393,0.2354993,-0.08116397,0.9666477,8.820252,26.80514,352.5065,0.3181417,-0.08096222,-0.9445796,0,0,0,1.702777,-0.4178672,-2.662692,0.1340314,0.03771807,0.9495623,0.875905,-0.128871,-0.4649546,0.1849568,0.979735,0.07687894,0.4456248,-0.1533352,0.8819903,static,8.295575753677362,2.4517122228138106,8.034263998784423,2.274680355100114,0.547523,-0.12592029999999999,0.778086,0.14415046162787293,0.042330615166640176,0.9886499280659333,8.222477877529437,2.526126925575307,0.3136025208241573,0.3156328807830816,0.31408572389712197
05/17/2023 16:15:42.397186,2120,True,True,True,True,Eyes,1.155039,-0.2937773,-3.429965,0.5746102,-0.1286352,0.808255,0.9360709,1.692915,-0.4141889,-2.673382,-0.6573957,0.2451845,-0.7125415,0.1302044,0.03896083,0.9351696,1.155358,-0.292306,-3.440969,0.05948042,0.235222,-0.08118127,0.9667174,8.811996,26.77229,352.5005,0.3181376,-0.080957,-0.9445814,0,0,0,1.702777,-0.4178672,-2.662692,0.1343552,0.03800213,0.9495543,0.8761604,-0.1289765,-0.4644437,0.1849409,0.9797434,0.07681026,0.4451289,-0.1531927,0.8822654,static,8.324680686517064,2.451376480855663,8.053486211758797,2.2918123767410448,0.5474189999999999,-0.12556119999999998,0.7782770000000001,0.1446527181292289,0.042321689637295615,0.9885770113512402,8.251592915550923,2.52567820858866,0.31283664757618523,0.31465401071862004,0.30649550305536016
05/17/2023 16:15:42.417543,2121,True,True,True,True,Eyes,1.154993,-0.2937506,-3.429915,0.5745488,-0.1286015,0.808304,0.9360885,1.692822,-0.414133,-2.673271,-0.6637337,0.2489528,-0.7053228,0.1302178,0.03947555,0.9351298,1.155366,-0.2924016,-3.440934,0.05959916,0.2351304,-0.08141094,0.9667131,8.830676,26.75909,352.4768,0.3181333,-0.08095182,-0.9445833,0,0,0,1.702777,-0.4178672,-2.662692,0.1345117,0.0384775,0.9494671,0.8761719,-0.1293749,-0.4643113,0.1854292,0.9796404,0.07694619,0.4449031,-0.1535149,0.8823233,static,8.329705241850842,2.4762757541443703,8.06347456447841,2.3206624744025555,0.5474110000000001,-0.1254656,0.7782420000000001,0.14473676328310833,0.0427507644362571,0.9885462393303285,8.256441242883472,2.5508600349968322,0.30658696651309514,0.30837358253616404,0.30037818808668243
05/17/2023 16:15:42.437680,2122,True,True,True,True,Eyes,1.154958,-0.2937219,-3.429868,0.5744635,-0.128539,0.8083746,0.9361056,1.692716,-0.4140481,-2.673144,-0.6706351,0.2545682,-0.6967378,0.1304171,0.04010192,0.9350736,1.155357,-0.292269,-3.440865,0.05989831,0.2349469,-0.08161336,0.966722,8.868062,26.73453,352.4601,0.3181286,-0.08094657,-0.9445853,0,0,0,1.702777,-0.4178672,-2.662692,0.1348782,0.03904153,0.949358,0.8762784,-0.129649,-0.4640338,0.1859407,0.9795029,0.07746042,0.4444798,-0.1541597,0.8824242,static,8.341877133664502,2.5214508411144947,8.086071614723714,2.3549126390374675,0.54742,-0.1255982,0.7781730000000002,0.1449418960311672,0.04352885451352652,0.9884822542049203,8.268294211447682,2.596536327100199,0.3032844073220224,0.305239965062923,0.3026335761112137
05/17/2023 16:15:42.447656,2123,True,True,True,True,Eyes,1.154927,-0.2937012,-3.429822,0.5743583,-0.128483,0.8084581,0.9361257,1.692599,-0.4139774,-2.673004,-0.6784645,0.2592823,-0.6873563,0.1307226,0.03948026,0.9350416,1.155345,-0.2921622,-3.440773,0.05955378,0.2347593,-0.08163401,0.9667872,8.82867,26.71337,352.4471,0.3181239,-0.08094119,-0.9445873,0,0,0,1.702777,-0.4178672,-2.662692,0.1353677,0.03835329,0.9492619,0.8764479,-0.1298838,-0.4636478,0.185807,0.9795784,0.07682296,0.4442013,-0.1534803,0.8826829,static,8.359142255856648,2.489097950095185,8.115837987388696,2.3136787394192844,0.5474319999999999,-0.125705,0.7780810000000002,0.1452432590857129,0.04296876216601922,0.9884624012533709,8.285794619489117,2.563727263390248,0.29788045102997646,0.2999481063932247,0.30234007530424306
05/17/2023 16:15:42.468647,2124,True,True,True,True,Eyes,1.154912,-0.2936847,-3.429782,0.5742629,-0.1284512,0.808531,0.9361344,1.692499,-0.4139323,-2.672889,-0.6850671,0.2622653,-0.6796324,0.1311246,0.03982347,0.9348964,1.155445,-0.2923315,-3.440741,0.0596239,0.2344179,-0.08164142,0.966865,8.834042,26.67252,352.445,0.3181194,-0.0809359,-0.9445893,0,0,0,1.702777,-0.4178672,-2.662692,0.1359263,0.03866437,0.9490636,0.8767659,-0.1299186,-0.4630365,0.1858263,0.9795593,0.07702012,0.4435654,-0.1535729,0.8829865,static,8.391655832140545,2.5004319975162805,8.150559180930909,2.3329109368562087,0.5473319999999999,-0.12553569999999997,0.7780490000000002,0.14580295940200966,0.04316070668132709,0.9883717000639155,8.31823598560294,2.575076819646147,0.29159633418609754,0.29358286903219755,0.2945502089838887
05/17/2023 16:15:42.477387,2125,True,True,True,True,Eyes,1.154899,-0.2936709,-3.429744,0.5741428,-0.1284217,0.808621,0.9361489,1.692383,-0.4138927,-2.672755,-0.692816,0.264901,-0.6706963,0.1316064,0.04064777,0.9347695,1.155452,-0.2923586,-3.440675,0.05999317,0.2340587,-0.08177106,0.9669183,8.875936,26.62742,352.4366,0.3181152,-0.08093078,-0.9445912,0,0,0,1.702777,-0.4178672,-2.662692,0.1365866,0.03947309,0.9488737,0.8770601,-0.130048,-0.4624426,0.1862157,0.9794286,0.07773852,0.4428197,-0.1542954,0.8832347,static,8.421816520970532,2.5490219892163393,8.19123375328209,2.382127550369166,0.5473250000000001,-0.12550859999999997,0.7779830000000003,0.14631789132212047,0.04399550469569457,0.9882588121081184,8.348058165055818,2.6241420323377103,0.28262267497106575,0.2846439292747611,0.28838326166870154
05/17/2023 16:15:42.497368,2126,True,True,True,True,Eyes,1.154893,-0.2936572,-3.429711,0.5740417,-0.1284353,0.8086907,0.9361542,1.692284,-0.4138924,-2.672652,-0.6993723,0.2649213,-0.6638487,0.1321964,0.04078496,0.9346526,1.155537,-0.2924145,-3.440675,0.05998286,0.2336397,-0.08188807,0.9670104,8.874618,26.57675,352.4192,0.3181115,-0.08092587,-0.9445928,0,0,0,1.702777,-0.4178672,-2.662692,0.1373229,0.03962235,0.9487053,0.8774137,-0.1303445,-0.4616877,0.186402,0.9793928,0.07774347,0.4420402,-0.1542727,0.8836291,static,8.46431591914761,2.554450733265352,8.236228069182916,2.3915486223416544,0.54724,-0.12545269999999997,0.7779830000000003,0.14705033036125228,0.04408430389657833,0.9881462049626416,8.390530109981212,2.629477446258834,0.2782989356212294,0.2802876469716668,0.28358287156514084
05/17/2023 16:15:42.517471,2127,True,True,True,True,Eyes,1.154887,-0.2936488,-3.429679,0.573929,-0.1284606,0.8087666,0.9361622,1.692178,-0.4139088,-2.672542,-0.7065535,0.263864,-0.6566263,0.1328705,0.04116226,0.9345849,1.155533,-0.2923773,-3.440683,0.06011067,0.2332056,-0.08212967,0.9670867,8.891897,26.52274,352.3912,0.3181083,-0.08092117,-0.9445943,0,0,0,1.702777,-0.4178672,-2.662692,0.1381516,0.04003479,0.9485809,0.8777397,-0.1308167,-0.4609337,0.1868893,0.9792829,0.07795826,0.4411862,-0.1545707,0.8840038,static,8.50663111648326,2.5795302360560166,8.286314589609313,2.416730077007694,0.5472440000000001,-0.1254899,0.7779910000000001,0.14777726190705545,0.044511952259131064,0.9880185236311385,8.432677673750598,2.654702140752232,0.27192010583830434,0.27394025589525545,0.2793794114142691
05/17/2023 16:15:42.537674,2128,True,True,True,True,Eyes,1.154901,-0.2936465,-3.429658,0.5738019,-0.1284896,0.8088521,0.936164,1.692074,-0.4139338,-2.67244,-0.7134546,0.2621947,-0.6497971,0.1330761,0.04157261,0.9345319,1.155567,-0.2924989,-3.440686,0.06021653,0.2329943,-0.0823076,0.967116,8.906769,26.49578,352.3719,0.3181055,-0.08091677,-0.9445956,0,0,0,1.702777,-0.4178672,-2.662692,0.1384983,0.04048686,0.9484775,0.8778782,-0.1311418,-0.4605775,0.1872622,0.9791989,0.07811832,0.4407524,-0.1548271,0.8841752,static,8.52195897944244,2.597536639076574,8.307712729585058,2.4442528277955655,0.54721,-0.1253683,0.7779940000000001,0.14803951869776985,0.04482067541171687,0.9879652450291708,8.447881192178299,2.672869117395579,0.261520891368596,0.2634338292224134,0.2681652583319287
05/17/2023 16:15:42.547519,2129,True,True,True,True,Eyes,1.154922,-0.2936452,-3.429638,0.5736647,-0.1285476,0.8089403,0.9361629,1.691966,-0.4139867,-2.672338,-0.7207837,0.2587025,-0.6430737,0.1332269,0.04192114,0.9344975,1.155554,-0.2925649,-3.440655,0.06035767,0.2328417,-0.08242738,0.9671337,8.924506,26.47614,352.3606,0.3181036,-0.08091278,-0.9445966,0,0,0,1.702777,-0.4178672,-2.662692,0.1387886,0.04090526,0.948391,0.877981,-0.131329,-0.4603282,0.1875442,0.9791254,0.07836281,0.4404278,-0.1551329,0.8842834,static,8.529674779557094,2.6146026300020737,8.325630999459376,2.4697061114062793,0.547223,-0.12530229999999998,0.7779630000000002,0.14817061633534884,0.04511405471386708,0.9879323220636204,8.455477337216744,2.690112784737627,0.24843764093507298,0.2502575978821572,0.2558108150137358
05/17/2023 16:15:42.567648,2130,True,True,True,True,Eyes,1.154959,-0.2936463,-3.429626,0.5735254,-0.1286111,0.8090289,0.9361505,1.691865,-0.4140456,-2.672253,-0.7273081,0.2547207,-0.6372915,0.1332393,0.04259092,0.9343702,1.155735,-0.2925843,-3.440645,0.06070942,0.2326612,-0.08259702,0.9671406,8.96687,26.45196,352.3487,0.3181025,-0.08090919,-0.9445973,0,0,0,1.702777,-0.4178672,-2.662692,0.1389247,0.0416565,0.9482229,0.8780929,-0.1315164,-0.460061,0.1880153,0.9789842,0.07899483,0.4400033,-0.1558633,0.8843663,static,8.538648368769353,2.6563262363540607,8.335137371903624,2.5154507331769658,0.547042,-0.12528289999999997,0.7779530000000001,0.14832047885958394,0.045832425156247636,0.9878767053022056,8.46415576868218,2.732307791202826,0.24572596957881393,0.2475128950997958,0.25233456030227014
05/17/2023 16:15:42.587155,2131,True,True,True,True,Eyes,1.154995,-0.2936476,-3.429618,0.5733765,-0.1286841,0.8091229,0.9361507,1.691761,-0.4141154,-2.672157,-0.7343728,0.2501181,-0.6309814,0.1333609,0.04285684,0.9343412,1.155747,-0.2925778,-3.440618,0.06088703,0.2325184,-0.08263998,0.9671601,8.986727,26.43397,352.347,0.3181026,-0.08090597,-0.9445975,0,0,0,1.702777,-0.4178672,-2.662692,0.1391763,0.04200789,0.9481422,0.8782117,-0.1315375,-0.4598284,0.1881669,0.9789268,0.07934439,0.4397016,-0.1562057,0.884456,static,8.544243592435375,2.6728987649749496,8.350720784051312,2.5368576328674632,0.5470299999999999,-0.1252894,0.7779260000000003,0.14841500856056844,0.046117503166003604,0.9878492986205794,8.46963429438163,2.749059959143023,0.23481694727410463,0.23655499781222442,0.24324935809953893
05/17/2023 16:15:42.607619,2132,True,True,True,True,Eyes,1.15505,-0.2936516,-3.429622,0.573249,-0.1287498,0.8092027,0.9361382,1.69169,-0.4141791,-2.672097,-0.7391939,0.24588,-0.627005,0.1336204,0.04313087,0.9343774,1.155739,-0.2925821,-3.440698,0.06102065,0.2323127,-0.08274955,0.9671918,9.002923,26.40812,352.3362,0.3181036,-0.08090311,-0.9445975,0,0,0,1.702777,-0.4178672,-2.662692,0.1395237,0.04235843,0.9481449,0.8783667,-0.1317176,-0.4594806,0.1884211,0.978858,0.07958981,0.4392829,-0.1564849,0.8846146,static,8.559051899066237,2.688732101577417,8.371246619656942,2.5579914759573747,0.5470379999999999,-0.12528509999999998,0.778006,0.14866843771173077,0.04638869846079174,0.98779842122358,8.484333615183866,2.7650295130061613,0.22715046943792705,0.2288316721118896,0.23590976525426252
05/17/2023 16:15:42.617939,2133,True,True,True,True,Eyes,1.155109,-0.2936585,-3.429628,0.5731337,-0.1288083,0.809275,0.936119,1.69163,-0.4142384,-2.67205,-0.7431352,0.2419286,-0.6238756,0.1338699,0.04299729,0.9343792,1.155729,-0.292574,-3.440712,0.06097657,0.2321538,-0.08274549,0.967233,8.996635,26.38948,352.334,0.3181058,-0.0809006,-0.9445969,0,0,0,1.702777,-0.4178672,-2.662692,0.1398436,0.0422892,0.9481198,0.8785155,-0.1317565,-0.4591847,0.1883802,0.9788701,0.07953772,0.4390026,-0.1563765,0.8847729,static,8.570775977288921,2.680675268495224,8.390386266664187,2.553883790416942,0.547048,-0.1252932,0.7780200000000002,0.14887152431021794,0.04624836430131503,0.9877743668969068,8.496118253625419,2.7568312964529,0.21885833013405714,0.22049155678290905,0.22883824696275146
05/17/2023 16:15:42.633553,2134,True,True,True,True,Eyes,1.155176,-0.2936669,-3.429637,0.5730571,-0.1288632,0.8093206,0.9360883,1.691607,-0.4142942,-2.672041,-0.7447475,0.2382309,-0.6233757,0.1335046,0.04285872,0.9343541,1.155898,-0.2926536,-3.440739,0.06093778,0.2322499,-0.0826739,0.9672186,8.991174,26.40163,352.342,0.3181092,-0.08089847,-0.944596,0,0,0,1.702777,-0.4178672,-2.662692,0.1394923,0.0422067,0.9480895,0.87845,-0.1316219,-0.4593486,0.188233,0.9789032,0.07947831,0.4391968,-0.1562823,0.8846932,static,8.555114267014556,2.668889993044582,8.369871470543936,2.5489894697823394,0.5468789999999999,-0.12521359999999998,0.7780470000000004,0.14860290715190017,0.046047071166512604,0.9878242966145345,8.480536435955244,2.7449619907673286,0.219132004745029,0.22066043850861689,0.22505991102526024
05/17/2023 16:15:42.647653,2135,True,True,True,True,Eyes,1.155245,-0.2936739,-3.429646,0.5729763,-0.1289241,0.8093681,0.9360504,1.69158,-0.4143534,-2.672036,-0.7464083,0.234231,-0.6229049,0.1334969,0.04281349,0.9343346,1.155874,-0.2926643,-3.440702,0.06090586,0.2322655,-0.0827637,0.967209,8.990096,26.40285,352.3312,0.3181138,-0.08089673,-0.9445946,0,0,0,1.702777,-0.4178672,-2.662692,0.1395032,0.04222507,0.9480686,0.8784058,-0.131807,-0.4593802,0.1883923,0.9788812,0.07937109,0.439217,-0.1562637,0.8846864,static,8.548604352441528,2.665149064052919,8.370698142619577,2.5501535672957445,0.5469029999999999,-0.1252029,0.7780100000000001,0.14849110549865482,0.045983355123514036,0.9878440706201976,8.474051473601532,2.7412001457244513,0.21037157354334954,0.21183621920635073,0.21721120172399383
05/17/2023 16:15:42.667495,2136,True,True,True,True,Eyes,1.155307,-0.2936799,-3.429651,0.5729324,-0.1289519,0.8093948,0.9360117,1.691578,-0.4143804,-2.672048,-0.7464267,0.2324017,-0.6235676,0.1335346,0.04294376,0.9342412,1.156026,-0.2926348,-3.440711,0.06096046,0.232175,-0.08291908,0.9672142,8.999571,26.39059,352.3142,0.3181196,-0.08089527,-0.9445928,0,0,0,1.702777,-0.4178672,-2.662692,0.1395364,0.04238722,0.9479806,0.8784384,-0.132094,-0.4592353,0.188708,0.9788165,0.07942015,0.4390162,-0.1564271,0.8847572,static,8.555978245148324,2.6765425068162787,8.373428233282786,2.5601708201643123,0.546751,-0.12523240000000002,0.778019,0.1486169027192759,0.046178909594838904,0.9878160731052978,8.481346072152743,2.75270388965162,0.2150017050369972,0.21648758922010242,0.2207152980483374
05/17/2023 16:15:42.677277,2137,True,True,True,True,Eyes,1.155366,-0.2936858,-3.429658,0.5728856,-0.1289693,0.8094251,0.9359842,1.691578,-0.414399,-2.672049,-0.746587,0.2312084,-0.6238194,0.1336781,0.04290769,0.9342059,1.156018,-0.2926389,-3.440686,0.06095539,0.2321115,-0.08289217,0.967232,8.997795,26.3833,352.3165,0.3181263,-0.08089408,-0.9445906,0,0,0,1.702777,-0.4178672,-2.662692,0.1396783,0.04236889,0.9479431,0.8785063,-0.132055,-0.4591167,0.1886488,0.9788266,0.07943556,0.4389058,-0.1563964,0.8848174,moving,8.560435301717447,2.6738939615022264,8.382149456675803,2.559166268082342,0.546759,-0.12522830000000001,0.7779940000000001,0.14869405615821718,0.04613270381924531,0.9878065776463544,8.485823196600675,2.750006610630104,0.21054344676033182,0.21201010867329004,0.21718259758497518
05/17/2023 16:15:42.697251,2138,True,True,True,True,Eyes,1.155421,-0.2936941,-3.429662,0.5728518,-0.1289567,0.8094511,0.9330191,1.689902,-0.4140132,-2.674429,-0.5518064,0.2556036,-0.7938365,0.1333648,0.04258715,0.9313442,1.15604,-0.2926469,-3.44076,0.06080503,0.2320342,-0.0829663,0.9672537,8.982326,26.37409,352.3036,0.3181338,-0.08089311,-0.9445882,0,0,0,1.698181,-0.4178479,-2.662519,0.1356793,0.04133826,0.9461145,0.8785535,-0.1322812,-0.4589613,0.1887166,0.9788387,0.07912573,0.4387822,-0.1561298,0.8849258,moving,8.568398193082801,2.6620314775073375,8.160965946269748,2.5018138455644627,0.542141,-0.125201,0.778241,0.14883275803687718,0.04592722153974438,0.9877953224155881,8.49387279018224,2.7379707579618264,0.4358450901818654,0.4378021531793962,0.40816302379910896
05/17/2023 16:15:42.717600,2139,True,True,True,True,Eyes,1.155479,-0.2936971,-3.429666,0.5728175,-0.1289562,0.8094754,0.9311127,1.688837,-0.4137698,-2.675953,-0.3235475,0.2705704,-0.906702,0.1331254,0.04239162,0.929446,1.15603,-0.2927244,-3.440711,0.06069357,0.2320394,-0.08297916,0.9672583,8.970247,26.37503,352.2994,0.3181418,-0.08089242,-0.9445856,0,0,0,1.693691,-0.4178291,-2.66235,0.1316838,0.04040738,0.944247,0.8785443,-0.132358,-0.4589567,0.1886912,0.9788615,0.07890383,0.4388115,-0.1559216,0.884948,moving,8.566412158163978,2.6503490409898487,7.939210414618115,2.4503764989149297,0.5376610000000002,-0.1251047,0.7783609999999999,0.14879988651838055,0.045726038851302574,0.9878095647304376,8.491969537704856,2.7261543610682537,0.6559099106754709,0.658309231813496,0.6177346334871313
05/17/2023 16:15:42.733644,2140,True,True,True,True,Eyes,1.155523,-0.2937053,-3.429664,0.57281,-0.1289471,0.8094822,0.9303265,1.688423,-0.4136682,-2.676582,-0.04753174,0.2760647,-0.9599631,0.1329076,0.04248391,0.9286414,1.156183,-0.2925979,-3.440719,0.06077398,0.232036,-0.08316773,0.9672379,8.984171,26.37273,352.2801,0.3181504,-0.08089183,-0.9445828,0,0,0,1.689136,-0.41781,-2.662179,0.1274733,0.03970224,0.9423462,0.8784848,-0.1326825,-0.4589768,0.1890894,0.9787793,0.07896996,0.4387591,-0.1561616,0.8849317,moving,8.565399870647456,2.667759382651322,7.703767345399736,2.4125170575978716,0.532953,-0.1252121,0.77854,0.1487803852998502,0.04602633845609348,0.9877985907732421,8.490832827119782,2.7437792075852276,0.8956156377012271,0.8986430064622173,0.8539359955696051
05/17/2023 16:15:42.747457,2141,True,True,True,True,Eyes,1.155564,-0.293716,-3.42967,0.5727995,-0.1289738,0.8094853,0.9313553,1.689044,-0.4138365,-2.675751,0.3009633,0.2636489,-0.9164661,0.1332262,0.04265767,0.9296399,1.15614,-0.2927729,-3.440706,0.06073065,0.2319805,-0.08323476,0.9672482,8.980649,26.36576,352.2709,0.3181593,-0.08089149,-0.9445798,0,0,0,1.68453,-0.4177906,-2.662006,0.1234788,0.03901758,0.9404413,0.8785141,-0.1328407,-0.4588752,0.189194,0.9787676,0.07886551,0.4386556,-0.1561009,0.8849936,moving,8.571896173466326,2.6648452504500866,7.4800781249257975,2.3757583827699564,0.5283900000000001,-0.1250177,0.7787000000000002,0.1488927238289508,0.04597530873515719,0.9877839778920705,8.497351632015649,2.7408054963642052,1.1260355989031308,1.1294413965248298,1.0807889633829437
05/17/2023 16:15:42.767716,2142,True,True,True,True,Eyes,1.155596,-0.293724,-3.429669,0.5727978,-0.1290022,0.809482,0.0,0.0,0.0,0.0,0.0,0.0,0.0,-2.63376,0.3406966,2.491841,1.156103,-0.2928371,-3.440887,0.06111768,0.2319874,-0.08346076,0.9672027,9.029907,26.36316,352.2552,0.3181682,-0.08089145,-0.9445768,0,0,0,1.680058,-0.4177718,-2.661838,0.1193339,0.0391243,0.9387668,0.8784323,-0.1330899,-0.4589593,0.189804,0.9785979,0.07950267,0.4385557,-0.15695,0.884893,moving,8.567651933610199,2.714620179912532,7.24445503583092,2.3864933908788033,0.523955,-0.12493470000000001,0.7790490000000001,0.14881361249572972,0.04683398006052389,0.9877555784005179,8.492751317736175,2.7911987323855034,1.3593656314753242,1.363274447781624,1.3122614148341556
05/17/2023 16:15:42.777523,2143,True,True,True,True,Eyes,1.155629,-0.2937245,-3.429673,0.5727985,-0.1290099,0.8094803,0.0,0.0,0.0,0.0,0.0,0.0,0.0,-2.633692,0.3409631,2.491831,1.15612,-0.2928063,-3.440851,0.06112352,0.2319809,-0.08339431,0.9672096,9.028762,26.36292,352.2628,0.318177,-0.08089159,-0.9445738,0,0,0,1.675512,-0.4177527,-2.661668,0.1152778,0.0382242,0.9368869,0.8784605,-0.1329606,-0.4589429,0.1896785,0.9786186,0.07954673,0.4385535,-0.1569303,0.8848976,moving,8.568517594456544,2.711933988022882,7.014612703932931,2.336324014002595,0.5193919999999999,-0.12494639999999996,0.7791829999999997,0.14882886291177452,0.04678756344676083,0.9877554988252168,8.493636363429326,2.788476790266236,1.5942644451158865,1.5986567052925162,1.5465940380180658
05/17/2023 16:15:42.797397,2144,True,True,True,True,Eyes,1.155682,-0.2937287,-3.429682,0.572763,-0.1289725,0.8095114,0.0,0.0,0.0,0.0,0.0,0.0,0.0,-2.63373,0.3388849,2.492204,1.156173,-0.2926368,-3.440942,0.0608398,0.2319896,-0.08344259,0.9672212,8.99839,26.36466,352.2503,0.3181857,-0.08089171,-0.9445708,0,0,0,1.670933,-0.4177335,-2.661495,0.1111383,0.03674927,0.9351267,0.8784363,-0.1331865,-0.4589238,0.1896433,0.9786717,0.07897546,0.4386172,-0.1564067,0.8849587,moving,8.567196041543115,2.68540959450956,6.777718678424549,2.2504919719213983,0.5147600000000001,-0.1250967,0.7794470000000002,0.14880925650109755,0.046330427961545115,0.9877800176556016,8.492503608473125,2.76163631810305,1.836676685018711,1.8415706805744696,1.7893451033702723
05/17/2023 16:15:42.817541,2145,True,True,True,True,Eyes,1.155733,-0.2937344,-3.429693,0.5727311,-0.1289232,0.8095418,0.0,0.0,0.0,0.0,0.0,0.0,0.0,-2.633888,0.335383,2.492401,1.156232,-0.2926766,-3.44084,0.06030674,0.2320473,-0.08350854,0.967235,8.941007,26.37306,352.2298,0.3181949,-0.08089188,-0.9445677,0,0,0,1.666306,-0.4177141,-2.661322,0.1069609,0.03502078,0.9331626,0.8783607,-0.1335567,-0.4589608,0.1895328,0.9787788,0.07790571,0.4388163,-0.1554174,0.8850343,moving,8.56254198580111,2.633265121007276,6.538816515197243,2.149252076481467,0.5100740000000001,-0.12503749999999997,0.7795179999999999,0.14873516148214255,0.04543194876485773,0.9878328907882135,8.488220167121025,2.708878157216996,2.0755945341612705,2.0808011456268436,2.028141008010337
05/17/2023 16:15:42.838038,2146,True,True,True,True,Eyes,1.155793,-0.2937446,-3.429708,0.5726752,-0.1288661,0.8095905,0.0,0.0,0.0,0.0,0.0,0.0,0.0,-2.634079,0.3321759,2.492698,1.156235,-0.2927269,-3.440885,0.05998835,0.2320701,-0.08384266,0.9672205,8.914397,26.37425,352.1842,0.3182042,-0.08089212,-0.9445646,0,0,0,1.661732,-0.4176949,-2.66115,0.1028433,0.0338891,0.9313463,0.8782278,-0.1343456,-0.4589851,0.1900316,0.9787436,0.07712916,0.4388667,-0.1549587,0.8850897,moving,8.558184239484158,2.6164515089053486,6.301319572824914,2.0839145702360646,0.5054970000000001,-0.12496799999999997,0.7797350000000001,0.14866198939142827,0.045142569071723884,0.9878572242395596,8.483981165814392,2.6918773572913084,2.3132807230519816,2.3188431845776445,2.2657516147970287
05/17/2023 16:15:42.847596,2147,True,True,True,True,Eyes,1.155847,-0.2937584,-3.429725,0.5726059,-0.1288076,0.8096487,0.0,0.0,0.0,0.0,0.0,0.0,0.0,-2.633707,0.3321569,2.493003,1.156194,-0.2928035,-3.440825,0.06001774,0.2319989,-0.08392601,0.9672285,8.919302,26.36499,352.1749,0.318214,-0.08089254,-0.9445612,0,0,0,1.65725,-0.417676,-2.660982,0.09901214,0.03325965,0.9294606,0.8782659,-0.1345031,-0.458866,0.1901993,0.9787086,0.07716025,0.4387178,-0.1550432,0.8851488,moving,8.560751450895252,2.6265767095619403,6.080584706109903,2.049387375215551,0.501056,-0.1248725,0.7798429999999996,0.1487050618703584,0.04531683914382932,0.9878426598443729,8.486476853562822,2.702115496364623,2.540500367243906,2.5464435217813848,2.4928640206225476
05/17/2023 16:15:42.867840,2148,True,True,True,True,Eyes,1.155892,-0.2937719,-3.429741,0.5724964,-0.1287613,0.8097336,0.0,0.0,0.0,0.0,0.0,0.0,0.0,-2.632349,0.3332666,2.494351,1.156087,-0.2929029,-3.440898,0.06004751,0.2317564,-0.08376893,0.9672984,8.916547,26.33741,352.1912,0.318224,-0.08089323,-0.9445578,0,0,0,1.652372,-0.4176556,-2.660798,0.09514394,0.03247114,0.9275301,0.8785435,-0.1342263,-0.4584154,0.1898919,0.9787541,0.07733975,0.4382949,-0.1549957,0.8853666,moving,8.580861956334951,2.6263961358162664,5.856786729905011,2.0050020950641216,0.49628499999999987,-0.1247527,0.7800999999999996,0.14905183011411413,0.04531133747901865,0.9877907359330245,8.506593974708084,2.701857483010581,2.7877598593988036,2.794050177275206,2.7399061783792638
05/17/2023 16:15:42.877320,2149,True,True,True,True,Eyes,1.15594,-0.2937907,-3.429761,0.5723741,-0.1287296,0.8098251,0.0,0.0,0.0,0.0,0.0,0.0,0.0,-2.630238,0.3353564,2.496304,1.156008,-0.2929155,-3.440929,0.06032005,0.2313418,-0.08374462,0.9673827,8.943037,26.28734,352.197,0.318234,-0.08089414,-0.9445544,0,0,0,1.648006,-0.4176372,-2.660634,0.09202486,0.0322132,0.9257277,0.8789356,-0.1341171,-0.4576951,0.1899353,0.9786966,0.07795791,0.4374892,-0.1554524,0.8856849,moving,8.618205477205874,2.658427010872243,5.67701530738017,1.992957518023204,0.49199800000000016,-0.12472169999999999,0.7802950000000002,0.14969186354073727,0.04585906476968494,0.9876686716835416,8.543718973905609,2.734136286186147,3.008797929593047,3.0155346559096468,2.960968739795463
05/17/2023 16:15:42.897401,2150,True,True,True,True,Eyes,1.15598,-0.2938075,-3.429778,0.5722205,-0.1287305,0.8099335,0.0,0.0,0.0,0.0,0.0,0.0,0.0,-2.629146,0.3378418,2.497302,1.156096,-0.293055,-3.44102,0.06057325,0.2311013,-0.08358119,0.9674387,8.965123,26.25916,352.2196,0.3182439,-0.08089541,-0.9445509,0,0,0,1.643642,-0.4176189,-2.66047,0.08838451,0.03191403,0.9239292,0.8792127,-0.1337222,-0.4572782,0.1897164,0.9786901,0.07857034,0.437027,-0.1558332,0.8858461,moving,8.633487891573086,2.6788397664791033,5.464375806116761,1.9783036635068458,0.48754600000000003,-0.1245639,0.7805499999999999,0.1499528764780474,0.0462090898936574,0.9876127639514939,8.558859871760957,2.7547389094992165,3.238544750045376,3.2456158493809606,3.190404883983389
05/17/2023 16:15:42.917655,2151,True,True,True,True,Eyes,1.156017,-0.2938247,-3.429793,0.5720543,-0.1287314,0.8100507,0.0,0.0,0.0,0.0,0.0,0.0,0.0,-2.628026,0.3400048,2.49817,1.15606,-0.2930311,-3.441023,0.06083165,0.2308843,-0.08346654,0.9674841,8.989272,26.23335,352.2371,0.3182537,-0.08089695,-0.9445475,0,0,0,1.639093,-0.4175998,-2.6603,0.08470395,0.03147548,0.9220632,0.8794516,-0.1334149,-0.4569085,0.1895952,0.9786657,0.07916507,0.4365989,-0.1562495,0.8859839,moving,8.645065647117315,2.7016852450737825,5.24865944043136,1.9550852580601907,0.4830329999999998,-0.12456870000000003,0.7807230000000001,0.15014969401728004,0.04660146587529575,0.9875643800936378,8.570277781302936,2.7778175619209073,3.470024701463822,3.477497183524895,3.421993110196221
05/17/2023 16:15:42.933786,2152,True,True,True,True,Eyes,1.15604,-0.2938452,-3.429797,0.5718637,-0.1287325,0.8101851,0.0,0.0,0.0,0.0,0.0,0.0,0.0,-2.626516,0.3408909,2.499589,1.156026,-0.293055,-3.440997,0.06088253,0.2306036,-0.08338149,0.9675551,8.990491,26.20057,352.2454,0.3182633,-0.08089875,-0.9445441,0,0,0,1.634526,-0.4175806,-2.660128,0.08116499,0.03074059,0.9201587,0.879739,-0.1332729,-0.4563964,0.1894318,0.9786817,0.07935827,0.4360905,-0.1562705,0.8862306,moving,8.664352396214584,2.703822443632085,5.04087653375351,1.9134212901913488,0.4784999999999999,-0.12452560000000001,0.780869,0.1504818754103218,0.04663592089902914,0.9875121975200314,8.589554399597684,2.7799084553212885,3.70090333100275,3.708680534799199,3.652932329357784
05/17/2023 16:15:42.947856,2153,True,True,True,True,Eyes,1.156057,-0.2938657,-3.429801,0.5716373,-0.1287634,0.81034,0.0,0.0,0.0,0.0,0.0,0.0,0.0,-2.624446,0.3426179,2.501369,1.155988,-0.2931956,-3.440883,0.06099484,0.2302227,-0.08322408,0.9676523,8.995898,26.15627,352.2625,0.3182725,-0.0809009,-0.9445408,0,0,0,1.630005,-0.4175616,-2.659958,0.07787001,0.03019992,0.918165,0.8801425,-0.1329791,-0.4557036,0.1891487,0.9787068,0.07972344,0.4353986,-0.1563637,0.8865542,moving,8.69272494832606,2.708089566162273,4.847681671214047,1.8838709522274153,0.4740169999999999,-0.12436599999999998,0.7809249999999999,0.15097037961624366,0.04670594910933928,0.9874343676048415,8.61790403937224,2.784121051745439,3.9243590344627837,3.932390383268297,3.8762129646141203
05/17/2023 16:15:42.967509,2154,True,True,True,True,Eyes,1.15608,-0.2938862,-3.429811,0.5712994,-0.1288021,0.810572,0.0,0.0,0.0,0.0,0.0,0.0,0.0,-2.621415,0.3455381,2.50411,1.155905,-0.2932068,-3.440885,0.06142,0.2296198,-0.08325933,0.9677656,9.039556,26.08278,352.2635,0.3182811,-0.08090337,-0.9445376,0,0,0,1.625469,-0.4175425,-2.659788,0.074931,0.03023258,0.9162608,0.8806853,-0.1329445,-0.4546638,0.1893575,0.9785909,0.08064435,0.4342087,-0.1571163,0.8870046,moving,8.73659802273342,2.75467815279563,4.6751945381242015,1.889823320207942,0.4695640000000001,-0.1243357,0.7810970000000004,0.15172071804921022,0.047503314764588744,0.9872812220384717,8.661456509538663,2.831109324256163,4.143953364641128,4.152465791098847,4.0958886515824835
05/17/2023 16:15:42.977225,2155,True,True,True,True,Eyes,1.156096,-0.2939104,-3.429822,0.5709096,-0.128854,0.8108383,0.0,0.0,0.0,0.0,0.0,0.0,0.0,-2.616681,0.3473363,2.508656,1.155727,-0.2931762,-3.440837,0.06159748,0.2287306,-0.08324886,0.9679658,9.052049,25.97672,352.2609,0.3182893,-0.08090613,-0.9445346,0,0,0,1.620976,-0.4175237,-2.659619,0.07271487,0.029819,0.9143544,0.8815039,-0.1329856,-0.4530627,0.1893425,0.9785507,0.08116538,0.432551,-0.1573316,0.8877761,moving,8.812970411359524,2.7735843327335212,4.54692989487904,1.867872614829374,0.465249,-0.1243475,0.781218,0.1530342630332925,0.047819288662725806,0.987063170929145,8.737714310185952,2.8499585372978915,4.352221454230699,4.361125474484994,4.304319548394396
05/17/2023 16:15:42.997383,2156,True,True,True,True,Eyes,1.156269,-0.293955,-3.429916,0.5687737,-0.1287746,0.8123506,0.0,0.0,0.0,0.0,0.0,0.0,0.0,-2.611799,0.3489566,2.513538,1.155596,-0.2932877,-3.440889,0.06180335,0.2277799,-0.08337507,0.9681661,9.070759,25.86211,352.2429,0.318297,-0.08090924,-0.9445318,0,0,0,1.61631,-0.4175041,-2.659444,0.07034174,0.02964525,0.9124237,0.8823298,-0.1332867,-0.4513632,0.1895969,0.9784579,0.08168947,0.4307518,-0.1576541,0.8885934,moving,8.77311579201519,2.7952474510518375,4.4084000457284676,1.8609231644909827,0.46071399999999985,-0.1242164,0.7814449999999997,0.15234485989705498,0.048197682065863806,0.9871514290338818,8.697694650030753,2.8720329809004546,4.454477361683656,4.463597810997392,4.4068573000877045
05/17/2023 16:15:43.017594,2157,True,True,True,True,Eyes,1.15643,-0.2939962,-3.429999,0.5666293,-0.1286661,0.813865,0.0,0.0,0.0,0.0,0.0,0.0,0.0,-2.60537,0.3520696,2.519524,1.15539,-0.2931843,-3.440788,0.06215035,0.2265707,-0.08333664,0.9684308,9.098946,25.71771,352.2445,0.3183074,-0.08091293,-0.9445279,0,0,0,1.611848,-0.4174854,-2.659276,0.06876588,0.0294819,0.9104769,0.8834415,-0.1332486,-0.4491948,0.1895744,0.9783847,0.08261333,0.4284772,-0.1581399,0.8896062,moving,8.761729412362447,2.828352692030537,4.3191963451068895,1.8546307275803147,0.45645800000000003,-0.1243011,0.7815119999999998,0.15214445577232294,0.04876957012130513,0.9871542740324972,8.686069176942608,2.90558150180351,4.538524375952037,4.547992361219604,4.491556062130945
05/17/2023 16:15:43.037511,2158,True,True,True,True,Eyes,1.156637,-0.294047,-3.430106,0.5643488,-0.1285925,0.8154595,0.0,0.0,0.0,0.0,0.0,0.0,0.0,-2.597797,0.3518227,2.527046,1.155283,-0.2931516,-3.440592,0.06185456,0.2251841,-0.08320794,0.9687843,9.051469,25.55567,352.2388,0.3183201,-0.08091709,-0.9445233,0,0,0,1.607327,-0.4174664,-2.659106,0.06750539,0.02820318,0.908386,0.8847371,-0.1333637,-0.4466031,0.1890784,0.9785009,0.08237322,0.426016,-0.1573217,0.8909323,moving,8.768317067804492,2.7866559072051684,4.2500407407396255,1.7783235969672324,0.4520439999999999,-0.1243148,0.7814860000000001,0.1522632553669543,0.04805026584192544,0.9871711443693634,8.692955921613407,2.863355410829082,4.619981333589076,4.629422751875719,4.573487656212821
05/17/2023 16:15:43.047841,2159,True,True,True,True,Eyes,1.156833,-0.2940899,-3.4302,0.5620714,-0.1285166,0.817043,0.0,0.0,0.0,0.0,0.0,0.0,0.0,-2.590045,0.3546593,2.534448,1.155105,-0.2932132,-3.440538,0.06219249,0.2237015,-0.08332169,0.9690962,9.080345,25.3777,352.2203,0.3183356,-0.08092186,-0.9445177,0,0,0,1.60265,-0.4174467,-2.658931,0.06615728,0.02825975,0.9063476,0.8860303,-0.1336683,-0.4439404,0.1893185,0.9783792,0.08326262,0.4232125,-0.1578194,0.8921795,moving,8.780739002624854,2.8245582696461042,4.1748026451586,1.7858931872094428,0.44754499999999986,-0.1242335,0.7816070000000002,0.1524724763562432,0.04870170635250232,0.9871070492984381,8.705110861951148,2.9016700211671487,4.711806668605544,4.721596645468846,4.665688639668828
05/17/2023 16:15:43.067894,2160,True,True,True,True,Eyes,1.156973,-0.2941261,-3.430267,0.5597292,-0.1284582,0.8186585,0.0,0.0,0.0,0.0,0.0,0.0,0.0,-2.583394,0.3551819,2.540869,1.155067,-0.2930658,-3.440352,0.06218449,0.2224523,-0.08338328,0.9693789,9.070999,25.22927,352.2014,0.3183537,-0.08092698,-0.9445112,0,0,0,1.598187,-0.417428,-2.658763,0.06457669,0.02745713,0.9043119,0.8871244,-0.1339938,-0.4416515,0.1893261,0.9783607,0.08346303,0.4209109,-0.1576582,0.8932961,moving,8.76491263556367,2.8197333465585546,4.084544072128679,1.7391062833814597,0.44311999999999996,-0.12436220000000003,0.7815889999999999,0.15220041045685107,0.04862064372996239,0.9871530246938314,8.689314708906245,2.896845924931936,4.793555641260894,4.803499218201381,4.748081053957093
05/17/2023 16:15:43.087707,2161,True,True,True,True,Eyes,1.157103,-0.2941599,-3.430325,0.5573828,-0.1283855,0.8202692,0.0,0.0,0.0,0.0,0.0,0.0,0.0,-2.576158,0.3571151,2.547665,1.154791,-0.2930687,-3.440245,0.0622478,0.2211368,-0.08325744,0.9696866,9.064386,25.07434,352.2049,0.3183728,-0.08093234,-0.9445043,0,0,0,1.59347,-0.4174082,-2.658586,0.06301633,0.02683769,0.9023301,0.8883334,-0.1339367,-0.439232,0.1889978,0.9783868,0.08389914,0.4185016,-0.1575443,0.8944474,moving,8.756091197120067,2.815758247592199,3.9948982963495614,1.7036261828728316,0.43867900000000004,-0.12433949999999999,0.7816589999999999,0.1520489188494365,0.048553300711702954,0.987179662514097,8.680519280163201,2.8928557255555645,4.8793004042936765,4.889355332528455,4.834181513880513
05/17/2023 16:15:43.097354,2162,True,True,True,True,Eyes,1.157178,-0.2941857,-3.430352,0.5549924,-0.1283243,0.821898,0.0,0.0,0.0,0.0,0.0,0.0,0.0,-2.568483,0.3582543,2.554976,1.154684,-0.2930468,-3.440085,0.0621663,0.219729,-0.08311152,0.9700243,9.040331,24.90932,352.2064,0.3183927,-0.08093788,-0.944497,0,0,0,1.589097,-0.4173898,-2.658421,0.06182775,0.02597251,0.9003764,0.8896232,-0.1339209,-0.4366185,0.1885599,0.9784557,0.08408161,0.4159516,-0.1571297,0.895709,moving,8.756797891713441,2.795035593134318,3.928264643018222,1.6523119162694073,0.43441299999999994,-0.12434299999999998,0.7816639999999997,0.15206373050299316,0.048196145448572536,0.9871948976071863,8.681373937293909,2.8718796209575754,4.951828789149057,4.9619099886457905,4.907075845108601
05/17/2023 16:15:43.117447,2163,True,True,True,True,Eyes,1.157248,-0.2942162,-3.43038,0.5526381,-0.1282647,0.8234922,0.0,0.0,0.0,0.0,0.0,0.0,0.0,-2.561946,0.3595001,2.561176,1.154597,-0.2930437,-3.43998,0.06203271,0.2185488,-0.08281448,0.9703248,9.008545,24.77279,352.2259,0.3184122,-0.08094346,-0.94449,0,0,0,1.58437,-0.4173699,-2.658244,0.05984604,0.02487037,0.8983724,0.8907564,-0.1335995,-0.4344011,0.1878283,0.9785874,0.08418573,0.4138522,-0.1565818,0.8967767,moving,8.734056309881751,2.7607983241207905,3.8111887599985597,1.5857603982382922,0.42977299999999996,-0.1243262,0.781736,0.1516761677266513,0.04760910612556883,0.9872830493106934,8.658870479743529,2.837313078999498,5.051153011120971,5.061159851353756,5.006635813464976
05/17/2023 16:15:43.137599,2164,True,True,True,True,Eyes,1.157267,-0.2942441,-3.430382,0.5502735,-0.1282579,0.8250751,0.0,0.0,0.0,0.0,0.0,0.0,0.0,-2.557643,0.3610119,2.565331,1.154554,-0.2931848,-3.440034,0.06210542,0.217736,-0.08273777,0.9705095,9.008312,24.677,352.2288,0.3184313,-0.0809492,-0.9444831,0,0,0,1.579953,-0.4173514,-2.658078,0.05730736,0.0244025,0.896637,0.8914909,-0.1335504,-0.4329066,0.1876407,0.9785948,0.08451781,0.4123527,-0.1565778,0.8974679,moving,8.66646846985189,2.75250421417833,3.6570092968584955,1.558953302959214,0.42539899999999986,-0.12416659999999996,0.7819559999999997,0.15051238421341354,0.04747472509568826,0.987467522012827,8.591323879318628,2.8291715014680503,5.139735081249524,5.1496839692897325,5.095185440246679
05/17/2023 16:15:43.147382,2165,True,True,True,True,Eyes,1.157281,-0.2942667,-3.430374,0.5479666,-0.1282649,0.826608,0.0,0.0,0.0,0.0,0.0,0.0,0.0,-2.554413,0.3635451,2.568028,1.154445,-0.2932964,-3.439941,0.06229651,0.2171555,-0.08252919,0.970645,9.019983,24.60933,352.2515,0.3184489,-0.08095512,-0.9444767,0,0,0,1.575604,-0.4173331,-2.657914,0.0545035,0.02403006,0.8948614,0.8920649,-0.133157,-0.4318443,0.1872691,0.9786161,0.08509228,0.4112791,-0.1567789,0.8979253,moving,8.574947145163804,2.749421205468193,3.485419674123454,1.5382161065948228,0.42115900000000006,-0.1240367,0.7820270000000002,0.14893516809785695,0.04743305053879538,0.9877087052222518,8.499800292490123,2.826393654806819,5.221781664819481,5.231663948497766,5.177201404385266
05/17/2023 16:15:43.167467,2166,True,True,True,True,Eyes,1.157258,-0.2942829,-3.43035,0.54562,-0.1283446,0.8281465,0.0,0.0,0.0,0.0,0.0,0.0,0.0,-2.551762,0.3660595,2.569934,1.154337,-0.2931856,-3.439709,0.06256595,0.2166923,-0.08236615,0.970745,9.042519,24.55483,352.2721,0.3184651,-0.08096107,-0.9444707,0,0,0,1.570677,-0.4173124,-2.657729,0.05103302,0.0234707,0.8927951,0.8925205,-0.132798,-0.4310126,0.1870282,0.9786026,0.08577494,0.4103993,-0.1571674,0.8982599,moving,8.467333150885883,2.7514961780486087,3.271521443831292,1.5059025128422934,0.41634000000000015,-0.12412679999999998,0.7819800000000003,0.14707943617490635,0.04748215421722088,0.9879844283675595,8.392142990451726,2.828896435593885,5.333151153531177,5.343029372366172,5.288769038571366
05/17/2023 16:15:43.177314,2167,True,True,True,True,Eyes,1.157227,-0.2943005,-3.430323,0.5433043,-0.1284089,0.8296576,0.0,0.0,0.0,0.0,0.0,0.0,0.0,-2.547878,0.3682309,2.573265,1.154101,-0.2931326,-3.439636,0.06268228,0.2160225,-0.08211515,0.970908,9.044116,24.4773,352.297,0.3184794,-0.08096693,-0.9444654,0,0,0,1.566319,-0.4172941,-2.657566,0.04851103,0.02282692,0.8911221,0.8931828,-0.1323709,-0.4297702,0.1865341,0.9786561,0.08624001,0.4091815,-0.1571949,0.8988105,moving,8.387559511051283,2.736095480401673,3.116000018402727,1.4673636980914697,0.412218,-0.12416149999999998,0.78207,0.14570547978308618,0.047226295186234224,0.9882002486538969,8.312458039536276,2.8136078591770564,5.412316437464774,5.422086297724993,5.368011671621089
05/17/2023 16:15:43.197386,2168,True,True,True,True,Eyes,1.157166,-0.2943171,-3.430279,0.5409182,-0.1285058,0.8312001,0.0,0.0,0.0,0.0,0.0,0.0,0.0,-2.542939,0.3689018,2.577842,1.153901,-0.2931896,-3.439542,0.06261145,0.2151446,-0.08202464,0.9711152,9.027018,24.37459,352.2975,0.3184916,-0.08097278,-0.9444607,0,0,0,1.56195,-0.4172758,-2.657402,0.04634967,0.02206416,0.8893875,0.8939695,-0.1323697,-0.4281318,0.1862518,0.9787035,0.08631153,0.407589,-0.1569002,0.8995852,moving,8.32973857496955,2.706343888586809,2.9832218751811572,1.4211173364239187,0.4080489999999999,-0.12408619999999998,0.7821400000000001,0.1447115754552664,0.04672003326458895,0.9883701960226746,8.25483394610849,2.7837125524568798,5.489236751702978,5.49882242952986,5.4448654298433015
05/17/2023 16:15:43.217612,2169,True,True,True,True,Eyes,1.157096,-0.2943352,-3.430229,0.5385215,-0.1286118,0.8327386,0.0,0.0,0.0,0.0,0.0,0.0,0.0,-2.537097,0.3711803,2.582919,1.153672,-0.2932494,-3.439353,0.06283791,0.2140837,-0.08202354,0.9713352,9.044011,24.24826,352.293,0.3185015,-0.08097862,-0.9444569,0,0,0,1.557417,-0.4172567,-2.657231,0.04438427,0.02184612,0.8874992,0.8948807,-0.1324395,-0.4262023,0.1862498,0.9786471,0.08695352,0.4055856,-0.1571931,0.9004392,moving,8.29031573494109,2.7132280408749625,2.8630047682805433,1.4100719865657323,0.403745,-0.12400729999999999,0.7821220000000002,0.14403066063864806,0.046843492562102323,0.9884638754107449,8.215351569938575,2.7908275449138933,5.571948089335546,5.581569674447919,5.527576521146343
05/17/2023 16:15:43.234017,2170,True,True,True,True,Eyes,1.157033,-0.2943531,-3.430185,0.5359035,-0.1287671,0.8344019,0.0,0.0,0.0,0.0,0.0,0.0,0.0,-2.529109,0.3738048,2.590032,1.153434,-0.2933013,-3.439178,0.06309201,0.2126178,-0.08205598,0.9716378,9.061718,24.07373,352.2816,0.318509,-0.08098453,-0.9444538,0,0,0,1.552801,-0.4172373,-2.657058,0.04306754,0.02171756,0.8855734,0.8961209,-0.1326284,-0.4235291,0.1862863,0.9785724,0.08771203,0.4028208,-0.1574983,0.9016261,moving,8.283913174061503,2.7228721322887735,2.784236361337742,1.404824454127026,0.399367,-0.12393599999999999,0.7821199999999999,0.14391907754313032,0.04701064443250828,0.988472233554107,8.208878539809902,2.800612317057368,5.645708554247652,5.655412869660266,5.601336137276787
05/17/2023 16:15:43.257357,2171,True,True,True,True,Eyes,1.156962,-0.2943713,-3.430143,0.5332517,-0.128929,0.8360742,0.0,0.0,0.0,0.0,0.0,0.0,0.0,-2.519501,0.3760256,2.598786,1.153136,-0.2932487,-3.439077,0.06330957,0.2108538,-0.08217406,0.9719981,9.074985,23.86344,352.2567,0.3185146,-0.08099048,-0.9444515,0,0,0,1.548298,-0.4172184,-2.656889,0.04242536,0.02153502,0.8837849,0.8975762,-0.1330479,-0.4203038,0.1864442,0.9784786,0.08842011,0.3994942,-0.157727,0.9030651,moving,8.310861130370586,2.7336374409442614,2.748326516481459,1.3958392427683068,0.395162,-0.12396970000000002,0.7821880000000001,0.14438273163240553,0.04719314822284032,0.9883959551043859,8.235756867143099,2.811407077840467,5.71129269068236,5.7211445838885675,5.66707368480889
05/17/2023 16:15:43.267215,2172,True,True,True,True,Eyes,1.156875,-0.2943859,-3.430092,0.530457,-0.1291434,0.837817,0.0,0.0,0.0,0.0,0.0,0.0,0.0,-2.509168,0.3789318,2.608286,1.152921,-0.2932748,-3.439103,0.06357779,0.2089355,-0.08224479,0.9723887,9.091544,23.63518,352.2369,0.3185182,-0.08099647,-0.9444497,0,0,0,1.543786,-0.4171995,-2.656719,0.04189074,0.02150476,0.8820661,0.8991635,-0.1333805,-0.4167908,0.1865151,0.9783874,0.08927691,0.3958751,-0.1580123,0.9046077,moving,8.34662456916847,2.7449332331871443,2.7190258825042686,1.3965936960009078,0.390865,-0.1239247,0.782384,0.1449983291347728,0.04738369355143866,0.9882966367620135,8.27144922958109,2.8227057548314196,5.776886031372044,5.786871908525732,5.732643424242046
05/17/2023 16:15:43.277400,2173,True,True,True,True,Eyes,1.15678,-0.2944002,-3.430036,0.5276319,-0.1293399,0.8395687,0.0,0.0,0.0,0.0,0.0,0.0,0.0,-2.498408,0.3819204,2.617723,1.152622,-0.2932124,-3.438876,0.06380602,0.2069921,-0.0822105,0.9727922,9.100915,23.40513,352.2278,0.3185197,-0.08100243,-0.9444487,0,0,0,1.539278,-0.4171805,-2.65655,0.04158425,0.02126745,0.8801842,0.9007915,-0.1335328,-0.4132116,0.1863621,0.9783404,0.09010614,0.3922295,-0.1581738,0.9061662,moving,8.38372887010424,2.74859991306637,2.704924340424373,1.384139900937065,0.3866559999999999,-0.12396810000000003,0.7823259999999999,0.14563789527965318,0.047442432108995396,0.9881997028654713,8.308537213359157,2.82627796699257,5.830327065416135,5.840425670361063,5.786211146448662
05/17/2023 16:15:43.297410,2174,True,True,True,True,Eyes,1.156676,-0.2944194,-3.429977,0.5246275,-0.129534,0.8414196,0.0,0.0,0.0,0.0,0.0,0.0,0.0,-2.487305,0.3841297,2.627624,1.152356,-0.293222,-3.438713,0.06384185,0.2049987,-0.08209907,0.9732212,9.08647,23.17078,352.2226,0.3185192,-0.08100837,-0.9444484,0,0,0,1.534422,-0.4171602,-2.656367,0.0409936,0.02068174,0.8782323,0.9024706,-0.1336261,-0.4095009,0.1859761,0.9783679,0.09060407,0.3885355,-0.1579249,0.9077995,moving,8.416631864812183,2.7273723590484744,2.6724782078614493,1.3490251241923643,0.382066,-0.1239382,0.782346,0.14620793654812675,0.04707231345969233,0.9881333162950746,8.341600301083343,2.804670372505272,5.897154576992343,5.907211045366162,5.853020450741013
05/17/2023 16:15:43.317500,2175,True,True,True,True,Eyes,1.156559,-0.2944348,-3.429914,0.5215717,-0.1297186,0.8432889,0.0,0.0,0.0,0.0,0.0,0.0,0.0,-2.475694,0.3866619,2.637844,1.15199,-0.2933402,-3.438555,0.06390924,0.2029287,-0.08200124,0.9736588,9.0753,22.92724,352.2159,0.3185166,-0.08101444,-0.9444488,0,0,0,1.530135,-0.4171422,-2.656206,0.04111561,0.02039313,0.8765177,0.9041916,-0.1337444,-0.4056479,0.1856205,0.9783828,0.09117077,0.3846853,-0.1577324,0.9094711,moving,8.45499309193206,2.710879981662713,2.685656405802926,1.3328076761863727,0.37814499999999995,-0.12380200000000002,0.782349,0.14687149312428519,0.046783234451150554,0.9880486909923979,8.380089300291958,2.787834839477768,5.921628182586527,5.931637975891345,5.8773863269105036
05/17/2023 16:15:43.338389,2176,True,True,True,True,Eyes,1.156431,-0.2944539,-3.429847,0.5181344,-0.1299098,0.8453758,0.0,0.0,0.0,0.0,0.0,0.0,0.0,-2.462288,0.3897861,2.649518,1.151598,-0.293267,-3.438395,0.0640635,0.2005395,-0.08190319,0.9741518,9.07138,22.64581,352.2082,0.3185119,-0.08102053,-0.9444498,0,0,0,1.525645,-0.4171233,-2.656038,0.04163891,0.0200704,0.8747561,0.9061516,-0.1338777,-0.4012057,0.1852668,0.9783754,0.09196553,0.3802177,-0.1576648,0.9113596,moving,8.50475966300711,2.7028041963198235,2.725256072886754,1.3143634994646782,0.374047,-0.12385629999999997,0.7823569999999997,0.14773064726619278,0.04663793435631293,0.9879274339557175,8.429926645598863,2.7794750851071606,5.933880017171262,5.94394055462348,5.889806304247308
05/17/2023 16:15:43.347724,2177,True,True,True,True,Eyes,1.156291,-0.2944691,-3.42978,0.5146524,-0.1300995,0.8474711,0.0,0.0,0.0,0.0,0.0,0.0,0.0,-2.448555,0.3926915,2.66151,1.151284,-0.2933734,-3.438276,0.0641398,0.1980859,-0.08179194,0.974658,9.057895,22.35743,352.1997,0.318505,-0.08102678,-0.9444516,0,0,0,1.52098,-0.4171037,-2.655862,0.04199713,0.01975232,0.8729271,0.9081441,-0.1340279,-0.3966243,0.1848487,0.9783924,0.09262506,0.3756398,-0.1574324,0.913296,moving,8.560163648680343,2.686004699271212,2.7544159586109283,1.296249685296213,0.369696,-0.12373030000000002,0.7824140000000002,0.14868795283371697,0.0463415467219132,0.9877978496589062,8.485465108718362,2.7622649408301645,5.9597288029101145,5.969767603484661,5.91558324177806
05/17/2023 16:15:43.367408,2178,True,True,True,True,Eyes,1.156106,-0.2944766,-3.429692,0.5109481,-0.1303313,0.8496739,0.0,0.0,0.0,0.0,0.0,0.0,0.0,-2.43459,0.3962585,2.673503,1.150928,-0.2932964,-3.438199,0.0643895,0.1955902,-0.08175279,0.9751489,9.065226,22.0628,352.1863,0.3184959,-0.08103305,-0.9444542,0,0,0,1.516243,-0.4170838,-2.655684,0.04236495,0.01958419,0.8711655,0.9101219,-0.1342544,-0.391987,0.1846302,0.9783409,0.0935986,0.3709309,-0.1575588,0.915197,moving,8.605041268051075,2.6871734334783555,2.7841117233108097,1.2878178319810227,0.36531500000000006,-0.12378739999999999,0.7825150000000001,0.14946148805314785,0.04635622175668605,0.9876802667300253,8.53034628346954,2.7632798867608606,5.976637435729105,5.986770152951595,5.932638527287646
05/17/2023 16:15:43.387762,2179,True,True,True,True,Eyes,1.155911,-0.2944841,-3.4296,0.5072218,-0.13052,0.8518747,0.0,0.0,0.0,0.0,0.0,0.0,0.0,-2.421038,0.3988597,2.685059,1.150663,-0.2932419,-3.438028,0.06443186,0.1931938,-0.08160748,0.9756356,9.04767,21.78189,352.1815,0.3184839,-0.08103923,-0.9444577,0,0,0,1.51176,-0.417065,-2.655516,0.04275236,0.01905103,0.869401,0.9120327,-0.1343427,-0.3874898,0.184134,0.9783775,0.09419192,0.3664573,-0.1572562,0.9170494,moving,8.638698914447168,2.663189309469587,2.8152236120619447,1.2553113640388414,0.361097,-0.12382310000000002,0.7825120000000001,0.15004455808495953,0.04593866906398545,0.9876113600850532,8.564183880191484,2.7388795356687012,5.9811738489403465,5.99124235085854,5.937298938440377
05/17/2023 16:15:43.397679,2180,True,True,True,True,Eyes,1.155694,-0.2944914,-3.429496,0.5033339,-0.1307624,0.8541406,0.0,0.0,0.0,0.0,0.0,0.0,0.0,-2.407403,0.4003077,2.696691,1.150269,-0.2932576,-3.437857,0.06421234,0.190839,-0.0813505,0.976135,8.998551,21.50819,352.1845,0.318469,-0.08104532,-0.9444622,0,0,0,1.507473,-0.417047,-2.655355,0.04337209,0.01815276,0.8677658,0.9139251,-0.1343097,-0.3830166,0.1833266,0.9785177,0.09431012,0.3621218,-0.1564095,0.9189145,moving,8.660182745845995,2.6016469500384227,2.8613382587367324,1.1983934614673217,0.3572040000000001,-0.1237894,0.782502,0.1504221483583666,0.0448752296056799,0.9876028431320054,8.586112268130934,2.6765119377440234,5.956471695473596,5.966214690979906,5.912518218876448
05/17/2023 16:15:43.417254,2181,True,True,True,True,Eyes,1.155469,-0.2944933,-3.42939,0.4994059,-0.1309792,0.8564101,0.0,0.0,0.0,0.0,0.0,0.0,0.0,-2.392209,0.4052085,2.708874,1.149783,-0.2932782,-3.437564,0.06455103,0.1881939,-0.08115296,0.9766424,9.011433,21.1974,352.1896,0.318451,-0.08105138,-0.9444678,0,0,0,1.502922,-0.4170279,-2.655184,0.04428658,0.01821928,0.865937,0.9159945,-0.1342186,-0.3780733,0.182811,0.9784948,0.09554156,0.3571193,-0.1566315,0.9208325,moving,8.708077593628147,2.6067364029934805,2.9277248603687567,1.2053230830909845,0.3531390000000001,-0.12374970000000002,0.7823799999999999,0.15124710316179493,0.044957233026096555,0.9874731511050125,8.633983511633934,2.6814837642029037,5.93797603650443,5.9478094298741135,5.8941019800814
05/17/2023 16:15:43.437798,2182,True,True,True,True,Eyes,1.15523,-0.294497,-3.429283,0.4954444,-0.1312274,0.8586701,0.0,0.0,0.0,0.0,0.0,0.0,0.0,-2.376812,0.4081953,2.721593,1.14944,-0.2931549,-3.437408,0.06457624,0.1855184,-0.08091052,0.9771727,8.987851,20.88506,352.1931,0.3184302,-0.08105727,-0.9444743,0,0,0,1.49844,-0.417009,-2.655016,0.04517964,0.01760218,0.8642501,0.9180728,-0.1341669,-0.3730167,0.1820872,0.9785668,0.09618347,0.3521172,-0.156225,0.9228257,moving,8.760945867511067,2.5741441200648647,2.9924769610203006,1.1667817080376122,0.349,-0.12385410000000002,0.7823920000000002,0.152162078831402,0.04438920325774502,0.9873583063082918,8.687098211084525,2.648299183142156,5.927922646469674,5.937668101530932,5.884182628940333
05/17/2023 16:15:43.447619,2183,True,True,True,True,Eyes,1.154986,-0.2945011,-3.429175,0.4914862,-0.1314466,0.8609083,0.0,0.0,0.0,0.0,0.0,0.0,0.0,-2.363174,0.4109295,2.732952,1.149197,-0.2931735,-3.437423,0.06454226,0.1831468,-0.08060826,0.9776471,8.958869,20.60938,352.2052,0.3184064,-0.08106306,-0.9444818,0,0,0,1.493862,-0.4169898,-2.654844,0.04526287,0.01695039,0.8626808,0.9199191,-0.1339715,-0.3685111,0.1812543,0.9786732,0.09667282,0.3477006,-0.1557254,0.9245831,moving,8.779307029041142,2.5323711694918725,3.003423298933031,1.125631701940815,0.344665,-0.12381630000000005,0.7825789999999997,0.15248332953982258,0.043667142228595746,0.9873408779914501,8.705762124225817,2.605951947766539,5.935188952586342,5.944724450577454,5.891350957857038
05/17/2023 16:15:43.467991,2184,True,True,True,True,Eyes,1.15476,-0.2945077,-3.429071,0.4874892,-0.1317319,0.8631344,0.0,0.0,0.0,0.0,0.0,0.0,0.0,-2.351282,0.412927,2.742606,1.148917,-0.293255,-3.437283,0.06442722,0.1811145,-0.08031169,0.9780577,8.923656,20.37397,352.2182,0.3183798,-0.08106879,-0.9444902,0,0,0,1.488609,-0.4169677,-2.654646,0.04420048,0.0160684,0.8608151,0.9214952,-0.1337615,-0.3646293,0.1804363,0.9787983,0.09693584,0.3439323,-0.1551183,0.9260933,moving,8.757588279253286,2.47555223425631,2.9393987064308402,1.069387137710758,0.3396920000000001,-0.12371270000000001,0.7826369999999998,0.15211548134817215,0.042690445811309305,0.9874403335028684,8.684442801810691,2.548526606886468,5.97651813976822,5.985702146285162,5.932401303614945
05/17/2023 16:15:43.488787,2185,True,True,True,True,Eyes,1.154523,-0.2945177,-3.428967,0.4834936,-0.1320117,0.8653362,0.0,0.0,0.0,0.0,0.0,0.0,0.0,-2.339998,0.4157551,2.751396,1.148632,-0.2932434,-3.437044,0.06473983,0.1791333,-0.08048277,0.9783878,8.946699,20.13856,352.1866,0.3183512,-0.08107451,-0.9444994,0,0,0,1.484854,-0.416952,-2.654505,0.04444817,0.01624908,0.8593466,0.9228675,-0.1342926,-0.3609445,0.1806808,0.9786626,0.09784701,0.3401028,-0.1555156,0.92744,moving,8.727177553613766,2.4836603248219467,2.9608834649381106,1.0832564796535544,0.3362219999999998,-0.1237086,0.7825390000000003,0.15159041988843414,0.042833674033305146,0.9875148151674218,8.653966199646474,2.5568466273001835,5.924723321599868,5.933909204450151,5.880702249517117
05/17/2023 16:15:43.497348,2186,True,True,True,True,Eyes,1.154297,-0.2945295,-3.42887,0.4795015,-0.1323536,0.8675027,0.0,0.0,0.0,0.0,0.0,0.0,0.0,-2.327783,0.4195339,2.760891,1.148206,-0.2933311,-3.436958,0.06499106,0.1770375,-0.08034609,0.9787637,8.955674,19.89273,352.1879,0.3183204,-0.08108031,-0.9445093,0,0,0,1.480236,-0.4169326,-2.654332,0.04412913,0.01620325,0.857797,0.9244045,-0.134268,-0.3569993,0.1802914,0.9786413,0.09877324,0.3361122,-0.1556703,0.9288678,moving,8.71176848710202,2.470542875652365,2.94496938786014,1.082152823243282,0.33203000000000005,-0.12360149999999998,0.782626,0.15132630203103323,0.04260933766714699,0.9875651335986299,8.638646592536738,2.5436280792362616,5.922519122146009,5.931576416825923,5.878253995442325
05/17/2023 16:15:43.517218,2187,True,True,True,True,Eyes,1.154067,-0.2945451,-3.428777,0.4755382,-0.1326823,0.8696314,0.0,0.0,0.0,0.0,0.0,0.0,0.0,-2.316462,0.4248443,2.769341,1.147875,-0.2932955,-3.436873,0.06545422,0.1750923,-0.08007966,0.9791046,8.987311,19.66473,352.2092,0.3182879,-0.08108622,-0.9445197,0,0,0,1.475792,-0.4169139,-2.654165,0.04358637,0.01633704,0.8563158,0.9258598,-0.1338917,-0.3533505,0.1797338,0.978606,0.1001304,0.3323843,-0.1562157,0.9301168,moving,8.679077019391036,2.4757667288797927,2.913833555718592,1.092972825164177,0.327917,-0.12361840000000002,0.782708,0.15076218298202845,0.0427030972185574,0.9876472821452634,8.605909211831198,2.549037489080475,5.919729744536362,5.928756292475759,5.875359527757893
05/17/2023 16:15:43.537409,2188,True,True,True,True,Eyes,1.15385,-0.2945616,-3.428687,0.4716128,-0.1330583,0.8717092,0.0,0.0,0.0,0.0,0.0,0.0,0.0,-2.306165,0.4299541,2.777013,1.147572,-0.2933984,-3.436867,0.06571347,0.1733643,-0.07950439,0.9794415,8.991703,19.46595,352.264,0.3182538,-0.08109233,-0.9445307,0,0,0,1.471142,-0.4168944,-2.65399,0.042404,0.01609173,0.8548615,0.9272478,-0.132955,-0.3500494,0.1785245,0.9787216,0.1011586,0.3291514,-0.1562914,0.9312531,moving,8.626039084255893,2.443237175853038,2.839735470824541,1.0783961374669613,0.3235699999999999,-0.123496,0.782877,0.1498514100966212,0.042148261436940726,0.9878097755323476,8.553089196461153,2.5163127014303206,5.936363146103566,5.94509045909913,5.891520588028692
05/17/2023 16:15:43.547605,2189,True,True,True,True,Eyes,1.153629,-0.2945785,-3.428595,0.4677396,-0.1334335,0.8737363,0.0,0.0,0.0,0.0,0.0,0.0,0.0,-2.297762,0.4341691,2.783009,1.147318,-0.2933886,-3.436705,0.06595687,0.1719681,-0.07904289,0.9797087,8.999318,19.3052,352.3084,0.3182183,-0.08109862,-0.9445421,0,0,0,1.466679,-0.4168756,-2.653823,0.04084519,0.01573133,0.8533635,0.9283583,-0.132193,-0.3473841,0.1775629,0.9788038,0.1020513,0.3265304,-0.1564227,0.9321533,moving,8.538592025570496,2.4116905164830955,2.7403003801611736,1.0560994641082058,0.319361,-0.12348700000000001,0.7828819999999999,0.1483469190181314,0.0416139172257097,0.9880594252265701,8.465843932179828,2.484711463367869,5.94621918574577,5.954646346047968,5.901083054024158
05/17/2023 16:15:43.567672,2190,True,True,True,True,Eyes,1.153384,-0.2945893,-3.428493,0.4639065,-0.1338465,0.8757145,0.0,0.0,0.0,0.0,0.0,0.0,0.0,-2.289669,0.4392722,2.788591,1.147014,-0.2934118,-3.436576,0.06634206,0.1706261,-0.0785798,0.9799544,9.023522,19.15017,352.3561,0.3181817,-0.0811051,-0.9445539,0,0,0,1.46205,-0.4168562,-2.653649,0.03903592,0.01562242,0.8518762,0.9294239,-0.1313699,-0.3448379,0.1766486,0.9788479,0.1032088,0.3239853,-0.1568399,0.9329709,moving,8.447032772299757,2.3937625496177932,2.6236558502910254,1.0506202750810782,0.3150360000000001,-0.12344440000000001,0.7829269999999999,0.14676963004702376,0.041314579091250865,0.9883075397188482,8.374388267591497,2.4669091323967685,5.968079536389219,5.976265551783282,5.922566796815981
05/17/2023 16:15:43.577177,2191,True,True,True,True,Eyes,1.153133,-0.2945979,-3.428391,0.4600947,-0.1342337,0.8776641,0.0,0.0,0.0,0.0,0.0,0.0,0.0,-2.280307,0.4430109,2.795288,1.146668,-0.293321,-3.436395,0.06652378,0.1690871,-0.07815131,0.9802431,9.023973,18.97279,352.3942,0.3181435,-0.08111162,-0.9445661,0,0,0,1.457743,-0.4168381,-2.653487,0.03796464,0.01515892,0.8504691,0.9306039,-0.1307179,-0.3418906,0.1757112,0.9789339,0.1039902,0.3210949,-0.1568477,0.9339684,moving,8.381767601214372,2.3581044854190005,2.5559664892909884,1.021142539359884,0.311075,-0.12351709999999999,0.7829079999999999,0.14564740678643204,0.04070632333657188,0.988498821319174,8.309360086548445,2.4310637239903112,5.969328764589691,5.977242327436451,5.923631962895126
05/17/2023 16:15:43.597703,2192,True,True,True,True,Eyes,1.152876,-0.2946084,-3.428289,0.4562834,-0.13464,0.8795894,0.0,0.0,0.0,0.0,0.0,0.0,0.0,-2.269697,0.4462674,2.803121,1.146301,-0.2932767,-3.436298,0.06661013,0.1673344,-0.07774899,0.98057,9.012615,18.77068,352.4257,0.3181038,-0.08111811,-0.9445789,0,0,0,1.453167,-0.4168189,-2.653315,0.03699633,0.01458752,0.8490647,0.9319086,-0.1301843,-0.3385239,0.174769,0.9790363,0.1046116,0.3178085,-0.1566519,0.9351246,moving,8.342850555936666,2.31357326491716,2.4949730885892567,0.9842843633745543,0.3068660000000001,-0.12354219999999999,0.7829829999999998,0.14498042244210155,0.03994198597249619,0.9886279877552542,8.27075028726469,2.386139172238477,5.989432633312868,5.997055932445011,5.943466930493846
05/17/2023 16:15:43.617289,2193,True,True,True,True,Eyes,1.152607,-0.2946154,-3.428187,0.4524547,-0.1350242,0.8815063,0.0,0.0,0.0,0.0,0.0,0.0,0.0,-2.258216,0.4491864,2.811591,1.145862,-0.2933151,-3.436177,0.06665757,0.1654405,-0.0774262,0.9809136,8.997391,18.55158,352.4461,0.3180625,-0.08112464,-0.9445923,0,0,0,1.44866,-0.4168,-2.653146,0.03639698,0.01410259,0.8476734,0.9332693,-0.1298411,-0.3348877,0.1739525,0.9791239,0.1051518,0.3142435,-0.1563895,0.9363724,moving,8.319865201147001,2.2699860260883518,2.45862757135226,0.9531316551142885,0.3027980000000001,-0.12348490000000001,0.7830309999999998,0.144588110987915,0.03919216182356125,0.988715530215826,8.248069667735574,2.3421104102659513,5.999996204773439,6.007346501349442,5.953730071949677
05/17/2023 16:15:43.634423,2194,True,True,True,True,Eyes,1.152319,-0.2946211,-3.428083,0.4486109,-0.135443,0.8834046,0.0,0.0,0.0,0.0,0.0,0.0,0.0,-2.244623,0.4521514,2.821672,1.145377,-0.2932401,-3.436092,0.06676456,0.1631755,-0.07724401,0.9813,8.988765,18.28763,352.4481,0.3180195,-0.08113112,-0.9446062,0,0,0,1.444079,-0.4167807,-2.652974,0.03639849,0.01369853,0.8463136,0.9348143,-0.1298104,-0.3305625,0.1733878,0.9791517,0.1058235,0.3099338,-0.1562408,0.9378325,moving,8.339459717176211,2.2386419108939433,2.462675109066199,0.9273151497228772,0.2987019999999998,-0.1235406,0.783118,0.14492930506358973,0.03864932310513007,0.9886869876286781,8.26789289307597,2.3103136149011805,6.014107689356312,6.021310090394129,5.967682822877642
05/17/2023 16:15:43.657357,2195,True,True,True,True,Eyes,1.152027,-0.2946207,-3.427978,0.4447311,-0.1358369,0.8853036,0.0,0.0,0.0,0.0,0.0,0.0,0.0,-2.23012,0.4561978,2.832264,1.144979,-0.2932385,-3.43603,0.06700528,0.1607366,-0.0770441,0.9817018,8.993711,18.00295,352.4528,0.3179746,-0.08113752,-0.9446208,0,0,0,1.439392,-0.416761,-2.652797,0.03646132,0.01357228,0.8449125,0.9364559,-0.1297283,-0.3259156,0.1728091,0.979149,0.1067908,0.3052661,-0.156326,0.9393481,moving,8.375859047730648,2.2238941948957716,2.4710066336769922,0.9202935056017174,0.29441300000000004,-0.12352249999999998,0.7832330000000001,0.14555880027485837,0.03839124466440828,0.9886043833998723,8.304407034586534,2.29525120032314,6.039893516802987,6.047037025592221,5.993251946948772
05/17/2023 16:15:43.667629,2196,True,True,True,True,Eyes,1.151711,-0.2946248,-3.427866,0.4408545,-0.1362246,0.887181,0.0,0.0,0.0,0.0,0.0,0.0,0.0,-2.214883,0.4596663,2.843338,1.144629,-0.293097,-3.435912,0.06711834,0.1581955,-0.07675525,0.9821294,8.981898,17.70782,352.4645,0.3179277,-0.08114371,-0.944636,0,0,0,1.434891,-0.4167421,-2.652628,0.03686485,0.01309614,0.8435296,0.9381656,-0.1295315,-0.3210401,0.1720028,0.9792075,0.1075531,0.3004334,-0.1561224,0.9409387,moving,8.42555108276676,2.1931035931922382,2.502410249621083,0.8894688113627339,0.290262,-0.12364510000000001,0.7832840000000001,0.14641915460616375,0.03785510874164077,0.988498042730983,8.35433180571942,2.2639019917648935,6.0578603117554115,6.064904036641743,6.0111606588177935
05/17/2023 16:15:43.677421,2197,True,True,True,True,Eyes,1.15139,-0.2946328,-3.427752,0.4369534,-0.1366183,0.8890485,0.0,0.0,0.0,0.0,0.0,0.0,0.0,-2.200376,0.4613267,2.854084,1.144282,-0.2932715,-3.435823,0.06690813,0.1558003,-0.07645725,0.9825497,8.934501,17.43158,352.4734,0.3178786,-0.08114985,-0.944652,0,0,0,1.430173,-0.4167223,-2.652451,0.03678873,0.01234771,0.8421043,0.9397611,-0.1293975,-0.3163943,0.1710947,0.9793552,0.107657,0.2959319,-0.1553053,0.9424991,moving,8.460004216193107,2.124886469648591,2.50147106688499,0.8400633671504151,0.2858909999999999,-0.12345079999999997,0.783372,0.1470200155547378,0.03667486076639723,0.9884534074162271,8.389280530139938,2.1947303137303082,6.088779827962006,6.0954809241040815,6.041640738388092
05/17/2023 16:15:43.697521,2198,True,True,True,True,Eyes,1.151098,-0.2946418,-3.427647,0.432936,-0.1370438,0.8909463,0.0,0.0,0.0,0.0,0.0,0.0,0.0,-2.186456,0.465963,2.863683,1.143917,-0.2933693,-3.435663,0.067336,0.1534555,-0.07642742,0.9828919,8.964611,17.15578,352.4625,0.3178274,-0.08115606,-0.9446687,0,0,0,1.425349,-0.4167021,-2.65227,0.0364878,0.0126453,0.8406119,0.9412205,-0.1295736,-0.3119529,0.1709059,0.9792494,0.1089116,0.2913677,-0.1558244,0.9438345,moving,8.476993176250186,2.1337180535595985,2.4854340753237754,0.861833715588679,0.2814319999999999,-0.12333280000000002,0.7833929999999998,0.14731226849036996,0.03682559847729977,0.9884042004904368,8.406211012298183,2.203605212826371,6.118350665562785,6.125068997902785,6.0709101696704035
05/17/2023 16:15:43.717270,2199,True,True,True,True,Eyes,1.150798,-0.2946506,-3.427539,0.4288919,-0.1374529,0.8928373,0.0,0.0,0.0,0.0,0.0,0.0,0.0,-2.171924,0.4688701,2.873763,1.143417,-0.2932737,-3.435432,0.06745113,0.151074,-0.07628318,0.9832639,8.95701,16.87838,352.4591,0.317775,-0.08116233,-0.9446858,0,0,0,1.421258,-0.4166849,-2.652116,0.0371457,0.01233839,0.8393319,0.942715,-0.1296328,-0.307382,0.1703932,0.9792625,0.1095957,0.2868005,-0.1556933,0.945254,moving,8.499264080639163,2.1050509446823504,2.5340439991076895,0.8422017048620691,0.277841,-0.1234112,0.7833160000000001,0.14769914575362553,0.03632894300009463,0.9883649002870623,8.428692245074528,2.1745078083786256,6.090838249514337,6.097428869910745,6.043336619546142
05/17/2023 16:15:43.737646,2200,True,True,True,True,Eyes,1.150486,-0.2946602,-3.427431,0.4248409,-0.137899,0.8947033,0.0,0.0,0.0,0.0,0.0,0.0,0.0,-2.156886,0.4727221,2.88407,1.142984,-0.2932789,-3.435266,0.06765285,0.1485995,-0.07606754,0.9836438,8.957385,16.59039,352.4645,0.3177213,-0.08116866,-0.9447033,0,0,0,1.416749,-0.4166659,-2.651947,0.03743385,0.01218824,0.8379807,0.9442639,-0.1295404,-0.3026303,0.1697531,0.9792736,0.1104854,0.2820456,-0.1556998,0.9466826,moving,8.531716111365853,2.0820344813527645,2.5577875968312602,0.8332954131286753,0.27376500000000004,-0.12338699999999997,0.7833190000000001,0.14826106626498062,0.035928844787259544,0.9882953474983702,8.46131700623047,2.151091340984818,6.096568002818428,6.103046055641285,6.048821835292854
05/17/2023 16:15:43.747743,2201,True,True,True,True,Eyes,1.150167,-0.2946699,-3.42732,0.420752,-0.1383201,0.8965686,0.0,0.0,0.0,0.0,0.0,0.0,0.0,-2.140296,0.4770461,2.895392,1.142456,-0.2933024,-3.435186,0.06785545,0.1458887,-0.07577477,0.9840581,8.954889,16.27562,352.4766,0.3176661,-0.08117506,-0.9447213,0,0,0,1.412196,-0.4166468,-2.651776,0.03811958,0.01207744,0.836723,0.9459494,-0.1293349,-0.2974093,0.1689322,0.9793077,0.1114381,0.2768424,-0.1556568,0.9482243,moving,8.589034213211356,2.059366812036268,2.6084879557445952,0.8269621937824182,0.2697400000000001,-0.12334439999999997,0.7834099999999999,0.14925179096119898,0.03553249216851228,0.9881605613305662,8.518811939161832,2.1279348394448876,6.099821080812799,6.106206242896902,6.051814555463428
05/17/2023 16:15:43.767677,2202,True,True,True,True,Eyes,1.149862,-0.2946806,-3.42722,0.4166889,-0.1387686,0.8983951,0.0,0.0,0.0,0.0,0.0,0.0,0.0,-2.123975,0.481187,2.906337,1.142056,-0.2933138,-3.435008,0.06799796,0.1432305,-0.07539532,0.9844679,8.944718,15.9682,352.4982,0.3176093,-0.08118155,-0.9447398,0,0,0,1.407505,-0.4166271,-2.6516,0.03848107,0.01177082,0.8353317,0.9476011,-0.1289698,-0.2922651,0.1679273,0.9793836,0.1122858,0.2717582,-0.1554814,0.9497226,moving,8.642811328582727,2.025459722501749,2.6375692951722667,0.807312442279619,0.26544900000000005,-0.12331329999999996,0.7834079999999997,0.1501823381252686,0.03494272496405616,0.9880406827254099,8.572845096903114,2.093416137800409,6.12130721218502,6.127545567040067,6.0730191468695365
05/17/2023 16:15:43.777247,2203,True,True,True,True,Eyes,1.149552,-0.2946925,-3.42712,0.4126247,-0.1391791,0.9002055,0.0,0.0,0.0,0.0,0.0,0.0,0.0,-2.108153,0.4854043,2.917044,1.141721,-0.2932952,-3.435043,0.06820886,0.1406324,-0.07510134,0.9848502,8.944309,15.66679,352.5115,0.3175516,-0.08118811,-0.9447587,0,0,0,1.403128,-0.4166087,-2.651435,0.03890283,0.01163509,0.8342255,0.9491646,-0.1287424,-0.2872489,0.1671119,0.9794147,0.1132276,0.2667586,-0.1554744,0.9511401,moving,8.689191346014338,2.0040118862344216,2.6699667064635255,0.7990625201864897,0.26140699999999994,-0.12331350000000002,0.7836079999999996,0.15098404157828607,0.03456858988976265,0.9879315456745318,8.619390348767048,2.0715351635607706,6.132499112060894,6.1386454724242645,6.083981287260509
05/17/2023 16:15:43.797661,2204,True,True,True,True,Eyes,1.14923,-0.2947048,-3.42701,0.4083333,-0.1396088,0.9020938,0.0,0.0,0.0,0.0,0.0,0.0,0.0,-2.094568,0.4884649,2.926054,1.141364,-0.2933384,-3.434945,0.06818021,0.1384619,-0.07461724,0.9851965,8.917092,15.41823,352.547,0.3174927,-0.08119477,-0.9447778,0,0,0,1.398655,-0.4165899,-2.651267,0.03857344,0.01104002,0.833025,0.9505212,-0.1281445,-0.2829992,0.165906,0.9795675,0.1136785,0.2626496,-0.1550051,0.9523595,moving,8.674020525133894,1.9441302186840927,2.651202221286929,0.7592923647324855,0.25729099999999994,-0.12325150000000001,0.7836780000000001,0.15072775132870844,0.033537379195366424,0.9880062318127688,8.604642530696166,2.0109855196570052,6.132438551750213,6.1382555389386235,6.083599861248572
05/17/2023 16:15:43.817292,2205,True,True,True,True,Eyes,1.148901,-0.2947123,-3.4269,0.4040483,-0.1400168,0.9039581,0.0,0.0,0.0,0.0,0.0,0.0,0.0,-2.081524,0.4936286,2.933887,1.140845,-0.2933516,-3.434607,0.06850245,0.1364052,-0.0741333,0.9854975,8.930851,15.18118,352.5887,0.3174326,-0.08120157,-0.9447974,0,0,0,1.394033,-0.4165705,-2.651093,0.03807656,0.01096071,0.831631,0.9517957,-0.1274282,-0.2790106,0.1648045,0.9796233,0.1147937,0.2586973,-0.1552423,0.9534021,moving,8.643297168426024,1.9240559342836698,2.6214795396533845,0.7551017994256509,0.25318799999999997,-0.12321890000000002,0.7835140000000003,0.15019966457965273,0.03319391638304758,0.98809827661324,8.574054185951983,1.9907832445382878,6.128561439523877,6.134227035543973,6.079478065883004
05/17/2023 16:15:43.837484,2206,True,True,True,True,Eyes,1.14856,-0.2947223,-3.426789,0.399544,-0.1404225,0.9058952,0.0,0.0,0.0,0.0,0.0,0.0,0.0,-2.06786,0.4978784,2.942545,1.140385,-0.2932459,-3.434535,0.06867287,0.134243,-0.07362325,0.9858208,8.92637,14.93293,352.6301,0.3173713,-0.08120836,-0.9448174,0,0,0,1.389491,-0.4165514,-2.650923,0.03772302,0.0105572,0.8305245,0.9531168,-0.126721,-0.2747909,0.1635964,0.9797273,0.1156315,0.2545672,-0.1551651,0.9545256,moving,8.612680153776676,1.8858796271315565,2.6006280868902465,0.7282752372268663,0.24910600000000005,-0.12330550000000001,0.7836119999999998,0.1496748661426312,0.032538156392037866,0.9881997281162764,8.543701298763015,1.9522594604925882,6.117031644825909,6.122484624601356,6.067804922744558
05/17/2023 16:15:43.857580,2207,True,True,True,True,Eyes,1.148209,-0.2947306,-3.426677,0.3950139,-0.1408223,0.9078177,0.0,0.0,0.0,0.0,0.0,0.0,0.0,-2.052922,0.5030602,2.951665,1.13977,-0.2932994,-3.434353,0.06892265,0.1319016,-0.07306797,0.9861606,8.92916,14.66388,352.6762,0.3173086,-0.08121523,-0.9448379,0,0,0,1.384932,-0.4165323,-2.650752,0.03778394,0.01045901,0.8293281,0.9545261,-0.1259315,-0.2702243,0.1622955,0.9798215,0.1166621,0.2500802,-0.1552132,0.9557033,moving,8.60069371774706,1.8567146464388165,2.6085747017279397,0.7225431812658512,0.2451620000000001,-0.12323290000000003,0.783601,0.14947054487614012,0.03203613333402514,0.9882469935088212,8.53191966545841,1.9227863505228662,6.093240175824564,6.098510901404583,6.043723953383315
05/17/2023 16:15:43.867831,2208,True,True,True,True,Eyes,1.147861,-0.2947353,-3.426566,0.3902958,-0.141222,0.9097942,0.0,0.0,0.0,0.0,0.0,0.0,0.0,-2.035926,0.5095124,2.96197,1.139235,-0.2932635,-3.43424,0.0693197,0.12921,-0.07245188,0.9865345,8.945539,14.35393,352.7281,0.3172444,-0.08122212,-0.9448588,0,0,0,1.380204,-0.4165125,-2.650574,0.0381449,0.01050479,0.828145,0.956111,-0.125039,-0.264985,0.1608662,0.979891,0.1180495,0.2448956,-0.1554956,0.9569991,moving,8.616403312936805,1.843332581193707,2.6372170828707664,0.7267421206531351,0.240969,-0.123249,0.7836659999999998,0.1497426171311083,0.03180399339197303,0.9882133402025748,8.547728851537421,1.9091835367540275,6.077363244042329,6.082552279297034,6.02762947352089
05/17/2023 16:15:43.877241,2209,True,True,True,True,Eyes,1.147509,-0.2947431,-3.426456,0.3855718,-0.1416036,0.9117472,0.0,0.0,0.0,0.0,0.0,0.0,0.0,-2.018793,0.5134737,2.972676,1.138856,-0.2931558,-3.434101,0.06940369,0.1264881,-0.07195808,0.9869174,8.928112,14.0411,352.7614,0.3171788,-0.08122893,-0.9448803,0,0,0,1.375513,-0.4164928,-2.650398,0.03849374,0.009991139,0.8269384,0.9576456,-0.1244759,-0.2596549,0.1595908,0.9800103,0.1187877,0.2396783,-0.1551951,0.9583678,moving,8.638528816532826,1.8006000500214978,2.665177808133044,0.6922187249580823,0.2366569999999999,-0.12333699999999997,0.783703,0.15012772245225586,0.03106512013037621,0.988178513457272,8.570164946922608,1.8658510207201382,6.070299719008127,6.075313278449106,6.020488840196108
05/17/2023 16:15:43.897431,2210,True,True,True,True,Eyes,1.147157,-0.2947501,-3.426344,0.3807712,-0.1419906,0.9137023,0.0,0.0,0.0,0.0,0.0,0.0,0.0,-2.002748,0.5186234,2.982397,1.138435,-0.2932357,-3.434042,0.06962305,0.1239562,-0.07137903,0.9872652,8.926573,13.75053,352.8079,0.3171119,-0.08123576,-0.9449022,0,0,0,1.371337,-0.4164752,-2.650241,0.03898443,0.009937756,0.825928,0.9590799,-0.1236796,-0.2546944,0.1582004,0.9801154,0.1197771,0.2348159,-0.1551685,0.959575,moving,8.63308277962159,1.7684825516708311,2.7023986749473483,0.6893627546415672,0.23290199999999994,-0.1232395,0.783801,0.1500363369791172,0.030511610491004877,0.9882095271116464,8.564946500226625,1.8333651844849594,6.02323802441841,6.028060507806487,5.973123852991361
05/17/2023 16:15:43.917512,2211,True,True,True,True,Eyes,1.146797,-0.2947577,-3.426232,0.3759675,-0.1423608,0.9156319,0.0,0.0,0.0,0.0,0.0,0.0,0.0,-1.987288,0.5233446,2.991443,1.137949,-0.293191,-3.43381,0.06989671,0.1215261,-0.07097369,0.9875773,8.934605,13.47007,352.8361,0.317044,-0.08124258,-0.9449244,0,0,0,1.366799,-0.4164561,-2.65007,0.03907211,0.009830922,0.8247367,0.9603882,-0.1231955,-0.2499544,0.1571726,0.9801544,0.1208065,0.230111,-0.1553071,0.9606917,moving,8.6162035063082,1.748624067424248,2.7123740451465213,0.6829375527765328,0.22885,-0.12326510000000002,0.7837399999999999,0.14974675689605477,0.030170438965028905,0.988263926358881,8.548204367794002,1.8133295163571423,5.994533415047708,5.999240789798538,5.944299920601199
05/17/2023 16:15:43.934829,2212,True,True,True,True,Eyes,1.146426,-0.2947673,-3.426121,0.3710965,-0.142732,0.9175593,0.0,0.0,0.0,0.0,0.0,0.0,0.0,-1.971156,0.5281051,3.000957,1.137457,-0.293211,-3.433703,0.07010903,0.1190016,-0.07047344,0.9879053,8.93391,13.17989,352.8735,0.3169748,-0.08124942,-0.9449471,0,0,0,1.362336,-0.4164374,-2.649903,0.0393426,0.009701073,0.8236845,0.9617442,-0.122556,-0.2450063,0.1559284,0.9802365,0.1217493,0.225243,-0.1552951,0.9618467,moving,8.606682443503031,1.7193078695980826,2.734606574570199,0.6747788035889258,0.22487900000000005,-0.12322640000000001,0.7837999999999998,0.1495848056074287,0.02966551389172868,0.9883038239173557,8.538889839226742,1.7836941335751386,5.959707334062377,5.964253178750986,5.909263695711205
05/17/2023 16:15:43.947510,2213,True,True,True,True,Eyes,1.146047,-0.2947748,-3.426009,0.3661974,-0.1430855,0.9194705,0.0,0.0,0.0,0.0,0.0,0.0,0.0,-1.954151,0.5332658,3.010845,1.136922,-0.2932655,-3.433609,0.07038017,0.1163413,-0.07000307,0.9882362,8.939588,12.87344,352.9069,0.3169043,-0.08125634,-0.9449701,0,0,0,1.357736,-0.4164181,-2.64973,0.03972141,0.009714946,0.8226297,0.9631286,-0.1219829,-0.2397991,0.1547354,0.9802924,0.122816,0.2200918,-0.155393,0.9630226,moving,8.611012576819187,1.6995141034462111,2.7644307870554314,0.6766100581724086,0.22081400000000007,-0.1231526,0.7838790000000002,0.1496609981329966,0.029323742790756085,0.9883024335666873,8.543362271068284,1.7636446005714328,5.93096031152358,5.935389735327805,5.880280026774545
05/17/2023 16:15:43.967644,2214,True,True,True,True,Eyes,1.145667,-0.2947861,-3.425898,0.3612193,-0.1434582,0.9213796,0.0,0.0,0.0,0.0,0.0,0.0,0.0,-1.935691,0.537861,3.021617,1.136388,-0.2932236,-3.433512,0.07057391,0.1134547,-0.06956785,0.9885888,8.935514,12.54086,352.9332,0.3168322,-0.08126328,-0.9449937,0,0,0,1.353213,-0.4163991,-2.64956,0.04055977,0.009555072,0.821602,0.9645767,-0.1215341,-0.2341394,0.1535619,0.9803593,0.1237516,0.2145007,-0.1553227,0.9642947,moving,8.637939121546466,1.6722312438181817,2.8262085001497086,0.6663087706085004,0.21682500000000005,-0.12317550000000005,0.7839519999999998,0.15012750756207316,0.028851070063567442,0.9882455931423508,8.57049050641522,1.735930777350875,5.893830332955633,5.898143168641214,5.843018655182723
05/17/2023 16:15:43.977401,2215,True,True,True,True,Eyes,1.145282,-0.2947965,-3.425786,0.3562098,-0.143823,0.9232711,0.0,0.0,0.0,0.0,0.0,0.0,0.0,-1.91678,0.543434,3.032241,1.135792,-0.2932826,-3.433338,0.07093649,0.1104973,-0.06920882,0.988923,8.951375,12.19861,352.9519,0.3167589,-0.08127034,-0.9450176,0,0,0,1.348568,-0.4163796,-2.649386,0.04143432,0.009781644,0.8204851,0.966001,-0.1212078,-0.2283654,0.152561,0.9803563,0.1250067,0.2087277,-0.1555962,0.9655167,moving,8.670428385252473,1.6671499637026284,2.8909685927055664,0.6830353997500908,0.21277600000000008,-0.12309700000000001,0.7839520000000002,0.1506882539686581,0.02876094529113446,0.988162870776922,8.603024612841441,1.7306664228302493,5.858377298105365,5.862647607408262,5.807332841992998
05/17/2023 16:15:43.997339,2216,True,True,True,True,Eyes,1.144885,-0.2948093,-3.425671,0.351238,-0.1442181,0.9251124,0.0,0.0,0.0,0.0,0.0,0.0,0.0,-1.897873,0.5486596,3.042853,1.135346,-0.2932669,-3.433203,0.07124913,0.1075324,-0.06882627,0.989254,8.961402,11.85608,352.9726,0.3166842,-0.08127749,-0.945042,0,0,0,1.344142,-0.416361,-2.649219,0.04238062,0.009865001,0.8194424,0.9673994,-0.1208501,-0.2225614,0.1514965,0.980373,0.1261649,0.2029461,-0.1557691,0.9667206,moving,8.707121625675647,1.654527100410122,2.960634066138608,0.6897319673756594,0.20879599999999998,-0.12309409999999998,0.7839839999999998,0.1513220127324798,0.028540445888126084,0.9880723845227474,8.639817589552575,1.717753478166863,5.822708406967251,5.826915901284396,5.771477602769164
05/17/2023 16:15:44.017579,2217,True,True,True,True,Eyes,1.144485,-0.2948202,-3.425555,0.3462735,-0.144593,0.9269236,0.0,0.0,0.0,0.0,0.0,0.0,0.0,-1.880178,0.5536716,3.052526,1.134778,-0.293338,-3.433041,0.07152167,0.1047979,-0.06840692,0.9895568,8.968262,11.54091,352.9991,0.3166081,-0.08128481,-0.9450668,0,0,0,1.339556,-0.4163417,-2.649047,0.04289483,0.009932756,0.8183956,0.9686759,-0.1203944,-0.2171921,0.1503757,0.9804103,0.1272117,0.1976218,-0.1558873,0.9678041,moving,8.71820466563878,1.6363520901586612,3.0003165572947665,0.6953569355578382,0.2047779999999999,-0.1230037,0.7839939999999999,0.15151448226842312,0.02822617073711694,0.9880518597911047,8.651033173626521,1.6993170232335078,5.790703260379615,5.7948007990373664,5.73921023623752
05/17/2023 16:15:44.037368,2218,True,True,True,True,Eyes,1.144084,-0.2948318,-3.42544,0.3415143,-0.145032,0.9286193,0.0,0.0,0.0,0.0,0.0,0.0,0.0,-1.864322,0.5575188,3.061241,1.134385,-0.2933052,-3.432909,0.07166943,0.1023474,-0.06799769,0.9898309,8.963195,11.25937,353.0257,0.3165306,-0.08129222,-0.9450921,0,0,0,1.335077,-0.4163229,-2.648879,0.04289041,0.009669848,0.8174229,0.9698026,-0.119942,-0.21236,0.1492828,0.9804797,0.1279624,0.1928665,-0.1558,0.968777,moving,8.711149097356662,1.6005702364011702,3.003571315953471,0.6777588891711037,0.2006920000000001,-0.12301770000000001,0.78403,0.15139543789968002,0.027609629150757174,0.9880876642395158,8.644230900017778,1.6631285049234759,5.777771586107418,5.781697407625545,5.726080144649086
05/17/2023 16:15:44.047865,2219,True,True,True,True,Eyes,1.143677,-0.2948461,-3.425323,0.3367779,-0.1454782,0.9302777,0.0,0.0,0.0,0.0,0.0,0.0,0.0,-1.850241,0.5621309,3.068723,1.134039,-0.2933304,-3.432835,0.07192022,0.1001819,-0.06750796,0.9900677,8.971193,11.01114,353.0651,0.3164519,-0.08129973,-0.9451178,0,0,0,1.330517,-0.4163038,-2.648707,0.04224589,0.009577915,0.8165205,0.9708126,-0.1192647,-0.208084,0.1480851,0.9805403,0.1288856,0.1886633,-0.1559379,0.9695821,moving,8.672024694018655,1.572242450771076,2.961780905841057,0.6720577600829025,0.19647799999999993,-0.12297340000000001,0.7841279999999999,0.15072267396678812,0.027123919661869528,0.9882038394255599,8.605298139432962,1.6346042736713278,5.777008438884482,5.780762631156049,5.72501376039133
05/17/2023 16:15:44.067786,2220,True,True,True,True,Eyes,1.143285,-0.2948594,-3.42521,0.3320954,-0.1459413,0.9318873,0.0,0.0,0.0,0.0,0.0,0.0,0.0,-1.836031,0.5695925,3.075505,1.133543,-0.2934025,-3.432663,0.07247081,0.09804408,-0.06672428,0.9902946,9.010688,10.76722,353.1416,0.3163718,-0.08130742,-0.9451439,0,0,0,1.325873,-0.4162843,-2.648533,0.04156305,0.009943813,0.815551,0.9718705,-0.1179427,-0.2038562,0.146364,0.9805917,0.130451,0.1845139,-0.1566187,0.9702706,moving,8.629848988812201,1.568572732999377,2.9174495219564234,0.6985587493901553,0.1923300000000001,-0.12288179999999999,0.7841299999999998,0.14999547892949688,0.02706365803012186,0.9883162815429479,8.563137429445277,1.631047964200901,5.774619429927465,5.778272406230927,5.722178613474437
05/17/2023 16:15:44.087631,2221,True,True,True,True,Eyes,1.142893,-0.2948752,-3.425092,0.3274213,-0.1463809,0.9334709,0.0,0.0,0.0,0.0,0.0,0.0,0.0,-1.820367,0.5738627,3.083618,1.132972,-0.2933206,-3.432505,0.07253763,0.09571995,-0.06594841,0.9905691,8.994067,10.50425,353.2106,0.3162909,-0.08131523,-0.9451703,0,0,0,1.321483,-0.4162658,-2.648368,0.04157142,0.009451538,0.8146812,0.972977,-0.1167663,-0.1992019,0.1445395,0.9807782,0.1310819,0.1800669,-0.1563322,0.9711519,moving,8.61346485457538,1.5137562092436538,2.921146093166274,0.6646881545126221,0.18851099999999987,-0.12294520000000003,0.7841369999999999,0.14971660733317482,0.02611920955362832,0.9883838935890485,8.54713985652282,1.5756293076315062,5.751874600556453,5.7552940361944005,5.699264830640204
05/17/2023 16:15:44.097484,2222,True,True,True,True,Eyes,1.142513,-0.2948938,-3.424982,0.3227953,-0.1468398,0.9350087,0.0,0.0,0.0,0.0,0.0,0.0,0.0,-1.804955,0.5787579,3.091369,1.132588,-0.2933941,-3.432281,0.07270562,0.0934025,-0.06521097,0.9908267,8.989824,10.24123,353.2763,0.3162094,-0.08132321,-0.9451969,0,0,0,1.316957,-0.4162468,-2.648198,0.04122949,0.009237252,0.8136859,0.974047,-0.1156438,-0.1945738,0.1428073,0.9809228,0.1318956,0.175609,-0.1562591,0.9719797,moving,8.599048099501164,1.4709963385400298,2.900698169291357,0.6504141457362851,0.184369,-0.12285269999999998,0.7840830000000003,0.14947074331469273,0.025382525900578344,0.9884402996204066,8.533024206803642,1.5324058634322357,5.753915661228508,5.757130106421837,5.700965355351942
05/17/2023 16:15:44.117755,2223,True,True,True,True,Eyes,1.14213,-0.2949094,-3.424869,0.3181646,-0.1473113,0.9365205,0.0,0.0,0.0,0.0,0.0,0.0,0.0,-1.789397,0.5820326,3.099546,1.132082,-0.2934214,-3.432227,0.07280892,0.0910383,-0.06487814,0.9910609,8.982277,9.969544,353.2942,0.3161274,-0.08133142,-0.9452235,0,0,0,1.31222,-0.4162269,-2.64802,0.04088154,0.008993447,0.8128707,0.9750057,-0.1153396,-0.1898964,0.1418532,0.9809794,0.1325034,0.1710016,-0.1561289,0.9728218,moving,8.592555959860105,1.4323035253718495,2.8791391006225004,0.6338837565083115,0.1801379999999999,-0.12280550000000001,0.7842070000000003,0.1493612386601635,0.024715422967288132,0.988473746224223,8.526806269449802,1.4932690460895173,5.765891067343134,5.768934592689763,5.712677789425756
05/17/2023 16:15:44.135058,2224,True,True,True,True,Eyes,1.141741,-0.2949244,-3.424755,0.3135841,-0.1478085,0.937986,0.0,0.0,0.0,0.0,0.0,0.0,0.0,-1.773996,0.5868368,3.107164,1.131657,-0.2932742,-3.432091,0.0733237,0.08863689,-0.06487045,0.9912411,9.024848,9.68849,353.2778,0.316045,-0.08133974,-0.9452503,0,0,0,1.307788,-0.4162083,-2.647854,0.04082519,0.00934352,0.81204,0.9758707,-0.1156062,-0.1852341,0.1416029,0.9808309,0.1338631,0.166208,-0.1568628,0.9735342,moving,8.59243028675728,1.4482755476247786,2.8781135409266354,0.65922939551167,0.17613100000000004,-0.12293409999999999,0.7842369999999996,0.1493580543138419,0.024990986679688992,0.9884673483921557,8.526566664973958,1.5094348475227592,5.7654615666877325,5.768536183629693,5.712081232369628
05/17/2023 16:15:44.152878,2225,True,True,True,True,Eyes,1.141345,-0.2949445,-3.42464,0.3089952,-0.1483066,0.9394292,0.0,0.0,0.0,0.0,0.0,0.0,0.0,-1.758935,0.5892252,3.114927,1.131179,-0.2933549,-3.431937,0.07332616,0.08635838,-0.06460395,0.9914595,9.007166,9.426779,353.2879,0.3159622,-0.08134815,-0.9452773,0,0,0,1.303343,-0.4161896,-2.647687,0.04061174,0.009025611,0.8111998,0.9767371,-0.1154397,-0.180716,0.140769,0.9808992,0.1342416,0.1617673,-0.156558,0.974331,moving,8.5806344984336,1.3985380952658792,2.8660512489770977,0.6374608084703646,0.17216399999999998,-0.12283470000000002,0.7842500000000001,0.14915769493539116,0.02413364483793614,0.9885189185178183,8.51512243422432,1.4591395644679266,5.7621787043836745,5.765041227211204,5.70851655283999
05/17/2023 16:15:44.167872,2226,True,True,True,True,Eyes,1.140942,-0.2949679,-3.424529,0.3043973,-0.1488729,0.9408396,0.0,0.0,0.0,0.0,0.0,0.0,0.0,-1.742861,0.5949733,3.122542,1.130642,-0.2934927,-3.431812,0.0737709,0.08392131,-0.06422623,0.9916604,9.038101,9.145386,353.313,0.3158787,-0.0813568,-0.9453045,0,0,0,1.298696,-0.4161701,-2.647512,0.04043499,0.009454899,0.8103666,0.9776645,-0.1149993,-0.1759189,0.1397631,0.9808657,0.1355314,0.1569668,-0.1570912,0.9750302,moving,8.583485222654257,1.3926869265238349,2.856527458107309,0.6684644072143654,0.16805400000000015,-0.12267739999999999,0.7843,0.149207234675855,0.024032512221450433,0.9885138587832598,8.51801563897283,1.4532069117078823,5.769792830948285,5.772568188802929,5.715616259025683
05/17/2023 16:15:44.187665,2227,True,True,True,True,Eyes,1.140531,-0.2949924,-3.424418,0.2997692,-0.1494487,0.9422333,0.0,0.0,0.0,0.0,0.0,0.0,0.0,-1.724432,0.6022501,3.129491,1.127835,-0.2924796,-3.431112,0.07453318,0.08150426,-0.06371793,0.9918376,9.104534,8.86585,353.3558,0.3157945,-0.08136575,-0.9453319,0,0,0,1.294253,-0.4161515,-2.647345,0.04282206,0.0095018,0.8095406,0.9785941,-0.1142461,-0.1711762,0.1385452,0.9807696,0.137463,0.1521798,-0.1582362,0.9756037,moving,8.57959003064211,1.4185580827231097,3.0279380298031975,0.6724653954880588,0.16641800000000018,-0.1236719,0.7837670000000001,0.1491384199042975,0.024479118067683714,0.9885133197465262,8.513934925195086,1.4794057616652627,5.5986530881025445,5.6015617676112734,5.545026121743309
05/17/2023 16:15:44.197638,2228,True,True,True,True,Eyes,1.140035,-0.294972,-3.424278,0.2951367,-0.1500608,0.9435974,0.0,0.0,0.0,0.0,0.0,0.0,0.0,-1.70656,0.6089405,3.137674,1.127293,-0.2925224,-3.431005,0.07512632,0.07878705,-0.06337062,0.9920347,9.15126,8.551012,353.3755,0.3157093,-0.081375,-0.9453595,0,0,0,1.289711,-0.4161324,-2.647175,0.04318388,0.01012943,0.8087535,0.9795535,-0.1138938,-0.1658406,0.1375697,0.9806804,0.1390703,0.1467974,-0.1590414,0.9762973,moving,8.612555915039156,1.4295435493361364,3.0564401152229257,0.7175774115969827,0.16241799999999995,-0.12361,0.78383,0.14970645138712638,0.0246665049034449,0.9884227388214076,8.546831205019569,1.4904008256991297,5.598660673357462,5.601546086774147,5.54451533935139
05/17/2023 16:15:44.217414,2229,True,True,True,True,Eyes,1.139541,-0.2949525,-3.424138,0.2904819,-0.1506618,0.9449452,0.0,0.0,0.0,0.0,0.0,0.0,0.0,-1.688351,0.6155702,3.145809,1.126819,-0.2924832,-3.430788,0.07573465,0.07601382,-0.06305165,0.9922251,9.19977,8.229379,353.3912,0.3156215,-0.08138342,-0.9453881,0,0,0,1.284832,-0.4161119,-2.646991,0.043258,0.01064767,0.807839,0.9804928,-0.1136091,-0.160396,0.1366366,0.9805775,0.140706,0.1412953,-0.1598772,0.9769723,moving,8.650871517252218,1.4440593708023335,3.0651354710393712,0.7551396115059318,0.15801299999999996,-0.12362869999999998,0.7837970000000003,0.1503664976757572,0.024914397879315486,0.9883164130808149,8.585053444686851,1.504948953556819,5.625164688225061,5.628059844449999,5.570611141088857
05/17/2023 16:15:44.234868,2230,True,True,True,True,Eyes,1.139084,-0.2949376,-3.424003,0.2857902,-0.1512318,0.9462837,0.0,0.0,0.0,0.0,0.0,0.0,0.0,-1.670715,0.621038,3.153852,1.126425,-0.2924816,-3.430653,0.07609775,0.0733565,-0.06256296,0.9924283,9.219778,7.924111,353.4256,0.3155313,-0.08139111,-0.9454176,0,0,0,1.280724,-0.4160946,-2.646837,0.04381125,0.01086499,0.8071046,0.9814094,-0.113014,-0.1551239,0.135343,0.98059,0.1418643,0.1360803,-0.1602219,0.9776559,moving,8.674624026017174,1.4275000214660793,3.1070800560216587,0.7712512999106842,0.15429899999999996,-0.12361299999999997,0.7838159999999998,0.15077725841443917,0.02462719725437318,0.9882609251272607,8.6089303327347,1.4881003042925882,5.603297257860025,5.606086713776064,5.548353716414509
05/17/2023 16:15:44.247908,2231,True,True,True,True,Eyes,1.138628,-0.294922,-3.423867,0.2811036,-0.1517925,0.9475968,0.0,0.0,0.0,0.0,0.0,0.0,0.0,-1.654012,0.6255072,3.161479,1.126113,-0.2924915,-3.430492,0.07629402,0.07085785,-0.0619996,0.9926301,9.221395,7.638866,353.4689,0.3154399,-0.08139823,-0.9454474,0,0,0,1.276075,-0.4160751,-2.646662,0.04350134,0.01071949,0.8063152,0.9822704,-0.1122733,-0.1501316,0.1338974,0.9806705,0.1426772,0.1312108,-0.1602498,0.9783168,moving,8.681470643730826,1.3900630894681718,3.0881585248544923,0.7616690787663415,0.14996200000000015,-0.12358359999999996,0.78383,0.1508977184461836,0.023981018178484345,0.9882584083600349,8.616045730852038,1.4501846539722218,5.6258738911293005,5.628500643320101,5.570600565426715
05/17/2023 16:15:44.267702,2232,True,True,True,True,Eyes,1.138216,-0.2949121,-3.423741,0.2764092,-0.1523408,0.948889,0.0,0.0,0.0,0.0,0.0,0.0,0.0,-1.638418,0.6306127,3.168266,1.125704,-0.2924536,-3.430343,0.07664314,0.0685364,-0.06150768,0.9927967,9.242488,7.372703,353.5064,0.3153474,-0.08140483,-0.9454777,0,0,0,1.271538,-0.4160561,-2.646492,0.04309611,0.01080692,0.8056014,0.9830391,-0.1116236,-0.1455137,0.1326349,0.9806852,0.1437511,0.1266572,-0.1606131,0.9788572,moving,8.66701452374218,1.3718035137003477,3.06215182313963,0.7685609377280382,0.14583400000000002,-0.1236025,0.7838510000000003,0.15064951260120932,0.023666977953442588,0.988303950218681,8.601715991751822,1.4317581783504187,5.634710127041248,5.637232255111671,5.57912195225568
05/17/2023 16:15:44.280728,2233,True,True,True,True,Eyes,1.137802,-0.2949018,-3.423616,0.2717135,-0.1528778,0.9501579,0.0,0.0,0.0,0.0,0.0,0.0,0.0,-1.621992,0.6348187,3.175678,1.125289,-0.2924687,-3.430301,0.07683384,0.06609752,-0.06101186,0.9929779,9.244865,7.093871,353.5422,0.315255,-0.08141106,-0.945508,0,0,0,1.267015,-0.4160371,-2.646322,0.04288889,0.01072566,0.8049992,0.9838173,-0.1110098,-0.1406423,0.1313239,0.9807482,0.1445232,0.1218912,-0.1606541,0.9794554,moving,8.667209873389002,1.3370612608480459,3.049731253788625,0.7633531678687149,0.14172600000000002,-0.12356839999999997,0.783979,0.15065497679984016,0.02306767704418434,0.9883171773214934,8.602159143610852,1.396594710046398,5.644328054065301,5.646698771637932,5.588421093870367
05/17/2023 16:15:44.297514,2234,True,True,True,True,Eyes,1.137409,-0.2948888,-3.423485,0.267086,-0.1533683,0.9513901,0.0,0.0,0.0,0.0,0.0,0.0,0.0,-1.605716,0.6397766,3.182684,1.124836,-0.2924468,-3.43021,0.07714774,0.06368987,-0.0605087,0.9931417,9.261744,6.818099,353.5799,0.3151625,-0.08141693,-0.9455383,0,0,0,1.2625,-0.4160181,-2.646152,0.0426689,0.01080655,0.8043815,0.9845646,-0.1103604,-0.1358424,0.1300145,0.9807739,0.1455297,0.1171699,-0.1609449,0.9799837,moving,8.666867091080352,1.3192787575598803,3.036443168270833,0.7697000230463554,0.137664,-0.1235713,0.7840580000000004,0.15065012386786672,0.022760955727572828,0.9883250317035706,8.601943079284206,1.3785982683546458,5.654903131213664,5.657182190452701,5.598709345253545
05/17/2023 16:15:44.317665,2235,True,True,True,True,Eyes,1.137016,-0.2948767,-3.423355,0.2624445,-0.153818,0.9526085,0.0,0.0,0.0,0.0,0.0,0.0,0.0,-1.588503,0.6445215,3.189779,1.124375,-0.2923056,-3.429836,0.07739443,0.06117061,-0.05988422,0.9933188,9.269647,6.53094,353.63,0.3150706,-0.08142242,-0.9455684,0,0,0,1.257903,-0.4159988,-2.64598,0.04259203,0.01060452,0.8035136,0.9853441,-0.1094997,-0.1307932,0.1284368,0.980848,0.1464284,0.1122544,-0.161081,0.9805365,moving,8.678159956033785,1.294006817945451,3.034250829016507,0.7561277951581423,0.1335280000000001,-0.1236932,0.7838559999999997,0.15084641482590316,0.022324350392613226,0.9883051297500278,8.613419152847241,1.3529782049629038,5.667288062132047,5.669481817343059,5.6110025483259545
05/17/2023 16:15:44.335300,2236,True,True,True,True,Eyes,1.136652,-0.2948704,-3.423234,0.2579102,-0.1542571,0.9537752,0.0,0.0,0.0,0.0,0.0,0.0,0.0,-1.571095,0.646887,3.19767,1.123992,-0.2923213,-3.429736,0.07730523,0.05860804,-0.05939281,0.9935097,9.239913,6.239388,353.6624,0.3149791,-0.08142759,-0.9455985,0,0,0,1.253312,-0.4159795,-2.645807,0.04250115,0.01008509,0.8029017,0.9860752,-0.1089533,-0.1256381,0.1270761,0.9809927,0.1466452,0.1072726,-0.1605688,0.981178,moving,8.703985178681465,1.2356158286248566,3.030091820470821,0.7196431479938576,0.12931999999999988,-0.1236582,0.7839290000000001,0.1512951955592859,0.021315663520732414,0.9882588034461616,8.639667609497202,1.29378387246746,5.695295047915674,5.6973058235892875,5.6388809265961655
05/17/2023 16:15:44.351024,2237,True,True,True,True,Eyes,1.136289,-0.2948636,-3.423113,0.2534062,-0.1546551,0.9549173,0.0,0.0,0.0,0.0,0.0,0.0,0.0,-1.555665,0.6512963,3.204263,1.123747,-0.292392,-3.429764,0.07764841,0.05627692,-0.05915589,0.9936318,9.262977,5.969937,353.6699,0.3148887,-0.08143258,-0.9456282,0,0,0,1.248782,-0.4159605,-2.645637,0.04191611,0.01035414,0.8024294,0.986667,-0.1088187,-0.1210238,0.126298,0.9809426,0.1476496,0.1026504,-0.1609661,0.9816073,moving,8.703631913149522,1.2341335021372257,2.9902136856752124,0.7392745087244558,0.125035,-0.12356850000000003,0.7841270000000002,0.15128917678727466,0.021290114502324556,0.9882602228184875,8.639324820989618,1.2922849273571604,5.732836160655658,5.734808912718643,5.676114616729434
05/17/2023 16:15:44.367694,2238,True,True,True,True,Eyes,1.13594,-0.2948589,-3.422988,0.2489305,-0.1550316,0.9560329,0.0,0.0,0.0,0.0,0.0,0.0,0.0,-1.542341,0.6527974,3.210187,1.123458,-0.2923823,-3.429667,0.07750304,0.05434043,-0.05868252,0.9937791,9.231244,5.751056,353.7059,0.3147994,-0.0814374,-0.9456575,0,0,0,1.244228,-0.4159414,-2.645466,0.04076575,0.009677947,0.8019151,0.9872069,-0.1082118,-0.1171009,0.125058,0.9810992,0.1476641,0.09890862,-0.1604195,0.9820808,moving,8.661733002376058,1.1708675730879459,2.910154109945997,0.6914430201026964,0.12076999999999982,-0.12355910000000003,0.7842009999999999,0.150569861452692,0.020201111673704628,0.9883930031219785,8.597865965271735,1.2284100796729551,5.7697420151613885,5.771525591890944,5.713002693179522
05/17/2023 16:15:44.377426,2239,True,True,True,True,Eyes,1.135588,-0.294854,-3.422864,0.2444916,-0.1553728,0.9571223,0.0,0.0,0.0,0.0,0.0,0.0,0.0,-1.529742,0.6546735,3.21541,1.123054,-0.2923957,-3.429406,0.07743397,0.052532,-0.0582267,0.9939085,9.20934,5.546432,353.7415,0.3147112,-0.08144212,-0.9456865,0,0,0,1.239649,-0.4159221,-2.645294,0.0395028,0.009133495,0.8012744,0.9877001,-0.1076085,-0.1134415,0.1238795,0.9812273,0.147807,0.09540655,-0.1600421,0.9824888,moving,8.606896386306046,1.118520455022738,2.8223948161207506,0.653069725899417,0.116595,-0.12352640000000004,0.7841120000000004,0.14962647218546987,0.019300872631461116,0.988554167329583,8.543388113454995,1.1756346063066792,5.801568610087238,5.803197635503858,5.744809688960846
05/17/2023 16:15:44.397451,2240,True,True,True,True,Eyes,1.135237,-0.2948459,-3.422733,0.2401054,-0.1557116,0.9581771,0.0,0.0,0.0,0.0,0.0,0.0,0.0,-1.517052,0.6563144,3.220851,1.12267,-0.2923933,-3.429314,0.07732288,0.05071127,-0.05775534,0.9940391,9.182614,5.340776,353.7787,0.3146242,-0.08144674,-0.945715,0,0,0,1.235112,-0.4159031,-2.645123,0.03826237,0.008539066,0.8008215,0.9881854,-0.1069799,-0.1097496,0.1226644,0.981371,0.1478662,0.09188636,-0.1595816,0.9828991,moving,8.55693176587472,1.0617402382499397,2.735449043631335,0.6109150439366496,0.11244199999999993,-0.1235098,0.7841910000000003,0.14876709399940727,0.01832360820653263,0.9887025121710751,8.493815160916002,1.1183541494142366,5.837440933913886,5.8389129503021255,5.780681169763645
05/17/2023 16:15:44.417847,2241,True,True,True,True,Eyes,1.134884,-0.2948402,-3.422601,0.2357428,-0.1560351,0.9592072,0.0,0.0,0.0,0.0,0.0,0.0,0.0,-1.503649,0.6586908,3.226253,1.122409,-0.2923202,-3.429036,0.07733011,0.04876428,-0.05728051,0.9941635,9.168825,5.119918,353.8157,0.3145382,-0.08145121,-0.9457432,0,0,0,1.230597,-0.4158841,-2.644954,0.03713474,0.008040763,0.8001959,0.988682,-0.1063505,-0.1058184,0.1214343,0.981478,0.1481711,0.08810034,-0.1593441,0.9832842,moving,8.522067277539607,1.0202347611931741,2.657022431748874,0.575716869928854,0.10818799999999995,-0.1235639,0.7840820000000002,0.14816734475873156,0.017608983547767576,0.9888055594307973,8.459237415369843,1.076476796797221,5.880497857235323,5.881865962327815,5.823783926324267
05/17/2023 16:15:44.437587,2242,True,True,True,True,Eyes,1.134498,-0.2948348,-3.42247,0.2314854,-0.1563382,0.9601942,0.0,0.0,0.0,0.0,0.0,0.0,0.0,-1.490329,0.6618173,3.231519,1.122033,-0.2923741,-3.4289,0.07745008,0.04683434,-0.05685405,0.9942714,9.16849,4.899986,353.8477,0.3144531,-0.08145561,-0.9457712,0,0,0,1.226051,-0.415865,-2.644783,0.03602293,0.007891901,0.7997186,0.9891483,-0.1058021,-0.1019388,0.1203114,0.9815382,0.1486874,0.0843254,-0.1593383,0.9836161,moving,8.491055829151387,0.9945526498971455,2.579116729582197,0.565396306055844,0.10401799999999994,-0.12349089999999996,0.7841170000000002,0.1476332612388988,0.01716714806263335,0.9888931864005347,8.428400892589927,1.050599901469604,5.926204453742752,5.927495177937659,5.869373710083171
05/17/2023 16:15:44.447490,2243,True,True,True,True,Eyes,1.13411,-0.2948289,-3.422337,0.2272394,-0.1566334,0.9611599,0.0,0.0,0.0,0.0,0.0,0.0,0.0,-1.476665,0.6644259,3.237157,1.121706,-0.2924598,-3.428911,0.07752444,0.04483328,-0.05653897,0.9943759,9.163164,4.671063,353.866,0.3143679,-0.08145997,-0.9457991,0,0,0,1.221523,-0.415846,-2.644613,0.03498893,0.007747926,0.7993918,0.9895866,-0.1054906,-0.09792855,0.1193933,0.9815866,0.1491072,0.08039594,-0.1592465,0.9839599,moving,8.470023752663733,0.9672871213638603,2.5062044663296748,0.5553091235211964,0.09981699999999982,-0.1233862,0.7842979999999997,0.1472714279619311,0.016697469778493387,0.9889552271387112,8.407557677120705,1.0230830817367549,5.976819691173226,5.978031979736854,5.9198633594449
05/17/2023 16:15:44.468086,2244,True,True,True,True,Eyes,1.133703,-0.2948157,-3.422198,0.2229893,-0.1569131,0.9621092,0.0,0.0,0.0,0.0,0.0,0.0,0.0,-1.462786,0.6678776,3.242429,1.121338,-0.292443,-3.428736,0.07771445,0.04281747,-0.05614542,0.9944721,9.17078,4.440547,353.8936,0.3142827,-0.08146429,-0.9458271,0,0,0,1.216292,-0.415824,-2.644417,0.03332543,0.007583566,0.7988915,0.9900287,-0.105015,-0.09388818,0.1183252,0.9816163,0.1497617,0.07643493,-0.1593777,0.9842542,moving,8.449243780344574,0.9525454977633602,2.3886849723181225,0.5438701940030254,0.09495399999999998,-0.12338100000000002,0.784319,0.14691335820149493,0.016443905793742164,0.9890127020089002,8.386877323401315,1.0082408000020255,6.073145494555263,6.074322066654895,6.016140917590677
05/17/2023 16:15:44.477564,2245,True,True,True,True,Eyes,1.133292,-0.2948033,-3.422059,0.2187135,-0.1571783,0.9630469,0.0,0.0,0.0,0.0,0.0,0.0,0.0,-1.446762,0.6700429,3.248797,1.121,-0.2923113,-3.428509,0.07771317,0.04048346,-0.05577862,0.9945906,9.154766,4.174057,353.9145,0.3141971,-0.0814684,-0.9458551,0,0,0,1.212142,-0.4158066,-2.644261,0.03324766,0.007142447,0.7984027,0.9904997,-0.1046616,-0.08919841,0.117246,0.9816988,0.1500694,0.07185948,-0.1591018,0.9846435,moving,8.464839752230109,0.9190665583318001,2.3845743580114496,0.5125498099416456,0.09114200000000006,-0.12349530000000003,0.7842479999999998,0.14718393041871847,0.015865359217473007,0.9889818631684549,8.402716168879628,0.9742983053613357,6.092729891616476,6.0938397690499455,6.035829895610219
05/17/2023 16:15:44.497299,2246,True,True,True,True,Eyes,1.132858,-0.2947963,-3.42192,0.2143618,-0.1574437,0.9639816,0.0,0.0,0.0,0.0,0.0,0.0,0.0,-1.42988,0.6725781,3.255472,1.120581,-0.2923196,-3.428391,0.07780378,0.03800417,-0.0555938,0.9946916,9.149273,3.888604,353.9133,0.3141108,-0.08147234,-0.9458835,0,0,0,1.207954,-0.415789,-2.644103,0.03342451,0.007047638,0.7980091,0.99093,-0.1046836,-0.08425568,0.1165111,0.9817117,0.150556,0.06695405,-0.1590071,0.9850045,moving,8.493443446605728,0.9005382722160309,2.3984245649911933,0.5059960032890352,0.08737299999999992,-0.1234694,0.7842880000000001,0.14767839068303173,0.015544384087044172,0.9889132874808155,8.431459568480323,0.9554387360489048,6.106709874917647,6.107775271668706,6.049752897710429
05/17/2023 16:15:44.517721,2247,True,True,True,True,Eyes,1.132424,-0.2947872,-3.421784,0.2099812,-0.157712,0.9649014,0.0,0.0,0.0,0.0,0.0,0.0,0.0,-1.412566,0.6772646,3.261854,1.120153,-0.2924922,-3.428327,0.07814023,0.03546652,-0.05528045,0.9947765,9.171221,3.596245,353.9271,0.3140236,-0.0814763,-0.9459121,0,0,0,1.203479,-0.4157702,-2.643935,0.03335739,0.007476419,0.7976488,0.9913724,-0.1044407,-0.07920177,0.1155261,0.9816763,0.1515429,0.06192326,-0.1593853,0.9852725,moving,8.524794629843221,0.9073196794849325,2.394693821887434,0.5370216949792295,0.08332600000000001,-0.123278,0.784392,0.14821920576298903,0.015660147481474276,0.9888304798312232,8.462770698916103,0.9621849013955123,6.140216556596792,6.141274828000224,6.082953290764296
05/17/2023 16:15:44.535619,2248,True,True,True,True,Eyes,1.131941,-0.2947715,-3.421643,0.2055366,-0.1580094,0.9658093,0.0,0.0,0.0,0.0,0.0,0.0,0.0,-1.395033,0.6816005,3.268258,1.119757,-0.2924296,-3.428241,0.07845756,0.03290156,-0.05496346,0.9948572,9.19093,3.300879,353.9409,0.3139353,-0.08148021,-0.945941,0,0,0,1.198951,-0.4157512,-2.643765,0.033273,0.007637143,0.7973188,0.991793,-0.1041988,-0.0740893,0.1145244,0.9816469,0.1524914,0.05684011,-0.1597249,0.9855238,moving,8.556022538363768,0.9101151418295547,2.3896300565038335,0.5487926283611722,0.07919400000000021,-0.12332159999999998,0.7844759999999997,0.14875801455157656,0.01570710727811027,0.9887488094971526,8.493986946144185,0.9648973413433992,6.175910528590026,6.176969337715531,6.118522384388705
05/17/2023 16:15:44.547736,2249,True,True,True,True,Eyes,1.131459,-0.294753,-3.421504,0.2010562,-0.158277,0.9667082,0.0,0.0,0.0,0.0,0.0,0.0,0.0,-1.376298,0.6860793,3.274956,1.119294,-0.2923623,-3.428111,0.07873628,0.03019003,-0.05451514,0.9949458,9.205056,2.990018,353.9683,0.3138451,-0.08148393,-0.9459707,0,0,0,1.194422,-0.4157322,-2.643595,0.03347747,0.007733211,0.7969627,0.9922333,-0.1037251,-0.06865952,0.1132333,0.9816574,0.153385,0.05149025,-0.1599683,0.9857783,moving,8.601231687209882,0.9081345852438366,2.4053707156408577,0.5559437688638525,0.07512800000000008,-0.12336989999999998,0.784516,0.14953822947956583,0.015671064392933642,0.9886317230898416,8.539222196110696,0.9627236401154541,6.204811252351209,6.205862675740952,6.147324934320415
05/17/2023 16:15:44.567405,2250,True,True,True,True,Eyes,1.13093,-0.2947292,-3.42136,0.1964912,-0.1585191,0.9676068,0.0,0.0,0.0,0.0,0.0,0.0,0.0,-1.357431,0.6879731,3.282155,1.118868,-0.2922831,-3.427998,0.07866127,0.02746584,-0.05415244,0.9950506,9.178955,2.678917,353.985,0.3137529,-0.08148742,-0.9460009,0,0,0,1.189871,-0.415713,-2.643424,0.03367987,0.007266581,0.7966467,0.9926262,-0.1034478,-0.06317919,0.1120898,0.9817598,0.1535692,0.0461404,-0.1595186,0.9861161,moving,8.645764895529851,0.8688568960398204,2.4208547478679283,0.5226066669257672,0.07100299999999993,-0.12342989999999998,0.7845740000000001,0.1503081706703725,0.014991559121311046,0.9885255298338675,8.584047296027746,0.9228039295787035,6.233556367898112,6.234532505940275,6.1761719725674435
05/17/2023 16:15:44.577310,2251,True,True,True,True,Eyes,1.130399,-0.2947031,-3.421218,0.1918724,-0.1587275,0.9684992,0.0,0.0,0.0,0.0,0.0,0.0,0.0,-1.338044,0.6906999,3.289248,1.118536,-0.2922536,-3.427834,0.07866445,0.02466445,-0.05368527,0.9951489,9.161274,2.359448,354.0132,0.313658,-0.08149058,-0.9460321,0,0,0,1.185179,-0.4156933,-2.643248,0.03374703,0.006940298,0.7962828,0.9930192,-0.1029693,-0.05753585,0.1107301,0.9818596,0.1539175,0.04064336,-0.1592139,0.9864071,moving,8.69470082316909,0.8385553776361581,2.426783545300499,0.49936996639972825,0.06664300000000001,-0.12343969999999999,0.784586,0.15115358609957838,0.014466878587411983,0.9884044922863437,8.633212271741357,0.891952553058009,6.276168953782783,6.277087998857371,6.218832577239686
05/17/2023 16:15:44.597373,2252,True,True,True,True,Eyes,1.1298,-0.2946738,-3.421069,0.1871644,-0.1588952,0.9693925,0.0,0.0,0.0,0.0,0.0,0.0,0.0,-1.316887,0.6925439,3.297123,1.118008,-0.2921778,-3.427757,0.0785236,0.02163966,-0.05322416,0.9952553,9.125967,2.014953,354.0385,0.3135605,-0.08149339,-0.9460642,0,0,0,1.180763,-0.4156748,-2.643082,0.03464621,0.006426074,0.7960292,0.9933978,-0.1025448,-0.05143267,0.1093417,0.9820025,0.1539985,0.03471527,-0.1586055,0.9867315,moving,8.764787540388749,0.7950861898061568,2.492156784677508,0.4625193665850011,0.06275500000000012,-0.12349700000000002,0.784675,0.15236413910354338,0.013714411337486243,0.9882292751702676,8.703627540620289,0.8476949922967107,6.2805984143354605,6.281440701734116,6.223401739770202
05/17/2023 16:15:44.617249,2253,True,True,True,True,Eyes,1.129204,-0.2946461,-3.420922,0.1823861,-0.1590381,0.9702794,0.0,0.0,0.0,0.0,0.0,0.0,0.0,-1.294041,0.6936256,3.305516,1.117466,-0.2922256,-3.427531,0.07826056,0.01836864,-0.05282727,0.9953628,9.075512,1.642156,354.0543,0.313459,-0.08149585,-0.9460976,0,0,0,1.17631,-0.4156561,-2.642915,0.03592293,0.005844705,0.7956106,0.9937437,-0.1022895,-0.04483552,0.1080397,0.9821692,0.1538546,0.02829835,-0.157736,0.9870757,moving,8.860114768695109,0.7413664140697807,2.5852286461265126,0.42089799350502083,0.058843999999999896,-0.1234305,0.7846160000000002,0.15401000803099046,0.012784552736582105,0.9879865350432666,8.799363105691077,0.792968330301547,6.282315212886324,6.283064209427054,6.225263321103104
05/17/2023 16:15:44.627668,2254,True,True,True,True,Eyes,1.128581,-0.2946207,-3.420776,0.1774464,-0.1591984,0.9711687,0.0,0.0,0.0,0.0,0.0,0.0,0.0,-1.271265,0.6957244,3.313612,1.117004,-0.2922433,-3.427399,0.07819155,0.01508117,-0.05252726,0.9954394,9.047558,1.265491,354.059,0.313354,-0.08149804,-0.9461321,0,0,0,1.171919,-0.4156377,-2.64275,0.03719597,0.005570829,0.7953002,0.9940268,-0.102217,-0.03823917,0.1069339,0.982254,0.1540856,0.02181042,-0.1572543,0.9873173,moving,8.94778291005729,0.7102367547265781,2.6777564227498227,0.40133244013280567,0.054914999999999825,-0.12339440000000002,0.7846489999999999,0.15552259984337613,0.012244826223015995,0.9877564398493868,8.887276462278036,0.7611338527415761,6.2769355539061085,6.2776312433203545,6.219935383733317
05/17/2023 16:15:44.647693,2255,True,True,True,True,Eyes,1.127941,-0.2945968,-3.420623,0.172453,-0.1594017,0.9720346,0.0,0.0,0.0,0.0,0.0,0.0,0.0,-1.247809,0.6994905,3.321508,1.11654,-0.292334,-3.427333,0.07832143,0.01170168,-0.05213128,0.9954954,9.041935,0.8779401,354.0741,0.3132452,-0.08150007,-0.9461679,0,0,0,1.167299,-0.4156182,-2.642576,0.03834834,0.005675249,0.7950569,0.9942908,-0.1019599,-0.03146393,0.1056259,0.9822961,0.1547172,0.01513194,-0.1571573,0.9874576,moving,9.041413916757342,0.6977415624684444,2.76143318249448,0.40897990162662107,0.050759,-0.12328420000000001,0.7847569999999999,0.15713698552172753,0.012026303449520187,0.9875036904110962,8.981021379750112,0.7481370614391127,6.285950679045557,6.286616046768312,6.228828535326176
05/17/2023 16:15:44.687600,2256,True,True,True,True,Eyes,1.127303,-0.294572,-3.420478,0.1673923,-0.1596077,0.972885,0.0,0.0,0.0,0.0,0.0,0.0,0.0,-1.224368,0.7038868,3.328739,1.115955,-0.2923764,-3.426981,0.07860531,0.00832801,-0.05185958,0.9955213,9.05429,0.4890193,354.0747,0.3131325,-0.08150201,-0.946205,0,0,0,1.162743,-0.4155991,-2.642405,0.03968589,0.00596869,0.7945575,0.9944825,-0.1019454,-0.0247343,0.1045639,0.9822636,0.1556427,0.008428546,-0.1573703,0.9875036,moving,9.130754500883024,0.7050255063801241,2.85938521722177,0.4303959295851916,0.04678800000000005,-0.12322270000000002,0.7845759999999999,0.15867634662266186,0.012148813423059276,0.9872559174694661,9.070333690971127,0.7551748474932454,6.276709403621713,6.277379556510856,6.219434241881411
05/17/2023 16:15:44.697565,2257,True,True,True,True,Eyes,1.126619,-0.2945469,-3.42033,0.1623505,-0.1598094,0.9737059,0.0,0.0,0.0,0.0,0.0,0.0,0.0,-1.200952,0.7084701,3.336141,1.115456,-0.2923277,-3.427003,0.07890311,0.004960848,-0.05152279,0.9955377,9.068385,0.1013514,354.0828,0.3130164,-0.08150382,-0.9462433,0,0,0,1.15708,-0.4155753,-2.642192,0.03981519,0.006138213,0.7944988,0.9946415,-0.1018029,-0.01800804,0.1033686,0.9822394,0.1565908,0.001746805,-0.1576132,0.9874994,moving,9.220083012943562,0.713065209845857,2.8688973941725213,0.44265227516728584,0.041624000000000105,-0.12324759999999996,0.7848109999999999,0.16021508651083802,0.012284250740437624,0.9870056393514124,9.159628537532194,0.7629775852107524,6.356254144394087,6.356939666170001,6.298881378648891
05/17/2023 16:15:44.707701,2258,True,True,True,True,Eyes,1.12594,-0.2945237,-3.420185,0.1572636,-0.1600182,0.9745062,0.0,0.0,0.0,0.0,0.0,0.0,0.0,-1.17896,0.7107267,3.343164,1.115064,-0.2924167,-3.426799,0.07884609,0.001818011,-0.05114478,0.9955722,9.043248,359.7421,354.098,0.312896,-0.08150557,-0.9462829,0,0,0,1.153509,-0.4155603,-2.642058,0.04157908,0.006011516,0.7941633,0.9947618,-0.10155,-0.01168506,0.1021233,0.982335,0.156808,-0.004445209,-0.15718,0.98756,moving,9.28314527547895,0.6780632051271481,2.9970317615843203,0.43369911062007416,0.03844499999999984,-0.12314360000000002,0.7847409999999999,0.16130250794142914,0.01167919102959182,0.9868359009903012,9.222957110365149,0.727315971350159,6.290249589515127,6.290861381420905,6.232845041351235
05/17/2023 16:15:44.717367,2259,True,True,True,True,Eyes,1.125268,-0.2945062,-3.420043,0.1521319,-0.160218,0.9752876,0.0,0.0,0.0,0.0,0.0,0.0,0.0,-1.157219,0.7155808,3.349463,1.114587,-0.2924325,-3.426702,0.07919062,-0.001288702,-0.05076893,0.995565,9.064602,359.3846,354.1127,0.3127719,-0.0815073,-0.9463238,0,0,0,1.143971,-0.4155203,-2.6417,0.03740253,0.00593593,0.7942349,0.9948418,-0.1012916,-0.005474874,0.1008834,0.9823027,0.1578097,-0.01060682,-0.157548,0.9874544,moving,9.337389742103475,0.6895291519806283,2.696211196407351,0.4282075797432926,0.029384000000000077,-0.12308780000000002,0.785002,0.16223632914112032,0.011874831679775905,0.9866803875190594,9.27713418354774,0.7387177057534807,6.6456669516797175,6.646317885862148,6.588244371684134
05/17/2023 16:15:44.727501,2260,True,True,True,True,Eyes,1.124578,-0.2944812,-3.419901,0.14705,-0.160419,0.9760338,0.0,0.0,0.0,0.0,0.0,0.0,0.0,-1.135105,0.7193689,3.355972,1.11411,-0.2925531,-3.426612,0.07933941,-0.004427216,-0.05032989,0.9955664,9.06354,359.0251,354.1346,0.3126446,-0.08150914,-0.9463657,0,0,0,1.141214,-0.4155087,-2.641596,0.04002523,0.006275453,0.7940162,0.9948946,-0.100916,0.0008288868,0.099511,0.9823443,0.158421,-0.01680147,-0.1575297,0.9873713,moving,9.39897113471861,0.6777904164660948,2.885756341708454,0.45282386584729656,0.027104000000000017,-0.1229556,0.7850160000000002,0.16329711916374487,0.011670611347288418,0.9865078735149773,9.33881560143927,0.7266064572093487,6.516494471250446,6.517098809192909,6.458864506779078
05/17/2023 16:15:44.747565,2261,True,True,True,True,Eyes,1.123896,-0.2944648,-3.419757,0.1419544,-0.1605931,0.9767593,0.0,0.0,0.0,0.0,0.0,0.0,0.0,-1.114987,0.7231259,3.361541,1.113687,-0.2923946,-3.426408,0.07951404,-0.007254822,-0.04976797,0.9955643,9.06765,358.7025,354.1735,0.3125139,-0.0815109,-0.9464086,0,0,0,1.139233,-0.4155004,-2.641522,0.04288448,0.006394826,0.7937089,0.994941,-0.1002482,0.006530778,0.09794071,0.9824013,0.1590448,-0.02235979,-0.1576006,0.9872497,moving,9.4231876894932,0.6670383970363358,3.0927118132514946,0.4616158553887349,0.025545999999999847,-0.12310579999999999,0.7848859999999998,0.1637144121647216,0.011484679693672464,0.986440884678526,9.363115245793153,0.7156336873173713,6.333238230104215,6.333807957326711,6.275546531240761
05/17/2023 16:15:44.767507,2262,True,True,True,True,Eyes,1.107231,-0.294048,-3.416395,0.01473286,-0.1639634,0.9863564,0.0,0.0,0.0,0.0,0.0,0.0,0.0,-1.094954,0.7258335,3.367221,1.113253,-0.2925796,-3.426222,0.07942739,-0.01003032,-0.04901922,0.9955842,9.042668,358.3893,354.2351,0.3123805,-0.08151282,-0.9464524,0,0,0,1.135519,-0.4154848,-2.641382,0.04390983,0.006270774,0.7934783,0.994993,-0.09919889,0.01218512,0.09601216,0.9825768,0.1591366,-0.027759,-0.1571699,0.9871814,moving,2.4612155966686906,-0.15636988621766407,3.1674269092083707,0.4527929810798561,0.022265999999999897,-0.12290519999999999,0.78484,0.042942946560285036,-0.0027266483954416637,0.9990738062093052,2.405170475500585,-0.09168836812376296,0.9320880142155866,0.9326380953259168,0.9367469297304929
05/17/2023 16:15:44.777293,2263,True,True,True,True,Eyes,1.107216,-0.2940399,-3.416386,0.01452557,-0.1639735,0.9863578,0.0,0.0,0.0,0.0,0.0,0.0,0.0,-1.074309,0.7315352,3.372496,1.112713,-0.292519,-3.426269,0.07995589,-0.01296154,-0.04871957,0.9955227,9.086932,358.0501,354.2415,0.3118713,-0.08152203,-0.9466197,0,0,0,1.13101,-0.4154658,-2.641213,0.04452939,0.006914921,0.7935576,0.9949168,-0.09907557,0.01801618,0.09493017,0.9824669,0.1604588,-0.03359785,-0.1579328,0.9868781,moving,2.778097692957507,-0.08316890847568115,3.211705512666983,0.49925268387866123,0.018297000000000008,-0.12294680000000002,0.785056,0.048467904550970775,-0.0014498648137155068,0.9988236934651555,2.7216145221246335,-0.01878722368515362,0.7253965220602575,0.7261065022114682,0.7131300897027885
05/17/2023 16:15:44.797399,2264,True,True,True,True,Eyes,1.107188,-0.2940387,-3.416376,0.01425114,-0.1639547,0.986365,0.7745855,1.118227,-0.4210356,-2.652352,-0.5406445,-0.3725925,-0.7542402,0.03652951,-0.001191959,0.7834598,1.112384,-0.2923162,-3.426007,0.08020262,-0.01555289,-0.04872119,0.9954657,9.100252,357.7492,354.2169,0.3114121,-0.08153011,-0.9467702,0,0,0,1.126338,-0.4154462,-2.641037,0.04430326,0.006889306,0.793425,0.9947687,-0.09949533,0.0231496,0.0945058,0.9823876,0.1611934,-0.03877988,-0.1581624,0.9866513,moving,3.0566484528011992,-0.041581550308089535,3.19596257748185,0.4974865146964991,0.013954000000000022,-0.12312999999999996,0.78497,0.05332326758438226,-0.0007247024512400391,0.9985771156044342,2.999942516777801,0.022261119526343978,0.5559722203236289,0.5567789543825515,0.5140652102730249
05/17/2023 16:15:44.817615,2265,True,True,True,True,Eyes,1.107143,-0.2940456,-3.416367,0.01381353,-0.1639707,0.9863685,0.7725625,1.117815,-0.4207232,-2.654335,-0.2632243,-0.353021,-0.8978246,0.03979514,-0.00140354,0.7812094,1.112105,-0.2924823,-3.425954,0.07989464,-0.01781452,-0.04834934,0.9954707,9.052703,357.4932,354.2403,0.3109977,-0.0815373,-0.9469049,0,0,0,1.121764,-0.415427,-2.640866,0.04357203,0.006334931,0.7934948,0.99469,-0.09910727,0.02774196,0.09341413,0.9825584,0.1607882,-0.04319337,-0.1573429,0.986599,moving,3.287986704848172,-0.07024663434871843,3.143043591547297,0.4574158502378104,0.009659000000000084,-0.12294470000000002,0.785088,0.05735465947729864,-0.0012240165473957204,0.9983531272458338,3.2315464724410425,-0.007616572021694759,0.5464323662406085,0.5472076422468706,0.4733792493118337
05/17/2023 16:15:44.837443,2266,True,True,True,True,Eyes,1.107085,-0.2940553,-3.416356,0.01331933,-0.1640213,0.9863669,0.7721541,1.117369,-0.420705,-2.654729,0.007859993,-0.3531394,-0.9355378,0.04306697,-0.0002870262,0.7806017,1.111679,-0.2926753,-3.425942,0.08043443,-0.02001249,-0.04792139,0.9954063,9.103118,357.2397,354.2678,0.3106237,-0.08154402,-0.9470265,0,0,0,1.117251,-0.415408,-2.640696,0.04287818,0.007180162,0.7936094,0.9946061,-0.09862188,0.03213206,0.0921831,0.9824677,0.1620479,-0.04755018,-0.1582118,0.9862596,moving,3.5039618374191512,-0.00454372418189291,3.092645300330316,0.5183680463767374,0.00557199999999991,-0.12273269999999997,0.7852459999999999,0.06111755894563326,-7.915469834944566e-05,0.9981305979399742,3.4471102908275526,0.058073352915091435,0.6646921464804222,0.6652954332261066,0.5809618182954512
05/17/2023 16:15:44.847733,2267,True,True,True,True,Eyes,1.107012,-0.2940726,-3.41635,0.01267523,-0.1641105,0.9863605,0.7730542,1.116811,-0.4209389,-2.65384,0.2743732,-0.3699798,-0.8876003,0.04623736,0.0004558712,0.7812703,1.11124,-0.292729,-3.425884,0.08086274,-0.02215052,-0.04751358,0.9953457,9.141189,356.9937,354.2936,0.3102857,-0.08155039,-0.9471363,0,0,0,1.112695,-0.4153889,-2.640525,0.04208411,0.00770501,0.793729,0.9945036,-0.09816719,0.0364107,0.09100258,0.9824073,0.1630777,-0.05177901,-0.1588679,0.9859411,moving,3.7056042220817953,0.044983902792687616,3.0350235362269737,0.5561730616899384,0.001454999999999984,-0.12265989999999999,0.7853590000000001,0.06462989485903464,0.0007834756730651232,0.9979089720422567,3.6484529115825417,0.10744585927424895,0.842779093432566,0.8432038972962599,0.7600340128816166
05/17/2023 16:15:44.867708,2268,True,True,True,True,Eyes,1.106939,-0.2940903,-3.416344,0.01197473,-0.1642589,0.9863446,0.7758498,1.11623,-0.4215305,-2.651089,0.5638148,-0.410765,-0.716509,0.04940109,0.001585871,0.7839285,1.110882,-0.2929119,-3.425954,0.08148648,-0.02430429,-0.04691339,0.995273,9.202381,356.7464,354.3407,0.3099798,-0.08155666,-0.9472358,0,0,0,1.107771,-0.4153682,-2.64034,0.04082787,0.008650862,0.7940106,0.9944169,-0.0973442,0.0407332,0.08942233,0.9823182,0.164483,-0.05602443,-0.1599222,0.9855385,moving,3.9034072758710137,0.11217107418817089,2.9435453795485573,0.6242212269193799,-0.003110999999999864,-0.12245630000000002,0.7856139999999998,0.06807449287532069,0.0019532118531090242,0.9976783543408007,3.845829252317633,0.17470600988652385,1.0876164734695741,1.0879017505840296,1.0080575962727814
05/17/2023 16:15:44.877687,2269,True,True,True,True,Eyes,1.106856,-0.2941136,-3.416337,0.01115181,-0.1644274,0.9863261,0.7753559,1.115503,-0.4216033,-2.651583,0.5153607,-0.4156068,-0.7494494,0.05206956,0.00281781,0.7832682,1.11056,-0.2928992,-3.425947,0.0823274,-0.0263515,-0.04649936,0.9951711,9.288692,356.5083,354.3659,0.3097026,-0.08156287,-0.9473258,0,0,0,1.103706,-0.4153512,-2.640187,0.04024515,0.009812832,0.7941939,0.9942868,-0.09688856,0.04479216,0.08821075,0.98212,0.1663103,-0.06010485,-0.1614091,0.9850556,moving,4.0828772318518585,0.20291425538580893,2.9009370896311513,0.7078941935979266,-0.006853999999999916,-0.12245199999999995,0.7857599999999998,0.0711989097758842,0.003532526412096934,0.9974558360058451,4.024699657882811,0.2658758709988812,1.2851048177607631,1.285296556359434,1.2075688416470678
05/17/2023 16:15:44.897496,2270,True,True,True,True,Eyes,1.106775,-0.294141,-3.416331,0.01024941,-0.1645977,0.9863075,0.0,0.0,0.0,0.0,0.0,0.0,0.0,-0.9652535,0.7646406,3.396898,1.11029,-0.293043,-3.425885,0.08275241,-0.0282724,-0.04592062,0.99511,9.328747,356.289,354.4129,0.3094511,-0.08156916,-0.9474074,0,0,0,1.099147,-0.415332,-2.640016,0.03891748,0.01040503,0.7943837,0.9941839,-0.09607138,0.04866822,0.08671294,0.9820867,0.1672921,-0.06386838,-0.1620989,0.9847054,moving,4.244078204010847,0.24365982622617072,2.804722705085977,0.7504310760438573,-0.011142999999999903,-0.12228899999999998,0.7858689999999999,0.07400475133323636,0.004240992023007928,0.9972488398457301,4.185652777423949,0.3065113652701502,1.5258304859125058,1.5259624346382326,1.4505283776268458
05/17/2023 16:15:44.917265,2271,True,True,True,True,Eyes,1.106685,-0.2941682,-3.416321,0.009266078,-0.1647828,0.9862863,0.0,0.0,0.0,0.0,0.0,0.0,0.0,-0.9536713,0.7694871,3.398992,1.110036,-0.293136,-3.425878,0.08318877,-0.02987145,-0.04543256,0.9950494,9.371756,356.1059,354.4522,0.3092227,-0.08157565,-0.9474814,0,0,0,1.094584,-0.4153129,-2.639844,0.03707843,0.01096243,0.7946815,0.9940872,-0.09538521,0.05188819,0.08544532,0.982031,0.1682681,-0.0670061,-0.1628396,0.9843747,moving,4.364810752356586,0.28331797906155776,2.671382099565572,0.7903306359300105,-0.015452000000000021,-0.12217689999999998,0.7860339999999999,0.07610572658335546,0.004930469985786223,0.9970875116016503,4.306134506056358,0.34619771463510224,1.7676128474961754,1.7676997585332177,1.6940098825878684
05/17/2023 16:15:44.935293,2272,True,True,True,True,Eyes,1.106605,-0.2941937,-3.416308,0.008184218,-0.1649392,0.9862698,0.0,0.0,0.0,0.0,0.0,0.0,0.0,-0.9427171,0.7735699,3.400933,1.109751,-0.2931486,-3.425783,0.0835348,-0.03136832,-0.04494637,0.9949964,9.405104,355.9352,354.4926,0.309015,-0.08158232,-0.9475486,0,0,0,1.089928,-0.4152933,-2.639669,0.03502971,0.01127962,0.7949422,0.9939917,-0.09468365,0.05491358,0.08420226,0.9820036,0.1690534,-0.06993192,-0.1634139,0.984076,moving,4.468604990352709,0.31324688815972385,2.5231481735868106,0.8129286045293824,-0.019822999999999924,-0.1221447,0.786114,0.07791167102214522,0.005450543722028342,0.9969453859688718,4.40974281695837,0.376100451194983,2.00854666151195,2.0086025100987577,1.9365066960751265
05/17/2023 16:15:44.947776,2273,True,True,True,True,Eyes,1.106516,-0.2942208,-3.416298,0.007033026,-0.1651076,0.9862505,0.0,0.0,0.0,0.0,0.0,0.0,0.0,-0.9324324,0.7762437,3.402963,1.109478,-0.293087,-3.425683,0.08374105,-0.03278408,-0.04462606,0.9949479,9.422299,355.7732,354.5152,0.3088261,-0.08158912,-0.9476097,0,0,0,1.085384,-0.4152742,-2.639499,0.03298797,0.01131295,0.7952228,0.9938675,-0.09429196,0.05776284,0.08331046,0.9819919,0.169562,-0.07271097,-0.1637099,0.9838253,moving,4.561442077957351,0.32660164755201404,2.3754203487175656,0.8150427364321681,-0.02409400000000006,-0.1221872,0.786184,0.07952682860210838,0.005682189080775432,0.9968165468342045,4.502509266423008,0.38926944360441473,2.239886238423715,2.239925377778227,2.1692833288233
05/17/2023 16:15:44.967659,2274,True,True,True,True,Eyes,1.106404,-0.2942482,-3.416286,0.005802882,-0.1652597,0.9862331,0.0,0.0,0.0,0.0,0.0,0.0,0.0,-0.9217833,0.7800586,3.404963,1.109193,-0.2931454,-3.425741,0.08403853,-0.03422885,-0.04412365,0.9948964,9.450687,355.6089,354.558,0.308654,-0.08159606,-0.9476653,0,0,0,1.080661,-0.4152544,-2.639321,0.03079833,0.01163029,0.795674,0.993763,-0.09355,0.06069214,0.08204385,0.9819813,0.1702399,-0.07552449,-0.1641987,0.9835318,moving,4.650925546015564,0.35010810200567843,2.216653854719967,0.8374272382084182,-0.028532000000000002,-0.12210900000000002,0.7864200000000001,0.0810833510176649,0.006090381711877188,0.9966888014107288,4.591848815097347,0.4127255460844322,2.4825393110511698,2.482570967274151,2.412866060744997
05/17/2023 16:15:44.988310,2275,True,True,True,True,Eyes,1.106284,-0.2942799,-3.416275,0.004499829,-0.1654367,0.9862102,0.0,0.0,0.0,0.0,0.0,0.0,0.0,-0.9107467,0.7837623,3.406913,1.108902,-0.2932062,-3.425662,0.08430628,-0.03572017,-0.04357256,0.9948457,9.47578,355.4399,354.6061,0.3084963,-0.08160318,-0.9477161,0,0,0,1.076081,-0.4152351,-2.639149,0.0288222,0.01190187,0.7959889,0.993651,-0.0927188,0.06372523,0.08067306,0.9819878,0.1708563,-0.07841898,-0.1646306,0.9832331,moving,4.741394111282596,0.36832494646232633,2.073734022560718,0.8566402198928127,-0.03282099999999999,-0.12202890000000005,0.7865129999999998,0.0826568295722554,0.006406441436327848,0.9965575320999512,4.682211442703599,0.43082433231177497,2.7119534722911105,2.7119849105821197,2.643004657867951
05/17/2023 16:15:45.017577,2276,True,True,True,True,Eyes,1.106163,-0.2943137,-3.41627,0.003056872,-0.1656419,0.9861813,0.0,0.0,0.0,0.0,0.0,0.0,0.0,-0.8995967,0.7883787,3.40873,1.108669,-0.2934003,-3.425642,0.08474775,-0.03727326,-0.04322625,0.9947664,9.519663,355.2608,354.6289,0.3083514,-0.08161055,-0.9477628,0,0,0,1.071823,-0.4152173,-2.638989,0.02721169,0.01262319,0.7963162,0.9934843,-0.09231768,0.06682972,0.07968238,0.9818986,0.1718308,-0.08148303,-0.1653861,0.982857,moving,4.832146698980547,0.40574228347255253,1.9571478561538544,0.9081755952689071,-0.036845999999999934,-0.12181700000000001,0.7866529999999998,0.08423483686293037,0.007056311999844009,0.9964210157816625,4.772721247368768,0.4683549312592277,2.918533608934943,2.9185711536739127,2.849718536593985
05/17/2023 16:15:45.027729,2277,True,True,True,True,Eyes,1.106029,-0.2943475,-3.416261,0.001527417,-0.1657936,0.9861592,0.0,0.0,0.0,0.0,0.0,0.0,0.0,-0.8896997,0.794018,3.410085,1.108513,-0.2934729,-3.425753,0.08540531,-0.03868124,-0.04300937,0.9946657,9.588577,355.0958,354.6366,0.308218,-0.08161822,-0.9478057,0,0,0,1.066842,-0.4151963,-2.638802,0.02460069,0.01353347,0.7969038,0.9933079,-0.09216707,0.06960335,0.07895274,0.9817123,0.1732268,-0.08429626,-0.1665722,0.9824194,moving,4.901370796115918,0.4708746682090662,1.768178568387163,0.9729357311529089,-0.041671000000000014,-0.12172340000000004,0.7869509999999997,0.08543788854394166,0.008188170128804365,0.9963097608773018,4.84149921901951,0.5340165726004589,3.173106846153553,3.1731622786778777,3.104504767164583
05/17/2023 16:15:45.037766,2278,True,True,True,True,Eyes,1.105886,-0.2943793,-3.416257,-6.499291e-05,-0.1659537,0.9861336,0.0,0.0,0.0,0.0,0.0,0.0,0.0,-0.8803683,0.7947768,3.412146,1.108215,-0.2934508,-3.425669,0.08535797,-0.03994756,-0.042758,0.9946306,9.577594,354.9519,354.6537,0.3080946,-0.08162617,-0.9478453,0,0,0,1.062729,-0.4151791,-2.638648,0.0228054,0.01325604,0.797241,0.993152,-0.09187652,0.07216665,0.07823715,0.9817715,0.1732154,-0.0867656,-0.1663831,0.9822364,moving,4.953736541995805,0.45318016943242906,1.6385220366529114,0.9525917034182447,-0.045485999999999915,-0.12172830000000001,0.7870210000000002,0.08634866126039212,0.00787986224866763,0.996233872284118,4.8940050197498834,0.5159119636030147,3.352557681038819,3.3526197363724375,3.284639804970867
05/17/2023 16:15:45.047445,2279,True,True,True,True,Eyes,1.105735,-0.2944142,-3.416251,-0.001726007,-0.1661152,0.9861048,0.0,0.0,0.0,0.0,0.0,0.0,0.0,-0.8690224,0.7976115,3.414344,1.107873,-0.293431,-3.425733,0.08560269,-0.04151435,-0.0425383,0.9945549,9.598402,354.7711,354.6624,0.30798,-0.08163431,-0.9478819,0,0,0,1.055669,-0.4151494,-2.638382,0.01861164,0.01330519,0.798084,0.9929342,-0.09172082,0.07529381,0.07750586,0.9817253,0.173805,-0.08985937,-0.1667412,0.9818975,moving,5.035497872722886,0.47030943908747413,1.3359184912725588,0.955113268702962,-0.05220400000000014,-0.1217184,0.7873510000000001,0.08776998521686077,0.008176677737671695,0.9961071664185791,4.975665861551873,0.532942594882837,3.731117596583369,3.7312092346667227,3.664149150524432
05/17/2023 16:15:45.067527,2280,True,True,True,True,Eyes,1.105538,-0.2944471,-3.416252,-0.00343945,-0.1662498,0.9860777,0.0,0.0,0.0,0.0,0.0,0.0,0.0,-0.8566402,0.8004831,3.416665,1.10757,-0.2935363,-3.425687,0.0857707,-0.04320448,-0.0421145,0.9944864,9.610912,354.5784,354.6941,0.307873,-0.08164271,-0.9479161,0,0,0,1.052829,-0.4151375,-2.638276,0.01872,0.01363397,0.7982876,0.9927195,-0.09117594,0.07870815,0.07635324,0.9817395,0.1742347,-0.09315691,-0.1669565,0.9815536,moving,5.126733316629448,0.47932799111422003,1.343351005077368,0.9784606431061885,-0.05474099999999993,-0.12160119999999996,0.7874110000000001,0.08935592488461148,0.008332289256777883,0.9959649330661141,5.066861164909356,0.5417288923386163,3.8160663102330834,3.816164975423585,3.7490348801392264
05/17/2023 16:15:45.087753,2281,True,True,True,True,Eyes,1.105335,-0.2944841,-3.416254,-0.005239582,-0.1663992,0.9860446,0.0,0.0,0.0,0.0,0.0,0.0,0.0,-0.8434004,0.8027787,3.419363,1.107209,-0.2935973,-3.425742,0.08588813,-0.04502283,-0.04182246,0.9944079,9.616329,354.37,354.7094,0.3077718,-0.08165132,-0.9479483,0,0,0,1.049289,-0.4151226,-2.638143,0.01843081,0.01382342,0.7986895,0.9924477,-0.09091101,0.08235803,0.07544331,0.9817482,0.1745816,-0.09672624,-0.1670497,0.9811924,moving,5.2291582562960945,0.4826014051393679,1.32194080276464,0.9915549835635513,-0.057920000000000194,-0.1215253,0.7875990000000002,0.0911361799751661,0.008387831976655463,0.995803163854986,5.169289897687842,0.5446586471221728,3.940119309353265,3.940226132364944,3.8732171890730718
05/17/2023 16:15:45.097391,2282,True,True,True,True,Eyes,1.105089,-0.2945227,-3.416258,-0.007182205,-0.1665124,0.9860132,0.0,0.0,0.0,0.0,0.0,0.0,0.0,-0.8292875,0.8066142,3.421844,1.106878,-0.2937272,-3.42577,0.08621822,-0.04698209,-0.04153843,0.9943007,9.645433,354.1437,354.721,0.3076756,-0.08166021,-0.9479789,0,0,0,1.044811,-0.4151038,-2.637975,0.01738974,0.01436794,0.7991856,0.9921345,-0.09070479,0.08626591,0.07450195,0.9816819,0.1753568,-0.1005914,-0.1675505,0.9807182,moving,5.338563960191947,0.5125503405820341,1.2465208399758658,1.029965562996177,-0.062067000000000094,-0.1213766,0.787795,0.09303706614076745,0.00890677157248465,0.9956228039477283,5.278511018364467,0.5745606541268611,4.124493604929365,4.124625487252587,4.05762719204764
05/17/2023 16:15:45.117538,2283,True,True,True,True,Eyes,1.104832,-0.2945592,-3.416264,-0.009229397,-0.1666579,0.9859716,0.0,0.0,0.0,0.0,0.0,0.0,0.0,-0.8139651,0.8109047,3.424369,1.106552,-0.2938789,-3.425725,0.08659742,-0.04911393,-0.04123105,0.9941774,9.679481,353.8973,354.7331,0.3075827,-0.08166945,-0.9480084,0,0,0,1.039995,-0.4150836,-2.637794,0.01627694,0.01499687,0.7996657,0.9917756,-0.09048823,0.09051491,0.07347567,0.9816018,0.1762364,-0.1047969,-0.1681363,0.9801774,moving,5.46147917846777,0.5464716833893063,1.1660762757368397,1.0743947649415468,-0.06655699999999998,-0.1212047,0.7879309999999999,0.09517222276032639,0.009494292900543308,0.9954155613738069,5.4012169049591865,0.6084325934054903,4.327558884715115,4.327723290232973,4.260696761633295
05/17/2023 16:15:45.137480,2284,True,True,True,True,Eyes,1.104532,-0.2945912,-3.41627,-0.01145211,-0.1667735,0.9859287,0.0,0.0,0.0,0.0,0.0,0.0,0.0,-0.7976902,0.8158973,3.426864,1.106072,-0.2938541,-3.425734,0.08714698,-0.05139053,-0.04110921,0.9940193,9.731213,353.6312,354.7209,0.3074926,-0.08167894,-0.9480369,0,0,0,1.035516,-0.4150648,-2.637625,0.01591811,0.01577665,0.8001764,0.9913381,-0.09068376,0.09500128,0.07276963,0.9814309,0.1774768,-0.1093314,-0.1690263,0.9795288,moving,5.591805759549862,0.6027351661272262,1.139649005696771,1.1295238843763014,-0.07055599999999984,-0.1212107,0.788109,0.0974352221751291,0.010469465638983669,0.9951867766295478,5.531176793884508,0.6648893453187155,4.483006013222202,4.483213815395625,4.41603912678662
05/17/2023 16:15:45.148117,2285,True,True,True,True,Eyes,1.104222,-0.2946281,-3.416281,-0.0137935,-0.1669172,0.9858744,0.0,0.0,0.0,0.0,0.0,0.0,0.0,-0.7798433,0.8201396,3.429735,1.105697,-0.2938593,-3.425631,0.08757658,-0.05390441,-0.04100921,0.9938526,9.767776,353.3381,354.7044,0.3074039,-0.08168856,-0.948065,0,0,0,1.030992,-0.4150458,-2.637455,0.01579148,0.01638331,0.8006057,0.9908251,-0.09095574,0.09996318,0.07207268,0.9812972,0.1784976,-0.114329,-0.1696553,0.9788493,moving,5.743347110132365,0.6441955984597728,1.129979273580914,1.1723168107612738,-0.07470500000000002,-0.12118650000000003,0.788176,0.10006626576682204,0.011186665390731862,0.9949178588438189,5.682462634910029,0.7062844996303902,4.643250552602604,4.643498122128427,4.576274780888537
05/17/2023 16:15:45.167636,2286,True,True,True,True,Eyes,1.103859,-0.2946652,-3.416297,-0.01629708,-0.1670562,0.9858127,0.0,0.0,0.0,0.0,0.0,0.0,0.0,-0.761534,0.8248934,3.432641,1.105219,-0.2940068,-3.425705,0.08808449,-0.05648803,-0.04102914,0.9936634,9.812086,353.0351,354.6725,0.3073161,-0.08169843,-0.9480927,0,0,0,1.02645,-0.4150267,-2.637285,0.01588029,0.01729631,0.8011903,0.9902514,-0.09148973,0.1050321,0.07158687,0.9811155,0.179688,-0.1194882,-0.1704173,0.9781005,moving,5.894392195815416,0.6952864455420649,1.1355035993763134,1.2367244753122455,-0.07876899999999987,-0.12101990000000001,0.7884199999999999,0.10268770101172786,0.012070591643433742,0.9946404300723751,5.833183404112782,0.7574284823520504,4.789292184233141,4.789590359665381,4.722067364692775
05/17/2023 16:15:45.177509,2287,True,True,True,True,Eyes,1.103481,-0.2947017,-3.416311,-0.0189448,-0.1672445,0.9857334,0.0,0.0,0.0,0.0,0.0,0.0,0.0,-0.7418287,0.830477,3.435464,1.104789,-0.2941505,-3.425687,0.08869158,-0.05927482,-0.0410014,0.9934481,9.866918,352.7082,354.643,0.3072278,-0.08170854,-0.9481205,0,0,0,1.021991,-0.415008,-2.637117,0.01631536,0.01837121,0.8016863,0.9896108,-0.09197988,0.1105,0.07095117,0.9809054,0.1810817,-0.1250459,-0.1713603,0.9772406,moving,6.059876379132322,0.7549904186848743,1.1658827699059118,1.312743658367991,-0.08279799999999993,-0.1208575,0.78857,0.10555865635374778,0.013103069937168726,0.9943267288622301,5.9982856753423865,0.8172358039940432,4.925314170647082,4.925673773558898,4.8577408199920615
05/17/2023 16:15:45.197609,2288,True,True,True,True,Eyes,1.103052,-0.2947354,-3.416333,-0.02181224,-0.1674067,0.9856466,0.0,0.0,0.0,0.0,0.0,0.0,0.0,-0.7203145,0.8372288,3.438081,1.104105,-0.2941681,-3.425584,0.089498,-0.06230474,-0.04106674,0.9931877,9.942473,352.3506,354.5982,0.3071387,-0.08171889,-0.9481485,0,0,0,1.017472,-0.414989,-2.636948,0.01734059,0.019658,0.8020988,0.9888633,-0.09272626,0.1164098,0.07042166,0.9806073,0.1828939,-0.1311114,-0.1726593,0.9762164,moving,6.240621087596727,0.8399484701399083,1.2384856786616119,1.403935532668329,-0.08663299999999996,-0.12082090000000001,0.7886360000000003,0.10869261058757082,0.014572490620469183,0.993968589056537,6.178472425455146,0.9025457479485309,5.033383177667223,5.03382956167786,4.965366126955507
05/17/2023 16:15:45.217577,2289,True,True,True,True,Eyes,1.102612,-0.2947666,-3.416362,-0.02485027,-0.1675992,0.985542,0.0,0.0,0.0,0.0,0.0,0.0,0.0,-0.6957184,0.8431331,3.441596,1.103574,-0.294231,-3.425643,0.09014219,-0.06578347,-0.04113948,0.9929021,9.99674,351.9418,354.5489,0.3070475,-0.08172938,-0.9481772,0,0,0,1.01292,-0.4149699,-2.636777,0.01893502,0.02078186,0.8026928,0.9879602,-0.09355468,0.1232163,0.06983522,0.9803638,0.1844173,-0.1380499,-0.1735921,0.9750939,moving,6.463907458683652,0.9057608814770649,1.3513209098305787,1.4830666599943152,-0.09065400000000001,-0.12073889999999998,0.7888660000000001,0.11256342193196783,0.01570738553441521,0.9935204152941961,6.401348638511207,0.9683191404657017,5.144559352040072,5.145077568066665,5.076193955051766
05/17/2023 16:15:45.237437,2290,True,True,True,True,Eyes,1.102122,-0.2947948,-3.416396,-0.02803052,-0.1676951,0.9854404,0.0,0.0,0.0,0.0,0.0,0.0,0.0,-0.6704748,0.8486397,3.44512,1.102934,-0.2942004,-3.425721,0.09074011,-0.06933405,-0.04123318,0.9926022,10.0449,351.5246,354.4963,0.3069541,-0.08173993,-0.9482065,0,0,0,1.008359,-0.4149507,-2.636605,0.02076993,0.02175857,0.8033202,0.9869852,-0.09443904,0.1301592,0.06927352,0.9801322,0.1858554,-0.1451252,-0.1744199,0.9739181,moving,6.687376503871087,0.9717593866442854,1.481058565703841,1.5515226594773432,-0.09457500000000008,-0.12075030000000003,0.7891159999999999,0.11643540390129405,0.01684423430954131,0.9930554904216119,6.624406247011308,1.0342801955288956,5.237906179883082,5.238499014585011,5.169290583563895
05/17/2023 16:15:45.257366,2291,True,True,True,True,Eyes,1.101624,-0.2948158,-3.416432,-0.03137064,-0.167772,0.9853266,0.0,0.0,0.0,0.0,0.0,0.0,0.0,-0.6452367,0.8520693,3.448923,1.102469,-0.2942746,-3.425695,0.09094849,-0.07284313,-0.04103336,0.99234,10.05105,351.1178,354.4817,0.3068575,-0.08175047,-0.9482369,0,0,0,1.003827,-0.4149317,-2.636435,0.02237386,0.02220154,0.8038817,0.9860203,-0.09468804,0.1371065,0.06818814,0.9800893,0.1864817,-0.1520341,-0.1745257,0.9728445,moving,6.895925211651041,0.9912529223321739,1.5942605661356937,1.581988082301206,-0.0986419999999999,-0.12065710000000002,0.7892600000000001,0.12004853013226888,0.017174653317063887,0.9926194897351605,6.8328711967128495,1.053229265219198,5.333859373528945,5.334474298628779,5.265228126628319
05/17/2023 16:15:45.269388,2292,True,True,True,True,Eyes,1.101076,-0.2948277,-3.416473,-0.03482885,-0.1677332,0.985217,0.0,0.0,0.0,0.0,0.0,0.0,0.0,-0.6197805,0.8542421,3.45278,1.101817,-0.2941786,-3.425639,0.09098879,-0.07633563,-0.0407931,0.9920837,10.03845,350.7144,354.4735,0.3067577,-0.08176081,-0.9482683,0,0,0,0.9991818,-0.4149122,-2.636261,0.02405302,0.02221407,0.8044612,0.9850176,-0.0948317,0.1440392,0.06704895,0.9801139,0.1867649,-0.1588861,-0.174309,0.9717879,moving,7.0957397245491745,0.9972438394631531,1.7126072382814292,1.581740802124569,-0.10263520000000004,-0.1207336,0.7893779999999997,0.12350926662295125,0.017271052266807405,0.9921931183370606,7.032695926035968,1.0585449781897927,5.414152966721215,5.4147716539177875,5.345753222489474
05/17/2023 16:15:45.277550,2293,True,True,True,True,Eyes,1.100525,-0.2948419,-3.416511,-0.03840032,-0.1676651,0.9850959,0.0,0.0,0.0,0.0,0.0,0.0,0.0,-0.5944574,0.8546816,3.456936,1.101418,-0.2940463,-3.425592,0.09074978,-0.07980246,-0.04040543,0.9918486,9.99552,350.3174,354.4857,0.3066537,-0.08177073,-0.9483011,0,0,0,0.9943751,-0.414892,-2.63608,0.02529945,0.02172953,0.8051578,0.9839979,-0.09463625,0.1509703,0.06566803,0.9802638,0.186469,-0.1656375,-0.1735711,0.9707921,moving,7.2858427286066005,0.9711478319502479,1.7997402892269243,1.545918359213418,-0.10704290000000005,-0.1208457,0.7895119999999998,0.12680159919882572,0.016812106526808077,0.9917856673927458,7.223035388628313,1.0314217601917668,5.515539596310137,5.516129180356278,5.447645040345044
05/17/2023 16:15:45.297599,2294,True,True,True,True,Eyes,1.09999,-0.294855,-3.416549,-0.04241352,-0.1674499,0.9849678,0.0,0.0,0.0,0.0,0.0,0.0,0.0,-0.570409,0.8552219,3.460519,1.100816,-0.2941143,-3.425443,0.0904552,-0.08302022,-0.03976471,0.9916372,9.950361,349.9522,354.5304,0.3065459,-0.08178034,-0.9483351,0,0,0,0.9902274,-0.4148746,-2.635924,0.02693929,0.02138783,0.8055865,0.9830528,-0.09388353,0.157458,0.06384509,0.9804733,0.186,-0.1718457,-0.1727949,0.969851,moving,7.419571398968172,0.9427709988767063,1.9152910970973385,1.5208107262237187,-0.11058860000000004,-0.12076029999999999,0.7895189999999999,0.12911713603985892,0.01631598673695081,0.9914950814216397,7.357001846673709,1.0022010663596679,5.5340082514066955,5.534548903745876,5.466367336848059
05/17/2023 16:15:45.317205,2295,True,True,True,True,Eyes,1.099451,-0.2948662,-3.416588,-0.04649995,-0.1672204,0.9848224,0.0,0.0,0.0,0.0,0.0,0.0,0.0,-0.5477954,0.8561904,3.463832,1.100402,-0.2940878,-3.425478,0.09027641,-0.08607423,-0.03923421,0.9914142,9.918578,349.6039,354.563,0.3064351,-0.08178966,-0.9483701,0,0,0,0.985684,-0.4148555,-2.635753,0.02779562,0.02112773,0.8063443,0.9821038,-0.09333566,0.1635866,0.06225378,0.9806216,0.1857567,-0.1777543,-0.1722485,0.9688828,moving,7.530877236832201,0.9283674301278529,1.9742700079448097,1.5009132560622533,-0.1147180000000001,-0.12076769999999998,0.7897250000000002,0.13104356819377339,0.016062640630243236,0.9912465091383423,7.468439886848216,0.9872066617811955,5.585503059806199,5.5860265501444335,5.518133481826742
05/17/2023 16:15:45.335465,2296,True,True,True,True,Eyes,1.098942,-0.294879,-3.416622,-0.05088383,-0.1669056,0.984659,0.0,0.0,0.0,0.0,0.0,0.0,0.0,-0.5253898,0.8570151,3.466855,1.099794,-0.2940514,-3.425431,0.09007335,-0.08906015,-0.03864554,0.9911922,9.885303,349.2643,354.6033,0.3063215,-0.08179864,-0.948406,0,0,0,0.9811169,-0.4148363,-2.635582,0.02870182,0.02082039,0.8070177,0.9811496,-0.09265418,0.1695896,0.0605664,0.9807866,0.1854435,-0.1835133,-0.1716764,0.9679102,moving,7.616641496790665,0.914407049230379,2.036882596815958,1.4778559531198636,-0.11867709999999998,-0.12078489999999997,0.7898490000000002,0.13252769860297792,0.015817968964156673,0.9910530715903543,7.554326421792469,0.9727563863133032,5.607632288480814,5.60813552342855,5.540515493540254
05/17/2023 16:15:45.347661,2297,True,True,True,True,Eyes,1.098431,-0.2948865,-3.416657,-0.05529916,-0.1665973,0.9844731,0.0,0.0,0.0,0.0,0.0,0.0,0.0,-0.5045766,0.8582559,3.469491,1.099423,-0.2940641,-3.4254,0.08996452,-0.09187083,-0.03815572,0.9909644,9.862973,348.9432,354.633,0.3062062,-0.08180735,-0.9484425,0,0,0,0.9765872,-0.4148173,-2.635412,0.02914156,0.02069052,0.8077589,0.9802077,-0.09215215,0.1752161,0.05909169,0.9809011,0.185314,-0.1889468,-0.1712925,0.9669323,moving,7.681126871594972,0.9108174418396422,2.066166730244394,1.4672946395949749,-0.12283580000000005,-0.1207532,0.7899879999999997,0.13364315979288216,0.015753497631060293,0.9909042714816443,7.618854479003098,0.9688820277563123,5.641966968342199,5.642467922866494,5.5750117817682545
05/17/2023 16:15:45.367632,2298,True,True,True,True,Eyes,1.097957,-0.2948943,-3.416682,-0.05985653,-0.1662246,0.9842695,0.0,0.0,0.0,0.0,0.0,0.0,0.0,-0.4847906,0.8600726,3.471669,1.098892,-0.293936,-3.425386,0.08996228,-0.09450841,-0.03762271,0.9907369,9.85449,348.6419,354.6682,0.3060892,-0.08181567,-0.9484795,0,0,0,0.972067,-0.4147983,-2.635242,0.02948339,0.02060655,0.808533,0.9793054,-0.09155278,0.1804967,0.05754402,0.9809827,0.1853692,-0.1940352,-0.1711466,0.9659499,moving,7.716695655972463,0.9219920582232286,2.088381868542683,1.459943884875704,-0.12682499999999997,-0.12086230000000003,0.7901440000000002,0.13425786653420457,0.015945419627239957,0.9908180657041158,7.654352999566637,0.9800587907029934,5.653447880813439,5.653963942011912,5.5866201172982235
05/17/2023 16:15:45.387900,2299,True,True,True,True,Eyes,1.097482,-0.2948982,-3.416712,-0.06440744,-0.1658691,0.9840423,0.0,0.0,0.0,0.0,0.0,0.0,0.0,-0.4666626,0.8594462,3.474079,1.098526,-0.2938999,-3.425275,0.08965234,-0.09694828,-0.03727712,0.9905423,9.80997,348.3639,354.6876,0.3059718,-0.08182365,-0.9485167,0,0,0,0.9675598,-0.4147794,-2.635073,0.02937482,0.02006294,0.8092701,0.9784229,-0.0912324,0.1853788,0.05646583,0.9811458,0.1848368,-0.1987467,-0.1703809,0.9651269,moving,7.732693757573515,0.8967660611665184,2.078804877450252,1.420151775690675,-0.13096619999999992,-0.12087950000000003,0.7902019999999998,0.13453545865794458,0.01550859675050506,0.990787474003371,7.670535228747457,0.9544676187701586,5.677569705274131,5.678062352154074,5.6110881347226345
05/17/2023 16:15:45.397578,2300,True,True,True,True,Eyes,1.097049,-0.2949046,-3.41673,-0.06890396,-0.1654514,0.9838079,0.0,0.0,0.0,0.0,0.0,0.0,0.0,-0.4500139,0.8615259,3.475663,1.098044,-0.2938051,-3.425339,0.08975863,-0.09918079,-0.03694763,0.990324,9.814055,348.1066,354.702,0.305854,-0.08183121,-0.9485541,0,0,0,0.9629203,-0.4147599,-2.634898,0.02894148,0.02015981,0.8102109,0.9775961,-0.09098492,0.1898095,0.0553756,0.9811565,0.1851092,-0.2030749,-0.1704512,0.9642131,moving,7.726615946553582,0.9230061205811088,2.0457882099907545,1.4253495481295435,-0.13512370000000007,-0.12095480000000003,0.790441,0.13442938202243865,0.015962581553766605,0.990794551260379,7.664268687019992,0.9810480041948775,5.7024595966509875,5.7029950632718105,5.636020469506956
05/17/2023 16:15:45.417615,2301,True,True,True,True,Eyes,1.096615,-0.2949001,-3.416747,-0.07335735,-0.1650063,0.9835607,0.0,0.0,0.0,0.0,0.0,0.0,0.0,-0.4351975,0.8606985,3.477533,1.097761,-0.2938199,-3.425205,0.08947226,-0.101184,-0.03673014,0.9901553,9.773275,347.8779,354.7109,0.3057368,-0.08183845,-0.9485912,0,0,0,0.958335,-0.4147406,-2.634726,0.02798712,0.01965949,0.8110163,0.9768254,-0.09084342,0.193803,0.05463077,0.9812913,0.1846159,-0.2069484,-0.1697499,0.963513,moving,7.69882754064141,0.9051074145076161,1.976418703456153,1.3886098898165924,-0.13942599999999994,-0.12092069999999999,0.7904789999999999,0.13394949344575607,0.015654092636627148,0.9908645280827001,7.636600556383259,0.963036655686399,5.742269067516125,5.742798755269581,5.676158136082306
05/17/2023 16:15:45.447396,2302,True,True,True,True,Eyes,1.087301,-0.2950163,-3.416846,-0.1831448,-0.1514299,0.9713532,0.7968101,0.9413689,-0.4156772,-2.642862,-0.8303733,-0.063688,-0.5535557,0.0131716,0.01543774,0.8067363,1.097347,-0.2935665,-3.425163,0.08901221,-0.102908,-0.03689708,0.9900129,9.709479,347.6792,354.6808,0.3056203,-0.08184511,-0.9486282,0,0,0,0.9538268,-0.4147217,-2.634557,0.02688201,0.01858412,0.8119521,0.9760971,-0.0913773,0.197192,0.05473702,0.9814308,0.1838405,-0.2103292,-0.1686525,0.9629735,moving,1.5253019587218453,1.1424557035188339,1.8962489589576108,1.3111681872231076,-0.1435202000000001,-0.12115520000000002,0.7906059999999999,0.026613110196946455,0.01993123105721681,0.9994471271285336,1.459746825112868,1.2263590864962044,0.40730446020230515,0.4075114466387145,0.4446647011143562
05/17/2023 16:15:45.457614,2303,True,True,True,True,Eyes,1.087353,-0.2950178,-3.416832,-0.1832922,-0.1514491,0.9713224,0.7919492,0.9421949,-0.4149578,-2.647594,-0.473959,-0.017007,-0.8803827,0.01558237,0.01459858,0.8017078,1.097113,-0.2937089,-3.425084,0.08842538,-0.104373,-0.03706901,0.9899057,9.632472,347.5115,354.6545,0.3052796,-0.08186053,-0.9487361,0,0,0,0.9493052,-0.4147027,-2.634387,0.02513739,0.01765397,0.8128625,0.9754643,-0.09184807,0.2000831,0.0549312,0.9816137,0.1828036,-0.2131944,-0.1673275,0.9625745,moving,1.6885080773796386,1.0793094957046234,1.7712805014507083,1.2441698098307206,-0.14780780000000004,-0.12099379999999998,0.7906970000000002,0.029460537549694008,0.018828214850799135,0.9993886332484605,1.62344648498587,1.1618378997027867,0.18435272344299813,0.18447275506251978,0.1692141833577795
05/17/2023 16:15:45.477335,2304,True,True,True,True,Eyes,1.087395,-0.2950208,-3.416818,-0.1835361,-0.1514339,0.9712787,0.7904764,0.9423138,-0.4147257,-2.649045,-0.1475977,-0.002872493,-0.9890434,0.0177467,0.01509218,0.8001081,1.096647,-0.2936039,-3.425078,0.08876586,-0.1055506,-0.03727057,0.9897427,9.662422,347.37,354.6151,0.3049744,-0.08187444,-0.9488328,0,0,0,0.9445281,-0.4146826,-2.634207,0.02290353,0.01798026,0.8138971,0.97494,-0.09251512,0.2023191,0.05503797,0.9814631,0.1835786,-0.2155525,-0.1678428,0.9619594,moving,1.8101369643066916,1.1223531958634945,1.6119106162353494,1.265547537600304,-0.15211889999999995,-0.12107870000000004,0.7908710000000001,0.03158154115733415,0.019577735616240405,0.9993094403999087,1.7448006469984823,1.2049474174427046,0.2445367547275893,0.24453691863426086,0.14605524584670654
05/17/2023 16:15:45.497629,2305,True,True,True,True,Eyes,1.087471,-0.2950393,-3.416807,-0.1837724,-0.1514688,0.9712286,0.7909114,0.9421235,-0.4148377,-2.648651,0.2135955,-0.01190548,-0.9768496,0.01994781,0.01459651,0.8004126,1.09645,-0.2936487,-3.425032,0.0883856,-0.106871,-0.03711105,0.9896411,9.613895,347.2208,354.6258,0.3047009,-0.08188704,-0.9489193,0,0,0,0.9389191,-0.4146591,-2.633997,0.0198127,0.01727691,0.8151724,0.9744027,-0.09234495,0.2049677,0.05456151,0.9816215,0.1828722,-0.2180881,-0.1670078,0.9615332,moving,1.9481788410654755,1.0835110159575638,1.392295226358539,1.2141552487073846,-0.15753089999999992,-0.12101040000000002,0.7910349999999999,0.03398951359041315,0.018898782167870415,0.9992435312933571,1.88315608359693,1.1651185748474986,0.5709818775583562,0.5710293413218265,0.4933041420382044
05/17/2023 16:15:45.497629,2306,True,True,True,True,Eyes,1.087535,-0.2950586,-3.416796,-0.1840942,-0.1515051,0.971162,0.7920138,0.9417298,-0.4150527,-2.647622,0.3996263,-0.02713419,-0.9162765,0.02108924,0.01599149,0.8016351,1.095976,-0.2939137,-3.425345,0.08900714,-0.1074174,-0.03662902,0.9895442,9.68805,347.1571,354.6673,0.3044567,-0.08189887,-0.9489965,0,0,0,0.9357349,-0.4146457,-2.633877,0.01804398,0.01860048,0.8160904,0.9742396,-0.0916139,0.206068,0.05337024,0.9814721,0.1840222,-0.219109,-0.1682838,0.9610784,moving,1.9863030551961762,1.1576987531688194,1.266618844306737,1.3056697095519492,-0.16024110000000003,-0.120732,0.7914680000000001,0.034653519609231964,0.02019214617463791,0.9991954317625776,1.920761358116259,1.2400615420421603,0.7346515645502141,0.7347385707423375,0.6574244139192226
05/17/2023 16:15:45.523817,2307,True,True,True,True,Eyes,1.087583,-0.2950819,-3.416788,-0.1844866,-0.1515464,0.9710811,0.7919611,0.9414769,-0.4151008,-2.647729,0.3827451,-0.03033434,-0.9233558,0.02295646,0.01617992,0.8014522,1.095757,-0.29395,-3.425312,0.08907633,-0.1086368,-0.03638128,0.989414,9.692597,347.017,354.6828,0.3042387,-0.08191003,-0.9490654,0,0,0,0.9279258,-0.4146129,-2.633584,0.01266585,0.01855069,0.8179584,0.9737489,-0.09134623,0.2084921,0.05263835,0.9814836,0.1841714,-0.221455,-0.168362,0.9605269,moving,2.101501932183279,1.169355911860458,0.8871377265920217,1.299203077537552,-0.16783120000000007,-0.12066290000000002,0.791728,0.0366622803850709,0.020393975365581837,0.9991196538330556,2.03590762718719,1.251428709236964,1.221073493554895,1.221286498023973,1.1497628776317113
05/17/2023 16:15:45.528234,2308,True,True,True,True,Eyes,1.087677,-0.2951071,-3.416774,-0.1849487,-0.151648,0.9709773,0.8013631,0.939466,-0.4166323,-2.638668,0.928836,-0.1352794,-0.3449104,0.02503601,0.01666005,0.810782,1.095453,-0.2940648,-3.425381,0.08917067,-0.1097191,-0.0359817,0.9893007,9.702793,346.8941,354.7168,0.3040437,-0.0819207,-0.949127,0,0,0,0.9255321,-0.4146028,-2.633494,0.01237956,0.01888631,0.8185217,0.9733341,-0.09076089,0.2106733,0.05162598,0.9815078,0.184329,-0.2235074,-0.1685374,0.9600207,moving,2.195764025802659,1.1805179833582051,0.866491951488853,1.3217900991999667,-0.16992090000000004,-0.12053799999999998,0.791887,0.038305812499428216,0.020587347567665615,0.9990539927851079,2.1301150964785616,1.2623731432995116,1.3365186218926952,1.3367580402843804,1.2650192991421747
05/17/2023 16:15:45.547679,2309,True,True,True,True,Eyes,1.087753,-0.2951324,-3.416761,-0.1854498,-0.1517509,0.9708656,0.0,0.0,0.0,0.0,0.0,0.0,0.0,-0.364692,0.8679116,3.483355,1.095326,-0.2940168,-3.42547,0.08969167,-0.1105965,-0.03560561,0.9891694,9.762517,346.7916,354.744,0.3038707,-0.08193097,-0.9491816,0,0,0,0.9222282,-0.414589,-2.63337,0.01071098,0.01970364,0.8194029,0.9730012,-0.09027914,0.2124103,0.05060079,0.9813753,0.1853162,-0.2251844,-0.1695648,0.9594476,moving,2.26308983549338,1.2391469126627885,0.7489099663465801,1.3774882845494085,-0.17309779999999997,-0.12057219999999996,0.7920999999999996,0.03947887863770891,0.021608648233694794,0.9989867174778809,2.1970406545449714,1.3214597215321877,1.5201707303401295,1.520486439040116,1.4492141629088924
05/17/2023 16:15:45.567308,2310,True,True,True,True,Eyes,1.087875,-0.2951626,-3.41674,-0.1861134,-0.1518732,0.9707195,0.0,0.0,0.0,0.0,0.0,0.0,0.0,-0.3584744,0.8693281,3.483553,1.094976,-0.2940416,-3.425484,0.08975092,-0.1113549,-0.03514341,0.9890956,9.771403,346.7073,354.7888,0.303717,-0.08194087,-0.94923,0,0,0,0.917603,-0.4145695,-2.633196,0.007780597,0.01979348,0.8205227,0.97273,-0.08950878,0.2139729,0.04953197,0.9814194,0.1853712,-0.2265895,-0.1697177,0.9590897,moving,2.3080983135937623,1.2429095016666085,0.5432902822778294,1.3818788449177146,-0.177373,-0.12052789999999997,0.7922880000000001,0.04026356067689563,0.021673572438385982,0.9989540110322526,2.2420342256588492,1.3250994259292077,1.7698840399036804,1.7702711277544076,1.6996925862032728
05/17/2023 16:15:45.577599,2311,True,True,True,True,Eyes,1.087978,-0.2951836,-3.416723,-0.1868173,-0.151993,0.9705655,0.0,0.0,0.0,0.0,0.0,0.0,0.0,-0.3513082,0.8706175,3.484002,1.094818,-0.2940727,-3.425574,0.08978048,-0.112267,-0.03467098,0.9890064,9.776315,346.6055,354.8337,0.3035819,-0.08195059,-0.9492725,0,0,0,0.9131888,-0.414551,-2.63303,0.005139321,0.01987422,0.8217108,0.9723881,-0.0887384,0.2158399,0.04842087,0.9814748,0.1853717,-0.228291,-0.1698021,0.9586713,moving,2.368437254850999,1.2440342295388804,0.3583469554014327,1.3855080933151593,-0.18162920000000005,-0.12047829999999998,0.7925439999999999,0.04131553205482211,0.021692249201894345,0.9989106259091101,2.3023811323857473,1.3260119761757654,2.014607684943836,2.0150627449469254,1.9449443871837944
05/17/2023 16:15:45.597618,2312,True,True,True,True,Eyes,1.088106,-0.2952057,-3.4167,-0.1876632,-0.1520988,0.9703857,0.0,0.0,0.0,0.0,0.0,0.0,0.0,-0.3443004,0.8715384,3.484383,1.094452,-0.2938705,-3.425618,0.0898138,-0.1131418,-0.03429928,0.9889167,9.780571,346.5069,354.8673,0.303463,-0.08195988,-0.9493098,0,0,0,0.9085115,-0.4145314,-2.632854,0.002412304,0.01971173,0.8229297,0.9720449,-0.08816164,0.2176145,0.04751487,0.981514,0.1853981,-0.2299367,-0.1698754,0.9582648,moving,2.4170009839987396,1.2447356983282156,0.1679541304887421,1.372150029376194,-0.18594049999999995,-0.12066090000000002,0.792764,0.04216217946163335,0.021703710080216418,0.9988749811422692,2.3509527256167835,1.3265402078531467,2.252130168000168,2.2526531381994044,2.183475010653973
05/17/2023 16:15:45.617662,2313,True,True,True,True,Eyes,1.088212,-0.2952272,-3.416681,-0.1885496,-0.1521922,0.9701992,0.0,0.0,0.0,0.0,0.0,0.0,0.0,-0.3370748,0.8714461,3.485102,1.094271,-0.2938456,-3.425668,0.08968616,-0.1140751,-0.03398963,0.9888317,9.765395,346.4022,354.8956,0.3033594,-0.08196881,-0.9493422,0,0,0,0.9039592,-0.4145122,-2.632684,-0.0002737492,0.01945516,0.8241513,0.9716632,-0.08768196,0.2195053,0.04675813,0.9816022,0.1851238,-0.2316989,-0.1696143,0.9578865,moving,2.4708764782271357,1.2272773647723265,-0.019031303145739236,1.3522900091386698,-0.19031180000000003,-0.12066660000000001,0.7929840000000001,0.04310169073043825,0.021398487569121397,0.9988414559215952,2.4049669905661557,1.3086689728523124,2.492471480856965,2.4930441073099083,2.4243907528954307
05/17/2023 16:15:45.627391,2314,True,True,True,True,Eyes,1.088298,-0.2952416,-3.41667,-0.1896354,-0.1522539,0.969978,0.0,0.0,0.0,0.0,0.0,0.0,0.0,-0.3294866,0.8716037,3.485731,1.093878,-0.293854,-3.425735,0.08959901,-0.1150406,-0.03373592,0.9887365,9.753959,346.2928,354.9165,0.303269,-0.08197741,-0.9493704,0,0,0,0.8991671,-0.4144921,-2.632503,-0.002922267,0.01929948,0.8254099,0.9712551,-0.08732691,0.2214442,0.04609683,0.9816678,0.1849416,-0.233535,-0.1694176,0.9574754,moving,2.51708942170437,1.215068768826712,-0.20284814388689068,1.3394282111556408,-0.1947108999999999,-0.12063809999999997,0.7932320000000002,0.043907515453232904,0.021184912306203604,0.9988110357117969,2.4512792382709585,1.296139686379584,2.7221572955322366,2.7227790273194916,2.6544803742158964
05/17/2023 16:15:45.651663,2315,True,True,True,True,Eyes,1.088359,-0.295253,-3.41666,-0.190765,-0.1522522,0.9697567,0.0,0.0,0.0,0.0,0.0,0.0,0.0,-0.3207209,0.871476,3.486627,1.093707,-0.2937138,-3.425848,0.08943904,-0.116161,-0.03326349,0.9886359,9.736511,346.168,354.9621,0.3031899,-0.08198552,-0.9493951,0,0,0,0.8949869,-0.4144745,-2.632346,-0.004933938,0.01895681,0.8266406,0.9708004,-0.0865496,0.2237317,0.04499231,0.9817885,0.1845731,-0.2356319,-0.1691174,0.9570146,moving,2.5767627732550413,1.2004219499752615,-0.34197505768436653,1.3136965054881118,-0.19872009999999996,-0.1207607,0.7935019999999997,0.044947990482736844,0.020928610117080346,0.9987701168211135,2.5110728474186264,1.2810922980012047,2.9202796009993794,2.9209350644414394,2.853234197039988
05/17/2023 16:15:45.667723,2316,True,True,True,True,Eyes,1.088387,-0.2952614,-3.416659,-0.1921892,-0.1522195,0.9694805,0.0,0.0,0.0,0.0,0.0,0.0,0.0,-0.3115461,0.8670406,3.488442,1.093195,-0.2936713,-3.42589,0.08869184,-0.1173042,-0.0330496,0.9885755,9.648505,346.0425,354.9866,0.3031203,-0.0819931,-0.9494168,0,0,0,0.8903655,-0.4144551,-2.632173,-0.00696665,0.01768531,0.8278618,0.970295,-0.08615188,0.2260656,0.04453619,0.9820829,0.1831108,-0.2377905,-0.1676034,0.9567469,moving,2.6255615078595533,1.1168381341947098,-0.4821459577300037,1.2238027187680847,-0.20282949999999988,-0.1207838,0.793717,0.04579997048514704,0.019470813821895028,0.9987608095884685,2.5604805551064014,1.1963142634323845,3.1089389385107653,3.109547734644706,3.042750681832438
05/17/2023 16:15:45.677344,2317,True,True,True,True,Eyes,1.088397,-0.2952685,-3.416659,-0.1936855,-0.1521491,0.9691938,0.0,0.0,0.0,0.0,0.0,0.0,0.0,-0.3005438,0.8676536,3.489236,1.092943,-0.293645,-3.425955,0.08865356,-0.1187677,-0.03279466,0.9884126,9.640327,345.8747,355.0022,0.3030583,-0.08200014,-0.9494361,0,0,0,0.8857805,-0.4144359,-2.632,-0.008707523,0.0176273,0.8291464,0.9696375,-0.08588766,0.2289683,0.04377094,0.9821301,0.1830425,-0.2405977,-0.1674627,0.9560695,moving,2.704594345283596,1.1183316792980227,-0.6016862379602964,1.2179004539154816,-0.20716250000000003,-0.12079090000000003,0.793955,0.04717758087433663,0.019495598839093492,0.9986962706390019,2.63952368063187,1.197530141559635,3.307128550857321,3.307779502326961,3.2412739294921855
05/17/2023 16:15:45.697514,2318,True,True,True,True,Eyes,1.088384,-0.2952733,-3.416668,-0.1955022,-0.1520639,0.9688423,0.0,0.0,0.0,0.0,0.0,0.0,0.0,-0.2875971,0.8655295,3.490773,1.092539,-0.2936286,-3.426003,0.08818407,-0.1204446,-0.0324321,0.9882637,9.58355,345.6862,355.0346,0.3030028,-0.08200666,-0.9494534,0,0,0,0.881225,-0.4144168,-2.631829,-0.009909347,0.01691519,0.8304039,0.9688825,-0.08534551,0.232342,0.04286032,0.9823434,0.1821108,-0.243782,-0.1664857,0.9554333,moving,2.7897189127805504,1.071519486478977,-0.6836875563779163,1.16694416320678,-0.2113139999999999,-0.12078819999999996,0.7941739999999999,0.048662052203363684,0.018678297963231727,0.9986406100384132,2.725004623171202,1.1498328434217502,3.474087565260964,3.474717019977381,3.4087351279006857
05/17/2023 16:15:45.717249,2319,True,True,True,True,Eyes,1.088352,-0.2952775,-3.416675,-0.1973798,-0.1519738,0.9684757,0.0,0.0,0.0,0.0,0.0,0.0,0.0,-0.274337,0.8642871,3.492194,1.092321,-0.2936043,-3.42612,0.0878796,-0.1222255,-0.03226847,0.9880774,9.542295,345.4825,355.0408,0.3029525,-0.08201266,-0.949469,0,0,0,0.8767088,-0.4143978,-2.63166,-0.0110376,0.01644246,0.8317785,0.9680393,-0.08524974,0.2358651,0.04228522,0.9824719,0.1815517,-0.247208,-0.1657756,0.9546762,moving,2.884465007086229,1.0425690507453054,-0.7602634351639153,1.132466010796072,-0.21561220000000014,-0.1207935,0.7944599999999999,0.05031383913411873,0.018172213432591816,0.9985681203981612,2.819982267652943,1.1201774786319372,3.6452111684523802,3.645836924654411,3.5802667918133317
05/17/2023 16:15:45.735656,2320,True,True,True,True,Eyes,1.088323,-0.2952787,-3.416685,-0.1995936,-0.1518778,0.9680369,0.0,0.0,0.0,0.0,0.0,0.0,0.0,-0.2611247,0.8648208,3.492904,1.091858,-0.293598,-3.426095,0.0877994,-0.1239543,-0.03191769,0.9878806,9.529648,345.2848,355.0656,0.3029063,-0.08201817,-0.9494833,0,0,0,0.8718116,-0.4143772,-2.631476,-0.01243916,0.0163728,0.8330701,0.9672332,-0.08482797,0.2392993,0.04129553,0.9825451,0.1813833,-0.2505088,-0.165558,0.9538532,moving,2.951405481873352,1.03944040151858,-0.8554603124422149,1.1259215562094955,-0.22004639999999998,-0.12077919999999998,0.794619,0.05148051290236211,0.018116606932070692,0.9985096175801155,2.886962788154656,1.1167604701422058,3.8071974932393524,3.807847970448212,3.742434313301842
05/17/2023 16:15:45.747864,2321,True,True,True,True,Eyes,1.088271,-0.2952799,-3.416697,-0.2018722,-0.1517636,0.9675822,0.0,0.0,0.0,0.0,0.0,0.0,0.0,-0.2471074,0.8643638,3.494067,1.091602,-0.2934977,-3.426216,0.08759011,-0.1258166,-0.03161185,0.9876735,9.501083,345.0721,355.086,0.302864,-0.08202317,-0.9494965,0,0,0,0.8676918,-0.4143599,-2.631321,-0.01300806,0.0160435,0.8343709,0.9663417,-0.08448496,0.2429938,0.04040379,0.9826573,0.1809755,-0.2540693,-0.1650663,0.9529963,moving,3.0305796107931533,1.0225286491221175,-0.8931837898767523,1.101562358717049,-0.22391019999999995,-0.12086220000000003,0.7948950000000004,0.052860533734233106,0.017820593532386714,0.9984428274038154,2.9662784926143306,1.0993477632873145,3.9239120768365363,3.924559281204578,3.85946291786878
05/17/2023 16:15:45.767388,2322,True,True,True,True,Eyes,1.088219,-0.2952814,-3.416705,-0.2044989,-0.15163,0.9670515,0.0,0.0,0.0,0.0,0.0,0.0,0.0,-0.2318791,0.8638358,3.495125,1.09104,-0.2935087,-3.426275,0.08734597,-0.1278044,-0.03128434,0.9874503,9.468368,344.8452,355.1084,0.3028244,-0.0820277,-0.9495088,0,0,0,0.8631086,-0.4143407,-2.631149,-0.01353058,0.01577203,0.8356715,0.9653746,-0.08410986,0.2469358,0.03945706,0.9827839,0.1804962,-0.2578661,-0.1645031,0.9520735,moving,3.1037089471730375,1.001939631385182,-0.9276101837584333,1.0812424235434595,-0.2279314,-0.120832,0.7951259999999998,0.05413519905966528,0.017460613174887174,0.9983809733081791,3.0395740259896025,1.0782359050590529,4.031459829200446,4.032099064787245,3.9671853489883158
05/17/2023 16:15:45.777609,2323,True,True,True,True,Eyes,1.088151,-0.2952868,-3.416717,-0.2071815,-0.151503,0.9665002,0.0,0.0,0.0,0.0,0.0,0.0,0.0,-0.2165875,0.8628061,3.496218,1.090782,-0.2934986,-3.426213,0.08706351,-0.1298649,-0.03110356,0.9872121,9.428795,344.6087,355.1139,0.3027875,-0.08203186,-0.9495203,0,0,0,0.85866,-0.414322,-2.630982,-0.01409446,0.01536077,0.8369212,0.9643354,-0.08402459,0.2509924,0.03879863,0.9829051,0.1799788,-0.2618244,-0.1638217,0.9511101,moving,3.1832585920522427,0.9754728694103717,-0.9648181227078202,1.0514830847220673,-0.23212199999999994,-0.12082340000000003,0.7952310000000002,0.05552174181046554,0.016998130114834073,0.998312761267841,3.1193334836193696,1.0511511394383548,4.148149787126486,4.148773069760066,4.084151619816854
05/17/2023 16:15:45.797247,2324,True,True,True,True,Eyes,1.088086,-0.295293,-3.416728,-0.2101812,-0.1513946,0.9658693,0.0,0.0,0.0,0.0,0.0,0.0,0.0,-0.2011127,0.8643878,3.496738,1.090384,-0.2935965,-3.426318,0.08713394,-0.1319401,-0.03089296,0.9869373,9.429823,344.368,355.117,0.3027524,-0.08203577,-0.9495312,0,0,0,0.8541669,-0.4143031,-2.630813,-0.01451284,0.01568893,0.8382963,0.9632749,-0.08397175,0.2550495,0.03798592,0.9829066,0.1801435,-0.2658168,-0.1638394,0.949999,moving,3.244875328269885,0.9873703447243669,-0.9918228459253022,1.0721800217960815,-0.23621710000000007,-0.1207066,0.7955050000000004,0.056595110160870904,0.017204390975086664,0.998248951345377,3.180881702309468,1.0629620378187408,4.236891965209846,4.237546943758127,4.17271473001543
05/17/2023 16:15:45.817425,2325,True,True,True,True,Eyes,1.088001,-0.2953011,-3.41674,-0.2132063,-0.1512972,0.9652213,0.0,0.0,0.0,0.0,0.0,0.0,0.0,-0.1863964,0.8659687,3.497131,1.090153,-0.2935954,-3.426359,0.08722859,-0.1339353,-0.03069593,0.9866664,9.433831,344.1362,355.1188,0.3027191,-0.08203947,-0.9495416,0,0,0,0.8493925,-0.4142831,-2.630634,-0.01549029,0.01593027,0.8397715,0.9622382,-0.08393925,0.2589438,0.03720731,0.9828979,0.1803536,-0.269654,-0.1639085,0.948905,moving,3.2958236159571523,1.000859964392886,-1.056748890365012,1.0867572639388523,-0.24076049999999993,-0.12068770000000001,0.795725,0.05748251164737818,0.017438530587761722,0.9981941622584599,3.2317472922632584,1.0764242718916015,4.352727644111313,4.353420008322296,4.288508631114305
05/17/2023 16:15:45.837516,2326,True,True,True,True,Eyes,1.087954,-0.2953143,-3.416745,-0.2164846,-0.1512227,0.9645031,0.0,0.0,0.0,0.0,0.0,0.0,0.0,-0.1720754,0.8678778,3.497266,1.089616,-0.2936468,-3.426398,0.08735264,-0.1358235,-0.03041596,0.9864058,9.443091,343.9174,355.1306,0.3026868,-0.08204306,-0.9495516,0,0,0,0.8448687,-0.4142641,-2.630464,-0.01612015,0.01630816,0.8410915,0.9612536,-0.08373405,0.2626404,0.03627588,0.9828888,0.1805927,-0.273268,-0.1640679,0.947843,moving,3.3188426532820996,1.0155447038459962,-1.0979822000067088,1.1107848234584292,-0.2447472999999999,-0.12061730000000004,0.7959339999999999,0.057883285182155186,0.017693955504801614,0.9981666024152357,3.2546677098460264,1.0912006023617065,4.417124412456392,4.417851566656976,4.352693968045191
05/17/2023 16:15:45.847395,2327,True,True,True,True,Eyes,1.087888,-0.2953228,-3.416751,-0.2197702,-0.151156,0.9637702,0.0,0.0,0.0,0.0,0.0,0.0,0.0,-0.1577026,0.8710405,3.497186,1.089398,-0.2936884,-3.426493,0.08765931,-0.1377687,-0.03014045,0.9861173,9.472832,343.6905,355.1382,0.3026566,-0.08204667,-0.9495609,0,0,0,0.8402891,-0.4142448,-2.630291,-0.01699121,0.01698749,0.8425841,0.9602227,-0.08359744,0.2664279,0.03529062,0.9828148,0.1811895,-0.2769963,-0.1645799,0.9466713,moving,3.3475799000879594,1.0509876517564423,-1.1552469270962646,1.1549940696305074,-0.24910890000000008,-0.12055640000000001,0.7962019999999996,0.05838326806273389,0.018310879674793792,0.9981263353142876,3.2831598230278454,1.126964979549646,4.503230451226631,4.504027838565048,4.438495252834909
05/17/2023 16:15:45.867779,2328,True,True,True,True,Eyes,1.087839,-0.2953318,-3.416749,-0.223176,-0.1510953,0.9629967,0.0,0.0,0.0,0.0,0.0,0.0,0.0,-0.1441147,0.8725314,3.497273,1.08891,-0.2935805,-3.426527,0.08776867,-0.1395707,-0.02994941,0.9858599,9.479523,343.4809,355.1407,0.3026277,-0.0820502,-0.9495699,0,0,0,0.8357894,-0.4142259,-2.630122,-0.01774541,0.01716404,0.8439646,0.9592461,-0.0835517,0.2699371,0.03455196,0.9827994,0.1814153,-0.2804516,-0.1646951,0.9456334,moving,3.353836774899665,1.0615540652068562,-1.2045378493782894,1.1650861897358784,-0.25312060000000003,-0.12064539999999996,0.796405,0.05849206473648225,0.018494833474034092,0.9981165164281224,3.2893430053728347,1.1376358645681357,4.558726124941267,4.559550209842049,4.493964692457041
05/17/2023 16:15:45.877593,2329,True,True,True,True,Eyes,1.087776,-0.2953413,-3.416753,-0.226583,-0.1510276,0.9622114,0.0,0.0,0.0,0.0,0.0,0.0,0.0,-0.1306797,0.8728578,3.497621,1.088667,-0.2935501,-3.426506,0.08771025,-0.1413853,-0.02980687,0.9856109,9.46632,343.2707,355.1406,0.3026004,-0.08205366,-0.9495784,0,0,0,0.8309566,-0.4142056,-2.629941,-0.01902862,0.01710199,0.8454785,0.9582435,-0.08355782,0.273473,0.03395408,0.982837,0.1813249,-0.2839305,-0.1644678,0.9446342,moving,3.3621292354898644,1.0528989423713344,-1.2893001856394297,1.1587973451242026,-0.2577104,-0.12065550000000003,0.7965649999999997,0.05863668560690495,0.018343901576590688,0.9981108207592511,3.297699383483221,1.12884495839725,4.651803944192365,4.65263475156312,4.587097360270657
05/17/2023 16:15:45.897721,2330,True,True,True,True,Eyes,1.087713,-0.2953523,-3.416753,-0.2300411,-0.1509713,0.9613994,0.0,0.0,0.0,0.0,0.0,0.0,0.0,-0.1170689,0.873222,3.498029,1.088269,-0.2935737,-3.426647,0.08763384,-0.143186,-0.02959448,0.9853641,9.452356,343.0628,355.1489,0.3025742,-0.08205707,-0.9495865,0,0,0,0.8268754,-0.4141885,-2.629788,-0.01943131,0.01713674,0.8468698,0.9572439,-0.08341856,0.2769937,0.0332268,0.9828889,0.1811775,-0.2873677,-0.1642274,0.9436361,moving,3.3651740719789642,1.0419074455142034,-1.3144130747163347,1.159244189301682,-0.2613935999999999,-0.12061480000000002,0.796859,0.05868993501453096,0.018152369650264955,0.998111231495433,3.300823408118189,1.1177090379105818,4.68023290538176,4.681057976030472,4.6154233783357155
05/17/2023 16:15:45.917564,2331,True,True,True,True,Eyes,1.087634,-0.295361,-3.416756,-0.2334861,-0.1509236,0.9605761,0.0,0.0,0.0,0.0,0.0,0.0,0.0,-0.1041634,0.8741807,3.498108,1.088029,-0.2936023,-3.42663,0.08764856,-0.1449169,-0.02936262,0.9851166,9.449476,342.8625,355.1585,0.302549,-0.08206048,-0.9495942,0,0,0,0.8222033,-0.4141689,-2.629612,-0.02070233,0.01728666,0.8483567,0.9562739,-0.08325472,0.2803729,0.03244768,0.9829111,0.1811984,-0.2906673,-0.1641778,0.9426336,moving,3.3604662035165176,1.0408624582673505,-1.3979034613010546,1.1673339915776966,-0.26582569999999994,-0.12056660000000002,0.797018,0.05860794406756013,0.018134253934207048,0.9981164228424474,3.2961217442752493,1.1166690202028766,4.759205703857787,4.760050095933231,4.694298623853203
05/17/2023 16:15:45.927754,2332,True,True,True,True,Eyes,1.087562,-0.2953688,-3.416755,-0.2368941,-0.1508832,0.9597476,0.0,0.0,0.0,0.0,0.0,0.0,0.0,-0.09144866,0.875746,3.497978,1.0876,-0.2935525,-3.426675,0.08773781,-0.1465731,-0.0289777,0.984875,9.458132,342.6717,355.1849,0.3025244,-0.08206384,-0.9496018,0,0,0,0.8179471,-0.414151,-2.629452,-0.02151386,0.01755425,0.8497347,0.9553533,-0.08279882,0.2836275,0.03135882,0.9829248,0.1813163,-0.2937972,-0.1643268,0.9416368,moving,3.3477455923729127,1.0493460638388052,-1.4503233728242348,1.183476905551199,-0.26965289999999986,-0.1205985,0.7972229999999998,0.058386183180198004,0.018282278515540082,0.9981266564262969,3.283337265537348,1.125302903516907,4.799072743252243,4.799943424404761,4.7340180875960405
05/17/2023 16:15:45.947501,2333,True,True,True,True,Eyes,1.087484,-0.295377,-3.416754,-0.2402873,-0.1508286,0.9589123,0.0,0.0,0.0,0.0,0.0,0.0,0.0,-0.07908028,0.8757823,3.498197,1.087384,-0.2935157,-3.426671,0.0876324,-0.1482222,-0.02873404,0.9846448,9.442371,342.4819,355.1989,0.3025003,-0.08206714,-0.9496092,0,0,0,0.8134106,-0.4141319,-2.629282,-0.02278778,0.01745044,0.8512436,0.954409,-0.08256378,0.2868564,0.0306075,0.9829898,0.1810916,-0.2969285,-0.1640555,0.9407014,moving,3.33650443274816,1.0350452504756882,-1.5334410311666247,1.174395365059553,-0.2739733999999999,-0.1206162,0.7973889999999999,0.05819061867104666,0.018033355892349223,0.998142626173475,3.272195108234834,1.1108710726022748,4.871072285907757,4.8719387594610355,4.806055975543102
05/17/2023 16:15:45.967636,2334,True,True,True,True,Eyes,1.087394,-0.2953979,-3.416754,-0.243642,-0.1508002,0.9580699,0.0,0.0,0.0,0.0,0.0,0.0,0.0,-0.06711107,0.875578,3.498394,1.087209,-0.2932757,-3.42664,0.08753844,-0.1498324,-0.02857098,0.9844141,9.426744,342.2958,355.2037,0.3024768,-0.08207038,-0.9496164,0,0,0,0.8087271,-0.4141123,-2.629106,-0.02427816,0.0171347,0.8528377,0.9534679,-0.08248354,0.2899921,0.03001915,0.9830415,0.1809099,-0.2999963,-0.1637864,0.9397745,moving,3.3236179957379455,1.0197710751298765,-1.6306273987577773,1.1509973429163147,-0.27848190000000006,-0.12083660000000002,0.7975339999999997,0.05796640029915717,0.01776749795600341,0.9981604431266504,3.2594141787930697,1.095460255812545,4.955127791536847,4.9559830268312295,4.890356939756029
05/17/2023 16:15:45.977521,2335,True,True,True,True,Eyes,1.087292,-0.2954069,-3.416758,-0.2469643,-0.1507719,0.9572233,0.0,0.0,0.0,0.0,0.0,0.0,0.0,-0.05608487,0.8749741,3.498689,1.086807,-0.2936,-3.42669,0.0872969,-0.1512626,-0.02831549,0.9842242,9.396941,342.1327,355.2238,0.3024532,-0.08207394,-0.9496236,0,0,0,0.8042555,-0.4140935,-2.628938,-0.02568202,0.01716831,0.854288,0.9526358,-0.08214708,0.2928089,0.02932807,0.983155,0.1804056,-0.3026963,-0.1632733,0.9389977,moving,3.291185028073239,0.9879261232817834,-1.7219348900757985,1.151297115023759,-0.28255150000000007,-0.12049349999999998,0.7977519999999996,0.05740192455784873,0.017213280059464237,0.9982027346254062,3.2271997079519474,1.0633512506267984,5.014943915801193,5.015781234731572,4.949915933069953
05/17/2023 16:15:45.997547,2336,True,True,True,True,Eyes,1.087197,-0.2954172,-3.416755,-0.2503367,-0.1507337,0.9563529,0.0,0.0,0.0,0.0,0.0,0.0,0.0,-0.04587388,0.8752974,3.498729,1.086436,-0.2935864,-3.426779,0.08725435,-0.1525998,-0.02813864,0.9840265,9.388811,341.9781,355.232,0.3024295,-0.08207746,-0.9496309,0,0,0,0.7997271,-0.4140745,-2.628768,-0.02727683,0.01718371,0.8558636,0.951843,-0.08200832,0.2954141,0.02874834,0.9831898,0.1803091,-0.3052349,-0.1631333,0.9381999,moving,3.2451628748666663,0.9780801594488617,-1.825429210501411,1.150208744098067,-0.28670889999999993,-0.12048809999999999,0.7980109999999998,0.056600277344962605,0.017042525475714013,0.9982514422483311,3.181235574322187,1.0535583377004545,5.072671570797454,5.073512821098487,5.007597584535877
05/17/2023 16:15:46.017583,2337,True,True,True,True,Eyes,1.087091,-0.2954288,-3.416756,-0.2536607,-0.1506918,0.9554833,0.0,0.0,0.0,0.0,0.0,0.0,0.0,-0.03673768,0.8758163,3.498602,1.086263,-0.2936037,-3.426725,0.08725516,-0.1538312,-0.0280211,0.9838381,9.385069,341.8351,355.2336,0.3024057,-0.08208098,-0.9496382,0,0,0,0.7951096,-0.4140551,-2.628594,-0.02935815,0.01724656,0.8573987,0.9511016,-0.08198159,0.2977999,0.02829134,0.9832027,0.1803109,-0.3075799,-0.1630689,0.937445,moving,3.1900303159560615,0.9725501842093502,-1.96109600276472,1.1523482111102556,-0.2911534,-0.12045139999999999,0.7981309999999997,0.055639782890461884,0.0169470953070716,0.9983071252932011,3.126127843561704,1.0481677410666772,5.153406386510399,5.154263253064919,5.08829048236937
05/17/2023 16:15:46.047747,2338,True,True,True,True,Eyes,1.086984,-0.2954384,-3.416755,-0.2570238,-0.1506341,0.9545932,0.0,0.0,0.0,0.0,0.0,0.0,0.0,-0.02789676,0.876145,3.498569,1.085914,-0.2936463,-3.426799,0.08721715,-0.1549841,-0.02785687,0.9836652,9.378178,341.7019,355.242,0.3023816,-0.08208454,-0.9496456,0,0,0,0.7905251,-0.4140358,-2.628422,-0.0313381,0.01730953,0.8589953,0.9504079,-0.08183819,0.3000457,0.02776912,0.9832343,0.1802197,-0.3097641,-0.1629502,0.9367462,moving,3.1229885297514537,0.9635022544501542,-2.089353583314199,1.1544053954687004,-0.29538890000000007,-0.12038949999999998,0.7983769999999999,0.054471768196208095,0.01679052871629151,0.9983741522848516,3.0591328171959056,1.0392611769095903,5.214970378676767,5.215836875601887,5.149773820985256
05/17/2023 16:15:46.057176,2339,True,True,True,True,Eyes,1.086881,-0.2954502,-3.416752,-0.260494,-0.1505901,0.9536591,0.0,0.0,0.0,0.0,0.0,0.0,0.0,-0.019063,0.8756558,3.498646,1.085708,-0.2936055,-3.426761,0.08709844,-0.1561758,-0.02783649,0.9834878,9.359337,341.5635,355.2353,0.3023572,-0.08208808,-0.9496531,0,0,0,0.7856005,-0.4140151,-2.628237,-0.03370473,0.01708288,0.8606833,0.9496685,-0.08195903,0.3023449,0.02754837,0.983278,0.1800153,-0.312043,-0.1626257,0.9360459,moving,3.0553378021426383,0.9424690318050658,-2.2425815939228104,1.1370598549507211,-0.30010749999999986,-0.1204096,0.798524,0.05329324946959828,0.016425072610217695,0.9984439031901293,2.9916141564091676,1.0182265409026816,5.300635967378519,5.301491819823831,5.235544528444102
05/17/2023 16:15:46.067738,2340,True,True,True,True,Eyes,1.086774,-0.2954595,-3.416749,-0.2639127,-0.1505373,0.952727,0.0,0.0,0.0,0.0,0.0,0.0,0.0,-0.0113436,0.8761868,3.498519,1.085325,-0.2936004,-3.426855,0.08711854,-0.1571844,-0.02777081,0.9833272,9.357944,341.4459,355.2327,0.3023327,-0.08209167,-0.9496606,0,0,0,0.7813821,-0.4139974,-2.628079,-0.03552321,0.01716983,0.8621852,0.9490437,-0.08200292,0.3042886,0.02722824,0.9832782,0.1800623,-0.313966,-0.1626018,0.9354069,moving,2.9687180892647533,0.9377584767690488,-2.359330090588468,1.1408555592488343,-0.3039429000000001,-0.12039700000000003,0.7987760000000002,0.05178380965712369,0.01634428506062298,0.9985246265590212,2.905005086203566,1.0137831077889468,5.331051309703784,5.331917650503336,5.265868614153798
05/17/2023 16:15:46.077503,2341,True,True,True,True,Eyes,1.086656,-0.2954668,-3.416745,-0.2672795,-0.1504806,0.9517968,0.0,0.0,0.0,0.0,0.0,0.0,0.0,-0.002705693,0.8757854,3.498551,1.085129,-0.2935931,-3.42683,0.08698481,-0.1583249,-0.02759088,0.983161,9.340626,341.315,355.245,0.3023079,-0.08209524,-0.9496682,0,0,0,0.7739431,-0.4139662,-2.627799,-0.04034799,0.01696764,0.8647898,0.9483439,-0.08179627,0.3065178,0.02670882,0.9833448,0.1797768,-0.3161178,-0.1623035,0.9347337,moving,2.899543158188181,0.917829069984867,-2.6712783733860226,1.1240297213805714,-0.3111859,-0.12037310000000001,0.7990309999999998,0.05057850049166783,0.01599795105094888,0.9985918943377398,2.8359539467106605,0.9938713507095442,5.57374933921237,5.574636422699401,5.508770192064036
05/17/2023 16:15:46.097489,2342,True,True,True,True,Eyes,1.086529,-0.2954719,-3.416745,-0.2707474,-0.1504165,0.9508263,0.0,0.0,0.0,0.0,0.0,0.0,0.0,0.006301522,0.8758848,3.498413,1.08479,-0.293552,-3.42683,0.08690408,-0.159477,-0.02726407,0.9829912,9.332054,341.1836,355.2729,0.3022827,-0.08209874,-0.949676,0,0,0,0.7714921,-0.4139559,-2.627707,-0.04034376,0.01696566,0.865641,0.9476475,-0.08131906,0.3087902,0.02588227,0.9834087,0.1795478,-0.3182676,-0.1621559,0.9340296,moving,2.8241403193550263,0.9058577425522174,-2.668376085650903,1.1227937227725728,-0.3132978999999999,-0.12040390000000001,0.7991229999999998,0.04926444596719519,0.01579034454432031,0.9986609085337311,2.760616499603682,0.9820372944004099,5.495932259434048,5.496798857405411,5.430816960907204
05/17/2023 16:15:46.117572,2343,True,True,True,True,Eyes,1.086389,-0.2954766,-3.416749,-0.2741751,-0.1503578,0.9498529,0.0,0.0,0.0,0.0,0.0,0.0,0.0,0.01619875,0.8748609,3.498597,1.084612,-0.2935238,-3.426847,0.08666615,-0.1607758,-0.02701114,0.9828075,9.303657,341.0356,355.2942,0.3022568,-0.08210213,-0.949684,0,0,0,0.7677991,-0.4139404,-2.627568,-0.04137388,0.01667723,0.8670222,0.9468431,-0.08096113,0.3113415,0.02522585,0.9835187,0.1790377,-0.3207053,-0.1616668,0.9332803,moving,2.7688362444415495,0.8755904446209757,-2.7320543739094423,1.1019522610908583,-0.31681289999999995,-0.12041659999999998,0.7992789999999999,0.04830087402772004,0.015263505334967009,0.9987161939671889,2.705513611705261,0.9516106218162694,5.504715858711689,5.5055460462171695,5.439645963358434
05/17/2023 16:15:46.137715,2344,True,True,True,True,Eyes,1.086238,-0.2954766,-3.416753,-0.2777097,-0.1502859,0.9488369,0.0,0.0,0.0,0.0,0.0,0.0,0.0,0.02582037,0.8759824,3.498229,1.084218,-0.2935164,-3.426943,0.08678503,-0.1620747,-0.02709866,0.9825813,9.309221,340.8817,355.2694,0.3022299,-0.08210539,-0.9496922,0,0,0,0.7633809,-0.4139218,-2.627402,-0.04281592,0.01690722,0.8686656,0.9459949,-0.08138457,0.3137995,0.02512196,0.9834681,0.1793307,-0.3232065,-0.1617627,0.9324003,moving,2.7093341086852796,0.8820904754308578,-2.821785271232552,1.1150321283523672,-0.3208370999999999,-0.1204054,0.7995410000000001,0.04726359077861396,0.015377570479681885,0.9987640739070286,2.6459493592683265,0.9584119811262689,5.53516522874567,5.536022345381964,5.469977318060441
05/17/2023 16:15:46.147651,2345,True,True,True,True,Eyes,1.086078,-0.2954848,-3.416764,-0.2811942,-0.1502016,0.9478234,0.0,0.0,0.0,0.0,0.0,0.0,0.0,0.03489447,0.8762717,3.497962,1.084034,-0.2934244,-3.426891,0.08681291,-0.1633364,-0.02725825,0.9823654,9.303232,340.7321,355.2386,0.3022018,-0.08210842,-0.9497009,0,0,0,0.7583997,-0.4139009,-2.627215,-0.04506597,0.01683043,0.8704705,0.9451565,-0.08191452,0.3161792,0.0251957,0.983441,0.1794685,-0.3256447,-0.1616595,0.9315695,moving,2.649082995948096,0.8778934058538176,-2.963669219100451,1.1076681726554023,-0.32563429999999993,-0.12047650000000004,0.7996759999999998,0.046213333357759456,0.015305160473937388,0.9988142851534473,2.585712213504449,0.9543895760581432,5.616587100375867,5.617453504123651,5.551497871089823
05/17/2023 16:15:46.167447,2346,True,True,True,True,Eyes,1.085883,-0.2954954,-3.41679,-0.284762,-0.150143,0.946767,0.0,0.0,0.0,0.0,0.0,0.0,0.0,0.04439867,0.8758994,3.497996,1.083662,-0.2936309,-3.42704,0.086651,-0.1645705,-0.02710568,0.9821779,9.281885,340.5901,355.2476,0.3021724,-0.08211146,-0.94971,0,0,0,0.7539883,-0.4138824,-2.62705,-0.04664013,0.01688619,0.8721638,0.9443637,-0.08176559,0.3185776,0.02472479,0.9835138,0.179135,-0.3279725,-0.1612918,0.9308163,moving,2.578111043316922,0.8540701789612835,-3.061053027952566,1.1091798965782238,-0.32967369999999996,-0.12025150000000001,0.7999899999999998,0.044976358102288075,0.01489070127606329,0.9988771013539963,2.514891343577567,0.9305435965919713,5.644069173991666,5.644931566522242,5.578805119563807
05/17/2023 16:15:46.177502,2347,True,True,True,True,Eyes,1.085683,-0.2954996,-3.416812,-0.2883015,-0.1500932,0.945703,0.0,0.0,0.0,0.0,0.0,0.0,0.0,0.05506945,0.8795322,3.496991,1.083419,-0.2937517,-3.427167,0.0870624,-0.1660041,-0.02689,0.9819062,9.325703,340.4206,355.2501,0.3021408,-0.08211457,-0.9497197,0,0,0,0.7495309,-0.4138636,-2.626882,-0.04804233,0.01787487,0.8739198,0.9434391,-0.08171234,0.3213187,0.0239015,0.9833941,0.1799019,-0.3306831,-0.1620465,0.9297256,moving,2.5302579907741154,0.8971412872940242,-3.1465757937081187,1.1717457676152432,-0.3338880999999999,-0.1201119,0.8002849999999997,0.044141576495264345,0.015642167096895518,0.9989027638516751,2.4667184686395345,0.9743150608548845,5.682500680853998,5.683471600813307,5.616765204250306
05/17/2023 16:15:46.197447,2348,True,True,True,True,Eyes,1.085491,-0.2955072,-3.416836,-0.2920738,-0.1500054,0.9445587,0.0,0.0,0.0,0.0,0.0,0.0,0.0,0.06640911,0.8808708,3.496294,1.08313,-0.2936001,-3.427104,0.08720042,-0.1675323,-0.0267885,0.9816372,9.335919,340.2412,355.2442,0.3021071,-0.08211758,-0.9497302,0,0,0,0.7452176,-0.4138455,-2.62672,-0.0491052,0.01806547,0.8755115,0.9424307,-0.08181093,0.3242398,0.02337541,0.983357,0.1801742,-0.3335837,-0.1622225,0.9286581,moving,2.480640643714045,0.9089654833991881,-3.210210270659125,1.182084212710234,-0.3379123999999999,-0.1202454,0.8003839999999998,0.04327638270841648,0.01584891176660884,0.9989373499458207,2.4170036565930024,0.986468034490276,5.696402952281183,5.697400983775183,5.63061295706264
05/17/2023 16:15:46.217617,2349,True,True,True,True,Eyes,1.08529,-0.2955118,-3.416862,-0.2957998,-0.1499315,0.9434103,0.0,0.0,0.0,0.0,0.0,0.0,0.0,0.07765758,0.883772,3.495415,1.082964,-0.2936744,-3.427237,0.08751431,-0.1690531,-0.02659559,0.9813537,9.36788,340.0619,355.2451,0.3020718,-0.08212057,-0.9497412,0,0,0,0.7406395,-0.4138263,-2.626548,-0.05050427,0.01884872,0.8773937,0.9414274,-0.08178849,0.3271467,0.02261024,0.9832678,0.1807571,-0.3364567,-0.1627728,0.9275246,moving,2.4316719962975006,0.9415252720402719,-3.2944069821890527,1.2306744594048165,-0.34232450000000003,-0.12015189999999998,0.8006889999999998,0.04242222435315382,0.016417183668211974,0.9989648649876102,2.3677898484839752,1.0196051354639566,5.732283628994393,5.733374897947908,5.666129473352382
05/17/2023 16:15:46.257480,2350,True,True,True,True,Eyes,1.085079,-0.2955175,-3.416897,-0.2997105,-0.1498384,0.94219,0.0,0.0,0.0,0.0,0.0,0.0,0.0,0.08820558,0.8855164,3.494654,1.082587,-0.293605,-3.427292,0.08770359,-0.1704599,-0.02650675,0.9810958,9.384239,339.8961,355.2377,0.3020346,-0.08212347,-0.9497527,0,0,0,0.7360969,-0.4138072,-2.626378,-0.05185992,0.01922244,0.879152,0.9404816,-0.08191121,0.3298256,0.02211142,0.9832109,0.1811279,-0.3391245,-0.1630546,0.926503,moving,2.359261420153534,0.9581041814338245,-3.3758841399273756,1.2525584033643242,-0.3464900999999999,-0.12020219999999998,0.8009140000000001,0.04115949743139086,0.01670712279861497,0.9990128596989118,2.2952418622517916,1.0366556615045708,5.741559851153815,5.742699529326644,5.675234279440384
05/17/2023 16:15:46.267446,2351,True,True,True,True,Eyes,1.084866,-0.2955182,-3.416934,-0.3037748,-0.1497187,0.9409065,0.0,0.0,0.0,0.0,0.0,0.0,0.0,0.09992135,0.8857932,3.494358,1.082381,-0.2936575,-3.427444,0.08762978,-0.1720046,-0.02622527,0.9808403,9.374097,339.7179,355.2565,0.3019957,-0.0821263,-0.9497648,0,0,0,0.7312456,-0.4137869,-2.626195,-0.05340129,0.01936606,0.8811921,0.9394534,-0.08159105,0.3328218,0.02130016,0.9832665,0.1809234,-0.3420143,-0.1628799,0.9254709,moving,2.2920521656129664,0.9489410450254818,-3.467951222810637,1.2589932585304813,-0.3511354,-0.1201294,0.8012489999999999,0.03998770895678547,0.016548141046953818,0.999063062147359,2.228080144731542,1.0276331230273703,5.767186766039101,5.768342171694632,5.7007280984383435
05/17/2023 16:15:46.274138,2352,True,True,True,True,Eyes,1.084644,-0.2955156,-3.416974,-0.3077978,-0.1495831,0.9396198,0.0,0.0,0.0,0.0,0.0,0.0,0.0,0.1141917,0.8842994,3.494309,1.081972,-0.2935395,-3.427593,0.08730999,-0.1738574,-0.02591634,0.9805503,9.335323,339.5057,355.2808,0.3019549,-0.08212895,-0.9497776,0,0,0,0.7269404,-0.4137688,-2.626034,-0.05366564,0.01896846,0.8830398,0.9382039,-0.08118352,0.3364263,0.02046558,0.9834107,0.1802352,-0.3454773,-0.1622122,0.9243011,moving,2.262881836762679,0.9147153075386633,-3.4778018919604046,1.2305737366841727,-0.3550315999999999,-0.12022929999999998,0.8015589999999997,0.03947944722032437,0.015951669437823557,0.9990930264654106,2.1991461547173885,0.9931023087307429,5.748271801257652,5.749366592981199,5.681912688855141
05/17/2023 16:15:46.277454,2353,True,True,True,True,Eyes,1.084419,-0.2955109,-3.417017,-0.3117877,-0.1494267,0.9383284,0.0,0.0,0.0,0.0,0.0,0.0,0.0,0.1267384,0.8833227,3.494073,1.08157,-0.2934601,-3.427675,0.08709566,-0.1755087,-0.02578932,0.9802786,9.305787,339.3146,355.2841,0.3019122,-0.08213133,-0.949791,0,0,0,0.718394,-0.4137329,-2.625712,-0.05821204,0.01865186,0.8864357,0.9370632,-0.08113352,0.3396025,0.01998935,0.9834985,0.1798085,-0.348587,-0.1617035,0.9232221,moving,2.2134313987353975,0.8902766905088328,-3.7572065905920535,1.205406308464032,-0.36317599999999994,-0.12027280000000001,0.8019629999999998,0.03861740384375792,0.015526045004751701,0.9991334909998857,2.149856889647334,0.968552956909443,5.9778449488983965,5.978948459027953,5.911810084036911
05/17/2023 16:15:46.297228,2354,True,True,True,True,Eyes,1.084197,-0.2955065,-3.417062,-0.3159023,-0.1492498,0.9369793,0.0,0.0,0.0,0.0,0.0,0.0,0.0,0.1396626,0.8819982,3.493972,1.08131,-0.2934122,-3.427819,0.08683497,-0.1772382,-0.02574636,0.9799916,9.268928,339.114,355.2782,0.3018678,-0.08213339,-0.9498049,0,0,0,0.7157019,-0.4137216,-2.625611,-0.05729225,0.01832177,0.8877289,0.9358475,-0.08124337,0.3429125,0.0196815,0.9835936,0.1793215,-0.3518552,-0.1610686,0.9220926,moving,2.1660293224956724,0.8601977053179352,-3.692634049320274,1.1823554223940853,-0.3656081,-0.12030940000000001,0.8022079999999998,0.03779108539440823,0.015001993837496896,0.999173032371987,2.102656751077336,0.9382873066870997,5.8664784922415665,5.867514132827421,5.800427976130549
05/17/2023 16:15:46.317557,2355,True,True,True,True,Eyes,1.083966,-0.2954985,-3.417112,-0.3199939,-0.1490319,0.9356246,0.0,0.0,0.0,0.0,0.0,0.0,0.0,0.1539887,0.8812681,3.493587,1.081063,-0.2934122,-3.427931,0.08660823,-0.1791216,-0.0254033,0.9796781,9.241482,338.8976,355.3043,0.3018219,-0.08213518,-0.9498193,0,0,0,0.7135288,-0.4137124,-2.62553,-0.05567256,0.01823632,0.8888015,0.9345402,-0.08080094,0.3465628,0.01874731,0.9837074,0.1787969,-0.3553633,-0.1605958,0.9208289,moving,2.134840225171721,0.8419457224530779,-3.5841982642189056,1.17542284011096,-0.36753420000000014,-0.12030019999999997,0.8024010000000001,0.03724735377799365,0.014683999453639143,0.9991981836335385,2.0715895473118664,0.9199311311806442,5.727762301274342,5.728752764008308,5.661555597394781
05/17/2023 16:15:46.338187,2356,True,True,True,True,Eyes,1.083743,-0.2954877,-3.417163,-0.3242801,-0.1488135,0.9341825,0.0,0.0,0.0,0.0,0.0,0.0,0.0,0.1691066,0.8777658,3.493784,1.080658,-0.2933322,-3.42808,0.08599053,-0.1810682,-0.02504503,0.9793838,9.170084,338.677,355.3404,0.3017744,-0.08213662,-0.9498343,0,0,0,0.7089221,-0.4136931,-2.625357,-0.05599692,0.01739715,0.8908429,0.9331741,-0.08019768,0.3503633,0.01791708,0.9839568,0.1775052,-0.3589779,-0.1593657,0.9196399,moving,2.099290107448596,0.7789693518285522,-3.5967863025434554,1.1187792852819325,-0.3717358999999999,-0.12036089999999999,0.8027229999999999,0.03662794590661142,0.013586038286335353,0.9992366073592654,2.036479101804376,0.8563255890593386,5.7053171871902855,5.7062034015045,5.6393759458368296
05/17/2023 16:15:46.347901,2357,True,True,True,True,Eyes,1.083515,-0.2954729,-3.417219,-0.3285368,-0.1485725,0.9327324,0.0,0.0,0.0,0.0,0.0,0.0,0.0,0.1844617,0.8778367,3.493089,1.080424,-0.2932442,-3.428263,0.08589954,-0.1831118,-0.0247937,0.9790182,9.155497,338.4397,355.3518,0.3017255,-0.08213767,-0.9498497,0,0,0,0.7043499,-0.4136739,-2.625185,-0.05624229,0.01743431,0.8929737,0.9317107,-0.08000541,0.35428,0.01708853,0.9840131,0.1772745,-0.3627991,-0.1591144,0.9181827,moving,2.0766896601580327,0.776211627901986,-3.6039078705246395,1.1184937342794592,-0.3760741000000001,-0.12042969999999997,0.8030779999999997,0.03623381483263133,0.013538138041224265,0.999251608055399,2.0138923324232496,0.8536190600512484,5.690016277702728,5.690900222806956,5.6240410483289365
05/17/2023 16:15:46.367732,2358,True,True,True,True,Eyes,1.083292,-0.2954598,-3.417273,-0.3329261,-0.1483062,0.9312172,0.0,0.0,0.0,0.0,0.0,0.0,0.0,0.1991466,0.8760318,3.492745,1.080118,-0.2930468,-3.428386,0.08557554,-0.1850594,-0.02465652,0.9786838,9.112702,338.2145,355.3564,0.3016753,-0.08213823,-0.9498656,0,0,0,0.6997354,-0.4136545,-2.625011,-0.05660942,0.01689431,0.895074,0.9302902,-0.079935,0.3580092,0.01658876,0.9841378,0.1766286,-0.3664492,-0.1583769,0.9168597,moving,2.0358242723006117,0.7455110374371021,-3.618881298904988,1.0813158872190716,-0.3803825999999999,-0.12060769999999998,0.803375,0.03552135694911693,0.013003043829704922,0.9992843162219381,1.9732350467748936,0.8226998207959564,5.663844210079997,5.664667686118996,5.598093201567145
05/17/2023 16:15:46.377247,2359,True,True,True,True,Eyes,1.083056,-0.2954392,-3.417333,-0.3372872,-0.1480048,0.9296945,0.0,0.0,0.0,0.0,0.0,0.0,0.0,0.2135744,0.8720516,3.492887,1.079841,-0.2930765,-3.428468,0.08490054,-0.1869474,-0.02443103,0.9783894,9.03263,337.9999,355.3799,0.3016241,-0.08213842,-0.9498819,0,0,0,0.6952795,-0.4136358,-2.624844,-0.05698773,0.01599389,0.8970677,0.9289076,-0.07954998,0.3616662,0.01606225,0.9843901,0.1752662,-0.369963,-0.1569969,0.9156852,moving,1.9889462366753303,0.6783463952227142,-3.6349259787986075,1.0214227029329817,-0.3845615,-0.12055929999999998,0.8036240000000001,0.03470425848762548,0.011831969550210097,0.9993275530958391,1.9268235491619055,0.7548977059760899,5.63360239752418,5.634326938409933,5.568131947589952
05/17/2023 16:15:46.397551,2360,True,True,True,True,Eyes,1.082783,-0.2954132,-3.417408,-0.3416388,-0.1476684,0.9281578,0.0,0.0,0.0,0.0,0.0,0.0,0.0,0.2290201,0.8688401,3.492775,1.079343,-0.2929797,-3.428702,0.0843644,-0.1889676,-0.02435104,0.9780497,8.964472,337.7673,355.3827,0.3015716,-0.08213805,-0.9498985,0,0,0,0.6906929,-0.4136165,-2.624672,-0.05694228,0.01518737,0.8992178,0.9273965,-0.07951733,0.3655307,0.01574878,0.9845794,0.1742282,-0.3737481,-0.155822,0.9143478,moving,1.9587310961294757,0.6271734437606074,-3.6233734273722624,0.9676070428541284,-0.3886500999999999,-0.12063679999999999,0.80403,0.0341776017057393,0.010939627644337188,0.9993558644514411,1.896965322909576,0.7032184757977147,5.59183405746474,5.592475833357739,5.526666376058301
05/17/2023 16:15:46.417690,2361,True,True,True,True,Eyes,1.082509,-0.2953916,-3.41749,-0.3459649,-0.1473107,0.9266109,0.0,0.0,0.0,0.0,0.0,0.0,0.0,0.2444599,0.8644608,3.492809,1.079061,-0.2929053,-3.42879,0.08366352,-0.1910152,-0.02428443,0.9777137,8.877391,337.5326,355.3878,0.3015169,-0.08213703,-0.9499159,0,0,0,0.6862065,-0.4135977,-2.624503,-0.05698854,0.01408212,0.9012951,0.925847,-0.07944845,0.3694528,0.01552444,0.9848214,0.1728753,-0.3775797,-0.1543206,0.9130272,moving,1.9331649265404314,0.5585308520359357,-3.6179735378220164,0.8951345643133549,-0.3928545,-0.12069240000000003,0.804287,0.033732089309562674,0.00974250002851973,0.9993833819957765,1.8718818770386925,0.6338407742308221,5.560793065740778,5.561334400091692,5.49607013426968
05/17/2023 16:15:46.436094,2362,True,True,True,True,Eyes,1.07551,-0.2947627,-3.419641,-0.4537415,-0.1384526,0.8803121,0.0,0.0,0.0,0.0,0.0,0.0,0.0,0.2600204,0.8624223,3.492353,1.078802,-0.2930004,-3.429031,0.08325432,-0.1930702,-0.024073,0.9773502,8.82643,337.2958,355.4027,0.3014601,-0.08213551,-0.9499341,0,0,0,0.6816496,-0.4135785,-2.624332,-0.05707037,0.01374705,0.9035282,0.9242887,-0.07920335,0.3733859,0.01490765,0.9849784,0.1720328,-0.3814027,-0.1534417,0.9115852,moving,-4.572982550900469,0.47739406778139315,-3.614223784961407,0.871679684357015,-0.39715240000000007,-0.12057810000000002,0.8046990000000003,-0.07972613555570687,0.008305478954921355,0.9967821361782638,-4.635410724887777,0.5760681978178334,1.0365233265696028,1.0366675063410695,1.0631128431404109
05/17/2023 16:15:46.447406,2363,True,True,True,True,Eyes,1.075494,-0.294761,-3.419645,-0.4538771,-0.1384282,0.8802462,0.8882104,0.6723554,-0.4177144,-2.637801,-0.3106551,-0.276949,-0.9092814,-0.06639782,0.007037833,0.8957395,1.078569,-0.2929053,-3.429142,0.08303969,-0.195116,-0.02387725,0.9769669,8.797131,337.0583,355.4114,0.3012152,-0.08211692,-0.9500131,0,0,0,0.6770164,-0.4135591,-2.624158,-0.05727845,0.01353818,0.9057242,0.9227192,-0.0790593,0.3772782,0.01424982,0.9850685,0.1715717,-0.3852092,-0.1529364,0.9100683,moving,-4.345007389077081,0.4709766682892932,-3.618594776134384,0.8563565107770117,-0.40155260000000015,-0.12065380000000003,0.8049840000000001,-0.07575948077544867,0.008196378365417492,0.9970925140268656,-4.407329400903939,0.5687200386661431,0.8220998162261399,0.822309496016004,0.8395457393130866
05/17/2023 16:15:46.467806,2364,True,True,True,True,Eyes,1.075453,-0.2947573,-3.419659,-0.4542298,-0.1384245,0.8800648,0.8877093,0.6722293,-0.417638,-2.638417,-0.01446937,-0.2731601,-0.9618598,-0.06297213,0.006740361,0.8953939,1.078201,-0.2928691,-3.429215,0.08273122,-0.197009,-0.02359794,0.9766199,8.759998,336.8401,355.4333,0.3009945,-0.08210013,-0.9500843,0,0,0,0.6724464,-0.4135399,-2.623986,-0.05759797,0.01324686,0.9077983,0.9212612,-0.07869001,0.3809011,0.01349486,0.9851973,0.1708919,-0.3887103,-0.1522959,0.908686,moving,-4.1493329119128735,0.4532972149987976,-3.6304351773406793,0.8360175436353207,-0.40575459999999997,-0.12067080000000002,0.8052290000000002,-0.07235398714088184,0.007890710999170242,0.9973478544781027,-4.211477008400024,0.5500943915709104,0.6444536069759682,0.6447710515336459,0.6475813912762195
05/17/2023 16:15:46.477598,2365,True,True,True,True,Eyes,1.075401,-0.2947472,-3.419676,-0.4547116,-0.1383941,0.8798206,0.8880007,0.6716172,-0.4176413,-2.638395,-0.05526786,-0.2733598,-0.9603228,-0.05967754,0.006385803,0.8959179,1.077943,-0.2928499,-3.429342,0.08238079,-0.1989767,-0.02339629,0.9762554,8.716107,336.6128,355.447,0.3007946,-0.08208492,-0.9501488,0,0,0,0.6677935,-0.4135203,-2.623811,-0.05790815,0.01287851,0.910024,0.9197217,-0.07846521,0.3846492,0.01289779,0.985332,0.17016,-0.3923589,-0.1515387,0.9072434,moving,-3.9524559893717695,0.4296742272357432,-3.6410304860961684,0.8107863260164814,-0.41014950000000006,-0.12067040000000001,0.8055310000000002,-0.06892673762238413,0.00748132406878356,0.9975935990696029,-4.014379468012149,0.5254487759955604,0.49168347108597754,0.4921709824111134,0.46990103186696747
05/17/2023 16:15:46.497456,2366,True,True,True,True,Eyes,1.075336,-0.2947389,-3.419699,-0.4553392,-0.1383674,0.8795002,0.8905536,0.669832,-0.4179626,-2.636456,0.4270727,-0.297363,-0.8539228,-0.05661708,0.005945519,0.8986592,1.077656,-0.292694,-3.429436,0.08210079,-0.2009589,-0.02333216,0.9758744,8.676911,336.3819,355.4433,0.3006133,-0.08207095,-0.9502073,0,0,0,0.6634258,-0.413502,-2.623647,-0.05787435,0.01243341,0.9121253,0.9181423,-0.07853628,0.3883902,0.01254074,0.9854301,0.1696177,-0.3960525,-0.1508625,0.90575,moving,-3.761986347907154,0.40866320199241823,-3.630550331236378,0.7809648521608709,-0.4142302,-0.12080799999999997,0.8057889999999999,-0.06561021695878477,0.0071170895633613646,0.9978199099568061,-3.8237095323905894,0.5034707116870101,0.3941716373169222,0.394821409242753,0.33810275803054307
05/17/2023 16:15:46.517626,2367,True,True,True,True,Eyes,1.075259,-0.2947311,-3.419728,-0.4560638,-0.138341,0.8791289,0.8932372,0.6678858,-0.4183024,-2.634457,0.6008822,-0.3212581,-0.7319385,-0.05411211,0.005775928,0.9014629,1.077446,-0.2927442,-3.429499,0.0818724,-0.202749,-0.02324318,0.9755254,8.645015,336.1735,355.443,0.3004483,-0.08205814,-0.9502605,0,0,0,0.6588714,-0.4134829,-2.623477,-0.05845231,0.01227365,0.9142693,0.9167052,-0.0785477,0.3917676,0.01214952,0.9855133,0.1691623,-0.3993795,-0.1503121,0.9043795,moving,-3.600372410180471,0.3925399789506645,-3.658133050625251,0.7691236092976937,-0.4185745999999999,-0.12073869999999998,0.806022,-0.06279553993289005,0.006837540467255029,0.9980030125062477,-3.661937800852606,0.4865475854345689,0.38020410033440705,0.3809875617785167,0.282601637268056
05/17/2023 16:15:46.537664,2368,True,True,True,True,Eyes,1.075155,-0.2947219,-3.419769,-0.4569248,-0.1383153,0.8786858,0.8967738,0.6653963,-0.4187594,-2.631787,0.7452059,-0.3530743,-0.5656914,-0.05184013,0.006031096,0.9051544,1.077124,-0.2927472,-3.429678,0.08186839,-0.2044538,-0.02299593,0.9751757,8.642509,335.9744,355.4559,0.3002976,-0.08204638,-0.9503092,0,0,0,0.6542184,-0.4134633,-2.623302,-0.05913484,0.01255818,0.9165202,0.9153398,-0.07832674,0.3949913,0.01137355,0.9855375,0.1690753,-0.4025219,-0.1502689,0.9029924,moving,-3.459087500467266,0.4048076331336774,-3.6916664165821715,0.785018909466679,-0.4229056,-0.12071609999999999,0.8063760000000002,-0.06033430158343464,0.0070522965828483525,0.9981533786728953,-3.5207029414052817,0.4984350221928548,0.44493891628363746,0.44570569535507876,0.33370471121866857
05/17/2023 16:15:46.552198,2369,True,True,True,True,Eyes,1.075042,-0.2947111,-3.419812,-0.4578737,-0.1383,0.878194,0.9011436,0.6624321,-0.4193394,-2.628433,0.8489364,-0.3929532,-0.3534043,-0.04973593,0.005865946,0.9096459,1.07686,-0.292742,-3.429799,0.08165526,-0.2061718,-0.02280013,0.9748365,8.61531,335.775,355.4681,0.3001591,-0.08203553,-0.9503539,0,0,0,0.6496965,-0.4134443,-2.623132,-0.05972484,0.01243277,0.9187099,0.9139467,-0.07812281,0.398244,0.01078278,0.9856251,0.1686025,-0.4056909,-0.1497996,0.9016513,moving,-3.3212171384043527,0.39122090465070125,-3.719534052346498,0.775328281052108,-0.4271634999999999,-0.12070229999999998,0.806667,-0.05793236949708119,0.006816571921780548,0.9982971960790933,-3.3826991640766106,0.4841679388071983,0.5526564089271351,0.5533487512756909,0.44523262105551137
05/17/2023 16:15:46.577652,2370,True,True,True,True,Eyes,1.074929,-0.294706,-3.419854,-0.4589137,-0.138335,0.8776455,0.9076307,0.6584051,-0.4202631,-2.623276,0.8898337,-0.4557925,-0.0211991,-0.04784954,0.006232277,0.9161972,1.076585,-0.2926912,-3.429871,0.08178538,-0.2078825,-0.02255523,0.9744678,8.627896,335.5739,355.4773,0.3000312,-0.08202545,-0.9503951,0,0,0,0.6450549,-0.4134248,-2.622957,-0.06043777,0.01289282,0.9209156,0.9125522,-0.0779622,0.4014603,0.009955182,0.9856048,0.1687721,-0.408839,-0.1500168,0.900192,moving,-3.1907092464907216,0.4137381888116794,-3.7548179845465373,0.8020886123318947,-0.4315300999999999,-0.1207336,0.8069139999999999,-0.05565815563904236,0.00720983736762891,0.9984238418121495,-3.252317268788943,0.5064693844405497,0.68422220303051,0.6848610952589258,0.5830074589882789
05/17/2023 16:15:46.597224,2371,True,True,True,True,Eyes,1.074791,-0.2946979,-3.419904,-0.4599473,-0.1384343,0.8770887,0.0,0.0,0.0,0.0,0.0,0.0,0.0,0.3833179,0.8572935,3.482353,1.076245,-0.292798,-3.429962,0.08178521,-0.2093986,-0.02225624,0.9741501,8.628158,335.3973,355.4976,0.2999129,-0.08201623,-0.9504333,0,0,0,0.6403321,-0.413405,-2.62278,-0.061524,0.01329631,0.9231176,0.9113137,-0.07761326,0.4043309,0.009110413,0.9856316,0.168663,-0.4116118,-0.1500213,0.8989268,moving,-3.0828258726396824,0.41868590036711023,-3.813013640216657,0.8252142180105181,-0.43591289999999994,-0.12060700000000002,0.8071820000000001,-0.05377807674831814,0.007296808626685539,0.9985263326054994,-3.144440595267123,0.511073275098773,0.835095053325208,0.8357268985530052,0.7386978059034504
05/17/2023 16:15:46.617631,2372,True,True,True,True,Eyes,1.074649,-0.2946871,-3.419955,-0.461026,-0.138558,0.8765026,0.0,0.0,0.0,0.0,0.0,0.0,0.0,0.3933014,0.8591468,3.480753,1.075924,-0.2927388,-3.430037,0.08198137,-0.210693,-0.02190466,0.9738623,8.652821,335.2456,355.5207,0.2998025,-0.08200769,-0.9504688,0,0,0,0.6362271,-0.4133878,-2.622626,-0.06248301,0.01389665,0.9250433,0.9102573,-0.07721005,0.4067803,0.008118456,0.9855984,0.1689074,-0.4139634,-0.1504468,0.8977751,moving,-3.0043479654344436,0.4442239625345191,-3.864233227328677,0.860672689731687,-0.43969690000000006,-0.120649,0.8074110000000001,-0.052410170078440566,0.0077424379535180055,0.9985956782270013,-3.066124010822085,0.5366267569270575,0.9547849527845389,0.9554225274751769,0.8613849824787918
05/17/2023 16:15:46.627626,2373,True,True,True,True,Eyes,1.074503,-0.2946782,-3.420007,-0.4621619,-0.1386703,0.8758863,0.0,0.0,0.0,0.0,0.0,0.0,0.0,0.403828,0.8582267,3.479765,1.075748,-0.2926643,-3.430089,0.08179779,-0.2120851,-0.02171494,0.9735798,8.630549,335.0842,355.5344,0.2996992,-0.08199969,-0.9505022,0,0,0,0.6278239,-0.4133525,-2.62231,-0.06720257,0.01374064,0.9289799,0.9090967,-0.07697863,0.409411,0.00758628,0.9856751,0.1684842,-0.4165159,-0.1500625,0.8966581,moving,-2.9164182993821943,0.4235678882468753,-4.137579394182759,0.847406143475169,-0.44792409999999994,-0.12068820000000002,0.807779,-0.05087773476436663,0.007383012274008713,0.9986775413898117,-2.978023748433124,0.5153916472759372,1.292006089339547,1.2926226386882902,1.2061521136557707
05/17/2023 16:15:46.637601,2374,True,True,True,True,Eyes,1.074354,-0.2946692,-3.420063,-0.4633481,-0.1387824,0.8752416,0.0,0.0,0.0,0.0,0.0,0.0,0.0,0.4145679,0.8580686,3.478543,1.075561,-0.292701,-3.430147,0.08170174,-0.2135022,-0.02146604,0.9732836,8.6195,334.9195,355.5524,0.2996022,-0.08199223,-0.9505334,0,0,0,0.6220876,-0.4133284,-2.622095,-0.06947595,0.01388371,0.9317282,0.9079121,-0.07667207,0.4120887,0.006898081,0.985728,0.168204,-0.4191039,-0.1498718,0.8954833,moving,-2.829424303728816,0.41425381110125864,-4.264468368573789,0.853702956144481,-0.4534734,-0.1206274,0.808052,-0.04936141105991129,0.007221215965311931,0.9987548146727938,-2.890940285245198,0.5056393079264843,1.5001920881795645,1.5008221144179623,1.4169430824500802
05/17/2023 16:15:46.647550,2375,True,True,True,True,Eyes,1.074201,-0.2946582,-3.420117,-0.4645812,-0.138886,0.8745713,0.0,0.0,0.0,0.0,0.0,0.0,0.0,0.4250829,0.8583188,3.477221,1.075323,-0.2927011,-3.430229,0.0816725,-0.214887,-0.02123918,0.9729863,8.61559,334.7578,355.5664,0.2995106,-0.08198525,-0.950563,0,0,0,0.6187951,-0.4133146,-2.621971,-0.06955519,0.01409651,0.9333868,0.906745,-0.07643156,0.4146948,0.006230132,0.985757,0.1680605,-0.4216335,-0.1498044,0.8943064,moving,-2.74910169120752,0.41178043212427584,-4.261755720067851,0.8652459312402085,-0.4565279,-0.12061349999999998,0.8082580000000004,-0.04796123161234303,0.007178591706614168,0.9988233874196515,-2.8105787543836334,0.5028354240318503,1.5785190646248932,1.5791621734058385,1.495745954855794
05/17/2023 16:15:46.657363,2376,True,True,True,True,Eyes,1.074021,-0.2946431,-3.420182,-0.4658293,-0.1389679,0.8738942,0.0,0.0,0.0,0.0,0.0,0.0,0.0,0.4349363,0.8587688,3.475872,1.075117,-0.2926327,-3.430281,0.08168522,-0.216187,-0.02100799,0.9727023,8.616926,334.6058,355.5806,0.2994238,-0.08197865,-0.9505909,0,0,0,0.6163434,-0.4133043,-2.621879,-0.0690752,0.01430587,0.9346516,0.9056438,-0.07618759,0.4171389,0.005550488,0.9857724,0.1679941,-0.4240031,-0.1498275,0.8931814,moving,-2.679765502682032,0.41486219836481175,-4.226746502447636,0.8769064031141126,-0.4587736000000001,-0.12067159999999999,0.8084020000000001,-0.04675246034271119,0.007232730742744539,0.9988803641179689,-2.741246172520159,0.5056950306475896,1.6138583357368814,1.614507683716061,1.5311789945212553
05/17/2023 16:15:46.677254,2377,True,True,True,True,Eyes,1.073839,-0.2946311,-3.420248,-0.467123,-0.1390464,0.8731908,0.0,0.0,0.0,0.0,0.0,0.0,0.0,0.4451094,0.8565146,3.475137,1.07482,-0.2925555,-3.430378,0.08131836,-0.217507,-0.02084731,0.9724421,8.573956,334.454,355.5966,0.2993408,-0.08197227,-0.9506177,0,0,0,0.6138357,-0.4132937,-2.621785,-0.06848478,0.01379576,0.9359628,0.9045123,-0.07592022,0.4196353,0.005170976,0.9859054,0.1672236,-0.4264163,-0.1490859,0.8921561,moving,-2.6102277232643725,0.37373259586553187,-4.184897679942454,0.8444583351031925,-0.4609843000000001,-0.12073819999999996,0.8085930000000001,-0.04554034361823739,0.00651605055053002,0.998941234445228,-2.67139667069258,0.4638074252904413,1.6429012293805767,1.6435231042018825,1.5606346209608648
05/17/2023 16:15:46.697671,2378,True,True,True,True,Eyes,1.073626,-0.2946156,-3.420326,-0.4684308,-0.1391098,0.8724798,0.0,0.0,0.0,0.0,0.0,0.0,0.0,0.4554227,0.8568872,3.473713,1.074587,-0.2926166,-3.430449,0.08129928,-0.2188627,-0.02059351,0.972145,8.572166,334.2957,355.6137,0.2992609,-0.08196618,-0.9506434,0,0,0,0.6092675,-0.4132745,-2.621613,-0.06974378,0.01411068,0.9382076,0.9033501,-0.07562649,0.4221839,0.004452998,0.9859326,0.1670836,-0.4288809,-0.149055,0.8909792,moving,-2.5384977646316713,0.3749849651465564,-4.251391522422095,0.861665859455145,-0.4653195,-0.12065789999999998,0.8088359999999999,-0.04428970295126625,0.006538253312864298,0.9989973101609562,-2.599656638912233,0.4648065362486286,1.78004503354879,1.7806918089221406,1.6987423135423663
05/17/2023 16:15:46.717218,2379,True,True,True,True,Eyes,1.073412,-0.2946015,-3.420406,-0.4697898,-0.139165,0.87174,0.0,0.0,0.0,0.0,0.0,0.0,0.0,0.4663887,0.857005,3.472178,1.074313,-0.2925615,-3.430489,0.08126706,-0.2203171,-0.02043135,0.9718223,8.566173,334.1251,355.6199,0.299183,-0.08196025,-0.9506685,0,0,0,0.604679,-0.4132553,-2.621441,-0.07077289,0.01424483,0.9404628,0.9020858,-0.07552031,0.4248973,0.003902228,0.9859564,0.166957,-0.4315389,-0.1489515,0.889712,moving,-2.4577018805665296,0.37272602163528684,-4.303582521341876,0.8677708808172875,-0.4696340000000001,-0.12069380000000002,0.8090480000000002,-0.04288093064561446,0.006499266745625912,0.9990590404614609,-2.5188232402803075,0.4622179121290675,1.9104575282008533,1.911110868733609,1.8302565125542472
05/17/2023 16:15:46.736009,2380,True,True,True,True,Eyes,1.07321,-0.2945913,-3.420476,-0.4712235,-0.1392076,0.870959,0.0,0.0,0.0,0.0,0.0,0.0,0.0,0.4774691,0.8569132,3.470755,1.074107,-0.2925842,-3.430613,0.08118794,-0.2217815,-0.02021666,0.9715003,8.556282,333.9541,355.6332,0.2991068,-0.0819545,-0.950693,0,0,0,0.6001087,-0.4132361,-2.621269,-0.0717907,0.01441785,0.9428183,0.9008086,-0.07529295,0.4276389,0.003269031,0.9859996,0.1667156,-0.4342043,-0.1487809,0.8884431,moving,-2.3810800925559494,0.36720436762073666,-4.354372390220354,0.8761153336413108,-0.4739982999999999,-0.12065189999999998,0.8093440000000003,-0.04154487306248436,0.006403347942794929,0.9991160809377236,-2.442141776862515,0.4563427086143566,2.0371905100944203,2.037859873337139,1.9577627474709285
05/17/2023 16:15:46.747668,2381,True,True,True,True,Eyes,1.073005,-0.2945849,-3.420545,-0.4726936,-0.1392515,0.870155,0.0,0.0,0.0,0.0,0.0,0.0,0.0,0.4875306,0.8577564,3.469067,1.073777,-0.2926314,-3.43063,0.08125196,-0.2231148,-0.02007488,0.9711927,8.561134,333.7967,355.6357,0.2990325,-0.08194903,-0.9507169,0,0,0,0.5955773,-0.413217,-2.621099,-0.07294109,0.0148095,0.9449962,0.8996336,-0.07525018,0.4301126,0.00273612,0.9859902,0.1667806,-0.4366371,-0.1488646,0.8872358,moving,-2.321609758067703,0.37450744038277145,-4.413717787180432,0.897836829935248,-0.4781997,-0.12058560000000001,0.8095309999999998,-0.04050778218575091,0.006530976301238847,0.9991578502364649,-2.3827077654218987,0.4635116304273576,2.1558671575574797,2.1565689544847197,2.076930448380775
05/17/2023 16:15:46.767634,2382,True,True,True,True,Eyes,1.072809,-0.2945751,-3.420608,-0.4742766,-0.1392832,0.8692881,0.0,0.0,0.0,0.0,0.0,0.0,0.0,0.4978307,0.8582244,3.467429,1.073533,-0.2927156,-3.43064,0.08124045,-0.2244575,-0.01972323,0.9708913,8.563025,333.6405,355.6637,0.29896,-0.08194391,-0.9507401,0,0,0,0.5908866,-0.4131973,-2.620923,-0.07431147,0.01522329,0.9472869,0.8984596,-0.07476828,0.432643,0.001828172,0.986022,0.1666053,-0.4390523,-0.1488972,0.8860376,moving,-2.2703038667090567,0.37986702194455696,-4.485475155076591,0.920687483473226,-0.48264640000000003,-0.12048169999999997,0.809717,-0.03961303823783502,0.006624677539618054,0.9991930868258013,-2.3314265009448096,0.4687440906214669,2.2794921989407007,2.280234770460262,2.200949439380491
05/17/2023 16:15:46.777269,2383,True,True,True,True,Eyes,1.07261,-0.2945699,-3.420667,-0.475904,-0.1392928,0.8683968,0.0,0.0,0.0,0.0,0.0,0.0,0.0,0.5092884,0.8588216,3.465577,1.07322,-0.2925916,-3.430709,0.08124988,-0.2259036,-0.01907617,0.9705681,8.574675,333.4742,355.7234,0.2988892,-0.08193903,-0.9507627,0,0,0,0.5864475,-0.4131787,-2.620756,-0.07518205,0.01566105,0.9495339,0.8972073,-0.07373872,0.4354098,0.0003201526,0.9860691,0.1663358,-0.4416095,-0.1490983,0.8847321,moving,-2.212504181062078,0.3979763945084257,-4.527111883338642,0.9449169903299718,-0.48677250000000005,-0.1205871,0.8099529999999997,-0.03860495852529594,0.006940765088031847,0.9992304972103948,-2.273740641759625,0.48685635217898426,2.3775801942736887,2.378350863685933,2.2994567838075692
05/17/2023 16:15:46.797678,2384,True,True,True,True,Eyes,1.07241,-0.2945614,-3.420728,-0.4775971,-0.1393295,0.8674608,0.0,0.0,0.0,0.0,0.0,0.0,0.0,0.5212597,0.8570542,3.464134,1.072963,-0.2927032,-3.430679,0.08090952,-0.2274529,-0.01866701,0.9702426,8.540704,333.2965,355.765,0.2988201,-0.08193451,-0.9507849,0,0,0,0.5819096,-0.4131596,-2.620585,-0.07600239,0.01555772,0.9517753,0.8958334,-0.07302926,0.4383483,-0.0005831611,0.9862104,0.1654955,-0.4443897,-0.148512,0.8834376,moving,-2.1446962176797575,0.36873491650497303,-4.565568811234692,0.9364734688284164,-0.49105339999999986,-0.12045640000000002,0.8100939999999999,-0.0374224946812369,0.006431085818837015,0.9992788084725519,-2.205706189656504,0.4570072259577255,2.4857743577212643,2.486554077035067,2.4080779619386106
05/17/2023 16:15:46.817683,2385,True,True,True,True,Eyes,1.072206,-0.2945452,-3.420786,-0.4793239,-0.1393504,0.8665045,0.0,0.0,0.0,0.0,0.0,0.0,0.0,0.5325169,0.8603467,3.461642,1.072735,-0.2926011,-3.430796,0.08133876,-0.2289734,-0.01849823,0.9698521,8.586474,333.1139,355.7586,0.2987523,-0.08193021,-0.9508066,0,0,0,0.5773012,-0.4131403,-2.620412,-0.07684448,0.01653752,0.9542157,0.8944579,-0.07312992,0.4411314,-0.001367723,0.9860837,0.1662443,-0.4471499,-0.1493019,0.8819104,moving,-2.0804691794914634,0.41830317811002776,-4.604182508976431,0.9928942154062095,-0.49543380000000004,-0.12053920000000001,0.810384,-0.036302091879304804,0.007295890641337344,0.9993142207116621,-2.1418156115500553,0.5069350711989018,2.587453151723797,2.588297477022532,2.5098619538492346
05/17/2023 16:15:46.836323,2386,True,True,True,True,Eyes,1.072005,-0.2945379,-3.420843,-0.481171,-0.1393241,0.8654844,0.0,0.0,0.0,0.0,0.0,0.0,0.0,0.5431926,0.8595022,3.460024,1.072437,-0.2924063,-3.430736,0.08120961,-0.2304077,-0.01848526,0.9695234,8.566137,332.9449,355.7509,0.2986857,-0.0819259,-0.9508279,0,0,0,0.5727479,-0.4131212,-2.620241,-0.07777619,0.01628079,0.956477,0.8931412,-0.07326642,0.4437689,-0.001578853,0.9861266,0.1659875,-0.4497736,-0.1489509,0.8806346,moving,-2.0328017709234256,0.40293788698488997,-4.648793843484927,0.9751729308186143,-0.4996891000000001,-0.12071490000000001,0.810495,-0.03547076473822769,0.007028109306627353,0.9993459927640824,-2.0940260027059296,0.49120544150619805,2.677023397329352,2.6778475440353215,2.60020446330475
05/17/2023 16:15:46.847838,2387,True,True,True,True,Eyes,1.0718,-0.2945414,-3.420908,-0.4830775,-0.1393269,0.8644212,0.0,0.0,0.0,0.0,0.0,0.0,0.0,0.556186,0.8564612,3.458817,1.072027,-0.2925998,-3.430951,0.08069847,-0.2321137,-0.01845915,0.9691596,8.50236,332.7469,355.753,0.2986202,-0.08192183,-0.9508488,0,0,0,0.5682448,-0.4131022,-2.620072,-0.07792178,0.01578269,0.9589166,0.891565,-0.07324215,0.4469311,-0.001682708,0.9862941,0.1649886,-0.4528896,-0.1478501,0.879222,moving,-1.957274399435029,0.34485205038255695,-4.645660511414167,0.942939025805537,-0.5037822000000001,-0.12050239999999995,0.8108789999999999,-0.03415361874319092,0.006015255592640281,0.999398426107526,-2.0180644053532233,0.43213396801400933,2.753306877836601,2.7541110938473263,2.6767859652299513
05/17/2023 16:15:46.867740,2388,True,True,True,True,Eyes,1.071591,-0.2945444,-3.420965,-0.4850578,-0.1393458,0.8633085,0.0,0.0,0.0,0.0,0.0,0.0,0.0,0.5702283,0.8599856,3.45579,1.07174,-0.2928532,-3.431156,0.08110174,-0.2340118,-0.01830022,0.9686725,8.543316,332.5193,355.7427,0.2985556,-0.08191827,-0.9508694,0,0,0,0.5635084,-0.4130824,-2.619894,-0.07801509,0.017121,0.9615202,0.8898072,-0.07341135,0.4503931,-0.002503688,0.9861752,0.165687,-0.4563298,-0.1485571,0.877322,moving,-1.8653610608415403,0.3917696870020877,-4.638659756475893,1.020111055665006,-0.5082315999999999,-0.12022920000000004,0.8112620000000001,-0.03255017924686815,0.006833994045475536,0.9994466818430653,-1.9264612898471043,0.4792755048472972,2.842680583153333,2.8435890228337133,2.7655964303223723
05/17/2023 16:15:46.877306,2389,True,True,True,True,Eyes,1.07138,-0.2945524,-3.421028,-0.4870834,-0.1394074,0.8621573,0.0,0.0,0.0,0.0,0.0,0.0,0.0,0.5838094,0.8622199,3.452749,1.07141,-0.2928354,-3.431044,0.08137242,-0.2358588,-0.01819271,0.9682037,8.568303,332.2983,355.7307,0.2984916,-0.08191516,-0.9508898,0,0,0,0.5587502,-0.4130624,-2.619715,-0.07828557,0.01786678,0.9638888,0.8880793,-0.0736133,0.4537579,-0.003156299,0.9860951,0.166152,-0.4596794,-0.1489883,0.8754983,moving,-1.7819940849255742,0.41947054627509806,-4.6432835213715515,1.06192111455128,-0.5126598,-0.12022699999999997,0.8113290000000002,-0.03109581553669133,0.007317535864011834,0.9994895575235374,-1.8432697645173641,0.5069996650044285,2.9315640339853024,2.9325279149218217,2.85447278034664
05/17/2023 16:15:46.897348,2390,True,True,True,True,Eyes,1.071167,-0.2945552,-3.421093,-0.4891541,-0.1394725,0.8609737,0.0,0.0,0.0,0.0,0.0,0.0,0.0,0.5969267,0.8669288,3.44946,1.071188,-0.2929537,-3.431238,0.08196673,-0.237644,-0.018009,0.9677204,8.631693,332.0824,355.7184,0.2984282,-0.08191259,-0.9509099,0,0,0,0.5545269,-0.4130446,-2.619557,-0.07817197,0.01943434,0.9662809,0.886402,-0.07381314,0.4569936,-0.004102459,0.9859143,0.1672012,-0.4628981,-0.1500823,0.8736135,moving,-1.7096158030019377,0.4846347123229076,-4.625146737606881,1.1522069342747607,-0.5166611,-0.1200909,0.8116810000000001,-0.029832931286571607,0.008454605810908594,0.9995191542667818,-1.771336999053905,0.5726816692487515,2.9898903295046853,2.990981996294881,2.9120576156153355
05/17/2023 16:15:46.917644,2391,True,True,True,True,Eyes,1.070951,-0.2945628,-3.421156,-0.4912497,-0.1395276,0.8597708,0.0,0.0,0.0,0.0,0.0,0.0,0.0,0.6098763,0.8703782,3.446124,1.070919,-0.2921603,-3.431188,0.08252236,-0.2394179,-0.01791155,0.9672374,8.688404,331.8673,355.6973,0.2983653,-0.08191036,-0.9509298,0,0,0,0.5499895,-0.4130256,-2.619386,-0.07832679,0.01994944,0.9687445,0.8847165,-0.07416409,0.4601916,-0.004865213,0.9857385,0.1682141,-0.466104,-0.1510607,0.8717383,moving,-1.6394918605041948,0.5432751626407081,-4.622532807522957,1.1797302399510432,-0.5209294999999999,-0.12086530000000001,0.8118020000000001,-0.028609341887215894,0.009477917281672923,0.9995457578746819,-1.7016126490091545,0.6317694372341207,3.0490864383020195,3.050181692461073,2.9718740911630945
05/17/2023 16:15:46.927676,2392,True,True,True,True,Eyes,1.07077,-0.294548,-3.421197,-0.4934362,-0.1395756,0.8585099,0.0,0.0,0.0,0.0,0.0,0.0,0.0,0.6222546,0.869808,3.443965,1.070599,-0.2923339,-3.431184,0.08234829,-0.2410164,-0.01743756,0.966864,8.675243,331.6824,355.7411,0.2983027,-0.08190857,-0.9509497,0,0,0,0.5453546,-0.4130061,-2.619212,-0.07894808,0.02029885,0.9711314,0.8832141,-0.07341406,0.4631882,-0.005975081,0.9858294,0.1676447,-0.468932,-0.1508337,0.8702598,moving,-1.5994801931963416,0.5316429119759901,-4.6476370531158215,1.1974374418423885,-0.5252444000000001,-0.12067220000000001,0.8119719999999999,-0.02791136757622345,0.009275170554934792,0.9995673097670873,-1.6615074303964696,0.6198466768980943,3.118875090174605,3.120022852267945,3.0414768148764426
05/17/2023 16:15:46.947535,2393,True,True,True,True,Eyes,1.070581,-0.2945331,-3.421239,-0.4956405,-0.1396302,0.8572304,0.0,0.0,0.0,0.0,0.0,0.0,0.0,0.6345772,0.8711352,3.441464,1.070401,-0.2923247,-3.43133,0.08247478,-0.2426437,-0.01706949,0.9664526,8.692552,331.4904,355.7639,0.2982414,-0.08190659,-0.9509691,0,0,0,0.5408599,-0.4129872,-2.619043,-0.07938626,0.02099222,0.9736737,0.8816653,-0.07301769,0.4661917,-0.007030276,0.9858131,0.1676995,-0.4718229,-0.1511323,0.8686439,moving,-1.556412364512805,0.5498119474186153,-4.6611701846065525,1.2350947775375622,-0.5295411,-0.1206625,0.812287,-0.027159930718854086,0.009592341838173035,0.9995851048399316,-1.6185577566500915,0.6380744504941457,3.1782681348804203,3.1794863859889566,3.1006327834263345
05/17/2023 16:15:46.967531,2394,True,True,True,True,Eyes,1.070361,-0.294514,-3.421293,-0.4978077,-0.139623,0.8559749,0.0,0.0,0.0,0.0,0.0,0.0,0.0,0.64634,0.8720212,3.439008,1.070043,-0.2923038,-3.431402,0.08254841,-0.2441833,-0.0167506,0.966064,8.703064,331.3089,355.7835,0.2981811,-0.08190443,-0.9509882,0,0,0,0.5363896,-0.4129685,-2.618875,-0.07984802,0.0215299,0.9760666,0.8801879,-0.07267816,0.4690278,-0.007949579,0.9858104,0.1676745,-0.4745587,-0.1513136,0.8671206,moving,-1.5209167543475708,0.5640416602442907,-4.67671961831432,1.2636150011930543,-0.5336534,-0.12066470000000001,0.8125269999999998,-0.026540604054946515,0.009840757898957844,0.999599356521738,-1.583154215881627,0.6523435594439466,3.2311391494737514,3.2324131195728913,3.1533790883156727
05/17/2023 16:15:46.977289,2395,True,True,True,True,Eyes,1.07014,-0.2944964,-3.421348,-0.4999878,-0.13963,0.8547021,0.0,0.0,0.0,0.0,0.0,0.0,0.0,0.6577464,0.8708081,3.437044,1.069667,-0.2922336,-3.431416,0.08234721,-0.2456967,-0.0166775,0.9656987,8.676188,331.131,355.784,0.2981209,-0.08190198,-0.9510072,0,0,0,0.5318117,-0.4129492,-2.618703,-0.08041519,0.02134645,0.9784888,0.87871,-0.07267576,0.4717912,-0.008253984,0.9858816,0.1672404,-0.4772846,-0.15085,0.8657042,moving,-1.4873783700098766,0.5392835709912215,-4.698183403195514,1.2497511662639598,-0.5378552999999999,-0.12071560000000003,0.812713,-0.025955585397552466,0.009408964045637486,0.9996188252406555,-1.5494303935919578,0.6271603221115695,3.2872041200389925,3.2884697299903562,3.209714142211084
05/17/2023 16:15:46.997423,2396,True,True,True,True,Eyes,1.069912,-0.2944756,-3.421397,-0.5022858,-0.1395622,0.8533648,0.0,0.0,0.0,0.0,0.0,0.0,0.0,0.6686438,0.8723521,3.434582,1.069469,-0.29225,-3.43151,0.08251766,-0.2471539,-0.0164458,0.9653162,8.695431,330.9576,355.7917,0.2980607,-0.08189933,-0.9510263,0,0,0,0.5274169,-0.4129308,-2.618538,-0.08106858,0.02205168,0.9809426,0.8772889,-0.07253992,0.4744492,-0.009038321,0.9858407,0.1674405,-0.4798774,-0.151182,0.8642116,moving,-1.4697398619994009,0.5640762275153588,-4.724390414693615,1.287797498603347,-0.5420521,-0.12068079999999998,0.8129719999999998,-0.025647745918284143,0.009841590400496675,0.9996226541336585,-1.5319640113856527,0.6521870395768816,3.3328043975212336,3.3341449726096144,3.2550863269906753
05/17/2023 16:15:47.017730,2397,True,True,True,True,Eyes,1.069687,-0.2944577,-3.421449,-0.5045832,-0.1394849,0.852021,0.0,0.0,0.0,0.0,0.0,0.0,0.0,0.6786248,0.8719942,3.432435,1.069135,-0.2921589,-3.431342,0.08243506,-0.2484483,-0.01607216,0.9649973,8.691432,330.8069,355.8242,0.2980004,-0.08189642,-0.9510455,0,0,0,0.5227,-0.412911,-2.618361,-0.08232856,0.0222215,0.9832791,0.8760302,-0.07198087,0.476854,-0.009942524,0.9858923,0.1670854,-0.4821536,-0.151113,0.8629558,moving,-1.4727540443861635,0.5651321401903658,-4.786130579494936,1.2946288357710507,-0.5464349999999999,-0.12075209999999997,0.8129809999999997,-0.02570032766031244,0.009859998848919235,0.9996210787453927,-1.5349865221589378,0.653267011094591,3.3913584654701183,3.3927318627136676,3.3138018455700533
05/17/2023 16:15:47.036333,2398,True,True,True,True,Eyes,1.069484,-0.2944328,-3.421482,-0.506956,-0.1393566,0.8506323,0.0,0.0,0.0,0.0,0.0,0.0,0.0,0.6887585,0.8711508,3.430715,1.069003,-0.292217,-3.431463,0.08226472,-0.249793,-0.01587504,0.9646679,8.672438,330.6495,355.8392,0.29794,-0.08189335,-0.9510647,0,0,0,0.5181769,-0.412892,-2.618191,-0.08333352,0.02231586,0.9858705,0.8747029,-0.07172658,0.4793226,-0.01047001,0.985961,0.1666472,-0.4845464,-0.1507853,0.8616719,moving,-1.4734807846295284,0.553849029914265,-4.831604059685147,1.2967081239519644,-0.5508260999999999,-0.12067499999999998,0.813272,-0.025713055380340966,0.009663142353645182,0.9996226388821489,-1.5356329939622566,0.6418500611565673,3.4379059183725666,3.439306843546354,3.360396457040542
05/17/2023 16:15:47.047806,2399,True,True,True,True,Eyes,1.069281,-0.2944095,-3.421516,-0.5092966,-0.1391854,0.8492611,0.0,0.0,0.0,0.0,0.0,0.0,0.0,0.6968316,0.8726814,3.428493,1.068803,-0.291986,-3.431343,0.08248705,-0.2508832,-0.01570899,0.9643687,8.697264,330.5188,355.8412,0.2978803,-0.08188996,-0.9510837,0,0,0,0.5136289,-0.4128729,-2.61802,-0.0848968,0.02278217,0.9882298,0.8736216,-0.07168775,0.4812963,-0.01109073,0.9858983,0.1669781,-0.4864794,-0.1512136,0.860507,moving,-1.5018942327733795,0.5865647932061365,-4.910107706222517,1.3206351586570528,-0.5551740999999999,-0.12088689999999996,0.813323,-0.02620862527439019,0.01023379162052103,0.9996041195334404,-1.564287269237247,0.6750681063498493,3.484913873303427,3.486370373616876,3.4075315428581017
05/17/2023 16:15:47.067572,2400,True,True,True,True,Eyes,1.069079,-0.2943887,-3.421547,-0.5116671,-0.1389486,0.8478739,0.0,0.0,0.0,0.0,0.0,0.0,0.0,0.7042632,0.8682843,3.428077,1.068625,-0.2920136,-3.431382,0.08182696,-0.2518286,-0.01553228,0.9641813,8.625136,330.4131,355.8723,0.2978211,-0.08188633,-0.9511026,0,0,0,0.5090458,-0.4128536,-2.617848,-0.08673787,0.02187132,0.9907408,0.8726822,-0.0711646,0.4830749,-0.01126088,0.9861262,0.165615,-0.4881587,-0.1499691,0.8597734,moving,-1.5499893827337108,0.5251190105892796,-5.003402264062215,1.2646403796061574,-0.5595791999999999,-0.12084,0.8135340000000002,-0.027047984525778918,0.00916157466763684,0.9995921953718336,-1.6119569853998412,0.6130586207934712,3.5303081571221884,3.531706723973303,3.4534706986709387
05/17/2023 16:15:47.087825,2401,True,True,True,True,Eyes,1.068876,-0.2943651,-3.421576,-0.5140036,-0.1387031,0.8464997,0.0,0.0,0.0,0.0,0.0,0.0,0.0,0.7115428,0.8692283,3.426241,1.068376,-0.2920532,-3.431364,0.08192384,-0.2527758,-0.01526015,0.9639295,8.63984,330.3013,355.8913,0.2977625,-0.08188256,-0.9511212,0,0,0,0.504436,-0.4128343,-2.617675,-0.08856532,0.02245179,0.9931557,0.8717431,-0.07083616,0.4848158,-0.01199732,0.9861112,0.1656524,-0.4898165,-0.1502228,0.8587857,moving,-1.5963981014868287,0.55110283724519,-5.095909700412944,1.2950373619324629,-0.56394,-0.12078109999999997,0.8136889999999997,-0.02785751039906742,0.009614677816165318,0.9995656606484227,-1.6585632927874518,0.6395305917789479,3.576229569937838,3.5777115602071805,3.4992912784923993
05/17/2023 16:15:47.097757,2402,True,True,True,True,Eyes,1.06866,-0.2943375,-3.42161,-0.5163451,-0.138405,0.8451223,0.0,0.0,0.0,0.0,0.0,0.0,0.0,0.7186257,0.8674892,3.425139,1.068197,-0.2919662,-3.431362,0.08166154,-0.2536973,-0.01508642,0.9637123,8.611958,330.1949,355.9104,0.2977044,-0.08187859,-0.9511397,0,0,0,0.5000925,-0.412816,-2.617512,-0.09024265,0.02216379,0.9955223,0.8708202,-0.07051256,0.4865184,-0.01235667,0.9862075,0.1650512,-0.4914464,-0.1497417,0.8579382,moving,-1.6456499148877903,0.5372478853429216,-5.179622855013868,1.275392700731228,-0.5681045,-0.12084980000000001,0.81385,-0.028716797697137197,0.009372739635349375,0.9995435986279186,-1.7077293537757343,0.6256922556082942,3.608768626056691,3.6102385669132713,3.532160125522698
05/17/2023 16:15:47.117635,2403,True,True,True,True,Eyes,1.068447,-0.2943105,-3.421642,-0.5186385,-0.1381155,0.8437643,0.0,0.0,0.0,0.0,0.0,0.0,0.0,0.7248702,0.866349,3.423991,1.067972,-0.2918737,-3.43132,0.08148725,-0.2544979,-0.01487114,0.9635193,8.59562,330.1025,355.9326,0.2976464,-0.08187433,-0.9511583,0,0,0,0.4953065,-0.4127959,-2.617332,-0.09252009,0.02205943,0.9980469,0.8700194,-0.07013392,0.4880036,-0.0128194,0.9862774,0.1645984,-0.4928508,-0.1494597,0.8571813,moving,-1.7065285489589146,0.5337099587563998,-5.296247846555777,1.2661794553475891,-0.5726654999999999,-0.12092219999999998,0.8139879999999997,-0.029778847258787378,0.009310730193358874,0.9995131362499416,-1.768598887541303,0.6223393193227171,3.6622015433456108,3.663686149082077,3.5859220988181586
05/17/2023 16:15:47.136464,2404,True,True,True,True,Eyes,1.068233,-0.294282,-3.421676,-0.5209199,-0.1377531,0.8424171,0.0,0.0,0.0,0.0,0.0,0.0,0.0,0.7304282,0.865831,3.4229,1.067837,-0.2918621,-3.431322,0.08138976,-0.2552116,-0.01462558,0.9633426,8.589099,330.02,355.9565,0.2975885,-0.08186982,-0.9511768,0,0,0,0.4910282,-0.4127779,-2.617171,-0.09460288,0.02219332,1.000364,0.8693063,-0.06972209,0.4893317,-0.01336433,0.9863236,0.1642777,-0.4940931,-0.1493472,0.8564855,moving,-1.7772899157918873,0.5436011012775608,-5.402307069041469,1.2709124007028205,-0.5768087999999999,-0.12091579999999996,0.8141510000000003,-0.031013192375272752,0.00948292311956768,0.9994740042721632,-1.8394495363959635,0.6326149652565225,3.695738532106617,3.6972599432046107,3.6195824916730577
05/17/2023 16:15:47.152720,2405,True,True,True,True,Eyes,1.068021,-0.2942548,-3.421713,-0.5231564,-0.1373932,0.8410889,0.0,0.0,0.0,0.0,0.0,0.0,0.0,0.7357657,0.8642231,3.422138,1.067663,-0.2918133,-3.431355,0.08114254,-0.2558784,-0.0143727,0.9631904,8.566437,329.9445,355.9864,0.2975308,-0.08186505,-0.9511953,0,0,0,0.4865201,-0.412759,-2.617002,-0.09692198,0.02202132,1.00282,0.8686393,-0.06921253,0.4905867,-0.01383795,0.9864186,0.1636667,-0.4952517,-0.1489561,0.8558843,moving,-1.8509370611665552,0.5371763685232419,-5.520457888977631,1.2579784465751669,-0.5811429,-0.12094569999999999,0.8143530000000001,-0.03229791001106075,0.009370467917161063,0.9994343836942681,-1.9130703782140885,0.6263880640363378,3.7381154525552733,3.7396441998488643,3.6622603763425023
05/17/2023 16:15:47.167820,2406,True,True,True,True,Eyes,1.067793,-0.2942259,-3.421756,-0.5253772,-0.1370059,0.8397667,0.0,0.0,0.0,0.0,0.0,0.0,0.0,0.7414826,0.8629178,3.421294,1.067538,-0.291819,-3.431455,0.08092885,-0.2566026,-0.01412636,0.9630193,8.547101,329.8617,356.014,0.2974732,-0.08186007,-0.9512138,0,0,0,0.4816127,-0.4127384,-2.616817,-0.09946606,0.02199136,1.005578,0.867911,-0.06874102,0.4919402,-0.01432521,0.9865019,0.1631218,-0.4965131,-0.1486224,0.8552112,moving,-1.916868091308586,0.5362407952000978,-5.648997318099291,1.2528230493033137,-0.5859253000000001,-0.12091940000000001,0.814638,-0.0334479543043994,0.009353793748847539,0.99939665310571,-1.979012204256711,0.625687883439315,3.7987464487743514,3.8002998161146486,3.7231826777757497
05/17/2023 16:15:47.177603,2407,True,True,True,True,Eyes,1.067569,-0.2942013,-3.421795,-0.5275424,-0.1366336,0.838469,0.0,0.0,0.0,0.0,0.0,0.0,0.0,0.7467273,0.8634726,3.41989,1.067361,-0.2917874,-3.431389,0.08099571,-0.2572996,-0.01399987,0.9628295,8.555409,329.7788,356.0198,0.2974152,-0.08185484,-0.9512324,0,0,0,0.4774654,-0.412721,-2.616662,-0.1014317,0.02232726,1.007768,0.8672018,-0.0686393,0.4932035,-0.01472135,0.9864874,0.1631744,-0.4977392,-0.1487658,0.8544732,moving,-1.9812927548109958,0.5615865102673708,-5.747455883416636,1.2691894556787384,-0.5898956,-0.12093360000000003,0.814727,-0.034571531795920846,0.00979551763500576,0.9993542141959808,-2.043634679046169,0.651581436009895,3.830456832337044,3.83206036481988,3.7549608759484525
05/17/2023 16:15:47.197517,2408,True,True,True,True,Eyes,1.067341,-0.2941755,-3.421832,-0.5297158,-0.1362452,0.8371609,0.0,0.0,0.0,0.0,0.0,0.0,0.0,0.7506291,0.8636199,3.418926,1.06726,-0.2918666,-3.431342,0.0809942,-0.2578235,-0.01392943,0.9626905,8.555189,329.7167,356.023,0.2973571,-0.08184953,-0.951251,0,0,0,0.4728208,-0.4127015,-2.616487,-0.104231,0.02260636,1.010234,0.8666661,-0.06858388,0.494152,-0.01494495,0.9864918,0.1631273,-0.4986648,-0.148762,0.853934,moving,-2.066507046471483,0.5776775061154238,-5.890654920572802,1.281913780619,-0.5944392000000001,-0.12083490000000002,0.8148550000000001,-0.03605770155785806,0.010075647094969359,0.999298893862828,-2.128986293612412,0.6681860551991171,3.886784160449945,3.888451580426367,3.8114055911182065
05/17/2023 16:15:47.217586,2409,True,True,True,True,Eyes,1.067116,-0.2941428,-3.421869,-0.5318269,-0.1358736,0.8358818,0.0,0.0,0.0,0.0,0.0,0.0,0.0,0.7535978,0.865234,3.417684,1.06713,-0.2918247,-3.431206,0.08121765,-0.2582115,-0.01372717,0.9625706,8.584416,329.6699,356.0352,0.2972987,-0.08184411,-0.9512697,0,0,0,0.4682652,-0.4126823,-2.616316,-0.10726,0.02326359,1.012544,0.8662768,-0.0683694,0.4948637,-0.01551591,0.9864305,0.1634445,-0.4993233,-0.1492664,0.8534611,moving,-2.164822733704288,0.6216661944884125,-6.046859795057674,1.316161139344007,-0.5988647999999999,-0.12085760000000001,0.8148900000000001,-0.037772072564164844,0.010842165645518861,0.9992274957636689,-2.227641716012069,0.7130750376767279,3.941899668735518,3.943670241558136,3.866541035775133
05/17/2023 16:15:47.227602,2410,True,True,True,True,Eyes,1.066869,-0.2941061,-3.421925,-0.5339025,-0.135491,0.8346198,0.0,0.0,0.0,0.0,0.0,0.0,0.0,0.7567937,0.8651737,3.416984,1.066964,-0.2916258,-3.431266,0.08122434,-0.258615,-0.01362449,0.9624631,8.586588,329.6224,356.0428,0.2972402,-0.08183839,-0.9512885,0,0,0,0.4638578,-0.4126638,-2.616151,-0.1099773,0.02331237,1.014969,0.8658653,-0.0682378,0.4956016,-0.01578554,0.986434,0.1633979,-0.5000281,-0.1493039,0.8530418,moving,-2.2583618021785123,0.6393635214184924,-6.184175807388383,1.3157698420986854,-0.6031062,-0.12103800000000003,0.815115,-0.039403192232363826,0.011150100442548258,0.9991611305696945,-2.3213317678396788,0.7313365808958384,3.9818693698607586,3.9836592618041617,3.90680512832124
05/17/2023 16:15:47.247750,2411,True,True,True,True,Eyes,1.066626,-0.2940721,-3.421978,-0.5359339,-0.1351038,0.8333799,0.0,0.0,0.0,0.0,0.0,0.0,0.0,0.7622094,0.863239,3.416363,1.066837,-0.2915502,-3.431405,0.08093576,-0.259297,-0.01342419,0.9623069,8.557875,329.5449,356.068,0.2971809,-0.08183228,-0.9513076,0,0,0,0.4593326,-0.4126448,-2.615981,-0.1122206,0.02303389,1.017604,0.8651697,-0.06780918,0.4968736,-0.01613643,0.9865384,0.1627318,-0.5012196,-0.1488084,0.8524289,moving,-2.317135687300812,0.6296534663492223,-6.293106243084597,1.2966923836096844,-0.6075044,-0.1210946,0.8154239999999997,-0.04042819142346221,0.010980321908407517,0.9991222315295941,-2.3800519809691933,0.7217289390057741,4.029763928001348,4.031536032035386,3.9550697365394605
05/17/2023 16:15:47.267755,2412,True,True,True,True,Eyes,1.066358,-0.2940395,-3.422045,-0.5379511,-0.1347223,0.8321409,0.0,0.0,0.0,0.0,0.0,0.0,0.0,0.7668372,0.8614597,3.415706,1.066701,-0.2915859,-3.431374,0.08066382,-0.259898,-0.01332893,0.9621688,8.528195,329.4761,356.0817,0.2971209,-0.08182589,-0.9513268,0,0,0,0.4547795,-0.4126257,-2.615809,-0.1147219,0.02278599,1.02008,0.8645508,-0.06757808,0.4979811,-0.01627937,0.9866314,0.1621528,-0.5022817,-0.1482961,0.8518928,moving,-2.383831205743209,0.6176320811620591,-6.416728935671223,1.2796290346024959,-0.6119214999999999,-0.12103979999999998,0.8155649999999999,-0.04159128767018874,0.010770176986192884,0.9990766385212556,-2.44667944382757,0.7098116360339807,4.0851022774802885,4.0868697148824005,4.010733702877746
05/17/2023 16:15:47.283543,2413,True,True,True,True,Eyes,1.066097,-0.2940074,-3.422111,-0.5399192,-0.1343537,0.830925,0.0,0.0,0.0,0.0,0.0,0.0,0.0,0.7707087,0.860965,3.414918,1.066545,-0.2916391,-3.431377,0.08056852,-0.260379,-0.01310212,0.9620499,8.522562,329.4211,356.1057,0.2970597,-0.08181927,-0.9513465,0,0,0,0.4498959,-0.4126052,-2.615626,-0.1177334,0.02299804,1.022716,0.8640623,-0.06716649,0.4988838,-0.0167469,0.9866741,0.1618449,-0.5031062,-0.1481988,0.8514231,moving,-2.4626000892574647,0.6285328247590514,-6.566889950666409,1.2882057078086555,-0.6166491000000001,-0.12096610000000002,0.8157510000000001,-0.04296466758577114,0.010959617761744783,0.9990164858374911,-2.525546930416246,0.7211390665888876,4.1551404275568435,4.1569656697037125,4.080933469551909
05/17/2023 16:15:47.307966,2414,True,True,True,True,Eyes,1.065901,-0.2939748,-3.422137,-0.5423785,-0.1340262,0.8293748,0.0,0.0,0.0,0.0,0.0,0.0,0.0,0.7746718,0.8605688,3.414139,1.066447,-0.2916195,-3.431427,0.08049825,-0.2608851,-0.01292746,0.961921,8.518038,329.3625,356.1228,0.2969974,-0.08181246,-0.9513665,0,0,0,0.4456535,-0.4125874,-2.615467,-0.1201598,0.0231434,1.025103,0.8635437,-0.06687198,0.4998204,-0.01713119,0.9867058,0.1616111,-0.503983,-0.1481208,0.850918,moving,-2.571683861181337,0.6356792901600096,-6.685548062039206,1.2933275186760005,-0.6207935,-0.12096790000000002,0.8159599999999996,-0.04486652597961857,0.011083296854896618,0.9989315160715857,-2.6347105648181985,0.7287802202755894,4.164227750424147,4.166098877315584,4.089987540448376
05/17/2023 16:15:47.317356,2415,True,True,True,True,Eyes,1.065706,-0.293938,-3.422165,-0.5447872,-0.1336837,0.82785,0.0,0.0,0.0,0.0,0.0,0.0,0.0,0.7797937,0.8591529,3.413208,1.0662,-0.29148,-3.431395,0.08029392,-0.2615082,-0.01259538,0.9617733,8.503017,329.2923,356.1607,0.2969362,-0.08180551,-0.9513862,0,0,0,0.4410736,-0.4125681,-2.615295,-0.1225421,0.02304035,1.027578,0.8629097,-0.06622282,0.5010005,-0.01776724,0.9867885,0.1610367,-0.5050458,-0.1478615,0.8503327,moving,-2.665148788654966,0.6353094687239045,-6.8005960484646755,1.2844705246419912,-0.6251264000000001,-0.12108809999999998,0.8161,-0.046495997716044096,0.011076023096729129,0.9988570925504211,-2.728197617372482,0.7287556715342179,4.184212600745521,4.186088163809778,4.11013965450406
05/17/2023 16:15:47.327820,2416,True,True,True,True,Eyes,1.065557,-0.2939048,-3.422167,-0.5474764,-0.1333335,0.8261307,0.0,0.0,0.0,0.0,0.0,0.0,0.0,0.7855196,0.8566283,3.412545,1.066067,-0.2913495,-3.431463,0.0799375,-0.2622576,-0.01255104,0.9615995,8.461944,329.206,356.1702,0.296876,-0.08179832,-0.9514056,0,0,0,0.4365784,-0.4125493,-2.615126,-0.1245911,0.0224605,1.030206,0.8621269,-0.06606658,0.5023668,-0.01779028,0.986905,0.1603189,-0.50638,-0.1471525,0.8496619,moving,-2.7608477023986806,0.6078594350654374,-6.89575060479366,1.248961874206008,-0.6294886000000002,-0.12119980000000002,0.8163369999999999,-0.048164537311906175,0.010596637801971426,0.9987832862410763,-2.823726136378508,0.7013315192170823,4.182488488368332,4.184308108840267,4.10868376455003
05/17/2023 16:15:47.347917,2417,True,True,True,True,Eyes,1.06541,-0.2938757,-3.422172,-0.5500975,-0.1329933,0.8244426,0.0,0.0,0.0,0.0,0.0,0.0,0.0,0.7911034,0.8547448,3.411665,1.065943,-0.291342,-3.43144,0.07965784,-0.2630015,-0.01251756,0.96142,8.429072,329.1196,356.1761,0.296818,-0.08179101,-0.9514243,0,0,0,0.4319219,-0.4125297,-2.614951,-0.1268391,0.02213043,1.032833,0.861347,-0.06596952,0.5037156,-0.01783101,0.9869959,0.1597535,-0.5077041,-0.146585,0.8489696,moving,-2.8527625942584285,0.5881667640792989,-7.001265352312678,1.2274842521031617,-0.6340211,-0.12118770000000001,0.8164889999999998,-0.04976691665764896,0.010252546582007652,0.9987082743929152,-2.9155249494972404,0.6817444567744784,4.1956711143473715,4.197475668074427,4.122026996928071
05/17/2023 16:15:47.367687,2418,True,True,True,True,Eyes,1.065289,-0.2938433,-3.42216,-0.5528727,-0.1326514,0.8226393,0.0,0.0,0.0,0.0,0.0,0.0,0.0,0.7960373,0.8544953,3.410627,1.06588,-0.291416,-3.4315,0.07959571,-0.2636562,-0.01239803,0.9612474,8.423263,329.0426,356.1856,0.2967622,-0.08178373,-0.9514424,0,0,0,0.4274384,-0.4125109,-2.614782,-0.1291501,0.02237126,1.035432,0.8606634,-0.06580695,0.504904,-0.01813665,0.9870216,0.15956,-0.5088513,-0.1464847,0.8482999,moving,-2.966781721105272,0.5942605459143747,-7.109820303974399,1.237724339499588,-0.6384415999999999,-0.1210949,0.8167180000000003,-0.05175419820065191,0.010357717876489606,0.9986061560398766,-3.0296177395890136,0.6883386545474562,4.1908419323035915,4.192709667124268,4.117022904629922
05/17/2023 16:15:47.377344,2419,True,True,True,True,Eyes,1.065162,-0.2938107,-3.422154,-0.5556008,-0.1322967,0.8208565,0.0,0.0,0.0,0.0,0.0,0.0,0.0,0.8009359,0.8535919,3.40966,1.065554,-0.2912571,-3.431569,0.07947411,-0.2642665,-0.01226432,0.9610914,8.411506,328.9716,356.1989,0.2967089,-0.08177638,-0.9514596,0,0,0,0.4228354,-0.4124915,-2.614609,-0.1314069,0.02227638,1.037999,0.8600256,-0.06557895,0.5060192,-0.01843043,0.9870669,0.1592459,-0.509918,-0.1462817,0.8476942,moving,-3.083361641219658,0.5951592756684421,-7.215056392786563,1.2294295685482242,-0.6427185999999999,-0.12123440000000002,0.8169599999999999,-0.053785949620409,0.010372266699766874,0.9984986465142153,-3.1462349549645823,0.6896845072465906,4.178226602445045,4.180095731506076,4.1044649619748546
05/17/2023 16:15:47.397534,2420,True,True,True,True,Eyes,1.065058,-0.2937758,-3.422137,-0.5584623,-0.1319191,0.8189732,0.0,0.0,0.0,0.0,0.0,0.0,0.0,0.8089311,0.8510156,3.40847,1.065298,-0.2912266,-3.431704,0.07908637,-0.26529,-0.01207184,0.9608439,8.370532,328.8538,356.2237,0.2966578,-0.08176897,-0.9514762,0,0,0,0.4183968,-0.4124729,-2.614443,-0.1326728,0.02188516,1.040681,0.858951,-0.06515995,0.5078951,-0.01876334,0.9871992,0.1583844,-0.511714,-0.1455742,0.8467331,moving,-3.1612495902694735,0.5715869401093531,-7.265248500898625,1.204732768993191,-0.6469012000000001,-0.12124629999999997,0.8172609999999998,-0.055143485838305695,0.009960729113944009,0.9984287013249666,-3.2239754427442215,0.6661183355154251,4.1507165063657006,4.152551107340916,4.077007902680006
05/17/2023 16:15:47.417749,2421,True,True,True,True,Eyes,1.06495,-0.2937417,-3.422119,-0.5612842,-0.1315218,0.8171059,0.0,0.0,0.0,0.0,0.0,0.0,0.0,0.8187487,0.8492557,3.406573,1.06514,-0.2911049,-3.431771,0.07882361,-0.2665817,-0.01182248,0.9605111,8.344145,328.7032,356.2485,0.2966093,-0.08176143,-0.951492,0,0,0,0.4138577,-0.4124538,-2.614272,-0.1335516,0.02171232,1.0435,0.8575888,-0.06473711,0.5102456,-0.01931463,0.9872942,0.1577252,-0.5139732,-0.1451185,0.845442,moving,-3.205361492487919,0.5663156763952149,-7.293310342517941,1.1919931162721416,-0.6512823,-0.12134889999999998,0.8174989999999998,-0.055912211486219776,0.009868450652240054,0.9983869125485043,-3.2680614419308194,0.6609483419486649,4.133747464776174,4.135552932708362,4.060127739864117
05/17/2023 16:15:47.427944,2422,True,True,True,True,Eyes,1.064859,-0.2937105,-3.422092,-0.56415,-0.1311262,0.8151937,0.0,0.0,0.0,0.0,0.0,0.0,0.0,0.8275532,0.8463525,3.405075,1.064967,-0.2910993,-3.431734,0.07839367,-0.2677621,-0.01178583,0.9602183,8.293183,328.5656,356.256,0.2965631,-0.08175383,-0.951507,0,0,0,0.4093104,-0.4124347,-2.614101,-0.1346852,0.02113021,1.046204,0.8563292,-0.06461563,0.5123721,-0.01934776,0.9874311,0.1568616,-0.5160679,-0.1442385,0.8443159,moving,-3.2644845125629334,0.5342741840850949,-7.335740661154902,1.1570470715692642,-0.6556565999999999,-0.12133539999999998,0.8176330000000003,-0.05694271590236816,0.009309578985995631,0.9983340774464706,-3.3269716348141234,0.6287402925743558,4.116868579308595,4.118612957881971,4.04343135953625
05/17/2023 16:15:47.447794,2423,True,True,True,True,Eyes,1.06476,-0.2936746,-3.422068,-0.5669701,-0.1307245,0.8132995,0.0,0.0,0.0,0.0,0.0,0.0,0.0,0.8359612,0.8471066,3.402838,1.064785,-0.2911084,-3.431795,0.07847066,-0.2688553,-0.01140355,0.959911,8.309363,328.4368,356.2865,0.2965195,-0.08174624,-0.9515213,0,0,0,0.4047793,-0.4124157,-2.613931,-0.1359653,0.02184334,1.048933,0.8551736,-0.06408729,0.5143645,-0.02030171,0.9874246,0.1567815,-0.5179439,-0.1445179,0.8431184,moving,-3.3336549861993747,0.5705063121443448,-7.385640448285527,1.192974507753293,-0.6600057000000001,-0.1213073,0.8178640000000001,-0.05814756230547008,0.009940202007035076,0.9982585433025359,-3.396418809170791,0.6656697750352538,4.097684347916818,4.099518610703236,4.023920919591749
05/17/2023 16:15:47.467886,2424,True,True,True,True,Eyes,1.064675,-0.2936345,-3.422038,-0.5698598,-0.130278,0.8113491,0.0,0.0,0.0,0.0,0.0,0.0,0.0,0.8449178,0.8441522,3.40129,1.064535,-0.290971,-3.431816,0.07804064,-0.2699832,-0.01096561,0.9596346,8.271266,328.3084,356.3392,0.2964779,-0.08173853,-0.951535,0,0,0,0.400096,-0.412396,-2.613755,-0.1372489,0.02147222,1.051735,0.8539777,-0.0631853,0.5164589,-0.02109337,0.9875788,0.1557021,-0.5198819,-0.14386,0.8420375,moving,-3.4048136518297647,0.5561394396571471,-7.43494726182978,1.169588056886036,-0.664439,-0.121425,0.8180610000000001,-0.059387449068706466,0.009689179909465634,0.9981879390659075,-3.467493875766854,0.651395298634786,4.074767213187001,4.07655444222591,4.001151097532586
05/17/2023 16:15:47.477510,2425,True,True,True,True,Eyes,1.064584,-0.2935953,-3.42201,-0.5727453,-0.1297949,0.8093925,0.0,0.0,0.0,0.0,0.0,0.0,0.0,0.8575153,0.8401533,3.399195,1.064217,-0.2908081,-3.431995,0.0774538,-0.271571,-0.01038907,0.9592405,8.218638,328.1271,356.4085,0.2964386,-0.08173062,-0.9515479,0,0,0,0.3952356,-0.4123756,-2.613573,-0.1375405,0.02095713,1.054881,0.8522825,-0.06199964,0.5193945,-0.02213719,0.987786,0.1542364,-0.5226132,-0.1429509,0.8405002,moving,-3.4227228457319425,0.5342200904257829,-7.42859483391854,1.1381351655431193,-0.6689814,-0.1215675,0.818422,-0.059699676864929274,0.009307134925895744,0.998173050936582,-3.4852515054193383,0.6292776769294175,4.049431203964849,4.051138581151233,3.9760398074135783
05/17/2023 16:15:47.497741,2426,True,True,True,True,Eyes,1.064521,-0.2935542,-3.421963,-0.5756623,-0.1293462,0.8073925,0.0,0.0,0.0,0.0,0.0,0.0,0.0,0.8705438,0.8352722,3.397039,1.064003,-0.290806,-3.432016,0.07673468,-0.2733065,-0.01027406,0.9588065,8.136477,327.9257,356.4297,0.2964011,-0.08172254,-0.9515603,0,0,0,0.3911792,-0.4123586,-2.61342,-0.1369413,0.01992112,1.057552,0.850396,-0.06164583,0.5225192,-0.0222425,0.9880125,0.1527633,-0.5256727,-0.1415315,0.8388308,moving,-3.422087903528727,0.4791927888506755,-7.378115970427678,1.079153673983843,-0.6728238,-0.12155260000000001,0.8185959999999999,-0.05968912219095829,0.00834848332895631,0.9981821896177863,-3.484223989841757,0.5735820055956435,3.999685547320362,4.001263691608193,3.9265757942956063
05/17/2023 16:15:47.517769,2427,True,True,True,True,Eyes,1.064448,-0.2935141,-3.42192,-0.5785474,-0.1288638,0.8054048,0.0,0.0,0.0,0.0,0.0,0.0,0.0,0.8821533,0.8367332,3.393616,1.063837,-0.2906686,-3.432013,0.07694403,-0.274932,-0.01037346,0.9583238,8.150317,327.7281,356.398,0.2963662,-0.08171427,-0.9515718,0,0,0,0.3866665,-0.4123396,-2.613251,-0.1369489,0.02039916,1.060454,0.8486096,-0.06219101,0.5253514,-0.0224265,0.987944,0.1531786,-0.5285441,-0.1417706,0.836984,moving,-3.429977258259493,0.5186215342296921,-7.358550740438693,1.1020201181397002,-0.6771704999999999,-0.12167099999999997,0.818762,-0.059826200160569276,0.009035316106574584,0.9981678484590865,-3.4923966050549033,0.6135174781088877,3.97006632228183,3.971655009261228,3.896893971852743
05/17/2023 16:15:47.536751,2428,True,True,True,True,Eyes,1.064391,-0.2934792,-3.421868,-0.5814373,-0.128446,0.8033879,0.0,0.0,0.0,0.0,0.0,0.0,0.0,0.8921422,0.8326105,3.391965,1.063554,-0.290664,-3.432048,0.07634382,-0.2762726,-0.01046963,0.9579852,8.076058,327.5715,356.3956,0.2963333,-0.08170585,-0.9515828,0,0,0,0.3820542,-0.4123203,-2.613077,-0.1375484,0.01939658,1.063325,0.8471277,-0.06224292,0.5277315,-0.0221239,0.988124,0.1520574,-0.5309287,-0.1404875,0.8356901,moving,-3.4734338825019617,0.46519460909474275,-7.370673240611234,1.0450416656839114,-0.6814998000000001,-0.1216563,0.8189709999999999,-0.06058373675132106,0.0081041738778041,0.9981301317066353,-3.535483749852125,0.5596065445208596,3.9386551648600907,3.9401392390918235,3.8657891415450614
05/17/2023 16:15:47.547614,2429,True,True,True,True,Eyes,1.064377,-0.2934541,-3.421792,-0.5843127,-0.1281206,0.8013512,0.0,0.0,0.0,0.0,0.0,0.0,0.0,0.9039131,0.834024,3.388596,1.063153,-0.2907041,-3.432264,0.07651279,-0.2778409,-0.01032122,0.9575197,8.093545,327.3828,356.3932,0.2963027,-0.08169747,-0.9515931,0,0,0,0.3775383,-0.4123013,-2.612908,-0.1373774,0.02020636,1.066263,0.8453959,-0.0622823,0.5304967,-0.02275121,0.9880785,0.1522603,-0.5336555,-0.1407897,0.8339006,moving,-3.4905565053060883,0.500242233991009,-7.341547886879092,1.0856614039516808,-0.6856147,-0.12159719999999996,0.819356,-0.06088171307388468,0.008714567295514716,0.9981069274367005,-3.5528608371671924,0.5951424231542044,3.893667956261499,3.895234296612592,3.8203086827084083
05/17/2023 16:15:47.568659,2430,True,True,True,True,Eyes,1.064352,-0.2934285,-3.421719,-0.587155,-0.1278199,0.7993191,0.0,0.0,0.0,0.0,0.0,0.0,0.0,0.9158452,0.8360611,3.384946,1.062961,-0.2908346,-3.432369,0.07675931,-0.279469,-0.01016634,0.9570276,8.119561,327.1861,356.3883,0.2962753,-0.08168941,-0.9516023,0,0,0,0.3729253,-0.4122819,-2.612735,-0.1373725,0.02126613,1.069288,0.8435875,-0.06236263,0.5333583,-0.02344475,0.9880093,0.1526039,-0.5364797,-0.1412392,0.8320102,moving,-3.49862872678453,0.5429040855271761,-7.32074609880266,1.1393552391205126,-0.6900357,-0.12144729999999998,0.8196340000000002,-0.061021919921828593,0.009457663798663737,0.9980915901711354,-3.561239423177404,0.6383508163047286,3.866690445863945,3.8683762981521843,3.792742526952211
05/17/2023 16:15:47.583335,2431,True,True,True,True,Eyes,1.064319,-0.2934074,-3.421654,-0.5899478,-0.1275653,0.7973009,0.0,0.0,0.0,0.0,0.0,0.0,0.0,0.9254899,0.8376347,3.38185,1.062735,-0.2907902,-3.432363,0.07697347,-0.2807968,-0.01012903,0.9566221,8.139321,327.0249,356.374,0.2962507,-0.08168162,-0.9516106,0,0,0,0.3677925,-0.4122604,-2.612542,-0.1384505,0.02196524,1.072453,0.8421012,-0.06260711,0.5356734,-0.02384849,0.987945,0.1529574,-0.5387921,-0.1415806,0.8304565,moving,-3.5385110841493472,0.5737719626097147,-7.356029863645097,1.1733284503571175,-0.6949425,-0.12147020000000003,0.8198210000000001,-0.06171633545219418,0.009994953246130117,0.998043702689266,-3.6013524687511875,0.6697415273881024,3.8625444633915684,3.8643133431183765,3.7882980517262257
05/17/2023 16:15:47.599204,2432,True,True,True,True,Eyes,1.064322,-0.2933867,-3.421572,-0.5927121,-0.1273519,0.7952822,0.0,0.0,0.0,0.0,0.0,0.0,0.0,0.9336554,0.8405682,3.378955,1.062525,-0.2908711,-3.432497,0.0773589,-0.2818782,-0.009810657,0.9562762,8.188027,326.8938,356.387,0.2962283,-0.0816742,-0.9516183,0,0,0,0.3639483,-0.4122442,-2.612397,-0.1389836,0.02333337,1.074916,0.840897,-0.06237496,0.5375889,-0.02484817,0.9878387,0.1534838,-0.5406247,-0.1424221,0.8291206,moving,-3.6083020452118806,0.6308046095036149,-7.367308791355218,1.2435331680600463,-0.6985766999999999,-0.12137310000000001,0.8201,-0.06293132928420803,0.010987572335420026,0.9979573330586617,-3.6715686254904236,0.7277255986241121,3.806670326369693,3.808617597504607,3.7315617135823635
05/17/2023 16:15:47.617746,2433,True,True,True,True,Eyes,1.064316,-0.2933683,-3.421498,-0.595446,-0.1271555,0.7932689,0.0,0.0,0.0,0.0,0.0,0.0,0.0,0.9433133,0.8402357,3.376486,1.062274,-0.2907909,-3.432711,0.07729916,-0.2831228,-0.009428204,0.955917,8.189323,326.7473,356.4206,0.2962088,-0.08166711,-0.9516249,0,0,0,0.3594093,-0.4122252,-2.612227,-0.1396355,0.02376794,1.077913,0.8395053,-0.06179547,0.5398262,-0.02574514,0.9878719,0.1531218,-0.5427414,-0.1424445,0.8277326,moving,-3.6578948246731113,0.6420778491153041,-7.381131095677255,1.2631650336381743,-0.7028646999999999,-0.1214343,0.820484,-0.06379495928024081,0.011183311410919605,0.9979003680326906,-3.7212549345037558,0.7393208556233539,3.7726688844613334,3.7746837775500333,3.697175440517544
05/17/2023 16:15:47.627400,2434,True,True,True,True,Eyes,1.06431,-0.2933491,-3.421421,-0.5981148,-0.1269697,0.7912885,0.0,0.0,0.0,0.0,0.0,0.0,0.0,0.9536337,0.8401198,3.373701,1.062096,-0.2908346,-3.432848,0.07725296,-0.284459,-0.008927632,0.955529,8.195765,326.5904,356.466,0.2961917,-0.08166039,-0.9516308,0,0,0,0.3551732,-0.4122074,-2.612068,-0.139942,0.02444868,1.080727,0.8380067,-0.06101182,0.5422382,-0.02688938,0.9879045,0.152714,-0.544997,-0.1425558,0.8262301,moving,-3.6932699673021583,0.6596991597469877,-7.378105205309648,1.295949195575944,-0.7069227999999999,-0.1213728,0.8207800000000001,-0.06441084291512705,0.0114897601123998,0.9978573734040863,-3.756765108632526,0.757287811322114,3.737240132011413,3.7393615550457353,3.661182893913894
05/17/2023 16:15:47.647719,2435,True,True,True,True,Eyes,1.064297,-0.2933279,-3.421349,-0.6007237,-0.1268069,0.7893358,0.0,0.0,0.0,0.0,0.0,0.0,0.0,0.9619352,0.8400997,3.371275,1.061865,-0.290785,-3.432852,0.07724271,-0.2855429,-0.008592725,0.9552095,8.201725,326.4623,356.494,0.2961767,-0.08165398,-0.951636,0,0,0,0.3504997,-0.4121877,-2.611892,-0.1411609,0.02494057,1.083608,0.8367829,-0.06052792,0.5441791,-0.02769651,0.9879194,0.1524731,-0.5468341,-0.1426587,0.8249976,moving,-3.753521449410899,0.6727019393159036,-7.422087236713599,1.3184999978180922,-0.7113653,-0.12140269999999997,0.8209599999999999,-0.06545996437007245,0.011715412475083467,0.9977864004716379,-3.817125277698952,0.7706734260420108,3.7227637837844534,3.7249738345568386,3.646349500347801
05/17/2023 16:15:47.667767,2436,True,True,True,True,Eyes,1.064262,-0.2933001,-3.421293,-0.6034358,-0.126609,0.7872963,0.0,0.0,0.0,0.0,0.0,0.0,0.0,0.9683557,0.840795,3.369279,1.061721,-0.2907177,-3.432918,0.07733803,-0.2863702,-0.008228143,0.9549572,8.221274,326.3645,356.5239,0.2961636,-0.0816478,-0.9516407,0,0,0,0.3459498,-0.4121686,-2.611721,-0.1428859,0.02564293,1.086448,0.8358488,-0.06000966,0.5456699,-0.02857957,0.9879023,0.1524216,-0.5482153,-0.1429964,0.8240219,moving,-3.8522869029025903,0.6988617027361751,-7.492343725705127,1.3520747684951975,-0.7157711999999999,-0.12145089999999997,0.8211969999999997,-0.06717947207741809,0.012169581236940091,0.9976667216161148,-3.9161034456819923,0.7975193836605308,3.6958702642793018,3.6982023988026396,3.618981378137925
05/17/2023 16:15:47.677616,2437,True,True,True,True,Eyes,1.064219,-0.2932723,-3.421243,-0.6060947,-0.1263948,0.7852857,0.0,0.0,0.0,0.0,0.0,0.0,0.0,0.9749271,0.8402159,3.367557,1.061435,-0.2905533,-3.433048,0.07726634,-0.2871963,-0.007922033,0.9547176,8.220593,326.2678,356.553,0.2961513,-0.08164161,-0.9516451,0,0,0,0.3415095,-0.41215,-2.611554,-0.1443507,0.02586885,1.089231,0.834911,-0.05950781,0.5471584,-0.02925459,0.9879344,0.1520854,-0.5496069,-0.1429847,0.8230965,moving,-3.947551001742167,0.7059593844368032,-7.549152149215577,1.360498689899763,-0.7199254999999999,-0.1215967,0.821494,-0.06883806805394638,0.012291776955147313,0.9975521510505125,-4.011443397776015,0.8050594495776203,3.6582119679221536,3.6605945593411073,3.5810467687118672
05/17/2023 16:15:47.697738,2438,True,True,True,True,Eyes,1.064139,-0.2932472,-3.421216,-0.6087314,-0.1261366,0.7832852,0.0,0.0,0.0,0.0,0.0,0.0,0.0,0.9828966,0.8364636,3.366235,1.061215,-0.2905438,-3.433177,0.07671886,-0.2881648,-0.007364258,0.9544742,8.175641,326.1596,356.6249,0.2961395,-0.08163541,-0.9516492,0,0,0,0.3415095,-0.41215,-2.611554,-0.1419745,0.02535867,1.089508,0.8338136,-0.05827334,0.5489619,-0.03015736,0.98812,0.1506966,-0.5512217,-0.1422081,0.8221505,static,-4.0271596233083,0.6753695003016472,-7.424414788276109,1.33333805426696,-0.7197055,-0.1216062,0.8216230000000002,-0.07022448344658733,0.011758048909491253,0.997461946118779,-4.090854971105607,0.7743972348992897,3.458065912651597,3.4603851337542846,3.3800940658817815
05/17/2023 16:15:47.717418,2439,True,True,True,True,Eyes,1.064058,-0.2932214,-3.421194,-0.6113138,-0.1258963,0.7813101,0.0,0.0,0.0,0.0,0.0,0.0,0.0,0.9906927,0.8343426,3.364481,1.060988,-0.2906338,-3.433244,0.07639361,-0.2891615,-0.007044118,0.9542013,8.147157,326.0444,356.6629,0.2961271,-0.08162924,-0.9516537,0,0,0,0.3415095,-0.41215,-2.611554,-0.139533,0.02517042,1.089719,0.832672,-0.0576232,0.5507603,-0.03073717,0.9882288,0.1498635,-0.5529128,-0.141716,0.8210993,static,-4.0978208625631645,0.6586279895458749,-7.296729454403989,1.3231873927321558,-0.7194785,-0.12151620000000002,0.8216900000000003,-0.07145480819722344,0.011465590286018998,0.9973778939855398,-4.1614155457580875,0.7577175186695019,3.2649046875131362,3.267209111660341,3.185898536397679
05/17/2023 16:15:47.727522,2440,True,True,True,True,Eyes,1.063949,-0.2931884,-3.421186,-0.6138247,-0.1256256,0.7793827,0.0,0.0,0.0,0.0,0.0,0.0,0.0,0.9974552,0.8346015,3.362482,1.0609,-0.2905926,-3.433338,0.07642586,-0.2900545,-0.006783639,0.9539295,8.15633,325.9383,356.6829,0.2961141,-0.08162308,-0.9516582,0,0,0,0.3415095,-0.41215,-2.611554,-0.1374055,0.02551576,1.089998,0.8316447,-0.05727755,0.5523462,-0.0313931,0.9882262,0.149745,-0.55442,-0.1418745,0.820055,static,-4.1750902562957855,0.6797448993324554,-7.1848259107323456,1.340991825064821,-0.7193904999999999,-0.12155740000000004,0.8217840000000001,-0.07279950240005023,0.01183202926789751,0.997276382101997,-4.2388559977909726,0.779379150231014,3.079190860793429,3.0815184903513355,2.999024428791767
05/17/2023 16:15:47.747523,2441,True,True,True,True,Eyes,1.063838,-0.2931572,-3.421185,-0.6162797,-0.1253443,0.7774884,0.0,0.0,0.0,0.0,0.0,0.0,0.0,1.002838,0.8321594,3.361392,1.060671,-0.2904282,-3.433331,0.07609697,-0.29074,-0.00661756,0.9537483,8.12347,325.8595,356.7066,0.2960998,-0.08161671,-0.9516633,0,0,0,0.3415095,-0.41215,-2.611554,-0.135678,0.02488956,1.090091,0.8308529,-0.05687183,0.5535783,-0.03162589,0.9883309,0.1490027,-0.5555926,-0.1413068,0.8193591,static,-4.273262936677103,0.6582587923784284,-7.094823584677104,1.3079816313134809,-0.7191614999999999,-0.12172179999999999,0.821777,-0.07450849498166434,0.011456597187361403,0.9971546042944365,-4.336901468180691,0.7580003627556988,2.89316091136974,2.8954005349478007,2.8122257726620177
05/17/2023 16:15:47.767494,2442,True,True,True,True,Eyes,1.063703,-0.2931229,-3.4212,-0.6186631,-0.1250421,0.7756419,0.0,0.0,0.0,0.0,0.0,0.0,0.0,1.008888,0.8298939,3.360258,1.060502,-0.2904495,-3.433496,0.07576293,-0.2915142,-0.006453971,0.9535397,8.089689,325.77,356.7296,0.296084,-0.0816102,-0.9516687,0,0,0,0.3415095,-0.41215,-2.611554,-0.1337113,0.02446827,1.090353,0.8299557,-0.05648018,0.5549628,-0.0318637,0.9884366,0.1482488,-0.5569187,-0.1407231,0.8185589,static,-4.355976476298272,0.638105212410873,-6.991343576683269,1.2855408700363156,-0.7189925,-0.12170049999999999,0.821942,-0.07594822829199016,0.011104640485870683,0.9970498827484093,-4.419493204494785,0.737912381221054,2.7115308044661215,2.7137304001238802,2.6295078054054395
05/17/2023 16:15:47.777882,2443,True,True,True,True,Eyes,1.063567,-0.2930903,-3.421217,-0.6209934,-0.1247305,0.7738278,0.0,0.0,0.0,0.0,0.0,0.0,0.0,1.014792,0.8287741,3.358765,1.06035,-0.290375,-3.433557,0.07560775,-0.2922938,-0.006336257,0.9533141,8.073989,325.678,356.7413,0.2960663,-0.08160344,-0.9516748,0,0,0,0.3415095,-0.41215,-2.611554,-0.1317897,0.02425627,1.090547,0.8290484,-0.05628023,0.5563374,-0.03211846,0.9884866,0.1478599,-0.5582537,-0.1404518,0.8176957,static,-4.433910122247887,0.6361269784219685,-6.890628216934772,1.2741796378731645,-0.7188404999999999,-0.12177500000000002,0.822003,-0.07730437600032203,0.011069058802121827,0.9969460737246953,-4.497433390964775,0.7362018348248277,2.5360595116469042,2.5382228020791833,2.452916955712581
05/17/2023 16:15:47.797537,2444,True,True,True,True,Eyes,1.063403,-0.2930549,-3.421251,-0.6232867,-0.1244348,0.7720296,0.0,0.0,0.0,0.0,0.0,0.0,0.0,1.020814,0.8258582,3.357681,1.060179,-0.2903947,-3.43363,0.07518391,-0.2930398,-0.005990608,0.9531208,8.036721,325.5939,356.7878,0.2960469,-0.08159651,-0.9516815,0,0,0,0.3415095,-0.41215,-2.611554,-0.1299603,0.02379537,1.090716,0.8281836,-0.0554833,0.5577038,-0.0326442,0.988623,0.1468297,-0.5595053,-0.1398077,0.8169501,static,-4.515708199061678,0.6140909346065266,-6.794835630447995,1.2497827438667113,-0.7186695,-0.12175530000000001,0.822076,-0.07872791466587525,0.010684437450894438,0.9968388994079287,-4.579095997894827,0.7142051803486646,2.363985772650283,2.3661204375217415,2.2795493953434693
05/17/2023 16:15:47.817703,2445,True,True,True,True,Eyes,1.063238,-0.2930168,-3.421288,-0.62555,-0.1241268,0.7702465,0.0,0.0,0.0,0.0,0.0,0.0,0.0,1.027772,0.8253933,3.355664,1.059874,-0.290325,-3.433722,0.07512088,-0.2939103,-0.005589292,0.9528602,8.040549,325.4921,356.8269,0.2960249,-0.08158933,-0.9516889,0,0,0,0.3415095,-0.41215,-2.611554,-0.1277187,0.02402933,1.090853,0.827171,-0.05480922,0.559271,-0.03350597,0.9886512,0.1464449,-0.5609505,-0.1398739,0.8159472,static,-4.580627211995885,0.6345957691572089,-6.677872670961174,1.26190840730245,-0.7183645,-0.12182500000000002,0.822168,-0.07985702021033292,0.011040187086618476,0.9967451561621502,-4.644178432287593,0.7352011132412982,2.1869094667797757,2.1890545130551846,2.1007933810899484
05/17/2023 16:15:47.827722,2446,True,True,True,True,Eyes,1.063065,-0.292982,-3.421334,-0.627821,-0.1237985,0.7684495,0.0,0.0,0.0,0.0,0.0,0.0,0.0,1.035633,0.8228488,3.35393,1.059691,-0.2902296,-3.433844,0.07476501,-0.2949424,-0.005445015,0.9525701,8.003053,325.3713,356.8464,0.2960007,-0.08158185,-0.9516972,0,0,0,0.3415095,-0.41215,-2.611554,-0.1251654,0.02343988,1.091143,0.8259587,-0.05447628,0.5610926,-0.03372924,0.9887611,0.1456497,-0.5627208,-0.1392259,0.8148383,static,-4.625565462058842,0.6146901927721977,-6.543816990566076,1.230635824914661,-0.7181814999999999,-0.12192040000000004,0.8222900000000002,-0.0806390662137147,0.010693223783119855,0.9966859619051552,-4.688986639511161,0.7152227805740793,2.0126419825616764,2.014715351700016,1.9251094092209213
05/17/2023 16:15:47.847560,2447,True,True,True,True,Eyes,1.062892,-0.2929513,-3.421382,-0.6300638,-0.123482,0.7666628,0.0,0.0,0.0,0.0,0.0,0.0,0.0,1.043992,0.8215963,3.351742,1.059557,-0.2902938,-3.433974,0.07456983,-0.2960597,-0.005300962,0.9522396,7.982918,325.239,356.8597,0.2959742,-0.08157419,-0.9517061,0,0,0,0.3415095,-0.41215,-2.611554,-0.1224587,0.02334033,1.091455,0.8246411,-0.05424981,0.5630488,-0.03405866,0.9888225,0.1451555,-0.56463,-0.1388779,0.813576,static,-4.658334979534688,0.6118098921038658,-6.401680007615115,1.225060682640624,-0.7180475000000001,-0.12185620000000003,0.8224200000000002,-0.08120914285590142,0.010642626136032604,0.9966402836148149,-4.721744299133221,0.7124302442549008,1.8459878753123413,1.8480607184361402,1.7564093916260246
05/17/2023 16:15:47.867499,2448,True,True,True,True,Eyes,1.06269,-0.2929213,-3.421452,-0.6322564,-0.1232067,0.7649,0.0,0.0,0.0,0.0,0.0,0.0,0.0,1.051762,0.8215774,3.349393,1.05941,-0.2903574,-3.434089,0.07455105,-0.2971096,-0.005201011,0.9519144,7.980837,325.1129,356.8625,0.2959456,-0.08156645,-0.9517156,0,0,0,0.3415095,-0.41215,-2.611554,-0.1198912,0.02354855,1.091719,0.8233976,-0.05420151,0.5648704,-0.03439784,0.9888301,0.145023,-0.5664214,-0.1388419,0.812336,static,-4.695255596647682,0.6235237809313102,-6.267036755932879,1.2356873278086553,-0.7179004999999999,-0.12179260000000003,0.8225350000000002,-0.08185116906590167,0.010845813487272413,0.9965855762142027,-4.758758230787443,0.7244240640130214,1.6846734632399958,1.6867839875957353,1.5925747185993682
05/17/2023 16:15:47.877814,2449,True,True,True,True,Eyes,1.062489,-0.2928928,-3.421518,-0.6344102,-0.122944,0.763157,0.0,0.0,0.0,0.0,0.0,0.0,0.0,1.059231,0.8227941,3.346778,1.059252,-0.2903853,-3.434174,0.07471398,-0.2981259,-0.005087113,0.9515845,7.999249,324.9895,356.8607,0.2959142,-0.08155863,-0.951726,0,0,0,0.3415095,-0.41215,-2.611554,-0.1174017,0.02409253,1.091934,0.8221902,-0.05422997,0.5666238,-0.03486671,0.9887839,0.1452265,-0.5681441,-0.1391601,0.8110775,static,-4.733491512525632,0.654580115108461,-6.136708279854934,1.2639741487794698,-0.7177425000000001,-0.1217647,0.8226200000000001,-0.08251572314954209,0.011385370807830308,0.9965247936773658,-4.797225742577417,0.7559993520469184,1.5276565902713837,1.529829527884699,1.4325682747383777
05/17/2023 16:15:47.897700,2450,True,True,True,True,Eyes,1.062258,-0.2928644,-3.421606,-0.6364796,-0.1227209,0.7614679,0.0,0.0,0.0,0.0,0.0,0.0,0.0,1.065354,0.8230517,3.344696,1.059089,-0.2903913,-3.43415,0.07474708,-0.2989621,-0.005023628,0.9513198,8.00231,324.8885,356.8595,0.2958803,-0.0815508,-0.9517372,0,0,0,0.3415095,-0.41215,-2.611554,-0.1153772,0.02427781,1.09202,0.8211929,-0.05425123,0.5680661,-0.03513493,0.9887753,0.1452205,-0.569568,-0.139213,0.8100691,static,-4.787259784403128,0.6669736816835198,-6.0312009303078975,1.273591088973258,-0.7175794999999999,-0.1217587,0.8225959999999999,-0.0834506498921263,0.011600020700308904,0.9964444248404998,-4.851096639412182,0.7687441201142768,1.3817436619792056,1.3839704669182054,1.2835562314743287
05/17/2023 16:15:47.917695,2451,True,True,True,True,Eyes,1.06203,-0.2928359,-3.421694,-0.6384999,-0.122529,0.7598056,0.0,0.0,0.0,0.0,0.0,0.0,0.0,1.070606,0.8240403,3.342798,1.058928,-0.2904066,-3.43422,0.07488191,-0.2996643,-0.004895161,0.951089,8.019197,324.8034,356.8629,0.2958433,-0.08154293,-0.9517494,0,0,0,0.3415095,-0.41215,-2.611554,-0.1136112,0.02473736,1.09214,0.8203546,-0.05419035,0.5692818,-0.03556741,0.9887375,0.1453725,-0.570748,-0.1395049,0.8091879,static,-4.854133559248414,0.6909376556614555,-5.938902528081733,1.2975479466051871,-0.7174185000000001,-0.1217434,0.8226659999999999,-0.08461319363158237,0.012015600367853659,0.9963414378332531,-4.918159021071648,0.7932483730743867,1.2405313668146256,1.2428595096882593,1.138523327370412
05/17/2023 16:15:47.927504,2452,True,True,True,True,Eyes,1.061778,-0.2928051,-3.421801,-0.6404635,-0.1223604,0.7581784,0.0,0.0,0.0,0.0,0.0,0.0,0.0,1.075352,0.825502,3.340979,1.058807,-0.290372,-3.434325,0.07509151,-0.3002791,-0.004619203,0.9508799,8.049691,324.7292,356.8806,0.2958035,-0.08153503,-0.9517624,0,0,0,0.3415095,-0.41215,-2.611554,-0.1120716,0.02542627,1.092287,0.8196222,-0.05388144,0.570365,-0.03631221,0.9886798,0.1455801,-0.5717525,-0.1400319,0.8083875,static,-4.928571043545493,0.727906182162799,-5.858202265953315,1.333491025689619,-0.7172975,-0.121778,0.8227709999999999,-0.0859068689028808,0.012657053514918644,0.9962227950707583,-4.992879852845219,0.8309428759015465,1.1070267198764834,1.1094806047808425,1.000668537270276
05/17/2023 16:15:47.947704,2453,True,True,True,True,Eyes,1.061532,-0.2927736,-3.421908,-0.6423752,-0.1221943,0.7565861,0.0,0.0,0.0,0.0,0.0,0.0,0.0,1.079275,0.8251051,3.339827,1.05867,-0.2903274,-3.434386,0.07503989,-0.3007794,-0.004430491,0.9507267,8.048983,324.6703,356.8989,0.2957605,-0.08152699,-0.9517764,0,0,0,0.3415095,-0.41215,-2.611554,-0.1108014,0.02548431,1.092375,0.8190243,-0.05356527,0.571253,-0.03671653,0.9886987,0.14535,-0.572583,-0.1400196,0.8078016,static,-5.012927795953995,0.7329000728484865,-5.791796991047366,1.3364262241398417,-0.7171605,-0.1218226,0.822832,-0.08737341484999339,0.012742251539279902,0.996094068170221,-5.077294566406177,0.8363128730582235,0.982775275460391,0.9853329581202241,0.8721393688787492
05/17/2023 16:15:47.967600,2454,True,True,True,True,Eyes,1.061275,-0.2927462,-3.422023,-0.644236,-0.1220368,0.7550278,0.0,0.0,0.0,0.0,0.0,0.0,0.0,1.083256,0.8239738,3.338886,1.058565,-0.2902853,-3.434488,0.07488329,-0.3012729,-0.004176129,0.9505839,8.039132,324.6137,356.9282,0.2957148,-0.08151884,-0.9517914,0,0,0,0.3415095,-0.41215,-2.611554,-0.1095597,0.02539556,1.092516,0.8184345,-0.05306013,0.5721449,-0.03718108,0.9887501,0.144882,-0.5733957,-0.1398494,0.8072543,static,-5.095236572956286,0.7293794049720033,-5.726590670458503,1.3316019355249116,-0.7170555,-0.12186469999999999,0.822934,-0.08880434814380156,0.01267943415604076,0.9959683743590041,-5.159600043813479,0.8330575966181304,0.8698462428846515,0.8725135945865757,0.7549998864631146
05/17/2023 16:15:47.977846,2455,True,True,True,True,Eyes,1.061029,-0.292721,-3.422132,-0.6460285,-0.1219014,0.7535166,0.0,0.0,0.0,0.0,0.0,0.0,0.0,1.086155,0.8238767,3.337985,1.058474,-0.2903771,-3.434525,0.07485725,-0.3016225,-0.00387847,0.9504764,8.045556,324.5736,356.9589,0.2956662,-0.08151066,-0.9518072,0,0,0,0.3415095,-0.41215,-2.611554,-0.1087045,0.02571991,1.092552,0.8180176,-0.05253005,0.5727895,-0.03778448,0.9887627,0.1446397,-0.5739509,-0.1399604,0.8068404,static,-5.190096039477255,0.7402644579006562,-5.681997758496717,1.3485583839691666,-0.7169644999999999,-0.12177290000000002,0.8229709999999999,-0.09045294707260149,0.012866731633419962,0.9958176299868989,-5.254562264507354,0.8444293580573812,0.7794573882035337,0.7822971313165761,0.660944155196713
05/17/2023 16:15:47.997704,2456,True,True,True,True,Eyes,1.060823,-0.2926975,-3.422212,-0.6474544,-0.1218026,0.7523078,0.0,0.0,0.0,0.0,0.0,0.0,0.0,1.087642,0.8245965,3.33728,1.05845,-0.290402,-3.434489,0.07495843,-0.3017957,-0.00359961,0.9504145,8.065812,324.5538,356.9845,0.2956154,-0.08150253,-0.9518237,0,0,0,0.3415095,-0.41215,-2.611554,-0.1083396,0.02619761,1.092531,0.8178128,-0.05208651,0.5731224,-0.03840202,0.9887366,0.1446559,-0.5742017,-0.1403105,0.8066012,static,-5.278441286505055,0.7629181823604878,-5.663156718432667,1.3736222582715603,-0.7169404999999999,-0.12174800000000002,0.8229350000000002,-0.09198783728253329,0.013258587367556016,0.9956719073269363,-5.34309246341648,0.8676878504977743,0.7188119167772291,0.7217793512546933,0.5986741620518446
05/17/2023 16:15:48.017703,2457,True,True,True,True,Eyes,1.060626,-0.2926724,-3.422292,-0.6488107,-0.1217223,0.7511514,0.0,0.0,0.0,0.0,0.0,0.0,0.0,1.086836,0.8252724,3.337326,1.058396,-0.2903769,-3.434459,0.07506222,-0.3016286,-0.003231984,0.9504607,8.090533,324.5757,357.0226,0.2955638,-0.08149453,-0.9518403,0,0,0,0.3415095,-0.41215,-2.611554,-0.1087335,0.02668181,1.092425,0.8180195,-0.05142557,0.5728869,-0.03913808,0.9887105,0.1446371,-0.5738575,-0.1407377,0.8067716,static,-5.403212540476891,0.7878716500056007,-5.684160079113288,1.3991360672405344,-0.7168864999999999,-0.12177310000000002,0.822905,-0.09415531334285498,0.013689435088869266,0.9954634321812109,-5.468074719562448,0.893410227084479,0.6696491526391051,0.6727374727510078,0.5499559146093109
05/17/2023 16:15:48.027778,2458,True,True,True,True,Eyes,1.060475,-0.2926487,-3.422337,-0.6499343,-0.1216303,0.7501944,0.0,0.0,0.0,0.0,0.0,0.0,0.0,1.086352,0.8253258,3.337524,1.058382,-0.290316,-3.434522,0.07508052,-0.3014959,-0.002840231,0.9505027,8.106631,324.5944,357.0661,0.2955118,-0.0814866,-0.9518572,0,0,0,0.3415095,-0.41215,-2.611554,-0.1090313,0.02699624,1.092432,0.8181844,-0.05067223,0.5727187,-0.03987364,0.9887097,0.1444411,-0.5735717,-0.1410158,0.8069263,static,-5.506685178870044,0.8068678707378891,-5.699589250104568,1.4156083550170895,-0.7168724999999999,-0.121834,0.8229679999999999,-0.0959524731953521,0.014017060970370802,0.9952872986607378,-5.571710235619589,0.9130235563027232,0.6354442884959759,0.6385741600623451,0.5185986138088005
05/17/2023 16:15:48.047443,2459,True,True,True,True,Eyes,1.060331,-0.2926315,-3.422381,-0.6509963,-0.1215473,0.7492864,0.0,0.0,0.0,0.0,0.0,0.0,0.0,1.08497,0.8232718,3.338406,1.058326,-0.2902795,-3.434469,0.07479633,-0.3012745,-0.002773143,0.9505953,8.078582,324.624,357.0855,0.2954608,-0.0814788,-0.9518737,0,0,0,0.3415095,-0.41215,-2.611554,-0.1095365,0.02641673,1.092323,0.818452,-0.05034073,0.5723655,-0.03979618,0.9887956,0.143873,-0.5731952,-0.1405311,0.8072783,static,-5.614439884609685,0.778617505167044,-5.726390966345379,1.3853705939904055,-0.7168165000000001,-0.12187049999999999,0.8229150000000001,-0.09782477221208291,0.01352384343645012,0.9951117814478434,-5.67929203340008,0.884834498824354,0.6138679344809026,0.6169946154533945,0.5027471452416853
05/17/2023 16:15:48.067541,2460,True,True,True,True,Eyes,1.060229,-0.2926158,-3.422395,-0.6518769,-0.1214895,0.7485298,0.0,0.0,0.0,0.0,0.0,0.0,0.0,1.083518,0.8233533,3.33888,1.058335,-0.2904216,-3.434475,0.07478947,-0.3010471,-0.002610445,0.9506685,8.084201,324.6527,357.1056,0.2954109,-0.08147132,-0.9518898,0,0,0,0.3415095,-0.41215,-2.611554,-0.1100874,0.02666875,1.092257,0.8187277,-0.04999364,0.5720016,-0.04006697,0.9887995,0.1437717,-0.5727825,-0.1406282,0.8075544,static,-5.709520840905454,0.7835555161842543,-5.755343700647727,1.39866651160078,-0.7168255,-0.12172840000000001,0.822921,-0.09947588862596601,0.013607368371354789,0.9949469533397148,-5.77443339360285,0.8901880703032972,0.6136626123820903,0.616815427139488,0.5088366551668998
05/17/2023 16:15:48.077823,2461,True,True,True,True,Eyes,1.060132,-0.2925987,-3.422407,-0.6526967,-0.1214555,0.7478206,0.0,0.0,0.0,0.0,0.0,0.0,0.0,1.080928,0.8244958,3.339347,1.058304,-0.2903936,-3.4344,0.07495855,-0.3006862,-0.002561874,0.9507695,8.105481,324.6953,357.108,0.2953633,-0.08146419,-0.9519052,0,0,0,0.3415095,-0.41215,-2.611554,-0.1109298,0.02698649,1.092089,0.8191625,-0.0499495,0.5713825,-0.0402065,0.9887493,0.1440772,-0.5721506,-0.1409959,0.807938,static,-5.814974719272987,0.80041285954026,-5.799971162860018,1.4155415684997086,-0.7167944999999999,-0.12175640000000004,0.8228460000000002,-0.10130653284684926,0.013897517019889005,0.9947582198095838,-5.880035421990999,0.9076440492372392,0.6121871319714621,0.6153116570414989,0.5141694036629983
05/17/2023 16:15:48.107560,2462,True,True,True,True,Eyes,1.060083,-0.2925824,-3.422387,-0.6533937,-0.1213913,0.7472221,1.086947,0.3498788,-0.4245284,-2.610196,0.5578171,-0.8250085,0.09055948,-0.1035551,0.01509486,1.090048,1.058302,-0.2903389,-3.434384,0.07519647,-0.3003071,-0.002455214,0.9508707,8.136368,324.7401,357.1145,0.2953179,-0.08145735,-0.9519199,0,0,0,0.3415095,-0.41215,-2.611554,-0.1118073,0.02747573,1.09198,0.8196192,-0.04983324,0.5707372,-0.04049488,0.9886789,0.1444789,-0.5714756,-0.1415296,0.8083223,static,-5.91355978193788,0.8294953058301369,-5.84611427654749,1.4413370929891152,-0.7167925,-0.1218111,0.8228300000000002,-0.10301726291050822,0.014399895333932211,0.9945753506902273,-5.978853993296965,0.9374473878407144,0.6124854959287234,0.6155479418463339,0.5210802887821349
05/17/2023 16:15:48.117659,2463,True,True,True,True,Eyes,1.060038,-0.292569,-3.422367,-0.6540385,-0.1213426,0.7466657,1.085054,0.350371,-0.4242323,-2.612194,0.5908746,-0.8056352,-0.04265286,-0.1050404,0.01464282,1.088055,1.05831,-0.2902711,-3.434379,0.07508788,-0.2999808,-0.00260304,0.950982,8.120342,324.7794,357.1049,0.295276,-0.08145081,-0.9519334,0,0,0,0.3415095,-0.41215,-2.611554,-0.1125464,0.02703636,1.091925,0.8200095,-0.05000073,0.5701617,-0.04009895,0.9887101,0.1443761,-0.5709435,-0.1412527,0.8087466,static,-6.000708317262028,0.8097156109210112,-5.884783918305803,1.418369278655283,-0.7168005000000001,-0.12187890000000001,0.8228249999999999,-0.10453043565508874,0.01405431534731106,0.9944224041398985,-6.06588456651983,0.9177544123744709,0.6166090224556234,0.6195948301267075,0.5323651839901782
05/17/2023 16:15:48.127499,2464,True,True,True,True,Eyes,1.06003,-0.2925574,-3.422322,-0.6545778,-0.121273,0.7462043,1.083963,0.3504916,-0.4240129,-2.613464,0.5987374,-0.7907668,-0.1272846,-0.1067034,0.01489782,1.086789,1.058306,-0.2903424,-3.434347,0.07521774,-0.2995304,-0.002683297,0.9511135,8.133132,324.8323,357.0954,0.2952373,-0.08144463,-0.9519459,0,0,0,0.3415095,-0.41215,-2.611554,-0.1135816,0.02726142,1.091778,0.8205487,-0.05016424,0.5693712,-0.03995577,0.9886702,0.1446887,-0.5701785,-0.1414737,0.8092476,static,-6.094755513869195,0.8195443398308059,-5.939320852724597,1.4303638732320734,-0.7167965,-0.12180760000000002,0.8227929999999999,-0.10616232185229457,0.014222429630143078,0.9942471413258758,-6.1600267693480495,0.9280540255978582,0.627329651448209,0.6302859956160205,0.5486586230643848
05/17/2023 16:15:48.147426,2465,True,True,True,True,Eyes,1.060021,-0.2925436,-3.422274,-0.6550803,-0.1212024,0.7457746,1.083158,0.3504655,-0.423825,-2.614482,0.596952,-0.7781773,-0.1951621,-0.1081012,0.01492558,1.085831,1.058278,-0.2903349,-3.434312,0.07515704,-0.2991942,-0.002509096,0.9512246,8.133554,324.8747,357.1196,0.2952026,-0.08143884,-0.9519571,0,0,0,0.3415095,-0.41215,-2.611554,-0.114369,0.02725161,1.091651,0.8209531,-0.04974652,0.5688245,-0.04019967,0.9886903,0.1444839,-0.5695788,-0.141481,0.8096685,static,-6.174501866493893,0.8215292620458449,-5.980888274564477,1.4300156477622417,-0.7167685,-0.12181510000000001,0.8227579999999999,-0.10754599207454224,0.014254740814815196,0.9940979012008901,-6.239808404406769,0.9303613845707132,0.6356621217656021,0.6385467129208433,0.5627557341893716
05/17/2023 16:15:48.167568,2466,True,True,True,True,Eyes,1.060033,-0.2925345,-3.42221,-0.655528,-0.1211143,0.7453955,1.082537,0.3503999,-0.4236452,-2.615292,0.5925037,-0.7660974,-0.2490663,-0.1092074,0.01476335,1.085058,1.058265,-0.2902734,-3.434214,0.07501089,-0.2989697,-0.002321949,0.9513071,8.124722,324.9044,357.1472,0.2951716,-0.08143336,-0.9519672,0,0,0,0.3415095,-0.41215,-2.611554,-0.1149502,0.02702712,1.091521,0.8212236,-0.04926972,0.5684755,-0.04043418,0.9887359,0.1441052,-0.5691722,-0.1413284,0.809981,static,-6.236892695371857,0.8168002495405552,-6.01177063030962,1.4184093131361715,-0.7167555,-0.1218766,0.82266,-0.10862856173696073,0.014171013967544194,0.993981439367371,-6.302182039863453,0.9258086053685767,0.6395597554630483,0.6423499121026486,0.5718341053943701
05/17/2023 16:15:48.177729,2467,True,True,True,True,Eyes,1.060049,-0.2925176,-3.422148,-0.6559399,-0.1210478,0.7450439,1.082062,0.3502809,-0.4234988,-2.615964,0.5845262,-0.7562875,-0.2938678,-0.1101268,0.0146174,1.084396,1.058264,-0.2903613,-3.434066,0.07483778,-0.298827,-0.002212017,0.9513658,8.11001,324.9238,357.1667,0.2951444,-0.0814283,-0.9519761,0,0,0,0.3415095,-0.41215,-2.611554,-0.1153812,0.02682824,1.091358,0.821395,-0.04893598,0.5682565,-0.04051822,0.9887888,0.1437182,-0.5689187,-0.1410742,0.8102034,static,-6.286312822182828,0.8048969847176971,-6.035040046069373,1.4081863198700562,-0.7167545000000001,-0.12178870000000003,0.8225120000000001,-0.1094861968318186,0.013963191446317573,0.9938903044159338,-6.351530376528659,0.9139462073216476,0.650773965018455,0.6535258448786384,0.5868896132375253
05/17/2023 16:15:48.197466,2468,True,True,True,True,Eyes,1.060108,-0.2925071,-3.422051,-0.6563232,-0.1209619,0.7447202,1.081682,0.3501752,-0.4233494,-2.616501,0.577733,-0.7466425,-0.3297721,-0.1112052,0.01496068,1.084039,1.058371,-0.2901453,-3.434086,0.07519256,-0.2985356,-0.002464938,0.9514288,8.140961,324.9544,357.1288,0.2951209,-0.08142342,-0.9519839,0,0,0,0.3415095,-0.41215,-2.611554,-0.1160734,0.02709672,1.091388,0.8217409,-0.04958573,0.5677,-0.04020488,0.9886799,0.1445525,-0.5684413,-0.141609,0.8104451,static,-6.347804251999278,0.8328232449116838,-6.070810504978729,1.4222337159013263,-0.7168614999999999,-0.12200470000000002,0.8225320000000003,-0.1105520442877474,0.014445901968699063,0.9937653957640107,-6.413237242633818,0.9424405610287953,0.6486356791660812,0.6512528227967357,0.5894552927268051
05/17/2023 16:15:48.217735,2469,True,True,True,True,Eyes,1.060163,-0.2925048,-3.421963,-0.6566693,-0.1208935,0.7444261,1.081376,0.3500561,-0.4232362,-2.616959,0.5695766,-0.7388293,-0.3601582,-0.1125602,0.01460211,1.083459,1.058359,-0.2902383,-3.433895,0.07508019,-0.2981305,-0.002718113,0.951564,8.12114,325.0025,357.1084,0.295102,-0.08141889,-0.9519901,0,0,0,0.3415095,-0.41215,-2.611554,-0.117077,0.02668254,1.091128,0.8222217,-0.0499403,0.5669722,-0.03959446,0.9887112,0.1445079,-0.5677885,-0.1412665,0.8109624,static,-6.420956657565337,0.8099490354756143,-6.1243511569551625,1.400836837260163,-0.7168495,-0.12191170000000001,0.8223410000000002,-0.11182137535522046,0.014047151602249432,0.9936290473871425,-6.486245910715934,0.919563244270912,0.6585267664172229,0.6611529454596631,0.6021561957734494
05/17/2023 16:15:48.227329,2470,True,True,True,True,Eyes,1.060261,-0.2925073,-3.421845,-0.6570153,-0.1208628,0.7441258,1.081197,0.3498982,-0.4231838,-2.617299,0.5591037,-0.7354016,-0.3828673,-0.1135322,0.01515485,1.083206,1.058283,-0.2904307,-3.434013,0.07523213,-0.2977937,-0.002649064,0.9516575,8.141176,325.0425,357.1136,0.2950871,-0.08141492,-0.9519951,0,0,0,0.3415095,-0.41215,-2.611554,-0.1177296,0.02722881,1.091062,0.8226237,-0.04984931,0.5663967,-0.03976531,0.9886662,0.1447682,-0.5671938,-0.1416127,0.811318,static,-6.487864861569029,0.8280517996623303,-6.158597030789929,1.4295907399226324,-0.7167735000000001,-0.12171930000000003,0.8224590000000003,-0.11298113236617446,0.014359195632072178,0.9934934344592455,-6.553300933786009,0.9381354782279429,0.6831468432243198,0.6857597254399393,0.6303328051813061
05/17/2023 16:15:48.247601,2471,True,True,True,True,Eyes,1.060357,-0.2925095,-3.421732,-0.6573393,-0.1208406,0.7438431,1.081057,0.3497356,-0.4231451,-2.617595,0.5483449,-0.7329277,-0.4026597,-0.114198,0.01648626,1.082925,1.058244,-0.2904802,-3.433962,0.07581735,-0.2976331,-0.00250142,0.9516618,8.210823,325.0583,357.1105,0.2950771,-0.08141159,-0.9519985,0,0,0,0.3415095,-0.41215,-2.611554,-0.1180955,0.02856761,1.090919,0.8228166,-0.0498925,0.5661126,-0.04037048,0.9884909,0.145794,-0.5668712,-0.1428159,0.8113326,static,-6.531840326767954,0.8959453407379117,-6.178393501879192,1.500046744293855,-0.7167344999999999,-0.1216698,0.8224080000000002,-0.11374161285540979,0.015535083001876858,0.9933888815824519,-6.597772205298037,1.0070152903438185,0.6973663490432929,0.6999022530340988,0.6472700452402833
05/17/2023 16:15:48.267711,2472,True,True,True,True,Eyes,1.060476,-0.2925155,-3.421607,-0.6575798,-0.1208563,0.7436279,1.081017,0.3496211,-0.4231634,-2.617733,0.5404548,-0.7337938,-0.4116496,-0.1146781,0.01663219,1.082887,1.058291,-0.2904746,-3.433975,0.07590455,-0.2975101,-0.002483505,0.9516934,8.221364,325.0726,357.1105,0.2950713,-0.08140884,-0.9520004,0,0,0,0.3415095,-0.41215,-2.611554,-0.1184068,0.02874828,1.090922,0.8229632,-0.0498918,0.5658996,-0.04043765,0.9884647,0.1459534,-0.5666536,-0.142998,0.8114526,static,-6.564953644639435,0.9034315365425505,-6.194536406599953,1.5095249579497416,-0.7167815000000001,-0.12167539999999999,0.8224210000000003,-0.11431547572047679,0.015663838741285616,0.9933209493627062,-6.630947680917465,1.0147160024060735,0.7078176742233706,0.7103225786288039,0.6597656423592017
05/17/2023 16:15:48.287468,2473,True,True,True,True,Eyes,1.06059,-0.2925229,-3.42149,-0.6578038,-0.1208805,0.7434258,1.081025,0.3494877,-0.4231979,-2.617827,0.5318121,-0.7364299,-0.4181471,-0.1151331,0.01744831,1.082892,1.058325,-0.2905326,-3.434017,0.0762966,-0.2973786,-0.002463594,0.9517031,8.265375,325.0855,357.1,0.2950702,-0.08140671,-0.952001,0,0,0,0.3415095,-0.41215,-2.611554,-0.1187049,0.02961227,1.090913,0.8231198,-0.05006716,0.5656563,-0.04068873,0.9883455,0.1466887,-0.5664082,-0.1437582,0.8114896,static,-6.597341500254973,0.9428194846657358,-6.210060855497825,1.554882529314718,-0.7168154999999999,-0.12161740000000004,0.8224629999999999,-0.11487570064879654,0.016345629169189017,0.9932453113344363,-6.6636249966445265,1.054701858039123,0.7218182238921655,0.7242979141406483,0.6752045127602819
05/17/2023 16:15:48.297792,2474,True,True,True,True,Eyes,1.060714,-0.2925317,-3.421366,-0.6579925,-0.1209065,0.7432545,1.081055,0.3493875,-0.4232383,-2.617867,0.5253607,-0.7394465,-0.4209691,-0.1154356,0.01768335,1.082907,1.058302,-0.2905719,-3.434056,0.07638909,-0.2972755,-0.002399554,0.951728,8.278023,325.0977,357.1047,0.295073,-0.08140519,-0.9520003,0,0,0,0.3415095,-0.41215,-2.611554,-0.1189057,0.02989083,1.090894,0.823243,-0.04998466,0.5654842,-0.04084976,0.9883179,0.1468299,-0.5662175,-0.1439766,0.8115839,static,-6.624464805728044,0.9527453434917219,-6.220590939204625,1.5695292118703532,-0.7167925,-0.12157810000000002,0.8225020000000001,-0.11534555139259839,0.01651679157480835,0.9931879796588166,-6.690826270369245,1.0648493454807375,0.7347899292641349,0.7372492389637886,0.689799270958255
05/17/2023 16:15:48.318030,2475,True,True,True,True,Eyes,1.060833,-0.2925366,-3.421246,-0.6581661,-0.1209293,0.7430972,1.08106,0.3493158,-0.4232685,-2.617913,0.5204229,-0.7412375,-0.4239423,-0.1158045,0.01812478,1.082863,1.058328,-0.2905678,-3.434016,0.07652574,-0.2971817,-0.002148418,0.951747,8.301919,325.1097,357.1284,0.2950796,-0.08140424,-0.9519983,0,0,0,0.3415095,-0.41215,-2.611554,-0.119188,0.03037057,1.090837,0.8233569,-0.04957359,0.5653546,-0.04139459,0.9882784,0.1469432,-0.5660123,-0.1443893,0.8116538,static,-6.650564660766746,0.9763917153414895,-6.235566612153591,1.5947901260400075,-0.7168184999999999,-0.12158220000000003,0.8224620000000002,-0.11579718392590227,0.016925792074053113,0.9931286367802695,-6.7171016648513024,1.088879575121965,0.7423084698444254,0.7447415489330372,0.6984421898101407
05/17/2023 16:15:48.327374,2476,True,True,True,True,Eyes,1.060929,-0.2925364,-3.421145,-0.6583325,-0.1209376,0.7429485,1.081032,0.3492503,-0.4232739,-2.617993,0.5159184,-0.7413909,-0.4291477,-0.1161747,0.01801072,1.082805,1.058359,-0.290522,-3.433977,0.07642059,-0.2970946,-0.001954737,0.9517831,8.297335,325.1225,357.1541,0.2950895,-0.0814037,-0.9519953,0,0,0,0.3415095,-0.41215,-2.611554,-0.1194561,0.03027145,1.090806,0.8234619,-0.04912927,0.5652405,-0.04168732,0.9883121,0.1466331,-0.5658381,-0.1443101,0.8117894,static,-6.675281811285136,0.9726945192970998,-6.249658158237216,1.5896330587057521,-0.7168495,-0.12162800000000001,0.8224230000000001,-0.11622573773833478,0.0168608582968671,0.9930797282428703,-6.741798998784168,1.0852301243616678,0.7471074104915257,0.7495122783794386,0.7047162032401293
05/17/2023 16:15:48.347391,2477,True,True,True,True,Eyes,1.061018,-0.2925393,-3.421049,-0.6584859,-0.1209385,0.7428124,1.081019,0.3491829,-0.4232761,-2.618055,0.511649,-0.7418563,-0.4334334,-0.1164013,0.01767388,1.082825,1.058396,-0.2904219,-3.433983,0.07637246,-0.2970363,-0.002106391,0.9518048,8.287018,325.1288,357.1396,0.2951017,-0.08140337,-0.9519916,0,0,0,0.3415095,-0.41215,-2.611554,-0.1195966,0.02994072,1.09084,0.82353,-0.04938054,0.5651195,-0.04136105,0.9883257,0.1466347,-0.565763,-0.144132,0.8118733,static,-6.692998135268605,0.9594732545534691,-6.256757041764261,1.572225345450189,-0.7168864999999999,-0.1217281,0.8224290000000001,-0.11653324937824655,0.016631096802932184,0.9930475674826957,-6.759425734324243,1.0719151380753125,0.7498178058333858,0.7521777825488921,0.7092151423111708
05/17/2023 16:15:48.367691,2478,True,True,True,True,Eyes,1.06107,-0.2925377,-3.420981,-0.6585575,-0.1210727,0.742727,1.081202,0.3490363,-0.4234418,-2.617943,0.5018315,-0.7528387,-0.4259097,-0.1165961,0.01740497,1.082978,1.058316,-0.2905018,-3.434024,0.07629059,-0.296933,-0.002149957,0.9518435,8.276864,325.1417,357.1386,0.2951156,-0.08140329,-0.9519873,0,0,0,0.3415095,-0.41215,-2.611554,-0.1197444,0.02981135,1.090798,0.8236523,-0.04939924,0.5649395,-0.04121355,0.9883502,0.1465102,-0.5655956,-0.1439566,0.812021,static,-6.710995839022865,0.9401920015795782,-6.264667124562981,1.5654955949918956,-0.7168065,-0.12164820000000004,0.82247,-0.11684581804971778,0.016296310844063633,0.9930163448190097,-6.777290709804858,1.0524678726341195,0.7658301351550376,0.7682538026497298,0.7252450510371264
05/17/2023 16:15:48.377743,2479,True,True,True,True,Eyes,1.061118,-0.2925346,-3.420919,-0.6586319,-0.121183,0.7426432,1.081337,0.3489151,-0.4235742,-2.617872,0.4934184,-0.7611655,-0.4209103,-0.1167357,0.01757173,1.083134,1.058336,-0.2904412,-3.434029,0.07634198,-0.2969151,-0.001873805,0.9518455,8.292045,325.1454,357.1674,0.29513,-0.08140329,-0.9519829,0,0,0,0.3415095,-0.41215,-2.611554,-0.1198253,0.03009713,1.090804,0.8236758,-0.04890132,0.5649484,-0.04176703,0.9883367,0.1464443,-0.5655207,-0.1442188,0.8120266,static,-6.7209531319333236,0.951693347126807,-6.268831675973253,1.580486612003733,-0.7168264999999999,-0.1217088,0.8224750000000003,-0.11701802263124828,0.016495310282526397,0.9929929047133244,-6.787332658008064,1.0641456791188115,0.7720408349930737,0.7744641895491606,0.7317453295672851
05/17/2023 16:15:48.407298,2480,True,True,True,True,Eyes,1.061118,-0.2925346,-3.420919,-0.6586319,-0.121183,0.7426432,1.081337,0.3489151,-0.4235742,-2.617872,0.4934184,-0.7611655,-0.4209103,-0.1164559,0.0170517,1.083212,1.058285,-0.290411,-3.434122,0.07605798,-0.297005,-0.001802631,0.9518403,8.263124,325.1374,357.1844,0.2951447,-0.08140331,-0.9519783,0,0,0,0.3415095,-0.41215,-2.611554,-0.1195402,0.02957426,1.090889,0.8235695,-0.04861083,0.5651285,-0.04174756,0.9884239,0.1458609,-0.5656769,-0.1437193,0.8120064,static,-6.711183704601314,0.9253286747260021,-6.25355115098717,1.5529218236675062,-0.7167754999999999,-0.12173900000000004,0.822568,-0.11684957517108979,0.01603870282385824,0.9930202205831027,-6.777372633295322,1.037425358378881,0.7743219529625599,0.7767243492550723,0.7349323445410304
05/17/2023 16:15:48.417778,2481,True,True,True,True,Eyes,1.061118,-0.2925346,-3.420919,-0.6586319,-0.121183,0.7426432,1.081337,0.3489151,-0.4235742,-2.617872,0.4934184,-0.7611655,-0.4209103,-0.1165115,0.01738843,1.083213,1.058324,-0.2903803,-3.434099,0.07624545,-0.2969962,-0.001810272,0.9518281,8.28342,325.1369,357.1771,0.2951579,-0.08140332,-0.9519742,0,0,0,0.3415095,-0.41215,-2.611554,-0.1195975,0.02991337,1.090886,0.82358,-0.04873535,0.5651025,-0.04184308,0.9883667,0.1462204,-0.5656547,-0.1440699,0.8119598,static,-6.711856302878241,0.9447640183468412,-6.256542010514699,1.5707236787696703,-0.7168145,-0.12176970000000004,0.8225449999999999,-0.11686059418278599,0.016375523638480993,0.9930134266190269,-6.77818400513473,1.0570984442657991,0.7716492048643798,0.7740391471412646,0.7320664259958393
05/17/2023 16:15:48.427437,2482,True,True,True,True,Eyes,1.061118,-0.2925346,-3.420919,-0.6586319,-0.121183,0.7426432,1.081337,0.3489151,-0.4235742,-2.617872,0.4934184,-0.7611655,-0.4209103,-0.1167248,0.01684449,1.083146,1.058335,-0.2903214,-3.43401,0.07597494,-0.2969365,-0.001725091,0.9518685,8.256902,325.1469,357.1965,0.2951698,-0.08140334,-0.9519705,0,0,0,0.3415095,-0.41215,-2.611554,-0.119808,0.02936678,1.090824,0.8236515,-0.04840359,0.5650269,-0.04183535,0.9884496,0.1456608,-0.5655511,-0.1436118,0.812113,static,-6.720091285041145,0.919926298797239,-6.267819799582902,1.542124328169756,-0.7168255,-0.12182860000000001,0.8224559999999999,-0.11700413102752322,0.01594477947694204,0.9930035342448562,-6.7862440488029705,1.0319909300957062,0.7668057013629135,0.76920730906151,0.7273237147309088
05/17/2023 16:15:48.447726,2483,True,True,True,True,Eyes,1.061118,-0.2925346,-3.420919,-0.6586319,-0.121183,0.7426432,1.081337,0.3489151,-0.4235742,-2.617872,0.4934184,-0.7611655,-0.4209103,-0.1168013,0.01603927,1.08312,1.0583,-0.2903064,-3.433998,0.07562049,-0.2968934,-0.001809575,0.95191,8.215303,325.1543,357.2,0.2951805,-0.08140335,-0.9519671,0,0,0,0.3415095,-0.41215,-2.611554,-0.1198846,0.02855608,1.090807,0.823702,-0.04834755,0.5649579,-0.04145734,0.9885566,0.1450423,-0.5655053,-0.1428933,0.8122717,static,-6.725284143022854,0.8783216591683733,-6.271892210505599,1.4995954827440425,-0.7167905,-0.1218436,0.822444,-0.11709544534101451,0.01522355281496144,0.9930040895247761,-6.791141595745929,0.9899021825918043,0.7666977561867537,0.7691198920402872,0.7276037275141874
05/17/2023 16:15:48.467572,2484,True,True,True,True,Eyes,1.061147,-0.2925305,-3.420864,-0.6587946,-0.1213183,0.7424766,1.08152,0.3486479,-0.4237386,-2.617861,0.4758632,-0.7725233,-0.4204307,-0.1167516,0.01595347,1.083334,1.058317,-0.2904055,-3.434005,0.0755561,-0.2970202,-0.001711953,0.9518758,8.211238,325.1402,357.212,0.2951902,-0.08140336,-0.9519641,0,0,0,0.3415095,-0.41215,-2.611554,-0.1196237,0.0286205,1.090839,0.8235522,-0.0481425,0.565194,-0.04162424,0.9885767,0.144857,-0.5657113,-0.1428231,0.8121406,static,-6.723679017057437,0.8678608204320245,-6.258169235646155,1.502932818126453,-0.7168074999999999,-0.12174450000000003,0.822451,-0.11706793219696843,0.0150423008759542,0.9930099621288264,-6.789461447242958,0.9793087302063341,0.7849461709963175,0.7874108196139877,0.7459581754720563
05/17/2023 16:15:48.477903,2485,True,True,True,True,Eyes,1.061176,-0.2925251,-3.420809,-0.658942,-0.1214726,0.7423205,1.081737,0.3483737,-0.4239265,-2.617813,0.4576329,-0.785148,-0.4172705,-0.1171124,0.01592482,1.083467,1.058343,-0.2904489,-3.4339,0.07557649,-0.2969852,-0.001629439,0.9518852,8.216412,325.1448,357.2206,0.2952,-0.08140335,-0.9519611,0,0,0,0.3415095,-0.41215,-2.611554,-0.1197939,0.02876018,1.09075,0.8235942,-0.04799228,0.5651454,-0.04178812,0.988571,0.1448481,-0.565638,-0.1429124,0.8121759,static,-6.740074538174129,0.8640279315942452,-6.267509816351443,1.5103875427851723,-0.7168335,-0.1217011,0.822346,-0.1173521962229333,0.01497536539840335,0.9929773799577958,-6.805833979428113,0.9754908045737273,0.7981628979875862,0.8006860578842617,0.7588856469201668
05/17/2023 16:15:48.497649,2486,True,True,True,True,Eyes,1.061134,-0.292515,-3.420798,-0.6589511,-0.1215812,0.7422947,1.081868,0.3482366,-0.4240497,-2.617734,0.4484355,-0.7932401,-0.4119171,-0.1175087,0.0164233,1.08353,1.058347,-0.290406,-3.43382,0.07588102,-0.2968571,-0.001565767,0.951901,8.252327,325.1584,357.218,0.29521,-0.08140329,-0.951958,0,0,0,0.3415095,-0.41215,-2.611554,-0.1201311,0.02936731,1.090644,0.8237468,-0.04803255,0.5649195,-0.04207072,0.9884793,0.145392,-0.5653948,-0.1435328,0.8122359,static,-6.756285923019266,0.8923568568218416,-6.285616786025402,1.5424065403941363,-0.7168374999999999,-0.12174400000000002,0.8222659999999999,-0.11763227328031572,0.015465808957095095,0.9929367648893597,-6.822251675648706,1.0042232574367675,0.8000054165051019,0.8025546882493357,0.7600120070208016
05/17/2023 16:15:48.517639,2487,True,True,True,True,Eyes,1.061097,-0.2925079,-3.420788,-0.6589444,-0.121695,0.7422821,1.082038,0.3480936,-0.4241866,-2.617611,0.4390312,-0.802602,-0.4038337,-0.1179394,0.01626775,1.083638,1.058368,-0.2903788,-3.433731,0.07587479,-0.296716,-0.001545454,0.9519455,8.252755,325.1756,357.2217,0.2952181,-0.08140301,-0.9519555,0,0,0,0.3415095,-0.41215,-2.611554,-0.1205217,0.02932332,1.090551,0.8239145,-0.0479689,0.5646804,-0.04208415,0.9884812,0.1453744,-0.5651494,-0.1435402,0.8124052,static,-6.773111568685659,0.885517245043101,-6.306423187812108,1.540228519232435,-0.7168585,-0.12177120000000002,0.8221769999999999,-0.11792408207627769,0.01534674455180636,0.9929040737125105,-6.839033005099432,0.9973638281246492,0.8014040643403632,0.8040179708147062,0.760509888379098
05/17/2023 16:15:48.527546,2488,True,True,True,True,Eyes,1.061079,-0.2925031,-3.420763,-0.6590586,-0.1218415,0.7421566,1.082243,0.347818,-0.4243653,-2.61757,0.4203899,-0.8139992,-0.4008461,-0.1187144,0.01640441,1.083795,1.058403,-0.2904461,-3.433725,0.07597611,-0.2964771,-0.001496348,0.9520119,8.266236,325.204,357.2257,0.2952244,-0.08140261,-0.9519535,0,0,0,0.3415095,-0.41215,-2.611554,-0.1211047,0.02962047,1.09049,0.8241981,-0.04789944,0.5642722,-0.04220128,0.9884508,0.1455476,-0.5647269,-0.143773,0.8126579,static,-6.8109961912774235,0.8885389502704611,-6.3370332886628455,1.5559158917051794,-0.7168935,-0.12170390000000003,0.822171,-0.11858047636972124,0.015397896016918787,0.9928250519109356,-6.876949212808255,1.0005638703826494,0.8158584720421262,0.8185553219016998,0.7745483023884383
05/17/2023 16:15:48.552177,2489,True,True,True,True,Eyes,1.061064,-0.2924976,-3.420735,-0.6591519,-0.1219873,0.7420499,1.082488,0.3475401,-0.4245474,-2.617474,0.4019483,-0.8262905,-0.3945651,-0.1193122,0.0168801,1.083936,1.058416,-0.2904862,-3.433637,0.07623828,-0.2963158,-0.001394825,0.9520414,8.29891,325.2222,357.2291,0.2952299,-0.08140219,-0.9519519,0,0,0,0.3415095,-0.41215,-2.611554,-0.121538,0.0302541,1.090362,0.82439,-0.04783708,0.5639971,-0.04252535,0.9883716,0.1459906,-0.5644224,-0.1443374,0.8127693,static,-6.838063062149641,0.9114607801885601,-6.3602615394467445,1.5893690345816063,-0.7169065,-0.12166379999999999,0.8220830000000001,-0.11904875404624948,0.01579419578511323,0.9927628721222643,-6.9041867125415655,1.0238644075858596,0.8266118869495821,0.8293695777344582,0.7846337216050744
05/17/2023 16:15:48.567598,2490,True,True,True,True,Eyes,1.061062,-0.2924929,-3.420697,-0.6593443,-0.1220752,0.7418644,1.082621,0.3472417,-0.4246541,-2.617539,0.3821236,-0.8335547,-0.3989588,-0.1202601,0.01683957,1.083927,1.058442,-0.2904597,-3.433523,0.07631001,-0.2960546,-0.001419392,0.9521168,8.306684,325.2531,357.2261,0.2952347,-0.08140173,-0.9519504,0,0,0,0.3415095,-0.41215,-2.611554,-0.1222135,0.03031631,1.090219,0.8246993,-0.04788671,0.5635405,-0.04248101,0.9883495,0.1461525,-0.5639737,-0.1444716,0.8130569,static,-6.883981917792127,0.9108447158110712,-6.39615125863732,1.5928442860742922,-0.7169325000000001,-0.12169030000000003,0.8219690000000002,-0.1198443658915121,0.01578199857913127,0.9926672679552799,-6.9501133405699385,1.0234127167693843,0.8357252071042433,0.8385118757958241,0.794434579018418
05/17/2023 16:15:48.577271,2491,True,True,True,True,Eyes,1.06106,-0.2924877,-3.420662,-0.659525,-0.1221636,0.7416892,1.082766,0.3469492,-0.4247622,-2.617587,0.3626133,-0.8407278,-0.402105,-0.1209138,0.01692932,1.083981,1.05843,-0.2904765,-3.433482,0.07640642,-0.2958866,-0.001419644,0.9521614,8.317728,325.2726,357.2242,0.2952392,-0.08140126,-0.9519491,0,0,0,0.3415095,-0.41215,-2.611554,-0.1226078,0.03050825,1.090129,0.8248982,-0.04791873,0.5632466,-0.04251181,0.9883201,0.1463426,-0.5636804,-0.1446624,0.8132264,static,-6.917976261005412,0.9143482649786498,-6.417140788056308,1.6030559963670041,-0.7169205,-0.12167349999999999,0.8219280000000002,-0.12043319342678793,0.015841561466185893,0.9925950488683382,-6.984141674298488,1.027085877165348,0.8487542125896611,0.8515600449987344,0.808227432850796
05/17/2023 16:15:48.597481,2492,True,True,True,True,Eyes,1.061056,-0.2924867,-3.420629,-0.6597186,-0.1222095,0.7415093,1.082839,0.3466866,-0.4248199,-2.617694,0.3451247,-0.8446242,-0.4092662,-0.121335,0.01695386,1.084059,1.058449,-0.2904513,-3.433496,0.07652155,-0.2958146,-0.001554389,0.9521744,8.325933,325.2794,357.2059,0.2952436,-0.08140077,-0.9519477,0,0,0,0.3415095,-0.41215,-2.611554,-0.1227601,0.03059475,1.090135,0.8249826,-0.04823248,0.5630963,-0.04231229,0.9882841,0.1466433,-0.563572,-0.1448041,0.8132764,static,-6.940363539057943,0.9162560291924845,-6.425010298398469,1.607589913755084,-0.7169395,-0.12169869999999999,0.821942,-0.12082094830101925,0.015873856550401265,0.9925473057706419,-7.006548488024635,1.0291005048752608,0.8595002070453769,0.8622827277654559,0.820266214213292
05/17/2023 16:15:48.617647,2493,True,True,True,True,Eyes,1.061051,-0.292487,-3.420595,-0.6598878,-0.1222685,0.7413492,1.082949,0.3464257,-0.4248977,-2.617751,0.3276951,-0.8497096,-0.413049,-0.1220738,0.0172058,1.084059,1.058497,-0.2905688,-3.433406,0.07664211,-0.2956364,-0.001562911,0.9522199,8.339375,325.2999,357.2023,0.2952476,-0.08140039,-0.9519465,0,0,0,0.3415095,-0.41215,-2.611554,-0.1232589,0.03092209,1.09002,0.8251933,-0.04829287,0.5627823,-0.04233994,0.9882471,0.1468844,-0.5632614,-0.1450362,0.8134502,static,-6.97451245182494,0.9236467355639497,-6.451571686881046,1.624952029919102,-0.7169875,-0.1215812,0.8218520000000002,-0.12141226829990331,0.016000726588614476,0.9924732585196634,-7.04075915196231,1.03670844702653,0.8719691254414225,0.87481207097906,0.8325697459211306
05/17/2023 16:15:48.627862,2494,True,True,True,True,Eyes,1.061033,-0.2924867,-3.42057,-0.6601048,-0.1223091,0.7411492,1.083037,0.3461155,-0.4249519,-2.617878,0.3070071,-0.8532867,-0.4214837,-0.1230049,0.01754051,1.08402,1.058486,-0.2905953,-3.433362,0.07684021,-0.2953725,-0.00156663,0.9522858,8.36173,325.3302,357.1973,0.2952514,-0.08140012,-0.9519453,0,0,0,0.3415095,-0.41215,-2.611554,-0.1238708,0.03131783,1.089896,0.8255053,-0.04837672,0.5623173,-0.0424092,0.9881862,0.1472731,-0.5627987,-0.1454222,0.8137014,static,-7.022451612749307,0.9399658741490143,-6.484058842742794,1.6459238902652908,-0.7169765,-0.12155470000000002,0.8218079999999999,-0.12224206166243984,0.016281732936588737,0.9923667583709098,-7.088827387141014,1.0534044854721176,0.8849877065342712,0.8878307807877099,0.8466547332590764
05/17/2023 16:15:48.647601,2495,True,True,True,True,Eyes,1.061018,-0.292489,-3.420547,-0.6603109,-0.1223608,0.7409571,1.083192,0.3457747,-0.4250291,-2.617949,0.2843794,-0.8586999,-0.4263366,-0.123543,0.01757689,1.084126,1.058462,-0.290603,-3.433367,0.07689211,-0.2952648,-0.001560839,0.9523151,8.367931,325.3429,357.1971,0.2952545,-0.08139994,-0.9519444,0,0,0,0.3415095,-0.41215,-2.611554,-0.1240932,0.03142695,1.089855,0.8256326,-0.04837988,0.5621302,-0.04243424,0.9881703,0.1473728,-0.5626102,-0.1455293,0.8138127,static,-7.051208128199478,0.9412720613987656,-6.4958433132990026,1.651717674618416,-0.7169525,-0.12154700000000002,0.8218130000000001,-0.1227400723669948,0.016303347084764913,0.9923049680340407,-7.117600835806115,1.054834089232127,0.8989272849238409,0.9017555361473995,0.8618888741002368
05/17/2023 16:15:48.667770,2496,True,True,True,True,Eyes,1.06101,-0.2924905,-3.420515,-0.6605765,-0.1223794,0.7407173,1.083268,0.3454289,-0.4250603,-2.61812,0.2612072,-0.860418,-0.437552,-0.1240042,0.01794825,1.084192,1.05849,-0.2906669,-3.433383,0.07701112,-0.2952419,-0.001436398,0.9523127,8.385298,325.3456,357.2068,0.2952572,-0.0813999,-0.9519436,0,0,0,0.3415095,-0.41215,-2.611554,-0.1241725,0.03184136,1.089857,0.8256604,-0.04820961,0.5621039,-0.04273801,0.9881344,0.1475255,-0.5625464,-0.1458292,0.8138031,static,-7.0750144314122405,0.9572443555703607,-6.499947050578088,1.6734825983672734,-0.7169804999999999,-0.12148310000000001,0.8218290000000001,-0.1231518089135904,0.016579118898847736,0.9922494208583591,-7.141527346205205,1.0710887795210744,0.9157367293245865,0.918531280329778,0.880058855259741
05/17/2023 16:15:48.677447,2497,True,True,True,True,Eyes,1.061001,-0.2924931,-3.420481,-0.6608167,-0.122408,0.7404983,1.083413,0.3450643,-0.4251115,-2.618216,0.2369854,-0.8640709,-0.444094,-0.1248456,0.01827779,1.084154,1.05849,-0.2906539,-3.433235,0.07715917,-0.2950688,-0.001288933,0.9523546,8.407072,325.3664,357.2195,0.2952596,-0.08139998,-0.9519428,0,0,0,0.3415095,-0.41215,-2.611554,-0.1246608,0.03222211,1.08968,0.8258655,-0.04798958,0.5618214,-0.04307949,0.9880896,0.1477264,-0.5622192,-0.1462051,0.8139617,static,-7.115006715817229,0.9763619218071528,-6.526338410764851,1.693756964635676,-0.7169804999999999,-0.1214961,0.8216809999999999,-0.12384368315828198,0.016908729262470314,0.9921577489403082,-7.181666555308817,1.090587377448283,0.9252318854510001,0.9280010888184224,0.8906562344357368
05/17/2023 16:15:48.697551,2498,True,True,True,True,Eyes,1.060992,-0.2924961,-3.420448,-0.6610511,-0.1224319,0.740285,1.083553,0.3447075,-0.4251576,-2.61831,0.2131764,-0.8670585,-0.4502947,-0.1257133,0.01850429,1.084134,1.058447,-0.2906816,-3.433162,0.07722118,-0.2948502,-0.001120783,0.9524175,8.420251,325.3936,357.2377,0.2952618,-0.0814002,-0.9519421,0,0,0,0.3415095,-0.41215,-2.611554,-0.1251826,0.03249365,1.089526,0.8261242,-0.04767226,0.5614678,-0.04340245,0.9880713,0.1477545,-0.5618141,-0.1464327,0.8142005,static,-7.160297964386265,0.9875196147686138,-6.55433718177456,1.7082633388106006,-0.7169374999999999,-0.12146840000000003,0.8216079999999999,-0.12462751107792208,0.01710024749876282,0.9920562348938811,-7.22704936982078,1.10204959287878,0.9388722495211341,0.9416262452848803,0.9055588295095041
05/17/2023 16:15:48.717619,2499,True,True,True,True,Eyes,1.060983,-0.292498,-3.420412,-0.6612515,-0.1224605,0.7401012,1.083707,0.3443797,-0.4252093,-2.618359,0.1913077,-0.8704655,-0.453532,-0.1268399,0.01895399,1.084152,1.058502,-0.2907067,-3.43308,0.07740084,-0.2945307,-0.0009590912,0.9525019,8.446389,325.4319,357.2521,0.2952638,-0.08140057,-0.9519415,0,0,0,0.3415095,-0.41215,-2.611554,-0.1260147,0.03298958,1.089386,0.8265014,-0.04742093,0.5609337,-0.04376678,0.9880164,0.1480139,-0.5612307,-0.1468839,0.8145215,static,-7.214813636936306,1.0103297234903112,-6.598361999681746,1.734542423065984,-0.7169925,-0.12144330000000003,0.821526,-0.1255705142923721,0.01749309765147239,0.9919304128964114,-7.281742146739125,1.1253397709871784,0.9482834791456455,0.9510502906263744,0.9154978408997018
05/17/2023 16:15:48.727463,2500,True,True,True,True,Eyes,1.060965,-0.2925006,-3.420383,-0.6614162,-0.1224845,0.7399501,1.083856,0.3440852,-0.4252561,-2.618383,0.1716972,-0.8736641,-0.4552264,-0.128044,0.01896956,1.084098,1.058498,-0.2906832,-3.432956,0.07742555,-0.2941454,-0.0008760403,0.952619,8.453039,325.4789,357.2639,0.2952656,-0.08140103,-0.951941,0,0,0,0.3415095,-0.41215,-2.611554,-0.1269667,0.03304243,1.089181,0.8269554,-0.0472178,0.5602813,-0.04387967,0.988009,0.1480295,-0.5605527,-0.1469987,0.8149676,static,-7.2741738861463245,1.0132507255826948,-6.64900596268173,1.7376462837092834,-0.7169884999999999,-0.12146680000000004,0.821402,-0.1265980165673607,0.01754135872655465,0.9917989896082454,-7.341138952629442,1.1285182537583203,0.9540752472380231,0.9568614618441718,0.9220005600030302
05/17/2023 16:15:48.747684,2501,True,True,True,True,Eyes,1.060947,-0.2925039,-3.420353,-0.6615624,-0.1225077,0.7398155,1.084003,0.3438106,-0.4253027,-2.618391,0.1534077,-0.8767962,-0.4557351,-0.1290109,0.01927493,1.084157,1.058517,-0.2907202,-3.432942,0.07754292,-0.2938346,-0.0007710633,0.9527055,8.470375,325.5164,357.2741,0.2952671,-0.08140159,-0.9519405,0,0,0,0.3415095,-0.41215,-2.611554,-0.1277066,0.03338402,1.089082,0.8273212,-0.04703878,0.5597562,-0.04410039,0.987973,0.1482043,-0.5599954,-0.147298,0.8152966,static,-7.32318538951552,1.0274190648891393,-6.688005579991768,1.755758235958041,-0.7170074999999999,-0.12142980000000003,0.8213880000000002,-0.1274458144665097,0.017784666990514002,0.9916860338273926,-7.39026447679278,1.1430414746043378,0.9635954469676303,0.9664012306179897,0.9319814310274346
05/17/2023 16:15:48.767740,2502,True,True,True,True,Eyes,1.060898,-0.2925031,-3.420343,-0.6614395,-0.1225225,0.739923,1.083923,0.3439484,-0.425308,-2.618323,0.1626331,-0.8773956,-0.4513616,-0.1292751,0.01926444,1.084027,1.058477,-0.2907418,-3.432903,0.07755357,-0.2936442,-0.0008052269,0.9527633,8.470923,325.539,357.2717,0.2952681,-0.08140226,-0.9519401,0,0,0,0.3415095,-0.41215,-2.611554,-0.1281262,0.03337504,1.088974,0.8275448,-0.0470807,0.559422,-0.04401194,0.9879696,0.1482533,-0.5596718,-0.1473075,0.8155171,static,-7.336323727060213,1.02595139390548,-6.710439413177011,1.7554602215441932,-0.7169674999999999,-0.12140820000000002,0.8213490000000001,-0.12767327722781513,0.017758741375647757,0.991657290843042,-7.403395829061122,1.1416052045057294,0.9583375571149674,0.9612046108752581,0.9257464967572092
05/17/2023 16:15:48.777320,2503,True,True,True,True,Eyes,1.060848,-0.2925031,-3.420331,-0.6613183,-0.1225259,0.7400308,1.083782,0.3441231,-0.4252944,-2.618299,0.1742018,-0.8761,-0.4495581,-0.1294256,0.01917616,1.083864,1.058464,-0.2906756,-3.432839,0.07758506,-0.2935123,-0.0008910124,0.9528013,8.471837,325.5541,357.2623,0.2952679,-0.0814029,-0.9519401,0,0,0,0.3415095,-0.41215,-2.611554,-0.1284383,0.03327754,1.088891,0.8276995,-0.04724225,0.5591796,-0.04384642,0.9879595,0.1483693,-0.5594561,-0.1473233,0.8156622,static,-7.342160496141164,1.0250950953435976,-6.727143664391468,1.750468446798002,-0.7169545,-0.12147440000000004,0.821285,-0.1277743351245742,0.017743688488241288,0.9916445713241437,-7.409228038167827,1.1407603835573323,0.948113917853807,0.9510058897481285,0.9148677583840061
05/17/2023 16:15:48.797285,2504,True,True,True,True,Eyes,1.060746,-0.292505,-3.420352,-0.6610163,-0.1225036,0.7403042,1.083507,0.3445303,-0.4252384,-2.618227,0.2014083,-0.8726344,-0.4449089,-0.1291291,0.01892775,1.083606,1.058384,-0.2906939,-3.432811,0.07752102,-0.2934455,-0.001088049,0.952827,8.458304,325.5612,357.2434,0.2952666,-0.08140353,-0.9519405,0,0,0,0.3415095,-0.41215,-2.611554,-0.1285219,0.03298004,1.088815,0.8277771,-0.04756983,0.5590368,-0.04342294,0.9879786,0.1483668,-0.5593742,-0.1470896,0.8157605,static,-7.325670608876503,1.011490502928309,-6.731947717385145,1.734949946532151,-0.7168745,-0.12145610000000001,0.8212570000000001,-0.12748945409838636,0.017508873402715827,0.9916853673732174,-7.392636766422326,1.1269294295016912,0.9329290949002574,0.9358955275138562,0.8978858327469268
05/17/2023 16:15:48.817625,2505,True,True,True,True,Eyes,1.060649,-0.2925128,-3.420369,-0.6607241,-0.1224907,0.7405671,1.083291,0.3448929,-0.4252058,-2.618119,0.2255553,-0.870398,-0.4376438,-0.1288169,0.01906909,1.083423,1.058383,-0.2907831,-3.432751,0.07758019,-0.2934342,-0.001188013,0.9528255,8.461428,325.5614,357.2304,0.2952626,-0.08140417,-0.9519417,0,0,0,0.3415095,-0.41215,-2.611554,-0.128572,0.0330891,1.08875,0.8277899,-0.0477933,0.5589989,-0.04326543,0.9879598,0.1485379,-0.5593675,-0.1471435,0.8157553,static,-7.303781976479034,1.0151419275071685,-6.734946214244573,1.7407874970742367,-0.7168735,-0.1213669,0.8211970000000002,-0.12711044635254864,0.017572934196478172,0.9917328591518446,-7.370768373588515,1.1305431392275613,0.9189610809255778,0.9220279914564283,0.8812876911636143
05/17/2023 16:15:48.828302,2506,True,True,True,True,Eyes,1.060545,-0.2925201,-3.420392,-0.660328,-0.1225171,0.740916,1.083164,0.3453016,-0.4252263,-2.617858,0.252744,-0.8715467,-0.4201508,-0.1284792,0.01943538,1.083307,1.058404,-0.2909335,-3.432651,0.07759467,-0.2934179,-0.0009573759,0.9528296,8.470905,325.5649,357.2555,0.2952564,-0.08140499,-0.9519435,0,0,0,0.3415095,-0.41215,-2.611554,-0.1287139,0.03345556,1.088644,0.82781,-0.04735976,0.5590059,-0.04371089,0.9879563,0.1484308,-0.559303,-0.1473072,0.8157701,static,-7.277059795683261,1.0280102662892434,-6.74296137008008,1.7602258317343125,-0.7168944999999999,-0.1212165,0.821097,-0.12664740243764344,0.01779673532196102,0.9917881518248175,-7.344130878501683,1.1434672279068931,0.9030779528714715,0.906311625497455,0.8612757707325914
05/17/2023 16:15:48.847850,2507,True,True,True,True,Eyes,1.060447,-0.2925227,-3.42041,-0.6599363,-0.1225496,0.7412595,1.083097,0.3456726,-0.4252558,-2.617554,0.2774825,-0.8735381,-0.3999183,-0.1281642,0.02045114,1.083336,1.058464,-0.290927,-3.432628,0.07798137,-0.2933834,-0.0006716353,0.9528089,8.523126,325.5681,357.2739,0.2952481,-0.08140595,-0.951946,0,0,0,0.3415095,-0.41215,-2.611554,-0.1288733,0.0344767,1.088616,0.8278514,-0.04703675,0.5589718,-0.044477,0.9878369,0.1489968,-0.5591813,-0.1482086,0.8156902,static,-7.252596960690148,1.082341495001598,-6.7514069019680205,1.8139632021901717,-0.7169545,-0.12122300000000003,0.8210739999999999,-0.12622176490674736,0.018738223277821424,0.991825042994134,-7.32004900378932,1.1983644851748836,0.8835100648059574,0.8868268136403032,0.838042731818977
05/17/2023 16:15:48.867723,2508,True,True,True,True,Eyes,1.060272,-0.2925193,-3.42048,-0.6594893,-0.1225774,0.7416526,1.083042,0.346017,-0.4252758,-2.617239,0.3005565,-0.8752102,-0.379042,-0.1281865,0.0205043,1.083309,1.058507,-0.2908107,-3.432523,0.07811513,-0.2932004,-0.0007679285,0.9528542,8.535046,325.5885,357.2603,0.2952379,-0.08140692,-0.9519491,0,0,0,0.3415095,-0.41215,-2.611554,-0.1293641,0.03451861,1.088518,0.8280658,-0.04727022,0.5586345,-0.04434333,0.9877949,0.149315,-0.5588745,-0.1484143,0.8158631,static,-7.239444088593173,1.091795931960293,-6.777484667017431,1.816330187682032,-0.7169975000000001,-0.12133930000000004,0.8209690000000003,-0.12599368551310552,0.018902437232843128,0.9918509081356397,-7.306960067539639,1.2078841304495445,0.8558404592012678,0.8592766695871871,0.80656729683264
05/17/2023 16:15:48.877654,2509,True,True,True,True,Eyes,1.0601,-0.292515,-3.420543,-0.6590384,-0.1225815,0.7420528,1.082919,0.3464143,-0.4252609,-2.61696,0.3268647,-0.8737206,-0.3602383,-0.1283466,0.02077913,1.083217,1.058545,-0.2907433,-3.432459,0.07835937,-0.2929296,-0.0009485953,0.9529172,8.556479,325.6179,357.2343,0.2952237,-0.08140767,-0.9519534,0,0,0,0.3415095,-0.41215,-2.611554,-0.1300183,0.03475561,1.088417,0.8283827,-0.04771542,0.5581266,-0.04409969,0.9877179,0.1498957,-0.5584239,-0.1487843,0.8161041,static,-7.235666909640988,1.1100152783368566,-6.81206361931827,1.828962008138807,-0.7170355,-0.12140670000000003,0.8209050000000002,-0.12592755693584995,0.01921799773964695,0.9918533731210967,-7.303311811842305,1.2263098507106878,0.8308890078100327,0.8344603932273547,0.7775052472561831
05/17/2023 16:15:48.897909,2510,True,True,True,True,Eyes,1.059846,-0.2925156,-3.420665,-0.6585302,-0.1225565,0.7425078,1.082788,0.346797,-0.4252183,-2.616686,0.3524462,-0.8710847,-0.3420429,-0.1286646,0.02013288,1.083017,1.058454,-0.2907229,-3.432371,0.07809278,-0.292567,-0.001078558,0.9530503,8.52388,325.6629,357.2325,0.2952061,-0.0814082,-0.9519588,0,0,0,0.3415095,-0.41215,-2.611554,-0.1308103,0.03403967,1.08822,0.8288068,-0.04775057,0.5574937,-0.04363889,0.9878007,0.1494838,-0.5578306,-0.1482216,0.8166122,static,-7.239703235257646,1.078313238911659,-6.854394324451787,1.791635608831411,-0.7169445,-0.12142710000000001,0.8208169999999999,-0.12599872543696733,0.01866902507499453,0.9918546979049597,-7.307123136437955,1.194239226504918,0.8069822691344909,0.810735320665338,0.7495637496698917
05/17/2023 16:15:48.917610,2511,True,True,True,True,Eyes,1.059602,-0.2925162,-3.420783,-0.6580352,-0.1225625,0.7429456,1.082762,0.3471066,-0.4252222,-2.61635,0.3729714,-0.8710781,-0.3195547,-0.1287718,0.02040063,1.083063,1.058439,-0.2909327,-3.432436,0.07811906,-0.2923045,-0.001095381,0.9531288,8.526956,325.6943,357.2321,0.2951829,-0.08140859,-0.951966,0,0,0,0.3415095,-0.41215,-2.611554,-0.1313656,0.03427444,1.088162,0.8291138,-0.04775719,0.5570365,-0.04358102,0.9877924,0.1495554,-0.5573788,-0.1482747,0.816911,static,-7.233144906032773,1.0814184124970256,-6.883576553086081,1.8040803886793448,-0.7169294999999999,-0.12121730000000003,0.8208820000000001,-0.12588507176393088,0.018723052399797227,0.991868162318196,-7.300585212970601,1.1973574404437124,0.7987690584493011,0.8027691855082616,0.7362125768651481
05/17/2023 16:15:48.927607,2512,True,True,True,True,Eyes,1.059362,-0.2925149,-3.4209,-0.6577195,-0.1225297,0.7432305,1.082642,0.3472878,-0.4251706,-2.616247,0.3852593,-0.8681399,-0.3129032,-0.1287447,0.02126936,1.083041,1.058433,-0.2909271,-3.432492,0.07851539,-0.2922049,-0.001071211,0.9531268,8.57154,325.7033,357.2219,0.2951548,-0.08140887,-0.9519747,0,0,0,0.3415095,-0.41215,-2.611554,-0.1315472,0.03508805,1.088153,0.8292302,-0.04792716,0.5568485,-0.04384317,0.9876683,0.1502962,-0.5571848,-0.1490442,0.8169032,static,-7.220359510088911,1.1275692135021977,-6.893057391788436,1.8468917745464002,-0.7169234999999999,-0.12122290000000002,0.820938,-0.12566181338670396,0.019522536493459267,0.9918810530591944,-7.288125535649992,1.2440189598685958,0.7862358468388377,0.7902857859478231,0.720787395125465
05/17/2023 16:15:48.947924,2513,True,True,True,True,Eyes,1.059132,-0.2925159,-3.421014,-0.6574024,-0.1225277,0.7435113,1.082591,0.3474338,-0.4251633,-2.616095,0.3948988,-0.867436,-0.3026711,-0.1289515,0.0215224,1.083017,1.058446,-0.2908825,-3.432457,0.07872357,-0.2920235,-0.001214025,0.953165,8.590075,325.7225,357.2005,0.2951225,-0.081409,-0.9519846,0,0,0,0.3415095,-0.41215,-2.611554,-0.1319672,0.03531767,1.088082,0.8294417,-0.04829259,0.556502,-0.04366393,0.9876022,0.1507821,-0.5568842,-0.1493641,0.8170498,static,-7.216496847321564,1.1438387803494656,-6.915299436354902,1.8590907988392158,-0.7169365,-0.12126750000000003,0.8209029999999999,-0.1255942456059273,0.019804358194367752,0.9918840047545516,-7.284377869418133,1.2604709825940419,0.7719374715732551,0.7760833269222337,0.7032528522187564
05/17/2023 16:15:48.967627,2514,True,True,True,True,Eyes,1.058909,-0.2925144,-3.421129,-0.657207,-0.1224787,0.7436921,1.082382,0.3475602,-0.4250832,-2.616169,0.4032195,-0.8618691,-0.3075644,-0.1293224,0.0224233,1.082834,1.058436,-0.2909321,-3.432513,0.07907351,-0.2918172,-0.001104705,0.9531994,8.632772,325.7454,357.2023,0.2950868,-0.08140905,-0.9519957,0,0,0,0.3415095,-0.41215,-2.611554,-0.1324001,0.03615979,1.088031,0.8296831,-0.04825601,0.5561452,-0.044044,0.9874923,0.1513904,-0.5564945,-0.1501009,0.8171803,static,-7.226326555176523,1.1890772933741576,-6.938085410507948,1.9034761739536374,-0.7169264999999999,-0.12121789999999999,0.8209590000000002,-0.12576242375012853,0.020587062810968997,0.9918467613610529,-7.294532781857041,1.3062937990580945,0.7661580112347318,0.7703562280225067,0.6954721543150085
05/17/2023 16:15:48.977258,2515,True,True,True,True,Eyes,1.058697,-0.292515,-3.42124,-0.657014,-0.1224207,0.7438722,1.08217,0.3476961,-0.4249951,-2.616244,0.4122044,-0.855846,-0.3124342,-0.1294901,0.02244458,1.082745,1.058452,-0.2908749,-3.432605,0.079025,-0.2917026,-0.0009919119,0.9532385,8.631601,325.7605,357.2175,0.295048,-0.08140896,-0.9520077,0,0,0,0.3415095,-0.41215,-2.611554,-0.1326335,0.03611179,1.088091,0.8298173,-0.04799464,0.5559675,-0.04421253,0.9875082,0.151238,-0.5562809,-0.1500807,0.8173294,static,-7.226034900896126,1.1932083808440042,-6.949817108251975,1.9008465298640005,-0.7169424999999999,-0.12127510000000002,0.8210510000000002,-0.12575719320942857,0.020658590431142432,0.9918459683412615,-7.294270509501831,1.310473793576767,0.7554263096559328,0.7596367677526239,0.6835116044251698
05/17/2023 16:15:48.997520,2516,True,True,True,True,Eyes,1.058475,-0.2925147,-3.421357,-0.6568943,-0.122324,0.7439938,1.08185,0.3478137,-0.4248509,-2.616467,0.4201109,-0.8463725,-0.3273536,-0.129752,0.02228987,1.082488,1.058486,-0.2909306,-3.432631,0.07876261,-0.291627,-0.0007497769,0.9532836,8.611216,325.7736,357.254,0.2950069,-0.08140879,-0.9520205,0,0,0,0.3415095,-0.41215,-2.611554,-0.1328549,0.03585367,1.088108,0.8299063,-0.04736811,0.5558884,-0.0445091,0.9875917,0.1506035,-0.5561245,-0.1497289,0.8175003,static,-7.227843350965181,1.1828781866848839,-6.961196740639933,1.8872400478153235,-0.7169765,-0.12121940000000003,0.8210770000000003,-0.12578896120790917,0.020479681012977827,0.9918456415646396,-7.2960057730552625,1.3000253406624198,0.7488984367330641,0.7531441072019894,0.6759572475264688
05/17/2023 16:15:49.017648,2517,True,True,True,True,Eyes,1.058265,-0.2925098,-3.421471,-0.6567637,-0.1222223,0.7441258,1.081553,0.3479407,-0.4246997,-2.616659,0.4288323,-0.836805,-0.3403823,-0.1302232,0.0222721,1.082167,1.058527,-0.2909296,-3.432571,0.07866318,-0.2914593,-0.0006508183,0.9533433,8.604131,325.7953,357.2699,0.2949633,-0.08140852,-0.9520339,0,0,0,0.3415095,-0.41215,-2.611554,-0.1333166,0.03572097,1.088039,0.8301022,-0.04709513,0.5556189,-0.04461332,0.9876233,0.1503654,-0.5558238,-0.1496066,0.8177273,static,-7.238559644246725,1.183014180852283,-6.985588441617746,1.8803792570520486,-0.7170175,-0.1212204,0.8210169999999999,-0.1259744634935061,0.020481549201868718,0.9918220582193331,-7.306725875266925,1.3002030814621302,0.7375493969211353,0.7418304920011424,0.6631241558056263
05/17/2023 16:15:49.037771,2518,True,True,True,True,Eyes,1.058056,-0.2925048,-3.421587,-0.6566736,-0.1221086,0.744224,1.081187,0.3480686,-0.4245271,-2.616941,0.4370508,-0.8247131,-0.3589358,-0.130893,0.02201307,1.081874,1.058607,-0.2908185,-3.432616,0.07856207,-0.2912022,-0.0007197633,0.9534301,8.591444,325.8267,357.2681,0.2949179,-0.08140805,-0.9520481,0,0,0,0.3415095,-0.41215,-2.611554,-0.1339324,0.03533774,1.088074,0.8304015,-0.04712739,0.5551688,-0.04438241,0.987655,0.1502261,-0.5553949,-0.1493877,0.8180586,static,-7.261866451468719,1.1752107880764038,-7.017310950007108,1.860160190841791,-0.7170975,-0.12133150000000004,0.821062,-0.12637826050611028,0.0203454148807531,0.991773506740173,-7.329983210554467,1.2923924592461131,0.72303279812273,0.7272984790605579,0.6481698385123279
05/17/2023 16:15:49.057559,2519,True,True,True,True,Eyes,1.057853,-0.2924967,-3.421701,-0.6565643,-0.1219948,0.7443391,1.080867,0.348194,-0.4243569,-2.617169,0.4454276,-0.8134041,-0.3741228,-0.1319021,0.02181653,1.081513,1.058652,-0.2908269,-3.432622,0.07841521,-0.2907862,-0.0007329153,0.9535691,8.576071,325.878,357.2755,0.2948708,-0.08140737,-0.9520627,0,0,0,0.3415095,-0.41215,-2.611554,-0.134917,0.03501081,1.087996,0.8308858,-0.04700188,0.5544544,-0.04420634,0.9877011,0.1499749,-0.5546843,-0.1491224,0.818589,static,-7.303177463437895,1.1647264429576516,-7.068880162966984,1.8430947230171584,-0.7171424999999999,-0.12132310000000002,0.8210679999999999,-0.12709378262022247,0.020162075438697975,0.9916858213081537,-7.371230402431002,1.2819358094889557,0.7133608143433069,0.7176898692324212,0.6374284222844961
05/17/2023 16:15:49.077277,2520,True,True,True,True,Eyes,1.057662,-0.2924848,-3.421813,-0.6564985,-0.1218892,0.7444143,1.080569,0.3482698,-0.4241945,-2.617422,0.4504863,-0.8026131,-0.3909916,-0.1327395,0.02167941,1.081181,1.058608,-0.2907462,-3.432685,0.07817615,-0.2904436,-0.0003706391,0.9536933,8.563002,325.924,357.3268,0.2948223,-0.08140643,-0.9520778,0,0,0,0.3415095,-0.41215,-2.611554,-0.1356647,0.03475507,1.087939,0.8312848,-0.04611847,0.5539302,-0.04470457,0.9877767,0.1493274,-0.5540462,-0.1488968,0.8190621,static,-7.3417937892245195,1.1618559341728203,-7.108024364567748,1.8297366301562525,-0.7170985,-0.1214038,0.8211310000000003,-0.12776225173906286,0.020110648673940808,0.991600865501769,-7.409836489226373,1.2791750625006304,0.7033101707030209,0.7076106047620201,0.6278603334901556
05/17/2023 16:15:49.097679,2521,True,True,True,True,Eyes,1.057526,-0.2924744,-3.421893,-0.6564758,-0.1217955,0.7444497,1.080325,0.3483184,-0.4240532,-2.617645,0.4537813,-0.7932881,-0.4059265,-0.1335613,0.02151126,1.080996,1.058704,-0.2906455,-3.432758,0.07808372,-0.2901378,-0.0003489248,0.953794,8.554441,325.9619,357.3352,0.294773,-0.08140513,-0.9520932,0,0,0,0.3415095,-0.41215,-2.611554,-0.1364006,0.03448169,1.087985,0.8316399,-0.04597567,0.5534087,-0.04464446,0.9878056,0.149154,-0.5535177,-0.1487491,0.8194461,static,-7.376715108313698,1.1575989904939463,-7.145884571423914,1.8152770663563107,-0.7171945000000001,-0.12150450000000002,0.8212040000000003,-0.12836679910575854,0.020035398575822698,0.9915243432852419,-7.444736703575467,1.2749972738095225,0.6927283148852574,0.6970101779965971,0.6174259883791171
05/17/2023 16:15:49.107738,2522,True,True,True,True,Eyes,1.057397,-0.2924602,-3.421968,-0.6564298,-0.121679,0.7445094,1.080052,0.3484187,-0.4238799,-2.617859,0.4605424,-0.7818547,-0.4202427,-0.1343426,0.02085038,1.080723,1.058777,-0.290636,-3.432772,0.07768164,-0.2898424,-0.0003114025,0.9539166,8.51238,326.0009,357.3558,0.2947246,-0.08140361,-0.9521083,0,0,0,0.3415095,-0.41215,-2.611554,-0.1371402,0.03368116,1.087977,0.8319826,-0.04562497,0.5529226,-0.04443676,0.9879309,0.1483841,-0.5530193,-0.1480231,0.8199139,static,-7.409201833320456,1.1228454215023742,-7.1842799383406595,1.773173684339719,-0.7172675000000001,-0.12151400000000001,0.821218,-0.1289305160437783,0.01943254001450346,0.991463265319835,-7.476984204363114,1.2399446497356155,0.6838133744979794,0.6881255032959765,0.6082836432886947
05/17/2023 16:15:49.119094,2523,True,True,True,True,Eyes,1.057271,-0.292445,-3.422043,-0.6563638,-0.1215531,0.7445881,1.079772,0.3485472,-0.4236947,-2.618057,0.4690816,-0.7694811,-0.4334299,-0.1353062,0.0201082,1.080392,1.058825,-0.2905356,-3.432755,0.07732842,-0.2894423,-0.0003749034,0.9540667,8.472572,326.0515,357.3645,0.2946771,-0.08140176,-0.9521232,0,0,0,0.3415095,-0.41215,-2.611554,-0.1380986,0.03278577,1.087914,0.832446,-0.04547959,0.5522366,-0.04404886,0.9880403,0.14777,-0.5523524,-0.1473359,0.820487,static,-7.451880254474222,1.0887370403916086,-7.2343714834901105,1.7261639046606212,-0.7173154999999999,-0.12161440000000001,0.8212009999999998,-0.12967046514539382,0.018840480963822945,0.9913781516039621,-7.51943070235368,1.2055831598725049,0.6691989379285009,0.6735154584319836,0.5935175398446606
05/17/2023 16:15:49.127318,2524,True,True,True,True,Eyes,1.057209,-0.2924315,-3.422079,-0.6563573,-0.1214179,0.7446159,1.079507,0.3486666,-0.4235029,-2.618261,0.4770412,-0.756699,-0.4470329,-0.1360241,0.01979645,1.080049,1.058747,-0.2905015,-3.432814,0.07712817,-0.289092,-0.0003888883,0.9541892,8.451078,326.0953,357.373,0.2946306,-0.0813996,-0.9521377,0,0,0,0.3415095,-0.41215,-2.611554,-0.1388,0.03231683,1.087835,0.8328514,-0.04533642,0.5516369,-0.04385212,0.9881022,0.1474146,-0.5517568,-0.1469649,0.8209542,static,-7.493188362521729,1.0735877206574087,-7.271244860149513,1.701612422118028,-0.7172375000000001,-0.12164849999999999,0.8212600000000001,-0.1303858229120735,0.01857659689598564,0.9912893106796902,-7.560641723141724,1.1904050645850668,0.6618158114039426,0.6660885405784625,0.5874380875509907
05/17/2023 16:15:49.147648,2525,True,True,True,True,Eyes,1.057152,-0.2924206,-3.422115,-0.6563355,-0.121271,0.744659,1.079255,0.3487988,-0.4233028,-2.618438,0.4860636,-0.7436787,-0.4590034,-0.1364848,0.01915018,1.079838,1.058822,-0.290478,-3.432852,0.07673168,-0.288911,-0.0003817038,0.954276,8.408272,326.1202,357.389,0.2945869,-0.08139724,-0.9521515,0,0,0,0.3415095,-0.41215,-2.611554,-0.1392647,0.03149918,1.087881,0.8330606,-0.04506576,0.5513431,-0.04360875,0.9882243,0.146667,-0.5514602,-0.1462258,0.8212854,static,-7.513553715132608,1.0400720303771052,-7.295021876667753,1.6585140936034166,-0.7173124999999999,-0.121672,0.8212980000000001,-0.13073954453576253,0.01799588373565946,0.9912533934092758,-7.580773467569978,1.1565599426832338,0.6516652937288517,0.6559167248900173,0.5775915003955255
05/17/2023 16:15:49.167671,2526,True,True,True,True,Eyes,1.057164,-0.2924124,-3.42211,-0.6563565,-0.121143,0.7446615,1.079044,0.3489269,-0.4231309,-2.618587,0.4944251,-0.7319592,-0.4688067,-0.1370967,0.0188454,1.079589,1.058884,-0.2905349,-3.432863,0.07648897,-0.2886572,-0.0003877042,0.9543723,8.382108,326.1527,357.3989,0.2945458,-0.08139478,-0.9521644,0,0,0,0.3415095,-0.41215,-2.611554,-0.1398965,0.03104828,1.087855,0.8333538,-0.04489821,0.5509134,-0.04341815,0.9882985,0.1462217,-0.5510321,-0.1457741,0.821653,static,-7.545557350080554,1.0206176438330372,-7.327931410909593,1.634825057963728,-0.7173744999999999,-0.12161510000000003,0.8213090000000003,-0.13129401553583203,0.017658006580940203,0.991186313167996,-7.612646850300466,1.1369898588666296,0.6473539125210339,0.6516224343691314,0.5735004506428792
05/17/2023 16:15:49.177389,2527,True,True,True,True,Eyes,1.057176,-0.2924001,-3.422101,-0.6563593,-0.1210014,0.744682,1.078817,0.3490847,-0.4229384,-2.618725,0.5047978,-0.7189145,-0.4778504,-0.1375484,0.01893752,1.07938,1.058955,-0.2905287,-3.432907,0.07644928,-0.288453,-0.0003658707,0.9544372,8.379032,326.1778,357.4044,0.2945092,-0.08139234,-0.9521759,0,0,0,0.3415095,-0.41215,-2.611554,-0.1403984,0.03097659,1.087873,0.8335896,-0.04480244,0.5505645,-0.04340564,0.9883108,0.1461431,-0.5506763,-0.145721,0.8219008,static,-7.570051212147729,1.025003224350985,-7.353813857638679,1.6310253405829098,-0.7174455000000001,-0.12162130000000004,0.8213530000000002,-0.13171755437976246,0.017732868906388345,0.9911287413101351,-7.637178475707475,1.141520174719445,0.6392103725014824,0.6434449462442713,0.5656065895835132
05/17/2023 16:15:49.197617,2528,True,True,True,True,Eyes,1.057241,-0.29239,-3.422058,-0.6563757,-0.1208674,0.7446892,1.078643,0.3492464,-0.4227628,-2.618805,0.5157198,-0.7074256,-0.4833032,-0.138164,0.01841719,1.079065,1.058963,-0.2904245,-3.432807,0.07617104,-0.2881736,-0.0003470499,0.9545439,8.349854,326.2137,357.4185,0.2944767,-0.08138981,-0.9521862,0,0,0,0.3415095,-0.41215,-2.611554,-0.1411004,0.03029722,1.087743,0.8339117,-0.04456353,0.5500959,-0.04323843,0.9883957,0.1456172,-0.5502017,-0.1452172,0.8223079,static,-7.604991013705586,1.0032622799369528,-7.391051342393401,1.5954633935132159,-0.7174535000000001,-0.12172550000000004,0.821253,-0.13232280076848485,0.01735536995549042,0.9910547210221954,-7.671972497275591,1.119646846117091,0.6254802192787138,0.6296604973175083,0.5525559537606234
05/17/2023 16:15:49.217598,2529,True,True,True,True,Eyes,1.057307,-0.2923802,-3.42202,-0.6563807,-0.1207308,0.744707,1.078469,0.3494205,-0.4225845,-2.618877,0.5273004,-0.6955016,-0.4880902,-0.1386724,0.01795478,1.078849,1.05902,-0.2904193,-3.432799,0.07591724,-0.2879256,-0.0004520484,0.9546388,8.319141,326.2448,357.4177,0.2944494,-0.08138731,-0.9521949,0,0,0,0.3415095,-0.41215,-2.611554,-0.1417121,0.02967145,1.087713,0.8341973,-0.04458011,0.5496613,-0.04285394,0.9884728,0.1452074,-0.5497985,-0.1446868,0.8226709,moving,-7.634386777437531,0.9785274699638278,-7.4229389945589395,1.5625696845912238,-0.7175105,-0.12173070000000002,0.8212450000000002,-0.1328322286961553,0.01692636313830409,0.9909940274798091,-7.701199662644496,1.0947226713302962,0.6169716038669403,0.6211404618531507,0.5443434827575239
05/17/2023 16:15:49.228177,2530,True,True,True,True,Eyes,1.05743,-0.2923714,-3.421945,-0.6564004,-0.1205917,0.7447122,1.079111,0.3491009,-0.4225032,-2.618318,0.2801493,-0.8425186,-0.4600857,-0.1390536,0.01789243,1.079514,1.05909,-0.2904164,-3.432859,0.07581653,-0.2877506,-0.0004894802,0.9546996,8.307303,326.2664,357.4185,0.2944268,-0.08138482,-0.9522021,0,0,0,0.3448994,-0.4098677,-2.611418,-0.1393318,0.03156296,1.085676,0.8343986,-0.04456712,0.5493566,-0.04269789,0.9885033,0.1450457,-0.549505,-0.1444823,0.8229029,moving,-7.6563768947078,0.9735223933796251,-7.31316173186154,1.665243744003405,-0.7141906,-0.11945129999999998,0.8214410000000001,-0.13321276164428764,0.01683892730416698,0.990944455920834,-7.723159914211261,1.0897393061488567,0.7677957600660008,0.7721884970111706,0.7066143697380874
05/17/2023 16:15:49.247887,2531,True,True,True,True,Eyes,1.057546,-0.2923653,-3.421874,-0.6564022,-0.1204618,0.7447315,0.0,0.0,0.0,0.0,0.0,0.0,0.0,0.9872758,0.8294825,3.365646,1.05915,-0.2903743,-3.432814,0.07571961,-0.2875088,-0.0006523492,0.95478,8.291883,326.2951,357.406,0.2944102,-0.08138242,-0.9522074,0,0,0,0.3482386,-0.4076196,-2.611284,-0.1371787,0.033261,1.083572,0.8346766,-0.0447858,0.5489165,-0.0422944,0.9885322,0.1449662,-0.549114,-0.144216,0.8232105,moving,-7.684128086713998,0.9622394893019024,-7.21518253746738,1.758181941320749,-0.7109114000000001,-0.11724530000000005,0.8215300000000001,-0.13369313532084026,0.01664269838167698,0.9908829732491068,-7.750837999024017,1.0784236912342826,0.919206323679076,0.9238150870623328,0.8654467355395526
05/17/2023 16:15:49.267789,2532,True,True,True,True,Eyes,1.057645,-0.2923556,-3.421816,-0.6564268,-0.1203519,0.7447276,0.0,0.0,0.0,0.0,0.0,0.0,0.0,0.9853109,0.8299289,3.366117,1.059111,-0.2904277,-3.432827,0.07577612,-0.2872362,-0.000689077,0.9548575,8.297611,326.3273,357.4024,0.2943987,-0.08138017,-0.9522112,0,0,0,0.3517897,-0.4052288,-2.611141,-0.1348157,0.03560939,1.081299,0.8349898,-0.04484723,0.5484349,-0.04221534,0.988515,0.1451066,-0.5486438,-0.1443149,0.8235067,moving,-7.7179483777994164,0.9717917494072337,-7.106928659338945,1.886185659454762,-0.7073212999999999,-0.11480109999999999,0.8216860000000001,-0.13427763921466224,0.016806556426141005,0.9908011793804254,-7.7847353684705185,1.0882181186271827,1.0949294464726147,1.099755117778281,1.0469833480806596
05/17/2023 16:15:49.287145,2533,True,True,True,True,Eyes,1.057739,-0.2923447,-3.421764,-0.6564419,-0.120233,0.7447336,0.0,0.0,0.0,0.0,0.0,0.0,0.0,0.9837126,0.8303926,3.366513,1.059135,-0.2903438,-3.432869,0.07585347,-0.287022,-0.0007363464,0.9549158,8.305121,326.3522,357.3964,0.2943914,-0.08137793,-0.9522136,0,0,0,0.3550369,-0.4030426,-2.611011,-0.1326007,0.03767447,1.079307,0.8352357,-0.04494952,0.548052,-0.04213693,0.9884915,0.14529,-0.5482754,-0.1444446,0.8237293,moving,-7.743938186866521,0.9838207747296771,-7.004103413384932,1.9991643369787817,-0.7040981,-0.11269879999999999,0.8218580000000002,-0.13472659928918285,0.01701352590203667,0.990736776704046,-7.810817843373418,1.1004899855480632,1.2513509558029827,1.2562953639384553,1.2076438885164247
05/17/2023 16:15:49.297423,2534,True,True,True,True,Eyes,1.057825,-0.2923352,-3.421717,-0.6565169,-0.1201156,0.7446864,0.0,0.0,0.0,0.0,0.0,0.0,0.0,0.9826822,0.8292917,3.367157,1.059122,-0.2903056,-3.432946,0.07570168,-0.2868755,-0.0008195331,0.9549718,8.286077,326.3704,357.3936,0.2943876,-0.08137567,-0.952215,0,0,0,0.3583989,-0.4007791,-2.610875,-0.130092,0.0393775,1.077285,0.8354036,-0.04499918,0.547792,-0.04186866,0.9885372,0.1450562,-0.5480401,-0.1441157,0.8239434,moving,-7.76655895893382,0.9697935173766801,-6.885647096883923,2.093374131334426,-0.7007230999999998,-0.1104735,0.8220709999999998,-0.13511829128447478,0.016770068295856096,0.9906875611733731,-7.83334457875353,1.0863776043434274,1.4226717321269424,1.4277391585166679,1.3828132637901354
05/17/2023 16:15:49.317510,2535,True,True,True,True,Eyes,1.057906,-0.2923256,-3.421676,-0.6565867,-0.120003,0.744643,0.0,0.0,0.0,0.0,0.0,0.0,0.0,0.9815816,0.8294865,3.367434,1.059157,-0.2903262,-3.432938,0.07572578,-0.2867104,-0.0007071678,0.9550195,8.292908,326.391,357.4067,0.2943867,-0.08137342,-0.9522155,0,0,0,0.3619097,-0.3984155,-2.610734,-0.127602,0.0417414,1.075096,0.8355933,-0.04477344,0.5475208,-0.04207201,0.9885303,0.1450447,-0.547735,-0.1442337,0.8241256,moving,-7.792070296025094,0.9833743145841222,-6.768709865424508,2.2234343760090134,-0.6972472999999999,-0.1080893,0.8222040000000002,-0.13555885160989106,0.017003857155264222,0.9906233788211043,-7.858959520755172,1.1002182337411806,1.6025998911803534,1.6077983476979072,1.5653302569105547
05/17/2023 16:15:49.327854,2536,True,True,True,True,Eyes,1.057989,-0.2923152,-3.421635,-0.6567088,-0.1199061,0.7445509,0.0,0.0,0.0,0.0,0.0,0.0,0.0,0.9815081,0.8293312,3.367598,1.05912,-0.2903197,-3.433052,0.07570212,-0.2866778,-0.0006535767,0.9550312,8.292175,326.3954,357.4137,0.2943883,-0.08137115,-0.9522152,0,0,0,0.3652984,-0.396134,-2.610598,-0.1247823,0.04387858,1.073088,0.8356308,-0.0446526,0.5474735,-0.04215585,0.9885375,0.1449705,-0.5476714,-0.144221,0.8241701,moving,-7.80545610620506,0.9884095255041294,-6.632758295612852,2.3415206272448645,-0.6938216,-0.10581429999999997,0.822454,-0.13579008012874283,0.017090367429989255,0.9905901962896655,-7.872384783920377,1.1053644757816663,1.7853227890981869,1.7905668958801244,1.7506444131558958
05/17/2023 16:15:49.347932,2537,True,True,True,True,Eyes,1.058072,-0.2923035,-3.421595,-0.6568185,-0.1198042,0.7444706,0.0,0.0,0.0,0.0,0.0,0.0,0.0,0.9807819,0.8282199,3.368057,1.059163,-0.2902371,-3.433019,0.0755562,-0.2865743,-0.0006399739,0.9550739,8.276869,326.4091,357.4211,0.2943922,-0.08136886,-0.9522142,0,0,0,0.368613,-0.3939025,-2.610465,-0.1223248,0.04559409,1.071055,0.8357494,-0.04452738,0.5473026,-0.04208249,0.9885817,0.1446903,-0.547496,-0.1439567,0.8243328,moving,-7.826285254941197,0.9787187383103152,-6.515498860405777,2.4375710435085627,-0.69055,-0.10366539999999996,0.8225539999999998,-0.13615058430423427,0.016921978309685372,0.9905436525403373,-7.893150345101632,1.0956343445952768,1.9559066135072172,1.9612269171315713,1.9232050637347493
05/17/2023 16:15:49.367776,2538,True,True,True,True,Eyes,1.058156,-0.2922922,-3.421552,-0.6569623,-0.1197046,0.7443597,0.0,0.0,0.0,0.0,0.0,0.0,0.0,0.9803268,0.8267573,3.3686,1.059229,-0.2902453,-3.433049,0.07534519,-0.2864861,-0.0005037851,0.9551171,8.258434,326.4224,357.444,0.2943981,-0.08136651,-0.9522125,0,0,0,0.3717615,-0.3917828,-2.610338,-0.1199692,0.04727998,1.06918,0.835851,-0.04413304,0.5471795,-0.04220835,0.9886457,0.1442156,-0.5473315,-0.1436383,0.8244977,moving,-7.848855535613301,0.9677901703521781,-6.402193509102731,2.5320148325910656,-0.6874674999999999,-0.1015375,0.822711,-0.13654120759888438,0.0167321337710298,0.9904930853839653,-7.915648672771453,1.0846579671902297,2.1252397885160326,2.130640704789062,2.094131903261695
05/17/2023 16:15:49.387696,2539,True,True,True,True,Eyes,1.058239,-0.2922821,-3.421516,-0.6570892,-0.1196101,0.7442629,0.0,0.0,0.0,0.0,0.0,0.0,0.0,0.9786867,0.8257037,3.369285,1.059252,-0.2902375,-3.432993,0.07519769,-0.2862539,-0.000486789,0.9551983,8.243405,326.4516,357.4529,0.2944059,-0.08136412,-0.9522103,0,0,0,0.3752179,-0.3894557,-2.610199,-0.1176769,0.04914609,1.066992,0.836117,-0.04398122,0.5467852,-0.0421213,0.9886902,0.1439361,-0.5469316,-0.1433787,0.824808,moving,-7.886410448648335,0.9571344720952757,-6.2936276859999225,2.6372032077773584,-0.6840341000000001,-0.09921820000000003,0.822794,-0.13719083046691438,0.016546425545904596,0.9904064564271136,-7.953137548648148,1.0740138349753092,2.309561370465665,2.3150783756940716,2.279810079692604
05/17/2023 16:15:49.397488,2540,True,True,True,True,Eyes,1.058311,-0.2922679,-3.421485,-0.6571977,-0.1195123,0.7441828,0.0,0.0,0.0,0.0,0.0,0.0,0.0,0.9775609,0.8255442,3.369784,1.059305,-0.2902578,-3.433106,0.07516905,-0.2860803,-0.0004045268,0.9552526,8.243445,326.4733,357.4645,0.2944154,-0.0813617,-0.9522076,0,0,0,0.3785594,-0.3872061,-2.610065,-0.1152846,0.05128738,1.06503,0.8363158,-0.04378162,0.5464971,-0.04223591,0.9886989,0.1438423,-0.5466188,-0.1433794,0.8250154,moving,-7.915801991204201,0.9626535329746396,-6.17795044037847,2.7569947230615006,-0.6807456,-0.09694829999999999,0.8230409999999999,-0.13769865423148692,0.01664064317303869,0.9903343961359945,-7.982576235081514,1.0797096769394439,2.4923865148522406,2.497956828920334,2.463728756347229
05/17/2023 16:15:49.417615,2541,True,True,True,True,Eyes,1.058383,-0.2922555,-3.421455,-0.6572812,-0.1194147,0.7441247,0.0,0.0,0.0,0.0,0.0,0.0,0.0,0.9761802,0.824392,3.370428,1.059353,-0.2901486,-3.433063,0.07502223,-0.2859016,-0.0004921909,0.9553176,8.224877,326.4953,357.4613,0.2944259,-0.08135916,-0.9522045,0,0,0,0.3819332,-0.3849346,-2.609929,-0.1129411,0.05292349,1.062955,0.83652,-0.04383835,0.5461799,-0.04195756,0.9887428,0.1436215,-0.5463277,-0.1430587,0.8252638,moving,-7.942927883052201,0.9476262817909598,-6.06503604241807,2.850347101898499,-0.6774198,-0.09478600000000004,0.823134,-0.13816809186707835,0.016379821163349274,0.9902733438036627,-8.009602152759722,1.0646020573054416,2.667714802894771,2.6733545003218246,2.640117937096357
05/17/2023 16:15:49.427857,2542,True,True,True,True,Eyes,1.058464,-0.2922377,-3.421422,-0.6573829,-0.119322,0.7440497,0.0,0.0,0.0,0.0,0.0,0.0,0.0,0.9737275,0.8241191,3.371216,1.059417,-0.2901812,-3.433052,0.07497953,-0.2855713,-0.0005363566,0.9554198,8.2196,326.5351,357.4607,0.2944375,-0.08135654,-0.9522012,0,0,0,0.3850909,-0.3828087,-2.609802,-0.1111145,0.0548026,1.060983,0.8368976,-0.04384889,0.5456004,-0.04179911,0.9887556,0.1435802,-0.5457613,-0.1429675,0.8256542,moving,-7.989677206816803,0.944765033558181,-5.978671189694261,2.956851977110701,-0.6743261,-0.09262750000000003,0.8232499999999998,-0.13897615284461134,0.016328504034535764,0.9901610888451462,-8.056343458302774,1.0618811168778648,2.839002803872201,2.844756416517519,2.8120520295464697
05/17/2023 16:15:49.447492,2543,True,True,True,True,Eyes,1.05854,-0.292216,-3.421391,-0.6574557,-0.1191879,0.7440069,0.0,0.0,0.0,0.0,0.0,0.0,0.0,0.9710161,0.8233795,3.372198,1.05949,-0.2900233,-3.433061,0.07489695,-0.2852023,-0.0005863248,0.9555365,8.209849,326.5798,357.4612,0.2944503,-0.08135372,-0.9521975,0,0,0,0.3885118,-0.3805056,-2.609665,-0.1091422,0.05657726,1.058899,0.8373187,-0.04384207,0.5449545,-0.04160105,0.9887801,0.143468,-0.5451302,-0.1427991,0.8261002,moving,-8.038764226835514,0.9398351164573295,-5.884775402375396,3.058420823141785,-0.6709782,-0.09048230000000002,0.8233959999999998,-0.13982460437805033,0.016241348528895472,0.9900430893779292,-8.105408327558854,1.0570752182760308,3.015456479510501,3.0212701389426853,2.9894137917866623
05/17/2023 16:15:49.467447,2544,True,True,True,True,Eyes,1.058611,-0.2922,-3.421367,-0.6574681,-0.1190289,0.7440214,0.0,0.0,0.0,0.0,0.0,0.0,0.0,0.9678867,0.8196378,3.374037,1.059465,-0.2899171,-3.433107,0.07438291,-0.2847751,-0.0008632172,0.9557039,8.145326,326.6331,357.4516,0.2944639,-0.08135059,-0.9521935,0,0,0,0.3919677,-0.3781789,-2.609526,-0.1071607,0.05739029,1.056811,0.8378048,-0.04401476,0.5441928,-0.04071484,0.9889328,0.1426677,-0.5444496,-0.1416844,0.8267407,moving,-8.0892897715856,0.8799647407278673,-5.79000543856947,3.108403236381631,-0.6674973000000002,-0.0882618,0.8235810000000003,-0.14069990040260966,0.015204904731574334,0.9899355403810792,-8.155520316795652,0.9966693013215288,3.1959639872412975,3.201975417295554,3.170974747864425
05/17/2023 16:15:49.477583,2545,True,True,True,True,Eyes,1.058685,-0.2921814,-3.421342,-0.6574466,-0.1188698,0.7440658,0.0,0.0,0.0,0.0,0.0,0.0,0.0,0.9653917,0.8180562,3.3752,1.059526,-0.2900473,-3.43314,0.07413885,-0.2844104,-0.0007970554,0.9558314,8.121637,326.6793,357.4702,0.2944783,-0.08134733,-0.9521893,0,0,0,0.3952597,-0.3759625,-2.609394,-0.1052762,0.05915237,1.054802,0.8382202,-0.04369542,0.5435786,-0.04064801,0.9890056,0.1421818,-0.543815,-0.1412751,0.8272284,moving,-8.13167855295527,0.8655137403279176,-5.699621567143978,3.2097350931729984,-0.6642663,-0.08591519999999997,0.8237459999999999,-0.14143277219751182,0.01495364733746888,0.9898349030586227,-8.197817277000722,0.9822020210191614,3.3717451777450664,3.377909846838475,3.347071166301331
05/17/2023 16:15:49.497364,2546,True,True,True,True,Eyes,1.058738,-0.2921505,-3.421339,-0.6570049,-0.118537,0.7445089,0.0,0.0,0.0,0.0,0.0,0.0,0.0,0.9618425,0.8165107,3.37659,1.059632,-0.2899733,-3.433116,0.07392804,-0.2838854,-0.000576749,0.956004,8.107076,326.7457,357.5062,0.2944932,-0.08134389,-0.952185,0,0,0,0.3986727,-0.3736647,-2.609257,-0.103706,0.06096097,1.052684,0.8388175,-0.04307692,0.5427057,-0.04087143,0.9890686,0.1416785,-0.5428764,-0.1410235,0.8278875,moving,-8.161738497455728,0.8736079311868791,-5.626384046588609,3.314299138134207,-0.6609592999999999,-0.08369140000000003,0.8238590000000001,-0.1419517677446574,0.015092348691438662,0.9897584946932071,-8.227942905970796,0.9905066608646588,3.5129777411846197,3.5192322684360735,3.488283241975125
05/17/2023 16:15:49.517539,2547,True,True,True,True,Eyes,1.058797,-0.2921108,-3.421331,-0.6565258,-0.1181293,0.7449962,0.0,0.0,0.0,0.0,0.0,0.0,0.0,0.957884,0.8117983,3.378958,1.059865,-0.2896953,-3.433173,0.07329438,-0.2833006,-0.0004147614,0.9562263,8.0442,326.8218,357.5503,0.2945081,-0.08133992,-0.9521807,0,0,0,0.4020302,-0.3714043,-2.609122,-0.1023614,0.06166866,1.050811,0.8394812,-0.04232189,0.5417381,-0.04073546,0.9892555,0.140407,-0.5418597,-0.139937,0.8287374,moving,-8.196229334670646,0.8386092445819406,-5.56373162267995,3.35864952145122,-0.6578348,-0.08170900000000003,0.8240509999999999,-0.1425488354713268,0.014486503948626162,0.9896817500124393,-8.262193301971953,0.9552134519757476,3.637856292894445,3.644262229955419,3.6136132021375955
05/17/2023 16:15:49.527553,2548,True,True,True,True,Eyes,1.058837,-0.2920613,-3.421337,-0.6556937,-0.1174756,0.745832,0.0,0.0,0.0,0.0,0.0,0.0,0.0,0.9512041,0.8035612,3.382778,1.060065,-0.2894704,-3.433097,0.07216153,-0.282382,-0.0006704821,0.956584,7.913529,326.9387,357.5676,0.294523,-0.08133522,-0.9521765,0,0,0,0.4054781,-0.369083,-2.608983,-0.1017035,0.06114091,1.048763,0.84052,-0.04203697,0.5401473,-0.03947148,0.9895846,0.1384358,-0.5403408,-0.1376785,0.8301063,moving,-8.241052293331162,0.745630218959499,-5.538922743654356,3.3364597396171964,-0.6545869,-0.07961259999999998,0.8241140000000002,-0.14332618969942257,0.012878979645749994,0.9895917604085939,-8.306365093221483,0.8612768328762043,3.7366985814277855,3.7435146197588134,3.7128516776192946
05/17/2023 16:15:49.547541,2549,True,True,True,True,Eyes,1.058877,-0.2920086,-3.421345,-0.6548346,-0.1167421,0.7467014,0.0,0.0,0.0,0.0,0.0,0.0,0.0,0.9438845,0.7975371,3.386225,1.060184,-0.2892434,-3.433053,0.07134584,-0.281395,-0.001055231,0.9569356,7.813723,327.0605,357.5603,0.2945375,-0.08132958,-0.9521726,0,0,0,0.4088106,-0.3668394,-2.608849,-0.1011896,0.06106484,1.046734,0.8416315,-0.04217229,0.5384032,-0.03813314,0.9898173,0.1371406,-0.5387043,-0.1359529,0.8314533,moving,-8.2903700970111,0.6844389745906212,-5.521724561417816,3.338762760775991,-0.6513734,-0.077596,0.8242039999999999,-0.14417981567506555,0.011820618080133079,0.9894809274420795,-8.355259602167385,0.7995295414444225,3.82832877123373,3.8354703575533033,3.8048161807520504
05/17/2023 16:15:49.567685,2550,True,True,True,True,Eyes,1.058877,-0.2920086,-3.421345,-0.6548346,-0.1167421,0.7467014,0.0,0.0,0.0,0.0,0.0,0.0,0.0,0.9367097,0.7882091,3.390442,1.060197,-0.2891383,-3.4331,0.0700451,-0.2803943,-0.001479605,0.9573247,7.659292,327.187,357.5646,0.2945515,-0.08132301,-0.9521688,0,0,0,0.4121883,-0.3645654,-2.608713,-0.1005289,0.06017578,1.044744,0.8427536,-0.04211342,0.5366496,-0.03644757,0.990183,0.1349415,-0.5370641,-0.1332821,0.8329454,moving,-8.40891323568316,0.5231334695736664,-5.496277522894407,3.2965137587119933,-0.6480087000000001,-0.07542709999999997,0.8243870000000002,-0.146230961977378,0.009032128754735073,0.9892092692857554,-8.472683861716021,0.63671535279389,4.013915111684291,4.021826080724208,3.9916816323326647
05/17/2023 16:15:49.577571,2551,True,True,True,True,Eyes,1.058877,-0.2920086,-3.421345,-0.6548346,-0.1167421,0.7467014,0.0,0.0,0.0,0.0,0.0,0.0,0.0,0.9289652,0.7841113,3.393652,1.060372,-0.2891626,-3.433173,0.06946366,-0.2793239,-0.001628159,0.9576798,7.593174,327.3186,357.576,0.2945641,-0.08131709,-0.9521654,0,0,0,0.4156731,-0.3622192,-2.608573,-0.1000526,0.06111754,1.042686,0.843951,-0.04192423,0.5347795,-0.03568721,0.9903443,0.1339574,-0.5352319,-0.1321383,0.8343059,moving,-8.536418689919461,0.4507898307330655,-5.48112631840632,3.354581249390793,-0.6446989000000001,-0.07305660000000003,0.8246000000000002,-0.14843353629619443,0.007780530631431352,0.988891804333128,-8.59970720718398,0.5639732703861341,4.206527912223346,4.215070115489973,4.184858379005642
05/17/2023 16:15:49.602491,2552,True,True,True,True,Eyes,1.058938,-0.2919441,-3.421366,-0.6536399,-0.1156623,0.7479153,0.0,0.0,0.0,0.0,0.0,0.0,0.0,0.9209203,0.779734,3.39701,1.060499,-0.2889519,-3.433309,0.06887648,-0.2782086,-0.00183638,0.9580463,7.524603,327.4552,357.5811,0.2945755,-0.08131176,-0.9521624,0,0,0,0.4189898,-0.3599862,-2.60844,-0.09971976,0.06167198,1.040789,0.8451931,-0.04184274,0.5328205,-0.03480539,0.9905053,0.1329955,-0.5333264,-0.1309519,0.835712,moving,-8.575480055759597,0.44358702022399454,-5.472899792208156,3.391097761452693,-0.6415092,-0.0710343,0.8248690000000001,-0.14910783189032356,0.007655429384557398,0.9887913993139782,-8.638727557866394,0.5568294533089191,4.2707695471527245,4.279465370982394,4.249181366376447
05/17/2023 16:15:49.617864,2553,True,True,True,True,Eyes,1.059,-0.2918723,-3.421392,-0.6524262,-0.1145667,0.7491425,0.0,0.0,0.0,0.0,0.0,0.0,0.0,0.913054,0.7736107,3.400742,1.060649,-0.2888559,-3.433478,0.06802609,-0.2771108,-0.002061993,0.9584247,7.426425,327.5912,357.5925,0.2945871,-0.0813051,-0.9521593,0,0,0,0.4224243,-0.3576739,-2.608302,-0.09924784,0.06190155,1.038894,0.8464108,-0.04165405,0.5308991,-0.03374899,0.9907364,0.1315386,-0.5314602,-0.129253,0.8371642,moving,-8.611455522521126,0.40880220657390753,-5.457031639304114,3.4098851679535116,-0.6382247,-0.06881799999999999,0.8251759999999999,-0.1497293002702631,0.007054452470426555,0.9887018417311153,-8.674464501896695,0.5217582614022499,4.344988836609805,4.353950961608647,4.323557707910934
05/17/2023 16:15:49.627290,2554,True,True,True,True,Eyes,1.059054,-0.2918007,-3.421434,-0.6510367,-0.113297,0.7505431,0.0,0.0,0.0,0.0,0.0,0.0,0.0,0.9055837,0.7679859,3.404176,1.060739,-0.2886252,-3.433631,0.06726572,-0.2760597,-0.002242239,0.9587812,7.339491,327.7213,357.6054,0.294599,-0.08129702,-0.9521563,0,0,0,0.4258588,-0.3553617,-2.608164,-0.0986194,0.06221282,1.03698,0.8475721,-0.04143833,0.5290599,-0.03283907,0.9909406,0.1302242,-0.5296632,-0.1277482,0.8385328,moving,-8.62848171800365,0.3968395817338252,-5.432633254606558,3.4333011373543916,-0.6348802000000001,-0.06673649999999998,0.8254670000000002,-0.15002331348516973,0.006847715276462656,0.988658714683648,-8.69140990158148,0.5097145658184863,4.399299752820581,4.408349598178351,4.37801138373739
05/17/2023 16:15:49.647518,2555,True,True,True,True,Eyes,1.059112,-0.2917289,-3.421477,-0.6496385,-0.1120313,0.7519433,0.0,0.0,0.0,0.0,0.0,0.0,0.0,0.8990194,0.7606537,3.407813,1.060899,-0.2886153,-3.433833,0.06622571,-0.2750887,-0.002133009,0.9591329,7.23071,327.8452,357.6587,0.2946108,-0.08128764,-0.9521534,0,0,0,0.4290977,-0.3531811,-2.608033,-0.09802091,0.06231382,1.035276,0.8486433,-0.04052757,0.5274107,-0.03234421,0.9912192,0.128212,-0.5279757,-0.125865,0.8398808,moving,-8.638004847326245,0.3693172352093544,-5.4086949550574035,3.4445081334055914,-0.6318013,-0.0645658,0.8258000000000001,-0.15018810644480263,0.006372645450395689,0.9886368602016202,-8.70073928934552,0.4818947529998096,4.450068362571521,4.459287100047986,4.4288411509872265
05/17/2023 16:15:49.667596,2556,True,True,True,True,Eyes,1.059129,-0.2916453,-3.421555,-0.6480271,-0.1106404,0.753538,0.0,0.0,0.0,0.0,0.0,0.0,0.0,0.8922828,0.7554808,3.410884,1.061054,-0.2885583,-3.43394,0.06549886,-0.2741072,-0.001972313,0.9594641,7.158024,327.9686,357.7073,0.2946226,-0.08127709,-0.9521507,0,0,0,0.4324569,-0.3509195,-2.607898,-0.09737977,0.06308295,1.033395,0.8497227,-0.03969214,0.5257336,-0.03212269,0.991412,0.1267689,-0.5262504,-0.1246064,0.8411503,moving,-8.632424322848076,0.38546034326748535,-5.383248812018952,3.4932501479193476,-0.6285970999999999,-0.062361200000000006,0.8260420000000002,-0.15009154299715813,0.006651292728891339,0.9886496987893824,-8.695272404487586,0.49821235811783193,4.486945957861937,4.496164918023999,4.465394902963006
05/17/2023 16:15:49.687716,2557,True,True,True,True,Eyes,1.059155,-0.291559,-3.421638,-0.6464055,-0.1092391,0.7551336,0.0,0.0,0.0,0.0,0.0,0.0,0.0,0.8854118,0.7489907,3.414307,1.061281,-0.288274,-3.434096,0.06461959,-0.2731248,-0.001952988,0.9598038,7.063971,328.092,357.7451,0.2946331,-0.0812651,-0.9521485,0,0,0,0.4358278,-0.34865,-2.607763,-0.09674501,0.06324477,1.031651,0.8507981,-0.0390474,0.52404,-0.03154945,0.991641,0.1251111,-0.5245448,-0.1229774,0.8424543,moving,-8.625652178119209,0.37919779485114546,-5.357351619702293,3.5080943937995923,-0.6254531999999999,-0.06037600000000004,0.826333,-0.14997479914787212,0.0065433486849430025,0.9886681695374655,-8.688453806712296,0.4918486726914764,4.515337666396328,4.52457539080293,4.493771248117315
05/17/2023 16:15:49.697800,2558,True,True,True,True,Eyes,1.05915,-0.291463,-3.421744,-0.6446401,-0.1076963,0.7568623,0.0,0.0,0.0,0.0,0.0,0.0,0.0,0.8774284,0.742318,3.418093,1.061492,-0.288146,-3.43431,0.06369277,-0.271982,-0.001939319,0.9601902,6.964794,328.2347,357.7846,0.2946426,-0.08125173,-0.9521467,0,0,0,0.4391785,-0.3463942,-2.607628,-0.09642401,0.06345546,1.029925,0.852044,-0.0383708,0.5220619,-0.03092235,0.991879,0.1233692,-0.522556,-0.1212594,0.8439381,moving,-8.62713385164394,0.3758550869340347,-5.3485754884231715,3.5256354375295835,-0.6223135000000001,-0.05824819999999997,0.8266819999999999,-0.15000041408873804,0.006485642663869369,0.9886646068993437,-8.689912035604841,0.4884710525482945,4.5371229463856775,4.546433899007293,4.5154066730396165
05/17/2023 16:15:49.717478,2559,True,True,True,True,Eyes,1.059152,-0.2913648,-3.421855,-0.6428623,-0.1061427,0.7585919,0.0,0.0,0.0,0.0,0.0,0.0,0.0,0.868151,0.7340966,3.422389,1.061662,-0.2878919,-3.434432,0.06257013,-0.2706674,-0.002026921,0.9606354,6.841139,328.3984,357.8202,0.2946503,-0.08123682,-0.9521456,0,0,0,0.4428321,-0.3439344,-2.607481,-0.09621084,0.06326601,1.027949,0.8534701,-0.03776565,0.5197716,-0.02997712,0.9921618,0.1213114,-0.5202789,-0.1191169,0.8456483,moving,-8.647989980111781,0.3469331514731863,-5.3470188666767235,3.521875942352127,-0.6188299000000002,-0.056042499999999995,0.8269510000000002,-0.15036075341235836,0.005986249298551238,0.9886130127217593,-8.71056744443675,0.45927712004147137,4.570525721141607,4.580029696092247,4.54895269060584
05/17/2023 16:15:49.727590,2560,True,True,True,True,Eyes,1.059117,-0.2912551,-3.421992,-0.6409692,-0.1044438,0.7604276,0.0,0.0,0.0,0.0,0.0,0.0,0.0,0.8598425,0.7258813,3.426521,1.06181,-0.2877696,-3.43468,0.06141562,-0.2694129,-0.001643758,0.9610631,6.72839,328.5577,357.9081,0.2946564,-0.08122044,-0.9521451,0,0,0,0.446007,-0.3417968,-2.607354,-0.09618741,0.0632108,1.02633,0.854828,-0.03625182,0.5176436,-0.0299328,0.9924508,0.1189343,-0.5180474,-0.1171629,0.8472897,moving,-8.656154499126199,0.34608904705313687,-5.354107991644217,3.524347073202579,-0.6158029999999999,-0.0540272,0.8273260000000002,-0.1505016610922169,0.005971555990599543,0.9885918005306205,-8.718728107141557,0.4584533513320672,4.573557633350837,4.583103230165921,4.551963624131276
05/17/2023 16:15:49.747640,2561,True,True,True,True,Eyes,1.059095,-0.291138,-3.42213,-0.639065,-0.1027162,0.7622632,0.0,0.0,0.0,0.0,0.0,0.0,0.0,0.8512418,0.7152735,3.431036,1.062005,-0.2874703,-3.434784,0.05995924,-0.2681673,-0.00159058,0.9615034,6.571841,328.7153,357.9684,0.2946601,-0.0812024,-0.9521455,0,0,0,0.4493187,-0.3395672,-2.60722,-0.09612131,0.06223259,1.024621,0.8561676,-0.03521691,0.5154968,-0.02909952,0.9928047,0.1161551,-0.5158782,-0.1144489,0.8489825,moving,-8.660956975085437,0.2990639453596767,-5.3593222846597195,3.47571428797619,-0.6126863,-0.0520969,0.8275640000000002,-0.1505851824322906,0.005160107289106888,0.9885835089491825,-8.72319651478189,0.4108770772517654,4.571970780354207,4.581691721216972,4.550700711354361
05/17/2023 16:15:49.767495,2562,True,True,True,True,Eyes,1.059068,-0.2910085,-3.422276,-0.6371387,-0.1008834,0.7641184,0.0,0.0,0.0,0.0,0.0,0.0,0.0,0.8421094,0.7055378,3.435519,1.062231,-0.2872046,-3.434953,0.05862178,-0.2668565,-0.001560722,0.9619505,6.427708,328.8797,358.0225,0.2946618,-0.08118264,-0.9521467,0,0,0,0.4526952,-0.337294,-2.607085,-0.09612134,0.06155418,1.022927,0.8575704,-0.03428988,0.5132225,-0.02828453,0.9931221,0.1136155,-0.5135884,-0.1119495,0.8507022,moving,-8.67160329290557,0.2693507158478627,-5.36814735522463,3.4435958139197664,-0.6095358,-0.050089400000000006,0.827868,-0.15076926862120618,0.004647302108376605,0.9885581130486714,-8.733633765213364,0.38084406826036044,4.571495365622116,4.581337476636377,4.550488658524334
05/17/2023 16:15:49.777832,2563,True,True,True,True,Eyes,1.05905,-0.2908691,-3.422422,-0.6351985,-0.09898444,0.7659796,0.0,0.0,0.0,0.0,0.0,0.0,0.0,0.8325005,0.6930256,3.440597,1.062455,-0.2868497,-3.435107,0.05691002,-0.2654832,-0.001649503,0.9624329,6.238556,329.0525,358.075,0.2946617,-0.08116099,-0.9521486,0,0,0,0.456048,-0.3350368,-2.60695,-0.09626487,0.05996894,1.021289,0.8590319,-0.03339238,0.5108318,-0.02704223,0.993517,0.11042,-0.5112073,-0.1086683,0.8525599,moving,-8.688624510860471,0.19787462096231137,-5.384688103948789,3.360484984265408,-0.6064069999999999,-0.04818710000000004,0.828157,-0.15106366662446763,0.0034139235346061017,0.9885180398619922,-8.750149789584007,0.308566594256806,4.563535226502656,4.573630952644586,4.543185910432386
05/17/2023 16:15:49.797752,2564,True,True,True,True,Eyes,1.059018,-0.2907256,-3.422582,-0.6332943,-0.09699494,0.7678087,0.0,0.0,0.0,0.0,0.0,0.0,0.0,0.8226302,0.679926,3.44576,1.062627,-0.2865093,-3.435261,0.05512183,-0.2640925,-0.001941738,0.9629191,6.034664,329.2263,358.1068,0.29466,-0.08113734,-0.9521511,0,0,0,0.4593798,-0.3327936,-2.606816,-0.09640554,0.05809849,1.019657,0.8605027,-0.03285399,0.5083854,-0.02537505,0.9939157,0.1071813,-0.5088136,-0.1051301,0.8544334,moving,-8.709373216661124,0.11359926086260558,-5.401090213373735,3.2610994766794352,-0.6032472,-0.0462843,0.8284450000000003,-0.15142223015609593,0.0019598177832836003,0.9884671749342989,-8.770303016517815,0.22334889428909488,4.5559659930860885,4.566343618082986,4.536465971842271
05/17/2023 16:15:49.817757,2565,True,True,True,True,Eyes,1.058995,-0.2905781,-3.422742,-0.6313817,-0.09495638,0.7696366,0.0,0.0,0.0,0.0,0.0,0.0,0.0,0.8131579,0.6659003,3.450953,1.062823,-0.2863495,-3.435424,0.05317254,-0.2627293,-0.002028385,0.9634013,5.819055,329.3983,358.1655,0.2946565,-0.08111178,-0.9521543,0,0,0,0.4627228,-0.3305429,-2.606682,-0.09648812,0.05626868,1.018043,0.8619384,-0.03184827,0.5060119,-0.02403167,0.9943371,0.1035188,-0.5064433,-0.1013872,0.8562919,moving,-8.727940255099606,0.024714725266523862,-5.414208602065147,3.1636000631611476,-0.6001002000000001,-0.044193399999999994,0.8287419999999996,-0.1517428315943293,0.0004263582618495576,0.988419947459339,-8.78824112959672,0.1334580702454564,4.553660981420478,4.564363989952196,4.534959315591726
05/17/2023 16:15:49.827597,2566,True,True,True,True,Eyes,1.058974,-0.2904247,-3.422906,-0.6295009,-0.09292184,0.7714235,0.0,0.0,0.0,0.0,0.0,0.0,0.0,0.8042512,0.6534235,3.455646,1.063023,-0.28614,-3.435605,0.05144836,-0.2614502,-0.002086916,0.9638426,5.628907,329.559,358.2192,0.2946517,-0.08108437,-0.9521582,0,0,0,0.466279,-0.3281488,-2.606539,-0.0961912,0.05499549,1.016337,0.8632789,-0.03092529,0.5037789,-0.02287945,0.9946974,0.1002675,-0.5042084,-0.09808499,0.8579937,moving,-8.739040692113397,-0.03929039298348302,-5.406652892023926,3.097338207601476,-0.596744,-0.04200880000000001,0.8290659999999996,-0.15193430381759385,-0.000677785580607472,0.9883903964184477,-8.798888080669188,0.0687198381399162,4.5654919863562835,4.576379292431158,4.5475035792094936
05/17/2023 16:15:49.847352,2567,True,True,True,True,Eyes,1.058962,-0.2902674,-3.42307,-0.6276103,-0.09084581,0.7732092,0.0,0.0,0.0,0.0,0.0,0.0,0.0,0.7952036,0.6413705,3.460194,1.06326,-0.2859036,-3.435751,0.04978893,-0.2601612,-0.002136356,0.9642783,5.446093,329.7201,358.2715,0.2946456,-0.08105512,-0.9521626,0,0,0,0.4694556,-0.3260101,-2.606411,-0.09627977,0.05358521,1.014828,0.8646232,-0.03002637,0.5015228,-0.02178621,0.995033,0.09713237,-0.5019482,-0.09490919,0.8596745,moving,-8.750773551516822,-0.0937784563272413,-5.419600549038114,3.022539598423685,-0.5938044000000001,-0.040106500000000045,0.8293400000000002,-0.15213653988723605,-0.0016176896766930612,0.9883582210598217,-8.81023548874745,0.013616212115583518,4.550560506794072,4.561595312038279,4.533213566450355
05/17/2023 16:15:49.867774,2568,True,True,True,True,Eyes,1.058982,-0.2901084,-3.423221,-0.6257588,-0.08877306,0.7749485,0.0,0.0,0.0,0.0,0.0,0.0,0.0,0.7860733,0.629848,3.464599,1.063471,-0.285685,-3.43591,0.04820981,-0.2588836,-0.002370098,0.9647019,5.266535,329.8783,358.3004,0.2946387,-0.0810241,-0.9521673,0,0,0,0.4728441,-0.3237288,-2.606275,-0.09612256,0.0523631,1.013213,0.8659474,-0.02953433,0.4992624,-0.02038858,0.9953405,0.09424333,-0.4997194,-0.09178901,0.8613102,moving,-8.76315105828833,-0.14883644043524966,-5.419376926278502,2.958428180348605,-0.5906269000000001,-0.03804379999999996,0.8296349999999997,-0.1523497310921747,-0.00256735921918997,0.9883232657962853,-8.822223650823119,-0.04206182011669263,4.553451931672644,4.564637868382673,4.536772649542434
05/17/2023 16:15:49.877877,2569,True,True,True,True,Eyes,1.059012,-0.2899437,-3.423371,-0.6238953,-0.08668002,0.776686,0.0,0.0,0.0,0.0,0.0,0.0,0.0,0.776957,0.62042,3.468568,1.063711,-0.2855119,-3.436066,0.04691796,-0.2576159,-0.002546226,0.9651043,5.120436,330.0341,358.3264,0.2946318,-0.08099146,-0.9521722,0,0,0,0.47623,-0.3214492,-2.606139,-0.09596553,0.0517838,1.01159,0.8672552,-0.02908837,0.4970134,-0.01925888,0.9955844,0.09187335,-0.4974914,-0.08924956,0.8628656,moving,-8.773703979098952,-0.16957568878679136,-5.4192052948568605,2.9304417974749004,-0.5874810000000001,-0.035937300000000005,0.8299269999999996,-0.15253161156646958,-0.0029250175819348356,0.9882942201441691,-8.832631473852015,-0.06301258561668321,4.556360879252376,4.567578115118578,4.540071301543587
05/17/2023 16:15:49.897713,2570,True,True,True,True,Eyes,1.059039,-0.2897763,-3.423523,-0.6220102,-0.08458108,0.7784274,0.0,0.0,0.0,0.0,0.0,0.0,0.0,0.7676525,0.6107628,3.472546,1.063972,-0.2852376,-3.436204,0.0456129,-0.2563358,-0.002805573,0.9655069,4.970385,330.1908,358.3433,0.2946254,-0.08095719,-0.9521771,0,0,0,0.4795831,-0.3191917,-2.606004,-0.0958772,0.05100479,1.010002,0.8685681,-0.02880204,0.4947321,-0.01796684,0.9958231,0.08951747,-0.4952439,-0.0866408,0.8644228,moving,-8.784012394672585,-0.19534329886611923,-5.42270890075815,2.890963362116755,-0.5843889,-0.03395410000000004,0.8302,-0.15270920154153714,-0.0033693888845268416,0.9882653550802322,-8.842758869118379,-0.0890534859021975,4.5520433501021955,4.563293764796284,4.536214523207386
05/17/2023 16:15:49.917918,2571,True,True,True,True,Eyes,1.059078,-0.2896098,-3.423677,-0.6201175,-0.08247011,0.7801622,0.0,0.0,0.0,0.0,0.0,0.0,0.0,0.7582934,0.6000028,3.476634,1.064128,-0.2850384,-3.436332,0.0441477,-0.2550413,-0.003146605,0.9659168,4.800181,330.3494,358.3555,0.2946192,-0.08092137,-0.9521821,0,0,0,0.4829955,-0.3168944,-2.605867,-0.09567165,0.04998282,1.008341,0.8698881,-0.02859769,0.4924195,-0.01644026,0.9960821,0.08689103,-0.4929751,-0.08368098,0.8660098,moving,-8.795527604699245,-0.2413630588405403,-5.42001283650382,2.837792486867949,-0.5811324999999999,-0.031855999999999995,0.8304650000000002,-0.15290737861105785,-0.004163030217373763,0.9882318017065663,-8.853948958469198,-0.13558713138541156,4.55757921091035,4.568949422457285,4.542345610362902
05/17/2023 16:15:49.927700,2572,True,True,True,True,Eyes,1.059113,-0.2894449,-3.423831,-0.6182522,-0.08039496,0.7818573,0.0,0.0,0.0,0.0,0.0,0.0,0.0,0.7493515,0.5912423,3.480339,1.064418,-0.2849211,-3.436522,0.04294931,-0.2538189,-0.00342411,0.9662917,4.661277,330.4983,358.366,0.2946136,-0.08088418,-0.9521869,0,0,0,0.4863659,-0.3146252,-2.605731,-0.09543264,0.04958655,1.006814,0.8711285,-0.02842007,0.4902321,-0.01518532,0.9962873,0.08474134,-0.4908203,-0.08126491,0.8674627,moving,-8.80095416208309,-0.2581495183094899,-5.414703952780013,2.819593485559303,-0.5780521000000001,-0.02970410000000001,0.8307910000000001,-0.15300077457759942,-0.004452495781572294,0.9882160230544239,-8.859257247638403,-0.15255645052674,4.564535537337212,4.5759362405816395,4.549573896937608
05/17/2023 16:15:49.947343,2573,True,True,True,True,Eyes,1.05916,-0.2892783,-3.423984,-0.6163729,-0.07833739,0.7835482,0.0,0.0,0.0,0.0,0.0,0.0,0.0,0.7395796,0.5832116,3.48386,1.064613,-0.2848147,-3.43655,0.04185672,-0.2524878,-0.003720434,0.9666873,4.533731,330.6595,358.3715,0.2946083,-0.08084581,-0.9521918,0,0,0,0.4896601,-0.3124074,-2.605599,-0.09547547,0.04932734,1.005118,0.8724722,-0.02832961,0.487842,-0.01394363,0.9964684,0.08280344,-0.4884649,-0.07904599,0.8689958,moving,-8.818381934268666,-0.26588973430269797,-5.426205750544829,2.8096031425288372,-0.5749529,-0.027592700000000026,0.8309509999999998,-0.15330127125897655,-0.004585780211415959,0.9881688980634318,-8.876634440835751,-0.16032513086325245,4.567356340837303,4.578811603119823,4.55257422738789
05/17/2023 16:15:49.967614,2574,True,True,True,True,Eyes,1.05922,-0.2891122,-3.424129,-0.6145197,-0.07631124,0.785202,0.0,0.0,0.0,0.0,0.0,0.0,0.0,0.7300808,0.5770772,3.487104,1.0649,-0.284624,-3.4367,0.04103688,-0.2511954,-0.003918704,0.9670582,4.439213,330.8154,358.3794,0.2946036,-0.08080631,-0.9521967,0,0,0,0.4930785,-0.3101059,-2.605461,-0.09533998,0.04967169,1.003509,0.8737711,-0.02819578,0.4855195,-0.01303732,0.9966012,0.08133882,-0.4861627,-0.07740138,0.8704337,moving,-8.833773222099001,-0.2419535998040229,-5.427187372336623,2.8337138421794594,-0.5718215,-0.025481900000000002,0.8312390000000001,-0.15356699146262828,-0.004172783777495699,0.9881294524762891,-8.892200497340403,-0.13604170337220914,4.578261361961714,4.589614075875932,4.5635253868893235
05/17/2023 16:15:49.987494,2575,True,True,True,True,Eyes,1.059328,-0.2889444,-3.424251,-0.6126906,-0.0743373,0.786819,0.0,0.0,0.0,0.0,0.0,0.0,0.0,0.7202548,0.5710882,3.490234,1.065081,-0.2844755,-3.43676,0.04024114,-0.2498695,-0.004266875,0.9674336,4.343106,330.9744,358.3698,0.2945999,-0.08076583,-0.9522012,0,0,0,0.4963969,-0.3078718,-2.605328,-0.09530669,0.04993075,1.001824,0.8750941,-0.02836591,0.4831209,-0.01185423,0.9967249,0.07999357,-0.4838078,-0.07572892,0.8718917,moving,-8.854499799271974,-0.22559226264207738,-5.434374072645547,2.853251666663939,-0.5686841,-0.02339629999999998,0.831432,-0.15392460155631163,-0.0038903948627669535,0.9880749091664014,-8.913049240070656,-0.11940478594677145,4.59047841257051,4.601797466964017,4.575791440363973
05/17/2023 16:15:50.007477,2576,True,True,True,True,Eyes,1.059438,-0.2887785,-3.424374,-0.6108431,-0.07235446,0.7884387,0.0,0.0,0.0,0.0,0.0,0.0,0.0,0.7101535,0.5656701,3.493364,1.06535,-0.2842548,-3.436877,0.03953401,-0.2485104,-0.004570543,0.9678114,4.258204,331.1371,358.3625,0.2945985,-0.08072442,-0.9522052,0,0,0,0.4997841,-0.3055914,-2.605192,-0.09532017,0.05037281,1.000198,0.8764433,-0.02849607,0.480661,-0.01080238,0.9968324,0.07879458,-0.4813838,-0.07425128,0.8733593,moving,-8.878334304441164,-0.19728540851267187,-5.443920843538115,2.883142101910295,-0.5655659,-0.02133660000000004,0.8316849999999998,-0.15433590064900848,-0.0034020174202752176,0.9880126013394382,-8.93709191887046,-0.0906661453571111,4.602246484141534,4.613483441760976,4.587567945333799
05/17/2023 16:15:50.027509,2577,True,True,True,True,Eyes,1.059584,-0.2886149,-3.424483,-0.6090309,-0.07042675,0.7900136,0.0,0.0,0.0,0.0,0.0,0.0,0.0,0.7003906,0.5575764,3.496827,1.065514,-0.2841575,-3.43703,0.0384324,-0.247165,-0.004822737,0.968199,4.13096,331.2997,358.3719,0.2945991,-0.08068223,-0.9522085,0,0,0,0.5040681,-0.3027072,-2.60502,-0.09439653,0.0508313,0.9981545,0.8777725,-0.02833703,0.4782391,-0.009659554,0.9969994,0.07680445,-0.4789805,-0.07203641,0.8748648,moving,-8.90406791822072,-0.21202406070024774,-5.402454934015636,2.915285352645309,-0.5614459,-0.018549700000000002,0.8320099999999999,-0.15477949932382534,-0.003655914914935672,0.9879423026323616,-8.96272724764241,-0.10548688303733239,4.683478253501035,4.694822430928923,4.669111676437869
05/17/2023 16:15:50.039957,2578,True,True,True,True,Eyes,1.05973,-0.2884533,-3.424593,-0.6072119,-0.06850928,0.7915809,0.0,0.0,0.0,0.0,0.0,0.0,0.0,0.6926382,0.5521948,3.499451,1.065714,-0.284035,-3.437209,0.03771123,-0.2461078,-0.005034651,0.9684955,4.046622,331.4268,358.3734,0.2946027,-0.08063942,-0.9522111,0,0,0,0.5067238,-0.3009192,-2.604913,-0.09432217,0.05094802,0.996985,0.8788112,-0.02831412,0.4763288,-0.008809978,0.9971051,0.07552443,-0.4770883,-0.07056816,0.8760176,moving,-8.895500978412127,-0.18428662601548104,-5.4045191923428275,2.9253895358088258,-0.5589902000000001,-0.016884200000000016,0.8322960000000004,-0.15463203814847135,-0.0031777165938110252,0.9879670890712089,-8.954355836537358,-0.07744580076222496,4.663995935068311,4.675151298309601,4.64955484525412
05/17/2023 16:15:50.047642,2579,True,True,True,True,Eyes,1.05988,-0.2882943,-3.424705,-0.6053992,-0.06660452,0.7931303,0.0,0.0,0.0,0.0,0.0,0.0,0.0,0.6842712,0.5460245,3.502248,1.065871,-0.2839386,-3.437354,0.03687715,-0.2449589,-0.005239173,0.9688178,3.950103,331.5652,358.3792,0.2946088,-0.0805961,-0.9522129,0,0,0,0.5118054,-0.2974981,-2.604708,-0.09227338,0.05249713,0.9945863,0.8799353,-0.02821838,0.4742547,-0.007915166,0.9972252,0.07402124,-0.4750275,-0.0688877,0.8772704,moving,-8.898683265223548,-0.1693071377181039,-5.30047969281474,3.021432438866623,-0.5540656,-0.013559500000000002,0.832646,-0.1546870244353583,-0.002919395401106195,0.987959223766339,-8.957645786673503,-0.06227310795083457,4.798075708808195,4.809146285369119,4.783733242724025
05/17/2023 16:15:50.067555,2580,True,True,True,True,Eyes,1.060064,-0.2881369,-3.424799,-0.6036088,-0.06473117,0.7946485,0.0,0.0,0.0,0.0,0.0,0.0,0.0,0.6773658,0.5400569,3.504714,1.066079,-0.2838596,-3.437499,0.03606486,-0.2440121,-0.00538318,0.9690865,3.857362,331.6797,358.3899,0.2946174,-0.08055237,-0.9522139,0,0,0,0.514249,-0.2958528,-2.60461,-0.09216684,0.05240057,0.9935412,0.8808582,-0.02803406,0.4725494,-0.007166991,0.9973407,0.07252706,-0.473326,-0.06727281,0.8783149,moving,-8.88020603409137,-0.1507454690866417,-5.299931934910849,3.019051796161361,-0.55183,-0.011993200000000037,0.8328889999999998,-0.1543685410067567,-0.002599464729377818,0.9880098899757154,-8.939296025343003,-0.04355593036604104,4.7709379779008465,4.781838279159659,4.756525735167676
05/17/2023 16:15:50.087424,2581,True,True,True,True,Eyes,1.06025,-0.2879767,-3.424894,-0.6018288,-0.06287892,0.796146,0.0,0.0,0.0,0.0,0.0,0.0,0.0,0.6711048,0.5345449,3.506903,1.066295,-0.2837293,-3.437587,0.03533133,-0.2431758,-0.005660638,0.969322,3.769447,331.7803,358.383,0.2946292,-0.08050835,-0.952214,0,0,0,0.5166084,-0.2942645,-2.604516,-0.09194121,0.05225963,0.9925168,0.881667,-0.02815741,0.4710313,-0.006209485,0.9974393,0.07124793,-0.4718313,-0.06574181,0.8792344,moving,-8.84910525321599,-0.1308802923841799,-5.29245689430826,3.0140484605638225,-0.5496866,-0.010535199999999967,0.8330710000000003,-0.15383235659876535,-0.002257100184605884,0.9880944428382508,-8.908328665269929,-0.023566706102339602,4.736978199061792,4.747665153529693,4.722460647247129
05/17/2023 16:15:50.108110,2582,True,True,True,True,Eyes,1.060444,-0.2878156,-3.424984,-0.6000421,-0.06101533,0.7976381,0.0,0.0,0.0,0.0,0.0,0.0,0.0,0.6646817,0.5295199,3.509055,1.066517,-0.2835128,-3.437706,0.03467398,-0.2423092,-0.005855127,0.9695618,3.692381,331.8844,358.3831,0.2946439,-0.08046398,-0.9522132,0,0,0,0.519807,-0.292111,-2.604387,-0.09102026,0.05279708,0.9911173,0.882504,-0.02815746,0.4694614,-0.005449832,0.9975269,0.07007463,-0.4702734,-0.06439962,0.880168,moving,-8.821783772854047,-0.09857623521220611,-5.247097825925269,3.0492791326171647,-0.5467099999999999,-0.0085982,0.8333189999999999,-0.15336132128147778,-0.0017001260029921722,0.9881686827386311,-8.881230309879172,0.009026088287951359,4.752718478907716,4.763126393026148,4.738149162329318
05/17/2023 16:15:50.117786,2583,True,True,True,True,Eyes,1.060646,-0.2876639,-3.425067,-0.5982618,-0.05916589,0.7991134,0.0,0.0,0.0,0.0,0.0,0.0,0.0,0.6578004,0.521419,3.511682,1.06669,-0.2833374,-3.437788,0.03359422,-0.2413859,-0.006270442,0.9698274,3.56231,331.996,358.3705,0.2946614,-0.08041929,-0.9522116,0,0,0,0.52337,-0.2897122,-2.604244,-0.08986256,0.05268174,0.989536,0.883387,-0.02838083,0.467784,-0.004055848,0.9976642,0.06818837,-0.4686266,-0.06213399,0.8812085,moving,-8.801141137337034,-0.12239229616607988,-5.188958463069046,3.0474832679863857,-0.5433199999999999,-0.006374799999999958,0.8335439999999998,-0.1530051782475914,-0.002110994629915229,0.9882231372870132,-8.860412370668111,-0.015155463116283407,4.795441601133881,4.805827167563638,4.781143147080478
05/17/2023 16:15:50.127749,2584,True,True,True,True,Eyes,1.060848,-0.2875099,-3.425148,-0.5964758,-0.05733322,0.8005807,0.0,0.0,0.0,0.0,0.0,0.0,0.0,0.6503514,0.5149138,3.51412,1.06686,-0.2834131,-3.437822,0.03268168,-0.2403519,-0.006287568,0.9701152,3.462057,332.1212,358.3978,0.2946818,-0.08037456,-0.9522091,0,0,0,0.5277597,-0.2867568,-2.604067,-0.08820879,0.05394483,0.98747,0.884383,-0.02790953,0.4659269,-0.003510873,0.9977847,0.06643244,-0.4667489,-0.06038754,0.8823258,moving,-8.7950790028151,-0.11175365124626496,-5.104572894947153,3.126922212692608,-0.5391002999999999,-0.003343700000000005,0.833755,-0.1529006701640858,-0.0019275334088197475,0.988239649574955,-8.854424495296582,-0.004410743688926438,4.8997346394562085,4.910077054779368,4.885348821564771
05/17/2023 16:15:50.147695,2585,True,True,True,True,Eyes,1.061053,-0.2873546,-3.425226,-0.5946822,-0.05551385,0.8020419,0.0,0.0,0.0,0.0,0.0,0.0,0.0,0.642373,0.5090507,3.516496,1.067067,-0.2832217,-3.43783,0.03189458,-0.23925,-0.006258032,0.9704139,3.377102,332.2542,358.4268,0.2947047,-0.08032975,-0.9522057,0,0,0,0.5306341,-0.2848216,-2.603952,-0.08806321,0.05419057,0.9861158,0.8854406,-0.02740732,0.4639439,-0.003115793,0.9978871,0.06489635,-0.4647422,-0.05890742,0.8834844,moving,-8.796882674229872,-0.0866223520246366,-5.103154198158238,3.1454430824060644,-0.5364329,-0.0015998999999999874,0.8338779999999999,-0.15293189180451175,-0.0014940603727927534,0.9882355590379088,-8.85640785836222,0.021031468289545434,4.897937745652449,4.908143949334024,4.883529560907846
05/17/2023 16:15:50.167519,2586,True,True,True,True,Eyes,1.061251,-0.2871994,-3.425306,-0.5928425,-0.05366541,0.8035284,0.0,0.0,0.0,0.0,0.0,0.0,0.0,0.6343088,0.5023534,3.519008,1.067321,-0.2830577,-3.437852,0.03096955,-0.2381084,-0.005945978,0.9707266,3.284523,332.3929,358.4909,0.29473,-0.08028483,-0.9522017,0,0,0,0.5333576,-0.282988,-2.603842,-0.08814454,0.0542877,0.9848719,0.8865381,-0.02629205,0.461908,-0.003204382,0.9980111,0.0629575,-0.4626445,-0.05729435,0.8846905,moving,-8.801425732446713,-0.062086034349696666,-5.114259300617069,3.1550413423531594,-0.5339634,6.970000000000587e-05,0.8340099999999997,-0.1530103466282574,-0.0010708456566229756,0.9882240549377246,-8.861127091122228,0.04588174854710718,4.883292302401506,4.893373565746065,4.868869644925938
05/17/2023 16:15:50.177725,2587,True,True,True,True,Eyes,1.061453,-0.287039,-3.425384,-0.5909744,-0.05184491,0.8050226,0.0,0.0,0.0,0.0,0.0,0.0,0.0,0.6243194,0.4941675,3.522027,1.067565,-0.282924,-3.437865,0.02985902,-0.2367387,-0.006041493,0.9710957,3.1604,332.5578,358.5153,0.2947573,-0.08023982,-0.952197,0,0,0,0.5367201,-0.2807242,-2.603707,-0.08812231,0.05423228,0.9833174,0.8878365,-0.02587131,0.4594311,-0.002403839,0.9981439,0.06085245,-0.4601527,-0.05513143,0.8861264,moving,-8.82953221267007,-0.07772551865249082,-5.121016346629308,3.156799560965349,-0.5308449000000001,0.0021998000000000295,0.834158,-0.15349504661963534,-0.0013404897174470187,0.9881485194086876,-8.889129491074698,0.030158155346710597,4.910665102539479,4.920898537803117,4.896382659542758
05/17/2023 16:15:50.197545,2588,True,True,True,True,Eyes,1.061657,-0.286879,-3.425461,-0.589082,-0.04997955,0.8065261,0.0,0.0,0.0,0.0,0.0,0.0,0.0,0.613369,0.4898138,3.524633,1.067815,-0.2826499,-3.437886,0.0293161,-0.2352709,-0.006295396,0.9714672,3.095306,332.732,358.5065,0.2947865,-0.08019459,-0.9521917,0,0,0,0.5400965,-0.278451,-2.603571,-0.08829442,0.05500948,0.9817142,0.8892159,-0.02602599,0.4567468,-0.00156291,0.9982018,0.0599215,-0.457485,-0.053997,0.8875763,moving,-8.86704688474147,-0.037155712161338623,-5.1392991168764945,3.2071640910279053,-0.5277185,0.004198900000000005,0.8343150000000001,-0.15414210642753046,-0.000640739137961456,0.988048434340571,-8.926943409490248,0.07135935804903178,4.931661327082316,4.941833101814366,4.917267596007181
05/17/2023 16:15:50.217646,2589,True,True,True,True,Eyes,1.061866,-0.2867253,-3.425537,-0.5871407,-0.04812516,0.8080531,0.0,0.0,0.0,0.0,0.0,0.0,0.0,0.6015086,0.4797995,3.528198,1.068054,-0.28252,-3.437971,0.02797431,-0.2336668,-0.006729451,0.971891,2.93661,332.924,358.4994,0.2948174,-0.08014915,-0.9521859,0,0,0,0.5434524,-0.2761917,-2.603436,-0.08870339,0.05431715,0.9802427,0.8907091,-0.02615391,0.4538207,7.248935e-06,0.9983444,0.05752086,-0.4545738,-0.05123106,0.8892345,moving,-8.91690189427572,-0.09104529291743137,-5.170683888493877,3.1716268268997223,-0.5246016000000001,0.006328300000000009,0.8345350000000002,-0.15500163400366615,-0.0015698347058523687,0.9879129891424223,-8.97642733550482,0.017004112287215704,4.9572485862767,4.967814278762466,4.94321025812335
05/17/2023 16:15:50.227724,2590,True,True,True,True,Eyes,1.062117,-0.28657,-3.425596,-0.5851724,-0.04625684,0.8095886,0.0,0.0,0.0,0.0,0.0,0.0,0.0,0.5882213,0.4737822,3.531398,1.068312,-0.2825354,-3.438042,0.02715606,-0.2318592,-0.006883063,0.972346,2.84409,333.1392,358.5096,0.2948501,-0.08010373,-0.9521797,0,0,0,0.5467896,-0.2739449,-2.603302,-0.08955553,0.05491066,0.9786795,0.8923879,-0.0259782,0.4505208,0.0007926765,0.9984304,0.05600197,-0.4512684,-0.04961837,0.8910077,moving,-8.990038041229605,-0.07596394249778421,-5.228375200054695,3.2113209164239853,-0.5215223999999999,0.008590500000000001,0.83474,-0.1562626108125724,-0.0013095336275928161,0.9877147441454045,-9.049690405535618,0.03254166955072737,4.984816144698971,4.995633000368663,4.970622435871771
05/17/2023 16:15:50.247612,2591,True,True,True,True,Eyes,1.062371,-0.2864131,-3.42566,-0.583154,-0.04436083,0.8111495,0.0,0.0,0.0,0.0,0.0,0.0,0.0,0.5749273,0.4671027,3.534648,1.068563,-0.2823427,-3.438157,0.02626198,-0.2300272,-0.006855263,0.9728058,2.747916,333.3577,358.5417,0.2948855,-0.08005827,-0.9521725,0,0,0,0.5502514,-0.2716142,-2.603163,-0.09029019,0.05535976,0.9771182,0.8940811,-0.02541961,0.4471834,0.001255745,0.9985266,0.05424939,-0.4479035,-0.0479418,0.8927956,moving,-9.063371770111285,-0.05937753752449308,-5.279399863278012,3.2426919248101354,-0.5183116,0.01072850000000003,0.834994,-0.15752671402498486,-0.0010233944311200671,0.9875141869041011,-9.123161842534524,0.049603236355787526,5.011174480260208,5.022161499373187,4.997031271216245
05/17/2023 16:15:50.267791,2592,True,True,True,True,Eyes,1.06265,-0.2862542,-3.42571,-0.5811309,-0.04242525,0.8127035,0.0,0.0,0.0,0.0,0.0,0.0,0.0,0.5614797,0.4567141,3.538427,1.068851,-0.2821758,-3.43835,0.02483911,-0.2281512,-0.006743345,0.9732856,2.594901,333.5828,358.5969,0.2949234,-0.08001272,-0.9521646,0,0,0,0.5536613,-0.2693185,-2.603026,-0.09112525,0.05487609,0.9757235,0.8958032,-0.02446054,0.4437775,0.001792257,0.998675,0.0514281,-0.4444475,-0.04527409,0.8946601,moving,-9.142002353497555,-0.0937110297591433,-5.335519181932541,3.2190057176143605,-0.5151897,0.01285729999999996,0.835324,-0.15888167052243798,-0.001614789736941076,0.9872963136316919,-9.201568422524486,0.01514844495214164,5.034762922111449,5.046127860422933,5.0210594653192615
05/17/2023 16:15:50.287413,2593,True,True,True,True,Eyes,1.062931,-0.2860959,-3.425763,-0.5790545,-0.04048999,0.8142828,0.0,0.0,0.0,0.0,0.0,0.0,0.0,0.5469989,0.4485067,3.541838,1.069054,-0.281984,-3.4384,0.02374207,-0.2261626,-0.006837455,0.9737763,2.472861,333.8196,358.6203,0.2949643,-0.07996704,-0.9521558,0,0,0,0.5570005,-0.2670704,-2.602892,-0.0922426,0.0547928,0.9741583,0.8976074,-0.02405544,0.4401389,0.002577163,0.9987791,0.04933168,-0.4407882,-0.04314617,0.8965736,moving,-9.229676277111633,-0.10233423840350979,-5.409182960748357,3.2192835717005557,-0.5120534999999999,0.014913600000000027,0.8355079999999999,-0.1603922055022851,-0.0017629448959236502,0.987051804149963,-9.289204081244051,0.00674894838943034,5.050836783064052,5.062540277052321,5.037354722616367
05/17/2023 16:15:50.297327,2594,True,True,True,True,Eyes,1.063227,-0.2859357,-3.425817,-0.5769708,-0.03850772,0.8158565,0.0,0.0,0.0,0.0,0.0,0.0,0.0,0.5329479,0.4406369,3.545143,1.069311,-0.2818653,-3.438511,0.02266855,-0.2242217,-0.006760185,0.9742512,2.357708,334.0508,358.6616,0.295008,-0.07992127,-0.9521461,0,0,0,0.5603243,-0.2648327,-2.602758,-0.09327716,0.05493174,0.9726881,0.8993579,-0.0233378,0.4365899,0.003006675,0.9988809,0.04720128,-0.4372028,-0.04113816,0.8984216,moving,-9.311976121074203,-0.09811870719488312,-5.4777013296375285,3.232297449416565,-0.5089866999999999,0.01703260000000001,0.835753,-0.1618098599596663,-0.0016899263215358201,0.9868204955884073,-9.37155579084924,0.011323468592920355,5.066740305511706,5.078713907325882,5.0533925189165005
05/17/2023 16:15:50.317545,2595,True,True,True,True,Eyes,1.063524,-0.2857695,-3.425874,-0.5748459,-0.03651492,0.8174465,0.0,0.0,0.0,0.0,0.0,0.0,0.0,0.5200815,0.4319632,3.54842,1.069581,-0.2816826,-3.438751,0.02149045,-0.2224369,-0.006698488,0.9746873,2.230111,334.2637,358.703,0.2950545,-0.07987534,-0.9521355,0,0,0,0.5638787,-0.2624396,-2.602615,-0.09373164,0.05497467,0.9712986,0.9009539,-0.0226184,0.4333249,0.003497324,0.9989866,0.04487291,-0.4339007,-0.03891295,0.90012,moving,-9.37318169368963,-0.10494236752361653,-5.51205281880879,3.2394359270090587,-0.5057022999999999,0.01924300000000001,0.8361359999999998,-0.16286389000139762,-0.0018071343738845676,0.986646854801977,-9.43272891888345,0.004646254841992423,5.095963089915881,5.108148624049605,5.0828697902715705
05/17/2023 16:15:50.327846,2596,True,True,True,True,Eyes,1.063831,-0.2856023,-3.425934,-0.5727224,-0.03447008,0.8190243,0.0,0.0,0.0,0.0,0.0,0.0,0.0,0.5070519,0.4231619,3.55156,1.069836,-0.2813992,-3.438897,0.0203244,-0.2206521,-0.006826268,0.975117,2.09892,334.476,358.7224,0.2951035,-0.0798291,-0.9521242,0,0,0,0.5672624,-0.2601615,-2.602479,-0.09436372,0.05470829,0.9699117,0.9025321,-0.02228206,0.4300458,0.004343573,0.9990807,0.0426498,-0.4306007,-0.03662488,0.9017991,moving,-9.434197710475628,-0.11586308255035588,-5.556877171744973,3.2283724198610098,-0.5025736,0.021237700000000026,0.8364179999999997,-0.16391444995130605,-0.0019948398039752457,0.9864725092868903,-9.493683224363775,-0.006178309461174758,5.107918708860101,5.120305230711463,5.095170293179091
05/17/2023 16:15:50.359696,2597,True,True,True,True,Eyes,1.064138,-0.2854317,-3.426,-0.5705635,-0.0324064,0.8206139,0.0,0.0,0.0,0.0,0.0,0.0,0.0,0.4947496,0.4132371,3.554764,1.070098,-0.2812351,-3.43914,0.01900091,-0.218978,-0.007161171,0.9755186,1.944717,334.675,358.7219,0.295155,-0.07978255,-0.9521121,0,0,0,0.5704087,-0.2580433,-2.602353,-0.09495747,0.05399477,0.9687661,0.9039946,-0.02229328,0.4269622,0.005650145,0.9991754,0.04020776,-0.4275064,-0.0339352,0.9033751,moving,-9.479433279334987,-0.15151978089984167,-5.598191246768733,3.190114661960669,-0.4996893,0.02319180000000004,0.8367870000000002,-0.16469300539515366,-0.0026084048559972227,0.9863414547530884,-9.53867650633882,-0.04209728687490205,5.108895752594468,5.121577927267211,5.096530011987036
05/17/2023 16:15:50.367392,2598,True,True,True,True,Eyes,1.064438,-0.285254,-3.426073,-0.5683927,-0.03028155,0.8221999,0.0,0.0,0.0,0.0,0.0,0.0,0.0,0.4821581,0.4038548,3.557828,1.070345,-0.2810073,-3.439348,0.01776394,-0.2172668,-0.007493932,0.9759219,1.800304,334.8781,358.7189,0.2952088,-0.07973561,-0.9520994,0,0,0,0.5738441,-0.2557304,-2.602215,-0.09535432,0.05357977,0.9674609,0.905478,-0.02234601,0.4238045,0.006907958,0.9992566,0.03792879,-0.424337,-0.03141607,0.9049592,moving,-9.528552440880073,-0.17431644795050638,-5.628973083769369,3.1699077902448085,-0.49650090000000013,0.02527689999999999,0.8371329999999997,-0.16553833245079072,-0.00300041633616923,0.9861987463158346,-9.587646116067729,-0.0649860558923222,5.124272535076114,5.137173825921892,5.112301866324227
05/17/2023 16:15:50.377788,2599,True,True,True,True,Eyes,1.064737,-0.2850715,-3.426153,-0.5662069,-0.02809756,0.8237841,0.0,0.0,0.0,0.0,0.0,0.0,0.0,0.4708027,0.392689,3.560841,1.070545,-0.2806991,-3.439562,0.01626207,-0.215684,-0.007512317,0.9762989,1.633879,335.0669,358.757,0.2952643,-0.0796881,-0.9520862,0,0,0,0.5772895,-0.2534108,-2.602076,-0.09540176,0.0528025,0.9661979,0.906848,-0.02168347,0.4208997,0.007653596,0.9993582,0.03499385,-0.4213884,-0.02851271,0.906432,moving,-9.562585796336252,-0.20833886830427376,-5.63906990417828,3.128089947305852,-0.49325550000000007,0.027288299999999988,0.8374860000000002,-0.16612378432992195,-0.003585665929719633,0.9860983729720476,-9.621445870957952,-0.0992928947196269,5.137285759223983,5.150313990199991,5.12594560542587
05/17/2023 16:15:50.397525,2600,True,True,True,True,Eyes,1.065031,-0.2848879,-3.426242,-0.5639738,-0.02587299,0.8253873,0.0,0.0,0.0,0.0,0.0,0.0,0.0,0.4603889,0.3790716,3.563963,1.070793,-0.28044,-3.439802,0.01443047,-0.2142473,-0.007765067,0.9766421,1.424492,335.2387,358.7762,0.2953214,-0.07963994,-0.9520724,0,0,0,0.5807201,-0.2511011,-2.601938,-0.09520316,0.05132485,0.9650648,0.9080756,-0.02135076,0.4182617,0.008984005,0.999463,0.03151409,-0.4187099,-0.02485951,0.9077798,moving,-9.575818157391026,-0.2855604012088882,-5.633971106634199,3.04428208873609,-0.49007290000000014,0.0293389,0.8378639999999997,-0.16635058506404768,-0.004914505729324819,0.9860544529495093,-9.634131063330882,-0.17739952162579886,5.1467308612898215,5.160039649014654,5.13619626549683
05/17/2023 16:15:50.417851,2601,True,True,True,True,Eyes,1.065325,-0.2847042,-3.426334,-0.5617142,-0.02360109,0.8269946,0.0,0.0,0.0,0.0,0.0,0.0,0.0,0.4489703,0.3687113,3.566803,1.071138,-0.2802677,-3.440017,0.01304629,-0.2127014,-0.00804267,0.9769971,1.264678,335.4222,358.7812,0.2953796,-0.07959116,-0.9520584,0,0,0,0.5839719,-0.2489119,-2.601808,-0.09549055,0.05062466,0.9639642,0.9093869,-0.02126526,0.4154074,0.0101654,0.9995303,0.02891375,-0.4158272,-0.022071,0.9091758,moving,-9.600443789453342,-0.3131275013296298,-5.657278493306734,3.0062497259038303,-0.48716609999999994,0.03135580000000002,0.838209,-0.16677395604676884,-0.005388540882436994,0.9859803920827519,-9.658566635903515,-0.20520811566255182,5.140837092110339,5.154300896281771,5.130669378184859
05/17/2023 16:15:50.427649,2602,True,True,True,True,Eyes,1.06561,-0.2845195,-3.426436,-0.5594211,-0.02131179,0.8286096,0.0,0.0,0.0,0.0,0.0,0.0,0.0,0.4370475,0.3560787,3.569772,1.071382,-0.2801152,-3.440168,0.01135119,-0.2110764,-0.008397633,0.9773677,1.068255,335.6153,358.7846,0.2954389,-0.07954179,-0.9520442,0,0,0,0.5873582,-0.246632,-2.601671,-0.09573376,0.04942152,0.9627402,0.9107525,-0.02120708,0.4124078,0.01162321,0.9996012,0.02573366,-0.4127891,-0.01864349,0.9106358,moving,-9.632073865651378,-0.376728172660126,-5.678757096722099,2.9386548101400916,-0.4840238,0.03348320000000002,0.8384969999999998,-0.16731716259501989,-0.006482411343683651,0.9858818256640585,-9.689751549371659,-0.26946018329852545,5.145689190324364,5.159503638736841,5.136154038802886
05/17/2023 16:15:50.447636,2603,True,True,True,True,Eyes,1.065894,-0.284333,-3.426543,-0.5571008,-0.01900828,0.8302273,0.0,0.0,0.0,0.0,0.0,0.0,0.0,0.4248173,0.345359,3.572619,1.07164,-0.2799421,-3.440432,0.009923754,-0.2094085,-0.008712181,0.9777392,0.9028398,335.8129,358.7855,0.2954987,-0.07949185,-0.9520298,0,0,0,0.590618,-0.2444374,-2.60154,-0.09613803,0.04863688,0.961651,0.9121444,-0.02119272,0.4093208,0.01288024,0.9996512,0.02305449,-0.4096666,-0.01575688,0.9120992,moving,-9.667393413148528,-0.4089886819715784,-5.708996253986282,2.8953492476292686,-0.48102199999999995,0.03550470000000003,0.838892,-0.16792423721961885,-0.007036776180112121,0.9857747816158051,-9.724850401425362,-0.3019789737566927,5.142296326209395,5.1563123666688915,5.133224355974983
05/17/2023 16:15:50.467506,2604,True,True,True,True,Eyes,1.066153,-0.2841466,-3.426671,-0.5547131,-0.01672239,0.8318737,0.0,0.0,0.0,0.0,0.0,0.0,0.0,0.4127336,0.3352566,3.575246,1.071847,-0.2797428,-3.440642,0.008574562,-0.2077489,-0.008890538,0.9781042,0.7494292,336.0094,358.7992,0.2955591,-0.07944136,-0.9520152,0,0,0,0.593999,-0.2421611,-2.601404,-0.09637484,0.0481392,0.9604505,0.9135227,-0.02095446,0.4062476,0.01382904,0.9996948,0.02046763,-0.4065525,-0.01307963,0.9135337,moving,-9.697734134653505,-0.42792731398547673,-5.730071344331742,2.869348086628162,-0.47784799999999994,0.03758170000000002,0.8392379999999999,-0.1684458427131482,-0.007361951070491965,0.9856834756349047,-9.75506410804244,-0.3210332835547073,5.144772107060634,5.158912005955878,5.136058803706729
05/17/2023 16:15:50.487675,2605,True,True,True,True,Eyes,1.066411,-0.2839592,-3.4268,-0.5522967,-0.01441984,0.8335229,0.0,0.0,0.0,0.0,0.0,0.0,0.0,0.4006844,0.3247409,3.577992,1.072132,-0.2795983,-3.440986,0.007134485,-0.2060733,-0.008796095,0.978471,0.592248,336.2078,358.8451,0.2956192,-0.07939034,-0.9520008,0,0,0,0.5974184,-0.239859,-2.601267,-0.09659126,0.04772172,0.9594031,0.9149129,-0.0201539,0.403148,0.014273,0.9997435,0.01758705,-0.4033991,-0.01033649,0.9149658,moving,-9.728785363921974,-0.444122559574777,-5.749080533936789,2.847605437474121,-0.47471360000000007,0.03973930000000003,0.8397190000000001,-0.1689796435439794,-0.00763985574462782,0.9855899320269441,-9.786008074023941,-0.33730834506236745,5.150391570492407,5.164641685573449,5.142028759750862
05/17/2023 16:15:50.497949,2606,True,True,True,True,Eyes,1.066682,-0.2837708,-3.426934,-0.5498759,-0.01210433,0.8351586,0.0,0.0,0.0,0.0,0.0,0.0,0.0,0.3881338,0.3140934,3.580548,1.072346,-0.2794151,-3.441167,0.005687696,-0.204335,-0.008758635,0.9788454,0.4328943,336.4133,358.8843,0.2956788,-0.07933881,-0.9519866,0,0,0,0.60072,-0.2376362,-2.601134,-0.09703389,0.04713957,0.9582241,0.916341,-0.01947109,0.3999251,0.01482231,0.9997818,0.01471414,-0.4001244,-0.00755536,0.9164298,moving,-9.767045147216587,-0.462989015933833,-5.782305797287711,2.8163795232279574,-0.471626,0.041778900000000035,0.840033,-0.16963730624794995,-0.007963478810630913,0.9854743399468558,-9.824143455174603,-0.3562599722930312,5.146266522602847,5.160659425162228,5.138296704283655
05/17/2023 16:15:50.517662,2607,True,True,True,True,Eyes,1.06695,-0.2835765,-3.427069,-0.5474381,-0.009775957,0.836789,0.0,0.0,0.0,0.0,0.0,0.0,0.0,0.3768398,0.3041949,3.582989,1.072594,-0.2792345,-3.441499,0.00434029,-0.2027659,-0.008692165,0.979179,0.2850415,336.5987,358.9238,0.2957384,-0.07928678,-0.9519724,0,0,0,0.6045166,-0.2350801,-2.600981,-0.0966509,0.04710926,0.9570562,0.9176208,-0.0187825,0.3970129,0.01526225,0.9998112,0.01202479,-0.3971637,-0.004974891,0.9177343,moving,-9.78471431973046,-0.4690346099854351,-5.7666181136295975,2.818000649879816,-0.4680774000000001,0.04415440000000001,0.8405179999999999,-0.16994105994779107,-0.008067033051605678,0.9854211446429598,-9.841774197173551,-0.3623126174018035,5.176926607486973,5.191309846375918,5.16926393051204
05/17/2023 16:15:50.527700,2608,True,True,True,True,Eyes,1.067208,-0.2833807,-3.427217,-0.5450003,-0.007467827,0.8384026,0.0,0.0,0.0,0.0,0.0,0.0,0.0,0.365441,0.2938158,3.585248,1.072775,-0.2789244,-3.44169,0.002953592,-0.2011887,-0.008720704,0.9795092,0.1304698,336.7849,358.953,0.295798,-0.07923413,-0.9519582,0,0,0,0.6073348,-0.2331828,-2.600868,-0.09717453,0.04615102,0.956104,0.9188941,-0.01827248,0.3940809,0.01589556,0.9998304,0.009295155,-0.3941839,-0.002277127,0.9190288,moving,-9.803436093949275,-0.4847333597359044,-5.803382512786202,2.763515100732833,-0.4654402000000001,0.04574160000000002,0.8408219999999997,-0.17026267940374298,-0.008336564014462311,0.9853634541780222,-9.860388982138172,-0.37813131119625104,5.138445165123793,5.152819297541206,5.1312029456990516
05/17/2023 16:15:50.547737,2609,True,True,True,True,Eyes,1.067465,-0.283181,-3.427368,-0.5425563,-0.005143038,0.8400037,0.0,0.0,0.0,0.0,0.0,0.0,0.0,0.3555056,0.2833594,3.587471,1.073005,-0.2787265,-3.442034,0.001538633,-0.1998097,-0.008747713,0.9797945,359.9725,336.9477,358.9825,0.295857,-0.07918087,-0.9519443,0,0,0,0.6112096,-0.2305741,-2.600713,-0.09631369,0.04599041,0.9549886,0.9199991,-0.01775679,0.391518,0.01652705,0.9998422,0.006510844,-0.3915718,0.0004806674,0.9201474,moving,-9.798856297438116,-0.5023673910336502,-5.758991792324071,2.7571241654875163,-0.46179539999999997,0.048152399999999984,0.8413210000000002,-0.17018347715776955,-0.008639950720416619,0.9853745180779182,-9.85568222224044,-0.39599590438682947,5.1765100449502945,5.190837160488963,5.169626548756956
05/17/2023 16:15:50.567411,2610,True,True,True,True,Eyes,1.067695,-0.2829832,-3.427536,-0.5400943,-0.00285953,0.8415996,0.0,0.0,0.0,0.0,0.0,0.0,0.0,0.3452004,0.2729567,3.589546,1.073207,-0.2784608,-3.442266,0.000157001,-0.1983951,-0.008926389,0.9800814,359.8147,337.1144,358.9939,0.2959157,-0.07912693,-0.9519305,0,0,0,0.6142906,-0.2284998,-2.600589,-0.09627947,0.04519208,0.9540482,0.9211195,-0.01755947,0.3888839,0.01743488,0.9998406,0.00384965,-0.3888895,0.003234155,0.9212787,moving,-9.797325899615359,-0.5253756485005879,-5.762595814899497,2.712002831384351,-0.4589164,0.049961000000000005,0.8416770000000002,-0.17015655453354603,-0.009035688925185097,0.9853755729666684,-9.853987344788775,-0.4192883569015574,5.158656157408129,5.172974606407166,5.1521324863290054
05/17/2023 16:15:50.578239,2611,True,True,True,True,Eyes,1.067925,-0.2827812,-3.427706,-0.5376255,-0.0005679905,0.8431836,0.0,0.0,0.0,0.0,0.0,0.0,0.0,0.3351638,0.2638045,3.591508,1.073435,-0.2783384,-3.442546,-0.001088962,-0.1970091,-0.008924468,0.9803604,359.6762,337.2776,359.0219,0.2959731,-0.07907244,-0.9519172,0,0,0,0.6174905,-0.2263455,-2.60046,-0.09606919,0.04497378,0.9531239,0.9222155,-0.01706932,0.3862993,0.01792746,0.9998383,0.001381252,-0.3862604,0.005651553,0.9223725,moving,-9.792621546917985,-0.5257066269599756,-5.755633179999608,2.701535366214807,-0.45594449999999986,0.05199289999999998,0.8420860000000001,-0.1700756535844169,-0.00904151003072315,0.9853895713506492,-9.849279385494206,-0.4196409450157869,5.1541734290925305,5.168400715612621,5.147784069048288
05/17/2023 16:15:50.597799,2612,True,True,True,True,Eyes,1.068124,-0.2825827,-3.427891,-0.53517,0.001664397,0.8447428,0.0,0.0,0.0,0.0,0.0,0.0,0.0,0.3247322,0.2541552,3.593415,1.073618,-0.2780626,-3.442775,-0.002373537,-0.1955715,-0.009005498,0.9806452,359.5315,337.4467,359.0411,0.2960294,-0.07901732,-0.9519043,0,0,0,0.6209633,-0.2240074,-2.60032,-0.09568074,0.04467636,0.9520496,0.9233414,-0.016734,0.3836152,0.01859079,0.9998265,-0.001132757,-0.3835298,0.008177632,0.9234923,moving,-9.7949981120399,-0.5373688106483797,-5.738941393245536,2.686719682645751,-0.45265469999999997,0.0540552,0.8424550000000002,-0.170116215571852,-0.009242013885177286,0.9853807160930599,-9.851573416065504,-0.4314353825848619,5.167159179937779,5.181345647480828,5.161068994495965
05/17/2023 16:15:50.618011,2613,True,True,True,True,Eyes,1.068324,-0.2823822,-3.428082,-0.5327244,0.003900254,0.8462798,0.0,0.0,0.0,0.0,0.0,0.0,0.0,0.3146762,0.2447731,3.59527,1.073739,-0.2779742,-3.443068,-0.003662929,-0.1941651,-0.008940895,0.9809212,359.3893,337.6119,359.0764,0.2960838,-0.07896172,-0.951892,0,0,0,0.6242507,-0.2217941,-2.600188,-0.0953041,0.04451535,0.9510926,0.92444,-0.0161182,0.3809868,0.01896305,0.9998133,-0.003714071,-0.3808559,0.01065811,0.924573,moving,-9.794825277151425,-0.5433974322914922,-5.722214251517352,2.679740826978888,-0.44948829999999995,0.05618010000000001,0.8428799999999996,-0.17011307076573529,-0.009345699572204453,0.9853802308138838,-9.851357544686772,-0.4375376152089072,5.179591072122953,5.193725137556734,5.173707492857977
05/17/2023 16:15:50.627560,2614,True,True,True,True,Eyes,1.068535,-0.2821796,-3.42827,-0.5303526,0.006090248,0.8477553,0.0,0.0,0.0,0.0,0.0,0.0,0.0,0.3060485,0.2358736,3.596938,1.07393,-0.2777513,-3.44337,-0.004848957,-0.1929765,-0.009051051,0.9811497,359.2546,337.7516,359.0895,0.2961364,-0.07890563,-0.9518802,0,0,0,0.6275105,-0.2195994,-2.600057,-0.09460309,0.0442971,0.9502292,0.9253563,-0.0158894,0.3787654,0.01963234,0.9997891,-0.006021826,-0.3785899,0.01300838,0.9254731,moving,-9.774391590586422,-0.5481568206484599,-5.685528275007225,2.6690410472223953,-0.4464195000000001,0.05815189999999998,0.8433129999999998,-0.16976150925708047,-0.009428132224182276,0.9854400846439485,-9.830884504811666,-0.44243106978426594,5.188835186739835,5.20280360330102,5.18316862612904
05/17/2023 16:15:50.647844,2615,True,True,True,True,Eyes,1.068745,-0.2819772,-3.428457,-0.5279854,0.008277819,0.8492131,0.0,0.0,0.0,0.0,0.0,0.0,0.0,0.2966746,0.22678,3.598562,1.074179,-0.2775131,-3.443577,-0.006060389,-0.1916971,-0.009145956,0.9813929,359.1175,337.9019,359.1044,0.2961878,-0.07884903,-0.951869,0,0,0,0.6308345,-0.2173615,-2.599924,-0.09409934,0.04407106,0.9492763,0.9263371,-0.01562803,0.3763712,0.02027507,0.9997593,-0.008388739,-0.3761495,0.01540175,0.926431,moving,-9.765162085028663,-0.5553979649117674,-5.661090487183741,2.658102719922676,-0.44334450000000003,0.0601516,0.8436529999999998,-0.1696025640669205,-0.009552938999643362,0.9854662377426038,-9.821600916697555,-0.4497943904936429,5.198606156563937,5.21248408454825,5.193156215927586
05/17/2023 16:15:50.667365,2616,True,True,True,True,Eyes,1.068958,-0.2817763,-3.428647,-0.5256625,0.01043055,0.8506292,0.0,0.0,0.0,0.0,0.0,0.0,0.0,0.2878098,0.2186338,3.599993,1.074334,-0.277338,-3.443759,-0.007147697,-0.1904807,-0.009254181,0.9816214,358.9939,338.0446,359.1149,0.296238,-0.07879198,-0.9518581,0,0,0,0.6342559,-0.2150581,-2.599786,-0.09330586,0.04420132,0.9482501,0.927263,-0.01544521,0.3740921,0.0208912,0.9997265,-0.01050718,-0.3738275,0.01755815,0.927332,moving,-9.751915317484144,-0.5518174638757117,-5.6196965564614585,2.668828836199395,-0.4400780999999999,0.06227989999999997,0.8439730000000001,-0.16937481045927621,-0.009491732433325819,0.9855059496367796,-9.808376172503294,-0.4462201245720899,5.2253345510272124,5.239064275148315,5.220015991723387
05/17/2023 16:15:50.677631,2617,True,True,True,True,Eyes,1.069169,-0.2815776,-3.428838,-0.5233516,0.0125877,0.8520238,0.0,0.0,0.0,0.0,0.0,0.0,0.0,0.2795801,0.2086433,3.601538,1.074511,-0.2771941,-3.444033,-0.008494581,-0.1893449,-0.00937938,0.9818291,358.8407,338.1779,359.1288,0.2962872,-0.07873456,-0.9518476,0,0,0,0.6376066,-0.2128022,-2.599651,-0.09239614,0.04383345,0.9473928,0.9281211,-0.01520108,0.371968,0.02163471,0.9996797,-0.01312858,-0.3716493,0.02023233,0.9281527,moving,-9.73013128164551,-0.5769548199990703,-5.57025525811332,2.649040505162557,-0.43690439999999997,0.0643919,0.844382,-0.16899939583573914,-0.009924751130256662,0.9855661351235885,-9.786407108284347,-0.4717432338968335,5.250500339593455,5.26418221275847,5.245495931718763
05/17/2023 16:15:50.697838,2618,True,True,True,True,Eyes,1.069372,-0.2813812,-3.42903,-0.5210401,0.01468824,0.8534058,0.0,0.0,0.0,0.0,0.0,0.0,0.0,0.2717344,0.2001053,3.602885,1.074663,-0.27707,-3.444269,-0.009640239,-0.1882659,-0.009521361,0.9820247,358.7097,338.3045,359.1363,0.2963355,-0.07867687,-0.9518372,0,0,0,0.6410423,-0.2104892,-2.599513,-0.09129208,0.0439075,0.9464727,0.9289306,-0.01507057,0.3699471,0.02233028,0.9996328,-0.01534881,-0.3695799,0.022519,0.9289261,moving,-9.702071042649786,-0.5842385446007061,-5.509424183238877,2.6560851475754688,-0.43362069999999997,0.0665808,0.8447559999999998,-0.16851649589145504,-0.010050884622550844,0.9856475840820174,-9.758287494130315,-0.47922011547664234,5.28530982636839,5.298866418188554,5.2804335548477095
05/17/2023 16:15:50.717821,2619,True,True,True,True,Eyes,1.069572,-0.2811875,-3.429221,-0.5187386,0.0167794,0.8547682,0.0,0.0,0.0,0.0,0.0,0.0,0.0,0.2640795,0.1923461,3.604049,1.074764,-0.2769419,-3.444429,-0.010684,-0.187209,-0.009603316,0.982215,358.5913,338.4283,359.148,0.2963827,-0.07861901,-0.9518273,0,0,0,0.6443887,-0.2082362,-2.599379,-0.09020203,0.04413928,0.945499,0.9297211,-0.01486476,0.3679643,0.02286533,0.9995873,-0.01739232,-0.3675539,0.02458363,0.9296772,moving,-9.672477597477023,-0.5786168659824461,-5.449610564070394,2.6728316577632367,-0.4303753,0.06870570000000001,0.8450500000000001,-0.16800754194879114,-0.0099550531581826,0.9857354218503578,-9.728726297308818,-0.47364113743196845,5.31623320506741,5.329589429252547,5.311414360540151
05/17/2023 16:15:50.727517,2620,True,True,True,True,Eyes,1.069802,-0.2809895,-3.429401,-0.5164804,0.01881034,0.8560923,0.0,0.0,0.0,0.0,0.0,0.0,0.0,0.2560517,0.185056,3.605166,1.074885,-0.276833,-3.444563,-0.01168014,-0.1860985,-0.009551732,0.9824153,358.4812,338.5581,359.1735,0.2964289,-0.07856107,-0.9518178,0,0,0,0.6477597,-0.2059667,-2.599243,-0.08920246,0.04456667,0.9445,0.9305522,-0.01442022,0.3658751,0.02311485,0.9995447,-0.01939438,-0.3654288,0.02650463,0.9304618,moving,-9.652279053400722,-0.5660805991629305,-5.395245461429591,2.701524132905782,-0.42712530000000004,0.0708663,0.8453200000000001,-0.16766037586052113,-0.009739958305903233,0.9857966271868014,-9.708611799255802,-0.46102872812303175,5.3533519329792405,5.366523612936821,5.34853903071613
05/17/2023 16:15:50.747832,2621,True,True,True,True,Eyes,1.070029,-0.2807958,-3.429578,-0.5142331,0.02084838,0.857397,0.0,0.0,0.0,0.0,0.0,0.0,0.0,0.2489108,0.177241,3.6063,1.075124,-0.2765395,-3.444765,-0.01270767,-0.1851283,-0.009642361,0.982585,358.3644,338.6717,359.1835,0.296475,-0.07850294,-0.9518082,0,0,0,0.6510926,-0.2037228,-2.599109,-0.08806017,0.04465039,0.9436582,0.931269,-0.01424377,0.3640536,0.02365397,0.9994911,-0.02140258,-0.3635635,0.02854288,0.9311321,moving,-9.61667773151119,-0.5623267469233766,-5.331280353373397,2.709002345817819,-0.42403139999999995,0.07281669999999998,0.845656,-0.16704791953372541,-0.009676392557579929,0.9859012687382852,-9.67302781435344,-0.4573626643632772,5.378382183241013,5.3913101117970585,5.373698762735568
05/17/2023 16:15:50.767683,2622,True,True,True,True,Eyes,1.070275,-0.2806076,-3.429748,-0.5119677,0.02283499,0.8587011,0.0,0.0,0.0,0.0,0.0,0.0,0.0,0.2411999,0.1688914,3.607345,1.075237,-0.2764705,-3.444862,-0.01384179,-0.1840676,-0.009723959,0.982768,358.2358,338.7957,359.1965,0.2965209,-0.07844476,-0.9517987,0,0,0,0.6546006,-0.201361,-2.598968,-0.08684206,0.0448978,0.9426319,0.9320492,-0.01401714,0.3620608,0.02420844,0.9994277,-0.02362681,-0.3615224,0.03078627,0.931855,moving,-9.590503066844557,-0.5729750659341364,-5.2636430640197105,2.7269518117494247,-0.4206364,0.0751095,0.8458939999999999,-0.16659720853969479,-0.009860382925294921,0.9859757018852685,-9.646770280829818,-0.4682378060606104,5.428744960501453,5.441620611739099,5.424116600194226
05/17/2023 16:15:50.777888,2623,True,True,True,True,Eyes,1.070518,-0.2804219,-3.429913,-0.5097205,0.02481849,0.859982,0.0,0.0,0.0,0.0,0.0,0.0,0.0,0.2334962,0.1609488,3.608444,1.075444,-0.2764283,-3.445041,-0.01494668,-0.1830052,-0.009602175,0.9829515,358.1147,338.9196,359.2314,0.2965673,-0.07838672,-0.951789,0,0,0,0.6579881,-0.1990804,-2.598832,-0.08577028,0.04524427,0.9417632,0.9328338,-0.0134063,0.3600575,0.02434758,0.9993688,-0.02586923,-0.3594834,0.03289822,0.9325714,moving,-9.565927952726565,-0.5726035481226793,-5.203808261923718,2.750494064584248,-0.4174559000000001,0.07734790000000002,0.846209,-0.1661743048004763,-0.009854703021773981,0.986047144482738,-9.622191305186146,-0.4679537526128693,5.470938015069546,5.483709140761243,5.46630726075747
05/17/2023 16:15:50.797934,2624,True,True,True,True,Eyes,1.070777,-0.2802331,-3.430066,-0.5074186,0.02674907,0.8612844,0.0,0.0,0.0,0.0,0.0,0.0,0.0,0.226506,0.1534074,3.609288,1.075558,-0.2763255,-3.445086,-0.01599292,-0.1820348,-0.009449276,0.9831167,358.0008,339.0325,359.2686,0.296614,-0.07832886,-0.9517792,0,0,0,0.6613113,-0.196843,-2.598698,-0.08453587,0.04561556,0.9407773,0.9335481,-0.01275695,0.3582251,0.02440202,0.9993099,-0.02800561,-0.3576206,0.034886,0.9332151,moving,-9.527160998965075,-0.5677464317978906,-5.134663823628889,2.7759319648734953,-0.41424669999999997,0.07948250000000001,0.8463879999999997,-0.1655072288176954,-0.009772224632231197,0.9861601426188393,-9.583448717204735,-0.46318291788745214,5.507746292355328,5.5203457007422365,5.503049359494436
05/17/2023 16:15:50.817530,2625,True,True,True,True,Eyes,1.071035,-0.2800414,-3.430216,-0.5051281,0.02867085,0.862568,0.0,0.0,0.0,0.0,0.0,0.0,0.0,0.2196925,0.1471311,3.610042,1.075803,-0.2760688,-3.445105,-0.01684573,-0.1811089,-0.009265278,0.9832752,357.9091,339.1401,359.3052,0.2966615,-0.07827109,-0.9517691,0,0,0,0.6648597,-0.1944541,-2.598556,-0.08313289,0.04635585,0.9397451,0.9342274,-0.01211881,0.356472,0.02432246,0.9992608,-0.02977194,-0.3558476,0.03648403,0.9338316,moving,-9.484333327424878,-0.5412075869114796,-5.055409869683279,2.8240035052347365,-0.4109433,0.08161470000000001,0.846549,-0.1647707607223377,-0.009316608657353908,0.9862878722195869,-9.540798950170917,-0.4364831366187939,5.550080512727163,5.562374375142124,5.5452221186407895
05/17/2023 16:15:50.827833,2626,True,True,True,True,Eyes,1.071277,-0.2798574,-3.430369,-0.502776,0.03054521,0.8638769,0.0,0.0,0.0,0.0,0.0,0.0,0.0,0.211754,0.1405261,3.610873,1.075987,-0.2758287,-3.445165,-0.0177104,-0.1800356,-0.009371147,0.983456,357.8102,339.2653,359.3088,0.2967098,-0.07821335,-0.9517588,0,0,0,0.6680208,-0.1923258,-2.598429,-0.08233204,0.04667572,0.9388368,0.9349988,-0.01205522,0.3544462,0.02480923,0.999197,-0.03146052,-0.3537823,0.03820908,0.934547,moving,-9.454956802861473,-0.5303690628555251,-5.011777425510402,2.846204600354331,-0.40796620000000006,0.08350289999999999,0.8467359999999999,-0.16426533765165394,-0.00913081499202129,0.9863739359124022,-9.511491933272195,-0.42562336208850826,5.568455875200406,5.580599670501394,5.563478126782275
05/17/2023 16:15:50.847853,2627,True,True,True,True,Eyes,1.071517,-0.2796825,-3.43052,-0.5004284,0.03238599,0.865172,0.0,0.0,0.0,0.0,0.0,0.0,0.0,0.2030016,0.1345414,3.61178,1.07618,-0.2758346,-3.445289,-0.01850629,-0.1788579,-0.009601066,0.9836541,357.7166,339.403,359.2965,0.2967582,-0.07815584,-0.9517484,0,0,0,0.6713961,-0.1900534,-2.598293,-0.08153132,0.0474532,0.9379291,0.9358354,-0.01226826,0.3522239,0.02550825,0.9991307,-0.03297313,-0.3515131,0.03984204,0.9353348,moving,-9.43846165218596,-0.5189484082769664,-4.968059347215965,2.896329585710262,-0.40478389999999986,0.08578119999999997,0.8469959999999999,-0.1639816505501153,-0.008934630393357887,0.9864229397785891,-9.495073854244039,-0.41412620903013975,5.613583444610414,5.625710670172657,5.608295455463535
05/17/2023 16:15:50.867579,2628,True,True,True,True,Eyes,1.071761,-0.2795086,-3.430664,-0.4979507,0.03418472,0.8665313,0.0,0.0,0.0,0.0,0.0,0.0,0.0,0.19417,0.1307407,3.612526,1.076311,-0.2758858,-3.445371,-0.01902063,-0.1776619,-0.009700019,0.98386,357.6574,339.5425,359.293,0.2968068,-0.07809879,-0.951738,0,0,0,0.6747441,-0.1877994,-2.598158,-0.08073834,0.04883856,0.9369529,0.9366843,-0.01232844,0.3499579,0.0258454,0.9990882,-0.03398062,-0.3492199,0.04087391,0.9361489,moving,-9.415920808132709,-0.4740083290131664,-4.925078811981939,2.983835377395748,-0.40156690000000006,0.08808640000000001,0.847213,-0.16359464558065778,-0.008161455991819997,0.9864938779156671,-9.472847510458214,-0.36872656986245,5.65585721948165,5.667834236491323,5.649944401942755
05/17/2023 16:15:50.878167,2629,True,True,True,True,Eyes,1.072003,-0.2793393,-3.430807,-0.4954968,0.03594119,0.8678659,0.0,0.0,0.0,0.0,0.0,0.0,0.0,0.1858271,0.1284063,3.613109,1.076446,-0.2757366,-3.445404,-0.01931142,-0.1765362,-0.009736323,0.9840567,357.6247,339.6737,359.2921,0.2968557,-0.0780422,-0.9517274,0,0,0,0.6781315,-0.1855188,-2.598022,-0.07978985,0.05049146,0.9359134,0.9374804,-0.01234386,0.3478192,0.02598052,0.9990645,-0.03456944,-0.3470671,0.04144469,0.9369241,moving,-9.387209498923726,-0.4046192396152399,-4.872880287453013,3.0880483483280523,-0.3983145,0.09021779999999999,0.8473820000000001,-0.16310176606330842,-0.006967315641868891,0.9865846840243577,-9.444623415052726,-0.29860510499245274,5.696061334401823,5.707704889831587,5.6894865179243475
05/17/2023 16:15:50.898025,2630,True,True,True,True,Eyes,1.072264,-0.2791736,-3.430946,-0.4929933,0.03773081,0.8692147,0.0,0.0,0.0,0.0,0.0,0.0,0.0,0.1785032,0.1253403,3.613752,1.076601,-0.2756861,-3.445534,-0.01974083,-0.1755358,-0.009596258,0.9842284,357.5798,339.7899,359.3141,0.2969048,-0.07798616,-0.9517167,0,0,0,0.6815033,-0.1832487,-2.597887,-0.0785698,0.05206376,0.935024,0.9381902,-0.01195938,0.3459135,0.02582026,0.9990364,-0.03548998,-0.3451558,0.04222793,0.937595,moving,-9.340563625112882,-0.34161288315506677,-4.803263946299511,3.1870374606581735,-0.3950976999999999,0.0924374,0.8476469999999998,-0.16229965123678253,-0.005883184689278025,0.9867240819553185,-9.398414487613568,-0.2350107347782861,5.7366208804254475,5.747909326377132,5.7293823706599305
05/17/2023 16:15:50.917731,2631,True,True,True,True,Eyes,1.072524,-0.2790143,-3.431082,-0.4905119,0.03949035,0.8705393,0.0,0.0,0.0,0.0,0.0,0.0,0.0,0.17126,0.12135,3.614497,1.076905,-0.2756165,-3.445716,-0.02027766,-0.1745686,-0.009599432,0.9843894,357.5198,339.9025,359.3221,0.2969546,-0.0779307,-0.9517056,0,0,0,0.6849033,-0.1809597,-2.59775,-0.07739186,0.053367,0.9342556,0.9388674,-0.01181948,0.3440762,0.02597884,0.9989933,-0.03657072,-0.3432976,0.04327375,0.9382293,moving,-9.291798252316546,-0.2977536950111098,-4.735455427295899,3.2693243914931274,-0.3920017,0.09465679999999999,0.847966,-0.161460436920833,-0.005128573460856167,0.9868659025788725,-9.349948959295684,-0.19080320171626208,5.775522503055003,5.786562538704293,5.767671412117447
05/17/2023 16:15:50.927784,2632,True,True,True,True,Eyes,1.072807,-0.2788546,-3.431206,-0.4880238,0.04126117,0.8718545,0.0,0.0,0.0,0.0,0.0,0.0,0.0,0.1636409,0.1173753,3.615093,1.077096,-0.2756193,-3.445773,-0.02082617,-0.1735402,-0.009578947,0.98456,357.459,340.0221,359.3328,0.2970051,-0.07787595,-0.9516944,0,0,0,0.6884665,-0.1785608,-2.597607,-0.07610419,0.05485417,0.9332941,0.9395841,-0.01163374,0.3421205,0.02609045,0.998949,-0.03768456,-0.3413225,0.04433388,0.9389002,moving,-9.249950570521326,-0.2537057441419535,-4.661791529236601,3.3636780444820853,-0.38862950000000007,0.09705850000000002,0.848166,-0.16074017759535625,-0.004370407871578368,0.986987070598247,-9.308404300816711,-0.14637873512698546,5.8318355276786935,5.842659399821521,5.823358897156433
05/17/2023 16:15:50.947396,2633,True,True,True,True,Eyes,1.073085,-0.278694,-3.431329,-0.4855568,0.04301039,0.8731464,0.0,0.0,0.0,0.0,0.0,0.0,0.0,0.1555476,0.114101,3.615671,1.077291,-0.2754597,-3.445846,-0.02123916,-0.1724551,-0.009672722,0.9847409,357.4113,340.1485,359.3275,0.2970567,-0.07782184,-0.9516827,0,0,0,0.6916032,-0.176449,-2.597481,-0.0753417,0.05607313,0.9324495,0.9403313,-0.01172465,0.3400581,0.02637586,0.9989107,-0.03849392,-0.3392363,0.04516636,0.9396163,moving,-9.216710029443854,-0.20050350876419706,-4.619450082757008,3.441354585817812,-0.3856878,0.09901069999999998,0.8483649999999998,-0.16016811354607915,-0.0034542604989383947,0.9870836737554967,-9.275534343517554,-0.09265698181222948,5.854411997539022,5.864974799475583,5.845370681440572
05/17/2023 16:15:50.967522,2634,True,True,True,True,Eyes,1.073372,-0.2785323,-3.431447,-0.4831182,0.04481135,0.8744076,0.0,0.0,0.0,0.0,0.0,0.0,0.0,0.1479725,0.1093338,3.616237,1.077425,-0.2752868,-3.445923,-0.02186117,-0.1714278,-0.0097487,0.984906,357.3402,340.2682,359.3285,0.2971094,-0.07776828,-0.9516706,0,0,0,0.6950537,-0.1741259,-2.597342,-0.07409814,0.05713061,0.9315456,0.9410349,-0.01170788,0.3381068,0.02669833,0.9988541,-0.03972,-0.3372543,0.04640479,0.9402692,moving,-9.178651801752478,-0.1665663961257894,-4.54791539184812,3.509488040916504,-0.3823713000000001,0.1011609,0.8485810000000003,-0.15951270860805758,-0.0028699045688623005,0.9871916544613355,-9.237708041716912,-0.05845154437267547,5.902124647998961,5.912452614787897,5.8927368839136935
05/17/2023 16:15:50.977650,2635,True,True,True,True,Eyes,1.073654,-0.2783761,-3.431566,-0.4807154,0.04661397,0.8756369,0.0,0.0,0.0,0.0,0.0,0.0,0.0,0.1410221,0.103004,3.616846,1.0776,-0.2751164,-3.446035,-0.02266276,-0.1705002,-0.01011562,0.9850451,357.2432,340.3769,359.3001,0.2971632,-0.0777152,-0.9516581,0,0,0,0.6982893,-0.1719475,-2.597212,-0.07292899,0.05758123,0.9307993,0.9416547,-0.01220067,0.3363593,0.02765669,0.9987682,-0.04119824,-0.3354423,0.0480971,0.9408322,moving,-9.131952683754712,-0.16325119903550053,-4.480025092378533,3.539928048021199,-0.3793106999999999,0.10316889999999998,0.8488230000000003,-0.15870808610867584,-0.0028131543852106256,0.9873216133581079,-9.191020192396465,-0.05527097308661785,5.935714835377492,5.9459201854076715,5.926122748793478
05/17/2023 16:15:50.998007,2636,True,True,True,True,Eyes,1.07395,-0.2782203,-3.431682,-0.4782978,0.04846392,0.8768595,0.0,0.0,0.0,0.0,0.0,0.0,0.0,0.1352602,0.09631956,3.617411,1.077727,-0.275108,-3.446165,-0.02355019,-0.1697211,-0.01038337,0.985156,357.1383,340.4681,359.2849,0.2972179,-0.07766271,-0.9516453,0,0,0,0.7016778,-0.1696662,-2.597076,-0.07126403,0.05819652,0.9300635,0.9421739,-0.01246455,0.3348926,0.0284524,0.9986752,-0.04287667,-0.3339144,0.04992577,0.9412803,moving,-9.067076278140798,-0.16279625912350498,-4.3815991438257385,3.5804796018105036,-0.3760492000000001,0.10544180000000003,0.8490890000000002,-0.15759003530466187,-0.0028058236304183554,0.9875006976672405,-9.126129842846371,-0.05505329655513344,5.987101688840497,5.997150168808557,5.977262835867941
05/17/2023 16:15:51.017811,2637,True,True,True,True,Eyes,1.07424,-0.2780684,-3.431794,-0.4759087,0.0503141,0.8780543,0.0,0.0,0.0,0.0,0.0,0.0,0.0,0.128377,0.09206946,3.61801,1.077956,-0.2749766,-3.446353,-0.02411648,-0.1687923,-0.01037432,0.9853019,357.0751,340.576,359.2942,0.2972739,-0.07761074,-0.9516321,0,0,0,0.7050776,-0.1673773,-2.596939,-0.06991524,0.05939953,0.9293566,0.9428031,-0.01230232,0.3331232,0.02858502,0.9986216,-0.04402182,-0.3321224,0.05102624,0.9418551,moving,-9.021626154835053,-0.11676195972502193,-4.302241665063304,3.6570670333980337,-0.37287839999999994,0.10759930000000001,0.8494140000000003,-0.15680693321366565,-0.0020126691367785277,0.9876272009225245,-9.080995953285674,-0.008631921166581846,6.032981487348107,6.042712572316701,6.0227768821947745
05/17/2023 16:15:51.027563,2638,True,True,True,True,Eyes,1.074568,-0.2779142,-3.431895,-0.4734879,0.05222284,0.8792508,0.0,0.0,0.0,0.0,0.0,0.0,0.0,0.1218834,0.08483265,3.618451,1.078066,-0.2749431,-3.446363,-0.02514332,-0.1678914,-0.01015297,0.9854325,356.964,340.6799,359.3363,0.2973308,-0.07755937,-0.9516185,0,0,0,0.7083957,-0.1651434,-2.596806,-0.06847873,0.05991732,0.9285372,0.9434188,-0.01156743,0.3314019,0.02845282,0.9985294,-0.0461449,-0.3303808,0.05296328,0.9423606,moving,-8.969949127013882,-0.11014969831192874,-4.217873079899241,3.6921045899464486,-0.3696703,0.1097997,0.8495569999999999,-0.15591613194026266,-0.0018989624250760652,0.9877684645235496,-9.029352387002769,-0.0021330087784395546,6.07644589676571,6.085997406353369,6.066112804631816
05/17/2023 16:15:51.047671,2639,True,True,True,True,Eyes,1.074892,-0.2777599,-3.431993,-0.4710842,0.05409641,0.880428,0.0,0.0,0.0,0.0,0.0,0.0,0.0,0.115979,0.0798724,3.618949,1.07835,-0.2747501,-3.446491,-0.02577484,-0.1671139,-0.01033944,0.9855464,356.8896,340.7707,359.3249,0.2973896,-0.07750847,-0.9516043,0,0,0,0.7117678,-0.1628731,-2.59667,-0.06696382,0.06083743,0.9278518,0.9439321,-0.01176532,0.32993,0.02899466,0.9984575,-0.04734888,-0.328864,0.05426034,0.9428172,moving,-8.906847945746245,-0.07732111857079373,-4.127926052126828,3.7514025159956366,-0.36658219999999997,0.111877,0.8498209999999999,-0.1548283438836587,-0.001333234641870601,0.9879405926796213,-8.966468591763567,0.030856767721019467,6.114249115016811,6.123497296088451,6.103601770502289
05/17/2023 16:15:51.067723,2640,True,True,True,True,Eyes,1.075218,-0.2776048,-3.43209,-0.4685958,0.05606709,0.8816317,0.0,0.0,0.0,0.0,0.0,0.0,0.0,0.1082174,0.07589646,3.619351,1.078555,-0.2746027,-3.446517,-0.026287,-0.1660756,-0.01043523,0.9857073,356.8306,340.8916,359.3205,0.29745,-0.07745801,-0.9515896,0,0,0,0.7151371,-0.1606048,-2.596535,-0.06588802,0.06206398,0.927009,0.94462,-0.0118409,0.3279524,0.02930342,0.9984002,-0.04835651,-0.3268552,0.05528865,0.9434558,moving,-8.86898229168907,-0.02242429491267425,-4.065513556469419,3.8302812641128043,-0.36341789999999996,0.11399789999999999,0.8499820000000002,-0.1541755088054989,-0.0003866982507552165,0.9880433997313206,-8.928984380398711,0.08627631155243504,6.148707783535629,6.157649877573302,6.137664176216229
05/17/2023 16:15:51.087661,2641,True,True,True,True,Eyes,1.075576,-0.2774499,-3.432176,-0.4660787,0.05811996,0.8828322,0.0,0.0,0.0,0.0,0.0,0.0,0.0,0.1003036,0.06660849,3.619941,1.078752,-0.2744652,-3.446656,-0.02754272,-0.164996,-0.01050948,0.9858536,356.6879,341.017,359.3324,0.297512,-0.07740791,-0.9515743,0,0,0,0.7185183,-0.1583283,-2.596399,-0.0647898,0.06197081,0.9263663,0.9453318,-0.01163274,0.3259027,0.02981049,0.9982619,-0.05083814,-0.3247449,0.05777422,0.9440354,moving,-8.833158874056625,-0.043872308539369166,-4.000735999932758,3.827193886330965,-0.3602336999999999,0.11613690000000002,0.850257,-0.15355768388638874,-0.0007566345163940169,0.9881393843606213,-8.892998523902671,0.06443466092790281,6.182826129801574,6.191725471903892,6.171919441453875
05/17/2023 16:15:51.097888,2642,True,True,True,True,Eyes,1.075932,-0.2772928,-3.432261,-0.4635769,0.06017562,0.884011,0.0,0.0,0.0,0.0,0.0,0.0,0.0,0.09179807,0.05868818,3.620458,1.078949,-0.2743432,-3.446766,-0.02860467,-0.1638423,-0.01061977,0.9860147,356.5666,341.1511,359.3359,0.2975762,-0.07735815,-0.9515582,0,0,0,0.7218852,-0.1560616,-2.596263,-0.06386575,0.06222016,0.9256832,0.9460859,-0.01156918,0.3237094,0.03031581,0.998138,-0.05292932,-0.3224943,0.05988919,0.9446749,moving,-8.80761636626772,-0.04523646592514008,-3.9467588997459715,3.845374275510315,-0.35706379999999993,0.11828160000000001,0.8505030000000002,-0.1531171615045458,-0.0007802151808622981,0.9882077826520378,-8.867439521017465,0.06295841233654521,6.2173186041233155,6.226137426303179,6.2064295322307
05/17/2023 16:15:51.117821,2643,True,True,True,True,Eyes,1.076284,-0.2771373,-3.432351,-0.4610831,0.06222136,0.8851728,0.0,0.0,0.0,0.0,0.0,0.0,0.0,0.08355188,0.05057816,3.620884,1.079209,-0.274159,-3.446808,-0.02969226,-0.1627324,-0.01067842,0.9861656,356.4432,341.2798,359.3457,0.2976424,-0.07730863,-0.9515415,0,0,0,0.7256985,-0.1534943,-2.59611,-0.0625006,0.06269997,0.9248666,0.9468083,-0.0113976,0.3215963,0.03072517,0.9980087,-0.05508751,-0.320328,0.06203841,0.9452731,moving,-8.777527866611836,-0.04819833151777125,-3.866054023051896,3.8783487313188054,-0.35351050000000006,0.12066469999999999,0.850698,-0.1525981767087471,-0.0008313673870720198,0.9882879711395525,-8.83732192844804,0.05984810728232903,6.279382583894065,6.288111572852695,6.2685286633299135
05/17/2023 16:15:51.127402,2644,True,True,True,True,Eyes,1.076671,-0.2769836,-3.432429,-0.4584986,0.06432102,0.8863645,0.0,0.0,0.0,0.0,0.0,0.0,0.0,0.07468331,0.04377465,3.621395,1.079455,-0.2740596,-3.446979,-0.03059732,-0.1615366,-0.01081272,0.9863331,356.3391,341.4189,359.3429,0.2977103,-0.07725938,-0.9515243,0,0,0,0.7288444,-0.1513763,-2.595984,-0.06189555,0.06308874,0.9243159,0.947578,-0.0114447,0.3193195,0.03121506,0.9978938,-0.056865,-0.3179962,0.06385159,0.9459394,moving,-8.752467338314501,-0.030702619778279896,-3.8310140868088007,3.9046400727074206,-0.3506106000000001,0.12268330000000002,0.8509949999999997,-0.15216594089752178,-0.0005296216970918921,0.9883549122697173,-8.812379524349117,0.07746179183034599,6.2928023045959325,6.301398591904549,6.281822603029985
05/17/2023 16:15:51.147673,2645,True,True,True,True,Eyes,1.077055,-0.2768283,-3.432512,-0.4559097,0.06642918,0.8875435,0.0,0.0,0.0,0.0,0.0,0.0,0.0,0.0648694,0.03653203,3.621842,1.079789,-0.273977,-3.447067,-0.03156777,-0.1602251,-0.01093031,0.9865152,356.228,341.5714,359.3425,0.2977807,-0.07721042,-0.9515063,0,0,0,0.7318915,-0.1493249,-2.595861,-0.06170094,0.06331679,0.9237456,0.9484169,-0.01144994,0.316819,0.03168174,0.997768,-0.05878155,-0.3154389,0.06578679,0.9466628,moving,-8.740671153640978,-0.019376700446162822,-3.8213552210704127,3.9211222532095062,-0.3478975000000001,0.12465210000000002,0.8512059999999999,-0.1519624481421006,-0.0003342595910499416,0.9883861884541882,-8.800660980686281,0.08888064673968399,6.29440669646288,6.302951788503862,6.283276341058236
05/17/2023 16:15:51.167562,2646,True,True,True,True,Eyes,1.077467,-0.2766734,-3.432589,-0.4532233,0.06860754,0.8887528,0.0,0.0,0.0,0.0,0.0,0.0,0.0,0.05449986,0.02784398,3.622305,1.080045,-0.2738073,-3.447227,-0.03271153,-0.1588253,-0.01115231,0.9867017,356.0954,341.7343,359.3328,0.2978531,-0.07716165,-0.9514875,0,0,0,0.7352824,-0.1470419,-2.595725,-0.06125084,0.06334207,0.9231589,0.9493003,-0.01161716,0.3141561,0.03239884,0.9976112,-0.06101051,-0.3126968,0.06809558,0.9474089,moving,-8.733286958964372,-0.0268688015104385,-3.795964542443781,3.925168135281977,-0.3447625999999999,0.12676539999999997,0.851502,-0.15183505266818026,-0.00046351194277678004,0.9884056837420105,-8.793221402746504,0.08127023711673931,6.315676449226013,6.324219208285582,6.3046115803720815
05/17/2023 16:15:51.178213,2647,True,True,True,True,Eyes,1.077876,-0.2765183,-3.432669,-0.4505289,0.07077813,0.8899517,0.0,0.0,0.0,0.0,0.0,0.0,0.0,0.04378617,0.02058651,3.622743,1.080354,-0.2736908,-3.447395,-0.03365777,-0.1573897,-0.01140572,0.986897,355.9846,341.9016,359.3155,0.2979282,-0.07711309,-0.9514679,0,0,0,0.7386651,-0.1447645,-2.595589,-0.06093624,0.06375809,0.9225882,0.9501968,-0.01191777,0.3114226,0.03310732,0.9974741,-0.06284321,-0.309887,0.07002379,0.9481913,moving,-8.73030235978441,-0.014136378099264081,-3.7788534000549805,3.9533028014759877,-0.3416889000000001,0.12892630000000002,0.8518060000000003,-0.151783574706005,-0.00024386768998539005,0.9884136526436758,-8.790326809012258,0.0941455922058034,6.336369585263817,6.344873556221148,6.325184589760832
05/17/2023 16:15:51.197703,2648,True,True,True,True,Eyes,1.078305,-0.2763617,-3.432743,-0.4477406,0.07302389,0.8911767,0.0,0.0,0.0,0.0,0.0,0.0,0.0,0.0326848,0.01316583,3.623105,1.08061,-0.2735461,-3.447547,-0.03461909,-0.1558951,-0.0116814,0.9870977,355.8719,342.0759,359.2953,0.2980056,-0.07706469,-0.9514476,0,0,0,0.7419951,-0.1425226,-2.595455,-0.06073573,0.06407717,0.9220056,0.9511205,-0.01226748,0.3085763,0.03385526,0.9973301,-0.0647027,-0.3069587,0.07198699,0.9489964,moving,-8.72865708918954,0.0005227047906755875,-3.7688280792897153,3.9755265066785297,-0.33861490000000005,0.13102350000000001,0.8520920000000003,-0.1517552102973446,9.017259146239243e-06,0.988418130189992,-8.788785637900917,0.10897593688443691,6.347692720084396,6.356143408739828,6.336417536671076
05/17/2023 16:15:51.217646,2649,True,True,True,True,Eyes,1.07873,-0.2762069,-3.432822,-0.4449427,0.07525378,0.8923917,0.0,0.0,0.0,0.0,0.0,0.0,0.0,0.02169621,0.005920246,3.623361,1.080898,-0.2733796,-3.447634,-0.03555987,-0.1544211,-0.01191196,0.9872932,355.7623,342.2476,359.2796,0.2980856,-0.07701638,-0.9514264,0,0,0,0.7453699,-0.1402505,-2.595319,-0.06049269,0.06446722,0.9213722,0.9520244,-0.0125388,0.305765,0.03450358,0.9971871,-0.06653711,-0.3040707,0.07389495,0.9497792,moving,-8.724172208943774,0.018133412061943043,-3.7563631164270697,4.002388629834126,-0.3355280999999999,0.1331291,0.8523149999999999,-0.1516778360973774,0.0003128259851622184,0.9884299773343523,-8.78442515314784,0.1267830034593921,6.359770398926113,6.368156469500142,6.348364105523573
05/17/2023 16:15:51.227963,2650,True,True,True,True,Eyes,1.079189,-0.2760495,-3.432889,-0.4420632,0.07767776,0.8936142,0.0,0.0,0.0,0.0,0.0,0.0,0.0,0.01005399,-0.001016721,3.623641,1.081166,-0.2732853,-3.447792,-0.03647109,-0.1528514,-0.01210971,0.9875019,355.6567,342.4303,359.2664,0.2981678,-0.07696822,-0.9514046,0,0,0,0.7487203,-0.1379948,-2.595185,-0.06040105,0.06497593,0.9208111,0.9529796,-0.0127674,0.3027654,0.03506603,0.9970464,-0.06832857,-0.3009988,0.07573251,0.9506127,moving,-8.72624810163491,0.051449854871092514,-3.7529678483664597,4.036317502287698,-0.33244570000000007,0.1352905,0.8526070000000003,-0.15171359272504478,0.0008875748212954712,0.9884241213304604,-8.786739178683472,0.16051044223384164,6.364545965879819,6.372808379747304,6.3530098514550435
05/17/2023 16:15:51.247413,2651,True,True,True,True,Eyes,1.079642,-0.2758919,-3.432965,-0.4391793,0.08009292,0.8948222,0.0,0.0,0.0,0.0,0.0,0.0,0.0,-0.001489639,-0.008092985,3.623792,1.081414,-0.2730976,-3.447884,-0.03738414,-0.151296,-0.01234136,0.9877043,355.5503,342.6115,359.249,0.2982529,-0.07692011,-0.9513818,0,0,0,0.7521762,-0.1356681,-2.595046,-0.06018466,0.06545606,0.9201685,0.9539145,-0.01306708,0.2997942,0.03569137,0.9969003,-0.07011456,-0.2979487,0.07758336,0.9514238,moving,-8.726834639519485,0.08287472603110314,-3.7421649645250326,4.0688735887926555,-0.32923780000000014,0.13742949999999998,0.8528380000000002,-0.1517236202835897,0.0014296909521388235,0.9884219756901801,-8.787549965842038,0.192317842512567,6.374277635166736,6.38240696780969,6.362671943887392
05/17/2023 16:15:51.267682,2652,True,True,True,True,Eyes,1.080108,-0.2757311,-3.433043,-0.4362284,0.08266783,0.8960306,0.0,0.0,0.0,0.0,0.0,0.0,0.0,-0.01279688,-0.01635168,3.62402,1.081667,-0.2729533,-3.448107,-0.03845813,-0.1497666,-0.01262848,0.9878924,355.4248,342.7898,359.2279,0.2983405,-0.07687203,-0.9513583,0,0,0,0.7555893,-0.1333702,-2.594908,-0.05992422,0.06563048,0.9197063,0.9548209,-0.01343167,0.296878,0.03647065,0.9967229,-0.07220235,-0.2949353,0.07976764,0.9521818,moving,-8.720757392330492,0.10386826658142131,-3.7278842660619875,4.081722629457256,-0.3260776999999999,0.13958310000000002,0.8531989999999996,-0.1516186850101634,0.0017918841071769692,0.9884374470480994,-8.781620815589083,0.21354272601052404,6.375744911762687,6.3837377285775565,6.3642021398958715
05/17/2023 16:15:51.277806,2653,True,True,True,True,Eyes,1.080567,-0.2755677,-3.433125,-0.433278,0.08525304,0.8972191,0.0,0.0,0.0,0.0,0.0,0.0,0.0,-0.02339053,-0.0245235,3.624244,1.081986,-0.2727484,-3.448363,-0.03950625,-0.148343,-0.01294647,0.9880618,355.3016,342.956,359.203,0.2984305,-0.07682388,-0.9513339,0,0,0,0.7588974,-0.1311431,-2.594775,-0.05962661,0.06570272,0.9193357,0.9556535,-0.01386288,0.294167,0.03730478,0.9965433,-0.07422819,-0.2921211,0.08191027,0.9528672,moving,-8.703059129309029,0.1272907434897382,-3.710912929304797,4.0878418385762005,-0.32308859999999984,0.1416053,0.8535880000000002,-0.1513132341848574,0.002196060503861716,0.9884834353679547,-8.764084891653505,0.23718245701201107,6.3645897915733025,6.37240054131936,6.353119277480583
05/17/2023 16:15:51.299945,2654,True,True,True,True,Eyes,1.081011,-0.2754031,-3.433219,-0.430252,0.08798919,0.8984103,0.0,0.0,0.0,0.0,0.0,0.0,0.0,-0.03429091,-0.035106,3.624254,1.082233,-0.2725442,-3.448494,-0.04087385,-0.1468699,-0.01337704,0.9882204,355.1404,343.1283,359.17,0.2985226,-0.07677558,-0.9513088,0,0,0,0.7623045,-0.1288493,-2.594639,-0.05929509,0.06524023,0.9188579,0.9565005,-0.01443264,0.2913733,0.0384452,0.9963008,-0.07685538,-0.2891862,0.08471412,0.9535171,moving,-8.686843103142147,0.12026299241773634,-3.6922513167884654,4.061267190121511,-0.31992849999999995,0.14369490000000001,0.8538550000000003,-0.15103349822442474,0.0020749054036673584,0.9885264414210704,-8.747814453670767,0.23000896841040824,6.354468140137107,6.362189968763149,6.343284495624655
05/17/2023 16:15:51.318126,2655,True,True,True,True,Eyes,1.081456,-0.2752385,-3.433314,-0.427231,0.09072781,0.8995789,0.0,0.0,0.0,0.0,0.0,0.0,0.0,-0.04430461,-0.04670539,3.624374,1.08259,-0.2723943,-3.448773,-0.04238289,-0.1455241,-0.01384475,0.9883496,354.9625,343.286,359.1354,0.298616,-0.07672711,-0.9512834,0,0,0,0.7656057,-0.1266267,-2.594506,-0.05888937,0.06447629,0.9186261,0.9572622,-0.01503145,0.2888309,0.03970237,0.996024,-0.07974873,-0.2864837,0.08780771,0.9540529,moving,-8.65647502860369,0.09648122961586889,-3.6679794680915214,4.0148770678171966,-0.3169843,0.14576759999999997,0.8542670000000001,-0.1505096592561968,0.0016647321334590584,0.9886071673476342,-8.717268743393511,0.20582573737582666,6.335751643866606,6.343415003141691,6.324886894136278
05/17/2023 16:15:51.327485,2656,True,True,True,True,Eyes,1.081899,-0.275076,-3.433412,-0.4241965,0.09353586,0.9007266,0.0,0.0,0.0,0.0,0.0,0.0,0.0,-0.05511552,-0.0571236,3.624292,1.083011,-0.2722532,-3.448878,-0.04373052,-0.1440862,-0.01429888,0.9884951,354.8033,343.4545,359.0986,0.2987106,-0.07667848,-0.9512576,0,0,0,0.768984,-0.1243522,-2.59437,-0.0586959,0.06408498,0.918215,0.9580695,-0.01566681,0.2861075,0.04087066,0.9957664,-0.08233426,-0.2836063,0.09057534,0.9546537,moving,-8.636815227606482,0.09516005376823942,-3.6575941365643847,3.992370407424318,-0.31402699999999995,0.14790099999999998,0.854508,-0.15017043514479012,0.0016420216253840436,0.9886587782643493,-8.697594312352093,0.20441500379658042,6.3154738903163015,6.323044457705686,6.3047765949169605
05/17/2023 16:15:51.347849,2657,True,True,True,True,Eyes,1.082338,-0.2749142,-3.43351,-0.4211743,0.09631697,0.9018511,0.0,0.0,0.0,0.0,0.0,0.0,0.0,-0.06513846,-0.06647018,3.624194,1.083275,-0.2721677,-3.449041,-0.04491723,-0.1427377,-0.01487011,0.9886291,354.6604,343.6134,359.0459,0.2988063,-0.07662977,-0.9512314,0,0,0,0.7723503,-0.1220859,-2.594235,-0.05821207,0.06399187,0.9178286,0.9588096,-0.01657928,0.2835652,0.04222482,0.9955226,-0.0845679,-0.2808935,0.093058,0.9552168,moving,-8.608940263302417,0.10628242578068739,-3.6290485288043164,3.9882614645763392,-0.31092469999999994,0.15008180000000002,0.854806,-0.14968938416158334,0.0018340774556261374,0.988731450238584,-8.669791277679504,0.21556768057134995,6.30678422672121,6.31419693587168,6.296213612021726
05/17/2023 16:15:51.367440,2658,True,True,True,True,Eyes,1.082779,-0.2747495,-3.433615,-0.4181599,0.0990889,0.9029528,0.0,0.0,0.0,0.0,0.0,0.0,0.0,-0.07509863,-0.0744326,3.624004,1.083593,-0.2720337,-3.449117,-0.04591372,-0.1414092,-0.01538017,0.9887663,354.5403,343.7698,358.9968,0.2989028,-0.07658099,-0.951205,0,0,0,0.7757361,-0.1198064,-2.594099,-0.05774598,0.06423951,0.917357,0.9595338,-0.01742955,0.2810535,0.04340004,0.9953107,-0.08644609,-0.2782289,0.09514568,0.9557908,moving,-8.579866562429764,0.1401881271912715,-3.601914209315056,4.005696927013509,-0.3078569,0.1522273,0.8550180000000003,-0.1491874590741361,0.002419360380439252,0.9888060071871594,-8.640951659034252,0.24977494698954605,6.295369113879886,6.302552491759463,6.28481092314635
05/17/2023 16:15:51.377870,2659,True,True,True,True,Eyes,1.083212,-0.2745881,-3.433724,-0.41517,0.1018306,0.9040268,0.0,0.0,0.0,0.0,0.0,0.0,0.0,-0.08430022,-0.08096604,3.62401,1.083884,-0.2718188,-3.449408,-0.04669632,-0.1401753,-0.01589254,0.9888973,354.4444,343.9155,358.9441,0.299,-0.07653207,-0.9511784,0,0,0,0.7790979,-0.1175431,-2.593963,-0.05705234,0.06476109,0.9170783,0.9601967,-0.01834083,0.2787222,0.04452351,0.9951338,-0.08790024,-0.2757537,0.09681121,0.9563407,moving,-8.542386576502013,0.19618426079407467,-3.5598389004988173,4.03933634937232,-0.30478610000000006,0.15427570000000002,0.855445,-0.14854018257657584,0.0033860695108801145,0.9889006036038126,-8.603861057265,0.30630854886303094,6.285664568077025,6.292503422294514,6.275161836743607
05/17/2023 16:15:51.397762,2660,True,True,True,True,Eyes,1.094214,-0.2705932,-3.436529,-0.3379578,0.1687376,0.9259115,0.8992923,0.7902912,-0.1188488,-2.603864,0.7461945,-0.08704188,-0.6600133,-0.05134834,0.06286654,0.904624,1.084109,-0.2717442,-3.449575,-0.04763741,-0.1390254,-0.01639135,0.9890066,354.3308,344.0513,358.8958,0.2990977,-0.07648311,-0.9511516,0,0,0,0.7824438,-0.1152904,-2.593829,-0.05618116,0.06514858,0.9167227,0.9608065,-0.0191767,0.2765557,0.04566792,0.9949239,-0.08966978,-0.2734323,0.09878504,0.9568052,moving,-4.132062600545327,3.9910713893657,-3.5069737917376003,4.064995434486673,-0.30166519999999997,0.15645379999999998,0.8557459999999999,-0.07188175997726784,0.06942097071419814,0.9949943213277749,-4.2194303406175395,4.130621514939865,0.6282483821120771,0.6294448215242621,0.7154726525015208
05/17/2023 16:15:51.417587,2661,True,True,True,True,Eyes,1.094226,-0.2705916,-3.436535,-0.3378539,0.1688115,0.9259359,0.8967174,0.7912668,-0.1192154,-2.606232,0.3518733,-0.4206524,-0.8362037,-0.05352376,0.06137361,0.9023275,1.084418,-0.2716395,-3.449829,-0.0482727,-0.1378013,-0.01667698,0.9891424,354.2555,344.1948,358.8662,0.2994427,-0.07631664,-0.9510557,0,0,0,0.7859877,-0.1129045,-2.593687,-0.05528346,0.06626676,0.9164003,0.9614653,-0.01968773,0.2742204,0.0462959,0.9947832,-0.09090091,-0.2710002,0.1000933,0.9573611,moving,-4.267947256752788,3.9169104639376617,-3.4522847490331845,4.135974734110778,-0.29843030000000015,0.15873499999999996,0.8561419999999997,-0.07424798342681757,0.06812119515111216,0.9949103532050037,-4.354822148765773,4.056071506610873,0.8435084877796161,0.844567629598668,0.9060674829619277
05/17/2023 16:15:51.427671,2662,True,True,True,True,Eyes,1.094232,-0.2705807,-3.436555,-0.3376094,0.1689425,0.9260013,0.8970672,0.791374,-0.1190279,-2.605869,0.1438517,-0.5529947,-0.8206727,-0.05594036,0.05975965,0.9028149,1.084687,-0.2716202,-3.449942,-0.04923403,-0.1364562,-0.01669629,0.989281,354.1474,344.3507,358.8712,0.2997535,-0.07616676,-0.9509693,0,0,0,0.7892157,-0.1107313,-2.593557,-0.05483519,0.06676785,0.9160346,0.9622019,-0.01959807,0.2716311,0.04647122,0.9945945,-0.09285596,-0.268343,0.1019692,0.9579114,moving,-4.404528509679396,3.815917115216784,-3.425722348945629,4.168797756358603,-0.2954713,0.16088889999999997,0.856385,-0.07662857700667919,0.06635541625630906,0.9948492864729228,-4.490719393510964,3.954366929658671,1.0395510791064995,1.040474049259777,1.0863697733148292
05/17/2023 16:15:51.447345,2663,True,True,True,True,Eyes,1.094252,-0.2705618,-3.436583,-0.3372742,0.1691559,0.9260844,0.8984991,0.7912111,-0.1185754,-2.604497,-0.08476935,-0.6694846,-0.7379733,-0.05820622,0.05854534,0.9044206,1.085005,-0.271422,-3.450141,-0.04998899,-0.1351894,-0.01653261,0.9894199,354.0656,344.4965,358.894,0.3000332,-0.07603152,-0.9508917,0,0,0,0.7924828,-0.1085317,-2.593426,-0.05419457,0.06754652,0.9157321,0.9629009,-0.01919942,0.2691711,0.04623136,0.9944555,-0.09445013,-0.2658653,0.1033903,0.9584498,moving,-4.525451980825244,3.7474949201781462,-3.386910357329347,4.218629412356047,-0.29252219999999995,0.1628903,0.8567149999999999,-0.0787342737191864,0.06515659876415317,0.994764018344657,-4.611186976283218,3.885569122186835,1.2312962176340003,1.2321707422887467,1.2687720033972696
05/17/2023 16:15:51.467582,2664,True,True,True,True,Eyes,1.094288,-0.2705345,-3.43662,-0.3368061,0.1694409,0.9262027,0.9017711,0.7905664,-0.1177375,-2.601397,-0.3517132,-0.7644061,-0.5403527,-0.06054327,0.05678694,0.9078883,1.085313,-0.2712313,-3.450346,-0.05108735,-0.1339163,-0.01672558,0.9895337,353.9391,344.6449,358.8811,0.3002852,-0.07590922,-0.9508217,0,0,0,0.795843,-0.1062694,-2.59329,-0.05351931,0.06765242,0.9154831,0.9635733,-0.01941818,0.2667384,0.0467839,0.9942207,-0.09662564,-0.2633205,0.105585,0.958913,moving,-4.642355799696432,3.6359569635778533,-3.3457138209728803,4.22636452437354,-0.28947,0.1649619,0.857056,-0.08077392019417048,0.06320961867420513,0.9947261567893133,-4.727326379046931,3.7731186827180934,1.4239299302268955,1.4247320831766372,1.4540581328151492
05/17/2023 16:15:51.487448,2665,True,True,True,True,Eyes,1.094335,-0.2705042,-3.436665,-0.3362432,0.1698153,0.9263387,0.0,0.0,0.0,0.0,0.0,0.0,0.0,-0.1410121,-0.12167,3.622704,1.08565,-0.2710178,-3.450592,-0.051973,-0.1325316,-0.01712753,0.9896671,353.8339,344.8077,358.8401,0.3005126,-0.0757983,-0.9507586,0,0,0,0.7993037,-0.1039395,-2.593151,-0.05302803,0.06811147,0.9152392,0.9642841,-0.02012498,0.2641047,0.04767724,0.9940109,-0.09833205,-0.260544,0.1074118,0.9594684,moving,-4.770195396161419,3.54841231255171,-3.315952139348044,4.256066932040023,-0.28634630000000005,0.16707829999999996,0.8574409999999997,-0.08300114356563904,0.06167833842528345,0.9946389825026528,-4.854575555342028,3.6849928610993814,1.6165252625700315,1.6172812094593572,1.641184819191828
05/17/2023 16:15:51.497744,2666,True,True,True,True,Eyes,1.094393,-0.270473,-3.436713,-0.3355664,0.1702561,0.9265032,0.0,0.0,0.0,0.0,0.0,0.0,0.0,-0.1515754,-0.1311789,3.622214,1.085907,-0.2709411,-3.450799,-0.05324151,-0.1310914,-0.0173219,0.989788,353.6883,344.9755,358.8279,0.3007182,-0.07569752,-0.9507016,0,0,0,0.8026532,-0.1016845,-2.593017,-0.05260807,0.06801787,0.9150288,0.96503,-0.02033102,0.2613498,0.04824902,0.9937306,-0.1008541,-0.2576608,0.1099371,0.9599608,moving,-4.8934499045211695,3.4268046133516132,-3.2905038585149473,4.251213325693334,-0.2832538,0.16925659999999998,0.8577819999999998,-0.08515160794625806,0.05955627968585851,0.9945865378239123,-4.976995521791744,3.562374569712618,1.8018439403463535,1.802522052955779,1.8217444831927434
05/17/2023 16:15:51.517849,2667,True,True,True,True,Eyes,1.094459,-0.2704362,-3.43677,-0.3348261,0.1707404,0.9266818,0.0,0.0,0.0,0.0,0.0,0.0,0.0,-0.16151,-0.138925,3.621622,1.086024,-0.2708558,-3.450901,-0.05425574,-0.1297277,-0.017571,0.9899082,353.5708,345.1349,358.8058,0.3009042,-0.07560583,-0.95065,0,0,0,0.8061126,-0.09935535,-2.592877,-0.05186066,0.06845304,0.9146544,0.965724,-0.0207104,0.2587437,0.0488643,0.9934951,-0.1028575,-0.2549304,0.1119753,0.960454,moving,-5.005954517360846,3.3349889157512473,-3.2451807597289846,4.280056154110234,-0.27991140000000014,0.17150044999999997,0.8580239999999999,-0.0871126178268988,0.057952525226058295,0.9945113657067362,-5.088875194400069,3.4698686251904634,1.997724221086155,1.9983684121263792,2.0138552580695204
05/17/2023 16:15:51.527757,2668,True,True,True,True,Eyes,1.094537,-0.2703958,-3.436837,-0.3340122,0.1713111,0.9268702,0.0,0.0,0.0,0.0,0.0,0.0,0.0,-0.1696433,-0.1440698,3.621383,1.086257,-0.2707514,-3.451187,-0.05493043,-0.1286232,-0.01766007,0.9900137,353.494,345.2634,358.7983,0.301073,-0.07552215,-0.9506034,0,0,0,0.8097365,-0.09691557,-2.592732,-0.05052543,0.06963288,0.9144542,0.9662884,-0.02083676,0.2566176,0.04909807,0.9933416,-0.1042207,-0.2527373,0.1133067,0.9608774,moving,-5.083961531323043,3.290417043682369,-3.1624913005586914,4.354494387432802,-0.27652050000000006,0.17383582999999997,0.8584550000000002,-0.08847053356498781,0.05717198402221221,0.9944366944726951,-5.1665850288555495,3.4250492057316664,2.195755770074115,2.1964308414326608,2.209131054868918
05/17/2023 16:15:51.551971,2669,True,True,True,True,Eyes,1.094623,-0.2703532,-3.436912,-0.3331419,0.1719063,0.9270732,0.0,0.0,0.0,0.0,0.0,0.0,0.0,-0.1783671,-0.1508944,3.621042,1.086607,-0.2706472,-3.451458,-0.05583087,-0.1274501,-0.01779465,0.9901126,353.391,345.4001,358.7883,0.3012263,-0.07544555,-0.950561,0,0,0,0.8130766,-0.09466691,-2.592597,-0.04970197,0.07018252,0.9143491,0.9668797,-0.02100611,0.2543668,0.0494687,0.9931325,-0.1060218,-0.2503928,0.1150935,0.9612788,moving,-5.16611627956766,3.2207544335064076,-3.111408214875175,4.389234870440751,-0.27353040000000006,0.17598028999999998,0.8588610000000001,-0.08990254126840776,0.05595566032140175,0.9943774518888784,-5.248264771935273,3.354850896662016,2.3630524045751753,2.363719899355804,2.37404847268564
05/17/2023 16:15:51.567561,2670,True,True,True,True,Eyes,1.094694,-0.2703084,-3.437001,-0.3322116,0.1725495,0.9272875,0.0,0.0,0.0,0.0,0.0,0.0,0.0,-0.186767,-0.1554653,3.620742,1.086837,-0.2705602,-3.451725,-0.05641509,-0.1263117,-0.01795379,0.9902225,353.3235,345.533,358.7709,0.3013658,-0.07537523,-0.9505224,0,0,0,0.8161194,-0.09261835,-2.592475,-0.04901037,0.07110623,0.9142231,0.967446,-0.02130471,0.2521791,0.04980826,0.99299,-0.1071914,-0.2481277,0.1162625,0.9617254,moving,-5.242469911967641,3.188882737712025,-3.068618512044892,4.447384157927086,-0.2707176,0.17794184999999996,0.8592500000000003,-0.09123044153502283,0.05539579473503944,0.9942878342029831,-5.3244113530054715,3.3228791763267327,2.511171205824925,2.5118630005693823,2.5205381954997255
05/17/2023 16:15:51.577671,2671,True,True,True,True,Eyes,1.094775,-0.2702579,-3.437098,-0.3312331,0.1732447,0.9275079,0.0,0.0,0.0,0.0,0.0,0.0,0.0,-0.1945077,-0.1601353,3.620463,1.087088,-0.2704762,-3.452001,-0.05702954,-0.1252644,-0.01802703,0.990319,353.2538,345.6548,358.7642,0.3014925,-0.0753105,-0.9504875,0,0,0,0.8194953,-0.09034546,-2.59234,-0.04782616,0.07224388,0.9140916,0.9679677,-0.02141748,0.2501596,0.04999257,0.9928453,-0.1084386,-0.2460472,0.1174712,0.962113,moving,-5.304439879780261,3.1588064858604654,-2.995039846685099,4.518894174384091,-0.2675927,0.18013074,0.859661,-0.09230848258228039,0.05486838175860463,0.9942175827768583,-5.386183262213034,3.292670806023459,2.67939930817502,2.680143099413439,2.6872273038833714
05/17/2023 16:15:51.597914,2672,True,True,True,True,Eyes,1.094864,-0.2702022,-3.4372,-0.3301969,0.1740254,0.9277312,0.0,0.0,0.0,0.0,0.0,0.0,0.0,-0.2025329,-0.1676042,3.619985,1.087347,-0.2703097,-3.452247,-0.05802883,-0.1241722,-0.01807571,0.9903976,353.1407,345.7815,358.7653,0.3016078,-0.0752506,-0.9504557,0,0,0,0.8228248,-0.08810386,-2.592206,-0.04675072,0.07258142,0.9139955,0.9685091,-0.02139315,0.2480575,0.05021542,0.9926119,-0.1104542,-0.2438618,0.1194322,0.9624279,moving,-5.366480700196348,3.091034351064254,-2.9281178919579776,4.540394772163304,-0.26452220000000004,0.18220583999999998,0.8600409999999998,-0.09339099076219913,0.05368689356903113,0.9941809957807344,-5.447757229709026,3.2243105857641385,2.8358206422001393,2.83659281795053,2.842650168070721
05/17/2023 16:15:51.617994,2673,True,True,True,True,Eyes,1.09496,-0.2701422,-3.437308,-0.3291071,0.1748568,0.9279621,0.0,0.0,0.0,0.0,0.0,0.0,0.0,-0.2114611,-0.1754487,3.619378,1.087693,-0.270148,-3.452439,-0.0590718,-0.1229692,-0.01817451,0.9904842,353.0219,345.9214,358.7603,0.301713,-0.07519491,-0.9504269,0,0,0,0.8263894,-0.08570398,-2.592062,-0.0457564,0.07299592,0.9138521,0.9690966,-0.02147511,0.2457452,0.05053115,0.9923605,-0.1125496,-0.2414508,0.1214892,0.9627782,moving,-5.438645020673725,3.020062074374256,-2.8663949924873133,4.56692833377989,-0.26130359999999997,0.18444402,0.8603770000000002,-0.09464932834832208,0.05244910067977009,0.9941280799243901,-5.519434558825883,3.1527493748379003,3.00074641385503,3.001543841424372,3.006413322960134
05/17/2023 16:15:51.627826,2674,True,True,True,True,Eyes,1.095077,-0.2700767,-3.437417,-0.3279221,0.1757638,0.9282101,0.0,0.0,0.0,0.0,0.0,0.0,0.0,-0.2203069,-0.1832802,3.618758,1.087932,-0.2700022,-3.452686,-0.0601087,-0.1217616,-0.01830855,0.9905685,352.9034,346.0621,358.7508,0.3018093,-0.07514287,-0.9504005,0,0,0,0.8295656,-0.08356559,-2.591935,-0.0450355,0.07314748,0.9137973,0.9696779,-0.02163387,0.2434274,0.05090959,0.9921035,-0.114625,-0.2390254,0.1235421,0.9631221,moving,-5.506332125631456,2.9533313514479698,-2.8214769097069006,4.576643598653844,-0.2583663999999999,0.18643661000000003,0.860751,-0.09582947611587576,0.05128540988720531,0.9940756133418215,-5.586663733184512,3.0854642991955936,3.1366328563915578,3.1374496302579704,3.1416355409033367
05/17/2023 16:15:51.647500,2675,True,True,True,True,Eyes,1.0952,-0.2700086,-3.437537,-0.3266928,0.1767132,0.9284635,0.0,0.0,0.0,0.0,0.0,0.0,0.0,-0.2296937,-0.1921251,3.61796,1.08818,-0.2698202,-3.452878,-0.06128062,-0.1204799,-0.0184548,0.9906507,352.7694,346.2114,358.7409,0.3018982,-0.07509394,-0.9503763,0,0,0,0.8329996,-0.08125371,-2.591797,-0.04421505,0.07320382,0.913686,0.970288,-0.02179836,0.2409688,0.05133068,0.9918082,-0.1169685,-0.2364451,0.1258622,0.9634586,moving,-5.579598327931886,2.8735668370151575,-2.770493390405108,4.580709204460824,-0.2551804,0.18856649,0.861081,-0.09710742454068243,0.04989525573706945,0.9940225465311832,-5.659380537732758,3.0050085616117275,3.286320307621154,3.2871576799364703,3.290668847798263
05/17/2023 16:15:51.657621,2676,True,True,True,True,Eyes,1.095311,-0.2699315,-3.437664,-0.3251026,0.1778331,0.9288076,0.0,0.0,0.0,0.0,0.0,0.0,0.0,-0.2384587,-0.1996424,3.617381,1.088417,-0.269715,-3.453225,-0.06233248,-0.1192776,-0.01829835,0.9907334,352.6532,346.3494,358.7643,0.3019803,-0.07504772,-0.950354,0,0,0,0.8362884,-0.0790395,-2.591665,-0.04327357,0.07352516,0.9137476,0.970876,-0.02138783,0.2386257,0.0511273,0.9915596,-0.1191446,-0.2340634,0.1278749,0.9637751,moving,-5.619304999166723,2.8249319512050515,-2.7114071888485536,4.600422007952419,-0.2521285999999999,0.1906755,0.8615600000000003,-0.0978003628266592,0.04904812034002911,0.9939965999550568,-5.698750908529719,2.9559336328177297,3.406207563331432,3.407085942100959,3.4100681100927637
05/17/2023 16:15:51.677728,2677,True,True,True,True,Eyes,1.09543,-0.2698512,-3.437799,-0.3234762,0.1789848,0.9291542,0.0,0.0,0.0,0.0,0.0,0.0,0.0,-0.2472619,-0.2098302,3.616411,1.0887,-0.2694581,-3.453363,-0.06371118,-0.1180773,-0.01830156,0.9907895,352.4974,346.4881,358.7736,0.302056,-0.07500369,-0.9503335,0,0,0,0.8395602,-0.07683675,-2.591533,-0.0424532,0.07306468,0.9136653,0.9714456,-0.0212203,0.2363114,0.05131166,0.9912119,-0.1219267,-0.2316474,0.1305707,0.9639973,moving,-5.657361699343506,2.7373226806355007,-2.6603187904950247,4.572142649677891,-0.24913980000000002,0.19262134999999997,0.8618299999999999,-0.09846783019641443,0.04752503129665435,0.9940047262421753,-5.736192940920329,2.8674064392086054,3.513209819349172,3.514090282886267,3.516692670185976
05/17/2023 16:15:51.697933,2678,True,True,True,True,Eyes,1.095537,-0.2697612,-3.437944,-0.3216041,0.1803263,0.9295446,0.0,0.0,0.0,0.0,0.0,0.0,0.0,-0.2565766,-0.2171868,3.615717,1.088989,-0.2693178,-3.453691,-0.06468868,-0.1168096,-0.01839699,0.9908747,352.3862,346.6355,358.766,0.302126,-0.07496151,-0.9503146,0,0,0,0.8428916,-0.07459389,-2.591399,-0.0417091,0.07343397,0.9137266,0.9720342,-0.02134569,0.2338676,0.05157074,0.9909539,-0.1238988,-0.2291073,0.1324946,0.9643418,moving,-5.691864192553827,2.7037744515271354,-2.6135800885678138,4.594845901872859,-0.24609740000000002,0.19472391,0.8622920000000001,-0.09906912673911333,0.04694019116584544,0.9939727670203662,-5.77046533936151,2.833581286277067,3.6118302287401516,3.612753002236058,3.614965772013419
05/17/2023 16:15:51.717741,2679,True,True,True,True,Eyes,1.09565,-0.2696664,-3.438097,-0.3196976,0.1817381,0.9299272,0.0,0.0,0.0,0.0,0.0,0.0,0.0,-0.2662005,-0.2264608,3.614746,1.089305,-0.2690313,-3.453921,-0.06590116,-0.1155015,-0.01857022,0.9909449,352.2473,346.7881,358.752,0.3021907,-0.07492073,-0.9502974,0,0,0,0.8462946,-0.07230282,-2.591262,-0.0410208,0.07327054,0.9137206,0.9726291,-0.02158076,0.2313589,0.05202749,0.9906244,-0.126319,-0.2264637,0.1348986,0.9646329,moving,-5.729253102711612,2.645927722495545,-2.570524952135164,4.58469352292367,-0.24301039999999996,0.19672847999999998,0.8626589999999998,-0.09972240097542755,0.045933623216026204,0.9939544429897951,-5.807451644451592,2.775174350465329,3.7053150733522275,3.706261776797993,3.708376200835737
05/17/2023 16:15:51.727412,2680,True,True,True,True,Eyes,1.09573,-0.2695688,-3.43826,-0.3175772,0.1833073,0.9303457,0.0,0.0,0.0,0.0,0.0,0.0,0.0,-0.2759473,-0.2382372,3.613609,1.089553,-0.2688491,-3.454224,-0.06745502,-0.1141584,-0.01886261,0.9909905,352.0678,346.9456,358.7281,0.3022506,-0.07488105,-0.9502815,0,0,0,0.8495785,-0.07009193,-2.59113,-0.04043841,0.07246564,0.9138582,0.9732242,-0.02198422,0.2288045,0.05278645,0.990188,-0.1293879,-0.223715,0.1380012,0.9648354,moving,-5.758474272347232,2.5558992674950916,-2.533696955559505,4.533860499202223,-0.23997449999999998,0.19875717,0.8630939999999998,-0.10023640744834895,0.04436947200560776,0.993973831787041,-5.836038553997877,2.6841656302815142,3.782124180901014,3.7830568826023554,3.7850800706045975
05/17/2023 16:15:51.747410,2681,True,True,True,True,Eyes,1.09582,-0.2694696,-3.438426,-0.3154289,0.1849267,0.930756,0.0,0.0,0.0,0.0,0.0,0.0,0.0,-0.2858793,-0.2493887,3.612319,1.089823,-0.2687342,-3.454394,-0.06895351,-0.1127976,-0.01904884,0.9910396,351.8961,347.1044,358.7151,0.3023053,-0.07484229,-0.9502673,0,0,0,0.8529596,-0.06781556,-2.590994,-0.03982298,0.07194291,0.9138766,0.9738277,-0.02220073,0.2262008,0.0533119,0.9897651,-0.132374,-0.2209468,0.1409687,0.9650443,moving,-5.787230164873181,2.4776661901495713,-2.495135693565317,4.50120018573712,-0.23686339999999995,0.20091863999999998,0.8634000000000004,-0.10074125209711021,0.043010031189163994,0.9939825673557424,-5.86424417717536,2.6050933057744086,3.863337820423339,3.8642691209741478,3.8660203406830504
05/17/2023 16:15:51.767258,2682,True,True,True,True,Eyes,1.095887,-0.2693671,-3.438601,-0.3130791,0.1866278,0.9312097,0.0,0.0,0.0,0.0,0.0,0.0,0.0,-0.2960896,-0.2600997,3.611012,1.090133,-0.2686219,-3.454588,-0.07038047,-0.1114038,-0.01928379,0.9910923,351.732,347.2675,358.6947,0.3023555,-0.0748043,-0.9502544,0,0,0,0.8563362,-0.06554232,-2.590858,-0.03932203,0.07152843,0.9139305,0.9744347,-0.02254273,0.2235374,0.05390535,0.9893495,-0.1352105,-0.2181085,0.1438037,0.9652715,moving,-5.808899017135669,2.4111332266927477,-2.463642131674277,4.475110500333401,-0.23379680000000003,0.20307958000000004,0.8637300000000003,-0.10112212830994327,0.04185414426040353,0.9939932141307787,-5.885444317145048,2.5378361813619303,3.9298150182282394,3.9307436721098923,3.932144705302555
05/17/2023 16:15:51.777794,2683,True,True,True,True,Eyes,1.095963,-0.2692622,-3.438779,-0.3107026,0.188352,0.9316584,0.0,0.0,0.0,0.0,0.0,0.0,0.0,-0.3070365,-0.2695328,3.609664,1.090428,-0.2684766,-3.454777,-0.0716166,-0.1099095,-0.01955321,0.9911654,351.5894,347.4428,358.6667,0.302401,-0.0747669,-0.9502429,0,0,0,0.8597304,-0.06325717,-2.590722,-0.03899348,0.0714295,0.9139497,0.9750751,-0.02301824,0.2206777,0.05450363,0.9889774,-0.1376696,-0.2150764,0.146266,0.9655819,moving,-5.841892657005334,2.3666755725685356,-2.4430312820955327,4.468852623493986,-0.23069759999999995,0.20521943,0.864055,-0.10169776814647097,0.04108043690210006,0.993966758749647,-5.918129666300868,2.4929639207942196,3.9954844492093,3.9964242766867697,3.9975548708383104
05/17/2023 16:15:51.797488,2684,True,True,True,True,Eyes,1.096018,-0.2691529,-3.438963,-0.308227,0.1900883,0.932128,0.0,0.0,0.0,0.0,0.0,0.0,0.0,-0.317817,-0.2783524,3.608366,1.090703,-0.2683341,-3.45502,-0.07274403,-0.1084344,-0.01993387,0.9912382,351.4579,347.6169,358.6243,0.3024425,-0.07472997,-0.9502326,0,0,0,0.863067,-0.06101082,-2.590588,-0.03869124,0.07145175,0.9140245,0.9756893,-0.02374252,0.2178687,0.05529433,0.988622,-0.1398903,-0.2120684,0.1485364,0.9659006,moving,-5.868706317851058,2.3325590863717074,-2.423919784607544,4.469874668343838,-0.22763599999999995,0.20732328000000003,0.8644320000000003,-0.10216540348229176,0.04048662892907433,0.993943216144237,-5.9447071430237965,2.458534861328541,4.053015782136671,4.053969925462785,4.054803502325116
05/17/2023 16:15:51.817756,2685,True,True,True,True,Eyes,1.096084,-0.2690413,-3.43915,-0.3057299,0.1918427,0.9325908,0.0,0.0,0.0,0.0,0.0,0.0,0.0,-0.3295068,-0.2862709,3.606905,1.091018,-0.2681462,-3.455151,-0.07373607,-0.1068442,-0.02033173,0.9913295,351.3419,347.8047,358.5768,0.3024799,-0.07469334,-0.9502237,0,0,0,0.8665488,-0.05866667,-2.590448,-0.03853457,0.07178592,0.9139701,0.9763419,-0.02455435,0.2148339,0.05606742,0.9882993,-0.1418488,-0.2088372,0.1505381,0.9662946,moving,-5.90840299204827,2.314451271713515,-2.4142599143100414,4.490960541832594,-0.22446920000000004,0.20947953,0.864703,-0.102855334149101,0.04016962762376074,0.99388489011333,-5.984285205711914,2.4403564345064996,4.115600803306975,4.116579702935468,4.117044787979805
05/17/2023 16:15:51.827429,2686,True,True,True,True,Eyes,1.096141,-0.2689251,-3.439341,-0.3031553,0.19361,0.9330659,0.0,0.0,0.0,0.0,0.0,0.0,0.0,-0.340216,-0.2947954,3.605519,1.09129,-0.267997,-3.455385,-0.07481796,-0.105377,-0.02072529,0.9913973,351.2156,347.9783,358.5316,0.3025138,-0.0746569,-0.9502158,0,0,0,0.8701457,-0.05624502,-2.590303,-0.03797174,0.07206963,0.9140423,0.9769323,-0.02532581,0.2120422,0.05686218,0.9879455,-0.1439807,-0.2058397,0.1527166,0.9665959,moving,-5.929095526102089,2.287152496670347,-2.378850717449617,4.5082818667465485,-0.22114430000000007,0.21175197999999998,0.8650820000000001,-0.1032162301601739,0.03969459018478849,0.9938665358600639,-6.004788551705797,2.4128046953040254,4.186782896317918,4.18779821385641,4.187893235736455
05/17/2023 16:15:51.847427,2687,True,True,True,True,Eyes,1.096208,-0.268805,-3.439532,-0.3005597,0.1954055,0.9335312,0.0,0.0,0.0,0.0,0.0,0.0,0.0,-0.3511563,-0.3035121,3.604001,1.091586,-0.2677932,-3.455572,-0.07588347,-0.1038799,-0.02129477,0.9914623,351.0893,348.157,358.4652,0.3025442,-0.0746205,-0.950209,0,0,0,0.8733013,-0.05412051,-2.590177,-0.03797382,0.07197115,0.914107,0.977511,-0.02646039,0.2092179,0.05799146,0.9875764,-0.146047,-0.2027542,0.1548954,0.9669013,moving,-5.954540424730092,2.2592399518379227,-2.3788126858810155,4.501829490592543,-0.2182847,0.21367269,0.8653949999999999,-0.10365958408508945,0.03920859016415319,0.9938396858409435,-6.030041144497554,2.3846495413692543,4.219772034859637,4.220786265816642,4.220654000792345
05/17/2023 16:15:51.867706,2688,True,True,True,True,Eyes,1.096256,-0.2686808,-3.43973,-0.2979069,0.1972211,0.9339997,0.0,0.0,0.0,0.0,0.0,0.0,0.0,-0.3619494,-0.3131784,3.602323,1.091849,-0.2675987,-3.45573,-0.07709757,-0.1023952,-0.02179717,0.9915122,350.9469,348.3338,358.408,0.3025719,-0.07458402,-0.9502031,0,0,0,0.8766683,-0.05185366,-2.590041,-0.03769358,0.07178895,0.9141623,0.9780802,-0.02743545,0.2064132,0.05901315,0.9871617,-0.1484225,-0.1996912,0.1573502,0.9671423,moving,-5.97387539511707,2.2174400666452385,-2.361134740269495,4.490208935147527,-0.2151807000000001,0.21574504000000003,0.8656890000000002,-0.10399790656558855,0.03848216533865073,0.9938328236347067,-6.049083158298584,2.342416105469783,4.267160244921286,4.268181506077461,4.267783683981463
05/17/2023 16:15:51.877736,2689,True,True,True,True,Eyes,1.096313,-0.2685519,-3.439929,-0.2952445,0.199086,0.9344493,0.0,0.0,0.0,0.0,0.0,0.0,0.0,-0.3717629,-0.3237108,3.600689,1.092149,-0.2674144,-3.455959,-0.07843841,-0.1010444,-0.02227522,0.9915348,350.7902,348.4949,358.3559,0.3025965,-0.07454737,-0.9501982,0,0,0,0.8800982,-0.04954448,-2.589903,-0.0371165,0.0714291,0.9143335,0.9785877,-0.02832179,0.2038725,0.06002484,0.9867024,-0.1510473,-0.1968836,0.1600504,0.9672749,moving,-5.9768175797605485,2.1649030446328474,-2.3245914303316835,4.466959461112856,-0.21205079999999998,0.21786992,0.8660559999999999,-0.1040525482799751,0.037570642847199825,0.993861941337544,-6.0516514757118,2.289254239196455,4.31616795946863,4.317200434451563,4.316639504919399
05/17/2023 16:15:51.897894,2690,True,True,True,True,Eyes,1.096354,-0.2684217,-3.440131,-0.2925275,0.2009735,0.9348996,0.0,0.0,0.0,0.0,0.0,0.0,0.0,-0.3814861,-0.3355846,3.59881,1.092408,-0.2671961,-3.45613,-0.07994091,-0.09969499,-0.02286563,0.991538,350.6138,348.6571,358.2921,0.3026186,-0.07451043,-0.9501941,0,0,0,0.8833582,-0.04734967,-2.589772,-0.03669158,0.07060242,0.914483,0.9790761,-0.02940487,0.2013585,0.0612837,0.9861732,-0.1539697,-0.1940469,0.1630881,0.9673407,moving,-5.977332897552975,2.0928836858196016,-2.297632281318353,4.414748044450906,-0.20904980000000006,0.21984642999999998,0.866358,-0.10406629200821688,0.03632129966094752,0.9939068960910072,-6.051653352827859,2.216365160572195,4.349985494059801,4.351005714199857,4.350351883407624
05/17/2023 16:15:51.917875,2691,True,True,True,True,Eyes,1.096403,-0.2682931,-3.440332,-0.2898206,0.2028894,0.9353288,0.0,0.0,0.0,0.0,0.0,0.0,0.0,-0.3905625,-0.3464155,3.597039,1.092666,-0.2670712,-3.456296,-0.08130022,-0.09843536,-0.02350134,0.9915385,350.4533,348.8095,358.2219,0.3026379,-0.07447317,-0.9501909,0,0,0,0.8866898,-0.04510673,-2.589638,-0.03606094,0.07017189,0.9146402,0.9795163,-0.03059934,0.1990262,0.0626106,0.9856759,-0.1565979,-0.1913836,0.1658513,0.9674015,moving,-5.969694814173399,2.037837591090879,-2.2577950349909313,4.387181379600813,-0.20597619999999994,0.22196447000000002,0.8666580000000002,-0.10393735934110816,0.035366882613969836,0.993954859072346,-6.043620706667116,2.1606242626622114,4.391875524560148,4.392905212647442,4.392041963746745
05/17/2023 16:15:51.927632,2692,True,True,True,True,Eyes,1.096442,-0.2681621,-3.440537,-0.2871194,0.2047694,0.9357521,0.0,0.0,0.0,0.0,0.0,0.0,0.0,-0.398891,-0.3564168,3.595365,1.092875,-0.2670032,-3.456462,-0.08260547,-0.09727626,-0.02388028,0.991536,350.3018,348.948,358.1812,0.3026551,-0.0744357,-0.9501884,0,0,0,0.8900658,-0.04283381,-2.589503,-0.03509142,0.06999977,0.9148062,0.9799341,-0.03128522,0.1968511,0.06342743,0.9852121,-0.1591666,-0.1889605,0.1684586,0.9674273,moving,-5.947812179845257,1.992953141036689,-2.1967548711151323,4.375671145825773,-0.20280920000000002,0.22416939,0.866959,-0.10356055540705295,0.034589592897510055,0.9940215395624469,-6.021412199347506,2.115114691960732,4.442787254798937,4.443846984733358,4.4427603085820975
05/17/2023 16:15:51.947776,2693,True,True,True,True,Eyes,1.096489,-0.2680328,-3.440739,-0.28442,0.206665,0.9361596,0.0,0.0,0.0,0.0,0.0,0.0,0.0,-0.4070463,-0.3654822,3.593777,1.093115,-0.2668467,-3.456645,-0.08378427,-0.09614743,-0.02417403,0.99154,350.1657,349.0822,358.1489,0.3026699,-0.07439794,-0.9501867,0,0,0,0.8934057,-0.04058524,-2.589368,-0.0341097,0.06996183,0.9149798,0.9803426,-0.03182776,0.1947188,0.06405032,0.9847916,-0.1615024,-0.1866172,0.1707994,0.9674718,moving,-5.92225324315892,1.965379730593835,-2.1349512457864144,4.37248219354093,-0.1997093000000001,0.22626146,0.8672770000000001,-0.10311881049684515,0.034112791614570384,0.9940838916646505,-5.995649862424707,2.0871119190288674,4.4864196069899664,4.4875158703260025,4.486414058035233
05/17/2023 16:15:51.967635,2694,True,True,True,True,Eyes,1.096522,-0.2679034,-3.440943,-0.2816684,0.2084864,0.9365876,0.0,0.0,0.0,0.0,0.0,0.0,0.0,-0.4164454,-0.3739906,3.592039,1.093311,-0.2664623,-3.456835,-0.08487434,-0.09484328,-0.02436436,0.9915683,350.0413,349.2359,358.1255,0.3026829,-0.07435999,-0.9501855,0,0,0,0.8969384,-0.03820682,-2.589226,-0.03318597,0.07002228,0.9150976,0.9808223,-0.03221833,0.192223,0.06441735,0.9844055,-0.1636958,-0.1839513,0.172939,0.9676021,moving,-5.912460285125174,1.9458978905907907,-2.0769184950005237,4.375684370514873,-0.1963725999999999,0.22825547999999998,0.8676089999999999,-0.10295008353835555,0.033775373220973126,0.994112922901875,-5.985715382937741,2.067357645348773,4.539257767527669,4.54040121154667,4.53950056517936
05/17/2023 16:15:51.978240,2695,True,True,True,True,Eyes,1.096564,-0.2677722,-3.441143,-0.2789176,0.2103075,0.9370036,0.0,0.0,0.0,0.0,0.0,0.0,0.0,-0.4262663,-0.3806253,3.59041,1.093641,-0.2663631,-3.456967,-0.08576301,-0.09350801,-0.02444888,0.9916165,349.9411,349.3923,358.1115,0.302694,-0.07432187,-0.9501851,0,0,0,0.9003021,-0.03594224,-2.589091,-0.03261827,0.07063302,0.9152212,0.981317,-0.03244878,0.1896418,0.06452689,0.9840939,-0.1655157,-0.1812546,0.1746604,0.9678019,moving,-5.905892363718322,1.9516659396020546,-2.041144288629566,4.413105573465959,-0.1933389000000001,0.23042086,0.8678760000000003,-0.10283577693648607,0.033875854856619855,0.994121344705249,-5.979186853976312,2.073170927520873,4.580836355147297,4.582026053511515,4.580772139473534
05/17/2023 16:15:51.997860,2696,True,True,True,True,Eyes,1.096604,-0.267638,-3.441341,-0.2761488,0.2120437,0.9374323,0.0,0.0,0.0,0.0,0.0,0.0,0.0,-0.4361141,-0.3878997,3.58855,1.093883,-0.2665214,-3.456985,-0.08678875,-0.09215832,-0.02450004,0.9916524,349.8257,349.55,358.1023,0.3027034,-0.07428354,-0.9501851,0,0,0,0.9037538,-0.03361839,-2.588952,-0.0319144,0.07134153,0.9152948,0.9818132,-0.03259444,0.1870307,0.06458766,0.9837349,-0.1676128,-0.1785254,0.1766443,0.9679491,moving,-5.898559941252868,1.9376660153586682,-1.9969740126946351,4.456838358249571,-0.1901291999999999,0.23290301000000002,0.868033,-0.10270939450607161,0.03363338681875076,0.9941426372033927,-5.971752654030392,2.058974124462698,4.642958635692585,4.64420090554985,4.642048915219791
05/17/2023 16:15:52.017787,2697,True,True,True,True,Eyes,1.096653,-0.2675007,-3.441535,-0.2733828,0.2137746,0.9378498,0.0,0.0,0.0,0.0,0.0,0.0,0.0,-0.4459061,-0.3932139,3.586901,1.09413,-0.2663305,-3.457059,-0.0874884,-0.09082057,-0.02455393,0.9917129,349.7475,349.7064,358.0893,0.3027114,-0.07424495,-0.9501855,0,0,0,0.9071624,-0.03132347,-2.588815,-0.0312359,0.07225823,0.9153333,0.9822975,-0.03280942,0.1844322,0.06459239,0.9834858,-0.1690667,-0.1758395,0.1779868,0.9681948,moving,-5.891602744734115,1.960304038466392,-1.9544694944432672,4.513682068011423,-0.1869676,0.23500703000000003,0.8682440000000002,-0.10258731144381165,0.034026608444403125,0.9941418489076606,-5.964955048285075,2.081860100843827,4.691317206240152,4.692628004893319,4.690176164876188
05/17/2023 16:15:52.027375,2698,True,True,True,True,Eyes,1.0967,-0.2673603,-3.441725,-0.2705995,0.2154737,0.9382681,0.0,0.0,0.0,0.0,0.0,0.0,0.0,-0.455742,-0.3995308,3.585116,1.094368,-0.2661362,-3.457153,-0.08833043,-0.08947145,-0.02460146,0.9917598,349.6531,349.8641,358.0781,0.3027184,-0.07420604,-0.9501864,0,0,0,0.9104069,-0.02913916,-2.588685,-0.03071207,0.07279038,0.9154264,0.9827793,-0.03299136,0.1818145,0.06460357,0.983185,-0.1708029,-0.1731223,0.1796074,0.9683852,moving,-5.884145798232096,1.9650804503840198,-1.9215222841548893,4.546323996325575,-0.1839611,0.23699704,0.868468,-0.10245763607467001,0.03410994323555286,0.9941523911614395,-5.957530187230235,2.0866664174089586,4.727829897945313,4.729186331472098,4.726444244800588
05/17/2023 16:15:52.047505,2699,True,True,True,True,Eyes,1.096756,-0.2672307,-3.44191,-0.2678247,0.2171714,0.9386727,0.0,0.0,0.0,0.0,0.0,0.0,0.0,-0.46627,-0.4080365,3.582896,1.094588,-0.2659381,-3.457195,-0.08948004,-0.08801774,-0.02465983,0.9917854,349.5236,350.0341,358.0673,0.3027245,-0.07416677,-0.9501875,0,0,0,0.9136973,-0.02692389,-2.588553,-0.03030553,0.07279398,0.9155173,0.9832895,-0.03316285,0.1790025,0.06466618,0.9827704,-0.173149,-0.1701763,0.181831,0.9684924,moving,-5.888007730298316,1.934566050901842,-1.895917390449106,4.546098375675612,-0.18089069999999985,0.23901421,0.8686419999999999,-0.10252647978866851,0.03358023470077766,0.9941632730155163,-5.961175541250578,2.0557971545308957,4.769039343213827,4.770417839650492,4.767381252290682
05/17/2023 16:15:52.067584,2700,True,True,True,True,Eyes,1.096842,-0.2671078,-3.44209,-0.2650587,0.2187732,0.9390858,0.0,0.0,0.0,0.0,0.0,0.0,0.0,-0.4757433,-0.4141548,3.581067,1.094819,-0.2660848,-3.457235,-0.0903685,-0.08672108,-0.02459931,0.9918206,349.4248,350.1847,358.0691,0.30273,-0.07412747,-0.9501889,0,0,0,0.9170455,-0.02466969,-2.588418,-0.02956069,0.07368287,0.9156548,0.9837487,-0.0331225,0.1764695,0.06446992,0.9824568,-0.1749921,-0.1675775,0.1835252,0.968626,moving,-5.873644363123161,1.9307184525255643,-1.849075363523654,4.600685998018162,-0.17777350000000003,0.24141511000000002,0.868817,-0.1022774802560986,0.03351433763694907,0.994191165445957,-5.946780931082246,2.0518492406249074,4.828244050240691,4.829687601338326,4.8257392940605115
05/17/2023 16:15:52.087502,2701,True,True,True,True,Eyes,1.096936,-0.2669815,-3.442266,-0.2623107,0.2203391,0.9394912,0.0,0.0,0.0,0.0,0.0,0.0,0.0,-0.4854565,-0.4144276,3.579962,1.095025,-0.2660946,-3.457407,-0.09041757,-0.08540347,-0.02450542,0.9919327,349.4227,350.3372,358.0662,0.3027357,-0.07408834,-0.9501901,0,0,0,0.9204664,-0.02236658,-2.58828,-0.02878059,0.07600538,0.9157777,0.9842114,-0.0331715,0.1738604,0.06405941,0.9824483,-0.1751906,-0.1649976,0.183562,0.9690618,moving,-5.8659134977123815,2.0208238661821745,-1.8000697765309766,4.744415233569095,-0.1745585999999999,0.24372802000000002,0.8691269999999998,-0.10213784741975067,0.03507830187829973,0.9941515528643177,-5.939690568136566,2.143016268272398,4.892186544224755,4.893775138027371,4.889144799956329
05/17/2023 16:15:52.097972,2702,True,True,True,True,Eyes,1.09706,-0.2668491,-3.442441,-0.2595459,0.2218789,0.9398967,0.0,0.0,0.0,0.0,0.0,0.0,0.0,-0.4942805,-0.4173163,3.57856,1.095297,-0.2658972,-3.457482,-0.09082329,-0.0842124,-0.0243537,0.9920012,349.3799,350.4744,358.0747,0.3027419,-0.07404924,-0.9501912,0,0,0,0.9237828,-0.02013381,-2.588147,-0.02790193,0.07742371,0.9158529,0.9846304,-0.03302091,0.1715014,0.0636147,0.982316,-0.1760919,-0.1626538,0.1842954,0.9693188,moving,-5.840272929672811,2.070168027616377,-1.7450056730443795,4.832139975187328,-0.17151419999999995,0.24576339,0.869335,-0.10168985045198403,0.03593613142896565,0.9941669356380163,-5.914395085080483,2.192861692822829,4.937904048861558,4.939605545221383,4.93453117539647
05/17/2023 16:15:52.117708,2703,True,True,True,True,Eyes,1.097189,-0.2667155,-3.442611,-0.2567771,0.2234127,0.9402937,0.0,0.0,0.0,0.0,0.0,0.0,0.0,-0.5024486,-0.423625,3.576933,1.095568,-0.2656016,-3.45768,-0.09154597,-0.08308277,-0.02486468,0.9920174,349.2944,350.6116,358.01,0.3027492,-0.07401001,-0.9501919,0,0,0,0.9273738,-0.01771613,-2.588003,-0.02680577,0.07820153,0.9161007,0.9849581,-0.0341206,0.1693916,0.06454416,0.9820022,-0.1774987,-0.1602866,0.185762,0.9694332,moving,-5.815484396695101,2.0689962144308254,-1.676037780602294,4.87913791051412,-0.16819420000000007,0.24788547,0.8696769999999998,-0.10125978268092864,0.03591737935876253,0.994211423258051,-5.889591628387871,2.1915829377647214,5.0013907931902715,5.003190446060203,4.997698246166795
05/17/2023 16:15:52.127935,2704,True,True,True,True,Eyes,1.09733,-0.266585,-3.442776,-0.253936,0.2249586,0.9406966,0.0,0.0,0.0,0.0,0.0,0.0,0.0,-0.512423,-0.4293786,3.574952,1.095799,-0.2654474,-3.457743,-0.09223989,-0.08170447,-0.02525297,0.9920579,349.214,350.7766,357.9563,0.3027579,-0.07397062,-0.9501922,0,0,0,0.9312733,-0.01509077,-2.587846,-0.02581704,0.07943961,0.9162375,0.9853733,-0.03503198,0.1667698,0.06517763,0.9817082,-0.1788881,-0.1574525,0.1871412,0.9696324,moving,-5.813373114591164,2.074523938406442,-1.6140096234835806,4.955265978224048,-0.1645257,0.25035663,0.8698969999999999,-0.10122279700868758,0.03601343398005602,0.9942117153806936,-5.887519205676135,2.197169663135761,5.090550976960119,5.092477631803577,5.086253968530786
05/17/2023 16:15:52.147586,2705,True,True,True,True,Eyes,1.097473,-0.2664663,-3.442944,-0.2511091,0.2264778,0.9410909,0.0,0.0,0.0,0.0,0.0,0.0,0.0,-0.523025,-0.4359127,3.572736,1.09595,-0.265394,-3.457813,-0.09308019,-0.08022686,-0.02554472,0.9920925,349.118,350.9523,357.9137,0.3027679,-0.07393119,-0.9501921,0,0,0,0.933885,-0.01333251,-2.587741,-0.02613884,0.07960416,0.916409,0.9858222,-0.03575039,0.1639403,0.0656205,0.9813671,-0.1805895,-0.1544295,0.188787,0.9697995,moving,-5.821407256152775,2.063913874381759,-1.6338111760527283,4.964554363856248,-0.16206500000000001,0.25206149,0.870072,-0.10136288469819947,0.03582881280147805,0.9942041630557359,-5.8954798143581035,2.186461249828234,5.0921821760176496,5.094082466867619,5.087201679993183
05/17/2023 16:15:52.167455,2706,True,True,True,True,Eyes,1.097629,-0.2663495,-3.44311,-0.2482574,0.2279846,0.9414836,0.0,0.0,0.0,0.0,0.0,0.0,0.0,-0.5319,-0.4393235,3.571274,1.096111,-0.2655641,-3.458025,-0.09354206,-0.07900008,-0.02568457,0.9921438,349.0663,351.097,357.8879,0.3027792,-0.07389203,-0.9501916,0,0,0,0.937335,-0.01100979,-2.587602,-0.02516684,0.08129442,0.9167337,0.9861986,-0.03618591,0.1615641,0.06574523,0.9811804,-0.1815562,-0.1519537,0.1896725,0.9700177,moving,-5.798954435057244,2.099060352497799,-1.572530425709788,5.067638475248157,-0.15877600000000003,0.25455431,0.8704230000000002,-0.1009710405462746,0.03644013245600006,0.9942218310208603,-5.873271677707718,2.221949085570956,5.162753752074822,5.164795831168998,5.156968433019357
05/17/2023 16:15:52.177868,2707,True,True,True,True,Eyes,1.09779,-0.2662339,-3.443277,-0.2454072,0.2294556,0.9418734,0.0,0.0,0.0,0.0,0.0,0.0,0.0,-0.5411462,-0.4422356,3.569715,1.096309,-0.2654856,-3.458164,-0.09391835,-0.07773122,-0.02574663,0.9922068,349.0253,351.2457,357.8698,0.3027921,-0.07385316,-0.9501905,0,0,0,0.9406494,-0.008778321,-2.587469,-0.02442344,0.08282368,0.9169418,0.9865899,-0.03649119,0.1590871,0.06569275,0.9810329,-0.1823702,-0.1494147,0.1903755,0.9702744,moving,-5.780591220846734,2.1434939710720124,-1.5257557702309925,5.161292050969703,-0.1556596,0.256707279,0.870695,-0.10064952165100195,0.037212371528786356,0.9942258199259302,-5.855220458951703,2.266851767189806,5.214217512562297,5.216390510961641,5.207883355764352
05/17/2023 16:15:52.197504,2708,True,True,True,True,Eyes,1.097961,-0.2661168,-3.443446,-0.2424874,0.2309399,0.9422668,0.0,0.0,0.0,0.0,0.0,0.0,0.0,-0.5513487,-0.4449592,3.568063,1.096534,-0.2653991,-3.458355,-0.09424294,-0.07632983,-0.02590269,0.9922808,348.9897,351.4109,357.8387,0.3028065,-0.07381459,-0.9501889,0,0,0,0.9440043,-0.006519661,-2.587334,-0.02393469,0.08443451,0.917202,0.9870056,-0.03701838,0.1563635,0.06579258,0.9808946,-0.1830766,-0.146599,0.1909852,0.970584,moving,-5.77500162855099,2.1927138539514988,-1.4948131006032959,5.259631414114119,-0.15252969999999988,0.258879439,0.8710210000000003,-0.10054929078894172,0.038066834758199775,0.9942036286225988,-5.849980377641349,2.316646440413661,5.263248166538792,5.265548134392932,5.256295517416209
05/17/2023 16:15:52.217688,2709,True,True,True,True,Eyes,1.098132,-0.266003,-3.443613,-0.2395764,0.2324142,0.9426488,0.0,0.0,0.0,0.0,0.0,0.0,0.0,-0.5612747,-0.4483417,3.566348,1.096725,-0.2652447,-3.458572,-0.09465387,-0.07495904,-0.02604718,0.9923424,348.9443,351.5724,357.8099,0.3028225,-0.07377622,-0.9501868,0,0,0,0.9473485,-0.004268172,-2.5872,-0.0233528,0.08581269,0.9174973,0.9874054,-0.0375051,0.153701,0.06588575,0.9807244,-0.1839531,-0.1438391,0.191763,0.9708436,moving,-5.765955977699904,2.231841432696942,-1.4580185155955385,5.343278002495815,-0.1493764999999999,0.260976528,0.871372,-0.1003896978241594,0.03874639764775517,0.994193440523591,-5.841211352914505,2.3562137299709587,5.3116454922677665,5.314072139638676,5.30423721352267
05/17/2023 16:15:52.227850,2710,True,True,True,True,Eyes,1.098311,-0.2658884,-3.443778,-0.2366316,0.2339542,0.9430116,0.0,0.0,0.0,0.0,0.0,0.0,0.0,-0.5713843,-0.4529107,3.564322,1.096869,-0.265224,-3.45869,-0.095343,-0.07356367,-0.02581874,0.9923868,348.8702,351.7329,357.8262,0.3028399,-0.07373815,-0.9501843,0,0,0,0.9507961,-0.001947079,-2.587061,-0.02254052,0.08697379,0.9177782,0.9878436,-0.03721679,0.1509305,0.06527191,0.9804862,-0.1854356,-0.141084,0.1930329,0.9709962,moving,-5.751226325195925,2.250751330617752,-1.4068944875875982,5.413501467693592,-0.14607290000000006,0.263276921,0.871629,-0.10013282134920608,0.039075535457211305,0.9942064575168176,-5.8266126463419665,2.3752973750082345,5.371099394188015,5.373658674016298,5.363263252128611
05/17/2023 16:15:52.247374,2711,True,True,True,True,Eyes,1.098492,-0.2657704,-3.443945,-0.2337095,0.2355167,0.9433514,0.0,0.0,0.0,0.0,0.0,0.0,0.0,-0.5815481,-0.458979,3.562032,1.096948,-0.2651049,-3.458808,-0.09632562,-0.07215692,-0.02520245,0.992411,348.7654,351.8904,357.8895,0.3028588,-0.07370031,-0.9501812,0,0,0,0.9540662,0.0002545364,-2.58693,-0.02169486,0.08744192,0.9180883,0.9883165,-0.03612125,0.1480739,0.0639235,0.9801724,-0.1875521,-0.1383634,0.1948263,0.9710295,moving,-5.732044702014125,2.245162333529032,-1.3536743957576625,5.440637494806062,-0.14288180000000006,0.2653594364,0.8718779999999997,-0.09980035357148977,0.03897986555347152,0.9942437174855767,-5.807386085545641,2.369568956231131,5.417785398138605,5.4204416835758655,5.409899239762128
05/17/2023 16:15:52.267708,2712,True,True,True,True,Eyes,1.098678,-0.265647,-3.444116,-0.2307908,0.2371807,0.9436529,0.0,0.0,0.0,0.0,0.0,0.0,0.0,-0.590919,-0.4664223,3.559773,1.097141,-0.2649378,-3.459018,-0.09750191,-0.07087103,-0.02456057,0.9924049,348.6382,352.0336,357.9583,0.302879,-0.07366259,-0.9501776,0,0,0,0.9574779,0.002551483,-2.586793,-0.02056538,0.0875832,0.9185532,0.9887482,-0.03492794,0.1454549,0.06256819,0.9797804,-0.1900415,-0.1358761,0.197004,0.9709414,moving,-5.698477416592176,2.2238124045729264,-1.2825742228718728,5.446633606548686,-0.13966309999999993,0.267489283,0.8722249999999998,-0.09921925700077597,0.03861163160238178,0.9943161239971705,-5.773657658444444,2.347835019909127,5.464125519530595,5.466880053212587,5.456407527470218
05/17/2023 16:15:52.277604,2713,True,True,True,True,Eyes,1.098863,-0.265527,-3.444284,-0.2278813,0.2388411,0.9439412,0.0,0.0,0.0,0.0,0.0,0.0,0.0,-0.6001718,-0.4757372,3.557242,1.097258,-0.2647106,-3.459257,-0.09882437,-0.06957129,-0.02438827,0.9923704,348.4903,352.1838,357.9733,0.3029006,-0.0736248,-0.9501736,0,0,0,0.9608011,0.004788832,-2.586659,-0.01961723,0.08724251,0.9190656,0.9891301,-0.03465372,0.1429013,0.06215507,0.9792779,-0.1927473,-0.1332607,0.1995342,0.9707872,moving,-5.673597168292036,2.176129734572536,-1.2227786962590992,5.422566566504152,-0.1364569000000001,0.26949943200000004,0.872598,-0.09879059833527815,0.03778574981563228,0.9943905680303734,-5.748430788589643,2.299482145325462,5.506203474129115,5.509005098446705,5.498652849801019
05/17/2023 16:15:52.297565,2714,True,True,True,True,Eyes,1.099044,-0.2654006,-3.444457,-0.2249089,0.2405604,0.9442175,0.0,0.0,0.0,0.0,0.0,0.0,0.0,-0.6104752,-0.4812719,3.554895,1.0974,-0.2646946,-3.459369,-0.09970389,-0.06815086,-0.02397195,0.9923912,348.3953,352.345,358.0115,0.3029235,-0.07358707,-0.9501693,0,0,0,0.9641744,0.007059889,-2.586524,-0.01883453,0.08801414,0.9194332,0.9895616,-0.03398928,0.1400448,0.0611689,0.978969,-0.1946231,-0.1304844,0.2011579,0.9708291,moving,-5.657180595247181,2.187101955719748,-1.173536227316254,5.4680638426739385,-0.13322559999999994,0.271754489,0.8728450000000003,-0.0985049655621489,0.03797725802393964,0.9944116382495747,-5.732088110186911,2.310525731615984,5.552953448640018,5.555877763389392,5.545308124135849
05/17/2023 16:15:52.317903,2715,True,True,True,True,Eyes,1.099229,-0.2652752,-3.444635,-0.2219668,0.2423176,0.9444644,0.0,0.0,0.0,0.0,0.0,0.0,0.0,-0.6196007,-0.4879662,3.552651,1.097482,-0.2644473,-3.459616,-0.1007713,-0.06688688,-0.02332339,0.9923847,348.2801,352.4853,358.0797,0.3029473,-0.0735492,-0.9501646,0,0,0,0.9676704,0.009413597,-2.586383,-0.01746333,0.08831285,0.9199364,0.9899643,-0.03281099,0.1374557,0.0597721,0.9786023,-0.1968878,-0.1280543,0.2031279,0.9707426,moving,-5.620461262146722,2.1831868932634686,-1.0875262046451442,5.483525990800258,-0.12981160000000003,0.273860897,0.8732329999999999,-0.09786790104571,0.037911704939844484,0.9944770781736604,-5.695331130078495,2.306425880402346,5.604032740309211,5.6071149795823505,5.5969483955400445
05/17/2023 16:15:52.327733,2716,True,True,True,True,Eyes,1.099441,-0.2651494,-3.44481,-0.2189042,0.2442755,0.9446748,0.0,0.0,0.0,0.0,0.0,0.0,0.0,-0.6281788,-0.4974361,3.550188,1.09776,-0.2643839,-3.4599,-0.1022222,-0.06571376,-0.02282107,0.9923265,348.1193,352.6167,358.1344,0.302972,-0.07351122,-0.9501597,0,0,0,0.971006,0.01165929,-2.586249,-0.01630434,0.08792092,0.9206172,0.9903218,-0.0318571,0.1350846,0.0587267,0.9780596,-0.1998761,-0.1257534,0.2058748,0.9704646,moving,-5.567812916533492,2.1444380392996125,-1.0146152168254499,5.455324768564871,-0.12675400000000003,0.27604319,0.8736510000000002,-0.09695648772887412,0.03724247370338914,0.9945916167315423,-5.6423925140449915,2.2670110384895725,5.626568923096662,5.629705163385681,5.619756858979512
05/17/2023 16:15:52.357951,2717,True,True,True,True,Eyes,1.099666,-0.2650175,-3.444985,-0.2157463,0.2463861,0.9448531,0.0,0.0,0.0,0.0,0.0,0.0,0.0,-0.6379677,-0.5037582,3.547733,1.097971,-0.2642675,-3.46003,-0.1031384,-0.06436316,-0.02267397,0.9923235,348.0175,352.7729,358.1416,0.3029982,-0.07347313,-0.9501542,0,0,0,0.9742636,0.01385244,-2.586118,-0.01565886,0.08837464,0.9210433,0.9906865,-0.03172321,0.1324153,0.05827646,0.9776968,-0.2017745,-0.123061,0.207612,0.9704398,moving,-5.538158870755997,2.168995343515255,-0.9740043313830403,5.480784802680901,-0.12370740000000002,0.27811994,0.8739120000000002,-0.0964401599584163,0.03767065484183532,0.9946256452190905,-5.612905732390884,2.291754592672654,5.635863640986925,5.63910064470563,5.629326770460016
05/17/2023 16:15:52.367667,2718,True,True,True,True,Eyes,1.099889,-0.2648817,-3.445161,-0.2126017,0.2485108,0.9450094,0.0,0.0,0.0,0.0,0.0,0.0,0.0,-0.6488199,-0.5130974,3.544664,1.098134,-0.2640142,-3.460242,-0.1044226,-0.06284106,-0.02269458,0.9922863,347.8726,352.9514,358.1293,0.3030261,-0.07343475,-0.9501483,0,0,0,0.977628,0.01611754,-2.585983,-0.01519603,0.08804213,0.9215981,0.9910719,-0.03191498,0.1294523,0.0581631,0.9771617,-0.204382,-0.119973,0.2100866,0.9702938,moving,-5.530081495711604,2.1491632380674353,-0.9446520033748349,5.457020955053894,-0.12050599999999989,0.28013173999999996,0.8742589999999999,-0.09630117869329378,0.037326880239960086,0.9946520264101028,-5.604684792636931,2.271652234059878,5.650769217947421,5.654032747076966,5.644685951023752
05/17/2023 16:15:52.377798,2719,True,True,True,True,Eyes,1.100109,-0.26475,-3.445339,-0.2094778,0.2506593,0.9451396,0.0,0.0,0.0,0.0,0.0,0.0,0.0,-0.658799,-0.5224193,3.541653,1.098278,-0.26379,-3.460411,-0.1057225,-0.06143972,-0.02266854,0.992237,347.7259,353.1153,358.1237,0.3030556,-0.073396,-0.9501419,0,0,0,0.9816994,0.01885861,-2.585819,-0.01379482,0.08822468,0.9221812,0.9914226,-0.031994,0.1267187,0.05797623,0.9766178,-0.207018,-0.1171324,0.212589,0.9700959,moving,-5.508850917905372,2.1298359244414486,-0.8570181419403456,5.464830567112058,-0.11657860000000009,0.28264861,0.8745920000000003,-0.09593380475190452,0.0369926758426235,0.9947000270922466,-5.583310765072176,2.252011557060083,5.720351313270726,5.723786984347352,5.714897020141458
05/17/2023 16:15:52.397804,2720,True,True,True,True,Eyes,1.100334,-0.2646187,-3.445517,-0.2062803,0.2528799,0.9452513,0.0,0.0,0.0,0.0,0.0,0.0,0.0,-0.6678699,-0.532609,3.538652,1.098398,-0.2637933,-3.460595,-0.107158,-0.0601557,-0.02272228,0.9921604,347.5628,353.2666,358.1106,0.3030862,-0.07335705,-0.9501351,0,0,0,0.9844401,0.02070382,-2.585709,-0.01348095,0.08742192,0.9227821,0.99173,-0.03219597,0.124238,0.05798062,0.9760017,-0.209902,-0.1144985,0.2153696,0.969797,moving,-5.471080704116116,2.097912338110199,-0.8369761358187346,5.411897330219842,-0.11395789999999995,0.28449712,0.874886,-0.09527999324186606,0.036440748945623075,0.9947832029381586,-5.545302894291318,2.219560263216736,5.693769525606236,5.697141535703902,5.688528528003611
05/17/2023 16:15:52.417642,2721,True,True,True,True,Eyes,1.100564,-0.2644894,-3.445695,-0.2030953,0.2550861,0.9453483,0.0,0.0,0.0,0.0,0.0,0.0,0.0,-0.6773413,-0.5389266,3.536124,1.098603,-0.2637191,-3.46077,-0.1080011,-0.05883333,-0.02289944,0.9921442,347.4671,353.4238,358.0785,0.3031181,-0.07331792,-0.950128,0,0,0,0.9877211,0.02291276,-2.585577,-0.0128789,0.08799684,0.9233127,0.9920285,-0.03273096,0.1216886,0.05814721,0.9756228,-0.2116108,-0.111796,0.2169998,0.9697489,moving,-5.442825167024825,2.1307401641314883,-0.7991428732126796,5.444163080514066,-0.11088189999999998,0.28663185999999996,0.8751930000000003,-0.09478741879715852,0.03701245970876449,0.9948092534110594,-5.517273969752763,2.252679670346061,5.7011199929859835,5.704608371191983,5.696167782072095
05/17/2023 16:15:52.427450,2722,True,True,True,True,Eyes,1.100805,-0.2643618,-3.445872,-0.1998919,0.2573069,0.9454292,0.0,0.0,0.0,0.0,0.0,0.0,0.0,-0.6870583,-0.5464754,3.533336,1.098907,-0.2636481,-3.460931,-0.1089656,-0.05747733,-0.02329057,0.9921092,347.3562,353.5878,358.0215,0.3031512,-0.07327867,-0.9501204,0,0,0,0.9909647,0.02509643,-2.585447,-0.0125488,0.08828807,0.9238753,0.9923078,-0.03368745,0.1191233,0.05873967,0.9751681,-0.2135342,-0.1089718,0.2188889,0.9696457,moving,-5.420550916463089,2.1469044345288295,-0.7781884272300841,5.458765958822296,-0.10794230000000005,0.28874453,0.8754840000000002,-0.09439967801314017,0.03729449295585659,0.9948355674542607,-5.495109086936909,2.26895622549414,5.699084889471544,5.7026271347102035,5.6942274844621465
05/17/2023 16:15:52.447880,2723,True,True,True,True,Eyes,1.101045,-0.2642361,-3.446051,-0.1966948,0.2594896,0.9455032,0.0,0.0,0.0,0.0,0.0,0.0,0.0,-0.6969509,-0.5523664,3.530672,1.099049,-0.263575,-3.461085,-0.1096932,-0.05607747,-0.02368989,0.9920997,347.2728,353.7571,357.9612,0.3031857,-0.07323936,-0.9501124,0,0,0,0.9945115,0.02748438,-2.585304,-0.01186453,0.08923884,0.9244091,0.9925882,-0.03470282,0.1164661,0.05930809,0.9748124,-0.2149962,-0.1060716,0.22031,0.9696455,moving,-5.404756734932412,2.187970004184213,-0.7353347900488806,5.514024088680943,-0.10453749999999995,0.29105938,0.8757810000000004,-0.09412290420372954,0.038008511953974214,0.9948347752208606,-5.479603563600975,2.3104597081980955,5.729180371949236,5.732899534472698,5.724588276513861
05/17/2023 16:15:52.467578,2724,True,True,True,True,Eyes,1.101308,-0.264109,-3.446227,-0.1934792,0.2616651,0.9455671,0.0,0.0,0.0,0.0,0.0,0.0,0.0,-0.7072884,-0.5577654,3.528012,1.099241,-0.263499,-3.46128,-0.1103593,-0.0546234,-0.02404721,0.9920983,347.1969,353.9323,357.9044,0.3032214,-0.07320005,-0.9501041,0,0,0,0.9977075,0.02963608,-2.585176,-0.01165717,0.09004414,0.9249611,0.992876,-0.035658,0.1136912,0.05977079,0.9744852,-0.2163473,-0.1030759,0.2216015,0.9696743,moving,-5.393744754360108,2.2365857742282986,-0.7220533746548794,5.560173012105184,-0.10153349999999994,0.29313508,0.8761039999999998,-0.09392864419463728,0.038853336074124736,0.9948204833379378,-5.468935349434326,2.359622666283308,5.7294839429026645,5.733317754580697,5.725068645756709
05/17/2023 16:15:52.477937,2725,True,True,True,True,Eyes,1.10157,-0.263984,-3.446408,-0.1902808,0.2638052,0.9456215,0.0,0.0,0.0,0.0,0.0,0.0,0.0,-0.7172569,-0.5631319,3.525326,1.099369,-0.2633394,-3.461436,-0.111036,-0.05321552,-0.0243058,0.9920931,347.1204,354.1009,357.8596,0.3032588,-0.07316069,-0.9500952,0,0,0,1.001236,0.03201166,-2.585034,-0.01094551,0.09100868,0.9254951,0.9931546,-0.03640955,0.1109871,0.06004489,0.9741605,-0.2177291,-0.1001918,0.2229028,0.9696783,moving,-5.376805665775086,2.283780102652382,-0.6775857496864153,5.616132023838408,-0.09813300000000003,0.29535106,0.8764020000000001,-0.09363150828977576,0.039673868627211895,0.9948161199244121,-5.452328320503545,2.4073247996626637,5.756799557244881,5.760836497106702,5.75279153276875
05/17/2023 16:15:52.497837,2726,True,True,True,True,Eyes,1.101844,-0.2638603,-3.446588,-0.1870853,0.2659434,0.9456602,0.0,0.0,0.0,0.0,0.0,0.0,0.0,-0.7268915,-0.5684516,3.522808,1.099585,-0.2632731,-3.461688,-0.1117277,-0.0518664,-0.02451563,0.9920816,347.0424,354.262,357.821,0.3032977,-0.07312133,-0.9500858,0,0,0,1.004447,0.03417369,-2.584904,-0.01049877,0.09179187,0.9261423,0.9934177,-0.03705319,0.1083896,0.06023284,0.9738318,-0.2191429,-0.09743326,0.224229,0.9696536,moving,-5.352601385424338,2.330160045159615,-0.6494784292032111,5.660217148330182,-0.09513799999999994,0.29744678999999996,0.8767840000000002,-0.09320822769605186,0.040480757332521655,0.994823376242857,-5.428448367522307,2.4541755040657907,5.758511625037274,5.7626943222516065,5.7547594820387715
05/17/2023 16:15:52.518353,2727,True,True,True,True,Eyes,1.102114,-0.2637399,-3.446767,-0.1839205,0.2680328,0.9456911,0.0,0.0,0.0,0.0,0.0,0.0,0.0,-0.7360215,-0.5734495,3.520303,1.099697,-0.2631867,-3.461865,-0.1123652,-0.05057311,-0.02475818,0.9920703,346.9705,354.4171,357.7789,0.3033382,-0.07308201,-0.9500759,0,0,0,1.007748,0.03639609,-2.584772,-0.00978598,0.09273854,0.9267147,0.9936588,-0.0377584,0.1059081,0.06048902,0.9735222,-0.2204442,-0.09478024,0.2254526,0.9696329,moving,-5.324577920968339,2.3794599980769084,-0.605013077505496,5.714698773096298,-0.09194899999999984,0.29958279,0.8770929999999999,-0.09271838600393273,0.041338632796836264,0.9948338590692487,-5.400769041477128,2.5039672681732945,5.7747203838369305,5.779109792869771,5.7713145870481375
05/17/2023 16:15:52.529716,2728,True,True,True,True,Eyes,1.102397,-0.263619,-3.446944,-0.1807302,0.2701135,0.9457142,0.0,0.0,0.0,0.0,0.0,0.0,0.0,-0.7443742,-0.5773281,3.518095,1.099845,-0.2631482,-3.462006,-0.1128681,-0.04940021,-0.02493136,0.9920681,346.9143,354.5572,357.7455,0.30338,-0.07304281,-0.9500656,0,0,0,1.011156,0.03869008,-2.584635,-0.008776709,0.09407417,0.9272678,0.9938761,-0.0383158,0.1036446,0.06061863,0.9732785,-0.2214824,-0.09238882,0.2264089,0.9696409,moving,-5.280858242208502,2.4450796241623407,-0.5422957288284006,5.793012001273425,-0.08868900000000002,0.30183828,0.8773710000000001,-0.09195484160169279,0.04248098942805341,0.9948566373096933,-5.3575057198315434,2.570217486248704,5.7972664106230845,5.801950180320392,5.7941912070219015
05/17/2023 16:15:52.551263,2729,True,True,True,True,Eyes,1.102677,-0.2635015,-3.447125,-0.1775753,0.2721462,0.9457291,0.0,0.0,0.0,0.0,0.0,0.0,0.0,-0.7524107,-0.5821843,3.515752,1.099947,-0.2630215,-3.462154,-0.1134691,-0.04825582,-0.02521567,0.9920487,346.8461,354.6956,357.7,0.3034234,-0.07300371,-0.9500547,0,0,0,1.014757,0.04111437,-2.58449,-0.007516794,0.09526663,0.9278564,0.9940711,-0.03907925,0.1014666,0.06098143,0.9729778,-0.2227001,-0.09002183,0.2275673,0.9695923,moving,-5.237456941003091,2.4949253096729986,-0.46415711542810706,5.862238638362332,-0.0851900000000001,0.30413587000000003,0.8776639999999998,-0.09119781098601079,0.04334950090104073,0.9948888641322359,-5.314448374552926,2.620504043596868,5.836494492007052,5.841505822851075,5.833881082199211
05/17/2023 16:15:52.567506,2730,True,True,True,True,Eyes,1.10297,-0.2633867,-3.447306,-0.174452,0.2741562,0.9457299,0.0,0.0,0.0,0.0,0.0,0.0,0.0,-0.7603455,-0.5859639,3.513711,1.100148,-0.2629889,-3.462392,-0.1139538,-0.04714629,-0.02539297,0.9920419,346.7919,354.8284,357.6666,0.303468,-0.07296479,-0.9500434,0,0,0,1.017977,0.04328264,-2.584361,-0.00662528,0.0964845,0.9285147,0.9942649,-0.03963679,0.09932943,0.06112678,0.9727395,-0.2236994,-0.08775493,0.2284882,0.9695835,moving,-5.190577547400686,2.5586645253433127,-0.40881866496548797,5.932469519375229,-0.082171,0.30627154,0.878031,-0.0903793534915541,0.044459580176752944,0.9949146115367922,-5.268011091546021,2.68483926895604,5.846860815217505,5.852160126611592,5.844557577950226
05/17/2023 16:15:52.577869,2731,True,True,True,True,Eyes,1.10326,-0.2632692,-3.447491,-0.1713633,0.2761275,0.945721,0.0,0.0,0.0,0.0,0.0,0.0,0.0,-0.7686517,-0.5882928,3.511735,1.100251,-0.2629378,-3.462588,-0.1142896,-0.04598546,-0.02535088,0.9920589,346.7562,354.9641,357.6574,0.3035142,-0.07292608,-0.9500316,0,0,0,1.021382,0.04557476,-2.584224,-0.005476728,0.09812704,0.9291203,0.9944854,-0.03978781,0.09703525,0.06081045,0.9725904,-0.2244324,-0.0854459,0.2290955,0.9696465,moving,-5.148135951058436,2.6407409525080476,-0.3377278116892106,6.028821370357642,-0.07886900000000008,0.30851256,0.8783640000000004,-0.0896365467348057,0.04588784192397906,0.9949168719733119,-5.22614354601284,2.767750246905794,5.878077316739571,5.8838011000649555,5.876324809248918
05/17/2023 16:15:52.597630,2732,True,True,True,True,Eyes,1.103555,-0.2631499,-3.447675,-0.1682745,0.278107,0.9456956,0.0,0.0,0.0,0.0,0.0,0.0,0.0,-0.7766581,-0.5925657,3.50955,1.100418,-0.2627651,-3.462847,-0.114869,-0.04486527,-0.02536507,0.9920429,346.692,355.0961,357.6431,0.3035617,-0.0728875,-0.9500194,0,0,0,1.024684,0.04779785,-2.584091,-0.004415795,0.09909843,0.9298158,0.9946874,-0.04001921,0.09484386,0.06063372,0.9723234,-0.2256339,-0.08318922,0.230186,0.9695845,moving,-5.101149879170288,2.694564521515663,-0.27210175888253796,6.083536817293107,-0.07573399999999997,0.31056295,0.8787560000000001,-0.08881675252303355,0.046825897319804924,0.9949466812196858,-5.179528846995662,2.822049417633802,5.89351137076404,5.8995626083296795,5.892379882804814
05/17/2023 16:15:52.617652,2733,True,True,True,True,Eyes,1.103848,-0.2630287,-3.447856,-0.1652162,0.2800791,0.9456528,0.0,0.0,0.0,0.0,0.0,0.0,0.0,-0.7844585,-0.5970769,3.50723,1.10052,-0.2626157,-3.463008,-0.1154975,-0.0437661,-0.02535104,0.9920194,346.6222,355.2254,357.6325,0.3036103,-0.07284898,-0.9500068,0,0,0,1.028185,0.05015516,-2.58395,-0.003054716,0.1001678,0.9304613,0.9948837,-0.04018768,0.09268959,0.06040719,0.9720353,-0.2269325,-0.08097766,0.2313706,0.9694897,moving,-5.052849913970093,2.7428106178412066,-0.18810207969777584,6.1444510272679995,-0.07233500000000004,0.31277086,0.8790579999999997,-0.08797447968186092,0.04766725391177444,0.9949815259472439,-5.131560133055693,2.8706986950654834,5.92961518854485,5.936070161824443,5.929184754914512
05/17/2023 16:15:52.627549,2734,True,True,True,True,Eyes,1.104165,-0.2629116,-3.448038,-0.1621626,0.2820768,0.9455876,0.0,0.0,0.0,0.0,0.0,0.0,0.0,-0.7925975,-0.6040461,3.504335,1.100718,-0.262464,-3.463089,-0.1164667,-0.04262256,-0.02538729,0.9919549,346.5131,355.3611,357.6167,0.3036601,-0.07281046,-0.9499938,0,0,0,1.031421,0.05233348,-2.58382,-0.002135649,0.100413,0.9310883,0.9950776,-0.04043788,0.09047284,0.0602943,0.971582,-0.2288952,-0.07864575,0.2332235,0.9692377,moving,-5.009502091664195,2.7527339770402603,-0.1314198230523531,6.155260600431287,-0.06929700000000016,0.31479747999999996,0.8792690000000003,-0.0872209575724932,0.04784276220184895,0.9950394534267444,-5.088271590769761,2.8805799475002227,5.940870302546241,5.947509902659262,5.940868019557766
05/17/2023 16:15:52.647751,2735,True,True,True,True,Eyes,1.104473,-0.2627915,-3.448215,-0.1591387,0.284035,0.9455152,0.0,0.0,0.0,0.0,0.0,0.0,0.0,-0.8001055,-0.6098252,3.50186,1.100764,-0.2624414,-3.463311,-0.1172784,-0.04154816,-0.02543076,0.9919037,346.4219,355.4886,357.6001,0.3037114,-0.07277206,-0.9499804,0,0,0,1.03481,0.05461511,-2.583684,-0.0007978976,0.1011614,0.9318716,0.9952541,-0.04070432,0.08838849,0.06019511,0.9711981,-0.2305444,-0.07645857,0.2347708,0.9690391,moving,-4.960740081195047,2.778368588272287,-0.04905842585140299,6.195609411090899,-0.06595400000000007,0.31705651,0.8796270000000002,-0.08637222534038548,0.04829153223534943,0.9950918385243858,-5.039679464401228,2.906342344722874,5.976502107606567,5.9834899117970695,5.977087600521633
05/17/2023 16:15:52.667601,2736,True,True,True,True,Eyes,1.104772,-0.2626676,-3.448391,-0.1560604,0.2860226,0.9454291,0.0,0.0,0.0,0.0,0.0,0.0,0.0,-0.8083084,-0.6138737,3.499331,1.10083,-0.2622598,-3.463368,-0.1178448,-0.04038873,-0.02540725,0.9918851,346.3595,355.6249,357.5889,0.303764,-0.07273368,-0.9499665,0,0,0,1.038136,0.05685457,-2.58355,0.0003060475,0.102207,0.9324145,0.9954465,-0.04088293,0.08611016,0.05992134,0.9709342,-0.2317246,-0.07413372,0.2358293,0.9689627,moving,-4.918367658676656,2.8350200178635214,0.018806259931400334,6.255525776432829,-0.06269400000000003,0.31911437,0.8798180000000002,-0.08563215815913237,0.04927856817781148,0.9951073889249763,-4.997699802834842,2.9635208659643846,5.998895590910521,6.006292196271293,6.000219113359012
05/17/2023 16:15:52.677654,2737,True,True,True,True,Eyes,1.105066,-0.2625449,-3.448566,-0.1530084,0.2880006,0.9453275,0.0,0.0,0.0,0.0,0.0,0.0,0.0,-0.8164568,-0.6201723,3.496474,1.100943,-0.2620688,-3.463494,-0.1187767,-0.03924315,-0.02521471,0.9918248,346.2556,355.7578,357.5989,0.3038174,-0.07269523,-0.9499523,0,0,0,1.041529,0.0591392,-2.583414,0.001554526,0.1025958,0.9331219,0.9956484,-0.04069481,0.08383449,0.0593395,0.9705126,-0.2336323,-0.07185481,0.2375903,0.9687042,moving,-4.871196749904732,2.8515835876869566,0.09545129799775147,6.274410123141754,-0.05941400000000008,0.321208,0.88008,-0.08481164776206729,0.04956973294163783,0.9951632149085633,-4.950634513207658,2.9801083891870124,6.024153880738089,6.031859938986237,6.026226508221026
05/17/2023 16:15:52.697670,2738,True,True,True,True,Eyes,1.10535,-0.2624324,-3.448734,-0.1498874,0.2899885,0.9452198,0.0,0.0,0.0,0.0,0.0,0.0,0.0,-0.8252373,-0.6266015,3.49339,1.101081,-0.261996,-3.463581,-0.1197353,-0.03800967,-0.02506404,0.9917614,346.1487,355.9016,357.6027,0.3038716,-0.07265675,-0.9499379,0,0,0,1.044968,0.06145426,-2.583276,0.002636377,0.1030758,0.9338499,0.9958541,-0.04061289,0.08139514,0.05881729,0.9700705,-0.2355924,-0.06939095,0.2394031,0.9684374,moving,-4.83068333638761,2.8650610892257693,0.16175284058682168,6.298655010584203,-0.05611300000000008,0.32345026,0.8803049999999999,-0.08410696246131891,0.04980680704814226,0.9952112006806644,-4.910206475592301,2.993597406084807,6.05122222210021,6.0592067300887384,6.05377378781496
05/17/2023 16:15:52.717875,2739,True,True,True,True,Eyes,1.105629,-0.2623197,-3.448907,-0.1468119,0.2919151,0.9451095,0.0,0.0,0.0,0.0,0.0,0.0,0.0,-0.8335615,-0.6298552,3.490849,1.101091,-0.2621438,-3.463589,-0.1203053,-0.03683994,-0.02479943,0.9917431,346.0868,356.0358,357.619,0.3039261,-0.07261854,-0.9499234,0,0,0,1.04829,0.06369116,-2.583142,0.003858101,0.1044501,0.9344617,0.9960557,-0.04032525,0.07903852,0.05805341,0.9698232,-0.2367966,-0.0671045,0.2404511,0.968339,moving,-4.78471100004964,2.921140699012801,0.23655506503964902,6.3778021235861795,-0.0528010000000001,0.32583496,0.8804469999999998,-0.08330430706622852,0.05078430810110589,0.99522935701012,-4.8646218687522635,3.0501837158159195,6.087561231655464,6.096033226660673,6.09057061182137
05/17/2023 16:15:52.727515,2740,True,True,True,True,Eyes,1.105919,-0.2622025,-3.449076,-0.1434314,0.2939329,0.9450032,0.0,0.0,0.0,0.0,0.0,0.0,0.0,-0.8413271,-0.631356,3.488991,1.101209,-0.2620384,-3.463839,-0.1206013,-0.03577058,-0.02445669,0.9917549,346.0566,356.1567,357.6449,0.3039809,-0.07258058,-0.9499088,0,0,0,1.051955,0.06615815,-2.582995,0.005534925,0.1062738,0.9352543,0.9962447,-0.03988212,0.07685031,0.05713803,0.9697143,-0.2374641,-0.06505229,0.2409635,0.9683516,moving,-4.709547221819427,3.0156257350849893,0.33907798141297935,6.482765375848102,-0.04925400000000013,0.32819655000000003,0.8808440000000002,-0.08199165282541868,0.05243117409837447,0.9952529854605973,-4.790111959038581,3.1455310362848814,6.1153150647398515,6.124514162875649,6.11929101141541
05/17/2023 16:15:52.747600,2741,True,True,True,True,Eyes,1.106207,-0.2620835,-3.449247,-0.1400958,0.2959233,0.9448823,0.0,0.0,0.0,0.0,0.0,0.0,0.0,-0.849211,-0.635677,3.486397,1.101314,-0.2618216,-3.463924,-0.1212804,-0.0346721,-0.02416182,0.9917184,345.982,356.2823,357.6659,0.3040361,-0.07254271,-0.949894,0,0,0,1.055025,0.06822493,-2.582871,0.00658825,0.1068816,0.9358737,0.9964281,-0.03951334,0.07463062,0.05633352,0.9694146,-0.2388764,-0.06290919,0.2422274,0.9681779,moving,-4.6394957529321665,3.0636178962189735,0.40333720669669276,6.515245454150777,-0.0462889999999998,0.33004653,0.8810530000000001,-0.08077116857218364,0.05327012210966678,0.9953081462199158,-4.720384167797133,3.1938419103593496,6.101409155615012,6.110965313057621,6.106082395788248
05/17/2023 16:15:52.767666,2742,True,True,True,True,Eyes,1.10647,-0.261964,-3.449416,-0.1365528,0.2979764,0.9447557,0.0,0.0,0.0,0.0,0.0,0.0,0.0,-0.8568277,-0.6412681,3.483755,1.101502,-0.2616667,-3.464124,-0.1220163,-0.0335926,-0.02433246,0.9916611,345.899,356.4125,357.6327,0.3040918,-0.07250487,-0.9498791,0,0,0,1.058405,0.07050072,-2.582736,0.007700369,0.1075975,0.9366968,0.9965589,-0.04006141,0.07256286,0.05645678,0.9690399,-0.2403628,-0.06068704,0.2436323,0.9679671,moving,-4.564541893185849,3.102865493460362,0.4710048181072507,6.552793056034098,-0.04309699999999994,0.33216742,0.8813879999999998,-0.07946610632871803,0.053957571787538655,0.9953761365529291,-4.645690328518157,3.2332840404485927,6.094088660154928,6.103993026586836,6.099156443972679
05/17/2023 16:15:52.777525,2743,True,True,True,True,Eyes,1.106727,-0.2618453,-3.449579,-0.133064,0.3000068,0.944611,0.0,0.0,0.0,0.0,0.0,0.0,0.0,-0.8652632,-0.6446213,3.4811,1.101564,-0.2615659,-3.464162,-0.1224843,-0.03239491,-0.02436831,0.9916422,345.8477,356.5543,357.6125,0.3041471,-0.07246706,-0.9498643,0,0,0,1.061767,0.07276445,-2.5826,0.008731071,0.1089045,0.9373234,0.9967135,-0.04039355,0.07021779,0.05626502,0.9688076,-0.2413423,-0.05827886,0.2445,0.9678963,moving,-4.504432019196662,3.1733891652279738,0.5336888539557896,6.627292000252147,-0.03979700000000008,0.33433035,0.8815620000000002,-0.07841652461439519,0.05518731373187746,0.9953920124924146,-4.586067440511664,3.3044363251098994,6.097950372802911,6.108363670106949,6.103546047386238
05/17/2023 16:15:52.797557,2744,True,True,True,True,Eyes,1.106935,-0.2617272,-3.449747,-0.1294037,0.3020733,0.9444609,0.0,0.0,0.0,0.0,0.0,0.0,0.0,-0.8732058,-0.6500506,3.478145,1.101631,-0.2614849,-3.464185,-0.123316,-0.03127253,-0.02418399,0.9915797,345.755,356.6846,357.6201,0.3042021,-0.07242931,-0.9498495,0,0,0,1.065192,0.0750699,-2.582463,0.01007171,0.1096002,0.9380397,0.9968743,-0.04024789,0.06798296,0.05567351,0.9684166,-0.2430428,-0.05605387,0.246068,0.9676304,moving,-4.420157723165542,3.207373930922575,0.6151597866921598,6.664201153187528,-0.03643900000000011,0.33655480000000004,0.8817219999999999,-0.07694979572012511,0.055784109381025085,0.9954731788725334,-4.502013165845157,3.3385170504003576,6.096889488352168,6.107706350969371,6.102920102517383
05/17/2023 16:15:52.817821,2745,True,True,True,True,Eyes,1.107142,-0.2616144,-3.449909,-0.1258137,0.3040747,0.9443037,0.0,0.0,0.0,0.0,0.0,0.0,0.0,-0.8796045,-0.6522249,3.47631,1.101661,-0.2614392,-3.464365,-0.1236607,-0.03036902,-0.02406091,0.991568,345.7178,356.7894,357.6223,0.3042555,-0.07239167,-0.9498353,0,0,0,1.068512,0.07730511,-2.582329,0.01170115,0.1111433,0.9387993,0.9969975,-0.04020515,0.06617668,0.05522697,0.9682582,-0.2437746,-0.05427512,0.2466974,0.9675715,moving,-4.318119017115564,3.2928742951161163,0.7140949047788343,6.751750286978432,-0.033149000000000095,0.33874431,0.8820359999999998,-0.0751704590666345,0.05727735068983539,0.9955243318488679,-4.400557137562116,3.424670390969338,6.094779376054664,6.106308220421675,6.101567515700399
05/17/2023 16:15:52.827608,2746,True,True,True,True,Eyes,1.107291,-0.2615024,-3.450078,-0.122053,0.30608,0.9441494,0.0,0.0,0.0,0.0,0.0,0.0,0.0,-0.8866587,-0.6538965,3.474298,1.101832,-0.2614579,-3.464404,-0.1239484,-0.02939539,-0.02393356,0.9915645,345.6874,356.9023,357.6237,0.3043076,-0.07235427,-0.9498215,0,0,0,1.071992,0.07964836,-2.582189,0.01320422,0.1129886,0.9394714,0.9971262,-0.04017632,0.06422789,0.05475036,0.9681279,-0.2443985,-0.05236179,0.2472127,0.9675454,moving,-4.214250098831285,3.3854314578145157,0.8052360798283886,6.8579254740358735,-0.029839999999999867,0.34110626,0.882215,-0.07335868584135173,0.05889344001023049,0.9955651945828312,-4.297320734885161,3.5179590895539965,6.091295753697291,6.103560943453308,6.0984802612494065
05/17/2023 16:15:52.847425,2747,True,True,True,True,Eyes,1.107439,-0.2613923,-3.450248,-0.118362,0.3080096,0.9439918,0.0,0.0,0.0,0.0,0.0,0.0,0.0,-0.8937861,-0.6542084,3.472641,1.101902,-0.2614234,-3.464614,-0.1239892,-0.02839171,-0.02394431,0.9915884,345.685,357.0203,357.6077,0.3043569,-0.07231714,-0.9498085,0,0,0,1.075259,0.08184783,-2.582058,0.01448017,0.1150567,0.9402137,0.9972411,-0.04044527,0.06224344,0.05452633,0.9681067,-0.2445328,-0.0503681,0.247252,0.9676412,moving,-4.121347663882079,3.5002362973203134,0.8823388153097756,6.976764096362756,-0.026642999999999972,0.34327123,0.8825560000000001,-0.07173569483587,0.060895364458070755,0.9955630265720666,-4.205212371363777,3.6338057648309983,6.0798008951382725,6.0928748485064315,6.087573201480296
05/17/2023 16:15:52.867554,2748,True,True,True,True,Eyes,1.10753,-0.26128,-3.450418,-0.1145846,0.3099494,0.943823,0.0,0.0,0.0,0.0,0.0,0.0,0.0,-0.9009441,-0.6550635,3.470861,1.101984,-0.2613604,-3.464824,-0.1241071,-0.02738365,-0.02394485,0.9916019,345.6739,357.1388,357.5931,0.3044036,-0.0722803,-0.9497963,0,0,0,1.078684,0.08415344,-2.58192,0.01589804,0.1170581,0.9410034,0.9973536,-0.04069051,0.06025082,0.05428454,0.9680482,-0.2448182,-0.04836391,0.247441,0.9676952,moving,-4.023497719884038,3.607153629002809,0.9679071756497742,7.091002000579392,-0.0233000000000001,0.34551383999999996,0.8829039999999999,-0.07002726147561815,0.0627606789904236,0.9955688807256917,-4.1080989414135916,3.741650956282392,6.07306230346234,6.086979736067446,6.081446416634624
05/17/2023 16:15:52.877889,2749,True,True,True,True,Eyes,1.107621,-0.2611653,-3.450588,-0.1108993,0.3118374,0.9436413,0.0,0.0,0.0,0.0,0.0,0.0,0.0,-0.908671,-0.6569037,3.468549,1.101952,-0.2612614,-3.464893,-0.1244437,-0.02629067,-0.02368697,0.9915954,345.6384,357.2639,357.608,0.3044467,-0.07224368,-0.9497853,0,0,0,1.081955,0.08635563,-2.581789,0.0172487,0.118544,0.9416791,0.9974955,-0.04043236,0.0580348,0.05351919,0.9679054,-0.24555,-0.04624403,0.248041,0.9676452,moving,-3.9339981411803993,3.6885898472262246,1.0493672507852374,7.1749810730756005,-0.019997000000000043,0.34761703,0.8831039999999999,-0.06846583169474912,0.06418262006762274,0.9955868334889435,-4.01915638072651,3.823737884444195,6.06720231816764,6.0818462993995785,6.076245774533929
05/17/2023 16:15:52.897795,2750,True,True,True,True,Eyes,1.107648,-0.2610418,-3.450761,-0.1071814,0.3137966,0.9434214,0.0,0.0,0.0,0.0,0.0,0.0,0.0,-0.9144946,-0.6590832,3.466799,1.101997,-0.2610992,-3.465085,-0.1248436,-0.0254824,-0.023322,0.991575,345.5951,357.3541,357.6397,0.3044865,-0.07220721,-0.9497753,0,0,0,1.085343,0.08863678,-2.581653,0.01922443,0.1199042,0.9424958,0.9976135,-0.03988839,0.05635862,0.05261365,0.9677404,-0.2463949,-0.04471221,0.2487722,0.9675294,moving,-3.8081305377808197,3.768461364626321,1.1685208390576411,7.250214778753888,-0.016653999999999947,0.34973597999999995,0.883432,-0.06627252327778974,0.06558015902022968,0.9956441593545138,-3.8938250020724334,3.9041050839887297,6.05815776446707,6.073686340549463,6.068261324680105
05/17/2023 16:15:52.917815,2751,True,True,True,True,Eyes,1.10768,-0.2609206,-3.450929,-0.1035405,0.3157296,0.9431831,0.0,0.0,0.0,0.0,0.0,0.0,0.0,-0.9202654,-0.6637849,3.464486,1.102026,-0.2608514,-3.465207,-0.1255868,-0.02466939,-0.0229974,0.9915093,345.5121,357.446,357.6673,0.3045217,-0.07217067,-0.9497669,0,0,0,1.088816,0.09097521,-2.581513,0.02128965,0.1205988,0.9433316,0.9977251,-0.03940797,0.05469619,0.05180057,0.9673981,-0.2479062,-0.04314352,0.2501756,0.9672388,moving,-3.6866597099666447,3.8065844353958616,1.2928646262824308,7.285373087838725,-0.013209999999999944,0.35182661000000004,0.8836939999999998,-0.06415869438785397,0.06625179342744057,0.9957381871677481,-3.772593851551341,3.942235009571026,6.058087628191826,6.074342195140312,6.06922085617433
05/17/2023 16:15:52.927752,2752,True,True,True,True,Eyes,1.107659,-0.2607993,-3.451098,-0.09985961,0.3177069,0.9429159,0.0,0.0,0.0,0.0,0.0,0.0,0.0,-0.9268988,-0.6685184,3.461895,1.102143,-0.2608054,-3.465262,-0.1263299,-0.02373966,-0.02280056,0.9914421,345.429,357.5536,357.678,0.3045528,-0.07213414,-0.9497597,0,0,0,1.092212,0.09326138,-2.581376,0.02290576,0.1214344,0.9441634,0.9978331,-0.03921281,0.05283377,0.05120893,0.9670417,-0.2494151,-0.04131221,0.2515802,0.9669544,moving,-3.578937766341805,3.846003294215922,1.3897446001475962,7.3289117172050995,-0.009931000000000134,0.35406678,0.883886,-0.062283599548506235,0.06694479633356228,0.9958108043001498,-3.66512446820054,3.9817278548352624,6.050964198122668,6.067821317572863,6.062618337537983
05/17/2023 16:15:52.948042,2753,True,True,True,True,Eyes,1.107644,-0.2606726,-3.451266,-0.0962573,0.3196564,0.9426316,0.0,0.0,0.0,0.0,0.0,0.0,0.0,-0.9341332,-0.6702513,3.45975,1.102134,-0.2607492,-3.465404,-0.1266748,-0.02272215,-0.02248148,0.9914292,345.3923,357.6689,357.7008,0.304579,-0.07209763,-0.949754,0,0,0,1.095425,0.09542442,-2.581247,0.02434917,0.1228677,0.9449592,0.9979566,-0.03882094,0.05075048,0.05033423,0.9668962,-0.2501566,-0.03935914,0.2521999,0.9668744,moving,-3.4842062021635756,3.9307188568238707,1.4760383663318724,7.408283746997157,-0.006708999999999854,0.35617362,0.8841570000000001,-0.060630965082290725,0.06842406986258345,0.9958122553571231,-3.5709719212231454,4.067114238938097,6.040148098789293,6.057844810215473,6.052745370843698
05/17/2023 16:15:52.967432,2754,True,True,True,True,Eyes,1.107566,-0.2605431,-3.451438,-0.09260792,0.3216777,0.9423095,0.0,0.0,0.0,0.0,0.0,0.0,0.0,-0.9412105,-0.6744457,3.45715,1.102262,-0.2605111,-3.465515,-0.1274062,-0.02174979,-0.02197063,0.9913688,345.3112,357.7767,357.7474,0.304601,-0.07206099,-0.9497498,0,0,0,1.09882,0.09771039,-2.581111,0.0260362,0.1235103,0.9458184,0.9980885,-0.03801987,0.04872251,0.04910411,0.9665699,-0.2516574,-0.03752574,0.2535688,0.9665893,moving,-3.3761413235239166,3.977072933530466,1.5768225053041627,7.439906639987844,-0.003442000000000167,0.35822149,0.884404,-0.05874936229861726,0.0692374924793068,0.9958687892382964,-3.4632089677291527,4.113624955550186,6.0250607450146845,6.043431803888967,6.038714026462239
05/17/2023 16:15:52.977822,2755,True,True,True,True,Eyes,1.107496,-0.2604167,-3.451605,-0.08903363,0.3236442,0.9419805,0.0,0.0,0.0,0.0,0.0,0.0,0.0,-0.9467059,-0.6817142,3.454416,1.102264,-0.2604076,-3.465714,-0.1285359,-0.02096331,-0.02166455,0.9912467,345.1832,357.8665,357.7733,0.3046176,-0.0720242,-0.9497473,0,0,0,1.102209,0.09999178,-2.580975,0.02810528,0.1235026,0.9468947,0.9981824,-0.03756076,0.04712896,0.0483389,0.9660184,-0.2539131,-0.03599027,0.2557297,0.9660782,moving,-3.2544023936492765,3.972196090513175,1.7001270406048938,7.4310864289912395,-5.499999999991623e-05,0.36039938000000005,0.8847390000000002,-0.05663356021592387,0.06916119160571577,0.99599657995287,-3.341403007460029,4.108233537428811,6.023574265270302,6.042456808989854,6.0380772241257645
05/17/2023 16:15:52.997892,2756,True,True,True,True,Eyes,1.107357,-0.2602872,-3.451769,-0.08533075,0.3256648,0.9416268,0.0,0.0,0.0,0.0,0.0,0.0,0.0,-0.9533255,-0.6840951,3.452179,1.102351,-0.2603645,-3.465745,-0.1289379,-0.02003625,-0.02149276,0.9912173,345.1392,357.9735,357.78,0.3046294,-0.07198735,-0.9497463,0,0,0,1.105536,0.1022321,-2.580841,0.02965748,0.1249284,0.9476579,0.9982732,-0.03744111,0.04526301,0.04777484,0.9658262,-0.2547496,-0.03417809,0.2564722,0.9659472,moving,-3.146701044221185,4.053381796700329,1.792518171513232,7.509916949948554,0.0031849999999999934,0.3625966,0.8849040000000001,-0.05475579228517147,0.07057981479276096,0.996002119620177,-3.2342520673004125,4.18999881002894,6.008797837677088,6.028558843266012,6.024141058241406
05/17/2023 16:15:53.017733,2757,True,True,True,True,Eyes,1.107228,-0.2601621,-3.45193,-0.08169448,0.327643,0.941263,0.0,0.0,0.0,0.0,0.0,0.0,0.0,-0.9607354,-0.6892066,3.449157,1.102364,-0.2602542,-3.465799,-0.1297547,-0.018983,-0.02122908,0.9911372,345.0477,358.0948,357.796,0.3046354,-0.07195043,-0.9497471,0,0,0,1.108896,0.1044937,-2.580706,0.03115089,0.1255033,0.9485525,0.9983779,-0.03715559,0.04313866,0.04700813,0.9654261,-0.2564034,-0.03212037,0.2580154,0.9656067,moving,-3.0533532515721395,4.084775651618277,1.8809431233988276,7.53704605535092,0.006532000000000204,0.3647479,0.8850929999999999,-0.05313091971163646,0.07113179351102919,0.9960508681804208,-3.1411034160691735,4.221423313523753,6.001733446440019,6.022080342916389,6.0178323016435105
05/17/2023 16:15:53.027646,2758,True,True,True,True,Eyes,1.107052,-0.2600383,-3.452089,-0.07800158,0.3296239,0.9408846,0.0,0.0,0.0,0.0,0.0,0.0,0.0,-0.9684383,-0.6925036,3.446417,1.102458,-0.2602452,-3.465845,-0.1303171,-0.01790313,-0.02099206,0.9910884,344.9855,358.2191,357.8079,0.3046364,-0.07191354,-0.9497496,0,0,0,1.112458,0.1068921,-2.580563,0.03268147,0.1267934,0.9494577,0.9984776,-0.0369438,0.04095842,0.04627613,0.9651536,-0.2575599,-0.03001592,0.2590632,0.9653938,moving,-2.9611058718718652,4.14552486935497,1.971410939230895,7.606444468229797,0.010000000000000009,0.3671373,0.8852819999999997,-0.05152324796790027,0.07219393097966009,0.9960589258168457,-3.0492648053356,4.28256258469475,6.0043975971124866,6.025585993219848,6.021243701077944
05/17/2023 16:15:53.047558,2759,True,True,True,True,Eyes,1.106889,-0.2599174,-3.45225,-0.0743811,0.3315392,0.9405047,0.0,0.0,0.0,0.0,0.0,0.0,0.0,-0.9758285,-0.6935553,3.444237,1.102469,-0.2602212,-3.46596,-0.1305802,-0.0168677,-0.02065773,0.9910791,344.958,358.3362,357.8315,0.3046317,-0.07187677,-0.9497539,0,0,0,1.115591,0.1090013,-2.580436,0.03399567,0.1283278,0.9502763,0.9985775,-0.0365417,0.03882943,0.04535206,0.9650441,-0.2581337,-0.02803947,0.2595275,0.9653286,moving,-2.866409531789483,4.237599984311575,2.0488547436009443,7.6908459190294325,0.013122000000000078,0.3692225,0.8855239999999998,-0.04987104516843047,0.07380071082725456,0.9960252074275732,-2.9551999734852155,4.375397725397884,5.9849498882005765,6.00705671544516,6.0027294072152655
05/17/2023 16:15:53.067867,2760,True,True,True,True,Eyes,1.106667,-0.2597928,-3.452406,-0.07068195,0.3334524,0.9401135,0.0,0.0,0.0,0.0,0.0,0.0,0.0,-0.982939,-0.6948563,3.442169,1.102636,-0.2601746,-3.466125,-0.1308179,-0.01588147,-0.02050806,0.9910672,344.9329,358.4503,357.834,0.3046222,-0.07184016,-0.9497597,0,0,0,1.119048,0.1113289,-2.580298,0.03546999,0.1300944,0.951205,0.9986544,-0.03649457,0.03684485,0.04480489,0.9649322,-0.2586473,-0.02611356,0.25995,0.9652689,moving,-2.765893549201865,4.331206694213037,2.135543382442513,7.787909842839723,0.016412000000000093,0.3715035,0.8858269999999999,-0.04811770779093792,0.07543435677497906,0.9959890451298665,-2.855324879246904,4.469761220612494,5.974598868283987,5.99773962861119,5.99323587761463
05/17/2023 16:15:53.087931,2761,True,True,True,True,Eyes,1.106439,-0.259668,-3.452561,-0.06698254,0.3353782,0.9396993,0.0,0.0,0.0,0.0,0.0,0.0,0.0,-0.9906963,-0.6964583,3.439689,1.102728,-0.2600342,-3.466174,-0.1310475,-0.01478135,-0.02051147,0.9910537,344.9088,358.5803,357.8167,0.3046069,-0.07180364,-0.9497674,0,0,0,1.12236,0.1135586,-2.580164,0.03658692,0.1317169,0.9519887,0.9987216,-0.0367818,0.03467419,0.04453004,0.9648117,-0.2591439,-0.02392228,0.2603566,0.9652161,moving,-2.6817695335579512,4.425387009598584,2.2009136561816827,7.877415800248369,0.019632000000000094,0.3735928,0.8860100000000002,-0.04664943052088116,0.07707679730984177,0.9959332156671532,-2.7718501852279385,4.564766602885539,5.9556689180553635,5.979723898545904,5.975117147572889
05/17/2023 16:15:53.097776,2762,True,True,True,True,Eyes,1.10622,-0.2595434,-3.452715,-0.06334895,0.3372481,0.9392821,0.0,0.0,0.0,0.0,0.0,0.0,0.0,-0.9988059,-0.6989353,3.43696,1.102848,-0.259992,-3.466259,-0.131412,-0.01363068,-0.02053234,0.9910216,344.8692,358.7167,357.7966,0.3045863,-0.0717672,-0.9497767,0,0,0,1.125737,0.115832,-2.580029,0.0376382,0.1332052,0.9528963,0.9987853,-0.03711351,0.03241298,0.04427844,0.9646187,-0.2599044,-0.0216202,0.2610239,0.9650903,moving,-2.6069104119234683,4.5005068003958195,2.2619350751477407,7.957798987933426,0.022888999999999937,0.375824,0.8862299999999999,-0.04534352523336499,0.07838721506996618,0.9958913811420943,-2.697506917336711,4.640515441129436,5.946607271421311,5.971476002378494,5.9666100096046675
05/17/2023 16:15:53.117809,2763,True,True,True,True,Eyes,1.106012,-0.2594248,-3.452866,-0.0597864,0.3390734,0.9388582,0.0,0.0,0.0,0.0,0.0,0.0,0.0,-1.005811,-0.7018051,3.434444,1.102836,-0.2598342,-3.466386,-0.1317786,-0.01260921,-0.02067044,0.9909835,344.8289,358.8398,357.7646,0.3045612,-0.07173085,-0.9497876,0,0,0,1.129512,0.1183737,-2.579877,0.03939173,0.1348535,0.9538941,0.9988275,-0.03764487,0.03043887,0.04429137,0.9644143,-0.2606596,-0.01954318,0.2617022,0.9649508,moving,-2.5242814364847193,4.572111728166496,2.3647260410776143,8.046669962548949,0.026676000000000144,0.37820790000000004,0.8865089999999998,-0.04390288649847472,0.07963687698974614,0.9958566203526399,-2.615366672282289,4.712677801032824,5.971835874261739,5.997912056689005,5.993064922617756
05/17/2023 16:15:53.127451,2764,True,True,True,True,Eyes,1.105797,-0.2593038,-3.453018,-0.05621909,0.3409111,0.938413,0.0,0.0,0.0,0.0,0.0,0.0,0.0,-1.012131,-0.7050303,3.432042,1.102858,-0.259867,-3.466491,-0.1322422,-0.01169389,-0.02074228,0.9909315,344.7773,358.9496,357.7421,0.3045323,-0.07169473,-0.9497996,0,0,0,1.13259,0.1204458,-2.579753,0.04065626,0.1360266,0.954814,0.998866,-0.03801551,0.02866169,0.04420121,0.9641635,-0.2616008,-0.01768967,0.262571,0.9647505,moving,-2.4276012523801684,4.634067873766298,2.438198247669528,8.108024946227664,0.02973200000000009,0.3803128,0.8867379999999998,-0.0422187403861997,0.08071955382242355,0.9958422838700663,-2.519102689453206,4.775022019788383,5.9518256332930575,5.978660595483592,5.973586953317976
05/17/2023 16:15:53.147647,2765,True,True,True,True,Eyes,1.105595,-0.2591887,-3.453169,-0.05273193,0.3427094,0.9379603,0.0,0.0,0.0,0.0,0.0,0.0,0.0,-1.017407,-0.7077349,3.430099,1.102862,-0.2596539,-3.466679,-0.1326069,-0.01092895,-0.02075988,0.9908912,344.7369,359.0406,357.7281,0.3044997,-0.07165875,-0.9498127,0,0,0,1.135712,0.1225479,-2.579628,0.04229392,0.1371646,0.9557272,0.9988992,-0.03824304,0.0271646,0.04404006,0.9639689,-0.2623442,-0.01615299,0.2632517,0.964592,moving,-2.317495522170154,4.705669742689942,2.533864384997896,8.167237892354525,0.032850000000000046,0.3822018,0.887051,-0.04030081741627735,0.08197047999535523,0.9958195610605798,-2.4094783882066055,4.84707846496238,5.931898810568508,5.95971031205795,5.954838066370412
05/17/2023 16:15:53.167649,2766,True,True,True,True,Eyes,1.105407,-0.2590718,-3.453315,-0.04910228,0.3445899,0.9374682,0.0,0.0,0.0,0.0,0.0,0.0,0.0,-1.022749,-0.7112663,3.427934,1.102923,-0.25969,-3.466809,-0.1331191,-0.01015889,-0.0208075,0.9908296,344.6794,359.1331,357.7105,0.3044642,-0.07162305,-0.9498268,0,0,0,1.13921,0.1249025,-2.579487,0.04420854,0.1385258,0.9567782,0.9989277,-0.0385287,0.02567122,0.04393807,0.9636927,-0.263374,-0.01459171,0.2642195,0.9643522,moving,-2.2002868703912277,4.765483016770703,2.6455060058419804,8.23824382372141,0.03628699999999996,0.3845925,0.8873220000000002,-0.038260283613780505,0.08301667140215716,0.9958133570411414,-2.2926652179235556,4.907177058931726,5.9327808574087815,5.9616923957585595,5.956638383074167
05/17/2023 16:15:53.187280,2767,True,True,True,True,Eyes,1.105229,-0.2589607,-3.453463,-0.04555968,0.3464204,0.9369724,0.0,0.0,0.0,0.0,0.0,0.0,0.0,-1.028783,-0.7137901,3.425615,1.102913,-0.2596235,-3.466829,-0.1335476,-0.009296966,-0.02062831,0.990784,344.632,359.2327,357.718,0.3044265,-0.07158756,-0.9498416,0,0,0,1.142627,0.1272036,-2.57935,0.04606133,0.1399052,0.9576726,0.9989761,-0.03839323,0.02393229,0.04335958,0.963479,-0.2642501,-0.01291285,0.2650172,0.9641572,moving,-2.0928501843760916,4.833131915830681,2.7536420800882544,8.31147439983468,0.03971400000000003,0.3868271,0.8874790000000004,-0.036389327242534186,0.08419826227728852,0.9957843771780832,-2.1856824789794573,4.975242679211455,5.935419616446344,5.965513700054661,5.960483973093297
05/17/2023 16:15:53.197569,2768,True,True,True,True,Eyes,1.105049,-0.2588469,-3.453608,-0.04190827,0.3482908,0.9364492,0.0,0.0,0.0,0.0,0.0,0.0,0.0,-1.03411,-0.7161974,3.42369,1.102952,-0.2596585,-3.466994,-0.1339437,-0.008538435,-0.02052144,0.9907396,344.5881,359.3212,357.7186,0.304387,-0.07155242,-0.9498569,0,0,0,1.145928,0.1294258,-2.579217,0.04790335,0.1413306,0.9587038,0.999012,-0.03837546,0.02241617,0.04295014,0.9632758,-0.2650562,-0.0114213,0.2657571,0.9639724,moving,-1.9694658879212208,4.90699899822079,2.8605070889992144,8.386052329710553,0.042976000000000125,0.38908430000000005,0.8877770000000003,-0.0342410820000718,0.08548846719142258,0.9957505505498845,-2.06279224696727,5.049542064859579,5.921273767784639,5.95251636210533,5.947367240971752
05/17/2023 16:15:53.217694,2769,True,True,True,True,Eyes,1.104878,-0.2587342,-3.453755,-0.03834875,0.3501071,0.9359244,0.0,0.0,0.0,0.0,0.0,0.0,0.0,-1.039263,-0.7176812,3.421898,1.102944,-0.2595134,-3.467087,-0.1341753,-0.00779854,-0.02044178,0.9907162,344.563,359.4076,357.7162,0.3043458,-0.0715175,-0.9498727,0,0,0,1.149501,0.131831,-2.579073,0.05007351,0.1431063,0.9596345,0.9990426,-0.03841125,0.02093784,0.04259674,0.9631582,-0.2655405,-0.009966712,0.2661782,0.9638723,moving,-1.850196699679166,4.996469013940943,2.986971807470132,8.481775737839682,0.04655700000000018,0.39134440000000004,0.8880139999999996,-0.032163854721370025,0.08704929190840133,0.9956846879610237,-1.9441294794799606,5.139648624534714,5.929201716050811,5.9620099065844165,5.9569768795630775
05/17/2023 16:15:53.227526,2770,True,True,True,True,Eyes,1.104695,-0.2586199,-3.453902,-0.03463324,0.3519982,0.9353598,0.0,0.0,0.0,0.0,0.0,0.0,0.0,-1.044602,-0.7194294,3.420088,1.102969,-0.2594336,-3.467265,-0.1345059,-0.007047282,-0.02018663,0.9906822,344.5267,359.4927,357.7343,0.3043035,-0.07148283,-0.9498889,0,0,0,1.152652,0.1339528,-2.578947,0.05187743,0.1444242,0.960615,0.9990857,-0.03810127,0.01939368,0.04189287,0.9630013,-0.2662207,-0.00853279,0.2667897,0.963717,moving,-1.71860373924699,5.080269791015238,3.091220973104916,8.550128072598215,0.04968299999999992,0.3933864,0.8883179999999999,-0.029873088375035453,0.08851178393588144,0.995627145204269,-1.8130992468757055,5.22397121500372,5.896832956441416,5.930795078049913,5.925848147010996
05/17/2023 16:15:53.247985,2771,True,True,True,True,Eyes,1.104526,-0.258509,-3.454048,-0.0310053,0.3538466,0.9347895,0.0,0.0,0.0,0.0,0.0,0.0,0.0,-1.04942,-0.7235193,3.417892,1.102953,-0.2593262,-3.467419,-0.1351338,-0.006349687,-0.02005809,0.990604,344.4557,359.5742,357.7381,0.3042597,-0.07144833,-0.9499055,0,0,0,1.156002,0.1362079,-2.578812,0.05395837,0.1452905,0.9616977,0.9991146,-0.03802313,0.0180011,0.04145536,0.9626731,-0.2674734,-0.007159001,0.2679828,0.9633971,moving,-1.5881988477542002,5.12655670799507,3.2113509640998537,8.591111366227754,0.0530489999999999,0.3955341,0.8886069999999999,-0.027604966492283122,0.08932190858115352,0.9956202673420625,-1.682989882910733,5.270330362041863,5.884323420363653,5.919359541061016,5.91457173466331
05/17/2023 16:15:53.267701,2772,True,True,True,True,Eyes,1.104341,-0.2583954,-3.454193,-0.02731954,0.3557227,0.9341922,0.0,0.0,0.0,0.0,0.0,0.0,0.0,-1.055216,-0.7265726,3.415638,1.1031,-0.2593067,-3.46755,-0.1356328,-0.005539273,-0.01990927,0.9905437,344.3999,359.6685,357.7425,0.3042149,-0.07141408,-0.9499224,0,0,0,1.1594,0.1384956,-2.578676,0.05571431,0.1465112,0.9627793,0.9991459,-0.03793938,0.01637448,0.04094462,0.9624148,-0.2684798,-0.005573084,0.268921,0.9631462,moving,-1.4669358033319857,5.1896003760496,3.311910318962042,8.65261778352222,0.05630000000000002,0.3978023,0.8888739999999999,-0.025495192851765918,0.09042241905574055,0.9955771413484245,-1.5621442820862994,5.3336832756847015,5.865577639039432,5.90168279603564,5.896756271147314
05/17/2023 16:15:53.277570,2773,True,True,True,True,Eyes,1.104168,-0.2582873,-3.454335,-0.02371421,0.3575615,0.9335885,0.0,0.0,0.0,0.0,0.0,0.0,0.0,-1.061108,-0.7298415,3.413208,1.103092,-0.259177,-3.467653,-0.1361706,-0.004696091,-0.0196982,0.9904785,344.3397,359.7657,357.7536,0.304169,-0.07137997,-0.9499397,0,0,0,1.162887,0.1408437,-2.578535,0.05768996,0.1476121,0.9638492,0.9991798,-0.03774235,0.01466738,0.04030022,0.9621391,-0.269563,-0.003938122,0.269933,0.9628711,moving,-1.3520450681402392,5.246022498111331,3.4252791187983345,8.707112144868393,0.05979500000000004,0.4000207,0.8891179999999999,-0.02349666888356825,0.09140724957736662,0.9955363874045493,-1.4476254598502394,5.3903583483386805,5.86199610235423,5.899319276831626,5.894578422534431
05/17/2023 16:15:53.297834,2774,True,True,True,True,Eyes,1.103983,-0.2581821,-3.454479,-0.02000676,0.3594132,0.932964,0.0,0.0,0.0,0.0,0.0,0.0,0.0,-1.067135,-0.7335246,3.410653,1.103185,-0.2592114,-3.467735,-0.1367411,-0.003835653,-0.01965213,0.9904046,344.2757,359.8677,357.7448,0.3041222,-0.07134616,-0.9499572,0,0,0,1.16609,0.1429997,-2.578407,0.05915578,0.1486263,0.9649072,0.9991981,-0.03787814,0.01297221,0.03997611,0.9618313,-0.2707073,-0.002223186,0.2710088,0.9625743,moving,-1.2373567940869983,5.299182789775066,3.5082541297962386,8.7565473918725,0.06290499999999999,0.4022111,0.8893279999999999,-0.021502020027466165,0.09233503047452193,0.9954957806831454,-1.3332858919554806,5.443732870374706,5.8333283885702425,5.871472816314171,5.866451213133055
05/17/2023 16:15:53.317715,2775,True,True,True,True,Eyes,1.103808,-0.258075,-3.454617,-0.01638117,0.3612064,0.9323419,0.0,0.0,0.0,0.0,0.0,0.0,0.0,-1.073483,-0.7342518,3.408694,1.103137,-0.259214,-3.467936,-0.1369462,-0.002932049,-0.0193809,0.9903846,344.2541,359.9703,357.7619,0.3040744,-0.0713127,-0.949975,0,0,0,1.169472,0.1452766,-2.578271,0.06096968,0.1503863,0.9660143,0.9992315,-0.03758603,0.01111599,0.03919216,0.9617402,-0.2711451,-0.0004994282,0.2713725,0.9624743,moving,-1.1269644881728558,5.391624322069248,3.611414358643228,8.84861361139461,0.06633500000000003,0.40449060000000003,0.8896649999999999,-0.019580987552753934,0.09394475458202967,0.9953847460354819,-1.2235235487902518,5.536880128366727,5.825775182067322,5.8654078325777474,5.860392754017876
05/17/2023 16:15:53.327569,2776,True,True,True,True,Eyes,1.103672,-0.2579688,-3.454755,-0.01278526,0.3630577,0.931679,0.0,0.0,0.0,0.0,0.0,0.0,0.0,-1.079956,-0.7355732,3.406343,1.103187,-0.2590654,-3.467911,-0.1372115,-0.002019148,-0.01915498,0.9903545,344.2254,0.07485265,357.7735,0.304026,-0.0712795,-0.949993,0,0,0,1.172951,0.1476191,-2.578131,0.06274335,0.1520061,0.9669156,0.999258,-0.03738634,0.009255912,0.03849454,0.9616122,-0.2716987,0.001257224,0.2718534,0.9623379,moving,-1.020320344737888,5.4805346915430135,3.712729516706983,8.934188137579667,0.06976400000000016,0.4066845,0.88978,-0.01772563377094346,0.09549257752536008,0.9952723672385057,-1.1174851800580758,5.626467511719559,5.818034782377924,5.859136721074544,5.8542283655137295
05/17/2023 16:15:53.348105,2777,True,True,True,True,Eyes,1.103544,-0.2578669,-3.454896,-0.009273255,0.3648444,0.9310223,0.0,0.0,0.0,0.0,0.0,0.0,0.0,-1.085486,-0.7394019,3.403895,1.103153,-0.2589838,-3.468065,-0.1378551,-0.001225431,-0.01888776,0.9902716,344.1527,0.1656069,357.7916,0.3039781,-0.07124654,-0.9500108,0,0,0,1.176197,0.1498042,-2.578,0.06463316,0.152745,0.9680651,0.9992834,-0.03707015,0.007634562,0.03774587,0.9612784,-0.2729816,0.002780528,0.2730742,0.961989,moving,-0.9028240554405407,5.5219372746215125,3.8197012528388954,8.966425476910764,0.07304399999999989,0.408788,0.8900650000000003,-0.015683498298331933,0.09621502289119513,0.995236981737575,-1.0002530075840843,5.667931514295559,5.803112545762741,5.845232609832531,5.840549759567039
05/17/2023 16:15:53.367574,2778,True,True,True,True,Eyes,1.103436,-0.2577623,-3.455036,-0.005736971,0.3666967,0.9303228,0.0,0.0,0.0,0.0,0.0,0.0,0.0,-1.0914,-0.7401198,3.402088,1.103229,-0.2589878,-3.468277,-0.1380387,-0.0003970403,-0.01867774,0.9902507,344.1333,0.2603105,357.8026,0.3039306,-0.0712139,-0.9500285,0,0,0,1.179628,0.1521141,-2.577862,0.06647447,0.1545692,0.9692106,0.9993019,-0.03688168,0.00594284,0.0371009,0.961193,-0.273371,0.004370162,0.2734006,0.9618903,moving,-0.7904147828745018,5.620525340388611,3.9235551484332505,9.061195245394853,0.07639899999999988,0.4111019,0.890415,-0.013728593990222313,0.09793018343158463,0.995098537687144,-0.8885169949388165,5.767292149520083,5.792350353257252,5.836070759379917,5.831452299215936
05/17/2023 16:15:53.387400,2779,True,True,True,True,Eyes,1.103353,-0.2576491,-3.455172,-0.00218159,0.3685894,0.9295897,0.0,0.0,0.0,0.0,0.0,0.0,0.0,-1.097619,-0.7432754,3.399475,1.103232,-0.2588385,-3.468363,-0.1385849,0.0004886603,-0.01839933,0.9901795,344.072,0.3615222,357.8203,0.3038842,-0.07118147,-0.9500458,0,0,0,1.182908,0.1543225,-2.57773,0.06819188,0.1554554,0.9702886,0.9993224,-0.03657272,0.004132014,0.03630184,0.9609114,-0.2744658,0.006067462,0.2744299,0.961588,moving,-0.6805555101591978,5.679795609650663,4.020137055688004,9.102322857516894,0.07967600000000008,0.413161,0.8906330000000002,-0.011819349789959547,0.09896193675866752,0.9950209814455645,-0.7790512786202483,5.826868668302074,5.769851129595027,5.8146541910072305,5.8104052194150215
05/17/2023 16:15:53.397781,2780,True,True,True,True,Eyes,1.103275,-0.2575278,-3.455308,0.001300442,0.3704611,0.9288471,0.0,0.0,0.0,0.0,0.0,0.0,0.0,-1.103426,-0.7467693,3.39687,1.103338,-0.2586389,-3.468384,-0.1391465,0.001307298,-0.01820868,0.9901035,344.0087,0.4563231,357.8287,0.3038393,-0.07114898,-0.9500625,0,0,0,1.18636,0.1566464,-2.577592,0.0700489,0.1564016,0.9713378,0.9993334,-0.03642077,0.002478628,0.03569315,0.9606134,-0.2755865,0.007656069,0.2754913,0.9612731,moving,-0.5695524716489397,5.7359157942315635,4.1247960032064555,9.147066059650115,0.08302200000000015,0.41528529999999997,0.8907919999999998,-0.009890636883516164,0.09993859369769692,0.9949444736932712,-0.6684190299140552,5.883252697015445,5.756827626672983,5.802831527508121,5.798912658408047
05/17/2023 16:15:53.417689,2781,True,True,True,True,Eyes,1.103205,-0.2574084,-3.455443,0.004717492,0.3723305,0.9280882,0.0,0.0,0.0,0.0,0.0,0.0,0.0,-1.109187,-0.7536331,3.393619,1.10337,-0.2582405,-3.468543,-0.1400701,0.002161945,-0.01832293,0.9899697,343.9038,0.5613701,357.7999,0.3037959,-0.07111621,-0.9500788,0,0,0,1.190135,0.1591878,-2.57744,0.07206851,0.1566631,0.9726777,0.9993191,-0.03688394,0.0008524695,0.03567264,0.9600893,-0.2774095,0.009413508,0.2772511,0.9607514,moving,-0.47379371620915545,5.74963323997395,4.237467466179578,9.149693064109364,0.08676499999999998,0.4174283,0.8911029999999998,-0.008227567896060075,0.10017829994025002,0.9949354643834228,-0.5727327249088671,5.896777832386147,5.76301651133631,5.8100248481725645,5.806847973136909
05/17/2023 16:15:53.427496,2782,True,True,True,True,Eyes,1.10311,-0.2572947,-3.455578,0.008217752,0.3742153,0.9273054,0.0,0.0,0.0,0.0,0.0,0.0,0.0,-1.115297,-0.7611266,3.390081,1.103478,-0.2581885,-3.468649,-0.141124,0.00306073,-0.01847944,0.9898148,343.784,0.672785,357.765,0.3037542,-0.07108324,-0.9500947,0,0,0,1.192993,0.1611119,-2.577325,0.07299897,0.156397,0.9739071,0.9992983,-0.03744632,-0.0008433294,0.03571855,0.9594851,-0.2794863,0.0112749,0.2792601,0.9601493,moving,-0.37908923320604415,5.749565602294752,4.286575585686667,9.12307738706099,0.08951500000000001,0.4193004,0.891324,-0.006583023408914227,0.10017834368804798,0.9949476822074117,-0.47800266885660925,5.8963549890027185,5.710618787662235,5.757517691176454,5.754384708880488
05/17/2023 16:15:53.447575,2783,True,True,True,True,Eyes,1.10298,-0.2571858,-3.455712,0.01199294,0.3761421,0.9264843,0.0,0.0,0.0,0.0,0.0,0.0,0.0,-1.121311,-0.7655945,3.38721,1.103409,-0.2582665,-3.468782,-0.1418296,0.003946172,-0.01840458,0.9897122,343.7043,0.7779415,357.7579,0.3037132,-0.07105027,-0.9501103,0,0,0,1.196401,0.1634071,-2.577188,0.07478292,0.1572706,0.9752281,0.9992914,-0.03754983,-0.002590522,0.0353111,0.9590913,-0.2808862,0.01303178,0.2805957,0.9597376,moving,-0.26144242509238586,5.79344670712228,4.385001630702003,9.160958171275073,0.09299199999999996,0.4216736,0.891594,-0.004539708777785271,0.10094145869147816,0.9948819433029192,-0.3606376122731515,5.9403269475563185,5.690542538476881,5.738429735112865,5.735290516064375
05/17/2023 16:15:53.467685,2784,True,True,True,True,Eyes,1.102854,-0.257072,-3.455852,0.01567762,0.3780161,0.9256662,0.0,0.0,0.0,0.0,0.0,0.0,0.0,-1.127282,-0.7642214,3.385693,1.103448,-0.2583244,-3.468918,-0.1417499,0.004777917,-0.01811038,0.9897254,343.7151,0.8710352,357.7788,0.3036721,-0.07101744,-0.9501258,0,0,0,1.199725,0.1656443,-2.577055,0.0765801,0.1595745,0.9762735,0.9992983,-0.03720313,-0.004323364,0.03449406,0.9591579,-0.2807599,0.01459194,0.2804138,0.9597683,moving,-0.13817681128949852,5.925097751665646,4.485167687249089,9.283057318274635,0.09627699999999995,0.4239687,0.8918629999999999,-0.0023987541852511186,0.10322794142244499,0.9946547700275494,-0.23827815753154355,6.073110097037794,5.664374310589783,5.714123450114449,5.710928279334415
05/17/2023 16:15:53.477736,2785,True,True,True,True,Eyes,1.102741,-0.2569617,-3.455999,0.01927782,0.3798285,0.9248561,0.0,0.0,0.0,0.0,0.0,0.0,0.0,-1.13314,-0.7665528,3.383472,1.103431,-0.2581023,-3.469196,-0.1421377,0.00561921,-0.01790545,0.989669,343.6719,0.9679874,357.7881,0.3036309,-0.07098461,-0.9501414,0,0,0,1.203485,0.168176,-2.576903,0.07881261,0.160951,0.9776468,0.9992957,-0.03703834,-0.006032235,0.03384354,0.9589525,-0.2815398,0.0162124,0.2811373,0.9595306,moving,-0.02206086408051029,5.99871518166382,4.60890984497746,9.348803767241384,0.10005399999999987,0.4262783,0.892293,-0.00038292637164228423,0.10450616087669257,0.9945242305593269,-0.1226564201236055,6.147184007144918,5.664232431611696,5.715678720796855,5.712975442734074
05/17/2023 16:15:53.498015,2786,True,True,True,True,Eyes,1.102604,-0.2568479,-3.456148,0.02296647,0.3817151,0.9239947,0.0,0.0,0.0,0.0,0.0,0.0,0.0,-1.139354,-0.7678028,3.381476,1.103597,-0.2580772,-3.469509,-0.1423818,0.006484923,-0.01773895,0.9896317,343.6454,1.068115,357.7927,0.3035899,-0.07095183,-0.950157,0,0,0,1.206679,0.1703261,-2.576775,0.08022698,0.162405,0.9789374,0.9992865,-0.03695673,-0.007783962,0.03326339,0.9588255,-0.2820412,0.01788678,0.281581,0.9593707,moving,0.09512188201839651,6.093875208303984,4.685098087855141,9.419536639656231,0.10308200000000012,0.42840330000000004,0.8927339999999999,0.001650808127461264,0.10615763790975147,0.9943479836990214,-0.006121223588284624,6.243057251302729,5.615588459030422,5.668148333109442,5.665470848278576
05/17/2023 16:15:53.517905,2787,True,True,True,True,Eyes,1.102473,-0.2567313,-3.456299,0.02656874,0.3835921,0.9231204,0.0,0.0,0.0,0.0,0.0,0.0,0.0,-1.145451,-0.7730583,3.37844,1.103573,-0.2579373,-3.469744,-0.1432018,0.007372372,-0.01756679,0.9895102,343.5523,1.172265,357.7964,0.3035485,-0.07091901,-0.9501727,0,0,0,1.209797,0.1724259,-2.576649,0.08174006,0.1625816,0.9803064,0.9992741,-0.03687649,-0.009558881,0.03265354,0.9583693,-0.2836583,0.01962126,0.2831403,0.9588778,moving,0.20629105931509673,6.1216858799839775,4.766419652232563,9.416663194863432,0.1062240000000001,0.43036319999999995,0.8930949999999998,0.0035799197951396893,0.10663973108023869,0.9942913164425967,0.10487908586981173,6.270788516230677,5.572940960104002,5.62597976262923,5.6237432325372305
05/17/2023 16:15:53.527551,2788,True,True,True,True,Eyes,1.102332,-0.2566103,-3.456451,0.03027172,0.385542,0.9221936,0.0,0.0,0.0,0.0,0.0,0.0,0.0,-1.150962,-0.7795048,3.375273,1.103587,-0.2577729,-3.469936,-0.1441628,0.008180002,-0.01748586,0.9893658,343.4427,1.268971,357.7903,0.3035068,-0.0708861,-0.9501884,0,0,0,1.213105,0.174653,-2.576517,0.0834984,0.1626066,0.9817187,0.9992546,-0.03695831,-0.01114441,0.03224131,0.9578227,-0.2855455,0.02122764,0.2849733,0.9583004,moving,0.329789181633627,6.138396803963738,4.86149398920046,9.40477862159435,0.109518,0.43242590000000003,0.8934190000000002,0.0057228752265975815,0.10692865507201482,0.9942502492332347,0.2282907601466458,6.287239558252538,5.532675081410156,5.586197153831235,5.584408829336981
05/17/2023 16:15:53.547818,2789,True,True,True,True,Eyes,1.102202,-0.2564865,-3.456608,0.03387905,0.3874986,0.9212476,0.0,0.0,0.0,0.0,0.0,0.0,0.0,-1.157135,-0.7844766,3.372168,1.103544,-0.2575918,-3.470118,-0.1449987,0.009067388,-0.01713425,0.989242,343.3475,1.370153,357.8149,0.3034646,-0.07085297,-0.9502043,0,0,0,1.216838,0.177166,-2.576366,0.08573435,0.1630889,0.9832058,0.9992484,-0.03652937,-0.01297079,0.03127033,0.9573636,-0.2871883,0.02290857,0.2865668,0.9577863,moving,0.4465873101346049,6.169386650407735,4.983516864738236,9.418162779985058,0.113294,0.43475779999999997,0.8937519999999997,0.007749202412548685,0.10746494007816054,0.9941787223897868,0.34489884111515295,6.3181674116931,5.5254740166247425,5.580168108896659,5.579135098965835
05/17/2023 16:15:53.567600,2790,True,True,True,True,Eyes,1.102067,-0.256362,-3.456767,0.0375848,0.3895069,0.9202563,0.0,0.0,0.0,0.0,0.0,0.0,0.0,-1.16265,-0.791943,3.368827,1.103669,-0.2574215,-3.470385,-0.1461908,0.009842119,-0.01679372,0.9890649,343.2107,1.459174,357.8391,0.3034222,-0.07081954,-0.9502203,0,0,0,1.219908,0.1792328,-2.576243,0.08737113,0.1624035,0.9847128,0.9992422,-0.03609781,-0.01455882,0.0303425,0.9566925,-0.2895149,0.02437916,0.2888538,0.9570628,moving,0.5819532885507431,6.162937474095842,5.070434761968488,9.365187107918985,0.11623899999999998,0.43665430000000005,0.894142,0.010098131644967229,0.10735077438900378,0.9941698743191237,0.4803466726995751,6.311133637539622,5.459131135001452,5.513698273802691,5.5132704692572965
05/17/2023 16:15:53.577939,2791,True,True,True,True,Eyes,1.101945,-0.256244,-3.456928,0.04120642,0.3914624,0.919271,0.0,0.0,0.0,0.0,0.0,0.0,0.0,-1.168878,-0.7990135,3.365197,1.103658,-0.2573239,-3.470587,-0.1473222,0.01074416,-0.01651958,0.9888923,343.0812,1.564287,357.8532,0.3033796,-0.07078584,-0.9502364,0,0,0,1.223346,0.1815477,-2.576105,0.08921391,0.1621692,0.986293,0.9992234,-0.03583787,-0.01638223,0.02950646,0.9560465,-0.2917265,0.02611703,0.2910166,0.9563615,moving,0.6964875772991641,6.1599404842371355,5.168553130334176,9.33719559601849,0.11968800000000002,0.43887160000000003,0.894482,0.012085527815514072,0.10729640905374468,0.9941535956408186,0.5949326776470937,6.307671784372021,5.430871044359118,5.485829049103069,5.485983828865204
05/17/2023 16:15:53.597510,2792,True,True,True,True,Eyes,1.101809,-0.2561172,-3.457091,0.04492847,0.3934386,0.9182523,0.0,0.0,0.0,0.0,0.0,0.0,0.0,-1.175538,-0.8015141,3.362586,1.103809,-0.2573715,-3.470831,-0.1478234,0.01166854,-0.016189,0.9888125,343.0246,1.669346,357.8749,0.3033369,-0.07075206,-0.9502525,0,0,0,1.22673,0.1838258,-2.575969,0.09080939,0.1632541,0.9877476,0.9992035,-0.03546553,-0.01828976,0.028566,0.9557724,-0.292717,0.02786221,0.2919614,0.9560241,moving,0.8152666603033537,6.231387746245317,5.252768795378973,9.384955533619491,0.12292100000000006,0.4411973,0.8948619999999998,0.014144555127179494,0.10853308449687823,0.9939920960307673,0.7132337320968948,6.379539295474834,5.388023183313911,5.443933778837205,5.444254343367051
05/17/2023 16:15:53.617764,2793,True,True,True,True,Eyes,1.101679,-0.2559898,-3.45726,0.04856008,0.395429,0.9172119,0.0,0.0,0.0,0.0,0.0,0.0,0.0,-1.18226,-0.807278,3.35909,1.103914,-0.2570809,-3.471053,-0.1487677,0.01261585,-0.01582971,0.988665,342.9166,1.777856,357.8984,0.3032939,-0.07071797,-0.9502688,0,0,0,1.229873,0.1859417,-2.575842,0.09221111,0.1629654,0.9891794,0.9991805,-0.03505423,-0.02023581,0.0275469,0.9552352,-0.2945623,0.02965561,0.2937635,0.9554181,moving,0.9279234735250663,6.252111604232614,5.325710248695372,9.355332734289314,0.12595899999999993,0.4430226,0.8952109999999998,0.01609831536018629,0.1088893893278993,0.9939234326881411,0.8257726083822928,6.400092408436515,5.326456661038491,5.382426023819855,5.383575405829569
05/17/2023 16:15:53.627978,2794,True,True,True,True,Eyes,1.101542,-0.255867,-3.457436,0.05222608,0.3973955,0.91616,0.0,0.0,0.0,0.0,0.0,0.0,0.0,-1.187756,-0.8159937,3.355341,1.103896,-0.2569657,-3.471355,-0.1501018,0.01342427,-0.015654,0.9884556,342.7634,1.874298,357.9013,0.3032506,-0.07068356,-0.9502851,0,0,0,1.233247,0.1882135,-2.575707,0.09411044,0.1622334,0.9909211,0.9991494,-0.03497658,-0.0218392,0.02691656,0.9544488,-0.2971581,0.03123797,0.2963175,0.9545785,moving,1.05329109757031,6.227305940720365,5.425261602291805,9.297964176507389,0.129351,0.4451792,0.895648,0.018273930237673472,0.10845501555185946,0.9939333305246034,0.9513503385961892,6.3745173932165216,5.286595039199678,5.342571299960479,5.34438238622165
05/17/2023 16:15:53.648063,2795,True,True,True,True,Eyes,1.101411,-0.2557401,-3.457614,0.05580875,0.3993531,0.9150969,0.0,0.0,0.0,0.0,0.0,0.0,0.0,-1.192727,-0.8204625,3.352889,1.104011,-0.256994,-3.471704,-0.1507601,0.01414291,-0.01568407,0.9883449,342.6888,1.961962,357.883,0.303207,-0.070649,-0.9503016,0,0,0,1.236611,0.1904781,-2.575572,0.09588654,0.1630063,0.9925234,0.999108,-0.03526691,-0.02322708,0.02673816,0.9540508,-0.2984496,0.03268521,0.2975623,0.9541427,moving,1.1771252935876104,6.28118894666037,5.518154169461608,9.326666390412521,0.13259999999999983,0.44747210000000004,0.8961319999999997,0.020419994219839966,0.1093851523090095,0.993789597317349,1.0748330978004903,6.428589152196876,5.245984718686661,5.302778947078127,5.304899039994194
05/17/2023 16:15:53.667360,2796,True,True,True,True,Eyes,1.101258,-0.2556136,-3.457795,0.05942613,0.4012956,0.9140188,0.0,0.0,0.0,0.0,0.0,0.0,0.0,-1.198268,-0.8276146,3.349415,1.104019,-0.2567921,-3.471969,-0.1517977,0.01496578,-0.01568526,0.9881739,342.5703,2.062642,357.865,0.3031631,-0.07061417,-0.9503182,0,0,0,1.240101,0.1928281,-2.575431,0.09772519,0.1628916,0.9941695,0.99906,-0.03554306,-0.0248156,0.02645598,0.9534228,-0.3004745,0.03433955,0.2995355,0.953467,moving,1.2927492650882764,6.290229633182264,5.6140431232896955,9.305056993321456,0.13608199999999981,0.4496202,0.8965380000000001,0.022425061232486276,0.10953726107510187,0.9937296892638668,1.1904232323312336,6.437306589420768,5.211855210339293,5.269038301281663,5.271850274690653
05/17/2023 16:15:53.682297,2797,True,True,True,True,Eyes,1.101111,-0.2554869,-3.457979,0.06295937,0.4032276,0.9129313,0.0,0.0,0.0,0.0,0.0,0.0,0.0,-1.203639,-0.8336351,3.346326,1.104214,-0.2567304,-3.472232,-0.1527217,0.01572519,-0.01558274,0.9880213,342.4646,2.153657,357.8607,0.3031184,-0.07057911,-0.9503351,0,0,0,1.243447,0.1950807,-2.575297,0.09941203,0.1630136,0.9957684,0.9990197,-0.03559531,-0.026314,0.025989,0.9528666,-0.3022746,0.03583328,0.3012944,0.9528576,moving,1.41370040092913,6.311592806450484,5.701203829384403,9.297213333972035,0.13923299999999994,0.4518111,0.896935,0.02452177372584044,0.10990235818136937,0.9936398202929264,1.3112540696876331,6.458475717666819,5.167082310168566,5.224616309679955,5.227818870895199
05/17/2023 16:15:53.697972,2798,True,True,True,True,Eyes,1.100941,-0.2553618,-3.458171,0.06653285,0.4050909,0.9118524,0.0,0.0,0.0,0.0,0.0,0.0,0.0,-1.208796,-0.8406512,3.342977,1.104214,-0.2566234,-3.472497,-0.1537352,0.01649821,-0.01563553,0.9878507,342.349,2.249488,357.8371,0.3030732,-0.07054385,-0.9503521,0,0,0,1.246808,0.1973434,-2.575162,0.1011858,0.162953,0.9974155,0.9989666,-0.03596385,-0.02778807,0.02581842,0.952242,-0.3042508,0.03740299,0.303219,0.9521865,moving,1.5310732655428614,6.319318274169639,5.792723731915424,9.278737064749963,0.1425939999999999,0.4539668,0.897335,0.026556857127810862,0.1100306182958794,0.9935733758281831,1.428602939633827,6.4658554736223275,5.130581320106778,5.188431774204359,5.192095254839735
05/17/2023 16:15:53.717470,2799,True,True,True,True,Eyes,1.100776,-0.2552337,-3.458367,0.07002111,0.406942,0.9107663,0.0,0.0,0.0,0.0,0.0,0.0,0.0,-1.213397,-0.8453892,3.340555,1.104261,-0.2565852,-3.472909,-0.1543784,0.0171863,-0.01579529,0.987736,342.2763,2.33618,357.8034,0.3030267,-0.07050844,-0.9503695,0,0,0,1.250363,0.1997368,-2.575019,0.1031774,0.1638099,0.9991511,0.9989102,-0.03650953,-0.02907414,0.02589676,0.9518356,-0.3055131,0.03882794,0.3044273,0.9517439,moving,1.6495072650076132,6.370055879379558,5.89575467041845,9.310757596504217,0.14610199999999995,0.456322,0.8978899999999999,0.02860778234420234,0.11090414042794233,0.993419280490674,1.5467065017390176,6.5167639708831695,5.106243233545885,5.165108287060222,5.16919919847407
05/17/2023 16:15:53.727401,2800,True,True,True,True,Eyes,1.1006,-0.2551065,-3.458568,0.07348108,0.4087637,0.9096772,0.0,0.0,0.0,0.0,0.0,0.0,0.0,-1.218244,-0.8520736,3.337383,1.104224,-0.2564094,-3.473214,-0.1553276,0.0179206,-0.01586002,0.9875731,342.1681,2.427645,357.779,0.3029794,-0.07047281,-0.9503873,0,0,0,1.253541,0.2018763,-2.574891,0.1048674,0.1636763,1.000759,0.9988546,-0.03689297,-0.03046881,0.02575872,0.9512436,-0.3073631,0.0403228,0.3062262,0.9511044,moving,1.764434741345329,6.3831939764630645,5.982070842891129,9.28861005776529,0.14931699999999992,0.4582857,0.898323,0.03059962292405175,0.11112536409673779,0.993335117816122,1.661570737537689,6.529631015812487,5.062437670362607,5.121513144623573,5.126274135694842
05/17/2023 16:15:53.757858,2801,True,True,True,True,Eyes,1.100427,-0.2549775,-3.458771,0.07685638,0.4105928,0.9085739,0.0,0.0,0.0,0.0,0.0,0.0,0.0,-1.223,-0.8599427,3.334011,1.104272,-0.2563514,-3.473575,-0.1564547,0.01863497,-0.01595332,0.9873805,342.0392,2.517956,357.7507,0.3029308,-0.07043699,-0.9504054,0,0,0,1.256851,0.2041045,-2.574758,0.1066145,0.1633629,1.002555,0.9987965,-0.03733505,-0.03180767,0.02567294,0.9505348,-0.3095553,0.04179156,0.3083661,0.9503493,moving,1.8760314570124563,6.376476950261754,6.070179757261662,9.254812877090417,0.15257900000000002,0.46045590000000003,0.8988169999999998,0.03253476396519684,0.11100212506514559,0.9932874204803488,1.7732449190809816,6.522415095302468,5.027622319670091,5.0868160643133065,5.092116126080644
05/17/2023 16:15:53.767622,2802,True,True,True,True,Eyes,1.100251,-0.2548511,-3.458976,0.08024587,0.4123875,0.9074675,0.0,0.0,0.0,0.0,0.0,0.0,0.0,-1.22787,-0.867703,3.330432,1.104196,-0.2562043,-3.473825,-0.1576247,0.01936807,-0.01585772,0.9871818,341.9049,2.607198,357.7442,0.3028813,-0.07040095,-0.9504239,0,0,0,1.260334,0.20645,-2.574618,0.1087427,0.1629736,1.004299,0.9987469,-0.03741468,-0.03324046,0.02520313,0.9498059,-0.3118228,0.04323874,0.3105943,0.9495586,moving,1.9922974225304055,6.361879478561945,6.1797521717392945,9.217380368225182,0.1561380000000001,0.46265429999999996,0.8992070000000001,0.03455131274645845,0.11074157113157779,0.9932485210537003,1.8896457837717744,6.507205880021225,5.008849416355913,5.068398426282175,5.07445155426587
05/17/2023 16:15:53.778170,2803,True,True,True,True,Eyes,1.100079,-0.2547238,-3.459184,0.08353205,0.414172,0.9063575,0.0,0.0,0.0,0.0,0.0,0.0,0.0,-1.23257,-0.8739417,3.327361,1.104287,-0.2561754,-3.474083,-0.1586292,0.02003601,-0.01563226,0.9870112,341.7894,2.685744,357.7547,0.3028308,-0.0703648,-0.9504427,0,0,0,1.263757,0.2087541,-2.57448,0.1108426,0.1629483,1.006001,0.9987084,-0.03721502,-0.03459206,0.02450184,0.9491848,-0.313764,0.04451099,0.3125112,0.9488707,moving,2.113836418292275,6.365161796255145,6.287567563974219,9.200648881138275,0.15947,0.4649295,0.8996029999999999,0.036657965071377974,0.11079014243469448,0.9931675108981256,2.0111935731725206,6.510073120848024,4.985739055153594,5.045792176157727,5.052382846842339
05/17/2023 16:15:53.797648,2804,True,True,True,True,Eyes,1.099923,-0.2545969,-3.459393,0.08684041,0.4158472,0.9052789,0.0,0.0,0.0,0.0,0.0,0.0,0.0,-1.236057,-0.8794649,3.324886,1.10421,-0.2560399,-3.474381,-0.1595193,0.02054591,-0.01537073,0.9868613,341.6866,2.744421,357.7729,0.3027794,-0.07032849,-0.9504617,0,0,0,1.267132,0.2110263,-2.574345,0.1133913,0.1630077,1.007637,0.9986832,-0.0368925,-0.03564807,0.02378262,0.9486346,-0.3154784,0.04545579,0.3142152,0.9482629,moving,2.2555143655379974,6.375348055631833,6.4205912723836995,9.189257041504506,0.162922,0.4670662,0.9000360000000001,0.03911297366138952,0.11095637837390146,0.9930553331670542,2.1528364169156906,6.5198525009823545,4.965692443489594,5.0265245867014645,5.033830758709618
05/17/2023 16:15:53.817647,2805,True,True,True,True,Eyes,1.099779,-0.2544766,-3.459607,0.09005591,0.4174876,0.904209,0.0,0.0,0.0,0.0,0.0,0.0,0.0,-1.239748,-0.8836684,3.322637,1.104201,-0.2559281,-3.474623,-0.1602085,0.02107615,-0.01514913,0.9867419,341.6072,2.805633,357.7865,0.3027278,-0.07029206,-0.9504809,0,0,0,1.270491,0.2132879,-2.57421,0.1157892,0.1635051,1.009167,0.9986526,-0.03664973,-0.03673941,0.02314341,0.9482074,-0.3168075,0.04644749,0.3155303,0.947778,moving,2.388406061743225,6.406672782546527,6.545346597392636,9.203082177606921,0.16629000000000005,0.46921599999999997,0.9004129999999999,0.04141366945838512,0.11148893085452297,0.9929023139461378,2.285539941303495,6.551059065316733,4.948167326862677,5.0099960201288845,5.01788594284313
05/17/2023 16:15:53.827644,2806,True,True,True,True,Eyes,1.099559,-0.2543975,-3.459846,0.0935182,0.4190911,0.9031152,0.0,0.0,0.0,0.0,0.0,0.0,0.0,-1.24438,-0.8869857,3.320943,1.102842,-0.2572707,-3.475837,-0.1608973,0.02194082,-0.01506196,0.9866123,341.5289,2.909341,357.7776,0.302676,-0.07025567,-0.9505,0,0,0,1.274141,0.2157453,-2.574063,0.1189873,0.1652951,1.012326,0.9985835,-0.03678106,-0.03844731,0.02266019,0.9477704,-0.3181475,0.04814102,0.3168256,0.9472613,moving,2.4944483944496447,6.436522344860418,6.703702823844082,9.273560225805612,0.17129899999999987,0.473016,0.9017739999999996,0.0432487643022646,0.11199748564326006,0.9927669292927749,2.3913975083489922,6.58087308232105,5.0118556856629155,5.0760818343772485,5.0839493690175805
05/17/2023 16:15:53.847771,2807,True,True,True,True,Eyes,1.099293,-0.2543701,-3.46012,0.09689721,0.4206803,0.9020194,0.0,0.0,0.0,0.0,0.0,0.0,0.0,-1.24863,-0.8916546,3.318548,1.101236,-0.2582112,-3.476707,-0.1617315,0.02279681,-0.01501642,0.9864572,341.434,3.013385,357.7631,0.3026222,-0.07022044,-0.9505197,0,0,0,1.277149,0.2177704,-2.573942,0.1218216,0.1661062,1.014918,0.9985096,-0.03700002,-0.04011889,0.02225218,0.9472349,-0.319767,0.04983339,0.3183977,0.9466465,moving,2.5955588651839667,6.448893679184218,6.844523111788143,9.29488705760442,0.17591299999999999,0.4759816,0.902765,0.044999589740776,0.1122031515688873,0.9926658409512265,2.492446545770184,6.593015788043731,5.048184751259824,5.114037101833758,5.122565645627215
05/17/2023 16:15:53.867472,2808,True,True,True,True,Eyes,1.09904,-0.25434,-3.460389,0.1003394,0.4222926,0.900889,0.0,0.0,0.0,0.0,0.0,0.0,0.0,-1.252309,-0.8948595,3.316584,1.101353,-0.2581401,-3.476948,-0.162287,0.02330191,-0.01477199,0.9863579,341.3699,3.070786,357.7802,0.3025649,-0.07018764,-0.9505404,0,0,0,1.280549,0.2200595,-2.573805,0.1241858,0.1669095,1.016451,0.9984776,-0.03670413,-0.04117344,0.02157774,0.9468895,-0.3208345,0.05076265,0.3194577,0.9462399,moving,2.745566447759847,6.49528313594427,6.9656408489196915,9.325210175202885,0.1791959999999999,0.47819959999999995,0.903143,0.04759406948235925,0.11299322552000829,0.992455218669746,2.6421630630743342,6.6394053620252,5.01421158077721,5.081093878177381,5.0897944613890544
05/17/2023 16:15:53.877600,2809,True,True,True,True,Eyes,1.098796,-0.2543037,-3.460659,0.1036657,0.4238946,0.8997593,0.0,0.0,0.0,0.0,0.0,0.0,0.0,-1.256056,-0.8985914,3.314378,1.10152,-0.2580589,-3.477112,-0.162917,0.02381322,-0.01454533,0.9862452,341.2972,3.129535,357.7946,0.3025049,-0.07015695,-0.9505618,0,0,0,1.283886,0.2223059,-2.573671,0.1264183,0.1675307,1.017922,0.9984427,-0.03644969,-0.04223198,0.02093138,0.946493,-0.3220448,0.05171071,0.3206594,0.945782,moving,2.8878461003880926,6.532272421451479,7.079458498887719,9.346017206345396,0.18236600000000003,0.4803648,0.9034409999999999,0.05005483010295349,0.11362023051027734,0.9922625481213608,2.7842166365717036,6.676309912913745,4.98069626213535,5.048442751361406,5.057315462613945
05/17/2023 16:15:53.897875,2810,True,True,True,True,Eyes,1.09857,-0.2542664,-3.460922,0.1070738,0.4254887,0.8986071,0.0,0.0,0.0,0.0,0.0,0.0,0.0,-1.25885,-0.9033095,3.312293,1.101478,-0.257885,-3.477383,-0.1637006,0.02420896,-0.01423182,0.9861104,341.2061,3.173306,357.821,0.3024427,-0.07012799,-0.9505837,0,0,0,1.28728,0.224591,-2.573535,0.129199,0.1677306,1.019521,0.9984227,-0.03599432,-0.0430859,0.02014224,0.9459991,-0.3235428,0.05240493,0.3221646,0.9452322,moving,3.05066389188233,6.551165414162565,7.22232140955135,9.342555517174773,0.18580200000000002,0.482476,0.903848,0.05287245391105949,0.11393086050628926,0.9920808511841457,2.9469428367090735,6.694822297768455,4.950818647301116,5.01942079845065,5.028852070032147
05/17/2023 16:15:53.917818,2811,True,True,True,True,Eyes,1.098356,-0.2542194,-3.46118,0.1103791,0.4270627,0.8974597,0.0,0.0,0.0,0.0,0.0,0.0,0.0,-1.261803,-0.9077944,3.310159,1.101716,-0.2578362,-3.477518,-0.1644348,0.02459767,-0.01402984,0.9859815,341.1211,3.218261,357.8344,0.302379,-0.07010056,-0.950606,0,0,0,1.290619,0.2268391,-2.5734,0.1315866,0.1681799,1.020992,0.9983962,-0.03575573,-0.04389169,0.01957689,0.9455287,-0.3249495,0.05311967,0.3235691,0.9447123,moving,3.204946988846262,6.575284212945564,7.34386185386068,9.353881377917697,0.18890300000000004,0.48467530000000003,0.904118,0.055541103079755724,0.11433187191036728,0.9918888130765189,3.1010948154177833,6.718655673559056,4.915720079695127,4.985099644443278,4.994545690591889
05/17/2023 16:15:53.927514,2812,True,True,True,True,Eyes,1.098162,-0.2541708,-3.461436,0.1137601,0.4286377,0.8962858,0.0,0.0,0.0,0.0,0.0,0.0,0.0,-1.264868,-0.9126363,3.307777,1.101792,-0.2575718,-3.477628,-0.1651266,0.02504787,-0.01403004,0.9858545,341.0418,3.274457,357.8224,0.3023144,-0.07007425,-0.9506285,0,0,0,1.29397,0.2290954,-2.573266,0.1338997,0.1685835,1.022398,0.9983515,-0.03593528,-0.04475365,0.01939101,0.9450727,-0.3262843,0.05402058,0.3248787,0.9442117,moving,3.35050794652595,6.606492446494827,7.461351108320208,9.363265519081963,0.19217799999999996,0.4866672,0.9043620000000003,0.058057297366426605,0.11485564626056513,0.9916841252331887,3.2464717885614736,6.749696925846286,4.879515065209586,4.949629205770079,4.959430256761131
05/17/2023 16:15:53.947797,2813,True,True,True,True,Eyes,1.097978,-0.2541167,-3.461687,0.1170404,0.4301749,0.8951262,0.0,0.0,0.0,0.0,0.0,0.0,0.0,-1.268008,-0.9177088,3.305484,1.10203,-0.2574953,-3.477856,-0.1659063,0.02547474,-0.01393082,0.985714,340.9518,3.326226,357.8224,0.3022494,-0.07004888,-0.950651,0,0,0,1.297385,0.2313943,-2.573128,0.1362118,0.168947,1.024018,0.998314,-0.03591645,-0.04559921,0.01901077,0.9445621,-0.3277821,0.05484404,0.3263625,0.9436523,moving,3.496139756782649,6.624241973837518,7.576834525738632,9.368515224259923,0.19535499999999995,0.4888896,0.904728,0.060575676054325164,0.11514558616573936,0.991499821082041,3.392015608424775,6.7671163164756765,4.84684419644805,4.917632099940852,4.927472541590566
05/17/2023 16:15:53.967702,2814,True,True,True,True,Eyes,1.097855,-0.2540285,-3.461922,0.1203457,0.431687,0.8939592,0.0,0.0,0.0,0.0,0.0,0.0,0.0,-1.271528,-0.9203635,3.303521,1.102091,-0.2573171,-3.477972,-0.1663249,0.02597851,-0.01383056,0.9856318,340.904,3.38593,357.8224,0.3021843,-0.07002421,-0.9506736,0,0,0,1.300825,0.2337103,-2.57299,0.1385783,0.170006,1.025421,0.9982677,-0.03590542,-0.04660974,0.01862194,0.9442895,-0.3285888,0.05581121,0.3271515,0.9433223,moving,3.634938361748924,6.682337929839879,7.696484924052142,9.413522502769634,0.19873399999999997,0.4910274,0.904982,0.06297010400068252,0.11613362858377371,0.9912353661246348,3.5304366982376476,6.825396017448586,4.822391267875909,4.89443864494863,4.904524087394451
05/17/2023 16:15:53.987870,2815,True,True,True,True,Eyes,1.097735,-0.2539379,-3.462157,0.1235519,0.4331817,0.8927981,0.0,0.0,0.0,0.0,0.0,0.0,0.0,-1.27345,-0.924739,3.301725,1.103256,-0.2564155,-3.477827,-0.1668746,0.02609874,-0.01377345,0.9855365,340.8403,3.401104,357.8244,0.3021209,-0.06999925,-0.9506956,0,0,0,1.304077,0.2358997,-2.57286,0.1404237,0.1700976,1.026166,0.9982583,-0.03585891,-0.04684564,0.01843804,0.9439263,-0.329641,0.0560394,0.3282031,0.9429435,moving,3.809241327809565,6.726040645720614,7.792132021290029,9.411788217966059,0.20082099999999992,0.4923152,0.9049670000000001,0.06597959435190062,0.1168668982208507,0.9909534428021864,3.704474195187829,6.868975418934174,4.731858643749591,4.803817055013189,4.814025699372089
05/17/2023 16:15:53.997616,2816,True,True,True,True,Eyes,1.097612,-0.2538497,-3.462386,0.1268348,0.4346584,0.8916193,0.0,0.0,0.0,0.0,0.0,0.0,0.0,-1.276604,-0.9291784,3.29946,1.1032,-0.256278,-3.478046,-0.167546,0.0265728,-0.01370603,0.9854109,340.7631,3.458851,357.8199,0.3020591,-0.06997395,-0.9507171,0,0,0,1.307474,0.2381866,-2.572723,0.1428952,0.1706169,1.027766,0.998212,-0.03591647,-0.04777747,0.01810781,0.943481,-0.3309316,0.05696303,0.3294748,0.9424445,moving,3.949257771212058,6.753554285009493,7.91536221382186,9.42557349890863,0.20427400000000007,0.49446460000000003,0.9053230000000001,0.06839732885754506,0.11732360131517264,0.9907355577012876,3.8443315316262914,6.896298109140083,4.709347768580816,4.782224495894705,4.792757537437769
05/17/2023 16:15:54.017931,2817,True,True,True,True,Eyes,1.097496,-0.253754,-3.462613,0.1300306,0.4361221,0.8904434,0.0,0.0,0.0,0.0,0.0,0.0,0.0,-1.281077,-0.9328502,3.296849,1.103318,-0.2562675,-3.47816,-0.1682028,0.02719357,-0.01343962,0.9852856,340.6872,3.530101,357.8362,0.3019986,-0.06994841,-0.9507382,0,0,0,1.31109,0.2406212,-2.572577,0.1452514,0.1713726,1.029408,0.9981598,-0.0356318,-0.04906571,0.01733566,0.9430544,-0.3321865,0.05810804,0.3307246,0.9419367,moving,4.0746178242790885,6.7791115881726505,8.031520232595144,9.451740060959688,0.20777200000000007,0.49688869999999996,0.905583,0.07056126950125048,0.11774772124861574,0.9905334285300325,3.969542545537026,6.92169563040594,4.700924910616525,4.774936609263977,4.785476731814089
05/17/2023 16:15:54.027899,2818,True,True,True,True,Eyes,1.097394,-0.2536564,-3.462842,0.133271,0.4375953,0.8892409,0.0,0.0,0.0,0.0,0.0,0.0,0.0,-1.286107,-0.9366931,3.293991,1.103339,-0.2560032,-3.478354,-0.1688704,0.02790518,-0.01311715,0.9851559,340.6101,3.611137,357.8572,0.3019395,-0.06992247,-0.9507589,0,0,0,1.314285,0.242772,-2.572449,0.1471577,0.1715374,1.03095,0.9980985,-0.03526959,-0.0505517,0.01642015,0.9426215,-0.3334595,0.05941209,0.3319953,0.9414082,moving,4.19455601818568,6.803360115578939,8.12351908082679,9.446769918803327,0.21094599999999986,0.4987752,0.9059049999999997,0.07263113485310259,0.11814933767450303,0.9903361229970995,4.089339596846373,6.945788824604773,4.661138892299749,4.735437269712377,4.746526155253661
05/17/2023 16:15:54.047662,2819,True,True,True,True,Eyes,1.097298,-0.2535541,-3.463068,0.1364463,0.439092,0.8880206,0.0,0.0,0.0,0.0,0.0,0.0,0.0,-1.291316,-0.9434289,3.290426,1.103731,-0.2558786,-3.478614,-0.1699408,0.02860678,-0.01291289,0.9849543,340.4865,3.694874,357.8622,0.301882,-0.06989609,-0.9507791,0,0,0,1.317551,0.2449709,-2.572318,0.1486939,0.1710449,1.032752,0.9980298,-0.03516013,-0.0519639,0.01571429,0.9419067,-0.3355067,0.0607416,0.3340291,0.9406036,moving,4.307937500704163,6.783623158934438,8.193046504984213,9.40399128177211,0.2138199999999999,0.5008495,0.9062959999999998,0.07459393676749362,0.11779105842742976,0.9902327879969048,4.2028918645093025,6.925388715170322,4.612338230242063,4.686192598935915,4.6973188882668415
05/17/2023 16:15:54.067653,2820,True,True,True,True,Eyes,1.097191,-0.2534512,-3.463289,0.1397085,0.4405691,0.8867809,0.0,0.0,0.0,0.0,0.0,0.0,0.0,-1.296764,-0.9521822,3.285951,1.103737,-0.2556979,-3.478808,-0.1712038,0.02943859,-0.01302172,0.9847097,340.342,3.801486,357.8259,0.3018261,-0.06986921,-0.9507988,0,0,0,1.320928,0.2472445,-2.572182,0.150252,0.170285,1.03466,0.9979276,-0.03572521,-0.0535182,0.01556522,0.9410394,-0.3379387,0.06243566,0.3364054,0.9396453,moving,4.401697334109346,6.743889185972813,8.262660480995939,9.345992508375087,0.21719100000000013,0.5029424,0.9066259999999997,0.07622063478980365,0.117089868994428,0.9901920717027466,4.2969598852689375,6.884822990942575,4.58254328409137,4.655961567933456,4.6673479202314105
05/17/2023 16:15:54.087494,2821,True,True,True,True,Eyes,1.097084,-0.2533506,-3.463505,0.1428874,0.4420236,0.8855497,0.0,0.0,0.0,0.0,0.0,0.0,0.0,-1.301447,-0.9586303,3.282326,1.103796,-0.2556171,-3.478893,-0.1720518,0.03017246,-0.01338275,0.9845347,340.2465,3.900231,357.7631,0.3017715,-0.06984185,-0.9508182,0,0,0,1.324451,0.2496165,-2.572041,0.1519135,0.170707,1.036394,0.9978211,-0.03673402,-0.05480661,0.01596911,0.9404382,-0.3395896,0.06401672,0.3379744,0.9389756,moving,4.493453888829003,6.754231441421823,8.338969163215488,9.353345883760168,0.22065500000000005,0.5052336,0.9068519999999998,0.07780476359487348,0.11725421100194253,0.9900493987524398,4.388666998040414,6.894947062550869,4.567539206591747,4.641485065139339,4.65280689050278
05/17/2023 16:15:54.097909,2822,True,True,True,True,Eyes,1.09699,-0.2532556,-3.463723,0.146113,0.443407,0.8843309,0.0,0.0,0.0,0.0,0.0,0.0,0.0,-1.305471,-0.9629889,3.279614,1.103707,-0.2555755,-3.479078,-0.1726833,0.03079667,-0.0134678,0.9844037,340.1749,3.979357,357.7367,0.3017181,-0.06981416,-0.9508371,0,0,0,1.327632,0.251758,-2.571913,0.1537866,0.1712778,1.038023,0.9977404,-0.03715165,-0.05598139,0.01587937,0.9399982,-0.3408096,0.06528404,0.3391505,0.9384641,moving,4.609395349747539,6.783044856712702,8.427261483982996,9.369600301472298,0.22392499999999993,0.5073335,0.907165,0.07980347019192521,0.11773341839339799,0.9898334028772425,4.50443370481036,6.9236753492335845,4.53703361566952,4.611547558874082,4.622891590447743
05/17/2023 16:15:54.117707,2823,True,True,True,True,Eyes,1.0969,-0.2531585,-3.463937,0.1492668,0.4447548,0.8831266,0.0,0.0,0.0,0.0,0.0,0.0,0.0,-1.310161,-0.9659759,3.277132,1.104008,-0.2556602,-3.479228,-0.1732187,0.03143193,-0.01330419,0.9842919,340.1134,4.054281,357.7402,0.301666,-0.0697863,-0.9508557,0,0,0,1.331285,0.2542175,-2.571766,0.1558739,0.1723779,1.039763,0.9976701,-0.03707961,-0.05726731,0.01530122,0.9396366,-0.3418319,0.06648545,0.3401591,0.9380147,moving,4.728391854997679,6.817625849032251,8.525885619648076,9.413207128515234,0.22727699999999995,0.5098777,0.9074619999999998,0.0818534065203278,0.11831108411252916,0.9895971445744859,4.6232151361412575,6.958229585687448,4.524111181922577,4.599782719972886,4.610612935242352
05/17/2023 16:15:54.127789,2824,True,True,True,True,Eyes,1.096827,-0.2530621,-3.464146,0.1524303,0.4460145,0.8819502,0.0,0.0,0.0,0.0,0.0,0.0,0.0,-1.315347,-0.967788,3.274713,1.104022,-0.2555001,-3.479418,-0.1734774,0.03220228,-0.01334911,0.9842207,340.0853,4.148749,357.7172,0.3016152,-0.06975824,-0.9508739,0,0,0,1.334806,0.2565878,-2.571624,0.1577061,0.1737953,1.041397,0.9975696,-0.03744968,-0.05875675,0.01510421,0.9394548,-0.3423399,0.06801983,0.3406204,0.9377372,moving,4.826455909164805,6.88083960046718,8.611274231810762,9.474587555553683,0.23078399999999988,0.5120879,0.907794,0.08353619856423909,0.11938609858778598,0.9893274224652845,4.720854387559089,7.021841452559621,4.5113490109809815,4.5882870649025405,4.599057513262883
05/17/2023 16:15:54.147672,2825,True,True,True,True,Eyes,1.096754,-0.2529707,-3.464354,0.1555251,0.4472338,0.8807915,0.0,0.0,0.0,0.0,0.0,0.0,0.0,-1.321,-0.9696308,3.272059,1.104209,-0.2554278,-3.479522,-0.1737445,0.03302194,-0.01343631,0.9841452,340.0566,4.250095,357.688,0.3015661,-0.06973001,-0.9508915,0,0,0,1.337685,0.2585263,-2.571508,0.1586141,0.1749066,1.042784,0.997458,-0.03792132,-0.06032781,0.0149718,0.9392646,-0.342867,0.06966574,0.3410922,0.9374448,moving,4.913807281128103,6.94073922476223,8.648760003425116,9.521613368160043,0.23347600000000002,0.5139541,0.9080139999999997,0.08503384632522529,0.12040499522773299,0.9890761735923312,4.807801751957507,7.082139168696454,4.4626370474551935,4.539910041163068,4.550164245317484
05/17/2023 16:15:54.167593,2826,True,True,True,True,Eyes,1.096708,-0.2528829,-3.464561,0.1586008,0.4483781,0.8796607,0.0,0.0,0.0,0.0,0.0,0.0,0.0,-1.326492,-0.9706995,3.2697,1.104151,-0.2554605,-3.479708,-0.1739604,0.0338353,-0.01337523,0.9840803,340.0331,4.347383,357.677,0.3015185,-0.06970177,-0.9509087,0,0,0,1.341069,0.2608043,-2.571373,0.1603606,0.1764615,1.044451,0.9973525,-0.0380966,-0.06193978,0.01455259,0.9391178,-0.3432871,0.07124682,0.3414769,0.9371859,moving,5.0059244730265915,7.000019567108501,8.728789567383531,9.589644619046622,0.23691799999999996,0.5162648,0.9083350000000001,0.08661323428628986,0.12141170261939929,0.98881617480615,4.899520615094082,7.141792273888861,4.456307053296657,4.534962229215015,4.544808226169976
05/17/2023 16:15:54.177877,2827,True,True,True,True,Eyes,1.096666,-0.2527929,-3.464766,0.1615993,0.4495084,0.8785374,0.0,0.0,0.0,0.0,0.0,0.0,0.0,-1.331244,-0.9715247,3.267774,1.104382,-0.2554499,-3.479871,-0.1741279,0.03449675,-0.0133128,0.9840286,340.0149,4.426213,357.6696,0.3014729,-0.06967361,-0.9509252,0,0,0,1.344437,0.2630719,-2.571237,0.1621075,0.1780822,1.045999,0.9972655,-0.03821405,-0.06325532,0.01418666,0.9390045,-0.3436121,0.07252783,0.3417751,0.9369789,moving,5.110606390396417,7.064604060218972,8.809537725486672,9.662012677293891,0.24005500000000013,0.5185218,0.9086340000000002,0.08840771320818885,0.12250684386007163,0.9885222547229542,5.003769708136116,7.206766708234491,4.439809922128781,4.519803595928436,4.529028921355087
05/17/2023 16:15:54.197803,2828,True,True,True,True,Eyes,1.096642,-0.2527036,-3.464967,0.1645692,0.450597,0.8774277,0.0,0.0,0.0,0.0,0.0,0.0,0.0,-1.33588,-0.9745922,3.265148,1.104435,-0.2553178,-3.480033,-0.1746326,0.03516781,-0.01319536,0.983917,339.9573,4.506464,357.6666,0.3014293,-0.06964545,-0.9509411,0,0,0,1.347778,0.2653214,-2.571103,0.1640289,0.1788367,1.047639,0.9971782,-0.03824918,-0.06459574,0.01368339,0.9386587,-0.344576,0.0738131,0.3427198,0.9365334,moving,5.214256720424946,7.086686758294455,8.898559267839095,9.687272284277185,0.24334299999999986,0.5206392,0.9089300000000002,0.0901917825189857,0.12286808970027055,0.988316205282694,5.107290025054349,7.228728809822355,4.428768009219223,4.509670757254155,4.518645647433537
05/17/2023 16:15:54.217665,2829,True,True,True,True,Eyes,1.09662,-0.2526137,-3.465165,0.1674791,0.4516593,0.8763302,0.0,0.0,0.0,0.0,0.0,0.0,0.0,-1.340392,-0.9777275,3.262545,1.104666,-0.2552487,-3.480138,-0.1750467,0.0358293,-0.0133897,0.9838169,339.9117,4.591836,357.6268,0.3013879,-0.06961732,-0.9509563,0,0,0,1.351116,0.2675688,-2.570969,0.1655633,0.1799764,1.04922,0.9970739,-0.03888963,-0.0658113,0.01380243,0.9383587,-0.3453873,0.07518658,0.3434682,0.9361498,moving,5.305092147659397,7.121840500364317,8.967137884327592,9.73341990031619,0.24645000000000006,0.5228174999999999,0.9091690000000003,0.09175176493321915,0.1234567753049711,0.9880992004390435,5.19789883312369,7.263968107619478,4.415992620625106,4.4978801606648755,4.5061463781787525
05/17/2023 16:15:54.227554,2830,True,True,True,True,Eyes,1.096594,-0.2525228,-3.465361,0.1706943,0.4527184,0.8751626,0.0,0.0,0.0,0.0,0.0,0.0,0.0,-1.344942,-0.9808538,3.259868,1.104673,-0.2551599,-3.480269,-0.1754282,0.03653865,-0.01366748,0.983719,339.8704,4.684659,357.576,0.3013486,-0.0695892,-0.9509709,0,0,0,1.351126,0.2675757,-2.570968,0.1639387,0.1790854,1.049701,0.9969562,-0.03970974,-0.0670922,0.01407011,0.9380763,-0.3461429,0.07668284,0.3441453,0.9357798,moving,5.405837334911625,7.163479023463249,8.87655205217488,9.681793814773885,0.24645300000000003,0.5227356000000001,0.9093009999999997,0.09348083120091363,0.1241547724589841,0.9878496833341874,5.2983737830547275,7.305733588929847,4.210009265592923,4.288096318503316,4.295232464307573
05/17/2023 16:15:54.247846,2831,True,True,True,True,Eyes,1.096571,-0.2524256,-3.465553,0.1738312,0.4537749,0.8739971,0.0,0.0,0.0,0.0,0.0,0.0,0.0,-1.349513,-0.9805581,3.258324,1.104853,-0.2550584,-3.48046,-0.1753852,0.0371882,-0.01368802,0.9837021,339.8771,4.762997,357.56,0.3013111,-0.06956107,-0.9509848,0,0,0,1.351126,0.2675757,-2.570968,0.162432,0.1789561,1.05003,0.9968593,-0.03997439,-0.06836287,0.01388535,0.9381053,-0.3460716,0.07796557,0.3440355,0.9357141,static,5.518024309007273,7.250776320709262,8.793539567980064,9.67196158652625,0.24627299999999996,0.5226341000000001,0.9094919999999997,0.09539694353490769,0.12563678686734883,0.9874789606476208,5.409967953926628,7.393667635647227,3.998497023025539,4.073222103344338,4.079115123901275
05/17/2023 16:15:54.267850,2832,True,True,True,True,Eyes,1.096571,-0.2523372,-3.465747,0.1770671,0.4549398,0.8727411,0.0,0.0,0.0,0.0,0.0,0.0,0.0,-1.354565,-0.9844515,3.255139,1.104868,-0.2548212,-3.480554,-0.1760108,0.03793025,-0.01355971,0.9835638,339.8056,4.852264,357.5557,0.3012753,-0.06953277,-0.9509982,0,0,0,1.351126,0.2675757,-2.570968,0.161024,0.1772511,1.050496,0.9967549,-0.04002594,-0.06984033,0.01332141,0.9376727,-0.3472643,0.07938694,0.345207,0.935163,static,5.630397986937867,7.265772374219727,8.714683086084083,9.57735698316374,0.2462580000000001,0.5223969,0.909586,0.09733057865773251,0.12587156818600398,0.9872604083706629,5.522264465450707,7.408424680186743,3.783945528237534,3.85437906505344,3.8595082567943564
05/17/2023 16:15:54.277571,2833,True,True,True,True,Eyes,1.096574,-0.2522463,-3.465936,0.1802328,0.4560623,0.8715064,0.0,0.0,0.0,0.0,0.0,0.0,0.0,-1.358793,-0.9887555,3.252401,1.1051,-0.2549536,-3.480779,-0.1766796,0.03853398,-0.01358536,0.98342,339.7295,4.928438,357.5356,0.3012416,-0.06950454,-0.9510109,0,0,0,1.351126,0.2675757,-2.570968,0.1595407,0.1758259,1.051168,0.9966611,-0.04033658,-0.07098967,0.0131039,0.9371995,-0.3485475,0.08059069,0.3464535,0.9345989,static,5.748710328081638,7.275966866522097,8.630184509016903,9.495795533732656,0.24602600000000008,0.5225293,0.9098109999999999,0.09936709750481362,0.12602174219792497,0.9870383930450518,5.640535453969389,7.4182998277061,3.5710777558956597,3.6373799316494777,3.640602955679906
05/17/2023 16:15:54.297698,2834,True,True,True,True,Eyes,1.096583,-0.2521513,-3.466122,0.1834759,0.4572467,0.8702081,0.0,0.0,0.0,0.0,0.0,0.0,0.0,-1.363911,-0.9902632,3.249882,1.105157,-0.254809,-3.480849,-0.1768665,0.03930421,-0.01373222,0.9833539,339.7104,5.025113,357.5002,0.30121,-0.0694763,-0.951023,0,0,0,1.351126,0.2675757,-2.570968,0.1578317,0.1752493,1.051497,0.9965332,-0.04091046,-0.07244237,0.01310406,0.9370593,-0.3489242,0.08215744,0.3467653,0.9343468,static,5.849863667896099,7.347686954700448,8.536475621140253,9.462311604619874,0.2459690000000001,0.5223847,0.9098809999999999,0.1010937326575698,0.12723492517759957,0.9867073623317707,5.74120414996806,7.490509423059043,3.3564700160205345,3.41899417919382,3.420752320872882
05/17/2023 16:15:54.317437,2835,True,True,True,True,Eyes,1.096595,-0.2520531,-3.466307,0.1866446,0.4584371,0.8689069,0.0,0.0,0.0,0.0,0.0,0.0,0.0,-1.369371,-0.9949841,3.246335,1.10535,-0.2546427,-3.480979,-0.1775215,0.0401161,-0.01389689,0.9832007,339.6372,5.129406,357.4586,0.3011803,-0.06944795,-0.9510345,0,0,0,1.351126,0.2675757,-2.570968,0.1558858,0.1736382,1.05204,0.9963951,-0.04156981,-0.07395037,0.01308392,0.936586,-0.3501936,0.08381835,0.3479636,0.9337536,static,5.9409641498025225,7.365563870175229,8.428462374660777,9.37212081292023,0.245776,0.5222184000000001,0.9100109999999999,0.10265864773546192,0.127522230311756,0.9865086239129498,5.832201285699122,7.508261801502721,3.1378169095408444,3.19592211781688,3.196019720918288
05/17/2023 16:15:54.327504,2836,True,True,True,True,Eyes,1.09662,-0.2519586,-3.466485,0.1899022,0.4596705,0.8675483,0.0,0.0,0.0,0.0,0.0,0.0,0.0,-1.374597,-1.000561,3.242599,1.105405,-0.2544888,-3.481149,-0.1783735,0.04089485,-0.01386846,0.9830149,339.54,5.226581,357.4396,0.3011525,-0.06941941,-0.9510454,0,0,0,1.351126,0.2675757,-2.570968,0.1542781,0.1715357,1.052679,0.9962705,-0.04185493,-0.07545295,0.0126767,0.9359811,-0.3518219,0.08534802,0.3495533,0.933021,static,6.047579089891082,7.361502036254719,8.337773605897524,9.25509208678865,0.24572100000000008,0.5220645,0.9101809999999997,0.10449541898087016,0.12742777855188017,0.9863279047220175,5.938873437367395,7.503751850943673,2.91802333921684,2.9716450327431576,2.970170809947372
05/17/2023 16:15:54.347449,2837,True,True,True,True,Eyes,1.096648,-0.251863,-3.466655,0.1931099,0.4608935,0.8661903,0.0,0.0,0.0,0.0,0.0,0.0,0.0,-1.381963,-1.004744,3.238275,1.105701,-0.2545033,-3.481151,-0.1790738,0.04195122,-0.01381606,0.9828437,339.4611,5.356056,357.4182,0.3011267,-0.06939081,-0.9510556,0,0,0,1.351126,0.2675757,-2.570968,0.1518923,0.1699318,1.053226,0.9960985,-0.04218279,-0.07751479,0.01213333,0.9354833,-0.3531624,0.08741118,0.350844,0.9323453,static,6.121881715557829,7.372250470058815,8.206401252663191,9.165350058724286,0.245425,0.522079,0.910183,0.10577212765064532,0.12759548924499267,0.9861701353067516,6.0131191003967945,7.514352330010736,2.7004427033169405,2.7496232169965094,2.7452286060850413
05/17/2023 16:15:54.367727,2838,True,True,True,True,Eyes,1.096674,-0.2517733,-3.466821,0.1963753,0.4621013,0.8648116,0.0,0.0,0.0,0.0,0.0,0.0,0.0,-1.389661,-1.008659,3.233803,1.105772,-0.2543964,-3.481176,-0.1797255,0.04308947,-0.01375391,0.9826765,339.3879,5.495057,357.3963,0.3011029,-0.06936213,-0.9510652,0,0,0,1.351126,0.2675757,-2.570968,0.149574,0.1683,1.053771,0.9959083,-0.04251985,-0.07974216,0.01154274,0.9350191,-0.3544093,0.08962987,0.3520387,0.9316841,static,6.191180521193448,7.38758300027655,8.078691274414714,9.074193582893296,0.24535400000000007,0.5219721,0.9102079999999999,0.10696138201129252,0.12784303454965162,0.9860098349822437,6.0823269280512084,7.529611111121665,2.486423712745863,2.5312747975912675,2.5241247226584402
05/17/2023 16:15:54.379519,2839,True,True,True,True,Eyes,1.0967,-0.2516796,-3.466983,0.1995722,0.4632785,0.8634489,0.0,0.0,0.0,0.0,0.0,0.0,0.0,-1.397173,-1.009711,3.230379,1.10595,-0.2544715,-3.481246,-0.1799933,0.04416855,-0.01362885,0.9825813,339.3589,5.623734,357.3858,0.301081,-0.06933357,-0.9510743,0,0,0,1.351126,0.2675757,-2.570968,0.1473012,0.1676196,1.054256,0.9957268,-0.04268299,-0.08189218,0.01088282,0.9348333,-0.3549201,0.09170458,0.3525122,0.9313031,static,6.266016961818981,7.444514453444825,7.953904774321352,9.034026039656814,0.24517600000000006,0.5220472,0.9102779999999999,0.10823557955871643,0.12880484789984814,0.9857456086442311,6.156777211767162,7.5869515637032166,2.2776016623988675,2.3185151175474767,2.307312725888786
05/17/2023 16:15:54.397933,2840,True,True,True,True,Eyes,1.096738,-0.2515861,-3.467143,0.2027526,0.4644347,0.8620857,0.0,0.0,0.0,0.0,0.0,0.0,0.0,-1.402855,-1.012145,3.227247,1.105948,-0.2542912,-3.481347,-0.1803592,0.04502591,-0.01366584,0.9824746,339.3189,5.72976,357.3599,0.3010606,-0.06930499,-0.9510828,0,0,0,1.351126,0.2675757,-2.570968,0.1455464,0.166566,1.054665,0.9955719,-0.04309435,-0.08354412,0.010611,0.9345676,-0.3556273,0.09340315,0.353166,0.9308865,static,6.358686879090228,7.4929680048311775,7.857331133810184,8.97474399689768,0.24517800000000012,0.5218669,0.9103789999999998,0.10981807055397189,0.12961578225215736,0.9854642062938175,6.2491261536358955,7.635644773293143,2.0704787481085183,2.1075091204713203,2.0927278821948287
05/17/2023 16:15:54.417731,2841,True,True,True,True,Eyes,1.096776,-0.2514917,-3.467296,0.2058744,0.4655644,0.8607354,0.0,0.0,0.0,0.0,0.0,0.0,0.0,-1.409298,-1.013149,3.224339,1.106282,-0.2542185,-3.481447,-0.1805381,0.04594021,-0.01367948,0.9823993,339.3007,5.84123,357.3368,0.3010421,-0.06927641,-0.9510908,0,0,0,1.351126,0.2675757,-2.570968,0.1433541,0.1659934,1.055029,0.9954048,-0.04346533,-0.08532393,0.0102895,0.9344378,-0.3559778,0.09520259,0.353464,0.930591,static,6.442989853313812,7.560516796598263,7.737787010844182,8.941355304810068,0.24484400000000006,0.5217942,0.910479,0.11125111716053634,0.13075653034820883,0.9851526920420565,6.3329697656881425,7.703695641745259,1.8599259631404959,1.8929381038241402,1.8722480962376493
05/17/2023 16:15:54.427804,2842,True,True,True,True,Eyes,1.096834,-0.2514094,-3.467448,0.2089215,0.4666477,0.8594136,0.0,0.0,0.0,0.0,0.0,0.0,0.0,-1.415645,-1.015605,3.220817,1.106322,-0.2541113,-3.481472,-0.1809318,0.04689109,-0.01370427,0.9822816,339.2576,5.958506,357.3099,0.3010251,-0.0692478,-0.9510982,0,0,0,1.351126,0.2675757,-2.570968,0.1413774,0.1649613,1.055416,0.9952269,-0.04389108,-0.08716141,0.00995473,0.9341518,-0.3567372,0.09707956,0.3541667,0.9301298,static,6.518233261375816,7.599912222389687,7.629591880985845,8.883443943073441,0.24480400000000002,0.521687,0.910504,0.1125348932621165,0.13141475913576883,0.9849193184328714,6.407952175814778,7.743286306050359,1.6686227672081546,1.6978137881943676,1.6710365066366775
05/17/2023 16:15:54.447571,2843,True,True,True,True,Eyes,1.096889,-0.2513279,-3.467592,0.2118993,0.4676731,0.8581262,0.0,0.0,0.0,0.0,0.0,0.0,0.0,-1.42126,-1.01573,3.218477,1.106517,-0.2543199,-3.481555,-0.1809763,0.04771238,-0.01382126,0.9822323,339.2554,6.060386,357.2774,0.3010102,-0.06921951,-0.951105,0,0,0,1.351126,0.2675757,-2.570968,0.1394254,0.1649926,1.055801,0.995065,-0.04442098,-0.08872664,0.009881751,0.9341131,-0.3568403,0.09873191,0.3542025,0.9299423,static,6.601185386139369,7.67822636175454,7.522752887253679,8.881914305481317,0.24460900000000008,0.5218956,0.910587,0.11394043851354008,0.13273946041431195,0.9845800267376946,6.490367811753742,7.822237869700505,1.4904191648155056,1.5159654761844914,1.479436748449942
05/17/2023 16:15:54.467554,2844,True,True,True,True,Eyes,1.096962,-0.2512497,-3.467735,0.2144894,0.468667,0.8569396,0.0,0.0,0.0,0.0,0.0,0.0,0.0,-1.426226,-1.014766,3.216552,1.106495,-0.2542583,-3.481538,-0.1808622,0.04845611,-0.01382925,0.9822168,339.2708,6.149675,357.2609,0.300997,-0.06919153,-0.9511112,0,0,0,1.351126,0.2675757,-2.570968,0.1379453,0.1651147,1.055936,0.9949216,-0.04469439,-0.09018642,0.00963888,0.9341952,-0.3566319,0.1001912,0.3539515,0.9298818,static,6.674091607405897,7.769110357616429,7.442852808338643,8.887264079212033,0.24463100000000004,0.521834,0.9105699999999999,0.11516902368637982,0.13428190124530712,0.9842278215081057,6.56264524576897,7.913949014524763,1.3345418758387881,1.3569309227730262,1.3122909617733516
05/17/2023 16:15:54.477703,2845,True,True,True,True,Eyes,1.097033,-0.2511694,-3.467874,0.2170101,0.4696208,0.855782,0.0,0.0,0.0,0.0,0.0,0.0,0.0,-1.43007,-1.013981,3.215276,1.10671,-0.2542549,-3.481639,-0.1807655,0.04899547,-0.0138364,0.9822077,339.2836,6.214376,357.2489,0.300986,-0.06916392,-0.9511167,0,0,0,1.351126,0.2675757,-2.570968,0.1366283,0.1652294,1.056125,0.994816,-0.04489382,-0.09124515,0.009467063,0.9342648,-0.3564543,0.1012497,0.3537427,0.9298466,static,6.765539935438548,7.856452706635177,7.371274559151256,8.891773047969412,0.24441599999999997,0.5218306,0.9106709999999998,0.1167160886369798,0.13575742610664815,0.9838430701737106,6.653494954875296,8.002006262926386,1.18050095578011,1.1995009977256428,1.1431939870732155
05/17/2023 16:15:54.497804,2846,True,True,True,True,Eyes,1.097112,-0.2510958,-3.468007,0.2191592,0.4704925,0.8547549,0.0,0.0,0.0,0.0,0.0,0.0,0.0,-1.433118,-1.014686,3.213745,1.106734,-0.2541272,-3.481685,-0.1808492,0.04945792,-0.01390794,0.9821681,339.2756,6.272184,357.2295,0.3009767,-0.06913658,-0.9511217,0,0,0,1.351126,0.2675757,-2.570968,0.1356199,0.1648961,1.056278,0.994721,-0.04520872,-0.09212149,0.009431012,0.9342003,-0.3566244,0.1021824,0.3538729,0.929695,static,6.840739543463461,7.916910966535982,7.316413446022576,8.872857411827852,0.24439199999999994,0.5217029,0.910717,0.11799059405634471,0.1367747513244395,0.9835500870262118,6.728283352197885,8.062914848093312,1.0516821077675582,1.0677543106173726,1.0009515292016482
05/17/2023 16:15:54.517606,2847,True,True,True,True,Eyes,1.097184,-0.2510209,-3.468136,0.2212362,0.471309,0.8537695,0.0,0.0,0.0,0.0,0.0,0.0,0.0,-1.436551,-1.014169,3.212374,1.106823,-0.2542122,-3.481649,-0.180788,0.04996452,-0.01397557,0.9821527,339.2846,6.334448,357.2106,0.3009694,-0.06910969,-0.951126,0,0,0,1.351126,0.2675757,-2.570968,0.1344595,0.165093,1.056386,0.9946164,-0.04551826,-0.09309236,0.009386308,0.9342408,-0.3565195,0.1031988,0.3537263,0.9296384,static,6.907302662126401,7.989801163246547,7.253748235485718,8.882389780091646,0.24430300000000016,0.5217879000000001,0.9106809999999999,0.11911259526389262,0.138007274255523,0.9832426814900534,6.794344318656686,8.13643815143819,0.9442707830829055,0.9574648684007749,0.8760683712408526
05/17/2023 16:15:54.527619,2848,True,True,True,True,Eyes,1.09725,-0.2509464,-3.468261,0.2229992,0.4720805,0.8528841,0.0,0.0,0.0,0.0,0.0,0.0,0.0,-1.437544,-1.012947,3.212316,1.106711,-0.2541046,-3.481694,-0.1805633,0.05013634,-0.01406547,0.9821841,339.3118,6.355911,357.1978,0.3009636,-0.06908316,-0.9511297,0,0,0,1.351126,0.2675757,-2.570968,0.134163,0.1654728,1.056375,0.994577,-0.04573532,-0.0934068,0.0095242,0.9343981,-0.3561031,0.1035656,0.3532824,0.9297665,static,6.99164010935872,8.079385890009775,7.23799719669674,8.902588191549418,0.24441500000000005,0.5216803000000001,0.9107259999999999,0.12053395522836263,0.13952033809614195,0.9828558239173463,6.878065272409028,8.22679152614968,0.848429936310922,0.8592751851076805,0.7656710279792878
05/17/2023 16:15:54.547794,2849,True,True,True,True,Eyes,1.097314,-0.2508788,-3.468381,0.2246791,0.4728185,0.852034,0.0,0.0,0.0,0.0,0.0,0.0,0.0,-1.437078,-1.013471,3.212405,1.106765,-0.2540732,-3.481721,-0.1806685,0.05004836,-0.01396606,0.9821706,339.2987,6.343698,357.2109,0.3009591,-0.069057,-0.9511331,0,0,0,1.351126,0.2675757,-2.570968,0.1343554,0.1651812,1.056392,0.9946002,-0.04551842,-0.09326559,0.009349776,0.9343277,-0.3562925,0.1033585,0.3534966,0.9297081,static,7.105799064225824,8.12649680377869,7.2481513227912,8.887009750041257,0.24436100000000005,0.5216489,0.9107529999999997,0.12247847143150183,0.14029478921943667,0.982505147685617,6.991918519596229,8.274045435579797,0.7652750359902571,0.7737209490194991,0.66436473434128
05/17/2023 16:15:54.567673,2850,True,True,True,True,Eyes,1.097411,-0.2508254,-3.468505,0.2261044,0.4735112,0.8512719,0.0,0.0,0.0,0.0,0.0,0.0,0.0,-1.435448,-1.014021,3.21296,1.106758,-0.2541724,-3.481716,-0.18069,0.04982607,-0.01413249,0.9821756,339.2966,6.320649,357.1956,0.3009557,-0.06903135,-0.951136,0,0,0,1.351126,0.2675757,-2.570968,0.1346891,0.1653123,1.056376,0.9946353,-0.04576732,-0.09276868,0.009755041,0.9343029,-0.3563468,0.1029831,0.3535302,0.929737,static,7.21004877472551,8.1846385664897,7.266070356711237,8.894082975559554,0.24436800000000014,0.5217481,0.9107479999999999,0.12424869984684449,0.14126039524965175,0.9821444218009339,7.095781235011138,8.332500780684002,0.7051810346704489,0.7116528558283589,0.5868329801320245
05/17/2023 16:15:54.578288,2851,True,True,True,True,Eyes,1.097499,-0.2507702,-3.468623,0.2274489,0.4741785,0.8505419,0.0,0.0,0.0,0.0,0.0,0.0,0.0,-1.434024,-1.01353,3.213964,1.10689,-0.2544028,-3.481854,-0.180582,0.04960341,-0.01425717,0.9822049,339.3093,6.295932,357.1863,0.3009541,-0.06900653,-0.9511383,0,0,0,1.351126,0.2675757,-2.570968,0.1348971,0.1657746,1.056479,0.9946725,-0.04592188,-0.09229225,0.01009195,0.9343738,-0.3561514,0.1025906,0.3533225,0.9298593,static,7.311349950564888,8.254900528438304,7.276469259563618,8.917700694864818,0.24423600000000012,0.5219785,0.9108859999999996,0.12596357092169608,0.14243363854574742,0.9817563919019545,7.196608204244968,8.403234048942094,0.659230221872056,0.6637173519049664,0.5206281954750297
05/17/2023 16:15:54.597834,2852,True,True,True,True,Eyes,1.09758,-0.2507135,-3.468736,0.2285796,0.4748039,0.8498898,0.0,0.0,0.0,0.0,0.0,0.0,0.0,-1.431291,-1.014587,3.214762,1.106765,-0.2543073,-3.481821,-0.1806539,0.04923437,-0.01440248,0.9822082,339.3008,6.254995,357.1764,0.300954,-0.06898243,-0.95114,0,0,0,1.351126,0.2675757,-2.570968,0.1356716,0.1656345,1.056354,0.9947371,-0.04608122,-0.09151307,0.0105037,0.9343135,-0.3562976,0.1019205,0.3534612,0.9298803,static,7.414764486087065,8.301692082275034,7.318651443462228,8.911322559866663,0.24436100000000005,0.5218830000000001,0.9108529999999999,0.12772105287040766,0.14320292964433531,0.981417496649802,7.299716462880815,8.450204939183878,0.6140458331452499,0.6171604622553214,0.46150622270319525
05/17/2023 16:15:54.617846,2853,True,True,True,True,Eyes,1.097653,-0.2506541,-3.468843,0.2296301,0.4754159,0.8492643,0.0,0.0,0.0,0.0,0.0,0.0,0.0,-1.428311,-1.013745,3.216282,1.10663,-0.2542023,-3.481806,-0.1804651,0.04881506,-0.01447221,0.9822628,339.322,6.204919,357.1787,0.3009551,-0.06895895,-0.9511414,0,0,0,1.351126,0.2675757,-2.570968,0.136611,0.1660122,1.056141,0.9948153,-0.04604985,-0.09067497,0.0108122,0.9344458,-0.3559412,0.1011219,0.3531154,0.9300988,static,7.522331027218188,8.376223129522316,7.370241035295867,8.933088225308373,0.24449600000000005,0.5217780000000001,0.910838,0.129539700998151,0.14444508943091197,0.9809970407997749,7.4067800140618285,8.52523551616278,0.5753148644862899,0.5772608600518017,0.4094861772107312
05/17/2023 16:15:54.627920,2854,True,True,True,True,Eyes,1.097738,-0.2506052,-3.468948,0.2305163,0.4760121,0.8486899,1.064549,1.343134,0.2561331,-2.565476,-0.532836,-0.7628848,0.3661866,0.1297512,0.1528865,1.05627,1.106528,-0.2540815,-3.48178,-0.1806138,0.04835981,-0.01442686,0.9822587,339.3031,6.149827,357.193,0.3009571,-0.06893595,-0.9511424,0,0,0,1.351126,0.2675757,-2.570968,0.1376716,0.1656212,1.056006,0.9949064,-0.0458107,-0.0897923,0.01087291,0.9343411,-0.3562143,0.1002151,0.3534236,0.93008,static,7.62747293949977,8.407646914519042,7.427763480189498,8.913507782426533,0.2445980000000001,0.5216572,0.910812,0.13132988978849058,0.14494863742343264,0.9806845480741212,7.511725696189478,8.556646178020904,0.5427868466333412,0.5438557582835012,0.36660586249347893
05/17/2023 16:15:54.647631,2855,True,True,True,True,Eyes,1.097815,-0.2505582,-3.469043,0.2313406,0.4765834,0.8481449,1.060672,1.343191,0.2549404,-2.56944,-0.5290558,-0.8424453,0.1019118,0.1308184,0.1532732,1.052161,1.106625,-0.2542694,-3.481794,-0.1806831,0.04798021,-0.01451186,0.9822632,339.2945,6.106282,357.1906,0.3009602,-0.06891368,-0.951143,0,0,0,1.351126,0.2675757,-2.570968,0.1382704,0.1657116,1.055996,0.9949747,-0.04584736,-0.08901428,0.0111705,0.9342861,-0.3563493,0.09950248,0.3535642,0.930103,static,7.715944136691375,8.448215560513633,7.459777159011209,8.918377901598634,0.24450100000000008,0.5218451,0.9108259999999997,0.13283092150970774,0.145613607823177,0.9803839070831025,7.5999310336261665,8.597374763184547,0.5350284710441942,0.5354195994062215,0.3502657897101547
05/17/2023 16:15:54.667640,2856,True,True,True,True,Eyes,1.097916,-0.2505254,-3.469143,0.2320077,0.4771073,0.847668,1.058802,1.343566,0.2546369,-2.57163,-0.5040064,-0.8625705,-0.0441542,0.1322634,0.1539084,1.049826,1.106491,-0.2542651,-3.481647,-0.1806584,0.04762703,-0.0145043,0.9822851,339.2964,6.063385,357.1995,0.3009641,-0.06889215,-0.9511433,0,0,0,1.351126,0.2675757,-2.570968,0.1391363,0.1658465,1.055763,0.9950426,-0.04570315,-0.088326,0.01128626,0.9343044,-0.3562976,0.09880728,0.3535345,0.9301884,static,7.795733494600458,8.493398477623613,7.50759961257612,8.927459279489845,0.24463500000000016,0.5218408000000001,0.910679,0.1341811260548103,0.14635982030057126,0.9800888812800747,7.679419326814427,8.642805953558451,0.5209085940517947,0.520989360435673,0.332489894831013
05/17/2023 16:15:54.677564,2857,True,True,True,True,Eyes,1.098013,-0.250481,-3.469238,0.232628,0.4776309,0.847203,1.057451,1.344006,0.2545902,-2.573363,-0.4746215,-0.8655974,-0.159611,0.1336028,0.1554701,1.048238,1.106624,-0.2545305,-3.481806,-0.1802783,0.04722492,-0.01436486,0.9823763,339.3385,6.009806,357.228,0.3009695,-0.06887164,-0.9511431,0,0,0,1.351126,0.2675757,-2.570968,0.1398908,0.1668344,1.055746,0.995127,-0.04525066,-0.08760592,0.01119615,0.9345868,-0.3555589,0.09796463,0.3528454,0.9305391,static,7.883942079544407,8.577100333139269,7.547963377013567,8.9799157779814,0.244502,0.5221062000000001,0.910838,0.13566125982461263,0.14776139057408186,0.9796747318708503,7.767054395225222,8.727190770891236,0.5246413997274466,0.5245397708064382,0.33447093067969835
05/17/2023 16:15:54.702564,2858,True,True,True,True,Eyes,1.098153,-0.2504449,-3.469335,0.233152,0.4781448,0.846769,1.056435,1.344463,0.2546841,-2.574779,-0.4441289,-0.8592121,-0.2539763,0.1347273,0.1551906,1.046876,1.10664,-0.2542177,-3.481776,-0.1805961,0.04690566,-0.01449522,0.9823314,339.3015,5.975851,357.2169,0.300976,-0.06885174,-0.9511425,0,0,0,1.351126,0.2675757,-2.570968,0.1404421,0.1659555,1.055627,0.9951795,-0.04542017,-0.08691824,0.01153626,0.93435,-0.3561701,0.09738936,0.3534505,0.9303699,static,7.9454480349623395,8.583563439282917,7.578208681615081,8.934364448154327,0.24448599999999998,0.5217934,0.9108079999999998,0.13671101008116388,0.1478503658436114,0.9795153971605233,7.828530556792163,8.733501942638874,0.5078973078837778,0.5078642441362762,0.3209467047877513
05/17/2023 16:15:54.717620,2859,True,True,True,True,Eyes,1.098288,-0.2504157,-3.469424,0.2336697,0.4786273,0.8463537,1.055651,1.344962,0.2548479,-2.57597,-0.4109419,-0.8484945,-0.3334423,0.1349212,0.1552408,1.046052,1.106858,-0.2543449,-3.481817,-0.1809644,0.04685912,-0.0148816,0.98226,339.2609,5.980686,357.1687,0.3009847,-0.06883259,-0.9511411,0,0,0,1.351126,0.2675757,-2.570968,0.1400344,0.1654198,1.055812,0.9951655,-0.04619486,-0.08666959,0.01227554,0.9340609,-0.3569028,0.09744176,0.3541134,0.9301123,static,7.966866075591771,8.585117833833255,7.555155151591141,8.904452077867122,0.24426800000000015,0.5219206000000001,0.9108489999999998,0.13707677522584483,0.1478694060237332,0.9794614862070596,7.849943187310264,8.734995003013363,0.5207842610668992,0.5210376611667659,0.34002306718975894
05/17/2023 16:15:54.727394,2860,True,True,True,True,Eyes,1.098426,-0.2503895,-3.46951,0.2340393,0.4790508,0.8460118,1.055099,1.34536,0.2550567,-2.576883,-0.3844306,-0.8346789,-0.3943656,0.1349561,0.1561947,1.045282,1.106899,-0.2544867,-3.481718,-0.1809066,0.04691653,-0.01528599,0.9822618,339.2702,5.996178,357.1192,0.3009951,-0.06881432,-0.9511392,0,0,0,1.351126,0.2675757,-2.570968,0.1395931,0.1658531,1.055778,0.9951304,-0.0470047,-0.08663794,0.01305467,0.9340783,-0.3568295,0.09769928,0.3539608,0.9301434,static,7.968305139504271,8.630459298160051,7.531859585913173,8.927684033496458,0.24422699999999997,0.5220624,0.9107499999999997,0.1370852600994133,0.14864427449537565,0.9793429122567793,7.851059297997024,8.780879848705599,0.5274907399708324,0.5280409686238723,0.35134018396209965
05/17/2023 16:15:54.747614,2861,True,True,True,True,Eyes,1.098564,-0.2503735,-3.469589,0.2343862,0.4794452,0.8456923,1.054657,1.345761,0.2552765,-2.577674,-0.3576665,-0.8198901,-0.4470513,0.1355526,0.156577,1.044676,1.106719,-0.2545122,-3.481673,-0.1809961,0.04690411,-0.01538341,0.9822443,339.2604,5.997307,357.1071,0.3010072,-0.06879694,-0.9511366,0,0,0,1.351126,0.2675757,-2.570968,0.1397307,0.1657414,1.055793,0.9951267,-0.04719946,-0.08657388,0.01324161,0.9340075,-0.3570079,0.09771124,0.3541217,0.9300808,static,7.987115045287777,8.651087207206357,7.539092665936458,8.921643388052457,0.24440700000000004,0.5220879,0.9107049999999997,0.13739953198603316,0.148990305185395,0.9792462991523389,7.869727087550976,8.801687029472413,0.5225271149791331,0.5233781609827113,0.3517224029261587
05/17/2023 16:15:54.767643,2862,True,True,True,True,Eyes,1.098707,-0.2503645,-3.469663,0.2346675,0.4797779,0.8454256,1.054332,1.346124,0.2554806,-2.578304,-0.3333979,-0.8061121,-0.4889062,0.1360016,0.1576133,1.044125,1.10688,-0.2547332,-3.481619,-0.1807923,0.04684121,-0.01526279,0.9822868,339.2831,5.985963,357.1245,0.301021,-0.06878064,-0.9511334,0,0,0,1.351126,0.2675757,-2.570968,0.1397776,0.1663614,1.055715,0.9951459,-0.04692192,-0.08650421,0.01304781,0.9341624,-0.3566095,0.09754178,0.3537498,0.9302401,static,8.016385009083937,8.69704359767794,7.542144793758904,8.955128239598535,0.24424599999999996,0.5223089000000001,0.9106509999999997,0.13788344048545445,0.14976553727979056,0.9790600363119774,7.898677086456063,8.848090099659053,0.5387230067493135,0.5399180162087712,0.3722531922463478
05/17/2023 16:15:54.777781,2863,True,True,True,True,Eyes,1.098841,-0.2503545,-3.469733,0.2349508,0.4800704,0.8451807,1.054081,1.346498,0.2556788,-2.578844,-0.3085669,-0.7931395,-0.5250866,0.1360897,0.1588426,1.043615,1.107104,-0.2548776,-3.481566,-0.1804415,0.04692344,-0.01516517,0.9823488,339.3236,5.99184,357.1371,0.3010364,-0.06876551,-0.9511297,0,0,0,1.351126,0.2675757,-2.570968,0.1394567,0.1672154,1.055596,0.9951364,-0.04672883,-0.08671752,0.01286109,0.9344217,-0.3559362,0.09766322,0.3530898,0.9304781,static,8.02932447248941,8.756640792315421,7.525866860813563,9.001345891866848,0.24402199999999996,0.5224533,0.9105979999999998,0.13808299833814847,0.15077959207717584,0.9788761327217438,7.911194984487505,8.908360177491096,0.5581427805870631,0.5597768774260163,0.39638883179530854
05/17/2023 16:15:54.797997,2864,True,True,True,True,Eyes,1.09899,-0.2503518,-3.469802,0.2351658,0.4803104,0.8449847,1.053902,1.346832,0.2558484,-2.579271,-0.2863434,-0.7819775,-0.5536412,0.1361608,0.1598917,1.043231,1.10703,-0.2548349,-3.481565,-0.1800603,0.04711769,-0.01513528,0.98241,339.3683,6.012545,357.1393,0.301053,-0.06875142,-0.9511254,0,0,0,1.351126,0.2675757,-2.570968,0.1391629,0.1679587,1.055512,0.9951017,-0.04670614,-0.08712725,0.01277005,0.9346985,-0.3552122,0.0980283,0.3523597,0.9307164,static,8.02335628351549,8.816189064264153,7.5107837895663545,9.041406530363242,0.2440960000000001,0.5224106,0.9105969999999997,0.1379592657272522,0.15179953501143,0.978736082527972,7.904800569676106,8.968651493541136,0.5578626275657176,0.5598691530968023,0.40067757410546734
05/17/2023 16:15:54.817831,2865,True,True,True,True,Eyes,1.09913,-0.2503476,-3.469872,0.2353609,0.48054,0.8447997,1.053748,1.347141,0.2560205,-2.579666,-0.2656511,-0.770242,-0.5797902,0.1361514,0.1612442,1.042881,1.107139,-0.2549769,-3.481563,-0.1796193,0.04723351,-0.015133,0.9824851,339.4199,6.024073,357.1404,0.3010712,-0.06873845,-0.9511206,0,0,0,1.351126,0.2675757,-2.570968,0.1388174,0.1690169,1.055432,0.99508,-0.04670399,-0.08737607,0.0127678,0.9350159,-0.3543761,0.09824879,0.3515169,0.9310118,static,8.023930415518807,8.882981826561002,7.492910313763414,9.098098969885042,0.24398699999999995,0.5225526,0.9105949999999998,0.13794450109507628,0.15294069876956062,0.9785603891668665,7.904898547964155,9.036250498223072,0.5705553078488994,0.5729378097317402,0.41660477501676146
05/17/2023 16:15:54.827401,2866,True,True,True,True,Eyes,1.099279,-0.2503459,-3.46994,0.2355015,0.4807548,0.8446382,1.053635,1.347412,0.2561944,-2.579999,-0.247695,-0.7589499,-0.6021979,0.1368313,0.1615085,1.042694,1.107046,-0.2549302,-3.481662,-0.1795579,0.04715728,-0.01491447,0.9825034,339.4254,6.009795,357.1689,0.3010904,-0.06872647,-0.9511154,0,0,0,1.351126,0.2675757,-2.570968,0.1392129,0.1689977,1.055467,0.9951075,-0.04624195,-0.08730833,0.01237211,0.935073,-0.354239,0.09802037,0.3514257,0.9310703,static,8.04949165582781,8.901674788812622,7.513768199897779,9.096786104901119,0.24408000000000007,0.5225059000000001,0.9106939999999999,0.13837431524753738,0.15325065967650625,0.978451126685958,7.930333259019508,9.05507404989062,0.5674225193330236,0.5701473905047717,0.41864823421852443
05/17/2023 16:15:54.847488,2867,True,True,True,True,Eyes,1.099421,-0.250338,-3.470006,0.2356249,0.4809685,0.8444822,1.053521,1.347657,0.2563724,-2.580326,-0.2312353,-0.746684,-0.6236933,0.1372737,0.1618387,1.042422,1.107206,-0.2549757,-3.481651,-0.1795571,0.0470033,-0.01486962,0.9825115,339.4248,5.990256,357.1776,0.301111,-0.06871542,-0.9511097,0,0,0,1.351126,0.2675757,-2.570968,0.1393955,0.1690426,1.055412,0.9951392,-0.0460987,-0.08702266,0.0123396,0.9350763,-0.3542317,0.09770244,0.351436,0.9310998,static,8.075827068977018,8.91727358614805,7.523898460422226,9.099628794616358,0.24392000000000014,0.5225514,0.9106829999999997,0.13881844793128778,0.15350741522348926,0.9783480411358993,7.956564412819505,9.070763091077952,0.5781729343834431,0.5812732670584027,0.4336277841704933
05/17/2023 16:15:54.867647,2868,True,True,True,True,Eyes,1.099575,-0.2503381,-3.470067,0.2357081,0.4812194,0.8443161,1.053422,1.347875,0.256589,-2.580646,-0.2167981,-0.732542,-0.6452756,0.1378599,0.1618045,1.042188,1.107176,-0.2548215,-3.481682,-0.1796815,0.04680201,-0.01499049,0.9824966,339.4105,5.969294,357.1666,0.3011325,-0.06870507,-0.9511036,0,0,0,1.351126,0.2675757,-2.570968,0.1397494,0.1686873,1.055379,0.9951698,-0.04627513,-0.08657861,0.0126373,0.9349797,-0.3544761,0.09735267,0.3516698,0.9310483,static,8.098396659460333,8.924311150435534,7.543013752418926,9.081101075404062,0.2439500000000001,0.5223972,0.910714,0.13920138181131986,0.15361925377245056,0.9782761349605715,7.97908979725144,9.077801374693983,0.5735427046708966,0.5770903343545107,0.4360885287433565
05/17/2023 16:15:54.887455,2869,True,True,True,True,Eyes,1.099716,-0.2503397,-3.470129,0.2357741,0.4814394,0.8441722,1.053344,1.348068,0.2567816,-2.580926,-0.203902,-0.7195733,-0.6638058,0.1380414,0.1616074,1.042086,1.107299,-0.2550089,-3.481601,-0.1800471,0.04667985,-0.01519839,0.9824322,339.3689,5.961067,357.1415,0.3011552,-0.06869557,-0.9510971,0,0,0,1.351126,0.2675757,-2.570968,0.1397227,0.1681998,1.055455,0.9951801,-0.04667191,-0.08624672,0.01305362,0.9347041,-0.355187,0.09719242,0.3523493,0.9308081,static,8.107254858879486,8.902423252739476,7.541052405486351,9.054651245073709,0.24382700000000002,0.5225846000000001,0.9106329999999998,0.13936088093052107,0.1532420483357332,0.9783125496711919,7.988106428308166,9.055615420772046,0.5825893031848439,0.586309286877256,0.44705506255487737
05/17/2023 16:15:54.897639,2870,True,True,True,True,Eyes,1.09987,-0.2503355,-3.47019,0.235815,0.4816826,0.844022,1.053266,1.348246,0.2570043,-2.581211,-0.192022,-0.7048206,-0.6829022,0.1387383,0.1625907,1.041853,1.107166,-0.2550396,-3.481673,-0.1797297,0.04650627,-0.0151502,0.9824994,339.405,5.937384,357.1535,0.3011787,-0.06868686,-0.9510903,0,0,0,1.351126,0.2675757,-2.570968,0.1402329,0.16888,1.055387,0.9952153,-0.04648724,-0.08593886,0.01305301,0.9349354,-0.3545778,0.09683064,0.3517595,0.9310688,static,8.131816960178314,8.956046225571729,7.568752059362685,9.091233960944816,0.24395999999999995,0.5226153,0.9107049999999997,0.13976030660489241,0.15414881373324166,0.978113070035413,8.012292646268609,9.109795478702628,0.5750403448040177,0.5790663229076769,0.44392880304652976
05/17/2023 16:15:54.917526,2871,True,True,True,True,Eyes,1.100017,-0.2503314,-3.47025,0.2358476,0.4819402,0.8438658,1.053186,1.348409,0.2572411,-2.581503,-0.1810983,-0.6887115,-0.702054,0.139177,0.1619177,1.041693,1.107349,-0.2548862,-3.481685,-0.1801191,0.04633264,-0.01501552,0.9824383,339.3585,5.915597,357.1705,0.3012032,-0.06867871,-0.9510831,0,0,0,1.351126,0.2675757,-2.570968,0.1405022,0.1678689,1.055404,0.9952556,-0.04619443,-0.08562876,0.01281286,0.9346633,-0.3553032,0.09644709,0.3525204,0.9308208,static,8.157305183012825,8.92713696557655,7.582997208877665,9.037561747034491,0.24377700000000013,0.5224619,0.910717,0.14020653022216029,0.15364548289659313,0.9781283809807256,8.037993776680748,9.080440953084661,0.5802714355402273,0.584827565625344,0.45701258519222265
05/17/2023 16:15:54.927469,2872,True,True,True,True,Eyes,1.100167,-0.2503273,-3.470307,0.2359205,0.4821689,0.8437148,1.053138,1.348624,0.2574632,-2.581759,-0.1668188,-0.6742178,-0.7194454,0.1395985,0.161498,1.041674,1.107333,-0.2548924,-3.481717,-0.1804692,0.04623074,-0.01504389,0.9823784,339.3176,5.905803,357.1667,0.3012284,-0.06867108,-0.9510757,0,0,0,1.351126,0.2675757,-2.570968,0.1406997,0.1671384,1.055528,0.9952728,-0.04624403,-0.08540225,0.01287114,0.9344091,-0.355969,0.09626208,0.353187,0.9305872,static,8.171204399536846,8.903890307420182,7.592650465037347,8.997838883566628,0.24379300000000015,0.5224681,0.910749,0.1404526898992196,0.15324321814567898,0.9781562002967265,8.052062449849943,9.056860930024188,0.5812563671176506,0.5861322291810906,0.4631878385250281
05/17/2023 16:15:54.947574,2873,True,True,True,True,Eyes,1.10031,-0.2503197,-3.470363,0.2359973,0.4824165,0.8435518,1.053083,1.348835,0.2577052,-2.582033,-0.1527124,-0.6578891,-0.7374692,0.1394657,0.1619985,1.041493,1.107536,-0.2548852,-3.481715,-0.1804042,0.0462612,-0.0151783,0.9823868,339.3261,5.91207,357.1504,0.3012545,-0.0686639,-0.9510679,0,0,0,1.351126,0.2675757,-2.570968,0.1403418,0.1673147,1.055496,0.995259,-0.04651336,-0.08541632,0.0131305,0.9344478,-0.3558578,0.09636925,0.3530492,0.9306284,static,8.167929418759444,8.930995045744604,7.573788335120231,9.00744301237766,0.24358999999999997,0.5224609,0.9107469999999998,0.1403865399377069,0.1537073947234289,0.978092889542928,8.04859331482713,9.084305971264774,0.5936134153813691,0.5990391630522228,0.480986156976842
05/17/2023 16:15:54.967514,2874,True,True,True,True,Eyes,1.10045,-0.2503186,-3.470419,0.2360991,0.4826486,0.8433906,1.053055,1.349076,0.257937,-2.582283,-0.1366712,-0.6424013,-0.7540833,0.1395579,0.1613544,1.041512,1.107507,-0.2548029,-3.481728,-0.1808166,0.04635156,-0.0151892,0.9823066,339.2784,5.925423,357.144,0.301281,-0.06865706,-0.95106,0,0,0,1.351126,0.2675757,-2.570968,0.1401815,0.16635,1.055646,0.9952417,-0.04660315,-0.08556996,0.01307863,0.9341493,-0.3566428,0.0965558,0.3538266,0.9303137,static,8.162967121747558,8.899104441265182,7.564175200956116,8.955100336835136,0.24361900000000003,0.5223786,0.9107599999999998,0.14031380443561878,0.15316457234091926,0.9781885351687355,8.04385711818834,9.052047964821002,0.5955732904392179,0.6014044435534088,0.4893808172493767
05/17/2023 16:15:54.977899,2875,True,True,True,True,Eyes,1.100582,-0.2503155,-3.470472,0.236201,0.4828723,0.8432339,1.053036,1.349311,0.2581662,-2.582517,-0.1209999,-0.6270216,-0.7695472,0.1395042,0.1610904,1.041647,1.107628,-0.2549613,-3.48181,-0.1811303,0.04644524,-0.01515351,0.9822449,339.242,5.93763,357.1438,0.3013079,-0.06865069,-0.951052,0,0,0,1.351126,0.2675757,-2.570968,0.1398827,0.1657761,1.055898,0.9952264,-0.0465942,-0.08575167,0.01294365,0.9339244,-0.3572362,0.09673072,0.354421,0.9300693,static,8.159668364959437,8.877092875982457,7.546457401777779,8.922608102477723,0.243498,0.522537,0.9108419999999997,0.14026570694687174,0.1527898038200273,0.9782539485843293,8.040714454096577,9.02978233827123,0.6087253151681545,0.6148978136317379,0.5057433643507238
05/17/2023 16:15:54.997802,2876,True,True,True,True,Eyes,1.100699,-0.2503169,-3.470524,0.2363236,0.4830823,0.8430793,1.053045,1.349559,0.2583907,-2.582724,-0.1045038,-0.6123168,-0.7836753,0.1397078,0.1613075,1.041529,1.107572,-0.2549155,-3.481768,-0.1811693,0.04646202,-0.01526585,0.9822353,339.2382,5.942336,357.1296,0.301335,-0.06864471,-0.9510438,0,0,0,1.351126,0.2675757,-2.570968,0.13983,0.1657054,1.05587,0.9952165,-0.04682429,-0.08574186,0.01315432,0.9338892,-0.3573204,0.09680468,0.3544832,0.9300379,static,8.16113214041504,8.889709432663105,7.543844807585546,8.919096697385475,0.24355400000000005,0.5224912,0.9108,0.14028598321206515,0.15300477423917122,0.9782174812141644,8.042088647441211,9.042546115267333,0.6114303540761683,0.6179864582655619,0.5133095389036595
05/17/2023 16:15:55.017778,2877,True,True,True,True,Eyes,1.100811,-0.2503147,-3.470576,0.2364483,0.4832905,0.842925,1.053052,1.349803,0.2586152,-2.582932,-0.08820428,-0.5971326,-0.7972783,0.1398037,0.1612019,1.041636,1.107721,-0.2550389,-3.481872,-0.181388,0.04646604,-0.01524137,0.982195,339.2127,5.943466,357.1309,0.3013619,-0.0686392,-0.9510357,0,0,0,1.351126,0.2675757,-2.570968,0.1396759,0.1653061,1.056069,0.9952173,-0.04679677,-0.08574823,0.01308324,0.9337322,-0.3577331,0.09680664,0.3549003,0.9298787,static,8.168835551122871,8.878777684019383,7.534223029124783,8.896298810029727,0.2434050000000001,0.5226146,0.9109039999999999,0.14042167208261844,0.1528151638869298,0.9782276530971065,8.049872054452972,9.031453233596942,0.6278790989628953,0.6348543478101446,0.5330671960754081
05/17/2023 16:15:55.027410,2878,True,True,True,True,Eyes,1.100895,-0.2503141,-3.470623,0.236591,0.4834732,0.8427801,1.053085,1.350045,0.2588244,-2.583104,-0.07206116,-0.5833811,-0.8089954,0.1398832,0.161157,1.04163,1.107698,-0.2549577,-3.481896,-0.1815035,0.04653435,-0.01532047,0.9821693,339.1999,5.954077,357.119,0.3013885,-0.06863403,-0.9510277,0,0,0,1.351126,0.2675757,-2.570968,0.1395061,0.1649979,1.056126,0.9951997,-0.04698687,-0.08584777,0.01320229,0.9336435,-0.3579601,0.09697064,0.3551084,0.9297821,static,8.166864364057613,8.879809523670506,7.524767433568462,8.879505325019428,0.24342799999999998,0.5225334,0.9109279999999997,0.14038760496271996,0.15283351649668384,0.9782296100422125,8.04789298699633,9.032504937815117,0.6346768977753412,0.6420970025474414,0.5450405729529163
05/17/2023 16:15:55.047883,2879,True,True,True,True,Eyes,1.100974,-0.2503112,-3.470669,0.2367357,0.4836619,0.8426312,1.053117,1.350284,0.2590416,-2.583279,-0.05611213,-0.5688187,-0.8205466,0.1398332,0.161352,1.041653,1.107839,-0.2550246,-3.481936,-0.1815767,0.04657163,-0.01542385,0.9821523,339.1921,5.961254,357.1051,0.3014141,-0.06862924,-0.9510199,0,0,0,1.351126,0.2675757,-2.570968,0.1392109,0.1649219,1.056212,0.9951864,-0.04720979,-0.08587963,0.0133845,0.933584,-0.3581086,0.09708209,0.3552354,0.929722,static,8.16761122607917,8.8868888395397,7.508422208506977,8.874769284822229,0.24328700000000003,0.5226003,0.910968,0.14039770677423558,0.1529541639443035,0.9782093191358253,8.048589563584423,9.039667139651925,0.6514331764268418,0.6593004205173412,0.5647761273449855
05/17/2023 16:15:55.067566,2880,True,True,True,True,Eyes,1.101045,-0.2503137,-3.470711,0.2368919,0.4838198,0.8424967,1.053167,1.350532,0.2592292,-2.583422,-0.03959981,-0.5562983,-0.8300387,0.1399305,0.161109,1.041677,1.107785,-0.2549692,-3.481921,-0.1817924,0.04664505,-0.01551568,0.9821075,339.1678,5.973318,357.0908,0.3014388,-0.06862471,-0.9510124,0,0,0,1.351126,0.2675757,-2.570968,0.1390552,0.1644429,1.056279,0.995167,-0.04743556,-0.08597961,0.01351671,0.9334216,-0.3585268,0.09726214,0.3556319,0.9295515,static,8.165094705797662,8.875010540590656,7.499649774620548,8.848849478137089,0.24334100000000003,0.5225449,0.9109529999999997,0.14035918538406933,0.1527522129000836,0.9782464521790957,8.046157081913634,9.027654494902183,0.6577579209808031,0.6659589759272064,0.5750143223825869
05/17/2023 16:15:55.087747,2881,True,True,True,True,Eyes,1.101111,-0.2503166,-3.470752,0.2370331,0.4839601,0.8423764,1.053229,1.350761,0.259404,-2.583537,-0.02436453,-0.544911,-0.83814,0.140004,0.1612682,1.041739,1.107885,-0.2551145,-3.48193,-0.1818854,0.04665294,-0.0155623,0.9820892,339.1573,5.97581,357.0843,0.3014625,-0.06862058,-0.9510053,0,0,0,1.351126,0.2675757,-2.570968,0.1388987,0.1643917,1.056365,0.9951627,-0.04753812,-0.08597359,0.01359616,0.933351,-0.3587075,0.09729581,0.3558034,0.9294823,static,8.170883490495168,8.875638981914014,7.490702244057209,8.84542914690407,0.24324100000000004,0.5226902,0.910962,0.14045783241357368,0.15276078480512714,0.9782309584673662,8.051942918796662,9.02826888042175,0.6723987242316699,0.6808517916090282,0.5902723635194291
05/17/2023 16:15:55.097624,2882,True,True,True,True,Eyes,1.101157,-0.2503175,-3.470794,0.2371881,0.4840688,0.8422703,1.053287,1.350984,0.2595461,-2.583641,-0.009455248,-0.5351889,-0.8446794,0.1405426,0.1618177,1.04163,1.107806,-0.2551216,-3.481924,-0.1817184,0.04653174,-0.01557095,0.9821256,339.1764,5.96046,357.0872,0.3014851,-0.06861684,-0.9509984,0,0,0,1.351126,0.2675757,-2.570968,0.1392159,0.1647732,1.05628,0.9951847,-0.04749661,-0.08574098,0.01367392,0.9334719,-0.3583896,0.09705909,0.3554914,0.9296265,static,8.193735957525684,8.904602723987386,7.508210938597813,8.866332900032376,0.24331999999999998,0.5226973,0.9109559999999997,0.14083726128309615,0.15324692906005793,0.9781003531054869,8.074594896968012,9.057497655164994,0.6778611218847939,0.6865924052897799,0.5977748337827626
05/17/2023 16:15:55.117683,2883,True,True,True,True,Eyes,1.101199,-0.2503179,-3.470829,0.2373329,0.4841647,0.8421744,1.05335,1.351194,0.2596769,-2.583725,0.004488911,-0.5264282,-0.8502078,0.1408871,0.16198,1.041668,1.107908,-0.2550961,-3.482046,-0.1817114,0.04636598,-0.01569212,0.982133,339.1775,5.943092,357.0764,0.3015063,-0.0686134,-0.9509919,0,0,0,1.351126,0.2675757,-2.570968,0.1393545,0.1647804,1.056329,0.9952079,-0.04767394,-0.08537225,0.01397304,0.9334695,-0.3583846,0.09677799,0.3554743,0.9296623,static,8.216138062468646,8.916806488098583,7.5152558837845715,8.866309405290824,0.24321800000000016,0.5226718,0.9110779999999998,0.14121524532622942,0.15344691314948963,0.9780145098597492,8.096915910802263,9.069765291702756,0.6935181739542303,0.7026989282537927,0.6162164268711819
05/17/2023 16:15:55.127800,2884,True,True,True,True,Eyes,1.101205,-0.2503224,-3.470864,0.2374464,0.4842335,0.8421028,1.053408,1.351333,0.2597732,-2.583786,0.01377366,-0.51991,-0.8541099,0.1412129,0.1623897,1.041502,1.107834,-0.2550845,-3.481933,-0.1816047,0.04628303,-0.01578141,0.9821551,339.1902,5.934467,357.0682,0.3015261,-0.06861022,-0.9509858,0,0,0,1.351126,0.2675757,-2.570968,0.1395422,0.1650794,1.056172,0.9952177,-0.04781001,-0.08518226,0.01418915,0.9335413,-0.3581889,0.09664617,0.3552672,0.9297552,static,8.229014876992785,8.937147769618246,7.5263682406689405,8.883440625883326,0.24329200000000006,0.5226602,0.910965,0.1414274165765821,0.15378940879774988,0.9779300101465147,8.109651081171037,9.090304577708471,0.6953893405958526,0.7046962131481741,0.6188792827271814
05/17/2023 16:15:55.147943,2885,True,True,True,True,Eyes,1.101207,-0.2503236,-3.470898,0.2375292,0.4842903,0.8420469,1.053457,1.351434,0.2598557,-2.583837,0.02052173,-0.5143179,-0.857354,0.1419271,0.1629759,1.041503,1.107812,-0.2552193,-3.482046,-0.1814199,0.04599214,-0.01574164,0.9822036,339.2106,5.897483,357.0809,0.3015438,-0.06860742,-0.9509804,0,0,0,1.351126,0.2675757,-2.570968,0.140164,0.1655745,1.056181,0.9952738,-0.04761076,-0.08463559,0.0142352,0.9336781,-0.3578306,0.09605897,0.3549346,0.929943,static,8.267964586320446,8.964547158323874,7.559455052253896,8.90958199891911,0.24331400000000003,0.522795,0.9110779999999998,0.14208204039420677,0.15424245481267104,0.9777638550576104,8.148415721953311,9.117889829386296,0.7011811529043103,0.710638395114977,0.6247133924342663
05/17/2023 16:15:55.167608,2886,True,True,True,True,Eyes,1.101192,-0.250331,-3.47093,0.2376043,0.4843431,0.8419952,1.053522,1.351513,0.2599352,-2.583869,0.02579135,-0.5094129,-0.8601356,0.1428008,0.1633491,1.041325,1.107729,-0.2551318,-3.482038,-0.1812346,0.04568933,-0.01559029,0.9822544,339.2303,5.856612,357.1072,0.3015595,-0.06860486,-0.9509756,0,0,0,1.351126,0.2675757,-2.570968,0.1409702,0.165867,1.055997,0.9953388,-0.04718824,-0.08410607,0.01406629,0.9338219,-0.3574616,0.09540807,0.3546124,0.930133,static,8.312022632432607,8.989500814155534,7.603737826464099,8.926598384603745,0.24339700000000009,0.5227075000000001,0.91107,0.14282459491525845,0.15465156173572955,0.9775909104830772,8.192307493671441,9.142980632004997,0.7014007502038531,0.7110724871694619,0.6270849465160033
05/17/2023 16:15:55.178240,2887,True,True,True,True,Eyes,1.101174,-0.2503375,-3.470957,0.2376606,0.4843898,0.8419524,1.053563,1.351565,0.2599977,-2.583907,0.02923574,-0.5051609,-0.8625299,0.1431983,0.1634519,1.041362,1.107889,-0.2553134,-3.482091,-0.1812799,0.0454723,-0.01546766,0.982258,339.2237,5.827975,357.1264,0.3015731,-0.06860273,-0.9509714,0,0,0,1.351126,0.2675757,-2.570968,0.1413233,0.165896,1.056044,0.995386,-0.0468729,-0.08372311,0.01390005,0.9337968,-0.3575338,0.09493901,0.3547205,0.9301398,static,8.34382770658062,8.987114728496312,7.622224631503145,8.927743008797782,0.24323700000000015,0.5228891,0.9111229999999999,0.14336843494638,0.15459856069700428,0.9775196468069582,8.22413800957312,9.140446652056974,0.7142894207317821,0.7240414346301115,0.6383905971702133
05/17/2023 16:15:55.197981,2888,True,True,True,True,Eyes,1.101129,-0.250343,-3.470981,0.2377048,0.4844321,0.8419156,1.053596,1.351574,0.2600527,-2.583942,0.02982652,-0.5014038,-0.8646991,0.143692,0.1636946,1.041189,1.107839,-0.255293,-3.482013,-0.1811941,0.04528644,-0.01538699,0.9822837,339.2326,5.803318,357.1408,0.3015846,-0.06860094,-0.9509679,0,0,0,1.351126,0.2675757,-2.570968,0.1418138,0.1660776,1.055883,0.9954247,-0.04664005,-0.08339219,0.01381752,0.9338639,-0.3573616,0.09454431,0.3545743,0.9302357,static,8.370234418971796,9.00009092119838,7.649519367359933,8.938698950341987,0.24328700000000003,0.5228687000000001,0.9110449999999997,0.1438141290991154,0.15480982838352605,0.9774207498739402,8.25045918355909,9.153481080501539,0.7135127820328226,0.7233250719458866,0.6381692770177454
05/17/2023 16:15:55.217789,2889,True,True,True,True,Eyes,1.101081,-0.2503501,-3.470999,0.2377265,0.4844714,0.8418869,1.053624,1.351556,0.2601008,-2.583967,0.02861684,-0.4983013,-0.8665315,0.1440106,0.1638769,1.041123,1.107861,-0.2553042,-3.482022,-0.1811621,0.04507396,-0.01547653,0.982298,339.2363,5.779485,357.135,0.3015936,-0.06859946,-0.9509652,0,0,0,1.351126,0.2675757,-2.570968,0.1421558,0.1662071,1.055825,0.9954576,-0.04673652,-0.08294459,0.01407375,0.9338815,-0.3573055,0.09415965,0.3545151,0.9302972,static,8.391562090474254,9.010186627720735,7.66816403486276,8.946039740573244,0.24326500000000006,0.5228799,0.911054,0.14417420456705332,0.1549738507169555,0.9773417431703386,8.271720512063816,9.163619166255474,0.7163126695105336,0.726236579905752,0.641577140842438
05/17/2023 16:15:55.227749,2890,True,True,True,True,Eyes,1.101017,-0.2503628,-3.471016,0.237729,0.484512,0.8418628,1.05364,1.351498,0.2601384,-2.583996,0.02473846,-0.4956292,-0.8681818,0.1446216,0.1641079,1.040924,1.107762,-0.2553463,-3.481904,-0.1811049,0.04483129,-0.01536445,0.9823214,339.2416,5.747442,357.1543,0.3016004,-0.06859832,-0.9509631,0,0,0,1.351126,0.2675757,-2.570968,0.1428319,0.1663954,1.055646,0.9955082,-0.04642398,-0.08251233,0.01394732,0.9339299,-0.3571839,0.09364262,0.3544287,0.9303824,static,8.422823067884412,9.019233225242344,7.705487871183799,8.957504725625178,0.24336400000000014,0.5229220000000001,0.910936,0.14470415536071088,0.1551160333128698,0.9772408368664627,8.302925259476655,9.172658274937657,0.7101630367137184,0.7199862443758868,0.6349980178803293
05/17/2023 16:15:55.247880,2891,True,True,True,True,Eyes,1.100953,-0.2503759,-3.471028,0.2377179,0.4845311,0.841855,1.053652,1.351425,0.2601512,-2.584006,0.01988381,-0.4947596,-0.8688024,0.1451113,0.1642087,1.040925,1.107768,-0.255514,-3.48193,-0.1811574,0.04452364,-0.01541361,0.982325,339.2349,5.71169,357.1548,0.3016048,-0.06859764,-0.9509618,0,0,0,1.351126,0.2675757,-2.570968,0.1434021,0.1664801,1.05566,0.9955601,-0.04641392,-0.08188877,0.01415078,0.9338888,-0.3572834,0.09305793,0.3545382,0.9303992,static,8.453901580456522,9.017914143739118,7.735775888957623,8.961873438062147,0.24335799999999996,0.5230897000000001,0.910962,0.1452350191481137,0.1550813510954136,0.9771676374236348,8.334021412396764,9.17120693188078,0.7105969150365965,0.7203090097198176,0.6338124469819812
05/17/2023 16:15:55.267666,2892,True,True,True,True,Eyes,1.100892,-0.2503877,-3.471041,0.2377043,0.4845146,0.8418684,1.053666,1.351353,0.2601291,-2.583993,0.0151189,-0.496282,-0.8680297,0.1454679,0.1648843,1.040667,1.107718,-0.255529,-3.481809,-0.1808866,0.04428942,-0.01555202,0.9823833,339.2665,5.685048,357.1452,0.301607,-0.06859741,-0.9509611,0,0,0,1.351126,0.2675757,-2.570968,0.1438351,0.1671898,1.055403,0.9955931,-0.04657881,-0.08139205,0.01453337,0.9340764,-0.3567774,0.09264465,0.3540223,0.930637,static,8.474181748998248,9.052801810103446,7.760716156464898,9.00160924923886,0.24340800000000007,0.5231047,0.910841,0.1455672796068607,0.1556686495900036,0.9770248581345784,8.354058166489692,9.206440953613562,0.7056745364901446,0.7152998182698204,0.6277027704075447
05/17/2023 16:15:55.277932,2893,True,True,True,True,Eyes,1.100829,-0.2504008,-3.471049,0.2376854,0.4845017,0.8418812,1.053677,1.351272,0.2601077,-2.583978,0.009742352,-0.4978155,-0.8672283,0.1453713,0.1656414,1.040575,1.107796,-0.2555057,-3.48188,-0.1805275,0.04419155,-0.01573426,0.9824508,339.309,5.675344,357.1281,0.3016074,-0.06859753,-0.950961,0,0,0,1.351126,0.2675757,-2.570968,0.14382,0.1679839,1.055311,0.995599,-0.04687185,-0.08115111,0.01496069,0.9343245,-0.3561094,0.09251299,0.3533282,0.9309139,static,8.477752168105983,9.097862753165954,7.760579604128586,9.044434522250299,0.24333000000000005,0.5230814,0.9109119999999997,0.14561029552490556,0.1564359985366367,0.9768959114401518,8.357308197471465,9.252033907304359,0.7093519966962247,0.7191599699515331,0.6318089258532158
05/17/2023 16:15:55.297850,2894,True,True,True,True,Eyes,1.100775,-0.2504213,-3.471055,0.2376082,0.4844876,0.841911,1.053674,1.351136,0.2600705,-2.583955,0.0006596433,-0.5003593,-0.8658175,0.1455314,0.1656154,1.040468,1.107666,-0.2555504,-3.481751,-0.1805515,0.04413675,-0.01566477,0.9824499,339.3056,5.667338,357.1375,0.3016061,-0.06859802,-0.9509614,0,0,0,1.351126,0.2675757,-2.570968,0.1441181,0.1680021,1.055209,0.9956131,-0.04671762,-0.08106769,0.01484179,0.9343116,-0.3561484,0.09238088,0.3533828,0.9309062,static,8.481712377151473,9.092543478411603,7.7772110706293525,9.046258130151175,0.24346,0.5231261,0.9107829999999999,0.14567995987109728,0.15634366902021493,0.9769002147769505,8.361307387999478,9.246635434302705,0.6965274068789891,0.7060201302760166,0.6175107869376674
05/17/2023 16:15:55.317868,2895,True,True,True,True,Eyes,1.100716,-0.2504415,-3.471057,0.2375107,0.484441,0.8419653,1.05366,1.350971,0.2599945,-2.583912,-0.01034663,-0.5053735,-0.8628387,0.1458687,0.1662841,1.040307,1.107704,-0.2557895,-3.481661,-0.1802829,0.04394032,-0.01544674,0.9825115,339.3351,5.637465,357.17,0.3016036,-0.06859905,-0.9509621,0,0,0,1.351126,0.2675757,-2.570968,0.1446277,0.1687683,1.055049,0.9956613,-0.04619657,-0.08077417,0.01450983,0.9345189,-0.3556175,0.0919133,0.3529025,0.9311346,static,8.506415497111009,9.116820930401127,7.805541853026719,9.088183236533876,0.24342200000000003,0.5233652,0.9106929999999998,0.14609165560580029,0.15674796584418657,0.9767739169662781,8.385843927806404,9.27111427573319,0.6923408096896259,0.7014584681091431,0.6084523507195508
05/17/2023 16:15:55.327549,2896,True,True,True,True,Eyes,1.100693,-0.2504549,-3.471061,0.2374161,0.4843969,0.8420174,1.053652,1.350847,0.2599308,-2.583868,-0.01862393,-0.5097536,-0.8601188,0.1465611,0.1673086,1.039995,1.107535,-0.2557829,-3.481587,-0.1797354,0.04370747,-0.01519403,0.9826262,339.3966,5.601022,357.2094,0.3015997,-0.06860054,-0.9509631,0,0,0,1.351126,0.2675757,-2.570968,0.1454533,0.1698864,1.054727,0.9957176,-0.04557166,-0.08043439,0.01414855,0.9349287,-0.3545535,0.09135801,0.3518972,0.9315697,static,8.537400363439353,9.173100127377774,7.851912014860644,9.150123730024893,0.2435910000000001,0.5233586,0.9106190000000001,0.14659747573255644,0.15769541077647692,0.9765456470132161,8.416435670625944,9.327958671825323,0.676958551646991,0.6858733052630664,0.5918717973039276
05/17/2023 16:15:55.347437,2897,True,True,True,True,Eyes,1.100671,-0.2504666,-3.471059,0.2373333,0.4843668,0.842058,1.053629,1.350732,0.2598762,-2.583842,-0.02624729,-0.5130951,-0.8579304,0.1464563,0.1673837,1.039795,1.107814,-0.2555467,-3.4816,-0.1795679,0.0435671,-0.01519642,0.982663,339.4157,5.583292,357.2134,0.3015957,-0.06860226,-0.9509643,0,0,0,1.351126,0.2675757,-2.570968,0.145466,0.1700282,1.054533,0.995742,-0.04551243,-0.08016595,0.01421942,0.9350488,-0.3542336,0.09108112,0.3515854,0.9317145,static,8.54815589291059,9.190994727940232,7.854015633664016,9.15928791481558,0.24331199999999997,0.5231224000000001,0.9106319999999997,0.14677363530782123,0.15799621734165334,0.9764705130619078,8.427066441459989,9.346029602681268,0.6856188358236475,0.6948640309480855,0.6027102838864977
05/17/2023 16:15:55.367511,2898,True,True,True,True,Eyes,1.100675,-0.2504784,-3.47106,0.2372565,0.4843212,0.8421059,1.053624,1.350654,0.2598138,-2.583797,-0.03150721,-0.5173917,-0.8551684,0.1461768,0.1669424,1.039759,1.10781,-0.2555268,-3.481454,-0.179813,0.04356697,-0.01550539,0.9826133,339.3889,5.591285,357.1745,0.3015915,-0.06860415,-0.9509655,0,0,0,1.351126,0.2675757,-2.570968,0.1452624,0.1696548,1.054486,0.995723,-0.04613943,-0.08004282,0.01480379,0.9348537,-0.3547244,0.09119511,0.3520223,0.9315384,static,8.530970009435373,9.165381141720749,7.843504977637743,9.139913474618705,0.2433160000000001,0.5231025,0.9104859999999997,0.1464909288192619,0.15756635802299798,0.976582443508759,8.410058657837133,9.320170326098127,0.6789579761120568,0.687936604646197,0.5945381443210755
05/17/2023 16:15:55.377945,2899,True,True,True,True,Eyes,1.100669,-0.2504925,-3.471056,0.2371766,0.4843014,0.8421398,1.05361,1.350561,0.2597723,-2.583769,-0.03768012,-0.5201458,-0.8532459,0.1459435,0.167665,1.039654,1.107827,-0.2555151,-3.48146,-0.1795235,0.04346808,-0.01595999,0.9826634,339.4249,5.587766,357.124,0.3015878,-0.06860616,-0.9509665,0,0,0,1.351126,0.2675757,-2.570968,0.1451196,0.1704361,1.054375,0.9957116,-0.04697368,-0.07969859,0.01575951,0.9350331,-0.3542099,0.09115937,0.3514349,0.9317637,static,8.520336524900792,9.207067519772425,7.836704941790706,9.182239753353436,0.24329900000000015,0.5230908000000001,0.9104920000000001,0.14629273731411452,0.15828153665287534,0.9764965020610711,8.39912508639586,9.362401023962859,0.6750855919271898,0.6840822753229013,0.5905713356448017
05/17/2023 16:15:55.397922,2900,True,True,True,True,Eyes,1.100649,-0.2505147,-3.471045,0.2371568,0.484271,0.8421629,1.053613,1.35052,0.2597193,-2.583732,-0.04040315,-0.5237489,-0.8509139,0.1462819,0.1670147,1.039685,1.107619,-0.2555901,-3.481335,-0.1798636,0.0433845,-0.01596053,0.9826048,339.3851,5.579493,357.1234,0.3015845,-0.06860837,-0.9509674,0,0,0,1.351126,0.2675757,-2.570968,0.1455013,0.1698389,1.054396,0.9957261,-0.04697237,-0.07951818,0.01575921,0.9347887,-0.3548545,0.09100106,0.3520848,0.9315338,static,8.52733527207855,9.16627898146064,7.856905747398922,9.150431707001719,0.24350700000000014,0.5231658,0.9103669999999999,0.14642858500069433,0.15758313822869177,0.9765891272200102,8.406416554919643,9.321092633664493,0.662053865392424,0.6706167934595209,0.5754018417345151
05/17/2023 16:15:55.417795,2901,True,True,True,True,Eyes,1.100626,-0.2505385,-3.471034,0.2371133,0.4842021,0.8422148,1.053609,1.35045,0.2596215,-2.583668,-0.04506655,-0.5302531,-0.8466407,0.1467804,0.1680322,1.039457,1.107534,-0.2558162,-3.481201,-0.1794671,0.04312703,-0.01599878,0.9826881,339.4307,5.547215,357.1272,0.3015809,-0.06861099,-0.9509684,0,0,0,1.351126,0.2675757,-2.570968,0.1460767,0.1709836,1.054148,0.9957682,-0.04692339,-0.07901832,0.01596386,0.9350712,-0.3541002,0.09050333,0.3513403,0.9318632,static,8.552448935961399,9.21009710004926,7.889418654849686,9.213180998678697,0.24359200000000003,0.5233919,0.9102329999999998,0.1468390961958133,0.1583202237067797,0.97640828889055,8.431224400983185,9.36534710552959,0.6548999824769812,0.6630374530159171,0.5627681499671381
05/17/2023 16:15:55.427726,2902,True,True,True,True,Eyes,1.100628,-0.2505652,-3.471027,0.2370769,0.4841204,0.8422719,1.053618,1.350416,0.2595127,-2.583594,-0.04734086,-0.5376061,-0.8418661,0.1474973,0.1692407,1.039167,1.10745,-0.255858,-3.48116,-0.1788257,0.04287587,-0.01576107,0.9828199,339.5032,5.508452,357.1658,0.3015773,-0.06861403,-0.9509693,0,0,0,1.351126,0.2675757,-2.570968,0.146838,0.1723398,1.053826,0.9958265,-0.04631518,-0.07864153,0.01564596,0.935546,-0.3528583,0.08991547,0.3501553,0.9323661,static,8.588551869678614,9.275673477390173,7.932405961548177,9.287777495029939,0.243676,0.5234337,0.9101919999999999,0.1474277894520328,0.15942351197523763,0.9761399297570754,8.46686926803994,9.431582053516372,0.648291654439563,0.6562575409085519,0.5534715684003881
05/17/2023 16:15:55.447811,2903,True,True,True,True,Eyes,1.100625,-0.2505918,-3.471021,0.2370256,0.4840094,0.8423501,1.053623,1.350361,0.2593715,-2.583502,-0.05102189,-0.5469415,-0.8356146,0.1477602,0.1701761,1.039031,1.107529,-0.2559214,-3.481213,-0.1783052,0.04271528,-0.01563786,0.9829232,339.5625,5.483763,357.1878,0.3015741,-0.0686175,-0.9509701,0,0,0,1.351126,0.2675757,-2.570968,0.1471626,0.1734563,1.053656,0.9958618,-0.04597434,-0.07839506,0.01550891,0.9359254,-0.3518566,0.08954831,0.3491847,0.9327652,static,8.609081064583927,9.326783769451811,7.950983618350089,9.34837106714876,0.24359700000000006,0.5234971,0.9102449999999997,0.1477566159721941,0.16028625082326933,0.9759488847000112,8.487039429317115,9.483234111035845,0.6505826355343343,0.6584514106305461,0.5527602310930165
05/17/2023 16:15:55.467600,2904,True,True,True,True,Eyes,1.100622,-0.2506225,-3.47102,0.2370043,0.4839188,0.8424082,1.053639,1.350339,0.2592531,-2.583426,-0.05245687,-0.5547242,-0.830379,0.148289,0.1710748,1.038865,1.107421,-0.2559319,-3.481241,-0.1777885,0.04255235,-0.0154644,0.9830267,339.6212,5.457763,357.2158,0.3015711,-0.06862137,-0.9509707,0,0,0,1.351126,0.2675757,-2.570968,0.1477201,0.1745082,1.053459,0.9959003,-0.04553447,-0.0781614,0.01527321,0.9363042,-0.3508576,0.08915897,0.3482255,0.9331611,static,8.633641894011072,9.378039814173524,7.98219035481357,9.40578032303364,0.24370500000000006,0.5235076000000001,0.9102729999999997,0.14815386357492694,0.16114958137490035,0.975746516145298,8.511241253868427,9.53501859875513,0.6443095223594173,0.652041903373252,0.5446075520062278
05/17/2023 16:15:55.477949,2905,True,True,True,True,Eyes,1.100619,-0.2506483,-3.471018,0.236965,0.4838358,0.842467,1.05365,1.350297,0.2591454,-2.583352,-0.05527469,-0.561868,-0.8253781,0.1489493,0.1711309,1.038913,1.107435,-0.2560582,-3.481347,-0.1776846,0.04231619,-0.01509386,0.9830614,339.6306,5.420825,357.2661,0.3015684,-0.06862569,-0.9509713,0,0,0,1.351126,0.2675757,-2.570968,0.1484346,0.174695,1.053478,0.995963,-0.04471424,-0.07783495,0.0146385,0.9364007,-0.3506271,0.08856273,0.3480722,0.933275,static,8.671611123914914,9.378475626122237,8.020155056389399,9.415501642978391,0.2436910000000001,0.5236339000000001,0.9103789999999998,0.14880066236515666,0.16114118832727561,0.97564953696489,8.549217435406431,9.535317603297026,0.644985737419334,0.6525074205248866,0.5424600125707321
05/17/2023 16:15:55.497980,2906,True,True,True,True,Eyes,1.100618,-0.2506697,-3.471015,0.23696,0.4838156,0.8424799,1.053665,1.350294,0.2591097,-2.583324,-0.05549273,-0.5643661,-0.8236573,0.1494747,0.170954,1.038793,1.10742,-0.2559646,-3.481304,-0.1777047,0.04209927,-0.01498618,0.9830688,339.627,5.392491,357.2836,0.3015659,-0.06863029,-0.9509718,0,0,0,1.351126,0.2675757,-2.570968,0.1489709,0.174561,1.053345,0.9960061,-0.04442737,-0.07744673,0.01450241,0.9363929,-0.3506536,0.08809918,0.34813,0.9332973,static,8.699154051333522,9.374349007661646,8.049756091519386,9.409575351594444,0.24370599999999998,0.5235403000000001,0.910336,0.14927166114966867,0.1610593408327786,0.9755910097041173,8.576797087290828,9.531037974015305,0.6428297208798376,0.6503526777969275,0.5408561545079296
05/17/2023 16:15:55.518326,2907,True,True,True,True,Eyes,1.10061,-0.2506889,-3.471012,0.2369412,0.4838287,0.8424777,1.053673,1.350269,0.2591082,-2.583317,-0.05715971,-0.5646002,-0.8233829,0.1495678,0.1702769,1.038823,1.10755,-0.2558931,-3.481302,-0.1779959,0.04198169,-0.0149705,0.9830214,339.5927,5.379447,357.2861,0.3015636,-0.06863501,-0.9509722,0,0,0,1.351126,0.2675757,-2.570968,0.1490924,0.1738797,1.053373,0.9960269,-0.04437777,-0.07720843,0.01448749,0.9361867,-0.3512045,0.08786717,0.3486905,0.93311,static,8.710714783278275,9.342082765252805,8.056023945031797,9.373258689948232,0.24357600000000001,0.5234688000000001,0.9103339999999998,0.14948219259394455,0.16050475112322074,0.9756502022562186,8.588590975881187,9.498337953625072,0.6478085319728442,0.6554327059008362,0.5470580083955233
05/17/2023 16:15:55.537738,2908,True,True,True,True,Eyes,1.100609,-0.2507141,-3.471014,0.2369337,0.4838434,0.8424713,1.053682,1.350261,0.2591032,-2.583317,-0.05765493,-0.5648077,-0.8232059,0.1500813,0.1693177,1.038915,1.107407,-0.2558701,-3.481293,-0.1784599,0.04177874,-0.01500768,0.9829454,339.5385,5.358122,357.2828,0.3015614,-0.0686398,-0.9509726,0,0,0,1.351126,0.2675757,-2.570968,0.1496184,0.1729115,1.053472,0.9960586,-0.04441513,-0.07677589,0.01459181,0.9358537,-0.3520867,0.08748896,0.3495787,0.9328132,static,8.729799959472436,9.291864140802831,8.083320989891964,9.321124376082464,0.24371900000000002,0.5234458,0.9103249999999998,0.14982842090654536,0.15964108061751153,0.9757387329151507,8.60803932244434,9.447440117348966,0.6396668679567727,0.6471408034411423,0.5397082498982675
05/17/2023 16:15:55.547528,2909,True,True,True,True,Eyes,1.100606,-0.2507292,-3.471014,0.2369088,0.4838707,0.8424627,1.053681,1.350233,0.2591161,-2.583328,-0.05955703,-0.5638313,-0.8237398,0.1506486,0.1701703,1.038853,1.107327,-0.2560249,-3.481378,-0.1781073,0.04155105,-0.01489899,0.9830205,339.5782,5.326603,357.3032,0.3015593,-0.06864479,-0.9509729,0,0,0,1.351126,0.2675757,-2.570968,0.1502217,0.1737593,1.053415,0.996103,-0.04409312,-0.07638382,0.01449095,0.9361116,-0.3514043,0.08699831,0.3489281,0.9331026,static,8.758493298618179,9.333876811891885,8.11591495821153,9.366516562096535,0.2437990000000001,0.5236006,0.9104099999999997,0.15029968474318822,0.1603449166765464,0.9755508942076315,8.636440666984566,9.489853895182497,0.635992089068888,0.6434067740187269,0.534938418162716
05/17/2023 16:15:55.567517,2910,True,True,True,True,Eyes,1.100621,-0.2507502,-3.471019,0.236889,0.4839687,0.842412,1.053685,1.350227,0.2592005,-2.583382,-0.05993912,-0.5582829,-0.8274825,0.151137,0.169723,1.038707,1.107323,-0.2557971,-3.481344,-0.1782178,0.0414286,-0.0145677,0.9830106,339.5633,5.305239,357.345,0.3015574,-0.06864969,-0.9509731,0,0,0,1.351126,0.2675757,-2.570968,0.1507226,0.1732106,1.053292,0.9961429,-0.04340704,-0.07625706,0.01387379,0.9360524,-0.3515869,0.08664194,0.3491729,0.9330442,static,8.783317620640121,9.321608936273439,8.143552506094125,9.338531742535688,0.243803,0.5233728,0.9103759999999999,0.1507277865904939,0.16012547946857145,0.9755209089605308,8.661359049326895,9.477344648455983,0.6322826205747482,0.6399888929988093,0.536090140801627
05/17/2023 16:15:55.577338,2911,True,True,True,True,Eyes,1.100635,-0.2507718,-3.471022,0.2368823,0.4840377,0.8423742,1.053695,1.350237,0.2592561,-2.583417,-0.05930547,-0.5546635,-0.8299587,0.1512085,0.1683913,1.039025,1.107497,-0.2559694,-3.481421,-0.1789487,0.04131017,-0.01454884,0.9828832,339.4778,5.294143,357.3448,0.301556,-0.06865466,-0.9509732,0,0,0,1.351126,0.2675757,-2.570968,0.1507877,0.1717928,1.053627,0.9961636,-0.04338442,-0.07599915,0.0138148,0.9355313,-0.3529734,0.08641314,0.3505694,0.9325417,static,8.79464471551752,9.242294198234204,8.14446707191474,9.260528189351893,0.2436290000000001,0.5235451,0.910453,0.15095412280516685,0.15876935740767845,0.9757075155274225,8.673254746447597,9.397027580176776,0.6427610199167272,0.650433276111351,0.5461213129272938
05/17/2023 16:15:55.597932,2912,True,True,True,True,Eyes,1.100639,-0.2507869,-3.47103,0.2369468,0.4841076,0.842316,1.053709,1.350312,0.2593217,-2.583473,-0.05426707,-0.5500509,-0.8333662,0.1509404,0.1692306,1.038918,1.107509,-0.2560016,-3.481394,-0.1786482,0.04138868,-0.0148,0.9829308,339.5144,5.307575,357.315,0.301555,-0.06865972,-0.9509732,0,0,0,1.351126,0.2675757,-2.570968,0.1504381,0.1725585,1.053542,0.9961359,-0.04388278,-0.07607643,0.01430674,0.9357316,-0.3524226,0.0866524,0.3499724,0.9327437,static,8.781227589330372,9.286807522823015,8.126483504450817,9.301820943190986,0.24361699999999997,0.5235773,0.9104259999999997,0.15070684447401672,0.1595334443079944,0.9756211997696198,8.659516636627568,9.442129855500701,0.6470363895573104,0.654916192711641,0.5511904488211792
05/17/2023 16:15:55.617564,2913,True,True,True,True,Eyes,1.100642,-0.2508019,-3.471035,0.2370348,0.4841904,0.8422436,1.053738,1.350415,0.2594076,-2.583532,-0.04742279,-0.5444562,-0.8374477,0.1503141,0.1683348,1.039213,1.107582,-0.2558938,-3.481525,-0.1791103,0.04158593,-0.0151689,0.9828328,339.4632,5.341642,357.2632,0.3015542,-0.06866466,-0.950973,0,0,0,1.351126,0.2675757,-2.570968,0.1496989,0.1715465,1.053855,0.996081,-0.04471391,-0.0763102,0.01492005,0.9353788,-0.3533325,0.08717783,0.3508093,0.9323803,static,8.749536517923392,9.245687889070346,8.0847121826579,9.245514741697242,0.24354399999999998,0.5234695,0.9105569999999998,0.15018404781143915,0.15884600249241834,0.9758139273853956,8.62811039727805,9.40063114101403,0.6565467219712071,0.6648243578128117,0.5651041647248518
05/17/2023 16:15:55.627585,2914,True,True,True,True,Eyes,1.100627,-0.2508214,-3.471041,0.2371626,0.484287,0.8421519,1.053775,1.350543,0.2595084,-2.583602,-0.03887571,-0.5377852,-0.8421851,0.1497559,0.1679278,1.039367,1.107565,-0.2559195,-3.481491,-0.1794184,0.04183964,-0.01545499,0.9827613,339.4296,5.37999,357.2211,0.3015535,-0.0686695,-0.9509729,0,0,0,1.351126,0.2675757,-2.570968,0.1490019,0.1710092,1.054028,0.9960212,-0.04539073,-0.07669093,0.01536353,0.9351404,-0.3539441,0.08778257,0.3513576,0.932117,static,8.717692594458391,9.22140014048309,8.046260348069362,9.215567820426461,0.24356100000000014,0.5234952,0.910523,0.14965142197590395,0.15844525733477752,0.9759607431705826,8.596431235528925,9.376168599472686,0.6630125812340837,0.6714575768045672,0.5731322845890797
05/17/2023 16:15:55.647919,2915,True,True,True,True,Eyes,1.100613,-0.2508367,-3.471046,0.2372964,0.4843694,0.8420669,1.053818,1.35068,0.2596003,-2.583661,-0.02977607,-0.5317902,-0.8463526,0.1492546,0.1678002,1.039595,1.107597,-0.2560741,-3.481538,-0.1795883,0.04211957,-0.01551079,0.9827175,339.4109,5.415803,357.2071,0.3015524,-0.06867439,-0.9509729,0,0,0,1.351126,0.2675757,-2.570968,0.1483556,0.1707673,1.054269,0.9959707,-0.04561381,-0.07721215,0.01535707,0.9350148,-0.3542758,0.08835437,0.3516625,0.9319479,static,8.692536629332789,9.207164769006795,8.010005919185238,9.200687481555482,0.2435290000000001,0.5236498,0.9105699999999999,0.14922854688552947,0.15821300866654583,0.9760632386623538,8.571370119506652,9.361855072116121,0.673988875364892,0.6825614445214787,0.5840417430711802
05/17/2023 16:15:55.667564,2916,True,True,True,True,Eyes,1.10059,-0.2508552,-3.471056,0.2374197,0.4844541,0.8419834,1.053859,1.350797,0.2596911,-2.583724,-0.02196684,-0.5256582,-0.8504122,0.1490687,0.168111,1.039554,1.107606,-0.2559922,-3.481546,-0.1794794,0.04221055,-0.01567578,0.9827307,339.4248,5.429805,357.186,0.301551,-0.06867921,-0.950973,0,0,0,1.351126,0.2675757,-2.570968,0.148048,0.1709722,1.054243,0.9959451,-0.04596197,-0.07733624,0.01565829,0.9350829,-0.3540832,0.08859015,0.3514364,0.9320108,static,8.684040094410133,9.229082854133694,7.993807481879286,9.211761329175676,0.24351999999999996,0.5235679,0.9105779999999997,0.14907466631742763,0.15859010351911684,0.9760255415503243,8.562715033495147,9.384070225466804,0.6814997752437063,0.6904499218828465,0.5944292708360011
05/17/2023 16:15:55.677783,2917,True,True,True,True,Eyes,1.100568,-0.2508694,-3.471065,0.2375478,0.4845372,0.8418995,1.053896,1.350919,0.2597826,-2.58379,-0.01384649,-0.5193287,-0.8544624,0.1487423,0.1684761,1.039721,1.107646,-0.2560964,-3.481686,-0.1793811,0.04239002,-0.01572675,0.9827402,339.437,5.452038,357.1766,0.3015491,-0.06868404,-0.9509733,0,0,0,1.351126,0.2675757,-2.570968,0.1475939,0.1712292,1.054428,0.9959115,-0.04611856,-0.0776746,0.01570269,0.9351502,-0.3539034,0.08895891,0.3512367,0.932051,static,8.670476508881313,9.2465939980167,7.968223687540092,9.223779474147006,0.24348000000000014,0.5236721,0.9107179999999997,0.14883624510032664,0.158894174121054,0.9760125189482733,8.549022980764338,9.40184406155468,0.6933676351594644,0.7026233184154267,0.6074823588372334
05/17/2023 16:15:55.697634,2918,True,True,True,True,Eyes,1.10052,-0.2508836,-3.471075,0.2376923,0.4846013,0.8418218,1.053948,1.351035,0.2598611,-2.583838,-0.006061667,-0.5141314,-0.8576901,0.1485129,0.1683619,1.039667,1.107657,-0.2559822,-3.481603,-0.1794253,0.04258049,-0.01568224,0.9827246,339.4322,5.474247,357.1775,0.3015468,-0.06868877,-0.9509737,0,0,0,1.351126,0.2675757,-2.570968,0.1472433,0.1710216,1.05438,0.995882,-0.04610268,-0.07806221,0.01554261,0.9351212,-0.3539868,0.08931737,0.3513158,0.9319869,static,8.659942633852614,9.244425188049616,7.949895208205814,9.213200558899505,0.24346900000000016,0.5235579,0.9106349999999996,0.14865759015780744,0.15886154370272426,0.976045041592385,8.53850178092213,9.39968842062968,0.7011982178490908,0.7107336520337346,0.6174426451238538
05/17/2023 16:15:55.718777,2919,True,True,True,True,Eyes,1.100472,-0.250897,-3.471084,0.2378196,0.4846672,0.8417479,1.054006,1.351135,0.2599451,-2.583877,0.0005803404,-0.5088692,-0.8608437,0.1487755,0.1682908,1.039843,1.107721,-0.2560274,-3.481792,-0.1794987,0.04245539,-0.0156874,0.9827165,339.4233,5.459663,357.1791,0.3015434,-0.06869343,-0.9509745,0,0,0,1.351126,0.2675757,-2.570968,0.1474108,0.1708545,1.054554,0.9959029,-0.04607391,-0.07781148,0.01559117,0.9350682,-0.3541246,0.08907496,0.3514605,0.9319556,static,8.680987354553805,9.242560587998902,7.957526602155268,9.202860055905363,0.2434050000000001,0.5236031000000001,0.9108239999999999,0.1490170628509842,0.1588210889679373,0.9759968036488204,8.559565373795936,9.397722503388353,0.7146624960253017,0.7245492340135118,0.632789108627562
05/17/2023 16:15:55.727461,2920,True,True,True,True,Eyes,1.100433,-0.2509149,-3.471094,0.2379453,0.4847191,0.8416826,1.05405,1.351239,0.260003,-2.583919,0.00752489,-0.5047636,-0.8632249,0.1492437,0.1682533,1.03981,1.107664,-0.256025,-3.481791,-0.1795744,0.04226982,-0.01577504,0.9827093,339.4145,5.4396,357.1721,0.301539,-0.068698,-0.9509755,0,0,0,1.351126,0.2675757,-2.570968,0.147779,0.1707441,1.054532,0.9959288,-0.04618571,-0.07741231,0.0158234,0.9350084,-0.3542724,0.08874349,0.3516051,0.9319326,static,8.705364353757611,9.241712225517015,7.9773114953445905,9.197203745900715,0.24346200000000007,0.5236007,0.9108229999999997,0.14943290701350118,0.15879657404602004,0.9759373059845604,8.58395488112503,9.39677265372014,0.7193623232829501,0.7294120710552605,0.6386266095923283
05/17/2023 16:15:55.747584,2921,True,True,True,True,Eyes,1.100396,-0.2509305,-3.471102,0.2380592,0.4847582,0.8416277,1.054096,1.351333,0.2600513,-2.583945,0.01379452,-0.5015511,-0.865018,0.1496195,0.1682656,1.039832,1.107739,-0.2561716,-3.48179,-0.1796586,0.04210611,-0.01572162,0.9827018,339.4039,5.419138,357.1815,0.3015341,-0.0687026,-0.9509767,0,0,0,1.351126,0.2675757,-2.570968,0.1480666,0.1706978,1.054554,0.9959598,-0.04602878,-0.07710645,0.01576988,0.9349513,-0.3544256,0.08840453,0.3517777,0.9318997,static,8.732021795982245,9.235819129967997,7.992471513236822,9.194563837410005,0.24338700000000002,0.5237473,0.910822,0.14988965476526617,0.15868507444291302,0.9758852489522355,8.610661410141319,9.390708481243438,0.7305925270629028,0.740700087669011,0.6485610764911324
05/17/2023 16:15:55.767555,2922,True,True,True,True,Eyes,1.100351,-0.250948,-3.47111,0.2381448,0.4847692,0.8415973,1.054135,1.351388,0.2600643,-2.583953,0.01741686,-0.5006552,-0.8654716,0.1498616,0.1685878,1.039706,1.107737,-0.2561285,-3.481755,-0.179534,0.04195995,-0.01587586,0.9827283,339.4188,5.404249,357.1671,0.3015286,-0.06870718,-0.9509781,0,0,0,1.351126,0.2675757,-2.570968,0.148257,0.1710078,1.054425,0.9959747,-0.04626979,-0.07676994,0.01613684,0.935031,-0.3541986,0.08817097,0.351534,0.9320138,moving,8.747596510720653,9.256119426255783,8.003582400745103,9.212083456499279,0.24338900000000008,0.5237042000000001,0.910787,0.15014663651926663,0.15902457645419943,0.9757906076758903,8.626095487767612,9.411196190348681,0.7350481404470177,0.7453161493454346,0.6535812300665294
05/17/2023 16:15:55.778300,2923,True,True,True,True,Eyes,1.100305,-0.2509671,-3.471117,0.2382144,0.4847812,0.8415706,1.05287,1.351114,0.2594444,-2.585053,0.0,-0.343957,-0.9389853,0.1499349,0.1690907,1.038355,1.107764,-0.2561966,-3.481797,-0.1792397,0.04180977,-0.01592018,0.9827877,339.4529,5.385608,357.167,0.3015226,-0.06871178,-0.9509797,0,0,0,1.351114,0.2646034,-2.57097,0.1486192,0.1689351,1.053295,0.995997,-0.04628026,-0.07647321,0.01630437,0.9352393,-0.3536405,0.08788732,0.350978,0.9322501,moving,8.767347695580716,9.29372224489634,8.031376201171827,9.111910184571629,0.24334999999999996,0.5207999999999999,0.9108269999999998,0.15046743360466486,0.15965705784492448,0.9756378233391161,8.645583756010902,9.449180205237699,0.744747844568702,0.7580960795716917,0.7007153396790212
05/17/2023 16:15:55.797946,2924,True,True,True,True,Eyes,1.100262,-0.2509874,-3.47113,0.2382714,0.4847553,0.8415693,1.052898,1.351138,0.2594105,-2.585044,0.001589266,-0.3461561,-0.9381756,0.1503593,0.1691047,1.038316,1.107701,-0.2562513,-3.48178,-0.1792406,0.04166111,-0.01585915,0.9827949,339.452,5.366372,357.1776,0.3015158,-0.06871646,-0.9509814,0,0,0,1.351101,0.2615485,-2.570971,0.1491518,0.1661271,1.052183,0.9960257,-0.0461073,-0.07620345,0.01623785,0.9352427,-0.3536348,0.08757386,0.350992,0.9322743,moving,8.789369601653728,9.29235902668293,8.068186241625348,8.972251631140034,0.24340000000000006,0.5177998,0.910809,0.15084320512130883,0.15962458660906884,0.975585038044944,8.667621217745356,9.447718081385352,0.7729312913833085,0.7890337023619972,0.7651082511023378
05/17/2023 16:15:55.817973,2925,True,True,True,True,Eyes,1.100221,-0.2510071,-3.471141,0.2383096,0.484735,0.8415703,1.051813,1.350878,0.2588437,-2.585966,-0.01396926,0.03176059,-0.9993979,0.1506412,0.1693443,1.037232,1.107742,-0.2562937,-3.481923,-0.179044,0.04139042,-0.01591265,0.9828413,339.4744,5.33392,357.1784,0.3015086,-0.06872123,-0.9509834,0,0,0,1.351087,0.2583672,-2.570973,0.1497377,0.1636056,1.051064,0.9960673,-0.04610063,-0.07566229,0.01645781,0.93538,-0.3532608,0.08705854,0.3506263,0.9324602,moving,8.819778037375697,9.317472815799317,8.107968429601526,8.847496459467031,0.24334499999999992,0.5146609,0.9109500000000001,0.15135066546439485,0.16003964672323273,0.9754385388426264,8.697858620860602,9.473022032638921,0.8340856902832801,0.8529658218422299,0.859798046308371
05/17/2023 16:15:55.827458,2926,True,True,True,True,Eyes,1.100197,-0.2510285,-3.471151,0.2383113,0.4847021,0.8415888,1.052268,1.350964,0.2590078,-2.585575,-0.007443314,0.2310168,-0.9729214,0.1511474,0.169295,1.037571,1.107733,-0.2562934,-3.48188,-0.1790513,0.04124195,-0.01569871,0.9828497,339.4719,5.311422,357.2074,0.301501,-0.06872606,-0.9509854,0,0,0,1.351076,0.255541,-2.570974,0.1503153,0.1608964,1.04998,0.9961053,-0.04562778,-0.07544751,0.01609008,0.9353883,-0.353256,0.08669101,0.3506662,0.9324794,moving,8.844326459774203,9.311234673471981,8.14711574673671,8.712096957624713,0.24334299999999986,0.5118344,0.9109059999999998,0.1517714896170613,0.15992300811671942,0.9753923088439124,8.722458031856311,9.4666165293101,0.898483762075053,0.9192762266723387,0.9488511627768315
05/17/2023 16:15:55.847621,2927,True,True,True,True,Eyes,1.100176,-0.2510476,-3.471159,0.2383277,0.4846608,0.8416079,1.054001,1.351374,0.2597851,-2.584104,0.02071018,0.4833754,-0.8751681,0.1516604,0.1697567,1.039141,1.107845,-0.2563365,-3.481848,-0.1789702,0.04105183,-0.01571958,0.982872,339.4809,5.288564,357.2095,0.3014934,-0.06873098,-0.9509875,0,0,0,1.351063,0.2525344,-2.570976,0.150696,0.1583336,1.048815,0.9961353,-0.04559478,-0.07507071,0.01620656,0.9354451,-0.3531002,0.08632407,0.350519,0.9325688,moving,8.865507279160441,9.320046928207452,8.176421346013058,8.58479130282087,0.24321799999999993,0.5088709,0.9108719999999999,0.1521285269484679,0.16006412946412324,0.9753135017694162,8.74358162176047,9.47545617922369,0.985016872850625,1.0076905566314565,1.0559141539176045
05/17/2023 16:15:55.867625,2928,True,True,True,True,Eyes,1.100155,-0.2510666,-3.471168,0.2383666,0.4846126,0.8416246,0.0,0.0,0.0,0.0,0.0,0.0,0.0,-1.37779,-1.00702,3.240939,1.107899,-0.2563001,-3.481803,-0.1788578,0.04122362,-0.01580326,0.982884,339.4949,5.310508,357.1965,0.301486,-0.06873593,-0.9509894,0,0,0,1.35105,0.2495136,-2.570977,0.1503707,0.1557405,1.047715,0.9961017,-0.04581188,-0.07538299,0.01631921,0.9355202,-0.3528959,0.08668914,0.35029,0.932621,moving,8.846021517643043,9.330420574511445,8.167459863457005,8.454978511180302,0.24315100000000012,0.5058137,0.9108260000000001,0.15179220308325211,0.16024908951609546,0.9753354970428765,8.724016722242132,9.48602829377744,1.0833853066482806,1.1076302292647948,1.1716736709742925
05/17/2023 16:15:55.877728,2929,True,True,True,True,Eyes,1.100132,-0.251084,-3.471174,0.2384139,0.4845713,0.841635,0.0,0.0,0.0,0.0,0.0,0.0,0.0,-1.379632,-1.006638,3.240355,1.107959,-0.2563136,-3.481858,-0.178841,0.04147756,-0.015726,0.9828776,339.4972,5.339333,357.2004,0.3014788,-0.0687409,-0.9509913,0,0,0,1.351037,0.2464404,-2.570979,0.149976,0.1528385,1.046755,0.9960646,-0.04574925,-0.07590982,0.0160777,0.9355372,-0.3528621,0.08715963,0.350253,0.932591,moving,8.823979210892192,9.326198593625337,8.153680386755083,8.307152783897314,0.24307800000000013,0.5027539999999999,0.910879,0.15141853026827734,0.1601865094709456,0.9754038735809951,8.701998683034633,9.481837697372553,1.194061568461482,1.2197355762475057,1.2963555067886432
05/17/2023 16:15:55.897915,2930,True,True,True,True,Eyes,1.100084,-0.2511054,-3.471177,0.2384669,0.4845365,0.84164,0.0,0.0,0.0,0.0,0.0,0.0,0.0,-1.380413,-1.007133,3.23977,1.107863,-0.2562954,-3.481798,-0.1789219,0.04161019,-0.01572752,0.9828572,339.4882,5.355754,357.1967,0.3014717,-0.06874586,-0.9509932,0,0,0,1.351025,0.2434553,-2.570981,0.1499342,0.1498682,1.045718,0.9960425,-0.04580577,-0.07616576,0.01602587,0.9354792,-0.3530182,0.08742175,0.3504005,0.9325111,moving,8.812280184814723,9.313858855824975,8.159413095695317,8.155869710903783,0.24316199999999988,0.4997507,0.9108169999999998,0.15122446006852697,0.15998123937031714,0.9754676506960032,8.690384553348977,9.469392390209912,1.3025663973013295,1.329351080719672,1.4167824525644024
05/17/2023 16:15:55.917956,2931,True,True,True,True,Eyes,1.100037,-0.2511221,-3.471178,0.2384996,0.4845082,0.841647,0.0,0.0,0.0,0.0,0.0,0.0,0.0,-1.379867,-1.00674,3.240101,1.107814,-0.2564299,-3.481782,-0.1789738,0.04150521,-0.01546559,0.9828563,339.4804,5.337681,357.2302,0.301464,-0.06875093,-0.9509953,0,0,0,1.351012,0.2404411,-2.570982,0.1504887,0.1469839,1.044668,0.9960763,-0.04525759,-0.07605145,0.0155442,0.9354584,-0.3530949,0.08712319,0.3505273,0.9324914,moving,8.835644487204327,9.301645716137346,8.19729958465017,8.008894930345328,0.24319800000000003,0.49687099999999995,0.9108,0.15162764524487038,0.15976331872378915,0.9754407551790405,8.71384213891844,9.456944005319908,1.4137814839251175,1.4417658647584763,1.537420675646301
05/17/2023 16:15:55.927583,2932,True,True,True,True,Eyes,1.099997,-0.2511442,-3.471175,0.2385333,0.484487,0.8416497,0.0,0.0,0.0,0.0,0.0,0.0,0.0,-1.378271,-1.007145,3.240592,1.107778,-0.2563298,-3.481742,-0.1790252,0.04127112,-0.01542526,0.9828575,339.4736,5.308863,357.2398,0.3014559,-0.06875596,-0.9509975,0,0,0,1.350999,0.2374474,-2.570984,0.1511514,0.1440047,1.043489,0.9961175,-0.0450988,-0.07560424,0.01554452,0.935424,-0.3531859,0.08665027,0.3506394,0.9324933,moving,8.8647013215041,9.295717399451345,8.242078204231209,7.857364317915931,0.24322100000000013,0.4937772,0.910758,0.15212513829007485,0.15965004868301869,0.9753818791343806,8.742948946862946,9.450835206826932,1.5380357389145756,1.5673286615528448,1.6703355874288501
05/17/2023 16:15:55.947802,2933,True,True,True,True,Eyes,1.099955,-0.2511719,-3.471163,0.2385451,0.4844576,0.8416632,0.0,0.0,0.0,0.0,0.0,0.0,0.0,-1.376764,-1.007626,3.240942,1.107765,-0.256476,-3.481605,-0.1791028,0.04105518,-0.01545462,0.982852,339.4641,5.283875,357.2404,0.3014476,-0.06876113,-0.9509998,0,0,0,1.350986,0.2344472,-2.570985,0.151704,0.141254,1.042317,0.9961513,-0.0450854,-0.0751664,0.01567301,0.9353667,-0.3533321,0.08623826,0.3507941,0.9324734,moving,8.887689443782994,9.28734574329222,8.28096655284483,7.717663108329688,0.2432209999999999,0.4909232,0.9106200000000002,0.1525202617580519,0.15949769230825736,0.9753450307801881,8.766002858656973,9.442276206503243,1.6524405314447832,1.6828595428291935,1.79152185483395
05/17/2023 16:15:55.967687,2934,True,True,True,True,Eyes,1.099911,-0.2511967,-3.471149,0.2385138,0.4843736,0.8417205,0.0,0.0,0.0,0.0,0.0,0.0,0.0,-1.37533,-1.005905,3.241838,1.107698,-0.2566307,-3.481384,-0.1789248,0.04083129,-0.01529995,0.982896,339.4833,5.252654,357.2651,0.3014392,-0.06876657,-0.9510021,0,0,0,1.350974,0.2314166,-2.570987,0.1524514,0.1389819,1.04098,0.9961975,-0.04468798,-0.07479075,0.01546506,0.9355037,-0.3529783,0.0857409,0.3504794,0.9326375,moving,8.916672912057232,9.300694343522949,8.331732017956126,7.604624285948889,0.24327599999999983,0.48804729999999996,0.9103969999999997,0.15300824952441147,0.1597127416679083,0.9752334761553487,8.794898815528802,9.455677907413905,1.762643604956107,1.7941040911248922,1.9081202771084638
05/17/2023 16:15:55.977878,2935,True,True,True,True,Eyes,1.099872,-0.2512176,-3.471134,0.2384614,0.4842831,0.8417873,0.0,0.0,0.0,0.0,0.0,0.0,0.0,-1.372833,-1.002876,3.243742,1.107643,-0.2565671,-3.481321,-0.1785212,0.04043794,-0.01509885,0.9829889,339.5281,5.198921,357.3006,0.3014306,-0.0687722,-0.9510044,0,0,0,1.350961,0.2284074,-2.570988,0.1535494,0.136941,1.039605,0.9962736,-0.04412207,-0.07410916,0.01524594,0.9358044,-0.3521899,0.08489102,0.3497476,0.9329899,moving,8.965394430439073,9.339983737565444,8.401827902920378,7.50403079709571,0.24331800000000015,0.4849745,0.9103330000000001,0.15382109174345648,0.16036095327626743,0.9749991051667883,8.8433530654693,9.495260502397679,1.8876845657720056,1.9205026504951621,2.03959314777257
05/17/2023 16:15:55.997938,2936,True,True,True,True,Eyes,1.099818,-0.2512318,-3.471113,0.238394,0.484163,0.8418756,0.0,0.0,0.0,0.0,0.0,0.0,0.0,-1.370751,-1.002142,3.24483,1.107723,-0.2564922,-3.481283,-0.1783721,0.04012017,-0.01513947,0.9830284,339.5448,5.160802,357.3036,0.3014221,-0.06877788,-0.9510067,0,0,0,1.350948,0.2253879,-2.57099,0.1542051,0.1344181,1.038341,0.9963223,-0.0440777,-0.07347762,0.01545243,0.9359084,-0.3519043,0.08427945,0.3494747,0.9331476,moving,8.9948571303529,9.352199830073575,8.447313482254659,7.376184609681266,0.24322500000000002,0.48188010000000003,0.9102929999999998,0.15431748946962426,0.1605562696988405,0.9748886256309206,8.87273645697198,9.507514195579112,2.016318669355612,2.0504731643683605,2.173373072240664
05/17/2023 16:15:56.017902,2937,True,True,True,True,Eyes,1.099762,-0.2512495,-3.471079,0.2383161,0.4840441,0.841966,0.0,0.0,0.0,0.0,0.0,0.0,0.0,-1.369121,-1.003178,3.24502,1.107677,-0.2563637,-3.481141,-0.178404,0.03992183,-0.01541849,0.9830263,339.542,5.143116,357.2741,0.3014131,-0.06878345,-0.9510091,0,0,0,1.350936,0.2223914,-2.570991,0.1546063,0.1316039,1.037078,0.9963371,-0.04455798,-0.07298698,0.01606913,0.9358686,-0.3519827,0.08398985,0.3495205,0.9331565,moving,9.000910658572268,9.347508022989418,8.47913684802961,7.232107760460457,0.2432589999999999,0.4787551,0.9101500000000002,0.15442258566712885,0.16047376794909488,0.9748855493113628,8.878825046737198,9.502742951205386,2.1436484404395744,2.1787992518990364,2.305544366442636
05/17/2023 16:15:56.037874,2938,True,True,True,True,Eyes,1.099712,-0.2512776,-3.471037,0.2382016,0.4838436,0.8421137,0.0,0.0,0.0,0.0,0.0,0.0,0.0,-1.36743,-1.003052,3.245386,1.107568,-0.2564648,-3.480808,-0.1783658,0.03970264,-0.01552834,0.9830404,339.5464,5.11891,357.2659,0.301404,-0.06878904,-0.9510116,0,0,0,1.350922,0.2192356,-2.570993,0.1552301,0.1290083,1.035634,0.9963651,-0.04469316,-0.07251912,0.01636679,0.9358891,-0.3519146,0.08359803,0.3494485,0.9332187,moving,9.013646559287514,9.341763612589151,8.524543209900571,7.100722735880131,0.24335399999999985,0.4757004,0.909815,0.15464192227692247,0.16037046696086557,0.9748678394697724,8.891605285624598,9.49688135824574,2.257855838539001,2.293792993594291,2.4241102926582956
05/17/2023 16:15:56.047746,2939,True,True,True,True,Eyes,1.099662,-0.251321,-3.470984,0.2380504,0.483545,0.8423279,0.0,0.0,0.0,0.0,0.0,0.0,0.0,-1.364013,-0.9997056,3.247508,1.107378,-0.2567133,-3.480526,-0.1779241,0.03920601,-0.01544004,0.9831417,339.5959,5.055051,357.2902,0.3013948,-0.06879494,-0.9510141,0,0,0,1.35091,0.2163826,-2.570994,0.156585,0.1276126,1.034201,0.996449,-0.04431087,-0.07159581,0.0164081,0.9362093,-0.3510599,0.08258443,0.3486385,0.9336118,moving,9.063208964128185,9.374001647639847,8.609575857532208,7.034309923451552,0.24353200000000008,0.4730959,0.909532,0.1554716287272034,0.16089774416660987,0.9746489314961447,8.94095092874738,9.52932410522772,2.346554709314382,2.3832625452591483,2.5169237582984243
05/17/2023 16:15:56.067691,2940,True,True,True,True,Eyes,1.099608,-0.2513702,-3.470918,0.237952,0.4830152,0.8426596,0.0,0.0,0.0,0.0,0.0,0.0,0.0,-1.360708,-0.9885249,3.25199,1.107355,-0.2570879,-3.480204,-0.1763368,0.03867692,-0.01534175,0.9834501,339.7785,4.981643,357.3236,0.3013857,-0.06880156,-0.9510165,0,0,0,1.350896,0.2130355,-2.570996,0.1578513,0.1282668,1.032287,0.9965374,-0.04381602,-0.07066301,0.01653536,0.9373398,-0.3480237,0.08148427,0.3456502,0.9348189,moving,9.122791758428884,9.523681616234164,8.693990349620996,7.082982686459103,0.243541,0.47012339999999997,0.909208,0.15641941474621196,0.1634186144982216,0.9740776983039565,8.999482126005338,9.680592685357524,2.440157074461824,2.4780802880457196,2.6155119827321602
05/17/2023 16:15:56.087500,2941,True,True,True,True,Eyes,1.099559,-0.2514301,-3.470846,0.2378365,0.4823514,0.8430723,0.0,0.0,0.0,0.0,0.0,0.0,0.0,-1.358422,-0.975329,3.256592,1.107333,-0.257232,-3.479887,-0.1743948,0.03830368,-0.01532994,0.9838111,340.0031,4.927345,357.3453,0.3013767,-0.06880901,-0.9510189,0,0,0,1.350885,0.2103767,-2.570997,0.1587299,0.1300916,1.030503,0.9965956,-0.04352346,-0.07002026,0.0168036,0.9387029,-0.3443176,0.08071411,0.3419688,0.9362385,moving,9.161829998327043,9.705697631012786,8.756534746344776,7.195008704119014,0.243552,0.4676087,0.90889,0.15700108911750268,0.16649664897983135,0.9734626344836792,9.03723273429085,9.86466555222591,2.5044862308314397,2.543191524228242,2.6843731199445835
05/17/2023 16:15:56.097619,2942,True,True,True,True,Eyes,1.099517,-0.2514975,-3.470762,0.2379753,0.4812887,0.8436403,0.0,0.0,0.0,0.0,0.0,0.0,0.0,-1.356785,-0.9599865,3.26164,1.107411,-0.2574996,-3.479665,-0.1721398,0.03800785,-0.01535048,0.9842194,340.2644,4.881754,357.3632,0.3013678,-0.0688175,-0.9510211,0,0,0,1.350872,0.2073887,-2.570999,0.159332,0.1323301,1.028674,0.9966395,-0.04330181,-0.06953125,0.01713117,0.9402645,-0.3400134,0.08010098,0.3376797,0.9378466,moving,9.206781928178316,9.899291236798298,8.804615426643679,7.330352497878798,0.24346100000000015,0.46488830000000003,0.9086659999999998,0.15767555359602572,0.16976640176350555,0.9727886721032111,9.080816038332783,10.060434004129283,2.560418087915949,2.6002277091204764,2.7440174577921965
05/17/2023 16:15:56.117728,2943,True,True,True,True,Eyes,1.099477,-0.2515762,-3.47067,0.2381421,0.4800833,0.8442799,0.0,0.0,0.0,0.0,0.0,0.0,0.0,-1.356895,-0.9460044,3.265348,1.107531,-0.2576852,-3.479305,-0.1699655,0.03800853,-0.01573738,0.9845909,340.5189,4.879775,357.3304,0.3013594,-0.06882716,-0.951023,0,0,0,1.350858,0.2040416,-2.571001,0.159106,0.1341282,1.0267,0.9966154,-0.04391003,-0.06949608,0.01806948,0.9417281,-0.3358893,0.08019533,0.3334967,0.9393342,moving,9.20625148290823,10.079416328805618,8.808961841656757,7.442975205819867,0.24332699999999985,0.4617268,0.9083040000000002,0.15758144154945242,0.17282643181395346,0.9722650348649605,9.079000962600912,10.242741129681189,2.625583428091619,2.6662072038789657,2.812758495721831
05/17/2023 16:15:56.127398,2944,True,True,True,True,Eyes,1.099466,-0.2516625,-3.470571,0.2384095,0.4785009,0.8451022,0.0,0.0,0.0,0.0,0.0,0.0,0.0,-1.358992,-0.92937,3.268997,1.107521,-0.2579908,-3.479047,-0.1674098,0.03831556,-0.0161657,0.9850101,340.8185,4.913408,357.2888,0.3013516,-0.06883819,-0.9510248,0,0,0,1.350846,0.2011654,-2.571002,0.1583439,0.1372082,1.025026,0.9965411,-0.04467555,-0.07006983,0.01901794,0.9434252,-0.3310395,0.08089502,0.3285619,0.9410117,moving,9.17710795413155,10.277402431682694,8.781520348284293,7.624192245020475,0.243325,0.4591562,0.908045,0.15699144741497817,0.17620180639145808,0.971754361090722,9.04843785405592,10.443232508421582,2.6418241515550767,2.6825386946898138,2.831648453032956
05/17/2023 16:15:56.147383,2945,True,True,True,True,Eyes,1.099458,-0.2517576,-3.470468,0.2386704,0.4768352,0.8459696,0.0,0.0,0.0,0.0,0.0,0.0,0.0,-1.359987,-0.9145142,3.272444,1.10746,-0.2581528,-3.478747,-0.1651675,0.03845149,-0.01639125,0.9853795,341.0802,4.923775,357.2731,0.301345,-0.06885065,-0.951026,0,0,0,1.350834,0.1983689,-2.571004,0.1581058,0.1395192,1.023318,0.9965056,-0.04500508,-0.07036401,0.01960134,0.9449021,-0.3267658,0.08119322,0.3242447,0.9424824,moving,9.17321960726125,10.430799987147827,8.782928395191467,7.763837785854834,0.24337399999999998,0.45652170000000003,0.907743,0.15685059206073676,0.17880689451568538,0.9713011469998442,9.043454583810147,10.598501180226837,2.654519043741264,2.6953691052144353,2.8466103446641196
05/17/2023 16:15:56.167593,2946,True,True,True,True,Eyes,1.099449,-0.2518663,-3.470347,0.2390427,0.4748937,0.8469561,0.0,0.0,0.0,0.0,0.0,0.0,0.0,-1.359331,-0.9019786,3.276046,1.10753,-0.2584238,-3.478566,-0.163175,0.0383535,-0.01687687,0.985707,341.3134,4.912394,357.2295,0.3013396,-0.06886465,-0.9510267,0,0,0,1.350822,0.1953484,-2.571005,0.1580375,0.1412749,1.021681,0.9964883,-0.04578796,-0.07010284,0.02075464,0.9461782,-0.32298,0.08111838,0.3203909,0.9438059,moving,9.190374122010946,10.545574047241109,8.793040290791218,7.872760072850639,0.24329200000000006,0.45377219999999996,0.9075609999999998,0.1570848237058906,0.18074543032368243,0.9709044863572243,9.059795178199115,10.714600154615537,2.660887728022419,2.702185914242158,2.854332359814029
05/17/2023 16:15:56.178240,2947,True,True,True,True,Eyes,1.099444,-0.2519836,-3.470219,0.2394345,0.4728157,0.8480073,0.0,0.0,0.0,0.0,0.0,0.0,0.0,-1.360517,-0.8873858,3.279062,1.107624,-0.2587972,-3.47806,-0.1609211,0.03851936,-0.01735897,0.9860626,341.5776,4.931053,357.1828,0.3013354,-0.06888043,-0.9510269,0,0,0,1.350809,0.1923043,-2.571007,0.1574445,0.1437046,1.019773,0.9964299,-0.04663122,-0.07037813,0.02183691,0.9476061,-0.3186939,0.08155183,0.3160193,0.9452413,moving,9.180504574858428,10.679240914727808,8.776695240682692,8.021202892279746,0.24318499999999998,0.45110150000000004,0.9070530000000003,0.15685053534544113,0.18301687417155002,0.9705167078110267,9.048969824526381,10.849921720351153,2.647225255431485,2.688536424738757,2.8417923318379423
05/17/2023 16:15:56.197780,2948,True,True,True,True,Eyes,1.099455,-0.2520987,-3.470084,0.2399021,0.470607,0.8491032,0.0,0.0,0.0,0.0,0.0,0.0,0.0,-1.363003,-0.8680303,3.282961,1.107724,-0.2590682,-3.477775,-0.1579726,0.03885017,-0.01776506,0.9865191,341.9224,4.964437,357.1465,0.3013324,-0.06889807,-0.9510265,0,0,0,1.350796,0.1893488,-2.571008,0.1565468,0.1474115,1.017914,0.9963502,-0.04732567,-0.07104009,0.02277661,0.9494581,-0.3130664,0.08226566,0.3103057,0.9470706,moving,9.162018365949127,10.881855380009041,8.743118550967628,8.240131431760492,0.24307200000000018,0.44841700000000007,0.9067669999999999,0.1564343542430613,0.18646023692174435,0.9699283907295907,9.02903385405458,11.055057598408832,2.63322484969912,2.674730355333306,2.829409281850333
05/17/2023 16:15:56.217833,2949,True,True,True,True,Eyes,1.099469,-0.2522221,-3.469941,0.2403978,0.4683596,0.8502048,0.0,0.0,0.0,0.0,0.0,0.0,0.0,-1.3662,-0.8549566,3.28475,1.107802,-0.2590495,-3.477456,-0.1559415,0.03930455,-0.01811342,0.9868178,342.1607,5.015519,357.1092,0.301331,-0.06891733,-0.9510255,0,0,0,1.350783,0.1862459,-2.57101,0.1554987,0.1487848,1.016197,0.9962541,-0.0480077,-0.07192358,0.02349087,0.9507083,-0.3091955,0.08322211,0.3063478,0.9482748,moving,9.131073368711064,10.974231851232751,8.69992880584026,8.3296823407626,0.2429810000000001,0.4452954,0.9064460000000003,0.1558626473104785,0.18804097076860504,0.9697151373397292,8.997421912548665,11.148667896432501,2.6378025561756018,2.679464078397203,2.834639608771203
05/17/2023 16:15:56.227462,2950,True,True,True,True,Eyes,1.099505,-0.2523492,-3.469793,0.2409247,0.466079,0.8513082,0.0,0.0,0.0,0.0,0.0,0.0,0.0,-1.369974,-0.8437831,3.285813,1.107863,-0.2593444,-3.477174,-0.1542533,0.03984646,-0.01841736,0.9870558,342.3594,5.077612,357.0737,0.3013311,-0.06893827,-0.951024,0,0,0,1.35077,0.1831472,-2.571011,0.1543117,0.1497111,1.014745,0.9961461,-0.04865082,-0.07297949,0.02406502,0.9517334,-0.305981,0.08434324,0.3030455,0.9492364,moving,9.093046609123915,11.023610442956583,8.646691097772669,8.392628140383566,0.24290699999999998,0.4424916,0.9061630000000003,0.1551930633519846,0.18889677566796578,0.9696561854224427,8.95903295462377,11.198786413078983,2.626956410296164,2.668576609161904,2.8234875043035195
05/17/2023 16:15:56.253259,2951,True,True,True,True,Eyes,1.099547,-0.2524761,-3.469637,0.2414744,0.4638056,0.8523933,0.0,0.0,0.0,0.0,0.0,0.0,0.0,-1.373796,-0.8325585,3.286781,1.107923,-0.2594789,-3.476864,-0.1525737,0.04038715,-0.018618,0.9872911,342.5565,5.137544,357.0507,0.3013332,-0.06896083,-0.9510217,0,0,0,1.350758,0.1803286,-2.571013,0.1531931,0.1506937,1.013306,0.9960445,-0.04908679,-0.0740665,0.02443874,0.9527494,-0.302773,0.08542896,0.2997653,0.9501803,moving,9.060570989463667,11.070646398603854,8.596958287669745,8.458741475785084,0.2428349999999999,0.4398075,0.9058509999999997,0.15461872991569303,0.18971001278260516,0.9695890973710934,8.926213312898547,11.246513168258229,2.6111133536666156,2.652731434410499,2.8071479977003353
05/17/2023 16:15:56.269266,2952,True,True,True,True,Eyes,1.099631,-0.2526091,-3.469472,0.2419796,0.4615832,0.8534558,0.0,0.0,0.0,0.0,0.0,0.0,0.0,-1.378037,-0.8247771,3.28667,1.108099,-0.2595806,-3.476518,-0.1514537,0.04097203,-0.01867409,0.9874384,342.6882,5.202673,357.0406,0.3013374,-0.06898485,-0.9510186,0,0,0,1.350746,0.1773285,-2.571014,0.1519811,0.1502737,1.011941,0.9959452,-0.04928976,-0.07525819,0.0244683,0.9534261,-0.3006326,0.08657122,0.2975721,0.9507661,moving,9.024546010182723,11.053018549082708,8.541283568562578,8.446720248462107,0.24264700000000006,0.4369091,0.9055040000000001,0.15401756447620799,0.18942970931664743,0.9697396325576614,8.89030449521532,11.22880677598166,2.6090003108971085,2.650723187980687,2.8038939091640653
05/17/2023 16:15:56.277452,2953,True,True,True,True,Eyes,1.099721,-0.252756,-3.469298,0.2425201,0.4593246,0.8545203,0.0,0.0,0.0,0.0,0.0,0.0,0.0,-1.382423,-0.8173401,3.286319,1.10827,-0.2597738,-3.476103,-0.150352,0.0415926,-0.01886594,0.9875771,342.8185,5.274487,357.0138,0.3013444,-0.06901035,-0.9510145,0,0,0,1.350733,0.1743005,-2.571016,0.1506274,0.14994,1.010555,0.9958283,-0.04977019,-0.07647873,0.02475607,0.9540767,-0.2985377,0.08782486,0.295399,0.9513286,moving,8.981324747177618,11.033934821417596,8.47775665442408,8.439626192850154,0.24246299999999987,0.4340743,0.905087,0.15329507129839426,0.18912821142476186,0.969912970807253,8.847207869258067,11.209653813826453,2.6010118845034893,2.6427292869870183,2.7945567128104454
05/17/2023 16:15:56.297476,2954,True,True,True,True,Eyes,1.099814,-0.2529095,-3.469117,0.24312,0.4570355,0.8555765,0.0,0.0,0.0,0.0,0.0,0.0,0.0,-1.38698,-0.8065429,3.286767,1.108487,-0.2602288,-3.475716,-0.1487214,0.04223375,-0.0192428,0.9877895,343.0112,5.349341,356.9685,0.3013542,-0.06903756,-0.9510094,0,0,0,1.35072,0.1713177,-2.571018,0.1490561,0.1510218,1.00914,0.9956921,-0.05057779,-0.07771247,0.02545354,0.9550233,-0.2954362,0.08915973,0.2921855,0.9521965,moving,8.933827202539497,11.078050574249007,8.402182012147943,8.511374433417137,0.24223299999999992,0.43154649999999994,0.9046979999999998,0.15246784483345743,0.1898995340323478,0.9698925988369216,8.799383146948195,11.254481235567654,2.5793755793125244,2.621158717129135,2.771714932941526
05/17/2023 16:15:56.317784,2955,True,True,True,True,Eyes,1.099909,-0.253069,-3.46893,0.2437533,0.4546939,0.8566433,0.0,0.0,0.0,0.0,0.0,0.0,0.0,-1.392301,-0.7933835,3.287437,1.108637,-0.2604826,-3.475382,-0.1466853,0.04299591,-0.01970011,0.9880521,343.2515,5.437726,356.9145,0.3013667,-0.06906652,-0.9510034,0,0,0,1.350708,0.1683415,-2.571019,0.147273,0.1527326,1.007643,0.9955266,-0.05154319,-0.07918496,0.02631574,0.9561907,-0.2915593,0.09074382,0.2881712,0.9532695,moving,8.873052818485897,11.166360721885793,8.315242667921686,8.618950922700916,0.24207099999999993,0.42882410000000004,0.904363,0.15139324704906004,0.19142619762025215,0.9697608225771882,8.737962913077087,11.344087617894301,2.5659073301410356,2.6077670235386443,2.757727762697719
05/17/2023 16:15:56.327639,2956,True,True,True,True,Eyes,1.100009,-0.2532275,-3.468742,0.2444036,0.4523966,0.8576738,0.0,0.0,0.0,0.0,0.0,0.0,0.0,-1.397177,-0.7807018,3.28818,1.108786,-0.2607516,-3.475101,-0.1447709,0.04367988,-0.02000834,0.9882981,343.4767,5.514592,356.8791,0.3013817,-0.06909722,-0.9509964,0,0,0,1.350695,0.1653286,-2.571021,0.1457343,0.1541005,1.006201,0.9953835,-0.05219555,-0.08054424,0.02690126,0.9572821,-0.2879015,0.09213074,0.2844057,0.9542669,moving,8.827393118273193,11.241402034894719,8.241193591075094,8.707239197196769,0.24190899999999993,0.42608019999999996,0.90408,0.15058153131981444,0.19272033440502043,0.9696309739912173,8.691755988863354,11.420208013672692,2.558914297520723,2.601078848027603,2.7501284103604107
05/17/2023 16:15:56.350033,2957,True,True,True,True,Eyes,1.100112,-0.2533825,-3.46855,0.2450775,0.4500781,0.8587006,0.0,0.0,0.0,0.0,0.0,0.0,0.0,-1.401487,-0.7686836,3.288979,1.1089,-0.2608316,-3.474871,-0.1429369,0.04428404,-0.02027792,0.9885328,343.6921,5.581559,356.8493,0.3013991,-0.06912945,-0.9509885,0,0,0,1.350682,0.1622802,-2.571022,0.1444211,0.15506,1.004751,0.9952555,-0.05275042,-0.08175551,0.02743113,0.9583157,-0.2843916,0.09334937,0.2807996,0.9552159,moving,8.79320461740057,11.306050709432297,8.179567468605645,8.773062204571914,0.24178199999999994,0.42311180000000004,0.9038489999999997,0.14996942044012057,0.19383250301743324,0.9695040645882157,8.657097414071908,11.485767063606446,2.563611232864759,2.606258106200535,2.7544150923647233
05/17/2023 16:15:56.367677,2958,True,True,True,True,Eyes,1.100217,-0.2535342,-3.468354,0.2457224,0.4478802,0.8596649,0.0,0.0,0.0,0.0,0.0,0.0,0.0,-1.406132,-0.7584579,3.289162,1.109061,-0.2608716,-3.47462,-0.141422,0.04492538,-0.02038924,0.9887193,343.8698,5.651711,356.8358,0.3014187,-0.06916298,-0.9509799,0,0,0,1.350669,0.1592528,-2.571024,0.1430932,0.1552919,1.003381,0.995132,-0.05302534,-0.0830702,0.02761159,0.9591682,-0.2814853,0.09460416,0.2778213,0.955963,moving,8.758467868685328,11.338184666784862,8.11628279276676,8.797786871473203,0.24160799999999982,0.42012439999999995,0.9035959999999998,0.14936468008844983,0.1943942007692549,0.9694849141452218,8.622122311865432,11.518419923265707,2.577124180140142,2.6203096439460873,2.767258177616929
05/17/2023 16:15:56.377691,2959,True,True,True,True,Eyes,1.100327,-0.2536938,-3.468156,0.2463636,0.4456719,0.8606285,0.0,0.0,0.0,0.0,0.0,0.0,0.0,-1.409834,-0.7520556,3.288762,1.109167,-0.2609086,-3.474313,-0.1404859,0.04544608,-0.02045652,0.9888277,343.98,5.709685,356.8256,0.3014404,-0.06919759,-0.9509705,0,0,0,1.350657,0.156279,-2.571025,0.1420927,0.1544146,1.002127,0.9950324,-0.05322501,-0.08412895,0.02768688,0.9596905,-0.2796921,0.09562436,0.2759733,0.9563968,moving,8.736783770647772,11.303479569073128,8.070235858639856,8.75963419063456,0.24148999999999998,0.4171876,0.9032879999999999,0.14901509683225875,0.1938172656466004,0.9696541905855758,8.600679954408658,11.483375933355804,2.5861481741698196,2.6297215495951978,2.774912614800354
05/17/2023 16:15:56.397719,2960,True,True,True,True,Eyes,1.100445,-0.2538497,-3.467957,0.2469753,0.4435247,0.861562,0.0,0.0,0.0,0.0,0.0,0.0,0.0,-1.411776,-0.7433395,3.289768,1.109366,-0.2612334,-3.47409,-0.1391829,0.04569087,-0.02066736,0.9889963,344.1325,5.735555,356.8057,0.3014642,-0.06923339,-0.9509603,0,0,0,1.350644,0.153235,-2.571027,0.1414297,0.1545295,1.000821,0.9949704,-0.05359865,-0.08462311,0.02816111,0.960402,-0.2771913,0.09612927,0.273414,0.957081,moving,8.739509687352813,11.320229672786576,8.043418542245131,8.777312089478558,0.24127799999999988,0.4144684,0.903063,0.14905275876521967,0.19409963178931258,0.9695919998679398,8.603287146656026,11.50031856260947,2.592147477442408,2.6364697452833425,2.77996710536615
05/17/2023 16:15:56.417857,2961,True,True,True,True,Eyes,1.100562,-0.2540089,-3.467754,0.2475783,0.4413806,0.8624896,0.0,0.0,0.0,0.0,0.0,0.0,0.0,-1.413966,-0.7363763,3.290159,1.109471,-0.2612654,-3.473833,-0.1380556,0.04600294,-0.02100027,0.9891326,344.2656,5.772166,356.7692,0.30149,-0.06927016,-0.9509495,0,0,0,1.350631,0.1502496,-2.571028,0.1406778,0.1541114,0.9995087,0.9948854,-0.05424603,-0.08520759,0.02884218,0.9609993,-0.2750428,0.0968044,0.2711785,0.9576488,moving,8.729170403205307,11.31909589647099,8.011580409287268,8.765247307084849,0.24115999999999982,0.41151499999999996,0.9028049999999999,0.14887821917628363,0.19408561806293953,0.969621682673936,8.592953208321529,11.499209754152242,2.607900697700492,2.6527491432249826,2.795093020532887
05/17/2023 16:15:56.427749,2962,True,True,True,True,Eyes,1.100685,-0.2541634,-3.467553,0.2480986,0.4392988,0.8634024,0.0,0.0,0.0,0.0,0.0,0.0,0.0,-1.415534,-0.7286768,3.290969,1.109545,-0.2614809,-3.473575,-0.1369386,0.04620472,-0.02107374,0.989277,344.3956,5.791542,356.7651,0.3015176,-0.06930789,-0.9509379,0,0,0,1.350618,0.1471709,-2.57103,0.14032,0.1536702,0.9981964,0.9948421,-0.05434995,-0.08564691,0.02904112,0.9616074,-0.2728878,0.09719014,0.268993,0.9582258,moving,8.73598423541892,11.31578292617154,8.001837483866515,8.751854793060915,0.2410730000000001,0.4086518,0.9025449999999999,0.14899530997512372,0.19402608134088645,0.9696155592264786,8.599792470891517,11.495831189502669,2.6215857836273946,2.666964365073348,2.808372594713448
05/17/2023 16:15:56.457525,2963,True,True,True,True,Eyes,1.100774,-0.2543192,-3.467343,0.2486183,0.437289,0.8642727,0.0,0.0,0.0,0.0,0.0,0.0,0.0,-1.416557,-0.7205895,3.292132,1.109654,-0.261503,-3.47337,-0.1357526,0.04631482,-0.02109149,0.9894349,344.533,5.798863,356.7695,0.3015471,-0.06934636,-0.9509258,0,0,0,1.350606,0.1442319,-2.571031,0.1401342,0.153282,0.9968753,0.9948202,-0.05431202,-0.08592455,0.02916259,0.9622527,-0.2705905,0.09737746,0.2666831,0.9588523,moving,8.75532016522039,11.324794710042688,8.0018325072274,8.741477861092768,0.24095200000000006,0.4057349,0.902339,0.14931821617644156,0.19416901764305802,0.9695372563685194,8.61906925956937,11.504879687080651,2.6447795451642193,2.690960719300136,2.8314962229031537
05/17/2023 16:15:56.467832,2964,True,True,True,True,Eyes,1.100866,-0.2544723,-3.467134,0.2491401,0.4352745,0.8651389,0.0,0.0,0.0,0.0,0.0,0.0,0.0,-1.418075,-0.7148583,3.29249,1.10986,-0.2617368,-3.473062,-0.1349286,0.04649765,-0.0211678,0.9895374,344.6292,5.817502,356.7634,0.3015773,-0.06938557,-0.9509134,0,0,0,1.350593,0.1412205,-2.571033,0.1396853,0.1523404,0.9956224,0.9947798,-0.05444039,-0.08631005,0.02934494,0.9626924,-0.2690023,0.09773461,0.2650653,0.9592645,moving,8.763485849254366,11.292747755867524,7.986438509741806,8.699368184412254,0.24073299999999986,0.40295729999999996,0.9020290000000002,0.14947285716882228,0.19362212242500126,0.9696227796152977,8.627465637009088,11.472414313336703,2.6604650887909336,2.7072901893748043,2.846172976302638
05/17/2023 16:15:56.477734,2965,True,True,True,True,Eyes,1.100962,-0.2546311,-3.46692,0.249666,0.4332669,0.8659946,0.0,0.0,0.0,0.0,0.0,0.0,0.0,-1.419866,-0.7079378,3.293061,1.110012,-0.261806,-3.472863,-0.1338298,0.04673696,-0.02144129,0.9896695,344.7584,5.844501,356.7351,0.3016084,-0.06942535,-0.9509006,0,0,0,1.350579,0.1377928,-2.571035,0.1390862,0.1514209,0.9942698,0.9947118,-0.05494916,-0.08676931,0.02992998,0.9632598,-0.2668986,0.09824724,0.2628902,0.9598105,moving,8.759081259868692,11.296520279053551,7.963304445156377,8.659242490915343,0.24056699999999998,0.3995988,0.9018279999999996,0.14939632795833302,0.1936882274141396,0.9696213555685047,8.623032978447226,11.476248977366954,2.7071027170732154,2.7547222855745073,2.893227831047625
05/17/2023 16:15:56.497792,2966,True,True,True,True,Eyes,1.101052,-0.2547851,-3.466706,0.250185,0.4312756,0.8668383,0.0,0.0,0.0,0.0,0.0,0.0,0.0,-1.421941,-0.701728,3.293258,1.110202,-0.2620851,-3.472556,-0.1328846,0.04701319,-0.0216768,0.9897786,344.8697,5.875959,356.7097,0.3016405,-0.06946583,-0.9508875,0,0,0,1.350568,0.1352013,-2.571036,0.1383591,0.1512081,0.9931488,0.9946398,-0.05540511,-0.08730426,0.0304158,0.9637436,-0.2650909,0.0988263,0.2610145,0.9602629,moving,8.751231672880134,11.28268527485795,7.931032987278346,8.656869927779951,0.24036600000000008,0.39728640000000004,0.9015200000000001,0.14927039297764078,0.1934577971795291,0.9696866742499839,8.615279970602407,11.462275901925171,2.7029388417855453,2.750932954619806,2.8876455139018997
05/17/2023 16:15:56.517652,2967,True,True,True,True,Eyes,1.101147,-0.2549402,-3.466492,0.2507129,0.4292904,0.8676709,0.0,0.0,0.0,0.0,0.0,0.0,0.0,-1.424019,-0.6943428,3.29377,1.11035,-0.2621343,-3.472358,-0.1316818,0.0472991,-0.02203996,0.9899176,345.0116,5.909159,356.6711,0.3016731,-0.0695068,-0.9508741,0,0,0,1.350555,0.1321928,-2.571038,0.1376062,0.150897,0.9918998,0.994554,-0.05609236,-0.08783989,0.03117863,0.9643483,-0.2627933,0.09944894,0.2586234,0.9608454,moving,8.738875494725294,11.301595171401788,7.898227776150506,8.65004223216869,0.240205,0.3943271,0.9013199999999997,0.14905149438967674,0.19378431104087818,0.9696552424856972,8.602785670488222,11.481460901579984,2.732990985452731,2.781622112419419,2.9177617291280686
05/17/2023 16:15:56.527662,2968,True,True,True,True,Eyes,1.101232,-0.2550939,-3.466274,0.2512414,0.427292,0.868504,0.0,0.0,0.0,0.0,0.0,0.0,0.0,-1.426499,-0.6884216,3.293821,1.110562,-0.2623004,-3.472165,-0.1307497,0.04763334,-0.02230222,0.9900194,345.1218,5.947774,356.6417,0.3017064,-0.06954824,-0.9508606,0,0,0,1.350542,0.129184,-2.571039,0.1367535,0.1501111,0.9907795,0.9944674,-0.05661535,-0.08848384,0.03170316,0.9648142,-0.2610142,0.1001479,0.2567649,0.9612711,moving,8.724248717683235,11.286198010224533,7.85866234733873,8.6152521226404,0.23997999999999986,0.39148439999999995,0.9011260000000001,0.14881153321041346,0.1935307902893842,0.9697426736755957,8.588264816958395,11.465932122870884,2.75848972582043,2.8077022098023074,2.9425662655901528
05/17/2023 16:15:56.550435,2969,True,True,True,True,Eyes,1.101324,-0.2552464,-3.466056,0.2518001,0.4252844,0.8693272,0.0,0.0,0.0,0.0,0.0,0.0,0.0,-1.430149,-0.6804649,3.29372,1.110793,-0.2624357,-3.471919,-0.1294913,0.04813665,-0.02263901,0.9901528,345.2707,6.005656,356.6035,0.3017401,-0.06959008,-0.9508468,0,0,0,1.35053,0.1262728,-2.57104,0.1355132,0.1500558,0.9895806,0.9943407,-0.0572987,-0.08946217,0.0323656,0.965439,-0.2586118,0.1011884,0.2542527,0.9618298,moving,8.690866014975361,11.30804386654443,7.797585714560347,8.622402980697194,0.2397370000000001,0.3887085,0.9008790000000002,0.1482349604118659,0.19391750157042048,0.9697537269841185,8.554717484966751,11.488167298036542,2.7805598829289506,2.8303032810714597,2.964094067382848
05/17/2023 16:15:56.567395,2970,True,True,True,True,Eyes,1.101412,-0.2553995,-3.465838,0.2523712,0.4232911,0.8701342,0.0,0.0,0.0,0.0,0.0,0.0,0.0,-1.434044,-0.6741766,3.29318,1.111053,-0.2625448,-3.471694,-0.1284091,0.04868869,-0.02315109,0.990255,345.4005,6.072674,356.5428,0.3017744,-0.06963224,-0.9508328,0,0,0,1.350517,0.1232619,-2.571042,0.1340647,0.1495755,0.9884418,0.9941869,-0.0583551,-0.09048282,0.03334682,0.9659503,-0.2565698,0.102374,0.252061,0.962281,moving,8.645940139453689,11.314179321242996,7.7240281784646605,8.604971698312855,0.2394639999999999,0.3858067,0.900652,0.14747078930900925,0.19404377919042662,0.9698450814415489,8.50973595438301,11.494545123967454,2.811546487475279,2.8617700131138104,2.9944901555002326
05/17/2023 16:15:56.577528,2971,True,True,True,True,Eyes,1.1015,-0.2555545,-3.465616,0.252976,0.4212786,0.8709348,0.0,0.0,0.0,0.0,0.0,0.0,0.0,-1.439304,-0.6669822,3.292212,1.111224,-0.2627167,-3.471495,-0.1272411,0.04944699,-0.02356885,0.9903582,345.5404,6.161907,356.491,0.301809,-0.06967472,-0.9508187,0,0,0,1.350505,0.1202871,-2.571043,0.1323556,0.1492975,0.9873971,0.993999,-0.05926659,-0.0919426,0.03409982,0.9665084,-0.2543594,0.1039383,0.2496978,0.9627293,moving,8.583909108623416,11.325450901798357,7.634700364443328,8.598169242550588,0.23928100000000008,0.3830038,0.900452,0.14641414574763478,0.1942653791998464,0.9699607216863626,8.447608110478983,11.50618524614994,2.837258397811586,2.8877434943043685,3.0194993096132206
05/17/2023 16:15:56.597479,2972,True,True,True,True,Eyes,1.101561,-0.2557061,-3.465387,0.2535624,0.4192628,0.8717367,0.0,0.0,0.0,0.0,0.0,0.0,0.0,-1.444397,-0.6582587,3.291492,1.111313,-0.2628942,-3.471221,-0.1259481,0.05017128,-0.02372554,0.9904833,345.693,6.24248,356.4714,0.3018441,-0.06971753,-0.9508044,0,0,0,1.350492,0.117321,-2.571045,0.1309443,0.1492072,0.986244,0.9938399,-0.05963745,-0.09341126,0.03436154,0.9671484,-0.2518796,0.105364,0.2471183,0.9632398,moving,8.534482891151526,11.345501001044695,7.562967248055428,8.602943052670271,0.23917900000000003,0.38021520000000003,0.9001760000000001,0.14556665430509533,0.19462941093333808,0.9700153616508623,8.39802581892535,11.526662965573438,2.858811266853446,2.909547515503425,3.040634957683973
05/17/2023 16:15:56.607861,2973,True,True,True,True,Eyes,1.101636,-0.2558567,-3.465162,0.2541923,0.4172288,0.8725287,0.0,0.0,0.0,0.0,0.0,0.0,0.0,-1.44993,-0.6499895,3.290486,1.111561,-0.2629935,-3.470929,-0.1247207,0.05093896,-0.02385692,0.9905962,345.838,6.328034,356.4539,0.3018789,-0.06976058,-0.9507902,0,0,0,1.350479,0.114142,-2.571047,0.1293277,0.148686,0.9850215,0.9936721,-0.05997143,-0.09496899,0.03455885,0.9677512,-0.2495262,0.1068708,0.2446652,0.9636999,moving,8.483591278171989,11.35643068827145,7.479825035208783,8.583821066025537,0.23891799999999996,0.37713549999999996,0.8998819999999998,0.14469884075895956,0.19483949962433436,0.970102955423584,8.347042782190893,11.537915372458468,2.8974370426254987,2.948713412300879,3.0787562085979108
05/17/2023 16:15:56.627620,2974,True,True,True,True,Eyes,1.101723,-0.2560094,-3.464934,0.2548146,0.415173,0.8733274,0.0,0.0,0.0,0.0,0.0,0.0,0.0,-1.455669,-0.6424866,3.289435,1.111946,-0.2631032,-3.470807,-0.1234956,0.05173361,-0.02426619,0.9906987,345.9846,6.420667,356.4037,0.3019138,-0.0698038,-0.9507759,0,0,0,1.350467,0.1113034,-2.571048,0.1273401,0.1485413,0.9840519,0.9934695,-0.06085871,-0.0965113,0.03530322,0.96832,-0.2472046,0.1084984,0.2421831,0.9641449,moving,8.419055113161484,11.371460364777338,7.3733200957502465,8.583915461161334,0.23852099999999998,0.3744066,0.8997590000000004,0.14359772271255974,0.19512558545501107,0.9702090227500082,8.282382341048388,11.553368449003518,2.9254423443464175,2.9772417295738074,3.105486308588619
05/17/2023 16:15:56.650580,2975,True,True,True,True,Eyes,1.101813,-0.2561703,-3.464702,0.2554962,0.4130631,0.8741285,0.0,0.0,0.0,0.0,0.0,0.0,0.0,-1.462353,-0.6353327,3.287647,1.112164,-0.2632912,-3.470521,-0.1222395,0.05271313,-0.02494777,0.9907859,346.1373,6.538497,356.3195,0.301949,-0.06984724,-0.9507615,0,0,0,1.350455,0.1083529,-2.57105,0.12504,0.1485426,0.982981,0.9931979,-0.06232304,-0.09835564,0.03654854,0.9688703,-0.2448565,0.110554,0.2395962,0.9645577,moving,8.327692000711801,11.391336116707278,7.249370321703399,8.59320168380115,0.23829100000000003,0.37164410000000003,0.8994710000000001,0.1420394851048819,0.19550656849763545,0.9703618055414791,8.190853287171393,11.573826640140766,2.946868379683344,2.998722052480756,3.1257823508077056
05/17/2023 16:15:56.667563,2976,True,True,True,True,Eyes,1.101901,-0.2563369,-3.46447,0.2561415,0.4108938,0.8749616,0.0,0.0,0.0,0.0,0.0,0.0,0.0,-1.46917,-0.6246569,3.286416,1.11231,-0.2636232,-3.470224,-0.1205338,0.05369944,-0.02549627,0.9909279,346.341,6.652493,356.2546,0.3019847,-0.0698911,-0.950747,0,0,0,1.350441,0.1052685,-2.571051,0.1228659,0.1493862,0.9817781,0.9929326,-0.06347511,-0.1002782,0.03758473,0.9696431,-0.2416188,0.1125709,0.2361422,0.965176,moving,8.239319086977096,11.45571716243977,7.133269806491679,8.65169675346682,0.2381310000000001,0.3688917,0.8991729999999998,0.14051014361838549,0.19664014049067574,0.9703553674110311,8.101997852551662,11.639317581905031,2.9623462040539095,3.014278597740948,3.140750267331201
05/17/2023 16:15:56.677676,2977,True,True,True,True,Eyes,1.10199,-0.256506,-3.46424,0.2568122,0.4086887,0.8757974,0.0,0.0,0.0,0.0,0.0,0.0,0.0,-1.475127,-0.6133605,3.285703,1.112387,-0.2639,-3.470015,-0.1188592,0.05454328,-0.02568316,0.9910792,346.5383,6.744699,356.2342,0.3020208,-0.0699355,-0.9507322,0,0,0,1.350429,0.1023147,-2.571053,0.1212184,0.1501039,0.9806555,0.9927308,-0.06387401,-0.102008,0.03794214,0.9704257,-0.2383994,0.1142187,0.232796,0.965795,moving,8.18136776513747,11.508146928732817,7.046562559795281,8.70242750273857,0.2380420000000001,0.3662147,0.898962,0.13950240379513174,0.19755643772778622,0.9703146802305823,8.043657295392276,11.692598759719896,2.974284002407102,3.0265234761146687,3.1520345902024185
05/17/2023 16:15:56.697926,2978,True,True,True,True,Eyes,1.102088,-0.2566773,-3.464006,0.2573654,0.4064745,0.876665,0.0,0.0,0.0,0.0,0.0,0.0,0.0,-1.479951,-0.6022895,3.28546,1.112503,-0.2640975,-3.469848,-0.1172317,0.05520825,-0.02578858,0.9912335,346.7288,6.815003,356.2256,0.3020572,-0.06998044,-0.9507174,0,0,0,1.350416,0.099311,-2.571054,0.1199263,0.1505739,0.9795125,0.992574,-0.06406932,-0.1034021,0.03818071,0.9711834,-0.2352554,0.115495,0.2295604,0.9664176,moving,8.139027724113507,11.553630382263055,6.980250231371979,8.739286229425518,0.23791300000000004,0.36340849999999997,0.8987939999999996,0.13876270940528196,0.19834745549319888,0.9702593405220528,8.000981689900337,11.738791135863472,2.9909640525875645,3.0435667050838844,3.1684258542965447
05/17/2023 16:15:56.717640,2979,True,True,True,True,Eyes,1.102192,-0.2568572,-3.463771,0.2579591,0.4042018,0.8775409,0.0,0.0,0.0,0.0,0.0,0.0,0.0,-1.48484,-0.5902168,3.285247,1.112759,-0.2642852,-3.469564,-0.1154496,0.05586061,-0.0259145,0.9914028,346.9372,6.883192,356.2163,0.3020942,-0.07002594,-0.9507023,0,0,0,1.350404,0.09626064,-2.571056,0.1185224,0.1513138,0.9781827,0.9924161,-0.06428159,-0.1047771,0.03848525,0.9719997,-0.2318093,0.1167443,0.2260189,0.967102,moving,8.100110215514489,11.614026723619478,6.90861790870077,8.793313865275373,0.23764499999999988,0.36054584,0.8985080000000001,0.13807384784473392,0.19938949583714755,0.9701440434595358,7.961623178303951,11.800064082847067,3.008808139986611,3.0620377114634056,3.1858071141673814
05/17/2023 16:15:56.732578,2980,True,True,True,True,Eyes,1.102305,-0.2570425,-3.463536,0.2584509,0.4018777,0.8784631,0.0,0.0,0.0,0.0,0.0,0.0,0.0,-1.490706,-0.5769964,3.284772,1.112975,-0.2646324,-3.46931,-0.1135051,0.05666167,-0.02608509,0.9915774,347.1651,6.968389,356.2014,0.3021317,-0.07007217,-0.9506869,0,0,0,1.350391,0.09319,-2.571057,0.1168383,0.152493,0.9769114,0.9922181,-0.06459355,-0.1064473,0.03886801,0.9728723,-0.2280542,0.1182904,0.2221421,0.9678121,moving,8.037161326046062,11.68865438992194,6.820161825932939,8.872105119589722,0.23741599999999985,0.3578224,0.898253,0.13697094680211544,0.20068395500820496,0.9700334434771342,7.898125434044957,11.875830522243087,3.0147501523688405,3.0682303654524605,3.191296262486295
05/17/2023 16:15:56.751106,2981,True,True,True,True,Eyes,1.10242,-0.2572294,-3.4633,0.2589715,0.3995138,0.8793876,0.0,0.0,0.0,0.0,0.0,0.0,0.0,-1.49586,-0.5631278,3.284649,1.113125,-0.2648979,-3.469064,-0.1114264,0.05736583,-0.02631915,0.9917665,347.4085,7.042234,356.1818,0.3021702,-0.07011921,-0.9506713,0,0,0,1.350378,0.09020147,-2.571059,0.1153706,0.1539556,0.9755949,0.9920329,-0.06498903,-0.1079217,0.03942076,0.9737829,-0.2240375,0.1196523,0.2179983,0.9685866,moving,7.98474566391955,11.778600232415021,6.744285439516145,8.967715893598301,0.23725300000000016,0.35509937,0.8980049999999999,0.13603923560337453,0.2022327321259534,0.969842932474002,7.845054472332808,11.96706111759749,3.018590212709451,3.072427759042034,3.1949591916540774
05/17/2023 16:15:56.767767,2982,True,True,True,True,Eyes,1.102526,-0.2574118,-3.463062,0.2593939,0.3971382,0.8803385,0.0,0.0,0.0,0.0,0.0,0.0,0.0,-1.500511,-0.5511717,3.284482,1.113329,-0.2651947,-3.468907,-0.1096896,0.05798619,-0.02639596,0.991922,347.6111,7.106088,356.1791,0.3022093,-0.07016702,-0.9506553,0,0,0,1.350365,0.08719811,-2.57106,0.1140914,0.1546928,0.9744479,0.9918817,-0.06508642,-0.1092448,0.03964449,0.9745429,-0.2206683,0.1208263,0.2145459,0.9692116,moving,7.940526848842229,11.825550915087959,6.677964497176228,9.020385191572855,0.23703600000000002,0.35239281,0.8978470000000001,0.1352673526411358,0.2030490291075488,0.9697802095973295,7.800489132074029,12.014745511144481,3.022112527292583,3.076201948544406,3.1978516662561964
05/17/2023 16:15:56.777669,2983,True,True,True,True,Eyes,1.102633,-0.2575979,-3.462827,0.2598451,0.394753,0.8812779,0.0,0.0,0.0,0.0,0.0,0.0,0.0,-1.504637,-0.5394498,3.284306,1.113396,-0.2652427,-3.46866,-0.1079328,0.05855446,-0.02652793,0.9920776,347.8162,7.164402,356.171,0.302249,-0.0702154,-0.9506391,0,0,0,1.350353,0.0841796,-2.571062,0.1130461,0.1552526,0.9731616,0.9917353,-0.06527542,-0.1104547,0.03999563,0.9752936,-0.2172621,0.1219076,0.2110488,0.9698437,moving,7.901903746431186,11.87614892345927,6.625995290597939,9.064255275938748,0.23695699999999986,0.34942229999999996,0.8975979999999999,0.13458860336486678,0.20392441945956458,0.9696911276400305,7.761494977550718,12.066100434534844,3.0335519307363388,3.0878290549564182,3.2094289048453275
05/17/2023 16:15:56.797618,2984,True,True,True,True,Eyes,1.102758,-0.2577882,-3.46259,0.2601782,0.3923834,0.8822373,0.0,0.0,0.0,0.0,0.0,0.0,0.0,-1.508764,-0.5305797,3.283692,1.113483,-0.2653865,-3.468464,-0.1065633,0.05913549,-0.0267761,0.9921846,347.9776,7.227701,356.1462,0.3022891,-0.07026439,-0.9506227,0,0,0,1.35034,0.08115929,-2.571064,0.1118937,0.1551712,0.9720721,0.9915721,-0.06573701,-0.11164,0.04053032,0.9758546,-0.2146277,0.1230533,0.208294,0.9702945,moving,7.849605992016483,11.8851538744541,6.566328208514084,9.06956697837258,0.2368570000000001,0.34654579,0.8974000000000002,0.13369839637326075,0.20410163100064094,0.9697769562596272,7.709119152327552,12.075410071987378,3.0402059718874828,3.0942416581477272,3.215752453889114
05/17/2023 16:15:56.817655,2985,True,True,True,True,Eyes,1.102883,-0.2579774,-3.462352,0.2605237,0.3899869,0.8831974,0.0,0.0,0.0,0.0,0.0,0.0,0.0,-1.512416,-0.5211669,3.283234,1.113639,-0.2656257,-3.468125,-0.1051616,0.05963108,-0.0269417,0.9923001,348.1418,7.279777,356.1325,0.3023301,-0.07031405,-0.950606,0,0,0,1.350327,0.07813103,-2.571065,0.1108911,0.1552393,0.9708295,0.9914365,-0.0660103,-0.1126774,0.04092669,0.9764304,-0.2119169,0.1240103,0.2054906,0.9707704,moving,7.8106286041065855,11.895373107261499,6.516257238072729,9.08490105974605,0.236688,0.34375673,0.8970600000000002,0.13303321220080094,0.20429304159972234,0.9698281009568299,7.670058563502396,12.085898842447904,3.040255309968553,3.094212397860565,3.2151586571030513
05/17/2023 16:15:56.828495,2986,True,True,True,True,Eyes,1.103006,-0.2581615,-3.462115,0.2607644,0.3876891,0.8841375,0.0,0.0,0.0,0.0,0.0,0.0,0.0,-1.515063,-0.5101612,3.283551,1.113745,-0.2657532,-3.467901,-0.1035403,0.05997073,-0.02701127,0.9924483,348.3299,7.311277,356.1338,0.3023718,-0.07036428,-0.9505889,0,0,0,1.350315,0.07518792,-2.571067,0.1102708,0.1556591,0.9696025,0.9913478,-0.06603334,-0.1134422,0.0411958,0.9770996,-0.2087565,0.1246292,0.202277,0.9713659,moving,7.786744346703241,11.935491848685698,6.488248148902787,9.120390808814001,0.23656999999999995,0.34094112000000004,0.8968339999999997,0.13260935297278367,0.20498381626470713,0.9697403900251433,7.645881887545377,12.126592515425452,3.046125592604907,3.1001429387028185,3.2213917137903643
05/17/2023 16:15:56.851684,2987,True,True,True,True,Eyes,1.103127,-0.2583497,-3.461875,0.2610105,0.3854101,0.8850608,0.0,0.0,0.0,0.0,0.0,0.0,0.0,-1.516703,-0.5039283,3.283574,1.113813,-0.2657976,-3.467703,-0.1026589,0.06018091,-0.02695147,0.9925286,348.4315,7.330236,356.1456,0.3024143,-0.07041488,-0.9505717,0,0,0,1.350302,0.0720702,-2.571068,0.1100283,0.1543573,0.9685569,0.9913037,-0.06585643,-0.1139289,0.04114399,0.9774695,-0.2070277,0.1249962,0.2005399,0.9716788,moving,7.780501600001907,11.891028288925204,6.4810305553505785,9.054985061684404,0.23648899999999995,0.33786780000000005,0.8966350000000003,0.13252492563276203,0.20423353006805361,0.9699102305218109,7.639954560971967,12.081614175080933,3.065662620832146,3.1195778853341087,3.2409240412056843
05/17/2023 16:15:56.867843,2988,True,True,True,True,Eyes,1.103259,-0.2585314,-3.461639,0.2610816,0.3832323,0.885985,0.0,0.0,0.0,0.0,0.0,0.0,0.0,-1.518522,-0.4967114,3.283539,1.113855,-0.2660598,-3.467391,-0.1016738,0.06041816,-0.02687578,0.9926177,348.545,7.351621,356.1598,0.3024572,-0.07046593,-0.9505542,0,0,0,1.350289,0.06910349,-2.57107,0.109756,0.1536294,0.9674603,0.9912546,-0.06564064,-0.1144791,0.04106886,0.9778802,-0.205094,0.1254094,0.1985989,0.9720242,moving,7.761475404113366,11.862995512976436,6.472393115215417,9.023035278780887,0.23643400000000003,0.33516329,0.8963209999999999,0.13221595513843926,0.20376744258037885,0.9700504050810618,7.62112322885132,12.053313315893197,3.065404946294199,3.1188310757978566,3.2407045308357243
05/17/2023 16:15:56.877885,2989,True,True,True,True,Eyes,1.103387,-0.2587136,-3.461394,0.2611539,0.3811118,0.8868779,0.0,0.0,0.0,0.0,0.0,0.0,0.0,-1.518901,-0.491179,3.28401,1.113896,-0.2660492,-3.467202,-0.100838,0.06045016,-0.02693758,0.9926993,348.6415,7.351519,356.1591,0.302501,-0.0705172,-0.9505364,0,0,0,1.350276,0.06608314,-2.571071,0.1098137,0.152329,0.9664235,0.9912403,-0.06567319,-0.114585,0.04129049,0.9782121,-0.2034604,0.1254503,0.1969468,0.9723549,moving,7.760363890888573,11.826340674845438,6.482655065799494,8.957344418898078,0.23638000000000003,0.33213233999999997,0.896131,0.1322145472206394,0.2031468473552428,0.9701807280119137,7.6202728104381,12.016219004669095,3.0874827049884104,3.140649512179047,3.263569803817966
05/17/2023 16:15:56.897860,2990,True,True,True,True,Eyes,1.10352,-0.2588982,-3.461151,0.2610908,0.3790469,0.887781,0.0,0.0,0.0,0.0,0.0,0.0,0.0,-1.519812,-0.487615,3.283678,1.113945,-0.2662349,-3.466754,-0.1004214,0.06056582,-0.02676358,0.9927393,348.6885,7.360735,356.1815,0.3025454,-0.0705687,-0.9505185,0,0,0,1.350264,0.06309997,-2.571073,0.1098472,0.1504153,0.9653294,0.991231,-0.06530272,-0.1148769,0.0409743,0.9783985,-0.2026264,0.1256274,0.1961425,0.9724947,moving,7.748983540607292,11.738838404459631,6.4919027637272375,8.856472699932015,0.23631899999999995,0.32933487,0.8956809999999997,0.13206303206920753,0.20166906685653913,0.9705096626201876,7.609513432465184,11.92770028254217,3.0922087436529235,3.14456422008493,3.2682552640609797
05/17/2023 16:15:56.917609,2991,True,True,True,True,Eyes,1.103654,-0.2590808,-3.460904,0.2610182,0.377003,0.8886722,0.0,0.0,0.0,0.0,0.0,0.0,0.0,-1.518958,-0.4798332,3.285023,1.113977,-0.2664411,-3.466542,-0.09935042,0.06039741,-0.02665289,0.9928601,348.81,7.334114,356.2051,0.3025905,-0.07062045,-0.9505003,0,0,0,1.350251,0.06006167,-2.571074,0.1103626,0.14972,0.9642072,0.9912835,-0.06492621,-0.1146364,0.04092418,0.9788382,-0.2005017,0.1252283,0.1940626,0.9729633,moving,7.768140552338909,11.73095551221264,6.529626029614078,8.82627725144131,0.2362740000000001,0.32650277,0.8954680000000002,0.13239147863887948,0.20152662962006268,0.9704944903145352,7.6287317332851226,11.919650297759096,3.1054979874566278,3.1577007492157763,3.282832641413145
05/17/2023 16:15:56.927864,2992,True,True,True,True,Eyes,1.103778,-0.2592633,-3.460657,0.2609015,0.3749822,0.889561,0.0,0.0,0.0,0.0,0.0,0.0,0.0,-1.518308,-0.4739458,3.285871,1.114137,-0.2665589,-3.466191,-0.09851483,0.06025494,-0.0266322,0.9929527,348.9053,7.312838,356.216,0.3026362,-0.07067241,-0.9504819,0,0,0,1.350238,0.05708373,-2.571076,0.110679,0.1485916,0.9630105,0.9913201,-0.06476103,-0.1144133,0.04101701,0.9791711,-0.1988506,0.1249079,0.1924317,0.9733284,moving,7.7780899874505,11.699183245388586,6.556249947950973,8.771509288620031,0.23610100000000012,0.32364263,0.8951149999999997,0.1325751053217371,0.20098345020937153,0.9705820469857029,7.638910375561259,11.887456261047674,3.1204736742809858,3.172407268820485,3.298678392401157
05/17/2023 16:15:56.952188,2993,True,True,True,True,Eyes,1.103898,-0.2594449,-3.46041,0.2607736,0.372968,0.8904449,0.0,0.0,0.0,0.0,0.0,0.0,0.0,-1.517824,-0.4674332,3.28682,1.114203,-0.2667343,-3.465959,-0.09758652,0.06014723,-0.02662796,0.993051,349.0114,7.295332,356.2254,0.3026824,-0.07072454,-0.9504634,0,0,0,1.350225,0.05405734,-2.571077,0.1109987,0.1476288,0.9619315,0.9913465,-0.06462496,-0.1142615,0.04114672,0.9795356,-0.19702,0.1246556,0.1906136,0.9737184,moving,7.783137812784018,11.678472120385411,6.582332833445978,8.72517560039838,0.23602199999999995,0.32079164,0.894882,0.1326704323640328,0.20063002237164176,0.9706421945889565,7.64410723134042,11.866475580800325,3.1365016478550207,3.188086092528014,3.315890595133887
05/17/2023 16:15:56.967881,2994,True,True,True,True,Eyes,1.10402,-0.2596281,-3.460163,0.2605471,0.3709617,0.8913487,0.0,0.0,0.0,0.0,0.0,0.0,0.0,-1.516673,-0.4604766,3.2881,1.114195,-0.2668703,-3.465731,-0.0965811,0.05994861,-0.02663764,0.993161,349.1261,7.26703,356.2347,0.3027287,-0.07077681,-0.9504447,0,0,0,1.350212,0.05096281,-2.571079,0.1115595,0.1467191,0.9608082,0.9913931,-0.06449074,-0.1139319,0.04133112,0.979925,-0.195035,0.1242226,0.1886474,0.9741566,moving,7.792128989971433,11.667464109453718,6.622960198801595,8.682214742050789,0.23601699999999992,0.31783311000000003,0.8946519999999998,0.1328280273757874,0.20043923994505142,0.9706599329377398,7.653179289842656,11.85530069498001,3.154922745638205,3.20603640775103,3.336139361630777
05/17/2023 16:15:56.977818,2995,True,True,True,True,Eyes,1.104141,-0.2598112,-3.459914,0.2603304,0.3689436,0.8922492,0.0,0.0,0.0,0.0,0.0,0.0,0.0,-1.515677,-0.4533167,3.289326,1.114288,-0.2670673,-3.465469,-0.09552126,0.05976021,-0.02673452,0.9932722,349.2478,7.240618,356.2342,0.3027753,-0.07082924,-0.9504259,0,0,0,1.3502,0.04804302,-2.57108,0.1119469,0.1461708,0.9596782,0.991428,-0.06452606,-0.1136089,0.04169257,0.9803219,-0.1929526,0.1238237,0.1865619,0.9746088,moving,7.797744525514003,11.663861272245265,6.653508734802797,8.660291520771311,0.23591200000000012,0.31511032,0.8943890000000003,0.13292493111369874,0.20037558204070016,0.9706598378711406,7.65882200533825,11.851633239233893,3.1634286155988294,3.214141688960493,3.345940336574218
05/17/2023 16:15:56.997613,2996,True,True,True,True,Eyes,1.104277,-0.2599904,-3.459666,0.2600946,0.3669057,0.893158,0.0,0.0,0.0,0.0,0.0,0.0,0.0,-1.515942,-0.4451588,3.290048,1.114398,-0.2672251,-3.465165,-0.09430613,0.05975599,-0.02684592,0.9933857,349.3881,7.234978,356.2311,0.3028221,-0.07088182,-0.9504071,0,0,0,1.350187,0.04503961,-2.571082,0.1119715,0.1457908,0.958487,0.991417,-0.06460741,-0.113658,0.04206599,0.9807713,-0.1905731,0.123785,0.1841563,0.9750711,moving,7.7814272499776855,11.675465786261412,6.663154115276884,8.648690568515045,0.23578900000000003,0.31226471,0.8940829999999997,0.1326428509043326,0.20057984802308326,0.9706563785792881,7.6424176538101,11.863439262082943,3.176578856570446,3.2267480568766334,3.3605901625603063
05/17/2023 16:15:57.017779,2997,True,True,True,True,Eyes,1.10441,-0.260173,-3.459411,0.2598943,0.3648672,0.8940508,0.0,0.0,0.0,0.0,0.0,0.0,0.0,-1.516865,-0.4389746,3.290262,1.114573,-0.2672764,-3.464923,-0.09333928,0.05985081,-0.02702417,0.9934665,349.5007,7.242852,356.2173,0.3028695,-0.07093442,-0.9503881,0,0,0,1.350175,0.04205207,-2.571084,0.1117186,0.1448432,0.9574344,0.9913751,-0.06486807,-0.1138747,0.04252234,0.9811149,-0.1886937,0.1239644,0.182224,0.9754113,moving,7.753386654609534,11.65975262392909,6.655483030523723,8.602624559400239,0.23560199999999987,0.30932847,0.8938390000000003,0.1321747777754798,0.20032625245386837,0.9707724627773294,7.614481681573518,11.847640852586878,3.1986970954697544,3.2482956101178173,3.3837566632017264
05/17/2023 16:15:57.027906,2998,True,True,True,True,Eyes,1.104548,-0.260363,-3.459157,0.2596554,0.3627687,0.8949738,0.0,0.0,0.0,0.0,0.0,0.0,0.0,-1.519023,-0.4322975,3.289746,1.114622,-0.2675257,-3.464504,-0.09230895,0.06015192,-0.02727127,0.9935377,349.6219,7.27506,356.1938,0.3029174,-0.07098715,-0.9503689,0,0,0,1.350162,0.03902275,-2.571085,0.1111797,0.1442101,0.9562902,0.991276,-0.0652952,-0.1144916,0.04308495,0.9814707,-0.1867057,0.1245612,0.180144,0.9757216,moving,7.697684217763234,11.647119345237641,6.631519413115845,8.57567842457498,0.23554000000000008,0.30654845,0.8934189999999997,0.13123612314604324,0.20013739798814265,0.9709388554607455,7.558854576258266,11.835063113932659,3.2027610337211936,3.251223880293374,3.3887370889491617
05/17/2023 16:15:57.052416,2999,True,True,True,True,Eyes,1.104682,-0.260556,-3.458904,0.2594467,0.3606149,0.8959042,0.0,0.0,0.0,0.0,0.0,0.0,0.0,-1.520654,-0.4214339,3.29019,1.114671,-0.267846,-3.464263,-0.09067154,0.06035095,-0.0275033,0.9936699,349.8122,7.292029,356.1782,0.3029658,-0.07104018,-0.9503495,0,0,0,1.350149,0.03603664,-2.571087,0.1108009,0.144809,0.95515,0.9912027,-0.06560264,-0.1149503,0.04371418,0.9820445,-0.1835149,0.1249254,0.1768755,0.9762728,moving,7.657075569574573,11.701008652178567,6.616945061781295,8.620884838671559,0.23547800000000008,0.30388264,0.893176,0.1305224897901996,0.20106961506446708,0.9708423772051434,7.517850879335766,11.889756600354156,3.2032628228331266,3.251005103006646,3.390745329043362
05/17/2023 16:15:57.067927,3000,True,True,True,True,Eyes,1.104808,-0.260754,-3.458647,0.2592783,0.3583787,0.8968498,0.0,0.0,0.0,0.0,0.0,0.0,0.0,-1.522381,-0.409666,3.29064,1.114683,-0.2680787,-3.464015,-0.08886451,0.06056729,-0.02779664,0.9938119,350.0225,7.310698,356.1567,0.3030146,-0.07109359,-0.9503299,0,0,0,1.350137,0.03298044,-2.571088,0.1104046,0.1455896,0.9539428,0.9911179,-0.06601384,-0.1154447,0.0444847,0.9826609,-0.1799964,0.1253253,0.1732621,0.9768695,moving,7.615239570410908,11.770626609713805,6.6017574376985175,8.677453055729117,0.23545399999999983,0.30105914,0.8929269999999998,0.1297808481525031,0.20226896655271323,0.9706926855844412,7.4755073436975294,11.960373693542842,3.2079204172553455,3.254975985840374,3.397205735956619
05/17/2023 16:15:57.088551,3001,True,True,True,True,Eyes,1.10493,-0.2609567,-3.458389,0.2591398,0.3560643,0.8978111,0.0,0.0,0.0,0.0,0.0,0.0,0.0,-1.524577,-0.3969619,3.29094,1.114788,-0.2683715,-3.46373,-0.08694135,0.06083507,-0.02805727,0.9939584,350.246,7.334342,356.1395,0.3030636,-0.07114746,-0.9503103,0,0,0,1.350123,0.02977277,-2.57109,0.1098429,0.14648,0.9526576,0.9910237,-0.06635369,-0.1160564,0.04519735,0.983308,-0.1762459,0.1258137,0.1694184,0.9774806,moving,7.570753246326806,11.847824530684989,6.577247970383505,8.741302914953357,0.23533500000000007,0.29814427,0.8926400000000001,0.12899084111040474,0.20359780675701938,0.9705201125969014,7.430458727497461,12.038672407835614,3.2150210886012425,3.261522540522301,3.4059674350535953
05/17/2023 16:15:57.097829,3002,True,True,True,True,Eyes,1.105056,-0.2611627,-3.458133,0.2590111,0.3536927,0.8987852,0.0,0.0,0.0,0.0,0.0,0.0,0.0,-1.52691,-0.3820275,3.291361,1.114829,-0.2686419,-3.463444,-0.08472639,0.06112097,-0.02821553,0.9941276,350.5023,7.357543,356.1364,0.3031126,-0.07120191,-0.9502906,0,0,0,1.350111,0.02702701,-2.571091,0.1093245,0.1483141,0.9513795,0.9909362,-0.0664568,-0.1167429,0.04574256,0.9840506,-0.1719068,0.1263053,0.1650086,0.9781713,moving,7.528822032225181,11.952567158365932,6.555195102759622,8.860731847322642,0.235282,0.29566891,0.892353,0.12823143762192624,0.20539208595078678,0.9702427021780365,7.387769474182728,12.144839640299633,3.195628794238207,3.241511219847109,3.388000011783174
05/17/2023 16:15:57.117668,3003,True,True,True,True,Eyes,1.105178,-0.2613723,-3.457878,0.2589108,0.3512653,0.8997654,0.0,0.0,0.0,0.0,0.0,0.0,0.0,-1.529246,-0.368852,3.291611,1.114924,-0.2688798,-3.463235,-0.0827583,0.06140573,-0.02838643,0.9942709,350.7303,7.382007,356.13,0.3031618,-0.07125694,-0.9502708,0,0,0,1.350098,0.02391977,-2.571093,0.1087718,0.1492732,0.9501802,0.9908471,-0.06661127,-0.1174095,0.04628393,0.9846905,-0.1680545,0.1268063,0.1610822,0.9787608,moving,7.487796459638938,12.026377670259002,6.530502303184197,8.92818728753807,0.235174,0.29279957,0.8921420000000002,0.12750183979050028,0.20666139296525826,0.9700691923185618,7.346206682312199,12.219696997564997,3.1973379157978563,3.2427142565398626,3.3910779709894827
05/17/2023 16:15:57.127748,3004,True,True,True,True,Eyes,1.10532,-0.2615848,-3.457626,0.2587568,0.3488432,0.9007516,0.0,0.0,0.0,0.0,0.0,0.0,0.0,-1.531621,-0.3554139,3.291817,1.114954,-0.2691355,-3.463046,-0.08077458,0.06170338,-0.02850414,0.9944122,350.9597,7.40739,356.1298,0.303211,-0.07131259,-0.9502509,0,0,0,1.350086,0.02090937,-2.571095,0.1082747,0.1503481,0.9490322,0.9907604,-0.06665785,-0.1181124,0.04672159,0.9853259,-0.1641641,0.127322,0.1571289,0.9793363,moving,7.4438710621516435,12.100832150360153,6.508709612597454,9.002130008305501,0.2351319999999999,0.29004487,0.8919509999999997,0.1267229426439902,0.20794274738443244,0.9698975277073876,7.301738705068543,12.295216968200352,3.192059879610282,3.236739393572856,3.387228493464093
05/17/2023 16:15:57.152697,3005,True,True,True,True,Eyes,1.105455,-0.2617989,-3.457374,0.2586339,0.3463877,0.901734,0.0,0.0,0.0,0.0,0.0,0.0,0.0,-1.534334,-0.3433192,3.291601,1.115048,-0.2693494,-3.462775,-0.07897247,0.06205051,-0.02865129,0.9945312,351.1687,7.439702,356.1244,0.3032607,-0.07136888,-0.9502308,0,0,0,1.350074,0.01805132,-2.571096,0.1076166,0.1511982,0.9478843,0.9906577,-0.06678976,-0.118897,0.04718864,0.9858848,-0.1606368,0.1279477,0.1535255,0.9798262,moving,7.394902328704158,12.153157882835197,6.477253786067595,9.06296995638583,0.23502599999999996,0.28740072,0.8916790000000003,0.12586904376650493,0.20885131650428868,0.9698135135747649,7.252383857996479,12.348359239957063,3.1796202766301813,3.223560185350422,3.375590225873569
05/17/2023 16:15:57.167765,3006,True,True,True,True,Eyes,1.105614,-0.2620149,-3.457125,0.2584904,0.3439723,0.9026992,0.0,0.0,0.0,0.0,0.0,0.0,0.0,-1.536801,-0.3317627,3.29141,1.115032,-0.2695668,-3.462548,-0.07726922,0.06237772,-0.0287478,0.9946416,351.3659,7.46976,356.1242,0.3033107,-0.07142579,-0.9502106,0,0,0,1.350061,0.01504817,-2.571097,0.1071338,0.1516986,0.9468045,0.9905652,-0.06682728,-0.1196443,0.04754777,0.9864061,-0.1572968,0.1285296,0.1501239,0.980277,moving,7.34842921550143,12.195840816338716,6.4557324015168875,9.102660333242296,0.23502899999999993,0.28461497,0.891451,0.12506201461950978,0.2095952824860664,0.9697573850190497,7.205594056108738,12.391732667546963,3.1763320410202134,3.2194212372267716,3.3734684408358673
05/17/2023 16:15:57.177712,3007,True,True,True,True,Eyes,1.105768,-0.2622242,-3.456879,0.2583631,0.3415457,0.9036565,0.0,0.0,0.0,0.0,0.0,0.0,0.0,-1.539335,-0.3208951,3.291047,1.115063,-0.2697521,-3.46228,-0.07569736,0.06271143,-0.02875683,0.9947413,351.5474,7.500499,356.1331,0.3033615,-0.07148328,-0.95019,0,0,0,1.350048,0.01207483,-2.571099,0.1066418,0.151919,0.945725,0.9904807,-0.06670539,-0.1204097,0.04771703,0.986886,-0.1542054,0.1291169,0.1469918,0.9806743,moving,7.304830142568525,12.22131041710525,6.433607638455677,9.125893631581869,0.234985,0.28182693,0.891181,0.12431173460201368,0.21004630043206207,0.9697562430515164,7.161801805916278,12.41767367520145,3.1733857748411536,3.215685576634097,3.371362128442414
05/17/2023 16:15:57.197551,3008,True,True,True,True,Eyes,1.10592,-0.2624319,-3.456629,0.2582687,0.3391887,0.9045708,0.0,0.0,0.0,0.0,0.0,0.0,0.0,-1.540852,-0.3108205,3.291151,1.115127,-0.2697698,-3.462112,-0.07425373,0.06288888,-0.02866755,0.9948416,351.7128,7.513025,356.1537,0.3034129,-0.07154111,-0.9501692,0,0,0,1.350035,0.009021368,-2.5711,0.1064602,0.1516117,0.9447163,0.9904463,-0.0663788,-0.1208716,0.04769987,0.9873291,-0.1513471,0.1293863,0.1441356,0.9810628,moving,7.283844502635431,12.236092572875984,6.429543840572151,9.117304927618951,0.23490800000000012,0.278791168,0.8910119999999999,0.12394945426430155,0.21030609331444813,0.9697463110125333,7.140705193090002,12.432713267871337,3.191786574742286,3.2336768542032255,3.3908233413037165
05/17/2023 16:15:57.217792,3009,True,True,True,True,Eyes,1.106065,-0.2626486,-3.456376,0.258199,0.3368467,0.9054653,0.0,0.0,0.0,0.0,0.0,0.0,0.0,-1.54337,-0.3053674,3.290171,1.115235,-0.2699266,-3.46177,-0.07351128,0.06323441,-0.02858753,0.994877,351.7986,7.548621,356.1662,0.3034648,-0.07159922,-0.9501482,0,0,0,1.350022,0.0058947,-2.571102,0.1059514,0.1500643,0.9437943,0.9903683,-0.06617904,-0.1216179,0.04758527,0.9875577,-0.1498848,0.1300239,0.1426539,0.981195,moving,7.243697961524239,12.17130870199979,6.405270304975931,9.034462186155558,0.23478700000000008,0.2758213,0.8906679999999998,0.12329912379831694,0.20922653558863774,0.9700625831780771,7.101009995895868,12.36729554933452,3.2058035779279193,3.24696273449961,3.4046779501503748
05/17/2023 16:15:57.228686,3010,True,True,True,True,Eyes,1.106204,-0.2628649,-3.456126,0.2581644,0.3345011,0.9063444,0.0,0.0,0.0,0.0,0.0,0.0,0.0,-1.545879,-0.2970346,3.289466,1.115224,-0.2703302,-3.461468,-0.07243645,0.06358141,-0.02836429,0.99494,351.9213,7.581595,356.1979,0.303517,-0.07165782,-0.9501271,0,0,0,1.35001,0.002914316,-2.571104,0.105581,0.1494781,0.9428911,0.9903057,-0.06565276,-0.1224102,0.04723031,0.9878969,-0.1477467,0.1306286,0.140533,0.9814208,moving,7.210782236071488,12.141517297004102,6.389126816702292,9.008228974836836,0.23478599999999994,0.273244516,0.8903639999999999,0.12275497535564986,0.20873632286826288,0.9702372793707735,7.0682979953196865,12.337266751511809,3.1987937926891807,3.2392303619854714,3.3976118095499945
05/17/2023 16:15:57.253223,3011,True,True,True,True,Eyes,1.106345,-0.2630775,-3.45587,0.2581446,0.332163,0.9072095,0.0,0.0,0.0,0.0,0.0,0.0,0.0,-1.547641,-0.2866932,3.28941,1.115293,-0.2705148,-3.461293,-0.0709962,0.06379455,-0.02822699,0.9950342,352.086,7.59806,356.2238,0.3035693,-0.07171688,-0.950106,0,0,0,1.349997,-2.876538e-05,-2.571105,0.1053293,0.1494082,0.9419481,0.9902669,-0.06523198,-0.1229475,0.04711531,0.9883255,-0.1448888,0.1309635,0.1376859,0.9817796,moving,7.191735169714785,12.156777092085738,6.3803494959435305,9.012951756214978,0.2347039999999998,0.27048603462,0.8901879999999998,0.12242528752319302,0.2090032934495626,0.9702214398118141,7.049137063576216,12.352782510144964,3.206707463630366,3.2468422280831772,3.4061336256108015
05/17/2023 16:15:57.267786,3012,True,True,True,True,Eyes,1.106488,-0.2632884,-3.455617,0.2581817,0.3298481,0.9080432,0.0,0.0,0.0,0.0,0.0,0.0,0.0,-1.54924,-0.2791123,3.289001,1.115504,-0.2706127,-3.460924,-0.06987637,0.06397875,-0.02828455,0.9951,352.2154,7.614338,356.2249,0.3036218,-0.07177624,-0.9500847,0,0,0,1.349984,-0.003190479,-2.571107,0.1049569,0.1485201,0.9408492,0.9902134,-0.06523311,-0.1233777,0.0473507,0.9886346,-0.1426872,0.1312833,0.1354487,0.982048,moving,7.1724771877322535,12.14181445334162,6.365341441734753,8.970544831513529,0.23448000000000002,0.26742222099999996,0.8898169999999999,0.12210571339612879,0.20875820050433544,0.9703144958377948,7.0299806795059006,12.337710842992303,3.23237868818023,3.272372094795552,3.432135234113436
05/17/2023 16:15:57.277447,3013,True,True,True,True,Eyes,1.106628,-0.2635005,-3.455362,0.2582502,0.3275127,0.9088687,0.0,0.0,0.0,0.0,0.0,0.0,0.0,-1.551044,-0.2731021,3.288511,1.115646,-0.2707695,-3.460728,-0.06882162,0.0642073,-0.02877627,0.9951447,352.3409,7.6394,356.1752,0.3036744,-0.07183582,-0.9500633,0,0,0,1.349972,-0.006012029,-2.571108,0.1043403,0.1480176,0.9400175,0.9900987,-0.0661108,-0.1238302,0.04843541,0.988871,-0.1406702,0.131752,0.1332796,0.982282,moving,7.136089490935409,12.127145449019356,6.333804213175363,8.948467675800382,0.23432600000000003,0.264757471,0.8896199999999999,0.12149562576692513,0.2085255032884056,0.9704411242825814,6.993687948390409,12.323000464029674,3.238765904710289,3.2783614890470587,3.438447045227819
05/17/2023 16:15:57.297467,3014,True,True,True,True,Eyes,1.106758,-0.2637139,-3.455106,0.2583508,0.3251961,0.9096716,0.0,0.0,0.0,0.0,0.0,0.0,0.0,-1.553489,-0.2650922,3.287744,1.11573,-0.2709855,-3.46043,-0.06745237,0.06453377,-0.02934361,0.9952007,352.5032,7.674681,356.1187,0.3037272,-0.07189564,-0.9500419,0,0,0,1.349959,-0.008990559,-2.57111,0.1035813,0.1480349,0.9390167,0.9899487,-0.06711148,-0.1244895,0.04969966,0.9891782,-0.1380446,0.1324067,0.13047,0.9825712,moving,7.088882294479254,12.150484106251069,6.294748849433628,8.958880332207311,0.2342289999999998,0.261994941,0.8893200000000001,0.12068505870240104,0.2089415952842269,0.9704527734663291,6.946301814719476,12.34679823911263,3.249783213641791,3.288918147207436,3.45000130586968
05/17/2023 16:15:57.317570,3015,True,True,True,True,Eyes,1.106885,-0.2639301,-3.454846,0.2584798,0.3228568,0.9104678,0.0,0.0,0.0,0.0,0.0,0.0,0.0,-1.556328,-0.2581209,3.286743,1.115819,-0.2712281,-3.46018,-0.06633586,0.06492204,-0.02966411,0.995241,352.6351,7.716381,356.0881,0.3037799,-0.07195572,-0.9500206,0,0,0,1.349947,-0.01200164,-2.571111,0.1028111,0.1474791,0.9381564,0.9898103,-0.06765921,-0.1252906,0.05043258,0.9894392,-0.1358921,0.1331618,0.1281886,0.9827694,moving,7.043945637904782,12.138485786001157,6.253998932515759,8.933839686009184,0.2341280000000001,0.25922646000000005,0.8890689999999997,0.11992871282806739,0.20875762856894764,0.9705860556925348,6.901438813977452,12.334822857902171,3.2618550139166267,3.300571529833694,3.4620607931702203
05/17/2023 16:15:57.327448,3016,True,True,True,True,Eyes,1.107007,-0.2641522,-3.454583,0.2586294,0.32049,0.9112613,0.0,0.0,0.0,0.0,0.0,0.0,0.0,-1.559139,-0.2488174,3.28579,1.115859,-0.2714845,-3.459826,-0.06488651,0.0653045,-0.02996572,0.9953026,352.8048,7.755548,356.0627,0.3038324,-0.07201611,-0.9499992,0,0,0,1.349934,-0.01510669,-2.571113,0.1021197,0.1474698,0.9370997,0.9896747,-0.06812467,-0.1261067,0.05117515,0.9897836,-0.1330772,0.1338842,0.1252496,0.9830501,moving,7.002146700585644,12.162521308653771,6.219221283651506,8.943196098837888,0.23407500000000003,0.25637781000000004,0.8887130000000001,0.1192095424426831,0.20918304217862954,0.9705831769495856,6.859457402874735,12.359305694675392,3.2748239008247784,3.3131596724331858,3.475587297009111
05/17/2023 16:15:57.353863,3017,True,True,True,True,Eyes,1.107125,-0.2643765,-3.454323,0.258807,0.3180901,0.9120513,0.0,0.0,0.0,0.0,0.0,0.0,0.0,-1.562986,-0.2370018,3.284588,1.115937,-0.2718216,-3.459539,-0.06317668,0.06582572,-0.03001183,0.9953768,353.003,7.807578,356.0679,0.3038847,-0.07207697,-0.9499779,0,0,0,1.349921,-0.01807552,-2.571114,0.1012111,0.1480502,0.9360934,0.9895326,-0.06806346,-0.1272507,0.05142886,0.990216,-0.1297203,0.1348349,0.1218181,0.9833513,moving,6.954895857276768,12.208138824467428,6.17088981451206,8.987315514951,0.23398399999999997,0.25374608,0.8884249999999998,0.11838847254446186,0.20997648157666035,0.9705122335921254,6.811868738033377,12.405652132027344,3.276813307071333,3.3148707766994376,3.477913053548563
05/17/2023 16:15:57.367897,3018,True,True,True,True,Eyes,1.10721,-0.2646006,-3.454062,0.2590312,0.3156514,0.9128346,0.0,0.0,0.0,0.0,0.0,0.0,0.0,-1.566519,-0.2251635,3.28355,1.115951,-0.2720616,-3.459337,-0.06149056,0.06630903,-0.02994997,0.9954523,353.1974,7.854638,356.0858,0.3039366,-0.07213829,-0.9499566,0,0,0,1.349908,-0.0211006,-2.571116,0.1004827,0.1483898,0.9351673,0.9894122,-0.06778228,-0.1283317,0.05147277,0.9906439,-0.1263937,0.1356982,0.1184499,0.9836441,moving,6.918094081748639,12.247221321510212,6.132839097408087,9.016366928206502,0.2339570000000002,0.250961,0.8882210000000001,0.11774750636462777,0.21065460626112031,0.9704432685419814,6.774778511185187,12.445345356738734,3.2870148645851986,3.324912856175567,3.4885497379713346
05/17/2023 16:15:57.377587,3019,True,True,True,True,Eyes,1.107295,-0.2648233,-3.453799,0.2592701,0.3131784,0.9136183,0.0,0.0,0.0,0.0,0.0,0.0,0.0,-1.569784,-0.2119333,3.28274,1.116027,-0.2722967,-3.45917,-0.05955088,0.06673512,-0.03000353,0.9955401,353.4214,7.894693,356.093,0.3039874,-0.07220007,-0.9499357,0,0,0,1.349896,-0.02406712,-2.571117,0.09973639,0.1492814,0.9341934,0.9892924,-0.06768768,-0.1293015,0.05179115,0.991107,-0.1225751,0.1364484,0.114566,0.9840003,moving,6.885414795772512,12.316010008692562,6.093930924681687,9.078941657634786,0.23386899999999988,0.24822958,0.8880529999999998,0.11716342581870147,0.21183430568592837,0.9702572090226622,6.741600028295553,12.515088878237949,3.2945120869044584,3.3324252771242784,3.4966531125398794
05/17/2023 16:15:57.397879,3020,True,True,True,True,Eyes,1.107376,-0.2650468,-3.45354,0.2594752,0.3107433,0.9143912,0.0,0.0,0.0,0.0,0.0,0.0,0.0,-1.572572,-0.1994716,3.281926,1.116103,-0.272443,-3.458887,-0.0577915,0.06709758,-0.02986142,0.9956236,353.623,7.927078,356.1218,0.3040372,-0.0722622,-0.949915,0,0,0,1.349883,-0.0271019,-2.571119,0.09921859,0.1496333,0.933136,0.9892124,-0.0672168,-0.1301564,0.05170612,0.9915369,-0.1190844,0.1370593,0.1110699,0.9843161,moving,6.86371646413213,12.363023229780303,6.069347990464594,9.1101246817338,0.23377999999999988,0.24534109999999998,0.8877679999999999,0.11677505486226485,0.21264015300883224,0.9701277217138298,6.719560692014556,12.562752294758814,3.3105355895531354,3.3484877535747293,3.5133195117267233
05/17/2023 16:15:57.417802,3021,True,True,True,True,Eyes,1.107457,-0.2652714,-3.453283,0.2596806,0.3082909,0.9151627,0.0,0.0,0.0,0.0,0.0,0.0,0.0,-1.574519,-0.1898285,3.281461,1.116185,-0.2726705,-3.458745,-0.05642588,0.0673406,-0.02979973,0.9956874,353.7797,7.948179,356.1389,0.3040859,-0.07232467,-0.9498947,0,0,0,1.34987,-0.03011655,-2.571121,0.0988685,0.1493697,0.9323262,0.9891544,-0.06694193,-0.1307374,0.05174292,0.9918562,-0.1163785,0.1374633,0.1083516,0.9845627,moving,6.852343046284317,12.366952716458247,6.053305740337459,9.102111343153284,0.23368499999999992,0.24255395,0.8876239999999997,0.11658062483804604,0.2127115800444595,0.970135455561655,6.708156239368047,12.566771899575816,3.3231773141428516,3.3611976748085866,3.526003679423874
05/17/2023 16:15:57.427705,3022,True,True,True,True,Eyes,1.107524,-0.2654962,-3.453026,0.2599109,0.3058502,0.915916,0.0,0.0,0.0,0.0,0.0,0.0,0.0,-1.575698,-0.1795714,3.28132,1.116271,-0.2728898,-3.458555,-0.05492613,0.06746342,-0.02984737,0.9957615,353.9521,7.955508,356.1453,0.3041337,-0.07238748,-0.9498746,0,0,0,1.349858,-0.03309255,-2.571122,0.0986924,0.1494296,0.9314151,0.9891157,-0.06685274,-0.1310762,0.05203072,0.9921845,-0.1134139,0.1376338,0.1053594,0.9848636,moving,6.852927115940648,12.39022404666196,6.048470725939408,9.114457977889192,0.233587,0.23979725000000002,0.8874330000000001,0.11658027410860287,0.2131056114008633,0.9700490595392985,6.70857451359824,12.59032269638646,3.334865697778,3.3730984896289082,3.537989902723809
05/17/2023 16:15:57.452957,3023,True,True,True,True,Eyes,1.107591,-0.2657188,-3.45277,0.2601505,0.3033873,0.9166667,0.0,0.0,0.0,0.0,0.0,0.0,0.0,-1.577823,-0.1712938,3.280566,1.116386,-0.273128,-3.458333,-0.05366795,0.06773278,-0.03002559,0.9958064,354.0985,7.981668,356.1338,0.3041803,-0.07245061,-0.9498549,0,0,0,1.349845,-0.03613319,-2.571124,0.09817764,0.149027,0.9305706,0.9890215,-0.06706952,-0.1316746,0.0525292,0.9924364,-0.1109532,0.1381203,0.1028184,0.985064,moving,6.833018657268576,12.386500030214455,6.022575648449647,9.09842355207013,0.23345899999999986,0.23699480999999997,0.8872089999999999,0.11624461336378077,0.21305098272859332,0.9701012544898165,6.688687336770865,12.586628106343762,3.3482373045358593,3.3864826585514156,3.551235812188969
05/17/2023 16:15:57.467881,3024,True,True,True,True,Eyes,1.10764,-0.2659351,-3.452513,0.2603136,0.3009596,0.9174204,0.0,0.0,0.0,0.0,0.0,0.0,0.0,-1.579775,-0.1609461,3.279958,1.116452,-0.2732657,-3.458118,-0.05211885,0.06797564,-0.03012996,0.995869,354.2775,8.002954,356.1335,0.3042258,-0.07251396,-0.9498355,0,0,0,1.349832,-0.03910186,-2.571125,0.09778474,0.1491088,0.9296559,0.988943,-0.06709661,-0.132249,0.05292536,0.9927517,-0.1079033,0.1385304,0.0997109,0.9853259,moving,6.8142759193089875,12.416229278058859,6.004508861140225,9.112140708106365,0.23337999999999992,0.23416384,0.8869929999999999,0.11591401487706463,0.2135626281694959,0.9700283431517336,6.669727630947105,12.616787302287555,3.3636715247286118,3.4018706569453827,3.567220733541618
05/17/2023 16:15:57.477634,3025,True,True,True,True,Eyes,1.107691,-0.2661486,-3.452255,0.2604898,0.2985557,0.9181556,0.0,0.0,0.0,0.0,0.0,0.0,0.0,-1.581912,-0.1529773,3.279152,1.116609,-0.2733463,-3.457911,-0.05090015,0.06824301,-0.03026186,0.9959098,354.4189,8.028782,356.1271,0.3042699,-0.07257736,-0.9498165,0,0,0,1.34982,-0.04211866,-2.571127,0.09726053,0.1484745,0.9288359,0.9888542,-0.06722333,-0.1328471,0.05332901,0.9929868,-0.1055143,0.1390084,0.09725361,0.9855042,moving,6.792182500404828,12.410505547555925,5.97778740254715,9.081901777032302,0.23321100000000006,0.23122763999999998,0.886784,0.11554223087960726,0.21347504418609237,0.9700920297121295,6.647669175170524,12.611076971898386,3.388571350946163,3.426783103226508,3.5921886288655696
05/17/2023 16:15:57.498006,3026,True,True,True,True,Eyes,1.107715,-0.2663605,-3.451994,0.260683,0.2961539,0.9188783,0.0,0.0,0.0,0.0,0.0,0.0,0.0,-1.583595,-0.1476986,3.27836,1.11671,-0.2734784,-3.457658,-0.05001774,0.06845879,-0.03056785,0.9959304,354.5232,8.05118,356.0982,0.3043127,-0.07264072,-0.9497979,0,0,0,1.349807,-0.04510219,-2.571128,0.09683058,0.147369,0.9280797,0.988758,-0.06773521,-0.1333025,0.0540386,0.9931276,-0.1038136,0.1394182,0.0954431,0.9856232,moving,6.7711772837510775,12.370937398132025,5.956366559439589,9.022620087351434,0.2330969999999999,0.22837621000000002,0.88653,0.11520359070570647,0.21281347341699847,0.9702776135755191,6.62694055786325,12.57110853251186,3.407973151358961,3.4460332746690034,3.6112933601133745
05/17/2023 16:15:57.517703,3027,True,True,True,True,Eyes,1.107738,-0.2665649,-3.451735,0.2608824,0.2937909,0.9195799,0.0,0.0,0.0,0.0,0.0,0.0,0.0,-1.585956,-0.1390882,3.277417,1.116818,-0.2736819,-3.457439,-0.048639,0.06875967,-0.03090493,0.9959674,354.6848,8.081158,356.0696,0.3043539,-0.07270402,-0.9497799,0,0,0,1.349794,-0.0481346,-2.57113,0.09620632,0.1471956,0.9272382,0.988634,-0.06824942,-0.1339584,0.0548718,0.9933583,-0.1011357,0.1399712,0.0926357,0.9858127,moving,6.74081153542815,12.390180381412648,5.923572538796249,9.020222509912015,0.23297599999999985,0.22554729999999998,0.8863089999999998,0.1146806646372533,0.21315229624721915,0.9702650956308156,6.596429540905534,12.59069804260761,3.4296504475072607,3.4676354527696525,3.633322456769476
05/17/2023 16:15:57.537520,3028,True,True,True,True,Eyes,1.107748,-0.2667691,-3.451476,0.2610432,0.2914729,0.9202717,0.0,0.0,0.0,0.0,0.0,0.0,0.0,-1.587077,-0.1351725,3.276829,1.116829,-0.2736987,-3.457235,-0.04795879,0.06890949,-0.03116634,0.9959821,354.7652,8.096573,356.0446,0.3043934,-0.07276708,-0.9497623,0,0,0,1.349782,-0.05111133,-2.571131,0.09601572,0.1455961,0.9265933,0.9885603,-0.06869186,-0.1342758,0.05547259,0.9934572,-0.0998275,0.1402546,0.09123688,0.9859029,moving,6.726604077009578,12.332350073127271,5.916005667770621,8.929901048527611,0.23295299999999997,0.22258737,0.886104,0.11446490584182148,0.2121781956760995,0.9705040979469369,6.582630712080121,12.532220980576682,3.4599110609578387,3.4976748199425147,3.66348165582123
05/17/2023 16:15:57.553213,3029,True,True,True,True,Eyes,1.107762,-0.2669707,-3.451211,0.2612153,0.2891961,0.9209409,0.0,0.0,0.0,0.0,0.0,0.0,0.0,-1.588285,-0.1304047,3.276261,1.116929,-0.2739128,-3.457019,-0.04719409,0.06905492,-0.03139488,0.9960014,354.8551,8.110885,356.0241,0.3044311,-0.0728299,-0.9497454,0,0,0,1.349769,-0.05415662,-2.571133,0.09574981,0.144264,0.9259168,0.9884915,-0.06905664,-0.1345943,0.05602071,0.9935742,-0.09834668,0.1405209,0.08967479,0.9860082,moving,6.714810575441708,12.286137669002049,5.904017426660055,8.855861094326283,0.23283999999999994,0.21975618000000002,0.8858859999999997,0.1142848609542651,0.21139976420714826,0.9706951471764634,6.571163631222956,12.485493400751775,3.4870879961909056,3.524795442132858,3.6904355756618106
05/17/2023 16:15:57.567802,3030,True,True,True,True,Eyes,1.107761,-0.267174,-3.450948,0.2613888,0.2869154,0.9216048,0.0,0.0,0.0,0.0,0.0,0.0,0.0,-1.589861,-0.1267995,3.27529,1.11705,-0.2740434,-3.45664,-0.04658769,0.06926192,-0.03162926,0.996008,354.9272,8.133037,356.0014,0.3044675,-0.07289246,-0.949729,0,0,0,1.349755,-0.05745303,-2.571135,0.09539808,0.1423192,0.9251093,0.9884048,-0.06945951,-0.1350238,0.0565525,0.9936583,-0.09718484,0.1409179,0.08842202,0.9860647,moving,6.695813174471446,12.221520654978557,5.8875803964132745,8.745841135941323,0.23270499999999994,0.21659036999999998,0.8855050000000002,0.11399036069279425,0.2103120623384389,0.9709660102236946,6.552621987485923,12.420165417798446,3.5308373046422736,3.5684153825728484,3.7340245374262477
05/17/2023 16:15:57.583557,3031,True,True,True,True,Eyes,1.107762,-0.2673706,-3.450685,0.2615626,0.2846651,0.9222531,0.0,0.0,0.0,0.0,0.0,0.0,0.0,-1.591018,-0.120411,3.274857,1.117116,-0.2743004,-3.456491,-0.0456307,0.0693974,-0.03175315,0.996039,355.0381,8.144713,355.9946,0.3045021,-0.07295483,-0.9497131,0,0,0,1.349743,-0.06040961,-2.571136,0.09520176,0.1414295,0.9244745,0.9883515,-0.06958804,-0.1353472,0.05692143,0.9938192,-0.09530708,0.1411429,0.08649274,0.9862037,moving,6.688813645060708,12.196868734514918,5.879555429331025,8.697881802896537,0.23262699999999992,0.21389079,0.8853550000000001,0.11388213583862054,0.20989690365600816,0.9710685569561168,6.545796398935206,12.395241328332911,3.5537547132336025,3.591351891330367,3.756906239169965
05/17/2023 16:15:57.599526,3032,True,True,True,True,Eyes,1.107742,-0.2675642,-3.450419,0.2617808,0.282416,0.9228824,0.0,0.0,0.0,0.0,0.0,0.0,0.0,-1.59182,-0.1155246,3.274389,1.117171,-0.2743215,-3.456231,-0.04486889,0.06949137,-0.03186277,0.9960635,355.1265,8.152458,355.9881,0.3045353,-0.07301684,-0.9496977,0,0,0,1.349731,-0.06308756,-2.571137,0.09511864,0.1402327,0.9237873,0.9883114,-0.0697107,-0.1355764,0.05723869,0.9939431,-0.09381291,0.141295,0.08495616,0.9863155,moving,6.689449843073715,12.1505545649295,5.878797325729641,8.631710255269288,0.2325600000000001,0.21123394,0.885094,0.11391252470419488,0.20911114443400472,0.9712344590897798,6.546763036445388,12.34836423906546,3.5733776707164604,3.6110140929528836,3.776201136851684
05/17/2023 16:15:57.617738,3033,True,True,True,True,Eyes,1.107728,-0.2677638,-3.450152,0.2620031,0.2801686,0.9235042,0.0,0.0,0.0,0.0,0.0,0.0,0.0,-1.592788,-0.1111369,3.273862,1.117278,-0.2744775,-3.455988,-0.04414556,0.06960068,-0.03210622,0.9960805,355.2116,8.162783,355.9658,0.3045666,-0.07307848,-0.9496829,0,0,0,1.349718,-0.06614295,-2.571139,0.09492272,0.1387591,0.9231061,0.9882498,-0.07010587,-0.135821,0.05781562,0.9940407,-0.09241429,0.1414904,0.08347582,0.9864138,moving,6.6846796521542595,12.102732400248405,5.871072173009613,8.548561888445473,0.23243999999999998,0.20833454999999998,0.884849,0.11385177643923904,0.2083019044306488,0.9714155474694672,6.5423326063336935,12.299981134356408,3.608381199148134,3.646105478053209,3.8110020897314394
05/17/2023 16:15:57.627698,3034,True,True,True,True,Eyes,1.107688,-0.2679586,-3.449883,0.2622302,0.2778643,0.9241357,0.0,0.0,0.0,0.0,0.0,0.0,0.0,-1.594144,-0.1038545,3.273225,1.117402,-0.2747988,-3.455717,-0.0430366,0.06975345,-0.03230267,0.996112,355.3406,8.17603,355.9521,0.3045965,-0.07313994,-0.9496686,0,0,0,1.349706,-0.0691152,-2.571141,0.09462196,0.1382188,0.9223282,0.9881819,-0.07035806,-0.1361841,0.05835025,0.9942088,-0.09024497,0.1417449,0.08123209,0.9865646,moving,6.677205162659547,12.094054413763613,5.857501003556736,8.522841320516426,0.23230400000000007,0.20568360000000002,0.884576,0.1137286169264208,0.20815772350559308,0.9714608601781095,6.5349180201542465,12.291226088230218,3.6262419409698343,3.664079402227877,3.8287880029995396
05/17/2023 16:15:57.653357,3035,True,True,True,True,Eyes,1.107655,-0.2681566,-3.449617,0.2624627,0.2755466,0.9247635,0.0,0.0,0.0,0.0,0.0,0.0,0.0,-1.595523,-0.0966734,3.272587,1.117475,-0.2749084,-3.455508,-0.04185236,0.06991349,-0.03264316,0.9961401,355.4794,8.190384,355.9224,0.3046244,-0.07320113,-0.9496549,0,0,0,1.349693,-0.07207959,-2.571142,0.09431097,0.1376527,0.9215891,0.9880931,-0.07088641,-0.1365549,0.05918223,0.9943656,-0.08794601,0.1420196,0.07881723,0.9867209,moving,6.665202911574654,12.096136281653784,5.843032515345456,8.49515235318893,0.23221800000000004,0.20282881,0.884366,0.11352412598305084,0.2081979320945143,0.9714762078849142,6.522897743222632,12.293378065697818,3.6557369899341854,3.6936498769506905,3.858592397654893
05/17/2023 16:15:57.667617,3036,True,True,True,True,Eyes,1.107594,-0.2683577,-3.449348,0.2626806,0.2731631,0.9254085,0.0,0.0,0.0,0.0,0.0,0.0,0.0,-1.597194,-0.08761188,3.271892,1.11761,-0.2751529,-3.455318,-0.04050009,0.0701047,-0.03275594,0.9961787,355.6357,8.206474,355.9202,0.3046507,-0.07326216,-0.9496418,0,0,0,1.34968,-0.07520992,-2.571144,0.09395756,0.1372801,0.9208282,0.9880248,-0.07094003,-0.1370204,0.05958304,0.9945735,-0.08528334,0.1423269,0.07609795,0.9868901,moving,6.6556491999423075,12.108418293266123,5.8260648403765645,8.479391024371942,0.23207,0.19994298,0.8841740000000002,0.11335689426673709,0.20841017334542178,0.9714501957684454,6.513253916213865,12.305844476412108,3.6845258679291826,3.7226400750023707,3.887669590716298
05/17/2023 16:15:57.677964,3037,True,True,True,True,Eyes,1.107537,-0.2685636,-3.449086,0.2628971,0.2707287,0.9260621,0.0,0.0,0.0,0.0,0.0,0.0,0.0,-1.598659,-0.07958455,3.27118,1.117572,-0.2754526,-3.455115,-0.03926728,0.07029173,-0.03297491,0.9962077,355.7791,8.223097,355.9048,0.3046749,-0.07332315,-0.9496294,0,0,0,1.349668,-0.07815934,-2.571145,0.09373458,0.1369664,0.9201354,0.9879434,-0.07122005,-0.1374607,0.06017939,0.9947414,-0.08287246,0.14264,0.07360101,0.9870343,moving,6.643348933294848,12.106405843929073,5.8166795021850906,8.466573167659703,0.23209600000000008,0.19729326,0.8839700000000001,0.11314905119866368,0.20838100592125858,0.9714806101166386,6.500964741747279,12.303853698436923,3.6945350171625995,3.732527864540273,3.897815819271683
05/17/2023 16:15:57.697823,3038,True,True,True,True,Eyes,1.107482,-0.2687687,-3.448825,0.2630656,0.2682317,0.9267406,0.0,0.0,0.0,0.0,0.0,0.0,0.0,-1.599641,-0.06739007,3.2709,1.117647,-0.2757402,-3.454998,-0.03740231,0.07036564,-0.0332261,0.9962659,355.9947,8.223832,355.8917,0.3046972,-0.07338421,-0.9496175,0,0,0,1.349655,-0.08116589,-2.571147,0.09356859,0.1377369,0.919322,0.9878894,-0.07146773,-0.1377203,0.06094038,0.9949942,-0.07920124,0.1426912,0.06984935,0.9872995,moving,6.640867605577509,12.173566583653889,5.8115517656556,8.520927620008745,0.232008,0.19457430999999997,0.8838509999999999,0.11307880074564088,0.20952129180800974,0.9712434852176051,6.498003826726855,12.37183656779086,3.7074091102366746,3.7456022427753926,3.9116129865130222
05/17/2023 16:15:57.717724,3039,True,True,True,True,Eyes,1.107434,-0.2689781,-3.448571,0.2632422,0.2657094,0.9274169,0.0,0.0,0.0,0.0,0.0,0.0,0.0,-1.601017,-0.05695787,3.270287,1.117766,-0.2759015,-3.454816,-0.03577521,0.0705023,-0.03348491,0.9963074,356.1833,8.232906,355.8754,0.3047178,-0.07344533,-0.9496062,0,0,0,1.349642,-0.08414491,-2.571148,0.09326573,0.1379718,0.9185162,0.9878163,-0.07176699,-0.1380881,0.06167806,0.9951978,-0.07600774,0.1428798,0.06656469,0.9874991,moving,6.631316102542181,12.212104565404797,5.7979166306508345,8.542622976400747,0.23187599999999997,0.19175659,0.8836680000000001,0.11290059980999,0.21017881987522097,0.9711222197814311,6.488174974968555,12.410876715600505,3.7246044873816104,3.762931013424039,3.929356635981666
05/17/2023 16:15:57.727662,3040,True,True,True,True,Eyes,1.107381,-0.269184,-3.448315,0.2633854,0.2631421,0.9281079,0.0,0.0,0.0,0.0,0.0,0.0,0.0,-1.602668,-0.04669395,3.269613,1.11788,-0.2761842,-3.45473,-0.03419533,0.07067975,-0.033727,0.9963421,356.3666,8.2468,355.8604,0.3047371,-0.07350659,-0.9495953,0,0,0,1.34963,-0.08707958,-2.57115,0.09287639,0.138267,0.9178452,0.9877337,-0.07204109,-0.1385358,0.06237341,0.9953864,-0.07290813,0.143149,0.06337287,0.9876701,moving,6.615593064247739,12.241852196614197,5.778069459363424,8.566795486325018,0.23175000000000012,0.18910462,0.8835800000000003,0.11262142399499768,0.2106896954046108,0.9710438583687304,6.472235637746397,12.441043217593611,3.730938516332789,3.7692821083834964,3.9359448886449946
05/17/2023 16:15:57.747633,3041,True,True,True,True,Eyes,1.107334,-0.2693918,-3.44806,0.2635411,0.2605796,0.9287865,0.0,0.0,0.0,0.0,0.0,0.0,0.0,-1.604625,-0.03619307,3.268536,1.117921,-0.2762849,-3.454473,-0.03256421,0.07091895,-0.03394432,0.9963724,356.5557,8.267439,355.8486,0.304755,-0.07356788,-0.9495848,0,0,0,1.349617,-0.09007338,-2.571151,0.09249517,0.1384164,0.917006,0.9876366,-0.0722612,-0.1391126,0.06302353,0.9955747,-0.06970674,0.1435341,0.06007756,0.9878202,moving,6.594389892701995,12.276923973398974,5.75974317820134,8.583645915912248,0.23169600000000012,0.18621152000000002,0.8833220000000002,0.112247115833385,0.21129306531482311,0.9709561408449778,6.450776748372004,12.476618809963915,3.7481779338182473,3.7864149202034976,3.9538292007778764
05/17/2023 16:15:57.767528,3042,True,True,True,True,Eyes,1.107279,-0.2695981,-3.447809,0.2636902,0.2579919,0.9294664,0.0,0.0,0.0,0.0,0.0,0.0,0.0,-1.606435,-0.02859162,3.267542,1.118021,-0.2765174,-3.454251,-0.03135729,0.07113663,-0.03421936,0.9963861,356.6968,8.287751,355.8267,0.3047718,-0.07362926,-0.9495746,0,0,0,1.349605,-0.09307467,-2.571153,0.09207799,0.1379288,0.91632,0.9875372,-0.0726527,-0.139613,0.06373008,0.9956915,-0.06735644,0.1439052,0.05761945,0.9879126,moving,6.5732671729385475,12.26384000408769,5.73820261908926,8.560165326454864,0.231584,0.18344273000000003,0.8830980000000004,0.11189443689318018,0.21107979652300426,0.9710432973162295,6.429741735504428,12.463455527630169,3.758569817404346,3.79664838072136,3.964076278797296
05/17/2023 16:15:57.778175,3043,True,True,True,True,Eyes,1.107229,-0.2698041,-3.447565,0.2638459,0.2554107,0.9301348,0.0,0.0,0.0,0.0,0.0,0.0,0.0,-1.607795,-0.02043301,3.266891,1.118101,-0.2766839,-3.454171,-0.0300393,0.07128082,-0.03454018,0.9964054,356.8507,8.299195,355.8008,0.3047875,-0.07369068,-0.9495649,0,0,0,1.349592,-0.09611372,-2.571154,0.09178458,0.1375484,0.9157334,0.987452,-0.07311449,-0.1399741,0.06454958,0.9958092,-0.06478675,0.1441243,0.05493854,0.9880334,moving,6.55984689585088,12.265364341557685,5.723678881994339,8.542293106329009,0.2314909999999999,0.18057017999999997,0.8830170000000002,0.11166621076760277,0.21111107385373767,0.9710627181915015,6.416307032687355,12.465048533200495,3.7777509310518207,3.8158139852440365,3.9834336814088074
05/17/2023 16:15:57.797748,3044,True,True,True,True,Eyes,1.107154,-0.2700061,-3.447314,0.2640151,0.2528337,0.9307906,0.0,0.0,0.0,0.0,0.0,0.0,0.0,-1.609018,-0.01329982,3.26625,1.11817,-0.2768658,-3.454063,-0.02886029,0.07140919,-0.03489901,0.9964186,356.9889,8.309529,355.7693,0.3048022,-0.07375209,-0.9495554,0,0,0,1.349579,-0.09912974,-2.571156,0.09152618,0.1369672,0.9151654,0.9873655,-0.07366982,-0.1402925,0.06542627,0.9958982,-0.06249807,0.1443212,0.05252963,0.9881356,moving,6.547977117880538,12.25249099346976,5.711190692998648,8.511929918270193,0.23140899999999998,0.17773606,0.8829069999999999,0.11147029044204199,0.21089755193138038,0.9711316032702144,6.404525911098314,12.452063796439772,3.7949970548400755,3.833015611521137,4.000671031534205
05/17/2023 16:15:57.817681,3045,True,True,True,True,Eyes,1.107086,-0.270207,-3.447067,0.2641959,0.250272,0.9314314,0.0,0.0,0.0,0.0,0.0,0.0,0.0,-1.610604,-0.007558286,3.265241,1.118236,-0.2770103,-3.453797,-0.02787781,0.07160281,-0.03526691,0.9964197,357.105,8.32825,355.7351,0.3048154,-0.07381344,-0.9495464,0,0,0,1.349566,-0.1022727,-2.571157,0.09119336,0.1358724,0.914506,0.9872586,-0.07427355,-0.1407266,0.06628903,0.9959582,-0.06060642,0.1446592,0.05050557,0.9881917,moving,6.529072938226715,12.218167345051276,5.694635621647287,8.450878937673597,0.23133000000000004,0.1747376,0.8826399999999999,0.11116394421174645,0.21032301027713815,0.9712913102267623,6.385861488375599,12.417395469952439,3.820738937874501,3.858593989999793,4.026294400522107
05/17/2023 16:15:57.827554,3046,True,True,True,True,Eyes,1.107013,-0.2704015,-3.446819,0.2643776,0.2477258,0.9320604,0.0,0.0,0.0,0.0,0.0,0.0,0.0,-1.612487,-0.0007935464,3.2642,1.118351,-0.2771627,-3.453634,-0.02679924,0.07183275,-0.03549446,0.9964246,357.2311,8.350241,355.7176,0.3048275,-0.07387468,-0.9495378,0,0,0,1.349554,-0.1051969,-2.571159,0.09075925,0.1351193,0.9139451,0.9871604,-0.07458523,-0.1412494,0.06688498,0.9960439,-0.05850617,0.1450543,0.04830751,0.9882437,moving,6.510144831325748,12.192627259062409,5.671159895828258,8.40979346290134,0.23120299999999983,0.1719658,0.8824749999999999,0.11085344583816986,0.2098973715497389,0.9714189536846988,6.367110495610161,12.391617102624638,3.8369636126892406,3.87475512147156,4.042185885779633
05/17/2023 16:15:57.853478,3047,True,True,True,True,Eyes,1.106946,-0.270597,-3.446573,0.2645786,0.2452176,0.9326663,0.0,0.0,0.0,0.0,0.0,0.0,0.0,-1.614702,0.003147781,3.26291,1.118436,-0.2772135,-3.453419,-0.02610461,0.07213127,-0.03576662,0.9964118,357.314,8.38201,355.6916,0.3048383,-0.07393566,-0.9495295,0,0,0,1.349541,-0.1081735,-2.571161,0.09025055,0.1335301,0.9134488,0.9870356,-0.07504247,-0.1418775,0.06751064,0.9960786,-0.05718167,0.1456123,0.04686211,0.9882313,moving,6.483137640160094,12.1265194952784,5.642623231749138,8.31672522403851,0.23110500000000012,0.16904,0.8822579999999998,0.11042238066721682,0.20878646570276094,0.971707282915253,6.340567570272898,12.32481030029222,3.8638358219862696,3.901409599096037,4.068399227972235
05/17/2023 16:15:57.867638,3048,True,True,True,True,Eyes,1.106867,-0.2707967,-3.446326,0.2647524,0.2427135,0.9332719,0.0,0.0,0.0,0.0,0.0,0.0,0.0,-1.617144,0.007843807,3.261532,1.118466,-0.2774199,-3.453242,-0.02534408,0.07246982,-0.03597941,0.9963992,357.4041,8.417877,355.6729,0.3048483,-0.07399641,-0.9495216,0,0,0,1.349528,-0.1112622,-2.571162,0.08973384,0.1320825,0.9129975,0.9869072,-0.07537307,-0.142594,0.06802635,0.9961263,-0.05572049,0.1462415,0.04529081,0.9882116,moving,6.451685527703715,12.066547852891581,5.613279925788741,8.23181595501347,0.2310620000000001,0.1661577,0.8820799999999998,0.10991302009477993,0.20778108463005296,0.9719805885928086,6.30953478872963,12.264230517682913,3.888062839549237,3.9253143417981535,4.092082359801355
05/17/2023 16:15:57.878673,3049,True,True,True,True,Eyes,1.106798,-0.2709915,-3.446083,0.2649332,0.2402287,0.9338633,0.0,0.0,0.0,0.0,0.0,0.0,0.0,-1.618847,0.01369298,3.260448,1.118462,-0.2777166,-3.453012,-0.02449158,0.07270213,-0.03603914,0.9964015,357.503,8.440698,355.6728,0.3048571,-0.07405709,-0.949514,0,0,0,1.349515,-0.1142646,-2.571164,0.08948347,0.1309412,0.9124728,0.9868312,-0.07538009,-0.1431157,0.06825773,0.9962027,-0.05404713,0.1466463,0.04356664,0.9882291,moving,6.4370725187473505,12.015932373354365,5.600916095946306,8.166278697482383,0.23105299999999995,0.163452,0.8818480000000002,0.1096853983543179,0.20692758165240097,0.972188346562621,6.295278852260472,12.213057122839315,3.902361117144376,3.9394150565212223,4.105917103558051
05/17/2023 16:15:57.897623,3050,True,True,True,True,Eyes,1.106723,-0.2711795,-3.445842,0.2650909,0.2377569,0.9344509,0.0,0.0,0.0,0.0,0.0,0.0,0.0,-1.62054,0.02052423,3.259483,1.118584,-0.2777751,-3.452884,-0.02346542,0.07290904,-0.03607676,0.9964096,357.6215,8.45974,355.6769,0.3048651,-0.07411755,-0.9495067,0,0,0,1.349503,-0.1171925,-2.571165,0.08915219,0.1299297,0.911981,0.9867655,-0.07531613,-0.1436014,0.06847278,0.9962957,-0.05202299,0.1469877,0.04150169,0.9882673,moving,6.424673931853417,11.985443929614846,5.583302121436375,8.108348806719475,0.23091899999999987,0.1605826,0.8817189999999999,0.10948713462207081,0.2064147589180883,0.9723196634462692,6.283094396644029,12.182246074270342,3.930245074637535,3.967338291013702,4.133563616904755
05/17/2023 16:15:57.917970,3051,True,True,True,True,Eyes,1.106656,-0.271367,-3.445603,0.2652608,0.2353242,0.9350184,0.0,0.0,0.0,0.0,0.0,0.0,0.0,-1.621883,0.02374093,3.258669,1.118653,-0.2778004,-3.452743,-0.02295311,0.07308699,-0.03616024,0.9964055,357.6814,8.477976,355.6714,0.3048723,-0.07417764,-0.9494997,0,0,0,1.34949,-0.1202839,-2.571167,0.08895066,0.1278142,0.9116054,0.9867015,-0.07541568,-0.1439886,0.06870539,0.9963312,-0.05102689,0.1473085,0.04045552,0.988263,moving,6.414842502019883,11.900414026062421,5.573041274513918,7.981288015247109,0.23083700000000018,0.1575165,0.8815759999999999,0.10935412171277951,0.20497459605634138,0.9726393321765299,6.27386671879161,12.096223845850709,3.9714789619955497,4.008513190109232,4.174188926406226
05/17/2023 16:15:57.927684,3052,True,True,True,True,Eyes,1.106615,-0.271546,-3.44537,0.2655412,0.2327638,0.9355795,0.0,0.0,0.0,0.0,0.0,0.0,0.0,-1.623515,0.02740623,3.257663,1.118746,-0.277972,-3.452543,-0.02227253,0.07328956,-0.03654227,0.9963921,357.7633,8.498912,355.6331,0.3048788,-0.07423736,-0.9494929,0,0,0,1.349476,-0.1235624,-2.571168,0.08859621,0.1260525,0.9111326,0.9865866,-0.07608555,-0.1444225,0.06955617,0.9963372,-0.04974068,0.1476781,0.03902802,0.9882652,moving,6.4013103268052145,11.83360487611735,5.553835309885665,7.876702450685586,0.23072999999999988,0.15440959999999998,0.8813749999999998,0.10915069723002903,0.2038448994889319,0.9728995315831309,6.260807381089539,12.028656744577473,4.009593426959887,4.046639433986005,4.211713899118692
05/17/2023 16:15:57.947827,3053,True,True,True,True,Eyes,1.106577,-0.2717243,-3.445138,0.2658283,0.2302857,0.936111,0.0,0.0,0.0,0.0,0.0,0.0,0.0,-1.624836,0.03027999,3.25676,1.118666,-0.2778845,-3.45237,-0.02161849,0.07346928,-0.03705683,0.9963743,357.8432,8.517586,355.5795,0.3048854,-0.0742965,-0.9494862,0,0,0,1.349465,-0.1262594,-2.57117,0.08839323,0.1246166,0.9107305,0.9864581,-0.07702152,-0.1448036,0.07066835,0.9963188,-0.0485253,0.148008,0.03763515,0.9882698,moving,6.3874383287482,11.771714215663513,5.543621650009006,7.791480349378546,0.23079899999999998,0.15162509999999998,0.8812000000000002,0.10893930881798959,0.20279857700693138,0.9731417970597103,6.247373056276255,11.966068932754222,4.031850327863958,4.068696132379539,4.2334921615935075
05/17/2023 16:15:57.967701,3054,True,True,True,True,Eyes,1.106565,-0.2719052,-3.444912,0.2660742,0.227692,0.9366754,0.0,0.0,0.0,0.0,0.0,0.0,0.0,-1.626251,0.03039865,3.25584,1.118689,-0.2780524,-3.452148,-0.02146483,0.07366741,-0.03743752,0.9963488,357.8648,8.540422,355.5368,0.3048922,-0.0743551,-0.9494795,0,0,0,1.349452,-0.1293284,-2.571171,0.08813645,0.1221143,0.9103904,0.9863431,-0.07776417,-0.1451897,0.07143913,0.9962754,-0.04828876,0.148404,0.03725706,0.9882247,moving,6.372689686901144,11.643282807069237,5.529669647435226,7.639711780280149,0.23076300000000005,0.14872399999999997,0.8809770000000001,0.10873857612598109,0.20062115178601672,0.9736154308827212,6.233536364103658,11.836138312533654,4.054788127269585,4.091364534417113,4.255046885221686
05/17/2023 16:15:57.978210,3055,True,True,True,True,Eyes,1.106554,-0.2720926,-3.444686,0.2663173,0.2251375,0.9372237,0.0,0.0,0.0,0.0,0.0,0.0,0.0,-1.627397,0.03422192,3.255065,1.118672,-0.2782226,-3.451986,-0.02082313,0.07381701,-0.03767075,0.9963425,357.9408,8.555013,355.5154,0.3048997,-0.07441323,-0.9494725,0,0,0,1.349439,-0.1323892,-2.571173,0.08802143,0.1204593,0.9099967,0.9862639,-0.07814015,-0.1455252,0.07199174,0.9962946,-0.04705543,0.1486629,0.03593246,0.9882349,moving,6.367416779538844,11.56984708213127,5.524872415231687,7.540593622888402,0.23076699999999994,0.14583339999999997,0.8808130000000003,0.10867720388235501,0.19937446833204156,0.9738784055316451,6.228785737203948,11.761833528594279,4.079901798820523,4.116401880847686,4.27952804715354
05/17/2023 16:15:57.997962,3056,True,True,True,True,Eyes,1.106563,-0.2722874,-3.444472,0.2665151,0.2224404,0.9378113,0.0,0.0,0.0,0.0,0.0,0.0,0.0,-1.628381,0.03987974,3.254324,1.118711,-0.2785524,-3.451773,-0.02001125,0.07393268,-0.037714,0.996349,358.0344,8.56449,355.5173,0.3049078,-0.07447114,-0.9494653,0,0,0,1.349426,-0.1353305,-2.571174,0.08794406,0.1193301,0.9095175,0.9862232,-0.07811159,-0.1458161,0.07219364,0.9963544,-0.04545297,0.1488349,0.03429978,0.988267,moving,6.368452844151834,11.503393683725555,5.522936497349493,7.474600963625842,0.230715,0.14322189999999999,0.8805990000000001,0.10872025465397389,0.19824386196625846,0.9741043793703724,6.230295962095184,11.694571969709253,4.0801152987133085,4.116560296441487,4.278844786218583
05/17/2023 16:15:58.017896,3057,True,True,True,True,Eyes,1.106574,-0.2724885,-3.444262,0.2667055,0.2197191,0.9383985,0.0,0.0,0.0,0.0,0.0,0.0,0.0,-1.628389,0.04714559,3.254202,1.118672,-0.2788467,-3.451742,-0.0189137,0.07389285,-0.03786781,0.9963675,358.1609,8.554954,355.5094,0.3049169,-0.07452901,-0.9494579,0,0,0,1.349414,-0.138394,-2.571176,0.08816786,0.1185999,0.9091344,0.9862118,-0.07825569,-0.1458164,0.07266535,0.9964166,-0.04328632,0.1486813,0.03209368,0.9883642,moving,6.384174043219037,11.47130531523387,5.5392227208389,7.432470855634842,0.23074199999999978,0.1404527,0.880566,0.10899992012804281,0.19769219380532896,0.9741852315436869,6.246250151632944,11.662036407442974,4.089707516567682,4.1262727162945145,4.288252854594427
05/17/2023 16:15:58.027933,3058,True,True,True,True,Eyes,1.106609,-0.2726822,-3.444056,0.2668172,0.2168696,0.9390293,0.0,0.0,0.0,0.0,0.0,0.0,0.0,-1.628807,0.05722886,3.25378,1.118718,-0.2791702,-3.451653,-0.01728927,0.0738749,-0.03829133,0.9963822,358.3499,8.545857,355.4751,0.3049269,-0.074587,-0.9494501,0,0,0,1.349401,-0.1413106,-2.571177,0.08816396,0.1190694,0.908574,0.9861525,-0.07886006,-0.1458912,0.0737511,0.9964697,-0.04011096,0.1485393,0.02879589,0.9884871,moving,6.386151773024523,11.496303735409066,5.542374349045725,7.46611310895118,0.23068299999999997,0.13785959999999997,0.8804759999999998,0.10902400404450885,0.1981166718089087,0.9740962061172161,6.2480501391942,11.68732998202425,4.081000127565223,4.117571714834523,4.279795580435877
05/17/2023 16:15:58.052384,3059,True,True,True,True,Eyes,1.106648,-0.2728721,-3.443851,0.2669208,0.2140681,0.9396425,0.0,0.0,0.0,0.0,0.0,0.0,0.0,-1.629065,0.06614271,3.253269,1.118744,-0.2790919,-3.45145,-0.01589916,0.0738612,-0.03842457,0.9964012,358.5097,8.537856,355.4719,0.3049384,-0.07464489,-0.9494419,0,0,0,1.349388,-0.1443453,-2.571179,0.08832012,0.1185129,0.9079563,0.9861362,-0.07892124,-0.145969,0.07422391,0.9965416,-0.03736005,0.1484126,0.02600771,0.9885835,moving,6.394461110718413,11.491658299472524,5.555883562154153,7.436608650537771,0.23064400000000007,0.1347466,0.880271,0.10916712078139079,0.1980345664644585,0.9740968858086116,6.256394805403991,11.682597228718336,4.104193978079769,4.1408501494598795,4.303386458123329
05/17/2023 16:15:58.067685,3060,True,True,True,True,Eyes,1.106719,-0.2730644,-3.443651,0.2669601,0.2112327,0.9402728,0.0,0.0,0.0,0.0,0.0,0.0,0.0,-1.629121,0.0711223,3.252981,1.118845,-0.2791794,-3.451264,-0.01509639,0.07382155,-0.03861045,0.9964094,358.6028,8.529746,355.4576,0.3049511,-0.07470258,-0.9494333,0,0,0,1.349376,-0.1473348,-2.571181,0.08844616,0.1171218,0.9074875,0.9861193,-0.0791725,-0.1459472,0.07471475,0.9965627,-0.03578494,0.1482787,0.02438381,0.988645,moving,6.400680489849135,11.419508656463911,5.566618688753412,7.354033690752729,0.23053099999999982,0.13184460000000003,0.880083,0.10930046364516162,0.1968048776350872,0.9743311222305953,6.263130338550773,11.60955108763002,4.113584709089597,4.150150091848652,4.312140627742643
05/17/2023 16:15:58.087634,3061,True,True,True,True,Eyes,1.106836,-0.2732653,-3.443457,0.2669568,0.2083429,0.9409183,0.0,0.0,0.0,0.0,0.0,0.0,0.0,-1.629707,0.07601363,3.252384,1.118915,-0.2793354,-3.451047,-0.01425569,0.07386056,-0.03893916,0.9964061,358.7018,8.530655,355.4272,0.3049659,-0.07476012,-0.949424,0,0,0,1.349363,-0.150338,-2.571182,0.08842236,0.1158938,0.9070058,0.9860567,-0.07970431,-0.14608,0.07549257,0.996561,-0.03416105,0.1483004,0.02265677,0.9886827,moving,6.392028596917284,11.350680189961674,5.568067176389113,7.281582687724928,0.230448,0.1289974,0.8798650000000001,0.10917935824678413,0.19563691325703403,0.9745799147456407,6.254966976045683,11.539921967905345,4.115450112429518,4.15168241863803,4.313384374235121
05/17/2023 16:15:58.097747,3062,True,True,True,True,Eyes,1.106949,-0.2734579,-3.443262,0.2669657,0.2054749,0.9415463,0.0,0.0,0.0,0.0,0.0,0.0,0.0,-1.631196,0.08172714,3.251305,1.118969,-0.2796208,-3.450824,-0.01334002,0.07403935,-0.03918814,0.9963957,358.8093,8.547114,355.4065,0.3049835,-0.07481772,-0.9494138,0,0,0,1.34935,-0.1533279,-2.571184,0.08816946,0.1149076,0.9065402,0.985965,-0.08006915,-0.1464994,0.07611841,0.9965726,-0.03238681,0.1485905,0.02078095,0.9886805,moving,6.37017644274567,11.289167860232851,5.555075203354659,7.223945803761147,0.23038099999999995,0.1262929,0.8796399999999998,0.10883059137826827,0.19459799661236193,0.9748269470243945,6.233547682965485,11.477746927722121,4.110349216530015,4.146133186341316,4.307568793159421
05/17/2023 16:15:58.117663,3063,True,True,True,True,Eyes,1.107061,-0.2736524,-3.443064,0.266987,0.2026461,0.9421531,0.0,0.0,0.0,0.0,0.0,0.0,0.0,-1.632555,0.08831396,3.250225,1.118997,-0.2795972,-3.450604,-0.01221377,0.07419384,-0.03952297,0.9963856,358.9414,8.559834,355.3777,0.3050036,-0.07487516,-0.9494028,0,0,0,1.349336,-0.1568274,-2.571185,0.08801699,0.1135118,0.9060206,0.9858664,-0.0805726,-0.1468859,0.07694785,0.9965775,-0.03020397,0.1488168,0.01847453,0.9886922,moving,6.349841149444753,11.255947281850363,5.548689337511294,7.141156691770323,0.23033900000000007,0.12276979999999998,0.879419,0.10849682414452579,0.1940398635797166,0.9749753506352543,6.213443901338751,11.444200376965716,4.1565183049805565,4.192057469307345,4.354088146423931
05/17/2023 16:15:58.127582,3064,True,True,True,True,Eyes,1.107192,-0.2738525,-3.442872,0.2670355,0.1997666,0.9427541,0.0,0.0,0.0,0.0,0.0,0.0,0.0,-1.634048,0.09416171,3.249091,1.119081,-0.2798178,-3.450352,-0.01129607,0.07437225,-0.03970241,0.996376,359.0486,8.576102,355.365,0.305026,-0.0749325,-0.9493911,0,0,0,1.349324,-0.159614,-2.571187,0.08774939,0.1126413,0.9055412,0.985785,-0.08079728,-0.1473085,0.07743683,0.9965922,-0.02841578,0.1491024,0.01660476,0.9886823,moving,6.332408836962422,11.193043763352692,5.534834796634247,7.090665228388823,0.23024299999999998,0.1202038,0.879165,0.10822334323082487,0.19297513204749572,0.9752170282525905,6.196455541632602,11.380600771314072,4.144009406641092,4.179190590764881,4.340655362115902
05/17/2023 16:15:58.153354,3065,True,True,True,True,Eyes,1.10732,-0.2740548,-3.442679,0.2670947,0.1968899,0.9433424,0.0,0.0,0.0,0.0,0.0,0.0,0.0,-1.635225,0.1015632,3.248135,1.119059,-0.2800642,-3.450207,-0.01008259,0.07449675,-0.04005236,0.9963655,359.1907,8.584888,355.3353,0.3050508,-0.07498989,-0.9493786,0,0,0,1.349313,-0.1623013,-2.571188,0.08760111,0.1124858,0.9051141,0.9856921,-0.08131582,-0.1476443,0.07831134,0.9965883,-0.02605943,0.1492597,0.01412435,0.9886972,moving,6.317790943976074,11.167872838329016,5.528131107800863,7.084283469808393,0.23025399999999996,0.11776289999999998,0.879019,0.10798369320950085,0.19255174737204964,0.9753273510533103,6.182013272193249,11.355179903942581,4.124420936218484,4.1592384864976095,4.320661782182285
05/17/2023 16:15:58.167588,3066,True,True,True,True,Eyes,1.107477,-0.2742555,-3.442487,0.2671369,0.1940061,0.9439276,0.0,0.0,0.0,0.0,0.0,0.0,0.0,-1.636805,0.1100988,3.246902,1.119138,-0.2802941,-3.450012,-0.008711565,0.07466451,-0.0403615,0.9963536,359.3507,8.597796,355.3117,0.3050777,-0.07504739,-0.9493654,0,0,0,1.3493,-0.1653745,-2.57119,0.08731562,0.1121871,0.9045994,0.9855923,-0.08172954,-0.1480813,0.07912774,0.9965901,-0.02338674,0.1494877,0.01133246,0.9886987,moving,6.298245892733562,11.158971845238575,5.513342019128692,7.069641487424291,0.23016199999999998,0.11491959999999998,0.878822,0.10765407383158572,0.19240711633079743,0.9753921807115898,6.162526516610289,11.346244320581675,4.129393633541066,4.163976088565043,4.325595023154642
05/17/2023 16:15:58.177980,3067,True,True,True,True,Eyes,1.107628,-0.2744567,-3.442297,0.2671744,0.1911501,0.9444996,0.0,0.0,0.0,0.0,0.0,0.0,0.0,-1.637964,0.1141376,3.245846,1.119142,-0.2803607,-3.449694,-0.007967426,0.0748046,-0.04071938,0.9963348,359.4394,8.610518,355.2771,0.3051073,-0.07510492,-0.9493513,0,0,0,1.349287,-0.1684763,-2.571191,0.08721381,0.1105995,0.9041088,0.9854924,-0.08233226,-0.148412,0.07994826,0.9965569,-0.02196844,0.1497097,0.009784453,0.9886816,moving,6.280831582979609,11.082041474617961,5.509922878525946,6.974332898909062,0.23014499999999982,0.11188440000000002,0.8785030000000003,0.10738550045568034,0.1911028989755127,0.9756782520075804,6.145656191278216,11.26844802886854,4.145237411943276,4.179422205706771,4.340919441119575
05/17/2023 16:15:58.198077,3068,True,True,True,True,Eyes,1.107798,-0.2746624,-3.442105,0.2672063,0.188287,0.9450655,0.0,0.0,0.0,0.0,0.0,0.0,0.0,-1.638094,0.1205278,3.245422,1.119165,-0.2805544,-3.449551,-0.006913679,0.07476753,-0.04103812,0.9963323,359.5623,8.601336,355.2498,0.3051391,-0.0751625,-0.9493365,0,0,0,1.349275,-0.1713189,-2.571193,0.08735107,0.1099454,0.9037026,0.9854513,-0.08280905,-0.1484192,0.08074138,0.9965361,-0.01991328,0.1495541,0.007640004,0.9887241,moving,6.284383481487386,11.040275037762452,5.521006262822232,6.9365745915397445,0.23011000000000004,0.10923549999999999,0.878358,0.10746114651002764,0.19039004942511595,0.9758092700367182,6.149506871426071,11.226162802763328,4.140067515673352,4.174098960291358,4.33538695353526
05/17/2023 16:15:58.218026,3069,True,True,True,True,Eyes,1.107964,-0.2748749,-3.441913,0.267236,0.1854165,0.9456245,0.0,0.0,0.0,0.0,0.0,0.0,0.0,-1.638487,0.1255509,3.244731,1.119228,-0.2807919,-3.449227,-0.006011143,0.07476684,-0.04149495,0.9963193,359.6692,8.597061,355.2054,0.3051734,-0.07522023,-0.9493209,0,0,0,1.349262,-0.1743861,-2.571194,0.08740173,0.1088798,0.9031525,0.9853762,-0.08358331,-0.1484844,0.08178557,0.996484,-0.01818293,0.1494821,0.005773142,0.9887475,moving,6.280757260879336,10.983649226394114,5.527532305400163,6.874134756953778,0.23003400000000007,0.1064058,0.8780329999999998,0.10741978238886712,0.189426414343385,0.976001371448338,6.146283494385006,11.168865220322363,4.1441746287833725,4.177972834772396,4.339073954988127
05/17/2023 16:15:58.227669,3070,True,True,True,True,Eyes,1.108175,-0.2750879,-3.44173,0.2671795,0.1825168,0.9462044,0.0,0.0,0.0,0.0,0.0,0.0,0.0,-1.638924,0.1344524,3.244017,1.119285,-0.2811405,-3.449051,-0.004542124,0.07474603,-0.04196414,0.9963089,359.8409,8.587642,355.1643,0.3052098,-0.07527828,-0.9493046,0,0,0,1.349249,-0.1773934,-2.571196,0.08742493,0.1089982,0.9026366,0.9853041,-0.0842975,-0.148559,0.08293948,0.9964368,-0.01532402,0.1493215,0.00277741,0.9887848,moving,6.2738559972153025,10.989381435299663,5.532130932867282,6.885433688565729,0.22996399999999984,0.10374710000000001,0.8778549999999998,0.10730011036330203,0.18952651993051614,0.975995091504512,6.139339525369912,11.174692630721712,4.136878269289895,4.170436809136977,4.332025455566263
05/17/2023 16:15:58.247622,3071,True,True,True,True,Eyes,1.108379,-0.2753051,-3.441549,0.2671152,0.1796211,0.9467765,0.0,0.0,0.0,0.0,0.0,0.0,0.0,-1.639131,0.14193,3.24338,1.119266,-0.2812158,-3.448851,-0.00325163,0.07471208,-0.04241934,0.9962972,359.9919,8.577482,355.1234,0.3052491,-0.07533661,-0.9492873,0,0,0,1.349236,-0.1804312,-2.571198,0.08759293,0.1084967,0.9021503,0.9852374,-0.08501042,-0.148595,0.08403867,0.99638,-0.01281766,0.1491468,0.000140704,0.988815,moving,6.268615421831648,10.975010050833072,5.5456647519988955,6.857715380840281,0.22997,0.1007846,0.877653,0.10721595890674404,0.18928343317989174,0.9760515000079868,6.134200045334613,11.160166920212912,4.147001136653831,4.180283850477462,4.342518052944822
05/17/2023 16:15:58.269628,3072,True,True,True,True,Eyes,1.108592,-0.2755183,-3.44137,0.2670076,0.1766845,0.9473593,0.0,0.0,0.0,0.0,0.0,0.0,0.0,-1.638837,0.1507106,3.243026,1.119281,-0.2815072,-3.448722,-0.001870873,0.07459535,-0.04270767,0.9962972,0.1514728,8.55731,355.1022,0.3052909,-0.07539528,-0.9492692,0,0,0,1.349224,-0.1833428,-2.571199,0.08787046,0.1084469,0.9017065,0.9852232,-0.08537818,-0.1484785,0.08481995,0.9963451,-0.01009948,0.1487981,-0.002643696,0.9888641,moving,6.274202406916701,10.965445052548741,5.565846478631393,6.857939203113829,0.229943,0.09816440000000001,0.877523,0.10731461384894331,0.1891184731258736,0.9760726873914104,6.139856719571614,11.150465250370399,4.135065738452239,4.1681377645513304,4.330735228928266
05/17/2023 16:15:58.277779,3073,True,True,True,True,Eyes,1.1088,-0.2757279,-3.441195,0.266879,0.1738079,0.9479275,0.0,0.0,0.0,0.0,0.0,0.0,0.0,-1.637922,0.1594407,3.242848,1.119286,-0.2815451,-3.448508,-0.000449957,0.0743859,-0.04302969,0.9963007,0.315416,8.526245,355.0775,0.3053352,-0.07545414,-0.9492502,0,0,0,1.349211,-0.1863282,-2.5712,0.08835737,0.1081602,0.9011632,0.9852303,-0.08580796,-0.1481827,0.08567408,0.9962965,-0.00729819,0.1482602,-0.005505019,0.9889331,moving,6.28840513825002,10.965278262811106,5.599845441247874,6.844065563349723,0.22992499999999993,0.0952169,0.8773079999999998,0.10755672963820789,0.18911065681299913,0.976047561028124,6.154064403127633,11.150243294924195,4.145361973349082,4.178338015352213,4.341696133265771
05/17/2023 16:15:58.297444,3074,True,True,True,True,Eyes,1.109024,-0.2759359,-3.441022,0.2667039,0.1709439,0.9484974,0.0,0.0,0.0,0.0,0.0,0.0,0.0,-1.636218,0.163905,3.243402,1.11935,-0.2816575,-3.448398,0.0002544938,0.07407854,-0.04319317,0.9963166,0.3957156,8.487457,355.0646,0.3053815,-0.07551308,-0.9492306,0,0,0,1.349198,-0.1894448,-2.571202,0.08903114,0.1064912,0.9008549,0.9852934,-0.08603044,-0.1476333,0.08610585,0.9962686,-0.00589226,0.1475894,-0.006906486,0.9890246,moving,6.315322107338699,10.882012822853833,5.64419110843922,6.741720199210196,0.22984799999999983,0.09221270000000001,0.8771960000000001,0.10804540005101133,0.1876820045524227,0.9762693079904649,6.18158227764144,11.065869371711115,4.161382852874707,4.194334253142174,4.357413835611315
05/17/2023 16:15:58.317786,3075,True,True,True,True,Eyes,1.109242,-0.2761407,-3.440852,0.2665148,0.1681526,0.9490493,0.0,0.0,0.0,0.0,0.0,0.0,0.0,-1.635386,0.1676914,3.24344,1.119365,-0.2817575,-3.448209,0.0008765229,0.07391646,-0.04338386,0.9963199,0.4675477,8.465724,355.048,0.30543,-0.07557203,-0.9492103,0,0,0,1.349185,-0.1924215,-2.571204,0.08949293,0.104804,0.9005246,0.9853084,-0.08631883,-0.1473649,0.08657798,0.9962341,-0.004666968,0.1472128,-0.008160156,0.9890711,moving,6.32416844024643,10.79318438496682,5.675343413771496,6.638279730091583,0.22982000000000014,0.089336,0.877005,0.1082279336154693,0.18616449459285936,0.9765395561238676,6.191064398685767,10.97593274264694,4.172575224316338,4.205259398192234,4.368203497046756
05/17/2023 16:15:58.337799,3076,True,True,True,True,Eyes,1.109472,-0.2763466,-3.440682,0.2663139,0.1653471,0.9495985,0.0,0.0,0.0,0.0,0.0,0.0,0.0,-1.633914,0.1704767,3.243915,1.119414,-0.2818756,-3.448069,0.001363476,0.07365183,-0.04362513,0.9963285,0.5238672,8.432838,355.0243,0.3054804,-0.0756309,-0.9491894,0,0,0,1.349173,-0.195428,-2.571205,0.09009866,0.1028849,0.9002494,0.9853445,-0.08672906,-0.1468818,0.08713076,0.99619,-0.003709201,0.1466439,-0.009143081,0.9891471,moving,6.3433605599388505,10.690048287602872,5.715238506553764,6.51975490305856,0.22975900000000005,0.08644760000000001,0.8768639999999999,0.10859181647038649,0.18439900432472253,0.9768341172448793,6.210997076837369,10.871476574678777,4.184802485933995,4.217331410634307,4.379869640441219
05/17/2023 16:15:58.353777,3077,True,True,True,True,Eyes,1.109696,-0.2765539,-3.440516,0.2661105,0.162576,0.9501338,0.0,0.0,0.0,0.0,0.0,0.0,0.0,-1.633083,0.1747231,3.24387,1.119405,-0.2820445,-3.447834,0.002080386,0.07348444,-0.04390522,0.9963272,0.6072432,8.409941,354.9982,0.3055327,-0.07568973,-0.9491679,0,0,0,1.34916,-0.1984322,-2.571207,0.09057432,0.1014376,0.8998676,0.9853448,-0.08718218,-0.1466118,0.08779369,0.996136,-0.00230721,0.1462464,-0.01059819,0.9891914,moving,6.350266427440729,10.615119207544332,5.747631069492117,6.431518401307789,0.22975499999999993,0.08361229999999997,0.876627,0.10873602686658802,0.18311847233240888,0.9770588996783169,6.218439100673203,10.795614788236442,4.194547399331075,4.226781882306313,4.389418808524465
05/17/2023 16:15:58.367862,3078,True,True,True,True,Eyes,1.109916,-0.2767587,-3.440349,0.2659338,0.1597874,0.9506562,0.0,0.0,0.0,0.0,0.0,0.0,0.0,-1.632695,0.1803956,3.243688,1.119472,-0.2822672,-3.447732,0.003014605,0.07335985,-0.04420833,0.9963207,0.7158297,8.390833,354.9712,0.3055866,-0.07574853,-0.9491459,0,0,0,1.349148,-0.20143,-2.571208,0.09085688,0.1004337,0.8995764,0.9853279,-0.08764905,-0.1464464,0.08853365,0.9960731,-0.0004792051,0.1459133,-0.01249326,0.9892185,moving,6.353355860337127,10.564187593174777,5.767294787793931,6.370437511362907,0.229676,0.0808372,0.8765239999999999,0.10880660057724494,0.18224845451984564,0.9772137096232287,6.221892550476893,10.744055189308346,4.202460510280974,4.234502016701321,4.397179859713861
05/17/2023 16:15:58.377659,3079,True,True,True,True,Eyes,1.110131,-0.2769665,-3.440185,0.2657727,0.1570193,0.9511623,0.0,0.0,0.0,0.0,0.0,0.0,0.0,-1.633128,0.1857672,3.242998,1.119505,-0.2823851,-3.447553,0.003871992,0.07337949,-0.04438188,0.9963086,0.8152799,8.388723,354.9585,0.3056417,-0.07580727,-0.9491234,0,0,0,1.349134,-0.2045677,-2.57121,0.0909764,0.09899981,0.8992686,0.9852914,-0.08786783,-0.1465609,0.08900433,0.9960305,0.001201961,0.1458735,-0.01422884,0.9892009,moving,6.343697917114558,10.502213807979343,5.776793512439579,6.282351222759136,0.22962900000000008,0.07781740000000001,0.8763429999999999,0.1086633981389041,0.18119419417090965,0.9774256183888015,6.2126739897277385,10.68136747756447,4.225997468227195,4.257771816593894,4.420558313213671
05/17/2023 16:15:58.397761,3080,True,True,True,True,Eyes,1.110321,-0.2771692,-3.440018,0.2656589,0.1541953,0.951656,0.0,0.0,0.0,0.0,0.0,0.0,0.0,-1.634517,0.1930117,3.241813,1.119617,-0.282641,-3.447437,0.004992306,0.07352068,-0.044548,0.9962857,0.9453044,8.399261,354.949,0.3056979,-0.07586603,-0.9491006,0,0,0,1.349122,-0.2074518,-2.571211,0.09074157,0.09840417,0.8989883,0.9852204,-0.08803099,-0.14694,0.08949915,0.9959812,0.003397129,0.1460504,-0.01649793,0.9891396,moving,6.322976788537624,10.466093934603164,5.7637672677501,6.246784226083062,0.22950499999999985,0.07518919999999998,0.876226,0.10832225231025383,0.18058474868881313,0.9775762999493858,6.192204945763617,10.644887985541233,4.224747157367024,4.256206022333904,4.418922439113603
05/17/2023 16:15:58.417798,3081,True,True,True,True,Eyes,1.110508,-0.2773742,-3.439853,0.2655622,0.1514058,0.9521308,0.0,0.0,0.0,0.0,0.0,0.0,0.0,-1.635949,0.1997163,3.240545,1.119634,-0.2827252,-3.447294,0.006051445,0.07368896,-0.04469819,0.9962607,1.068351,8.41322,354.9408,0.3057545,-0.07592467,-0.9490777,0,0,0,1.349109,-0.2104474,-2.571213,0.09058698,0.09741817,0.8987236,0.985144,-0.08817025,-0.1473678,0.08995395,0.9959309,0.005470108,0.1462859,-0.01864516,0.9890667,moving,6.300576254959271,10.42473794374202,5.7556972352419455,6.186487008282635,0.22947499999999987,0.0722778,0.8760809999999997,0.10795409634128235,0.17988634185528762,0.9777458134649207,6.17009339113563,10.603115287844846,4.241996522791309,4.273132824761063,4.436026322492701
05/17/2023 16:15:58.428567,3082,True,True,True,True,Eyes,1.110684,-0.2775718,-3.439689,0.265452,0.1485932,0.9526045,0.0,0.0,0.0,0.0,0.0,0.0,0.0,-1.637636,0.2062041,3.239193,1.119717,-0.2829678,-3.447159,0.007024331,0.07389221,-0.04476824,0.9962362,1.181055,8.431703,354.9411,0.3058113,-0.07598329,-0.9490547,0,0,0,1.349097,-0.2134749,-2.571214,0.09031355,0.09637034,0.8984875,0.9850715,-0.08816138,-0.1478571,0.09023756,0.9958929,0.007379736,0.1465992,-0.02061183,0.9889811,moving,6.275217685314051,10.370373796573606,5.739938066084202,6.122048995627265,0.22937999999999992,0.0694929,0.8759450000000002,0.10753967863946244,0.17896662613169756,0.9779602246817856,6.145115779202721,10.548188065576317,4.251116758485147,4.281914044571495,4.444645772807707
05/17/2023 16:15:58.447912,3083,True,True,True,True,Eyes,1.110857,-0.277772,-3.439527,0.2653619,0.1458207,0.9530579,0.0,0.0,0.0,0.0,0.0,0.0,0.0,-1.638897,0.2120731,3.238078,1.1198,-0.2829706,-3.44704,0.007968816,0.07402971,-0.04491301,0.9962124,1.290815,8.442689,354.9326,0.3058679,-0.07604167,-0.9490318,0,0,0,1.349084,-0.2164743,-2.571216,0.0901643,0.09508943,0.8982702,0.9850048,-0.08830592,-0.1482144,0.09066564,0.9958386,0.009227472,0.1467828,-0.02252706,0.9889122,moving,6.257147576929081,10.317366505793927,5.731892602282872,6.0427339538679625,0.22928400000000004,0.06649630000000001,0.8758239999999997,0.10724901948461006,0.17806740568215365,0.9781562360511366,6.127418883635138,10.494606848042677,4.2761845470368005,4.306782585919062,4.469408607984719
05/17/2023 16:15:58.467813,3084,True,True,True,True,Eyes,1.111048,-0.2779741,-3.439368,0.26525,0.1429961,0.953517,0.0,0.0,0.0,0.0,0.0,0.0,0.0,-1.640789,0.2174035,3.236703,1.119902,-0.2832187,-3.446927,0.008833293,0.07425626,-0.04513437,0.9961782,1.392544,8.464175,354.9147,0.3059244,-0.07609992,-0.9490089,0,0,0,1.349071,-0.2195907,-2.571218,0.08981492,0.09380893,0.8980905,0.9848978,-0.08861189,-0.1487423,0.09123561,0.9957697,0.01089605,0.1471476,-0.02430208,0.988816,moving,6.226361714531668,10.253169581404563,5.710963919784516,5.963135267421015,0.22916899999999996,0.06362799999999999,0.8757090000000001,0.10674468916107842,0.17698099440807918,0.9784086136980003,6.097082659570861,10.429748151840894,4.290649694064569,4.320882930835609,4.483270942122488
05/17/2023 16:15:58.477457,3085,True,True,True,True,Eyes,1.111236,-0.2781742,-3.43921,0.2651619,0.1401883,0.9539583,0.0,0.0,0.0,0.0,0.0,0.0,0.0,-1.642951,0.2241712,3.235022,1.120004,-0.2833908,-3.446765,0.009895161,0.07452308,-0.04528068,0.9961415,1.516388,8.489412,354.9073,0.3059812,-0.07615808,-0.9489859,0,0,0,1.349059,-0.2224616,-2.571219,0.08938712,0.0930203,0.8978401,0.9847919,-0.08873711,-0.1493672,0.09168678,0.9957035,0.01296505,0.1475749,-0.02646287,0.9886968,moving,6.193614696958518,10.210692876710826,5.6855152241453935,5.914998781867257,0.229055,0.06092919999999999,0.8755459999999999,0.1061993076833657,0.17626593925423428,0.9785969837036014,6.064629871703714,10.38687989320716,4.295781681963998,4.325639008371698,4.48792252494981
05/17/2023 16:15:58.497744,3086,True,True,True,True,Eyes,1.111419,-0.2783724,-3.439052,0.265065,0.1373417,0.9543992,0.0,0.0,0.0,0.0,0.0,0.0,0.0,-1.645257,0.231135,3.233264,1.120117,-0.2835205,-3.446628,0.01105091,0.07479771,-0.04556344,0.9960959,1.652159,8.514861,354.885,0.3060381,-0.07621611,-0.9489629,0,0,0,1.349046,-0.2254168,-2.57122,0.0889122,0.09231264,0.8976059,0.9846585,-0.08911795,-0.1500184,0.09242429,0.9956037,0.01519945,0.1480044,-0.02883162,0.9885663,moving,6.156852535951174,10.179378117349593,5.656970074484578,5.871836317524147,0.22892899999999994,0.05810370000000001,0.8754080000000002,0.1055814314054627,0.17574269327974545,0.978757935776607,6.028081279701316,10.35532369738669,4.306972956588553,4.336450026522311,4.498820135549331
05/17/2023 16:15:58.517975,3087,True,True,True,True,Eyes,1.111599,-0.2785786,-3.438895,0.2649987,0.1345167,0.9548199,0.0,0.0,0.0,0.0,0.0,0.0,0.0,-1.64772,0.2368647,3.231443,1.120164,-0.2836428,-3.44646,0.01201781,0.0751161,-0.04582816,0.9960486,1.766452,8.546249,354.8634,0.3060951,-0.07627396,-0.9489399,0,0,0,1.349034,-0.2284361,-2.571222,0.0884517,0.09119438,0.8974028,0.9845147,-0.08948869,-0.1507401,0.09309962,0.9955107,0.01705579,0.1485371,-0.03082552,0.9884263,moving,6.1176173469621755,10.127541613369031,5.629125207911356,5.802497911639297,0.22887000000000013,0.05520669999999997,0.875238,0.10492774701484549,0.17486929359490305,0.9789846745892391,5.989205347120535,10.3030066370322,4.3234892633174775,4.352542658238571,4.514890529568857
05/17/2023 16:15:58.527758,3088,True,True,True,True,Eyes,1.111806,-0.2787836,-3.438742,0.2648493,0.1316428,0.9552618,0.0,0.0,0.0,0.0,0.0,0.0,0.0,-1.650645,0.244027,3.229321,1.120291,-0.2839385,-3.446305,0.01313954,0.07549027,-0.0460012,0.9959983,1.897937,8.583427,354.8537,0.306152,-0.07633189,-0.9489169,0,0,0,1.349021,-0.2315058,-2.571223,0.08780447,0.09043247,0.8971877,0.9843702,-0.08965041,-0.1515852,0.09361804,0.9954225,0.01922863,0.1491675,-0.0331192,0.9882572,moving,6.068700701713802,10.087676427478936,5.5895280119171975,5.755716281351322,0.2287300000000001,0.05243269999999997,0.8750820000000004,0.10410437529947168,0.17420324977757712,0.9791912948203777,5.940560024646058,10.262842011580046,4.329845118318924,4.358381026744322,4.520774913889242
05/17/2023 16:15:58.557577,3089,True,True,True,True,Eyes,1.11204,-0.2789877,-3.43859,0.2645729,0.128758,0.9557314,0.0,0.0,0.0,0.0,0.0,0.0,0.0,-1.653446,0.251587,3.227174,1.120375,-0.2840976,-3.446139,0.01434949,0.07584886,-0.04619525,0.9959453,2.039606,8.618339,354.8424,0.3062094,-0.07638982,-0.9488936,0,0,0,1.349008,-0.234516,-2.571225,0.08722776,0.0897613,0.8969619,0.9842259,-0.0898391,-0.1524084,0.09419267,0.9953202,0.0215749,0.1497569,-0.03559033,0.9880821,moving,6.013511472267816,10.057007677730244,5.554434736482197,5.714710999951751,0.2286330000000001,0.0495816,0.874914,0.10317051551195458,0.17369607319485547,0.9793801457095478,5.885574875434733,10.232008598663842,4.338620940496502,4.36649652320779,4.529418438050909
05/17/2023 16:15:58.567839,3090,True,True,True,True,Eyes,1.112268,-0.279186,-3.438441,0.2643355,0.1259228,0.9561747,0.0,0.0,0.0,0.0,0.0,0.0,0.0,-1.656342,0.2569855,3.225071,1.120565,-0.2841887,-3.445891,0.01525899,0.07621986,-0.04641264,0.9958934,2.147248,8.656075,354.826,0.3062681,-0.07644771,-0.94887,0,0,0,1.348995,-0.2375104,-2.571227,0.08656083,0.08849888,0.8967009,0.9840727,-0.09011801,-0.1532301,0.09477016,0.9952261,0.02331752,0.1503973,-0.03746778,0.9879154,moving,5.959308072733197,9.99594048065049,5.513823489305153,5.63648867710399,0.2284299999999999,0.046678300000000006,0.8746640000000001,0.1022627054646068,0.17266839248008925,0.9796569962745026,5.831792591665679,10.170405137911727,4.354841376974512,4.3821543265290055,4.545052565552935
05/17/2023 16:15:58.584306,3091,True,True,True,True,Eyes,1.112493,-0.2793875,-3.438288,0.2641413,0.123114,0.9565941,0.0,0.0,0.0,0.0,0.0,0.0,0.0,-1.65917,0.2604714,3.223288,1.12062,-0.2842336,-3.445824,0.01598678,0.07658838,-0.04686714,0.9958324,2.236207,8.693865,354.7809,0.3063276,-0.0765054,-0.9488462,0,0,0,1.348981,-0.2409087,-2.571229,0.08602029,0.08655635,0.8966887,0.9838753,-0.09089481,-0.1540369,0.09579243,0.9950958,0.02466135,0.1510399,-0.03901926,0.9877573,moving,5.904071189331762,9.921041304325477,5.479676044615015,5.51361442988821,0.22836100000000004,0.04332489999999997,0.8745949999999998,0.10134092539105535,0.17140386106266173,0.9799748408863344,5.77707518743999,10.094806157211591,4.401013431080304,4.4278124274150334,4.590834770785071
05/17/2023 16:15:58.599674,3092,True,True,True,True,Eyes,1.112729,-0.279588,-3.438134,0.2639315,0.1202752,0.9570131,0.0,0.0,0.0,0.0,0.0,0.0,0.0,-1.662661,0.265096,3.220909,1.120777,-0.2844995,-3.445562,0.01694483,0.07702164,-0.04752513,0.995752,2.353606,8.737422,354.7148,0.306388,-0.07656302,-0.9488221,0,0,0,1.34897,-0.2435215,-2.57123,0.08516254,0.08606669,0.8964081,0.9836181,-0.09203624,-0.1549995,0.09725671,0.9949085,0.02642477,0.1517783,-0.04106662,0.987561,moving,5.836652617409209,9.874102684154831,5.427051342226832,5.4843195628897625,0.2281930000000001,0.040978000000000014,0.8743319999999999,0.10020156871065705,0.17062077176044488,0.9802286630530113,5.709973477809692,10.047551722693836,4.382861359276076,4.40885121730987,4.571994387471721
05/17/2023 16:15:58.617903,3093,True,True,True,True,Eyes,1.11296,-0.2797953,-3.437981,0.2637585,0.1174469,0.9574119,0.0,0.0,0.0,0.0,0.0,0.0,0.0,-1.666579,0.2698026,3.218289,1.120868,-0.2846091,-3.445333,0.01782566,0.07755461,-0.04790258,0.9956771,2.460312,8.793388,354.6804,0.3064492,-0.07662052,-0.9487976,0,0,0,1.348958,-0.2464636,-2.571231,0.08427811,0.08486802,0.8962302,0.9833813,-0.09262609,-0.1561465,0.09815594,0.9947751,0.02806708,0.1527309,-0.04292734,0.987335,moving,5.765384761168944,9.812922101492202,5.372081547575613,5.40946148810319,0.22809000000000013,0.0381455,0.8741020000000002,0.0990000140675595,0.16959446814405077,0.9805287249708847,5.639123024893509,9.985897359778228,4.395715256242983,4.420990023907674,4.5842203740834915
05/17/2023 16:15:58.637513,3094,True,True,True,True,Eyes,1.113196,-0.28001,-3.437828,0.2635702,0.1145175,0.9578186,0.0,0.0,0.0,0.0,0.0,0.0,0.0,-1.669728,0.2769637,3.215954,1.120944,-0.2849528,-3.445192,0.01904064,0.07794931,-0.04829895,0.9956046,2.604626,8.831709,354.6465,0.3065113,-0.07667812,-0.9487729,0,0,0,1.348945,-0.2495138,-2.571233,0.08360568,0.08440688,0.8960633,0.9831823,-0.09320489,-0.1570527,0.09914171,0.9946093,0.03038417,0.1533741,-0.04544364,0.9871227,moving,5.708594256294493,9.785038445867206,5.330454038193833,5.38123775216569,0.22800100000000012,0.035439,0.8739590000000002,0.09803596915345791,0.1691334921927815,0.9807052509347883,5.582516315233764,9.957888740918504,4.395346662896253,4.420005721081272,4.583586986668701
05/17/2023 16:15:58.654400,3095,True,True,True,True,Eyes,1.113431,-0.2802311,-3.437673,0.2634297,0.111563,0.9582059,0.0,0.0,0.0,0.0,0.0,0.0,0.0,-1.673356,0.288781,3.212881,1.121023,-0.2852691,-3.445004,0.02083977,0.07841491,-0.04840163,0.9955271,2.813433,8.876023,354.6515,0.3065741,-0.076736,-0.9487479,0,0,0,1.348932,-0.2524985,-2.571234,0.08280432,0.08491983,0.8957795,0.9830168,-0.09310196,-0.1581457,0.09963856,0.994446,0.03390229,0.154111,-0.04908393,0.9868336,moving,5.650535046129134,9.8157848165128,5.28131501639462,5.415451400921568,0.22790899999999992,0.03277059999999998,0.8737699999999999,0.09703296023579754,0.16967650354306915,0.9807112446480751,5.524222467613729,9.989224493318252,4.391682429874076,4.415796371972552,4.580218808156406
05/17/2023 16:15:58.670090,3096,True,True,True,True,Eyes,1.113689,-0.2804553,-3.43752,0.2632356,0.1085413,0.9586061,0.0,0.0,0.0,0.0,0.0,0.0,0.0,-1.677861,0.300041,3.209372,1.121238,-0.2856057,-3.444788,0.02259293,0.07899327,-0.04857549,0.9954346,3.018239,8.93337,354.6484,0.3066376,-0.07679431,-0.9487227,0,0,0,1.348917,-0.2561097,-2.571236,0.08171897,0.08474575,0.8955116,0.982801,-0.09313806,-0.1594602,0.1002768,0.99426,0.03730531,0.1550704,-0.05265385,0.9864992,moving,5.5753556701506986,9.837863097634392,5.214025260394201,5.406023083122321,0.22767899999999996,0.029496000000000022,0.8735520000000001,0.09573936154406236,0.17007578260895542,0.9807691128350989,5.44886573142348,10.011851310752592,4.422958577296592,4.446545353332759,4.611811326287
05/17/2023 16:15:58.697703,3097,True,True,True,True,Eyes,1.113943,-0.2806808,-3.437366,0.263084,0.1055076,0.9589864,0.0,0.0,0.0,0.0,0.0,0.0,0.0,-1.682953,0.3111666,3.205471,1.121383,-0.2857919,-3.444565,0.02429603,0.07968902,-0.04860798,0.9953374,3.216702,9.004937,354.6617,0.3067023,-0.07685308,-0.948697,0,0,0,1.348907,-0.2585178,-2.571237,0.08042222,0.08548308,0.8952296,0.9825739,-0.09289045,-0.1609969,0.1006349,0.994094,0.04061846,0.156273,-0.05611255,0.9861187,moving,5.491793971797568,9.850320523661006,5.133340159025802,5.454483168371571,0.22752400000000006,0.027274099999999968,0.8733279999999999,0.09430497366760232,0.17031245318793953,0.9808670655748307,5.365193059345052,10.024772199078516,4.387650113693597,4.410428005312935,4.5761662548017945
05/17/2023 16:15:58.707951,3098,True,True,True,True,Eyes,1.114212,-0.2809036,-3.43721,0.2629072,0.1024299,0.9593685,0.0,0.0,0.0,0.0,0.0,0.0,0.0,-1.686908,0.3213999,3.202272,1.12153,-0.2860192,-3.444397,0.02592182,0.08019693,-0.04881051,0.9952456,3.406871,9.054793,354.6544,0.3067679,-0.07691231,-0.948671,0,0,0,1.348892,-0.2618971,-2.571239,0.0795186,0.08522651,0.8950381,0.982372,-0.0929992,-0.1621618,0.1013146,0.9938912,0.04376826,0.1571008,-0.05942608,0.985793,moving,5.425834749754578,9.856145463851826,5.077045591288036,5.439366873128562,0.22736200000000006,0.02412209999999998,0.8731580000000001,0.09317380524833549,0.17043040572995244,0.9809546971376246,5.299174824038841,10.030914459783308,4.4082613323550195,4.430528974799192,4.5969175146566945
05/17/2023 16:15:58.727663,3099,True,True,True,True,Eyes,1.114487,-0.2811305,-3.437051,0.2627785,0.09932801,0.9597299,0.0,0.0,0.0,0.0,0.0,0.0,0.0,-1.690172,0.3309867,3.19929,1.121625,-0.2860781,-3.444097,0.02750331,0.08060694,-0.0490875,0.9951566,3.59215,9.093348,354.6379,0.3068348,-0.07697186,-0.9486445,0,0,0,1.348881,-0.2645595,-2.57124,0.07880899,0.08546572,0.8946909,0.9821859,-0.09326559,-0.1631332,0.1021334,0.993668,0.04682662,0.1577329,-0.06265379,0.9854922,moving,5.37307328209065,9.858107495286296,5.03391529090448,5.456645853489499,0.2272559999999999,0.0215186,0.8728570000000002,0.09226966847500165,0.1704784189186691,0.9810318504255222,5.2463853864707986,10.033097672659894,4.392785177204167,4.414509341613629,4.581381319503756
05/17/2023 16:15:58.737661,3100,True,True,True,True,Eyes,1.114756,-0.2813668,-3.436889,0.2626802,0.09622214,0.9600731,0.0,0.0,0.0,0.0,0.0,0.0,0.0,-1.693204,0.3400295,3.196515,1.121755,-0.2863368,-3.443827,0.02898378,0.08097395,-0.04939122,0.9950696,3.765931,9.127321,354.6175,0.3069031,-0.07703182,-0.9486176,0,0,0,1.348865,-0.2684659,-2.571243,0.07823636,0.08449615,0.8944505,0.9820074,-0.09360155,-0.1640125,0.1029893,0.9934409,0.04968296,0.1582864,-0.06568058,0.9852063,moving,5.327024337324259,9.849505284777175,4.998860890952445,5.396551485457719,0.22710999999999992,0.017870900000000023,0.8725840000000002,0.09148333755632826,0.17034352763617733,0.9811288532011723,5.200385584854621,10.024563666421477,4.443563399477007,4.4650295392537105,4.63239775379892
05/17/2023 16:15:58.752769,3101,True,True,True,True,Eyes,1.115021,-0.281604,-3.436724,0.262601,0.09306879,0.9604056,0.0,0.0,0.0,0.0,0.0,0.0,0.0,-1.696346,0.3502733,3.193564,1.121873,-0.286763,-3.443588,0.0305607,0.08136401,-0.04955054,0.9949828,3.949545,9.164017,354.6147,0.3069724,-0.07709242,-0.9485902,0,0,0,1.348852,-0.2715292,-2.571244,0.07754822,0.08465781,0.8941785,0.9818493,-0.09363081,-0.1649402,0.103577,0.9932216,0.05275147,0.158883,-0.068878,0.9848919,moving,5.281885197231585,9.846266463609831,4.956612294759373,5.408450111765841,0.22697900000000004,0.015233799999999964,0.872344,0.09071104262940943,0.17030015197228324,0.981208115726591,5.15525758209078,10.021454557948587,4.428672823271417,4.449720938865335,4.617279498869519
05/17/2023 16:15:58.772390,3102,True,True,True,True,Eyes,1.115291,-0.2818381,-3.436551,0.2625088,0.08990949,0.9607317,0.0,0.0,0.0,0.0,0.0,0.0,0.0,-1.698896,0.3637303,3.190501,1.122018,-0.2869801,-3.443336,0.03268588,0.08163009,-0.04979786,0.994881,4.195918,9.183497,354.6061,0.3070425,-0.07715362,-0.9485625,0,0,0,1.348842,-0.2738792,-2.571245,0.07695965,0.08632148,0.8937494,0.9817134,-0.0937496,-0.1656798,0.1044222,0.9929036,0.05690713,0.1591691,-0.07316714,0.9845363,moving,5.24750679395556,9.907355579290828,4.921528404473009,5.51671760493883,0.22682400000000014,0.013100900000000026,0.8720910000000002,0.09010554750266468,0.17135568117517186,0.9810801224633123,5.120434438151629,10.083411678411997,4.3820657926294935,4.402722309234533,4.571023777112597
05/17/2023 16:15:58.777533,3103,True,True,True,True,Eyes,1.115555,-0.2820767,-3.436378,0.2624183,0.08674993,0.9610469,0.0,0.0,0.0,0.0,0.0,0.0,0.0,-1.701308,0.3741577,3.187215,1.122099,-0.2875555,-3.442527,0.03426966,0.08192442,-0.04995649,0.9947956,4.379825,9.209189,354.6032,0.3071136,-0.0772153,-0.9485345,0,0,0,1.348831,-0.2764459,-2.571247,0.07651606,0.08711118,0.8928702,0.9815854,-0.09377795,-0.1664201,0.105008,0.9926598,0.05999731,0.1595721,-0.07636794,0.984228,moving,5.2128923630029815,9.905285530223182,4.898094145976821,5.572318081910274,0.22673199999999993,0.011109599999999997,0.87128,0.08951324364523816,0.17132942936314471,0.9811389628262209,5.085825598282397,10.081446103867355,4.3242886586447105,4.3443877388628795,4.513034302615408
05/17/2023 16:15:58.797866,3104,True,True,True,True,Eyes,1.115811,-0.2823214,-3.436193,0.262363,0.08353561,0.9613467,0.0,0.0,0.0,0.0,0.0,0.0,0.0,-1.702226,0.3836587,3.185449,1.122224,-0.2878716,-3.442325,0.0358103,0.08195288,-0.0502969,0.9947219,4.559052,9.203671,354.5779,0.3071854,-0.07727754,-0.9485062,0,0,0,1.348817,-0.2796953,-2.571248,0.07647426,0.08699422,0.8926196,0.9815079,-0.09419334,-0.1666429,0.1059324,0.9923757,0.06299863,0.1594384,-0.07948653,0.9840027,moving,5.208618407330872,9.90087187642158,4.89679906482843,5.566435903834361,0.22659299999999982,0.008176300000000025,0.8710769999999997,0.0894412293564987,0.17125495802179616,0.9811585118379763,5.081581984485223,10.076995025019322,4.325592909010331,4.345637640532947,4.5143425117177065
05/17/2023 16:15:58.817847,3105,True,True,True,True,Eyes,1.116061,-0.2825596,-3.435999,0.2623263,0.08032891,0.96163,0.0,0.0,0.0,0.0,0.0,0.0,0.0,-1.704899,0.3946291,3.182348,1.122427,-0.2886027,-3.441892,0.03756664,0.0822257,-0.0507176,0.9946133,4.765001,9.224832,354.5464,0.3072578,-0.07734047,-0.9484776,0,0,0,1.348805,-0.2825341,-2.57125,0.07585284,0.08805798,0.8920724,0.9813333,-0.09471089,-0.1673761,0.1070667,0.9920329,0.06638797,0.1597549,-0.08306912,0.9836554,moving,5.1754548978301935,9.921438250181444,4.860164601085259,5.637500335400108,0.22637799999999997,0.0060685999999999796,0.8706420000000001,0.08886764334067157,0.1716159859796782,0.981147579967854,5.048263027890416,10.097934411858063,4.275851236935839,4.295524651183202,4.464398410602922
05/17/2023 16:15:58.827758,3106,True,True,True,True,Eyes,1.116312,-0.2828001,-3.435797,0.2622871,0.07713573,0.961902,0.0,0.0,0.0,0.0,0.0,0.0,0.0,-1.707243,0.4031186,3.179624,1.122509,-0.2886565,-3.441488,0.03902004,0.08249322,-0.05107215,0.994517,4.935739,9.247066,354.5199,0.3073306,-0.07740387,-0.9484488,0,0,0,1.348793,-0.2855313,-2.571251,0.07546714,0.08775115,0.8917012,0.981173,-0.09514645,-0.1680675,0.108022,0.9917381,0.06918596,0.1600961,-0.08603837,0.9833446,moving,5.144744558368224,9.907270319520867,4.83757230839556,5.620306559599184,0.22628399999999993,0.0031251999999999946,0.8702369999999999,0.08834539358750901,0.1713813433712029,0.9812356637674725,5.017645585045547,10.083709926190945,4.278565411589607,4.2979545216341135,4.4670343627362135
05/17/2023 16:15:58.852880,3107,True,True,True,True,Eyes,1.11656,-0.2830467,-3.435591,0.2622665,0.07393739,0.9621588,0.0,0.0,0.0,0.0,0.0,0.0,0.0,-1.709651,0.4110717,3.176865,1.122639,-0.2885319,-3.441045,0.04040153,0.08277458,-0.05137798,0.9944227,5.097911,9.271426,354.4984,0.3074038,-0.07746778,-0.9484199,0,0,0,1.34878,-0.2886136,-2.571253,0.07505508,0.08703103,0.8913307,0.9810174,-0.09549441,-0.1687773,0.1088713,0.9914561,0.0718468,0.1604744,-0.08885797,0.9830322,moving,5.114690444059451,9.883793556467111,4.81327340743731,5.576778384113895,0.22614100000000015,-8.170000000001787e-05,0.8697919999999999,0.0878367941140924,0.17098700075446668,0.9813501690285954,4.987750923420838,10.060061487995865,4.298361243391906,4.317549296168704,4.486676920966934
05/17/2023 16:15:58.867794,3108,True,True,True,True,Eyes,1.116791,-0.2832835,-3.435374,0.2622327,0.07076658,0.9624065,0.0,0.0,0.0,0.0,0.0,0.0,0.0,-1.712232,0.4215404,3.173878,1.122803,-0.2888924,-3.440755,0.04203846,0.08306612,-0.05155998,0.994321,5.288184,9.296373,354.4935,0.3074774,-0.07753231,-0.9483907,0,0,0,1.348768,-0.2914978,-2.571254,0.07449254,0.08740677,0.8910153,0.9808832,-0.0955504,-0.1695238,0.1095183,0.9911487,0.07503369,0.1608538,-0.09216523,0.9826655,moving,5.083839307243265,9.888310829441787,4.779048636080111,5.602672231237917,0.22596499999999997,-0.00260539999999998,0.8695009999999996,0.08730706332300708,0.17107238186097803,0.9813826398988115,4.956859399875759,10.064748879292862,4.27752847844221,4.296463143987496,4.465618062579787
05/17/2023 16:15:58.877904,3109,True,True,True,True,Eyes,1.11702,-0.283525,-3.435152,0.2622246,0.06762259,0.9626347,0.0,0.0,0.0,0.0,0.0,0.0,0.0,-1.715069,0.4295613,3.170866,1.122925,-0.2888886,-3.440342,0.04337864,0.08342315,-0.05177081,0.9942226,5.445209,9.330115,354.4831,0.307551,-0.07759718,-0.9483615,0,0,0,1.348755,-0.2944694,-2.571256,0.07394052,0.08680927,0.8906955,0.9807207,-0.09570586,-0.1703738,0.110181,0.9908762,0.07761827,0.1613909,-0.09489382,0.9823177,moving,5.047374243315299,9.861118401085033,4.745491625462085,5.5665997794559,0.22582999999999998,-0.005580799999999997,0.8690859999999998,0.08668942151711734,0.17061583433792807,0.9815168375722133,4.920578586912774,10.037363795179337,4.2864373736054295,4.3051159457651424,4.474191136770711
05/17/2023 16:15:58.897844,3110,True,True,True,True,Eyes,1.117212,-0.2837581,-3.43492,0.2621807,0.06451632,0.9628597,0.0,0.0,0.0,0.0,0.0,0.0,0.0,-1.718009,0.4374796,3.167882,1.123068,-0.2892188,-3.439985,0.04460705,0.08380259,-0.05187004,0.9941313,5.588562,9.367577,354.4847,0.3076246,-0.07766248,-0.9483323,0,0,0,1.348742,-0.2975488,-2.571257,0.07331838,0.08620471,0.8904372,0.9805732,-0.09565488,-0.1712491,0.1106076,0.9906394,0.07999684,0.161994,-0.09738421,0.9819747,moving,5.0081253116139095,9.820941889056995,4.7071017637377635,5.529667313070321,0.22567400000000015,-0.008330000000000004,0.868728,0.08602726421086279,0.16993730997025544,0.9816926695129131,4.881605759417571,9.996847898736943,4.283440356669699,4.301819692047256,4.470587660416134
05/17/2023 16:15:58.917680,3111,True,True,True,True,Eyes,1.117402,-0.2839907,-3.434679,0.2621486,0.06144884,0.9630691,0.0,0.0,0.0,0.0,0.0,0.0,0.0,-1.719808,0.4450905,3.165492,1.123125,-0.2892877,-3.439635,0.04581926,0.08402015,-0.05197662,0.9940521,5.729247,9.386438,354.4845,0.3076974,-0.077728,-0.9483033,0,0,0,1.348729,-0.3005862,-2.571259,0.0730906,0.08537873,0.8902077,0.9804781,-0.09563545,-0.1718038,0.1110344,0.990398,0.08235932,0.1622777,-0.09982765,0.9816824,moving,4.988177580054542,9.782531809189972,4.693747859568128,5.4784113222608894,0.22560400000000014,-0.011298500000000045,0.868376,0.08569525796762216,0.1692840292113208,0.9818345991102367,4.861926649062501,9.95804758784677,4.295963724822671,4.3141791833798875,4.482792118444485
05/17/2023 16:15:58.937723,3112,True,True,True,True,Eyes,1.1176,-0.2842253,-3.434433,0.2619827,0.05843026,0.9633021,0.0,0.0,0.0,0.0,0.0,0.0,0.0,-1.721463,0.4516223,3.163266,1.123265,-0.289491,-3.439204,0.04686353,0.08420677,-0.0521174,0.9939804,5.850903,9.402324,354.4787,0.3077694,-0.07779371,-0.9482746,0,0,0,1.348716,-0.3035895,-2.57126,0.07284601,0.08441991,0.8898988,0.980386,-0.09571488,-0.1722845,0.1114998,0.9901752,0.08438558,0.1625149,-0.1019401,0.9814261,moving,4.963695709013432,9.728036743119208,4.679727202862238,5.419124980363294,0.22545100000000007,-0.014098500000000014,0.867944,0.08528947716842541,0.16835599750727506,0.9820294951960633,4.837826901599268,9.902984581535197,4.3003003339751364,4.318258756918351,4.486646012085442
05/17/2023 16:15:58.947953,3113,True,True,True,True,Eyes,1.117796,-0.2844612,-3.434183,0.2618217,0.05543392,0.9635229,0.0,0.0,0.0,0.0,0.0,0.0,0.0,-1.72277,0.4583779,3.16116,1.123331,-0.2897229,-3.438774,0.04791731,0.08435299,-0.05221983,0.9939123,5.97307,9.413735,354.4772,0.3078409,-0.07785966,-0.948246,0,0,0,1.348704,-0.306584,-2.571262,0.07274592,0.08351377,0.8896003,0.9803153,-0.09571993,-0.1726834,0.1118878,0.9899541,0.08644141,0.1626745,-0.104061,0.981177,moving,4.944713721258381,9.675500833715708,4.6748869412529235,5.363086814156914,0.22537299999999982,-0.016861100000000018,0.8675120000000001,0.08497727996238391,0.16745995760506896,0.982209715585714,4.819214523603625,9.849883862773074,4.303140160508605,4.3208472742386235,4.489117753690349
05/17/2023 16:15:58.967664,3114,True,True,True,True,Eyes,1.117997,-0.2846985,-3.433928,0.2615996,0.05243424,0.9637511,0.0,0.0,0.0,0.0,0.0,0.0,0.0,-1.723513,0.4663525,3.159259,1.123454,-0.289965,-3.438411,0.04914358,0.08439346,-0.05231234,0.9938442,6.114272,9.41223,354.4777,0.3079121,-0.07792586,-0.9482175,0,0,0,1.348691,-0.3096708,-2.571264,0.07276098,0.08283402,0.8893307,0.9802823,-0.09568583,-0.1728895,0.1122754,0.9896966,0.08885247,0.1626062,-0.1065117,0.9809253,moving,4.933999135935478,9.642508583017968,4.677261647211241,5.3212894873449,0.22523700000000013,-0.01970580000000005,0.8671469999999997,0.08480181206144857,0.16689685304846696,0.9823207093965601,4.808732370608657,9.816532402159481,4.311293448478323,4.328839175913791,4.4971650419237825
05/17/2023 16:15:58.977705,3115,True,True,True,True,Eyes,1.118194,-0.2849461,-3.433669,0.2613835,0.04941913,0.9639691,0.0,0.0,0.0,0.0,0.0,0.0,0.0,-1.724484,0.4750151,3.157008,1.12353,-0.2901942,-3.437972,0.05048371,0.08447347,-0.05241218,0.9937649,6.268785,9.414737,354.4786,0.3079831,-0.07799235,-0.948189,0,0,0,1.348678,-0.3126126,-2.571265,0.07274134,0.08248217,0.8889773,0.9802344,-0.09564169,-0.1731854,0.1126998,0.9894087,0.09148301,0.1626016,-0.1091928,0.9806312,moving,4.918727124485022,9.62150352351498,4.677855366864817,5.300909908793222,0.22514800000000013,-0.022418400000000005,0.8667069999999999,0.08454514824921258,0.16654037187978107,0.9824033961050215,4.793606102204113,9.795330267385905,4.309996762242477,4.327302668775721,4.495910652188717
05/17/2023 16:15:58.997647,3116,True,True,True,True,Eyes,1.118392,-0.2851939,-3.433409,0.261081,0.04635651,0.9642032,0.0,0.0,0.0,0.0,0.0,0.0,0.0,-1.725348,0.4864184,3.154525,1.12362,-0.2906502,-3.437653,0.05218565,0.08451615,-0.05247095,0.9936702,6.464059,9.411588,354.4872,0.3080538,-0.07805938,-0.9481605,0,0,0,1.348666,-0.3156069,-2.571267,0.07270887,0.08293822,0.8886662,0.9802076,-0.09545656,-0.1734388,0.1130987,0.9890469,0.09484137,0.1624859,-0.1125799,0.9802673,moving,4.902235223795377,9.637752013910129,4.677406156081919,5.331905855001956,0.22504599999999986,-0.0249567,0.8663859999999999,0.08425828907824243,0.16682303384976943,0.982380090173547,4.776993962601023,9.811837125973895,4.294690914448433,4.3117118704608695,4.481038040882886
05/17/2023 16:15:59.017706,3117,True,True,True,True,Eyes,1.118587,-0.2854423,-3.433149,0.2607849,0.04327,0.9644268,0.0,0.0,0.0,0.0,0.0,0.0,0.0,-1.726144,0.4982031,3.15191,1.123659,-0.2908595,-3.437311,0.05401715,0.08454645,-0.05260788,0.9935625,6.674831,9.405965,354.4879,0.3081244,-0.07812691,-0.948132,0,0,0,1.348653,-0.3186192,-2.571268,0.07275948,0.08338755,0.8883559,0.9801686,-0.09540452,-0.1736878,0.1136724,0.9886291,0.0984432,0.1623209,-0.1162344,0.9798681,moving,4.886216099001884,9.669028862271297,4.682275135066745,5.362485946202924,0.22499400000000014,-0.0277597,0.8660429999999999,0.08397583043313214,0.16736328638015133,0.9823124247414117,4.760747555436114,9.843552461153012,4.29461655468484,4.311369133431917,4.481753566648388
05/17/2023 16:15:59.037596,3118,True,True,True,True,Eyes,1.118783,-0.2856842,-3.432887,0.2604156,0.04017528,0.9646605,0.0,0.0,0.0,0.0,0.0,0.0,0.0,-1.726906,0.5100453,3.149357,1.123792,-0.291086,-3.437028,0.05584817,0.08455697,-0.05272797,0.993454,6.885304,9.398206,354.4904,0.3081946,-0.0781949,-0.9481035,0,0,0,1.34864,-0.3216475,-2.57127,0.07274407,0.0838281,0.888093,0.9801397,-0.09532093,-0.1738964,0.1142103,0.9882015,0.1020481,0.1621174,-0.1198822,0.9794622,moving,4.868415112957424,9.699215131644422,4.682667495001326,5.392236750599801,0.22484800000000016,-0.030561499999999964,0.865758,0.08366310877445673,0.16788523511400408,0.9822500955294418,4.742726591966446,9.874170685878797,4.294488184503406,4.310981901187027,4.482336321086776
05/17/2023 16:15:59.054922,3119,True,True,True,True,Eyes,1.118976,-0.2859291,-3.432623,0.2600595,0.03710007,0.9648796,0.0,0.0,0.0,0.0,0.0,0.0,0.0,-1.727441,0.5195767,3.147129,1.123786,-0.2911264,-3.436682,0.05737523,0.08456564,-0.05289475,0.9933575,7.061484,9.39128,354.4847,0.3082647,-0.07826315,-0.9480751,0,0,0,1.348628,-0.3246205,-2.571271,0.07291438,0.08362823,0.8878637,0.9801016,-0.09538284,-0.1740775,0.1147907,0.9878204,0.1050421,0.1619381,-0.1229344,0.9791134,moving,4.852004278231682,9.697136797598386,4.694788482497517,5.380836785275098,0.224842,-0.03349409999999997,0.8654109999999999,0.0833822132574309,0.16785355241186056,0.9822792844631439,4.726326230210559,9.872128607666106,4.302977297556148,4.31916225705985,4.491402549695045
05/17/2023 16:15:59.067800,3120,True,True,True,True,Eyes,1.119165,-0.2861707,-3.432352,0.2598116,0.03403342,0.9650594,0.0,0.0,0.0,0.0,0.0,0.0,0.0,-1.728328,0.5277366,3.145024,1.12391,-0.2914191,-3.436378,0.05866065,0.0846149,-0.05306092,0.9932694,7.210273,9.390116,354.4772,0.3083346,-0.07833171,-0.9480467,0,0,0,1.348615,-0.3277166,-2.571273,0.07288615,0.0831169,0.8876922,0.9800497,-0.09548041,-0.1743159,0.1153347,0.987487,0.1075521,0.1618656,-0.1255111,0.9787985,moving,4.8382603271692215,9.668573001655567,4.693881559707918,5.34915521496527,0.22470499999999993,-0.03629750000000004,0.8651049999999998,0.08315356023994067,0.16736704120660506,0.9823816700432606,4.712782329134232,9.843270535242647,4.305829083090644,4.321830080471714,4.494155065308354
05/17/2023 16:15:59.087864,3121,True,True,True,True,Eyes,1.119353,-0.286415,-3.43208,0.2595775,0.03097513,0.9652254,0.0,0.0,0.0,0.0,0.0,0.0,0.0,-1.729496,0.5368463,3.142407,1.124012,-0.2915627,-3.435938,0.06017741,0.08469252,-0.05335994,0.993156,7.386934,9.39023,354.4567,0.3084043,-0.07840046,-0.9480183,0,0,0,1.348602,-0.3307588,-2.571275,0.07283236,0.08294353,0.8873762,0.9799598,-0.09579632,-0.1746479,0.1161826,0.9870628,0.1104927,0.1618036,-0.1285695,0.9784117,moving,4.819616922245272,9.669251842387592,4.69209577032024,5.339952089543309,0.22459000000000007,-0.03919610000000001,0.8646630000000002,0.0828336709692726,0.16738315699911668,0.9824059607395967,4.694129144002492,9.844027356158236,4.315397491301206,4.331177437391114,4.504075725600187
05/17/2023 16:15:59.097790,3122,True,True,True,True,Eyes,1.119527,-0.2866574,-3.431806,0.2593732,0.02792496,0.9653733,0.0,0.0,0.0,0.0,0.0,0.0,0.0,-1.730953,0.5453905,3.139873,1.124163,-0.2918423,-3.435628,0.0615718,0.08481213,-0.05361615,0.9930466,7.549454,9.396018,354.4403,0.3084737,-0.07846949,-0.9479901,0,0,0,1.34859,-0.3336214,-2.571276,0.07261851,0.08285867,0.8871742,0.9798645,-0.09604258,-0.1750472,0.1169307,0.9866685,0.1131927,0.1618423,-0.1313819,0.9780316,moving,4.798958446515026,9.655635893153928,4.679440593336042,5.3357278913042,0.22442699999999993,-0.04177910000000001,0.8643519999999998,0.08248268946214138,0.16715456103006598,0.9824743392517022,4.673562291765202,9.83032391814957,4.30600643089435,4.3215610213988445,4.494599870840958
05/17/2023 16:15:59.117617,3123,True,True,True,True,Eyes,1.1197,-0.2869002,-3.431531,0.2591856,0.02487467,0.9655072,0.0,0.0,0.0,0.0,0.0,0.0,0.0,-1.732497,0.5537445,3.137255,1.124203,-0.2920396,-3.435321,0.06291576,0.08497493,-0.05378992,0.9929389,7.70569,9.407633,354.4333,0.3085425,-0.07853871,-0.9479619,0,0,0,1.348577,-0.3367587,-2.571277,0.0724781,0.08231795,0.8870651,0.9797719,-0.09612767,-0.1755183,0.1175127,0.9862965,0.1158014,0.1619813,-0.1340846,0.9776418,moving,4.775616005385799,9.634551950652426,4.671004697916331,5.3017552260084235,0.22437399999999985,-0.04471910000000001,0.8640440000000003,0.08208744932140487,0.16679849379920927,0.9825680591373963,4.650364018049255,9.809072145454921,4.318727014853057,4.334059411537441,4.507364179872095
05/17/2023 16:15:59.127788,3124,True,True,True,True,Eyes,1.119882,-0.2871436,-3.431257,0.2590352,0.02185099,0.9656206,0.0,0.0,0.0,0.0,0.0,0.0,0.0,-1.734434,0.5624107,3.134423,1.12435,-0.2922629,-3.435053,0.06438927,0.08515415,-0.05414832,0.9928095,7.878593,9.419129,354.4064,0.3086109,-0.07860813,-0.9479339,0,0,0,1.348564,-0.3396959,-2.571279,0.07215403,0.08227427,0.8869343,0.9796335,-0.09655192,-0.1760568,0.118484,0.985844,0.1186306,0.1621106,-0.1370744,0.9772056,moving,4.749845473867907,9.633434816029087,4.650893899250372,5.299735008876425,0.22421400000000014,-0.047433,0.8637739999999998,0.08164567469907161,0.16678538897683298,0.9826069720769134,4.624594625362992,9.80803792430599,4.3196985830882175,4.334829342965454,4.508379623443186
05/17/2023 16:15:59.154943,3125,True,True,True,True,Eyes,1.120061,-0.2873924,-3.430983,0.2589025,0.01881724,0.9657201,0.0,0.0,0.0,0.0,0.0,0.0,0.0,-1.736511,0.5704974,3.131501,1.124449,-0.2924764,-3.434721,0.06576894,0.08537141,-0.05448067,0.9926824,8.040757,9.435593,354.3819,0.308679,-0.07867772,-0.9479059,0,0,0,1.348552,-0.342672,-2.57128,0.07183619,0.0820052,0.8867841,0.9794872,-0.09693442,-0.1766596,0.1193936,0.9854126,0.1212731,0.1623271,-0.1398775,0.9767723,moving,4.721579052873534,9.620487184882814,4.631276785850267,5.283390619233083,0.22410299999999994,-0.05019559999999995,0.8634410000000003,0.08116390410389922,0.16656991754251554,0.9826834626734947,4.596413046392979,9.795039362183651,4.323136549188941,4.338036551160009,4.5117834456117665
05/17/2023 16:15:59.167836,3126,True,True,True,True,Eyes,1.120229,-0.287636,-3.430702,0.2588454,0.01580247,0.9657895,0.0,0.0,0.0,0.0,0.0,0.0,0.0,-1.7387,0.5805353,3.128233,1.12457,-0.2928243,-3.434463,0.06737822,0.08560184,-0.05469885,0.9925426,8.228203,9.453474,354.3728,0.3087469,-0.07874764,-0.947878,0,0,0,1.348539,-0.3456749,-2.571282,0.07143512,0.0822165,0.8866647,0.9793607,-0.09704646,-0.1772979,0.1201173,0.9849364,0.1243869,0.1625559,-0.1431161,0.976265,moving,4.696862833767683,9.632847467986922,4.606148882128357,5.297636051056491,0.22396899999999986,-0.052850600000000025,0.863181,0.0807369770763346,0.16678771721586383,0.9826817467461207,4.571602136640237,9.807641730276428,4.321415095342029,4.33616040414858,4.5101379917049
05/17/2023 16:15:59.177878,3127,True,True,True,True,Eyes,1.120397,-0.2878821,-3.430422,0.2588038,0.01277769,0.9658454,0.0,0.0,0.0,0.0,0.0,0.0,0.0,-1.741071,0.5892303,3.124863,1.124672,-0.2929418,-3.434034,0.06880566,0.08588554,-0.05487215,0.9924105,8.394749,9.478693,354.3677,0.3088142,-0.07881773,-0.9478502,0,0,0,1.348526,-0.3486462,-2.571284,0.07102667,0.08187591,0.8864556,0.9792255,-0.09709258,-0.1780184,0.1207302,0.9845096,0.1271415,0.1629164,-0.1459924,0.9757789,moving,4.66824320892097,9.622928379763138,4.581000049575943,5.2770516149531606,0.223854,-0.05570440000000004,0.8627500000000001,0.08024836091959464,0.16662418767816845,0.9827495070503189,4.54304566340065,9.797709687140681,4.332174866534737,4.346752376633358,4.520817397447517
05/17/2023 16:15:59.197762,3128,True,True,True,True,Eyes,1.120546,-0.28812,-3.430142,0.2587961,0.009757933,0.9658827,0.0,0.0,0.0,0.0,0.0,0.0,0.0,-1.743406,0.5993748,3.121429,1.124851,-0.2932142,-3.433769,0.07042059,0.08613872,-0.05502574,0.9922668,8.582405,9.499755,354.3663,0.3088811,-0.07888802,-0.9478226,0,0,0,1.348514,-0.3516654,-2.571285,0.07054152,0.08197777,0.8863546,0.9791046,-0.09706856,-0.1786951,0.1213323,0.9840263,0.1302723,0.1631953,-0.1492317,0.9752421,moving,4.644763640468626,9.634618998839173,4.550357481971788,5.284178200485499,0.22366299999999995,-0.058451200000000036,0.8624839999999998,0.0798428079537967,0.16683015614154595,0.9827476043271605,4.519476507376602,9.809629658696904,4.336961998457722,4.351465001897899,4.525556820460846
05/17/2023 16:15:59.217694,3129,True,True,True,True,Eyes,1.120695,-0.2883556,-3.429864,0.2588055,0.006752233,0.9659058,0.0,0.0,0.0,0.0,0.0,0.0,0.0,-1.745108,0.6070385,3.118799,1.124861,-0.2932678,-3.433582,0.07174475,0.0863133,-0.05532974,0.9921398,8.737806,9.511663,354.3444,0.3089472,-0.0789583,-0.9477952,0,0,0,1.348501,-0.3547436,-2.571287,0.07039511,0.08137828,0.8864364,0.9789773,-0.09740461,-0.179209,0.1221747,0.9835827,0.1328103,0.1633305,-0.151913,0.9748054,moving,4.6308484098714615,9.617699038975424,4.54053540017047,5.245270865216122,0.22363999999999984,-0.06147579999999997,0.862295,0.07960804194308174,0.16654306041756578,0.9828152739142367,4.505678248035351,9.79255698828567,4.358905546550179,4.373360787129887,4.547419719589984
05/17/2023 16:15:59.237683,3130,True,True,True,True,Eyes,1.120827,-0.2885959,-3.429583,0.2588188,0.003762644,0.9659185,0.0,0.0,0.0,0.0,0.0,0.0,0.0,-1.747856,0.6131401,3.115841,1.125022,-0.2934246,-3.433312,0.07297099,0.08659466,-0.05595204,0.991991,8.885677,9.533497,354.2859,0.3090125,-0.07902849,-0.947768,0,0,0,1.348488,-0.3576927,-2.571288,0.06990083,0.08089409,0.8864104,0.9787415,-0.09837003,-0.179968,0.1236456,0.9830892,0.1350829,0.1636365,-0.1544634,0.9743532,moving,4.60165446969432,9.59613957099104,4.508917607147579,5.214386836024166,0.22346599999999994,-0.0642681,0.8620239999999999,0.07911217345364954,0.16617981073526922,0.9829167878721932,4.476630316012566,9.770845831326803,4.368409802318709,4.382733981895855,4.556573388528177
05/17/2023 16:15:59.247965,3131,True,True,True,True,Eyes,1.120952,-0.2888345,-3.429301,0.2588515,0.0007775128,0.9659168,0.0,0.0,0.0,0.0,0.0,0.0,0.0,-1.750853,0.6214043,3.11232,1.125149,-0.293795,-3.433059,0.07435175,0.08695225,-0.05623223,0.9918414,9.048431,9.566479,354.2689,0.3090766,-0.07909876,-0.9477413,0,0,0,1.348475,-0.3607205,-2.57129,0.0692886,0.08071199,0.8863881,0.9785545,-0.09861678,-0.1808476,0.124477,0.9826195,0.1377112,0.1641237,-0.1572693,0.9738222,moving,4.568159405495246,9.585371364077902,4.469698735113864,5.202843436473205,0.22332600000000014,-0.06692550000000003,0.8617690000000002,0.07853992826259812,0.16600262001041843,0.9829926642243203,4.443203166886258,9.760072636687568,4.369468052817062,4.383633828212283,4.557306221708406
05/17/2023 16:15:59.267829,3132,True,True,True,True,Eyes,1.121022,-0.2890708,-3.429013,0.2589261,-0.002237576,0.9658945,0.0,0.0,0.0,0.0,0.0,0.0,0.0,-1.753397,0.6300159,3.108795,1.125078,-0.2939647,-3.43274,0.07576406,0.0872862,-0.05640239,0.9916955,9.213632,9.597584,354.2648,0.3091396,-0.07916906,-0.9477149,0,0,0,1.348462,-0.3638586,-2.571291,0.06895423,0.08026479,0.8863873,0.9783998,-0.09864165,-0.1816692,0.1250943,0.9821572,0.1404234,0.1645761,-0.160116,0.9732819,moving,4.54125716232383,9.574769741590485,4.44821982642473,5.174177651739718,0.22338400000000003,-0.06989389999999995,0.8614489999999999,0.07808071347597709,0.16582672664746967,0.9830589077213447,4.416369397539501,9.749443372101368,4.3875579517029974,4.401575477840672,4.5753765814123515
05/17/2023 16:15:59.277838,3133,True,True,True,True,Eyes,1.121096,-0.2893077,-3.42873,0.2590137,-0.005262953,0.9658593,0.0,0.0,0.0,0.0,0.0,0.0,0.0,-1.755259,0.6393219,3.105737,1.125198,-0.2942435,-3.432582,0.07725295,0.08747369,-0.05656756,0.9915546,9.386725,9.611435,354.2606,0.3092002,-0.07923937,-0.9476892,0,0,0,1.34845,-0.3666787,-2.571293,0.06861879,0.08038147,0.8864189,0.9782969,-0.09866443,-0.1822099,0.1256948,0.9816642,0.1433047,0.1647298,-0.1630974,0.9727607,moving,4.532014729383397,9.573230952775084,4.426509714967548,5.181474662639627,0.223252,-0.07243520000000003,0.8612890000000002,0.07792246033516004,0.16580238930371938,0.9830756027564478,4.4071354891928785,9.747920544839205,4.378996986917525,4.393023403080303,4.5664869818802565
05/17/2023 16:15:59.297412,3134,True,True,True,True,Eyes,1.121117,-0.2895441,-3.42844,0.2591396,-0.0083141,0.9658041,0.0,0.0,0.0,0.0,0.0,0.0,0.0,-1.757822,0.6494949,3.102058,1.125356,-0.2944621,-3.432406,0.07887676,0.08776735,-0.05668741,0.991394,9.575465,9.637492,354.2639,0.3092588,-0.07930969,-0.9476643,0,0,0,1.348438,-0.3697047,-2.571294,0.0680714,0.08044581,0.8864733,0.9781668,-0.09855349,-0.1829667,0.1262447,0.98113,0.1464453,0.1650814,-0.1663465,0.9721507,moving,4.512857577707748,9.58421892750411,4.3910685368913995,5.185282995975495,0.223082,-0.07524259999999999,0.8611119999999999,0.07759120822506237,0.16599522117977675,0.9830692788788753,4.387894905740149,9.759113193348416,4.386570822475788,4.400621535664763,4.573831298412207
05/17/2023 16:15:59.317629,3135,True,True,True,True,Eyes,1.121137,-0.289773,-3.428149,0.2592726,-0.01136973,0.9657372,0.0,0.0,0.0,0.0,0.0,0.0,0.0,-1.760587,0.6598683,3.09819,1.125506,-0.2947841,-3.432231,0.08054677,0.08808278,-0.05686758,0.9912213,9.770231,9.665345,354.261,0.3093142,-0.07938006,-0.9476403,0,0,0,1.348425,-0.3727098,-2.571296,0.06747474,0.08073241,0.8865125,0.978015,-0.09854715,-0.18378,0.1269263,0.9805565,0.1496612,0.165458,-0.1696975,0.9715073,moving,4.490852199223389,9.601303595396224,4.3525367431146265,5.203426255943691,0.2229190000000001,-0.07792569999999999,0.860935,0.07720970166548524,0.16629327855875736,0.9830488791559548,4.365761864753472,9.776486981268047,4.386015368466636,4.400051847225061,4.5730798485644755
05/17/2023 16:15:59.338087,3136,True,True,True,True,Eyes,1.121144,-0.2900009,-3.427856,0.2591957,-0.01455586,0.9657151,0.0,0.0,0.0,0.0,0.0,0.0,0.0,-1.762675,0.6691499,3.094646,1.125497,-0.2948038,-3.431905,0.08210185,0.08832608,-0.05707497,0.9910603,9.951713,9.685054,354.2532,0.3093667,-0.07945028,-0.9476173,0,0,0,1.348412,-0.3757865,-2.571297,0.06723723,0.08046256,0.8865096,0.9778819,-0.09862598,-0.1844448,0.1276329,0.9800035,0.1526533,0.165701,-0.1728182,0.9709156,moving,4.465603265570095,9.597681971964295,4.337288583785137,5.186145552601549,0.22291499999999997,-0.08098270000000002,0.860608,0.0767772315938506,0.16623671253157393,0.9830923407505109,4.340532067880885,9.77291600772212,4.399551532835803,4.413402115933405,4.586771601917415
05/17/2023 16:15:59.354682,3137,True,True,True,True,Eyes,1.12115,-0.2902291,-3.427567,0.2591292,-0.01773192,0.9656799,0.0,0.0,0.0,0.0,0.0,0.0,0.0,-1.764582,0.67637,3.091787,1.125668,-0.2950246,-3.431648,0.0833346,0.08851318,-0.05734564,0.990925,10.0966,9.698937,354.2347,0.3094164,-0.07952034,-0.9475952,0,0,0,1.3484,-0.3787169,-2.571299,0.0669082,0.07997824,0.8865328,0.9777538,-0.09889803,-0.1849776,0.1284029,0.9795337,0.155005,0.1658621,-0.1753084,0.9704415,moving,4.448317065242136,9.559725758565401,4.316031642398771,5.154963643581809,0.22273200000000015,-0.0836923,0.8603490000000003,0.07648908244875974,0.16558910177792335,0.9832241362894139,4.323511957328349,9.73456509690066,4.392993641814292,4.406748089316155,4.579607562483011
05/17/2023 16:15:59.367717,3138,True,True,True,True,Eyes,1.121143,-0.2904608,-3.427277,0.2589433,-0.0210553,0.9656631,0.0,0.0,0.0,0.0,0.0,0.0,0.0,-1.766308,0.6849318,3.088728,1.125624,-0.2952335,-3.431476,0.08476674,0.08869482,-0.05760657,0.9907721,10.26423,9.711432,354.2191,0.3094634,-0.07959028,-0.947574,0,0,0,1.348387,-0.3817935,-2.571301,0.0667799,0.07972935,0.8866802,0.9776294,-0.09911325,-0.1855189,0.1291867,0.9789922,0.1577502,0.1659865,-0.1781878,0.9698957,moving,4.424668750147277,9.535160945650809,4.307073184798902,5.138157849641151,0.22276300000000004,-0.08656000000000003,0.8601749999999999,0.07608865277463868,0.1651726296746231,0.98332532780352,4.300032551042205,9.709791469512188,4.385088486443019,4.398575331093935,4.5716390414006725
05/17/2023 16:15:59.377752,3139,True,True,True,True,Eyes,1.121142,-0.2906913,-3.426994,0.258766,-0.02436621,0.9656326,0.0,0.0,0.0,0.0,0.0,0.0,0.0,-1.76835,0.6934149,3.085484,1.125772,-0.2955537,-3.431236,0.08621549,0.08888397,-0.0579509,0.9906101,10.43463,9.723835,354.194,0.3095078,-0.07966018,-0.9475536,0,0,0,1.348373,-0.3849651,-2.571302,0.06645767,0.07951573,0.8867312,0.9774826,-0.09948714,-0.1860912,0.1301398,0.9784172,0.1605101,0.1661062,-0.1811137,0.9693331,moving,4.39988265720958,9.514841716527705,4.286122494611715,5.124171342971915,0.22260100000000005,-0.08941140000000003,0.859934,0.0756676563269546,0.16482916557194432,0.9834152861794281,4.275384789793984,9.689319067688547,4.378848099344795,4.392143861921514,4.565160352801443
05/17/2023 16:15:59.397471,3140,True,True,True,True,Eyes,1.121155,-0.2909107,-3.426708,0.258505,-0.02773506,0.9656116,0.0,0.0,0.0,0.0,0.0,0.0,0.0,-1.769734,0.7021495,3.082297,1.125962,-0.2957567,-3.430782,0.08766729,0.08898608,-0.05817878,0.9904602,10.60377,9.727288,354.1816,0.3095499,-0.07973003,-0.947534,0,0,0,1.348361,-0.3877453,-2.571304,0.06626621,0.07950842,0.8865173,0.9773934,-0.09964518,-0.1864751,0.1308499,0.9778594,0.1633077,0.1660736,-0.1840161,0.9687919,moving,4.381769645795921,9.489391637854931,4.2748476572213185,5.124932448509568,0.222399,-0.09198860000000003,0.8594780000000002,0.07536228355697801,0.16439613757936378,0.983511193021629,4.257448466613664,9.663628746920317,4.352698891265409,4.365768698305251,4.5387296483753286
05/17/2023 16:15:59.417843,3141,True,True,True,True,Eyes,1.121177,-0.2911336,-3.426414,0.2582553,-0.03107825,0.9655766,0.0,0.0,0.0,0.0,0.0,0.0,0.0,-1.771434,0.7081726,3.079475,1.126049,-0.2956517,-3.430343,0.0887241,0.08918608,-0.05834113,0.9903386,10.72762,9.744466,354.1743,0.3095902,-0.07979951,-0.947515,0,0,0,1.348348,-0.390806,-2.571305,0.06609799,0.07821994,0.8865274,0.9772843,-0.09972902,-0.1870013,0.1313808,0.9774486,0.1653273,0.1662963,-0.1861402,0.9683478,moving,4.355360817001352,9.418736109269247,4.263987423870915,5.042254453560759,0.22229900000000002,-0.09515429999999997,0.859038,0.0749241806722467,0.1631885772593924,0.9837457412722865,4.231536492738433,9.592216899234435,4.364593739947839,4.377435411256809,4.550078166358479
05/17/2023 16:15:59.427684,3142,True,True,True,True,Eyes,1.121237,-0.2913536,-3.426129,0.2578234,-0.03445364,0.9655776,0.0,0.0,0.0,0.0,0.0,0.0,0.0,-1.772861,0.7165473,3.07666,1.126194,-0.2959061,-3.430224,0.09009491,0.08929811,-0.05854366,0.9901927,10.88733,9.749667,354.1642,0.3096293,-0.07986877,-0.9474964,0,0,0,1.348336,-0.3937891,-2.571307,0.0658945,0.07797601,0.8867046,0.9771969,-0.0998484,-0.1873936,0.1320296,0.9769111,0.1679669,0.1662957,-0.1888783,0.9678175,moving,4.326786936788329,9.382208104560895,4.250062065353155,5.025611417312644,0.22214200000000006,-0.097883,0.8589169999999999,0.07444131604631102,0.16256728704887488,0.9838853734889204,4.203215527079132,9.5553537215158,4.3447465656082,4.357272243186004,4.529984540882671
05/17/2023 16:15:59.459528,3143,True,True,True,True,Eyes,1.121298,-0.2915707,-3.425838,0.2574112,-0.03775578,0.9655641,0.0,0.0,0.0,0.0,0.0,0.0,0.0,-1.774322,0.7248195,3.073539,1.126168,-0.2959263,-3.429927,0.09152663,0.0894365,-0.05882536,0.9900322,11.05498,9.756803,354.1457,0.3096681,-0.0799377,-0.9474779,0,0,0,1.348323,-0.3967952,-2.571308,0.06586297,0.07760412,0.8867881,0.9770814,-0.1001064,-0.1878582,0.1328496,0.9763249,0.1707063,0.1663218,-0.1917509,0.967248,moving,4.295101388216318,9.358283916596008,4.247637359134555,5.001296131548214,0.22215499999999988,-0.10086890000000004,0.858619,0.07390218173520285,0.16216296582832795,0.98399273171411,4.171692189595439,9.531258548116446,4.34509151424935,4.3572463085201365,4.530598985156049
05/17/2023 16:15:59.467700,3144,True,True,True,True,Eyes,1.121365,-0.2917908,-3.425552,0.256965,-0.04107588,0.9655474,0.0,0.0,0.0,0.0,0.0,0.0,0.0,-1.775342,0.7290956,3.071486,1.126243,-0.2960605,-3.429485,0.09227461,0.08953839,-0.05900038,0.9899432,11.14303,9.763653,354.1332,0.3097068,-0.08000629,-0.9474595,0,0,0,1.348311,-0.3997716,-2.57131,0.0658844,0.076103,0.8867937,0.9770036,-0.1002898,-0.1881643,0.1333383,0.9760087,0.1721276,0.1663873,-0.1932588,0.9669366,moving,4.270048583106693,9.253628082278789,4.2489876289919035,4.905000319842632,0.22206799999999993,-0.1037111,0.8581750000000001,0.07349373083604582,0.16037019702614969,0.9843170689483783,4.147379058224184,9.425429815733187,4.336850269242307,4.348678762569008,4.521571311941325
05/17/2023 16:15:59.507716,3145,True,True,True,True,Eyes,1.121432,-0.2920063,-3.42526,0.2565399,-0.04434478,0.9655158,0.0,0.0,0.0,0.0,0.0,0.0,0.0,-1.776102,0.736088,3.06929,1.126336,-0.296358,-3.42935,0.09345236,0.08954836,-0.05928184,0.9898149,11.28084,9.756807,354.111,0.3097455,-0.08007462,-0.947441,0,0,0,1.348297,-0.4029987,-2.571311,0.06595764,0.07536294,0.8870398,0.9769335,-0.1006191,-0.1883526,0.1340931,0.9755047,0.1743839,0.1661925,-0.1956182,0.9664955,moving,4.253917427752169,9.203499049304789,4.252517850135467,4.856189994752385,0.22196100000000007,-0.10664069999999998,0.8580389999999998,0.07322691198319446,0.1595120729873104,0.9844763368347633,4.131601104244996,9.374754435851514,4.335692612722622,4.347309279843202,4.520182017109734
05/17/2023 16:15:59.527835,3146,True,True,True,True,Eyes,1.121537,-0.2922247,-3.424974,0.2560777,-0.04769097,0.9654791,0.0,0.0,0.0,0.0,0.0,0.0,0.0,-1.777327,0.7417569,3.066711,1.126437,-0.2963977,-3.428863,0.09445405,0.08966371,-0.05949618,0.9896964,11.39846,9.763704,354.0963,0.3097841,-0.08014259,-0.9474226,0,0,0,1.348283,-0.4062835,-2.571313,0.0659527,0.073916,0.8870565,0.9768412,-0.1008281,-0.188719,0.1347045,0.9750773,0.1762924,0.1662404,-0.197631,0.9660777,moving,4.225347201880397,9.126768950119923,4.252120759825261,4.7632969087726345,0.221846,-0.10988580000000003,0.8575500000000003,0.07275157119932048,0.15819905813442692,0.9847235025564545,4.103570479025059,9.297202585234468,4.352213424397298,4.363554179682486,4.536338597258658
05/17/2023 16:15:59.538269,3147,True,True,True,True,Eyes,1.121644,-0.2924451,-3.424691,0.2556408,-0.05099726,0.9654258,0.0,0.0,0.0,0.0,0.0,0.0,0.0,-1.779544,0.7500292,3.063028,1.126438,-0.2965558,-3.428506,0.09582077,0.0899412,-0.05963477,0.9895316,11.55816,9.788893,354.0955,0.3098238,-0.08021031,-0.9474039,0,0,0,1.348272,-0.4090103,-2.571315,0.06562509,0.07377365,0.8870651,0.9767085,-0.1007845,-0.1894278,0.1352575,0.9745242,0.1789081,0.1665708,-0.2003626,0.9654579,moving,4.178177595726007,9.09148096339322,4.231035021191465,4.754119794114615,0.22183399999999986,-0.11245450000000001,0.8571910000000003,0.07194781014274639,0.1576017426153858,0.9848782248572887,4.056640018037801,9.261664019176294,4.326816190193467,4.337683231886891,4.5109165984322805
05/17/2023 16:15:59.547441,3148,True,True,True,True,Eyes,1.121752,-0.2926678,-3.424412,0.2552282,-0.05426354,0.9653569,0.0,0.0,0.0,0.0,0.0,0.0,0.0,-1.78138,0.7569029,3.060108,1.126588,-0.2967906,-3.428293,0.09698446,0.09012681,-0.05985086,0.9893884,11.69483,9.803292,354.0829,0.3098643,-0.08027785,-0.947385,0,0,0,1.348245,-0.4154364,-2.571318,0.06566216,0.06977942,0.8879383,0.97659,-0.1009497,-0.18995,0.1359133,0.9740238,0.1811222,0.1667316,-0.2026989,0.9649424,moving,4.143465658923757,9.037621665020845,4.229268306767302,4.493404873264139,0.221657,-0.11864579999999997,0.8569749999999998,0.07136168934117536,0.15668247972637928,0.9850675205625997,4.022302960768247,9.207282756461192,4.533969384310325,4.545026770532884,4.718419158165035
05/17/2023 16:15:59.558047,3149,True,True,True,True,Eyes,1.121904,-0.2928928,-3.424139,0.2547166,-0.05754747,0.9653019,0.0,0.0,0.0,0.0,0.0,0.0,0.0,-1.783103,0.7637911,3.057252,1.126736,-0.2970458,-3.428098,0.09812009,0.09030395,-0.06000851,0.9892505,11.82767,9.817507,354.0767,0.3099055,-0.08034526,-0.9473658,0,0,0,1.348233,-0.4182091,-2.571319,0.0653604,0.06930657,0.8881084,0.9764884,-0.1010056,-0.1904425,0.1364481,0.9735429,0.1832927,0.1668904,-0.2049687,0.9644353,moving,4.104649511310092,8.977932533431154,4.2090987023004995,4.462228047936483,0.22149700000000005,-0.12116329999999997,0.856779,0.07070585611713455,0.15566347590139717,0.98527639774005,3.983902178450019,9.147016460314733,4.506230066401062,4.516912289807634,4.6901978575650585
05/17/2023 16:15:59.570684,3150,True,True,True,True,Eyes,1.122055,-0.2931173,-3.423869,0.2542337,-0.06080065,0.9652298,0.0,0.0,0.0,0.0,0.0,0.0,0.0,-1.785182,0.7715825,3.053741,1.126865,-0.2971899,-3.42774,0.09944209,0.09053285,-0.06020408,0.9890859,11.98258,9.836564,354.0685,0.3099485,-0.08041259,-0.947346,0,0,0,1.348224,-0.4204246,-2.57132,0.06495239,0.06957757,0.8880209,0.9763585,-0.1010884,-0.1910632,0.1370995,0.9729735,0.1858126,0.1671159,-0.2076144,0.9638302,moving,4.060280836686851,8.941761746107252,4.1833277999472696,4.480044804225342,0.22135900000000008,-0.12323469999999997,0.85642,0.06994969306824327,0.15504973023817453,0.9854271569511772,3.9397796864029724,9.110573927978217,4.453199260978231,4.4634133378664,4.636929549770469
05/17/2023 16:15:59.577873,3151,True,True,True,True,Eyes,1.122201,-0.2933372,-3.423595,0.2537811,-0.06402923,0.9651402,0.0,0.0,0.0,0.0,0.0,0.0,0.0,-1.787232,0.7785813,3.050637,1.127026,-0.2973772,-3.427558,0.1006645,0.0907388,-0.06047821,0.9889265,12.12675,9.852377,354.0499,0.309993,-0.08047982,-0.9473258,0,0,0,1.348215,-0.4225498,-2.571321,0.06452194,0.06985737,0.8880827,0.9762177,-0.1013486,-0.191644,0.1378853,0.9724181,0.1881242,0.167292,-0.210075,0.9632663,moving,4.020370869383386,8.897494681849091,4.155413485445468,4.49767539951117,0.22118899999999986,-0.12517259999999997,0.8562369999999997,0.06927154834472996,0.15429566650214732,0.985593473271929,3.9001748183072937,9.065920445089931,4.392095950104477,4.401891210080671,4.5753698838080155
05/17/2023 16:15:59.597516,3152,True,True,True,True,Eyes,1.12241,-0.2935626,-3.423337,0.2532532,-0.06724176,0.9650604,0.0,0.0,0.0,0.0,0.0,0.0,0.0,-1.789216,0.7861735,3.047102,1.127025,-0.2974632,-3.427174,0.1019622,0.09097684,-0.06066515,0.9887603,12.2789,9.872703,354.0426,0.3100387,-0.08054685,-0.9473051,0,0,0,1.348206,-0.4245397,-2.571322,0.06421648,0.07025922,0.8879705,0.9760859,-0.1014142,-0.1922797,0.138519,0.9718469,0.1905941,0.1675375,-0.2126706,0.9626539,moving,3.972490841868482,8.860412728629294,4.136330106413898,4.524010106422119,0.22118100000000007,-0.12707650000000004,0.8558520000000001,0.06845469301445853,0.15366644228764062,0.9857488487263136,3.8525465406959434,9.02856885863442,4.330243806266529,4.33949663054277,4.5134889680051336
05/17/2023 16:15:59.617635,3153,True,True,True,True,Eyes,1.122612,-0.2937883,-3.423076,0.2527463,-0.07041651,0.9649668,0.0,0.0,0.0,0.0,0.0,0.0,0.0,-1.79068,0.7928638,3.044315,1.127151,-0.2976373,-3.426947,0.1030955,0.09111268,-0.06085622,0.9886185,12.41164,9.881685,354.0321,0.3100871,-0.08061378,-0.9472836,0,0,0,1.348197,-0.4268015,-2.571324,0.06397621,0.07021424,0.8880392,0.9759901,-0.1015405,-0.1926994,0.1391138,0.9713356,0.1927547,0.1676033,-0.2149338,0.9621396,moving,3.938503186863841,8.807628343732212,4.120589482754015,4.520777532550008,0.22104600000000008,-0.1291642,0.855623,0.06787954220309302,0.15276425357915058,0.985928776700028,3.8189262917982294,8.9752728087555,4.281832696884598,4.290716175242138,4.46469806890843
05/17/2023 16:15:59.627599,3154,True,True,True,True,Eyes,1.122814,-0.2940165,-3.422819,0.2524955,-0.07369196,0.9647878,0.0,0.0,0.0,0.0,0.0,0.0,0.0,-1.791837,0.7992449,3.041649,1.127198,-0.2978493,-3.426633,0.1042024,0.09120413,-0.06111332,0.9884781,12.54176,9.884729,354.0132,0.3101376,-0.08068063,-0.9472613,0,0,0,1.348184,-0.4297815,-2.571325,0.06398055,0.06947971,0.8881843,0.9758939,-0.101811,-0.1930429,0.1398257,0.9708141,0.194856,0.1675703,-0.2171512,0.9616473,moving,3.925482653541139,8.749077725879792,4.1201971560154,4.472949571168785,0.22098600000000013,-0.1319322,0.855308,0.06766608645109186,0.1517588486653888,0.9860986431964507,3.8063198391281037,8.916062277762174,4.2718114917003005,4.280559044445709,4.4541856150757795
05/17/2023 16:15:59.654829,3155,True,True,True,True,Eyes,1.123007,-0.2942378,-3.422559,0.2522464,-0.07692855,0.9646003,0.0,0.0,0.0,0.0,0.0,0.0,0.0,-1.792926,0.8064685,3.038935,1.12733,-0.2980896,-3.426423,0.1054219,0.09126616,-0.06134573,0.9883288,12.6844,9.884169,353.9977,0.3101901,-0.08074748,-0.9472384,0,0,0,1.348171,-0.4328582,-2.571327,0.0639278,0.06888252,0.8884206,0.9758144,-0.1020166,-0.1933363,0.1405024,0.9702458,0.1971855,0.1674675,-0.2195806,0.9611134,moving,3.915460267072297,8.705276522421197,4.115720647817531,4.433483007906626,0.22084100000000007,-0.13476860000000002,0.8550960000000001,0.06750145989677644,0.15100664463824726,0.9862253966842742,3.7966071480923076,8.871768453726297,4.267810154246658,4.276485011168048,4.449742815521094
05/17/2023 16:15:59.667762,3156,True,True,True,True,Eyes,1.123165,-0.2944583,-3.422294,0.2521509,-0.08024428,0.9643551,0.0,0.0,0.0,0.0,0.0,0.0,0.0,-1.793315,0.8131333,3.036557,1.127311,-0.2981252,-3.426096,0.1065618,0.09125545,-0.06154273,0.9881952,12.81712,9.875843,353.9846,0.3102441,-0.08081414,-0.9472151,0,0,0,1.348159,-0.4357838,-2.571328,0.06418876,0.06808783,0.8885924,0.9757699,-0.1021838,-0.1934726,0.1410811,0.9697142,0.1993754,0.1672402,-0.2218398,0.9606341,moving,3.9243497736010684,8.648548252052432,4.131667163711034,4.381690813386934,0.22084800000000016,-0.13765860000000002,0.854768,0.06766466565330856,0.15002845090736167,0.9863634911531863,3.8059035447121157,8.814320337990901,4.263204751060457,4.271891021800194,4.444583944291532
05/17/2023 16:15:59.687731,3157,True,True,True,True,Eyes,1.12329,-0.2946697,-3.42202,0.2521565,-0.08360215,0.9640683,0.0,0.0,0.0,0.0,0.0,0.0,0.0,-1.793886,0.8205752,3.034015,1.127443,-0.2983654,-3.425853,0.1077992,0.09123739,-0.06175248,0.9880496,12.96114,9.866077,353.9709,0.3102987,-0.08088065,-0.9471915,0,0,0,1.348146,-0.4387859,-2.57133,0.06427659,0.06759068,0.8887846,0.9757248,-0.1023584,-0.1936078,0.1416996,0.9691319,0.2017536,0.1669804,-0.2242901,0.9601101,moving,3.9399421477000933,8.601358627131237,4.136409352126958,4.348883664281636,0.2207030000000001,-0.1404205,0.8545229999999999,0.06794156455596076,0.1492131971771337,0.9864680798868395,3.8218365637111686,8.76650123130713,4.248220340088858,4.257011002109112,4.428803563910227
05/17/2023 16:15:59.697599,3158,True,True,True,True,Eyes,1.123415,-0.294886,-3.421749,0.2521505,-0.08691497,0.9637769,0.0,0.0,0.0,0.0,0.0,0.0,0.0,-1.794114,0.8274353,3.031652,1.127456,-0.298396,-3.425524,0.1089577,0.09119876,-0.06192318,0.9879153,13.0956,9.854707,353.9606,0.310353,-0.08094682,-0.9471681,0,0,0,1.348132,-0.442059,-2.571331,0.0645891,0.06647945,0.889039,0.9756966,-0.1024761,-0.1936873,0.1422233,0.9685875,0.2039873,0.1666993,-0.2265766,0.959622,moving,3.9577414984597667,8.547066448284204,4.155264873212101,4.276433572462395,0.2206760000000001,-0.14366299999999999,0.854193,0.0682577564638549,0.14827517483052968,0.986587730942088,3.8400277930982765,8.711485350125225,4.26626577862809,4.275198316291726,4.446240961444725
05/17/2023 16:15:59.717574,3159,True,True,True,True,Eyes,1.123533,-0.2951027,-3.421479,0.2521352,-0.090202,0.9634789,0.0,0.0,0.0,0.0,0.0,0.0,0.0,-1.794323,0.8345039,3.029409,1.127567,-0.2987078,-3.425299,0.1100786,0.09114444,-0.06203929,0.9877889,13.22513,9.84236,353.9561,0.3104071,-0.08101281,-0.9471447,0,0,0,1.348117,-0.445643,-2.571333,0.06481743,0.06526726,0.8893986,0.9756876,-0.1024973,-0.1937213,0.1426295,0.9680676,0.2061597,0.1664045,-0.2287779,0.9591508,moving,3.977263571092948,8.488944226272139,4.168222470781809,4.197046728787436,0.22055000000000002,-0.1469352,0.8539659999999998,0.06860432126863977,0.14727078235152352,0.9867142009706202,3.8599695131899328,8.652586624402174,4.2870132746730745,4.296143553267958,4.466190283371134
05/17/2023 16:15:59.737697,3160,True,True,True,True,Eyes,1.123624,-0.2953196,-3.421206,0.2521878,-0.09351271,0.9631494,0.0,0.0,0.0,0.0,0.0,0.0,0.0,-1.794818,0.8424374,3.026651,1.127553,-0.2989082,-3.42505,0.1114027,0.09113179,-0.06225508,0.9876279,13.37926,9.832744,353.9424,0.3104607,-0.08107865,-0.9471215,0,0,0,1.348108,-0.4477615,-2.571334,0.06494676,0.06576734,0.8894317,0.9756386,-0.102665,-0.1938794,0.1432744,0.9674275,0.208702,0.1661378,-0.2313957,0.9585689,moving,3.9946490518418716,8.454614672440298,4.176355032478518,4.228931599842223,0.22055500000000006,-0.14885329999999997,0.8537160000000004,0.06890987010948649,0.14667645123669587,0.9867813985756149,3.8776044074544798,8.617776524003364,4.220491748487214,4.2295879815226725,4.3990012166726284
05/17/2023 16:15:59.754681,3161,True,True,True,True,Eyes,1.123641,-0.2955272,-3.42092,0.2522833,-0.09684166,0.9627954,0.0,0.0,0.0,0.0,0.0,0.0,0.0,-1.7954,0.8501617,3.02395,1.127657,-0.2992153,-3.424816,0.1126364,0.09113275,-0.0623721,0.9874805,13.52213,9.826411,353.9395,0.3105134,-0.08114439,-0.9470986,0,0,0,1.348095,-0.4508061,-2.571336,0.06501794,0.06527101,0.8896708,0.9756091,-0.1026527,-0.1940344,0.1437122,0.9668455,0.2110843,0.1659329,-0.2338208,0.9580157,moving,4.014228921420794,8.407190256064293,4.17979634660721,4.196007415576484,0.22043800000000013,-0.15159079999999997,0.8534799999999998,0.06925557534945775,0.14585613528025476,0.9868788202792319,3.8975276526895652,8.569704862860132,4.205191865478872,4.21443631916557,4.382796478955128
05/17/2023 16:15:59.767654,3162,True,True,True,True,Eyes,1.123661,-0.2957429,-3.420634,0.2523724,-0.1001314,0.9624354,0.0,0.0,0.0,0.0,0.0,0.0,0.0,-1.79595,0.8584498,3.020981,1.12754,-0.2992706,-3.424586,0.1140455,0.09114039,-0.06259915,0.9873037,13.68629,9.818649,353.9253,0.3105634,-0.08120987,-0.9470766,0,0,0,1.348082,-0.4539981,-2.571337,0.06531979,0.0647669,0.8900287,0.9755496,-0.1028204,-0.1942448,0.144397,0.9661499,0.2137844,0.1656882,-0.2366056,0.9573741,moving,4.031040932278416,8.383992719154085,4.1974495438665285,4.162046216547771,0.22054200000000002,-0.15472750000000002,0.8532489999999999,0.06954930897152975,0.145453573419625,0.9869175124203261,3.914509541610762,8.546163655792826,4.215868764323705,4.225224739215698,4.393238072990026
05/17/2023 16:15:59.777797,3163,True,True,True,True,Eyes,1.123679,-0.2959558,-3.420347,0.2524526,-0.1034123,0.9620673,0.0,0.0,0.0,0.0,0.0,0.0,0.0,-1.796793,0.8661345,3.018024,1.127632,-0.299653,-3.424292,0.1152366,0.09120046,-0.06263936,0.9871572,13.82391,9.8205,353.9318,0.3106111,-0.08127532,-0.9470554,0,0,0,1.348067,-0.4575137,-2.571339,0.06534748,0.06377783,0.8903385,0.9755176,-0.1026505,-0.1944951,0.1446891,0.9655937,0.2160877,0.1656217,-0.2389387,0.9568061,moving,4.0433155788013515,8.332474053158718,4.19776661237902,4.09728363639488,0.22043499999999994,-0.15786070000000002,0.8529529999999999,0.06976992765936581,0.14456386681482697,0.9870326004612469,3.9271548248670634,8.493975528818822,4.228483103115947,4.2380057796116155,4.405011956447661
05/17/2023 16:15:59.807840,3164,True,True,True,True,Eyes,1.123664,-0.2961637,-3.420049,0.2525284,-0.1067016,0.9616882,0.0,0.0,0.0,0.0,0.0,0.0,0.0,-1.797608,0.8755908,3.014445,1.127609,-0.2997708,-3.42397,0.116782,0.09124959,-0.06275703,0.9869636,14.00298,9.818626,353.9321,0.3106566,-0.08134069,-0.9470348,0,0,0,1.348057,-0.4599537,-2.571341,0.06539628,0.06423728,0.89041,0.9754701,-0.1025652,-0.1947778,0.1451904,0.964847,0.2190661,0.1654623,-0.2419723,0.956071,moving,4.0543742845975865,8.322331610102475,4.200554065593167,4.126368275835208,0.22044799999999998,-0.16018290000000002,0.8526290000000003,0.06996226202121407,0.1443871991905606,0.9870449011423645,3.938288787292355,8.483668950060443,4.188993083645152,4.198508881839741,4.365186392561706
05/17/2023 16:15:59.817660,3165,True,True,True,True,Eyes,1.123656,-0.2963755,-3.419755,0.2525454,-0.1099724,0.9613152,0.0,0.0,0.0,0.0,0.0,0.0,0.0,-1.79725,0.8858952,3.011391,1.127619,-0.3001372,-3.423709,0.1182554,0.09115793,-0.06255095,0.9868097,14.16973,9.80517,353.9677,0.3106995,-0.08140589,-0.9470152,0,0,0,1.348045,-0.4628268,-2.571342,0.06565377,0.06431234,0.8905829,0.9755552,-0.1018919,-0.194705,0.1450116,0.964206,0.221987,0.1651171,-0.2447951,0.9554118,moving,4.07979784211425,8.29927644573725,4.216217941108721,4.130373911996375,0.220426,-0.1626896,0.8523670000000001,0.07040439554034057,0.14398552209109297,0.9870721412798126,3.963883489116851,8.460239613996388,4.161512440195198,4.171133992002744,4.337212200598225
05/17/2023 16:15:59.837650,3166,True,True,True,True,Eyes,1.12365,-0.2965977,-3.419463,0.252548,-0.1132136,0.9609382,0.0,0.0,0.0,0.0,0.0,0.0,0.0,-1.796022,0.8948903,3.009045,1.127675,-0.3001572,-3.423321,0.1195882,0.09092759,-0.06239498,0.9866802,14.32001,9.775307,353.9941,0.3107402,-0.08147103,-0.9469963,0,0,0,1.348031,-0.4659804,-2.571344,0.06622079,0.06352669,0.8907857,0.9756781,-0.1013801,-0.1943563,0.1448755,0.963611,0.2246438,0.1645095,-0.2473375,0.9548616,moving,4.120888189240711,8.263559577460036,4.25153378465044,4.079162293463083,0.220356,-0.1658232,0.8519770000000002,0.0711187641440012,0.1433628935267234,0.9871115630436487,4.0052394231313935,8.423936704188081,4.176533735274244,4.186436300951089,4.3517497162183885
05/17/2023 16:15:59.857906,3167,True,True,True,True,Eyes,1.123642,-0.2968181,-3.419173,0.2525269,-0.1164845,0.9605527,0.0,0.0,0.0,0.0,0.0,0.0,0.0,-1.795738,0.904212,3.006238,1.127738,-0.3006023,-3.423096,0.120917,0.09083818,-0.06223158,0.9865368,14.47065,9.762227,354.0234,0.3107789,-0.0815364,-0.946978,0,0,0,1.348016,-0.4696937,-2.571346,0.06650628,0.06262827,0.8912057,0.9757513,-0.1008197,-0.1942801,0.1447552,0.9630126,0.2272721,0.1641807,-0.2498841,0.954255,moving,4.144412205688101,8.224481141820638,4.26779049038667,4.019774704585724,0.2202780000000002,-0.1690914,0.85175,0.07153111123250196,0.1426853802173633,0.987179895378355,4.0290483441674025,8.384297275817872,4.1963957097741185,4.206516186164019,4.371047367299543
05/17/2023 16:15:59.867703,3168,True,True,True,True,Eyes,1.123607,-0.2970345,-3.418877,0.2524886,-0.1197525,0.9601609,0.0,0.0,0.0,0.0,0.0,0.0,0.0,-1.795444,0.9165316,3.002384,1.127673,-0.3007416,-3.422845,0.1229236,0.09067909,-0.06242108,0.9862914,14.70235,9.733256,354.016,0.3108157,-0.08160193,-0.9469602,0,0,0,1.348006,-0.471999,-2.571347,0.06688572,0.06412381,0.8912576,0.9757618,-0.1008375,-0.1942181,0.1454239,0.9619868,0.2311565,0.163526,-0.2537976,0.9533342,moving,4.169995385613809,8.269986226842857,4.29179989135838,4.115200619846947,0.2203330000000001,-0.1712574,0.8514980000000003,0.07196370149831141,0.14346490137327286,0.9870355393883439,4.0543138007407125,8.430257374477398,4.146462102033915,4.156570675174434,4.321587027808041
05/17/2023 16:15:59.877611,3169,True,True,True,True,Eyes,1.123567,-0.2972507,-3.418583,0.2524342,-0.1229862,0.9597663,0.0,0.0,0.0,0.0,0.0,0.0,0.0,-1.795678,0.9248915,2.999393,1.127756,-0.3009003,-3.422553,0.1243146,0.09061237,-0.0626034,0.9861116,14.86376,9.717519,354.0055,0.3108501,-0.08166752,-0.9469432,0,0,0,1.347994,-0.4748796,-2.571348,0.06709072,0.06395392,0.8914775,0.9757404,-0.100939,-0.1942728,0.1459967,0.9612534,0.2338309,0.1631428,-0.2565214,0.9526706,moving,4.187398965024809,8.246472094204035,4.30384668345668,4.103326138044934,0.22023799999999993,-0.1739793,0.8512050000000002,0.07226782044586312,0.14305664781987604,0.9870725094836318,4.0718896726192595,8.406393526265127,4.134586233803605,4.144782079333665,4.30931467897632
05/17/2023 16:15:59.897674,3170,True,True,True,True,Eyes,1.123481,-0.2974643,-3.418283,0.2523887,-0.126216,0.9593589,0.0,0.0,0.0,0.0,0.0,0.0,0.0,-1.795114,0.9328158,2.996958,1.12762,-0.3010885,-3.422302,0.125551,0.09048266,-0.06264124,0.9859645,15.0056,9.697114,354.0096,0.3108825,-0.08173316,-0.946927,0,0,0,1.347981,-0.4778936,-2.57135,0.0676298,0.06341352,0.891821,0.9757779,-0.1008037,-0.1941547,0.1462444,0.960626,0.2362417,0.162696,-0.2589135,0.9520997,moving,4.21401529729183,8.203106764286856,4.336632386882595,4.067208760642335,0.22036100000000003,-0.1768051,0.8509520000000004,0.07273431722998248,0.1423046887890372,0.9871469638299273,4.098822299012676,8.362403747923008,4.127427565524706,4.1377152206514225,4.301773310700335
05/17/2023 16:15:59.917646,3171,True,True,True,True,Eyes,1.123397,-0.2976769,-3.417984,0.2523257,-0.1294021,0.9589509,0.0,0.0,0.0,0.0,0.0,0.0,0.0,-1.793862,0.9424856,2.994491,1.127643,-0.3013186,-3.422108,0.1269847,0.09022928,-0.06255023,0.9858099,15.16818,9.663411,354.0285,0.3109117,-0.08179882,-0.9469118,0,0,0,1.347968,-0.4808946,-2.571351,0.06818254,0.06323811,0.8921494,0.9758923,-0.1004098,-0.1937836,0.1462407,0.9599247,0.2390777,0.162012,-0.2616531,0.9514672,moving,4.252835678164117,8.182805112042887,4.370335851394886,4.054507904290188,0.2203250000000001,-0.179576,0.8507570000000002,0.0734069330490618,0.1419478862310655,0.9871485251726676,4.137797737937984,8.341711118330139,4.119476258412323,4.129969022432008,4.293505021853891
05/17/2023 16:15:59.927760,3172,True,True,True,True,Eyes,1.123283,-0.2978905,-3.417688,0.2522251,-0.1325602,0.9585459,0.0,0.0,0.0,0.0,0.0,0.0,0.0,-1.793026,0.9499984,2.992315,1.127648,-0.3014829,-3.421828,0.1281038,0.09006314,-0.06246629,0.9856856,15.29518,9.641076,354.0452,0.3109382,-0.08186448,-0.9468974,0,0,0,1.347956,-0.4839233,-2.571353,0.0686592,0.06239434,0.8924803,0.9759732,-0.1000694,-0.1935522,0.1462191,0.9593748,0.2412883,0.1615435,-0.2637919,0.9509561,moving,4.280948413312398,8.127576759822512,4.399143754069415,3.999108016473631,0.22030799999999995,-0.1824404,0.8504749999999999,0.07390148307258353,0.1409911248928397,0.98724871415565,4.166311760055778,8.285709140295047,4.119514714041563,4.1301603241745175,4.29291974443774
05/17/2023 16:15:59.947879,3173,True,True,True,True,Eyes,1.123171,-0.2980953,-3.417392,0.2521195,-0.1356772,0.9581375,0.0,0.0,0.0,0.0,0.0,0.0,0.0,-1.792097,0.9588358,2.990041,1.127688,-0.3017736,-3.421779,0.1293777,0.08987074,-0.06232706,0.9855456,15.43934,9.616,354.0692,0.3109614,-0.08193016,-0.946884,0,0,0,1.347943,-0.4868948,-2.571354,0.06906106,0.06203941,0.8929652,0.9760772,-0.09959779,-0.1932709,0.1461069,0.9587535,0.2438124,0.1610159,-0.2662179,0.9503693,moving,4.310719186861391,8.091338512211221,4.422396612968735,3.974279919402376,0.22025499999999987,-0.18512120000000004,0.850425,0.07442117514383283,0.1403612496907284,0.9872994591621166,4.196348839527236,8.248920899106565,4.107766710957141,4.118572969381884,4.280613636062505
05/17/2023 16:15:59.967837,3174,True,True,True,True,Eyes,1.123098,-0.2982979,-3.41711,0.2519852,-0.138721,0.9577368,0.0,0.0,0.0,0.0,0.0,0.0,0.0,-1.79198,0.9660183,2.98742,1.127643,-0.3017412,-3.421467,0.1304895,0.08983488,-0.06223698,0.9854079,15.56628,9.60927,354.0886,0.3109818,-0.08199564,-0.9468717,0,0,0,1.34793,-0.4899385,-2.571356,0.06937826,0.0609719,0.8933659,0.9761125,-0.09921261,-0.1932906,0.1461026,0.9581981,0.2459887,0.1608055,-0.2683529,0.9498044,moving,4.320980474075902,8.040656623476753,4.440643039253087,3.904361579590216,0.22028700000000012,-0.1881973,0.8501109999999996,0.07460730571211471,0.13948590558475904,0.9874093715434643,4.206974262920027,8.197587210936065,4.127138168293641,4.138025594360808,4.299579911884178
05/17/2023 16:15:59.977707,3175,True,True,True,True,Eyes,1.123026,-0.2984977,-3.416829,0.2518423,-0.1416819,0.957341,0.0,0.0,0.0,0.0,0.0,0.0,0.0,-1.791234,0.970958,2.986141,1.127675,-0.3017972,-3.421342,0.131185,0.08970939,-0.062084,0.9853367,15.64415,9.594455,354.1104,0.3110005,-0.0820608,-0.94686,0,0,0,1.347918,-0.4929196,-2.571357,0.06977256,0.05933179,0.8939357,0.9761956,-0.09881022,-0.1930769,0.1458843,0.9578722,0.2473838,0.1604989,-0.2696619,0.9494854,moving,4.34314582566105,7.946403592231214,4.462943894711431,3.797233491512207,0.22024299999999997,-0.19112240000000003,0.8499850000000002,0.07500656758171559,0.13785728111071754,0.9876079586568091,4.229817614656327,8.102110494644736,4.139836458621688,4.150899191988259,4.311184741408286
05/17/2023 16:15:59.997726,3176,True,True,True,True,Eyes,1.122991,-0.2987022,-3.416561,0.2516598,-0.1446114,0.9569508,0.0,0.0,0.0,0.0,0.0,0.0,0.0,-1.790131,0.9753404,2.985075,1.127614,-0.3019193,-3.42109,0.1317392,0.08956827,-0.06183799,0.9852911,15.70476,9.579808,354.1418,0.3110176,-0.0821256,-0.9468487,0,0,0,1.347905,-0.4959771,-2.571359,0.07031539,0.05738471,0.8944234,0.9763072,-0.09825752,-0.1927946,0.1454562,0.9576417,0.2485255,0.1602086,-0.2706804,0.9492446,moving,4.365472238880645,7.835787714197084,4.495081356858344,3.6709700134705066,0.22029100000000001,-0.1940578,0.8497309999999998,0.07541150124321516,0.135946164282207,0.9878419364776125,4.252938755784417,7.9900722898218595,4.155627225419048,4.166833930425879,4.32588459310212
05/17/2023 16:16:00.017971,3177,True,True,True,True,Eyes,1.122954,-0.2989029,-3.416295,0.2514727,-0.1474885,0.9565609,0.0,0.0,0.0,0.0,0.0,0.0,0.0,-1.789195,0.9808716,2.9837,1.127657,-0.3021495,-3.420949,0.1325435,0.08938497,-0.06178411,0.9852033,15.79579,9.556238,354.1518,0.3110343,-0.08219016,-0.9468376,0,0,0,1.347892,-0.4990029,-2.571361,0.07078698,0.05609411,0.8949284,0.9763861,-0.09804502,-0.1925029,0.1454346,0.9572299,0.2501194,0.1597465,-0.2722097,0.9488851,moving,4.390365116145065,7.760694687034837,4.52256121562083,3.586607236051478,0.22023500000000018,-0.1968534,0.8495879999999998,0.0758542639196503,0.13464683955628098,0.9879860784085286,4.278373723929623,7.913977264085318,4.164806693214503,4.176180295099023,4.334254133138024
05/17/2023 16:16:00.037734,3178,True,True,True,True,Eyes,1.122927,-0.2990988,-3.416033,0.2513731,-0.15035,0.9561415,0.0,0.0,0.0,0.0,0.0,0.0,0.0,-1.788891,0.9860646,2.981898,1.127591,-0.3022421,-3.420725,0.1333756,0.08930545,-0.06182907,0.9850953,15.89163,9.543253,354.1522,0.3110503,-0.08225439,-0.9468268,0,0,0,1.347879,-0.5019787,-2.571362,0.07121053,0.05479082,0.8954139,0.9764034,-0.0979927,-0.1924417,0.1456374,0.9567763,0.251732,0.1594558,-0.2738186,0.948471,moving,4.408141705540846,7.691447031189181,4.547052017105248,3.501591170822503,0.22028800000000004,-0.1997366,0.8493629999999999,0.07617324215695714,0.13344940697735322,0.9881239896301225,4.296648834914873,7.843824985387631,4.180653784105954,4.192157941360024,4.349447810240271
05/17/2023 16:16:00.050274,3179,True,True,True,True,Eyes,1.122902,-0.2992962,-3.415771,0.2512744,-0.1531355,0.9557252,0.0,0.0,0.0,0.0,0.0,0.0,0.0,-1.78867,0.9909388,2.980238,1.127694,-0.3023009,-3.420532,0.1340992,0.08924505,-0.06172887,0.9850088,15.97368,9.535286,354.169,0.3110661,-0.08231817,-0.946816,0,0,0,1.347866,-0.5050775,-2.571364,0.07143839,0.0530815,0.8959692,0.9764498,-0.09767158,-0.1923699,0.1455423,0.9564139,0.2531598,0.1592587,-0.2751957,0.9481055,moving,4.423999291137837,7.611136882939461,4.558725191161721,3.3905128402019518,0.22017200000000003,-0.20277659999999997,0.8491680000000001,0.07646105450097233,0.13206131760036025,0.9882881558072555,4.313083321418728,7.762483506242351,4.211047939522306,4.222773777775831,4.378865998507897
05/17/2023 16:16:00.067408,3180,True,True,True,True,Eyes,1.122892,-0.2994903,-3.415521,0.2512064,-0.1559366,0.9552901,0.0,0.0,0.0,0.0,0.0,0.0,0.0,-1.788439,0.9953163,2.978661,1.127703,-0.3025198,-3.420286,0.1346477,0.08923733,-0.06146236,0.9849513,16.03428,9.536909,354.2049,0.3110817,-0.0823816,-0.9468054,0,0,0,1.347853,-0.5081971,-2.571365,0.07165855,0.05113779,0.8964853,0.9765182,-0.09704366,-0.1923404,0.1451061,0.9561847,0.2542734,0.1592373,-0.2762124,0.9478134,moving,4.436744189746413,7.506405872876,4.57009353104766,3.2647583017652413,0.22015000000000007,-0.20567729999999995,0.8489209999999998,0.07669940659635731,0.1302522194941853,0.9885097946520991,4.326578443860232,7.656437248093503,4.231848586599315,4.2437431784139905,4.398425123303886
05/17/2023 16:16:00.077712,3181,True,True,True,True,Eyes,1.122884,-0.299675,-3.415268,0.2511419,-0.1586702,0.9548568,0.0,0.0,0.0,0.0,0.0,0.0,0.0,-1.788257,1.001298,2.976737,1.127759,-0.3025881,-3.420238,0.1356052,0.0891479,-0.06150713,0.9848253,16.14453,9.522386,354.2061,0.3110974,-0.08244458,-0.9467948,0,0,0,1.347842,-0.5109665,-2.571367,0.07191187,0.05026531,0.8970741,0.9765391,-0.09696972,-0.1922716,0.1453254,0.9556562,0.2561283,0.1589088,-0.2780612,0.9473278,moving,4.456247675693826,7.458896116507793,4.583183123050143,3.207072568807153,0.22008300000000003,-0.20837839999999996,0.8488709999999999,0.07704426396732622,0.12942904540946812,0.9885910673296702,4.346425893794923,7.6082794999205925,4.241644016881137,4.253717913611245,4.407570355205415
05/17/2023 16:16:00.107578,3182,True,True,True,True,Eyes,1.122889,-0.2998631,-3.415022,0.2511541,-0.1613868,0.9543982,0.0,0.0,0.0,0.0,0.0,0.0,0.0,-1.789109,1.003917,2.974983,1.127783,-0.3025376,-3.419921,0.1361491,0.08922905,-0.06170642,0.9847304,16.20963,9.526869,354.1884,0.3111132,-0.0825069,-0.9467842,0,0,0,1.347829,-0.5139707,-2.571368,0.07204725,0.04829088,0.8975766,0.9764611,-0.09723148,-0.1925357,0.1458253,0.9553115,0.2571284,0.1589306,-0.2791524,0.9470032,moving,4.463098043727958,7.367624358279172,4.589214800326511,3.07962417227864,0.22004599999999996,-0.21143309999999998,0.8485529999999999,0.07717837303299703,0.12785273409904288,0.9887857110838877,4.353928944720889,7.515877448043711,4.277601252413634,4.289854430098478,4.442488329819718
05/17/2023 16:16:00.117786,3183,True,True,True,True,Eyes,1.122891,-0.3000548,-3.414778,0.2511652,-0.1640607,0.9539393,0.0,0.0,0.0,0.0,0.0,0.0,0.0,-1.790975,1.006811,2.972754,1.127851,-0.3027776,-3.419767,0.1366906,0.08946434,-0.06187064,0.9846237,16.27501,9.550196,354.1776,0.3111294,-0.0825687,-0.9467735,0,0,0,1.347816,-0.5169745,-2.57137,0.07180022,0.04660502,0.8981736,0.9763364,-0.09738071,-0.1930917,0.1462965,0.9549754,0.2581073,0.1592632,-0.2802481,0.9466236,moving,4.4518787813734155,7.27693406029252,4.570519456648636,2.9703370328948755,0.21996499999999997,-0.21419690000000002,0.8483969999999998,0.07700030413729522,0.1262892281299635,0.989000527341175,4.343353431494422,7.42413151091725,4.295929514848794,4.30823090911107,4.459584022691685
05/17/2023 16:16:00.127478,3184,True,True,True,True,Eyes,1.122905,-0.300248,-3.414542,0.2512304,-0.166793,0.9534482,0.0,0.0,0.0,0.0,0.0,0.0,0.0,-1.791543,1.012229,2.970369,1.127785,-0.3030349,-3.41959,0.1375389,0.08952659,-0.06188658,0.984499,16.37332,9.55449,354.1838,0.311146,-0.08263013,-0.9467627,0,0,0,1.347803,-0.5199785,-2.571371,0.07193744,0.04546487,0.8987242,0.9763101,-0.09722775,-0.1933013,0.1464813,0.9545062,0.2597328,0.159254,-0.2818948,0.9461361,moving,4.462437713475792,7.216108212609645,4.576423708253967,2.896023504986871,0.22001800000000005,-0.21694360000000001,0.8482189999999998,0.07719294010216068,0.1252373537804427,0.9891192769493757,4.354348916211314,7.362529977970216,4.309151996111722,4.321588213613338,4.472023846812863
05/17/2023 16:16:00.147624,3185,True,True,True,True,Eyes,1.122916,-0.3004398,-3.414311,0.2512964,-0.1695062,0.9529521,0.0,0.0,0.0,0.0,0.0,0.0,0.0,-1.792954,1.0186,2.967257,1.127865,-0.3032234,-3.419477,0.1385751,0.08968858,-0.06192483,0.9843365,16.49411,9.569638,354.1907,0.311163,-0.08269124,-0.9467517,0,0,0,1.347791,-0.5229562,-2.571373,0.07172325,0.04461905,0.8993303,0.9762425,-0.09705253,-0.19373,0.1467669,0.9539245,0.2617011,0.159405,-0.2839168,0.9455058,moving,4.46026352370523,7.177697419306954,4.559793121708604,2.8403232244866667,0.21992600000000007,-0.2197328,0.8481040000000002,0.07716188962168506,0.12457451608588921,0.9892053225280316,4.3524480616008185,7.3236624358697995,4.325973398775616,4.338515995910542,4.488131287994662
05/17/2023 16:16:00.167584,3186,True,True,True,True,Eyes,1.122915,-0.3006369,-3.414082,0.2514068,-0.1722855,0.9524244,0.0,0.0,0.0,0.0,0.0,0.0,0.0,-1.794235,1.025352,2.964018,1.127816,-0.3033577,-3.419362,0.1397137,0.08983062,-0.06204221,0.9841552,16.62739,9.580762,354.1888,0.3111803,-0.08275203,-0.9467407,0,0,0,1.347778,-0.5259992,-2.571374,0.07168105,0.04389124,0.8999832,0.9761624,-0.09701718,-0.1941508,0.1472194,0.9532617,0.2638533,0.1594782,-0.2861465,0.9448211,moving,4.463034802860202,7.149034489534108,4.553829477523639,2.792043141386564,0.219962,-0.2226415,0.847988,0.07721456444910074,0.12407912898786375,0.989263458891714,4.355424473170056,7.294642229303242,4.345278176619321,4.357937273616932,4.506968281701198
05/17/2023 16:16:00.177454,3187,True,True,True,True,Eyes,1.12291,-0.3008362,-3.413852,0.2515132,-0.1750613,0.95189,0.0,0.0,0.0,0.0,0.0,0.0,0.0,-1.795793,1.032849,2.960411,1.127894,-0.3036871,-3.419257,0.1409494,0.0899891,-0.06216345,0.9839568,16.77202,9.593472,354.1876,0.3111976,-0.08281266,-0.9467297,0,0,0,1.347766,-0.5289786,-2.571376,0.07144682,0.04357222,0.9005545,0.9760754,-0.09696447,-0.1946145,0.1477001,0.952538,0.2661882,0.1595669,-0.2885643,0.9440705,moving,4.463116238054142,7.1315875894264815,4.536143880255807,2.7700255180010833,0.21987200000000007,-0.22529149999999998,0.8478810000000001,0.07721889898893786,0.1237778456941214,0.9893008678790228,4.355630345517274,7.276983865152348,4.349429703174018,4.362173396303974,4.510571879394038
05/17/2023 16:16:00.197554,3188,True,True,True,True,Eyes,1.122911,-0.3010428,-3.413625,0.251604,-0.1779149,0.9513367,0.0,0.0,0.0,0.0,0.0,0.0,0.0,-1.796963,1.041052,2.956551,1.127811,-0.30391,-3.419027,0.1423145,0.09010901,-0.06228831,0.9837415,16.93142,9.601147,354.1863,0.3112148,-0.08287322,-0.9467188,0,0,0,1.347753,-0.5319846,-2.571378,0.07145855,0.04335622,0.9010633,0.9760011,-0.09690354,-0.195017,0.1481988,0.9517335,0.2687758,0.1595589,-0.2912267,0.9432539,moving,4.4665614809321115,7.124573345532607,4.534334366798643,2.7547609355342644,0.21994200000000008,-0.22807460000000002,0.8476489999999997,0.07727956330447039,0.12365614252820194,0.9893112901081316,4.3591265204375285,7.269871835869596,4.357527835801483,4.370337934603478,4.518509071779477
05/17/2023 16:16:00.217747,3189,True,True,True,True,Eyes,1.122913,-0.3012532,-3.413405,0.2516845,-0.1807983,0.9507717,0.0,0.0,0.0,0.0,0.0,0.0,0.0,-1.798542,1.049602,2.952395,1.127908,-0.3042559,-3.418817,0.1437848,0.09023263,-0.06254539,0.9835,17.10429,9.606608,354.1703,0.311232,-0.08293391,-0.9467078,0,0,0,1.34774,-0.5350763,-2.571379,0.07128835,0.04339017,0.9015489,0.9758923,-0.0970786,-0.1954737,0.1489749,0.950828,0.2715374,0.1595014,-0.2941119,0.942368,moving,4.468829127965562,7.130414994359259,4.52115293944042,2.7554320548897375,0.21983200000000003,-0.23082039999999993,0.8474380000000004,0.07731774723536952,0.12375664917640693,0.9892958081843394,4.361353110876325,7.275775700392382,4.362399941227537,4.375295818787186,4.523167325961449
05/17/2023 16:16:00.228206,3190,True,True,True,True,Eyes,1.122925,-0.3014658,-3.413191,0.2517628,-0.1837829,0.9501786,0.0,0.0,0.0,0.0,0.0,0.0,0.0,-1.799636,1.06065,2.947761,1.127913,-0.304522,-3.418778,0.1456088,0.09029049,-0.06271007,0.9832158,17.31675,9.604748,354.1671,0.3112492,-0.08299481,-0.9466968,0,0,0,1.347727,-0.5380458,-2.571381,0.0712271,0.04414038,0.9021707,0.9758302,-0.09702087,-0.1958123,0.1496092,0.9497311,0.2750055,0.1592878,-0.297654,0.9412914,moving,4.4769731176296865,7.1692579029977015,4.514183949664806,2.801068935910375,0.21981399999999995,-0.2335238,0.847397,0.07745183398893941,0.12442600767318064,0.9892014030117794,4.369222265543646,7.315058248532772,4.355373777677356,4.368347456213184,4.516316353438105
05/17/2023 16:16:00.248002,3191,True,True,True,True,Eyes,1.122935,-0.3016723,-3.412979,0.2518402,-0.1867698,0.9495755,0.0,0.0,0.0,0.0,0.0,0.0,0.0,-1.801612,1.07191,2.9424,1.128013,-0.3047227,-3.418661,0.1475134,0.0904713,-0.06289925,0.9829029,17.53955,9.616854,354.1639,0.3112666,-0.08305594,-0.9466857,0,0,0,1.347714,-0.5410787,-2.571382,0.07087211,0.0448835,0.9027608,0.9757172,-0.09695625,-0.196406,0.1503392,0.9485669,0.2786017,0.1592921,-0.301364,0.9401094,moving,4.470441499734879,7.21698135342081,4.488853828582657,2.8462903231713557,0.21970100000000015,-0.236356,0.8472790000000003,0.07733097617892142,0.12525108242311414,0.9891067491445923,4.3623485965153534,7.363383735964222,4.357720171335311,4.370729812715106,4.518864511537949
05/17/2023 16:16:00.267797,3192,True,True,True,True,Eyes,1.122936,-0.3018804,-3.41277,0.2519208,-0.18977,0.9489591,0.0,0.0,0.0,0.0,0.0,0.0,0.0,-1.803017,1.081134,2.937959,1.127957,-0.3047515,-3.418503,0.1490655,0.0906247,-0.06298828,0.982649,17.72055,9.628663,354.1691,0.311284,-0.08311709,-0.9466746,0,0,0,1.347702,-0.5441106,-2.571384,0.07077095,0.04481615,0.9034238,0.9756393,-0.09677272,-0.1968833,0.1508088,0.9476239,0.2815414,0.1593258,-0.3043746,0.9391333,moving,4.46951468703675,7.221699832676649,4.479196566987694,2.839944049702962,0.21974499999999986,-0.2393591,0.8471189999999997,0.0773141747871601,0.1253327042995782,0.9890977441362331,4.3613878903259105,7.368162790995006,4.368695354810431,4.381766479448982,4.5297509703388
05/17/2023 16:16:00.277689,3193,True,True,True,True,Eyes,1.122932,-0.3020865,-3.412565,0.2519999,-0.192746,0.948338,0.0,0.0,0.0,0.0,0.0,0.0,0.0,-1.805023,1.087587,2.934276,1.128036,-0.3049941,-3.418398,0.1501047,0.09089508,-0.06296989,0.9824671,17.842,9.658039,354.185,0.3113013,-0.08317832,-0.9466636,0,0,0,1.347689,-0.5470362,-2.571385,0.07033433,0.04408307,0.9040865,0.9755457,-0.09644414,-0.197507,0.1510192,0.9470068,0.2834985,0.1596987,-0.3063931,0.9384133,moving,4.457916045065094,7.166263301499872,4.448423675716787,2.791519416761194,0.21965299999999988,-0.24204209999999998,0.847013,0.07712328171911911,0.1243774771598484,0.9892331246739743,4.350181498856926,7.312098715614079,4.361694429110885,4.374754183052381,4.521646682629173
05/17/2023 16:16:00.297443,3194,True,True,True,True,Eyes,1.122902,-0.3022905,-3.412357,0.2521125,-0.1957131,0.9477002,0.0,0.0,0.0,0.0,0.0,0.0,0.0,-1.806196,1.094791,2.930696,1.127909,-0.3051294,-3.418276,0.151325,0.09102846,-0.0630876,0.9822599,17.98492,9.668047,354.1837,0.3113183,-0.08323956,-0.9466526,0,0,0,1.347677,-0.5500525,-2.571387,0.07036701,0.04357269,0.9047962,0.9754676,-0.09638707,-0.1979207,0.1514866,0.9462414,0.2857955,0.1597337,-0.3087666,0.9376291,moving,4.463353292476205,7.135664529385438,4.447005438999326,2.7570893686770783,0.21976799999999996,-0.24492310000000006,0.846889,0.07722231192484397,0.12384821216022937,0.989291834664371,4.355838389679908,7.281109261128774,4.365474894797913,4.37860567878469,4.524938388329753
05/17/2023 16:16:00.317579,3195,True,True,True,True,Eyes,1.122869,-0.3024855,-3.412149,0.2522283,-0.1986193,0.9470645,0.0,0.0,0.0,0.0,0.0,0.0,0.0,-1.807257,1.101125,2.927617,1.128021,-0.3053207,-3.418179,0.1523664,0.09112555,-0.06314141,0.9820865,18.10633,9.675481,354.1879,0.3113344,-0.08330076,-0.9466419,0,0,0,1.347664,-0.5530258,-2.571388,0.07022932,0.04278849,0.9054787,0.9754186,-0.0962517,-0.1982276,0.1517896,0.9455953,0.2877663,0.1597451,-0.3107815,0.9369612,moving,4.4738262958543835,7.086962288187006,4.435006580656152,2.7055053704298713,0.21964300000000003,-0.2477051,0.8467910000000001,0.07741131464857552,0.12300544124512572,0.9893821600383247,4.366661468264541,7.231778387860846,4.3683423197124345,4.381628885751271,4.526788981464844
05/17/2023 16:16:00.327732,3196,True,True,True,True,Eyes,1.122813,-0.3026794,-3.411936,0.2523341,-0.2014866,0.9464305,0.0,0.0,0.0,0.0,0.0,0.0,0.0,-1.808495,1.10526,2.924982,1.127913,-0.3052842,-3.41795,0.1531062,0.09130471,-0.0632083,0.9819503,18.19354,9.693399,354.1896,0.3113497,-0.08336171,-0.9466316,0,0,0,1.347651,-0.556171,-2.57139,0.07026303,0.041078,0.9062393,0.9753363,-0.09617621,-0.1986686,0.1520935,0.9451264,0.2891429,0.1599582,-0.3122278,0.9364439,moving,4.476026650395509,7.005713027964035,4.43341768502755,2.5953256442641597,0.219738,-0.25088679999999997,0.8465599999999998,0.07746281396539109,0.1216018278569083,0.9895516900329369,4.3694418023079935,7.1495375364767355,4.397191828845246,4.410593202532825,4.554661224804782
05/17/2023 16:16:00.347557,3197,True,True,True,True,Eyes,1.122755,-0.3028683,-3.411725,0.2524354,-0.2042716,0.9458063,0.0,0.0,0.0,0.0,0.0,0.0,0.0,-1.80995,1.108978,2.922516,1.128002,-0.3054909,-3.417768,0.1537237,0.09149846,-0.06322783,0.9818347,18.26624,9.714338,354.1961,0.3113635,-0.08342241,-0.9466216,0,0,0,1.347638,-0.5591061,-2.571391,0.07003289,0.03954348,0.9068877,0.9752606,-0.09602759,-0.199112,0.1522895,0.9447426,0.290292,0.1602335,-0.313433,0.9359941,moving,4.476421389987822,6.914098340270942,4.415807117864467,2.4967151546629895,0.21963599999999994,-0.25361520000000004,0.8463769999999999,0.07748466578592901,0.12001919948555312,0.9897431955726194,4.370489959921627,7.056812561830462,4.4043113868248005,4.41779903328308,4.560322577149506
05/17/2023 16:16:00.367694,3198,True,True,True,True,Eyes,1.122704,-0.3030534,-3.41152,0.2525148,-0.2069858,0.9451947,0.0,0.0,0.0,0.0,0.0,0.0,0.0,-1.81025,1.111638,2.921117,1.127916,-0.3055502,-3.417618,0.1541546,0.09154698,-0.06322256,0.9817631,18.31628,9.718963,354.2013,0.3113762,-0.08348275,-0.9466121,0,0,0,1.347625,-0.562157,-2.571393,0.07027532,0.03746153,0.9076753,0.9752441,-0.09591436,-0.199247,0.1523639,0.9444785,0.2911109,0.1602628,-0.3142622,0.9357111,moving,4.493036422680279,6.805308134365358,4.427202801314909,2.363367282276496,0.21970900000000015,-0.2566068,0.846225,0.07778935164415399,0.11813688818183601,0.989945634340727,4.387885188317429,6.946643497352858,4.428752249039714,4.4424286825066766,4.5834448549509705
05/17/2023 16:16:00.377901,3199,True,True,True,True,Eyes,1.122651,-0.3032396,-3.411315,0.2525973,-0.2096119,0.9445938,0.0,0.0,0.0,0.0,0.0,0.0,0.0,-1.81066,1.113621,2.92005,1.127988,-0.3056315,-3.417538,0.1545311,0.09155993,-0.0633475,0.9816945,18.36111,9.717016,354.1899,0.3113878,-0.08354264,-0.946603,0,0,0,1.347613,-0.5651281,-2.571394,0.07043648,0.03541893,0.9084693,0.9752077,-0.09607805,-0.1993461,0.1526735,0.9442145,0.2918044,0.1601894,-0.3150049,0.9354739,moving,4.514238390883579,6.698223256821638,4.433452318860298,2.232687354355092,0.21962499999999996,-0.2594966,0.8461439999999998,0.07817289611552994,0.11628299872930814,0.9901349676214705,4.409856406606859,6.838183236321563,4.45234677726373,4.466266593660825,4.605556327511932
05/17/2023 16:16:00.398066,3200,True,True,True,True,Eyes,1.122596,-0.3034234,-3.411114,0.2526514,-0.212248,0.9439905,0.0,0.0,0.0,0.0,0.0,0.0,0.0,-1.811436,1.115182,2.918719,1.127898,-0.3058386,-3.417332,0.1547972,0.09168334,-0.06338859,0.9816384,18.393,9.7302,354.1896,0.3113985,-0.08360217,-0.9465942,0,0,0,1.347601,-0.5680298,-2.571396,0.07056139,0.03331494,0.9091384,0.9751521,-0.09606469,-0.1996245,0.152834,0.9440395,0.2922864,0.160375,-0.3155331,0.935264,moving,4.52159435745397,6.575394636730896,4.438027451106548,2.098637292055447,0.21970299999999998,-0.2621912,0.845936,0.07831943976222941,0.1141588014604501,0.9903705573777193,4.41809022513806,6.713840498861857,4.463535498478525,4.477537241714696,4.615246270037546
05/17/2023 16:16:00.417746,3201,True,True,True,True,Eyes,1.122541,-0.3036074,-3.410911,0.2527014,-0.2148053,0.9433985,0.0,0.0,0.0,0.0,0.0,0.0,0.0,-1.811728,1.11846,2.917192,1.127948,-0.3059599,-3.417227,0.1553628,0.0916782,-0.0634864,0.9815432,18.45933,9.726044,354.1826,0.3114083,-0.08366129,-0.9465858,0,0,0,1.347587,-0.571175,-2.571398,0.07076439,0.03148058,0.9099504,0.9751292,-0.09614253,-0.1996991,0.1531161,0.9436637,0.2933501,0.1602454,-0.3166313,0.934915,moving,4.541282797697363,6.49318656788308,4.446788393467227,1.9814105055052222,0.21963900000000014,-0.2652151,0.8458290000000002,0.07867263203970623,0.11273455649534708,0.9905057198280294,4.438370115483666,6.630563793466356,4.498510703554398,4.512765496840784,4.6491609094936726
05/17/2023 16:16:00.427497,3202,True,True,True,True,Eyes,1.122493,-0.3037859,-3.410717,0.2527167,-0.2173858,0.9428031,0.0,0.0,0.0,0.0,0.0,0.0,0.0,-1.811979,1.120589,2.915965,1.127925,-0.306144,-3.417002,0.1557135,0.09170275,-0.06352748,0.9814827,18.50041,9.727159,354.1812,0.3114172,-0.08372006,-0.9465777,0,0,0,1.347575,-0.5740708,-2.571399,0.07099682,0.0295072,0.910585,0.9751098,-0.09614354,-0.1997935,0.153261,0.9434352,0.2940089,0.1602252,-0.3173115,0.9346878,moving,4.556972457382122,6.383447311051023,4.4582386445209075,1.8560009658062757,0.2196499999999999,-0.26792679999999996,0.8456030000000001,0.07896084351496145,0.11083468818890432,0.9906971580435742,4.454846493482704,6.519437654501545,4.514118602179392,4.528522802732932,4.663437922408506
05/17/2023 16:16:00.447599,3203,True,True,True,True,Eyes,1.122443,-0.3039607,-3.41052,0.2527297,-0.2198882,0.9422191,0.0,0.0,0.0,0.0,0.0,0.0,0.0,-1.812175,1.125199,2.914096,1.127977,-0.3061626,-3.417007,0.1564754,0.09168377,-0.06356534,0.9813608,18.58877,9.721922,354.1827,0.3114255,-0.08377833,-0.9465698,0,0,0,1.347563,-0.5770431,-2.5714,0.07115418,0.02811414,0.9114777,0.9751071,-0.09606854,-0.1998425,0.1534536,0.9429498,0.2954619,0.1600569,-0.3187735,0.9342191,moving,4.5741873464575775,6.325414557169485,4.46372174477482,1.7667036938612368,0.21958600000000006,-0.2708805,0.8456069999999998,0.07926740711797926,0.10982850820668158,0.9907847047265251,4.472479780752302,6.460638113290948,4.545416878657063,4.560049055043133,4.693942589881253
05/17/2023 16:16:00.467519,3204,True,True,True,True,Eyes,1.122409,-0.304129,-3.410329,0.2526824,-0.2224016,0.9416417,0.0,0.0,0.0,0.0,0.0,0.0,0.0,-1.811927,1.127942,2.912844,1.127872,-0.3062387,-3.41674,0.1568432,0.09168589,-0.06340739,0.9813121,18.62976,9.724164,354.2047,0.3114332,-0.08383606,-0.9465622,0,0,0,1.34755,-0.5800048,-2.571402,0.07148549,0.02594739,0.9121514,0.9751464,-0.09568424,-0.199835,0.1532055,0.9427594,0.2961972,0.1600549,-0.3194515,0.9339877,moving,4.587249621605923,6.217070648259509,4.4811226395582775,1.6294171418222723,0.21967800000000004,-0.2737661,0.8453379999999999,0.0795097177822554,0.10795269113673156,0.9909714321743757,4.48631812775898,6.3509340418561155,4.574096768110504,4.588880869171089,4.721519758552625
05/17/2023 16:16:00.477681,3205,True,True,True,True,Eyes,1.122376,-0.3042982,-3.410137,0.2526387,-0.2248006,0.9410836,0.0,0.0,0.0,0.0,0.0,0.0,0.0,-1.812312,1.130028,2.911666,1.127971,-0.3062134,-3.416599,0.1571588,0.09174415,-0.06331538,0.9812621,18.66569,9.732015,354.2195,0.3114406,-0.08389311,-0.9465547,0,0,0,1.347536,-0.5832894,-2.571404,0.07154958,0.02330965,0.913057,0.9751483,-0.09542117,-0.1999513,0.1530948,0.9425845,0.2968104,0.160149,-0.3200457,0.9337682,moving,4.5938684733085395,6.110455024791825,4.480693415620558,1.4623999781257833,0.219565,-0.27707599999999993,0.8451950000000004,0.07964010499017463,0.10610740434901557,0.9911602479450425,4.493699019643689,6.2430032847392605,4.6344156693504965,4.649432686954435,4.780620997416519
05/17/2023 16:16:00.497929,3206,True,True,True,True,Eyes,1.122354,-0.3044659,-3.409954,0.2525304,-0.2272799,0.9405171,0.0,0.0,0.0,0.0,0.0,0.0,0.0,-1.812282,1.129462,2.911696,1.127966,-0.3064059,-3.416406,0.1570094,0.09176835,-0.06323127,0.9812892,18.64772,9.736974,354.2287,0.311448,-0.08394957,-0.9465472,0,0,0,1.347524,-0.5861232,-2.571405,0.07179084,0.02045891,0.9137298,0.9751608,-0.09527934,-0.1999584,0.1529133,0.9426997,0.2965381,0.1602468,-0.3197486,0.9338532,moving,4.604525036733812,5.945841307652168,4.492443395132351,1.2826695209962988,0.21955799999999992,-0.27971729999999995,0.8450009999999999,0.07984854108191113,0.10325759947191379,0.9914445268894113,4.505532283158443,6.076357375515686,4.649403188828267,4.664518561035787,4.7937057237127565
05/17/2023 16:16:00.517538,3207,True,True,True,True,Eyes,1.12233,-0.3046255,-3.409771,0.2524156,-0.229713,0.9399565,0.0,0.0,0.0,0.0,0.0,0.0,0.0,-1.812482,1.134337,2.909674,1.128009,-0.3064987,-3.416382,0.1579868,0.09165332,-0.0636728,0.9811144,18.76443,9.711777,354.182,0.3114555,-0.08400542,-0.9465398,0,0,0,1.347512,-0.5890499,-2.571407,0.07219025,0.01971179,0.9145492,0.9750909,-0.09598057,-0.1999637,0.1539006,0.9419719,0.2983347,0.1597259,-0.321678,0.9332797,moving,4.625750653451791,5.924506272688903,4.513303420861019,1.2347367776402314,0.219503,-0.2825512,0.8449749999999998,0.08021892387621433,0.10288532889797644,0.9914532024933435,4.526915665580901,6.054684696351851,4.675782339383611,4.691117382543991,4.8199671401679485
05/17/2023 16:16:00.537721,3208,True,True,True,True,Eyes,1.12231,-0.304793,-3.409598,0.2522402,-0.232206,0.939391,0.0,0.0,0.0,0.0,0.0,0.0,0.0,-1.812968,1.136824,2.908134,1.127936,-0.3064549,-3.416184,0.1586102,0.09162901,-0.06410228,0.9809883,18.84063,9.698623,354.1356,0.311463,-0.08406051,-0.9465324,0,0,0,1.347499,-0.5920463,-2.571408,0.07264206,0.01808238,0.9153212,0.9749901,-0.09670055,-0.2001085,0.1548337,0.9414674,0.2994423,0.1594394,-0.3229368,0.9328938,moving,4.636009873384439,5.8580747294490685,4.537618260338297,1.1317440374487229,0.21956299999999995,-0.28559140000000005,0.844776,0.08040602981322025,0.10173419588311014,0.9915569673855015,4.537651333495196,5.98741074381432,4.7118667769145866,4.727354727504832,4.855666706478233
05/17/2023 16:16:00.567810,3209,True,True,True,True,Eyes,1.122299,-0.3049658,-3.409434,0.2519914,-0.2347946,0.938814,0.0,0.0,0.0,0.0,0.0,0.0,0.0,-1.812424,1.141663,2.906576,1.127779,-0.3067711,-3.416206,0.1593249,0.09152968,-0.06409273,0.9808823,18.92261,9.684808,354.1407,0.3114705,-0.08411512,-0.9465251,0,0,0,1.347486,-0.5951385,-2.57141,0.07312399,0.0168106,0.9162303,0.9750289,-0.09656896,-0.1999828,0.1549008,0.9410154,0.3008251,0.1591366,-0.3242907,0.9324757,moving,4.6481429237326335,5.787282678412895,4.563082363591998,1.0511204156932823,0.21970699999999987,-0.2883674,0.8447959999999997,0.08062609605454543,0.10050718834050826,0.991664073255661,4.550292423486307,5.915716496453956,4.721351352317315,4.736926036756411,4.864612894313381
05/17/2023 16:16:00.587812,3210,True,True,True,True,Eyes,1.122288,-0.3051336,-3.409275,0.2517383,-0.2373829,0.9382309,0.0,0.0,0.0,0.0,0.0,0.0,0.0,-1.812101,1.148074,2.904268,1.127814,-0.3070196,-3.416187,0.1603241,0.09141989,-0.0641089,0.9807287,19.03771,9.668401,354.1449,0.3114782,-0.0841694,-0.9465178,0,0,0,1.347467,-0.5996848,-2.571412,0.07355152,0.01459849,0.9175631,0.9750649,-0.09643326,-0.1998726,0.1550605,0.9403725,0.3027472,0.1587598,-0.3261905,0.9318772,moving,4.659391664729969,5.749584927584551,4.583009193840303,0.9115027615947447,0.21965299999999988,-0.2926652,0.8447749999999998,0.0808261410379481,0.0998530852217831,0.9917139360272778,4.561812971097497,5.877520397739961,4.8227241337327165,4.838685082409045,4.966062871366398
05/17/2023 16:16:00.597709,3211,True,True,True,True,Eyes,1.122335,-0.3053041,-3.409136,0.2512484,-0.2402703,0.937627,0.0,0.0,0.0,0.0,0.0,0.0,0.0,-1.812068,1.156279,2.900986,1.127804,-0.3070409,-3.416149,0.1616683,0.09134806,-0.06414972,0.9805121,19.19324,9.655065,354.1497,0.3114861,-0.08422323,-0.9465104,0,0,0,1.347458,-0.6017959,-2.571413,0.07371101,0.01510993,0.9181755,0.9750807,-0.09626299,-0.1998777,0.1553353,0.9394963,0.3053154,0.1583938,-0.3287553,0.9310378,moving,4.652311032942486,5.732982631302826,4.589854314916755,0.9428013260334996,0.21965400000000002,-0.29475500000000004,0.8447359999999997,0.08070590911593142,0.09956668710723501,0.9917524881470732,4.554848856013217,5.860743660304683,4.7748475601764815,4.790588458527647,4.918066915503463
05/17/2023 16:16:00.607784,3212,True,True,True,True,Eyes,1.122376,-0.3054668,-3.408995,0.2507672,-0.2430864,0.9370297,0.0,0.0,0.0,0.0,0.0,0.0,0.0,-1.81207,1.161399,2.898967,1.127844,-0.3071074,-3.416153,0.162499,0.09129782,-0.06417597,0.9803777,19.28935,9.646108,354.1525,0.3114953,-0.08427665,-0.9465026,0,0,0,1.347436,-0.6071706,-2.571416,0.07413937,0.01165473,0.9198951,0.9750924,-0.09616178,-0.1998697,0.155505,0.9389511,0.3069024,0.1581556,-0.3303389,0.9305176,moving,4.646362072663507,5.661269970430455,4.607820112011835,0.7258774548716075,0.219592,-0.30006320000000003,0.8447369999999998,0.08061292413909091,0.09832604643114426,0.9918837584101554,4.549409709744378,5.788185324434566,4.9194041768306445,4.935543006130649,5.062644836578219
05/17/2023 16:16:00.617735,3213,True,True,True,True,Eyes,1.122495,-0.3056364,-3.408877,0.2500811,-0.2460714,0.9364339,0.0,0.0,0.0,0.0,0.0,0.0,0.0,-1.811636,1.165023,2.897538,1.127727,-0.3070724,-3.415986,0.1630941,0.09122302,-0.06418485,0.9802853,19.35789,9.635236,354.1548,0.3115057,-0.0843295,-0.9464945,0,0,0,1.347425,-0.6096995,-2.571417,0.07457563,0.01031703,0.9205866,0.9751173,-0.09608305,-0.1997855,0.1555948,0.9385612,0.3080473,0.1579128,-0.3314678,0.9301573,moving,4.63410794852307,5.551320018214164,4.631349930773597,0.6420879145966153,0.21969800000000017,-0.3026270999999999,0.8445690000000003,0.08041583038016152,0.09642400725174716,0.9920866114378143,4.53793640306671,5.676950506543892,4.893294537886903,4.909232878347806,5.035729083950873
05/17/2023 16:16:00.637513,3214,True,True,True,True,Eyes,1.122611,-0.3058025,-3.408762,0.2493951,-0.2489709,0.9358503,0.0,0.0,0.0,0.0,0.0,0.0,0.0,-1.810303,1.167745,2.897247,1.127747,-0.307194,-3.415945,0.163461,0.09099863,-0.06412638,0.9802489,19.39846,9.608422,354.1603,0.3115189,-0.08438192,-0.9464854,0,0,0,1.347419,-0.6111962,-2.571418,0.07503134,0.009680718,0.9209646,0.9752141,-0.09597013,-0.1993669,0.155469,0.9383366,0.3087941,0.1574383,-0.3321357,0.9299995,moving,4.639671385815273,5.4194567412128025,4.657622487849419,0.6022423194431639,0.21967199999999987,-0.30400219999999994,0.8445269999999998,0.08052985132484428,0.09413965168138005,0.9922967691108427,4.544441644448516,5.543470473690826,4.801582749707207,4.817247868583226,4.942524210931364
05/17/2023 16:16:00.654663,3215,True,True,True,True,Eyes,1.122774,-0.3059741,-3.408657,0.2486255,-0.2519909,0.9352465,0.0,0.0,0.0,0.0,0.0,0.0,0.0,-1.808787,1.17071,2.896983,1.127772,-0.3072675,-3.415919,0.1639232,0.09071252,-0.06418744,0.9801941,19.45087,9.571487,354.1509,0.3115345,-0.08443384,-0.9464757,0,0,0,1.347407,-0.6138524,-2.571419,0.07572104,0.008134991,0.9217445,0.9753024,-0.0960925,-0.1988754,0.1555721,0.9380183,0.309708,0.1567881,-0.3329984,0.9298007,moving,4.648659180314403,5.29370763633291,4.696285995227289,0.5056591597779083,0.21963500000000002,-0.30658489999999994,0.8445,0.08070200951870656,0.09196030620856398,0.9924870560551305,4.554328549507183,5.416165798551616,4.772667256173666,4.788285343141052,4.9125581284943625
05/17/2023 16:16:00.667778,3216,True,True,True,True,Eyes,1.122933,-0.3061493,-3.408554,0.2478687,-0.2549518,0.9346447,0.0,0.0,0.0,0.0,0.0,0.0,0.0,-1.807271,1.173531,2.896598,1.127793,-0.3073954,-3.415739,0.1643893,0.09041724,-0.06430887,0.9801353,19.50425,9.532187,354.1341,0.3115534,-0.08448541,-0.9464649,0,0,0,1.347396,-0.616547,-2.571421,0.07647759,0.006587118,0.9223785,0.9753782,-0.09633555,-0.1983857,0.15579,0.9376811,0.3106182,0.1560989,-0.3338768,0.9296017,moving,4.6595722205968135,5.173117172045219,4.739749625392374,0.40916786837178926,0.219603,-0.30915159999999997,0.8443179999999999,0.08090654815829715,0.08986971897375458,0.9926618719774158,4.56610442363931,5.29407499454851,4.749018288274857,4.764623949926196,4.887992459841153
05/17/2023 16:16:00.677521,3217,True,True,True,True,Eyes,1.12308,-0.3063149,-3.408454,0.2471254,-0.2578759,0.9340391,0.0,0.0,0.0,0.0,0.0,0.0,0.0,-1.807166,1.178196,2.894751,1.127845,-0.3076645,-3.415683,0.1651952,0.09030769,-0.064509,0.9799968,19.59886,9.512573,354.1145,0.311575,-0.08453678,-0.9464532,0,0,0,1.347385,-0.6192208,-2.571422,0.07679826,0.005868703,0.9230973,0.9753662,-0.09660046,-0.1983156,0.156274,0.9370983,0.3121301,0.1556893,-0.3354328,0.9291102,moving,4.6478952097890325,5.0943305608820095,4.755843091815637,0.3642599570647862,0.21954000000000007,-0.3115563,0.8442609999999999,0.08071413289320849,0.08850602246629588,0.9928000283003992,4.5549861543117025,5.2143785271199325,4.715891814414683,4.731302216338527,4.854275811378793
05/17/2023 16:16:00.697646,3218,True,True,True,True,Eyes,1.123273,-0.3064838,-3.408363,0.2463841,-0.2608789,0.9334008,0.0,0.0,0.0,0.0,0.0,0.0,0.0,-1.806582,1.184909,2.892261,1.12772,-0.307579,-3.415635,0.1662839,0.09018762,-0.0645033,0.9798242,19.72418,9.495083,354.1215,0.3115989,-0.08458768,-0.9464408,0,0,0,1.347372,-0.6222264,-2.571424,0.07727367,0.004994929,0.9240927,0.9754111,-0.09641029,-0.1981877,0.1563973,0.936378,0.3142231,0.1552843,-0.3374927,0.9284317,moving,4.634486565490488,5.038987459764218,4.780016756648721,0.3096935660023528,0.21965199999999996,-0.31464739999999997,0.844211,0.08048862655687489,0.08754861805956965,0.9929032173930686,4.541968614720277,5.158415785663562,4.716219802391032,4.731532496994163,4.854562192547533
05/17/2023 16:16:00.717651,3219,True,True,True,True,Eyes,1.123456,-0.3066465,-3.408274,0.2456556,-0.2638186,0.9327663,0.0,0.0,0.0,0.0,0.0,0.0,0.0,-1.806663,1.187795,2.890909,1.127802,-0.3076771,-3.4155,0.166707,0.09019229,-0.06441389,0.9797576,19.77238,9.496272,354.1357,0.3116258,-0.08463821,-0.9464274,0,0,0,1.34736,-0.6251885,-2.571425,0.07738785,0.003008693,0.9249236,0.9754324,-0.0961486,-0.1982096,0.1562914,0.9361192,0.3150457,0.1552566,-0.3382843,0.9281483,moving,4.6113226904965625,4.908635985348844,4.782766477625097,0.18637734265492792,0.21955799999999992,-0.31751140000000005,0.8440750000000001,0.08010293657703219,0.08529213171801026,0.9931307415198383,4.519728152074631,5.026573351183871,4.710208939103361,4.725369790888578,4.847338090301512
05/17/2023 16:16:00.727825,3220,True,True,True,True,Eyes,1.12368,-0.3068104,-3.408193,0.2449571,-0.2667946,0.9321033,0.0,0.0,0.0,0.0,0.0,0.0,0.0,-1.806493,1.191686,2.889343,1.127753,-0.3076796,-3.415457,0.1674396,0.09008849,-0.06464231,0.9796273,19.85883,9.476916,354.1121,0.3116553,-0.08468823,-0.9464132,0,0,0,1.347347,-0.6281764,-2.571427,0.07786888,0.001648515,0.9258834,0.9754109,-0.09648197,-0.1981536,0.1568195,0.9355708,0.3164097,0.1548589,-0.3397038,0.927696,moving,4.603333521126143,4.818777141737885,4.807390919224371,0.10201376561639106,0.21959400000000007,-0.32049679999999997,0.8440300000000001,0.07997505386050026,0.08373533080625732,0.9932735204540775,4.512377658419552,4.935656844393281,4.706066234561368,4.721175295203479,4.842637528977202
05/17/2023 16:16:00.754816,3221,True,True,True,True,Eyes,1.123895,-0.3069693,-3.408109,0.244296,-0.2696689,0.9314495,0.0,0.0,0.0,0.0,0.0,0.0,0.0,-1.807822,1.192912,2.887878,1.127864,-0.3077328,-3.415307,0.1678265,0.09019478,-0.0649877,0.9795284,19.90763,9.481375,354.0761,0.3116879,-0.08473779,-0.946398,0,0,0,1.347334,-0.6312777,-2.571428,0.07792407,-0.0004412234,0.9267725,0.975283,-0.09704042,-0.19851,0.1575887,0.9352217,0.3170586,0.1548834,-0.3405048,0.9273984,moving,4.576536774941752,4.696716252460315,4.806188600122837,-0.027277715655594514,0.21947000000000005,-0.3235449000000001,0.8438789999999998,0.0795244935494248,0.08162206437865462,0.9934856394662857,4.486444241115258,4.812218930071095,4.714574108514314,4.729572810688562,4.850047859466652
05/17/2023 16:16:00.767749,3222,True,True,True,True,Eyes,1.124142,-0.3071349,-3.408032,0.2436645,-0.2725545,0.9307748,0.0,0.0,0.0,0.0,0.0,0.0,0.0,-1.809324,1.193461,2.886491,1.12784,-0.307767,-3.415127,0.1680415,0.09039645,-0.06517532,0.9794604,19.93557,9.501098,354.0596,0.3117233,-0.0847868,-0.946382,0,0,0,1.347322,-0.6341978,-2.57143,0.07790747,-0.00274545,0.9276188,0.9751613,-0.09729259,-0.1989838,0.158054,0.9350286,0.3173967,0.1551752,-0.3409632,0.9271811,moving,4.540778989088582,4.550532717973849,4.800806112952624,-0.16957638046983178,0.21948199999999995,-0.3264308,0.8436970000000001,0.07892060966722406,0.07909084771412561,0.9937385207000655,4.451719431011212,4.664399947372394,4.712455814544031,4.727266018150007,4.846564623488258
05/17/2023 16:16:00.788150,3223,True,True,True,True,Eyes,1.124376,-0.3073006,-3.407954,0.2430594,-0.2753597,0.9301071,0.0,0.0,0.0,0.0,0.0,0.0,0.0,-1.81049,1.194974,2.885033,1.12787,-0.3079663,-3.415014,0.1683755,0.09052449,-0.06536181,0.9793788,19.97686,9.511626,354.0426,0.3117619,-0.08483547,-0.9463649,0,0,0,1.347322,-0.6342162,-2.57143,0.07765536,-0.001940817,0.9274686,0.9750663,-0.09754371,-0.1993262,0.1585121,0.934755,0.3179731,0.1553049,-0.3416405,0.92691,moving,4.513665709475201,4.423088578825692,4.786114246365622,-0.11989673892290874,0.21945199999999998,-0.3262499,0.8435840000000003,0.07846393858516,0.07688304092800202,0.9939479172181143,4.4255077849061975,4.535514814345244,4.537075443654584,4.551147525903009,4.669356888303664
05/17/2023 16:16:00.797568,3224,True,True,True,True,Eyes,1.124636,-0.307467,-3.407883,0.242485,-0.2781937,0.9294134,0.0,0.0,0.0,0.0,0.0,0.0,0.0,-1.810907,1.198074,2.883332,1.127779,-0.3081258,-3.4149,0.1688586,0.09059316,-0.06533277,0.9792913,20.03297,9.519086,354.0515,0.3118029,-0.08488383,-0.9463471,0,0,0,1.347322,-0.6342162,-2.57143,0.07754354,-0.0009303987,0.9273415,0.975049,-0.09736476,-0.1994982,0.1585545,0.9344369,0.318886,0.1553702,-0.3425609,0.9265593,static,4.492269870559623,4.306912748963634,4.779906419806549,-0.057484649277324947,0.21954299999999982,-0.3260904,0.8434699999999999,0.07810476265352954,0.07486962030113106,0.9941298527109274,4.4049347388272935,4.418012975775618,4.360495436986452,4.373865502531499,4.491178325717087
05/17/2023 16:16:00.817628,3225,True,True,True,True,Eyes,1.124886,-0.3076232,-3.407808,0.2419408,-0.280938,0.9287295,0.0,0.0,0.0,0.0,0.0,0.0,0.0,-1.812132,1.201376,2.881087,1.127835,-0.3081925,-3.414791,0.1694816,0.09072845,-0.06546448,0.9791623,20.10728,9.530787,354.0436,0.3118469,-0.08493191,-0.9463283,0,0,0,1.347322,-0.6342162,-2.57143,0.07720265,0.000281781,0.9272342,0.9749655,-0.09744708,-0.1998658,0.1589543,0.9339807,0.320021,0.1554857,-0.343779,0.9260887,static,4.464912125129408,4.2151341725619,4.759538327654613,0.017411848646193676,0.219487,-0.3260237,0.8433610000000002,0.07763926792586374,0.07327976270616615,0.9942847756918306,4.378224227465958,4.325225979532863,4.195375530152458,4.208049109494173,4.324657562081599
05/17/2023 16:16:00.837821,3226,True,True,True,True,Eyes,1.125154,-0.3077813,-3.407737,0.2414454,-0.2836695,0.9280279,0.0,0.0,0.0,0.0,0.0,0.0,0.0,-1.813055,1.203116,2.879565,1.127845,-0.3080962,-3.414615,0.1698103,0.09087145,-0.06545935,0.9790924,20.1462,9.547172,354.0499,0.3118931,-0.08497947,-0.9463088,0,0,0,1.347322,-0.6342162,-2.57143,0.07692508,0.0007335842,0.9271287,0.9749149,-0.09731968,-0.2001744,0.1590433,0.9337591,0.3206232,0.1557117,-0.3444167,0.9258137,static,4.440492666372718,4.087592228316087,4.743041545959518,0.04533488156071252,0.21947699999999992,-0.32612,0.8431850000000001,0.07722788738969322,0.07106855780389587,0.99447733161235,4.35470781336822,4.196231777315408,4.041505214960811,4.053563898834829,4.169022442618203
05/17/2023 16:16:00.857885,3227,True,True,True,True,Eyes,1.125405,-0.3079396,-3.407665,0.2409686,-0.2863142,0.9273394,0.0,0.0,0.0,0.0,0.0,0.0,0.0,-1.813671,1.204809,2.878345,1.127852,-0.3082046,-3.414498,0.1701004,0.09095525,-0.06547972,0.9790329,20.18053,9.556,354.0516,0.311942,-0.0850266,-0.9462885,0,0,0,1.347322,-0.6342162,-2.57143,0.07673959,0.001336396,0.9269968,0.9748791,-0.09727054,-0.2003726,0.1591566,0.9335565,0.3211563,0.1558201,-0.3449793,0.925586,static,4.423903129725261,3.9615509655874708,4.732326804409115,0.0825998509514854,0.21946999999999983,-0.3260116,0.8430680000000002,0.07695177128993094,0.06888217651537842,0.9946525628347853,4.339012694306505,4.068727119509383,3.879726091521033,3.891193507503995,4.005484563738406
05/17/2023 16:16:00.867835,3228,True,True,True,True,Eyes,1.125669,-0.3080988,-3.407598,0.2404898,-0.2889606,0.9266426,0.0,0.0,0.0,0.0,0.0,0.0,0.0,-1.813902,1.206694,2.877261,1.127724,-0.3083626,-3.414401,0.1704104,0.09099182,-0.06551562,0.9789733,20.21704,9.55875,354.0506,0.3119927,-0.08507334,-0.9462675,0,0,0,1.347322,-0.6342162,-2.57143,0.07676589,0.002058983,0.9268802,0.9748564,-0.09726416,-0.2004862,0.159288,0.933336,0.3217317,0.155828,-0.3455772,0.9253616,static,4.41275877106773,3.838109195842785,4.734534100791336,0.12727733523738444,0.21959799999999996,-0.3258536,0.8429709999999999,0.07676950778511413,0.06674001537846852,0.9948126926275481,4.328745658620898,3.943833040249668,3.7138667829717904,3.7247566981620253,3.838067444595121
05/17/2023 16:16:00.877779,3229,True,True,True,True,Eyes,1.125921,-0.3082556,-3.40753,0.240015,-0.291552,0.9259537,0.0,0.0,0.0,0.0,0.0,0.0,0.0,-1.813787,1.209379,2.876071,1.127714,-0.3084571,-3.414282,0.1708796,0.09093404,-0.06560906,0.9788905,20.27199,9.54844,354.042,0.3120454,-0.08511976,-0.946246,0,0,0,1.347322,-0.6342162,-2.57143,0.07685344,0.003017634,0.9267315,0.9748529,-0.09737059,-0.2004514,0.1595257,0.9329912,0.3226127,0.1556064,-0.3464771,0.9250623,static,4.411653972654749,3.7377513792823263,4.7406662389376315,0.18656653113214744,0.2196079999999998,-0.3257591,0.8428520000000002,0.07675917145327299,0.06499747553317424,0.9949288322512378,4.3283562290668085,3.842264730226126,3.556010465031807,3.566393542094872,3.6788760331246055
05/17/2023 16:16:00.897583,3230,True,True,True,True,Eyes,1.126205,-0.3084134,-3.407471,0.2394659,-0.2941629,0.9252699,0.0,0.0,0.0,0.0,0.0,0.0,0.0,-1.812957,1.214121,2.874497,1.127677,-0.3085452,-3.414202,0.1715878,0.09079167,-0.06553007,0.9787852,20.35247,9.530913,354.0541,0.3120996,-0.08516583,-0.9462239,0,0,0,1.347322,-0.6342162,-2.57143,0.07702787,0.004377663,0.926617,0.9749254,-0.09712224,-0.2002194,0.1594372,0.9325269,0.323996,0.1552427,-0.3477944,0.924629,static,4.412132618499314,3.660084839417123,4.751961089781871,0.27068330063662915,0.21964499999999987,-0.325671,0.8427720000000001,0.0767741748281636,0.06364868279241694,0.9950149185331216,4.329388849534599,3.763656403444018,3.39653259369871,3.406394895043999,3.518441188248494
05/17/2023 16:16:00.917402,3231,True,True,True,True,Eyes,1.126472,-0.3085687,-3.407409,0.2389159,-0.2967053,0.9246,0.0,0.0,0.0,0.0,0.0,0.0,0.0,-1.811825,1.218658,2.873173,1.127641,-0.3085941,-3.414111,0.1722859,0.09058889,-0.06550404,0.9786831,20.43194,9.505002,354.0585,0.3121558,-0.08521155,-0.9462012,0,0,0,1.347322,-0.6342162,-2.57143,0.07733463,0.00570035,0.9264926,0.9750057,-0.09700102,-0.1998865,0.1594298,0.9320536,0.3253587,0.1547448,-0.3490945,0.9242224,static,4.419601112136138,3.586592532357503,4.771435997448335,0.3525142841472504,0.21968100000000002,-0.3256221,0.8426810000000002,0.07691008266310251,0.062371683486830934,0.9950852298193722,4.337383402794834,3.6892466738569465,3.24377234368055,3.2531599871616126,3.3648454192523043
05/17/2023 16:16:00.937664,3232,True,True,True,True,Eyes,1.126708,-0.3087181,-3.407345,0.2383593,-0.2992465,0.9239244,0.0,0.0,0.0,0.0,0.0,0.0,0.0,-1.810038,1.222509,2.872443,1.127517,-0.3086808,-3.413959,0.1728106,0.09032481,-0.06538186,0.9786232,20.49001,9.474262,354.0717,0.3122135,-0.08525693,-0.9461781,0,0,0,1.347322,-0.6342162,-2.57143,0.07784611,0.006700754,0.9263033,0.9751333,-0.09675024,-0.1993853,0.1591865,0.9317234,0.3264216,0.1541905,-0.350044,0.9239559,static,4.433962391729183,3.4914235121467705,4.803823360047907,0.41446276525894665,0.2198049999999998,-0.32553540000000003,0.8425290000000003,0.07716738220840859,0.0607175357143863,0.9951675720972695,4.352427146960214,3.592872085490727,3.0901758169913656,3.099110287449309,3.21030284367786
05/17/2023 16:16:00.954853,3233,True,True,True,True,Eyes,1.126933,-0.3088728,-3.40728,0.2377975,-0.3017444,0.9232566,0.0,0.0,0.0,0.0,0.0,0.0,0.0,-1.80831,1.226734,2.87168,1.127404,-0.308706,-3.413952,0.1734504,0.09003286,-0.06537451,0.9785374,20.56238,9.437345,354.0713,0.3122718,-0.08530186,-0.9461548,0,0,0,1.347322,-0.6342162,-2.57143,0.07839258,0.007944286,0.9262588,0.9752405,-0.09671032,-0.1988795,0.1591753,0.9312823,0.3276836,0.1535226,-0.351227,0.9236181,static,4.451299984848324,3.4144047061880785,4.8376174308760325,0.4913992704674163,0.21991799999999984,-0.3255102,0.8425220000000002,0.07747477334794006,0.05937833047772968,0.9952245760357472,4.370318562206035,3.5148562454201415,2.9399382372594296,2.9484236375320814,3.0593561924121455
05/17/2023 16:16:00.967774,3234,True,True,True,True,Eyes,1.127125,-0.3090259,-3.407212,0.2372353,-0.3042317,0.9225847,0.0,0.0,0.0,0.0,0.0,0.0,0.0,-1.806466,1.232596,2.870241,1.127384,-0.3089753,-3.413859,0.1742683,0.0897266,-0.0652464,0.9784286,20.6542,9.400807,354.0865,0.3123303,-0.08534653,-0.9461314,0,0,0,1.347322,-0.6342162,-2.57143,0.07880545,0.00966239,0.9260332,0.9753841,-0.09640488,-0.1983229,0.1589509,0.9307469,0.3293096,0.1528414,-0.3527269,0.9231594,static,4.467179948673734,3.355967979821886,4.864152865732139,0.5978123433407219,0.21993799999999997,-0.3252409,0.8424290000000001,0.07775527128266682,0.058361977534834936,0.9952627999131951,4.386619451322468,3.4556528377893194,2.7786007704376203,2.786576755076141,2.897462761380716
05/17/2023 16:16:00.977406,3235,True,True,True,True,Eyes,1.127307,-0.3091713,-3.407141,0.2366592,-0.3066836,0.9219206,0.0,0.0,0.0,0.0,0.0,0.0,0.0,-1.804409,1.237962,2.869154,1.12735,-0.3091174,-3.413798,0.1750568,0.08936986,-0.06520416,0.9783235,20.74313,9.356381,354.09,0.3123882,-0.08539097,-0.9461083,0,0,0,1.347322,-0.6342162,-2.57143,0.07936013,0.01125216,0.9258707,0.9755229,-0.0962919,-0.1976941,0.1588711,0.9302071,0.3308698,0.1520364,-0.3541789,0.9227362,static,4.4890296646174885,3.2980773830618455,4.8990792020712535,0.6962846336004354,0.21997199999999983,-0.3250988,0.842368,0.07813937629693794,0.05735462380647899,0.9952912564460226,4.4088877796607635,3.396979830558953,2.6264035874573386,2.6339070094283907,2.7448209736665206
05/17/2023 16:16:00.997455,3236,True,True,True,True,Eyes,1.12747,-0.3093061,-3.407067,0.2361149,-0.3090616,0.9212658,0.0,0.0,0.0,0.0,0.0,0.0,0.0,-1.802233,1.243467,2.86799,1.127311,-0.3090625,-3.413688,0.1759288,0.08897918,-0.06522973,0.9782009,20.84221,9.306108,354.0851,0.3124453,-0.085435,-0.9460855,0,0,0,1.347322,-0.6342162,-2.57143,0.08001897,0.01282364,0.9257222,0.9756556,-0.09630754,-0.1970306,0.1589235,0.9295883,0.3325793,0.1511274,-0.3557956,0.9222635,static,4.516176857557678,3.255795674249231,4.940338929877334,0.7936435552591773,0.22001099999999996,-0.3251537,0.8422580000000002,0.07861425475629744,0.05661800750017276,0.9952960328575777,4.436343679962206,3.3540848018582596,2.4913353583280067,2.4984208053571995,2.609572874863409
05/17/2023 16:16:01.017658,3237,True,True,True,True,Eyes,1.127629,-0.309438,-3.406993,0.2355841,-0.3113465,0.9206321,0.0,0.0,0.0,0.0,0.0,0.0,0.0,-1.800599,1.245201,2.868122,1.127283,-0.3089604,-3.413588,0.1761676,0.08872408,-0.06517235,0.9781849,20.86784,9.275846,354.0882,0.3125013,-0.08547838,-0.9460631,0,0,0,1.347322,-0.6342162,-2.57143,0.08049048,0.01313919,0.9256281,0.9757612,-0.0962406,-0.1965396,0.1587618,0.9294351,0.3330842,0.1506146,-0.3562136,0.9221861,static,4.531979880790052,3.143929249400937,4.96980707770539,0.8132527266465137,0.22003899999999987,-0.3252558,0.842158,0.07889733178919014,0.05467342058130975,0.9953823400603184,4.4529486205895195,3.2408053256164426,2.364753453402296,2.3714438024286792,2.481965810694792
05/17/2023 16:16:01.027836,3238,True,True,True,True,Eyes,1.127787,-0.3095698,-3.40692,0.2350727,-0.3135497,0.9200149,0.0,0.0,0.0,0.0,0.0,0.0,0.0,-1.800179,1.245524,2.868155,1.127327,-0.3090171,-3.413493,0.1762162,0.08864333,-0.06519343,0.978182,20.8732,9.265476,354.0843,0.3125562,-0.0855211,-0.9460411,0,0,0,1.347322,-0.6342162,-2.57143,0.08060753,0.01325566,0.9254991,0.9757844,-0.09630129,-0.1963949,0.1587828,0.9293954,0.3331851,0.1504423,-0.356301,0.9221804,static,4.53097348349754,3.0159024260323033,4.977688173049575,0.8205750225493441,0.21999499999999994,-0.3251991,0.842063,0.07888927408079714,0.052449148800810474,0.9955026740810219,4.452854928662565,3.1112327634027253,2.2340743953029145,2.2403161433924463,2.3500133659503537
05/17/2023 16:16:01.055152,3239,True,True,True,True,Eyes,1.127941,-0.3096988,-3.406846,0.2345851,-0.31568,0.9194106,0.0,0.0,0.0,0.0,0.0,0.0,0.0,-1.800019,1.246875,2.867586,1.127299,-0.3091301,-3.413422,0.1764292,0.08860756,-0.06521404,0.9781456,20.89789,9.260087,354.0827,0.31261,-0.08556323,-0.9460195,0,0,0,1.347322,-0.6342162,-2.57143,0.080678,0.01374629,0.9253883,0.9757917,-0.09631173,-0.1963535,0.1588436,0.9292398,0.3335899,0.1503309,-0.3567037,0.9220429,static,4.524280991558439,2.9109522340509306,4.982611466789186,0.8510443429909142,0.22002299999999986,-0.3250861,0.8419920000000003,0.07878040962336016,0.05062600739874468,0.9956056133674657,4.446909073881198,3.005037405896869,2.1045228619450675,2.110281342422514,2.219608787334904
05/17/2023 16:16:01.067808,3240,True,True,True,True,Eyes,1.128087,-0.3098173,-3.406776,0.2341782,-0.3177114,0.9188145,0.0,0.0,0.0,0.0,0.0,0.0,0.0,-1.800706,1.247903,2.866597,1.127346,-0.3091864,-3.413309,0.1766367,0.08869311,-0.06526726,0.9780968,20.923,9.268663,354.0798,0.3126629,-0.08560475,-0.9459983,0,0,0,1.347322,-0.6342162,-2.57143,0.08047673,0.01415169,0.9252659,0.9757475,-0.09634247,-0.1965581,0.1590083,0.9290793,0.3339581,0.1504437,-0.3571131,0.9218661,static,4.5081862969822115,2.811718470565561,4.970897729301881,0.876255023791038,0.21997599999999995,-0.32502980000000004,0.841879,0.07850749140419536,0.04890264752061532,0.995713389140843,4.4315177610521355,2.9046628459815302,1.9847026915390094,1.9900051817519564,2.098897101639971
05/17/2023 16:16:01.077612,3241,True,True,True,True,Eyes,1.128228,-0.3099338,-3.406706,0.2337939,-0.3196532,0.9182388,0.0,0.0,0.0,0.0,0.0,0.0,0.0,-1.801181,1.249102,2.865726,1.127237,-0.3090481,-3.413315,0.1768794,0.08877193,-0.06529756,0.9780438,20.95194,9.276834,354.0798,0.3127146,-0.08564544,-0.9459775,0,0,0,1.347322,-0.6342162,-2.57143,0.08042347,0.01449871,0.9253454,0.9757116,-0.09632389,-0.1967452,0.1591316,0.9288999,0.3343983,0.1505461,-0.3575847,0.9216665,static,4.492830796858956,2.721500838582751,4.967199772876796,0.8976614800345268,0.22008499999999986,-0.3251681,0.841885,0.07824655447532324,0.04733572135073416,0.995809748882705,4.4168015435864465,2.8134107734503337,1.879636914353,1.8845200798075388,1.9932469907237076
05/17/2023 16:16:01.097444,3242,True,True,True,True,Eyes,1.128356,-0.310042,-3.40663,0.2335386,-0.3215131,0.9176542,0.0,0.0,0.0,0.0,0.0,0.0,0.0,-1.801762,1.248411,2.865602,1.127266,-0.3091152,-3.41325,0.1767814,0.08886422,-0.06531303,0.9780522,20.94127,9.287935,354.0792,0.3127652,-0.08568531,-0.9459572,0,0,0,1.347322,-0.6342162,-2.57143,0.08025131,0.01435253,0.9252729,0.9756747,-0.09633999,-0.1969199,0.1591781,0.9289651,0.3341948,0.1507354,-0.3574108,0.921703,static,4.485555602576236,2.5971618680545188,4.957006114579367,0.8886820839046274,0.2200559999999998,-0.32510100000000003,0.8418200000000002,0.07812793200549606,0.045175000547582694,0.9959193880557203,4.4104110953882385,2.6875941560807575,1.7678180049189776,1.7723342681663845,1.8801198787379407
05/17/2023 16:16:01.117693,3243,True,True,True,True,Eyes,1.12848,-0.3101458,-3.406552,0.2332997,-0.3232968,0.917088,0.0,0.0,0.0,0.0,0.0,0.0,0.0,-1.802384,1.249513,2.864509,1.12727,-0.3090439,-3.413069,0.1769892,0.08896846,-0.06529073,0.9780065,20.96581,9.30045,354.0858,0.3128144,-0.08572426,-0.9459374,0,0,0,1.347322,-0.6342162,-2.57143,0.08006249,0.01459682,0.9251449,0.9756435,-0.09621658,-0.1971349,0.1592024,0.9288239,0.3345756,0.1509119,-0.3578108,0.9215189,static,4.474088896009694,2.511765585535758,4.946081723075721,0.9039306071212052,0.22005199999999991,-0.3251723,0.8416390000000002,0.07793375506413268,0.0436912479618112,0.9960006904251992,4.399550320242371,2.601207233676932,1.6715137527924289,1.67568211383159,1.78309969472696
05/17/2023 16:16:01.127913,3244,True,True,True,True,Eyes,1.128606,-0.3102401,-3.406474,0.2331271,-0.3249503,0.9165473,0.0,0.0,0.0,0.0,0.0,0.0,0.0,-1.802675,1.249739,2.864069,1.127306,-0.3090404,-3.412924,0.1769959,0.0890402,-0.06518576,0.9780057,20.96603,9.311437,354.1002,0.3128624,-0.08576226,-0.9459181,0,0,0,1.347322,-0.6342162,-2.57143,0.07989344,0.01451135,0.925022,0.9756454,-0.09598459,-0.1972388,0.1590236,0.9288465,0.3345977,0.1510884,-0.3578143,0.9214886,static,4.469553849146563,2.409768082940805,4.936342359707055,0.898757991054489,0.220016,-0.3251758,0.841494,0.07786083632368242,0.04191834492722335,0.9960825457196454,4.395741426202546,2.497992228643029,1.5775987581168776,1.5814686248464038,1.6881349223274025
05/17/2023 16:16:01.155161,3245,True,True,True,True,Eyes,1.128729,-0.3103339,-3.406397,0.2329737,-0.3264967,0.9160367,0.0,0.0,0.0,0.0,0.0,0.0,0.0,-1.803097,1.247969,2.864487,1.127381,-0.3089134,-3.412837,0.1767126,0.0891304,-0.06512114,0.9780531,20.93307,9.324575,354.1077,0.3129094,-0.08579914,-0.9458992,0,0,0,1.347322,-0.6342162,-2.57143,0.07970849,0.01379886,0.9249967,0.97563,-0.09588294,-0.197364,0.1588848,0.9290638,0.3340601,0.1513331,-0.3572772,0.9216568,static,4.466163144579721,2.281640827120754,4.925105244442118,0.8546601304291931,0.21994099999999994,-0.3253028,0.8414070000000002,0.07780897955549886,0.03969092465461349,0.9961779303668918,4.393263511503922,2.3683269405980734,1.4953263669317167,1.4989668974852108,1.6043823861852688
05/17/2023 16:16:01.177721,3246,True,True,True,True,Eyes,1.128828,-0.3104182,-3.40632,0.2330039,-0.3279643,0.9155046,0.0,0.0,0.0,0.0,0.0,0.0,0.0,-1.803541,1.245027,2.865453,1.127414,-0.3090025,-3.412789,0.1761924,0.08924194,-0.06503471,0.9781425,20.87254,9.341434,354.1165,0.3129552,-0.085835,-0.9458808,0,0,0,1.347322,-0.6342162,-2.57143,0.0795251,0.01285845,0.9249431,0.9756128,-0.09577891,-0.1974999,0.1586739,0.9294535,0.3330749,0.1516654,-0.3562902,0.9219842,static,4.472189113456941,2.131247936061831,4.914112670836904,0.7964678698048034,0.219908,-0.3252137,0.8413590000000002,0.07792158316614273,0.03707564504013766,0.9962698909093859,4.4003635435312916,2.2160912995152073,1.4026115140096262,1.406034941189043,1.5097247590173541
05/17/2023 16:16:01.187613,3247,True,True,True,True,Eyes,1.128893,-0.3104989,-3.406237,0.233253,-0.3292853,0.9149668,0.0,0.0,0.0,0.0,0.0,0.0,0.0,-1.805091,1.244044,2.864876,1.127369,-0.308895,-3.412789,0.1763261,0.08937041,-0.06556755,0.9780712,20.8939,9.344843,354.0562,0.3129995,-0.0858697,-0.9458629,0,0,0,1.347322,-0.6342162,-2.57143,0.0794784,0.01318872,0.9249912,0.9754277,-0.09674279,-0.1979438,0.1597761,0.92922,0.3331993,0.1516987,-0.3566385,0.9218441,static,4.4918143782853015,2.078416327108825,4.910986907749934,0.8168799788156236,0.21995299999999984,-0.32532120000000003,0.8413590000000002,0.07826546317210714,0.03615600540725614,0.9962767067711537,4.420370755270187,2.1625468328344923,1.326101465830243,1.329353063532305,1.432314033680837
05/17/2023 16:16:01.208026,3248,True,True,True,True,Eyes,1.128951,-0.3105759,-3.406162,0.233505,-0.3305592,0.914443,0.0,0.0,0.0,0.0,0.0,0.0,0.0,-1.80666,1.242475,2.864535,1.127404,-0.308977,-3.412744,0.1760478,0.08966212,-0.0654535,0.9781021,20.86228,9.383428,354.0743,0.3130417,-0.08590329,-0.945846,0,0,0,1.347322,-0.6342162,-2.57143,0.07892022,0.01267046,0.9249675,0.9753531,-0.09647078,-0.1984433,0.1596101,0.929446,0.3326481,0.1523515,-0.3561229,0.9219357,static,4.486249826270112,1.9670946244167085,4.876788113835346,0.7848043096773201,0.21991799999999984,-0.3252392,0.8413140000000001,0.0781740335171035,0.034220487685586554,0.9963522211973371,4.4155985751216225,2.0498986296284163,1.2420648818642122,1.2451227017370405,1.3465360852912571
05/17/2023 16:16:01.228207,3249,True,True,True,True,Eyes,1.128959,-0.3106473,-3.40608,0.2338854,-0.3317593,0.913911,0.0,0.0,0.0,0.0,0.0,0.0,0.0,-1.807421,1.243297,2.863778,1.127313,-0.3089636,-3.412842,0.1761473,0.0898208,-0.06534114,0.9780772,20.8737,9.404814,354.0921,0.3130817,-0.08593576,-0.9458297,0,0,0,1.347322,-0.6342162,-2.57143,0.07865284,0.01284102,0.9251031,0.9753255,-0.09617396,-0.1987227,0.1594607,0.9294053,0.3328333,0.152684,-0.3563092,0.9218087,static,4.499435100233854,1.9048053903736402,4.85963593504652,0.7952508257314307,0.2200089999999999,-0.3252526,0.841412,0.07840618197054473,0.03313667449152666,0.9963705941180191,4.429231533068445,1.9868061711478315,1.1636644589821858,1.1665573167736358,1.266906504219038
05/17/2023 16:16:01.247625,3250,True,True,True,True,Eyes,1.128968,-0.3107131,-3.406006,0.2342617,-0.3329134,0.9133948,0.0,0.0,0.0,0.0,0.0,0.0,0.0,-1.807155,1.244866,2.863309,1.127307,-0.3090164,-3.412876,0.1762266,0.08985884,-0.06498381,0.9780833,20.87972,9.417068,354.1366,0.3131184,-0.08596714,-0.9458148,0,0,0,1.347322,-0.6342162,-2.57143,0.07846227,0.01292536,0.9251327,0.975405,-0.09544812,-0.1986826,0.1587902,0.9294425,0.3330499,0.1528751,-0.3564074,0.9217392,static,4.5219319399519255,1.8383773924560571,4.847763210400138,0.8004477587783979,0.22001499999999985,-0.3251998,0.8414459999999999,0.07880036453074925,0.03198047614401689,0.9963772821320811,4.452208037683943,1.9194900132919548,1.085120099914245,1.0878712889253657,1.186894882476676
05/17/2023 16:16:01.255099,3251,True,True,True,True,Eyes,1.128939,-0.3107724,-3.405925,0.2347076,-0.3340218,0.9128755,0.0,0.0,0.0,0.0,0.0,0.0,0.0,-1.807862,1.245334,2.862769,1.127366,-0.3089469,-3.412956,0.1762751,0.08998976,-0.06486781,0.9780702,20.88502,9.43533,354.1539,0.3131523,-0.08599735,-0.9458008,0,0,0,1.347322,-0.6342162,-2.57143,0.07811557,0.01292026,0.9252449,0.9753881,-0.09516463,-0.1989017,0.1586165,0.9294385,0.333144,0.1531634,-0.3564938,0.9216578,static,4.5416252348850366,1.7759876857110024,4.825861372396261,0.8000349491108063,0.21995599999999982,-0.3252693,0.841526,0.07914553035723784,0.030894648360890703,0.9963841651694278,4.472351457296267,1.8562715128766967,1.0138521835580738,1.0165008243699123,1.1138244649449844
05/17/2023 16:16:01.267748,3252,True,True,True,True,Eyes,1.128912,-0.3108208,-3.405845,0.2351475,-0.3350612,0.9123813,0.0,0.0,0.0,0.0,0.0,0.0,0.0,-1.808049,1.246843,2.861993,1.127387,-0.3089414,-3.412949,0.176428,0.09006445,-0.06464466,0.9780505,20.90107,9.448874,354.1837,0.3131827,-0.08602639,-0.9457881,0,0,0,1.347322,-0.6342162,-2.57143,0.07787308,0.01311246,0.925253,0.9754189,-0.09467169,-0.1989854,0.1582313,0.9293885,0.3334666,0.1533649,-0.3567554,0.921523,static,4.564052857540328,1.7277204392787882,4.810909212062914,0.8119274697375797,0.219935,-0.32527480000000003,0.8415189999999999,0.07953758715352136,0.03005432176229403,0.9963786936022789,4.495129220387644,1.8073361645507116,0.9459390590664877,0.9484802701317966,1.0442966402569802
05/17/2023 16:16:01.277736,3253,True,True,True,True,Eyes,1.128888,-0.3108625,-3.405769,0.2355723,-0.3360128,0.9119217,0.0,0.0,0.0,0.0,0.0,0.0,0.0,-1.808323,1.2453,2.862417,1.127424,-0.3087346,-3.412892,0.1761365,0.09016458,-0.06446448,0.9781057,20.86609,9.465735,354.2052,0.31321,-0.08605405,-0.9457766,0,0,0,1.347322,-0.6342162,-2.57143,0.07767473,0.01228675,0.9252937,0.9754294,-0.0943436,-0.1990901,0.1578687,0.9296405,0.3329354,0.1536719,-0.356185,0.9216926,static,4.586414597356887,1.6343311848333821,4.798502582938471,0.7607720087780573,0.21989799999999993,-0.3254816,0.8414619999999999,0.07993025921398945,0.028429340837291872,0.9963950137689174,4.518162852707675,1.7127329444334953,0.8964334291155417,0.8989365648912676,0.9923809688621866
05/17/2023 16:16:01.307748,3254,True,True,True,True,Eyes,1.128823,-0.3108957,-3.405689,0.2360303,-0.3368898,0.9114796,0.9157541,1.344969,-0.619404,-2.570997,-0.1567965,0.9872103,0.02882482,0.07400385,0.02460799,0.9201125,1.127437,-0.3086258,-3.412891,0.1755537,0.09013151,-0.0643322,0.9782222,20.79699,9.466192,354.2157,0.3132345,-0.08608029,-0.9457661,0,0,0,1.347322,-0.6342162,-2.57143,0.07778031,0.01105833,0.9253348,0.9754754,-0.09421649,-0.1989248,0.1575082,0.9300845,0.3318644,0.1537498,-0.3550578,0.9221144,static,4.628481937132555,1.5136059922666656,4.804782047106445,0.6846878310506771,0.21988499999999989,-0.3255904,0.8414610000000002,0.08066644821926203,0.026328256591068966,0.9963934203490374,4.561102241019304,1.5903892011923788,0.8449796988957352,0.8474591711525111,0.9379098143058439
05/17/2023 16:16:01.317664,3255,True,True,True,True,Eyes,1.128762,-0.310929,-3.405615,0.2364596,-0.3377026,0.9110674,0.9137855,1.344835,-0.6195167,-2.573094,-0.165762,0.9799024,-0.1109689,0.07460107,0.02286753,0.9182714,1.127422,-0.3085569,-3.412943,0.1750699,0.09001545,-0.06436384,0.9783175,20.74047,9.45276,354.2055,0.3132556,-0.08610505,-0.9457569,0,0,0,1.347322,-0.6342162,-2.57143,0.07808407,0.01013339,0.9253945,0.975509,-0.09441853,-0.1986637,0.1574545,0.9304157,0.3309605,0.153591,-0.3541354,0.9224955,static,4.679530034641832,1.4117469665722384,4.823148375034002,0.6273835366573106,0.21989999999999998,-0.3256593,0.841513,0.08155783747893691,0.024555063719784054,0.9963660792164477,4.612890229888831,1.4871063552054458,0.7949572458314175,0.7974034222932022,0.8850603438931368
05/17/2023 16:16:01.347770,3256,True,True,True,True,Eyes,1.128664,-0.3109531,-3.405538,0.2368981,-0.3385154,0.9106518,0.9123478,1.344798,-0.6197968,-2.574707,-0.168233,0.9612286,-0.2184883,0.07523555,0.02144891,0.9169254,1.127424,-0.3086011,-3.413026,0.1746792,0.08986601,-0.06443316,0.9783965,20.69491,9.434239,354.1907,0.3132737,-0.08612846,-0.9457487,0,0,0,1.347322,-0.6342162,-2.57143,0.07841274,0.009508967,0.9254326,0.9755449,-0.09468689,-0.1983594,0.1574778,0.9306711,0.3302303,0.1533389,-0.3533917,0.9228226,static,4.734760955397905,1.321540077347274,4.843155054643903,0.5887025201878753,0.21989799999999993,-0.3256151,0.841596,0.08252134397585294,0.02298451982103389,0.9963242576094519,4.668779057646793,1.3956010188940136,0.7384277688132567,0.7408104790934765,0.8255253936390787
05/17/2023 16:16:01.357855,3257,True,True,True,True,Eyes,1.128514,-0.3109678,-3.405448,0.2373654,-0.3392794,0.9102457,0.9112632,1.344816,-0.6201407,-2.575975,-0.1669926,0.9382575,-0.3029626,0.07583018,0.0204612,0.9159595,1.127425,-0.3084939,-3.413094,0.1745516,0.08973584,-0.06458857,0.978421,20.68082,9.415467,354.1681,0.3132881,-0.08615044,-0.945742,0,0,0,1.347322,-0.6342162,-2.57143,0.07871166,0.009255737,0.925509,0.9755516,-0.09506255,-0.1981469,0.1577167,0.9307202,0.329978,0.1530508,-0.3531617,0.9229584,static,4.788212052073405,1.266368765747698,4.861130106019382,0.5729787477126262,0.219897,-0.3257223,0.8416640000000002,0.08345258200202045,0.022023413782895435,0.9962683948377333,4.722637747598029,1.3395619549126967,0.6948682467822056,0.6972135682141776,0.7789929055532243
05/17/2023 16:16:01.367730,3258,True,True,True,True,Eyes,1.128368,-0.3109804,-3.405368,0.2378054,-0.3399818,0.9098687,0.9104183,1.34487,-0.6205061,-2.577007,-0.1634139,0.9138419,-0.3717377,0.07633726,0.01861915,0.9150659,1.127491,-0.3084275,-3.412993,0.1739805,0.08963121,-0.06452111,0.9785368,20.61329,9.405866,354.1694,0.313298,-0.08617095,-0.9457369,0,0,0,1.347322,-0.6342162,-2.57143,0.07892922,0.008073628,0.9254176,0.9756066,-0.09508439,-0.1978657,0.1574607,0.9311357,0.3289264,0.152964,-0.3520589,0.9233941,static,4.836740190684596,1.1590372363008274,4.874980794284885,0.49985333537104115,0.2198309999999999,-0.3257887,0.8415630000000003,0.0842996894279342,0.02015563577855653,0.9962366167476508,4.7719441349071845,1.230749801387737,0.6579777511662547,0.6602921770010036,0.7381234295234173
05/17/2023 16:16:01.377746,3259,True,True,True,True,Eyes,1.128232,-0.3109855,-3.40529,0.2382148,-0.3406587,0.9095083,0.9097193,1.34494,-0.6208893,-2.577893,-0.1587305,0.8883661,-0.4308251,0.07695407,0.01728201,0.9145495,1.127443,-0.3083953,-3.413155,0.173582,0.08948281,-0.06449399,0.9786229,20.56592,9.389633,354.1662,0.3133039,-0.08619004,-0.9457332,0,0,0,1.347322,-0.6342162,-2.57143,0.07926902,0.007364839,0.9255649,0.9756667,-0.09516536,-0.1975298,0.1572958,0.9314197,0.3282005,0.1527499,-0.3512849,0.9237242,static,4.887353752844301,1.0739622676258123,4.89509102064763,0.4559002679771389,0.21987899999999994,-0.3258209,0.8417250000000003,0.08518215088899804,0.01867495622990384,0.9961903612128333,4.823177784524496,1.1444557754050484,0.6158694876935361,0.6181104276120709,0.6923006574740541
05/17/2023 16:16:01.397736,3260,True,True,True,True,Eyes,1.128047,-0.3109832,-3.405208,0.2386747,-0.3413102,0.9091434,0.9091328,1.345034,-0.6212795,-2.578676,-0.1524764,0.8622702,-0.4829504,0.07741554,0.01656938,0.9139698,1.127567,-0.3082248,-3.41313,0.1735497,0.08939205,-0.06489128,0.9786106,20.56542,9.370154,354.1162,0.3133065,-0.08620766,-0.9457307,0,0,0,1.347322,-0.6342162,-2.57143,0.07945804,0.007259727,0.9255564,0.9755964,-0.09597865,-0.1974837,0.1580345,0.9313393,0.3280736,0.1524363,-0.3512766,0.9237791,static,4.938232468822738,1.0415035850910876,4.906751474140024,0.4493979920466568,0.21975499999999992,-0.3259914,0.8417000000000003,0.08606763110273331,0.018109217348437706,0.9961246939671164,4.87430144624549,1.1114138566866183,0.5907266248936534,0.5929418912007399,0.6628106889190546
05/17/2023 16:16:01.417640,3261,True,True,True,True,Eyes,1.127872,-0.3109798,-3.405128,0.23913,-0.3419044,0.9088004,0.9086604,1.34516,-0.6216547,-2.579337,-0.1440751,0.8374683,-0.5271521,0.07756667,0.01502427,0.9136494,1.127599,-0.3081761,-3.413241,0.1729984,0.08950049,-0.06498656,0.9786921,20.50303,9.382752,354.1027,0.3133049,-0.08622377,-0.9457299,0,0,0,1.347322,-0.6342162,-2.57143,0.07932073,0.006248176,0.9256862,0.9755328,-0.09623679,-0.1976719,0.1581705,0.9316967,0.3269916,0.1527017,-0.3502568,0.9241225,static,4.9651793580315955,0.9456607276246317,4.897629994629547,0.38672789755984827,0.2197229999999999,-0.3260401,0.8418110000000003,0.08653860188084936,0.016442228161506783,0.9961127778505369,4.901938939620296,1.0143101798943486,0.5608787542463982,0.562999844600556,0.6275970746483079
05/17/2023 16:16:01.427796,3262,True,True,True,True,Eyes,1.127659,-0.3109733,-3.405046,0.2396191,-0.3424927,0.90845,0.9082451,1.345292,-0.6220407,-2.579951,-0.1353023,0.8117465,-0.5681204,0.07757343,0.01366869,0.9132438,1.127671,-0.3081595,-3.413221,0.1725339,0.08969355,-0.0652237,0.9787406,20.45258,9.402271,354.0747,0.3132997,-0.08623848,-0.9457302,0,0,0,1.347322,-0.6342162,-2.57143,0.07904281,0.005421907,0.9256858,0.9754019,-0.09672381,-0.19808,0.1586245,0.9319559,0.3260315,0.1530668,-0.3494321,0.9243743,static,4.986218398322135,0.863004530872842,4.880555055111832,0.33558777245582816,0.21965099999999982,-0.32605670000000003,0.8417910000000002,0.08690633493176368,0.015004714590044377,0.9961034648202463,4.923572983481529,0.9305748689293486,0.5358871627477325,0.5378969967916619,0.5965401806510696
05/17/2023 16:16:01.447598,3263,True,True,True,True,Eyes,1.127458,-0.3109678,-3.404969,0.2401083,-0.3430445,0.9081126,0.907892,1.345451,-0.6224151,-2.580501,-0.1247084,0.7866345,-0.6046933,0.07767922,0.01255974,0.9130397,1.127651,-0.308185,-3.413362,0.1721507,0.0898407,-0.06531896,0.9787882,20.40994,9.419088,354.0634,0.3132904,-0.08625189,-0.9457321,0,0,0,1.347322,-0.6342162,-2.57143,0.07884838,0.004806817,0.9258298,0.9753242,-0.09693459,-0.1983594,0.1587991,0.9321952,0.3252614,0.1533806,-0.3487346,0.9245856,static,5.008977043414005,0.7890577424604531,4.867854005620496,0.2974713628713161,0.21967099999999995,-0.3260312,0.8419319999999999,0.08730360878544167,0.013718638455186144,0.9960872942869385,4.9468649800747855,0.8556479411983919,0.5095756318941994,0.5114419619014684,0.5637409215917704
05/17/2023 16:16:01.467714,3264,True,True,True,True,Eyes,1.127221,-0.3109509,-3.404889,0.2405666,-0.3436034,0.9077799,0.907585,1.345556,-0.6228002,-2.581001,-0.1177016,0.7609761,-0.638014,0.07740469,0.01171964,0.9127697,1.12774,-0.3082046,-3.413385,0.17196,0.09009715,-0.06537148,0.9787946,20.38988,9.449452,354.0611,0.3132776,-0.08626413,-0.9457352,0,0,0,1.347322,-0.6342162,-2.57143,0.07833059,0.004466355,0.9258689,0.9752182,-0.09698432,-0.1988558,0.1589567,0.9323127,0.3248474,0.1538907,-0.3484065,0.9246246,static,5.01513728595074,0.7352964021794102,4.835836104919774,0.27639043316779904,0.21958199999999994,-0.3260116,0.841955,0.08741178327049574,0.012783869201825393,0.9960901993317834,4.953410232146411,0.8012128772066238,0.4909826258120591,0.4926901682737184,0.5378310823669369
05/17/2023 16:16:01.477492,3265,True,True,True,True,Eyes,1.126996,-0.3109291,-3.404812,0.2410281,-0.3440959,0.9074709,0.9073501,1.345693,-0.6231446,-2.581418,-0.1085905,0.7380998,-0.6658955,0.07715341,0.01061207,0.9126965,1.127826,-0.3080209,-3.413471,0.1716701,0.09036691,-0.06546608,0.9788143,20.35881,9.480807,354.0533,0.3132608,-0.08627505,-0.9457397,0,0,0,1.347322,-0.6342162,-2.57143,0.07782565,0.003785998,0.9260365,0.975096,-0.09713168,-0.199382,0.1591848,0.9324871,0.3242343,0.1544277,-0.3478981,0.9247264,static,5.020998878126948,0.6750436008605296,4.803943886367535,0.2342461642135519,0.2194959999999999,-0.3261953,0.842041,0.08751481263811067,0.0117362577787114,0.9960940646121219,4.959703045987603,0.7402089037770312,0.4897521913940151,0.4913402584790146,0.5293951356332347
05/17/2023 16:16:01.497720,3266,True,True,True,True,Eyes,1.126785,-0.3109052,-3.404742,0.2412331,-0.3445345,0.90725,0.9071463,1.345619,-0.6234485,-2.581733,-0.1135087,0.7178316,-0.6869014,0.0767875,0.008997172,0.9126118,1.127878,-0.3078952,-3.41351,0.1710506,0.09062645,-0.06559774,0.9788901,20.28983,9.511091,354.0381,0.3132407,-0.08628462,-0.9457455,0,0,0,1.347322,-0.6342162,-2.57143,0.07743715,0.002551794,0.9261413,0.9749676,-0.0974225,-0.1998677,0.1594293,0.9328772,0.3229897,0.1549856,-0.3467693,0.9250571,static,5.016025421335538,0.5799739421406988,4.7795359479840585,0.15786646854409572,0.21944399999999997,-0.326321,0.8420800000000002,0.08742992589202978,0.01008352042902011,0.9961196330763344,4.9554062227255224,0.6440072306489316,0.4823802186154959,0.4838408728829832,0.5169750420644199
05/17/2023 16:16:01.517672,3267,True,True,True,True,Eyes,1.126584,-0.3108815,-3.404675,0.2414447,-0.34492,0.9070472,0.9069811,1.34557,-0.6237175,-2.582,-0.1167639,0.6998798,-0.704652,0.07645006,0.007807106,0.9125707,1.127928,-0.3078217,-3.413584,0.1705999,0.09085786,-0.06573584,0.9789379,20.24033,9.537366,354.0228,0.313218,-0.08629288,-0.9457523,0,0,0,1.347322,-0.6342162,-2.57143,0.07706589,0.001694322,0.9262557,0.9748473,-0.09770192,-0.2003175,0.1597033,0.9331489,0.3220682,0.1554593,-0.3459587,0.925281,static,5.0127308478721195,0.5078009847931746,4.756141828747409,0.10480625540179617,0.21939399999999987,-0.32639450000000003,0.8421540000000003,0.08737368360912612,0.008828788594626158,0.9961364688085935,4.952625448937322,0.5709730945521049,0.4764122312077268,0.47774750303126806,0.5058827284325133
05/17/2023 16:16:01.537482,3268,True,True,True,True,Eyes,1.126411,-0.3108574,-3.404619,0.2415121,-0.3452824,0.9068913,0.90683,1.345421,-0.6239699,-2.582223,-0.12667,0.6829467,-0.7194015,0.07614921,0.006562769,0.9124695,1.127951,-0.3077767,-3.41359,0.1701082,0.09103148,-0.06585734,0.9789992,20.18557,9.557153,354.008,0.313193,-0.08629996,-0.94576,0,0,0,1.347322,-0.6342162,-2.57143,0.07684007,0.000767827,0.926291,0.9747521,-0.09797815,-0.2006452,0.159919,0.933452,0.3210815,0.1558337,-0.3450619,0.925553,static,5.007356120368783,0.4315807187544572,4.742089043236059,0.04749396941133955,0.21937099999999998,-0.3264395,0.8421600000000002,0.0872811785905931,0.007503686866156517,0.9961553848467174,4.9477928317599025,0.4938504493084057,0.4655637749398162,0.4667860893723177,0.49147548846220407
05/17/2023 16:16:01.557545,3269,True,True,True,True,Eyes,1.126262,-0.3108347,-3.404569,0.2414699,-0.3456344,0.9067685,0.9066921,1.345201,-0.6242187,-2.58241,-0.1413572,0.6664936,-0.7319866,0.0759763,0.005625814,0.9124829,1.127933,-0.3077354,-3.413711,0.1697491,0.09109367,-0.06599892,0.9790463,20.14569,9.562707,353.9894,0.3131667,-0.08630594,-0.9457681,0,0,0,1.347322,-0.6342162,-2.57143,0.07682155,0.0001486242,0.9264218,0.9746922,-0.09830584,-0.2007763,0.1601581,0.9336588,0.3203602,0.1559633,-0.3444085,0.9257744,static,5.007198841595156,0.3716249651430517,4.740284998228326,0.009191859820713235,0.21938899999999983,-0.3264808,0.8422810000000003,0.08727908392226419,0.0064612822717732,0.9961629269365102,4.948063061753152,0.43316964154597437,0.44899494748557794,0.45011193676067524,0.4721534528930187
05/17/2023 16:16:01.567825,3270,True,True,True,True,Eyes,1.126118,-0.3108071,-3.404529,0.2414308,-0.3459429,0.9066612,0.9065854,1.344995,-0.624434,-2.582563,-0.1550518,0.6520843,-0.7421219,0.07585545,0.004727781,0.9123877,1.127957,-0.3077085,-3.41371,0.1694101,0.09111162,-0.066103,0.9790963,20.10752,9.563677,353.9746,0.3131397,-0.08631092,-0.9457766,0,0,0,1.347322,-0.6342162,-2.57143,0.07685119,-0.0004754663,0.9264226,0.9746581,-0.09857194,-0.2008111,0.1603128,0.9338612,0.3196921,0.1560171,-0.3437831,0.9259978,static,5.010969382702295,0.3159997235429007,4.742101523206677,-0.029405813177274927,0.2193649999999998,-0.3265077,0.8422800000000001,0.08734513972876605,0.005494128725895359,0.996162885250096,4.952231270940434,0.3768570598294009,0.43668307512961585,0.43771555908684345,0.4573882736431824
05/17/2023 16:16:01.577665,3271,True,True,True,True,Eyes,1.125979,-0.3107811,-3.40449,0.2413902,-0.3462159,0.9065679,0.9065025,1.3448,-0.6246268,-2.582684,-0.1680966,0.6393431,-0.7503226,0.07581829,0.003702074,0.9125203,1.127907,-0.3075736,-3.413882,0.1689974,0.09111994,-0.06622947,0.9791582,20.06098,9.563247,353.9562,0.3131121,-0.08631483,-0.9457853,0,0,0,1.347322,-0.6342162,-2.57143,0.07696383,-0.001262009,0.9266276,0.9746216,-0.09890019,-0.2008269,0.1604963,0.9341071,0.3188807,0.1560564,-0.3430201,0.9262741,static,5.016497879963614,0.2545970073579048,4.74797437291411,-0.07803323007030327,0.21941499999999992,-0.3266426,0.8424520000000002,0.08744173061183662,0.0044265211189382925,0.9961598190238605,4.958199101774741,0.31469050059986914,0.42652317198253403,0.42749005683139696,0.44545074391679246
05/17/2023 16:16:01.598783,3272,True,True,True,True,Eyes,1.125872,-0.3107557,-3.404464,0.2412681,-0.3464901,0.9064956,0.9064196,1.344562,-0.6248211,-2.582799,-0.1839192,0.6261318,-0.7577155,0.07577886,0.002910554,0.9124388,1.127914,-0.307591,-3.413897,0.1686841,0.09106277,-0.06627124,0.9792148,20.02472,9.556428,353.9475,0.3130842,-0.08631784,-0.9457943,0,0,0,1.347322,-0.6342162,-2.57143,0.07711747,-0.001805514,0.9266202,0.9746314,-0.09906586,-0.2006978,0.1605092,0.9343076,0.3182862,0.1559822,-0.3424256,0.9265065,static,5.022197994360547,0.20259817508430578,4.757446932748512,-0.11164034750565453,0.21940799999999983,-0.3266252,0.8424670000000001,0.08754114509277253,0.003522422738146458,0.9961546560393519,4.964271535181901,0.2620409980109002,0.4100116438182519,0.41090019920197235,0.42709971219703724
05/17/2023 16:16:01.617834,3273,True,True,True,True,Eyes,1.125768,-0.3107277,-3.40444,0.2411356,-0.3467359,0.9064369,0.9063654,1.344324,-0.6249971,-2.582877,-0.1997972,0.6145903,-0.763125,0.07589465,0.002217412,0.9125343,1.127842,-0.3075179,-3.414036,0.168428,0.09094048,-0.06629092,0.9792688,19.99449,9.542063,353.9405,0.3130566,-0.08631997,-0.9458032,0,0,0,1.347322,-0.6342162,-2.57143,0.07743584,-0.002278596,0.9267619,0.9746707,-0.09919941,-0.2004408,0.1604671,0.934475,0.3178155,0.1557799,-0.3419296,0.9267237,static,5.033440817652685,0.15863284188849208,4.776269748208726,-0.1408707791601583,0.2194799999999999,-0.3266983,0.842606,0.08773682626790845,0.002757985056334483,0.9961398789590966,4.975830858272645,0.21750148271170414,0.39393017082081444,0.39476496549238377,0.41018936447584586
05/17/2023 16:16:01.637894,3274,True,True,True,True,Eyes,1.125698,-0.3107005,-3.404425,0.2409112,-0.346975,0.9064051,0.9063137,1.344039,-0.6251687,-2.582937,-0.2187793,0.6030973,-0.7670785,0.07609375,0.001517922,0.9124886,1.127834,-0.3074335,-3.414037,0.1681879,0.09073459,-0.06637534,0.9793235,19.96621,9.516234,353.924,0.3130293,-0.08632126,-0.9458121,0,0,0,1.347322,-0.6342162,-2.57143,0.07789102,-0.002758861,0.9267551,0.9747231,-0.09948493,-0.2000441,0.1605268,0.9346143,0.3173757,0.1553899,-0.3414658,0.9269601,static,5.04969315377814,0.11824557856834653,4.804249467090096,-0.17056353358719178,0.2194879999999999,-0.3267827,0.8426070000000001,0.08801953538006342,0.0020557632488340805,0.9961166585522965,4.992375505830045,0.17656459680982478,0.37821033699673606,0.3790162352711148,0.39482824793182303
05/17/2023 16:16:01.647657,3275,True,True,True,True,Eyes,1.125633,-0.3106733,-3.404409,0.2406848,-0.3471763,0.9063881,0.9062831,1.343762,-0.6253134,-2.582965,-0.2373301,0.5935239,-0.7690279,0.0763492,0.0005703866,0.9125001,1.127775,-0.3073521,-3.41407,0.1677803,0.09053449,-0.06646217,0.979406,19.91857,9.491589,353.9061,0.3130032,-0.08632175,-0.9458207,0,0,0,1.347322,-0.6342162,-2.57143,0.07840502,-0.003528506,0.926782,0.9747726,-0.09980711,-0.1996421,0.1605667,0.9348651,0.3166158,0.1550379,-0.3406842,0.9273066,static,5.06641341989704,0.06095777925703356,4.835662985831905,-0.21813924414323818,0.21954699999999994,-0.3268641,0.8426400000000003,0.08831035387227572,0.0010597570200681083,0.9960924165800843,5.009508726754129,0.1185208772266495,0.3613521708683955,0.3621338306374314,0.37889626411141153
05/17/2023 16:16:01.667597,3276,True,True,True,True,Eyes,1.125597,-0.3106465,-3.404402,0.2404498,-0.3473986,0.9063653,0.9062505,1.343505,-0.6254766,-2.583008,-0.2544607,0.5826275,-0.7718775,0.07646556,-0.0003271997,0.9124289,1.127807,-0.3073321,-3.414051,0.1674086,0.0903651,-0.06648577,0.9794837,19.87468,9.471869,353.8968,0.3129782,-0.08632153,-0.945829,0,0,0,1.347322,-0.6342162,-2.57143,0.07875298,-0.00422886,0.9267312,0.9748276,-0.09998764,-0.1992828,0.1604992,0.9351081,0.315932,0.1547617,-0.3399639,0.927617,static,5.077872829118757,0.004978283376199813,4.857286097709143,-0.26145029800854436,0.2195149999999999,-0.3268841,0.8426210000000003,0.0885096246541199,8.654642850905447e-05,0.996075293087522,5.021370367343831,0.0618209817195217,0.3451558428258517,0.345894051774043,0.362529954401799
05/17/2023 16:16:01.677883,3277,True,True,True,True,Eyes,1.125561,-0.3106209,-3.404397,0.2402258,-0.3475936,0.90635,0.90623,1.343261,-0.6256207,-2.583035,-0.2706472,0.5729688,-0.7736,0.07641636,-0.00120306,0.9124641,1.127808,-0.3072532,-3.414091,0.1670622,0.09029855,-0.06647484,0.9795498,19.83403,9.465176,353.8939,0.3129549,-0.08632063,-0.9458368,0,0,0,1.347322,-0.6342162,-2.57143,0.07892366,-0.004932404,0.926777,0.9748545,-0.1000599,-0.1991147,0.1604018,0.9353426,0.3152863,0.1546929,-0.3392967,0.9278728,static,5.077194584597091,-0.04755975166122918,4.867523280787903,-0.3049312443522188,0.219514,-0.326963,0.8426610000000001,0.0884978087923735,-0.0008268172883818259,0.9960760625869495,5.02106659707783,0.008649618426995187,0.33125893360438785,0.3319670780228558,0.349153988203865
05/17/2023 16:16:01.697641,3278,True,True,True,True,Eyes,1.125559,-0.3105971,-3.404397,0.2400257,-0.3478454,0.9063064,0.9061976,1.34307,-0.6258138,-2.583104,-0.2834641,0.5602041,-0.778344,0.07630055,-0.001857996,0.9124706,1.127795,-0.3072616,-3.414133,0.1668271,0.09029114,-0.06642772,0.9795936,19.80629,9.466002,353.8975,0.3129331,-0.08631916,-0.9458442,0,0,0,1.347322,-0.6342162,-2.57143,0.07896177,-0.005361289,0.9268097,0.9748697,-0.1000183,-0.1990611,0.1602704,0.9355121,0.3148499,0.1547333,-0.3388413,0.9280325,static,5.0700966787208,-0.09169818453084347,4.869691375425588,-0.331433525349307,0.2195269999999998,-0.3269546,0.8427030000000002,0.08837432947926173,-0.0015941726297035164,0.9960860837022709,5.014281566254026,-0.0359964599936784,0.311823408172774,0.31246650896726635,0.3289215451589485
05/17/2023 16:16:01.717589,3279,True,True,True,True,Eyes,1.125558,-0.3105715,-3.404394,0.239846,-0.3480707,0.9062675,0.9061688,1.342899,-0.6259823,-2.583163,-0.2948191,0.5488949,-0.7821739,0.07604918,-0.002409309,0.9124371,1.127791,-0.3072019,-3.414089,0.166696,0.09035841,-0.06632444,0.9796168,19.79052,9.476651,353.9102,0.3129134,-0.08631719,-0.9458508,0,0,0,1.347322,-0.6342162,-2.57143,0.07884581,-0.005713731,0.9267997,0.9748728,-0.0998203,-0.1991453,0.1600698,0.935627,0.3146103,0.1549212,-0.3385822,0.9280956,static,5.053460745840265,-0.12372858432146527,4.862626476836357,-0.35322467642464983,0.21953099999999992,-0.3270143,0.8426590000000003,0.08808502061279018,-0.0021510756582679147,0.9961106863636676,4.997869637863204,-0.0683522705827547,0.2978646633519679,0.2984730716779816,0.3153458422346536
05/17/2023 16:16:01.727823,3280,True,True,True,True,Eyes,1.125594,-0.3105509,-3.404403,0.2396757,-0.3483172,0.9062178,0.9061355,1.342772,-0.6261734,-2.583247,-0.3032404,0.5361441,-0.7877783,0.07572928,-0.00313732,0.9123943,1.127812,-0.3071356,-3.414039,0.166485,0.09048889,-0.06624362,0.9796461,19.76611,9.494682,353.921,0.3128957,-0.08631471,-0.9458569,0,0,0,1.347322,-0.6342162,-2.57143,0.07860968,-0.006222993,0.9267891,0.9748471,-0.0996605,-0.1993513,0.1599207,0.9357891,0.3142041,0.155237,-0.3381813,0.928189,static,5.031609278394062,-0.16593814908101415,4.848188425495324,-0.3847109083991239,0.21950999999999987,-0.3270806,0.8426089999999999,0.08770495172495213,-0.002885002651972196,0.9961423252857955,4.976313381755555,-0.11099092757926296,0.2849245646341151,0.28549033170627713,0.30222281898743397
05/17/2023 16:16:01.747709,3281,True,True,True,True,Eyes,1.125628,-0.3105303,-3.404408,0.2395153,-0.3485572,0.9061679,0.906106,1.342655,-0.6263601,-2.583323,-0.3111604,0.523792,-0.7929825,0.07572722,-0.003824681,0.9124301,1.127708,-0.3071394,-3.41409,0.1662126,0.09051477,-0.06622295,0.9796914,19.73452,9.499073,353.9218,0.3128807,-0.08631185,-0.9458622,0,0,0,1.347322,-0.6342162,-2.57143,0.07868858,-0.006701022,0.9268491,0.9748432,-0.0996667,-0.1993672,0.1598455,0.9359757,0.3136858,0.1553389,-0.3376624,0.9283609,static,5.023817305826282,-0.2130279352535018,4.852718627263304,-0.41423527253483844,0.21961399999999998,-0.3270768,0.84266,0.08756924155735431,-0.0037037471802247313,0.9961515315383672,4.968855146749973,-0.15862148222467576,0.26361052948633434,0.2641195759156122,0.2807598635047489
05/17/2023 16:16:01.767699,3282,True,True,True,True,Eyes,1.125698,-0.3105121,-3.404417,0.2393795,-0.3488026,0.9061095,0.9060614,1.342591,-0.6265486,-2.583426,-0.3153375,0.5110747,-0.799603,0.07564098,-0.004019439,0.9123063,1.127707,-0.3071191,-3.413986,0.1662587,0.09055655,-0.06620615,0.9796809,19.73995,9.5043,353.925,0.3128679,-0.08630869,-0.9458666,0,0,0,1.347322,-0.6342162,-2.57143,0.07862392,-0.006675571,0.9267678,0.9748325,-0.09961017,-0.1994477,0.1598334,0.9359496,0.3137701,0.1554183,-0.3377517,0.9283151,static,5.012807351783979,-0.22378387954291074,4.849173393786191,-0.4126982286429209,0.2196149999999999,-0.32709710000000003,0.8425560000000001,0.08737776885513715,-0.003890817476219083,0.9961677628926389,4.957918977471253,-0.1694664057996058,0.24945848395739428,0.24992939704224978,0.2664344602612181
05/17/2023 16:16:01.777932,3283,True,True,True,True,Eyes,1.125764,-0.3104947,-3.404424,0.2392377,-0.3490295,0.9060594,0.9060274,1.34252,-0.626725,-2.58351,-0.3200172,0.4993058,-0.80516,0.07573423,-0.005101711,0.912219,1.127708,-0.3070729,-3.413921,0.1658351,0.09050708,-0.06607043,0.9797663,19.68927,9.502475,353.9369,0.3128582,-0.08630526,-0.9458702,0,0,0,1.347322,-0.6342162,-2.57143,0.0787527,-0.007568538,0.9267069,0.9748864,-0.09944866,-0.1992651,0.1594857,0.9362668,0.3129996,0.155438,-0.336919,0.9286144,static,5.013768534635065,-0.28951136302969416,4.8573956679824954,-0.4679318166222644,0.21961399999999998,-0.3271433,0.8424910000000003,0.08739402074999808,-0.0050335714545515775,0.9961610580601215,4.959349124190227,-0.2359929838292888,0.23681468963855382,0.23724740606658018,0.25335771034264937
05/17/2023 16:16:01.797672,3284,True,True,True,True,Eyes,1.125854,-0.3104876,-3.404439,0.2390883,-0.3492769,0.9060036,0.9059888,1.342466,-0.6269286,-2.58361,-0.3237005,0.4857932,-0.8119254,0.07604051,-0.005524516,0.9121326,1.127693,-0.3070785,-3.413891,0.1657307,0.09034422,-0.0660391,0.9798011,19.67587,9.483863,353.9364,0.312851,-0.08630162,-0.945873,0,0,0,1.347322,-0.6342162,-2.57143,0.07907677,-0.007763982,0.926652,0.9749535,-0.09946475,-0.1989281,0.159356,0.9363444,0.3128336,0.1551493,-0.3366987,0.9287426,static,5.026267595896273,-0.3171981314371883,4.877575353449153,-0.48004320063206796,0.21962899999999985,-0.32713770000000003,0.8424610000000001,0.08761111673557344,-0.0055148359874569175,0.9961395334449074,4.972048934011069,-0.2640616162384367,0.22013220270247358,0.22051734517955315,0.2357399037527847
05/17/2023 16:16:01.817625,3285,True,True,True,True,Eyes,1.125939,-0.3104785,-3.404454,0.238928,-0.3495447,0.9059426,0.9059549,1.342397,-0.6271502,-2.583711,-0.328305,0.4710558,-0.818732,0.07622716,-0.005709887,0.9120613,1.127629,-0.3072496,-3.413914,0.165625,0.09029701,-0.06626914,0.9798077,19.66555,9.473775,353.907,0.3128467,-0.08629806,-0.9458747,0,0,0,1.347322,-0.6342162,-2.57143,0.07929175,-0.007700235,0.9266096,0.9749097,-0.09995113,-0.1988991,0.1597729,0.9363535,0.3125935,0.1549958,-0.3365292,0.9288296,static,5.030211189388556,-0.3411601351903913,4.89099412160263,-0.4761237216289253,0.21969299999999992,-0.3269666,0.8424840000000002,0.08767947001667034,-0.005931401005475012,0.9961311208854776,4.976164447736519,-0.28832838845460923,0.19360386966448412,0.19389832806721843,0.20620638112290637
05/17/2023 16:16:01.837574,3286,True,True,True,True,Eyes,1.126018,-0.3104737,-3.404465,0.2388031,-0.3498462,0.9058592,0.9059102,1.342352,-0.6274029,-2.583838,-0.3312288,0.4541453,-0.8270668,0.07654165,-0.005279541,0.9120473,1.127595,-0.3071869,-3.413933,0.165962,0.09018727,-0.0666813,0.9797329,19.70787,9.451004,353.8581,0.3128448,-0.08629451,-0.9458756,0,0,0,1.347322,-0.6342162,-2.57143,0.07960486,-0.006972998,0.9266357,0.9748397,-0.1007244,-0.198852,0.160595,0.9360204,0.3131693,0.1545857,-0.3372245,0.9286457,static,5.042932920680311,-0.3120605613720104,4.910075979203898,-0.4311465821828292,0.219727,-0.3270293,0.8425030000000002,0.08790090161146812,-0.0054253757961984506,0.9961145372104813,4.988682037533077,-0.2589242284741708,0.17816486196852654,0.1784164993800229,0.1893131044671775
05/17/2023 16:16:01.848057,3287,True,True,True,True,Eyes,1.126093,-0.3104717,-3.404475,0.2386818,-0.350153,0.9057726,0.9058698,1.342307,-0.6276647,-2.583963,-0.3341832,0.4366277,-0.8352712,0.07654445,-0.005188167,0.9119105,1.127585,-0.3072755,-3.413849,0.1661294,0.09019527,-0.06673889,0.9797,19.72786,9.450236,353.8527,0.312845,-0.08629109,-0.9458759,0,0,0,1.347322,-0.6342162,-2.57143,0.07960007,-0.006584674,0.9265341,0.9748214,-0.1008,-0.1989032,0.1607363,0.9358939,0.3134748,0.154554,-0.337553,0.9285316,static,5.037505672896245,-0.3108495007727183,4.910317728117476,-0.40718164424545167,0.21973699999999985,-0.32694070000000003,0.842419,0.08780655386721176,-0.005404365944483153,0.9961229491873494,4.9832447156770066,-0.2576782015165734,0.15937227753038824,0.15955141855558203,0.16634189160369361
05/17/2023 16:16:01.867773,3288,True,True,True,True,Eyes,1.12615,-0.3104745,-3.404487,0.2386086,-0.3504983,0.9056582,0.9058372,1.342291,-0.6279689,-2.584108,-0.335321,0.416404,-0.8450843,0.07658505,-0.005034089,0.9118584,1.127547,-0.3073368,-3.413841,0.1663892,0.09016789,-0.06658914,0.9796685,19.75635,9.449214,353.8721,0.312847,-0.08628788,-0.9458756,0,0,0,1.347322,-0.6342162,-2.57143,0.07959613,-0.006091535,0.926518,0.9748713,-0.1004646,-0.1988287,0.1604765,0.935761,0.3140042,0.1545099,-0.338021,0.9283687,static,5.034510725710734,-0.3054903975165149,4.910160772892493,-0.3766944813553229,0.21977499999999983,-0.3268794,0.8424110000000002,0.08775451840277229,-0.00531121839192189,0.9961279199897876,4.980210758721515,-0.25224303000946113,0.14319008876847522,0.14329316913664347,0.1428116390800749
05/17/2023 16:16:01.887833,3289,True,True,True,True,Eyes,1.126206,-0.3104793,-3.404498,0.2385429,-0.3508544,0.9055377,0.9058065,1.34228,-0.6282855,-2.584256,-0.3360275,0.3952977,-0.8548833,0.07669099,-0.004509985,0.9119114,1.127508,-0.3074665,-3.413974,0.1668,0.09007324,-0.06641752,0.9796189,19.8017,9.440088,353.894,0.3128501,-0.086285,-0.9458748,0,0,0,1.347322,-0.6342162,-2.57143,0.07965207,-0.005212754,0.9266027,0.974951,-0.1000793,-0.1986318,0.1601761,0.9355329,0.3148361,0.154318,-0.3387658,0.9281291,static,5.037825555605,-0.2836270297136025,4.913147786159476,-0.32232331411860893,0.21981399999999995,-0.32674970000000003,0.8425440000000002,0.08781232663511673,-0.004931082963347683,0.9961248571202288,4.983370556988735,-0.23012745471522605,0.13051691006641433,0.1305448146065728,0.11589354612775905
05/17/2023 16:16:01.897598,3290,True,True,True,True,Eyes,1.126251,-0.3104841,-3.404511,0.2385104,-0.3512541,0.9053913,0.9057838,1.34229,-0.6286445,-2.584422,-0.3353429,0.3713194,-0.8658332,0.07654792,-0.004283905,0.9118429,1.12753,-0.3075103,-3.413932,0.1671511,0.09013359,-0.06627316,0.9795634,19.84137,9.449245,353.9153,0.3128542,-0.08628247,-0.9458737,0,0,0,1.347322,-0.6342162,-2.57143,0.07942715,-0.004590929,0.9265664,0.9749676,-0.09970564,-0.1987384,0.1599694,0.9353368,0.3155233,0.1544279,-0.3394171,0.9278729,static,5.0270999834918,-0.27116417264908954,4.899532764153131,-0.28388543254100457,0.219792,-0.3267059,0.8425020000000001,0.08762594587353117,-0.004714485566503501,0.9961423226759679,4.97255326940307,-0.21747362464370928,0.12819903772109717,0.12819994501963614,0.09870421680527973
05/17/2023 16:16:01.917587,3291,True,True,True,True,Eyes,1.126294,-0.3104877,-3.40452,0.2384778,-0.3516512,0.9052457,0.9057736,1.342301,-0.6290041,-2.584572,-0.3346501,0.347403,-0.8759684,0.07669058,-0.003678143,0.9119374,1.127465,-0.3075147,-3.414038,0.1676678,0.09007259,-0.06624848,0.9794824,19.90062,9.440808,353.9211,0.3128589,-0.08628026,-0.9458723,0,0,0,1.347322,-0.6342162,-2.57143,0.07949388,-0.003588229,0.926676,0.9749961,-0.09957388,-0.1986645,0.159983,0.9349973,0.316521,0.1542335,-0.3403897,0.9275489,static,5.0307739103587705,-0.23647448447768943,4.903051863985117,-0.22185677639846177,0.21985699999999997,-0.32670150000000003,0.8426080000000002,0.0876900514453142,-0.0041113476963218765,0.9961393259079819,4.975980794016164,-0.18237783616104053,0.12854357707066813,0.12855581869119445,0.08292897899855767
05/17/2023 16:16:01.938053,3292,True,True,True,True,Eyes,1.126317,-0.3104861,-3.404526,0.2384977,-0.3519983,0.9051055,0.905775,1.342343,-0.6293174,-2.584704,-0.33193,0.3265972,-0.8849614,0.07677533,-0.003738791,0.9118499,1.12748,-0.3074862,-3.413943,0.1678489,0.09006655,-0.06623492,0.9794528,19.92143,9.4398,353.924,0.3128641,-0.08627833,-0.9458708,0,0,0,1.347322,-0.6342162,-2.57143,0.07948005,-0.003315836,0.9265975,0.9750019,-0.0995128,-0.1986668,0.1599831,0.9348794,0.316869,0.154197,-0.3407312,0.9274296,static,5.034203171213443,-0.23699975028681075,4.902616292967404,-0.20503249512972938,0.21984199999999987,-0.32673,0.8425130000000003,0.08774966519413456,-0.004120458034816227,0.9961339971722334,4.979414709131466,-0.1829222916461049,0.1353746342429818,0.13541422350999852,0.07991781918568396
05/17/2023 16:16:01.947896,3293,True,True,True,True,Eyes,1.12634,-0.3104835,-3.404528,0.2385147,-0.3523075,0.9049808,0.9057747,1.342381,-0.6295946,-2.58482,-0.3293225,0.3080624,-0.8925493,0.0768895,-0.004672259,0.9118662,1.127437,-0.3074326,-3.413942,0.1675536,0.0900729,-0.06605505,0.979515,19.88552,9.445239,353.9434,0.3128694,-0.08627651,-0.9458692,0,0,0,1.347322,-0.6342162,-2.57143,0.07950601,-0.00396952,0.9266217,0.9750472,-0.09921974,-0.198591,0.1595879,0.9351251,0.3163429,0.15432,-0.340142,0.9276254,static,5.037000868738985,-0.2935299228439584,4.90408233537349,-0.24544574278939166,0.21988499999999989,-0.3267836,0.8425120000000001,0.08779791454027237,-0.005103257802120592,0.9961252772634395,4.9826162701474885,-0.24014711626139051,0.1412674412574438,0.1413485934969082,0.07871247902442116
05/17/2023 16:16:01.967852,3294,True,True,True,True,Eyes,1.126341,-0.3104821,-3.404535,0.2385347,-0.3525716,0.9048726,0.9057944,1.342405,-0.6298395,-2.584906,-0.3278348,0.2918133,-0.8985375,0.07721004,-0.005789608,0.9118194,1.127436,-0.3073745,-3.41389,0.1671153,0.08997615,-0.06605528,0.9795986,19.83415,9.434949,353.9378,0.3128747,-0.08627477,-0.9458676,0,0,0,1.347322,-0.6342162,-2.57143,0.07976605,-0.004847169,0.9265682,0.975082,-0.09934255,-0.1983587,0.1594881,0.9354184,0.315525,0.1542033,-0.3392986,0.9279535,static,5.055955500560806,-0.3594150361831515,4.920326180983254,-0.29972946717313725,0.2198859999999998,-0.3268417,0.84246,0.08812687016408369,-0.0062485281239357815,0.9960896390951854,5.002045757041067,-0.3069005639721938,0.14806105612162201,0.1481812386137963,0.08203361347868364
05/17/2023 16:16:01.988160,3295,True,True,True,True,Eyes,1.126342,-0.3104798,-3.404536,0.2385481,-0.3528288,0.9047688,0.905808,1.342421,-0.630075,-2.58499,-0.3266875,0.2760592,-0.9039174,0.07762976,-0.006273866,0.9119566,1.127372,-0.307445,-3.414082,0.1668842,0.08982074,-0.06615894,0.9796454,19.80741,9.414818,353.9203,0.3128794,-0.08627316,-0.9458662,0,0,0,1.347322,-0.6342162,-2.57143,0.08013533,-0.005093187,0.9267,0.9751105,-0.09964526,-0.1980667,0.1596039,0.9355453,0.3150898,0.1539032,-0.3388595,0.9281638,static,5.081118424827674,-0.3986744606520023,4.942292886245082,-0.3148971416344934,0.21994999999999987,-0.3267712,0.8426520000000002,0.08856392117016705,-0.006930783635585663,0.9960463521752645,5.0274953107531415,-0.34672930451770084,0.16193904777558574,0.1621455190392517,0.09095460260962412
05/17/2023 16:16:01.997775,3296,True,True,True,True,Eyes,1.126325,-0.3104753,-3.404533,0.238581,-0.3530439,0.9046763,0.9058246,1.342438,-0.6302712,-2.585055,-0.3255396,0.262957,-0.9082277,0.07781464,-0.006434411,0.9118698,1.127378,-0.3074208,-3.413982,0.166919,0.08976588,-0.06624443,0.9796387,19.81192,9.406333,353.9092,0.3128837,-0.08627164,-0.9458649,0,0,0,1.347322,-0.6342162,-2.57143,0.08027296,-0.005050451,0.9266046,0.9751075,-0.09982394,-0.1979912,0.1597585,0.9354994,0.3151476,0.1537614,-0.3389335,0.9281603,static,5.09277391906447,-0.40556766182797915,4.951246151213147,-0.3122870979400467,0.21994399999999992,-0.3267954,0.842552,0.08876647449608731,-0.007050489912937885,0.9960275599939106,5.039203049063637,-0.35374954911919865,0.16926158912937292,0.1695033116851367,0.09723965619676525
05/17/2023 16:16:02.017846,3297,True,True,True,True,Eyes,1.126308,-0.3104722,-3.404531,0.238602,-0.3532437,0.9045927,0.9058462,1.342445,-0.6304567,-2.585109,-0.3250714,0.2506017,-0.9118813,0.07799868,-0.007204235,0.9118553,1.127376,-0.3074036,-3.413963,0.1666289,0.08969513,-0.06614605,0.9797013,19.77693,9.400779,353.9172,0.3128871,-0.08627016,-0.945864,0,0,0,1.347322,-0.6342162,-2.57143,0.08042328,-0.00564003,0.9265769,0.9751589,-0.09971514,-0.1977925,0.1594983,0.935719,0.3146271,0.1537052,-0.3383591,0.9283792,static,5.104914416033178,-0.4527714245117184,4.960619242088544,-0.34875240728224427,0.21994599999999997,-0.3268126,0.842533,0.08897697251581232,-0.007870926882009605,0.9960025731688238,5.051683377220318,-0.40157004764407006,0.17759059617919318,0.17787932192668618,0.10527288274142155
05/17/2023 16:16:02.047697,3298,True,True,True,True,Eyes,1.126282,-0.3104654,-3.404532,0.238632,-0.3534577,0.9045013,0.9058788,1.342454,-0.6306552,-2.585164,-0.3245229,0.2374038,-0.9156005,0.07831959,-0.007510543,0.9118574,1.127366,-0.3074372,-3.413983,0.1665511,0.08954003,-0.06610832,0.9797313,19.76659,9.383151,353.9179,0.3128898,-0.08626877,-0.9458632,0,0,0,1.347322,-0.6342162,-2.57143,0.08070982,-0.005747586,0.9265605,0.9752246,-0.09971078,-0.1974711,0.1593627,0.9357809,0.3145119,0.1534295,-0.3381893,0.9284866,static,5.126415767354656,-0.47479791024046425,4.978292436837394,-0.3554092759391969,0.21995599999999982,-0.326779,0.8425530000000001,0.08935046879153831,-0.008253548002055772,0.9959661397292029,5.073347498102669,-0.4239435779886875,0.18989468114590266,0.19024764661842117,0.11718538829374583
05/17/2023 16:16:02.057545,3299,True,True,True,True,Eyes,1.126257,-0.3104586,-3.404529,0.2386557,-0.3536376,0.9044247,0.9059021,1.342455,-0.6308196,-2.585208,-0.3243592,0.2264038,-0.9184403,0.07832213,-0.007498503,0.9120104,1.12743,-0.3073637,-3.41412,0.1666426,0.08952425,-0.06624956,0.9797075,19.77844,9.378035,353.9014,0.3128916,-0.08626734,-0.9458628,0,0,0,1.347322,-0.6342162,-2.57143,0.08068584,-0.005564034,0.9266987,0.9751928,-0.09997325,-0.1974951,0.1596475,0.9356824,0.3146601,0.1533352,-0.3383839,0.9284313,static,5.133299127036263,-0.4720320502457312,4.9760822732612375,-0.34400807351282336,0.21989199999999998,-0.3268525,0.8426900000000002,0.0894701542483983,-0.008205380653662303,0.9959557703399465,5.080212957818267,-0.4211700006167306,0.20237001942123936,0.20274929772856423,0.12960386746044364
05/17/2023 16:16:02.067656,3300,True,True,True,True,Eyes,1.126231,-0.3104495,-3.40453,0.2386861,-0.3537969,0.9043543,0.9059314,1.342464,-0.6309652,-2.585247,-0.3237482,0.216693,-0.9209947,0.07822154,-0.008089095,0.9119394,1.127477,-0.3073671,-3.414031,0.1664184,0.08960195,-0.06625914,0.9797379,19.75304,9.387893,353.9001,0.3128926,-0.08626591,-0.9458625,0,0,0,1.347322,-0.6342162,-2.57143,0.08055243,-0.006014287,0.9266139,0.9751624,-0.1000103,-0.1976263,0.159656,0.9358293,0.3142188,0.1535194,-0.3379667,0.9285528,static,5.130261678321633,-0.5074260501554131,4.968348145445496,-0.37187918613809257,0.21984499999999985,-0.3268491,0.8426010000000002,0.08941688072054,-0.008820664372789555,0.9959552289302677,5.077427102501083,-0.4569810068224046,0.21074995457829052,0.21116094447923284,0.1383493359439047
05/17/2023 16:16:02.087627,3301,True,True,True,True,Eyes,1.126209,-0.3104431,-3.404529,0.2387339,-0.3539293,0.9042899,0.9059532,1.342491,-0.6310865,-2.585284,-0.3219776,0.2086128,-0.9234777,0.07815334,-0.008564532,0.9120927,1.127444,-0.3073057,-3.414148,0.1662163,0.08970885,-0.06636853,0.979755,19.73134,9.399128,353.8876,0.3128928,-0.08626437,-0.9458626,0,0,0,1.347322,-0.6342162,-2.57143,0.08043613,-0.006373942,0.926758,0.9750951,-0.1002277,-0.1978484,0.1598719,0.9359347,0.3137948,0.1537223,-0.3376102,0.9286489,static,5.126404494242778,-0.5365198367944795,4.960443209235741,-0.394055640567985,0.21987800000000002,-0.3269105,0.8427180000000001,0.08934942426670488,-0.009326448626079897,0.995956698551169,5.073776367194696,-0.4864124809897128,0.21828167911997431,0.21872173035079995,0.14619914728080247
05/17/2023 16:16:02.097866,3302,True,True,True,True,Eyes,1.126174,-0.3104395,-3.404525,0.2388538,-0.3540664,0.9042045,0.9059777,1.342571,-0.6312157,-2.585336,-0.3167559,0.2000488,-0.927171,0.07784586,-0.009189606,0.9120337,1.127506,-0.3073695,-3.414083,0.1659516,0.08991129,-0.06627075,0.979788,19.70099,9.426333,353.9014,0.3128925,-0.08626284,-0.9458628,0,0,0,1.347322,-0.6342162,-2.57143,0.08002231,-0.006883115,0.9266935,0.9750483,-0.1000207,-0.1981834,0.1597044,0.9361365,0.3132777,0.1541925,-0.3371117,0.9287521,static,5.112644947895078,-0.5776370582461434,4.935391352295112,-0.4255626992117376,0.219816,-0.3268467,0.8426530000000003,0.08910962110678336,-0.010041391452443205,0.9959711728195519,5.060306386425896,-0.5279758542975117,0.2330761674020812,0.2335496688690474,0.16153086419170104
05/17/2023 16:16:02.117580,3303,True,True,True,True,Eyes,1.126143,-0.3104347,-3.40452,0.2389857,-0.3541993,0.9041176,0.905992,1.342662,-0.6313365,-2.585397,-0.31056,0.1919418,-0.930973,0.07749595,-0.009229153,0.9120641,1.127521,-0.3074619,-3.414114,0.1659543,0.0901493,-0.06625623,0.9797666,19.70265,9.455243,353.9081,0.3128914,-0.08626139,-0.9458633,0,0,0,1.347322,-0.6342162,-2.57143,0.0795518,-0.00680536,0.9267264,0.9749665,-0.09990992,-0.1986415,0.1597526,0.9361386,0.3132471,0.1546595,-0.3371389,0.9286646,static,5.094597840501177,-0.5861080757512978,4.906341297410503,-0.42074057387981945,0.2198009999999999,-0.3267543,0.8426840000000002,0.08879577227126793,-0.010188929617610837,0.9959977108883016,5.042314905353624,-0.5364818634434223,0.25005781494845125,0.25057321622963696,0.17856334497011273
05/17/2023 16:16:02.137676,3304,True,True,True,True,Eyes,1.126094,-0.3104182,-3.404512,0.239166,-0.3543352,0.9040167,0.9060158,1.342782,-0.6314515,-2.585459,-0.3025823,0.1842877,-0.9351375,0.07719538,-0.009384006,0.9120632,1.127577,-0.3074312,-3.414074,0.1659488,0.09038571,-0.06634134,0.97974,19.70429,9.481929,353.9028,0.3128896,-0.08625999,-0.945864,0,0,0,1.347322,-0.6342162,-2.57143,0.07910356,-0.00685215,0.9267265,0.9748585,-0.09999572,-0.1991275,0.1599933,0.9361197,0.3131806,0.1550905,-0.3371659,0.9285829,static,5.0816420401111495,-0.5933275843488249,4.878829475783071,-0.42363320929455245,0.21974499999999986,-0.326785,0.842644,0.08857044212698574,-0.010314637486608796,0.9960165101186228,5.02940715552628,-0.5437402685341808,0.2639242253166534,0.2644411412288016,0.192611898168415
05/17/2023 16:16:02.158012,3305,True,True,True,True,Eyes,1.126017,-0.3104049,-3.404506,0.2394182,-0.3544385,0.9039094,0.9060419,1.34294,-0.631541,-2.585526,-0.2920499,0.1783186,-0.9396325,0.07710165,-0.01018611,0.9121752,1.127674,-0.3071889,-3.41412,0.1656675,0.09052973,-0.06642643,0.9797685,19.67344,9.498378,353.8934,0.3128869,-0.08625833,-0.9458651,0,0,0,1.347322,-0.6342162,-2.57143,0.0788295,-0.007582545,0.926848,0.9747838,-0.1001694,-0.1994057,0.1601607,0.9362836,0.3126045,0.1553869,-0.3366587,0.9287173,static,5.085686201951471,-0.6295072505252848,4.861373282920411,-0.46872640875502547,0.21964799999999984,-0.3270273,0.8426900000000002,0.08864014877658102,-0.010943505752562227,0.9960035601786568,5.033710389608651,-0.5803729495064106,0.2755142835527498,0.2759832689214834,0.20534124866530007
05/17/2023 16:16:02.167819,3306,True,True,True,True,Eyes,1.125945,-0.3103917,-3.404499,0.2396648,-0.3545259,0.9038097,0.9060655,1.343097,-0.6316154,-2.585588,-0.2815912,0.1733593,-0.9437441,0.07706206,-0.01081184,0.9123124,1.127621,-0.3073242,-3.414306,0.1652512,0.09069137,-0.06647382,0.9798207,19.62668,9.518147,353.8877,0.3128826,-0.08625654,-0.9458666,0,0,0,1.347322,-0.6342162,-2.57143,0.07861327,-0.008156359,0.926996,0.9747126,-0.1002911,-0.1996923,0.1602385,0.9365466,0.3117758,0.1557528,-0.3358901,0.9289343,static,5.087817747839739,-0.6811086794825956,4.847331801142572,-0.5041153228331213,0.21970099999999992,-0.326892,0.842876,0.08867629077904343,-0.011840477791903975,0.9959900212769557,5.036210475138909,-0.6326068853255504,0.29806554569874766,0.2985969505150386,0.2284408788338031
05/17/2023 16:16:02.177786,3307,True,True,True,True,Eyes,1.125876,-0.3103803,-3.404493,0.2399012,-0.3546041,0.9037164,0.9060915,1.343248,-0.6316841,-2.585643,-0.2715189,0.1687983,-0.9475149,0.07714787,-0.01118118,0.9122865,1.127648,-0.3073197,-3.414285,0.1650613,0.09076799,-0.06663658,0.9798346,19.60674,9.524616,353.8683,0.312877,-0.08625463,-0.9458687,0,0,0,1.347322,-0.6342162,-2.57143,0.07853158,-0.008473098,0.926976,0.9746414,-0.1006211,-0.1998734,0.1605502,0.9366286,0.3113686,0.155877,-0.3355624,0.9290318,static,5.098951440393552,-0.7033775257704736,4.842422698971681,-0.5237020538076111,0.21967399999999992,-0.32689650000000003,0.8428550000000001,0.08886942370607795,-0.012227372850685092,0.9959682233939644,5.047505918774792,-0.6551869134140009,0.3126581356452038,0.31319366277204025,0.24361320848944779
05/17/2023 16:16:02.197733,3308,True,True,True,True,Eyes,1.125792,-0.3103676,-3.404488,0.2401503,-0.3547143,0.903607,0.9061297,1.3434,-0.6317848,-2.585702,-0.2614636,0.1620955,-0.9515051,0.07732601,-0.01137266,0.912298,1.127661,-0.3073545,-3.414314,0.1649454,0.09079686,-0.06684659,0.9798371,19.59553,9.524144,353.8428,0.3128702,-0.08625267,-0.9458711,0,0,0,1.347322,-0.6342162,-2.57143,0.07853961,-0.00857833,0.9269855,0.9745749,-0.1010445,-0.1999843,0.1609506,0.9366491,0.3111003,0.1558802,-0.3353782,0.9290979,static,5.116786946538863,-0.7178245362704342,4.842866095347522,-0.530200391263025,0.21966099999999988,-0.32686170000000003,0.8428840000000002,0.08917917753098492,-0.012478157075951762,0.9959374385745647,5.065449173272181,-0.6698755166624282,0.3314580315481113,0.3320172473037358,0.26277817115155094
05/17/2023 16:16:02.217704,3309,True,True,True,True,Eyes,1.125712,-0.3103554,-3.404484,0.2403805,-0.3548183,0.903505,0.9061671,1.343537,-0.6318802,-2.585757,-0.252281,0.1557159,-0.9550428,0.0775391,-0.01142225,0.9123757,1.12764,-0.3073503,-3.414396,0.1649308,0.09078626,-0.066953,0.9798333,19.5948,9.520731,353.8297,0.3128621,-0.08625063,-0.9458739,0,0,0,1.347322,-0.6342162,-2.57143,0.07859862,-0.008543551,0.9270612,0.9745503,-0.1012586,-0.199996,0.1611524,0.9366302,0.3110524,0.1558256,-0.3353661,0.9291114,static,5.134900957752168,-0.7224506448911703,4.846093552953049,-0.528007813383343,0.21968199999999993,-0.3268659,0.8429660000000001,0.0894939518940175,-0.012558214386320654,0.9959082385671677,5.083600972796806,-0.6746253981244007,0.34758508796674303,0.348163369399458,0.2791173420555231
05/17/2023 16:16:02.237698,3310,True,True,True,True,Eyes,1.125612,-0.3103356,-3.404475,0.2406179,-0.3549365,0.9033953,0.9062132,1.343663,-0.6319837,-2.585806,-0.2438752,0.1488163,-0.9583207,0.07788754,-0.01152435,0.9124122,1.127641,-0.3073518,-3.414446,0.1649048,0.09067467,-0.06699028,0.9798454,19.59145,9.506639,353.8228,0.3128528,-0.08624852,-0.9458772,0,0,0,1.347322,-0.6342162,-2.57143,0.07880725,-0.008554488,0.9270881,0.9745808,-0.1013749,-0.1997883,0.1611856,0.9366375,0.3110137,0.1556003,-0.3353109,0.9291691,static,5.163759503398029,-0.7303156689342601,4.85875507767116,-0.5286683633927589,0.21968100000000002,-0.3268644,0.843016,0.08999539545030956,-0.012694346370014514,0.9958612570346987,5.112523250405987,-0.6826936018834519,0.36503441645446394,0.3656355228162669,0.29685359958283813
05/17/2023 16:16:02.257738,3311,True,True,True,True,Eyes,1.125517,-0.3103181,-3.404467,0.2408494,-0.355044,0.9032913,0.906258,1.343789,-0.6320797,-2.585851,-0.2354867,0.142426,-0.9613848,0.07802384,-0.01190394,0.9124493,1.127744,-0.3072109,-3.414452,0.1648092,0.09064966,-0.06706109,0.979859,19.5809,9.502491,353.813,0.3128421,-0.08624618,-0.9458809,0,0,0,1.347322,-0.6342162,-2.57143,0.07880278,-0.00885278,0.9271161,0.9745709,-0.101541,-0.1997523,0.1613006,0.9366815,0.3108213,0.1555432,-0.3351376,0.9292412,static,5.183709663517647,-0.7451507703889617,4.858334775536312,-0.5470852202710389,0.21957799999999983,-0.3270053,0.8430219999999999,0.09034184149316819,-0.012951787043107621,0.9958265164977598,5.132584486642842,-0.6977829062400343,0.3803392846499359,0.3809183375375647,0.3129260241629406
05/17/2023 16:16:02.267831,3312,True,True,True,True,Eyes,1.125409,-0.3102999,-3.404456,0.2410424,-0.355169,0.9031908,0.9063075,1.343868,-0.6321923,-2.585887,-0.2302419,0.1349157,-0.9637356,0.07801972,-0.01212034,0.9124512,1.127782,-0.3072538,-3.414454,0.164728,0.09069048,-0.0670712,0.9798681,19.57187,9.507454,353.812,0.3128301,-0.08624367,-0.9458852,0,0,0,1.347322,-0.6342162,-2.57143,0.07870241,-0.008967608,0.9271019,0.9745534,-0.1015633,-0.1998264,0.1613204,0.9367322,0.310658,0.1556324,-0.3349889,0.9292798,static,5.192796955777236,-0.761158536624596,4.852250308461969,-0.5541894234387607,0.21953999999999985,-0.3269624,0.8430240000000002,0.09049946257509965,-0.013229820164740558,0.9958086651036065,5.141788339433507,-0.7140184189187759,0.39789867371507376,0.39850750659253653,0.33072281320620495
05/17/2023 16:16:02.287841,3313,True,True,True,True,Eyes,1.125306,-0.3102821,-3.404445,0.2412314,-0.3552819,0.9030959,0.9063582,1.343948,-0.6322947,-2.585917,-0.2249078,0.1281162,-0.9659207,0.07800984,-0.01237783,0.9125044,1.127764,-0.3072547,-3.414479,0.1646298,0.0907675,-0.06709364,0.979876,19.56118,9.516568,353.8101,0.3128167,-0.08624103,-0.9458899,0,0,0,1.347322,-0.6342162,-2.57143,0.07859536,-0.009136051,0.9271361,0.9745194,-0.1016008,-0.199973,0.1613729,0.936791,0.3104536,0.1557905,-0.3348133,0.9293166,static,5.197845411408624,-0.7782766798440939,4.845503892526874,-0.5645775433809391,0.21955799999999992,-0.3269615,0.8430490000000002,0.09058684201090622,-0.013527226998694214,0.9957966959146813,5.14696020376745,-0.7313626339899612,0.41144968819002903,0.4120823544547821,0.3445187571616891
05/17/2023 16:16:02.297953,3314,True,True,True,True,Eyes,1.125188,-0.3102635,-3.404432,0.2413666,-0.355371,0.9030247,0.9063991,1.343962,-0.6323715,-2.585931,-0.2239702,0.1229846,-0.966805,0.07795237,-0.0126459,0.9125032,1.127795,-0.3072488,-3.414464,0.1645315,0.09080859,-0.06710521,0.9798879,19.55018,9.521588,353.8088,0.3128022,-0.08623825,-0.945895,0,0,0,1.347322,-0.6342162,-2.57143,0.07851288,-0.009332657,0.9271216,0.9745014,-0.1016294,-0.2000463,0.1613929,0.9368526,0.3102573,0.1558826,-0.3346323,0.9293664,static,5.203311729951369,-0.7942864537808998,4.840518412531451,-0.576735347071922,0.2195269999999998,-0.3269674,0.8430340000000003,0.09068149976188362,-0.01380535560857743,0.9957842486222136,5.152542137828607,-0.7475866288740337,0.42237550662314477,0.42302183772808977,0.35573721430536254
05/17/2023 16:16:02.317589,3315,True,True,True,True,Eyes,1.125074,-0.3102429,-3.404421,0.2414897,-0.355447,0.9029619,0.9064358,1.343969,-0.6324329,-2.585944,-0.2234608,0.1188697,-0.9674374,0.07797587,-0.01326418,0.9125363,1.127815,-0.3072654,-3.41451,0.1642164,0.09080891,-0.06707793,0.9799426,19.51343,9.523213,353.8095,0.3127863,-0.08623536,-0.9459005,0,0,0,1.347322,-0.6342162,-2.57143,0.07852133,-0.009900004,0.927147,0.9745086,-0.1016404,-0.2000056,0.1612897,0.9370671,0.3096627,0.1559444,-0.3340278,0.9295735,moving,5.2138728949365625,-0.8350919524122348,4.8409049065944485,-0.6117766543457526,0.2195069999999999,-0.3269508,0.84308,0.0908641380001543,-0.014514297641807089,0.9957575415010189,5.163397088921704,-0.7889255154391648,0.4340344259235647,0.43471236775422556,0.3679441895843561
05/17/2023 16:16:02.337671,3316,True,True,True,True,Eyes,1.124945,-0.3102252,-3.404409,0.2415942,-0.355543,0.9028961,0.9058165,1.343785,-0.6322819,-2.586551,-0.01046724,-0.02591774,-0.9996093,0.07808191,-0.01361364,0.9119276,1.127832,-0.3072012,-3.414549,0.164074,0.09072796,-0.06717245,0.9799675,19.49735,9.512022,353.7954,0.3127692,-0.0862323,-0.9459064,0,0,0,1.343942,-0.6318932,-2.571558,0.07519874,-0.008585215,0.9257613,0.9745126,-0.1018814,-0.1998634,0.1614258,0.9371352,0.3093856,0.1557783,-0.3337632,0.9296963,moving,5.233453299901531,-0.8544007292806358,4.64388773711101,-0.53132755194496,0.21611000000000002,-0.32469200000000004,0.842991,0.09120397255296055,-0.014849404931342736,0.9957214873053575,5.183120374265954,-0.8085412563340392,0.67137300295378,0.6722825527575984,0.6063161509263887
05/17/2023 16:16:02.355661,3317,True,True,True,True,Eyes,1.124823,-0.3102032,-3.404397,0.2416959,-0.3556319,0.9028339,0.9065003,1.34392,-0.6325836,-2.585978,0.2263884,-0.2026218,-0.9527291,0.07818046,-0.01361433,0.9126384,1.127799,-0.3072559,-3.414627,0.164059,0.09072216,-0.06725776,0.9799646,19.4964,9.509634,353.785,0.3127507,-0.08622918,-0.9459128,0,0,0,1.340524,-0.6295443,-2.571687,0.0717048,-0.006894022,0.9243816,0.9744918,-0.1020529,-0.1998774,0.161588,0.9371221,0.3093405,0.1557405,-0.3337475,0.9297082,moving,5.242884350327815,-0.8591833353976597,4.435583448444716,-0.4273030112744929,0.21272500000000005,-0.3222883999999999,0.84294,0.09136775977609064,-0.014932295262751583,0.9957052608052819,5.192588028565488,-0.8134170374705637,0.9144272286745968,0.9155628654254147,0.8497881945221213
05/17/2023 16:16:02.377828,3318,True,True,True,True,Eyes,1.12469,-0.3101826,-3.40438,0.2417913,-0.3557151,0.9027756,0.9109716,1.344955,-0.634229,-2.581977,0.5515196,-0.4883626,-0.6762604,0.07847808,-0.01382902,0.9170595,1.127858,-0.3071698,-3.414593,0.1640702,0.09074402,-0.06727023,0.9799599,19.49795,9.511969,353.784,0.3127311,-0.08622587,-0.9459195,0,0,0,1.336681,-0.6269026,-2.571832,0.06763944,-0.005162239,0.9227573,0.9744805,-0.1020675,-0.199925,0.161621,0.9371114,0.3093556,0.1557769,-0.3337731,0.929693,moving,5.247067851409449,-0.8623601122677867,4.192365275678632,-0.3205300266798151,0.20882299999999998,-0.3197328,0.8427609999999999,0.09144038832442641,-0.014987402315120635,0.9956977865969084,5.196795291922681,-0.816647917565835,1.1844294635102985,1.1857391639401516,1.1202734573260293
05/17/2023 16:16:02.388047,3319,True,True,True,True,Eyes,1.124531,-0.3101592,-3.404357,0.2418972,-0.3558204,0.9027057,0.0,0.0,0.0,0.0,0.0,0.0,0.0,-1.813632,1.159658,2.89688,1.127957,-0.307233,-3.414572,0.1637156,0.09083207,-0.06727596,0.9800106,19.45751,9.523596,353.7823,0.3127103,-0.08622248,-0.9459267,0,0,0,1.333907,-0.6249963,-2.571937,0.06455925,-0.004478961,0.9215398,0.974447,-0.102121,-0.200061,0.1616035,0.9373423,0.3086645,0.1560045,-0.3331078,0.9298934,moving,5.24806257326739,-0.9091768541069613,4.007357046863522,-0.2784725534561953,0.20594999999999986,-0.31776329999999997,0.842635,0.09145652654511467,-0.015800964184951333,0.9956836980284546,5.198124132156689,-0.8640350033112527,1.3903310686220296,1.391811092824192,1.3269550233892036
05/17/2023 16:16:02.397891,3320,True,True,True,True,Eyes,1.124379,-0.3101344,-3.404335,0.2420052,-0.3559143,0.9026397,0.0,0.0,0.0,0.0,0.0,0.0,0.0,-1.814495,1.160484,2.896051,1.127986,-0.3072209,-3.4146,0.1638393,0.09097768,-0.06720538,0.9799812,19.47207,9.542118,353.7947,0.3126878,-0.08621895,-0.9459345,0,0,0,1.330372,-0.6225666,-2.572071,0.06055677,-0.002626151,0.9201003,0.974413,-0.1019086,-0.2003346,0.1615315,0.9372802,0.3088906,0.1562911,-0.3333473,0.9297595,moving,5.236385523929333,-0.9023811104456317,3.7655139734443805,-0.16353321488300523,0.20238600000000018,-0.31534569999999995,0.8425289999999999,0.0912537679208697,-0.015683160392364975,0.9957041338208713,5.186395528013408,-0.857113315089936,1.644418792462302,1.6460131624028194,1.581125468619601
05/17/2023 16:16:02.417685,3321,True,True,True,True,Eyes,1.124238,-0.3101056,-3.404309,0.2421182,-0.3559936,0.9025782,0.0,0.0,0.0,0.0,0.0,0.0,0.0,-1.814779,1.160189,2.895969,1.128011,-0.3071533,-3.414579,0.1637527,0.09105453,-0.06707813,0.9799974,19.46129,9.554224,353.8108,0.3126639,-0.08621526,-0.9459427,0,0,0,1.324983,-0.6188626,-2.572274,0.05479227,-0.0003648102,0.9178426,0.9744192,-0.1016519,-0.2004348,0.1612936,0.9373711,0.3087389,0.1564979,-0.33317,0.9297882,moving,5.233544591372752,-0.9197506948703628,3.4163205251258497,-0.02277305900012857,0.19697199999999992,-0.3117093,0.8423049999999996,0.09120396740738193,-0.015985088142014686,0.9957039652495538,5.183677707021051,-0.8746824922185557,2.024794640069897,2.0265419280632413,1.9619635803967128
05/17/2023 16:16:02.428244,3322,True,True,True,True,Eyes,1.124067,-0.3100798,-3.404277,0.2422665,-0.35604,0.9025201,0.0,0.0,0.0,0.0,0.0,0.0,0.0,-1.815428,1.159069,2.895877,1.128099,-0.3070278,-3.414448,0.1636075,0.09116299,-0.0670643,0.9800124,19.44503,9.568006,353.8135,0.3126391,-0.0862113,-0.9459512,0,0,0,1.323151,-0.6176032,-2.572344,0.05266725,4.702806e-05,0.9169884,0.9743834,-0.1016178,-0.2006262,0.1612776,0.93747,0.3084472,0.1567373,-0.3329023,0.9298438,moving,5.231694010152036,-0.9392991612248242,3.28717304236071,0.0029384334134713733,0.195052,-0.3105754,0.842104,0.09117130665152805,-0.016324855561152235,0.9957014419295677,5.181966037568755,-0.8944606281448942,2.1589979478236985,2.1607807567936814,2.096560414196383
05/17/2023 16:16:02.455735,3323,True,True,True,True,Eyes,1.123905,-0.3100487,-3.404247,0.2423975,-0.356108,0.9024581,0.0,0.0,0.0,0.0,0.0,0.0,0.0,-1.815178,1.156424,2.897125,1.128066,-0.3071565,-3.414476,0.1630904,0.09117912,-0.06692924,0.9801064,19.38396,9.574365,353.8258,0.3126128,-0.08620723,-0.9459603,0,0,0,1.320544,-0.6158115,-2.572442,0.04998833,0.0004206598,0.915881,0.9744136,-0.1014547,-0.2005615,0.1609364,0.937844,0.3074867,0.1568994,-0.331897,0.9301758,moving,5.240693325890773,-1.005167857324124,3.1240755176209287,0.026315677971293094,0.19247799999999993,-0.30865499999999996,0.842034,0.09132593190598295,-0.01746927993236999,0.9956678544303861,5.19143745377507,-0.9611602068195467,2.3526274430510288,2.35457623148425,2.2910901331249387
05/17/2023 16:16:02.477689,3324,True,True,True,True,Eyes,1.123739,-0.3100216,-3.404219,0.2424689,-0.3561706,0.9024142,0.0,0.0,0.0,0.0,0.0,0.0,0.0,-1.816042,1.155742,2.896828,1.128099,-0.3070032,-3.414456,0.1632967,0.09117398,-0.06753114,0.9800312,19.41365,9.560853,353.7554,0.3125854,-0.08620289,-0.9459698,0,0,0,1.31715,-0.6134781,-2.572571,0.04660557,0.002414763,0.9144721,0.9742537,-0.1025884,-0.2007619,0.1621421,0.9375474,0.3077576,0.1566515,-0.3323859,0.930043,moving,5.256114089111615,-0.9717241929535647,2.9175238184876258,0.15129538325928432,0.18905100000000008,-0.30647490000000005,0.841885,0.09159481992036365,-0.016887684574242917,0.9956531761646158,5.206623812432706,-0.9273694797493529,2.592321034865693,2.594258549646598,2.5305131236507767
05/17/2023 16:16:02.487880,3325,True,True,True,True,Eyes,1.123578,-0.3099966,-3.404195,0.2425406,-0.3562267,0.9023727,0.0,0.0,0.0,0.0,0.0,0.0,0.0,-1.81733,1.153753,2.896882,1.128178,-0.3070314,-3.414485,0.1631255,0.09131654,-0.06781004,0.9800271,19.39746,9.572878,353.7236,0.3125567,-0.08619843,-0.9459797,0,0,0,1.313779,-0.6111612,-2.572698,0.04286969,0.003774285,0.9130691,0.9741262,-0.1031193,-0.2011085,0.1627035,0.9375837,0.3073505,0.1568623,-0.3321193,0.9301027,moving,5.252076365300724,-0.9888548842537586,2.688131514752456,0.2368379014374651,0.18560100000000013,-0.30412979999999995,0.8417870000000001,0.0915241827345686,-0.01718548185511476,0.9956544969690627,5.202707179541192,-0.9446923940074198,2.839861313017493,2.841854324476976,2.778327664801578
05/17/2023 16:16:02.497769,3326,True,True,True,True,Eyes,1.123433,-0.3099819,-3.404173,0.2425122,-0.3562931,0.9023541,0.0,0.0,0.0,0.0,0.0,0.0,0.0,-1.817583,1.152974,2.897083,1.12812,-0.3070944,-3.41454,0.1629513,0.09139292,-0.06771845,0.9800553,19.37689,9.584491,353.7347,0.3125271,-0.0861939,-0.9459898,0,0,0,1.310018,-0.6085762,-2.57284,0.03886999,0.005278558,0.911536,0.9741231,-0.1029505,-0.2012098,0.1625209,0.9377221,0.3070247,0.1570706,-0.3317806,0.9301884,moving,5.242367689249617,-1.0153250275134438,2.4417444421323813,0.33178691213251515,0.1818979999999999,-0.3014818,0.8417000000000003,0.09135473543619704,-0.017645738997745464,0.9956619919690949,5.193184692524431,-0.971446574455099,3.1056940295252025,3.1077646548975015,3.044477126214085
05/17/2023 16:16:02.517820,3327,True,True,True,True,Eyes,1.123294,-0.3099674,-3.404154,0.2424852,-0.3563723,0.9023301,0.0,0.0,0.0,0.0,0.0,0.0,0.0,-1.817304,1.154411,2.896783,1.128077,-0.3073278,-3.414616,0.1630902,0.09136441,-0.06761458,0.9800422,19.39177,9.582711,353.7477,0.312497,-0.08618958,-0.9460002,0,0,0,1.30652,-0.606172,-2.572972,0.03524728,0.007402867,0.9100641,0.9741616,-0.102729,-0.2011365,0.1623315,0.9376597,0.3073154,0.1570274,-0.3320257,0.9301082,moving,5.241394616045332,-1.0065395041139225,2.2179882645832807,0.4660591275692664,0.1784429999999999,-0.29884420000000006,0.8416440000000001,0.09133807243080017,-0.01749309482088729,0.9956662322036204,5.1921487110768485,-0.9625510788587458,3.3608676912715376,3.3629648669137584,3.299478365347636
05/17/2023 16:16:02.537656,3328,True,True,True,True,Eyes,1.123179,-0.3099528,-3.404145,0.2423295,-0.3564634,0.902336,0.0,0.0,0.0,0.0,0.0,0.0,0.0,-1.81736,1.155914,2.8962,1.128093,-0.3073142,-3.414655,0.1633072,0.0913733,-0.06755237,0.9800095,19.41634,9.584322,353.757,0.3124666,-0.08618543,-0.9460106,0,0,0,1.303844,-0.604333,-2.573074,0.0323851,0.00903824,0.9089763,0.9741752,-0.1025601,-0.2011569,0.1622477,0.9375349,0.3077402,0.1570298,-0.3324301,0.9299634,moving,5.2287700610094126,-0.9893330145385953,2.040476780147138,0.5696913556547384,0.175751,-0.2970188,0.8415810000000001,0.09111916180979726,-0.017194432758511652,0.9956915430187216,5.179398110142962,-0.9450890981815031,3.5469808643847816,3.549052131435695,3.4853101639921635
05/17/2023 16:16:02.548093,3329,True,True,True,True,Eyes,1.123066,-0.3099343,-3.404139,0.2421759,-0.3565371,0.9023482,0.0,0.0,0.0,0.0,0.0,0.0,0.0,-1.817709,1.157601,2.895408,1.127983,-0.3072301,-3.414785,0.1635924,0.09143247,-0.06754702,0.9799568,19.44968,9.590595,353.7612,0.3124364,-0.0861814,-0.9460209,0,0,0,1.300419,-0.6019785,-2.573203,0.02877125,0.01114282,0.9076999,0.974155,-0.102471,-0.2013001,0.1623016,0.9373499,0.3082749,0.1570994,-0.3329789,0.9297552,moving,5.210871362995502,-0.9621877324474999,1.8154893047121239,0.7033210982374277,0.17243600000000003,-0.29474839999999997,0.8415820000000003,0.0908088446253846,-0.016723174747907604,0.9957279916847845,5.161301094398773,-0.9175483000746891,3.779850991859058,3.7818697739084226,3.7177512206158796
05/17/2023 16:16:02.567690,3330,True,True,True,True,Eyes,1.122986,-0.309917,-3.404139,0.2418806,-0.35657,0.9024143,0.0,0.0,0.0,0.0,0.0,0.0,0.0,-1.816837,1.157038,2.896184,1.12792,-0.307121,-3.414819,0.163436,0.09133741,-0.06741685,0.9800007,19.4297,9.582341,353.7736,0.3124065,-0.08617737,-0.9460312,0,0,0,1.296976,-0.5996122,-2.573333,0.02542807,0.01237297,0.9063272,0.9742249,-0.1022815,-0.2010581,0.1619927,0.9374872,0.3080195,0.1569847,-0.3326501,0.9298923,moving,5.20343187266711,-0.9859241194909742,1.60707854893372,0.7821401866409792,0.16905599999999987,-0.29249120000000006,0.8414860000000002,0.09067891276848702,-0.01713588371960381,0.995732722505956,5.154028899608714,-0.9415441290991718,4.005410667218432,4.007469104028885,3.943595365967717
05/17/2023 16:16:02.577729,3331,True,True,True,True,Eyes,1.122906,-0.309895,-3.404143,0.2415715,-0.3565644,0.9024993,0.0,0.0,0.0,0.0,0.0,0.0,0.0,-1.814709,1.155916,2.897947,1.127876,-0.3070595,-3.414823,0.1631074,0.09106498,-0.06718533,0.9800967,19.38769,9.555411,353.793,0.3123776,-0.08617333,-0.9460411,0,0,0,1.293668,-0.5973384,-2.573458,0.02252337,0.01325369,0.9049646,0.9743866,-0.1019895,-0.2004218,0.1614029,0.9377642,0.3074855,0.1565881,-0.3319585,0.9302063,moving,5.2144574866790325,-1.0286179656987844,1.425721709497966,0.8390673108796435,0.16579199999999994,-0.29027890000000006,0.8413650000000001,0.09086934248487538,-0.01787753562458025,0.9957023168479916,5.165361888772437,-0.984795955837566,4.221920981155482,4.224069966470686,4.160695360889135
05/17/2023 16:16:02.603372,3332,True,True,True,True,Eyes,1.122854,-0.3098649,-3.404155,0.2409773,-0.3564104,0.902719,0.0,0.0,0.0,0.0,0.0,0.0,0.0,-1.812037,1.153499,2.900662,1.127814,-0.3069375,-3.414923,0.1626369,0.0906733,-0.06712414,0.9802154,19.33015,9.51118,353.7885,0.3123496,-0.08616912,-0.9460508,0,0,0,1.29014,-0.5949135,-2.573592,0.01967227,0.01400939,0.9036236,0.9745454,-0.1020986,-0.1995924,0.1610859,0.9380872,0.3066656,0.155925,-0.3310111,0.9306552,moving,5.225302857188343,-1.075570920576776,1.247156476995434,0.8882178586570891,0.16232599999999997,-0.287976,0.8413309999999998,0.09105645983032909,-0.018693171210214576,0.9956702826627516,5.176544958807467,-1.0323577646342827,4.434205323759757,4.436452974132238,4.373637452484844
05/17/2023 16:16:02.619083,3333,True,True,True,True,Eyes,1.122802,-0.3098319,-3.404166,0.2403817,-0.3561904,0.9029646,0.0,0.0,0.0,0.0,0.0,0.0,0.0,-1.808658,1.149135,2.904527,1.127787,-0.3066711,-3.414979,0.161897,0.09015939,-0.06714618,0.9803837,19.24147,9.451536,353.7696,0.3123229,-0.08616452,-0.94606,0,0,0,1.287054,-0.5927929,-2.573708,0.01754794,0.01394451,0.9024777,0.9747253,-0.102465,-0.1985231,0.1608511,0.9385615,0.3053346,0.15504,-0.32955,0.9313213,moving,5.253476534074736,-1.1470620818076138,1.1139291542227716,0.8852274099377463,0.15926699999999983,-0.2861218,0.8412710000000003,0.0915438476867443,-0.019934615578827863,0.9956015099690437,5.205235910515919,-1.104819608016823,4.609115340127635,4.611513101824375,4.549623952345932
05/17/2023 16:16:02.637467,3334,True,True,True,True,Eyes,1.122759,-0.3097947,-3.404178,0.2392352,-0.3556073,0.9034988,0.0,0.0,0.0,0.0,0.0,0.0,0.0,-1.805671,1.14386,2.908444,1.127758,-0.3065857,-3.414978,0.1609595,0.08973611,-0.06708884,0.9805808,19.12973,9.405094,353.7604,0.3122976,-0.08615948,-0.9460688,0,0,0,1.283688,-0.590479,-2.573836,0.01496984,0.01378652,0.9011194,0.974893,-0.1026843,-0.1975842,0.1604598,0.9391822,0.303627,0.1543898,-0.3277082,0.9320789,moving,5.235384305450624,-1.2236379620107742,0.9517382080765804,0.8765184587315903,0.1559299999999999,-0.28389329999999996,0.8411420000000001,0.09122696398546436,-0.021265841920635742,0.9956030932772209,5.187684958801533,-1.1822545821323245,4.768244661210533,4.770773614324332,4.709754909628031
05/17/2023 16:16:02.647616,3335,True,True,True,True,Eyes,1.122711,-0.3097517,-3.404197,0.2381207,-0.3549781,0.9040405,0.0,0.0,0.0,0.0,0.0,0.0,0.0,-1.803534,1.139688,2.911423,1.127764,-0.3064716,-3.415001,0.1602034,0.08944786,-0.06698302,0.9807382,19.03939,9.375235,353.7613,0.3122737,-0.08615393,-0.9460772,0,0,0,1.280316,-0.5881614,-2.573963,0.0120686,0.0139178,0.8997922,0.9750247,-0.1027259,-0.1969117,0.1600453,0.9396963,0.3022521,0.153988,-0.3262182,0.9326679,moving,5.200729966963955,-1.2780941538305466,0.76844229538739,0.8861686213723065,0.15255200000000002,-0.28168979999999993,0.8410380000000002,0.09062290826590028,-0.022213323540232865,0.9956375854913659,5.153409771613961,-1.237240178013038,4.929865606108675,4.93246463380513,4.872043174775027
05/17/2023 16:16:02.667686,3336,True,True,True,True,Eyes,1.122674,-0.3096965,-3.404217,0.2366414,-0.3540511,0.904792,0.0,0.0,0.0,0.0,0.0,0.0,0.0,-1.800862,1.135411,2.914853,1.127602,-0.3063048,-3.41516,0.1593381,0.0891405,-0.06669714,0.9809266,18.93461,9.347044,353.7825,0.3122508,-0.08614774,-0.9460853,0,0,0,1.27686,-0.5857863,-2.574094,0.009226486,0.0138815,0.8986118,0.9752109,-0.102443,-0.1961353,0.1592569,0.9403257,0.3007072,0.1536258,-0.3244888,0.9333307,moving,5.141038892617266,-1.3324022790206822,0.5882630654482518,0.8850185441102886,0.1492580000000001,-0.2794815,0.8410660000000001,0.08958366379710112,-0.023159217442765,0.9957099551060522,5.094090159531752,-1.2919822269826935,5.061412752907359,5.064061891338744,5.004179269282466
05/17/2023 16:16:02.677590,3337,True,True,True,True,Eyes,1.122638,-0.3096324,-3.404239,0.2351987,-0.35306,0.9055552,0.0,0.0,0.0,0.0,0.0,0.0,0.0,-1.798713,1.128855,2.91869,1.127575,-0.3059776,-3.415171,0.1583445,0.08881635,-0.06684268,0.9811069,18.81898,9.308799,353.7509,0.3122292,-0.08614063,-0.9460931,0,0,0,1.273599,-0.5835442,-2.574217,0.006653041,0.01339638,0.8974104,0.9752874,-0.1030325,-0.195445,0.1592868,0.9409181,0.2988323,0.1531083,-0.3225792,0.9340774,moving,5.094724506719162,-1.3880117999653292,0.4247601619626426,0.8552375015593939,0.14602399999999993,-0.27756659999999994,0.840954,0.08877673575524776,-0.02412736334689647,0.9957592951387899,5.048160060259768,-1.348091478440248,5.1781108079287606,5.180804417278107,5.121570580757443
05/17/2023 16:16:02.697763,3338,True,True,True,True,Eyes,1.122644,-0.3095701,-3.404267,0.2333528,-0.3518136,0.9065173,0.0,0.0,0.0,0.0,0.0,0.0,0.0,-1.796139,1.120359,2.923594,1.12757,-0.30573,-3.415236,0.1570091,0.08843636,-0.06697688,0.9813466,18.66335,9.265414,353.717,0.3122087,-0.08613244,-0.9461007,0,0,0,1.270237,-0.581234,-2.574344,0.004078984,0.01243582,0.8962057,0.9753863,-0.1036845,-0.1946054,0.1592257,0.9417245,0.2963143,0.1525415,-0.320007,0.9350543,moving,5.03142640887751,-1.4692461136339476,0.2607737868105255,0.794989671700003,0.1426670000000001,-0.275504,0.8408920000000002,0.08767352267819528,-0.025541636985392552,0.9958217369657043,4.985424482374005,-1.4300721051495073,5.277929117423382,5.280709245169767,5.222377246607637
05/17/2023 16:16:02.717984,3339,True,True,True,True,Eyes,1.122645,-0.3095041,-3.404303,0.2315391,-0.3505511,0.907471,0.0,0.0,0.0,0.0,0.0,0.0,0.0,-1.793824,1.111134,2.928453,1.127465,-0.305658,-3.41521,0.1555565,0.08811416,-0.06714404,0.9815955,18.49488,9.228884,353.6796,0.3121901,-0.08612328,-0.9461076,0,0,0,1.266898,-0.5789387,-2.57447,0.00154461,0.0114139,0.8948932,0.9754552,-0.1044031,-0.1938743,0.15923,0.9425877,0.2935545,0.1520956,-0.3172199,0.9360761,moving,4.965234021277654,-1.5624935624286536,0.0988939754025522,0.7307384159524432,0.13943300000000014,-0.27328070000000004,0.8407400000000003,0.08651931618802061,-0.027165030229534343,0.9958797685664702,4.919879514785834,-1.5242004310787722,5.376704545925474,5.379607638922876,5.322278720134186
05/17/2023 16:16:02.737476,3340,True,True,True,True,Eyes,1.12269,-0.3094443,-3.404348,0.2294476,-0.3491156,0.9085549,0.0,0.0,0.0,0.0,0.0,0.0,0.0,-1.790322,1.105586,2.932897,1.127348,-0.3055231,-3.415435,0.1546973,0.08755098,-0.06738079,0.9817654,18.3941,9.160193,353.6339,0.3121733,-0.08611313,-0.9461141,0,0,0,1.263602,-0.576673,-2.574595,-0.0006204545,0.01149473,0.8938495,0.9755893,-0.1052165,-0.1927563,0.1593921,0.9430572,0.2919543,0.1510618,-0.3155513,0.9368072,moving,4.903728119639979,-1.576280342326109,-0.03977114550083059,0.7367719219387039,0.13625399999999988,-0.2711499,0.84084,0.08544963821227176,-0.02740720030904989,0.9959654182368693,4.858455632858575,-1.5379239149859005,5.455011730640616,5.457874656097216,5.400635770236621
05/17/2023 16:16:02.757798,3341,True,True,True,True,Eyes,1.122729,-0.3093767,-3.404391,0.2274307,-0.3476667,0.9096171,0.0,0.0,0.0,0.0,0.0,0.0,0.0,-1.788086,1.101118,2.935978,1.127359,-0.3055485,-3.415462,0.1538945,0.08723823,-0.06731845,0.9819238,18.29869,9.12703,353.6292,0.3121589,-0.08610222,-0.9461198,0,0,0,1.260193,-0.5743302,-2.574724,-0.003532656,0.01173109,0.8925129,0.9757155,-0.1053522,-0.1920424,0.1590541,0.9435695,0.2904798,0.1506027,-0.3139707,0.937412,moving,4.811742653441973,-1.5899430680725628,-0.22678128492934177,0.753045970855503,0.1328339999999999,-0.2687817,0.8407380000000004,0.08385000860505826,-0.027648470607182563,0.9960948069003298,4.766543226565231,-1.5514077878505605,5.553847500950046,5.556646570916477,5.499436044096432
05/17/2023 16:16:02.767885,3342,True,True,True,True,Eyes,1.122817,-0.3093088,-3.404446,0.2252198,-0.3460761,0.910773,0.0,0.0,0.0,0.0,0.0,0.0,0.0,-1.786681,1.095391,2.938933,1.127271,-0.305312,-3.415477,0.1529915,0.0870664,-0.06734912,0.9820779,18.19349,9.109344,353.6154,0.3121467,-0.08609039,-0.946125,0,0,0,1.256824,-0.5720147,-2.574851,-0.00649114,0.01153973,0.8912857,0.9757671,-0.1056433,-0.1916197,0.158925,0.9441154,0.2887715,0.1504043,-0.3122269,0.9380261,moving,4.693911523982884,-1.6062896902269808,-0.4172717579928363,0.741783341234352,0.12955300000000003,-0.2667027,0.8406260000000003,0.08180066352007087,-0.027937431472492336,0.9962571124978964,4.648797448671205,-1.5675113249745114,5.622026488600538,5.624734794016879,5.567575689839369
05/17/2023 16:16:02.777710,3343,True,True,True,True,Eyes,1.122894,-0.309232,-3.404507,0.223075,-0.3444693,0.9119093,0.0,0.0,0.0,0.0,0.0,0.0,0.0,-1.784281,1.090217,2.942344,1.127166,-0.3051479,-3.415553,0.1520643,0.08677065,-0.06720679,0.982258,18.08309,9.080257,353.6196,0.3121374,-0.0860777,-0.9461291,0,0,0,1.25355,-0.5697641,-2.574975,-0.009175085,0.01133776,0.8901424,0.9759082,-0.1056394,-0.1909018,0.1584183,0.9447194,0.2870695,0.1500228,-0.3103958,0.9386946,moving,4.590703026288492,-1.6272665382203508,-0.5905516142498377,0.7297379292136463,0.12638400000000005,-0.26461619999999997,0.8405780000000003,0.08000511695469782,-0.02830631364449493,0.9963925228357068,4.54571119521802,-1.5883558457599687,5.68952716826266,5.69217618399183,5.635135703556223
05/17/2023 16:16:02.797904,3344,True,True,True,True,Eyes,1.122988,-0.3091507,-3.404573,0.2207491,-0.3427513,0.9131218,0.0,0.0,0.0,0.0,0.0,0.0,0.0,-1.781403,1.084475,2.946362,1.126992,-0.3048759,-3.415767,0.151068,0.08639888,-0.06711486,0.9824507,17.9647,9.041451,353.616,0.3121306,-0.08606395,-0.9461326,0,0,0,1.250123,-0.5674084,-2.575105,-0.011811,0.0110551,0.8891212,0.9760617,-0.1057699,-0.1900431,0.1579783,0.9453481,0.2852365,0.1494875,-0.308431,0.9394274,moving,4.486098171018391,-1.6490998917864657,-0.7610668274196051,0.7123639992169545,0.1231310000000001,-0.26253250000000006,0.840662,0.07818501237264804,-0.0286901555524072,0.9965259752020557,4.441234322068727,-1.61006201316652,5.751471969669585,5.754063975082813,5.697157171165548
05/17/2023 16:16:02.817777,3345,True,True,True,True,Eyes,1.123069,-0.3090642,-3.404645,0.2184722,-0.3410035,0.914323,0.0,0.0,0.0,0.0,0.0,0.0,0.0,-1.777625,1.079679,2.950417,1.126849,-0.3046698,-3.415846,0.1502181,0.08586442,-0.06706207,0.9826314,17.86255,8.982004,353.6059,0.3121263,-0.08604912,-0.9461354,0,0,0,1.246703,-0.5650578,-2.575234,-0.01417795,0.01107636,0.8879591,0.97626,-0.1059978,-0.188894,0.1575914,0.9458744,0.2837016,0.1485983,-0.3067345,0.9401237,moving,4.401940415526188,-1.6507587201205172,-0.9147579825014807,0.714667789846965,0.1198539999999999,-0.26038800000000006,0.8406120000000001,0.07672113045830185,-0.028722282997434206,0.9966388192894684,4.357066099346009,-1.6114259973415135,5.816633587728329,5.81915152145456,5.762190682088191
05/17/2023 16:16:02.837815,3346,True,True,True,True,Eyes,1.123154,-0.308976,-3.404723,0.2159506,-0.3392033,0.9155908,0.0,0.0,0.0,0.0,0.0,0.0,0.0,-1.772882,1.072683,2.955952,1.12665,-0.3044807,-3.416045,0.1489872,0.08519866,-0.06700915,0.9828803,17.71555,8.908482,353.5907,0.312124,-0.08603316,-0.9461376,0,0,0,1.243485,-0.5628463,-2.575356,-0.01602132,0.01039697,0.8870157,0.9765019,-0.1063369,-0.1874472,0.157111,0.9466252,0.2814551,0.1475132,-0.3042915,0.941088,moving,4.321552159870696,-1.693709899447054,-1.0347665932712042,0.6715498068917424,0.11683500000000002,-0.25836560000000003,0.8406889999999998,0.07532108639884344,-0.02947254983121675,0.9967237110483699,4.276962834997323,-1.6545961981825372,5.852778968353915,5.855305633670158,5.7987433773238255
05/17/2023 16:16:02.852971,3347,True,True,True,True,Eyes,1.123227,-0.3088831,-3.404802,0.2134567,-0.3374079,0.9168382,0.0,0.0,0.0,0.0,0.0,0.0,0.0,-1.767031,1.067528,2.961405,1.12646,-0.3043639,-3.416194,0.1480095,0.08434574,-0.06693415,0.9831068,17.59637,8.812184,353.5767,0.3121234,-0.08601613,-0.9461393,0,0,0,1.240127,-0.5605382,-2.575483,-0.01773331,0.01031238,0.8859577,0.9768112,-0.1066389,-0.1856555,0.1565748,0.947226,0.2797271,0.1460279,-0.3023095,0.941958,moving,4.261259591168436,-1.7075233050488137,-1.1466779546573382,0.6668819164059839,0.11366699999999996,-0.25617429999999997,0.8407109999999998,0.07427165807300708,-0.029715195254935545,0.9967952983008036,4.216752797332764,-1.6683511703732248,5.9037287652048,5.906233034280302,5.849760935370049
05/17/2023 16:16:02.868119,3348,True,True,True,True,Eyes,1.123297,-0.3087816,-3.404884,0.210678,-0.3355815,0.9181502,0.0,0.0,0.0,0.0,0.0,0.0,0.0,-1.760363,1.063383,2.966906,1.126238,-0.304174,-3.416323,0.1472087,0.08335099,-0.06690436,0.9833139,17.49712,8.697584,353.5562,0.3121242,-0.085998,-0.9461407,0,0,0,1.236575,-0.5580972,-2.575617,-0.01937335,0.01059258,0.8848446,0.9771528,-0.107036,-0.1836182,0.1561159,0.9477068,0.2783517,0.1442226,-0.3006579,0.9427644,moving,4.199350679689379,-1.699279484485195,-1.2542698124243843,0.685861832707978,0.11033699999999991,-0.25392319999999996,0.8407060000000004,0.07319486284429796,-0.029574132265134168,0.9968790474978688,4.154768696391206,-1.6597759100454863,5.949939266641041,5.9523840244884365,5.895736935284642
05/17/2023 16:16:02.888197,3349,True,True,True,True,Eyes,1.123352,-0.3086748,-3.404971,0.2079125,-0.3337336,0.9194533,0.0,0.0,0.0,0.0,0.0,0.0,0.0,-1.752771,1.058174,2.973265,1.126052,-0.3038919,-3.416416,0.1462301,0.08221753,-0.06686203,0.9835581,17.3763,8.567566,353.5337,0.3121261,-0.08597865,-0.9461418,0,0,0,1.233441,-0.555943,-2.575735,-0.02033629,0.01026887,0.8839048,0.9775395,-0.10748,-0.1812859,0.1555707,0.9482925,0.2766572,0.1421769,-0.2986461,0.9437141,moving,4.155324452149975,-1.7097883747071823,-1.3179904233220625,0.6656106440903338,0.10738899999999996,-0.2520511,0.840681,0.07242844515566514,-0.029758645652845472,0.9969296051614385,4.110805744617043,-1.6702472415543768,5.964125853259628,5.966548099577149,5.909996607017545
05/17/2023 16:16:02.897776,3350,True,True,True,True,Eyes,1.123413,-0.3085636,-3.405063,0.2048237,-0.3318756,0.920818,0.0,0.0,0.0,0.0,0.0,0.0,0.0,-1.743643,1.052419,2.980805,1.125762,-0.3036804,-3.416652,0.1450928,0.080869,-0.06676725,0.9838448,17.23529,8.413757,353.5127,0.3121285,-0.08595805,-0.9461429,0,0,0,1.230108,-0.5536516,-2.575861,-0.02105627,0.009903684,0.883041,0.9780047,-0.1079102,-0.1785,0.1548443,0.9489805,0.2746987,0.1397502,-0.2962963,0.9448166,moving,4.117279258871582,-1.739676407685233,-1.3659692183568721,0.6425698293519004,0.10434600000000005,-0.2499712,0.8407909999999998,0.07176532449154083,-0.030280137518783307,0.9969617859043133,4.072963606293333,-1.7003546422187026,5.975937754426165,5.978386989557111,5.922101430281471
05/17/2023 16:16:02.917570,3351,True,True,True,True,Eyes,1.123459,-0.3084489,-3.405159,0.2017476,-0.3300107,0.9221663,0.0,0.0,0.0,0.0,0.0,0.0,0.0,-1.733858,1.045729,2.988873,1.125539,-0.3034699,-3.416759,0.1438509,0.07939401,-0.06678494,0.9841461,17.08231,8.243589,353.4758,0.3121315,-0.08593619,-0.9461439,0,0,0,1.226624,-0.551257,-2.575993,-0.02172049,0.009413928,0.8820109,0.9784727,-0.1086105,-0.1754847,0.1542941,0.9496934,0.2725359,0.1370564,-0.2937452,0.9460071,moving,4.097579191250637,-1.778539435401255,-1.4106865634428134,0.6115092939731586,0.10108499999999987,-0.24778709999999998,0.8407659999999999,0.07142104806748714,-0.030957122745440963,0.9969656621570301,4.053535455508131,-1.7396143097382204,6.001935810268059,6.004442068428411,5.948571632948292
05/17/2023 16:16:02.937659,3352,True,True,True,True,Eyes,1.123538,-0.3083289,-3.405262,0.1983515,-0.3281331,0.9235721,0.0,0.0,0.0,0.0,0.0,0.0,0.0,-1.724122,1.040871,2.996337,1.125275,-0.3032933,-3.416989,0.1428945,0.07791706,-0.06680596,0.9844019,16.96227,8.07213,353.4408,0.3121347,-0.08591311,-0.9461449,0,0,0,1.223379,-0.5490265,-2.576116,-0.02216189,0.009393141,0.881191,0.9789318,-0.10926,-0.1724958,0.1537957,0.9502362,0.2709207,0.134311,-0.2917419,0.9470202,moving,4.056852018777043,-1.7857222475447343,-1.440681014754093,0.6107267923242938,0.09810399999999997,-0.24573319999999998,0.8408730000000002,0.07071209402542576,-0.031083683443568544,0.9970123756244901,4.012848714248174,-1.7467316529105794,5.994660541193743,5.997152445574086,5.941262224992326
05/17/2023 16:16:02.948198,3353,True,True,True,True,Eyes,1.123599,-0.308206,-3.405372,0.1949999,-0.3262257,0.9249604,0.0,0.0,0.0,0.0,0.0,0.0,0.0,-1.715369,1.033882,3.00377,1.125136,-0.302987,-3.417061,0.1416365,0.07661065,-0.06679132,0.9846872,16.80822,7.923097,353.4115,0.3121388,-0.08588873,-0.9461458,0,0,0,1.220087,-0.5467643,-2.57624,-0.0230027,0.008658528,0.8802381,0.9793395,-0.1098354,-0.1697952,0.1532388,0.950956,0.2687014,0.1319549,-0.2891691,0.9481398,moving,4.001562317061574,-1.8271405087371286,-1.496933317304723,0.5635760502026741,0.09495100000000001,-0.24377729999999997,0.840821,0.06974836421175873,-0.031806561335923855,0.9970573796198636,3.9578397219826593,-1.7884443023157108,5.993227268380192,5.995746818064802,5.940248197575352
05/17/2023 16:16:02.967810,3354,True,True,True,True,Eyes,1.123662,-0.308076,-3.405485,0.1913862,-0.3242583,0.9264059,0.0,0.0,0.0,0.0,0.0,0.0,0.0,-1.706512,1.027526,3.011171,1.124794,-0.3028214,-3.41735,0.1403831,0.07534263,-0.06662604,0.9849758,16.65376,7.781415,353.4012,0.3121432,-0.08586311,-0.9461467,0,0,0,1.216613,-0.5443762,-2.576372,-0.0239956,0.008231565,0.8794201,0.9797689,-0.1100964,-0.1671277,0.1524037,0.9517071,0.2665082,0.129715,-0.2865873,0.9492322,moving,3.9233640751821324,-1.8688888266561596,-1.5629681009111602,0.5362854000563743,0.09181899999999987,-0.24155479999999996,0.8409779999999998,0.0683858958049158,-0.03253613224997445,0.9971282683673709,3.8799184739014163,-1.8304052786524738,5.987842529529026,5.990384278765329,5.935169671960721
05/17/2023 16:16:02.987765,3355,True,True,True,True,Eyes,1.123712,-0.3079454,-3.405603,0.1878124,-0.3222503,0.9278368,0.0,0.0,0.0,0.0,0.0,0.0,0.0,-1.697083,1.019932,3.019114,1.124534,-0.3025025,-3.417501,0.139033,0.07394972,-0.06664231,0.9852716,16.48874,7.622471,353.367,0.3121479,-0.08583616,-0.9461476,0,0,0,1.213402,-0.542169,-2.576493,-0.02448637,0.007347494,0.8786227,0.9801804,-0.1107587,-0.1642521,0.1518845,0.9524572,0.2641142,0.1271902,-0.2838269,0.9504025,moving,3.865839510081406,-1.9154677389516095,-1.5963650902256694,0.47912554880255653,0.08886800000000017,-0.2396665,0.841008,0.06738294073673001,-0.03334902097080922,0.9971696259794766,3.822710827268471,-1.87733267543913,5.961462617474988,5.96403857376636,5.909253689101632
05/17/2023 16:16:02.997629,3356,True,True,True,True,Eyes,1.123782,-0.3078117,-3.405727,0.1839517,-0.320208,0.9293162,0.0,0.0,0.0,0.0,0.0,0.0,0.0,-1.687417,1.012102,3.027313,1.124295,-0.3023876,-3.41773,0.137597,0.07252394,-0.06662793,0.9855801,16.31333,7.460831,353.3359,0.3121525,-0.08580799,-0.9461486,0,0,0,1.209997,-0.5398288,-2.576622,-0.02517983,0.00662522,0.8777856,0.980602,-0.1113762,-0.1612919,0.1512925,0.9532555,0.2615615,0.1246207,-0.28089,0.9516147,moving,3.7954579336338394,-1.972030302808219,-1.6431147512592834,0.43244037771405736,0.08570199999999994,-0.23744120000000002,0.8411080000000002,0.06615576756312538,-0.03433624118618897,0.9972183450672513,3.75271395740234,-1.9343164442914436,5.943760828175171,5.946389837738259,5.8920713936379405
05/17/2023 16:16:03.017631,3357,True,True,True,True,Eyes,1.123834,-0.3076759,-3.405856,0.1801441,-0.3181283,0.9307752,0.0,0.0,0.0,0.0,0.0,0.0,0.0,-1.677707,1.005945,3.034814,1.124067,-0.3021193,-3.417882,0.1364372,0.07109034,-0.06657253,0.9858494,16.16941,7.297869,353.3116,0.3121575,-0.08577863,-0.9461496,0,0,0,1.206564,-0.5374696,-2.576751,-0.02592111,0.006240577,0.8769183,0.9810285,-0.1118622,-0.1583347,0.1506597,0.953906,0.2595477,0.1220028,-0.2784784,0.9526621,moving,3.72560558710137,-1.995264202472063,-1.6931313582719294,0.4077377423837408,0.08249700000000004,-0.2353503,0.8411310000000003,0.06493904198734046,-0.03474340105788201,0.9972842131857085,3.6830087876481823,-1.9575701535195478,5.925043621223907,5.927657921146794,5.873462718958584
05/17/2023 16:16:03.027942,3358,True,True,True,True,Eyes,1.123856,-0.3075355,-3.405981,0.1762106,-0.3160537,0.9322338,0.0,0.0,0.0,0.0,0.0,0.0,0.0,-1.668178,0.9981991,3.042761,1.123755,-0.3019612,-3.41813,0.1350149,0.06971065,-0.06652153,0.9861472,15.99561,7.142716,353.2867,0.3121623,-0.08574814,-0.9461508,0,0,0,1.203404,-0.5352975,-2.576871,-0.02638433,0.00540103,0.8762312,0.9814306,-0.1123761,-0.1554527,0.150024,0.9546918,0.2570146,0.1195272,-0.2755637,0.9538228,moving,3.6451871224524144,-2.0500568585496395,-1.7247207388305752,0.3531628466851316,0.07964899999999986,-0.2333363,0.841259,0.06353707875794373,-0.03570032828401973,0.9973407145413296,3.6029597490497616,-2.012725035107637,5.8804927121655854,5.883143325663378,5.8293743103488165
05/17/2023 16:16:03.047837,3359,True,True,True,True,Eyes,1.123867,-0.3073866,-3.406109,0.1723298,-0.313954,0.9336677,0.0,0.0,0.0,0.0,0.0,0.0,0.0,-1.658932,0.9926981,3.049639,1.123486,-0.3017712,-3.418262,0.1339156,0.06837967,-0.06635276,0.9864017,15.85855,6.993842,353.2786,0.3121663,-0.08571652,-0.9461523,0,0,0,1.200025,-0.5329752,-2.576999,-0.0272565,0.005163744,0.875367,0.9818431,-0.1125868,-0.1526709,0.1492152,0.9553279,0.2551147,0.1171283,-0.2732634,0.9547817,moving,3.5571551765523393,-2.068358752647214,-1.7834554078648714,0.33798087660554205,0.07653899999999991,-0.23120399999999997,0.8412630000000001,0.06200392815561348,-0.03602238686524087,0.99742566071118,3.5150349928584412,-2.0309190182337606,5.855083246206497,5.85769509497562,5.803937218675505
05/17/2023 16:16:03.067658,3360,True,True,True,True,Eyes,1.123888,-0.3072364,-3.406242,0.1681979,-0.3118335,0.9351307,0.0,0.0,0.0,0.0,0.0,0.0,0.0,-1.64891,0.9863232,3.057213,1.123255,-0.3014453,-3.418438,0.1326502,0.06694895,-0.06609834,0.9866878,15.70111,6.835581,353.2786,0.3121693,-0.08568367,-0.9461543,0,0,0,1.196751,-0.5307244,-2.577122,-0.02787564,0.004468992,0.874634,0.9822977,-0.1126753,-0.1496513,0.1481984,0.9560699,0.2529182,0.1145795,-0.2706191,0.9558435,moving,3.4658430570758467,-2.106867990348135,-1.825467646301113,0.29275348545043706,0.073496,-0.22927909999999996,0.841316,0.0604127745973292,-0.03669634941189945,0.9974987548736298,3.42397329462639,-2.0695526393281956,5.807400785157252,5.810004491115759,5.756485075065553
05/17/2023 16:16:03.077967,3361,True,True,True,True,Eyes,1.123895,-0.3070836,-3.406384,0.1641134,-0.3096755,0.9365724,0.0,0.0,0.0,0.0,0.0,0.0,0.0,-1.637628,0.9801637,3.065361,1.122988,-0.3012265,-3.418647,0.1313338,0.06534828,-0.06573211,0.9869956,15.53594,6.659485,353.2891,0.3121714,-0.08564964,-0.9461567,0,0,0,1.193439,-0.528448,-2.577248,-0.02824284,0.003836781,0.8739182,0.9828178,-0.1125897,-0.1462626,0.1469195,0.9568615,0.2506607,0.1117312,-0.2678427,0.956962,moving,3.39480339806143,-2.149601596552614,-1.8510113734419202,0.25154521993262985,0.07045099999999982,-0.22722150000000002,0.841399,0.05917431025300201,-0.037443096299793865,0.9975451866192008,3.3532195521720345,-2.1125376165022582,5.766612770539453,5.769235534387547,5.7160219720223875
05/17/2023 16:16:03.097955,3362,True,True,True,True,Eyes,1.123905,-0.3069218,-3.406526,0.1599167,-0.3075784,0.9379884,0.0,0.0,0.0,0.0,0.0,0.0,0.0,-1.626411,0.9728595,3.073905,1.122692,-0.3010388,-3.418991,0.1298923,0.06374295,-0.06550656,0.9873064,15.35733,6.481401,353.2829,0.3121725,-0.08561448,-0.9461595,0,0,0,1.190036,-0.5261092,-2.577376,-0.02864975,0.003116816,0.8733139,0.9832914,-0.1127906,-0.1428852,0.1459095,0.9576738,0.2481357,0.10885,-0.2648381,0.9581297,moving,3.3224347609587723,-2.2088754121809124,-1.87895928833166,0.20448505870177822,0.06734400000000007,-0.22507040000000006,0.841615,0.05791201701307304,-0.03847791440257542,0.9975799266267923,3.2812544294107533,-2.1722580156833047,5.7313303278450345,5.734004605719552,5.681259829862954
05/17/2023 16:16:03.117926,3363,True,True,True,True,Eyes,1.123907,-0.3067499,-3.406669,0.1557792,-0.3054191,0.9393891,0.0,0.0,0.0,0.0,0.0,0.0,0.0,-1.616344,0.9678215,3.080815,1.122485,-0.3006361,-3.41911,0.129094,0.06218449,-0.06581738,0.9874897,15.25668,6.297187,353.2178,0.3121727,-0.08557805,-0.9461627,0,0,0,1.186601,-0.5237485,-2.577506,-0.02917675,0.003305271,0.8725392,0.9836023,-0.1139327,-0.1398063,0.1460432,0.9580057,0.2467723,0.1058198,-0.2631436,0.9589356,moving,3.252163192165134,-2.182850546118146,-1.9151941538788277,0.2170414493838947,0.06411600000000006,-0.22311239999999993,0.8416039999999998,0.056689444386924005,-0.0380274590510459,0.9976673224324244,3.2107786571755095,-2.145655213073659,5.694901875547272,5.697461147896425,5.644283194388493
05/17/2023 16:16:03.127978,3364,True,True,True,True,Eyes,1.123932,-0.3065877,-3.406817,0.1515515,-0.3032897,0.9407696,0.0,0.0,0.0,0.0,0.0,0.0,0.0,-1.606134,0.9574621,3.089495,1.122326,-0.3002561,-3.4193,0.1273378,0.06070418,-0.06583266,0.9878089,15.04415,6.132237,353.1848,0.3121718,-0.08554021,-0.9461664,0,0,0,1.183184,-0.5213997,-2.577636,-0.0298252,0.001812115,0.8718454,0.9839621,-0.1146003,-0.1366942,0.14552,0.9589024,0.2435781,0.1031623,-0.2595634,0.9602002,moving,3.1714348158002768,-2.2741624983832036,-1.9592830790414655,0.11908807683046384,0.06085800000000008,-0.2211436,0.8416639999999997,0.05528027700326189,-0.03962052361599744,0.9976844414168925,3.1306800474835637,-2.2377702230997376,5.6587838353203495,5.661441020818802,5.609144825669447
05/17/2023 16:16:03.152895,3365,True,True,True,True,Eyes,1.123942,-0.3064176,-3.406972,0.147358,-0.3011405,0.9421252,0.0,0.0,0.0,0.0,0.0,0.0,0.0,-1.595771,0.9513156,3.096774,1.122022,-0.3002412,-3.419418,0.1261118,0.05922364,-0.06566487,0.9880671,14.89163,5.967446,353.1762,0.3121707,-0.08550132,-0.9461703,0,0,0,1.179944,-0.5191726,-2.577758,-0.03028791,0.001508772,0.871067,0.9843614,-0.114825,-0.1335961,0.1447001,0.9595679,0.241436,0.1004716,-0.2569916,0.9611768,moving,3.084644618126737,-2.3060498051992666,-1.9914318318746222,0.09924171320558653,0.05792200000000003,-0.2189314,0.8416599999999996,0.05376774499160821,-0.04017908920072291,0.9977447287602211,3.0440942474316417,-2.2697186894482675,5.6144756949968775,5.6171148657267755,5.564934526543455
05/17/2023 16:16:03.167768,3366,True,True,True,True,Eyes,1.123973,-0.3062471,-3.407134,0.1431296,-0.2990195,0.9434518,0.0,0.0,0.0,0.0,0.0,0.0,0.0,-1.583479,0.9451205,3.105228,1.121692,-0.2999069,-3.41979,0.1249037,0.0574395,-0.06554569,0.9883337,14.73939,5.766305,353.1579,0.3121687,-0.08546127,-0.9461746,0,0,0,1.176521,-0.51682,-2.577887,-0.03038649,0.001129836,0.8705932,0.9848089,-0.1152132,-0.1299126,0.1439108,0.9602057,0.2393632,0.09716501,-0.2544228,0.9621995,moving,3.0314354135052732,-2.3355384658760205,-1.9989946611979668,0.07435711420591183,0.05482900000000002,-0.21691309999999997,0.8419029999999998,0.05284004168259401,-0.040694618843710506,0.9977734816539258,2.991081232294185,-2.29936514002356,5.575242389309972,5.577887005253627,5.525885880384768
05/17/2023 16:16:03.177887,3367,True,True,True,True,Eyes,1.123993,-0.3060751,-3.407297,0.138943,-0.2968915,0.9447488,0.0,0.0,0.0,0.0,0.0,0.0,0.0,-1.571377,0.9390504,3.113327,1.121445,-0.2996545,-3.420002,0.1236747,0.05569764,-0.0653213,0.9886028,14.58445,5.572039,353.153,0.3121665,-0.08542015,-0.946179,0,0,0,1.173284,-0.5145952,-2.57801,-0.03045435,0.0006441474,0.870006,0.9852618,-0.1153769,-0.1262829,0.1429304,0.9608754,0.2372537,0.0939685,-0.2518066,0.9632047,moving,2.9743141172451004,-2.368529904021134,-2.0048063454781646,0.042421455323760564,0.05183899999999997,-0.21494070000000004,0.8419920000000003,0.05184405256192357,-0.041271296080501396,0.9978020291904013,2.9341800677144816,-2.332542122910962,5.529466512674592,5.532117771652781,5.480331996115111
05/17/2023 16:16:03.197674,3368,True,True,True,True,Eyes,1.124027,-0.3058999,-3.407466,0.1347546,-0.2948072,0.9460074,0.0,0.0,0.0,0.0,0.0,0.0,0.0,-1.559814,0.9340384,3.120767,1.121247,-0.2994643,-3.420199,0.1226342,0.05401587,-0.06514417,0.9888375,14.45196,5.383213,353.1447,0.3121637,-0.08537802,-0.9461837,0,0,0,1.169901,-0.5122696,-2.578138,-0.03085466,0.0006140918,0.8693494,0.9856771,-0.1155856,-0.1228036,0.1420824,0.9614342,0.2354929,0.09084802,-0.2495682,0.9640863,moving,2.9101931702009836,-2.3822975946489597,-2.032669562465457,0.040472636803433236,0.048653999999999975,-0.21280529999999998,0.8420610000000002,0.0507268510231852,-0.041513444553260406,0.9978494419271652,2.8701403114311126,-2.346236500931281,5.502082039083451,5.504698682797692,5.45288228075062
05/17/2023 16:16:03.217769,3369,True,True,True,True,Eyes,1.12405,-0.3057189,-3.407636,0.1306107,-0.2926768,0.9472492,0.0,0.0,0.0,0.0,0.0,0.0,0.0,-1.54806,0.9277229,3.128663,1.120994,-0.2991595,-3.420464,0.1213717,0.05234474,-0.06487927,0.9891005,14.29354,5.198366,353.1465,0.3121609,-0.08533487,-0.9461886,0,0,0,1.166494,-0.509928,-2.578266,-0.0312313,0.0001225322,0.8688006,0.9861014,-0.1156379,-0.1192974,0.1410506,0.9621192,0.2333054,0.08779941,-0.2468898,0.9650579,moving,2.8476113943272643,-2.4198012312360873,-2.0587595061176005,0.008080770050001976,0.045499999999999874,-0.21076850000000003,0.8421979999999998,0.04963554383562602,-0.04216890120262884,0.9978767497406053,2.80780939749037,-2.383959859980891,5.4715939265611455,5.474220165914145,5.422670123590653
05/17/2023 16:16:03.237843,3370,True,True,True,True,Eyes,1.124062,-0.3055347,-3.407809,0.126519,-0.29057,0.9484524,0.0,0.0,0.0,0.0,0.0,0.0,0.0,-1.536135,0.9196907,3.137011,1.120761,-0.2988676,-3.420665,0.1198401,0.05066576,-0.06459954,0.9893928,14.10406,5.014532,353.1494,0.3121577,-0.08529065,-0.9461936,0,0,0,1.163001,-0.5075273,-2.578398,-0.03167433,-0.0007925183,0.8681775,0.9865197,-0.1156851,-0.1157399,0.1399722,0.9629306,0.2305918,0.08477345,-0.2436838,0.9661427,moving,2.7914174365011437,-2.4894567961634078,-2.08943547262927,-0.05230260075165322,0.042240000000000055,-0.2086597,0.8422670000000001,0.04865429973466861,-0.043384105120264416,0.997872995860196,2.7520972725617536,-2.4542481846094693,5.452793580598609,5.4554968328081666,5.404607470535764
05/17/2023 16:16:03.256356,3371,True,True,True,True,Eyes,1.124064,-0.3053435,-3.407983,0.1224773,-0.2884191,0.9496387,0.0,0.0,0.0,0.0,0.0,0.0,0.0,-1.524739,0.9127192,3.14477,1.120519,-0.2986197,-3.420925,0.1184924,0.04905494,-0.06435683,0.9896521,13.93652,4.837229,353.1502,0.3121537,-0.08524537,-0.946199,0,0,0,1.159769,-0.5053056,-2.578521,-0.0319797,-0.001461595,0.8676867,0.9869036,-0.1157565,-0.1123462,0.139007,0.9636355,0.2282186,0.08184303,-0.2408466,0.9671063,moving,2.7293323547242547,-2.5350566452559726,-2.110753637805311,-0.09651311429784602,0.03925000000000001,-0.20668590000000003,0.8424040000000002,0.047571324750373345,-0.044180573064361864,0.9978902609119847,2.690320919206233,-2.5001676030269424,5.416953282051285,5.419679600074034,5.369159319965382
05/17/2023 16:16:03.267862,3372,True,True,True,True,Eyes,1.124044,-0.3051473,-3.408157,0.11846,-0.2862979,0.9507896,0.0,0.0,0.0,0.0,0.0,0.0,0.0,-1.513813,0.9042161,3.152616,1.120311,-0.2982891,-3.421133,0.1169687,0.04751285,-0.0641975,0.989919,13.74962,4.667987,353.1421,0.312149,-0.08519897,-0.9462047,0,0,0,1.156228,-0.5028719,-2.578655,-0.03271481,-0.002373219,0.867086,0.9872424,-0.1159856,-0.1090859,0.1382157,0.964394,0.2254786,0.07904954,-0.2376795,0.9681218,moving,2.6643672042913615,-2.6019607422455744,-2.160722088260069,-0.1568184620927421,0.03591699999999998,-0.20458280000000006,0.8424780000000003,0.04643740319633644,-0.04534820268240228,0.9978913922418745,2.6258156568664783,-2.567638336711196,5.406479686416724,5.409270510085944,5.3593839247973705
05/17/2023 16:16:03.277618,3373,True,True,True,True,Eyes,1.124016,-0.3049445,-3.408335,0.1144846,-0.2841509,0.9519199,0.0,0.0,0.0,0.0,0.0,0.0,0.0,-1.502802,0.8964217,3.160242,1.120062,-0.2980126,-3.421368,0.1155701,0.04594878,-0.06409573,0.9901637,13.57729,4.4948,353.1279,0.3121429,-0.08515143,-0.946211,0,0,0,1.153124,-0.5007383,-2.578772,-0.03292471,-0.003217846,0.8666401,0.9875609,-0.1163099,-0.1058087,0.1375511,0.9650706,0.2229764,0.07617852,-0.2347569,0.9690645,moving,2.6042578647820376,-2.6520365052826698,-2.17568990850471,-0.2127389993429126,0.03306200000000015,-0.20272569999999995,0.8425960000000003,0.04538865937805156,-0.04622255569386596,0.9978994431148714,2.5660474874127175,-2.6180952342141386,5.363560331756577,5.366383608896484,5.316936349861231
05/17/2023 16:16:03.297563,3374,True,True,True,True,Eyes,1.124012,-0.304744,-3.408517,0.1105433,-0.2820116,0.9530213,0.0,0.0,0.0,0.0,0.0,0.0,0.0,-1.491263,0.8899098,3.167741,1.119849,-0.2976809,-3.421653,0.1142745,0.04433595,-0.06374685,0.9904101,13.41542,4.31887,353.1428,0.3121355,-0.08510267,-0.9462179,0,0,0,1.149748,-0.4984181,-2.5789,-0.03343876,-0.003785148,0.8661932,0.9879413,-0.1161381,-0.1023908,0.136404,0.9657553,0.2207047,0.07325228,-0.2320098,0.9699513,moving,2.5465436025172172,-2.693076095950259,-2.210764205366008,-0.25037327099657297,0.029898999999999898,-0.20073719999999995,0.8427530000000001,0.04438196339942568,-0.046939440607368654,0.9979112646941207,2.508610591905007,-2.6594155572763,5.344939894667685,5.347782219760208,5.298677496715636
05/17/2023 16:16:03.317929,3375,True,True,True,True,Eyes,1.123998,-0.3045431,-3.408701,0.1066446,-0.2798658,0.9540976,0.0,0.0,0.0,0.0,0.0,0.0,0.0,-1.480229,0.8805844,3.175636,1.119627,-0.2974666,-3.421859,0.1125893,0.04280759,-0.06351154,0.9906853,13.20987,4.153735,353.1449,0.3121273,-0.08505286,-0.946225,0,0,0,1.146392,-0.4961117,-2.579026,-0.03400704,-0.004943222,0.8656567,0.9882675,-0.1162006,-0.09911913,0.1354793,0.9665799,0.2176435,0.07051627,-0.2285186,0.9709824,moving,2.4871600267238785,-2.7774589935093505,-2.249689108358388,-0.32717667332571343,0.02676500000000015,-0.19864509999999996,0.8428330000000002,0.04334462157005865,-0.04841128430280352,0.9978866460563853,2.449813026033688,-2.7445975233545736,5.330121844929099,5.333068832964199,5.284812567850437
05/17/2023 16:16:03.328392,3376,True,True,True,True,Eyes,1.123999,-0.3043401,-3.408885,0.1027733,-0.2777469,0.9551409,0.0,0.0,0.0,0.0,0.0,0.0,0.0,-1.469749,0.8748114,3.182255,1.119409,-0.2972771,-3.422097,0.1115335,0.04129766,-0.06347413,0.9908713,13.07777,3.98438,353.1263,0.3121183,-0.08500209,-0.9462326,0,0,0,1.143066,-0.4938253,-2.579152,-0.03462469,-0.004983261,0.8651725,0.9885311,-0.1165772,-0.09600032,0.1350015,0.9670627,0.2157881,0.06768234,-0.2262734,0.9717095,moving,2.426044019502423,-2.7890950941197046,-2.2917862968766847,-0.3300112591676171,0.023656999999999817,-0.1965482,0.8429449999999998,0.042279747480576446,-0.04861615458826561,0.9979222028652025,2.3887638051124154,-2.7561457573643966,5.317345303377633,5.320245877914709,5.271970965452173
05/17/2023 16:16:03.356547,3377,True,True,True,True,Eyes,1.123989,-0.3041342,-3.409074,0.09895732,-0.2755763,0.9561722,0.0,0.0,0.0,0.0,0.0,0.0,0.0,-1.46014,0.8660597,3.189131,1.119232,-0.2969719,-3.422243,0.1100477,0.03995094,-0.06340513,0.991097,12.89718,3.837311,353.1129,0.3121088,-0.0849504,-0.9462404,0,0,0,1.139674,-0.4914938,-2.579281,-0.035569,-0.005887657,0.8646057,0.9887674,-0.1168883,-0.09314569,0.1344743,0.9677386,0.2130698,0.06523532,-0.2232021,0.9725869,moving,2.352348973945635,-2.848146007927638,-2.355761775716407,-0.3901578294077962,0.02044200000000007,-0.19452189999999997,0.842962,0.040994088320467886,-0.049647289527548086,0.9979252255161476,2.3154703329473487,-2.8156355934897923,5.308180593027933,5.311121606292457,5.263397362642064
05/17/2023 16:16:03.367913,3378,True,True,True,True,Eyes,1.124035,-0.3039349,-3.409268,0.09497708,-0.2734206,0.9571941,0.0,0.0,0.0,0.0,0.0,0.0,0.0,-1.450273,0.856445,3.196456,1.118961,-0.2967286,-3.422572,0.1084075,0.03858911,-0.06332035,0.9913371,12.69868,3.689818,353.1013,0.3120986,-0.08489779,-0.9462485,0,0,0,1.1363,-0.489175,-2.579408,-0.03638697,-0.006951466,0.8642276,0.9890028,-0.1171769,-0.09023844,0.1339103,0.9684767,0.2100498,0.06278083,-0.2198237,0.9735174,moving,2.272209015070884,-2.927064026119393,-2.4109264713334895,-0.46085206482038743,0.017338999999999993,-0.19244640000000002,0.8431640000000002,0.03959549012857445,-0.05102464086922694,0.9979121697274468,2.235871914263791,-2.8952088679054504,5.289811980512556,5.292821499169815,5.245839139843693
05/17/2023 16:16:03.387784,3379,True,True,True,True,Eyes,1.124088,-0.3037323,-3.409461,0.09090376,-0.2712432,0.9582086,0.0,0.0,0.0,0.0,0.0,0.0,0.0,-1.439629,0.8503833,3.20295,1.118697,-0.2965144,-3.422743,0.1072553,0.03710269,-0.06311227,0.9915324,12.55505,3.526469,353.104,0.3120891,-0.08484448,-0.9462563,0,0,0,1.133003,-0.486909,-2.579533,-0.03699008,-0.007196054,0.8637348,0.9892805,-0.1171968,-0.0871153,0.1331146,0.9690263,0.208011,0.06003879,-0.2173775,0.9742394,moving,2.1946321564125215,-2.9497972650892192,-2.45223558893535,-0.4773386278817027,0.01430599999999993,-0.19039459999999997,0.84321,0.03824352789149906,-0.05142329001215992,0.9979444704296302,2.158436615613803,-2.9179269515962365,5.260729355747892,5.263689918247128,5.216777697358195
05/17/2023 16:16:03.397522,3380,True,True,True,True,Eyes,1.124127,-0.3035263,-3.409656,0.08686888,-0.2690296,0.9592064,0.0,0.0,0.0,0.0,0.0,0.0,0.0,-1.428063,0.8406476,3.210732,1.118449,-0.2961991,-3.422893,0.105569,0.03549987,-0.06296105,0.9917818,12.34941,3.352329,353.0979,0.3120805,-0.08479045,-0.946264,0,0,0,1.129478,-0.484486,-2.579666,-0.03756901,-0.008332551,0.8632057,0.9895514,-0.1173919,-0.08370971,0.1323826,0.9697822,0.2049326,0.05712277,-0.213873,0.9751899,moving,2.1376458527568136,-3.030311601254903,-2.492092119950109,-0.5530607326645226,0.011028999999999956,-0.18828690000000003,0.8432270000000002,0.037248220081505995,-0.05282757686457128,0.9979087448323879,2.102009369910463,-2.9992025058642957,5.247774314127869,5.250832844592961,5.204745726136106
05/17/2023 16:16:03.417668,3381,True,True,True,True,Eyes,1.124154,-0.3033148,-3.409847,0.08286101,-0.2667855,0.9601873,0.0,0.0,0.0,0.0,0.0,0.0,0.0,-1.416153,0.8325027,3.218271,1.118169,-0.295937,-3.423147,0.1041177,0.03383427,-0.06282347,0.9920021,12.17047,3.169378,353.0906,0.3120722,-0.0847357,-0.9462717,0,0,0,1.125247,-0.4815779,-2.579826,-0.03880588,-0.008598939,0.8626257,0.9898168,-0.1175965,-0.0802094,0.1316875,0.9704254,0.2023187,0.05404526,-0.2108211,0.9760295,moving,2.0875657135282943,-3.0814407063567315,-2.575758069913391,-0.571124411261423,0.00707800000000014,-0.1856409,0.843321,0.03637423765303588,-0.05371979286121667,0.9978933809580399,2.0522805693302906,-3.050763023575315,5.292955515029026,5.296062368461488,5.250461817212889
05/17/2023 16:16:03.437806,3382,True,True,True,True,Eyes,1.124209,-0.3031108,-3.410036,0.0787908,-0.2645361,0.9611517,0.0,0.0,0.0,0.0,0.0,0.0,0.0,-1.403589,0.8245748,3.225858,1.117946,-0.2956201,-3.423295,0.1027272,0.03205388,-0.06274519,0.9922111,11.99794,2.972107,353.0755,0.3120641,-0.08468014,-0.9462793,0,0,0,1.122701,-0.4798277,-2.579922,-0.03808659,-0.009713456,0.8623732,0.9900711,-0.1179274,-0.07649969,0.1310986,0.9710203,0.1998317,0.05071714,-0.2078766,0.9768393,moving,2.0476009281552514,-3.1245547938079703,-2.5288166442491455,-0.6453313937652383,0.004754999999999843,-0.18420760000000003,0.8433730000000002,0.0356767219880469,-0.05447204102193828,0.9978776964316978,2.012612646649538,-3.0942493700819615,5.201680479566066,5.204819541956397,5.159629759872283
05/17/2023 16:16:03.447861,3383,True,True,True,True,Eyes,1.124248,-0.302909,-3.410227,0.07475819,-0.2622744,0.9620932,0.0,0.0,0.0,0.0,0.0,0.0,0.0,-1.392259,0.8178578,3.232469,1.11774,-0.2955033,-3.42337,0.101465,0.03047197,-0.06252899,0.9924045,11.84117,2.798932,353.0797,0.3120567,-0.08462406,-0.9462867,0,0,0,1.119591,-0.4776899,-2.58004,-0.03838997,-0.01014613,0.8618731,0.9903231,-0.1179244,-0.07317004,0.1302918,0.97159,0.1975778,0.04779202,-0.2051993,0.9775526,moving,1.9839374196822133,-3.1544309374514232,-2.550410616060675,-0.6744653884550397,0.001851000000000047,-0.18218659999999998,0.8433299999999999,0.03456692982246923,-0.054994511425097134,0.9978881222008003,1.9491453211085248,-3.1242488729922453,5.16510935239282,5.168224185680641,5.1232258151311125
05/17/2023 16:16:03.467609,3384,True,True,True,True,Eyes,1.124274,-0.3027028,-3.410416,0.07074983,-0.2600387,0.9630028,0.0,0.0,0.0,0.0,0.0,0.0,0.0,-1.380292,0.8118029,3.239304,1.11744,-0.2953815,-3.423653,0.1002814,0.02880729,-0.06228711,0.9925895,11.69286,2.616021,353.0865,0.3120497,-0.08456758,-0.9462941,0,0,0,1.115999,-0.4752211,-2.580176,-0.03900278,-0.01012386,0.8614957,0.9905809,-0.1178734,-0.06968011,0.1294287,0.9721279,0.195488,0.04469515,-0.2026653,0.9782276,moving,1.9303518728050473,-3.1763714817153517,-2.5922007031413123,-0.6732799144832781,-0.0014410000000000256,-0.1798396,0.843477,0.03363293242887672,-0.05537840150699225,0.997898850211445,1.895702037640317,-3.1462544442431954,5.165953788096595,5.169037550274458,5.124146176247956
05/17/2023 16:16:03.477961,3385,True,True,True,True,Eyes,1.124283,-0.3024944,-3.410608,0.06675867,-0.2577982,0.9638897,0.0,0.0,0.0,0.0,0.0,0.0,0.0,-1.368335,0.8050592,3.24609,1.117148,-0.2950782,-3.423809,0.09905607,0.02714117,-0.06212074,0.9927701,11.53999,2.432418,353.0848,0.3120426,-0.08451062,-0.9463015,0,0,0,1.113006,-0.4731639,-2.580289,-0.03893504,-0.01069076,0.861178,0.9908087,-0.1179662,-0.06619675,0.1287202,0.9726579,0.1933077,0.04158302,-0.2000518,0.9789025,moving,1.8797160741901664,-3.2021459872175124,-2.5886580361741176,-0.7112396795045043,-0.00414200000000009,-0.1780857,0.8435199999999998,0.03275019075995943,-0.05582893622963049,0.9979030717430193,1.8452366242902503,-3.1721514170992906,5.112692209800813,5.115758147525962,5.07104608935141
05/17/2023 16:16:03.497669,3386,True,True,True,True,Eyes,1.124305,-0.3022909,-3.410798,0.06270434,-0.2555812,0.964752,0.0,0.0,0.0,0.0,0.0,0.0,0.0,-1.354912,0.7995937,3.253218,1.116763,-0.2948381,-3.424102,0.09798368,0.02526259,-0.06193271,0.9929379,11.40322,2.223486,353.0838,0.312035,-0.0844532,-0.9463091,0,0,0,1.109489,-0.4707472,-2.580422,-0.03900957,-0.01058634,0.8609062,0.9910523,-0.11804,-0.06230514,0.1279413,0.9731271,0.1914542,0.03803156,-0.1977126,0.979522,moving,1.848319336065592,-3.2110321157866375,-2.594424240559888,-0.7045158148781951,-0.007274000000000003,-0.17590909999999998,0.84368,0.032203077492231155,-0.05598469889757024,0.9979121608847411,1.813894935874918,-3.18102760665729,5.098007903427877,5.1010385662496915,5.0563216488019975
05/17/2023 16:16:03.517552,3387,True,True,True,True,Eyes,1.124311,-0.3020861,-3.410989,0.05865698,-0.2533623,0.9655915,0.0,0.0,0.0,0.0,0.0,0.0,0.0,-1.341874,0.794099,3.259979,1.116471,-0.2946898,-3.424228,0.09689863,0.02343585,-0.06171878,0.9931024,11.26537,2.021067,353.0869,0.3120273,-0.08439547,-0.9463168,0,0,0,1.106202,-0.4684872,-2.580546,-0.03902714,-0.01058048,0.8605084,0.9912831,-0.1180443,-0.05850932,0.1271279,0.9736028,0.1895676,0.03458747,-0.1953534,0.9801229,moving,1.811275541483504,-3.221744948409928,-2.5967894378477956,-0.7044513479142274,-0.010269000000000084,-0.1737974,0.8436819999999998,0.031557551756437666,-0.05617243991913348,0.9979222510581331,1.7769177212961826,-3.191731477355094,5.073208276879779,5.07619975307352,5.031488522918309
05/17/2023 16:16:03.527803,3388,True,True,True,True,Eyes,1.124297,-0.301879,-3.411181,0.05465156,-0.2511763,0.9663973,0.0,0.0,0.0,0.0,0.0,0.0,0.0,-1.327447,0.7891344,3.267236,1.116145,-0.2944745,-3.424498,0.09587904,0.02140568,-0.06149585,0.9932609,11.13367,1.794797,353.0893,0.3120191,-0.08433744,-0.9463247,0,0,0,1.103007,-0.4662915,-2.580667,-0.03857477,-0.01051795,0.8603172,0.9915201,-0.1180581,-0.05431517,0.1262676,0.9740509,0.1878331,0.03073052,-0.1930985,0.980698,moving,1.7994507509420452,-3.225396157039114,-2.5672997904337143,-0.7004441178268022,-0.013137999999999872,-0.17181700000000005,0.8438309999999998,0.0313514857310999,-0.05623639863637145,0.9979251574894168,1.7651158350621228,-3.1953826277233315,5.041228047132417,5.044193998145581,4.999454302241916
05/17/2023 16:16:03.548186,3389,True,True,True,True,Eyes,1.124266,-0.3016689,-3.411367,0.05063955,-0.2489834,0.9671829,0.0,0.0,0.0,0.0,0.0,0.0,0.0,-1.312223,0.7839832,3.274733,1.115772,-0.2942362,-3.42475,0.09482691,0.01926931,-0.06127159,0.9934196,10.99756,1.556543,353.0911,0.31201,-0.08427911,-0.9463329,0,0,0,1.099611,-0.4639575,-2.580795,-0.03810399,-0.01040782,0.8600966,0.991749,-0.1180823,-0.0499054,0.1253913,0.9745073,0.1860445,0.02666462,-0.1907671,0.9812731,moving,1.7996408069733298,-3.231767312793671,-2.536658316077116,-0.6932884704348407,-0.016161000000000092,-0.16972130000000002,0.8439549999999998,0.031354596211383826,-0.056347353832912256,0.9979186963699105,1.7653513747909597,-3.2018316045809745,5.02171485587889,5.024675603227684,4.979967473407285
05/17/2023 16:16:03.567634,3390,True,True,True,True,Eyes,1.124233,-0.3014571,-3.411551,0.04661291,-0.2468042,0.9679437,0.0,0.0,0.0,0.0,0.0,0.0,0.0,-1.296658,0.7787191,3.282117,1.115394,-0.2939772,-3.424835,0.09376387,0.01708927,-0.06104464,0.9935744,10.85996,1.313442,353.0933,0.3119996,-0.08422043,-0.9463416,0,0,0,1.096306,-0.4616855,-2.58092,-0.03744734,-0.01040636,0.8597508,0.991963,-0.1181001,-0.04540649,0.1245095,0.9749638,0.1842363,0.02251136,-0.1884091,0.9818326,moving,1.8042692978901136,-3.2400250627292237,-2.4940008989329137,-0.6934700069406623,-0.019087999999999994,-0.16770830000000003,0.843915,0.031434958253087356,-0.05649104185427961,0.9979081563329579,1.770039978801301,-3.210206617772386,4.993041074238099,4.996005337973465,4.95136423375307
05/17/2023 16:16:03.577560,3391,True,True,True,True,Eyes,1.124187,-0.3012471,-3.411738,0.04256785,-0.2446075,0.9686874,0.0,0.0,0.0,0.0,0.0,0.0,0.0,-1.279678,0.7731107,3.290139,1.115011,-0.2936973,-3.425023,0.09259515,0.01472385,-0.06070847,0.9937424,10.70889,1.050877,353.1067,0.3119881,-0.0841614,-0.9463506,0,0,0,1.092961,-0.4593863,-2.581047,-0.03652427,-0.01053773,0.8595292,0.9921954,-0.1179305,-0.04050606,0.1233839,0.9754813,0.1822437,0.01802082,-0.1858192,0.9824187,moving,1.8278235588004592,-3.258992920204399,-2.4332254292486732,-0.7024045345518,-0.022049999999999903,-0.16568900000000003,0.8439760000000001,0.031844599169628215,-0.056820661952196844,0.9978764771792509,1.7937357417821902,-3.2294921834279515,4.966162389910555,4.969173236284715,4.924771337484108
05/17/2023 16:16:03.597906,3392,True,True,True,True,Eyes,1.124118,-0.3010337,-3.411922,0.03857667,-0.2424301,0.9694017,0.0,0.0,0.0,0.0,0.0,0.0,0.0,-1.26277,0.7674312,3.298154,1.114678,-0.2935611,-3.425299,0.09139849,0.01236497,-0.06037197,0.9939057,10.55481,0.7893614,353.1209,0.3119752,-0.08410212,-0.9463602,0,0,0,1.08951,-0.457015,-2.581177,-0.03579349,-0.01050639,0.8593606,0.9924046,-0.1177478,-0.03561505,0.1222684,0.9760031,0.18019,0.01354342,-0.183176,0.9829869,moving,1.8542436389662387,-3.2819327433740715,-2.385065366243865,-0.7004531220297127,-0.02516800000000008,-0.16345389999999999,0.844122,0.03230399783599986,-0.057219339746611,0.997838948778791,1.8203264077619612,-3.2528085113438094,4.960376167644019,4.963444154724791,4.9193330855143955
05/17/2023 16:16:03.618011,3393,True,True,True,True,Eyes,1.124034,-0.3008173,-3.412103,0.03458291,-0.2402236,0.9701014,0.0,0.0,0.0,0.0,0.0,0.0,0.0,-1.246591,0.7629341,3.305387,1.114367,-0.2933064,-3.425463,0.09039846,0.01011393,-0.05998706,0.9940459,10.42416,0.5395846,353.1424,0.3119605,-0.08404253,-0.9463703,0,0,0,1.086156,-0.4547093,-2.581304,-0.03517819,-0.01033105,0.8591316,0.9925985,-0.1174312,-0.0309529,0.1210883,0.9764593,0.178507,0.009261956,-0.1809338,0.9834517,moving,1.8660281670546324,-3.281478790069423,-2.344735689175247,-0.6889480430234893,-0.028211000000000208,-0.16140289999999996,0.8441590000000003,0.032509245536883294,-0.05721105046527736,0.9978327147384325,1.8321108208213226,-3.252393161922354,4.9418057895728005,4.944870870640656,4.900744601147558
05/17/2023 16:16:03.628440,3394,True,True,True,True,Eyes,1.123914,-0.3005971,-3.412283,0.03067795,-0.2380378,0.9707713,0.0,0.0,0.0,0.0,0.0,0.0,0.0,-1.230851,0.7559345,3.312916,1.11399,-0.2930488,-3.425637,0.08903959,0.007961265,-0.05961689,0.9942105,10.25314,0.3035791,353.1641,0.3119439,-0.08398261,-0.9463811,0,0,0,1.082796,-0.4523998,-2.581431,-0.03463094,-0.01076978,0.8589149,0.9927649,-0.1171257,-0.02644687,0.1199612,0.9770355,0.1760989,0.005213821,-0.1779974,0.9840171,moving,1.8749058574933566,-3.323321586176036,-2.308881285562841,-0.7183838639962882,-0.031193999999999944,-0.15935100000000002,0.8442060000000002,0.032662479315037934,-0.05793945634162356,0.9977856631524447,1.8412892484246721,-3.294775600729569,4.925321890838952,4.9284658256740865,4.884844914865336
05/17/2023 16:16:03.648049,3395,True,True,True,True,Eyes,1.12378,-0.3003763,-3.412465,0.02676258,-0.2358466,0.9714217,0.0,0.0,0.0,0.0,0.0,0.0,0.0,-1.214671,0.7495762,3.3204,1.113618,-0.2928248,-3.425851,0.08775054,0.005749141,-0.05918903,0.9943659,10.08988,0.06085897,353.1924,0.3119246,-0.0839223,-0.9463928,0,0,0,1.079471,-0.4501144,-2.581557,-0.03397347,-0.01105399,0.8587564,0.9929272,-0.1167021,-0.02182124,0.1187201,0.977593,0.1738317,0.001045763,-0.1751928,0.9845335,moving,1.8885787774350582,-3.3567334306544776,-2.2655107969620096,-0.737475723445519,-0.03414699999999993,-0.15728960000000003,0.8442940000000001,0.03289946860949093,-0.05852084457474592,0.9977439097113939,1.8552040540108337,-3.3286429922494247,4.907692797416504,4.910903290524864,4.867693365234589
05/17/2023 16:16:03.667854,3396,True,True,True,True,Eyes,1.123604,-0.3001487,-3.412646,0.02292141,-0.2336772,0.972044,0.0,0.0,0.0,0.0,0.0,0.0,0.0,-1.198764,0.7445338,3.327414,1.113193,-0.292612,-3.426111,0.08669271,0.003563727,-0.05884625,0.9944892,9.953529,359.8188,353.2115,0.3119026,-0.08386164,-0.9464055,0,0,0,1.076068,-0.4477754,-2.581685,-0.03340281,-0.01087463,0.8586465,0.9930488,-0.116426,-0.01729126,0.1176618,0.978043,0.1720105,-0.003114903,-0.1728493,0.9849433,moving,1.903572703410017,-3.3640408897778187,-2.2277799778996106,-0.7256037179399478,-0.037125000000000075,-0.1551634,0.8444260000000003,0.03316032319869325,-0.05864758939903991,0.9977278266116807,1.8702540626480406,-3.3360950010640518,4.898756148102202,4.9019818121959675,4.858862802833008
05/17/2023 16:16:03.677915,3397,True,True,True,True,Eyes,1.123417,-0.2999173,-3.412827,0.01905285,-0.2314747,0.9726543,0.0,0.0,0.0,0.0,0.0,0.0,0.0,-1.18177,0.7391284,3.334752,1.112773,-0.2923171,-3.426332,0.08553542,0.00124741,-0.05835713,0.9946239,9.805072,359.5638,353.2469,0.311877,-0.08380051,-0.9464193,0,0,0,1.072797,-0.4455276,-2.581809,-0.03247693,-0.01100075,0.8585538,0.9931858,-0.1158734,-0.01246461,0.1163002,0.9785563,0.1700056,-0.007501795,-0.1702967,0.9853643,moving,1.9300621943812304,-3.3808023503893616,-2.1663222910220425,-0.7340973351885542,-0.03997600000000001,-0.15321050000000003,0.8445230000000001,0.03362102036607571,-0.0589385563674002,0.9976952484123461,1.8968700993054874,-3.353158449621866,4.873752349957519,4.87702914587782,4.83415075498812
05/17/2023 16:16:03.697928,3398,True,True,True,True,Eyes,1.123148,-0.2996769,-3.413006,0.01527525,-0.2292948,0.9732372,0.0,0.0,0.0,0.0,0.0,0.0,0.0,-1.16411,0.731995,3.342558,1.112334,-0.2920264,-3.426528,0.08412962,-0.001150538,-0.057903,0.9947704,9.627737,359.3008,353.2786,0.311848,-0.08373886,-0.9464343,0,0,0,1.069433,-0.4432154,-2.581936,-0.03146178,-0.01148903,0.8584363,0.9932919,-0.115394,-0.007453673,0.1150068,0.9791389,0.1675125,-0.01203176,-0.1672461,0.9858417,moving,1.973617055467423,-3.4260703573930074,-2.09895684213645,-0.7667821480199383,-0.042900999999999856,-0.15118899999999996,0.844592,0.03437782655180007,-0.059725258653470975,0.9976227466100567,1.9407593103398064,-3.399137317590008,4.860500648562395,4.8639152883202055,4.821680239433122
05/17/2023 16:16:03.717745,3399,True,True,True,True,Eyes,1.122872,-0.2994386,-3.413181,0.01145862,-0.2270787,0.9738089,0.0,0.0,0.0,0.0,0.0,0.0,0.0,-1.146228,0.7264039,3.350022,1.111917,-0.2917748,-3.426755,0.08294158,-0.003590274,-0.05742215,0.9948922,9.475367,359.0317,353.3132,0.3118138,-0.08367655,-0.9464511,0,0,0,1.065942,-0.4408157,-2.582068,-0.03056464,-0.01148117,0.8583456,0.9933797,-0.1148533,-0.002381498,0.1136621,0.9796468,0.1654482,-0.01666924,-0.1646236,0.9862156,moving,2.0176802556150775,-3.4442157801369064,-2.0393711590997805,-0.7663385908131999,-0.0459750000000001,-0.14904089999999998,0.844687,0.03514436722929308,-0.060039590088306796,0.9975770299878026,1.9849635812703053,-3.4176672396925842,4.857642448138733,4.861141061802266,4.819212975882904
05/17/2023 16:16:03.727846,3400,True,True,True,True,Eyes,1.122531,-0.2991875,-3.413356,0.007721747,-0.2248532,0.9743621,0.0,0.0,0.0,0.0,0.0,0.0,0.0,-1.127407,0.7195055,3.357856,1.111521,-0.2916241,-3.426866,0.08147544,-0.006125726,-0.05673648,0.9950404,9.290928,358.7554,353.372,0.3117749,-0.08361373,-0.9464694,0,0,0,1.062716,-0.4385987,-2.58219,-0.02925754,-0.01199381,0.8581727,0.9934869,-0.1139084,0.00294543,0.111912,0.9802854,0.1628378,-0.02143595,-0.1614476,0.9866485,moving,2.0757783078891747,-3.4933698196287013,-1.9526192502479232,-0.8007129050964459,-0.04880499999999999,-0.1469746,0.8446759999999998,0.03615402647432406,-0.06089320297255868,0.9974893448277125,2.0434275482052033,-3.467633593752478,4.841779812739436,4.845450252121395,4.804253945724461
05/17/2023 16:16:03.747950,3401,True,True,True,True,Eyes,1.122186,-0.2989411,-3.413535,0.003937244,-0.222593,0.9749035,0.0,0.0,0.0,0.0,0.0,0.0,0.0,-1.10846,0.7137054,3.365448,1.111142,-0.2912399,-3.427075,0.08021751,-0.008688737,-0.05607218,0.9951611,9.130537,358.4742,353.4283,0.3117301,-0.08355013,-0.9464898,0,0,0,1.059361,-0.4362921,-2.582317,-0.02804806,-0.01228397,0.858137,0.9935608,-0.1129957,0.008297445,0.1102077,0.9808421,0.1606331,-0.02628933,-0.1586843,0.9869794,moving,2.1332211929368814,-3.5164596098468124,-1.8720362410929217,-0.8201156333166867,-0.05178100000000008,-0.14505220000000002,0.8447579999999997,0.037153145773149404,-0.061292928070598385,0.9974280929366571,2.1010503075845417,-3.491217792053251,4.824490167006283,4.828287269065635,4.787504931139908
05/17/2023 16:16:03.767783,3402,True,True,True,True,Eyes,1.121725,-0.2986763,-3.413713,0.0004112005,-0.220425,0.9754039,0.0,0.0,0.0,0.0,0.0,0.0,0.0,-1.089095,0.7066883,3.373377,1.110724,-0.2911372,-3.427352,0.07875291,-0.01130159,-0.05545218,0.9952866,8.946376,358.1883,353.4804,0.3116799,-0.08348597,-0.9465119,0,0,0,1.056012,-0.4339904,-2.582444,-0.02671102,-0.01263484,0.8581358,0.9935946,-0.1121617,0.01376261,0.1086015,0.9814461,0.1580168,-0.03123069,-0.15551,0.9873405,moving,2.213921239448923,-3.5664800808045385,-1.7828585331141835,-0.8435386356765064,-0.054712000000000094,-0.1428532,0.8449079999999998,0.03855589773749055,-0.06216037990437523,0.9973212359946321,2.1821284354699695,-3.5421456413306145,4.8321622342913475,4.836182240565954,4.79620698385793
05/17/2023 16:16:03.777816,3403,True,True,True,True,Eyes,1.121264,-0.2984083,-3.413891,-0.003144538,-0.2182073,0.9758974,0.0,0.0,0.0,0.0,0.0,0.0,0.0,-1.071705,0.7022632,3.3799,1.110363,-0.29073,-3.427538,0.07794664,-0.01374156,-0.05545656,0.9953191,8.837897,357.9121,353.4605,0.3116219,-0.08342087,-0.9465367,0,0,0,1.052661,-0.4316874,-2.58257,-0.02565368,-0.01222782,0.8581153,0.9934715,-0.1125362,0.01870918,0.1082517,0.9816978,0.1566877,-0.03599979,-0.1536394,0.987471,moving,2.279028015064115,-3.536911014947308,-1.7123688898339744,-0.8163880365460625,-0.05770199999999992,-0.1409574,0.8449680000000002,0.03969043106453754,-0.06164293405283927,0.9973088125463206,2.2470416003301534,-3.5124623335098417,4.826318097337159,4.830372090060893,4.7901720265947105
05/17/2023 16:16:03.797821,3404,True,True,True,True,Eyes,1.120715,-0.2981362,-3.414074,-0.006485188,-0.216016,0.9763683,0.0,0.0,0.0,0.0,0.0,0.0,0.0,-1.05499,0.6928605,3.38708,1.109945,-0.2904204,-3.427688,0.0763269,-0.01599491,-0.05522176,0.995424,8.637864,357.6654,353.4731,0.3115568,-0.08335484,-0.946564,0,0,0,1.049335,-0.4294015,-2.582696,-0.02480565,-0.01313558,0.8580288,0.9933894,-0.1123798,0.02341362,0.1074965,0.9822495,0.1537218,-0.04027323,-0.1501887,0.9878367,moving,2.336842857241866,-3.602939384721917,-1.655962239490004,-0.8770737159919856,-0.06061000000000005,-0.13898109999999997,0.844992,0.04069383931297285,-0.06278966686564467,0.9971968192594461,2.3053426146616594,-3.579506187586461,4.830238985460904,4.834546119797439,4.7953182804745875
05/17/2023 16:16:03.817891,3405,True,True,True,True,Eyes,1.120166,-0.2978694,-3.41426,-0.00986625,-0.2138269,0.9768217,0.0,0.0,0.0,0.0,0.0,0.0,0.0,-1.038208,0.6859777,3.393816,1.109513,-0.2902963,-3.427993,0.07499609,-0.0182487,-0.05480433,0.9955094,8.471558,357.4182,353.5067,0.3114833,-0.08328791,-0.9465941,0,0,0,1.04588,-0.4270266,-2.582827,-0.02415441,-0.01325065,0.858074,0.993327,-0.1118536,0.02811329,0.1063793,0.9827441,0.1513188,-0.04455373,-0.1473184,0.9880851,moving,2.387766333158606,-3.6367134031504476,-1.6124254761640051,-0.8847092224685557,-0.06363300000000005,-0.13673029999999997,0.8451659999999999,0.04157856994929192,-0.06337515749120387,0.9971232278798341,2.3565204279704615,-3.6138795291627512,4.850949790089278,4.855415689913926,4.816731480255782
05/17/2023 16:16:03.827696,3406,True,True,True,True,Eyes,1.119525,-0.2975934,-3.414451,-0.01314321,-0.2116729,0.9772522,0.0,0.0,0.0,0.0,0.0,0.0,0.0,-1.021161,0.6816167,3.399924,1.108997,-0.2901748,-3.428232,0.0740106,-0.02053354,-0.05429147,0.9955668,8.345121,357.1659,353.5503,0.3114019,-0.08322031,-0.9466267,0,0,0,1.04261,-0.4247789,-2.58295,-0.02321305,-0.01286109,0.8580927,0.9932616,-0.111141,0.03284872,0.1050622,0.9831497,0.1495946,-0.0489213,-0.1451354,0.9882016,moving,2.4448604510532768,-3.632281169725975,-1.5495825807620915,-0.8586846226877365,-0.06638699999999997,-0.1346041,0.8452820000000001,0.04257238103092795,-0.06329537459885252,0.9970864109474679,2.4135980655104388,-3.6096073004944063,4.858424422808257,4.862963390789694,4.824352434706669
05/17/2023 16:16:03.848101,3407,True,True,True,True,Eyes,1.118894,-0.2973207,-3.414645,-0.0164468,-0.2095228,0.9776654,0.0,0.0,0.0,0.0,0.0,0.0,0.0,-1.004438,0.6763308,3.406073,1.108645,-0.2899421,-3.428483,0.07288697,-0.02277104,-0.05368864,0.9956337,8.203672,356.9206,353.6058,0.3113113,-0.08315192,-0.9466625,0,0,0,1.039284,-0.4224928,-2.583076,-0.02256153,-0.01279587,0.8581494,0.993198,-0.1102279,0.03751682,0.103589,0.98361,0.1475826,-0.05316964,-0.1426924,0.9883379,moving,2.4947066121869867,-3.6445260709066227,-1.5060113461116873,-0.8542743463727314,-0.069361,-0.13255070000000002,0.8454069999999998,0.04343922509536366,-0.06350608963518052,0.9970355789085978,2.4635447523416083,-3.6221869272155285,4.872975394909634,4.877627381024289,4.83928875703399
05/17/2023 16:16:03.868920,3408,True,True,True,True,Eyes,1.118213,-0.2970456,-3.414844,-0.01966142,-0.2074112,0.9780563,0.0,0.0,0.0,0.0,0.0,0.0,0.0,-0.9889507,0.6719389,3.411597,1.108307,-0.2897629,-3.428734,0.07193016,-0.02484819,-0.05316488,0.9956818,8.082393,356.692,353.6534,0.3112126,-0.08308288,-0.946701,0,0,0,1.035816,-0.4201095,-2.583207,-0.02235462,-0.01233001,0.8582008,0.9931121,-0.1094453,0.04183346,0.1022959,0.9839991,0.1458812,-0.0571301,-0.140597,0.9884173,moving,2.532071399399724,-3.639895368996861,-1.4921167771973238,-0.8231277944424452,-0.07249099999999986,-0.13034660000000003,0.8455270000000001,0.044089656335614485,-0.06342370446334296,0.9970123565973995,2.500886416872207,-3.617640000241693,4.907351785030484,4.912053547114958,4.87374322017589
05/17/2023 16:16:03.877584,3409,True,True,True,True,Eyes,1.117543,-0.2967715,-3.415044,-0.02289863,-0.2052923,0.9784328,0.0,0.0,0.0,0.0,0.0,0.0,0.0,-0.9743891,0.6680224,3.41668,1.107959,-0.2895903,-3.428987,0.07105379,-0.02679052,-0.05263149,0.9957227,7.971453,356.4784,353.7032,0.3111052,-0.08301322,-0.9467424,0,0,0,1.032309,-0.4176984,-2.58334,-0.02241545,-0.01170233,0.858263,0.9930244,-0.1086199,0.04587252,0.1010056,0.9843626,0.1443198,-0.06083118,-0.1386797,0.9884673,moving,2.5523447892616646,-3.6263926590509774,-1.4960668079641388,-0.7811738050841216,-0.07565,-0.1281081,0.8456469999999996,0.044443098502939676,-0.06318774684406851,0.9970116044737063,2.5210688887383226,-3.6040497310493618,4.943525299628623,4.948222588720201,4.909786930113698
05/17/2023 16:16:03.897936,3410,True,True,True,True,Eyes,1.11681,-0.2964908,-3.415246,-0.02599298,-0.2031576,0.978801,0.0,0.0,0.0,0.0,0.0,0.0,0.0,-0.9592459,0.6626849,3.422083,1.107585,-0.2893592,-3.429211,0.06996531,-0.02879425,-0.05206288,0.9957737,7.836172,356.2594,353.7579,0.3109904,-0.08294301,-0.9467862,0,0,0,1.029191,-0.4155558,-2.583458,-0.0219067,-0.01170693,0.8583428,0.9929207,-0.1077149,0.05005993,0.0996565,0.9847886,0.1423375,-0.06463032,-0.136341,0.9885515,moving,2.5885589809218015,-3.6351087621304154,-1.4619905144836576,-0.7814081888760379,-0.07839400000000007,-0.1261966,0.8457530000000002,0.04507282905874599,-0.06333762812881703,0.996973835159026,2.5573548302734634,-3.6130068394824475,4.950069522486376,4.954851983311084,4.916613460354269
05/17/2023 16:16:03.917967,3411,True,True,True,True,Eyes,1.116089,-0.2962073,-3.415453,-0.02911036,-0.2010239,0.9791538,0.0,0.0,0.0,0.0,0.0,0.0,0.0,-0.9449809,0.6565264,3.427258,1.10728,-0.2891208,-3.429352,0.0688151,-0.03069293,-0.0516351,0.9958194,7.69416,356.0517,353.7979,0.3108671,-0.08287217,-0.9468328,0,0,0,1.025824,-0.4132413,-2.583585,-0.02188926,-0.01171862,0.8583393,0.9927835,-0.1070627,0.05402269,0.09861419,0.9851966,0.1402245,-0.06823578,-0.1338852,0.9886448,moving,2.6142122576781697,-3.6512622078182755,-1.460833077437941,-0.7821915592221228,-0.08145599999999997,-0.12412049999999997,0.8457670000000004,0.045518395296422626,-0.06361742119989901,0.9969358479333025,2.583130095357181,-3.6294517851908354,4.978855765119195,4.9837296144441385,4.945758681669234
05/17/2023 16:16:03.927833,3412,True,True,True,True,Eyes,1.115341,-0.2959234,-3.415664,-0.03217284,-0.1988763,0.9794964,0.0,0.0,0.0,0.0,0.0,0.0,0.0,-0.9305556,0.6512779,3.432339,1.106909,-0.2887865,-3.429636,0.06782963,-0.03261707,-0.05126962,0.9958448,7.570789,355.8395,353.8302,0.3107367,-0.08280067,-0.9468818,0,0,0,1.022439,-0.4109151,-2.583713,-0.02176438,-0.01150482,0.8585047,0.9926152,-0.106538,0.05800788,0.09768835,0.9855412,0.1384401,-0.07191827,-0.131751,0.9886705,moving,2.645966685993844,-3.647028034876702,-1.452222766918692,-0.7677746836469604,-0.08446999999999982,-0.12212859999999998,0.845923,0.04607112819703459,-0.06354213179789828,0.9969152023023558,2.6148627422867365,-3.6252851922279294,5.003592963878471,5.008518408924065,4.970568463047204
05/17/2023 16:16:03.948327,3413,True,True,True,True,Eyes,1.11461,-0.29564,-3.415876,-0.0352384,-0.1967279,0.9798247,0.0,0.0,0.0,0.0,0.0,0.0,0.0,-0.9174806,0.6444192,3.437283,1.106624,-0.288617,-3.429875,0.06662767,-0.03435746,-0.05098837,0.9958819,7.423534,355.6492,353.8557,0.310599,-0.08272857,-0.9469333,0,0,0,1.019117,-0.4086312,-2.583838,-0.02196021,-0.01157215,0.8586168,0.9924395,-0.1061351,0.06163746,0.09697846,0.9859219,0.1362102,-0.07522641,-0.1292029,0.9887607,moving,2.659279022089607,-3.6684158142730228,-1.4650925807134465,-0.7721665975280195,-0.087507,-0.12001420000000002,0.8460369999999999,0.046301653382345265,-0.06391358049433046,0.9968807678581807,2.628331123692232,-3.6469816424497052,5.034703270399097,5.03971235721884,5.002067489178687
05/17/2023 16:16:03.968644,3414,True,True,True,True,Eyes,1.113876,-0.2953578,-3.416088,-0.0382772,-0.1945608,0.9801434,0.0,0.0,0.0,0.0,0.0,0.0,0.0,-0.9046897,0.63906,3.441739,1.106338,-0.2883576,-3.430058,0.06558663,-0.03603134,-0.05043517,0.9959199,7.296474,355.4675,353.9127,0.3104552,-0.08265594,-0.9469867,0,0,0,1.015838,-0.4063774,-2.583962,-0.02226532,-0.01146054,0.8587015,0.9923161,-0.1051851,0.0651529,0.09573243,0.9863093,0.1342726,-0.0783844,-0.1270036,0.9888003,moving,2.6615484179375746,-3.6708119194481723,-1.4852927211883846,-0.7646447444165074,-0.09050000000000002,-0.11801980000000001,0.8460959999999997,0.04634101638885532,-0.06395515559480205,0.9968763121736479,2.63061820765111,-3.64941523976318,5.058779562687502,5.063802828149909,5.026193747256772
05/17/2023 16:16:03.983697,3415,True,True,True,True,Eyes,1.113155,-0.2950783,-3.416304,-0.04131965,-0.1924146,0.9804434,0.0,0.0,0.0,0.0,0.0,0.0,0.0,-0.8919875,0.6299756,3.446802,1.106057,-0.288174,-3.430241,0.06403672,-0.03768203,-0.05002677,0.9959804,7.110792,355.2907,353.9563,0.3103059,-0.08258285,-0.9470419,0,0,0,1.012513,-0.4040921,-2.584088,-0.02260781,-0.01213337,0.8587803,0.9921548,-0.1044774,0.06865403,0.09482529,0.9867932,0.1313288,-0.08146824,-0.1237884,0.9889588,moving,2.6662085632712795,-3.7326681218419027,-1.5079910265471619,-0.8094557366701448,-0.09354400000000007,-0.11591810000000002,0.8461530000000002,0.046418858212810735,-0.0650310990033748,0.9968029886278807,2.63572069035449,-3.7120375243318553,5.0907863353409555,5.09598988072602,5.059182525552274
05/17/2023 16:16:03.999707,3416,True,True,True,True,Eyes,1.11244,-0.2947958,-3.416519,-0.04435309,-0.1902662,0.9807302,0.0,0.0,0.0,0.0,0.0,0.0,0.0,-0.8797599,0.6259588,3.450808,1.105685,-0.2879722,-3.430512,0.06328277,-0.03931148,-0.04978323,0.9959777,7.015759,355.1098,353.977,0.3101519,-0.08250941,-0.9470987,0,0,0,1.009135,-0.4017703,-2.584216,-0.02298401,-0.01142316,0.8589704,0.9919525,-0.1041414,0.07200588,0.09419049,0.9870338,0.1299705,-0.08460755,-0.1221423,0.9888998,moving,2.6671475945624334,-3.7027631176479647,-1.5327333982000488,-0.7619124909383197,-0.09655000000000014,-0.11379810000000001,0.8462959999999997,0.04643677116028091,-0.06451077061136215,0.9968360624527804,2.636446714873659,-3.6817740946504074,5.122020578400536,5.127143723554674,5.0899562473641575
05/17/2023 16:16:04.017929,3417,True,True,True,True,Eyes,1.111739,-0.2945148,-3.416732,-0.04737287,-0.1880793,0.9810107,0.0,0.0,0.0,0.0,0.0,0.0,0.0,-0.8680459,0.6185575,3.455161,1.105458,-0.2876619,-3.430666,0.0620422,-0.04085181,-0.04947384,0.9960092,6.865959,354.9429,354.0091,0.3099937,-0.08243556,-0.9471568,0,0,0,1.005621,-0.3993554,-2.584349,-0.02376494,-0.01160327,0.859067,0.9917669,-0.1036219,0.07523862,0.09348372,0.9874062,0.1276314,-0.08751646,-0.119547,0.9889638,moving,2.660288784951883,-3.7269257598656105,-1.5846069976452302,-0.773837169154978,-0.09983699999999995,-0.1116935,0.846317,0.046316170899207164,-0.06493150752120061,0.9968142841368581,2.629758394313224,-3.7062035107277893,5.165872986070859,5.171061054531852,5.134164782915158
05/17/2023 16:16:04.027519,3418,True,True,True,True,Eyes,1.111055,-0.2942418,-3.41695,-0.05038806,-0.1859199,0.981272,0.0,0.0,0.0,0.0,0.0,0.0,0.0,-0.8568325,0.6092509,3.459636,1.105132,-0.2874463,-3.430814,0.06052758,-0.04229579,-0.04919906,0.9960557,6.685296,354.7886,354.0399,0.3098323,-0.08236139,-0.947216,0,0,0,1.002403,-0.3971434,-2.584471,-0.02428094,-0.01233234,0.8591525,0.991581,-0.1031301,0.07830213,0.09288989,0.9878318,0.1247395,-0.09021372,-0.1164159,0.989095,moving,2.6449217129774616,-3.784544756252491,-1.6188338783084537,-0.8223714776678971,-0.10272900000000007,-0.10969709999999999,0.8463429999999996,0.046045779574963995,-0.06593473375054625,0.9967609045599412,2.614798137821323,-3.76446236404905,5.186409738074621,5.191732107359018,5.155534776502445
05/17/2023 16:16:04.047908,3419,True,True,True,True,Eyes,1.11039,-0.2939623,-3.41716,-0.05340805,-0.1837438,0.9815222,0.0,0.0,0.0,0.0,0.0,0.0,0.0,-0.8442752,0.6031778,3.463964,1.104836,-0.2873696,-3.431097,0.05941695,-0.04394382,-0.04879978,0.9960707,6.550454,354.6088,354.0816,0.3096682,-0.08228712,-0.9472761,0,0,0,0.9990361,-0.3948293,-2.584598,-0.02468374,-0.01209386,0.8593873,0.991375,-0.1024381,0.08174326,0.09199407,0.9881764,0.1226559,-0.0933414,-0.1140781,0.9890771,moving,2.6485138622054607,-3.7937691752015286,-1.6452249183366716,-0.8062504520628735,-0.10579989999999995,-0.10745969999999999,0.8464989999999997,0.04610778420518896,-0.06609502293786271,0.9967474871373457,2.6184570189904375,-3.7738118677976433,5.2254651503213205,5.230818371596882,5.194747772399272
05/17/2023 16:16:04.067720,3420,True,True,True,True,Eyes,1.109749,-0.2936915,-3.41737,-0.05645716,-0.1815671,0.9817566,0.0,0.0,0.0,0.0,0.0,0.0,0.0,-0.8318722,0.5955825,3.468198,1.104691,-0.2869582,-3.431099,0.05818148,-0.04559691,-0.04853756,0.9960824,6.400682,354.4284,354.1088,0.3095024,-0.0822126,-0.9473367,0,0,0,0.9957042,-0.3925392,-2.584724,-0.02514956,-0.01248165,0.8594117,0.9911301,-0.1020006,0.08518858,0.09138901,0.988518,0.1203334,-0.09648452,-0.1114808,0.9890717,moving,2.653772078382245,-3.8172837050793844,-1.6762077199661167,-0.8320756983580662,-0.10898680000000005,-0.10558099999999998,0.8463750000000001,0.04619800134421867,-0.06650381135950814,0.9967161241334938,2.623884312711866,-3.797630669734045,5.253847495047063,5.2592957606031225,5.223534031453557
05/17/2023 16:16:04.078403,3421,True,True,True,True,Eyes,1.109122,-0.293423,-3.417575,-0.05950458,-0.1794018,0.9819746,0.0,0.0,0.0,0.0,0.0,0.0,0.0,-0.8196396,0.5884055,3.472457,1.104466,-0.2868981,-3.431302,0.05693744,-0.04720747,-0.04820533,0.9960953,6.250695,354.2533,354.1447,0.3093355,-0.08213806,-0.9473975,0,0,0,0.9923187,-0.3902122,-2.584852,-0.02569079,-0.01246578,0.8596004,0.9908953,-0.1014099,0.08855691,0.09065844,0.9888688,0.1179815,-0.09953566,-0.1088789,0.9890592,moving,2.653444726386774,-3.842619150782739,-1.7118835744011394,-0.8308354904560291,-0.11214729999999995,-0.10331410000000002,0.8464499999999999,0.046190939258551444,-0.06694455727924803,0.9966868812774023,2.623737543569237,-3.8232715246178794,5.297962940496836,5.303483005560671,5.268043649889492
05/17/2023 16:16:04.107790,3422,True,True,True,True,Eyes,1.108563,-0.2931554,-3.417773,-0.06257852,-0.1772867,0.9821676,0.0,0.0,0.0,0.0,0.0,0.0,0.0,-0.8079507,0.5832197,3.476016,1.104223,-0.2866962,-3.431343,0.05605799,-0.04877359,-0.04803543,0.996078,6.141862,354.0799,354.1602,0.3091681,-0.08206357,-0.9474586,0,0,0,0.9890163,-0.3879424,-2.584977,-0.0262055,-0.01205238,0.8596669,0.9906275,-0.1011623,0.09177904,0.09022575,0.9891002,0.116362,-0.1025501,-0.1069905,0.9889573,moving,2.6473220790963157,-3.829321077899547,-1.7460248139840837,-0.8032242122935209,-0.1152067,-0.10124620000000001,0.8463660000000002,0.046085145555635365,-0.06671355306166922,0.9967072292549324,2.617518444284253,-3.8097895944218263,5.329202159716569,5.33467516939596,5.299051345645876
05/17/2023 16:16:04.137852,3423,True,True,True,True,Eyes,1.108092,-0.2928943,-3.417966,-0.06573902,-0.1751817,0.9823389,0.0,0.0,0.0,0.0,0.0,0.0,0.0,-0.7956895,0.5771757,3.479862,1.103948,-0.2863406,-3.431472,0.05509913,-0.05041909,-0.04796773,0.9960527,6.022922,353.8972,354.1644,0.309002,-0.08198912,-0.9475191,0,0,0,0.9855752,-0.3855772,-2.585107,-0.02665734,-0.01183743,0.8598506,0.9903141,-0.1011129,0.09515417,0.09000068,0.9893264,0.1146003,-0.1057261,-0.1049263,0.988844,moving,2.647274922030959,-3.825789933737793,-1.7757317638305818,-0.7887322942378522,-0.11837279999999994,-0.09923660000000001,0.846365,0.04608451762650549,-0.06665213176963397,0.9967114285410578,2.6174460937853965,-3.8062155364646904,5.359855308393303,5.365324524091795,5.329654473393853
05/17/2023 16:16:04.167676,3424,True,True,True,True,Eyes,1.107625,-0.2926391,-3.418156,-0.0688969,-0.1730716,0.9824966,0.0,0.0,0.0,0.0,0.0,0.0,0.0,-0.783749,0.5696161,3.483922,1.10374,-0.2860819,-3.431669,0.05390159,-0.05201073,-0.04786754,0.9960413,5.877227,353.7225,354.1747,0.3088393,-0.08191483,-0.9475785,0,0,0,0.9805846,-0.382147,-2.585295,-0.02890132,-0.01102501,0.8601086,0.9900072,-0.100963,0.09844939,0.08974917,0.9896066,0.1123557,-0.1087699,-0.1023972,0.988779,moving,2.64200682128884,-3.849632730821535,-1.9245254040808442,-0.7343862728856936,-0.12315539999999991,-0.09606510000000001,0.846374,0.04599159597722631,-0.06706718601648046,0.9966879633200296,2.6123466226835426,-3.8303271888135746,5.522382220603731,5.52792701281607,5.492545670465887
05/17/2023 16:16:04.187620,3425,True,True,True,True,Eyes,1.107172,-0.2923886,-3.418345,-0.07195307,-0.1709138,0.9826552,0.0,0.0,0.0,0.0,0.0,0.0,0.0,-0.7715014,0.5633543,3.487653,1.103415,-0.2859875,-3.431763,0.05284604,-0.05363055,-0.04768243,0.9960208,5.748214,353.544,354.1939,0.3086798,-0.08184086,-0.9476369,0,0,0,0.9776619,-0.3801382,-2.585406,-0.02882724,-0.01100275,0.8602594,0.9897003,-0.1006537,0.1017947,0.08931706,0.9898674,0.110386,-0.111874,-0.1001571,0.9886621,moving,2.6436614068057493,-3.853666957532799,-1.9192599009976925,-0.7327752142318117,-0.12575310000000006,-0.09415069999999998,0.8463570000000002,0.04602015816474103,-0.0671372708378033,0.996681867652286,2.614030415032808,-3.8344164331599653,5.522574765742672,5.528129533089013,5.492804323874103
05/17/2023 16:16:04.197946,3426,True,True,True,True,Eyes,1.106731,-0.292141,-3.418534,-0.07502949,-0.1687212,0.982804,0.0,0.0,0.0,0.0,0.0,0.0,0.0,-0.7589972,0.5581593,3.491276,1.103097,-0.2858495,-3.431922,0.05196438,-0.05529968,-0.04755069,0.9959821,5.63853,353.3585,354.2058,0.3085234,-0.08176729,-0.9476941,0,0,0,0.9730083,-0.3769396,-2.585582,-0.03050725,-0.009703957,0.8605161,0.9893618,-0.1004665,0.1052131,0.08897205,0.9900773,0.1087703,-0.1150969,-0.09825213,0.9884833,moving,2.6495405621014982,-3.8356008672117294,-2.0304151373283204,-0.6460915886196391,-0.13008869999999995,-0.09109010000000001,0.8463400000000001,0.046123403306945934,-0.06682268101516506,0.9966982146489631,2.6197822968490927,-3.816153689467883,5.657948446005839,5.663475504215647,5.627933004226736
05/17/2023 16:16:04.217961,3427,True,True,True,True,Eyes,1.106273,-0.2918789,-3.418737,-0.07837407,-0.1663887,0.9829407,0.0,0.0,0.0,0.0,0.0,0.0,0.0,-0.7465143,0.5528412,3.494918,1.10286,-0.2856762,-3.432121,0.05105014,-0.05696438,-0.04733733,0.9959459,5.52576,353.1741,354.2278,0.3083704,-0.08169416,-0.9477503,0,0,0,0.9672898,-0.3730091,-2.585798,-0.03340116,-0.007857077,0.8608671,0.9890285,-0.1001069,0.1086337,0.08847475,0.9903061,0.1070794,-0.1183,-0.09629326,0.9882979,moving,2.637953823964913,-3.814552677985194,-2.2219295523036298,-0.5229202648951686,-0.13557019999999997,-0.08733289999999999,0.8463229999999999,0.04592297028076991,-0.066457148385105,0.996731981167283,2.608042392228698,-3.794807396706185,5.864222292010517,5.86969423171567,5.833855876543397
05/17/2023 16:16:04.227618,3428,True,True,True,True,Eyes,1.105843,-0.2916238,-3.418938,-0.08174777,-0.1640388,0.9830608,0.0,0.0,0.0,0.0,0.0,0.0,0.0,-0.7084091,0.5368299,3.505491,1.102075,-0.2851188,-3.432585,0.04832661,-0.06204028,-0.04674885,0.9958062,5.189338,352.611,354.2891,0.3082196,-0.08162101,-0.9478056,0,0,0,0.9625314,-0.3697385,-2.585978,-0.02869189,-0.009615235,0.8616616,0.9879311,-0.09910201,0.1190418,0.08710922,0.9909582,0.1020485,-0.1280786,-0.09044725,0.9876311,moving,3.0178742884676817,-3.982543529932162,-1.9071489601930172,-0.6393339558338599,-0.13954359999999988,-0.08461970000000002,0.8466070000000001,0.05252071128301981,-0.06935668252615715,0.9962084057953658,2.989261471161393,-3.966253110970808,5.945775016998187,5.952554431182543,5.919731934563712
05/17/2023 16:16:04.247554,3429,True,True,True,True,Eyes,1.10542,-0.2913699,-3.419138,-0.08512139,-0.1617038,0.9831613,0.0,0.0,0.0,0.0,0.0,0.0,0.0,-0.6949438,0.5321693,3.508984,1.101841,-0.2850011,-3.43276,0.04749215,-0.06384119,-0.04650645,0.9957438,5.085487,352.4104,354.3143,0.3080716,-0.08154801,-0.9478601,0,0,0,0.9590465,-0.3673432,-2.58611,-0.02898514,-0.008870162,0.8620147,0.9875229,-0.09868094,0.1227216,0.08655311,0.9911634,0.1005181,-0.1315563,-0.08864199,0.9873376,moving,3.01961097851002,-3.9515048947413733,-1.9258380680927651,-0.5895548064779264,-0.14279450000000005,-0.08234209999999997,0.8466499999999999,0.052552875180228775,-0.06881688165195012,0.9962441186263812,2.9907772817257636,-3.9348453148540288,5.973301756291713,5.9799811595454875,5.946770138781423
05/17/2023 16:16:04.267881,3430,True,True,True,True,Eyes,1.105009,-0.2911244,-3.419336,-0.08853599,-0.1593422,0.9832454,0.0,0.0,0.0,0.0,0.0,0.0,0.0,-0.6818296,0.5267016,3.512473,1.101647,-0.2847952,-3.432934,0.04657005,-0.06559481,-0.04630611,0.9956828,4.971667,352.2156,354.3361,0.3079264,-0.08147517,-0.9479135,0,0,0,0.955608,-0.3649799,-2.58624,-0.02932636,-0.00840313,0.8623906,0.9871061,-0.09832189,0.1263103,0.08610288,0.991374,0.09881289,-0.1349362,-0.08666312,0.9870571,moving,3.014559486041362,-3.929443678345214,-1.9476434628887667,-0.5582721413786074,-0.14603900000000003,-0.0801847,0.8466939999999998,0.052466431765220284,-0.06843359894566757,0.9962751582371456,2.985567130204043,-3.912498189375405,5.992422750696703,5.999021223335075,5.965517507883396
05/17/2023 16:16:04.277771,3431,True,True,True,True,Eyes,1.104603,-0.2908759,-3.419534,-0.09194517,-0.1569827,0.983312,0.0,0.0,0.0,0.0,0.0,0.0,0.0,-0.6687716,0.5202034,3.515964,1.101276,-0.2847522,-3.433071,0.04548613,-0.0673116,-0.04613625,0.9956263,4.839417,352.0259,354.3562,0.307784,-0.08140272,-0.947966,0,0,0,0.9522657,-0.3626826,-2.586366,-0.02945541,-0.008104429,0.8627015,0.9866812,-0.09799238,0.1298373,0.08574541,0.9916049,0.09678537,-0.1382315,-0.08436335,0.9868003,moving,3.0068793076162637,-3.9262462870471606,-1.9555029509034438,-0.5382347403895249,-0.14901029999999993,-0.07793040000000001,0.846705,0.052333081734236016,-0.06837847727219348,0.9962859048143524,2.9778621161007757,-3.909233360682266,6.002085649888305,6.008648759909055,5.9750918471897245
05/17/2023 16:16:04.308051,3432,True,True,True,True,Eyes,1.104197,-0.2906307,-3.419728,-0.09538365,-0.1546236,0.9833583,0.0,0.0,0.0,0.0,0.0,0.0,0.0,-0.6559827,0.5132536,3.519487,1.101056,-0.2844512,-3.433262,0.04440703,-0.06901669,-0.04607987,0.9955609,4.70694,351.8369,354.3638,0.3076442,-0.08133052,-0.9480176,0,0,0,0.9488922,-0.3603639,-2.586493,-0.02973957,-0.008062392,0.8631249,0.9862267,-0.09788027,0.1333281,0.08562096,0.9918093,0.09478036,-0.1415132,-0.08205923,0.9865295,moving,2.9977169065043014,-3.92290349105496,-1.9733853324283142,-0.5351804817951097,-0.15216380000000007,-0.0759127,0.8467690000000001,0.052173969048749116,-0.06832092313097837,0.9962982349474497,2.9686734497197467,-3.9058158209434435,6.009153872602516,6.015689873770878,5.982067167436553
05/17/2023 16:16:04.317792,3433,True,True,True,True,Eyes,1.103797,-0.2903875,-3.41992,-0.09881736,-0.1522803,0.9833849,0.0,0.0,0.0,0.0,0.0,0.0,0.0,-0.6425331,0.5066856,3.522881,1.100722,-0.2843165,-3.433343,0.04333401,-0.07079361,-0.04593407,0.9954901,4.575545,351.64,354.3817,0.3075067,-0.08125865,-0.9480684,0,0,0,0.9454093,-0.35797,-2.586625,-0.02993943,-0.007757872,0.8634357,0.9857566,-0.09758935,0.1369676,0.08531827,0.9920244,0.09278083,-0.1449297,-0.07977347,0.9862208,moving,2.9959223171817975,-3.91924646753742,-1.9859220284075754,-0.5147822392968349,-0.15531269999999997,-0.07365349999999998,0.8467179999999996,0.05214298998624613,-0.06825744198309366,0.9963041965999586,2.9668523063461545,-3.9021078211712052,6.027482667457977,6.03399948334855,6.000329008364107
05/17/2023 16:16:04.337954,3434,True,True,True,True,Eyes,1.103377,-0.2901429,-3.420111,-0.1022348,-0.1499089,0.9833999,0.0,0.0,0.0,0.0,0.0,0.0,0.0,-0.6296377,0.5011282,3.52603,1.10051,-0.2841395,-3.433453,0.04242472,-0.07251773,-0.04581187,0.9954107,4.463024,351.4479,354.396,0.3073715,-0.08118714,-0.9481183,0,0,0,0.9422745,-0.3558154,-2.586744,-0.0299809,-0.007435873,0.8637931,0.9852849,-0.09735635,0.1404828,0.08505017,0.9922028,0.0911044,-0.148257,-0.07781571,0.9858827,moving,2.9884718096342833,-3.8953907126130254,-1.987848416147485,-0.4932125718955695,-0.15823550000000008,-0.07167590000000001,0.8467090000000002,0.05201490710444673,-0.06784306628640127,0.9963391810754181,2.9592297071252687,-3.877935460730012,6.021725329553717,6.02814889420462,5.994158071986727
05/17/2023 16:16:04.367672,3435,True,True,True,True,Eyes,1.102965,-0.2899021,-3.420301,-0.1056508,-0.1475534,0.9833951,0.0,0.0,0.0,0.0,0.0,0.0,0.0,-0.6159688,0.4929888,3.52954,1.100149,-0.2839306,-3.433535,0.04118734,-0.07432795,-0.04586475,0.9953268,4.311086,351.2473,354.3932,0.307238,-0.08111592,-0.9481677,0,0,0,0.9386461,-0.3533215,-2.586881,-0.0302057,-0.007430516,0.8641495,0.9847436,-0.09742358,0.1441831,0.08517808,0.9924001,0.08880779,-0.1517393,-0.07517167,0.9855579,moving,2.99486572946124,-3.910073182516381,-2.001916108084588,-0.4926540075904821,-0.1615029,-0.06939090000000003,0.846654,0.05212518644050554,-0.0680979921105536,0.9963160384663409,2.9657300230895687,-3.8928195583721372,6.047156711776067,6.053642089616719,6.019853308619063
05/17/2023 16:16:04.377996,3436,True,True,True,True,Eyes,1.102538,-0.2896565,-3.420486,-0.1092095,-0.1451031,0.9833709,0.0,0.0,0.0,0.0,0.0,0.0,0.0,-0.6027941,0.4874436,3.53263,1.099919,-0.2838015,-3.433667,0.04027115,-0.07608464,-0.045732,0.9952376,4.19779,351.0516,354.4095,0.307106,-0.08104505,-0.9482166,0,0,0,0.9346375,-0.3505663,-2.587033,-0.03109029,-0.006544486,0.8646137,0.9842395,-0.09715644,0.1477612,0.08490037,0.9925736,0.08711773,-0.155128,-0.07319971,0.9851787,moving,2.982597238666537,-3.8830252935301313,-2.059388169937078,-0.43367837678486454,-0.16528150000000008,-0.06676480000000001,0.8466339999999999,0.05191350876213858,-0.06762839329573486,0.9963590414679393,2.953265400734497,-3.865398400524539,6.102599761952527,6.108977902450773,6.074816716650991
05/17/2023 16:16:04.398073,3437,True,True,True,True,Eyes,1.102111,-0.2894158,-3.420664,-0.1126274,-0.142776,0.9833261,0.0,0.0,0.0,0.0,0.0,0.0,0.0,-0.5764574,0.473945,3.538698,1.099491,-0.2835063,-3.433665,0.03805835,-0.07956279,-0.04526158,0.9950743,3.930104,350.6672,354.4704,0.3069753,-0.08097441,-0.948265,0,0,0,0.9320725,-0.3488032,-2.58713,-0.0272104,-0.008691795,0.8649274,0.9832423,-0.09613334,0.1548966,0.08402122,0.9930059,0.08294404,-0.1617869,-0.06853949,0.9844427,moving,3.1777687702675688,-4.001710038676597,-1.8019166096102206,-0.5757551526116393,-0.16741850000000003,-0.06529689999999999,0.8465349999999998,0.055299365095914994,-0.06967946601814556,0.9960355860025204,3.149334993197857,-3.9862499214648355,6.037180153553759,6.044372040495271,6.012184877620163
05/17/2023 16:16:04.417852,3438,True,True,True,True,Eyes,1.101687,-0.2891786,-3.42084,-0.1160415,-0.1404607,0.9832625,0.0,0.0,0.0,0.0,0.0,0.0,0.0,-0.5758303,0.474897,3.538667,1.099525,-0.28344,-3.433653,0.0381964,-0.07966094,-0.04524767,0.9950617,3.945446,350.6551,354.4703,0.3068456,-0.08090413,-0.9483129,0,0,0,0.9269339,-0.3452713,-2.587324,-0.03250223,-0.005453669,0.8653314,0.9832135,-0.09613398,0.1550785,0.08396293,0.9929873,0.08322448,-0.1619917,-0.0688066,0.9843904,moving,2.981331730054812,-3.8691603517549225,-2.1510436380918447,-0.3610964302179832,-0.1725911000000001,-0.06183129999999998,0.8463289999999999,0.05189235090562641,-0.06738735873308799,0.9963764899240928,2.9519006845654294,-3.851360916201507,6.210388611592917,6.2167346249576765,6.182393302132915
05/17/2023 16:16:04.437676,3439,True,True,True,True,Eyes,1.101247,-0.2889351,-3.421013,-0.1195903,-0.1381005,0.9831716,0.0,0.0,0.0,0.0,0.0,0.0,0.0,-0.5631627,0.4686179,3.54147,1.099201,-0.2832922,-3.433695,0.03722993,-0.08134467,-0.04529284,0.9949601,3.825382,350.4673,354.468,0.3067169,-0.08083424,-0.9483606,0,0,0,0.9233053,-0.3427773,-2.587461,-0.03299883,-0.004935451,0.8657236,0.9826632,-0.09618606,0.1584969,0.08407223,0.993125,0.08145324,-0.1652419,-0.06671592,0.9839939,moving,2.9642372422514027,-3.853885594253611,-2.182889338257633,-0.32663710312907196,-0.1758957000000001,-0.05948510000000001,0.8462340000000004,0.051595996973233714,-0.06712275963300189,0.9964097406370979,2.9346927419869844,-3.835837320667945,6.233480394499401,6.23974309999402,6.2051698215935795
05/17/2023 16:16:04.447772,3440,True,True,True,True,Eyes,1.100815,-0.2886991,-3.421189,-0.1231264,-0.1357617,0.9830608,0.0,0.0,0.0,0.0,0.0,0.0,0.0,-0.5379416,0.458037,3.546647,1.09879,-0.2829676,-3.433726,0.03558144,-0.08473755,-0.04534902,0.9947347,3.61792,350.087,354.4656,0.3065889,-0.08076457,-0.9484079,0,0,0,0.9206254,-0.3409353,-2.587562,-0.02937624,-0.006180599,0.8661379,0.9815261,-0.09625066,0.1653556,0.08419032,0.9933549,0.07847371,-0.1718099,-0.06310266,0.983107,moving,3.146967980242407,-3.909661167763383,-1.9425193545053698,-0.40884508936769953,-0.1781645999999999,-0.05796770000000001,0.8461639999999999,0.05476996431473988,-0.06808117099018471,0.9961752311847837,3.1178696332610265,-3.8929717283162484,6.170443353754785,6.177264325355663,6.143832284798986
05/17/2023 16:16:04.458457,3441,True,True,True,True,Eyes,1.10037,-0.2884744,-3.421364,-0.1267081,-0.1334708,0.9829194,0.0,0.0,0.0,0.0,0.0,0.0,0.0,-0.5253938,0.4528867,3.549289,1.098569,-0.2829289,-3.433904,0.0347493,-0.08641434,-0.04533203,0.9946206,3.513865,349.8993,354.4702,0.3064615,-0.08069529,-0.948455,0,0,0,0.9155561,-0.337451,-2.587754,-0.03149708,-0.004451446,0.8668474,0.9809551,-0.09618201,0.1687484,0.08417065,0.993475,0.07695942,-0.1750495,-0.06129007,0.9826501,moving,3.1260880245748663,-3.8830662991368543,-2.080938565270684,-0.2942234430760422,-0.18301289999999992,-0.05452210000000002,0.8461500000000002,0.05440864205544419,-0.06762011068440513,0.9962264623344037,3.09679449507096,-3.865976849353894,6.317293440597743,6.323995489629742,6.290178220003968
05/17/2023 16:16:04.477973,3442,True,True,True,True,Eyes,1.099936,-0.2882548,-3.421536,-0.1302751,-0.1312346,0.9827542,0.0,0.0,0.0,0.0,0.0,0.0,0.0,-0.512238,0.4519666,3.551323,1.098294,-0.2830249,-3.433978,0.03448044,-0.08819444,-0.04523193,0.9944782,3.47435,349.6965,354.4783,0.3063344,-0.08062667,-0.9485019,0,0,0,0.9121693,-0.3351231,-2.587882,-0.03168485,-0.002597839,0.867309,0.9803516,-0.09604631,0.1722956,0.08388237,0.9935304,0.0765585,-0.1785341,-0.06060168,0.9820657,moving,3.1145404330715394,-3.794175603498128,-2.092219961609429,-0.17161676567785109,-0.18612470000000014,-0.05209819999999998,0.8460960000000002,0.05421348171402691,-0.06607515128806347,0.9963407611442545,3.084609955801574,-3.775967100841576,6.336579972375875,6.342971412602149,6.308003593245368
05/17/2023 16:16:04.507777,3443,True,True,True,True,Eyes,1.099544,-0.2880459,-3.421705,-0.1338412,-0.1290555,0.9825636,0.0,0.0,0.0,0.0,0.0,0.0,0.0,-0.5000604,0.4499566,3.553339,1.098148,-0.2829344,-3.434058,0.03410224,-0.08985006,-0.04518067,0.9943454,3.422585,349.5085,354.4825,0.3062078,-0.08055879,-0.9485486,0,0,0,0.9088373,-0.3328329,-2.588008,-0.0321234,-0.001181036,0.8678114,0.9797713,-0.09597855,0.1756025,0.0837222,0.9935915,0.07593778,-0.1817655,-0.05969984,0.981528,moving,3.0901261213205755,-3.7219278648541403,-2.11992523273057,-0.07797585567069824,-0.18931069999999994,-0.04989850000000001,0.84605,0.05379336497629044,-0.06482022975672073,0.9964459988586755,3.0596739699946323,-3.702753590872011,6.351786489494163,6.357910140689488,6.321966587264022
05/17/2023 16:16:04.527598,3444,True,True,True,True,Eyes,1.099174,-0.2878361,-3.421869,-0.1373564,-0.1268844,0.9823612,0.0,0.0,0.0,0.0,0.0,0.0,0.0,-0.4884281,0.4500326,3.555067,1.097909,-0.2829111,-3.434262,0.03400513,-0.09142451,-0.04508447,0.9942096,3.403813,349.3282,354.4892,0.3060829,-0.08049186,-0.9485946,0,0,0,0.9053171,-0.3304134,-2.588141,-0.03281343,0.0009195879,0.8684416,0.9792179,-0.09586462,0.178724,0.08342902,0.9936221,0.0758601,-0.1848564,-0.05937279,0.9809704,moving,3.0575749005725688,-3.6178883355956963,-2.1638497291189087,0.06067015429575876,-0.19259190000000004,-0.0475023,0.8461210000000001,0.0532334231099695,-0.06301263671331907,0.9965919772545783,3.0263722090051792,-3.597333066633225,6.381333745140085,6.387101668761918,6.349755218219943
05/17/2023 16:16:04.547827,3445,True,True,True,True,Eyes,1.098801,-0.2876241,-3.42204,-0.1409617,-0.1246888,0.9821317,0.0,0.0,0.0,0.0,0.0,0.0,0.0,-0.4776172,0.4479069,3.556845,1.097741,-0.2826522,-3.434379,0.03363226,-0.09287611,-0.04497529,0.9940926,3.354459,349.1638,354.5009,0.3059599,-0.08042573,-0.9486399,0,0,0,0.902076,-0.3281857,-2.588264,-0.03346227,0.002125807,0.8689906,0.9787025,-0.09566647,0.1816297,0.08317193,0.9936922,0.07522143,-0.1876801,-0.0585129,0.9804857,moving,3.0067335957212604,-3.5450768140655713,-2.2052022877288295,0.14016207562636177,-0.1956650000000001,-0.045533500000000005,0.8461149999999997,0.05235322664508419,-0.061749000300272985,0.9967178008237765,2.974998208218818,-3.5234500597093383,6.377723680210299,6.38320149511924,6.344803468697456
05/17/2023 16:16:04.578269,3446,True,True,True,True,Eyes,1.098488,-0.2874154,-3.422202,-0.1449028,-0.1223289,0.9818548,0.0,0.0,0.0,0.0,0.0,0.0,0.0,-0.4550558,0.4401319,3.560893,1.097331,-0.2824138,-3.434655,0.03232657,-0.09586551,-0.04469993,0.9938647,3.19223,348.8286,354.5374,0.3058387,-0.08036028,-0.9486845,0,0,0,0.8964937,-0.3243488,-2.588475,-0.03355873,0.003345035,0.8700452,0.9776235,-0.09504936,0.1876647,0.08265334,0.9939138,0.07282682,-0.1934447,-0.05568609,0.9795296,moving,3.1144731745546284,-3.5630664142919852,-2.2088747977903345,0.22028216868583977,-0.2008373000000001,-0.041935,0.8461799999999999,0.054226333982413596,-0.062055727774317025,0.9965985254149824,3.0828946168755778,-3.542060552346157,6.52506652332564,6.530831504103405,6.492922784732317
05/17/2023 16:16:04.597616,3447,True,True,True,True,Eyes,1.098246,-0.2872057,-3.422358,-0.1491968,-0.119755,0.9815289,0.0,0.0,0.0,0.0,0.0,0.0,0.0,-0.4442793,0.4350819,3.56299,1.097167,-0.2821937,-3.434846,0.03153779,-0.09728832,-0.04460924,0.9937558,3.095581,348.6699,354.5523,0.3057205,-0.08029549,-0.9487281,0,0,0,0.8919421,-0.3212205,-2.588647,-0.0355816,0.004656259,0.8708649,0.97709,-0.09479789,0.1905479,0.08252486,0.9940308,0.07136164,-0.1961754,-0.0540018,0.9790807,moving,3.020955830116025,-3.519836417478031,-2.339676587139459,0.3063407962070298,-0.20522490000000004,-0.03902680000000003,0.8461989999999999,0.05260205774496913,-0.061309101806226604,0.996731731333541,2.9890442188333775,-3.49795739939511,6.580542029965535,6.586046764444749,6.54736207865958
05/17/2023 16:16:04.597616,3448,True,True,True,True,Eyes,1.098009,-0.2870042,-3.422502,-0.1533095,-0.1172649,0.9811957,0.0,0.0,0.0,0.0,0.0,0.0,0.0,-0.4237189,0.4230269,3.567076,1.096807,-0.2818898,-3.435123,0.02966345,-0.09997374,-0.04438043,0.9935572,2.870051,348.3727,354.5925,0.3056069,-0.08023123,-0.9487701,0,0,0,0.8894162,-0.3194843,-2.588742,-0.03297693,0.002960499,0.8716014,0.9760712,-0.09412011,0.1960263,0.08225785,0.994301,0.06781841,-0.2012922,-0.0500709,0.9782507,moving,3.0864082608899928,-3.5979636403771225,-2.1667451665240143,0.19461125881373623,-0.2073908000000001,-0.037594499999999975,0.846381,0.05373611637202036,-0.06266437377678276,0.9965869090637137,3.055071123364328,-3.577275118745143,6.473359973305626,6.479139240510586,6.441621861810696
05/17/2023 16:16:04.617523,3449,True,True,True,True,Eyes,1.097776,-0.2868017,-3.422651,-0.1573591,-0.1147634,0.9808504,0.0,0.0,0.0,0.0,0.0,0.0,0.0,-0.4242798,0.4211026,3.567125,1.096718,-0.2818477,-3.435039,0.02937294,-0.09985952,-0.04425569,0.9935829,2.839032,348.3879,354.6106,0.3054977,-0.0801677,-0.9488107,0,0,0,0.8831177,-0.3151551,-2.58898,-0.03968918,0.006210379,0.8723162,0.976139,-0.09380971,0.1958376,0.08207703,0.9943573,0.0672076,-0.2010372,-0.04953019,0.9783306,moving,2.8281855308111408,-3.507836151447202,-2.6050820595814703,0.40790540656465585,-0.21360030000000008,-0.03330740000000004,0.8460590000000003,0.04924888854543604,-0.061110805694666155,0.9969152661670493,2.7961372724614457,-3.485090542115965,6.6920646463366875,6.697270239280468,6.657971742901726
05/17/2023 16:16:04.627768,3450,True,True,True,True,Eyes,1.097614,-0.2866005,-3.422788,-0.161544,-0.112142,0.9804732,0.0,0.0,0.0,0.0,0.0,0.0,0.0,-0.413742,0.4121792,3.569578,1.096591,-0.2816483,-3.435277,0.02802829,-0.1012188,-0.04413129,0.9934897,2.680001,348.2398,354.6371,0.3053925,-0.0801048,-0.9488499,0,0,0,0.8808587,-0.3136024,-2.589066,-0.03939219,0.005214266,0.872958,0.9756144,-0.09336192,0.1986458,0.08201397,0.9945337,0.06462546,-0.2035935,-0.0467578,0.9779384,moving,2.7353135688325483,-3.525004036896835,-2.5837166852104647,0.34222938806064446,-0.2157323000000001,-0.031954099999999985,0.8462110000000003,0.04763201304684667,-0.06141433466892812,0.9969751545793495,2.7033631311641093,-3.5021186802324036,6.571255513906534,6.576289014826921,6.53698898996349
05/17/2023 16:16:04.647903,3451,True,True,True,True,Eyes,1.097521,-0.2863997,-3.422913,-0.1657718,-0.1093497,0.9800828,0.0,0.0,0.0,0.0,0.0,0.0,0.0,-0.4044933,0.4059156,3.57146,1.096471,-0.281367,-3.435446,0.02711477,-0.1024341,-0.0441485,0.9933898,2.569227,348.1052,354.6429,0.3052928,-0.08004246,-0.9488872,0,0,0,0.8786407,-0.3120779,-2.58915,-0.03933878,0.004802737,0.8735217,0.9751164,-0.09326828,0.2011198,0.08215838,0.9946314,0.0629157,-0.2059081,-0.04482645,0.9775441,moving,2.6222258439370805,-3.4847589409376747,-2.57855546860059,0.3150165444656882,-0.21783029999999992,-0.03071090000000004,0.8462960000000002,0.045666082203133174,-0.060719613822753496,0.9971096624015846,2.589958453372433,-3.460963321336505,6.436286093838287,6.440995264733038,6.400903069768555
05/17/2023 16:16:04.667978,3452,True,True,True,True,Eyes,1.095088,-0.2814002,-3.426152,-0.268264,-0.03864322,0.9625701,0.8597746,0.8644416,-0.3146247,-2.598558,-0.7130256,-0.3303553,-0.6184334,-0.05236314,-0.002484433,0.8676758,1.096313,-0.2811133,-3.43565,0.02543959,-0.1036604,-0.04415152,0.9933066,2.371869,347.9738,354.66,0.3051999,-0.07998062,-0.9489224,0,0,0,0.8751366,-0.3096695,-2.589282,-0.0405111,0.00388046,0.8743089,0.9746103,-0.09298616,0.2036868,0.08243784,0.9948069,0.05969216,-0.2081796,-0.04138509,0.9772147,moving,-3.5429719793590055,-0.1779438343556656,-2.652902307077422,0.254295158945499,-0.22117640000000005,-0.028556199999999976,0.846368,-0.06179683117314064,-0.0030997651361724284,0.9980839707534818,-3.6004539857828544,-0.09105557058148603,0.9892023246185895,0.9894718635946401,1.008524323059342
05/17/2023 16:16:04.687540,3453,True,True,True,True,Eyes,1.09508,-0.2813939,-3.426161,-0.2683604,-0.03852524,0.962548,0.8575779,0.8649399,-0.3144322,-2.600701,-0.466576,-0.4639003,-0.7530625,-0.0499154,-0.005134221,0.8657698,1.096152,-0.2809287,-3.435862,0.02385955,-0.1048619,-0.04413097,0.9932207,2.185807,347.8448,354.679,0.3050324,-0.07978212,-0.9489927,0,0,0,0.87194,-0.3074723,-2.589403,-0.04141189,0.003009375,0.8750683,0.9741129,-0.09266749,0.2061961,0.08265965,0.9949663,0.0566509,-0.2104079,-0.03814027,0.9768694,moving,-3.403692844494763,-0.3435050681908385,-2.709454328275165,0.19704039871106266,-0.22421199999999997,-0.0265436,0.8464590000000003,-0.05936965354145829,-0.005984683736466986,0.9982182018517589,-3.459957317119947,-0.2591417738840885,0.8793518397356916,0.8798616477554773,0.8782692701322206
05/17/2023 16:16:04.707812,3454,True,True,True,True,Eyes,1.0951,-0.2813835,-3.426172,-0.2685863,-0.03820865,0.9624975,0.857576,0.8647672,-0.3141504,-2.600758,-0.4782096,-0.4452283,-0.7570254,-0.04751128,-0.007319972,0.8660418,1.095967,-0.2807987,-3.436086,0.02242617,-0.1061667,-0.04414152,0.9931149,2.015555,347.7028,354.6929,0.3048814,-0.07960328,-0.9490561,0,0,0,0.8684859,-0.3050983,-2.589534,-0.04238307,0.00260121,0.8758917,0.9735603,-0.09243703,0.2088917,0.08291338,0.9950972,0.05391625,-0.2128513,-0.03517081,0.9764514,moving,-3.2617433629011052,-0.481868229295002,-2.7702949950990456,0.1701556442143744,-0.22748109999999988,-0.024299599999999977,0.846552,-0.056895409652621784,-0.008396464631754318,0.9983448055310904,-3.316983546412949,-0.3997107195143242,0.8157058208577634,0.8164904346295061,0.7896936397407947
05/17/2023 16:16:04.728181,3455,True,True,True,True,Eyes,1.095134,-0.281366,-3.426181,-0.2688946,-0.03776406,0.9624289,0.8588286,0.8641994,-0.3137988,-2.59962,-0.04262303,-0.7471886,-0.6632439,-0.04532483,-0.009282805,0.8675956,1.095821,-0.2806629,-3.43635,0.02105042,-0.1074488,-0.0440166,0.9930127,1.853705,347.5632,354.7219,0.3047459,-0.079442,-0.949113,0,0,0,0.8648387,-0.3025914,-2.589672,-0.04362877,0.002434287,0.8768054,0.9730346,-0.09194177,0.211543,0.0828944,0.9952388,0.05126574,-0.2152493,-0.03234761,0.9760233,moving,-3.128740330457576,-0.6044943979583272,-2.8486188340949683,0.15907065909134038,-0.23098229999999997,-0.021928500000000017,0.8466779999999998,-0.05457665196238898,-0.010534496641171502,0.9984539203854862,-3.1830708171577764,-0.5243187304670015,0.8122945445253809,0.8133262869670994,0.7608411047883572
05/17/2023 16:16:04.737705,3456,True,True,True,True,Eyes,1.095154,-0.2813394,-3.426198,-0.2692834,-0.03722775,0.9623412,0.8610742,0.8632807,-0.3133952,-2.597551,0.08627693,-0.8509535,-0.5181066,-0.04321235,-0.01100082,0.8699197,1.095596,-0.2804618,-3.436415,0.0198332,-0.1087489,-0.04396546,0.9928985,1.708946,347.4205,354.7408,0.3046248,-0.07929633,-0.949164,0,0,0,0.8619866,-0.3006311,-2.589779,-0.04397564,0.001976904,0.8774021,0.9724814,-0.09162015,0.2142093,0.08299279,0.9953474,0.0489471,-0.2176972,-0.02982231,0.9755607,moving,-2.999305004133118,-0.7056833070574664,-2.869279605373567,0.129094817564473,-0.23360939999999997,-0.0201693,0.8466360000000002,-0.05231988619833092,-0.012299317506522179,0.9985546536870825,-3.0528796104667264,-0.6272166768780514,0.8437284675197486,0.8448438445475605,0.7782776101726767
05/17/2023 16:16:04.747979,3457,True,True,True,True,Eyes,1.095166,-0.2813034,-3.426221,-0.2697453,-0.03661107,0.9622355,0.0,0.0,0.0,0.0,0.0,0.0,0.0,-0.3450823,0.347326,3.584541,1.095318,-0.2802466,-3.436625,0.01848068,-0.1100025,-0.04384896,0.9927917,1.549922,347.2839,354.7694,0.3045162,-0.07916444,-0.9492099,0,0,0,0.8571175,-0.2972844,-2.589963,-0.04641216,0.002504654,0.8784672,0.9719534,-0.0911316,0.2167984,0.08299991,0.9954714,0.04634193,-0.2200399,-0.02704794,0.9751158,moving,-2.879605513638526,-0.8170815064857557,-3.0243027401826046,0.16335921760340733,-0.23820050000000004,-0.017037799999999992,0.8466619999999998,-0.050232347763735155,-0.01424227680950546,0.9986360315792285,-2.932354015524653,-0.7404110445567668,0.9898144982439337,0.991060694822487,0.908435608467267
05/17/2023 16:16:04.767914,3458,True,True,True,True,Eyes,1.095205,-0.2812649,-3.426242,-0.2703457,-0.03591751,0.9620931,0.0,0.0,0.0,0.0,0.0,0.0,0.0,-0.3357496,0.338811,3.586349,1.095176,-0.2800126,-3.4368,0.01723052,-0.1111983,-0.04377882,0.992684,1.402321,347.1532,354.7917,0.3044185,-0.0790447,-0.9492513,0,0,0,0.854561,-0.2955272,-2.59006,-0.04667751,0.001772679,0.8791611,0.9714367,-0.09074908,0.2192608,0.08308506,0.995573,0.04394519,-0.2222781,-0.02447268,0.9746761,moving,-2.7754064427531406,-0.9144538050488318,-3.0391649401091727,0.11552704901139335,-0.2406149999999999,-0.01551459999999999,0.84674,-0.0484148866331721,-0.01594083658135501,0.9987000984189819,-2.827432966918484,-0.8393517532647372,1.0620176300640256,1.0632163959693919,0.9780715492782316
05/17/2023 16:16:04.777851,3459,True,True,True,True,Eyes,1.095236,-0.2812182,-3.426272,-0.2710116,-0.0351583,0.9619338,0.0,0.0,0.0,0.0,0.0,0.0,0.0,-0.3259687,0.3302279,3.588139,1.094964,-0.2798762,-3.43697,0.01597114,-0.1124528,-0.04378932,0.9925632,1.252372,347.0156,354.8053,0.3043315,-0.0789358,-0.9492883,0,0,0,0.8518986,-0.2936974,-2.590161,-0.04688366,0.001170643,0.8798631,0.9708737,-0.09051935,0.2218342,0.08333535,0.9956548,0.0415532,-0.2246317,-0.02185627,0.9741986,moving,-2.6682456546214217,-1.0106391841188744,-3.0501311129071027,0.07623102234815728,-0.2430654000000001,-0.013821199999999978,0.8468089999999999,-0.046545615350834194,-0.017618950157254103,0.9987607858055193,-2.7195578804384377,-0.937102260065548,1.150866944519974,1.1520083979536577,1.0658907088778458
05/17/2023 16:16:04.797618,3460,True,True,True,True,Eyes,1.095265,-0.2811701,-3.426306,-0.2717593,-0.03434123,0.9617523,0.0,0.0,0.0,0.0,0.0,0.0,0.0,-0.3166468,0.3224511,3.589874,1.094828,-0.2796566,-3.437234,0.01483629,-0.1136539,-0.04377331,0.9924449,1.117245,346.8835,354.8206,0.3042538,-0.07883643,-0.9493216,0,0,0,0.8485842,-0.2914192,-2.590286,-0.04791361,0.001091402,0.8807938,0.9703333,-0.09025759,0.2242915,0.08351278,0.9957275,0.0393984,-0.2268892,-0.01949838,0.9737254,moving,-2.5730312387885412,-1.0896905996871447,-3.1137191826606667,0.07099584073815716,-0.2462437999999999,-0.011762600000000012,0.8469480000000003,-0.04488466978697937,-0.018998375196597233,0.9988114696616656,-2.6237545152888853,-1.0174667278242255,1.2793404127110128,1.280443854933056,1.193656625011632
05/17/2023 16:16:04.817529,3461,True,True,True,True,Eyes,1.095287,-0.2811152,-3.426348,-0.2725655,-0.03346153,0.9615552,0.0,0.0,0.0,0.0,0.0,0.0,0.0,-0.3073962,0.314318,3.591497,1.094593,-0.2795938,-3.437417,0.01361006,-0.1148242,-0.04365649,0.9923328,0.97326,346.7554,354.8489,0.3041843,-0.07874557,-0.9493514,0,0,0,0.8452229,-0.2891089,-2.590413,-0.04897472,0.001068201,0.8816414,0.969819,-0.08976905,0.2266993,0.083518,0.9958177,0.03703706,-0.229076,-0.01698577,0.9732603,moving,-2.485159334236928,-1.174175829094151,-3.179483001853016,0.06941981062038526,-0.24937009999999993,-0.009515099999999999,0.8470040000000001,-0.04335152686432016,-0.02047253536612954,0.9988501133010127,-2.5352568576568877,-1.10330329880505,1.4232152445174708,1.4242947274103286,1.338023473727674
05/17/2023 16:16:04.828190,3462,True,True,True,True,Eyes,1.095347,-0.2810587,-3.426384,-0.2735918,-0.03253364,0.9612955,0.0,0.0,0.0,0.0,0.0,0.0,0.0,-0.2981461,0.3063616,3.593148,1.094446,-0.279398,-3.437672,0.01245217,-0.1160133,-0.04365625,0.9922097,0.8354543,346.6246,354.8634,0.304122,-0.07866219,-0.9493784,0,0,0,0.841888,-0.2868167,-2.590539,-0.05002786,0.0009756926,0.8825933,0.9692702,-0.08952154,0.2291318,0.08374307,0.9958782,0.03483973,-0.2313063,-0.01458091,0.9727718,moving,-2.408193671082387,-1.2513794595802596,-3.2442137271016462,0.06333953057339066,-0.25255800000000006,-0.0074187,0.8471329999999999,-0.04200852966072141,-0.021819676561711538,0.9988789387256227,-2.457720256693799,-1.1817293304003282,1.5569648068290378,1.5580165458483037,1.4726739108032616
05/17/2023 16:16:04.847819,3463,True,True,True,True,Eyes,1.095394,-0.2810006,-3.426429,-0.274664,-0.03154996,0.9610226,0.0,0.0,0.0,0.0,0.0,0.0,0.0,-0.2889867,0.2989945,3.594589,1.09419,-0.2792332,-3.437842,0.01136832,-0.1171795,-0.0436257,0.992087,0.7066264,346.4959,354.8806,0.3040672,-0.07858548,-0.9494023,0,0,0,0.8385293,-0.2845082,-2.590666,-0.05106358,0.001068423,0.8834524,0.9687315,-0.08922524,0.2315127,0.08389671,0.9959351,0.0327808,-0.2334965,-0.01233264,0.9722795,moving,-2.33731554306692,-1.3168381295957645,-3.3080175037765254,0.06929190388774933,-0.25566069999999996,-0.005274999999999974,0.8471759999999997,-0.04077178864891469,-0.022962030317039476,0.998904678633977,-2.386356558162881,-1.2482454728759769,1.6911849940768064,1.6922230249735049,1.607906601093135
05/17/2023 16:16:04.868398,3464,True,True,True,True,Eyes,1.095482,-0.2809398,-3.426469,-0.2758543,-0.03053541,0.9607143,0.0,0.0,0.0,0.0,0.0,0.0,0.0,-0.2797516,0.2913526,3.596136,1.093951,-0.2791609,-3.438122,0.01023377,-0.1183534,-0.04359981,0.9919612,0.5719723,346.3666,354.8982,0.3040187,-0.07851472,-0.9494238,0,0,0,0.8350512,-0.2821176,-2.590798,-0.0522002,0.001235707,0.8844599,0.968183,-0.08892103,0.2339115,0.08407623,0.9959887,0.03062337,-0.2356962,-0.009982633,0.9717755,moving,-2.2724691357021505,-1.3869467265786934,-3.377638415157583,0.08004970010245684,-0.2588997999999999,-0.0029567000000000343,0.847324,-0.03964007174614907,-0.024185398485099874,0.9989212699351863,-2.32099301921722,-1.319445249361943,1.835659805367665,1.8367029297486581,1.753592200694999
05/17/2023 16:16:04.877811,3465,True,True,True,True,Eyes,1.095554,-0.2808677,-3.426515,-0.2770921,-0.02946301,0.9603915,0.0,0.0,0.0,0.0,0.0,0.0,0.0,-0.2710077,0.2839085,3.597539,1.093786,-0.2789623,-3.438335,0.009146107,-0.1194707,-0.04355593,0.9918398,0.4432235,346.2435,354.9176,0.3039771,-0.07844921,-0.9494426,0,0,0,0.8314443,-0.2796384,-2.590934,-0.05364577,0.001426773,0.8854561,0.9676593,-0.0885864,0.2361948,0.08421563,0.9960384,0.02855026,-0.2377882,-0.007735632,0.9712862,moving,-2.2175326203597945,-1.448664429443746,-3.4670535633440287,0.09232304173231323,-0.2623416999999999,-0.0006761000000000128,0.8474010000000001,-0.038681233585639976,-0.02526234890925326,0.9989321848898454,-2.2656018340902935,-1.3821154938687839,1.9828694394817572,1.9839216147009933,1.9019608968094739
05/17/2023 16:16:04.897577,3466,True,True,True,True,Eyes,1.095614,-0.2807868,-3.426569,-0.278457,-0.02826655,0.9600326,0.0,0.0,0.0,0.0,0.0,0.0,0.0,-0.2608408,0.2755787,3.599023,1.093477,-0.278647,-3.438548,0.00793075,-0.1207533,-0.04345809,0.9916992,0.2999116,346.102,354.945,0.303941,-0.07838813,-0.9494593,0,0,0,0.8283927,-0.277541,-2.591049,-0.05405624,0.0009863824,0.8863416,0.96706,-0.08811002,0.2388126,0.08427937,0.996097,0.02622525,-0.2401912,-0.005234424,0.9707115,moving,-2.151353455689118,-1.516564554920049,-3.490034663746967,0.06376269056412438,-0.26508430000000005,0.0011059999999999959,0.847499,-0.03752624581942303,-0.026447311233062293,0.9989455502498141,-2.1989209335717854,-1.4510850570023406,2.070108951098955,2.0711111944139593,1.990411606315152
05/17/2023 16:16:04.917857,3467,True,True,True,True,Eyes,1.095665,-0.2806971,-3.426628,-0.279866,-0.02699354,0.9596595,0.0,0.0,0.0,0.0,0.0,0.0,0.0,-0.2508885,0.2656161,3.600645,1.093304,-0.2783941,-3.438797,0.006486611,-0.1220141,-0.04339572,0.9915581,0.1302861,345.964,354.972,0.3039098,-0.07833079,-0.949474,0,0,0,0.824968,-0.2751872,-2.591179,-0.05499731,0.0004062261,0.8873812,0.9664587,-0.08764167,0.2414052,0.08447583,0.9961495,0.02345349,-0.2425312,-0.00227392,0.9701409,moving,-2.0895127467382077,-1.6069441611191695,-3.5464898019726556,0.026228907522713847,-0.268336,0.003206899999999957,0.8476180000000002,-0.03644647353487557,-0.02802415808582412,0.9989425840499713,-2.1364193347798706,-1.5427899347069687,2.1876559121280565,2.188615181254299,2.1095304808703412
05/17/2023 16:16:04.927800,3468,True,True,True,True,Eyes,1.095659,-0.2805989,-3.426707,-0.281332,-0.02563313,0.9592681,0.0,0.0,0.0,0.0,0.0,0.0,0.0,-0.2403375,0.2549796,3.602265,1.093142,-0.2781264,-3.439008,0.004952604,-0.1233567,-0.04336057,0.9914023,359.9497,345.8169,354.9976,0.3038825,-0.07827654,-0.9494873,0,0,0,0.8215831,-0.2728606,-2.591307,-0.05575554,-0.0003769584,0.8884029,0.9658059,-0.0871974,0.2441627,0.08475365,0.9961907,0.02051768,-0.2450217,0.0008775871,0.9695172,moving,-2.02152983331233,-1.7028476937582744,-3.5911328580583897,-0.02431118141986611,-0.27155890000000005,0.005265799999999987,0.8477009999999998,-0.03525947386156526,-0.02969744677243355,0.9989368700840963,-2.0677345125477196,-1.6401085790861054,2.2971741465542537,2.298072774858352,2.22070793879106
05/17/2023 16:16:04.947886,3469,True,True,True,True,Eyes,1.095641,-0.2804978,-3.426789,-0.282835,-0.02420502,0.9588631,0.0,0.0,0.0,0.0,0.0,0.0,0.0,-0.2295254,0.2449961,3.603851,1.092975,-0.277952,-3.439273,0.003486088,-0.1247333,-0.0432666,0.9912405,359.7776,345.6653,355.0294,0.3038572,-0.07822487,-0.9494997,0,0,0,0.8182579,-0.2705751,-2.591433,-0.05637988,-0.000965137,0.8894819,0.9651392,-0.08664486,0.2469797,0.08490553,0.9962317,0.01770467,-0.247583,0.003882468,0.9688589,moving,-1.9527179567647572,-1.7861868251877717,-3.6268455175555983,-0.062169061619150076,-0.27471710000000005,0.007376899999999964,0.8478400000000001,-0.034058222107366046,-0.03115170805841792,0.9989342187310128,-1.998310105564249,-1.724713857689013,2.402260741171799,2.4031105548641833,2.327269384288982
05/17/2023 16:16:04.967865,3470,True,True,True,True,Eyes,1.09559,-0.2803707,-3.426883,-0.2844492,-0.02275557,0.9584211,0.0,0.0,0.0,0.0,0.0,0.0,0.0,-0.2191237,0.2341547,3.605301,1.092648,-0.2782597,-3.439438,0.001878193,-0.1260471,-0.04340898,0.9910724,359.5863,345.5217,355.0367,0.3038335,-0.07817542,-0.9495115,0,0,0,0.8149211,-0.2682816,-2.591559,-0.05701923,-0.001389463,0.8904368,0.9644555,-0.08651635,0.2496805,0.08556938,0.9962242,0.014666,-0.2500066,0.007220297,0.9682172,moving,-1.8961956620822507,-1.8894772792426289,-3.6639397607802993,-0.08940589727902701,-0.2777269000000001,0.00997809999999999,0.8478789999999998,-0.03307084828282919,-0.03295359030248744,0.998909679676749,-1.9410362615464616,-1.8294659411851621,2.5220874124460266,2.522930078033501,2.4487150557120407
05/17/2023 16:16:04.977766,3471,True,True,True,True,Eyes,1.095527,-0.2802595,-3.426983,-0.2860954,-0.02125305,0.9579654,0.0,0.0,0.0,0.0,0.0,0.0,0.0,-0.2090912,0.2249281,3.606594,1.092546,-0.2775877,-3.43964,0.0005941744,-0.127329,-0.04330536,0.9909146,359.4356,345.3799,355.0677,0.3038101,-0.07812725,-0.949523,0,0,0,0.811399,-0.2658608,-2.591692,-0.05805351,-0.002053929,0.891528,0.9638239,-0.08597513,0.2522929,0.08567251,0.9962486,0.01220561,-0.2523958,0.009850504,0.9675739,moving,-1.8480630396833686,-1.948945160866836,-3.725661724062302,-0.1319995052503712,-0.28114700000000004,0.011726899999999985,0.8479479999999997,-0.03223055607317893,-0.033991281373757606,0.9989022783427847,-1.8924668156645408,-1.8898336745553546,2.6120002223476586,2.6127893782402447,2.5398000982265545
05/17/2023 16:16:04.997552,3472,True,True,True,True,Eyes,1.095433,-0.2801383,-3.427094,-0.2877948,-0.01969111,0.9574896,0.0,0.0,0.0,0.0,0.0,0.0,0.0,-0.1987265,0.2165139,3.60789,1.092264,-0.2774448,-3.439945,-0.0006570964,-0.1286352,-0.04317328,0.9907516,359.289,345.2351,355.1018,0.3037868,-0.07808068,-0.9495343,0,0,0,0.8081374,-0.2636189,-2.591815,-0.05861618,-0.002264165,0.8926379,0.9631781,-0.08537894,0.2549478,0.08571704,0.9962713,0.009805166,-0.2548343,0.01240924,0.9669051,moving,-1.8008593987891865,-2.000916550459781,-3.757004814047575,-0.1453297248648004,-0.2841265999999999,0.013825900000000002,0.8481299999999998,-0.03140660740764081,-0.03489825826527302,0.9988972206435578,-1.8448800556383391,-1.9426107097980512,2.6954641698210353,2.696239483606393,2.624202741886422
05/17/2023 16:16:05.017712,3473,True,True,True,True,Eyes,1.095334,-0.2800205,-3.427213,-0.2895239,-0.01809432,0.9569998,0.0,0.0,0.0,0.0,0.0,0.0,0.0,-0.1885891,0.2057885,3.609176,1.092078,-0.2771577,-3.440148,-0.002167932,-0.1299235,-0.04326982,0.9905772,359.1097,345.0935,355.1141,0.3037626,-0.07803526,-0.9495458,0,0,0,0.8049667,-0.2614397,-2.591935,-0.0591944,-0.003221308,0.8936611,0.9624952,-0.08516085,0.2575861,0.08628752,0.996246,0.006948523,-0.2572108,0.01553854,0.9662304,moving,-1.755524946351609,-2.084651313595392,-3.7896268803669195,-0.2065285750264101,-0.28711130000000007,0.01571800000000001,0.8482130000000003,-0.030614642330547642,-0.036358953386228965,0.9988698015613162,-1.7989364715133092,-2.027528555182865,2.7678362682758006,2.768558415330021,2.6979416657206587
05/17/2023 16:16:05.027916,3474,True,True,True,True,Eyes,1.095207,-0.2799008,-3.42734,-0.2912512,-0.01650081,0.9565042,0.0,0.0,0.0,0.0,0.0,0.0,0.0,-0.1782039,0.1977653,3.610407,1.091885,-0.2771495,-3.440477,-0.003372477,-0.1312488,-0.04318069,0.9904029,358.9677,344.946,355.1435,0.3037375,-0.07799095,-0.9495575,0,0,0,0.8016328,-0.2591481,-2.592061,-0.05987714,-0.003200156,0.8948657,0.9618184,-0.0846473,0.2602695,0.08641783,0.9962481,0.004654601,-0.259687,0.01801505,0.9655247,moving,-1.7079887552404827,-2.130320515451099,-3.8280617249068754,-0.2048962776909154,-0.29025219999999996,0.0180014,0.8484159999999998,-0.02978502836922417,-0.0371560452435099,0.9988654079687825,-1.7510620146922198,-2.0739283719117383,2.863179998069183,2.8639078009014995,2.7941382867458864
05/17/2023 16:16:05.048114,3475,True,True,True,True,Eyes,1.095076,-0.2797778,-3.42747,-0.2929992,-0.01490304,0.9559965,0.0,0.0,0.0,0.0,0.0,0.0,0.0,-0.1679808,0.1901187,3.61139,1.091705,-0.2770507,-3.440629,-0.004549821,-0.1325483,-0.04286624,0.9902388,358.8326,344.8009,355.1983,0.3037107,-0.0779476,-0.9495696,0,0,0,0.798176,-0.2567722,-2.592192,-0.06077997,-0.003073955,0.8959418,0.9611868,-0.08368948,0.262899,0.08610178,0.9962835,0.002352874,-0.2621188,0.02037451,0.9648205,moving,-1.6658269813891575,-2.1687064413502513,-3.8809532329039547,-0.19657968500690048,-0.29352899999999993,0.020278499999999977,0.8484370000000001,-0.029049264463176294,-0.037826059140435964,0.9988619871124264,-1.7086153367771872,-2.112936652178314,2.965073709679551,2.965816625018368,2.8968044394772123
05/17/2023 16:16:05.068120,3476,True,True,True,True,Eyes,1.094937,-0.279651,-3.427604,-0.2947711,-0.01331329,0.9554752,0.0,0.0,0.0,0.0,0.0,0.0,0.0,-0.1584116,0.184416,3.612265,1.091506,-0.2768703,-3.44086,-0.005461404,-0.1337584,-0.04241733,0.9900907,358.7301,344.6647,355.2646,0.3036824,-0.07790502,-0.9495822,0,0,0,0.794861,-0.2544937,-2.592317,-0.06166646,-0.002603075,0.897059,0.9606189,-0.08253299,0.2653292,0.08545504,0.9963419,0.0005327801,-0.2644026,0.02216192,0.9641578,moving,-1.6371053703422478,-2.1755092074702627,-3.932492839502267,-0.16625973613628392,-0.29664500000000005,0.022376600000000024,0.8485429999999998,-0.02854841790602977,-0.03794520528469533,0.9988719898624842,-1.6798376051127832,-2.119929229124929,3.04977987263614,3.0505552071111106,2.9818249601304316
05/17/2023 16:16:05.079578,3477,True,True,True,True,Eyes,1.094794,-0.2795247,-3.427745,-0.2965623,-0.01172497,0.9549416,0.0,0.0,0.0,0.0,0.0,0.0,0.0,-0.1488429,0.1758886,3.613199,1.091388,-0.2766901,-3.44102,-0.006724034,-0.1349766,-0.04221257,0.9899263,358.5842,344.5292,355.3089,0.3036525,-0.07786302,-0.9495953,0,0,0,0.7914822,-0.2521713,-2.592445,-0.06266408,-0.002806563,0.8981587,0.9599988,-0.08175948,0.2678015,0.08538984,0.9963458,-0.001917182,-0.2666661,0.02470801,0.9634722,moving,-1.6060504711063408,-2.226591094140543,-3.9910302328228195,-0.17903705821438187,-0.2999058,0.024518800000000007,0.8485749999999999,-0.028006055758479698,-0.038836328175768875,0.9988531086040768,-1.6484102082771497,-2.171745566729853,3.142562022093561,3.143343123783133,3.0755090276753063
05/17/2023 16:16:05.098210,3478,True,True,True,True,Eyes,1.094639,-0.2793955,-3.427889,-0.2984078,-0.01014937,0.9543845,0.0,0.0,0.0,0.0,0.0,0.0,0.0,-0.1394943,0.1709122,3.614051,1.091182,-0.2765874,-3.441344,-0.007431848,-0.1361931,-0.04238082,0.9897475,358.4955,344.3919,355.3024,0.3036208,-0.07782155,-0.9496088,0,0,0,0.7880191,-0.249791,-2.592576,-0.06366427,-0.002038054,0.8994312,0.9593106,-0.08186831,0.2702235,0.08591697,0.9962972,-0.003167354,-0.2689637,0.02625526,0.9627924,moving,-1.5791842364146518,-2.2229269795030415,-4.048803648820702,-0.12982837683028006,-0.3031629000000001,0.02679639999999997,0.8487679999999997,-0.0275377522103451,-0.038772952641802375,0.9988685243810241,-1.6215629848923505,-2.16813763969878,3.2364580320487053,3.2372954456835528,3.1695744023011785
05/17/2023 16:16:05.118262,3479,True,True,True,True,Eyes,1.094481,-0.2792708,-3.428034,-0.3002577,-0.008563074,0.9538196,0.0,0.0,0.0,0.0,0.0,0.0,0.0,-0.1310942,0.163491,3.61479,1.091026,-0.2763822,-3.441496,-0.008474972,-0.1372705,-0.04247842,0.9895861,358.3705,344.272,355.3092,0.3035874,-0.07778049,-0.9496229,0,0,0,0.7847183,-0.2475224,-2.592701,-0.06480396,-0.002051597,0.9005038,0.9587048,-0.08174537,0.272402,0.08639883,0.9962475,-0.00511136,-0.2709619,0.02843549,0.96217,moving,-1.5676580501005424,-2.255909932931942,-4.116144305285619,-0.1305354247068996,-0.30630770000000007,0.02885980000000002,0.848795,-0.027336192082965366,-0.03934817065555657,0.9988514884897776,-1.6097985401475559,-2.2015629161703036,3.317572287735873,3.318433213593442,3.2512957362907953
05/17/2023 16:16:05.127725,3480,True,True,True,True,Eyes,1.094321,-0.2791507,-3.428186,-0.3021574,-0.007035291,0.9532321,0.0,0.0,0.0,0.0,0.0,0.0,0.0,-0.1231244,0.1567572,3.615482,1.090832,-0.2764294,-3.441674,-0.00946827,-0.1382842,-0.04249648,0.9894351,358.2528,344.159,355.3244,0.3035523,-0.07773989,-0.9496375,0,0,0,0.7811261,-0.2450533,-2.592837,-0.06633502,-0.00152623,0.9016782,0.9581431,-0.0814764,0.2744512,0.08671364,0.9962088,-0.006983291,-0.2728418,0.03048966,0.9615757,moving,-1.566823045865373,-2.2856407090382747,-4.207578686813923,-0.09698188783160631,-0.3097059,0.03137609999999999,0.8488370000000001,-0.027321075997143618,-0.03986648945977031,0.998831441229769,-1.6087513015706185,-2.2316566475823003,3.4289014522058165,3.4298422399357302,3.363144378138892
05/17/2023 16:16:05.147816,3481,True,True,True,True,Eyes,1.094161,-0.2790312,-3.428337,-0.3040641,-0.005534652,0.9526355,0.0,0.0,0.0,0.0,0.0,0.0,0.0,-0.1139932,0.1545874,3.616107,1.090607,-0.2764214,-3.441989,-0.009839383,-0.1394724,-0.0424035,0.9892688,358.2066,344.023,355.3429,0.3035155,-0.07769985,-0.9496525,0,0,0,0.7780654,-0.2429496,-2.592952,-0.06697266,-0.0002201521,0.9028735,0.9574988,-0.08115227,0.2767857,0.08664155,0.9962102,-0.007639359,-0.2751168,0.03129582,0.9609013,moving,-1.5492721924868573,-2.24370713423128,-4.2422731988481495,-0.01397071232122312,-0.3125416000000001,0.033471799999999996,0.849037,-0.02701589320163103,-0.039135779459181536,0.9988686287107336,-1.5914948308105166,-2.18928122780641,3.495249319784085,3.4962807283533737,3.429081771442129
05/17/2023 16:16:05.167670,3482,True,True,True,True,Eyes,1.09395,-0.2789194,-3.428512,-0.3059529,-0.004092261,0.9520379,0.0,0.0,0.0,0.0,0.0,0.0,0.0,-0.1055095,0.1520285,3.616543,1.090467,-0.2763263,-3.442114,-0.01025037,-0.1405866,-0.04230058,0.9891112,358.1564,343.8956,355.3632,0.3034773,-0.07766031,-0.9496679,0,0,0,0.774883,-0.2407622,-2.593073,-0.06798899,0.0009935796,0.9039396,0.9568922,-0.08079782,0.2789787,0.08656208,0.9962112,-0.008383722,-0.2772444,0.03217129,0.9602606,moving,-1.5388559929603265,-2.2096542281109635,-4.301350695309815,0.06297754270771376,-0.3155840000000001,0.035564100000000015,0.8490410000000002,-0.026834922031892833,-0.03854229917803732,0.9988966236746049,-1.5813187063045457,-2.154855158120554,3.5760496277021687,3.5771821516723787,3.509609082230551
05/17/2023 16:16:05.178377,3483,True,True,True,True,Eyes,1.093741,-0.278806,-3.428686,-0.3078334,-0.002703482,0.9514364,0.0,0.0,0.0,0.0,0.0,0.0,0.0,-0.09751672,0.1509667,3.617162,1.090358,-0.2764996,-3.442503,-0.0104987,-0.1416343,-0.04211784,0.9889669,358.1263,343.7751,355.3899,0.3034362,-0.07762143,-0.9496843,0,0,0,0.771487,-0.238428,-2.593201,-0.06932686,0.00291222,0.9053326,0.9563317,-0.08033235,0.2810277,0.08628024,0.9962317,-0.008835061,-0.2792589,0.03269639,0.959659,moving,-1.5364399247552756,-2.159001920421008,-4.378942737665207,0.18430501619062378,-0.3188709999999999,0.03807160000000001,0.8493019999999998,-0.026793700912211837,-0.03765924891108984,0.998931335367113,-1.5792632046323607,-2.103598848066855,3.6825576410992795,3.6838715559276847,3.6156202206215347
05/17/2023 16:16:05.198071,3484,True,True,True,True,Eyes,1.093513,-0.2786924,-3.42887,-0.3097699,-0.001328117,0.9508106,0.0,0.0,0.0,0.0,0.0,0.0,0.0,-0.09072506,0.15091,3.61745,1.09025,-0.276351,-3.442664,-0.01055662,-0.1425315,-0.0419237,0.9888458,358.1187,343.6712,355.4146,0.3033927,-0.0775831,-0.9497013,0,0,0,0.7680491,-0.2360651,-2.593331,-0.07103162,0.00486943,0.9064959,0.9558544,-0.07990284,0.2827684,0.08592144,0.9962619,-0.008926846,-0.2809981,0.03282863,0.9591466,moving,-1.5556340929799917,-2.0883304291266485,-4.480453774922994,0.3077731561340539,-0.3222008999999999,0.04028590000000001,0.8493330000000001,-0.027129583350405356,-0.03642675871283376,0.9989679819043482,-1.5989664235276242,-2.0320001966590415,3.779468391807105,3.7809896274891255,3.7118066623535424
05/17/2023 16:16:05.217798,3485,True,True,True,True,Eyes,1.093289,-0.2785806,-3.429053,-0.3116879,2.446175e-05,0.9501845,0.0,0.0,0.0,0.0,0.0,0.0,0.0,-0.08342701,0.1476949,3.617959,1.090155,-0.2762817,-3.44291,-0.01108911,-0.1434685,-0.04161378,0.9887175,358.0591,343.5643,355.4602,0.3033464,-0.07754525,-0.9497192,0,0,0,0.7645004,-0.233626,-2.593465,-0.07272336,0.006179865,0.9077999,0.9553702,-0.07910667,0.2846225,0.08547042,0.9962906,-0.009987466,-0.2827767,0.03386853,0.9585876,moving,-1.567418686418204,-2.069924943644693,-4.580152932697335,0.39003607841445903,-0.3256546,0.04265570000000002,0.8494449999999998,-0.027335368938152027,-0.03610564918365115,0.9989740193553982,-1.6108853904858633,-2.013327851825694,3.8877628841960243,3.8894698698863053,3.8200403032441885
05/17/2023 16:16:05.227875,3486,True,True,True,True,Eyes,1.093069,-0.2784673,-3.429237,-0.3137035,0.001401004,0.94952,0.0,0.0,0.0,0.0,0.0,0.0,0.0,-0.07721531,0.1450681,3.618327,1.09008,-0.2762244,-3.443068,-0.01152062,-0.1442717,-0.04138633,0.9886052,358.0103,343.4726,355.4946,0.3032977,-0.07750788,-0.9497378,0,0,0,0.7613853,-0.2314848,-2.593583,-0.07426779,0.007378884,0.9088989,0.9549457,-0.07850529,0.286209,0.08515368,0.9963089,-0.01083695,-0.2843018,0.03472045,0.9581059,moving,-1.6008391334916316,-2.041361546606165,-4.671364665737264,0.46514482815943053,-0.3286946999999999,0.04473959999999999,0.8494849999999996,-0.027918564459244427,-0.03560705935772401,0.9989758606727634,-1.6445183802932153,-1.984293692506394,3.961777811699711,3.963672697248461,3.8937831863405052
05/17/2023 16:16:05.247827,3487,True,True,True,True,Eyes,1.092852,-0.2783476,-3.429419,-0.3156943,0.002795818,0.9488568,0.0,0.0,0.0,0.0,0.0,0.0,0.0,-0.07119226,0.1420164,3.618704,1.089991,-0.2760789,-3.443247,-0.01198424,-0.1450473,-0.04124033,0.9884923,357.9566,343.3844,355.5204,0.3032469,-0.07747089,-0.949757,0,0,0,0.7580135,-0.2291673,-2.59371,-0.07609114,0.008553406,0.9100878,0.954521,-0.07805493,0.2877447,0.08500805,0.9963113,-0.01172906,-0.2857677,0.03565626,0.9576353,moving,-1.6356858289450338,-2.0169170515967605,-4.7793025042832955,0.5384751180061483,-0.3319774999999999,0.046911600000000026,0.8495369999999998,-0.02852655536175555,-0.03518024945234494,0.9989737335108878,-1.6795486240468582,-1.9594229490990114,4.049112774704274,4.051216476804547,3.9809507497190344
05/17/2023 16:16:05.267930,3488,True,True,True,True,Eyes,1.092645,-0.278228,-3.429601,-0.3177255,0.004264364,0.9481732,0.0,0.0,0.0,0.0,0.0,0.0,0.0,-0.06498533,0.1355333,3.619162,1.089874,-0.2758254,-3.443403,-0.01287874,-0.1458328,-0.04130592,0.9883627,357.8506,343.2971,355.5293,0.3031944,-0.07743408,-0.9497768,0,0,0,0.7546615,-0.2268634,-2.593837,-0.07781532,0.00875639,0.9112602,0.9540532,-0.07789417,0.2893353,0.08540674,0.9962559,-0.01341023,-0.2872074,0.03750525,0.9571338,moving,-1.669702959730123,-2.0411819622535066,-4.880822750381428,0.5505439061658858,-0.3352125,0.048962000000000006,0.8495659999999998,-0.029119218348131692,-0.035602708421153,0.9989417468624919,-1.7134017317385715,-1.9838542440944402,4.124318442553646,4.126540110909712,4.056566268826816
05/17/2023 16:16:05.278442,3489,True,True,True,True,Eyes,1.09244,-0.27811,-3.429777,-0.3197467,0.00577116,0.9474854,0.0,0.0,0.0,0.0,0.0,0.0,0.0,-0.05816996,0.1293201,3.61966,1.089726,-0.2757055,-3.443622,-0.01381275,-0.1466797,-0.04103157,0.9882361,357.7455,343.202,355.5778,0.3031406,-0.07739741,-0.949797,0,0,0,0.7513049,-0.2245563,-2.593964,-0.0793744,0.009172212,0.9125123,0.953603,-0.07704566,0.2910418,0.08514987,0.9962513,-0.01526353,-0.2887748,0.03933752,0.9565886,moving,-1.6971903445753966,-2.060489899691736,-4.971330100056993,0.575895074045744,-0.3384210999999999,0.051149200000000006,0.8496579999999998,-0.029598092573841717,-0.03593882658591828,0.9989155096009938,-1.7407587121879247,-2.003293006282809,4.201267844392763,4.203631390616196,4.133860501495807
05/17/2023 16:16:05.298062,3490,True,True,True,True,Eyes,1.09222,-0.277989,-3.429964,-0.3220285,0.007384554,0.9467012,0.0,0.0,0.0,0.0,0.0,0.0,0.0,-0.05025983,0.1208341,3.620071,1.089585,-0.2756518,-3.44367,-0.01506916,-0.1476723,-0.04081911,0.9880788,357.6024,343.0912,355.6252,0.3030856,-0.07736094,-0.9498175,0,0,0,0.7479668,-0.222262,-2.59409,-0.08067651,0.009053384,0.9136457,0.9530534,-0.0762144,0.293054,0.08511559,0.9962135,-0.01772334,-0.2905935,0.04183475,0.9559317,moving,-1.722516324634162,-2.111734472075064,-5.046229012782649,0.5677296098722547,-0.3416182,0.053389800000000015,0.84958,-0.03003865790712515,-0.03683174817360575,0.9988699364226977,-1.7657259718979275,-2.05506301959715,4.266811970085096,4.26926150520263,4.200088258412309
05/17/2023 16:16:05.317847,3491,True,True,True,True,Eyes,1.092002,-0.2778673,-3.430148,-0.3242977,0.009013282,0.9459121,0.0,0.0,0.0,0.0,0.0,0.0,0.0,-0.04159439,0.115878,3.620572,1.089517,-0.2755108,-3.443943,-0.01578222,-0.1488039,-0.04085086,0.9878966,357.516,342.9629,355.6363,0.3030292,-0.07732455,-0.9498385,0,0,0,0.7446008,-0.2199484,-2.594218,-0.08179361,0.009724156,0.9150427,0.9523772,-0.07601594,0.2952951,0.08540976,0.9961642,-0.01902488,-0.2927162,0.04333994,0.9552167,moving,-1.7326624453636672,-2.105067802546049,-5.107965296226069,0.6088591558393227,-0.3449162000000001,0.05556240000000001,0.8497249999999998,-0.030215668402720025,-0.03671532608173955,0.9988688285344576,-1.7759223213926187,-2.0482776964704392,4.328471474039343,4.331058631615455,4.2617938286641195
05/17/2023 16:16:05.327941,3492,True,True,True,True,Eyes,1.091751,-0.2777421,-3.430342,-0.326656,0.01077297,0.9450819,0.0,0.0,0.0,0.0,0.0,0.0,0.0,-0.03306556,0.1090198,3.620938,1.089377,-0.275392,-3.444065,-0.01677215,-0.1498983,-0.0408334,0.9877154,357.3994,342.8396,355.6578,0.3029716,-0.07728822,-0.9498598,0,0,0,0.7413099,-0.2176864,-2.594342,-0.0828504,0.009903051,0.9162686,0.9517263,-0.07563532,0.2974834,0.08569179,0.9961026,-0.02089051,-0.2947439,0.04537393,0.9544985,moving,-1.7521831345420156,-2.1216482469313394,-5.166720946626124,0.6192299231228265,-0.3480671000000001,0.057705600000000024,0.849723,-0.030555656877686826,-0.0370039989926821,0.9988478626985962,-1.7953299455268366,-2.0649857664591624,4.3758476102917045,4.378525049971921,4.309442092718194
05/17/2023 16:16:05.347817,3493,True,True,True,True,Eyes,1.091499,-0.2776157,-3.430538,-0.3290447,0.01255502,0.9442309,0.0,0.0,0.0,0.0,0.0,0.0,0.0,-0.02304387,0.09997663,3.621372,1.089103,-0.2752683,-3.444263,-0.01805199,-0.1511678,-0.04095751,0.9874942,357.2467,342.6973,355.6689,0.302912,-0.07725184,-0.9498817,0,0,0,0.7379345,-0.2153665,-2.59447,-0.08349285,0.009564681,0.9176019,0.9509416,-0.07543284,0.3000334,0.08634835,0.9959932,-0.02326957,-0.2970759,0.04803539,0.9536448,moving,-1.7518311741542298,-2.171874563383574,-5.199042300841524,0.5972045257911139,-0.3511684999999999,0.05990180000000003,0.849793,-0.030548518753494014,-0.03787959827807997,0.9988152780551361,-1.7946197230389356,-2.115821287564036,4.4189700455182646,4.421658461941764,4.353228934042338
05/17/2023 16:16:05.367765,3494,True,True,True,True,Eyes,1.091262,-0.2774943,-3.43073,-0.3316185,0.01442559,0.9433033,0.0,0.0,0.0,0.0,0.0,0.0,0.0,-0.009844303,0.09227265,3.621754,1.088847,-0.2751337,-3.444478,-0.0191731,-0.1528766,-0.04099455,0.9872085,357.1116,342.5032,355.6888,0.3028505,-0.07721538,-0.9499043,0,0,0,0.7345852,-0.2130643,-2.594596,-0.08330551,0.009544054,0.9190334,0.9498964,-0.0750781,0.3034143,0.08680259,0.9959036,-0.02532148,-0.3002702,0.05038992,0.9525222,moving,-1.7132071022836446,-2.196213933576747,-5.179404430410078,0.5949885575452838,-0.35426179999999985,0.06206939999999997,0.849882,-0.029874708950165946,-0.038304674331709004,0.9988194514873407,-1.7558118517569816,-2.1405997688913825,4.447649816769997,4.450318557581767,4.382285891671733
05/17/2023 16:16:05.387796,3495,True,True,True,True,Eyes,1.091023,-0.2773741,-3.43092,-0.3342231,0.01628963,0.9423532,0.0,0.0,0.0,0.0,0.0,0.0,0.0,0.004176021,0.08487718,3.622076,1.08863,-0.2751395,-3.444683,-0.02029088,-0.1547002,-0.04092386,0.986905,356.9784,342.2953,355.7217,0.3027877,-0.07717899,-0.9499273,0,0,0,0.7311814,-0.2107248,-2.594725,-0.08299616,0.009749459,0.9205238,0.9487861,-0.07449792,0.3070096,0.08705393,0.995827,-0.02738847,-0.3036881,0.0527122,0.9513123,moving,-1.6635369059233416,-2.217882488239286,-5.151965164157496,0.6068088275332572,-0.3574486,0.06441469999999999,0.849958,-0.02900838843470055,-0.03868339913312677,0.9988303630753901,-1.7059739753095362,-2.162716444825088,4.485981467620033,4.488653778389173,4.4209869382129305
05/17/2023 16:16:05.398022,3496,True,True,True,True,Eyes,1.090787,-0.2772555,-3.431112,-0.3369745,0.01819513,0.9413379,0.0,0.0,0.0,0.0,0.0,0.0,0.0,0.01810014,0.07939665,3.622219,1.088412,-0.275067,-3.444822,-0.02114029,-0.156522,-0.04078256,0.9866057,356.8769,342.0863,355.7583,0.3027238,-0.07714271,-0.9499506,0,0,0,0.7279653,-0.2085143,-2.594846,-0.08252048,0.01027561,0.9218976,0.9476753,-0.07385478,0.3105753,0.08709045,0.9957797,-0.02894754,-0.3071267,0.054481,0.9501079,moving,-1.6246056866846794,-2.2060756473181584,-5.115001899893888,0.6386009740431581,-0.3604466999999999,0.06655269999999999,0.8499759999999998,-0.02832992209837143,-0.03847831883720339,0.9988577240406862,-1.6671166375075357,-2.1509123878808345,4.500085834300553,4.50278256251674,4.4350081825103205
05/17/2023 16:16:05.417842,3497,True,True,True,True,Eyes,1.090548,-0.2771354,-3.431302,-0.3397567,0.02008977,0.9402987,0.0,0.0,0.0,0.0,0.0,0.0,0.0,0.0332129,0.07447521,3.62235,1.088178,-0.2750031,-3.445042,-0.02191621,-0.1585039,-0.0406513,0.9862777,356.783,341.8584,355.7933,0.3026589,-0.07710655,-0.9499742,0,0,0,0.7241702,-0.2059058,-2.59499,-0.08228502,0.01129076,0.9235612,0.946448,-0.07323933,0.3144396,0.08713455,0.9957343,-0.03034417,-0.3108759,0.05611773,0.9487924,moving,-1.5693107449794952,-2.186211782223018,-5.091344979099258,0.7004199287771901,-0.3640078000000001,0.0690973,0.8500519999999998,-0.027366294313056677,-0.03813304566042568,0.9988978005979713,-1.611948697323956,-2.1310150263925585,4.551042549142762,4.553830012337261,4.48589148230192
05/17/2023 16:16:05.427982,3498,True,True,True,True,Eyes,1.090309,-0.2770141,-3.431499,-0.3426879,0.02202648,0.939191,0.0,0.0,0.0,0.0,0.0,0.0,0.0,0.04793394,0.06911787,3.622343,1.087908,-0.2748651,-3.445192,-0.02275914,-0.160422,-0.0403927,0.9859591,356.6842,341.6375,355.8441,0.302593,-0.07707047,-0.9499981,0,0,0,0.7213188,-0.2039459,-2.595098,-0.08117428,0.01160378,0.9248533,0.9452664,-0.07234897,0.3181776,0.08695323,0.9957009,-0.03191941,-0.3145004,0.05783892,0.9474936,moving,-1.5308120061916342,-2.169618764247716,-5.0159907689670025,0.7188304755524754,-0.36658920000000006,0.07091919999999996,0.8500939999999999,-0.026695392637716253,-0.03784444799155258,0.9989269497199149,-1.5735580852569127,-2.1143652470812255,4.52379619298297,4.526545042237264,4.458401146669661
05/17/2023 16:16:05.447672,3499,True,True,True,True,Eyes,1.090067,-0.2768941,-3.431695,-0.345675,0.02396273,0.9380482,0.0,0.0,0.0,0.0,0.0,0.0,0.0,0.0654844,0.06212638,3.622445,1.08761,-0.2747439,-3.445559,-0.02382574,-0.1627066,-0.04025721,0.9855649,356.5565,341.3749,355.8867,0.3025261,-0.07703441,-0.9500223,0,0,0,0.7179027,-0.2015979,-2.595227,-0.07982498,0.01182714,0.9265997,0.9438119,-0.07159898,0.322634,0.08710541,0.9956234,-0.03386341,-0.3187974,0.06006386,0.9459178,moving,-1.452017963295825,-2.179484395602283,-4.92377681379706,0.7312849427754998,-0.36970729999999996,0.07314599999999999,0.8503319999999999,-0.025321460595843392,-0.03801780881254653,0.9989561118606156,-1.4946728141092762,-2.12464513160837,4.52784742733075,4.5305284081742485,4.462632724126534
05/17/2023 16:16:05.467936,3500,True,True,True,True,Eyes,1.089827,-0.2767758,-3.431891,-0.3487764,0.02590638,0.9368479,0.0,0.0,0.0,0.0,0.0,0.0,0.0,0.08344698,0.0560669,3.622241,1.087354,-0.2746739,-3.445715,-0.02476668,-0.1650688,-0.04015465,0.9851531,356.4423,341.1028,355.9241,0.3024584,-0.07699841,-0.9500468,0,0,0,0.7145488,-0.1992927,-2.595354,-0.07837495,0.01227915,0.9281637,0.9422798,-0.07094055,0.327225,0.08729336,0.9955484,-0.03554138,-0.3232471,0.0620545,0.9442778,moving,-1.37178786135791,-2.1756158516730837,-4.82665541029373,0.7579508125702922,-0.37280519999999995,0.07538120000000004,0.8503609999999999,-0.023922681846025418,-0.03795167320959762,0.9989932338359255,-1.4144490432229035,-2.1210299903160914,4.529688278212823,4.5323198424482145,4.464491320953263
05/17/2023 16:16:05.477994,3501,True,True,True,True,Eyes,1.089583,-0.2766567,-3.43209,-0.351924,0.02783895,0.9356145,0.0,0.0,0.0,0.0,0.0,0.0,0.0,0.1008071,0.05145216,3.622017,1.087077,-0.2746137,-3.445964,-0.02552256,-0.1673456,-0.03991544,0.9847593,356.352,340.8394,355.9737,0.30239,-0.07696252,-0.9500716,0,0,0,0.7108661,-0.1967615,-2.595493,-0.07735676,0.01332445,0.9299117,0.9408044,-0.07007202,0.3316277,0.08715638,0.9955107,-0.03690782,-0.3275527,0.0636265,0.9426881,moving,-1.305464562007271,-2.1490752940236213,-4.755327087599161,0.8209193499024329,-0.3762109000000001,0.07785220000000001,0.8504710000000002,-0.022766667439343136,-0.03748992571393424,0.9990376298453537,-1.348297435732245,-2.0944163969165843,4.549513541636081,4.5521884440818905,4.484086703597645
05/17/2023 16:16:05.497673,3502,True,True,True,True,Eyes,1.089368,-0.2765411,-3.432286,-0.3551726,0.02978643,0.9343261,0.0,0.0,0.0,0.0,0.0,0.0,0.0,0.1185778,0.04623817,3.621661,1.086767,-0.2744954,-3.446189,-0.0263367,-0.1696754,-0.03980594,0.9843435,356.2527,340.5702,356.0103,0.3023208,-0.07692669,-0.9500965,0,0,0,0.7079419,-0.1947517,-2.595603,-0.07543701,0.01369607,0.9313885,0.9392515,-0.06942805,0.3361345,0.0873028,0.9954437,-0.03834054,-0.331941,0.06535689,0.9410333,moving,-1.238839830492865,-2.1312126514075413,-4.630514535074816,0.8424738461890591,-0.3788251,0.0797437,0.8505859999999998,-0.02160520197578114,-0.03717942174982249,0.9990750593374103,-1.2817824331430097,-2.0765868750650287,4.508095995639446,4.510683838143547,4.442400498027733
05/17/2023 16:16:05.517909,3503,True,True,True,True,Eyes,1.089149,-0.2764265,-3.432488,-0.3584642,0.03171334,0.9330047,0.0,0.0,0.0,0.0,0.0,0.0,0.0,0.137216,0.04129389,3.621351,1.086485,-0.2744406,-3.446585,-0.02713069,-0.1721185,-0.03964733,0.9839041,356.1562,340.2873,356.053,0.3022516,-0.07689101,-0.9501214,0,0,0,0.704634,-0.192478,-2.595729,-0.07364267,0.01441357,0.9331955,0.9376067,-0.06867893,0.3408475,0.08735771,0.995384,-0.03973992,-0.3365448,0.06703607,0.9392783,moving,-1.1619166271590573,-2.110838785284928,-4.512117733067887,0.8848853938364107,-0.38185099999999994,0.08196259999999997,0.8508559999999998,-0.02026412770795158,-0.036825191943870766,0.9991162891296577,-1.2049841380728472,-2.056254273642147,4.491698078885346,4.494241961377354,4.4257694425671
05/17/2023 16:16:05.527515,3504,True,True,True,True,Eyes,1.088936,-0.2763105,-3.432689,-0.3617646,0.03365448,0.9316618,0.0,0.0,0.0,0.0,0.0,0.0,0.0,0.1552991,0.03678861,3.620873,1.086186,-0.2743647,-3.446899,-0.02787267,-0.1744856,-0.0393743,0.9834774,356.0685,340.0125,356.1078,0.3021823,-0.07685547,-0.9501463,0,0,0,0.7012814,-0.1901737,-2.595855,-0.07202536,0.01528132,0.9349303,0.9360089,-0.0677207,0.3454002,0.08717421,0.9953455,-0.04108378,-0.3410103,0.06856477,0.9375558,moving,-1.0950164624222236,-2.0815273004288906,-4.405263328615764,0.9364090395255918,-0.38490460000000004,0.08419100000000002,0.8510440000000004,-0.019097873497627704,-0.036314888818726264,0.9991578751600882,-1.1382752721202425,-2.026838375234959,4.4769485860758,4.479472521085715,4.410674121080525
05/17/2023 16:16:05.547863,3505,True,True,True,True,Eyes,1.088719,-0.2761977,-3.432895,-0.3651077,0.035584,0.930285,0.0,0.0,0.0,0.0,0.0,0.0,0.0,0.1735947,0.03009275,3.620282,1.085857,-0.2742324,-3.447201,-0.02889737,-0.1768675,-0.03920437,0.9830289,355.9468,339.7368,356.157,0.302113,-0.07682002,-0.9501712,0,0,0,0.6978354,-0.1878051,-2.595986,-0.07040745,0.01558673,0.9366951,0.9343618,-0.06685606,0.3499976,0.08730008,0.9952559,-0.04294593,-0.345466,0.07068186,0.9357657,moving,-1.0277192943729379,-2.0869765300417407,-4.298600533819714,0.9533213443956119,-0.3880216000000001,0.08642729999999998,0.8512150000000003,-0.01792423069963417,-0.03641070823378293,0.9991761692314477,-1.070921415565845,-2.0326053847829884,4.463203273108695,4.465655074888024,4.397007041435718
05/17/2023 16:16:05.567995,3506,True,True,True,True,Eyes,1.088505,-0.2760843,-3.4331,-0.3684154,0.03754859,0.9289027,0.0,0.0,0.0,0.0,0.0,0.0,0.0,0.1919547,0.02467863,3.619602,1.085587,-0.274214,-3.447504,-0.02978376,-0.1792668,-0.03883497,0.9825825,355.8451,339.4578,356.2265,0.3020436,-0.07678474,-0.9501961,0,0,0,0.6944579,-0.1854837,-2.596113,-0.06872937,0.01630137,0.9384726,0.9327105,-0.06563865,0.3546021,0.08699559,0.9952095,-0.04460635,-0.3499755,0.07245363,0.9339527,moving,-0.9574360765217965,-2.070076817674261,-4.1885987874629995,0.9951337765444143,-0.3911291000000001,0.08873030000000001,0.851391,-0.016698732724681947,-0.036116760375145655,0.9992080672116455,-1.0007400906203405,-2.0157641376644015,4.451344369937751,4.453754422000309,4.384968565545525
05/17/2023 16:16:05.577923,3507,True,True,True,True,Eyes,1.088287,-0.275966,-3.433307,-0.3717498,0.03950719,0.927492,0.0,0.0,0.0,0.0,0.0,0.0,0.0,0.2089707,0.01978645,3.618832,1.085282,-0.2741038,-3.447758,-0.03058172,-0.1814829,-0.03842655,0.9821671,355.7551,339.1994,356.2984,0.3019743,-0.07674959,-0.950221,0,0,0,0.6911123,-0.1831841,-2.59624,-0.06733257,0.01707637,0.9401568,0.9311747,-0.06438246,0.3588434,0.08658271,0.9951763,-0.0461252,-0.3541428,0.07402024,0.9322575,moving,-0.9106612943512621,-2.043355436939062,-4.09644048185068,1.0405672307454916,-0.39416970000000007,0.09091970000000002,0.851518,-0.015883266374971394,-0.03565122547103014,0.9992381367308852,-0.9541434689019546,-1.9888943815303826,4.431542118172827,4.4339336995227,4.364821666212678
05/17/2023 16:16:05.598069,3508,True,True,True,True,Eyes,1.088099,-0.2758498,-3.433512,-0.3750738,0.04152156,0.9260646,0.0,0.0,0.0,0.0,0.0,0.0,0.0,0.2258791,0.01337276,3.617986,1.085011,-0.2738916,-3.448008,-0.03157136,-0.1836801,-0.03803749,0.9817424,355.6434,338.9434,356.3724,0.3019048,-0.07671443,-0.9502459,0,0,0,0.6877588,-0.1808792,-2.596367,-0.06597248,0.0173885,0.9418595,0.9296295,-0.06308796,0.363055,0.0862841,0.9951128,-0.04801643,-0.3582514,0.07596335,0.9305297,moving,-0.8649981466544914,-2.035265348097163,-4.006734513192568,1.0576678297229838,-0.39725219999999994,0.09301240000000002,0.8516410000000003,-0.015086971146036382,-0.03551057014452465,0.9992554335474406,-0.9085259145768122,-1.9808772514879132,4.406383415813081,4.408712174693252,4.339545221689428
05/17/2023 16:16:05.618144,3509,True,True,True,True,Eyes,1.087908,-0.2757323,-3.433719,-0.3784122,0.04353637,0.9246128,0.0,0.0,0.0,0.0,0.0,0.0,0.0,0.2422378,0.004851922,3.617281,1.084757,-0.2738165,-3.448442,-0.03286764,-0.1857833,-0.037633,0.9813197,355.4982,338.6987,356.4547,0.3018359,-0.07667928,-0.9502707,0,0,0,0.6843503,-0.1785364,-2.596495,-0.06475708,0.01729644,0.9437825,0.9281367,-0.06164747,0.3670993,0.0860725,0.995007,-0.05052415,-0.3621517,0.07849048,0.9288086,moving,-0.8300605855878739,-2.0614272938960503,-3.9251640483664456,1.0499263176116478,-0.4004067,0.0952801,0.851947,-0.014477410374576144,-0.03596716269439653,0.9992481205096251,-0.8733925338240792,-2.0074865719622434,4.386391063072642,4.38864292704999,4.31984756146612
05/17/2023 16:16:05.627868,3510,True,True,True,True,Eyes,1.087743,-0.2756143,-3.433918,-0.381643,0.04559626,0.9231845,0.0,0.0,0.0,0.0,0.0,0.0,0.0,0.2580842,-0.002457514,3.616357,1.084515,-0.2736911,-3.448705,-0.03398742,-0.1878339,-0.03721165,0.9809071,355.3737,338.4593,356.5354,0.3017676,-0.07664413,-0.9502952,0,0,0,0.6811003,-0.1763026,-2.596618,-0.06355214,0.01738966,0.9454835,0.9266675,-0.06023437,0.3710246,0.08577032,0.9949203,-0.05269779,-0.3659657,0.08065622,0.9271265,moving,-0.795717952199469,-2.0643684859775493,-3.8454403368201953,1.0536850189387723,-0.4034146999999999,0.09738850000000002,0.852087,-0.013878440511774198,-0.03601876312851423,0.9992547508052642,-0.8390198278697214,-2.0105918723936758,4.3593601685134304,4.361543795811031,4.292826241928746
05/17/2023 16:16:05.647831,3511,True,True,True,True,Eyes,1.087576,-0.275496,-3.434125,-0.3848636,0.04766873,0.9217417,0.0,0.0,0.0,0.0,0.0,0.0,0.0,0.2721756,-0.01038,3.615522,1.084303,-0.2735537,-3.449006,-0.0351775,-0.1896457,-0.03680878,0.9805317,355.242,338.2477,356.615,0.3017004,-0.07660895,-0.9503193,0,0,0,0.6776808,-0.1739523,-2.596748,-0.06296453,0.01741316,0.94728,0.9253592,-0.05884182,0.3744969,0.08552686,0.9948153,-0.05502405,-0.3693175,0.08294656,0.9255941,moving,-0.7885118198780767,-2.0754758903544777,-3.8027858252296642,1.0531080797333465,-0.40662220000000004,0.0996014,0.852258,-0.01375266730297936,-0.03621254242339966,0.9992495063080841,-0.8317325783733395,-2.021860674922346,4.342254832662353,4.344408525591118,4.275814570086534
05/17/2023 16:16:05.668017,3512,True,True,True,True,Eyes,1.08743,-0.2753779,-3.434323,-0.387921,0.04976286,0.9203483,0.0,0.0,0.0,0.0,0.0,0.0,0.0,0.285338,-0.0189852,3.61476,1.08412,-0.2734572,-3.449373,-0.03644275,-0.191333,-0.03656303,0.9801669,355.0992,338.0512,356.6783,0.3016343,-0.07657372,-0.9503432,0,0,0,0.6742455,-0.1715911,-2.596878,-0.06262714,0.0172547,0.9491588,0.9241096,-0.05773033,0.3777414,0.08562113,0.9946702,-0.05744852,-0.3724116,0.08543137,0.9241272,moving,-0.7855489261754343,-2.0970732810078125,-3.775002749720525,1.0414617699851139,-0.4098744999999999,0.10186610000000001,0.8524950000000002,-0.013700805580061398,-0.03658922817036158,0.9992364855716712,-0.828614886552104,-2.0437305453882457,4.3323010190005125,4.334424578813148,4.266100451591008
05/17/2023 16:16:05.678408,3513,True,True,True,True,Eyes,1.087279,-0.2752545,-3.434525,-0.3909554,0.05187502,0.9189466,0.0,0.0,0.0,0.0,0.0,0.0,0.0,0.2972097,-0.02714501,3.613906,1.083859,-0.2733449,-3.449626,-0.03765539,-0.19284,-0.03616864,0.9798402,354.9663,337.8747,356.7568,0.3015695,-0.07653847,-0.9503666,0,0,0,0.6709392,-0.1693186,-2.597003,-0.06245831,0.01717144,0.9508395,0.9230092,-0.05635604,0.3806286,0.0854019,0.9945478,-0.059843,-0.3751808,0.08774205,0.9227897,moving,-0.8027983948735005,-2.108517619479649,-3.7582197644772726,1.0346058452636988,-0.41291979999999995,0.10402629999999999,0.8526229999999999,-0.014001532233919034,-0.036788662284712684,0.9992249734484844,-0.8457873145573435,-2.0552488463041096,4.312250642650338,4.314364447578677,4.246111726079543
05/17/2023 16:16:05.697769,3514,True,True,True,True,Eyes,1.087134,-0.2751305,-3.434729,-0.3938408,0.05400334,0.9175909,0.0,0.0,0.0,0.0,0.0,0.0,0.0,0.3084759,-0.03671016,3.613084,1.083636,-0.2731234,-3.44993,-0.03902969,-0.1942627,-0.03588881,0.9795156,354.8131,337.7085,356.8259,0.3015059,-0.07650302,-0.9503896,0,0,0,0.6676462,-0.1670552,-2.597127,-0.06243247,0.01660223,0.9525744,0.9219481,-0.05514327,0.383368,0.08547132,0.9943774,-0.06251664,-0.3777651,0.09040407,0.9214774,moving,-0.8201343798695571,-2.139401705767783,-3.749846992374293,0.9984956661432558,-0.4159898000000001,0.10606820000000003,0.8528030000000002,-0.014303581302108404,-0.03732710854937209,0.9992007259644494,-0.8629076550088468,-2.0864418499761155,4.290901736142068,4.292972852058994,4.225074936138861
05/17/2023 16:16:05.717841,3515,True,True,True,True,Eyes,1.086986,-0.2750077,-3.434933,-0.3966918,0.05614147,0.9162334,0.0,0.0,0.0,0.0,0.0,0.0,0.0,0.319072,-0.04577293,3.612296,1.083456,-0.2730099,-3.450243,-0.04035414,-0.1956009,-0.0355218,0.9792089,354.668,337.5515,356.9037,0.3014435,-0.0764674,-0.9504123,0,0,0,0.6640149,-0.1645593,-2.597264,-0.06292477,0.01646516,0.9544806,0.920957,-0.05377991,0.3859352,0.08535314,0.9942195,-0.06513407,-0.3802014,0.09292646,0.9202237,moving,-0.8456691012179374,-2.161942518625053,-3.771804457040505,0.9882763647495925,-0.4194411,0.10845060000000004,0.8529789999999999,-0.014748670131574382,-0.037719956715869495,0.9991794502046487,-0.8882884006727576,-2.109159921904892,4.297456287431648,4.299551968957354,4.231876226594361
05/17/2023 16:16:05.727576,3516,True,True,True,True,Eyes,1.086843,-0.2748827,-3.435139,-0.399368,0.05824407,0.9149387,0.0,0.0,0.0,0.0,0.0,0.0,0.0,0.3283408,-0.05514053,3.611482,1.083255,-0.2729467,-3.450465,-0.04174884,-0.1967548,-0.03490474,0.9789415,354.5214,337.4144,357.0107,0.301382,-0.07643165,-0.9504346,0,0,0,0.6608925,-0.1624132,-2.597382,-0.06325686,0.01606298,0.956085,0.9201384,-0.05191083,0.3881373,0.08476796,0.9940774,-0.06800397,-0.3823084,0.09547468,0.9190891,moving,-0.8816311892445317,-2.187997421386984,-3.7853082783046075,0.9625236054120084,-0.4223625000000001,0.11053349999999998,0.8530829999999998,-0.015375544524560247,-0.03817396495646855,0.9991528095851656,-0.9240742162854966,-2.1353955951366244,4.282426957463261,4.28452137091589,4.217080000520059
05/17/2023 16:16:05.747567,3517,True,True,True,True,Eyes,1.0867,-0.274751,-3.435349,-0.4019985,0.06038048,0.9136474,0.0,0.0,0.0,0.0,0.0,0.0,0.0,0.3368737,-0.06328814,3.610802,1.083164,-0.2727988,-3.450756,-0.0429716,-0.1978238,-0.03414459,0.9787,354.3978,337.2861,357.1299,0.3013216,-0.07639571,-0.9504567,0,0,0,0.6575785,-0.1601354,-2.597508,-0.06399849,0.01606298,0.957859,0.9193998,-0.049833,0.3901547,0.08383622,0.9939752,-0.07060339,-0.3842857,0.09762183,0.9180384,moving,-0.9256121417764624,-2.1890524388842745,-3.822484860171174,0.9607413007828361,-0.42558550000000006,0.1126634,0.8532480000000002,-0.01614249235232762,-0.038191904446989465,0.9991401134322486,-0.9680592975628403,-2.136298803402411,4.27723516348569,4.279377542239723,4.211817030617981
05/17/2023 16:16:05.767722,3518,True,True,True,True,Eyes,1.086554,-0.2746172,-3.435566,-0.4044747,0.06248865,0.9124118,0.0,0.0,0.0,0.0,0.0,0.0,0.0,0.3443049,-0.07472473,3.610089,1.083039,-0.2725409,-3.451031,-0.04457929,-0.1987341,-0.03384668,0.9784538,354.2211,337.1787,357.2049,0.301262,-0.07635941,-0.9504785,0,0,0,0.6542608,-0.157855,-2.597633,-0.06502488,0.01500214,0.9596038,0.9187183,-0.04851598,0.391922,0.08395369,0.9937342,-0.07378457,-0.3858866,0.1006905,0.9170349,moving,-0.9768746726281656,-2.2458611324960267,-3.8765628756971,0.8956709915747442,-0.4287782000000001,0.11468589999999998,0.8533979999999999,-0.017035760664541905,-0.03918194578862385,0.9990868155875895,-1.0189303013154893,-2.1936032249674358,4.273081365150795,4.275209440669048,4.208286957321134
05/17/2023 16:16:05.778607,3519,True,True,True,True,Eyes,1.086407,-0.2744774,-3.435786,-0.4068907,0.06464037,0.9111869,0.0,0.0,0.0,0.0,0.0,0.0,0.0,0.3509543,-0.08250819,3.609604,1.082943,-0.2723886,-3.451414,-0.0456776,-0.1995591,-0.03366777,0.9782415,354.0993,337.0815,357.2549,0.3012031,-0.07632271,-0.9505001,0,0,0,0.6508199,-0.15549,-2.597763,-0.0663752,0.01498609,0.9615017,0.9180853,-0.04763965,0.3935098,0.08410118,0.9935601,-0.07593001,-0.3873583,0.1028049,0.9161794,moving,-1.036703424120867,-2.245923717268104,-3.9490256759826874,0.8929471362236505,-0.4321231,0.11689859999999999,0.8536510000000002,-0.01807900678061916,-0.03918232072816339,0.999068506744166,-1.0787744573577005,-2.1934426861734058,4.279628494780895,4.281837354873438,4.2147531592982235
05/17/2023 16:16:05.798029,3520,True,True,True,True,Eyes,1.08625,-0.2743421,-3.436013,-0.4091667,0.06678503,0.9100124,0.0,0.0,0.0,0.0,0.0,0.0,0.0,0.3562522,-0.09463362,3.608971,1.082793,-0.2721425,-3.451672,-0.04734408,-0.2001814,-0.03363971,0.978036,353.9108,337.0089,357.2997,0.3011447,-0.0762855,-0.9505215,0,0,0,0.64758,-0.1532631,-2.597886,-0.06788084,0.01362137,0.9631723,0.9175916,-0.04684687,0.3947545,0.08475649,0.9932538,-0.07914034,-0.3883839,0.1060765,0.9153719,moving,-1.1093667380871772,-2.3137329916120923,-4.031330134434965,0.8102340445161244,-0.43521299999999985,0.1188794,0.8537859999999999,-0.019345116229252834,-0.0403637333270718,0.9989978640040874,-1.150973467849295,-2.2618007457818488,4.275304653703421,4.277503960537268,4.211158068696261
05/17/2023 16:16:05.817764,3521,True,True,True,True,Eyes,1.086092,-0.274209,-3.436244,-0.4113864,0.06892259,0.9088514,0.0,0.0,0.0,0.0,0.0,0.0,0.0,0.361241,-0.1048817,3.608461,1.082664,-0.2721573,-3.451993,-0.04879165,-0.2007702,-0.03353854,0.9778476,353.7487,336.9396,357.3477,0.3010865,-0.07624792,-0.950543,0,0,0,0.6441166,-0.1508826,-2.598017,-0.06967986,0.01308049,0.9650286,0.917133,-0.04599934,0.3959181,0.08518299,0.9929891,-0.08195451,-0.3893726,0.1088887,0.9146214,moving,-1.1834231005004223,-2.3553458595023447,-4.1298728160531315,0.7765686717444127,-0.43854740000000003,0.12127469999999999,0.8539759999999998,-0.02063571946092496,-0.041088210989414384,0.9989423841239532,-1.2247527050349856,-2.3036401317825046,4.297775906161609,4.300052855176927,4.23407712881648
05/17/2023 16:16:05.827931,3522,True,True,True,True,Eyes,1.085938,-0.2740774,-3.43648,-0.4135731,0.07103588,0.9076956,0.0,0.0,0.0,0.0,0.0,0.0,0.0,0.3657643,-0.1125336,3.608022,1.082518,-0.2721023,-3.452301,-0.04988359,-0.2013059,-0.03328991,0.9776909,353.6302,336.8753,357.4042,0.3010284,-0.07621008,-0.9505644,0,0,0,0.6408961,-0.1486691,-2.598138,-0.07134575,0.01306071,0.9667466,0.9167354,-0.04501075,0.3969511,0.0851782,0.9928069,-0.08413855,-0.3903086,0.1109444,0.9139751,moving,-1.2630363197134797,-2.3546397471874436,-4.220768102031246,0.7740167254315025,-0.4416219000000001,0.12343320000000002,0.8541629999999998,-0.022023756201712402,-0.04107468640276343,0.9989133755486644,-1.304392052089651,-2.3026275582970874,4.30303695772234,4.305423163847319,4.2392203662080075
05/17/2023 16:16:05.847615,3523,True,True,True,True,Eyes,1.085785,-0.2739443,-3.436717,-0.4156874,0.07314277,0.9065617,0.0,0.0,0.0,0.0,0.0,0.0,0.0,0.3700178,-0.120985,3.607599,1.082474,-0.2720322,-3.452618,-0.05108217,-0.2018136,-0.03303509,0.9775329,353.5,336.8142,357.4637,0.3009704,-0.07617203,-0.9505858,0,0,0,0.6375408,-0.1463628,-2.598265,-0.07326776,0.01289761,0.9685777,0.91636,-0.04396763,0.3979338,0.08520393,0.9925986,-0.08653514,-0.3911838,0.1132029,0.9133238,moving,-1.3410446599715498,-2.3656998686663813,-4.32588296812426,0.7629072460692897,-0.4449331999999999,0.12566940000000001,0.8543530000000001,-0.023383572273733583,-0.041266234414069236,0.9988745174815129,-1.3823421888153677,-2.3135296304876536,4.321555868877528,4.3240539085666585,4.257804149428886
05/17/2023 16:16:05.868073,3524,True,True,True,True,Eyes,1.085633,-0.2738087,-3.436959,-0.4177562,0.07523526,0.9054388,0.0,0.0,0.0,0.0,0.0,0.0,0.0,0.3725072,-0.1287764,3.607316,1.082384,-0.2718873,-3.452912,-0.05217039,-0.2020821,-0.03280152,0.9774278,353.3824,336.7811,357.5168,0.3009126,-0.07613375,-0.9506072,0,0,0,0.6341701,-0.1440461,-2.598393,-0.07564902,0.01285889,0.9703369,0.9161738,-0.04303685,0.3984638,0.08520765,0.9924046,-0.08872837,-0.3916187,0.1152428,0.9128821,moving,-1.4446935621222776,-2.3660381786974893,-4.457853768921409,0.7592383655935802,-0.44821390000000005,0.1278412,0.8545189999999998,-0.025190507521022948,-0.04127032038304312,0.9988304192992232,-1.4860161388690347,-2.3134841776960515,4.338595378716299,4.341254186307652,4.274744755822927
05/17/2023 16:16:05.877945,3525,True,True,True,True,Eyes,1.085482,-0.2736717,-3.437205,-0.4197706,0.07734179,0.904329,0.0,0.0,0.0,0.0,0.0,0.0,0.0,0.375494,-0.1378247,3.606947,1.082314,-0.2717187,-3.453234,-0.05344679,-0.2024112,-0.03240493,0.9773041,353.2472,336.7396,357.5932,0.300855,-0.07609518,-0.9506285,0,0,0,0.6308181,-0.1417422,-2.598519,-0.07785627,0.01251747,0.9721426,0.9159592,-0.04170248,0.3990984,0.08497538,0.9921867,-0.09134929,-0.3921707,0.1175858,0.9123463,moving,-1.5371459014557616,-2.381749024955278,-4.578890983987043,0.7377092301136251,-0.45149589999999995,0.12997649999999997,0.8547150000000001,-0.026801882541962446,-0.04154246357428357,0.9987772184817546,-1.5783809366389525,-2.329039212359719,4.354196139739756,4.356975206748457,4.290455285124124
05/17/2023 16:16:05.902604,3526,True,True,True,True,Eyes,1.085305,-0.2735329,-3.437468,-0.4217626,0.07943467,0.90322,0.0,0.0,0.0,0.0,0.0,0.0,0.0,0.3793486,-0.1476526,3.606442,1.082215,-0.2715803,-3.453576,-0.05483843,-0.2028509,-0.03200151,0.9771491,353.099,336.6848,357.6739,0.3007974,-0.0760563,-0.9506499,0,0,0,0.6274039,-0.1393954,-2.598649,-0.07985511,0.01203287,0.9740151,0.9156548,-0.04029245,0.3999409,0.08478853,0.9919373,-0.09418757,-0.3929212,0.1201537,0.9116886,moving,-1.6148022177569819,-2.4102948629462064,-4.686940315713095,0.7077894339181767,-0.4548110999999999,0.1321849,0.854927,-0.02815497219718391,-0.042038501215083485,0.9987191736984596,-1.6558542637619411,-2.357639947450796,4.3743982250652556,4.377268803176891,4.310955804284358
05/17/2023 16:16:05.918328,3527,True,True,True,True,Eyes,1.085134,-0.273387,-3.437733,-0.4236979,0.08155318,0.9021248,0.0,0.0,0.0,0.0,0.0,0.0,0.0,0.3833058,-0.1566389,3.605954,1.082272,-0.2714522,-3.453891,-0.05611231,-0.2033308,-0.03161288,0.9769897,352.9637,336.6252,357.7507,0.3007391,-0.07601708,-0.9506714,0,0,0,0.6241002,-0.1371247,-2.598773,-0.08182794,0.0116926,0.9758888,0.9153144,-0.0389522,0.4008519,0.08458964,0.991704,-0.09678656,-0.3937564,0.122498,0.911016,moving,-1.6848182106805223,-2.424082654116619,-4.7930195108941875,0.686455850784885,-0.4581717999999999,0.1343275,0.855118,-0.029375099867106347,-0.04227735034164615,0.9986739786153684,-1.7257904844013214,-2.3713326098470233,4.394353067660194,4.397313397192063,4.331046544535631
05/17/2023 16:16:05.927938,3528,True,True,True,True,Eyes,1.084952,-0.2732397,-3.438005,-0.4258522,0.08378991,0.9009045,0.0,0.0,0.0,0.0,0.0,0.0,0.0,0.3867235,-0.1673867,3.605374,1.082218,-0.2711634,-3.454211,-0.05758096,-0.2037187,-0.03147443,0.9768278,352.8009,336.5777,357.8032,0.3006804,-0.07597736,-0.9506932,0,0,0,0.6208001,-0.1348565,-2.598898,-0.08387741,0.01068661,0.9776992,0.9150161,-0.03802956,0.4016207,0.08495083,0.9913876,-0.09966949,-0.3943715,0.1253172,0.9103663,moving,-1.7795903587831354,-2.459981578695693,-4.903433546282468,0.6262388960991706,-0.46141789999999994,0.1363069,0.8553129999999998,-0.031026122654842864,-0.04290091969171053,0.9985973433699442,-1.8203317423511867,-2.407311377744447,4.388262427433932,4.391258712388627,4.3252680838696005
05/17/2023 16:16:05.947934,3529,True,True,True,True,Eyes,1.084773,-0.2730905,-3.438286,-0.4279579,0.08603542,0.8996943,0.0,0.0,0.0,0.0,0.0,0.0,0.0,0.3901919,-0.1777779,3.604762,1.082018,-0.2710248,-3.454554,-0.05902167,-0.2040964,-0.03133502,0.9766675,352.6414,336.5312,357.8553,0.3006209,-0.07593712,-0.9507152,0,0,0,0.6174488,-0.132553,-2.599025,-0.08585528,0.009917051,0.9795201,0.9147255,-0.03711556,0.4023675,0.0853,0.9910691,-0.1024984,-0.3949697,0.1280798,0.9097222,moving,-1.8727853831406902,-2.491898192789158,-5.009193476693191,0.5800654365174713,-0.4645691999999999,0.1384718,0.8555289999999998,-0.03264957901328647,-0.04345493602719998,0.9985216896215141,-1.9133238569693485,-2.439265539017089,4.387158185046261,4.390218248456948,4.324438488653936
05/17/2023 16:16:05.968030,3530,True,True,True,True,Eyes,1.084605,-0.2729382,-3.438567,-0.4302262,0.08838626,0.8983837,0.0,0.0,0.0,0.0,0.0,0.0,0.0,0.3949502,-0.1880326,3.604144,1.081925,-0.2708585,-3.455035,-0.06048454,-0.2046535,-0.03075321,0.9764799,352.4893,336.4602,357.9594,0.3005608,-0.07589636,-0.9507375,0,0,0,0.6137192,-0.1299896,-2.599166,-0.08781517,0.009534955,0.9817181,0.9143423,-0.03530303,0.4034001,0.08481651,0.9907917,-0.1055364,-0.3959598,0.1307114,0.9089171,moving,-1.9552458823920609,-2.507804714319608,-5.111531685576395,0.5564688089985359,-0.4682058,0.1408689,0.8558690000000002,-0.03408621638142367,-0.04373004850055583,0.998461716471821,-1.9956927720695739,-2.4550560069782135,4.395926009540877,4.399080846846483,4.333328264990683
05/17/2023 16:16:05.977978,3531,True,True,True,True,Eyes,1.084442,-0.2727852,-3.438851,-0.4324516,0.09074106,0.8970796,0.0,0.0,0.0,0.0,0.0,0.0,0.0,0.4009291,-0.2008876,3.603083,1.081852,-0.2706656,-3.455379,-0.06229725,-0.2053771,-0.03028396,0.9762286,352.295,336.3696,358.0605,0.3005003,-0.07585504,-0.9507599,0,0,0,0.6107342,-0.1279379,-2.599279,-0.08877945,0.007966027,0.9835065,0.9138063,-0.03353927,0.4047631,0.08471698,0.9904038,-0.1091935,-0.3972167,0.134072,0.9078786,moving,-2.0144046630036576,-2.5647566961818384,-5.158012567543861,0.46406378201064413,-0.47111780000000003,0.1427277,0.8561000000000001,-0.03511558598816203,-0.044720905836442615,0.9983822270305693,-2.054461095787799,-2.5124759029977275,4.36227514709742,4.365320623574606,4.300211649938751
05/17/2023 16:16:05.997861,3532,True,True,True,True,Eyes,1.084306,-0.2726246,-3.439125,-0.4348156,0.0931078,0.8956932,0.0,0.0,0.0,0.0,0.0,0.0,0.0,0.4067302,-0.2108484,3.602193,1.081803,-0.270528,-3.455749,-0.06370859,-0.2060926,-0.02988042,0.9759991,352.1445,336.2805,358.145,0.3004396,-0.07581318,-0.9507825,0,0,0,0.6073412,-0.1256058,-2.599407,-0.09019631,0.007407121,0.9855189,0.9132659,-0.03206679,0.4060997,0.08458626,0.9900967,-0.1120428,-0.3984851,0.1366753,0.9069341,moving,-2.085112834826183,-2.5779982242360857,-5.2292360145120504,0.4306246999123082,-0.47446180000000004,0.1449222,0.8563420000000002,-0.036347276453432525,-0.04494965465366629,0.9983277923564852,-2.1250935741664945,-2.5256131007169063,4.348626594261779,4.351703398526743,4.286611974954523
05/17/2023 16:16:06.017996,3533,True,True,True,True,Eyes,1.084167,-0.2724621,-3.439405,-0.4371487,0.09552485,0.894302,0.0,0.0,0.0,0.0,0.0,0.0,0.0,0.4127191,-0.222867,3.601034,1.08166,-0.2702019,-3.456075,-0.06539194,-0.2068171,-0.02935125,0.9757506,351.9664,336.1886,358.2505,0.3003795,-0.07577063,-0.9508048,0,0,0,0.603948,-0.1232735,-2.599535,-0.09147337,0.006228283,0.9874471,0.9127305,-0.03023066,0.4074425,0.08432734,0.9897248,-0.1154717,-0.3997651,0.1397531,0.9059012,moving,-2.1519131997188308,-2.6146831050180963,-5.292559797764893,0.361386040078309,-0.477712,0.14692840000000001,0.8565399999999999,-0.03751010529467444,-0.04558688805682201,0.9982559179495456,-2.1916500334153226,-2.56249200849455,4.323713895657679,4.326736484951811,4.262007063528255
05/17/2023 16:16:06.027872,3534,True,True,True,True,Eyes,1.084055,-0.2722994,-3.439674,-0.4396494,0.09796645,0.8928107,0.0,0.0,0.0,0.0,0.0,0.0,0.0,0.4204626,-0.2374737,3.599533,1.08147,-0.270037,-3.45649,-0.06745438,-0.2077603,-0.02886289,0.9754243,351.7446,336.0701,358.3626,0.3003198,-0.0757274,-0.9508271,0,0,0,0.6006305,-0.1209933,-2.599661,-0.0921261,0.00441017,0.98948,0.9120052,-0.02827844,0.4092027,0.08433581,0.9892337,-0.1196002,-0.401415,0.1435864,0.9045711,moving,-2.202687775053127,-2.6928275458033277,-5.319221462958048,0.2553689359401582,-0.4808395,0.14904370000000003,0.8568289999999998,-0.038392305975888774,-0.04694676823543247,0.9981593049581592,-2.241880805040229,-2.6413922290876175,4.287181222320006,4.290063487037332,4.2262573007434305
05/17/2023 16:16:06.047590,3535,True,True,True,True,Eyes,1.083937,-0.2721377,-3.43995,-0.442149,0.1004237,0.891302,0.0,0.0,0.0,0.0,0.0,0.0,0.0,0.4298676,-0.2503231,3.597799,1.08122,-0.269921,-3.456836,-0.06929017,-0.2089346,-0.02832937,0.9750604,351.5491,335.9238,358.4769,0.3002612,-0.07568356,-0.9508491,0,0,0,0.5973033,-0.1187064,-2.599787,-0.09229895,0.003111705,0.9914868,0.9110876,-0.02629147,0.4113735,0.08419992,0.9887927,-0.1232862,-0.4035217,0.1469622,0.9030905,moving,-2.227254352127831,-2.7427656184801266,-5.318419715392619,0.17981780315542148,-0.4839167000000001,0.15121460000000003,0.857049,-0.03881867753868182,-0.04781594024107015,0.9981015274308023,-2.266097777351463,-2.691842771877868,4.251275332334624,4.254033046353411,4.190835677003793
05/17/2023 16:16:06.067902,3536,True,True,True,True,Eyes,1.08384,-0.2719761,-3.440216,-0.4447427,0.1028354,0.8897352,0.0,0.0,0.0,0.0,0.0,0.0,0.0,0.4409484,-0.2622868,3.595951,1.080989,-0.2698234,-3.457276,-0.07102674,-0.2103393,-0.02758579,0.9746547,351.3697,335.7481,358.6152,0.3002034,-0.07563919,-0.9508709,0,0,0,0.5939204,-0.1163812,-2.599915,-0.09200305,0.002161123,0.9936695,0.9099929,-0.02389381,0.413935,0.08365265,0.9883885,-0.1268483,-0.4060977,0.1500578,0.9014252,moving,-2.230684505879434,-2.7776779096317106,-5.289887672056421,0.12461188722708838,-0.48706859999999996,0.15344219999999997,0.8573609999999996,-0.038877291129143204,-0.04842399856859548,0.9980699311233551,-2.2692798768607116,-2.7271647697044266,4.214229086929595,4.216872072626581,4.154118625342393
05/17/2023 16:16:06.078292,3537,True,True,True,True,Eyes,1.083735,-0.2718177,-3.440485,-0.4473453,0.1052358,0.8881484,0.0,0.0,0.0,0.0,0.0,0.0,0.0,0.4533092,-0.2737543,3.593807,1.080755,-0.2696598,-3.457619,-0.07267816,-0.2119266,-0.02695522,0.9742066,351.1973,335.5514,358.7409,0.300147,-0.07559434,-0.9508923,0,0,0,0.5906032,-0.1141013,-2.60004,-0.09131673,0.001205988,0.9957651,0.9087211,-0.02171503,0.4168386,0.08332477,0.9879826,-0.130182,-0.4090025,0.1530321,0.89961,moving,-2.213827684584583,-2.806392911847203,-5.239659317088036,0.06939185633140546,-0.4901517999999999,0.1555585,0.8575790000000003,-0.0385827086891376,-0.0489247569187387,0.9980569694195524,-2.2522138200370714,-2.756290387476643,4.171926066307036,4.17442152892429,4.112093231046954
05/17/2023 16:16:06.108184,3538,True,True,True,True,Eyes,1.083638,-0.2716607,-3.44075,-0.4500073,0.1075192,0.8865286,0.0,0.0,0.0,0.0,0.0,0.0,0.0,0.4655759,-0.2831619,3.591749,1.080494,-0.2696147,-3.457953,-0.07407444,-0.213509,-0.02614789,0.9737779,351.0583,335.3537,358.8809,0.3000916,-0.07554916,-0.9509134,0,0,0,0.5873131,-0.1118399,-2.600164,-0.09057745,0.000942409,0.997856,0.9074605,-0.01929335,0.4196945,0.08255558,0.9876586,-0.1330985,-0.4119469,0.1554297,0.8978538,moving,-2.2014561123384295,-2.8080451879290598,-5.186642175318687,0.05411205847449836,-0.49318090000000003,0.1577748,0.8577889999999999,-0.03836714649727979,-0.04895394355620279,0.9980638158554004,-2.2398271875592366,-2.758008955810262,4.1331803239363945,4.13561119228488,4.073296351981486
05/17/2023 16:16:06.118237,3539,True,True,True,True,Eyes,1.083534,-0.2715073,-3.441021,-0.4526801,0.1097778,0.8848896,0.0,0.0,0.0,0.0,0.0,0.0,0.0,0.479416,-0.2903148,3.589617,1.080283,-0.2695114,-3.458299,-0.07516056,-0.2153205,-0.02523755,0.9733196,350.9568,335.1284,359.0275,0.3000373,-0.07550371,-0.9509342,0,0,0,0.5839247,-0.1095109,-2.600292,-0.0894931,0.001327671,1.000068,0.9060004,-0.01676119,0.4229449,0.08149561,0.9874279,-0.1354422,-0.4153575,0.1571788,0.895976,moving,-2.163588527354097,-2.7730268427595024,-5.113607504255868,0.07606472779012444,-0.49635830000000014,0.16000050000000002,0.8580069999999997,-0.03770862581162826,-0.048345148400036245,0.9981186546010388,-2.202199289350543,-2.722708486323695,4.098824301123284,4.101211374881513,4.03849344407778
05/17/2023 16:16:06.127842,3540,True,True,True,True,Eyes,1.083438,-0.2713538,-3.441287,-0.4553739,0.1119118,0.8832386,0.0,0.0,0.0,0.0,0.0,0.0,0.0,0.4921151,-0.2979966,3.587586,1.080035,-0.269477,-3.458707,-0.07631027,-0.2169683,-0.02446171,0.9728839,350.8455,334.9231,359.1595,0.2999837,-0.07545813,-0.9509547,0,0,0,0.5801126,-0.1068908,-2.600436,-0.08907095,0.001821615,1.002521,0.9046527,-0.01448299,0.4259033,0.08071062,0.9871567,-0.1378672,-0.4184366,0.1590969,0.894203,moving,-2.145946637065201,-2.755977621915412,-5.077224721918052,0.10410827956110714,-0.4999224000000001,0.16258620000000001,0.8582709999999998,-0.03740183029065414,-0.04804869595782574,0.9981445237129097,-2.184674304760552,-2.7055189357654945,4.093010212029121,4.0954221485169695,4.032474799041147
05/17/2023 16:16:06.147618,3541,True,True,True,True,Eyes,1.083331,-0.271201,-3.441554,-0.4580834,0.1140158,0.8815668,0.0,0.0,0.0,0.0,0.0,0.0,0.0,0.5055016,-0.3031122,3.585538,1.079717,-0.2693304,-3.45907,-0.07708477,-0.2187124,-0.0237537,0.9724498,350.775,334.7076,359.2756,0.2999311,-0.07541242,-0.9509749,0,0,0,0.5773242,-0.1049742,-2.600542,-0.08747384,0.00227575,1.004403,0.9032013,-0.01247978,0.4290357,0.07991735,0.9869874,-0.1395317,-0.4217115,0.1603126,0.8924457,moving,-2.1193819119836887,-2.700507862066128,-4.977352656040746,0.1298190538031425,-0.5023928000000001,0.1643562,0.8585280000000002,-0.03694074434715469,-0.04708314718127475,0.9982076865692949,-2.158498102070066,-2.6494772330896117,4.01992208445863,4.022281345776313,3.9585892495656947
05/17/2023 16:16:06.167818,3542,True,True,True,True,Eyes,1.083211,-0.2710556,-3.441823,-0.4608217,0.1160054,0.8798785,0.0,0.0,0.0,0.0,0.0,0.0,0.0,0.5188265,-0.3098079,3.583239,1.079401,-0.2692263,-3.459361,-0.07808554,-0.2204494,-0.02300072,0.9719958,350.6806,334.4916,359.4028,0.299879,-0.07536662,-0.950995,0,0,0,0.5739011,-0.1026214,-2.600671,-0.08646899,0.00275214,1.006554,0.901746,-0.01028538,0.4321438,0.07914102,0.9867472,-0.1416566,-0.4249597,0.1619386,0.8906094,moving,-2.094230824598545,-2.6751727595078507,-4.909994439030795,0.15665887143615276,-0.5054999,0.16660489999999997,0.8586899999999997,-0.036503314451952124,-0.046642505334578394,0.9982444848394785,-2.1335210183656907,-2.6239296166850505,3.9911151751188325,3.993469058146757,3.92943723654316
05/17/2023 16:16:06.178266,3543,True,True,True,True,Eyes,1.083078,-0.2709145,-3.442094,-0.4635851,0.1179288,0.8781695,0.0,0.0,0.0,0.0,0.0,0.0,0.0,0.5321614,-0.3155463,3.580985,1.078986,-0.2692755,-3.459696,-0.07896957,-0.2221768,-0.02227893,0.9715477,350.5989,334.2769,359.5238,0.2998271,-0.07532095,-0.951015,0,0,0,0.5706438,-0.1003826,-2.600795,-0.0852176,0.003482997,1.00865,0.9002823,-0.008199662,0.4352295,0.0783805,0.9865349,-0.1435457,-0.428192,0.1633451,0.8888025,moving,-2.07212729690693,-2.6412775465921223,-4.829267774253067,0.19784884248044798,-0.5083422,0.1688929,0.8589009999999999,-0.03611919840517347,-0.0460525947119458,0.9982858205787383,-2.1116533447634933,-2.5897068831012837,3.9552090823653567,3.9575828816272103,3.8930572960840735
05/17/2023 16:16:06.197909,3544,True,True,True,True,Eyes,1.082947,-0.2707795,-3.442362,-0.4663705,0.1197207,0.8764505,0.0,0.0,0.0,0.0,0.0,0.0,0.0,0.5464537,-0.3184948,3.578764,1.078611,-0.269257,-3.460015,-0.07947252,-0.2240506,-0.02137376,0.9710967,350.565,334.0445,359.6573,0.299775,-0.07527552,-0.951035,0,0,0,0.5672257,-0.0980332,-2.600924,-0.08383527,0.005090997,1.010849,0.898689,-0.005900254,0.4385468,0.07712372,0.9864546,-0.1447734,-0.4317523,0.1639286,0.8869709,moving,-2.034396713466186,-2.5667953752022847,-4.741004132204832,0.28855959238222884,-0.5113852999999999,0.17122380000000004,0.8590909999999998,-0.03546388790554472,-0.044755875363182575,0.9983682649724445,-2.074443904860821,-2.5144644452218365,3.9318581675713804,3.9343075261195124,3.8687836850151163
05/17/2023 16:16:06.218065,3545,True,True,True,True,Eyes,1.082804,-0.2706488,-3.44263,-0.4691935,0.1214389,0.8747057,0.0,0.0,0.0,0.0,0.0,0.0,0.0,0.5617478,-0.320915,3.5764,1.078215,-0.2692813,-3.460365,-0.07991395,-0.2260589,-0.02036646,0.9706165,350.5411,333.7952,359.8022,0.2997229,-0.07523047,-0.951055,0,0,0,0.5639067,-0.09575199,-2.601049,-0.08201429,0.006858602,1.013053,0.8969652,-0.003405527,0.4420881,0.07566655,0.986398,-0.1459236,-0.4355778,0.1643396,0.8850223,moving,-1.9827917884010353,-2.486343620437139,-4.6284318358066185,0.38789968943514197,-0.5143082999999999,0.17352931,0.8593159999999997,-0.03456680505676463,-0.043355339278509854,0.9984615460958738,-2.0233990171999556,-2.433232092490979,3.9039803062400784,3.90649278314728,3.8399193373053326
05/17/2023 16:16:06.227922,3546,True,True,True,True,Eyes,1.082676,-0.2705237,-3.442884,-0.4720186,0.1230537,0.8729584,0.0,0.0,0.0,0.0,0.0,0.0,0.0,0.5773899,-0.3226454,3.573918,1.077841,-0.2692719,-3.460653,-0.08025189,-0.2281231,-0.01937584,0.9701258,350.529,333.5396,359.9431,0.2996702,-0.0751859,-0.9510751,0,0,0,0.5605952,-0.09347586,-2.601174,-0.08010268,0.008785099,1.015213,0.8951688,-0.000979382,0.4457262,0.07420863,0.9863684,-0.1468687,-0.4395064,0.164549,0.8830389,moving,-1.9246957601435497,-2.40056015041593,-4.511424417983078,0.4957940175070767,-0.5172458000000001,0.17579604000000001,0.8594790000000003,-0.03355652185877592,-0.04186183557761592,0.9985598061823959,-1.9658993276048042,-2.346627784821492,3.8807260709067704,3.8833017672250585,3.8156335893397983
05/17/2023 16:16:06.257959,3547,True,True,True,True,Eyes,1.082538,-0.2704,-3.44314,-0.4748851,0.1246068,0.8711816,0.0,0.0,0.0,0.0,0.0,0.0,0.0,0.5933642,-0.324818,3.571249,1.077445,-0.2692984,-3.460925,-0.08065487,-0.2302306,-0.01835369,0.9696143,350.5109,333.278,0.08983342,0.2996178,-0.07514194,-0.9510951,0,0,0,0.5571867,-0.09113309,-2.601303,-0.07813829,0.01070157,1.017419,0.8933141,0.001546432,0.4494303,0.07273042,0.9863159,-0.147957,-0.443509,0.1648594,0.8809774,moving,-1.863592952817179,-2.324314358873533,-4.391723578853283,0.6026348872920751,-0.5202583,0.17816531,0.8596219999999999,-0.032493372898735884,-0.04053439908094466,0.9986497064514765,-1.9053240482010148,-2.26968784132796,3.864984808776415,3.8676189512322856,3.7990025642759266
05/17/2023 16:16:06.267979,3548,True,True,True,True,Eyes,1.082381,-0.2702816,-3.443394,-0.4776922,0.1260986,0.8694304,0.0,0.0,0.0,0.0,0.0,0.0,0.0,0.6096067,-0.3271073,3.568499,1.077128,-0.2692273,-3.46123,-0.08105005,-0.232382,-0.01740941,0.9690853,350.4923,333.0117,0.22812,0.2995651,-0.07509854,-0.9511151,0,0,0,0.5537235,-0.08875272,-2.601434,-0.07617447,0.01250947,1.019713,0.891391,0.003926745,0.453218,0.07141154,0.9862556,-0.1489976,-0.4475739,0.1651801,0.878859,moving,-1.7935354564254806,-2.2528512270000025,-4.272167021184453,0.7028486279487774,-0.5234045,0.18047458,0.8597960000000002,-0.031273818527439795,-0.03929031089348291,0.9987382715464379,-1.8357576016824946,-2.197621950612071,3.854768341664329,3.8574312782425237,3.787983690109419
05/17/2023 16:16:06.278421,3549,True,True,True,True,Eyes,1.082215,-0.2701658,-3.443649,-0.4805307,0.1275279,0.8676559,0.0,0.0,0.0,0.0,0.0,0.0,0.0,0.6251972,-0.3299611,3.565564,1.07676,-0.269242,-3.461371,-0.08153506,-0.2344487,-0.01644233,0.9685637,350.4648,332.7547,0.3707108,0.2995118,-0.07505584,-0.9511353,0,0,0,0.5504895,-0.08652996,-2.601557,-0.07416996,0.01412822,1.021726,0.8895269,0.006380687,0.4568382,0.07008245,0.9861634,-0.150234,-0.4514757,0.1656535,0.8767717,moving,-1.7349011595446666,-2.1939548148712467,-4.151978529698817,0.7922239332943503,-0.5262705,0.18271203999999996,0.8598140000000001,-0.03025293624921066,-0.03826485315975928,0.9988095116620952,-1.7775277665755966,-2.138232128310415,3.839130578410208,3.841812922216171,3.7716825364142927
05/17/2023 16:16:06.298005,3550,True,True,True,True,Eyes,1.082015,-0.2700553,-3.443914,-0.483241,0.1289325,0.8659414,0.0,0.0,0.0,0.0,0.0,0.0,0.0,0.6403926,-0.3314927,3.562867,1.076433,-0.2692066,-3.461623,-0.08181375,-0.2364617,-0.01563046,0.9680642,350.4566,332.5063,0.4897338,0.2994578,-0.07501382,-0.9511556,0,0,0,0.5470389,-0.08415818,-2.601687,-0.07247874,0.01611798,1.023952,0.8876831,0.008429077,0.4603778,0.06895421,0.9861244,-0.1510099,-0.4552627,0.1657939,0.8747847,moving,-1.675451222441123,-2.118105660290974,-4.048833578286316,0.9018156769589085,-0.5293941,0.18504842000000002,0.8599359999999998,-0.029218013037469792,-0.03694371793470649,0.9988900997059252,-1.7186029668434675,-2.0616874371731018,3.838213745983462,3.8409463274321336,3.769923793656237
05/17/2023 16:16:06.317951,3551,True,True,True,True,Eyes,1.081807,-0.269948,-3.444175,-0.485969,0.1302878,0.8642102,0.0,0.0,0.0,0.0,0.0,0.0,0.0,0.6555029,-0.3342894,3.559986,1.076087,-0.2692136,-3.461863,-0.08225285,-0.2384571,-0.01509685,0.9675458,350.4234,332.2614,0.5818648,0.2994021,-0.07497258,-0.9511763,0,0,0,0.5435688,-0.08177312,-2.601818,-0.0708465,0.01767407,1.026185,0.8858206,0.01001376,0.4639198,0.06844134,0.9860131,-0.1519669,-0.4589528,0.1663667,0.8727453,moving,-1.620019948221449,-2.07115722471072,-3.9493606249886506,0.9867124413845104,-0.5325182,0.18744048,0.860045,-0.028252461237629867,-0.03612621503683087,0.9989478187548179,-1.6634918007889614,-2.014378211613533,3.8412558349745884,3.844007659106267,3.7724980303454494
05/17/2023 16:16:06.327814,3552,True,True,True,True,Eyes,1.081553,-0.269849,-3.444453,-0.4884955,0.131672,0.8625744,0.0,0.0,0.0,0.0,0.0,0.0,0.0,0.6690797,-0.3359826,3.557323,1.075774,-0.2691945,-3.461985,-0.0825293,-0.2402575,-0.01465076,0.9670836,350.406,332.0411,0.6577758,0.2993448,-0.07493213,-0.9511976,0,0,0,0.5404741,-0.07964601,-2.601935,-0.06938267,0.01925698,1.028093,0.8841234,0.01131954,0.4671164,0.06799359,0.9859486,-0.1525855,-0.4622799,0.1666654,0.8709305,moving,-1.5754921999344094,-2.0070431701370812,-3.8608525005075593,1.0730689482654423,-0.5352999,0.18954849000000001,0.8600499999999998,-0.027477206602979837,-0.03500912406605625,0.9990091736260656,-1.6194094591486519,-1.9496548107579192,3.8325840063317584,3.8353568758807675,3.76310056084349
05/17/2023 16:16:06.348155,3553,True,True,True,True,Eyes,1.081296,-0.2697535,-3.444728,-0.4910325,0.133001,0.8609284,0.0,0.0,0.0,0.0,0.0,0.0,0.0,0.6822061,-0.3387531,3.554692,1.075399,-0.2692832,-3.462225,-0.08296657,-0.2419806,-0.01417315,0.9666236,350.3718,331.8289,0.7411184,0.2992847,-0.07489262,-0.9512197,0,0,0,0.5371193,-0.07734014,-2.602062,-0.06816378,0.02079557,1.030237,0.882489,0.01275239,0.47016,0.06755279,0.9858314,-0.1535356,-0.4654564,0.1672541,0.8691239,moving,-1.5400858123758185,-1.962741072051374,-3.785355185240566,1.1563714081006327,-0.5382797,0.19194306,0.860163,-0.026860573376614072,-0.03423723508373829,0.9990526579292559,-1.5843096137922938,-1.904949017494836,3.8403725588159774,3.8431884185613976,3.770448826832168
05/17/2023 16:16:06.367712,3554,True,True,True,True,Eyes,1.081003,-0.2696548,-3.445013,-0.4934566,0.1343611,0.8593298,0.0,0.0,0.0,0.0,0.0,0.0,0.0,0.6940246,-0.3404848,3.552323,1.075096,-0.2692809,-3.462406,-0.08326049,-0.2435443,-0.01342453,0.9662163,350.3613,331.6339,0.8492965,0.299222,-0.07485405,-0.9512424,0,0,0,0.5337669,-0.075036,-2.602189,-0.06730965,0.02270497,1.032325,0.8810119,0.01461323,0.4728683,0.06649723,0.9857749,-0.1543563,-0.4683974,0.1674342,0.8675078,moving,-1.5152098688006708,-1.8921467156389278,-3.730518619435005,1.2599610119618214,-0.5413291,0.1942449,0.860217,-0.026427911478355715,-0.03300665566672091,0.9991056764033527,-1.5599304950295951,-1.8335933462435512,3.8498062808271403,3.852710213218406,3.7790913422384027
05/17/2023 16:16:06.377596,3555,True,True,True,True,Eyes,1.080709,-0.269556,-3.445289,-0.4958758,0.1357116,0.8577235,0.0,0.0,0.0,0.0,0.0,0.0,0.0,0.7057083,-0.3457413,3.549513,1.074722,-0.2691019,-3.462536,-0.08400497,-0.2450784,-0.01287464,0.9657713,350.2953,331.4414,0.9479699,0.2991561,-0.07481626,-0.9512662,0,0,0,0.5304047,-0.07272504,-2.602316,-0.06647626,0.02344143,1.034339,0.8795416,0.01630769,0.4755424,0.06604352,0.9855548,-0.1559485,-0.4712162,0.1685697,0.8657595,moving,-1.4933221527768643,-1.8779195226375627,-3.6773030329890375,1.2982833756803533,-0.5443173,0.19637686,0.86022,-0.026046451228851353,-0.03275889383457473,0.9991238597419081,-1.5381384356675911,-1.8192758664571187,3.8517117282043807,3.8546124755175413,3.78089947005606
05/17/2023 16:16:06.398172,3556,True,True,True,True,Eyes,1.080409,-0.2694625,-3.445555,-0.4981967,0.1371054,0.8561555,0.0,0.0,0.0,0.0,0.0,0.0,0.0,0.7157906,-0.3512121,3.546938,1.07444,-0.2690229,-3.462611,-0.08478361,-0.2464086,-0.01243972,0.9653703,350.2223,331.2739,1.032916,0.2990872,-0.07477917,-0.9512907,0,0,0,0.52703,-0.07040551,-2.602443,-0.06619763,0.02414843,1.036354,0.8782561,0.01776495,0.4778605,0.06580068,0.985314,-0.1575646,-0.4736417,0.1698256,0.8641891,moving,-1.4898344693391634,-1.8682115914919974,-3.6548312975585273,1.3348265093997462,-0.5474100000000001,0.19861739,0.8601679999999998,-0.025985777226923523,-0.03258965846680042,0.9991309905729228,-1.534719056435151,-1.8094634915298715,3.8631498955639985,3.8660916106533345,3.7922863189515583
05/17/2023 16:16:06.418226,3557,True,True,True,True,Eyes,1.08011,-0.2693685,-3.445814,-0.500499,0.1384642,0.8545925,0.0,0.0,0.0,0.0,0.0,0.0,0.0,0.7248147,-0.3563082,3.544465,1.074123,-0.2690707,-3.462571,-0.08553437,-0.2476009,-0.01188578,0.965006,350.1559,331.1217,1.129214,0.2990157,-0.07474288,-0.9513161,0,0,0,0.5236499,-0.06808224,-2.602571,-0.06620091,0.02513771,1.038269,0.8771051,0.01941708,0.479906,0.06529648,0.9850852,-0.1591965,-0.4758394,0.1709682,0.8627554,moving,-1.5008252023999167,-1.8533244325601115,-3.6482887595846285,1.386927054657278,-0.5504730999999999,0.20098845999999998,0.8599999999999999,-0.026177653422331165,-0.03232988876399953,0.9991343420645182,-1.5458188631567855,-1.7943550260975583,3.884226146162673,3.8872650321081688,3.8132578384784215
05/17/2023 16:16:06.428563,3558,True,True,True,True,Eyes,1.079818,-0.2692712,-3.44606,-0.5026919,0.1401037,0.8530368,0.0,0.0,0.0,0.0,0.0,0.0,0.0,0.7326679,-0.3602446,3.542453,1.073887,-0.2689803,-3.462654,-0.0861114,-0.2486418,-0.01111084,0.9646962,350.1152,330.9866,1.243808,0.2989419,-0.07470732,-0.951342,0,0,0,0.5203889,-0.06584088,-2.602695,-0.0663878,0.02638498,1.040217,0.8761077,0.0213846,0.481641,0.06425896,0.9849228,-0.1606174,-0.477814,0.1716679,0.8615242,moving,-1.5226207885714234,-1.7956432074760538,-3.651727432075356,1.4529890528460288,-0.5534981,0.20313942000000001,0.8599589999999999,-0.02655857898341621,-0.03132370268445681,0.9991563655234638,-1.5680315543316317,-1.7358941271175805,3.8810037957275134,3.8841609984934906,3.809299731759239
05/17/2023 16:16:06.447991,3559,True,True,True,True,Eyes,1.07953,-0.2691666,-3.446299,-0.5048548,0.1416958,0.8514951,0.0,0.0,0.0,0.0,0.0,0.0,0.0,0.7404137,-0.3674296,3.540026,1.073642,-0.2688467,-3.46266,-0.08710922,-0.2496635,-0.01078014,0.9643464,350.015,330.8549,1.320991,0.2988661,-0.07467234,-0.9513686,0,0,0,0.5170148,-0.06352177,-2.602822,-0.06679729,0.02654663,1.042184,0.8751038,0.0227044,0.4834023,0.06428757,0.9845915,-0.1626241,-0.4796461,0.1733897,0.8601602,moving,-1.5461382851182683,-1.8010141854581263,-3.6672746671473395,1.4591291260101642,-0.5566272,0.20532493,0.8598379999999999,-0.026968609164764623,-0.031417019680371354,0.999142451875012,-1.5915169805549785,-1.7412421066903487,3.886228189989756,3.8894413432366877,3.8145964400633874
05/17/2023 16:16:06.467907,3560,True,True,True,True,Eyes,1.079249,-0.2690644,-3.446527,-0.506924,0.1434813,0.8499654,0.0,0.0,0.0,0.0,0.0,0.0,0.0,0.7481931,-0.3690751,3.538305,1.073528,-0.2687415,-3.462791,-0.0873283,-0.2506988,-0.01075366,0.9640583,349.9929,330.7293,1.341303,0.2987889,-0.0746377,-0.9513955,0,0,0,0.5136656,-0.06121973,-2.602949,-0.06733212,0.02804247,1.04428,0.8740689,0.02305189,0.4852548,0.06452052,0.9845162,-0.1629872,-0.4814984,0.173771,0.8590477,moving,-1.5667570453759119,-1.7186756177705629,-3.6891576312970837,1.5382168973779056,-0.5598624,0.20752177000000002,0.859842,-0.02732937053853582,-0.029980847614964105,0.9991767915164489,-1.6127283679911852,-1.6578298417454471,3.884043087189882,3.887406989543113,3.811334837583034
05/17/2023 16:16:06.478255,3561,True,True,True,True,Eyes,1.078972,-0.2689654,-3.446748,-0.5089548,0.1452529,0.8484495,0.0,0.0,0.0,0.0,0.0,0.0,0.0,0.7544962,-0.3755924,3.536133,1.073292,-0.2685709,-3.462728,-0.08819577,-0.2515208,-0.0111338,0.9637609,349.8864,330.6286,1.333223,0.2987106,-0.07460344,-0.9514228,0,0,0,0.5099064,-0.05863595,-2.603091,-0.0687044,0.02820806,1.046392,0.8732266,0.02290551,0.4867757,0.06582678,0.9841951,-0.1643985,-0.4828479,0.1756,0.8579175,moving,-1.6110242939886366,-1.7214997485987011,-3.7565558614489096,1.544174130215112,-0.5633855999999999,0.20993495,0.8596369999999998,-0.028101293675540567,-0.030029453543404402,0.9991538903819299,-1.6569872054768067,-1.6605225035390836,3.9039201139762576,3.9074200682464886,3.8312229190606977
05/17/2023 16:16:06.497817,3562,True,True,True,True,Eyes,1.078677,-0.2688711,-3.446969,-0.5108672,0.1470866,0.8469831,0.0,0.0,0.0,0.0,0.0,0.0,0.0,0.7604408,-0.3799741,3.534411,1.073137,-0.2685578,-3.462797,-0.0887772,-0.2522925,-0.01172702,0.9634987,349.8055,330.5378,1.292346,0.2986316,-0.07456962,-0.9514502,0,0,0,0.5069034,-0.05657191,-2.603204,-0.06959334,0.02845854,1.048239,0.872422,0.02219771,0.4882491,0.06739357,0.9839622,-0.1651561,-0.4840848,0.1769907,0.8569342,moving,-1.6561186635495593,-1.696106148563758,-3.7983338196495557,1.5551356161289889,-0.5662336,0.21198589,0.8595930000000003,-0.028888049128658055,-0.029585962647758653,0.9991447778238923,-1.702274606487863,-1.6346528210048086,3.889940133165849,3.893540649268598,3.8168330457006485
05/17/2023 16:16:06.517771,3563,True,True,True,True,Eyes,1.07839,-0.2687771,-3.447187,-0.5127508,0.1488779,0.8455306,0.0,0.0,0.0,0.0,0.0,0.0,0.0,0.7671412,-0.3803531,3.532804,1.072843,-0.268589,-3.462766,-0.08882689,-0.2531645,-0.01212116,0.9632605,349.7896,330.4366,1.259,0.2985513,-0.07453635,-0.951478,0,0,0,0.5035915,-0.05429554,-2.60333,-0.07046089,0.03015542,1.050107,0.8715217,0.02162395,0.48988,0.06832729,0.9839257,-0.1649896,-0.4855732,0.1772642,0.8560351,moving,-1.6880149979733174,-1.6082717436524987,-3.838722380795622,1.6448834255993892,-0.5692515,0.21429346000000002,0.8594359999999996,-0.029445563980905864,-0.028053781605184104,0.9991726335548351,-1.734805747297712,-1.5456360018533428,3.8959984801710106,3.899815483039761,3.8217639144330313
05/17/2023 16:16:06.527922,3564,True,True,True,True,Eyes,1.078097,-0.2686848,-3.447402,-0.5145278,0.150712,0.844125,0.0,0.0,0.0,0.0,0.0,0.0,0.0,0.7733368,-0.3822368,3.531358,1.072767,-0.268503,-3.462906,-0.08905409,-0.2539774,-0.01271143,0.9630179,349.748,330.3431,1.208428,0.2984702,-0.07450356,-0.951506,0,0,0,0.5004074,-0.05210701,-2.60345,-0.07147846,0.0311242,1.052145,0.8706678,0.02075278,0.4914335,0.0697181,0.9838156,-0.1650645,-0.4869055,0.1779782,0.8551298,moving,-1.7211218034872149,-1.5440966982802335,-3.8864709364071555,1.694410375270536,-0.5723596000000001,0.21639598999999998,0.8594559999999998,-0.030023828205383768,-0.026934161196258605,0.9991862190014371,-1.7683789626527142,-1.4805603611418188,3.891747662053311,3.89572392924287,3.8166415585377935
05/17/2023 16:16:06.547851,3565,True,True,True,True,Eyes,1.077811,-0.2685964,-3.447613,-0.5162546,0.1524899,0.8427503,0.0,0.0,0.0,0.0,0.0,0.0,0.0,0.777006,-0.3822013,3.530498,1.072621,-0.2684686,-3.462895,-0.08903132,-0.2544526,-0.01316359,0.9628884,349.7378,330.2905,1.162201,0.2983882,-0.07447129,-0.9515342,0,0,0,0.4970706,-0.04981353,-2.603576,-0.07336047,0.0328678,1.054057,0.8701612,0.01995837,0.4923627,0.07065862,0.9838003,-0.1647554,-0.4876749,0.1781535,0.8546547,moving,-1.7909196306847306,-1.450785485448468,-3.9812631170792434,1.7860288571512795,-0.5755504,0.21865507,0.8593190000000002,-0.03124234687895186,-0.02530591900832889,0.9991914611313986,-1.8388606934041432,-1.3858586198759895,3.9039486788239013,3.9082696525253096,3.8276309006866582
05/17/2023 16:16:06.567707,3566,True,True,True,True,Eyes,1.077537,-0.2685066,-3.447815,-0.5179429,0.1543062,0.8413827,0.0,0.0,0.0,0.0,0.0,0.0,0.0,0.7799931,-0.3835131,3.529775,1.072524,-0.2684768,-3.463004,-0.08920714,-0.2548354,-0.01336353,0.9627681,349.7128,330.2452,1.149243,0.2983057,-0.07443957,-0.9515626,0,0,0,0.4935709,-0.04740806,-2.603709,-0.07548794,0.0345009,1.0562,0.8697607,0.01973432,0.493079,0.07119823,0.983727,-0.1649606,-0.4883105,0.1785825,0.854202,moving,-1.8671617778719183,-1.3688746118516646,-4.088049972247946,1.8709082904057295,-0.5789531000000001,0.22106874,0.8592950000000004,-0.03257306593515383,-0.023876420830486217,0.9991841726038548,-1.9157071545320608,-1.3026710809664106,3.923217413665812,3.927917721347808,3.845865226978265
05/17/2023 16:16:06.587586,3567,True,True,True,True,Eyes,1.077275,-0.2684191,-3.448013,-0.5195765,0.1560902,0.8400453,0.0,0.0,0.0,0.0,0.0,0.0,0.0,0.7827538,-0.3868355,3.528796,1.072375,-0.2683952,-3.463051,-0.08965189,-0.2551838,-0.01351386,0.9626325,349.6593,330.2019,1.149633,0.2982229,-0.07440834,-0.951591,0,0,0,0.4902759,-0.04514333,-2.603833,-0.07745594,0.03542429,1.05815,0.8693972,0.01973766,0.4937195,0.07177319,0.9835598,-0.1657066,-0.4888733,0.1795007,0.8536875,moving,-1.9426860272415796,-1.3168781127349303,-4.186549671242625,1.9174073357282846,-0.5820991000000001,0.22325187,0.8592180000000003,-0.033890827944607876,-0.02296863322969976,0.9991615733249398,-1.9916222052682582,-1.2497626557123764,3.931428143713231,3.9364357501438465,3.853397505523002
05/17/2023 16:16:06.597774,3568,True,True,True,True,Eyes,1.07703,-0.2683261,-3.4482,-0.5211838,0.1578825,0.8387135,0.0,0.0,0.0,0.0,0.0,0.0,0.0,0.784742,-0.3907507,3.528058,1.072398,-0.2683724,-3.463183,-0.09018542,-0.2554425,-0.01358083,0.962513,349.5984,330.168,1.161117,0.2981404,-0.0743776,-0.9516192,0,0,0,0.4870306,-0.04291275,-2.603956,-0.0796513,0.03622676,1.060236,0.8691294,0.01993092,0.494183,0.07221782,0.9833643,-0.166671,-0.4892838,0.1805475,0.8532314,moving,-2.0264078289849046,-1.2712608470554436,-4.296332699860126,1.9569541633088572,-0.5853674,0.22545965,0.8592269999999997,-0.03535141920627827,-0.022171997047914338,0.9991288465347947,-2.075691489265309,-1.203279996074071,3.941043251983699,3.946382023139584,3.8624250579555244
05/17/2023 16:16:06.617852,3569,True,True,True,True,Eyes,1.076794,-0.268234,-3.448384,-0.5227219,0.1596822,0.8374146,0.0,0.0,0.0,0.0,0.0,0.0,0.0,0.7856705,-0.3942674,3.527467,1.072329,-0.2681946,-3.463226,-0.09064693,-0.2555541,-0.01358751,0.96244,349.547,330.1516,1.175594,0.2980585,-0.07434717,-0.9516473,0,0,0,0.4834206,-0.04043146,-2.604092,-0.08244187,0.03731018,1.062361,0.869015,0.02017607,0.4943743,0.07248472,0.983197,-0.1675398,-0.4894477,0.1814292,0.8529505,moving,-2.1229230401567856,-1.2150516275399377,-4.437402451377814,2.0114044070919137,-0.5889084000000001,0.22776314,0.8591340000000001,-0.03703519801854541,-0.02119051241701861,0.9990891643496298,-2.172633104413116,-1.1460293151677514,3.9649667126234305,3.970747220408059,3.885687571770719
05/17/2023 16:16:06.627626,3570,True,True,True,True,Eyes,1.076587,-0.2681419,-3.448549,-0.5242088,0.1615191,0.8361319,0.0,0.0,0.0,0.0,0.0,0.0,0.0,0.7860955,-0.4015709,3.526628,1.072292,-0.2681403,-3.463322,-0.09163571,-0.2555877,-0.01382576,0.9623341,349.4301,330.1431,1.179296,0.2979775,-0.07431704,-0.951675,0,0,0,0.4803913,-0.03834932,-2.604207,-0.08489993,0.03691879,1.064264,0.8689676,0.02023192,0.4944553,0.07345191,0.9828235,-0.1693009,-0.4893876,0.1834357,0.8525557,moving,-2.2254476207594505,-1.222403150513305,-4.561018882341309,1.9867654803527182,-0.5919007000000001,0.22979098,0.8591149999999996,-0.03882279553296342,-0.021317256578433946,0.9990186209369847,-2.2751324231261023,-1.1530861632707294,3.9630522996671025,3.969087605390133,3.8838055111434584
05/17/2023 16:16:06.647566,3571,True,True,True,True,Eyes,1.07639,-0.2680449,-3.448714,-0.5256445,0.1633485,0.8348743,0.0,0.0,0.0,0.0,0.0,0.0,0.0,0.7863539,-0.4075405,3.525914,1.072191,-0.2681165,-3.463385,-0.09247044,-0.255607,-0.01346979,0.9622541,349.3478,330.1317,1.244781,0.2978981,-0.07428719,-0.9517022,0,0,0,0.4769872,-0.03600963,-2.604336,-0.08753529,0.03752629,1.066319,0.8689672,0.02134947,0.4944089,0.0731949,0.9825356,-0.1710741,-0.4894267,0.184846,0.8522286,moving,-2.3222612221017047,-1.1930584369753336,-4.6929500765465155,2.015542312115193,-0.5952038,0.23210686999999997,0.8590490000000002,-0.04051123771894363,-0.020804200297916103,0.9989624590050588,-2.3721809340376505,-1.123024012069238,3.9829617301919695,3.989396497172616,3.9034046656894166
05/17/2023 16:16:06.663100,3572,True,True,True,True,Eyes,1.076228,-0.2679416,-3.448864,-0.5270249,0.1652421,0.8336306,0.0,0.0,0.0,0.0,0.0,0.0,0.0,0.7876022,-0.4147284,3.524928,1.072251,-0.2679209,-3.463514,-0.09344181,-0.2557726,-0.01327003,0.962119,349.246,330.1031,1.298607,0.2978205,-0.07425747,-0.9517288,0,0,0,0.4736523,-0.03371742,-2.604462,-0.08992562,0.03750351,1.06848,0.8688085,0.02226502,0.4946474,0.07333441,0.9821851,-0.173016,-0.4896875,0.1865925,0.851698,moving,-2.399124744793066,-1.180391096982574,-4.810801088766309,2.0102491889325376,-0.5985987,0.23420348000000002,0.8590520000000001,-0.04185152714349827,-0.020582206499230773,0.9989119062961255,-2.449155152777338,-1.1099157339740002,3.9928538661175024,3.9995460020088043,3.9131573790367264
05/17/2023 16:16:06.678230,3573,True,True,True,True,Eyes,1.076074,-0.2678387,-3.449014,-0.5283458,0.1671379,0.8324155,0.0,0.0,0.0,0.0,0.0,0.0,0.0,0.7886308,-0.4220939,3.523959,1.072362,-0.267732,-3.463632,-0.09442113,-0.2559058,-0.01348391,0.961985,349.131,330.0823,1.306003,0.2977455,-0.07422769,-0.9517546,0,0,0,0.4702899,-0.03140637,-2.604589,-0.09256455,0.03718255,1.070675,0.8686607,0.02238321,0.4949015,0.07426848,0.9818057,-0.1747622,-0.4898089,0.1885646,0.8511937,moving,-2.4792653467490764,-1.1824713412633998,-4.941185160583294,1.9889764426112615,-0.6020721,0.23632563,0.8590430000000002,-0.043248644600133,-0.02061724363327537,0.9988515458462869,-2.52930215251242,-1.111721266792424,4.007929741086307,4.014863660897218,3.928295550200146
05/17/2023 16:16:06.697998,3574,True,True,True,True,Eyes,1.075949,-0.2677303,-3.449148,-0.5296912,0.1690876,0.8311658,0.0,0.0,0.0,0.0,0.0,0.0,0.0,0.7889314,-0.4295968,3.523106,1.072426,-0.2676599,-3.463741,-0.0954388,-0.2559365,-0.01360601,0.9618748,349.0143,330.0725,1.323726,0.297673,-0.07419787,-0.9517795,0,0,0,0.4669495,-0.02911038,-2.604715,-0.09534183,0.03695367,1.072836,0.8686228,0.02267798,0.4949547,0.07502709,0.9814126,-0.1766358,-0.4897606,0.1905649,0.8507759,moving,-2.5727250565432622,-1.1821448962915857,-5.078475520658651,1.9727643118957,-0.6054765000000001,0.23854952000000001,0.8590260000000001,-0.04487790029236535,-0.020610070557364996,0.9987798405944169,-2.6227889511498352,-1.1110411417590793,4.021703923539143,4.028925104828757,3.9421127081372163
05/17/2023 16:16:06.717939,3575,True,True,True,True,Eyes,1.075831,-0.2676262,-3.449284,-0.5309929,0.1710174,0.8299395,0.0,0.0,0.0,0.0,0.0,0.0,0.0,0.7899404,-0.4379742,3.521937,1.072364,-0.2674875,-3.463864,-0.09655473,-0.2560406,-0.01399191,0.9617301,348.8788,330.0559,1.315751,0.2976036,-0.07416786,-0.9518036,0,0,0,0.4634902,-0.02673272,-2.604846,-0.09800586,0.03629868,1.075025,0.8684949,0.02253098,0.4951859,0.07635673,0.9809628,-0.1785542,-0.4897819,0.1928841,0.8502408,moving,-2.6564608727813144,-1.203005836030989,-5.209034638176905,1.9338818396436184,-0.6088738,0.24075478,0.8590179999999998,-0.046337185493465605,-0.020972318403153806,0.9987056682099891,-2.706398190666863,-1.1318412188292037,4.0367966548210035,4.044217738646754,3.9575051559862358
05/17/2023 16:16:06.727745,3576,True,True,True,True,Eyes,1.075741,-0.2675155,-3.449405,-0.5323499,0.1729628,0.8286661,0.0,0.0,0.0,0.0,0.0,0.0,0.0,0.7916032,-0.4437296,3.521002,1.072436,-0.2675039,-3.464002,-0.09734897,-0.2562599,-0.01400505,0.9615914,348.7905,330.0238,1.341159,0.2975372,-0.07413781,-0.9518267,0,0,0,0.4602189,-0.02448425,-2.60497,-0.1002869,0.03662123,1.077222,0.8682695,0.02295899,0.4955613,0.07682753,0.9806541,-0.180042,-0.4901077,0.1943977,0.8497081,moving,-2.728723985062753,-1.17466722905757,-5.318774882099165,1.9470769699477442,-0.6122171,0.24301965000000003,0.859032,-0.047597235356718864,-0.020477140152597162,0.9986567185077303,-2.7788825335397043,-1.1028892197548856,4.048602345406123,4.056309960205513,3.9690486140383907
05/17/2023 16:16:06.747657,3577,True,True,True,True,Eyes,1.075657,-0.2674033,-3.449529,-0.5336617,0.174884,0.8274181,0.0,0.0,0.0,0.0,0.0,0.0,0.0,0.7929294,-0.450739,3.519918,1.072414,-0.2672971,-3.464131,-0.09827749,-0.2564163,-0.01424811,0.9614517,348.6802,330.0007,1.344196,0.2974743,-0.07410755,-0.9518487,0,0,0,0.4568315,-0.022156,-2.605098,-0.1027814,0.0363536,1.079393,0.8680953,0.02300215,0.4958642,0.07779763,0.9802771,-0.1816712,-0.4902631,0.196285,0.8491845,moving,-2.8068793373051166,-1.1703689662490986,-5.439388658280811,1.9289738067780888,-0.6155824999999999,0.2451411,0.8590330000000002,-0.04895950006212893,-0.02040087594170399,0.9985923629414444,-2.8570892433628914,-1.0982464754689265,4.058528316468245,4.066451887055811,3.9789864168570785
05/17/2023 16:16:06.767962,3578,True,True,True,True,Eyes,1.075589,-0.2672884,-3.449649,-0.5352978,0.176847,0.8259428,0.0,0.0,0.0,0.0,0.0,0.0,0.0,0.7947546,-0.4557406,3.519032,1.072454,-0.2671607,-3.464301,-0.09893876,-0.2566476,-0.01446294,0.961319,348.6006,329.9702,1.343147,0.2974147,-0.07407704,-0.9518697,0,0,0,0.4534302,-0.01981816,-2.605226,-0.105173,0.03670779,1.081652,0.8678457,0.02297779,0.4963022,0.07859178,0.9800039,-0.1827996,-0.4905785,0.1976471,0.8486863,moving,-2.8995432545380617,-1.1326148643070877,-5.553621134602125,1.9436885218159583,-0.6190238,0.24734253999999997,0.8590749999999998,-0.0505751233288175,-0.019741276081240725,0.9985251844017953,-2.950046938944638,-1.0596886855325507,4.054731358461009,4.062975746533256,3.9747796469633454
05/17/2023 16:16:06.778308,3579,True,True,True,True,Eyes,1.075525,-0.2671705,-3.449771,-0.5368919,0.1788097,0.8244842,0.0,0.0,0.0,0.0,0.0,0.0,0.0,0.7981495,-0.4626457,3.517564,1.072472,-0.2670244,-3.464512,-0.09986051,-0.2570823,-0.01477858,0.9611027,348.4893,329.9142,1.341305,0.2973584,-0.07404624,-0.9518897,0,0,0,0.4501535,-0.01756603,-2.60535,-0.1069616,0.03635314,1.083931,0.8673806,0.02293727,0.4971165,0.07975221,0.979619,-0.1843538,-0.4912134,0.199551,0.8478732,moving,-2.965436885818734,-1.1274256623979368,-5.635664554861133,1.9208797141986207,-0.6223185000000001,0.24945836999999998,0.859162,-0.05172354539576457,-0.019649682743910823,0.998468117652785,-3.0159950325982625,-1.0541901028734877,4.044085541188785,4.05244142135418,3.964052071091706
05/17/2023 16:16:06.798088,3580,True,True,True,True,Eyes,1.075497,-0.2670554,-3.449879,-0.5387037,0.1807985,0.822867,0.0,0.0,0.0,0.0,0.0,0.0,0.0,0.8017743,-0.4699177,3.515931,1.072519,-0.2668529,-3.464669,-0.1008309,-0.2575554,-0.0150726,0.96087,348.3733,329.853,1.34398,0.2973053,-0.07401508,-0.9519088,0,0,0,0.4467442,-0.01522268,-2.605479,-0.1088168,0.03595623,1.086271,0.8668761,0.02297346,0.4979941,0.08090468,0.9792119,-0.1860067,-0.491915,0.2015348,0.8469967,moving,-3.04171884849804,-1.1247916355107332,-5.720499697874924,1.8958329208263207,-0.6257748000000001,0.25163022,0.8591900000000003,-0.053052876498809604,-0.019602410353315433,0.9983992245031457,-3.092315988696548,-1.0512387469877322,4.028849170233937,4.037330745596001,3.9487442338575076
05/17/2023 16:16:06.818048,3581,True,True,True,True,Eyes,1.07547,-0.2669435,-3.44999,-0.5404707,0.1827581,0.821274,0.0,0.0,0.0,0.0,0.0,0.0,0.0,0.8052013,-0.4738106,3.514846,1.072572,-0.2668545,-3.464876,-0.1013601,-0.2580042,-0.01527781,0.9606907,348.3089,329.7971,1.34281,0.297256,-0.07398368,-0.9519266,0,0,0,0.4433157,-0.01286621,-2.605608,-0.110738,0.03669798,1.088671,0.8664009,0.02294814,0.4988214,0.08165713,0.9789854,-0.1868679,-0.4926272,0.2026348,0.84632,moving,-3.1190400014598167,-1.0722532073355788,-5.80806536058231,1.9306507724934194,-0.6292563000000001,0.25398829,0.8592679999999997,-0.05440113715078246,-0.018685546002032885,0.9983443546178878,-3.170032283641,-0.9977751096555961,4.022109449533867,4.030916731225875,3.9414333258697494
05/17/2023 16:16:06.827770,3582,True,True,True,True,Eyes,1.075498,-0.2668292,-3.450078,-0.5424227,0.1847247,0.8195453,0.0,0.0,0.0,0.0,0.0,0.0,0.0,0.8092627,-0.4783011,3.513501,1.072583,-0.2668316,-3.465074,-0.1019683,-0.2585326,-0.0155394,0.96048,348.2342,329.7315,1.338814,0.2972101,-0.07395216,-0.9519435,0,0,0,0.4400183,-0.01059976,-2.605733,-0.1123395,0.03712542,1.090991,0.8658389,0.02287367,0.4997998,0.08257481,0.978722,-0.1878421,-0.4934617,0.2039119,0.8455268,moving,-3.2002382072136912,-1.0296321633043881,-5.879034896195502,1.9489706073677484,-0.6325647000000001,0.25623184,0.8593410000000001,-0.055816672992914235,-0.017941491176348037,0.9982798710421046,-3.2515559367004823,-0.9543343782203854,3.9969396346100488,4.005998772635313,3.9157151992873462
05/17/2023 16:16:06.847889,3583,True,True,True,True,Eyes,1.075522,-0.266711,-3.450174,-0.5443299,0.1866653,0.8178393,0.0,0.0,0.0,0.0,0.0,0.0,0.0,0.8136612,-0.4830557,3.512127,1.072599,-0.2667299,-3.465372,-0.102601,-0.259101,-0.01578493,0.9602555,348.1573,329.6608,1.337974,0.2971689,-0.07392047,-0.9519588,0,0,0,0.4366561,-0.00828883,-2.60586,-0.1138514,0.03744738,1.093441,0.865235,0.02285291,0.5008455,0.08348317,0.9784477,-0.1888665,-0.4943672,0.2052261,0.8446794,moving,-3.273651946485975,-0.990741375006411,-5.94433836214508,1.9614579896403583,-0.6359429000000001,0.25844107,0.859512,-0.057096416623335866,-0.017262631073657816,0.9982194626733035,-3.3252664600612145,-0.9146981794049126,3.971694688556773,3.980960564914813,3.8899629737341166
05/17/2023 16:16:06.867626,3584,True,True,True,True,Eyes,1.075567,-0.2665885,-3.450263,-0.546321,0.1886078,0.816064,0.0,0.0,0.0,0.0,0.0,0.0,0.0,0.8183843,-0.488199,3.510535,1.072556,-0.2665317,-3.465621,-0.1032796,-0.259712,-0.01596483,0.9600148,348.0773,329.5837,1.346569,0.2971318,-0.0738885,-0.9519728,0,0,0,0.433143,-0.005874225,-2.605993,-0.115344,0.03772646,1.095912,0.8645896,0.02299295,0.5019523,0.08429886,0.9781569,-0.1900074,-0.495357,0.2065924,0.8437661,moving,-3.3473887256316477,-0.9541753980571908,-6.008222165542876,1.971612390057054,-0.639413,0.26065747499999997,0.8596280000000003,-0.0583816555984247,-0.016624328523427975,0.9981559013243232,-3.399283530419832,-0.8774137202352896,3.945313776093443,3.9547779679810424,3.8630959836593775
05/17/2023 16:16:06.878481,3585,True,True,True,True,Eyes,1.075609,-0.2664647,-3.450357,-0.5482666,0.1905568,0.8143045,0.0,0.0,0.0,0.0,0.0,0.0,0.0,0.8231783,-0.494461,3.508778,1.072558,-0.2663588,-3.465878,-0.1041184,-0.2603385,-0.01607342,0.9597526,347.9817,329.5027,1.368499,0.297099,-0.07385616,-0.9519856,0,0,0,0.4299713,-0.00369421,-2.606113,-0.1164947,0.0375386,1.098238,0.863931,0.02335906,0.503068,0.08506509,0.977802,-0.1914868,-0.4963739,0.2082249,0.8427665,moving,-3.4151636471559765,-0.9321794880738173,-6.054961213951621,1.9576506403414333,-0.6425866999999998,0.26266459000000003,0.8597649999999999,-0.0595627045379572,-0.01623999902311707,0.9980924426534367,-3.467233263045526,-0.8548979785708333,3.904504425670097,3.9140323663399506,3.821879862272748
05/17/2023 16:16:06.898167,3586,True,True,True,True,Eyes,1.075647,-0.2663402,-3.450457,-0.5502519,0.1925098,0.8125041,0.0,0.0,0.0,0.0,0.0,0.0,0.0,0.8280931,-0.5027199,3.506647,1.072545,-0.2662253,-3.466094,-0.1052381,-0.2609784,-0.01623661,0.9594539,347.8532,329.4183,1.393435,0.2970698,-0.07382345,-0.9519973,0,0,0,0.4266451,-0.001407968,-2.606239,-0.1177318,0.03685483,1.100657,0.8632534,0.0237732,0.5042109,0.08608632,0.9773226,-0.1934675,-0.4973761,0.2104171,0.8416304,moving,-3.483726961838829,-0.942464575741406,-6.1054298025838944,1.9177977843186964,-0.6458999000000001,0.264817332,0.859855,-0.06075686127306512,-0.016417982102417863,0.9980176064270558,-3.5357413987027426,-0.8650509803151314,3.8704701174672094,3.8800034218473742,3.787815431071752
05/17/2023 16:16:06.918878,3587,True,True,True,True,Eyes,1.075683,-0.2662194,-3.450564,-0.5521967,0.194449,0.8107209,0.0,0.0,0.0,0.0,0.0,0.0,0.0,0.832644,-0.5109864,3.504603,1.072556,-0.2661224,-3.46633,-0.1063626,-0.2615707,-0.01638112,0.959166,347.7248,329.3393,1.420214,0.2970437,-0.07379038,-0.9520079,0,0,0,0.4231321,0.001006637,-2.606372,-0.1192333,0.03630283,1.103224,0.8626249,0.02421823,0.5052641,0.08706708,0.9768373,-0.1954691,-0.4982947,0.2126083,0.8405356,moving,-3.5551775500354488,-0.9532196286916503,-6.168421517254218,1.8847021825288912,-0.6494239,0.26712903699999996,0.8599580000000002,-0.06200119588583458,-0.016604046931198255,0.997937946028175,-3.60713422145008,-0.8756688310515794,3.848230846134616,3.8578289540629673,3.7656129307541617
05/17/2023 16:16:06.927872,3588,True,True,True,True,Eyes,1.075707,-0.2660961,-3.450681,-0.554148,0.1963525,0.8089288,0.0,0.0,0.0,0.0,0.0,0.0,0.0,0.8377908,-0.5177482,3.502641,1.072548,-0.2661148,-3.466594,-0.1072991,-0.2622481,-0.0163388,0.9588775,347.623,329.2492,1.46336,0.2970205,-0.07375707,-0.9520178,0,0,0,0.4199332,0.003205288,-2.606493,-0.1201974,0.03618279,1.105648,0.861918,0.02494415,0.5064338,0.08761178,0.9764399,-0.1972037,-0.4994213,0.214343,0.8394257,moving,-3.6161495593641293,-0.9385374801746437,-6.204383592115944,1.8743592549816341,-0.6526148,0.26932008799999996,0.8601010000000002,-0.06306339943700662,-0.016347233886393725,0.9978756882625222,-3.66822708437756,-0.8605808257964211,3.8128081152979103,3.8224787051006013,3.72987762228066
05/17/2023 16:16:06.947617,3589,True,True,True,True,Eyes,1.075729,-0.2659709,-3.450802,-0.5560427,0.1982487,0.8071641,0.0,0.0,0.0,0.0,0.0,0.0,0.0,0.8416028,-0.5234526,3.50106,1.072581,-0.265948,-3.466779,-0.1080673,-0.2627557,-0.01630197,0.9586529,347.5396,329.181,1.498496,0.2969992,-0.07372347,-0.952027,0,0,0,0.4165502,0.005530492,-2.606621,-0.1218002,0.03637776,1.108057,0.8613874,0.02553474,0.5073064,0.08804645,0.9761115,-0.1986312,-0.5002596,0.2157649,0.8385618,moving,-3.6943852361822067,-0.9056276346310619,-6.2729011239999455,1.8803579300798692,-0.6560308,0.271478492,0.8601579999999998,-0.06442649793587385,-0.01577268851380724,0.9977977571955928,-3.746718172096565,-0.8269799130680809,3.786250418548351,3.796111135162693,3.7028743569595055
05/17/2023 16:16:06.967832,3590,True,True,True,True,Eyes,1.075745,-0.2658479,-3.450934,-0.557937,0.2001247,0.8053921,0.0,0.0,0.0,0.0,0.0,0.0,0.0,0.8449047,-0.530687,3.499394,1.072586,-0.2658016,-3.467011,-0.1090465,-0.2631846,-0.01630311,0.9584243,347.4315,329.1209,1.535144,0.2969799,-0.07368955,-0.9520357,0,0,0,0.4132157,0.007822453,-2.606746,-0.1234715,0.03608353,1.110471,0.8609361,0.02614813,0.5080407,0.08864932,0.9756861,-0.2004441,-0.5009295,0.2176071,0.8376855,moving,-3.78148752495071,-0.897979643735478,-6.344566351171431,1.861108307981025,-0.6593703,0.27362405300000003,0.8602650000000001,-0.06594343996198845,-0.015637947596365942,0.997700828696886,-3.833898076063883,-0.8189134193245553,3.755896958827799,3.7658915803204103,3.6723251008675
05/17/2023 16:16:06.978334,3591,True,True,True,True,Eyes,1.075758,-0.2657241,-3.451067,-0.5597752,0.2019939,0.8036481,0.0,0.0,0.0,0.0,0.0,0.0,0.0,0.8485665,-0.5380664,3.497675,1.072623,-0.2657574,-3.467299,-0.1100599,-0.2636642,-0.01625295,0.9581774,347.3213,329.0536,1.579466,0.2969619,-0.07365538,-0.952044,0,0,0,0.4098568,0.01013112,-2.606874,-0.1250186,0.03584945,1.113011,0.8604341,0.02689128,0.5088518,0.08918411,0.9752454,-0.2023431,-0.5016967,0.2194844,0.836736,moving,-3.8582447459882316,-0.8925579757927016,-6.408866761128092,1.844826611210461,-0.6627662000000001,0.27588851999999997,0.8604250000000002,-0.0672800687722345,-0.015542149513013678,0.9976131077428656,-3.9107142953792198,-0.8131389052155037,3.7313960130678296,3.741516676600359,3.6476768536476354
05/17/2023 16:16:06.997845,3592,True,True,True,True,Eyes,1.075775,-0.2656015,-3.451203,-0.5616131,0.2038147,0.8019042,0.0,0.0,0.0,0.0,0.0,0.0,0.0,0.8516387,-0.5453297,3.495959,1.07256,-0.2656388,-3.467486,-0.1110499,-0.2640592,-0.01621093,0.9579551,347.2133,328.9967,1.621138,0.2969451,-0.07362097,-0.9520519,0,0,0,0.4065523,0.01240238,-2.606998,-0.1266787,0.03558061,1.115347,0.8600199,0.02758883,0.5095142,0.0897062,0.9748102,-0.2042004,-0.5023133,0.221323,0.8358813,moving,-3.945189570838201,-0.8872769239189268,-6.479763104103083,1.8271691775858505,-0.6660077,0.27804118,0.8604880000000001,-0.06879394096872313,-0.015448598821164367,0.9975112964201435,-3.9977198148326636,-0.8074685867208118,3.703527888344056,3.7137959870597776,3.619648468970865
05/17/2023 16:16:07.017959,3593,True,True,True,True,Eyes,1.075791,-0.265479,-3.451339,-0.5633852,0.2056062,0.8002019,0.0,0.0,0.0,0.0,0.0,0.0,0.0,0.8538976,-0.5520549,3.494583,1.072571,-0.2655757,-3.46772,-0.1119685,-0.2643479,-0.01620061,0.9577687,347.1121,328.9536,1.655633,0.2969293,-0.07358636,-0.9520595,0,0,0,0.4031074,0.01477017,-2.607129,-0.1287543,0.03555538,1.117833,0.8597155,0.02816438,0.5099962,0.09023012,0.9744012,-0.2059146,-0.5027404,0.223045,0.8351665,moving,-4.0408979107728875,-0.876815249942166,-6.570490916140763,1.8218165137557027,-0.6694635999999999,0.28034587,0.8605909999999999,-0.0704603054472333,-0.015264681150939416,0.9973977184086259,-4.0935281146808284,-0.7965221518658312,3.688326650422735,3.6988449776714285,3.6043088224658275
05/17/2023 16:16:07.027925,3594,True,True,True,True,Eyes,1.075797,-0.2653553,-3.451486,-0.5651634,0.2073148,0.7985054,0.0,0.0,0.0,0.0,0.0,0.0,0.0,0.8554416,-0.5569439,3.493587,1.072568,-0.2654735,-3.467887,-0.1126309,-0.2645468,-0.01612162,0.9576374,347.0413,328.9227,1.688486,0.2969146,-0.07355158,-0.9520668,0,0,0,0.3997395,0.01708505,-2.607256,-0.1309998,0.03605869,1.120162,0.8595102,0.02871495,0.5103112,0.0904696,0.9741088,-0.2071893,-0.5030481,0.224249,0.8346586,moving,-4.1479401112487135,-0.840164472469955,-6.670281594238476,1.8437490032496613,-0.6728284999999999,0.28255854999999996,0.8606310000000001,-0.07232425386131194,-0.014624710413264477,0.9972739287560325,-4.200860034927742,-0.7590272359243135,3.672250906984471,3.683150567375755,3.5878248269386397
05/17/2023 16:16:07.047946,3595,True,True,True,True,Eyes,1.075799,-0.2652299,-3.451632,-0.5668716,0.2090264,0.7968466,0.0,0.0,0.0,0.0,0.0,0.0,0.0,0.856851,-0.5622519,3.492641,1.072589,-0.2653323,-3.468143,-0.1133469,-0.2647294,-0.01591717,0.9575059,346.9684,328.8917,1.736991,0.2969004,-0.0735166,-0.9520739,0,0,0,0.3965138,0.01930217,-2.607378,-0.1330869,0.03641187,1.122485,0.8593301,0.02953091,0.5105681,0.09049403,0.9737983,-0.2086331,-0.5033516,0.225488,0.8341417,moving,-4.250646435241304,-0.8042411443941698,-6.761680533969374,1.8579448062784458,-0.6760752,0.28463447000000003,0.8607649999999998,-0.07411247816928385,-0.013997593574299125,0.9971516227078088,-4.303849742443551,-0.7222847986606351,3.6483660536180884,3.659580068933285,3.5634978622101827
05/17/2023 16:16:07.068065,3596,True,True,True,True,Eyes,1.075768,-0.2651139,-3.451795,-0.5685512,0.2106746,0.7952143,0.0,0.0,0.0,0.0,0.0,0.0,0.0,0.8581795,-0.5693092,3.491257,1.072462,-0.2651877,-3.468279,-0.1142983,-0.264876,-0.01606399,0.9573498,346.8585,328.867,1.753138,0.2968866,-0.0734814,-0.952081,0,0,0,0.3931585,0.02160833,-2.607505,-0.1353807,0.03607638,1.124726,0.8591653,0.02979206,0.5108302,0.09130747,0.9733557,-0.210337,-0.5034857,0.2273569,0.8335533,moving,-4.3581773342916295,-0.8110789257248118,-6.8635420152049385,1.8371726667585424,-0.6793035000000001,0.28679603000000004,0.8607739999999997,-0.07598364732676338,-0.014114602505011314,0.9970091776739757,-4.4113603695057,-0.7288029535235803,3.6340921023628594,3.6455573896810987,3.5492852389440963
05/17/2023 16:16:07.077857,3597,True,True,True,True,Eyes,1.075735,-0.2650087,-3.451955,-0.5701619,0.2122808,0.7936323,0.0,0.0,0.0,0.0,0.0,0.0,0.0,0.8588383,-0.57256,3.490686,1.072461,-0.2652772,-3.468396,-0.1147575,-0.264955,-0.01606701,0.9572729,346.8076,328.8533,1.768694,0.2968723,-0.07344623,-0.9520882,0,0,0,0.3897896,0.0239239,-2.607632,-0.1379671,0.03713247,1.127022,0.8590814,0.03005007,0.510956,0.09157214,0.9731451,-0.2111943,-0.5035808,0.2282225,0.8332592,moving,-4.469705811285026,-0.7610272503648763,-6.97927460190074,1.8870656288084635,-0.6826714,0.2892011,0.8607639999999996,-0.0779251470651443,-0.013241652521893174,0.9968712494384144,-4.52327531798493,-0.6777281612432703,3.6362939781917256,3.648332689265189,3.5510702144681554
05/17/2023 16:16:07.097728,3598,True,True,True,True,Eyes,1.075673,-0.2649053,-3.452128,-0.5717615,0.2137563,0.792084,0.0,0.0,0.0,0.0,0.0,0.0,0.0,0.858882,-0.5758719,3.490181,1.072362,-0.2654436,-3.468466,-0.1152468,-0.264956,-0.01574669,0.9572191,346.7631,328.8448,1.820514,0.2968573,-0.07341141,-0.9520956,0,0,0,0.3863612,0.02628029,-2.607762,-0.1406134,0.0385377,1.129271,0.8591007,0.03092458,0.5108715,0.09121674,0.9729404,-0.2122885,-0.5036125,0.2289772,0.833033,moving,-4.585309035535472,-0.7088828178777007,-7.0977647673235005,1.9545273008814787,-0.6860008,0.29172389,0.8607039999999997,-0.07993726369963397,-0.012332431978734584,0.9967236210312493,-4.6392810169313705,-0.6245200354292628,3.6486740846066947,3.6614460619956293,3.563092408831644
05/17/2023 16:16:07.118003,3599,True,True,True,True,Eyes,1.075682,-0.2648429,-3.452301,-0.5733231,0.2151905,0.7905655,0.0,0.0,0.0,0.0,0.0,0.0,0.0,0.8609465,-0.5763708,3.49126,1.072541,-0.2655236,-3.470084,-0.1152941,-0.2651671,-0.01525756,0.957163,346.7734,328.8129,1.880025,0.296841,-0.07337694,-0.9521033,0,0,0,0.3830306,0.02856958,-2.607888,-0.1421345,0.0405197,1.132896,0.8589072,0.03193646,0.5111344,0.09035233,0.972949,-0.2126188,-0.504098,0.228802,0.8327873,moving,-4.673538142560117,-0.6048219456205538,-7.151033564729715,2.048395078652202,-0.6895104,0.29409318,0.862196,-0.08147370254306432,-0.010520845718930458,0.996620030740599,-4.728275567526619,-0.5188695615156382,3.6167220468526313,3.6300887240895494,3.5299580798739907
05/17/2023 16:16:07.127701,3600,True,True,True,True,Eyes,1.075653,-0.264783,-3.452556,-0.5748394,0.2165755,0.7890847,0.0,0.0,0.0,0.0,0.0,0.0,0.0,0.8633561,-0.5768311,3.491369,1.074269,-0.2664658,-3.470262,-0.1154683,-0.2656873,-0.01511216,0.957,346.7596,328.7464,1.909329,0.2968253,-0.07334387,-0.9521107,0,0,0,0.3794209,0.03105063,-2.608024,-0.145304,0.04307894,1.13658,0.8583639,0.03243224,0.5120153,0.09028156,0.9728774,-0.2129761,-0.5050354,0.2290365,0.8321548,moving,-4.7252249699068845,-0.5319267829558587,-7.285355773491885,2.1705999780323477,-0.6948481,0.29751643,0.8622380000000001,-0.08237375089386981,-0.009252189411292092,0.9965585326118446,-4.780495911271843,-0.44489873717985473,3.708285745282528,3.7226228153443355,3.621485393956144
05/17/2023 16:16:07.147678,3601,True,True,True,True,Eyes,1.075617,-0.264729,-3.452799,-0.5763061,0.2179476,0.7876358,0.0,0.0,0.0,0.0,0.0,0.0,0.0,0.866254,-0.5799308,3.490154,1.074281,-0.2662324,-3.470293,-0.115857,-0.2660631,-0.01551854,0.9568421,346.7046,328.7021,1.881527,0.2968084,-0.07331198,-0.9521184,0,0,0,0.376348,0.03316268,-2.60814,-0.1471435,0.04342708,1.138647,0.8579393,0.03195293,0.5127565,0.09134809,0.9726727,-0.2134558,-0.5055648,0.2299714,0.8315752,moving,-4.796059126153161,-0.5047332510632022,-7.363332678150655,2.1841562962824956,-0.697933,0.29939508,0.8621529999999997,-0.08360608294966426,-0.008778301429047883,0.9964602325243315,-4.851542753882081,-0.41711101919318117,3.7030467300847296,3.7176633102811745,3.6160310106827303
05/17/2023 16:16:07.168101,3602,True,True,True,True,Eyes,1.075526,-0.264687,-3.453066,-0.5777893,0.2192366,0.78619,0.0,0.0,0.0,0.0,0.0,0.0,0.0,0.8688191,-0.5829497,3.488922,1.074098,-0.2663269,-3.47025,-0.1162819,-0.2663724,-0.01595552,0.9566974,346.6444,328.6658,1.850556,0.2967905,-0.07328136,-0.9521263,0,0,0,0.3730302,0.03544312,-2.608266,-0.1492109,0.04416406,1.140773,0.8575824,0.03141933,0.5133862,0.09247775,0.9724479,-0.2139928,-0.5059648,0.2309933,0.8310485,moving,-4.875890414372584,-0.4873846709293898,-7.451873316226914,2.2170503658224803,-0.7010678,0.30177001999999997,0.8619840000000001,-0.08499460364403416,-0.008475583090851127,0.9963453015479692,-4.931518906809162,-0.39925373857759194,3.7197659960151683,3.734923932111194,3.6327996801051623
05/17/2023 16:16:07.177865,3603,True,True,True,True,Eyes,1.075432,-0.2646473,-3.453326,-0.579255,0.2204402,0.7847737,0.0,0.0,0.0,0.0,0.0,0.0,0.0,0.8733773,-0.5801067,3.488344,1.073942,-0.2665043,-3.470371,-0.1159069,-0.2669491,-0.01637131,0.956575,346.6742,328.6043,1.799806,0.2967699,-0.0732522,-0.952135,0,0,0,0.3698097,0.03765666,-2.608388,-0.1506054,0.04658963,1.143013,0.8569403,0.03056172,0.5145088,0.09320328,0.9725951,-0.2130067,-0.5069185,0.230488,0.8306075,moving,-4.926568846045067,-0.3882654109128848,-7.5061533054132346,2.3341049712717377,-0.7041322999999999,0.30416096000000004,0.8619829999999999,-0.08587697563681793,-0.006751423979928506,0.9962828716496367,-4.982917594362494,-0.2987452008715788,3.734475414704366,3.7504075086328696,3.646727091856042
05/17/2023 16:16:07.198126,3604,True,True,True,True,Eyes,1.0753,-0.2646154,-3.4536,-0.5807424,0.221563,0.783357,0.0,0.0,0.0,0.0,0.0,0.0,0.0,0.8788949,-0.5758207,3.487708,1.07379,-0.2665055,-3.470459,-0.1153141,-0.2676643,-0.01672851,0.9564407,346.7302,328.5273,1.75048,0.2967471,-0.07322442,-0.9521442,0,0,0,0.3664227,0.03998462,-2.608516,-0.1518527,0.04945526,1.145315,0.8561519,0.02973129,0.515868,0.09373058,0.9728457,-0.2116269,-0.5081519,0.2295374,0.8301169,moving,-4.962775567495016,-0.2683572889627464,-7.552566441353569,2.4725237339303736,-0.7073673,0.30649012,0.8619430000000001,-0.08650756976499052,-0.0046661430556902694,0.9962403098942036,-5.019988985042235,-0.17725034784225935,3.75410436114228,3.77086801041573,3.665412835773126
05/17/2023 16:16:07.217893,3605,True,True,True,True,Eyes,1.075163,-0.2645869,-3.45387,-0.5822113,0.2225998,0.7819715,0.0,0.0,0.0,0.0,0.0,0.0,0.0,0.8841439,-0.5723185,3.487027,1.07366,-0.266607,-3.470562,-0.1148464,-0.2683501,-0.01694383,0.9563009,346.7766,328.451,1.720705,0.2967212,-0.07319809,-0.9521543,0,0,0,0.36288,0.04241968,-2.60865,-0.1532415,0.0523665,1.147768,0.8554023,0.02923129,0.5171388,0.09404489,0.9730464,-0.2105617,-0.509355,0.2287492,0.8295971,moving,-4.9985504476647,-0.16146010915224565,-7.604735441373621,2.612287642871193,-0.7107800000000001,0.30902668,0.8619120000000002,-0.08713020036347213,-0.0028072898506417837,0.9961930249345734,-5.056535637709907,-0.06892552395956164,3.7883220369588804,3.8060316358759616,3.6989493488527785
05/17/2023 16:16:07.227635,3606,True,True,True,True,Eyes,1.075002,-0.2645522,-3.454148,-0.5836963,0.2235899,0.7805807,0.0,0.0,0.0,0.0,0.0,0.0,0.0,0.8891493,-0.5681572,3.486511,1.073429,-0.2666483,-3.470705,-0.114284,-0.2689967,-0.01698666,0.9561859,346.8387,328.3781,1.706607,0.2966923,-0.07317319,-0.9521652,0,0,0,0.3596971,0.04460738,-2.60877,-0.1542589,0.05537477,1.149941,0.8547045,0.02899923,0.5183043,0.09396886,0.9733012,-0.2094149,-0.5105391,0.2276923,0.8291599,moving,-5.038528434254979,-0.039921265870892335,-7.640334419084084,2.7569167883121417,-0.7137319,0.31125568000000003,0.8619350000000003,-0.08782559290176817,-0.0006940651261003877,0.9961356467536157,-5.097390921513345,0.05423389916259503,3.8012735253192447,3.8199080465397186,3.7109374059850495
05/17/2023 16:16:07.248082,3607,True,True,True,True,Eyes,1.074837,-0.2645083,-3.454418,-0.5851667,0.2245616,0.7791997,0.0,0.0,0.0,0.0,0.0,0.0,0.0,0.8946266,-0.5659741,3.485564,1.073215,-0.2664337,-3.470888,-0.1139587,-0.2697039,-0.01709527,0.9560237,346.8727,328.2965,1.693658,0.2966601,-0.07314938,-0.9521771,0,0,0,0.3564119,0.04686536,-2.608894,-0.1552085,0.05761151,1.15221,0.8539352,0.02878325,0.5195829,0.0941572,0.9734423,-0.2086732,-0.5117903,0.2271158,0.8285465,moving,-5.069962256985325,0.051893636370027973,-7.67184993339196,2.862455324985841,-0.7168031,0.31329906,0.8619940000000001,-0.08837207338895722,0.0009021711831548596,0.9960872021041298,-5.129487813415273,0.14727766075089124,3.8107002944343837,3.8300230398982835,3.7196498353276097
05/17/2023 16:16:07.267598,3608,True,True,True,True,Eyes,1.074632,-0.2644266,-3.454677,-0.5870086,0.2256127,0.7775087,0.0,0.0,0.0,0.0,0.0,0.0,0.0,0.9002503,-0.5685354,3.483683,1.072975,-0.2661753,-3.470966,-0.11429,-0.2704377,-0.01707982,0.955777,346.8377,328.2042,1.71653,0.2966249,-0.07312634,-0.9521899,0,0,0,0.3529875,0.04921908,-2.609024,-0.156102,0.0586095,1.154555,0.8531435,0.02916768,0.5208604,0.09446564,0.9732922,-0.2092335,-0.5130522,0.2277096,0.8276024,moving,-5.120384193247662,0.0836491383708463,-7.700001924658661,2.9060520319717877,-0.7199875,0.31539438,0.8619420000000004,-0.08924855814626134,0.001454126229168795,0.996008306108269,-5.180149559952086,0.17960617907869825,3.8038798778269998,3.823661299594539,3.7125682389250767
05/17/2023 16:16:07.278308,3609,True,True,True,True,Eyes,1.07443,-0.2643423,-3.454927,-0.5888109,0.2266908,0.7758306,0.0,0.0,0.0,0.0,0.0,0.0,0.0,0.9064051,-0.5751881,3.480584,1.071747,-0.2652088,-3.471009,-0.115107,-0.2711358,-0.01698222,0.9554828,346.7515,328.1106,1.764196,0.2965861,-0.07310299,-0.9522038,0,0,0,0.3496061,0.05154321,-2.609152,-0.1561318,0.05802289,1.156232,0.8523939,0.0299668,0.5220408,0.0948717,0.972924,-0.2107565,-0.5142217,0.2291744,0.8264714,moving,-5.168816323370597,0.06788819767425044,-7.690417797815293,2.8728492593763293,-0.7221409000000001,0.31675201000000003,0.8618570000000001,-0.0900904913573855,0.001180054179740056,0.9959329422701751,-5.228482128702483,0.16383571870830593,3.7521194145379972,3.7717741917546603,3.6605848716253857
05/17/2023 16:16:07.298217,3610,True,True,True,True,Eyes,1.074245,-0.2642536,-3.455161,-0.5907511,0.2278678,0.7740086,0.0,0.0,0.0,0.0,0.0,0.0,0.0,0.9112513,-0.5822437,3.478107,1.071623,-0.2650823,-3.471018,-0.1160743,-0.2717746,-0.01706275,0.9551829,346.6429,328.0248,1.796166,0.2965442,-0.0730793,-0.9522187,0,0,0,0.3462909,0.0538218,-2.609277,-0.157216,0.05762529,1.158605,0.8516949,0.030496,0.5231498,0.09568819,0.9724712,-0.2124699,-0.5152277,0.2310188,0.8253307,moving,-5.236566322973478,0.03529657239927031,-7.727508018860887,2.847361638380371,-0.7253320999999999,0.3189041,0.8617409999999999,-0.09126811652727213,0.0006134701985503199,0.9958261212992408,-5.296017663666582,0.13110316054897453,3.7368057367366636,3.7566608134913824,3.645573406995649
05/17/2023 16:16:07.317954,3611,True,True,True,True,Eyes,1.074061,-0.2641613,-3.455391,-0.5926424,0.2290904,0.7721998,0.0,0.0,0.0,0.0,0.0,0.0,0.0,0.9145296,-0.586271,3.476559,1.071553,-0.2649204,-3.471042,-0.1166208,-0.2722203,-0.01685795,0.9549931,346.5897,327.9629,1.843627,0.2965001,-0.0730552,-0.9522343,0,0,0,0.3430834,0.05602646,-2.609398,-0.1586588,0.05830835,1.160833,0.8512238,0.03129462,0.5238689,0.09569153,0.9722308,-0.2135659,-0.5160049,0.2319222,0.8245915,moving,-5.323024697702214,0.06343342845151967,-7.782773902635798,2.8755358855385063,-0.7284695999999999,0.32094686,0.8616440000000001,-0.09277066033116788,0.0011023474725173898,0.9956868715523618,-5.382699591130583,0.1599040860253184,3.7157344907147194,3.7360790115207765,3.624225816815843
05/17/2023 16:16:07.327580,3612,True,True,True,True,Eyes,1.073895,-0.2640721,-3.455608,-0.5946569,0.230431,0.7702498,0.0,0.0,0.0,0.0,0.0,0.0,0.0,0.9181986,-0.5975689,3.473738,1.071416,-0.2647762,-3.471166,-0.1181791,-0.2727135,-0.01638942,0.9546689,346.433,327.8821,1.955147,0.296454,-0.07303066,-0.9522505,0,0,0,0.3430834,0.05602646,-2.609398,-0.1569035,0.05518176,1.161191,0.8507175,0.03316513,0.5245759,0.09575102,0.9715301,-0.2167046,-0.5168283,0.2345831,0.8233221,static,-5.404605590986929,0.0008670648454458372,-7.695363495586462,2.7207454702091676,-0.7283325999999999,0.32080266,0.8617680000000001,-0.09418834034905538,1.5065860677329623e-05,0.9955544109660506,-5.463855931254342,0.09688576180267829,3.5368010189791113,3.556024510243025,3.4444543514278805
05/17/2023 16:16:07.348165,3613,True,True,True,True,Eyes,1.073728,-0.2639884,-3.455817,-0.59662,0.2317333,0.7683387,0.0,0.0,0.0,0.0,0.0,0.0,0.0,0.9227479,-0.607639,3.470843,1.07141,-0.2648125,-3.471224,-0.1195777,-0.2733108,-0.01668491,0.9543188,346.2698,327.7992,1.977342,0.2964067,-0.07300581,-0.9522671,0,0,0,0.3430834,0.05602646,-2.609398,-0.1553454,0.05185032,1.161602,0.8500456,0.03351829,0.5256415,0.09720916,0.9708456,-0.2191101,-0.5176609,0.2373507,0.8220048,static,-5.481045209010682,-0.07888071492861082,-7.6171840467079805,2.5558098166013696,-0.7283265999999999,0.32083896,0.8618259999999998,-0.09551636211896919,-0.0013704332373181,0.9954269692583578,-5.539747111617551,0.016458836435856765,3.373683065083687,3.3918554407363084,3.2808608046891394
05/17/2023 16:16:07.367988,3614,True,True,True,True,Eyes,1.073576,-0.2639061,-3.456016,-0.5986714,0.2330758,0.7663342,0.0,0.0,0.0,0.0,0.0,0.0,0.0,0.9270065,-0.6090356,3.469416,1.071255,-0.2648682,-3.47122,-0.1197867,-0.2738689,-0.01679083,0.9541305,346.2444,327.7304,1.980635,0.2963584,-0.07298085,-0.952284,0,0,0,0.3430834,0.05602646,-2.609398,-0.1538908,0.05132377,1.161735,0.8494279,0.03357044,0.5266359,0.09765299,0.9707384,-0.2193874,-0.5185906,0.2377814,0.821294,static,-5.573610672887341,-0.019021939746689868,-7.545831263723694,2.5295997142140085,-0.7281716,0.32089466,0.8618220000000001,-0.0971244958080722,-0.00033042585773584987,0.9952721250723444,-5.632763958380136,0.07738846339585707,3.204866291468194,3.222596219503191,3.110171463667813
05/17/2023 16:16:07.377813,3615,True,True,True,True,Eyes,1.073426,-0.2638286,-3.45621,-0.6006779,0.2343678,0.7643676,0.0,0.0,0.0,0.0,0.0,0.0,0.0,0.9316043,-0.6135197,3.467481,1.071178,-0.2648564,-3.471332,-0.1204132,-0.2744803,-0.01675036,0.9538767,346.1776,327.6491,2.015215,0.2963096,-0.07295584,-0.9523011,0,0,0,0.3430834,0.05602646,-2.609398,-0.1521999,0.04992586,1.16205,0.8487601,0.03414653,0.5276745,0.09805763,0.9704401,-0.2205233,-0.5196066,0.2389139,0.8203225,static,-5.652291086193023,-0.001270121900694639,-7.4618596993138935,2.4601204332886097,-0.7280945999999999,0.32088286,0.8619339999999998,-0.09849115650418261,-2.206002791181605e-05,0.9951379425782306,-5.71159180701236,0.09564955548828631,3.037922475011897,3.0549929673842624,2.941795408723639
05/17/2023 16:16:07.397818,3616,True,True,True,True,Eyes,1.073312,-0.2637536,-3.456379,-0.6027417,0.2356261,0.7623534,0.0,0.0,0.0,0.0,0.0,0.0,0.0,0.9364605,-0.6142502,3.466106,1.071095,-0.264898,-3.471417,-0.1205292,-0.2751302,-0.01669979,0.9536758,346.1677,327.5681,2.034402,0.2962605,-0.07293092,-0.9523183,0,0,0,0.3430834,0.05602646,-2.609398,-0.1504951,0.04969934,1.162304,0.8480489,0.03447007,0.5287956,0.09817479,0.9703877,-0.2207022,-0.5207444,0.2390807,0.8195521,static,-5.733614512588203,0.07033924629714888,-7.377610462490499,2.448437647335099,-0.7280115999999999,0.32092446,0.8620190000000001,-0.09990343731285994,0.001221509314945038,0.9949963485057265,-5.79344743250846,0.16842992449015753,2.8744021089747975,2.891033498303748,2.7763299014696456
05/17/2023 16:16:07.417676,3617,True,True,True,True,Eyes,1.073201,-0.2636822,-3.456546,-0.6047377,0.2368226,0.7603995,0.0,0.0,0.0,0.0,0.0,0.0,0.0,0.9400802,-0.615016,3.465043,1.071089,-0.2649367,-3.471468,-0.1206494,-0.2756286,-0.01653351,0.9535195,346.1608,327.504,2.064502,0.2962121,-0.07290619,-0.9523352,0,0,0,0.3430834,0.05602646,-2.609398,-0.149193,0.04958011,1.162522,0.847511,0.03497881,0.529624,0.0980389,0.9703407,-0.2209689,-0.521645,0.2391973,0.8189452,static,-5.826284302033996,0.14318890805371423,-7.3131160290440045,2.4421134204619603,-0.7280055999999999,0.32096316,0.8620700000000001,-0.10151237343204422,0.002486205595041896,0.9948311847214242,-5.886661271782737,0.2425080567260213,2.7215544125427362,2.7378317147324918,2.6216477510697764
05/17/2023 16:16:07.427893,3618,True,True,True,True,Eyes,1.073124,-0.263613,-3.456692,-0.6067368,0.2379748,0.7584448,0.0,0.0,0.0,0.0,0.0,0.0,0.0,0.9420931,-0.6147869,3.464627,1.071017,-0.2649535,-3.471579,-0.1206254,-0.2758981,-0.0163229,0.9534482,346.1709,327.4688,2.09132,0.2961645,-0.07288171,-0.9523519,0,0,0,0.3430834,0.05602646,-2.609398,-0.1483555,0.0498053,1.162662,0.8472276,0.03543452,0.530047,0.09768669,0.9703661,-0.2210131,-0.5221712,0.239027,0.8186595,static,-5.946578913132928,0.23193688690672842,-7.271638001112675,2.4528968020667645,-0.7279336000000001,0.32097996,0.8621810000000001,-0.10360031536309705,0.004026268884672626,0.9946108929485213,-6.007620624025287,0.33278029584677526,2.5701437363466915,2.5862027243403394,2.468326139213644
05/17/2023 16:16:07.448144,3619,True,True,True,True,Eyes,1.073053,-0.2635413,-3.456833,-0.6086559,0.2390751,0.7565587,0.0,0.0,0.0,0.0,0.0,0.0,0.0,0.9435509,-0.6144085,3.464398,1.07101,-0.2649904,-3.471679,-0.1205817,-0.2760998,-0.01611449,0.9533988,346.1829,327.442,2.116223,0.2961187,-0.07285756,-0.952368,0,0,0,0.3430834,0.05602646,-2.609398,-0.1477433,0.05009189,1.162807,0.8470184,0.03585809,0.5303526,0.09731223,0.9704007,-0.2210265,-0.5225802,0.2388233,0.8184579,static,-6.069151947699024,0.31975567899951746,-7.241056795060603,2.4666866394209492,-0.7279266,0.32101686,0.8622809999999999,-0.10572707492569733,0.005549481235018805,0.994379687783388,-6.13085237725049,0.42212062821840385,2.430094902845069,2.44595043287587,2.3265433637673243
05/17/2023 16:16:07.468231,3620,True,True,True,True,Eyes,1.073037,-0.2634747,-3.456939,-0.6105559,0.2401365,0.7546892,0.0,0.0,0.0,0.0,0.0,0.0,0.0,0.9438118,-0.614694,3.464321,1.071062,-0.2648624,-3.471717,-0.1206056,-0.2761472,-0.0159567,0.9533848,346.1855,327.4341,2.135443,0.2960746,-0.07283363,-0.9523835,0,0,0,0.3430834,0.05602646,-2.609398,-0.147597,0.05004495,1.162853,0.8469762,0.03618405,0.530398,0.09703553,0.9703994,-0.2211543,-0.5227001,0.2387799,0.818394,static,-6.208925123837511,0.3965216715433359,-7.233679341270958,2.46428064773199,-0.7279785999999999,0.32088886,0.8623189999999998,-0.10815164740039179,0.006879959760457521,0.9941105177856111,-6.271210010389638,0.5003387527972882,2.2921376620441087,2.307758304016343,2.187101959115496
05/17/2023 16:16:07.479601,3621,True,True,True,True,Eyes,1.073021,-0.2634072,-3.457045,-0.6123735,0.2411309,0.7528976,0.0,0.0,0.0,0.0,0.0,0.0,0.0,0.9435809,-0.6135284,3.464676,1.071035,-0.2649995,-3.4718,-0.1204659,-0.2761224,-0.0156322,0.953415,346.2114,327.4344,2.166773,0.2960337,-0.07281007,-0.9523979,0,0,0,0.3430834,0.05602646,-2.609398,-0.1474859,0.05076888,1.162918,0.8470241,0.03671875,0.5302847,0.09633463,0.9704872,-0.2210753,-0.5227522,0.2383409,0.8184887,static,-6.349621296480705,0.49433467183359847,-7.2278922346359735,2.4997434819956204,-0.7279515999999999,0.32102596,0.8624019999999999,-0.11059104043920309,0.008574739416710248,0.9938291131483973,-6.412640972872727,0.5998620703092805,2.1737759140376833,2.189297681148818,2.067409973439677
05/17/2023 16:16:07.498051,3622,True,True,True,True,Eyes,1.073045,-0.2633387,-3.45713,-0.6141451,0.242122,0.7511344,0.0,0.0,0.0,0.0,0.0,0.0,0.0,0.9429048,-0.612052,3.465202,1.071014,-0.2649066,-3.471895,-0.1202494,-0.2760329,-0.01540306,0.953472,346.2425,327.4448,2.183845,0.2959957,-0.07278683,-0.9524115,0,0,0,0.3430834,0.05602646,-2.609398,-0.1475824,0.0513501,1.162912,0.8471371,0.03701285,0.5300838,0.09575839,0.9706057,-0.2208054,-0.522675,0.2378124,0.8186918,static,-6.496675288350875,0.5963349538087875,-7.232608301726063,2.5283375261744565,-0.7279305999999999,0.32093306,0.8624969999999998,-0.11313951827232854,0.010340993821265146,0.9935253730294283,-6.560461298925828,0.7036471392062557,2.0521233795208937,2.067421422884808,1.9445504883307867
05/17/2023 16:16:07.517886,3623,True,True,True,True,Eyes,1.073066,-0.2632721,-3.457217,-0.6158462,0.2430796,0.7494304,0.0,0.0,0.0,0.0,0.0,0.0,0.0,0.942808,-0.6125091,3.465301,1.071053,-0.2648777,-3.472038,-0.1203034,-0.2760133,-0.01541797,0.9534706,346.2361,327.4468,2.183707,0.2959615,-0.07276385,-0.9524239,0,0,0,0.3430834,0.05602646,-2.609398,-0.147586,0.05115715,1.163043,0.8471579,0.03700949,0.5300508,0.09581181,0.9705788,-0.2209003,-0.5226315,0.2379225,0.8186875,static,-6.632122429101345,0.6560350575112307,-7.231976816772969,2.518566111810474,-0.7279696,0.32090416,0.8626399999999999,-0.11548659850776427,0.01137311284285264,0.9932440064274889,-6.696370052001392,0.7645766388440175,1.941803002041402,1.9567440340110787,1.8339448404317462
05/17/2023 16:16:07.537967,3624,True,True,True,True,Eyes,1.073127,-0.2632081,-3.457279,-0.617503,0.2440369,0.747754,0.0,0.0,0.0,0.0,0.0,0.0,0.0,0.9436809,-0.6128937,3.465123,1.071014,-0.2648591,-3.472179,-0.1203493,-0.2761112,-0.01555219,0.9534343,346.2268,327.436,2.171637,0.2959306,-0.07274118,-0.9524353,0,0,0,0.3430834,0.05602646,-2.609398,-0.1472873,0.05087942,1.163168,0.8470415,0.03680357,0.530251,0.09611554,0.9705484,-0.2209019,-0.5227643,0.2380785,0.8185574,static,-6.752503728431076,0.7106952117752039,-7.216727037118177,2.504641538963262,-0.7279305999999999,0.32088556,0.862781,-0.11757187298141175,0.012317626323407244,0.9929879852505819,-6.817173031777756,0.8203488138441218,1.8385782727777893,1.8530371569830761,1.731035928879823
05/17/2023 16:16:07.547722,3625,True,True,True,True,Eyes,1.073185,-0.2631482,-3.457341,-0.6190972,0.2449472,0.7461365,0.0,0.0,0.0,0.0,0.0,0.0,0.0,0.9445591,-0.6135854,3.464836,1.071018,-0.2649266,-3.472247,-0.1204524,-0.2762232,-0.01561091,0.9533879,346.2138,327.422,2.170191,0.2959039,-0.07271887,-0.9524452,0,0,0,0.3430834,0.05602646,-2.609398,-0.1469902,0.05064189,1.163287,0.8469141,0.03677701,0.5304564,0.09631,0.970495,-0.2210515,-0.5229349,0.2382999,0.8183839,static,-6.8650504800387555,0.7594918068037302,-7.201593827831166,2.492708735360964,-0.7279346,0.32095306,0.8628489999999998,-0.11952090787508829,0.013160227701086602,0.9927445348404094,-6.930097574547312,0.8701571460082208,1.7516273379728797,1.7655883853210792,1.6451090771308399
05/17/2023 16:16:07.567951,3626,True,True,True,True,Eyes,1.073289,-0.2630923,-3.457374,-0.6206536,0.2458361,0.7445494,0.0,0.0,0.0,0.0,0.0,0.0,0.0,0.9454337,-0.6127516,3.464824,1.071004,-0.2649633,-3.472327,-0.120341,-0.2763344,-0.0156326,0.9533694,346.2257,327.4099,2.165617,0.2958809,-0.07269699,-0.9524541,0,0,0,0.3430834,0.05602646,-2.609398,-0.1466934,0.05087407,1.163376,0.8467899,0.0367014,0.5306599,0.09631594,0.9705474,-0.2208191,-0.5231348,0.2380984,0.8183149,static,-6.975837372901557,0.8315836146179798,-7.186660628011627,2.503931321901689,-0.7279206,0.32098976,0.8629289999999998,-0.12143816088553316,0.014405949759135478,0.992494498719669,-7.041427912797202,0.9435360467762288,1.6721872163204867,1.6855839637799965,1.567139418240258
05/17/2023 16:16:07.578510,3627,True,True,True,True,Eyes,1.073387,-0.263039,-3.457413,-0.62215,0.2466731,0.7430221,0.0,0.0,0.0,0.0,0.0,0.0,0.0,0.945533,-0.6114904,3.465073,1.071,-0.2650757,-3.472373,-0.1201822,-0.2763487,-0.01553508,0.9533868,346.2464,327.4086,2.171391,0.2958626,-0.07267565,-0.9524614,0,0,0,0.3430834,0.05602646,-2.609398,-0.1466141,0.05140774,1.163425,0.8467802,0.03680248,0.5306684,0.09604625,0.9706298,-0.220574,-0.5232003,0.2377464,0.8183753,static,-7.092008354287374,0.911233092931605,-7.1825168675823505,2.5300572290625887,-0.7279165999999999,0.32110216,0.862975,-0.12344769365860964,0.01578170451122593,0.9922256228223049,-7.158197660513387,1.0245842357284665,1.6085125216162102,1.6213523289831524,1.5056694051121797
05/17/2023 16:16:07.598165,3628,True,True,True,True,Eyes,1.073481,-0.2629845,-3.457454,-0.6233613,0.2475093,0.7417276,0.0,0.0,0.0,0.0,0.0,0.0,0.0,0.9458356,-0.610691,3.465302,1.070989,-0.2650841,-3.472546,-0.1200718,-0.2763867,-0.015326,0.953393,346.2655,327.4025,2.191673,0.2958483,-0.07265484,-0.9524675,0,0,0,0.3430834,0.05602646,-2.609398,-0.1463606,0.05180949,1.163562,0.8467509,0.03714909,0.5306908,0.0955959,0.9706958,-0.2204794,-0.5233299,0.237423,0.8183863,static,-7.182339227118773,0.9892717776274994,-7.169392003454397,2.549503736156804,-0.7279055999999999,0.32111056,0.8631479999999998,-0.1250090746624272,0.017129756716755692,0.9920077112668069,-7.2491089669459345,1.1039054411952312,1.5481397873794114,1.5602856773734755,1.4477946072092263
05/17/2023 16:16:07.618846,3629,True,True,True,True,Eyes,1.07357,-0.2629281,-3.457496,-0.6245173,0.2483242,0.7404817,0.0,0.0,0.0,0.0,0.0,0.0,0.0,0.9452846,-0.6108425,3.465497,1.071028,-0.2650063,-3.472612,-0.1200811,-0.2763182,-0.01519359,0.9534139,346.2686,327.4091,2.205843,0.2958375,-0.07263449,-0.9524724,0,0,0,0.3430834,0.05602646,-2.609398,-0.1464761,0.05182384,1.163599,0.8468348,0.03738964,0.5305401,0.09533275,0.9706994,-0.2205775,-0.5232422,0.2373705,0.8184576,static,-7.281479603296313,1.0500267029501809,-7.174764993515832,2.5501279718600633,-0.7279446,0.32103276,0.8632139999999997,-0.12672303312731903,0.01817765978635319,0.9917715260580555,-7.34870885848239,1.1657666678983456,1.4924416159857485,1.503892225169623,1.3952464614060456
05/17/2023 16:16:07.627794,3630,True,True,True,True,Eyes,1.073657,-0.2628763,-3.457535,-0.6254341,0.2491668,0.7394242,0.0,0.0,0.0,0.0,0.0,0.0,0.0,0.9448949,-0.6122976,3.465386,1.070983,-0.2649078,-3.472673,-0.1202671,-0.2762558,-0.01518807,0.9534087,346.248,327.4147,2.211847,0.2958297,-0.07261449,-0.9524763,0,0,0,0.3430834,0.05602646,-2.609398,-0.1465293,0.05132511,1.163604,0.8469042,0.03748808,0.5304224,0.0954098,0.9706103,-0.2209357,-0.5231159,0.2377189,0.8184372,static,-7.363128374798926,1.0865292534496909,-7.177313172100767,2.525607747799593,-0.7278996,0.32093426,0.8632749999999998,-0.12813473750174137,0.018806065600291827,0.9915784770519613,-7.430639565076861,1.203016539888516,1.440295396132637,1.4510252246098752,1.346633493056652
05/17/2023 16:16:07.647828,3631,True,True,True,True,Eyes,1.073743,-0.2628286,-3.457571,-0.6263062,0.2499773,0.7384118,0.0,0.0,0.0,0.0,0.0,0.0,0.0,0.944648,-0.6136651,3.465231,1.070981,-0.2649763,-3.472688,-0.1204658,-0.2762237,-0.01511511,0.953394,346.2283,327.4157,2.226298,0.2958246,-0.07259496,-0.9524794,0,0,0,0.3430834,0.05602646,-2.609398,-0.1465384,0.05102669,1.163645,0.8469439,0.0377297,0.5303417,0.0953723,0.9705191,-0.2213523,-0.5230584,0.2380529,0.8183769,static,-7.4365738863239015,1.1225504903336245,-7.177503996187942,2.510853578247311,-0.7278975999999999,0.32100276,0.8632900000000001,-0.12940417039156313,0.019426227576049032,0.9914016720887682,-7.504361406051695,1.2397485760877394,1.4022074191871152,1.412268625965236,1.31245712040353
05/17/2023 16:16:07.668096,3632,True,True,True,True,Eyes,1.07383,-0.2627838,-3.457603,-0.6269899,0.2507496,0.7375692,0.0,0.0,0.0,0.0,0.0,0.0,0.0,0.943767,-0.614033,3.465379,1.070999,-0.2650312,-3.47265,-0.1205246,-0.276111,-0.0150486,0.9534203,346.2237,327.428,2.234095,0.295822,-0.07257595,-0.9524817,0,0,0,0.3430834,0.05602646,-2.609398,-0.1468081,0.05102988,1.163609,0.8470725,0.03786103,0.5301271,0.0952516,0.9704947,-0.2215109,-0.5228723,0.2381313,0.8184731,static,-7.506213533134623,1.170327221426278,-7.190795990702755,2.511087933393105,-0.7279156,0.32105766,0.8632519999999997,-0.13060692576524482,0.02024969040597545,0.9912274221244206,-7.574360203595191,1.2883641412277673,1.3678844707493851,1.3773625204816458,1.281473752106916
05/17/2023 16:16:07.687680,3633,True,True,True,True,Eyes,1.073916,-0.2627414,-3.457634,-0.6276301,0.2514693,0.7367792,0.0,0.0,0.0,0.0,0.0,0.0,0.0,0.9421339,-0.6129671,3.466018,1.071055,-0.265054,-3.472637,-0.1203797,-0.2759026,-0.0149028,0.9535012,346.244,327.4531,2.242485,0.2958215,-0.0725575,-0.9524832,0,0,0,0.3430834,0.05602646,-2.609398,-0.1473275,0.05151704,1.163554,0.8473114,0.03800644,0.5297348,0.09484578,0.9705732,-0.2213408,-0.5225589,0.2377877,0.818773,static,-7.583644974690853,1.2406203316535978,-7.216306475694377,2.535148740831982,-0.7279716,0.32108046,0.8632390000000001,-0.13194304151285122,0.021461926847752263,0.9910249039824679,-7.652313426755332,1.359797757701319,1.3367269591134665,1.3456379063533035,1.253615569032104
05/17/2023 16:16:07.698048,3634,True,True,True,True,Eyes,1.074003,-0.2626972,-3.457663,-0.6281321,0.2521757,0.7361097,0.0,0.0,0.0,0.0,0.0,0.0,0.0,0.939918,-0.6112688,3.466942,1.071101,-0.2650646,-3.472645,-0.1201446,-0.2756132,-0.01473471,0.9536172,346.2748,327.4887,2.249147,0.2958231,-0.07253962,-0.9524841,0,0,0,0.3430834,0.05602646,-2.609398,-0.1480265,0.05221228,1.163472,0.8476406,0.0381243,0.5291994,0.09432939,0.9706963,-0.2210217,-0.5221183,0.237266,0.8192053,static,-7.6604518339544905,1.3204429015003167,-7.250686545747677,2.569496733433998,-0.7280176,0.32109106,0.8632469999999999,-0.13326736276748521,0.0228384863605946,0.9908169471283514,-7.729709857671279,1.440873831352929,1.306173795708458,1.3145505188038327,1.2260721791428717
05/17/2023 16:16:07.717718,3635,True,True,True,True,Eyes,1.074085,-0.262651,-3.45769,-0.6285837,0.2528878,0.7354797,0.0,0.0,0.0,0.0,0.0,0.0,0.0,0.9366624,-0.610296,3.467993,1.071192,-0.2649711,-3.472623,-0.119992,-0.275183,-0.01469538,0.9537612,346.2919,327.5422,2.242106,0.2958265,-0.07252221,-0.9524844,0,0,0,0.3430834,0.05602646,-2.609398,-0.1491548,0.05252144,1.163329,0.8481168,0.03800777,0.5284442,0.09407129,0.970772,-0.2207997,-0.5213909,0.2369753,0.8197525,static,-7.751643411180013,1.3862379860979863,-7.30624681748989,2.5850079841795885,-0.7281085999999999,0.32099756,0.8632249999999999,-0.1348406002774116,0.023971119153492065,0.9905773540567021,-7.821394786201609,1.507806473577923,1.2709681954206018,1.2788383924371873,1.194043769763203
05/17/2023 16:16:07.727890,3636,True,True,True,True,Eyes,1.074163,-0.2626157,-3.457716,-0.628947,0.2535909,0.7349268,0.0,0.0,0.0,0.0,0.0,0.0,0.0,0.934046,-0.6126901,3.468235,1.071142,-0.2648796,-3.472605,-0.1203005,-0.2748037,-0.01504289,0.9538263,346.2457,327.5896,2.207936,0.2958314,-0.07250518,-0.9524841,0,0,0,0.3430834,0.05602646,-2.609398,-0.1501156,0.05147991,1.163181,0.8485133,0.03742144,0.5278493,0.09481467,0.970603,-0.2212239,-0.5206106,0.2377592,0.8200215,static,-7.833140272501242,1.3835147170165247,-7.353722859536308,2.5341352663876706,-0.7280586,0.32090606,0.8632070000000001,-0.13624961670620298,0.02391938250310846,0.9903857732308825,-7.902893819151407,1.5053552086131785,1.2390929922014178,1.2465025890422963,1.1661805821394282
05/17/2023 16:16:07.747536,3637,True,True,True,True,Eyes,1.074238,-0.2625864,-3.457743,-0.6292762,0.2542511,0.7344167,0.0,0.0,0.0,0.0,0.0,0.0,0.0,0.9314592,-0.6120467,3.469013,1.07117,-0.2650945,-3.472547,-0.1202366,-0.2744554,-0.01506699,0.9539343,346.2512,327.633,2.197962,0.2958376,-0.07248878,-0.9524834,0,0,0,0.3430834,0.05602646,-2.609398,-0.1510121,0.05184376,1.163083,0.8488945,0.03725336,0.5272481,0.09474503,0.9706323,-0.2211253,-0.5200016,0.2376661,0.8204347,static,-7.905516334953608,1.432718500159128,-7.397771173617861,2.552237191385599,-0.7280865999999999,0.32112096,0.8631489999999999,-0.13749772771367505,0.024765572916176412,0.9901924501066697,-7.975639933764149,1.5554253371229136,1.2222277368732402,1.2292791582326994,1.1522005800864799
05/17/2023 16:16:07.767743,3638,True,True,True,True,Eyes,1.074314,-0.2625571,-3.457768,-0.6295724,0.2548574,0.7339525,0.0,0.0,0.0,0.0,0.0,0.0,0.0,0.9287217,-0.6112334,3.469954,1.071173,-0.2652134,-3.472602,-0.1201388,-0.2740905,-0.01480218,0.9540557,346.2697,327.6752,2.219051,0.2958449,-0.07247314,-0.9524824,0,0,0,0.3430834,0.05602646,-2.609398,-0.1517697,0.05243626,1.163034,0.8493106,0.03761359,0.5265517,0.09410199,0.9706952,-0.2211239,-0.5194384,0.2373524,0.8208821,static,-7.972562361974287,1.4957347343332192,-7.4347799970971895,2.581474987383698,-0.7280895999999999,0.32123986,0.8632040000000001,-0.13865251639244727,0.025850408537688344,0.9900036411595903,-8.043153098782428,1.619455143189445,1.2050062126805732,1.2116277353489897,1.1382442670523985
05/17/2023 16:16:07.777979,3639,True,True,True,True,Eyes,1.074391,-0.2625215,-3.457785,-0.6298323,0.2554525,0.7335225,0.0,0.0,0.0,0.0,0.0,0.0,0.0,0.9270874,-0.6093075,3.470744,1.071294,-0.2651769,-3.472581,-0.1198695,-0.2738966,-0.01453176,0.9541494,346.3077,327.6982,2.237528,0.2958532,-0.07245816,-0.952481,0,0,0,0.3430834,0.05602646,-2.609398,-0.1522863,0.05324714,1.162979,0.849539,0.03793278,0.5261603,0.09339464,0.9708403,-0.2207865,-0.5191926,0.2367072,0.8212239,static,-8.017667100978285,1.5756867495124036,-7.460151077185567,2.621463732605764,-0.7282105999999999,0.32120336,0.8631829999999998,-0.13942672502854672,0.027228870503766614,0.9898579397290772,-8.08883993346279,1.700543598537703,1.1789626880255182,1.185104896265935,1.1150531697363573
05/17/2023 16:16:07.798098,3640,True,True,True,True,Eyes,1.074446,-0.2624876,-3.457811,-0.630037,0.2560397,0.733142,0.0,0.0,0.0,0.0,0.0,0.0,0.0,0.9246937,-0.609848,3.471127,1.071362,-0.2649837,-3.472414,-0.1199127,-0.2735765,-0.01481697,0.9542314,346.2931,327.7403,2.202265,0.2958625,-0.07244363,-0.9524792,0,0,0,0.3430834,0.05602646,-2.609398,-0.1533039,0.05275717,1.162733,0.8498728,0.03733292,0.5256639,0.09388821,0.9708028,-0.2207417,-0.518557,0.236956,0.8215538,static,-8.080235424529988,1.5960251069448013,-7.511004503665231,2.597923487520147,-0.7282785999999999,0.32101016,0.863016,-0.14050626455239185,0.027575992137536323,0.9896957592049458,-8.151569868523678,1.7213622430925182,1.1465424296348212,1.1523125471277487,1.0856719586913668
05/17/2023 16:16:07.817866,3641,True,True,True,True,Eyes,1.074495,-0.262456,-3.457831,-0.6302031,0.2566345,0.7327911,0.0,0.0,0.0,0.0,0.0,0.0,0.0,0.9218902,-0.60993,3.471789,1.071422,-0.264953,-3.472329,-0.1199058,-0.2731811,-0.01533776,0.9543372,346.2762,327.795,2.137751,0.295872,-0.07242953,-0.9524774,0,0,0,0.3430834,0.05602646,-2.609398,-0.1545384,0.05230187,1.162557,0.8502737,0.03623719,0.5250918,0.09478676,0.9707748,-0.2204811,-0.5177355,0.2372411,0.8219895,static,-8.153039675670067,1.611180299284963,-7.571921902205847,2.575922838130782,-0.7283386000000001,0.32097946,0.8629310000000001,-0.14176271289782114,0.027832735459615177,0.9895093138256738,-8.224501481383273,1.7369732940187599,1.1207750317018155,1.1262442154766832,1.0628717912924193
05/17/2023 16:16:07.828135,3642,True,True,True,True,Eyes,1.074495,-0.262456,-3.457831,-0.6302031,0.2566345,0.7327911,0.0,0.0,0.0,0.0,0.0,0.0,0.0,0.9193885,-0.611534,3.471989,1.071306,-0.2649728,-3.472183,-0.1201216,-0.2728131,-0.01579569,0.9544079,346.2369,327.8433,2.088126,0.2958817,-0.07241591,-0.9524754,0,0,0,0.3430834,0.05602646,-2.609398,-0.1555314,0.05149803,1.162284,0.850647,0.03539044,0.5245447,0.09569255,0.9706426,-0.2206715,-0.516955,0.2379086,0.8222876,static,-8.202299955641896,1.5682858312159489,-7.621774822027849,2.536979940052222,-0.7282226,0.32099926,0.8627849999999997,-0.14261631161432434,0.027088576010732,0.9894073007565221,-8.273468927510558,1.693744008967765,1.1236919220627248,1.1293262182610075,1.0657166802639342
05/17/2023 16:16:07.847766,3643,True,True,True,True,Eyes,1.074495,-0.262456,-3.457831,-0.6302031,0.2566345,0.7327911,0.0,0.0,0.0,0.0,0.0,0.0,0.0,0.9176101,-0.6081378,3.473022,1.07134,-0.2651745,-3.472123,-0.1196753,-0.2725744,-0.0158786,0.9545309,346.2832,327.8779,2.0604,0.2958904,-0.07240365,-0.9524736,0,0,0,0.3430834,0.05602646,-2.609398,-0.1562494,0.05261381,1.16217,0.8509022,0.03492762,0.5241618,0.09555406,0.9708514,-0.2198113,-0.5165608,0.2371237,0.8227621,static,-8.234917490593979,1.6130773357571493,-7.657285911192948,2.592127045379223,-0.7282565999999999,0.32120096,0.8627249999999997,-0.1431765056723562,0.0278597691973706,0.9893049739907267,-8.306414516722391,1.7391996795677076,1.1309910056806955,1.1367482462851646,1.0718456222174773
05/17/2023 16:16:07.868014,3644,True,True,True,True,Eyes,1.074495,-0.262456,-3.457831,-0.6302031,0.2566345,0.7327911,0.0,0.0,0.0,0.0,0.0,0.0,0.0,0.916599,-0.6023156,3.474204,1.071313,-0.2652362,-3.472027,-0.1188813,-0.2724449,-0.01581557,0.954668,346.3729,327.9008,2.039106,0.2958983,-0.07239262,-0.952472,0,0,0,0.3430834,0.05602646,-2.609398,-0.1566753,0.05448875,1.161955,0.8510473,0.03457998,0.5239492,0.09497445,0.9712342,-0.2183666,-0.5164285,0.2356021,0.823282,static,-8.254766425954054,1.7013197353915868,-7.679312988397853,2.6848629773396913,-0.7282295999999999,0.32126266,0.8626290000000001,-0.14351296376244405,0.029381937499154784,0.9892121820216254,-8.326897976118142,1.8285843496525493,1.1337623510486896,1.1395191826279347,1.0735825094302076
05/17/2023 16:16:07.878224,3645,True,True,True,True,Eyes,1.074495,-0.262456,-3.457831,-0.6302031,0.2566345,0.7327911,0.0,0.0,0.0,0.0,0.0,0.0,0.0,0.9150182,-0.5993934,3.475058,1.07132,-0.2651892,-3.47196,-0.1184645,-0.2722242,-0.01605943,0.9547787,346.4108,327.9348,1.994626,0.2959053,-0.07238269,-0.9524706,0,0,0,0.3430834,0.05602646,-2.609398,-0.1573949,0.05514976,1.161769,0.8512722,0.03383138,0.5236326,0.09516419,0.9714166,-0.2174712,-0.5160228,0.2349582,0.8237203,static,-8.287682530803197,1.7352503758569986,-7.715380022621571,2.7178192689643996,-0.7282366,0.32121566,0.862562,-0.1440787408137935,0.02996525570398037,0.9891124354567465,-8.360064764428445,1.8630488247213144,1.1312966179953166,1.1370891744156584,1.0706310889704806
05/17/2023 16:16:07.898114,3646,True,True,True,True,Eyes,1.074495,-0.262456,-3.457831,-0.6302031,0.2566345,0.7327911,0.0,0.0,0.0,0.0,0.0,0.0,0.0,0.9141061,-0.5938725,3.476168,1.071248,-0.2654096,-3.471888,-0.1177298,-0.2720928,-0.01616293,0.9549053,346.4887,327.9592,1.956669,0.2959117,-0.07237376,-0.9524693,0,0,0,0.3430834,0.05602646,-2.609398,-0.1578229,0.0568921,1.161588,0.8514086,0.0331987,0.5234514,0.09493498,0.9717569,-0.2160459,-0.5158399,0.2336372,0.8242104,static,-8.310089096487395,1.809280699342708,-7.737297388789829,2.8039842791641405,-0.7281645999999999,0.32143606,0.8624899999999998,-0.14445989280714902,0.03124148121080439,0.9890173503538611,-8.383005184032086,1.9380589810561166,1.1419720668211386,1.1478351589477767,1.0801690510008548
05/17/2023 16:16:07.917926,3647,True,True,True,True,Eyes,1.074495,-0.262456,-3.457831,-0.6302031,0.2566345,0.7327911,0.0,0.0,0.0,0.0,0.0,0.0,0.0,0.9130486,-0.5871968,3.477595,1.071308,-0.2655373,-3.471875,-0.1168279,-0.2719713,-0.01589743,0.9550552,346.5968,327.9795,1.954789,0.2959174,-0.07236572,-0.9524681,0,0,0,0.3430834,0.05602646,-2.609398,-0.1581995,0.05922602,1.161484,0.8515578,0.03318183,0.5232097,0.09391353,0.972197,-0.2145069,-0.5157806,0.2318015,0.8247657,static,-8.32656250297432,1.9185379811831684,-7.756221824106865,2.919079767353308,-0.7282245999999999,0.32156376,0.8624769999999997,-0.14473545647738956,0.03312603160960688,0.9889157313680226,-8.400262079465238,2.048700244505053,1.1458305315298023,1.1516824023330061,1.0827503702680663
05/17/2023 16:16:07.927775,3648,True,True,True,True,Eyes,1.074495,-0.262456,-3.457831,-0.6302031,0.2566345,0.7327911,0.0,0.0,0.0,0.0,0.0,0.0,0.0,0.9123363,-0.583741,3.478324,1.07128,-0.2655165,-3.471845,-0.1163524,-0.2718846,-0.01568012,0.9551414,346.6563,327.992,1.962177,0.2959225,-0.07235848,-0.952467,0,0,0,0.3430834,0.05602646,-2.609398,-0.1583866,0.06045565,1.16135,0.8516657,0.0333154,0.5230255,0.09322231,0.9724325,-0.2137396,-0.5157278,0.2307923,0.8250817,static,-8.336643798734865,1.9799003022656858,-7.766168177093318,2.9799197592864815,-0.7281966,0.32154296,0.862447,-0.14490428904445507,0.03418426224824421,0.9888549910427384,-8.41078362694189,2.110842956443365,1.1454945829793357,1.1512955091146133,1.0820460098459266
05/17/2023 16:16:07.947593,3649,True,True,True,True,Eyes,1.074495,-0.262456,-3.457831,-0.6302031,0.2566345,0.7327911,0.0,0.0,0.0,0.0,0.0,0.0,0.0,0.9120991,-0.5806744,3.478817,1.071338,-0.265441,-3.47175,-0.1159207,-0.2718685,-0.01566087,0.9551988,346.7047,327.9979,1.949796,0.2959272,-0.07235197,-0.9524661,0,0,0,0.3430834,0.05602646,-2.609398,-0.1585825,0.06135139,1.161221,0.8516845,0.03311187,0.5230078,0.09294886,0.9726343,-0.2129392,-0.5157461,0.22997,0.8252999,static,-8.341334749709992,2.026893244020127,-7.776509533079179,3.024325645345521,-0.7282545999999999,0.32146746,0.862352,-0.1449811785195261,0.03499489291298438,0.9888153646784461,-8.415810932059905,2.1584222060493645,1.1404732383211122,1.1462543001253198,1.0763340768198444
05/17/2023 16:16:07.967910,3650,True,True,True,True,Eyes,1.074114,-0.2624737,-3.458091,-0.6299439,0.2562374,0.7331529,0.0,0.0,0.0,0.0,0.0,0.0,0.0,0.9120392,-0.5798638,3.478866,1.071306,-0.2654787,-3.471655,-0.1158109,-0.2718516,-0.01592389,0.9552127,346.7085,328.0042,1.916393,0.2959313,-0.07234611,-0.9524652,0,0,0,0.3430834,0.05602646,-2.609398,-0.1587586,0.06140347,1.161114,0.8516863,0.03254535,0.5230404,0.09338813,0.9726686,-0.2125901,-0.5156638,0.2299058,0.8253691,static,-8.325299904839417,2.0006678522903685,-7.785747838379151,3.0271665821157296,-0.7282226,0.32150516,0.862257,-0.1447067213241548,0.03454369341988095,0.9888714755381036,-8.399584823092205,2.131819406305196,1.1534161933881741,1.1596620519593728,1.0855608730207225
05/17/2023 16:16:07.978469,3651,True,True,True,True,Eyes,1.073744,-0.2624898,-3.458335,-0.6297039,0.255805,0.7335098,0.0,0.0,0.0,0.0,0.0,0.0,0.0,0.9114777,-0.5767969,3.479441,1.07128,-0.2656725,-3.471566,-0.115414,-0.2717769,-0.01596644,0.9552812,346.7509,328.0176,1.897418,0.2959235,-0.07234105,-0.952468,0,0,0,0.3430834,0.05602646,-2.609398,-0.1590286,0.06243812,1.160993,0.8517648,0.03222885,0.5229322,0.09323861,0.9728493,-0.211827,-0.5155612,0.2291843,0.8256338,static,-8.31567654874795,2.0137225425339844,-7.7996290128053225,3.078397322022244,-0.7281966,0.32169896,0.862168,-0.14453947529849787,0.03476985839419257,0.9888878720178202,-8.390052011711157,2.144996086180042,1.1763868244467202,1.1831472627829687,1.1044623962402291
05/17/2023 16:16:07.997745,3652,True,True,True,True,Eyes,1.073471,-0.2624975,-3.458517,-0.6295435,0.2555366,0.7337411,0.0,0.0,0.0,0.0,0.0,0.0,0.0,0.9113854,-0.5730985,3.479866,1.071168,-0.2656386,-3.471393,-0.1149162,-0.271788,-0.01547064,0.9553461,346.8219,328.015,1.936739,0.2959052,-0.0723367,-0.952474,0,0,0,0.3430834,0.05602646,-2.609398,-0.1588849,0.0639943,1.16072,0.8517839,0.03290605,0.5228587,0.09202532,0.9731098,-0.21116,-0.5157475,0.227979,0.8258511,static,-8.295339153966644,2.072978924035459,-7.794478113127409,3.1557093575037887,-0.7280845999999999,0.32166506,0.8619949999999998,-0.1441832478844474,0.03579444877950817,0.9889033939809706,-8.370131791946076,2.2048935427382004,1.1860093106557188,1.1929656213776991,1.1114980303832367
05/17/2023 16:16:08.018125,3653,True,True,True,True,Eyes,1.07321,-0.2625062,-3.458686,-0.6293771,0.2552463,0.7339849,0.0,0.0,0.0,0.0,0.0,0.0,0.0,0.9114087,-0.5723841,3.479951,1.07128,-0.2655367,-3.471339,-0.1148043,-0.271809,-0.01546481,0.9553537,346.8345,328.0135,1.933986,0.2958805,-0.0723328,-0.952482,0,0,0,0.3430834,0.05602646,-2.609398,-0.1589752,0.06414217,1.160702,0.8517614,0.032861,0.5228984,0.09195843,0.9731616,-0.2109506,-0.5157967,0.2277645,0.8258796,static,-8.278433497692445,2.0665446010693747,-7.798972951578568,3.1630353376287923,-0.7281966,0.32156316,0.8619409999999998,-0.14389202519321762,0.035684924360096015,0.9889498027480057,-8.353175772942294,2.1983180838680685,1.1894986154503477,1.1967348706544954,1.1125736590945996
05/17/2023 16:16:08.027824,3654,True,True,True,True,Eyes,1.073098,-0.2625104,-3.458759,-0.6293191,0.2551089,0.7340823,0.0,0.0,0.0,0.0,0.0,0.0,0.0,0.9096152,-0.5689112,3.480844,1.071313,-0.2655585,-3.471182,-0.114328,-0.2715801,-0.01548527,0.9554756,346.8862,328.0461,1.912733,0.2958504,-0.07232936,-0.9524916,0,0,0,0.3430834,0.05602646,-2.609398,-0.1597081,0.06522246,1.160451,0.852009,0.03250683,0.522517,0.09169001,0.9733787,-0.2100643,-0.5154354,0.2268863,0.8263468,static,-8.303574343953523,2.1087355748313987,-7.836155434487349,3.216890827952361,-0.7282295999999999,0.32158496,0.8617840000000001,-0.14432216166384385,0.036410841532448474,0.9888605907451689,-8.37862414796857,2.2411137715436023,1.1952380550764472,1.2027005038438006,1.116428756759567
05/17/2023 16:16:08.047901,3655,True,True,True,True,Eyes,1.072986,-0.2625139,-3.458828,-0.6292531,0.2549719,0.7341865,0.0,0.0,0.0,0.0,0.0,0.0,0.0,0.9074577,-0.5694385,3.481221,1.071317,-0.2656095,-3.471076,-0.1144069,-0.2712928,-0.01548774,0.9555477,346.8768,328.0803,1.911047,0.2958199,-0.07232631,-0.9525013,0,0,0,0.3430834,0.05602646,-2.609398,-0.1604379,0.06514345,1.160293,0.8523207,0.03247694,0.5220101,0.09167406,0.9733424,-0.210239,-0.5149226,0.2270458,0.8266226,static,-8.33070531449378,2.0928439159852514,-7.8725740009265195,3.2134386856571786,-0.7282336,0.32163596,0.8616779999999999,-0.1447918543720455,0.03613406301684098,0.9888021029654364,-8.405648981507643,2.2251313013516656,1.2028915939384666,1.210626671722932,1.1229071291938482
05/17/2023 16:16:08.067660,3656,True,True,True,True,Eyes,1.0729,-0.2625217,-3.458875,-0.6291969,0.2549282,0.7342498,0.0,0.0,0.0,0.0,0.0,0.0,0.0,0.9063097,-0.5687782,3.481545,1.071226,-0.2655938,-3.471022,-0.1143133,-0.2711283,-0.01552026,0.9556051,346.8858,328.1015,1.90201,0.2957891,-0.0723236,-0.9525111,0,0,0,0.3430834,0.05602646,-2.609398,-0.1608067,0.06533246,1.160129,0.8524972,0.03232462,0.5217314,0.0916496,0.9733832,-0.2100607,-0.5146347,0.2268926,0.8268439,static,-8.346673156225338,2.0990734100324437,-7.89154444115442,3.223197288023885,-0.7281426,0.32162026,0.861624,-0.14506685802334585,0.03624009405543488,0.9887578860423707,-8.421665476851674,2.2314959429337704,1.2049394432756448,1.2127640497444756,1.1244998311881915
05/17/2023 16:16:08.078351,3657,True,True,True,True,Eyes,1.07282,-0.262536,-3.458918,-0.6291383,0.2548429,0.7343298,0.0,0.0,0.0,0.0,0.0,0.0,0.0,0.9059786,-0.5678554,3.481688,1.071219,-0.265721,-3.470921,-0.1142065,-0.2710914,-0.01547425,0.9556291,346.899,328.1064,1.903136,0.2957589,-0.07232133,-0.9525206,0,0,0,0.3430834,0.05602646,-2.609398,-0.1609359,0.06575531,1.160043,0.85254,0.0323455,0.5216601,0.09149606,0.9734349,-0.2098882,-0.514591,0.2266679,0.8269327,static,-8.345853013704415,2.107297407076549,-7.8983830325371835,3.2442542944833694,-0.7281355999999999,0.32174746,0.861523,-0.1450519750083251,0.03638210100995083,0.988754988178379,-8.420903763184688,2.2398164057696373,1.213836992104687,1.2218430127752127,1.132220555474993
05/17/2023 16:16:08.107589,3658,True,True,True,True,Eyes,1.072715,-0.2625478,-3.458969,-0.6290473,0.2548274,0.7344131,0.0,0.0,0.0,0.0,0.0,0.0,0.0,0.9045602,-0.5640843,3.482618,1.071284,-0.2658854,-3.470836,-0.1137135,-0.2709246,-0.01519402,0.9557397,346.9622,328.128,1.916007,0.2957293,-0.07231965,-0.9525299,0,0,0,0.3430834,0.05602646,-2.609398,-0.1613922,0.0672694,1.159917,0.852738,0.03257252,0.5213223,0.09065863,0.9736767,-0.2091281,-0.5144113,0.2255939,0.8273382,static,-8.357463056291417,2.1724035126385877,-7.921342892110997,3.319151500622221,-0.7282005999999999,0.32191186,0.8614379999999997,-0.14524629215888307,0.03750453377456463,0.9886844974207438,-8.432981159808422,2.3057539337167032,1.2187103312238179,1.2268788634373273,1.1352305253041985
05/17/2023 16:16:08.118003,3659,True,True,True,True,Eyes,1.072617,-0.2625582,-3.459018,-0.6289507,0.2548015,0.7345048,0.0,0.0,0.0,0.0,0.0,0.0,0.0,0.9020635,-0.561745,3.483516,1.071278,-0.2657862,-3.470717,-0.1133782,-0.2705968,-0.01511121,0.9558737,347.0013,328.17,1.909717,0.2956997,-0.07231843,-0.9525392,0,0,0,0.3430834,0.05602646,-2.609398,-0.1622497,0.06802641,1.159633,0.853098,0.03247074,0.5207393,0.09024835,0.9738341,-0.2085723,-0.5138862,0.2249285,0.8278455,static,-8.389626609014307,2.211452119824973,-7.964816798275575,3.357238469525555,-0.7281945999999999,0.32181266,0.861319,-0.14579756999577953,0.038175210608982726,0.9885776704609839,-8.465431693342776,2.3453955020314208,1.213701561763379,1.2220023463398348,1.1289116280871943
05/17/2023 16:16:08.127908,3660,True,True,True,True,Eyes,1.072574,-0.2625648,-3.459036,-0.628969,0.2548534,0.7344711,0.0,0.0,0.0,0.0,0.0,0.0,0.0,0.9007706,-0.5607146,3.484025,1.071347,-0.2657638,-3.470706,-0.113231,-0.2704313,-0.01507593,0.9559385,347.0184,328.1911,1.906546,0.2956702,-0.07231757,-0.9525484,0,0,0,0.3430834,0.05602646,-2.609398,-0.1627164,0.06836483,1.159577,0.8532792,0.03241907,0.5204455,0.0900657,0.9739029,-0.2083296,-0.5136172,0.2246377,0.8280913,static,-8.411443364375598,2.232820911675519,-7.98781254019511,3.374064242679811,-0.7282636,0.32179026,0.8613079999999997,-0.14617192364300638,0.038541750807819464,0.9885081473467688,-8.487406611746739,2.367104558700113,1.2090344663373658,1.2173329108167628,1.1240827556234583
05/17/2023 16:16:08.147732,3661,True,True,True,True,Eyes,1.072533,-0.2625735,-3.459049,-0.6289788,0.2549082,0.7344437,0.0,0.0,0.0,0.0,0.0,0.0,0.0,0.9000398,-0.5602111,3.484306,1.07142,-0.2657249,-3.470698,-0.113149,-0.2703318,-0.01529109,0.955973,347.0205,328.2064,1.878335,0.2956424,-0.07231697,-0.9525571,0,0,0,0.3430834,0.05602646,-2.609398,-0.1631147,0.06830391,1.159554,0.8533738,0.03193982,0.5203202,0.09041129,0.973927,-0.2080674,-0.5133995,0.2246021,0.828236,static,-8.428533190556145,2.235217887563128,-8.007268724901667,3.37113125764811,-0.7283366,0.32175136,0.8613,-0.14646653991727626,0.03858140582741269,0.9884629975651147,-8.50451805872714,2.3695944957702655,1.2032075730214815,1.2115126637229072,1.1181828049932776
05/17/2023 16:16:08.167865,3662,True,True,True,True,Eyes,1.072504,-0.2625847,-3.459055,-0.6290208,0.2550547,0.7343568,0.0,0.0,0.0,0.0,0.0,0.0,0.0,0.8994502,-0.5599555,3.484428,1.071421,-0.2657832,-3.470622,-0.1131174,-0.2702477,-0.01550494,0.955997,347.0171,328.2195,1.852138,0.2956162,-0.07231668,-0.9525653,0,0,0,0.3430834,0.05602646,-2.609398,-0.1634406,0.06824942,1.159471,0.8534516,0.03149408,0.5202197,0.09078477,0.9739281,-0.2078995,-0.5132042,0.2246602,0.8283413,static,-8.446671058172539,2.237969166443381,-8.023625829424375,3.368688678219474,-0.7283375999999999,0.32180966,0.861224,-0.1467791799420014,0.03862705920795502,0.9884147910485098,-8.522680351378146,2.3724469457548647,1.1989905533910648,1.2072671120666514,1.114249974371367
05/17/2023 16:16:08.178268,3663,True,True,True,True,Eyes,1.072472,-0.2625939,-3.459059,-0.6290616,0.2551865,0.7342761,0.0,0.0,0.0,0.0,0.0,0.0,0.0,0.89908,-0.5593609,3.484586,1.07145,-0.2658562,-3.470575,-0.113042,-0.2701977,-0.01564718,0.9560177,347.0209,328.2279,1.83301,0.2955919,-0.07231672,-0.9525729,0,0,0,0.3430834,0.05602646,-2.609398,-0.1636713,0.06836043,1.159435,0.8534967,0.03116941,0.5201652,0.09100533,0.9739534,-0.2076846,-0.5130901,0.2245959,0.8284294,static,-8.459709679044215,2.2477163734658294,-8.035049776592754,3.3742598396587637,-0.7283666,0.32188266,0.8611770000000001,-0.14700316019897594,0.03879390530832179,0.9883750002961745,-8.53579193496414,2.382360913852644,1.1956840419943722,1.2039253357131727,1.111128340105574
05/17/2023 16:16:08.197925,3664,True,True,True,True,Eyes,1.072448,-0.2626048,-3.459056,-0.6291209,0.255371,0.734161,0.0,0.0,0.0,0.0,0.0,0.0,0.0,0.8992877,-0.558117,3.484663,1.071375,-0.2658145,-3.470531,-0.1128641,-0.2702164,-0.0157661,0.9560316,347.0369,328.2287,1.814083,0.2955691,-0.07231702,-0.9525799,0,0,0,0.3430834,0.05602646,-2.609398,-0.1636587,0.06860617,1.159332,0.8534691,0.03084964,0.5202295,0.09114119,0.9740263,-0.2072827,-0.5131118,0.2243237,0.8284897,static,-8.466907215424529,2.2724770454265464,-8.035143779055417,3.386661507734274,-0.7282915999999999,0.32184096,0.8611329999999997,-0.14712485314687684,0.03922031149343992,0.9883399582793753,-8.543167949049705,2.407448196888103,1.1868703662746003,1.1949170184716693,1.103153328162819
05/17/2023 16:16:08.217989,3665,True,True,True,True,Eyes,1.072425,-0.2626148,-3.459054,-0.6291681,0.2555398,0.7340619,0.0,0.0,0.0,0.0,0.0,0.0,0.0,0.8987518,-0.5577031,3.484819,1.071418,-0.2658687,-3.470465,-0.1128116,-0.2701479,-0.01588672,0.9560552,347.0388,328.2389,1.797882,0.2955481,-0.07231761,-0.9525864,0,0,0,0.3430834,0.05602646,-2.609398,-0.1639454,0.06867336,1.15928,0.8535355,0.03057447,0.5201368,0.09132878,0.9740423,-0.2071247,-0.5129681,0.2242918,0.8285874,static,-8.482434896892947,2.2831662287971386,-8.049391877881698,3.390122234333758,-0.7283345999999999,0.32189516,0.8610669999999998,-0.14739164581970757,0.03940311720770025,0.988293001882607,-8.558775970003525,2.4183248561868873,1.180657501926863,1.1886453863570772,1.0972065883323479
05/17/2023 16:16:08.228218,3666,True,True,True,True,Eyes,1.07242,-0.2626263,-3.459043,-0.6292091,0.255736,0.7339585,0.0,0.0,0.0,0.0,0.0,0.0,0.0,0.8976337,-0.5566246,3.48527,1.071421,-0.2658493,-3.470456,-0.1126564,-0.269994,-0.0159569,0.9561158,347.0535,328.2598,1.782797,0.2955286,-0.07231843,-0.9525924,0,0,0,0.3430834,0.05602646,-2.609398,-0.1643683,0.06893665,1.159194,0.8536973,0.03031982,0.5198861,0.09134639,0.9741078,-0.2068086,-0.5126956,0.2240417,0.8288236,static,-8.507729318427513,2.309201595437132,-8.07047306933728,3.40334117354218,-0.7283375999999999,0.32187576,0.8610579999999999,-0.14782532292763453,0.039849590738882765,0.98821038092116,-8.584262753751545,2.4447699805939074,1.1704231074647382,1.1782760473438947,1.087583822866442
05/17/2023 16:16:08.247842,3667,True,True,True,True,Eyes,1.072413,-0.2626369,-3.45903,-0.6292404,0.2559265,0.7338652,0.0,0.0,0.0,0.0,0.0,0.0,0.0,0.8969264,-0.5556091,3.48564,1.071454,-0.2659108,-3.470467,-0.1125224,-0.2699009,-0.01595486,0.9561578,347.0682,328.2723,1.777356,0.2955109,-0.07231951,-0.9525979,0,0,0,0.3430834,0.05602646,-2.609398,-0.1646287,0.06928936,1.159182,0.8537979,0.03022909,0.5197263,0.09125055,0.9741683,-0.2065659,-0.5125452,0.2237909,0.8289844,static,-8.52373928481965,2.335730612680969,-8.083172424230737,3.4207482367943363,-0.7283705999999999,0.32193726,0.8610690000000001,-0.14809873274717514,0.04030547748814366,0.9881509095318303,-8.600466142833286,2.4716799875266413,1.16331050565736,1.1710518362932474,1.0808900652118605
05/17/2023 16:16:08.268004,3668,True,True,True,True,Eyes,1.072417,-0.2626504,-3.459015,-0.6292066,0.2562189,0.7337921,0.0,0.0,0.0,0.0,0.0,0.0,0.0,0.8959138,-0.5560032,3.485772,1.071421,-0.2659011,-3.470412,-0.1125772,-0.2697651,-0.0158946,0.9561906,347.0638,328.2876,1.784045,0.295495,-0.0723208,-0.9526027,0,0,0,0.3430834,0.05602646,-2.609398,-0.1649216,0.06924333,1.159078,0.8539482,0.03034228,0.5194725,0.09113533,0.9741475,-0.2067149,-0.5123151,0.2238661,0.8291063,static,-8.538448694345579,2.350941737971669,-8.098079992306191,3.4187871722124097,-0.7283375999999999,0.32192756,0.861014,-0.14835084136186988,0.04056626309310653,0.9881023845680494,-8.61528792147124,2.4871302556745976,1.147495533967482,1.1550837481172747,1.0655930987595317
05/17/2023 16:16:08.277922,3669,True,True,True,True,Eyes,1.072419,-0.2626633,-3.458999,-0.6291777,0.2564856,0.7337238,0.0,0.0,0.0,0.0,0.0,0.0,0.0,0.8959837,-0.5551288,3.485965,1.071453,-0.2659942,-3.470468,-0.1124707,-0.2697807,-0.01575194,0.9562011,347.0801,328.285,1.79678,0.2954809,-0.07232236,-0.952607,0,0,0,0.3430834,0.05602646,-2.609398,-0.1648414,0.0696831,1.159152,0.8539406,0.03056079,0.5194724,0.09080887,0.9742044,-0.2065901,-0.5123858,0.2235883,0.8291375,static,-8.535276653937641,2.3850251853881983,-8.093684277636974,3.440229065141501,-0.7283696,0.32202066,0.8610699999999998,-0.14829257786663883,0.041154413325865544,0.9880868795225249,-8.612358093122397,2.5216143441632304,1.1364669310617868,1.1438789510491452,1.0549291599288517
05/17/2023 16:16:08.298142,3670,True,True,True,True,Eyes,1.072449,-0.2626706,-3.458968,-0.6290751,0.2568319,0.7336906,0.0,0.0,0.0,0.0,0.0,0.0,0.0,0.8960521,-0.5542004,3.486082,1.071434,-0.2659914,-3.47046,-0.1123468,-0.2697958,-0.01558857,0.9562142,347.099,328.2824,1.81126,0.2954683,-0.07232414,-0.9526107,0,0,0,0.3430834,0.05602646,-2.609398,-0.164749,0.07010446,1.159121,0.8539345,0.03080934,0.5194677,0.09043337,0.9742703,-0.2064437,-0.5124624,0.2232666,0.8291769,static,-8.527120107862277,2.4263802513836943,-8.089420995217447,3.4610733759450807,-0.7283506,0.32201786,0.861062,-0.14814751059597583,0.0418685052591537,0.9880786133691789,-8.604494293160885,2.563439407239566,1.116275162032727,1.1234635620369167,1.0349141239872721
05/17/2023 16:16:08.318035,3671,True,True,True,True,Eyes,1.072477,-0.2626775,-3.458939,-0.6289733,0.2571738,0.7336581,0.0,0.0,0.0,0.0,0.0,0.0,0.0,0.8954637,-0.5539548,3.486259,1.071486,-0.2658884,-3.470438,-0.1122982,-0.2697241,-0.01557856,0.9562404,347.1046,328.2914,1.809811,0.295458,-0.072326,-0.9526138,0,0,0,0.3430834,0.05602646,-2.609398,-0.1649815,0.07012363,1.159074,0.8540124,0.0307854,0.5193411,0.09037276,0.9742929,-0.2063644,-0.5123433,0.223172,0.829276,static,-8.531211212054128,2.452572756973317,-8.101009788711588,3.4621575436521006,-0.7284025999999999,0.32191486,0.86104,-0.14821524036424838,0.04231976182713988,0.9880492211917391,-8.608773262597142,2.5899642289787566,1.0904306109649133,1.0974218451166318,1.009229866568167
05/17/2023 16:16:08.327702,3672,True,True,True,True,Eyes,1.072509,-0.2626819,-3.45891,-0.6288367,0.2575719,0.7336355,0.0,0.0,0.0,0.0,0.0,0.0,0.0,0.8951882,-0.5548543,3.486202,1.071485,-0.2658878,-3.470454,-0.112421,-0.269684,-0.01559524,0.9562368,347.0904,328.2953,1.81141,0.2954496,-0.07232789,-0.9526162,0,0,0,0.3430834,0.05602646,-2.609398,-0.1650559,0.06984198,1.159092,0.8540547,0.03081082,0.51927,0.09046178,0.9742365,-0.2065906,-0.512257,0.2234138,0.8292641,static,-8.5286493369357,2.4623160727160047,-8.104490303993247,3.448232065950924,-0.7284016,0.32191426,0.861056,-0.14816999775680614,0.04248807190380714,0.9880487545194291,-8.606280189295896,2.5998158811650454,1.0664891322042378,1.0732852514327562,0.9856993008005392
05/17/2023 16:16:08.347905,3673,True,True,True,True,Eyes,1.072539,-0.2626905,-3.458879,-0.6286974,0.2579677,0.7336159,0.0,0.0,0.0,0.0,0.0,0.0,0.0,0.8951433,-0.5552354,3.486206,1.071532,-0.2658351,-3.470497,-0.1124615,-0.2696752,-0.01571993,0.9562325,347.0819,328.2975,1.798623,0.2954431,-0.07232974,-0.9526181,0,0,0,0.3430834,0.05602646,-2.609398,-0.1651384,0.06957282,1.159144,0.8540564,0.03059236,0.5192801,0.09071997,0.9742106,-0.2066002,-0.5122086,0.2235573,0.8292553,static,-8.524614303886283,2.475408988713464,-8.10812840401658,3.4348212762924306,-0.7284485999999999,0.32186156,0.8610989999999998,-0.1480989931676631,0.04271431618462081,0.9880497048015677,-8.602337454101887,2.6130521611155473,1.0393303412074324,1.0459122536560042,0.9589301663024365
05/17/2023 16:16:08.367789,3674,True,True,True,True,Eyes,1.072538,-0.2627026,-3.458869,-0.6285159,0.2583801,0.7336262,0.0,0.0,0.0,0.0,0.0,0.0,0.0,0.8943148,-0.5564008,3.486124,1.071506,-0.2659456,-3.470387,-0.1126387,-0.2695645,-0.0157449,0.9562426,347.0613,328.3096,1.800099,0.2954383,-0.07233169,-0.9526195,0,0,0,0.3430834,0.05602646,-2.609398,-0.1654167,0.06930779,1.159052,0.8541741,0.03061494,0.519085,0.0908387,0.9741292,-0.2069314,-0.5119912,0.2239084,0.829295,static,-8.526875567776926,2.4799220536509026,-8.122246554941759,3.42203880960025,-0.7284226,0.32197206,0.860989,-0.14813748608173885,0.042791890304828925,0.9880405119714386,-8.604631500199378,2.617628309261973,1.0188159487737236,1.0253334188782128,0.9379613469997969
05/17/2023 16:16:08.387615,3675,True,True,True,True,Eyes,1.072536,-0.2627087,-3.45886,-0.6283327,0.2587757,0.7336437,0.0,0.0,0.0,0.0,0.0,0.0,0.0,0.8937379,-0.5547599,3.486607,1.071562,-0.2660028,-3.47044,-0.1124176,-0.2694911,-0.01570372,0.9562898,347.087,328.3201,1.796475,0.295434,-0.07233379,-0.9526206,0,0,0,0.3430834,0.05602646,-2.609398,-0.1656264,0.06986941,1.159079,0.854256,0.03055645,0.5189539,0.09062569,0.9742314,-0.2065436,-0.5118924,0.2234716,0.8294737,static,-8.52631018583115,2.5288028150101995,-8.132218632656617,3.449621664236025,-0.7284785999999999,0.32202926,0.8610419999999999,-0.14812233080444073,0.04363490222109369,0.9880059178844453,-8.60441454202877,2.6670985573376385,0.9952473600177972,1.0016064623259424,0.9139537130827243
05/17/2023 16:16:08.397889,3676,True,True,True,True,Eyes,1.07251,-0.2627148,-3.458859,-0.6281025,0.2591892,0.7336949,0.0,0.0,0.0,0.0,0.0,0.0,0.0,0.8926284,-0.555011,3.486857,1.071541,-0.265867,-3.470462,-0.112433,-0.2693385,-0.01564534,0.956332,347.0868,328.3377,1.801437,0.2954301,-0.07233587,-0.9526216,0,0,0,0.3430834,0.05602646,-2.609398,-0.1659385,0.06976782,1.159006,0.854424,0.03064081,0.5186722,0.09048938,0.974228,-0.2066189,-0.5116359,0.2234744,0.8296312,static,-8.529647588728976,2.554502184580362,-8.14784339438282,3.444834443175464,-0.7284576,0.32189346,0.8610639999999998,-0.1481770030895598,0.0440776932804567,0.9879781024392043,-8.607936093885721,2.6931214542734545,0.9625943736399113,0.9687445347021953,0.8813385897711843
05/17/2023 16:16:08.417849,3677,True,True,True,True,Eyes,1.072483,-0.2627297,-3.458857,-0.6278778,0.2595857,0.7337471,0.0,0.0,0.0,0.0,0.0,0.0,0.0,0.8908141,-0.5557147,3.487074,1.071398,-0.2658522,-3.470372,-0.1125257,-0.2690747,-0.01577839,0.9563931,347.0719,328.3705,1.785909,0.295426,-0.07233793,-0.9526228,0,0,0,0.3430834,0.05602646,-2.609398,-0.166528,0.06947924,1.158777,0.8546997,0.03037497,0.5182334,0.09073633,0.974178,-0.2067465,-0.5111314,0.2237288,0.8298735,static,-8.54900098425247,2.5624042220751524,-8.177992060183264,3.4312960540603354,-0.7283146,0.32187866,0.8609739999999997,-0.14850983959759942,0.04421172104243591,0.9879221757815244,-8.627350967053527,2.701191550892878,0.938726497196338,0.9447860273255297,0.8573074201994504
05/17/2023 16:16:08.437831,3678,True,True,True,True,Eyes,1.072465,-0.2627433,-3.458852,-0.6276539,0.2599091,0.7338241,0.0,0.0,0.0,0.0,0.0,0.0,0.0,0.890102,-0.5560143,3.48717,1.071372,-0.2660828,-3.470324,-0.1126035,-0.2689846,-0.01558869,0.9564124,347.069,328.3785,1.808504,0.2954216,-0.07234021,-0.952624,0,0,0,0.3430834,0.05602646,-2.609398,-0.1666534,0.06973469,1.158756,0.8548086,0.03075878,0.5180311,0.09039565,0.9741549,-0.2070045,-0.5110097,0.223777,0.8299355,static,-8.541931723063476,2.581952364607423,-8.18421322228352,3.4439436413440507,-0.7282886,0.32210926,0.8609260000000001,-0.1483857093036574,0.044549614193686096,0.9879255950416883,-8.620419232702522,2.7209498306169078,0.9271832007207715,0.9332692467719597,0.8443907471517077
05/17/2023 16:16:08.447746,3679,True,True,True,True,Eyes,1.072451,-0.2627481,-3.458846,-0.6274384,0.2602174,0.7338991,0.0,0.0,0.0,0.0,0.0,0.0,0.0,0.8888426,-0.5528778,3.487991,1.071403,-0.2661251,-3.470313,-0.1121823,-0.2688325,-0.0152609,0.9565099,347.1257,328.3969,1.829457,0.2954172,-0.07234266,-0.9526252,0,0,0,0.3430834,0.05602646,-2.609398,-0.1669811,0.07100624,1.158655,0.8549923,0.03112208,0.517706,0.08951089,0.9743645,-0.2064017,-0.5108579,0.2228122,0.8302884,static,-8.54401962454696,2.660628212588817,-8.200792736263388,3.5068904997194057,-0.7283196000000001,0.32215156,0.8609149999999999,-0.14841258390338682,0.04590595625671927,0.9878594425106266,-8.62306873263699,2.800585703025237,0.9072089528148746,0.9132165983272088,0.8229115887788364
05/17/2023 16:16:08.467845,3680,True,True,True,True,Eyes,1.072404,-0.2627563,-3.45886,-0.6271988,0.2605278,0.7339938,0.0,0.0,0.0,0.0,0.0,0.0,0.0,0.8883287,-0.5534574,3.488004,1.071512,-0.2659223,-3.470269,-0.1122395,-0.2687872,-0.01506233,0.9565191,347.1255,328.3996,1.852992,0.295413,-0.07234501,-0.9526263,0,0,0,0.3430834,0.05602646,-2.609398,-0.1671263,0.07087602,1.158621,0.8550531,0.03152228,0.5175813,0.08915189,0.9743509,-0.2066214,-0.510819,0.2228156,0.8303115,static,-8.530345767471728,2.681688273333382,-8.208064272313106,3.5005776046437482,-0.7284286,0.32194876,0.8608709999999999,-0.14817432963373933,0.04627073051267991,0.987878208722176,-8.609541434237155,2.8218494850615836,0.8741376626164364,0.8800256240903532,0.788578323223591
05/17/2023 16:16:08.477983,3681,True,True,True,True,Eyes,1.07236,-0.2627635,-3.458868,-0.6269438,0.2608096,0.7341115,0.0,0.0,0.0,0.0,0.0,0.0,0.0,0.8872,-0.5518648,3.488552,1.071619,-0.265903,-3.470245,-0.1120064,-0.2686357,-0.01536831,0.9565842,347.1415,328.4237,1.80897,0.2954079,-0.07234735,-0.9526277,0,0,0,0.3430834,0.05602646,-2.609398,-0.1677427,0.07107732,1.158564,0.8551974,0.03077562,0.5173879,0.08957996,0.9744368,-0.2060301,-0.5105025,0.222544,0.830579,static,-8.53861015900333,2.708484636731221,-8.238322478618981,3.5106672949370283,-0.7285356000000001,0.32192946,0.8608469999999997,-0.1483136267489678,0.04673175199491873,0.9878355539860386,-8.617999102841265,2.849001089651533,0.8506235844521329,0.8565452166212523,0.7628607384036333
05/17/2023 16:16:08.498193,3682,True,True,True,True,Eyes,1.072295,-0.2627709,-3.458879,-0.6266698,0.2611036,0.7342411,0.0,0.0,0.0,0.0,0.0,0.0,0.0,0.8843121,-0.5496899,3.489483,1.071632,-0.2658778,-3.470097,-0.1116977,-0.268249,-0.01551242,0.9567265,347.1705,328.475,1.777467,0.2954021,-0.07234967,-0.9526294,0,0,0,0.3430834,0.05602646,-2.609398,-0.1688493,0.0716406,1.158259,0.8556037,0.03024332,0.5167472,0.0896079,0.9745659,-0.205406,-0.5098165,0.2220508,0.8311322,static,-8.571035897652223,2.752736587519738,-8.294070607190164,3.539347930910841,-0.7285485999999999,0.32190426,0.8606989999999999,-0.148867338635541,0.047490695451949685,0.987716189209872,-8.650748997324564,2.8939099585881944,0.8279357834986432,0.8339467475038731,0.7374345056375087
05/17/2023 16:16:08.517768,3683,True,True,True,True,Eyes,1.072233,-0.2627882,-3.458889,-0.6264031,0.2613366,0.7343857,0.0,0.0,0.0,0.0,0.0,0.0,0.0,0.881709,-0.5507215,3.489797,1.071496,-0.2658745,-3.469956,-0.1118341,-0.2678772,-0.01575631,0.9568107,347.1471,328.5218,1.749449,0.2953952,-0.07235197,-0.9526314,0,0,0,0.3430834,0.05602646,-2.609398,-0.1697623,0.07118122,1.157963,0.8559871,0.02976397,0.5161396,0.09006719,0.9744897,-0.2055665,-0.5090913,0.2224495,0.8314699,static,-8.600049575589335,2.7410885257223705,-8.340390787812337,3.5176064493790347,-0.7284126,0.32190096,0.8605579999999997,-0.14936892594621626,0.04728627483941837,0.9876502167909167,-8.679687298571444,2.882229490722188,0.8126521359279677,0.8187812722759825,0.7202957738355329
05/17/2023 16:16:08.527785,3684,True,True,True,True,Eyes,1.072162,-0.2628069,-3.458904,-0.6261562,0.2615133,0.7345334,0.0,0.0,0.0,0.0,0.0,0.0,0.0,0.8806628,-0.5458573,3.490812,1.071507,-0.2661172,-3.469921,-0.1111978,-0.2677463,-0.01561296,0.9569238,347.2219,328.5417,1.743099,0.2953873,-0.07235453,-0.9526336,0,0,0,0.3430834,0.05602646,-2.609398,-0.1701321,0.07294159,1.157848,0.8561363,0.02966477,0.5158979,0.08942641,0.9747826,-0.204455,-0.5089534,0.2211762,0.831894,static,-8.600898926102968,2.825696616546372,-8.359121039478115,3.604730218444935,-0.7284236,0.32214366,0.8605229999999997,-0.1493730892549005,0.04874464695267802,0.987578730122716,-8.68114022281123,2.967864769035037,0.8094020119058959,0.8156898303569984,0.7136483413324785
05/17/2023 16:16:08.547755,3685,True,True,True,True,Eyes,1.072096,-0.2628238,-3.458919,-0.6259041,0.2616492,0.7346998,0.0,0.0,0.0,0.0,0.0,0.0,0.0,0.8791603,-0.542212,3.491702,1.071544,-0.2661439,-3.46985,-0.1106959,-0.2675515,-0.01564707,0.9570361,347.2761,328.5702,1.720354,0.2953783,-0.07235737,-0.9526361,0,0,0,0.3430834,0.05602646,-2.609398,-0.1707479,0.07404248,1.157665,0.8563427,0.0292841,0.515577,0.08918332,0.9750032,-0.2035072,-0.5086487,0.2202528,0.8323252,static,-8.61056364477805,2.88537134352047,-8.390254640434717,3.6595656750858545,-0.7284606,0.32217036,0.860452,-0.14953208237755353,0.049771992388841155,0.9875033911288447,-8.691233048434496,3.028297903119639,0.7984915251200754,0.8049303823454071,0.6993475545143997
05/17/2023 16:16:08.567779,3686,True,True,True,True,Eyes,1.072008,-0.2628422,-3.458944,-0.6256557,0.2617563,0.7348732,0.0,0.0,0.0,0.0,0.0,0.0,0.0,0.8773594,-0.538276,3.492811,1.071592,-0.2661083,-3.469885,-0.1101384,-0.2673059,-0.01580396,0.9571664,347.3326,328.6067,1.681381,0.2953684,-0.0723604,-0.9526389,0,0,0,0.3430834,0.05602646,-2.609398,-0.1714983,0.07506667,1.157535,0.8565956,0.02862724,0.5151936,0.0891353,0.9752396,-0.2023925,-0.5082311,0.2192904,0.8328342,static,-8.628787463259213,2.943661995411075,-8.427532481746686,3.7104615716269946,-0.7285086000000001,0.32213476,0.860487,-0.14983859613643022,0.050774233482681466,0.987405898267035,-8.709877371508819,3.0873622391160556,0.7862124230488992,0.7927705580232666,0.6840843624512759
05/17/2023 16:16:08.577795,3687,True,True,True,True,Eyes,1.071927,-0.2628629,-3.45897,-0.6254123,0.2618371,0.7350516,0.0,0.0,0.0,0.0,0.0,0.0,0.0,0.8761323,-0.5351995,3.493515,1.071569,-0.2661268,-3.469815,-0.1097144,-0.2671406,-0.0158633,0.9572603,347.3775,328.6311,1.658792,0.2953571,-0.07236362,-0.9526422,0,0,0,0.3430834,0.05602646,-2.609398,-0.1719916,0.07596985,1.157341,0.8567685,0.02824772,0.514927,0.08898893,0.9754222,-0.201575,-0.5079653,0.2185259,0.8331974,static,-8.634998490671347,2.99040449097803,-8.452820155234171,3.755605413907225,-0.7284856,0.32215326,0.860417,-0.14993944393445638,0.05157895577121219,0.9873488953072453,-8.71642336983163,3.1346936995646186,0.7798586485874648,0.7865884555181011,0.674550229229809
05/17/2023 16:16:08.598185,3688,True,True,True,True,Eyes,1.071843,-0.2628847,-3.458996,-0.6252261,0.2618998,0.7351875,0.0,0.0,0.0,0.0,0.0,0.0,0.0,0.8752187,-0.5330672,3.494118,1.071642,-0.2661977,-3.469834,-0.1094283,-0.267027,-0.01579843,0.9573258,347.4111,328.6466,1.655311,0.2953447,-0.07236709,-0.9526458,0,0,0,0.3430834,0.05602646,-2.609398,-0.1723284,0.0767148,1.157321,0.856894,0.02819216,0.5147213,0.08868911,0.9755517,-0.2010799,-0.5078061,0.2179543,0.8334441,static,-8.636041990809025,3.027304179798006,-8.469277174541245,3.792390770127814,-0.7285586,0.32222416,0.860436,-0.14995244818660092,0.05221470834725238,0.9873133894729456,-8.717730281778165,3.1720438890245304,0.7761727451173049,0.7830504419558922,0.6682508506468599
05/17/2023 16:16:08.617544,3689,True,True,True,True,Eyes,1.071767,-0.2629034,-3.459021,-0.6250407,0.261959,0.7353242,0.0,0.0,0.0,0.0,0.0,0.0,0.0,0.8743325,-0.5315326,3.494521,1.071746,-0.2662337,-3.469747,-0.109221,-0.2669254,-0.01579905,0.9573777,347.4339,328.6607,1.647193,0.2953312,-0.07237082,-0.9526497,0,0,0,0.3430834,0.05602646,-2.609398,-0.1727328,0.07721138,1.157239,0.8570024,0.02805641,0.514548,0.08855907,0.9756423,-0.2006972,-0.5076457,0.2175659,0.8336431,static,-8.63622439908148,3.0524383032161175,-8.489455378059178,3.817136494139902,-0.7286626,0.32226016,0.8603489999999998,-0.14995219423309505,0.05264781953814292,0.9872905448679681,-8.71809197230858,3.1974828925641208,0.7715785669159417,0.7786555520472151,0.6604886661978405
05/17/2023 16:16:08.633278,3690,True,True,True,True,Eyes,1.071702,-0.2629187,-3.45904,-0.6249002,0.2620357,0.7354162,0.0,0.0,0.0,0.0,0.0,0.0,0.0,0.8737791,-0.5308272,3.494801,1.071846,-0.2661732,-3.469755,-0.1091071,-0.2668538,-0.0160102,0.9574073,347.4398,328.6728,1.618868,0.2953169,-0.07237468,-0.9526538,0,0,0,0.3430834,0.05602646,-2.609398,-0.1730855,0.07719111,1.15724,0.8570655,0.02757473,0.514469,0.08888786,0.9756786,-0.2003751,-0.5074818,0.2174646,0.8337694,static,-8.63939774048482,3.058833372348728,-8.506529244609919,3.8161340698013726,-0.7287626,0.32219966,0.860357,-0.15000599632249972,0.052757576958053304,0.9872764528731449,-8.721311758320716,3.203967235768311,0.7617205026778526,0.768868248504463,0.6487524650326895
05/17/2023 16:16:08.647800,3691,True,True,True,True,Eyes,1.07164,-0.2629365,-3.459055,-0.6247516,0.2621092,0.7355163,0.0,0.0,0.0,0.0,0.0,0.0,0.0,0.8733766,-0.5311729,3.494834,1.071822,-0.2661155,-3.469752,-0.1091322,-0.2667767,-0.01651359,0.9574173,347.4213,328.6877,1.562156,0.2953023,-0.07237858,-0.9526581,0,0,0,0.3430834,0.05602646,-2.609398,-0.1734432,0.07660913,1.157191,0.857115,0.02660706,0.5144376,0.08984863,0.9756349,-0.2001592,-0.5072289,0.2177809,0.8338407,static,-8.6465831140295,3.0363694991685626,-8.52420656309259,3.7876064110548846,-0.7287386,0.32214196,0.8603540000000001,-0.15013288412280903,0.05236947444964005,0.9872778622271067,-8.728338843424924,3.1812583708915527,0.7539260110170152,0.7611392237952999,0.6397874128830542
05/17/2023 16:16:08.667999,3692,True,True,True,True,Eyes,1.07158,-0.26295,-3.459068,-0.624603,0.2622164,0.7356043,0.0,0.0,0.0,0.0,0.0,0.0,0.0,0.8717605,-0.5309325,3.495223,1.071851,-0.2661925,-3.469686,-0.1091068,-0.2665629,-0.01655053,0.9574791,347.4226,328.7142,1.554338,0.2952874,-0.07238258,-0.9526624,0,0,0,0.3430834,0.05602646,-2.609398,-0.1740256,0.0767296,1.157087,0.8573406,0.02647407,0.5140683,0.08986119,0.9756436,-0.2001114,-0.5068451,0.2177584,0.8340799,static,-8.66242229650299,3.044034725073259,-8.553164499939262,3.793885121652431,-0.7287676000000001,0.32221896,0.8602879999999997,-0.15040478104256302,0.05249936112751902,0.9872295848166173,-8.744236883770816,3.1890756395039994,0.7504049753094247,0.7577683573229372,0.6342737307816922
05/17/2023 16:16:08.687630,3693,True,True,True,True,Eyes,1.071526,-0.2629613,-3.459081,-0.6244548,0.2623481,0.7356831,0.0,0.0,0.0,0.0,0.0,0.0,0.0,0.8713368,-0.5328113,3.494971,1.071803,-0.2661075,-3.469634,-0.1093592,-0.2665062,-0.01643847,0.957468,347.398,328.7176,1.574288,0.2952724,-0.07238656,-0.9526668,0,0,0,0.3430834,0.05602646,-2.609398,-0.1740663,0.07622895,1.157022,0.8574085,0.02681121,0.5139377,0.08976843,0.9755406,-0.200654,-0.5067468,0.2181778,0.8340301,static,-8.65528760666529,3.029925954048814,-8.555608767275123,3.7694132769027537,-0.7287196,0.32213396,0.860236,-0.15028375084616738,0.05225723019269213,0.987260817902977,-8.736999692642119,3.1747694122170023,0.7388341897483348,0.746175161529689,0.6216944535814208
05/17/2023 16:16:08.697754,3694,True,True,True,True,Eyes,1.071487,-0.2629671,-3.459078,-0.6243068,0.2624768,0.7357629,0.0,0.0,0.0,0.0,0.0,0.0,0.0,0.8712465,-0.5350001,3.494704,1.071931,-0.2660739,-3.469644,-0.1096475,-0.266496,-0.01670186,0.9574332,347.3578,328.7194,1.55387,0.2952575,-0.07239046,-0.9526711,0,0,0,0.3430834,0.05602646,-2.609398,-0.174255,0.07531169,1.157131,0.8574018,0.02645938,0.5139669,0.09042304,0.975397,-0.2010583,-0.5066415,0.2188622,0.8339146,static,-8.648929499311024,2.993827712882166,-8.563951343540221,3.7238346668107316,-0.7288475999999999,0.32210036,0.8602460000000001,-0.15017906400995726,0.05163604759756833,0.9873095074000273,-8.730382480645938,3.13821048288378,0.7275490007709247,0.734936350810238,0.6088144283756831
05/17/2023 16:16:08.718347,3695,True,True,True,True,Eyes,1.07145,-0.2629755,-3.459078,-0.6241523,0.2626168,0.735844,0.0,0.0,0.0,0.0,0.0,0.0,0.0,0.8691623,-0.5342891,3.495133,1.07199,-0.2661073,-3.469422,-0.109556,-0.2662353,-0.01668491,0.9575166,347.368,328.7516,1.54933,0.2952431,-0.07239415,-0.9526753,0,0,0,0.3430834,0.05602646,-2.609398,-0.1750431,0.07561526,1.156874,0.8576808,0.02638317,0.5135053,0.09028748,0.9754382,-0.2009191,-0.5061935,0.2186875,0.8342325,static,-8.669738767207084,3.0132678524265444,-8.603987603654387,3.7396306103336814,-0.7289066,0.32213376,0.8600239999999997,-0.1505350362507501,0.05196818663871278,0.9872378538184197,-8.751335891252788,3.157963774776044,0.7217535274790335,0.7293326206765989,0.6000398532146152
05/17/2023 16:16:08.727768,3696,True,True,True,True,Eyes,1.071425,-0.2629867,-3.459073,-0.624006,0.262737,0.7359251,0.0,0.0,0.0,0.0,0.0,0.0,0.0,0.867538,-0.5367123,3.495221,1.071989,-0.2660322,-3.469484,-0.1098728,-0.2660039,-0.01677806,0.9575429,347.3296,328.778,1.545958,0.2952291,-0.07239774,-0.9526794,0,0,0,0.3430834,0.05602646,-2.609398,-0.1755497,0.07477528,1.156877,0.8579209,0.02632178,0.5131071,0.09058462,0.9752929,-0.2014899,-0.5057333,0.219342,0.8343397,static,-8.68624630590816,2.9826783462336404,-8.628492487299898,3.6981948995505283,-0.7289056,0.32205866,0.8600859999999999,-0.1508235957235132,0.05143881407504916,0.9872214864935794,-8.76762966660319,3.1270658164218426,0.7102684063615302,0.7178436052750731,0.5878329560852212
05/17/2023 16:16:08.748021,3697,True,True,True,True,Eyes,1.071403,-0.262998,-3.459068,-0.6238648,0.2628511,0.7360041,1.163026,0.345832,0.04270482,-2.603076,0.1832494,-0.8881153,0.4215101,-0.1702189,0.06078933,1.157888,1.071972,-0.266122,-3.469517,-0.1099234,-0.2660106,-0.0167161,0.9575363,347.3259,328.776,1.55463,0.295216,-0.07240129,-0.9526832,0,0,0,0.3430834,0.05602646,-2.609398,-0.1754686,0.0748076,1.156926,0.8579179,0.02646903,0.5131046,0.09049413,0.9752749,-0.201618,-0.5057547,0.2194046,0.8343104,static,-8.674474312182207,2.9863856351595612,-8.624206484125944,3.6996326614054915,-0.7288885999999999,0.32214846,0.8601190000000001,-0.1506202528386878,0.051504308110237235,0.9872491429968202,-8.755880991086633,3.1307739233922764,0.7074121587325883,0.715016206100363,0.5838993402953356
05/17/2023 16:16:08.767795,3698,True,True,True,True,Eyes,1.071382,-0.263009,-3.459062,-0.623742,0.2629399,0.7360765,1.162554,0.3462481,0.04267284,-2.603333,0.2109292,-0.8900084,0.40422,-0.1700923,0.06089774,1.157468,1.072037,-0.2661353,-3.469497,-0.109923,-0.2659916,-0.01667756,0.9575424,347.3271,328.7778,1.55869,0.2952037,-0.07240482,-0.9526867,0,0,0,0.3430834,0.05602646,-2.609398,-0.1755647,0.07485798,1.156938,0.8579407,0.02653825,0.513063,0.09041612,0.9752775,-0.2016397,-0.50573,0.219384,0.8343308,static,-8.667672692359849,2.9930951489423756,-8.628770528125061,3.7020790006181836,-0.7289535999999999,0.32216176,0.860099,-0.15050215263781802,0.051620858523703766,0.9872610984156719,-8.749125415473175,3.1375391903492473,0.7023925510961608,0.7100503364686299,0.5772265554243531
05/17/2023 16:16:08.778202,3699,True,True,True,True,Eyes,1.071362,-0.2630243,-3.459055,-0.6236244,0.2630042,0.7361531,1.162783,0.3462217,0.04279253,-2.603069,0.2092077,-0.8821768,0.421896,-0.1700447,0.06129749,1.157678,1.072018,-0.2661361,-3.469484,-0.1098053,-0.2659532,-0.01659616,0.9575679,347.3427,328.7826,1.563527,0.2951921,-0.07240833,-0.9526901,0,0,0,0.3430834,0.05602646,-2.609398,-0.1756316,0.07519703,1.156884,0.857987,0.02662221,0.5129811,0.09019,0.9753347,-0.2014644,-0.5056917,0.2191196,0.8344235,static,-8.663475278758948,3.012959759977753,-8.632405902292726,3.7189727665966137,-0.7289345999999999,0.32216256,0.8600859999999999,-0.15042714071287777,0.05196373910652417,0.9872544926652029,-8.745068546337182,3.1576285153271924,0.699003171879602,0.7066963079491806,0.5725384177470669
05/17/2023 16:16:08.797765,3700,True,True,True,True,Eyes,1.071365,-0.2630372,-3.459035,-0.6235622,0.2630494,0.7361897,1.162932,0.3462046,0.04287153,-2.602896,0.208055,-0.8768661,0.4333808,-0.1700686,0.0620949,1.157826,1.072035,-0.2662545,-3.46947,-0.1095996,-0.2659003,-0.01639249,0.9576097,347.3717,328.7884,1.579074,0.2951812,-0.07241192,-0.9526932,0,0,0,0.3430834,0.05602646,-2.609398,-0.1757276,0.0759549,1.156853,0.8580567,0.02688993,0.5128506,0.08968036,0.9754384,-0.2011898,-0.5056642,0.2186249,0.8345699,static,-8.663504051582859,3.0471806437745306,-8.637281180533972,3.7564478653989033,-0.7289516,0.32228096,0.8600719999999997,-0.15042299512117513,0.05255342038654508,0.987223955868039,-8.745341359306405,3.1922636811260077,0.7019768626882034,0.7097518091817756,0.5744395494915048
05/17/2023 16:16:08.817956,3701,True,True,True,True,Eyes,1.071373,-0.2630438,-3.459018,-0.6235063,0.2630826,0.7362251,0.0,0.0,0.0,0.0,0.0,0.0,0.0,0.8675373,-0.5331704,3.495756,1.072059,-0.2662235,-3.469441,-0.1094232,-0.2660348,-0.01633303,0.9575936,347.3934,328.773,1.581877,0.2951716,-0.07241555,-0.9526958,0,0,0,0.3430834,0.05602646,-2.609398,-0.1754482,0.07635525,1.156854,0.8579175,0.02693993,0.5130808,0.08950156,0.9755196,-0.2008756,-0.505932,0.2182562,0.8345041,static,-8.644162491370922,3.069912280680153,-8.623747527422013,3.7761873005438082,-0.7289756000000001,0.32224996,0.8600430000000001,-0.15008658516800255,0.052947824217119535,0.9872540216660253,-8.726156776361494,3.2151980616402906,0.6988073983511962,0.7065700067484056,0.5702600989319667
05/17/2023 16:16:08.828692,3702,True,True,True,True,Eyes,1.071404,-0.2630509,-3.458984,-0.6235003,0.2631263,0.7362145,1.162718,0.3464489,0.04289082,-2.602974,0.2242946,-0.8754343,0.4281433,-0.1695864,0.06269461,1.157705,1.072162,-0.2660762,-3.469491,-0.1092161,-0.2661108,-0.0164765,0.9575937,347.412,328.7672,1.560128,0.2951633,-0.07241902,-0.9526981,0,0,0,0.3430834,0.05602649,-2.609398,-0.1754214,0.07649536,1.15691,0.8578271,0.02657155,0.5132511,0.08968273,0.9756008,-0.2004,-0.506053,0.2179383,0.8345138,moving,-8.639340413753208,3.0874990401643365,-8.622038940741918,3.7829138194678706,-0.7290786,0.32210268999999997,0.860093,-0.15000106304749622,0.0532515527229544,0.9872506353906517,-8.721458834126372,3.232979628785877,0.6879678937502322,0.6956299707762336,0.558848753493855
05/17/2023 16:16:08.847666,3703,True,True,True,True,Eyes,1.071435,-0.2630596,-3.458952,-0.6235003,0.2631585,0.7362031,1.156962,0.3500686,0.04140475,-2.607193,0.1663551,-0.9732964,0.1581773,-0.1686029,0.06250209,1.151975,1.072123,-0.2661172,-3.469428,-0.1091383,-0.266171,-0.01661628,0.9575833,347.4164,328.7621,1.542742,0.2951569,-0.07242239,-0.9526998,0,0,0,0.3475727,0.05600763,-2.609567,-0.1715784,0.07699959,1.15444,0.8577538,0.02627596,0.5133888,0.08992185,0.9756255,-0.2001725,-0.5061349,0.2178636,0.8344836,moving,-8.635628051457019,3.090874319095092,-8.453690100779838,3.8158992563893226,-0.7245503,0.32212483000000003,0.859861,-0.14993663775159555,0.05331024260489958,0.987257335938864,-8.717769557737592,3.2363818668427347,0.7412523559726337,0.7475042324931113,0.6368503469214679
05/17/2023 16:16:08.868108,3704,True,True,True,True,Eyes,1.071481,-0.2630682,-3.458912,-0.6235262,0.2631956,0.736168,1.155773,0.3508261,0.04112622,-2.608069,-0.08361106,-0.9902887,0.1110737,-0.1682482,0.06279318,1.150854,1.072146,-0.2661567,-3.469457,-0.1089342,-0.2662765,-0.01676667,0.9575746,347.4346,328.7528,1.520705,0.2951521,-0.07242569,-0.9527011,0,0,0,0.3520811,0.0559887,-2.609736,-0.1676431,0.07774055,1.152061,0.8576315,0.02590256,0.513612,0.09012392,0.9757044,-0.1996962,-0.5063062,0.2175544,0.8344604,moving,-8.629770380268871,3.10744545355639,-8.27933077751729,3.860440634957261,-0.7200649000000001,0.3221454,0.859721,-0.149833414722921,0.053596628047973174,0.9872575750350848,-8.712028505042078,3.2531316416631713,0.8257462725183601,0.8305478062036027,0.7456886325679081
05/17/2023 16:16:08.878255,3705,True,True,True,True,Eyes,1.071528,-0.2630779,-3.458874,-0.6235506,0.2632229,0.7361375,0.0,0.0,0.0,0.0,0.0,0.0,0.0,0.8699005,-0.528895,3.495849,1.072174,-0.2661752,-3.46944,-0.108815,-0.2663553,-0.01682806,0.9575652,347.446,328.745,1.511031,0.2951493,-0.07242896,-0.9527017,0,0,0,0.3565672,0.05596986,-2.609905,-0.1637709,0.07837236,1.149655,0.8575433,0.02573896,0.5137674,0.0901948,0.9757522,-0.1994303,-0.5064428,0.2173593,0.8344283,moving,-8.624625094163878,3.1186888296182422,-8.107364361896076,3.8998385267886877,-0.7156068,0.32214506,0.8595350000000002,-0.1497431801669957,0.05379110127601629,0.9872606353785245,-8.706962033392378,3.2644918421504614,0.9333071658053327,0.936885006036334,0.8736033295177923
05/17/2023 16:16:08.897805,3706,True,True,True,True,Eyes,1.071619,-0.2630828,-3.458809,-0.6239157,0.2631919,0.7358391,0.0,0.0,0.0,0.0,0.0,0.0,0.0,0.8698003,-0.5279093,3.496059,1.072226,-0.2662059,-3.469457,-0.1086806,-0.2663459,-0.01686541,0.9575824,347.4597,328.7477,1.502395,0.2951483,-0.07243221,-0.9527017,0,0,0,0.3610648,0.05595097,-2.610074,-0.1600933,0.07906884,1.147255,0.8575508,0.02559326,0.5137622,0.09019333,0.9758082,-0.1991573,-0.5064305,0.2171254,0.8344968,moving,-8.65456151266206,3.1313012010927044,-7.944020815363116,3.9425918829299103,-0.7111611999999998,0.32215687,0.8593829999999998,-0.1502572540587952,0.05400415979997217,0.9871708394943193,-8.736996323228439,3.2773688837782378,1.0759715028872057,1.0784528978837915,1.0350515903444686
05/17/2023 16:16:08.917899,3707,True,True,True,True,Eyes,1.071708,-0.2630858,-3.458748,-0.6242554,0.2631685,0.7355593,0.0,0.0,0.0,0.0,0.0,0.0,0.0,0.8687227,-0.5276377,3.49632,1.072205,-0.2661411,-3.469421,-0.1086358,-0.2662025,-0.01678905,0.9576286,347.4669,328.7646,1.507617,0.2951501,-0.07243533,-0.9527009,0,0,0,0.3658405,0.05593091,-2.610253,-0.1564056,0.07963659,1.144573,0.8577087,0.0256829,0.5134941,0.08999362,0.9758328,-0.199127,-0.5061985,0.2170042,0.834669,moving,-8.695716317172446,3.1406766946167437,-7.78125853676874,3.980085897785271,-0.7063645000000001,0.32207201,0.8591679999999999,-0.15096501194079476,0.05415978519329076,0.9870543199213668,-8.778228888743568,3.28701185116396,1.239687370357193,1.2413061034671882,1.2142081851218316
05/17/2023 16:16:08.927857,3708,True,True,True,True,Eyes,1.071833,-0.2630879,-3.458664,-0.624665,0.2631634,0.7352133,0.0,0.0,0.0,0.0,0.0,0.0,0.0,0.8675841,-0.5281395,3.496564,1.072259,-0.2660999,-3.469445,-0.1086943,-0.2660494,-0.01684846,0.9576635,347.4583,328.7833,1.500793,0.2951544,-0.07243828,-0.9526994,0,0,0,0.370446,0.05591157,-2.610426,-0.1529528,0.07984816,1.142093,0.8578677,0.02556582,0.5132343,0.09010644,0.9758033,-0.1992201,-0.505909,0.2171502,0.8348065,moving,-8.745017958122554,3.134145343902198,-7.627849831920323,3.999263010886708,-0.701813,0.32201147,0.859019,-0.15181527690536678,0.05404014682976005,0.9869304524890368,-8.827497015809854,3.280585939963419,1.411955905122304,1.4129731773572087,1.3984456006884787
05/17/2023 16:16:08.947755,3709,True,True,True,True,Eyes,1.071954,-0.2630875,-3.458586,-0.6250436,0.2631675,0.73489,0.0,0.0,0.0,0.0,0.0,0.0,0.0,0.8660122,-0.5282882,3.496838,1.072285,-0.2661172,-3.469341,-0.108721,-0.2658505,-0.01670737,0.9577183,347.4594,328.8056,1.514842,0.2951621,-0.07244109,-0.9526967,0,0,0,0.3747193,0.05589362,-2.610587,-0.1498494,0.08036546,1.139664,0.8580887,0.0258052,0.5128527,0.089809,0.9758012,-0.1993649,-0.505587,0.2171316,0.8350065,moving,-8.794209449325265,3.1411377954067508,-7.49059994819338,4.0336380347495275,-0.6975657,0.32201082,0.8587539999999998,-0.1526616159808385,0.05415344962870987,0.9867936876351814,-8.87675140352327,3.2878470969720746,1.5792235040593177,1.5798589837919828,1.5740457363063327
05/17/2023 16:16:08.967850,3710,True,True,True,True,Eyes,1.072091,-0.2630856,-3.458498,-0.6254362,0.2632351,0.7345317,0.0,0.0,0.0,0.0,0.0,0.0,0.0,0.8642657,-0.5295403,3.497149,1.072317,-0.2660608,-3.469405,-0.1088833,-0.265614,-0.01662505,0.9577668,347.4435,328.8319,1.526141,0.2951727,-0.07244369,-0.9526933,0,0,0,0.3794503,0.05587375,-2.610764,-0.1463719,0.08047836,1.137132,0.8583456,0.02599602,0.512413,0.0896877,0.9757361,-0.1997379,-0.5051722,0.2174013,0.8351872,moving,-8.84944650506476,3.135031312541616,-7.334793920777139,4.048250099497808,-0.6928667,0.32193455,0.858641,-0.15361382764295578,0.05404020945026258,0.9866521292567065,-8.93195954766456,3.281873406288468,1.7683337502077185,1.7686551399125006,1.7715166597029703
05/17/2023 16:16:08.978432,3711,True,True,True,True,Eyes,1.072227,-0.2630828,-3.458419,-0.6258162,0.2633048,0.734183,0.0,0.0,0.0,0.0,0.0,0.0,0.0,0.8637851,-0.5307329,3.497052,1.07235,-0.266046,-3.46936,-0.1090478,-0.2655567,-0.01656597,0.9577651,347.427,328.8368,1.537284,0.2951864,-0.07244606,-0.9526889,0,0,0,0.3839038,0.05585505,-2.610932,-0.1427722,0.08059037,1.134724,0.8584104,0.02618412,0.5122949,0.08964935,0.9756683,-0.2000859,-0.505069,0.2176827,0.8351764,moving,-8.883107085883783,3.1268542307992284,-7.171332357325333,4.062439636590933,-0.6884461999999999,0.32190105,0.858428,-0.15419466641513876,0.0538944629030505,0.9865695125494178,-8.965570734833317,3.2737233164987187,1.950624165544929,1.9507672267243423,1.9599399962504687
05/17/2023 16:16:08.998091,3712,True,True,True,True,Eyes,1.072374,-0.2630752,-3.458326,-0.6261693,0.2634317,0.7338364,0.0,0.0,0.0,0.0,0.0,0.0,0.0,0.864119,-0.5314399,3.497044,1.072456,-0.2660254,-3.469512,-0.1091389,-0.2656049,-0.01652902,0.957742,347.4182,328.8297,1.544999,0.2952027,-0.07244818,-0.9526836,0,0,0,0.3882441,0.05583682,-2.611095,-0.1390039,0.08076997,1.132597,0.8583617,0.02631458,0.5123698,0.08963671,0.975631,-0.2002734,-0.505154,0.2178342,0.8350855,moving,-8.903874540444786,3.12830892801494,-6.996933765156165,4.079082949328144,-0.6842119000000001,0.32186222000000003,0.8584169999999998,-0.15455207288136286,0.05391646650916734,0.9865124359072115,-8.986354065051042,3.275273332324867,2.1307829516344468,2.130820114430696,2.145670764591058
05/17/2023 16:16:09.017878,3713,True,True,True,True,Eyes,1.072516,-0.2630717,-3.458239,-0.6265088,0.2635667,0.733498,0.0,0.0,0.0,0.0,0.0,0.0,0.0,0.8639644,-0.5330178,3.496622,1.072414,-0.2659229,-3.469311,-0.1093469,-0.2655895,-0.0165952,0.9577213,347.393,328.8306,1.544037,0.2952218,-0.07244997,-0.9526776,0,0,0,0.392929,0.05581714,-2.611271,-0.1351738,0.08065262,1.1299,0.8583736,0.02629562,0.5123505,0.08986991,0.9755358,-0.2006327,-0.5050921,0.2182627,0.835011,moving,-8.932072183622747,3.113117849575652,-6.8220671226119505,4.082866020839865,-0.679485,0.32174004,0.8580399999999999,-0.15503977106250733,0.053650753194314296,0.9864503352429348,-9.014450849737315,3.2600039131653125,2.3221735870525406,2.3221827820310486,2.341719123893964
05/17/2023 16:16:09.027879,3714,True,True,True,True,Eyes,1.072669,-0.2630637,-3.458146,-0.6268418,0.2637327,0.7331536,0.0,0.0,0.0,0.0,0.0,0.0,0.0,0.8643516,-0.5339116,3.496467,1.07246,-0.2660218,-3.469368,-0.1094784,-0.2656375,-0.01672237,0.9576908,347.3745,328.8251,1.534622,0.2952433,-0.07245158,-0.9526708,0,0,0,0.3974051,0.05579834,-2.611439,-0.1313458,0.08076099,1.127624,0.8583142,0.02613343,0.5124586,0.09019286,0.9754697,-0.2008088,-0.5051357,0.2185771,0.8349024,moving,-8.95432502836654,3.10472490246744,-6.643881070634055,4.096557269739272,-0.6750548999999999,0.32182014,0.8579289999999999,-0.15542409943452085,0.053502976009795075,0.9863977703454898,-9.036649739142518,3.251592657298507,2.51429926996321,2.514335444325318,2.5375789834550835
05/17/2023 16:16:09.047857,3715,True,True,True,True,Eyes,1.072816,-0.2630554,-3.458054,-0.6271452,0.2639172,0.7328279,0.0,0.0,0.0,0.0,0.0,0.0,0.0,0.8639311,-0.534263,3.496507,1.072413,-0.2659209,-3.469379,-0.1095139,-0.2655756,-0.01668374,0.9577045,347.3717,328.8318,1.53927,0.2952671,-0.07245288,-0.9526633,0,0,0,0.4019527,0.05577924,-2.61161,-0.1276095,0.08105174,1.125132,0.8583826,0.02621226,0.5123399,0.09012464,0.9754567,-0.2009024,-0.5050316,0.2186256,0.8349527,moving,-8.985281454532483,3.115953529182195,-6.470685318975722,4.1203294153954815,-0.6704603,0.32170014,0.8577689999999998,-0.15595546335515653,0.05369174280853639,0.9863038130115639,-9.067694439262715,3.263073023645186,2.707640350136592,2.707760079062346,2.734839098018484
05/17/2023 16:16:09.068083,3716,True,True,True,True,Eyes,1.072978,-0.2630509,-3.457948,-0.6273919,0.2641122,0.7325464,0.0,0.0,0.0,0.0,0.0,0.0,0.0,0.862505,-0.5361656,3.496487,1.07243,-0.2659107,-3.469293,-0.1097686,-0.2653792,-0.01688972,0.9577264,347.3367,328.8558,1.521673,0.2952931,-0.07245392,-0.9526552,0,0,0,0.4064741,0.05576025,-2.611779,-0.1243681,0.08078124,1.122634,0.8585772,0.02590915,0.5120292,0.09061205,0.9753312,-0.2012921,-0.5046133,0.2192209,0.8350495,moving,-9.03045927050511,3.0931071632129075,-6.321587558572876,4.115731842780691,-0.6659558999999999,0.32167095,0.8575140000000001,-0.15673647648797057,0.05329178351215062,0.9862016737339476,-9.112721304803113,3.240119205568295,2.8952505369744985,2.8954701150189384,2.9252564126570655
05/17/2023 16:16:09.078261,3717,True,True,True,True,Eyes,1.073134,-0.2630509,-3.457843,-0.6276158,0.2642781,0.7322947,0.0,0.0,0.0,0.0,0.0,0.0,0.0,0.8603249,-0.5357856,3.496965,1.072394,-0.2660194,-3.469177,-0.1097363,-0.2650936,-0.01669201,0.9578125,347.3459,328.8884,1.539007,0.2953213,-0.07245484,-0.9526464,0,0,0,0.4110318,0.05574111,-2.611951,-0.1211511,0.08159138,1.120015,0.8588935,0.02620516,0.5114833,0.09015641,0.9753586,-0.2013638,-0.5041565,0.2190635,0.8353667,moving,-9.079285592563117,3.118684311887337,-6.173633601356425,4.1665498339159415,-0.6613622000000001,0.32176051,0.8572260000000003,-0.1575731760803703,0.05372477905061045,0.9860448146475127,-9.161742955947,3.2661886233067463,3.0884594593393437,3.088824314566903,3.120808841400152
05/17/2023 16:16:09.097926,3718,True,True,True,True,Eyes,1.073325,-0.2630473,-3.457719,-0.6274401,0.2644755,0.732374,0.0,0.0,0.0,0.0,0.0,0.0,0.0,0.8581474,-0.5343135,3.497647,1.072388,-0.266127,-3.469092,-0.1095545,-0.2648137,-0.01641346,0.9579155,347.3743,328.9207,1.560716,0.2953514,-0.07245577,-0.952637,0,0,0,0.4155707,0.05572205,-2.612121,-0.1179331,0.08276708,1.117424,0.8592086,0.02657766,0.5109347,0.08946849,0.9754568,-0.201195,-0.5037419,0.218581,0.8357431,moving,-9.097357398304883,3.163794301906812,-6.024702233754805,4.236136348403538,-0.6568172999999999,0.32184905,0.8569709999999997,-0.15787755128554457,0.05449841015094191,0.9859536739397851,-9.180141233398778,3.3119122034392183,3.253864409503385,3.254401208351707,3.2880063185172235
05/17/2023 16:16:09.117745,3719,True,True,True,True,Eyes,1.073514,-0.2630385,-3.457595,-0.6272458,0.2646673,0.7324712,0.0,0.0,0.0,0.0,0.0,0.0,0.0,0.8563106,-0.530506,3.49864,1.072469,-0.2660716,-3.469035,-0.1090351,-0.2646008,-0.01588687,0.9580425,347.4479,328.9449,1.600391,0.2953843,-0.07245664,-0.9526267,0,0,0,0.4203487,0.05570198,-2.612301,-0.1143747,0.08469449,1.114692,0.8594681,0.02726093,0.5104619,0.08814213,0.975718,-0.2005131,-0.5035329,0.2173278,0.8361956,moving,-9.104344344036504,3.255980695203444,-5.85842029451813,4.34499482217063,-0.6521202999999999,0.32177358,0.8567339999999999,-0.1579838983148475,0.05608373154054383,0.985847774793909,-9.187787420560255,3.4052404712629296,3.4229173011421725,3.423736950172408,3.459454248869315
05/17/2023 16:16:09.127740,3720,True,True,True,True,Eyes,1.073715,-0.2630285,-3.457463,-0.6267601,0.2648788,0.7328104,0.0,0.0,0.0,0.0,0.0,0.0,0.0,0.8535153,-0.5300372,3.499297,1.072625,-0.2659311,-3.468899,-0.1089408,-0.2642389,-0.01613383,0.958149,347.4501,328.9923,1.564831,0.2954196,-0.0724573,-0.9526157,0,0,0,0.4250409,0.05568227,-2.612477,-0.1115739,0.0850201,1.112017,0.859835,0.02665559,0.5098757,0.08849003,0.9757432,-0.2002367,-0.5028452,0.2172895,0.8366194,moving,-9.117434255967021,3.2661220729243308,-5.729579938252957,4.3720863706085975,-0.6475841,0.32161336999999995,0.8564219999999998,-0.15820758182309508,0.05625618430818294,0.9858020525289964,-9.200953119664403,3.4155535726280424,3.5628042121389765,3.5638060982334716,3.600748083139826
05/17/2023 16:16:09.147758,3721,True,True,True,True,Eyes,1.073917,-0.2630169,-3.457327,-0.6261915,0.2651104,0.7332126,0.0,0.0,0.0,0.0,0.0,0.0,0.0,0.8467764,-0.5253712,3.501505,1.072891,-0.2658808,-3.468688,-0.1082762,-0.2633652,-0.01627218,0.9584625,347.5182,329.1052,1.516528,0.2954575,-0.07245775,-0.9526039,0,0,0,0.4292179,0.05566473,-2.612634,-0.1105348,0.08670492,1.109414,0.860748,0.02583981,0.508375,0.0882249,0.976023,-0.1989863,-0.5013275,0.2161284,0.8378301,moving,-9.187210172484116,3.345394874061106,-5.689801402493268,4.468799172254838,-0.6436731,0.32154552999999997,0.8560540000000003,-0.159395673220568,0.05760890472156227,0.9855324799896317,-9.271312824621896,3.496046913731504,3.6721923937066174,3.673405139868055,3.711262726256398
05/17/2023 16:16:09.167813,3722,True,True,True,True,Eyes,1.074126,-0.2630127,-3.457189,-0.6253575,0.2653723,0.7338293,0.0,0.0,0.0,0.0,0.0,0.0,0.0,0.8351237,-0.5273528,3.503788,1.073045,-0.2658288,-3.468425,-0.1085198,-0.2618033,-0.01650135,0.9588588,347.4818,329.2947,1.477813,0.2954977,-0.07245797,-0.9525914,0,0,0,0.4336695,0.05564603,-2.612801,-0.1106431,0.08649321,1.106579,0.8623735,0.02517675,0.5056462,0.0884666,0.9759023,-0.1994701,-0.4984834,0.2167505,0.839365,moving,-9.312443635447563,3.3272924257388294,-5.709834418211336,4.4693063930154056,-0.6393755000000001,0.32147483,0.8556239999999997,-0.16155248268307346,0.05727716960233284,0.9852004989510061,-9.396450376201187,3.4781939994876754,3.7780289054754568,3.7792842012172367,3.8175176487227533
05/17/2023 16:16:09.188002,3723,True,True,True,True,Eyes,1.074333,-0.2630128,-3.457053,-0.624479,0.2655973,0.7344958,0.0,0.0,0.0,0.0,0.0,0.0,0.0,0.8249456,-0.5257163,3.506447,1.07306,-0.2660076,-3.46841,-0.1082937,-0.2604141,-0.01666889,0.9592597,347.4997,329.4665,1.43345,0.2955402,-0.0724582,-0.9525782,0,0,0,0.4381774,0.0556271,-2.61297,-0.1100906,0.08749734,1.103868,0.8638133,0.02442281,0.5032197,0.08838197,0.9759893,-0.1990819,-0.4959992,0.2164452,0.840914,moving,-9.416343911653106,3.3588473541488977,-5.695370822769736,4.5320351823769105,-0.6348825999999999,0.3216347,0.8554400000000002,-0.16333383653576045,0.057802569214891186,0.984876108076847,-9.500603200759988,3.5105196342810094,3.9001599024221485,3.9015394921103397,3.9399603380626833
05/17/2023 16:16:09.197964,3724,True,True,True,True,Eyes,1.074573,-0.263011,-3.456899,-0.6234347,0.265855,0.7352893,0.0,0.0,0.0,0.0,0.0,0.0,0.0,0.8156751,-0.5223683,3.50906,1.073183,-0.2660927,-3.468309,-0.1078229,-0.2591712,-0.0167914,0.9596472,347.5465,329.6219,1.38851,0.2955847,-0.07245854,-0.9525644,0,0,0,0.4427677,0.05560782,-2.613143,-0.1092794,0.0889605,1.101076,0.8650966,0.02366155,0.5010468,0.08811682,0.9761845,-0.1982402,-0.4938048,0.2156476,0.842409,moving,-9.49212417998353,3.4190521498376216,-5.667920306845102,4.619130508071319,-0.6304153,0.32170052000000005,0.8551660000000001,-0.16462646289748176,0.058824603570033815,0.984600352738243,-9.576832872464214,3.571736658905805,4.006524218339605,4.008082250806219,4.0468050757263745
05/17/2023 16:16:09.218090,3725,True,True,True,True,Eyes,1.07481,-0.263013,-3.456751,-0.6223558,0.2660905,0.7361177,0.0,0.0,0.0,0.0,0.0,0.0,0.0,0.8068708,-0.5190995,3.511507,1.073298,-0.2660624,-3.468203,-0.1073421,-0.2579861,-0.01707989,0.9600153,347.5896,329.7723,1.325494,0.295632,-0.07245896,-0.9525496,0,0,0,0.4477395,0.05558694,-2.61333,-0.1080676,0.0902323,1.098075,0.8663029,0.02259165,0.4990079,0.08817945,0.9763719,-0.1972874,-0.4916743,0.2149129,0.8438417,moving,-9.561429394192904,3.470553715969652,-5.620692799554298,4.697621160270539,-0.6255585000000001,0.32164934,0.854873,-0.165808718713021,0.0596976233033832,0.9843494434436654,-9.646523710971548,3.6241208891952255,4.125595451598518,4.127359860878015,4.166499413095052
05/17/2023 16:16:09.227830,3726,True,True,True,True,Eyes,1.075038,-0.2630145,-3.456607,-0.6211396,0.2664184,0.7370256,0.0,0.0,0.0,0.0,0.0,0.0,0.0,0.7983797,-0.5166644,3.513834,1.073405,-0.266134,-3.468193,-0.1069852,-0.2568332,-0.01742792,0.9603578,347.6173,329.9183,1.260164,0.2956817,-0.07245953,-0.9525342,0,0,0,0.4518465,0.05556969,-2.613484,-0.107452,0.09119925,1.09567,0.8674659,0.02148063,0.4970327,0.08842879,0.9765009,-0.196536,-0.4895746,0.2144403,0.8451816,moving,-9.617720496073805,3.5107991023381704,-5.601067865190352,4.758106531161079,-0.6215584999999999,0.32170369,0.8547089999999997,-0.1667688573004326,0.06037910657587807,0.9841455244657096,-9.70311672029477,3.665064007305565,4.203956465599863,4.205861883036553,4.2451792386918
05/17/2023 16:16:09.247651,3727,True,True,True,True,Eyes,1.075265,-0.2630186,-3.456471,-0.6199241,0.2667213,0.7379389,0.0,0.0,0.0,0.0,0.0,0.0,0.0,0.7913337,-0.5159409,3.515452,1.073439,-0.2661168,-3.4681,-0.1068624,-0.255877,-0.0176638,0.9606224,347.6227,330.0374,1.217314,0.2957332,-0.07246021,-0.9525181,0,0,0,0.4564741,0.05555025,-2.613658,-0.1058447,0.0917411,1.092963,0.86843,0.02075076,0.4953774,0.08862373,0.9765369,-0.1962693,-0.4878271,0.2143483,0.8462148,moving,-9.646940462309603,3.529110026217772,-5.53138791700428,4.798044410120632,-0.6169649,0.32166705,0.8544420000000001,-0.16726759623118762,0.060688423868099445,0.9840418833703958,-9.732475004997134,3.6837058897614345,4.304661264784704,4.306735100260991,4.346364349528995
05/17/2023 16:16:09.267766,3728,True,True,True,True,Eyes,1.075477,-0.2630173,-3.456343,-0.6186032,0.2671351,0.7388971,0.0,0.0,0.0,0.0,0.0,0.0,0.0,0.7856447,-0.514591,3.517025,1.073598,-0.2661793,-3.468147,-0.1066705,-0.2551197,-0.01766743,0.9608451,347.643,330.1303,1.20111,0.2957864,-0.07246107,-0.9525015,0,0,0,0.4612513,0.05553019,-2.613837,-0.1036116,0.09264724,1.090409,0.8692036,0.02047617,0.4940302,0.08837882,0.9766185,-0.195973,-0.4864919,0.2140023,0.8470706,moving,-9.6425509862855,3.5712939116250944,-5.427996947575435,4.8565052977858265,-0.6123467,0.32170949,0.8543099999999999,-0.16718477966702958,0.06141378227607702,0.9840109765063058,-9.728385183516554,3.7263838999181162,4.40381677528065,4.40615865038068,4.446404542294733
05/17/2023 16:16:09.278247,3729,True,True,True,True,Eyes,1.075688,-0.2630154,-3.456217,-0.6172839,0.267545,0.7398515,0.0,0.0,0.0,0.0,0.0,0.0,0.0,0.7803989,-0.5149201,3.518071,1.073747,-0.2660403,-3.468037,-0.10668,-0.2544236,-0.01787705,0.9610248,347.6349,330.2166,1.168707,0.2958406,-0.07246193,-0.9524845,0,0,0,0.4655321,0.05551221,-2.613998,-0.1017835,0.09276637,1.087998,0.8698981,0.01992323,0.492829,0.0886444,0.9765996,-0.1959475,-0.4852004,0.2141409,0.8477761,moving,-9.633270422464353,3.5816605291620767,-5.34453270649233,4.873444016622686,-0.6082149,0.32155251,0.8540389999999998,-0.1670235355570978,0.06159352649646076,0.9840271126042195,-9.71917608631063,3.736841256161961,4.476534792341727,4.47905969762369,4.519886119768398
05/17/2023 16:16:09.297885,3730,True,True,True,True,Eyes,1.075888,-0.263017,-3.456093,-0.615808,0.268089,0.7408838,0.0,0.0,0.0,0.0,0.0,0.0,0.0,0.7747995,-0.5157613,3.519133,1.073884,-0.2660194,-3.467943,-0.1067776,-0.2536781,-0.01802325,0.9612083,347.6188,330.3074,1.145479,0.2958956,-0.07246276,-0.9524674,0,0,0,0.4700845,0.05549309,-2.614169,-0.09976682,0.0928932,1.085492,0.8706452,0.01952611,0.491524,0.08882249,0.9765474,-0.1961269,-0.483826,0.2144153,0.8484919,moving,-9.617671104852043,3.593335336045693,-5.251262317474146,4.891286517798404,-0.6037995,0.32151249000000004,0.853774,-0.16675352070825902,0.0617968996474782,0.9840601691018694,-9.703655890070307,3.7485989897580034,4.552507510598457,4.5552390682272845,4.596688298333342
05/17/2023 16:16:09.317915,3731,True,True,True,True,Eyes,1.076089,-0.2630209,-3.455976,-0.6143473,0.2685874,0.7419153,0.0,0.0,0.0,0.0,0.0,0.0,0.0,0.7685124,-0.5169091,3.520215,1.073972,-0.2661091,-3.467779,-0.106932,-0.2528359,-0.01820602,0.9614094,347.5952,330.4099,1.118561,0.2959511,-0.07246367,-0.9524501,0,0,0,0.474654,0.0554739,-2.614341,-0.09793675,0.09300965,1.082918,0.8714851,0.0190656,0.4900512,0.08907935,0.9764681,-0.1964046,-0.482264,0.2148171,0.8492791,moving,-9.61440855772653,3.594982678500668,-5.1676476231247035,4.908972224203444,-0.5993179999999999,0.321583,0.8534380000000001,-0.16669719532084162,0.06182579321848922,0.9840679474483507,-9.700404225938183,3.7502540613977864,4.633948018925576,4.636836349896026,4.678515811789558
05/17/2023 16:16:09.327965,3732,True,True,True,True,Eyes,1.076297,-0.2630202,-3.455849,-0.6127548,0.269199,0.7430097,0.0,0.0,0.0,0.0,0.0,0.0,0.0,0.7625884,-0.5155076,3.521811,1.074162,-0.2661696,-3.467819,-0.1067509,-0.2520671,-0.01778795,0.9616393,347.6268,330.4992,1.150107,0.2960071,-0.0724647,-0.9524326,0,0,0,0.4794466,0.05545377,-2.614521,-0.09554371,0.09419787,1.080391,0.8722916,0.01960559,0.488593,0.08802794,0.9765757,-0.1963442,-0.4809974,0.2142792,0.8501329,moving,-9.585850210800086,3.6669955951215973,-5.053769623977988,4.982942580849486,-0.5947154000000001,0.32162337,0.8532980000000001,-0.16619372314320074,0.06306801285821327,0.984074200942209,-9.67235184411321,3.823031681982768,4.7159525655394505,4.719265929643724,4.762005356723047
05/17/2023 16:16:09.348036,3733,True,True,True,True,Eyes,1.076511,-0.2630161,-3.455724,-0.6111576,0.2697698,0.7441173,0.0,0.0,0.0,0.0,0.0,0.0,0.0,0.7565353,-0.5167689,3.522745,1.074243,-0.2660841,-3.467612,-0.1069189,-0.2512754,-0.01753937,0.9618323,347.6143,330.5905,1.17285,0.2960636,-0.07246573,-0.952415,0,0,0,0.4836996,0.05543591,-2.614681,-0.09369877,0.09440577,1.077922,0.8731061,0.01999229,0.4871202,0.08747201,0.9765215,-0.1968616,-0.479619,0.2144904,0.850858,moving,-9.559549116542854,3.691196327836355,-4.967969324594023,5.005265205764736,-0.5905434,0.32152000999999997,0.8529309999999999,-0.16573754280279857,0.06348860405096338,0.9841240659847925,-9.646216359553362,3.8474268959384395,4.772348520705341,4.7759168755091235,4.8193967331822005
05/17/2023 16:16:09.367877,3734,True,True,True,True,Eyes,1.076697,-0.2630057,-3.455617,-0.6093388,0.2704572,0.7453584,0.0,0.0,0.0,0.0,0.0,0.0,0.0,0.7482635,-0.5153086,3.524715,1.074541,-0.2659927,-3.467516,-0.1066934,-0.2501977,-0.01745812,0.9621398,347.6406,330.7212,1.161133,0.2961209,-0.07246664,-0.9523971,0,0,0,0.4881382,0.05541727,-2.614847,-0.09257284,0.09527847,1.075439,0.8741927,0.01979457,0.4851756,0.08698318,0.9766235,-0.1965719,-0.477725,0.2140438,0.8520352,moving,-9.557842646518097,3.7568136303261115,-4.919842672552679,5.062898288974322,-0.5864027999999999,0.32140997000000004,0.8526689999999997,-0.16569622462905226,0.06461607671869588,0.9840576906060957,-9.644977360925004,3.913831977014695,4.814475641616762,4.818391940685132,4.862843942852775
05/17/2023 16:16:09.383558,3735,True,True,True,True,Eyes,1.076883,-0.262997,-3.455517,-0.6074969,0.2711791,0.7465986,0.0,0.0,0.0,0.0,0.0,0.0,0.0,0.7375275,-0.5188075,3.526435,1.074749,-0.2658248,-3.467435,-0.1071311,-0.2487618,-0.01754811,0.9624618,347.5874,330.8919,1.145343,0.2961779,-0.07246728,-0.9523793,0,0,0,0.4926984,0.05539811,-2.615019,-0.09200147,0.09462474,1.072923,0.8756193,0.01952146,0.4826072,0.08707901,0.97643,-0.1974885,-0.4750875,0.2149497,0.8532811,moving,-9.594535299315272,3.747112184851658,-4.901034887207456,5.040069920363065,-0.5820506,0.32122291000000003,0.8524159999999998,-0.16632826297396963,0.0644425007163541,0.9839624638907036,-9.681610552990632,3.90415042027079,4.864289054564659,4.868335015616224,4.913676506137552
05/17/2023 16:16:09.398009,3736,True,True,True,True,Eyes,1.077049,-0.262991,-3.455425,-0.6053762,0.272018,0.7480146,0.0,0.0,0.0,0.0,0.0,0.0,0.0,0.7274322,-0.5244568,3.527756,1.074879,-0.2658674,-3.467452,-0.1078901,-0.2473914,-0.01770828,0.9627272,347.4965,331.0531,1.131906,0.2962347,-0.0724677,-0.9523616,0,0,0,0.4973342,0.05537865,-2.615193,-0.09106982,0.09346388,1.070548,0.8769678,0.01928569,0.480162,0.08747866,0.9760923,-0.1989757,-0.4725198,0.2164992,0.8543144,moving,-9.60299398798946,3.7051653098731165,-4.86235458735253,4.989539991310924,-0.5775447999999999,0.32124604999999995,0.8522590000000001,-0.1664812535813356,0.06372044263977998,0.9839835745882028,-9.689772355351057,3.86172751619188,4.907482734152405,4.9115456069540615,4.9574109458286815
05/17/2023 16:16:09.418154,3737,True,True,True,True,Eyes,1.077221,-0.2629867,-3.455333,-0.6032546,0.2728357,0.7494295,0.0,0.0,0.0,0.0,0.0,0.0,0.0,0.7180192,-0.5275611,3.529133,1.074964,-0.2659343,-3.46733,-0.108312,-0.2461249,-0.01775669,0.9630036,347.4465,331.203,1.122224,0.2962908,-0.07246799,-0.9523441,0,0,0,0.5021149,0.05535857,-2.615372,-0.08980507,0.09313847,1.067931,0.8782145,0.01911704,0.4778849,0.08751605,0.9759064,-0.1998689,-0.4701919,0.2173503,0.8553821,moving,-9.599994788978773,3.702776712888284,-4.806840423949772,4.984378687560261,-0.5728491,0.32129287,0.8519580000000002,-0.1664301790342379,0.06367997918327219,0.9839948489924883,-9.686755328419276,3.85929878699425,4.957323065033213,4.9615352854212045,5.007931135461152
05/17/2023 16:16:09.427928,3738,True,True,True,True,Eyes,1.077373,-0.2629822,-3.455254,-0.6008636,0.2737429,0.7510179,0.0,0.0,0.0,0.0,0.0,0.0,0.0,0.7081932,-0.5289173,3.530895,1.075207,-0.2659773,-3.467231,-0.1084946,-0.2448281,-0.01764285,0.9633157,347.4279,331.3565,1.123288,0.2963462,-0.07246821,-0.9523268,0,0,0,0.5063907,0.05534061,-2.615533,-0.08912206,0.09332816,1.065614,0.8794959,0.01913379,0.4755217,0.08711633,0.9758353,-0.2003902,-0.4678651,0.2176681,0.8565763,moving,-9.580799117226238,3.737873248709427,-4.780776018208395,5.005283357442573,-0.5688163,0.32131791000000004,0.8516979999999998,-0.16609404289397162,0.06428641210672585,0.9840122729719178,-9.667804847907675,3.8947482643449676,4.9601195535802995,4.964529195686517,5.011620394175243
05/17/2023 16:16:09.453521,3739,True,True,True,True,Eyes,1.077537,-0.2629754,-3.455173,-0.5984412,0.27462,0.7526301,0.0,0.0,0.0,0.0,0.0,0.0,0.0,0.6970316,-0.5293738,3.532996,1.075578,-0.2659565,-3.467067,-0.1085366,-0.2433665,-0.01765134,0.963681,347.4213,331.5322,1.104177,0.2964005,-0.07246833,-0.9523099,0,0,0,0.510937,0.05532151,-2.615704,-0.0887644,0.09368849,1.063109,0.8809223,0.0188078,0.4728869,0.08684885,0.9758165,-0.2005978,-0.4652237,0.2177807,0.8579851,moving,-9.58197872839066,3.7811110974574014,-4.77284660761126,5.036287900304402,-0.564641,0.32127801,0.8513630000000001,-0.16610629069533406,0.06502883396133165,0.9839613979361775,-9.669293104989965,3.938513833624596,4.965613954690457,4.970233451410243,5.01799723028689
05/17/2023 16:16:09.469594,3740,True,True,True,True,Eyes,1.077693,-0.2629656,-3.455104,-0.5957798,0.2755286,0.7544073,0.0,0.0,0.0,0.0,0.0,0.0,0.0,0.6828918,-0.5294615,3.535715,1.075979,-0.2658862,-3.466918,-0.1085059,-0.2414975,-0.0178303,0.9641513,347.4176,331.7594,1.058264,0.2964542,-0.07246832,-0.9522932,0,0,0,0.515522,0.05530226,-2.615876,-0.0893321,0.09404297,1.060529,0.8827221,0.01802556,0.4695496,0.08678999,0.9758171,-0.2006201,-0.4618108,0.217844,0.8598109,moving,-9.617622498140793,3.8269042532833772,-4.81485955269655,5.067478838138618,-0.560457,0.32118846,0.8510420000000001,-0.16670983229568703,0.06580843340336777,0.9838074179981711,-9.705272873636137,3.9849946027285266,4.955628407186109,4.960398896330921,5.008783741541925
05/17/2023 16:16:09.477781,3741,True,True,True,True,Eyes,1.077854,-0.2629508,-3.455041,-0.5930799,0.2764394,0.7561994,0.0,0.0,0.0,0.0,0.0,0.0,0.0,0.6669111,-0.5285411,3.538962,1.076261,-0.2657911,-3.4669,-0.1083206,-0.2393541,-0.01811188,0.9647013,347.4281,332.0219,0.992653,0.2965069,-0.07246807,-0.9522768,0,0,0,0.5199979,0.05528346,-2.616044,-0.09046006,0.09459966,1.057989,0.8847632,0.01690884,0.4657341,0.08679905,0.9758773,-0.2003237,-0.4578865,0.2176643,0.8619525,moving,-9.68603289412087,3.885870545755297,-4.887011661641603,5.109491198062099,-0.5562630999999999,0.32107456,0.8508559999999998,-0.1678732029726273,0.0668075147497617,0.9835422644265985,-9.774121888548928,4.044930556280174,4.947605727533806,4.952560175357646,5.001713279464679
05/17/2023 16:16:09.497830,3742,True,True,True,True,Eyes,1.077976,-0.262939,-3.455003,-0.5902069,0.2774209,0.7580854,0.0,0.0,0.0,0.0,0.0,0.0,0.0,0.6519133,-0.531314,3.541487,1.076502,-0.2656551,-3.466985,-0.1086268,-0.2373209,-0.01859403,0.9651598,347.3785,332.2697,0.9198858,0.296559,-0.07246748,-0.9522607,0,0,0,0.5247005,0.05526371,-2.616221,-0.09105971,0.0939842,1.055532,0.8866661,0.0156664,0.4621448,0.08745121,0.975709,-0.2008589,-0.4540655,0.2185099,0.8637581,moving,-9.7298325323124,3.8859127141380156,-4.930643017504654,5.0881780141634225,-0.5518015000000001,0.32091881,0.8507640000000003,-0.16862510853021645,0.06679954025686922,0.9834141591680605,-9.81793343159052,4.045137134618455,4.942505501611391,4.947490459888305,4.997353486398329
05/17/2023 16:16:09.517611,3743,True,True,True,True,Eyes,1.078103,-0.2629317,-3.454965,-0.5873184,0.2783842,0.7599732,0.0,0.0,0.0,0.0,0.0,0.0,0.0,0.6388295,-0.5350816,3.543377,1.076601,-0.2656972,-3.467026,-0.1090866,-0.2355235,-0.01927645,0.9655347,347.3066,332.4905,0.8317075,0.2966092,-0.07246661,-0.9522451,0,0,0,0.5291134,0.05524518,-2.616387,-0.09133768,0.09308656,1.053246,0.8883142,0.01416076,0.4590179,0.08860908,0.9754571,-0.2015737,-0.4506067,0.2197339,0.8652576,moving,-9.747858801874338,3.8581568617979243,-4.956300547926025,5.050714575179546,-0.5474876,0.32094238,0.8506390000000001,-0.1689399143360766,0.06631950603522332,0.9833925762226412,-9.835766547236888,4.017112808882488,4.932855561045997,4.937734743860408,4.987737067019788
05/17/2023 16:16:09.527927,3744,True,True,True,True,Eyes,1.078194,-0.2629246,-3.454948,-0.5843346,0.2793619,0.7619121,0.0,0.0,0.0,0.0,0.0,0.0,0.0,0.6252407,-0.5363067,3.545628,1.076804,-0.2657943,-3.466969,-0.109224,-0.2336937,-0.01960213,0.9659572,347.2808,332.7133,0.7741946,0.2966579,-0.07246563,-0.95223,0,0,0,0.533724,0.05522581,-2.61656,-0.09153217,0.09316884,1.050775,0.890006,0.01318027,0.4557581,0.08891951,0.9753718,-0.2018495,-0.4471941,0.2201731,0.8669147,moving,-9.759296621886248,3.882278798802731,-4.978422803956202,5.066981702746384,-0.5430800000000001,0.32102010999999997,0.850409,-0.16913157902215775,0.06673129382197093,0.9833318297794987,-9.847379413479487,4.041569493643699,4.920522928349317,4.925472102609205,4.975762118911768
05/17/2023 16:16:09.548312,3745,True,True,True,True,Eyes,1.078296,-0.262918,-3.45493,-0.5813212,0.2803045,0.7638685,0.0,0.0,0.0,0.0,0.0,0.0,0.0,0.6104668,-0.5376065,3.548036,1.077094,-0.2657782,-3.466912,-0.1093735,-0.2317266,-0.01961472,0.9664137,347.2621,332.9486,0.7505979,0.2967041,-0.07246453,-0.9522157,0,0,0,0.5382075,0.05520698,-2.616728,-0.09206259,0.09331214,1.048361,0.891836,0.01277763,0.4521782,0.08860137,0.9753054,-0.2023095,-0.4435969,0.2204906,0.8686804,moving,-9.778657211783845,3.917894082993201,-5.018596840880355,5.086358471220888,-0.5388865,0.32098518000000004,0.850184,-0.16945691119765718,0.06733870522326528,0.983234402168752,-9.866999108843055,4.077688276476388,4.896322691059566,4.901375700882576,4.952213657926298
05/17/2023 16:16:09.568196,3746,True,True,True,True,Eyes,1.078374,-0.2629093,-3.45493,-0.5782363,0.2812349,0.7658653,0.0,0.0,0.0,0.0,0.0,0.0,0.0,0.593864,-0.5380582,3.550793,1.077379,-0.2657839,-3.466832,-0.1094149,-0.2295187,-0.01950946,0.9669381,347.2586,333.2121,0.7341008,0.2967484,-0.07246333,-0.952202,0,0,0,0.542838,0.05518753,-2.616902,-0.09292597,0.09379782,1.045803,0.8938811,0.01249663,0.44813,0.08795438,0.9752955,-0.2026392,-0.4395914,0.2205503,0.8706992,moving,-9.819824026207494,3.9705729617423153,-5.077743593751612,5.125131447425345,-0.534541,0.32097143,0.8499300000000001,-0.17015293139156523,0.06823437432152665,0.9830523869355068,-9.908552488195715,4.131158773605078,4.875408854655252,4.880607761820617,4.932007324704787
05/17/2023 16:16:09.581950,3747,True,True,True,True,Eyes,1.078466,-0.2628988,-3.454931,-0.5750952,0.2821482,0.7678919,0.0,0.0,0.0,0.0,0.0,0.0,0.0,0.5755109,-0.5391785,3.553722,1.077801,-0.2657126,-3.466787,-0.1095307,-0.2270861,-0.01945269,0.9675003,347.2453,333.5024,0.7111213,0.2967902,-0.07246197,-0.9521891,0,0,0,0.5472297,0.05516909,-2.617067,-0.0945667,0.0939907,1.043416,0.8961071,0.01210484,0.4436729,0.08738675,0.9752492,-0.2031071,-0.4351503,0.2207768,0.8728699,moving,-9.88359713659524,4.012751523403401,-5.178672763062628,5.1472997411075925,-0.5305713,0.32088169,0.84972,-0.17123863869346984,0.06894487677734601,0.9828143255449902,-9.972643273951475,4.174086462076634,4.834534789401214,4.839784397982724,4.891758103765358
05/17/2023 16:16:09.598140,3748,True,True,True,True,Eyes,1.07854,-0.2628838,-3.45494,-0.5719082,0.2830582,0.7699345,0.0,0.0,0.0,0.0,0.0,0.0,0.0,0.5553754,-0.5414172,3.556705,1.078156,-0.2656623,-3.466804,-0.1098145,-0.224406,-0.01922218,0.9680978,347.2176,333.8191,0.7090449,0.2968301,-0.07246041,-0.9521767,0,0,0,0.5519875,0.0551491,-2.617246,-0.09620047,0.09401555,1.040879,0.8985449,0.01206817,0.4387157,0.08650396,0.9751427,-0.2039951,-0.4302722,0.2212494,0.8751654,moving,-9.968419927955331,4.04538774779213,-5.280409064840845,5.16113475635181,-0.5261684999999999,0.3208114,0.849558,-0.17268693603928542,0.06948685051254869,0.9825227060134236,-10.057721270162977,4.207435091206627,4.813650322882576,4.818956032149422,4.87157622935512
05/17/2023 16:16:09.618111,3749,True,True,True,True,Eyes,1.078623,-0.2628667,-3.454954,-0.5686855,0.2839572,0.7719877,0.0,0.0,0.0,0.0,0.0,0.0,0.0,0.5354599,-0.5451587,3.559147,1.07831,-0.2655421,-3.466724,-0.1102923,-0.2217295,-0.01914872,0.9686615,347.1638,334.1358,0.6941915,0.2968679,-0.07245853,-0.9521651,0,0,0,0.5565178,0.05513008,-2.617416,-0.09789759,0.09349623,1.038314,0.9009387,0.01181286,0.4337855,0.08600739,0.9749378,-0.2051802,-0.4253377,0.2221635,0.8773433,moving,-10.051996171776308,4.049116178037099,-5.386218156318168,5.1453903372715,-0.5217922000000002,0.32067218,0.8493080000000002,-0.17411936288440422,0.06953297153661045,0.9822665176169848,-10.141346244226705,4.211521391405579,4.787592710243701,4.792838566208713,4.845962684593169
05/17/2023 16:16:09.627915,3750,True,True,True,True,Eyes,1.078693,-0.2628441,-3.454974,-0.5654784,0.2848657,0.7740062,0.0,0.0,0.0,0.0,0.0,0.0,0.0,0.5176803,-0.5478102,3.561552,1.078558,-0.2654792,-3.466838,-0.1106296,-0.2193467,-0.01901614,0.9691679,347.1277,334.4174,0.6860622,0.2969039,-0.07245629,-0.9521541,0,0,0,0.5608343,0.05511195,-2.617578,-0.09913775,0.09327395,1.036113,0.9030508,0.01167284,0.4293751,0.08539215,0.974799,-0.2060951,-0.4209601,0.2227797,0.8792962,moving,-10.103124293252984,4.070028258761829,-5.465557371786558,5.144068994122129,-0.5177236999999999,0.32059115000000005,0.8492600000000001,-0.17499156184858167,0.06988050432482079,0.9820868362515572,-10.192637037557967,4.232877893420643,4.755037367799799,4.760314112775844,4.814099229196166
05/17/2023 16:16:09.651261,3751,True,True,True,True,Eyes,1.078775,-0.2628231,-3.454995,-0.5622555,0.2857764,0.7760159,0.0,0.0,0.0,0.0,0.0,0.0,0.0,0.5017411,-0.5525395,3.563087,1.078789,-0.2653306,-3.466763,-0.1112449,-0.2172159,-0.01898264,0.969578,347.0578,334.6681,0.6771506,0.2969379,-0.07245358,-0.9521437,0,0,0,0.5654138,0.05509271,-2.61775,-0.09966648,0.09240516,1.033719,0.9049139,0.011518,0.4254389,0.08513862,0.9745284,-0.2074746,-0.416992,0.2239679,0.8808837,moving,-10.12407361273457,4.055330884958547,-5.507175532095573,5.108149081889266,-0.5133752,0.32042331,0.8490129999999998,-0.17535380412619445,0.06962402831614788,0.982040535410593,-10.213487098855806,4.218081030739394,4.730187836776813,4.735416987214167,4.78973795724765
05/17/2023 16:16:09.667892,3752,True,True,True,True,Eyes,1.078847,-0.2627996,-3.455023,-0.5590674,0.2866716,0.7779865,0.0,0.0,0.0,0.0,0.0,0.0,0.0,0.4862065,-0.5564187,3.56475,1.079106,-0.2653558,-3.466779,-0.1117714,-0.2151499,-0.01885909,0.9699805,347.0002,334.9105,0.6767948,0.2969704,-0.07245047,-0.9521338,0,0,0,0.56991,0.05507383,-2.617919,-0.100127,0.09190491,1.031526,0.9067097,0.01150929,0.4215983,0.08468109,0.974303,-0.208717,-0.4131666,0.2249472,0.8824354,moving,-10.139271727508564,4.053158326392341,-5.544153212729461,5.091385041818639,-0.5091959999999999,0.32042962999999997,0.8488599999999997,-0.17561477872350237,0.06958349871849255,0.981996713014641,-10.228673747441189,4.215939049574634,4.705745653501884,4.710947768495273,4.765620455457184
05/17/2023 16:16:09.677565,3753,True,True,True,True,Eyes,1.07893,-0.2627738,-3.455049,-0.5558478,0.2875614,0.7799625,0.0,0.0,0.0,0.0,0.0,0.0,0.0,0.4697463,-0.5598751,3.56645,1.079391,-0.2652736,-3.466732,-0.1122208,-0.2129567,-0.01880769,0.9704134,346.9494,335.1694,0.6642632,0.2970012,-0.07244693,-0.9521245,0,0,0,0.5742828,0.05505547,-2.618083,-0.1009808,0.09141576,1.029269,0.9085914,0.01129388,0.4175333,0.08429882,0.9741055,-0.2097907,-0.4090908,0.2258116,0.8841119,moving,-10.169398837828131,4.056191423698631,-5.603313247312692,5.075475640820436,-0.5051082,0.32032907,0.848649,-0.1761305344520445,0.06962896099434665,0.9819010538570244,-10.258830468864119,4.219121592940099,4.673291922459574,4.6784696146481854,4.733622593266488
05/17/2023 16:16:09.697866,3754,True,True,True,True,Eyes,1.07904,-0.2627479,-3.455069,-0.5526872,0.2884313,0.781885,0.0,0.0,0.0,0.0,0.0,0.0,0.0,0.4528937,-0.5626041,3.568285,1.079693,-0.2651987,-3.466732,-0.1125573,-0.2107053,-0.01889234,0.9708642,346.9079,335.4376,0.6323218,0.2970309,-0.07244294,-0.9521155,0,0,0,0.578828,0.05503638,-2.618254,-0.1018438,0.09107678,1.026968,0.9104927,0.01074902,0.4133853,0.08411662,0.9739478,-0.2105942,-0.4048795,0.2265171,0.8858683,moving,-10.214254234961151,4.064778763839367,-5.663470564339152,5.068024061697756,-0.500865,0.32023508,0.8484780000000001,-0.1768974894341857,0.06976637827046246,0.9817534516279716,-10.30375898702557,4.227980715677071,4.654866124475288,4.660057203991686,4.7157130392880395
05/17/2023 16:16:09.717626,3755,True,True,True,True,Eyes,1.079161,-0.2627176,-3.45509,-0.5494998,0.2892878,0.7838128,0.0,0.0,0.0,0.0,0.0,0.0,0.0,0.4370633,-0.5648087,3.570032,1.079963,-0.2651832,-3.466774,-0.1128381,-0.2085906,-0.01888561,0.9712884,346.8751,335.6886,0.611118,0.2970603,-0.07243854,-0.9521067,0,0,0,0.5833917,0.05501721,-2.618426,-0.1023107,0.0909538,1.024727,0.9122666,0.0103872,0.4094652,0.08376066,0.9738218,-0.2113179,-0.4009412,0.2270754,0.8875151,moving,-10.24037127374068,4.0819335303048705,-5.701624739190218,5.072227149178988,-0.49657130000000005,0.32020041,0.8483480000000001,-0.1773413958148185,0.07005463461051745,0.981652863477084,-10.3300052775181,4.245440836530281,4.64027449440597,4.645524895690111,4.701646734321449
05/17/2023 16:16:09.728012,3756,True,True,True,True,Eyes,1.079295,-0.2626813,-3.455107,-0.5463498,0.290176,0.7856842,0.0,0.0,0.0,0.0,0.0,0.0,0.0,0.4208487,-0.5666994,3.571817,1.080306,-0.2650476,-3.466818,-0.1130472,-0.2064286,-0.01900108,0.9717236,346.8474,335.9472,0.573384,0.2970895,-0.07243363,-0.952098,0,0,0,0.5879856,0.05499791,-2.618598,-0.1029526,0.09077546,1.022471,0.9140524,0.009744754,0.4054791,0.0835999,0.9737186,-0.2118564,-0.396887,0.2275459,0.8892152,moving,-10.278278295537136,4.103901250759443,-5.749732841926888,5.073444779271181,-0.4923204,0.32004551,0.84822,-0.17798618888435672,0.07042266997743878,0.9815097764084425,-10.36807899628294,4.267816280889737,4.625810324637357,4.631170324992706,4.68808686767424
05/17/2023 16:16:09.748153,3757,True,True,True,True,Eyes,1.079435,-0.262648,-3.455125,-0.5431782,0.2910674,0.7875514,0.0,0.0,0.0,0.0,0.0,0.0,0.0,0.4049001,-0.5727015,3.572713,1.080574,-0.2648778,-3.466758,-0.1138009,-0.2042816,-0.01938411,0.9720817,346.752,336.2039,0.5185242,0.2971192,-0.07242811,-0.9520891,0,0,0,0.5926362,0.05497838,-2.618773,-0.1035047,0.08935735,1.020182,0.9157865,0.008808992,0.4015687,0.08418074,0.9733472,-0.2133279,-0.392745,0.2291671,0.8906367,moving,-10.314390124798535,4.055056772556065,-5.79323984651162,5.005740183856221,-0.4879378,0.31985618,0.847985,-0.1786153952037596,0.06957785208293074,0.9814557855734976,-10.403852078075765,4.2185157710027985,4.614806347793845,4.620021513735099,4.677335504968756
05/17/2023 16:16:09.767997,3758,True,True,True,True,Eyes,1.079578,-0.2626205,-3.455139,-0.5400456,0.2919202,0.7893879,0.0,0.0,0.0,0.0,0.0,0.0,0.0,0.3901943,-0.5756292,3.574008,1.080819,-0.2649175,-3.466811,-0.1141477,-0.202295,-0.01982907,0.9724475,346.7013,336.4448,0.4484833,0.2971492,-0.0724221,-0.9520802,0,0,0,0.5971355,0.05495949,-2.618942,-0.1038529,0.0888689,1.018072,0.9173671,0.007617531,0.3979693,0.08474844,0.9731542,-0.2139825,-0.3889155,0.2300278,0.8920941,moving,-10.339294723175778,4.045000275420014,-5.824559777348911,4.98878160903224,-0.48368349999999993,0.31987698999999997,0.8478689999999998,-0.17904419966865742,0.06940008596291285,0.9813901938307515,-10.428691560721445,4.208430754155548,4.607156793377218,4.612326401800418,4.669794099890051
05/17/2023 16:16:09.782186,3759,True,True,True,True,Eyes,1.079729,-0.262592,-3.455157,-0.5369044,0.2927375,0.791226,0.0,0.0,0.0,0.0,0.0,0.0,0.0,0.3755705,-0.5786037,3.575064,1.080976,-0.2650321,-3.466723,-0.114538,-0.2003255,-0.02004628,0.9728047,346.6512,336.6805,0.4055879,0.2971797,-0.07241584,-0.9520711,0,0,0,0.601665,0.05494046,-2.619112,-0.1039993,0.08855115,1.015829,0.9189357,0.006887536,0.3943472,0.08489197,0.9729584,-0.2148146,-0.385163,0.2308777,0.8935015,moving,-10.356856217689709,4.037958867848455,-5.84550383987701,4.981954904758775,-0.47931099999999993,0.31997256,0.8476110000000001,-0.1793465712519519,0.06927560753055435,0.9813439047057105,-10.44620749494742,4.201369840291179,4.603941802438213,4.609059426227729,4.666453381814513
05/17/2023 16:16:09.797772,3760,True,True,True,True,Eyes,1.079888,-0.2625521,-3.455173,-0.5338074,0.2935294,0.793026,0.0,0.0,0.0,0.0,0.0,0.0,0.0,0.3608432,-0.5787559,3.576738,1.081266,-0.2649779,-3.466825,-0.1145503,-0.1983725,-0.01983057,0.9732078,346.6541,336.9109,0.4032971,0.2972109,-0.0724093,-0.9520619,0,0,0,0.6061904,0.05492146,-2.619282,-0.1040213,0.08902249,1.013714,0.9205102,0.006848709,0.3906586,0.08404579,0.97297,-0.2150947,-0.3815722,0.2308301,0.8950531,moving,-10.370111132451983,4.089483534795817,-5.858845608921625,5.018734352803315,-0.47507560000000004,0.31989935999999997,0.8475429999999999,-0.1795625196261047,0.07015526552083913,0.9812418794060646,-10.459833348945736,4.253567709040413,4.600614629043947,4.6059769546276765,4.664179260768132
05/17/2023 16:16:09.817924,3761,True,True,True,True,Eyes,1.08006,-0.2625096,-3.455188,-0.5306689,0.2943187,0.7948378,0.0,0.0,0.0,0.0,0.0,0.0,0.0,0.3456259,-0.5830714,3.57746,1.081586,-0.2649407,-3.466645,-0.1151005,-0.1963432,-0.02011065,0.9735485,346.5846,337.1535,0.3558364,0.2972428,-0.0724022,-0.9520525,0,0,0,0.6108285,0.05490198,-2.619456,-0.1043468,0.08822352,1.011419,0.9220898,0.006041014,0.3869288,0.0843558,0.9726949,-0.2162147,-0.3776698,0.2320091,0.8964024,moving,-10.395337869425832,4.060994817745461,-5.89029268280708,4.985148028033747,-0.47075749999999994,0.31984268,0.8471890000000002,-0.18000077608169593,0.0696616904356042,0.9811967572313827,-10.484863613542922,4.224828593124968,4.593615872392213,4.598857607010999,4.657055687949503
05/17/2023 16:16:09.827930,3762,True,True,True,True,Eyes,1.080249,-0.2624749,-3.455187,-0.5275624,0.2950932,0.7966166,0.0,0.0,0.0,0.0,0.0,0.0,0.0,0.3283247,-0.5855018,3.578795,1.082002,-0.2648368,-3.466629,-0.1153784,-0.1940412,-0.02032339,0.9739727,346.5476,337.4293,0.3056054,0.2972758,-0.07239451,-0.9520428,0,0,0,0.6152784,0.05488329,-2.619623,-0.1054084,0.08788392,1.009274,0.92387,0.005187455,0.3826714,0.08436515,0.9725496,-0.2168636,-0.3732919,0.2326379,0.8980717,moving,-10.455250930484315,4.065626559097694,-5.9623454416116415,4.976556134890854,-0.4667235999999999,0.31972009,0.8470060000000004,-0.1810258574429265,0.06972767036325508,0.9810034561092669,-10.544825577193626,4.229740588821,4.579086931060101,4.584320279386782,4.642936317984029
05/17/2023 16:16:09.847915,3763,True,True,True,True,Eyes,1.080441,-0.2624444,-3.45519,-0.5244156,0.2958499,0.7984116,0.0,0.0,0.0,0.0,0.0,0.0,0.0,0.3097268,-0.5892976,3.579758,1.082198,-0.2647151,-3.466503,-0.1158344,-0.1915338,-0.02065712,0.9744078,346.4878,337.7302,0.2425131,0.2973102,-0.07238653,-0.9520327,0,0,0,0.6199188,0.0548638,-2.619798,-0.1065548,0.08717261,1.006871,0.9257762,0.00411548,0.3780496,0.08462933,0.9723113,-0.2178268,-0.3684784,0.233653,0.8997945,moving,-10.537273250295721,4.045333592287238,-6.04099310794156,4.948199982002179,-0.4622792,0.3195789,0.846705,-0.18243468901848592,0.06936184321750963,0.9807683145453505,-10.626724916586856,4.20950894688288,4.580894034978486,4.586033453454657,4.644846678436962
05/17/2023 16:16:09.867955,3764,True,True,True,True,Eyes,1.080626,-0.2624176,-3.455198,-0.5213141,0.2965561,0.8001787,0.0,0.0,0.0,0.0,0.0,0.0,0.0,0.292854,-0.5898933,3.581239,1.08242,-0.2647805,-3.466594,-0.1158667,-0.1892574,-0.02097691,0.9748418,346.4765,338.0057,0.1743695,0.2973461,-0.07237838,-0.9520221,0,0,0,0.6247019,0.05484371,-2.619977,-0.1070702,0.08743554,1.004647,0.9274832,0.002958939,0.3738531,0.08475559,0.9722698,-0.2179633,-0.3641311,0.2338435,0.901513,moving,-10.598821857722378,4.0681542811276925,-6.083332029516415,4.973982019393227,-0.4577180999999999,0.31962420999999996,0.8466170000000002,-0.1834833089113634,0.06973862575455615,0.9805459003374155,-10.688452567114101,4.232836150619457,4.600238179097422,4.6054502798361385,4.664379097436703
05/17/2023 16:16:09.878407,3765,True,True,True,True,Eyes,1.080813,-0.2623963,-3.455205,-0.5181946,0.2972118,0.8019598,0.0,0.0,0.0,0.0,0.0,0.0,0.0,0.2772367,-0.5874877,3.582961,1.082614,-0.2648198,-3.466616,-0.1155118,-0.1871685,-0.02102638,0.9752861,346.5153,338.2572,0.1312077,0.2973829,-0.07237019,-0.9520113,0,0,0,0.6290002,0.05482566,-2.620139,-0.1075701,0.08855338,1.002521,0.9290517,0.00222687,0.3699432,0.08425381,0.9724298,-0.2174432,-0.360228,0.2331851,0.90325,moving,-10.635106267484685,4.141001947068978,-6.124382068741175,5.047875052793758,-0.45361379999999996,0.31964546,0.8464770000000001,-0.18408812753567635,0.07097710593464682,0.9803437305751441,-10.72526607390127,4.3067012670602045,4.5955572532968105,4.600983767306421,4.6602008765284575
05/17/2023 16:16:09.898150,3766,True,True,True,True,Eyes,1.080999,-0.2623786,-3.455217,-0.5151625,0.2977939,0.8036955,0.0,0.0,0.0,0.0,0.0,0.0,0.0,0.2615974,-0.5853686,3.584523,1.08281,-0.2649269,-3.466588,-0.1152387,-0.1850908,-0.02080984,0.9757194,346.5507,338.5034,0.1207752,0.2974207,-0.07236212,-0.9520001,0,0,0,0.6334409,0.054807,-2.620306,-0.1078043,0.08975309,1.000339,0.9306167,0.002050115,0.3659896,0.08326837,0.972574,-0.2171778,-0.3563972,0.2325846,0.9049229,moving,-10.669710100964974,4.212062884491525,-6.150899542204141,5.127002231139264,-0.4493691000000001,0.3197339,0.846282,-0.18466412843905539,0.07218498515171044,0.9801472096528162,-10.760385817821057,4.37875174149226,4.604861443845869,4.610505706971045,4.669822536280975
05/17/2023 16:16:09.917918,3767,True,True,True,True,Eyes,1.08119,-0.2623618,-3.455231,-0.5121306,0.2983164,0.8054374,0.0,0.0,0.0,0.0,0.0,0.0,0.0,0.2475662,-0.5812641,3.586353,1.083026,-0.2649722,-3.466689,-0.1146734,-0.183228,-0.0206466,0.9761411,346.6181,338.726,0.1009918,0.2974593,-0.07235423,-0.9519886,0,0,0,0.6381785,0.05478711,-2.620484,-0.1073452,0.09141082,0.9981578,0.9320024,0.00171478,0.362448,0.08233076,0.9728475,-0.2163088,-0.3529776,0.231441,0.906555,moving,-10.68283550276582,4.308347292378767,-6.1381868167901015,5.232524941541449,-0.44484750000000006,0.31975931,0.8462050000000003,-0.18486632481604315,0.07382913552324563,0.9799864958156207,-10.77420131070487,4.476250592345984,4.63162716130111,4.637664930345086,4.6972951024008305
05/17/2023 16:16:09.927771,3768,True,True,True,True,Eyes,1.081374,-0.2623478,-3.455251,-0.5091497,0.2988182,0.8071396,0.0,0.0,0.0,0.0,0.0,0.0,0.0,0.2341685,-0.5779088,3.587926,1.083273,-0.2649645,-3.466748,-0.1142113,-0.181457,-0.02045383,0.97653,346.6744,338.9366,0.08839884,0.2974988,-0.07234654,-0.9519769,0,0,0,0.642547,0.05476876,-2.620648,-0.1070458,0.0927991,0.9961343,0.93331,0.001501311,0.3590685,0.08139644,0.9730748,-0.2156385,-0.3497243,0.2304845,0.9080583,moving,-10.687584940551735,4.393177067819862,-6.133536377412943,5.32226923363199,-0.44072599999999995,0.31973326,0.8460999999999999,-0.18492747670353996,0.07527910969666378,0.9798647618691212,-10.779556936349245,4.562124832564713,4.641481625148119,4.647856556306355,4.707794233452936
05/17/2023 16:16:09.947645,3769,True,True,True,True,Eyes,1.081562,-0.2623298,-3.455271,-0.5061564,0.2992899,0.8088456,0.0,0.0,0.0,0.0,0.0,0.0,0.0,0.2201333,-0.5769153,3.589111,1.083546,-0.2650073,-3.4668,-0.1140852,-0.179599,-0.02025986,0.9768923,346.6926,339.1557,0.08217739,0.2975387,-0.07233908,-0.9519649,0,0,0,0.647115,0.05474957,-2.620819,-0.1067079,0.0935999,0.9941093,0.9346675,0.001395755,0.3555205,0.08056257,0.9731482,-0.2156205,-0.346275,0.2301752,0.9094576,moving,-10.698859865889098,4.43972246569385,-6.126682427715954,5.378800450647367,-0.4364309999999999,0.31975686999999997,0.8459810000000001,-0.18510910683110554,0.07607244625224721,0.9797691318018336,-10.791166768687791,4.60927575911457,4.661058613770123,4.667619734721745,4.727534496759397
05/17/2023 16:16:09.968009,3770,True,True,True,True,Eyes,1.081741,-0.2623133,-3.455296,-0.5031882,0.2997849,0.8105127,0.0,0.0,0.0,0.0,0.0,0.0,0.0,0.2058073,-0.5761714,3.590163,1.083801,-0.2648868,-3.466816,-0.1139728,-0.1777005,-0.02007488,0.9772562,346.709,339.3796,0.07473541,0.2975793,-0.07233172,-0.9519528,0,0,0,0.6517177,0.05473024,-2.620992,-0.1064006,0.0942183,0.9920031,0.9360391,0.00126944,0.3518937,0.07974265,0.9732144,-0.2156266,-0.3427418,0.2298959,0.9108655,moving,-10.717044546341782,4.486112942629798,-6.122044741733228,5.42555350742475,-0.43208330000000006,0.31961703999999996,0.8458239999999999,-0.18540883112011536,0.07686129733702643,0.9796510062582908,-10.809687082034596,4.656295746239011,4.683234722938542,4.690050296013349,4.750341904929642
05/17/2023 16:16:09.983326,3771,True,True,True,True,Eyes,1.081924,-0.2622977,-3.455318,-0.5001855,0.3002731,0.8121887,0.0,0.0,0.0,0.0,0.0,0.0,0.0,0.1906103,-0.5774394,3.590897,1.083997,-0.2649044,-3.466856,-0.1141617,-0.1756722,-0.01987292,0.977605,346.6916,339.6171,0.07385228,0.29762,-0.07232449,-0.9519406,0,0,0,0.6563641,0.05471073,-2.621167,-0.1061889,0.09440173,0.9899622,0.9374887,0.001254354,0.3480136,0.07896583,0.9731443,-0.2162279,-0.3389387,0.2301924,0.9122127,moving,-10.745326096198427,4.500123048346399,-6.122456916644794,5.447192690766708,-0.4276329000000001,0.31961512999999997,0.8456890000000001,-0.18588900280369888,0.0770937143309961,0.9795416230303065,-10.838076032175,4.67058124627532,4.711978737445854,4.718883380510797,4.779141029355471
05/17/2023 16:16:09.998183,3772,True,True,True,True,Eyes,1.082096,-0.2622807,-3.455343,-0.497187,0.3007587,0.8138485,0.0,0.0,0.0,0.0,0.0,0.0,0.0,0.1742108,-0.5786406,3.591532,1.084228,-0.2649123,-3.466778,-0.1143356,-0.1734882,-0.01973568,0.9779775,346.6745,339.874,0.06298127,0.2976612,-0.07231741,-0.9519283,0,0,0,0.6607997,0.0546921,-2.621333,-0.1065635,0.09457417,0.9878842,0.9390247,0.001069636,0.343848,0.07827382,0.9730757,-0.2167874,-0.334822,0.230483,0.9136584,moving,-10.793477684545,4.513615614860091,-6.156714496076152,5.468492238816174,-0.4234283,0.3196044,0.8454450000000002,-0.18670899271364103,0.07731215353963912,0.9793685069992094,-10.886336594489514,4.684417297642227,4.727145725628636,4.734064029237201,4.794173412297154
05/17/2023 16:16:10.018271,3773,True,True,True,True,Eyes,1.082273,-0.2622625,-3.455366,-0.4941635,0.3012521,0.8155058,0.0,0.0,0.0,0.0,0.0,0.0,0.0,0.1579374,-0.5776702,3.592488,1.084496,-0.2648526,-3.466747,-0.1142596,-0.1713479,-0.0191226,0.9783756,346.6952,340.1205,0.1023337,0.2977023,-0.07231043,-0.9519159,0,0,0,0.6655812,0.05467202,-2.621513,-0.1063665,0.09543334,0.9856902,0.9405484,0.001738118,0.3396551,0.07657448,0.9731582,-0.2170244,-0.3309154,0.2301309,0.9151692,moving,-10.827203586301517,4.574304840887241,-6.158993754017729,5.530072054480807,-0.4189147999999999,0.31952462,0.8452339999999996,-0.18727035882700918,0.0783409620384301,0.9791795589635213,-10.920504212384534,4.745967246918518,4.757790501827305,4.7650471146476026,4.825640081313438
05/17/2023 16:16:10.037566,3774,True,True,True,True,Eyes,1.082449,-0.2622435,-3.455396,-0.4911511,0.3017602,0.8171361,0.0,0.0,0.0,0.0,0.0,0.0,0.0,0.1425278,-0.5803527,3.592733,1.084782,-0.264811,-3.466695,-0.1146382,-0.1693014,-0.01896871,0.9786907,346.655,340.3597,0.09938875,0.2977437,-0.07230349,-0.9519035,0,0,0,0.6698753,0.05465398,-2.621674,-0.1065794,0.09514052,0.9837961,0.9419545,0.001687818,0.3357364,0.07594582,0.9729965,-0.2179679,-0.3270382,0.2308136,0.9163902,moving,-10.857508479549555,4.566602592668861,-6.183015888190167,5.523757708219828,-0.41490669999999996,0.31946498,0.845021,-0.18779029696866778,0.07820142429060212,0.9790910932399505,-10.950762209021669,4.738285180462645,4.764273817729389,4.7714805775460505,4.832015321960763
05/17/2023 16:16:10.047988,3775,True,True,True,True,Eyes,1.082633,-0.262226,-3.455423,-0.4880841,0.3022843,0.8187784,0.0,0.0,0.0,0.0,0.0,0.0,0.0,0.1262941,-0.5789069,3.593771,1.085216,-0.2647615,-3.466769,-0.114397,-0.1671502,-0.01910398,0.979086,346.6797,340.6179,0.04911078,0.2977851,-0.07229657,-0.9518911,0,0,0,0.6744249,0.05463487,-2.621845,-0.1070262,0.0958522,0.9818432,0.9433917,0.0008340866,0.3316797,0.07565184,0.9730967,-0.2176225,-0.3229379,0.2303955,0.9179483,moving,-10.907400452112963,4.616600671491238,-6.220986709753188,5.575817510563867,-0.41079109999999996,0.31939637,0.8449240000000002,-0.1886302345762759,0.07904282135684577,0.9788620035538762,-11.001023941080366,4.789075081833295,4.776168010615224,4.783573006544276,4.84434924236877
05/17/2023 16:16:10.067879,3776,True,True,True,True,Eyes,1.082805,-0.2622077,-3.455456,-0.4849478,0.3028528,0.8204302,0.0,0.0,0.0,0.0,0.0,0.0,0.0,0.1083422,-0.5819133,3.593914,1.085528,-0.264784,-3.466713,-0.1147835,-0.1647462,-0.01928997,0.9794444,346.632,340.9038,0.001965494,0.2978267,-0.0722897,-0.9518786,0,0,0,0.6794762,0.05461366,-2.622035,-0.1073624,0.09548783,0.9796576,0.9449732,3.336988e-05,0.3271478,0.07560718,0.9729053,-0.2184921,-0.3182911,0.2312039,0.919367,moving,-10.978559337009763,4.599039515672774,-6.25418664330453,5.5670693628737125,-0.4060518000000001,0.31939766,0.844678,-0.1898505933987551,0.07872393608632713,0.9786517226970668,-11.07207644824913,4.7715676626064285,4.815182957701814,4.8225282927215165,4.883122477239051
05/17/2023 16:16:10.077923,3777,True,True,True,True,Eyes,1.082985,-0.2621895,-3.455483,-0.4817712,0.3034291,0.8220871,0.0,0.0,0.0,0.0,0.0,0.0,0.0,0.09072578,-0.5840285,3.594163,1.085747,-0.2647451,-3.466755,-0.1150192,-0.1623673,-0.01959137,0.979808,346.5995,341.1889,359.9387,0.2978683,-0.07228285,-0.9518661,0,0,0,0.6834081,0.05459715,-2.622183,-0.1086183,0.09518565,0.9779063,0.9465061,-0.001040847,0.3226843,0.07574229,0.9727736,-0.2190315,-0.3136708,0.2317555,0.9208149,moving,-11.048140079120719,4.593710516231471,-6.337995030698574,5.559438331959927,-0.40233890000000005,0.31934225,0.8445719999999999,-0.19104059736264958,0.0786144238795226,0.9784289296520586,-11.141637623246131,4.76643453972073,4.800922485702821,4.808128179577507,4.868658662449317
05/17/2023 16:16:10.098165,3778,True,True,True,True,Eyes,1.083183,-0.2621735,-3.455503,-0.4785631,0.3040393,0.8237339,0.0,0.0,0.0,0.0,0.0,0.0,0.0,0.07377338,-0.5865843,3.594127,1.086056,-0.2647322,-3.466651,-0.1153437,-0.160101,-0.01975028,0.9801396,346.5598,341.4583,359.895,0.2979101,-0.07227603,-0.9518535,0,0,0,0.6879385,0.05457812,-2.622353,-0.109143,0.0948863,0.9759,0.9479552,-0.00178278,0.3183987,0.07564934,0.9726115,-0.2197817,-0.3092865,0.2324299,0.922127,moving,-11.09966139645789,4.585911207420986,-6.38134537619401,5.553385914265306,-0.3981174999999999,0.31931032,0.8442980000000002,-0.19192258432520581,0.078467485148792,0.9782681892178997,-11.193116972838641,4.758733630462625,4.809346162909722,4.816483507234534,4.876947626377471
05/17/2023 16:16:10.117937,3779,True,True,True,True,Eyes,1.083389,-0.2621586,-3.45552,-0.4753056,0.3046319,0.8253993,0.0,0.0,0.0,0.0,0.0,0.0,0.0,0.05599463,-0.5881827,3.594211,1.086405,-0.2647723,-3.466564,-0.1155396,-0.1577276,-0.01991544,0.9804978,346.5348,341.741,359.8464,0.2979524,-0.0722693,-0.9518408,0,0,0,0.6925803,0.05455862,-2.622527,-0.1098019,0.09488431,0.9738628,0.9494508,-0.002606515,0.3139052,0.07550167,0.972508,-0.2202903,-0.3047011,0.2328551,0.9235452,moving,-11.161442868045555,4.59131358082552,-6.432865572292339,5.564814083572127,-0.3938247,0.31933092,0.8440370000000001,-0.1929761694911678,0.07854318256654381,0.9780547933578642,-11.25495333748327,4.764432576797291,4.820650514707255,4.827747556652137,4.8880610646340354
05/17/2023 16:16:10.128265,3780,True,True,True,True,Eyes,1.083593,-0.2621405,-3.455538,-0.4720126,0.3052527,0.827058,0.0,0.0,0.0,0.0,0.0,0.0,0.0,0.03781188,-0.5883251,3.594464,1.086759,-0.2647811,-3.466494,-0.1155156,-0.1552976,-0.02016032,0.9808835,346.5335,342.0323,359.7837,0.2979956,-0.07226267,-0.9518278,0,0,0,0.6974977,0.05453797,-2.622712,-0.1103463,0.09524652,0.9717035,0.9509525,-0.003671261,0.3093154,0.07542843,0.9724994,-0.220353,-0.3,0.2328764,0.9250776,moving,-11.23124972996846,4.619775612816017,-6.478733777639181,5.598257185830208,-0.38926130000000003,0.31931907,0.843782,-0.1941604631181986,0.07901020902538876,0.9777827684161451,-11.324981659402129,4.79350030333361,4.844992271946201,4.852198889768701,4.912611542898289
05/17/2023 16:16:10.147805,3781,True,True,True,True,Eyes,1.083803,-0.2621241,-3.455554,-0.468673,0.3058699,0.8287274,0.0,0.0,0.0,0.0,0.0,0.0,0.0,0.01975119,-0.5891269,3.59455,1.087079,-0.2646849,-3.466475,-0.1155652,-0.1528751,-0.02042123,0.9812528,346.5238,342.3225,359.7206,0.2980394,-0.07225607,-0.9518145,0,0,0,0.701712,0.05452027,-2.62287,-0.1114684,0.09529179,0.9698263,0.9524244,-0.004742692,0.3047381,0.07541084,0.9724553,-0.2205536,-0.2952982,0.2330412,0.9265478,moving,-11.297226433493488,4.639162304398337,-6.556603217719407,5.611673080734447,-0.3853669999999999,0.31920517,0.8436050000000002,-0.19528137876610782,0.07932304412987198,0.9775341006547794,-11.39111409101845,4.813368518317686,4.832137789351708,4.839347650668016,4.899978118157477
05/17/2023 16:16:10.167861,3782,True,True,True,True,Eyes,1.084019,-0.2621063,-3.455569,-0.465346,0.3064997,0.830368,0.0,0.0,0.0,0.0,0.0,0.0,0.0,0.001692176,-0.5907217,3.594393,1.087387,-0.2647079,-3.46643,-0.1157498,-0.1504519,-0.02063355,0.981601,346.4998,342.6116,359.6654,0.2980841,-0.07224951,-0.9518011,0,0,0,0.7063375,0.05450084,-2.623044,-0.1121496,0.09526132,0.9678533,0.953877,-0.005678273,0.3001441,0.07533738,0.9723525,-0.2210315,-0.2905908,0.2334489,0.9279325,moving,-11.3624958792801,4.646502955605471,-6.609647484095551,5.621252941349915,-0.38104950000000015,0.31920874,0.8433859999999997,-0.19639315347389458,0.07943030200984737,0.9773026847560042,-11.456453176006905,4.821042253479937,4.844569186492217,4.85177342858435,4.912419216651368
05/17/2023 16:16:10.188472,3783,True,True,True,True,Eyes,1.084244,-0.2620918,-3.45558,-0.4619671,0.3071208,0.8320235,0.0,0.0,0.0,0.0,0.0,0.0,0.0,-0.01623237,-0.5909731,3.594375,1.087712,-0.2646593,-3.466394,-0.1157219,-0.1480464,-0.02093782,0.9819635,346.4986,342.9005,359.596,0.2981295,-0.07224296,-0.9517873,0,0,0,0.7106462,0.05448275,-2.623206,-0.1131492,0.09548622,0.9659583,0.9552878,-0.006855949,0.2955982,0.07538477,0.9723401,-0.2210698,-0.2859063,0.2334689,0.9293814,moving,-11.426180496071177,4.67304119562815,-6.680994791264461,5.645420926977365,-0.3770658,0.31914205,0.843188,-0.19747241561292733,0.07986529490775897,0.9770496771242456,-11.52034391203324,4.848139994822247,4.836555625694239,4.8437908413804145,4.904585282922878
05/17/2023 16:16:10.198157,3784,True,True,True,True,Eyes,1.08449,-0.2620764,-3.455588,-0.4586001,0.3077261,0.833661,0.0,0.0,0.0,0.0,0.0,0.0,0.0,-0.03506982,-0.5920929,3.594097,1.088081,-0.264722,-3.466315,-0.1158473,-0.1455263,-0.02113467,0.9823212,346.4821,343.2009,359.5401,0.298176,-0.07223652,-0.9517732,0,0,0,0.7153102,0.05446316,-2.623381,-0.1140107,0.09562004,0.9639675,0.9567508,-0.007804398,0.2908039,0.07523973,0.9722654,-0.2214473,-0.2810103,0.2337499,0.930803,moving,-11.500471887471017,4.686540007608905,-6.745171594406359,5.664880916883404,-0.37277080000000007,0.31918516,0.8429339999999996,-0.19873578975603154,0.08007462923296603,0.9767764364917234,-11.59475124733811,4.862080183191704,4.847683679770267,4.854897713853596,4.915578483570939
05/17/2023 16:16:10.217938,3785,True,True,True,True,Eyes,1.084738,-0.2620595,-3.455589,-0.4551842,0.3083043,0.8353178,0.0,0.0,0.0,0.0,0.0,0.0,0.0,-0.0533973,-0.5912393,3.594136,1.088396,-0.2646843,-3.466347,-0.1156743,-0.1430658,-0.02136773,0.9826978,346.4991,343.4957,359.4757,0.298224,-0.07223014,-0.9517587,0,0,0,0.7201816,0.0544427,-2.623564,-0.1145042,0.09619416,0.9619474,0.9581512,-0.008897966,0.2861243,0.07509412,0.9723257,-0.2212318,-0.2762375,0.2334598,0.9323032,moving,-11.567916282302354,4.7297225862706584,-6.788190668313661,5.710558933416537,-0.36821439999999994,0.319127,0.8427829999999998,-0.19987383386787533,0.08079169443189269,0.9764851135428284,-11.662521449941396,4.906037778310937,4.87191578637854,4.879325453882131,4.940278823885966
05/17/2023 16:16:10.227878,3786,True,True,True,True,Eyes,1.084994,-0.262044,-3.455588,-0.4518014,0.3088958,0.8369342,0.0,0.0,0.0,0.0,0.0,0.0,0.0,-0.0721581,-0.5906427,3.593809,1.08865,-0.2646234,-3.466172,-0.1155565,-0.1405492,-0.02150352,0.9830719,346.5118,343.7954,359.4228,0.2982734,-0.07222378,-0.9517437,0,0,0,0.7243249,0.0544253,-2.62372,-0.1157304,0.09668207,0.9599525,0.9595671,-0.009796289,0.2813095,0.07476175,0.9723686,-0.221156,-0.2713701,0.2332452,0.9337853,moving,-11.641842254611907,4.771946869717714,-6.874314794814842,5.751177956305141,-0.36432509999999985,0.3190487,0.8424519999999998,-0.20112210135271835,0.08149004185057263,0.9761707068212502,-11.736768113533966,4.9490497342593684,4.859578597412484,4.867053687895608,4.92817024475869
05/17/2023 16:16:10.247776,3787,True,True,True,True,Eyes,1.085254,-0.2620265,-3.455584,-0.4483855,0.3094645,0.8385595,0.0,0.0,0.0,0.0,0.0,0.0,0.0,-0.08946526,-0.5909572,3.593435,1.08892,-0.264648,-3.466154,-0.11557,-0.1382223,-0.02165863,0.9833967,346.5092,344.0725,359.3725,0.2983242,-0.07221749,-0.9517283,0,0,0,0.7288806,0.05440616,-2.623891,-0.1161519,0.09698677,0.9580883,0.960851,-0.01064933,0.2768609,0.07454678,0.972349,-0.221315,-0.2668486,0.2332899,0.9350763,moving,-11.691594923534128,4.796629266745576,-6.912404948654226,5.780330547482904,-0.3600394000000001,0.31905416,0.842263,-0.201962925870452,0.08189608626207007,0.9759630505503534,-11.786709976402703,4.974217037617281,4.871831359286089,4.879377524409934,4.94051297886383
05/17/2023 16:16:10.268179,3788,True,True,True,True,Eyes,1.085531,-0.2620091,-3.455576,-0.4450292,0.3100542,0.8401282,0.0,0.0,0.0,0.0,0.0,0.0,0.0,-0.1064453,-0.5907937,3.593001,1.089196,-0.2645757,-3.466075,-0.1155026,-0.1359426,-0.02182977,0.9837185,346.5157,344.3444,359.3197,0.2983766,-0.07221121,-0.9517124,0,0,0,0.7334347,0.05438704,-2.624062,-0.1165063,0.09735146,0.9561582,0.9620862,-0.01154524,0.2725013,0.07435217,0.9723652,-0.221309,-0.2624158,0.2331794,0.9363575,moving,-11.741306871864385,4.831129102904607,-6.94714983749763,5.813549369812519,-0.35576130000000006,0.31896274,0.8420130000000001,-0.2028000272560907,0.08246916936742543,0.9757412429913453,-11.836681117024932,5.009320447900878,4.886066088845268,4.893780874845098,4.955229590272792
05/17/2023 16:16:10.278263,3789,True,True,True,True,Eyes,1.085813,-0.2619906,-3.455564,-0.4416499,0.3106259,0.8416988,0.0,0.0,0.0,0.0,0.0,0.0,0.0,-0.1225823,-0.5927405,3.592236,1.089435,-0.2645676,-3.466073,-0.1157449,-0.1337661,-0.0219596,0.9839855,346.4875,344.6025,359.2781,0.2984307,-0.07220491,-0.9516959,0,0,0,0.7381006,0.05436744,-2.624237,-0.1164389,0.09720963,0.9543769,0.9632488,-0.01225036,0.2683313,0.07418136,0.9722418,-0.2219078,-0.2581645,0.2336576,0.9374195,moving,-11.774767010723984,4.831282996763942,-6.956002343440677,5.815898390349131,-0.35133439999999994,0.31893504,0.8418360000000003,-0.2033699357253151,0.08246183339634802,0.9756232208789692,-11.870151218144512,5.0096014132014535,4.910564805205604,4.918329024368227,4.979856823053295
05/17/2023 16:16:10.298191,3790,True,True,True,True,Eyes,1.08613,-0.2619717,-3.455542,-0.4384399,0.311204,0.8431622,0.0,0.0,0.0,0.0,0.0,0.0,0.0,-0.1385504,-0.593105,3.591559,1.089793,-0.2645213,-3.465927,-0.1157685,-0.1316372,-0.02206162,0.9842676,346.4848,344.8552,359.2368,0.2984866,-0.0721986,-0.9516788,0,0,0,0.7425098,0.05434892,-2.624403,-0.1166741,0.09745495,0.9525417,0.9643698,-0.01295021,0.2642406,0.07390796,0.9722219,-0.222086,-0.2540244,0.2337026,0.9385386,moving,-11.815191164414028,4.857753042176836,-6.98321102122632,5.841630094496484,-0.3472832,0.31887022000000004,0.8415240000000002,-0.20405076988219523,0.08290055657215578,0.975443874380971,-11.910774842210818,5.036543093208506,4.923231626472847,4.931130312437657,4.992899987934689
05/17/2023 16:16:10.318103,3791,True,True,True,True,Eyes,1.086446,-0.2619546,-3.455521,-0.4352099,0.3117877,0.8446187,0.0,0.0,0.0,0.0,0.0,0.0,0.0,-0.153663,-0.5940934,3.590816,1.090068,-0.2644944,-3.465878,-0.1159018,-0.1296139,-0.02204179,0.9845209,346.4715,345.0934,359.2129,0.2985451,-0.07219226,-0.951661,0,0,0,0.747196,0.05432924,-2.624579,-0.1162663,0.09757511,0.9507661,0.9654288,-0.01335624,0.2603245,0.07344616,0.9721619,-0.2225016,-0.2501058,0.2339293,0.939534,moving,-11.8391660138934,4.876620056640014,-6.971911555919869,5.859629746916188,-0.34287200000000007,0.31882364,0.8412989999999998,-0.2044535469940415,0.08321461340340891,0.9753327896449836,-11.934890586068656,5.055728169207473,4.9574153725207095,4.965528573056456,5.027665323024113
05/17/2023 16:16:10.327660,3792,True,True,True,True,Eyes,1.086797,-0.2619376,-3.455494,-0.432094,0.3123805,0.8459984,0.0,0.0,0.0,0.0,0.0,0.0,0.0,-0.1687615,-0.5967603,3.589765,1.090291,-0.2645241,-3.465878,-0.1162898,-0.1275823,-0.0219559,0.9847422,346.43,345.331,359.2002,0.2986058,-0.07218593,-0.9516424,0,0,0,0.7515847,0.05431081,-2.624744,-0.1160317,0.09727398,0.9491879,0.9664814,-0.01356877,0.2563778,0.07291485,0.9719892,-0.2234287,-0.2461648,0.2346334,0.9403989,moving,-11.86846279663837,4.870653309253151,-6.969437042928081,5.851316907253634,-0.3387062999999999,0.31883490999999997,0.8411339999999998,-0.2049541405605931,0.08310415865765514,0.975237198582828,-11.964152581145845,5.049798835917282,4.9880118885331175,4.996214009423528,5.058617847435475
05/17/2023 16:16:10.348320,3793,True,True,True,True,Eyes,1.087152,-0.2619198,-3.455465,-0.4289699,0.3129772,0.8473666,0.0,0.0,0.0,0.0,0.0,0.0,0.0,-0.1819517,-0.5974324,3.589106,1.090563,-0.2645123,-3.465894,-0.1163828,-0.125818,-0.02192464,0.984959,346.4212,345.5386,359.1805,0.2986694,-0.07217962,-0.9516229,0,0,0,0.7561218,0.05429175,-2.624914,-0.1152345,0.09745513,0.947606,0.9673783,-0.01390364,0.2529545,0.07247585,0.9719487,-0.2237476,-0.2427479,0.2347816,0.9412497,moving,-11.87054377998138,4.894623684455038,-6.933462410353677,5.871855523371502,-0.3344412,0.31880405,0.8409800000000001,-0.20498255000651208,0.08351164430601025,0.9751963992342997,-11.966405050945376,5.07406711095708,5.0243666168158025,5.03286742496929,5.09578040877635
05/17/2023 16:16:10.367827,3794,True,True,True,True,Eyes,1.08754,-0.2619047,-3.45543,-0.4259394,0.3135997,0.8486641,0.0,0.0,0.0,0.0,0.0,0.0,0.0,-0.1950901,-0.5999308,3.588046,1.090965,-0.2644758,-3.465819,-0.1166921,-0.1240662,-0.02210752,0.9851406,346.3847,345.747,359.1391,0.2987358,-0.07217329,-0.9516025,0,0,0,0.760723,0.05427243,-2.625087,-0.1145567,0.09712303,0.9460095,0.9682376,-0.01460292,0.2496049,0.07251312,0.9717884,-0.2244307,-0.2392858,0.2354018,0.941981,moving,-11.880823911478016,4.888260084850436,-6.904594516759148,5.8617921618413185,-0.3302419999999999,0.31874822999999997,0.840732,-0.2051594241906077,0.08340016801636722,0.9751686631459604,-11.976642526567803,5.067664961464922,5.061912058678953,5.070564435424748,5.133839598602745
05/17/2023 16:16:10.378670,3795,True,True,True,True,Eyes,1.087923,-0.2618812,-3.455393,-0.4228913,0.3142081,0.8499624,0.0,0.0,0.0,0.0,0.0,0.0,0.0,-0.2086609,-0.600981,3.587179,1.091263,-0.2645218,-3.465796,-0.1167915,-0.122238,-0.02238308,0.9853511,346.371,345.9662,359.0827,0.2988057,-0.07216702,-0.9515811,0,0,0,0.7652665,0.05425335,-2.625258,-0.1140109,0.09721155,0.9444298,0.9691137,-0.01555766,0.246123,0.07266309,0.9717175,-0.2246892,-0.2356664,0.2356334,0.9428352,moving,-11.902396983988973,4.901302527280533,-6.883397502336882,5.876842440379344,-0.32599650000000013,0.31877514999999995,0.840538,-0.20552285361737113,0.0836156304771698,0.9750736618922379,-11.998314321535867,5.080945983286403,5.104066825084999,5.112928115950076,5.176468413671405
05/17/2023 16:16:10.397925,3796,True,True,True,True,Eyes,1.088333,-0.2618601,-3.455349,-0.4199131,0.3148458,0.8512022,0.0,0.0,0.0,0.0,0.0,0.0,0.0,-0.2220208,-0.6019152,3.586183,1.091462,-0.2642871,-3.465713,-0.1168259,-0.1204237,-0.0227277,0.9855626,346.364,346.1848,359.0176,0.2988784,-0.07216056,-0.9515587,0,0,0,0.7697777,0.0542344,-2.625427,-0.1134085,0.09713539,0.9427193,0.9699631,-0.01666192,0.2426805,0.07293634,0.9716703,-0.2248045,-0.2320598,0.2357523,0.9436997,moving,-11.9293624598234,4.9211555577053225,-6.859679689940484,5.8828506151627735,-0.3216842999999999,0.3185215,0.8402859999999999,-0.20597602811050017,0.08394532498905279,0.9749498104366167,-12.025428515454008,5.1011401999844574,5.150842116077067,5.160091159154633,5.224560469694327
05/17/2023 16:16:10.417964,3797,True,True,True,True,Eyes,1.088737,-0.2618389,-3.455303,-0.4169223,0.3154696,0.8524405,0.0,0.0,0.0,0.0,0.0,0.0,0.0,-0.2345219,-0.606432,3.584658,1.091651,-0.2643251,-3.465683,-0.1173858,-0.1187107,-0.02314171,0.9856941,346.2959,346.3913,358.9531,0.2989544,-0.07215402,-0.9515353,0,0,0,0.7743911,0.05421502,-2.625601,-0.1124689,0.09631401,0.9412416,0.9707445,-0.01775139,0.2394578,0.07349119,0.97137,-0.2259187,-0.2285918,0.2369074,0.9442567,moving,-11.941865674076302,4.87849920133058,-6.81396210852176,5.842544450467955,-0.31725989999999993,0.31854012,0.8400819999999998,-0.20620144695568673,0.08321542036680343,0.9749647357152247,-12.037630855555143,5.058014362416303,5.2084843612292895,5.217736886813222,5.282253556749397
05/17/2023 16:16:10.427816,3798,True,True,True,True,Eyes,1.089159,-0.26182,-3.455252,-0.4140089,0.3160775,0.8536344,0.0,0.0,0.0,0.0,0.0,0.0,0.0,-0.2471184,-0.607283,3.583616,1.091905,-0.264291,-3.465554,-0.1174318,-0.1170066,-0.0235049,0.9858838,346.2876,346.5972,358.8873,0.2990334,-0.0721474,-0.9515109,0,0,0,0.7790189,0.05419559,-2.625774,-0.1116006,0.09642102,0.9395791,0.9715139,-0.01886559,0.2362303,0.0738268,0.9713145,-0.2260478,-0.2251894,0.2370487,0.9450384,moving,-11.961104545004495,4.894601996146171,-6.7736982582520415,5.859268167544735,-0.31288609999999994,0.31848659,0.8397800000000002,-0.2065241579417376,0.08348361914316378,0.9748734798270161,-12.056989654201084,5.0743840413225865,5.266772748322686,5.276340095755736,5.341274292348661
05/17/2023 16:16:10.447659,3799,True,True,True,True,Eyes,1.089574,-0.2617976,-3.455202,-0.4110764,0.3166657,0.8548328,0.0,0.0,0.0,0.0,0.0,0.0,0.0,-0.2603224,-0.6085261,3.582454,1.092126,-0.2643206,-3.465465,-0.117574,-0.1152205,-0.0236891,0.9860727,346.2709,346.81,358.8424,0.2991154,-0.07214077,-0.9514856,0,0,0,0.7834077,0.05417715,-2.625939,-0.1109819,0.0964672,0.9380447,0.9723261,-0.01962447,0.2328021,0.07381223,0.9712304,-0.2264141,-0.2216612,0.237332,0.9458011,moving,-11.983846531531121,4.905768722176336,-6.747409429120868,5.871576751257248,-0.3087182999999999,0.31849775,0.8395260000000002,-0.20690790757693348,0.08366668495143637,0.9747764316809585,-12.079817296953335,5.085771019116828,5.3149533228990835,5.324759025208168,5.389996689942058
05/17/2023 16:16:10.468054,3800,True,True,True,True,Eyes,1.090019,-0.2617692,-3.455148,-0.4081746,0.3172549,0.8560039,0.0,0.0,0.0,0.0,0.0,0.0,0.0,-0.2740393,-0.6089681,3.581385,1.092335,-0.2642102,-3.465437,-0.1176193,-0.1133711,-0.02368134,0.9862818,346.268,347.0279,358.8177,0.2992001,-0.07213403,-0.9514595,0,0,0,0.7881705,0.05415715,-2.626118,-0.1100116,0.09665626,0.9364213,0.9731724,-0.02004368,0.2292024,0.0733822,0.9712097,-0.226642,-0.2180609,0.2373812,0.9466254,moving,-12.012400895503859,4.935386384086868,-6.7004453638303,5.893130638944468,-0.30416450000000006,0.31836735,0.8393190000000001,-0.2073849757016825,0.08416185993420891,0.9746322925390926,-12.108590432522266,5.115853994011764,5.387280662355584,5.3976055458128895,5.463715957731979
05/17/2023 16:16:10.478262,3801,True,True,True,True,Eyes,1.090459,-0.2617403,-3.455091,-0.4052468,0.3178606,0.8571695,0.0,0.0,0.0,0.0,0.0,0.0,0.0,-0.2872708,-0.6116458,3.579947,1.092563,-0.264031,-3.465436,-0.117941,-0.1115761,-0.02381965,0.9864448,346.2315,347.2408,358.7803,0.2992879,-0.07212703,-0.9514324,0,0,0,0.7924465,0.05413919,-2.626279,-0.1094454,0.09615687,0.9350202,0.9739668,-0.02067474,0.2257459,0.07331233,0.9710451,-0.2273692,-0.2145087,0.2380001,0.9472814,moving,-12.034693110141264,4.929423417120678,-6.67617025254074,5.871619520093004,-0.3001164999999999,0.31817019,0.8391570000000002,-0.2077660731331461,0.08405347859580825,0.9745604923572606,-12.130846030681441,5.109902275587326,5.430140677538447,5.440726119911158,5.507603925956567
05/17/2023 16:16:10.498286,3802,True,True,True,True,Eyes,1.090903,-0.2617145,-3.455032,-0.4021714,0.3185387,0.8583654,0.0,0.0,0.0,0.0,0.0,0.0,0.0,-0.3009992,-0.615305,3.578133,1.092833,-0.2639908,-3.465294,-0.1184069,-0.109715,-0.0240459,0.9865922,346.1775,347.4624,358.7334,0.2993783,-0.07211978,-0.9514045,0,0,0,0.7969911,0.0541201,-2.62645,-0.1088294,0.09553917,0.9334912,0.9747689,-0.02146498,0.2221822,0.073429,0.9708032,-0.2283623,-0.2107934,0.238915,0.9478849,moving,-12.056767443940945,4.908407802577618,-6.649707459904444,5.843651878892214,-0.2958419,0.31811090000000003,0.8388439999999999,-0.2081479349197657,0.08368906650331771,0.9745103773840739,-12.152776348352798,5.088714912525736,5.476640879391241,5.487347187234498,5.554610428661476
05/17/2023 16:16:10.518048,3803,True,True,True,True,Eyes,1.091338,-0.2616946,-3.454974,-0.3990866,0.3191891,0.8595628,0.0,0.0,0.0,0.0,0.0,0.0,0.0,-0.3150783,-0.6178658,3.576463,1.093011,-0.2640417,-3.465217,-0.1187382,-0.1077953,-0.02422726,0.9867596,346.1397,347.6906,358.6889,0.2994714,-0.0721124,-0.9513757,0,0,0,0.8017147,0.05410026,-2.626627,-0.1080287,0.09528463,0.9319607,0.9755864,-0.02221412,0.2184895,0.07341181,0.9706285,-0.229109,-0.2069827,0.2395553,0.9485628,moving,-12.08491562880717,4.902678564098681,-6.611961215542042,5.837695478840514,-0.29129629999999995,0.31814196,0.83859,-0.20862854276629356,0.08358287383745114,0.9744167677880419,-12.180891134944828,5.083021664618102,5.541317386786587,5.552250592375274,5.619832116094975
05/17/2023 16:16:10.537989,3804,True,True,True,True,Eyes,1.091785,-0.2616775,-3.454914,-0.396036,0.3198079,0.8607429,0.0,0.0,0.0,0.0,0.0,0.0,0.0,-0.3283731,-0.6176444,3.575288,1.093184,-0.2642098,-3.465132,-0.1187403,-0.1060007,-0.02417708,0.9869551,346.1425,347.9014,358.6691,0.2995665,-0.07210506,-0.9513463,0,0,0,0.8060603,0.05408201,-2.62679,-0.107289,0.09581831,0.9305241,0.9763587,-0.02255029,0.2149774,0.07289647,0.9706324,-0.229257,-0.2034942,0.2395081,0.9493292,moving,-12.098280449648463,4.940077623336482,-6.577134150253294,5.879163438013919,-0.2871237,0.31829181,0.8383419999999999,-0.20884467029084064,0.08421491866606927,0.9743160150916116,-12.194526193028336,5.120923375122008,5.5891193332061855,5.600440931449358,5.668334972036028
05/17/2023 16:16:10.548105,3805,True,True,True,True,Eyes,1.092227,-0.2616674,-3.454853,-0.3929917,0.3203645,0.8619305,0.0,0.0,0.0,0.0,0.0,0.0,0.0,-0.3407474,-0.6153857,3.574519,1.093331,-0.2642567,-3.465082,-0.1184696,-0.1043397,-0.02397172,0.9871695,346.1783,348.0946,358.666,0.2996638,-0.07209783,-0.9513162,0,0,0,0.8107605,0.05406227,-2.626967,-0.105875,0.09681681,0.9289921,0.9770772,-0.02260613,0.2116818,0.07205046,0.9707806,-0.2288967,-0.2003221,0.2389015,0.9501563,moving,-12.095153285645821,5.009415872699912,-6.5018094896779655,5.949718430134657,-0.28257050000000006,0.31831897000000003,0.8381150000000002,-0.2087704544651004,0.08539534466770936,0.9742292381215564,-12.191892658469591,5.191089121300128,5.659764219216739,5.671830720271051,5.740432465937432
05/17/2023 16:16:10.567833,3806,True,True,True,True,Eyes,1.092719,-0.2616596,-3.454783,-0.3900192,0.3208412,0.8631024,0.0,0.0,0.0,0.0,0.0,0.0,0.0,-0.3529371,-0.6116246,3.573981,1.093569,-0.2643521,-3.464998,-0.1179837,-0.1027178,-0.02382006,0.9874014,346.2381,348.2843,358.6548,0.2997628,-0.0720909,-0.9512855,0,0,0,0.8151783,0.05404372,-2.627133,-0.1047915,0.0982092,0.9275068,0.9777634,-0.02280186,0.2084682,0.07127798,0.9710249,-0.228101,-0.1972267,0.237888,0.9510578,moving,-12.094516797814984,5.0961338014927335,-6.446052210271376,6.044250850110669,-0.2783907,0.31839582,0.8378649999999999,-0.20873288279456698,0.08687045534886911,0.974106725415439,-12.191874396175583,5.278854212834869,5.714671163636294,5.7274844508400165,5.796576973040391
05/17/2023 16:16:10.578285,3807,True,True,True,True,Eyes,1.093204,-0.2616583,-3.454715,-0.3870435,0.3212501,0.8642892,0.0,0.0,0.0,0.0,0.0,0.0,0.0,-0.3648501,-0.6074661,3.573531,1.093788,-0.2643744,-3.464966,-0.1174088,-0.1011249,-0.02377484,0.9876356,346.3068,348.472,358.6308,0.2998649,-0.07208429,-0.9512538,0,0,0,0.8196795,0.05402482,-2.627302,-0.1035849,0.09964128,0.9260325,0.978417,-0.02321582,0.2053319,0.07070766,0.9712999,-0.2271058,-0.1941664,0.2367227,0.9519778,moving,-12.093156959719463,5.18476911463457,-6.382506216454415,6.141408594961411,-0.2741085,0.31839922,0.8376640000000002,-0.20868201014604548,0.08837826811525332,0.9739821452394567,-12.19114626503296,5.368557187965131,5.776592012182615,5.790223744111592,5.859829222020613
05/17/2023 16:16:10.597927,3808,True,True,True,True,Eyes,1.093731,-0.2616619,-3.454641,-0.3840901,0.3215313,0.8655013,0.0,0.0,0.0,0.0,0.0,0.0,0.0,-0.3776202,-0.6026142,3.573054,1.094048,-0.2645125,-3.464903,-0.116763,-0.09942417,-0.02368058,0.9878869,346.3844,348.6717,358.6104,0.2999694,-0.07207815,-0.9512213,0,0,0,0.8242294,0.0540057,-2.627473,-0.1025533,0.1013377,0.9245312,0.9791081,-0.02356934,0.2019697,0.07000561,0.9716112,-0.2259885,-0.1909096,0.2354061,0.9529625,moving,-12.104096133317514,5.275751932325614,-6.329638394961944,6.255209253293674,-0.2698185999999999,0.3185182,0.8374299999999999,-0.2088389916310629,0.08992170779132475,0.9738071904344321,-12.202737144334895,5.460682102701893,5.84255890198751,5.85693595796065,5.9265978700189885
05/17/2023 16:16:10.617956,3809,True,True,True,True,Eyes,1.094243,-0.2616637,-3.454572,-0.3811292,0.3217635,0.8667231,0.0,0.0,0.0,0.0,0.0,0.0,0.0,-0.3905814,-0.5976784,3.572598,1.094262,-0.2645794,-3.464942,-0.1160974,-0.09768843,-0.02356652,0.9881413,346.4646,348.8752,358.5919,0.3000773,-0.07207254,-0.9511877,0,0,0,0.8288452,0.05398632,-2.627646,-0.1014376,0.1029874,0.9230915,0.9798032,-0.02389136,0.1985319,0.06925683,0.9719321,-0.2248368,-0.1875879,0.2340455,0.9539567,moving,-12.118057135790126,5.36681398410883,-6.271014503178888,6.366044568028785,-0.2654168000000001,0.31856572,0.8372960000000003,-0.2090467685389511,0.0914651481292158,0.9736188804350617,-12.21735121813174,5.5528985182752395,5.916590544282047,5.9318099520647465,6.001677001124441
05/17/2023 16:16:10.638196,3810,True,True,True,True,Eyes,1.094759,-0.2616643,-3.454504,-0.3781064,0.3220383,0.8679441,0.0,0.0,0.0,0.0,0.0,0.0,0.0,-0.40399,-0.5932708,3.571853,1.094389,-0.2645567,-3.464915,-0.115519,-0.09588321,-0.02335119,0.988391,346.536,349.0852,358.5854,0.3001877,-0.07206737,-0.9511532,0,0,0,0.8332957,0.05396763,-2.627814,-0.1004739,0.1044315,0.9216096,0.9805223,-0.02400755,0.1949352,0.06831286,0.9722202,-0.2238778,-0.1841451,0.2328337,0.9549235,moving,-12.133498937576183,5.454430770327784,-6.2218153393212825,6.464852530259611,-0.2610933000000001,0.31852432999999997,0.8371010000000001,-0.2092802691075626,0.0929491490306424,0.9734281184398801,-12.23342191502946,5.641633511534793,5.981320217568325,5.997412366914563,6.06770987884952
05/17/2023 16:16:10.648015,3811,True,True,True,True,Eyes,1.095263,-0.2616717,-3.454438,-0.3750754,0.3222695,0.8691725,0.0,0.0,0.0,0.0,0.0,0.0,0.0,-0.4167975,-0.5927767,3.570457,1.094544,-0.2645304,-3.464861,-0.1154428,-0.09414283,-0.02337527,0.9885665,346.547,349.2902,358.5577,0.3003005,-0.07206254,-0.9511179,0,0,0,0.8378316,0.05394858,-2.627984,-0.09939082,0.1048676,0.920227,0.9811815,-0.02447979,0.1915299,0.06795225,0.9722531,-0.2238446,-0.1807359,0.2326471,0.9556202,moving,-12.142908029522413,5.4741365005282505,-6.164440420964453,6.501289341795424,-0.25671239999999995,0.31847898,0.8368769999999999,-0.20943359204081502,0.09328080025494892,0.9733633873843507,-12.242974023311838,5.661612948709971,6.049596938222674,6.066062801018463,6.13625514462781
05/17/2023 16:16:10.668168,3812,True,True,True,True,Eyes,1.095778,-0.2616764,-3.454374,-0.3719708,0.3225355,0.8704071,0.0,0.0,0.0,0.0,0.0,0.0,0.0,-0.4300402,-0.5894331,3.569444,1.094719,-0.264687,-3.464799,-0.1150246,-0.09235953,-0.02323734,0.9887868,346.5992,349.4983,358.5446,0.3004152,-0.07205824,-0.9510821,0,0,0,0.8426196,0.05392847,-2.628164,-0.09811625,0.1061812,0.9187636,0.9818594,-0.02470631,0.1879935,0.06720079,0.9724587,-0.2231773,-0.177302,0.231762,0.9564781,moving,-12.15170964999113,5.540219394838255,-6.095606619135425,6.592407602590289,-0.2520994,0.31861547,0.8366350000000002,-0.2095608859550287,0.09440074350697424,0.9732279687957874,-12.252249219340069,5.728528578248087,6.129630427800773,6.14682714454149,6.216955450648897
05/17/2023 16:16:10.678167,3813,True,True,True,True,Eyes,1.09628,-0.2616827,-3.454312,-0.3688622,0.3227786,0.8716391,0.0,0.0,0.0,0.0,0.0,0.0,0.0,-0.443244,-0.5869262,3.568333,1.094918,-0.264629,-3.464834,-0.1147292,-0.09058642,-0.02293138,0.9889923,346.6389,349.7028,358.5528,0.3005318,-0.0720543,-0.9510455,0,0,0,0.8468379,0.05391075,-2.628322,-0.09728807,0.1070537,0.9175173,0.9825365,-0.0245721,0.1844403,0.06614371,0.9726227,-0.2227779,-0.1739167,0.231087,0.9572626,moving,-12.154355927690785,5.596837990794737,-6.05268693996635,6.655042049206066,-0.24808010000000003,0.31853975,0.8365120000000004,-0.20958656075553178,0.09536189202252966,0.9731287946393126,-12.255299950969544,5.785842329830821,6.1749000716732265,6.192750621896247,6.263219325269403
05/17/2023 16:16:10.697822,3814,True,True,True,True,Eyes,1.096781,-0.261684,-3.454251,-0.3656683,0.3230721,0.8728752,0.0,0.0,0.0,0.0,0.0,0.0,0.0,-0.4563748,-0.5856379,3.566859,1.095075,-0.2646698,-3.46475,-0.1146083,-0.08881298,-0.02270153,0.9891725,346.6578,349.908,358.554,0.3006498,-0.07205074,-0.9510084,0,0,0,0.8516968,0.05389034,-2.628505,-0.09582785,0.1077445,0.9160935,0.9831938,-0.02455404,0.1809062,0.06526885,0.9726992,-0.2227023,-0.1704991,0.2307671,0.9579544,moving,-12.152779205600396,5.634002426247679,-5.971700153610081,6.7079117168771685,-0.2433782,0.31856014,0.8362449999999999,-0.2095469853445982,0.09599391330997334,0.9730751418769097,-12.253987834428836,5.8234506651921345,6.255176834812532,6.273676706003731,6.3442422602320985
05/17/2023 16:16:10.707686,3815,True,True,True,True,Eyes,1.097271,-0.2616853,-3.454194,-0.3624634,0.3233794,0.8740972,0.0,0.0,0.0,0.0,0.0,0.0,0.0,-0.4699933,-0.5833948,3.565468,1.095263,-0.2645825,-3.464708,-0.1143139,-0.08697236,-0.0225643,0.9893731,346.6957,350.1226,358.5418,0.300769,-0.07204738,-0.9509709,0,0,0,0.8558862,0.05387275,-2.628662,-0.09520449,0.1085296,0.9147928,0.9838533,-0.02476473,0.177255,0.06453333,0.9728464,-0.2222732,-0.1669374,0.2301231,0.9587363,moving,-12.161789039570147,5.688649831527262,-5.941507987439786,6.76585742272783,-0.23937680000000006,0.31845524999999997,0.8360460000000001,-0.2096810970386193,0.09691910971040213,0.9729544652497281,-12.263389751513118,5.878793181459386,6.293725691402883,6.3128656378884,6.3838132810304
05/17/2023 16:16:10.728233,3816,True,True,True,True,Eyes,1.09778,-0.2616881,-3.45414,-0.3592363,0.323774,0.8752826,0.0,0.0,0.0,0.0,0.0,0.0,0.0,-0.4836297,-0.5863185,3.563211,1.095452,-0.2645566,-3.464699,-0.1147375,-0.08510969,-0.02252243,0.9894871,346.6501,350.3403,358.5253,0.300889,-0.07204422,-0.9509332,0,0,0,0.8602425,0.05385445,-2.628826,-0.09443043,0.108036,0.9136762,0.9844982,-0.02504076,0.1735982,0.06410184,0.9726561,-0.2232288,-0.1632615,0.2308963,0.9591833,moving,-12.169914898651598,5.664436677657567,-5.9006936514306725,6.743524693478112,-0.23520950000000007,0.31841105,0.8358729999999999,-0.20982757722405992,0.09650483389026027,0.9729641088182771,-12.271345097029084,5.854317383727022,6.342197194896461,6.361412263994043,6.432409306085854
05/17/2023 16:16:10.747860,3817,True,True,True,True,Eyes,1.098274,-0.2616882,-3.454085,-0.3560016,0.324163,0.8764595,0.0,0.0,0.0,0.0,0.0,0.0,0.0,-0.4965471,-0.586881,3.561458,1.095626,-0.264596,-3.46476,-0.1148295,-0.08334677,-0.02250224,0.9896269,346.6424,350.5469,358.5043,0.3010101,-0.07204124,-0.9508951,0,0,0,0.8648602,0.05383506,-2.628999,-0.09322317,0.1082021,0.9125511,0.9850939,-0.0253963,0.1701322,0.06367897,0.9726157,-0.2235257,-0.1597965,0.2310276,0.959735,moving,-12.169330373837761,5.676205653995509,-5.832910755562061,6.762046641526604,-0.23076580000000002,0.31843106,0.8357610000000002,-0.2098135657831282,0.09670498795250847,0.9729473047551361,-12.270844343092575,5.866226612323813,6.409107796968844,6.4287840396976845,6.499960184660703
05/17/2023 16:16:10.767869,3818,True,True,True,True,Eyes,1.098753,-0.261691,-3.454033,-0.3526822,0.3246346,0.8776261,0.0,0.0,0.0,0.0,0.0,0.0,0.0,-0.5100126,-0.5877772,3.559304,1.095729,-0.2645327,-3.464627,-0.1149838,-0.08150495,-0.02238727,0.9897649,346.6285,350.7614,358.4938,0.3011319,-0.07203838,-0.9508567,0,0,0,0.8695242,0.05381547,-2.629174,-0.09201953,0.108235,0.9112149,0.9857115,-0.02557276,0.1664898,0.06305975,0.972555,-0.2239645,-0.1561931,0.2312632,0.9602714,moving,-12.170503587018752,5.68935160658778,-5.766495944297176,6.773910374096691,-0.22620479999999998,0.31834817,0.8354530000000002,-0.20982890491292902,0.0969278863890865,0.9729217566785083,-12.272111612195141,5.879536060186989,6.474979453146375,6.4951968105837095,6.566805968793425
05/17/2023 16:16:10.778008,3819,True,True,True,True,Eyes,1.099222,-0.2616965,-3.453987,-0.349379,0.3250878,0.8787788,0.0,0.0,0.0,0.0,0.0,0.0,0.0,-0.5220416,-0.5895512,3.557293,1.09588,-0.2646187,-3.464601,-0.1152839,-0.07986346,-0.02225275,0.9898669,346.5978,350.9521,358.4896,0.3012539,-0.07203569,-0.9508182,0,0,0,0.873973,0.05379679,-2.629342,-0.09067364,0.1081108,0.9101532,0.9862533,-0.02564058,0.1632392,0.06246846,0.9724289,-0.224677,-0.1529776,0.2317858,0.9606628,moving,-12.148727387414748,5.6847868281467555,-5.689295940929945,6.774028924763132,-0.22190699999999997,0.31841548999999997,0.8352590000000002,-0.20946054411159581,0.09685819709912136,0.973008074372696,-12.25029709138235,5.874834547160493,6.530097164000816,6.550626149985816,6.622332415769385
05/17/2023 16:16:10.798172,3820,True,True,True,True,Eyes,1.099674,-0.2617008,-3.453945,-0.3459789,0.3255963,0.8799351,0.0,0.0,0.0,0.0,0.0,0.0,0.0,-0.5336289,-0.589503,3.555672,1.09608,-0.2646903,-3.464625,-0.1153237,-0.07829291,-0.02211227,0.9899909,346.5969,351.1345,358.4847,0.3013758,-0.07203323,-0.9507797,0,0,0,0.8786952,0.05377695,-2.629519,-0.08898363,0.1084462,0.9090662,0.9867625,-0.02572383,0.1601186,0.06183995,0.972423,-0.2248764,-0.1499184,0.2318014,0.9611413,moving,-12.115165598021722,5.712752875983092,-5.590567752731476,6.802897016874133,-0.21738479999999993,0.31846725,0.8351059999999997,-0.20888059764660288,0.09734546821798631,0.9730842130952128,-12.216925838896417,5.9030134779896075,6.593802820247351,6.615042803390253,6.687182655621037
05/17/2023 16:16:10.817937,3821,True,True,True,True,Eyes,1.100119,-0.2617094,-3.453907,-0.3425994,0.32609,0.8810738,0.0,0.0,0.0,0.0,0.0,0.0,0.0,-0.5447613,-0.5897517,3.553987,1.096244,-0.2646812,-3.46462,-0.1153812,-0.0767762,-0.02203663,0.9901047,346.5932,351.3114,358.4731,0.3014972,-0.07203093,-0.9507414,0,0,0,0.8832668,0.05375775,-2.629691,-0.08733092,0.1086455,0.9079862,0.9872396,-0.02592008,0.1571182,0.06135421,0.9724031,-0.2250952,-0.1469477,0.2318628,0.9615851,moving,-12.078363359865214,5.735521954811172,-5.493859805171941,6.823311762583173,-0.21297719999999998,0.31843895,0.8349290000000003,-0.20824730999898616,0.09774565358263994,0.9731797999910852,-12.180276219030008,5.925920415191057,6.651839378763461,6.673752597127121,6.746367592259171
05/17/2023 16:16:10.828496,3822,True,True,True,True,Eyes,1.10058,-0.2617134,-3.453871,-0.3391785,0.3266275,0.8821975,0.0,0.0,0.0,0.0,0.0,0.0,0.0,-0.5560455,-0.5901743,3.552284,1.0965,-0.2647906,-3.464648,-0.1154739,-0.07524829,-0.02198061,0.9902124,346.5854,351.4898,358.4594,0.3016178,-0.07202891,-0.9507033,0,0,0,0.8877384,0.05373897,-2.629859,-0.08588451,0.1088672,0.9070218,0.9877091,-0.0261525,0.1540999,0.06090936,0.9723653,-0.2253794,-0.1439472,0.2319954,0.9620069,moving,-12.041010014918502,5.756345931952276,-5.409122494873783,6.844304312624438,-0.2087616,0.31852957,0.8347889999999998,-0.2076052631922385,0.09811303158879815,0.973279967610598,-12.143061475651454,5.946856646939425,6.698057013038457,6.720534615385868,6.7934782335325465
05/17/2023 16:16:10.847857,3823,True,True,True,True,Eyes,1.101026,-0.2617195,-3.453835,-0.3357734,0.3271459,0.8833073,0.0,0.0,0.0,0.0,0.0,0.0,0.0,-0.5675841,-0.5912526,3.550334,1.09669,-0.2646788,-3.464653,-0.1155922,-0.07366627,-0.02208997,0.9903151,346.5734,351.6769,358.4258,0.3017381,-0.07202698,-0.9506652,0,0,0,0.8922727,0.05371993,-2.630029,-0.08446911,0.1087874,0.9059753,0.9881706,-0.02672155,0.1510125,0.06078255,0.9723009,-0.2256909,-0.1407988,0.2322,0.9624234,moving,-12.014629885842957,5.768009846929682,-5.326604931816785,6.847160169485203,-0.2044172999999999,0.31839872999999996,0.8346240000000003,-0.20715285447411289,0.09832080203347768,0.9733553909227507,-12.116757534041179,5.958563014676853,6.7514609640036705,6.774529002399242,6.8480491576089175
05/17/2023 16:16:10.868024,3824,True,True,True,True,Eyes,1.101477,-0.2617251,-3.4538,-0.3323073,0.3277402,0.8843971,0.0,0.0,0.0,0.0,0.0,0.0,0.0,-0.5791653,-0.591371,3.548394,1.09671,-0.2647278,-3.464592,-0.1156378,-0.07206511,-0.02204114,0.9904286,346.5711,351.864,358.4097,0.3018579,-0.07202522,-0.9506273,0,0,0,0.8968512,0.0537007,-2.630201,-0.08282097,0.1090695,0.904872,0.9886416,-0.02699344,0.1478483,0.06032725,0.9722842,-0.2258852,-0.1376531,0.2322388,0.962869,moving,-11.984073108299928,5.797745017035068,-5.229587460414798,6.873036625387222,-0.19985880000000011,0.3184285,0.8343910000000001,-0.2066230965943731,0.09883725427114695,0.9734156891789001,-12.086404705330624,5.988543724255678,6.815669673216292,6.839541535108824,6.913629323468763
05/17/2023 16:16:10.878427,3825,True,True,True,True,Eyes,1.101917,-0.261732,-3.453767,-0.3288651,0.3283125,0.8854709,0.0,0.0,0.0,0.0,0.0,0.0,0.0,-0.5904063,-0.5907282,3.546709,1.096854,-0.2647169,-3.464609,-0.1155488,-0.07052481,-0.02205453,0.9905496,346.5837,352.0449,358.3862,0.3019772,-0.07202359,-0.9505895,0,0,0,0.9013581,0.05368177,-2.63037,-0.0812747,0.1094854,0.9038575,0.9890797,-0.0273941,0.1448134,0.05999031,0.9723241,-0.2258027,-0.1346199,0.2320243,0.9633495,moving,-11.950602473345121,5.839293790413975,-5.1382072288671425,6.906661288228481,-0.19549589999999994,0.31839867,0.8342389999999997,-0.20603959522385198,0.09955563419144675,0.9734661921719726,-12.053221491198428,6.030470113051135,6.87072383369846,6.895505952602534,6.970303667969119
05/17/2023 16:16:10.898079,3826,True,True,True,True,Eyes,1.102298,-0.261738,-3.453743,-0.3250363,0.3289438,0.8866495,0.0,0.0,0.0,0.0,0.0,0.0,0.0,-0.6013428,-0.5908647,3.544849,1.096981,-0.2647475,-3.464568,-0.1155811,-0.0690231,-0.02205567,0.9906515,346.5825,352.221,358.3656,0.3020959,-0.0720221,-0.9505519,0,0,0,0.9059793,0.05366236,-2.630544,-0.07951967,0.1097457,0.9028262,0.9894987,-0.02774343,0.1418541,0.05965447,0.9723091,-0.2259564,-0.1316573,0.2320458,0.9637536,moving,-11.888564707600313,5.870046196961095,-5.033542535029118,6.930753804368018,-0.19100169999999994,0.31840986000000004,0.8340239999999999,-0.2049741580316711,0.10010098471363443,0.9736351180626894,-11.991386587822813,6.061362567828082,6.911057659863318,6.936600724768121,7.011949442570806
05/17/2023 16:16:10.917930,3827,True,True,True,True,Eyes,1.102669,-0.2617454,-3.453725,-0.3212597,0.3295442,0.8878022,0.0,0.0,0.0,0.0,0.0,0.0,0.0,-0.6121378,-0.5904467,3.543109,1.097057,-0.2647551,-3.464583,-0.1155476,-0.06753686,-0.02198537,0.9907596,346.5893,352.3944,358.3531,0.3022123,-0.07202074,-0.950515,0,0,0,0.9105769,0.05364305,-2.630717,-0.07767047,0.1101084,0.9018474,0.9899108,-0.02795697,0.1389063,0.05917186,0.9723308,-0.2259901,-0.1287448,0.2319294,0.964175,moving,-11.826793115061589,5.9087764683048505,-4.9223804786036025,6.960908216220012,-0.18648009999999993,0.31839815000000005,0.833866,-0.2039102520998694,0.10078198323754511,0.9737882325566706,-11.929874819118899,6.10033043928905,6.957663106018553,6.984117343619861,7.060139590865137
05/17/2023 16:16:10.927759,3828,True,True,True,True,Eyes,1.10298,-0.2617514,-3.453715,-0.3172081,0.3301481,0.8890339,0.0,0.0,0.0,0.0,0.0,0.0,0.0,-0.6217589,-0.5899924,3.541607,1.097178,-0.2648144,-3.46464,-0.1155166,-0.06621925,-0.02190338,0.9908539,346.5957,352.5477,358.3442,0.3023266,-0.07201953,-0.9504787,0,0,0,0.9149625,0.05362463,-2.630881,-0.07576239,0.1104923,0.9010059,0.9902705,-0.02810725,0.1362876,0.05870493,0.9723523,-0.2260193,-0.1261668,0.231821,0.9645419,moving,-11.729189406969724,5.946545605399526,-4.806491983560258,6.99139762018755,-0.18221549999999997,0.31843903,0.8337590000000001,-0.20223710719179144,0.1014598333737845,0.9740667721849923,-11.832514587666138,6.138191459043678,6.97388933514442,7.001103866454677,7.077637627543574
05/17/2023 16:16:10.948094,3829,True,True,True,True,Eyes,1.103287,-0.2617567,-3.453707,-0.3132123,0.3307114,0.8902405,0.0,0.0,0.0,0.0,0.0,0.0,0.0,-0.6321599,-0.5885652,3.540031,1.097278,-0.2648098,-3.464637,-0.1153416,-0.06479296,-0.02182184,0.9909703,346.6188,352.7138,358.3329,0.3024372,-0.07201844,-0.9504436,0,0,0,0.9197102,0.05360469,-2.63106,-0.07367907,0.1111065,0.8999979,0.9906514,-0.02830294,0.1334497,0.05819624,0.9724402,-0.2257724,-0.1233818,0.231428,0.9649964,moving,-11.648252989270697,5.9987671268564995,-4.680129412789698,7.037667874141705,-0.17756779999999994,0.31841449,0.833577,-0.2008419582631407,0.10237759812122345,0.974259440808995,-11.751929123776307,6.190742149449499,7.01686094439044,7.045144493892236,7.122333489486132
05/17/2023 16:16:10.968275,3830,True,True,True,True,Eyes,1.10357,-0.2617613,-3.453703,-0.3090227,0.3312933,0.8914873,0.0,0.0,0.0,0.0,0.0,0.0,0.0,-0.6424534,-0.587121,3.538495,1.097426,-0.2647726,-3.464673,-0.115171,-0.06338912,-0.02168875,0.9910838,346.6418,352.8766,358.3279,0.3025445,-0.07201743,-0.9504096,0,0,0,0.9241873,0.05358589,-2.631228,-0.07183729,0.1116622,0.8990909,0.9910229,-0.02838955,0.1306437,0.05759192,0.9725304,-0.2255386,-0.120652,0.2310379,0.9654349,moving,-11.552083166938683,6.05273643637804,-4.56822345600596,7.079573595007435,-0.17323869999999997,0.31835849000000005,0.8334449999999998,-0.19918663763431227,0.10333086701194977,0.9744984869726404,-11.656118683011861,6.245004777478026,7.029690742145896,7.05894404371726,7.136859523642418
05/17/2023 16:16:10.978405,3831,True,True,True,True,Eyes,1.10385,-0.2617663,-3.453699,-0.3048886,0.3318441,0.8927051,0.0,0.0,0.0,0.0,0.0,0.0,0.0,-0.6531675,-0.5866359,3.536639,1.097572,-0.2647676,-3.464653,-0.1151378,-0.06192277,-0.02158132,0.9911827,346.6489,353.047,358.3201,0.3026482,-0.07201649,-0.9503767,0,0,0,0.9286687,0.05356707,-2.631396,-0.07010394,0.1120039,0.8981773,0.9913996,-0.02852277,0.1277232,0.05704137,0.9725551,-0.2255724,-0.1177839,0.2309179,0.9658177,moving,-11.466203376512334,6.08879125925244,-4.462964117775881,7.1081662251439806,-0.16890329999999998,0.31833467,0.8332570000000001,-0.1977124009269456,0.10397574005805015,0.9747301229980859,-11.570473250378733,6.281174605979032,7.047027336179263,7.077039312890235,7.155459538576261
05/17/2023 16:16:11.002276,3832,True,True,True,True,Eyes,1.104101,-0.261769,-3.453701,-0.3005922,0.3324154,0.8939487,0.0,0.0,0.0,0.0,0.0,0.0,0.0,-0.6638105,-0.5860107,3.534786,1.097738,-0.2647777,-3.464625,-0.1150801,-0.06046751,-0.02150232,0.9912811,346.6585,353.2164,358.309,0.3027486,-0.07201561,-0.9503448,0,0,0,0.9332368,0.05354788,-2.631568,-0.0682961,0.1123992,0.8972617,0.9917626,-0.02871246,0.1248296,0.05654689,0.9725884,-0.225553,-0.1149316,0.2307537,0.9662005,moving,-11.370488711434385,6.127709013526543,-4.352740593079464,7.140199096747112,-0.16450120000000013,0.31832558,0.8330569999999997,-0.19606938255700526,0.1046730147844214,0.9749873354507458,-11.475010753320435,6.320205213449505,7.059620648475406,7.09041076534315,7.169318112910351
05/17/2023 16:16:11.018048,3833,True,True,True,True,Eyes,1.104348,-0.2617739,-3.4537,-0.2963443,0.3329626,0.8951626,0.0,0.0,0.0,0.0,0.0,0.0,0.0,-0.674329,-0.5852404,3.533006,1.097878,-0.2647398,-3.46467,-0.1149874,-0.05902305,-0.02144716,0.99138,346.6721,353.3849,358.2951,0.3028451,-0.07201475,-0.9503142,0,0,0,0.9378464,0.05352852,-2.631741,-0.06639872,0.1127891,0.8964065,0.9921126,-0.02895077,0.1219608,0.05609839,0.9726359,-0.2254606,-0.1120962,0.2305241,0.9665884,moving,-11.277497288582596,6.168598757833577,-4.2362828245067945,7.171474899001473,-0.16003159999999994,0.31826832000000005,0.832929,-0.194471652908383,0.10540299024344722,0.9752287441635586,-11.382286282432672,6.361241868345453,7.080597101806985,7.112275422368997,7.191789970838598
05/17/2023 16:16:11.027863,3834,True,True,True,True,Eyes,1.104564,-0.2617732,-3.453708,-0.2919032,0.333552,0.8964015,0.0,0.0,0.0,0.0,0.0,0.0,0.0,-0.6859316,-0.5851312,3.53074,1.097989,-0.2647944,-3.464579,-0.115015,-0.05742407,-0.02136356,0.9914726,346.6722,353.5711,358.2831,0.3029382,-0.07201396,-0.9502846,0,0,0,0.9424076,0.05350936,-2.631912,-0.06478596,0.1130839,0.8954726,0.9924921,-0.0291535,0.118783,0.05557202,0.9726303,-0.2256149,-0.1089545,0.2305221,0.966948,moving,-11.189290651763173,6.199410473793818,-4.138044935427161,7.19744323856299,-0.1555814000000001,0.31830376,0.8326670000000003,-0.19295857620010595,0.10595968017731025,0.9754689119208463,-11.294275997822522,6.39209642563536,7.0892092814047905,7.121526209437114,7.201404481591416
05/17/2023 16:16:11.048037,3835,True,True,True,True,Eyes,1.104777,-0.2617717,-3.453719,-0.287519,0.3341444,0.897597,0.0,0.0,0.0,0.0,0.0,0.0,0.0,-0.6967701,-0.5846655,3.528838,1.098142,-0.2646711,-3.464686,-0.1149343,-0.05592958,-0.02138174,0.991567,346.684,353.7464,358.2601,0.3030273,-0.07201308,-0.9502563,0,0,0,0.9468409,0.05349074,-2.632079,-0.0631748,0.1133195,0.8947188,0.9928294,-0.02954639,0.1158308,0.05525929,0.9726659,-0.2255383,-0.1060008,0.2303218,0.967324,moving,-11.096322534029946,6.239738465085531,-4.038868978538876,7.218292993385845,-0.15130109999999997,0.31816184,0.8326069999999999,-0.19136069546802492,0.1066802483230642,0.9757050982080003,-11.201570832311145,6.432564615844512,7.091820201624067,7.124971554523611,7.205669082694989
05/17/2023 16:16:11.068444,3836,True,True,True,True,Eyes,1.104946,-0.2617686,-3.453736,-0.283001,0.3347725,0.898798,0.0,0.0,0.0,0.0,0.0,0.0,0.0,-0.7076929,-0.5873898,3.526281,1.098262,-0.2646542,-3.464721,-0.115324,-0.05441019,-0.0214077,0.9916058,346.6416,353.9249,358.2386,0.3031127,-0.0720121,-0.9502291,0,0,0,0.9515688,0.05347089,-2.632257,-0.06126532,0.1128475,0.8939974,0.9931625,-0.0299064,0.1128445,0.0550056,0.9724842,-0.2263822,-0.1029693,0.2310414,0.9674798,moving,-10.99589304672243,6.228362035630949,-3.920329781477878,7.194282373927341,-0.14669320000000008,0.31812509,0.8324639999999999,-0.18965338931103032,0.10652245999115709,0.9760556310997448,-11.101033611071504,6.42067468757488,7.107746229373382,7.141190210350985,7.2222556269301466
05/17/2023 16:16:11.078388,3837,True,True,True,True,Eyes,1.105113,-0.2617733,-3.453747,-0.2785418,0.3353812,0.8999633,0.0,0.0,0.0,0.0,0.0,0.0,0.0,-0.7191591,-0.5890759,3.523742,1.098391,-0.2646371,-3.464746,-0.1155656,-0.05281752,-0.02143899,0.991663,346.6164,354.1119,358.2144,0.3031936,-0.07201101,-0.9502034,0,0,0,0.9559466,0.0534525,-2.632421,-0.05984706,0.1126176,0.8932922,0.9935014,-0.03031272,0.1097096,0.05472827,0.9723699,-0.2269396,-0.09979913,0.231469,0.9677098,moving,-10.908573670037088,6.233039634726315,-3.832863901112492,7.185387617896987,-0.14244439999999992,0.31808960000000003,0.832325,-0.18816340168177867,0.10663326404263188,0.9763318627775733,-11.013724456679554,6.425082147719717,7.105748053997315,7.139512267312397,7.220998734695941
05/17/2023 16:16:11.098202,3838,True,True,True,True,Eyes,1.109238,-0.2617879,-3.45417,-0.1640403,0.3477032,0.9231431,0.8811182,0.9646993,0.0445798,-2.640771,0.5834363,-0.5914361,-0.5566018,-0.05457625,0.1063402,0.8820578,1.09848,-0.264833,-3.464591,-0.1157226,-0.05120359,-0.02116003,0.9917353,346.6029,354.2972,358.2257,0.3032706,-0.07201003,-0.950179,0,0,0,0.9604743,0.05343349,-2.632591,-0.05817111,0.1128616,0.8924356,0.993861,-0.03011947,0.1064582,0.05382112,0.9723211,-0.2273654,-0.09666341,0.2316993,0.9679729,moving,-4.345547648214573,6.874715441510112,-3.729401638389556,7.20763140577401,-0.1380056999999999,0.31826648999999996,0.8319999999999999,-0.07522973627651534,0.11935952077047392,0.9899968232136649,-4.453535500604014,7.049965092427181,0.698418671875249,0.7003348803858418,0.7410995322964438
05/17/2023 16:16:11.118203,3839,True,True,True,True,Eyes,1.109253,-0.2617884,-3.454172,-0.1639151,0.3477224,0.9231582,0.8776743,0.9653887,0.04339853,-2.64394,0.007656467,-0.6675864,-0.7444931,-0.05690703,0.1061956,0.8785494,1.098638,-0.2647372,-3.464709,-0.1155291,-0.04965156,-0.02088819,0.9918426,346.6295,354.4752,358.2351,0.3034394,-0.07200626,-0.9501253,0,0,0,0.9652739,0.05341333,-2.632771,-0.05616739,0.113392,0.8916913,0.9941968,-0.0299632,0.1033194,0.052908,0.9724334,-0.2270991,-0.09366666,0.2312476,0.9683754,moving,-4.506291665899927,6.902624103560773,-3.6042835311965056,7.247125395643095,-0.13336409999999999,0.31815053,0.8319380000000001,-0.07800257038514485,0.11981613514149807,0.9897271252572977,-4.614521124763196,7.078813041236877,0.9616926719828283,0.9655567385283661,1.0241626062794824
05/17/2023 16:16:11.128219,3840,True,True,True,True,Eyes,1.109284,-0.2617844,-3.454178,-0.1634963,0.3477468,0.9232233,0.8780981,0.965718,0.04357135,-2.643498,-0.2769866,-0.6546464,-0.703361,-0.05965191,0.1057848,0.8789189,1.098969,-0.2647553,-3.464732,-0.1158143,-0.04798703,-0.02072605,0.9918946,346.6005,354.6681,358.2327,0.3035917,-0.07200287,-0.9500768,0,0,0,0.9698741,0.053394,-2.632944,-0.05475789,0.113149,0.8910413,0.9945353,-0.03000096,0.09999687,0.05223129,0.972315,-0.2277619,-0.09039538,0.2317402,0.9685686,moving,-4.663108129500715,6.8745117373863796,-3.5166219384945787,7.236978878983167,-0.12909490000000012,0.3181493,0.831788,-0.08071613143688791,0.11930465324024413,0.9895713438291899,-4.771178662765382,7.050947243964022,1.1969637458909363,1.2024196500827424,1.2682745537307705
05/17/2023 16:16:11.147879,3841,True,True,True,True,Eyes,1.109325,-0.2617806,-3.454182,-0.1629408,0.3477982,0.9233021,0.8799437,0.9659458,0.04426226,-2.641728,-0.5480065,-0.6076037,-0.5748972,-0.06258338,0.1060463,0.8806075,1.099178,-0.2646304,-3.464812,-0.1157116,-0.0462158,-0.02085765,0.9919879,346.6148,354.8773,358.1924,0.3037294,-0.07199968,-0.9500329,0,0,0,0.9741656,0.05337598,-2.633105,-0.05385322,0.1133731,0.8903587,0.9948581,-0.03068565,0.09651797,0.05207647,0.9723516,-0.2276411,-0.08686408,0.231497,0.9689499,moving,-4.833710808972841,6.888391841523469,-3.461310254186314,7.2566597615099475,-0.12501240000000002,0.31800638,0.8317069999999998,-0.08366015793649412,0.11951525347163257,0.9893013404690921,-4.941925521594977,7.065633739058776,1.4138750863678213,1.4209519849979217,1.4928873069783744
05/17/2023 16:16:11.168608,3842,True,True,True,True,Eyes,1.109361,-0.2617787,-3.454187,-0.1621657,0.3478521,0.9234182,0.8854997,0.9657636,0.0462442,-2.636501,-0.8536311,-0.4742769,-0.2153491,-0.06599618,0.1060785,0.8859062,1.099411,-0.2646265,-3.464713,-0.1160662,-0.04428047,-0.0210815,0.9920302,346.5764,355.1072,358.1413,0.3038544,-0.07199667,-0.9499932,0,0,0,0.9785666,0.0533575,-2.633271,-0.05317973,0.1129232,0.8896254,0.9951897,-0.03154803,0.09274881,0.05210589,0.9721684,-0.2284153,-0.0829614,0.2321493,0.9691357,moving,-5.0101492864405275,6.848671200618702,-3.4209370875824825,7.234063162064618,-0.12084439999999996,0.317984,0.831442,-0.08671375390318248,0.11879824772563004,0.9891246994406104,-5.1181274923004,7.026092598632858,1.6268635420801958,1.6352744041739151,1.7098850912037018
05/17/2023 16:16:11.177813,3843,True,True,True,True,Eyes,1.109405,-0.2617812,-3.454197,-0.161276,0.347891,0.9235594,0.8831268,0.9669777,0.04545069,-2.638577,-0.7726291,-0.5271451,-0.3537828,-0.06853853,0.1058984,0.8833486,1.099553,-0.2646719,-3.464691,-0.1160305,-0.04232513,-0.02120336,0.992117,346.5836,355.3378,358.1,0.3039678,-0.07199389,-0.9499572,0,0,0,0.9831346,0.05333831,-2.633442,-0.05225194,0.1132321,0.8888795,0.995518,-0.0322504,0.08890342,0.05189443,0.9721746,-0.2284368,-0.07906247,0.2320266,0.9694909,moving,-5.181179352629646,6.8544365495516875,-3.364206649064515,7.2596633239838795,-0.11641840000000003,0.31801021,0.8312490000000001,-0.0896652032451827,0.11886659653550778,0.9888533485509493,-5.289243983951936,7.0325677251781755,1.8516796158390714,1.8616118135147026,1.9383862235652074
05/17/2023 16:16:11.198213,3844,True,True,True,True,Eyes,1.109452,-0.2617825,-3.454209,-0.1602601,0.3479325,0.9237205,0.0,0.0,0.0,0.0,0.0,0.0,0.0,-0.8089645,-0.5897866,3.504556,1.09972,-0.2647697,-3.464779,-0.1158712,-0.04040838,-0.02114549,0.9922168,346.6059,355.5613,358.0797,0.3040708,-0.0719914,-0.9499244,0,0,0,0.9876355,0.05331941,-2.633611,-0.05126442,0.1138132,0.8882579,0.9958401,-0.03259748,0.08508804,0.05132615,0.9722535,-0.2282297,-0.07528745,0.2316475,0.9698821,moving,-5.33627811091522,6.87733719102013,-3.3030725116259148,7.301569964047702,-0.11208450000000003,0.31808911,0.8311679999999999,-0.09233759245302714,0.11923257079925867,0.9885632247909529,-5.444547140381117,7.05632591674805,2.0655370988124435,2.0769926467592623,2.155471695090925
05/17/2023 16:16:11.218247,3845,True,True,True,True,Eyes,1.109512,-0.2617912,-3.454224,-0.1591205,0.3479474,0.9239119,0.0,0.0,0.0,0.0,0.0,0.0,0.0,-0.8237596,-0.589193,3.501269,1.099941,-0.264741,-3.464773,-0.1157977,-0.03835613,-0.02116377,0.9923064,346.6183,355.8017,358.0491,0.3041646,-0.07198915,-0.9498945,0,0,0,0.9922604,0.05329999,-2.633785,-0.05047134,0.1141243,0.8875331,0.9961618,-0.03311878,0.08102348,0.05088498,0.972286,-0.2281899,-0.07122062,0.231437,0.9702394,moving,-5.500839334026018,6.887741901218254,-3.2547333589530942,7.327225982168091,-0.10768060000000002,0.31804099,0.8309880000000001,-0.09517479798981193,0.11938004902870762,0.988276321364689,-5.609226158864812,7.067472347999454,2.275754401476556,2.2886979505095497,2.3687778062325586
05/17/2023 16:16:11.227915,3846,True,True,True,True,Eyes,1.109601,-0.2618014,-3.454244,-0.157791,0.3479667,0.9241326,0.0,0.0,0.0,0.0,0.0,0.0,0.0,-0.8394372,-0.5865644,3.498157,1.100246,-0.2649128,-3.464837,-0.115473,-0.03619656,-0.02113255,0.992426,346.6602,356.0537,358.0219,0.3042504,-0.07198729,-0.9498672,0,0,0,0.9968144,0.05328086,-2.633956,-0.05000579,0.1150569,0.8868871,0.9964865,-0.03358553,0.07672529,0.05030443,0.9724388,-0.2276669,-0.06696433,0.2307266,0.9707116,moving,-5.666209605372372,6.9281847053059655,-3.2271191338686265,7.391764693027109,-0.10343160000000007,0.31819366,0.8308810000000002,-0.09801890575681263,0.1200443063469293,0.9879177825105544,-5.77492864456277,7.109023450775902,2.4683985610430312,2.4827542635540674,2.563450002019405
05/17/2023 16:16:11.247761,3847,True,True,True,True,Eyes,1.109694,-0.2618066,-3.454265,-0.1563493,0.3479677,0.9243773,0.0,0.0,0.0,0.0,0.0,0.0,0.0,-0.8551096,-0.5842149,3.494941,1.100457,-0.2649358,-3.464958,-0.115158,-0.03401906,-0.02113315,0.9925396,346.7008,356.3082,357.991,0.3043297,-0.07198581,-0.949842,0,0,0,1.001373,0.05326172,-2.634127,-0.04947136,0.1158093,0.8862775,0.9967922,-0.03411584,0.07239784,0.04978611,0.972584,-0.22716,-0.06266323,0.2300357,0.9711627,moving,-5.827738982236317,6.965984204858383,-3.194892935027859,7.444622158936187,-0.09908399999999995,0.31819752,0.8308310000000003,-0.1007960676348121,0.12066239431534867,0.987563038978533,-5.936770368516138,7.147884884436057,2.6601370567147082,2.67599936460848,2.7578877552123173
05/17/2023 16:16:11.268824,3848,True,True,True,True,Eyes,1.109822,-0.2618116,-3.454286,-0.1547282,0.3479828,0.9246444,0.0,0.0,0.0,0.0,0.0,0.0,0.0,-0.8708198,-0.5824246,3.491405,1.100622,-0.264813,-3.464962,-0.1149377,-0.03183159,-0.02102689,0.99264,346.7311,356.5624,357.973,0.3044032,-0.07198453,-0.9498186,0,0,0,1.005952,0.05324248,-2.6343,-0.04883594,0.1162947,0.8855578,0.9970893,-0.03442695,0.06802818,0.04906155,0.9726945,-0.2268448,-0.05836107,0.2295221,0.9715522,moving,-5.976626607767498,6.995487287054734,-3.1564985288028247,7.481479747049109,-0.09467000000000003,0.31805548,0.8306619999999998,-0.10335594724707166,0.12113891446949004,0.987240104023461,-6.085907829293085,7.178302183626778,2.84432795932788,2.8616972329260064,2.945056108932653
05/17/2023 16:16:11.278397,3849,True,True,True,True,Eyes,1.10996,-0.2618115,-3.454312,-0.1529967,0.3479914,0.9249291,0.0,0.0,0.0,0.0,0.0,0.0,0.0,-0.8869398,-0.582786,3.487386,1.100877,-0.2647918,-3.464984,-0.1150135,-0.02958604,-0.02101527,0.992701,346.727,356.825,357.944,0.3044724,-0.07198339,-0.9497966,0,0,0,1.010404,0.05322378,-2.634467,-0.04853975,0.1163164,0.8849815,0.997366,-0.03491816,0.06357424,0.04852933,0.9726605,-0.2271046,-0.05390609,0.2295916,0.9717931,moving,-6.12669971790036,6.989184444315889,-3.139431710009746,7.487677499898482,-0.09047300000000003,0.31801558,0.830517,-0.105943268823307,0.1209971669057914,0.9869830566445731,-6.235975753142232,7.172484635963391,3.0100868573705677,3.0285748261238035,3.1125442249926163
05/17/2023 16:16:11.298294,3850,True,True,True,True,Eyes,1.110127,-0.2618148,-3.45434,-0.1511043,0.3480546,0.9252165,0.0,0.0,0.0,0.0,0.0,0.0,0.0,-0.9031464,-0.5823902,3.483466,1.10123,-0.2646567,-3.465059,-0.1149248,-0.02733467,-0.02113763,0.9927731,346.7415,357.0899,357.8988,0.3045378,-0.07198223,-0.9497756,0,0,0,1.014982,0.05320456,-2.634639,-0.04827977,0.1164865,0.8844051,0.997612,-0.03568688,0.05913272,0.0482526,0.972691,-0.2270328,-0.04941577,0.229344,0.9720902,moving,-6.272623609968485,7.0030961578455555,-3.1246813259152892,7.5033342825359295,-0.08624799999999988,0.31786126000000003,0.8304200000000002,-0.10845388136313958,0.12120381891438974,0.9866850945614501,-6.382037511654555,7.187110774236954,3.1676917281983314,3.1874407924107064,3.2726696484635855
05/17/2023 16:16:11.318257,3851,True,True,True,True,Eyes,1.110302,-0.2618155,-3.454379,-0.1491186,0.3481075,0.9255186,0.0,0.0,0.0,0.0,0.0,0.0,0.0,-0.9198108,-0.5840631,3.478928,1.101434,-0.2647204,-3.465096,-0.115153,-0.02498754,-0.02129948,0.9928051,346.7198,357.367,357.8485,0.3046007,-0.07198112,-0.9497556,0,0,0,1.019555,0.05318535,-2.63481,-0.04804947,0.1162923,0.883917,0.9978439,-0.03653767,0.0545209,0.04804723,0.9725723,-0.2275845,-0.0447101,0.2297134,0.9722309,moving,-6.423399350999835,6.979427774248999,-3.1115194305754184,7.495056813916581,-0.08187900000000004,0.31790575000000004,0.8302860000000001,-0.1110560189398751,0.12076128951623645,0.9864497650563723,-6.532684417157898,7.163720140360582,3.331071924993665,3.3517789178075206,3.437172363536786
05/17/2023 16:16:11.327888,3852,True,True,True,True,Eyes,1.110504,-0.2618121,-3.454419,-0.1469925,0.3482327,0.9258116,0.0,0.0,0.0,0.0,0.0,0.0,0.0,-0.9357584,-0.5832049,3.475164,1.101732,-0.264651,-3.465355,-0.1150621,-0.02276957,-0.02121283,0.9928709,346.7354,357.6251,357.8283,0.3046613,-0.07197996,-0.9497363,0,0,0,1.024009,0.05316664,-2.634978,-0.04769622,0.1165097,0.8835868,0.9980631,-0.03688337,0.05009606,0.04736301,0.9726215,-0.2275175,-0.0403329,0.2294495,0.9724845,moving,-6.5466042402688185,7.000688479660133,-3.089840643002937,7.51168261032184,-0.07772299999999999,0.31781764,0.8303770000000004,-0.11317227766701417,0.12109822473875717,0.986167928211459,-6.656073560158726,7.185699199937539,3.472370385923613,3.4943281999482063,3.5811007250915563
05/17/2023 16:16:11.347683,3853,True,True,True,True,Eyes,1.110754,-0.2618108,-3.45446,-0.1447457,0.3484056,0.9261006,0.0,0.0,0.0,0.0,0.0,0.0,0.0,-0.9522406,-0.586733,3.470199,1.102007,-0.2645439,-3.465385,-0.1156125,-0.02045922,-0.02110646,0.9928596,346.6772,357.8948,357.8102,0.3047206,-0.07197863,-0.9497174,0,0,0,1.028569,0.05314749,-2.635149,-0.04734173,0.1156068,0.8831802,0.9982719,-0.03718082,0.0455066,0.04664218,0.9723765,-0.2287103,-0.03574591,0.2304376,0.9724304,moving,-6.6698612428841555,6.951479938563083,-3.0683294505668672,7.457520578981247,-0.07343799999999989,0.31769139,0.8302359999999998,-0.11530588562576131,0.12022152526522575,0.9860281125318752,-6.779012307114417,7.136356320832888,3.6141799422209475,3.636909179623132,3.7245555093981175
05/17/2023 16:16:11.369076,3854,True,True,True,True,Eyes,1.111007,-0.2618057,-3.454507,-0.1424077,0.3486044,0.9263881,0.0,0.0,0.0,0.0,0.0,0.0,0.0,-0.9687142,-0.5895578,3.465359,1.10238,-0.2645535,-3.465468,-0.1160096,-0.01815242,-0.0212285,0.9928553,346.6363,358.167,357.765,0.3047799,-0.07197717,-0.9496985,0,0,0,1.033332,0.05312749,-2.635328,-0.0469825,0.1150498,0.8828236,0.9984397,-0.03794194,0.04097087,0.04636537,0.9721823,-0.2295908,-0.03112003,0.2311322,0.9724245,moving,-6.794387133357814,6.9179473726803735,-3.04631858056876,7.424955912565401,-0.069048,0.31768099,0.8301400000000001,-0.11745730058984936,0.11961405078511703,0.9858479365161654,-6.903332065040449,7.1028838910192045,3.7586466301957064,3.782205115527525,3.8704371079322932
05/17/2023 16:16:11.388744,3855,True,True,True,True,Eyes,1.111305,-0.261798,-3.454555,-0.1399855,0.3488541,0.9266633,0.0,0.0,0.0,0.0,0.0,0.0,0.0,-0.9856288,-0.5924188,3.460223,1.102637,-0.2644604,-3.465518,-0.1164109,-0.01576437,-0.02131816,0.9928473,346.5952,358.4484,357.7223,0.3048392,-0.07197548,-0.9496796,0,0,0,1.038258,0.0531068,-2.635513,-0.04646473,0.1144066,0.8824143,0.998594,-0.03866106,0.03626657,0.04600164,0.9719881,-0.2304844,-0.02633989,0.2318287,0.9724,moving,-6.922471298151378,6.887653058665292,-3.014203750353915,7.38729227427983,-0.06437900000000019,0.3175672,0.8300049999999999,-0.11966887529762633,0.11906111893015217,0.9856489258899699,-7.031234132300579,7.072702220710582,3.9155213568957965,3.9400754524433546,4.0293299680328065
05/17/2023 16:16:11.397621,3856,True,True,True,True,Eyes,1.111601,-0.2617893,-3.454609,-0.1374843,0.3491293,0.9269341,0.0,0.0,0.0,0.0,0.0,0.0,0.0,-1.002484,-0.5989108,3.454339,1.102816,-0.26436,-3.46555,-0.1173265,-0.01335755,-0.0214434,0.9927722,346.495,358.7336,357.6752,0.3048995,-0.07197347,-0.9496604,0,0,0,1.042193,0.05309027,-2.635661,-0.04688054,0.1127946,0.8821819,0.9987235,-0.03944243,0.03155375,0.0457112,0.9715494,-0.2323841,-0.02149023,0.2335298,0.9721122,moving,-7.046855119662548,6.799136153294622,-3.0419269079221314,7.2862288036814675,-0.060623000000000093,0.31745027,0.8298890000000001,-0.12183105606595722,0.11750710180472713,0.9855705461361441,-7.155019684837009,6.983579445965948,4.009836297429165,4.034440386380145,4.124212509708363
05/17/2023 16:16:11.417959,3857,True,True,True,True,Eyes,1.111903,-0.2617795,-3.454665,-0.1349079,0.3494422,0.9271947,0.0,0.0,0.0,0.0,0.0,0.0,0.0,-1.01845,-0.6021029,3.449297,1.103025,-0.2643267,-3.465672,-0.1178041,-0.01109364,-0.02146175,0.9927431,346.4453,358.9998,357.6419,0.3049609,-0.07197114,-0.9496409,0,0,0,1.047468,0.05306812,-2.635859,-0.04571371,0.1120837,0.8819091,0.9988326,-0.03999825,0.02708282,0.04522575,0.9713232,-0.2334221,-0.0169697,0.2343744,0.9719983,moving,-7.150134199492405,6.76490303857597,-2.9672679550843624,7.243011478333975,-0.055556999999999856,0.31739482,0.8298130000000001,-0.123616437932884,0.11689221363039563,0.9854213266398854,-7.258082007370395,6.949318482375972,4.184412833222071,4.210101863230399,4.300853497524657
05/17/2023 16:16:11.427886,3858,True,True,True,True,Eyes,1.112237,-0.2617706,-3.454725,-0.132081,0.3497838,0.9274729,0.0,0.0,0.0,0.0,0.0,0.0,0.0,-1.034744,-0.6062989,3.443869,1.103423,-0.2642968,-3.465708,-0.1184691,-0.008810094,-0.02135433,0.9926891,346.3741,359.2671,357.6229,0.3050231,-0.07196849,-0.9496212,0,0,0,1.051274,0.05305213,-2.636002,-0.04617553,0.1109921,0.8816975,0.9989328,-0.04030896,0.02255102,0.04448386,0.9710181,-0.2348297,-0.0124317,0.2355823,0.9717749,moving,-7.237007552022217,6.712732053494574,-2.9979082058730455,7.174912624876903,-0.052149,0.31734893,0.8297059999999998,-0.12512399919101408,0.11597280069052145,0.9853397240872275,-7.344606339384413,6.896841156178659,4.238504744948743,4.26422022732007,4.35558358955206
05/17/2023 16:16:11.447640,3859,True,True,True,True,Eyes,1.112572,-0.261758,-3.454788,-0.129191,0.3501447,0.9277437,0.0,0.0,0.0,0.0,0.0,0.0,0.0,-1.051118,-0.6087983,3.438607,1.103684,-0.2642886,-3.465766,-0.1189079,-0.006499455,-0.02120469,0.9926577,346.3291,359.5365,357.6081,0.305087,-0.07196555,-0.9496009,0,0,0,1.055821,0.05303304,-2.636173,-0.04579595,0.1103609,0.8814378,0.9990162,-0.04055232,0.01794627,0.04364367,0.9708226,-0.235794,-0.007860657,0.2363453,0.9716374,moving,-7.3232510858584,6.688475472774557,-2.974183150199085,7.136611725441939,-0.04786300000000021,0.31732163999999996,0.829593,-0.12661354208085776,0.11553362314088847,0.9852009902524754,-7.430699746233454,6.872613724743037,4.345735254952626,4.372095379784702,4.464329189822674
05/17/2023 16:16:11.469267,3860,True,True,True,True,Eyes,1.11293,-0.2617451,-3.454856,-0.1261284,0.3505143,0.9280255,0.0,0.0,0.0,0.0,0.0,0.0,0.0,-1.06743,-0.6115625,3.433264,1.103988,-0.2641911,-3.465852,-0.1193667,-0.004198622,-0.02107552,0.9926178,346.2817,359.8051,357.5908,0.3051524,-0.07196224,-0.9495802,0,0,0,1.060357,0.05301398,-2.636343,-0.04545699,0.1095919,0.88121,0.9990764,-0.04083751,0.01336668,0.04284221,0.9706149,-0.236794,-0.003303824,0.237148,0.9714679,moving,-7.398907169414819,6.662059365121363,-2.952970556882026,7.089204450099966,-0.043630999999999975,0.31720508000000003,0.8295089999999998,-0.1279214169477,0.11505991592007576,0.9850874597089629,-7.506187497994688,6.8461610111198485,4.439480872717799,4.46640854448862,4.559698962219615
05/17/2023 16:16:11.478392,3861,True,True,True,True,Eyes,1.113289,-0.2617354,-3.454932,-0.1230154,0.3508924,0.9283005,0.0,0.0,0.0,0.0,0.0,0.0,0.0,-1.082905,-0.614574,3.428034,1.104232,-0.2641471,-3.465934,-0.1198239,-0.001998568,-0.02109097,0.9925692,346.2343,0.06412064,357.5577,0.3052196,-0.07195856,-0.9495589,0,0,0,1.064763,0.05299548,-2.636509,-0.04507724,0.1088589,0.881023,0.9991024,-0.04138954,0.00902184,0.04234744,0.9703948,-0.2377828,0.001086973,0.2379514,0.9712765,moving,-7.464308230525917,6.634026917147146,-2.9289648774324384,7.043746065559952,-0.0394690000000002,0.31714258,0.8294249999999996,-0.12905327280703022,0.11456100453340609,0.9849980265631302,-7.571405984092675,6.818034020047751,4.526411289221759,4.55381259067886,4.647924844088814
05/17/2023 16:16:11.497772,3862,True,True,True,True,Eyes,1.113643,-0.2617227,-3.455012,-0.1197127,0.3512798,0.9285857,0.0,0.0,0.0,0.0,0.0,0.0,0.0,-1.098381,-0.6168206,3.423027,1.104595,-0.2642078,-3.466134,-0.1201408,0.0001915584,-0.02123376,0.9925299,346.2032,0.3234487,357.5097,0.3052884,-0.07195462,-0.949537,0,0,0,1.069251,0.05297663,-2.636677,-0.04477943,0.1084329,0.8809598,0.9990982,-0.0421963,0.004721827,0.04210425,0.9702306,-0.2384948,0.005482338,0.2384785,0.9711323,moving,-7.5216610033824205,6.620829943971042,-2.90985594359255,7.016955243021334,-0.03534400000000004,0.31718442999999996,0.8294569999999997,-0.13004282835489953,0.11431921693968418,0.9848959387192006,-7.628679842891766,6.804891940139484,4.600904374818515,4.628786143477697,4.72358654382733
05/17/2023 16:16:11.517894,3863,True,True,True,True,Eyes,1.113995,-0.2617143,-3.455098,-0.1163752,0.3516731,0.928861,0.0,0.0,0.0,0.0,0.0,0.0,0.0,-1.113752,-0.620281,3.417595,1.104817,-0.2641188,-3.466233,-0.1206233,0.002393322,-0.02135903,0.9924659,346.1532,0.5844147,357.4633,0.3053585,-0.07195038,-0.9495147,0,0,0,1.073797,0.05295754,-2.636848,-0.04428345,0.1075995,0.8808177,0.9990761,-0.04297359,0.0004022132,0.04181883,0.9699876,-0.2395312,0.009903371,0.2393267,0.9708886,moving,-7.577248080975632,6.589189677208468,-2.8781441261909424,6.9646678321883675,-0.031020000000000048,0.31707633999999996,0.8293849999999998,-0.13100673638928825,0.11376074512201446,0.9848327988291016,-7.684056017670647,6.773076740728032,4.685765966342992,4.714081227847078,4.809729332820402
05/17/2023 16:16:11.527970,3864,True,True,True,True,Eyes,1.114332,-0.2617073,-3.455186,-0.1129032,0.3520415,0.92915,0.0,0.0,0.0,0.0,0.0,0.0,0.0,-1.128598,-0.6223271,3.412628,1.105095,-0.2642049,-3.466412,-0.1209226,0.004508864,-0.02148003,0.9924195,346.1242,0.8347932,357.4186,0.3054297,-0.07194594,-0.9494922,0,0,0,1.078291,0.05293866,-2.637017,-0.0437596,0.1072372,0.880784,0.9990366,-0.04372484,-0.003754524,0.04154394,0.9698327,-0.2402056,0.01414421,0.2398182,0.9707147,moving,-7.615988475952753,6.5771693005707075,-2.8442620689343165,6.941709161112048,-0.026803999999999828,0.31714356,0.8293949999999999,-0.13167589548128078,0.11354398385974664,0.9847686505321696,-7.722720957910295,6.761055849580498,4.756865694996439,4.785630806211505,4.8818026128056475
05/17/2023 16:16:11.547644,3865,True,True,True,True,Eyes,1.114665,-0.2617019,-3.455283,-0.1094159,0.3523984,0.9294318,0.0,0.0,0.0,0.0,0.0,0.0,0.0,-1.143359,-0.6230903,3.407676,1.105317,-0.264231,-3.466443,-0.1210563,0.006615809,-0.02152964,0.9923902,346.1143,1.08271,357.3825,0.3055015,-0.0719414,-0.9494694,0,0,0,1.082975,0.05291899,-2.637193,-0.04294652,0.1071613,0.8805739,0.9989854,-0.04433338,-0.007918327,0.04112983,0.9697637,-0.240555,0.01834353,0.2399853,0.9706032,moving,-7.65167733137706,6.584664640304135,-2.7921633113315547,6.938482828752048,-0.022342000000000084,0.31714999,0.82925,-0.13228744268605264,0.11366346401470655,0.9846728349062811,-7.758472718643911,6.768775453980956,4.842876927889397,4.872377635353749,4.969208158470613
05/17/2023 16:16:11.567670,3866,True,True,True,True,Eyes,1.114991,-0.261692,-3.455386,-0.1058787,0.3527317,0.929715,0.0,0.0,0.0,0.0,0.0,0.0,0.0,-1.157382,-0.6232533,3.403263,1.10552,-0.2642602,-3.466723,-0.1211306,0.008613099,-0.02146533,0.9923671,346.111,1.315994,357.3614,0.3055736,-0.07193678,-0.9494465,0,0,0,1.087511,0.05289994,-2.637363,-0.04202861,0.1071365,0.880629,0.9989301,-0.04468959,-0.0118945,0.04051635,0.9697333,-0.2407818,0.02229493,0.2400422,0.9705064,moving,-7.669345445756291,6.59912570776589,-2.7324062160422122,6.936462920090682,-0.018009000000000164,0.31716014,0.8293599999999999,-0.1325873479587605,0.11390737947600406,0.9846043045740516,-7.776248637268545,6.783477657937031,4.918175752826195,4.94845080330288,5.046161993099166
05/17/2023 16:16:11.578429,3867,True,True,True,True,Eyes,1.115317,-0.2616824,-3.455492,-0.102339,0.3530702,0.9299828,0.0,0.0,0.0,0.0,0.0,0.0,0.0,-1.170388,-0.6249849,3.398702,1.105714,-0.2641379,-3.466875,-0.121377,0.01047853,-0.02151448,0.9923182,346.0876,1.536005,357.3285,0.3056458,-0.07193196,-0.9494237,0,0,0,1.09207,0.05288079,-2.637535,-0.04088626,0.1066835,0.8805899,0.9988547,-0.04524212,-0.01557334,0.0401547,0.9696096,-0.2413401,0.02601879,0.2404383,0.9703156,moving,-7.674536523922045,6.592307197219239,-2.658364485853218,6.907721502389217,-0.01364399999999999,0.31701869,0.8293399999999997,-0.13267836272960445,0.11378880212120215,0.9846057108914683,-7.781392467266631,6.776596048335248,4.995179553875063,5.026078799562282,5.124705804536066
05/17/2023 16:16:11.597944,3868,True,True,True,True,Eyes,1.115628,-0.2616716,-3.455602,-0.09876283,0.3533772,0.9302529,0.0,0.0,0.0,0.0,0.0,0.0,0.0,-1.183196,-0.6268551,3.394166,1.106016,-0.2641293,-3.46702,-0.1216509,0.01230296,-0.02158854,0.9922619,346.0611,1.751701,357.2931,0.3057181,-0.07192696,-0.9494008,0,0,0,1.09663,0.05286164,-2.637706,-0.03979635,0.1062864,0.8805982,0.9987652,-0.0458363,-0.01916298,0.03984964,0.96947,-0.2419502,0.02966804,0.2408878,0.9700994,moving,-7.673559148282308,6.5800253732810985,-2.587573418804124,6.882192225008666,-0.009386000000000116,0.31699094,0.8293140000000001,-0.13266479878357437,0.11357795812858483,0.9846319609980748,-7.780327249777211,6.764161920479565,5.0636006629166,5.094953939609138,5.194095060919939
05/17/2023 16:16:11.618053,3869,True,True,True,True,Eyes,1.115939,-0.2616628,-3.455716,-0.09519797,0.3537004,0.9305016,0.0,0.0,0.0,0.0,0.0,0.0,0.0,-1.194957,-0.6294714,3.389758,1.106187,-0.2640932,-3.467164,-0.1220285,0.01399927,-0.02166186,0.9921916,346.0223,1.952767,357.2592,0.3057899,-0.07192177,-0.949378,0,0,0,1.101173,0.05284256,-2.637877,-0.03836707,0.1056851,0.8806528,0.9986696,-0.04640205,-0.02249318,0.03956882,0.9692796,-0.2427578,0.03306664,0.2415448,0.9698261,moving,-7.658595964103645,6.556720192629299,-2.4946062227029353,6.843207234934347,-0.005014000000000074,0.31693575999999996,0.8292869999999999,-0.13241367395686765,0.11318127359104203,0.9847113649757449,-7.765193909739282,6.740518685227967,5.140158191986909,5.171930478525447,5.27158794908896
05/17/2023 16:16:11.628291,3870,True,True,True,True,Eyes,1.116218,-0.2616511,-3.45583,-0.09158513,0.3539881,0.9307548,0.0,0.0,0.0,0.0,0.0,0.0,0.0,-1.206729,-0.632128,3.385329,1.106483,-0.2641314,-3.4673,-0.1224429,0.01567743,-0.02167417,0.9921151,345.9791,2.151018,357.2325,0.3058615,-0.07191645,-0.9493554,0,0,0,1.105728,0.05282343,-2.638048,-0.036997,0.1050894,0.8807423,0.9985689,-0.04684571,-0.02579993,0.03916736,0.969076,-0.2436344,0.03641532,0.2422752,0.969524,moving,-7.637021421844729,6.527831195801523,-2.4053874267766715,6.804312806758757,-0.0007550000000000612,0.31695483,0.8292519999999999,-0.13205029509233726,0.11269027393347429,0.984816495814622,-7.743407641280044,6.711199313134967,5.2069074194343505,5.238934656926851,5.338832263064784
05/17/2023 16:16:11.648012,3871,True,True,True,True,Eyes,1.116497,-0.2616446,-3.455948,-0.08799128,0.3542908,0.9309863,0.0,0.0,0.0,0.0,0.0,0.0,0.0,-1.218356,-0.6347048,3.380845,1.106652,-0.26407,-3.467411,-0.1228347,0.01735501,-0.0216842,0.9920385,345.9387,2.349155,357.2059,0.3059319,-0.07191097,-0.9493332,0,0,0,1.110313,0.05280417,-2.63822,-0.03546331,0.1044467,0.8808032,0.9984572,-0.0472867,-0.02910654,0.03875951,0.9688829,-0.2444661,0.03976082,0.2429608,0.9692209,moving,-7.616648581902649,6.502565740240899,-2.3056241282246717,6.762622710344189,0.0036610000000001364,0.31687417,0.8291909999999998,-0.1317065515906743,0.11226117307504219,0.9849115393761397,-7.722849233345794,6.685551834727737,5.284969142772759,5.31738755172733,5.417773321155366
05/17/2023 16:16:11.669254,3872,True,True,True,True,Eyes,1.116752,-0.2616357,-3.456064,-0.08436047,0.3545366,0.9312288,0.0,0.0,0.0,0.0,0.0,0.0,0.0,-1.22963,-0.636991,3.376562,1.106907,-0.2641909,-3.467546,-0.1232248,0.01896602,-0.02164487,0.9919615,345.8981,2.538828,357.1859,0.3060013,-0.07190547,-0.9493113,0,0,0,1.115022,0.05278439,-2.638397,-0.03376711,0.1039811,0.8809516,0.9983436,-0.04761592,-0.03229275,0.03826758,0.9686943,-0.2452895,0.04296148,0.2436474,0.9689119,moving,-7.58527496105375,6.47461575902051,-2.1950879302470745,6.731630058589404,0.008114999999999872,0.31697529,0.8291490000000001,-0.13117425512069833,0.11178866182367013,0.9850363330704223,-7.691267986372039,6.657146174666548,5.363596164504739,5.396311015616073,5.496684733392489
05/17/2023 16:16:11.677939,3873,True,True,True,True,Eyes,1.117001,-0.2616243,-3.456185,-0.0807468,0.3548061,0.9314466,0.0,0.0,0.0,0.0,0.0,0.0,0.0,-1.240548,-0.6391594,3.372297,1.107105,-0.2641356,-3.467625,-0.1235501,0.02053975,-0.02167934,0.9918889,345.8651,2.725023,357.1579,0.3060692,-0.07189991,-0.9492898,0,0,0,1.119349,0.05276622,-2.638559,-0.03235567,0.1034547,0.8810089,0.9982163,-0.04808236,-0.03538934,0.03793161,0.9685308,-0.2459864,0.04610327,0.2442053,0.968627,moving,-7.553095726475145,6.454703814238472,-2.103282423505166,6.697430193068099,0.012243999999999922,0.31690182,0.8290660000000001,-0.13062595322900236,0.11145447715937484,0.9851471681039106,-7.6589382322681745,6.636872820527006,5.422215842922515,5.455215956514306,5.55598584058772
05/17/2023 16:16:11.698027,3874,True,True,True,True,Eyes,1.117202,-0.2616076,-3.456303,-0.07704037,0.355038,0.931672,0.0,0.0,0.0,0.0,0.0,0.0,0.0,-1.251514,-0.6426134,3.367792,1.107219,-0.2640647,-3.467794,-0.1240308,0.02214313,-0.02179684,0.9917919,345.8146,2.916537,357.119,0.3061355,-0.07189421,-0.9492689,0,0,0,1.123909,0.05274707,-2.638731,-0.03071178,0.1026224,0.8812033,0.9980692,-0.0487287,-0.0385158,0.03774299,0.9682825,-0.2469907,0.04932971,0.2450601,0.9682521,moving,-7.520531596815537,6.413556135720502,-1.9960699513745694,6.642579942627299,0.016690000000000094,0.31681177,0.8290630000000001,-0.1300762395964147,0.11075501081761083,0.9852986425997875,-7.626072046983251,6.5951052769119345,5.496054728532682,5.529206848733224,5.630202255731398
05/17/2023 16:16:11.717766,3875,True,True,True,True,Eyes,1.117405,-0.2615969,-3.456414,-0.0733692,0.3552803,0.931876,0.0,0.0,0.0,0.0,0.0,0.0,0.0,-1.262136,-0.6453285,3.363404,1.107333,-0.2639531,-3.467861,-0.1243933,0.02369764,-0.02193642,0.9917076,345.7778,3.102274,357.0786,0.3061993,-0.07188829,-0.9492488,0,0,0,1.128459,0.05272796,-2.638902,-0.02900219,0.1019847,0.8812863,0.9979144,-0.04940467,-0.04154475,0.03761337,0.9680902,-0.2477631,0.05245972,0.2456838,0.9679295,moving,-7.485665621483053,6.386548819912347,-1.8848626145359342,6.60105188590672,0.0211260000000002,0.31668106,0.8289590000000002,-0.12948324565103478,0.11029920054865387,0.985427920198495,-7.59100424251283,6.567640622816412,5.571456146387143,5.60490908828581,5.706239443892283
05/17/2023 16:16:11.727973,3876,True,True,True,True,Eyes,1.117563,-0.2615907,-3.45653,-0.06965186,0.3554482,0.9320973,0.0,0.0,0.0,0.0,0.0,0.0,0.0,-1.272306,-0.6469111,3.359251,1.107567,-0.2640871,-3.467763,-0.1247021,0.02515465,-0.02186413,0.9916344,345.7462,3.273327,357.0645,0.3062608,-0.07188233,-0.9492294,0,0,0,1.133127,0.05270835,-2.639077,-0.02704458,0.1017274,0.8812796,0.9977784,-0.04963611,-0.04443542,0.03708876,0.9679427,-0.2484178,0.05534143,0.2462178,0.9676332,moving,-7.431575119726408,6.363766989867395,-1.757732896277165,6.584593959678211,0.025560000000000027,0.31679545000000003,0.8286860000000003,-0.1285583220201797,0.10992071611960212,0.9855913834643134,-7.536736950689395,6.54438065664292,5.644435500268331,5.678137910194791,5.7791439652126675
05/17/2023 16:16:11.748225,3877,True,True,True,True,Eyes,1.117722,-0.2615788,-3.456642,-0.06597896,0.3556229,0.9322978,0.0,0.0,0.0,0.0,0.0,0.0,0.0,-1.281772,-0.6456999,3.35624,1.107789,-0.2642298,-3.468025,-0.124625,0.02649327,-0.02168775,0.9916131,345.7585,3.427482,357.0659,0.3063192,-0.07187648,-0.9492109,0,0,0,1.137567,0.05268971,-2.639244,-0.02508198,0.1020675,0.881565,0.9976555,-0.04961516,-0.04713646,0.03640826,0.9679965,-0.2483086,0.05794781,0.2460103,0.9675334,moving,-7.365392298274003,6.387298222119618,-1.6297198851385433,6.604293737650468,0.029778000000000082,0.31691951,0.8287809999999998,-0.12741378091600636,0.11034191125302377,0.9856928776782601,-7.470704398516363,6.567949028542511,5.705358275173108,5.739775699847829,5.841097587217634
05/17/2023 16:16:11.769463,3878,True,True,True,True,Eyes,1.117813,-0.2615641,-3.456749,-0.06214911,0.3557756,0.9325026,0.0,0.0,0.0,0.0,0.0,0.0,0.0,-1.290893,-0.6472837,3.352482,1.107969,-0.2640754,-3.468023,-0.1248531,0.02781312,-0.0217164,0.9915477,345.7361,3.583651,357.0421,0.3063748,-0.07187059,-0.9491934,0,0,0,1.142052,0.05267087,-2.639412,-0.0230527,0.1016421,0.8816028,0.9975097,-0.05001078,-0.04973335,0.03612057,0.9678802,-0.2488036,0.06057879,0.2463876,0.9672762,moving,-7.29251523619872,6.371820393161833,-1.4978644602154112,6.576730296507637,0.034083000000000085,0.31674627,0.828611,-0.12616341919964494,0.11009336058682889,0.9858813985700636,-7.39769765467748,6.5520111636765535,5.763554582272391,5.798272646581321,5.899884978370715
05/17/2023 16:16:11.777970,3879,True,True,True,True,Eyes,1.117907,-0.2615496,-3.456851,-0.0583524,0.3559165,0.9326943,0.0,0.0,0.0,0.0,0.0,0.0,0.0,-1.300111,-0.6493009,3.348686,1.108246,-0.264056,-3.468089,-0.1250657,0.02915047,-0.02201762,0.9914758,345.7168,3.745845,356.9862,0.3064263,-0.07186463,-0.9491773,0,0,0,1.14664,0.0526516,-2.639585,-0.02117275,0.1013573,0.8817464,0.997331,-0.05095131,-0.05229667,0.03636841,0.9677476,-0.2492829,0.06331126,0.2467156,0.9670177,moving,-7.230944461066549,6.354520065625099,-1.375538523030013,6.5574043453842865,0.03839400000000004,0.31670760000000003,0.8285040000000001,-0.12510786526272974,0.10981048427070234,0.9860476126456248,-7.335987196816601,6.534271051059238,5.823953227941692,5.858919757955978,5.960493565314086
05/17/2023 16:16:11.797693,3880,True,True,True,True,Eyes,1.117921,-0.2615359,-3.456945,-0.05439098,0.3560429,0.9328853,0.0,0.0,0.0,0.0,0.0,0.0,0.0,-1.309847,-0.649839,3.344766,1.108367,-0.2640321,-3.468034,-0.1250366,0.03058915,-0.02240806,0.9914274,345.726,3.920264,356.9194,0.3064741,-0.07185862,-0.9491622,0,0,0,1.151171,0.05263257,-2.639755,-0.01940857,0.1015294,0.8817423,0.9971244,-0.05208144,-0.05505018,0.03678239,0.9677275,-0.2493002,0.06625748,0.2465585,0.9668603,moving,-7.174459026231083,6.363776130786003,-1.260968882582652,6.568471573008116,0.04280399999999984,0.31666467,0.8282789999999998,-0.12413329684551572,0.10998332804111194,0.9861513577890182,-7.279552802821847,6.543427771865992,5.881554386260126,5.917031849085625,6.018636024626962
05/17/2023 16:16:11.817743,3881,True,True,True,True,Eyes,1.117938,-0.261525,-3.457036,-0.05048726,0.3561483,0.9330646,0.0,0.0,0.0,0.0,0.0,0.0,0.0,-1.318796,-0.6515633,3.340994,1.108469,-0.2641139,-3.468074,-0.1252482,0.03191004,-0.02263312,0.9913539,345.7067,4.079466,356.8726,0.3065168,-0.07185266,-0.949149,0,0,0,1.156182,0.05261152,-2.639943,-0.01687678,0.1013772,0.8819473,0.996939,-0.0528682,-0.05759877,0.0368815,0.9676012,-0.249775,0.06893779,0.2468861,0.9665893,moving,-7.1028676572036735,6.34582708463903,-1.096267615698443,6.557199579769875,0.047713000000000116,0.31672542000000004,0.828131,-0.12290500275071709,0.10969130167874963,0.9863378231737974,-7.207814470163149,6.524993591846022,5.974407997397686,6.010317994108837,6.111631711742421
05/17/2023 16:16:11.828521,3882,True,True,True,True,Eyes,1.11794,-0.2615139,-3.457121,-0.04659399,0.356215,0.9332415,0.0,0.0,0.0,0.0,0.0,0.0,0.0,-1.327833,-0.6500127,3.337726,1.108529,-0.2641655,-3.468062,-0.1250934,0.03322124,-0.02253162,0.9913327,345.7282,4.231172,356.866,0.3065549,-0.07184682,-0.9491371,0,0,0,1.160244,0.05259447,-2.640096,-0.01510317,0.1018149,0.8820117,0.9967773,-0.05298417,-0.06022948,0.03636114,0.9676879,-0.2495154,0.07150372,0.2465213,0.966496,moving,-7.023146302584609,6.3715342094471765,-0.9810111761803844,6.584785805022729,0.051714999999999955,0.31675997,0.827966,-0.12152623670216628,0.11015265931024339,0.9864570892295624,-7.128255314471592,6.550713529456673,6.0094171211555,6.045897214536756,6.147338563615792
05/17/2023 16:16:11.847819,3883,True,True,True,True,Eyes,1.11795,-0.2615053,-3.457202,-0.04274717,0.3562545,0.9334106,0.0,0.0,0.0,0.0,0.0,0.0,0.0,-1.337012,-0.6487154,3.334389,1.108827,-0.2641691,-3.46804,-0.1250213,0.03451253,-0.02228137,0.9913033,345.7396,4.378717,356.8768,0.3065886,-0.0718411,-0.9491267,0,0,0,1.164834,0.05257519,-2.640268,-0.0129352,0.1020677,0.8820912,0.9966248,-0.05280478,-0.06285346,0.03554558,0.9677464,-0.2494061,0.07399604,0.2463301,0.9663571,moving,-6.9395514065902875,6.387457376873262,-0.8401390350961053,6.600401624550972,0.05600699999999992,0.31674429,0.827772,-0.12008292988294783,0.1104463501035832,0.9866010496675657,-7.044751820788323,6.566516599830717,6.066035853663711,6.103128421568345,6.2047053125249745
05/17/2023 16:16:11.870286,3884,True,True,True,True,Eyes,1.11796,-0.2615009,-3.457279,-0.03887122,0.3562031,0.9335997,0.0,0.0,0.0,0.0,0.0,0.0,0.0,-1.347035,-0.6462163,3.330873,1.108996,-0.2642148,-3.468016,-0.1247499,0.03594972,-0.02212538,0.9912899,345.7747,4.543886,356.8755,0.3066185,-0.07183556,-0.9491174,0,0,0,1.169433,0.05255587,-2.640441,-0.01093039,0.1027123,0.8821605,0.9964361,-0.05283478,-0.0657529,0.03489589,0.9678959,-0.2489174,0.07679345,0.2457357,0.9662902,moving,-6.873597368774086,6.419985738041071,-0.7098857514967319,6.641197549826095,0.06043699999999985,0.31677067000000003,0.827575,-0.11893949014241752,0.11102184731571986,0.9866750058338637,-6.979012272284932,6.599191848743509,6.129750415128168,6.167679917654047,6.269267246861742
05/17/2023 16:16:11.877964,3885,True,True,True,True,Eyes,1.11798,-0.2615008,-3.457354,-0.03501131,0.3561123,0.933787,0.0,0.0,0.0,0.0,0.0,0.0,0.0,-1.35821,-0.6430875,3.327022,1.109329,-0.2643017,-3.467983,-0.124329,0.03754281,-0.02215295,0.9912832,345.8284,4.729337,356.8513,0.3066451,-0.0718303,-0.9491093,0,0,0,1.17402,0.05253661,-2.640613,-0.009451993,0.1036544,0.8822012,0.9961996,-0.05325502,-0.06892259,0.03458437,0.9681031,-0.2481539,0.07993963,0.2448271,0.9662657,moving,-6.831393298056007,6.465748658594288,-0.6138492966175176,6.701254157929606,0.06469100000000005,0.31683830999999996,0.8273699999999997,-0.11820202568111504,0.11181979382697291,0.9866734709322944,-6.937123360081706,6.645350707625339,6.1831556738052065,6.222002591613163,6.323521177116025
05/17/2023 16:16:11.898095,3886,True,True,True,True,Eyes,1.118001,-0.261498,-3.457427,-0.0311197,0.3559754,0.933977,0.0,0.0,0.0,0.0,0.0,0.0,0.0,-1.370677,-0.63921,3.322748,1.109538,-0.2643926,-3.468,-0.1238297,0.03933984,-0.02210473,0.9912771,345.8914,4.937203,356.8338,0.3066689,-0.07182541,-0.949102,0,0,0,1.178401,0.05251821,-2.640778,-0.008382693,0.1047082,0.8822908,0.9959275,-0.05356669,-0.07251891,0.03408093,0.9683552,-0.2472381,0.0834678,0.2437598,0.9662372,moving,-6.8083173155797985,6.518589971942478,-0.5443539461324475,6.76807230425831,0.06886300000000012,0.31691081,0.8272219999999999,-0.11779237118744808,0.11273523875951343,0.9866183055742095,-6.91441808058025,6.69874520677283,6.22912326095884,6.268929615804915,6.370441375872161
05/17/2023 16:16:11.917969,3887,True,True,True,True,Eyes,1.118027,-0.2614911,-3.457502,-0.02725033,0.3558357,0.9341512,0.0,0.0,0.0,0.0,0.0,0.0,0.0,-1.383331,-0.6358393,3.318216,1.10975,-0.264312,-3.468004,-0.1233425,0.04117537,-0.02216392,0.991262,345.9538,5.151131,356.8032,0.3066903,-0.07182078,-0.9490955,0,0,0,1.182972,0.05249901,-2.640949,-0.007228382,0.1055852,0.8823543,0.9956267,-0.05409783,-0.07616363,0.03378315,0.9685908,-0.2463546,0.08709864,0.2427042,0.9661824,moving,-6.79372913039231,6.568961098745108,-0.46936532958001503,6.823740468953615,0.0732219999999999,0.31681101,0.8270550000000001,-0.11752943585587236,0.11360614426616285,0.9865498294731062,-6.900185231953074,6.749671384379309,6.288637224784372,6.329493661621662,6.431246445755839
05/17/2023 16:16:11.937990,3888,True,True,True,True,Eyes,1.118061,-0.2614911,-3.457573,-0.02331258,0.355696,0.9343109,0.0,0.0,0.0,0.0,0.0,0.0,0.0,-1.394863,-0.635496,3.3136,1.109899,-0.2641991,-3.468107,-0.1232853,0.04286677,-0.02223335,0.9911957,345.9662,5.350252,356.7711,0.3067096,-0.07181627,-0.9490896,0,0,0,1.187552,0.05247977,-2.641121,-0.005756415,0.1056497,0.8826244,0.9953362,-0.05464488,-0.07949664,0.03350551,0.9686128,-0.2463058,0.09046081,0.2424935,0.9659263,moving,-6.758082687208903,6.569538426995322,-0.37367379420744595,6.8257998792469206,0.07765299999999997,0.31667887,0.8269859999999998,-0.1169153814503153,0.11362437101669358,0.9866206335529656,-6.86453346169437,6.750122309929603,6.348237760744381,6.389549815514877,6.491300818596088
05/17/2023 16:16:11.947849,3889,True,True,True,True,Eyes,1.118104,-0.2614892,-3.457645,-0.01938614,0.3555291,0.9344642,0.0,0.0,0.0,0.0,0.0,0.0,0.0,-1.406932,-0.6357511,3.308502,1.110206,-0.2643584,-3.468051,-0.1233421,0.04462307,-0.0223555,0.9911085,345.9661,5.558286,356.731,0.3067272,-0.07181206,-0.9490842,0,0,0,1.192048,0.05246089,-2.64129,-0.004662395,0.1058039,0.8828303,0.995018,-0.05532124,-0.08293784,0.03330563,0.968574,-0.2464859,0.09396734,0.2424956,0.965591,moving,-6.731464132508995,6.554895282449277,-0.302587113749475,6.834089026919278,0.08184199999999997,0.31681929,0.8267609999999999,-0.11646030536841331,0.11337832637441421,0.9867028209317038,-6.837803433036802,6.73520233239284,6.393492657415075,6.434936586267613,6.535964421432675
05/17/2023 16:16:11.968357,3890,True,True,True,True,Eyes,1.118117,-0.2614821,-3.457706,-0.01511174,0.3553885,0.9345965,0.0,0.0,0.0,0.0,0.0,0.0,0.0,-1.419661,-0.633186,3.303712,1.110429,-0.2642965,-3.468136,-0.1229624,0.04647898,-0.02244345,0.9910682,346.0165,5.775402,356.6966,0.3067435,-0.07180806,-0.9490793,0,0,0,1.197077,0.05243977,-2.641479,-0.003120415,0.1064993,0.8830848,0.994672,-0.05591631,-0.08660828,0.03305564,0.9687531,-0.2458145,0.09764707,0.2416419,0.96544,moving,-6.6963727572720035,6.59323270643549,-0.20245605601059619,6.876613978033719,0.08664799999999984,0.31673627,0.826657,-0.11584703859312558,0.11404674474618505,0.9866979132907544,-6.8029761487768345,6.773872440069964,6.457675710522733,6.500096850664186,6.601319664933216
05/17/2023 16:16:11.977705,3891,True,True,True,True,Eyes,1.118139,-0.2614778,-3.457767,-0.01085445,0.3552521,0.9347075,0.0,0.0,0.0,0.0,0.0,0.0,0.0,-1.433356,-0.6344882,3.297507,1.110738,-0.2642139,-3.468009,-0.1232092,0.04847977,-0.02240036,0.9909427,345.9945,6.010694,356.6711,0.306758,-0.07180414,-0.9490749,0,0,0,1.201261,0.0524222,-2.641636,-0.002670579,0.1060584,0.8832265,0.9942958,-0.05634125,-0.09056149,0.03244863,0.9686354,-0.2463584,0.1016012,0.2420146,0.9649384,moving,-6.673254203174097,6.560282093121553,-0.1732425818860303,6.847327896063274,0.09052299999999991,0.3166361,0.8263729999999998,-0.11545638450139964,0.11348447671425639,0.9868085331097514,-6.779616495622098,6.740436516128153,6.464289442872141,6.506346622327032,6.6072386104330185
05/17/2023 16:16:11.997634,3892,True,True,True,True,Eyes,1.118131,-0.261471,-3.457821,-0.006247032,0.355115,0.9348018,0.0,0.0,0.0,0.0,0.0,0.0,0.0,-1.446556,-0.6347143,3.291791,1.110935,-0.2642696,-3.468034,-0.1232597,0.05042721,-0.02249566,0.9908372,345.9959,6.240777,356.6316,0.3067712,-0.07180037,-0.9490709,0,0,0,1.205716,0.05240348,-2.641804,-0.001833506,0.1060872,0.8835515,0.993902,-0.05701036,-0.09438469,0.03214779,0.968602,-0.2465294,0.1054759,0.2419918,0.9645283,moving,-6.628340430790793,6.549456574798243,-0.11889743237162724,6.846674181140086,0.094781,0.31667308,0.8262299999999998,-0.11468512496684513,0.11330822298211542,0.9869187720542273,-6.7346136260736085,6.729311908163013,6.47420929805421,6.516224862233337,6.616757110452897
05/17/2023 16:16:12.018230,3893,True,True,True,True,Eyes,1.118134,-0.2614628,-3.457875,-0.001655948,0.354993,0.9348675,0.0,0.0,0.0,0.0,0.0,0.0,0.0,-1.460094,-0.6338829,3.286056,1.111255,-0.2642494,-3.468015,-0.1231314,0.05240917,-0.02262772,0.9907473,346.0183,6.474536,356.5885,0.3067825,-0.07179669,-0.9490675,0,0,0,1.210202,0.05238464,-2.641972,-0.001161858,0.1063674,0.8837864,0.9934825,-0.05774312,-0.09827611,0.03193026,0.9686533,-0.246356,0.1094208,0.2416124,0.9641838,moving,-6.589799239321538,6.560204315601778,-0.07532308875029416,6.862778322520325,0.0989469999999999,0.31663404,0.8260429999999999,-0.11401868345703142,0.11350211021420097,0.9869736701496533,-6.696138866825624,6.740045506228529,6.479281597707194,6.52149910266223,6.621953255000079
05/17/2023 16:16:12.033191,3894,True,True,True,True,Eyes,1.118114,-0.2614539,-3.457922,0.003229511,0.3548956,0.9349004,0.0,0.0,0.0,0.0,0.0,0.0,0.0,-1.474243,-0.6354828,3.279494,1.111452,-0.2642017,-3.468023,-0.1233422,0.05451637,-0.02280884,0.9906032,346.0025,6.72547,356.5354,0.3067922,-0.07179306,-0.9490647,0,0,0,1.214827,0.05236522,-2.642146,-0.0004647896,0.1060165,0.8841565,0.9930154,-0.05863735,-0.1023816,0.03174068,0.9685329,-0.2468533,0.1136347,0.2418794,0.9636294,moving,-6.548882981089191,6.533281386417037,-0.030119645095060477,6.837517074308372,0.103375,0.31656692,0.8258770000000002,-0.11331974900387459,0.11304742687156813,0.9871063713320035,-6.655019778281159,6.712643619740551,6.48392519897718,6.525858930783597,6.626076905254337
05/17/2023 16:16:12.048423,3895,True,True,True,True,Eyes,1.118104,-0.2614463,-3.457968,0.008073307,0.3548132,0.9349024,0.0,0.0,0.0,0.0,0.0,0.0,0.0,-1.488125,-0.6360978,3.273202,1.11178,-0.2642225,-3.468014,-0.1234638,0.05655695,-0.02286467,0.9904723,345.9961,6.966376,356.4985,0.3068001,-0.07178947,-0.9490623,0,0,0,1.21929,0.05234647,-2.642314,0.0001046732,0.1058738,0.8845032,0.9925571,-0.05925912,-0.1063902,0.03132817,0.9684678,-0.2471613,0.1176821,0.2419887,0.963116,moving,-6.499800022915933,6.518664270911713,0.006780453208232515,6.825749337184801,0.10751,0.31656897,0.8257000000000003,-0.11247719433150294,0.11280646476884082,0.9872302998629984,-6.605819580115077,6.697665923784666,6.472125295744438,6.513823050268415,6.613840379196921
05/17/2023 16:16:12.068204,3896,True,True,True,True,Eyes,1.118057,-0.2614384,-3.458003,0.01312974,0.3547406,0.9348726,0.0,0.0,0.0,0.0,0.0,0.0,0.0,-1.501547,-0.6370259,3.266923,1.111943,-0.2642478,-3.467994,-0.1236921,0.05854916,-0.02276759,0.9903304,345.9761,7.200039,356.4793,0.3068066,-0.07178596,-0.9490605,0,0,0,1.223977,0.05232679,-2.64249,0.001208246,0.1055461,0.8849223,0.9921073,-0.059579,-0.1103337,0.03061074,0.9683639,-0.247658,0.1215983,0.2423259,0.9625445,moving,-6.4286755170789736,6.493660036447447,0.07822986650344355,6.801628160088184,0.11203400000000019,0.31657459,0.825504,-0.11125687116723107,0.1123911557253238,0.9874159196227251,-6.5344979230872955,6.6720929137305935,6.472753378727064,6.514189284636473,6.613996386397149
05/17/2023 16:16:12.078275,3897,True,True,True,True,Eyes,1.118028,-0.2614314,-3.458037,0.01815926,0.3546578,0.9348198,0.0,0.0,0.0,0.0,0.0,0.0,0.0,-1.515293,-0.6379597,3.260418,1.112293,-0.2643017,-3.467908,-0.1239033,0.06057066,-0.02273655,0.9901831,345.9588,7.438054,356.452,0.306811,-0.07178254,-0.9490593,0,0,0,1.228361,0.05230838,-2.642654,0.001747116,0.105277,0.8852515,0.9916285,-0.06003648,-0.1143178,0.03001687,0.9682621,-0.2481282,0.1255863,0.2426195,0.9619583,moving,-6.364260630176742,6.469674999735552,0.11307774474602199,6.78194915739228,0.11606800000000006,0.31661007999999996,0.8252540000000002,-0.11015169171433739,0.11199166200594442,0.9875851582269972,-6.46989493062074,6.6475765443491746,6.443887284423832,6.48486141507953,6.584343949381855
05/17/2023 16:16:12.098117,3898,True,True,True,True,Eyes,1.118001,-0.2614231,-3.458065,0.02334344,0.3545676,0.9347389,0.0,0.0,0.0,0.0,0.0,0.0,0.0,-1.530329,-0.6373986,3.253608,1.112633,-0.2643123,-3.467901,-0.1238302,0.06279381,-0.02285836,0.9900508,345.9762,7.700388,356.4063,0.306814,-0.07177922,-0.9490586,0,0,0,1.232918,0.05228924,-2.642826,0.00203979,0.1054609,0.8856229,0.9910688,-0.06081342,-0.118677,0.02971033,0.9682872,-0.2480671,0.1299992,0.2423257,0.961446,moving,-6.3184102500274175,6.477641375031829,0.13196491580322744,6.790862943924148,0.12028499999999998,0.31660154,0.825075,-0.10935952118476953,0.11213883911146985,0.9876564616418875,-6.42408921202466,6.655467762915085,6.417054308627428,6.4579754978773405,6.5574520647923595
05/17/2023 16:16:12.117762,3899,True,True,True,True,Eyes,1.117985,-0.2614177,-3.458092,0.02849724,0.3544638,0.9346353,0.0,0.0,0.0,0.0,0.0,0.0,0.0,-1.546154,-0.6375347,3.246121,1.112995,-0.2642905,-3.467815,-0.1238513,0.06514344,-0.02300766,0.989893,345.9835,7.978517,356.3547,0.3068158,-0.07177597,-0.9490583,0,0,0,1.237374,0.05227052,-2.642993,0.001987137,0.1054548,0.8859389,0.990454,-0.06168643,-0.123271,0.02941405,0.968263,-0.2481966,0.1346691,0.2422014,0.9608344,moving,-6.289030939756055,6.473813892758661,0.12851266885730459,6.788074372231155,0.12437900000000002,0.31656101999999997,0.8248219999999997,-0.10885380373875211,0.11207911480788284,0.9877190610895561,-6.394674823931686,6.651484018456016,6.384567794224516,6.425233506839457,6.524617382714724
05/17/2023 16:16:12.128518,3900,True,True,True,True,Eyes,1.117936,-0.2614113,-3.458112,0.03389176,0.3543057,0.9345153,0.0,0.0,0.0,0.0,0.0,0.0,0.0,-1.561056,-0.6367744,3.239207,1.11321,-0.2643461,-3.467813,-0.123732,0.06737617,-0.02318944,0.9897541,346.007,8.242583,356.3024,0.3068168,-0.07177287,-0.9490582,0,0,0,1.241969,0.05225122,-2.643166,0.002388023,0.1057702,0.8863757,0.9898454,-0.06257685,-0.1276331,0.02923051,0.9683053,-0.2480533,0.1391102,0.2418036,0.9603016,moving,-6.233763900655458,6.483457963160557,0.15436265710019892,6.804862673037443,0.12875900000000007,0.31659731999999996,0.8246470000000001,-0.1078988366857166,0.11225713407275821,0.9878037271007424,-6.339461915373792,6.661037999793893,6.355583027004614,6.396206837293036,6.495417085507337
05/17/2023 16:16:12.147868,3901,True,True,True,True,Eyes,1.1179,-0.2614077,-3.458135,0.03924798,0.3541325,0.9343714,0.0,0.0,0.0,0.0,0.0,0.0,0.0,-1.575905,-0.6359068,3.232319,1.113598,-0.2643846,-3.467815,-0.1235594,0.06958375,-0.02345363,0.9896167,346.0374,8.504547,356.2414,0.3068163,-0.07176989,-0.9490586,0,0,0,1.246743,0.05223117,-2.643345,0.002797604,0.1061734,0.8868166,0.9892161,-0.06361566,-0.1319266,0.02922475,0.968366,-0.2478169,0.1435183,0.2412889,0.9597823,moving,-6.180201725508607,6.498274442678423,0.18074804894325625,6.827194541474221,0.13314499999999985,0.31661577,0.8244699999999998,-0.10697211281471589,0.11252391295874885,0.9878742231279739,-6.285991207414427,6.675833371413933,6.328787548810847,6.369448207222589,6.468510401438614
05/17/2023 16:16:12.168228,3902,True,True,True,True,Eyes,1.117798,-0.2614021,-3.458144,0.04476166,0.3539086,0.9342083,0.0,0.0,0.0,0.0,0.0,0.0,0.0,-1.590896,-0.6348681,3.225366,1.113864,-0.2644418,-3.467906,-0.1233971,0.07182792,-0.02362954,0.9894725,346.0662,8.769593,356.1903,0.3068148,-0.07176708,-0.9490593,0,0,0,1.251178,0.05221255,-2.643512,0.002949402,0.1065322,0.8873516,0.9885648,-0.06448827,-0.1363118,0.02903485,0.9684296,-0.2475905,0.1479751,0.2408015,0.9592278,moving,-6.119145199774945,6.5097220877398865,0.19044047970877986,6.845956541674885,0.13731399999999994,0.31665435000000003,0.8243940000000003,-0.10591679203044153,0.1127340899294545,0.9879639210429514,-6.225000139844549,6.687191091584548,6.278049458285963,6.318538205531328,6.417404834600759
05/17/2023 16:16:12.178337,3903,True,True,True,True,Eyes,1.11771,-0.2613975,-3.458157,0.05023378,0.3536664,0.9340218,0.0,0.0,0.0,0.0,0.0,0.0,0.0,-1.606697,-0.6333495,3.217965,1.11425,-0.2645099,-3.467909,-0.123111,0.07419002,-0.02395161,0.9893261,346.1111,9.04977,356.1217,0.3068109,-0.07176445,-0.9490608,0,0,0,1.255976,0.0521924,-2.643692,0.00307776,0.1071633,0.8878211,0.9878443,-0.06565912,-0.1408988,0.02912469,0.96854,-0.2471478,0.1526936,0.2400399,0.9586791,moving,-6.0779225329464435,6.534022300945451,0.19862329466234355,6.882517312985895,0.14172600000000002,0.3167023,0.824217,-0.10520080719549775,0.11316174395528794,0.9879915424170908,-6.183939838842568,6.711631153057055,6.245623164176742,6.286213192335299,6.384850368867799
05/17/2023 16:16:12.197880,3904,True,True,True,True,Eyes,1.117538,-0.2613911,-3.458154,0.05580394,0.3534136,0.9338013,0.0,0.0,0.0,0.0,0.0,0.0,0.0,-1.621564,-0.6321911,3.2109,1.11446,-0.2645224,-3.468,-0.1228886,0.0764373,-0.02421291,0.9891763,346.1479,9.315963,356.0615,0.306805,-0.071762,-0.9490629,0,0,0,1.260161,0.05217482,-2.643849,0.002983734,0.1075871,0.8883501,0.9871421,-0.06668822,-0.1452689,0.02911513,0.9686242,-0.2468184,0.1571709,0.2394154,0.9581115,moving,-6.016296043089018,6.551175851448023,0.19244070838571464,6.905398324203296,0.14570100000000008,0.31669722,0.8241510000000001,-0.10413439088025975,0.11347033711726516,0.9880691430748482,-6.122419345522968,6.728761704248426,6.178468485027011,6.218833138886899,6.31732997364873
05/17/2023 16:16:12.217776,3905,True,True,True,True,Eyes,1.117383,-0.2613866,-3.458156,0.06132619,0.3531462,0.9335561,0.0,0.0,0.0,0.0,0.0,0.0,0.0,-1.636589,-0.6314428,3.20358,1.114771,-0.2646321,-3.468044,-0.1227389,0.07870118,-0.02448231,0.9890107,346.1768,9.584663,355.9994,0.3067955,-0.07175972,-0.9490661,0,0,0,1.264752,0.05215554,-2.644022,0.003157705,0.1079969,0.8889257,0.9864135,-0.06774591,-0.1496627,0.02910713,0.9686716,-0.2466337,0.1616824,0.2389265,0.9574826,moving,-5.959307063866227,6.559252322172005,0.20352928085250807,6.927000979187699,0.14998100000000014,0.31678764,0.8240219999999998,-0.10314977014292112,0.11362133602744894,0.98815507331611,-6.065472861928242,6.736722669743481,6.133616903329585,6.173798740364235,6.271889165254325
05/17/2023 16:16:12.228474,3906,True,True,True,True,Eyes,1.117141,-0.2613747,-3.458144,0.06689247,0.3528615,0.9332814,0.0,0.0,0.0,0.0,0.0,0.0,0.0,-1.651199,-0.6303574,3.19649,1.11498,-0.2646695,-3.468159,-0.1225534,0.08091441,-0.02468101,0.9888501,346.2091,9.846175,355.9468,0.3067831,-0.07175763,-0.9490703,0,0,0,1.26923,0.05213673,-2.64419,0.003424913,0.1083743,0.8895659,0.9856874,-0.06864431,-0.1539749,0.02897896,0.9687431,-0.2463679,0.1660739,0.2383797,0.9568671,moving,-5.892145082955009,6.571135592565492,0.22059308984926954,6.946017717590914,0.15425,0.31680623,0.823969,-0.10198881098248704,0.11383997146092024,0.9882503506921041,-5.998377828107579,6.74849844080548,6.084202074806061,6.124222773293128,6.222106809039434
05/17/2023 16:16:12.248251,3907,True,True,True,True,Eyes,1.116922,-0.2613587,-3.458134,0.07240521,0.3526018,0.9329681,0.0,0.0,0.0,0.0,0.0,0.0,0.0,-1.665294,-0.6297877,3.189569,1.11533,-0.2646556,-3.46831,-0.122458,0.08302968,-0.02481841,0.9886832,346.2301,10.09592,355.9019,0.306766,-0.07175559,-0.9490759,0,0,0,1.273782,0.05211761,-2.644361,0.003816232,0.1085258,0.8902543,0.9849802,-0.06941038,-0.1581016,0.0287398,0.9687762,-0.2462655,0.1702585,0.2380229,0.9562203,moving,-5.815177407765974,6.574598794221427,0.24560695517965803,6.950306828897908,0.15845200000000004,0.31677320999999997,0.8239489999999998,-0.1006602904858567,0.11391519807623969,0.9883778897681534,-5.921414457771498,6.751715542080293,6.032668827118032,6.072418267992313,6.170218116646927
05/17/2023 16:16:12.268107,3908,True,True,True,True,Eyes,1.116617,-0.261338,-3.458109,0.07791559,0.3523597,0.9326156,0.0,0.0,0.0,0.0,0.0,0.0,0.0,-1.679415,-0.6320957,3.181834,1.115601,-0.264552,-3.468356,-0.1227809,0.08518282,-0.02496624,0.9884561,346.2035,10.35314,355.8504,0.3067452,-0.07175347,-0.9490828,0,0,0,1.278662,0.05209712,-2.644544,0.004560873,0.1078793,0.8909894,0.9842411,-0.0702737,-0.1622682,0.02843843,0.9686031,-0.2469803,0.1745297,0.2384736,0.9553375,moving,-5.742081646226915,6.530842524660483,0.29328799128976857,6.903659102328022,0.1630609999999999,0.31664912,0.8238120000000002,-0.09940774330391076,0.11317467459485411,0.9885897269919768,-5.847987300157756,6.70715616511008,6.007770551732399,6.046873478256512,6.144418248270471
05/17/2023 16:16:12.277916,3909,True,True,True,True,Eyes,1.116336,-0.2613138,-3.458086,0.08337021,0.3521407,0.9322265,0.0,0.0,0.0,0.0,0.0,0.0,0.0,-1.693253,-0.6340232,3.174336,1.1159,-0.2646102,-3.468465,-0.1230424,0.08729152,-0.02517289,0.9882344,346.1846,10.60564,355.7932,0.3067192,-0.07175123,-0.9490914,0,0,0,1.28287,0.05207944,-2.644702,0.004634827,0.1074693,0.8917317,0.983493,-0.07123453,-0.1663343,0.02827232,0.9684538,-0.2475841,0.1787236,0.2387946,0.9544815,moving,-5.668910877970548,6.495823312464723,0.29779544073050446,6.872002853130956,0.16697000000000006,0.31668964,0.823763,-0.0981517790347346,0.11258452320543291,0.9887825166441335,-5.774547420778784,6.6714393091716255,5.940294463144091,5.978552947030153,6.0756541674858635
05/17/2023 16:16:12.298094,3910,True,True,True,True,Eyes,1.11601,-0.2612867,-3.458057,0.08882567,0.3519505,0.9317945,0.0,0.0,0.0,0.0,0.0,0.0,0.0,-1.706576,-0.6369652,3.166741,1.116122,-0.2645151,-3.468527,-0.1233854,0.0893505,-0.0254956,0.9879994,346.1575,10.8546,355.722,0.306689,-0.07174876,-0.9491014,0,0,0,1.28728,0.05206092,-2.644868,0.005033538,0.1068058,0.8924667,0.982733,-0.07242837,-0.1702649,0.02833018,0.9682521,-0.2483655,0.182848,0.2392533,0.9535851,moving,-5.59309146040978,6.4534581593703875,0.3231464271750602,6.824406275995365,0.17115799999999992,0.31657602,0.8236589999999997,-0.09685114074908341,0.11186771020318026,0.9889922225583713,-5.698405805735913,6.628277693304435,5.890387450844497,5.927855704023332,6.024745448118408
05/17/2023 16:16:12.317906,3911,True,True,True,True,Eyes,1.115705,-0.2612615,-3.458033,0.09421659,0.3517662,0.9313344,0.0,0.0,0.0,0.0,0.0,0.0,0.0,-1.719256,-0.6403628,3.159462,1.116368,-0.2645534,-3.468695,-0.1238042,0.09130985,-0.0258304,0.9877591,346.1217,11.09268,355.6498,0.3066539,-0.07174605,-0.949113,0,0,0,1.291924,0.05204142,-2.645042,0.005775064,0.1061244,0.8933975,0.9819906,-0.07363752,-0.1739884,0.02841934,0.9680105,-0.2492946,0.1867801,0.2398603,0.9526701,moving,-5.509930585107916,6.403136719090992,0.37036390295734467,6.774275159552565,0.17555600000000005,0.31659482,0.8236529999999997,-0.09542476552923743,0.11101441578633024,0.9892269221611073,-5.61486405085402,6.577036023585704,5.8552870013151415,5.891995163640151,5.988477013051143
05/17/2023 16:16:12.329084,3912,True,True,True,True,Eyes,1.115357,-0.2612275,-3.457998,0.09956437,0.351599,0.9308411,0.0,0.0,0.0,0.0,0.0,0.0,0.0,-1.731762,-0.6416459,3.152535,1.116507,-0.2645837,-3.468803,-0.1239406,0.09324899,-0.02608522,0.9875541,346.1175,11.3253,355.5907,0.306615,-0.07174316,-0.9491257,0,0,0,1.296517,0.05202213,-2.645215,0.006643355,0.1059436,0.894244,0.9812484,-0.07463581,-0.1777108,0.02840646,0.9679165,-0.249661,0.1906428,0.2399313,0.9518868,moving,-5.425226104513356,6.387052009238299,0.42564356155818417,6.756498516455439,0.18001,0.31660583,0.823588,-0.09396498681578795,0.11075215642847737,0.9893960860660698,-5.530022427247558,6.560439674199739,5.826132165074328,5.862522202179796,5.958892215827043
05/17/2023 16:16:12.348426,3913,True,True,True,True,Eyes,1.115033,-0.2611945,-3.45797,0.104841,0.3514559,0.9303156,0.0,0.0,0.0,0.0,0.0,0.0,0.0,-1.74361,-0.6450318,3.145486,1.116751,-0.2644785,-3.468896,-0.1243889,0.095083,-0.02629701,0.9873173,346.0768,11.54735,355.5339,0.3065716,-0.0717399,-0.94914,0,0,0,1.30104,0.05200313,-2.645385,0.007551685,0.1050693,0.8950964,0.9805353,-0.07558152,-0.181212,0.02827243,0.9676717,-0.2506235,0.1942963,0.2406219,0.9509732,moving,-5.331062023273595,6.336696368528975,0.4833774477670821,6.694926022772231,0.18428899999999993,0.31648163,0.8235109999999999,-0.09234760744229807,0.10989925956098412,0.9896434068273284,-5.435474307385138,6.509122215789348,5.789822933880574,5.825464346090793,5.921767401220505
05/17/2023 16:16:12.368113,3914,True,True,True,True,Eyes,1.114695,-0.2611617,-3.457925,0.1101199,0.3513317,0.9297525,0.0,0.0,0.0,0.0,0.0,0.0,0.0,-1.755701,-0.6471955,3.138565,1.116983,-0.2644807,-3.469055,-0.1247495,0.09694053,-0.02632023,0.9870905,346.0441,11.76896,355.4998,0.3065247,-0.07173631,-0.9491553,0,0,0,1.305714,0.0519835,-2.64556,0.008633986,0.1044068,0.8960677,0.9798195,-0.07614744,-0.1848113,0.02777433,0.9674896,-0.251381,0.197945,0.241175,0.9500802,moving,-5.234378239861226,6.297915224128534,0.5520516471953186,6.645944583739715,0.18873099999999998,0.31646420000000003,0.8234949999999999,-0.09068407383696556,0.10924616018650316,0.9898695582216813,-5.338488356671018,6.469509910667531,5.76179899381737,5.796886687953507,5.893181715424335
05/17/2023 16:16:12.388301,3915,True,True,True,True,Eyes,1.114378,-0.2611276,-3.457891,0.1153119,0.351202,0.9291719,0.0,0.0,0.0,0.0,0.0,0.0,0.0,-1.768741,-0.6496499,3.130592,1.11728,-0.2645406,-3.468832,-0.1252384,0.09894462,-0.02621317,0.9868325,345.9959,12.00707,355.4768,0.3064745,-0.07173247,-0.9491718,0,0,0,1.310074,0.05196518,-2.645724,0.009200484,0.1036143,0.8966781,0.9790456,-0.07651934,-0.1887177,0.02695267,0.9672564,-0.2523659,0.2018493,0.2419913,0.9490506,moving,-5.15543896664036,6.243484516706075,0.5878702784578058,6.591494164492738,0.1927939999999999,0.31650578,0.823108,-0.08932931315622825,0.10831905679772703,0.9900946190040159,-5.259140018736291,6.414125036833184,5.719580259594497,5.753843219951571,5.84969992588855
05/17/2023 16:16:12.397997,3916,True,True,True,True,Eyes,1.114061,-0.2610891,-3.457862,0.1204647,0.3510691,0.9285681,0.0,0.0,0.0,0.0,0.0,0.0,0.0,-1.779239,-0.6495949,3.125015,1.11742,-0.2644822,-3.469122,-0.1252314,0.100561,-0.02627084,0.9866684,346.0048,12.19811,355.4468,0.3064217,-0.07172834,-0.9491892,0,0,0,1.314736,0.0519456,-2.645899,0.01073527,0.1035379,0.8977306,0.9783947,-0.077028,-0.1918609,0.0266544,0.9672539,-0.2524074,0.2050206,0.2418401,0.9484091,moving,-5.04014591926885,6.247429469491779,0.6851235175794227,6.579022163627102,0.19731599999999982,0.3164278,0.823223,-0.08733597987585899,0.10840645632528563,0.9902628136533388,-5.143844557825184,6.417686305136127,5.700609130263432,5.734863890216825,5.831200398144545
05/17/2023 16:16:12.418149,3917,True,True,True,True,Eyes,1.113765,-0.2610482,-3.45784,0.1255457,0.3509659,0.9279338,0.0,0.0,0.0,0.0,0.0,0.0,0.0,-1.789854,-0.6537845,3.118443,1.117708,-0.2644047,-3.469368,-0.1258086,0.1022068,-0.0264543,0.986421,345.9486,12.39904,355.3936,0.3063665,-0.07172381,-0.9492074,0,0,0,1.319227,0.05192675,-2.646068,0.01185296,0.1024142,0.8988159,0.9777079,-0.07790714,-0.1949815,0.02647315,0.9669448,-0.2536081,0.2082942,0.2427929,0.9474519,moving,-4.934841151496878,6.185718710578427,0.7555331621498349,6.500444509679598,0.201519,0.31633145,0.8232999999999997,-0.08552561121148224,0.10735674589474145,0.9905351189491138,-5.038071825374805,6.354834609074084,5.665656392719126,5.699071166254214,5.795434495758255
05/17/2023 16:16:12.428849,3918,True,True,True,True,Eyes,1.113468,-0.2610061,-3.45781,0.1305967,0.3508478,0.9272812,0.0,0.0,0.0,0.0,0.0,0.0,0.0,-1.800097,-0.6585482,3.111766,1.11786,-0.2643364,-3.46953,-0.1263324,0.1038444,-0.02696739,0.9861689,345.9027,12.60342,355.3026,0.3063097,-0.07171884,-0.9492261,0,0,0,1.3237,0.05190796,-2.646236,0.01296805,0.1014862,0.8998474,0.9769782,-0.07942663,-0.1980026,0.02695099,0.9666258,-0.2547709,0.21163,0.2435692,0.9465129,moving,-4.839198673924826,6.130317103747178,0.8256545515352387,6.434717216380272,0.20584000000000002,0.31624436,0.8232939999999997,-0.08388057460541802,0.10641385069372503,0.9907775947575563,-4.942008934212509,6.298404581160154,5.6403135913120535,5.673025779473978,5.769274063463142
05/17/2023 16:16:12.448290,3919,True,True,True,True,Eyes,1.113181,-0.2609693,-3.457786,0.1355509,0.3507307,0.9266143,0.0,0.0,0.0,0.0,0.0,0.0,0.0,-1.810205,-0.6619095,3.105139,1.117962,-0.2643255,-3.46946,-0.1266816,0.1054691,-0.02743383,0.9859389,345.8764,12.80432,355.2196,0.3062514,-0.07171346,-0.9492453,0,0,0,1.3283,0.05188864,-2.646409,0.01433472,0.1009853,0.9006897,0.9762473,-0.08081812,-0.2010214,0.02737418,0.9663984,-0.2555873,0.2149228,0.2440137,0.9456561,moving,-4.746549145100457,6.095457160405621,0.9118008360525203,6.39728370812107,0.21033800000000014,0.31621414,0.8230510000000004,-0.08228353933275406,0.1058251610527926,0.9909745636598428,-4.849086269383885,6.262776031581095,5.634034711764013,5.666394248031081,5.7624571631059975
05/17/2023 16:16:12.472536,3920,True,True,True,True,Eyes,1.112925,-0.2609414,-3.457769,0.1404433,0.3505485,0.9259543,0.0,0.0,0.0,0.0,0.0,0.0,0.0,-1.818579,-0.6628796,3.100199,1.117913,-0.2644286,-3.469615,-0.1267849,0.1068086,-0.02764005,0.9857756,345.8738,12.96597,355.1745,0.3061921,-0.07170782,-0.9492648,0,0,0,1.33297,0.05186902,-2.646584,0.01647529,0.1009541,0.9017814,0.9756559,-0.08157721,-0.20357,0.02741033,0.9663233,-0.2558672,0.2175874,0.2440585,0.945035,moving,-4.618439951660017,6.085457528576459,1.0466611730850082,6.387645435754527,0.21505700000000005,0.31629762,0.8230310000000003,-0.08006889794093863,0.10567131928344045,0.9911722761049416,-4.72087182671469,6.252175985965911,5.640776904438694,5.673155055595784,5.769123752841893
05/17/2023 16:16:12.478256,3921,True,True,True,True,Eyes,1.112682,-0.2609121,-3.457757,0.1452193,0.3503643,0.9252871,0.0,0.0,0.0,0.0,0.0,0.0,0.0,-1.82673,-0.6592504,3.096337,1.117986,-0.2645777,-3.469721,-0.1263461,0.1080509,-0.02751421,0.9857001,345.9285,13.10691,355.1776,0.3061324,-0.07170217,-0.9492845,0,0,0,1.337336,0.05185069,-2.646748,0.01851213,0.1018774,0.9026647,0.975136,-0.08154514,-0.2060589,0.0269379,0.9665592,-0.2550246,0.2199642,0.2431329,0.9447233,moving,-4.477658867575112,6.137301794306294,1.1748750715850285,6.43932144427114,0.21935000000000016,0.31642839,0.8229729999999997,-0.07762561335585165,0.10658880532092328,0.991268427805898,-4.580423151126728,6.304120914148058,5.627660832016836,5.660596770864548,5.756886034627979
05/17/2023 16:16:12.498072,3922,True,True,True,True,Eyes,1.112478,-0.2608902,-3.457753,0.1499057,0.3501025,0.9246386,0.0,0.0,0.0,0.0,0.0,0.0,0.0,-1.834039,-0.6580189,3.092427,1.118026,-0.2645085,-3.469848,-0.1262959,0.1091722,-0.02725062,0.9855904,345.9362,13.2349,355.1927,0.3060728,-0.07169645,-0.9493042,0,0,0,1.341988,0.05183115,-2.646923,0.0211473,0.1018673,0.9036654,0.9746776,-0.08129189,-0.2083148,0.0261399,0.9666135,-0.2549021,0.2220814,0.243002,0.9442616,moving,-4.324010217793947,6.1390082733307265,1.3405735443691664,6.4316181292823655,0.223962,0.31633965,0.8229249999999997,-0.07496666380023356,0.10664008799083144,0.9914675541643664,-4.426745963210346,6.305273088665141,5.639031879552966,5.672136257739411,5.768703266055185
05/17/2023 16:16:12.517776,3923,True,True,True,True,Eyes,1.112284,-0.2608711,-3.457753,0.1544697,0.3498169,0.9239953,0.0,0.0,0.0,0.0,0.0,0.0,0.0,-1.840886,-0.6555225,3.089032,1.118139,-0.2646081,-3.469933,-0.1260415,0.1102092,-0.02706907,0.9855124,345.968,13.35241,355.2027,0.3060142,-0.07169084,-0.9493235,0,0,0,1.346413,0.05181257,-2.647089,0.02359372,0.1024112,0.9045765,0.9742424,-0.08113566,-0.2104013,0.02557194,0.9667616,-0.2543975,0.2240486,0.2424645,0.9439349,moving,-4.170213749513599,6.163070425549486,1.4940849723433263,6.459211196340363,0.2282740000000001,0.31642067,0.8228440000000004,-0.07230162784884664,0.10707758667976053,0.9916183394870405,-4.273080338158868,6.329050953279324,5.638572441663141,5.672034852374817,5.7686339290627195
05/17/2023 16:16:12.538167,3924,True,True,True,True,Eyes,1.112134,-0.2608533,-3.457761,0.1589731,0.3494898,0.923355,0.0,0.0,0.0,0.0,0.0,0.0,0.0,-1.846673,-0.6527444,3.086298,1.118166,-0.2646495,-3.47004,-0.1256802,0.1110978,-0.02700102,0.9854606,346.0127,13.45315,355.2032,0.3059565,-0.07168539,-0.9493425,0,0,0,1.350915,0.05179366,-2.647258,0.02641164,0.1031275,0.9055083,0.9738564,-0.08114248,-0.212178,0.02529129,0.9669508,-0.2537054,0.225752,0.2417063,0.9437235,moving,-4.006148094626223,6.197775920282219,1.6707153069387046,6.497367823068824,0.2327490000000001,0.31644316,0.8227820000000001,-0.06945715157344096,0.10770003421129705,0.9917542183317598,-4.10921870454617,6.363562548851604,5.650736576313349,5.684763265804709,5.781482597788216
05/17/2023 16:16:12.548190,3925,True,True,True,True,Eyes,1.111991,-0.2608342,-3.457775,0.1633483,0.3491628,0.9227148,0.0,0.0,0.0,0.0,0.0,0.0,0.0,-1.852069,-0.6512082,3.083534,1.118346,-0.2645992,-3.470116,-0.1254716,0.1119127,-0.02697792,0.9853958,346.0403,13.54711,355.1973,0.3059008,-0.07168007,-0.9493608,0,0,0,1.355397,0.05177483,-2.647427,0.02918199,0.1034974,0.9063883,0.9734954,-0.08125158,-0.2137867,0.02508411,0.9670581,-0.2533167,0.2273266,0.24124,0.9434648,moving,-3.8421172843307825,6.215000708704358,1.8440523820710222,6.514196183695438,0.2370509999999999,0.31637403,0.822689,-0.06661527669479989,0.10801915533921018,0.9919144101919525,-3.945267268103553,6.380382000037091,5.659662923480783,5.694035775033657,5.790865932453075
05/17/2023 16:16:12.557836,3926,True,True,True,True,Eyes,1.111898,-0.2608176,-3.457794,0.1676598,0.3488453,0.9220613,0.0,0.0,0.0,0.0,0.0,0.0,0.0,-1.856394,-0.6509944,3.08115,1.118357,-0.2645529,-3.470269,-0.1254103,0.1125957,-0.02705935,0.9853234,346.0517,13.62823,355.179,0.3058471,-0.07167482,-0.9493786,0,0,0,1.360557,0.05175316,-2.647621,0.03295267,0.1036468,0.9075418,0.97318,-0.08156573,-0.2150993,0.02508311,0.9670801,-0.2532329,0.2286734,0.2410459,0.943189,moving,-3.6694530072686473,6.216744313780876,2.0794853024178144,6.515298364016916,0.24219999999999997,0.31630606,0.822648,-0.06362542689929665,0.10807046777611905,0.9921050709840935,-3.77256967971322,6.38150059287977,5.7217859339591906,5.756685349182547,5.853584317104003
05/17/2023 16:16:12.577838,3927,True,True,True,True,Eyes,1.111807,-0.2608032,-3.457814,0.1718408,0.3485337,0.9214092,0.0,0.0,0.0,0.0,0.0,0.0,0.0,-1.860514,-0.6526235,3.078227,1.118389,-0.2645216,-3.47018,-0.1255651,0.1132723,-0.02730456,0.9852195,346.0407,13.71273,355.1383,0.3057962,-0.07166966,-0.9493953,0,0,0,1.364625,0.05173608,-2.647774,0.03562061,0.1034915,0.9083085,0.9728477,-0.08224808,-0.2163392,0.02535588,0.9669757,-0.2536041,0.2300532,0.2412327,0.9428055,moving,-3.5077800224886357,6.194709153256395,2.245784690264165,6.500175513228697,0.2462359999999999,0.31625768000000004,0.822406,-0.06082813793214686,0.10770773069721867,0.9923199568731516,-3.6106967268645977,6.35859375618615,5.72685560394203,5.761667866244022,5.858192552579829
05/17/2023 16:16:12.598104,3928,True,True,True,True,Eyes,1.111772,-0.2607868,-3.457846,0.1759731,0.3482186,0.9207482,0.0,0.0,0.0,0.0,0.0,0.0,0.0,-1.863798,-0.6530337,3.076178,1.118306,-0.2645627,-3.470225,-0.1255881,0.1138151,-0.02743692,0.9851502,346.0426,13.77877,355.1147,0.3057481,-0.07166465,-0.9494112,0,0,0,1.368909,0.05171808,-2.647934,0.03886142,0.1036024,0.90926,0.9725867,-0.08264664,-0.2173585,0.02547132,0.9669496,-0.2536918,0.2311415,0.2412009,0.9425475,moving,-3.330745969439629,6.187695876910932,2.447309989333072,6.500330239357944,0.2506029999999999,0.31628078,0.8222910000000003,-0.0577623977319787,0.1076058966621607,0.9925142062079492,-3.433565758580763,6.350833131496758,5.751476100161155,5.786507660695816,5.882775615953745
05/17/2023 16:16:12.617682,3929,True,True,True,True,Eyes,1.11174,-0.260769,-3.457877,0.1799731,0.3479676,0.9200697,0.0,0.0,0.0,0.0,0.0,0.0,0.0,-1.867352,-0.6532624,3.074055,1.118407,-0.2643963,-3.470278,-0.125649,0.1143599,-0.02735653,0.9850817,346.0372,13.84237,355.1153,0.3057036,-0.07165964,-0.9494259,0,0,0,1.373431,0.05169909,-2.648104,0.04226117,0.103385,0.9101912,0.9723468,-0.08263525,-0.2184331,0.02515842,0.9669279,-0.253806,0.2321824,0.241292,0.9422683,moving,-3.155757557837567,6.178687026132976,2.658396257684638,6.480226230071395,0.25502400000000014,0.31609539,0.822174,-0.05473169277316954,0.10746821731426755,0.9927008836023755,-3.25846674307036,6.3410604348503865,5.786753152591186,5.8219679217652205,5.918499378074052
05/17/2023 16:16:12.628444,3930,True,True,True,True,Eyes,1.111778,-0.2607596,-3.457918,0.1839823,0.3476738,0.9193875,0.0,0.0,0.0,0.0,0.0,0.0,0.0,-1.870708,-0.6570724,3.071232,1.118428,-0.2643573,-3.470301,-0.1263769,0.1148919,-0.02704781,0.9849351,345.9522,13.90699,355.1321,0.3056626,-0.0716546,-0.9494395,0,0,0,1.378103,0.05167947,-2.64828,0.04600106,0.1020262,0.91132,0.9721366,-0.08232004,-0.2194857,0.02424129,0.9665946,-0.2551613,0.2331586,0.242731,0.9416575,moving,-2.9720453102498414,6.088736896664167,2.889689106176498,6.387909777737172,0.2596750000000001,0.31603677,0.8220209999999999,-0.05155700700034066,0.10592753492262409,0.9930363364199536,-3.0740643800075063,6.249334184775144,5.834755976464252,5.869364086635498,5.965363261272245
05/17/2023 16:16:12.649042,3931,True,True,True,True,Eyes,1.111814,-0.2607489,-3.457957,0.1878717,0.3473998,0.9187043,0.0,0.0,0.0,0.0,0.0,0.0,0.0,-1.87441,-0.6579828,3.068755,1.118613,-0.2644275,-3.470215,-0.1264939,0.1154672,-0.02716179,0.9848497,345.9433,13.97744,355.1087,0.3056262,-0.07164972,-0.9494516,0,0,0,1.382537,0.05166085,-2.648446,0.04909956,0.1020147,0.9121699,0.9718592,-0.08271232,-0.220564,0.02428878,0.9665231,-0.2554275,0.2343072,0.2428823,0.9413333,moving,-2.811901257093888,6.07306859570343,3.0810985111355547,6.381293652533842,0.2639239999999998,0.31608834999999996,0.8217690000000002,-0.048782573740170226,0.10567071942901918,0.9932038799229783,-2.9137661665615657,6.232876986865323,5.866286467896215,5.90105490179598,5.996701594255692
05/17/2023 16:16:12.667942,3932,True,True,True,True,Eyes,1.111892,-0.260743,-3.458004,0.1918975,0.347076,0.9179943,0.0,0.0,0.0,0.0,0.0,0.0,0.0,-1.877622,-0.6595979,3.066407,1.118583,-0.2643935,-3.470195,-0.126702,0.1160001,-0.02727002,0.9847574,345.9236,14.04363,355.0851,0.3055941,-0.07164494,-0.9494622,0,0,0,1.38719,0.0516413,-2.648621,0.05269288,0.1017342,0.9131731,0.9716007,-0.0831036,-0.2215536,0.0243138,0.9664059,-0.2558682,0.2353743,0.2432149,0.9409811,moving,-2.638591793636678,6.044857312377248,3.30247955589916,6.356957747478398,0.2686069999999998,0.3160348,0.821574,-0.0457804041954295,0.10519663514635165,0.993397079550936,-2.7402096095571,6.203675733879411,5.914392405142379,5.94926343860027,6.0446329686768765
05/17/2023 16:16:12.677974,3933,True,True,True,True,Eyes,1.111966,-0.2607382,-3.458047,0.1957949,0.3467702,0.9172867,0.0,0.0,0.0,0.0,0.0,0.0,0.0,-1.880733,-0.6600937,3.064438,1.118662,-0.2644174,-3.470207,-0.1267204,0.1164961,-0.02743417,0.9846919,345.9263,14.10461,355.0585,0.3055668,-0.07164034,-0.9494714,0,0,0,1.391635,0.05162264,-2.648788,0.05600348,0.1018584,0.9141192,0.9713521,-0.08355324,-0.2224725,0.02450356,0.9663786,-0.2559529,0.2363784,0.243169,0.9407412,moving,-2.4700945199292383,6.040035912994525,3.505841987494092,6.358121503193559,0.2729729999999999,0.31604004,0.8214189999999997,-0.042859118775950514,0.10512668678448474,0.9935348912516387,-2.57163331281562,6.198165459264882,5.949231462002475,5.9843960082407,6.079579916561993
05/17/2023 16:16:12.697912,3934,True,True,True,True,Eyes,1.112079,-0.2607373,-3.458094,0.1998028,0.3464139,0.9165567,0.0,0.0,0.0,0.0,0.0,0.0,0.0,-1.883674,-0.6606444,3.06247,1.118626,-0.2644437,-3.47018,-0.1268575,0.1169696,-0.02736059,0.98462,345.912,14.16063,355.058,0.3055438,-0.07163595,-0.9494791,0,0,0,1.396299,0.05160305,-2.648963,0.05979235,0.101715,0.9151304,0.971139,-0.08355653,-0.2233995,0.02420262,0.9663171,-0.2562136,0.2372831,0.2434122,0.9404505,moving,-2.2859364769440433,6.017351925782777,3.7382506112917095,6.342284877069268,0.27767300000000006,0.31604675,0.8212169999999999,-0.03966711263099554,0.1047471380376644,0.9937074471716404,-2.3872647177912043,6.174517803374815,5.997589368695751,6.032943849970602,6.1278123207100395
05/17/2023 16:16:12.717791,3935,True,True,True,True,Eyes,1.112186,-0.2607381,-3.458139,0.2036935,0.346042,0.9158405,0.0,0.0,0.0,0.0,0.0,0.0,0.0,-1.886957,-0.6611025,3.060325,1.118801,-0.2644591,-3.470101,-0.1269257,0.1174747,-0.02740829,0.9845499,345.9074,14.22148,355.044,0.3055255,-0.07163181,-0.9494853,0,0,0,1.400824,0.05158404,-2.649133,0.06314027,0.1017252,0.9160095,0.970897,-0.08379076,-0.2243618,0.02414854,0.9662774,-0.2563689,0.238277,0.2434898,0.9401792,moving,-2.1153467671778503,6.002329855513009,3.9431443822324717,6.336877906939164,0.28202300000000013,0.31604314,0.8209680000000001,-0.03670928994203848,0.1044984195498309,0.993847290829954,-2.2165226886297438,6.158675569498467,6.032161074116261,6.067720940039698,6.162244274364141
05/17/2023 16:16:12.727852,3936,True,True,True,True,Eyes,1.112321,-0.2607421,-3.458188,0.2076904,0.3456588,0.9150872,0.0,0.0,0.0,0.0,0.0,0.0,0.0,-1.890551,-0.6592504,3.058513,1.118767,-0.2644981,-3.470115,-0.1266245,0.118048,-0.02750201,0.9845175,345.9461,14.28779,355.0296,0.3055112,-0.07162797,-0.9494902,0,0,0,1.405331,0.05156511,-2.649302,0.06650561,0.1024197,0.9169704,0.9706166,-0.08404793,-0.2254757,0.02425687,0.9664198,-0.2558211,0.2394055,0.2428349,0.9400619,moving,-1.9473968629850136,6.030091504171559,4.1482586618053,6.373155240685577,0.28656400000000004,0.31606321000000004,0.8208129999999998,-0.03379413012956743,0.10499075849638806,0.9938987822070106,-2.048726259374118,6.1861447428548395,6.069032448994551,6.1053017127917295,6.199806048548936
05/17/2023 16:16:12.748337,3937,True,True,True,True,Eyes,1.11245,-0.260745,-3.458233,0.2115724,0.3452795,0.9143408,0.0,0.0,0.0,0.0,0.0,0.0,0.0,-1.894323,-0.6593394,3.056178,1.118861,-0.2645136,-3.4701,-0.1266159,0.1186426,-0.02759594,0.9844445,345.9514,14.35919,355.0102,0.3055014,-0.07162444,-0.9494936,0,0,0,1.409925,0.05154582,-2.649475,0.06979957,0.1025647,0.9179571,0.9703248,-0.08437741,-0.226606,0.02428926,0.9664138,-0.2558407,0.2405823,0.2427444,0.9397846,moving,-1.7883215148433442,6.024098403621752,4.348285859359037,6.375300069924885,0.291064,0.31605942000000004,0.8206250000000002,-0.03103486594321886,0.1048961892294706,0.9939987619145566,-1.8895660288973206,6.179483843144219,6.110037457459814,6.14664889801989,6.2409246249649595
05/17/2023 16:16:12.768223,3938,True,True,True,True,Eyes,1.112594,-0.2607493,-3.458278,0.2155482,0.3448875,0.9135598,0.0,0.0,0.0,0.0,0.0,0.0,0.0,-1.897738,-0.6597319,3.05391,1.118824,-0.2644947,-3.470058,-0.1265912,0.1192121,-0.02781537,0.9843727,345.9603,14.42925,354.9768,0.3054954,-0.07162118,-0.9494958,0,0,0,1.414462,0.05152676,-2.649646,0.07316233,0.1027616,0.9189315,0.9700295,-0.08494376,-0.2276559,0.02457897,0.966402,-0.2558576,0.2417406,0.2425939,0.9395263,moving,-1.6240607015396902,6.021308010405049,4.552101041344091,6.380720974989748,0.29563800000000007,0.31602146000000003,0.8204119999999997,-0.02818517355080881,0.10485663551732455,0.9940878252626513,-1.7252417982613388,6.176045008867696,6.149620345845918,6.186610667673601,6.280678735379923
05/17/2023 16:16:12.778259,3939,True,True,True,True,Eyes,1.112732,-0.2607525,-3.45832,0.2194201,0.3444965,0.9127852,0.0,0.0,0.0,0.0,0.0,0.0,0.0,-1.901712,-0.6584635,3.051698,1.118952,-0.2644835,-3.470006,-0.1263834,0.1198269,-0.02788869,0.9843226,345.9883,14.50096,354.9627,0.3054933,-0.0716182,-0.9494967,0,0,0,1.419064,0.05150744,-2.649818,0.07640943,0.1032443,0.9198515,0.9697275,-0.08519118,-0.2288473,0.02461467,0.966499,-0.2554877,0.242946,0.2421205,0.9393375,moving,-1.466974520429864,6.0378343086625375,4.7484945813954615,6.4040858975803845,0.30011200000000016,0.31599094,0.8201880000000004,-0.025458812295586636,0.10515105443797174,0.9941302453714908,-1.5682318498905417,6.192183503098907,6.1886660452303,6.226250587804041,6.320279695748773
05/17/2023 16:16:12.797917,3940,True,True,True,True,Eyes,1.112876,-0.2607592,-3.458361,0.2235252,0.3440857,0.9119438,0.0,0.0,0.0,0.0,0.0,0.0,0.0,-1.906393,-0.6577185,3.048895,1.118914,-0.2644629,-3.469982,-0.126281,0.12058,-0.02791146,0.9842433,346.0042,14.58921,354.9509,0.3054944,-0.07161544,-0.9494966,0,0,0,1.423592,0.05148842,-2.649989,0.07950878,0.1034882,0.9208757,0.9693629,-0.08539724,-0.2303108,0.0244894,0.9665481,-0.2553134,0.2444095,0.2418512,0.9390272,moving,-1.3101384239709264,6.041284518698526,4.934702847674816,6.4120086791160045,0.304678,0.31595132,0.8199929999999997,-0.02273732146205075,0.10521782984711417,0.9941892178217209,-1.4113788055430332,6.1950885854283575,6.217889590564622,6.255835588565867,6.349787923730497
05/17/2023 16:16:12.818077,3941,True,True,True,True,Eyes,1.113014,-0.2607688,-3.458395,0.2275231,0.3436624,0.9111143,0.0,0.0,0.0,0.0,0.0,0.0,0.0,-1.910828,-0.655292,3.046644,1.119005,-0.264522,-3.469952,-0.1259445,0.1212626,-0.027907,0.9842026,346.0461,14.66667,354.9471,0.3054987,-0.07161298,-0.9494954,0,0,0,1.428238,0.05146891,-2.650163,0.0827308,0.1042334,0.9218571,0.9690331,-0.08547701,-0.2316645,0.02438754,0.9667184,-0.254678,0.2457235,0.2411417,0.9388667,moving,-1.150756363803901,6.070603762203429,5.128193176098603,6.450974828041823,0.30923299999999987,0.31599090999999996,0.8197890000000001,-0.019970561403072726,0.1057328038813377,0.9941939573003332,-1.2521635976153989,6.224166266290724,6.25175658102317,6.290460195595304,6.384386789940107
05/17/2023 16:16:12.837564,3942,True,True,True,True,Eyes,1.11318,-0.2607844,-3.458434,0.2316614,0.3432319,0.9102334,0.0,0.0,0.0,0.0,0.0,0.0,0.0,-1.91574,-0.653164,3.04388,1.118967,-0.2645942,-3.46984,-0.1256533,0.1220482,-0.02792161,0.9841423,346.0836,14.75693,354.9389,0.3055058,-0.07161088,-0.9494933,0,0,0,1.432722,0.05145007,-2.650331,0.0857392,0.104924,0.9228002,0.9686493,-0.08562918,-0.2332086,0.02428616,0.9668632,-0.254137,0.2472423,0.2405059,0.938631,moving,-0.9949604828189046,6.0949454842494895,5.3082250539207925,6.4867724122032255,0.313755,0.31604427,0.819509,-0.017266336956761663,0.10616052345492544,0.9941990750201906,-1.0965000237811569,6.248219602493649,6.275985273125313,6.315352425006396,6.409166152001723
05/17/2023 16:16:12.848376,3943,True,True,True,True,Eyes,1.113338,-0.260799,-3.458472,0.2356877,0.3427731,0.9093723,0.0,0.0,0.0,0.0,0.0,0.0,0.0,-1.920712,-0.6494818,3.041546,1.119065,-0.264679,-3.469813,-0.1250665,0.1228179,-0.02805759,0.9841173,346.1566,14.84436,354.9218,0.3055159,-0.07160924,-0.9494901,0,0,0,1.437223,0.05143117,-2.650501,0.08858469,0.1061906,0.9237419,0.9682571,-0.08594474,-0.2347164,0.02450311,0.9671423,-0.2530521,0.2487527,0.2392682,0.9385483,moving,-0.8470295451634197,6.152686779219682,5.4777804894171815,6.557764974606664,0.31815799999999994,0.31611016999999997,0.8193119999999996,-0.014697782467760254,0.10716680399511147,0.994132446575502,-0.9489416526635266,6.306106176512795,6.2973154332066885,6.337768559825251,6.431647506056943
05/17/2023 16:16:12.868366,3944,True,True,True,True,Eyes,1.113546,-0.2608198,-3.458521,0.2398089,0.3423256,0.9084629,0.0,0.0,0.0,0.0,0.0,0.0,0.0,-1.925411,-0.6460044,3.039319,1.119013,-0.2646593,-3.469835,-0.1245498,0.1235602,-0.02807127,0.9840896,346.2197,14.92744,354.9182,0.3055286,-0.07160801,-0.9494861,0,0,0,1.44228,0.05140993,-2.650691,0.09221716,0.1071911,0.9248807,0.9678898,-0.08602808,-0.236196,0.02447051,0.9673987,-0.2520733,0.2501811,0.2381993,0.9384404,moving,-0.6867942624321856,6.202459639392264,5.693976116788832,6.610927037841237,0.32326699999999997,0.31606923,0.8191439999999997,-0.01191637864722521,0.10803436020127742,0.9940757227428987,-0.7890188528940911,6.355881830768651,6.35224474711378,6.393831108806362,6.48800985160972
05/17/2023 16:16:12.878259,3945,True,True,True,True,Eyes,1.113745,-0.2608405,-3.458566,0.2438208,0.3418756,0.907564,0.0,0.0,0.0,0.0,0.0,0.0,0.0,-1.930315,-0.6428282,3.036905,1.119149,-0.2647106,-3.469808,-0.1241519,0.124302,-0.02795329,0.9840499,346.2672,15.00972,354.928,0.3055449,-0.07160724,-0.949481,0,0,0,1.446309,0.05139301,-2.650842,0.0947257,0.1079658,0.9257601,0.9675353,-0.08587951,-0.2376978,0.0241502,0.9676098,-0.2512926,0.2515796,0.237394,0.9382706,moving,-0.5291610486118695,6.236405832519305,5.842290790178077,6.652010438614629,0.3271600000000001,0.31610361000000003,0.8189660000000001,-0.009180821319731539,0.10862643659482667,0.9940402065694353,-0.6315859498846672,6.389649005322871,6.342847366446866,6.384992225729601,6.479190811143343
05/17/2023 16:16:12.897789,3946,True,True,True,True,Eyes,1.113972,-0.2608658,-3.45862,0.2479721,0.3414272,0.9066075,0.0,0.0,0.0,0.0,0.0,0.0,0.0,-1.935152,-0.6414958,3.034081,1.119118,-0.2647255,-3.469794,-0.1239742,0.1250775,-0.02795609,0.9839739,346.2916,15.09963,354.9197,0.3055641,-0.07160691,-0.9494748,0,0,0,1.450856,0.05137391,-2.651013,0.09778152,0.1083636,0.9268587,0.9671481,-0.08602891,-0.2392144,0.02400335,0.9676977,-0.2509681,0.2530777,0.2369814,0.937972,moving,-0.37005651549729424,6.247482707011541,6.022300239212876,6.668456853829999,0.33173799999999987,0.31609941,0.818781,-0.0064203036253726725,0.10882095001951436,0.9940405599736404,-0.4725182543907784,6.400264568840697,6.363604901676537,6.406203564653427,6.500353403206923
05/17/2023 16:16:12.917871,3947,True,True,True,True,Eyes,1.11419,-0.2608872,-3.458672,0.2520137,0.340979,0.9056613,0.0,0.0,0.0,0.0,0.0,0.0,0.0,-1.939801,-0.6410182,3.031304,1.119239,-0.2647916,-3.46983,-0.1239037,0.1258059,-0.02801555,0.9838883,346.3043,15.18571,354.9037,0.3055866,-0.07160707,-0.9494675,0,0,0,1.455414,0.05135477,-2.651184,0.1007421,0.1086267,0.9280056,0.966776,-0.08630399,-0.2406155,0.02395269,0.967726,-0.2508639,0.2545004,0.2367658,0.9376414,moving,-0.2134377024950665,6.246940874019348,6.195632736785516,6.676314513591299,0.3361749999999999,0.31614637,0.8186459999999998,-0.0037030627218861273,0.10881305272414064,0.9940553207089184,-0.3158540834109404,6.39913010564595,6.380522441468093,6.423437212117782,6.517383816041539
05/17/2023 16:16:12.928372,3948,True,True,True,True,Eyes,1.114399,-0.2609108,-3.458717,0.2564704,0.3405825,0.9045588,0.0,0.0,0.0,0.0,0.0,0.0,0.0,-1.944325,-0.6409174,3.028399,1.119202,-0.264719,-3.469825,-0.1238087,0.1265529,-0.02821176,0.9837988,346.322,15.27562,354.872,0.3056118,-0.07160757,-0.9494594,0,0,0,1.460001,0.0513355,-2.651356,0.1038077,0.1088723,0.9291375,0.966377,-0.08684607,-0.2420193,0.02417271,0.967751,-0.2507462,0.2559908,0.2364651,0.9373116,moving,-0.03757844181157463,6.256748920730127,6.3749223005368885,6.683194927620103,0.3407990000000001,0.31605449999999996,0.8184690000000003,-0.0006519608641732122,0.10898394869011159,0.9940433601784144,-0.1400181732645198,6.408398788091877,6.383513550164076,6.426664917934651,6.520733263634952
05/17/2023 16:16:12.947985,3949,True,True,True,True,Eyes,1.114598,-0.2609328,-3.458764,0.2607893,0.3401883,0.9034716,0.0,0.0,0.0,0.0,0.0,0.0,0.0,-1.949,-0.6414729,3.025236,1.119315,-0.2648033,-3.469748,-0.123967,0.1272902,-0.028135,0.983686,346.3066,15.36298,354.8678,0.3056393,-0.07160845,-0.9494504,0,0,0,1.46449,0.05131665,-2.651525,0.1067712,0.1086994,0.9302427,0.9660113,-0.08691157,-0.2434514,0.02379243,0.9676812,-0.2510518,0.2574027,0.2367266,0.9368588,moving,0.13876701382086043,6.233513425610618,6.547630490458352,6.664820841687203,0.345175,0.31611995000000004,0.8182230000000001,0.0024076196686128593,0.10858052472564463,0.994084776805165,0.03653969742165238,6.384222184352434,6.380346634736173,6.423360269309254,6.517134256839071
05/17/2023 16:16:12.968110,3950,True,True,True,True,Eyes,1.114783,-0.2609516,-3.458802,0.2653831,0.3398066,0.9022768,0.0,0.0,0.0,0.0,0.0,0.0,0.0,-1.952514,-0.6412118,3.023082,1.119257,-0.2647873,-3.469818,-0.1239074,0.1278663,-0.02820447,0.9836167,346.3175,15.43133,354.8526,0.3056687,-0.07160963,-0.9494409,0,0,0,1.469136,0.05129714,-2.6517,0.1102548,0.108881,0.9314676,0.9657095,-0.0871719,-0.2445533,0.02379761,0.967703,-0.2509675,0.2585322,0.2365419,0.9365944,moving,0.3462046002993825,6.240790263554146,6.750506185076766,6.667155278431421,0.34987900000000005,0.31608444,0.8181180000000001,0.006006566941083563,0.1087051351312679,0.9940559610691365,0.24398034993004947,6.390810855820981,6.3753233557334825,6.418478473493029,6.512391625458313
05/17/2023 16:16:12.978291,3951,True,True,True,True,Eyes,1.114962,-0.2609701,-3.458837,0.2698483,0.3394341,0.9010918,0.0,0.0,0.0,0.0,0.0,0.0,0.0,-1.956752,-0.641643,3.020214,1.119408,-0.264755,-3.469741,-0.1239394,0.1285398,-0.02831482,0.9835218,346.3191,15.51259,354.8297,0.3056994,-0.07161104,-0.9494309,0,0,0,1.473547,0.05127861,-2.651865,0.1131438,0.1089115,0.9324969,0.9653516,-0.08755875,-0.2458247,0.02383419,0.9676746,-0.2510733,0.259862,0.236515,0.9362331,moving,0.5341567700932307,6.237958402386504,6.918122435792589,6.661710956462542,0.354139,0.31603361,0.817876,0.009267466642068817,0.10865329234129951,0.9940365292122693,0.432002509484348,6.38724139792369,6.354938067340702,6.398014054995051,6.491924617323998
05/17/2023 16:16:12.998164,3952,True,True,True,True,Eyes,1.11515,-0.2609954,-3.458873,0.2745667,0.3390456,0.8998117,0.0,0.0,0.0,0.0,0.0,0.0,0.0,-1.961328,-0.642485,3.017011,1.119409,-0.2647702,-3.469693,-0.124019,0.1292961,-0.02847602,0.9834078,346.3165,15.60475,354.799,0.3057312,-0.07161263,-0.9494205,0,0,0,1.478097,0.0512595,-2.652036,0.1161222,0.1089155,0.9336746,0.9649433,-0.08807742,-0.2472384,0.02393673,0.9676168,-0.2512862,0.2613646,0.2365589,0.9358037,moving,0.7268680305612253,6.23097757528636,7.089538454511422,6.653625690409799,0.3586879999999999,0.3160297,0.8176570000000001,0.012610968444584147,0.10852820110202109,0.9940133198934453,0.6248146072601044,6.37945495061965,6.3337333407511895,6.376692430486825,6.470535064102269
05/17/2023 16:16:13.018109,3953,True,True,True,True,Eyes,1.115331,-0.2610172,-3.45891,0.2791493,0.3386484,0.8985504,0.0,0.0,0.0,0.0,0.0,0.0,0.0,-1.966145,-0.6409447,3.014223,1.119527,-0.2649306,-3.469661,-0.1238204,0.1300492,-0.02849949,0.9833328,346.3435,15.69209,354.7891,0.3057641,-0.07161458,-0.9494097,0,0,0,1.482704,0.05124015,-2.652209,0.1190944,0.109502,0.9348339,0.96455,-0.08825444,-0.2487057,0.02384348,0.9677126,-0.250926,0.2628209,0.2361006,0.9355115,moving,0.9160100345240316,6.252733019427003,7.260163049016114,6.680910784763465,0.3631770000000001,0.31617075,0.8174519999999998,0.01589163063458962,0.10890053182204014,0.993925561648286,0.8138515816974157,6.400765925055481,6.315265933764901,6.358585823122741,6.452395886498701
05/17/2023 16:16:13.028618,3954,True,True,True,True,Eyes,1.115519,-0.2610317,-3.458943,0.2839173,0.3382486,0.8972061,0.0,0.0,0.0,0.0,0.0,0.0,0.0,-1.971039,-0.6394206,3.011434,1.119535,-0.264864,-3.469737,-0.123608,0.1308274,-0.02848,0.9832569,346.3715,15.78165,354.7841,0.305798,-0.07161675,-0.9493986,0,0,0,1.487199,0.05122127,-2.652378,0.122026,0.1098421,0.936059,0.9641462,-0.08834893,-0.2502331,0.02366371,0.9678199,-0.2505288,0.2643145,0.2356249,0.9352105,moving,1.1150311385387572,6.276508588965954,7.4272760580274015,6.692781278791581,0.367664,0.31608527,0.8173589999999997,0.019343135068579764,0.109306317257986,0.9938198562373742,1.0127558678104913,6.424084506510744,6.282588278540482,6.325955965378266,6.420145420949165
05/17/2023 16:16:13.052808,3955,True,True,True,True,Eyes,1.115702,-0.2610413,-3.458972,0.2885588,0.3378759,0.8958648,0.0,0.0,0.0,0.0,0.0,0.0,0.0,-1.976179,-0.6410557,3.007719,1.119819,-0.2647049,-3.469661,-0.1237726,0.1316419,-0.02866649,0.9831222,346.36,15.88183,354.7481,0.3058329,-0.07161892,-0.9493873,0,0,0,1.491741,0.0512022,-2.652549,0.1246166,0.109527,0.9371606,0.9636973,-0.08895262,-0.2517439,0.023778,0.9677172,-0.2509145,0.2659363,0.2358197,0.9347016,moving,1.2969965994284736,6.261809783749704,7.574330031848461,6.665981243940322,0.3719220000000001,0.3159071,0.8171119999999998,0.02249995412671149,0.10904415730988114,0.9937822540970248,1.194874356717218,6.408526881744697,6.247450003538305,6.29033143729409,6.38464857761003
05/17/2023 16:16:13.068517,3956,True,True,True,True,Eyes,1.115875,-0.2610551,-3.458996,0.293357,0.3375178,0.8944403,0.0,0.0,0.0,0.0,0.0,0.0,0.0,-1.981211,-0.6443406,3.003599,1.119826,-0.2646013,-3.469576,-0.124145,0.1325006,-0.02896869,0.982951,346.327,15.99079,354.6944,0.3058687,-0.07162098,-0.9493756,0,0,0,1.49638,0.05118272,-2.652723,0.1274263,0.1089475,0.9384317,0.9632087,-0.08984819,-0.2532907,0.02405103,0.9674977,-0.2517336,0.2676759,0.2363801,0.9340632,moving,1.4805640703827387,6.227606675132765,7.732696342424587,6.622125041988693,0.37655400000000006,0.31578402,0.816853,0.025685469580337017,0.10844256490551078,0.9937708547744198,1.3787343672455534,6.373222898806241,6.222320716025069,6.264567238755909,6.358835196708738
05/17/2023 16:16:13.078321,3957,True,True,True,True,Eyes,1.116035,-0.2610761,-3.459016,0.297999,0.3371356,0.8930489,0.0,0.0,0.0,0.0,0.0,0.0,0.0,-1.986037,-0.6456962,3.000004,1.119827,-0.2647302,-3.469466,-0.1243059,0.1333086,-0.02916676,0.9828154,346.3162,16.09039,354.6571,0.3059049,-0.07162305,-0.9493638,0,0,0,1.500803,0.05116414,-2.652889,0.1301561,0.1089379,0.9396393,0.9627562,-0.09047318,-0.2547844,0.02418899,0.9673947,-0.2521158,0.2692868,0.2365631,0.9335537,moving,1.6637753832265467,6.214143938781653,7.886262200152949,6.613112295076773,0.3809760000000002,0.31589434000000005,0.8165770000000001,0.02886382493248235,0.10819967534386482,0.993710151123213,1.5620902236487197,6.358911640993523,6.193202701857161,6.235264063064827,6.3292787235938475
05/17/2023 16:16:13.098294,3958,True,True,True,True,Eyes,1.116176,-0.261097,-3.459028,0.302748,0.3367136,0.8916095,0.0,0.0,0.0,0.0,0.0,0.0,0.0,-1.989549,-0.6423551,2.998275,1.119661,-0.2649129,-3.469404,-0.1238788,0.1338812,-0.02909066,0.9827938,346.3668,16.15286,354.6655,0.3059414,-0.07162535,-0.9493519,0,0,0,1.505385,0.05114489,-2.653061,0.1337468,0.10995,0.9408045,0.9624591,-0.09035032,-0.2559477,0.02401016,0.9676155,-0.2512841,0.2703626,0.2357053,0.9334598,moving,1.888315957069552,6.262842197058885,8.091075378595276,6.665809015588558,0.38572399999999996,0.31605779,0.8163429999999998,0.032754918142501255,0.10903113707235518,0.9934984785621955,1.7863430144713581,6.40735905510279,6.1730982660024525,6.215835156932821,6.3100274615334815
05/17/2023 16:16:13.117775,3959,True,True,True,True,Eyes,1.116313,-0.2611195,-3.459038,0.3073329,0.3362604,0.8902109,0.0,0.0,0.0,0.0,0.0,0.0,0.0,-1.991915,-0.6377587,2.997685,1.119781,-0.2649657,-3.46936,-0.1232483,0.1342133,-0.02897873,0.9828311,346.4387,16.18456,354.6852,0.3059776,-0.07162789,-0.94934,0,0,0,1.509991,0.05112555,-2.653234,0.1375556,0.1112086,0.9417804,0.9622941,-0.09004552,-0.2566748,0.02387926,0.9679402,-0.2500432,0.2709611,0.2344859,0.9335933,moving,2.131770015204498,6.332788139311509,8.309810805554427,6.734492860539403,0.39021000000000017,0.31609125000000005,0.8161260000000001,0.03697115222887096,0.11022768840922662,0.993218508244892,2.0293627811215624,6.477240538431429,6.14751208325159,6.191086713193763,6.2857144498324615
05/17/2023 16:16:13.127996,3960,True,True,True,True,Eyes,1.116444,-0.2611448,-3.459049,0.3120746,0.3357731,0.888744,0.0,0.0,0.0,0.0,0.0,0.0,0.0,-1.995184,-0.6328231,2.996508,1.119814,-0.2650106,-3.469304,-0.1226312,0.1346973,-0.02873984,0.9828492,346.5078,16.23262,354.7172,0.3060134,-0.07163069,-0.9493282,0,0,0,1.514639,0.05110602,-2.653409,0.141267,0.1123551,0.942826,0.9620613,-0.08953004,-0.2577254,0.02345768,0.9682712,-0.2487983,0.271823,0.2333136,0.9336365,moving,2.371486737194028,6.3969639694349185,8.52144034225552,6.795800054422305,0.394825,0.31611661999999996,0.8158950000000003,0.04112124295127262,0.11132203522328085,0.9929332686725016,2.2686853687107384,6.541296059363077,6.11858647552179,6.1628726716602635,6.257932329666893
05/17/2023 16:16:13.148172,3961,True,True,True,True,Eyes,1.116569,-0.2611695,-3.459061,0.3166456,0.3352653,0.8873178,0.0,0.0,0.0,0.0,0.0,0.0,0.0,-1.998642,-0.6285162,2.995344,1.120041,-0.2651156,-3.469426,-0.1220552,0.135185,-0.02861894,0.9828574,346.5741,16.28312,354.7349,0.3060489,-0.07163379,-0.9493166,0,0,0,1.519051,0.05108749,-2.653575,0.1444493,0.113487,0.9439607,0.961812,-0.08925676,-0.258749,0.02325659,0.9685669,-0.2476635,0.2727214,0.2321881,0.933655,moving,2.5977169481782636,6.4565071496860025,8.70017881083612,6.855441225191827,0.39900999999999986,0.31620309,0.8158509999999999,0.04503630807367595,0.11233487871535255,0.9926493547871728,2.49455090810586,6.600713328538401,6.070639313396941,6.11548764873197,6.210853722997977
05/17/2023 16:16:13.168385,3962,True,True,True,True,Eyes,1.116644,-0.2611941,-3.459057,0.3213857,0.3347382,0.8858112,0.0,0.0,0.0,0.0,0.0,0.0,0.0,-2.00052,-0.6262526,2.994566,1.119984,-0.2651196,-3.469445,-0.1216598,0.1354923,-0.02874022,0.9828605,346.6228,16.31727,354.7237,0.3060838,-0.07163717,-0.9493051,0,0,0,1.523648,0.05106819,-2.653747,0.1483408,0.1143764,0.9450904,0.9616317,-0.08946318,-0.259347,0.02352731,0.9687458,-0.2469374,0.2733331,0.2313611,0.9336814,moving,2.848446894077604,6.5018788496572455,8.920330492602412,6.900471720466209,0.4036639999999998,0.31618779,0.8156979999999998,0.04937545352074704,0.1130976750738357,0.9923562330290892,2.7450237315353228,6.645695921670462,6.039605028871821,6.084952482205125,6.180560193132409
05/17/2023 16:16:13.178282,3963,True,True,True,True,Eyes,1.116717,-0.2612163,-3.459056,0.3259591,0.3341945,0.8843442,0.0,0.0,0.0,0.0,0.0,0.0,0.0,-2.002491,-0.624141,2.993795,1.120227,-0.2652563,-3.469447,-0.1212525,0.1357747,-0.02897252,0.9828651,346.6745,16.34984,354.7003,0.3061171,-0.07164084,-0.949294,0,0,0,1.528063,0.05104965,-2.653913,0.151753,0.1154744,0.9461037,0.9614516,-0.08987819,-0.2598704,0.02402609,0.9689168,-0.2462172,0.2739224,0.2304823,0.9337261,moving,3.089334734639907,6.54947547726399,9.112501715020123,6.958679969395609,0.40783599999999987,0.31630595,0.815534,0.0535422313380145,0.11389751765364277,0.9920486619679423,2.985635975910224,6.692967200131463,5.991101607993761,6.0370513323909405,6.132624810049014
05/17/2023 16:16:13.198147,3964,True,True,True,True,Eyes,1.116711,-0.2612281,-3.459034,0.3307367,0.3336499,0.8827747,0.0,0.0,0.0,0.0,0.0,0.0,0.0,-2.004528,-0.6227815,2.992778,1.12023,-0.2652163,-3.469503,-0.1209304,0.1361096,-0.02921302,0.9828513,346.717,16.38947,354.6737,0.3061488,-0.07164472,-0.9492835,0,0,0,1.532646,0.0510304,-2.654085,0.1554555,0.1162433,0.9472728,0.9612415,-0.09034369,-0.2604856,0.02450455,0.9690449,-0.2456655,0.2746165,0.2297608,0.9337,moving,3.3369534740120623,6.589260699568966,9.319651496490938,6.995997244041238,0.4124159999999999,0.3162467,0.8154180000000002,0.057824696280570465,0.1145589587472026,0.9917321921405027,3.233036606266168,6.7323073448556086,5.9502459662691285,5.996508170992672,6.0923241201399
05/17/2023 16:16:13.218092,3965,True,True,True,True,Eyes,1.116705,-0.2612435,-3.45901,0.3353612,0.3331024,0.8812353,0.0,0.0,0.0,0.0,0.0,0.0,0.0,-2.007879,-0.623518,2.990499,1.120363,-0.265168,-3.469569,-0.1209226,0.1366528,-0.02947498,0.9827691,346.7252,16.45692,354.6361,0.3061775,-0.07164857,-0.949274,0,0,0,1.537171,0.05101139,-2.654255,0.1585714,0.1164057,0.9485465,0.9609145,-0.090983,-0.2614678,0.02488538,0.9690179,-0.2457337,0.2757246,0.2296223,0.9334075,moving,3.5511723390258534,6.591867645429577,9.49054868944479,6.996360218338036,0.41680800000000007,0.31617939,0.8153139999999999,0.06153204956160413,0.11457862716555378,0.9915067031497548,3.4472936353855914,6.734144228924216,5.907073513692318,5.953134105112522,6.0489411365557455
05/17/2023 16:16:13.228388,3966,True,True,True,True,Eyes,1.116662,-0.2612503,-3.458974,0.3400646,0.3325162,0.8796528,0.0,0.0,0.0,0.0,0.0,0.0,0.0,-2.011228,-0.6229528,2.988289,1.12033,-0.2652675,-3.469506,-0.120777,0.1372139,-0.02966689,0.9827031,346.748,16.52424,354.6089,0.3062033,-0.0716525,-0.9492654,0,0,0,1.541721,0.05099228,-2.654426,0.1618887,0.1169637,0.9497671,0.9605844,-0.09145205,-0.2625149,0.02516291,0.9690656,-0.2455173,0.2768472,0.2292344,0.9331705,moving,3.7707499107558227,6.607253953279176,9.673154982060858,7.0206191956607205,0.42139099999999985,0.31625978,0.81508,0.06532958006078682,0.11481711195757358,0.9912361377362326,3.6668196600406553,6.7488950907725025,5.8705674469447136,5.916862044139322,6.012478523015682
05/17/2023 16:16:13.248296,3967,True,True,True,True,Eyes,1.11662,-0.2612546,-3.458942,0.3446066,0.3319746,0.8780884,0.0,0.0,0.0,0.0,0.0,0.0,0.0,-2.013799,-0.6208447,2.987035,1.120492,-0.2651664,-3.469495,-0.1203165,0.1376125,-0.02994362,0.9826954,346.8073,16.57049,354.5799,0.3062257,-0.07165632,-0.9492579,0,0,0,1.546299,0.05097306,-2.654598,0.1653157,0.117965,0.9508252,0.9603323,-0.09196501,-0.263257,0.02573681,0.9692546,-0.2447101,0.2776679,0.2282276,0.9331735,moving,3.997483870850438,6.663520395703276,9.863162922622456,7.072314640331404,0.42580700000000005,0.31613946000000004,0.8148970000000002,0.06924400657180069,0.11575985649977602,0.9908607395594581,3.893212448750917,6.804994078816251,5.833133755043997,5.879906757155096,5.9759324747764495
05/17/2023 16:16:13.268287,3968,True,True,True,True,Eyes,1.116605,-0.2612659,-3.458917,0.3491573,0.3314568,0.8764848,0.0,0.0,0.0,0.0,0.0,0.0,0.0,-2.016589,-0.6233276,2.984693,1.120471,-0.2651167,-3.469556,-0.120723,0.1380823,-0.02989813,0.9825809,346.7628,16.62919,354.5713,0.3062451,-0.07165995,-0.9492513,0,0,0,1.550914,0.05095368,-2.654772,0.1689373,0.117205,0.9522494,0.9600787,-0.09209409,-0.2641354,0.02541523,0.9690641,-0.245497,0.2785729,0.2289834,0.9327184,moving,4.224844624692723,6.615812570635839,10.060096306006766,7.016802476697514,0.4304429999999999,0.31607038,0.814784,0.07318271133793328,0.11490236726088957,0.990677430751121,4.120973648101407,6.755858056436798,5.803106632159167,5.8490131722404,5.944852389766293
05/17/2023 16:16:13.278484,3969,True,True,True,True,Eyes,1.116592,-0.2612753,-3.458893,0.3535818,0.3309506,0.8749009,0.0,0.0,0.0,0.0,0.0,0.0,0.0,-2.020746,-0.6238301,2.98194,1.12075,-0.2652722,-3.469595,-0.1207616,0.1387276,-0.03005822,0.9824804,346.7646,16.70778,354.5432,0.3062624,-0.07166359,-0.9492455,0,0,0,1.555269,0.05093538,-2.654935,0.1715802,0.1174121,0.9535409,0.9597024,-0.09256916,-0.2653345,0.02555728,0.9690263,-0.2456317,0.279854,0.2289521,0.9323426,moving,4.4199285776700385,6.6134927756688064,10.200646764140208,7.019651856066449,0.4345190000000001,0.31620758000000004,0.8146599999999999,0.07655601092664036,0.11483308387302643,0.990430468933393,4.3161258287172,6.752780174910065,5.7492639378472035,5.79496919318614,5.890569338666246
05/17/2023 16:16:13.297979,3970,True,True,True,True,Eyes,1.116629,-0.2612883,-3.458883,0.3579839,0.3304614,0.8732942,0.0,0.0,0.0,0.0,0.0,0.0,0.0,-2.025596,-0.6248411,2.978447,1.120774,-0.2652413,-3.4696,-0.1208395,0.1395357,-0.03025513,0.9823504,346.7635,16.80643,354.5079,0.3062778,-0.07166717,-0.9492402,0,0,0,1.559845,0.05091616,-2.655107,0.1743813,0.1173893,0.9549609,0.9592289,-0.09316511,-0.2668337,0.02571943,0.9689648,-0.2458568,0.2814578,0.2289702,0.9318553,moving,4.594618327996723,6.607792551330385,10.348517778406098,7.007970151529428,0.439071,0.31615746,0.8144929999999997,0.07957654873699943,0.11470733003642294,0.9902069332366005,4.490902509681948,6.74635726650976,5.7223958646335085,5.767798626609841,5.863454437274891
05/17/2023 16:16:13.318077,3971,True,True,True,True,Eyes,1.116669,-0.2612994,-3.458874,0.3622743,0.3299958,0.8716995,0.0,0.0,0.0,0.0,0.0,0.0,0.0,-2.030203,-0.6252208,2.9753,1.120933,-0.2652483,-3.469609,-0.1208787,0.1402721,-0.03033841,0.9822382,346.7646,16.89479,354.4875,0.3062926,-0.07167075,-0.9492351,0,0,0,1.564418,0.05089696,-2.655279,0.177228,0.1174119,0.9563288,0.9588066,-0.0935109,-0.2682267,0.02568726,0.9689358,-0.2459746,0.2828957,0.2289521,0.9314241,moving,4.774161649500096,6.605270991829749,10.499011465616643,6.999379568358059,0.44348500000000013,0.31614526,0.81433,0.0826797828537228,0.11463469288952559,0.9899610373402404,4.670511380339025,6.743133332020134,5.6932789763299,5.738399340162973,5.834130216040654
05/17/2023 16:16:13.328550,3972,True,True,True,True,Eyes,1.116758,-0.2613179,-3.458878,0.3666677,0.3295214,0.8700405,0.0,0.0,0.0,0.0,0.0,0.0,0.0,-2.035939,-0.6269705,2.971068,1.12102,-0.2652185,-3.469635,-0.1211117,0.1412165,-0.03045598,0.9820704,346.7454,17.01003,354.4566,0.306307,-0.07167426,-0.9492302,0,0,0,1.568917,0.05087806,-2.655448,0.1796573,0.1170271,0.9578394,0.9582607,-0.09402575,-0.2699918,0.02561392,0.9688088,-0.2464821,0.2847461,0.2292786,0.9307798,moving,4.935747764398842,6.5808386184630026,10.623261813878033,6.965771931244818,0.447897,0.31609656,0.814187,0.08547580382808331,0.11418550697488516,0.9897755219636074,4.832314535054289,6.717800594158672,5.656094378433558,5.700525389673514,5.796253977366107
05/17/2023 16:16:13.348136,3973,True,True,True,True,Eyes,1.11686,-0.2613378,-3.458881,0.3710899,0.3290408,0.8683459,0.0,0.0,0.0,0.0,0.0,0.0,0.0,-2.046742,-0.6277635,2.96386,1.121659,-0.2653642,-3.469751,-0.1212063,0.1428997,-0.03064229,0.9818095,346.7473,17.21206,354.4103,0.3063222,-0.07167787,-0.9492251,0,0,0,1.573516,0.05085875,-2.655621,0.1801757,0.1169781,0.9596008,0.9572815,-0.09481046,-0.2731725,0.0255291,0.9687401,-0.2467605,0.2880286,0.2292454,0.9297774,moving,5.014171165714655,6.568280694436676,10.634106345384843,6.950228320337549,0.45185699999999995,0.31622295,0.81413,0.08683279292720328,0.11395515298358654,0.989684016832852,4.910848265431806,6.704797219174261,5.5891169984741085,5.632899378883481,5.7285180871815315
05/17/2023 16:16:13.367968,3974,True,True,True,True,Eyes,1.117011,-0.2613531,-3.458894,0.3756616,0.3285655,0.8665582,0.0,0.0,0.0,0.0,0.0,0.0,0.0,-2.064782,-0.6263567,2.951772,1.122015,-0.2654164,-3.469761,-0.1210697,0.1458062,-0.03066758,0.9813982,346.7799,17.55412,354.3703,0.3063384,-0.0716816,-0.9492196,0,0,0,1.578179,0.05083916,-2.655796,0.1788053,0.1170367,0.961756,0.9556001,-0.09549962,-0.278762,0.02488878,0.9688032,-0.2465782,0.2936137,0.2286921,0.9281653,moving,4.96834870166029,6.569887692275646,10.53192553172073,6.938245504021318,0.456164,0.31625556,0.813965,0.08604090336537448,0.11399076480959955,0.9897490126179681,4.865002201651714,6.7065951355294855,5.532669003612591,5.575757762085746,5.6716560123215265
05/17/2023 16:16:13.378289,3975,True,True,True,True,Eyes,1.11717,-0.2613693,-3.458912,0.3802388,0.3281296,0.8647251,0.0,0.0,0.0,0.0,0.0,0.0,0.0,-2.084607,-0.6255761,2.938012,1.12231,-0.2652358,-3.469714,-0.121195,0.1490157,-0.03031672,0.9809114,346.7778,17.92981,354.3645,0.3063565,-0.07168525,-0.9492134,0,0,0,1.582535,0.05082087,-2.655959,0.1768109,0.1161067,0.9639256,0.9537504,-0.09559592,-0.2849938,0.02335613,0.9687853,-0.2467984,0.2996908,0.2287278,0.9262123,moving,4.8986884176455945,6.532424747863559,10.394102764144076,6.86829821671754,0.4602250000000001,0.31605667000000004,0.813755,0.08484371253899342,0.11335527345450323,0.9899253529505475,4.7955906140316005,6.668939449146211,5.464226110620411,5.505668880960909,5.602060532800817
05/17/2023 16:16:13.401161,3976,True,True,True,True,Eyes,1.117373,-0.261389,-3.45895,0.3849147,0.3276785,0.8628253,0.0,0.0,0.0,0.0,0.0,0.0,0.0,-2.101674,-0.6269383,2.925859,1.12262,-0.2652793,-3.469883,-0.1216042,0.1517867,-0.03009002,0.9804428,346.7431,18.25843,354.3446,0.3063767,-0.07168886,-0.9492067,0,0,0,1.587087,0.05080175,-2.65613,0.175658,0.1149452,0.9663134,0.9521108,-0.09591886,-0.2903182,0.02208727,0.968614,-0.2475864,0.3049545,0.2293174,0.9243464,moving,4.881492093797619,6.469566243264936,10.302817775654825,6.783589369122795,0.46446699999999996,0.31608105,0.8137529999999997,0.08455706462044599,0.11227191283953758,0.9900733025228766,4.778837984483333,6.605384519118761,5.390655288938969,5.4304127534044815,5.526853508266344
05/17/2023 16:16:13.419344,3977,True,True,True,True,Eyes,1.117594,-0.2614091,-3.458983,0.389603,0.3272177,0.8608937,0.0,0.0,0.0,0.0,0.0,0.0,0.0,-2.117492,-0.6265104,2.91481,1.122851,-0.2652881,-3.470048,-0.1215648,0.1543796,-0.03018945,0.9800397,346.7644,18.56581,354.2984,0.3063995,-0.07169244,-0.9491991,0,0,0,1.591714,0.05078232,-2.656304,0.1748295,0.1148174,0.9685878,0.9505111,-0.09670795,-0.2952563,0.02163949,0.9686212,-0.2475978,0.3099361,0.2289553,0.9227779,moving,4.877769609424461,6.46683747839427,10.231685876296824,6.76035333491934,0.46886300000000003,0.31607042,0.8137439999999998,0.0844931808900353,0.11222536196219135,0.9900839631150069,4.775133972979875,6.602636657739453,5.323106980062044,5.361955888545909,5.458830756110001
05/17/2023 16:16:13.428214,3978,True,True,True,True,Eyes,1.117846,-0.261435,-3.459033,0.3943827,0.3267113,0.8589074,0.0,0.0,0.0,0.0,0.0,0.0,0.0,-2.134614,-0.626792,2.902378,1.123421,-0.265321,-3.469981,-0.121527,0.1571774,-0.03053677,0.9795887,346.7916,18.90075,354.2209,0.3064253,-0.07169603,-0.9491905,0,0,0,1.596126,0.05076379,-2.65647,0.1730082,0.1148802,0.9705831,0.9487256,-0.09802955,-0.3005163,0.02162434,0.9685974,-0.2476924,0.3153605,0.2284936,0.9210529,moving,4.850271439433068,6.4671458845307335,10.106924111879053,6.750239848150729,0.47270499999999993,0.31608479,0.8135110000000001,0.08401790357975861,0.11223521922517382,0.9901233038492121,4.747626318432029,6.603051695503799,5.226278234792201,5.264270083399179,5.361318605634789
05/17/2023 16:16:13.447923,3979,True,True,True,True,Eyes,1.118102,-0.2614639,-3.459089,0.399112,0.3261668,0.8569275,0.0,0.0,0.0,0.0,0.0,0.0,0.0,-2.149514,-0.6265346,2.891608,1.123461,-0.2653892,-3.470123,-0.1213497,0.1596872,-0.03097165,0.9791911,346.8349,19.20137,354.1403,0.3064544,-0.07169971,-0.9491808,0,0,0,1.600691,0.05074462,-2.656641,0.1722644,0.1152975,0.9728681,0.9470815,-0.09941033,-0.3052118,0.02189831,0.96863,-0.2475407,0.3202454,0.2277576,0.9195485,moving,4.850738386645906,6.485393489718737,10.04120557333664,6.758768323619981,0.47723000000000004,0.31613382,0.813482,0.08402295735386694,0.11255050069759688,0.9900870858933171,4.7479632638708775,6.621518403580885,5.16010713245625,5.197661341019032,5.295021405742301
05/17/2023 16:16:13.468201,3980,True,True,True,True,Eyes,1.118418,-0.261499,-3.459168,0.4037856,0.3255565,0.854968,0.0,0.0,0.0,0.0,0.0,0.0,0.0,-2.161413,-0.6249011,2.883415,1.12377,-0.2654845,-3.470295,-0.1209147,0.1616478,-0.03145884,0.9789077,346.9055,19.43493,354.0668,0.3064864,-0.07170356,-0.9491702,0,0,0,1.605436,0.05072469,-2.65682,0.1724469,0.1163279,0.9749162,0.9457607,-0.1006818,-0.3088687,0.02249939,0.9687799,-0.2468992,0.3240841,0.2265582,0.9184993,moving,4.909720798849295,6.534352140641757,10.030939459183006,6.804414367894374,0.48166600000000015,0.31620919000000003,0.813475,0.08503401733588514,0.11338673045683441,0.9899054458561383,4.80661217369148,6.670848885591873,5.090768679809507,5.1283344443921415,5.2260343783785
05/17/2023 16:16:13.478540,3981,True,True,True,True,Eyes,1.118741,-0.2615383,-3.459249,0.4083812,0.3249248,0.8530232,0.0,0.0,0.0,0.0,0.0,0.0,0.0,-2.171597,-0.6243997,2.875993,1.123881,-0.2654949,-3.470366,-0.1206789,0.1633648,-0.03186591,0.9786386,346.9506,19.64073,354.0017,0.3065225,-0.07170764,-0.9491582,0,0,0,1.609821,0.05070627,-2.656985,0.1730029,0.116906,0.9767873,0.944593,-0.1017998,-0.3120589,0.02294105,0.9688424,-0.2466136,0.3274411,0.2257905,0.9174971,moving,4.993846051938069,6.5592465391123635,10.043738315136752,6.824935214667588,0.48594000000000004,0.31620117,0.8133809999999997,0.08648321822439442,0.11380256132959321,0.9897320546022016,4.890582190240494,6.695729780938937,5.019592784244867,5.056876737891898,5.154775658713076
05/17/2023 16:16:13.498293,3982,True,True,True,True,Eyes,1.119124,-0.2615812,-3.459351,0.4129621,0.3242361,0.8510777,0.0,0.0,0.0,0.0,0.0,0.0,0.0,-2.180958,-0.6239619,2.869367,1.124367,-0.2656316,-3.470506,-0.1204123,0.1648875,-0.03236567,0.9783996,347.0001,19.82437,353.9295,0.3065623,-0.07171204,-0.949145,0,0,0,1.614323,0.05068736,-2.657154,0.173604,0.1177329,0.9785998,0.9435291,-0.1030421,-0.3148572,0.02362413,0.9689067,-0.2462961,0.3304461,0.2249493,0.916626,moving,5.097228598372721,6.58869748863678,10.059637131427898,6.860141391576665,0.48995600000000006,0.31631896000000004,0.8133520000000001,0.08826391314106105,0.11429336875361751,0.9895183189374955,4.99378210888593,6.725150313757122,4.93267469658726,4.969826983042979,5.067653273508811
05/17/2023 16:16:13.518310,3983,True,True,True,True,Eyes,1.119503,-0.2616306,-3.459456,0.4175015,0.3235322,0.8491286,0.0,0.0,0.0,0.0,0.0,0.0,0.0,-2.192817,-0.6242092,2.860408,1.124632,-0.2655947,-3.470545,-0.1202204,0.1668875,-0.03290983,0.9780658,347.0452,20.06583,353.8442,0.3066068,-0.07171675,-0.9491302,0,0,0,1.618871,0.05066826,-2.657325,0.1735436,0.1182457,0.9805721,0.942131,-0.1045025,-0.318541,0.02424938,0.968928,-0.2461515,0.3343667,0.2241825,0.9153912,moving,5.142861033485323,6.606304394418453,10.036393450147843,6.876009930606446,0.4942389999999999,0.31626296000000004,0.8132199999999998,0.08904891505576235,0.11458940074333705,0.9894137285492473,5.039301077122875,6.742799557417629,4.864114701031382,4.900959149919267,4.998867590571829
05/17/2023 16:16:13.538022,3984,True,True,True,True,Eyes,1.119963,-0.2616865,-3.459593,0.4219384,0.3228214,0.8472039,0.0,0.0,0.0,0.0,0.0,0.0,0.0,-2.205112,-0.6227459,2.851589,1.1249,-0.2657906,-3.470712,-0.1199302,0.1689282,-0.03319024,0.9777417,347.0966,20.30767,353.7911,0.3066554,-0.07172191,-0.9491141,0,0,0,1.623394,0.05064926,-2.657494,0.1734233,0.1189588,0.982714,0.9407234,-0.1054221,-0.3223752,0.02438376,0.9690303,-0.2457351,0.3382972,0.223308,0.91416,moving,5.185246357797367,6.626150298231469,10.008159740386802,6.9021455734256545,0.498494,0.31643986,0.813218,0.08977733042528335,0.11492456657839371,0.9893090987179933,5.081556107762173,6.762727048424157,4.794092128297705,4.830803958751563,4.92857594829417
05/17/2023 16:16:13.549908,3985,True,True,True,True,Eyes,1.120423,-0.2617404,-3.459729,0.4263243,0.3221179,0.8452738,0.0,0.0,0.0,0.0,0.0,0.0,0.0,-2.216439,-0.6222773,2.84301,1.12501,-0.2657518,-3.470774,-0.1198284,0.1708433,-0.03333978,0.9774162,347.1234,20.53511,353.7507,0.3067094,-0.07172755,-0.9490962,0,0,0,1.627952,0.05063012,-2.657665,0.1738352,0.1190503,0.9847854,0.9394021,-0.1061174,-0.3259798,0.0242299,0.9690592,-0.2456362,0.34196,0.2228527,0.9129075,moving,5.2424279481956795,6.622507483494296,10.010775080597593,6.893014133725234,0.502942,0.31638192,0.8131089999999999,0.09076539813824108,0.11485133994821033,0.9892274558716244,5.13877882495122,6.758826169539635,4.739810694976288,4.776013842411339,4.873843855189102
05/17/2023 16:16:13.568316,3986,True,True,True,True,Eyes,1.12094,-0.261801,-3.459888,0.4305712,0.321448,0.843374,0.0,0.0,0.0,0.0,0.0,0.0,0.0,-2.227684,-0.6222578,2.834491,1.125429,-0.2657535,-3.470865,-0.1197876,0.1727019,-0.03350986,0.9770886,347.1434,20.75686,353.7073,0.3067684,-0.07173356,-0.9490767,0,0,0,1.633268,0.05060779,-2.657865,0.1747461,0.1190934,0.9870327,0.9381023,-0.1068593,-0.329462,0.02410913,0.969056,-0.2456606,0.3455182,0.2225117,0.91165,moving,5.297074026955262,6.614206322692114,10.039719335648309,6.879936440677396,0.5078389999999999,0.31636128999999996,0.8129999999999997,0.0917104683483462,0.11469803951865781,0.9891580402419742,5.193498577879397,6.750220052729499,4.714224723022027,4.750083896066746,4.847956474055078
05/17/2023 16:16:13.577931,3987,True,True,True,True,Eyes,1.12145,-0.2618666,-3.460045,0.4347673,0.3207726,0.8414763,0.0,0.0,0.0,0.0,0.0,0.0,0.0,-2.238544,-0.6230507,2.825905,1.125613,-0.2657855,-3.470932,-0.1199313,0.1745391,-0.03358211,0.9767421,347.1405,20.977,353.6713,0.306833,-0.07174002,-0.9490553,0,0,0,1.637423,0.05059034,-2.658021,0.1748505,0.1187283,0.9890384,0.9368167,-0.1074675,-0.3329042,0.0237367,0.9689775,-0.2460067,0.3490144,0.2225612,0.9103051,moving,5.35367532877362,6.582061635820902,10.025637254524877,6.845268581212897,0.5118100000000001,0.31637584,0.8129109999999997,0.09269366543643143,0.11413263507204337,0.9891317685329952,5.250344102430554,6.717474515862532,4.644343226783666,4.67937027085611,4.77700282725243
05/17/2023 16:16:13.598020,3988,True,True,True,True,Eyes,1.121978,-0.2619324,-3.460214,0.438841,0.3200977,0.8396167,0.0,0.0,0.0,0.0,0.0,0.0,0.0,-2.248792,-0.6226846,2.818063,1.125938,-0.2659619,-3.470995,-0.1197816,0.1762573,-0.03389826,0.9764408,347.1753,21.18279,353.6156,0.3069025,-0.07174701,-0.9490322,0,0,0,1.641651,0.05057259,-2.65818,0.1749863,0.1192421,0.9909504,0.9355686,-0.108424,-0.3360888,0.02397455,0.9690066,-0.2458689,0.3523304,0.2219696,0.9091715,moving,5.410529069309364,6.590171841001035,10.014299083715418,6.861471067605688,0.5157129999999999,0.31653449,0.8128149999999996,0.09367372307496602,0.11426212612898969,0.989024551708873,5.307155070944747,6.725470130168177,4.576923710946898,4.611756890372757,4.709108303272145
05/17/2023 16:16:13.617738,3989,True,True,True,True,Eyes,1.122507,-0.2619998,-3.46038,0.4428836,0.3194363,0.8377438,0.0,0.0,0.0,0.0,0.0,0.0,0.0,-2.257318,-0.6230712,2.811362,1.126082,-0.265929,-3.47112,-0.1195912,0.1777298,-0.03443088,0.9761786,347.2178,21.36169,353.5394,0.3069767,-0.07175447,-0.9490077,0,0,0,1.646086,0.05055396,-2.658347,0.1758584,0.1198123,0.9929175,0.9344532,-0.1097312,-0.3387569,0.02471154,0.9690249,-0.2457235,0.3552274,0.2212459,0.9082201,moving,5.48821339431845,6.612486961353243,10.043660688226836,6.88043989626457,0.5200039999999999,0.31648296000000004,0.812773,0.09501051671990729,0.1146327241042824,0.9888541083608533,5.38470084606267,6.7477646326218315,4.528648434165284,4.563321030007075,4.660848585448901
05/17/2023 16:16:13.638385,3990,True,True,True,True,Eyes,1.123039,-0.2620762,-3.460544,0.4468531,0.3187992,0.8358763,0.0,0.0,0.0,0.0,0.0,0.0,0.0,-2.268281,-0.6257086,2.802244,1.12659,-0.2660274,-3.471197,-0.1197976,0.1795863,-0.03493753,0.9757954,347.2177,21.59041,353.4519,0.3070553,-0.07176239,-0.9489816,0,0,0,1.650578,0.05053509,-2.658515,0.1756805,0.1196849,0.9950071,0.9330563,-0.1112118,-0.342108,0.02515574,0.9688557,-0.2463446,0.3588498,0.2212474,0.9067946,moving,5.517734159426642,6.587618574875158,10.013062200562137,6.858897096344131,0.5239880000000001,0.31656249000000003,0.8126820000000001,0.09552479743830869,0.11419785234384758,0.9888547291672135,5.414406771247469,6.722484797195115,4.469397699111474,4.503505993515439,4.600678218798223
05/17/2023 16:16:13.653583,3991,True,True,True,True,Eyes,1.123568,-0.2621539,-3.460707,0.4508007,0.3181447,0.834004,0.0,0.0,0.0,0.0,0.0,0.0,0.0,-2.281543,-0.6256174,2.791514,1.126829,-0.2662305,-3.471133,-0.1197431,0.1818601,-0.0351998,0.9753715,347.2448,21.86257,353.393,0.3071379,-0.07177097,-0.9489543,0,0,0,1.655117,0.05051603,-2.658686,0.1751136,0.1199655,0.9972118,0.9313758,-0.1122187,-0.3463324,0.0251128,0.9688451,-0.2463909,0.3631921,0.2207852,0.9051771,moving,5.505806029774107,6.579664595802971,9.959776847611261,6.859769672025699,0.5282879999999999,0.31674652999999997,0.8124470000000001,0.09532042754610756,0.1140628306020798,0.9888901253638083,5.402532202007509,6.7144791867800055,4.428832865414502,4.462769868576096,4.559560075817292
05/17/2023 16:16:13.668323,3992,True,True,True,True,Eyes,1.124105,-0.2622234,-3.460877,0.4547144,0.3174916,0.832126,0.0,0.0,0.0,0.0,0.0,0.0,0.0,-2.294068,-0.6229175,2.782118,1.12721,-0.2663593,-3.471226,-0.1193389,0.1839505,-0.03530834,0.975025,347.307,22.10698,353.3628,0.307224,-0.07178018,-0.9489257,0,0,0,1.660318,0.05049418,-2.658881,0.1754209,0.1207398,0.9995769,0.9298311,-0.1127579,-0.3502853,0.02494812,0.969023,-0.2457069,0.36714,0.2197269,0.9038408,moving,5.51804351178867,6.607557666271837,9.953770292582712,6.887441554839486,0.5331079999999999,0.31685348,0.8123450000000001,0.09552632571565181,0.1145419510046853,0.9888147673195561,5.414574017926597,6.742664053212655,4.410473351961607,4.44454801582042,4.541504524365165
05/17/2023 16:16:13.678240,3993,True,True,True,True,Eyes,1.124647,-0.2622975,-3.461045,0.4586519,0.3168402,0.8302113,0.0,0.0,0.0,0.0,0.0,0.0,0.0,-2.306487,-0.6238124,2.771946,1.127573,-0.2661725,-3.471375,-0.1192399,0.1860852,-0.03579981,0.974614,347.3437,22.365,353.2809,0.3073134,-0.07178972,-0.948896,0,0,0,1.664195,0.0504779,-2.659027,0.1742129,0.1208331,1.001593,0.9281814,-0.1141596,-0.3541849,0.02540443,0.9690005,-0.2457494,0.37126,0.2191022,0.9023083,moving,5.5162033929723036,6.613573688295057,9.86707363815305,6.878971328393269,0.5366220000000002,0.3166504,0.8123480000000001,0.0954934277241854,0.11464615615440878,0.9888060196508942,5.412690510743977,6.74875977275171,4.325706641521206,4.358957191550391,4.45628590812677
05/17/2023 16:16:13.697771,3994,True,True,True,True,Eyes,1.125191,-0.2623705,-3.461212,0.4625949,0.3161798,0.828273,0.0,0.0,0.0,0.0,0.0,0.0,0.0,-2.321613,-0.6251237,2.759356,1.128193,-0.2663462,-3.471449,-0.1193022,0.1886605,-0.03624193,0.9740949,347.3645,22.67671,353.195,0.3074059,-0.07179968,-0.9488652,0,0,0,1.668679,0.05045907,-2.659195,0.1724446,0.1208923,1.003939,0.9261875,-0.1156214,-0.358899,0.02559093,0.968907,-0.2460981,0.376194,0.2187484,0.9003484,moving,5.465765934944951,6.59589894206862,9.746470420130962,6.866380409805718,0.540486,0.31680526999999997,0.8122539999999998,0.0946261795579296,0.1143506218830362,0.9889235012781744,5.362365730341054,6.731059848119059,4.256536919868948,4.289241321478758,4.386192606971684
05/17/2023 16:16:13.718067,3995,True,True,True,True,Eyes,1.125733,-0.2624524,-3.461376,0.4666001,0.3154928,0.826286,0.0,0.0,0.0,0.0,0.0,0.0,0.0,-2.338403,-0.6267368,2.74501,1.128612,-0.2663559,-3.471498,-0.1191941,0.1916008,-0.03705153,0.9735036,347.4158,23.03419,353.0667,0.3075013,-0.07181,-0.9488335,0,0,0,1.673215,0.05044002,-2.659366,0.1700071,0.1213335,1.006422,0.9238327,-0.1178149,-0.3642154,0.02646425,0.9688399,-0.2462699,0.3818808,0.2178735,0.8981639,moving,5.368449457060225,6.604704380498954,9.588020319908257,6.874360158095474,0.544603,0.31679592,0.8121320000000001,0.09294453199422145,0.11452082505355524,0.9890632985655055,5.264960677267899,6.7403360197599795,4.195856247114082,4.228178390866127,4.325136661827271
05/17/2023 16:16:13.728262,3996,True,True,True,True,Eyes,1.126278,-0.2625384,-3.461545,0.4706008,0.3147693,0.8242908,0.0,0.0,0.0,0.0,0.0,0.0,0.0,-2.356072,-0.6273712,2.729957,1.129089,-0.2666285,-3.471513,-0.1190138,0.1946868,-0.03778834,0.9728849,347.4753,23.40726,352.9468,0.3075992,-0.07182088,-0.9488009,0,0,0,1.677635,0.05042145,-2.659532,0.1671045,0.1220955,1.008913,0.9213381,-0.1198682,-0.3698211,0.02718659,0.9688155,-0.2462871,0.3878104,0.2168595,0.8958655,moving,5.256620055578594,6.615927542947428,9.404423908722098,6.90020214784572,0.548546,0.31704994999999997,0.8119809999999998,0.09101165619433207,0.11473514532827185,0.9892183141304222,5.153021614557749,6.752113484866881,4.1253458915680135,4.157533987250396,4.253980690944512
05/17/2023 16:16:13.748193,3997,True,True,True,True,Eyes,1.126827,-0.2626282,-3.461715,0.4746477,0.3140073,0.8222585,0.0,0.0,0.0,0.0,0.0,0.0,0.0,-2.373527,-0.6241468,2.715818,1.129381,-0.2667505,-3.471628,-0.1183366,0.1977238,-0.03826831,0.9723361,347.5849,23.76514,352.8702,0.3076994,-0.07183237,-0.9487675,0,0,0,1.682261,0.05040202,-2.659706,0.1647511,0.1234823,1.011479,0.9188817,-0.1212152,-0.3754508,0.02762339,0.969064,-0.2452589,0.393565,0.2149927,0.8938035,moving,5.161858619410968,6.673029250999697,9.251174507339396,6.960280477469785,0.55288,0.31715252,0.811922,0.0893649913849347,0.11573827889971537,0.9892515420776115,5.057827874629593,6.810260893392043,4.0670812195094035,4.099392357212522,4.196029296569019
05/17/2023 16:16:13.757767,3998,True,True,True,True,Eyes,1.127381,-0.2627216,-3.461897,0.4786641,0.3132162,0.8202294,0.0,0.0,0.0,0.0,0.0,0.0,0.0,-2.390889,-0.6217335,2.701592,1.130003,-0.2669088,-3.471795,-0.1178152,0.200704,-0.03869432,0.9717718,347.6756,24.11761,352.797,0.3078018,-0.0718445,-0.9487334,0,0,0,1.68682,0.05038288,-2.659877,0.1621157,0.1245523,1.01397,0.9164413,-0.1224961,-0.3809594,0.02791212,0.9692447,-0.2445112,0.3991945,0.2134468,0.8916749,moving,5.0731048294851195,6.709760644932047,9.083692836220006,7.002919098964319,0.5568169999999999,0.31729168,0.8119180000000004,0.08782576683000176,0.11638843921472929,0.989313066270476,4.968788635324625,6.847768965697687,3.9891284621282863,4.021288106929955,4.117828086066623
05/17/2023 16:16:13.778246,3999,True,True,True,True,Eyes,1.12794,-0.2628147,-3.462081,0.4827361,0.3123873,0.8181564,0.0,0.0,0.0,0.0,0.0,0.0,0.0,-2.40748,-0.6186301,2.688046,1.130358,-0.2670283,-3.472066,-0.117137,0.2035934,-0.0391776,0.9712331,347.7849,24.45793,352.7231,0.3079062,-0.0718573,-0.9486985,0,0,0,1.691298,0.05036407,-2.660045,0.1597434,0.1259248,1.01656,0.9140297,-0.1237978,-0.386295,0.02840457,0.9694881,-0.2434872,0.4046516,0.211582,0.8896573,moving,4.99762830501476,6.7650730837276285,8.930494236014457,7.061454340140973,0.56094,0.31739237,0.8120209999999997,0.08651252107512938,0.11735698168777008,0.9893143003372699,4.892897675836518,6.9040332847613,3.911904213038688,3.944017783982632,4.0406642240401
05/17/2023 16:16:13.797843,4000,True,True,True,True,Eyes,1.128486,-0.2629099,-3.462261,0.4867736,0.3115604,0.8160769,0.0,0.0,0.0,0.0,0.0,0.0,0.0,-2.425028,-0.6180395,2.672886,1.131004,-0.2670873,-3.472254,-0.1167229,0.2066647,-0.03988438,0.9706054,347.8719,24.82586,352.6149,0.3080124,-0.07187066,-0.948663,0,0,0,1.695853,0.05034494,-2.660216,0.1566983,0.1268731,1.019104,0.9113978,-0.125669,-0.391869,0.02917898,0.96957,-0.2430691,0.4104907,0.2100984,0.8873309,moving,4.892753345664194,6.796616412544478,8.741387807417627,7.096511377692339,0.5648490000000002,0.31743224000000003,0.8120379999999998,0.08469583637781042,0.11792009220984356,0.9894045655707355,4.7877699926209525,6.936350826866184,3.8285077525429716,3.8603010517726695,3.9568605266699217
05/17/2023 16:16:13.817795,4001,True,True,True,True,Eyes,1.129036,-0.2630048,-3.462441,0.4908338,0.3107197,0.8139628,0.0,0.0,0.0,0.0,0.0,0.0,0.0,-2.442124,-0.6164682,2.657989,1.131397,-0.2672411,-3.472381,-0.1163145,0.2096894,-0.04033435,0.9699869,347.952,25.18538,352.5369,0.3081201,-0.07188462,-0.9486269,0,0,0,1.700449,0.05032564,-2.660389,0.1541256,0.1277505,1.021727,0.908807,-0.1270274,-0.397409,0.02946777,0.9696882,-0.2425623,0.4161748,0.2087316,0.8850027,moving,4.802155100793952,6.819341351541613,8.578284243274474,7.126928148430142,0.5690520000000001,0.31756674,0.811992,0.08312718597366212,0.118328194015511,0.9894889086935224,4.696985691129036,6.9596898265385,3.7570800771607824,3.7886357621590956,3.88489988380594
05/17/2023 16:16:13.828182,4002,True,True,True,True,Eyes,1.129567,-0.263092,-3.46262,0.4948231,0.3099268,0.8118469,0.0,0.0,0.0,0.0,0.0,0.0,0.0,-2.457445,-0.6161464,2.644325,1.132019,-0.2673127,-3.472492,-0.1160878,0.2123822,-0.04077101,0.9694098,348.0092,25.50772,352.4599,0.3082291,-0.07189909,-0.9485905,0,0,0,1.705122,0.05030601,-2.660565,0.1520861,0.1282406,1.024197,0.9064631,-0.1283576,-0.4023046,0.02973768,0.9697227,-0.2423913,0.4212367,0.2077552,0.8828349,moving,4.7455199222659585,6.827184327641907,8.446303079494498,7.136912266725825,0.5731029999999999,0.31761871,0.8119269999999998,0.08214763040359066,0.11847329077430833,0.9895533117945902,4.640279578807029,6.9678396565234975,3.6826460772567766,3.713721499126666,3.809776953485063
05/17/2023 16:16:13.848037,4003,True,True,True,True,Eyes,1.130108,-0.263185,-3.4628,0.4988231,0.3091246,0.8097021,0.0,0.0,0.0,0.0,0.0,0.0,0.0,-2.47056,-0.6186952,2.631959,1.132359,-0.2672347,-3.472752,-0.1160304,0.2147769,-0.04163373,0.9688522,348.0564,25.80173,352.3337,0.3083388,-0.07191383,-0.9485537,0,0,0,1.705297,0.05030528,-2.660571,0.1464875,0.1284243,1.025074,0.9042751,-0.1305152,-0.4065126,0.03083255,0.9696072,-0.2427165,0.4258357,0.2069487,0.8808157,moving,4.712355750886435,6.83311594278795,8.132751166882406,7.1409785128061465,0.5729380000000002,0.31753998,0.8121809999999998,0.08157378327069176,0.11858134769989245,0.9895878819103253,4.607064322075716,6.973967163179325,3.405238214439825,3.434222497711011,3.5296402817492782
05/17/2023 16:16:13.868438,4004,True,True,True,True,Eyes,1.130587,-0.263269,-3.462957,0.5027491,0.3083422,0.8075694,0.0,0.0,0.0,0.0,0.0,0.0,0.0,-2.484006,-0.6213987,2.619173,1.1331,-0.2674503,-3.472902,-0.1160596,0.2171809,-0.04246701,0.9682764,348.0938,26.09772,352.2085,0.3084495,-0.07192897,-0.9485165,0,0,0,1.705297,0.05030528,-2.660571,0.1403593,0.1287008,1.025668,0.902058,-0.1326514,-0.4107248,0.03182774,0.9694534,-0.2432016,0.4304397,0.2063095,0.8787253,static,4.674353711732199,6.829347952899518,7.792337534601258,7.1520924789985125,0.5721970000000001,0.31775558,0.8123309999999999,0.08091797839135129,0.11852261992463567,0.989648712931648,4.569079084686886,6.970295774220974,3.1077140435900263,3.1346430656136937,3.2283811851781645
05/17/2023 16:16:13.877830,4005,True,True,True,True,Eyes,1.131081,-0.2633523,-3.463113,0.5066832,0.3075625,0.8054053,0.0,0.0,0.0,0.0,0.0,0.0,0.0,-2.49691,-0.6228094,2.607028,1.133447,-0.2675068,-3.473151,-0.1158788,0.2195385,-0.04325281,0.9677315,348.1537,26.38481,352.0955,0.3085597,-0.07194429,-0.9484795,0,0,0,1.705297,0.05030528,-2.660571,0.1346838,0.1291874,1.026389,0.8998641,-0.1345939,-0.4148844,0.0328345,0.9694026,-0.2432704,0.4349328,0.2052878,0.8767499,static,4.6445444974385435,6.848433444003638,7.475697357084358,7.173861640091417,0.57185,0.31781208,0.8125800000000001,0.08039985883393658,0.11885729034867076,0.9896509794200351,4.5391258722972365,6.989723803449668,2.824877145154888,2.8497947339220095,2.9423390063260797
05/17/2023 16:16:13.898110,4006,True,True,True,True,Eyes,1.13149,-0.2634219,-3.463229,0.5105556,0.3068594,0.8032249,0.0,0.0,0.0,0.0,0.0,0.0,0.0,-2.510046,-0.626256,2.594022,1.134287,-0.2675584,-3.473223,-0.1160494,0.2219015,-0.0439977,0.9671384,348.1737,26.67701,351.9771,0.3086697,-0.07195976,-0.9484425,0,0,0,1.705297,0.05030528,-2.660571,0.1286359,0.1289722,1.026797,0.897648,-0.1366068,-0.4190069,0.03360068,0.9691935,-0.2439979,0.4394306,0.2049453,0.8745846,static,4.611004287920604,6.831826117107491,7.14074433688956,7.159219323379781,0.57101,0.31786368,0.8126519999999999,0.07982320832822273,0.11857592753790958,0.9897312548669179,4.505695205236138,6.973040987068054,2.528299514566802,2.550837318778033,2.6416181213678964
05/17/2023 16:16:13.918130,4007,True,True,True,True,Eyes,1.131916,-0.2634954,-3.463346,0.5144324,0.306143,0.8010217,0.0,0.0,0.0,0.0,0.0,0.0,0.0,-2.522524,-0.629702,2.581471,1.13471,-0.267614,-3.473393,-0.1163621,0.2242,-0.04449867,0.9665476,348.1713,26.96097,351.883,0.3087779,-0.0719751,-0.9484061,0,0,0,1.705297,0.05030528,-2.660571,0.1231697,0.1283077,1.027467,0.8955085,-0.1381969,-0.4230441,0.03384342,0.9689595,-0.2448921,0.4437559,0.2049857,0.8723884,static,4.592096893171274,6.791732569624154,6.835828085640191,7.118115908689209,0.570587,0.31791928,0.8128220000000002,0.07950317156137524,0.11788634705795988,0.9898394058526174,4.487068712289611,6.932532940631015,2.2472183357088404,2.267345529044315,2.35607971680406
05/17/2023 16:16:13.928401,4008,True,True,True,True,Eyes,1.132257,-0.2635532,-3.463424,0.5182114,0.3055033,0.798827,0.0,0.0,0.0,0.0,0.0,0.0,0.0,-2.535186,-0.6319602,2.568993,1.135494,-0.2677715,-3.473502,-0.1163489,0.2264882,-0.04524661,0.9659809,348.2123,27.24192,351.7706,0.3088849,-0.07199043,-0.9483701,0,0,0,1.705297,0.05030528,-2.660571,0.1172909,0.1285478,1.027825,0.8933116,-0.140118,-0.4270378,0.03471139,0.9688314,-0.2452772,0.4480953,0.2042859,0.8703321,static,4.5623949627494085,6.800055957000239,6.5101822403010665,7.128840573812913,0.5698030000000001,0.31807678,0.8129309999999998,0.07898862331722675,0.11803497781565939,0.9898628383409267,4.457299557826157,6.941068211252539,1.9573996013688932,1.975341642057079,2.0614523443792936
05/17/2023 16:16:13.948363,4009,True,True,True,True,Eyes,1.132609,-0.2636178,-3.4635,0.5219711,0.3048543,0.7966242,0.0,0.0,0.0,0.0,0.0,0.0,0.0,-2.54682,-0.6356756,2.556911,1.135876,-0.2677779,-3.473651,-0.1165333,0.2286787,-0.04600926,0.9654064,348.2313,27.5143,351.652,0.3089889,-0.07200546,-0.9483351,0,0,0,1.705297,0.05030528,-2.660571,0.1119602,0.1282776,1.028361,0.8911784,-0.1421326,-0.4308125,0.03553786,0.9686063,-0.2460467,0.452259,0.2039613,0.868252,static,4.542338202749145,6.787823904648239,6.2134602132227235,7.11033986844617,0.569421,0.31808318,0.8130799999999998,0.07864407543382804,0.11782688077378677,0.9899151605342843,4.437324712029429,6.928763167749349,1.6862699562990127,1.701959259440062,1.7853927906304259
05/17/2023 16:16:13.968127,4010,True,True,True,True,Eyes,1.132896,-0.2636711,-3.463547,0.5252059,0.3042801,0.7947153,0.0,0.0,0.0,0.0,0.0,0.0,0.0,-2.557101,-0.6380998,2.546363,1.136448,-0.2680017,-3.473696,-0.1165733,0.2305789,-0.04671204,0.9649157,348.2627,27.74936,351.5482,0.3090906,-0.07202038,-0.9483008,0,0,0,1.705297,0.05030528,-2.660571,0.1071053,0.1285236,1.028635,0.8893027,-0.143905,-0.4340875,0.03638766,0.9684573,-0.2465084,0.455869,0.2034252,0.8664881,static,4.5226671459152525,6.791255458090221,5.944428643752329,7.121957412630347,0.5688490000000002,0.31830698,0.8131249999999999,0.07830362141744918,0.117889333717547,0.9899346809630702,4.4176239728569415,6.93230986287955,1.4458325335270052,1.4597155680024059,1.5385378436016623
05/17/2023 16:16:13.977977,4011,True,True,True,True,Eyes,1.133197,-0.263726,-3.463593,0.528409,0.3036977,0.7928125,0.0,0.0,0.0,0.0,0.0,0.0,0.0,-2.565926,-0.6390634,2.537533,1.136711,-0.2680346,-3.47383,-0.1163633,0.2322385,-0.04737255,0.9645106,348.3189,27.95158,351.4596,0.3091888,-0.072035,-0.9482678,0,0,0,1.705297,0.05030528,-2.660571,0.1030357,0.1290733,1.028953,0.8876423,-0.1454307,-0.4369681,0.03733457,0.9684308,-0.2464708,0.4590178,0.2024639,0.8650497,static,4.530703977617274,6.822799275504126,5.718333600852881,7.149916003165954,0.568586,0.31833988,0.813259,0.07843736695667589,0.11843306882547165,0.9898591880141463,4.4254379917167705,6.9642053801009745,1.2197306216088026,1.2318561099020173,1.3061651854350642
05/17/2023 16:16:13.998117,4012,True,True,True,True,Eyes,1.13344,-0.2637709,-3.463612,0.5312884,0.3031639,0.7910906,0.0,0.0,0.0,0.0,0.0,0.0,0.0,-2.573605,-0.640873,2.529624,1.137342,-0.2681251,-3.473863,-0.1163439,0.2336377,-0.04794955,0.9641466,348.3496,28.12461,351.3781,0.3092842,-0.07204937,-0.9482355,0,0,0,1.705297,0.05030528,-2.660571,0.09925267,0.1293023,1.029001,0.8862286,-0.1468254,-0.4393646,0.03809613,0.9683299,-0.2467507,0.4616792,0.2019395,0.8637551,static,4.5491009589269344,6.832663734254181,5.509441724632419,7.162139012858023,0.567955,0.31843038,0.8132920000000001,0.07875361055454844,0.11860052384799556,0.9898140412288225,4.443769502631374,6.9741203860305525,1.0049013300601368,1.0152873216419454,1.0821313639197097
05/17/2023 16:16:14.018111,4013,True,True,True,True,Eyes,1.133696,-0.2638195,-3.463632,0.5341193,0.3026173,0.7893917,0.0,0.0,0.0,0.0,0.0,0.0,0.0,-2.579905,-0.6420217,2.523177,1.137592,-0.268168,-3.473974,-0.1163318,0.2348161,-0.04831763,0.9638432,348.3718,28.26914,351.3226,0.3093759,-0.07206335,-0.9482045,0,0,0,1.705297,0.05030528,-2.660571,0.09634298,0.1293638,1.029233,0.8850535,-0.1477744,-0.4414101,0.03850808,0.9682646,-0.2469428,0.4638936,0.2015598,0.8626567,static,4.595789111290085,6.8357946872348,5.347679103659912,7.1639117391049005,0.5677050000000001,0.31847328,0.8134030000000001,0.07955969580027594,0.1186469857212282,0.9897439368362427,4.490447697275055,6.977114524339732,0.811654714055856,0.8203653822253993,0.877347641209905
05/17/2023 16:16:14.028407,4014,True,True,True,True,Eyes,1.133908,-0.263855,-3.463629,0.5366335,0.3021385,0.7878686,0.0,0.0,0.0,0.0,0.0,0.0,0.0,-2.585356,-0.6421664,2.517855,1.138115,-0.2683018,-3.47401,-0.116146,0.2357845,-0.04871912,0.963609,348.4125,28.38635,351.2713,0.3094646,-0.07207706,-0.9481745,0,0,0,1.705297,0.05030528,-2.660571,0.09363243,0.1299203,1.029195,0.8840642,-0.1486632,-0.4430912,0.0391215,0.9682731,-0.2468131,0.4657253,0.2008642,0.8618314,static,4.644921098403234,6.861922539812589,5.198252365032275,7.194670225128181,0.5671820000000001,0.31860708,0.8134389999999998,0.080404097842985,0.11909023069484403,0.9896225620778683,4.539406380955036,7.003374748129425,0.6385624167541695,0.645675237803172,0.6860553842474285
05/17/2023 16:16:14.048265,4015,True,True,True,True,Eyes,1.134131,-0.2638944,-3.463627,0.5391097,0.3016528,0.7863628,0.0,0.0,0.0,0.0,0.0,0.0,0.0,-2.590772,-0.6438296,2.512098,1.138429,-0.2682257,-3.474087,-0.1161177,0.2368083,-0.04920993,0.9633365,348.4388,28.51348,351.2045,0.3095496,-0.07209024,-0.9481458,0,0,0,1.705297,0.05030528,-2.660571,0.09095508,0.1300082,1.029289,0.8830004,-0.1498067,-0.4448237,0.03981616,0.9681901,-0.2470275,0.4676803,0.2004142,0.860877,static,4.682516613328714,6.8726585307661985,5.049933295101078,7.198836257882317,0.5668680000000001,0.31853098,0.8135159999999999,0.0810516818004704,0.11926938721919626,0.9895481654550439,4.576935296903921,7.014099992887638,0.4859863940610234,0.49131143657689474,0.5077938498078748
05/17/2023 16:16:14.069160,4016,True,True,True,True,Eyes,1.134305,-0.2639277,-3.463598,0.5412752,0.3012424,0.7850313,1.030388,1.692029,0.04646885,-2.654711,-0.8843377,-0.2557155,0.3905846,0.07471558,0.1247228,1.027276,1.138906,-0.2683549,-3.474086,-0.1159362,0.2377577,-0.04938291,0.9631156,348.4725,28.62602,351.1791,0.3096317,-0.07210304,-0.948118,0,0,0,1.705297,0.05030528,-2.660571,0.08845863,0.1304143,1.029231,0.8820651,-0.1502523,-0.4465258,0.03999346,0.9682402,-0.2468022,0.4694269,0.1998375,0.8600601,static,4.716818407018371,6.890690586298938,4.912290541155527,7.221488528958287,0.5663910000000001,0.31866018,0.8135149999999998,0.08164105920417539,0.11957502947303655,0.9894627418205462,4.611117590027074,7.032221931482539,0.38079006479845684,0.3842351286540476,0.355706327483035
05/17/2023 16:16:14.077852,4017,True,True,True,True,Eyes,1.134485,-0.2639693,-3.463572,0.5433636,0.3008042,0.7837557,1.025153,1.691516,0.04440105,-2.660102,-0.9187379,-0.3936297,0.0312498,0.07548743,0.1244657,1.02198,1.139005,-0.2684371,-3.474042,-0.1157879,0.2383788,-0.04965153,0.9629661,348.5023,28.70084,351.146,0.3097101,-0.07211541,-0.9480916,0,0,0,1.705297,0.05030528,-2.660571,0.08695322,0.1308551,1.029239,0.8814206,-0.1508282,-0.4476033,0.0404227,0.9682558,-0.2466713,0.4705995,0.1993279,0.8595374,static,4.78125016353905,6.9095420827549265,4.829053395457351,7.245582450889529,0.566292,0.31874238,0.8134709999999998,0.0827505503937234,0.11988958039027678,0.9893326037023491,4.675431985007469,7.051060481422315,0.33775372839036216,0.3394234493930466,0.2478675742286896
05/17/2023 16:16:14.097702,4018,True,True,True,True,Eyes,1.134622,-0.2640016,-3.463523,0.5451572,0.3003939,0.7826667,1.022897,1.692261,0.04327044,-2.662936,-0.8690182,-0.4689898,-0.157658,0.07690641,0.1254047,1.019487,1.139306,-0.268667,-3.474065,-0.1152564,0.2385273,-0.04979157,0.9629859,348.5667,28.71201,351.1449,0.3097852,-0.07212763,-0.9480661,0,0,0,1.705297,0.05030528,-2.660571,0.0862731,0.1321699,1.029052,0.8812511,-0.1508808,-0.4479192,0.04091357,0.9684736,-0.2457339,0.4708743,0.1982273,0.8596414,static,4.884649087440399,6.969122039775859,4.792325294133522,7.31891439928472,0.5659910000000001,0.31897228,0.8134939999999999,0.08452537315910097,0.12090020641011712,0.9890594686570902,4.778433432512709,7.110974610928779,0.36135099615264465,0.36177116742679727,0.20840330947661406
05/17/2023 16:16:14.117867,4019,True,True,True,True,Eyes,1.134761,-0.2640395,-3.46348,0.5468426,0.299967,0.781654,1.021507,1.693365,0.04237872,-2.665015,-0.7955509,-0.5284972,-0.2962929,0.07915157,0.1263067,1.017788,1.139401,-0.2686422,-3.474028,-0.1147271,0.238337,-0.05005173,0.9630827,348.6311,28.68402,351.1343,0.3098567,-0.0721395,-0.9480419,0,0,0,1.705297,0.05030528,-2.660571,0.08648139,0.1333946,1.028787,0.8813806,-0.1510953,-0.4475919,0.04172047,0.9686651,-0.2448417,0.4705611,0.197125,0.8600662,static,5.016589746574668,7.034254894069304,4.8050729748788426,7.387868274315068,0.565896,0.31894748,0.8134570000000001,0.08679097732006646,0.12200061852875789,0.9887280623681054,4.909944578749375,7.176402040206534,0.41205336483807914,0.4120458316710157,0.23604241454963806
05/17/2023 16:16:14.127887,4020,True,True,True,True,Eyes,1.134862,-0.2640679,-3.463415,0.5482682,0.2995875,0.7808005,1.020713,1.694487,0.0417248,-2.666442,-0.7207435,-0.5721059,-0.3914377,0.08168364,0.127241,1.016732,1.139631,-0.2688081,-3.4741,-0.1143069,0.2377742,-0.05024396,0.9632617,348.6781,28.61248,351.1322,0.3099247,-0.07215122,-0.9480188,0,0,0,1.705297,0.05030528,-2.660571,0.08729765,0.1345796,1.028546,0.881878,-0.1511546,-0.4465909,0.04243772,0.968819,-0.2441082,0.4695639,0.1963214,0.8607948,static,5.175523552525381,7.088881798291256,4.851341640542569,7.4544898353006825,0.565666,0.31911338,0.813529,0.08952313587947475,0.12291340147814245,0.9883713947535706,5.068530942258599,7.231095357027864,0.4885760401773149,0.4886339619620376,0.3115706752932336
05/17/2023 16:16:14.148175,4021,True,True,True,True,Eyes,1.134969,-0.2640958,-3.463346,0.5496091,0.2991979,0.7800067,1.020222,1.695692,0.04115242,-2.667567,-0.6403641,-0.6102455,-0.4664057,0.08410317,0.128229,1.015865,1.139776,-0.2687732,-3.474041,-0.1138545,0.2372514,-0.05067191,0.9634218,348.7357,28.54771,351.1041,0.3099889,-0.07216259,-0.9479969,0,0,0,1.705297,0.05030528,-2.660571,0.08807176,0.1358136,1.02818,0.8822883,-0.1516611,-0.4456078,0.04361259,0.9689391,-0.2434236,0.4686846,0.1953357,0.8614979,static,5.317529829835245,7.153610376257289,4.895886464627462,7.524709984807368,0.5655210000000002,0.31907848,0.8134700000000001,0.09195995490576941,0.12400225522928492,0.9880115412301063,5.210113256359832,7.296075951181189,0.5613376104957731,0.5616921282070508,0.38860262219212427
05/17/2023 16:16:14.168077,4022,True,True,True,True,Eyes,1.135063,-0.2641213,-3.463276,0.5505445,0.2989501,0.7794418,1.01997,1.696602,0.04079875,-2.668269,-0.5793407,-0.6334459,-0.5129431,0.08594355,0.1289324,1.0152,1.140015,-0.2687843,-3.473881,-0.1135445,0.2368121,-0.05085513,0.9635567,348.7712,28.49253,351.0981,0.3100499,-0.07217366,-0.9479762,0,0,0,1.705297,0.05030528,-2.660571,0.08875096,0.1366592,1.027756,0.8826675,-0.151781,-0.4448151,0.0442262,0.9690428,-0.2428993,0.4679124,0.1947268,0.8620554,static,5.428528327197175,7.196412981693662,4.935482624713084,7.574105544123542,0.5652820000000001,0.31908958,0.81331,0.09386535495914095,0.12471803279133441,0.987742190954985,5.320835931694611,7.338981235481014,0.6204322185009647,0.6210843231420993,0.4514206593812756
05/17/2023 16:16:14.177884,4023,True,True,True,True,Eyes,1.135163,-0.2641481,-3.463207,0.5514046,0.2987091,0.7789261,1.019845,1.69751,0.04048884,-2.668824,-0.5189874,-0.6542875,-0.5500545,0.08816934,0.1292626,1.014921,1.14001,-0.2687892,-3.473863,-0.1134434,0.2362116,-0.05108003,0.963704,348.7833,28.42168,351.0829,0.3101077,-0.07218438,-0.9479565,0,0,0,1.705297,0.05030528,-2.660571,0.08989233,0.1371209,1.027585,0.8831898,-0.1520454,-0.4436868,0.04485878,0.9690429,-0.2427831,0.4668655,0.1945203,0.8626693,static,5.551370492549443,7.2192920033740124,4.999462798411528,7.600645759746793,0.5652870000000001,0.31909448,0.8132920000000001,0.09597836705109719,0.12508712914740625,0.9874924768144033,5.443547489900409,7.361677482116619,0.6699159379646661,0.6708448332872963,0.504298573196778
05/17/2023 16:16:14.197889,4024,True,True,True,True,Eyes,1.135283,-0.2641759,-3.463154,0.5519345,0.298586,0.778598,1.019771,1.69813,0.04031351,-2.669162,-0.4777807,-0.6661156,-0.5727265,0.08984128,0.1295294,1.014614,1.140248,-0.2688479,-3.473822,-0.113388,0.2356275,-0.05117262,0.9638487,348.7867,28.35211,351.0809,0.3101627,-0.07219482,-0.9479378,0,0,0,1.705297,0.05030528,-2.660571,0.09085262,0.1374509,1.027311,0.8837221,-0.15208,-0.4426138,0.04521067,0.969049,-0.2426931,0.4658232,0.1944624,0.8632457,static,5.653167957817902,7.235061542388327,5.053936029373323,7.620731292238544,0.5650490000000001,0.31915318,0.8132510000000002,0.09772958675827292,0.12533745723702594,0.9872890088396932,5.545259470930711,7.377256950144893,0.7114561769756872,0.7126149451260044,0.5483415719072672
05/17/2023 16:16:14.217818,4025,True,True,True,True,Eyes,1.135407,-0.2642005,-3.463096,0.5524248,0.298476,0.7782923,1.019716,1.698724,0.04016024,-2.669458,-0.4380842,-0.6761739,-0.5923437,0.09122288,0.1297872,1.014472,1.140296,-0.2688116,-3.473831,-0.1132428,0.2352652,-0.05117397,0.9639543,348.7995,28.30672,351.0894,0.3102156,-0.07220501,-0.9479197,0,0,0,1.705297,0.05030528,-2.660571,0.09156418,0.1377628,1.027175,0.8840631,-0.1519429,-0.4419795,0.04537455,0.9691145,-0.2424006,0.4651599,0.1942429,0.8636527,static,5.729334664684842,7.255015941116607,5.093982001831637,7.638819468550935,0.5650010000000001,0.31911688,0.8132600000000001,0.0990378190137444,0.12566494983053614,0.9871169217774656,5.6213040603737925,7.397167838205151,0.7408977808972755,0.7422790269606784,0.5800552248483865
05/17/2023 16:16:14.228469,4026,True,True,True,True,Eyes,1.135571,-0.2642338,-3.463062,0.5527079,0.2984447,0.7781033,1.019665,1.699147,0.04007959,-2.669658,-0.4099966,-0.6817976,-0.6058505,0.09212738,0.129629,1.014188,1.140529,-0.2687612,-3.473667,-0.1133438,0.2349859,-0.05120235,0.964009,348.7865,28.27521,351.0864,0.3102667,-0.07221488,-0.9479023,0,0,0,1.705297,0.05030528,-2.660571,0.09199986,0.1376135,1.026884,0.88432,-0.1519874,-0.44145,0.04545064,0.969063,-0.2425926,0.4646639,0.1944653,0.8638697,static,5.780301339992401,7.2501854199549465,5.119534386011292,7.632775410481733,0.5647680000000002,0.31906648,0.8130959999999998,0.09991705984218677,0.12557063509754118,0.9870403253692741,5.672318685563872,7.3920881345241725,0.7620053048198165,0.7635365533651675,0.6029103139271274
05/17/2023 16:16:14.248219,4027,True,True,True,True,Eyes,1.135738,-0.264267,-3.463027,0.5529759,0.2984098,0.7779263,1.019621,1.699564,0.03999802,-2.669837,-0.3822315,-0.6872227,-0.6177572,0.09309623,0.1300501,1.014104,1.140553,-0.2688292,-3.473653,-0.1132324,0.234687,-0.05135801,0.9640866,348.8005,28.2395,351.0757,0.310317,-0.07222463,-0.9478851,0,0,0,1.705297,0.05030528,-2.660571,0.09251383,0.1380554,1.026774,0.8845688,-0.1521755,-0.4408863,0.04587877,0.9690816,-0.2424378,0.4641479,0.1942256,0.8642008,static,5.829375605420446,7.2730967837961265,5.148530667362323,7.657805773944888,0.5647440000000001,0.31913448,0.8130820000000001,0.10075749073343063,0.12595459651397117,0.9869059988806662,5.721242569366891,7.415093156506583,0.7803704169067441,0.782017158878659,0.6220195634877111
05/17/2023 16:16:14.267992,4028,True,True,True,True,Eyes,1.135945,-0.2643041,-3.463021,0.553129,0.2984335,0.7778083,1.019557,1.699891,0.03996587,-2.670001,-0.3603143,-0.6892199,-0.6286091,0.0933874,0.1302601,1.013912,1.140801,-0.26886,-3.473588,-0.1131827,0.2346122,-0.05142398,0.9641072,348.8072,28.23051,351.0706,0.3103666,-0.07223427,-0.9478681,0,0,0,1.705297,0.05030528,-2.660571,0.09243852,0.1382433,1.026578,0.8846255,-0.1522645,-0.4407418,0.0460484,0.9690905,-0.2423698,0.4640231,0.194111,0.8642936,static,5.847005639533704,7.285392005072539,5.145338971129066,7.669551097963172,0.5644960000000001,0.31916528,0.8130169999999999,0.1010584632565554,0.12616249920477804,0.9868486241115035,5.738789595883349,7.427471214348677,0.7981507770279879,0.7999464495831069,0.6409261377663232
05/17/2023 16:16:14.277831,4029,True,True,True,True,Eyes,1.136148,-0.2643492,-3.463009,0.5532734,0.2984655,0.7776933,1.019507,1.700214,0.03993845,-2.670145,-0.3388351,-0.6911787,-0.6383281,0.09400678,0.1302078,1.013974,1.140769,-0.2687982,-3.473661,-0.1132273,0.2344616,-0.05151698,0.9641336,348.8035,28.21419,351.0605,0.3104165,-0.07224385,-0.9478511,0,0,0,1.705297,0.05030528,-2.660571,0.09270608,0.1381672,1.02662,0.8847475,-0.1524334,-0.4404383,0.04624356,0.9690511,-0.24249,0.4637709,0.194175,0.8644147,static,5.871840523089687,7.2896828860193805,5.159941717391744,7.665069515023908,0.5645280000000001,0.31910348,0.8130899999999999,0.10148531280873485,0.12623088947880334,0.9867960643051853,5.763600460419617,7.431721094801401,0.802883982298828,0.8048074495117077,0.6471903609096257
05/17/2023 16:16:14.297656,4030,True,True,True,True,Eyes,1.136361,-0.2643872,-3.463006,0.5533811,0.2985094,0.7775998,1.019446,1.700504,0.03992712,-2.670285,-0.3195083,-0.6918329,-0.6475196,0.09432736,0.1302767,1.013843,1.1409,-0.2690372,-3.473486,-0.1133019,0.2344588,-0.05137543,0.9641331,348.7912,28.2135,351.0742,0.3104664,-0.07225358,-0.947834,0,0,0,1.705297,0.05030528,-2.660571,0.09271026,0.1381976,1.026479,0.8847793,-0.1521947,-0.440457,0.04593623,0.9690465,-0.242567,0.4637407,0.1943853,0.8643835,static,5.883565184604749,7.2804767759199915,5.160878104868349,7.667776547342155,0.564397,0.31934248,0.8129149999999998,0.10168934261327256,0.12606969052626707,0.9867956543353348,5.775393877916678,7.4223596893828745,0.8180272062209867,0.8199254406112704,0.6617092031215761
05/17/2023 16:16:14.317751,4031,True,True,True,True,Eyes,1.136578,-0.2644221,-3.463,0.5534878,0.2985888,0.7774934,1.01937,1.700787,0.03995043,-2.670447,-0.3005519,-0.6901993,-0.6582503,0.09436896,0.1308569,1.013736,1.140992,-0.2688552,-3.473538,-0.113004,0.2345089,-0.05157788,0.964145,348.8304,28.21712,351.0599,0.3105166,-0.07226327,-0.9478167,0,0,0,1.705297,0.05030528,-2.660571,0.09242886,0.1387109,1.02637,0.8846906,-0.152458,-0.440544,0.04645624,0.9691396,-0.2420954,0.463858,0.1937135,0.8644714,static,5.880318717315729,7.3262945990534645,5.145841187427359,7.696723371467908,0.5643050000000001,0.31916048,0.812967,0.10162311408884087,0.12685962910464466,0.9867012620160971,5.771819819069532,7.468744192640008,0.820449835982516,0.8226024053839097,0.6662009856279495
05/17/2023 16:16:14.328814,4032,True,True,True,True,Eyes,1.1368,-0.2644609,-3.463002,0.5536155,0.2986718,0.7773706,1.019315,1.701109,0.03997967,-2.670616,-0.2791343,-0.6882781,-0.6695948,0.09435436,0.1298779,1.013673,1.141316,-0.2688251,-3.473471,-0.1135524,0.2345495,-0.05162973,0.9640679,348.7713,28.23072,351.0369,0.3105672,-0.07227281,-0.9477994,0,0,0,1.705297,0.05030528,-2.660571,0.09205577,0.1376333,1.026307,0.8846418,-0.1528164,-0.4405178,0.04628181,0.9688804,-0.2431639,0.4639685,0.194725,0.8641848,static,5.8820096792163605,7.274736222751853,5.125493729456762,7.638101852119088,0.5639810000000001,0.31913038,0.8129,0.10166383838914772,0.12597115539251297,0.9868108976257358,5.773878896872404,7.416555479220401,0.8369354821318178,0.8392561961916717,0.6851905725191888
05/17/2023 16:16:14.348518,4033,True,True,True,True,Eyes,1.137017,-0.2645019,-3.463005,0.553737,0.2987442,0.7772562,1.019283,1.701432,0.04000294,-2.670761,-0.2577067,-0.6869498,-0.6794757,0.0945037,0.1304904,1.013674,1.141291,-0.2689083,-3.47345,-0.1134631,0.2345475,-0.05206273,0.9640556,348.7934,28.23364,350.9908,0.3106182,-0.07228231,-0.947782,0,0,0,1.705297,0.05030528,-2.660571,0.09185186,0.1381757,1.026276,0.8845539,-0.1536077,-0.4404193,0.04715777,0.9688312,-0.2431918,0.4640481,0.194347,0.8642272,static,5.8788524140442675,7.306752606824218,5.114354336158288,7.668074324166432,0.564006,0.31921358,0.8128790000000001,0.10160225957566732,0.12652335376699358,0.9867465654572867,5.770492483208293,7.448971171215126,0.843153354837537,0.8455830500397248,0.6917539010713397
05/17/2023 16:16:14.368064,4034,True,True,True,True,Eyes,1.137221,-0.2645432,-3.463008,0.5538479,0.2988045,0.777154,1.019255,1.701733,0.04001477,-2.670889,-0.237522,-0.6859432,-0.6877974,0.09465548,0.1314913,1.013609,1.14133,-0.2689985,-3.473455,-0.1131494,0.2345129,-0.05244366,0.9640802,348.8387,28.22872,350.9578,0.3106694,-0.07229183,-0.9477645,0,0,0,1.705297,0.05030528,-2.660571,0.0916774,0.139128,1.026174,0.8845068,-0.1541898,-0.4403104,0.04804984,0.9688937,-0.2427675,0.4640463,0.1935727,0.8644019,static,5.880621356318343,7.360824030115281,5.105196410246016,7.721045220011609,0.5639670000000001,0.31930378,0.8128839999999999,0.1016205134711822,0.12745427536561246,0.9866248751189785,5.7718763054488695,7.503690399888939,0.852434693369765,0.8550106155139818,0.7012169425350803
05/17/2023 16:16:14.378259,4035,True,True,True,True,Eyes,1.13742,-0.2645843,-3.463012,0.5539324,0.298837,0.7770813,1.019244,1.702013,0.04000363,-2.670976,-0.2188318,-0.6865152,-0.6934043,0.09524015,0.1318676,1.013653,1.141216,-0.2690404,-3.473442,-0.1130225,0.2344027,-0.05250195,0.9641188,348.8533,28.21427,350.9563,0.3107205,-0.0723014,-0.9477471,0,0,0,1.705297,0.05030528,-2.660571,0.0919767,0.139484,1.026164,0.8845979,-0.1542218,-0.4401162,0.04825068,0.9689389,-0.2425475,0.4638518,0.1933211,0.8645626,static,5.897943815639446,7.381321740379412,5.12182453082669,7.740637091429874,0.564081,0.31934568,0.8128709999999999,0.10191418484551762,0.12780337761434166,0.9865494405989442,5.789057182921322,7.52437137215201,0.8526583696746616,0.8552594143058472,0.7014059262338805
05/17/2023 16:16:14.398051,4036,True,True,True,True,Eyes,1.137606,-0.2646236,-3.463017,0.5540122,0.298867,0.7770129,1.019255,1.702286,0.03999814,-2.671042,-0.2007434,-0.6872317,-0.6981509,0.09608519,0.1327202,1.013563,1.14131,-0.2690686,-3.473502,-0.1126013,0.2340888,-0.05242217,0.9642486,348.895,28.1697,350.9818,0.3107713,-0.07231099,-0.9477296,0,0,0,1.705297,0.05030528,-2.660571,0.0925608,0.1403242,1.026001,0.8849087,-0.1538134,-0.4396341,0.04837861,0.9691458,-0.2416941,0.4632453,0.1926083,0.8650468,static,5.943033078407193,7.430999094372543,5.154990572123128,7.787915384964965,0.563987,0.31937388,0.8129309999999998,0.10267921263494348,0.12864852881906472,0.9863602706565225,5.833804137354461,7.574481244267255,0.8623579912588489,0.8651012832037214,0.7115771137111161
05/17/2023 16:16:14.417748,4037,True,True,True,True,Eyes,1.13779,-0.264667,-3.463025,0.5540808,0.2988669,0.776964,1.019273,1.70255,0.03996006,-2.671086,-0.1830746,-0.6894771,-0.7007887,0.0969007,0.1332255,1.013582,1.141287,-0.269085,-3.473559,-0.1123371,0.2338305,-0.05235738,0.9643455,348.9201,28.13428,351.0001,0.3108216,-0.07232057,-0.9477124,0,0,0,1.705297,0.05030528,-2.660571,0.09312555,0.1408503,1.025941,0.885164,-0.1535169,-0.4392234,0.04844552,0.9692782,-0.2411491,0.4627501,0.1921781,0.8654073,static,5.980104812672094,7.461420677801923,5.186573853475239,7.81720484117163,0.5640100000000001,0.31939028,0.8129879999999998,0.1033104105371268,0.1291637358671097,0.9862270035604135,5.8706687539581255,7.60513229564163,0.8668301671180051,0.8696400140912117,0.7162126761195061
05/17/2023 16:16:14.428455,4038,True,True,True,True,Eyes,1.13799,-0.2647084,-3.463043,0.5541345,0.2988729,0.7769234,1.019298,1.702818,0.03993222,-2.671126,-0.1651686,-0.6913049,-0.7034323,0.09722081,0.1341526,1.013579,1.141433,-0.2692159,-3.473663,-0.1119092,0.2337132,-0.05233791,0.964425,348.966,28.1137,351.0166,0.3108713,-0.07233025,-0.9476954,0,0,0,1.705297,0.05030528,-2.660571,0.09319064,0.141793,1.025848,0.8852778,-0.1532613,-0.4390833,0.04864265,0.9694741,-0.2403202,0.4625117,0.191392,0.865709,static,5.998936143358714,7.509894773106463,5.190647165873326,7.869575927153849,0.5638640000000001,0.31952118,0.8130920000000001,0.10362321065951396,0.12999381757293366,0.9860851187994111,5.889159400170607,7.654122604053598,0.8817659652672516,0.8847042464582348,0.7309852774836993
05/17/2023 16:16:14.448066,4039,True,True,True,True,Eyes,1.138182,-0.2647471,-3.463066,0.5541748,0.2988807,0.7768916,1.019335,1.703071,0.03991255,-2.671153,-0.1483569,-0.692943,-0.7055636,0.0970982,0.1344741,1.013589,1.141471,-0.2691239,-3.473633,-0.1116704,0.2338978,-0.05230242,0.9644097,348.9932,28.13179,351.0258,0.3109208,-0.07233994,-0.9476784,0,0,0,1.705297,0.05030528,-2.660571,0.09282595,0.1421208,1.025763,0.8851125,-0.1531208,-0.4394653,0.048643,0.9695884,-0.2398589,0.4628278,0.1909253,0.8656431,static,5.981952644799359,7.533471983615622,5.170870653490895,7.888185625162139,0.5638260000000002,0.31942918000000003,0.813062,0.10332529988217687,0.1304036382777196,0.9860622259605536,5.8720032706240906,7.67804872161032,0.8822129569974089,0.8852546323652277,0.7319456708270023
05/17/2023 16:16:14.467982,4040,True,True,True,True,Eyes,1.138367,-0.2647839,-3.463097,0.5542389,0.2989428,0.7768221,1.019349,1.703331,0.03994325,-2.671244,-0.1310225,-0.6905724,-0.7112967,0.09765017,0.1344875,1.013726,1.141469,-0.2690972,-3.473783,-0.1116318,0.2337619,-0.05216671,0.9644545,348.9925,28.11363,351.0438,0.3109699,-0.07234954,-0.9476616,0,0,0,1.705297,0.05030528,-2.660571,0.093119,0.1420716,1.025855,0.885268,-0.1528153,-0.4392585,0.04843434,0.969634,-0.2397167,0.4625523,0.1909384,0.8657874,static,6.006193254663675,7.538936415729798,5.186643446277458,7.884790931227747,0.563828,0.31940248,0.813212,0.10374126572376155,0.13049201251456832,0.9860069550715095,5.8962113353136525,7.683488580475489,0.8863531539410473,0.8895376519946787,0.7375698106414517
05/17/2023 16:16:14.477800,4041,True,True,True,True,Eyes,1.138549,-0.2648147,-3.46313,0.5542881,0.2990289,0.7767538,1.019366,1.703572,0.04000518,-2.671334,-0.1150206,-0.6868142,-0.7176743,0.09860659,0.1339056,1.013951,1.141382,-0.26908,-3.47393,-0.1119393,0.2334519,-0.05203135,0.9645013,348.9516,28.07987,351.0533,0.3110183,-0.07235902,-0.947645,0,0,0,1.705297,0.05030528,-2.660571,0.09384063,0.1413893,1.026042,0.8855859,-0.1526335,-0.4386806,0.04810372,0.9695246,-0.2402248,0.461978,0.1916376,0.8659397,static,6.0487807917338285,7.50998835753046,5.225668522137291,7.845984656222693,0.5639150000000002,0.31938528,0.8133590000000002,0.1044811602759873,0.12998369831190634,0.9859959289833824,5.939016586875673,7.654030800920211,0.8858023018480292,0.889048548221773,0.7387230496143196
05/17/2023 16:16:14.497635,4042,True,True,True,True,Eyes,1.138741,-0.2648481,-3.463172,0.554165,0.2992507,0.7767563,1.019227,1.703561,0.04015613,-2.671482,-0.115674,-0.6765278,-0.7272755,0.09891173,0.1333012,1.013899,1.141476,-0.2689728,-3.474005,-0.112302,0.2332645,-0.0520446,0.9645038,348.91,28.06307,351.043,0.3110662,-0.0723682,-0.9476286,0,0,0,1.705297,0.05030528,-2.660571,0.09411633,0.1405943,1.0261,0.8857581,-0.1527865,-0.4382795,0.04800231,0.9693593,-0.2409116,0.4616584,0.192351,0.8659518,static,6.061055088332343,7.485131872746784,5.240641362290671,7.801977756857954,0.5638210000000001,0.31927808,0.813434,0.10469834393367777,0.1295529671635348,0.9860296464822188,5.951471389451634,7.628827548049222,0.8761054209428741,0.879471429982673,0.7316148729517209
05/17/2023 16:16:14.517781,4043,True,True,True,True,Eyes,1.138927,-0.2648788,-3.46322,0.5540305,0.2994635,0.7767701,1.019099,1.703539,0.04030433,-2.671614,-0.1171662,-0.6666362,-0.736117,0.09905791,0.1330782,1.013874,1.141458,-0.2690104,-3.474019,-0.1125521,0.2331858,-0.05210362,0.9644904,348.8831,28.05803,351.0296,0.3111136,-0.07237718,-0.9476123,0,0,0,1.705297,0.05030528,-2.660571,0.09424701,0.1401899,1.026176,0.8858193,-0.152998,-0.4380821,0.04801577,0.9692345,-0.2414105,0.4615396,0.1928112,0.8659128,static,6.058908994013307,7.472273242874756,5.247490867921674,7.779242530470241,0.563839,0.31931568,0.8134480000000002,0.10466444262536176,0.12933212428938537,0.9860621314568507,5.949416422720058,7.615821321315311,0.8641716173497287,0.8675422288724258,0.7206982559162184
05/17/2023 16:16:14.528337,4044,True,True,True,True,Eyes,1.13911,-0.2648999,-3.463274,0.5538096,0.2997633,0.776812,1.018888,1.70338,0.04052529,-2.671789,-0.1277353,-0.65175,-0.7475998,0.09936208,0.1333314,1.01379,1.141476,-0.2689733,-3.474219,-0.1125234,0.2329451,-0.05208903,0.9645527,348.8837,28.02876,351.0349,0.3111605,-0.0723859,-0.9475963,0,0,0,1.705297,0.05030528,-2.660571,0.09465533,0.1401954,1.026276,0.8860466,-0.1529088,-0.4376531,0.04806168,0.9692504,-0.2413373,0.461098,0.1928017,0.8661501,static,6.072330632502143,7.493194260959013,5.26958697030846,7.778795237222453,0.5638210000000001,0.31927858000000003,0.8136480000000001,0.10489049606978404,0.12968906256986698,0.985991238960587,5.962692427238496,7.636945321671895,0.8485114532999225,0.8520359762561416,0.7074719591389432
05/17/2023 16:16:14.548815,4045,True,True,True,True,Eyes,1.139289,-0.2649257,-3.463333,0.5535885,0.3000981,0.7768403,1.018689,1.703224,0.04078102,-2.671974,-0.1381792,-0.6349103,-0.7601286,0.09957483,0.1321403,1.013781,1.141466,-0.2687591,-3.474308,-0.1131668,0.2328017,-0.05204523,0.9645145,348.8096,28.02083,351.022,0.3112068,-0.0723941,-0.9475805,0,0,0,1.705297,0.05030528,-2.660571,0.09496731,0.1387024,1.026459,0.8861893,-0.1530876,-0.4373017,0.04770592,0.9689692,-0.2425344,0.4608608,0.1940695,0.8659933,static,6.073872866439859,7.44067825569518,5.285919833519049,7.695598067094989,0.563831,0.31906438,0.8137370000000002,0.10492950461581801,0.12878473537617272,0.986105592548343,5.964609566622191,7.583787945679983,0.8245241240163547,0.8281630831745744,0.6878381038227328
05/17/2023 16:16:14.567928,4046,True,True,True,True,Eyes,1.139452,-0.2649494,-3.463393,0.5533272,0.300461,0.7768862,1.018474,1.703001,0.0410623,-2.672154,-0.1530598,-0.6163704,-0.7724378,0.0994899,0.1313074,1.013869,1.141547,-0.2689113,-3.474498,-0.1137808,0.2326986,-0.05194306,0.9644726,348.7376,28.01667,351.0162,0.3112523,-0.07240197,-0.9475649,0,0,0,1.705297,0.05030528,-2.660571,0.09504631,0.1375473,1.02676,0.8863066,-0.1531485,-0.4370424,0.04724206,0.9687117,-0.243651,0.4606829,0.1953027,0.8658107,static,6.069724900562409,7.389882923032232,5.288749986612609,7.630057368918661,0.56375,0.31921658,0.8139270000000001,0.10487006877088279,0.12791126489687354,0.986225606805944,5.960822728359189,7.532393360440665,0.8134041922991293,0.8170713436877785,0.6791318198632399
05/17/2023 16:16:14.577793,4047,True,True,True,True,Eyes,1.139612,-0.2649669,-3.463451,0.5530855,0.3008467,0.776909,1.018251,1.702792,0.04137057,-2.672363,-0.1669181,-0.5954544,-0.7858577,0.09944522,0.1311796,1.013881,1.141492,-0.2689265,-3.474678,-0.1140986,0.2325754,-0.0521762,0.9644521,348.7076,28.00921,350.9817,0.3112969,-0.07240948,-0.9475497,0,0,0,1.705297,0.05030528,-2.660571,0.09514228,0.1370708,1.026993,0.8863727,-0.1537159,-0.4367092,0.04756983,0.9685183,-0.2443551,0.4605221,0.1958155,0.8657804,static,6.060467092619689,7.38585493814372,5.29286553440408,7.602229678937455,0.5638050000000001,0.31923178,0.8141069999999999,0.10471162482417304,0.1278440730881282,0.9862511191857065,5.951591191641382,7.528351267973486,0.7937154757445737,0.7975150033877649,0.6628555733410386
05/17/2023 16:16:14.597882,4048,True,True,True,True,Eyes,1.139765,-0.2649824,-3.463513,0.5528272,0.3012615,0.7769322,1.018039,1.702564,0.04171354,-2.672566,-0.1820949,-0.5725793,-0.7993712,0.09891623,0.1303539,1.013767,1.141591,-0.2688067,-3.47468,-0.1147194,0.2326603,-0.05239379,0.9643462,348.6455,28.031,350.9373,0.3113404,-0.07241651,-0.9475349,0,0,0,1.705297,0.05030528,-2.660571,0.09477282,0.1358562,1.027098,0.8862482,-0.1544328,-0.4367089,0.04767019,0.9681886,-0.2456384,0.4607512,0.1968786,0.8654173,static,6.025825276506161,7.347227636436887,5.2718921795692255,7.534881495774212,0.563706,0.31911198,0.8141090000000002,0.10412418007023239,0.12718703640719559,0.9863983276210407,5.917215652756534,7.489386091930294,0.7729850721115425,0.7769357023467975,0.6469252018722503
05/17/2023 16:16:14.617896,4049,True,True,True,True,Eyes,1.139912,-0.2649971,-3.463571,0.5525814,0.301689,0.7769412,1.017848,1.702356,0.04207641,-2.672763,-0.1960305,-0.5485762,-0.8127952,0.09861204,0.1299489,1.013823,1.141509,-0.2687802,-3.474803,-0.115085,0.2327501,-0.05236492,0.9642826,348.6049,28.04694,350.9284,0.3113829,-0.07242304,-0.9475204,0,0,0,1.705297,0.05030528,-2.660571,0.0946202,0.1350508,1.027353,0.8861706,-0.1545612,-0.4368207,0.04741705,0.9680267,-0.2463248,0.4609264,0.1975731,0.8651657,static,5.9990713411654575,7.328165810055587,5.2621510557162186,7.488882831977075,0.563788,0.31908548000000003,0.8142320000000001,0.1036678885725753,0.12686494501659695,0.9864878809236534,5.890590561087236,7.470193674883018,0.750159941838444,0.754242314009165,0.6287173422960871
05/17/2023 16:16:14.628427,4050,True,True,True,True,Eyes,1.140063,-0.2650172,-3.463635,0.5523076,0.3021151,0.7769703,1.017667,1.702128,0.04243514,-2.672938,-0.2112425,-0.524763,-0.8246214,0.09833437,0.1295232,1.013705,1.141541,-0.2687836,-3.474767,-0.1154581,0.2328198,-0.05224034,0.9642279,348.5606,28.05962,350.9303,0.3114243,-0.07242912,-0.9475064,0,0,0,1.705297,0.05030528,-2.660571,0.09452218,0.1342349,1.027424,0.8861317,-0.154505,-0.4369196,0.04698131,0.9678808,-0.246981,0.4610459,0.1983307,0.8649287,static,5.975393077906377,7.304491400855182,5.2563691543707804,7.443639563787396,0.5637560000000001,0.31908888,0.8141959999999999,0.10326554695423837,0.1264626411281817,0.9865817213789168,5.867074849145143,7.446321339805211,0.7282187959838344,0.7323643996426461,0.6107115829525807
05/17/2023 16:16:14.648289,4051,True,True,True,True,Eyes,1.140213,-0.2650338,-3.4637,0.5520421,0.3025319,0.7769969,1.017499,1.701916,0.04279208,-2.673107,-0.2253804,-0.5008518,-0.8356741,0.09843865,0.1296986,1.013633,1.141496,-0.2688918,-3.474821,-0.1155701,0.232722,-0.05209199,0.9642461,348.5432,28.04807,350.9448,0.3114647,-0.07243493,-0.9474927,0,0,0,1.705297,0.05030528,-2.660571,0.09480098,0.1340303,1.027526,0.8862538,-0.1542504,-0.436762,0.0466676,0.96786,-0.2471219,0.460843,0.1986301,0.8649681,static,5.972882017323659,7.3099957714035435,5.271265597933421,7.431691408436612,0.563801,0.31919708,0.8142499999999999,0.1032210506459896,0.1265580179486514,0.9865742222945398,5.8645238710764,7.451901726051628,0.7078892423418897,0.7120922889842746,0.593602422157027
05/17/2023 16:16:14.668227,4052,True,True,True,True,Eyes,1.140348,-0.2650451,-3.463765,0.5518255,0.3029117,0.7770026,1.017368,1.701758,0.04312757,-2.673268,-0.2357956,-0.4782523,-0.8459759,0.09825042,0.1297586,1.013526,1.141618,-0.2688248,-3.474925,-0.1156754,0.232685,-0.05208632,0.9642428,348.5309,28.04521,350.9427,0.3115043,-0.07244039,-0.9474792,0,0,0,1.705297,0.05030528,-2.660571,0.09473512,0.1337301,1.027566,0.8862894,-0.1542796,-0.4366795,0.04661582,0.9678124,-0.2473178,0.4607799,0.198839,0.8649537,static,5.96266975113362,7.319211730495325,5.2674202606930685,7.4149459772194115,0.563679,0.31913008,0.8143539999999998,0.10304305354847898,0.12671903808553486,0.9865720122504905,5.854243179359643,7.4612674402347965,0.697354092774846,0.70180973201693,0.5886482955112016
05/17/2023 16:16:14.677985,4053,True,True,True,True,Eyes,1.140473,-0.2650551,-3.463831,0.5515926,0.3032933,0.7770192,1.017256,1.701584,0.04347199,-2.673403,-0.2474174,-0.4554098,-0.8552114,0.09859571,0.1296875,1.01353,1.141507,-0.2687348,-3.475041,-0.1158439,0.2324842,-0.05204039,0.9642735,348.509,28.02332,350.9451,0.3115427,-0.07244541,-0.9474662,0,0,0,1.705297,0.05030528,-2.660571,0.09523425,0.1332957,1.027701,0.8864858,-0.1542261,-0.4362995,0.04649857,0.967744,-0.2476075,0.4604138,0.1992133,0.8650625,static,5.971251201967439,7.321864363823595,5.294323723963323,7.3901663328728135,0.56379,0.31904008,0.81447,0.10319024167038057,0.126762777690743,0.9865510790549192,5.862807987545174,7.463920066252026,0.6757443208449929,0.6803645856840379,0.5732486119717785
05/17/2023 16:16:14.697688,4054,True,True,True,True,Eyes,1.140592,-0.2650643,-3.463891,0.551367,0.303643,0.7770427,1.017164,1.701423,0.04379058,-2.673511,-0.2582926,-0.4344165,-0.8628831,0.09926516,0.1296604,1.013512,1.141406,-0.2687174,-3.47513,-0.1160314,0.2321197,-0.05200329,0.9643406,348.4838,27.9823,350.948,0.3115798,-0.07244999,-0.9474536,0,0,0,1.705297,0.05030528,-2.660571,0.09605896,0.132936,1.027791,0.8868322,-0.1541641,-0.4356169,0.04643138,0.9676647,-0.2479297,0.459753,0.1996457,0.8653143,static,5.99890471153404,7.3228550446995015,5.339442736333028,7.369805142762913,0.5638910000000001,0.31902268,0.814559,0.10366623661145397,0.12677352295522698,0.9864997633175736,5.890461758904869,7.464819257025846,0.6564083644175174,0.661131158276619,0.559150825042042
05/17/2023 16:16:14.717948,4055,True,True,True,True,Eyes,1.140708,-0.2650754,-3.463956,0.5511345,0.3039756,0.7770777,1.01707,1.701251,0.04408908,-2.673613,-0.2696577,-0.4143112,-0.8692704,0.0995971,0.1300344,1.013296,1.141454,-0.2687193,-3.475097,-0.1160185,0.2318713,-0.05198775,0.9644029,348.4825,27.9523,350.9531,0.3116156,-0.07245418,-0.9474415,0,0,0,1.705297,0.05030528,-2.660571,0.0965527,0.1330047,1.027685,0.8870659,-0.154077,-0.4351715,0.04647153,0.967674,-0.2478861,0.4592977,0.1996683,0.8655508,static,6.012469556278497,7.344006060188143,5.3672777815552495,7.374324054167925,0.5638430000000001,0.31902458,0.8145259999999999,0.10389495567844087,0.12713464491514637,0.986429305409047,5.9038793674852155,7.48617550255631,0.6410739521263207,0.6459037133578752,0.5481350276429469
05/17/2023 16:16:14.728205,4056,True,True,True,True,Eyes,1.140812,-0.2650817,-3.464012,0.5509461,0.3042553,0.7771018,1.017007,1.701128,0.04434803,-2.673694,-0.2778259,-0.3970762,-0.8747246,0.09985274,0.1304883,1.01328,1.141502,-0.2687754,-3.47526,-0.1159467,0.2316333,-0.05197939,0.9644691,348.488,27.92274,350.959,0.3116502,-0.07245806,-0.9474299,0,0,0,1.705297,0.05030528,-2.660571,0.09692833,0.1331961,1.027744,0.8872883,-0.1539793,-0.4347527,0.04655081,0.9677091,-0.2477342,0.45886,0.1995736,0.8658047,static,6.027736760338987,7.36907630533673,5.387728571955495,7.38439973381288,0.563795,0.31908068,0.814689,0.10415202333492943,0.12756280106757856,0.9863468903309697,5.918971837983407,7.511492041785188,0.6351924631465995,0.6401916030831583,0.5462342560163465
05/17/2023 16:16:14.748404,4057,True,True,True,True,Eyes,1.140914,-0.2650901,-3.464072,0.5507547,0.3045226,0.7771327,1.016956,1.701008,0.04459608,-2.673761,-0.2859376,-0.3806348,-0.879407,0.09994453,0.1307273,1.013143,1.14156,-0.2687081,-3.475258,-0.1159267,0.2315139,-0.05197168,0.9645006,348.4889,27.9081,350.9619,0.3116834,-0.07246155,-0.9474187,0,0,0,1.705297,0.05030528,-2.660571,0.09713992,0.1331849,1.027671,0.8874006,-0.1539307,-0.4345407,0.04657615,0.9677199,-0.2476871,0.4586403,0.1995584,0.8659247,static,6.028946582998806,7.386290817770955,5.399801575187196,7.384304371729276,0.5637370000000002,0.31901338,0.8146870000000002,0.10416883974079844,0.12785890940991904,0.9863067164952805,5.920059222771472,7.528910373755026,0.6240058867395198,0.6291481437802607,0.5399804771394943
05/17/2023 16:16:14.768206,4058,True,True,True,True,Eyes,1.140985,-0.2650894,-3.464116,0.5505965,0.3047411,0.7771592,1.016911,1.700892,0.04480517,-2.673814,-0.293607,-0.3666494,-0.8828155,0.1000508,0.1310544,1.013127,1.141611,-0.2687654,-3.475369,-0.1159017,0.2313517,-0.05199239,0.9645414,348.4907,27.8886,350.9623,0.3117154,-0.07246475,-0.947408,0,0,0,1.705297,0.05030528,-2.660571,0.09736249,0.1333029,1.027713,0.8875464,-0.1539257,-0.4342445,0.04666952,0.9677272,-0.247641,0.4583485,0.1995269,0.8660864,static,6.036519964056782,7.403057789606083,5.411880523181812,7.3904757603181235,0.5636860000000001,0.31907068,0.8147980000000001,0.10429531915530621,0.12814583279116024,0.9862561522883662,5.927515043356007,7.545851935924083,0.6195094634909684,0.6247661470963346,0.5385357131529969
05/17/2023 16:16:14.777975,4059,True,True,True,True,Eyes,1.141053,-0.2650886,-3.464161,0.5504295,0.3049661,0.7771893,1.016867,1.700767,0.04502144,-2.673863,-0.3019245,-0.3521619,-0.8859026,0.1001469,0.1314626,1.013032,1.141597,-0.2686589,-3.475411,-0.1158163,0.2312058,-0.0521672,0.9645772,348.5037,27.87177,350.9469,0.3117455,-0.07246748,-0.9473978,0,0,0,1.705297,0.05030528,-2.660571,0.09758517,0.1334987,1.027674,0.8876449,-0.1541934,-0.433948,0.04708377,0.9677303,-0.2475502,0.4581153,0.1993048,0.8662609,static,6.03733180872847,7.432229582929873,5.424389039393427,7.401488643205275,0.5637000000000001,0.31896418,0.8148399999999998,0.10430246271464039,0.1286478719180436,0.9861900861277048,5.928119076158835,7.575373756642389,0.6082908104642588,0.6137131608946179,0.5328977224709425
05/17/2023 16:16:14.797714,4060,True,True,True,True,Eyes,1.141126,-0.2650875,-3.46421,0.5502411,0.3051679,0.7772434,1.016828,1.700627,0.04521585,-2.673887,-0.3112961,-0.3392784,-0.8876851,0.100407,0.1313017,1.013036,1.141622,-0.2686576,-3.475486,-0.1160076,0.230979,-0.0521694,0.9646084,348.4804,27.84765,350.9435,0.311774,-0.07246979,-0.9473883,0,0,0,1.705297,0.05030528,-2.660571,0.09799564,0.1331451,1.027726,0.8878542,-0.1542367,-0.4335044,0.04705546,0.9676412,-0.2479038,0.4577126,0.1997037,0.8663819,static,6.050278320245654,7.424003553259595,5.446794612995992,7.381731338023804,0.5636750000000001,0.31896288,0.8149150000000001,0.10452726773265908,0.12850322284316845,0.9861850689310017,5.941127678320331,7.5669997213368205,0.5994878673492325,0.6049624162679331,0.5279105542877278
05/17/2023 16:16:14.818096,4061,True,True,True,True,Eyes,1.141197,-0.2650844,-3.464258,0.5500441,0.3053847,0.7772978,1.016789,1.700476,0.04542741,-2.67391,-0.3214112,-0.3252243,-0.8893391,0.1008019,0.1314117,1.01294,1.141729,-0.2686366,-3.47556,-0.1161054,0.2306186,-0.05228306,0.9646769,348.4693,27.80737,350.9321,0.311801,-0.0724717,-0.9473792,0,0,0,1.705297,0.05030528,-2.660571,0.09855694,0.1330498,1.027678,0.8881631,-0.1544246,-0.432804,0.04732036,0.967572,-0.2481233,0.4570855,0.1998936,0.8666692,static,6.075090315748071,7.432541094843874,5.4780578638466695,7.376846738730912,0.5635680000000001,0.31894188,0.8149890000000002,0.10495239892108016,0.1286443907400902,0.9861216007752601,5.965885365380215,7.575547745281483,0.5940248647846027,0.5996245574742886,0.5267425948759713
05/17/2023 16:16:14.828940,4062,True,True,True,True,Eyes,1.141227,-0.2650752,-3.464281,0.5499247,0.3055815,0.7773048,1.016757,1.700367,0.04562709,-2.67395,-0.3284888,-0.3117453,-0.8915772,0.1011595,0.1310232,1.012923,1.141745,-0.2685935,-3.475586,-0.1164538,0.2303443,-0.05241546,0.9646931,348.4316,27.78139,350.9099,0.3118266,-0.07247321,-0.9473706,0,0,0,1.705297,0.05030528,-2.660571,0.09903198,0.1324537,1.027708,0.8883883,-0.1547786,-0.432215,0.04748076,0.9673823,-0.2488314,0.4566309,0.200537,0.8667601,static,6.094222705478984,7.413204240036739,5.504140393292892,7.3439459976986,0.563552,0.31889878,0.8150149999999998,0.10528631056632493,0.12830700742362383,0.9861298522855424,5.985160717021184,7.555905263108204,0.5884489814537062,0.594132846497021,0.5256493907850078
05/17/2023 16:16:14.848284,4063,True,True,True,True,Eyes,1.141258,-0.2650679,-3.464303,0.5498176,0.3057785,0.7773031,1.016743,1.700281,0.04583019,-2.673986,-0.3342765,-0.2982427,-0.8940417,0.1010059,0.1309273,1.012855,1.141888,-0.2686211,-3.47557,-0.1166918,0.2302628,-0.05260797,0.9646733,348.4097,27.77738,350.8819,0.3118503,-0.07247425,-0.9473628,0,0,0,1.705297,0.05030528,-2.660571,0.09897235,0.13215,1.027671,0.8884228,-0.1552386,-0.431979,0.04775941,0.9672309,-0.2493663,0.4565347,0.2009117,0.8667241,static,6.090470970347414,7.4060218328672685,5.501043362797257,7.327551379797956,0.563409,0.31892638,0.8149989999999998,0.10522342337536195,0.12818424727731348,0.9861525356275967,5.981459206375427,7.548649966587768,0.5888482512333849,0.5946280489072177,0.5288515555818821
05/17/2023 16:16:14.868271,4064,True,True,True,True,Eyes,1.141264,-0.2650511,-3.464309,0.549765,0.3059568,0.7772701,1.016739,1.700231,0.04602724,-2.674028,-0.3376452,-0.2851777,-0.8970338,0.100666,0.1309001,1.012889,1.141936,-0.2686623,-3.475581,-0.1168266,0.2303676,-0.05263779,0.9646303,348.3965,27.79226,350.8732,0.3118722,-0.07247493,-0.9473556,0,0,0,1.705297,0.05030528,-2.660571,0.09868562,0.1319201,1.027723,0.88832,-0.1553781,-0.4321401,0.04772587,0.9671616,-0.2496411,0.456738,0.2011369,0.8665646,static,6.07386832741128,7.401435910777718,5.4849279393228985,7.314575794439609,0.563361,0.31896758000000003,0.81501,0.10493868343765306,0.12810918732520477,0.9861925957370078,5.9648848674515405,7.544070668820679,0.5894434633129929,0.5953112299729981,0.532002396823422
05/17/2023 16:16:14.877826,4065,True,True,True,True,Eyes,1.14127,-0.2650398,-3.464315,0.5497239,0.3061164,0.7772363,1.016734,1.700193,0.04619908,-2.674072,-0.3400896,-0.2736305,-0.899703,0.1001375,0.130602,1.012847,1.142039,-0.2685354,-3.47554,-0.1170553,0.2305329,-0.05281783,0.9645533,348.3777,27.81742,350.844,0.311892,-0.07247507,-0.9473491,0,0,0,1.705297,0.05030528,-2.660571,0.09819275,0.1314398,1.027703,0.8881298,-0.1558614,-0.4323572,0.04792104,0.9670167,-0.2501646,0.4570876,0.2014596,0.8663054,static,6.046532983771372,7.3904239160981255,5.457805703378667,7.288371764688841,0.563258,0.31884068,0.814969,0.10447065584781251,0.1279259785484715,0.986266043568876,5.937620809296843,7.533027685995207,0.5914811168093388,0.5975068637981109,0.5385898770841662
05/17/2023 16:16:14.897701,4066,True,True,True,True,Eyes,1.141249,-0.2650222,-3.464309,0.5497414,0.3062359,0.777177,1.016749,1.700198,0.04634285,-2.674115,-0.3398177,-0.2640867,-0.9026528,0.09981948,0.1311239,1.012873,1.142049,-0.2686555,-3.47556,-0.1169648,0.230631,-0.05297918,0.964532,348.3931,27.82948,350.8273,0.3119099,-0.07247487,-0.9473432,0,0,0,1.705297,0.05030528,-2.660571,0.09787068,0.1318148,1.027734,0.8880051,-0.1561517,-0.4325085,0.04824877,0.9670249,-0.2500699,0.4572953,0.2011953,0.8662571,static,6.032178211999189,7.4127429036705585,5.439848685173967,7.308722998997041,0.563248,0.31896078,0.8149890000000002,0.10421830607567284,0.12831359010782228,0.9862425107062304,5.923103075497162,7.555670515604158,0.59528687712176,0.6013937220467794,0.5426950172288897
05/17/2023 16:16:14.918172,4067,True,True,True,True,Eyes,1.141232,-0.2650077,-3.464305,0.5497704,0.3063534,0.7771101,1.016775,1.700224,0.04648474,-2.674159,-0.3381696,-0.2547265,-0.9059557,0.09952578,0.1313436,1.012921,1.142047,-0.2685985,-3.475612,-0.1169606,0.2307218,-0.05320606,0.9644983,348.4008,27.84269,350.8007,0.3119256,-0.07247423,-0.947338,0,0,0,1.705297,0.05030528,-2.660571,0.09755248,0.1318855,1.027779,0.8878732,-0.156605,-0.4326156,0.04866359,0.9669787,-0.2501682,0.4575076,0.201065,0.8661753,static,6.017388302037362,7.428180627665611,5.422032079006577,7.312283967381244,0.56325,0.31890378,0.8150409999999999,0.10396005974926173,0.1285828043680261,0.9862346446599382,5.9081991591978955,7.571350426208916,0.6002427785807274,0.6065320009418724,0.5508846158237327
05/17/2023 16:16:14.928549,4068,True,True,True,True,Eyes,1.141182,-0.264992,-3.464281,0.5498432,0.306453,0.7770193,1.016796,1.70026,0.04660827,-2.67421,-0.3357046,-0.2464341,-0.9091604,0.09907764,0.1313713,1.013016,1.142119,-0.268663,-3.475684,-0.1170463,0.2308872,-0.05328248,0.964444,348.3949,27.86457,350.7874,0.3119394,-0.07247329,-0.9473336,0,0,0,1.705297,0.05030528,-2.660571,0.09706435,0.1317766,1.027877,0.8877041,-0.1568249,-0.4328826,0.04872693,0.9669223,-0.2503738,0.4578287,0.2011648,0.8659824,static,6.001135064704845,7.426824239060828,5.394550626798291,7.305622291464321,0.563178,0.31896828,0.8151130000000002,0.10368055183719241,0.12856322628691733,0.9862666061391129,5.8919512883239396,7.570038441387272,0.6121401418930584,0.6185746457878757,0.5633145821175138
05/17/2023 16:16:14.948332,4069,True,True,True,True,Eyes,1.141135,-0.264971,-3.46426,0.5499081,0.3065214,0.7769464,1.016814,1.700289,0.04670411,-2.67425,-0.3337414,-0.2399968,-0.911602,0.0987955,0.1317248,1.012948,1.142125,-0.2687542,-3.475571,-0.1169729,0.2310457,-0.05331423,0.9644133,348.4055,27.88267,350.7841,0.3119507,-0.07247209,-0.9473299,0,0,0,1.705297,0.05030528,-2.660571,0.09675002,0.1320281,1.02781,0.887551,-0.156886,-0.4331744,0.04878174,0.9669499,-0.2502564,0.4581197,0.2009843,0.8658705,static,5.986708447025723,7.439247151992708,5.377532122174429,7.319886210618145,0.563172,0.31905948,0.815,0.10342927575612501,0.12878045469172492,0.986264657676876,5.877432259474158,7.5826656933098215,0.6143108376376415,0.6207598803765844,0.5647594211662107
05/17/2023 16:16:14.967974,4070,True,True,True,True,Eyes,1.141057,-0.2649382,-3.46422,0.5499748,0.3066149,0.7768623,1.016833,1.700289,0.04683787,-2.674281,-0.3337778,-0.2311335,-0.9138761,0.09892708,0.1324682,1.012856,1.142142,-0.2685976,-3.475645,-0.1165815,0.230967,-0.05332184,0.9644791,348.4485,27.86734,350.7961,0.31196,-0.07247051,-0.947327,0,0,0,1.705297,0.05030528,-2.660571,0.09689066,0.1326463,1.027718,0.8876221,-0.1567086,-0.433093,0.04900264,0.9671311,-0.249512,0.4579584,0.2002497,0.8661259,static,6.001208679255115,7.489985523572697,5.38578246095591,7.354437171036037,0.5631550000000001,0.31890288,0.8150740000000001,0.10366701985371932,0.12965056699365984,0.9861256969429459,5.891574512982254,7.633963889568893,0.6234091868854104,0.6301767895166119,0.5778934038962263
05/17/2023 16:16:14.977830,4071,True,True,True,True,Eyes,1.140984,-0.2649149,-3.464181,0.5500399,0.3067148,0.7767768,1.016854,1.700294,0.04696923,-2.674313,-0.3335148,-0.222408,-0.9161346,0.09895098,0.1318198,1.012839,1.142232,-0.2684404,-3.47562,-0.1169485,0.2309044,-0.05342316,0.9644442,348.4099,27.86661,350.7743,0.3119667,-0.07246831,-0.947325,0,0,0,1.705297,0.05030528,-2.660571,0.09691912,0.131852,1.0277,0.8876583,-0.1570551,-0.4328932,0.04903945,0.9669381,-0.2502519,0.4578842,0.2009093,0.8660125,static,6.009417662465075,7.461488541270746,5.387448940864073,7.311002561596565,0.5630650000000001,0.31874568000000003,0.8150490000000001,0.10381503573942111,0.1291580835954698,0.9861747740363562,5.899988885867377,7.605091290874733,0.6329663716014751,0.6399149324156161,0.5909190942188599
05/17/2023 16:16:14.997983,4072,True,True,True,True,Eyes,1.140901,-0.2648947,-3.464133,0.5501038,0.3067593,0.776714,1.016853,1.700276,0.04703438,-2.674329,-0.334567,-0.2179753,-0.9168161,0.09883934,0.1318064,1.012888,1.142266,-0.2686518,-3.47561,-0.1171514,0.2308795,-0.05358263,0.9644166,348.3915,27.8685,350.7504,0.3119713,-0.07246582,-0.9473237,0,0,0,1.705297,0.05030528,-2.660571,0.09682667,0.1317669,1.027758,0.8876472,-0.1574477,-0.4327734,0.04925621,0.9668089,-0.2507077,0.4578825,0.2012233,0.8659405,static,6.01176928307125,7.449170641489661,5.38203815074542,7.305927027013208,0.5630310000000001,0.31895708,0.8150390000000001,0.10385841159193243,0.12894548043604254,0.9861980481240314,5.902428969671944,7.592615508084337,0.6389068867831096,0.6458173364881516,0.5941354135227835
05/17/2023 16:16:15.018181,4073,True,True,True,True,Eyes,1.140823,-0.2648701,-3.464082,0.5501506,0.3067787,0.7766731,1.016849,1.700243,0.04707766,-2.674323,-0.3368566,-0.2151484,-0.9166454,0.09889814,0.1331782,1.012624,1.14225,-0.2687441,-3.475462,-0.1166635,0.2307696,-0.05395678,0.9644812,348.4551,27.85188,350.7242,0.3119738,-0.07246317,-0.947323,0,0,0,1.705297,0.05030528,-2.660571,0.09692597,0.1331159,1.027495,0.8876681,-0.1579253,-0.4325562,0.05023581,0.9669566,-0.2499426,0.4577353,0.2001363,0.8662701,static,6.017954147854016,7.5195331910789704,5.388896092889336,7.381771195543936,0.5630470000000001,0.31904938,0.8148909999999998,0.10394828914811449,0.1301552535793009,0.9860295740324161,5.908113710722092,7.663806509553002,0.6370099315039698,0.6439661512298147,0.5908729584404027
05/17/2023 16:16:15.028506,4074,True,True,True,True,Eyes,1.140721,-0.2648468,-3.46402,0.5501946,0.3067514,0.7766527,1.016828,1.700174,0.04706663,-2.674298,-0.3413547,-0.2158343,-0.9148183,0.09933195,0.1337687,1.012353,1.142264,-0.2686078,-3.475364,-0.1163545,0.2305198,-0.05407206,0.9645717,348.4902,27.81856,350.7235,0.3119745,-0.07246026,-0.947323,0,0,0,1.705297,0.05030528,-2.660571,0.09743655,0.1337369,1.027238,0.8878738,-0.1579568,-0.4321226,0.05066871,0.9670757,-0.2493939,0.4572887,0.1995352,0.8666446,static,6.047112350835688,7.559548075770542,5.4184621401061905,7.417660190002087,0.5630330000000001,0.31891308,0.8147929999999999,0.10444061754606437,0.13083706947880921,0.9858872929220683,5.936994288671149,7.704196582305254,0.6373897602527585,0.6444635440256367,0.592434547616449
05/17/2023 16:16:15.047981,4075,True,True,True,True,Eyes,1.140622,-0.2648228,-3.463959,0.5502023,0.3067064,0.776665,1.016796,1.700065,0.04703495,-2.674249,-0.348615,-0.217945,-0.9115742,0.1002796,0.1347267,1.012141,1.142163,-0.268692,-3.47531,-0.1158514,0.2301075,-0.05385021,0.9647431,348.5361,27.75931,350.7687,0.3119731,-0.07245719,-0.9473236,0,0,0,1.705297,0.05030528,-2.660571,0.09850997,0.1347584,1.027042,0.8883014,-0.1572198,-0.4315118,0.05058669,0.9673572,-0.2483163,0.4564663,0.198751,0.867258,static,6.102675262514204,7.608663548715897,5.478833093449997,7.475089296121685,0.563134,0.31899728,0.8147389999999999,0.10538492760743387,0.13166895814306007,0.9856760174854349,5.99222167370137,7.753698580226931,0.6309497982714913,0.637982078791275,0.5841155429554656
05/17/2023 16:16:15.067968,4076,True,True,True,True,Eyes,1.140516,-0.2647977,-3.463894,0.5501824,0.3066511,0.776701,1.016758,1.699919,0.04699221,-2.674177,-0.3585094,-0.2208531,-0.9070253,0.1012417,0.1353408,1.01188,1.142143,-0.2686348,-3.475261,-0.1153947,0.2296797,-0.05348064,0.9649203,348.5726,27.69741,350.8293,0.31197,-0.07245395,-0.9473249,0,0,0,1.705297,0.05030528,-2.660571,0.09964105,0.1354524,1.026795,0.8887741,-0.1562168,-0.4309024,0.05020145,0.9676478,-0.2472603,0.455588,0.1981266,0.8678625,static,6.162297062913913,7.646356547959193,5.54267576691947,7.514933680776086,0.5631540000000002,0.31894008,0.8146900000000001,0.10640150520179145,0.13230297574380462,0.9854819410329635,6.051590477597275,7.791624670102513,0.6263565281712697,0.6334054945044771,0.5792685787428057
05/17/2023 16:16:15.077866,4077,True,True,True,True,Eyes,1.140416,-0.2647761,-3.463831,0.5501354,0.3065811,0.776762,1.016706,1.699742,0.04692674,-2.674092,-0.370236,-0.2251932,-0.9012287,0.1020811,0.1358513,1.01167,1.14214,-0.2686141,-3.475257,-0.1150176,0.2292556,-0.0531964,0.9650818,348.6027,27.63811,350.8778,0.3119651,-0.07245053,-0.9473267,0,0,0,1.705297,0.05030528,-2.660571,0.1006776,0.1360672,1.026605,0.8892241,-0.1554146,-0.4302637,0.04994092,0.9678822,-0.2463939,0.4547378,0.1976116,0.8684257,static,6.216940502433053,7.677147874249974,5.6010005379580505,7.550031434535109,0.5631570000000001,0.31891938000000003,0.814686,0.10733384876142396,0.1328191852346282,0.9853114445686902,6.106028818176327,7.822584185463717,0.6218902091581282,0.6289202088367409,0.5738802713624
05/17/2023 16:16:15.097684,4078,True,True,True,True,Eyes,1.140323,-0.2647509,-3.463767,0.5500509,0.3065492,0.7768343,1.016651,1.699533,0.04690272,-2.673997,-0.3841942,-0.2268103,-0.8949592,0.102683,0.1364756,1.011424,1.142198,-0.2686605,-3.475212,-0.114635,0.2289026,-0.05292561,0.9652262,348.6345,27.58739,350.924,0.3119587,-0.07244705,-0.9473291,0,0,0,1.705297,0.05030528,-2.660571,0.1015143,0.1367597,1.026378,0.889605,-0.1546508,-0.4297512,0.04968987,0.9681154,-0.245527,0.4540197,0.1970677,0.8689249,static,6.2604826403528,7.7099914875383995,5.648489948520371,7.589668579797862,0.563099,0.31896578000000003,0.814641,0.10807448470349595,0.13337319477330017,0.9851555364205073,6.14934828094837,7.855662368002659,0.6167332195296559,0.6237087918118838,0.5671082476265836
05/17/2023 16:16:15.117978,4079,True,True,True,True,Eyes,1.140236,-0.2647313,-3.463702,0.5499442,0.3065215,0.7769208,1.016591,1.699305,0.04687575,-2.673892,-0.3993542,-0.2285877,-0.8878423,0.1031201,0.1360781,1.011253,1.142248,-0.2685464,-3.475128,-0.114716,0.2286256,-0.0527159,0.9652936,348.6171,27.5534,350.9485,0.3119512,-0.0724434,-0.9473318,0,0,0,1.705297,0.05030528,-2.660571,0.1022048,0.1364226,1.026224,0.8899027,-0.1542266,-0.4292869,0.04931861,0.9681225,-0.2455736,0.4534763,0.1973648,0.8691412,static,6.29086452209416,7.693479948194922,5.687507755994307,7.572301014790017,0.5630490000000001,0.31885168,0.8145570000000002,0.10860115959175631,0.13308160576760167,0.9851370751779535,6.17985595740076,7.838837300056596,0.608510900982426,0.6154053307370864,0.559864575403621
05/17/2023 16:16:15.127920,4080,True,True,True,True,Eyes,1.14014,-0.2647082,-3.463634,0.549823,0.306514,0.7770095,1.016538,1.699056,0.04687488,-2.673774,-0.4160147,-0.2286692,-0.8801375,0.1035739,0.1362264,1.011077,1.14233,-0.2686584,-3.47506,-0.1146975,0.2282525,-0.05266214,0.965387,348.6142,27.5081,350.9596,0.3119429,-0.07243977,-0.9473349,0,0,0,1.705297,0.05030528,-2.660571,0.1029421,0.1366139,1.02606,0.890255,-0.1540387,-0.4286236,0.04931871,0.9681423,-0.2454954,0.4527844,0.1974143,0.8694906,static,6.327066534700638,7.695862524796281,5.729174729230921,7.583993770844211,0.562967,0.31896368,0.814489,0.10922311686012356,0.13311344214767148,0.9850639821241095,6.2160505708680605,7.841113243866981,0.6015254296053988,0.6082673993883166,0.5505983187200805
05/17/2023 16:16:15.147908,4081,True,True,True,True,Eyes,1.140044,-0.2646908,-3.463565,0.5496867,0.3065135,0.7771062,1.016488,1.698793,0.04687634,-2.673646,-0.433534,-0.2285922,-0.8716615,0.1040048,0.1362962,1.010963,1.142302,-0.2685996,-3.47504,-0.1146498,0.2279155,-0.05267788,0.9654714,348.6168,27.4674,350.9632,0.3119335,-0.07243606,-0.9473382,0,0,0,1.705297,0.05030528,-2.660571,0.1036718,0.136729,1.025953,0.8905592,-0.1539789,-0.4280126,0.04945702,0.9681609,-0.2453945,0.4521707,0.1973701,0.8698199,static,6.356110651164211,7.703810743699785,5.770110346226626,7.591091362003848,0.5629950000000001,0.31890488,0.8144689999999999,0.1097205295848653,0.13324275550117168,0.9849912758048426,6.2450457026529635,7.849048975849319,0.5900729659224715,0.5967428394181674,0.5404680594860919
05/17/2023 16:16:15.168069,4082,True,True,True,True,Eyes,1.13996,-0.2646731,-3.463507,0.54956,0.3065022,0.7772003,1.01644,1.698555,0.046868,-2.673529,-0.44928,-0.2290601,-0.8635271,0.1044369,0.1363228,1.010883,1.142233,-0.2687218,-3.474957,-0.1146816,0.2276354,-0.05259,0.9655385,348.6082,27.43358,350.9755,0.3119233,-0.07243243,-0.9473419,0,0,0,1.705297,0.05030528,-2.660571,0.1043744,0.1368033,1.025882,0.8908329,-0.1537665,-0.4275192,0.04934418,0.9681649,-0.2454016,0.4516436,0.1975163,0.8700606,static,6.382060333476518,7.697984786825647,5.809348034948038,7.595687814748492,0.563064,0.31902708,0.8143859999999998,0.11016822662355955,0.1331359692151822,0.9849557726460026,6.271043805472601,7.843055403084226,0.5753595183729902,0.5817766301441889,0.5237878466319235
05/17/2023 16:16:15.177745,4083,True,True,True,True,Eyes,1.139889,-0.264648,-3.463444,0.5494253,0.3065105,0.7772922,1.016398,1.698324,0.0468888,-2.673406,-0.464834,-0.2277539,-0.8556035,0.1050402,0.1371344,1.010741,1.142176,-0.2686375,-3.475016,-0.1142315,0.2272372,-0.05256739,0.9656869,348.654,27.37917,350.9961,0.3119126,-0.07242884,-0.9473457,0,0,0,1.705297,0.05030528,-2.660571,0.1052513,0.1376505,1.025731,0.8911999,-0.1534426,-0.4268702,0.04961198,0.9683757,-0.2445143,0.4508896,0.1967332,0.8706289,static,6.420346631729765,7.7497650708814305,5.858673530550449,7.643284126848909,0.563121,0.31894278,0.8144450000000001,0.11081309672183054,0.13401638190304635,0.984763970729898,6.308970996831271,7.89531911386418,0.5652163258139751,0.5716772376354043,0.5160324048145775
05/17/2023 16:16:15.197940,4084,True,True,True,True,Eyes,1.139815,-0.2646253,-3.46338,0.5493398,0.3065455,0.7773389,1.016361,1.698143,0.04693544,-2.673323,-0.476755,-0.2245832,-0.8498631,0.1051165,0.1365369,1.010466,1.142413,-0.2684369,-3.474845,-0.1144206,0.2270891,-0.05239602,0.9657087,348.6269,27.36254,351.0117,0.3119016,-0.0724251,-0.9473496,0,0,0,1.705297,0.05030528,-2.660571,0.1055367,0.1370306,1.025456,0.8913705,-0.1531659,-0.4266134,0.04923125,0.9683252,-0.244791,0.4505942,0.1971968,0.8706769,static,6.4360708273437215,7.725479065304593,5.876013340507012,7.611283988559128,0.5628840000000002,0.31874218,0.8142740000000002,0.11108973703953773,0.13359481323979402,0.9847901406327195,6.32487254428454,7.870680335064615,0.5650635401414151,0.5715810564694681,0.5184216907076623
05/17/2023 16:16:15.217716,4085,True,True,True,True,Eyes,1.13975,-0.2646068,-3.463315,0.5492648,0.3065662,0.7773837,1.016335,1.697987,0.04696709,-2.673233,-0.4874146,-0.2225962,-0.844321,0.1050873,0.1363228,1.010468,1.142464,-0.2685069,-3.47482,-0.1145535,0.2270083,-0.05232747,0.9657157,348.6095,27.35417,351.0164,0.3118905,-0.07242128,-0.9473536,0,0,0,1.705297,0.05030528,-2.660571,0.1056928,0.1368114,1.025444,0.8914582,-0.1530761,-0.4264622,0.04905776,0.9682787,-0.2450097,0.4504394,0.1974946,0.8706895,static,6.441886135341126,7.709618699369482,5.884712022255383,7.599338939146753,0.5628330000000001,0.31881218,0.8142489999999998,0.11119382841158618,0.1333206376383979,0.9848155221309399,6.330802494817258,7.8546062505335446,0.5615635956564627,0.567982937954713,0.5139631406755918
05/17/2023 16:16:15.228527,4086,True,True,True,True,Eyes,1.139697,-0.2645864,-3.463253,0.5492483,0.306614,0.7773765,1.016303,1.6979,0.04702628,-2.673203,-0.4930635,-0.218583,-0.8420867,0.1046902,0.1367657,1.010345,1.142582,-0.2685864,-3.474748,-0.1144479,0.2270671,-0.05250516,0.9657047,348.6266,27.36149,350.9987,0.3118794,-0.07241749,-0.9473575,0,0,0,1.705297,0.05030528,-2.660571,0.105392,0.1372129,1.025324,0.8913675,-0.1533837,-0.4265414,0.04943422,0.9682898,-0.2448902,0.4505779,0.1972014,0.8706843,static,6.429134479646043,7.729810604475396,5.868763246146796,7.622260423521856,0.5627150000000001,0.31889168,0.8141769999999999,0.11096936060091045,0.13367106726315509,0.9847933334388972,6.317903470255784,7.875090254750838,0.5641618578703602,0.5705987738828461,0.5154123247187129
05/17/2023 16:16:15.248058,4087,True,True,True,True,Eyes,1.13965,-0.2645712,-3.463189,0.549251,0.306656,0.777358,1.016273,1.697839,0.04707521,-2.673181,-0.4971259,-0.2153126,-0.8405394,0.1038736,0.1365203,1.010337,1.142668,-0.2685036,-3.474682,-0.1145852,0.2273742,-0.05266655,0.9656075,348.6186,27.40182,350.9728,0.3118687,-0.07241368,-0.9473614,0,0,0,1.705297,0.05030528,-2.660571,0.1046374,0.1369252,1.025314,0.8910545,-0.1538178,-0.4270387,0.04960301,0.9681929,-0.2452386,0.451178,0.1973385,0.8703424,static,6.388972288273094,7.71975317679402,5.827089892270308,7.606539146675381,0.562629,0.31880888,0.814111,0.11028146679847758,0.13350848190786668,0.9848926372150586,6.277802358949854,7.86506139047804,0.5666748036026861,0.5731747059610496,0.5195916455844168
05/17/2023 16:16:15.268083,4088,True,True,True,True,Eyes,1.139615,-0.2645604,-3.463131,0.5492889,0.3067017,0.7773132,1.016242,1.697826,0.04712275,-2.673192,-0.4977956,-0.2120576,-0.8409703,0.1032773,0.1367002,1.010285,1.142724,-0.2686134,-3.474567,-0.1145814,0.227636,-0.05272904,0.9655428,348.6232,27.43362,350.9628,0.3118583,-0.07240999,-0.947365,0,0,0,1.705297,0.05030528,-2.660571,0.1040468,0.1370568,1.025269,0.890803,-0.15399,-0.427501,0.04965857,0.9681815,-0.2452725,0.4516681,0.1972604,0.8701059,static,6.359682762521657,7.722679386972407,5.794677337423181,7.614094392051086,0.562573,0.31891868,0.8139959999999999,0.10977711474144086,0.13356628592685096,0.9849411513806757,6.248484206224896,7.868132618796682,0.5688814775552492,0.5753449674002307,0.5200731629488908
05/17/2023 16:16:15.278300,4089,True,True,True,True,Eyes,1.139583,-0.2645522,-3.463072,0.5493485,0.3067265,0.7772613,1.01622,1.697842,0.04714939,-2.673203,-0.4968444,-0.2103434,-0.8419627,0.1025356,0.1370547,1.010286,1.142762,-0.2686711,-3.474527,-0.1144758,0.2279508,-0.05290695,0.9654711,348.6428,27.47142,350.9421,0.3118486,-0.07240649,-0.9473685,0,0,0,1.705297,0.05030528,-2.660571,0.1032794,0.1373857,1.025268,0.8904786,-0.15435,-0.4280466,0.04997056,0.9681923,-0.2451666,0.4522729,0.1969259,0.8698674,static,6.322626057100056,7.739387766077087,5.752231767398381,7.6321584339958815,0.562535,0.31897638,0.8139560000000001,0.10913566116858095,0.13386301801589529,0.9849721562567963,6.2112985340008535,7.885181886245142,0.5738776662305143,0.5803858848928523,0.5241785607853326
05/17/2023 16:16:15.298140,4090,True,True,True,True,Eyes,1.139568,-0.2645471,-3.463023,0.5494101,0.3067388,0.7772129,1.016189,1.697873,0.04715768,-2.673228,-0.4946914,-0.2097461,-0.8433783,0.1018731,0.137519,1.010243,1.142782,-0.2687208,-3.474461,-0.1142777,0.2282731,-0.05300244,0.9654133,348.6704,27.50784,350.9334,0.3118396,-0.07240326,-0.9473717,0,0,0,1.705297,0.05030528,-2.660571,0.1025701,0.1378402,1.02523,0.8901643,-0.1545115,-0.4286418,0.05016549,0.9682627,-0.2448484,0.4528697,0.1964523,0.869664,static,6.287432943644114,7.762290942408311,5.7131992843533865,7.657388543854872,0.5625150000000001,0.31902608,0.8138899999999998,0.10852466797526367,0.134265770116649,0.9849848429035353,6.175932771762367,7.908493952747292,0.5771997796695665,0.5837369344873455,0.5264752669828912
05/17/2023 16:16:15.317768,4091,True,True,True,True,Eyes,1.139556,-0.2645468,-3.462975,0.5494845,0.30673,0.7771637,1.016167,1.697924,0.04714206,-2.673247,-0.4914616,-0.2108604,-0.8449872,0.1014926,0.1378107,1.010261,1.142779,-0.2687284,-3.474472,-0.1141442,0.2284589,-0.05311206,0.9653791,348.69,27.52912,350.9228,0.3118315,-0.07240032,-0.9473746,0,0,0,1.705297,0.05030528,-2.660571,0.1021272,0.138144,1.025246,0.8899713,-0.154701,-0.4289739,0.05039205,0.9683005,-0.2446526,0.4532236,0.1961169,0.8695553,static,6.268276315774362,7.7791928150631895,5.688603519545045,7.6739462048975655,0.5625180000000001,0.31903368,0.813901,0.10819095352681349,0.13456124385467322,0.9849811746755276,6.1566505396606335,7.925672072952003,0.5825396471948561,0.5891497259947345,0.5314451295165309
05/17/2023 16:16:15.328483,4092,True,True,True,True,Eyes,1.139552,-0.2645415,-3.462932,0.5495657,0.3067238,0.7771088,1.016138,1.697987,0.04713237,-2.673282,-0.4872484,-0.2114948,-0.8472655,0.1010402,0.1383968,1.010211,1.142842,-0.268839,-3.474447,-0.1139138,0.2286612,-0.05321471,0.9653528,348.7203,27.55084,350.9157,0.3118244,-0.07239775,-0.9473772,0,0,0,1.705297,0.05030528,-2.660571,0.1015956,0.1387348,1.025199,0.8897645,-0.1548373,-0.4293536,0.05064658,0.9683837,-0.2442703,0.4536012,0.1955978,0.8694754,static,6.248113469793492,7.80647052498172,5.659443248967214,7.706720836711473,0.5624550000000001,0.31914428,0.813876,0.10783730994857899,0.13503539063536033,0.9849551223276016,6.136287831737003,7.953355374167599,0.5904062273527395,0.5970616628101909,0.5368513306149953
05/17/2023 16:16:15.348327,4093,True,True,True,True,Eyes,1.139553,-0.2645357,-3.462884,0.5496518,0.3067059,0.7770549,1.016106,1.698057,0.04710987,-2.673314,-0.4826014,-0.2130231,-0.8495393,0.1006272,0.1385334,1.010183,1.142863,-0.2686918,-3.474449,-0.1138288,0.2288425,-0.05346256,0.9653063,348.7383,27.57375,350.8882,0.3118181,-0.07239539,-0.9473794,0,0,0,1.705297,0.05030528,-2.660571,0.1010955,0.1388855,1.025172,0.8895457,-0.1553132,-0.4296351,0.05111776,0.9683695,-0.2442282,0.4539774,0.1952902,0.8693482,static,6.226126613857721,7.822865913560633,5.631911779245664,7.715192198748152,0.5624340000000001,0.31899708,0.8138779999999999,0.10745507300252735,0.13532285933614607,0.9849573894231015,6.114178233525487,7.970031471135168,0.5970651474506171,0.6038914625448463,0.545457594753594
05/17/2023 16:16:15.368140,4094,True,True,True,True,Eyes,1.139562,-0.2645329,-3.462842,0.5497531,0.3066847,0.7769917,1.016079,1.698155,0.04708311,-2.673357,-0.4762686,-0.2148763,-0.8526407,0.1004508,0.1388184,1.009959,1.142991,-0.2686701,-3.474276,-0.1136815,0.2289588,-0.0534905,0.9652944,348.7566,27.58567,350.888,0.3118129,-0.07239319,-0.9473813,0,0,0,1.705297,0.05030528,-2.660571,0.1008065,0.1391854,1.024945,0.8894333,-0.1553249,-0.4298635,0.05121143,0.9684306,-0.2439664,0.4541869,0.1949779,0.8693088,moving,6.21923638874542,7.838682137081203,5.617150825155302,7.733342221069805,0.562306,0.31897538000000003,0.8137050000000001,0.1073325784108207,0.13559656180306146,0.9849331795007535,6.107173395876541,7.986064901370272,0.6043414387948465,0.6112311541380387,0.5513536732030572
05/17/2023 16:16:15.377939,4095,True,True,True,True,Eyes,1.139573,-0.2645334,-3.4628,0.5498413,0.3066547,0.7769411,1.016045,1.698236,0.04704145,-2.673393,-0.4707822,-0.2176293,-0.8549863,0.1006637,0.1392544,1.009896,1.142967,-0.2687006,-3.474267,-0.1134528,0.2289195,-0.05346233,0.9653322,348.7809,27.57726,350.8985,0.3118088,-0.0723912,-0.9473829,0,0,0,1.702122,0.04815015,-2.660213,0.09828243,0.1373177,1.023337,0.8894753,-0.1551609,-0.4298358,0.05127471,0.9685405,-0.2435164,0.4540976,0.1945621,0.8694487,moving,6.231209999378831,7.862471967591174,5.485924833414351,7.642649921218398,0.5591549999999998,0.31685075,0.814054,0.10753236376271147,0.13600254877498288,0.984855385606081,6.118980531117014,8.010097853868329,0.767421112880802,0.777027483862841,0.7319682367442688
05/17/2023 16:16:15.397714,4096,True,True,True,True,Eyes,1.139592,-0.2645363,-3.462761,0.54994,0.3066222,0.776884,1.014304,1.697399,0.0464718,-2.674765,-0.09203919,0.03937411,-0.9949766,0.1008108,0.1393863,1.008102,1.143035,-0.2687781,-3.474239,-0.1133171,0.2287737,-0.05350339,0.9653804,348.7957,27.55829,350.8996,0.3118057,-0.0723895,-0.947384,0,0,0,1.69878,0.04588104,-2.659835,0.09571779,0.1352533,1.021597,0.8896,-0.1551502,-0.4295815,0.05145431,0.9685932,-0.2432686,0.453833,0.1943079,0.8696437,moving,6.253966130772147,7.879968809314155,5.352660022151477,7.541756395951942,0.5557449999999999,0.31465914,0.8144039999999997,0.10791908749890683,0.1362975428000463,0.9847722462422022,6.141617919733973,8.027721305200064,0.9503245803695556,0.9626735365580729,0.926615592993301
05/17/2023 16:16:15.418029,4097,True,True,True,True,Eyes,1.139608,-0.2645385,-3.462722,0.5500258,0.3065731,0.7768428,1.015458,1.698136,0.04677373,-2.67387,0.1811112,0.2115486,-0.9604404,0.1011606,0.1401764,1.009107,1.143036,-0.2688014,-3.474155,-0.1130325,0.2287005,-0.05361551,0.9654248,348.8297,27.54648,350.8963,0.3118037,-0.07238811,-0.9473848,0,0,0,1.695418,0.04359867,-2.659456,0.09304446,0.1334603,1.019797,0.8896429,-0.1552247,-0.4294657,0.0518223,0.9686981,-0.2427726,0.4537069,0.193725,0.8698395,moving,6.265674039369454,7.914272839012594,5.213131319046678,7.4558961107516355,0.5523820000000002,0.31240007000000003,0.8146990000000001,0.10811150007713913,0.13688425862069287,0.9846698865680944,6.153084304745013,8.062396704190137,1.133030336178438,1.1480223878982896,1.1186396136220411
05/17/2023 16:16:15.428460,4098,True,True,True,True,Eyes,1.139615,-0.2645379,-3.462682,0.5500981,0.306547,0.7768019,0.0,0.0,0.0,0.0,0.0,0.0,0.0,-2.549969,-0.6405388,2.556447,1.142962,-0.2687788,-3.474111,-0.112758,0.2285655,-0.05360061,0.9654899,348.8586,27.52613,350.9077,0.3118026,-0.07238698,-0.9473853,0,0,0,1.692008,0.04128375,-2.65907,0.09057936,0.1314909,1.018031,0.8897696,-0.1550468,-0.4292676,0.05195652,0.9688253,-0.2422358,0.4534432,0.1932308,0.8700868,moving,6.287322457621681,7.944741235999555,5.0845058395876235,7.359690057779295,0.5490459999999999,0.31006255,0.8150410000000003,0.1084756799037592,0.13740237707413244,0.9845576612469251,6.174521185297364,8.093152850227943,1.319959008086751,1.3375547457041903,1.3138116766832655
05/17/2023 16:16:15.448384,4099,True,True,True,True,Eyes,1.139621,-0.2645352,-3.462644,0.5501448,0.3065295,0.7767757,0.0,0.0,0.0,0.0,0.0,0.0,0.0,-2.548846,-0.6395802,2.557764,1.142907,-0.2687313,-3.474102,-0.112645,0.2283479,-0.05351636,0.9655591,348.8668,27.49766,350.9231,0.3118022,-0.07238602,-0.9473855,0,0,0,1.688696,0.03903569,-2.658696,0.08836994,0.1292164,1.016359,0.8899865,-0.1547909,-0.42891,0.05190194,0.9688942,-0.2419714,0.4530234,0.19309,0.8703367,moving,6.3183835679804705,7.9561656106832,4.969231383572313,7.245517755799464,0.5457890000000001,0.30776699,0.8154059999999999,0.10900653195334314,0.13759064687914485,0.9844727082711147,6.205509056541484,8.104599262146703,1.5048535861745513,1.524871138930814,1.5054579101489047
05/17/2023 16:16:15.467924,4100,True,True,True,True,Eyes,1.139617,-0.2645438,-3.462596,0.5501658,0.3065402,0.7767565,0.0,0.0,0.0,0.0,0.0,0.0,0.0,-2.547778,-0.6372977,2.559962,1.143248,-0.2684236,-3.474429,-0.1125071,0.2280082,-0.05302799,0.9656825,348.8656,27.4501,350.9863,0.3118022,-0.07238515,-0.9473855,0,0,0,1.68528,0.03671627,-2.65831,0.0860652,0.1263316,1.014688,0.8904006,-0.1537214,-0.428435,0.05111134,0.9690604,-0.2414738,0.4522991,0.1931105,0.8707088,moving,6.373695327285815,7.958093511506283,4.848187836879451,7.096971161898471,0.5420319999999998,0.30513987,0.816119,0.10995656739381415,0.13760927397716122,0.9843643649586152,6.260821721924058,8.10634351799172,1.7289609156114436,1.7517719041815918,1.7361932629812427
05/17/2023 16:16:15.478009,4101,True,True,True,True,Eyes,1.139629,-0.264544,-3.462563,0.5501639,0.3065628,0.776749,0.0,0.0,0.0,0.0,0.0,0.0,0.0,-2.546186,-0.6395615,2.560368,1.142932,-0.2686979,-3.474061,-0.1127634,0.2278357,-0.05329834,0.9656783,348.8429,27.43619,350.9501,0.3118025,-0.07238469,-0.9473854,0,0,0,1.682004,0.0344926,-2.657941,0.08394611,0.1239889,1.012993,0.8905003,-0.1543211,-0.4280118,0.05155504,0.9688874,-0.2420728,0.4520522,0.1934998,0.8707506,moving,6.3849789712016545,7.943684576819561,4.737241896673497,6.978212098557147,0.539072,0.3031905,0.8161199999999997,0.11015429701861223,0.13735870054396193,0.9843773130468113,6.2722111068390864,8.091717968656884,1.8852145953585486,1.9097577262723082,1.8963190129571932
05/17/2023 16:16:15.498132,4102,True,True,True,True,Eyes,1.139642,-0.2645454,-3.462531,0.5501419,0.3066261,0.7767395,0.0,0.0,0.0,0.0,0.0,0.0,0.0,-2.545072,-0.6406313,2.561308,1.142965,-0.2687481,-3.474119,-0.1129347,0.2276302,-0.05330323,0.9657065,348.8221,27.41433,350.9469,0.3118033,-0.07238434,-0.9473852,0,0,0,1.678671,0.03222952,-2.657564,0.08151919,0.1212728,1.011423,0.8906865,-0.1543653,-0.4276084,0.05153583,0.9688091,-0.2423904,0.4516876,0.1938567,0.8708605,moving,6.40672481206504,7.931290819273108,4.607993839339435,6.837302820737678,0.535706,0.30097762,0.8165550000000001,0.11053126949379632,0.13713997948130036,0.9843654761769269,6.294051090095945,8.079092836228305,2.0786598331348642,2.105289256416314,2.093998924402975
05/17/2023 16:16:15.518165,4103,True,True,True,True,Eyes,1.139659,-0.2645534,-3.462498,0.5501266,0.3066851,0.7767271,0.0,0.0,0.0,0.0,0.0,0.0,0.0,-2.544216,-0.6417426,2.561874,1.14301,-0.2687903,-3.474097,-0.113151,0.2274751,-0.05324989,0.9657207,348.7951,27.39853,350.9483,0.3118047,-0.07238412,-0.9473848,0,0,0,1.675269,0.02992039,-2.65718,0.07898578,0.1183871,1.009765,0.890839,-0.1543271,-0.4273043,0.05137098,0.9687226,-0.2427705,0.4514054,0.1943184,0.8709039,moving,6.424706750559073,7.911017730352062,4.4726797332936545,6.68695738517558,0.5322589999999998,0.29871069,0.8169170000000001,0.11084566964496159,0.13678685748376387,0.9843793006786851,6.3121823620814625,8.058507093751535,2.27547671727592,2.3040688368118896,2.294541026962047
05/17/2023 16:16:15.528173,4104,True,True,True,True,Eyes,1.139681,-0.2645584,-3.462472,0.5501238,0.3067389,0.7767078,0.0,0.0,0.0,0.0,0.0,0.0,0.0,-2.544589,-0.6420187,2.561438,1.143114,-0.2689566,-3.474052,-0.1131668,0.227538,-0.0533423,0.9656988,348.7964,27.40722,350.9366,0.3118065,-0.07238419,-0.9473842,0,0,0,1.671932,0.02765514,-2.656803,0.07593128,0.1161096,1.008105,0.890762,-0.1545247,-0.4273933,0.05152568,0.9686958,-0.242845,0.4515396,0.1942954,0.8708394,moving,6.414609112100687,7.915272611034241,4.307430842884534,6.570154163982946,0.528818,0.29661174,0.8172489999999999,0.11067101109880403,0.13686263507160135,0.9843883893586495,6.302051706408524,8.062851256800972,2.469452964979773,2.4999087773065787,2.4913163187585345
05/17/2023 16:16:15.548144,4105,True,True,True,True,Eyes,1.139705,-0.2645649,-3.462444,0.5501286,0.3067964,0.7766818,0.0,0.0,0.0,0.0,0.0,0.0,0.0,-2.544607,-0.6412935,2.561676,1.14311,-0.2688627,-3.474115,-0.1129597,0.227536,-0.0534618,0.9657171,348.8227,27.40514,350.9293,0.311809,-0.07238442,-0.9473833,0,0,0,1.668542,0.02535364,-2.65642,0.07304123,0.1139778,1.006449,0.8907384,-0.1546628,-0.4273928,0.05185312,0.9687638,-0.2425032,0.4515489,0.1938453,0.8709349,moving,6.41226764716594,7.946005623338597,4.150861232964791,6.4610746690246055,0.5254319999999999,0.29421634,0.8176950000000001,0.11062261749339317,0.13739139037380638,0.9843202570262497,6.299490460968982,8.093964991667983,2.672862249100561,2.7053611421157733,2.6986919730151264
05/17/2023 16:16:15.568232,4106,True,True,True,True,Eyes,1.139725,-0.2645714,-3.462417,0.5501469,0.3068526,0.7766466,0.0,0.0,0.0,0.0,0.0,0.0,0.0,-2.544967,-0.6423987,2.560948,1.143162,-0.2689077,-3.474027,-0.1130894,0.2276222,-0.05355972,0.965676,348.8118,27.41835,350.9134,0.311812,-0.07238484,-0.9473823,0,0,0,1.665239,0.02311104,-2.656047,0.07005113,0.1113968,1.004795,0.890639,-0.154926,-0.4275045,0.05195938,0.9686843,-0.2427982,0.4517326,0.1940326,0.8707978,moving,6.40052112808031,7.938188000787385,3.9880277315419965,6.32627360390158,0.5220769999999999,0.29201874000000005,0.8179799999999999,0.11042283958394622,0.1372601495611359,0.9843609697862883,6.28779657803938,8.08609670850042,2.867350432660059,2.9014466066479145,2.895844282208525
05/17/2023 16:16:15.587989,4107,True,True,True,True,Eyes,1.139742,-0.2645818,-3.462375,0.5501608,0.3068983,0.7766187,0.0,0.0,0.0,0.0,0.0,0.0,0.0,-2.545353,-0.6423516,2.560533,1.143108,-0.2689135,-3.474011,-0.1130502,0.2277075,-0.0536168,0.9656574,348.8185,27.42852,350.9071,0.3118154,-0.07238544,-0.9473811,0,0,0,1.662048,0.02094479,-2.655687,0.06724492,0.1091509,1.003263,0.890549,-0.1550357,-0.4276521,0.05206615,0.9686898,-0.2427534,0.4518977,0.1939176,0.8707379,moving,6.390151035359978,7.94658429594584,3.8345837053874825,6.209124491351956,0.51894,0.28985829,0.818324,0.11024240774572541,0.1374071688675827,0.9843606854539858,6.2773638630831945,8.09463342897392,3.054611416450968,3.090257424649631,3.08582547346479
05/17/2023 16:16:15.598176,4108,True,True,True,True,Eyes,1.13976,-0.264591,-3.462337,0.5501094,0.3069108,0.7766501,0.0,0.0,0.0,0.0,0.0,0.0,0.0,-2.545056,-0.6409566,2.560618,1.143049,-0.2690169,-3.473611,-0.1129008,0.2276707,-0.05354532,0.9656876,348.8328,27.42116,350.92,0.3118193,-0.07238632,-0.9473798,0,0,0,1.658614,0.01861358,-2.655299,0.06469715,0.1070743,1.001261,0.8905979,-0.1548245,-0.4276269,0.0520077,0.9687726,-0.2424352,0.4518081,0.1936724,0.8708389,moving,6.393287880393054,7.960729372050533,3.6970655664144623,6.1039811798200505,0.515565,0.28763048,0.8183120000000002,0.11029254831959157,0.13764940383900828,0.984321169315659,6.280400669239397,8.108937964341143,3.2365229142330163,3.2737025851086776,3.270087454684458
05/17/2023 16:16:15.618118,4109,True,True,True,True,Eyes,1.139781,-0.2645982,-3.462294,0.5500444,0.3069309,0.7766882,0.0,0.0,0.0,0.0,0.0,0.0,0.0,-2.543518,-0.6371038,2.563054,1.142944,-0.2689596,-3.47361,-0.1123299,0.2273441,-0.0534419,0.9658369,348.8905,27.3727,350.9525,0.3118235,-0.07238743,-0.9473783,0,0,0,1.655089,0.01622063,-2.654901,0.06256309,0.105525,0.9994277,0.8909172,-0.1543074,-0.4271484,0.05215723,0.969052,-0.2412841,0.4511609,0.1926852,0.8713933,moving,6.430862945924906,8.02352086661411,3.581979720561813,6.027267625249902,0.5121450000000001,0.28518023000000003,0.8187089999999997,0.11092134786390043,0.13871828965914523,0.9841004369816667,6.317537917408696,8.172348815435099,3.4393490110611378,3.4786725392615394,3.476298600641566
05/17/2023 16:16:15.627836,4110,True,True,True,True,Eyes,1.139796,-0.264608,-3.462247,0.5499219,0.3069098,0.7767833,0.0,0.0,0.0,0.0,0.0,0.0,0.0,-2.542445,-0.6371784,2.563939,1.143071,-0.2689173,-3.473454,-0.1123902,0.2271315,-0.0533548,0.9658846,348.8794,27.34739,350.963,0.3118281,-0.07238869,-0.9473767,0,0,0,1.651858,0.01402716,-2.654536,0.06029502,0.1030048,0.9976484,0.8911291,-0.1541239,-0.4267724,0.05201444,0.9690434,-0.2413491,0.4507587,0.1928748,0.8715595,moving,6.449222808607399,8.01324964192878,3.4585863702170823,5.894764575279639,0.5087870000000001,0.28294446,0.818918,0.11123954118285051,0.13853691575825422,0.9840900893943395,6.335975889421172,8.16188457525386,3.624294441199384,3.6649536537647145,3.6632231080714495
05/17/2023 16:16:15.647951,4111,True,True,True,True,Eyes,1.139802,-0.2646234,-3.462194,0.5497802,0.3068357,0.7769128,0.0,0.0,0.0,0.0,0.0,0.0,0.0,-2.541073,-0.6349232,2.565626,1.142957,-0.2689873,-3.473315,-0.1120012,0.2268789,-0.05341858,0.9659858,348.9221,27.31221,350.9702,0.311833,-0.07239018,-0.947375,0,0,0,1.648547,0.01177942,-2.654162,0.05815867,0.1014978,0.9958805,0.8913448,-0.1540246,-0.4263576,0.05238174,0.9692044,-0.2406223,0.4502894,0.1921441,0.8719634,moving,6.467419689583168,8.05461024547255,3.3422342223317023,5.819357739983635,0.50559,0.28076671999999997,0.819153,0.11154092538353755,0.13924253269078335,0.9839563267568384,6.353882644850121,8.203677671657326,3.8000092203391724,3.8422829109806877,3.8412247730943987
05/17/2023 16:16:15.667893,4112,True,True,True,True,Eyes,1.139801,-0.2646465,-3.462136,0.5493596,0.3065478,0.777324,0.0,0.0,0.0,0.0,0.0,0.0,0.0,-2.539289,-0.6295747,2.568388,1.142752,-0.2691166,-3.473135,-0.1111873,0.2265202,-0.05337923,0.9661661,349.0082,27.25711,351.0027,0.311838,-0.07239202,-0.9473732,0,0,0,1.645242,0.009535418,-2.653789,0.0563693,0.1008416,0.9940442,0.8916785,-0.1535188,-0.4258422,0.05277406,0.9695761,-0.2390337,0.4495825,0.1906678,0.8726519,moving,6.4820816416610745,8.122622218087855,3.2455978529358918,5.792598880442898,0.5024900000000001,0.278652018,0.8193459999999999,0.1117741680894862,0.14040673492384032,0.9837645088683215,6.368063481287115,8.272457925667844,3.9441062831709828,3.9879613925727844,3.987416768337463
05/17/2023 16:16:15.679686,4113,True,True,True,True,Eyes,1.139792,-0.2646813,-3.462068,0.5489014,0.306195,0.7777866,0.0,0.0,0.0,0.0,0.0,0.0,0.0,-2.536979,-0.6231037,2.571884,1.14258,-0.2692797,-3.472911,-0.1104788,0.2260202,-0.05287869,0.966392,349.0689,27.18214,351.0858,0.3118429,-0.07239442,-0.9473714,0,0,0,1.642049,0.007368179,-2.653428,0.05514067,0.09987706,0.9922398,0.8922374,-0.152144,-0.4251643,0.05226218,0.9699966,-0.237435,0.4485321,0.1896284,0.8734186,moving,6.523637390229963,8.159068540511255,3.180764802381883,5.747928694710105,0.49946900000000016,0.276647879,0.819483,0.11247772517238433,0.14102122010054052,0.9835964095643703,6.409370337163553,8.309189853952715,4.0764304325132965,4.121697768468245,4.121159111835847
05/17/2023 16:16:15.698328,4114,True,True,True,True,Eyes,1.139769,-0.2647231,-3.461991,0.5481722,0.3055893,0.7785387,0.0,0.0,0.0,0.0,0.0,0.0,0.0,-2.533987,-0.6121724,2.577036,1.142392,-0.2695574,-3.472641,-0.1091148,0.2253387,-0.0523046,0.9667372,349.199,27.07553,351.1982,0.3118477,-0.07239766,-0.9473696,0,0,0,1.638649,0.005059932,-2.653044,0.0541361,0.1001272,0.9901863,0.8929734,-0.1503052,-0.4242722,0.05195402,0.9707164,-0.2345432,0.447101,0.1873982,0.8746328,moving,6.570596524578594,8.247090095854913,3.129396036183852,5.774096855275912,0.49625699999999995,0.274617332,0.8195969999999999,0.11325928098146784,0.14251938162821737,0.983290724891113,6.4557142222662005,8.398101009023831,4.190568057015369,4.237635705116432,4.236719305541553
05/17/2023 16:16:15.717814,4115,True,True,True,True,Eyes,1.139739,-0.2647727,-3.461908,0.5473874,0.3048905,0.7793644,0.0,0.0,0.0,0.0,0.0,0.0,0.0,-2.52934,-0.6004337,2.583963,1.142192,-0.2697302,-3.472404,-0.1075033,0.2243533,-0.05188999,0.9671692,349.3584,26.93128,351.3029,0.311852,-0.07240188,-0.9473678,0,0,0,1.635226,0.002735613,-2.652658,0.05364996,0.1008544,0.9880552,0.893946,-0.1486103,-0.4228185,0.05213533,0.9715009,-0.2312312,0.4451319,0.1846644,0.8762172,moving,6.64458917647769,8.365254350544816,3.108025378195559,5.828203829966161,0.493034,0.272465813,0.8197459999999999,0.11449534210594722,0.14452635698043842,0.9828545159027223,6.528883836513528,8.517418519376074,4.303127771118194,4.352460090947206,4.351338671901286
05/17/2023 16:16:15.727686,4116,True,True,True,True,Eyes,1.139686,-0.2648254,-3.461809,0.5463746,0.3039852,0.780428,0.0,0.0,0.0,0.0,0.0,0.0,0.0,-2.52345,-0.5877256,2.592282,1.142039,-0.2699201,-3.47218,-0.1056417,0.2231294,-0.05163252,0.967671,349.548,26.75723,351.399,0.3118557,-0.0724072,-0.9473662,0,0,0,1.631965,0.0005222934,-2.652289,0.0536454,0.1023031,0.9859232,0.8950948,-0.1470701,-0.4209226,0.05278301,0.9723478,-0.2274944,0.4427408,0.1814114,0.8781062,moving,6.725932835047451,8.503591578878364,3.114468861207183,5.924025150882261,0.4899260000000001,0.2704423934,0.8198909999999997,0.11585007646535356,0.14687575140318712,0.9823473631872386,6.60926254950559,8.657125648575718,4.386394403317097,4.438111646949715,4.436600190941551
05/17/2023 16:16:15.748050,4117,True,True,True,True,Eyes,1.13963,-0.2648838,-3.461703,0.5453039,0.3030223,0.7815504,0.0,0.0,0.0,0.0,0.0,0.0,0.0,-2.516734,-0.5763546,2.600954,1.141877,-0.270052,-3.471928,-0.1038963,0.2217865,-0.0515274,0.968174,349.7279,26.5727,351.4753,0.3118586,-0.07241365,-0.9473647,0,0,0,1.628568,-0.001784079,-2.651906,0.05371326,0.1034676,0.9837078,0.8963113,-0.1458606,-0.418749,0.05368938,0.973101,-0.2240357,0.440163,0.1783233,0.8800326,moving,6.81215600467984,8.632093281949757,3.1254098270072705,6.004363447177545,0.486691,0.268267921,0.8200220000000003,0.11728960575498759,0.14905319448718485,0.9818483482634501,6.694592204430964,8.78685995416465,4.473238552662994,4.527368050328501,4.525632514324078
05/17/2023 16:16:15.767757,4118,True,True,True,True,Eyes,1.139559,-0.2649446,-3.461582,0.5440627,0.3019299,0.7828373,0.0,0.0,0.0,0.0,0.0,0.0,0.0,-2.509323,-0.5666734,2.609791,1.141776,-0.2702084,-3.471623,-0.102417,0.2203351,-0.05144209,0.9686677,349.8779,26.37956,351.5421,0.3118606,-0.07242126,-0.9473635,0,0,0,1.625186,-0.004079844,-2.651524,0.05395284,0.104185,0.9814818,0.8976123,-0.1447927,-0.4163258,0.05452848,0.973729,-0.221085,0.4374,0.175747,0.8819265,moving,6.8975452378346365,8.723361322777244,3.146428121434218,6.059297576004273,0.4834100000000001,0.266128556,0.8200989999999999,0.11872477251944707,0.15059116997789807,0.981441211806129,6.7793532188829175,8.878913080224919,4.544747627792417,4.600882009769673,4.598736386803889
05/17/2023 16:16:15.777906,4119,True,True,True,True,Eyes,1.139486,-0.2650062,-3.461453,0.5427828,0.3007925,0.7841624,0.0,0.0,0.0,0.0,0.0,0.0,0.0,-2.501611,-0.5571891,2.61876,1.141677,-0.2703195,-3.471299,-0.1008171,0.2188487,-0.05160418,0.9691637,350.0476,26.18338,351.5842,0.3118616,-0.07243004,-0.9473625,0,0,0,1.62184,-0.006351927,-2.651146,0.05418289,0.1052396,0.9792218,0.8988845,-0.1441532,-0.4137952,0.0558984,0.9743459,-0.2180036,0.4346055,0.1728296,0.8838823,moving,6.977319858766309,8.834290779864887,3.167094963056466,6.134186408891219,0.4801629999999999,0.263967573,0.8201530000000004,0.12005621542357589,0.15246643839337237,0.9809895289490396,6.858357926080646,8.990886594129963,4.611634913502071,4.669944043566067,4.667564483811351
05/17/2023 16:16:15.797829,4120,True,True,True,True,Eyes,1.139401,-0.2650805,-3.461306,0.5413774,0.2995543,0.7856067,0.0,0.0,0.0,0.0,0.0,0.0,0.0,-2.494658,-0.5492541,2.626611,1.141593,-0.2703688,-3.470987,-0.09949698,0.2175191,-0.05170405,0.9695941,350.186,26.00925,351.6233,0.3118617,-0.07243992,-0.9473617,0,0,0,1.618478,-0.008633738,-2.650766,0.05409822,0.1056204,0.9770387,0.9000244,-0.1435488,-0.4115216,0.0569789,0.9748541,-0.2154365,0.4320991,0.1704501,0.8855716,moving,7.0312712664130395,8.902684915939155,3.1692070386680964,6.169861771457438,0.476885,0.261735062,0.8202210000000001,0.12095802615415752,0.15362041267163845,0.980698771123746,6.911835902069916,9.059906614561529,4.671313176752544,4.731158678193121,4.7285970439783656
05/17/2023 16:16:15.817911,4121,True,True,True,True,Eyes,1.139307,-0.265157,-3.461156,0.5399467,0.2982345,0.787092,0.0,0.0,0.0,0.0,0.0,0.0,0.0,-2.489089,-0.5397567,2.633147,1.141407,-0.2707225,-3.470485,-0.09792679,0.2164595,-0.05190467,0.9699802,350.3573,25.865,351.6547,0.3118608,-0.07245115,-0.9473611,0,0,0,1.615146,-0.01089602,-2.65039,0.05357534,0.1068369,0.9747871,0.9009023,-0.1430874,-0.4097572,0.05829863,0.9754325,-0.2124446,0.4300885,0.1675036,0.8871113,moving,7.050018247943288,8.993689487221426,3.145872177668552,6.254666772152211,0.4737389999999999,0.25982647999999997,0.8200950000000002,0.12124913005112553,0.15517233250010237,0.9804184147513058,6.929938887729053,9.151942459667287,4.70787002550851,4.769130106393282,4.76585430701087
05/17/2023 16:16:15.828352,4122,True,True,True,True,Eyes,1.139226,-0.2652344,-3.461,0.5383955,0.2969351,0.7886443,0.0,0.0,0.0,0.0,0.0,0.0,0.0,-2.482596,-0.5287645,2.641089,1.141157,-0.2708099,-3.470252,-0.096067,0.2152095,-0.05211046,0.9704332,350.5595,25.6948,351.6949,0.3118589,-0.07246368,-0.9473608,0,0,0,1.611688,-0.01324373,-2.649999,0.05328825,0.1082101,0.9726271,0.9019387,-0.1424885,-0.4076807,0.05979037,0.9761113,-0.2088825,0.427705,0.1640239,0.888912,moving,7.083169582836449,9.118564074141485,3.1359833286164482,6.348362768097562,0.47053100000000003,0.25756617,0.8202529999999997,0.1217749035150662,0.15729855126057246,0.9800143053037392,6.96220851255011,9.278204346664046,4.759036979736046,4.822270689365206,4.819125525825731
05/17/2023 16:16:15.848255,4123,True,True,True,True,Eyes,1.139142,-0.2653178,-3.460838,0.536837,0.2956164,0.7902006,0.0,0.0,0.0,0.0,0.0,0.0,0.0,-2.477183,-0.5221636,2.64692,1.141114,-0.270826,-3.46984,-0.09503378,0.2141821,-0.052098,0.9707629,350.6658,25.55993,351.7344,0.3118563,-0.07247742,-0.9473605,0,0,0,1.608378,-0.01549067,-2.649626,0.05267924,0.107936,0.9704937,0.9028237,-0.1418587,-0.4059378,0.06044055,0.9765087,-0.2068274,0.4257421,0.1621936,0.8901892,moving,7.0944973726179565,9.141287039643407,3.107015497038088,6.346219791266927,0.4672640000000001,0.25533533,0.820214,0.12196107386139354,0.15768357247720688,0.9799292812196814,6.973377263757235,9.301159938600252,4.8056159519717845,4.869539262704924,4.86625364993132
05/17/2023 16:16:15.868032,4124,True,True,True,True,Eyes,1.139062,-0.2654147,-3.460669,0.5352066,0.2942815,0.7918032,0.0,0.0,0.0,0.0,0.0,0.0,0.0,-2.472085,-0.5146161,2.65269,1.140985,-0.2710241,-3.46951,-0.09393431,0.213205,-0.05198994,0.9710907,350.7775,25.42953,351.7857,0.3118533,-0.07249241,-0.9473604,0,0,0,1.604825,-0.01790245,-2.649225,0.0518125,0.1077075,0.9684016,0.9036814,-0.1410284,-0.4043153,0.06091935,0.9769468,-0.2046065,0.4238499,0.1602684,0.89144,moving,7.098177243602784,9.165333219534336,3.062582480345877,6.346463985984321,0.46384000000000003,0.25312165,0.8202850000000002,0.12201590643126264,0.1580937471291464,0.9798563665928148,6.976886633978023,9.325483378496944,4.857977353127874,4.922605900240382,4.918976880216876
05/17/2023 16:16:15.878239,4125,True,True,True,True,Eyes,1.138976,-0.2655073,-3.460495,0.53357,0.2929161,0.7934124,0.0,0.0,0.0,0.0,0.0,0.0,0.0,-2.466948,-0.5056088,2.65864,1.140803,-0.2713661,-3.469116,-0.09260616,0.2122195,-0.0519201,0.9714378,350.9158,25.29581,351.8387,0.3118498,-0.0725089,-0.9473603,0,0,0,1.601683,-0.02003603,-2.64887,0.0513373,0.1083837,0.9664364,0.9045344,-0.14018,-0.4026998,0.06156862,0.9774568,-0.2019592,0.4219323,0.1578853,0.892774,moving,7.101982000433125,9.214122692255597,3.040705677435994,6.39885764087399,0.46087999999999996,0.25133007,0.820246,0.12206443346125415,0.15892711893392183,0.9797155035846458,6.980344476251688,9.374849111230493,4.87623575022837,4.941627533643929,4.937335222239687
05/17/2023 16:16:15.897741,4126,True,True,True,True,Eyes,1.138891,-0.2656101,-3.460317,0.5318705,0.2915676,0.7950484,0.0,0.0,0.0,0.0,0.0,0.0,0.0,-2.461284,-0.4984425,2.664729,1.140614,-0.2713304,-3.468792,-0.09140494,0.2111691,-0.05203134,0.9717745,351.044,25.15776,351.868,0.3118459,-0.07252665,-0.9473603,0,0,0,1.598339,-0.02230578,-2.648492,0.05076551,0.1083805,0.9644145,0.9054007,-0.1397292,-0.4009056,0.06252166,0.9778758,-0.1996248,0.4199293,0.1556751,0.8941054,moving,7.103517882462786,9.256939100716503,3.013193462456518,6.411973520445419,0.45772499999999994,0.24902462000000003,0.8203,0.12207608252859353,0.15965895915568912,0.9795949669727608,6.98157543713056,9.418177978084831,4.916263265242028,4.982427421832333,4.978485787671681
05/17/2023 16:16:15.918127,4127,True,True,True,True,Eyes,1.138798,-0.2657134,-3.460132,0.5301493,0.2902142,0.7966915,0.0,0.0,0.0,0.0,0.0,0.0,0.0,-2.455896,-0.4893752,2.670814,1.140365,-0.271597,-3.468423,-0.09020204,0.2101441,-0.05171729,0.9721258,351.1621,25.01934,351.9449,0.3118417,-0.07254581,-0.9473602,0,0,0,1.594985,-0.02458279,-2.648113,0.05033031,0.1084582,0.9624489,0.9063296,-0.1384622,-0.3992429,0.06264056,0.9783778,-0.1971116,0.4179029,0.1536393,0.8954061,moving,7.113216822138628,9.283553310911506,2.9934991735797873,6.4295268547640045,0.45462,0.24701420999999998,0.8203100000000001,0.12223284494883377,0.16011086132521846,0.9795016855757782,6.991087157836901,9.445078005539454,4.944954247101789,5.011740268233884,5.007420337341373
05/17/2023 16:16:15.928297,4128,True,True,True,True,Eyes,1.1387,-0.2658249,-3.459938,0.5282366,0.2888997,0.798438,0.0,0.0,0.0,0.0,0.0,0.0,0.0,-2.449303,-0.4817481,2.677673,1.140107,-0.271685,-3.46806,-0.08919662,0.2089238,-0.05141048,0.9724978,351.2568,24.86062,352.0171,0.311837,-0.07256627,-0.9473602,0,0,0,1.591589,-0.02688848,-2.64773,0.05025744,0.1079865,0.9604772,0.9074157,-0.1372637,-0.3971845,0.06272255,0.9788018,-0.1949688,0.4155271,0.1520053,0.8967897,moving,7.131770793790911,9.291323834184244,2.9952980579667665,6.414828972372967,0.45148199999999994,0.24479652000000002,0.8203299999999998,0.12254749528841913,0.16023745860381222,0.9794418054904416,7.009590632748601,9.45287314569056,4.971127846763307,5.038316125874116,5.034308023450447
05/17/2023 16:16:15.947985,4129,True,True,True,True,Eyes,1.138594,-0.2659319,-3.459738,0.5262737,0.2875696,0.8002123,0.0,0.0,0.0,0.0,0.0,0.0,0.0,-2.441625,-0.4721565,2.685726,1.139835,-0.2719383,-3.467623,-0.08796234,0.2074924,-0.05101124,0.9729376,351.3734,24.67376,352.1073,0.3118319,-0.07258816,-0.9473602,0,0,0,1.588298,-0.02912279,-2.647358,0.05072287,0.1081754,0.9584562,0.9086895,-0.1357645,-0.3947801,0.06275847,0.9793209,-0.1923326,0.4127284,0.1499949,0.8984191,moving,7.1746266891554855,9.321814939480673,3.0293484566825364,6.439392677330219,0.44846300000000006,0.24281551,0.820265,0.12326975939728119,0.16074416215613582,0.9792680368407816,7.052240447122675,9.483572915844372,4.980975724174907,5.048929561991788,5.044868015251489
05/17/2023 16:16:15.968172,4130,True,True,True,True,Eyes,1.138489,-0.2660466,-3.459536,0.5240227,0.2861813,0.8021849,0.0,0.0,0.0,0.0,0.0,0.0,0.0,-2.432022,-0.4638263,2.695311,1.139598,-0.2719053,-3.467268,-0.08680022,0.2057295,-0.0507528,0.9734297,351.4829,24.45017,352.1822,0.3118262,-0.07261121,-0.9473603,0,0,0,1.584842,-0.03146859,-2.646968,0.05159202,0.1079163,0.9563671,0.910199,-0.1345233,-0.3917157,0.06309383,0.9797797,-0.1898705,0.4093371,0.1481051,0.9002821,moving,7.231794841101766,9.346474019503066,3.0878754858068636,6.438013422576857,0.445244,0.24043671000000003,0.8202999999999996,0.12423854422281744,0.16114599595745152,0.9790796149901527,7.109247898675914,9.508316518992448,4.9939994101066105,5.062727591630828,5.059466097014923
05/17/2023 16:16:15.978316,4131,True,True,True,True,Eyes,1.138375,-0.2661619,-3.45933,0.5217285,0.2847919,0.8041722,0.0,0.0,0.0,0.0,0.0,0.0,0.0,-2.422253,-0.4563963,2.704849,1.139339,-0.2721327,-3.466938,-0.08576187,0.2039535,-0.05059893,0.9739033,351.5812,24.22763,352.2417,0.3118201,-0.07263553,-0.9473605,0,0,0,1.581589,-0.03367739,-2.6466,0.05258003,0.1078751,0.9544626,0.9116854,-0.1335398,-0.388583,0.06357406,0.9801693,-0.1876872,0.4059409,0.1464079,0.9020958,moving,7.284457192942472,9.361231180963305,3.153158464737528,6.448309421138994,0.4422499999999998,0.23845531,0.820338,0.1251335389942525,0.16137985598852883,0.9789270252529529,7.161818967935643,9.523055221796662,4.9857427736302,5.054972043495963,5.052070938591672
05/17/2023 16:16:15.998141,4132,True,True,True,True,Eyes,1.138291,-0.2662793,-3.459129,0.5191709,0.283374,0.8063256,0.0,0.0,0.0,0.0,0.0,0.0,0.0,-2.412204,-0.4486836,2.714576,1.13907,-0.2722346,-3.466608,-0.08475172,0.2021295,-0.05028843,0.9743881,351.6724,23.99879,352.3182,0.3118133,-0.07266102,-0.9473608,0,0,0,1.578242,-0.0359495,-2.646222,0.05365196,0.1075133,0.9525224,0.9132295,-0.1322625,-0.385381,0.06373925,0.9805765,-0.1854917,0.4024291,0.1448326,0.9039217,moving,7.32932959727638,9.363026266037869,3.2238466139820434,6.439844889266979,0.4391719999999999,0.2362851,0.8203860000000001,0.1258998722756898,0.16139477200923272,0.9788264249739191,7.206690459698074,9.524704118815425,4.970410799028772,5.039839272002583,5.037797293012919
05/17/2023 16:16:16.017721,4133,True,True,True,True,Eyes,1.138199,-0.2663976,-3.458923,0.5165831,0.2819675,0.8084777,0.0,0.0,0.0,0.0,0.0,0.0,0.0,-2.402065,-0.4415259,2.724027,1.138862,-0.272256,-3.46613,-0.08374753,0.2003065,-0.05010761,0.9748605,351.7663,23.77146,352.3794,0.3118067,-0.07268759,-0.9473609,0,0,0,1.574858,-0.03824649,-2.64584,0.05463442,0.1071123,0.9504051,0.9147331,-0.1312462,-0.382149,0.06414552,0.9809512,-0.1833581,0.3989345,0.1432105,0.9057273,moving,7.368652298593259,9.369526734804584,3.290050083713245,6.43020035698874,0.43599600000000005,0.23400951,0.82029,0.1265695662981122,0.16149192809464008,0.9787238955428306,7.245977223563407,9.531136115803788,4.957743575182874,5.027388545015013,5.026446271084666
05/17/2023 16:16:16.028538,4134,True,True,True,True,Eyes,1.138127,-0.2665288,-3.458724,0.5139147,0.2804976,0.8106866,0.0,0.0,0.0,0.0,0.0,0.0,0.0,-2.392076,-0.4350789,2.73334,1.138641,-0.2723768,-3.465801,-0.08292166,0.1985111,-0.04983327,0.9753123,351.8385,23.5489,352.4461,0.3118001,-0.07271517,-0.9473609,0,0,0,1.571539,-0.04049955,-2.645465,0.05558574,0.1064467,0.9485242,0.91622,-0.1301277,-0.3789561,0.06428427,0.9812813,-0.1815339,0.3954852,0.1419641,0.9074346,moving,7.401806172049609,9.348250387897188,3.3538311213305,6.4031416334090085,0.432898,0.23187724999999998,0.8203359999999997,0.12714378362376924,0.16111654870457287,0.9787113475998781,7.279291604449995,9.509478199092117,4.936529887470793,5.005973190799896,5.0058532603176324
05/17/2023 16:16:16.048325,4135,True,True,True,True,Eyes,1.138047,-0.2666594,-3.458519,0.5112402,0.2790163,0.8128858,0.0,0.0,0.0,0.0,0.0,0.0,0.0,-2.383294,-0.4249881,2.742125,1.138406,-0.2726955,-3.46549,-0.08159266,0.1968968,-0.04948809,0.9757691,351.967,23.34178,352.5313,0.3117938,-0.07274399,-0.9473608,0,0,0,1.568157,-0.04279595,-2.645083,0.05611682,0.1067862,0.9466015,0.9175652,-0.1287086,-0.3761759,0.06444723,0.9817871,-0.1787193,0.3923274,0.1397431,0.9091486,moving,7.417198364418256,9.377113267111053,3.3926613228034874,6.436330897788472,0.429751,0.22989954999999998,0.8204069999999999,0.12739640833971494,0.16160427284788417,0.9785980664924785,7.294482050720034,9.538632806812856,4.914782826152599,4.984485865467761,4.984825185253295
05/17/2023 16:16:16.068179,4136,True,True,True,True,Eyes,1.137991,-0.2668004,-3.458329,0.5085598,0.2775026,0.8150824,0.0,0.0,0.0,0.0,0.0,0.0,0.0,-2.374966,-0.4167746,2.750103,1.138191,-0.2727868,-3.465161,-0.0804718,0.1953902,-0.04923805,0.9761776,352.0755,23.15064,352.5993,0.3117878,-0.07277392,-0.9473604,0,0,0,1.564727,-0.0451243,-2.644696,0.05637336,0.1065103,0.9446706,0.9187966,-0.1275769,-0.3735465,0.06468335,0.9821998,-0.1763508,0.3893955,0.1378683,0.9106939,moving,7.416899790090094,9.383758512118183,3.415084248477882,6.432852795095717,0.426536,0.2276625,0.820465,0.12738891299702504,0.16171793779675336,0.9785803264999569,7.294136009386119,9.545359596295905,4.902540065820065,4.972159709808698,4.97340337709729
05/17/2023 16:16:16.078018,4137,True,True,True,True,Eyes,1.137927,-0.2669435,-3.458135,0.505877,0.2759743,0.8172678,0.0,0.0,0.0,0.0,0.0,0.0,0.0,-2.366713,-0.4086104,2.758156,1.137971,-0.2730521,-3.464994,-0.07931551,0.193892,-0.04910681,0.9765774,352.1909,22.96126,352.6543,0.3117824,-0.0728051,-0.9473598,0,0,0,1.561523,-0.04729932,-2.644334,0.05667543,0.1066598,0.9430037,0.9199888,-0.1266705,-0.3709112,0.06515592,0.9825951,-0.1739583,0.3864909,0.1358726,0.9122299,moving,7.412556063790694,9.397914097368282,3.439394301799872,6.453097118601926,0.42355199999999993,0.22575278000000001,0.8206599999999997,0.12730956908693064,0.16196136004144535,0.9785503573034733,7.289690187388234,9.559702760528351,4.875999077030863,4.945499107812742,4.94729997281626
05/17/2023 16:16:16.097686,4138,True,True,True,True,Eyes,1.137877,-0.2670919,-3.457947,0.5032161,0.2744203,0.8194309,0.0,0.0,0.0,0.0,0.0,0.0,0.0,-2.358657,-0.4000717,2.765867,1.137768,-0.2732213,-3.464704,-0.07814382,0.1924341,-0.04888064,0.9769716,352.3064,22.77601,352.7196,0.3117775,-0.07283746,-0.947359,0,0,0,1.558149,-0.04958991,-2.643953,0.05681658,0.1065794,0.941157,0.9211596,-0.125585,-0.3683659,0.0654349,0.9830084,-0.1715012,0.3836448,0.133876,0.9137253,moving,7.408071907419266,9.408979344344887,3.4546885013520283,6.460819431143454,0.4203810000000001,0.22363138999999999,0.8207509999999996,0.12722894252010863,0.162152025378002,0.9785292336344055,7.285125935622468,9.57091870970924,4.862184790584189,4.931621156290867,4.9340620649111955
05/17/2023 16:16:16.118130,4139,True,True,True,True,Eyes,1.137817,-0.2672355,-3.457757,0.5005429,0.2728589,0.8215868,0.0,0.0,0.0,0.0,0.0,0.0,0.0,-2.350104,-0.391119,2.773973,1.137496,-0.2733969,-3.464426,-0.07689708,0.1909,-0.04867844,0.9773815,352.4304,22.58149,352.7841,0.3117733,-0.07287103,-0.9473578,0,0,0,1.554775,-0.05188046,-2.643572,0.05713755,0.1066591,0.9393352,0.9223752,-0.1245141,-0.3656778,0.06579551,0.9834346,-0.168901,0.3806507,0.1317301,0.915288,moving,7.411358604136603,9.429737437732644,3.480878594225239,6.478043209814237,0.41727899999999996,0.22151643999999998,0.8208540000000002,0.12727757952404958,0.1625055189072093,0.9784643161909676,7.288265475080909,9.591915738760338,4.84588265803932,4.9154015017534105,4.918576723711551
05/17/2023 16:16:16.137863,4140,True,True,True,True,Eyes,1.137762,-0.2673813,-3.457573,0.4978942,0.2713058,0.8237078,0.0,0.0,0.0,0.0,0.0,0.0,0.0,-2.340935,-0.3840691,2.782312,1.137263,-0.2734032,-3.464192,-0.07583883,0.1892755,-0.04862787,0.9777825,352.5362,22.37967,352.8272,0.3117695,-0.07290555,-0.9473563,0,0,0,1.551341,-0.0542118,-2.643184,0.05748129,0.1062473,0.9375323,0.9236202,-0.1238038,-0.3627649,0.06638609,0.9837676,-0.1667159,0.3775164,0.1298996,0.9168465,moving,7.422447159841113,9.43725317638265,3.5084848258055867,6.4655483063281975,0.41407800000000017,0.2191914,0.821008,0.1274642909019205,0.1626299328331687,0.9784193225706808,7.299303373074664,9.599480946454072,4.84466950122003,4.914278277321521,4.9185200061772205
05/17/2023 16:16:16.148043,4141,True,True,True,True,Eyes,1.1377,-0.267525,-3.457385,0.4952351,0.2697788,0.8258097,0.0,0.0,0.0,0.0,0.0,0.0,0.0,-2.331663,-0.3779213,2.790562,1.136973,-0.2735384,-3.463984,-0.07497661,0.1876509,-0.04851828,0.9781677,352.6188,22.17963,352.8721,0.311766,-0.07294098,-0.9473547,0,0,0,1.547925,-0.05653077,-2.642798,0.0578824,0.1055854,0.9358527,0.9248663,-0.1230569,-0.3598325,0.06677915,0.984049,-0.1648883,0.3743834,0.1284704,0.9183313,moving,7.434472908654961,9.42290927499434,3.539230075447912,6.437042624077939,0.410952,0.21700763,0.821186,0.12767496542129442,0.1623805502763962,0.9784333017186948,7.311434595739804,9.584918440534365,4.838552973077773,4.907984961947786,4.913109921296469
05/17/2023 16:16:16.168138,4142,True,True,True,True,Eyes,1.137621,-0.2676684,-3.45719,0.4926348,0.2682458,0.8278618,0.0,0.0,0.0,0.0,0.0,0.0,0.0,-2.322871,-0.3723454,2.798252,1.136792,-0.2735869,-3.463732,-0.07422253,0.1861052,-0.04835235,0.9785285,352.6887,21.98974,352.9199,0.3117629,-0.07297717,-0.947353,0,0,0,1.544492,-0.05886163,-2.642411,0.05805573,0.1045873,0.934123,0.9260538,-0.1222547,-0.3570407,0.06700191,0.9843062,-0.1632549,0.371396,0.1272605,0.9197118,moving,7.443035659243192,9.394431179812386,3.5563575640744616,6.388406868373376,0.40769999999999995,0.21472527000000002,0.8213209999999997,0.1278316075238792,0.1618909155196158,0.9784939585291276,7.320202695043325,9.556063633742042,4.8443268204388135,4.91349659371275,4.919408455607636
05/17/2023 16:16:16.177761,4143,True,True,True,True,Eyes,1.137536,-0.2678137,-3.456994,0.4900224,0.266696,0.8299104,0.0,0.0,0.0,0.0,0.0,0.0,0.0,-2.313798,-0.3672493,2.805958,1.136544,-0.2737619,-3.463416,-0.07354792,0.1845324,-0.04822011,0.9788839,352.7503,21.79785,352.962,0.3117595,-0.07301407,-0.9473512,0,0,0,1.540919,-0.06128696,-2.642007,0.05820352,0.1034938,0.9323514,0.9272452,-0.1215477,-0.3541786,0.06725981,0.9845311,-0.1617861,0.3683645,0.1261934,0.921077,moving,7.453182473005779,9.357800746628628,3.5721447254613237,6.334072754331079,0.40437499999999993,0.21247494,0.8214090000000001,0.1280182598079945,0.1612613926501927,0.9785734869401344,7.330613412330346,9.518951893831765,4.85104542077474,4.919896845389007,4.926412691137598
05/17/2023 16:16:16.198064,4144,True,True,True,True,Eyes,1.137444,-0.2679597,-3.456803,0.4874539,0.2651654,0.8319111,0.0,0.0,0.0,0.0,0.0,0.0,0.0,-2.3047,-0.3599517,2.814066,1.136336,-0.27393,-3.463218,-0.07241442,0.1829283,-0.04829152,0.9792658,352.8679,21.5993,352.9914,0.3117559,-0.07305167,-0.9473495,0,0,0,1.538152,-0.06316537,-2.641695,0.05894992,0.103902,0.9308639,0.9284104,-0.1210737,-0.3512768,0.06808715,0.9848481,-0.1594937,0.3652648,0.1241581,0.9225867,moving,7.465575882277961,9.38094859990119,3.623598718466281,6.368929217557768,0.40181599999999995,0.21076463,0.821523,0.1282216211079275,0.16165245465194134,0.978482382095374,7.342845035433231,9.542333528361693,4.813042942935036,4.881910413645758,4.889098903284854
05/17/2023 16:16:16.217746,4145,True,True,True,True,Eyes,1.13735,-0.2681074,-3.456609,0.4848928,0.26363,0.8338934,0.0,0.0,0.0,0.0,0.0,0.0,0.0,-2.295633,-0.356451,2.821691,1.136076,-0.274076,-3.463111,-0.0719006,0.1813698,-0.0483079,0.9795927,352.9149,21.41197,353.0124,0.3117518,-0.07308991,-0.9473479,0,0,0,1.53474,-0.06548201,-2.641309,0.05908489,0.1026322,0.9293969,0.9295427,-0.1207253,-0.3483902,0.06856295,0.9849933,-0.1583898,0.3622837,0.1233434,0.9238706,moving,7.473921160106173,9.333532207854205,3.637590346919506,6.301573013899322,0.3986639999999999,0.20859399,0.8218019999999999,0.12838141569828299,0.1608392765340234,0.9785953945235571,7.3515306552366955,9.49431202885347,4.821377782191836,4.889806812340648,4.897645866266115
05/17/2023 16:16:16.228363,4146,True,True,True,True,Eyes,1.137259,-0.2682558,-3.456411,0.4823925,0.262075,0.8358315,0.0,0.0,0.0,0.0,0.0,0.0,0.0,-2.28834,-0.3501248,2.828059,1.135964,-0.2742446,-3.462857,-0.07094727,0.1800817,-0.04832968,0.9798988,353.0135,21.25214,353.0404,0.3117473,-0.07312879,-0.9473464,0,0,0,1.531437,-0.06772412,-2.640936,0.05869874,0.1022405,0.9277419,0.9304696,-0.120269,-0.346066,0.06916375,0.9852615,-0.1564489,0.3597814,0.1216357,0.9250742,moving,7.456202320159653,9.331541932077204,3.620309715992851,6.288824358778348,0.39547299999999996,0.20652048,0.8219210000000001,0.12807936941039277,0.16081162531808427,0.9786395773559804,7.333821313768834,9.492363969272168,4.827859495383688,4.896141572867685,4.90436891177852
05/17/2023 16:16:16.248155,4147,True,True,True,True,Eyes,1.137168,-0.2684038,-3.456212,0.479914,0.2605115,0.8377447,0.0,0.0,0.0,0.0,0.0,0.0,0.0,-2.281915,-0.3441533,2.833428,1.135767,-0.2743588,-3.462463,-0.07009072,0.1789716,-0.04826705,0.9801667,353.1007,21.11362,353.0743,0.3117425,-0.07316826,-0.9473449,0,0,0,1.528069,-0.07001095,-2.640556,0.05808058,0.101534,0.9260176,0.9312789,-0.119708,-0.3440778,0.06953102,0.9855152,-0.154678,0.3576101,0.1201243,0.9261129,moving,7.421879302539928,9.314126393789104,3.58893682817322,6.257249810715251,0.39230199999999993,0.20434785,0.8219069999999999,0.127499077180687,0.16052623231379887,0.9787620678507878,7.299613394646884,9.474866089032279,4.834830772692079,4.902646474706254,4.911433099968633
05/17/2023 16:16:16.268348,4148,True,True,True,True,Eyes,1.137085,-0.2685447,-3.456014,0.4775234,0.2589459,0.8395942,0.0,0.0,0.0,0.0,0.0,0.0,0.0,-2.27624,-0.3369585,2.838573,1.135695,-0.2744784,-3.462249,-0.06906324,0.1779506,-0.04815929,0.9804308,353.2069,20.98371,353.1163,0.3117375,-0.07320824,-0.9473435,0,0,0,1.524605,-0.07236247,-2.640165,0.05703411,0.1009973,0.9243758,0.9320286,-0.1190134,-0.3422844,0.06985404,0.985822,-0.1525634,0.3555885,0.1182835,0.9271278,moving,7.3849191579256015,9.314171233448139,3.5306814431963947,6.23540314935352,0.3889100000000001,0.20211593,0.8220839999999998,0.12686739248685563,0.16054011783829486,0.9788419344491034,7.262643138168018,9.475049777381981,4.865224759869454,4.932946510685137,4.941947831294018
05/17/2023 16:16:16.278005,4149,True,True,True,True,Eyes,1.137,-0.2686882,-3.455813,0.4751798,0.2573893,0.8414005,0.0,0.0,0.0,0.0,0.0,0.0,0.0,-2.271795,-0.3345038,2.842144,1.135682,-0.2744185,-3.46203,-0.06855029,0.1771801,-0.04840903,0.980594,353.2645,20.8904,353.1045,0.3117324,-0.07324851,-0.947342,0,0,0,1.52133,-0.07458572,-2.639795,0.0555453,0.09961723,0.9228862,0.9325275,-0.1192307,-0.3408466,0.07064772,0.9859149,-0.1515942,0.3541204,0.1172858,0.9278162,moving,7.31222718860854,9.268375757089489,3.444278177595336,6.160709146810235,0.385648,0.19983278000000002,0.822235,0.12564105258429567,0.1597828258227514,0.9791239298272648,7.190258482153221,9.428972055326794,4.894934070775411,4.961715561420523,4.971308769461087
05/17/2023 16:16:16.298025,4150,True,True,True,True,Eyes,1.136897,-0.2688301,-3.455601,0.4729211,0.2558011,0.8431557,0.0,0.0,0.0,0.0,0.0,0.0,0.0,-2.267886,-0.3308557,2.84532,1.135547,-0.2746103,-3.461754,-0.06788353,0.1765123,-0.04867523,0.9807476,353.3405,20.80775,353.0934,0.3117273,-0.07328909,-0.9473405,0,0,0,1.517978,-0.07686095,-2.639416,0.05388725,0.09871049,0.9213848,0.9329482,-0.1194408,-0.3396195,0.07151169,0.9860451,-0.1503368,0.3528366,0.1159697,0.9284704,moving,7.233506342690902,9.238160859450897,3.3471345744583387,6.11493119925418,0.38243099999999997,0.19774935,0.8223379999999998,0.12430564962591692,0.15929348400790155,0.9793741856168219,7.111732245610745,9.398686043511606,4.9198631618343285,4.985824809522252,4.995522145164631
05/17/2023 16:16:16.317948,4151,True,True,True,True,Eyes,1.136787,-0.2689756,-3.455383,0.4706848,0.2542065,0.8448876,0.0,0.0,0.0,0.0,0.0,0.0,0.0,-2.263546,-0.3246084,2.848914,1.13528,-0.2747228,-3.461356,-0.06688627,0.1757767,-0.04879305,0.9809424,353.45,20.71314,353.1065,0.3117217,-0.07332996,-0.9473392,0,0,0,1.514605,-0.07915128,-2.639035,0.05254596,0.09826929,0.9197445,0.9334436,-0.1192404,-0.3383263,0.07221225,0.9862909,-0.1483765,0.3513807,0.1140698,0.9292576,moving,7.168785931859309,9.240127800326153,3.26981306519222,6.0985808064248666,0.3793249999999999,0.19557152,0.8223210000000001,0.12319816594913391,0.15934928921330685,0.9795050781701102,7.04698066149924,9.400918975980845,4.941562526684218,5.007125615549942,5.0172136128231655
05/17/2023 16:16:16.327919,4152,True,True,True,True,Eyes,1.136636,-0.269125,-3.455156,0.468471,0.2525617,0.8466095,0.0,0.0,0.0,0.0,0.0,0.0,0.0,-2.258501,-0.3173347,2.853261,1.135046,-0.274936,-3.461027,-0.06587487,0.1748999,-0.04867104,0.9811736,353.5553,20.60052,353.1479,0.3117157,-0.07337119,-0.947338,0,0,0,1.511295,-0.0813984,-2.638662,0.05152839,0.09789878,0.918186,0.9340823,-0.1185525,-0.3368019,0.07246646,0.9865833,-0.1462945,0.3496267,0.1122443,0.9301411,moving,7.12837526514774,9.23452993132376,3.212056925889177,6.085994778778934,0.37624900000000006,0.19353760000000003,0.822365,0.12250893055892975,0.15926727785296496,0.979604834500501,7.0065992074683745,9.39540457409472,4.959716161238086,5.025019695605523,5.034952265913187
05/17/2023 16:16:16.347930,4153,True,True,True,True,Eyes,1.136479,-0.2692786,-3.454928,0.4662445,0.2508802,0.8483367,0.0,0.0,0.0,0.0,0.0,0.0,0.0,-2.252004,-0.3074719,2.859182,1.134718,-0.2752447,-3.460872,-0.06454891,0.1737566,-0.04841573,0.9814774,353.6915,20.45323,353.2126,0.3117082,-0.07341291,-0.9473373,0,0,0,1.507887,-0.08371215,-2.638277,0.05096042,0.09806438,0.9167274,0.9349291,-0.1174695,-0.334826,0.0726063,0.9869787,-0.1435317,0.3473267,0.1098815,0.9312841,moving,7.121905183407041,9.259847635099439,3.18176914233097,6.105838483240513,0.3731690000000001,0.19153255000000002,0.8225950000000002,0.12238958103171882,0.15970248303792645,0.979548810660082,6.99994686850283,9.42105290852691,4.9813148494199515,5.047023454690544,5.056592512182679
05/17/2023 16:16:16.368085,4154,True,True,True,True,Eyes,1.136328,-0.2694317,-3.454703,0.4639308,0.2491211,0.8501218,0.0,0.0,0.0,0.0,0.0,0.0,0.0,-2.244445,-0.2967382,2.865873,1.13447,-0.2754631,-3.460624,-0.0630466,0.1724211,-0.04822102,0.9818202,353.8477,20.28255,353.275,0.3116994,-0.07345517,-0.9473369,0,0,0,1.504544,-0.0859811,-2.637899,0.05073768,0.09855574,0.9151204,0.9358913,-0.1164299,-0.3324927,0.0729476,0.9873997,-0.1404295,0.3446535,0.1071722,0.9325922,moving,7.130664364130905,9.30329655448019,3.173442139450558,6.146892558135171,0.370074,0.189482,0.8227250000000002,0.12252444538498994,0.1604425828473991,0.979411109994902,7.008398531296516,9.464994911756023,4.9954805705704945,5.061866644198252,5.071162958973455
05/17/2023 16:16:16.378308,4155,True,True,True,True,Eyes,1.136173,-0.2695855,-3.454476,0.461592,0.2473257,0.8519171,0.0,0.0,0.0,0.0,0.0,0.0,0.0,-2.236333,-0.2850328,2.872991,1.134234,-0.2755347,-3.460361,-0.06131814,0.1709872,-0.04813181,0.9821847,354.0309,20.09928,353.3302,0.3116894,-0.07349791,-0.9473368,0,0,0,1.501016,-0.08837621,-2.637501,0.05048895,0.09921266,0.9133807,0.9368934,-0.1155179,-0.3299793,0.07357942,0.9878469,-0.1369113,0.3417847,0.1039916,0.934007,moving,7.146866142531102,9.374030639692965,3.163919240551128,6.1992413262627935,0.36678199999999994,0.18715849,0.8228599999999999,0.12277693588931601,0.1616464810965011,0.9791813727699528,7.024100190357325,9.536524461933931,5.025919114472143,5.093442176825245,5.102789011205701
05/17/2023 16:16:16.397777,4156,True,True,True,True,Eyes,1.136016,-0.2697417,-3.454245,0.4592155,0.2455125,0.8537241,0.0,0.0,0.0,0.0,0.0,0.0,0.0,-2.227656,-0.2731653,2.880484,1.134007,-0.2756705,-3.4601,-0.05971524,0.1694578,-0.04778515,0.9825655,354.1944,19.9049,353.4119,0.3116784,-0.07354111,-0.9473371,0,0,0,1.497893,-0.09049631,-2.637148,0.05083781,0.09991407,0.9118029,0.9380013,-0.1141425,-0.3272998,0.07366564,0.9883013,-0.1335434,0.3387138,0.1011531,0.9354362,moving,7.178313947949819,9.422226950668215,3.191237148957395,6.253440664463907,0.36388599999999993,0.18517419,0.8229520000000003,0.12329768503852412,0.16245954132182722,0.9789814504447735,7.055212634780058,9.585186412764793,5.024586701375419,5.0929350995963185,5.102042364226263
05/17/2023 16:16:16.417779,4157,True,True,True,True,Eyes,1.135857,-0.2698955,-3.454012,0.4568187,0.2436931,0.8555293,0.0,0.0,0.0,0.0,0.0,0.0,0.0,-2.218803,-0.2639548,2.88773,1.13385,-0.2758498,-3.459774,-0.05853523,0.1679172,-0.0474344,0.9829178,354.3103,19.71322,353.4849,0.3116663,-0.07358479,-0.9473377,0,0,0,1.494464,-0.09282415,-2.636761,0.0508866,0.09967022,0.9101467,0.9391076,-0.1129064,-0.3245444,0.07359011,0.9886472,-0.1310007,0.3356507,0.09914052,0.9367549,moving,7.209487489799446,9.423407770332407,3.200094107148912,6.249561141885505,0.360614,0.18302564999999998,0.823013,0.1238301151485558,0.16246885698420882,0.9789126661292773,7.086386015110853,9.586264871501928,5.044748295625121,5.113564091487038,5.122192555256646
05/17/2023 16:16:16.428585,4158,True,True,True,True,Eyes,1.13571,-0.2700458,-3.453776,0.4543701,0.2418872,0.8573439,0.0,0.0,0.0,0.0,0.0,0.0,0.0,-2.210032,-0.2552836,2.894807,1.133659,-0.2759214,-3.459481,-0.05734814,0.1664035,-0.04722432,0.9832553,354.4301,19.52564,353.5415,0.3116533,-0.07362885,-0.9473386,0,0,0,1.491148,-0.09507558,-2.636386,0.05096433,0.09946439,0.9085689,0.9401595,-0.111953,-0.3218178,0.07378126,0.9889621,-0.1284923,0.3326506,0.09705914,0.9380422,moving,7.230794165180286,9.430298083078982,3.210526162017886,6.247501957151841,0.35748899999999995,0.18084582,0.8230949999999999,0.12419185768341753,0.1625791821366702,0.9788485889993269,7.107649199912791,9.593158847263203,5.058467438444866,5.1276452681975,5.136242595403846
05/17/2023 16:16:16.448070,4159,True,True,True,True,Eyes,1.135554,-0.2701989,-3.453536,0.4518851,0.2400704,0.859166,0.0,0.0,0.0,0.0,0.0,0.0,0.0,-2.201024,-0.2472942,2.901684,1.133395,-0.2759101,-3.459005,-0.05625851,0.1648812,-0.04701653,0.9835846,354.5392,19.33812,353.5955,0.3116398,-0.07367315,-0.9473396,0,0,0,1.487849,-0.0973154,-2.636014,0.05120042,0.0990417,0.9068725,0.9412073,-0.1110414,-0.319059,0.07393755,0.9892488,-0.1261743,0.3296394,0.09516571,0.9392983,moving,7.250785117487009,9.425840276003099,3.231388067793785,6.232706637014804,0.35445400000000005,0.1785947,0.822991,0.12453510728288478,0.1624959771888868,0.9788187884208389,7.1276772376268696,9.588572280723364,5.064073787841355,5.1333863169959475,5.142266379096094
05/17/2023 16:16:16.467960,4160,True,True,True,True,Eyes,1.135405,-0.2703496,-3.453292,0.449324,0.2382587,0.8610115,0.0,0.0,0.0,0.0,0.0,0.0,0.0,-2.190825,-0.236761,2.909762,1.133048,-0.2761008,-3.458678,-0.05493848,0.1631466,-0.04656262,0.98397,354.6682,19.12294,353.6827,0.3116256,-0.07371775,-0.9473408,0,0,0,1.484287,-0.09973349,-2.635612,0.05165067,0.09893521,0.9052387,0.9424302,-0.1095585,-0.3159465,0.0737064,0.9896274,-0.1233087,0.3261788,0.09292255,0.9407299,moving,7.297005057952195,9.440791411783085,3.2656140250478027,6.237206341728386,0.35123899999999986,0.17636731,0.8230659999999999,0.12531965728085656,0.16273518012417376,0.9786788609563924,7.173802805428025,9.603531413214176,5.079281468097845,5.1492786835885385,5.1581085709786745
05/17/2023 16:16:16.477905,4161,True,True,True,True,Eyes,1.135247,-0.2705072,-3.453043,0.4466958,0.23646,0.8628729,0.0,0.0,0.0,0.0,0.0,0.0,0.0,-2.179525,-0.2265793,2.918374,1.132742,-0.2761187,-3.458212,-0.05363143,0.1612371,-0.04614922,0.9843763,354.7958,18.88807,353.7654,0.311611,-0.07376257,-0.9473421,0,0,0,1.481041,-0.1019369,-2.635245,0.05270219,0.09891733,0.9035286,0.9437457,-0.1081511,-0.3124857,0.07356164,0.9899879,-0.1204689,0.3223859,0.09070508,0.9422526,moving,7.35814625754519,9.45772791900829,3.338240185889245,6.24779773839412,0.34829900000000014,0.1741818,0.8229670000000002,0.12635829336115242,0.16300282302234972,0.9785007778625686,7.2348394276690415,9.620444110230979,5.073600396897781,5.144248884857152,5.153467686956348
05/17/2023 16:16:16.497780,4162,True,True,True,True,Eyes,1.135106,-0.2706661,-3.452797,0.4440032,0.2346213,0.8647624,0.0,0.0,0.0,0.0,0.0,0.0,0.0,-2.166587,-0.2165723,2.9282,1.132407,-0.2764173,-3.457832,-0.05254227,0.1590599,-0.04545936,0.9848212,354.8923,18.62279,353.8762,0.3115959,-0.07380779,-0.9473435,0,0,0,1.477834,-0.1041145,-2.634883,0.05432066,0.098727,0.901973,0.9452668,-0.1062534,-0.3085141,0.07282393,0.9903455,-0.117951,0.3180683,0.08902793,0.9438785,moving,7.4527734027871455,9.441446581691906,3.446433474823236,6.246540783576309,0.34542700000000015,0.17230279999999998,0.8229489999999999,0.1279808449825002,0.16269062911899487,0.978341794564722,7.329607746973519,9.603611622688792,5.053106968411175,5.124273868289098,5.133124491643396
05/17/2023 16:16:16.517748,4163,True,True,True,True,Eyes,1.134957,-0.2708283,-3.452545,0.4412611,0.2327698,0.8666642,0.0,0.0,0.0,0.0,0.0,0.0,0.0,-2.154063,-0.2037638,2.937812,1.132113,-0.2765032,-3.457472,-0.05074568,0.1569287,-0.0452375,0.9852675,355.0781,18.35998,353.9464,0.3115807,-0.07385339,-0.947345,0,0,0,1.474469,-0.1063984,-2.634503,0.05550939,0.0996199,0.9002315,0.9466538,-0.105069,-0.3046423,0.07321517,0.9907569,-0.1141943,0.3138248,0.08579801,0.9455965,moving,7.528257129610912,9.51721620540152,3.5284614354779458,6.314676669217401,0.3423560000000001,0.1701048,0.8229690000000001,0.1292421663109319,0.16395722508259297,0.9779644495161177,7.404571151511969,9.680015821461547,5.051263189742286,5.123926724264019,5.133199211053542
05/17/2023 16:16:16.538395,4164,True,True,True,True,Eyes,1.134783,-0.2709882,-3.452287,0.4385585,0.2309122,0.8685309,0.0,0.0,0.0,0.0,0.0,0.0,0.0,-2.141935,-0.1928795,2.94683,1.131827,-0.2767146,-3.457064,-0.04938222,0.1548883,-0.04478979,0.9856799,355.2116,18.11041,354.0329,0.3115652,-0.07389943,-0.9473465,0,0,0,1.471078,-0.1087008,-2.63412,0.05656928,0.09975351,0.8985578,0.948007,-0.1035942,-0.3009169,0.07299933,0.9911106,-0.1112249,0.3097642,0.08347528,0.947142,moving,7.601171123019487,9.537213554236162,3.6023382164158098,6.334759379209917,0.3392510000000002,0.1680138,0.8229440000000001,0.1304796848947754,0.16427168549576576,0.9777473045015468,7.477361859451185,9.6999823512058,5.049581660530137,5.123121837130115,5.1323029806639395
05/17/2023 16:16:16.557730,4165,True,True,True,True,Eyes,1.134587,-0.2711473,-3.452019,0.4358612,0.2290726,0.8703739,0.0,0.0,0.0,0.0,0.0,0.0,0.0,-2.129928,-0.1823036,2.955767,1.131484,-0.2768292,-3.456804,-0.04796701,0.1528772,-0.04450472,0.9860767,355.3545,17.86495,354.1011,0.311549,-0.07394584,-0.9473482,0,0,0,1.467771,-0.1109455,-2.633746,0.05760813,0.09998748,0.8970589,0.9492958,-0.1024362,-0.2972277,0.07310401,0.991437,-0.1082058,0.3057667,0.08099078,0.9486555,moving,7.667310617081494,9.569304310048722,3.6744259160259434,6.360018769053319,0.336287,0.1658837,0.8230580000000001,0.1315966240408315,0.16479474615009876,0.9775095844644137,7.543290033941863,9.73221400445584,5.04828050221568,5.12275725752896,5.132232483877634
05/17/2023 16:16:16.568161,4166,True,True,True,True,Eyes,1.134384,-0.27131,-3.451749,0.4331194,0.22722,0.8722262,0.0,0.0,0.0,0.0,0.0,0.0,0.0,-2.117977,-0.1722992,2.96438,1.131214,-0.2769787,-3.456399,-0.0467769,0.1508859,-0.04396559,0.9864646,355.4678,17.62266,354.1933,0.3115316,-0.0739926,-0.9473503,0,0,0,1.464072,-0.113457,-2.633328,0.05829051,0.09946836,0.8953704,0.950601,-0.1008569,-0.2935739,0.07262505,0.9917579,-0.1055551,0.3018003,0.07901993,0.9500908,moving,7.734490630655002,9.56727178712692,3.724820284896258,6.339101989969306,0.3328580000000001,0.16352170000000002,0.8230710000000001,0.13274402137901542,0.16473463444382594,0.9773645236172562,7.610502340107055,9.729905492293417,5.072419524863482,5.147672922878616,5.157138104177613
05/17/2023 16:16:16.577967,4167,True,True,True,True,Eyes,1.134177,-0.2714739,-3.451475,0.4303416,0.2253647,0.8740805,0.0,0.0,0.0,0.0,0.0,0.0,0.0,-2.10604,-0.161943,2.972986,1.13087,-0.2771991,-3.456091,-0.04544614,0.1489036,-0.04361811,0.9868433,355.6007,17.38157,354.2656,0.311513,-0.07403977,-0.9473528,0,0,0,1.460157,-0.1161147,-2.632886,0.05871701,0.09916556,0.8937353,0.9518504,-0.09962267,-0.2899245,0.0725543,0.9920642,-0.1026862,0.2978536,0.07670666,0.9515247,moving,7.7939951996212224,9.58669330616447,3.7588411481964603,6.331429613901467,0.3292869999999999,0.16108439999999996,0.8232049999999997,0.133751991430878,0.16504335030587675,0.9771749886714182,7.669884177251219,9.749339401468346,5.108207949302543,5.184516363644292,5.19407016616673
05/17/2023 16:16:16.598136,4168,True,True,True,True,Eyes,1.133956,-0.271632,-3.451194,0.4276036,0.2235497,0.8758885,0.0,0.0,0.0,0.0,0.0,0.0,0.0,-2.094724,-0.1523652,2.980978,1.130619,-0.2773667,-3.455732,-0.04424611,0.1470251,-0.0432297,0.9871966,355.719,17.15356,354.3392,0.3114932,-0.07408737,-0.9473555,0,0,0,1.457746,-0.1177515,-2.632614,0.06027155,0.09968854,0.892436,0.9530296,-0.09836299,-0.2864599,0.07234183,0.992347,-0.1000709,0.2941108,0.0746475,0.9528518,moving,7.8451726412576495,9.592429249497105,3.8636602056029443,6.373737017815475,0.32712699999999995,0.1596152,0.823118,0.1346229866495271,0.1651215309171343,0.9770422217225022,7.721034274101829,9.754953259191373,5.043497936901827,5.119806730489026,5.129518298560966
05/17/2023 16:16:16.617970,4169,True,True,True,True,Eyes,1.133731,-0.2717936,-3.45091,0.4248419,0.2217384,0.877691,0.0,0.0,0.0,0.0,0.0,0.0,0.0,-2.083626,-0.1453535,2.988542,1.130338,-0.2773882,-3.455343,-0.04333755,0.1452089,-0.04300043,0.9875157,355.8076,16.93571,354.3889,0.3114721,-0.0741352,-0.9473587,0,0,0,1.454361,-0.1200497,-2.632232,0.06082335,0.09887423,0.890945,0.9541307,-0.09751318,-0.283065,0.0723412,0.9925457,-0.0980811,0.2905191,0.07310493,0.9540725,moving,7.883687370362393,9.570596715832641,3.9054289941320968,6.332590333961461,0.32402299999999995,0.1573385,0.8231109999999999,0.13528862298346525,0.16473415040896325,0.9770157100535514,7.759714897148651,9.732712363724268,5.053001419712168,5.12944685488455,5.139683807343647
05/17/2023 16:16:16.638248,4170,True,True,True,True,Eyes,1.133498,-0.2719535,-3.450625,0.4221472,0.2199514,0.8794391,0.0,0.0,0.0,0.0,0.0,0.0,0.0,-2.073146,-0.1371217,2.995736,1.130063,-0.2776115,-3.455005,-0.04228706,0.1434867,-0.04273861,0.9878243,355.9125,16.72785,354.444,0.3114498,-0.07418335,-0.9473622,0,0,0,1.451044,-0.1223016,-2.631857,0.0612223,0.09852923,0.8895312,0.95517,-0.09657174,-0.2798648,0.0723012,0.9927704,-0.09580921,0.2870939,0.07127952,0.9552467,moving,7.916889147627968,9.5649328251071,3.9371934225111436,6.320621645631333,0.32098099999999996,0.1553099,0.8231479999999998,0.13585727714174825,0.1646246348731572,0.9769552381143773,7.792965860559763,9.726855681027217,5.057822822119678,5.134543124152778,5.144843184967324
05/17/2023 16:16:16.648290,4171,True,True,True,True,Eyes,1.133264,-0.2721079,-3.450338,0.4194371,0.218174,0.8811768,0.0,0.0,0.0,0.0,0.0,0.0,0.0,-2.062541,-0.1296137,3.002948,1.129814,-0.2778099,-3.454694,-0.04133557,0.1417475,-0.0424939,0.9881262,356.0065,16.51894,354.4951,0.3114261,-0.07423177,-0.9473662,0,0,0,1.447557,-0.1246687,-2.631463,0.06145293,0.0978584,0.8881269,0.9562038,-0.0956971,-0.2766159,0.07226024,0.9929713,-0.09373634,0.2836419,0.06964271,0.956398,moving,7.950773633917356,9.54965903043298,3.9582072733217712,6.287780040506156,0.3177429999999999,0.1531412,0.8232309999999998,0.136441329821892,0.1643508713118932,0.9769198956957039,7.826968243049381,9.711270231283315,5.0786033562975526,5.1556222406888494,5.166003922495137
05/17/2023 16:16:16.668237,4172,True,True,True,True,Eyes,1.133025,-0.2722691,-3.450043,0.4168181,0.2163873,0.8828586,0.0,0.0,0.0,0.0,0.0,0.0,0.0,-2.052625,-0.1233639,3.00951,1.129579,-0.2778147,-3.454347,-0.04044047,0.1401294,-0.04246169,0.9883953,356.0984,16.32541,354.5203,0.3114012,-0.07428025,-0.9473706,0,0,0,1.44419,-0.1269545,-2.631083,0.06152609,0.0970542,0.8867338,0.9571216,-0.09527167,-0.2735722,0.07260408,0.9931231,-0.09184259,0.2804409,0.06804206,0.9574566,moving,7.9717012000161,9.53413501241646,3.969110555619732,6.2462363967760375,0.314611,0.15086020000000003,0.823264,0.13680445994048518,0.16407789259548136,0.9769150856572325,7.848012056948784,9.695480014945138,5.102666967386904,5.1798657485826345,5.1906799549281635
05/17/2023 16:16:16.678241,4173,True,True,True,True,Eyes,1.132783,-0.2724268,-3.449751,0.4141839,0.2145784,0.8845382,0.0,0.0,0.0,0.0,0.0,0.0,0.0,-2.04318,-0.1148019,3.015712,1.129337,-0.2780373,-3.453922,-0.0392249,0.1385792,-0.04243166,0.9886641,356.2272,16.13776,354.5499,0.3113751,-0.07432902,-0.9473754,0,0,0,1.441011,-0.1291123,-2.630724,0.06163737,0.09716321,0.885287,0.9579906,-0.09477284,-0.2706879,0.07302982,0.993322,-0.08932081,0.2773454,0.06580022,0.9585144,moving,7.984432455399252,9.552461960658325,3.9827437407956494,6.263334811122517,0.311674,0.14892499999999997,0.8231980000000001,0.1370144088753436,0.1643855436161345,0.9768338982834176,7.86061599402331,9.713981132944413,5.102419214067341,5.179948838975091,5.190843211912295
05/17/2023 16:16:16.697884,4174,True,True,True,True,Eyes,1.132513,-0.2725856,-3.449451,0.4115963,0.2127546,0.8861851,0.0,0.0,0.0,0.0,0.0,0.0,0.0,-2.033582,-0.1058671,3.022143,1.129057,-0.2780866,-3.453681,-0.03791841,0.1370036,-0.04241787,0.9889354,356.3665,15.94679,354.5788,0.3113479,-0.07437795,-0.9473805,0,0,0,1.437663,-0.1313855,-2.630346,0.06162292,0.09711838,0.8839738,0.9588615,-0.09428699,-0.2677586,0.07350715,0.9935258,-0.08662051,0.2741923,0.06337491,0.9595844,moving,8.003033437788408,9.581331012820542,3.9877092172988657,6.269694248438143,0.30860599999999994,0.14670110000000003,0.8233350000000002,0.13732025941052864,0.1648706645314747,0.976709207384283,7.879016036421034,9.74312998093359,5.126557320729442,5.2047830555037615,5.216035328515603
05/17/2023 16:16:16.717770,4175,True,True,True,True,Eyes,1.132244,-0.2727471,-3.449153,0.408986,0.2109154,0.8878317,0.0,0.0,0.0,0.0,0.0,0.0,0.0,-2.023492,-0.09768613,3.028735,1.128766,-0.278307,-3.453366,-0.03684404,0.1353642,-0.04222665,0.9892099,356.4763,15.7495,354.6238,0.3113191,-0.07442707,-0.9473861,0,0,0,1.434334,-0.1336454,-2.62997,0.06180318,0.09680007,0.8826603,0.9597868,-0.09351677,-0.2646957,0.07356731,0.9937189,-0.08432493,0.2709188,0.06146101,0.9606381,moving,8.031695116255353,9.578570401720473,4.005268424236911,6.258533831978365,0.30556800000000006,0.14466160000000003,0.8233959999999998,0.13781018939517373,0.16481227518146382,0.9766500127099912,7.907704994618067,9.740228705357802,5.140109876160387,5.218692818189581,5.229838465685617
05/17/2023 16:16:16.727867,4176,True,True,True,True,Eyes,1.131966,-0.2729068,-3.448854,0.4064177,0.2090455,0.8894519,0.0,0.0,0.0,0.0,0.0,0.0,0.0,-2.013502,-0.08842205,3.035298,1.128536,-0.2785053,-3.453097,-0.03557747,0.133725,-0.04208368,0.9894853,356.6089,15.55133,354.6661,0.3112887,-0.07447645,-0.9473922,0,0,0,1.431062,-0.1358667,-2.629601,0.06193566,0.09684044,0.8813625,0.9606932,-0.09279757,-0.2616434,0.07376718,0.9939264,-0.08166204,0.2676323,0.05915147,0.9617038,moving,8.06230490002725,9.59742349777516,4.0197169705046525,6.270269276005559,0.3025260000000001,0.1426386,0.823496,0.13832468355873792,0.1651216795816904,0.976525044844036,7.93818844475203,9.759195437118175,5.1564411456189045,5.23569215895674,5.2466202885463735
05/17/2023 16:16:16.747838,4177,True,True,True,True,Eyes,1.13169,-0.2730626,-3.448557,0.4038414,0.2071719,0.8910623,0.0,0.0,0.0,0.0,0.0,0.0,0.0,-2.003983,-0.07957879,3.041423,1.128236,-0.278613,-3.452824,-0.03437604,0.132182,-0.0419099,0.9897424,356.7343,15.36481,354.71,0.3112569,-0.07452601,-0.9473987,0,0,0,1.427759,-0.1381088,-2.629228,0.06194833,0.09663685,0.8801082,0.961543,-0.0920478,-0.2587708,0.07387222,0.9941238,-0.07912632,0.2645336,0.05696739,0.9626924,moving,8.082213062888286,9.607212479769288,4.026247675577793,6.26603845823953,0.299523,0.1405042,0.8235960000000002,0.13866024004904287,0.16528068888311198,0.9764505756548696,7.958032075818105,9.769028397911072,5.175218602703109,5.254930928680803,5.265915598204466
05/17/2023 16:16:16.768121,4178,True,True,True,True,Eyes,1.131402,-0.2732125,-3.448256,0.401301,0.2053022,0.8926412,0.0,0.0,0.0,0.0,0.0,0.0,0.0,-1.995205,-0.07176398,3.047011,1.128051,-0.2786494,-3.452553,-0.03327031,0.130748,-0.04183377,0.9899738,356.8509,15.19194,354.7405,0.3112236,-0.07457563,-0.9474057,0,0,0,1.424317,-0.1404457,-2.628839,0.06150474,0.09610406,0.8788406,0.9623098,-0.09152872,-0.2560906,0.07412861,0.9942861,-0.07681283,0.2616578,0.05493411,0.9635961,moving,8.089746713531527,9.609150493994164,4.003258046518597,6.240681872428202,0.29626600000000014,0.13820369999999998,0.8237139999999998,0.13878790022735665,0.16531070687532223,0.9764272050727298,7.965553902231882,9.770961676711803,5.215704103538207,5.295844642745821,5.306850661619878
05/17/2023 16:16:16.777853,4179,True,True,True,True,Eyes,1.131116,-0.2733588,-3.447955,0.3987654,0.2034643,0.8941971,0.0,0.0,0.0,0.0,0.0,0.0,0.0,-1.98732,-0.06488988,3.051878,1.12783,-0.2786716,-3.452239,-0.03239383,0.1294816,-0.0415693,0.9901804,356.9397,15.03941,354.788,0.3111889,-0.07462516,-0.9474132,0,0,0,1.421053,-0.1426617,-2.62847,0.06102724,0.09521959,0.8776571,0.9630131,-0.09071102,-0.253727,0.07393341,0.9944453,-0.07491638,0.2591133,0.05338655,0.9643703,moving,8.082615804500342,9.580568231780653,3.977617459385081,6.191968133919064,0.2932229999999998,0.13600990000000002,0.823769,0.138677792659977,0.1648261769427731,0.9765248693594271,7.958624926910916,9.742060168314309,5.242994044249407,5.322933593106963,5.33400167877486
05/17/2023 16:16:16.797992,4180,True,True,True,True,Eyes,1.130812,-0.2735081,-3.447646,0.3962472,0.2016238,0.8957321,0.0,0.0,0.0,0.0,0.0,0.0,0.0,-1.979763,-0.05886492,3.056487,1.127593,-0.2787133,-3.45194,-0.03170339,0.1282817,-0.04118926,0.9903748,357.0061,14.89548,354.8455,0.3111529,-0.07467449,-0.9474211,0,0,0,1.417652,-0.1449702,-2.628086,0.06034429,0.09388447,0.8765278,0.9636945,-0.08971956,-0.2514823,0.07345169,0.9945967,-0.07336415,0.2567057,0.05222882,0.9650773,moving,8.071589784358787,9.527457912498592,3.9382963989592734,6.113615035705105,0.29005899999999984,0.1337431,0.8238539999999999,0.13851095674852432,0.16392477912329667,0.9767002492344706,7.947974720532583,9.6883483161326,5.281330443944059,5.360824320682502,5.371800281906511
05/17/2023 16:16:16.818118,4181,True,True,True,True,Eyes,1.130509,-0.2736599,-3.447336,0.3937169,0.1997912,0.8972572,0.0,0.0,0.0,0.0,0.0,0.0,0.0,-1.971392,-0.05136064,3.06145,1.127253,-0.2789424,-3.45152,-0.03090886,0.1269699,-0.04062652,0.9905922,357.0813,14.73757,354.9254,0.3111154,-0.07472378,-0.9474296,0,0,0,1.414235,-0.14729,-2.6277,0.05998838,0.09286596,0.875298,0.9644562,-0.08833762,-0.2490394,0.07263965,0.9947883,-0.07155284,0.2540622,0.05091945,0.9658466,moving,8.077003852660997,9.48204783385911,3.9206244764869207,6.0562194797139535,0.28698199999999985,0.13165239999999997,0.82382,0.13862133819202532,0.16314809515811662,0.9768146331515618,7.953714047004054,9.642368381059232,5.307046027005614,5.386259317072481,5.396876450914363
05/17/2023 16:16:16.827847,4182,True,True,True,True,Eyes,1.130165,-0.2738118,-3.447019,0.3911304,0.1978462,0.898818,0.0,0.0,0.0,0.0,0.0,0.0,0.0,-1.962484,-0.04318781,3.066832,1.126971,-0.2791301,-3.451187,-0.02991159,0.1255507,-0.04026412,0.9908184,357.182,14.56681,354.9856,0.3110765,-0.07477309,-0.9474385,0,0,0,1.410897,-0.1495564,-2.627323,0.05975284,0.09228013,0.8741104,0.9652316,-0.08729969,-0.2463872,0.07227801,0.9949682,-0.06938428,0.2512047,0.04916354,0.9666846,moving,8.08708614811077,9.459351260977272,3.9105675674657725,6.026412621342057,0.2839260000000001,0.12957369999999999,0.8238639999999999,0.1388023061148813,0.16275696292332825,0.9768541327239013,7.963960865142777,9.619359383974938,5.3271174171815465,5.4063273261959806,5.416573055426001
05/17/2023 16:16:16.848172,4183,True,True,True,True,Eyes,1.129821,-0.2739637,-3.446706,0.3885303,0.1958905,0.9003728,0.0,0.0,0.0,0.0,0.0,0.0,0.0,-1.953124,-0.03410712,3.072523,1.126657,-0.2793308,-3.450923,-0.02876223,0.1240571,-0.0399395,0.9910538,357.3004,14.38685,355.0437,0.3110354,-0.07482246,-0.9474481,0,0,0,1.407592,-0.1518002,-2.62695,0.0596678,0.0920081,0.8729802,0.9660293,-0.08630069,-0.2435969,0.07202805,0.9951551,-0.06691939,0.2481919,0.04710028,0.9675651,moving,8.104322608486102,9.454892161386947,3.9100592391712863,6.016499904752666,0.28093499999999993,0.1275306,0.8239730000000001,0.13909810656510985,0.1626741327519717,0.9768259334556872,7.981233690375786,9.614781816670897,5.344031661989481,5.423503159550906,5.433423794420805
05/17/2023 16:16:16.868095,4184,True,True,True,True,Eyes,1.129471,-0.2741122,-3.446389,0.385858,0.193828,0.9019669,0.0,0.0,0.0,0.0,0.0,0.0,0.0,-1.94391,-0.02420335,3.078116,1.126373,-0.2794509,-3.450705,-0.02747814,0.1225802,-0.0396083,0.9912872,357.4342,14.20826,355.1039,0.3109923,-0.07487188,-0.9474583,0,0,0,1.404181,-0.1541158,-2.626565,0.05940902,0.09179654,0.8718582,0.9668106,-0.08526296,-0.2408477,0.07178986,0.9953523,-0.06418783,0.2452011,0.04476706,0.9684381,moving,8.115579706207381,9.458575450257731,3.8981482123954447,6.010435401578814,0.27780799999999983,0.1253351,0.8241400000000003,0.13928865910963328,0.16273251972843303,0.9767890124842138,7.992467504619466,9.618467559870925,5.367778833872351,5.447604813154147,5.457228831737574
05/17/2023 16:16:16.878288,4185,True,True,True,True,Eyes,1.129123,-0.2742672,-3.446071,0.3831766,0.1917635,0.9035498,0.0,0.0,0.0,0.0,0.0,0.0,0.0,-1.93476,-0.01503187,3.083457,1.1261,-0.2794961,-3.450364,-0.02633501,0.1211286,-0.03919166,0.9915133,357.5511,14.03336,355.1714,0.3109473,-0.07492127,-0.9474692,0,0,0,1.400871,-0.1563624,-2.626191,0.05924337,0.09132051,0.870674,0.9675838,-0.08409795,-0.238137,0.07133825,0.995541,-0.06171747,0.2422654,0.04272855,0.9692686,moving,8.125281693737271,9.443923626782745,3.8925832616152922,5.9875670845770435,0.2747709999999999,0.12313370000000001,0.824173,0.1394599554942567,0.16247875566537526,0.9768067170995604,8.002276546173384,9.603602100678913,5.38474636990187,5.464625930851627,5.474055912284485
05/17/2023 16:16:16.898187,4186,True,True,True,True,Eyes,1.12876,-0.2744273,-3.445753,0.3804493,0.1896157,0.9051542,0.0,0.0,0.0,0.0,0.0,0.0,0.0,-1.925704,-0.004837766,3.088654,1.12584,-0.2797768,-3.449978,-0.02508975,0.1196894,-0.03873791,0.9917381,357.6794,13.85947,355.2442,0.3109006,-0.0749708,-0.9474806,0,0,0,1.39747,-0.1586715,-2.625807,0.05894254,0.09117146,0.8694372,0.9683476,-0.08284166,-0.2354572,0.07082976,0.9957397,-0.05903795,0.2393449,0.04049188,0.9700899,moving,8.13175121069994,9.434564882071532,3.8783700243036687,5.986307201443763,0.27163000000000004,0.1211053,0.8241710000000002,0.1395740343942668,0.1623165763328819,0.9768174483009093,8.008814515288595,9.594105878228925,5.395607286848926,5.475557738605096,5.484230391342115
05/17/2023 16:16:16.917813,4187,True,True,True,True,Eyes,1.128402,-0.274586,-3.445434,0.3777093,0.1874568,0.90675,0.0,0.0,0.0,0.0,0.0,0.0,0.0,-1.916195,0.00608401,3.094198,1.125479,-0.2800414,-3.44975,-0.0237284,0.1181868,-0.03829464,0.991969,357.8209,13.67791,355.317,0.3108521,-0.07502062,-0.9474925,0,0,0,1.394101,-0.1609585,-2.625427,0.05882958,0.0912341,0.8683681,0.9691308,-0.08158296,-0.2326579,0.07036542,0.995941,-0.0561275,0.2362926,0.03802383,0.9709377,moving,8.144733081183686,9.438580902436371,3.8757112240574334,5.997711641192806,0.26862200000000014,0.11908289999999999,0.8243229999999997,0.1397938785815545,0.1623799596780947,0.976775485912088,8.021771186509454,9.59812192580962,5.4028623773640225,5.48307658979815,5.491153560939831
05/17/2023 16:16:16.927965,4188,True,True,True,True,Eyes,1.12802,-0.27474,-3.445114,0.3749988,0.1852728,0.9083225,0.0,0.0,0.0,0.0,0.0,0.0,0.0,-1.906692,0.01696838,3.099544,1.125286,-0.2801329,-3.449375,-0.02233141,0.1166685,-0.03788432,0.9921969,357.967,13.49468,355.3862,0.3108019,-0.07507065,-0.947505,0,0,0,1.390766,-0.1632231,-2.62505,0.05864179,0.09121598,0.8671222,0.9699065,-0.08038814,-0.2298242,0.06996667,0.9961322,-0.05315411,0.2332082,0.03547449,0.9717795,moving,8.160850713824608,9.446727080419,3.8689112227144404,6.005082146385749,0.26547999999999994,0.11690980000000001,0.824325,0.14006554351183384,0.16251252782700665,0.9767144906509481,8.037834998102475,9.606306384063833,5.4207855094490665,5.501423856358257,5.508969182618081
05/17/2023 16:16:16.948342,4189,True,True,True,True,Eyes,1.127643,-0.2748938,-3.444796,0.3722807,0.1830909,0.9098818,0.0,0.0,0.0,0.0,0.0,0.0,0.0,-1.897269,0.02302556,3.104999,1.125029,-0.2801931,-3.4492,-0.02158515,0.1151867,-0.03763318,0.992396,358.0417,13.3195,355.4279,0.3107498,-0.07512077,-0.9475181,0,0,0,1.387372,-0.1655266,-2.624666,0.05833639,0.09005266,0.8662077,0.9706315,-0.07966668,-0.2269971,0.06972138,0.9962357,-0.05151172,0.2302463,0.03417234,0.9725322,moving,8.168549402126805,9.386842852035434,3.852874243012596,5.935260518585199,0.262343,0.11466649999999998,0.8245339999999999,0.14022069354903222,0.16148803564698488,0.9768622516353298,8.045962766454105,9.545668569926576,5.445990087854428,5.526162563984271,5.533266455052344
05/17/2023 16:16:16.968091,4190,True,True,True,True,Eyes,1.127256,-0.2750483,-3.444473,0.3695552,0.1808937,0.911431,0.0,0.0,0.0,0.0,0.0,0.0,0.0,-1.887904,0.03101288,3.11021,1.124787,-0.2803165,-3.448888,-0.0204333,0.1136957,-0.03765161,0.9925916,358.1661,13.1418,355.4441,0.310696,-0.07517095,-0.9475318,0,0,0,1.384056,-0.167778,-2.624292,0.05804807,0.0897912,0.8651079,0.9713113,-0.07939169,-0.224168,0.07009897,0.9963297,-0.04912549,0.2272454,0.0320022,0.9733115,moving,8.171732101885553,9.37945231805001,3.838748252913415,5.925620659196264,0.25926899999999997,0.11253850000000001,0.8245960000000001,0.14027791397920347,0.1613607052110979,0.9768750554554816,8.049199012059791,9.538176678768975,5.460852894486701,5.541092145340467,5.547833504148022
05/17/2023 16:16:16.978240,4191,True,True,True,True,Eyes,1.126871,-0.2752068,-3.444152,0.3668273,0.1787119,0.9129621,0.0,0.0,0.0,0.0,0.0,0.0,0.0,-1.879432,0.03809647,3.114743,1.124465,-0.2804773,-3.448514,-0.01947822,0.1123746,-0.03754679,0.9927653,358.2673,12.98457,355.471,0.3106405,-0.07522123,-0.9475459,0,0,0,1.38073,-0.1700357,-2.623916,0.05757298,0.08917972,0.864039,0.9719244,-0.07892799,-0.2216605,0.07017256,0.9964217,-0.04711322,0.2245859,0.03023599,0.9739851,moving,8.157921493779652,9.346329432961625,3.8121193721683793,5.892781080046518,0.25626499999999997,0.11044159999999997,0.8245979999999999,0.14005540226447505,0.16080105605201753,0.976999238450267,8.035620947597769,9.504704588113064,5.471164364447273,5.55094517232189,5.5573336219610106
05/17/2023 16:16:16.998077,4192,True,True,True,True,Eyes,1.126472,-0.2753666,-3.443832,0.3640675,0.1765099,0.9144939,0.0,0.0,0.0,0.0,0.0,0.0,0.0,-1.870571,0.04646285,3.119566,1.124174,-0.2807061,-3.448235,-0.01843562,0.1109891,-0.03723554,0.9929528,358.3757,12.81924,355.5224,0.3105834,-0.0752717,-0.9475606,0,0,0,1.377386,-0.1723064,-2.623539,0.05716941,0.08870344,0.8630494,0.9725899,-0.07803857,-0.219041,0.06985395,0.9965472,-0.04487688,0.2217868,0.02834592,0.9746831,moving,8.154113923867671,9.31642886268259,3.789803386693361,5.868203492670823,0.253212,0.10839970000000002,0.8246959999999999,0.1400022092892318,0.16029238982998895,0.9770904326868599,8.032025592857174,9.474456380169782,5.48266486920862,5.562145689145827,5.56789988551015
05/17/2023 16:16:17.018042,4193,True,True,True,True,Eyes,1.126079,-0.2755339,-3.443514,0.3613078,0.174302,0.9160107,0.0,0.0,0.0,0.0,0.0,0.0,0.0,-1.861929,0.05542921,3.124206,1.123829,-0.2808829,-3.447989,-0.01728972,0.1096453,-0.0369334,0.993134,358.4962,12.65838,355.5736,0.3105246,-0.07532238,-0.9475759,0,0,0,1.374018,-0.1745927,-2.623158,0.05670774,0.08833488,0.8621017,0.9732276,-0.07715109,-0.2165079,0.06956814,0.9966739,-0.04244116,0.2190621,0.02624286,0.9753579,moving,8.145573965269145,9.297997029345467,3.7634077249555693,5.850370098932598,0.250189,0.1062902,0.8248310000000001,0.13986373403576657,0.15998122805949055,0.9771613268183915,8.02361481094275,9.455833423692635,5.496510072142119,5.575797020072743,5.581104747420987
05/17/2023 16:16:17.028479,4194,True,True,True,True,Eyes,1.125679,-0.2756997,-3.443198,0.3585122,0.1720213,0.9175389,0.0,0.0,0.0,0.0,0.0,0.0,0.0,-1.853356,0.06649373,3.128716,1.123592,-0.2811913,-3.447707,-0.01593665,0.1082995,-0.03643257,0.9933226,358.638,12.49622,355.6498,0.3104644,-0.07537346,-0.9475915,0,0,0,1.370684,-0.1768561,-2.622782,0.0562005,0.08840932,0.8610848,0.9738878,-0.07583045,-0.2139916,0.06892674,0.9968374,-0.03955173,0.216314,0.02376921,0.9760345,moving,8.139420472312768,9.292984972134391,3.734232512438617,5.862132641496678,0.2470920000000001,0.10433519999999999,0.8249249999999999,0.13976068333326422,0.1598980852167452,0.9771895987749654,8.017495429176577,9.450783732262868,5.50432072211048,5.583585646917437,5.5879117624708385
05/17/2023 16:16:17.048269,4195,True,True,True,True,Eyes,1.125286,-0.2758663,-3.442885,0.3557173,0.1697364,0.919051,0.0,0.0,0.0,0.0,0.0,0.0,0.0,-1.844202,0.07885551,3.133483,1.123293,-0.2812847,-3.447478,-0.01430772,0.106862,-0.03604331,0.9935173,358.8124,12.3226,355.7164,0.3104027,-0.07542484,-0.9476077,0,0,0,1.367331,-0.1791321,-2.622403,0.05585788,0.08876427,0.8600813,0.9745628,-0.07467719,-0.2113071,0.06856139,0.9969923,-0.03613325,0.2133699,0.02072661,0.9767516,moving,8.141905317350743,9.322811611589367,3.7158493166271582,5.892321955015816,0.24403799999999998,0.10215260000000001,0.825075,0.13979139211267635,0.16040606194698495,0.9771019627383367,8.019768235812505,9.480962064276689,5.520040554133317,5.599842051826049,5.603753732697169
05/17/2023 16:16:17.068205,4196,True,True,True,True,Eyes,1.124883,-0.2760369,-3.44258,0.3528875,0.1674445,0.9205611,0.0,0.0,0.0,0.0,0.0,0.0,0.0,-1.835522,0.08951112,3.137955,1.123085,-0.2814331,-3.447229,-0.01295691,0.1054994,-0.03562104,0.9936967,358.9552,12.1591,355.7827,0.3103398,-0.07547653,-0.9476242,0,0,0,1.363745,-0.1815668,-2.621998,0.0550859,0.088506,0.8590865,0.975202,-0.0735269,-0.2087458,0.06805912,0.9971265,-0.03326647,0.2105919,0.01823448,0.977404,moving,8.134235576215545,9.319745976415165,3.668867564317274,5.882053429590029,0.24065999999999987,0.09986629999999999,0.825231,0.13966172787676878,0.1603567448350654,0.9771286011687957,8.01211832402839,9.47788802621881,5.555381077816095,5.635356379873539,5.638603870466842
05/17/2023 16:16:17.087987,4197,True,True,True,True,Eyes,1.124486,-0.2762071,-3.442278,0.350059,0.1651728,0.9220502,0.0,0.0,0.0,0.0,0.0,0.0,0.0,-1.826238,0.09995361,3.142853,1.122732,-0.2816692,-3.447143,-0.01173115,0.1040723,-0.03502779,0.9938836,359.0816,11.98877,355.8666,0.3102755,-0.07552858,-0.9476411,0,0,0,1.360658,-0.1836623,-2.62165,0.05503275,0.0884565,0.8583715,0.975884,-0.07206886,-0.2060496,0.06718531,0.9972708,-0.03060965,0.2076933,0.01602796,0.9780627,moving,8.137492868128627,9.299922956136504,3.668382079966341,5.883649267317244,0.23792599999999986,0.09800690000000001,0.8254930000000003,0.13972507283548535,0.1600172223237665,0.9771751742864657,8.015517838845602,9.457812899632012,5.545575736858305,5.625289072908813,5.6278090742924345
05/17/2023 16:16:17.098086,4198,True,True,True,True,Eyes,1.124087,-0.2763785,-3.441983,0.3471591,0.1629138,0.9235474,0.0,0.0,0.0,0.0,0.0,0.0,0.0,-1.817414,0.1084863,3.147366,1.12254,-0.2818036,-3.446907,-0.01069664,0.1027003,-0.03460934,0.9940525,359.1888,11.82598,355.9279,0.3102101,-0.07558093,-0.9476583,0,0,0,1.357299,-0.1859429,-2.62127,0.05447114,0.08781917,0.8574951,0.9765097,-0.07100412,-0.2034385,0.06660993,0.9973756,-0.02837483,0.2049193,0.01415727,0.9786765,moving,8.126493828323014,9.263794586493196,3.6347480117744553,5.847480709346732,0.23475899999999994,0.0958607,0.825637,0.13955150014361015,0.15940498204108053,0.9773001470879663,8.004773519981203,9.421288428156457,5.56401283717937,5.643312944331989,5.645283389999267
05/17/2023 16:16:17.117902,4199,True,True,True,True,Eyes,1.123692,-0.2765563,-3.44169,0.3442647,0.160675,0.9250218,0.0,0.0,0.0,0.0,0.0,0.0,0.0,-1.808898,0.1158894,3.151765,1.122241,-0.2819772,-3.446771,-0.009739113,0.1013841,-0.03441032,0.9942043,359.2902,11.67025,355.9629,0.3101436,-0.0756336,-0.9476759,0,0,0,1.35375,-0.1883525,-2.620869,0.05366792,0.08701187,0.8567522,0.9770744,-0.07039655,-0.2009228,0.06644698,0.9974421,-0.02634266,0.2022633,0.01238802,0.9792529,moving,8.105237170911895,9.226217959448688,3.584388598350889,5.79908356799961,0.23150899999999996,0.09362469999999998,0.8259020000000001,0.13920328544634664,0.15877184314928802,0.9774527696570565,7.983779193556657,9.383336555384169,5.5941909337219515,5.673034633516697,5.674637176662495
05/17/2023 16:16:17.132929,4200,True,True,True,True,Eyes,1.123283,-0.2767299,-3.441404,0.341348,0.1584317,0.9264885,0.0,0.0,0.0,0.0,0.0,0.0,0.0,-1.80006,0.1237451,3.156216,1.121987,-0.2822807,-3.446547,-0.008757169,0.1000155,-0.03416099,0.9943607,359.3937,11.50845,356.0037,0.3100761,-0.0756867,-0.9476937,0,0,0,1.350565,-0.1905144,-2.62051,0.05326907,0.08663602,0.8559576,0.9776598,-0.0696884,-0.1983047,0.066185,0.9975127,-0.02424883,0.1995013,0.01058231,0.9798405,moving,8.089842393167967,9.190231892277604,3.5611130560377746,5.779527925010442,0.22857799999999995,0.0917663,0.8260369999999999,0.13895439165366158,0.15816348327654833,0.9775868201337057,7.968636957387412,9.346972557649929,5.591174683348586,5.669417162399996,5.670355204739524
05/17/2023 16:16:17.148036,4201,True,True,True,True,Eyes,1.122881,-0.2769011,-3.441124,0.3384176,0.1562205,0.9279379,0.0,0.0,0.0,0.0,0.0,0.0,0.0,-1.79005,0.1324082,3.161264,1.121534,-0.2823358,-3.446426,-0.007607739,0.0984882,-0.03394645,0.99453,359.5161,11.32783,356.0421,0.3100074,-0.07574008,-0.9477119,0,0,0,1.347191,-0.1928049,-2.620129,0.05313574,0.08618375,0.8552499,0.9782954,-0.06902007,-0.1953824,0.06602298,0.9975796,-0.0218189,0.1964154,0.0084456,0.9804844,moving,8.091474490883355,9.17712562401241,3.5551544556709205,5.754285169593078,0.225657,0.08953090000000002,0.8262970000000003,0.1389872976510967,0.15793912704708502,0.9776184460747812,7.970362949606972,9.33370155725202,5.604607776848692,5.68278419775723,5.683862042763393
05/17/2023 16:16:17.168036,4202,True,True,True,True,Eyes,1.122501,-0.2770748,-3.440851,0.3354582,0.1539882,0.9293844,0.0,0.0,0.0,0.0,0.0,0.0,0.0,-1.779457,0.1384156,3.166745,1.121334,-0.282427,-3.446266,-0.006806383,0.09683693,-0.03386579,0.9947007,359.6,11.13453,356.0611,0.3099377,-0.07579364,-0.9477304,0,0,0,1.3439,-0.1950392,-2.619757,0.05303477,0.08526833,0.8545208,0.9789515,-0.06869087,-0.1921865,0.06605444,0.9976135,-0.02009955,0.1931085,0.006981709,0.9811526,moving,8.103101970821976,9.128176347641782,3.5514359882885236,5.698394390960181,0.22256600000000004,0.08738779999999999,0.8265090000000002,0.13920457017409518,0.15709901263649997,0.9777228239747309,7.982342572247916,9.284116338865806,5.621434142126098,5.6992163923587675,5.7000293897020216
05/17/2023 16:16:17.178521,4203,True,True,True,True,Eyes,1.122125,-0.2772474,-3.440586,0.3324865,0.1517753,0.9308152,0.0,0.0,0.0,0.0,0.0,0.0,0.0,-1.769692,0.1460064,3.17164,1.121161,-0.2826147,-3.446093,-0.005715849,0.09529733,-0.03392749,0.9948542,359.7189,10.95302,356.0667,0.3098676,-0.07584738,-0.947749,0,0,0,1.340502,-0.1973462,-2.619373,0.05256636,0.08488653,0.8537433,0.9795347,-0.06859522,-0.189226,0.0664164,0.9976326,-0.01783927,0.1900017,0.004906473,0.9817715,moving,8.098846486701989,9.116042339478183,3.523346176155881,5.6781785671889065,0.219341,0.0852685,0.8267199999999999,0.1391365568269014,0.156893464400048,0.9777655190823028,7.978172489510666,9.271851397316688,5.645361490457616,5.723120687931242,5.72363187951119
05/17/2023 16:16:17.198364,4204,True,True,True,True,Eyes,1.121762,-0.2774174,-3.440325,0.3294937,0.1495742,0.9322346,0.0,0.0,0.0,0.0,0.0,0.0,0.0,-1.758991,0.1523996,3.177059,1.1209,-0.2827415,-3.445957,-0.00478802,0.09362881,-0.03402245,0.9950143,359.8191,10.75739,356.0663,0.3097971,-0.07590124,-0.9477677,0,0,0,1.337289,-0.1995268,-2.61901,0.05257551,0.08432716,0.8530619,0.9801522,-0.06860223,-0.1859982,0.06680904,0.9976391,-0.01589926,0.1866498,0.003157334,0.9824215,moving,8.10773201338621,9.08806473453103,3.5267656535488476,5.645480411515362,0.21638899999999994,0.08321469999999997,0.8269470000000001,0.13929894575220733,0.15641239057352463,0.9778194398097682,7.987259881379902,9.243501930339436,5.652791495370105,5.730326309298173,5.730773735407396
05/17/2023 16:16:17.218291,4205,True,True,True,True,Eyes,1.121403,-0.2775909,-3.440067,0.3264869,0.1474061,0.9336368,0.0,0.0,0.0,0.0,0.0,0.0,0.0,-1.748321,0.1565976,3.182356,1.120511,-0.2828115,-3.445724,-0.004213491,0.09200487,-0.03404752,0.9951675,359.8785,10.56832,356.0698,0.3097267,-0.07595514,-0.9477864,0,0,0,1.333823,-0.2018798,-2.618619,0.05243711,0.08291292,0.8523672,0.9807518,-0.06854129,-0.1828336,0.06699064,0.997646,-0.01465133,0.1834074,0.002121184,0.9830347,moving,8.112084149578425,9.020186399984697,3.520364766087506,5.555893439389869,0.21331199999999995,0.0809317,0.827105,0.13939906214179054,0.1552516522506737,0.9779901607125117,7.99209721776149,9.17478578051248,5.6751290872293305,5.751974670802463,5.752631823434393
05/17/2023 16:16:17.228306,4206,True,True,True,True,Eyes,1.121059,-0.2777631,-3.439815,0.3234642,0.1452398,0.9350274,0.0,0.0,0.0,0.0,0.0,0.0,0.0,-1.737407,0.1626186,3.187722,1.12029,-0.2830533,-3.445495,-0.003443345,0.09031844,-0.03395446,0.995328,359.9587,10.37132,356.0886,0.3096563,-0.07600915,-0.947805,0,0,0,1.330516,-0.2041249,-2.618245,0.05238828,0.08207907,0.8516367,0.9813794,-0.06821366,-0.1795591,0.06696966,0.9976705,-0.01298794,0.1800268,0.0007210879,0.9836615,moving,8.125182360069115,8.971758910070978,3.520104038480037,5.5050515758056715,0.21022600000000002,0.07892840000000001,0.8272500000000003,0.13964106310761382,0.15441966333800813,0.9780873519298732,8.005544239694323,9.12572316023011,5.687655165309137,5.764096294252773,5.764411203317112
05/17/2023 16:16:17.247917,4207,True,True,True,True,Eyes,1.120719,-0.2779393,-3.439567,0.3204398,0.1430887,0.9363995,0.0,0.0,0.0,0.0,0.0,0.0,0.0,-1.727546,0.1683951,3.192481,1.120012,-0.2831506,-3.445302,-0.002724769,0.08881527,-0.0337656,0.9954719,0.03282709,10.19566,356.1176,0.3095863,-0.07606319,-0.9478236,0,0,0,1.327137,-0.2064192,-2.617864,0.05202903,0.08092757,0.8509915,0.9819434,-0.06770942,-0.1766422,0.06674141,0.9977049,-0.01142266,0.1770102,-0.0005729405,0.9842088,moving,8.119046254892503,8.914896266707796,3.4986691927726175,5.432375899327653,0.207125,0.07673139999999998,0.8274379999999999,0.13955764276336508,0.15345072741451202,0.9782518099621744,7.999812001995984,9.06819527148898,5.710029005290363,5.785830303887344,5.786144579597611
05/17/2023 16:16:17.268309,4208,True,True,True,True,Eyes,1.120401,-0.2781163,-3.439326,0.3174085,0.1408963,0.9377633,0.0,0.0,0.0,0.0,0.0,0.0,0.0,-1.717653,0.1764039,3.197137,1.119788,-0.2833993,-3.445126,-0.001727365,0.0872958,-0.03349956,0.9956176,0.1380343,10.01714,356.1579,0.3095167,-0.07611739,-0.947842,0,0,0,1.323716,-0.2087418,-2.617477,0.051588,0.08034368,0.8503211,0.9825144,-0.06700708,-0.1737107,0.06640391,0.9977496,-0.009288331,0.1739422,-0.002409151,0.9847529,moving,8.116069977092813,8.885293647656335,3.4718134273708343,5.397640532033959,0.2039279999999999,0.07465750000000002,0.8276490000000001,0.13951786068468386,0.15294613561960518,0.9783364330340708,7.997046034887884,9.038245510147423,5.732450533791752,5.8079982054530594,5.807902784895774
05/17/2023 16:16:17.278492,4209,True,True,True,True,Eyes,1.120084,-0.2782938,-3.43909,0.314374,0.1387088,0.9391106,0.0,0.0,0.0,0.0,0.0,0.0,0.0,-1.708158,0.1849784,3.201432,1.119481,-0.2835309,-3.444933,-0.0006157468,0.08585063,-0.03325793,0.9957527,0.2569246,9.846817,356.1962,0.309448,-0.0761717,-0.9478601,0,0,0,1.320465,-0.2109489,-2.61711,0.05126068,0.0799695,0.8496645,0.9830471,-0.06633907,-0.170931,0.06612761,0.9977871,-0.006936691,0.1710129,-0.004484165,0.9852586,moving,8.104111937595185,8.869241010230729,3.45249804146983,5.376777380764328,0.20098400000000005,0.07258199999999998,0.827823,0.13931954830550647,0.15267632734742462,0.9784067991553675,7.985199300215957,9.022043335482588,5.741481720439385,5.81677006952932,5.816643755781055
05/17/2023 16:16:17.298089,4210,True,True,True,True,Eyes,1.119776,-0.2784709,-3.438869,0.3113201,0.1365144,0.9404486,0.0,0.0,0.0,0.0,0.0,0.0,0.0,-1.698122,0.194105,3.20603,1.119239,-0.2836931,-3.444814,0.0005347472,0.08431599,-0.03293038,0.9958947,0.3791988,9.666216,356.2444,0.3093801,-0.07622613,-0.9478778,0,0,0,1.317127,-0.2132145,-2.616733,0.0509322,0.07960661,0.8490663,0.9836128,-0.06550019,-0.1679749,0.06568054,0.9978306,-0.004488011,0.1679045,-0.006618218,0.9857811,moving,8.10296313432497,8.855686187567303,3.4328384224380213,5.356269504698815,0.19788799999999984,0.07047859999999997,0.8280810000000001,0.13930496693716643,0.15244517827669432,0.9784449647885931,7.98414685337243,9.008328758062973,5.760522891508506,5.835750332640649,5.83540446101017
05/17/2023 16:16:17.317981,4211,True,True,True,True,Eyes,1.119357,-0.2786096,-3.438636,0.3083022,0.1343443,0.9417545,0.0,0.0,0.0,0.0,0.0,0.0,0.0,-1.687608,0.2013578,3.209544,1.115953,-0.2829147,-3.444466,0.001613434,0.08317967,-0.03280325,0.9959932,0.4968218,9.531693,356.2687,0.3093129,-0.07628062,-0.9478954,0,0,0,1.313671,-0.2155607,-2.616343,0.05287194,0.07832372,0.8488151,0.9840102,-0.06507522,-0.1657986,0.06561203,0.9978427,-0.002243188,0.1655869,-0.008671065,0.9861571,moving,8.054801758588079,8.838557677810357,3.564298318924605,5.271992239325238,0.19771800000000006,0.06735400000000002,0.8281229999999997,0.1384884134320502,0.1521702806560959,0.9786037710778039,7.936094863011763,8.991173163813551,5.660749276920787,5.734545332336823,5.739765829018651
05/17/2023 16:16:17.327766,4212,True,True,True,True,Eyes,1.118841,-0.2787068,-3.438392,0.3052976,0.1321579,0.9430417,0.0,0.0,0.0,0.0,0.0,0.0,0.0,-1.677836,0.2074012,3.212616,1.112902,-0.28211,-3.443968,0.002476553,0.08214091,-0.03257266,0.9960852,0.5892868,9.409296,356.3026,0.3092438,-0.07633419,-0.9479136,0,0,0,1.310413,-0.217773,-2.615975,0.05465257,0.07675094,0.8484358,0.9843838,-0.06448343,-0.1638,0.06529714,0.9978658,-0.00041738,0.1634773,-0.01028481,0.9864935,moving,7.998204627195834,8.793289769861227,3.685654567765105,5.169004062385392,0.197511,0.06433700000000003,0.8279929999999998,0.13753775158259773,0.15141729986558145,0.9788545097347614,7.879805546896524,8.94556916793416,5.561318115115651,5.633252604358303,5.643876897328432
05/17/2023 16:16:17.347749,4213,True,True,True,True,Eyes,1.118336,-0.2788072,-3.438154,0.3022868,0.1300124,0.9443089,0.0,0.0,0.0,0.0,0.0,0.0,0.0,-1.668047,0.2138353,3.216998,1.112748,-0.2820733,-3.443749,0.003307812,0.08064297,-0.03236917,0.9962118,0.6767508,9.234295,356.3326,0.3091706,-0.07638591,-0.9479333,0,0,0,1.307016,-0.2200789,-2.615592,0.05412702,0.07563024,0.8478078,0.984898,-0.06395962,-0.1608891,0.06502662,0.9978826,0.00136987,0.1604608,-0.01181126,0.9869715,moving,7.993745805005543,8.750492915987158,3.653005458284473,5.097680808945574,0.19426799999999989,0.06199440000000003,0.828157,0.13747707582013255,0.1506873761072814,0.978975587301879,7.875650732016429,8.902271030067194,5.601557830834311,5.673188084930882,5.6838050510573535
05/17/2023 16:16:17.368245,4214,True,True,True,True,Eyes,1.117844,-0.2789077,-3.43792,0.2992352,0.127862,0.9455737,0.0,0.0,0.0,0.0,0.0,0.0,0.0,-1.6577,0.219193,3.221829,1.112551,-0.2822321,-3.443657,0.003963987,0.07906444,-0.03221021,0.9963411,0.7444267,9.05069,356.3556,0.309094,-0.07643601,-0.9479542,0,0,0,1.303604,-0.222395,-2.615206,0.05373043,0.07441775,0.8473412,0.9854226,-0.06355789,-0.1578057,0.06481153,0.9978936,0.002805604,0.157295,-0.01299233,0.9874663,moving,7.995524060017342,8.689231251377247,3.62830302611961,5.019124330268915,0.19105299999999992,0.059837099999999976,0.8284509999999998,0.13752961157106236,0.1496394644611968,0.9791290286329014,7.877866321170628,8.840261263077556,5.633461646367516,5.704586257677769,5.714881946105195
05/17/2023 16:16:17.387807,4215,True,True,True,True,Eyes,1.117363,-0.2790031,-3.437688,0.2961605,0.1257553,0.9468234,0.0,0.0,0.0,0.0,0.0,0.0,0.0,-1.646827,0.2253377,3.226734,1.112338,-0.2823098,-3.443492,0.004720381,0.07741369,-0.03198693,0.9964746,0.8227918,8.858541,356.3866,0.3090146,-0.07648464,-0.9479762,0,0,0,1.300366,-0.2245934,-2.614841,0.05365644,0.07341129,0.8468066,0.9859679,-0.06301749,-0.1545835,0.06447918,0.9979091,0.004455026,0.1539796,-0.01435993,0.9879696,moving,8.005445296570917,8.64073015165364,3.6256013057557808,4.954693595742154,0.18802799999999986,0.0577164,0.8286509999999998,0.13771665471150307,0.14880666764007627,0.9792296394139774,7.888136052387387,8.791136030422132,5.65373090907054,5.7244998799366975,5.734761810298229
05/17/2023 16:16:17.408151,4216,True,True,True,True,Eyes,1.116905,-0.2791049,-3.437463,0.2930078,0.1236408,0.948082,0.0,0.0,0.0,0.0,0.0,0.0,0.0,-1.635373,0.2308888,3.232014,1.112199,-0.282481,-3.443383,0.005387079,0.0756623,-0.03180199,0.9966118,0.8909895,8.655174,356.412,0.3089329,-0.07653181,-0.947999,0,0,0,1.29701,-0.2268715,-2.614461,0.05354685,0.07227086,0.8463269,0.9865277,-0.06257328,-0.1511545,0.06420368,0.9979192,0.005925228,0.1504692,-0.01555008,0.9884924,moving,8.021794010783873,8.582976340103983,3.6202612884837637,4.88084928637632,0.18481100000000006,0.05560949999999998,0.8289219999999999,0.13801685822802034,0.14781330628085637,0.9793378734332029,7.904900946147265,8.732622048827082,5.681043706082435,5.751455035677569,5.761448638110069
05/17/2023 16:16:17.419764,4217,True,True,True,True,Eyes,1.11646,-0.2792138,-3.437246,0.2898097,0.1215465,0.9493349,0.0,0.0,0.0,0.0,0.0,0.0,0.0,-1.623164,0.2357718,3.237525,1.112071,-0.2824924,-3.443155,0.006009738,0.0737951,-0.03170401,0.9967512,0.9545706,8.438631,356.4268,0.3088497,-0.07657781,-0.9480224,0,0,0,1.293331,-0.2293695,-2.614046,0.05332366,0.07068249,0.8457303,0.9870983,-0.06231504,-0.1474918,0.064089,0.9979175,0.007301225,0.1467297,-0.01665963,0.9890363,moving,8.047500003439241,8.524156397454902,3.607747960142465,4.777431435239991,0.18125999999999998,0.05312289999999997,0.8291089999999999,0.13847738136942472,0.14679830041389574,0.9794254642794462,7.931033200125284,8.672994017556142,5.73912829755378,5.809418744456473,5.819467595836838
05/17/2023 16:16:17.427962,4218,True,True,True,True,Eyes,1.11604,-0.2793219,-3.43703,0.2864753,0.1194143,0.9506167,0.0,0.0,0.0,0.0,0.0,0.0,0.0,-1.609128,0.2428113,3.243941,1.11197,-0.2827498,-3.443105,0.006905438,0.07163266,-0.03160194,0.9969065,1.04832,8.187298,356.4437,0.3087654,-0.07662293,-0.9480461,0,0,0,1.290338,-0.2314011,-2.613708,0.05417832,0.07032054,0.8452641,0.9877401,-0.06201905,-0.1432586,0.06399767,0.9979073,0.00924069,0.1423857,-0.01829561,0.9896422,moving,8.099279772628238,8.49506937554023,3.667431877678002,4.755689106007398,0.17836800000000008,0.0513487,0.8293970000000002,0.13937322498524407,0.14628249830549,0.97937557541537,7.9830341101322695,8.643361194796602,5.728243806664941,5.798641268792739,5.808478019129871
05/17/2023 16:16:17.447958,4219,True,True,True,True,Eyes,1.115635,-0.2794398,-3.436824,0.2830916,0.1173216,0.9518902,0.0,0.0,0.0,0.0,0.0,0.0,0.0,-1.594674,0.2472034,3.250499,1.112005,-0.2828116,-3.442863,0.007491304,0.06939393,-0.03164227,0.9970593,1.107603,7.928164,356.4413,0.3086807,-0.0766672,-0.9480701,0,0,0,1.28699,-0.2336739,-2.61333,0.05471658,0.069006,0.8446321,0.9883665,-0.06205874,-0.1388538,0.06413814,0.9978853,0.01054699,0.1379056,-0.01933011,0.9902567,moving,8.15482919307651,8.437018420824637,3.7065304212928463,4.67066167939519,0.17498500000000017,0.049137700000000006,0.8295330000000001,0.1403438587390684,0.14527003738120564,0.9793877588711488,8.039012214800971,8.584399783472673,5.758196243077384,5.828619482069755,5.838471070270657
05/17/2023 16:16:17.467900,4220,True,True,True,True,Eyes,1.115261,-0.27957,-3.436625,0.2796229,0.1151805,0.953176,0.0,0.0,0.0,0.0,0.0,0.0,0.0,-1.5797,0.2524785,3.257413,1.111998,-0.2831528,-3.442851,0.00814106,0.0670804,-0.03162914,0.997213,1.173507,7.660319,356.4452,0.308596,-0.07671096,-0.9480942,0,0,0,1.283685,-0.2359176,-2.612957,0.05541385,0.06810554,0.8442292,0.9889997,-0.06198976,-0.1343019,0.06417418,0.9978666,0.01199335,0.1332719,-0.02048013,0.9908679,moving,8.215074958135533,8.382198599389936,3.755415933607015,4.612169165745687,0.17168699999999992,0.04723519999999998,0.8298939999999999,0.14139363295353002,0.14431111960470097,0.9793784468117012,8.09966486678325,8.528691037873168,5.7692306220524605,5.83966442063263,5.849071923669242
05/17/2023 16:16:17.478010,4221,True,True,True,True,Eyes,1.114937,-0.2797147,-3.436432,0.2760924,0.1130565,0.9544586,0.0,0.0,0.0,0.0,0.0,0.0,0.0,-1.564784,0.2589445,3.264076,1.112112,-0.2835315,-3.442762,0.008924359,0.06476671,-0.03152026,0.9973627,1.253994,7.392165,356.4607,0.3085119,-0.07675457,-0.948118,0,0,0,1.280413,-0.2381393,-2.612587,0.05603433,0.0674601,0.843733,0.9896235,-0.06171826,-0.1297544,0.06403026,0.9978536,0.01371872,0.1286292,-0.02188457,0.9914513,moving,8.273341439293352,8.34101280415147,3.79957040903008,4.571320739556252,0.16830100000000003,0.045392199999999994,0.8301750000000001,0.1424047077686405,0.14358605302517297,0.9793385263666239,8.158240484883462,8.486788737222456,5.779653011943191,5.850231234156054,5.859086487746014
05/17/2023 16:16:17.498128,4222,True,True,True,True,Eyes,1.114622,-0.2798624,-3.436242,0.2725249,0.1108532,0.9557414,0.0,0.0,0.0,0.0,0.0,0.0,0.0,-1.549257,0.266324,3.271139,1.113032,-0.2840104,-3.442669,0.009868424,0.06222971,-0.03151319,0.9975156,1.352875,7.097758,356.465,0.3084296,-0.07679839,-0.9481413,0,0,0,1.277064,-0.2404125,-2.612209,0.05613034,0.06710973,0.8431,0.9902688,-0.06164158,-0.1247722,0.06409802,0.9978191,0.0157657,0.1235282,-0.02360992,0.9920601,moving,8.353846779160778,8.317061045307188,3.808910711897504,4.551078413113314,0.16403199999999996,0.043597899999999995,0.83046,0.14378983616119748,0.14314766224378161,0.9792002382327561,8.238937955963179,8.462245837499932,5.8311170976652225,5.902462964008877,5.909515378163185
05/17/2023 16:16:17.518253,4223,True,True,True,True,Eyes,1.114303,-0.2800068,-3.436048,0.268932,0.1086589,0.9570104,0.0,0.0,0.0,0.0,0.0,0.0,0.0,-1.534442,0.2753343,3.277137,1.112797,-0.284183,-3.442509,0.01110497,0.05997526,-0.03152318,0.9976403,1.486348,6.834817,356.4691,0.308349,-0.07684246,-0.9481639,0,0,0,1.273723,-0.2426806,-2.611832,0.05690721,0.06701071,0.8425654,0.9908185,-0.06156554,-0.1203676,0.06422963,0.997766,0.01837632,0.1189673,-0.02593876,0.9925593,moving,8.400250363190452,8.325537400253443,3.86391205070202,4.547262757805173,0.1609259999999999,0.04150240000000002,0.8306769999999997,0.14458014370626138,0.14327586499137082,0.979065213067149,8.28529338828821,8.470651137878344,5.831790983583539,5.903704308238853,5.911141117690274
05/17/2023 16:16:17.527744,4224,True,True,True,True,Eyes,1.113985,-0.2801593,-3.435859,0.2653825,0.106395,0.9582548,0.0,0.0,0.0,0.0,0.0,0.0,0.0,-1.520432,0.283103,3.282547,1.11247,-0.2842301,-3.442179,0.01216568,0.05787212,-0.03149967,0.9977528,1.600055,6.589924,356.4756,0.30827,-0.07688669,-0.948186,0,0,0,1.27041,-0.2449301,-2.611457,0.05758129,0.06649895,0.8419322,0.9913172,-0.06144966,-0.1162506,0.06426588,0.9977195,0.02063079,0.1147177,-0.0279226,0.9930056,moving,8.432798526044412,8.308741486984816,3.912471097209756,4.516059212642427,0.15793999999999997,0.039299999999999974,0.8307219999999997,0.14514263585364104,0.142976947366899,0.9790256568820813,8.317969947679854,8.453530147947488,5.828631934312151,5.900660886543633,5.9086459944614615
05/17/2023 16:16:17.548239,4225,True,True,True,True,Eyes,1.113664,-0.2803124,-3.435666,0.261797,0.1041333,0.9594887,0.0,0.0,0.0,0.0,0.0,0.0,0.0,-1.506044,0.2923102,3.288184,1.112127,-0.2845351,-3.442089,0.01336929,0.05571239,-0.03140377,0.9978633,1.729485,6.338218,356.4906,0.3081924,-0.07693128,-0.9482076,0,0,0,1.266974,-0.2472624,-2.611069,0.05820331,0.06638622,0.841526,0.9918199,-0.06118368,-0.1120264,0.06416302,0.9976702,0.0231823,0.110347,-0.03018062,0.9934348,moving,8.470989750854333,8.306895141222533,3.956504854734249,4.510602329728992,0.15484699999999996,0.03727269999999999,0.8310200000000001,0.14579614844480582,0.14293151233578374,0.9789351585706001,8.356184457231972,8.451518543180093,5.826132739903709,5.898509386946324,5.9066065728196495
05/17/2023 16:16:17.567874,4226,True,True,True,True,Eyes,1.113346,-0.2804686,-3.43548,0.2582653,0.1017847,0.9606971,0.0,0.0,0.0,0.0,0.0,0.0,0.0,-1.491217,0.3017809,3.293655,1.11181,-0.2846799,-3.441772,0.01457666,0.05350268,-0.03116124,0.9979751,1.858353,6.081091,356.5218,0.308116,-0.07697621,-0.9482288,0,0,0,1.263583,-0.2495644,-2.610686,0.05897424,0.06611744,0.8409058,0.9923329,-0.0606365,-0.1076971,0.06375606,0.997633,0.02575986,0.1058802,-0.0324287,0.99385,moving,8.520690333072512,8.297755917588821,4.011687810423726,4.495714766041568,0.15177299999999994,0.035115499999999994,0.831086,0.14664899016392902,0.14275717056257942,0.9788332198201367,8.405963379683227,8.442082726689163,5.825254336238309,5.898018367834394,5.906223654706683
05/17/2023 16:16:17.578637,4227,True,True,True,True,Eyes,1.113025,-0.2806264,-3.435293,0.2546933,0.09943185,0.9618963,0.0,0.0,0.0,0.0,0.0,0.0,0.0,-1.475846,0.3134989,3.29932,1.111492,-0.2848553,-3.441708,0.01611181,0.05120101,-0.03092814,0.9980793,2.024615,5.812419,356.553,0.3080406,-0.07702152,-0.9482496,0,0,0,1.260277,-0.2518091,-2.610313,0.05993246,0.06650279,0.8404947,0.9928437,-0.0600876,-0.103202,0.06338736,0.9975677,0.02899463,0.1012087,-0.03532883,0.9942377,moving,8.578500842603507,8.326325306575065,4.078639371674256,4.524011147926258,0.14878500000000017,0.03304619999999997,0.8313950000000001,0.14762646719854444,0.14322416116801914,0.978617968184315,8.463585474203724,8.47078156143171,5.817561654716191,5.891209232289645,5.899554984828124
05/17/2023 16:16:17.598840,4228,True,True,True,True,Eyes,1.112728,-0.2807884,-3.435112,0.2510535,0.09704182,0.9630966,0.0,0.0,0.0,0.0,0.0,0.0,0.0,-1.460666,0.324049,3.3047,1.111149,-0.2850225,-3.441469,0.017448,0.0489508,-0.03062108,0.9981793,2.168036,5.550556,356.5909,0.3079662,-0.07706721,-0.9482701,0,0,0,1.256895,-0.2541051,-2.609931,0.06078734,0.06647085,0.8399642,0.9933323,-0.05942246,-0.0987919,0.06283884,0.9975159,0.03183462,0.09665479,-0.03783032,0.9945987,moving,8.627728195312521,8.328111719131885,4.139220273420684,4.524691394864953,0.14574600000000015,0.03091740000000004,0.8315380000000001,0.1484669671099514,0.14323646199585396,0.9784890961348549,8.512813129972644,8.472405384618778,5.809131869399385,5.883256711034506,5.8917535776524455
05/17/2023 16:16:17.618298,4229,True,True,True,True,Eyes,1.112435,-0.2809517,-3.434929,0.2473826,0.09460608,0.9642881,0.0,0.0,0.0,0.0,0.0,0.0,0.0,-1.445014,0.3342375,3.310317,1.110824,-0.2852147,-3.441322,0.01885047,0.04659975,-0.03064898,0.9982654,2.320656,5.276245,356.5898,0.3078932,-0.07711335,-0.9482901,0,0,0,1.253509,-0.2564036,-2.609549,0.06173702,0.06664664,0.8395138,0.9937782,-0.05943479,-0.09419332,0.0629485,0.9974106,0.03477908,0.09188233,-0.04049201,0.9949463,moving,8.682141421373588,8.342999531022846,4.205904407795269,4.539031317089528,0.14268499999999995,0.02881109999999998,0.8317730000000001,0.14939104101837353,0.1434705126227918,0.9783141263564258,8.567134605642831,8.4872697672868,5.799447323245312,5.87425501441192,5.88293427621231
05/17/2023 16:16:17.637658,4230,True,True,True,True,Eyes,1.112165,-0.2811205,-3.434746,0.2437344,0.09212046,0.9654571,0.0,0.0,0.0,0.0,0.0,0.0,0.0,-1.430673,0.3464237,3.31502,1.110691,-0.2853773,-3.441093,0.0206582,0.04438907,-0.03093817,0.9983214,2.521467,5.016092,356.5604,0.3078215,-0.07715992,-0.9483095,0,0,0,1.250219,-0.258637,-2.609177,0.0623128,0.06757022,0.838939,0.9941449,-0.05993846,-0.08990738,0.06360646,0.9972321,0.03850041,0.08735088,-0.04399369,0.9952057,moving,8.718252248432629,8.406353982480878,4.247885159301607,4.604803563391348,0.13952799999999987,0.026740299999999995,0.8319160000000001,0.14998403050544074,0.14453906859344368,0.9780661005667585,8.602803212906878,8.55125586795106,5.7923154701111415,5.868216722349776,5.8770568353370365
05/17/2023 16:16:17.648250,4231,True,True,True,True,Eyes,1.111888,-0.2812958,-3.434561,0.2400856,0.08960178,0.9666077,0.0,0.0,0.0,0.0,0.0,0.0,0.0,-1.417974,0.3568394,3.319041,1.110462,-0.2856073,-3.440831,0.02215942,0.04245922,-0.03111769,0.9983677,2.687524,4.789345,356.5419,0.3077515,-0.07720701,-0.9483284,0,0,0,1.2468,-0.260958,-2.608791,0.06241047,0.06792152,0.8384379,0.9944578,-0.06025204,-0.08615892,0.06401554,0.9970813,0.04160402,0.08340072,-0.04688895,0.9954123,moving,8.72404948378704,8.429035892437069,4.257052334914324,4.631394662608004,0.13633799999999985,0.024649299999999985,0.8320400000000001,0.15007444382993956,0.1449242349421243,0.977995218516631,8.608440237209786,8.574190602952212,5.786914472643569,5.863117126455396,5.871985737673251
05/17/2023 16:16:17.667868,4232,True,True,True,True,Eyes,1.111637,-0.28148,-3.434377,0.2364718,0.08704223,0.9677318,0.0,0.0,0.0,0.0,0.0,0.0,0.0,-1.405887,0.3692324,3.322443,1.110054,-0.2859075,-3.440569,0.02387314,0.04065954,-0.03110666,0.9984034,2.877435,4.577335,356.5459,0.307683,-0.07725477,-0.9483467,0,0,0,1.24308,-0.2634836,-2.608371,0.06217791,0.06844181,0.8379748,0.9947584,-0.06017266,-0.08267447,0.06405535,0.9969249,0.04514049,0.07970402,-0.05019962,0.9955537,moving,8.719875224667883,8.468849291019499,4.2435826130377325,4.669283423503781,0.13302599999999987,0.022423899999999997,0.832198,0.14998802896818014,0.14560572130960464,0.9779072879460521,8.603980958874189,8.614501482113077,5.794760257623962,5.871447549499624,5.880290746583047
05/17/2023 16:16:17.677853,4233,True,True,True,True,Eyes,1.111385,-0.2816724,-3.434194,0.2328643,0.08443049,0.9688373,0.0,0.0,0.0,0.0,0.0,0.0,0.0,-1.394159,0.3820416,3.325639,1.109794,-0.2862207,-3.44034,0.02558404,0.0389087,-0.03092308,0.9984365,3.066469,4.371473,356.5691,0.3076165,-0.07730335,-0.9483644,0,0,0,1.240124,-0.2654903,-2.608037,0.0624642,0.06948888,0.8375047,0.9950598,-0.05975858,-0.07927801,0.06374036,0.9967784,0.04868172,0.07611346,-0.05349443,0.9956632,moving,8.713164357113781,8.501511484218469,4.265433827127657,4.743042933318684,0.13033000000000006,0.020730399999999982,0.832303,0.14986096537611848,0.14616600754950132,0.9778431331358816,8.5970353960184,8.647584097132336,5.746381647651561,5.823091336693371,5.831656184269784
05/17/2023 16:16:17.698102,4234,True,True,True,True,Eyes,1.111167,-0.2818771,-3.434012,0.2292925,0.08176477,0.9699172,0.0,0.0,0.0,0.0,0.0,0.0,0.0,-1.382989,0.3968521,3.328341,1.109544,-0.2865689,-3.440174,0.02758897,0.03723314,-0.03074132,0.9984525,3.28954,4.173374,356.5928,0.3075516,-0.07735289,-0.9483814,0,0,0,1.236767,-0.2677697,-2.607658,0.06220384,0.07076593,0.8371049,0.9953374,-0.05933304,-0.07604731,0.06344194,0.9965877,0.05280337,0.07265482,-0.05738175,0.9957051,moving,8.70002508828217,8.56455281623929,4.249741352471525,4.832096580574649,0.12722299999999986,0.018799200000000016,0.832516,0.14961245124381356,0.14724741623953214,0.9777188838663405,8.583443092106764,8.711437584057387,5.731058941312451,5.808291907297068,5.81637837399012
05/17/2023 16:16:17.717778,4235,True,True,True,True,Eyes,1.110948,-0.2820709,-3.43382,0.2257495,0.07906203,0.9709719,0.0,0.0,0.0,0.0,0.0,0.0,0.0,-1.372966,0.4125428,3.330299,1.109378,-0.2869759,-3.439919,0.02971382,0.0357183,-0.03053419,0.9984533,3.52689,3.993508,356.6197,0.3074891,-0.07740361,-0.9483975,0,0,0,1.2334,-0.2700555,-2.607278,0.06157754,0.07227344,0.8366268,0.9955837,-0.05885128,-0.07314068,0.06309658,0.9963695,0.05715446,0.06951154,-0.06151698,0.9956826,moving,8.670618746639951,8.638100873205625,4.209502759836866,4.937336562872956,0.12402200000000008,0.016920400000000002,0.8326410000000002,0.14908208292950845,0.14851439344587078,0.9776083466380519,8.55350448113618,8.785985830392422,5.718571676800531,5.796310233962818,5.80365851330258
05/17/2023 16:16:17.728247,4236,True,True,True,True,Eyes,1.110741,-0.2822656,-3.433625,0.2223009,0.07637645,0.971982,0.0,0.0,0.0,0.0,0.0,0.0,0.0,-1.363829,0.4257589,3.331876,1.109184,-0.2868703,-3.439493,0.03156639,0.03435295,-0.03035747,0.9984497,3.73378,3.831627,356.6419,0.3074288,-0.07745512,-0.9484129,0,0,0,1.230074,-0.2723128,-2.606902,0.06082034,0.07283811,0.8360803,0.9957966,-0.05845201,-0.07051594,0.0627896,0.996164,0.06094916,0.06668284,-0.06512064,0.9956468,moving,8.629430250145237,8.682200826539486,4.160630735410421,4.978954912192634,0.12088999999999994,0.014557500000000001,0.8325910000000003,0.14836189685070175,0.14928315338889123,0.9776008123239992,8.51199059113756,8.83077365276308,5.72589840473131,5.80380904277706,5.811268381708368
05/17/2023 16:16:17.748255,4237,True,True,True,True,Eyes,1.110538,-0.2824574,-3.43343,0.218884,0.0736916,0.9729642,0.0,0.0,0.0,0.0,0.0,0.0,0.0,-1.35455,0.4365129,3.3339,1.109002,-0.2870366,-3.43918,0.03302412,0.03296996,-0.03021242,0.9984536,3.89558,3.668882,356.6584,0.3073708,-0.07750735,-0.9484274,0,0,0,1.226749,-0.2745704,-2.606527,0.06006911,0.07302798,0.8356975,0.9960004,-0.05815379,-0.06783343,0.062509,0.9959932,0.06395391,0.06384248,-0.06793832,0.9956448,moving,8.592049793815162,8.682543027622879,4.111293250138253,4.994143273568769,0.11774700000000005,0.012466199999999983,0.8326530000000001,0.14772360464723464,0.14930341069372055,0.9776943387549348,8.474597791072972,8.831259874312932,5.726043284073446,5.803574066849657,5.810498285401001
05/17/2023 16:16:17.768056,4238,True,True,True,True,Eyes,1.110335,-0.2826581,-3.433232,0.2155597,0.07102378,0.9739043,0.0,0.0,0.0,0.0,0.0,0.0,0.0,-1.346101,0.4466737,3.335759,1.108947,-0.2871333,-3.438981,0.03440394,0.03169622,-0.03005403,0.998453,4.048831,3.519004,356.6762,0.3073149,-0.07756017,-0.9484412,0,0,0,1.2234,-0.2768443,-2.606148,0.05898494,0.07299463,0.8354684,0.9961842,-0.05783412,-0.06536231,0.06219601,0.9958262,0.06679622,0.06122641,-0.07060661,0.9956235,moving,8.547907492731007,8.67475907816648,4.038440779915193,4.993236042810249,0.11445300000000014,0.010288999999999993,0.8328329999999999,0.1469729155151158,0.1491874480263356,0.9778251452097376,8.430499303178555,8.823546897797002,5.744318206276173,5.82141751585062,5.827646121514216
05/17/2023 16:16:17.787660,4239,True,True,True,True,Eyes,1.110133,-0.2828571,-3.433032,0.2122834,0.0683381,0.9748157,0.0,0.0,0.0,0.0,0.0,0.0,0.0,-1.338582,0.4575847,3.337016,1.108793,-0.2875142,-3.438717,0.03584664,0.03057687,-0.02986119,0.998443,4.209743,3.386839,356.6984,0.307261,-0.07761376,-0.9484543,0,0,0,1.220144,-0.2790547,-2.605781,0.05781629,0.07340838,0.8351783,0.9963467,-0.05743724,-0.06319937,0.06182155,0.9956467,0.06975555,0.05891768,-0.07340778,0.9955602,moving,8.489406068557285,8.672025098907492,3.9600560586839673,5.023129795979243,0.11135099999999998,0.008459500000000009,0.8329360000000001,0.14597498393051078,0.14916307174704663,0.9779783580873007,8.372001876092892,8.82099874339689,5.739861576690061,5.81630883324392,5.821432335560667
05/17/2023 16:16:17.798072,4240,True,True,True,True,Eyes,1.10994,-0.2830566,-3.432826,0.2090449,0.06569883,0.9756967,0.0,0.0,0.0,0.0,0.0,0.0,0.0,-1.331851,0.4695421,3.337729,1.108646,-0.2876402,-3.438445,0.03745622,0.02958224,-0.02958211,0.9984221,4.389968,3.268913,356.7311,0.307209,-0.07766799,-0.9484667,0,0,0,1.216663,-0.2814174,-2.605387,0.05623017,0.07366443,0.8349266,0.9964996,-0.0568548,-0.06128719,0.06128695,0.9954439,0.07304402,0.05685505,-0.07654445,0.9954439,moving,8.419821325335764,8.689041024443744,3.852905983791726,5.0420721881934645,0.10801700000000003,0.006222800000000028,0.8330580000000003,0.1447801421551792,0.14948004542782303,0.9781076542623981,8.302277355045215,8.838481000419826,5.768261709142296,5.844407363404011,5.8488995092136875
05/17/2023 16:16:17.818201,4241,True,True,True,True,Eyes,1.109748,-0.2832583,-3.432622,0.2058565,0.06307936,0.9765471,0.0,0.0,0.0,0.0,0.0,0.0,0.0,-1.325844,0.4798405,3.338274,1.108535,-0.2878145,-3.438094,0.03879653,0.0287052,-0.02923928,0.9984067,4.539598,3.165679,356.7705,0.3071588,-0.07772283,-0.9484785,0,0,0,1.212987,-0.2839128,-2.604972,0.05423905,0.0733574,0.8346825,0.9966422,-0.05615806,-0.05958769,0.06061271,0.9952798,0.07579079,0.05505016,-0.07914806,0.9953417,moving,8.340630062723747,8.675144544031863,3.717947285959088,5.022625628202952,0.10445199999999999,0.0039016999999999524,0.8331219999999999,0.14343266363973192,0.14927240791207333,0.9783378567785329,8.22316420892305,8.824712667460792,5.816040675325238,5.89152700792287,5.895154398067392
05/17/2023 16:16:17.838254,4242,True,True,True,True,Eyes,1.10957,-0.2834605,-3.432415,0.202696,0.06050617,0.9773706,0.0,0.0,0.0,0.0,0.0,0.0,0.0,-1.319435,0.4883751,3.339363,1.108383,-0.2880471,-3.437918,0.0399078,0.02776632,-0.02902181,0.9983959,4.663249,3.05552,356.7944,0.3071103,-0.07777826,-0.9484897,0,0,0,1.209996,-0.285944,-2.604635,0.05303668,0.07326584,0.8345718,0.9967735,-0.05573432,-0.05775996,0.06016669,0.9951302,0.07807589,0.05312717,-0.0812992,0.9952728,moving,8.268729371746462,8.641025955999977,3.6362324453471513,5.0170507083244,0.10161300000000018,0.0021031000000000244,0.8332829999999998,0.14221687150919649,0.14871614419462093,0.9785999308616622,8.151487771836106,8.790450197774721,5.807283051554691,5.881600493816655,5.884392438508058
05/17/2023 16:16:17.868549,4243,True,True,True,True,Eyes,1.109394,-0.2836573,-3.432203,0.1995945,0.05795241,0.9781634,0.0,0.0,0.0,0.0,0.0,0.0,0.0,-1.314094,0.4971925,3.339847,1.108297,-0.2882291,-3.437619,0.04115066,0.02695351,-0.02901056,0.998368,4.803048,2.958503,356.7952,0.3070638,-0.07783426,-0.9485002,0,0,0,1.206634,-0.2882263,-2.604255,0.05118798,0.07308908,0.8343888,0.9968638,-0.05570812,-0.05620664,0.06014473,0.99493,0.08060312,0.05143142,-0.08373086,0.9951603,moving,8.183225709216275,8.626904363479738,3.5105746561727678,5.006100338365092,0.0983369999999999,2.8000000000250047e-06,0.833364,0.14076082973641596,0.1485061715939593,0.9788423719706045,8.066062158704517,8.776477649376805,5.837829291685261,5.911335691008845,5.913392550229932
05/17/2023 16:16:17.877960,4244,True,True,True,True,Eyes,1.109238,-0.2838568,-3.431986,0.1965362,0.05546367,0.9789265,0.0,0.0,0.0,0.0,0.0,0.0,0.0,-1.308806,0.5047829,3.340416,1.108216,-0.2882756,-3.437283,0.04221374,0.02615968,-0.02894582,0.9983466,4.922163,2.864454,356.8016,0.3070191,-0.0778906,-0.94851,0,0,0,1.202667,-0.2909189,-2.603807,0.0487394,0.07202771,0.8342937,0.9969556,-0.05558733,-0.05467669,0.06000451,0.9947603,0.08277347,0.04978904,-0.08580232,0.9950673,moving,8.098872226792672,8.595229955700741,3.3434167157389294,4.934324848563129,0.09445099999999984,-0.0026432999999999596,0.8334759999999997,0.13933035045935888,0.14799523870281928,0.9791242269317652,7.981912201274284,8.744735540512629,5.928564245832208,6.001381784312482,6.002905130905779
05/17/2023 16:16:17.888279,4245,True,True,True,True,Eyes,1.109073,-0.2840572,-3.431765,0.1935371,0.05298235,0.9796613,0.0,0.0,0.0,0.0,0.0,0.0,0.0,-1.304866,0.5127014,3.34039,1.108165,-0.288508,-3.436929,0.04326518,0.02557442,-0.02876246,0.998322,5.040296,2.795008,356.8225,0.3069765,-0.07794735,-0.9485191,0,0,0,1.199936,-0.2927732,-2.603498,0.04710305,0.0720011,0.8340523,0.9970374,-0.05521543,-0.05355184,0.05964136,0.9946017,0.08491399,0.04857418,-0.08785632,0.9949481,moving,7.995509895205714,8.559789754710916,3.2323419505899316,4.933931472929421,0.09177099999999982,-0.0042652000000000245,0.833431,0.13757560985805223,0.14742610339919968,0.9794582670100528,7.878775212779456,8.70925319285307,5.914855096696891,5.986202230812019,5.986851939785087
05/17/2023 16:16:17.908145,4246,True,True,True,True,Eyes,1.108911,-0.2842627,-3.431542,0.1905834,0.050501,0.9803712,0.0,0.0,0.0,0.0,0.0,0.0,0.0,-1.29915,0.5219776,3.340836,1.108072,-0.2887214,-3.436605,0.04453139,0.02471877,-0.0286435,0.9982913,5.1824,2.693556,356.8349,0.3069357,-0.07800449,-0.9485276,0,0,0,1.193245,-0.2973154,-2.602743,0.04212097,0.0694712,0.8342985,0.9971371,-0.05498758,-0.05190414,0.05939063,0.9943931,0.08749452,0.04680201,-0.09032665,0.9948119,moving,7.9251788866586725,8.551778246711315,2.890220310339195,4.759980941119761,0.08517299999999994,-0.00859399999999999,0.8338620000000003,0.1363755255176553,0.14731382920693298,0.9796430089120087,7.808482701808105,8.701407902608286,6.230881291881959,6.3030575653364,6.3027098492700855
05/17/2023 16:16:17.927991,4247,True,True,True,True,Eyes,1.108753,-0.2844684,-3.431322,0.1876721,0.04801464,0.9810575,0.0,0.0,0.0,0.0,0.0,0.0,0.0,-1.293203,0.5316981,3.341341,1.107986,-0.2890261,-3.436345,0.04581176,0.02383819,-0.02842246,0.9982611,5.325819,2.589756,356.8587,0.3068966,-0.07806212,-0.9485356,0,0,0,1.191169,-0.2987252,-2.602508,0.04162578,0.07039554,0.8340321,0.9972478,-0.05456193,-0.05019765,0.05893021,0.9941869,0.09010911,0.04498931,-0.09281927,0.994666,moving,7.861501021113652,8.543668954507165,2.8572092173803654,4.824550697349433,0.083183,-0.009699100000000016,0.8338370000000004,0.13528904829523475,0.1471973025440884,0.9798111392580224,7.744845793811156,8.69343874841396,6.1637711969526725,6.234964079097498,6.233561265836246
05/17/2023 16:16:17.938171,4248,True,True,True,True,Eyes,1.108586,-0.284675,-3.431103,0.1846553,0.04554141,0.9817476,0.0,0.0,0.0,0.0,0.0,0.0,0.0,-1.287226,0.5417119,3.341883,1.107961,-0.2892064,-3.436185,0.04715448,0.02294307,-0.02820605,0.9982257,5.476409,2.484119,356.8818,0.3068591,-0.07812021,-0.9485429,0,0,0,1.188934,-0.300242,-2.602256,0.04094034,0.07119406,0.8338888,0.9973561,-0.05414828,-0.04846481,0.05847575,0.9939618,0.09284735,0.04314465,-0.09543588,0.9945001,moving,7.793220532590218,8.543438317692388,2.810718559824994,4.879848860031882,0.08097299999999996,-0.011035600000000034,0.8339289999999999,0.13412089000225808,0.1472169434199596,0.9799687282682669,7.6765488599564815,8.693460827896292,6.114079983464334,6.184433169085955,6.182227814559759
05/17/2023 16:16:17.948038,4249,True,True,True,True,Eyes,1.108428,-0.2848777,-3.43088,0.1816805,0.04306597,0.9824141,0.0,0.0,0.0,0.0,0.0,0.0,0.0,-1.281098,0.5521049,3.342304,1.10784,-0.2894262,-3.435979,0.04855142,0.02203793,-0.0280013,0.9981849,5.633269,2.377148,356.9033,0.3068227,-0.07817873,-0.9485499,0,0,0,1.186701,-0.3017581,-2.602004,0.04036484,0.07212785,0.8336987,0.9974605,-0.05376099,-0.04671485,0.05804089,0.9937174,0.0956924,0.04127684,-0.09816077,0.9943141,moving,7.728461112713264,8.549909026836746,2.7719011267590723,4.944660050500609,0.07886100000000007,-0.012331899999999951,0.8339750000000001,0.13301051812953094,0.1473498634783091,0.9801000793444198,7.6117261396456835,8.700252183580359,6.0594361610947605,6.129054337802446,6.126041007487086
05/17/2023 16:16:17.967998,4250,True,True,True,True,Eyes,1.108271,-0.285084,-3.430659,0.1785685,0.04055542,0.9830912,0.0,0.0,0.0,0.0,0.0,0.0,0.0,-1.275007,0.5614494,3.342795,1.107931,-0.2895101,-3.435668,0.04984494,0.02110232,-0.02788039,0.9981449,5.778421,2.266518,356.9144,0.3067877,-0.07823753,-0.9485564,0,0,0,1.181872,-0.3050361,-2.601459,0.03713165,0.07087271,0.8337944,0.9975548,-0.05355365,-0.04490573,0.05776102,0.9934763,0.09832824,0.03934694,-0.1006816,0.9941403,moving,7.658401939157369,8.543896770324396,2.5498876927492318,4.858475608697554,0.07394100000000003,-0.015525999999999984,0.834209,0.13181354610941237,0.14727075926108527,0.980273569637472,7.541691278823627,8.694429324488896,6.2294185285069785,6.2991465250716185,6.295446286931419
05/17/2023 16:16:17.978289,4251,True,True,True,True,Eyes,1.10811,-0.2852873,-3.430439,0.1754843,0.03804544,0.9837468,0.0,0.0,0.0,0.0,0.0,0.0,0.0,-1.267657,0.5713333,3.343697,1.107778,-0.2897855,-3.435482,0.05115089,0.02002336,-0.0276776,0.9981065,5.92442,2.139856,356.9339,0.3067539,-0.07829668,-0.9485624,0,0,0,1.179896,-0.3063776,-2.601235,0.03712505,0.07191105,0.8336031,0.9976661,-0.05320197,-0.04280237,0.05729882,0.9932351,0.1009997,0.03713943,-0.1032165,0.9939653,moving,7.607497165438777,8.538831010778887,2.5500193453377955,4.930433461589405,0.07211800000000013,-0.016592100000000054,0.834247,0.1309439484116241,0.14720121541024095,0.9804006559145324,7.490809142983491,8.689492741435595,6.143916986421966,6.212778345781381,6.208214759004198
05/17/2023 16:16:18.008007,4252,True,True,True,True,Eyes,1.107946,-0.2854929,-3.43022,0.1722235,0.03552916,0.984417,0.0,0.0,0.0,0.0,0.0,0.0,0.0,-1.259647,0.5810583,3.344771,1.107567,-0.2898864,-3.435272,0.05244215,0.01886269,-0.02743753,0.9980687,6.068468,2.004084,356.9568,0.3067211,-0.07835606,-0.9485682,0,0,0,1.176651,-0.3085808,-2.600869,0.03609924,0.07183997,0.8335984,0.9977828,-0.05279067,-0.04053029,0.05674747,0.992994,0.1036467,0.03477476,-0.1057168,0.9937881,moving,7.5561359619565,8.531039603176493,2.479662386936074,4.925611629806997,0.06908399999999992,-0.0186944,0.834403,0.1300673242933183,0.147085020542654,0.9805348402452099,7.439489893321651,8.681799229862698,6.158142584733472,6.22653152477653,6.221642402124313
05/17/2023 16:16:18.017960,4253,True,True,True,True,Eyes,1.107786,-0.2856987,-3.430004,0.1687482,0.03300683,0.9851063,0.0,0.0,0.0,0.0,0.0,0.0,0.0,-1.251,0.5900163,3.346209,1.107419,-0.2901377,-3.435066,0.05359457,0.01760129,-0.02720024,0.9980371,6.196363,1.857122,356.9782,0.3066891,-0.07841572,-0.9485736,0,0,0,1.173239,-0.310897,-2.600483,0.03501511,0.07157197,0.8336324,0.9979007,-0.05240702,-0.03804904,0.05618035,0.9927756,0.1060212,0.0322179,-0.1079362,0.9936356,moving,7.50394929692934,8.507009357798726,2.405184157364703,4.907127296044482,0.06581999999999999,-0.02075929999999998,0.8345829999999999,0.12918179761215468,0.1466908701958724,0.9807108033953987,7.387460764185223,8.657673431248922,6.173800254323719,6.241518790084636,6.236158793613898
05/17/2023 16:16:18.037867,4254,True,True,True,True,Eyes,1.107625,-0.2859085,-3.429788,0.1653038,0.0304913,0.9857712,0.0,0.0,0.0,0.0,0.0,0.0,0.0,-1.240972,0.599565,3.348072,1.107308,-0.2903259,-3.434917,0.05485085,0.01612255,-0.02701231,0.9979989,6.335676,1.684557,356.9924,0.3066579,-0.07847562,-0.9485787,0,0,0,1.16982,-0.3132181,-2.600097,0.03424393,0.07143079,0.8337152,0.9980208,-0.05214784,-0.03514388,0.05568518,0.9925234,0.1086112,0.02921728,-0.1103532,0.9934629,moving,7.4781232037088285,8.49735456517072,2.3520387054442993,4.897010792480165,0.06251200000000012,-0.022892199999999974,0.8348200000000001,0.1287427600205446,0.14653405448026613,0.9807920253751236,7.3616966779634705,8.647998428989405,6.196627803593127,6.26412145195953,6.258320960998251
05/17/2023 16:16:18.057875,4255,True,True,True,True,Eyes,1.10746,-0.2861134,-3.42957,0.161758,0.02798853,0.9864335,0.0,0.0,0.0,0.0,0.0,0.0,0.0,-1.232049,0.6089846,3.349394,1.107153,-0.2906077,-3.434677,0.05606662,0.01482198,-0.02677545,0.9979579,6.470867,1.532927,357.0129,0.3066273,-0.07853586,-0.9485836,0,0,0,1.165702,-0.3160136,-2.599632,0.03254437,0.07079867,0.8338473,0.9981268,-0.05177951,-0.03258584,0.05510359,0.9922792,0.1111105,0.02658101,-0.112698,0.9932737,moving,7.426399381479084,8.48205788621472,2.2350724375616635,4.853117831478009,0.05854899999999996,-0.02540589999999998,0.835045,0.1278619930651188,0.14628901693846907,0.98094387838979,7.310068234318755,8.632710166918649,6.266793692586948,6.333962532215948,6.327787967309254
05/17/2023 16:16:18.068336,4256,True,True,True,True,Eyes,1.107296,-0.28632,-3.42935,0.158242,0.02549314,0.9870712,0.0,0.0,0.0,0.0,0.0,0.0,0.0,-1.221164,0.6169398,3.351594,1.107023,-0.2906861,-3.434391,0.05714043,0.01321315,-0.02670687,0.9979214,6.589152,1.345104,357.0114,0.3065973,-0.07859626,-0.9485883,0,0,0,1.163103,-0.3177786,-2.599339,0.03281317,0.07083977,0.8337243,0.9982243,-0.05179271,-0.02942345,0.05481273,0.9920434,0.1133376,0.02331928,-0.1147491,0.9931208,moving,7.410453901246251,8.455318874904846,2.253846168212535,4.856634664248149,0.05607999999999991,-0.02709250000000002,0.8350520000000001,0.12759760824370253,0.14583621141824538,0.9810456841708033,7.294309208085085,8.605707202631828,6.221666854465346,6.288173928925069,6.2818637803110535
05/17/2023 16:16:18.078870,4257,True,True,True,True,Eyes,1.107133,-0.286525,-3.429133,0.1547348,0.02300049,0.9876882,0.0,0.0,0.0,0.0,0.0,0.0,0.0,-1.211949,0.6260014,3.352959,1.106894,-0.2909109,-3.434121,0.05833405,0.01186049,-0.02653901,0.9978738,6.721856,1.187064,357.0228,0.3065678,-0.07865688,-0.9485928,0,0,0,1.158271,-0.3210585,-2.598793,0.03048646,0.06961539,0.8339938,0.99831,-0.05158142,-0.0267668,0.0543489,0.9917857,0.1157905,0.02057429,-0.1170496,0.9929129,moving,7.366497909570457,8.43989281500676,2.0935024730359997,4.771549527904138,0.051377000000000006,-0.030147600000000052,0.8353280000000001,0.12684964955254238,0.14558614558516933,0.9811797500522375,7.2504515756081105,8.590258926264534,6.356991133780124,6.423489966190036,6.416904667800926
05/17/2023 16:16:18.098127,4258,True,True,True,True,Eyes,1.106962,-0.2867306,-3.428915,0.1511562,0.02052169,0.9882969,0.0,0.0,0.0,0.0,0.0,0.0,0.0,-1.20105,0.6354564,3.354905,1.106773,-0.2910517,-3.433956,0.05958772,0.01025671,-0.02637906,0.9978218,6.860765,0.9998595,357.0312,0.3065388,-0.07871763,-0.9485971,0,0,0,1.156225,-0.3224479,-2.598562,0.03126119,0.0704236,0.8338929,0.9983978,-0.05142085,-0.02361248,0.05386554,0.9915069,0.1183747,0.017325,-0.119457,0.9926882,moving,7.347284877764886,8.433270042466013,2.1469134561648398,4.827266568394033,0.04945200000000005,-0.031396199999999985,0.835394,0.12652265608797203,0.14547887313668778,0.9812380007296041,7.231280681209223,8.583627894261562,6.262397357811386,6.328279701278514,6.321474550259519
05/17/2023 16:16:18.117810,4259,True,True,True,True,Eyes,1.106791,-0.2869405,-3.428694,0.1475904,0.01805948,0.9888837,0.0,0.0,0.0,0.0,0.0,0.0,0.0,-1.190395,0.6442354,3.356719,1.106614,-0.2912621,-3.433688,0.06072979,0.008700377,-0.02620501,0.9977723,6.98705,0.8185111,357.0411,0.30651,-0.07877852,-0.9486014,0,0,0,1.153146,-0.3245376,-2.598214,0.03100157,0.0703674,0.8338921,0.9984752,-0.05123651,-0.02054484,0.05335,0.9912503,0.120733,0.01417914,-0.121645,0.9924724,moving,7.323642226126306,8.41458612889525,2.1291021455038273,4.823437062811101,0.04653200000000002,-0.03327549999999996,0.835474,0.12612359371444828,0.14516632010851427,0.9813356315402118,7.207765002602306,8.564806321372988,6.249623804619966,6.315029553694142,6.307983857381343
05/17/2023 16:16:18.138232,4260,True,True,True,True,Eyes,1.106621,-0.2871555,-3.428483,0.1438446,0.01559531,0.9894775,0.0,0.0,0.0,0.0,0.0,0.0,0.0,-1.179541,0.6524986,3.358654,1.106452,-0.2915777,-3.433421,0.06179284,0.007112484,-0.02607289,0.997723,7.104254,0.6334302,357.0454,0.3064814,-0.07883967,-0.9486056,0,0,0,1.14971,-0.3268702,-2.597826,0.03044912,0.0700361,0.833968,0.9985392,-0.05114804,-0.01741482,0.05290604,0.9910037,0.1229334,0.01097034,-0.1236752,0.9922621,moving,7.292877565590033,8.387097276589072,2.0910052448145824,4.800399123827952,0.04325800000000002,-0.035292500000000004,0.8355950000000001,0.1256052394883953,0.14470509156047717,0.9814703082309433,7.177188217107213,8.537099894615075,6.2537083778147196,6.3185345833246656,6.311274821938954
05/17/2023 16:16:18.152794,4261,True,True,True,True,Eyes,1.10645,-0.2873695,-3.428272,0.1401118,0.01313377,0.9900486,0.0,0.0,0.0,0.0,0.0,0.0,0.0,-1.167951,0.6623416,3.360702,1.106231,-0.2919862,-3.433383,0.06306531,0.005420045,-0.02593597,0.9976577,7.245227,0.4356866,357.0492,0.306453,-0.07890117,-0.9486097,0,0,0,1.146108,-0.3293157,-2.59742,0.02995223,0.07006712,0.8342732,0.9985959,-0.0510668,-0.01408602,0.05243406,0.9907002,0.125554,0.007543378,-0.1261163,0.9919868,moving,7.274927799908182,8.384301071661078,2.0561604856995626,4.800766668701173,0.03987699999999994,-0.037329500000000015,0.835963,0.12529852784057188,0.14466283590572487,0.9815156573403768,7.159253635884107,8.534337015877565,6.265950332445906,6.330659609949777,6.323061539853559
05/17/2023 16:16:18.168208,4262,True,True,True,True,Eyes,1.106294,-0.2875873,-3.428066,0.136271,0.01067493,0.9906141,0.0,0.0,0.0,0.0,0.0,0.0,0.0,-1.156539,0.6717255,3.362533,1.106048,-0.2921301,-3.433183,0.06430766,0.003755133,-0.02578288,0.9975899,7.382864,0.2412734,357.0546,0.3064247,-0.07896296,-0.9486137,0,0,0,1.143037,-0.3314007,-2.597073,0.02990302,0.07014257,0.8343723,0.9986423,-0.05095851,-0.01080824,0.05192444,0.9903995,0.1281117,0.004176094,-0.128499,0.9917008,moving,7.247769185874681,8.377656308100208,2.052541605784353,4.805343917476061,0.03698900000000016,-0.03927059999999999,0.8361100000000001,0.12483520964865258,0.14455751437089515,0.9815902048009649,7.132135210999011,8.527713459310824,6.240617344205826,6.304903284360357,6.297484116702224
05/17/2023 16:16:18.178627,4263,True,True,True,True,Eyes,1.106141,-0.2877963,-3.427865,0.1324534,0.008206041,0.9911553,0.0,0.0,0.0,0.0,0.0,0.0,0.0,-1.145311,0.6823784,3.364095,1.105926,-0.2923009,-3.433074,0.06576612,0.0020906,-0.02572837,0.9975011,7.545365,0.04546489,357.048,0.3063968,-0.0790251,-0.9486175,0,0,0,1.139752,-0.333631,-2.596702,0.02957196,0.07047273,0.8345847,0.9986674,-0.05105317,-0.007554863,0.05160314,0.9900258,0.131096,0.0007866421,-0.1313111,0.9913409,moving,7.220972533958863,8.396897629345487,2.0293206242719957,4.826633061480529,0.033826000000000134,-0.041330100000000036,0.8363719999999999,0.1243699012817559,0.14489568392080174,0.9815994292148061,7.105194247886109,8.547287931587167,6.236513998785674,6.300796666764231,6.29347008456779
05/17/2023 16:16:18.198065,4264,True,True,True,True,Eyes,1.105994,-0.2880081,-3.427664,0.1286141,0.005764195,0.9916779,0.0,0.0,0.0,0.0,0.0,0.0,0.0,-1.134672,0.6924231,3.36551,1.105885,-0.2922753,-3.432955,0.06715362,0.0005107534,-0.02563147,0.9974133,7.699988,359.8599,357.0464,0.3063694,-0.07908729,-0.9486212,0,0,0,1.136412,-0.3358981,-2.596324,0.0289817,0.07044388,0.8348553,0.9986855,-0.05106174,-0.004461356,0.05119894,0.9896668,0.1339336,-0.002423627,-0.133986,0.9909803,moving,7.183646331618184,8.40863733786277,1.9882038684787857,4.823110040852621,0.03052699999999997,-0.04362279999999996,0.8366310000000001,0.12372648332128458,0.14510855476767748,0.9816491912436955,7.067774439426909,8.559309401242452,6.248437749316829,6.312577000353888,6.305650073213674
05/17/2023 16:16:18.217783,4265,True,True,True,True,Eyes,1.105846,-0.2882237,-3.427466,0.1247965,0.003307986,0.9921768,0.0,0.0,0.0,0.0,0.0,0.0,0.0,-1.124149,0.7012843,3.366953,1.105715,-0.2925248,-3.43274,0.06831685,-0.00102325,-0.02550049,0.9973373,7.829041,359.6805,357.0488,0.3063424,-0.0791496,-0.9486247,0,0,0,1.133019,-0.3382015,-2.595941,0.02839094,0.07026838,0.8350576,0.9986973,-0.05100499,-0.001443176,0.05072537,0.9893651,0.1363221,-0.005525277,-0.1362177,0.9906635,moving,7.142924887659825,8.393321328476837,1.9472365777951985,4.809990410152476,0.027303999999999995,-0.045676700000000015,0.8367990000000001,0.12303332588142007,0.144858722820582,0.9817732237065809,7.027151426837483,8.54396040354835,6.2479274625195655,6.3115321027055895,6.3046067906810075
05/17/2023 16:16:18.238245,4266,True,True,True,True,Eyes,1.105734,-0.288442,-3.427268,0.1209147,0.0008657604,0.9926625,0.0,0.0,0.0,0.0,0.0,0.0,0.0,-1.113113,0.7125254,3.368097,1.105585,-0.2928044,-3.432599,0.06975836,-0.002616672,-0.02516864,0.997243,7.990006,359.4949,357.0732,0.3063159,-0.07921214,-0.9486281,0,0,0,1.129725,-0.3404376,-2.595569,0.02794747,0.07066178,0.8352828,0.9987194,-0.05056357,0.001707468,0.04983343,0.9890006,0.1392638,-0.008730361,-0.1390003,0.9902539,moving,7.1068891036731605,8.408131758162506,1.9163269580562268,4.835494048891466,0.02414000000000005,-0.04763319999999999,0.8370300000000004,0.1224110197141169,0.1451237525936789,0.9818118922732039,6.991000480994078,8.559084930433338,6.237786357073115,6.30124397156759,6.294238668616582
05/17/2023 16:16:18.248140,4267,True,True,True,True,Eyes,1.105622,-0.2886561,-3.42707,0.1170501,-0.001568365,0.9931248,0.0,0.0,0.0,0.0,0.0,0.0,0.0,-1.102097,0.7234206,3.369142,1.105428,-0.2930247,-3.432381,0.07111257,-0.004178103,-0.02468961,0.9971541,8.141255,359.3145,357.1145,0.3062907,-0.0792749,-0.948631,0,0,0,1.126384,-0.3427057,-2.595192,0.02744156,0.07080463,0.8354796,0.9987459,-0.04983291,0.004820942,0.04864444,0.9886669,0.1420267,-0.01184391,-0.1416141,0.9898511,moving,7.069512554856691,8.411523673704172,1.8812195254169044,4.844087125458847,0.020955999999999975,-0.049680999999999975,0.837189,0.1217692629082424,0.14519343103685983,0.9818814430715915,6.953589841661539,8.562657762422317,6.2332526251961,6.296426612380231,6.289412389659832
05/17/2023 16:16:18.268174,4268,True,True,True,True,Eyes,1.105523,-0.2888737,-3.426873,0.1131528,-0.003978801,0.9935697,0.0,0.0,0.0,0.0,0.0,0.0,0.0,-1.090383,0.732811,3.370698,1.105379,-0.293116,-3.432168,0.07227556,-0.005856686,-0.02426183,0.9970725,8.270328,359.1207,357.1486,0.3062666,-0.07933778,-0.9486335,0,0,0,1.12279,-0.345146,-2.594786,0.02679385,0.07033053,0.8357957,0.9987541,-0.0492282,0.008172004,0.04753502,0.9883752,0.1444121,-0.01518615,-0.1438437,0.9894839,moving,7.043437685579879,8.39567016547892,1.8361531914433407,4.8099931603778465,0.017411000000000065,-0.05203000000000002,0.8373819999999998,0.12132715082533674,0.14492965369809543,0.9819751797855606,6.927621117130305,8.546709952623697,6.259562106926208,6.322411833136578,6.3155441589582155
05/17/2023 16:16:18.288741,4269,True,True,True,True,Eyes,1.105421,-0.2890829,-3.426676,0.1092838,-0.006413922,0.9939898,0.0,0.0,0.0,0.0,0.0,0.0,0.0,-1.079383,0.7422246,3.371967,1.105236,-0.2933824,-3.431983,0.07351437,-0.007460209,-0.02412501,0.9969745,8.408162,358.933,357.1492,0.3062439,-0.07940082,-0.9486356,0,0,0,1.119716,-0.3472326,-2.594439,0.02659951,0.07054719,0.8360054,0.9987246,-0.04920089,0.0113282,0.04700717,0.9880272,0.1469439,-0.01842234,-0.1462239,0.98908,moving,7.007949344239527,8.391015970880623,1.8223873756780322,4.82353646171527,0.014479999999999826,-0.053850200000000015,0.8375439999999998,0.12072011610975716,0.1448606624768741,0.9820600042131388,6.8921565631406585,8.54213222691187,6.231805875783874,6.2942007418024115,6.287329646128278
05/17/2023 16:16:18.298002,4270,True,True,True,True,Eyes,1.105309,-0.2892959,-3.426479,0.1054411,-0.008844212,0.9943862,0.0,0.0,0.0,0.0,0.0,0.0,0.0,-1.069025,0.7529272,3.372641,1.105115,-0.2933623,-3.431775,0.07505298,-0.009005669,-0.02418264,0.9968457,8.580389,358.7492,357.1268,0.3062223,-0.07946381,-0.9486372,0,0,0,1.116329,-0.3495319,-2.594056,0.02598344,0.07076931,0.8362839,0.9986683,-0.04956451,0.01432457,0.0468609,0.9875645,0.150068,-0.02158448,-0.1491969,0.9885719,moving,6.965549540794415,8.423609472365442,1.7796141635625584,4.837047796648156,0.011213999999999835,-0.056169599999999986,0.8377189999999999,0.11998318052652973,0.1454323962106303,0.9820658913376046,6.8495130989229995,8.5752788679387,6.242896356038958,6.305343003401869,6.2990671338803
05/17/2023 16:16:18.328217,4271,True,True,True,True,Eyes,1.105177,-0.2895143,-3.426286,0.1015922,-0.01132741,0.9947616,0.0,0.0,0.0,0.0,0.0,0.0,0.0,-1.059698,0.7605684,3.373595,1.104903,-0.2936564,-3.431548,0.07605475,-0.01035454,-0.02409912,0.9967587,8.691686,358.5909,357.1229,0.3062016,-0.07952685,-0.9486386,0,0,0,1.11269,-0.3520026,-2.593645,0.02489595,0.07021652,0.8366576,0.998624,-0.04961704,0.01697625,0.046467,0.9872698,0.1521155,-0.02430766,-0.1511174,0.9882169,moving,6.901869156181147,8.388883622751285,1.7044153736579726,4.79730835085088,0.007786999999999988,-0.058346200000000015,0.8379029999999998,0.11890176336093672,0.14485613633514421,0.9822825441737334,6.786063476505757,8.540371026362411,6.256126335506865,6.317668775362549,6.311391735107561
05/17/2023 16:16:18.357820,4272,True,True,True,True,Eyes,1.105041,-0.2897374,-3.426097,0.09776451,-0.01382937,0.9951135,0.0,0.0,0.0,0.0,0.0,0.0,0.0,-1.04839,0.7738386,3.37395,1.10462,-0.2939887,-3.431454,0.07780849,-0.01197273,-0.02382441,0.9966118,8.888914,358.4008,357.1369,0.306181,-0.07959008,-0.9486399,0,0,0,1.109599,-0.3541012,-2.593296,0.02483313,0.07137854,0.8369197,0.9985781,-0.04935053,0.02015684,0.04562421,0.9867565,0.1556602,-0.02757181,-0.1545192,0.987605,moving,6.871517249456452,8.438362698502148,1.6995850290176922,4.87479998039437,0.004979000000000067,-0.06011250000000001,0.838158,0.11836633063313737,0.14571374991126884,0.9822204149943278,6.755350688233949,8.590562523655699,6.218973655452278,6.280753309810878,6.274365121573202
05/17/2023 16:16:18.367926,4273,True,True,True,True,Eyes,1.104875,-0.2899575,-3.42591,0.09399344,-0.01639458,0.9954378,0.0,0.0,0.0,0.0,0.0,0.0,0.0,-1.037166,0.7854788,3.374585,1.104431,-0.2942943,-3.431346,0.07931882,-0.01358091,-0.02352608,0.9964792,9.058341,358.2128,357.1535,0.3061604,-0.07965362,-0.9486412,0,0,0,1.104644,-0.3574648,-2.592737,0.02287891,0.07080634,0.837687,0.9985241,-0.04904093,0.02333406,0.04473205,0.9863101,0.1587181,-0.0307983,-0.1574401,0.9870481,moving,6.843841173407436,8.456226018789172,1.5644735850561418,4.831499040043093,0.00021300000000001873,-0.06317050000000002,0.8386089999999999,0.1178863344959225,0.14602836524207552,0.9822313838241439,6.727539894657633,8.608745607901543,6.341683039205011,6.403933775686928,6.3972529535528295
05/17/2023 16:16:18.379380,4274,True,True,True,True,Eyes,1.104709,-0.29017,-3.425719,0.09024411,-0.01897562,0.9957389,0.0,0.0,0.0,0.0,0.0,0.0,0.0,-1.02634,0.7999597,3.374326,1.10438,-0.2944375,-3.431186,0.08129255,-0.01516707,-0.02327108,0.9963032,9.281093,358.0254,357.1636,0.3061391,-0.07971737,-0.9486428,0,0,0,1.101965,-0.3592838,-2.592434,0.02293056,0.07243154,0.8378208,0.9984568,-0.04883604,0.02643846,0.04390416,0.9857,0.1626899,-0.03400552,-0.1612781,0.986323,moving,6.814243174134862,8.52721522299215,1.5677533965933566,4.941066843315736,-0.002414999999999834,-0.06484629999999997,0.8387519999999999,0.11735735195391526,0.14725452842970171,0.9821116974746799,6.69742782271279,8.680704748943487,6.292265603293421,6.355007095739806,6.348106125703291
05/17/2023 16:16:18.388126,4275,True,True,True,True,Eyes,1.104517,-0.2903849,-3.425534,0.0865609,-0.02157012,0.996013,0.0,0.0,0.0,0.0,0.0,0.0,0.0,-1.015351,0.811627,3.374535,1.104236,-0.2944441,-3.430907,0.08286109,-0.01674587,-0.0229817,0.9961553,9.457463,357.8404,357.1781,0.3061171,-0.0797811,-0.9486445,0,0,0,1.095971,-0.3633528,-2.591757,0.01989498,0.07093178,0.8387864,0.9983829,-0.04856185,0.02955439,0.04301153,0.9852118,0.1658547,-0.03717154,-0.1643153,0.9857072,moving,6.788274772784517,8.550726665143674,1.3587305400938625,4.833704113541044,-0.008264999999999967,-0.06890869999999999,0.8391500000000001,0.11690496735574252,0.1476654551692308,0.9821039138562889,6.671284878943115,8.704597923932628,6.516374979527064,6.579985351341359,6.573207169605556
05/17/2023 16:16:18.398139,4276,True,True,True,True,Eyes,1.104322,-0.2906032,-3.425351,0.08289452,-0.02416833,0.9962652,0.0,0.0,0.0,0.0,0.0,0.0,0.0,-1.004109,0.8228306,3.375044,1.104038,-0.2947099,-3.430809,0.08430432,-0.01834332,-0.02264903,0.9960138,9.619576,357.654,357.1972,0.3060938,-0.0798449,-0.9486467,0,0,0,1.093209,-0.3652276,-2.591445,0.02005477,0.07175928,0.8390893,0.9983011,-0.04821033,0.03272158,0.04202465,0.9847596,0.1687674,-0.04035922,-0.1671056,0.9851127,moving,6.765871713529526,8.559390609691818,1.3691450477626461,4.8880663188103135,-0.010828999999999978,-0.07051769999999996,0.8393639999999998,0.11651821630628181,0.1478207262661347,0.9821265175663543,6.648814100840267,8.713450560879142,6.463713028184439,6.527118870820102,6.5198519852443
05/17/2023 16:16:18.418168,4277,True,True,True,True,Eyes,1.104127,-0.2908207,-3.425171,0.07924464,-0.02677336,0.9964956,0.0,0.0,0.0,0.0,0.0,0.0,0.0,-0.9928714,0.8336436,3.375518,1.103837,-0.2949794,-3.430658,0.08568091,-0.01993113,-0.02228143,0.995874,9.774249,357.4692,357.2202,0.3060693,-0.07990885,-0.9486492,0,0,0,1.091879,-0.3661307,-2.591295,0.02158042,0.07346079,0.8389712,0.9982126,-0.04779442,0.03587961,0.04096355,0.9843246,0.171543,-0.04351598,-0.1697666,0.9845231,moving,6.743616069124368,8.559793267640583,1.4734646352455267,5.004088176847852,-0.011957999999999913,-0.07115129999999997,0.8393630000000001,0.11613648078234004,0.14783428664943657,0.9821697145178754,6.626549688698425,8.713941373490712,6.294793553917254,6.357478653421067,6.349590247312097
05/17/2023 16:16:18.428630,4278,True,True,True,True,Eyes,1.10393,-0.2910384,-3.424993,0.0755633,-0.02934827,0.996709,0.0,0.0,0.0,0.0,0.0,0.0,0.0,-0.9817653,0.8444259,3.375902,1.103651,-0.2951503,-3.430521,0.08709564,-0.02151457,-0.02200161,0.9957246,9.933197,357.2838,357.2323,0.3060437,-0.07997289,-0.9486521,0,0,0,1.089619,-0.3676649,-2.59104,0.02219394,0.07449327,0.8391312,0.9981061,-0.04756273,0.03901269,0.04006743,0.9838605,0.1743933,-0.04667766,-0.1724998,0.9839029,moving,6.7183166030789145,8.567404312993444,1.5150463996455388,5.07309279445917,-0.014032000000000044,-0.07251460000000004,0.8394810000000001,0.11570036591036986,0.14797233365933923,0.9822003755545495,6.601189244768667,8.721739206477741,6.205442458737124,6.267713602143839,6.259510338751202
05/17/2023 16:16:18.448215,4279,True,True,True,True,Eyes,1.103732,-0.2912488,-3.424814,0.07191148,-0.03192677,0.9968999,0.0,0.0,0.0,0.0,0.0,0.0,0.0,-0.9709441,0.8537493,3.376516,1.103461,-0.2953529,-3.430397,0.08832074,-0.02306532,-0.0218183,0.995586,10.07024,357.1019,357.2337,0.306017,-0.08003704,-0.9486553,0,0,0,1.086115,-0.3700437,-2.590644,0.02156916,0.07438829,0.8396816,0.9979839,-0.04751827,0.04207299,0.03936968,0.9834469,0.1768683,-0.04978103,-0.1748553,0.9833349,moving,6.690432651414629,8.554120152270078,1.4714507608797132,5.062677323304291,-0.017346000000000084,-0.0746908,0.839753,0.11522617328466687,0.1477528050108819,0.9822891772894685,6.573392636284855,8.708398610558909,6.217208703356315,6.279167540499937,6.270653443171135
05/17/2023 16:16:18.468166,4280,True,True,True,True,Eyes,1.103496,-0.2914594,-3.424637,0.06828281,-0.03447726,0.9970701,0.0,0.0,0.0,0.0,0.0,0.0,0.0,-0.9606798,0.8642309,3.376484,1.103257,-0.295359,-3.430165,0.08968126,-0.02449561,-0.02139186,0.9954394,10.22397,356.9359,357.2636,0.3059892,-0.08010108,-0.9486588,0,0,0,1.082798,-0.3722953,-2.59027,0.02093647,0.07442924,0.8401098,0.9978847,-0.0469822,0.04493089,0.03819501,0.9829993,0.1795925,-0.05260469,-0.1774965,0.9827145,moving,6.651458488242882,8.555227010318278,1.4275790205238512,5.062881366645008,-0.020459000000000005,-0.07693630000000001,0.8398950000000003,0.11455744009085571,0.14778328840146843,0.9823628151053422,6.534400254301959,8.709664707393955,6.2220608313893795,6.2837405092938186,6.275241178483183
05/17/2023 16:16:18.488111,4281,True,True,True,True,Eyes,1.103258,-0.2916649,-3.424462,0.06466944,-0.03700177,0.9972205,0.0,0.0,0.0,0.0,0.0,0.0,0.0,-0.9498053,0.8731526,3.377045,1.103077,-0.2955934,-3.429986,0.09071733,-0.02597925,-0.02078004,0.9953209,10.34099,356.7667,357.3153,0.3059595,-0.08016504,-0.9486629,0,0,0,1.079127,-0.3747877,-2.589855,0.02003221,0.07392252,0.8407136,0.9977865,-0.04607915,0.04794515,0.03665208,0.9826772,0.1816654,-0.05548558,-0.179506,0.9821908,moving,6.620851807527063,8.51894415709355,1.3649641748138277,5.024997177542435,-0.023950000000000138,-0.0791943,0.840131,0.11404320177501145,0.14716993583864507,0.9825147078733477,6.504044201376281,8.673057255022005,6.250120467802955,6.311261387680144,6.3022603761121605
05/17/2023 16:16:18.498050,4282,True,True,True,True,Eyes,1.102986,-0.2918705,-3.424288,0.06103934,-0.03952692,0.9973524,0.0,0.0,0.0,0.0,0.0,0.0,0.0,-0.938439,0.8809525,3.377984,1.102851,-0.2956541,-3.429843,0.0916969,-0.02757095,-0.02046281,0.9951949,10.4504,356.5821,357.3315,0.3059281,-0.08022881,-0.9486676,0,0,0,1.076049,-0.3768773,-2.589507,0.01994222,0.07357474,0.8412309,0.9976422,-0.04578532,0.05112419,0.03567263,0.9823459,0.1836409,-0.05862969,-0.1813842,0.981663,moving,6.599824853498635,8.479711287955675,1.3579994196390197,4.998416505647277,-0.026801999999999992,-0.08122320000000005,0.8403360000000002,0.11369399949391758,0.14650303304649287,0.9826548346216678,6.483291450018266,8.633428235150701,6.232117212271,6.292546959728249,6.283464702717482
05/17/2023 16:16:18.538192,4283,True,True,True,True,Eyes,1.102722,-0.2920712,-3.424115,0.05743524,-0.04201403,0.9974648,0.0,0.0,0.0,0.0,0.0,0.0,0.0,-0.9281539,0.8911442,3.377907,1.102692,-0.2958728,-3.429635,0.09303787,-0.02903557,-0.02021028,0.995034,10.60155,356.4102,357.3397,0.3058943,-0.0802924,-0.9486731,0,0,0,1.072449,-0.3793212,-2.589101,0.01904784,0.07362414,0.8417791,0.997497,-0.04562263,0.05402211,0.03481701,0.981871,0.1863253,-0.0615434,-0.1839781,0.9810018,moving,6.564903680475455,8.484791326826006,1.2962719415427082,4.998514719737826,-0.03024300000000002,-0.08344840000000003,0.8405340000000003,0.11309341502903356,0.14660027335779469,0.9827096479012654,6.448324798823644,8.638700433682795,6.257303563978849,6.317642359426479,6.308296178543434
05/17/2023 16:16:18.548006,4284,True,True,True,True,Eyes,1.102423,-0.2922649,-3.42394,0.05383674,-0.04450289,0.9975575,0.0,0.0,0.0,0.0,0.0,0.0,0.0,-0.9179517,0.8975406,3.378811,1.102651,-0.2959406,-3.429455,0.0938506,-0.03049723,-0.02000251,0.9949181,10.69187,356.24,357.3445,0.3058585,-0.08035571,-0.9486793,0,0,0,1.069035,-0.3816387,-2.588715,0.01823861,0.07276615,0.842431,0.9973397,-0.04552608,0.05692998,0.03407735,0.981584,0.1879673,-0.06443898,-0.1855273,0.980524,moving,6.52999745064186,8.429380665776838,1.2402584336484337,4.9367495231389835,-0.03361600000000009,-0.0856981,0.8407399999999998,0.11251049435285831,0.1456595181417287,0.9829163550545,6.413804459968722,8.58274975924531,6.279276182782687,6.338754701550328,6.329209761742917
05/17/2023 16:16:18.558103,4285,True,True,True,True,Eyes,1.102094,-0.2924614,-3.42377,0.05021847,-0.04700319,0.9976317,0.0,0.0,0.0,0.0,0.0,0.0,0.0,-0.907926,0.9065313,3.378754,1.102366,-0.2959765,-3.429183,0.09504761,-0.03190115,-0.01975804,0.9947653,10.82673,356.0755,357.3522,0.30582,-0.0804186,-0.9486864,0,0,0,1.066152,-0.3835961,-2.58839,0.01806999,0.07288203,0.8427833,0.9971839,-0.04537348,0.05971241,0.03324497,0.9811511,0.1903607,-0.06722423,-0.1878395,0.9798965,moving,6.487267662901129,8.417172434730642,1.2282819977829695,4.9425156575599,-0.03621399999999997,-0.08761960000000002,0.8407930000000001,0.11178072801859205,0.14546216158781886,0.9830290086432036,6.37115040963631,8.570553668523441,6.244325918439093,6.303187284624887,6.29378704045785
05/17/2023 16:16:18.567901,4286,True,True,True,True,Eyes,1.101771,-0.2926601,-3.423601,0.04662893,-0.0494962,0.9976853,0.0,0.0,0.0,0.0,0.0,0.0,0.0,-0.8973473,0.9150766,3.379116,1.102206,-0.2962515,-3.429052,0.09611752,-0.03338859,-0.01944858,0.9946198,10.94707,355.9023,357.3668,0.3057784,-0.0804812,-0.9486945,0,0,0,1.059837,-0.3878835,-2.587677,0.01462727,0.07072765,0.8443272,0.9970139,-0.04510633,0.0626792,0.03226942,0.9807664,0.1924995,-0.0701566,-0.189902,0.9792933,moving,6.4562775698408945,8.390573809333427,0.9925026794644775,4.78837691878825,-0.0423690000000001,-0.09163199999999999,0.8413750000000002,0.11125639669887635,0.1450143683288882,0.9831545839466093,6.340341783595312,8.543749086639584,6.485249322800552,6.544360816073725,6.534692280646681
05/17/2023 16:16:18.580162,4287,True,True,True,True,Eyes,1.101452,-0.2928599,-3.423432,0.04307014,-0.05198777,0.9977185,0.0,0.0,0.0,0.0,0.0,0.0,0.0,-0.8870186,0.9241597,3.37918,1.102061,-0.2964834,-3.428891,0.09727859,-0.0348438,-0.01914388,0.9944629,11.07804,355.7325,357.3803,0.305734,-0.08054359,-0.9487035,0,0,0,1.057483,-0.3894812,-2.587411,0.01491693,0.07136727,0.844635,0.9968389,-0.04485487,0.06557714,0.03129665,0.9803408,0.194814,-0.07302631,-0.1921458,0.9786456,moving,6.423219499020409,8.374733900659676,1.0117841314699596,4.829723811776766,-0.044578000000000007,-0.09299780000000002,0.8414800000000002,0.11069342134556753,0.1447517086223072,0.983256772035249,6.307387910432439,8.527841172342333,6.410734270771737,6.469213960556373,6.459062733576608
05/17/2023 16:16:18.598251,4288,True,True,True,True,Eyes,1.101106,-0.2930591,-3.423269,0.03948813,-0.05449122,0.9977331,0.0,0.0,0.0,0.0,0.0,0.0,0.0,-0.8774272,0.9338616,3.378765,1.101843,-0.2966808,-3.428696,0.09855077,-0.03618775,-0.01886293,0.994295,11.22205,355.5749,357.3914,0.3056872,-0.08060581,-0.9487133,0,0,0,1.055493,-0.3908328,-2.587186,0.01543611,0.07240132,0.8447911,0.9966692,-0.04464329,0.0682447,0.03037797,0.9798639,0.1973423,-0.07568051,-0.1946118,0.9779564,moving,6.375729994707164,8.37098322445639,1.0467978975445875,4.898463227091609,-0.04634999999999989,-0.09415199999999996,0.84151,0.10987924320265502,0.14470049322653525,0.9833556139448256,6.259912570838784,8.524222809002492,6.302736105202586,6.360496240724291,6.350015523030934
05/17/2023 16:16:18.618082,4289,True,True,True,True,Eyes,1.100767,-0.2932535,-3.423102,0.03593322,-0.05698662,0.997728,0.0,0.0,0.0,0.0,0.0,0.0,0.0,-0.8672717,0.9436881,3.378507,1.101691,-0.2968666,-3.428581,0.0998518,-0.03763043,-0.01863135,0.9941159,11.36896,355.4051,357.395,0.3056377,-0.08066789,-0.948724,0,0,0,1.052753,-0.3926927,-2.586876,0.01534681,0.07298875,0.8452697,0.9964737,-0.04455837,0.07109727,0.02952851,0.979365,0.1999307,-0.07853875,-0.1971263,0.9772272,moving,6.340927107722353,8.371960395068577,1.040154215298855,4.935229170111492,-0.048937999999999926,-0.09582610000000003,0.8417049999999997,0.10928147625965384,0.14472685106239463,0.9834182887615357,6.225093494982061,8.52534203975461,6.25997268644903,6.317381955339316,6.306544676031318
05/17/2023 16:16:18.627979,4290,True,True,True,True,Eyes,1.100425,-0.2934495,-3.422939,0.03232395,-0.05946857,0.9977067,0.0,0.0,0.0,0.0,0.0,0.0,0.0,-0.8573277,0.9523104,3.3783,1.101521,-0.2969245,-3.428309,0.1010262,-0.03905303,-0.01849473,0.9939449,11.50096,355.2368,357.3881,0.3055857,-0.0807297,-0.9487355,0,0,0,1.049505,-0.3948978,-2.586509,0.01475903,0.07286541,0.8458154,0.9962656,-0.04465625,0.07389621,0.02887473,0.9789033,0.2022735,-0.08137001,-0.1993844,0.9765371,moving,6.300202292354206,8.359787021245392,0.9996795015077324,4.9237673551483105,-0.05201600000000006,-0.09797330000000004,0.8418000000000001,0.10858563568196694,0.14452900464988747,0.9835245468847199,6.184444699643205,8.513173725463414,6.259834790761896,6.3167850210442325,6.30599938558952
05/17/2023 16:16:18.647939,4291,True,True,True,True,Eyes,1.100086,-0.2936391,-3.422772,0.0287354,-0.06194774,0.9976656,0.0,0.0,0.0,0.0,0.0,0.0,0.0,-0.846664,0.9613981,3.378257,1.101335,-0.2971494,-3.428194,0.1022334,-0.04057525,-0.01834741,0.9937633,11.63655,355.0569,357.3806,0.3055316,-0.08079131,-0.9487478,0,0,0,1.046162,-0.3971671,-2.586132,0.01427168,0.07293967,0.8465169,0.996034,-0.04476225,0.07689295,0.02816966,0.9784234,0.2046805,-0.08439582,-0.2017027,0.975804,moving,6.2722478618263455,8.35189083322064,0.9658750697979387,4.924696334366156,-0.05517299999999992,-0.10001769999999999,0.8420619999999999,0.10810779951940687,0.14440101565577898,0.9835959259209438,6.156539171454731,8.50528657644972,6.260222542568079,6.31690227413388,6.305840173833503
05/17/2023 16:16:18.668094,4292,True,True,True,True,Eyes,1.099753,-0.2938331,-3.422612,0.02510024,-0.06439444,0.9976088,0.0,0.0,0.0,0.0,0.0,0.0,0.0,-0.836111,0.9702281,3.377968,1.101092,-0.2971636,-3.427884,0.1034661,-0.04209042,-0.0182924,0.9935737,11.77463,354.8764,357.3618,0.3054755,-0.08085257,-0.9487606,0,0,0,1.042725,-0.3995003,-2.585744,0.01373935,0.0727523,0.8471107,0.9957876,-0.04505957,0.07985458,0.02763983,0.9779204,0.2071423,-0.08742515,-0.2040626,0.9750463,moving,6.2402913663381705,8.349467183041824,0.9292029389426238,4.908681162452453,-0.05836700000000006,-0.10233669999999995,0.8421400000000001,0.10755971373501842,0.1443680478180089,0.9836608961114952,6.124591492799908,8.502953175094,6.271830727300281,6.328243731328475,6.317503741701274
05/17/2023 16:16:18.688239,4293,True,True,True,True,Eyes,1.09942,-0.2940175,-3.422446,0.02148937,-0.06683095,0.9975328,0.0,0.0,0.0,0.0,0.0,0.0,0.0,-0.8249388,0.9794879,3.377984,1.100899,-0.297444,-3.427863,0.104671,-0.04367387,-0.01809286,0.9933828,11.91008,354.6897,357.3588,0.3054178,-0.08091362,-0.948774,0,0,0,1.039425,-0.4017403,-2.585371,0.01341547,0.07294274,0.8479082,0.9955305,-0.04508905,0.08298214,0.0268035,0.9774333,0.209537,-0.09055734,-0.2063763,0.9742732,moving,6.21832452475841,8.343606334839999,0.9064491674150229,4.916861157982704,-0.06147400000000003,-0.10429630000000001,0.842492,0.10718406617348955,0.1442733048504931,0.9837157340628306,6.102660625682672,8.49710359381829,6.2650843855745535,6.321281699075486,6.3102099345734874
05/17/2023 16:16:18.698417,4294,True,True,True,True,Eyes,1.099065,-0.2942025,-3.422288,0.01795349,-0.0692168,0.99744,0.0,0.0,0.0,0.0,0.0,0.0,0.0,-0.8143214,0.9876803,3.377732,1.100571,-0.2973773,-3.427537,0.1057921,-0.04516266,-0.01793007,0.9932005,12.03598,354.5138,357.3527,0.3053587,-0.08097423,-0.9487878,0,0,0,1.036051,-0.4040312,-2.58499,0.0129922,0.07254246,0.8485236,0.9952777,-0.045172,0.08591742,0.0260606,0.9769731,0.2117649,-0.09350485,-0.2085259,0.9735368,moving,6.189525283419359,8.331191561006841,0.8772178661270125,4.886481272439976,-0.06451999999999991,-0.10665389999999997,0.8425470000000002,0.10669282374100311,0.14406780619107648,0.9837992454697665,6.073942285345735,8.48464633199531,6.275591159277047,6.331401035156254,6.3208177069987554
05/17/2023 16:16:18.727808,4295,True,True,True,True,Eyes,1.098707,-0.2943833,-3.422133,0.01444085,-0.07158316,0.9973301,0.0,0.0,0.0,0.0,0.0,0.0,0.0,-0.8033555,0.9943837,3.37829,1.100419,-0.2975936,-3.427468,0.1066236,-0.04670676,-0.0177074,0.9930441,12.12878,354.3332,357.3543,0.3052977,-0.08103446,-0.9488023,0,0,0,1.032644,-0.4063442,-2.584605,0.01247501,0.07196368,0.8494135,0.9950098,-0.04512855,0.08898768,0.02520838,0.9766358,0.2134179,-0.09653979,-0.2101097,0.9728998,moving,6.168822956743184,8.286254584381616,0.8414206251577288,4.842626440056705,-0.06777500000000014,-0.10875059999999998,0.8428630000000004,0.10634931202826392,0.1433014858576346,0.9839484352812532,6.053554923902975,8.43924295322878,6.28829285864169,6.343484089912166,6.332613543473078
05/17/2023 16:16:18.738145,4296,True,True,True,True,Eyes,1.098333,-0.2945549,-3.421976,0.0109971,-0.07390679,0.9972045,0.0,0.0,0.0,0.0,0.0,0.0,0.0,-0.7927935,1.00176,3.378355,1.099989,-0.2976533,-3.427353,0.1075971,-0.04816376,-0.0175328,0.9928725,12.23791,354.1615,357.3502,0.3052349,-0.08109423,-0.9488174,0,0,0,1.029318,-0.408602,-2.58423,0.012169,0.07152648,0.8502338,0.9947457,-0.04518022,0.09186798,0.0244511,0.976231,0.2153492,-0.0994139,-0.2119714,0.9722062,moving,6.141662842596566,8.260490385641168,0.8199917925127621,4.808722644949404,-0.07067100000000015,-0.11094870000000001,0.8431230000000003,0.1058896077002878,0.14286606425918097,0.9840613005808805,6.026571341099183,8.413268565143701,6.288451416779288,6.343097295563137,6.332552556951086
05/17/2023 16:16:18.747840,4297,True,True,True,True,Eyes,1.097967,-0.2947275,-3.421824,0.007572246,-0.07621074,0.997063,0.0,0.0,0.0,0.0,0.0,0.0,0.0,-0.7825725,1.008467,3.378373,1.099684,-0.2976057,-3.427091,0.1084465,-0.04955505,-0.0171833,0.9927178,12.33401,354.0,357.3678,0.3051702,-0.08115333,-0.9488331,0,0,0,1.025998,-0.4108561,-2.583855,0.01162172,0.07075451,0.8509772,0.9944981,-0.04486448,0.09466142,0.0233682,0.9758882,0.2170165,-0.1021153,-0.2136104,0.9715673,moving,6.1086532060203345,8.220225955977861,0.7824347274679145,4.752925953216355,-0.07368600000000014,-0.11325040000000003,0.8432360000000001,0.10533311774903653,0.14218293891869205,0.9842199896138786,5.993840088698433,8.37264033936732,6.30144820710016,6.355373520920954,6.34516178488543
05/17/2023 16:16:18.768089,4298,True,True,True,True,Eyes,1.097579,-0.2948964,-3.421679,0.004170334,-0.07847572,0.9969074,0.0,0.0,0.0,0.0,0.0,0.0,0.0,-0.7720603,1.015889,3.378447,1.099529,-0.297783,-3.427006,0.1093844,-0.05102504,-0.01691507,0.9925449,12.43968,353.828,357.374,0.3051038,-0.08121186,-0.9488494,0,0,0,1.020803,-0.4143826,-2.583268,0.009284914,0.06915651,0.8525361,0.9942207,-0.04474062,0.09758881,0.02241525,0.9754979,0.218864,-0.1049898,-0.2154116,0.970863,moving,6.085614317092658,8.193387406508556,0.6239798566170133,4.637597394922434,-0.07872600000000007,-0.11659959999999997,0.8437380000000001,0.10494427832152983,0.14172776368201606,0.9843272494141456,5.970986484280266,8.34556317596715,6.463243880732596,6.51713845075818,6.506880213256834
05/17/2023 16:16:18.780921,4299,True,True,True,True,Eyes,1.097193,-0.2950615,-3.421534,0.0007930041,-0.08071733,0.9967367,0.0,0.0,0.0,0.0,0.0,0.0,0.0,-0.7620144,1.021857,3.378827,1.0994,-0.2978831,-3.426939,0.1101365,-0.05243591,-0.01670651,0.9923918,12.52379,353.6628,357.375,0.3050353,-0.08126979,-0.9488664,0,0,0,1.018909,-0.4156684,-2.583054,0.009984069,0.06934794,0.8529861,0.9939427,-0.04470901,0.1003939,0.02160859,0.9751818,0.2203491,-0.1077539,-0.216845,0.9702409,moving,6.056922330271339,8.146719458669468,0.6706075212522429,4.647935764056275,-0.08049099999999987,-0.11778529999999998,0.8438849999999998,0.10446330200775658,0.1409331325755922,0.9844923747905763,5.942619689663769,8.298437773647855,6.370019579965687,6.422917916613101,6.412509432812662
05/17/2023 16:16:18.798094,4300,True,True,True,True,Eyes,1.096796,-0.2952246,-3.421397,-0.002530479,-0.08292011,0.9965531,0.0,0.0,0.0,0.0,0.0,0.0,0.0,-0.7518634,1.028664,3.378761,1.099075,-0.2979364,-3.426769,0.1109967,-0.05381803,-0.0163935,0.9922272,12.62114,353.5017,357.3875,0.304965,-0.08132704,-0.9488841,0,0,0,1.015945,-0.417681,-2.58272,0.009794496,0.06896526,0.8537073,0.9936697,-0.0444794,0.1031602,0.02058491,0.974822,0.2220324,-0.1104387,-0.2185033,0.9695667,moving,6.028220798590097,8.11426310103277,0.6573197427768432,4.618510658829407,-0.08312999999999993,-0.11974460000000003,0.844049,0.10397834870939632,0.14038261599551724,0.98462249274121,5.914142003396853,8.265695999699341,6.356094465609508,6.408343256139353,6.398135758985316
05/17/2023 16:16:18.818224,4301,True,True,True,True,Eyes,1.096397,-0.2953815,-3.42126,-0.005824363,-0.08508632,0.9963566,0.0,0.0,0.0,0.0,0.0,0.0,0.0,-0.7420365,1.033974,3.379239,1.098941,-0.2980619,-3.426728,0.1116558,-0.0551971,-0.01620937,0.9920804,12.69456,353.3401,357.3862,0.3048927,-0.08138362,-0.9489025,0,0,0,1.012408,-0.4200822,-2.58232,0.008890569,0.06795362,0.8548132,0.9933811,-0.04448814,0.1059002,0.01983585,0.9745405,0.2233324,-0.1131397,-0.2197536,0.9689725,moving,6.000420226045769,8.061534115884589,0.5958889204858491,4.545186038135178,-0.08653299999999997,-0.12202030000000003,0.844408,0.10351386582204103,0.1394831979789057,0.984799165557736,5.886710081085177,8.212432867818013,6.396218735641171,6.447764142450404,6.437506338891203
05/17/2023 16:16:18.828856,4302,True,True,True,True,Eyes,1.095989,-0.2955392,-3.421131,-0.009095359,-0.08722444,0.9961472,0.0,0.0,0.0,0.0,0.0,0.0,0.0,-0.7326857,1.039057,3.379399,1.09852,-0.2980584,-3.426546,0.1123231,-0.05647751,-0.01607865,0.9919351,12.76885,353.1893,357.3798,0.3048186,-0.08143944,-0.9489214,0,0,0,1.00927,-0.4222124,-2.581966,0.008480452,0.06706415,0.855644,0.9931036,-0.04458541,0.108432,0.01921048,0.97425,0.2246507,-0.1156561,-0.2210184,0.9683876,moving,5.96227295869185,8.011470621132723,0.5678508805395502,4.4815989210627185,-0.08925000000000005,-0.12415399999999999,0.8445800000000001,0.10287058413386435,0.13863195497769631,0.9849867494212862,5.848909714865164,8.161906204333683,6.396055798558486,6.446687814390587,6.436943693314857
05/17/2023 16:16:18.848191,4303,True,True,True,True,Eyes,1.095578,-0.2956847,-3.421003,-0.01234821,-0.08932281,0.9959262,0.0,0.0,0.0,0.0,0.0,0.0,0.0,-0.7228724,1.044083,3.379908,1.098358,-0.2982427,-3.426528,0.1129285,-0.05784536,-0.01588098,0.9917908,12.83626,353.0294,357.3802,0.3047426,-0.08149459,-0.9489412,0,0,0,1.005882,-0.4245125,-2.581583,0.007735468,0.06613204,0.8567351,0.9928035,-0.04456601,0.1111542,0.01843645,0.9739899,0.2258402,-0.1183278,-0.2221656,0.9678021,moving,5.9354352105156485,7.956481204148756,0.5173099895436452,4.413952367741661,-0.092476,-0.1262698,0.8449449999999996,0.10242274188605244,0.13769294837065799,0.9851650990755197,5.822456991373382,8.106351679759268,6.4235654885079265,6.473452824181908,6.463621074166642
05/17/2023 16:16:18.868204,4304,True,True,True,True,Eyes,1.095173,-0.2958312,-3.420884,-0.01564746,-0.09136138,0.9956948,0.0,0.0,0.0,0.0,0.0,0.0,0.0,-0.712606,1.048599,3.380397,1.097904,-0.2980849,-3.426398,0.1135248,-0.05924603,-0.01574049,0.9916422,12.90216,352.8648,357.3734,0.3046648,-0.0815488,-0.9489616,0,0,0,1.002421,-0.4268615,-2.581192,0.00727959,0.06478618,0.8578007,0.9924843,-0.04466966,0.1139279,0.01776609,0.9737287,0.2270171,-0.1210756,-0.2232868,0.967204,moving,5.909446699489976,7.904227447332607,0.4862199009177176,4.319116129341272,-0.09548299999999998,-0.12877660000000002,0.8452059999999997,0.10198859745845004,0.13680054362722646,0.9853343679983712,5.796834221761987,8.053562747094343,6.452043866440245,6.501108526331635,6.492204248604906
05/17/2023 16:16:18.881455,4305,True,True,True,True,Eyes,1.094769,-0.2959712,-3.420769,-0.01892987,-0.09336587,0.9954519,0.0,0.0,0.0,0.0,0.0,0.0,0.0,-0.7020479,1.051435,3.381711,1.097726,-0.2982572,-3.426426,0.1138035,-0.06070957,-0.01555494,0.9915247,12.93169,352.6948,357.3734,0.3045853,-0.08160215,-0.9489824,0,0,0,0.9991392,-0.4290898,-2.580822,0.006839655,0.06337221,0.8589648,0.9921448,-0.04466415,0.1168497,0.0170283,0.9736136,0.2275666,-0.1239305,-0.2237893,0.9667262,moving,5.891856180197858,7.817160254695431,0.45621785991375574,4.219490368213507,-0.09858679999999997,-0.13083260000000002,0.8456040000000002,0.1017071443669154,0.13530699130709603,0.9855697264835362,5.779859926892263,7.965507607092424,6.470392749200804,6.518388801002885,6.509516880021221
05/17/2023 16:16:18.898272,4306,True,True,True,True,Eyes,1.094374,-0.2961076,-3.420656,-0.02231455,-0.09537165,0.9951916,0.0,0.0,0.0,0.0,0.0,0.0,0.0,-0.6914483,1.056445,3.382152,1.097371,-0.2982278,-3.426363,0.1144164,-0.06214542,-0.01527974,0.9913695,13.00045,352.5276,357.3814,0.3045045,-0.08165456,-0.9490038,0,0,0,0.9957801,-0.4313702,-2.580442,0.006443672,0.06228307,0.8600639,0.991809,-0.04451665,0.1197216,0.01607482,0.9733508,0.228757,-0.1267147,-0.2249588,0.9660937,moving,5.865173049159293,7.7680434291854965,0.42925682916342117,4.1419463541595745,-0.10159090000000015,-0.1331424,0.8459209999999997,0.10125981322276667,0.13446822956626933,0.9857305701556526,5.753519983468647,7.915896171208952,6.48713127917395,6.534352695434014,6.5261378592471715
05/17/2023 16:16:18.917956,4307,True,True,True,True,Eyes,1.093982,-0.296235,-3.420544,-0.02568937,-0.09730347,0.9949231,0.0,0.0,0.0,0.0,0.0,0.0,0.0,-0.6801182,1.058867,3.383554,1.097213,-0.2982741,-3.426274,0.1145955,-0.06367736,-0.01487173,0.9912578,13.02013,352.3529,357.407,0.3044226,-0.081706,-0.9490256,0,0,0,0.9923605,-0.4336917,-2.580056,0.005956098,0.06049046,0.861233,0.991448,-0.04407771,0.1228329,0.01488915,0.9732934,0.2290814,-0.1296498,-0.2252934,0.9656261,moving,5.850420599383666,7.672706744188301,0.3962386918963411,4.017688104985916,-0.10485250000000002,-0.13541760000000003,0.8462179999999999,0.10102850496711394,0.13283097975155206,0.9859761943987291,5.739443480596557,7.819460833284875,6.519514116154755,6.565612045565815,6.557691155553655
05/17/2023 16:16:18.927835,4308,True,True,True,True,Eyes,1.093586,-0.2963563,-3.42044,-0.02908971,-0.09924196,0.9946381,0.0,0.0,0.0,0.0,0.0,0.0,0.0,-0.6681553,1.060675,3.38513,1.096885,-0.2981749,-3.426149,0.1146868,-0.06525927,-0.01439687,0.9911513,13.03021,352.1736,357.4405,0.3043398,-0.08175632,-0.9490479,0,0,0,0.9891212,-0.4358908,-2.57969,0.005896263,0.05852945,0.8623289,0.9910679,-0.0435077,0.1260614,0.0135702,0.9732794,0.229223,-0.1326659,-0.2254648,0.9651764,moving,5.839969636795321,7.566723473032893,0.39175971035694745,3.8829209905528357,-0.10776380000000008,-0.1377159,0.8464590000000003,0.10087334161985756,0.13100902650711357,0.9862359412170284,5.729745526398377,7.712233957591371,6.531903451324324,6.576731112982183,6.569454343534854
05/17/2023 16:16:18.948011,4309,True,True,True,True,Eyes,1.093187,-0.2964691,-3.420335,-0.03247666,-0.101117,0.9943444,0.0,0.0,0.0,0.0,0.0,0.0,0.0,-0.6567142,1.06216,3.386827,1.096693,-0.2981641,-3.426137,0.1148378,-0.06687495,-0.01439841,0.9910261,13.04338,351.9837,357.4174,0.3042561,-0.08180546,-0.9490705,0,0,0,0.9857379,-0.4381877,-2.579308,0.005676873,0.05664678,0.8635947,0.9906409,-0.04389793,0.1292427,0.01317885,0.9732099,0.2295403,-0.1358566,-0.2256887,0.9646801,moving,5.83317912458332,7.473533635201977,0.37663058707968816,3.7528930314454323,-0.11095509999999997,-0.14002360000000003,0.846829,0.10077785244640503,0.12940603248656393,0.9864573331662615,5.723617761121032,7.617941656245445,6.560551810365967,6.604323466067882,6.59764145065728
05/17/2023 16:16:18.968198,4310,True,True,True,True,Eyes,1.092771,-0.2965853,-3.420243,-0.03587094,-0.1029957,0.9940348,0.0,0.0,0.0,0.0,0.0,0.0,0.0,-0.645865,1.063666,3.388144,1.096227,-0.2980756,-3.426001,0.115053,-0.06840044,-0.01456198,0.9908948,13.06279,351.8019,357.3759,0.3041715,-0.08185329,-0.9490935,0,0,0,0.9823925,-0.4404588,-2.57893,0.005615979,0.05478208,0.8647124,0.9902187,-0.04459812,0.1322045,0.01311943,0.9731015,0.2300029,-0.138906,-0.2260187,0.9641684,moving,5.8152878642205375,7.387880738682139,0.3721091203564633,3.6250119610687475,-0.11383450000000006,-0.1423832,0.8470709999999997,0.10048914698195352,0.12793495421807013,0.9866785702517682,5.706332560017088,7.531319054926812,6.57454004574076,6.617203055309046,6.611593969365532
05/17/2023 16:16:18.982023,4311,True,True,True,True,Eyes,1.092356,-0.2966984,-3.420156,-0.03925056,-0.1048399,0.9937142,0.0,0.0,0.0,0.0,0.0,0.0,0.0,-0.6345208,1.064683,3.389998,1.096051,-0.2982916,-3.426068,0.1150559,-0.06996527,-0.01438698,0.9907877,13.06043,351.6209,357.3753,0.3040855,-0.08190003,-0.9491171,0,0,0,0.979062,-0.4427198,-2.578554,0.005341902,0.05293632,0.8660229,0.9897958,-0.04460871,0.1353308,0.01240905,0.9731103,0.230005,-0.1419521,-0.2259787,0.963734,moving,5.803288407261277,7.278385159048607,0.3534139310703731,3.4978967301487565,-0.11698900000000012,-0.1444282,0.8475139999999999,0.10030688259610074,0.12605144512162392,0.9869394534927488,5.695110747815315,7.420543155904256,6.591281265636706,6.632738843591141,6.627282992563049
05/17/2023 16:16:18.998045,4312,True,True,True,True,Eyes,1.091925,-0.2968143,-3.420083,-0.04261131,-0.1068074,0.9933662,0.0,0.0,0.0,0.0,0.0,0.0,0.0,-0.6233207,1.069134,3.39057,1.095674,-0.2983221,-3.426083,0.1155852,-0.07148238,-0.01414883,0.9906212,13.11931,351.4439,357.3777,0.3039982,-0.08194569,-0.949141,0,0,0,0.9756768,-0.445018,-2.578172,0.005125031,0.05179062,0.8672745,0.9893802,-0.04455687,0.1383531,0.01150764,0.9728798,0.2310251,-0.1448947,-0.2269795,0.9630606,moving,5.786823083568636,7.222451516147264,0.3385770343770293,3.417446470739735,-0.11999720000000003,-0.14669590000000005,0.8479110000000003,0.10003551195589272,0.1250913457250451,0.9870891567176371,5.679039930214567,7.363994163543068,6.604661674955495,6.6454080693444775,6.6404655434230495
05/17/2023 16:16:19.018205,4313,True,True,True,True,Eyes,1.091494,-0.2969229,-3.42001,-0.04594374,-0.1087404,0.9930078,0.0,0.0,0.0,0.0,0.0,0.0,0.0,-0.6119307,1.073679,3.391275,1.095542,-0.2985063,-3.426176,0.1160666,-0.07303084,-0.0137646,0.9904574,13.17391,351.2653,357.397,0.3039093,-0.08199044,-0.9491656,0,0,0,0.9723219,-0.4472955,-2.577793,0.00474304,0.05076921,0.8686049,0.988954,-0.04421937,0.1414726,0.01031361,0.9726782,0.2319285,-0.1478631,-0.2279076,0.9623901,moving,5.775626213008034,7.1626643731586555,0.31286200790929014,3.345083269927029,-0.12322010000000005,-0.1487892,0.8483830000000001,0.09985558952213458,0.12406351104293527,0.9872370025313446,5.668266441245816,7.303525317584677,6.624418369855651,6.664511853111173,6.65955104262026
05/17/2023 16:16:19.028360,4314,True,True,True,True,Eyes,1.091137,-0.2970322,-3.419939,-0.04957758,-0.1109007,0.9925941,0.0,0.0,0.0,0.0,0.0,0.0,0.0,-0.601897,1.078334,3.391384,1.09516,-0.298427,-3.426096,0.1166351,-0.074366,-0.01344643,0.9902955,13.23859,351.1104,357.4105,0.303819,-0.08203417,-0.9491907,0,0,0,0.9690142,-0.4495411,-2.577419,0.004279286,0.049628,0.8697816,0.9885778,-0.04397924,0.144152,0.009284502,0.9724309,0.2330064,-0.1504253,-0.2290065,0.9617319,moving,5.7223137300698985,7.098970778005493,0.28189036057523026,3.265641864066408,-0.12614579999999986,-0.15111410000000003,0.8486769999999999,0.09895043442530906,0.12297714432812738,0.9874641170968685,5.615394039215587,7.239260337704514,6.6162396150457345,6.655269866938916,6.651007838223336
05/17/2023 16:16:19.047988,4315,True,True,True,True,Eyes,1.090778,-0.2971327,-3.419867,-0.05315915,-0.1129889,0.9921732,0.0,0.0,0.0,0.0,0.0,0.0,0.0,-0.5920434,1.082952,3.391737,1.095036,-0.2984623,-3.426222,0.1171638,-0.07569699,-0.01307917,0.9901372,13.29921,350.9567,357.43,0.3037291,-0.08207694,-0.9492158,0,0,0,0.9657022,-0.4517895,-2.577045,0.003573641,0.04858343,0.8711852,0.9881979,-0.04363823,0.146836,0.008162453,0.9722031,0.2339965,-0.1529656,-0.2300363,0.9610853,moving,5.671361787404367,7.034882612097186,0.23502855461004746,3.1919105231752045,-0.12933379999999994,-0.1533272,0.8491770000000001,0.09808560678171627,0.12188303196223445,0.9876860765507064,5.564885616575591,7.174587178376873,6.619444793667542,6.657488527531783,6.653502058380408
05/17/2023 16:16:19.067917,4316,True,True,True,True,Eyes,1.090477,-0.2972347,-3.419794,-0.05695841,-0.1152306,0.9917043,0.0,0.0,0.0,0.0,0.0,0.0,0.0,-0.5830091,1.084977,3.392408,1.094672,-0.2983439,-3.426104,0.1173544,-0.07687903,-0.01275199,0.9900278,13.32107,350.8216,357.45,0.3036397,-0.08211862,-0.9492408,0,0,0,0.9623168,-0.4540877,-2.576663,0.002758726,0.04669172,0.8724316,0.9878541,-0.04329384,0.1492317,0.007205457,0.9721307,0.234329,-0.1552178,-0.2304076,0.9606351,moving,5.590586328204809,6.922137940508163,0.18117503975518365,3.063493637023788,-0.13235520000000012,-0.1557438,0.8494410000000001,0.09671593380075438,0.11995540087056678,0.988056931677324,5.484892750425884,7.060780225651193,6.608252282660809,6.644611828272488,6.641364440090799
05/17/2023 16:16:19.082419,4317,True,True,True,True,Eyes,1.090175,-0.2973304,-3.419721,-0.06068982,-0.1173869,0.9912301,0.0,0.0,0.0,0.0,0.0,0.0,0.0,-0.5743675,1.086161,3.393495,1.094568,-0.298407,-3.426124,0.1173705,-0.07801769,-0.01233793,0.989942,13.32385,350.6935,357.4825,0.3035522,-0.0821593,-0.9492653,0,0,0,0.9589515,-0.4563724,-2.576283,0.001637757,0.04472783,0.8738256,0.987522,-0.04274162,0.1515698,0.006113729,0.9721439,0.2343051,-0.1573622,-0.2304548,0.9602748,moving,5.508488277812559,6.794059862806237,0.10738579196225878,2.9301971325251435,-0.13561650000000003,-0.15796540000000003,0.8498410000000001,0.0953252813440112,0.11776230302280304,0.9884559577506237,5.403686286722614,6.931459236233869,6.606263450971484,6.6408842228361085,6.63783830425044
05/17/2023 16:16:19.098332,4318,True,True,True,True,Eyes,1.089922,-0.2974246,-3.419641,-0.06457511,-0.1196729,0.9907111,0.0,0.0,0.0,0.0,0.0,0.0,0.0,-0.5661578,1.0873,3.394322,1.09424,-0.2983448,-3.426048,0.1174377,-0.07909103,-0.01205667,0.9898524,13.3315,350.5711,357.4999,0.3034663,-0.08219892,-0.9492893,0,0,0,0.9556132,-0.4586387,-2.575906,0.000656262,0.04271296,0.8751162,0.9871985,-0.04244518,0.153745,0.005292126,0.972126,0.2343991,-0.1594087,-0.2305848,0.959906,moving,5.409849473000539,6.664359012432347,0.042966906344821025,2.794293798754418,-0.13862680000000005,-0.1602939,0.8501420000000004,0.09364801869319271,0.11554290219072107,0.9888781107079461,5.3059462584954815,6.800557729787102,6.583945222293314,6.616708641189595,6.614310421068673
05/17/2023 16:16:19.127845,4319,True,True,True,True,Eyes,1.089675,-0.2975165,-3.419568,-0.06837878,-0.1219075,0.9901832,0.0,0.0,0.0,0.0,0.0,0.0,0.0,-0.558603,1.089742,3.394607,1.093954,-0.2983256,-3.425959,0.1177082,-0.08009164,-0.0118229,0.9897426,13.3623,350.4556,357.5106,0.3033833,-0.08223753,-0.9493125,0,0,0,0.9521577,-0.4609846,-2.575516,-0.0006010234,0.0410144,0.8764336,0.9868911,-0.04225814,0.1557569,0.004548364,0.97201,0.2348955,-0.1613235,-0.2311078,0.9594602,moving,5.307317886534413,6.561333178437821,-0.03929116685000141,2.679311749375878,-0.1417963000000001,-0.162659,0.8504430000000003,0.09189703834751084,0.11378320775990565,0.9892462694635753,5.2041221950804255,6.6966686535538935,6.5761061257907,6.607292845441946,6.605493182164168
05/17/2023 16:16:19.137822,4320,True,True,True,True,Eyes,1.089464,-0.2976146,-3.419487,-0.0721909,-0.1242454,0.9896219,0.0,0.0,0.0,0.0,0.0,0.0,0.0,-0.5514152,1.094066,3.394422,1.093846,-0.2983487,-3.426022,0.1182154,-0.08104058,-0.01144633,0.9896094,13.42185,350.3469,357.5361,0.3033027,-0.08227514,-0.949335,0,0,0,0.9488767,-0.463212,-2.575145,-0.001958013,0.03994286,0.8778314,0.9866028,-0.04181526,0.1576907,0.003494293,0.9717882,0.2358293,-0.1631033,-0.2321189,0.9589151,moving,5.1981162224840824,6.479494387368285,-0.1277986810268294,2.6052609219252068,-0.14496930000000008,-0.1648633,0.8508770000000001,0.09002581641671131,0.11238938842128594,0.9895776514111331,5.095475200022952,6.6142480060280295,6.556162568867383,6.585974074060626,6.584418537498972
05/17/2023 16:16:19.149351,4321,True,True,True,True,Eyes,1.089257,-0.2977174,-3.419414,-0.07592975,-0.1265501,0.9890499,0.0,0.0,0.0,0.0,0.0,0.0,0.0,-0.5445852,1.095324,3.394872,1.093496,-0.2985228,-3.425874,0.1182391,-0.08188189,-0.01099487,0.9895424,13.42689,350.2542,357.5769,0.3032256,-0.08231203,-0.9493564,0,0,0,0.9455546,-0.4654673,-2.57477,-0.003347024,0.0381045,0.8790181,0.9863489,-0.04112305,0.1594511,0.002396506,0.9717972,0.2358056,-0.1646512,-0.2322045,0.9586298,moving,5.080425189186971,6.343529715098563,-0.21816322365281648,2.482157133672504,-0.1479414,-0.1669445,0.8511039999999999,0.08801602100866227,0.11006062293295638,0.9900201001800394,4.978722563607443,6.477078160861159,6.528328369109343,6.55631278854731,6.554923027717544
05/17/2023 16:16:19.169245,4322,True,True,True,True,Eyes,1.084819,-0.3002943,-3.417438,-0.1685719,-0.1880296,0.967589,0.857564,0.9402574,-0.4615417,-2.587669,-0.07897044,0.4477276,-0.8906759,-0.008963153,0.04050948,0.8666285,1.093397,-0.2987208,-3.426003,0.1190142,-0.08289094,-0.01077227,0.9893678,13.5157,350.1349,357.5805,0.3031514,-0.08234835,-0.949377,0,0,0,0.9414422,-0.4682591,-2.574306,-0.005361676,0.03715667,0.8808019,0.9860261,-0.04104587,0.1614551,0.001585077,0.9714391,0.2372835,-0.1665833,-0.2337118,0.9579294,moving,-0.13056043221690816,2.674764721508186,-0.3487703779596063,2.4155929481368625,-0.15195479999999995,-0.16953829999999998,0.8516970000000001,-0.002276224963512624,0.04666637757872236,0.9989079821837273,-0.20748131282744317,2.783409882690109,0.33869040197678435,0.33880021920516495,0.39402017368412456
05/17/2023 16:16:19.183545,4323,True,True,True,True,Eyes,1.084815,-0.3002961,-3.417437,-0.1686323,-0.1880831,0.967568,0.857565,0.9402016,-0.4615896,-2.587684,-0.08270068,0.444618,-0.8918943,-0.007307619,0.04264353,0.8663511,1.093139,-0.2987449,-3.425854,0.1202462,-0.08376051,-0.01063326,0.9891471,13.65654,350.0287,357.5712,0.3029865,-0.08245956,-0.9494198,0,0,0,0.9389176,-0.4699729,-2.57402,-0.00599888,0.03777808,0.8816236,0.9857423,-0.04117948,0.1631457,0.0008919584,0.9708556,0.2396636,-0.1682601,-0.236101,0.9570501,moving,-0.03603938699266589,2.816588819787026,-0.3898548104204258,2.45365617102496,-0.15422140000000006,-0.17122800000000005,0.8518340000000002,-0.0006282460339849388,0.04913894043178134,0.9987917248220785,-0.11394658722011014,2.926596773131676,0.5066371630552408,0.5068584234209926,0.547538273320339
05/17/2023 16:16:19.198055,4324,True,True,True,True,Eyes,1.084832,-0.3003091,-3.417431,-0.1688453,-0.1883764,0.9674738,0.8610711,0.9394445,-0.4625145,-2.584367,0.2592169,0.6492997,-0.714994,-0.00608097,0.04380451,0.8697554,1.093058,-0.2987774,-3.425808,0.1209272,-0.08453426,-0.01046722,0.9890001,13.73458,349.9367,357.5722,0.302838,-0.08255971,-0.9494584,0,0,0,0.9355558,-0.4722552,-2.573641,-0.007746056,0.03693445,0.8829876,0.9854888,-0.04114915,0.1646772,0.0002591807,0.9705341,0.2409637,-0.1697403,-0.2374244,0.9564611,moving,0.03885325365618582,2.8807020570220745,-0.5026174004829121,2.3952263806673435,-0.15750220000000004,-0.17347779999999996,0.8521670000000001,0.0006772602263839383,0.050256543302245604,0.9987360904009552,-0.0394913026070931,2.9912057203955813,0.7268720926512194,0.7272393702391986,0.7547696045261686
05/17/2023 16:16:19.218369,4325,True,True,True,True,Eyes,1.084846,-0.30033,-3.417423,-0.1691022,-0.188727,0.9673606,0.8645936,0.9386409,-0.4635022,-2.581049,0.4320981,0.7372226,-0.5194172,-0.004679993,0.04570624,0.8731018,1.092817,-0.2989717,-3.425784,0.1219653,-0.08534036,-0.01028085,0.9888054,13.85379,349.8393,357.571,0.3027049,-0.08265021,-0.9494929,0,0,0,0.932159,-0.4745612,-2.573257,-0.00931555,0.03687476,0.8843066,0.9852226,-0.04114864,0.1662621,-0.0004855876,0.9700375,0.2429545,-0.1712778,-0.239445,0.955683,moving,0.11463184300173442,2.98271069933992,-0.6035485393795994,2.3877972024360865,-0.16065799999999997,-0.1755895,0.8525270000000003,0.0019979913423338047,0.05203450741707881,0.9986432711807844,0.035579929524478186,3.094165404449507,0.9320508641572636,0.9325798252352163,0.9525971008665431
05/17/2023 16:16:19.228219,4326,True,True,True,True,Eyes,1.084877,-0.300356,-3.417409,-0.169569,-0.1892955,0.9671679,0.8696554,0.9374102,-0.4649778,-2.576307,0.5708342,0.7887152,-0.2282034,-0.003826723,0.04719387,0.8779924,1.09274,-0.2991674,-3.425714,0.1228337,-0.08602031,-0.01004015,0.9886413,13.9544,349.7583,357.5796,0.3025854,-0.08273224,-0.9495239,0,0,0,0.9288467,-0.4768099,-2.572883,-0.01120302,0.03656954,0.8855929,0.9849994,-0.0409846,0.1676199,-0.001280164,0.9696222,0.2446042,-0.172553,-0.2411496,0.9550248,moving,0.1634930585217583,3.0521886301911016,-0.724770407166935,2.3646198755195136,-0.16389330000000002,-0.17764249999999998,0.8528310000000001,0.0028494407736892324,0.053245338131595474,0.9985774849886156,0.08395863615876423,3.164301384449215,1.1226016432423882,1.1232821448228967,1.1373360019108623
05/17/2023 16:16:19.248350,4327,True,True,True,True,Eyes,1.084903,-0.3003804,-3.417394,-0.1700727,-0.1898883,0.9669631,0.0,0.0,0.0,0.0,0.0,0.0,0.0,-0.5088451,1.137811,3.385958,1.092481,-0.2992257,-3.425668,0.123989,-0.08675709,-0.009791466,0.9884352,14.08796,349.6693,357.585,0.3024788,-0.08280679,-0.9495513,0,0,0,0.9254887,-0.4790896,-2.572504,-0.01284274,0.03662977,0.8869157,0.9847546,-0.04087032,0.1690795,-0.002157393,0.9690617,0.2468091,-0.1739356,-0.2434112,0.9541999,moving,0.2165906899704878,3.1533832517532594,-0.8295978711997375,2.364981444991861,-0.16699229999999998,-0.17986390000000002,0.853164,0.0037744878049757596,0.055008745608727386,0.99847870166176,0.1363487062322918,3.266522068520445,1.3091560189688267,1.3099953871781624,1.321297955165662
05/17/2023 16:16:19.268275,4328,True,True,True,True,Eyes,1.084978,-0.3004108,-3.417363,-0.1708973,-0.1906027,0.9666772,0.0,0.0,0.0,0.0,0.0,0.0,0.0,-0.5036817,1.142209,3.385152,1.092401,-0.2992037,-3.425598,0.1245896,-0.0874714,-0.009653999,0.9882981,14.15669,349.5841,357.5838,0.3023836,-0.08287457,-0.9495758,0,0,0,0.9220772,-0.4814055,-2.572119,-0.01472807,0.0355731,0.8883429,0.9845111,-0.04087811,0.17049,-0.002714,0.9687684,0.2479523,-0.1753012,-0.2445745,0.9536523,moving,0.2496231857426133,3.1817904414096176,-0.9498347391011047,2.2931461447431545,-0.17032379999999991,-0.18220179999999997,0.8534790000000001,0.004350016910189922,0.05550365820223485,0.9984490506147375,0.16918737904173356,3.295149460928841,1.4918389964632395,1.4927786170320874,1.5020722840595915
05/17/2023 16:16:19.288363,4329,True,True,True,True,Eyes,1.085046,-0.3004456,-3.417332,-0.1717416,-0.1913284,0.9663841,0.0,0.0,0.0,0.0,0.0,0.0,0.0,-0.4987896,1.146199,3.384267,1.092101,-0.2992784,-3.425431,0.1251289,-0.08812315,-0.009545728,0.9881731,14.21822,349.5062,357.5807,0.3023,-0.08293644,-0.949597,0,0,0,0.9188058,-0.4836265,-2.571749,-0.01638895,0.03456081,0.8895644,0.9842864,-0.04091917,0.171773,-0.00318785,0.9685032,0.2489805,-0.1765507,-0.2456157,0.9531541,moving,0.2745737478068941,3.2020160166897114,-1.0554732680031877,2.2249014597518926,-0.17329519999999998,-0.18434810000000001,0.853682,0.00478471609647764,0.05585599579737276,0.9984273517764275,0.19400032084534863,3.3155264599712835,1.6493744100363184,1.6503872035510618,1.6585075038520591
05/17/2023 16:16:19.299892,4330,True,True,True,True,Eyes,1.085165,-0.3004879,-3.417286,-0.172866,-0.1921705,0.9660165,0.0,0.0,0.0,0.0,0.0,0.0,0.0,-0.4938877,1.150113,3.383598,1.092029,-0.2994114,-3.425383,0.125639,-0.08880142,-0.00941949,0.9880489,14.27652,349.4254,357.5796,0.3022268,-0.0829931,-0.9496154,0,0,0,0.9153713,-0.485958,-2.571361,-0.01836327,0.0334902,0.8910116,0.9840511,-0.04092767,0.1731133,-0.003700006,0.9682522,0.2499478,-0.1778472,-0.246602,0.9526584,moving,0.28615307659760664,3.2116496237748926,-1.180668065204568,2.1525468983507454,-0.17665769999999992,-0.1865466,0.8540220000000001,0.004986448799724333,0.05602381551179769,0.9984169974125878,0.20551401921900742,3.32523333211055,1.808140811588073,1.8092160857782278,1.8156801048370765
05/17/2023 16:16:19.318035,4331,True,True,True,True,Eyes,1.085276,-0.3005345,-3.417238,-0.1739972,-0.1930167,0.9656447,0.0,0.0,0.0,0.0,0.0,0.0,0.0,-0.4889268,1.153678,3.382854,1.091686,-0.2995333,-3.425233,0.1261085,-0.08945528,-0.009313562,0.9879311,14.33002,349.3475,357.5768,0.3021642,-0.08304527,-0.9496307,0,0,0,0.9118709,-0.4883344,-2.570966,-0.02018613,0.0322686,0.8923584,0.983822,-0.04096444,0.1744023,-0.004159817,0.9680198,0.2508392,-0.1791003,-0.2475066,0.9521888,moving,0.29468704862250683,3.2161048693447474,-1.295872639017956,2.070972107104962,-0.1798150999999999,-0.1888011,0.8542670000000001,0.005135136785521632,0.05610141225645318,0.9984119493665154,0.21401848140973617,3.3297105649985816,1.9587901120838087,1.9599002941736214,1.9657552494974542
05/17/2023 16:16:19.328267,4332,True,True,True,True,Eyes,1.085445,-0.3005846,-3.417174,-0.1754139,-0.1939656,0.965198,0.0,0.0,0.0,0.0,0.0,0.0,0.0,-0.4840967,1.15741,3.382188,1.091627,-0.299672,-3.425156,0.1265932,-0.09012549,-0.009190305,0.9878092,14.38541,349.2678,357.5756,0.302111,-0.08309355,-0.9496435,0,0,0,0.9087101,-0.4904802,-2.570609,-0.02192967,0.03133011,0.8936744,0.9835859,-0.04097508,0.1757267,-0.004662008,0.9677795,0.2517564,-0.1803805,-0.2484433,0.9517031,moving,0.28832144203316656,3.2158319433778826,-1.4056858199195186,2.0078321682419107,-0.18291689999999994,-0.19080819999999998,0.8545469999999997,0.005024213003070585,0.05609667986008533,0.9984126347823054,0.20765313459810264,3.329458156112492,2.079475901196218,2.0806066567895507,2.0855593575774583
05/17/2023 16:16:19.347800,4333,True,True,True,True,Eyes,1.085602,-0.3006403,-3.417109,-0.1768194,-0.1949211,0.964749,0.0,0.0,0.0,0.0,0.0,0.0,0.0,-0.4800013,1.161391,3.381141,1.091346,-0.2997078,-3.424979,0.1271396,-0.09066398,-0.009068702,0.9876909,14.44821,349.2032,357.5753,0.3020679,-0.0831384,-0.9496533,0,0,0,0.9053387,-0.4927689,-2.570228,-0.02389805,0.03024365,0.8949772,0.9833956,-0.04096811,0.17679,-0.00513981,0.9675065,0.2527936,-0.181402,-0.2495048,0.9512311,moving,0.2674277904224893,3.2219739812631825,-1.5295720464365299,1.9354396453358522,-0.18600729999999988,-0.19306109999999999,0.8547509999999998,0.004660100627315353,0.056203810032918716,0.9984084252661819,0.18671014800442054,3.335752715585422,2.208934276044364,2.2100631238024215,2.2150623615751366
05/17/2023 16:16:19.367793,4334,True,True,True,True,Eyes,1.085763,-0.3006971,-3.417036,-0.1784447,-0.1959656,0.964238,0.0,0.0,0.0,0.0,0.0,0.0,0.0,-0.4755883,1.165759,3.38017,1.091252,-0.299885,-3.424904,0.1277045,-0.09126125,-0.008891748,0.9875647,14.51361,349.1324,357.5803,0.3020335,-0.08318034,-0.9496607,0,0,0,0.9020094,-0.4950291,-2.569852,-0.0259008,0.02939895,0.8963658,0.9831847,-0.04087129,0.1779817,-0.005746588,0.967225,0.2538559,-0.1825238,-0.2506099,0.9507259,moving,0.23999256211953915,3.22519445348942,-1.655120837371678,1.8785100474221204,-0.18924260000000015,-0.1951441,0.8550520000000001,0.004182013838568949,0.056260046669674574,0.9984073647036217,0.1592446855879852,3.33911482855861,2.323739124549553,2.32486853100901,2.329224887721979
05/17/2023 16:16:19.387759,4335,True,True,True,True,Eyes,1.085914,-0.300759,-3.416961,-0.1800458,-0.1970213,0.9637251,0.0,0.0,0.0,0.0,0.0,0.0,0.0,-0.4711323,1.169348,3.37926,1.090982,-0.2999219,-3.424696,0.1281987,-0.09185801,-0.008799896,0.9874462,14.56996,349.0607,357.5762,0.3020072,-0.0832197,-0.9496656,0,0,0,0.8986238,-0.4973275,-2.56947,-0.02778587,0.02820857,0.8976715,0.9829693,-0.040931,0.1791534,-0.006173304,0.9669753,0.2547953,-0.1836659,-0.2515619,0.9502544,moving,0.2145896571209829,3.218835149328428,-1.7729257691662854,1.7998792703417832,-0.19235819999999992,-0.19740559999999996,0.855226,0.0037393785766925564,0.056149330822842736,0.9984153548585615,0.13388039925071352,3.332773616381134,2.4409548308340314,2.4420592450308454,2.4465638843145965
05/17/2023 16:16:19.398170,4336,True,True,True,True,Eyes,1.086083,-0.3008239,-3.416877,-0.1818331,-0.1981468,0.9631586,0.0,0.0,0.0,0.0,0.0,0.0,0.0,-0.4671706,1.174398,3.377959,1.090908,-0.3000933,-3.424607,0.1288719,-0.09239903,-0.008632821,0.9873095,14.64786,348.9958,357.5794,0.3019879,-0.08325689,-0.9496685,0,0,0,0.8952823,-0.499596,-2.569093,-0.02991639,0.02754779,0.8990667,0.9827758,-0.04086182,0.1802278,-0.006768751,0.966635,0.2560683,-0.1846779,-0.2528777,0.9497089,moving,0.171209765625167,3.229162598197899,-1.9058104165266798,1.7550182159104253,-0.1956257,-0.19950269999999998,0.8555139999999999,0.002983425048539004,0.05632943451032524,0.9984077390237603,0.09041536875421713,3.343388386943284,2.5458869330051765,2.5469814480863042,2.551046292415582
05/17/2023 16:16:19.418261,4337,True,True,True,True,Eyes,1.08624,-0.3008926,-3.416792,-0.1835927,-0.1992684,0.9625933,0.0,0.0,0.0,0.0,0.0,0.0,0.0,-0.4629713,1.1787,3.376757,1.090587,-0.3001733,-3.424425,0.1294369,-0.0929249,-0.008401479,0.9871882,14.71408,348.9341,357.5916,0.3019754,-0.08329222,-0.9496694,0,0,0,0.891874,-0.5019099,-2.568708,-0.03191727,0.02655634,0.9003952,0.9825887,-0.04064349,0.1812938,-0.007468134,0.966351,0.2571185,-0.1856436,-0.2539956,0.9492221,moving,0.12711381841734015,3.227953095289494,-2.030174606325489,1.6893973081984786,-0.19871300000000003,-0.20173660000000004,0.8557169999999998,0.0022150329629343907,0.0563084740456571,0.9984109801661651,0.04631636398545259,3.342329253847685,2.648667995307627,2.6497258834680713,2.6540532712684097
05/17/2023 16:16:19.438164,4338,True,True,True,True,Eyes,1.086407,-0.3009642,-3.416698,-0.1855127,-0.2004804,0.9619733,0.0,0.0,0.0,0.0,0.0,0.0,0.0,-0.4584495,1.182785,3.375799,1.090484,-0.3003252,-3.424299,0.1299462,-0.09351692,-0.008134272,0.9870677,14.77417,348.8654,357.6076,0.3019687,-0.08332599,-0.9496686,0,0,0,0.888625,-0.5041155,-2.568341,-0.03386229,0.02566613,0.9017411,0.9823768,-0.04036248,0.182501,-0.008246174,0.9660957,0.2580526,-0.1867291,-0.2550099,0.9487372,moving,0.08089026894517132,3.215201666408268,-2.1505674852238164,1.6303615317567584,-0.201859,-0.20379030000000004,0.8559579999999998,0.0014095787591590636,0.056086352252287044,0.9984249179267785,0.0001714998927101058,3.3295964647474614,2.735970907665146,2.736991406826685,2.740999368769717
05/17/2023 16:16:19.449833,4339,True,True,True,True,Eyes,1.086562,-0.3010417,-3.416607,-0.1874098,-0.2016907,0.9613525,0.0,0.0,0.0,0.0,0.0,0.0,0.0,-0.4535645,1.186783,3.37481,1.090225,-0.3004192,-3.424131,0.1304472,-0.09413457,-0.007844724,0.9869452,14.83353,348.7942,357.6259,0.3019677,-0.08335844,-0.9496661,0,0,0,0.8852447,-0.5064104,-2.567959,-0.03573915,0.02462372,0.9031035,0.9821543,-0.0400438,0.1837647,-0.009074555,0.965844,0.2589654,-0.187858,-0.2560115,0.9482445,moving,0.03866223052875228,3.2019743386990513,-2.266223647434319,1.5618207381305595,-0.2049803,-0.20599120000000004,0.8561719999999999,0.0006737297913692597,0.055855902874352784,0.9984387137231001,-0.041973400903891935,3.3163670657047364,2.827909090871421,2.828887191793159,2.8329705213423413
05/17/2023 16:16:19.467956,4340,True,True,True,True,Eyes,1.086748,-0.3011279,-3.416505,-0.1894897,-0.2030102,0.9606667,0.0,0.0,0.0,0.0,0.0,0.0,0.0,-0.4481755,1.191448,3.373809,1.0901,-0.300627,-3.424077,0.1310366,-0.09485436,-0.007612434,0.9868001,14.90219,348.7094,357.6347,0.3019713,-0.08338989,-0.9496623,0,0,0,0.8813208,-0.5090742,-2.567516,-0.03804122,0.02354421,0.9048395,0.9818894,-0.03988269,0.1852095,-0.009834892,0.9655429,0.2600581,-0.1891996,-0.2571698,0.9476641,moving,-0.0021078901367486288,3.191737937197691,-2.407408768577528,1.4905179784105933,-0.20877920000000005,-0.20844720000000005,0.8565610000000001,-3.6732555135546296e-05,0.0556775289131264,0.9984488007023032,-0.08268132628522247,3.3061593363872674,2.945168981270183,2.9461197640292154,2.9497307032578934
05/17/2023 16:16:19.484238,4341,True,True,True,True,Eyes,1.086918,-0.3012202,-3.416405,-0.1915603,-0.2043458,0.9599727,0.0,0.0,0.0,0.0,0.0,0.0,0.0,-0.4421831,1.197828,3.37213,1.089737,-0.3008545,-3.423965,0.1318839,-0.09563857,-0.007395782,0.9866132,15.00018,348.6154,357.6373,0.30198,-0.08342067,-0.9496568,0,0,0,0.8786586,-0.5108815,-2.567215,-0.03881902,0.02371633,0.9058791,0.9815971,-0.03981992,0.1867658,-0.01063282,0.9651039,0.2616514,-0.1906673,-0.2588221,0.9469198,moving,-0.034892376155813254,3.210245371021202,-2.4537557838868587,1.4996871920304395,-0.2110784,-0.21002699999999996,0.8567499999999999,-0.0006080312102909741,0.056000034289302114,0.998430651430866,-0.1156064764758361,3.3250134456836538,2.9616380931573705,2.962584930254733,2.966270067951049
05/17/2023 16:16:19.499925,4342,True,True,True,True,Eyes,1.087121,-0.3013135,-3.416295,-0.1938406,-0.205778,0.9592087,0.0,0.0,0.0,0.0,0.0,0.0,0.0,-0.4349062,1.2045,3.370584,1.089519,-0.3010745,-3.423902,0.1327602,-0.09661844,-0.007148015,0.9864019,15.10142,348.4985,357.64,0.3019928,-0.08345101,-0.9496501,0,0,0,0.8752654,-0.5131851,-2.566832,-0.04005986,0.02352206,0.9073619,0.9812276,-0.0397558,0.1887113,-0.01155253,0.9646473,0.2632911,-0.1925072,-0.2605285,0.9460793,moving,-0.0578117755879264,3.226726696921653,-2.5279564144707334,1.4849785767631696,-0.21425359999999993,-0.21211059999999993,0.8570700000000002,-0.001007406047157905,0.05628721450115484,0.9984141566828904,-0.1386494780765144,3.3417800096760306,3.0215148511013017,3.0224660545781292,3.025970785974111
05/17/2023 16:16:19.520437,4343,True,True,True,True,Eyes,1.087307,-0.301413,-3.416183,-0.1961268,-0.2072215,0.9584329,0.0,0.0,0.0,0.0,0.0,0.0,0.0,-0.425772,1.212204,3.368772,1.089191,-0.3011201,-3.423789,0.1338049,-0.09784742,-0.006878551,0.9861414,15.22172,348.3515,357.6389,0.3020104,-0.083481,-0.9496419,0,0,0,0.8719217,-0.515455,-2.566454,-0.04069576,0.02350737,0.9088231,0.9807572,-0.03975137,0.191142,-0.01261848,0.9640979,0.2652472,-0.1948236,-0.262555,0.9450443,moving,-0.05271913206893279,3.262733389309654,-2.5639078981029106,1.4816666083729753,-0.2172693,-0.2143349,0.8573350000000004,-0.0009186308732586634,0.056914646999701946,0.9983786729578705,-0.1338122526288343,3.378203433156614,3.0777000038136118,3.0786795703371594,3.082566588723182
05/17/2023 16:16:19.558296,4344,True,True,True,True,Eyes,1.087537,-0.3015192,-3.416061,-0.1986512,-0.2087472,0.9575815,0.0,0.0,0.0,0.0,0.0,0.0,0.0,-0.416381,1.218941,3.367318,1.088975,-0.3013486,-3.423645,0.134685,-0.09913133,-0.006636737,0.985895,15.32267,348.1984,357.6356,0.3020317,-0.08351085,-0.9496325,0,0,0,0.8685778,-0.5177251,-2.566077,-0.04134452,0.02336702,0.9102539,0.9802579,-0.03978924,0.1936784,-0.01361674,0.9636318,0.2668863,-0.1972539,-0.2642546,0.9440659,moving,-0.055130594275707615,3.2742293966699947,-2.6006364614512454,1.4705102037508706,-0.22039720000000007,-0.21637650000000003,0.8575680000000001,-0.0009606395468194362,0.05711495936657185,0.9983671571620062,-0.1363063328917425,3.3898476001159854,3.1187859750099216,3.1197761212513155,3.1235843231153075
05/17/2023 16:16:19.578161,4345,True,True,True,True,Eyes,1.087784,-0.3016396,-3.41593,-0.2013018,-0.2104278,0.9566597,0.0,0.0,0.0,0.0,0.0,0.0,0.0,-0.4067894,1.226743,3.36553,1.088677,-0.3015405,-3.423599,0.135725,-0.1004323,-0.006388775,0.9856223,15.44207,348.0423,357.6302,0.3020575,-0.08354076,-0.9496217,0,0,0,0.8650549,-0.5201168,-2.565679,-0.04202096,0.02340947,0.9118636,0.9797451,-0.03985617,0.1962423,-0.0146685,0.9630758,0.2688304,-0.1997108,-0.2662638,0.9429842,moving,-0.06315365184843633,3.294841874583711,-2.6384664909155906,1.4705810072612726,-0.22362209999999993,-0.21857630000000006,0.85792,-0.0011004169622116922,0.057474116525670235,0.9983464179894033,-0.1444785056969126,3.4107395727616274,3.1549680935975903,3.155972739284695,3.1597771012683022
05/17/2023 16:16:19.588382,4346,True,True,True,True,Eyes,1.088036,-0.3017716,-3.415794,-0.2040774,-0.2121995,0.9556798,0.0,0.0,0.0,0.0,0.0,0.0,0.0,-0.3952393,1.23981,3.361863,1.088331,-0.3018849,-3.423429,0.1374248,-0.101923,-0.005654046,0.9852381,15.64284,347.8674,357.6697,0.3020881,-0.08357111,-0.9496093,0,0,0,0.8616809,-0.5224073,-2.565298,-0.04228136,0.02500954,0.9132233,0.9791595,-0.03915466,0.1992828,-0.01687234,0.9621649,0.2719449,-0.2023908,-0.2696398,0.9414523,moving,-0.0611346624397278,3.3918623096627143,-2.6508464186261524,1.5687105427131263,-0.22665009999999997,-0.2205224,0.8581310000000002,-0.0010651318675306415,0.059164562678089117,0.9982477213278603,-0.14315084374518378,3.5089266881446295,3.1659880319352802,3.167094779993422,3.1706428034817598
05/17/2023 16:16:19.598324,4347,True,True,True,True,Eyes,1.08826,-0.3019066,-3.415662,-0.2068425,-0.2140574,0.9546704,0.0,0.0,0.0,0.0,0.0,0.0,0.0,-0.3856066,1.251319,3.358564,1.088125,-0.3022884,-3.42331,0.1389702,-0.1032331,-0.005286518,0.9848871,15.82192,347.7088,357.6705,0.3021228,-0.0836022,-0.9495956,0,0,0,0.8541988,-0.5274867,-2.564453,-0.04673719,0.02382943,0.9166886,0.9786299,-0.0391059,0.2018766,-0.01827941,0.9613187,0.2748314,-0.2048153,-0.2726484,0.9400604,moving,-0.07610469466899476,3.4614495142979482,-2.918686932719563,1.4890753020254255,-0.23392619999999997,-0.22519829999999996,0.858857,-0.0013258538422504795,0.060376893645452887,0.998174752116324,-0.15862107535934064,3.5794121229575255,3.458652427126322,3.459845923349511,3.4622928186261395
05/17/2023 16:16:19.608087,4348,True,True,True,True,Eyes,1.088466,-0.3020436,-3.41553,-0.2095967,-0.2159861,0.9536347,0.0,0.0,0.0,0.0,0.0,0.0,0.0,-0.37596,1.265624,3.354131,1.087726,-0.3024532,-3.423262,0.1410081,-0.1045685,-0.005100998,0.9844573,16.05536,347.5411,357.6423,0.3021608,-0.08363403,-0.9495807,0,0,0,0.8507295,-0.529842,-2.564061,-0.04714964,0.0257331,0.9182664,0.9780788,-0.03953342,0.2044478,-0.01944656,0.9601814,0.2786996,-0.2073249,-0.276566,0.9383644,moving,-0.08581534741136343,3.5814778694203735,-2.939348565221555,1.6052120030851118,-0.23699649999999994,-0.22738880000000006,0.8592009999999997,-0.0014948345798939666,0.06246780948681345,0.9980458162507808,-0.16919023493821608,3.7009295152338018,3.469746020023171,3.4710630359571475,3.473587348198527
05/17/2023 16:16:19.620155,4349,True,True,True,True,Eyes,1.088654,-0.3021857,-3.415396,-0.2123547,-0.2179101,0.9525863,0.0,0.0,0.0,0.0,0.0,0.0,0.0,-0.366539,1.278873,3.349952,1.08751,-0.3026007,-3.423127,0.1428941,-0.1058943,-0.004908389,0.9840447,16.27147,347.3751,357.6164,0.3022011,-0.08366662,-0.9495651,0,0,0,0.8484992,-0.5313561,-2.563809,-0.04662199,0.02807958,0.9191956,0.9775246,-0.03992346,0.2070066,-0.02060317,0.9591144,0.2822678,-0.2098121,-0.2801887,0.9367353,moving,-0.09706256159322739,3.6843078887983163,-2.9035780229944113,1.749726889898911,-0.23901079999999997,-0.2287554,0.859318,-0.0016905592796702812,0.06425890552590917,0.9979318234788005,-0.18117372000759369,3.8050461706825356,3.407251366838773,3.4086848895705395,3.411132148551571
05/17/2023 16:16:19.638019,4350,True,True,True,True,Eyes,1.088816,-0.3023328,-3.415264,-0.2151082,-0.2198287,0.9515271,0.0,0.0,0.0,0.0,0.0,0.0,0.0,-0.3566038,1.287715,3.34742,1.087258,-0.3028338,-3.422974,0.1440824,-0.1072433,-0.004599282,0.9837266,16.4088,347.2125,357.613,0.3022431,-0.08370002,-0.9495487,0,0,0,0.8460081,-0.5330472,-2.563528,-0.04629189,0.02910686,0.920249,0.9769555,-0.0399526,0.2096708,-0.02185485,0.9584383,0.2844618,-0.2123215,-0.2824888,0.9354783,moving,-0.10684746360360962,3.708606528083933,-2.8797598369298516,1.811623197550428,-0.24124990000000002,-0.23021340000000007,0.8594460000000002,-0.0018609338517148744,0.06468209522970865,0.9979041940823948,-0.19113449041110975,3.82967551107699,3.3582313441948894,3.359700698941464,3.3617319039555986
05/17/2023 16:16:19.647965,4351,True,True,True,True,Eyes,1.088957,-0.302482,-3.415138,-0.2178779,-0.2217708,0.9504457,0.0,0.0,0.0,0.0,0.0,0.0,0.0,-0.3456618,1.294821,3.345631,1.086799,-0.3030832,-3.422908,0.1449868,-0.1086786,-0.004214119,0.9834378,16.51433,347.0424,357.6207,0.3022859,-0.08373433,-0.949532,0,0,0,0.8441016,-0.5343415,-2.563313,-0.04505615,0.03002842,0.921062,0.9763424,-0.03980259,0.2125354,-0.0232253,0.9579221,0.286087,-0.2149794,-0.2842551,0.9343355,moving,-0.10869283339269727,3.6999474370553633,-2.8005400803097067,1.8672929220730379,-0.24269740000000006,-0.23125830000000003,0.8595950000000001,-0.001893092725812881,0.06453128022227334,0.997913937051861,-0.19291860026842664,3.8209185247591373,3.2550133421577656,3.2564803349659255,3.2582729748508337
05/17/2023 16:16:19.667867,4352,True,True,True,True,Eyes,1.089067,-0.3026305,-3.415012,-0.2206636,-0.2236814,0.9493546,0.0,0.0,0.0,0.0,0.0,0.0,0.0,-0.3328653,1.304466,3.343124,1.086492,-0.3032611,-3.422933,0.1462579,-0.1103914,-0.003765426,0.9830607,16.66225,346.838,357.6253,0.3023289,-0.08376952,-0.9495152,0,0,0,0.8417138,-0.5359625,-2.563043,-0.04388264,0.03133839,0.9222636,0.9755991,-0.03969453,0.2159415,-0.02488796,0.9571888,0.2883921,-0.2181444,-0.2867294,0.9328447,moving,-0.08011613081642441,3.736782099170785,-2.724161717935038,1.9461538906026974,-0.24477820000000006,-0.2327014,0.85989,-0.001395316996458687,0.06517286045483356,0.997872988392157,-0.16459699830256333,3.8580920607889007,3.191777797895008,3.193325296314357,3.1948206711179012
05/17/2023 16:16:19.684349,4353,True,True,True,True,Eyes,1.089163,-0.3027819,-3.41489,-0.2234612,-0.2255911,0.9482477,0.0,0.0,0.0,0.0,0.0,0.0,0.0,-0.3193155,1.311793,3.341304,1.08606,-0.3033797,-3.422793,0.14719,-0.1121811,-0.003286667,0.9827206,16.77152,346.6269,357.6366,0.3023712,-0.08380547,-0.9494985,0,0,0,0.8385167,-0.538133,-2.562682,-0.04322851,0.03145804,0.9237529,0.9748092,-0.03948362,0.2195178,-0.02656411,0.9566486,0.2900307,-0.2214529,-0.2885559,0.931501,moving,-0.0440750999527301,3.735211815459647,-2.6792939331911003,1.9504313824012804,-0.24754330000000002,-0.2347533,0.8601109999999998,-0.0007676214441837831,0.06514555643242763,0.9978754531976263,-0.12853522098844058,3.856367905335264,3.181161341302676,3.182737735548157,3.184173996083043
05/17/2023 16:16:19.698017,4354,True,True,True,True,Eyes,1.089243,-0.3029348,-3.414768,-0.2262844,-0.227465,0.9471299,0.0,0.0,0.0,0.0,0.0,0.0,0.0,-0.3067213,1.319276,3.339467,1.085824,-0.3035859,-3.422781,0.1481363,-0.1138623,-0.002825065,0.9823865,16.88255,346.4282,357.6471,0.3024127,-0.08384222,-0.9494821,0,0,0,0.8351283,-0.5404333,-2.562299,-0.04310596,0.03161737,0.925482,0.9740548,-0.03928487,0.2228765,-0.02818365,0.9560953,0.2916975,-0.2245505,-0.2904108,0.930182,moving,-0.022073491463399743,3.7368846180299657,-2.666724925695618,1.9566426912048869,-0.25069569999999985,-0.23684739999999999,0.8604820000000002,-0.00038443599162199527,0.06517470632130093,0.9978737962524471,-0.10653971238109805,3.857978623089583,3.1864048029841383,3.1880154526934774,3.1889852072955995
05/17/2023 16:16:19.717976,4355,True,True,True,True,Eyes,1.089295,-0.3030779,-3.414646,-0.2291126,-0.2292896,0.9460093,0.0,0.0,0.0,0.0,0.0,0.0,0.0,-0.2944508,1.325338,3.338022,1.085466,-0.3036872,-3.422741,0.1489029,-0.1154898,-0.002429809,0.9820815,16.97224,346.2358,357.6531,0.3024528,-0.08387972,-0.949466,0,0,0,0.8318758,-0.5426413,-2.561932,-0.04281963,0.0314001,0.9271352,0.9733124,-0.03916608,0.2261173,-0.029621,0.9556441,0.2930308,-0.2275645,-0.2919084,0.9289801,moving,-0.006246571397393919,3.719801565197426,-2.6443197463611123,1.9397449327791914,-0.2535902,-0.2389541,0.8608089999999997,-0.00010879354814792574,0.064877182901167,0.9978932002655306,-0.09058677823193584,3.840629589757924,3.180859485873507,3.1824568639777824,3.183538055630403
05/17/2023 16:16:19.728283,4356,True,True,True,True,Eyes,1.089323,-0.3032144,-3.414526,-0.2319372,-0.2310394,0.9448947,0.0,0.0,0.0,0.0,0.0,0.0,0.0,-0.2813853,1.328181,3.337711,1.08489,-0.3035968,-3.422631,0.1491681,-0.1171295,-0.001786425,0.9818486,17.00783,346.0495,357.6955,0.3024912,-0.08391766,-0.9494504,0,0,0,0.828553,-0.5448971,-2.561557,-0.04242966,0.03008482,0.9288043,0.972555,-0.03845196,0.2294738,-0.03143597,0.9554914,0.2933395,-0.2305398,-0.2925025,0.9280591,moving,0.008086939232237788,3.6527784736993025,-2.6155687353910833,1.85521402316992,-0.2563369999999999,-0.24130030000000002,0.8610739999999999,0.00014085698160144766,0.0637098345851733,0.9979684866370934,-0.07577152180104915,3.772741683350157,3.1788838979011156,3.1803784449008825,3.1823705336927683
05/17/2023 16:16:19.748031,4357,True,True,True,True,Eyes,1.089337,-0.3033511,-3.414406,-0.234761,-0.232739,0.9437796,0.0,0.0,0.0,0.0,0.0,0.0,0.0,-0.2687487,1.331362,3.337206,1.08446,-0.3036474,-3.422491,0.1494972,-0.1187653,-0.001292073,0.9816027,17.04884,345.8606,357.7193,0.3025273,-0.08395582,-0.9494355,0,0,0,0.8251584,-0.5472017,-2.561173,-0.04222721,0.02893887,0.9304854,0.9717863,-0.03804677,0.2327743,-0.03297356,0.9552978,0.2938006,-0.233547,-0.2931868,0.9270908,moving,0.023256567371043587,3.594162205557972,-2.5984093916365496,1.7813722035600894,-0.2593016,-0.2435543,0.8613179999999998,0.00040510531967530294,0.0626888295962038,0.9980330902087856,-0.06017987623516215,3.7133592190534426,3.185952796346173,3.1873719569517904,3.1898562508190986
05/17/2023 16:16:19.768152,4358,True,True,True,True,Eyes,1.089328,-0.3034839,-3.414288,-0.2375373,-0.2343769,0.9426789,0.0,0.0,0.0,0.0,0.0,0.0,0.0,-0.2571945,1.33384,3.336982,1.084192,-0.3037868,-3.422422,0.1497341,-0.1202934,-0.0009234022,0.9813809,17.07781,345.683,357.7315,0.302561,-0.08399419,-0.9494214,0,0,0,0.821785,-0.5494918,-2.560792,-0.042317,0.02770813,0.9322425,0.9710573,-0.03783645,0.2358307,-0.03421161,0.9551578,0.2941144,-0.2363838,-0.2936701,0.9262185,moving,0.02975383179455411,3.5267863682967966,-2.5990257619148815,1.702445096060139,-0.26240700000000006,-0.24570499999999995,0.8616299999999999,0.000518318827624209,0.0615151631696306,0.9981060187655,-0.05320042665658705,3.645143621085458,3.198457374619456,3.1997973732549396,3.2023903879412576
05/17/2023 16:16:19.784718,4359,True,True,True,True,Eyes,1.08931,-0.303618,-3.414172,-0.2403045,-0.2359921,0.9415739,0.0,0.0,0.0,0.0,0.0,0.0,0.0,-0.2456657,1.336942,3.336371,1.083812,-0.3038245,-3.422306,0.1501151,-0.1218449,-0.0007182861,0.9811315,17.12098,345.4986,357.7217,0.3025919,-0.08403267,-0.9494082,0,0,0,0.8184297,-0.5517696,-2.560413,-0.04219694,0.02659842,0.9339573,0.9703066,-0.03799096,0.238876,-0.03517203,0.9549299,0.2947403,-0.2393073,-0.2943902,0.9252385,moving,0.04109677556974875,3.4751628107650885,-2.5869100120931336,1.6313009078377976,-0.26538229999999996,-0.24794509999999997,0.8618929999999998,0.0007159550149712784,0.06061583406910509,0.99816087942395,-0.0414863449985559,3.592852819536317,3.2090613126920147,3.2103343117296728,3.2135443901233613
05/17/2023 16:16:19.797967,4360,True,True,True,True,Eyes,1.089254,-0.3037508,-3.414055,-0.2429903,-0.2375511,0.940492,0.0,0.0,0.0,0.0,0.0,0.0,0.0,-0.2346354,1.341382,3.335275,1.08359,-0.3039858,-3.422257,0.1506144,-0.1232698,-0.0001700784,0.9808772,17.18312,345.3344,357.7525,0.3026202,-0.08407126,-0.9493958,0,0,0,0.8150804,-0.5540434,-2.560035,-0.04251771,0.02596396,0.93572,0.969609,-0.03746608,0.2417738,-0.03679878,0.9546306,0.2955105,-0.2418763,-0.2954266,0.9242397,moving,0.039078229604132146,3.445168402335213,-2.601644563786147,1.5894110584944234,-0.2685096,-0.2500576,0.862222,0.0006808111108310283,0.06009329126090955,0.9981925394987496,-0.04329153264503735,3.5625029431392425,3.2263401056933505,3.227576829565794,3.2308298960484048
05/17/2023 16:16:19.817886,4361,True,True,True,True,Eyes,1.089193,-0.3038823,-3.413946,-0.2456662,-0.2390978,0.9394043,0.0,0.0,0.0,0.0,0.0,0.0,0.0,-0.2246221,1.343525,3.334727,1.083145,-0.3041049,-3.422022,0.1507998,-0.1245273,0.0003309173,0.9806898,17.20899,345.1916,357.7856,0.302645,-0.08410996,-0.9493845,0,0,0,0.811542,-0.5564456,-2.559635,-0.04314627,0.02451497,0.9373861,0.9689857,-0.03690831,0.244345,-0.03820642,0.9545187,0.2956931,-0.2441455,-0.295858,0.9235048,moving,0.018163534889485963,3.3788658915558387,-2.635366142101151,1.4980851752135385,-0.27160300000000004,-0.2523407,0.862387,0.0003164624099075697,0.058938158395962476,0.9982616250173126,-0.0637389586436115,3.4954762384853444,3.2513288205367905,3.2524691927265184,3.2561998449628113
05/17/2023 16:16:19.828010,4362,True,True,True,True,Eyes,1.089104,-0.3040102,-3.413835,-0.248231,-0.2406117,0.9383429,0.0,0.0,0.0,0.0,0.0,0.0,0.0,-0.2148252,1.348495,3.333406,1.082967,-0.3041958,-3.42211,0.1514502,-0.1258552,0.0005607372,0.9804198,17.28415,345.0323,357.7779,0.3026666,-0.08414871,-0.9493741,0,0,0,0.8084272,-0.5585601,-2.559283,-0.04334898,0.02418382,0.9391904,0.9683203,-0.03702208,0.2469517,-0.03922112,0.954125,0.2968284,-0.246612,-0.2971107,0.9224466,moving,0.015278987920601846,3.364569762163577,-2.6426506560575223,1.4750200762584738,-0.2745398,-0.2543643,0.8628269999999998,0.00026620899087904937,0.058689074850990106,0.9982762839736341,-0.06652232271653823,3.481017877530015,3.260012940111737,3.2611329331754866,3.2650366565397784
05/17/2023 16:16:19.848136,4363,True,True,True,True,Eyes,1.08901,-0.3041371,-3.413726,-0.2507677,-0.242083,0.9372894,0.0,0.0,0.0,0.0,0.0,0.0,0.0,-0.2064314,1.352282,3.332044,1.082642,-0.3042442,-3.421859,0.1519469,-0.126965,0.0008158333,0.9801998,17.34254,344.9005,357.7795,0.3026845,-0.08418743,-0.949365,0,0,0,0.8050323,-0.5608648,-2.5589,-0.0441615,0.02326094,0.940812,0.9677584,-0.03698451,0.2491501,-0.04018323,0.953823,0.2976694,-0.2486542,-0.2980837,0.921584,moving,-0.011685000344774592,3.3350475644155844,-2.6874781268592334,1.4163108270025517,-0.27760970000000007,-0.25662060000000003,0.862959,-0.0002035963395414786,0.05817469713090591,0.9983064162705296,-0.09328292901379859,3.4512392735787065,3.291569228436294,3.2926310943378447,3.297086972951905
05/17/2023 16:16:19.868094,4364,True,True,True,True,Eyes,1.088878,-0.304263,-3.413625,-0.2532278,-0.2435402,0.9362499,0.0,0.0,0.0,0.0,0.0,0.0,0.0,-0.1987109,1.35434,3.33158,1.082449,-0.3043411,-3.421817,0.1521746,-0.1279891,0.001042911,0.9800311,17.36985,344.7803,357.7837,0.3026991,-0.08422609,-0.9493569,0,0,0,0.8016385,-0.5631688,-2.558517,-0.04521012,0.02194008,0.9426596,0.9672354,-0.03690922,0.251184,-0.04099755,0.9536836,0.2980047,-0.2505492,-0.2985387,0.9209234,moving,-0.04425354351322707,3.2749888526886286,-2.745811653997435,1.3332989662420753,-0.28081049999999996,-0.25882770000000005,0.8632999999999997,-0.0007711085765815251,0.057128202131487824,0.9983665643798757,-0.12543181615278723,3.3905755455496958,3.325962066320643,3.3269469246520647,3.3314827657291586
05/17/2023 16:16:19.884825,4365,True,True,True,True,Eyes,1.088745,-0.3043914,-3.413527,-0.2556446,-0.2449677,0.9352201,0.0,0.0,0.0,0.0,0.0,0.0,0.0,-0.1918147,1.358076,3.330274,1.082172,-0.3044654,-3.421709,0.1526417,-0.1288721,0.001363961,0.9798421,17.42644,344.6769,357.7974,0.3027096,-0.08426467,-0.9493501,0,0,0,0.7982817,-0.5654477,-2.558138,-0.04643631,0.02112401,0.9443821,0.9667802,-0.03666959,0.252965,-0.04201545,0.9533973,0.298778,-0.2521322,-0.2994812,0.920185,moving,-0.0913211494487608,3.2454065300121577,-2.815029442862029,1.2813826385250444,-0.28389029999999993,-0.2609823,0.8635709999999999,-0.0015912978399015565,0.056612672648307855,0.9983949339130584,-0.1723009375547828,3.3608113173351764,3.3570432778032786,3.357972113335726,3.362742568651594
05/17/2023 16:16:19.898146,4366,True,True,True,True,Eyes,1.08859,-0.3045146,-3.41343,-0.2579448,-0.2463842,0.9342159,0.0,0.0,0.0,0.0,0.0,0.0,0.0,-0.1855959,1.361054,3.329363,1.082051,-0.3046509,-3.421685,0.1529781,-0.1296659,0.00171866,0.9796844,17.46879,344.5858,357.8188,0.3027164,-0.08430326,-0.9493445,0,0,0,0.7949578,-0.5677043,-2.557762,-0.04794262,0.02018419,0.94619,0.9663676,-0.0363046,0.2545891,-0.04303958,0.9531895,0.2992949,-0.2535375,-0.3001863,0.9195688,moving,-0.14251033508808275,3.2020449862064644,-2.9006464138248926,1.2220521543832126,-0.28709320000000005,-0.26305340000000005,0.8639230000000002,-0.0024833888757818112,0.05585696997007811,0.9984357131808453,-0.22319446962448602,3.3171165215681473,3.394371778803709,3.3952446514060113,3.3997122843191523
05/17/2023 16:16:19.918246,4367,True,True,True,True,Eyes,1.088436,-0.3046334,-3.413333,-0.2601856,-0.2477727,0.9332267,0.0,0.0,0.0,0.0,0.0,0.0,0.0,-0.1810756,1.365261,3.327633,1.081807,-0.3046558,-3.421512,0.1535432,-0.1302159,0.002060337,0.9795224,17.53778,344.5219,357.8392,0.3027193,-0.08434172,-0.9493402,0,0,0,0.7914723,-0.5700704,-2.557369,-0.04995546,0.01935264,0.9479519,0.9660792,-0.03595122,0.2557314,-0.0440238,0.9528405,0.3002613,-0.254466,-0.3013345,0.9189367,moving,-0.2178731859170676,3.1860764681155263,-3.016600150276845,1.1695430826187114,-0.29033469999999995,-0.2654146,0.8641429999999999,-0.0037967175638921047,0.05557846827654911,0.9984470690553968,-0.29846341376927354,3.3012367470853783,3.4487108406099916,3.4495332315920284,3.4543284727251056
05/17/2023 16:16:19.927841,4368,True,True,True,True,Eyes,1.088272,-0.3047491,-3.413238,-0.262383,-0.2491355,0.9322482,0.0,0.0,0.0,0.0,0.0,0.0,0.0,-0.1771096,1.367978,3.326606,1.081692,-0.3046675,-3.421426,0.1538896,-0.1307078,0.002349006,0.9794019,17.58098,344.4656,357.8582,0.3027187,-0.08437993,-0.9493369,0,0,0,0.7882525,-0.5722563,-2.557005,-0.05193236,0.01828301,0.9496855,0.96582,-0.03562788,0.2567538,-0.04483036,0.952625,0.3008254,-0.2553079,-0.3020535,0.918467,moving,-0.2972536118467772,3.145670576712316,-3.1300303753572054,1.1029018801444814,-0.2934395000000001,-0.26758880000000007,0.8644209999999997,-0.005180214204208694,0.05487399612102491,0.9984798707950993,-0.3775767320818956,3.2606388683814798,3.4917338821186377,3.492495975597118,3.49740331800403
05/17/2023 16:16:19.947762,4369,True,True,True,True,Eyes,1.088112,-0.3048703,-3.413144,-0.2645065,-0.2504777,0.9312879,0.0,0.0,0.0,0.0,0.0,0.0,0.0,-0.1734478,1.369936,3.325821,1.081522,-0.3047177,-3.421308,0.1541364,-0.1311699,0.002542552,0.9793008,17.61135,344.4119,357.8681,0.3027147,-0.08441786,-0.9493349,0,0,0,0.7849051,-0.5745288,-2.556627,-0.05401744,0.01694727,0.9514455,0.965576,-0.03545624,0.2576933,-0.04541593,0.9524711,0.3012247,-0.2561257,-0.3025587,0.9180729,moving,-0.37488651165609405,3.093652666227489,-3.249426701176639,1.0204519057754307,-0.29661690000000007,-0.26981109999999997,0.8646809999999996,-0.006533422063540101,0.05396703887149819,0.9985213029963514,-0.45485925482809153,3.20828189137979,3.5434626463562875,3.544170240593389,3.5491135876582782
05/17/2023 16:16:19.967881,4370,True,True,True,True,Eyes,1.087938,-0.3049861,-3.413055,-0.2664739,-0.2518062,0.9303683,0.0,0.0,0.0,0.0,0.0,0.0,0.0,-0.171263,1.373265,3.324501,1.08145,-0.3049645,-3.421251,0.1545486,-0.1314192,0.002821669,0.9792016,17.66254,344.384,357.8892,0.3027077,-0.08445565,-0.9493337,0,0,0,0.781545,-0.5768099,-2.556248,-0.05661893,0.01615265,0.9532087,0.9654421,-0.03509536,0.258244,-0.04614729,0.9522135,0.3019269,-0.2564997,-0.3034102,0.9176874,moving,-0.46854627499898416,3.062697570118664,-3.399275149891778,0.9708158390881283,-0.299905,-0.27184539999999996,0.8650029999999997,-0.00816590400604933,0.05342691932535179,0.9985383105758668,-0.5483230882384034,3.1773026243827753,3.6000378527193435,3.6007139451433368,3.6050674877906976
05/17/2023 16:16:19.984971,4371,True,True,True,True,Eyes,1.087768,-0.3051035,-3.412967,-0.2683682,-0.2531161,0.929468,0.0,0.0,0.0,0.0,0.0,0.0,0.0,-0.1693133,1.376494,3.323136,1.081305,-0.3049586,-3.421172,0.1550016,-0.1316479,0.003006811,0.9790987,17.71699,344.3566,357.8989,0.3026976,-0.0844932,-0.9493336,0,0,0,0.7781968,-0.5790829,-2.55587,-0.05914782,0.0151622,0.9550071,0.9653196,-0.03492333,0.2587247,-0.0466992,0.9519309,0.3027321,-0.2568604,-0.3043154,0.9172866,moving,-0.5591458412997115,3.0361382469816545,-3.544054533439737,0.9095818106919488,-0.30310819999999994,-0.27412429999999993,0.8653019999999998,-0.009745084252577918,0.05296329810563856,0.9985489153071738,-0.6387572605410399,3.1507608809149734,3.66430479114835,3.664958686962003,3.6692827458126396
05/17/2023 16:16:19.998222,4372,True,True,True,True,Eyes,1.087591,-0.3052158,-3.412881,-0.2703381,-0.2544334,0.928537,0.0,0.0,0.0,0.0,0.0,0.0,0.0,-0.1681623,1.37973,3.321785,1.081237,-0.3051065,-3.421114,0.155434,-0.1317719,0.003197616,0.9790129,17.76938,344.342,357.9116,0.3026849,-0.08453055,-0.9493343,0,0,0,0.7748659,-0.5813442,-2.555493,-0.06193762,0.01430064,0.9567807,0.9652519,-0.03470264,0.2590068,-0.04722467,0.9516602,0.303501,-0.2570187,-0.3051864,0.916953,moving,-0.6665629165486588,3.0064293951436194,-3.7038993413998744,0.8563146273938449,-0.3063711,-0.2762377,0.8656210000000004,-0.01161744568644163,0.052444476895438616,0.9985562655729804,-0.7459909377695625,3.121094421730059,3.720708083726349,3.7213446591552937,3.7253791271628187
05/17/2023 16:16:20.018182,4373,True,True,True,True,Eyes,1.087421,-0.3053301,-3.412798,-0.272236,-0.2557168,0.9276295,0.0,0.0,0.0,0.0,0.0,0.0,0.0,-0.1671053,1.38226,3.320639,1.08108,-0.3050958,-3.421021,0.155787,-0.1318704,0.003380007,0.9789429,17.8126,344.3309,357.9251,0.3026696,-0.08456758,-0.9493359,0,0,0,0.7714751,-0.5836461,-2.55511,-0.06474906,0.0130887,0.958584,0.9651975,-0.03446973,0.2592404,-0.04770506,0.951438,0.3041217,-0.2571341,-0.3059046,0.9166812,moving,-0.7727250635061954,2.969555597771865,-3.8642634888897724,0.7822795599908655,-0.30960490000000007,-0.2785503,0.8659110000000001,-0.013468081876035237,0.05180062362780549,0.998566631192351,-0.8519182602913176,3.0841716039096396,3.786421859579958,3.787055096123387,3.791164828666307
05/17/2023 16:16:20.038556,4374,True,True,True,True,Eyes,1.087259,-0.3054438,-3.412713,-0.2743429,-0.2570468,0.9266407,0.0,0.0,0.0,0.0,0.0,0.0,0.0,-0.1659191,1.384172,3.3199,1.081072,-0.3052531,-3.421009,0.1560198,-0.1320055,0.003548007,0.978887,17.8417,344.316,357.9384,0.3026521,-0.08460438,-0.9493382,0,0,0,0.7681264,-0.5859195,-2.554732,-0.06758294,0.01186305,0.9604347,0.9651239,-0.03424476,0.2595441,-0.04813715,0.9512905,0.3045148,-0.2573299,-0.3063882,0.9164647,moving,-0.887452174151858,2.915424692293506,-4.025099291177241,0.7076671988911429,-0.31294560000000005,-0.28066640000000004,0.8662770000000002,-0.015468301878421076,0.050855721775818444,0.9985862497885691,-0.9662897535242005,3.029814866076741,3.8359012251548035,3.8365378377714436,3.840401746673481
05/17/2023 16:16:20.048101,4375,True,True,True,True,Eyes,1.087103,-0.3055607,-3.412628,-0.2763624,-0.2583727,0.9256714,0.0,0.0,0.0,0.0,0.0,0.0,0.0,-0.1654431,1.388565,3.317966,1.080968,-0.3053375,-3.420915,0.156646,-0.1320419,0.003709601,0.9787816,17.9161,344.31,357.9459,0.3026328,-0.08464094,-0.9493411,0,0,0,0.7647464,-0.5882141,-2.554351,-0.07054135,0.01126954,0.9622087,0.9651023,-0.0341059,0.2596426,-0.04862945,0.9508966,0.3056648,-0.2573182,-0.3076241,0.916054,moving,-1.0075955599084856,2.906518189545615,-4.192961434577504,0.6710265216504311,-0.3162215999999999,-0.2828766,0.8665639999999999,-0.01756234071671328,0.05069874175058656,0.9985596480884189,-1.0864014565486184,3.021250148436167,3.890865703138406,3.891526532446453,3.895416023095958
05/17/2023 16:16:20.067950,4376,True,True,True,True,Eyes,1.08695,-0.3056801,-3.412543,-0.2784978,-0.2597231,0.9246529,0.0,0.0,0.0,0.0,0.0,0.0,0.0,-0.1651379,1.393063,3.315996,1.080938,-0.3055177,-3.420813,0.1572706,-0.1320588,0.003896689,0.9786784,17.99077,344.3068,357.9568,0.3026122,-0.08467738,-0.9493445,0,0,0,0.7611665,-0.5906444,-2.553946,-0.07380433,0.01066747,0.9640788,0.9650906,-0.03391071,0.2597118,-0.04916513,0.9505016,0.3068054,-0.2572605,-0.3088638,0.9156528,moving,-1.1374110290371782,2.8960244400689095,-4.377696875578539,0.6339482490749141,-0.3197715,-0.28512669999999996,0.866867,-0.019824923052067178,0.05051371513129628,0.9985266324773083,-1.2161764866233762,3.0111151669004665,3.9510650603844177,3.951764297267508,3.9555194001525815
05/17/2023 16:16:20.088170,4377,True,True,True,True,Eyes,1.086803,-0.3058054,-3.412457,-0.2805492,-0.2611063,0.9236426,0.0,0.0,0.0,0.0,0.0,0.0,0.0,-0.1647941,1.397341,3.314106,1.080888,-0.3056829,-3.42071,0.1578713,-0.132087,0.004043776,0.9785773,18.06205,344.3017,357.9631,0.3025903,-0.08471376,-0.9493482,0,0,0,0.7580628,-0.5927514,-2.553596,-0.07658075,0.01026222,0.9656819,0.9650733,-0.03379121,0.2597916,-0.04961981,0.9501206,0.3079103,-0.2572379,-0.3100468,0.9152593,moving,-1.2606560273182197,2.8802936291798056,-4.534195315743426,0.6088544913956254,-0.32282520000000003,-0.28706850000000006,0.8671139999999999,-0.021973042993746777,0.05023730460859274,0.9984955706773809,-1.339341959084635,2.9956551530507585,3.983674584333331,3.9844065090702205,3.9879700812608063
05/17/2023 16:16:20.098185,4378,True,True,True,True,Eyes,1.086646,-0.3059379,-3.412376,-0.2826043,-0.2625633,0.9226025,0.0,0.0,0.0,0.0,0.0,0.0,0.0,-0.1642512,1.405183,3.310736,1.080891,-0.3059288,-3.42061,0.1589986,-0.1321661,0.004189837,0.9783834,18.19372,344.2866,357.9593,0.3025675,-0.08475028,-0.9493523,0,0,0,0.7547557,-0.5949966,-2.553222,-0.07947277,0.0108428,0.9673952,0.9650291,-0.03382992,0.2599505,-0.05022699,0.9494038,0.3100157,-0.2572859,-0.3122307,0.9145031,moving,-1.377468439941599,2.9205803011153506,-4.69637649907734,0.6421581019035338,-0.3261353,-0.2890678,0.867388,-0.024007838530045095,0.05093698630844651,0.9984132896784572,-1.456472607894097,3.0368665290118475,4.024954560477281,4.025712163438587,4.02884669290951
05/17/2023 16:16:20.118371,4379,True,True,True,True,Eyes,1.086489,-0.3060661,-3.412294,-0.2845892,-0.2640679,0.9215624,0.0,0.0,0.0,0.0,0.0,0.0,0.0,-0.163547,1.41339,3.307234,1.080874,-0.3063596,-3.420537,0.1601661,-0.1322829,0.004267497,0.9781768,18.32886,344.2653,357.9458,0.3025435,-0.0847871,-0.9493566,0,0,0,0.751195,-0.5974138,-2.55282,-0.08248119,0.01152384,0.9692251,0.9649661,-0.03402573,0.260159,-0.05072319,0.9486572,0.3122126,-0.257425,-0.3144706,0.9136962,moving,-1.4850158132450537,2.961559546782033,-4.864159213577245,0.6812001518437159,-0.32967899999999994,-0.2910542,0.8677169999999998,-0.025880926296215745,0.051648648346321754,0.9983299657121679,-1.564340701544339,3.0787441908412094,4.075816684947717,4.076597734642461,4.078850283019404
05/17/2023 16:16:20.128273,4380,True,True,True,True,Eyes,1.086343,-0.3061964,-3.412217,-0.2867002,-0.2655895,0.9204701,0.0,0.0,0.0,0.0,0.0,0.0,0.0,-0.1619862,1.422691,3.303172,1.080707,-0.3063541,-3.420447,0.1615568,-0.1324979,0.004377371,0.9779186,18.48998,344.2311,357.9303,0.3025185,-0.08482408,-0.9493613,0,0,0,0.7478296,-0.5996985,-2.55244,-0.08496328,0.01234558,0.971042,0.9648503,-0.03425045,0.2605587,-0.0513733,0.9477605,0.3148188,-0.2577299,-0.3171388,0.9126875,moving,-1.588926439598548,3.027484231136156,-5.000475077577323,0.7284046637564641,-0.3328774000000001,-0.2933444,0.868007,-0.027689772874422952,0.05279473179612658,0.998221410788728,-1.6687489731376328,3.145855596437562,4.113124534352919,4.113931327384747,4.116365854358136
05/17/2023 16:16:20.148164,4381,True,True,True,True,Eyes,1.0862,-0.3063297,-3.412138,-0.2887549,-0.2671066,0.9193882,0.0,0.0,0.0,0.0,0.0,0.0,0.0,-0.1586218,1.429578,3.300383,1.080581,-0.3063643,-3.420507,0.1625725,-0.1329669,0.004453339,0.9776862,18.60693,344.1683,357.9123,0.3024929,-0.08486123,-0.9493661,0,0,0,0.7444677,-0.6019808,-2.55206,-0.0869552,0.01252115,0.9730582,0.9645999,-0.03452558,0.2614478,-0.05194145,0.9471007,0.3167053,-0.2585519,-0.3190739,0.91178,moving,-1.6606648403192976,3.0506670420633064,-5.106546666959944,0.7372318090738551,-0.33611330000000006,-0.2956165,0.8684470000000002,-0.028938976907403657,0.05319674101306632,0.9981646320612405,-1.7406716989404432,3.1695874355334497,4.149595509892421,4.150431801681511,4.1527663302803255
05/17/2023 16:16:20.167979,4382,True,True,True,True,Eyes,1.086059,-0.3064576,-3.412062,-0.2909217,-0.2686325,0.9182598,0.0,0.0,0.0,0.0,0.0,0.0,0.0,-0.1558247,1.434848,3.298086,1.080526,-0.306556,-3.42037,0.163336,-0.1333776,0.004482714,0.9775029,18.69429,344.1136,357.8942,0.3024668,-0.08489863,-0.9493711,0,0,0,0.7413639,-0.6040879,-2.55171,-0.08894645,0.01244959,0.97471,0.9643806,-0.03480701,0.2622184,-0.05233447,0.9466025,0.318127,-0.2592896,-0.3205186,0.9110636,moving,-1.7459220498477055,3.042965304794701,-5.2140435210031635,0.7317768134426882,-0.33916210000000013,-0.2975319,0.8686600000000002,-0.030424452432344262,0.05306022297497062,0.998127687881274,-1.8258965744013818,3.1621115194685854,4.166807152802172,4.167668266698717,4.169660239765461
05/17/2023 16:16:20.184799,4383,True,True,True,True,Eyes,1.085921,-0.3065892,-3.411983,-0.2930382,-0.2701393,0.9171441,0.0,0.0,0.0,0.0,0.0,0.0,0.0,-0.1523715,1.441278,3.295399,1.080392,-0.3065303,-3.420372,0.1642881,-0.1338541,0.004577073,0.9772777,18.80422,344.0506,357.879,0.3024402,-0.0849361,-0.9493762,0,0,0,0.7380067,-0.6063671,-2.551331,-0.09092671,0.01247579,0.9766978,0.9641243,-0.0350351,0.2631291,-0.05292739,0.945977,0.3198847,-0.2601213,-0.3223354,0.910185,moving,-1.8210974231545514,3.059418889671954,-5.318680821618558,0.7318243581370776,-0.3423853,-0.29983680000000007,0.8690410000000002,-0.031733545647495115,0.053344680183852314,0.9980717686645891,-1.901209196591832,3.1790455501500237,4.200384498111056,4.201283843355753,4.203332472039307
05/17/2023 16:16:20.198501,4384,True,True,True,True,Eyes,1.085781,-0.3067232,-3.411911,-0.295232,-0.2716155,0.9160039,0.0,0.0,0.0,0.0,0.0,0.0,0.0,-0.1485339,1.445338,3.293634,1.080336,-0.3067425,-3.420215,0.1648483,-0.1343868,0.004691839,0.9771096,18.86932,343.9843,357.8719,0.3024133,-0.08497373,-0.9493814,0,0,0,0.7346734,-0.60863,-2.550954,-0.09292352,0.01195374,0.9784966,0.9638364,-0.03513796,0.264168,-0.05347573,0.9456061,0.3208886,-0.2610743,-0.3234107,0.9095305,moving,-1.8956058868884245,3.032973411573472,-5.424859336898245,0.6999153422913745,-0.34566259999999993,-0.30188750000000003,0.8692609999999998,-0.033032245533643256,0.052881780935551945,0.9980543304247267,-1.975548815040045,3.152558816183263,4.229749159532569,4.230696144731801,4.232399211585098
05/17/2023 16:16:20.218095,4385,True,True,True,True,Eyes,1.085643,-0.3068637,-3.411835,-0.2973685,-0.2730955,0.9148721,0.0,0.0,0.0,0.0,0.0,0.0,0.0,-0.1452218,1.450625,3.291507,1.080224,-0.3069172,-3.420283,0.1655934,-0.134835,0.00480178,0.9769213,18.95578,343.9265,357.8626,0.3023861,-0.08501156,-0.9493867,0,0,0,0.7311901,-0.6109947,-2.550561,-0.09509255,0.01174042,0.9805732,0.9635929,-0.03527366,0.2650367,-0.0540375,0.9451115,0.3222485,-0.2618561,-0.3248383,0.9087967,moving,-1.9760941938285206,3.0272487466356695,-5.539023285268414,0.6859705884719509,-0.3490339000000001,-0.3040775,0.8697219999999999,-0.03443445301197784,0.0527795634368811,0.9980123858951291,-2.0560176231533225,3.1470660555163765,4.262342787805055,4.263337556952674,4.264776587376225
05/17/2023 16:16:20.227771,4386,True,True,True,True,Eyes,1.085514,-0.3069943,-3.411757,-0.2996157,-0.2745459,0.913704,0.0,0.0,0.0,0.0,0.0,0.0,0.0,-0.1411098,1.456456,3.288948,1.080175,-0.3072026,-3.420117,0.1663622,-0.1353414,0.005209938,0.9767186,19.04971,343.8672,357.8868,0.3023586,-0.08504976,-0.949392,0,0,0,0.7280096,-0.6131539,-2.550202,-0.09708452,0.01191971,0.9822485,0.9633111,-0.03485409,0.2661144,-0.05520866,0.944593,0.3235678,-0.2626475,-0.3263882,0.9080127,moving,-2.06048862104677,3.0315936164365147,-5.644727308000343,0.6952574170304546,-0.3521654000000001,-0.30595130000000004,0.8699149999999998,-0.03590430724358715,0.05285250612154324,0.9979566683114706,-2.1404653932730664,3.1517793176881472,4.277441984617023,4.278461616248277,4.279527008375921
05/17/2023 16:16:20.248086,4387,True,True,True,True,Eyes,1.085388,-0.3071275,-3.411673,-0.3018073,-0.2759586,0.9125564,0.0,0.0,0.0,0.0,0.0,0.0,0.0,-0.1369282,1.4598,3.287494,1.080085,-0.3070866,-3.420015,0.1667988,-0.1358233,0.005674905,0.9765746,19.10646,343.8147,357.9242,0.3023311,-0.08508801,-0.9493973,0,0,0,0.7246201,-0.615455,-2.549819,-0.09927648,0.01100963,0.9842305,0.9630397,-0.03422637,0.2671762,-0.05639424,0.9442919,0.3242413,-0.2633899,-0.3273244,0.9074605,moving,-2.1459517211945647,3.0013737977104817,-5.7597783955964665,0.6408854680575256,-0.3554649,-0.3083684,0.870196,-0.03739387420233284,0.05232327981758142,0.9979298326984123,-2.225735635225296,3.121513554948389,4.315321119312533,4.316439318123969,4.317751027746239
05/17/2023 16:16:20.268400,4388,True,True,True,True,Eyes,1.085269,-0.3072561,-3.411589,-0.3041376,-0.2773482,0.9113607,0.0,0.0,0.0,0.0,0.0,0.0,0.0,-0.1326461,1.461876,3.286506,1.080056,-0.3072807,-3.419774,0.167028,-0.1363632,0.006000953,0.9764583,19.13701,343.754,357.9476,0.3023037,-0.08512641,-0.9494026,0,0,0,0.7211521,-0.6178093,-2.549427,-0.1015009,0.009850979,0.9860752,0.9627382,-0.03383356,0.2683105,-0.05727228,0.9441313,0.324555,-0.2643012,-0.3278283,0.9070135,moving,-2.231939642621567,2.9457964990767813,-5.876999268792113,0.5723708954316065,-0.35890389999999994,-0.3105286,0.8703469999999998,-0.03889346085141729,0.05135231618255183,0.9979229767908824,-2.3113500107927045,3.065585375377299,4.348437355355141,4.349667662520554,4.350858889240445
05/17/2023 16:16:20.284714,4389,True,True,True,True,Eyes,1.085152,-0.3073837,-3.411497,-0.3064066,-0.2787213,0.9101809,0.0,0.0,0.0,0.0,0.0,0.0,0.0,-0.1294257,1.466883,3.284315,1.079906,-0.3072789,-3.419737,0.167797,-0.1368455,0.005916388,0.9762596,19.22302,343.688,357.9138,0.3022766,-0.08516479,-0.9494077,0,0,0,0.7179455,-0.6199862,-2.549065,-0.1032639,0.009573519,0.9879858,0.9624766,-0.03437264,0.2691788,-0.05747636,0.9436184,0.3260075,-0.2652078,-0.329246,0.906235,moving,-2.314264808467296,2.944706167922448,-5.9668679647255525,0.5551750510482796,-0.3619605,-0.3127073,0.8706719999999999,-0.04032732268421926,0.05133040090240905,0.9978670930090744,-2.393689212358084,3.064789911279583,4.363477857972754,4.364787368889542,4.366437122307399
05/17/2023 16:16:20.298215,4390,True,True,True,True,Eyes,1.085063,-0.307513,-3.4114,-0.3090249,-0.280187,0.9088448,0.0,0.0,0.0,0.0,0.0,0.0,0.0,-0.126909,1.470689,3.282431,1.079857,-0.3073654,-3.419477,0.1684029,-0.1372758,0.005713312,0.976096,19.2884,343.6271,357.8699,0.30225,-0.08520314,-0.9494128,0,0,0,0.7145434,-0.6222958,-2.548681,-0.1054337,0.008830041,0.9898109,0.9622454,-0.03508182,0.269913,-0.05738878,0.9432156,0.3271863,-0.2660644,-0.3303234,0.9055916,moving,-2.4228433447778004,2.9155819796293376,-6.080164402026978,0.511118499364056,-0.3653136,-0.31493039999999994,0.8707959999999999,-0.04221936905451443,0.05081919452111694,0.9978150873888978,-2.5020888276559576,3.0357195380279998,4.375484550592533,4.376921514458269,4.379067848336398
05/17/2023 16:16:20.318253,4391,True,True,True,True,Eyes,1.084976,-0.3076471,-3.411304,-0.3115605,-0.2816423,0.9075283,0.0,0.0,0.0,0.0,0.0,0.0,0.0,-0.1236715,1.471557,3.282064,1.079691,-0.3075114,-3.419419,0.1685086,-0.1377209,0.005707733,0.976015,19.29949,343.5724,357.8582,0.3022244,-0.08524153,-0.9494174,0,0,0,0.7112068,-0.624561,-2.548304,-0.1074363,0.007354736,0.9917387,0.9620007,-0.03527265,0.270759,-0.05755598,0.9431446,0.3273617,-0.2669117,-0.330506,0.9052756,moving,-2.5286898902876693,2.833903399510382,-6.182812581545845,0.42489781564084517,-0.36848419999999993,-0.31704960000000004,0.8711150000000001,-0.044065786161936765,0.049392754154066854,0.9978068490130927,-2.6073809577582585,2.9534484855243166,4.375136489773439,4.376747713300653,4.379187114813488
05/17/2023 16:16:20.327945,4392,True,True,True,True,Eyes,1.084915,-0.3077762,-3.411205,-0.3143103,-0.2831586,0.9061071,0.0,0.0,0.0,0.0,0.0,0.0,0.0,-0.1208658,1.476207,3.28002,1.079655,-0.3077463,-3.419351,0.1691468,-0.1380928,0.005885927,0.975851,19.37501,343.5257,357.8599,0.3021999,-0.08528005,-0.9494218,0,0,0,0.7078876,-0.6268143,-2.547929,-0.109725,0.007110566,0.9936307,0.9617915,-0.03522834,0.2715072,-0.05820349,0.9427094,0.3284985,-0.2675249,-0.3317497,0.9046395,moving,-2.6575827757751966,2.8123553530591563,-6.301546664198422,0.4100099438304961,-0.3717674000000001,-0.3190680000000001,0.8714219999999999,-0.04631121023202395,0.04901250477862054,0.9977238497162586,-2.73615433047533,2.932121964852029,4.362879354683055,4.36460035803675,4.3672727805751625
05/17/2023 16:16:20.348340,4393,True,True,True,True,Eyes,1.084854,-0.3079047,-3.411108,-0.3169804,-0.2846511,0.9047083,0.0,0.0,0.0,0.0,0.0,0.0,0.0,-0.1175961,1.479421,3.278659,1.079529,-0.3077237,-3.419363,0.1696097,-0.1385243,0.006002587,0.9757088,19.42924,343.472,357.8563,0.302177,-0.08531855,-0.9494256,0,0,0,0.7043425,-0.629221,-2.547529,-0.1119709,0.006157488,0.9958141,0.96155,-0.03527658,0.2723549,-0.05870369,0.942393,0.3293164,-0.2682826,-0.3326424,0.9040871,moving,-2.7745266498534806,2.7711269206128306,-6.415480710053152,0.3542765447915674,-0.3751865,-0.32149730000000004,0.8718340000000002,-0.04834922835855429,0.04828989172923055,0.997662452575104,-2.8528351832605088,2.89083215349336,4.368176329337458,4.370092928942341,4.373391990847853
05/17/2023 16:16:20.368037,4394,True,True,True,True,Eyes,1.084792,-0.308028,-3.411013,-0.3197719,-0.2861686,0.903246,0.0,0.0,0.0,0.0,0.0,0.0,0.0,-0.1143672,1.483076,3.277064,1.079495,-0.3078254,-3.41931,0.1701363,-0.1389857,0.006048099,0.9755512,19.48952,343.4128,357.8423,0.3021555,-0.08535703,-0.949429,0,0,0,0.7011969,-0.6313564,-2.547174,-0.1138758,0.005620033,0.9976996,0.9612928,-0.03549256,0.2732334,-0.05909349,0.9420342,0.3302721,-0.2691173,-0.3336346,0.9034733,moving,-2.8945533563892014,2.7336745866745114,-6.511467905951457,0.32274320436238135,-0.3782981000000001,-0.323531,0.8721359999999998,-0.050440676899001,0.04763280839639912,0.9975904599833605,-2.9726266129930234,2.853375678703867,4.3447330277793945,4.34679893588979,4.35057449274684
05/17/2023 16:16:20.384731,4395,True,True,True,True,Eyes,1.084732,-0.3081538,-3.410921,-0.3224806,-0.2876377,0.9018153,0.0,0.0,0.0,0.0,0.0,0.0,0.0,-0.1115957,1.485849,3.275815,1.079354,-0.3078146,-3.419271,0.1705451,-0.1393597,0.006105431,0.9754261,19.53666,343.3653,357.8337,0.3021352,-0.08539531,-0.949432,0,0,0,0.700983,-0.6315017,-2.547149,-0.1131949,0.0063366,0.9978379,0.9610832,-0.03562343,0.2739527,-0.05944501,0.9417542,0.3310066,-0.2697876,-0.33441,0.9029865,moving,-3.020144883609119,2.68572384362772,-6.471975632107977,0.36384221950136303,-0.3783709999999999,-0.32368710000000006,0.8721220000000001,-0.052629354129577116,0.046792621191495784,0.9975172283412816,-3.097909472538019,2.8053145566045186,4.158089112396901,4.160080503155899,4.164746045318383
05/17/2023 16:16:20.398297,4396,True,True,True,True,Eyes,1.084681,-0.308275,-3.410829,-0.3253432,-0.2891047,0.9003168,0.0,0.0,0.0,0.0,0.0,0.0,0.0,-0.107977,1.487353,3.275234,1.07934,-0.3079949,-3.419241,0.1707035,-0.139827,0.006311344,0.9753303,19.55731,343.3115,357.8454,0.3021161,-0.0854335,-0.9494346,0,0,0,0.700983,-0.6315017,-2.547149,-0.1123246,0.006946385,0.9978417,0.9608172,-0.03542663,0.2749097,-0.06004921,0.941641,0.3312196,-0.2706002,-0.3347495,0.9026175,static,-3.1473735354788044,2.612150877074503,-6.422608917401887,0.39885295873489307,-0.37835699999999994,-0.32350680000000004,0.8720919999999999,-0.054847532487652895,0.045506241173062345,0.9974572652023168,-3.224647175846125,2.7313272321646354,3.9510518449093395,3.952955158147799,3.958206100832291
05/17/2023 16:16:20.418288,4397,True,True,True,True,Eyes,1.084632,-0.3083971,-3.41074,-0.3281246,-0.2905343,0.898846,0.0,0.0,0.0,0.0,0.0,0.0,0.0,-0.103767,1.488959,3.274623,1.079263,-0.307992,-3.419248,0.1709055,-0.1403757,0.006489122,0.9752148,19.58232,343.247,357.8513,0.3020983,-0.08547146,-0.9494369,0,0,0,0.700983,-0.6315017,-2.547149,-0.1112026,0.007470191,0.997942,0.9605051,-0.03532539,0.276011,-0.06063854,0.9414984,0.3315173,-0.2715749,-0.3351609,0.9021719,static,-3.2599807551875872,2.545580358594603,-6.358348333700179,0.42888506779453595,-0.37828000000000006,-0.32350970000000007,0.872099,-0.05681077082723365,0.044342414634116395,0.9973997949168032,-3.336809508388423,2.664372392368965,3.750533879963441,3.7523699985040335,3.758603524076367
05/17/2023 16:16:20.433804,4398,True,True,True,True,Eyes,1.084598,-0.308513,-3.410652,-0.3309943,-0.2919684,0.8973278,0.0,0.0,0.0,0.0,0.0,0.0,0.0,-0.100254,1.491349,3.273608,1.079248,-0.3081314,-3.419205,0.1712353,-0.1408777,0.006520623,0.9750844,19.61967,343.1841,357.8383,0.3020816,-0.08550924,-0.9494388,0,0,0,0.700983,-0.6315017,-2.547149,-0.1101972,0.008290857,0.9979588,0.9602219,-0.03553016,0.2769684,-0.06096278,0.9412719,0.3321005,-0.2725021,-0.335775,0.9016639,static,-3.3811726072345425,2.4894324803162458,-6.301220803188289,0.4759917806727277,-0.37826499999999996,-0.32337030000000005,0.8720559999999997,-0.05892287992411313,0.04335965626335586,0.9973204040397761,-3.457633072538123,2.6079984616356904,3.5451682833445215,3.5469176643493867,3.5540742352369157
05/17/2023 16:16:20.448156,4399,True,True,True,True,Eyes,1.084564,-0.3086265,-3.410567,-0.3337738,-0.2933699,0.8958399,0.0,0.0,0.0,0.0,0.0,0.0,0.0,-0.09730238,1.493149,3.2729,1.079114,-0.30807,-3.419275,0.1715358,-0.1413299,0.006345677,0.9749673,19.65023,343.1232,357.8024,0.3020664,-0.08554666,-0.9494403,0,0,0,0.700983,-0.6315017,-2.547149,-0.1090726,0.008788407,0.9981085,0.9599712,-0.03611262,0.2777611,-0.06085992,0.9410704,0.3326899,-0.273407,-0.3362772,0.9012027,static,-3.4997404114496184,2.4270532600027717,-6.236496006730608,0.5044798410000277,-0.3781309999999999,-0.32343170000000004,0.8721259999999997,-0.06098946054793955,0.04226856928678055,0.9972430135012126,-3.5757874573295196,2.5453079518533186,3.3428488848423403,3.3445657027120435,3.3532595132057788
05/17/2023 16:16:20.467985,4400,True,True,True,True,Eyes,1.084533,-0.3087349,-3.410481,-0.3366426,-0.294736,0.8943168,0.0,0.0,0.0,0.0,0.0,0.0,0.0,-0.09431612,1.495684,3.271809,1.079085,-0.3081185,-3.41926,0.1718884,-0.1417339,0.006456547,0.9748458,19.69175,343.0735,357.8004,0.3020524,-0.08558371,-0.9494414,0,0,0,0.700983,-0.6315017,-2.547149,-0.108261,0.009609252,0.9981494,0.9597396,-0.03613658,0.2785571,-0.06131312,0.9408253,0.3332992,-0.2741178,-0.3369596,0.9007317,static,-3.6335387713223555,2.3786733215764846,-6.1902007085040465,0.5515733173950074,-0.37810200000000005,-0.32338320000000004,0.8721109999999999,-0.06332033053185854,0.0414204709401933,0.9971333756932563,-3.709276263185762,2.496843150055766,3.1407500671257793,3.1424217868251856,3.1526276064955487
05/17/2023 16:16:20.484618,4401,True,True,True,True,Eyes,1.084503,-0.308844,-3.410404,-0.3394369,-0.2960595,0.8928221,0.0,0.0,0.0,0.0,0.0,0.0,0.0,-0.0900771,1.494847,3.272207,1.078948,-0.3080985,-3.419206,0.1717088,-0.1422442,0.006732117,0.9748012,19.67468,343.0188,357.8257,0.3020397,-0.08562026,-0.9494421,0,0,0,0.700983,-0.6315017,-2.547149,-0.1072275,0.009383351,0.9981699,0.9594426,-0.0357242,0.2796315,-0.0619741,0.9409416,0.3328486,-0.2750077,-0.336679,0.9005654,static,-3.754639908015575,2.2764671095213407,-6.131434057953758,0.5385962590836246,-0.377965,-0.32340320000000006,0.8720569999999999,-0.06543247633630925,0.03963626942965609,0.9970694539782413,-3.8296806413936406,2.393853103449697,2.9426636461598266,2.944375234915122,2.95635700638697
05/17/2023 16:16:20.498324,4402,True,True,True,True,Eyes,1.084463,-0.3089461,-3.410333,-0.3422183,-0.2974311,0.8913032,0.0,0.0,0.0,0.0,0.0,0.0,0.0,-0.08569193,1.496466,3.271736,1.078956,-0.3082209,-3.419337,0.1719048,-0.1428512,0.006806899,0.9746774,19.69714,342.9451,357.8181,0.302028,-0.08565637,-0.9494426,0,0,0,0.700983,-0.6315017,-2.547149,-0.1060071,0.01001182,0.9983723,0.9590944,-0.03584456,0.2808079,-0.06238268,0.9408048,0.3331587,-0.2761274,-0.3370483,0.9000846,static,-3.8602553462288114,2.2096789304244258,-6.060952464733983,0.5745510001239041,-0.377973,-0.32328080000000003,0.872188,-0.06727337253993315,0.038469266684984876,0.996992691698471,-3.93484778789955,2.3266518052357292,2.7400123652052035,2.7416621155506804,2.755027827106426
05/17/2023 16:16:20.518334,4403,True,True,True,True,Eyes,1.084425,-0.3090462,-3.410264,-0.3449105,-0.2987385,0.889827,0.0,0.0,0.0,0.0,0.0,0.0,0.0,-0.08317387,1.49959,3.270365,1.078915,-0.30814,-3.419352,0.1723965,-0.1432365,0.00673356,0.9745345,19.75152,342.8927,357.7919,0.3020169,-0.08569187,-0.9494429,0,0,0,0.700983,-0.6315017,-2.547149,-0.1051393,0.01090229,0.9984787,0.958876,-0.03626275,0.2814994,-0.0625111,0.9404682,0.3340837,-0.2768561,-0.3379416,0.8995256,static,-3.982817454942851,2.176325830713406,-6.011064933092794,0.6255820795238898,-0.37793200000000005,-0.32336170000000003,0.8722029999999998,-0.06940745171063381,0.037883338324854854,0.9968688442548003,-4.057204523578688,2.293353665135716,2.5515257839112158,2.553153738903111,2.5688582213973614
05/17/2023 16:16:20.528350,4404,True,True,True,True,Eyes,1.084389,-0.3091477,-3.4102,-0.3475946,-0.3000669,0.8883343,0.0,0.0,0.0,0.0,0.0,0.0,0.0,-0.0809322,1.499224,3.270561,1.078917,-0.3081941,-3.419319,0.1723361,-0.1435692,0.00667946,0.9744966,19.74288,342.8518,357.7796,0.3020065,-0.08572678,-0.9494431,0,0,0,0.700983,-0.6315017,-2.547149,-0.1044762,0.01082042,0.9985034,0.9586866,-0.03646607,0.2821175,-0.06250251,0.9405113,0.3339639,-0.2775131,-0.3377998,0.8993763,static,-4.1130270370428565,2.078811348482571,-5.9732821999750225,0.6208693252645482,-0.3779339999999999,-0.32330760000000003,0.8721700000000001,-0.07167726375238806,0.03618084090558227,0.9967714359839953,-4.186753217548738,2.195146216302501,2.3618391725002694,2.36350253105023,2.3811832215739344
05/17/2023 16:16:20.548062,4405,True,True,True,True,Eyes,1.084353,-0.3092513,-3.410139,-0.3501799,-0.3013726,0.8868757,0.0,0.0,0.0,0.0,0.0,0.0,0.0,-0.07911384,1.501296,3.26971,1.078776,-0.3083083,-3.419406,0.1726074,-0.1437828,0.006801494,0.9744163,19.7757,342.826,357.7843,0.3019966,-0.08576117,-0.9494431,0,0,0,0.700983,-0.6315017,-2.547149,-0.1039181,0.0115605,0.9985392,0.9585605,-0.03638096,0.2825564,-0.06289091,0.9403208,0.334427,-0.2778605,-0.3383388,0.8990664,static,-4.252839608643475,2.024596167395273,-5.941390981344728,0.6633072268199869,-0.37779299999999993,-0.3231934000000001,0.8722569999999998,-0.07411187264251415,0.03523135877988817,0.9966273603193936,-4.326216216824683,2.140798053441723,2.167293354539769,2.168942903348051,2.189010886837652
05/17/2023 16:16:20.567888,4406,True,True,True,True,Eyes,1.084302,-0.3093449,-3.410081,-0.3527046,-0.302698,0.8854227,0.0,0.0,0.0,0.0,0.0,0.0,0.0,-0.07708126,1.504196,3.268441,1.078773,-0.3084574,-3.419409,0.1729736,-0.1440068,0.007098781,0.9743162,19.82244,342.8017,357.8078,0.3019872,-0.08579515,-0.949443,0,0,0,0.700983,-0.6315017,-2.547149,-0.103545,0.01258823,0.9985186,0.9584233,-0.03598585,0.2830722,-0.06365168,0.9400594,0.3350174,-0.2781606,-0.3391065,0.8986843,static,-4.3905574682043,1.9845235706051338,-5.920332489233956,0.7222842355193202,-0.37778999999999996,-0.32304430000000006,0.8722599999999998,-0.07650906112721487,0.03452804169625828,0.9964708473620812,-4.463684801267932,2.100755803676068,1.98169294233099,1.9832951757124209,2.0054940416449227
05/17/2023 16:16:20.598239,4407,True,True,True,True,Eyes,1.084254,-0.3094368,-3.410023,-0.3551284,-0.3039851,0.8840117,0.0,0.0,0.0,0.0,0.0,0.0,0.0,-0.07582182,1.504905,3.268026,1.078725,-0.3083077,-3.419325,0.173098,-0.144176,0.007137468,0.9742688,19.83703,342.7809,357.8064,0.3019779,-0.08582849,-0.949443,0,0,0,0.700983,-0.6315017,-2.547149,-0.1031856,0.01269338,0.9985111,0.9583247,-0.03600553,0.2834033,-0.06382077,0.9399723,0.3352298,-0.2784614,-0.3393459,0.8985008,static,-4.525057951378264,1.912771404506518,-5.899972490285483,0.7283223280062421,-0.3777419999999999,-0.32319400000000004,0.8721760000000001,-0.07885138929849347,0.033274028631683356,0.9963308208972435,-4.597709246766165,2.0286385282005774,1.813084390655429,1.8147478073056897,1.8403020882206516
05/17/2023 16:16:20.618351,4408,True,True,True,True,Eyes,1.084175,-0.3095235,-3.409977,-0.3574837,-0.3052756,0.8826167,0.0,0.0,0.0,0.0,0.0,0.0,0.0,-0.07529223,1.506424,3.267273,1.078732,-0.3083524,-3.419256,0.173311,-0.1442395,0.00722428,0.9742208,19.86288,342.7731,357.8112,0.3019687,-0.0858612,-0.949443,0,0,0,0.700983,-0.6315017,-2.547149,-0.103101,0.01318151,0.9984418,0.9582856,-0.03592048,0.2835462,-0.06407265,0.9398223,0.3356023,-0.278538,-0.3397703,0.8983165,static,-4.668199067663892,1.8518586758589044,-5.895575581925554,0.7563796074437152,-0.377749,-0.32314930000000003,0.8721069999999997,-0.08134310797630415,0.03220831642524988,0.9961656237683303,-4.740453911704562,1.9675242130782054,1.6434799278408294,1.645152727590031,1.6736718103534092
05/17/2023 16:16:20.638412,4409,True,True,True,True,Eyes,1.084105,-0.3096016,-3.40993,-0.3593448,-0.3064665,0.8814474,0.0,0.0,0.0,0.0,0.0,0.0,0.0,-0.07545137,1.505891,3.267555,1.078652,-0.3082844,-3.419326,0.1732243,-0.1441794,0.007305207,0.9742445,19.85447,342.7827,357.8237,0.3019587,-0.0858932,-0.9494433,0,0,0,0.700983,-0.6315017,-2.547149,-0.1031536,0.01299989,0.9984914,0.9583179,-0.03571663,0.2834627,-0.06418486,0.93988,0.3354192,-0.278401,-0.3396323,0.8984113,static,-4.7956602259467,1.764114383964672,-5.898271235950333,0.7459220479872433,-0.3776689999999999,-0.32321730000000004,0.8721769999999998,-0.08356301441482733,0.030677068838459942,0.9960301501186789,-4.867323125896351,1.879194918216633,1.4991108934034691,1.5008219989140634,1.53204484399832
05/17/2023 16:16:20.647797,4410,True,True,True,True,Eyes,1.084032,-0.309677,-3.409889,-0.3611261,-0.3076169,0.880318,0.0,0.0,0.0,0.0,0.0,0.0,0.0,-0.07537258,1.505289,3.267735,1.078575,-0.3081948,-3.419263,0.1731383,-0.1441621,0.007372412,0.9742619,19.84579,342.787,357.8337,0.3019482,-0.08592431,-0.9494438,0,0,0,0.700983,-0.6315017,-2.547149,-0.103155,0.01275137,0.9984395,0.9583259,-0.03555462,0.2834561,-0.06428526,0.9399375,0.3352384,-0.2783504,-0.3394897,0.8984808,static,-4.913072735459823,1.6789124208058839,-5.89865516393694,0.7317017867813363,-0.37759200000000004,-0.32330690000000006,0.8721139999999998,-0.08560775262548062,0.029190799693716907,0.9959012040832546,-4.984159158658768,1.7934011194664867,1.3652094316224157,1.3669603902571708,1.4012524457405342
05/17/2023 16:16:20.658319,4411,True,True,True,True,Eyes,1.083966,-0.30975,-3.409845,-0.3626944,-0.3086776,0.8793014,0.0,0.0,0.0,0.0,0.0,0.0,0.0,-0.07536399,1.506094,3.267371,1.078553,-0.3082859,-3.419269,0.1732301,-0.1441348,0.007483626,0.9742487,19.85834,342.7917,357.8457,0.3019373,-0.08595455,-0.9494445,0,0,0,0.700983,-0.6315017,-2.547149,-0.10322,0.01307166,0.9983956,0.9583383,-0.03535513,0.283439,-0.06451878,0.9398707,0.3353811,-0.2782535,-0.3396957,0.898433,static,-5.018476934351226,1.6212867554163033,-5.902603487897862,0.7501116382103431,-0.37757000000000007,-0.32321580000000005,0.8721199999999998,-0.0874422445478511,0.028184642656588876,0.9957708171872853,-5.089180348673317,1.735472438125219,1.2395117230012356,1.2412195001389037,1.2777296699360148
05/17/2023 16:16:20.668335,4412,True,True,True,True,Eyes,1.083902,-0.3098227,-3.409802,-0.3642006,-0.3096998,0.8783188,0.0,0.0,0.0,0.0,0.0,0.0,0.0,-0.07469594,1.506122,3.267346,1.078464,-0.3082202,-3.419276,0.1732363,-0.1442074,0.007521749,0.9742365,19.85955,342.7837,357.8486,0.301926,-0.08598392,-0.9494454,0,0,0,0.700983,-0.6315017,-2.547149,-0.102997,0.01304293,0.998413,0.9582953,-0.03530798,0.2835903,-0.06461984,0.9398652,0.3353769,-0.2783781,-0.3397157,0.8983868,static,-5.107613450353,1.5548552970407203,-5.889839122552347,0.7484501246864074,-0.37748100000000007,-0.32328150000000005,0.8721269999999999,-0.08899412838606999,0.027026349374805803,0.9956653951735566,-5.17786675090306,1.668570513379188,1.1217554034952149,1.1234617502378574,1.163411443849537
05/17/2023 16:16:20.686376,4413,True,True,True,True,Eyes,1.083842,-0.309896,-3.409757,-0.3656403,-0.3106905,0.8773702,0.0,0.0,0.0,0.0,0.0,0.0,0.0,-0.07431871,1.5066,3.267104,1.078474,-0.3082863,-3.419237,0.1732898,-0.1442492,0.007587058,0.9742203,19.86675,342.7794,357.8544,0.3019146,-0.0860125,-0.9494465,0,0,0,0.700983,-0.6315017,-2.547149,-0.1029546,0.01323369,0.9983638,0.9582692,-0.03521089,0.2836905,-0.06477676,0.9398261,0.335456,-0.2784314,-0.3398338,0.8983256,static,-5.196467096332766,1.4965263682735181,-5.887719629590507,0.7594327644041906,-0.3774909999999999,-0.32321540000000004,0.8720879999999998,-0.09054052810960161,0.026009075417014804,0.9955530243979808,-5.266327988111725,1.609868124406769,1.008857486810219,1.0105132584980359,1.053265338669421
05/17/2023 16:16:20.698203,4414,True,True,True,True,Eyes,1.083791,-0.3099649,-3.409713,-0.3669083,-0.3116232,0.8765098,0.0,0.0,0.0,0.0,0.0,0.0,0.0,-0.07458746,1.507513,3.266607,1.078479,-0.3083724,-3.419161,0.1734101,-0.1442006,0.007657321,0.9742056,19.88191,342.7857,357.8615,0.3019031,-0.08604041,-0.9494477,0,0,0,0.700983,-0.6315017,-2.547149,-0.1030952,0.01355839,0.9982526,0.958295,-0.03509209,0.2836178,-0.0649313,0.9397406,0.3356658,-0.2783064,-0.3400826,0.8982702,static,-5.2847987873010585,1.449776683302622,-5.896355720764551,0.7781505006073787,-0.37749599999999994,-0.32312930000000006,0.8720119999999998,-0.09207717965115,0.025193197911386273,0.9954331944684471,-5.354349704761696,1.5628831693003526,0.9067514742037993,0.9083411320363375,0.9537168776409924
05/17/2023 16:16:20.718156,4415,True,True,True,True,Eyes,1.083743,-0.3100304,-3.409671,-0.368119,-0.3125156,0.875684,0.0,0.0,0.0,0.0,0.0,0.0,0.0,-0.07514691,1.507337,3.266671,1.078396,-0.308333,-3.419188,0.1733752,-0.1440833,0.00775107,0.9742285,19.87978,342.8022,357.8757,0.3018917,-0.08606756,-0.9494489,0,0,0,0.700983,-0.6315017,-2.547149,-0.1032728,0.01349333,0.9982392,0.9583599,-0.03485831,0.2834278,-0.06506356,0.9397619,0.3355805,-0.2780524,-0.3400477,0.8983621,static,-5.378276394776074,1.3884072870682531,-5.906520229793644,0.7744273917322322,-0.3774129999999999,-0.32316870000000003,0.872039,-0.09370356737611546,0.024123299682170196,0.9953078790674741,-5.447414446648336,1.5011208171800297,0.8083692788843468,0.8099462087761763,0.8595705059542934
05/17/2023 16:16:20.727791,4416,True,True,True,True,Eyes,1.083698,-0.3100942,-3.40963,-0.3691996,-0.3133991,0.8749129,0.0,0.0,0.0,0.0,0.0,0.0,0.0,-0.07536477,1.507053,3.266827,1.078407,-0.3083209,-3.419214,0.1733178,-0.144027,0.007844104,0.9742463,19.87492,342.8114,357.889,0.3018806,-0.08609395,-0.9494501,0,0,0,0.700983,-0.6315017,-2.547149,-0.1034206,0.01341972,0.9982558,0.9583895,-0.0346407,0.2833545,-0.06520905,0.9397988,0.335449,-0.2779164,-0.339968,0.8984343,static,-5.456805811336067,1.3257346006618964,-5.914815860087053,0.7701903715006782,-0.37742399999999987,-0.32318080000000005,0.8720650000000001,-0.09507008644345791,0.02303157398278466,0.9952040737310561,-5.525517743399946,1.437983464615702,0.7184826636439594,0.7200018022971977,0.7729816549364282
05/17/2023 16:16:20.748419,4417,True,True,True,True,Eyes,1.083655,-0.3101557,-3.409591,-0.3702292,-0.3142332,0.8741783,0.0,0.0,0.0,0.0,0.0,0.0,0.0,-0.07552153,1.506411,3.267124,1.078365,-0.3083467,-3.419229,0.1731868,-0.1439475,0.008026939,0.9742798,19.86321,342.8259,357.9149,0.3018697,-0.08611958,-0.9494512,0,0,0,0.700983,-0.6315017,-2.547149,-0.1036021,0.01327148,0.9982283,0.9584294,-0.03421862,0.2832705,-0.06550056,0.9398838,0.3351538,-0.2777099,-0.3397757,0.898571,static,-5.536511761350458,1.2602826748999922,-5.925284466088276,0.7617045062806452,-0.377382,-0.3231550000000001,0.87208,-0.09645692142188717,0.021891751073303767,0.9950963160672067,-5.60477806628118,1.3720376382693806,0.6307748245034539,0.6322376184418169,0.689369918346083
05/17/2023 16:16:20.768226,4418,True,True,True,True,Eyes,1.083619,-0.3102073,-3.40955,-0.3711223,-0.3150637,0.8735005,0.0,0.0,0.0,0.0,0.0,0.0,0.0,-0.07583863,1.505126,3.267698,1.078375,-0.3083619,-3.419214,0.1729721,-0.1438695,0.008137616,0.9743286,19.84061,342.8394,357.9338,0.301859,-0.08614447,-0.9494523,0,0,0,0.700983,-0.6315017,-2.547149,-0.1038204,0.01290599,0.9981961,0.9584707,-0.03391339,0.2831675,-0.06562824,0.9400289,0.3347218,-0.2775371,-0.3394048,0.8987644,static,-5.606669118562825,1.1841333872543474,-5.937870698176256,0.7407538029537566,-0.37739200000000006,-0.32313980000000003,0.8720650000000001,-0.09767807762868275,0.02056673401274839,0.9950055390388758,-5.674410982634791,1.2952292490604647,0.5520449404007043,0.5534256428039783,0.6138843881777922
05/17/2023 16:16:20.788122,4419,True,True,True,True,Eyes,1.083586,-0.3102539,-3.40951,-0.3719786,-0.3158392,0.872856,0.0,0.0,0.0,0.0,0.0,0.0,0.0,-0.07587928,1.503917,3.268213,1.078321,-0.3081793,-3.419209,0.1728186,-0.1438572,0.008114017,0.9743578,19.82258,342.8417,357.9343,0.3018488,-0.08616842,-0.9494534,0,0,0,0.700983,-0.6315017,-2.547149,-0.1037907,0.01241297,0.9982394,0.9584786,-0.03391048,0.2831413,-0.06553431,0.9401358,0.3344398,-0.2775322,-0.3391088,0.8988777,static,-5.664328063157351,1.1149505583289734,-5.935928525763217,0.7124284399519963,-0.37733800000000006,-0.32332240000000007,0.8720599999999998,-0.09868171485445498,0.01936335568457595,0.9949306787211941,-5.731591853588357,1.225424863969061,0.4842188667539507,0.4855830176915266,0.5521945369611981
05/17/2023 16:16:20.798308,4420,True,True,True,True,Eyes,1.083586,-0.3102539,-3.40951,-0.3719786,-0.3158392,0.872856,0.0,0.0,0.0,0.0,0.0,0.0,0.0,-0.07616311,1.502,3.269046,1.07834,-0.3081107,-3.419169,0.1725499,-0.1438307,0.008044034,0.9744099,19.79054,342.8458,357.9317,0.3018391,-0.08619137,-0.9494544,0,0,0,0.700983,-0.6315017,-2.547149,-0.1038653,0.01176888,0.9982339,0.9584961,-0.03395956,0.2830761,-0.06531231,0.9403237,0.3339547,-0.2775241,-0.3385826,0.8990785,static,-5.667024219320521,1.082401188351591,-5.940196998006984,0.6754688595148297,-0.37735700000000005,-0.32339100000000004,0.87202,-0.09872959832509665,0.018798049043346476,0.9949367696579159,-5.73405661127174,1.1924916390394693,0.488722293843711,0.4901196662732409,0.5566025634065479
05/17/2023 16:16:20.818164,4421,True,True,True,True,Eyes,1.083586,-0.3102539,-3.40951,-0.3719786,-0.3158392,0.872856,0.0,0.0,0.0,0.0,0.0,0.0,0.0,-0.07620811,1.5,3.269949,1.07827,-0.3080724,-3.419181,0.1722536,-0.14381,0.008025787,0.9744655,19.75621,342.8504,357.9356,0.3018304,-0.08621203,-0.9494553,0,0,0,0.700983,-0.6315017,-2.547149,-0.103848,0.01113632,0.9982399,0.9585086,-0.03390188,0.2830407,-0.06518529,0.9405286,0.3334019,-0.2775109,-0.3380187,0.8992947,static,-5.67005736055189,1.0481780559596217,-5.939179217603122,0.6391626573126085,-0.37728700000000004,-0.32342930000000003,0.8720319999999999,-0.0987833550955414,0.01820366609214169,0.9949424863515849,-5.736846507537048,1.1578656552073259,0.48817953201090414,0.4896122652396275,0.5567686463762569
05/17/2023 16:16:20.838359,4422,True,True,True,True,Eyes,1.083586,-0.3102539,-3.40951,-0.3719786,-0.3158392,0.872856,0.0,0.0,0.0,0.0,0.0,0.0,0.0,-0.07642686,1.497868,3.270937,1.078282,-0.3081041,-3.419189,0.1719366,-0.143791,0.007946985,0.974525,19.71845,342.8539,357.9328,0.3018225,-0.08623062,-0.9494562,0,0,0,0.700983,-0.6315017,-2.547149,-0.1038899,0.01050279,0.9982435,0.958522,-0.03395681,0.2829887,-0.06493495,0.9407493,0.3328276,-0.2775232,-0.3373984,0.8995239,static,-5.671899995091931,1.0099301713480968,-5.941537110852996,0.6028021590053702,-0.37729899999999994,-0.32339760000000006,0.8720399999999997,-0.09881652584819525,0.01753942866984881,0.994951123679866,-5.73841688079385,1.1191617527872255,0.4868850739484422,0.4883209934357578,0.5548739117581968
05/17/2023 16:16:20.868148,4423,True,True,True,True,Eyes,1.083586,-0.3102539,-3.40951,-0.3719786,-0.3158392,0.872856,0.0,0.0,0.0,0.0,0.0,0.0,0.0,-0.0771057,1.496592,3.271577,1.078282,-0.3079833,-3.41927,0.1717658,-0.1436987,0.007896126,0.9745691,19.69813,342.8654,357.932,0.3018154,-0.08624735,-0.9494569,0,0,0,0.700983,-0.6315017,-2.547149,-0.1040419,0.01004675,0.9983417,0.9585767,-0.03397439,0.2828012,-0.06475567,0.9408684,0.3325259,-0.2773761,-0.3370646,0.8996944,static,-5.682133547953146,0.9887819028064674,-5.949586698213104,0.5765730730305539,-0.37729899999999994,-0.32351840000000004,0.8721209999999999,-0.09899486337109834,0.017171878258670698,0.9949398069601029,-5.748502334497351,1.0977958216533312,0.4898903417344039,0.4913728797249637,0.5586663360297023
05/17/2023 16:16:20.878008,4424,True,True,True,True,Eyes,1.083586,-0.3102539,-3.40951,-0.3719786,-0.3158392,0.872856,0.0,0.0,0.0,0.0,0.0,0.0,0.0,-0.07772338,1.494925,3.272354,1.078307,-0.3078969,-3.419297,0.1715198,-0.1435988,0.00792258,0.974627,19.67053,342.8802,357.9419,0.301809,-0.08626241,-0.9494576,0,0,0,0.700983,-0.6315017,-2.547149,-0.1042789,0.009495825,0.9983839,0.9586332,-0.03381696,0.2826282,-0.0647032,0.9410363,0.3320602,-0.2771927,-0.3366109,0.8999207,static,-5.694855644749022,0.9612139654047821,-5.962791655863075,0.5449349597116919,-0.3773239999999999,-0.3236048000000001,0.8721479999999997,-0.0992165849098122,0.016692789284326603,0.9949258745832994,-5.761031212146325,1.069941836807065,0.4935322384869949,0.4950534482584057,0.5624406614445793
05/17/2023 16:16:20.888145,4425,True,True,True,True,Eyes,1.083586,-0.3102539,-3.40951,-0.3719786,-0.3158392,0.872856,0.0,0.0,0.0,0.0,0.0,0.0,0.0,-0.07955545,1.490264,3.274389,1.078247,-0.3077403,-3.419286,0.1708661,-0.1433535,0.007754136,0.9747792,19.59301,342.912,357.9396,0.3018033,-0.08627596,-0.9494582,0,0,0,0.700983,-0.6315017,-2.547149,-0.1046944,0.007948637,0.9983728,0.9587793,-0.03387136,0.2821259,-0.06410564,0.9414893,0.3308902,-0.2768262,-0.3353365,0.9005091,static,-5.722121182438393,0.8814085721843118,-5.9864443214831535,0.45615598773847515,-0.37726399999999993,-0.32376140000000003,0.8721369999999999,-0.0996922445439963,0.015306242913343565,0.9949006237591055,-5.787734873296427,0.9892725897793688,0.49908037992934606,0.5007059839989325,0.5689453015627268
05/17/2023 16:16:20.898166,4426,True,True,True,True,Eyes,1.083329,-0.310258,-3.409542,-0.371848,-0.3166866,0.8726045,0.9948931,0.7133805,-0.6253273,-2.541394,0.8265973,0.4116772,0.383743,-0.09160706,0.01426774,0.9981443,1.078257,-0.307701,-3.419384,0.1705424,-0.1432624,0.007855686,0.9748485,19.55775,342.9278,357.9597,0.3017982,-0.08628816,-0.9494587,0,0,0,0.700983,-0.6315017,-2.547149,-0.10491,0.00734821,0.9984563,0.9588284,-0.03354842,0.2819977,-0.06418083,0.9417072,0.3302551,-0.2766388,-0.3347568,0.9007823,static,-5.730599667441585,0.7959199873702221,-5.9981845607709525,0.42166474278524774,-0.377274,-0.32380070000000005,0.8722349999999999,-0.09984161938797734,0.013821568788900895,0.9949073154912521,-5.795605976971759,0.9027810659313208,0.45870918773374647,0.46007462790013515,0.5220258604817233
05/17/2023 16:16:20.917930,4427,True,True,True,True,Eyes,1.083082,-0.3102589,-3.409579,-0.3717123,-0.3174598,0.8723814,0.9922757,0.7142414,-0.6252666,-2.543936,0.8839214,0.4156919,0.214204,-0.09203312,0.01234928,0.9955427,1.078285,-0.3076273,-3.419325,0.1700181,-0.14305,0.007973818,0.9749702,19.49998,342.9602,357.9881,0.3017868,-0.08629937,-0.9494613,0,0,0,0.700983,-0.6315017,-2.547149,-0.1054458,0.00626862,0.9983907,0.9589463,-0.03309369,0.2816503,-0.06419063,0.9420605,0.3292438,-0.2762275,-0.3338065,0.9012612,static,-5.75338658131982,0.6922181360090874,-6.028986859605328,0.359739678828929,-0.3773019999999999,-0.32387440000000006,0.8721760000000001,-0.10023963179766943,0.012020343061559385,0.9948907443649477,-5.817659419740524,0.7979093834966747,0.4306944791732221,0.4318534912212104,0.48646888587907844
05/17/2023 16:16:20.928323,4428,True,True,True,True,Eyes,1.082998,-0.3102631,-3.409574,-0.3717206,-0.3180271,0.8721712,0.991135,0.7145723,-0.625471,-2.545134,0.9057533,0.4019598,0.134311,-0.09230557,0.01064572,0.9945736,1.078265,-0.3075644,-3.419476,0.1694138,-0.1429452,0.008218976,0.9750889,19.43496,342.9828,358.0307,0.3017699,-0.08630957,-0.9494657,0,0,0,0.700983,-0.6315017,-2.547149,-0.1057096,0.0051772,0.9985135,0.9589983,-0.03240529,0.2815533,-0.06446221,0.9424629,0.3280372,-0.2759836,-0.3327366,0.9017313,static,-5.774663177729515,0.5953451396463302,-6.043220625851904,0.29707064711204484,-0.377282,-0.32393730000000004,0.8723269999999999,-0.10061096570428604,0.010337822862496793,0.9948721555590572,-5.8382508421452926,0.699943553833833,0.4003383816299861,0.40136115387341026,0.4520168041159508
05/17/2023 16:16:20.947908,4429,True,True,True,True,Eyes,1.082919,-0.3102545,-3.409572,-0.3717207,-0.3185708,0.8719727,0.9903386,0.7147893,-0.6257476,-2.546024,0.9204381,0.3836212,0.07502426,-0.09260291,0.008807808,0.9938376,1.078345,-0.3075672,-3.419497,0.1687999,-0.1428432,0.008069388,0.9752115,19.36206,342.9972,358.0268,0.3017527,-0.08631894,-0.9494703,0,0,0,0.700983,-0.6315017,-2.547149,-0.1059737,0.003897578,0.9985386,0.9590614,-0.03248511,0.2813289,-0.06396253,0.942883,0.3269258,-0.2758804,-0.3315365,0.9022049,static,-5.787930726387925,0.48788130715440586,-6.058055437191489,0.2236404637947742,-0.3773620000000001,-0.32393450000000007,0.8723479999999997,-0.10084310703794652,0.00847162563310172,0.9948662836223194,-5.850755570601308,0.5912287373659111,0.37700774396165976,0.37787641192077376,0.4220122907633328
05/17/2023 16:16:20.967946,4430,True,True,True,True,Eyes,1.082794,-0.310242,-3.409583,-0.3718153,-0.3189129,0.8718073,0.9895519,0.7148632,-0.6258229,-2.546885,0.9253904,0.3786046,0.01764389,-0.09301138,0.00815317,0.9932476,1.078401,-0.3072473,-3.419586,0.1688981,-0.1426567,0.007620133,0.9752254,19.36601,343.0101,357.9756,0.3017352,-0.0863272,-0.9494752,0,0,0,0.700983,-0.6315017,-2.547149,-0.1062101,0.003587723,0.998718,0.959182,-0.03332618,0.2808188,-0.06305157,0.9428307,0.3272533,-0.2756708,-0.3316015,0.902245,static,-5.807914802027456,0.46444716619431936,-6.0703860932925755,0.2058243685649216,-0.3774179999999999,-0.32425440000000005,0.8724369999999997,-0.10119043895654273,0.008064435851813628,0.9948343999741688,-5.870577829573695,0.5675857547240868,0.3676136868510049,0.36847921270003214,0.41327308497669474
05/17/2023 16:16:20.988308,4431,True,True,True,True,Eyes,1.082672,-0.3102328,-3.409603,-0.3718809,-0.3192014,0.8716737,0.9889612,0.7148966,-0.6259106,-2.547551,0.9275534,0.37273,-0.02678194,-0.09380078,0.006001234,0.9926393,1.078471,-0.3071504,-3.419545,0.1680933,-0.1423481,0.00731074,0.9754118,19.26888,343.0479,357.9606,0.3017162,-0.08633436,-0.9494806,0,0,0,0.700983,-0.6315017,-2.547149,-0.1068487,0.001721859,0.9986765,0.9593672,-0.03359354,0.2801538,-0.06211747,0.9433824,0.325839,-0.2752382,-0.3300017,0.9029633,static,-5.84549996048077,0.34538110462193367,-6.106861843485614,0.0987858989978784,-0.37748799999999993,-0.32435130000000006,0.8723959999999997,-0.10184449161381418,0.005996657265928601,0.9947822457442725,-5.907323873810008,0.4472192849876808,0.3584834681738837,0.3593316425318093,0.40152363045601897
05/17/2023 16:16:21.008011,4432,True,True,True,True,Eyes,1.08268,-0.31023,-3.409588,-0.3721593,-0.3194297,0.8714713,0.9883225,0.7148662,-0.6259295,-2.548294,0.9253371,0.3713966,-0.07626093,-0.09468609,0.004784614,0.9920779,1.07843,-0.307232,-3.419764,0.1675498,-0.1419838,0.007285652,0.9755587,19.20677,343.0959,357.9753,0.3016959,-0.08634059,-0.9494865,0,0,0,0.700983,-0.6315017,-2.547149,-0.1075024,0.0007555485,0.9987568,0.9595751,-0.03336355,0.2794684,-0.06179387,0.9437479,0.3248405,-0.2745855,-0.3289782,0.9035354,static,-5.90675748587513,0.2664137965591176,-6.143448518161036,0.04334361679395441,-0.377447,-0.32426970000000005,0.8726149999999997,-0.1029087563732283,0.00462509479423337,0.9946800997818996,-5.968034504867623,0.3675254655004355,0.32444389516194055,0.325242909015754,0.36859726951030664
05/17/2023 16:16:21.018156,4433,True,True,True,True,Eyes,1.082755,-0.3102247,-3.409562,-0.3725934,-0.3196322,0.8712114,0.9876475,0.7147639,-0.6259087,-2.549112,0.9186335,0.3728268,-0.1308156,-0.09586033,0.003727585,0.9913419,1.078525,-0.3072917,-3.419815,0.1670872,-0.1416221,0.007364179,0.9756899,19.15571,343.1449,358.0007,0.3016779,-0.08634615,-0.9494917,0,0,0,0.700983,-0.6315017,-2.547149,-0.1083555,-6.633997e-05,0.9987257,0.9597778,-0.03295617,0.2788194,-0.06169678,0.9440553,0.3239647,-0.2738976,-0.3281364,0.9040501,static,-5.978946842947686,0.20043000486758422,-6.192014793459741,-0.0038058500831952167,-0.37754199999999993,-0.32421000000000005,0.8726659999999997,-0.10416238600226402,0.0034791272651502336,0.994554162178284,-6.039772450594927,0.30101320874513093,0.29437539756845016,0.29514443241044397,0.34072333290509205
05/17/2023 16:16:21.028266,4434,True,True,True,True,Eyes,1.08283,-0.3102224,-3.409539,-0.3729818,-0.3198151,0.8709782,0.9871129,0.714655,-0.6259161,-2.549785,0.9113288,0.3723163,-0.1756713,-0.09717926,0.002782255,0.9913675,1.0788,-0.3066248,-3.420252,0.1669892,-0.1411548,0.00729426,0.975775,19.14422,343.2008,358.0038,0.3016638,-0.08635101,-0.9494957,0,0,0,0.700983,-0.6315017,-2.547149,-0.1093888,-0.0007986128,0.9993156,0.9600442,-0.03290756,0.2779068,-0.06137779,0.9441228,0.3238286,-0.2730346,-0.3279471,0.9043798,static,-6.056231094313885,0.1725995932673429,-6.246937317254701,-0.04578847079351096,-0.37781699999999996,-0.3248769000000001,0.873103,-0.10550398852797399,0.0029956141400975245,0.9944144412140763,-6.116878715985812,0.2731351665505263,0.28900544650193344,0.289934837493875,0.34442346932340545
05/17/2023 16:16:21.057912,4435,True,True,True,True,Eyes,1.082902,-0.3102107,-3.409518,-0.37333,-0.3199733,0.8707708,0.9866962,0.7145383,-0.6259272,-2.550332,0.9037898,0.3716737,-0.2121851,-0.09829974,0.002361536,0.9909106,1.078868,-0.3066366,-3.420326,0.1668654,-0.1407447,0.007274595,0.9758556,19.13049,343.251,358.0121,0.3016533,-0.08635531,-0.9494986,0,0,0,0.700983,-0.6315017,-2.547149,-0.110252,-0.001042992,0.9993074,0.960276,-0.03277292,0.2771207,-0.06116873,0.9442061,0.3236253,-0.2722653,-0.3277207,0.9046938,static,-6.125413993858072,0.14514807464434665,-6.295889570393098,-0.05980043574840337,-0.3778849999999999,-0.3248651000000001,0.8731770000000001,-0.10670476813374699,0.002518845781328105,0.9942875517771421,-6.1858841851306,0.24561028755591713,0.2656683438526568,0.26658172125477125,0.3246180751221638
05/17/2023 16:16:21.078342,4436,True,True,True,True,Eyes,1.082896,-0.3101977,-3.409519,-0.3736251,-0.3201137,0.8705927,0.98627,0.7144003,-0.6259162,-2.55088,0.8942119,0.3722493,-0.248627,-0.09923327,0.001487702,0.9904699,1.078841,-0.3064065,-3.420349,0.1666305,-0.140396,0.007232629,0.9759463,19.1035,343.2942,358.0186,0.3016457,-0.08635886,-0.9495006,0,0,0,0.700983,-0.6315017,-2.547149,-0.1109065,-0.001764089,0.9993187,0.9604733,-0.0326712,0.2764482,-0.06090583,0.9443639,0.323214,-0.2716275,-0.3272758,0.9050465,static,-6.184178845205179,0.10602752988642958,-6.33289067976698,-0.10114365856856751,-0.3778579999999999,-0.32509520000000003,0.8731999999999998,-0.10772466098271552,0.0018397599173708423,0.9941791379176064,-6.244385632967526,0.20623616789533544,0.25401816913603104,0.2550198248462118,0.3198679431045767
05/17/2023 16:16:21.088319,4437,True,True,True,True,Eyes,1.082924,-0.3101858,-3.409516,-0.3740314,-0.3202662,0.8703621,0.9858059,0.7142016,-0.6259061,-2.551508,0.8811693,0.3730066,-0.2905286,-0.09974462,0.000336051,0.9899727,1.078922,-0.3063895,-3.420348,0.1661236,-0.140389,0.00730731,0.9760332,19.04654,343.3005,358.037,0.3016388,-0.0863617,-0.9495026,0,0,0,0.700983,-0.6315017,-2.547149,-0.1110547,-0.002740741,0.9993351,0.9604751,-0.03237951,0.2764764,-0.06090822,0.9446991,0.3222326,-0.2716208,-0.3263361,0.9053878,static,-6.2140552270980915,0.03949670285212695,-6.34118096355953,-0.15713697870136167,-0.3779389999999999,-0.3251122000000001,0.8731990000000001,-0.10824320827033065,0.0006852971923796136,0.9941242630556374,-6.273795492280654,0.1390119185906827,0.23314760115304292,0.23414900724141877,0.3037185722124515
05/17/2023 16:16:21.107774,4438,True,True,True,True,Eyes,1.082956,-0.3101774,-3.409517,-0.3744145,-0.3204116,0.8701438,0.9854081,0.7140048,-0.6259135,-2.55207,0.868107,0.3725397,-0.3280311,-0.1005442,-0.0004682243,0.98959,1.078978,-0.3063719,-3.420451,0.1658255,-0.1401631,0.00720484,0.976117,19.01101,343.3282,358.0349,0.3016334,-0.08636391,-0.9495041,0,0,0,0.700983,-0.6315017,-2.547149,-0.1115136,-0.003377169,0.9993988,0.9606048,-0.03241971,0.2760207,-0.06055077,0.9449,0.3217104,-0.2712417,-0.3257498,0.9057124,static,-6.263383670071397,-0.008731833428879442,-6.366766719014546,-0.19361319414390615,-0.37799499999999997,-0.3251298000000001,0.8733019999999998,-0.10909907375688291,-0.00015148955661017927,0.9940308914010437,-6.322793081697934,0.09038426232768403,0.2108273381867013,0.2118234461730367,0.28738169054618934
05/17/2023 16:16:21.118253,4439,True,True,True,True,Eyes,1.082986,-0.3101632,-3.409516,-0.3747667,-0.3205516,0.8699406,0.9850674,0.7138157,-0.625928,-2.552566,0.8553539,0.3715055,-0.3610448,-0.1012411,-0.0007713139,0.9892373,1.079075,-0.306465,-3.420535,0.1657345,-0.1399859,0.007053645,0.976159,18.99837,343.3474,358.0223,0.3016292,-0.08636565,-0.9495053,0,0,0,0.700983,-0.6315017,-2.547149,-0.1118948,-0.003524333,0.9994355,0.9607084,-0.03263003,0.275635,-0.06017195,0.9449646,0.3215917,-0.2709589,-0.3255413,0.905872,static,-6.3035460127338165,-0.034235805255870604,-6.388118709546213,-0.20204262257078953,-0.378092,-0.32503670000000007,0.873386,-0.10979581039137087,-0.0005939149515946374,0.9939540142810142,-6.362784193492441,0.06472190541352124,0.18697909148807834,0.1879139935807979,0.2679648318238253
05/17/2023 16:16:21.138207,4440,True,True,True,True,Eyes,1.083065,-0.3101476,-3.409503,-0.375274,-0.3207255,0.8696577,0.9846632,0.7135469,-0.6259542,-2.553183,0.8375371,0.369814,-0.4022053,-0.1019637,-0.0009283721,0.988775,1.079072,-0.3062869,-3.420522,0.1659158,-0.1397862,0.006804881,0.9761586,19.01542,343.3652,357.9936,0.3016263,-0.0863668,-0.9495061,0,0,0,0.700983,-0.6315017,-2.547149,-0.1121916,-0.003477514,0.9994482,0.960827,-0.0331002,0.2751652,-0.05967076,0.9448513,0.3220177,-0.270649,-0.3258226,0.9058635,static,-6.353245497140021,-0.03457788431113822,-6.404841802726907,-0.19935607602809932,-0.378089,-0.3252148000000001,0.873373,-0.11065793725833739,-0.0005997915226512995,0.9938583388830616,-6.412494405729391,0.06456166318451145,0.17168287513110608,0.17266740055878224,0.2640286639814117
05/17/2023 16:16:21.149991,4441,True,True,True,True,Eyes,1.083143,-0.3101357,-3.409492,-0.3757549,-0.320854,0.8694026,0.9843234,0.713279,-0.6259599,-2.553719,0.819629,0.3694075,-0.4378887,-0.1026832,-0.001502067,0.9883989,1.079144,-0.3061986,-3.420537,0.165705,-0.139693,0.006974572,0.9762066,18.99424,343.3814,358.0194,0.3016258,-0.08636737,-0.9495062,0,0,0,0.700983,-0.6315017,-2.547149,-0.1125101,-0.003889948,0.9994797,0.9608744,-0.0326784,0.2750498,-0.05991289,0.9449865,0.321576,-0.270427,-0.3254732,0.9060555,static,-6.398292881461217,-0.06406309633074501,-6.422671998602677,-0.22299250059091072,-0.3781610000000001,-0.32530310000000007,0.8733879999999998,-0.11143924947537873,-0.0011111472387737853,0.9937705842421319,-6.457343462791411,0.034888161222832406,0.15979947415509324,0.1607883605584938,0.26020097264707687
05/17/2023 16:16:21.167971,4442,True,True,True,True,Eyes,1.083245,-0.3101202,-3.409476,-0.3763303,-0.3210214,0.8690919,0.9839598,0.7129514,-0.6259923,-2.554325,0.7977441,0.3672236,-0.4782794,-0.1034187,-0.002632648,0.9879528,1.079188,-0.3062918,-3.42059,0.1651459,-0.1396194,0.007112348,0.9763109,18.93246,343.3974,358.0475,0.3016274,-0.08636753,-0.9495057,0,0,0,0.700983,-0.6315017,-2.547149,-0.1127686,-0.004823297,0.9994793,0.9609117,-0.03222742,0.274973,-0.06000286,0.9453525,0.3204813,-0.2702748,-0.3244534,0.9064665,static,-6.447805056091635,-0.13664142894400458,-6.437307373270171,-0.2764963878483455,-0.378205,-0.32520990000000005,0.8734409999999997,-0.11229773186038405,-0.0023697554665476073,0.9936717608343828,-6.506351191726219,-0.038383308699758284,0.13937193075834656,0.1402483899185832,0.2479211312668066
05/17/2023 16:16:21.178315,4443,True,True,True,True,Eyes,1.08334,-0.3100947,-3.409458,-0.3768793,-0.3211417,0.8688096,0.983659,0.7126191,-0.6259886,-2.554846,0.7756846,0.3675144,-0.5130755,-0.1038105,-0.002722651,0.9876826,1.079267,-0.3061523,-3.420626,0.1652848,-0.1396458,0.006895323,0.9762852,18.94473,343.3889,358.0188,0.3016316,-0.0863672,-0.9495044,0,0,0,0.700983,-0.6315017,-2.547149,-0.1126953,-0.004771262,0.9995945,0.960903,-0.03269905,0.2749476,-0.05962626,0.9452668,0.3208044,-0.2703888,-0.324656,0.90636,static,-6.4748272543577325,-0.13694219672107935,-6.43242300337958,-0.2734819964042638,-0.37828399999999995,-0.32534940000000007,0.8734769999999998,-0.11276636848126967,-0.002374844970119916,0.9936187526161404,-6.533378404366566,-0.03858659876344017,0.14216300997316003,0.14297285546054633,0.2556713531494753
05/17/2023 16:16:21.202098,4444,True,True,True,True,Eyes,1.083424,-0.3100724,-3.409441,-0.3772971,-0.3212869,0.8685744,0.9834436,0.7123733,-0.62604,-2.555247,0.7591147,0.3639994,-0.5396751,-0.1042399,-0.004216969,0.9873815,1.079182,-0.3058947,-3.420559,0.1648078,-0.1395384,0.006641645,0.9763829,18.8859,343.4007,357.9998,0.3016379,-0.08636617,-0.9495025,0,0,0,0.700983,-0.6315017,-2.547149,-0.112781,-0.006118983,0.9995704,0.9609699,-0.03302448,0.274675,-0.05896362,0.9455885,0.3199775,-0.2702966,-0.3236845,0.9067348,static,-6.510538289328422,-0.20957787208478773,-6.437427445854867,-0.35073819866380573,-0.37819900000000006,-0.32560700000000004,0.8734099999999998,-0.11338520078566452,-0.0036342266232509413,0.9935443879138091,-6.5685809282927625,-0.11196774974304508,0.1582064929283526,0.15896991298138666,0.27241982900187145
05/17/2023 16:16:21.218180,4445,True,True,True,True,Eyes,1.083506,-0.3100507,-3.409428,-0.3777064,-0.3214048,0.868353,0.9832599,0.7121226,-0.6260753,-2.555611,0.74241,0.3616552,-0.563944,-0.1047457,-0.005462408,0.9870552,1.079196,-0.3059485,-3.420513,0.1642274,-0.1394826,0.006621509,0.9764888,18.81899,343.4117,358.0092,0.3016458,-0.08636461,-0.9495001,0,0,0,0.700983,-0.6315017,-2.547149,-0.112949,-0.007243007,0.9994919,0.9610015,-0.03288206,0.2745813,-0.05874538,0.9459711,0.3188851,-0.2702315,-0.3225795,0.907148,static,-6.544563764460868,-0.28525797164411687,-6.447438122534745,-0.41519742973023843,-0.378213,-0.32555320000000004,0.873364,-0.11397457577738246,-0.004946227837359568,0.9934714055168103,-6.602075735722198,-0.18843647891001258,0.16161233311258472,0.16222716507193366,0.2744691607980853
05/17/2023 16:16:21.228321,4446,True,True,True,True,Eyes,1.08362,-0.3100325,-3.409401,-0.3780304,-0.3215029,0.8681756,0.9831571,0.711957,-0.6261203,-2.555848,0.7315171,0.358716,-0.5798324,-0.104805,-0.006097585,0.9870023,1.079244,-0.3059501,-3.420594,0.163936,-0.1395887,0.006631509,0.9765224,18.78548,343.4013,358.0136,0.3016552,-0.08636258,-0.9494973,0,0,0,0.700983,-0.6315017,-2.547149,-0.1127836,-0.007776082,0.999595,0.960942,-0.03281559,0.2747973,-0.05871886,0.946162,0.318323,-0.2704487,-0.3220257,0.90728,static,-6.554284812388583,-0.32504908794821935,-6.4374175068807915,-0.4457082044626026,-0.37826100000000007,-0.32555160000000005,0.8734449999999998,-0.11414270657542777,-0.005636068679480272,0.9934483618857128,-6.611515604711066,-0.22867280944457058,0.16748425192132463,0.16797794347676426,0.2782346318464921
05/17/2023 16:16:21.247963,4447,True,True,True,True,Eyes,1.083733,-0.3100142,-3.409376,-0.3783391,-0.3215861,0.8680103,0.9830657,0.7118003,-0.6261545,-2.556065,0.7210019,0.356403,-0.59425,-0.1050636,-0.006922662,0.9867681,1.079325,-0.305965,-3.420474,0.1635991,-0.1396107,0.006513553,0.9765765,18.74476,343.3991,358.0055,0.3016667,-0.08636022,-0.9494938,0,0,0,0.700983,-0.6315017,-2.547149,-0.1128319,-0.008518815,0.999504,0.9609328,-0.03295842,0.2748124,-0.05840235,0.9463858,0.3177154,-0.2705499,-0.3213528,0.9074884,static,-6.570287138494305,-0.37306527636259573,-6.440732615980654,-0.4883225357412997,-0.37834200000000007,-0.32553670000000007,0.8733249999999999,-0.11441958942708474,-0.006468409273495845,0.9934114416720384,-6.627179762214295,-0.27721025515510717,0.17298100466110716,0.17340302806822638,0.28165747523006057
05/17/2023 16:16:21.268003,4448,True,True,True,True,Eyes,1.083843,-0.3100002,-3.409351,-0.3786329,-0.3216729,0.86785,0.9829844,0.7116525,-0.6261996,-2.556267,0.7111565,0.3534051,-0.6077511,-0.10539,-0.007310748,0.9866833,1.079388,-0.3059484,-3.42051,0.163479,-0.1395557,0.006407727,0.9766053,18.72931,343.4046,357.9962,0.3016801,-0.08635757,-0.9494898,0,0,0,0.700983,-0.6315017,-2.547149,-0.1129628,-0.00881362,0.9995473,0.9609663,-0.03311321,0.2746766,-0.05814449,0.946467,0.3175206,-0.2704865,-0.3210975,0.9075977,static,-6.5936115551662375,-0.3966688208943509,-6.447864846700931,-0.5051988448310794,-0.378405,-0.32555330000000005,0.873361,-0.11482367090411294,-0.006877331190976915,0.9933620573449613,-6.650342039165192,-0.3010121919961083,0.18137190203708167,0.18171645254125446,0.28755730327042395
05/17/2023 16:16:21.288156,4449,True,True,True,True,Eyes,1.08395,-0.3099868,-3.409325,-0.3789073,-0.3217574,0.867699,0.9829175,0.7115155,-0.6262478,-2.556449,0.7021393,0.3502432,-0.6199437,-0.1058067,-0.00772509,0.9865102,1.07946,-0.3060042,-3.420462,0.1633117,-0.1394728,0.006348979,0.9766455,18.70927,343.4148,357.994,0.3016953,-0.08635478,-0.9494852,0,0,0,0.700983,-0.6315017,-2.547149,-0.1132017,-0.009137899,0.9994846,0.961014,-0.03315365,0.2745046,-0.05795646,0.946578,0.3172242,-0.2703571,-0.3207662,0.9077533,static,-6.619976923702256,-0.424138671051469,-6.461787858278208,-0.5238184353228844,-0.37847700000000006,-0.32549750000000005,0.873313,-0.11528038619590697,-0.007353196284177244,0.9933058361411046,-6.676518502631181,-0.3287158489084573,0.18670499056587264,0.1869754952525567,0.29012802148334793
05/17/2023 16:16:21.298487,4450,True,True,True,True,Eyes,1.084078,-0.3099785,-3.409291,-0.3791072,-0.3218804,0.867566,0.9828898,0.7114574,-0.6263515,-2.55657,0.6983265,0.3433654,-0.6280448,-0.1061356,-0.007840574,0.9864176,1.079495,-0.3060043,-3.42044,0.1633588,-0.1393463,0.006223163,0.9766564,18.71284,343.4273,357.9808,0.3017118,-0.08635187,-0.9494803,0,0,0,0.700983,-0.6315017,-2.547149,-0.1134473,-0.009121925,0.999451,0.9610878,-0.03337111,0.2742202,-0.05768268,0.9465504,0.3173565,-0.2701537,-0.3208252,0.907793,static,-6.6447483924976325,-0.43149617908735005,-6.475904112109417,-0.5229203751924174,-0.37851200000000007,-0.32549740000000005,0.873291,-0.11570971023465254,-0.007480373047686728,0.9932549180993165,-6.701244067183475,-0.336069709046158,0.19179395837349403,0.19200722552360427,0.2927307069510805
05/17/2023 16:16:21.327807,4451,True,True,True,True,Eyes,1.084203,-0.309971,-3.409261,-0.3792838,-0.3220099,0.8674407,0.9828705,0.7114159,-0.626465,-2.556679,0.6954999,0.3357639,-0.6352499,-0.1065747,-0.007939011,0.9862515,1.079558,-0.3060714,-3.420352,0.1634307,-0.1391538,0.005964435,0.9766734,18.71717,343.445,357.9528,0.3017302,-0.08634901,-0.9494747,0,0,0,0.700983,-0.6315017,-2.547149,-0.1138237,-0.009084076,0.9993341,0.9612013,-0.0338334,0.2737652,-0.05713462,0.9465097,0.3175769,-0.2698661,-0.3208968,0.9078532,static,-6.672941832199157,-0.4405041437367855,-6.497960236011122,-0.5208116889803354,-0.378575,-0.32543030000000006,0.8732029999999997,-0.11619830405787426,-0.007636092304787151,0.9931966516684028,-6.729380739678407,-0.34508119610410004,0.19237408665462943,0.19253015563167653,0.29057986104364625
05/17/2023 16:16:21.338170,4452,True,True,True,True,Eyes,1.084296,-0.3099633,-3.409235,-0.379438,-0.3221801,0.86731,0.9828393,0.7113689,-0.6266146,-2.556808,0.6923256,0.325776,-0.6438597,-0.1070735,-0.007819057,0.9862044,1.079605,-0.3060789,-3.420396,0.1636102,-0.1389291,0.005844796,0.9766761,18.73626,343.4684,357.9398,0.3017501,-0.08634621,-0.9494686,0,0,0,0.700983,-0.6315017,-2.547149,-0.1142518,-0.008782417,0.9993415,0.961329,-0.03404349,0.27329,-0.05687737,0.9463951,0.3179643,-0.269465,-0.3212123,0.9078608,static,-6.705889838501824,-0.4358309868009817,-6.52214151254206,-0.5035140382663936,-0.3786219999999999,-0.32542280000000007,0.8732470000000001,-0.1167694904361408,-0.007554575264514141,0.9931302348009886,-6.762370799872215,-0.3402281876369616,0.19571607075599623,0.19581737090637663,0.2904692402078602
05/17/2023 16:16:21.348235,4453,True,True,True,True,Eyes,1.084384,-0.3099562,-3.409213,-0.3795744,-0.3223393,0.8671913,0.982817,0.7113318,-0.6267568,-2.556923,0.6897155,0.3162361,-0.6513733,-0.1076855,-0.007550627,0.9860237,1.079655,-0.3060538,-3.420279,0.1638945,-0.1386665,0.005760805,0.9766663,18.76808,343.4962,357.93,0.3017706,-0.08634347,-0.9494623,0,0,0,0.700983,-0.6315017,-2.547149,-0.1148076,-0.00834018,0.9992064,0.9614769,-0.0342006,0.2727501,-0.05670613,0.9462108,0.3185429,-0.2689735,-0.3217382,0.9078203,static,-6.742323711028874,-0.4176678159100628,-6.55447276084736,-0.4782255373320515,-0.378672,-0.32544790000000007,0.8731299999999997,-0.11740127804546052,-0.0072392034730828225,0.9930582229164149,-6.798943848455018,-0.32170885176061986,0.19729269944578884,0.19737076051918337,0.29028190701167983
05/17/2023 16:16:21.368170,4454,True,True,True,True,Eyes,1.084442,-0.3099506,-3.409198,-0.3796767,-0.3225255,0.8670772,0.982797,0.7112973,-0.6269277,-2.557037,0.6875071,0.3048815,-0.6590762,-0.1080266,-0.007846594,0.9860123,1.07964,-0.3060645,-3.420358,0.1638479,-0.1384946,0.005696468,0.9766989,18.76201,343.5161,357.9266,0.3017915,-0.08634079,-0.9494559,0,0,0,0.700983,-0.6315017,-2.547149,-0.1150944,-0.008442819,0.9992321,0.9615736,-0.03425663,0.2724018,-0.05651157,0.9462429,0.3184822,-0.2686684,-0.3216379,0.9079462,static,-6.767950225184915,-0.43750545618187353,-6.570535913792931,-0.48409812385797785,-0.3786569999999999,-0.32543720000000004,0.8732089999999997,-0.11784512061796545,-0.007582629761758886,0.9930030194845398,-6.824435687838174,-0.341690691195463,0.20280190941649684,0.2028380808022677,0.291109897010999
05/17/2023 16:16:21.385623,4455,True,True,True,True,Eyes,1.084497,-0.3099442,-3.409185,-0.3797623,-0.3227075,0.8669721,0.9827819,0.7112731,-0.6270953,-2.55714,0.6858237,0.2936799,-0.6658815,-0.1085708,-0.007637978,0.9858819,1.079683,-0.3060883,-3.420296,0.1640843,-0.1382459,0.00559364,0.976695,18.78798,343.5423,357.9151,0.3018119,-0.08633821,-0.9494497,0,0,0,0.700983,-0.6315017,-2.547149,-0.1155989,-0.008040667,0.999132,0.9617136,-0.03444137,0.2718837,-0.0562945,0.9460902,0.318974,-0.2682124,-0.3220672,0.9079289,static,-6.7995169624552005,-0.42643291614970696,-6.59973875300742,-0.46108656147175425,-0.3786999999999999,-0.3254134000000001,0.8731469999999999,-0.11839237314469372,-0.007390245755980324,0.9929394681876552,-6.856089747687042,-0.33036601684090583,0.20274603995045806,0.2027614561603546,0.28775630881323355
05/17/2023 16:16:21.398140,4456,True,True,True,True,Eyes,1.084607,-0.3099386,-3.409155,-0.3798778,-0.3228983,0.8668504,0.9827878,0.7112672,-0.6272791,-2.557225,0.6854284,0.2814253,-0.6715562,-0.1088717,-0.007795304,0.9858598,1.079638,-0.3060606,-3.420333,0.1641161,-0.1380789,0.005614141,0.9767132,18.79234,343.5626,357.9203,0.3018318,-0.0863357,-0.9494436,0,0,0,0.700983,-0.6315017,-2.547149,-0.1158818,-0.007996678,0.9991238,0.9618054,-0.03435511,0.2715696,-0.05628873,0.9460688,0.3190383,-0.2678841,-0.3221391,0.9080003,static,-6.826798597673034,-0.43525286507725014,-6.615800809501719,-0.4585679136668749,-0.3786550000000001,-0.32544110000000004,0.8731839999999997,-0.11886501175916617,-0.0075426666540610865,0.9928818097916432,-6.883315714886365,-0.33919062462871064,0.21227928729343246,0.21228202491950085,0.2929422498395501
05/17/2023 16:16:21.417917,4457,True,True,True,True,Eyes,1.084712,-0.3099293,-3.409128,-0.3799945,-0.3230701,0.8667352,0.982798,0.7112546,-0.627442,-2.557302,0.6846631,0.2706026,-0.6767647,-0.109199,-0.008038908,0.9858037,1.079654,-0.3060308,-3.420306,0.1641017,-0.1379402,0.005631056,0.9767351,18.79126,343.5797,357.9253,0.3018526,-0.08633329,-0.9494372,0,0,0,0.700983,-0.6315017,-2.547149,-0.1161852,-0.00806278,0.9990799,0.9618816,-0.03427235,0.2713103,-0.05627255,0.9460778,0.3190143,-0.267614,-0.3221213,0.9080862,static,-6.850946143733309,-0.4481234701819292,-6.633256910463175,-0.4623786712021065,-0.37867099999999987,-0.32547090000000006,0.873157,-0.11928324884470523,-0.007765309398192144,0.9928299063678042,-6.907377876960418,-0.35212664142222805,0.21815556719712317,0.2181554790461712,0.29546203536827853
05/17/2023 16:16:21.427901,4458,True,True,True,True,Eyes,1.084816,-0.3099193,-3.409098,-0.3801879,-0.3231743,0.8666116,0.9827728,0.7111777,-0.6275262,-2.557416,0.6794435,0.2649559,-0.6842185,-0.1091676,-0.008519977,0.9858221,1.079669,-0.3059374,-3.420335,0.1639462,-0.1380171,0.005643793,0.9767503,18.77345,343.5719,357.9281,0.3018743,-0.08633084,-0.9494305,0,0,0,0.700983,-0.6315017,-2.547149,-0.1160503,-0.008435786,0.9991544,0.9618389,-0.03422961,0.2714671,-0.05627992,0.9461796,0.3187112,-0.2677659,-0.321827,0.9081458,static,-6.855449836253462,-0.4723627119163108,-6.625134067605321,-0.4837324948448621,-0.37868599999999997,-0.32556430000000003,0.873186,-0.11936089629288407,-0.008185253476536147,0.992817259521179,-6.911709910234121,-0.3766423970185745,0.23059563338751,0.23059623858993508,0.30593136915140035
05/17/2023 16:16:21.448100,4459,True,True,True,True,Eyes,1.084917,-0.3099078,-3.409069,-0.3803838,-0.323251,0.8664969,0.9827527,0.7110937,-0.6275836,-2.557517,0.6739535,0.2611695,-0.6910697,-0.109163,-0.00906691,0.9857166,1.07968,-0.3059017,-3.420245,0.1637482,-0.1380889,0.005597975,0.9767736,18.74979,343.5639,357.9249,0.3018967,-0.08632835,-0.9494237,0,0,0,0.700983,-0.6315017,-2.547149,-0.1159373,-0.008906513,0.999101,0.9618003,-0.03428772,0.2715965,-0.05615954,0.9463103,0.3183439,-0.2679299,-0.321436,0.9082359,static,-6.859593264153854,-0.5014784564005662,-6.619090955376427,-0.510751253309217,-0.37869699999999995,-0.32560000000000006,0.8730959999999999,-0.11943217206180934,-0.00868969203316236,0.9928042946835078,-6.9156468086150396,-0.4060950236530336,0.24067896325499363,0.2406810031759505,0.3144810018044483
05/17/2023 16:16:21.468404,4460,True,True,True,True,Eyes,1.084997,-0.3098975,-3.409044,-0.3806202,-0.3233057,0.8663727,0.9827076,0.7109587,-0.6276125,-2.557653,0.6651059,0.2593001,-0.7002839,-0.109127,-0.009757757,0.98569,1.07972,-0.3058593,-3.420252,0.163462,-0.1382034,0.005511712,0.9768058,18.71523,343.5507,357.9177,0.3019196,-0.08632578,-0.9494166,0,0,0,0.700983,-0.6315017,-2.547149,-0.1157324,-0.009542584,0.999154,0.9617389,-0.03441428,0.2717977,-0.05594976,0.9464996,0.3178178,-0.2681939,-0.3208648,0.9083599,static,-6.8608267002926535,-0.5404203545911992,-6.607148945061076,-0.5471960936939164,-0.378737,-0.32564240000000005,0.873103,-0.11945281972491278,-0.009364440437856975,0.992795698379517,-6.916602872991639,-0.44550361891698564,0.2537633631940576,0.25376822917717695,0.32573469716613057
05/17/2023 16:16:21.485684,4461,True,True,True,True,Eyes,1.085074,-0.309885,-3.40902,-0.3808519,-0.3233393,0.8662583,0.9826614,0.7108252,-0.6276181,-2.557781,0.6561552,0.2589127,-0.7088192,-0.1091705,-0.01022521,0.9855682,1.079742,-0.3058853,-3.420194,0.1632544,-0.1382767,0.005436649,0.9768306,18.68997,343.5421,357.9111,0.3019426,-0.08632319,-0.9494095,0,0,0,0.700983,-0.6315017,-2.547149,-0.1156105,-0.009977669,0.9991127,0.9617,-0.03452719,0.2719209,-0.05576992,0.9466369,0.3174402,-0.2683708,-0.3204472,0.9084551,static,-6.866324469189336,-0.5690016280319532,-6.600521549202643,-0.5721670033555741,-0.37875899999999996,-0.32561640000000003,0.8730449999999998,-0.11954750991240956,-0.009859569357569098,0.9927794804199046,-6.921898282549952,-0.4744102378352347,0.26581236125292107,0.26582176711923283,0.3359157482792165
05/17/2023 16:16:21.498281,4462,True,True,True,True,Eyes,1.085139,-0.3098769,-3.408999,-0.3811017,-0.3233285,0.8661526,0.9826035,0.7106673,-0.6275806,-2.557914,0.6455512,0.2613752,-0.7175978,-0.1092466,-0.01076496,0.9855145,1.079731,-0.3058218,-3.42021,0.163033,-0.1383121,0.005319711,0.9768632,18.66253,343.5374,357.9007,0.3019653,-0.08632051,-0.9494026,0,0,0,0.700983,-0.6315017,-2.547149,-0.115496,-0.01052696,0.9991501,0.9616829,-0.03470561,0.2719586,-0.05549214,0.9467839,0.3170504,-0.2684894,-0.3199935,0.90858,static,-6.876316840486524,-0.5979018150097511,-6.593797374839583,-0.6036410974895504,-0.378748,-0.3256799000000001,0.8730609999999999,-0.11972005685629705,-0.010360113720114528,0.9927537092209384,-6.931687211090964,-0.5036228111511446,0.2825688604396332,0.2825777553750757,0.3523821775346432
05/17/2023 16:16:21.518248,4463,True,True,True,True,Eyes,1.085203,-0.3098643,-3.40898,-0.3813313,-0.3233163,0.8660561,0.9825567,0.7105232,-0.6275409,-2.558031,0.6358696,0.2639912,-0.7252438,-0.1095116,-0.01094967,0.9853932,1.07976,-0.3059206,-3.4202,0.1629138,-0.1382675,0.005216878,0.97689,18.64723,343.5417,357.8916,0.3019876,-0.08631787,-0.9493957,0,0,0,0.700983,-0.6315017,-2.547149,-0.1155905,-0.01072532,0.999108,0.9617097,-0.03485875,0.2718441,-0.05524402,0.9468638,0.3168551,-0.2684446,-0.3197404,0.9086823,static,-6.894078976099129,-0.6150004298279687,-6.599420538328506,-0.6150405825808516,-0.37877700000000003,-0.32558110000000007,0.8730509999999998,-0.12002743968197041,-0.010655979556735612,0.9927134643872154,-6.949332120628759,-0.5208619035355654,0.2946419840187114,0.29465844050640716,0.36236409730350183
05/17/2023 16:16:21.528429,4464,True,True,True,True,Eyes,1.085294,-0.3098558,-3.408949,-0.3815883,-0.3233008,0.8659486,0.9825134,0.7103785,-0.6275032,-2.558143,0.6261896,0.2664908,-0.7327136,-0.1099643,-0.01111656,0.9853441,1.079778,-0.3058003,-3.420216,0.1628852,-0.1381287,0.005213665,0.9769144,18.64419,343.5586,357.8945,0.3020094,-0.08631516,-0.949389,0,0,0,0.700983,-0.6315017,-2.547149,-0.1158759,-0.01090139,0.9991328,0.9617866,-0.03481165,0.2715783,-0.05518486,0.9468825,0.3168095,-0.2681814,-0.3196901,0.9087777,static,-6.925922548763643,-0.6192712430935103,-6.615407896053976,-0.6251209588268523,-0.3787949999999999,-0.32570140000000003,0.8730669999999998,-0.12057904354020862,-0.010729252896176544,0.9926457541392644,-6.981153674238996,-0.5250652466982912,0.3105586212701111,0.3105697485615206,0.37918480954505457
05/17/2023 16:16:21.548142,4465,True,True,True,True,Eyes,1.085382,-0.3098459,-3.40892,-0.3818072,-0.3232772,0.8658609,0.9824875,0.7102613,-0.6274617,-2.558223,0.618516,0.2693134,-0.738179,-0.1106911,-0.01128525,0.9851081,1.079784,-0.3058745,-3.420112,0.1627555,-0.1378654,0.005305286,0.9769727,18.63137,343.5931,357.9129,0.3020316,-0.08631247,-0.9493822,0,0,0,0.700983,-0.6315017,-2.547149,-0.1164748,-0.01109308,0.9989477,0.9619299,-0.03451048,0.2711084,-0.05524296,0.946965,0.3165526,-0.2676546,-0.3194782,0.9090075,static,-6.971780045697359,-0.632050811449674,-6.65051502088456,-0.6362300466487886,-0.37880100000000005,-0.32562720000000006,0.8729629999999999,-0.12137319123246523,-0.010949590029106754,0.992546542530239,-7.026932188147045,-0.5378278856245308,0.3212781490195519,0.32129220683797716,0.38906666408747664
05/17/2023 16:16:21.567816,4466,True,True,True,True,Eyes,1.085479,-0.309843,-3.408888,-0.3820002,-0.3232796,0.8657749,0.9824674,0.7101765,-0.6274546,-2.558292,0.6128255,0.2697702,-0.7427441,-0.1115505,-0.01161942,0.9849993,1.079785,-0.3058328,-3.420122,0.1626212,-0.1374809,0.005308222,0.9770492,18.61681,343.6405,357.9232,0.3020541,-0.08630978,-0.9493753,0,0,0,0.700983,-0.6315017,-2.547149,-0.1172442,-0.01142123,0.9988772,0.9621416,-0.03434184,0.2703778,-0.05508741,0.9470524,0.3163182,-0.2669248,-0.3192374,0.9093066,static,-7.028199769692583,-0.6499830740911751,-6.694517241870676,-0.6550953013030569,-0.37880199999999997,-0.32566890000000004,0.872973,-0.12235008524394425,-0.011258873404988767,0.9924231579606857,-7.083238983066079,-0.5557660575625191,0.3337070121831954,0.33372168680006997,0.4012117779179135
05/17/2023 16:16:21.588154,4467,True,True,True,True,Eyes,1.085575,-0.3098287,-3.408856,-0.382168,-0.3232802,0.8657006,0.9824604,0.7101096,-0.6274387,-2.55834,0.6084001,0.2708473,-0.7459833,-0.1123065,-0.0113793,0.9848065,1.079804,-0.3059942,-3.420074,0.1626065,-0.1372061,0.005605251,0.9770886,18.6206,343.6794,357.964,0.302077,-0.08630729,-0.9493682,0,0,0,0.700983,-0.6315017,-2.547149,-0.1179313,-0.01118135,0.9987115,0.9622861,-0.03366755,0.269948,-0.05557486,0.9470555,0.3162237,-0.2663022,-0.3193,0.9094672,static,-7.075924792070341,-0.6449305823552657,-6.73449761681143,-0.6414438994707506,-0.37882099999999996,-0.32550750000000006,0.872925,-0.12317681072931344,-0.011170207612632072,0.992321871439326,-7.131012679386892,-0.5504738271690085,0.34141915967276154,0.3414449779434701,0.40681660352523324
05/17/2023 16:16:21.598129,4468,True,True,True,True,Eyes,1.085681,-0.3098198,-3.408821,-0.382346,-0.323276,0.8656236,0.982452,0.7100443,-0.6274229,-2.558387,0.6040373,0.2718945,-0.7491412,-0.1128872,-0.0117209,0.9848301,1.079849,-0.3057174,-3.420084,0.1624853,-0.1370248,0.005930229,0.9771324,18.61241,343.7083,358.0081,0.3021003,-0.08630465,-0.949361,0,0,0,0.700983,-0.6315017,-2.547149,-0.1184423,-0.01152533,0.9987633,0.9623781,-0.03293978,0.2697098,-0.05611825,0.9471267,0.3159142,-0.2658555,-0.3191645,0.9096454,static,-7.114546455112654,-0.6504046482124045,-6.763061128414623,-0.661141090639381,-0.37886600000000004,-0.3257843000000001,0.872935,-0.12384555529935806,-0.011264069946567978,0.9922375985265792,-7.169605538627831,-0.5558696220308553,0.35163926199452045,0.3516492657180008,0.4199529016194562
05/17/2023 16:16:21.618200,4469,True,True,True,True,Eyes,1.085785,-0.3098054,-3.408792,-0.3825091,-0.3232975,0.8655435,0.9824516,0.7099881,-0.6274296,-2.558437,0.6002272,0.2714194,-0.7523687,-0.1131775,-0.01201162,0.9846866,1.079887,-0.3059003,-3.420037,0.1622051,-0.1369884,0.006164727,0.9771825,18.58415,343.7193,358.0416,0.3021243,-0.08630203,-0.9493536,0,0,0,0.700983,-0.6315017,-2.547149,-0.1186675,-0.01180136,0.9986471,0.9623924,-0.03239231,0.2697252,-0.05648856,0.9473029,0.3153191,-0.2657254,-0.3186971,0.9098474,static,-7.13462202242855,-0.6773967048019702,-6.776581697342152,-0.6770526320977028,-0.378904,-0.32560140000000004,0.8728880000000001,-0.12419254471608343,-0.011730999245741058,0.9921888081282463,-7.189493941666262,-0.5831132392839596,0.35801572258657566,0.35804049041134883,0.42346325818775366
05/17/2023 16:16:21.628285,4470,True,True,True,True,Eyes,1.085896,-0.3097899,-3.408756,-0.3826521,-0.3233217,0.8654712,0.98246,0.7099551,-0.6274405,-2.558465,0.5980782,0.2707177,-0.7543304,-0.1133458,-0.01149377,0.9848593,1.079932,-0.3056752,-3.420157,0.1626558,-0.1368539,0.005840322,0.9771284,18.63087,343.7259,357.9978,0.3021487,-0.08629927,-0.9493461,0,0,0,0.700983,-0.6315017,-2.547149,-0.1187988,-0.0112592,0.9988325,0.9624738,-0.03310667,0.2693475,-0.05593365,0.9470179,0.3162728,-0.2655477,-0.3194699,0.9096282,static,-7.150931582708071,-0.6388693576749445,-6.782762329639584,-0.6458313272052456,-0.37894899999999987,-0.3258265000000001,0.873008,-0.12447591354173948,-0.011063423653966065,0.9921609229150997,-7.20608256529136,-0.5440585659507222,0.3682210454618194,0.3682350715572167,0.43538226519421436
05/17/2023 16:16:21.647770,4471,True,True,True,True,Eyes,1.086002,-0.3097783,-3.408726,-0.3827808,-0.3233091,0.865419,0.9824706,0.7099307,-0.62742,-2.558478,0.5964434,0.2720819,-0.7551336,-0.1136359,-0.01198259,0.9847226,1.079935,-0.3056226,-3.420033,0.1625355,-0.1366809,0.005494412,0.9771747,18.61172,343.7411,357.9626,0.3021738,-0.08629636,-0.9493383,0,0,0,0.700983,-0.6315017,-2.547149,-0.119065,-0.01177341,0.9987057,0.9625763,-0.033693,0.2689083,-0.055169,0.947104,0.3161492,-0.2653361,-0.3191532,0.9098011,static,-7.172229888590072,-0.6634314651792804,-6.7986738268662235,-0.6754096399953101,-0.37895200000000007,-0.32587910000000003,0.872884,-0.1248441191433432,-0.011488216154201314,0.992109836337372,-7.227211359052891,-0.5688382489921721,0.3737373680341919,0.37374805407193146,0.4415901695837249
05/17/2023 16:16:21.668032,4472,True,True,True,True,Eyes,1.086107,-0.3097706,-3.4087,-0.3828993,-0.3233597,0.8653477,0.9824865,0.7099136,-0.627467,-2.558507,0.5953279,0.2689565,-0.7571309,-0.1139139,-0.01287901,0.9847323,1.079923,-0.3057151,-3.420139,0.1620703,-0.1365287,0.005399127,0.9772737,18.55703,343.7612,357.9627,0.3021993,-0.08629341,-0.9493304,0,0,0,0.700983,-0.6315017,-2.547149,-0.1193244,-0.01263091,0.9987215,0.9626615,-0.03370163,0.2686019,-0.05480733,0.9474081,0.3152997,-0.2651017,-0.3182483,0.9101864,static,-7.196951202926416,-0.7232843663434669,-6.813239835619175,-0.7245856360257774,-0.37893999999999994,-0.32578660000000004,0.8729899999999997,-0.12527061673071038,-0.012523919294713526,0.9920435652980557,-7.251512405994365,-0.6293230401109078,0.38368581414339525,0.38371357378072884,0.44850619630470634
05/17/2023 16:16:21.686013,4473,True,True,True,True,Eyes,1.08621,-0.3097613,-3.408677,-0.3830147,-0.3234032,0.8652803,0.9825024,0.7098974,-0.6275057,-2.558537,0.5941489,0.2663355,-0.7589812,-0.1139127,-0.01209658,0.9847664,1.079912,-0.3057833,-3.420204,0.1624782,-0.1364982,0.005299384,0.9772109,18.60232,343.7599,357.9442,0.3022252,-0.08629053,-0.9493225,0,0,0,0.700983,-0.6315017,-2.547149,-0.1193012,-0.01179415,0.9987655,0.9626803,-0.03399874,0.2684972,-0.05471321,0.9471455,0.3161042,-0.2650531,-0.3189977,0.9099382,static,-7.204373818447086,-0.6835196968278157,-6.811630324582335,-0.676558821980821,-0.37892899999999996,-0.3257184000000001,0.8730549999999999,-0.1254001782746852,-0.011835217884358512,0.9920355894123591,-7.259220553849339,-0.5890493243337244,0.39276741862982045,0.39280517531179077,0.4560646067321339
05/17/2023 16:16:21.698011,4474,True,True,True,True,Eyes,1.086327,-0.309756,-3.408653,-0.3831332,-0.323503,0.8651906,0.9825298,0.7098868,-0.6276073,-2.558578,0.5935171,0.2595932,-0.7618061,-0.1139191,-0.0123474,0.9848694,1.079961,-0.3057382,-3.420287,0.1624161,-0.1365144,0.005281611,0.977219,18.59486,343.7581,357.9429,0.3022512,-0.08628765,-0.9493144,0,0,0,0.700983,-0.6315017,-2.547149,-0.1192893,-0.01193812,0.9988708,0.9626718,-0.03402171,0.2685246,-0.05466687,0.9471862,0.3159902,-0.2650933,-0.3188743,0.9099696,static,-7.210189099828448,-0.6977350031234251,-6.8102460036502395,-0.6847445396853732,-0.3789779999999999,-0.32576350000000004,0.873138,-0.12550050382079916,-0.012081191707225214,0.9920200011225875,-7.264936005152153,-0.6034149170945925,0.4001036697224047,0.4001540107520446,0.4619063811819111
05/17/2023 16:16:21.717830,4475,True,True,True,True,Eyes,1.086437,-0.309744,-3.408632,-0.3832304,-0.3235949,0.8651131,0.9825617,0.7098892,-0.627696,-2.558605,0.5936953,0.2536916,-0.7636534,-0.1143285,-0.01177859,0.984866,1.080016,-0.3058147,-3.42033,0.1627199,-0.1363183,0.005271975,0.9771959,18.63001,343.7791,357.9402,0.3022778,-0.08628488,-0.9493062,0,0,0,0.700983,-0.6315017,-2.547149,-0.119702,-0.01126903,0.9988625,0.962779,-0.03405989,0.268135,-0.0546669,0.9469889,0.316581,-0.2647037,-0.3194557,0.9098791,static,-7.237696380135139,-0.670695043039906,-6.833640937196074,-0.6463757190498283,-0.37903300000000006,-0.32568700000000006,0.8731809999999998,-0.12597744187374496,-0.011612311677930282,0.9919650764710528,-7.292643397796035,-0.5759447600940736,0.4047159183953345,0.40478664810986387,0.46437461043455697
05/17/2023 16:16:21.737835,4476,True,True,True,True,Eyes,1.086545,-0.3097317,-3.408612,-0.3833225,-0.3236639,0.8650466,0.9825932,0.709895,-0.6277617,-2.558623,0.594065,0.2493064,-0.7648093,-0.1147196,-0.01213685,0.9848965,1.079973,-0.3056396,-3.420371,0.1626667,-0.1360835,0.00524283,0.9772377,18.62392,343.8073,357.9423,0.3023047,-0.08628203,-0.9492979,0,0,0,0.700983,-0.6315017,-2.547149,-0.1201026,-0.01156151,0.9988872,0.9629076,-0.03402553,0.2676775,-0.05451949,0.9470241,0.3165012,-0.2642662,-0.319355,0.9100416,static,-7.270083313209026,-0.6833636922019932,-6.856125433219093,-0.6631340848325383,-0.37899000000000005,-0.32586210000000004,0.8732219999999997,-0.12653782737782915,-0.011830795009761613,0.9918912691787117,-7.324948569969767,-0.5886455446387112,0.41438775832112434,0.41445188311803133,0.4747037772895313
05/17/2023 16:16:21.748286,4477,True,True,True,True,Eyes,1.086651,-0.3097126,-3.408596,-0.3834108,-0.3236941,0.8649961,0.9826326,0.7098989,-0.627785,-2.558622,0.5944858,0.247819,-0.7649657,-0.1150852,-0.01304838,0.9848568,1.07997,-0.3056335,-3.420379,0.1621776,-0.1359335,0.005398598,0.9773389,18.57058,343.8321,357.9724,0.3023319,-0.08627909,-0.9492896,0,0,0,0.700983,-0.6315017,-2.547149,-0.1204781,-0.01246214,0.998839,0.9629858,-0.03353822,0.2674573,-0.05464326,0.9473386,0.3155372,-0.2639552,-0.3184726,0.910441,static,-7.297648999276155,-0.7370020833531502,-6.877684773992275,-0.7148208862049636,-0.3789870000000001,-0.32586820000000005,0.87323,-0.12701356717054585,-0.012758582264577267,0.9918189034697168,-7.352139058509573,-0.6428299679890925,0.4204736780613794,0.4205495880692502,0.4798849449632544
05/17/2023 16:16:21.767994,4478,True,True,True,True,Eyes,1.086741,-0.309693,-3.408584,-0.3834802,-0.3236941,0.8649653,0.9826634,0.7099087,-0.6277753,-2.558614,0.5950558,0.2484263,-0.7643251,-0.1151463,-0.01412541,0.9849848,1.080011,-0.3054616,-3.420468,0.1616734,-0.1359264,0.005452445,0.9774231,18.51355,343.8378,357.9879,0.3023591,-0.08627588,-0.9492812,0,0,0,0.700983,-0.6315017,-2.547149,-0.120551,-0.01356298,0.9989656,0.9629886,-0.03329265,0.2674782,-0.05461004,0.947664,0.3145643,-0.2639521,-0.3175289,0.9107715,static,-7.3056820552783535,-0.7927911891563398,-6.880942712590102,-0.7778583844603367,-0.37902800000000003,-0.32604010000000005,0.873319,-0.1271509924930014,-0.01372406964313555,0.9917883742973677,-7.3597764051088905,-0.6992642277289274,0.42493403693390874,0.42500176221203734,0.48524091600307095
05/17/2023 16:16:21.786198,4479,True,True,True,True,Eyes,1.086826,-0.309675,-3.408576,-0.3835429,-0.3236828,0.8649418,0.9826952,0.7099202,-0.6277566,-2.558602,0.5957436,0.2496433,-0.7633922,-0.1151098,-0.0151633,0.985006,1.080018,-0.3054399,-3.420493,0.1611858,-0.1359179,0.005256785,0.9775059,18.45436,343.8389,357.9738,0.302386,-0.08627241,-0.9492729,0,0,0,0.700983,-0.6315017,-2.547149,-0.1205282,-0.01463777,0.998985,0.9629974,-0.033539,0.2674157,-0.05409315,0.947983,0.3136912,-0.2640264,-0.3165492,0.9110909,static,-7.308377399548792,-0.8534594275763878,-6.879521462324244,-0.8394744951392843,-0.3790349999999999,-0.32606180000000007,0.8733439999999999,-0.1271957530057254,-0.014774142748979757,0.9917676107167592,-7.362039832239859,-0.7606566459632031,0.4290097665859048,0.42908389998695584,0.48891331609475025
05/17/2023 16:16:21.802308,4480,True,True,True,True,Eyes,1.086891,-0.3096568,-3.408574,-0.3835681,-0.3237034,0.8649229,0.9827364,0.7099442,-0.627772,-2.558583,0.5974916,0.2486793,-0.7623399,-0.115163,-0.01543483,0.9850556,1.079995,-0.3054603,-3.420566,0.1610631,-0.135838,0.005139995,0.9775379,18.43853,343.8472,357.9637,0.3024124,-0.08626875,-0.9492648,0,0,0,0.700983,-0.6315017,-2.547149,-0.1206119,-0.01490429,0.9990188,0.9630432,-0.03370792,0.2672294,-0.05380608,0.9480644,0.3134942,-0.2639179,-0.316287,0.9112133,static,-7.317242013183479,-0.8726001067166878,-6.884022386593911,-0.8547282254067432,-0.379012,-0.32604140000000004,0.8734169999999999,-0.1273485628459284,-0.015105160794076727,0.9917430005359458,-7.370770300353713,-0.7799958125139576,0.4335017877490409,0.4335881098507678,0.492451485007708
05/17/2023 16:16:21.818010,4481,True,True,True,True,Eyes,1.086955,-0.3096345,-3.408573,-0.3835887,-0.3236871,0.8649198,0.982771,0.7099754,-0.6277448,-2.558555,0.5994167,0.2504274,-0.7602537,-0.1153293,-0.01545563,0.9850752,1.080004,-0.3054487,-3.420597,0.1609851,-0.1357736,0.005348798,0.9775585,18.43311,343.8595,357.991,0.3024378,-0.08626489,-0.9492571,0,0,0,0.700983,-0.6315017,-2.547149,-0.1208175,-0.01495725,0.9990283,0.9630738,-0.03325754,0.2671755,-0.0541726,0.9481104,0.3132923,-0.2637312,-0.3161972,0.9112986,static,-7.330262832055479,-0.8745462912163862,-6.895579340204861,-0.8577567563849493,-0.37902099999999994,-0.32605300000000004,0.8734479999999998,-0.127573867997942,-0.015138404860475907,0.9917134801990259,-7.383780690486896,-0.7819168273218667,0.43492337289352384,0.43500761667734283,0.49405693321468047
05/17/2023 16:16:21.838111,4482,True,True,True,True,Eyes,1.086999,-0.3096142,-3.408581,-0.3835795,-0.3237089,0.8649158,0.9828104,0.7100128,-0.6277586,-2.558532,0.6018289,0.2494729,-0.7586601,-0.1155017,-0.01652408,0.9851142,1.080071,-0.3053445,-3.420605,0.1604412,-0.135744,0.005537572,0.9776511,18.37376,343.8707,358.0236,0.3024624,-0.08626077,-0.9492497,0,0,0,0.700983,-0.6315017,-2.547149,-0.1210342,-0.0160293,0.999052,0.9630858,-0.03273023,0.2671974,-0.05438548,0.9484559,0.3122077,-0.2636436,-0.3152145,0.9116643,static,-7.338914439145624,-0.9318062159989687,-6.907665663609253,-0.9192038482293011,-0.379088,-0.32615720000000004,0.873456,-0.12772164414247414,-0.016129181840930346,0.9916789081954831,-7.392026263494931,-0.8398373926820278,0.4313504994017325,0.43143287551486087,0.4908199517009794
05/17/2023 16:16:21.847994,4483,True,True,True,True,Eyes,1.087041,-0.3095917,-3.408585,-0.3835579,-0.3237247,0.8649194,0.9828528,0.7100604,-0.6277654,-2.558496,0.6050096,0.2490244,-0.7562739,-0.1155421,-0.01607653,0.9852155,1.080148,-0.305374,-3.420678,0.1606474,-0.1357138,0.005519741,0.9776215,18.39721,343.8724,358.0184,0.3024856,-0.08625645,-0.9492427,0,0,0,0.700983,-0.6315017,-2.547149,-0.121131,-0.01557887,0.9991304,0.9631026,-0.03281171,0.2671269,-0.05439658,0.9483238,0.3126065,-0.26358,-0.3156029,0.9115484,static,-7.339955031346506,-0.9100299895981852,-6.912599580611672,-0.8933079940324807,-0.3791650000000001,-0.3261277000000001,0.873529,-0.12774041527203367,-0.01575223710470089,0.9916824924698356,-7.393222419821167,-0.8177937153363027,0.42759382990297323,0.42768248316767943,0.4865189820107744
05/17/2023 16:16:21.868083,4484,True,True,True,True,Eyes,1.087042,-0.3095672,-3.4086,-0.3834818,-0.323764,0.8649384,0.9828961,0.7101193,-0.6277937,-2.558455,0.6090248,0.2471779,-0.7536523,-0.1158623,-0.01634642,0.9851559,1.08017,-0.3053006,-3.420595,0.1605726,-0.1355384,0.005518982,0.9776582,18.38897,343.8941,358.023,0.3025075,-0.0862519,-0.9492362,0,0,0,0.700983,-0.6315017,-2.547149,-0.1215247,-0.01583406,0.999038,0.9631978,-0.03273614,0.2667927,-0.05431884,0.948372,0.3124741,-0.2632479,-0.3154663,0.9116916,static,-7.355594709985555,-0.9213478897737066,-6.9354836279218075,-0.9080223744097449,-0.37918700000000005,-0.3262011000000001,0.873446,-0.12801070387861263,-0.015947567577981547,0.9916444873051267,-7.408785532918553,-0.8291900715608319,0.42024100162666445,0.420322365134771,0.47982207665551496
05/17/2023 16:16:21.887250,4485,True,True,True,True,Eyes,1.087044,-0.3095471,-3.408621,-0.3834014,-0.3238066,0.8649582,0.9829421,0.7101827,-0.6278303,-2.558417,0.6132067,0.2447217,-0.7510584,-0.1162001,-0.01709542,0.9851527,1.080199,-0.3052511,-3.420596,0.1602667,-0.1353274,0.00538357,0.9777383,18.35205,343.9193,358.0166,0.3025272,-0.08624709,-0.9492304,0,0,0,0.700983,-0.6315017,-2.547149,-0.1219404,-0.01656729,0.9990035,0.963315,-0.0328495,0.2663552,-0.05390439,0.9485713,0.3119406,-0.262904,-0.3148548,0.9120021,static,-7.373169402250636,-0.9631827112812332,-6.959213591226417,-0.9500955590091545,-0.3792159999999999,-0.32625060000000006,0.8734470000000001,-0.12831336852024236,-0.01667096187096706,0.9915935628885685,-7.426066553100612,-0.8714654536231774,0.41407650745391067,0.41416263355753313,0.4734283277157359
05/17/2023 16:16:21.898456,4486,True,True,True,True,Eyes,1.08703,-0.3095251,-3.408643,-0.3833291,-0.3238793,0.8649631,0.9829789,0.7102257,-0.6278917,-2.558403,0.6160541,0.2406181,-0.7500535,-0.1163333,-0.0169121,0.9852755,1.080229,-0.3053345,-3.420749,0.1603113,-0.1352398,0.005444086,0.9777427,18.35833,343.9306,358.0247,0.3025447,-0.08624216,-0.9492252,0,0,0,0.700983,-0.6315016,-2.547149,-0.1221237,-0.01632613,0.9991035,0.9633611,-0.03271511,0.266205,-0.05400677,0.9485413,0.3120139,-0.262714,-0.3149589,0.912021,moving,-7.379968326670717,-0.9608308559736254,-6.968881100157052,-0.936174379645855,-0.3792460000000001,-0.3261671,0.8735999999999997,-0.12843112957456837,-0.016630004776892415,0.9915790700363892,-7.432884050120948,-0.8690596920968748,0.4117095123154487,0.4118259943563533,0.46883165300563356
05/17/2023 16:16:21.918154,4487,True,True,True,True,Eyes,1.08702,-0.3094991,-3.408667,-0.3832493,-0.3239568,0.8649694,0.9819374,0.7106929,-0.6276044,-2.559322,0.5722505,0.0542961,-0.8182794,-0.1164607,-0.01735604,0.9841569,1.080288,-0.3052742,-3.420676,0.1601511,-0.1351143,0.005428747,0.9777865,18.33994,343.9466,358.0281,0.30256,-0.08623707,-0.9492208,0,0,0,0.7021079,-0.6284189,-2.547046,-0.1214402,-0.01383948,0.9978647,0.9634293,-0.03266113,0.2659647,-0.05389374,0.9486443,0.3117202,-0.2624871,-0.3146542,0.9121915,moving,-7.389865331333863,-0.9843521134643385,-6.938777886728816,-0.7945896464091967,-0.3781800999999999,-0.3231447,0.8736299999999999,-0.12860152342644343,-0.01703668983615192,0.9915500474130966,-7.442615944442361,-0.892828591767847,0.48841867136787925,0.48937682473035576,0.5133260940043253
05/17/2023 16:16:21.928007,4488,True,True,True,True,Eyes,1.087003,-0.3094715,-3.408694,-0.3832259,-0.3240498,0.8649449,0.9815884,0.7108334,-0.627555,-2.559675,0.5139127,-0.1282507,-0.8482013,-0.1167257,-0.01733777,0.9838786,1.080353,-0.305149,-3.42075,0.1602629,-0.134966,0.005377115,0.9777889,18.35224,343.9626,358.0229,0.3025733,-0.08623172,-0.949217,0,0,0,0.7031251,-0.6256314,-2.546952,-0.1208358,-0.01112962,0.9968996,0.9635106,-0.03274471,0.26566,-0.05377544,0.9485738,0.3119551,-0.262213,-0.314858,0.9122,moving,-7.404213745951728,-0.9795499416471456,-6.9111979399294965,-0.6396368922736452,-0.37722789999999995,-0.32048239999999995,0.8737979999999999,-0.128850010149253,-0.016953032408484836,0.991519194430221,-7.457002405249965,-0.8879146072000628,0.5968057865254836,0.598836760830648,0.599620161512975
05/17/2023 16:16:21.947766,4489,True,True,True,True,Eyes,1.086987,-0.3094389,-3.408722,-0.3831985,-0.324114,0.8649329,0.9819677,0.7106987,-0.6277083,-2.559386,0.431349,-0.3400098,-0.8356622,-0.116941,-0.01774836,0.9842705,1.080406,-0.3050827,-3.420784,0.1601382,-0.1348811,0.005247048,0.9778218,18.33599,343.9714,358.0114,0.3025847,-0.0862261,-0.9492139,0,0,0,0.7042282,-0.622608,-2.54685,-0.1200161,-0.008656025,0.9957982,0.9635591,-0.03293788,0.2654599,-0.05346059,0.9486564,0.3117578,-0.2620988,-0.3145887,0.9123257,moving,-7.4102638637503135,-1.0017688355707055,-6.872284305802029,-0.49803384755767627,-0.3761778,-0.31752530000000007,0.8739339999999998,-0.12895384909623492,-0.01733729790942548,0.9914989761997364,-7.462895680808286,-0.9103797760055077,0.733703271508693,0.7370013181254962,0.7203130992799491
05/17/2023 16:16:21.968095,4490,True,True,True,True,Eyes,1.086962,-0.3094081,-3.408749,-0.3831823,-0.3241802,0.8649153,0.9835912,0.710067,-0.6282688,-2.558026,0.3157754,-0.578795,-0.7518525,-0.1173136,-0.01863065,0.9858937,1.080389,-0.3049312,-3.420818,0.1598474,-0.1347658,0.005047222,0.9778863,18.29958,343.9837,357.9953,0.3025944,-0.08622009,-0.9492114,0,0,0,0.7053305,-0.6195872,-2.546749,-0.1191756,-0.00663203,0.9947,0.9636254,-0.03321271,0.2651848,-0.05295515,0.9488467,0.3112648,-0.2619577,-0.3139856,0.9125739,moving,-7.419670148443278,-1.0451830267255793,-6.832075183427456,-0.382006331687478,-0.3750585000000001,-0.314656,0.874069,-0.12911490819228522,-0.018088190275532823,0.9914646292906638,-7.47199486666326,-0.954284209211114,0.8815009598518696,0.8860424209673056,0.8584865579003373
05/17/2023 16:16:21.988367,4491,True,True,True,True,Eyes,1.08694,-0.3093799,-3.408777,-0.3831637,-0.3242162,0.8649101,0.9898745,0.7076559,-0.6303133,-2.552625,0.08257021,-0.913489,-0.3983967,-0.1183195,-0.01923981,0.9920377,1.080425,-0.3049476,-3.420777,0.1596482,-0.1346717,0.004875914,0.9779326,18.27412,343.9933,357.9804,0.3026022,-0.08621378,-0.9492094,0,0,0,0.7064171,-0.6166093,-2.546649,-0.1183884,-0.004311591,0.99352,0.9636795,-0.03346356,0.2649567,-0.05253683,0.9489774,0.310937,-0.2618429,-0.3135636,0.9127519,moving,-7.4266221328277515,-1.0754132403675107,-6.79535512594005,-0.24864564023488403,-0.37400789999999995,-0.31166170000000004,0.8741280000000002,-0.12923397240385762,-0.018611010874173495,0.9914394873481187,-7.478733118228396,-0.9848542836854147,1.0344133111411549,1.0402128140981632,1.004494224490774
05/17/2023 16:16:21.998337,4492,True,True,True,True,Eyes,1.086915,-0.3093534,-3.408804,-0.3832009,-0.3242849,0.8648679,0.0,0.0,0.0,0.0,0.0,0.0,0.0,-0.1460344,1.407485,3.310618,1.080486,-0.3049834,-3.420828,0.15933,-0.1345775,0.004666562,0.9779985,18.23438,344.0031,357.9632,0.3026085,-0.08620728,-0.949208,0,0,0,0.7075069,-0.6136227,-2.546548,-0.1175947,-0.002185583,0.9924238,0.9637343,-0.03375668,0.2647202,-0.05201225,0.9491844,0.3103929,-0.2617461,-0.312905,0.9130057,moving,-7.436853585730555,-1.1225432970265339,-6.757606630362727,-0.12618044753687663,-0.3729791,-0.30863929999999995,0.8742800000000002,-0.12940901156950307,-0.019426090904443888,0.9914010516920015,-7.488631192704673,-1.0325164675994332,1.1987736296455067,1.205867054952416,1.1644062401112718
05/17/2023 16:16:22.018175,4493,True,True,True,True,Eyes,1.086892,-0.309325,-3.408832,-0.3832289,-0.3243409,0.8648345,0.0,0.0,0.0,0.0,0.0,0.0,0.0,-0.1478343,1.407307,3.310572,1.080526,-0.3049923,-3.420774,0.1593365,-0.1343668,0.004513543,0.9780272,18.23311,344.0256,357.9491,0.3026133,-0.08620065,-0.9492071,0,0,0,0.7087481,-0.6102211,-2.546433,-0.116904,0.0009294152,0.9910541,0.9638504,-0.03399033,0.2642671,-0.0516478,0.949183,0.3104579,-0.2613904,-0.3128839,0.9131149,moving,-7.459678651132778,-1.1309918971014727,-6.727479304865603,0.05373223597392629,-0.3717779000000001,-0.30522879999999997,0.8743410000000003,-0.12980358139937243,-0.0195712607501351,0.9913466182959503,-7.511402057503876,-1.0409819087318586,1.384257562474176,1.392726518080752,1.346452353677205
05/17/2023 16:16:22.027829,4494,True,True,True,True,Eyes,1.086862,-0.3092996,-3.408859,-0.3832924,-0.3244246,0.8647749,0.0,0.0,0.0,0.0,0.0,0.0,0.0,-0.1488284,1.406376,3.310978,1.080515,-0.3049183,-3.420838,0.1592222,-0.1342391,0.00442677,0.9780638,18.21885,344.0402,357.9434,0.3026169,-0.08619385,-0.9492065,0,0,0,0.7097033,-0.6076034,-2.546345,-0.11625,0.003065228,0.9901175,0.9639205,-0.03408835,0.2639985,-0.05140701,0.9492574,0.3102703,-0.2611791,-0.3126473,0.9132563,moving,-7.477161757204321,-1.1526100551629306,-6.696456766697469,0.17737699472999405,-0.37081169999999986,-0.30268510000000004,0.8744929999999997,-0.13010510570874137,-0.01994450633473785,0.9912995968870918,-7.528735634263466,-1.0627962883933622,1.5326887629443036,1.5421951352164194,1.493558798832474
05/17/2023 16:16:22.047935,4495,True,True,True,True,Eyes,1.086834,-0.3092754,-3.408889,-0.3833425,-0.3245028,0.8647234,0.0,0.0,0.0,0.0,0.0,0.0,0.0,-0.1510006,1.406317,3.310846,1.080556,-0.3049633,-3.420764,0.1592246,-0.1339498,0.004384632,0.9781033,18.21906,344.0742,357.9439,0.3026192,-0.08618699,-0.9492064,0,0,0,0.7108101,-0.6045703,-2.546243,-0.1158785,0.005904555,0.9888381,0.9640765,-0.03407896,0.2634297,-0.05123345,0.9492566,0.3103016,-0.2606371,-0.3126508,0.9134099,moving,-7.51266179880746,-1.1600463219902617,-6.6838089598861625,0.3421207786072441,-0.36974590000000007,-0.299607,0.8745210000000001,-0.13071895582713097,-0.02007153051429622,0.99121631658883,-7.564192052382256,-1.070189713888476,1.7049007693841403,1.7156640191789916,1.6642401619857898
05/17/2023 16:16:22.068253,4496,True,True,True,True,Eyes,1.086784,-0.3092502,-3.408923,-0.383361,-0.3246307,0.8646671,0.0,0.0,0.0,0.0,0.0,0.0,0.0,-0.1522479,1.406159,3.310988,1.08055,-0.3049703,-3.420893,0.1592113,-0.1337851,0.004308464,0.9781283,18.21665,344.0927,357.9384,0.3026203,-0.08618011,-0.9492067,0,0,0,0.711905,-0.6015695,-2.546142,-0.1151611,0.008699715,0.9877861,0.964166,-0.03417176,0.26309,-0.05102868,0.9492664,0.3103054,-0.2603461,-0.312611,0.9135066,moving,-7.531560466681605,-1.1726024285472894,-6.649811972890344,0.5046072878682262,-0.3686449999999999,-0.29659919999999995,0.8747509999999998,-0.13104531285865856,-0.020287867207502863,0.9911687393919598,-7.5830061883687225,-1.0828270672313924,1.8828975220430273,1.8948648603902527,1.8414123046055841
05/17/2023 16:16:22.077981,4497,True,True,True,True,Eyes,1.086737,-0.3092239,-3.408955,-0.383361,-0.3247502,0.8646222,0.0,0.0,0.0,0.0,0.0,0.0,0.0,-0.1540778,1.405797,3.311006,1.080559,-0.3049264,-3.420844,0.1591827,-0.1335431,0.004244548,0.9781663,18.21285,344.1208,357.936,0.3026198,-0.08617317,-0.9492075,0,0,0,0.712991,-0.5985933,-2.546042,-0.1146701,0.01133958,0.9865832,0.9642965,-0.03421173,0.262606,-0.05081923,0.9492857,0.3102806,-0.2599033,-0.3125479,0.9136543,moving,-7.5583685846650885,-1.1862758913935887,-6.629713951338514,0.6585166534942505,-0.367568,-0.2936669,0.8748020000000003,-0.1315084218584489,-0.020523135927341257,0.9911025342142399,-7.609723901991508,-1.0965657027878226,2.0521988764985175,2.065347177031664,2.010157600963545
05/17/2023 16:16:22.108050,4498,True,True,True,True,Eyes,1.086682,-0.3091953,-3.408994,-0.3833637,-0.3248953,0.8645666,0.0,0.0,0.0,0.0,0.0,0.0,0.0,-0.1556153,1.405298,3.311134,1.080571,-0.3048749,-3.420834,0.1591097,-0.1333097,0.004306052,0.9782097,18.20593,344.1505,357.949,0.3026179,-0.08616616,-0.9492087,0,0,0,0.7140861,-0.5955921,-2.545941,-0.1141828,0.01398411,0.9854093,0.9644199,-0.03399729,0.26218,-0.05084617,0.9493312,0.3101371,-0.2594394,-0.3124333,0.9138253,moving,-7.5871814132710975,-1.2027312718331349,-6.609584704325558,0.8130395190454053,-0.3664849,-0.29071719999999995,0.8748930000000001,-0.13200604916440117,-0.020806393969354242,0.9910305672527651,-7.638427019228011,-1.1131124237141488,2.22597198297192,2.2403185502736536,2.183707355743952
05/17/2023 16:16:22.118396,4499,True,True,True,True,Eyes,1.08663,-0.3091687,-3.409032,-0.3833562,-0.325036,0.864517,0.0,0.0,0.0,0.0,0.0,0.0,0.0,-0.1565606,1.405067,3.311199,1.080581,-0.304809,-3.420848,0.1590769,-0.1331615,0.004362497,0.9782349,18.20339,344.1696,357.9591,0.3026145,-0.08615901,-0.9492105,0,0,0,0.7151834,-0.5925849,-2.54584,-0.1135121,0.0167101,0.9842786,0.964498,-0.03383074,0.2619143,-0.05090093,0.949351,0.3100674,-0.2591384,-0.3123911,0.9139251,moving,-7.605399715201537,-1.2140685089808072,-6.578583592419055,0.9726171423737127,-0.3653976,-0.2877759,0.8750079999999998,-0.1323206151718177,-0.021001601490422905,0.9909844641561387,-7.656569300895542,-1.124518701657979,2.4002938638125295,2.4157701645325846,2.357971996441448
05/17/2023 16:16:22.127892,4500,True,True,True,True,Eyes,1.086564,-0.30914,-3.40907,-0.3833168,-0.3251335,0.8644978,0.0,0.0,0.0,0.0,0.0,0.0,0.0,-0.1569099,1.405309,3.311216,1.080635,-0.3048157,-3.420963,0.159093,-0.1330949,0.004448258,0.978241,18.20675,344.1791,357.9702,0.3026098,-0.08615179,-0.9492127,0,0,0,0.7162816,-0.5895754,-2.545739,-0.1127044,0.01965559,0.9832442,0.9645319,-0.033646,0.2618131,-0.05105187,0.9493392,0.3100786,-0.2589824,-0.3124467,0.9139503,moving,-7.612594697241716,-1.21577650677127,-6.538991955155261,1.1452214730109411,-0.36435340000000005,-0.28475969999999995,0.8752239999999998,-0.13244497600905866,-0.02103079036397057,0.9909672256820387,-7.663754009250473,-1.1262204474505944,2.5770817154111185,2.593633418266976,2.5346672516057156
05/17/2023 16:16:22.148218,4501,True,True,True,True,Eyes,1.086497,-0.3091031,-3.409107,-0.3832849,-0.3252079,0.864484,0.0,0.0,0.0,0.0,0.0,0.0,0.0,-0.1572023,1.403857,3.311749,1.080619,-0.304745,-3.420907,0.158892,-0.1330536,0.004422065,0.9782794,18.18332,344.1851,357.9714,0.3026037,-0.08614446,-0.9492153,0,0,0,0.7173732,-0.5865837,-2.545638,-0.1118059,0.02197972,0.9820853,0.9645544,-0.03363026,0.2617323,-0.05093431,0.9494676,0.3097048,-0.2589219,-0.3120582,0.9141002,moving,-7.615785311426744,-1.2439069444012936,-6.494897984505623,1.282103487212258,-0.36324579999999995,-0.28183870000000005,0.8752690000000003,-0.13249879260400027,-0.02151716639181947,0.9909496256396533,-7.666744867801527,-1.1546794075496498,2.7459628157454934,2.7635334447538096,2.7039112400547745
05/17/2023 16:16:22.168064,4502,True,True,True,True,Eyes,1.086427,-0.3090506,-3.409146,-0.3832564,-0.3251749,0.864509,0.0,0.0,0.0,0.0,0.0,0.0,0.0,-0.1567677,1.401998,3.312515,1.080533,-0.3045183,-3.420913,0.1586556,-0.1331134,0.004347534,0.97831,18.15484,344.1783,357.9656,0.3025962,-0.08613681,-0.9492184,0,0,0,0.7184878,-0.5835291,-2.545536,-0.1105876,0.02414718,0.9810185,0.9645239,-0.03373189,0.2618318,-0.05074483,0.949619,0.3092712,-0.2590728,-0.3115861,0.9142185,moving,-7.606403437032441,-1.2704202127260427,-6.431648886735461,1.4100164165173912,-0.36204519999999996,-0.2790108,0.8753770000000003,-0.13233520093138515,-0.021976203498890456,0.9909613695226449,-7.657171439051293,-1.181548672430539,2.90817412938446,2.9265660383516647,2.8667255076983573
05/17/2023 16:16:22.178234,4503,True,True,True,True,Eyes,1.086362,-0.3089645,-3.409175,-0.3832337,-0.324963,0.8645988,0.0,0.0,0.0,0.0,0.0,0.0,0.0,-0.1553794,1.398341,3.314148,1.080566,-0.3041049,-3.420961,0.1581465,-0.1332853,0.004395485,0.9783688,18.09678,344.1623,357.9769,0.3025874,-0.08612844,-0.9492219,0,0,0,0.7196614,-0.5803129,-2.545427,-0.1092392,0.02584657,0.9800516,0.9644314,-0.03355639,0.2621945,-0.050758,0.9499407,0.3082795,-0.259414,-0.3106229,0.9144495,moving,-7.587430884054922,-1.3125207313674858,-6.360090017145069,1.5106920785637867,-0.3609045999999999,-0.276208,0.875534,-0.13200490900685508,-0.022705358719371738,0.9909890392076225,-7.637893636561922,-1.2242297282667391,3.0593598864206775,3.0784567844533828,3.018704917555202
05/17/2023 16:16:22.198073,4504,True,True,True,True,Eyes,1.086336,-0.3088744,-3.409191,-0.3832491,-0.3243617,0.8648177,0.0,0.0,0.0,0.0,0.0,0.0,0.0,-0.1566091,1.381552,3.320877,1.080648,-0.3032553,-3.42077,0.155832,-0.1331779,0.003900106,0.9787568,17.82328,344.1831,357.961,0.3025776,-0.0861185,-0.949226,0,0,0,0.7206599,-0.5775765,-2.545335,-0.1086275,0.02283669,0.9792389,0.9644969,-0.03387223,0.261913,-0.04914125,0.9514023,0.3040044,-0.259482,-0.306082,0.9159601,moving,-7.596528393865193,-1.5525818370060764,-6.329971753141866,1.3359445050539824,-0.35998810000000003,-0.27432120000000004,0.875435,-0.13214864977110252,-0.02685672951409751,0.9908660301748523,-7.645281657043511,-1.4671622431266047,3.1340336867092162,3.1540054142209755,3.096360377119773
05/17/2023 16:16:22.219321,4505,True,True,True,True,Eyes,1.086314,-0.3087861,-3.409211,-0.3832406,-0.3236233,0.865098,0.0,0.0,0.0,0.0,0.0,0.0,0.0,-0.1584414,1.360395,3.329467,1.080739,-0.3031221,-3.420708,0.1527149,-0.1329041,0.003647557,0.9792861,17.46197,344.234,357.9905,0.3025682,-0.08610705,-0.94923,0,0,0,0.7217579,-0.5745673,-2.545234,-0.1083473,0.0193682,0.9782082,0.9646464,-0.03344886,0.2614163,-0.04773686,0.9533297,0.2981336,-0.2591881,-0.3000727,0.9180293,moving,-7.630578471149885,-1.8680902043782592,-6.320374662006281,1.134289344528221,-0.35898109999999994,-0.2714452,0.8754739999999996,-0.13271604606837167,-0.032310184124185876,0.9906273015181284,-7.677090833937576,-1.786361782397894,3.2542831910365986,3.2758078358148985,3.2203853459477005
05/17/2023 16:16:22.228583,4506,True,True,True,True,Eyes,1.086249,-0.3086923,-3.409242,-0.3828924,-0.3224181,0.865702,0.0,0.0,0.0,0.0,0.0,0.0,0.0,-0.1610376,1.345758,3.335429,1.080811,-0.3031255,-3.420825,0.1505275,-0.132497,0.003578465,0.9796802,17.21067,344.297,358.0276,0.302559,-0.08609428,-0.9492341,0,0,0,0.7228458,-0.5715859,-2.545134,-0.1082805,0.01794505,0.9772406,0.9648634,-0.0328774,0.2606868,-0.04690041,0.9546573,0.2939894,-0.2585322,-0.295886,0.9195721,moving,-7.657141273401934,-2.043105198384615,-6.322713000752602,1.0520030429681706,-0.3579652,-0.2684604,0.8756909999999998,-0.13316166232861293,-0.035333856426780746,0.9904642670310029,-7.702412624347115,-1.963395578820239,3.347859201697011,3.370518334104684,3.316051854182965
05/17/2023 16:16:22.248019,4507,True,True,True,True,Eyes,1.086192,-0.3085935,-3.409271,-0.3825113,-0.321125,0.8663508,0.0,0.0,0.0,0.0,0.0,0.0,0.0,-0.1646408,1.337264,3.338667,1.080947,-0.3029892,-3.420794,0.1492972,-0.1319909,0.00349636,0.979937,17.06922,344.3647,358.0482,0.3025489,-0.08608016,-0.9492385,0,0,0,0.7239325,-0.5686077,-2.545033,-0.1084573,0.0181886,0.9761534,0.9651323,-0.03255934,0.2597296,-0.04626419,0.9553963,0.2916808,-0.2576416,-0.2935267,0.9205774,moving,-7.688671407071384,-2.1053523867250004,-6.339948875406544,1.0674648431247977,-0.3570145000000001,-0.26561850000000004,0.8757609999999998,-0.13370153765663403,-0.036407221721636546,0.9903526048575291,-7.733507220629877,-2.0262781562899628,3.424097818407331,3.4475819992354295,3.393118124670792
05/17/2023 16:16:22.268011,4508,True,True,True,True,Eyes,1.08612,-0.3084862,-3.409312,-0.3820001,-0.3194577,0.8671924,0.0,0.0,0.0,0.0,0.0,0.0,0.0,-0.1701313,1.32471,3.343416,1.081056,-0.3028046,-3.420798,0.1475069,-0.1312444,0.003209174,0.9803094,16.86077,344.4613,358.0583,0.3025382,-0.0860647,-0.9492434,0,0,0,0.7250434,-0.5655631,-2.544931,-0.1090127,0.01727259,0.9750626,0.9655293,-0.03242692,0.258267,-0.04501086,0.9564629,0.2883623,-0.2563734,-0.2900471,0.9220333,moving,-7.735768642061702,-2.214502850688516,-6.379218573003577,1.0148507505442903,-0.3560126,-0.2627585,0.875867,-0.1345061001028765,-0.038289605445758296,0.9901726981981395,-7.77983857061557,-2.136573425753272,3.4782698551254962,3.5027064923651396,3.4486534642760773
05/17/2023 16:16:22.288594,4509,True,True,True,True,Eyes,1.086054,-0.3083748,-3.409353,-0.3814564,-0.3177584,0.8680556,0.0,0.0,0.0,0.0,0.0,0.0,0.0,-0.1757638,1.31848,3.345773,1.081164,-0.3025583,-3.420968,0.1467175,-0.13056,0.002651684,0.9805208,16.76288,344.5389,358.0183,0.3025266,-0.08604779,-0.9492487,0,0,0,0.7261255,-0.5625975,-2.544831,-0.1093175,0.01808214,0.9741715,0.9658942,-0.0331108,0.2568116,-0.04351092,0.9569339,0.2870267,-0.2552554,-0.2884115,0.9228561,moving,-7.764267607446069,-2.2164758885462814,-6.402710095596118,1.0633767765689734,-0.35503850000000003,-0.26003919999999997,0.8761369999999999,-0.13499842980053772,-0.03832111268305008,0.9901044524882222,-7.80833101650029,-2.1384636992244586,3.526280716585533,3.551235329140927,3.4967917589860287
05/17/2023 16:16:22.297987,4510,True,True,True,True,Eyes,1.086018,-0.3082605,-3.409394,-0.3809487,-0.3158081,0.8689898,0.0,0.0,0.0,0.0,0.0,0.0,0.0,-0.1821678,1.309413,3.34905,1.081226,-0.3023673,-3.421024,0.1454908,-0.1297345,0.002169743,0.9808143,16.61636,344.6377,357.9969,0.3025141,-0.08602944,-0.9492543,0,0,0,0.7272249,-0.5595846,-2.54473,-0.1099042,0.01814502,0.9731192,0.9663285,-0.03349414,0.2551223,-0.0420066,0.9576554,0.284836,-0.2538596,-0.285962,0.9240028,moving,-7.8134536060917625,-2.2510183639831443,-6.443687410760076,1.0682274102748088,-0.35400110000000007,-0.2572173,0.8762940000000001,-0.1358452325155866,-0.038913474321230185,0.9899655321678511,-7.857283720510833,-2.1732401856892407,3.5651536613783716,3.590773167411543,3.5362927908511637
05/17/2023 16:16:22.318262,4511,True,True,True,True,Eyes,1.085985,-0.3081474,-3.409445,-0.3804134,-0.3138896,0.8699189,0.0,0.0,0.0,0.0,0.0,0.0,0.0,-0.1875694,1.302337,3.351733,1.081304,-0.3022261,-3.42123,0.1445082,-0.1290053,0.001904454,0.9810563,16.50104,344.7268,357.9949,0.3025018,-0.0860097,-0.9492601,0,0,0,0.7284007,-0.5563623,-2.544621,-0.1102567,0.01908033,0.9721361,0.9667079,-0.0335479,0.2536734,-0.0410214,0.9582276,0.2830499,-0.2525726,-0.2840326,0.92495,moving,-7.853856292249156,-2.2528901266202563,-6.470661514836249,1.124412552183032,-0.35290330000000003,-0.2541362,0.8766090000000002,-0.13654312976909666,-0.03894204310948715,0.9898683849160193,-7.897683763107874,-2.174983414119652,3.623328320306555,3.649575478944669,3.594774852409622
05/17/2023 16:16:22.328361,4512,True,True,True,True,Eyes,1.085968,-0.3080347,-3.409498,-0.3798845,-0.3118369,0.8708879,0.0,0.0,0.0,0.0,0.0,0.0,0.0,-0.1921201,1.298046,3.35344,1.081333,-0.3021557,-3.421522,0.1438879,-0.1283481,0.001857517,0.9812338,16.43051,344.8085,358.011,0.3024895,-0.08598871,-0.9492659,0,0,0,0.7294576,-0.553466,-2.544524,-0.1105478,0.02060123,0.9713148,0.9670466,-0.03329016,0.2524135,-0.04058079,0.9585856,0.2818986,-0.2513444,-0.2828522,0.9256461,moving,-7.889337874385409,-2.1988073590624153,-6.493038707852385,1.2150402574005674,-0.35187540000000006,-0.2513103,0.8769979999999999,-0.13716107501651925,-0.038004397235719245,0.9898195417344178,-7.933560415215536,-2.1201133112719974,3.6618248102976074,3.6883610060419523,3.6329536352689384
05/17/2023 16:16:22.347998,4513,True,True,True,True,Eyes,1.085955,-0.307918,-3.409559,-0.3793395,-0.3098316,0.8718406,0.0,0.0,0.0,0.0,0.0,0.0,0.0,-0.1959611,1.293626,3.355118,1.081381,-0.302094,-3.421702,0.1432416,-0.1277875,0.00185455,0.9814015,16.35745,344.8796,358.0309,0.3024777,-0.0859666,-0.9492717,0,0,0,0.7305031,-0.5506008,-2.544428,-0.1107175,0.02204932,0.9704309,0.9673339,-0.03296884,0.251353,-0.04024907,0.9589568,0.2806809,-0.2502904,-0.2816289,0.9263045,moving,-7.914106643641774,-2.1487837711338686,-6.508793013654153,1.3016028707930514,-0.35087789999999996,-0.24850680000000003,0.8772739999999999,-0.13759343553159487,-0.03713794439206386,0.9897923661112539,-7.958692469809967,-2.069391603858504,3.6988159520717234,3.725597183998387,3.6695792921113233
05/17/2023 16:16:22.368284,4514,True,True,True,True,Eyes,1.085897,-0.3077907,-3.409636,-0.3786062,-0.3077189,0.8729069,0.0,0.0,0.0,0.0,0.0,0.0,0.0,-0.1993557,1.29031,3.356437,1.081441,-0.3018925,-3.421938,0.1427752,-0.1272924,0.001859504,0.9815338,16.30501,344.9417,358.0477,0.3024664,-0.08594336,-0.9492774,0,0,0,0.7316108,-0.547565,-2.544326,-0.1106909,0.02389705,0.9695954,0.9675863,-0.03269806,0.2504146,-0.03999873,0.9592236,0.2798039,-0.2493526,-0.2807507,0.9268238,moving,-7.9189455452888255,-2.070476582002058,-6.5128018161117405,1.411849695816869,-0.3498302000000001,-0.24567249999999996,0.8776120000000001,-0.13768382487421854,-0.03578468761907322,0.9898296078938388,-7.964091069806746,-1.9901185578395886,3.728696977021814,3.7555074879824506,3.6985981799564245
05/17/2023 16:16:22.377980,4515,True,True,True,True,Eyes,1.085841,-0.3076569,-3.409717,-0.3778928,-0.3056044,0.8739582,0.0,0.0,0.0,0.0,0.0,0.0,0.0,-0.2013594,1.283733,3.359031,1.081456,-0.3015924,-3.422148,0.1418452,-0.1269925,0.001790688,0.9817076,16.19789,344.9823,358.0599,0.3024541,-0.08591878,-0.9492835,0,0,0,0.732707,-0.5445607,-2.544225,-0.1102526,0.02470419,0.9688365,0.9677395,-0.03251068,0.2498469,-0.0395424,0.9597535,0.2780462,-0.2488309,-0.2789558,0.9275057,moving,-7.903007468084369,-2.045894661137694,-6.492271654359386,1.4606584014519461,-0.348749,-0.24296830000000003,0.877923,-0.13741054314455411,-0.03536136572376897,0.9898827553732352,-7.948324066136507,-1.9652987634970764,3.7529232228439464,3.7796944210984935,3.722535576983452
05/17/2023 16:16:22.398392,4516,True,True,True,True,Eyes,1.085758,-0.307511,-3.409813,-0.3771022,-0.3033699,0.8750774,0.0,0.0,0.0,0.0,0.0,0.0,0.0,-0.20221,1.2759,3.362114,1.081429,-0.3013245,-3.422328,0.1407172,-0.1268413,0.001742617,0.9818896,16.0681,345.0068,358.0752,0.3024412,-0.08589282,-0.9492899,0,0,0,0.7338009,-0.5415629,-2.544124,-0.1095052,0.02516909,0.9680799,0.9678165,-0.03227538,0.2495786,-0.03911961,0.9603913,0.2758955,-0.2485978,-0.2767796,0.9282199,moving,-7.86609523277045,-2.03474810857487,-6.45363007047468,1.489296326789045,-0.3476281,-0.24023839999999996,0.8782039999999998,-0.13677369851752988,-0.03517191631851585,0.9899776326553692,-7.911481538580834,-1.9541554312614546,3.7699847758006273,3.7965704283100807,3.7393436473638455
05/17/2023 16:16:22.418311,4517,True,True,True,True,Eyes,1.085678,-0.3073664,-3.409911,-0.3763443,-0.3011413,0.8761728,0.0,0.0,0.0,0.0,0.0,0.0,0.0,-0.2023022,1.266902,3.365765,1.08146,-0.3009681,-3.422602,0.1394382,-0.1268171,0.001606274,0.9820753,15.91941,345.0156,358.0805,0.3024268,-0.08586527,-0.949297,0,0,0,0.7348999,-0.538551,-2.544022,-0.1085213,0.02527213,0.9674893,0.9678297,-0.03221132,0.2495358,-0.03852125,0.9611088,0.2734702,-0.2486399,-0.274285,0.9289488,moving,-7.815605053564535,-2.043368710052001,-6.399999252200089,1.496303050150308,-0.34656010000000004,-0.23758289999999999,0.8785799999999999,-0.13590052728309748,-0.035325151786346626,0.9900924555330516,-7.860916508294541,-1.9630693034235582,3.785907690064128,3.812245526567037,3.7552012342650474
05/17/2023 16:16:22.438061,4518,True,True,True,True,Eyes,1.085587,-0.3072152,-3.410019,-0.375602,-0.2988642,0.8772704,0.0,0.0,0.0,0.0,0.0,0.0,0.0,-0.2024801,1.259613,3.368658,1.081474,-0.3008759,-3.422772,0.1383894,-0.1267982,0.001428904,0.9822264,15.79652,345.0216,358.0771,0.3024111,-0.08583631,-0.9493046,0,0,0,0.7359841,-0.5355799,-2.543922,-0.1075415,0.02598675,0.9667395,0.9678404,-0.03228804,0.2494845,-0.03790207,0.9616926,0.2714971,-0.2486936,-0.2722218,0.9295412,moving,-7.763848566657312,-2.02448255998404,-6.347568217349963,1.5397867062253963,-0.3454899,-0.23470400000000002,0.8788500000000004,-0.13500764058321885,-0.03500310491051564,0.9902261089228944,-7.809280988193393,-1.9441482492115423,3.8092697538988087,3.835344238771704,3.778148620443902
05/17/2023 16:16:22.449815,4519,True,True,True,True,Eyes,1.085499,-0.3070567,-3.410129,-0.3748952,-0.2965729,0.8783497,0.0,0.0,0.0,0.0,0.0,0.0,0.0,-0.2021526,1.253197,3.371331,1.081505,-0.3006333,-3.423041,0.1374681,-0.1268288,0.00135879,0.9823519,15.68978,345.0227,358.0833,0.3023939,-0.08580589,-0.9493128,0,0,0,0.7370993,-0.5325235,-2.543819,-0.1064437,0.02696428,0.9661059,0.9678252,-0.03220019,0.2495545,-0.03753943,0.9622014,0.2697393,-0.2488074,-0.2704287,0.930034,moving,-7.710417940631513,-1.9872509705272479,-6.287379945714653,1.5987258418471457,-0.3444056999999999,-0.23189020000000005,0.879222,-0.13408713645036432,-0.034363970300305496,0.990373590556251,-7.756101708583308,-1.9066659859864359,3.8323184687393947,3.8580133273310255,3.800646719094853
05/17/2023 16:16:22.468251,4520,True,True,True,True,Eyes,1.085402,-0.3068953,-3.410252,-0.3741808,-0.294184,0.8794569,0.0,0.0,0.0,0.0,0.0,0.0,0.0,-0.2013007,1.243676,3.375043,1.081492,-0.300328,-3.423208,0.1360737,-0.1268914,0.001412902,0.9825379,15.53064,345.0248,358.1112,0.3023755,-0.08577394,-0.9493216,0,0,0,0.7382613,-0.5293391,-2.543712,-0.1052621,0.02713372,0.9653749,0.9677932,-0.03175669,0.2497356,-0.03730961,0.9629639,0.2670365,-0.2489666,-0.2677537,0.930765,moving,-7.656557232349376,-1.9937648028363253,-6.222806935349874,1.6099843100136906,-0.3432306999999999,-0.22901109999999997,0.8794959999999996,-0.1331555328184378,-0.03448093077581604,0.9904951314342344,-7.702180279823307,-1.9134602034396884,3.8530961459003645,3.878485217519004,3.8214142318941597
05/17/2023 16:16:22.478577,4521,True,True,True,True,Eyes,1.085309,-0.3067288,-3.410374,-0.3734921,-0.2918222,0.8805359,0.0,0.0,0.0,0.0,0.0,0.0,0.0,-0.2004858,1.233868,3.379035,1.081518,-0.3001728,-3.423554,0.134638,-0.1269817,0.001308435,0.9827242,15.36436,345.0212,358.1207,0.3023555,-0.08574052,-0.9493309,0,0,0,0.7392886,-0.5265238,-2.543618,-0.1041131,0.02699788,0.9649222,0.9677479,-0.03162145,0.2499282,-0.03676478,0.9637418,0.2642917,-0.2492236,-0.2649563,0.9314966,moving,-7.598336792567218,-2.011461848232808,-6.158271157314943,1.6026795927557405,-0.3422294,-0.22635099999999997,0.8799360000000003,-0.13214756578025832,-0.03479160140747381,0.9906192920057212,-7.643818215905641,-1.9315892983232472,3.8654171789280314,3.8904764990043725,3.8337848997741344
05/17/2023 16:16:22.502830,4522,True,True,True,True,Eyes,1.085204,-0.3065573,-3.410501,-0.3727697,-0.2893885,0.8816445,0.0,0.0,0.0,0.0,0.0,0.0,0.0,-0.2009102,1.227724,3.381371,1.081534,-0.2998991,-3.423695,0.1337854,-0.1269263,0.001163408,0.982848,15.26458,345.0308,358.1185,0.3023344,-0.08570563,-0.9493408,0,0,0,0.7403654,-0.5235724,-2.543518,-0.1032135,0.02791129,0.9642122,0.9677767,-0.03167487,0.2498098,-0.03624869,0.9642002,0.2626861,-0.2491872,-0.2632768,0.9319823,moving,-7.551874073152675,-1.9608631672608325,-6.10992538809393,1.6580921324910243,-0.34116860000000004,-0.22367330000000007,0.8801769999999998,-0.13134813550359364,-0.03392039345275605,0.9907557982461317,-7.597704011020495,-1.8805520879532884,3.8710352685263527,3.8956454499793347,3.838683127026924
05/17/2023 16:16:22.518857,4523,True,True,True,True,Eyes,1.085104,-0.3063835,-3.410637,-0.3720693,-0.286947,0.8827378,0.0,0.0,0.0,0.0,0.0,0.0,0.0,-0.2011994,1.215881,3.385764,1.081544,-0.2996916,-3.423842,0.1320502,-0.1268356,0.00116222,0.9830942,15.06593,345.052,358.1477,0.3023118,-0.08566928,-0.9493513,0,0,0,0.7414685,-0.5205497,-2.543417,-0.1024067,0.02734381,0.9635062,0.9678228,-0.03121218,0.2496896,-0.03578247,0.9651228,0.2593407,-0.2490757,-0.2599303,0.9329509,moving,-7.516354528649584,-2.005532605733893,-6.066931485083165,1.6255884101010019,-0.3400755000000001,-0.2208581,0.8804250000000002,-0.13073043925633088,-0.03469566546516428,0.9908107444967005,-7.561856513873314,-1.9258950745320909,3.8851915971035624,3.90971443853118,3.8532889566349477
05/17/2023 16:16:22.538496,4524,True,True,True,True,Eyes,1.084962,-0.3062029,-3.410788,-0.3713262,-0.2844808,0.8838482,0.0,0.0,0.0,0.0,0.0,0.0,0.0,-0.2017861,1.20649,3.389413,1.081541,-0.2994879,-3.424183,0.1306864,-0.1267186,0.001093296,0.9832916,14.90889,345.073,358.1634,0.3022881,-0.08563153,-0.9493623,0,0,0,0.74256,-0.5175582,-2.543316,-0.1015743,0.02747892,0.9629729,0.9678824,-0.03097074,0.2494885,-0.03527085,0.9658397,0.2567285,-0.2489169,-0.2572827,0.9337269,moving,-7.478738569321678,-2.008893682483901,-6.021288867100999,1.634520568063251,-0.3389810000000001,-0.2180703,0.8808670000000003,-0.13007964170135558,-0.034756787837572745,0.9908942251988258,-7.524206620515133,-1.9294375903699343,3.899805136849984,3.9241084383071283,3.867888251822931
05/17/2023 16:16:22.547902,4525,True,True,True,True,Eyes,1.084827,-0.3060192,-3.410938,-0.3705967,-0.282007,0.8849465,0.0,0.0,0.0,0.0,0.0,0.0,0.0,-0.2025167,1.197094,3.39294,1.081498,-0.2992246,-3.424458,0.1292991,-0.1265363,0.001221933,0.9834983,14.75227,345.1047,358.2034,0.3022619,-0.08559232,-0.9493741,0,0,0,0.7436468,-0.5145798,-2.543216,-0.1008857,0.02756807,0.9623777,0.9679741,-0.03031854,0.2492125,-0.03512561,0.9665605,0.2540218,-0.2485805,-0.2546402,0.9345405,moving,-7.453222386431016,-2.009184611992361,-5.984437848506923,1.640834183434402,-0.3378512,-0.21535520000000002,0.8812419999999999,-0.1296383144389967,-0.034763846726537234,0.9909518415908662,-7.498681602797232,-1.9298275233304976,3.9103493356824446,3.9344586954006173,3.878473819889008
05/17/2023 16:16:22.578248,4526,True,True,True,True,Eyes,1.084728,-0.3058346,-3.411081,-0.3698572,-0.2794912,0.8860532,0.0,0.0,0.0,0.0,0.0,0.0,0.0,-0.2037469,1.187441,3.39638,1.081542,-0.2989953,-3.424587,0.1278854,-0.1263112,0.001300713,0.983712,14.59195,345.1407,358.2385,0.302234,-0.08555172,-0.9493866,0,0,0,0.7448155,-0.5113769,-2.543108,-0.1003156,0.02780098,0.9615921,0.9680876,-0.02974766,0.2488403,-0.03486577,0.9672873,0.2512763,-0.2481749,-0.2519335,0.9353816,moving,-7.431025745746701,-2.01168639329976,-5.95569024886415,1.6560402585231548,-0.33672650000000004,-0.2123816,0.8814789999999997,-0.1292541887901002,-0.0348088723588308,0.9910003277420443,-7.476461240951274,-1.932442644134201,3.929297443190152,3.953331964413539,3.8974291466347166
05/17/2023 16:16:22.598369,4527,True,True,True,True,Eyes,1.084618,-0.3056469,-3.411228,-0.3690825,-0.2769764,0.8871652,0.0,0.0,0.0,0.0,0.0,0.0,0.0,-0.2055953,1.176674,3.400186,1.081541,-0.2987534,-3.424779,0.1263268,-0.1260066,0.001286375,0.9839525,14.4138,345.1854,358.2661,0.3022053,-0.08550982,-0.9493995,0,0,0,0.7458574,-0.5085215,-2.543012,-0.09993809,0.02738473,0.9609686,0.9682414,-0.02930455,0.248294,-0.03436748,0.9680798,0.2482749,-0.2476439,-0.2489233,0.9363278,moving,-7.414494246093615,-2.0336440354666965,-5.937260119595362,1.6323165329184994,-0.3356836000000001,-0.20976809999999996,0.881767,-0.12896652588335283,-0.035189982308850926,0.9910243238190125,-7.459768779365003,-1.9547279003676805,3.9284418441581974,3.9524027569879774,3.8967833382731096
05/17/2023 16:16:22.618113,4528,True,True,True,True,Eyes,1.084515,-0.3054587,-3.411377,-0.3683149,-0.2744725,0.8882618,0.0,0.0,0.0,0.0,0.0,0.0,0.0,-0.2074794,1.168433,3.403038,1.081569,-0.298581,-3.42491,0.125135,-0.1257126,0.001274335,0.9841423,14.2777,345.2267,358.2879,0.3021757,-0.08546668,-0.9494128,0,0,0,0.7474937,-0.5040372,-2.542861,-0.09903254,0.02929464,0.9597722,0.9683895,-0.02895386,0.2477572,-0.03397037,0.9686792,0.2459809,-0.2471194,-0.2466217,0.9370751,moving,-7.396230941188954,-2.014981397748526,-5.891124016179746,1.7482672402376822,-0.33407529999999996,-0.20545619999999998,0.8820490000000003,-0.12865208423975996,-0.034868618029462936,0.9910766190638244,-7.441633720959574,-1.9359077311518202,4.028860312363168,4.053071325182389,3.997152181795093
05/17/2023 16:16:22.638362,4529,True,True,True,True,Eyes,1.084364,-0.3052675,-3.411543,-0.3674816,-0.2719742,0.8893746,0.0,0.0,0.0,0.0,0.0,0.0,0.0,-0.2097546,1.160352,3.405878,1.081617,-0.2984053,-3.425125,0.123978,-0.1253774,0.00119822,0.9843316,14.14468,345.2716,358.3022,0.3021453,-0.08542238,-0.9494264,0,0,0,0.748428,-0.5014768,-2.542775,-0.09882985,0.0294065,0.9592502,0.9685582,-0.02872919,0.247123,-0.03344698,0.969256,0.2437704,-0.2465288,-0.2443714,0.9378199,moving,-7.377454345503118,-1.994643177520751,-5.882328047995307,1.755893133863406,-0.33318900000000007,-0.20307149999999996,0.8823500000000002,-0.12832883878642093,-0.034518269132816234,0.9911307023602706,-7.4229971845286205,-1.9153936206512348,4.0135672240452145,4.037564274226541,3.9814580020566526
05/17/2023 16:16:22.658252,4530,True,True,True,True,Eyes,1.08422,-0.3050762,-3.41171,-0.3666628,-0.2694787,0.8904716,0.0,0.0,0.0,0.0,0.0,0.0,0.0,-0.2119979,1.152785,3.408558,1.081668,-0.2981913,-3.425376,0.1229085,-0.1250555,0.001085831,0.9845068,14.02115,345.314,358.3106,0.302113,-0.08537697,-0.9494407,0,0,0,0.7503092,-0.4963213,-2.542602,-0.09772074,0.03215049,0.9579991,0.96872,-0.02860275,0.2465029,-0.03287878,0.9697847,0.2417369,-0.245969,-0.2422801,0.9385092,moving,-7.35727376572821,-1.9658110628812757,-5.824313519549552,1.9221273659985827,-0.33135880000000006,-0.19813000000000003,0.882774,-0.1279819318889423,-0.03402105342864514,0.9911928379975663,-7.403016862846266,-1.886288068140519,4.154873232900309,4.179238249145999,4.122660835567867
05/17/2023 16:16:22.668480,4531,True,True,True,True,Eyes,1.084064,-0.3048839,-3.411886,-0.3658955,-0.266962,0.8915446,0.0,0.0,0.0,0.0,0.0,0.0,0.0,-0.2137884,1.144065,3.411566,1.081685,-0.298021,-3.425568,0.1216578,-0.1247835,0.00100761,0.9846967,13.87731,345.3518,358.325,0.3020791,-0.08533054,-0.9494557,0,0,0,0.7515873,-0.4928187,-2.542484,-0.09705682,0.03300421,0.9572039,0.9688562,-0.0283774,0.245993,-0.03234616,0.9703967,0.2393406,-0.2455027,-0.2398436,0.9392569,moving,-7.335772862043937,-1.9553061293378033,-5.789785392163024,1.9747653514955201,-0.33009770000000005,-0.19479770000000002,0.8830840000000002,-0.12761074391416632,-0.03384095300223347,0.9912468350975873,-7.381585174502667,-1.875736450743219,4.198865741302618,4.223214309206699,4.166556213001369
05/17/2023 16:16:22.678338,4532,True,True,True,True,Eyes,1.083916,-0.3046894,-3.412064,-0.365143,-0.2644572,0.892599,0.0,0.0,0.0,0.0,0.0,0.0,0.0,-0.2153383,1.135819,3.414492,1.081722,-0.2978441,-3.42584,0.1204721,-0.1245435,0.000948057,0.9848729,13.74113,345.3856,358.3399,0.3020434,-0.08528316,-0.9494713,0,0,0,0.7526521,-0.4899004,-2.542386,-0.0965267,0.03344251,0.9566754,0.968976,-0.02814059,0.2455474,-0.03187545,0.9709711,0.2370632,-0.2450906,-0.2375355,0.9399508,moving,-7.311809082658235,-1.9377379314022232,-5.761534666038123,2.002073805315732,-0.3290699,-0.1920563,0.883454,-0.1271974428637141,-0.033538807485046104,0.9913102212744773,-7.357740326790973,-1.8580452986326987,4.209691638804309,4.233847811106037,4.177127243463752
05/17/2023 16:16:22.688262,4533,True,True,True,True,Eyes,1.083809,-0.3044956,-3.412232,-0.3644252,-0.2619249,0.8936384,0.0,0.0,0.0,0.0,0.0,0.0,0.0,-0.2168939,1.127844,3.41727,1.081753,-0.2976208,-3.426083,0.1193448,-0.1243149,0.0008342528,0.9850391,13.61084,345.417,358.3474,0.3020062,-0.08523485,-0.9494874,0,0,0,0.7536014,-0.4872988,-2.542298,-0.09606817,0.03361268,0.9562305,0.9690902,-0.02802913,0.2451092,-0.03131621,0.9715123,0.2349111,-0.2447109,-0.235326,0.9406052,moving,-7.287604365397545,-1.9137300153016854,-5.736998718566303,2.0131883309967575,-0.3281516,-0.18967799999999996,0.883785,-0.12678039858763301,-0.033125211111855665,0.9913775368205423,-7.333700399640986,-1.8338373902377816,4.198134121782626,4.221974131905623,4.165220661404009
05/17/2023 16:16:22.697955,4534,True,True,True,True,Eyes,1.08371,-0.3042989,-3.4124,-0.3637201,-0.259396,0.8946627,0.0,0.0,0.0,0.0,0.0,0.0,0.0,-0.2185078,1.119529,3.420045,1.08178,-0.2974567,-3.426233,0.1181486,-0.1240638,0.0008002455,0.985215,13.47388,345.4525,358.3655,0.3019688,-0.08518571,-0.9495037,0,0,0,0.7542169,-0.485612,-2.542241,-0.09599344,0.03283782,0.9559536,0.969215,-0.02773909,0.2446481,-0.03089274,0.9720806,0.2326049,-0.2442699,-0.233002,0.9412982,moving,-7.268438882227078,-1.895693369268175,-5.734215148864228,1.9673852219948627,-0.3275631,-0.18815529999999997,0.8839919999999997,-0.12645006992784003,-0.03281451929694244,0.9914300428521694,-7.314658459940484,-1.8156541650440325,4.133201398719956,4.156587382251052,4.09990098214741
05/17/2023 16:16:22.718058,4535,True,True,True,True,Eyes,1.083615,-0.3040997,-3.412571,-0.3630304,-0.2568677,0.8956717,0.0,0.0,0.0,0.0,0.0,0.0,0.0,-0.2201543,1.110682,3.422998,1.081843,-0.297216,-3.426409,0.1169009,-0.123828,0.0006777163,0.9853936,13.32973,345.4851,358.3737,0.3019315,-0.08513574,-0.9495201,0,0,0,0.7548938,-0.483757,-2.542179,-0.09584472,0.0320264,0.9556902,0.9693323,-0.02761556,0.244197,-0.03028683,0.9726675,0.230219,-0.2438801,-0.2305546,0.9420016,moving,-7.247197774295505,-1.8861687574638808,-5.726957853616643,1.919336536752346,-0.32694920000000016,-0.186541,0.8842300000000001,-0.12608318175569885,-0.03265124367820105,0.991482127107174,-7.293479645407362,-1.8060937620269093,4.074960750699823,4.097926300061215,4.041388552863693
05/17/2023 16:16:22.728018,4536,True,True,True,True,Eyes,1.083546,-0.3038983,-3.412737,-0.3623137,-0.2543064,0.8966923,0.0,0.0,0.0,0.0,0.0,0.0,0.0,-0.2215022,1.101642,3.426068,1.081869,-0.2969818,-3.426657,0.1156281,-0.1236327,0.0005219716,0.9855683,13.18217,345.5125,358.3779,0.3018942,-0.08508495,-0.9495365,0,0,0,0.7557026,-0.4815404,-2.542104,-0.09543946,0.0315295,0.9553938,0.9694294,-0.02756195,0.2438176,-0.0296197,0.9732597,0.2277897,-0.2435761,-0.2280479,0.9426903,moving,-7.219184293183433,-1.8783109821354096,-5.7046601182015415,1.8901649598812331,-0.32616639999999997,-0.18455859999999996,0.8845529999999999,-0.12559896287410166,-0.03251728342689372,0.991548067403404,-7.265514777065241,-1.7982457115863126,4.038850901140654,4.061427631038476,4.005076846640048
05/17/2023 16:16:22.748142,4537,True,True,True,True,Eyes,1.083482,-0.3036979,-3.412904,-0.3616049,-0.2517423,0.8977014,0.0,0.0,0.0,0.0,0.0,0.0,0.0,-0.2233573,1.091686,3.429297,1.081888,-0.2967503,-3.426836,0.114227,-0.1233662,0.0003561287,0.9857652,13.01993,345.5489,358.3837,0.3018578,-0.08503336,-0.9495527,0,0,0,0.7567531,-0.4786614,-2.542007,-0.09495902,0.03141506,0.9548411,0.9695613,-0.02748139,0.2433016,-0.02888563,0.9739041,0.2251141,-0.2431389,-0.2252899,0.943466,moving,-7.20007659175123,-1.8854640179238615,-5.6793950834699976,1.8843986836923945,-0.3251349,-0.1819111,0.8848290000000003,-0.1252677739877825,-0.03264245053444893,0.9915858753020396,-7.246351004287756,-1.8055568219592995,4.042571217177813,4.0650137808703555,4.008880453627306
05/17/2023 16:16:22.768181,4538,True,True,True,True,Eyes,1.083431,-0.3034932,-3.413071,-0.360921,-0.2491647,0.8986951,0.0,0.0,0.0,0.0,0.0,0.0,0.0,-0.2253427,1.082237,3.432364,1.081935,-0.2966004,-3.427037,0.1128746,-0.1230708,0.000270082,0.9859579,12.86447,345.5893,358.3983,0.3018222,-0.08498105,-0.9495687,0,0,0,0.7578817,-0.4755685,-2.541903,-0.09449731,0.03172153,0.954236,0.969707,-0.02725054,0.2427461,-0.0283157,0.9745185,0.2225126,-0.2426242,-0.2226456,0.9442259,moving,-7.1870819221942766,-1.8843909234726346,-5.6555207320945975,1.9039742053598354,-0.3240533000000001,-0.17896810000000002,0.8851339999999999,-0.12504293923627863,-0.03262480850246326,0.9916147356450639,-7.233360544305659,-1.8045193663310686,4.063847525682551,4.086244000102465,4.030198883959822
05/17/2023 16:16:22.777776,4539,True,True,True,True,Eyes,1.083385,-0.3032904,-3.41324,-0.3602402,-0.2465877,0.8996786,0.0,0.0,0.0,0.0,0.0,0.0,0.0,-0.2273034,1.072528,3.43551,1.082021,-0.2963217,-3.427263,0.1115234,-0.1228045,7.001011e-05,0.9861448,12.70749,345.6247,358.3991,0.3017877,-0.08492799,-0.9495845,0,0,0,0.7589449,-0.4726549,-2.541806,-0.0940491,0.03169407,0.9537597,0.969838,-0.02725308,0.2422217,-0.02752924,0.975125,0.2199392,-0.2421905,-0.2199736,0.9449632,moving,-7.169168002132312,-1.8864695529673559,-5.631661662983382,1.9032765346900788,-0.32307609999999987,-0.17633319999999997,0.8854570000000002,-0.12473275730872684,-0.03266207147162489,0.9916526645588337,-7.215427055270666,-1.8066901878561032,4.06749778298743,4.089755634733936,4.03387727877373
05/17/2023 16:16:22.797885,4540,True,True,True,True,Eyes,1.083376,-0.30308,-3.413401,-0.3596044,-0.2439452,0.9006528,0.0,0.0,0.0,0.0,0.0,0.0,0.0,-0.2297153,1.063323,3.438427,1.08208,-0.2961885,-3.427475,0.1102151,-0.1224594,-5.670913e-05,0.9863349,12.55661,345.6701,358.4087,0.3017543,-0.08487429,-0.9495999,0,0,0,0.7600533,-0.469617,-2.541703,-0.09370133,0.03203653,0.953186,0.9700074,-0.02710562,0.2415595,-0.02688188,0.9757053,0.2174318,-0.2415845,-0.2174041,0.9457127,moving,-7.164092526694933,-1.8783081982720524,-5.61432586023612,1.924983435705336,-0.3220266999999999,-0.17342849999999999,0.8857719999999998,-0.12464548376054393,-0.03252117667503149,0.9916682548594624,-7.210408434583431,-1.7984490491141312,4.084709500774608,4.106921471558624,4.051102202258543
05/17/2023 16:16:22.817966,4541,True,True,True,True,Eyes,1.083371,-0.3028657,-3.413561,-0.3589707,-0.2412787,0.9016234,0.0,0.0,0.0,0.0,0.0,0.0,0.0,-0.2327989,1.053916,3.441266,1.082164,-0.2958085,-3.427632,0.1089157,-0.1220232,-0.0001766732,0.9865332,12.40701,345.7262,358.42,0.3017228,-0.08481979,-0.9496147,0,0,0,0.7611599,-0.4665845,-2.541601,-0.09355901,0.03214066,0.9526137,0.9702206,-0.02692906,0.2407214,-0.02623188,0.9762747,0.214941,-0.2407984,-0.2148547,0.9464954,moving,-7.169704241529879,-1.867976779472459,-5.609199142002557,1.9323949247187724,-0.3210040999999999,-0.17077600000000004,0.886031,-0.12474334073974029,-0.03234196164410419,0.99166185084324,-7.2160953105429915,-1.7879715902522944,4.086131739456422,4.108284466254515,4.0525599689810745
05/17/2023 16:16:22.828295,4542,True,True,True,True,Eyes,1.083403,-0.302645,-3.413718,-0.3583466,-0.2385462,0.9025982,0.0,0.0,0.0,0.0,0.0,0.0,0.0,-0.2352521,1.042154,3.444855,1.082229,-0.2955357,-3.427812,0.1072674,-0.1216777,-0.0003664062,0.9867563,12.21639,345.7723,358.4271,0.3016932,-0.08476447,-0.9496291,0,0,0,0.7622619,-0.4635644,-2.5415,-0.09322229,0.03166494,0.952087,0.9703888,-0.0268272,0.2400538,-0.02538098,0.9769872,0.2117827,-0.240211,-0.2116044,0.9473765,moving,-7.1652170909642985,-1.8948059551443817,-5.592211969526613,1.904866812421937,-0.31996710000000006,-0.16802869999999998,0.8863119999999998,-0.12466378605877267,-0.03280664100415284,0.991656568909195,-7.211415649648067,-1.81514226969046,4.090271131896887,4.11240297790164,4.057128064125852
05/17/2023 16:16:22.848344,4543,True,True,True,True,Eyes,1.083437,-0.3024298,-3.413874,-0.3577141,-0.2357973,0.9035708,0.0,0.0,0.0,0.0,0.0,0.0,0.0,-0.2384061,1.03015,3.448503,1.082312,-0.2951823,-3.428073,0.1055935,-0.1212298,-0.0005411861,0.986992,12.02326,345.8306,358.4374,0.3016663,-0.08470821,-0.9496426,0,0,0,0.7633785,-0.4605043,-2.541397,-0.0930647,0.03112461,0.951638,0.9706061,-0.02667046,0.2391914,-0.02453388,0.9776995,0.2085711,-0.23942,-0.2083087,0.9483067,moving,-7.172301619623255,-1.9235754226495803,-5.585435666661383,1.8732683309961975,-0.3189335,-0.16532199999999997,0.886676,-0.12478433835398427,-0.0333040581320414,0.9916247492132477,-7.218296897329395,-1.8442334226764667,4.092936047375513,4.115114341335918,4.060302339380405
05/17/2023 16:16:22.868095,4544,True,True,True,True,Eyes,1.083508,-0.302209,-3.414027,-0.3570817,-0.2330002,0.9045461,0.0,0.0,0.0,0.0,0.0,0.0,0.0,-0.2413844,1.018846,3.451829,1.082376,-0.295133,-3.428236,0.1039435,-0.1207711,-0.0005073284,0.9872233,11.83584,345.8924,358.4714,0.3016419,-0.08465126,-0.9496555,0,0,0,0.7644801,-0.4574854,-2.541295,-0.09298083,0.03095499,0.9510394,0.9708282,-0.02610844,0.2383507,-0.02410506,0.9783911,0.2053534,-0.2385616,-0.2051084,0.9492202,moving,-7.183828672336185,-1.9410806921871728,-5.583924079579039,1.8642385999645577,-0.3178959,-0.1623524,0.8869410000000002,-0.12498258032839944,-0.033606179626108665,0.9915896631195453,-7.229702172168379,-1.861907423382101,4.1056840041256795,4.127971610990991,4.073419904373857
05/17/2023 16:16:22.888093,4545,True,True,True,True,Eyes,1.08358,-0.3019854,-3.41418,-0.3564442,-0.2301748,0.9055203,0.0,0.0,0.0,0.0,0.0,0.0,0.0,-0.2439223,1.008554,3.454983,1.082554,-0.2948,-3.42852,0.1024767,-0.1203886,-0.0004684905,0.9874234,11.66932,345.9443,358.5021,0.3016207,-0.08459352,-0.9496673,0,0,0,0.7655456,-0.4545652,-2.541197,-0.09285426,0.03079186,0.9506803,0.9710128,-0.02559923,0.237653,-0.02374884,0.9789966,0.2024885,-0.237845,-0.2022629,0.9500102,moving,-7.1859662470012085,-1.9359774861666008,-5.578463990040654,1.8551210888938792,-0.31700839999999997,-0.1597652,0.8873229999999999,-0.1250199358035468,-0.03351769910399091,0.9915878677551584,-7.2318767046250985,-1.8567344545415452,4.095650594464778,4.117826114827929,4.063452372070059
05/17/2023 16:16:22.897945,4546,True,True,True,True,Eyes,1.083694,-0.3017553,-3.414327,-0.3558587,-0.2273448,0.9064651,0.0,0.0,0.0,0.0,0.0,0.0,0.0,-0.2469994,0.9958153,3.458593,1.082631,-0.2945462,-3.428655,0.1006869,-0.1199515,-0.0006315709,0.9876606,11.46314,346.0016,358.5147,0.3016023,-0.08453499,-0.9496784,0,0,0,0.7666516,-0.4515342,-2.541095,-0.09271061,0.03009386,0.9501318,0.9712225,-0.02540264,0.2368155,-0.02290753,0.9797235,0.1990404,-0.2370699,-0.1987374,0.9509476,moving,-7.19524416456014,-1.9731283676670157,-5.573083343547984,1.814142968096583,-0.3159793999999999,-0.15698800000000002,0.8875600000000001,-0.12517778665896287,-0.03415995971372264,0.9915461002143372,-7.240892153620271,-1.8943002537970064,4.097797809918584,4.120052171990475,4.066219049308982
05/17/2023 16:16:22.917934,4547,True,True,True,True,Eyes,1.083807,-0.3015217,-3.414476,-0.3552669,-0.224487,0.9074089,0.0,0.0,0.0,0.0,0.0,0.0,0.0,-0.2495546,0.9853959,3.461692,1.082801,-0.2941713,-3.428935,0.099291,-0.1196434,-0.001019743,0.987839,11.29865,346.0394,358.4939,0.3015876,-0.08447554,-0.9496883,0,0,0,0.7679635,-0.4479389,-2.540974,-0.09214664,0.03051594,0.9496424,0.9713688,-0.02577371,0.2361744,-0.02174434,0.9802805,0.196411,-0.2365794,-0.195923,0.9516535,moving,-7.185114259461382,-1.9702024486455885,-5.542230062581147,1.8405171563862022,-0.3148374999999999,-0.15376759999999995,0.8879610000000002,-0.12500268255323047,-0.034110080791020694,0.9915698295867752,-7.23078042975446,-1.8913768288815191,4.127577092929086,4.149777390720189,4.096124395054247
05/17/2023 16:16:22.928594,4548,True,True,True,True,Eyes,1.08396,-0.3012898,-3.41462,-0.3546754,-0.2215746,0.9083556,0.0,0.0,0.0,0.0,0.0,0.0,0.0,-0.2531342,0.9726316,3.465216,1.082877,-0.2938859,-3.429113,0.09757102,-0.1191958,-0.001529061,0.9880637,11.0957,346.0936,358.4653,0.3015763,-0.08441518,-0.9496973,0,0,0,0.7688326,-0.4455571,-2.540894,-0.09218131,0.02915713,0.9493233,0.97158,-0.02628174,0.2352478,-0.0202385,0.9809551,0.1931773,-0.2358445,-0.1924483,0.9525445,moving,-7.189937735133278,-2.0044822479284123,-5.546154337582463,1.7592062565112232,-0.3140444000000001,-0.1516712,0.8882189999999999,-0.12508359975340058,-0.03470296857980984,0.9915390238544117,-7.2353607306888374,-1.9260534659556754,4.084908418922105,4.106990992991677,4.0539557793035
05/17/2023 16:16:22.958088,4549,True,True,True,True,Eyes,1.08411,-0.3010599,-3.41477,-0.354075,-0.218679,0.9092911,0.0,0.0,0.0,0.0,0.0,0.0,0.0,-0.2568486,0.9592096,3.468958,1.082919,-0.2937141,-3.429394,0.09571888,-0.1186995,-0.001933674,0.988304,10.87924,346.1552,358.451,0.301569,-0.08435401,-0.949705,0,0,0,0.7699894,-0.442387,-2.540787,-0.09200402,0.02849846,0.94888,0.9718134,-0.02654568,0.2342522,-0.01890145,0.9816684,0.1896577,-0.2349925,-0.1887396,0.9534966,moving,-7.201867783565782,-2.0519582263159872,-5.538123913859037,1.720292123047054,-0.3129295999999999,-0.1486729,0.8886069999999999,-0.12528644388868435,-0.03552364279539778,0.991484388674619,-7.246955383913343,-1.9740594020818802,4.100599269445558,4.122852939683438,4.070422359445079
05/17/2023 16:16:22.978348,4550,True,True,True,True,Eyes,1.084302,-0.3008273,-3.414915,-0.3534399,-0.2157843,0.9102293,0.0,0.0,0.0,0.0,0.0,0.0,0.0,-0.2599043,0.9502113,3.471504,1.082992,-0.2935577,-3.429686,0.09445324,-0.1182626,-0.002049383,0.9884779,10.73373,346.2104,358.4607,0.3015651,-0.08429218,-0.9497117,0,0,0,0.771107,-0.4393241,-2.540684,-0.09180659,0.02897388,0.9484599,0.9720195,-0.02639211,0.2334128,-0.01828903,0.9821488,0.1872146,-0.234187,-0.1862451,0.9541851,moving,-7.208100869555113,-2.025195273169502,-5.5287459863082145,1.7497470714738785,-0.31188499999999997,-0.14576640000000002,0.8890019999999996,-0.12539636456462508,-0.03506002579642237,0.9914870407434078,-7.253380970555437,-1.9469492133143564,4.109480160021189,4.131636785738416,4.07920693895965
05/17/2023 16:16:22.988504,4551,True,True,True,True,Eyes,1.084515,-0.3005947,-3.415061,-0.3528041,-0.2129168,0.9111508,0.0,0.0,0.0,0.0,0.0,0.0,0.0,-0.2628517,0.9383341,3.474838,1.083156,-0.2932757,-3.429988,0.09280497,-0.1178605,-0.002262088,0.9886815,10.54315,346.262,358.4642,0.3015655,-0.08422966,-0.9497172,0,0,0,0.7720996,-0.4366038,-2.540592,-0.09173232,0.02824199,0.9482149,0.9722076,-0.02634904,0.232633,-0.0174031,0.9827642,0.1840423,-0.2334728,-0.1829759,0.9549923,moving,-7.209836376174349,-2.045821207071834,-5.525719539187268,1.7060147395298404,-0.3110564,-0.1433281,0.8893959999999996,-0.1254248225064487,-0.035416822255677285,0.9914707961610495,-7.2549698513906025,-1.967818287958774,4.090397162721331,4.112483737455487,4.060462505198329
05/17/2023 16:16:22.997998,4552,True,True,True,True,Eyes,1.084725,-0.3003551,-3.41521,-0.3521618,-0.2100404,0.9120663,0.0,0.0,0.0,0.0,0.0,0.0,0.0,-0.2661337,0.9280863,3.477648,1.08326,-0.2930596,-3.430287,0.0913846,-0.1174064,-0.002461664,0.9888673,10.37887,346.3188,358.4663,0.3015703,-0.08416648,-0.9497213,0,0,0,0.774024,-0.4313298,-2.540415,-0.09084006,0.03051603,0.9473302,0.9724194,-0.02632678,0.2317487,-0.01658975,0.9832856,0.1813125,-0.2326485,-0.1801565,0.9557292,moving,-7.216988426484131,-2.0401652821250167,-5.477379384921751,1.8450117427027,-0.30923599999999984,-0.1382702,0.889872,-0.12554900633509558,-0.03531838605684304,0.9914584697412697,-7.262164129505609,-1.9620671463292862,4.234310560685046,4.256858011695331,4.204676711925934
05/17/2023 16:16:23.008208,4553,True,True,True,True,Eyes,1.084931,-0.3001131,-3.415368,-0.351516,-0.2071491,0.9129764,0.0,0.0,0.0,0.0,0.0,0.0,0.0,-0.2694426,0.9167227,3.480641,1.083401,-0.2926821,-3.430513,0.08983852,-0.1169615,-0.002715549,0.9890611,10.19951,346.3745,358.4637,0.3015788,-0.08410253,-0.9497243,0,0,0,0.7748969,-0.4289376,-2.540335,-0.09094264,0.02953254,0.947109,0.9726253,-0.02638698,0.2308762,-0.01564361,0.9838434,0.1783468,-0.231852,-0.1770763,0.9564981,moving,-7.222448783251367,-2.0493496255859065,-5.4847998521685755,1.7860054248456387,-0.30850410000000006,-0.13625549999999997,0.8901780000000001,-0.1256428069958973,-0.03547689449931378,0.9914410874331596,-7.2675604384574655,-1.9713422148015125,4.188261208024918,4.210626101966776,4.158833561611612
05/17/2023 16:16:23.028506,4554,True,True,True,True,Eyes,1.085122,-0.2998627,-3.415529,-0.3507253,-0.2042495,0.9139332,0.0,0.0,0.0,0.0,0.0,0.0,0.0,-0.2719897,0.9048774,3.483907,1.083503,-0.292422,-3.430875,0.08815075,-0.116567,-0.00270434,0.9892596,10.00752,346.4274,358.4929,0.3015907,-0.08403782,-0.9497262,0,0,0,0.7754057,-0.4275433,-2.540288,-0.09124893,0.02755059,0.947228,0.9728097,-0.02590152,0.2301532,-0.01520034,0.9844443,0.1750384,-0.2311067,-0.1737774,0.9572831,moving,-7.21738856780606,-2.0661335345111147,-5.502472039479694,1.6660061017759316,-0.30809730000000013,-0.1351213,0.890587,-0.12555393212741045,-0.035767722875237454,0.9914418129674811,-7.262379194651953,-1.9883481943563246,4.085334750369379,4.107286812954722,4.05605455048213
05/17/2023 16:16:23.048197,4555,True,True,True,True,Eyes,1.085308,-0.299607,-3.415697,-0.3499437,-0.2013049,0.9148856,0.0,0.0,0.0,0.0,0.0,0.0,0.0,-0.2746873,0.8913606,3.487365,1.083652,-0.2920081,-3.431052,0.0862774,-0.1161841,-0.002843291,0.9894692,9.792296,346.478,358.507,0.301605,-0.08397216,-0.9497274,0,0,0,0.7764766,-0.4246084,-2.540189,-0.09108156,0.02649824,0.946878,0.9729863,-0.02567483,0.2294306,-0.01442143,0.9850963,0.1713984,-0.2304119,-0.170077,0.9581149,moving,-7.209783553484393,-2.1054182608885874,-5.494458886452554,1.6029954923891676,-0.3071754000000001,-0.1326003,0.8908630000000004,-0.12541924463020093,-0.03644811888950039,0.9914340445671949,-7.2544920221939995,-2.028136840799802,4.064015740147722,4.085911315585238,4.035199952919092
05/17/2023 16:16:23.068153,4556,True,True,True,True,Eyes,1.085513,-0.2993514,-3.415866,-0.3491504,-0.1983439,0.915835,0.0,0.0,0.0,0.0,0.0,0.0,0.0,-0.2770847,0.8767209,3.491232,1.083748,-0.2916663,-3.431404,0.08425775,-0.1158524,-0.003136482,0.9896812,9.558231,346.5216,358.5048,0.3016215,-0.08390551,-0.9497281,0,0,0,0.7776555,-0.4213777,-2.54008,-0.09061034,0.02550825,0.9466335,0.9731368,-0.02573117,0.2287854,-0.0133147,0.9857816,0.1675034,-0.2298425,-0.1660499,0.9589577,moving,-7.193793050381091,-2.164366570726058,-5.467608620067268,1.543534520477575,-0.3060924999999999,-0.12971140000000003,0.891324,-0.1251378216493991,-0.037469473135516934,0.9914315991979274,-7.238076916361171,-2.0878584372227333,4.068098956653761,4.090017504804466,4.039996633837363
05/17/2023 16:16:23.077843,4557,True,True,True,True,Eyes,1.085714,-0.2990901,-3.416042,-0.348366,-0.1953658,0.9167733,0.0,0.0,0.0,0.0,0.0,0.0,0.0,-0.2795818,0.8643147,3.494432,1.083877,-0.2914331,-3.431697,0.08256166,-0.1155299,-0.003490889,0.9898606,9.360311,346.5623,358.4908,0.3016403,-0.08383796,-0.949728,0,0,0,0.7786982,-0.41852,-2.539984,-0.09028663,0.0248303,0.9463976,0.9732813,-0.02598768,0.2281407,-0.0121657,0.9863428,0.1642557,-0.2292935,-0.1626425,0.9596728,moving,-7.175986792596359,-2.187674927612159,-5.449542902157781,1.5029043726665001,-0.3051788,-0.1270869,0.8917130000000002,-0.12482778793018497,-0.037874280780848146,0.9914552494058014,-7.220099726831845,-2.111515526019357,4.052648390178622,4.074430521984393,4.024786040700324
05/17/2023 16:16:23.098222,4558,True,True,True,True,Eyes,1.085933,-0.2988256,-3.416217,-0.3475746,-0.1923853,0.9177035,0.0,0.0,0.0,0.0,0.0,0.0,0.0,-0.2816602,0.8519186,3.497671,1.083994,-0.2910707,-3.43206,0.08083396,-0.1152194,-0.003585337,0.9900392,9.162285,346.6041,358.5068,0.3016611,-0.08376942,-0.9497274,0,0,0,0.7797892,-0.4155301,-2.539884,-0.08989057,0.02421398,0.9462256,0.9734233,-0.02572653,0.2275638,-0.01152803,0.986906,0.1608838,-0.228723,-0.1592313,0.9603807,moving,-7.160126781685254,-2.2073325031542512,-5.426760769664262,1.4658831255844615,-0.30420479999999994,-0.1244594,0.8921760000000001,-0.1245517166485266,-0.03821577204469925,0.9914768503502399,-7.204095333893365,-2.1314703652588936,4.040039168018714,4.061658625098852,4.0124643663572055
05/17/2023 16:16:23.118138,4559,True,True,True,True,Eyes,1.086148,-0.2985543,-3.416399,-0.3467936,-0.1893801,0.9186236,0.0,0.0,0.0,0.0,0.0,0.0,0.0,-0.2838308,0.835917,3.501626,1.0841,-0.290767,-3.432329,0.07857305,-0.1148808,-0.003641624,0.9902602,8.903971,346.6512,358.5346,0.3016841,-0.0836999,-0.9497262,0,0,0,0.7808974,-0.4124929,-2.539781,-0.0895514,0.02270823,0.9459677,0.9735783,-0.02526538,0.2269515,-0.01084076,0.987626,0.1564523,-0.228096,-0.1547788,0.9612574,moving,-7.149591715718212,-2.284756823730787,-5.407871592815447,1.3751377631245971,-0.3032026000000001,-0.1217259,0.8925480000000001,-0.12436291785629823,-0.03955647316969367,0.9914479773778213,-7.193005356275501,-2.209871172612845,4.031513086741384,4.053198412786841,4.004870987030964
05/17/2023 16:16:23.128341,4560,True,True,True,True,Eyes,1.08635,-0.2982732,-3.416584,-0.3459562,-0.186384,0.9195517,0.0,0.0,0.0,0.0,0.0,0.0,0.0,-0.2860048,0.822732,3.50492,1.084226,-0.2903663,-3.432679,0.07677019,-0.1145806,-0.003887567,0.9904355,8.695372,346.6904,358.5338,0.3017091,-0.08362929,-0.9497245,0,0,0,0.7820063,-0.4094541,-2.539679,-0.08911255,0.02190488,0.9458054,0.9737123,-0.02529352,0.2263725,-0.009891981,0.9881825,0.1529627,-0.2275663,-0.151181,0.9619552,moving,-7.12798327353579,-2.3161770287430494,-5.382444128832656,1.3267347048147062,-0.30221969999999987,-0.11908779999999997,0.8929999999999998,-0.12398630189062096,-0.04010206968563948,0.9914732662546913,-7.171167128614365,-2.2417525148818505,4.017978824374591,4.039518882761129,3.9916952547865847
05/17/2023 16:16:23.148457,4561,True,True,True,True,Eyes,1.086549,-0.2979912,-3.416774,-0.3451216,-0.1833243,0.92048,0.0,0.0,0.0,0.0,0.0,0.0,0.0,-0.2893643,0.8074038,3.508425,1.084424,-0.289889,-3.43288,0.07469462,-0.1141367,-0.004225686,0.990644,8.454675,346.7465,358.5272,0.3017353,-0.08355743,-0.9497225,0,0,0,0.7831004,-0.4064556,-2.539578,-0.08905329,0.02041622,0.9455286,0.9739099,-0.02542311,0.2255065,-0.008678501,0.9888057,0.1489562,-0.2267691,-0.147027,0.962787,moving,-7.122295018225327,-2.3776178940417916,-5.3804512038574375,1.2369604653680089,-0.3013236,-0.11656659999999996,0.8933019999999998,-0.1238825136159606,-0.04116578873221763,0.9914427108084944,-7.165039225359982,-2.3039582827622436,3.99081572075365,4.012380414413036,3.965206172111443
05/17/2023 16:16:23.168359,4562,True,True,True,True,Eyes,1.086732,-0.2977078,-3.41697,-0.344248,-0.180306,0.9214028,0.0,0.0,0.0,0.0,0.0,0.0,0.0,-0.2925825,0.7907487,3.512267,1.084517,-0.2896322,-3.433197,0.07240266,-0.1136953,-0.004598119,0.9908634,8.188871,346.8026,358.5193,0.3017626,-0.08348442,-0.9497202,0,0,0,0.784184,-0.4034859,-2.539478,-0.0888726,0.01871998,0.9453287,0.9741045,-0.0255759,0.2246472,-0.007351471,0.9894734,0.1445279,-0.2259789,-0.1424367,0.9636624,moving,-7.1140329291594435,-2.4667519171901438,-5.3707269103940956,1.1344579703489839,-0.30033299999999996,-0.1138537,0.8937189999999999,-0.12373151849015825,-0.04270891695224169,0.9913962470842453,-7.156139323786431,-2.3942020093186143,3.979264267458525,4.000978446476944,3.9546350954295613
05/17/2023 16:16:23.187599,4563,True,True,True,True,Eyes,1.086913,-0.2974229,-3.41717,-0.3433752,-0.1772527,0.9223205,0.0,0.0,0.0,0.0,0.0,0.0,0.0,-0.2963201,0.7770849,3.515277,1.084612,-0.2893414,-3.433473,0.07053639,-0.1131802,-0.004894474,0.9910554,7.972804,346.8664,358.5148,0.3017905,-0.08341033,-0.9497179,0,0,0,0.785278,-0.400488,-2.539377,-0.08883825,0.01783516,0.9450669,0.9743326,-0.02566804,0.2236453,-0.00626526,0.9900013,0.1409189,-0.2250262,-0.138703,0.9644297,moving,-7.114683255334287,-2.5041928011725934,-5.370141730988359,1.0811489724892258,-0.2993339999999999,-0.11114659999999998,0.8940960000000002,-0.12373932108818811,-0.043356711767234185,0.9913672015524556,-7.156522827593141,-2.432093605659723,3.9654922386425158,3.9872422504949077,3.941323487767222
05/17/2023 16:16:23.197954,4564,True,True,True,True,Eyes,1.08709,-0.2971384,-3.417373,-0.3425,-0.1742672,0.9232143,0.0,0.0,0.0,0.0,0.0,0.0,0.0,-0.29973,0.7628713,3.518375,1.084709,-0.2890587,-3.433748,0.068593,-0.1127107,-0.005202897,0.9912439,7.747744,346.925,358.5093,0.3018188,-0.08333522,-0.9497155,0,0,0,0.7863814,-0.3974639,-2.539276,-0.0887081,0.0168402,0.9448168,0.9745384,-0.025777,0.2227338,-0.005147647,0.9905359,0.1371576,-0.2241613,-0.1348119,0.9651826,moving,-7.110161430132389,-2.5545802649451543,-5.363731416776655,1.021118834743977,-0.2983275999999999,-0.10840519999999998,0.8944719999999999,-0.1236563360150006,-0.044228986654272245,0.9913389218744573,-7.151640486382255,-2.4831078282084738,3.957579847296905,3.9794021966958018,3.933983140091583
05/17/2023 16:16:23.218170,4565,True,True,True,True,Eyes,1.087266,-0.2968538,-3.417581,-0.3416197,-0.1712674,0.9241015,0.0,0.0,0.0,0.0,0.0,0.0,0.0,-0.3033193,0.7503539,3.521079,1.084936,-0.2888067,-3.434027,0.06687757,-0.1122286,-0.005442868,0.9914145,7.549639,346.9847,358.5085,0.3018472,-0.0832592,-0.9497131,0,0,0,0.7875509,-0.3942588,-2.539168,-0.08867326,0.01650966,0.9445605,0.9747502,-0.02580343,0.2218021,-0.004218872,0.9909955,0.1338285,-0.2232581,-0.1313851,0.9658643,moving,-7.107430115347094,-2.576753468359034,-5.363083458269131,1.001351981198696,-0.29738509999999985,-0.1054521,0.8948589999999998,-0.12360697685459028,-0.04461290733523207,0.9913279617790809,-7.148750328654177,-2.5055596139041114,3.958757376992874,3.980651186453516,3.935357049602646
05/17/2023 16:16:23.228011,4566,True,True,True,True,Eyes,1.087401,-0.2965677,-3.417802,-0.3406921,-0.1683615,0.9249775,0.0,0.0,0.0,0.0,0.0,0.0,0.0,-0.3071672,0.7381311,3.523645,1.085048,-0.2885547,-3.434337,0.06520513,-0.1116937,-0.005676588,0.991585,7.356623,347.0505,358.508,0.3018758,-0.08318236,-0.9497107,0,0,0,0.7885698,-0.3914665,-2.539074,-0.08875887,0.0158551,0.9443817,0.9749846,-0.02582364,0.2207672,-0.003308363,0.9914321,0.1305809,-0.2222478,-0.1280448,0.9665456,moving,-7.108141621825116,-2.5995614497764095,-5.369241466064781,0.9618409339006116,-0.2964782,-0.1029118,0.8952630000000004,-0.1236170943765642,-0.045007467812941016,0.9913088413859087,-7.149299377655017,-2.5286409771594096,3.9413460231383293,3.963251277696594,3.918171785418833
05/17/2023 16:16:23.252812,4567,True,True,True,True,Eyes,1.087535,-0.2962826,-3.418021,-0.3397584,-0.1654433,0.9258471,0.0,0.0,0.0,0.0,0.0,0.0,0.0,-0.3105669,0.7265829,3.526062,1.08516,-0.2882621,-3.434649,0.06364214,-0.1112278,-0.005943491,0.9917373,7.175582,347.1076,358.5015,0.3019035,-0.08310474,-0.9497087,0,0,0,0.7897082,-0.3883466,-2.538969,-0.08859828,0.01568142,0.9441698,0.9751861,-0.02594631,0.2198609,-0.002368782,0.9918287,0.1275547,-0.2213739,-0.1249104,0.9671562,moving,-7.100125648959642,-2.6100910130239043,-5.360779448593328,0.9515201415500072,-0.29545179999999993,-0.10008449999999997,0.89568,-0.12347738493218868,-0.04519043819750029,0.9913179450457281,-7.141206193700364,-2.539327975412953,3.94174864486022,3.963634597325294,3.9186655854252583
05/17/2023 16:16:23.268169,4568,True,True,True,True,Eyes,1.087651,-0.295999,-3.41825,-0.3388447,-0.1626298,0.92668,0.0,0.0,0.0,0.0,0.0,0.0,0.0,-0.3147382,0.7148145,3.528298,1.085254,-0.2880327,-3.434846,0.06204037,-0.1106521,-0.006193175,0.9919017,6.99053,347.1776,358.4981,0.3019301,-0.08302644,-0.9497071,0,0,0,0.790776,-0.3854205,-2.538871,-0.08872153,0.01529544,0.9438581,0.9754356,-0.02601583,0.2187435,-0.001443753,0.9922252,0.1244465,-0.2202804,-0.1217053,0.9678143,moving,-7.106462542011958,-2.6311490993794817,-5.369955781610405,0.9284101667524253,-0.2944779999999999,-0.09738780000000002,0.895975,-0.12358497345052387,-0.04555415991758112,0.9912878380256498,-7.147394598323878,-2.5606172143093158,3.9385527543947854,3.9605451516206474,3.915686505960142
05/17/2023 16:16:23.288602,4569,True,True,True,True,Eyes,1.087766,-0.2957157,-3.418483,-0.3379318,-0.1598212,0.9275016,0.0,0.0,0.0,0.0,0.0,0.0,0.0,-0.3182197,0.7038183,3.53056,1.08538,-0.2878001,-3.4352,0.06057111,-0.1101913,-0.006566428,0.9920414,6.818867,347.233,358.4778,0.3019554,-0.08294757,-0.949706,0,0,0,0.7918587,-0.382453,-2.538771,-0.08859922,0.0151723,0.9437264,0.9756296,-0.02637715,0.2178331,-0.0003204801,0.992576,0.1216252,-0.2194241,-0.118731,0.968378,moving,-7.098138877939651,-2.6406190724773815,-5.36334004194299,0.9210655443038763,-0.2935213,-0.09465289999999998,0.8964289999999999,-0.12344002857094709,-0.04571883107924437,0.9912982816763033,-7.139001197686249,-2.5702329496153267,3.939722192297474,3.961707246982243,3.9169040980930308
05/17/2023 16:16:23.308527,4570,True,True,True,True,Eyes,1.087835,-0.2954278,-3.418727,-0.336999,-0.1570468,0.9283146,0.0,0.0,0.0,0.0,0.0,0.0,0.0,-0.3216238,0.6939355,3.532535,1.085464,-0.287552,-3.435531,0.05923722,-0.1097198,-0.006798683,0.9921725,6.664491,347.2901,358.4717,0.3019794,-0.08286817,-0.9497052,0,0,0,0.7929549,-0.379449,-2.53867,-0.08846167,0.01537397,0.9435598,0.9758307,-0.02648992,0.2169164,0.0004919493,0.9928895,0.119039,-0.2185273,-0.1160552,0.9689051,moving,-7.091568390774294,-2.63315093672708,-5.356001937772384,0.9334709437279499,-0.29250909999999997,-0.091897,0.8968609999999999,-0.12332707960695087,-0.045590268468438444,0.9913183034832943,-7.132482225773999,-2.5626990142063737,3.9445409400772165,3.9664823900940496,3.921617853440183
05/17/2023 16:16:23.318050,4571,True,True,True,True,Eyes,1.087855,-0.2951433,-3.418983,-0.3361439,-0.1543595,0.9290751,0.0,0.0,0.0,0.0,0.0,0.0,0.0,-0.3243377,0.6823934,3.534809,1.085582,-0.2871834,-3.435807,0.05769491,-0.1093536,-0.00709365,0.9923018,6.485404,347.3353,358.4604,0.302001,-0.0827882,-0.9497054,0,0,0,0.7941178,-0.3762619,-2.538563,-0.08809727,0.01522602,0.9433672,0.9759829,-0.02669637,0.216205,0.00145979,0.993242,0.116053,-0.2178421,-0.1129501,0.9694262,moving,-7.077370230558008,-2.6558904954829305,-5.335149220932764,0.924678050882083,-0.29146420000000006,-0.0890785,0.8972440000000002,-0.12307919867174207,-0.04598512773403594,0.9913309220785338,-7.11811814588751,-2.5857669191139405,3.9599680265266204,3.9819348515009727,3.937283590843396
05/17/2023 16:16:23.327977,4572,True,True,True,True,Eyes,1.08788,-0.2948623,-3.419237,-0.3352973,-0.1516682,0.929824,0.0,0.0,0.0,0.0,0.0,0.0,0.0,-0.3266531,0.672281,3.536807,1.085641,-0.287013,-3.436084,0.05630239,-0.1090209,-0.007253312,0.9924173,6.325079,347.377,358.4622,0.3020191,-0.08270781,-0.9497066,0,0,0,0.7951039,-0.3735596,-2.538471,-0.08779208,0.01512386,0.9432255,0.9761236,-0.0266729,0.2155717,0.002120346,0.9935549,0.1133325,-0.2172052,-0.1101694,0.969889,moving,-7.061390657341456,-2.6579533344622175,-5.317567244496071,0.918612886137623,-0.2905371000000001,-0.08654659999999997,0.8976130000000002,-0.12280250904493337,-0.04602241019134687,0.9913635432004644,-7.102119628781643,-2.5879145206260312,3.957193776894066,3.979038329235288,3.9345090756845327
05/17/2023 16:16:23.348165,4573,True,True,True,True,Eyes,1.087908,-0.2945837,-3.419493,-0.33446,-0.1489815,0.9305595,0.0,0.0,0.0,0.0,0.0,0.0,0.0,-0.3291787,0.6621311,3.538749,1.085808,-0.2868452,-3.436315,0.05491826,-0.1086829,-0.007474117,0.9925302,6.164966,347.4188,358.4568,0.3020342,-0.08262713,-0.9497088,0,0,0,0.7965555,-0.3695814,-2.538338,-0.08717707,0.01628622,0.9428732,0.9762643,-0.02677392,0.2149211,0.002899228,0.9938563,0.1106407,-0.2165629,-0.1073914,0.9703441,moving,-7.045984152835432,-2.661085827234116,-5.282489283169851,0.9895698437322841,-0.28925250000000013,-0.08273619999999998,0.897977,-0.12253560335139392,-0.046078136521038954,0.991393863824342,-7.086686704405919,-2.5911425774778625,4.032232645250056,4.054281808569301,4.009567280668016
05/17/2023 16:16:23.368169,4574,True,True,True,True,Eyes,1.087935,-0.2943046,-3.419751,-0.3336895,-0.1463465,0.931254,0.0,0.0,0.0,0.0,0.0,0.0,0.0,-0.3313888,0.6527085,3.54056,1.085881,-0.2866491,-3.436584,0.05362486,-0.1083658,-0.007609847,0.9926347,6.016248,347.4585,358.4598,0.3020467,-0.08254627,-0.9497119,0,0,0,0.7974095,-0.3672409,-2.538259,-0.08698085,0.01599272,0.942803,0.9763979,-0.02672979,0.2143191,0.003485395,0.9941329,0.1081091,-0.2159514,-0.1048105,0.9707625,moving,-7.033282465843768,-2.6549908103560274,-5.271056619750167,0.9718122309060613,-0.2884715000000001,-0.08059179999999999,0.8983249999999998,-0.12231641176346722,-0.04597392683017359,0.9914257846423118,-7.074025116438795,-2.5850213228960457,4.010426997318874,4.032262421116493,3.987701133423138
05/17/2023 16:16:23.388499,4575,True,True,True,True,Eyes,1.087962,-0.2940201,-3.420011,-0.3329362,-0.1436782,0.9319389,0.0,0.0,0.0,0.0,0.0,0.0,0.0,-0.3333126,0.643523,3.542375,1.086028,-0.2863688,-3.436884,0.0523752,-0.1080972,-0.007737793,0.9927297,5.87255,347.4924,358.4627,0.3020567,-0.08246522,-0.9497157,0,0,0,0.7984412,-0.3644134,-2.538164,-0.08659182,0.01619144,0.9427276,0.9765102,-0.0266863,0.2138121,0.004039844,0.9943939,0.1056617,-0.2154332,-0.102316,0.9711437,moving,-7.016174679296313,-2.6418099202175567,-5.2480306005799395,0.983963950318228,-0.28758680000000003,-0.07804460000000002,0.89872,-0.1220216524826719,-0.04574752186548694,0.9914726079561931,-7.057006791643474,-2.5717449227016926,4.012269826344022,4.033927322518319,3.98941856033023
05/17/2023 16:16:23.398047,4576,True,True,True,True,Eyes,1.087957,-0.2937378,-3.420276,-0.3322254,-0.1410179,0.9325987,0.0,0.0,0.0,0.0,0.0,0.0,0.0,-0.3344237,0.6307292,3.544847,1.086072,-0.2859901,-3.437186,0.05062027,-0.1079154,-0.007857684,0.9928396,5.671205,347.5176,358.4724,0.3020645,-0.08238384,-0.9497203,0,0,0,0.7994916,-0.361535,-2.538067,-0.08591293,0.01541154,0.9426732,0.976585,-0.02652825,0.2134899,0.00467742,0.9947517,0.1022115,-0.2150809,-0.09881967,0.9715837,moving,-6.992351780284117,-2.68570189982278,-5.2074113360578105,0.9366316332725726,-0.28658039999999996,-0.07554489999999997,0.8991190000000002,-0.1216051193423541,-0.046509431909091584,0.9914883597201157,-7.032864582997354,-2.616257271644148,4.016665019693713,4.038231372076378,3.9944084827972284
05/17/2023 16:16:23.418228,4577,True,True,True,True,Eyes,1.087955,-0.2934557,-3.420539,-0.3315295,-0.1383427,0.9332467,0.0,0.0,0.0,0.0,0.0,0.0,0.0,-0.3357903,0.6176722,3.547234,1.086183,-0.2857923,-3.437393,0.04881669,-0.1077169,-0.008035473,0.9929498,5.463634,347.5446,358.476,0.3020695,-0.08230226,-0.9497258,0,0,0,0.8006251,-0.3584285,-2.537962,-0.08527564,0.01491804,0.9424968,0.976665,-0.02647441,0.2131304,0.005440879,0.9951047,0.09867616,-0.2146994,-0.09521393,0.972028,moving,-6.970814256583889,-2.73588822183817,-5.169955719057647,0.9068140722333128,-0.2855578999999999,-0.07263619999999998,0.8994310000000003,-0.12122743249634137,-0.0473800757695452,0.9914932945334765,-7.010963469562505,-2.6671315912900444,4.041913543906873,4.063541740331308,4.020248393226017
05/17/2023 16:16:23.437995,4578,True,True,True,True,Eyes,1.087923,-0.2931745,-3.420805,-0.330864,-0.1357061,0.9338698,0.0,0.0,0.0,0.0,0.0,0.0,0.0,-0.3370293,0.6065739,3.54926,1.086236,-0.2855471,-3.437634,0.04730863,-0.1075379,-0.008254017,0.9930406,5.289236,347.5682,358.4711,0.302072,-0.08222049,-0.9497321,0,0,0,0.8017197,-0.3554286,-2.537862,-0.08457045,0.01481041,0.9423643,0.9767349,-0.02656808,0.212798,0.006218207,0.9953876,0.095734,-0.2143599,-0.09218352,0.972395,moving,-6.948277103342077,-2.7562341079411006,-5.128148512559788,0.9003992727193998,-0.28451629999999994,-0.06988149999999999,0.899772,-0.12083538182097985,-0.04773445385407421,0.9915241640225824,-6.9882752568605095,-2.6878080577644674,4.063037450727651,4.084585140200136,4.041695603506152
05/17/2023 16:16:23.477904,4579,True,True,True,True,Eyes,1.087886,-0.2928946,-3.421068,-0.3302403,-0.1331062,0.9344646,0.0,0.0,0.0,0.0,0.0,0.0,0.0,-0.3387138,0.5949851,3.551229,1.086346,-0.2853151,-3.437791,0.0457183,-0.1072974,-0.008407061,0.9931397,5.10638,347.5995,358.4749,0.3020715,-0.08213858,-0.9497393,0,0,0,0.8027873,-0.3525029,-2.537763,-0.08408348,0.01450432,0.9421731,0.9768332,-0.02650968,0.2123538,0.006887864,0.9956783,0.09261344,-0.2138913,-0.0890052,0.9727942,moving,-6.936232194137183,-2.786625837577162,-5.099805186575056,0.8819724108436688,-0.28355870000000005,-0.06718780000000002,0.9000279999999998,-0.12062388250770764,-0.048261639211300125,0.9915244313808385,-6.976010430070378,-2.7186126900160836,4.0810013888449825,4.102569592635812,4.060093494521102
05/17/2023 16:16:23.497931,4580,True,True,True,True,Eyes,1.087838,-0.292618,-3.421331,-0.3293933,-0.1305474,0.9351243,0.0,0.0,0.0,0.0,0.0,0.0,0.0,-0.3398964,0.5843662,3.553089,1.086353,-0.2850688,-3.438027,0.04426605,-0.1071125,-0.008553685,0.9932243,4.939271,347.624,358.4773,0.3020683,-0.0820566,-0.9497474,0,0,0,0.8039625,-0.3492823,-2.537655,-0.08327611,0.01474878,0.9420109,0.9769075,-0.02647434,0.2120161,0.007508562,0.9959347,0.08976462,-0.2135306,-0.0860998,0.9731349,moving,-6.904275911064915,-2.803033909702579,-5.051956592975825,0.8969894170587139,-0.2823904999999999,-0.06421349999999998,0.900372,-0.1200691765495307,-0.048548873938473215,0.9915777457487456,-6.943928673004983,-2.7353389299416304,4.1162789566110805,4.1377843678403226,4.095530194252279
05/17/2023 16:16:23.527917,4581,True,True,True,True,Eyes,1.087795,-0.2923391,-3.421594,-0.3285573,-0.1279857,0.9357723,0.0,0.0,0.0,0.0,0.0,0.0,0.0,-0.3415799,0.5743282,3.554701,1.086566,-0.2849082,-3.438114,0.04286212,-0.1068766,-0.008572469,0.993311,4.779335,347.6548,358.4939,0.3020623,-0.08197467,-0.9497564,0,0,0,0.8051102,-0.3461369,-2.537549,-0.08283119,0.01512474,0.9417508,0.9770078,-0.02619217,0.2115886,0.007868339,0.9961787,0.08698322,-0.2130583,-0.08331843,0.9734805,moving,-6.880224687859723,-2.81077649498425,-5.02648479091755,0.9201046321779891,-0.2814557999999999,-0.061228700000000025,0.9005650000000003,-0.1196521332715522,-0.04868533826726145,0.9916214706612797,-6.9198158645968535,-2.743265223918203,4.14452381510693,4.166032355914985,4.123709647527801
05/17/2023 16:16:23.548313,4582,True,True,True,True,Eyes,1.087731,-0.2920614,-3.421859,-0.3276617,-0.1254116,0.9364346,0.0,0.0,0.0,0.0,0.0,0.0,0.0,-0.3434185,0.5645599,3.556329,1.086629,-0.284602,-3.438369,0.04150506,-0.1065882,-0.008534838,0.9934,4.625516,347.6917,358.5165,0.3020538,-0.0818927,-0.9497662,0,0,0,0.8078701,-0.3385733,-2.537295,-0.08080976,0.01990611,0.9410782,0.9771322,-0.02580492,0.211061,0.008109109,0.9964089,0.08428168,-0.212478,-0.08064283,0.9738326,moving,-6.859177629212453,-2.811153861883329,-4.9079112626265555,1.2117654338173016,-0.27875890000000003,-0.0539713,0.9010739999999999,-0.11928781094796927,-0.04869401903210308,0.9916649281931639,-6.898760538764928,-2.7437259168182013,4.448851996106643,4.471165406590298,4.428249390589125
05/17/2023 16:16:23.588106,4583,True,True,True,True,Eyes,1.087674,-0.2917534,-3.422147,-0.3266386,-0.1224939,0.937178,0.0,0.0,0.0,0.0,0.0,0.0,0.0,-0.3446786,0.5539944,3.558064,1.086705,-0.2843789,-3.438565,0.04006625,-0.1064072,-0.008713216,0.9934769,4.459563,347.7154,358.5149,0.3020427,-0.08181075,-0.9497768,0,0,0,0.8086548,-0.3364226,-2.537222,-0.08042914,0.01911551,0.9410663,0.9772032,-0.02583943,0.2107279,0.00878608,0.9966375,0.08146407,-0.2121244,-0.07775548,0.9741444,moving,-6.815798255597203,-2.8057880868457366,-4.884968227350211,1.1636666311905117,-0.2780502,-0.052043700000000026,0.9013430000000002,-0.11853749275312483,-0.048605550500429494,0.9917592941351866,-6.855407936225067,-2.738457526915708,4.392301048929105,4.4141449179337675,4.371407735682751
05/17/2023 16:16:23.597814,4584,True,True,True,True,Eyes,1.087612,-0.2914442,-3.422448,-0.3255757,-0.1195704,0.937925,0.0,0.0,0.0,0.0,0.0,0.0,0.0,-0.3514665,0.5130069,3.564329,1.086925,-0.283454,-3.439389,0.03451084,-0.1054304,-0.009440003,0.9937829,3.818842,347.8384,358.5045,0.3020292,-0.08172792,-0.9497883,0,0,0,0.8112919,-0.3291957,-2.536979,-0.07975346,0.01490444,0.9411834,0.9775907,-0.0260396,0.2088982,0.01148564,0.9974398,0.07058308,-0.2102014,-0.06660203,0.9753869,moving,-6.859098414587363,-3.2796948849642473,-4.843526200324967,0.9072515887064893,-0.27563309999999996,-0.045741699999999996,0.9024099999999997,-0.11923528496316217,-0.056802081470005907,0.9912398261632142,-6.895340090566009,-3.2179379743137084,4.6224453836070145,4.6468324829167695,4.607290871112529
05/17/2023 16:16:23.618090,4585,True,True,True,True,Eyes,1.087554,-0.2911398,-3.422749,-0.3245365,-0.116682,0.9386487,0.0,0.0,0.0,0.0,0.0,0.0,0.0,-0.3555536,0.4977596,3.566626,1.086992,-0.2831531,-3.439953,0.03241847,-0.1048274,-0.009595378,0.9939157,3.579345,347.9122,358.5146,0.3020133,-0.08164425,-0.9498005,0,0,0,0.8126971,-0.3253446,-2.536849,-0.07949869,0.01455235,0.941319,0.9778383,-0.02587068,0.207757,0.0122773,0.9977139,0.06645416,-0.2090013,-0.06243072,0.9759205,moving,-6.864174770892623,-3.350277235536883,-4.827434741270385,0.8856953086040904,-0.2742949,-0.04219149999999999,0.9031039999999999,-0.11931472420293085,-0.05802258575559899,0.9911596173667249,-6.8999144620311315,-3.289355585083235,4.6753774893462055,4.700188649722662,4.661139577168214
05/17/2023 16:16:23.638221,4586,True,True,True,True,Eyes,1.087511,-0.2908434,-3.423047,-0.3234114,-0.1138654,0.9393827,0.0,0.0,0.0,0.0,0.0,0.0,0.0,-0.3570117,0.4902979,3.567811,1.087018,-0.2829854,-3.440267,0.03139744,-0.1046061,-0.009676484,0.993971,3.462304,347.9398,358.5186,0.3019953,-0.08155996,-0.9498135,0,0,0,0.8145524,-0.3202601,-2.536679,-0.07813701,0.01758215,0.9411077,0.9779279,-0.02580502,0.2073432,0.01266756,0.9978411,0.06444073,-0.2085585,-0.06039185,0.9761435,moving,-6.820222456105913,-3.301381185960935,-4.746190189888954,1.0702981298750267,-0.2724656000000001,-0.037274699999999994,0.9035880000000001,-0.11856012477266738,-0.05718192068052881,0.9912990692962367,-6.856299185239151,-3.240032218994865,4.813975373144972,4.838717793157299,4.799115302703892
05/17/2023 16:16:23.668340,4587,True,True,True,True,Eyes,1.087474,-0.2905465,-3.423344,-0.3222635,-0.1110946,0.9401087,0.0,0.0,0.0,0.0,0.0,0.0,0.0,-0.3592945,0.4843269,3.568683,1.08717,-0.2828871,-3.440523,0.03055148,-0.104278,-0.00961228,0.9940324,3.367127,347.9797,358.5373,0.3019759,-0.08147531,-0.9498269,0,0,0,0.8153602,-0.3180464,-2.536604,-0.07809013,0.01816501,0.9411471,0.9780674,-0.02548153,0.2067241,0.01273814,0.9979485,0.06274302,-0.2078988,-0.05873361,0.9763854,moving,-6.788627421002029,-3.232078672759031,-4.743157937920867,1.1057242781523242,-0.2718098,-0.035159300000000004,0.9039190000000001,-0.11802147747517523,-0.055986464784936685,0.9914315851396713,-6.825189982549725,-3.1700091691409713,4.771662613417204,4.795881550575616,4.755707512785456
05/17/2023 16:16:23.703815,4588,True,True,True,True,Eyes,1.087436,-0.2902437,-3.42365,-0.321045,-0.1082807,0.9408536,0.0,0.0,0.0,0.0,0.0,0.0,0.0,-0.3613427,0.4769606,3.569719,1.087193,-0.2826352,-3.440796,0.0295182,-0.1039555,-0.009498599,0.9940985,3.251167,348.0195,358.5639,0.3019553,-0.08139034,-0.9498408,0,0,0,0.817314,-0.3126918,-2.536424,-0.07683298,0.02142248,0.9408852,0.978206,-0.02502224,0.2061233,0.01274793,0.9980769,0.06066285,-0.2072448,-0.05671313,0.9766439,moving,-6.752776680917463,-3.1800540451772212,-4.668432678944656,1.304309663150324,-0.2698790000000001,-0.030056600000000044,0.9043720000000004,-0.11740696152883875,-0.05509026064764026,0.9915547222502601,-6.789700737067083,-3.1174890436190448,4.920885554023492,4.945099370803907,4.904292199451186
05/17/2023 16:16:23.707992,4589,True,True,True,True,Eyes,1.087403,-0.289949,-3.423949,-0.3198426,-0.1054833,0.9415806,0.0,0.0,0.0,0.0,0.0,0.0,0.0,-0.3653666,0.4605309,3.571979,1.087381,-0.2821916,-3.441306,0.02726121,-0.1033667,-0.009555287,0.9942238,2.99404,348.0919,358.5864,0.3019336,-0.08130489,-0.949855,0,0,0,0.8187947,-0.3086339,-2.536287,-0.07660057,0.02085891,0.9410595,0.978448,-0.02463599,0.2050184,0.01336438,0.9983311,0.05618289,-0.2060603,-0.05223209,0.9771442,moving,-6.747747469256655,-3.2719417659998746,-4.653515118049691,1.2697728919779367,-0.26858629999999994,-0.02644230000000003,0.9050189999999998,-0.11730946052524052,-0.056681044324302224,0.9914765712489598,-6.784014932515625,-3.2105076982436658,4.9766129711986995,5.001297949066058,4.961042594712911
05/17/2023 16:16:23.717960,4590,True,True,True,True,Eyes,1.087377,-0.2896564,-3.424249,-0.3186362,-0.102752,0.9422914,0.0,0.0,0.0,0.0,0.0,0.0,0.0,-0.3682079,0.4518371,3.572935,1.08744,-0.2820781,-3.44144,0.02607386,-0.1029655,-0.009687203,0.9942961,2.857687,348.1402,358.5867,0.301911,-0.08121925,-0.9498695,0,0,0,0.8211556,-0.3021637,-2.53607,-0.07516998,0.02499535,0.9406012,0.9786085,-0.02463331,0.2042512,0.01389448,0.9984526,0.05384516,-0.2052615,-0.04985537,0.9774365,moving,-6.719592109801517,-3.248721514269556,-4.569193130666193,1.5222084535338607,-0.2662844,-0.02008559999999998,0.90537,-0.1168248719999977,-0.056282462473685124,0.9915565125944574,-6.756017699587162,-3.1871117707218546,5.2081112064886455,5.233162383029113,5.192292236557981
05/17/2023 16:16:23.728486,4591,True,True,True,True,Eyes,1.087358,-0.2893675,-3.424544,-0.3174448,-0.1000394,0.9429852,0.0,0.0,0.0,0.0,0.0,0.0,0.0,-0.3709494,0.4440088,3.573964,1.087498,-0.2818157,-3.441787,0.02499805,-0.1025591,-0.009668449,0.9943659,2.735837,348.1893,358.6028,0.3018879,-0.08113348,-0.9498841,0,0,0,0.8221136,-0.2995384,-2.535981,-0.07500805,0.02538871,0.9407207,0.9787763,-0.02435551,0.2034792,0.01410039,0.9985632,0.05169759,-0.204446,-0.04773124,0.9777135,moving,-6.694397231615388,-3.210377592130067,-4.558815051405191,1.5459560949958144,-0.2653844000000001,-0.01772269999999998,0.9058060000000001,-0.11639316156791567,-0.055621713869437345,0.9916446071576708,-6.731089580664909,-3.1483980532482314,5.189057168857466,5.213772280385845,5.172594851678084
05/17/2023 16:16:23.748206,4592,True,True,True,True,Eyes,1.087343,-0.2890826,-3.424839,-0.3162686,-0.09732602,0.9436641,0.0,0.0,0.0,0.0,0.0,0.0,0.0,-0.3737453,0.4356718,3.57491,1.087623,-0.2817077,-3.441976,0.02379706,-0.102142,-0.009493324,0.9944399,2.601559,348.2401,358.6381,0.3018644,-0.08104773,-0.9498989,0,0,0,0.8227384,-0.297826,-2.535924,-0.07527356,0.02482937,0.9407822,0.9789538,-0.02374244,0.2026962,0.01401972,0.9986872,0.04926883,-0.2035999,-0.04539016,0.9780015,moving,-6.672909037236972,-3.18235068383199,-4.5745859558524815,1.511814252046598,-0.2648846,-0.016118299999999974,0.9060519999999999,-0.11602435505372388,-0.05513902648762348,0.9917147533117446,-6.709795555937184,-3.1201123456012385,5.117451094849945,5.141803593983625,5.100378813607019
05/17/2023 16:16:23.768248,4593,True,True,True,True,Eyes,1.087322,-0.2888,-3.42513,-0.3150392,-0.09464862,0.9443473,0.0,0.0,0.0,0.0,0.0,0.0,0.0,-0.3764843,0.4256836,3.576112,1.087697,-0.2815502,-3.442262,0.02240134,-0.1017351,-0.009478552,0.9945142,2.443161,348.2897,358.6573,0.3018408,-0.08096208,-0.9499137,0,0,0,0.823595,-0.2954784,-2.535845,-0.07522964,0.02444818,0.9408926,0.9791203,-0.02341111,0.2019293,0.01429511,0.9988166,0.0464855,-0.2027787,-0.0426283,0.9782963,moving,-6.64573954242884,-3.1823288057626815,-4.571393957767993,1.4884402366742377,-0.26410199999999995,-0.013928200000000002,0.9064169999999998,-0.1155540432145775,-0.05514168486240101,0.9917693983528297,-6.68261901894029,-3.1201918718273056,5.0865348176733995,5.110674422460215,5.069197290541506
05/17/2023 16:16:23.783585,4594,True,True,True,True,Eyes,1.087306,-0.2885175,-3.425417,-0.3138137,-0.09196811,0.94502,0.0,0.0,0.0,0.0,0.0,0.0,0.0,-0.3800222,0.4185977,3.576738,1.087895,-0.2813402,-3.442387,0.02148418,-0.101273,-0.009732644,0.9945792,2.336259,348.3441,358.6402,0.3018169,-0.08087661,-0.9499286,0,0,0,0.8246644,-0.2925478,-2.535746,-0.07525374,0.02538721,0.9408003,0.9792981,-0.0237113,0.2010298,0.01500824,0.9988874,0.04470673,-0.2018661,-0.04076412,0.9785644,moving,-6.6226383311541115,-3.1351091394834856,-4.573298935252467,1.545734071763055,-0.2632306000000001,-0.01120760000000004,0.906641,-0.1151593168959442,-0.05432682025831235,0.991860322977657,-6.65984841543249,-3.0724871527821147,5.085876527250266,5.109802846281581,5.067707175052542
05/17/2023 16:16:23.798132,4595,True,True,True,True,Eyes,1.087272,-0.2882381,-3.425701,-0.3125305,-0.08928673,0.9457022,0.0,0.0,0.0,0.0,0.0,0.0,0.0,-0.3841195,0.4083664,3.57768,1.087971,-0.2810881,-3.442588,0.02010437,-0.100695,-0.009876268,0.9946653,2.178066,348.4129,358.6412,0.3017928,-0.0807913,-0.9499435,0,0,0,0.825768,-0.2895233,-2.535644,-0.07531996,0.02555968,0.9407666,0.979526,-0.02369598,0.1999185,0.01559834,0.9989966,0.04198323,-0.2007127,-0.03800526,0.9789127,moving,-6.610715216122406,-3.137439728723558,-4.577469415611767,1.5562857103753274,-0.2622030000000001,-0.008435199999999976,0.9069440000000002,-0.11495265610512191,-0.054368478757580926,0.9918820696237772,-6.647905521863471,-3.0748905657371326,5.091241532485782,5.115187873669762,5.072918230219918
05/17/2023 16:16:23.818226,4596,True,True,True,True,Eyes,1.087242,-0.2879616,-3.425982,-0.3112502,-0.08660048,0.9463739,0.0,0.0,0.0,0.0,0.0,0.0,0.0,-0.3887311,0.3990163,3.578364,1.088074,-0.2809134,-3.442702,0.01883251,-0.1000505,-0.009981667,0.9947543,2.032712,348.4892,358.6453,0.3017682,-0.08070625,-0.9499586,0,0,0,0.8269047,-0.2864083,-2.53554,-0.0755282,0.02610875,0.9406364,0.9797806,-0.02362701,0.1986753,0.0160902,0.9990914,0.03946478,-0.1994273,-0.03547009,0.9792705,moving,-6.607011127088968,-3.126613645297424,-4.590703545584161,1.5899206084138042,-0.26116929999999994,-0.005494900000000025,0.907162,-0.11488969050459395,-0.054181452804903885,0.9918994999117545,-6.644277653356458,-3.063947315362095,5.10541760701493,5.129443598448578,5.08681169968606
05/17/2023 16:16:23.828429,4597,True,True,True,True,Eyes,1.087205,-0.2876894,-3.426256,-0.3099625,-0.08390793,0.9470389,0.0,0.0,0.0,0.0,0.0,0.0,0.0,-0.3929559,0.3887069,3.579228,1.088107,-0.2807351,-3.442905,0.01740528,-0.0994367,-0.009997785,0.9948415,1.870621,348.5624,358.6611,0.3017434,-0.08062151,-0.9499737,0,0,0,0.8279476,-0.28355,-2.535443,-0.07567346,0.02614335,0.9406206,0.9800248,-0.02335387,0.1974994,0.01643098,0.9991942,0.03661928,-0.1981955,-0.03264268,0.9796188,moving,-6.600220904474818,-3.1307277358198022,-4.599571721469047,1.5920532574487705,-0.26015939999999993,-0.002814900000000009,0.9074620000000002,-0.11477169348903676,-0.054253422613294834,0.9919092673953335,-6.6374562937730825,-3.0681366078208487,5.1049942142545754,5.129060095557523,5.086289719471009
05/17/2023 16:16:23.848128,4598,True,True,True,True,Eyes,1.087174,-0.2874191,-3.426528,-0.3086745,-0.08122246,0.9476935,0.0,0.0,0.0,0.0,0.0,0.0,0.0,-0.3970625,0.3786047,3.579957,1.088204,-0.2805942,-3.442989,0.0159964,-0.09884943,-0.009984011,0.9949239,1.71091,348.6324,358.6798,0.301718,-0.08053719,-0.9499889,0,0,0,0.8290759,-0.2804577,-2.535339,-0.07577482,0.02649028,0.9404957,0.9802582,-0.02302913,0.1963758,0.01670419,0.9992889,0.03380423,-0.1970147,-0.02985657,0.9799458,moving,-6.590668799916537,-3.132480936554233,-4.606315096797091,1.6133833049614204,-0.2591281,0.00013650000000003937,0.9076499999999998,-0.11460613121115032,-0.05428481959487931,0.9919267099697012,-6.627889156260603,-3.0699467717603106,5.119874171035832,5.144014679020736,5.101013848777727
05/17/2023 16:16:23.868218,4599,True,True,True,True,Eyes,1.087137,-0.2871504,-3.426794,-0.3073555,-0.07856765,0.9483458,0.0,0.0,0.0,0.0,0.0,0.0,0.0,-0.4016604,0.3692988,3.580627,1.088284,-0.280396,-3.443199,0.01472255,-0.09819638,-0.01003375,0.9950077,1.565948,348.7097,358.6897,0.3016925,-0.08045331,-0.9500042,0,0,0,0.8301963,-0.2773874,-2.535236,-0.07596821,0.02699029,0.9404863,0.9805136,-0.02285871,0.1951168,0.01707591,0.9993651,0.03126866,-0.1957077,-0.02732755,0.9802814,moving,-6.586329734545326,-3.1225094306294303,-4.618066355468701,1.6438361452384822,-0.25808770000000003,0.0030085999999999724,0.9079630000000001,-0.11453208491359512,-0.054112654203645826,0.9919446847303504,-6.623620049110046,-3.0598708179135286,5.132546029084479,5.156753909002228,5.113423981373259
05/17/2023 16:16:23.877956,4600,True,True,True,True,Eyes,1.087105,-0.2868795,-3.427059,-0.306042,-0.07592213,0.9489859,0.0,0.0,0.0,0.0,0.0,0.0,0.0,-0.4060498,0.3602115,3.581171,1.088508,-0.280187,-3.443263,0.01347037,-0.09759175,-0.01003008,0.9950849,1.423982,348.7813,358.7051,0.3016666,-0.08036988,-0.9500194,0,0,0,0.8312659,-0.2744559,-2.535137,-0.0762849,0.02739237,0.9403875,0.9807505,-0.02259076,0.1939539,0.01733238,0.9994358,0.02876602,-0.1944944,-0.02485061,0.9805888,moving,-6.577243251625583,-3.109314048946973,-4.637719058550971,1.668486157601527,-0.25724210000000003,0.0057311000000000445,0.9081259999999998,-0.11437618543723188,-0.053885181467338845,0.9919750951559251,-6.614625256422901,-3.046549734819647,5.13222345612495,5.1564647685421665,5.112701984470089
05/17/2023 16:16:23.898066,4601,True,True,True,True,Eyes,1.087074,-0.2866111,-3.427319,-0.3047292,-0.07311047,0.9496288,0.0,0.0,0.0,0.0,0.0,0.0,0.0,-0.4102861,0.3511291,3.581815,1.088573,-0.2798907,-3.4435,0.01226779,-0.09699769,-0.01020222,0.9951567,1.285686,348.8514,358.6998,0.3016406,-0.08028679,-0.9500347,0,0,0,0.8323625,-0.2714509,-2.535036,-0.07637048,0.02782256,0.9404333,0.9809747,-0.02268551,0.1928055,0.01792572,0.9994909,0.02639593,-0.1933061,-0.02243757,0.9808819,moving,-6.565733391169435,-3.085229041293592,-4.642674011866064,1.6945916501746197,-0.2562105,0.008439799999999997,0.9084639999999999,-0.11417945268099927,-0.05346939917597199,0.9920201408655618,-6.603284099161791,-3.022216297290617,5.128026790918853,5.152168787890622,5.10805923298438
05/17/2023 16:16:23.918021,4602,True,True,True,True,Eyes,1.087046,-0.2863458,-3.427578,-0.303426,-0.07031329,0.9502572,0.0,0.0,0.0,0.0,0.0,0.0,0.0,-0.4147474,0.3415566,3.582374,1.088696,-0.2797124,-3.44363,0.01098032,-0.09638183,-0.01037525,0.9952298,1.137735,348.9241,358.6951,0.3016145,-0.0802041,-0.95005,0,0,0,0.8334635,-0.2684336,-2.534935,-0.07657121,0.02822074,0.9403921,0.9812058,-0.02276812,0.1916163,0.01853491,0.9995435,0.02385586,-0.192072,-0.01985592,0.98118,moving,-6.557463031027038,-3.0716965950246338,-4.655026169707201,1.7189044562376394,-0.2552325000000001,0.011278800000000033,0.9086950000000003,-0.11403769164757667,-0.053235973451964666,0.9920490806370309,-6.5951080491141365,-3.008551016171096,5.1303740677316005,5.154524657392151,5.110063888290482
05/17/2023 16:16:23.938287,4603,True,True,True,True,Eyes,1.087031,-0.2860773,-3.427828,-0.3021819,-0.0673943,0.9508649,0.0,0.0,0.0,0.0,0.0,0.0,0.0,-0.4184982,0.332538,3.583014,1.088748,-0.279547,-3.443863,0.009754384,-0.095848,-0.01048362,0.9952931,0.9974136,348.9873,358.6969,0.3015884,-0.08012185,-0.9500652,0,0,0,0.8345407,-0.2654815,-2.534836,-0.0765501,0.0287076,0.9404607,0.9814065,-0.02273841,0.1905891,0.01899866,0.9995899,0.02142661,-0.1909982,-0.01740727,0.981436,moving,-6.543925606844165,-3.042619028078646,-4.653410490775204,1.7484130224466834,-0.2542073,0.014065500000000009,0.909027,-0.11380632512662762,-0.05273390816949158,0.9921024169421493,-6.581774393386071,-2.979172181759449,5.126538341133813,5.150537400431744,5.105746684268752
05/17/2023 16:16:23.948535,4604,True,True,True,True,Eyes,1.08702,-0.2858084,-3.428079,-0.3009537,-0.06448244,0.9514562,0.0,0.0,0.0,0.0,0.0,0.0,0.0,-0.4223336,0.321935,3.583612,1.088908,-0.2792415,-3.44392,0.00834921,-0.09532692,-0.0107059,0.9953535,0.8353856,349.0491,358.6874,0.3015628,-0.08003991,-0.9500803,0,0,0,0.8356385,-0.2624728,-2.534734,-0.0766204,0.02873505,0.9403982,0.9815964,-0.02290411,0.1895892,0.01972049,0.9996314,0.01866195,-0.1899467,-0.01457971,0.9816862,moving,-6.52922426977679,-3.0369679428097185,-4.657973361812581,1.7502000435487628,-0.25326950000000004,0.01676869999999997,0.909186,-0.11355234253209837,-0.052637598191086064,0.9921366659350065,-6.567109459841607,-2.973507714429853,5.115975157267117,5.139898568082097,5.094920570880851
05/17/2023 16:16:23.968260,4605,True,True,True,True,Eyes,1.087033,-0.2855414,-3.42832,-0.2997629,-0.06148959,0.9520301,0.0,0.0,0.0,0.0,0.0,0.0,0.0,-0.4252458,0.3117836,3.584453,1.088989,-0.2789889,-3.444215,0.006988053,-0.09491379,-0.01087867,0.9954016,0.6787856,349.0986,358.6829,0.3015376,-0.07995824,-0.9500951,0,0,0,0.8368309,-0.259205,-2.534624,-0.07627657,0.02918323,0.9405637,0.9817461,-0.02298381,0.1888026,0.02033076,0.9996656,0.01597691,-0.1891067,-0.01184677,0.9818851,moving,-6.504852900972049,-3.0203832140274907,-4.636349924686123,1.7771679397820501,-0.25215809999999994,0.019783899999999965,0.9095909999999998,-0.11313201511816551,-0.05235294215307068,0.9921997751481346,-6.5428499015091255,-2.9568134595825772,5.124843781333682,5.148572661020587,5.103461771303513
05/17/2023 16:16:23.977801,4606,True,True,True,True,Eyes,1.087049,-0.2852741,-3.428564,-0.2985923,-0.05849615,0.9525864,0.0,0.0,0.0,0.0,0.0,0.0,0.0,-0.428518,0.299223,3.585229,1.089149,-0.2788099,-3.444277,0.005298419,-0.09446924,-0.01115201,0.9954513,0.4836733,349.152,358.6703,0.3015135,-0.07987686,-0.9501096,0,0,0,0.8378198,-0.2564948,-2.534533,-0.07630202,0.02849326,0.9405661,0.9819024,-0.02320364,0.1879608,0.02120149,0.9996951,0.01265568,-0.1881972,-0.008441592,0.9820949,moving,-6.484791774072714,-3.043380202249197,-4.637878332373375,1.7351724845919385,-0.2513291999999999,0.022315099999999977,0.9097439999999999,-0.11278222334516806,-0.05275328976542496,0.9922183586113079,-6.522619465867902,-2.980163849018733,5.099399752310781,5.123051340953586,5.078055324566204
05/17/2023 16:16:23.998049,4607,True,True,True,True,Eyes,1.0871,-0.2850085,-3.428798,-0.2974951,-0.05543974,0.9531123,0.0,0.0,0.0,0.0,0.0,0.0,0.0,-0.4307984,0.2881243,3.586186,1.089232,-0.2785659,-3.444606,0.003808317,-0.09414253,-0.01135518,0.9954867,0.3119339,349.1917,358.6635,0.3014905,-0.07979575,-0.9501237,0,0,0,0.8389231,-0.2534713,-2.534431,-0.0758725,0.0284552,0.940816,0.9820165,-0.0233249,0.1873488,0.02189081,0.9997131,0.009720266,-0.1875218,-0.005444247,0.9822453,moving,-6.45619928629108,-3.0384995329678652,-4.610663957348375,1.7323961326502373,-0.25030889999999995,0.025094599999999967,0.9101749999999997,-0.11228754052402189,-0.05267173694249748,0.9922787673215091,-6.494054207416942,-2.9753311031114977,5.0920225429925585,5.115412603357549,5.070488591880093
05/17/2023 16:16:24.018250,4608,True,True,True,True,Eyes,1.087158,-0.2847425,-3.42903,-0.2964193,-0.05238398,0.9536201,0.0,0.0,0.0,0.0,0.0,0.0,0.0,-0.4330065,0.2768958,3.586951,1.089316,-0.2783754,-3.444747,0.002283044,-0.09382676,-0.01151311,0.9955194,0.1366593,349.2301,358.6619,0.3014694,-0.07971491,-0.9501373,0,0,0,0.840041,-0.2504075,-2.534328,-0.07544313,0.0284582,0.9408938,0.982128,-0.02335148,0.1867602,0.02249463,0.9997244,0.006706106,-0.1868653,-0.002385153,0.9823827,moving,-6.428052501763795,-3.036632700366402,-4.584305821728351,1.732435490923096,-0.2492749999999999,0.02796789999999999,0.9104190000000001,-0.11180022975777515,-0.05264231211817294,0.9923352626497266,-6.465913278334795,-2.9735470024240587,5.08989785289289,5.113062999153345,5.068206571209077
05/17/2023 16:16:24.028586,4609,True,True,True,True,Eyes,1.087246,-0.2844708,-3.429257,-0.2953582,-0.04930909,0.9541133,0.0,0.0,0.0,0.0,0.0,0.0,0.0,-0.4349754,0.2656838,3.587808,1.089556,-0.2781287,-3.444948,0.0007712602,-0.09356485,-0.01168458,0.9955443,359.9627,349.2622,358.6586,0.3014502,-0.07963431,-0.9501501,0,0,0,0.8411437,-0.2473855,-2.534227,-0.07506788,0.0283811,0.9410774,0.9822182,-0.02340936,0.1862779,0.0231207,0.9997258,0.003722179,-0.1863139,0.0006508839,0.9824901,moving,-6.394625161372734,-3.03243650271547,-4.560714013824788,1.7274078906862012,-0.24841229999999992,0.0307432,0.9107210000000001,-0.111221686300226,-0.052573077174845474,0.9924040759457107,-6.432507005308038,-2.9694251044540256,5.078019890984261,5.1009164614310185,5.056070528305922
05/17/2023 16:16:24.058476,4610,True,True,True,True,Eyes,1.087361,-0.2842017,-3.429482,-0.2943325,-0.04620214,0.9545857,0.0,0.0,0.0,0.0,0.0,0.0,0.0,-0.437391,0.2520416,3.588683,1.089647,-0.2777584,-3.445141,-0.001035167,-0.09322454,-0.01199823,0.9955724,359.7537,349.3039,358.6421,0.3014335,-0.07955375,-0.9501622,0,0,0,0.8422127,-0.2444559,-2.534128,-0.07472363,0.0274941,0.9412431,0.9823305,-0.02369721,0.1856484,0.02408323,0.99971,0.0001758926,-0.1855987,0.004298227,0.9826162,moving,-6.371596298450568,-3.0632571629315986,-4.5390910170768235,1.6731576372333399,-0.2474343,0.03330250000000001,0.9110130000000001,-0.11081965612411661,-0.05310930753446001,0.9924205369756622,-6.409252255998708,-3.000704960912243,5.055820353991546,5.078553018871038,5.034132958704012
05/17/2023 16:16:24.068183,4611,True,True,True,True,Eyes,1.087479,-0.2839314,-3.429704,-0.2933167,-0.04308105,0.9550442,0.0,0.0,0.0,0.0,0.0,0.0,0.0,-0.4396234,0.2386329,3.58964,1.089728,-0.2775111,-3.445462,-0.002837901,-0.09290085,-0.01225488,0.9955959,359.5458,349.3435,358.6319,0.3014197,-0.0794733,-0.9501733,0,0,0,0.8433423,-0.2413601,-2.534024,-0.07425773,0.02692227,0.9415379,0.9824385,-0.02387453,0.185053,0.02492911,0.9996836,-0.003373827,-0.1849139,0.007927782,0.9827228,moving,-6.347728168626223,-3.091540378107859,-4.509500503544978,1.637865298762942,-0.24638570000000004,0.036151000000000016,0.911438,-0.11040331608602542,-0.053601692959883235,0.9924404534432664,-6.385176112207061,-3.0294198022717085,5.051498138081733,5.07408701197445,5.030080437057633
05/17/2023 16:16:24.078293,4612,True,True,True,True,Eyes,1.087598,-0.2836581,-3.429931,-0.2923127,-0.03994426,0.9554882,0.0,0.0,0.0,0.0,0.0,0.0,0.0,-0.4422085,0.2260491,3.590332,1.089934,-0.2773637,-3.445612,-0.004559821,-0.09254392,-0.01240569,0.9956209,359.3482,349.3869,358.6328,0.3014088,-0.07939292,-0.9501834,0,0,0,0.8447801,-0.2374198,-2.533891,-0.07371937,0.02748235,0.9416687,0.9825634,-0.02385876,0.1843905,0.02554669,0.9996506,-0.006783563,-0.1841642,0.01137585,0.9828296,moving,-6.329149953959096,-3.107469268284132,-4.47632120503545,1.6716875409728533,-0.24515389999999992,0.039943900000000004,0.911721,-0.1100798549080658,-0.053879542204787495,0.9924612734523698,-6.366479384985713,-3.0456109995799823,5.103135782818413,5.125750109038225,5.08188975342193
05/17/2023 16:16:24.098046,4613,True,True,True,True,Eyes,1.08777,-0.2833832,-3.43015,-0.2913523,-0.03682443,0.9559067,0.0,0.0,0.0,0.0,0.0,0.0,0.0,-0.4445735,0.2130212,3.591171,1.090042,-0.2770545,-3.445951,-0.006300376,-0.09220456,-0.01265308,0.9956398,359.1475,349.4283,358.6227,0.3014003,-0.0793125,-0.9501927,0,0,0,0.8457414,-0.2347854,-2.533803,-0.07346351,0.02649781,0.9420112,0.9826764,-0.02403398,0.1837645,0.02635767,0.9996004,-0.01021247,-0.1834456,0.01487915,0.9829172,moving,-6.31071498928264,-3.128816493060712,-4.459232570406803,1.6112467093481693,-0.24430059999999998,0.042269099999999976,0.9121480000000002,-0.1097583041334063,-0.05425124614531383,0.9924765676984237,-6.347887307024886,-3.06728557338433,5.066421714503818,5.088829561916675,5.045362329379337
05/17/2023 16:16:24.118093,4614,True,True,True,True,Eyes,1.08794,-0.2831064,-3.430371,-0.2903972,-0.03366395,0.9563139,0.0,0.0,0.0,0.0,0.0,0.0,0.0,-0.4471336,0.2006667,3.591831,1.090208,-0.2767277,-3.446203,-0.007939247,-0.09185047,-0.01291445,0.9956574,358.9582,349.4713,358.6097,0.3013954,-0.07923198,-0.950201,0,0,0,0.8465989,-0.2324355,-2.533724,-0.07340911,0.02539055,0.9422808,0.9827934,-0.02425828,0.1831083,0.02717518,0.9995403,-0.01343715,-0.1826981,0.01818194,0.9830009,moving,-6.294398270029057,-3.1367392800693437,-4.454674018816838,1.5435095516388384,-0.24360910000000002,0.04429220000000003,0.9124790000000003,-0.10947484669172378,-0.05439020141989695,0.992500395245251,-6.331509766687935,-3.075365307312365,5.006704150148293,5.028848222724977,4.985631092162592
05/17/2023 16:16:24.128432,4615,True,True,True,True,Eyes,1.088165,-0.2828295,-3.430584,-0.2894308,-0.03050432,0.9567127,0.0,0.0,0.0,0.0,0.0,0.0,0.0,-0.4498552,0.1853925,3.592593,1.090297,-0.2764479,-3.44649,-0.009990841,-0.09145621,-0.01320315,0.9956716,358.7216,349.5194,358.5978,0.3013937,-0.07915132,-0.9502083,0,0,0,0.8476798,-0.2294731,-2.533624,-0.07313108,0.02416968,0.9425827,0.9829229,-0.02446455,0.1823845,0.02811945,0.9994518,-0.01748017,-0.1818569,0.02231021,0.9830719,moving,-6.281887435503125,-3.192054501226327,-4.43645416087026,1.468854949664836,-0.2426172000000001,0.04697480000000001,0.9128659999999997,-0.10925234705018388,-0.055349726420254264,0.9924717750736398,-6.318601159241646,-3.131396822864342,4.990824537615959,5.012953309230872,4.970391704296178
05/17/2023 16:16:24.148247,4616,True,True,True,True,Eyes,1.088386,-0.2825544,-3.430794,-0.2884636,-0.02730481,0.9571015,0.0,0.0,0.0,0.0,0.0,0.0,0.0,-0.4531502,0.1713794,3.593135,1.0905,-0.2761931,-3.446717,-0.01187784,-0.09099872,-0.01343799,0.9956895,358.5045,349.5746,358.59,0.3013964,-0.07907054,-0.9502142,0,0,0,0.8488142,-0.2263641,-2.53352,-0.07304721,0.02344012,0.9428363,0.9830773,-0.02459839,0.1815322,0.02892187,0.9993567,-0.02120761,-0.1808937,0.02609897,0.9831563,moving,-6.277085507861999,-3.225406422615092,-4.430199324450813,1.4241532176996465,-0.24168580000000006,0.04982900000000001,0.9131969999999998,-0.10916565542015447,-0.05592797694598811,0.99244899291992,-6.313560123527327,-3.1651703705211998,4.98079019606812,5.0029384788660805,4.960739752990313
05/17/2023 16:16:24.168210,4617,True,True,True,True,Eyes,1.088669,-0.2822755,-3.431,-0.2875672,-0.02392288,0.9574617,0.0,0.0,0.0,0.0,0.0,0.0,0.0,-0.4564618,0.1561815,3.593575,1.090627,-0.2760057,-3.446866,-0.01398934,-0.09051397,-0.0134566,0.995706,358.264,349.6328,358.6089,0.3014029,-0.07898967,-0.9502189,0,0,0,0.8498986,-0.2233925,-2.53342,-0.07298066,0.02229094,0.9430158,0.9832523,-0.02426517,0.1806271,0.02933009,0.9992464,-0.02542252,-0.1798741,0.03029456,0.983223,moving,-6.280899489347278,-3.2688632634020474,-4.425340054927791,1.354101371591313,-0.24072840000000006,0.05261320000000003,0.913446,-0.10922707869723004,-0.05668031447711447,0.9923995631298258,-6.317065220428022,-3.209138896116668,4.9592665532066444,4.981455894722191,4.939816377419152
05/17/2023 16:16:24.178336,4618,True,True,True,True,Eyes,1.088953,-0.2819948,-3.431206,-0.2866707,-0.02051673,0.9578094,0.0,0.0,0.0,0.0,0.0,0.0,0.0,-0.4591439,0.1421913,3.594182,1.090769,-0.2756692,-3.447231,-0.01591363,-0.09011529,-0.01345324,0.9957133,358.045,349.6807,358.6284,0.3014144,-0.0789086,-0.950222,0,0,0,0.8509855,-0.2204138,-2.533319,-0.07272395,0.02134905,0.9434192,0.9833965,-0.02392302,0.1798861,0.02965926,0.9991316,-0.02926614,-0.1790298,0.03411551,0.983252,moving,-6.275045298799048,-3.2891732614976523,-4.407957213673076,1.2963502620328382,-0.23978350000000015,0.05525540000000001,0.9139119999999998,-0.10912347338306565,-0.05703273924517173,0.9923906526100246,-6.311064646274029,-3.2297166120729095,4.929018604497416,4.951064926101338,4.909898089461569
05/17/2023 16:16:24.197888,4619,True,True,True,True,Eyes,1.089293,-0.2817059,-3.431411,-0.2857442,-0.01710138,0.9581534,0.0,0.0,0.0,0.0,0.0,0.0,0.0,-0.4622766,0.1274514,3.594602,1.09106,-0.2753881,-3.447442,-0.01790232,-0.0896893,-0.01366981,0.9957151,357.8163,349.7321,358.6231,0.3014304,-0.0788273,-0.9502237,0,0,0,0.8520742,-0.2174301,-2.533219,-0.07270671,0.02027449,0.9437051,0.983538,-0.02401118,0.1790994,0.03043376,0.9989853,-0.03319916,-0.1781206,0.0381033,0.9832707,moving,-6.2695567813346935,-3.3213206692171826,-4.405586537000453,1.2307489236018454,-0.23898579999999991,0.05795800000000004,0.9142230000000002,-0.10902492926491686,-0.05759017323789788,0.9923694270322485,-6.305345428340108,-3.2622736371078442,4.896915311887506,4.9189147837334035,4.878148785786503
05/17/2023 16:16:24.217920,4620,True,True,True,True,Eyes,1.089628,-0.2814137,-3.43161,-0.2847919,-0.01361876,0.9584926,0.0,0.0,0.0,0.0,0.0,0.0,0.0,-0.4665715,0.1156928,3.594863,1.091244,-0.2749158,-3.447858,-0.01935332,-0.08911087,-0.01427849,0.9957313,357.6453,349.8016,358.567,0.301452,-0.07874554,-0.9502236,0,0,0,0.8531888,-0.2143757,-2.533116,-0.07285339,0.01995216,0.9441299,0.9837108,-0.0249859,0.1780136,0.03188427,0.9988431,-0.03599667,-0.1769083,0.04108615,0.9833694,moving,-6.2788156133512425,-3.298041216323213,-4.412460981976615,1.2106431817321406,-0.23805520000000013,0.060540099999999986,0.9147419999999999,-0.10918782325680895,-0.05718593185309652,0.9923748030027971,-6.314772721454985,-3.2386777868575494,4.85785846750721,4.879704356958656,4.838930360698439
05/17/2023 16:16:24.229539,4621,True,True,True,True,Eyes,1.09,-0.2811257,-3.431809,-0.2837686,-0.01012223,0.9588393,0.0,0.0,0.0,0.0,0.0,0.0,0.0,-0.4720445,0.09678279,3.594787,1.091427,-0.2745947,-3.447909,-0.02186792,-0.08834946,-0.01473984,0.9957405,357.3546,349.8929,358.5378,0.3014784,-0.0786633,-0.950222,0,0,0,0.8542563,-0.2114501,-2.533018,-0.07341348,0.0177181,0.9442241,0.9839542,-0.02549007,0.1765909,0.03321815,0.9986091,-0.04094504,-0.1753016,0.04615407,0.9834324,moving,-6.305227824436411,-3.3910638869773657,-4.4458062585099185,1.0750130438252516,-0.23717069999999996,0.06314460000000002,0.9148909999999999,-0.10963501283291566,-0.058794113789588036,0.9922314736267172,-6.340528576204557,-3.332727472806848,4.81550036202661,4.837694875834963,4.797723327071951
05/17/2023 16:16:24.248362,4622,True,True,True,True,Eyes,1.090365,-0.2808397,-3.432008,-0.2827337,-0.006631708,0.9591755,0.0,0.0,0.0,0.0,0.0,0.0,0.0,-0.4770563,0.08126786,3.594912,1.091507,-0.2744291,-3.448316,-0.02394446,-0.08763207,-0.01510561,0.9957505,357.1149,349.9786,358.5148,0.3015102,-0.07858069,-0.9502188,0,0,0,0.8553782,-0.2083753,-2.532914,-0.07368678,0.01662575,0.944655,0.9841849,-0.02588622,0.1752428,0.03427943,0.9983969,-0.04503795,-0.173796,0.05033289,0.9834946,moving,-6.3266906315009335,-3.432677541186237,-4.460262922519241,1.0082908247064328,-0.23612880000000003,0.06605379999999997,0.9154020000000003,-0.11000200642116106,-0.05951232592967392,0.9921480767066457,-6.361700318457366,-3.374764461344203,4.7948617462359415,4.817234935075729,4.777723078125017
05/17/2023 16:16:24.269353,4623,True,True,True,True,Eyes,1.090735,-0.2805526,-3.432213,-0.281628,-0.003155801,0.9595184,0.0,0.0,0.0,0.0,0.0,0.0,0.0,-0.4815757,0.06888723,3.594748,1.091675,-0.2742237,-3.448467,-0.025615,-0.087,-0.01528948,0.9957615,356.9233,350.0535,358.5084,0.3015465,-0.07849784,-0.9502141,0,0,0,0.8565727,-0.2051018,-2.532804,-0.07386303,0.0165177,0.9448602,0.9843944,-0.02599234,0.1740458,0.03490636,0.9982202,-0.0483525,-0.1724792,0.05367324,0.9835498,moving,-6.335235722449104,-3.42485654120839,-4.469921108089211,1.0015218193254223,-0.2351023,0.06912190000000001,0.9156629999999999,-0.11015086418683445,-0.059375906662827216,0.9921396767740782,-6.370303445643872,-3.366816828044427,4.780990628587907,4.8033554939382315,4.763804736446988
05/17/2023 16:16:24.277899,4624,True,True,True,True,Eyes,1.091099,-0.280272,-3.43242,-0.2805068,0.0003069848,0.9598519,0.0,0.0,0.0,0.0,0.0,0.0,0.0,-0.4857286,0.05484389,3.594869,1.091824,-0.27394,-3.448898,-0.02750627,-0.08640471,-0.01547929,0.99576,356.7063,350.1245,358.5034,0.3015871,-0.07841472,-0.9502081,0,0,0,0.8575637,-0.2023858,-2.532713,-0.07408123,0.01533923,0.9453413,0.9845892,-0.02607397,0.1729283,0.03558066,0.9980076,-0.05210433,-0.1712251,0.05745426,0.9835553,moving,-6.338564051627005,-3.442824976922138,-4.480799809594794,0.9296071377897054,-0.23426029999999987,0.07155420000000001,0.9161849999999996,-0.1102064504201947,-0.05968667638436712,0.9921148461581886,-6.37350452191889,-3.384990280488163,4.728453490288727,4.750731583318195,4.711484055991688
05/17/2023 16:16:24.298112,4625,True,True,True,True,Eyes,1.091486,-0.2799895,-3.432631,-0.279416,0.003737109,0.9601628,0.0,0.0,0.0,0.0,0.0,0.0,0.0,-0.4909155,0.04330939,3.594594,1.092007,-0.2738488,-3.449131,-0.02909573,-0.08567709,-0.01555569,0.9957766,356.5251,350.21,358.5077,0.3016314,-0.07833152,-0.9502009,0,0,0,0.858673,-0.1993459,-2.532611,-0.07451569,0.01528327,0.9456313,0.9848349,-0.02599431,0.1715357,0.03596566,0.9978229,-0.05528015,-0.1697253,0.06061121,0.9836258,moving,-6.359658243471278,-3.426314820192755,-4.50559367415611,0.9259323754943899,-0.23333399999999993,0.07450290000000001,0.9165199999999998,-0.11057361027648456,-0.05939835348120976,0.9920913172977894,-6.3947220379622784,-3.3682013667111104,4.708389176962471,4.73070936325161,4.691310112419002
05/17/2023 16:16:24.318095,4626,True,True,True,True,Eyes,1.091863,-0.2797093,-3.432844,-0.278319,0.007160148,0.960462,0.0,0.0,0.0,0.0,0.0,0.0,0.0,-0.4961081,0.03078412,3.594412,1.092149,-0.2735344,-3.449529,-0.03078782,-0.08493734,-0.01565249,0.9957875,356.332,350.297,358.5103,0.3016794,-0.07824819,-0.9501925,0,0,0,0.859774,-0.1963284,-2.532509,-0.07490532,0.01477267,0.9460744,0.9850813,-0.02594303,0.1701229,0.03640317,0.9976143,-0.0586573,-0.1681953,0.06397521,0.9836755,moving,-6.38171606759341,-3.4223251590201564,-4.526942510377168,0.8945838327398973,-0.232375,0.07720600000000002,0.91702,-0.1109560189875226,-0.05932673064584226,0.9920529662299782,-6.416814156687559,-3.364080877732536,4.676157221011198,4.69849850395713,4.6591673028290375
05/17/2023 16:16:24.328594,4627,True,True,True,True,Eyes,1.092245,-0.2794282,-3.433062,-0.2772631,0.01052811,0.9607364,0.0,0.0,0.0,0.0,0.0,0.0,0.0,-0.5002843,0.01881434,3.594214,1.092254,-0.2733442,-3.449823,-0.03244375,-0.08433341,-0.01564951,0.9957863,356.1437,350.368,358.5243,0.3017307,-0.0781648,-0.950183,0,0,0,0.8608677,-0.1933312,-2.532408,-0.07502091,0.01447127,0.9464423,0.9852859,-0.02569495,0.1689716,0.03663931,0.9974051,-0.06197453,-0.1669406,0.06725363,0.9836705,moving,-6.39095387088369,-3.4150172724607777,-4.532144081120519,0.8759943308784487,-0.23138630000000004,0.08001299999999997,0.9174149999999996,-0.11111681574063234,-0.05919913026627703,0.9920426473907867,-6.426106520678513,-3.3566499758967043,4.65403552480334,4.676318468037788,4.637064971523753
05/17/2023 16:16:24.348015,4628,True,True,True,True,Eyes,1.092618,-0.2791487,-3.433285,-0.2762084,0.01389638,0.9609973,0.0,0.0,0.0,0.0,0.0,0.0,0.0,-0.5038588,0.006694973,3.59413,1.092408,-0.2730593,-3.450184,-0.03406528,-0.08382509,-0.01583177,0.9957722,355.9575,350.4286,358.5168,0.3017848,-0.07808133,-0.9501727,0,0,0,0.8619536,-0.1903551,-2.532308,-0.07501426,0.01405377,0.9469011,0.9854454,-0.02581863,0.16802,0.03724072,0.9971778,-0.06518832,-0.1658628,0.07049671,0.9836258,moving,-6.388798321307253,-3.4078248027446687,-4.529557399529648,0.8503132905093377,-0.23045440000000006,0.0827042,0.9178760000000001,-0.11108030748637306,-0.05907483610456739,0.9920540959256741,-6.424001690233461,-3.349378522067501,4.624216834927974,4.646344458435395,4.607204194650505
05/17/2023 16:16:24.368455,4629,True,True,True,True,Eyes,1.093007,-0.2788714,-3.433507,-0.2751456,0.01720429,0.9612486,0.0,0.0,0.0,0.0,0.0,0.0,0.0,-0.5072326,-0.005858317,3.594005,1.092587,-0.2728456,-3.450507,-0.03572827,-0.08335235,-0.01614611,0.9957486,355.7652,350.4857,358.4946,0.3018414,-0.07799783,-0.9501615,0,0,0,0.8631387,-0.1871075,-2.532199,-0.07489163,0.0138616,0.9473575,0.9855834,-0.02619886,0.1671497,0.038111,0.9969256,-0.06846111,-0.1648422,0.07384437,0.9835517,moving,-6.381717020369741,-3.4117042427950937,-4.520013835308252,0.8382838650547008,-0.22944829999999994,0.08573810000000001,0.9183080000000001,-0.11095724695620204,-0.059142823840246876,0.9920637960997398,-6.416890848525146,-3.3533314133106926,4.617810018379354,4.639863970649653,4.600845688033542
05/17/2023 16:16:24.378351,4630,True,True,True,True,Eyes,1.093387,-0.2785963,-3.433734,-0.2740875,0.02049877,0.9614862,0.0,0.0,0.0,0.0,0.0,0.0,0.0,-0.5107456,-0.01810534,3.593801,1.092719,-0.2726278,-3.45083,-0.03734172,-0.08285485,-0.01648417,0.9957254,355.5783,350.5458,358.4689,0.3019004,-0.07791434,-0.9501496,0,0,0,0.8641443,-0.1843516,-2.532106,-0.0749426,0.01325355,0.9477873,0.9857267,-0.02663953,0.1662324,0.0390153,0.9966677,-0.0716326,-0.1637702,0.07709578,0.9834813,moving,-6.377903767577383,-3.411336951797501,-4.521034713728489,0.8011533681335257,-0.22857470000000002,0.08827619999999997,0.9187239999999997,-0.11089125506980932,-0.059136899867873745,0.9920714826267626,-6.413079204649769,-3.3529739463103407,4.581684060463815,4.603589618835968,4.56471314544892
05/17/2023 16:16:24.398416,4631,True,True,True,True,Eyes,1.093765,-0.2783185,-3.433962,-0.2730178,0.02375481,0.9617156,0.0,0.0,0.0,0.0,0.0,0.0,0.0,-0.5138526,-0.02907793,3.593611,1.092864,-0.2724407,-3.451138,-0.03884584,-0.0824086,-0.01653316,0.9957041,355.4067,350.5986,358.4753,0.3019615,-0.07783093,-0.950137,0,0,0,0.8652332,-0.1813673,-2.532006,-0.07481179,0.0131991,0.9482313,0.985871,-0.02652181,0.1653936,0.03932673,0.9964353,-0.07463297,-0.1628247,0.08008287,0.9833996,moving,-6.368404943359479,-3.3942694250429115,-4.511071490857,0.7974888465111629,-0.22763080000000002,0.09107339999999997,0.9191319999999998,-0.11072871420152923,-0.05884244853374856,0.9921071633146116,-6.403699574071234,-3.3357353966821286,4.563102522755144,4.584814604858825,4.545941454296562
05/17/2023 16:16:24.418088,4632,True,True,True,True,Eyes,1.094139,-0.2780429,-3.434194,-0.2719685,0.02700168,0.9619273,0.0,0.0,0.0,0.0,0.0,0.0,0.0,-0.5157259,-0.04327756,3.5935,1.092985,-0.272115,-3.451438,-0.04073547,-0.08212893,-0.01680896,0.9956471,355.1885,350.6336,358.46,0.3020244,-0.07774752,-0.9501238,0,0,0,0.8663845,-0.178212,-2.531899,-0.07428752,0.01238665,0.9487067,0.9859446,-0.02678047,0.1649123,0.04016271,0.9961162,-0.0783553,-0.1621734,0.0838773,0.9831909,moving,-6.3401242416446655,-3.426179641562867,-4.477352080107842,0.7480314454822372,-0.2266005000000001,0.09390299999999999,0.9195389999999999,-0.11023538010404987,-0.05939826472694368,0.9921290708980892,-6.37518382482878,-3.368137648853784,4.549453149255713,4.570990956565856,4.532616611234348
05/17/2023 16:16:24.428895,4633,True,True,True,True,Eyes,1.094485,-0.2777675,-3.434432,-0.2708605,0.03018578,0.9621452,0.0,0.0,0.0,0.0,0.0,0.0,0.0,-0.5174171,-0.05457413,3.593477,1.093242,-0.2719168,-3.451762,-0.04221282,-0.08190239,-0.01716959,0.9955978,355.0166,350.6626,358.4312,0.3020887,-0.07766416,-0.9501102,0,0,0,0.8674341,-0.1753355,-2.531803,-0.07391563,0.01215998,0.9492263,0.9859945,-0.02727336,0.1645332,0.04110268,0.9958466,-0.08124153,-0.1616341,0.08686645,0.9830201,moving,-6.302523397171598,-3.4167262893434827,-4.452599667533158,0.7339423958546647,-0.22580790000000006,0.09658130000000001,0.919959,-0.10958529718239765,-0.05923885145263669,0.9922105617143553,-6.337640431296065,-3.3587105865113718,4.5230573898558895,4.544256632251739,4.505905804066199
05/17/2023 16:16:24.452163,4634,True,True,True,True,Eyes,1.094823,-0.2774968,-3.434672,-0.2697637,0.03338767,0.9623476,0.0,0.0,0.0,0.0,0.0,0.0,0.0,-0.5201755,-0.06853062,3.593148,1.093399,-0.2716784,-3.452051,-0.04408269,-0.08150383,-0.01742846,0.9955451,354.8011,350.7113,358.4167,0.3021535,-0.07758085,-0.9500964,0,0,0,0.8685301,-0.172332,-2.531702,-0.07370888,0.01131393,0.9496934,0.9861068,-0.02751581,0.1638181,0.04188744,0.995506,-0.08493164,-0.1607449,0.09061359,0.9828277,moving,-6.285367394673216,-3.448776061683336,-4.438019987460754,0.6825463608106501,-0.22486890000000004,0.09934639999999997,0.9203489999999999,-0.10928456641367373,-0.05979585423415405,0.992210377355358,-6.320251333427655,-3.3912124545763036,4.504422105615845,4.525540564566423,4.487572364395175
05/17/2023 16:16:24.468596,4635,True,True,True,True,Eyes,1.095131,-0.2772227,-3.434918,-0.2685823,0.03659638,0.9625613,0.0,0.0,0.0,0.0,0.0,0.0,0.0,-0.5227064,-0.08193319,3.592811,1.093544,-0.2715538,-3.452339,-0.04587194,-0.08113832,-0.01776795,0.9954882,354.594,350.7566,358.3923,0.3022186,-0.07749774,-0.9500824,0,0,0,0.8696523,-0.1692566,-2.531598,-0.07341847,0.01077878,0.950184,0.9862018,-0.02793162,0.1631746,0.0428195,0.9951602,-0.08844662,-0.1599144,0.09421327,0.9826247,moving,-6.259452271346207,-3.472899080321223,-4.4183304032928366,0.6499289754020492,-0.22389170000000003,0.1022972,0.920741,-0.1088330116937352,-0.06021659368061571,0.9922345189375642,-6.294157320583947,-3.4157244085757283,4.494245484558472,4.515245387582304,4.4775287896655485
05/17/2023 16:16:24.478006,4636,True,True,True,True,Eyes,1.095435,-0.2769568,-3.435166,-0.2674145,0.03983402,0.9627579,0.0,0.0,0.0,0.0,0.0,0.0,0.0,-0.5247242,-0.09534724,3.592512,1.093669,-0.2712286,-3.452664,-0.04764534,-0.08083806,-0.01806029,0.9954241,354.389,350.7942,358.3733,0.3022831,-0.0774147,-0.9500687,0,0,0,0.8707088,-0.1663611,-2.531501,-0.07302995,0.009901993,0.9506941,0.9862781,-0.02825217,0.1626573,0.0436584,0.9948075,-0.0919347,-0.1592153,0.09777455,0.9823902,moving,-6.227123993614117,-3.4924305325777003,-4.3926921352528305,0.5967449395579808,-0.22296020000000005,0.10486749999999997,0.921163,-0.1082708988268679,-0.0605585713675902,0.9922752188143968,-6.261681197169561,-3.435613222824115,4.461054961282863,4.4817961003248366,4.44443837433864
05/17/2023 16:16:24.498224,4637,True,True,True,True,Eyes,1.095703,-0.2766902,-3.435421,-0.2662734,0.04306585,0.962935,0.0,0.0,0.0,0.0,0.0,0.0,0.0,-0.5273905,-0.1096473,3.59203,1.093894,-0.2712027,-3.452924,-0.04962775,-0.08045582,-0.0181684,0.9953562,354.1619,350.8403,358.3766,0.3023471,-0.07733196,-0.9500551,0,0,0,0.8718733,-0.16317,-2.531394,-0.07278571,0.009278044,0.9512094,0.9863936,-0.02818238,0.1619677,0.04415375,0.994414,-0.09587108,-0.1583611,0.1017181,0.9821279,moving,-6.2059537825859055,-3.5321706950769123,-4.375695992004765,0.5588421496042438,-0.22202069999999996,0.10803270000000001,0.9215299999999997,-0.10789969800877,-0.061249280930154304,0.9922732415841606,-6.2402219863228074,-3.4759135789022793,4.461034024629091,4.481766356619805,4.4447396967880906
05/17/2023 16:16:24.518120,4638,True,True,True,True,Eyes,1.095969,-0.27642,-3.435677,-0.2651447,0.04630247,0.9630963,0.0,0.0,0.0,0.0,0.0,0.0,0.0,-0.5296076,-0.1211828,3.591668,1.094031,-0.2709456,-3.453249,-0.05117877,-0.08013075,-0.01831421,0.9953013,353.9837,350.8798,358.3719,0.3024095,-0.07724949,-0.9500419,0,0,0,0.8728901,-0.1603833,-2.5313,-0.07249002,0.008814052,0.9517276,0.9864873,-0.02825433,0.161383,0.0446583,0.9940906,-0.0989415,-0.1576339,0.1048116,0.9819196,moving,-6.179511739624964,-3.523505027280167,-4.355624744846919,0.530607227204682,-0.22114089999999997,0.1105623,0.9219490000000001,-0.10744272762930807,-0.06110224935210336,0.9923319450383369,-6.213834733625327,-3.4672419777251435,4.425070020244821,4.445490967450582,4.408598714756639
05/17/2023 16:16:24.538140,4639,True,True,True,True,Eyes,1.096207,-0.2761549,-3.435936,-0.2639967,0.04953101,0.963251,0.0,0.0,0.0,0.0,0.0,0.0,0.0,-0.5321955,-0.1337445,3.591117,1.094221,-0.2706214,-3.453504,-0.05285012,-0.07976096,-0.01852656,0.9952397,353.7912,350.9249,358.3603,0.3024705,-0.07716715,-0.9500292,0,0,0,0.8739923,-0.1573626,-2.531198,-0.07226343,0.008272268,0.9522002,0.98659,-0.02844598,0.1607208,0.04530748,0.9937273,-0.1022417,-0.1568043,0.1081525,0.9816901,moving,-6.156940987105347,-3.530447480097989,-4.339915205374487,0.4977462933033596,-0.22022870000000005,0.11325880000000002,0.9223060000000003,-0.10705099625045217,-0.06122508906506265,0.9923666863787151,-6.191208493958275,-3.474352915291757,4.398820516126274,4.419041498735222,4.382334875757138
05/17/2023 16:16:24.548025,4640,True,True,True,True,Eyes,1.096442,-0.2758872,-3.436195,-0.2628594,0.0527524,0.9633909,0.0,0.0,0.0,0.0,0.0,0.0,0.0,-0.5350885,-0.1466929,3.590473,1.094365,-0.2704396,-3.453775,-0.05462294,-0.07933896,-0.0186213,0.995176,353.5882,350.9753,358.3626,0.3025295,-0.07708509,-0.9500171,0,0,0,0.8750972,-0.1543347,-2.531096,-0.07207322,0.007718012,0.9527022,0.9867172,-0.02839548,0.1599467,0.04573038,0.9933391,-0.1057641,-0.1558781,0.1116736,0.9814433,moving,-6.141093243276361,-3.546893088570604,-4.326263121172609,0.46415326874676127,-0.2192678,0.11610490000000001,0.922679,-0.10677461398570498,-0.061511759127830995,0.9923786532237248,-6.175239276208211,-3.4910568672166273,4.382397207756809,4.402510789611313,4.366050851916153
05/17/2023 16:16:24.568358,4641,True,True,True,True,Eyes,1.096633,-0.2756203,-3.436462,-0.2616405,0.05591484,0.9635444,0.0,0.0,0.0,0.0,0.0,0.0,0.0,-0.5377785,-0.1584111,3.589818,1.094504,-0.2702067,-3.454004,-0.05617599,-0.07895109,-0.01888786,0.9951152,353.4088,351.0229,358.3432,0.3025865,-0.07700321,-0.9500055,0,0,0,0.8763377,-0.1509349,-2.530982,-0.0717223,0.007853568,0.9531982,0.9868199,-0.02872089,0.159253,0.04646152,0.9929751,-0.1088207,-0.1550088,0.1147856,0.981222,moving,-6.116609690901974,-3.5453457829186745,-4.30304635887812,0.4720593459640437,-0.21816629999999992,0.11927180000000001,0.923022,-0.10635070655826462,-0.06148777264954904,0.9924257213378694,-6.150760271226143,-3.4895824527764816,4.387812071984986,4.407783561931624,4.371344466341277
05/17/2023 16:16:24.578396,4642,True,True,True,True,Eyes,1.096823,-0.2753584,-3.436727,-0.2604358,0.05907411,0.9636823,0.0,0.0,0.0,0.0,0.0,0.0,0.0,-0.5406076,-0.1706049,3.589148,1.094645,-0.2699886,-3.454302,-0.05779122,-0.07854111,-0.01917922,0.9950497,353.222,351.0732,358.3213,0.3026408,-0.07692152,-0.9499949,0,0,0,0.8772438,-0.1484518,-2.530898,-0.07171495,0.006945141,0.9536864,0.9869269,-0.02909056,0.1585214,0.04724651,0.9925846,-0.1119975,-0.1540878,0.118023,0.980983,moving,-6.0955600858577155,-3.551608094493636,-4.3004127691974725,0.41724431966776815,-0.21740120000000007,0.12153680000000003,0.9234040000000001,-0.10598537644307207,-0.061598661890414144,0.9924579772266193,-6.1296604321974195,-3.4959993251904855,4.336222362327902,4.3559549324926765,4.319678557093604
05/17/2023 16:16:24.599200,4643,True,True,True,True,Eyes,1.096991,-0.2750955,-3.436999,-0.2592179,0.06216209,0.9638163,0.0,0.0,0.0,0.0,0.0,0.0,0.0,-0.5432123,-0.1820377,3.58845,1.09477,-0.2698755,-3.454538,-0.0593174,-0.07816295,-0.01945974,0.9949841,353.0455,351.1198,358.2998,0.3026924,-0.07684015,-0.949985,0,0,0,0.8783656,-0.1453775,-2.530795,-0.07144992,0.006912366,0.9541908,0.9870238,-0.02945141,0.1578504,0.0479971,0.9922056,-0.1149977,-0.1532332,0.1210818,0.9807439,moving,-6.070208794511313,-3.5515632898231217,-4.28232297365035,0.41505584670950346,-0.21640440000000005,0.124498,0.923743,-0.10554621387870831,-0.06160077230260554,0.9925045324062056,-6.104302743863429,-3.4960488435621175,4.331356005751525,4.3509312891313865,4.314666867943616
05/17/2023 16:16:24.608104,4644,True,True,True,True,Eyes,1.097154,-0.2748364,-3.437269,-0.2580173,0.06524227,0.9639349,0.0,0.0,0.0,0.0,0.0,0.0,0.0,-0.5457096,-0.1937481,3.587801,1.094871,-0.2696096,-3.454883,-0.06085956,-0.07779229,-0.019741,0.9949146,352.8671,351.1656,358.2783,0.3027411,-0.07675906,-0.9499761,0,0,0,0.87945,-0.1424055,-2.530695,-0.07115935,0.006580196,0.9547791,0.9871174,-0.0298124,0.1571962,0.04875002,0.9918128,-0.1180287,-0.1523905,0.1241715,0.9804889,moving,-6.045128574691115,-3.5537905364258044,-4.2623539330655,0.39486776595227263,-0.21542099999999997,0.12720410000000001,0.924188,-0.10511148649529528,-0.061642209918433076,0.9925481276468027,-6.079199996649145,-3.4983968974175754,4.3130841450953135,4.33245747951006,4.296328590529794
05/17/2023 16:16:24.628622,4645,True,True,True,True,Eyes,1.097269,-0.2745762,-3.437545,-0.2567452,0.06825817,0.9640657,0.0,0.0,0.0,0.0,0.0,0.0,0.0,-0.5480239,-0.2044623,3.587093,1.094927,-0.2694704,-3.455126,-0.06230772,-0.07744426,-0.01990736,0.9948488,352.7004,351.2079,358.2692,0.302787,-0.0766783,-0.949968,0,0,0,0.8805225,-0.1394663,-2.530596,-0.07080217,0.006563619,0.9552847,0.9872122,-0.02995886,0.1565714,0.04926036,0.9914429,-0.1208901,-0.1516099,0.1270569,0.9802403,moving,-6.013354330497006,-3.546485547721964,-4.238801110820887,0.39366457907679153,-0.2144045,0.1300041,0.9245299999999999,-0.10456183129655615,-0.06151924696186774,0.9926137995718345,-6.047469426883494,-3.4911223968526874,4.302183405572476,4.321321806018979,4.28518971877326
05/17/2023 16:16:24.648237,4646,True,True,True,True,Eyes,1.097386,-0.2743237,-3.43782,-0.2554989,0.07125752,0.9641798,0.0,0.0,0.0,0.0,0.0,0.0,0.0,-0.5506685,-0.215282,3.586282,1.095034,-0.2692246,-3.455346,-0.06377121,-0.07705679,-0.02000748,0.9947841,352.5327,351.2544,358.2674,0.3028292,-0.07659785,-0.9499611,0,0,0,0.8815883,-0.1365455,-2.530498,-0.07056911,0.006409109,0.9557646,0.9873239,-0.02997822,0.1558615,0.04963423,0.9910658,-0.1237937,-0.1507579,0.1299606,0.979991,moving,-5.987689241455273,-3.5405908319989097,-4.222785132364491,0.3842048472080098,-0.21344570000000007,0.1326791,0.9248479999999999,-0.10411782977202044,-0.06142000284887566,0.9926666457373338,-6.021839574014492,-3.4852523771138713,4.284430853886051,4.303360040457553,4.2672351815757
05/17/2023 16:16:24.657848,4647,True,True,True,True,Eyes,1.097479,-0.274069,-3.438102,-0.2542615,0.07420543,0.9642845,0.0,0.0,0.0,0.0,0.0,0.0,0.0,-0.5526128,-0.2247669,3.585715,1.095215,-0.2691851,-3.455618,-0.06509762,-0.07677882,-0.02000792,0.9947196,352.3813,351.2874,358.2766,0.302868,-0.07651788,-0.9499551,0,0,0,0.8827468,-0.1333705,-2.530391,-0.07010543,0.006992131,0.9563838,0.9874094,-0.0298083,0.1553517,0.04980077,0.990724,-0.1264354,-0.1501419,0.1325801,0.9797346,moving,-5.950103525818595,-3.519860498911707,-4.192431960456352,0.41888252238374757,-0.2124682,0.1358146,0.925227,-0.10346887869447896,-0.06106499564812539,0.9927563702198976,-5.984391730597333,-3.4644117923288555,4.294441396638846,4.313131799456934,4.276808921670799
05/17/2023 16:16:24.678019,4648,True,True,True,True,Eyes,1.097572,-0.2738116,-3.438383,-0.2530487,0.07716659,0.9643711,0.0,0.0,0.0,0.0,0.0,0.0,0.0,-0.5548335,-0.23459,3.585079,1.095353,-0.268903,-3.455945,-0.06642686,-0.07645462,-0.02005171,0.9946558,352.2292,351.326,358.2805,0.3029033,-0.07643829,-0.9499503,0,0,0,0.8838076,-0.1304634,-2.530293,-0.06976803,0.007038496,0.9569914,0.9875052,-0.02973182,0.154756,0.05004638,0.9903708,-0.1290776,-0.1494281,0.1352098,0.9794844,moving,-5.91939815381287,-3.499719178198274,-4.1696865643528325,0.42139233815536625,-0.2115454,0.1384396,0.9256519999999999,-0.1029390101051479,-0.06071936172526602,0.9928326470303931,-5.953821853362718,-3.4441416022593274,4.275383010774291,4.2937869264755,4.257404300038738
05/17/2023 16:16:24.698298,4649,True,True,True,True,Eyes,1.097639,-0.2735536,-3.438667,-0.2518638,0.08009584,0.9644424,0.0,0.0,0.0,0.0,0.0,0.0,0.0,-0.5565249,-0.2468363,3.584253,1.09544,-0.2686149,-3.456208,-0.06807412,-0.07619167,-0.02020309,0.9945616,352.0397,351.3585,358.275,0.3029352,-0.07635897,-0.9499465,0,0,0,0.8849065,-0.1274518,-2.530192,-0.06923692,0.006556123,0.9575592,0.9875733,-0.02981306,0.1543052,0.05055979,0.9899155,-0.1323292,-0.148804,0.1384864,0.9791215,moving,-5.882845110184197,-3.519718291597014,-4.135610248199796,0.3922810290943488,-0.21053349999999993,0.14116309999999999,0.9260160000000002,-0.10230339431694041,-0.061069929704810684,0.9928767997342808,-5.917116509817032,-3.4645195469426873,4.266247312037164,4.2844565989193235,4.24837324672645
05/17/2023 16:16:24.718150,4650,True,True,True,True,Eyes,1.097707,-0.273298,-3.438949,-0.2506957,0.08304548,0.9644974,0.0,0.0,0.0,0.0,0.0,0.0,0.0,-0.5581197,-0.2589636,3.583432,1.095542,-0.2683773,-3.456488,-0.06969481,-0.07594394,-0.02042472,0.9944639,351.8526,351.3898,358.2612,0.3029636,-0.0762799,-0.9499438,0,0,0,0.8860672,-0.1242708,-2.530085,-0.06864432,0.006317183,0.9581842,0.9876307,-0.03003749,0.1538939,0.05120907,0.9894509,-0.1355156,-0.1482,0.1417202,0.9787503,moving,-5.845765779756589,-3.536967567116169,-4.097669304039345,0.37773810120749957,-0.20947479999999996,0.14410649999999997,0.9264029999999996,-0.10165894678099072,-0.06137292293890872,0.992924439835678,-5.8799043494067105,-3.48211634192222,4.26924493377923,4.2872790622981976,4.251451290922178
05/17/2023 16:16:24.728320,4651,True,True,True,True,Eyes,1.097745,-0.2730436,-3.439235,-0.2494861,0.08594947,0.9645566,0.0,0.0,0.0,0.0,0.0,0.0,0.0,-0.5603231,-0.2716546,3.582354,1.095627,-0.2682131,-3.456687,-0.07142748,-0.0756091,-0.02055848,0.9943636,351.6535,351.4306,358.2576,0.3029888,-0.0762011,-0.9499421,0,0,0,0.8871229,-0.1213775,-2.529988,-0.06829521,0.005679905,0.9587025,0.9877212,-0.03008407,0.1533027,0.05168634,0.988951,-0.1389409,-0.147429,0.1451586,0.9783627,moving,-5.815974317859772,-3.567861648769892,-4.074703249924886,0.33944917945528946,-0.20850409999999986,0.14683559999999998,0.9266990000000002,-0.10113927870431987,-0.0619115965501045,0.9929440369959618,-5.849884685884728,-3.513495814288799,4.259820130390337,4.277745064913623,4.242222796529442
05/17/2023 16:16:24.748354,4652,True,True,True,True,Eyes,1.097785,-0.2727928,-3.439519,-0.2482986,0.08885469,0.9645997,0.0,0.0,0.0,0.0,0.0,0.0,0.0,-0.5619316,-0.2818511,3.581605,1.095704,-0.2680238,-3.456978,-0.07280114,-0.07536071,-0.02069977,0.99428,351.4954,351.4613,358.2507,0.3030103,-0.07612262,-0.9499415,0,0,0,0.8882177,-0.1183772,-2.529886,-0.06774181,0.005792573,0.9593333,0.9877845,-0.03019004,0.1528732,0.05213541,0.988543,-0.1416495,-0.1468453,0.1478893,0.9780415,moving,-5.778256752186938,-3.5579256175858687,-4.039146724819393,0.3459547917889842,-0.2074863,0.14964659999999996,0.927092,-0.10048664791967503,-0.06174350268920545,0.9930206973686807,-5.812227982260139,-3.503580667906991,4.256070343688381,4.273732085424999,4.238247326542465
05/17/2023 16:16:24.768099,4653,True,True,True,True,Eyes,1.097811,-0.2725405,-3.439802,-0.2470791,0.0916855,0.9646479,0.0,0.0,0.0,0.0,0.0,0.0,0.0,-0.5637959,-0.2926851,3.580665,1.095787,-0.267886,-3.457193,-0.07428384,-0.07507739,-0.0207973,0.9941897,351.3251,351.4957,358.2495,0.3030285,-0.0760445,-0.9499419,0,0,0,0.8893229,-0.1153486,-2.529785,-0.06725316,0.005795002,0.9599085,0.9878617,-0.03019884,0.1523721,0.05250699,0.9880988,-0.1445816,-0.1461925,0.1508272,0.9776906,moving,-5.7423337223117485,-3.563809069124706,-4.007710952021403,0.34589247128084905,-0.20646410000000004,0.15253740000000002,0.9274080000000002,-0.09986337064679134,-0.06184937047846216,0.9930769588083036,-5.776253479569036,-3.5096697517662365,4.259745464916438,4.27722834207613,4.241827757881307
05/17/2023 16:16:24.778235,4654,True,True,True,True,Eyes,1.097838,-0.2722901,-3.440084,-0.2458855,0.09451107,0.9646803,0.0,0.0,0.0,0.0,0.0,0.0,0.0,-0.5664068,-0.3008169,3.57979,1.095918,-0.2676216,-3.45739,-0.07537959,-0.07470506,-0.02084095,0.9941342,351.1998,351.5397,358.2502,0.3030435,-0.07596669,-0.9499434,0,0,0,0.8904021,-0.1123907,-2.529685,-0.06701708,0.006350458,0.9604359,0.9879696,-0.03017493,0.1516757,0.05269988,0.9877671,-0.146761,-0.1453917,0.1529887,0.9774742,moving,-5.718867042883068,-3.5250842433902054,-3.9915022676289027,0.37883750391408527,-0.20551589999999997,0.1552309,0.927705,-0.09946074480802117,-0.06118064612210567,0.9931588953703233,-5.753056733529342,-3.4705640536598925,4.251769328284557,4.269003873957514,4.233316251803868
05/17/2023 16:16:24.798067,4655,True,True,True,True,Eyes,1.097865,-0.2720464,-3.440365,-0.2447246,0.09724864,0.9647034,0.0,0.0,0.0,0.0,0.0,0.0,0.0,-0.5679719,-0.310831,3.578956,1.095972,-0.2674433,-3.457666,-0.07674781,-0.07446034,-0.0209058,0.9940466,351.0429,351.5693,358.2519,0.3030555,-0.07588921,-0.9499457,0,0,0,0.8914925,-0.1094025,-2.529585,-0.06642945,0.006486043,0.9610774,0.9880372,-0.03013333,0.151243,0.052992,0.9873455,-0.1494685,-0.1448251,0.1556951,0.9771309,moving,-5.682051694632029,-3.522696969347818,-3.9539823998607564,0.3866673463666742,-0.20447949999999993,0.15804079999999998,0.9280810000000002,-0.09882279715255333,-0.06114316995005963,0.9932248714817674,-5.716248655420116,-3.4682856506763327,4.257244951111305,4.2742663511429795,4.238660751333382
05/17/2023 16:16:24.818056,4656,True,True,True,True,Eyes,1.097894,-0.2718117,-3.440634,-0.2435738,0.09995942,0.9647175,0.0,0.0,0.0,0.0,0.0,0.0,0.0,-0.5704367,-0.3194908,3.578034,1.09604,-0.267375,-3.45789,-0.07794098,-0.0740978,-0.02096985,0.9939795,350.9062,351.6125,358.251,0.303065,-0.07581223,-0.9499488,0,0,0,0.8926672,-0.1061832,-2.529476,-0.06602561,0.007298172,0.9617079,0.9881396,-0.03013668,0.1505722,0.05323771,0.9869709,-0.1518358,-0.1440346,0.1580511,0.9768695,moving,-5.659717173375263,-3.50212706499961,-3.927452304800987,0.4347956660888447,-0.2033727999999999,0.16119179999999997,0.9284140000000001,-0.09843774669371046,-0.06078891273212998,0.9932847802187126,-5.6940549029547185,-3.44755036585622,4.284273188185489,4.301174509998128,4.265383388578699
05/17/2023 16:16:24.828919,4657,True,True,True,True,Eyes,1.097914,-0.2715745,-3.440906,-0.2424489,0.1025886,0.9647249,0.0,0.0,0.0,0.0,0.0,0.0,0.0,-0.5735134,-0.3269124,3.576886,1.096106,-0.2673783,-3.457885,-0.07901813,-0.07365973,-0.02084819,0.9939296,350.7845,351.6626,358.2699,0.3030722,-0.07573594,-0.9499527,0,0,0,0.8937274,-0.1032777,-2.529379,-0.0658816,0.008170456,0.9620824,0.9882792,-0.02980234,0.1497199,0.05308416,0.986643,-0.1540056,-0.1431304,0.1601482,0.9766607,moving,-5.647313114909368,-3.4695168130520107,-3.917392043104932,0.4865709961599203,-0.20237860000000008,0.1641006,0.928506,-0.09822607552544584,-0.06022483702612334,0.9933401379855876,-5.6818801051418335,-3.414591849372667,4.300986610667681,4.317783883992837,4.281645672920011
05/17/2023 16:16:24.848390,4658,True,True,True,True,Eyes,1.097938,-0.2713352,-3.441173,-0.241336,0.105223,0.9647201,0.0,0.0,0.0,0.0,0.0,0.0,0.0,-0.5761132,-0.3331744,3.576195,1.096241,-0.2670912,-3.458179,-0.07988491,-0.07329442,-0.02072384,0.9938898,350.6868,351.7042,358.2879,0.3030772,-0.07566023,-0.9499571,0,0,0,0.8948061,-0.1003215,-2.529279,-0.06560491,0.009159654,0.9627331,0.9883969,-0.02948418,0.1490042,0.05290466,0.9863778,-0.1557557,-0.1423821,0.1618315,0.9764927,moving,-5.627643794312692,-3.412531777275755,-3.898362155000021,0.5451081733271379,-0.20143489999999997,0.16676969999999997,0.9289000000000001,-0.09789083742354289,-0.05923881469271249,0.9934324147879057,-5.662611939366893,-3.356990728614976,4.302411342878715,4.318949984275343,4.282400394892613
05/17/2023 16:16:24.868280,4659,True,True,True,True,Eyes,1.097964,-0.2710964,-3.441438,-0.2402438,0.1077956,0.9647088,0.0,0.0,0.0,0.0,0.0,0.0,0.0,-0.5786465,-0.3435445,3.574969,1.096365,-0.2668282,-3.45833,-0.08127307,-0.07292558,-0.02087824,0.9938012,350.5269,351.749,358.2778,0.3030803,-0.07558497,-0.9499621,0,0,0,0.8959496,-0.09718767,-2.529174,-0.06530586,0.009293959,0.9632888,0.988492,-0.02964387,0.1483407,0.05335141,0.9859176,-0.1584934,-0.1415534,0.1645836,0.9761531,moving,-5.609145830925961,-3.424011399581751,-3.8784146584274244,0.5527813709921239,-0.20041540000000002,0.16964053,0.9291560000000003,-0.09756894598899403,-0.05943974955832299,0.9934521933974886,-5.644027212858705,-3.368678508394231,4.320579786659105,4.337085557323811,4.30060871017141
05/17/2023 16:16:24.878368,4660,True,True,True,True,Eyes,1.097992,-0.270862,-3.441698,-0.2391433,0.110374,0.9646906,0.0,0.0,0.0,0.0,0.0,0.0,0.0,-0.5814343,-0.3520383,3.573894,1.09649,-0.2666105,-3.458518,-0.08232068,-0.07252165,-0.02137127,0.9937341,350.4034,351.801,358.2254,0.3030818,-0.07551015,-0.9499676,0,0,0,0.8969925,-0.09432961,-2.529078,-0.06524208,0.009748474,0.9638404,0.9885678,-0.03053465,0.147653,0.05441476,0.9855332,-0.1605099,-0.1406159,0.1667095,0.9759278,moving,-5.595827378689369,-3.4030782603753145,-3.8724277219574677,0.5794811798531705,-0.1994975,0.17228088999999996,0.92944,-0.09734010048397171,-0.05907811129804623,0.993496136450704,-5.630854508367292,-3.3475418540877593,4.323055902633335,4.3394568867286445,4.302740367750093
05/17/2023 16:16:24.898277,4661,True,True,True,True,Eyes,1.097998,-0.2706346,-3.441958,-0.2378667,0.1130127,0.9647008,0.0,0.0,0.0,0.0,0.0,0.0,0.0,-0.5855948,-0.362182,3.572363,1.096577,-0.2665059,-3.458666,-0.08367058,-0.07191996,-0.02164537,0.9936591,350.2474,351.8741,358.1986,0.303082,-0.07543585,-0.9499735,0,0,0,0.8980877,-0.09132815,-2.528977,-0.06543146,0.009939626,0.9643788,0.988718,-0.03098107,0.14655,0.0550514,0.9850614,-0.1631666,-0.1393057,0.1693935,0.9756535,moving,-5.593977329772895,-3.408790948264099,-3.881472424968777,0.5905132456138883,-0.19848929999999987,0.17517775000000002,0.9296890000000002,-0.0973074566930831,-0.05917736290925185,0.9934935175640806,-5.628963231559564,-3.3533306054071605,4.33406283517363,4.350529517673477,4.313656041034781
05/17/2023 16:16:24.918007,4662,True,True,True,True,Eyes,1.098006,-0.270415,-3.442219,-0.2365961,0.1156163,0.9647047,0.0,0.0,0.0,0.0,0.0,0.0,0.0,-0.589624,-0.3697272,3.571108,1.096578,-0.2664743,-3.458855,-0.08468275,-0.07133193,-0.02183633,0.9936116,350.1309,351.9448,358.1787,0.3030804,-0.07536223,-0.9499798,0,0,0,0.8991978,-0.08828601,-2.528874,-0.06549676,0.01090975,0.9649692,0.9888699,-0.03131248,0.1454508,0.05547481,0.9847041,-0.1651683,-0.1380541,0.1713988,0.9754812,moving,-5.591398448957256,-3.3763952157925567,-3.8829643390582684,0.647747098725997,-0.1973802,0.17818829,0.9299809999999997,-0.09726596391489649,-0.05861585695394169,0.9935308325060934,-5.626614684689969,-3.320552438605591,4.35533973735907,4.371780927192611,4.334480100981851
05/17/2023 16:16:24.928557,4663,True,True,True,True,Eyes,1.097994,-0.2702009,-3.442482,-0.235237,0.1181804,0.9647263,0.0,0.0,0.0,0.0,0.0,0.0,0.0,-0.5932763,-0.3763119,3.570107,1.096636,-0.2664611,-3.459139,-0.085565,-0.070805,-0.02200259,0.9935701,350.0292,352.0081,358.1611,0.3030771,-0.07528942,-0.9499866,0,0,0,0.9002853,-0.08530549,-2.528774,-0.06551214,0.01207283,0.9656667,0.9890051,-0.03160537,0.1444647,0.05583908,0.9843891,-0.1669139,-0.1369341,0.1731454,0.9753305,moving,-5.576772744498421,-3.3307682780541903,-3.881076608485583,0.7162783702108814,-0.1963507,0.18115561000000002,0.9303650000000001,-0.09701681601195422,-0.05782605933098342,0.993601414702094,-5.612310475567632,-3.2744280092400158,4.371612360084031,4.387934817077667,4.35004690888753
05/17/2023 16:16:24.948504,4664,True,True,True,True,Eyes,1.097986,-0.2699904,-3.442746,-0.2338817,0.1206882,0.9647454,0.0,0.0,0.0,0.0,0.0,0.0,0.0,-0.5971347,-0.3822894,3.569074,1.096741,-0.266405,-3.459362,-0.08637939,-0.0702602,-0.02207335,0.9935367,349.9362,352.0724,358.1537,0.303072,-0.07521751,-0.949994,0,0,0,0.9013813,-0.08230183,-2.528673,-0.06559643,0.01337758,0.9663128,0.9891526,-0.03172329,0.1434255,0.05599942,0.9841027,-0.1685404,-0.1357988,0.1747439,0.9752042,moving,-5.564224070256633,-3.278811504284162,-3.8834644781365455,0.7931488781714364,-0.19535969999999991,0.18410316999999998,0.9306890000000001,-0.09680421819568678,-0.05692620782302988,0.9936741559674889,-5.600128985634058,-3.2218893617156383,4.388990941911515,4.405203078496112,4.366631321631948
05/17/2023 16:16:24.968043,4665,True,True,True,True,Eyes,1.09799,-0.2697798,-3.443007,-0.2324947,0.1231823,0.9647654,0.0,0.0,0.0,0.0,0.0,0.0,0.0,-0.6013996,-0.3868326,3.568149,1.096853,-0.266293,-3.459625,-0.08695292,-0.06966096,-0.02226452,0.9935246,349.87,352.1443,358.1298,0.3030652,-0.0751465,-0.9500018,0,0,0,0.9025112,-0.07920532,-2.528569,-0.0657919,0.01514141,0.9669948,0.9893033,-0.03212625,0.1422917,0.05635514,0.983887,-0.1696778,-0.1345478,0.1758817,0.9751731,moving,-5.557055173670313,-3.202540028406972,-3.8922625875975454,0.8970761769915567,-0.19434180000000012,0.18708768,0.9310559999999999,-0.09668710171454212,-0.055604025234359256,0.9937604028830685,-5.5935020892143905,-3.1447216006781993,4.408659830276422,4.42474715505972,4.385241739908726
05/17/2023 16:16:24.979322,4666,True,True,True,True,Eyes,1.097999,-0.2695736,-3.44327,-0.2311149,0.1256552,0.9647781,0.0,0.0,0.0,0.0,0.0,0.0,0.0,-0.6064654,-0.3944967,3.566701,1.09699,-0.266092,-3.459854,-0.08796545,-0.06894544,-0.02241842,0.9934819,349.754,352.2296,358.1123,0.3030572,-0.0750763,-0.9500099,0,0,0,0.9035641,-0.07631995,-2.528472,-0.06627889,0.01577051,0.9676043,0.9894879,-0.03241494,0.1409362,0.05667421,0.983519,-0.1716929,-0.133048,0.1778754,0.9750172,moving,-5.562641446714422,-3.176938935329485,-3.918521325079785,0.9337532571429157,-0.19342589999999993,0.18977205,0.9313820000000002,-0.09678639015291059,-0.05515945417231385,0.9937755973182479,-5.599272406207019,-3.1187897543312735,4.411161725914853,4.427292770488242,4.387257578095758
05/17/2023 16:16:24.998371,4667,True,True,True,True,Eyes,1.098011,-0.2693652,-3.443533,-0.2297725,0.1281333,0.9647727,0.0,0.0,0.0,0.0,0.0,0.0,0.0,-0.6104332,-0.4018806,3.565533,1.097122,-0.266013,-3.460162,-0.08895098,-0.06838071,-0.02258349,0.9934294,349.6406,352.2975,358.0947,0.3030483,-0.07500695,-0.9500182,0,0,0,0.9046565,-0.07332622,-2.528371,-0.06643136,0.01666331,0.9683569,0.9896281,-0.03270514,0.1398804,0.05703527,0.9831554,-0.1736445,-0.1318452,0.1798216,0.9748237,moving,-5.553305467158182,-3.1479573031026327,-3.924464544644441,0.9858380902843233,-0.19246549999999996,0.19268678,0.931791,-0.09662712034709096,-0.05465761493349966,0.9938187217665202,-5.590140624103554,-3.089492293798818,4.427029185903933,4.44312807661929,4.402589526757352
05/17/2023 16:16:25.017951,4668,True,True,True,True,Eyes,1.098027,-0.2691556,-3.443797,-0.2284266,0.1306221,0.9647586,0.0,0.0,0.0,0.0,0.0,0.0,0.0,-0.6149734,-0.4108856,3.563982,1.09724,-0.2657721,-3.460407,-0.09012531,-0.06772871,-0.02283078,0.9933625,349.5052,352.3765,358.0679,0.3030386,-0.0749383,-0.9500268,0,0,0,0.9058188,-0.07014073,-2.528264,-0.06668727,0.01720858,0.9690514,0.9897831,-0.03315033,0.1386736,0.05756662,0.9827124,-0.1759616,-0.1304431,0.1821468,0.9745805,moving,-5.5538086412897485,-3.141540184141105,-3.9367205322958307,1.0173612889180503,-0.19142119999999996,0.19563137000000003,0.9321429999999999,-0.09663644197754391,-0.054546260026790166,0.9938239806268212,-5.590689692657427,-3.0829956257453257,4.446045205198134,4.462223147139007,4.42137318160942
05/17/2023 16:16:25.028450,4669,True,True,True,True,Eyes,1.098022,-0.2689476,-3.444058,-0.2270705,0.1331599,0.9647318,0.0,0.0,0.0,0.0,0.0,0.0,0.0,-0.6195351,-0.4212717,3.562243,1.097323,-0.2655619,-3.460669,-0.09149612,-0.06706334,-0.02309242,0.9932764,349.3471,352.4575,358.0406,0.3030283,-0.07487024,-0.9500354,0,0,0,0.9068587,-0.06729099,-2.528168,-0.06703787,0.01706016,0.969722,0.9899384,-0.03360224,0.1374506,0.05814638,0.9821904,-0.1786645,-0.1289991,0.1848591,0.9742619,moving,-5.555086320890123,-3.1549232320284832,-3.9546237857971698,1.0078912710250263,-0.19046430000000003,0.19827091000000002,0.9325010000000002,-0.09665737514477542,-0.05477828277643403,0.9938091911608021,-5.591872274918211,-3.0965358671447247,4.443614003470107,4.459877230717097,4.4189257458881865
05/17/2023 16:16:25.048385,4670,True,True,True,True,Eyes,1.098021,-0.2687406,-3.444324,-0.2257146,0.1356685,0.9647005,0.0,0.0,0.0,0.0,0.0,0.0,0.0,-0.6245775,-0.4331405,3.560105,1.097386,-0.2654395,-3.46083,-0.09309283,-0.06632499,-0.02335177,0.9931715,349.1632,352.5472,358.0141,0.303017,-0.07480276,-0.9500443,0,0,0,0.9079493,-0.06430192,-2.528067,-0.06746762,0.01671392,0.9703388,0.9901114,-0.03403585,0.1360919,0.05873338,0.9815769,-0.1818167,-0.1273964,0.1880119,0.9738694,moving,-5.564233757150671,-3.1958044690974705,-3.9773721973186094,0.9868124240199023,-0.1894367,0.20113757999999998,0.932763,-0.09681224950012877,-0.0554865262914752,0.993754854575559,-5.600730606509496,-3.1378776586156816,4.457027855201907,4.473523631843635,4.432647155197795
05/17/2023 16:16:25.068251,4671,True,True,True,True,Eyes,1.098017,-0.2685278,-3.444587,-0.2243856,0.1382201,0.9646484,0.0,0.0,0.0,0.0,0.0,0.0,0.0,-0.62931,-0.4398319,3.558788,1.097457,-0.2652764,-3.461165,-0.09404416,-0.06565277,-0.02321012,0.9931298,349.0563,352.6245,358.0299,0.3030048,-0.07473584,-0.9500535,0,0,0,0.9090994,-0.06115014,-2.527961,-0.06765385,0.01781124,0.9711447,0.990302,-0.0337528,0.134769,0.05844983,0.981234,-0.1837485,-0.1260379,0.1898437,0.9736908,moving,-5.5673411942766045,-3.152880596608496,-3.9850164870950016,1.0507131216291643,-0.1883575999999999,0.20412626000000003,0.9332039999999999,-0.09687014152561646,-0.05474172090965791,0.993790596064677,-5.604144961309757,-3.0944226516563007,4.475060658434038,4.491542232570508,4.45013792988306
05/17/2023 16:16:25.077942,4672,True,True,True,True,Eyes,1.098022,-0.2683218,-3.444855,-0.2230563,0.140781,0.9645863,0.0,0.0,0.0,0.0,0.0,0.0,0.0,-0.6332425,-0.4532493,3.556602,1.09755,-0.2649681,-3.461362,-0.09588777,-0.0650723,-0.02325307,0.9929908,348.8454,352.6936,358.0315,0.3029918,-0.07466927,-0.9500629,0,0,0,0.9101351,-0.05831173,-2.527866,-0.06778906,0.01669712,0.9717881,0.9904497,-0.03370088,0.1336918,0.05865943,0.9805297,-0.187405,-0.124773,0.1934576,0.9731423,moving,-5.558630531928281,-3.214581055730301,-3.990319922203908,0.9843507867627448,-0.18741490000000005,0.20665636999999998,0.9334959999999999,-0.09671330663651823,-0.05581273091908896,0.9937462495351438,-5.594991999080827,-3.156902465156105,4.465669391770038,4.482256885373269,4.441278078530653
05/17/2023 16:16:25.098022,4673,True,True,True,True,Eyes,1.098053,-0.268115,-3.445118,-0.2217937,0.1434363,0.9644862,0.0,0.0,0.0,0.0,0.0,0.0,0.0,-0.6375259,-0.4636276,3.554937,1.097765,-0.2649535,-3.461745,-0.09728309,-0.06446008,-0.02350933,0.9928889,348.6844,352.7686,358.0046,0.3029782,-0.07460319,-0.9500724,0,0,0,0.9112295,-0.05531252,-2.527765,-0.06811237,0.01679549,0.9726984,0.9905844,-0.03414256,0.1325775,0.05922606,0.9799666,-0.1901518,-0.1234293,0.1962134,0.9727618,moving,-5.559844815102635,-3.223765286100548,-4.005549376440424,0.9892224276350481,-0.18653550000000008,0.20964098,0.93398,-0.09673349983710124,-0.055971910043564596,0.9937352880939475,-5.596141110304418,-3.1661933081069003,4.473873238317303,4.490556734607997,4.449433896653401
05/17/2023 16:16:25.118239,4674,True,True,True,True,Eyes,1.098088,-0.2679073,-3.445387,-0.220529,0.146127,0.9643723,0.0,0.0,0.0,0.0,0.0,0.0,0.0,-0.6422723,-0.4733393,3.553024,1.097882,-0.2647475,-3.461951,-0.09860797,-0.06377932,-0.02358438,0.9928004,348.533,352.8496,357.9972,0.3029648,-0.0745375,-0.9500819,0,0,0,0.9123318,-0.05229174,-2.527663,-0.06844729,0.01694554,0.9733896,0.9907519,-0.03425085,0.1312914,0.05940744,0.9794405,-0.1927876,-0.121989,0.1988044,0.9724174,moving,-5.568306605358868,-3.219516761443606,-4.022331874492815,0.9973497336472745,-0.1855502,0.21245576000000002,0.934288,-0.09688066583286524,-0.05589742050392573,0.9937251571466216,-5.604635439053102,-3.1618616994037576,4.474570155130122,4.491325072391934,4.45002520388847
05/17/2023 16:16:25.128669,4675,True,True,True,True,Eyes,1.09814,-0.2677075,-3.445652,-0.2193454,0.1489487,0.9642105,0.0,0.0,0.0,0.0,0.0,0.0,0.0,-0.6463199,-0.4865324,3.550898,1.097993,-0.2645551,-3.462332,-0.1003956,-0.06317747,-0.02377635,0.9926552,348.3273,352.9232,357.9801,0.3029516,-0.07447214,-0.9500912,0,0,0,0.9134496,-0.04922808,-2.52756,-0.06858631,0.0161837,0.974297,0.9908866,-0.03451796,0.130201,0.0598889,0.9787108,-0.1963121,-0.1206528,0.2023206,0.9718587,moving,-5.572350983535451,-3.2626333601424036,-4.026733161275241,0.951632243614026,-0.18454340000000002,0.21532701999999998,0.9347720000000002,-0.09694671677781044,-0.05664484133654884,0.9936763578243473,-5.608373419985837,-3.2054850028197457,4.471888307209534,4.488760300070939,4.447832023421211
05/17/2023 16:16:25.153457,4676,True,True,True,True,Eyes,1.098198,-0.2675107,-3.445918,-0.218157,0.1517492,0.9640434,0.0,0.0,0.0,0.0,0.0,0.0,0.0,-0.6499572,-0.4976116,3.548949,1.098115,-0.2645763,-3.462549,-0.1019295,-0.06264507,-0.0239206,0.9925291,348.151,352.9879,357.9674,0.3029391,-0.0744073,-0.9501003,0,0,0,0.9145679,-0.0461634,-2.527457,-0.0686362,0.01616471,0.9750988,0.9910068,-0.03471302,0.1292305,0.06025455,0.9780763,-0.199339,-0.1194777,0.2053331,0.9713719,moving,-5.568521403169199,-3.276979396601633,-4.026349996953175,0.9497343578186641,-0.18354709999999996,0.2184129,0.935092,-0.09687892390415806,-0.05689401812288798,0.9936687165440028,-5.604440522010867,-3.22001899933672,4.4823453985036,4.499266807820584,4.458386789499702
05/17/2023 16:16:25.168270,4677,True,True,True,True,Eyes,1.098269,-0.26731,-3.446181,-0.2170386,0.1545935,0.9638439,0.0,0.0,0.0,0.0,0.0,0.0,0.0,-0.6541545,-0.5062723,3.547263,1.098294,-0.2644744,-3.462818,-0.10308,-0.06204541,-0.02415056,0.9924424,348.0183,353.0614,357.9411,0.3029273,-0.074343,-0.9501091,0,0,0,0.9156637,-0.04316055,-2.527356,-0.06892696,0.0166681,0.9759068,0.9911342,-0.0351448,0.1281319,0.06072735,0.9775825,-0.201605,-0.1181741,0.2075987,0.9710498,moving,-5.5781296685654365,-3.246704654630841,-4.040013568551709,0.9784939870222507,-0.18263030000000013,0.22131385,0.9354619999999998,-0.09704845648392563,-0.05636802611747765,0.9936821475829818,-5.614267225184667,-3.189341888644643,4.4795370777524415,4.496454681029107,4.4552362969789
05/17/2023 16:16:25.177914,4678,True,True,True,True,Eyes,1.098341,-0.2671179,-3.446449,-0.2159142,0.1574249,0.9636381,0.0,0.0,0.0,0.0,0.0,0.0,0.0,-0.6582029,-0.51602,3.545365,1.098421,-0.2642103,-3.46306,-0.1043667,-0.06145596,-0.02436887,0.9923392,347.8701,353.1337,357.917,0.3029164,-0.07427906,-0.9501176,0,0,0,0.9166875,-0.04035455,-2.527262,-0.06920043,0.01655956,0.9766235,0.9912587,-0.03553645,0.1270569,0.06119227,0.9770275,-0.2041391,-0.1168837,0.2101296,0.9706615,moving,-5.5858829433415815,-3.2324474970470547,-4.053022480579596,0.9714101566873931,-0.1817335000000001,0.22385575000000002,0.9357980000000001,-0.09718427886933628,-0.05612001371761096,0.993682891406631,-5.622124223297121,-3.174883164116354,4.457716885696759,4.47460393455785,4.433263874521901
05/17/2023 16:16:25.198329,4679,True,True,True,True,Eyes,1.098396,-0.2669271,-3.446718,-0.2147461,0.1601562,0.9634491,0.0,0.0,0.0,0.0,0.0,0.0,0.0,-0.6620488,-0.5254166,3.543636,1.098489,-0.2642474,-3.463412,-0.105631,-0.060884,-0.02463469,0.9922341,347.724,353.2047,357.8872,0.3029065,-0.0742157,-0.9501258,0,0,0,0.9177858,-0.03734461,-2.52716,-0.0693256,0.0169559,0.9775538,0.9913725,-0.03602429,0.1260267,0.06174923,0.9764705,-0.2066216,-0.115618,0.212621,0.9702705,moving,-5.5891876169072185,-3.222202412749101,-4.0564779529802495,0.9937090906913386,-0.18070320000000006,0.22690279000000002,0.9362520000000001,-0.09724257128480554,-0.055942015721093356,0.9936872935493543,-5.625502831106954,-3.164501717679416,4.468960886488389,4.485878812310532,4.444384793763011
05/17/2023 16:16:25.217871,4680,True,True,True,True,Eyes,1.098456,-0.2667425,-3.44699,-0.2135745,0.1628635,0.9632557,0.0,0.0,0.0,0.0,0.0,0.0,0.0,-0.6656039,-0.5321765,3.542221,1.098596,-0.2641351,-3.463652,-0.1065077,-0.06036813,-0.02488032,0.9921658,347.6226,353.2686,357.8578,0.3028969,-0.07415289,-0.9501337,0,0,0,0.9188855,-0.03433108,-2.527059,-0.0694105,0.01799013,0.9783511,0.9914733,-0.03651147,0.1250903,0.06223014,0.9760742,-0.2083426,-0.1144905,0.2143505,0.9700236,moving,-5.5867827634906115,-3.168516332612593,-4.058130359037023,1.053448368266206,-0.17971049999999988,0.22980402,0.9365930000000002,-0.09720590220331538,-0.05501110726590661,0.9937428847137514,-5.623480181327157,-3.110174875555883,4.473378088244757,4.490185308994311,4.448154514249626
05/17/2023 16:16:25.228542,4681,True,True,True,True,Eyes,1.098665,-0.2665613,-3.447246,-0.2126451,0.1656183,0.9629915,0.0,0.0,0.0,0.0,0.0,0.0,0.0,-0.6697119,-0.5401337,3.540642,1.098784,-0.2641192,-3.464003,-0.1075898,-0.05978426,-0.02502432,0.9920807,347.4984,353.3394,357.8405,0.3028877,-0.07409073,-0.9501415,0,0,0,0.9199746,-0.03134609,-2.526959,-0.06967147,0.01868172,0.9792882,0.9915993,-0.03678794,0.1240063,0.06251665,0.9755965,-0.2104834,-0.1132369,0.2164676,0.9697005,moving,-5.605539948116935,-3.134015712763864,-4.069452123916438,1.092889602562675,-0.1788094,0.23277311,0.9370439999999998,-0.09753442838707066,-0.05441095453359005,0.9937436652513068,-5.642488362772926,-3.0751865057752097,4.480521364510787,4.497365267397432,4.455031027237952
05/17/2023 16:16:25.248329,4682,True,True,True,True,Eyes,1.09887,-0.2663872,-3.447501,-0.211703,0.1683195,0.9627307,0.0,0.0,0.0,0.0,0.0,0.0,0.0,-0.6739037,-0.5468651,3.539025,1.098885,-0.263958,-3.4642,-0.1084613,-0.05917896,-0.02525448,0.9920163,347.3979,353.4138,357.8114,0.3028827,-0.07402921,-0.9501479,0,0,0,0.921075,-0.02833052,-2.526857,-0.06992782,0.01968561,0.9800362,0.9917201,-0.03726845,0.1228913,0.06294296,0.9751967,-0.2122017,-0.1119347,0.2181798,0.969468,moving,-5.6270215190697055,-3.0800896848410826,-4.081267922243462,1.1507235288548492,-0.1778099999999999,0.23562748000000003,0.9373429999999998,-0.09791196612884262,-0.05347364098973795,0.9937574309759022,-5.664360176850748,-3.0205274280500585,4.487501407676707,4.504346193543006,4.4615597756925425
05/17/2023 16:16:25.268581,4683,True,True,True,True,Eyes,1.09887,-0.2663872,-3.447501,-0.211703,0.1683195,0.9627307,0.0,0.0,0.0,0.0,0.0,0.0,0.0,-0.6780148,-0.5522166,3.537666,1.098996,-0.2639673,-3.464428,-0.1091781,-0.05859328,-0.02540992,0.9919684,347.3156,353.4848,357.7902,0.3028814,-0.07396844,-0.950153,0,0,0,0.9222144,-0.02520804,-2.526752,-0.07011793,0.02127479,0.9808795,0.9918423,-0.03761747,0.1217938,0.06320588,0.974869,-0.2136247,-0.1106969,0.2195801,0.969294,moving,-5.693280401892248,-3.1658340834733,-4.0888194650662255,1.2425222309743702,-0.1767816000000001,0.23875926000000003,0.9376759999999997,-0.09905314071784105,-0.05495452353353416,0.993563531269578,-5.730025162274813,-3.1070616457979234,4.673434911422531,4.691257858286121,4.648917727990829
05/17/2023 16:16:25.278394,4684,True,True,True,True,Eyes,1.09887,-0.2663872,-3.447501,-0.211703,0.1683195,0.9627307,0.0,0.0,0.0,0.0,0.0,0.0,0.0,-0.6818339,-0.5572312,3.536292,1.09905,-0.2638398,-3.464571,-0.1098168,-0.05803996,-0.02562111,0.9919251,347.242,353.5528,357.7623,0.3028803,-0.07391375,-0.9501576,0,0,0,0.923251,-0.02236726,-2.526657,-0.07030743,0.02261008,0.9815508,0.9919499,-0.0380809,0.1207698,0.06357596,0.9745677,-0.214886,-0.1095153,0.2208342,0.9691433,moving,-5.756375696859614,-3.2436527712943164,-4.097037839286152,1.3195782646099803,-0.17579900000000004,0.24147254,0.9379139999999997,-0.10013970719938763,-0.0562977689745734,0.9933793914020193,-5.792582240723586,-3.1855860663366804,4.8368306795570595,4.855561719576499,4.813665595580971
05/17/2023 16:16:25.297987,4685,True,True,True,True,Eyes,1.099077,-0.2662145,-3.447776,-0.2105313,0.1707737,0.9625554,0.0,0.0,0.0,0.0,0.0,0.0,0.0,-0.6851119,-0.5608835,3.535478,1.099161,-0.2638873,-3.464936,-0.110315,-0.0575771,-0.02568851,0.991895,347.1852,353.6082,357.7514,0.3028793,-0.07386452,-0.9501618,0,0,0,0.924376,-0.0192839,-2.526553,-0.07025174,0.02461809,0.982549,0.9920499,-0.03825736,0.1198885,0.06366383,0.9743414,-0.2158836,-0.1085532,0.2217999,0.969031,moving,-5.74735448630285,-3.1578729169123405,-4.089658748951164,1.435264407998335,-0.17478500000000008,0.2446034,0.938383,-0.09999157949223667,-0.054811297293503446,0.9934774223303674,-5.7841703447788495,-3.098801778589585,4.864574308486709,4.883120482142699,4.840364214886563
05/17/2023 16:16:25.318136,4686,True,True,True,True,Eyes,1.099279,-0.2660499,-3.448054,-0.2093768,0.17314,0.9623844,0.0,0.0,0.0,0.0,0.0,0.0,0.0,-0.6887267,-0.5640455,3.534461,1.09918,-0.2638862,-3.465123,-0.1107763,-0.05706434,-0.02562577,0.9918749,347.1337,353.6678,357.7548,0.3028815,-0.07381483,-0.9501649,0,0,0,0.9255313,-0.01611773,-2.526446,-0.0701639,0.02680808,0.9833691,0.9921739,-0.03819235,0.1188788,0.06347785,0.9741439,-0.2168278,-0.1075239,0.2226771,0.9689445,moving,-5.744122796701601,-3.0706558961368233,-4.081167633414148,1.5615799815433655,-0.1736487000000001,0.24776847000000002,0.9386770000000002,-0.09994372903756799,-0.05329919263297648,0.9935644339610481,-5.7815597522240685,-3.010541265901631,4.903284312639309,4.921689659209726,4.878076061220128
05/17/2023 16:16:25.338294,4687,True,True,True,True,Eyes,1.099398,-0.2658746,-3.448341,-0.2077948,0.1753766,0.9623224,0.0,0.0,0.0,0.0,0.0,0.0,0.0,-0.6913872,-0.5650521,3.534155,1.099252,-0.2639194,-3.465478,-0.1109347,-0.05669744,-0.02554283,0.9918804,347.1168,353.7097,357.7606,0.3028864,-0.07376495,-0.9501672,0,0,0,0.9265915,-0.0132125,-2.526349,-0.06992504,0.02933601,0.9843172,0.9922659,-0.03809142,0.1181413,0.06325028,0.9740821,-0.2171715,-0.106807,0.2229644,0.9689577,moving,-5.699368961348735,-2.955192542424709,-4.063416225106504,1.7071043398868122,-0.17266049999999988,0.2507069,0.9391289999999999,-0.09917802698330147,-0.051300794043448984,0.9937464363561614,-5.737617440573019,-2.8938479329003775,4.923003411372083,4.940987105228081,4.896091454041189
05/17/2023 16:16:25.348513,4688,True,True,True,True,Eyes,1.099517,-0.2657042,-3.448627,-0.20625,0.1776011,0.9622467,0.0,0.0,0.0,0.0,0.0,0.0,0.0,-0.693151,-0.5692493,3.533417,1.099303,-0.2635813,-3.465775,-0.1115184,-0.05644609,-0.025379,0.9918334,347.0512,353.7375,357.7799,0.3028916,-0.07371462,-0.9501694,0,0,0,0.9276635,-0.01027448,-2.52625,-0.0693705,0.0307329,0.9851774,0.9923394,-0.03775392,0.1176307,0.06293303,0.9738391,-0.2183502,-0.1063098,0.2240804,0.9687549,moving,-5.641806183158205,-2.887510857826829,-4.027789695968529,1.7867793172598871,-0.17163949999999994,0.25330682000000004,0.9395249999999997,-0.0981854303132835,-0.050131833218392416,0.9939045957507484,-5.6805220566921415,-2.825562500583732,4.9275687147057115,4.945102411662705,4.899512353368652
05/17/2023 16:16:25.368123,4689,True,True,True,True,Eyes,1.099648,-0.2655351,-3.44891,-0.2048997,0.18003,0.9620838,0.0,0.0,0.0,0.0,0.0,0.0,0.0,-0.6952148,-0.5763186,3.532141,1.099417,-0.2635518,-3.466022,-0.1125249,-0.05614894,-0.02533304,0.9917378,346.9362,353.7725,357.7872,0.3028972,-0.07366404,-0.9501716,0,0,0,0.9289008,-0.00688371,-2.526136,-0.06884211,0.03201631,0.9861932,0.9924111,-0.03761115,0.1170712,0.06288377,0.9733927,-0.2203456,-0.1056688,0.2260353,0.9683708,moving,-5.601205952349145,-2.8587182433897427,-3.993106260821773,1.859428145399598,-0.17051620000000012,0.25666809,0.939886,-0.09748353542778695,-0.049635805406704356,0.9939985781300985,-5.64011639237543,-2.7965733373072177,4.967335636068701,4.984665481648325,4.938723740037345
05/17/2023 16:16:25.378327,4690,True,True,True,True,Eyes,1.099777,-0.2653677,-3.44919,-0.2035892,0.1824458,0.961907,0.0,0.0,0.0,0.0,0.0,0.0,0.0,-0.6962938,-0.5835332,3.530971,1.099461,-0.2634457,-3.466249,-0.1135331,-0.05597759,-0.02532406,0.9916329,346.8206,353.7933,357.7919,0.3029033,-0.07361326,-0.9501736,0,0,0,0.9298566,-0.004264263,-2.526047,-0.06826039,0.03245743,0.9870187,0.9924504,-0.03751371,0.1167687,0.06293495,0.9729378,-0.2223312,-0.1052682,0.2280015,0.9679534,moving,-5.548756997787129,-2.831401000657106,-3.9561710369242986,1.8834535259851621,-0.1696044,0.259181437,0.9402019999999998,-0.09657583597942775,-0.04916626104432924,0.9941106053267288,-5.587848344118666,-2.7691217404033863,4.959608093444438,4.97656339758035,4.930398304825233
05/17/2023 16:16:25.398349,4691,True,True,True,True,Eyes,1.099937,-0.2651989,-3.449463,-0.2024092,0.1850176,0.9616647,0.0,0.0,0.0,0.0,0.0,0.0,0.0,-0.6971482,-0.5913272,3.52971,1.099535,-0.2633416,-3.466441,-0.114618,-0.05583933,-0.02534244,0.9915153,346.6958,353.8106,357.7943,0.3029099,-0.07356235,-0.9501754,0,0,0,0.9309442,-0.001283519,-2.525947,-0.06753223,0.0331016,0.9879115,0.9924794,-0.03745444,0.1165405,0.06305522,0.972441,-0.2244608,-0.1049217,0.2301212,0.9674894,moving,-5.500680687343844,-2.80431626514497,-3.9105746196227402,1.919071386104716,-0.16859079999999993,0.262058081,0.9404940000000002,-0.09574383677677716,-0.0487002513638011,0.9942139583695528,-5.539952440423595,-2.7418891021792478,4.967250942676229,4.983856760640448,4.937552506684058
05/17/2023 16:16:25.418140,4692,True,True,True,True,Eyes,1.100091,-0.2650371,-3.449733,-0.2012633,0.1875646,0.9614118,0.0,0.0,0.0,0.0,0.0,0.0,0.0,-0.6976384,-0.5991201,3.528503,1.099569,-0.2631584,-3.466651,-0.1156738,-0.05574267,-0.02543013,0.9913958,346.5738,353.824,357.7889,0.3029178,-0.07351129,-0.9501768,0,0,0,0.9320541,0.001758191,-2.525845,-0.06667981,0.03376439,0.9888241,0.9924921,-0.03752673,0.1164093,0.0633186,0.9719458,-0.226522,-0.1046429,0.2321921,0.9670246,moving,-5.450407533653884,-2.776520797932341,-3.857811046914208,1.9556619879331514,-0.16751490000000002,0.26491659100000003,0.9408060000000003,-0.09487365147928714,-0.04822196729185152,0.9943207110408495,-5.4898641797552425,-2.7139453509450777,4.976757419622648,4.992986830386923,4.946597833634917
05/17/2023 16:16:25.428567,4693,True,True,True,True,Eyes,1.100276,-0.2648747,-3.449999,-0.200224,0.190189,0.9611132,0.0,0.0,0.0,0.0,0.0,0.0,0.0,-0.6983106,-0.6062713,3.527338,1.099569,-0.2631829,-3.466842,-0.1166817,-0.0556211,-0.02546485,0.9912837,346.4578,353.8395,357.7891,0.3029267,-0.07346029,-0.9501779,0,0,0,0.9331514,0.004765286,-2.525744,-0.06585162,0.03470512,0.9897556,0.9925156,-0.03750586,0.1162151,0.06346571,0.9714738,-0.2284966,-0.10433,0.2341621,0.9665834,moving,-5.409271682584398,-2.7378885041651335,-3.8064622595696487,2.0082155264314863,-0.16641760000000005,0.267948186,0.9410980000000002,-0.09416276619289896,-0.047554750028108314,0.9944204384081742,-5.448992921003414,-2.6749994233012404,4.993559751873063,5.009441237877768,4.962903307455239
05/17/2023 16:16:25.448413,4694,True,True,True,True,Eyes,1.100455,-0.264717,-3.450264,-0.1992169,0.1928013,0.9608019,0.0,0.0,0.0,0.0,0.0,0.0,0.0,-0.698541,-0.613189,3.52632,1.099563,-0.2630143,-3.467085,-0.1176088,-0.05555622,-0.02557392,0.991175,346.3504,353.8494,357.7808,0.3029373,-0.07340932,-0.9501785,0,0,0,0.9342276,0.007714632,-2.525645,-0.06493956,0.03552899,0.990687,0.992519,-0.03762865,0.1161473,0.06376425,0.9710283,-0.2303003,-0.1041164,0.2359834,0.9661633,moving,-5.364366778409089,-2.6919142290959925,-3.7503745142465226,2.0539172574050157,-0.16533540000000002,0.270728932,0.94144,-0.09338687460231432,-0.04676023970793487,0.9945312349068672,-5.404403966982395,-2.6286367584879433,4.997312903174468,5.012772439183827,4.966097617070472
05/17/2023 16:16:25.468407,4695,True,True,True,True,Eyes,1.100589,-0.2645608,-3.45053,-0.198139,0.1954535,0.9604889,0.0,0.0,0.0,0.0,0.0,0.0,0.0,-0.6987027,-0.621837,3.525034,1.099618,-0.2629958,-3.467334,-0.118792,-0.05550179,-0.02572475,0.9910331,346.2132,353.8588,357.7693,0.3029494,-0.07335852,-0.9501786,0,0,0,0.9353814,0.01087656,-2.525538,-0.06399878,0.03618088,0.991743,0.9925156,-0.03780182,0.11612,0.06417447,0.9704534,-0.232598,-0.1038964,0.238309,0.965616,moving,-5.313922362955096,-2.673518442301491,-3.6922697347435482,2.089344486339413,-0.16423659999999995,0.27387236,0.9417960000000001,-0.09251259796264245,-0.04644473440597527,0.9946277529159441,-5.354077369121481,-2.6102070925896985,5.016246573831076,5.031363684291489,4.984715604394285
05/17/2023 16:16:25.477931,4696,True,True,True,True,Eyes,1.100716,-0.2644069,-3.450792,-0.1970945,0.1980697,0.9601678,0.0,0.0,0.0,0.0,0.0,0.0,0.0,-0.6991616,-0.6289254,3.52388,1.099591,-0.2629396,-3.467545,-0.1197737,-0.05540453,-0.0257827,0.9909189,346.0999,353.8719,357.7668,0.3029616,-0.07330792,-0.9501786,0,0,0,0.9364163,0.01371304,-2.525443,-0.06315609,0.03690663,0.9926574,0.9925312,-0.03782511,0.1159789,0.06436913,0.969979,-0.2345151,-0.1036266,0.240229,0.9651692,moving,-5.270122081149064,-2.632569396706239,-3.6404369360085895,2.1292548573145136,-0.1631747,0.27665264,0.9421019999999998,-0.09175521735901138,-0.045737085015563964,0.9947306928444802,-5.310557494714381,-2.5689263439214662,5.018246217367237,5.032975650494628,4.986201889239835
05/17/2023 16:16:25.498115,4697,True,True,True,True,Eyes,1.100822,-0.2642495,-3.451051,-0.1960748,0.2006971,0.9598309,0.0,0.0,0.0,0.0,0.0,0.0,0.0,-0.6997623,-0.6354287,3.52266,1.099576,-0.2630441,-3.467609,-0.1207521,-0.05530451,-0.02563479,0.9908094,345.9883,353.8822,357.7884,0.3029737,-0.0732576,-0.9501786,0,0,0,0.9375225,0.01674456,-2.525341,-0.06222637,0.03806666,0.9935248,0.9925685,-0.03744211,0.1157834,0.06415465,0.9695236,-0.2364492,-0.1034016,0.2421201,0.9647207,moving,-5.226422128547549,-2.5870409948545596,-3.583863603751039,2.194200504597758,-0.16205350000000007,0.27978866,0.9422679999999999,-0.09099975500413751,-0.0449497652846014,0.9948359527722678,-5.267170631937154,-2.5230104397500086,5.04115098199933,5.055518646337558,5.008552849338332
05/17/2023 16:16:25.518054,4698,True,True,True,True,Eyes,1.100925,-0.2640797,-3.451309,-0.1950861,0.2033293,0.9594783,0.0,0.0,0.0,0.0,0.0,0.0,0.0,-0.7002734,-0.6408356,3.521724,1.09961,-0.2629153,-3.467755,-0.1215852,-0.05523548,-0.02530546,0.9907199,345.8944,353.8862,357.8308,0.3029854,-0.07320744,-0.9501787,0,0,0,0.9386571,0.01985394,-2.525236,-0.06119041,0.03938363,0.9944403,0.9926173,-0.03670961,0.1155993,0.06357287,0.9691533,-0.2381182,-0.1032922,0.2437092,0.9643322,moving,-5.179811573042547,-2.521453082486841,-3.5211137970232813,2.26794623737043,-0.16095289999999995,0.28276924000000003,0.9425189999999999,-0.09019497260805744,-0.04381414309467105,0.9949598919573097,-5.221015441492626,-2.45680313697216,5.054577886275109,5.06849328274395,5.021247081275754
05/17/2023 16:16:25.538283,4699,True,True,True,True,Eyes,1.101024,-0.2639145,-3.451564,-0.1941164,0.2059989,0.9591055,0.0,0.0,0.0,0.0,0.0,0.0,0.0,-0.70037,-0.6513021,3.520045,1.099647,-0.2622947,-3.468055,-0.1229391,-0.05517871,-0.02547428,0.9905517,345.7374,353.8963,357.818,0.3029965,-0.07315709,-0.9501791,0,0,0,0.9397128,0.0227471,-2.525139,-0.06028976,0.03881328,0.995378,0.9926127,-0.03689994,0.1155783,0.06403442,0.968474,-0.2407437,-0.1030511,0.2463663,0.9636826,moving,-5.135879141212759,-2.521855079491064,-3.466154323646709,2.233032124590765,-0.15993420000000003,0.2850418,0.9429160000000003,-0.08943200966493633,-0.04382415311584094,0.9950283628778581,-5.177068503657184,-2.4573743958448686,5.025988378255588,5.039537011466141,4.992708749597359
05/17/2023 16:16:25.548326,4700,True,True,True,True,Eyes,1.101116,-0.2637512,-3.451813,-0.1931662,0.2086436,0.9587256,0.0,0.0,0.0,0.0,0.0,0.0,0.0,-0.7011151,-0.6610501,3.51828,1.099749,-0.2622136,-3.468233,-0.1241993,-0.05502992,-0.02591631,0.9903912,345.5897,353.9212,357.7713,0.303007,-0.07310671,-0.9501796,0,0,0,0.9408131,0.02576257,-2.525037,-0.0597243,0.03902642,0.9963529,0.9926001,-0.03766522,0.1154399,0.06500394,0.9678057,-0.2431595,-0.1025647,0.2488642,0.9630924,moving,-5.106395701416015,-2.5176552913221624,-3.4303715148904326,2.2430874317743874,-0.15893590000000013,0.28797617,0.9431959999999999,-0.08892025086568567,-0.043753230552535896,0.9950773600785822,-5.14760720171413,-2.4532341057036415,5.033791247810318,5.047150517800662,5.000433419962799
05/17/2023 16:16:25.568225,4701,True,True,True,True,Eyes,1.101215,-0.263591,-3.452058,-0.1922078,0.2112883,0.9583389,0.0,0.0,0.0,0.0,0.0,0.0,0.0,-0.702215,-0.6686954,3.516684,1.099677,-0.2621166,-3.468333,-0.125258,-0.05483572,-0.02598548,0.9902668,345.4676,353.9458,357.7663,0.303017,-0.07305636,-0.9501804,0,0,0,0.9421682,0.02947642,-2.524912,-0.05874951,0.04042657,0.9973922,0.9926355,-0.03772789,0.1151138,0.06520233,0.9672703,-0.2452278,-0.1020942,0.2509275,0.962607,moving,-5.078947589594559,-2.484015141601295,-3.3710049822757764,2.321057503226614,-0.1575088,0.29159302,0.9434209999999998,-0.08844577861423461,-0.043170811110139665,0.99514504302858,-5.1203917091232185,-2.419289521935108,5.086463361938815,5.099587343302236,5.052845123198374
05/17/2023 16:16:25.578328,4702,True,True,True,True,Eyes,1.101314,-0.2634441,-3.452302,-0.1912738,0.2138654,0.957954,0.0,0.0,0.0,0.0,0.0,0.0,0.0,-0.7026865,-0.6757272,3.515395,1.099641,-0.2620521,-3.4685,-0.1262558,-0.05474103,-0.02595589,0.990146,345.3529,353.9573,357.7741,0.3030265,-0.07300615,-0.9501812,0,0,0,0.9430142,0.03179479,-2.524834,-0.05803768,0.04061027,0.998181,0.9926594,-0.03757749,0.1149574,0.06522299,0.9667715,-0.2471817,-0.1018491,0.2528651,0.9621258,moving,-5.040608543214518,-2.44554523516602,-3.3276274014883245,2.3297523895091037,-0.15662680000000007,0.29384689,0.9436660000000003,-0.087782368782181,-0.04250513677038535,0.9952323904891361,-5.082316838037577,-2.3804974812630806,5.060490725048179,5.0732407587396695,5.026468826507025
05/17/2023 16:16:25.598328,4703,True,True,True,True,Eyes,1.101287,-0.2632962,-3.452555,-0.1903234,0.2163832,0.9575778,0.0,0.0,0.0,0.0,0.0,0.0,0.0,-0.703915,-0.6790435,3.514786,1.099724,-0.2622361,-3.46874,-0.1267808,-0.05457464,-0.02582322,0.9900916,345.2935,353.9752,357.7901,0.3030357,-0.07295641,-0.9501821,0,0,0,0.9440643,0.0346726,-2.524738,-0.05740077,0.04252404,0.9992109,0.9927095,-0.03729667,0.1146156,0.06497274,0.9665195,-0.2482307,-0.10152,0.2538679,0.9618965,moving,-5.009796940260269,-2.354606074689153,-3.287805651908237,2.436901650054495,-0.15565969999999996,0.2969087,0.9440019999999998,-0.08725290813944754,-0.040927373997627636,0.9953450702954768,-5.052145568139325,-2.2885729848120864,5.079148841849524,5.091542032963917,5.044106052094243
05/17/2023 16:16:25.618004,4704,True,True,True,True,Eyes,1.101265,-0.263153,-3.452806,-0.1893911,0.2188305,0.9572064,0.0,0.0,0.0,0.0,0.0,0.0,0.0,-0.7049192,-0.6806413,3.514493,1.099737,-0.2621529,-3.468962,-0.1270165,-0.05443343,-0.02572207,0.9900718,345.2672,353.9905,357.8012,0.3030415,-0.07290712,-0.950184,0,0,0,0.9451907,0.03775965,-2.524634,-0.05659823,0.04496528,1.000182,0.9927508,-0.0371055,0.1143203,0.06476129,0.9664103,-0.2487107,-0.1012518,0.2543113,0.9618076,moving,-4.978125650355708,-2.235070453810042,-3.2387954808584087,2.5741186786442585,-0.15454629999999991,0.29991255,0.9443280000000001,-0.08670988467621166,-0.03885255569845851,0.9954756368216937,-5.021318307728207,-2.167709142828755,5.102100446534874,5.114056076172811,5.06579892186883
05/17/2023 16:16:25.638219,4705,True,True,True,True,Eyes,1.101289,-0.263009,-3.453053,-0.1884826,0.2212658,0.9568259,0.0,0.0,0.0,0.0,0.0,0.0,0.0,-0.706617,-0.6835102,3.513844,1.099813,-0.2621279,-3.469192,-0.127428,-0.0541968,-0.02567417,0.9900332,345.2206,354.0179,357.8055,0.3030441,-0.07285839,-0.9501869,0,0,0,0.9462673,0.04071008,-2.524534,-0.05609801,0.04695398,1.001156,0.992807,-0.03702419,0.1138565,0.06464895,0.9662059,-0.249533,-0.10077,0.2550988,0.9616497,moving,-4.958715652868408,-2.1373921596711343,-3.2071142328498925,2.6851909124451026,-0.1535456999999999,0.30283798,0.944658,-0.08637822747619187,-0.0371564832737519,0.9955693070962006,-5.002599721435335,-2.0689212840242974,5.119189291350719,5.130829857057527,5.081864905361024
05/17/2023 16:16:25.648532,4706,True,True,True,True,Eyes,1.101314,-0.2628676,-3.453299,-0.1875944,0.2236517,0.9564457,0.0,0.0,0.0,0.0,0.0,0.0,0.0,-0.7083797,-0.6874369,3.512976,1.099811,-0.261932,-3.469464,-0.127958,-0.05393401,-0.02565924,0.9899795,345.1601,354.049,357.8063,0.3030453,-0.0728101,-0.9501902,0,0,0,0.9473784,0.04375501,-2.524432,-0.05553331,0.04861651,1.002156,0.9928654,-0.03700168,0.1133537,0.06460683,0.9659367,-0.2505838,-0.1002205,0.2561194,0.9614357,moving,-4.943300851381098,-2.0567648112492787,-3.1717352092411373,2.777350795676316,-0.15243260000000014,0.30568701,0.9450319999999999,-0.08611478196987386,-0.035756288966227914,0.995643435672824,-4.987755797629562,-1.9873757878767329,5.137150224166107,5.148506436388361,5.099073464215607
05/17/2023 16:16:25.668046,4707,True,True,True,True,Eyes,1.101439,-0.262728,-3.453534,-0.1866761,0.2262115,0.9560232,0.0,0.0,0.0,0.0,0.0,0.0,0.0,-0.7096128,-0.6919423,3.512057,1.099856,-0.2618681,-3.469671,-0.1285973,-0.05375287,-0.0256169,0.9899077,345.0869,354.0701,357.812,0.3030451,-0.07276229,-0.950194,0,0,0,0.9487027,0.04738428,-2.52431,-0.05465603,0.05077791,1.003308,0.9929088,-0.03689177,0.1130093,0.06454167,0.965613,-0.2518449,-0.09983222,0.2573528,0.9611468,moving,-4.916789768652773,-1.9777877069480947,-3.11815274369612,2.8972954601311485,-0.15115329999999993,0.30925238,0.9453610000000001,-0.08565820026452622,-0.03438520583080304,0.9957310371426188,-4.961800884712938,-1.907542031330681,5.185253693196125,5.196299744383911,5.146406686925546
05/17/2023 16:16:25.678308,4708,True,True,True,True,Eyes,1.101561,-0.2625906,-3.453768,-0.1857738,0.2287204,0.955602,0.0,0.0,0.0,0.0,0.0,0.0,0.0,-0.7103117,-0.6960864,3.51134,1.099875,-0.2617162,-3.469923,-0.1291367,-0.05363491,-0.0257073,0.9898415,345.0244,354.0857,357.8026,0.3030462,-0.07271492,-0.9501973,0,0,0,0.9495453,0.04969352,-2.524232,-0.05410801,0.05172077,1.004144,0.9929249,-0.03703982,0.1128196,0.06474476,0.9653257,-0.2528922,-0.09954059,0.2584074,0.960894,moving,-4.885607243184643,-1.8923793510425142,-3.0843836385109533,2.9485465990128246,-0.1503296999999999,0.31140972,0.9456910000000001,-0.08512053032557268,-0.032902398698795035,0.9958273123506698,-4.931219153312815,-1.8212166666167584,5.154521725092786,5.165168973804523,5.114825806308837
05/17/2023 16:16:25.696145,4709,True,True,True,True,Eyes,1.101693,-0.2624587,-3.453998,-0.1849123,0.2313951,0.955125,0.0,0.0,0.0,0.0,0.0,0.0,0.0,-0.7116877,-0.7010872,3.510265,1.099914,-0.261644,-3.470118,-0.1298019,-0.05342073,-0.02583811,0.9897627,344.9473,354.1134,357.7876,0.3030486,-0.07266801,-0.9502001,0,0,0,0.9506527,0.0527282,-2.52413,-0.05354795,0.05319843,1.005139,0.9929572,-0.03727896,0.1124554,0.06501541,0.9649678,-0.2541856,-0.09904002,0.2597067,0.9605954,moving,-4.868515398552459,-1.8123562072644324,-3.049502539295157,3.0296349257598885,-0.14926130000000004,0.3143722,0.9459879999999998,-0.08482726007483032,-0.03151231711933167,0.9958972469277481,-4.9146934334081065,-1.7402889633307175,5.162045986911252,5.172396534917791,5.1216316715670915
05/17/2023 16:16:25.712173,4710,True,True,True,True,Eyes,1.101821,-0.2623232,-3.454229,-0.1840678,0.2339944,0.9546547,0.0,0.0,0.0,0.0,0.0,0.0,0.0,-0.71377,-0.706265,3.508994,1.099907,-0.2616566,-3.470311,-0.1305256,-0.05310583,-0.02589089,0.989683,344.8642,354.1519,357.7805,0.3030522,-0.07262167,-0.9502025,0,0,0,0.951736,0.05569725,-2.52403,-0.0531356,0.05459043,1.006137,0.9930188,-0.0373842,0.1118747,0.06511088,0.9645855,-0.255608,-0.09835703,0.2611078,0.9602857,moving,-4.862665001448228,-1.7422875512873925,-3.023067409718554,3.1056778247353676,-0.14817099999999994,0.31735385,0.9462809999999999,-0.08472875759544987,-0.030294635985786758,0.9959433734540886,-4.909341152864796,-1.6693941608715863,5.175125082065771,5.185256752236394,5.134134893223129
05/17/2023 16:16:25.728510,4711,True,True,True,True,Eyes,1.101924,-0.2621832,-3.454465,-0.1831639,0.2367406,0.9541515,0.0,0.0,0.0,0.0,0.0,0.0,0.0,-0.7152543,-0.7094052,3.50828,1.099923,-0.2614432,-3.470546,-0.1309641,-0.05289283,-0.02579029,0.9896391,344.8146,354.1757,357.7914,0.303057,-0.07257573,-0.9502044,0,0,0,0.9528877,0.05885359,-2.523924,-0.05243319,0.05654556,1.007152,0.9930744,-0.03719204,0.1114448,0.06490029,0.9643666,-0.2564861,-0.0979344,0.2619426,0.9601015,moving,-4.841454861342519,-1.6280275980397727,-2.9801765488189185,3.213441691253699,-0.14703529999999998,0.32029679,0.9466220000000001,-0.08436499043217613,-0.028309335367848104,0.9960328010784733,-4.888940192487752,-1.5538306918231135,5.177195961886815,5.186924120887305,5.13519859614395
05/17/2023 16:16:25.748488,4712,True,True,True,True,Eyes,1.102026,-0.2620519,-3.454704,-0.1822702,0.2394369,0.9536496,0.0,0.0,0.0,0.0,0.0,0.0,0.0,-0.7155368,-0.7174475,3.506889,1.099892,-0.2612449,-3.470876,-0.1320754,-0.05281816,-0.02579039,0.9894955,344.6865,354.1853,357.7963,0.303062,-0.07253006,-0.9502063,0,0,0,0.9539002,0.06162836,-2.523831,-0.05151469,0.05673647,1.008257,0.9930902,-0.03708699,0.1113392,0.0649909,0.963782,-0.2586516,-0.09771411,0.2641004,0.9595327,moving,-4.803826596398767,-1.5954157934102742,-2.924859432965841,3.22074191541857,-0.14599180000000012,0.32287326,0.9470450000000001,-0.0837121599052924,-0.02774393566454038,0.9961036907810566,-4.851534516444674,-1.520964993621846,5.160321941889222,5.16970914825686,5.118189258765231
05/17/2023 16:16:25.768328,4713,True,True,True,True,Eyes,1.102122,-0.2619166,-3.454945,-0.1813587,0.2422523,0.9531122,0.0,0.0,0.0,0.0,0.0,0.0,0.0,-0.7173309,-0.7231215,3.505665,1.099978,-0.2613373,-3.471153,-0.1328552,-0.05254811,-0.02592776,0.9894018,344.5963,354.2199,357.7801,0.3030672,-0.07248485,-0.9502081,0,0,0,0.955027,0.06471644,-2.523727,-0.05108859,0.05815312,1.009429,0.9931329,-0.03734337,0.1108717,0.06526852,0.9633545,-0.2601695,-0.0970931,0.2656193,0.9591764,moving,-4.7906857959286215,-1.5199744545926301,-2.8973460284555475,3.2971606219441005,-0.14495099999999994,0.32605374,0.9474260000000001,-0.08348666853537122,-0.026432844377993037,0.9961582713729653,-4.8389282141732535,-1.4446597638159209,5.166720099941536,5.1758599112317105,5.123924468091393
05/17/2023 16:16:25.778330,4714,True,True,True,True,Eyes,1.102214,-0.2617755,-3.455181,-0.1804653,0.2450612,0.9525635,0.0,0.0,0.0,0.0,0.0,0.0,0.0,-0.7193262,-0.7317318,3.503731,1.099989,-0.2611511,-3.471428,-0.1340711,-0.05224304,-0.02586027,0.9892558,344.4569,354.2557,357.7897,0.3030726,-0.07243995,-0.9502099,0,0,0,0.956087,0.06762129,-2.523629,-0.0505999,0.05828133,1.010527,0.9932038,-0.03715628,0.1102977,0.0651734,0.9627123,-0.2625591,-0.09642924,0.2679632,0.9585912,moving,-4.778671636216849,-1.4917363366081926,-2.866565016327483,3.3008312645445876,-0.14390200000000009,0.32877239,0.9477989999999998,-0.08327885262059181,-0.025942338038937987,0.996188519099197,-4.827112240291403,-1.4161248380890141,5.150992447750051,5.159927900411405,5.1081719128828285
05/17/2023 16:16:25.797980,4715,True,True,True,True,Eyes,1.102349,-0.2616334,-3.455413,-0.1795618,0.247973,0.9519806,0.0,0.0,0.0,0.0,0.0,0.0,0.0,-0.7204136,-0.7416942,3.501497,1.099974,-0.2608975,-3.471538,-0.1354654,-0.05205642,-0.02583791,0.9890762,344.2964,354.2783,357.7969,0.3030779,-0.07239518,-0.9502116,0,0,0,0.9572086,0.07069509,-2.523526,-0.04981396,0.05817968,1.011532,0.9932451,-0.03700764,0.1099758,0.06521501,0.9619631,-0.2652811,-0.09597526,0.2706611,0.9578785,moving,-4.752880928904703,-1.4784183827389512,-2.819313444108023,3.291820288898433,-0.14276540000000004,0.33159259,0.9480119999999999,-0.0828309279396221,-0.025711746556526915,0.9962319283130178,-4.801409671719813,-1.4027422070421434,5.138525311419525,5.147218686110758,5.095843647896264
05/17/2023 16:16:25.817946,4716,True,True,True,True,Eyes,1.102482,-0.2614939,-3.455645,-0.178678,0.2508695,0.9513878,0.0,0.0,0.0,0.0,0.0,0.0,0.0,-0.7218084,-0.7531133,3.499,1.099973,-0.2607453,-3.47178,-0.1370917,-0.0518262,-0.02576273,0.9888661,344.1094,354.3054,357.8107,0.3030843,-0.07235048,-0.950213,0,0,0,0.9583126,0.0737206,-2.523424,-0.04909597,0.05762315,1.012711,0.9933007,-0.0367419,0.1095621,0.06516167,0.9610843,-0.2684604,-0.09543464,0.2738011,0.9570398,moving,-4.731714398518711,-1.4918499054337913,-2.775511667715679,3.2566123580060053,-0.14166040000000013,0.3344659,0.948356,-0.08246238790952176,-0.025946082103532803,0.9962564103215731,-4.7801417520147265,-1.416415496862045,5.12709884231563,5.1356229409209,5.084853105769084
05/17/2023 16:16:25.828517,4717,True,True,True,True,Eyes,1.102651,-0.2613513,-3.455874,-0.1778151,0.2538078,0.9507699,0.0,0.0,0.0,0.0,0.0,0.0,0.0,-0.722878,-0.7624651,3.496994,1.10004,-0.2606959,-3.472005,-0.1384311,-0.05165698,-0.02570746,0.9886899,343.9553,354.3253,357.8215,0.3030916,-0.07230592,-0.950214,0,0,0,0.9593996,0.07669962,-2.523324,-0.04837427,0.05769408,1.013875,0.9933414,-0.03653154,0.1092629,0.06513526,0.9603519,-0.2710749,-0.09502804,0.2763868,0.9563367,moving,-4.70618279950117,-1.469997445856435,-2.73163969823918,3.2568770224149466,-0.1406403999999999,0.33739551999999995,0.9486809999999997,-0.08201923592033283,-0.025567047902252546,0.9963027566334786,-4.754759220793246,-1.3943940976484863,5.11442469113203,5.122710483478172,5.072212104681302
05/17/2023 16:16:25.848109,4718,True,True,True,True,Eyes,1.102816,-0.2612047,-3.456105,-0.1769653,0.2567504,0.9501382,0.0,0.0,0.0,0.0,0.0,0.0,0.0,-0.7242572,-0.7706868,3.495142,1.10006,-0.2604876,-3.472252,-0.1395749,-0.05143743,-0.02569981,0.9885406,343.8236,354.3519,357.8248,0.3031006,-0.07226138,-0.9502145,0,0,0,0.9605208,0.0797723,-2.52322,-0.04769893,0.05808234,1.015018,0.9933874,-0.03645186,0.1088701,0.06516935,0.9597167,-0.273307,-0.0945219,0.2785948,0.9557461,moving,-4.688453506199018,-1.4261109362644793,-2.6905318535291074,3.2750628347455035,-0.13953920000000009,0.3402599,0.9490320000000003,-0.08171251470205004,-0.02480453628485116,0.9963472709473594,-4.7373381894061595,-1.3500427745040144,5.100078630393963,5.108103929584781,5.057768092083483
05/17/2023 16:16:25.868287,4719,True,True,True,True,Eyes,1.103006,-0.261057,-3.456336,-0.1761294,0.2597186,0.9494866,0.0,0.0,0.0,0.0,0.0,0.0,0.0,-0.7256282,-0.7820854,3.492588,1.100118,-0.2602816,-3.472515,-0.1411793,-0.05121564,-0.02567109,0.9883251,343.6388,354.3787,357.833,0.3031112,-0.07221675,-0.9502145,0,0,0,0.9616047,0.08274258,-2.52312,-0.04705545,0.05742285,1.016213,0.9934359,-0.03628159,0.1084839,0.06520395,0.9588189,-0.2764326,-0.09398696,0.2816916,0.9548907,moving,-4.670055112241,-1.4333015512489073,-2.6511708196267705,3.234156508672099,-0.13851329999999995,0.34302418,0.949395,-0.08139231777190302,-0.02493023337832792,0.9963703600475573,-4.718883644043648,-1.3573892646424839,5.077521366604405,5.0853769307777,5.035645828759309
05/17/2023 16:16:25.878375,4720,True,True,True,True,Eyes,1.103191,-0.260903,-3.456568,-0.1753051,0.2626735,0.948826,0.0,0.0,0.0,0.0,0.0,0.0,0.0,-0.7268097,-0.7937661,3.489981,1.100138,-0.2601315,-3.472796,-0.1428288,-0.05101338,-0.02565477,0.9880989,343.4486,354.4033,357.8401,0.3031236,-0.072172,-0.9502139,0,0,0,0.9626841,0.08570083,-2.523021,-0.04634151,0.05669948,1.017451,0.993479,-0.03612653,0.108141,0.06527126,0.9578836,-0.2796405,-0.09348404,0.2848754,0.9539951,moving,-4.650076468952803,-1.4465834979333645,-2.6078299293832585,3.1896221783632583,-0.13745390000000002,0.34583233,0.9497750000000003,-0.08104441086587444,-0.02516191948363862,0.9963928468428317,-4.698804992792948,-1.3709067230279763,5.0583894848182105,5.066080733793018,5.017031051949539
05/17/2023 16:16:25.898030,4721,True,True,True,True,Eyes,1.103396,-0.2607478,-3.456796,-0.1744402,0.2656307,0.9481619,0.0,0.0,0.0,0.0,0.0,0.0,0.0,-0.7280486,-0.8039129,3.487651,1.100229,-0.2598539,-3.473041,-0.1442076,-0.05080798,-0.0257711,0.9879061,343.2889,354.4305,357.83,0.3031377,-0.07212697,-0.9502128,0,0,0,0.9637976,0.08875263,-2.522918,-0.0457464,0.05647045,1.018622,0.9935088,-0.03626506,0.1078198,0.06557265,0.9570801,-0.2823085,-0.09295426,0.287546,0.9532454,moving,-4.630834516066116,-1.4304912854308027,-2.57143043687582,3.173120049340472,-0.13643139999999987,0.34860653,0.9501229999999996,-0.08071034711624056,-0.024882746430140504,0.9964269815538963,-4.679672697167875,-1.3546917509380836,5.035757217389123,5.043251181829057,4.994573568065956
05/17/2023 16:16:25.917915,4722,True,True,True,True,Eyes,1.103599,-0.2605987,-3.457025,-0.1735856,0.2685667,0.9474915,0.0,0.0,0.0,0.0,0.0,0.0,0.0,-0.7302638,-0.8153045,3.484677,1.100259,-0.2597726,-3.473173,-0.1458271,-0.05046326,-0.02578239,0.9876858,343.1022,354.4725,357.8311,0.3031538,-0.07208165,-0.9502111,0,0,0,0.9649631,0.0919466,-2.522811,-0.04528118,0.05611974,1.019804,0.9935775,-0.03621197,0.1072032,0.0656476,0.9561394,-0.2854606,-0.09216415,0.2906648,0.9523758,moving,-4.625772587935451,-1.4418074715222127,-2.5423684669147604,3.1498056344970586,-0.13529590000000014,0.3517192,0.9503620000000002,-0.08062192361405868,-0.02507972672076615,0.9964292690346265,-4.674528731098018,-1.366163838382069,5.034752977612473,5.0421705293309875,4.994005173419247
05/17/2023 16:16:25.928795,4723,True,True,True,True,Eyes,1.103838,-0.260448,-3.457255,-0.1725982,0.2716261,0.9467995,0.0,0.0,0.0,0.0,0.0,0.0,0.0,-0.7318835,-0.824397,3.482514,1.100405,-0.2597955,-3.473443,-0.1471046,-0.05021791,-0.02586591,0.9875066,342.9545,354.5039,357.8234,0.3031717,-0.07203623,-0.9502088,0,0,0,0.9659919,0.09476613,-2.522716,-0.04490067,0.05614117,1.021026,0.9936182,-0.03631094,0.106791,0.06586009,0.9553824,-0.2879357,-0.09157104,0.2931314,0.9516767,moving,-4.604319427289942,-1.4071598451236733,-2.518018563274731,3.147242353010627,-0.13441310000000006,0.35456163,0.9507270000000001,-0.08025002390135827,-0.02447790321382702,0.9964742525337953,-4.6533169623834985,-1.3311771511841246,5.0023019509098035,5.00951401610587,4.961425249743105
05/17/2023 16:16:25.948569,4724,True,True,True,True,Eyes,1.10407,-0.2602984,-3.457489,-0.1716278,0.2746403,0.9461061,0.0,0.0,0.0,0.0,0.0,0.0,0.0,-0.7337629,-0.8325,3.48051,1.100401,-0.2595409,-3.473783,-0.1481878,-0.04991215,-0.02600229,0.9873566,342.829,354.5432,357.8073,0.303192,-0.07199066,-0.9502059,0,0,0,0.9671308,0.09788737,-2.522611,-0.04441115,0.05656135,1.022288,0.9936653,-0.03655431,0.1062686,0.06613981,0.9547285,-0.2900327,-0.09085574,0.295224,0.9510983,moving,-4.59205363161854,-1.3535685085732732,-2.4875304134308687,3.166843249360911,-0.1332702,0.35742827,0.9511720000000001,-0.08003848902593533,-0.02354624666951699,0.9965137044297803,-4.641430082194885,-1.276983099274616,4.979317234461312,4.986295261730959,4.938307037834839
05/17/2023 16:16:25.968258,4725,True,True,True,True,Eyes,1.104317,-0.2601475,-3.457724,-0.1705465,0.2776827,0.9454132,0.0,0.0,0.0,0.0,0.0,0.0,0.0,-0.7351731,-0.8399534,3.478749,1.100445,-0.259437,-3.474105,-0.1492134,-0.04968622,-0.02607931,0.9872116,342.7104,354.5721,357.7993,0.3032142,-0.07194498,-0.9502022,0,0,0,0.9682332,0.1009084,-2.522509,-0.04383177,0.05715725,1.02356,0.9937023,-0.0366639,0.1058844,0.0663193,0.9541104,-0.2920188,-0.09031884,0.2972019,0.9505333,moving,-4.5637896837260294,-1.290428015101734,-2.4520712008454066,3.196169794186486,-0.13221179999999988,0.3603454,0.9515960000000003,-0.07954889909825835,-0.02244894491658414,0.9965781087301523,-4.613608907270047,-1.213184182860842,4.952024705524547,4.958721090487899,4.91066673183984
05/17/2023 16:16:25.978350,4726,True,True,True,True,Eyes,1.104556,-0.2599969,-3.457962,-0.169489,0.2806862,0.9447163,0.0,0.0,0.0,0.0,0.0,0.0,0.0,-0.7366127,-0.8465422,3.477137,1.100433,-0.2592741,-3.474412,-0.1501121,-0.04945225,-0.02614168,0.9870853,342.6065,354.6016,357.7923,0.3032387,-0.07189916,-0.9501979,0,0,0,0.969252,0.1037006,-2.522415,-0.04329146,0.05774295,1.024718,0.9937422,-0.03676137,0.1054756,0.0664549,0.953566,-0.2937614,-0.08977883,0.2989324,0.9500417,moving,-4.5379833647424395,-1.2146562665279101,-2.419147337084938,3.2252114265170317,-0.131181,0.3629747,0.951997,-0.07910230809984005,-0.02113174043146776,0.9966425767930771,-4.588336087105967,-1.1365919391190622,4.913149579450121,4.9195417717348064,4.871417497370981
05/17/2023 16:16:25.998272,4727,True,True,True,True,Eyes,1.104828,-0.2598474,-3.4582,-0.1683385,0.283681,0.9440271,0.0,0.0,0.0,0.0,0.0,0.0,0.0,-0.7378787,-0.8544518,3.475238,1.100491,-0.2591515,-3.474707,-0.1512196,-0.0492527,-0.02615171,0.986926,342.4786,354.6262,357.793,0.3032649,-0.07185322,-0.950193,0,0,0,0.9703464,0.1066997,-2.522314,-0.0426486,0.05814055,1.025981,0.9937805,-0.03672367,0.1051268,0.06651556,0.9528975,-0.295909,-0.08930822,0.3010612,0.9494136,moving,-4.501362133311046,-1.1624339299989617,-2.380335285212211,3.2433828329960317,-0.13014460000000005,0.3658512,0.9523929999999998,-0.0784667408819036,-0.02022435688873994,0.9967115288996455,-4.552077556027005,-1.0838745949868338,4.883659144862538,4.88978284174704,4.841654814097829
05/17/2023 16:16:26.018163,4728,True,True,True,True,Eyes,1.105095,-0.2596961,-3.458446,-0.1672158,0.286631,0.9433354,0.0,0.0,0.0,0.0,0.0,0.0,0.0,-0.7392582,-0.8612503,3.473592,1.100511,-0.2590232,-3.475037,-0.1521657,-0.04903495,-0.02616244,0.9867911,342.3695,354.6529,357.7924,0.3032934,-0.07180718,-0.9501874,0,0,0,0.9714814,0.1098105,-2.52221,-0.0419772,0.0589605,1.027291,0.9938222,-0.03671086,0.1047366,0.06655661,0.9523223,-0.2977459,-0.08881245,0.3028773,0.9488823,moving,-4.468882513777142,-1.094209752254939,-2.339920356485603,3.284839224259882,-0.12902959999999997,0.36883370000000004,0.9528270000000001,-0.07790353862091916,-0.019038367439948106,0.9967791681507799,-4.520075844831161,-1.0149462417947581,4.863297644813035,4.869142615070435,4.820916200003686
05/17/2023 16:16:26.028556,4729,True,True,True,True,Eyes,1.105363,-0.25954,-3.458695,-0.1660297,0.2895966,0.9426388,0.0,0.0,0.0,0.0,0.0,0.0,0.0,-0.7404625,-0.868575,3.471964,1.100637,-0.2588487,-3.475462,-0.1531729,-0.04885238,-0.0261843,0.9866437,342.2531,354.6756,357.7914,0.3033239,-0.07176098,-0.9501811,0,0,0,0.9725789,0.1128181,-2.522109,-0.04136188,0.05946776,1.028674,0.9938557,-0.03670344,0.1044212,0.06663489,0.9517049,-0.2996959,-0.08837833,0.3048126,0.948303,moving,-4.4287705919436124,-1.0320428785171825,-2.3025615795034713,3.3085929744212557,-0.12805810000000006,0.37166679999999996,0.9533529999999999,-0.07720722646600972,-0.01795780853283127,0.9968533094559171,-4.480396614020011,-0.9521770642880846,4.827845122788143,4.833413325218141,4.785094226902
05/17/2023 16:16:26.048574,4730,True,True,True,True,Eyes,1.105622,-0.2593895,-3.458945,-0.1648668,0.2925521,0.9419301,0.0,0.0,0.0,0.0,0.0,0.0,0.0,-0.7421193,-0.8801029,3.469022,1.100679,-0.258611,-3.475782,-0.1547798,-0.04858163,-0.02622,0.9864054,342.0674,354.7095,357.79,0.3033562,-0.07171452,-0.9501743,0,0,0,0.9736663,0.1157982,-2.522008,-0.04082173,0.05866882,1.029995,0.9939047,-0.03668818,0.103959,0.066766,0.9507114,-0.3028036,-0.08772571,0.3078988,0.9473661,moving,-4.39807440401186,-1.0398684873449249,-2.269612340814584,3.2600618714277014,-0.12701269999999998,0.3744092,0.9537740000000001,-0.07667296805999088,-0.018094710772283307,0.9968921424374851,-4.449636488339389,-0.9602122523045543,4.792461362956854,4.797890353557957,4.750075679737672
05/17/2023 16:16:26.068385,4731,True,True,True,True,Eyes,1.105922,-0.259241,-3.459195,-0.1636937,0.2954974,0.9412149,0.0,0.0,0.0,0.0,0.0,0.0,0.0,-0.7434361,-0.8903441,3.466402,1.100736,-0.2586182,-3.476039,-0.1562096,-0.04835635,-0.02636182,0.9861873,341.9014,354.7399,357.7759,0.3033897,-0.07166798,-0.9501671,0,0,0,0.9748221,0.1189657,-2.521902,-0.04021747,0.05864176,1.031381,0.9939334,-0.03688792,0.1036128,0.06710282,0.9498072,-0.3055544,-0.08714088,0.3106534,0.9465204,moving,-4.36392633131293,-1.0292625725838689,-2.2330491384295463,3.254191931136462,-0.1259138999999999,0.37758390000000003,0.9541370000000002,-0.07607905159983393,-0.01791099232980556,0.9969408222506949,-4.415555000385676,-0.9496057576123488,4.778926947015335,4.784205273249943,4.736585990500195
05/17/2023 16:16:26.078349,4732,True,True,True,True,Eyes,1.106211,-0.2590984,-3.459449,-0.1625489,0.2984122,0.9404935,0.0,0.0,0.0,0.0,0.0,0.0,0.0,-0.7441245,-0.8993914,3.464254,1.100737,-0.2585112,-3.476382,-0.1574553,-0.048216,-0.02647561,0.985993,341.7567,354.7596,357.7657,0.3034256,-0.07162138,-0.9501592,0,0,0,0.9758391,0.1217529,-2.521808,-0.0395007,0.05850077,1.032681,0.9939485,-0.03702579,0.1034187,0.06739326,0.9490137,-0.3079465,-0.08674383,0.3130527,0.9457661,moving,-4.321961315461702,-0.9986394685247306,-2.190531813395996,3.2423067473611744,-0.12489790000000012,0.3802641,0.954574,-0.07534955836843726,-0.01737911784431842,0.9970057270943508,-4.373797242848153,-0.9187690574202184,4.741381098466249,4.746431978688101,4.699063714036875
05/17/2023 16:16:26.098440,4733,True,True,True,True,Eyes,1.106524,-0.2589572,-3.459703,-0.1613948,0.3012898,0.9397745,0.0,0.0,0.0,0.0,0.0,0.0,0.0,-0.7449633,-0.9077374,3.462256,1.100749,-0.2585286,-3.476736,-0.1586109,-0.0480561,-0.02661259,0.9858119,341.6224,354.782,357.7519,0.3034631,-0.07157491,-0.9501507,0,0,0,0.9769301,0.1247426,-2.521707,-0.03878932,0.05884522,1.034089,0.9939648,-0.03722558,0.1031906,0.06771445,0.9482687,-0.3101632,-0.08630644,0.3152787,0.9450664,moving,-4.282315067326016,-0.9600522410497555,-2.148193081031602,3.2569251724132977,-0.12381889999999995,0.3832712,0.9550289999999997,-0.07466050555245798,-0.016708524132109936,0.9970689896056883,-4.334415660308795,-0.8798631673646197,4.721403656861829,4.726243239407252,4.678951478083948
05/17/2023 16:16:26.118016,4734,True,True,True,True,Eyes,1.106829,-0.2588144,-3.459961,-0.1602647,0.3041344,0.9390514,0.0,0.0,0.0,0.0,0.0,0.0,0.0,-0.7463304,-0.9147318,3.460446,1.100759,-0.2584154,-3.477065,-0.1595881,-0.04783713,-0.02662852,0.9856644,341.5095,354.8091,357.7505,0.3035027,-0.07152857,-0.9501415,0,0,0,0.9780251,0.1277434,-2.521606,-0.03814961,0.05947113,1.035419,0.9940051,-0.0372251,0.1028019,0.06776205,0.9476451,-0.3120529,-0.08580352,0.3171482,0.9444865,moving,-4.249409230620475,-0.9010316133304096,-2.110086206351175,3.287273187768899,-0.12273390000000006,0.3861588,0.9554590000000003,-0.07408909714157252,-0.015682101386078284,0.9971283350463338,-4.301921987590996,-0.8202513494057065,4.69842802196729,4.703041580624209,4.655738600417192
05/17/2023 16:16:26.128734,4735,True,True,True,True,Eyes,1.107134,-0.25867,-3.46022,-0.1590751,0.3069614,0.9383335,0.0,0.0,0.0,0.0,0.0,0.0,0.0,-0.7477381,-0.9227136,3.45837,1.100852,-0.2582571,-3.477394,-0.1606858,-0.04761536,-0.02670238,0.9854948,341.3822,354.8377,357.7426,0.303544,-0.0714823,-0.9501318,0,0,0,0.979155,0.13084,-2.521502,-0.03758276,0.0598726,1.036792,0.9940395,-0.03732788,0.1024307,0.06793233,0.9469342,-0.3141671,-0.08526797,0.3192529,0.9438257,moving,-4.213842400070279,-0.8576402654269034,-2.076010536417543,3.3050424649879293,-0.12169699999999994,0.38909710000000003,0.955892,-0.07347095235141686,-0.014927633658284895,0.997185604923256,-4.266655162085717,-0.7764679294896524,4.675132188413514,4.679556879806337,4.632240384111926
05/17/2023 16:16:26.148323,4736,True,True,True,True,Eyes,1.107429,-0.2585329,-3.460481,-0.1579153,0.3097662,0.9376074,0.0,0.0,0.0,0.0,0.0,0.0,0.0,-0.7490165,-0.9322997,3.455812,1.100807,-0.2580897,-3.477709,-0.1620124,-0.04738596,-0.02679047,0.9852862,341.2284,354.8677,357.7339,0.3035868,-0.07143606,-0.9501216,0,0,0,0.9802628,0.133876,-2.5214,-0.03690484,0.05973127,1.038154,0.9940737,-0.03743833,0.1020582,0.06814678,0.9460685,-0.3167182,-0.08469667,0.3217961,0.9430131,moving,-4.180217538660557,-0.8421494759782824,-2.035922953470549,3.292941813140238,-0.1205442000000001,0.3919657,0.9563090000000001,-0.07288601807892146,-0.014658659805414032,0.9972325351855496,-4.233131858565951,-0.7609154807448838,4.653732053297374,4.658001635617903,4.6110178845691046
05/17/2023 16:16:26.168543,4737,True,True,True,True,Eyes,1.107705,-0.2583946,-3.460744,-0.1567228,0.3124943,0.9369019,0.0,0.0,0.0,0.0,0.0,0.0,0.0,-0.7503266,-0.9406668,3.453568,1.10086,-0.2581556,-3.477993,-0.1632429,-0.04718789,-0.02669976,0.9850951,341.0866,354.8904,357.7465,0.3036307,-0.07139003,-0.9501111,0,0,0,0.9813229,0.1367815,-2.521302,-0.03624263,0.05991584,1.039528,0.9941208,-0.03719743,0.1016862,0.06800978,0.9452778,-0.3190996,-0.08425203,0.3241393,0.9422502,moving,-4.138215569715424,-0.8174705053140158,-1.9967802487709343,3.2987382990250964,-0.11953709999999995,0.3949371,0.9566910000000002,-0.07215539863532722,-0.014229878533588702,0.997291834319642,-4.191294749938471,-0.7360949938959629,4.6358192525691955,4.639926740230653,4.593013563827
05/17/2023 16:16:26.178425,4738,True,True,True,True,Eyes,1.10798,-0.258251,-3.461002,-0.1555625,0.3151938,0.9361908,0.0,0.0,0.0,0.0,0.0,0.0,0.0,-0.7522373,-0.9459779,3.451975,1.100885,-0.2580273,-3.478267,-0.1640724,-0.04693525,-0.0263651,0.9849784,340.9926,354.9145,357.7853,0.3036751,-0.07134417,-0.9501004,0,0,0,0.9823964,0.1397234,-2.521203,-0.03556378,0.06083491,1.040793,0.9942039,-0.03653655,0.101112,0.06733966,0.9447703,-0.3207405,-0.08380884,0.3256904,0.9417546,moving,-4.1014600198777655,-0.7447190798600806,-1.9570289291454819,3.3451630138739747,-0.11848859999999994,0.3977507,0.9570640000000004,-0.07151685192157445,-0.01296415287039393,0.9973551562010952,-4.155048259840102,-0.6626006005130001,4.614097196815443,4.617977938832722,4.570936246209454
05/17/2023 16:16:26.198251,4739,True,True,True,True,Eyes,1.108226,-0.2581022,-3.461264,-0.1543236,0.3178429,0.9355,0.0,0.0,0.0,0.0,0.0,0.0,0.0,-0.7536422,-0.9536293,3.449779,1.10113,-0.2577819,-3.478422,-0.1651678,-0.04675694,-0.02625136,0.9848068,340.8664,354.9342,357.8005,0.3037199,-0.07129835,-0.9500895,0,0,0,0.983511,0.1427779,-2.521101,-0.03500241,0.06117216,1.042007,0.9942493,-0.03625954,0.1007648,0.06715049,0.944061,-0.3228618,-0.08342134,0.3277715,0.9410668,moving,-4.05424187733279,-0.7086533513403547,-1.9239185139617978,3.3597552169429656,-0.11761899999999992,0.4005598,0.9573210000000003,-0.0706954596128338,-0.012337074265306697,0.9974217168209608,-4.1080747957571715,-0.6262750613008067,4.588692801519222,4.592409597477715,4.5452146310578465
05/17/2023 16:16:26.218196,4740,True,True,True,True,Eyes,1.108465,-0.257961,-3.461523,-0.1530851,0.3204299,0.9348207,0.0,0.0,0.0,0.0,0.0,0.0,0.0,-0.7558558,-0.9624223,3.447134,1.101243,-0.2575412,-3.478684,-0.1662903,-0.04638947,-0.02665953,0.9846243,340.7349,354.9872,357.7494,0.3037643,-0.07125241,-0.9500787,0,0,0,0.9846807,0.1459835,-2.520993,-0.03487562,0.06147316,1.043358,0.9942746,-0.03707101,0.1002188,0.06792748,0.9432736,-0.3249934,-0.08248595,0.3299403,0.9403911,moving,-4.037288317374908,-0.6867602731869629,-1.9144743356324538,3.3718872061225973,-0.11656230000000001,0.4035247,0.9576910000000001,-0.07040064892392559,-0.011956202028178542,0.9974471954287413,-4.091272865890072,-0.6041804526198779,4.576629658489129,4.58027931052104,4.532942297032866
05/17/2023 16:16:26.228611,4741,True,True,True,True,Eyes,1.108676,-0.257819,-3.461786,-0.1517669,0.3229352,0.9341733,0.0,0.0,0.0,0.0,0.0,0.0,0.0,-0.7593746,-0.966976,3.445311,1.101337,-0.2575862,-3.478874,-0.1668696,-0.04585943,-0.02697765,0.9845425,340.6672,355.0575,357.7032,0.3038084,-0.07120659,-0.950068,0,0,0,0.9857062,0.1487937,-2.520898,-0.03521277,0.06284288,1.04453,0.9943382,-0.0378162,0.0993046,0.06842638,0.9428535,-0.326106,-0.08129761,0.3310547,0.9401029,moving,-4.034436273393806,-0.6056252153995424,-1.9308007747943916,3.442980888555736,-0.11563080000000003,0.4063799,0.9579759999999999,-0.07035211566502017,-0.010543767661566644,0.9974665400666304,-4.08899864845526,-0.5220740920906046,4.558948539438263,4.562509583107913,4.5143636385899
05/17/2023 16:16:26.248161,4742,True,True,True,True,Eyes,1.10888,-0.2576909,-3.462044,-0.1504763,0.325354,0.9335425,0.0,0.0,0.0,0.0,0.0,0.0,0.0,-0.7623885,-0.9732028,3.443168,1.101275,-0.2574486,-3.479178,-0.1676634,-0.04537125,-0.02728815,0.9844217,340.5746,355.1229,357.6596,0.3038512,-0.07116087,-0.9500577,0,0,0,0.9867957,0.1517798,-2.520798,-0.03521685,0.06372812,1.045832,0.9943936,-0.0385119,0.09847932,0.06894028,0.9422888,-0.3276267,-0.08017843,0.332579,0.939661,moving,-4.0272737793069044,-0.5542766522547092,-1.9286221253198137,3.487025695775482,-0.11447929999999995,0.40922840000000005,0.95838,-0.07022805138471713,-0.009649916394943947,0.9974842562147116,-4.08220042846439,-0.47013086109467417,4.55025030293701,4.553730715905046,4.505217810867255
05/17/2023 16:16:26.268779,4743,True,True,True,True,Eyes,1.109041,-0.2575642,-3.462305,-0.149134,0.3276552,0.9329529,0.0,0.0,0.0,0.0,0.0,0.0,0.0,-0.7645983,-0.9744654,3.442512,1.101322,-0.2576585,-3.479337,-0.167877,-0.04506366,-0.02726988,0.9843999,340.5506,355.1596,357.6564,0.3038929,-0.07111562,-0.9500477,0,0,0,0.9879679,0.1549922,-2.52069,-0.03480701,0.06648475,1.04714,0.9944513,-0.03855862,0.09787729,0.06881923,0.9421474,-0.3280584,-0.07956535,0.332974,0.9395731,moving,-3.9925959756303055,-0.4380515726364215,-1.9038149212364495,3.6329327901592814,-0.1133540999999999,0.41265070000000004,0.958647,-0.06962553803524271,-0.007626813931812554,0.9975440390398821,-4.04834224994596,-0.3526288782210281,4.572282263659166,4.575578649233542,4.525892097260427
05/17/2023 16:16:26.277903,4744,True,True,True,True,Eyes,1.109201,-0.257444,-3.462565,-0.1478173,0.3298576,0.9323862,0.0,0.0,0.0,0.0,0.0,0.0,0.0,-0.7667919,-0.9746695,3.442193,1.101326,-0.2575902,-3.479564,-0.1678983,-0.0447547,-0.02724609,0.9844111,340.549,355.1962,357.653,0.3039324,-0.07107086,-0.9500384,0,0,0,0.9889659,0.1577273,-2.520598,-0.03450793,0.06891054,1.048232,0.9945093,-0.03861421,0.09726316,0.06867115,0.9421356,-0.328123,-0.07896488,0.3330006,0.9396144,moving,-3.9598280040551095,-0.30540266995279886,-1.8855033754636443,3.7611998295920706,-0.11236010000000007,0.4153175,0.9589659999999998,-0.06905605521166537,-0.005317532448945228,0.9975986174282462,-4.016511529428098,-0.2184971485921799,4.562008820144855,4.565093487989671,4.514330934970524
05/17/2023 16:16:26.298415,4745,True,True,True,True,Eyes,1.109309,-0.2573219,-3.462831,-0.1464739,0.332007,0.9318352,0.0,0.0,0.0,0.0,0.0,0.0,0.0,-0.769119,-0.9744433,3.442051,1.10146,-0.2576215,-3.47983,-0.1678287,-0.04443145,-0.02736917,0.9844341,340.5573,355.2374,357.6313,0.30397,-0.07102673,-0.9500297,0,0,0,0.9900545,0.1607106,-2.520497,-0.03436734,0.07181317,1.049473,0.9945535,-0.03897255,0.09666633,0.06880003,0.942169,-0.3280004,-0.07829301,0.3328646,0.9397188,moving,-3.9300481015960336,-0.16730019867580545,-1.8756081489735656,3.9145242652180534,-0.11140550000000016,0.4183321,0.959333,-0.06853821746523758,-0.002913069038504329,0.9976442843843262,-3.9877085596157866,-0.07883466454584839,4.566776312957889,4.569684285918863,4.517508570723484
05/17/2023 16:16:26.318224,4746,True,True,True,True,Eyes,1.109416,-0.2572005,-3.463095,-0.1451578,0.3341037,0.9312916,0.0,0.0,0.0,0.0,0.0,0.0,0.0,-0.7719584,-0.9752017,3.441476,1.101456,-0.2574905,-3.480113,-0.1679186,-0.04402705,-0.02735382,0.9844374,340.5479,355.2856,357.6252,0.3040045,-0.07098312,-0.9500219,0,0,0,0.9911746,0.1637804,-2.520394,-0.03413912,0.07433206,1.050715,0.9946268,-0.03907032,0.09587015,0.06864215,0.9421102,-0.3282019,-0.0774973,0.3330192,0.9397299,moving,-3.907639923929797,-0.04899809813018726,-1.8609609751225444,4.046606021671262,-0.11028139999999997,0.4212709,0.9597189999999998,-0.06814830216807743,-0.000853189967899487,0.997674894173236,-3.966138069227767,0.040815390695103836,4.575766379208086,4.578522450051476,4.525276696154797
05/17/2023 16:16:26.338392,4747,True,True,True,True,Eyes,1.109475,-0.2570737,-3.463362,-0.1438654,0.3362086,0.9307345,0.0,0.0,0.0,0.0,0.0,0.0,0.0,-0.7742909,-0.978469,3.440256,1.101521,-0.2573985,-3.480328,-0.168387,-0.04369982,-0.02730486,0.9843733,340.4945,355.3242,357.6263,0.3040361,-0.07094001,-0.950015,0,0,0,0.9922971,0.1668565,-2.520291,-0.03378291,0.07611251,1.051979,0.9946895,-0.03903938,0.09522942,0.06847329,0.9418005,-0.3291247,-0.0768383,0.3338977,0.9394723,moving,-3.8757762057638843,0.02656959416314221,-1.839345824224652,4.138238420811281,-0.10922389999999993,0.42425499999999994,0.9600370000000003,-0.06759347771987706,0.00046266635694147684,0.9977129312737929,-3.934804789906809,0.11717844149533237,4.58570026766241,4.588340575729543,4.534299464538498
05/17/2023 16:16:26.348087,4748,True,True,True,True,Eyes,1.109539,-0.2569497,-3.463628,-0.1426045,0.3382992,0.9301707,0.0,0.0,0.0,0.0,0.0,0.0,0.0,-0.775655,-0.9827993,3.438975,1.10154,-0.2571907,-3.480596,-0.1689749,-0.04349205,-0.02730978,0.9842816,340.4267,355.3498,357.6239,0.3040641,-0.07089722,-0.9500093,0,0,0,0.9933876,0.1698452,-2.52019,-0.0331722,0.07742339,1.053252,0.9947252,-0.03906289,0.09484617,0.06845915,0.9414033,-0.3302622,-0.07638752,0.3350132,0.9391118,moving,-3.832747956230106,0.08689381585704518,-1.8039358073843437,4.204187760703313,-0.10815239999999993,0.4270359,0.9604059999999999,-0.06684411351891992,0.0015131906052045785,0.9977622452375322,-3.8921953186176075,0.17807175240764112,4.587500145832024,4.590009603864888,4.535464463372065
05/17/2023 16:16:26.368475,4749,True,True,True,True,Eyes,1.109574,-0.2568245,-3.463893,-0.1413614,0.3404183,0.9295872,0.0,0.0,0.0,0.0,0.0,0.0,0.0,-0.7768041,-0.9896432,3.437035,1.101698,-0.2571502,-3.480828,-0.1699058,-0.04330959,-0.02747652,0.9841247,340.3181,355.376,357.604,0.3040888,-0.07085481,-0.9500046,0,0,0,0.9945848,0.1731261,-2.52008,-0.03261849,0.07841095,1.054721,0.9947386,-0.03936353,0.09458092,0.06879774,0.9407541,-0.3320371,-0.07590724,0.3367971,0.9385126,moving,-3.7898208522612515,0.10722070043677663,-1.7713749220016213,4.251709369431394,-0.10711320000000002,0.4302763,0.9607479999999997,-0.06609651595917013,0.0018672609709363408,0.9978115005867668,-3.849401794705677,0.19848401812058597,4.607429918043659,4.609870963574408,4.554868980792842
05/17/2023 16:16:26.378326,4750,True,True,True,True,Eyes,1.10961,-0.2567062,-3.464152,-0.1401505,0.3424946,0.9290076,0.0,0.0,0.0,0.0,0.0,0.0,0.0,-0.7779809,-0.9967951,3.43487,1.101684,-0.2570336,-3.481008,-0.1708444,-0.0430856,-0.02776206,0.983964,340.2083,355.4097,357.5689,0.3041099,-0.07081271,-0.9500009,0,0,0,0.9955442,0.1757554,-2.519991,-0.0322552,0.07869217,1.055885,0.9947458,-0.03991187,0.09427534,0.0693556,0.9400829,-0.3338171,-0.07530338,0.3386017,0.9379116,moving,-3.7556408187764436,0.12255638918034593,-1.7497286939785825,4.262215402610955,-0.10613980000000012,0.432789,0.961017,-0.06550121435963553,0.002134417153879381,0.9978501238753226,-3.8153220659866833,0.21387741151013195,4.597674618516246,4.600050021455022,4.5448560448790944
05/17/2023 16:16:26.398346,4751,True,True,True,True,Eyes,1.109629,-0.25658,-3.464411,-0.1389883,0.3445697,0.9284148,0.0,0.0,0.0,0.0,0.0,0.0,0.0,-0.7793726,-1.000726,3.433542,1.101751,-0.2570951,-3.481111,-0.171424,-0.04288648,-0.02774787,0.9838723,340.1415,355.4338,357.5688,0.3041277,-0.0707711,-0.9499984,0,0,0,0.9966925,0.1789025,-2.519885,-0.03164346,0.0804688,1.057171,0.9947816,-0.03989718,0.09390295,0.06930427,0.9396878,-0.3349386,-0.07487635,0.3396986,0.9375492,moving,-3.7170818134198162,0.18335917915326647,-1.714477168354484,4.352795600588836,-0.10505849999999994,0.4359976,0.9612259999999999,-0.06482948942043695,0.0031934839191714026,0.9978912794067117,-3.7771864356605582,0.27527180684816166,4.623159971934874,4.625432459438868,4.569569980857247
05/17/2023 16:16:26.418054,4752,True,True,True,True,Eyes,1.109654,-0.25646,-3.46467,-0.1378588,0.3466386,0.9278128,0.0,0.0,0.0,0.0,0.0,0.0,0.0,-0.7807933,-1.005926,3.431939,1.101796,-0.2568128,-3.481354,-0.1721602,-0.04268347,-0.02763876,0.9837557,340.0569,355.4566,357.5806,0.3041423,-0.07072972,-0.9499968,0,0,0,0.997802,0.1819429,-2.519783,-0.03096332,0.08145183,1.058464,0.9948285,-0.03968278,0.09349679,0.06907636,0.9391939,-0.3363677,-0.07446363,0.3410865,0.937078,moving,-3.6783040087280203,0.2268936719412071,-1.6755995171584486,4.400401649826938,-0.10399400000000003,0.43875569999999997,0.9615710000000002,-0.06415392418093033,0.003951873592874522,0.9979321701892033,-3.7387088060883347,0.3191880885629354,4.626980080312263,4.629146154749143,4.573043195806703
05/17/2023 16:16:26.428263,4753,True,True,True,True,Eyes,1.109643,-0.2563365,-3.464925,-0.1367282,0.3487041,0.9272059,0.0,0.0,0.0,0.0,0.0,0.0,0.0,-0.7813757,-1.013324,3.429912,1.101987,-0.2568595,-3.481568,-0.1731884,-0.04258499,-0.02778692,0.9835753,339.937,355.4726,357.5648,0.304154,-0.07068872,-0.9499961,0,0,0,0.9988062,0.1846949,-2.519691,-0.03043453,0.08179918,1.059815,0.9948288,-0.0399106,0.09339583,0.06941149,0.9384673,-0.338321,-0.07414635,0.3430542,0.9363847,moving,-3.631632703072653,0.23330099691355433,-1.6449012520008175,4.413481945468719,-0.10318080000000007,0.4415544,0.9618770000000003,-0.06334099013649633,0.00406368262742865,0.997983635376298,-3.692070826749945,0.32549831573698085,4.626181091044911,4.628284198419708,4.571926664408912
05/17/2023 16:16:26.448277,4754,True,True,True,True,Eyes,1.109635,-0.2562145,-3.46518,-0.1356157,0.3507591,0.926594,0.0,0.0,0.0,0.0,0.0,0.0,0.0,-0.7830455,-1.018079,3.428226,1.102007,-0.256695,-3.481675,-0.1737685,-0.04230008,-0.02810895,0.9834762,339.8687,355.5142,357.5224,0.3041624,-0.07064798,-0.9499965,0,0,0,0.9999008,0.187695,-2.519589,-0.03017013,0.08315656,1.060986,0.9948412,-0.0405881,0.09297113,0.06998979,0.9380288,-0.3394163,-0.07343333,0.3441724,0.9360304,moving,-3.612431114522573,0.2887373728963133,-1.6288201916435323,4.481491491702382,-0.10210619999999992,0.44439,0.9620860000000002,-0.06300625708422965,0.005029383897852291,0.9980004619343341,-3.673259473294255,0.38153378358570633,4.636272169686293,4.638307815802041,4.5814173772645805
05/17/2023 16:16:26.468187,4755,True,True,True,True,Eyes,1.109601,-0.2560925,-3.465434,-0.134479,0.3528917,0.9259497,0.0,0.0,0.0,0.0,0.0,0.0,0.0,-0.7845649,-1.025209,3.426011,1.102061,-0.2566273,-3.481918,-0.1747275,-0.04204259,-0.0283247,0.9833111,339.7569,355.5508,357.4947,0.3041678,-0.07060753,-0.9499978,0,0,0,1.001013,0.1907428,-2.519487,-0.02977385,0.08380178,1.06241,0.9948602,-0.04101198,0.09258008,0.07039596,0.937336,-0.3412413,-0.07278367,0.3460046,0.9354054,moving,-3.5854458948434917,0.3065121123351536,-1.6052837903918256,4.510092349236061,-0.10104800000000003,0.4473701,0.962431,-0.06253611034329246,0.005339149240766838,0.9980284207819416,-3.6463938576659456,0.39942267064264136,4.644639127924096,4.646625524826629,4.589524541086482
05/17/2023 16:16:26.480385,4756,True,True,True,True,Eyes,1.109574,-0.2559761,-3.465683,-0.1333693,0.3550095,0.9253004,0.0,0.0,0.0,0.0,0.0,0.0,0.0,-0.7857483,-1.033151,3.423537,1.102029,-0.2565587,-3.482114,-0.1758626,-0.04184059,-0.02833476,0.983117,339.6253,355.5765,357.4935,0.3041698,-0.07056735,-0.9500001,0,0,0,1.002083,0.1936746,-2.519388,-0.02909748,0.08400676,1.063784,0.994893,-0.04099637,0.09223442,0.07042915,0.936539,-0.3434158,-0.07230233,0.348158,0.9346434,moving,-3.548798127312941,0.3056477710507124,-1.5668098108957884,4.51526306819467,-0.09994599999999987,0.45023329999999995,0.962726,-0.06189773766058635,0.005324305521046041,0.9980682678835753,-3.6097302170835794,0.3984107311885177,4.650935880803906,4.652863487827954,4.595867377408916
05/17/2023 16:16:26.498388,4757,True,True,True,True,Eyes,1.109529,-0.2558627,-3.465931,-0.1321751,0.3572951,0.9245918,0.0,0.0,0.0,0.0,0.0,0.0,0.0,-0.7871204,-1.039742,3.421389,1.102188,-0.2565943,-3.482221,-0.1768188,-0.04164469,-0.02834397,0.9829535,339.5145,355.6013,357.4918,0.3041691,-0.07052758,-0.9500033,0,0,0,1.003178,0.1966773,-2.519287,-0.02860123,0.08477372,1.065127,0.9949247,-0.04099448,0.09189308,0.07044873,0.9358635,-0.3452485,-0.07184611,0.34997,0.9340017,moving,-3.5080550131470676,0.3360361720191818,-1.5381603023492927,4.550592627509775,-0.09901000000000004,0.4532716,0.9629340000000002,-0.06118781607113773,0.005853914862635756,0.9981091248037388,-3.569193011267275,0.4290144600791695,4.6503456141392565,4.652200693021151,4.5948341052681485
05/17/2023 16:16:26.518195,4758,True,True,True,True,Eyes,1.109487,-0.2557487,-3.466177,-0.1310105,0.3595483,0.9238838,0.0,0.0,0.0,0.0,0.0,0.0,0.0,-0.7881796,-1.045588,3.419573,1.102333,-0.2566132,-3.48238,-0.1776723,-0.04149752,-0.02831316,0.9828067,339.4157,355.6193,357.4956,0.3041654,-0.07048826,-0.9500074,0,0,0,1.004355,0.1999013,-2.519179,-0.02790122,0.08594283,1.066582,0.9949526,-0.04090679,0.09162899,0.07039864,0.9352618,-0.3468852,-0.07150714,0.3515849,0.9334211,moving,-3.4630006041769286,0.37696793846441595,-1.4984854832328354,4.606814661439589,-0.0979779999999999,0.4565145,0.9632010000000002,-0.060402667663237215,0.006567271088351145,0.9981524912232584,-3.5244185542120907,0.47027302748593747,4.662019708689842,4.663788477223404,4.606015794319358
05/17/2023 16:16:26.528030,4759,True,True,True,True,Eyes,1.109447,-0.2556347,-3.466419,-0.1298131,0.3619004,0.9231341,0.0,0.0,0.0,0.0,0.0,0.0,0.0,-0.7894287,-1.051356,3.417704,1.10237,-0.2564995,-3.482562,-0.1784849,-0.0413027,-0.02832909,0.9826672,339.3216,355.644,357.4925,0.3041592,-0.07044933,-0.9500123,0,0,0,1.005398,0.2027593,-2.519083,-0.02733196,0.08671486,1.067871,0.9949831,-0.04093232,0.09128622,0.07041994,0.9346812,-0.3484424,-0.07106096,0.3531226,0.9328744,moving,-3.423023079080961,0.42825624214190006,-1.4661547392212466,4.642431488598496,-0.09697200000000006,0.45925879999999997,0.963479,-0.05970582533659822,0.00746107729065329,0.9981880853732519,-3.4847961795812394,0.5220324748409377,4.644682204172616,4.646354130648334,4.588311377545439
05/17/2023 16:16:26.548493,4760,True,True,True,True,Eyes,1.10941,-0.2555187,-3.466659,-0.1286454,0.3642064,0.9223904,0.0,0.0,0.0,0.0,0.0,0.0,0.0,-0.7905751,-1.0561,3.416163,1.102521,-0.2564226,-3.482703,-0.1791307,-0.04113236,-0.02843253,0.9825538,339.2464,355.6674,357.4787,0.3041507,-0.07041077,-0.9500179,0,0,0,1.006505,0.2057945,-2.518981,-0.02683571,0.08804011,1.069184,0.9949994,-0.04113684,0.0910158,0.07060912,0.9342076,-0.3496721,-0.07064324,0.3543501,0.9324406,moving,-3.384396122620922,0.49514105501384914,-1.4377788755140972,4.707302029826819,-0.0960160000000001,0.4622171,0.9637219999999997,-0.05903231473921881,0.00862666350821542,0.9982187922732798,-3.446635951658509,0.5895822493441467,4.638636924243767,4.640217536330716,4.5816070262467665
05/17/2023 16:16:26.568346,4761,True,True,True,True,Eyes,1.109374,-0.2554096,-3.466895,-0.1274324,0.3665671,0.9216233,0.0,0.0,0.0,0.0,0.0,0.0,0.0,-0.7917389,-1.060964,3.414554,1.10255,-0.2562711,-3.48287,-0.1797957,-0.04094633,-0.02849398,0.9824384,339.1692,355.692,357.4696,0.3041404,-0.07037248,-0.950024,0,0,0,1.00766,0.2089582,-2.518874,-0.02618042,0.08937821,1.07054,0.995023,-0.04126322,0.09070068,0.07071111,0.9337232,-0.3509428,-0.0702083,0.3556097,0.9319938,moving,-3.3442403933476252,0.5638540185629517,-1.4009085525146419,4.7724935781311375,-0.09488999999999992,0.46522929999999996,0.9639960000000003,-0.05833205364794038,0.009824193277345988,0.9982488763924172,-3.4069595826182066,0.6589765798626108,4.634159384944269,4.635642952812221,4.576599483287092
05/17/2023 16:16:26.578001,4762,True,True,True,True,Eyes,1.109337,-0.2553013,-3.467125,-0.1262456,0.3688689,0.920868,0.0,0.0,0.0,0.0,0.0,0.0,0.0,-0.7927154,-1.065189,3.413177,1.102658,-0.2563635,-3.482991,-0.1803737,-0.04078894,-0.02865864,0.9823341,339.1016,355.7152,357.4484,0.3041283,-0.07033464,-0.9500307,0,0,0,1.008677,0.2117468,-2.51878,-0.02574537,0.09076995,1.071802,0.9950299,-0.0415902,0.09047526,0.07101922,0.933288,-0.3520366,-0.06979821,0.3567125,0.9316031,moving,-3.304777249182563,0.6379658578921424,-1.376016684455515,4.840777147379418,-0.09398099999999987,0.46811030000000003,0.9642110000000002,-0.0576437082069256,0.011115861137424077,0.9982753782728985,-3.368014482097121,0.7338377202680516,4.622857672987798,4.624255621296026,4.56453794855195
05/17/2023 16:16:26.598014,4763,True,True,True,True,Eyes,1.109304,-0.2551924,-3.467355,-0.125036,0.3711716,0.9201074,0.0,0.0,0.0,0.0,0.0,0.0,0.0,-0.7939768,-1.068967,3.411791,1.102626,-0.256282,-3.483094,-0.1808667,-0.0405728,-0.02882396,0.9822477,339.044,355.7456,357.4254,0.3041148,-0.07029724,-0.9500378,0,0,0,1.009781,0.2147724,-2.518678,-0.02521996,0.09242022,1.073048,0.995046,-0.04194799,0.09013166,0.07130107,0.9329129,-0.3529728,-0.06927848,0.3576507,0.9312822,moving,-3.271085696144087,0.7221313438591466,-1.3463808566117492,4.9226621443288705,-0.09284500000000007,0.4710544,0.9644159999999999,-0.05705568904311131,0.012582705109044301,0.9982916955265505,-3.3349141953634907,0.8188957837673813,4.619180377357229,4.620492151818247,4.5601713982484515
05/17/2023 16:16:26.618316,4764,True,True,True,True,Eyes,1.10927,-0.2550845,-3.467581,-0.1238696,0.373406,0.9193608,0.0,0.0,0.0,0.0,0.0,0.0,0.0,-0.7944117,-1.070885,3.411315,1.102705,-0.2561841,-3.483299,-0.1810862,-0.04049766,-0.02895762,0.9822064,339.0181,355.7579,357.4084,0.3041001,-0.0702602,-0.9500452,0,0,0,1.010904,0.2178487,-2.518575,-0.02449315,0.09466347,1.074367,0.9950428,-0.04221757,0.09004176,0.07155184,0.9327385,-0.3533826,-0.06906646,0.3580735,0.9311355,moving,-3.2242991057897865,0.834488365161778,-1.3059886170787114,5.035380207526346,-0.09180100000000002,0.47403280000000003,0.9647240000000004,-0.05623899151662488,0.01454100460691038,0.9983114415026078,-3.2889164385940317,0.9324375818791724,4.616955082483624,4.6181606081148905,4.556988142917646
05/17/2023 16:16:26.628629,4765,True,True,True,True,Eyes,1.109236,-0.2549838,-3.467806,-0.1226817,0.3756233,0.9186165,0.0,0.0,0.0,0.0,0.0,0.0,0.0,-0.7946606,-1.073335,3.410599,1.102657,-0.2561097,-3.483428,-0.1814344,-0.04044854,-0.02893177,0.982145,338.9778,355.7636,357.4117,0.3040843,-0.07022354,-0.950053,0,0,0,1.011999,0.2208498,-2.518474,-0.02351646,0.09663555,1.075618,0.9950537,-0.04215286,0.08995108,0.07150789,0.932489,-0.3540493,-0.06895421,0.3587303,0.9308909,moving,-3.1692275626298296,0.9328973055008845,-1.252470006952683,5.133777970638782,-0.0906579999999999,0.4769595,0.9649540000000001,-0.05527794659419013,0.016256515452584497,0.9983386256254438,-3.2345320688775323,1.0318314832724935,4.616400977498827,4.6175055917643295,4.555714543574742
05/17/2023 16:16:26.648402,4766,True,True,True,True,Eyes,1.109202,-0.2548838,-3.468028,-0.1215325,0.3777609,0.9178925,0.0,0.0,0.0,0.0,0.0,0.0,0.0,-0.7951237,-1.074484,3.410353,1.102781,-0.2562136,-3.483601,-0.1816311,-0.04040554,-0.0288419,0.982113,338.9554,355.7671,357.4223,0.3040674,-0.0701874,-0.950061,0,0,0,1.013089,0.2238369,-2.518373,-0.02268146,0.09907138,1.076953,0.9950711,-0.0419742,0.08984276,0.07132981,0.9323566,-0.3544337,-0.06888843,0.3590952,0.9307551,moving,-3.1145676326328244,1.044782004842973,-1.2065148998497313,5.255977283788109,-0.0896920000000001,0.4800505,0.9652280000000002,-0.05432368851148612,0.018206951679798244,0.9983574166892069,-3.1806555183518452,1.1448657806461409,4.6222754189551685,4.623292215347288,4.5605338473567025
05/17/2023 16:16:26.668023,4767,True,True,True,True,Eyes,1.109163,-0.2547861,-3.468249,-0.1203844,0.3799017,0.9171599,0.0,0.0,0.0,0.0,0.0,0.0,0.0,-0.7958611,-1.075604,3.409983,1.102782,-0.2561334,-3.483758,-0.1817852,-0.04029921,-0.02881287,0.9820897,338.9378,355.7794,357.424,0.3040498,-0.07015178,-0.9500693,0,0,0,1.014255,0.2270331,-2.518266,-0.02181967,0.1016288,1.078266,0.9950916,-0.04194204,0.08963038,0.07124523,0.9322479,-0.3547364,-0.06867937,0.3593809,0.9306602,moving,-3.068678493783271,1.1611681091452102,-1.1592727565161005,5.38433944211662,-0.08852700000000002,0.4831665,0.9654919999999998,-0.05352197950688711,0.02023577314949293,0.9983616072290472,-3.1355841826463844,1.2624887839197219,4.633818810925524,4.634760660178722,4.571155182394415
05/17/2023 16:16:26.677912,4768,True,True,True,True,Eyes,1.109123,-0.2546842,-3.46847,-0.1192798,0.3819823,0.9164398,0.0,0.0,0.0,0.0,0.0,0.0,0.0,-0.7967719,-1.076368,3.409727,1.102861,-0.2561271,-3.483927,-0.1819055,-0.0401848,-0.02875031,0.9820739,338.9244,355.792,357.4294,0.3040312,-0.07011667,-0.9500778,0,0,0,1.01527,0.2298135,-2.518173,-0.02117324,0.1039292,1.079464,0.9951172,-0.04185017,0.08938856,0.07108952,0.9321676,-0.3549786,-0.0684692,0.3595999,0.9305912,moving,-3.0253207827094712,1.2781779122732742,-1.123688931674421,5.499402513438297,-0.0875910000000002,0.4859406,0.965754,-0.05276418235177378,0.02227549026948486,0.9983585522343028,-3.0930493930437595,1.3807525073079416,4.628912157361598,4.629788421769595,4.565266531080352
05/17/2023 16:16:26.698042,4769,True,True,True,True,Eyes,1.109081,-0.2545863,-3.468691,-0.1181777,0.3841189,0.9156892,0.0,0.0,0.0,0.0,0.0,0.0,0.0,-0.7968481,-1.079076,3.409039,1.102813,-0.2559302,-3.484139,-0.182277,-0.04016089,-0.02869888,0.9820076,338.8814,355.7942,357.4364,0.3040118,-0.07008192,-0.9500867,0,0,0,1.016364,0.2328138,-2.518072,-0.02011226,0.1057034,1.080765,0.9951269,-0.04172421,0.08933888,0.07100584,0.9319029,-0.3556896,-0.0684143,0.3602999,0.9303244,moving,-2.971373798265867,1.3695736132110672,-1.0661102281437527,5.5860041179066995,-0.086449,0.48874399999999996,0.9660669999999998,-0.0518222443570402,0.023869177158725663,0.9983710364802781,-3.0397398678738208,1.4730524964064955,4.626092898260494,4.626912088268193,4.561971612759355
05/17/2023 16:16:26.718300,4770,True,True,True,True,Eyes,1.109042,-0.2544853,-3.468907,-0.1171079,0.3862115,0.9149462,0.0,0.0,0.0,0.0,0.0,0.0,0.0,-0.7967336,-1.083362,3.407988,1.103069,-0.255978,-3.48433,-0.1828983,-0.04019775,-0.0286833,0.9818908,338.809,355.79,357.4413,0.3039916,-0.07004759,-0.9500957,0,0,0,1.017462,0.2358214,-2.51797,-0.01923668,0.107145,1.082218,0.9951228,-0.04162353,0.08943186,0.07103194,0.9314509,-0.3568663,-0.06844735,0.3614783,0.9298647,moving,-2.912030690944064,1.4289530786672568,-1.0183387418735101,5.654143104751077,-0.08560699999999999,0.4917994,0.9663599999999999,-0.050786890515683726,0.024905171042281793,0.9983989964318887,-2.980804479237119,1.5329285660250975,4.629371070877765,4.630151180522384,4.564611817507868
05/17/2023 16:16:26.728768,4771,True,True,True,True,Eyes,1.108983,-0.25439,-3.469121,-0.1160279,0.3883458,0.91418,0.0,0.0,0.0,0.0,0.0,0.0,0.0,-0.7970848,-1.087771,3.406589,1.1031,-0.2558139,-3.484417,-0.1834717,-0.04011693,-0.02884125,0.9817825,338.7417,355.804,357.4225,0.3039708,-0.07001358,-0.9501048,0,0,0,1.018566,0.2388481,-2.517869,-0.01848697,0.1085339,1.083482,0.9951176,-0.04191103,0.0893553,0.07135231,0.9310127,-0.3579445,-0.0681891,0.3625726,0.9294576,moving,-2.8698581512681356,1.4946090266163508,-0.9775174704464334,5.720315774865371,-0.08453399999999989,0.494662,0.966548,-0.0500505413491851,0.0260502002373513,0.9984068993823597,-2.9390889655845918,1.5992213350086226,4.629318842692624,4.630070277489323,4.564118985385543
05/17/2023 16:16:26.748395,4772,True,True,True,True,Eyes,1.108927,-0.2542931,-3.469331,-0.1149733,0.3904132,0.9134323,0.0,0.0,0.0,0.0,0.0,0.0,0.0,-0.797371,-1.092638,3.405081,1.103128,-0.2559086,-3.484517,-0.1841126,-0.04002849,-0.02912357,0.9816579,338.6661,355.8219,357.3886,0.303949,-0.06998002,-0.9501143,0,0,0,1.019659,0.241843,-2.517768,-0.01784122,0.1099615,1.084858,0.9950991,-0.04243925,0.08931259,0.07191825,0.9305087,-0.3591396,-0.06786452,0.3638027,0.9290006,moving,-2.832461262343462,1.5470299962655272,-0.9421827235682867,5.787748779716601,-0.08346900000000002,0.49775159999999996,0.9667490000000001,-0.04939767083207824,0.026964526152670143,0.9984150828068192,-2.902055987984524,1.6521368137776027,4.642200419173368,4.642935359712514,4.5765040746612895
05/17/2023 16:16:26.768116,4773,True,True,True,True,Eyes,1.108863,-0.2542001,-3.469536,-0.1138975,0.3924951,0.9126746,0.0,0.0,0.0,0.0,0.0,0.0,0.0,-0.798306,-1.09494,3.404245,1.103111,-0.2557775,-3.484652,-0.1843791,-0.0398631,-0.02929862,0.9816094,338.6347,355.8462,357.3646,0.3039263,-0.06994683,-0.9501239,0,0,0,1.02077,0.2448865,-2.517665,-0.01725255,0.1120496,1.086119,0.995105,-0.04281976,0.08906408,0.07221944,0.930292,-0.3596405,-0.06745589,0.3643123,0.9288306,moving,-2.801739599479499,1.6451217162702025,-0.9100431666403273,5.890088950992612,-0.082341,0.500664,0.966987,-0.04885999504147757,0.02867455623828602,0.9983939303824438,-2.872025687617638,1.7513007735290622,4.646675471466256,4.647393056099652,4.58027761064027
05/17/2023 16:16:26.778348,4774,True,True,True,True,Eyes,1.108799,-0.2541035,-3.469742,-0.1128515,0.3945152,0.9119332,0.0,0.0,0.0,0.0,0.0,0.0,0.0,-0.7994271,-1.098074,3.403035,1.103177,-0.2558197,-3.484689,-0.1848369,-0.03970046,-0.02931806,0.9815294,338.5817,355.8669,357.3602,0.3039028,-0.06991407,-0.9501339,0,0,0,1.021839,0.2478188,-2.517567,-0.01668156,0.1138197,1.087364,0.9951286,-0.04287686,0.08877243,0.0722293,0.9299515,-0.3605177,-0.0670962,0.3651735,0.9285184,moving,-2.767573136405992,1.7188869222342478,-0.878921880358425,5.9756676551635115,-0.08133800000000013,0.5036385,0.9671219999999998,-0.048262802780137504,0.029960779463473475,0.9983851555924079,-2.8383761995977457,1.8258309056196147,4.656242880577835,4.656950265485756,4.58918361770922
05/17/2023 16:16:26.797930,4775,True,True,True,True,Eyes,1.108715,-0.2540047,-3.469947,-0.1116206,0.3965982,0.9111809,0.0,0.0,0.0,0.0,0.0,0.0,0.0,-0.8000858,-1.100619,3.402284,1.103139,-0.2556444,-3.484934,-0.1851469,-0.03957787,-0.0294179,0.9814729,338.5455,355.8844,357.3463,0.3038785,-0.06988163,-0.9501441,0,0,0,1.022948,0.2508556,-2.517465,-0.01592603,0.1157345,1.088725,0.9951363,-0.04309029,0.08858247,0.07240117,0.9297104,-0.3611046,-0.06679595,0.3657618,0.9283084,moving,-2.7212163122045023,1.813371530237735,-0.8380713456151554,6.067913046409662,-0.08019100000000012,0.5065,0.9674689999999999,-0.047452606604793696,0.03160837178598516,0.9983732188274381,-2.7926808728871073,1.92128558934672,4.651976111610418,4.652672186821388,4.584213964440421
05/17/2023 16:16:26.818153,4776,True,True,True,True,Eyes,1.108631,-0.2539082,-3.470147,-0.1104216,0.3986537,0.9104297,0.0,0.0,0.0,0.0,0.0,0.0,0.0,-0.801365,-1.105394,3.400541,1.103151,-0.2555527,-3.485041,-0.1858043,-0.03936943,-0.02950877,0.9813543,338.4691,355.9126,357.3328,0.3038529,-0.06984942,-0.9501545,0,0,0,1.024074,0.2539415,-2.517361,-0.0153646,0.1170463,1.090095,0.9951586,-0.04328709,0.08823641,0.07254712,0.929212,-0.3623561,-0.06630499,0.3670031,0.9278536,moving,-2.6844462726364333,1.8658198047499923,-0.8075153497291367,6.128515363857616,-0.07907700000000006,0.5094942,0.9676799999999997,-0.046810508354451726,0.03252325106568357,0.9983741559956653,-2.7562751054329007,1.9742310491382895,4.656929128418057,4.657622045529402,4.5886536972159515
05/17/2023 16:16:26.829097,4777,True,True,True,True,Eyes,1.108556,-0.2538179,-3.470343,-0.1091262,0.4009717,0.9095675,0.0,0.0,0.0,0.0,0.0,0.0,0.0,-0.8028686,-1.11057,3.398557,1.103087,-0.2555265,-3.485119,-0.1865918,-0.03914433,-0.02938185,0.9812177,338.3784,355.9379,357.3457,0.3038263,-0.06981748,-0.9501654,0,0,0,1.025113,0.25679,-2.517265,-0.01469548,0.1179458,1.091404,0.9952089,-0.04305194,0.08778304,0.07226799,0.9286404,-0.3638741,-0.06585339,0.3684746,0.9273025,moving,-2.639246089968463,1.9220481925425565,-0.7714266242462625,6.167901144177997,-0.07797399999999999,0.5123165000000001,0.967854,-0.04602139071027128,0.03350423878958153,0.9983783683372767,-2.7114639177856503,2.030970826953462,4.637849145904782,4.638536066847185,4.569238136702346
05/17/2023 16:16:26.848167,4778,True,True,True,True,Eyes,1.108484,-0.2537251,-3.47054,-0.1078846,0.4032098,0.9087259,0.0,0.0,0.0,0.0,0.0,0.0,0.0,-0.8038886,-1.113272,3.397531,1.103149,-0.2556193,-3.48519,-0.1870357,-0.0390164,-0.0292405,0.9811424,338.3276,355.9507,357.3613,0.303799,-0.06978597,-0.9501765,0,0,0,1.026223,0.2598312,-2.517163,-0.01391169,0.119895,1.092756,0.9952454,-0.04278326,0.08749933,0.0719731,0.9283252,-0.3647356,-0.06562326,0.3692991,0.9269907,moving,-2.5870502603461496,2.013568429650903,-0.7293833802204501,6.261333612737955,-0.07692599999999983,0.5154505,0.9680269999999997,-0.0451093898997153,0.035100398334518584,0.9983652117555196,-2.659906899462449,2.1234034123553043,4.635518251301264,4.63620915060597,4.566112942272159
05/17/2023 16:16:26.868188,4779,True,True,True,True,Eyes,1.108417,-0.2536288,-3.470732,-0.1065631,0.4056599,0.907791,0.0,0.0,0.0,0.0,0.0,0.0,0.0,-0.8041855,-1.114595,3.397264,1.103173,-0.2554744,-3.485424,-0.1872573,-0.03899734,-0.02902034,0.9811074,338.3027,355.9482,357.3883,0.3037711,-0.06975476,-0.9501877,0,0,0,1.027396,0.263047,-2.517055,-0.01274644,0.1222372,1.094185,0.9952741,-0.04233908,0.08738969,0.07154921,0.928185,-0.3651755,-0.06565262,0.3697024,0.9268279,moving,-2.5180376598728094,2.1454206799884066,-0.6674229518527002,6.374384497417297,-0.07577699999999998,0.5185214,0.968369,-0.04390316844459969,0.037399811860608284,0.9983355719916709,-2.5918162664974966,2.256593219262706,4.615444577183112,4.616157467706564,4.545271679437392
05/17/2023 16:16:26.878339,4780,True,True,True,True,Eyes,1.108353,-0.2535322,-3.470922,-0.105265,0.4080376,0.9068763,0.0,0.0,0.0,0.0,0.0,0.0,0.0,-0.8047808,-1.121202,3.395054,1.103366,-0.2553443,-3.485476,-0.1881321,-0.03888463,-0.02927294,0.9809371,338.2,355.9688,357.358,0.3037429,-0.06972374,-0.9501989,0,0,0,1.02841,0.2658266,-2.516961,-0.01235353,0.1227181,1.095466,0.9952621,-0.04279893,0.0873011,0.07206071,0.9274988,-0.3668149,-0.06527239,0.371368,0.9261886,moving,-2.4696409357539326,2.192021269018947,-0.6460950221554912,6.3918335810560905,-0.07495600000000002,0.5211709,0.968515,-0.04305854799162763,0.03821318305285193,0.9983414950938742,-2.543739033727824,2.3035767117989505,4.577916884580039,4.578618039904655,4.507205012386782
05/17/2023 16:16:26.898062,4781,True,True,True,True,Eyes,1.108291,-0.2534356,-3.471107,-0.1039156,0.4105414,0.9059014,0.0,0.0,0.0,0.0,0.0,0.0,0.0,-0.8055502,-1.124809,3.393789,1.103357,-0.2552441,-3.485593,-0.188491,-0.038691,-0.02982686,0.9808591,338.1564,356.0057,357.2875,0.3037145,-0.06969289,-0.9502103,0,0,0,1.029506,0.2688299,-2.51686,-0.01209845,0.124535,1.096766,0.9952267,-0.0439261,0.08714502,0.07309771,0.9271631,-0.367458,-0.06465665,0.3720742,0.9259484,moving,-2.4382463102168184,2.3038136292285984,-0.6320053768208908,6.478045112953535,-0.07385099999999989,0.5240739999999999,0.9687330000000003,-0.04250825961224963,0.040161965382110115,0.9982885875139833,-2.5131332930216135,2.416604611947065,4.547556912631494,4.548265030667791,4.475929085712302
05/17/2023 16:16:26.918271,4782,True,True,True,True,Eyes,1.108225,-0.2533428,-3.471292,-0.1026131,0.4129824,0.9049398,0.0,0.0,0.0,0.0,0.0,0.0,0.0,-0.8066502,-1.12906,3.392183,1.103332,-0.2551835,-3.485672,-0.1890422,-0.03848734,-0.03005149,0.9807542,338.0918,356.0364,357.2573,0.3036859,-0.0696622,-0.9502217,0,0,0,1.029534,0.2689048,-2.516857,-0.01256642,0.1232562,1.09698,0.9952313,-0.04439478,0.08685526,0.07349772,0.9267199,-0.3684947,-0.06413125,0.3731211,0.9255635,moving,-2.401151764187706,2.3926989898042748,-0.6563212978191916,6.410841063409242,-0.07379800000000003,0.5240883000000001,0.9688150000000002,-0.04185927474150318,0.041711745775947995,0.9982524149772182,-2.4766627696134904,2.5064269404519037,4.379980026837516,4.380627703884706,4.307910481600442
05/17/2023 16:16:26.928304,4783,True,True,True,True,Eyes,1.108179,-0.2532535,-3.471475,-0.1013007,0.4155117,0.9039294,0.0,0.0,0.0,0.0,0.0,0.0,0.0,-0.8069994,-1.132782,3.390986,1.10319,-0.2551946,-3.48584,-0.189597,-0.03840965,-0.0299953,0.9806519,338.0275,356.0453,357.2641,0.3036572,-0.06963175,-0.950233,0,0,0,1.029534,0.2689048,-2.516857,-0.01248857,0.1219804,1.097268,0.99525,-0.04426518,0.08670703,0.0733946,0.9263065,-0.3695531,-0.06395895,0.3741615,0.9251554,static,-2.3425441556232838,2.4898648911162375,-0.6520845032509951,6.343375929724151,-0.07365599999999994,0.5240994,0.9689830000000001,-0.040835198559997316,0.04340643188309057,0.9982226871151967,-2.4187325334232925,2.6045495262884355,4.207380452371675,4.2079925333787935,4.1351986817491255
05/17/2023 16:16:26.948446,4784,True,True,True,True,Eyes,1.108133,-0.2531652,-3.471655,-0.1000343,0.4179592,0.9029415,0.0,0.0,0.0,0.0,0.0,0.0,0.0,-0.8065935,-1.134204,3.390784,1.103315,-0.2552125,-3.48597,-0.189835,-0.03849545,-0.02985605,0.9806067,338.0001,356.0319,357.2838,0.3036289,-0.0696016,-0.9502443,0,0,0,1.029534,0.2689048,-2.516857,-0.01230867,0.1214288,1.097464,0.9952534,-0.04393851,0.08683322,0.07316964,0.9261425,-0.3700083,-0.06416233,0.3746056,0.9249615,static,-2.2672094325519327,2.619916225747222,-0.6425771364302716,6.313804505677295,-0.0737810000000001,0.5241173,0.9691130000000001,-0.03951866000829533,0.04567452635644359,0.9981744434800176,-2.344305260387536,2.7358929634832188,4.034790643526769,4.035373678137663,3.9619855642887822
05/17/2023 16:16:26.968053,4785,True,True,True,True,Eyes,1.10812,-0.2530843,-3.471829,-0.09876548,0.4204248,0.9019359,0.0,0.0,0.0,0.0,0.0,0.0,0.0,-0.8071726,-1.136271,3.390051,1.103282,-0.255155,-3.48608,-0.1901467,-0.03840989,-0.02977911,0.980552,337.9642,356.0409,357.2921,0.3036008,-0.06957177,-0.9502555,0,0,0,1.029534,0.2689048,-2.516857,-0.01236609,0.1206473,1.097616,0.9952757,-0.0437929,0.0866506,0.07300697,0.9259148,-0.3706098,-0.06400099,0.3751851,0.9247378,static,-2.2122451064270106,2.741865048741395,-0.6454851156523366,6.2726328708116865,-0.07374800000000015,0.5240598000000001,0.969223,-0.03855724255227239,0.047800738454590014,0.9981124328718891,-2.2901960013538183,2.859112051236883,3.862219767036055,3.8627785701563644,3.789089373875416
05/17/2023 16:16:26.978335,4786,True,True,True,True,Eyes,1.108105,-0.253002,-3.472006,-0.09754805,0.422801,0.9009571,0.0,0.0,0.0,0.0,0.0,0.0,0.0,-0.8082201,-1.135466,3.390192,1.103351,-0.2552536,-3.486168,-0.1900763,-0.03829106,-0.02964613,0.9805743,337.9733,356.0521,357.3052,0.3035739,-0.06954241,-0.9502662,0,0,0,1.029534,0.2689048,-2.516857,-0.01260233,0.1208689,1.097719,0.9953098,-0.04358401,0.0863645,0.07269691,0.9259842,-0.3704976,-0.0638244,0.3750383,0.9248095,static,-2.1637491464510075,2.9032328701745684,-0.6577535787721994,6.283477172979938,-0.07381700000000002,0.5241584,0.9693110000000003,-0.03770718081998551,0.050613271872244625,0.9980062469369655,-2.242837922972603,3.0222514292138842,3.7000087647845112,3.700550526140182,3.626028920186886
05/17/2023 16:16:26.997974,4787,True,True,True,True,Eyes,1.108097,-0.2529213,-3.472186,-0.09631003,0.4252336,0.8999449,0.0,0.0,0.0,0.0,0.0,0.0,0.0,-0.8085896,-1.136465,3.389975,1.103287,-0.2551422,-3.486396,-0.1902549,-0.03825039,-0.02943425,0.9805477,337.9535,356.0522,357.3305,0.303548,-0.06951343,-0.9502766,0,0,0,1.029534,0.2689048,-2.516857,-0.01244579,0.120311,1.097926,0.9953411,-0.04316873,0.08621266,0.07227801,0.9258735,-0.3708561,-0.06381264,0.3753596,0.92468,static,-2.1022541198498494,3.0402133893327132,-0.6494615286372136,6.253534741404756,-0.07375299999999996,0.5240469999999999,0.9695390000000002,-0.0366314652025539,0.0530012429882365,0.9979223734752053,-2.1823034257574996,3.1606597032186903,3.525932524186276,3.5264770557547127,3.4518806878862103
05/17/2023 16:16:27.018190,4788,True,True,True,True,Eyes,1.108088,-0.2528357,-3.472368,-0.09513495,0.4276061,0.8989452,0.0,0.0,0.0,0.0,0.0,0.0,0.0,-0.8077008,-1.138696,3.389701,1.103362,-0.2551346,-3.486629,-0.1905978,-0.03839175,-0.02930759,0.9804794,337.9136,356.0325,357.3503,0.3035231,-0.06948483,-0.9502867,0,0,0,1.029534,0.2689048,-2.516857,-0.01208845,0.1194676,1.098229,0.9953343,-0.04283621,0.08645656,0.07210574,0.9256271,-0.3715041,-0.06411272,0.3760047,0.9243971,static,-2.025361242514781,3.153808022688369,-0.6306418749068732,6.208340181699405,-0.073828,0.5240393999999999,0.9697720000000003,-0.03528840216556964,0.05498227894923935,0.9978636107935297,-2.1062002312735353,3.2753414335135678,3.3573392682078023,3.3578875539263104,3.283253587510896
05/17/2023 16:16:27.028599,4789,True,True,True,True,Eyes,1.108098,-0.2527524,-3.47255,-0.09396068,0.4300451,0.8979046,0.0,0.0,0.0,0.0,0.0,0.0,0.0,-0.8060632,-1.142762,3.388976,1.103353,-0.2549439,-3.486892,-0.1911452,-0.03860264,-0.02931369,0.9803643,337.8491,356.0078,357.3564,0.303499,-0.06945644,-0.9502965,0,0,0,1.029534,0.2689048,-2.516857,-0.01155845,0.117979,1.098536,0.9953011,-0.04271876,0.08689564,0.0722336,0.9252084,-0.3725207,-0.06448296,0.377047,0.9239467,static,-1.9438779481621067,3.2468973722434766,-0.6028259119434314,6.129874955877198,-0.07381900000000008,0.5238487000000001,0.9700350000000002,-0.03386617452473848,0.056606236135749166,0.9978220704989622,-2.02535917838476,3.3692525276896235,3.1790559924359063,3.1796195230846074,3.1055816017526405
05/17/2023 16:16:27.048419,4790,True,True,True,True,Eyes,1.108104,-0.2526712,-3.472728,-0.09283002,0.4324338,0.8968743,0.0,0.0,0.0,0.0,0.0,0.0,0.0,-0.8051566,-1.147523,3.387772,1.103415,-0.2549421,-3.487056,-0.1917836,-0.03869932,-0.02947755,0.9802308,337.7737,356.0007,357.3409,0.3034762,-0.06942828,-0.9503058,0,0,0,1.029534,0.2689048,-2.516857,-0.01145165,0.116469,1.098847,0.9952669,-0.04294581,0.08717515,0.07263339,0.9247003,-0.3737029,-0.0645619,0.3782659,0.9234428,static,-1.881468103660879,3.3247761716848316,-0.5970871844002846,6.050305206491563,-0.07388100000000009,0.5238469,0.970199,-0.03277670823172486,0.05796456665612004,0.9977803918728763,-1.9634881606652268,3.447840352354583,3.0124388966600213,3.0129956630130095,2.93936641896787
05/17/2023 16:16:27.068361,4791,True,True,True,True,Eyes,1.108131,-0.2525921,-3.47291,-0.09169403,0.4348501,0.8958222,0.0,0.0,0.0,0.0,0.0,0.0,0.0,-0.8047593,-1.152402,3.386297,1.103347,-0.2549256,-3.487164,-0.1924675,-0.03871685,-0.02955531,0.9800938,337.6935,356.0013,357.3341,0.3034545,-0.0694004,-0.9503148,0,0,0,1.029534,0.2689048,-2.516857,-0.01132583,0.1148804,1.099097,0.9952549,-0.04303047,0.08726916,0.07283742,0.9241655,-0.3749838,-0.0645154,0.379561,0.9229146,static,-1.825128080473338,3.3999719918268423,-0.5903931055088923,5.967032959083942,-0.07381300000000013,0.5238304,0.970307,-0.03179310222052359,0.059275899407736116,0.9977351276872483,-1.9076694397874583,3.5237354391599647,2.8480125706437773,2.8485737603255785,2.775773714069112
05/17/2023 16:16:27.078526,4792,True,True,True,True,Eyes,1.108157,-0.252506,-3.473094,-0.0905998,0.4372308,0.8947743,0.0,0.0,0.0,0.0,0.0,0.0,0.0,-0.8046135,-1.152571,3.386593,1.103496,-0.254918,-3.487427,-0.1925247,-0.03877886,-0.02937003,0.9800857,337.6874,355.9894,357.3583,0.3034343,-0.06937282,-0.9503232,0,0,0,1.029534,0.2689048,-2.516857,-0.0111954,0.1146607,1.099361,0.9952672,-0.04263851,0.08732212,0.07250206,0.9241433,-0.3751035,-0.06470429,0.3796593,0.9228609,static,-1.7615021820732286,3.5483844618204,-0.5834543862923465,5.954283640641236,-0.07396200000000008,0.5238228,0.9705699999999999,-0.03068029724287802,0.0618622797416552,0.9976131123213164,-1.8450850286039158,3.6737060507714894,2.678245205909639,2.678833228813427,2.606289703972988
05/17/2023 16:16:27.098371,4793,True,True,True,True,Eyes,1.10821,-0.2524275,-3.473272,-0.08948983,0.4396552,0.8936974,0.0,0.0,0.0,0.0,0.0,0.0,0.0,-0.8046055,-1.158824,3.384681,1.103519,-0.254678,-3.487652,-0.1934037,-0.0387621,-0.02933581,0.9799144,337.585,355.9917,357.365,0.3034153,-0.0693453,-0.9503313,0,0,0,1.029534,0.2689048,-2.516857,-0.01112381,0.1123893,1.099681,0.9952738,-0.04249969,0.08731438,0.07248662,0.9234688,-0.3767639,-0.06461976,0.3813123,0.922185,static,-1.7064212451016791,3.602611315952437,-0.5795550054857566,5.83546651312573,-0.07398499999999997,0.5235828,0.9707950000000003,-0.029719475098371015,0.06280825485752098,0.9975831009238575,-1.7903761957406528,3.728383096337673,2.5005017455138177,2.501093731456283,2.430203382450431
05/17/2023 16:16:27.118000,4794,True,True,True,True,Eyes,1.108257,-0.2523519,-3.473447,-0.08839449,0.4419989,0.8926497,0.0,0.0,0.0,0.0,0.0,0.0,0.0,-0.8058832,-1.163931,3.382745,1.103607,-0.2548033,-3.487732,-0.1940919,-0.03853932,-0.02961043,0.9797788,337.5042,356.0263,357.3285,0.3033982,-0.06931806,-0.9503388,0,0,0,1.029534,0.2689048,-2.516857,-0.01179544,0.1108845,1.099964,0.9952759,-0.043063,0.0870143,0.07298369,0.9229031,-0.378052,-0.06402571,0.3826166,0.9216861,static,-1.6846065641860974,3.6711893684030774,-0.6143864945503966,5.756391489277143,-0.07407300000000006,0.5237081,0.9708749999999999,-0.029337422788954737,0.0640029501004454,0.9975184401183781,-1.7690447722152738,3.7977095156995992,2.3432473804578255,2.343808627501133,2.2736910106251558
05/17/2023 16:16:27.128895,4795,True,True,True,True,Eyes,1.108343,-0.2522797,-3.473619,-0.08729447,0.4443025,0.8916137,0.0,0.0,0.0,0.0,0.0,0.0,0.0,-0.8077382,-1.166073,3.38164,1.103507,-0.2547982,-3.487838,-0.1943551,-0.0382296,-0.02980073,0.9797329,337.4735,356.0689,357.2987,0.3033826,-0.06929113,-0.9503458,0,0,0,1.029534,0.2689048,-2.516857,-0.01244039,0.1102214,1.100107,0.9953008,-0.04353328,0.08649343,0.07325375,0.922676,-0.3785536,-0.06332573,0.3831106,0.9215292,static,-1.6716195723653962,3.787546290081199,-0.6478928519026557,5.721457959745874,-0.07397300000000007,0.523703,0.9709810000000001,-0.02910746687620483,0.0660290301662759,0.9973930762612464,-1.7568840924293927,3.9154261039985117,2.1875888194330706,2.188156928617006,2.1193425007627464
05/17/2023 16:16:27.148154,4796,True,True,True,True,Eyes,1.108425,-0.2522082,-3.473793,-0.0862411,0.4465291,0.8906032,0.0,0.0,0.0,0.0,0.0,0.0,0.0,-0.8088984,-1.168821,3.380548,1.103431,-0.2547942,-3.487991,-0.1947713,-0.03805212,-0.02973507,0.9796591,337.4257,356.0895,357.3037,0.3033694,-0.06926457,-0.9503519,0,0,0,1.029534,0.2689048,-2.516857,-0.01264772,0.109233,1.100332,0.9953357,-0.04343755,0.0861393,0.07308339,0.92236,-0.379356,-0.06297315,0.383882,0.9212323,static,-1.6380019818406424,3.883595487126183,-0.6585549309697729,5.669335224181328,-0.0738970000000001,0.523699,0.9711340000000002,-0.02851904602341808,0.06770208310966636,0.9972978072184789,-1.723942531729278,4.012511983545626,2.0361184025707457,2.0367088485980074,1.9698004951168744
05/17/2023 16:16:27.168303,4797,True,True,True,True,Eyes,1.108523,-0.2521453,-3.473962,-0.0851908,0.4486458,0.88964,0.0,0.0,0.0,0.0,0.0,0.0,0.0,-0.8089551,-1.170377,3.380198,1.103377,-0.2547489,-3.488208,-0.1950272,-0.03805035,-0.02956915,0.9796134,337.3964,356.086,357.3247,0.3033583,-0.06923836,-0.9503574,0,0,0,1.029534,0.2689048,-2.516857,-0.01244843,0.1085596,1.100567,0.9953557,-0.04309096,0.08608282,0.07277436,0.9221801,-0.3798522,-0.06301567,0.3843527,0.9210331,static,-1.582249881573294,3.9925771666604226,-0.6480405883465883,5.63341508493388,-0.0738430000000001,0.5236537,0.9713510000000003,-0.02754499704070519,0.06960081180269151,0.9971944925623657,-1.6689528198542967,4.122604039014768,1.8875115276500083,1.8881462013295245,1.8234066471616386
05/17/2023 16:16:27.177932,4798,True,True,True,True,Eyes,1.108615,-0.2520792,-3.474129,-0.08417626,0.4506805,0.8887078,0.0,0.0,0.0,0.0,0.0,0.0,0.0,-0.8092685,-1.171381,3.3799,1.103459,-0.254893,-3.488292,-0.1952307,-0.03803372,-0.02941613,0.9795781,337.3733,356.0846,357.3435,0.3033493,-0.0692127,-0.9503621,0,0,0,1.029534,0.2689048,-2.516857,-0.01244819,0.1082164,1.100749,0.9953762,-0.04278008,0.08599986,0.07248148,0.9220393,-0.3802498,-0.06302814,0.384725,0.9208769,static,-1.5303713147803941,4.10235140844652,-0.6479209583857137,5.6147970601566515,-0.07392500000000002,0.5237978,0.971435,-0.026638465486332627,0.07151299638223593,0.9970839448680562,-1.6178433195361221,4.2335127439743685,1.7504038745482378,1.7510598164762914,1.6878079715390435
05/17/2023 16:16:27.198422,4799,True,True,True,True,Eyes,1.108713,-0.2520162,-3.47429,-0.08313926,0.452576,0.8878416,0.0,0.0,0.0,0.0,0.0,0.0,0.0,-0.8094746,-1.17214,3.37968,1.103404,-0.25475,-3.488409,-0.1952993,-0.03798369,-0.02948301,0.9795644,337.3652,356.0924,357.3344,0.3033423,-0.06918745,-0.9503663,0,0,0,1.029534,0.2689048,-2.516857,-0.01252013,0.1078796,1.100813,0.995376,-0.04292462,0.08593096,0.07259738,0.9219779,-0.3803768,-0.0628989,0.3848563,0.9208308,static,-1.4874885357155465,4.217328232893389,-0.6516271872416387,5.597110010609759,-0.0738700000000001,0.5236548,0.971552,-0.025888413149306608,0.07351516415766723,0.9969579678819913,-1.5757690903965331,4.349720660811391,1.612523835884586,1.6132147866886062,1.5524234110438897
05/17/2023 16:16:27.217924,4800,True,True,True,True,Eyes,1.108805,-0.2519507,-3.47445,-0.08214862,0.4543973,0.8870032,0.0,0.0,0.0,0.0,0.0,0.0,0.0,-0.809376,-1.172705,3.379577,1.103441,-0.2547626,-3.488464,-0.1954041,-0.03801201,-0.0293941,0.9795451,337.3532,356.0869,357.3463,0.3033372,-0.06916267,-0.9503697,0,0,0,1.029534,0.2689048,-2.516857,-0.01242703,0.1076448,1.100894,0.9953821,-0.04273027,0.08595639,0.07244108,0.9219064,-0.3805795,-0.06298149,0.3850489,0.9207447,static,-1.4333105304170106,4.324729358945964,-0.6467345003806816,5.584596674251213,-0.07390699999999994,0.5236674,0.9716070000000001,-0.024942201866931128,0.07538565268453767,0.9968424493172379,-1.5223426194423935,4.458218923719119,1.4845320481249582,1.4852499800377608,1.426680207706173
05/17/2023 16:16:27.228562,4801,True,True,True,True,Eyes,1.108866,-0.2518919,-3.474605,-0.08126792,0.4559461,0.8862893,0.0,0.0,0.0,0.0,0.0,0.0,0.0,-0.8087713,-1.173228,3.379637,1.103398,-0.2546404,-3.48858,-0.1954544,-0.03808692,-0.02940083,0.9795318,337.3471,356.078,357.3474,0.3033336,-0.06913825,-0.9503726,0,0,0,1.029534,0.2689048,-2.516857,-0.01221003,0.1073808,1.100963,0.9953699,-0.04270959,0.08610774,0.07248661,0.9218664,-0.380668,-0.06312165,0.3851472,0.9206939,static,-1.3821222217067168,4.420215558463862,-0.6354023768855751,5.570639707005449,-0.07386400000000015,0.5235452,0.9717229999999999,-0.0240485433676806,0.07704852373409851,0.996737295767102,-1.4718216706327187,4.554669241629189,1.3707609409093422,1.3715196856762013,1.3159761477585086
05/17/2023 16:16:27.248564,4802,True,True,True,True,Eyes,1.108921,-0.2518348,-3.474754,-0.08042537,0.4574329,0.8855997,0.0,0.0,0.0,0.0,0.0,0.0,0.0,-0.8085976,-1.173387,3.379645,1.103428,-0.2547634,-3.488583,-0.1954955,-0.03811662,-0.02939186,0.9795228,337.3423,356.0742,357.3494,0.3033307,-0.06911436,-0.9503753,0,0,0,1.029534,0.2689048,-2.516857,-0.01217298,0.1074013,1.101025,0.9953665,-0.04267673,0.08616414,0.07248323,0.9218353,-0.3807438,-0.06318025,0.3852251,0.9206573,static,-1.3373962768144898,4.5128633875885855,-0.633438806479645,5.571384728362902,-0.07389400000000013,0.5236681999999999,0.9717260000000003,-0.023267526563827405,0.07866160577554487,0.9966297711620656,-1.4277445570588791,4.64827101879821,1.2704561663186982,1.271229148861404,1.217809733164227
05/17/2023 16:16:27.268050,4803,True,True,True,True,Eyes,1.108943,-0.251781,-3.474899,-0.07969183,0.4587157,0.8850023,0.0,0.0,0.0,0.0,0.0,0.0,0.0,-0.8080233,-1.17364,3.37967,1.103349,-0.2547465,-3.488585,-0.1955144,-0.03817824,-0.02944647,0.979515,337.3397,356.0681,357.3443,0.3033284,-0.069091,-0.9503778,0,0,0,1.029534,0.2689048,-2.516857,-0.01199592,0.1073441,1.101022,0.9953507,-0.04275772,0.08630672,0.0726153,0.9218141,-0.3807701,-0.0632779,0.385267,0.9206331,static,-1.2964835037671727,4.594412783543575,-0.624227665748925,5.568451240357898,-0.07381499999999996,0.5236513,0.9717280000000001,-0.022553307218405816,0.08008134628973027,0.9965331296602564,-1.3874024815505133,4.730654307799027,1.182694317412186,1.1835027786629162,1.1332870332262879
05/17/2023 16:16:27.278349,4804,True,True,True,True,Eyes,1.10896,-0.2517274,-3.475039,-0.07900105,0.4599249,0.8844365,0.0,0.0,0.0,0.0,0.0,0.0,0.0,-0.8068693,-1.171428,3.380705,1.103317,-0.2547827,-3.488585,-0.1951692,-0.03833363,-0.0295295,0.9795753,337.3792,356.0507,357.3369,0.3033257,-0.06906824,-0.9503803,0,0,0,1.029534,0.2689048,-2.516857,-0.01172002,0.1081505,1.10096,0.995317,-0.04288964,0.08662786,0.07281583,0.922074,-0.3801019,-0.06357485,0.3846298,0.920879,static,-1.2499513201962493,4.713640063678596,-0.6099061891782466,5.610331105837626,-0.07378300000000015,0.5236875,0.9717280000000001,-0.021740292268483417,0.08215634780949602,0.9963823042788587,-1.3417081914645126,4.851150467278412,1.1008294615551923,1.1016862506304146,1.054461669532546
05/17/2023 16:16:27.298098,4805,True,True,True,True,Eyes,1.10894,-0.2516703,-3.475178,-0.07843151,0.4609971,0.8839289,0.0,0.0,0.0,0.0,0.0,0.0,0.0,-0.8058106,-1.169404,3.381669,1.103201,-0.2547307,-3.488636,-0.1948779,-0.03848143,-0.02946735,0.9796295,337.4131,356.0309,357.347,0.3033226,-0.06904604,-0.9503828,0,0,0,1.029534,0.2689048,-2.516857,-0.01127064,0.1087589,1.100917,0.9953017,-0.04273581,0.08688014,0.07273252,0.9223086,-0.3795482,-0.06391,0.384084,0.9210836,static,-1.2057403077331594,4.818633288080501,-0.586545167246097,5.641907882321712,-0.07366700000000015,0.5236354999999999,0.9717790000000002,-0.020968246127517735,0.08398344747200681,0.9962465766212464,-1.2982341829847284,4.95724898256746,1.0292022015918485,1.0301376993032652,0.9875520564181541
05/17/2023 16:16:27.318028,4806,True,True,True,True,Eyes,1.108921,-0.2516017,-3.475318,-0.07789781,0.4620114,0.8834463,0.0,0.0,0.0,0.0,0.0,0.0,0.0,-0.805005,-1.170517,3.382722,1.104492,-0.2562879,-3.489322,-0.1951956,-0.03877113,-0.0294535,0.979555,337.3753,355.9956,357.3568,0.3033183,-0.06902426,-0.9503858,0,0,0,1.029534,0.2689048,-2.516857,-0.01191169,0.1091417,1.102306,0.9952586,-0.04256674,0.0874553,0.07283855,0.9220623,-0.3801257,-0.06445852,0.3846935,0.9207909,static,-1.1462376961399587,4.848737328384027,-0.6191230023958684,5.654549098687364,-0.07495800000000008,0.5251927000000001,0.9724650000000001,-0.019932726606708806,0.08450866194009823,0.996223338405381,-1.2389304818526616,4.987494710568345,0.9622259108215145,0.9629031672605112,0.9105618421059726
05/17/2023 16:16:27.333043,4807,True,True,True,True,Eyes,1.108946,-0.2516028,-3.475472,-0.07743844,0.4629334,0.883004,0.0,0.0,0.0,0.0,0.0,0.0,0.0,-0.8036476,-1.169391,3.383657,1.104483,-0.2559116,-3.489568,-0.1949614,-0.03896138,-0.02945492,0.9795941,337.4021,355.9722,357.3605,0.3033129,-0.06900255,-0.9503891,0,0,0,1.029534,0.2689048,-2.516857,-0.01148365,0.1092355,1.102339,0.9952288,-0.0425158,0.08781781,0.07289966,0.9222449,-0.3796708,-0.06484752,0.3842612,0.9209442,static,-1.1046719462463779,4.9368533877696175,-0.5968589318678952,5.659208950607168,-0.07494900000000015,0.5248164,0.9727109999999999,-0.0192074735312905,0.08604189632901652,0.996106406905329,-1.1979820840296764,5.076521695671455,0.8822407102046775,0.8829901566464459,0.8371818686100602
05/17/2023 16:16:27.348288,4808,True,True,True,True,Eyes,1.108966,-0.2516034,-3.475616,-0.07700558,0.4637989,0.8825876,0.0,0.0,0.0,0.0,0.0,0.0,0.0,-0.8032149,-1.169141,3.383575,1.104357,-0.2559376,-3.489344,-0.1949558,-0.03901516,-0.02940049,0.9795946,337.4028,355.9643,357.3684,0.3033074,-0.06898276,-0.9503923,0,0,0,1.029534,0.2689048,-2.516857,-0.01122993,0.1093754,1.102134,0.9952269,-0.04238866,0.08790168,0.07281359,0.9222556,-0.3796612,-0.06497449,0.3842494,0.9209401,static,-1.0765492514563546,4.9947866460070625,-0.5837813981884062,5.667456777944267,-0.07482300000000008,0.5248424,0.9724870000000001,-0.018716903964921573,0.08704985323283415,0.9960281879666942,-1.1702650663186798,5.135050882412267,0.8330630140276669,0.8338496648765401,0.7920979299182463
05/17/2023 16:16:27.368125,4809,True,True,True,True,Eyes,1.108983,-0.2516005,-3.475747,-0.07671422,0.4645851,0.8821993,1.089815,1.025379,0.2547116,-2.514313,-0.2768787,-0.9458214,0.1695876,-0.01426469,0.09563634,1.099154,1.104257,-0.2559199,-3.48926,-0.1946922,-0.03910569,-0.02937817,0.9796442,337.4335,355.9525,357.3725,0.3033019,-0.06896469,-0.9503954,0,0,0,1.029534,0.2689048,-2.516857,-0.01095458,0.1099964,1.101985,0.9952154,-0.04233315,0.08805871,0.07278743,0.9224637,-0.3791604,-0.06517991,0.3837558,0.9211314,static,-1.054380020449055,5.077256017879835,-0.5695454357000216,5.700189151230501,-0.0747230000000001,0.5248246999999999,0.9724029999999999,-0.018329186603810645,0.08848403640306629,0.9959089355121642,-1.1486780591471135,5.218435420682538,0.7885127717563284,0.7893733357511176,0.7533135153689933
05/17/2023 16:16:27.377899,4810,True,True,True,True,Eyes,1.108994,-0.2515953,-3.475871,-0.0764634,0.4653271,0.8818299,1.087326,1.025853,0.2543668,-2.517035,-0.2454178,-0.9693453,-0.01182737,-0.01335771,0.09687844,1.096243,1.104119,-0.2558136,-3.489096,-0.1944739,-0.03931204,-0.02918892,0.979685,337.4592,355.9225,357.3997,0.3032963,-0.0689481,-0.9503984,0,0,0,1.029534,0.2689048,-2.516857,-0.01028813,0.1104916,1.101738,0.9952052,-0.04190155,0.08837979,0.07248222,0.9226558,-0.3787514,-0.06567387,0.3833413,0.9212689,static,-1.0159304048999511,5.152925476175852,-0.5350176676889069,5.72695619315731,-0.07458500000000012,0.5247184,0.9722390000000001,-0.017658766293394045,0.08980031812090697,0.99580319587073,-1.110757863298788,5.2948768245258275,0.7478961558549657,0.7488580138117408,0.7198398110954164
05/17/2023 16:16:27.398067,4811,True,True,True,True,Eyes,1.10901,-0.2515939,-3.475984,-0.07632555,0.4660083,0.8814821,1.085857,1.026132,0.2544246,-2.51882,-0.2267492,-0.9651281,-0.130815,-0.01234312,0.09800881,1.0945,1.103986,-0.2557511,-3.489051,-0.1943035,-0.03963942,-0.02904189,0.97971,337.4789,355.8789,357.425,0.3032905,-0.06893281,-0.9504014,0,0,0,1.029534,0.2689048,-2.516857,-0.009383954,0.1108745,1.101629,0.9951706,-0.0415011,0.08895615,0.07230943,0.9228055,-0.3784198,-0.06638438,0.3830246,0.9213498,static,-0.971428668447494,5.218765831440658,-0.48804811381368857,5.747234701613514,-0.07445199999999996,0.5246559,0.972194,-0.01688355733440821,0.09094578869929582,0.9957127230691095,-1.0667138508063008,5.361347516775335,0.715102310338855,0.7161955789725736,0.6955306999633718
05/17/2023 16:16:27.417982,4812,True,True,True,True,Eyes,1.109023,-0.251587,-3.476088,-0.07621804,0.4666583,0.8811475,1.084793,1.026342,0.2546407,-2.520226,-0.2127521,-0.9509551,-0.2245461,-0.0115338,0.09940648,1.093137,1.103953,-0.2558159,-3.488923,-0.1940777,-0.03992603,-0.02882961,0.9797493,337.5054,355.8386,357.4569,0.3032848,-0.0689188,-0.9504042,0,0,0,1.029534,0.2689048,-2.516857,-0.00864163,0.1115289,1.101485,0.9951495,-0.04099409,0.08942536,0.07198909,0.9230055,-0.3779928,-0.06704463,0.382597,0.9214795,static,-0.9311442507773823,5.289371736227852,-0.4495011452274563,5.781677408645778,-0.07441900000000001,0.5247207,0.9720660000000003,-0.0161816374149356,0.0921738141814358,0.9956114794067008,-1.0269222580269102,5.432657217187152,0.68752841925278,0.6887270549489422,0.6747075185236753
05/17/2023 16:16:27.428455,4813,True,True,True,True,Eyes,1.109028,-0.2515858,-3.476179,-0.0761653,0.467254,0.8808363,1.084005,1.026465,0.2549197,-2.521348,-0.2045275,-0.9319922,-0.2992639,-0.01077572,0.1001506,1.092054,1.103878,-0.2556759,-3.488833,-0.1940224,-0.04022988,-0.02876352,0.9797498,337.5113,355.8,357.4721,0.3032793,-0.06890581,-0.9504069,0,0,0,1.029534,0.2689048,-2.516857,-0.00788758,0.1115835,1.101334,0.9951085,-0.0407511,0.08999198,0.0719731,0.9230559,-0.3778725,-0.06766891,0.3825011,0.9214737,static,-0.8957635367507988,5.335483214503345,-0.41033629952360434,5.785276404146346,-0.07434399999999997,0.5245807,0.9719760000000002,-0.015565668186186113,0.09297595720451957,0.9955466951346885,-0.9918609958743294,5.479194385585495,0.6604476794785742,0.6617805649089824,0.6571584090248623
05/17/2023 16:16:27.448146,4814,True,True,True,True,Eyes,1.10903,-0.2515854,-3.47626,-0.07612326,0.4677905,0.880555,1.083418,1.026557,0.2552274,-2.522251,-0.198429,-0.9117945,-0.3595228,-0.01036743,0.1012818,1.091122,1.103838,-0.2557966,-3.488581,-0.1938973,-0.04041349,-0.02872572,0.9797681,337.5256,355.7766,357.4807,0.3032736,-0.06889392,-0.9504095,0,0,0,1.029534,0.2689048,-2.516857,-0.007473923,0.1120856,1.101118,0.9950832,-0.04061696,0.09033138,0.07196122,0.9231573,-0.377627,-0.06805201,0.3822705,0.9215412,static,-0.8752198880430989,5.385473605024959,-0.38889353204599286,5.812263182045178,-0.07430400000000015,0.5247014,0.971724,-0.015207462386744468,0.09384503966841187,0.9954705682468302,-0.9716683908362737,5.5297129333435215,0.6456240948414701,0.6470414728520275,0.6476582270606925
05/17/2023 16:16:27.457972,4815,True,True,True,True,Eyes,1.109032,-0.2515852,-3.47633,-0.07609203,0.4682546,0.8803111,1.082969,1.026627,0.2555201,-2.52298,-0.1937653,-0.8921402,-0.4080943,-0.01017397,0.1029893,1.09034,1.10378,-0.2558079,-3.488455,-0.1934015,-0.0405359,-0.02881827,0.9798583,337.5828,355.7635,357.4706,0.303268,-0.06888306,-0.9504121,0,0,0,1.029534,0.2689048,-2.516857,-0.007272743,0.1132539,1.10089,0.9950527,-0.04079624,0.09058588,0.07215505,0.9235308,-0.3766757,-0.06829189,0.3813484,0.9219054,static,-0.8677137558812487,5.472966293960249,-0.37850413542616346,5.873632531459763,-0.07424600000000003,0.5247127,0.9715980000000002,-0.015074862563433301,0.09536524910522642,0.9953281961321516,-0.9647841890800959,5.618236455499247,0.6308075000989355,0.6323444366939792,0.6394931250048649
05/17/2023 16:16:27.477903,4816,True,True,True,True,Eyes,1.109033,-0.251583,-3.476393,-0.07604963,0.4686763,0.8800904,1.082605,1.026701,0.255808,-2.523603,-0.1887908,-0.8730224,-0.4496555,-0.01030802,0.1050826,1.089541,1.103822,-0.255781,-3.488267,-0.1926989,-0.04056155,-0.02893976,0.979992,337.6642,355.7625,357.454,0.3032624,-0.06887316,-0.9504146,0,0,0,1.029534,0.2689048,-2.516857,-0.007416561,0.1148579,1.100547,0.9950345,-0.04108914,0.09065331,0.0723538,0.9240592,-0.375339,-0.06834666,0.3800344,0.9224438,static,-0.8719913867108022,5.581468202766755,-0.3861090996542441,5.958069092547776,-0.07428800000000013,0.5246858,0.9714100000000001,-0.015146398404802627,0.0972498467571831,0.9951448067985152,-0.9698366911039535,5.728067566689476,0.6131118733348988,0.614743708433985,0.6274062503010509
05/17/2023 16:16:27.497937,4817,True,True,True,True,Eyes,1.109038,-0.2515838,-3.476447,-0.07599995,0.4690703,0.8798847,1.082302,1.026783,0.256092,-2.524146,-0.1834047,-0.8544738,-0.4860425,-0.01068328,0.1062555,1.088943,1.103813,-0.255722,-3.488155,-0.1923706,-0.040407,-0.02900997,0.9800609,337.7026,355.7827,357.4406,0.3032568,-0.06886407,-0.950417,0,0,0,1.029534,0.2689048,-2.516857,-0.007817596,0.1155664,1.100342,0.9950514,-0.04131683,0.09036395,0.07240929,0.9243039,-0.3747253,-0.0680413,0.3794141,0.9227216,static,-0.8921293492389063,5.644574831595994,-0.4070622774888643,5.995663272940826,-0.07427899999999998,0.5246268000000001,0.971298,-0.015494487760236243,0.09834532847393276,0.9950317287667687,-0.9904300085627646,5.792013330035278,0.5970807109630014,0.5987930842470575,0.6178925544977406
05/17/2023 16:16:27.508471,4818,True,True,True,True,Eyes,1.10904,-0.2515903,-3.476487,-0.07593071,0.4694207,0.8797037,1.082042,1.02688,0.2563427,-2.524611,-0.1769498,-0.8375329,-0.5169406,-0.01125962,0.1071561,1.088443,1.103834,-0.25577,-3.488009,-0.1921803,-0.04019134,-0.02919337,0.9801016,337.7246,355.813,357.4124,0.3032516,-0.06885581,-0.9504193,0,0,0,1.029534,0.2689048,-2.516857,-0.008445695,0.116059,1.100181,0.9950648,-0.04177696,0.09000397,0.0726729,0.924429,-0.3743658,-0.06756241,0.379059,0.9229028,static,-0.9207381302740048,5.6879046764399925,-0.4398305127033299,6.021906994836226,-0.07430000000000003,0.5246748,0.971152,-0.01599012291178479,0.09909701026866002,0.9949492271610462,-1.0193553585500035,5.835974649633993,0.583774604995153,0.585516596973614,0.6086212976441205
05/17/2023 16:16:27.528467,4819,True,True,True,True,Eyes,1.10906,-0.2515962,-3.47652,-0.075871,0.4697092,0.8795549,1.081838,1.02698,0.2565533,-2.524984,-0.1701852,-0.8232154,-0.5416212,-0.01179554,0.1085606,1.087865,1.103737,-0.2559045,-3.487725,-0.1917993,-0.03990792,-0.02924387,0.9801863,337.7696,355.8483,357.3982,0.3032466,-0.06884848,-0.9504215,0,0,0,1.029534,0.2689048,-2.516857,-0.009046681,0.1171311,1.09987,0.9951043,-0.04202026,0.0894523,0.07263751,0.9247156,-0.373664,-0.06701649,0.3783323,0.9232407,static,-0.9535816987535626,5.7502343992008145,-0.47126019541378533,6.078825741088473,-0.07420300000000002,0.5248093,0.9708680000000003,-0.01655865210193469,0.1001783934973842,0.9948316761324504,-1.052652107950563,5.8991816488086135,0.5818264087256979,0.5836148580592128,0.6085133982536679
05/17/2023 16:16:27.548087,4820,True,True,True,True,Eyes,1.10908,-0.2515948,-3.476547,-0.07580978,0.4699808,0.8794152,1.081655,1.02708,0.2567625,-2.525323,-0.1635284,-0.8092777,-0.5642056,-0.01187897,0.1104877,1.087335,1.103686,-0.2558517,-3.487613,-0.1910819,-0.03979842,-0.02907727,0.980336,337.8543,355.8568,357.4133,0.3032423,-0.06884198,-0.9504233,0,0,0,1.029534,0.2689048,-2.516857,-0.009190373,0.1187481,1.099568,0.9951412,-0.04180147,0.0891439,0.07222049,0.9252845,-0.3723343,-0.06691936,0.3769632,0.9238076,static,-0.9614832738175445,5.852544862651948,-0.478876543967956,6.163782341234158,-0.074152,0.5247565000000001,0.9707560000000002,-0.016692821884735663,0.10195444145006788,0.9946490892115959,-1.0612853625136567,6.00275994067624,0.5723660589180192,0.574263026643998,0.6042584260076423
05/17/2023 16:16:27.568216,4821,True,True,True,True,Eyes,1.109163,-0.2515976,-3.476563,-0.07577229,0.470237,0.8792813,1.081493,1.027216,0.2569602,-2.525627,-0.1545227,-0.7964029,-0.5846922,-0.0119012,0.1108262,1.086931,1.103688,-0.2556704,-3.487503,-0.1910033,-0.03977846,-0.02918721,0.9803487,337.863,355.8618,357.3992,0.3032388,-0.06883603,-0.9504248,0,0,0,1.029534,0.2689048,-2.516857,-0.009315297,0.1187831,1.099379,0.9951316,-0.04203165,0.08914323,0.07242293,0.9253317,-0.3721777,-0.06684382,0.3768218,0.9238707,static,-0.9669093907525682,5.8775727519115675,-0.4854690060952327,6.166636865673789,-0.07415400000000005,0.5245752,0.9706459999999999,-0.01678626349025855,0.10238873843103505,0.9946027590103854,-1.066891393392551,6.028111046427546,0.5595940707938478,0.5615540097302678,0.5976967417079966
05/17/2023 16:16:27.578514,4822,True,True,True,True,Eyes,1.109239,-0.2516001,-3.476573,-0.07572722,0.4704582,0.8791669,1.081348,1.027351,0.257129,-2.525888,-0.1454815,-0.7850934,-0.6020494,-0.01244561,0.1117156,1.086587,1.103791,-0.2557059,-3.487378,-0.1907279,-0.03965584,-0.02958786,0.9803953,337.8938,355.8858,357.3467,0.3032375,-0.06883067,-0.9504256,0,0,0,1.029534,0.2689048,-2.516857,-0.009975024,0.1194177,1.099218,0.995104,-0.04288864,0.08904325,0.07314255,0.9254948,-0.3716309,-0.06647033,0.3763242,0.9241006,static,-0.9936952982135882,5.9210307755713805,-0.5199251542719259,6.200227268253349,-0.07425700000000002,0.5246107,0.9705210000000002,-0.017249891325703426,0.10314229123834476,0.9945170068224748,-1.0939943009149928,6.072195274937485,0.5479592938261738,0.5499171126782799,0.5881730837431551
05/17/2023 16:16:27.598224,4823,True,True,True,True,Eyes,1.109363,-0.2516095,-3.476572,-0.07573126,0.4706538,0.8790619,1.081228,1.02748,0.2572745,-2.526106,-0.1368728,-0.7753384,-0.6165356,-0.01255277,0.1127318,1.086222,1.103683,-0.2556925,-3.487252,-0.1903767,-0.03958397,-0.02978626,0.9804605,337.9342,355.8988,357.3198,0.3032382,-0.06882586,-0.9504257,0,0,0,1.029534,0.2689048,-2.516857,-0.01019093,0.1202186,1.099004,0.9950918,-0.04333677,0.08896225,0.07348023,0.925739,-0.3709556,-0.0662798,0.3756718,0.9243796,static,-1.011244856712554,5.973070971779513,-0.5312815453456319,6.242689047797623,-0.07414900000000002,0.5245972999999999,0.9703949999999999,-0.0175528500343919,0.10404499673237647,0.9944177106919748,-1.1119196127502486,6.124930983071633,0.5484575040415758,0.5505076631383151,0.5924588822250695
05/17/2023 16:16:27.618288,4824,True,True,True,True,Eyes,1.109479,-0.2516215,-3.476566,-0.07574449,0.4707873,0.8789892,1.081149,1.027588,0.2573698,-2.526248,-0.1297333,-0.7689609,-0.625994,-0.01242887,0.1136174,1.085937,1.103635,-0.2558094,-3.487073,-0.1901215,-0.03961349,-0.02983492,0.9805074,337.9637,355.8961,357.3137,0.3032419,-0.06882171,-0.9504248,0,0,0,1.029534,0.2689048,-2.516857,-0.01015741,0.1209622,1.098818,0.9950813,-0.04344396,0.08902716,0.07356947,0.9259274,-0.3704673,-0.06633811,0.3751948,0.9245692,static,-1.0123554394432337,6.0111417706542225,-0.529623784745421,6.282049594263276,-0.07410099999999997,0.5247142,0.9702160000000002,-0.017570898981203384,0.10470568560438523,0.994347980454729,-1.1133019763646006,6.163466707521375,0.551461893075205,0.5535529778981251,0.5956023273962905
05/17/2023 16:16:27.628567,4825,True,True,True,True,Eyes,1.109633,-0.2516362,-3.476552,-0.07578374,0.470887,0.8789325,1.081085,1.027704,0.2574327,-2.526351,-0.1219497,-0.7646465,-0.6328065,-0.01212399,0.1154982,1.0856,1.103543,-0.2558696,-3.486967,-0.1893712,-0.03966678,-0.02971475,0.9806539,338.0515,355.8858,357.327,0.3032481,-0.06881826,-0.9504231,0,0,0,1.029534,0.2689048,-2.516857,-0.009954065,0.1227575,1.098549,0.9950871,-0.04325629,0.08905299,0.07330327,0.9265112,-0.3690578,-0.06654453,0.3737726,0.9251302,static,-1.0089464685284095,6.105886133126094,-0.5191487185993234,6.376072801360898,-0.07400899999999999,0.5247744,0.97011,-0.017508666409855586,0.10634992112790395,0.99417464383793,-1.110567733749379,6.25934500170501,0.5571673699474453,0.5593770387917435,0.602828193346634
05/17/2023 16:16:27.648381,4826,True,True,True,True,Eyes,1.10978,-0.2516514,-3.476537,-0.07582916,0.4709308,0.878905,1.081061,1.027804,0.2574537,-2.526387,-0.115292,-0.7635164,-0.6354135,-0.0119722,0.1170977,1.085306,1.103606,-0.2559011,-3.486838,-0.1887013,-0.03974634,-0.02967546,0.9807811,338.1296,355.8744,357.3313,0.3032576,-0.06881548,-0.9504203,0,0,0,1.029534,0.2689048,-2.516857,-0.009896576,0.1243347,1.098277,0.9950792,-0.04320989,0.0891645,0.07321062,0.9270224,-0.3677902,-0.0667653,0.3725082,0.9256242,static,-1.0050134179102337,6.187101781178673,-0.5162783977631304,6.45889130922309,-0.07407200000000014,0.5248059,0.9699810000000002,-0.01743775831957902,0.10775915957951093,0.9940240273914164,-1.1072127979760664,6.341528882720936,0.5569621263451514,0.5592239868539228,0.6024760613580393
05/17/2023 16:16:27.668487,4827,True,True,True,True,Eyes,1.109949,-0.2516697,-3.476521,-0.07571837,0.4709095,0.878926,1.081032,1.028095,0.2573985,-2.526374,-0.09587046,-0.7670411,-0.6343948,-0.01159444,0.1186822,1.085085,1.103601,-0.2559153,-3.48681,-0.187985,-0.03978159,-0.02956115,0.9809207,338.2135,355.8666,357.3435,0.30327,-0.06881333,-0.9504165,0,0,0,1.029534,0.2689048,-2.516857,-0.009809986,0.1259729,1.098073,0.9950871,-0.04303759,0.08915927,0.07295097,0.9275755,-0.3664448,-0.06693106,0.3711488,0.9261581,static,-0.99427927637273,6.270290618405405,-0.5118565359999875,6.544463698015675,-0.0740670000000001,0.5248201,0.9699530000000003,-0.017248798639621393,0.10920264941354765,0.9938698116595848,-1.0970690404310957,6.425684384469239,0.5526086359468395,0.5548896989598255,0.5971450415678693
05/17/2023 16:16:27.678265,4828,True,True,True,True,Eyes,1.110109,-0.2516842,-3.476504,-0.07562013,0.4708718,0.8789547,1.081015,1.028362,0.2573355,-2.52634,-0.07805659,-0.7710402,-0.6319843,-0.0114487,0.1194018,1.085019,1.103656,-0.2559819,-3.486804,-0.1876705,-0.03971273,-0.02939748,0.9809886,338.2511,355.8707,357.3606,0.3032854,-0.06881183,-0.9504117,0,0,0,1.029534,0.2689048,-2.516857,-0.009934425,0.1267517,1.098012,0.9951174,-0.04277137,0.08894954,0.072583,0.9278312,-0.3658702,-0.06688138,0.3705401,0.9264054,static,-0.9920018154248192,6.305726647464994,-0.5183778443042291,6.584931788771065,-0.07412200000000002,0.5248866999999999,0.9699469999999999,-0.01720812122404044,0.10981739379601446,0.9938028181346322,-1.0950436739435274,6.461540772399955,0.5475612351991307,0.5497955774210822,0.5897192738877338
05/17/2023 16:16:27.698227,4829,True,True,True,True,Eyes,1.110246,-0.2516961,-3.476486,-0.0754265,0.4708212,0.8789985,1.081002,1.02871,0.2572627,-2.526287,-0.05487529,-0.775907,-0.628456,-0.010844,0.1198216,1.084885,1.103584,-0.2558965,-3.486762,-0.1874277,-0.03980689,-0.02939089,0.9810313,338.2791,355.8589,357.3628,0.3033034,-0.06881082,-0.950406,0,0,0,1.029534,0.2689048,-2.516857,-0.009681821,0.1272397,1.097876,0.9951032,-0.04274495,0.08912096,0.07258862,0.928014,-0.365405,-0.06708629,0.3700849,0.9265726,static,-0.9711262344945428,6.331387942656095,-0.5052602495531917,6.610871732211597,-0.07404999999999995,0.5248013,0.9699050000000002,-0.01684519480420895,0.11026316845832007,0.9937597271813144,-1.0743455555457888,6.48743452841364,0.5410617858486917,0.5432700107218134,0.5823184942779561
05/17/2023 16:16:27.718232,4830,True,True,True,True,Eyes,1.110377,-0.2517045,-3.47647,-0.0752457,0.4707841,0.8790337,1.080998,1.029037,0.2572125,-2.526236,-0.03314593,-0.7796249,-0.6253691,-0.0104396,0.1197252,1.08485,1.10366,-0.2558677,-3.486716,-0.1874461,-0.03988376,-0.02940856,0.9810242,338.2767,355.85,357.3625,0.3033231,-0.06881018,-0.9503998,0,0,0,1.029534,0.2689048,-2.516857,-0.009607337,0.1271845,1.097834,0.9950889,-0.0427489,0.0892789,0.07265313,0.9279982,-0.3654326,-0.06722882,0.3701243,0.9265465,static,-0.9525137836622478,6.3272822879881465,-0.501392570406141,6.608279696851688,-0.07412600000000014,0.5247725,0.969859,-0.016522500292190434,0.11019253544828306,0.9937728322069206,-1.0556988957559414,6.483209534766702,0.5293717292076212,0.5314789674462067,0.5682411880238563
05/17/2023 16:16:27.728347,4831,True,True,True,True,Eyes,1.110469,-0.2517138,-3.476449,-0.07501063,0.470759,0.8790673,1.080973,1.029385,0.2571639,-2.526201,-0.009930138,-0.7824174,-0.6226752,-0.00988096,0.1192716,1.084869,1.103625,-0.2557935,-3.486737,-0.1876006,-0.03998596,-0.0295022,0.9809878,338.2581,355.8399,357.3541,0.3033442,-0.06880978,-0.950393,0,0,0,1.029534,0.2689048,-2.516857,-0.009399697,0.1267594,1.097865,0.9950615,-0.04287981,0.08952073,0.07288536,0.9278713,-0.3657083,-0.06738221,0.370427,0.9264143,static,-0.9299364393798918,6.307743356618787,-0.4905428333252926,6.586202305486811,-0.07409100000000013,0.5246983000000001,0.9698800000000003,-0.016131512388429366,0.10985434192309321,0.9938167569989916,-1.0329762358396892,6.463349639178751,0.5181679870906633,0.5201981615176557,0.5561715326968336
05/17/2023 16:16:27.748297,4832,True,True,True,True,Eyes,1.110555,-0.2517204,-3.476427,-0.07479618,0.4706973,0.8791186,1.080987,1.029702,0.2570972,-2.526112,0.01119554,-0.7870189,-0.6168272,-0.009570614,0.1191784,1.084748,1.103612,-0.2558564,-3.486522,-0.1876658,-0.04002455,-0.02964769,0.9809693,338.2497,355.8387,357.3376,0.3033656,-0.06880967,-0.9503862,0,0,0,1.029534,0.2689048,-2.516857,-0.00941743,0.1267358,1.097707,0.9950382,-0.04314448,0.08965342,0.07318944,0.9278051,-0.3658156,-0.06739797,0.3705621,0.9263591,static,-0.9175510328847953,6.295706019461741,-0.491538958340237,6.58592635333386,-0.07407800000000009,0.5247611999999999,0.969665,-0.015917050866333923,0.10964592324164174,0.9938432213604164,-1.0205017085453842,6.451120267918121,0.5135718230701294,0.5154746646059364,0.5458701968139573
05/17/2023 16:16:27.768146,4833,True,True,True,True,Eyes,1.110606,-0.2517204,-3.476408,-0.07451521,0.4706786,0.8791525,1.080976,1.030057,0.2570718,-2.526065,0.03488307,-0.7887408,-0.6137354,-0.008941978,0.1202799,1.084587,1.103558,-0.2557938,-3.486504,-0.1871536,-0.04006498,-0.02937276,0.9810737,338.3105,355.8268,357.37,0.3033873,-0.06880974,-0.9503793,0,0,0,1.029534,0.2689048,-2.516857,-0.009142205,0.1278659,1.097529,0.9950641,-0.04263707,0.08960783,0.07263029,0.9282215,-0.3648693,-0.06761897,0.3695766,0.9267367,static,-0.8899706895787304,6.356787116579557,-0.47725176052819135,6.645198052103263,-0.07402400000000009,0.5246986,0.9696470000000001,-0.015436819752331833,0.11070619986389593,0.993733274668401,-0.993349633559107,6.512837421235069,0.5016387303961306,0.5035054936406185,0.5328004796834
05/17/2023 16:16:27.778553,4834,True,True,True,True,Eyes,1.110656,-0.2517204,-3.476385,-0.0742268,0.4706683,0.8791825,1.080969,1.03042,0.2570572,-2.526016,0.05906024,-0.7897857,-0.6105328,-0.008489288,0.119023,1.084659,1.103743,-0.2556894,-3.486453,-0.1876884,-0.04012912,-0.02923193,0.9809732,338.2486,355.8164,357.3904,0.3034081,-0.06880981,-0.9503726,0,0,0,1.029534,0.2689048,-2.516857,-0.009050325,0.1266003,1.097594,0.9950703,-0.04228793,0.08970416,0.072415,0.9278371,-0.3658884,-0.06775819,0.3705806,0.9263256,static,-0.8588111024940381,6.29559392504898,-0.47242757726178,6.5796181297949765,-0.07420899999999997,0.5245942,0.9695960000000001,-0.014898151349947902,0.1096457118199877,0.9938591438102395,-0.9617454164194514,6.450787010204345,0.4778681258039632,0.4795435094467476,0.5059934832514233
05/17/2023 16:16:27.798202,4835,True,True,True,True,Eyes,1.110671,-0.2517214,-3.476365,-0.07389626,0.470637,0.879227,1.08098,1.030791,0.2570281,-2.525938,0.08377894,-0.7916251,-0.6052361,-0.008644424,0.1187734,1.084627,1.103775,-0.2556861,-3.486352,-0.1877853,-0.03997286,-0.02950441,0.9809528,338.2365,355.8418,357.3541,0.3034283,-0.06880988,-0.9503662,0,0,0,1.029534,0.2689048,-2.516857,-0.009591557,0.1263761,1.097527,0.9950633,-0.04287224,0.08950398,0.07289751,0.9277323,-0.3660584,-0.06734199,0.3707758,0.9262777,static,-0.8654893666332883,6.280864474114562,-0.5007090896510957,6.568465454389844,-0.074241,0.5245909,0.9694950000000002,-0.015014417419474596,0.10939000966569931,0.9938854831392193,-0.9683204126996817,6.435904279435496,0.46301071984631165,0.4645201549238829,0.48603787357419614
05/17/2023 16:16:27.818264,4836,True,True,True,True,Eyes,1.110682,-0.2517193,-3.476343,-0.07355531,0.4706218,0.8792638,1.080993,1.031169,0.2570197,-2.525865,0.1090196,-0.7922199,-0.6004184,-0.008799069,0.1191704,1.084646,1.103809,-0.2557422,-3.486352,-0.1876153,-0.03977148,-0.0296091,0.9809905,338.2565,355.8684,357.3362,0.303447,-0.06881,-0.9503602,0,0,0,1.029534,0.2689048,-2.516857,-0.01013656,0.126784,1.097503,0.995083,-0.04316901,0.08914111,0.07301596,0.9278476,-0.3657423,-0.06692064,0.3704527,0.9264375,static,-0.8722627116812154,6.299357685220136,-0.5291699369085353,6.589622948196103,-0.07427500000000009,0.524647,0.9694950000000002,-0.015131374744696828,0.10971061159381679,0.9938484368639526,-0.9752274291828426,6.454646659387497,0.4480429101998815,0.4494069147128516,0.4660320642987862
05/17/2023 16:16:27.828593,4837,True,True,True,True,Eyes,1.110656,-0.251719,-3.476319,-0.07319362,0.470595,0.8793083,1.081017,1.031532,0.2570024,-2.525771,0.1332173,-0.7932872,-0.5940949,-0.008958995,0.1186346,1.084636,1.103725,-0.2556679,-3.486265,-0.1878271,-0.03947179,-0.02961307,0.9809619,338.2326,355.9052,357.3294,0.3034643,-0.06881008,-0.9503548,0,0,0,1.029534,0.2689048,-2.516857,-0.01067358,0.1262666,1.09744,0.9951301,-0.04327085,0.0885649,0.07292634,0.9276881,-0.3661646,-0.06631637,0.3708401,0.9263259,static,-0.8833439968498855,6.2731719692846175,-0.5572348416203833,6.563339535644033,-0.07419100000000012,0.5245727,0.969408,-0.015324361135186884,0.10925606096740084,0.9938955295101597,-0.9861249172515666,6.4281854850249065,0.4352772551554508,0.4365139146595965,0.4496813475936928
05/17/2023 16:16:27.848260,4838,True,True,True,True,Eyes,1.110633,-0.2517166,-3.476295,-0.0728362,0.4705674,0.8793527,1.081059,1.031893,0.2569943,-2.525663,0.1572964,-0.7940901,-0.5870937,-0.009041935,0.118534,1.084624,1.103844,-0.2557552,-3.486107,-0.1879251,-0.03927664,-0.0294829,0.9809549,338.2222,355.9259,357.341,0.3034794,-0.06881021,-0.9503499,0,0,0,1.029534,0.2689048,-2.516857,-0.01112684,0.1261851,1.097355,0.9951762,-0.04308065,0.08813836,0.07260492,0.9276298,-0.3663762,-0.06597605,0.3710081,0.9262829,static,-0.8791814067233567,6.261307019432269,-0.5809415586709572,6.55964372868736,-0.0743100000000001,0.52466,0.9692500000000002,-0.015252499623279861,0.10905035548682895,0.9939191829288375,-0.9818766141648246,6.416161357499059,0.42080877174974113,0.42184333472922747,0.425835777695684
05/17/2023 16:16:27.867977,4839,True,True,True,True,Eyes,1.110614,-0.251718,-3.476272,-0.07256111,0.4705282,0.8793964,1.081107,1.032167,0.2569732,-2.525551,0.1756293,-0.7956681,-0.5797127,-0.009087548,0.1184891,1.084667,1.103892,-0.2557041,-3.486093,-0.1879058,-0.03912615,-0.02943202,0.980966,338.2251,355.9429,357.3436,0.3034926,-0.06881031,-0.9503457,0,0,0,1.029534,0.2689048,-2.516857,-0.01145867,0.126182,1.097318,0.9952058,-0.04303957,0.08782374,0.07244769,0.9276503,-0.3663554,-0.06570195,0.3709616,0.926321,static,-0.8780397132304439,6.261701939191019,-0.598285608754195,6.559703230628404,-0.07435800000000015,0.5246089,0.969236,-0.015232682669529915,0.10905723748255389,0.9939187161654595,-0.9807374344071413,6.416556784707684,0.4078173870133721,0.4087384599834686,0.4083629561125806
05/17/2023 16:16:27.878561,4840,True,True,True,True,Eyes,1.110595,-0.2517168,-3.476249,-0.07227682,0.4704823,0.8794444,1.081151,1.032453,0.2569456,-2.525437,0.1945796,-0.7970139,-0.5717582,-0.009652756,0.1189422,1.084723,1.104068,-0.2557947,-3.486079,-0.1877024,-0.03884261,-0.02954378,0.9810129,338.2491,355.9796,357.3228,0.3035042,-0.0688105,-0.950342,0,0,0,1.029534,0.2689048,-2.516857,-0.01232844,0.1266862,1.097294,0.9952368,-0.04338397,0.08730108,0.07254736,0.92779,-0.3659818,-0.06511933,0.370572,0.9265181,static,-0.8973749700713617,6.281759431586268,-0.6437088511499377,6.585827569250264,-0.0745340000000001,0.5246995,0.9692220000000002,-0.015567496082137575,0.10940461002591637,0.9938753797055101,-1.0002208458433506,6.43692938545922,0.3952345433202323,0.39598476262491306,0.3863566635850189
05/17/2023 16:16:27.898731,4841,True,True,True,True,Eyes,1.11058,-0.2517188,-3.476225,-0.07207099,0.4704467,0.8794804,1.0812,1.032657,0.2569278,-2.525331,0.208206,-0.7984407,-0.5649272,-0.01001839,0.1190773,1.084731,1.104074,-0.255729,-3.486063,-0.1875856,-0.03861738,-0.02968887,0.9810398,338.2627,356.0102,357.2996,0.3035144,-0.06881069,-0.9503387,0,0,0,1.029534,0.2689048,-2.516857,-0.01291449,0.1268635,1.097221,0.9952546,-0.04376381,0.08690878,0.07274006,0.9278604,-0.3657649,-0.06463195,0.3703509,0.9266406,static,-0.9155788483018734,6.292101106696301,-0.6743505678502707,6.59539834332734,-0.07454000000000005,0.5246337999999999,0.9692060000000002,-0.01588295309633366,0.10958346151248494,0.9938507412526848,-1.0185032944667756,6.4474643450259315,0.3868542858176233,0.38753102719351584,0.37460054336721926
05/17/2023 16:16:27.918275,4842,True,True,True,True,Eyes,1.110564,-0.2517228,-3.476197,-0.0718478,0.4704,0.8795236,1.081257,1.032878,0.2569005,-2.525206,0.2229567,-0.8003006,-0.5566051,-0.01060493,0.1192366,1.08479,1.104171,-0.255803,-3.486014,-0.187506,-0.03835452,-0.02993855,0.9810577,338.2718,356.0477,357.263,0.3035233,-0.06881096,-0.9503359,0,0,0,1.029534,0.2689048,-2.516857,-0.01374388,0.1270785,1.097185,0.9952652,-0.04435948,0.08648328,0.07312627,0.9278904,-0.3656117,-0.06402867,0.3702048,0.9267409,static,-0.9402187024470684,6.296640715410059,-0.717677633311668,6.606691920035931,-0.07463700000000006,0.5247078000000001,0.969157,-0.01631021202092553,0.10966144686162885,0.9938351842120737,-1.043182049020869,6.45215109958005,0.3810958425682459,0.3816494162734709,0.36032761458617785
05/17/2023 16:16:27.928570,4843,True,True,True,True,Eyes,1.11055,-0.2517304,-3.476168,-0.07167815,0.4703375,0.8795708,1.08132,1.033043,0.2568548,-2.525071,0.2339945,-0.8033717,-0.5475768,-0.01113351,0.1196019,1.084739,1.104134,-0.2558506,-3.485887,-0.1873379,-0.03802186,-0.02997236,0.9811018,338.2921,356.0886,357.2506,0.3035312,-0.06881137,-0.9503334,0,0,0,1.029534,0.2689048,-2.516857,-0.01445883,0.1275277,1.097032,0.995312,-0.044566,0.08583654,0.07305773,0.9280124,-0.3653158,-0.06337672,0.3698742,0.9269177,static,-0.9687071264905781,6.3116712016787915,-0.7551119488968207,6.630754277448117,-0.0746,0.5247554,0.9690300000000001,-0.01680387537052349,0.10992125225249036,0.993798199526488,-1.0717852045918523,6.467470103933366,0.3834896751169395,0.3839751412965717,0.3562915550400911
05/17/2023 16:16:27.948677,4844,True,True,True,True,Eyes,1.110536,-0.2517378,-3.476136,-0.07149614,0.4702537,0.8796304,1.0814,1.03322,0.2567945,-2.524904,0.2457718,-0.8073654,-0.5364302,-0.01170606,0.1200884,1.084772,1.104209,-0.2559372,-3.485817,-0.1871058,-0.03772787,-0.03004536,0.9811551,338.3197,356.1255,357.2342,0.3035381,-0.06881201,-0.9503311,0,0,0,1.029534,0.2689048,-2.516857,-0.0152323,0.1281235,1.096937,0.9953477,-0.04484011,0.08527709,0.07307651,0.9281774,-0.3648925,-0.06279045,0.3694266,0.9271361,static,-0.9937425040604927,6.332610099965911,-0.7955702218404116,6.662026627394948,-0.07467500000000005,0.524842,0.96896,-0.017237417187894205,0.11028361533470402,0.9937506108879366,-1.0969765323227207,6.488756108232963,0.3840414683826449,0.38443140088151134,0.3476613823956038
05/17/2023 16:16:27.968540,4845,True,True,True,True,Eyes,1.110534,-0.2517456,-3.4761,-0.07137218,0.4701743,0.879683,1.081473,1.033347,0.256735,-2.524747,0.254281,-0.8115183,-0.5260981,-0.01211429,0.1207228,1.084717,1.10417,-0.2559336,-3.485729,-0.1867833,-0.03744177,-0.02997745,0.9812295,338.3584,356.1582,357.2348,0.3035443,-0.06881285,-0.9503291,0,0,0,1.029534,0.2689048,-2.516857,-0.01578766,0.1288696,1.09676,0.9953989,-0.04484252,0.08467651,0.07281651,0.9284267,-0.3643098,-0.06227937,0.3687994,0.9274202,static,-1.0169660797022055,6.365204817746166,-0.8247053279920871,6.701541303583864,-0.07463600000000015,0.5248383999999999,0.9688720000000002,-0.01763909731412397,0.11084815959945898,0.993680828388471,-1.1204386969189424,6.521832222241937,0.38705834372861164,0.3874098970777482,0.34605430124994374
05/17/2023 16:16:27.978420,4846,True,True,True,True,Eyes,1.110531,-0.2517542,-3.476066,-0.07124689,0.4700665,0.8797507,1.081563,1.033473,0.2566524,-2.52456,0.2626507,-0.8168799,-0.5135386,-0.01252102,0.1212358,1.084671,1.104206,-0.2559355,-3.485609,-0.1865051,-0.03720347,-0.02995265,0.9812923,338.3916,356.186,357.2314,0.3035501,-0.06881388,-0.9503272,0,0,0,1.029534,0.2689048,-2.516857,-0.01634428,0.1295254,1.096572,0.9954374,-0.04490735,0.0841876,0.07266189,0.9286374,-0.3638033,-0.06184232,0.3682607,0.9276635,static,-1.0359334353616148,6.390612005696153,-0.8539237970117725,6.736476129173735,-0.07467200000000007,0.5248402999999999,0.9687520000000003,-0.017967157221452118,0.11128812912475786,0.993625714987642,-1.139592258913535,6.5476178890559975,0.39053880653603024,0.39083180571846615,0.34245277774561544
05/17/2023 16:16:27.998630,4847,True,True,True,True,Eyes,1.110555,-0.251765,-3.476028,-0.07115007,0.4699574,0.8798168,1.081661,1.033595,0.2565697,-2.524364,0.2707407,-0.8223391,-0.5004575,-0.01260986,0.1220689,1.084722,1.104187,-0.2559524,-3.485624,-0.1860718,-0.0370739,-0.02986054,0.9813823,338.4428,356.199,357.2383,0.3035555,-0.06881511,-0.9503253,0,0,0,1.029534,0.2689048,-2.516857,-0.01657566,0.1305088,1.096471,0.9954678,-0.04481239,0.08387975,0.07240602,0.9289713,-0.363001,-0.06165493,0.3674292,0.9280056,static,-1.0430325322390792,6.4346079245643155,-0.8660904152705499,6.787765708666405,-0.07465300000000008,0.5248572,0.9687670000000002,-0.01808870943691747,0.11205082759410612,0.9935377710305673,-1.1470069758727812,6.592172854253364,0.39473807915824405,0.39500497873976564,0.34230202850410957
05/17/2023 16:16:28.018199,4848,True,True,True,True,Eyes,1.110577,-0.2517774,-3.47599,-0.07104605,0.4698332,0.8798916,1.081773,1.033721,0.2564756,-2.524147,0.2790714,-0.8283321,-0.485783,-0.01308186,0.1224577,1.084755,1.104293,-0.255993,-3.485528,-0.1858477,-0.03684725,-0.02988011,0.9814327,338.4695,356.2265,357.23,0.3035612,-0.06881656,-0.9503233,0,0,0,1.029534,0.2689048,-2.516857,-0.01720104,0.1310602,1.096338,0.995499,-0.04495467,0.08343249,0.07234658,0.9291356,-0.3625921,-0.06121989,0.3669961,0.9282058,static,-1.0630927409662432,6.4523152450010635,-0.8988707307454803,6.8169938866788025,-0.07475900000000002,0.5248978,0.9686710000000001,-0.018435921746785232,0.11235716978496926,0.9934968485006183,-1.1671987719520531,6.610169551777714,0.399745647548622,0.39994922219810497,0.33878642712634427
05/17/2023 16:16:28.028370,4849,True,True,True,True,Eyes,1.110648,-0.2517933,-3.475946,-0.07095516,0.4696999,0.8799701,1.081923,1.03388,0.2563859,-2.523886,0.2897364,-0.8345757,-0.4685468,-0.01322088,0.122934,1.08486,1.10426,-0.2560376,-3.485487,-0.1855801,-0.03668782,-0.02987072,0.9814897,338.5012,356.2452,357.2267,0.3035672,-0.06881826,-0.9503213,0,0,0,1.029534,0.2689048,-2.516857,-0.01752707,0.1317095,1.096238,0.9955235,-0.04501854,0.08310425,0.07225265,0.9293356,-0.362098,-0.06093062,0.3664816,0.9284281,static,-1.075687788737003,6.474804934608047,-0.9159886646201515,6.851065521415907,-0.07472600000000007,0.5249424,0.9686300000000001,-0.018653488557710894,0.11274667274469932,0.9934486613983998,-1.1799575328275465,6.632978564481514,0.40857238054450135,0.4087491155081378,0.3424054382856631
05/17/2023 16:16:28.048522,4850,True,True,True,True,Eyes,1.110713,-0.2518035,-3.475899,-0.07085728,0.4695576,0.880054,1.082069,1.03404,0.2562904,-2.523619,0.3003471,-0.8406637,-0.4506398,-0.01344916,0.1236672,1.084887,1.104316,-0.2560812,-3.485384,-0.1852,-0.0365321,-0.02985683,0.9815677,338.546,356.2632,357.2236,0.3035747,-0.06882026,-0.9503188,0,0,0,1.029534,0.2689048,-2.516857,-0.01794494,0.132625,1.096054,0.995548,-0.0450815,0.08277643,0.07214448,0.9296191,-0.3613911,-0.0606585,0.365754,0.9287328,static,-1.0878161013456804,6.509859741110267,-0.9379806766341965,6.899376194934195,-0.07478200000000013,0.524986,0.9685269999999999,-0.01886246963667588,0.11335402795138516,0.9933756632559309,-1.1923390379825336,6.668503022777255,0.41720576411208515,0.4173412540092809,0.3435121505996831
05/17/2023 16:16:28.068474,4851,True,True,True,True,Eyes,1.110826,-0.2518193,-3.47585,-0.07081155,0.4694534,0.8801132,1.082202,1.034194,0.2562241,-2.52339,0.3105313,-0.8450163,-0.4353364,-0.01352612,0.1238901,1.08485,1.104237,-0.2559519,-3.485264,-0.1850037,-0.03638015,-0.0298431,0.9816107,338.5694,356.2809,357.2213,0.3035834,-0.06882238,-0.9503158,0,0,0,1.029534,0.2689048,-2.516857,-0.01819897,0.1329859,1.095833,0.9955718,-0.04512769,0.08246445,0.07204954,0.9297661,-0.3610318,-0.06038012,0.3653746,0.9289002,static,-1.101855576019465,6.525867627830277,-0.9514481904594329,6.919350769642873,-0.07470299999999996,0.5248567,0.968407,-0.01910527127814881,0.1136310322171209,0.9933393137925544,-1.2064963860627502,6.684757188617458,0.4211168182646232,0.4212497650108723,0.34653099477367943
05/17/2023 16:16:28.078022,4852,True,True,True,True,Eyes,1.110933,-0.2518314,-3.475797,-0.07076834,0.4693475,0.8801731,1.08234,1.034337,0.2561621,-2.523151,0.3202022,-0.8493988,-0.4195144,-0.0132957,0.1238286,1.085081,1.104216,-0.2560548,-3.485264,-0.1850242,-0.03634529,-0.02965786,0.9816138,338.5678,356.2809,357.2429,0.3035945,-0.06882475,-0.9503121,0,0,0,1.029534,0.2689048,-2.516857,-0.01813072,0.1330596,1.095873,0.9955989,-0.04477561,0.08232892,0.07167464,0.9297729,-0.3610888,-0.06037922,0.3654005,0.9288901,static,-1.0962570742288744,6.517936807930451,-0.9478461181645322,6.9228979805240884,-0.07468200000000014,0.5249596000000001,0.968407,-0.01900850904859374,0.11349373810802618,0.9933568178958817,-1.200839845557433,6.676709432475702,0.4311797116923872,0.4312996211316975,0.35300797057619815
05/17/2023 16:16:28.098348,4853,True,True,True,True,Eyes,1.111103,-0.2518473,-3.475738,-0.07075388,0.4692561,0.880223,1.082487,1.034512,0.2561163,-2.522908,0.3319594,-0.8526743,-0.4034223,-0.01305515,0.1238829,1.085076,1.104167,-0.2559788,-3.4851,-0.1849473,-0.0363207,-0.02955883,0.9816322,338.5772,356.2815,357.2541,0.3036075,-0.06882723,-0.9503078,0,0,0,1.029534,0.2689048,-2.516857,-0.01808468,0.1332344,1.095668,0.9956142,-0.04459696,0.08224078,0.07146662,0.9298415,-0.3609533,-0.06037348,0.3652477,0.9289505,static,-1.0946635067419752,6.521639212415415,-0.9456165153994613,6.933188481005528,-0.07463299999999995,0.5248836,0.9682430000000002,-0.01898074064045823,0.11355798817092946,0.9933500105494409,-1.1992722580898334,6.680450683872895,0.43758954210723966,0.43770744351143054,0.3580748942599305
05/17/2023 16:16:28.117943,4854,True,True,True,True,Eyes,1.111327,-0.2518614,-3.475672,-0.07077798,0.4691793,0.880262,1.082623,1.034701,0.256083,-2.52268,0.344478,-0.8547955,-0.3881488,-0.01282229,0.1239246,1.085169,1.104217,-0.2560236,-3.484983,-0.1849266,-0.03632251,-0.0294271,0.9816399,338.5801,356.2783,357.27,0.3036239,-0.06882992,-0.9503024,0,0,0,1.029534,0.2689048,-2.516857,-0.01805684,0.133378,1.095572,0.9956295,-0.04433963,0.08219496,0.07120762,0.9298724,-0.3609248,-0.06042755,0.3652003,0.9289657,static,-1.0910861233133364,6.519928246889514,-0.9442437914279663,6.941190460255888,-0.07468300000000005,0.5249284000000001,0.9681260000000003,-0.018918782933262004,0.11352845794618246,0.9933545668763277,-1.1956817258149364,6.67870562390361,0.44601502876749266,0.4461216457916714,0.3634822198728141
05/17/2023 16:16:28.128553,4855,True,True,True,True,Eyes,1.111543,-0.251881,-3.475604,-0.07080443,0.469092,0.8803065,1.082774,1.034877,0.2560398,-2.52243,0.3561563,-0.8574383,-0.3714189,-0.01253498,0.1244204,1.085187,1.104146,-0.2559793,-3.484878,-0.1846538,-0.0363181,-0.02933747,0.9816942,338.6122,356.2763,357.2799,0.3036447,-0.06883271,-0.9502955,0,0,0,1.029534,0.2689048,-2.516857,-0.01796611,0.1339981,1.095379,0.9956406,-0.0441883,0.08214109,0.0710134,0.9300846,-0.3604161,-0.060472,0.3646781,0.9291679,static,-1.0909156726260063,6.546581129460547,-0.9396656181527516,6.974360925585861,-0.07461200000000012,0.5248841,0.9680210000000002,-0.018914822119657906,0.11399055362949093,0.9933018115866391,-1.1957012943225993,6.705680447683654,0.45361550493775255,0.4537313444662799,0.37113806956105927
05/17/2023 16:16:28.148607,4856,True,True,True,True,Eyes,1.111746,-0.2518916,-3.475535,-0.07082874,0.4689667,0.8803713,1.08296,1.035041,0.2559807,-2.522127,0.3670467,-0.8613451,-0.3512284,-0.01230384,0.1249249,1.085302,1.104255,-0.2561958,-3.484688,-0.1844782,-0.03639834,-0.02930182,0.9817252,338.6326,356.2656,357.2856,0.3036693,-0.06883576,-0.9502874,0,0,0,1.029534,0.2689048,-2.516857,-0.01792359,0.1346588,1.095242,0.9956331,-0.04410326,0.08227742,0.07096206,0.9302184,-0.3600807,-0.06065523,0.3643469,0.9292859,static,-1.0824579422098346,6.559253956284452,-0.9375593698343784,7.009275950058279,-0.07472100000000004,0.5251006,0.9678309999999999,-0.018767718028616043,0.11421056831857562,0.9932793266885778,-1.1873316943281904,6.718475004264358,0.4726844579125682,0.4727741439171731,0.3833424111126772
05/17/2023 16:16:28.168113,4857,True,True,True,True,Eyes,1.111993,-0.2519044,-3.475456,-0.07083878,0.4688789,0.8804172,1.083155,1.035263,0.2559642,-2.521828,0.3819745,-0.8627208,-0.3313735,-0.01207655,0.1259177,1.085252,1.104148,-0.2559799,-3.484605,-0.1839043,-0.03636117,-0.02930497,0.9818343,338.6996,356.2693,357.2826,0.303697,-0.06883879,-0.9502783,0,0,0,1.029534,0.2689048,-2.516857,-0.01794425,0.1357701,1.094921,0.9956382,-0.04417128,0.08217988,0.07091919,0.9306408,-0.3589959,-0.06062266,0.3632582,0.9297142,static,-1.0895414417012466,6.620264064741906,-0.9389150074872125,7.068589757231381,-0.07461399999999996,0.5248847,0.9677480000000003,-0.018888194238454024,0.115267906941946,0.9931548456411882,-1.1948521396454466,6.780250022912922,0.47284606161429515,0.47295269238075194,0.385543276434982
05/17/2023 16:16:28.178382,4858,True,True,True,True,Eyes,1.112223,-0.2519221,-3.475376,-0.07085542,0.4687686,0.8804747,1.083361,1.035461,0.2559236,-2.521504,0.3949239,-0.8649618,-0.3096386,-0.01186344,0.1254225,1.085367,1.104027,-0.2558764,-3.484444,-0.1840467,-0.03632287,-0.02939151,0.9818064,338.6828,356.2761,357.2717,0.3037287,-0.06884187,-0.950268,0,0,0,1.029534,0.2689048,-2.516857,-0.01795845,0.1354111,1.094764,0.9956336,-0.04434334,0.08214287,0.07108376,0.930526,-0.3592612,-0.06050523,0.3635315,0.929615,static,-1.0964039303414466,6.5958382717769455,-0.9397926072543895,7.051088372687066,-0.07449300000000014,0.5247812000000001,0.967587,-0.019008087990495214,0.11484425385528535,0.9932017308567256,-1.2015422636561175,6.755554284949642,0.48131953830378404,0.4814351055934264,0.39478257261588223
05/17/2023 16:16:28.198173,4859,True,True,True,True,Eyes,1.112451,-0.2519457,-3.475294,-0.07088476,0.4686486,0.8805362,1.08361,1.03564,0.2558866,-2.521136,0.4070115,-0.8677611,-0.2851886,-0.01136687,0.1262525,1.085526,1.103854,-0.2560099,-3.484331,-0.1836872,-0.03636678,-0.02928491,0.9818752,338.7249,356.2678,357.2845,0.3037636,-0.06884513,-0.9502566,0,0,0,1.029534,0.2689048,-2.516857,-0.01766948,0.136403,1.094598,0.9956397,-0.04414802,0.08217379,0.07086846,0.9308028,-0.3585857,-0.06065674,0.3628457,0.929873,static,-1.0907407596126395,6.630665343157566,-0.9248132269651558,7.103278815349206,-0.07431999999999994,0.5249147000000001,0.9674740000000002,-0.01890858601194386,0.11544816352865833,0.993133599222958,-1.1961259478502742,6.790781675574707,0.5007611714490945,0.5008946398071358,0.41384182350425747
05/17/2023 16:16:28.218048,4860,True,True,True,True,Eyes,1.112672,-0.2519605,-3.475212,-0.07093673,0.468494,0.8806142,1.083876,1.035785,0.2558292,-2.520735,0.4166971,-0.8715337,-0.2584423,-0.01067447,0.1274408,1.085668,1.103791,-0.2561673,-3.4842,-0.1831768,-0.03648381,-0.02887192,0.9819785,338.7856,356.2436,357.3355,0.3038012,-0.06884873,-0.9502443,0,0,0,1.029534,0.2689048,-2.516857,-0.01714693,0.1377925,1.094388,0.9956707,-0.04333722,0.08222996,0.07006916,0.9312253,-0.3576446,-0.06107531,0.361858,0.9302304,static,-1.0684360622920828,6.683001306152142,-0.8976399042345021,7.176250040562672,-0.07425700000000002,0.5250721,0.9673430000000001,-0.01851999030338293,0.11635611630305903,0.9930348841298396,-1.1741885541428363,6.843667594301134,0.5218401785850063,0.5219824150340887,0.43253929223531984
05/17/2023 16:16:28.238007,4861,True,True,True,True,Eyes,1.112894,-0.251972,-3.475129,-0.07097942,0.4683835,0.8806696,1.084111,1.035945,0.2558078,-2.520385,0.4273261,-0.8729894,-0.2351211,-0.009963475,0.1283674,1.085718,1.103834,-0.2559709,-3.484145,-0.1826409,-0.03667341,-0.02854599,0.9820808,338.8488,356.2126,357.3775,0.3038413,-0.06885239,-0.9502312,0,0,0,1.029534,0.2689048,-2.516857,-0.0166147,0.1388659,1.094121,0.9956804,-0.0426728,0.08245984,0.06946506,0.9316549,-0.3566423,-0.06160517,0.3608299,0.9305947,static,-1.0408765948519667,6.740696525615655,-0.869994292632843,7.2333093280379375,-0.07430000000000003,0.5248757,0.9672879999999999,-0.018040196543471942,0.11735705102306374,0.9929259788039538,-1.1470332155233436,6.901957968905912,0.5212571285023528,0.5214097566425496,0.4319077308812254
05/17/2023 16:16:28.248170,4862,True,True,True,True,Eyes,1.113113,-0.2519853,-3.475049,-0.07099199,0.4682736,0.880727,1.084391,1.036129,0.2558064,-2.519996,0.4397981,-0.8733745,-0.2092717,-0.01003406,0.1278047,1.085987,1.104037,-0.255906,-3.48402,-0.1828162,-0.03668277,-0.02871844,0.9820427,338.8277,356.2155,357.3574,0.3038835,-0.06885602,-0.9502174,0,0,0,1.029534,0.2689048,-2.516857,-0.0169054,0.1384252,1.094044,0.9956593,-0.04299306,0.08254848,0.06981788,0.931507,-0.3569598,-0.06154769,0.3611736,0.9304652,static,-1.0450544117229033,6.7120006174925075,-0.8852760859971844,7.211098084093359,-0.07450299999999999,0.5248108,0.9671630000000002,-0.01811366678477897,0.11685958301678481,0.9929832871518397,-1.15100750588052,6.872930388584071,0.5239336766531366,0.5240490382961328,0.4300820593785284
05/17/2023 16:16:28.268531,4863,True,True,True,True,Eyes,1.113305,-0.2520028,-3.474966,-0.07094704,0.4681848,0.8807778,1.08468,1.03635,0.2558278,-2.519604,0.4544043,-0.8717715,-0.1831159,-0.01069819,0.1278202,1.086346,1.10416,-0.2559436,-3.484017,-0.1827439,-0.0364674,-0.0292363,0.9820489,338.8347,356.2531,357.2898,0.3039275,-0.06885966,-0.9502031,0,0,0,1.029534,0.2689048,-2.516857,-0.01783527,0.1385392,1.094039,0.9956307,-0.04409456,0.08231103,0.07075133,0.9314998,-0.3567945,-0.06094003,0.3610592,0.9305496,static,-1.0837138923879972,6.710823808115313,-0.9339659606240535,7.217006824625804,-0.07462600000000008,0.5248484,0.9671600000000002,-0.018783711511009188,0.11683774001698241,0.9929733818679315,-1.189668836926434,6.871884001283546,0.5277876037736775,0.527869007682056,0.42952732641945096
05/17/2023 16:16:28.278239,4864,True,True,True,True,Eyes,1.113483,-0.2520296,-3.474884,-0.07091319,0.4680532,0.8808505,1.085056,1.036538,0.2558343,-2.519112,0.4669826,-0.8713961,-0.1503201,-0.01063447,0.1281613,1.086641,1.103999,-0.25607,-3.483856,-0.1825961,-0.03635634,-0.02932976,0.9820778,338.8519,356.2685,357.2756,0.3039725,-0.06886345,-0.9501883,0,0,0,1.029534,0.2689048,-2.516857,-0.01800272,0.1390374,1.09388,0.9956359,-0.04433116,0.08212052,0.07088527,0.9315968,-0.3565145,-0.06069851,0.3607799,0.9306737,static,-1.0972031328841962,6.7187311223713495,-0.9428701171240088,7.2437263290783624,-0.074465,0.5249748000000001,0.9669989999999999,-0.01901718120005806,0.11697426496322189,0.9929528941757432,-1.203218039064629,6.879937494680274,0.5471284430783397,0.5472098745627435,0.4473514909906072
05/17/2023 16:16:28.298797,4865,True,True,True,True,Eyes,1.113641,-0.2520526,-3.474803,-0.07085796,0.4678908,0.8809412,1.0855,1.036725,0.2558428,-2.518542,0.4792404,-0.8704777,-0.1122372,-0.01011764,0.129671,1.087005,1.103842,-0.2563126,-3.483783,-0.1819588,-0.03639759,-0.02915499,0.9821997,338.9267,356.2586,357.2957,0.3040181,-0.06886764,-0.9501734,0,0,0,1.029534,0.2689048,-2.516857,-0.01771443,0.1407404,1.093708,0.9956504,-0.04402631,0.08210941,0.07051776,0.9320819,-0.3553174,-0.0608894,0.3595621,0.9311324,static,-1.0857232185975096,6.7837883775505095,-0.9279198259849406,7.332631979698682,-0.07430800000000004,0.5252174000000001,0.966926,-0.018815700789516485,0.11810209923314621,0.9928232031121982,-1.1921990130746842,6.9457391776811335,0.5709952689477431,0.57107898782832,0.46853978377700856
05/17/2023 16:16:28.318263,4866,True,True,True,True,Eyes,1.113796,-0.2520804,-3.474729,-0.07080781,0.4676972,0.881048,1.086065,1.036894,0.2558692,-2.517854,0.4906035,-0.8688475,-0.06642447,-0.009732991,0.1312343,1.087326,1.103783,-0.2562471,-3.483699,-0.1811507,-0.03645056,-0.0290551,0.9823502,339.0211,356.2488,357.3065,0.3040636,-0.06887209,-0.9501585,0,0,0,1.029534,0.2689048,-2.516857,-0.01755185,0.1425223,1.093371,0.9956543,-0.04387846,0.08214112,0.07029064,0.9326804,-0.3537887,-0.06108772,0.358025,0.9317116,static,-1.0764428475442247,6.86618973211244,-0.919688336959937,7.426703126743533,-0.07424900000000001,0.5251519,0.9668420000000002,-0.018651679022760756,0.11953019424718392,0.9926553493945915,-1.1835037955543477,7.029103105939345,0.5819379635352316,0.5820199671397799,0.47716283670972276
05/17/2023 16:16:28.328482,4867,True,True,True,True,Eyes,1.113948,-0.252111,-3.474656,-0.07079241,0.467518,0.8811443,1.086645,1.037022,0.2559153,-2.517164,0.49934,-0.8661641,-0.02047694,-0.009632379,0.1322792,1.088,1.103858,-0.2563805,-3.483819,-0.1806312,-0.03642938,-0.02893438,0.9824502,339.0821,356.2479,357.319,0.3041091,-0.06887689,-0.9501436,0,0,0,1.029534,0.2689048,-2.516857,-0.01763066,0.1437667,1.093382,0.9956714,-0.04369261,0.08203301,0.07001374,0.9330704,-0.3528142,-0.0611272,0.3570304,0.9320905,static,-1.0753134449653683,6.915854204635414,-0.9238078459817913,7.490739871808348,-0.07432400000000006,0.5252853,0.9669620000000001,-0.01863016015690025,0.12039063536357206,0.9925517291856288,-1.1827282560429198,7.079364439828913,0.5944464495412702,0.5945144883383766,0.48607563689459854
05/17/2023 16:16:28.353137,4868,True,True,True,True,Eyes,1.114093,-0.2521399,-3.474584,-0.07077882,0.4673167,0.8812522,1.087315,1.037134,0.2559806,-2.516386,0.5066572,-0.8615736,0.03145399,-0.009458877,0.1330607,1.088604,1.103913,-0.2564773,-3.483743,-0.1802417,-0.03644112,-0.02881904,0.9825246,339.1278,356.2433,357.332,0.3041543,-0.06888209,-0.9501288,0,0,0,1.029534,0.2689048,-2.516857,-0.01762713,0.1447597,1.093234,0.995683,-0.04349441,0.08199736,0.06976725,0.9333647,-0.3520835,-0.0612198,0.3562842,0.9323699,static,-1.0701016246544057,6.948980358736346,-0.9237479304822113,7.542894274604078,-0.07437899999999997,0.5253821000000001,0.9668860000000001,-0.018538571436438715,0.12096467875186037,0.9924836761014652,-1.1777512808242157,7.11287201599046,0.6116263857924238,0.6116805892450661,0.4994365273867343
05/17/2023 16:16:28.368175,4869,True,True,True,True,Eyes,1.114222,-0.2521696,-3.474516,-0.07081116,0.4671553,0.8813351,1.087928,1.037184,0.2560616,-2.515687,0.5102064,-0.8565,0.07808479,-0.009356447,0.1337885,1.089142,1.103877,-0.2564589,-3.483721,-0.1798355,-0.03642844,-0.02878076,0.9826007,339.1753,356.2434,357.3351,0.3041991,-0.06888761,-0.9501141,0,0,0,1.029534,0.2689048,-2.516857,-0.01762811,0.1456582,1.093084,0.9956893,-0.04345772,0.08194081,0.06966223,0.9336618,-0.3513161,-0.06123761,0.3555098,0.9326643,static,-1.0731618446917006,6.9859575908357066,-0.9239260260720896,7.590197064793819,-0.07434300000000005,0.5253637,0.9668640000000002,-0.018590114214566675,0.12160505304168795,0.9924043893085438,-1.1810759999428453,7.150308233861623,0.6223389384452943,0.6223959121397263,0.5095373319400888
05/17/2023 16:16:28.378366,4870,True,True,True,True,Eyes,1.114342,-0.252191,-3.474452,-0.07085294,0.4670023,0.8814129,1.08851,1.037217,0.2561457,-2.515025,0.5120364,-0.8502396,0.1221128,-0.009079799,0.1339199,1.08977,1.103848,-0.2565249,-3.483707,-0.1797445,-0.03648225,-0.02868417,0.9826181,339.1861,356.2346,357.3476,0.3042432,-0.06889343,-0.9500995,0,0,0,1.029534,0.2689048,-2.516857,-0.01743282,0.1459432,1.093066,0.9956926,-0.0432562,0.08200788,0.06948613,0.9337382,-0.3511475,-0.06138459,0.3553334,0.9327219,static,-1.0659814414781918,6.987309727410387,-0.9137072582515536,7.604998435047355,-0.07431399999999999,0.5254297,0.96685,-0.018465691502687037,0.1216287616548822,0.9924038745258763,-1.173903336595368,7.15164986601522,0.6361220177049278,0.6361813942733373,0.5227111288551108
05/17/2023 16:16:28.398417,4871,True,True,True,True,Eyes,1.114445,-0.2522092,-3.474389,-0.07091921,0.4669266,0.8814477,1.0889,1.037221,0.2562274,-2.51458,0.5124784,-0.8451713,0.1518266,-0.008642927,0.1336157,1.090194,1.103758,-0.2563472,-3.48375,-0.1797729,-0.03660293,-0.0286151,0.9826103,339.1828,356.2186,357.3587,0.3042863,-0.06889929,-0.9500853,0,0,0,1.029534,0.2689048,-2.516857,-0.01703025,0.1457194,1.093049,0.9956828,-0.04307454,0.08222127,0.06939542,0.9337258,-0.3511986,-0.0616444,0.3553883,0.9326839,static,-1.0536233060281741,6.979656504278013,-0.8926246714851718,7.593589277316354,-0.07422400000000007,0.525252,0.9668930000000002,-0.0182519371902378,0.12149668091529053,0.9924240299817643,-1.161487351123938,7.143857771629291,0.6346127818776738,0.6346920592974654,0.5239709607507753
05/17/2023 16:16:28.418021,4872,True,True,True,True,Eyes,1.11454,-0.2522345,-3.474322,-0.07100219,0.4668527,0.8814801,1.08927,1.037199,0.2562944,-2.514152,0.5109311,-0.8404977,0.1803137,-0.008063108,0.1327468,1.090663,1.103738,-0.2563145,-3.483707,-0.180123,-0.03685547,-0.02862917,0.9825365,339.1413,356.189,357.3637,0.3043281,-0.06890512,-0.9500715,0,0,0,1.029534,0.2689048,-2.516857,-0.0164613,0.144937,1.093107,0.9956441,-0.04298136,0.08273721,0.06953543,0.9334722,-0.3518445,-0.06211013,0.3560651,0.9323947,static,-1.0290299469025088,6.934356953380737,-0.8627625003448791,7.552893442810284,-0.07420400000000016,0.5252193000000001,0.96685,-0.017827668549644765,0.12071292398367497,0.9925273222413031,-1.1365644407102558,7.097917932516091,0.6404026966081916,0.6404937568318848,0.531008679322011
